 0 7.6621E-04 1.7993E-03 8.0214E-04 0.0000E+00 1.0452E-02 4.4081E-03 9.2529E-04 0.0000E+00 0.0000E+00 0.0000E+00 0.0000E+00 0.0000E+00 0.0000E+00 0.0000E+00 0.0000E+00 0.0000E+00 0.0000E+00 0.0000E+00 0.0000E+00 0.0000E+00 0.0000E+00 0.0000E+00 1.0807E-05 0
 0 7.2342E-04 1.7767E-03 8.2994E-04 0.0000E+00 1.1328E-02 3.7567E-03 2.0460E-03 0.0000E+00 0.0000E+00 0.0000E+00 0.0000E+00 0.0000E+00 0.0000E+00 0.0000E+00 0.0000E+00 0.0000E+00 0.0000E+00 0.0000E+00 0.0000E+00 0.0000E+00 0.0000E+00 0.0000E+00 1.8633E-06 0
 0 7.7518E-04 1.7993E-03 9.9128E-04 0.0000E+00 1.1075E-02 6.3332E-03 8.5230E-03 0.0000E+00 0.0000E+00 0.0000E+00 0.0000E+00 0.0000E+00 0.0000E+00 0.0000E+00 0.0000E+00 0.0000E+00 0.0000E+00 0.0000E+00 0.0000E+00 0.0000E+00 0.0000E+00 0.0000E+00 2.2359E-06 0
 0 8.2179E-04 2.2900E-03 1.0420E-03 3.6534E-06 8.7322E-03 3.8581E-03 0.0000E+00 0.0000E+00 0.0000E+00 0.0000E+00 0.0000E+00 0.0000E+00 0.0000E+00 0.0000E+00 0.0000E+00 0.0000E+00 0.0000E+00 0.0000E+00 0.0000E+00 0.0000E+00 0.0000E+00 0.0000E+00 0.0000E+00 0
 0 9.1062E-04 1.9629E-03 1.2330E-03 0.0000E+00 5.2815E-03 3.5724E-03 0.0000E+00 0.0000E+00 0.0000E+00 0.0000E+00 0.0000E+00 0.0000E+00 0.0000E+00 0.0000E+00 0.0000E+00 0.0000E+00 0.0000E+00 0.0000E+00 0.0000E+00 0.0000E+00 0.0000E+00 0.0000E+00 1.8633E-06 0
 0 8.7394E-04 2.3027E-03 1.5705E-03 2.5208E-04 7.4437E-03 1.8690E-03 0.0000E+00 0.0000E+00 0.0000E+00 0.0000E+00 0.0000E+00 0.0000E+00 0.0000E+00 0.0000E+00 0.0000E+00 0.0000E+00 0.0000E+00 0.0000E+00 0.0000E+00 0.0000E+00 0.0000E+00 0.0000E+00 0.0000E+00 0
 0 9.6334E-04 2.8951E-03 1.8614E-03 3.6534E-06 5.4090E-03 1.0066E-03 0.0000E+00 0.0000E+00 0.0000E+00 0.0000E+00 0.0000E+00 0.0000E+00 0.0000E+00 0.0000E+00 0.0000E+00 0.0000E+00 0.0000E+00 0.0000E+00 0.0000E+00 0.0000E+00 0.0000E+00 0.0000E+00 2.0869E-05 0
 0 9.7309E-04 2.8871E-03 2.3730E-03 1.3883E-04 4.9594E-03 5.6443E-03 0.0000E+00 0.0000E+00 0.0000E+00 0.0000E+00 0.0000E+00 0.0000E+00 0.0000E+00 0.0000E+00 0.0000E+00 0.0000E+00 0.0000E+00 0.0000E+00 0.0000E+00 0.0000E+00 0.0000E+00 0.0000E+00 9.7263E-05 0
 0 9.0833E-04 3.4025E-03 3.0651E-03 6.3568E-04 5.2862E-03 4.0904E-03 0.0000E+00 0.0000E+00 0.0000E+00 0.0000E+00 0.0000E+00 0.0000E+00 0.0000E+00 0.0000E+00 0.0000E+00 0.0000E+00 0.0000E+00 0.0000E+00 0.0000E+00 0.0000E+00 0.0000E+00 0.0000E+00 2.1987E-05 0
 0 1.0547E-03 4.3241E-03 3.9233E-03 5.3339E-04 4.6720E-03 2.3095E-03 0.0000E+00 0.0000E+00 0.0000E+00 0.0000E+00 0.0000E+00 0.0000E+00 0.0000E+00 0.0000E+00 0.0000E+00 0.0000E+00 0.0000E+00 0.0000E+00 0.0000E+00 0.0000E+00 0.0000E+00 0.0000E+00 4.4346E-05 0
 0 9.7882E-04 4.7184E-03 4.7474E-03 5.9550E-04 4.8342E-03 5.8713E-03 0.0000E+00 0.0000E+00 0.0000E+00 0.0000E+00 0.0000E+00 0.0000E+00 0.0000E+00 0.0000E+00 0.0000E+00 0.0000E+00 0.0000E+00 0.0000E+00 0.0000E+00 0.0000E+00 0.0000E+00 0.0000E+00 5.2544E-05 0
 0 1.0986E-03 5.3886E-03 5.8976E-03 2.2158E-03 2.1761E-03 0.0000E+00 0.0000E+00 0.0000E+00 0.0000E+00 0.0000E+00 0.0000E+00 0.0000E+00 0.0000E+00 0.0000E+00 0.0000E+00 0.0000E+00 0.0000E+00 0.0000E+00 0.0000E+00 0.0000E+00 0.0000E+00 0.0000E+00 4.3601E-05 0
 0 1.0550E-03 6.2132E-03 7.3847E-03 1.5582E-03 2.5052E-03 0.0000E+00 0.0000E+00 0.0000E+00 0.0000E+00 0.0000E+00 0.0000E+00 0.0000E+00 0.0000E+00 0.0000E+00 0.0000E+00 0.0000E+00 0.0000E+00 0.0000E+00 0.0000E+00 0.0000E+00 0.0000E+00 0.0000E+00 1.0583E-04 0
 0 1.2153E-03 7.0503E-03 8.8889E-03 3.8799E-03 1.0637E-03 0.0000E+00 0.0000E+00 0.0000E+00 0.0000E+00 0.0000E+00 0.0000E+00 0.0000E+00 0.0000E+00 0.0000E+00 0.0000E+00 0.0000E+00 0.0000E+00 0.0000E+00 0.0000E+00 0.0000E+00 0.0000E+00 0.0000E+00 1.0062E-04 0
 0 1.1643E-03 8.4380E-03 1.0499E-02 5.8216E-03 9.5248E-04 0.0000E+00 0.0000E+00 0.0000E+00 0.0000E+00 0.0000E+00 0.0000E+00 0.0000E+00 0.0000E+00 0.0000E+00 0.0000E+00 0.0000E+00 0.0000E+00 0.0000E+00 0.0000E+00 0.0000E+00 0.0000E+00 0.0000E+00 2.2136E-04 0
 0 1.2808E-03 8.8257E-03 1.2354E-02 5.6846E-03 1.2259E-03 0.0000E+00 0.0000E+00 0.0000E+00 0.0000E+00 0.0000E+00 0.0000E+00 0.0000E+00 0.0000E+00 0.0000E+00 0.0000E+00 0.0000E+00 0.0000E+00 0.0000E+00 0.0000E+00 0.0000E+00 9.0922E-05 0.0000E+00 1.5689E-04 0
 0 1.3209E-03 9.9448E-03 1.3970E-02 8.8393E-03 6.3035E-04 0.0000E+00 0.0000E+00 0.0000E+00 0.0000E+00 0.0000E+00 0.0000E+00 0.0000E+00 0.0000E+00 0.0000E+00 0.0000E+00 0.0000E+00 0.0000E+00 0.0000E+00 0.0000E+00 0.0000E+00 6.7109E-04 0.0000E+00 3.0148E-04 0
 0 1.2319E-03 1.0364E-02 1.5539E-02 1.1433E-02 7.8099E-04 0.0000E+00 0.0000E+00 0.0000E+00 0.0000E+00 0.0000E+00 0.0000E+00 0.0000E+00 0.0000E+00 0.0000E+00 0.0000E+00 0.0000E+00 0.0000E+00 0.0000E+00 0.0000E+00 0.0000E+00 1.7600E-03 0.0000E+00 3.2421E-04 0
 0 1.2833E-03 1.1645E-02 1.6793E-02 1.2416E-02 7.4854E-04 0.0000E+00 0.0000E+00 0.0000E+00 0.0000E+00 0.0000E+00 0.0000E+00 0.0000E+00 0.0000E+00 0.0000E+00 0.0000E+00 0.0000E+00 0.0000E+00 0.0000E+00 0.0000E+00 0.0000E+00 3.6412E-03 0.0000E+00 6.0147E-04 0
 0 1.3053E-03 1.2787E-02 1.8484E-02 1.8601E-02 1.1541E-03 0.0000E+00 0.0000E+00 0.0000E+00 0.0000E+00 0.0000E+00 0.0000E+00 0.0000E+00 0.0000E+00 0.0000E+00 0.0000E+00 0.0000E+00 0.0000E+00 0.0000E+00 0.0000E+00 0.0000E+00 7.7370E-03 0.0000E+00 5.3364E-04 0
 0 1.3053E-03 1.2241E-02 1.8841E-02 1.6844E-02 6.2340E-04 0.0000E+00 0.0000E+00 0.0000E+00 0.0000E+00 0.0000E+00 0.0000E+00 0.0000E+00 0.0000E+00 0.0000E+00 0.0000E+00 0.0000E+00 0.0000E+00 0.0000E+00 0.0000E+00 0.0000E+00 1.3205E-02 0.0000E+00 9.2791E-04 0
 0 1.5834E-03 1.3789E-02 1.9384E-02 2.0294E-02 8.4588E-04 0.0000E+00 0.0000E+00 0.0000E+00 0.0000E+00 0.0000E+00 0.0000E+00 0.0000E+00 0.0000E+00 0.0000E+00 0.0000E+00 0.0000E+00 0.0000E+00 0.0000E+00 0.0000E+00 0.0000E+00 2.5105E-02 0.0000E+00 9.1412E-04 0
 0 1.4201E-03 1.3378E-02 1.9287E-02 2.0146E-02 6.4194E-04 0.0000E+00 0.0000E+00 0.0000E+00 0.0000E+00 0.0000E+00 0.0000E+00 0.0000E+00 0.0000E+00 0.0000E+00 0.0000E+00 0.0000E+00 0.0000E+00 0.0000E+00 0.0000E+00 0.0000E+00 2.5218E-02 0.0000E+00 1.1720E-03 0
 0 1.4195E-03 1.3594E-02 1.8809E-02 2.3645E-02 4.7276E-04 0.0000E+00 0.0000E+00 0.0000E+00 0.0000E+00 0.0000E+00 0.0000E+00 0.0000E+00 0.0000E+00 0.0000E+00 0.0000E+00 0.0000E+00 0.0000E+00 0.0000E+00 0.0000E+00 0.0000E+00 3.7220E-02 1.0136E-04 1.5931E-03 0
 0 1.3974E-03 1.3081E-02 1.8782E-02 2.5672E-02 3.9397E-04 0.0000E+00 0.0000E+00 0.0000E+00 0.0000E+00 0.0000E+00 0.0000E+00 0.0000E+00 0.0000E+00 0.0000E+00 0.0000E+00 0.0000E+00 0.0000E+00 0.0000E+00 0.0000E+00 0.0000E+00 4.8243E-02 3.3949E-04 2.0217E-03 0
 0 1.4428E-03 1.3602E-02 1.7756E-02 2.4799E-02 1.3905E-04 0.0000E+00 0.0000E+00 0.0000E+00 0.0000E+00 0.0000E+00 0.0000E+00 0.0000E+00 0.0000E+00 0.0000E+00 0.0000E+00 0.0000E+00 0.0000E+00 0.0000E+00 0.0000E+00 0.0000E+00 4.1880E-02 7.2782E-04 2.1756E-03 0
 0 1.5060E-03 1.3623E-02 1.6752E-02 2.6523E-02 2.9664E-04 0.0000E+00 0.0000E+00 0.0000E+00 0.0000E+00 0.0000E+00 0.0000E+00 0.0000E+00 0.0000E+00 0.0000E+00 0.0000E+00 0.0000E+00 0.0000E+00 0.0000E+00 0.0000E+00 0.0000E+00 4.5533E-02 1.6144E-03 2.7491E-03 0
 0 1.4982E-03 1.3716E-02 1.5635E-02 2.3487E-02 5.7937E-05 0.0000E+00 0.0000E+00 0.0000E+00 0.0000E+00 0.0000E+00 0.0000E+00 0.0000E+00 0.0000E+00 0.0000E+00 0.0000E+00 0.0000E+00 0.0000E+00 0.0000E+00 0.0000E+00 0.0000E+00 4.5154E-02 4.4084E-03 3.0155E-03 0
 0 1.4743E-03 1.3605E-02 1.4449E-02 2.7009E-02 1.1101E-03 0.0000E+00 0.0000E+00 0.0000E+00 0.0000E+00 0.0000E+00 0.0000E+00 0.0000E+00 0.0000E+00 0.0000E+00 0.0000E+00 0.0000E+00 0.0000E+00 0.0000E+00 0.0000E+00 0.0000E+00 3.8246E-02 7.6140E-03 3.6949E-03 0
 0 1.5360E-03 1.3098E-02 1.3247E-02 2.5658E-02 2.6419E-04 0.0000E+00 0.0000E+00 0.0000E+00 0.0000E+00 0.0000E+00 0.0000E+00 0.0000E+00 0.0000E+00 0.0000E+00 0.0000E+00 0.0000E+00 0.0000E+00 0.0000E+00 0.0000E+00 0.0000E+00 2.6062E-02 1.2455E-02 4.0332E-03 0
 0 1.4560E-03 1.2489E-02 1.2203E-02 2.4437E-02 2.5029E-04 0.0000E+00 0.0000E+00 0.0000E+00 0.0000E+00 0.0000E+00 0.0000E+00 0.0000E+00 0.0000E+00 0.0000E+00 0.0000E+00 0.0000E+00 0.0000E+00 0.0000E+00 0.0000E+00 0.0000E+00 2.4272E-02 2.1048E-02 4.4834E-03 0
 0 1.6235E-03 1.1890E-02 1.0937E-02 2.1376E-02 4.2410E-04 0.0000E+00 0.0000E+00 0.0000E+00 0.0000E+00 0.0000E+00 0.0000E+00 0.0000E+00 0.0000E+00 0.0000E+00 0.0000E+00 0.0000E+00 0.0000E+00 0.0000E+00 0.0000E+00 0.0000E+00 1.7628E-02 3.0522E-02 4.9947E-03 0
 0 1.6077E-03 1.1402E-02 9.8135E-03 1.9955E-02 4.9826E-04 0.0000E+00 0.0000E+00 0.0000E+00 0.0000E+00 0.0000E+00 0.0000E+00 0.0000E+00 0.0000E+00 0.0000E+00 0.0000E+00 0.0000E+00 0.0000E+00 0.0000E+00 0.0000E+00 1.0458E-04 1.1883E-02 3.8273E-02 5.6994E-03 0
 0 1.5863E-03 1.0568E-02 8.6185E-03 1.9681E-02 6.2572E-04 0.0000E+00 0.0000E+00 0.0000E+00 0.0000E+00 0.0000E+00 0.0000E+00 0.0000E+00 0.0000E+00 0.0000E+00 0.0000E+00 0.0000E+00 0.0000E+00 0.0000E+00 0.0000E+00 1.8526E-04 8.4276E-03 4.5812E-02 6.3448E-03 0
 0 1.6016E-03 1.0107E-02 7.7893E-03 1.6751E-02 7.8794E-04 6.8084E-04 0.0000E+00 0.0000E+00 0.0000E+00 0.0000E+00 0.0000E+00 0.0000E+00 7.5711E-03 0.0000E+00 0.0000E+00 0.0000E+00 0.0000E+00 0.0000E+00 0.0000E+00 3.6156E-04 7.1417E-03 5.5248E-02 6.6120E-03 0
 0 1.7414E-03 1.0323E-02 6.9181E-03 1.3881E-02 6.3962E-04 1.8690E-05 0.0000E+00 0.0000E+00 0.0000E+00 6.3898E-03 0.0000E+00 0.0000E+00 0.0000E+00 0.0000E+00 0.0000E+00 0.0000E+00 0.0000E+00 0.0000E+00 0.0000E+00 1.3028E-03 4.7063E-03 5.8221E-02 7.4624E-03 0
 0 1.7385E-03 9.3836E-03 6.1778E-03 1.3952E-02 6.5353E-04 1.6020E-04 0.0000E+00 0.0000E+00 0.0000E+00 0.0000E+00 0.0000E+00 0.0000E+00 0.0000E+00 0.0000E+00 0.0000E+00 0.0000E+00 0.0000E+00 0.0000E+00 0.0000E+00 1.5239E-03 2.7904E-03 5.6863E-02 8.1742E-03 0
 0 1.7146E-03 8.6375E-03 5.4733E-03 1.2589E-02 9.0845E-04 0.0000E+00 0.0000E+00 0.0000E+00 0.0000E+00 0.0000E+00 0.0000E+00 0.0000E+00 0.0000E+00 0.0000E+00 0.0000E+00 0.0000E+00 0.0000E+00 0.0000E+00 0.0000E+00 4.1923E-03 2.0111E-03 5.7755E-02 8.6724E-03 0
 0 1.8476E-03 8.2060E-03 4.8982E-03 1.0934E-02 1.0313E-03 0.0000E+00 0.0000E+00 0.0000E+00 0.0000E+00 0.0000E+00 0.0000E+00 0.0000E+00 0.0000E+00 0.0000E+00 0.0000E+00 0.0000E+00 0.0000E+00 0.0000E+00 0.0000E+00 4.9811E-03 9.2654E-04 5.5870E-02 8.9020E-03 0
 0 1.7970E-03 8.1029E-03 4.3443E-03 9.9919E-03 1.0313E-03 2.1360E-05 0.0000E+00 0.0000E+00 0.0000E+00 0.0000E+00 0.0000E+00 0.0000E+00 0.0000E+00 0.0000E+00 0.0000E+00 0.0000E+00 0.0000E+00 0.0000E+00 0.0000E+00 6.8905E-03 6.4078E-04 4.8528E-02 9.0361E-03 0
 0 1.8296E-03 7.1414E-03 3.8793E-03 8.6493E-03 1.1564E-03 6.4880E-04 0.0000E+00 0.0000E+00 0.0000E+00 0.0000E+00 0.0000E+00 0.0000E+00 0.0000E+00 0.0000E+00 0.0000E+00 0.0000E+00 0.0000E+00 0.0000E+00 0.0000E+00 4.9214E-03 2.6194E-04 4.4410E-02 9.5769E-03 0
 0 1.8499E-03 6.7431E-03 3.5137E-03 6.7386E-03 1.0799E-03 5.8472E-04 0.0000E+00 0.0000E+00 0.0000E+00 0.0000E+00 0.0000E+00 0.0000E+00 0.0000E+00 0.0000E+00 0.0000E+00 0.0000E+00 0.0000E+00 0.0000E+00 0.0000E+00 5.5011E-03 1.9916E-04 3.8389E-02 1.0203E-02 0
 0 1.8661E-03 6.5516E-03 3.1068E-03 6.6290E-03 1.3117E-03 5.7938E-04 0.0000E+00 0.0000E+00 0.0000E+00 0.0000E+00 0.0000E+00 0.0000E+00 0.0000E+00 0.0000E+00 0.0000E+00 0.0000E+00 0.0000E+00 0.0000E+00 0.0000E+00 4.8467E-03 1.8401E-04 3.2702E-02 1.0194E-02 0
 0 1.8912E-03 5.8927E-03 2.7715E-03 5.1658E-03 1.8656E-03 6.1142E-04 0.0000E+00 1.5895E-03 0.0000E+00 0.0000E+00 0.0000E+00 5.9778E-03 0.0000E+00 0.0000E+00 0.0000E+00 0.0000E+00 0.0000E+00 0.0000E+00 0.0000E+00 1.2284E-02 6.2780E-05 2.7517E-02 1.0981E-02 0
 0 1.9265E-03 5.9459E-03 2.5421E-03 4.6781E-03 1.7497E-03 8.9444E-04 0.0000E+00 4.2866E-03 0.0000E+00 0.0000E+00 0.0000E+00 1.3166E-03 0.0000E+00 0.0000E+00 0.0000E+00 0.0000E+00 0.0000E+00 0.0000E+00 0.0000E+00 1.3530E-02 7.5768E-05 2.0751E-02 1.0984E-02 0
 0 1.9254E-03 5.4345E-03 2.2694E-03 4.6032E-03 2.2109E-03 8.6507E-04 0.0000E+00 0.0000E+00 0.0000E+00 0.0000E+00 0.0000E+00 0.0000E+00 0.0000E+00 0.0000E+00 0.0000E+00 0.0000E+00 0.0000E+00 0.0000E+00 0.0000E+00 1.5950E-02 1.5154E-05 1.7879E-02 1.0967E-02 0
 0 1.8936E-03 5.1699E-03 2.0700E-03 3.8908E-03 2.0347E-03 9.2648E-04 0.0000E+00 3.4757E-03 0.0000E+00 0.0000E+00 0.0000E+00 0.0000E+00 0.0000E+00 0.0000E+00 0.0000E+00 0.0000E+00 0.0000E+00 0.0000E+00 0.0000E+00 1.6936E-02 1.1257E-04 1.2778E-02 1.0993E-02 0
 0 1.9517E-03 4.7111E-03 1.9072E-03 2.6048E-03 2.0672E-03 4.2987E-04 0.0000E+00 2.4004E-03 0.0000E+00 0.0000E+00 0.0000E+00 7.2944E-03 0.0000E+00 0.0000E+00 0.0000E+00 0.0000E+00 0.0000E+00 0.0000E+00 0.0000E+00 2.1891E-02 0.0000E+00 1.0624E-02 1.1239E-02 0
 0 1.9364E-03 4.7736E-03 1.7468E-03 3.4305E-03 2.3059E-03 1.0626E-03 0.0000E+00 0.0000E+00 0.0000E+00 0.0000E+00 0.0000E+00 0.0000E+00 0.0000E+00 0.0000E+00 0.0000E+00 0.0000E+00 0.0000E+00 0.0000E+00 0.0000E+00 1.9351E-02 0.0000E+00 8.1648E-03 1.1308E-02 0
 0 2.0667E-03 4.4823E-03 1.5871E-03 3.3246E-03 2.5909E-03 8.0633E-04 0.0000E+00 0.0000E+00 0.0000E+00 0.0000E+00 0.0000E+00 0.0000E+00 0.0000E+00 0.0000E+00 0.0000E+00 0.0000E+00 0.0000E+00 0.0000E+00 0.0000E+00 2.1305E-02 0.0000E+00 6.6066E-03 1.1319E-02 0
 0 2.1105E-03 4.0900E-03 1.4789E-03 2.9994E-03 3.1193E-03 5.9540E-04 0.0000E+00 0.0000E+00 0.0000E+00 0.0000E+00 0.0000E+00 0.0000E+00 0.0000E+00 0.0000E+00 0.0000E+00 0.0000E+00 0.0000E+00 0.0000E+00 0.0000E+00 1.9408E-02 0.0000E+00 5.3268E-03 1.0968E-02 0
 0 2.1292E-03 3.9125E-03 1.3736E-03 2.0130E-03 3.0173E-03 1.4952E-04 0.0000E+00 0.0000E+00 0.0000E+00 0.0000E+00 0.0000E+00 0.0000E+00 0.0000E+00 0.0000E+00 0.0000E+00 0.0000E+00 0.0000E+00 0.0000E+00 0.0000E+00 1.8209E-02 3.0307E-05 4.1056E-03 1.1074E-02 0
 0 2.1131E-03 3.6458E-03 1.2917E-03 2.4094E-03 3.6338E-03 2.6433E-04 0.0000E+00 0.0000E+00 0.0000E+00 0.0000E+00 0.0000E+00 0.0000E+00 0.0000E+00 0.0000E+00 0.0000E+00 0.0000E+00 0.0000E+00 0.0000E+00 7.6448E-04 2.3331E-02 0.0000E+00 2.8185E-03 1.0699E-02 0
 0 2.1387E-03 3.6000E-03 1.2166E-03 1.8888E-03 2.9594E-03 1.1508E-03 0.0000E+00 0.0000E+00 0.0000E+00 0.0000E+00 0.0000E+00 0.0000E+00 0.0000E+00 0.0000E+00 0.0000E+00 0.0000E+00 0.0000E+00 0.0000E+00 1.7696E-05 2.5381E-02 0.0000E+00 2.5132E-03 1.0524E-02 0
 0 2.1884E-03 3.5235E-03 1.1384E-03 2.0386E-03 4.1622E-03 4.3521E-04 0.0000E+00 0.0000E+00 0.0000E+00 0.0000E+00 0.0000E+00 0.0000E+00 0.0000E+00 0.0000E+00 0.0000E+00 0.0000E+00 0.0000E+00 0.0000E+00 0.0000E+00 2.1051E-02 1.9483E-05 2.0271E-03 1.0264E-02 0
 0 2.2073E-03 3.2961E-03 1.0839E-03 2.1244E-03 3.6407E-03 5.0729E-04 0.0000E+00 0.0000E+00 0.0000E+00 0.0000E+00 0.0000E+00 0.0000E+00 0.0000E+00 0.0000E+00 0.0000E+00 0.0000E+00 0.0000E+00 0.0000E+00 9.5561E-05 2.2390E-02 0.0000E+00 1.4605E-03 9.9883E-03 0
 0 2.2281E-03 3.0846E-03 1.0311E-03 1.6769E-03 4.6118E-03 3.6045E-04 0.0000E+00 0.0000E+00 0.0000E+00 0.0000E+00 0.0000E+00 0.0000E+00 0.0000E+00 0.0000E+00 0.0000E+00 0.0000E+00 0.0000E+00 0.0000E+00 0.0000E+00 2.2423E-02 0.0000E+00 1.1320E-03 9.7427E-03 0
 0 2.2482E-03 3.0454E-03 9.9640E-04 1.8870E-03 4.2618E-03 9.4250E-04 0.0000E+00 0.0000E+00 0.0000E+00 0.0000E+00 0.0000E+00 0.0000E+00 0.0000E+00 0.0000E+00 0.0000E+00 0.0000E+00 0.0000E+00 0.0000E+00 3.6809E-04 2.2745E-02 0.0000E+00 9.8060E-04 9.8057E-03 0
 0 2.3221E-03 2.8719E-03 9.5990E-04 1.6458E-03 4.9107E-03 1.1988E-03 0.0000E+00 0.0000E+00 0.0000E+00 0.0000E+00 0.0000E+00 0.0000E+00 0.0000E+00 0.0000E+00 0.0000E+00 0.0000E+00 0.0000E+00 0.0000E+00 1.3768E-03 2.2497E-02 0.0000E+00 8.0475E-04 9.4379E-03 0
 0 2.3848E-03 2.8399E-03 9.4052E-04 1.6879E-03 5.1656E-03 1.9384E-03 0.0000E+00 0.0000E+00 0.0000E+00 0.0000E+00 0.0000E+00 0.0000E+00 0.0000E+00 0.0000E+00 0.0000E+00 0.0000E+00 0.0000E+00 0.0000E+00 9.4145E-04 1.8681E-02 0.0000E+00 5.9105E-04 8.9542E-03 0
 0 2.3764E-03 2.7861E-03 8.9658E-04 1.4613E-03 6.4287E-03 6.5681E-04 0.0000E+00 0.0000E+00 0.0000E+00 0.0000E+00 0.0000E+00 0.0000E+00 0.0000E+00 0.0000E+00 0.0000E+00 0.0000E+00 0.0000E+00 0.0000E+00 5.0966E-04 2.0851E-02 0.0000E+00 5.7884E-04 8.8733E-03 0
 0 2.4551E-03 2.5208E-03 8.8625E-04 1.5015E-03 6.1297E-03 1.7088E-03 8.0460E-05 0.0000E+00 0.0000E+00 0.0000E+00 0.0000E+00 0.0000E+00 0.0000E+00 0.0000E+00 0.0000E+00 0.0000E+00 0.0000E+00 0.0000E+00 5.2027E-04 1.8909E-02 0.0000E+00 4.8603E-04 8.5375E-03 0
 0 2.4862E-03 2.4576E-03 8.5223E-04 1.3536E-03 6.5932E-03 1.9197E-03 2.1265E-04 0.0000E+00 0.0000E+00 0.0000E+00 0.0000E+00 0.0000E+00 0.0000E+00 0.0000E+00 0.0000E+00 0.0000E+00 0.0000E+00 0.0000E+00 1.2246E-03 1.7208E-02 0.0000E+00 3.4315E-04 8.1008E-03 0
 0 2.4449E-03 2.5234E-03 8.4820E-04 1.2074E-03 7.5573E-03 1.6394E-03 8.6207E-06 0.0000E+00 0.0000E+00 0.0000E+00 0.0000E+00 0.0000E+00 0.0000E+00 0.0000E+00 0.0000E+00 0.0000E+00 0.0000E+00 0.0000E+00 1.1220E-03 1.5141E-02 0.0000E+00 3.2605E-04 7.7609E-03 0
 0 2.5470E-03 2.4184E-03 8.4338E-04 1.3609E-03 6.7995E-03 2.0559E-03 5.4311E-04 0.0000E+00 0.0000E+00 0.0000E+00 0.0000E+00 0.0000E+00 0.0000E+00 0.0000E+00 0.0000E+00 0.0000E+00 0.0000E+00 0.0000E+00 5.4151E-04 1.6551E-02 0.0000E+00 2.1615E-04 7.6521E-03 0
 0 2.5678E-03 2.3446E-03 8.6038E-04 1.2732E-03 7.6500E-03 1.9170E-03 4.3391E-04 0.0000E+00 0.0000E+00 0.0000E+00 0.0000E+00 0.0000E+00 0.0000E+00 0.0000E+00 0.0000E+00 0.0000E+00 0.0000E+00 0.0000E+00 1.7024E-03 1.2879E-02 0.0000E+00 2.6622E-04 7.3961E-03 0
 0 2.6350E-03 2.3432E-03 8.3548E-04 1.1526E-03 8.5538E-03 2.1573E-03 4.2242E-04 0.0000E+00 0.0000E+00 0.0000E+00 0.0000E+00 0.0000E+00 0.0000E+00 0.0000E+00 0.0000E+00 0.0000E+00 0.0000E+00 0.0000E+00 1.7873E-03 1.2649E-02 0.0000E+00 2.0394E-04 7.2623E-03 0
 0 2.6358E-03 2.2069E-03 8.5198E-04 1.2604E-03 8.2942E-03 2.3923E-03 7.2989E-04 0.0000E+00 0.0000E+00 0.0000E+00 0.0000E+00 0.0000E+00 0.0000E+00 0.0000E+00 0.0000E+00 0.0000E+00 0.0000E+00 0.0000E+00 1.0901E-03 1.0996E-02 0.0000E+00 1.9172E-04 7.2504E-03 0
 0 2.7070E-03 2.2116E-03 8.3710E-04 1.1435E-03 8.9107E-03 2.7234E-03 6.0633E-04 0.0000E+00 0.0000E+00 0.0000E+00 0.0000E+00 0.0000E+00 0.0000E+00 0.0000E+00 0.0000E+00 0.0000E+00 0.0000E+00 0.0000E+00 2.0882E-03 1.2675E-02 0.0000E+00 1.4532E-04 6.8222E-03 0
 0 2.8048E-03 2.2368E-03 8.5973E-04 1.3773E-03 9.1355E-03 2.6993E-03 1.0460E-03 0.0000E+00 0.0000E+00 0.0000E+00 0.0000E+00 0.0000E+00 0.0000E+00 0.0000E+00 0.0000E+00 0.0000E+00 0.0000E+00 0.0000E+00 2.0634E-03 9.4035E-03 0.0000E+00 1.5631E-04 6.5524E-03 0
 0 2.8155E-03 2.2954E-03 8.7514E-04 1.3079E-03 9.6476E-03 2.4857E-03 4.6839E-04 0.0000E+00 0.0000E+00 0.0000E+00 0.0000E+00 0.0000E+00 0.0000E+00 0.0000E+00 0.0000E+00 0.0000E+00 0.0000E+00 0.0000E+00 2.5235E-03 1.0581E-02 0.0000E+00 1.7829E-04 6.3295E-03 0
 0 2.8931E-03 2.3233E-03 8.9154E-04 1.2677E-03 1.0556E-02 3.2120E-03 9.4254E-04 0.0000E+00 0.0000E+00 0.0000E+00 0.0000E+00 0.0000E+00 0.0000E+00 0.0000E+00 0.0000E+00 0.0000E+00 0.0000E+00 0.0000E+00 7.6095E-04 9.9563E-03 0.0000E+00 1.2822E-04 6.0784E-03 0
 0 2.9525E-03 2.1863E-03 8.9539E-04 1.3554E-03 1.0290E-02 3.9542E-03 8.7932E-04 0.0000E+00 0.0000E+00 0.0000E+00 0.0000E+00 0.0000E+00 0.0000E+00 0.0000E+00 0.0000E+00 0.0000E+00 0.0000E+00 1.4278E-03 1.1927E-03 8.5698E-03 0.0000E+00 1.2212E-04 5.9610E-03 0
 0 2.9737E-03 2.1517E-03 9.2774E-04 1.4887E-03 1.1033E-02 3.8608E-03 9.5403E-04 0.0000E+00 0.0000E+00 0.0000E+00 0.0000E+00 0.0000E+00 0.0000E+00 5.5051E-03 0.0000E+00 0.0000E+00 0.0000E+00 1.1892E-03 1.8086E-03 7.7630E-03 0.0000E+00 1.1845E-04 5.6603E-03 0
 0 2.9947E-03 2.1584E-03 9.5088E-04 1.4157E-03 1.1344E-02 4.2372E-03 1.1437E-03 0.0000E+00 0.0000E+00 0.0000E+00 0.0000E+00 0.0000E+00 0.0000E+00 2.1890E-03 0.0000E+00 0.0000E+00 0.0000E+00 3.6018E-03 1.4617E-03 5.7580E-03 0.0000E+00 9.6473E-05 5.4870E-03 0
 0 3.0159E-03 2.2329E-03 9.6981E-04 1.4065E-03 1.1817E-02 4.5229E-03 1.1810E-03 0.0000E+00 0.0000E+00 0.0000E+00 0.0000E+00 0.0000E+00 0.0000E+00 0.0000E+00 0.0000E+00 0.0000E+00 0.0000E+00 4.8213E-03 3.0579E-03 5.7461E-03 0.0000E+00 1.1357E-04 5.3141E-03 0
 0 3.1313E-03 2.1856E-03 1.0010E-03 1.4212E-03 1.2116E-02 5.5989E-03 1.0920E-03 0.0000E+00 0.0000E+00 0.0000E+00 0.0000E+00 0.0000E+00 0.0000E+00 0.0000E+00 0.0000E+00 0.0000E+00 0.0000E+00 1.0059E-02 1.3485E-03 4.8766E-03 0.0000E+00 1.1968E-04 5.0692E-03 0
 0 3.1557E-03 2.2082E-03 1.0369E-03 1.4705E-03 1.2818E-02 5.7885E-03 1.8736E-03 0.0000E+00 0.0000E+00 0.0000E+00 0.0000E+00 0.0000E+00 5.2997E-04 0.0000E+00 0.0000E+00 0.0000E+00 0.0000E+00 7.0824E-04 2.9482E-03 4.7779E-03 0.0000E+00 9.2809E-05 5.1248E-03 0
 0 3.2715E-03 2.2914E-03 1.0737E-03 1.6203E-03 1.2830E-02 4.9848E-03 1.4109E-03 0.0000E+00 0.0000E+00 0.0000E+00 0.0000E+00 0.0000E+00 8.9717E-04 1.5388E-03 0.0000E+00 0.0000E+00 0.0000E+00 9.1654E-04 3.5711E-03 4.3297E-03 0.0000E+00 1.2212E-04 4.9269E-03 0
 0 3.3716E-03 2.1817E-03 1.1323E-03 1.5728E-03 1.4134E-02 6.1329E-03 2.9081E-03 0.0000E+00 0.0000E+00 0.0000E+00 0.0000E+00 0.0000E+00 3.2669E-03 6.1552E-03 0.0000E+00 0.0000E+00 0.0000E+00 0.0000E+00 1.6493E-03 3.6574E-03 0.0000E+00 1.1113E-04 4.7789E-03 0
 0 3.3559E-03 2.2156E-03 1.1747E-03 1.6184E-03 1.4259E-02 5.4147E-03 2.7357E-03 0.0000E+00 0.0000E+00 0.0000E+00 0.0000E+00 0.0000E+00 2.8770E-03 0.0000E+00 0.0000E+00 0.0000E+00 0.0000E+00 0.0000E+00 1.3803E-03 3.4064E-03 2.1648E-06 7.4492E-05 4.7268E-03 0
 0 3.3901E-03 2.3047E-03 1.2216E-03 1.8212E-03 1.4714E-02 7.4572E-03 3.0431E-03 0.0000E+00 0.0000E+00 0.0000E+00 0.0000E+00 0.0000E+00 0.0000E+00 0.0000E+00 0.0000E+00 0.0000E+00 0.0000E+00 0.0000E+00 2.1873E-03 4.8437E-03 2.1648E-06 9.6473E-05 4.6116E-03 0
 0 3.4732E-03 2.3067E-03 1.2894E-03 2.0477E-03 1.5112E-02 8.1060E-03 3.1437E-03 0.0000E+00 0.0000E+00 0.0000E+00 0.0000E+00 0.0000E+00 0.0000E+00 0.0000E+00 0.0000E+00 0.0000E+00 0.0000E+00 0.0000E+00 1.7980E-03 3.0986E-03 2.1648E-06 1.0746E-04 4.3683E-03 0
 0 3.4952E-03 2.2927E-03 1.3279E-03 2.0203E-03 1.6192E-02 7.8684E-03 3.1926E-03 0.0000E+00 0.0000E+00 0.0000E+00 0.0000E+00 0.0000E+00 0.0000E+00 0.0000E+00 0.0000E+00 0.0000E+00 0.0000E+00 0.0000E+00 2.4563E-03 3.5020E-03 2.1648E-06 8.5482E-05 4.4253E-03 0
 0 3.6736E-03 2.3991E-03 1.4055E-03 1.9893E-03 1.6855E-02 7.5774E-03 3.4770E-03 0.0000E+00 0.0000E+00 0.0000E+00 0.0000E+00 0.0000E+00 0.0000E+00 0.0000E+00 0.0000E+00 0.0000E+00 0.0000E+00 0.0000E+00 1.9855E-03 2.9253E-03 0.0000E+00 1.1235E-04 4.2993E-03 0
 0 3.7025E-03 2.3166E-03 1.4945E-03 2.0842E-03 1.6853E-02 8.5786E-03 5.0460E-03 0.0000E+00 0.0000E+00 0.0000E+00 0.0000E+00 0.0000E+00 0.0000E+00 0.0000E+00 0.0000E+00 0.0000E+00 0.0000E+00 0.0000E+00 3.8932E-03 2.1484E-03 0.0000E+00 8.5482E-05 4.1875E-03 0
 0 3.7869E-03 2.3605E-03 1.5527E-03 2.3509E-03 1.7483E-02 9.0459E-03 4.8880E-03 0.0000E+00 0.0000E+00 0.0000E+00 0.0000E+00 0.0000E+00 0.0000E+00 0.0000E+00 0.0000E+00 0.0000E+00 0.0000E+00 0.0000E+00 3.0792E-03 2.4891E-03 0.0000E+00 1.1113E-04 4.1268E-03 0
 0 3.8087E-03 2.5467E-03 1.6473E-03 2.4240E-03 1.8058E-02 1.0068E-02 4.8621E-03 0.0000E+00 0.0000E+00 0.0000E+00 0.0000E+00 0.0000E+00 0.0000E+00 0.0000E+00 0.0000E+00 0.0000E+00 0.0000E+00 0.0000E+00 2.9659E-03 2.4024E-03 2.1648E-06 1.2334E-04 4.1219E-03 0
 0 3.9403E-03 2.5939E-03 1.7324E-03 2.5482E-03 1.9013E-02 1.1596E-02 6.1035E-03 0.0000E+00 0.0000E+00 0.0000E+00 0.0000E+00 0.0000E+00 0.0000E+00 0.0000E+00 0.0000E+00 0.0000E+00 0.0000E+00 0.0000E+00 2.1377E-03 2.4203E-03 0.0000E+00 1.2212E-04 4.0951E-03 0
 0 4.0335E-03 2.6365E-03 1.8246E-03 2.6724E-03 1.9184E-02 1.1286E-02 5.5949E-03 0.0000E+00 0.0000E+00 0.0000E+00 0.0000E+00 0.0000E+00 0.0000E+00 0.0000E+00 0.0000E+00 0.0000E+00 0.0000E+00 0.0000E+00 3.1323E-03 1.5179E-03 0.0000E+00 1.0746E-04 3.9744E-03 0
 0 4.0501E-03 2.5999E-03 1.9133E-03 2.7711E-03 1.9360E-02 1.1780E-02 7.4167E-03 0.0000E+00 0.0000E+00 0.0000E+00 0.0000E+00 0.0000E+00 0.0000E+00 0.0000E+00 0.0000E+00 0.0000E+00 0.0000E+00 9.4305E-04 4.9621E-03 2.5219E-03 0.0000E+00 1.1601E-04 3.8126E-03 0
 0 4.1665E-03 2.5773E-03 2.0312E-03 2.9263E-03 2.0869E-02 1.3091E-02 5.9943E-03 0.0000E+00 0.0000E+00 0.0000E+00 0.0000E+00 0.0000E+00 0.0000E+00 0.0000E+00 0.0000E+00 0.0000E+00 0.0000E+00 1.0112E-03 3.8507E-03 2.8148E-03 2.1648E-06 1.2212E-04 3.8842E-03 0
 0 4.2182E-03 2.8280E-03 2.1452E-03 3.0250E-03 2.0918E-02 1.3577E-02 6.6409E-03 0.0000E+00 0.0000E+00 0.0000E+00 0.0000E+00 0.0000E+00 0.0000E+00 3.7624E-03 0.0000E+00 0.0000E+00 0.0000E+00 4.8402E-03 5.7053E-03 2.0678E-03 2.1648E-06 1.2944E-04 3.8756E-03 0
 0 4.3082E-03 2.8958E-03 2.2744E-03 3.2807E-03 2.2028E-02 1.3972E-02 7.7069E-03 0.0000E+00 0.0000E+00 3.3546E-04 0.0000E+00 0.0000E+00 0.0000E+00 3.9317E-03 0.0000E+00 0.0000E+00 0.0000E+00 3.1359E-03 4.5657E-03 2.0140E-03 8.6593E-06 1.2700E-04 3.9583E-03 0
 0 4.4408E-03 2.8812E-03 2.4080E-03 3.5127E-03 2.1367E-02 1.4912E-02 8.0403E-03 0.0000E+00 6.3188E-05 3.3546E-04 0.0000E+00 0.0000E+00 0.0000E+00 0.0000E+00 0.0000E+00 0.0000E+00 0.0000E+00 2.3482E-03 4.2861E-03 1.7241E-03 1.5154E-05 1.6486E-04 3.8111E-03 0
 0 4.5082E-03 3.1006E-03 2.5633E-03 3.7757E-03 2.2232E-02 1.6856E-02 8.8104E-03 0.0000E+00 6.6196E-05 6.1342E-04 0.0000E+00 0.0000E+00 0.0000E+00 0.0000E+00 0.0000E+00 0.0000E+00 0.0000E+00 2.0565E-03 4.9444E-03 2.4711E-03 1.9483E-05 1.4044E-04 3.8719E-03 0
 0 4.6192E-03 3.1624E-03 2.7100E-03 3.8689E-03 2.3159E-02 1.6468E-02 1.0052E-02 0.0000E+00 1.1434E-04 4.1214E-04 1.4485E-03 0.0000E+00 0.0000E+00 0.0000E+00 0.0000E+00 0.0000E+00 0.0000E+00 4.3176E-04 6.7459E-03 2.4622E-03 1.7319E-05 1.8440E-04 3.8909E-03 0
 0 4.7273E-03 3.2602E-03 2.8611E-03 4.1995E-03 2.3886E-02 1.7181E-02 1.0270E-02 0.0000E+00 2.5877E-04 2.3962E-04 9.4393E-04 0.0000E+00 0.0000E+00 0.0000E+00 0.0000E+00 0.0000E+00 0.0000E+00 3.8252E-04 8.3527E-03 1.9632E-03 1.0824E-05 1.9050E-04 3.8268E-03 0
 0 4.8129E-03 3.2708E-03 3.0661E-03 4.3877E-03 2.4197E-02 1.8839E-02 1.0767E-02 0.0000E+00 2.1965E-04 7.5400E-04 1.0709E-03 0.0000E+00 0.0000E+00 0.0000E+00 0.0000E+00 0.0000E+00 0.0000E+00 0.0000E+00 7.6873E-03 1.3088E-03 2.5978E-05 1.9539E-04 3.7798E-03 0
 0 4.8821E-03 3.5355E-03 3.2607E-03 4.5046E-03 2.4820E-02 2.0254E-02 1.0624E-02 0.0000E+00 1.2337E-04 7.9233E-04 6.5561E-04 0.0000E+00 9.1231E-04 0.0000E+00 0.0000E+00 0.0000E+00 0.0000E+00 0.0000E+00 8.2111E-03 1.8885E-03 1.2989E-05 2.1371E-04 3.8342E-03 0
 0 4.9411E-03 3.5907E-03 3.4065E-03 4.8115E-03 2.4785E-02 2.0236E-02 1.2402E-02 0.0000E+00 3.9417E-04 6.1342E-04 4.0503E-04 0.0000E+00 4.5048E-04 0.0000E+00 0.0000E+00 0.0000E+00 0.0000E+00 0.0000E+00 8.2465E-03 1.4731E-03 1.7319E-05 2.2592E-04 3.8805E-03 0
 0 4.9460E-03 3.6984E-03 3.6799E-03 5.2846E-03 2.6088E-02 2.0471E-02 1.2753E-02 0.0000E+00 1.1043E-03 9.7444E-04 5.1831E-04 3.6472E-05 1.0864E-03 0.0000E+00 0.0000E+00 0.0000E+00 0.0000E+00 0.0000E+00 6.7176E-03 1.5897E-03 1.9483E-05 3.0407E-04 3.9267E-03 0
 0 5.1518E-03 3.9384E-03 3.8690E-03 5.6042E-03 2.5814E-02 2.1533E-02 1.3164E-02 0.0000E+00 1.1915E-03 7.3163E-04 1.1053E-03 0.0000E+00 2.3773E-03 0.0000E+00 0.0000E+00 0.0000E+00 0.0000E+00 0.0000E+00 9.7118E-03 1.9990E-03 2.3813E-05 3.0529E-04 3.9196E-03 0
 0 5.2333E-03 3.8340E-03 4.1278E-03 5.8764E-03 2.8134E-02 2.2265E-02 1.2652E-02 0.0000E+00 8.9365E-04 7.6038E-04 2.3341E-04 5.3979E-04 6.8140E-05 0.0000E+00 0.0000E+00 0.0000E+00 0.0000E+00 1.2498E-04 9.4251E-03 1.6285E-03 4.1131E-05 3.2117E-04 3.8711E-03 0
 0 5.3447E-03 4.0727E-03 4.3928E-03 6.2746E-03 2.6864E-02 2.4024E-02 1.5112E-02 0.0000E+00 2.2778E-03 1.1885E-03 3.7071E-04 2.1883E-04 2.1010E-03 0.0000E+00 0.0000E+00 0.0000E+00 0.0000E+00 1.0529E-03 1.0590E-02 1.9542E-03 4.3296E-05 3.4926E-04 3.9688E-03 0
 0 5.4628E-03 4.2217E-03 4.6625E-03 6.7843E-03 2.7580E-02 2.4070E-02 1.5730E-02 0.0000E+00 1.7331E-03 1.5399E-03 2.5744E-04 1.6267E-03 5.7540E-04 0.0000E+00 0.0000E+00 0.0000E+00 0.0000E+00 8.0292E-04 7.8572E-03 1.8168E-03 3.2472E-05 4.1276E-04 4.0873E-03 0
 0 5.5904E-03 4.4005E-03 4.9182E-03 7.0692E-03 2.8818E-02 2.3979E-02 1.6440E-02 0.0000E+00 2.9006E-03 2.4505E-03 2.2998E-04 8.0968E-04 0.0000E+00 0.0000E+00 0.0000E+00 0.0000E+00 0.0000E+00 8.0671E-04 1.2933E-02 1.6853E-03 3.0307E-05 4.0421E-04 4.0623E-03 0
 0 5.6758E-03 4.6233E-03 5.2319E-03 7.8730E-03 2.9821E-02 2.6409E-02 1.6833E-02 0.0000E+00 2.8073E-03 2.0990E-03 3.5355E-04 5.3614E-04 0.0000E+00 0.0000E+00 0.0000E+00 0.0000E+00 0.0000E+00 5.1129E-04 1.1966E-02 2.1365E-03 4.5461E-05 4.6893E-04 4.0407E-03 0
 0 5.8330E-03 4.9112E-03 5.5518E-03 7.4675E-03 3.0129E-02 2.7236E-02 1.7612E-02 0.0000E+00 3.5806E-03 1.4153E-03 4.1190E-04 1.2109E-03 0.0000E+00 0.0000E+00 0.0000E+00 0.0000E+00 0.0000E+00 1.6740E-03 1.3407E-02 2.5369E-03 5.1956E-05 4.8969E-04 4.2285E-03 0
 0 5.8435E-03 4.9731E-03 5.9156E-03 8.6237E-03 3.0262E-02 2.7778E-02 1.7604E-02 0.0000E+00 4.4081E-03 3.1981E-03 8.6499E-04 2.2102E-03 1.1092E-03 0.0000E+00 0.0000E+00 0.0000E+00 0.0000E+00 3.4465E-04 1.4426E-02 2.0707E-03 8.0098E-05 4.9824E-04 4.1894E-03 0
 0 5.9694E-03 5.1599E-03 6.2540E-03 8.9873E-03 3.1242E-02 3.0916E-02 2.0308E-02 0.0000E+00 6.1081E-03 2.1310E-03 1.3352E-03 1.5756E-03 1.7035E-03 0.0000E+00 0.0000E+00 0.0000E+00 0.0000E+00 1.9088E-03 1.5102E-02 2.3576E-03 1.0175E-04 6.0448E-04 4.3597E-03 0
 0 6.0949E-03 5.4079E-03 6.6204E-03 9.6047E-03 3.1678E-02 3.0953E-02 2.0221E-02 0.0000E+00 6.0329E-03 2.5911E-03 1.4210E-03 8.1333E-04 2.0442E-04 0.0000E+00 0.0000E+00 0.0000E+00 0.0000E+00 2.1967E-04 1.4851E-02 2.3128E-03 1.1474E-04 7.1194E-04 4.3828E-03 0
 0 6.2691E-03 5.5469E-03 7.0281E-03 1.0122E-02 3.1536E-02 3.2328E-02 2.1736E-02 0.0000E+00 9.8151E-03 3.3738E-03 2.3547E-03 1.6157E-03 6.2461E-04 0.0000E+00 0.0000E+00 0.0000E+00 0.0000E+00 4.1661E-05 1.6592E-02 2.5399E-03 1.4937E-04 7.6934E-04 4.4175E-03 0
 0 6.3531E-03 5.7484E-03 7.4258E-03 1.0677E-02 3.4194E-02 3.2512E-02 2.0704E-02 0.0000E+00 9.1381E-03 4.9393E-03 4.0160E-03 4.1140E-03 2.2827E-03 0.0000E+00 0.0000E+00 0.0000E+00 0.0000E+00 1.8558E-04 1.9714E-02 3.0717E-03 1.8617E-04 7.6323E-04 4.5583E-03 0
 0 6.4259E-03 6.0123E-03 7.8705E-03 1.1261E-02 3.3434E-02 3.4282E-02 2.2555E-02 0.0000E+00 1.0387E-02 4.7412E-03 5.6087E-03 3.3299E-03 1.3931E-03 0.0000E+00 0.0000E+00 0.0000E+00 0.0000E+00 1.7043E-04 1.8273E-02 2.3427E-03 1.6236E-04 9.0123E-04 4.6183E-03 0
 0 6.5501E-03 6.3335E-03 8.3262E-03 1.1780E-02 3.3793E-02 3.5019E-02 2.3397E-02 0.0000E+00 1.2141E-02 5.7636E-03 3.4222E-03 2.7609E-03 3.6644E-03 0.0000E+00 0.0000E+00 0.0000E+00 0.0000E+00 1.8558E-04 1.7445E-02 3.2779E-03 2.0999E-04 9.9037E-04 4.7346E-03 0
 0 6.7958E-03 6.5835E-03 8.7960E-03 1.2655E-02 3.4173E-02 3.5748E-02 2.5371E-02 0.0000E+00 1.4819E-02 6.0320E-03 5.0320E-03 3.1402E-03 3.8802E-03 0.0000E+00 0.0000E+00 0.0000E+00 0.0000E+00 9.8471E-05 2.0089E-02 3.3765E-03 2.0566E-04 1.0575E-03 4.8702E-03 0
 0 6.7432E-03 6.8475E-03 9.3419E-03 1.3393E-02 3.4959E-02 3.6664E-02 2.6167E-02 0.0000E+00 1.4617E-02 6.6709E-03 5.2483E-03 5.4161E-03 2.6385E-03 0.0000E+00 0.0000E+00 0.0000E+00 0.0000E+00 0.0000E+00 1.8765E-02 2.9313E-03 2.2298E-04 1.2151E-03 4.8945E-03 0
 0 7.0030E-03 7.1973E-03 9.8492E-03 1.3981E-02 3.6301E-02 3.8207E-02 2.7371E-02 0.0000E+00 1.7136E-02 6.7860E-03 5.1350E-03 6.5759E-03 3.3767E-03 0.0000E+00 0.0000E+00 0.0000E+00 0.0000E+00 1.1741E-04 2.3285E-02 3.4124E-03 2.8359E-04 1.2761E-03 5.0584E-03 0
 0 6.9862E-03 7.5104E-03 1.0396E-02 1.4820E-02 3.5263E-02 3.9961E-02 2.7994E-02 8.8140E-06 1.8502E-02 6.2939E-03 7.7952E-03 5.2957E-03 3.6114E-03 2.8776E-03 0.0000E+00 0.0000E+00 0.0000E+00 0.0000E+00 2.2853E-02 4.4164E-03 3.4204E-04 1.4337E-03 5.2302E-03 0
 0 7.1828E-03 7.6853E-03 1.0938E-02 1.5958E-02 3.7443E-02 4.1280E-02 2.8469E-02 1.6453E-04 1.9769E-02 7.2013E-03 9.0824E-03 6.5723E-03 7.0979E-03 2.6852E-03 0.0000E+00 0.0000E+00 0.0000E+00 6.5142E-04 2.2007E-02 3.8785E-03 3.8967E-04 1.6718E-03 5.4106E-03 0
 0 7.2107E-03 7.8622E-03 1.1590E-02 1.6603E-02 3.8074E-02 4.1462E-02 2.9684E-02 9.9892E-05 2.1866E-02 8.5591E-03 1.0194E-02 7.0719E-03 4.5843E-03 1.0772E-03 0.0000E+00 0.0000E+00 0.0000E+00 0.0000E+00 2.4771E-02 4.0040E-03 4.3729E-04 1.6620E-03 5.4117E-03 0
 0 7.3696E-03 8.1854E-03 1.2166E-02 1.6968E-02 3.7756E-02 4.3339E-02 3.1348E-02 8.2264E-05 2.3638E-02 8.4665E-03 9.1853E-03 7.1704E-03 8.0708E-03 8.4634E-05 0.0000E+00 0.0000E+00 0.0000E+00 6.4385E-05 2.3929E-02 4.4612E-03 5.9099E-04 1.8586E-03 5.6729E-03 0
 0 7.4519E-03 8.7372E-03 1.2864E-02 1.8535E-02 3.8127E-02 4.2573E-02 3.2247E-02 1.4984E-04 2.4074E-02 1.0185E-02 1.0411E-02 6.4519E-03 5.7881E-03 4.6549E-04 0.0000E+00 0.0000E+00 0.0000E+00 7.6126E-04 2.5833E-02 4.4702E-03 6.6027E-04 2.0552E-03 5.6629E-03 0
 0 7.7324E-03 8.8756E-03 1.3513E-02 1.9681E-02 3.9981E-02 4.6492E-02 3.3687E-02 4.5245E-04 2.7104E-02 1.1387E-02 1.2947E-02 7.1339E-03 6.1174E-03 5.0396E-04 0.0000E+00 0.0000E+00 0.0000E+00 6.4385E-04 2.5946E-02 4.5957E-03 8.4861E-04 2.3434E-03 5.8801E-03 0
 0 7.8372E-03 9.4281E-03 1.4225E-02 2.0645E-02 3.9993E-02 4.6757E-02 3.5894E-02 9.4898E-04 2.9812E-02 1.1399E-02 1.4296E-02 8.9904E-03 5.9925E-03 0.0000E+00 0.0000E+00 0.0000E+00 0.0000E+00 8.7488E-04 2.9334E-02 5.8776E-03 8.1830E-04 2.4570E-03 6.1086E-03 0
 0 7.8573E-03 9.8484E-03 1.4961E-02 2.1641E-02 3.9865E-02 4.8770E-02 3.6428E-02 1.7892E-03 3.2289E-02 1.1310E-02 1.4880E-02 9.2639E-03 9.1269E-03 0.0000E+00 0.0000E+00 0.0000E+00 0.0000E+00 1.7346E-03 3.0169E-02 4.9662E-03 1.1105E-03 2.8185E-03 6.2014E-03 0
 0 8.0361E-03 1.0153E-02 1.5680E-02 2.2203E-02 4.0278E-02 4.7539E-02 3.8434E-02 2.4297E-03 3.1639E-02 1.2451E-02 1.5625E-02 9.1107E-03 2.9300E-03 0.0000E+00 0.0000E+00 0.0000E+00 0.0000E+00 1.3369E-03 2.9266E-02 5.9971E-03 1.2621E-03 3.0493E-03 6.4708E-03 0
 0 8.2323E-03 1.0505E-02 1.6499E-02 2.4081E-02 4.2041E-02 4.9896E-02 3.9578E-02 4.0398E-03 3.6068E-02 1.3891E-02 1.5446E-02 1.0106E-02 4.1679E-03 0.0000E+00 0.0000E+00 0.0000E+00 0.0000E+00 1.2801E-03 2.7865E-02 6.0359E-03 1.4136E-03 3.2654E-03 6.5688E-03 0
 0 8.4183E-03 1.1073E-02 1.7263E-02 2.4646E-02 4.2250E-02 5.2102E-02 4.0762E-02 5.4853E-03 3.8024E-02 1.6275E-02 1.9222E-02 1.2827E-02 3.3199E-03 0.0000E+00 0.0000E+00 0.0000E+00 0.0000E+00 7.5368E-04 3.0622E-02 6.5409E-03 1.5738E-03 3.3619E-03 6.9031E-03 0
 0 8.5679E-03 1.1503E-02 1.8101E-02 2.5239E-02 4.3765E-02 5.1258E-02 4.1541E-02 7.4978E-03 4.1198E-02 1.7955E-02 1.9006E-02 1.3644E-02 4.3307E-03 7.5786E-04 0.0000E+00 0.0000E+00 0.0000E+00 2.3141E-03 3.1365E-02 6.8517E-03 1.8033E-03 3.9542E-03 7.0879E-03 0
 0 8.5442E-03 1.1862E-02 1.9003E-02 2.7205E-02 4.2319E-02 5.1958E-02 4.4285E-02 1.0453E-02 4.2901E-02 1.8208E-02 2.1027E-02 1.2273E-02 6.4468E-03 1.5619E-03 0.0000E+00 0.0000E+00 0.0000E+00 3.1359E-03 3.5669E-02 7.7780E-03 2.0782E-03 4.5232E-03 7.2209E-03 0
 0 8.7284E-03 1.2529E-02 1.9838E-02 2.8407E-02 4.4396E-02 5.3626E-02 4.5443E-02 1.4437E-02 4.1830E-02 1.8633E-02 2.2867E-02 1.3024E-02 7.3326E-03 4.5164E-03 0.0000E+00 0.0000E+00 0.0000E+00 1.5490E-03 3.3301E-02 8.2949E-03 2.4159E-03 4.6429E-03 7.4289E-03 0
 0 8.7362E-03 1.2870E-02 2.0796E-02 2.9720E-02 4.4646E-02 5.3562E-02 4.6133E-02 1.7035E-02 4.6837E-02 2.3997E-02 2.3440E-02 1.6551E-02 4.8531E-03 4.6857E-03 0.0000E+00 0.0000E+00 0.0000E+00 2.8784E-03 3.5400E-02 1.0413E-02 2.7493E-03 5.1411E-03 7.6633E-03 0
 0 8.9505E-03 1.3262E-02 2.1773E-02 3.0853E-02 4.6843E-02 5.4203E-02 4.7451E-02 2.2828E-02 4.8666E-02 2.3534E-02 2.7741E-02 1.4848E-02 6.9919E-03 3.5893E-03 0.0000E+00 0.0000E+00 0.0000E+00 2.3595E-03 3.8242E-02 9.5410E-03 3.1736E-03 5.4086E-03 7.7866E-03 0
 0 9.1116E-03 1.3948E-02 2.2712E-02 3.1158E-02 4.5717E-02 5.5923E-02 4.7466E-02 2.9415E-02 5.0225E-02 2.5205E-02 2.7837E-02 1.9192E-02 6.0039E-03 5.3627E-03 0.0000E+00 0.0000E+00 0.0000E+00 1.4165E-03 3.4749E-02 1.0449E-02 3.8360E-03 6.0045E-03 8.1112E-03 0
 0 9.4718E-03 1.4337E-02 2.3723E-02 3.3518E-02 4.7022E-02 5.6790E-02 4.9997E-02 3.6787E-02 5.3737E-02 2.6597E-02 3.0024E-02 2.2102E-02 7.1395E-03 4.8780E-03 0.0000E+00 0.0000E+00 0.0000E+00 2.8822E-03 3.7477E-02 1.1435E-02 3.9270E-03 6.6554E-03 8.2621E-03 0
 0 9.3009E-03 1.4994E-02 2.4755E-02 3.5048E-02 4.6927E-02 5.7180E-02 5.2558E-02 4.4417E-02 5.4200E-02 2.8540E-02 3.2437E-02 2.1402E-02 7.4764E-03 5.2704E-03 0.0000E+00 0.0000E+00 0.0000E+00 2.5489E-03 3.9651E-02 1.1845E-02 4.6305E-03 7.0865E-03 8.5849E-03 0
 0 9.5689E-03 1.5593E-02 2.5715E-02 3.6055E-02 4.8090E-02 5.9837E-02 5.5012E-02 5.3539E-02 5.6511E-02 2.9153E-02 3.3408E-02 2.5870E-02 9.2216E-03 5.3358E-03 0.0000E+00 0.0000E+00 0.0000E+00 3.2344E-03 4.1395E-02 1.3165E-02 5.3969E-03 7.5334E-03 8.8852E-03 0
 0 9.5291E-03 1.5995E-02 2.6767E-02 3.6336E-02 4.8359E-02 6.0448E-02 5.5857E-02 6.1595E-02 5.8620E-02 3.0661E-02 3.1891E-02 2.7263E-02 8.6310E-03 2.7429E-03 0.0000E+00 0.0000E+00 0.0000E+00 3.0034E-03 4.0266E-02 1.3706E-02 5.6978E-03 8.3968E-03 9.1047E-03 0
 0 9.6806E-03 1.6626E-02 2.7814E-02 3.8651E-02 4.8855E-02 6.2264E-02 5.6104E-02 7.3389E-02 6.0729E-02 3.5083E-02 3.3861E-02 2.5950E-02 8.5477E-03 3.5123E-03 0.0000E+00 0.0000E+00 0.0000E+00 3.8745E-03 4.4468E-02 1.4917E-02 6.3299E-03 9.1307E-03 9.4498E-03 0
 0 9.9228E-03 1.7413E-02 2.9020E-02 4.0366E-02 5.0655E-02 6.2389E-02 5.9817E-02 8.2608E-02 6.3079E-02 3.5371E-02 3.3776E-02 3.1107E-02 7.4348E-03 3.7085E-03 0.0000E+00 0.0000E+00 0.0000E+00 4.2949E-03 4.4701E-02 1.5765E-02 7.0227E-03 9.6436E-03 9.7882E-03 0
 0 1.0055E-02 1.8070E-02 3.0113E-02 4.1234E-02 5.1144E-02 6.4664E-02 6.1575E-02 9.5855E-02 6.3675E-02 3.6498E-02 3.7675E-02 2.6154E-02 9.6569E-03 5.0665E-03 0.0000E+00 0.0000E+00 0.0000E+00 5.3477E-03 4.4747E-02 1.6957E-02 7.8648E-03 1.0602E-02 9.9409E-03 0
 0 1.0171E-02 1.8335E-02 3.1268E-02 4.3183E-02 5.1267E-02 6.6688E-02 6.1874E-02 1.0485E-01 6.6928E-02 3.9383E-02 4.0685E-02 3.3208E-02 1.4627E-02 3.8740E-03 0.0000E+00 0.0000E+00 0.0000E+00 5.1811E-03 5.0024E-02 1.6727E-02 8.6333E-03 1.1306E-02 1.0394E-02 0
 0 1.0365E-02 1.9225E-02 3.2415E-02 4.4443E-02 5.2716E-02 6.6197E-02 6.2291E-02 1.1739E-01 6.7906E-02 4.1828E-02 4.1166E-02 3.2314E-02 1.4302E-02 5.3089E-03 0.0000E+00 0.0000E+00 0.0000E+00 4.6698E-03 5.1436E-02 1.9446E-02 9.4624E-03 1.2283E-02 1.0682E-02 0
 0 1.0346E-02 2.0124E-02 3.3600E-02 4.6052E-02 5.2088E-02 6.7075E-02 6.4245E-02 1.2606E-01 7.0198E-02 4.5543E-02 4.2913E-02 3.7238E-02 1.8621E-02 6.9246E-03 0.0000E+00 0.0000E+00 0.0000E+00 5.0296E-03 4.8764E-02 1.9665E-02 1.1032E-02 1.2805E-02 1.1194E-02 0
 0 1.0587E-02 2.0594E-02 3.4692E-02 4.6708E-02 5.2996E-02 6.8338E-02 6.6288E-02 1.3508E-01 7.4173E-02 4.6569E-02 4.3181E-02 3.5586E-02 1.8386E-02 5.4358E-03 0.0000E+00 0.0000E+00 0.0000E+00 7.8625E-03 5.0594E-02 2.0878E-02 1.1831E-02 1.4339E-02 1.1464E-02 0
 0 1.0714E-02 2.1269E-02 3.6049E-02 4.8982E-02 5.3042E-02 6.8738E-02 6.8064E-02 1.4310E-01 7.5798E-02 4.9671E-02 4.7464E-02 4.1286E-02 2.1411E-02 6.8939E-03 0.0000E+00 0.0000E+00 0.0000E+00 8.3928E-03 5.1812E-02 2.3026E-02 1.2852E-02 1.5005E-02 1.1638E-02 0
 0 1.0776E-02 2.2172E-02 3.7254E-02 5.0195E-02 5.4579E-02 7.0234E-02 6.7929E-02 1.5908E-01 7.5705E-02 5.1754E-02 4.9071E-02 4.3551E-02 2.3417E-02 5.0165E-03 0.0000E+00 0.0000E+00 0.0000E+00 7.5558E-03 5.3571E-02 2.3687E-02 1.4240E-02 1.5931E-02 1.2053E-02 0
 0 1.0853E-02 2.2804E-02 3.8687E-02 5.2168E-02 5.5061E-02 6.9320E-02 7.0276E-02 1.6451E-01 7.8801E-02 5.4431E-02 4.7241E-02 4.3540E-02 2.1135E-02 9.9292E-03 0.0000E+00 0.0000E+00 0.0000E+00 8.1049E-03 5.6664E-02 2.5438E-02 1.5498E-02 1.7626E-02 1.2495E-02 0
 0 1.1065E-02 2.3521E-02 3.9752E-02 5.3883E-02 5.6278E-02 6.9350E-02 7.3207E-02 1.6942E-01 8.1169E-02 5.8265E-02 4.8000E-02 4.2829E-02 2.4144E-02 7.3209E-03 0.0000E+00 0.0000E+00 0.0000E+00 9.0556E-03 5.6777E-02 2.6316E-02 1.7758E-02 1.8341E-02 1.2645E-02 0
 0 1.1024E-02 2.3857E-02 4.1030E-02 5.5491E-02 5.5554E-02 7.2287E-02 7.4788E-02 1.7443E-01 8.2270E-02 6.1524E-02 5.1988E-02 4.5265E-02 3.0182E-02 7.3901E-03 0.0000E+00 0.0000E+00 0.0000E+00 7.6315E-03 5.6636E-02 2.8838E-02 1.8715E-02 1.9514E-02 1.3190E-02 0
 0 1.1121E-02 2.4954E-02 4.2433E-02 5.6413E-02 5.6815E-02 7.1406E-02 7.5659E-02 1.7866E-01 8.3432E-02 6.2166E-02 5.5761E-02 4.7884E-02 2.8289E-02 9.3098E-03 0.0000E+00 0.0000E+00 0.0000E+00 1.0726E-02 5.4838E-02 2.9352E-02 2.0330E-02 2.1142E-02 1.3571E-02 0
 0 1.1252E-02 2.5443E-02 4.3584E-02 5.7588E-02 5.8813E-02 7.3899E-02 7.7388E-02 1.8493E-01 8.5348E-02 6.6668E-02 5.6331E-02 5.3081E-02 2.8058E-02 7.4671E-03 0.0000E+00 0.0000E+00 0.0000E+00 1.2900E-02 5.8271E-02 3.2235E-02 2.2014E-02 2.2369E-02 1.4008E-02 0
 0 1.1503E-02 2.6532E-02 4.4915E-02 5.9811E-02 5.8423E-02 7.3139E-02 7.8682E-02 1.9061E-01 8.9091E-02 6.9457E-02 5.4336E-02 5.3052E-02 3.1923E-02 8.9328E-03 0.0000E+00 0.0000E+00 0.0000E+00 1.5964E-02 5.9354E-02 3.2522E-02 2.4183E-02 2.3677E-02 1.4310E-02 0
 0 1.1455E-02 2.7057E-02 4.6249E-02 6.1692E-02 5.9652E-02 7.4009E-02 7.9682E-02 1.9497E-01 8.8240E-02 7.0598E-02 5.6554E-02 5.6543E-02 3.2503E-02 1.1329E-02 0.0000E+00 0.0000E+00 0.0000E+00 1.4566E-02 6.0685E-02 3.5612E-02 2.6335E-02 2.5167E-02 1.4820E-02 0
 0 1.1595E-02 2.7560E-02 4.7610E-02 6.2628E-02 5.8824E-02 7.6246E-02 7.9282E-02 1.9156E-01 9.4252E-02 7.5019E-02 5.8109E-02 5.8986E-02 3.6966E-02 9.4214E-03 0.0000E+00 0.0000E+00 0.0000E+00 1.9664E-02 5.9662E-02 3.7734E-02 2.8149E-02 2.6438E-02 1.5262E-02 0
 0 1.1657E-02 2.8440E-02 4.8968E-02 6.4358E-02 6.1014E-02 7.7133E-02 8.5294E-02 1.9458E-01 9.3409E-02 7.6987E-02 5.9708E-02 6.0339E-02 3.6095E-02 5.6051E-03 0.0000E+00 0.0000E+00 0.0000E+00 2.0134E-02 6.0235E-02 3.8576E-02 3.0139E-02 2.8205E-02 1.5602E-02 0
 0 1.1834E-02 2.9677E-02 5.0240E-02 6.6692E-02 6.1719E-02 7.8169E-02 8.4449E-02 1.9334E-01 9.4128E-02 8.0297E-02 6.6316E-02 6.1835E-02 3.7492E-02 9.6868E-03 0.0000E+00 0.0000E+00 0.0000E+00 2.4625E-02 6.3233E-02 4.1773E-02 3.2738E-02 2.9864E-02 1.6012E-02 0
 0 1.1880E-02 3.0756E-02 5.1570E-02 6.7664E-02 6.2433E-02 7.7026E-02 8.7728E-02 1.9333E-01 9.5188E-02 8.4892E-02 6.4393E-02 6.4380E-02 3.8355E-02 7.0516E-03 0.0000E+00 0.0000E+00 0.0000E+00 2.4141E-02 6.2536E-02 4.1968E-02 3.4247E-02 3.1609E-02 1.6511E-02 0
 0 1.2036E-02 3.1352E-02 5.2966E-02 6.9244E-02 6.1626E-02 7.8246E-02 8.8041E-02 1.9222E-01 9.7944E-02 8.3329E-02 6.3844E-02 6.2655E-02 4.3166E-02 6.5476E-03 0.0000E+00 0.0000E+00 0.0000E+00 2.4133E-02 6.2964E-02 4.4098E-02 3.7378E-02 3.3257E-02 1.6971E-02 0
 0 1.2054E-02 3.1809E-02 5.4213E-02 7.0338E-02 6.3422E-02 8.0759E-02 8.9308E-02 1.8810E-01 9.7450E-02 9.0070E-02 7.0768E-02 6.6656E-02 4.4658E-02 5.9206E-03 0.0000E+00 0.0000E+00 0.0000E+00 2.5265E-02 6.6553E-02 4.6285E-02 4.0952E-02 3.4963E-02 1.7304E-02 0
 0 1.2094E-02 3.2989E-02 5.5491E-02 7.1440E-02 6.5091E-02 7.9696E-02 9.1774E-02 1.8436E-01 9.8735E-02 9.0013E-02 6.9848E-02 6.7550E-02 3.8605E-02 8.2711E-03 1.7785E-04 0.0000E+00 0.0000E+00 2.8216E-02 6.4932E-02 4.8873E-02 4.3272E-02 3.7055E-02 1.7927E-02 0
 0 1.2357E-02 3.3521E-02 5.6776E-02 7.3372E-02 6.3369E-02 8.1904E-02 9.1038E-02 1.7989E-01 9.9764E-02 9.3543E-02 7.2422E-02 7.0355E-02 4.0721E-02 6.2668E-03 4.0596E-04 0.0000E+00 0.0000E+00 2.7216E-02 6.7360E-02 5.1529E-02 4.5279E-02 3.7965E-02 1.8070E-02 0
 0 1.2366E-02 3.4414E-02 5.8212E-02 7.5080E-02 6.5825E-02 8.1763E-02 9.7162E-02 1.7969E-01 1.0269E-01 9.7055E-02 7.5298E-02 6.9811E-02 4.5449E-02 4.2510E-03 1.3532E-04 0.0000E+00 0.0000E+00 3.1015E-02 6.5024E-02 5.3197E-02 4.8700E-02 4.1023E-02 1.8523E-02 0
 0 1.2507E-02 3.5296E-02 5.9458E-02 7.6278E-02 6.7385E-02 8.3538E-02 9.6190E-02 1.7529E-01 1.0258E-01 9.7901E-02 7.5552E-02 7.2550E-02 4.2099E-02 5.1550E-03 6.2634E-04 0.0000E+00 0.0000E+00 2.9943E-02 6.8867E-02 5.7801E-02 5.0934E-02 4.2662E-02 1.9013E-02 0
 0 1.2527E-02 3.6353E-02 6.0656E-02 7.8189E-02 6.6491E-02 8.1461E-02 9.9403E-02 1.7046E-01 1.0402E-01 1.0329E-01 7.9884E-02 7.3342E-02 4.4298E-02 5.0204E-03 1.6239E-04 0.0000E+00 0.0000E+00 3.4090E-02 6.9292E-02 5.9947E-02 5.5398E-02 4.4238E-02 1.9695E-02 0
 0 1.2677E-02 3.6847E-02 6.1913E-02 7.9475E-02 6.8324E-02 8.4192E-02 9.8262E-02 1.6865E-01 1.0550E-01 1.0623E-01 8.1209E-02 7.3280E-02 5.3486E-02 7.4478E-03 9.6658E-05 0.0000E+00 0.0000E+00 3.7457E-02 7.1171E-02 5.9989E-02 5.7991E-02 4.6353E-02 2.0187E-02 0
 0 1.2592E-02 3.7840E-02 6.3149E-02 7.9813E-02 6.8127E-02 8.5701E-02 1.0019E-01 1.6056E-01 1.0612E-01 1.0650E-01 8.0557E-02 8.1960E-02 5.0234E-02 7.4209E-03 6.1861E-04 0.0000E+00 6.9461E-05 4.0093E-02 6.7990E-02 6.3485E-02 6.0468E-02 4.8103E-02 2.0559E-02 0
 0 1.2768E-02 3.8903E-02 6.4529E-02 8.1534E-02 7.0905E-02 8.5655E-02 9.9837E-02 1.5727E-01 1.0792E-01 1.0749E-01 8.2695E-02 7.8878E-02 5.4428E-02 8.4519E-03 1.1676E-03 0.0000E+00 6.1743E-05 3.6052E-02 6.9412E-02 6.5152E-02 6.4581E-02 5.0846E-02 2.0941E-02 0
 0 1.2881E-02 3.9350E-02 6.5701E-02 8.2153E-02 6.9689E-02 8.5709E-02 1.0141E-01 1.5199E-01 1.1126E-01 1.1279E-01 8.3639E-02 8.0206E-02 5.5030E-02 7.6594E-03 2.6910E-03 0.0000E+00 0.0000E+00 4.2142E-02 7.0400E-02 6.8185E-02 6.7267E-02 5.3155E-02 2.1458E-02 0
 0 1.2821E-02 3.9946E-02 6.6863E-02 8.4323E-02 7.0340E-02 8.6075E-02 1.0318E-01 1.4850E-01 1.0882E-01 1.1105E-01 8.5390E-02 8.0060E-02 5.3804E-02 1.1987E-02 1.9950E-03 0.0000E+00 8.8756E-04 4.3596E-02 7.0782E-02 7.2192E-02 7.1794E-02 5.4768E-02 2.1895E-02 0
 0 1.2956E-02 4.1150E-02 6.7961E-02 8.4787E-02 7.1448E-02 8.6010E-02 1.0502E-01 1.4288E-01 1.0987E-01 1.1501E-01 8.5671E-02 8.2463E-02 5.3823E-02 8.8328E-03 9.8591E-04 0.0000E+00 5.9042E-04 4.4441E-02 7.3129E-02 7.4424E-02 7.4351E-02 5.7201E-02 2.2588E-02 0
 0 1.2978E-02 4.2100E-02 6.9407E-02 8.8956E-02 7.2233E-02 8.6678E-02 1.0518E-01 1.3601E-01 1.1213E-01 1.1906E-01 8.8860E-02 8.2543E-02 5.6037E-02 9.6445E-03 1.5001E-03 0.0000E+00 1.0805E-04 4.6611E-02 7.3833E-02 7.7379E-02 7.8262E-02 5.9330E-02 2.2825E-02 0
 0 1.3010E-02 4.2446E-02 7.0485E-02 8.7657E-02 7.2986E-02 8.5842E-02 1.0584E-01 1.3817E-01 1.1351E-01 1.1779E-01 9.3353E-02 8.4236E-02 5.5394E-02 1.0010E-02 1.2604E-03 0.0000E+00 2.2382E-04 5.4633E-02 7.3465E-02 7.9752E-02 8.1254E-02 6.1420E-02 2.3202E-02 0
 0 1.3168E-02 4.3857E-02 7.1558E-02 8.9166E-02 7.3570E-02 8.8146E-02 1.0799E-01 1.3080E-01 1.1281E-01 1.2085E-01 9.4308E-02 8.4323E-02 5.6030E-02 1.0849E-02 3.9823E-04 0.0000E+00 1.2889E-03 5.1879E-02 7.3847E-02 8.2800E-02 8.4205E-02 6.3358E-02 2.3868E-02 0
 0 1.3163E-02 4.4179E-02 7.2649E-02 9.1133E-02 7.3160E-02 8.7847E-02 1.0886E-01 1.2565E-01 1.1350E-01 1.2373E-01 9.2512E-02 8.4250E-02 5.8384E-02 1.0175E-02 1.0826E-04 0.0000E+00 2.5083E-04 5.4337E-02 7.4385E-02 8.5495E-02 8.7231E-02 6.5917E-02 2.4203E-02 0
 0 1.3058E-02 4.4970E-02 7.3947E-02 9.2477E-02 7.5112E-02 9.0146E-02 1.0846E-01 1.2243E-01 1.1598E-01 1.2337E-01 9.5681E-02 8.5155E-02 5.7192E-02 1.2891E-02 1.6625E-04 0.0000E+00 1.0882E-03 5.5951E-02 7.6749E-02 8.8053E-02 9.1554E-02 6.8101E-02 2.4515E-02 0
 0 1.3364E-02 4.5371E-02 7.4917E-02 9.2337E-02 7.6110E-02 8.9078E-02 1.1041E-01 1.2013E-01 1.1476E-01 1.2615E-01 9.5203E-02 8.4396E-02 6.2071E-02 1.1803E-02 6.8047E-04 0.0000E+00 1.8137E-03 5.7261E-02 7.2403E-02 9.0321E-02 9.4620E-02 7.0915E-02 2.5224E-02 0
 0 1.3279E-02 4.6201E-02 7.5957E-02 9.3557E-02 7.5640E-02 9.1011E-02 1.1091E-01 1.1637E-01 1.1708E-01 1.2455E-01 9.8941E-02 8.8787E-02 5.9085E-02 1.7285E-02 2.1265E-04 0.0000E+00 1.5204E-03 5.6015E-02 7.3684E-02 9.2562E-02 9.7915E-02 7.2875E-02 2.5532E-02 0
 0 1.3259E-02 4.7006E-02 7.7068E-02 9.4543E-02 7.7677E-02 9.1404E-02 1.1426E-01 1.1096E-01 1.1637E-01 1.2716E-01 9.7517E-02 9.0173E-02 6.0811E-02 1.3919E-02 3.7117E-04 0.0000E+00 1.5706E-03 5.9052E-02 7.4955E-02 9.4462E-02 1.0237E-01 7.4542E-02 2.5996E-02 0
 0 1.3280E-02 4.7735E-02 7.8108E-02 9.5499E-02 7.9204E-02 9.2629E-02 1.1249E-01 1.0953E-01 1.1606E-01 1.2867E-01 1.0090E-01 8.7274E-02 6.2617E-02 1.6265E-02 7.0754E-04 0.0000E+00 2.3347E-03 6.1575E-02 7.6438E-02 9.8544E-02 1.0566E-01 7.7159E-02 2.6345E-02 0
 0 1.3318E-02 4.8534E-02 7.8951E-02 9.6021E-02 7.7703E-02 9.1770E-02 1.1468E-01 1.0471E-01 1.1685E-01 1.2949E-01 1.0179E-01 8.8244E-02 6.5088E-02 1.7062E-02 6.7661E-04 0.0000E+00 2.4813E-03 6.0177E-02 7.7103E-02 1.0097E-01 1.0919E-01 7.9012E-02 2.6539E-02 0
 0 1.3149E-02 4.9042E-02 7.9943E-02 9.7061E-02 7.8606E-02 9.3153E-02 1.1357E-01 1.0161E-01 1.1599E-01 1.3021E-01 1.0036E-01 9.1537E-02 6.3824E-02 1.8985E-02 1.0014E-03 0.0000E+00 2.4775E-03 6.0109E-02 7.6077E-02 1.0391E-01 1.1145E-01 8.1758E-02 2.7335E-02 0
 0 1.3363E-02 4.9782E-02 8.1001E-02 9.8032E-02 7.8898E-02 9.3086E-02 1.1731E-01 1.0075E-01 1.1929E-01 1.2974E-01 1.0272E-01 8.7981E-02 6.0830E-02 2.0666E-02 9.3178E-04 0.0000E+00 3.0833E-03 6.8066E-02 7.7330E-02 1.0404E-01 1.1673E-01 8.3484E-02 2.7568E-02 0
 0 1.3298E-02 5.0986E-02 8.1550E-02 9.8831E-02 8.0757E-02 9.0234E-02 1.1643E-01 9.6223E-02 1.1961E-01 1.3261E-01 1.0561E-01 8.8058E-02 6.0031E-02 1.8750E-02 1.8365E-03 0.0000E+00 3.8474E-03 6.4442E-02 7.7355E-02 1.0798E-01 1.2008E-01 8.5344E-02 2.8150E-02 0
 0 1.3389E-02 5.0874E-02 8.2425E-02 9.9349E-02 8.0011E-02 9.3505E-02 1.1783E-01 9.4545E-02 1.2014E-01 1.3475E-01 1.0514E-01 9.0385E-02 6.3328E-02 1.8485E-02 1.7785E-03 0.0000E+00 4.8121E-03 6.4563E-02 7.8084E-02 1.1093E-01 1.2140E-01 8.7271E-02 2.8343E-02 0
 0 1.3296E-02 5.1138E-02 8.3349E-02 1.0050E-01 8.2275E-02 9.4167E-02 1.1716E-01 9.1769E-02 1.1833E-01 1.3388E-01 1.0711E-01 9.3438E-02 6.1901E-02 1.8589E-02 2.1342E-03 0.0000E+00 6.1473E-03 5.9867E-02 7.5560E-02 1.1216E-01 1.2581E-01 8.9756E-02 2.8726E-02 0
 0 1.3416E-02 5.2549E-02 8.4082E-02 1.0123E-01 8.2382E-02 9.5094E-02 1.1580E-01 9.0038E-02 1.1969E-01 1.3639E-01 1.0847E-01 8.8970E-02 5.9804E-02 2.0528E-02 2.0144E-03 0.0000E+00 6.8844E-03 6.6059E-02 7.5772E-02 1.1775E-01 1.2903E-01 9.1714E-02 2.9003E-02 0
 0 1.3314E-02 5.2511E-02 8.4902E-02 1.0207E-01 8.2736E-02 9.4685E-02 1.1812E-01 8.9289E-02 1.1935E-01 1.3143E-01 1.1025E-01 9.1428E-02 6.1594E-02 1.7054E-02 3.3018E-03 0.0000E+00 8.1192E-03 6.7191E-02 7.6909E-02 1.1841E-01 1.3250E-01 9.4480E-02 2.9292E-02 0
 0 1.3184E-02 5.3211E-02 8.5544E-02 1.0235E-01 8.3223E-02 9.6004E-02 1.1667E-01 8.5887E-02 1.2093E-01 1.3442E-01 1.0976E-01 9.0553E-02 6.1950E-02 1.8235E-02 2.5131E-03 0.0000E+00 8.0884E-03 6.7301E-02 7.6664E-02 1.1897E-01 1.3406E-01 9.5084E-02 2.9375E-02 0
 0 1.3239E-02 5.3578E-02 8.6125E-02 1.0351E-01 8.3893E-02 9.5823E-02 1.1888E-01 8.3719E-02 1.2041E-01 1.3659E-01 1.0910E-01 9.0782E-02 6.2302E-02 1.8166E-02 3.3366E-03 0.0000E+00 1.0577E-02 7.0850E-02 7.5765E-02 1.2247E-01 1.3810E-01 9.6879E-02 3.0103E-02 0
 0 1.3303E-02 5.4238E-02 8.6949E-02 1.0347E-01 8.5355E-02 9.4982E-02 1.1861E-01 8.0892E-02 1.1832E-01 1.3785E-01 1.0836E-01 8.9389E-02 5.9668E-02 1.9143E-02 3.4217E-03 0.0000E+00 1.0211E-02 6.9952E-02 7.7701E-02 1.2332E-01 1.4218E-01 1.0025E-01 3.0560E-02 0
 0 1.3207E-02 5.4785E-02 8.7397E-02 1.0491E-01 8.5468E-02 9.6399E-02 1.2009E-01 8.0901E-02 1.1944E-01 1.3494E-01 1.1172E-01 8.9739E-02 6.0599E-02 2.1032E-02 3.3985E-03 0.0000E+00 1.3475E-02 6.9028E-02 7.8179E-02 1.2735E-01 1.4545E-01 1.0072E-01 3.0643E-02 0
 0 1.3282E-02 5.5092E-02 8.8317E-02 1.0464E-01 8.6500E-02 9.4255E-02 1.1883E-01 7.9006E-02 1.2128E-01 1.3885E-01 1.1387E-01 9.0720E-02 6.3075E-02 2.1012E-02 4.0480E-03 0.0000E+00 2.0070E-02 7.0589E-02 7.5620E-02 1.2873E-01 1.4768E-01 1.0280E-01 3.0710E-02 0
 0 1.3267E-02 5.5613E-02 8.8704E-02 1.0648E-01 8.5981E-02 9.4704E-02 1.1905E-01 7.6891E-02 1.1955E-01 1.3502E-01 1.1045E-01 8.7336E-02 6.2855E-02 2.3190E-02 3.1820E-03 0.0000E+00 1.7551E-02 7.1077E-02 8.0766E-02 1.3242E-01 1.5026E-01 1.0480E-01 3.1262E-02 0
 0 1.3265E-02 5.5851E-02 8.9105E-02 1.0536E-01 8.7033E-02 9.7134E-02 1.1858E-01 7.5604E-02 1.2167E-01 1.3351E-01 1.1128E-01 9.1614E-02 6.3601E-02 2.2990E-02 5.2389E-03 0.0000E+00 2.0298E-02 7.2088E-02 7.7793E-02 1.3330E-01 1.5177E-01 1.0612E-01 3.1514E-02 0
 0 1.3242E-02 5.6041E-02 8.9423E-02 1.0617E-01 8.7841E-02 9.6770E-02 1.2023E-01 7.4496E-02 1.1795E-01 1.3862E-01 1.1344E-01 8.9623E-02 6.0190E-02 2.4786E-02 5.1074E-03 0.0000E+00 1.6632E-02 7.3111E-02 7.5861E-02 1.3309E-01 1.5254E-01 1.0769E-01 3.1491E-02 0
 0 1.3091E-02 5.5803E-02 9.0092E-02 1.0568E-01 8.8525E-02 9.8095E-02 1.2005E-01 7.1629E-02 1.1969E-01 1.3331E-01 1.1327E-01 8.8474E-02 6.1981E-02 2.6183E-02 3.5725E-03 0.0000E+00 1.8712E-02 6.7608E-02 7.6689E-02 1.3937E-01 1.5685E-01 1.0968E-01 3.1370E-02 0
 0 1.3073E-02 5.6741E-02 9.0504E-02 1.0736E-01 8.7957E-02 9.6621E-02 1.1818E-01 7.3142E-02 1.1783E-01 1.3400E-01 1.1417E-01 8.8131E-02 6.2105E-02 2.5637E-02 4.3728E-03 0.0000E+00 2.2189E-02 6.9983E-02 7.8459E-02 1.3895E-01 1.5736E-01 1.1008E-01 3.1896E-02 0
 0 1.3146E-02 5.7706E-02 9.0937E-02 1.0698E-01 9.0365E-02 9.8498E-02 1.2022E-01 7.1250E-02 1.1716E-01 1.3532E-01 1.1374E-01 8.7274E-02 6.1379E-02 2.6221E-02 3.1627E-03 0.0000E+00 2.3509E-02 6.9123E-02 7.6877E-02 1.4160E-01 1.6106E-01 1.1104E-01 3.2576E-02 0
 0 1.3068E-02 5.7371E-02 9.1138E-02 1.0622E-01 9.0435E-02 9.9286E-02 1.2062E-01 6.9178E-02 1.1815E-01 1.3279E-01 1.1606E-01 8.3298E-02 6.1167E-02 2.4859E-02 3.4410E-03 0.0000E+00 2.4416E-02 6.9316E-02 7.8335E-02 1.4226E-01 1.6172E-01 1.1304E-01 3.1875E-02 0
 0 1.3084E-02 5.7292E-02 9.1507E-02 1.0700E-01 9.0954E-02 9.8255E-02 1.1834E-01 7.0063E-02 1.1971E-01 1.3443E-01 1.1256E-01 8.7515E-02 6.2242E-02 2.4898E-02 2.9229E-03 0.0000E+00 2.5292E-02 6.7896E-02 7.8926E-02 1.4345E-01 1.6589E-01 1.1380E-01 3.2247E-02 0
 0 1.2996E-02 5.7908E-02 9.1828E-02 1.0727E-01 9.0354E-02 9.7846E-02 1.1872E-01 6.8729E-02 1.1918E-01 1.3526E-01 1.1567E-01 8.6789E-02 5.8225E-02 2.5552E-02 3.7735E-03 0.0000E+00 2.1683E-02 7.3346E-02 7.9287E-02 1.4465E-01 1.6791E-01 1.1477E-01 3.2547E-02 0
 0 1.2866E-02 5.7837E-02 9.2100E-02 1.0910E-01 9.1524E-02 9.6912E-02 1.1791E-01 6.8356E-02 1.1736E-01 1.3119E-01 1.1594E-01 8.4670E-02 5.9482E-02 2.6887E-02 4.7517E-03 0.0000E+00 2.6399E-02 7.3456E-02 7.7450E-02 1.4707E-01 1.6732E-01 1.1655E-01 3.2263E-02 0
 0 1.2863E-02 5.7814E-02 9.2413E-02 1.0833E-01 9.2583E-02 9.7822E-02 1.1831E-01 6.7742E-02 1.1684E-01 1.3240E-01 1.1307E-01 8.4852E-02 5.9300E-02 2.9822E-02 4.0442E-03 0.0000E+00 2.4423E-02 7.0456E-02 7.8841E-02 1.4931E-01 1.7018E-01 1.1707E-01 3.2449E-02 0
 0 1.2830E-02 5.8099E-02 9.2501E-02 1.0861E-01 9.2625E-02 1.0002E-01 1.1803E-01 6.5523E-02 1.1813E-01 1.3004E-01 1.1516E-01 8.3565E-02 5.6961E-02 2.8153E-02 6.0469E-03 0.0000E+00 3.0933E-02 7.4043E-02 7.7818E-02 1.5061E-01 1.7105E-01 1.1888E-01 3.2734E-02 0
 0 1.2646E-02 5.8362E-02 9.2423E-02 1.0817E-01 9.3932E-02 9.8466E-02 1.1961E-01 6.6135E-02 1.1836E-01 1.2867E-01 1.1623E-01 8.4940E-02 5.8324E-02 2.9718E-02 6.3137E-03 0.0000E+00 2.6538E-02 7.1736E-02 7.8200E-02 1.4732E-01 1.7012E-01 1.1881E-01 3.3055E-02 0
 0 1.2698E-02 5.8593E-02 9.2413E-02 1.0935E-01 9.3387E-02 1.0028E-01 1.1925E-01 6.4495E-02 1.1592E-01 1.2913E-01 1.1525E-01 8.2686E-02 5.9626E-02 3.0768E-02 6.1861E-03 0.0000E+00 2.7730E-02 6.8608E-02 7.8993E-02 1.4953E-01 1.7127E-01 1.2060E-01 3.2453E-02 0
 0 1.2732E-02 5.8590E-02 9.2801E-02 1.0830E-01 9.4062E-02 9.9115E-02 1.1836E-01 6.4930E-02 1.1690E-01 1.3014E-01 1.1355E-01 8.3984E-02 5.9456E-02 2.9480E-02 4.4153E-03 0.0000E+00 2.6743E-02 6.9555E-02 7.6109E-02 1.5137E-01 1.7196E-01 1.2000E-01 3.2618E-02 0
 0 1.2565E-02 5.9295E-02 9.2876E-02 1.0896E-01 9.5461E-02 1.0058E-01 1.1871E-01 6.4069E-02 1.1560E-01 1.2817E-01 1.1469E-01 8.1964E-02 5.8767E-02 3.3215E-02 4.2878E-03 0.0000E+00 2.7630E-02 6.7479E-02 7.7666E-02 1.5306E-01 1.7488E-01 1.2020E-01 3.2995E-02 0
 0 1.2451E-02 5.8760E-02 9.2813E-02 1.0795E-01 9.4914E-02 9.8244E-02 1.1865E-01 6.3006E-02 1.1326E-01 1.2775E-01 1.1348E-01 7.9421E-02 5.5553E-02 2.9322E-02 5.6371E-03 0.0000E+00 2.7495E-02 6.5574E-02 7.6477E-02 1.5161E-01 1.7431E-01 1.2120E-01 3.2840E-02 0
 0 1.2258E-02 5.8773E-02 9.2804E-02 1.0890E-01 9.7014E-02 9.7903E-02 1.1552E-01 6.3496E-02 1.1505E-01 1.2358E-01 1.1417E-01 8.1530E-02 5.6946E-02 3.2530E-02 3.9707E-03 0.0000E+00 2.8931E-02 6.8850E-02 7.7425E-02 1.5482E-01 1.7361E-01 1.2219E-01 3.2324E-02 0
 0 1.2249E-02 5.8552E-02 9.2759E-02 1.0950E-01 9.6750E-02 9.8861E-02 1.1697E-01 6.3053E-02 1.1215E-01 1.2687E-01 1.1329E-01 8.1238E-02 5.7146E-02 3.5143E-02 6.1397E-03 0.0000E+00 2.7522E-02 6.6332E-02 7.6123E-02 1.5193E-01 1.7660E-01 1.2199E-01 3.2539E-02 0
 0 1.2179E-02 5.8716E-02 9.2805E-02 1.0838E-01 9.8386E-02 9.8736E-02 1.1456E-01 6.3079E-02 1.1257E-01 1.2409E-01 1.1622E-01 7.8429E-02 5.4319E-02 3.3396E-02 6.2170E-03 0.0000E+00 3.0493E-02 6.4938E-02 7.5457E-02 1.5494E-01 1.7752E-01 1.2190E-01 3.2740E-02 0
 0 1.2078E-02 5.8402E-02 9.2557E-02 1.0860E-01 9.7672E-02 1.0081E-01 1.1634E-01 6.2168E-02 1.1343E-01 1.2681E-01 1.1191E-01 7.8659E-02 5.7158E-02 3.6100E-02 5.2157E-03 0.0000E+00 3.1180E-02 6.6298E-02 7.4849E-02 1.5562E-01 1.7533E-01 1.2324E-01 3.2757E-02 0
 0 1.1998E-02 5.7941E-02 9.2614E-02 1.0795E-01 9.7100E-02 1.0041E-01 1.1512E-01 6.1645E-02 1.1336E-01 1.2282E-01 1.1337E-01 7.5844E-02 5.2638E-02 3.1884E-02 5.4322E-03 0.0000E+00 2.4041E-02 6.3953E-02 7.7634E-02 1.5660E-01 1.7534E-01 1.2192E-01 3.2453E-02 0
 0 1.2031E-02 5.8283E-02 9.2414E-02 1.0802E-01 9.7415E-02 1.0118E-01 1.1494E-01 6.2985E-02 1.1124E-01 1.2287E-01 1.1069E-01 7.7674E-02 5.2062E-02 3.5600E-02 6.3021E-03 0.0000E+00 2.3474E-02 6.2855E-02 7.6509E-02 1.5589E-01 1.7783E-01 1.2174E-01 3.2560E-02 0
 0 1.1878E-02 5.7643E-02 9.2220E-02 1.0948E-01 9.7624E-02 1.0101E-01 1.1323E-01 6.2953E-02 1.1048E-01 1.2135E-01 1.1338E-01 7.5322E-02 5.2203E-02 3.7081E-02 5.0185E-03 0.0000E+00 2.8329E-02 5.9234E-02 7.5567E-02 1.5528E-01 1.7492E-01 1.2260E-01 3.2080E-02 0
 0 1.1784E-02 5.7085E-02 9.1868E-02 1.0810E-01 9.7969E-02 1.0006E-01 1.1387E-01 6.1998E-02 1.1092E-01 1.2072E-01 1.1346E-01 7.8214E-02 5.1858E-02 3.3173E-02 6.5959E-03 0.0000E+00 2.5488E-02 6.1363E-02 7.3730E-02 1.5616E-01 1.7544E-01 1.2236E-01 3.2036E-02 0
 0 1.1679E-02 5.6859E-02 9.1663E-02 1.0712E-01 9.9246E-02 9.9593E-02 1.1459E-01 6.1866E-02 1.1169E-01 1.2002E-01 1.0940E-01 7.6573E-02 5.0847E-02 3.4254E-02 6.0740E-03 0.0000E+00 2.5774E-02 6.0772E-02 7.5224E-02 1.5503E-01 1.7702E-01 1.2168E-01 3.2082E-02 0
 0 1.1624E-02 5.7153E-02 9.1339E-02 1.0823E-01 9.9355E-02 9.9355E-02 1.1239E-01 6.2674E-02 1.0992E-01 1.1847E-01 1.0923E-01 7.4020E-02 5.2127E-02 3.6531E-02 6.2905E-03 0.0000E+00 2.3250E-02 6.0155E-02 7.5500E-02 1.5482E-01 1.7714E-01 1.2158E-01 3.2016E-02 0
 0 1.1609E-02 5.7141E-02 9.1185E-02 1.0675E-01 9.8511E-02 9.9758E-02 1.1295E-01 6.2171E-02 1.0969E-01 1.1635E-01 1.1169E-01 7.3903E-02 5.0321E-02 3.6831E-02 6.8705E-03 0.0000E+00 2.1780E-02 6.1855E-02 7.5192E-02 1.5512E-01 1.7576E-01 1.2208E-01 3.1586E-02 0
 0 1.1429E-02 5.5587E-02 9.0895E-02 1.0594E-01 1.0055E-01 1.0011E-01 1.1224E-01 6.1651E-02 1.0984E-01 1.1458E-01 1.0958E-01 7.6274E-02 5.3376E-02 3.4896E-02 6.2905E-03 0.0000E+00 1.9889E-02 5.8677E-02 7.7461E-02 1.5688E-01 1.7548E-01 1.2071E-01 3.1556E-02 0
 0 1.1186E-02 5.6408E-02 9.0441E-02 1.0793E-01 1.0061E-01 1.0067E-01 1.1058E-01 6.3003E-02 1.0783E-01 1.1517E-01 1.0898E-01 7.5110E-02 4.9734E-02 3.7351E-02 6.1475E-03 0.0000E+00 2.3667E-02 5.7500E-02 7.5921E-02 1.5542E-01 1.7496E-01 1.2183E-01 3.1139E-02 0
 0 1.1164E-02 5.4846E-02 9.0132E-02 1.0635E-01 1.0129E-01 9.9181E-02 1.0880E-01 6.2574E-02 1.0720E-01 1.1368E-01 1.1048E-01 7.3064E-02 5.0416E-02 3.8982E-02 5.3974E-03 0.0000E+00 2.1996E-02 5.7390E-02 7.5879E-02 1.5619E-01 1.7578E-01 1.2014E-01 3.1208E-02 0
 0 1.1104E-02 5.5273E-02 8.9801E-02 1.0624E-01 1.0063E-01 1.0198E-01 1.0958E-01 6.3511E-02 1.0654E-01 1.1146E-01 1.0903E-01 7.0756E-02 5.1464E-02 3.5046E-02 5.5327E-03 0.0000E+00 2.1332E-02 5.6159E-02 7.5826E-02 1.5211E-01 1.7420E-01 1.1965E-01 3.0961E-02 0
 0 1.1008E-02 5.4681E-02 8.9311E-02 1.0570E-01 1.0142E-01 9.8565E-02 1.1042E-01 6.3170E-02 1.0701E-01 1.1320E-01 1.0957E-01 7.2007E-02 4.9439E-02 3.8166E-02 6.4800E-03 0.0000E+00 2.1460E-02 5.5246E-02 7.5642E-02 1.5319E-01 1.7421E-01 1.1888E-01 3.0543E-02 0
 0 1.0934E-02 5.4247E-02 8.8964E-02 1.0472E-01 1.0140E-01 9.9398E-02 1.0835E-01 6.3079E-02 1.0487E-01 1.1014E-01 1.0620E-01 7.2583E-02 4.8777E-02 3.8332E-02 7.4079E-03 0.0000E+00 1.8866E-02 5.6841E-02 7.3674E-02 1.5433E-01 1.7359E-01 1.1827E-01 3.0156E-02 0
 0 1.0929E-02 5.4267E-02 8.8513E-02 1.0543E-01 1.0131E-01 1.0044E-01 1.0957E-01 6.3208E-02 1.0711E-01 1.0858E-01 1.0866E-01 7.0807E-02 4.7970E-02 3.6862E-02 5.2002E-03 0.0000E+00 2.1124E-02 5.1925E-02 7.4792E-02 1.5324E-01 1.7018E-01 1.1645E-01 2.9701E-02 0
 0 1.0654E-02 5.3506E-02 8.8057E-02 1.0442E-01 1.0281E-01 1.0079E-01 1.0914E-01 6.3837E-02 1.0441E-01 1.0875E-01 1.0627E-01 7.1062E-02 4.7361E-02 3.8832E-02 4.7826E-03 0.0000E+00 1.9920E-02 5.2175E-02 7.5514E-02 1.5035E-01 1.7106E-01 1.1713E-01 2.9418E-02 0
 0 1.0555E-02 5.3397E-02 8.7539E-02 1.0507E-01 1.0216E-01 1.0119E-01 1.0753E-01 6.3423E-02 1.0341E-01 1.0636E-01 1.0668E-01 7.0110E-02 4.7705E-02 4.0586E-02 4.8484E-03 0.0000E+00 1.6200E-02 5.1470E-02 7.5167E-02 1.5258E-01 1.6847E-01 1.1526E-01 2.9534E-02 0
 0 1.0491E-02 5.2473E-02 8.7071E-02 1.0460E-01 1.0282E-01 1.0050E-01 1.0613E-01 6.4207E-02 1.0322E-01 1.0668E-01 1.0631E-01 6.9950E-02 4.6687E-02 3.6516E-02 5.8304E-03 0.0000E+00 1.8508E-02 5.0379E-02 7.4116E-02 1.5137E-01 1.6984E-01 1.1347E-01 2.9160E-02 0
 0 1.0318E-02 5.2095E-02 8.6584E-02 1.0367E-01 1.0162E-01 9.9956E-02 1.0603E-01 6.3960E-02 1.0210E-01 1.0501E-01 1.0329E-01 6.9348E-02 4.5669E-02 3.7601E-02 5.5288E-03 0.0000E+00 1.8361E-02 5.0300E-02 7.4190E-02 1.5002E-01 1.6878E-01 1.1301E-01 2.8742E-02 0
 0 1.0338E-02 5.1137E-02 8.5993E-02 1.0268E-01 1.0321E-01 9.9670E-02 1.0674E-01 6.4689E-02 1.0267E-01 1.0519E-01 1.0530E-01 6.7247E-02 4.4582E-02 4.1829E-02 6.0624E-03 0.0000E+00 1.5953E-02 4.9118E-02 7.3260E-02 1.5019E-01 1.6546E-01 1.1295E-01 2.8718E-02 0
 0 1.0096E-02 5.1717E-02 8.5603E-02 1.0367E-01 1.0248E-01 9.9924E-02 1.0478E-01 6.5788E-02 1.0095E-01 1.0248E-01 1.0137E-01 6.7831E-02 4.5449E-02 3.6331E-02 5.2621E-03 0.0000E+00 1.5575E-02 4.7770E-02 7.3490E-02 1.5028E-01 1.6435E-01 1.1116E-01 2.8076E-02 0
 0 9.9207E-03 5.0255E-02 8.4825E-02 1.0171E-01 1.0333E-01 9.9328E-02 1.0439E-01 6.4821E-02 1.0178E-01 1.0255E-01 1.0078E-01 6.8199E-02 4.4408E-02 3.8382E-02 5.6564E-03 0.0000E+00 1.4375E-02 4.8626E-02 7.4286E-02 1.4711E-01 1.6417E-01 1.1087E-01 2.7578E-02 0
 0 9.8806E-03 4.9871E-02 8.4394E-02 1.0336E-01 1.0508E-01 1.0055E-01 1.0319E-01 6.4163E-02 9.9090E-02 1.0182E-01 1.0164E-01 6.8691E-02 4.5108E-02 4.1121E-02 5.8923E-03 0.0000E+00 1.3263E-02 4.6403E-02 7.3691E-02 1.4691E-01 1.6118E-01 1.0944E-01 2.7607E-02 0
 0 9.8839E-03 4.9392E-02 8.3872E-02 1.0150E-01 1.0508E-01 1.0086E-01 1.0056E-01 6.6284E-02 9.8512E-02 9.9678E-02 9.9237E-02 6.7718E-02 4.4737E-02 3.6508E-02 5.7647E-03 0.0000E+00 1.3985E-02 4.6054E-02 7.3440E-02 1.4718E-01 1.5968E-01 1.0834E-01 2.7364E-02 0
 0 9.7609E-03 4.9379E-02 8.3153E-02 1.0091E-01 1.0393E-01 9.9590E-02 1.0356E-01 6.6446E-02 9.8040E-02 9.9403E-02 1.0018E-01 6.7028E-02 4.4927E-02 3.9809E-02 7.6940E-03 0.0000E+00 1.2453E-02 4.4210E-02 7.0446E-02 1.4455E-01 1.5942E-01 1.0747E-01 2.6885E-02 0
 0 9.5840E-03 4.8313E-02 8.2470E-02 9.9432E-02 1.0513E-01 9.8522E-02 1.0197E-01 6.6258E-02 9.7498E-02 9.8821E-02 1.0053E-01 6.5766E-02 4.4067E-02 3.8655E-02 5.6719E-03 0.0000E+00 1.3452E-02 4.5225E-02 7.4820E-02 1.4602E-01 1.5811E-01 1.0574E-01 2.6406E-02 0
 0 9.4659E-03 4.7994E-02 8.2002E-02 1.0017E-01 1.0340E-01 1.0046E-01 1.0151E-01 6.7859E-02 9.7766E-02 9.7869E-02 9.8770E-02 6.5558E-02 4.0119E-02 3.6593E-02 6.0392E-03 0.0000E+00 1.3225E-02 4.2839E-02 7.3217E-02 1.4432E-01 1.5603E-01 1.0427E-01 2.6039E-02 0
 0 9.3324E-03 4.6723E-02 8.1402E-02 9.8073E-02 1.0294E-01 9.9764E-02 9.9817E-02 6.8494E-02 9.7917E-02 9.8259E-02 9.8732E-02 6.3928E-02 4.3125E-02 3.5204E-02 5.8961E-03 0.0000E+00 1.1384E-02 4.3331E-02 7.2042E-02 1.4544E-01 1.5564E-01 1.0411E-01 2.5686E-02 0
 0 9.2229E-03 4.7017E-02 8.0660E-02 9.9052E-02 1.0373E-01 9.9606E-02 1.0140E-01 6.8611E-02 9.6268E-02 9.6029E-02 9.8828E-02 6.4909E-02 4.0797E-02 3.7428E-02 4.6976E-03 0.0000E+00 1.1801E-02 4.3047E-02 7.2757E-02 1.4173E-01 1.5258E-01 1.0271E-01 2.5063E-02 0
 0 9.1861E-03 4.6103E-02 7.9888E-02 9.8051E-02 1.0503E-01 1.0153E-01 9.8765E-02 6.8979E-02 9.7128E-02 9.5693E-02 9.6662E-02 6.5693E-02 4.1361E-02 3.5416E-02 5.4283E-03 0.0000E+00 1.1264E-02 4.2521E-02 7.1936E-02 1.4209E-01 1.5366E-01 1.0155E-01 2.5030E-02 0
 0 8.9685E-03 4.5968E-02 7.9451E-02 9.7709E-02 1.0553E-01 9.9723E-02 9.7417E-02 6.9161E-02 9.5112E-02 9.3920E-02 9.7500E-02 6.3122E-02 4.1414E-02 3.8566E-02 5.0881E-03 0.0000E+00 1.0157E-02 4.1532E-02 7.0432E-02 1.3920E-01 1.4905E-01 1.0100E-01 2.4563E-02 0
 0 8.8716E-03 4.4934E-02 7.8765E-02 9.7362E-02 1.0385E-01 9.9849E-02 9.8432E-02 6.9434E-02 9.5940E-02 9.3914E-02 9.5142E-02 6.4180E-02 3.9283E-02 3.6197E-02 4.3110E-03 0.0000E+00 1.0080E-02 4.0619E-02 7.3122E-02 1.3860E-01 1.4985E-01 9.8513E-02 2.4025E-02 0
 0 8.8504E-03 4.4868E-02 7.7964E-02 9.7325E-02 1.0507E-01 1.0020E-01 9.6958E-02 7.0830E-02 9.3268E-02 9.3927E-02 9.3848E-02 6.3906E-02 4.1270E-02 3.7866E-02 7.4349E-03 0.0000E+00 9.6628E-03 4.0025E-02 7.3429E-02 1.3694E-01 1.4864E-01 9.7525E-02 2.3418E-02 0
 0 8.6625E-03 4.3971E-02 7.7175E-02 9.5711E-02 1.0436E-01 1.0112E-01 9.7377E-02 7.1159E-02 9.2651E-02 9.2122E-02 9.4098E-02 6.3925E-02 4.0433E-02 3.4842E-02 5.2002E-03 0.0000E+00 8.7984E-03 3.9654E-02 7.2764E-02 1.3680E-01 1.4569E-01 9.6743E-02 2.3228E-02 0
 0 8.6009E-03 4.3289E-02 7.6564E-02 9.5141E-02 1.0438E-01 1.0093E-01 9.6443E-02 7.1179E-02 9.1336E-02 9.3189E-02 9.2365E-02 6.2994E-02 3.8790E-02 3.4885E-02 6.1359E-03 0.0000E+00 8.1154E-03 3.9464E-02 7.2676E-02 1.3653E-01 1.4398E-01 9.4349E-02 2.3384E-02 0
 0 8.4227E-03 4.2626E-02 7.5861E-02 9.4651E-02 1.0522E-01 9.9625E-02 9.5650E-02 7.2619E-02 9.4002E-02 8.9901E-02 9.5138E-02 6.1827E-02 3.9816E-02 3.4369E-02 6.0469E-03 0.0000E+00 7.6176E-03 4.0066E-02 7.3872E-02 1.3393E-01 1.4353E-01 9.3836E-02 2.2576E-02 0
 0 8.2466E-03 4.2185E-02 7.5182E-02 9.3385E-02 1.0457E-01 9.8744E-02 9.5943E-02 7.1511E-02 9.1411E-02 8.9949E-02 9.1304E-02 6.0398E-02 4.0074E-02 3.5893E-02 6.1243E-03 0.0000E+00 9.2383E-03 3.8438E-02 7.2658E-02 1.3334E-01 1.4146E-01 9.1710E-02 2.2563E-02 0
 0 8.2080E-03 4.1167E-02 7.4541E-02 9.2965E-02 1.0471E-01 9.8466E-02 9.4432E-02 7.3095E-02 9.1625E-02 8.9856E-02 9.1836E-02 6.1700E-02 3.9563E-02 3.3165E-02 5.2543E-03 0.0000E+00 8.2929E-03 3.8514E-02 7.2481E-02 1.3145E-01 1.3993E-01 9.0686E-02 2.1829E-02 0
 0 8.0890E-03 4.0465E-02 7.3815E-02 9.2145E-02 1.0490E-01 1.0073E-01 9.3595E-02 7.4743E-02 9.0346E-02 8.7064E-02 9.1960E-02 5.9683E-02 3.9286E-02 3.2750E-02 4.5932E-03 0.0000E+00 8.0922E-03 3.8563E-02 7.0825E-02 1.3176E-01 1.3829E-01 8.9985E-02 2.1714E-02 0
 0 8.0269E-03 3.9786E-02 7.3043E-02 9.3371E-02 1.0466E-01 9.8335E-02 9.1981E-02 7.3127E-02 8.9037E-02 8.8058E-02 9.0803E-02 5.9872E-02 3.9680E-02 3.2938E-02 6.0585E-03 0.0000E+00 7.9610E-03 3.6745E-02 7.3242E-02 1.2995E-01 1.3692E-01 8.6843E-02 2.0957E-02 0
 0 7.9159E-03 3.9596E-02 7.2301E-02 9.2185E-02 1.0439E-01 9.8183E-02 9.2162E-02 7.5792E-02 8.8715E-02 8.5345E-02 9.0851E-02 6.1007E-02 3.7829E-02 3.2704E-02 5.0919E-03 0.0000E+00 9.1573E-03 3.6431E-02 7.2382E-02 1.2840E-01 1.3564E-01 8.6763E-02 2.0813E-02 0
 0 7.6405E-03 3.8710E-02 7.1527E-02 9.1496E-02 1.0510E-01 9.8680E-02 9.1776E-02 7.5856E-02 8.8595E-02 8.6211E-02 8.8510E-02 5.8961E-02 3.7503E-02 3.0014E-02 5.6448E-03 0.0000E+00 6.8574E-03 3.6169E-02 7.2368E-02 1.2544E-01 1.3313E-01 8.4901E-02 2.0285E-02 0
 0 7.5262E-03 3.8145E-02 7.0859E-02 9.0344E-02 1.0552E-01 9.7900E-02 9.1228E-02 7.4913E-02 8.8466E-02 8.6345E-02 8.9114E-02 5.9945E-02 3.7174E-02 3.0595E-02 5.7763E-03 0.0000E+00 8.0884E-03 3.5919E-02 7.2166E-02 1.2503E-01 1.3295E-01 8.3426E-02 2.0178E-02 0
 0 7.5448E-03 3.7653E-02 7.0125E-02 8.9622E-02 1.0593E-01 9.8979E-02 9.0653E-02 7.4261E-02 8.6823E-02 8.7428E-02 8.6924E-02 5.9045E-02 3.7337E-02 3.4869E-02 4.8058E-03 0.0000E+00 7.4787E-03 3.4938E-02 7.2810E-02 1.2538E-01 1.3145E-01 8.2434E-02 1.9795E-02 0
 0 7.4030E-03 3.7415E-02 6.9320E-02 9.0795E-02 1.0412E-01 9.8621E-02 8.8616E-02 7.5721E-02 8.7527E-02 8.4460E-02 8.8565E-02 5.8239E-02 3.7712E-02 3.2607E-02 4.5043E-03 0.0000E+00 6.5448E-03 3.8097E-02 7.1511E-02 1.2483E-01 1.2888E-01 8.0674E-02 1.9149E-02 0
 0 7.3965E-03 3.6660E-02 6.8738E-02 8.8307E-02 1.0431E-01 9.7481E-02 8.9317E-02 7.5971E-02 8.7891E-02 8.3681E-02 8.6770E-02 5.9293E-02 3.9313E-02 3.0992E-02 5.1770E-03 0.0000E+00 5.9814E-03 3.4643E-02 7.2860E-02 1.2402E-01 1.2790E-01 7.9299E-02 1.8901E-02 0
 0 7.1916E-03 3.5524E-02 6.7847E-02 8.8050E-02 1.0388E-01 9.7873E-02 8.9518E-02 7.7599E-02 8.6495E-02 8.3952E-02 8.4329E-02 5.8439E-02 3.7401E-02 3.0957E-02 4.5120E-03 0.0000E+00 7.5095E-03 3.4143E-02 7.0711E-02 1.2129E-01 1.2680E-01 7.8208E-02 1.8595E-02 0
 0 7.0603E-03 3.5262E-02 6.7144E-02 8.7843E-02 1.0346E-01 9.8311E-02 8.8765E-02 7.8841E-02 8.6997E-02 8.3499E-02 8.3090E-02 5.8476E-02 3.6992E-02 2.9861E-02 5.2505E-03 0.0000E+00 6.2708E-03 3.4340E-02 7.1624E-02 1.2081E-01 1.2483E-01 7.6772E-02 1.8153E-02 0
 0 7.0282E-03 3.4512E-02 6.6496E-02 8.6638E-02 1.0349E-01 9.7718E-02 8.7021E-02 7.9400E-02 8.5770E-02 8.2348E-02 8.3375E-02 5.7020E-02 3.5807E-02 3.2988E-02 4.9914E-03 0.0000E+00 6.0972E-03 3.2564E-02 7.2768E-02 1.1898E-01 1.2330E-01 7.5368E-02 1.7419E-02 0
 0 6.8911E-03 3.4483E-02 6.5667E-02 8.6132E-02 1.0376E-01 9.8573E-02 8.8139E-02 7.9676E-02 8.6320E-02 8.2070E-02 8.1985E-02 5.7381E-02 3.5947E-02 2.8907E-02 4.9760E-03 0.0000E+00 6.8496E-03 3.2624E-02 7.1164E-02 1.2095E-01 1.2001E-01 7.4368E-02 1.7437E-02 0
 0 6.8021E-03 3.3647E-02 6.4995E-02 8.6568E-02 1.0447E-01 9.7222E-02 8.7650E-02 7.9691E-02 8.4539E-02 8.2975E-02 8.4027E-02 5.8158E-02 3.6076E-02 3.0830E-02 7.2648E-03 0.0000E+00 6.6335E-03 3.2223E-02 7.1692E-02 1.1891E-01 1.2027E-01 7.2231E-02 1.7277E-02 0
 0 6.6443E-03 3.2702E-02 6.4189E-02 8.5574E-02 1.0196E-01 9.5991E-02 8.6176E-02 8.0193E-02 8.4012E-02 8.0495E-02 8.4048E-02 5.7265E-02 3.7367E-02 3.0353E-02 4.4579E-03 0.0000E+00 6.2592E-03 3.1215E-02 7.2509E-02 1.1696E-01 1.1854E-01 7.1932E-02 1.6731E-02 0
 0 6.5180E-03 3.2573E-02 6.3507E-02 8.3888E-02 1.0350E-01 9.8033E-02 8.5932E-02 8.1597E-02 8.4695E-02 7.9559E-02 8.3255E-02 5.8625E-02 3.5399E-02 2.8783E-02 5.8807E-03 0.0000E+00 6.5023E-03 3.2329E-02 7.3139E-02 1.1599E-01 1.1497E-01 7.0621E-02 1.6338E-02 0
 0 6.4886E-03 3.1678E-02 6.2776E-02 8.4668E-02 1.0516E-01 9.6669E-02 8.6779E-02 8.1550E-02 8.5571E-02 7.9470E-02 8.1782E-02 5.8053E-02 3.6337E-02 2.8776E-02 5.5288E-03 0.0000E+00 6.3904E-03 3.1329E-02 7.2265E-02 1.1471E-01 1.1510E-01 6.9289E-02 1.5916E-02 0
 0 6.3432E-03 3.0912E-02 6.1839E-02 8.3934E-02 1.0311E-01 9.8306E-02 8.4730E-02 8.2150E-02 8.1548E-02 8.0553E-02 8.2490E-02 5.6659E-02 3.6973E-02 2.7041E-02 5.0533E-03 0.0000E+00 6.6837E-03 3.2049E-02 7.1695E-02 1.1361E-01 1.1315E-01 6.7267E-02 1.5707E-02 0
 0 6.3254E-03 3.0341E-02 6.1282E-02 8.3039E-02 1.0209E-01 9.6891E-02 8.4038E-02 8.2623E-02 8.2099E-02 8.0559E-02 8.1360E-02 5.7122E-02 3.4623E-02 2.6791E-02 5.5946E-03 0.0000E+00 6.1820E-03 3.2336E-02 7.2474E-02 1.1248E-01 1.1106E-01 6.5935E-02 1.5431E-02 0
 0 6.1033E-03 2.9739E-02 6.0613E-02 8.1654E-02 1.0286E-01 9.6474E-02 8.3857E-02 8.2129E-02 8.3913E-02 7.7955E-02 7.9544E-02 5.6466E-02 3.5891E-02 2.9241E-02 4.6628E-03 0.0000E+00 6.0238E-03 3.2465E-02 7.2782E-02 1.1137E-01 1.1084E-01 6.5633E-02 1.4998E-02 0
 0 5.9841E-03 2.9404E-02 5.9723E-02 8.1132E-02 1.0396E-01 9.6418E-02 8.3825E-02 8.3157E-02 8.1331E-02 7.9035E-02 7.8861E-02 5.7367E-02 3.5012E-02 2.7849E-02 4.8406E-03 0.0000E+00 6.7262E-03 3.2117E-02 7.1752E-02 1.1123E-01 1.0986E-01 6.3306E-02 1.4627E-02 0
 0 5.8804E-03 2.9218E-02 5.9124E-02 8.1240E-02 1.0262E-01 9.6901E-02 8.3483E-02 8.4256E-02 8.2755E-02 7.7741E-02 7.9421E-02 5.6853E-02 3.4229E-02 2.7152E-02 5.1461E-03 0.0000E+00 7.2819E-03 3.2461E-02 7.2123E-02 1.0964E-01 1.0865E-01 6.2417E-02 1.4232E-02 0
 0 5.8718E-03 2.8447E-02 5.8400E-02 8.0725E-02 1.0268E-01 9.5030E-02 8.3739E-02 8.4565E-02 8.2174E-02 7.7083E-02 7.8127E-02 5.5153E-02 3.6065E-02 2.6771E-02 4.7401E-03 0.0000E+00 5.7730E-03 3.0977E-02 7.2177E-02 1.0949E-01 1.0604E-01 6.1517E-02 1.3969E-02 0
 0 5.7640E-03 2.7696E-02 5.7600E-02 7.9738E-02 1.0186E-01 9.6335E-02 8.1524E-02 8.4809E-02 8.2008E-02 7.7649E-02 7.8614E-02 5.5394E-02 3.4074E-02 2.6283E-02 4.2066E-03 0.0000E+00 7.3204E-03 3.0776E-02 7.3217E-02 1.0692E-01 1.0440E-01 6.0094E-02 1.3807E-02 0
 0 5.7136E-03 2.7131E-02 5.6894E-02 7.8576E-02 1.0349E-01 9.6162E-02 8.1820E-02 8.4665E-02 8.0573E-02 7.6403E-02 7.7701E-02 5.5332E-02 3.5860E-02 2.5806E-02 4.7362E-03 0.0000E+00 5.9003E-03 3.1367E-02 7.4244E-02 1.0754E-01 1.0374E-01 5.9017E-02 1.3250E-02 0
 0 5.6005E-03 2.6591E-02 5.6157E-02 7.8533E-02 1.0021E-01 9.5596E-02 8.1624E-02 8.6116E-02 8.0290E-02 7.6281E-02 7.6411E-02 5.5817E-02 3.4676E-02 2.6179E-02 4.7749E-03 0.0000E+00 5.9891E-03 2.8704E-02 7.3483E-02 1.0420E-01 1.0199E-01 5.7260E-02 1.3084E-02 0
 0 5.5187E-03 2.5990E-02 5.5562E-02 7.8306E-02 9.9772E-02 9.5887E-02 8.1357E-02 8.5816E-02 8.0360E-02 7.6665E-02 7.5429E-02 5.5948E-02 3.4388E-02 2.5679E-02 5.7415E-03 0.0000E+00 6.3055E-03 3.0984E-02 7.5270E-02 1.0407E-01 1.0133E-01 5.5926E-02 1.2648E-02 0
 0 5.3736E-03 2.5710E-02 5.4760E-02 7.7835E-02 1.0148E-01 9.5735E-02 8.0820E-02 8.6683E-02 8.0212E-02 7.7259E-02 7.4986E-02 5.5693E-02 3.6122E-02 2.6414E-02 4.8058E-03 0.0000E+00 6.3055E-03 3.0443E-02 7.2262E-02 1.0428E-01 9.9122E-02 5.5921E-02 1.2426E-02 0
 0 5.2809E-03 2.4973E-02 5.4141E-02 7.7385E-02 1.0057E-01 9.3198E-02 8.1866E-02 8.6101E-02 7.9352E-02 7.5936E-02 7.4979E-02 5.7221E-02 3.4350E-02 2.5994E-02 5.0881E-03 0.0000E+00 5.9158E-03 2.9784E-02 7.3723E-02 1.0352E-01 9.7813E-02 5.4722E-02 1.1959E-02 0
 0 5.1820E-03 2.4497E-02 5.3392E-02 7.5559E-02 1.0162E-01 9.4992E-02 7.9825E-02 8.7420E-02 8.0065E-02 7.5773E-02 7.6950E-02 5.5171E-02 3.6080E-02 2.5086E-02 4.6976E-03 0.0000E+00 6.1550E-03 3.1083E-02 7.4321E-02 1.0117E-01 9.7919E-02 5.2870E-02 1.1845E-02 0
 0 5.0950E-03 2.3837E-02 5.2742E-02 7.5349E-02 1.0033E-01 9.4923E-02 8.1242E-02 8.7676E-02 7.9929E-02 7.3508E-02 7.5999E-02 5.6564E-02 3.4267E-02 2.4440E-02 4.9760E-03 0.0000E+00 6.0161E-03 3.0981E-02 7.2449E-02 1.0139E-01 9.6518E-02 5.1768E-02 1.1561E-02 0
 0 5.0375E-03 2.4033E-02 5.1944E-02 7.4101E-02 9.9751E-02 9.4672E-02 7.8363E-02 8.8173E-02 7.8620E-02 7.4610E-02 7.6867E-02 5.4588E-02 3.3669E-02 2.6191E-02 5.0958E-03 0.0000E+00 5.9775E-03 2.9530E-02 7.4279E-02 1.0086E-01 9.4081E-02 5.0903E-02 1.1224E-02 0
 0 4.9468E-03 2.3238E-02 5.1334E-02 7.3869E-02 9.9774E-02 9.3513E-02 7.7233E-02 8.7752E-02 7.8485E-02 7.3639E-02 7.5913E-02 5.5850E-02 3.5039E-02 2.5875E-02 3.7465E-03 0.0000E+00 4.9356E-03 3.0723E-02 7.3047E-02 9.9312E-02 9.2728E-02 4.9935E-02 1.0955E-02 0
 0 4.8952E-03 2.2509E-02 5.0690E-02 7.3317E-02 9.8703E-02 9.3983E-02 7.9529E-02 8.8355E-02 7.8681E-02 7.3920E-02 7.3112E-02 5.6878E-02 3.4297E-02 2.4209E-02 4.0906E-03 0.0000E+00 5.6264E-03 2.9920E-02 7.4212E-02 9.9210E-02 9.1178E-02 4.8683E-02 1.0590E-02 0
 0 4.8051E-03 2.2084E-02 5.0002E-02 7.2470E-02 9.9373E-02 9.4343E-02 7.7587E-02 8.9689E-02 7.8816E-02 7.3831E-02 7.4983E-02 5.6160E-02 3.4055E-02 2.1878E-02 4.3264E-03 0.0000E+00 5.9775E-03 3.0965E-02 7.5227E-02 9.6886E-02 9.0584E-02 4.7554E-02 1.0443E-02 0
 0 4.6400E-03 2.1658E-02 4.9374E-02 7.2422E-02 9.7941E-02 9.2747E-02 7.8463E-02 9.0159E-02 7.7919E-02 7.2987E-02 7.3826E-02 5.5941E-02 3.4891E-02 2.3628E-02 4.7053E-03 0.0000E+00 6.1435E-03 3.1753E-02 7.5273E-02 9.9557E-02 8.8896E-02 4.6672E-02 1.0136E-02 0
 0 4.5628E-03 2.1245E-02 4.8634E-02 7.1255E-02 9.7019E-02 9.5556E-02 7.7285E-02 9.0144E-02 7.7859E-02 7.3096E-02 7.3551E-02 5.4952E-02 3.5425E-02 2.4486E-02 4.7478E-03 0.0000E+00 6.2013E-03 3.0291E-02 7.4212E-02 9.6572E-02 8.8088E-02 4.5726E-02 9.9260E-03 0
 0 4.5067E-03 2.0955E-02 4.7934E-02 7.1790E-02 9.6822E-02 9.3916E-02 7.6955E-02 9.0159E-02 7.7742E-02 7.4259E-02 7.2889E-02 5.7039E-02 3.5342E-02 2.4979E-02 5.3781E-03 0.0000E+00 6.3711E-03 3.0541E-02 7.4399E-02 9.6285E-02 8.6588E-02 4.4286E-02 9.6152E-03 0
 0 4.3882E-03 2.0080E-02 4.7370E-02 7.0952E-02 9.7046E-02 9.2952E-02 7.6202E-02 8.8034E-02 7.6662E-02 7.3853E-02 7.2552E-02 5.5602E-02 3.6345E-02 2.3136E-02 4.9334E-03 0.0000E+00 6.3789E-03 3.1462E-02 7.2994E-02 9.4833E-02 8.6740E-02 4.3462E-02 9.4859E-03 0
 0 4.3558E-03 2.0092E-02 4.6603E-02 6.9909E-02 9.7865E-02 9.2904E-02 7.7219E-02 9.1134E-02 7.5001E-02 7.3131E-02 7.2103E-02 5.4865E-02 3.5535E-02 2.3344E-02 4.3496E-03 0.0000E+00 5.8965E-03 3.1560E-02 7.4888E-02 9.2568E-02 8.4653E-02 4.2635E-02 9.2750E-03 0
 0 4.2807E-03 1.8885E-02 4.5997E-02 6.8265E-02 9.7155E-02 9.3671E-02 7.8035E-02 9.1310E-02 7.6258E-02 7.2048E-02 7.1355E-02 5.7159E-02 3.4774E-02 2.3686E-02 4.8986E-03 0.0000E+00 7.0658E-03 3.0049E-02 7.5567E-02 9.1648E-02 8.3722E-02 4.1557E-02 8.8480E-03 0
 0 4.2169E-03 1.8814E-02 4.5443E-02 6.9171E-02 9.6011E-02 9.0595E-02 7.6067E-02 9.1022E-02 7.6310E-02 7.2732E-02 7.2594E-02 5.6243E-02 3.4993E-02 2.3451E-02 5.3201E-03 0.0000E+00 7.0503E-03 3.1022E-02 7.3571E-02 9.1904E-02 8.3770E-02 4.1510E-02 8.6411E-03 0
 0 4.1357E-03 1.8713E-02 4.4822E-02 6.7792E-02 9.6266E-02 9.1740E-02 7.6184E-02 9.0308E-02 7.5560E-02 7.1546E-02 7.1073E-02 5.6758E-02 3.6046E-02 2.1882E-02 5.2234E-03 0.0000E+00 6.4020E-03 3.1253E-02 7.5670E-02 9.0921E-02 8.2557E-02 4.0101E-02 8.3274E-03 0
 0 4.0753E-03 1.8207E-02 4.4132E-02 6.7737E-02 9.6168E-02 9.1158E-02 7.6388E-02 9.1378E-02 7.7041E-02 7.2773E-02 7.1214E-02 5.6557E-02 3.5913E-02 2.2863E-02 4.5971E-03 0.0000E+00 6.3017E-03 3.0462E-02 7.4325E-02 9.0763E-02 8.0265E-02 3.9322E-02 8.2528E-03 0
 0 3.9307E-03 1.7820E-02 4.3521E-02 6.7019E-02 9.5749E-02 9.2950E-02 7.6092E-02 9.2071E-02 7.5756E-02 7.3403E-02 7.0555E-02 5.5696E-02 3.6572E-02 2.2859E-02 4.9682E-03 0.0000E+00 6.9616E-03 3.0072E-02 7.5875E-02 9.0527E-02 7.8148E-02 3.8297E-02 7.8597E-03 0
 0 3.8853E-03 1.7529E-02 4.3027E-02 6.6550E-02 9.4444E-02 9.0584E-02 7.4917E-02 9.0658E-02 7.6502E-02 7.1400E-02 7.1636E-02 5.5707E-02 3.6769E-02 2.3678E-02 4.9992E-03 0.0000E+00 6.0508E-03 3.1212E-02 7.6194E-02 8.9738E-02 7.8039E-02 3.7463E-02 7.9018E-03 0
 0 3.8368E-03 1.6828E-02 4.2317E-02 6.6106E-02 9.4940E-02 9.0499E-02 7.5319E-02 9.1789E-02 7.5572E-02 7.2122E-02 7.0658E-02 5.6342E-02 3.7147E-02 2.2190E-02 4.9605E-03 0.0000E+00 7.0696E-03 3.0606E-02 7.5426E-02 8.9415E-02 7.7409E-02 3.6976E-02 7.7005E-03 0
 0 3.7309E-03 1.6718E-02 4.1675E-02 6.4721E-02 9.3598E-02 9.0947E-02 7.4288E-02 9.3226E-02 7.6225E-02 7.1840E-02 7.1691E-02 5.7020E-02 3.6705E-02 2.1966E-02 4.3573E-03 0.0000E+00 6.4792E-03 3.0140E-02 7.6909E-02 8.7434E-02 7.4833E-02 3.6094E-02 7.4065E-03 0
 0 3.6490E-03 1.6323E-02 4.1061E-02 6.4657E-02 9.2592E-02 9.1254E-02 7.4150E-02 9.0541E-02 7.5359E-02 7.2530E-02 7.0242E-02 5.8476E-02 3.6534E-02 2.3813E-02 4.3999E-03 0.0000E+00 6.4599E-03 3.0708E-02 7.5433E-02 8.6828E-02 7.5420E-02 3.4802E-02 7.1621E-03 0
 0 3.5399E-03 1.5838E-02 4.0578E-02 6.4591E-02 9.2479E-02 9.0873E-02 7.2992E-02 9.1143E-02 7.4504E-02 7.1610E-02 7.0273E-02 5.5529E-02 3.5781E-02 2.1720E-02 4.3960E-03 0.0000E+00 6.1357E-03 3.1416E-02 7.7641E-02 8.7324E-02 7.4818E-02 3.4433E-02 7.0156E-03 0
 0 3.4979E-03 1.5264E-02 3.9965E-02 6.3289E-02 9.1746E-02 9.1244E-02 7.3081E-02 9.3511E-02 7.4850E-02 7.1441E-02 7.0201E-02 5.6977E-02 3.5455E-02 2.3167E-02 5.2582E-03 0.0000E+00 6.3287E-03 3.1643E-02 7.5918E-02 8.5202E-02 7.3255E-02 3.3785E-02 6.7287E-03 0
 0 3.4956E-03 1.5174E-02 3.9460E-02 6.2861E-02 9.2643E-02 9.1254E-02 7.3187E-02 9.2591E-02 7.3908E-02 7.1844E-02 6.8427E-02 5.7287E-02 3.6360E-02 2.3032E-02 5.0108E-03 0.0000E+00 7.5636E-03 3.1518E-02 7.6541E-02 8.5698E-02 7.2153E-02 3.2787E-02 6.7238E-03 0
 0 3.3724E-03 1.4589E-02 3.8827E-02 6.1621E-02 9.2785E-02 9.0184E-02 7.2995E-02 9.2488E-02 7.4519E-02 7.1300E-02 6.9734E-02 5.6349E-02 3.7291E-02 2.1997E-02 4.8561E-03 0.0000E+00 8.1038E-03 3.1874E-02 7.7326E-02 8.5175E-02 7.1735E-02 3.1708E-02 6.4633E-03 0
 0 3.2832E-03 1.4256E-02 3.8203E-02 6.1691E-02 9.0625E-02 8.8659E-02 7.2759E-02 9.2788E-02 7.5302E-02 7.1770E-02 6.9693E-02 5.6973E-02 3.7905E-02 2.2309E-02 5.7802E-03 0.0000E+00 7.9340E-03 3.3048E-02 7.7900E-02 8.3792E-02 6.9302E-02 3.1345E-02 6.2144E-03 0
 0 3.2847E-03 1.4152E-02 3.7753E-02 6.0943E-02 9.1162E-02 8.9594E-02 7.2411E-02 9.4375E-02 7.3228E-02 7.0313E-02 7.1413E-02 5.9832E-02 3.8575E-02 2.2563E-02 4.9257E-03 0.0000E+00 7.4131E-03 3.2124E-02 7.7287E-02 8.3905E-02 6.9458E-02 3.0413E-02 6.1410E-03 0
 0 3.2450E-03 1.3896E-02 3.7157E-02 6.0916E-02 9.1121E-02 8.9652E-02 7.2069E-02 9.1951E-02 7.5022E-02 7.1588E-02 7.0229E-02 5.8355E-02 3.7318E-02 2.4302E-02 5.2853E-03 0.0000E+00 7.0503E-03 3.2412E-02 7.8243E-02 8.3394E-02 6.7990E-02 3.0057E-02 5.9904E-03 0
 0 3.1657E-03 1.3604E-02 3.6634E-02 6.0759E-02 9.0247E-02 8.8496E-02 7.1529E-02 9.3103E-02 7.3559E-02 6.9026E-02 6.9467E-02 5.8961E-02 3.9154E-02 2.1539E-02 5.0649E-03 0.0000E+00 7.2626E-03 3.2147E-02 7.8452E-02 8.3792E-02 6.6471E-02 2.9143E-02 5.7650E-03 0
 0 3.0646E-03 1.3126E-02 3.6004E-02 5.9404E-02 8.8914E-02 8.8344E-02 7.1937E-02 9.4116E-02 7.3755E-02 7.2412E-02 7.0263E-02 5.8180E-02 3.7715E-02 2.1716E-02 5.3858E-03 0.0000E+00 7.7526E-03 3.3166E-02 7.8806E-02 8.1775E-02 6.6278E-02 2.8238E-02 5.5377E-03 0
 0 3.0746E-03 1.2901E-02 3.5606E-02 5.9460E-02 8.8745E-02 8.8696E-02 7.2262E-02 9.4386E-02 7.3406E-02 7.0690E-02 7.0448E-02 6.0635E-02 3.9006E-02 2.3136E-02 5.2273E-03 0.0000E+00 8.1656E-03 3.3075E-02 7.8466E-02 8.1380E-02 6.5903E-02 2.8187E-02 5.4423E-03 0
 0 3.0243E-03 1.2351E-02 3.5091E-02 5.8236E-02 8.8379E-02 8.9818E-02 7.2202E-02 9.1028E-02 7.3186E-02 6.9917E-02 7.0716E-02 5.8574E-02 3.8548E-02 2.1970E-02 5.6100E-03 0.0000E+00 8.8833E-03 3.3367E-02 7.9963E-02 8.1309E-02 6.5618E-02 2.6967E-02 5.2813E-03 0
 0 2.9107E-03 1.2394E-02 3.4531E-02 5.8289E-02 8.7723E-02 8.8154E-02 7.2230E-02 9.2480E-02 7.3114E-02 7.1751E-02 7.0253E-02 5.9686E-02 3.9828E-02 2.2382E-02 5.6216E-03 0.0000E+00 8.0151E-03 3.2488E-02 8.1258E-02 8.1207E-02 6.4373E-02 2.6198E-02 5.1214E-03 0
 0 2.8906E-03 1.1740E-02 3.3989E-02 5.7637E-02 8.7346E-02 8.7612E-02 7.2963E-02 9.2101E-02 7.4348E-02 7.0882E-02 6.8650E-02 6.0897E-02 4.0153E-02 2.2955E-02 7.0560E-03 0.0000E+00 8.4202E-03 3.3242E-02 8.0423E-02 8.0000E-02 6.3286E-02 2.6309E-02 5.0383E-03 0
 0 2.8115E-03 1.1519E-02 3.3521E-02 5.7526E-02 8.6602E-02 8.7167E-02 7.1067E-02 9.3611E-02 7.2768E-02 7.0323E-02 6.9353E-02 6.0277E-02 4.0047E-02 2.2844E-02 6.4684E-03 0.0000E+00 7.9996E-03 3.3117E-02 8.1665E-02 7.9791E-02 6.2366E-02 2.5520E-02 4.8643E-03 0
 0 2.7437E-03 1.1233E-02 3.2992E-02 5.7078E-02 8.6495E-02 8.8136E-02 7.0983E-02 9.3408E-02 7.4459E-02 7.1329E-02 6.7877E-02 6.0197E-02 3.9536E-02 2.3071E-02 6.7545E-03 0.0000E+00 8.2505E-03 3.4749E-02 8.1078E-02 7.9411E-02 6.0771E-02 2.4420E-02 4.7730E-03 0
 0 2.6870E-03 1.1188E-02 3.2484E-02 5.6094E-02 8.6567E-02 8.5949E-02 7.2219E-02 9.2976E-02 7.2398E-02 7.0023E-02 6.8420E-02 6.0182E-02 4.1228E-02 2.3459E-02 7.6283E-03 0.0000E+00 8.8602E-03 3.4764E-02 8.2295E-02 7.9101E-02 5.9286E-02 2.3714E-02 4.7230E-03 0
 0 2.6509E-03 1.0797E-02 3.1983E-02 5.5511E-02 8.6622E-02 8.7054E-02 7.0776E-02 9.3305E-02 7.3111E-02 7.2029E-02 6.8863E-02 5.9851E-02 4.0744E-02 2.2859E-02 6.3253E-03 0.0000E+00 9.7323E-03 3.3950E-02 8.2295E-02 7.7681E-02 5.9322E-02 2.3911E-02 4.3932E-03 0
 0 2.6023E-03 1.0537E-02 3.1568E-02 5.5385E-02 8.5026E-02 8.7380E-02 7.0771E-02 9.3252E-02 7.3960E-02 7.0802E-02 6.8564E-02 6.0613E-02 4.1266E-02 2.2224E-02 7.0444E-03 0.0000E+00 9.5895E-03 3.4162E-02 8.1680E-02 7.9032E-02 6.0015E-02 2.3167E-02 4.4335E-03 0
 0 2.5867E-03 1.0547E-02 3.1096E-02 5.4462E-02 8.3760E-02 8.6836E-02 7.1521E-02 9.3405E-02 7.2368E-02 7.1390E-02 6.8983E-02 6.0110E-02 4.1580E-02 2.3309E-02 6.5882E-03 0.0000E+00 8.6981E-03 3.4692E-02 8.2157E-02 7.7305E-02 5.8708E-02 2.2488E-02 4.1499E-03 0
 0 2.5061E-03 1.0070E-02 3.0573E-02 5.4809E-02 8.4377E-02 8.5033E-02 7.1888E-02 9.3326E-02 7.2918E-02 7.1348E-02 6.8917E-02 6.0427E-02 4.1001E-02 2.1986E-02 6.9903E-03 0.0000E+00 9.5741E-03 3.5946E-02 8.2851E-02 7.7822E-02 5.7246E-02 2.2056E-02 4.1640E-03 0
 0 2.4732E-03 9.9468E-03 3.0134E-02 5.3566E-02 8.2147E-02 8.5092E-02 7.1716E-02 9.3843E-02 7.2202E-02 7.0904E-02 6.9364E-02 6.2312E-02 4.2057E-02 2.2005E-02 7.6553E-03 0.0000E+00 9.7361E-03 3.5567E-02 8.2444E-02 7.6322E-02 5.6779E-02 2.1374E-02 3.9192E-03 0
 0 2.3748E-03 9.7347E-03 2.9665E-02 5.3403E-02 8.2912E-02 8.4854E-02 7.1228E-02 9.3061E-02 7.3114E-02 7.0863E-02 6.9244E-02 6.1393E-02 4.1641E-02 2.2536E-02 7.6167E-03 0.0000E+00 1.0203E-02 3.6135E-02 8.2462E-02 7.5351E-02 5.6441E-02 2.1345E-02 3.8000E-03 0
 0 2.3074E-03 9.4002E-03 2.9280E-02 5.2069E-02 8.3019E-02 8.4323E-02 6.9429E-02 9.2010E-02 7.3541E-02 7.2361E-02 6.8763E-02 6.2444E-02 4.3356E-02 2.2205E-02 7.3576E-03 0.0000E+00 9.6783E-03 3.5957E-02 8.2561E-02 7.6910E-02 5.6677E-02 2.0449E-02 3.8186E-03 0
 0 2.2585E-03 9.2000E-03 2.8816E-02 5.1916E-02 8.1918E-02 8.5858E-02 7.0466E-02 9.2353E-02 7.3255E-02 7.1745E-02 6.9837E-02 6.2229E-02 4.3920E-02 2.3605E-02 8.0110E-03 0.0000E+00 9.8905E-03 3.6158E-02 8.4805E-02 7.5912E-02 5.4259E-02 1.9861E-02 3.6774E-03 0
 0 2.2724E-03 8.9274E-03 2.8326E-02 5.1249E-02 8.0150E-02 8.5610E-02 6.9943E-02 9.3079E-02 7.2696E-02 7.0943E-02 7.0483E-02 6.3925E-02 4.3121E-02 2.3213E-02 8.2817E-03 0.0000E+00 1.0408E-02 3.7158E-02 8.3304E-02 7.5383E-02 5.4148E-02 1.9546E-02 3.5894E-03 0
 0 2.2107E-03 8.6847E-03 2.7921E-02 5.0827E-02 8.0764E-02 8.4697E-02 6.9920E-02 9.1883E-02 7.2720E-02 7.1026E-02 6.9824E-02 6.2024E-02 4.4961E-02 2.5036E-02 9.0085E-03 0.0000E+00 1.1141E-02 3.7002E-02 8.2911E-02 7.3701E-02 5.3449E-02 1.9320E-02 3.5033E-03 0
 0 2.1597E-03 8.6295E-03 2.7465E-02 5.1063E-02 7.9577E-02 8.3599E-02 7.0305E-02 9.1513E-02 7.3490E-02 7.2767E-02 7.0201E-02 6.1754E-02 4.4382E-02 2.3832E-02 7.9376E-03 0.0000E+00 1.0944E-02 3.7377E-02 8.5516E-02 7.4693E-02 5.2308E-02 1.8535E-02 3.3405E-03 0
 0 2.0805E-03 8.3782E-03 2.7026E-02 5.0257E-02 7.9163E-02 8.3402E-02 7.0259E-02 9.2909E-02 7.2894E-02 7.0831E-02 6.8876E-02 6.4669E-02 4.5968E-02 2.2974E-02 8.8036E-03 0.0000E+00 1.0894E-02 3.7563E-02 8.4200E-02 7.4400E-02 5.2774E-02 1.8126E-02 3.2723E-03 0
 0 2.0824E-03 7.9726E-03 2.6659E-02 5.0088E-02 7.9336E-02 8.2540E-02 7.0104E-02 9.2638E-02 7.2870E-02 7.1553E-02 6.8677E-02 6.4858E-02 4.6112E-02 2.2582E-02 9.4338E-03 0.0000E+00 1.1453E-02 3.8468E-02 8.5725E-02 7.3483E-02 5.1380E-02 1.7784E-02 3.2648E-03 0
 0 2.0258E-03 7.9513E-03 2.6244E-02 4.8739E-02 7.9445E-02 8.2086E-02 7.0291E-02 9.1854E-02 7.2037E-02 7.1438E-02 6.9079E-02 6.4300E-02 4.5926E-02 2.3509E-02 8.5484E-03 0.0000E+00 1.2376E-02 3.8979E-02 8.7618E-02 7.3671E-02 5.1395E-02 1.7427E-02 3.0789E-03 0
 0 1.9960E-03 7.7492E-03 2.5843E-02 4.8407E-02 7.8358E-02 8.3025E-02 6.9650E-02 9.1827E-02 7.3656E-02 7.3026E-02 6.8512E-02 6.6186E-02 4.5930E-02 2.4140E-02 9.0240E-03 0.0000E+00 1.2534E-02 3.8658E-02 8.5902E-02 7.3038E-02 5.0263E-02 1.7198E-02 3.0342E-03 0
 0 1.9683E-03 7.4978E-03 2.5432E-02 4.8780E-02 7.7223E-02 8.2777E-02 6.9365E-02 8.9935E-02 7.2807E-02 7.1911E-02 7.0445E-02 6.5529E-02 4.6789E-02 2.3509E-02 9.7895E-03 0.0000E+00 1.2063E-02 4.0260E-02 8.5456E-02 7.3151E-02 4.9754E-02 1.6587E-02 2.9231E-03 0
 0 1.9519E-03 7.3848E-03 2.5122E-02 4.7450E-02 7.6655E-02 8.2024E-02 6.9883E-02 9.0881E-02 7.2687E-02 7.2808E-02 7.0232E-02 6.5894E-02 4.7437E-02 2.5248E-02 1.0107E-02 0.0000E+00 1.2858E-02 4.1881E-02 8.5668E-02 7.3121E-02 4.9864E-02 1.6422E-02 2.7882E-03 0
 0 1.8700E-03 7.3376E-03 2.4699E-02 4.7684E-02 7.5951E-02 8.1469E-02 6.9262E-02 9.0499E-02 7.1808E-02 7.2815E-02 7.0236E-02 6.6726E-02 4.7569E-02 2.4002E-02 1.0161E-02 0.0000E+00 1.2993E-02 4.1971E-02 8.7353E-02 7.2715E-02 4.8416E-02 1.5665E-02 2.7569E-03 0
 0 1.8386E-03 6.8827E-03 2.4356E-02 4.7435E-02 7.7455E-02 8.1215E-02 6.8541E-02 9.0981E-02 7.2744E-02 7.2661E-02 7.0884E-02 6.6893E-02 4.8716E-02 2.4325E-02 1.0064E-02 0.0000E+00 1.4544E-02 4.1460E-02 8.6971E-02 7.3097E-02 4.7864E-02 1.5368E-02 2.7256E-03 0
 0 1.8195E-03 6.7424E-03 2.3994E-02 4.5954E-02 7.5617E-02 8.1704E-02 7.0026E-02 9.0238E-02 7.3773E-02 7.2997E-02 6.9371E-02 6.6824E-02 5.0427E-02 2.5479E-02 1.1135E-02 0.0000E+00 1.3495E-02 4.0987E-02 8.8241E-02 7.1923E-02 4.7583E-02 1.5011E-02 2.5490E-03 0
 0 1.7490E-03 6.6247E-03 2.3663E-02 4.6288E-02 7.5557E-02 8.1167E-02 6.8995E-02 9.0217E-02 7.2461E-02 7.3693E-02 6.9453E-02 6.8655E-02 4.9670E-02 2.5721E-02 1.0629E-02 0.0000E+00 1.4876E-02 4.1937E-02 8.7824E-02 7.2365E-02 4.6141E-02 1.4566E-02 2.5072E-03 0
 0 1.7045E-03 6.6301E-03 2.3217E-02 4.5302E-02 7.3466E-02 8.0521E-02 6.8391E-02 9.1354E-02 7.3078E-02 7.3237E-02 7.0884E-02 6.8327E-02 5.0438E-02 2.5729E-02 1.1054E-02 0.0000E+00 1.4251E-02 4.2339E-02 8.8210E-02 7.0656E-02 4.5662E-02 1.4654E-02 2.4267E-03 0
 0 1.6552E-03 6.4173E-03 2.2863E-02 4.5075E-02 7.4627E-02 8.0924E-02 6.9331E-02 8.9277E-02 7.2485E-02 7.3808E-02 7.1361E-02 6.8659E-02 5.0620E-02 2.5606E-02 1.1549E-02 0.0000E+00 1.4718E-02 4.4255E-02 8.8447E-02 7.1194E-02 4.5407E-02 1.4065E-02 2.3488E-03 0
 0 1.6684E-03 6.4146E-03 2.2490E-02 4.4871E-02 7.3533E-02 7.9304E-02 6.9363E-02 9.0097E-02 7.5145E-02 7.4569E-02 7.0445E-02 6.9049E-02 4.9973E-02 2.6602E-02 1.2658E-02 0.0000E+00 1.5000E-02 4.3396E-02 8.9831E-02 7.0432E-02 4.4751E-02 1.3981E-02 2.2985E-03 0
 0 1.5796E-03 6.0203E-03 2.2142E-02 4.4324E-02 7.2138E-02 8.0596E-02 6.8363E-02 9.0385E-02 7.3830E-02 7.2297E-02 7.2432E-02 7.0216E-02 5.2081E-02 2.6344E-02 1.2805E-02 0.0000E+00 1.5883E-02 4.4217E-02 9.0255E-02 7.1589E-02 4.4660E-02 1.3664E-02 2.2590E-03 0
 0 1.6125E-03 5.8494E-03 2.1807E-02 4.3285E-02 7.2648E-02 7.9253E-02 6.9564E-02 8.9756E-02 7.2100E-02 7.3428E-02 7.1952E-02 7.1073E-02 5.0976E-02 2.5275E-02 1.2879E-02 0.0000E+00 1.5656E-02 4.5293E-02 8.9278E-02 7.1305E-02 4.4167E-02 1.3067E-02 2.1338E-03 0
 0 1.5762E-03 5.8667E-03 2.1459E-02 4.3395E-02 7.1376E-02 7.7477E-02 6.8196E-02 8.9224E-02 7.3105E-02 7.4310E-02 7.0829E-02 7.0234E-02 5.3399E-02 2.6571E-02 1.3281E-02 0.0000E+00 1.6956E-02 4.5323E-02 9.1473E-02 7.0931E-02 4.3448E-02 1.2993E-02 2.0619E-03 0
 0 1.4936E-03 5.7344E-03 2.1197E-02 4.2741E-02 7.1411E-02 7.9998E-02 7.0006E-02 8.8828E-02 7.4919E-02 7.3898E-02 7.2357E-02 7.1350E-02 5.2615E-02 2.7187E-02 1.3435E-02 0.0000E+00 1.7539E-02 4.5467E-02 8.9838E-02 7.0593E-02 4.3112E-02 1.2761E-02 2.0813E-03 0
 0 1.4915E-03 5.5422E-03 2.0834E-02 4.3522E-02 7.0736E-02 7.8155E-02 6.8067E-02 8.8208E-02 7.3421E-02 7.2700E-02 7.3757E-02 7.2339E-02 5.4001E-02 2.7872E-02 1.3957E-02 0.0000E+00 1.7647E-02 4.6278E-02 9.1490E-02 7.0659E-02 4.2863E-02 1.2316E-02 1.9978E-03 0
 0 1.5097E-03 5.3767E-03 2.0454E-02 4.2689E-02 7.0250E-02 7.7568E-02 6.8052E-02 8.9060E-02 7.2744E-02 7.3591E-02 7.2604E-02 7.2780E-02 5.5806E-02 2.8883E-02 1.3443E-02 0.0000E+00 1.8427E-02 4.8410E-02 9.3267E-02 6.9270E-02 4.2461E-02 1.2004E-02 1.9620E-03 0
 0 1.4652E-03 4.9225E-03 2.0181E-02 4.1871E-02 7.0722E-02 7.7448E-02 6.9213E-02 8.6848E-02 7.2151E-02 7.2834E-02 7.2762E-02 7.2634E-02 5.7514E-02 2.9030E-02 1.4476E-02 0.0000E+00 1.8797E-02 4.7759E-02 9.2028E-02 6.9679E-02 4.2225E-02 1.1637E-02 1.8007E-03 0
 0 1.4298E-03 4.9052E-03 1.9850E-02 4.1025E-02 6.8942E-02 7.9173E-02 6.8707E-02 8.8722E-02 7.2879E-02 7.5872E-02 7.2961E-02 7.3192E-02 5.5943E-02 2.7879E-02 1.5021E-02 0.0000E+00 1.9476E-02 4.8751E-02 9.2329E-02 6.9144E-02 4.1099E-02 1.1463E-02 1.8189E-03 0
 0 1.3712E-03 5.0316E-03 1.9587E-02 4.1014E-02 6.7550E-02 7.8292E-02 6.9903E-02 8.8014E-02 7.3583E-02 7.3872E-02 7.3301E-02 7.5136E-02 5.7438E-02 2.8556E-02 1.5790E-02 0.0000E+00 1.8600E-02 4.9410E-02 9.3026E-02 6.9494E-02 4.0339E-02 1.1186E-02 1.6393E-03 0
 0 1.2980E-03 4.8480E-03 1.9262E-02 4.1321E-02 6.8940E-02 7.5664E-02 6.8483E-02 8.7094E-02 7.3680E-02 7.5304E-02 7.3115E-02 7.4071E-02 5.6628E-02 2.9164E-02 1.5740E-02 0.0000E+00 2.0545E-02 5.0614E-02 9.4509E-02 6.9434E-02 4.0445E-02 1.1109E-02 1.6993E-03 0
 0 1.3164E-03 4.8261E-03 1.8986E-02 3.9738E-02 6.8171E-02 7.7063E-02 6.8038E-02 8.7979E-02 7.3719E-02 7.5134E-02 7.4032E-02 7.5209E-02 5.8286E-02 3.0561E-02 1.7054E-02 0.0000E+00 2.1460E-02 5.0633E-02 9.4566E-02 6.8475E-02 3.9508E-02 1.0655E-02 1.5491E-03 0
 0 1.3309E-03 4.5255E-03 1.8682E-02 3.9633E-02 6.7510E-02 7.6973E-02 6.7814E-02 8.6621E-02 7.3653E-02 7.5208E-02 7.3908E-02 7.7029E-02 5.8903E-02 3.1942E-02 1.6409E-02 0.0000E+00 2.2517E-02 5.1516E-02 9.3313E-02 6.9533E-02 3.9146E-02 1.0269E-02 1.6810E-03 0
 0 1.2453E-03 4.4850E-03 1.8345E-02 3.8616E-02 6.6722E-02 7.6839E-02 6.8084E-02 8.6239E-02 7.3295E-02 7.4272E-02 7.2590E-02 7.4556E-02 5.9982E-02 2.9830E-02 1.7712E-02 0.0000E+00 2.2421E-02 5.2648E-02 9.4226E-02 6.8541E-02 3.9157E-02 1.0309E-02 1.6296E-03 0
 0 1.2543E-03 4.3134E-03 1.8143E-02 3.9164E-02 6.6013E-02 7.6252E-02 6.7954E-02 8.7065E-02 7.3547E-02 7.5818E-02 7.4379E-02 7.6602E-02 6.0818E-02 3.0476E-02 1.8558E-02 0.0000E+00 2.2536E-02 5.3614E-02 9.4888E-02 6.7973E-02 3.9025E-02 1.0088E-02 1.5424E-03 0
 0 1.1962E-03 4.2343E-03 1.7870E-02 3.8713E-02 6.5904E-02 7.4861E-02 6.8949E-02 8.6795E-02 7.3617E-02 7.6431E-02 7.4337E-02 7.7912E-02 6.0319E-02 3.1515E-02 1.8794E-02 0.0000E+00 2.3632E-02 5.2860E-02 9.6173E-02 6.9138E-02 3.7986E-02 9.5410E-03 1.4992E-03 0
 0 1.1574E-03 4.0754E-03 1.7521E-02 3.8263E-02 6.4715E-02 7.5384E-02 6.8371E-02 8.5713E-02 7.3258E-02 7.6080E-02 7.3016E-02 7.7033E-02 6.1364E-02 3.2038E-02 1.9834E-02 0.0000E+00 2.4261E-02 5.3171E-02 9.5437E-02 6.7546E-02 3.7707E-02 9.3847E-03 1.4597E-03 0
 0 1.2113E-03 4.0907E-03 1.7225E-02 3.7533E-02 6.3218E-02 7.4668E-02 6.8371E-02 8.4879E-02 7.5091E-02 7.5304E-02 7.4015E-02 7.9071E-02 6.2908E-02 3.1469E-02 1.9490E-02 0.0000E+00 2.5623E-02 5.5386E-02 9.7698E-02 6.7142E-02 3.7059E-02 9.2883E-03 1.3445E-03 0
 0 1.1185E-03 3.9025E-03 1.6999E-02 3.7880E-02 6.4569E-02 7.4954E-02 6.9213E-02 8.6325E-02 7.3081E-02 7.6144E-02 7.5034E-02 7.8637E-02 6.3858E-02 3.3950E-02 2.0391E-02 0.0000E+00 2.6380E-02 5.5792E-02 9.7840E-02 6.7549E-02 3.6681E-02 9.1808E-03 1.3147E-03 0
 0 1.1125E-03 3.9264E-03 1.6791E-02 3.7122E-02 6.3749E-02 7.3899E-02 6.8943E-02 8.4673E-02 7.3445E-02 7.5633E-02 7.4409E-02 7.9272E-02 6.4093E-02 3.4662E-02 2.1300E-02 0.0000E+00 2.6137E-02 5.7147E-02 9.6399E-02 6.7268E-02 3.6678E-02 8.9439E-03 1.2983E-03 0
 0 1.0757E-03 3.7875E-03 1.6484E-02 3.7036E-02 6.3571E-02 7.3990E-02 6.8403E-02 8.4829E-02 7.4465E-02 7.6419E-02 7.5782E-02 8.0563E-02 6.4479E-02 3.4804E-02 2.1296E-02 0.0000E+00 2.7765E-02 5.8541E-02 9.7507E-02 6.8308E-02 3.6068E-02 9.0062E-03 1.2696E-03 0
 0 1.0751E-03 3.7529E-03 1.6267E-02 3.6417E-02 6.2831E-02 7.4404E-02 6.7279E-02 8.5223E-02 7.3075E-02 7.7342E-02 7.7344E-02 7.9622E-02 6.6663E-02 3.4012E-02 2.1149E-02 0.0000E+00 2.6839E-02 5.8689E-02 9.8045E-02 6.7683E-02 3.5486E-02 8.5165E-03 1.2245E-03 0
 0 1.0508E-03 3.6192E-03 1.5958E-02 3.6581E-02 6.2097E-02 7.3737E-02 6.9253E-02 8.4388E-02 7.3872E-02 7.8304E-02 7.6620E-02 8.1606E-02 6.7087E-02 3.4739E-02 2.2788E-02 0.0000E+00 3.0027E-02 5.9749E-02 9.8764E-02 6.7220E-02 3.5282E-02 8.2967E-03 1.1668E-03 0
 0 1.0390E-03 3.5242E-03 1.5718E-02 3.5207E-02 6.2071E-02 7.3085E-02 6.8498E-02 8.6110E-02 7.3511E-02 7.7943E-02 7.7681E-02 8.2062E-02 6.8389E-02 3.7297E-02 2.4172E-02 0.0000E+00 2.9776E-02 6.1064E-02 9.9252E-02 6.8098E-02 3.5544E-02 8.3748E-03 1.2398E-03 0
 0 1.0205E-03 3.3912E-03 1.5520E-02 3.5432E-02 6.0152E-02 7.2896E-02 6.9242E-02 8.3865E-02 7.4438E-02 7.7706E-02 7.6744E-02 8.2620E-02 6.8189E-02 3.7197E-02 2.3577E-02 0.0000E+00 3.0575E-02 6.1029E-02 9.9613E-02 6.7862E-02 3.3962E-02 7.9865E-03 1.1418E-03 0
 0 9.8971E-04 3.3692E-03 1.5267E-02 3.5492E-02 6.0593E-02 7.3766E-02 6.8345E-02 8.3513E-02 7.4519E-02 7.7930E-02 7.7289E-02 8.4943E-02 6.9748E-02 3.7016E-02 2.5495E-02 0.0000E+00 3.1844E-02 6.1810E-02 9.8838E-02 6.6894E-02 3.4769E-02 7.7886E-03 1.1388E-03 0
 0 9.7672E-04 3.2801E-03 1.5015E-02 3.4818E-02 6.0243E-02 7.2850E-02 6.7538E-02 8.3199E-02 7.4510E-02 7.7157E-02 7.6527E-02 8.3889E-02 7.1259E-02 3.8651E-02 2.5591E-02 0.0000E+00 3.2581E-02 6.3616E-02 1.0089E-01 6.7880E-02 3.3381E-02 7.8717E-03 1.0501E-03 0
 0 9.4157E-04 3.2708E-03 1.4785E-02 3.4274E-02 5.9631E-02 7.1777E-02 6.8578E-02 8.3839E-02 7.5076E-02 7.8000E-02 7.8274E-02 8.4546E-02 7.0608E-02 3.9043E-02 2.6662E-02 0.0000E+00 3.3395E-02 6.4237E-02 1.0020E-01 6.7435E-02 3.3927E-02 7.3808E-03 1.0580E-03 0
 0 9.3278E-04 3.0667E-03 1.4554E-02 3.3759E-02 5.9439E-02 7.1681E-02 6.9222E-02 8.2305E-02 7.5103E-02 7.9601E-02 7.9047E-02 8.4910E-02 7.1410E-02 3.9582E-02 2.7219E-02 0.0000E+00 3.4680E-02 6.5021E-02 1.0149E-01 6.7955E-02 3.2864E-02 7.4199E-03 9.8754E-04 0
 0 8.7222E-04 3.0248E-03 1.4322E-02 3.3275E-02 5.9269E-02 7.1878E-02 6.7831E-02 8.2881E-02 7.4215E-02 7.8106E-02 7.8594E-02 8.6745E-02 7.3049E-02 4.1359E-02 2.8410E-02 0.0000E+00 3.5734E-02 6.5699E-02 1.0167E-01 6.8278E-02 3.3349E-02 7.1488E-03 1.0140E-03 0
 0 8.9782E-04 2.9596E-03 1.4141E-02 3.3443E-02 5.7707E-02 7.0065E-02 6.7440E-02 8.2584E-02 7.5726E-02 7.9789E-02 7.8625E-02 8.7256E-02 7.3515E-02 4.0848E-02 2.9871E-02 0.0000E+00 3.6529E-02 6.6021E-02 1.0261E-01 6.6267E-02 3.2072E-02 7.2684E-03 9.4170E-04 0
 0 8.5427E-04 2.8113E-03 1.3901E-02 3.2877E-02 5.8588E-02 7.0688E-02 6.8219E-02 8.2323E-02 7.4465E-02 7.9518E-02 7.9809E-02 8.6716E-02 7.6146E-02 4.2594E-02 3.1495E-02 0.0000E+00 3.7741E-02 6.8570E-02 1.0127E-01 6.7396E-02 3.2453E-02 6.8154E-03 9.3313E-04 0
 0 8.5484E-04 2.8293E-03 1.3672E-02 3.2478E-02 5.7346E-02 7.0661E-02 6.8136E-02 8.3604E-02 7.4965E-02 7.9901E-02 8.0808E-02 8.7795E-02 7.7115E-02 4.3102E-02 3.1549E-02 0.0000E+00 3.8489E-02 6.8555E-02 1.0268E-01 6.6828E-02 3.1453E-02 6.7958E-03 9.3425E-04 0
 0 8.1129E-04 2.7189E-03 1.3454E-02 3.2656E-02 5.7209E-02 7.1037E-02 6.7475E-02 8.1935E-02 7.4438E-02 7.9090E-02 8.1017E-02 8.6008E-02 7.6684E-02 4.2737E-02 3.0884E-02 0.0000E+00 3.9076E-02 6.9411E-02 1.0256E-01 6.7835E-02 3.0820E-02 6.5418E-03 8.8990E-04 0
 0 8.1931E-04 2.6691E-03 1.3271E-02 3.1494E-02 5.5427E-02 6.9678E-02 6.8271E-02 8.0031E-02 7.3641E-02 7.9269E-02 8.0204E-02 8.8693E-02 7.9171E-02 4.3406E-02 3.2779E-02 0.0000E+00 4.0770E-02 7.1225E-02 1.0450E-01 6.7310E-02 3.1022E-02 6.2964E-03 8.3400E-04 0
 0 7.8989E-04 2.6504E-03 1.3061E-02 3.1580E-02 5.5972E-02 6.8925E-02 6.8302E-02 8.1218E-02 7.4621E-02 8.0288E-02 8.2225E-02 9.0308E-02 7.8251E-02 4.4179E-02 3.5075E-02 0.0000E+00 4.2665E-02 7.1456E-02 1.0357E-01 6.6512E-02 3.0749E-02 6.1645E-03 7.9226E-04 0
 0 7.7003E-04 2.5500E-03 1.2852E-02 3.1021E-02 5.5710E-02 6.8901E-02 6.8294E-02 8.0205E-02 7.4591E-02 8.0396E-02 8.2026E-02 9.0757E-02 7.8588E-02 4.4733E-02 3.4851E-02 0.0000E+00 4.2946E-02 7.3622E-02 1.0581E-01 6.6900E-02 3.0937E-02 6.2964E-03 7.8779E-04 0
 0 7.4233E-04 2.5081E-03 1.2698E-02 3.1642E-02 5.4567E-02 6.9614E-02 6.8383E-02 8.0463E-02 7.4600E-02 8.0856E-02 8.3365E-02 9.1454E-02 8.1491E-02 4.6033E-02 3.6923E-02 0.0000E+00 4.4610E-02 7.3645E-02 1.0546E-01 6.6434E-02 3.0623E-02 5.9508E-03 7.3935E-04 0
 0 7.7442E-04 2.3246E-03 1.2487E-02 3.1072E-02 5.4055E-02 6.9240E-02 6.8555E-02 8.1121E-02 7.4534E-02 8.1991E-02 8.2160E-02 9.2354E-02 8.1609E-02 4.7499E-02 3.7851E-02 0.0000E+00 4.6068E-02 7.5459E-02 1.0643E-01 6.6823E-02 2.9671E-02 6.0363E-03 7.1848E-04 0
 0 7.4538E-04 2.4303E-03 1.2265E-02 3.0500E-02 5.3520E-02 6.7107E-02 6.8417E-02 7.9168E-02 7.6159E-02 8.1304E-02 8.2085E-02 9.4441E-02 8.3183E-02 4.8761E-02 3.8253E-02 0.0000E+00 4.7809E-02 7.5967E-02 1.0571E-01 6.5702E-02 3.0100E-02 5.8397E-03 7.2705E-04 0
 0 7.3889E-04 2.2741E-03 1.2102E-02 2.9976E-02 5.3881E-02 6.7150E-02 6.7998E-02 7.9129E-02 7.5936E-02 8.2649E-02 8.2644E-02 9.3904E-02 8.3785E-02 4.8211E-02 3.9784E-02 0.0000E+00 4.8534E-02 7.7955E-02 1.0481E-01 6.8039E-02 2.9303E-02 5.7639E-03 7.0767E-04 0
 0 6.9037E-04 2.1969E-03 1.1905E-02 3.0060E-02 5.4097E-02 6.7801E-02 6.7354E-02 7.9946E-02 7.6388E-02 8.1559E-02 8.2493E-02 9.4980E-02 8.6155E-02 5.0384E-02 4.1621E-02 0.0000E+00 5.0649E-02 7.8940E-02 1.0690E-01 6.6637E-02 2.8764E-02 5.6186E-03 6.9202E-04 0
 0 6.8578E-04 2.2222E-03 1.1709E-02 2.9404E-02 5.2335E-02 6.7243E-02 6.7926E-02 7.8019E-02 7.4856E-02 8.1824E-02 8.3626E-02 9.5374E-02 8.4822E-02 5.2908E-02 4.0782E-02 0.0000E+00 5.1116E-02 7.9595E-02 1.0780E-01 6.6736E-02 2.8909E-02 5.4171E-03 6.6854E-04 0
 0 6.7986E-04 2.2116E-03 1.1543E-02 2.9139E-02 5.2882E-02 6.7361E-02 6.8564E-02 7.8489E-02 7.5353E-02 8.2352E-02 8.3856E-02 9.7606E-02 8.9244E-02 5.1162E-02 4.2472E-02 0.0000E+00 5.3057E-02 8.0485E-02 1.0822E-01 6.7573E-02 2.7733E-02 5.2132E-03 6.6258E-04 0
 0 6.6553E-04 2.1477E-03 1.1369E-02 2.9439E-02 5.1557E-02 6.6768E-02 6.9314E-02 7.8263E-02 7.5329E-02 8.3035E-02 8.5829E-02 9.8277E-02 8.8578E-02 5.5209E-02 4.4757E-02 0.0000E+00 5.4060E-02 8.2318E-02 1.0840E-01 6.7943E-02 2.8387E-02 5.2608E-03 6.4730E-04 0
 0 6.4701E-04 1.9496E-03 1.1202E-02 2.8843E-02 5.1388E-02 6.6373E-02 6.9219E-02 7.8122E-02 7.4796E-02 8.1438E-02 8.5284E-02 9.9528E-02 9.0243E-02 5.4685E-02 4.5151E-02 0.0000E+00 5.7143E-02 8.2939E-02 1.0873E-01 6.6613E-02 2.7749E-02 4.9372E-03 6.2345E-04 0
 0 6.0689E-04 1.9423E-03 1.1023E-02 2.8147E-02 5.0435E-02 6.5700E-02 6.9156E-02 7.8407E-02 7.5976E-02 8.2604E-02 8.5462E-02 9.9587E-02 9.3014E-02 5.4951E-02 4.7656E-02 0.0000E+00 5.7776E-02 8.6064E-02 1.0937E-01 6.6341E-02 2.7335E-02 4.9958E-03 6.1078E-04 0
 0 6.0231E-04 1.9775E-03 1.0819E-02 2.7742E-02 5.0611E-02 6.4811E-02 6.7762E-02 7.7963E-02 7.6006E-02 8.2096E-02 8.6282E-02 1.0081E-01 9.1625E-02 5.7659E-02 4.9242E-02 0.0000E+00 5.9482E-02 8.4859E-02 1.0975E-01 6.6589E-02 2.7801E-02 4.8823E-03 6.0221E-04 0
 0 6.1090E-04 1.9576E-03 1.0701E-02 2.8308E-02 5.0349E-02 6.5633E-02 6.8044E-02 7.7478E-02 7.4516E-02 8.2703E-02 8.4865E-02 9.9740E-02 9.4703E-02 5.7632E-02 5.0486E-02 0.0000E+00 5.9447E-02 8.6344E-02 1.0974E-01 6.6670E-02 2.7013E-02 4.7846E-03 5.6569E-04 0
 0 5.8779E-04 1.8366E-03 1.0496E-02 2.7402E-02 4.9527E-02 6.3569E-02 6.7322E-02 7.6820E-02 7.6027E-02 8.3067E-02 8.5599E-02 1.0155E-01 9.5941E-02 5.9556E-02 5.1751E-02 0.0000E+00 6.3414E-02 8.8904E-02 1.0970E-01 6.6924E-02 2.6733E-02 4.7150E-03 5.6569E-04 0
 0 5.8015E-04 1.9024E-03 1.0315E-02 2.7274E-02 4.9661E-02 6.4891E-02 6.8006E-02 7.6435E-02 7.7053E-02 8.4610E-02 8.7007E-02 1.0256E-01 9.6459E-02 6.0895E-02 5.2567E-02 0.0000E+00 6.3437E-02 8.9772E-02 1.1087E-01 6.7313E-02 2.6419E-02 4.5318E-03 5.6196E-04 0
 0 5.9180E-04 1.7827E-03 1.0206E-02 2.6629E-02 4.8730E-02 6.4221E-02 6.7021E-02 7.6406E-02 7.5452E-02 8.3872E-02 8.6907E-02 1.0195E-01 9.7122E-02 6.0633E-02 5.4979E-02 0.0000E+00 6.6011E-02 9.1033E-02 1.1063E-01 6.7501E-02 2.6333E-02 4.5647E-03 4.9563E-04 0
 0 5.6123E-04 1.6816E-03 1.0038E-02 2.6593E-02 4.8215E-02 6.4453E-02 6.8475E-02 7.6089E-02 7.6752E-02 8.4272E-02 8.8012E-02 1.0418E-01 9.7955E-02 6.2633E-02 5.6124E-02 0.0000E+00 6.8261E-02 9.2650E-02 1.1008E-01 6.7710E-02 2.5434E-02 4.4121E-03 5.3066E-04 0
 0 5.5512E-04 1.7288E-03 9.9183E-03 2.6759E-02 4.7545E-02 6.3460E-02 6.8791E-02 7.5192E-02 7.5575E-02 8.4102E-02 8.9159E-02 1.0509E-01 9.7947E-02 6.4041E-02 5.7945E-02 0.0000E+00 6.8809E-02 9.3938E-02 1.1029E-01 6.7262E-02 2.5820E-02 4.2521E-03 5.0420E-04 0
 0 5.2379E-04 1.6517E-03 9.7242E-03 2.6330E-02 4.7056E-02 6.3807E-02 6.7595E-02 7.5798E-02 7.6180E-02 8.4770E-02 8.7226E-02 1.0491E-01 9.9208E-02 6.4715E-02 5.9839E-02 0.0000E+00 7.1769E-02 9.4858E-02 1.1138E-01 6.7172E-02 2.5510E-02 4.3303E-03 4.8259E-04 0
 0 5.1214E-04 1.6098E-03 9.5599E-03 2.5963E-02 4.6736E-02 6.3190E-02 6.7845E-02 7.4302E-02 7.6228E-02 8.3770E-02 8.7933E-02 1.0386E-01 1.0133E-01 6.6334E-02 6.1536E-02 0.0000E+00 7.2518E-02 9.7460E-02 1.1176E-01 6.8158E-02 2.5781E-02 4.1263E-03 4.7514E-04 0
 0 5.2055E-04 1.6490E-03 9.4660E-03 2.5243E-02 4.6081E-02 6.2162E-02 6.8684E-02 7.5025E-02 7.5434E-02 8.5265E-02 8.9427E-02 1.0508E-01 1.0324E-01 6.6642E-02 6.2542E-02 0.0000E+00 7.4706E-02 9.7664E-02 1.1304E-01 6.6144E-02 2.4980E-02 4.0653E-03 4.3601E-04 0
 0 5.0412E-04 1.5639E-03 9.2965E-03 2.5804E-02 4.5694E-02 6.2013E-02 6.7972E-02 7.4643E-02 7.6746E-02 8.5658E-02 8.9355E-02 1.0695E-01 1.0441E-01 6.7342E-02 6.4684E-02 0.0000E+00 7.7117E-02 9.9660E-02 1.1209E-01 6.7238E-02 2.4995E-02 4.0311E-03 4.5129E-04 0
 0 5.0183E-04 1.4602E-03 9.1774E-03 2.5115E-02 4.5652E-02 6.1463E-02 6.6101E-02 7.3565E-02 7.6000E-02 8.4684E-02 8.8816E-02 1.0733E-01 1.0521E-01 7.0835E-02 6.6648E-02 0.0000E+00 7.9834E-02 1.0108E-01 1.1242E-01 6.6464E-02 2.4967E-02 3.9517E-03 4.4085E-04 0
 0 4.7890E-04 1.5407E-03 9.0566E-03 2.5433E-02 4.5001E-02 6.1311E-02 6.8682E-02 7.4564E-02 7.6601E-02 8.5486E-02 9.0686E-02 1.0926E-01 1.0647E-01 7.1601E-02 7.0085E-02 0.0000E+00 8.0093E-02 1.0248E-01 1.1359E-01 6.7815E-02 2.4571E-02 3.7917E-03 4.3414E-04 0
 0 4.9304E-04 1.3738E-03 8.9064E-03 2.4770E-02 4.4989E-02 6.1562E-02 6.8463E-02 7.4241E-02 7.6180E-02 8.4761E-02 9.2289E-02 1.0978E-01 1.0896E-01 7.4455E-02 6.9265E-02 0.0000E+00 8.2813E-02 1.0284E-01 1.1309E-01 6.6727E-02 2.4192E-02 3.7649E-03 4.3004E-04 0
 0 4.5292E-04 1.3758E-03 8.8021E-03 2.4088E-02 4.4783E-02 5.9669E-02 6.7687E-02 7.3847E-02 7.6030E-02 8.5102E-02 9.2722E-02 1.1129E-01 1.1015E-01 7.5002E-02 7.1821E-02 0.0000E+00 8.2674E-02 1.0438E-01 1.1511E-01 6.6984E-02 2.4378E-02 3.5939E-03 4.2557E-04 0
 0 4.5980E-04 1.3571E-03 8.6193E-03 2.4408E-02 4.3316E-02 6.1014E-02 6.7707E-02 7.4173E-02 7.5945E-02 8.5591E-02 8.9917E-02 1.0985E-01 1.1004E-01 7.6079E-02 7.3267E-02 0.0000E+00 8.4091E-02 1.0695E-01 1.1335E-01 6.6972E-02 2.3932E-02 3.4755E-03 3.6893E-04 0
 0 4.3382E-04 1.4270E-03 8.5201E-03 2.3727E-02 4.2507E-02 6.0122E-02 6.8670E-02 7.2710E-02 7.6589E-02 8.4470E-02 9.1555E-02 1.0999E-01 1.1181E-01 7.7194E-02 7.6399E-02 0.0000E+00 8.8069E-02 1.0705E-01 1.1434E-01 6.6721E-02 2.3421E-02 3.5231E-03 3.5887E-04 0
 0 4.4108E-04 1.3059E-03 8.3251E-03 2.3599E-02 4.3703E-02 6.0464E-02 6.8032E-02 7.2031E-02 7.7582E-02 8.6416E-02 9.2979E-02 1.1303E-01 1.1430E-01 7.9753E-02 7.9782E-02 0.0000E+00 8.9674E-02 1.1142E-01 1.1494E-01 6.7148E-02 2.3874E-02 3.3973E-03 3.6520E-04 0
 0 4.1434E-04 1.3086E-03 8.2584E-03 2.3177E-02 4.1738E-02 5.9669E-02 6.8256E-02 7.2924E-02 7.5413E-02 8.4738E-02 9.3278E-02 1.1266E-01 1.1447E-01 8.2065E-02 7.9472E-02 0.0000E+00 9.2310E-02 1.1144E-01 1.1459E-01 6.7534E-02 2.3146E-02 3.4022E-03 3.7415E-04 0
 0 4.2446E-04 1.2800E-03 8.1281E-03 2.3385E-02 4.1893E-02 5.8251E-02 6.8670E-02 7.2207E-02 7.6677E-02 8.6166E-02 9.3604E-02 1.1249E-01 1.1662E-01 8.2953E-02 8.3822E-02 0.0000E+00 9.6582E-02 1.1119E-01 1.1506E-01 6.8227E-02 2.3928E-02 3.2727E-03 3.3055E-04 0
 0 4.3306E-04 1.2128E-03 8.0072E-03 2.2777E-02 4.1756E-02 5.9257E-02 6.7046E-02 7.1076E-02 7.5717E-02 8.5380E-02 9.2348E-02 1.1218E-01 1.1612E-01 8.4804E-02 8.6861E-02 0.0000E+00 9.8820E-02 1.1461E-01 1.1567E-01 6.5612E-02 2.3021E-02 3.2092E-03 3.2831E-04 0
 0 4.0956E-04 1.1670E-03 7.9129E-03 2.2653E-02 4.1617E-02 5.9127E-02 6.6739E-02 7.1479E-02 7.3993E-02 8.6336E-02 9.4503E-02 1.1314E-01 1.1758E-01 8.4350E-02 8.6076E-02 0.0000E+00 1.0085E-01 1.1450E-01 1.1549E-01 6.5947E-02 2.2865E-02 3.1909E-03 3.0409E-04 0
 0 3.7651E-04 1.1284E-03 7.7812E-03 2.3073E-02 4.0607E-02 5.8424E-02 6.7187E-02 7.0956E-02 7.5960E-02 8.7499E-02 9.4744E-02 1.1507E-01 1.1964E-01 8.7085E-02 8.8659E-02 0.0000E+00 1.0377E-01 1.1462E-01 1.1599E-01 6.6939E-02 2.2460E-02 3.1164E-03 3.2645E-04 0
 0 3.8091E-04 1.1264E-03 7.6512E-03 2.2156E-02 4.1086E-02 5.7666E-02 6.8374E-02 7.1141E-02 7.6953E-02 8.5518E-02 9.5286E-02 1.1705E-01 1.2175E-01 8.9701E-02 9.2842E-02 0.0000E+00 1.0604E-01 1.1702E-01 1.1686E-01 6.6837E-02 2.1982E-02 3.0883E-03 3.0968E-04 0
 0 3.6467E-04 1.1849E-03 7.5457E-03 2.2139E-02 4.0169E-02 5.8229E-02 6.8750E-02 7.0415E-02 7.5329E-02 8.5396E-02 9.4198E-02 1.1815E-01 1.2223E-01 9.1821E-02 9.6457E-02 0.0000E+00 1.0799E-01 1.1996E-01 1.1513E-01 6.6924E-02 2.1958E-02 2.9418E-03 3.2868E-04 0
 0 3.6620E-04 1.0513E-03 7.4557E-03 2.2249E-02 4.0153E-02 5.8005E-02 6.6975E-02 7.1200E-02 7.5942E-02 8.5895E-02 9.4321E-02 1.1739E-01 1.2274E-01 9.3063E-02 9.5753E-02 0.0000E+00 1.0991E-01 1.2169E-01 1.1561E-01 6.6007E-02 2.1726E-02 2.8258E-03 3.0409E-04 0
 0 3.7518E-04 1.0373E-03 7.3201E-03 2.1511E-02 3.8873E-02 5.5931E-02 6.7032E-02 7.0215E-02 7.5693E-02 8.6559E-02 9.5993E-02 1.1794E-01 1.2569E-01 9.5802E-02 9.8402E-02 0.0000E+00 1.1101E-01 1.2163E-01 1.1592E-01 6.7154E-02 2.1412E-02 2.7574E-03 2.5862E-04 0
 0 3.5531E-04 9.8876E-04 7.2022E-03 2.1390E-02 3.9022E-02 5.5728E-02 6.6538E-02 7.0668E-02 7.5443E-02 8.7128E-02 9.7030E-02 1.2123E-01 1.2630E-01 9.7176E-02 1.0431E-01 0.0000E+00 1.1458E-01 1.2453E-01 1.1696E-01 6.7623E-02 2.1655E-02 2.9650E-03 2.7763E-04 0
 0 3.3945E-04 1.0114E-03 7.1611E-03 2.0802E-02 3.8528E-02 5.7274E-02 6.7716E-02 6.9466E-02 7.5801E-02 8.6486E-02 9.7798E-02 1.1954E-01 1.2861E-01 9.9642E-02 1.0342E-01 0.0000E+00 1.1762E-01 1.2596E-01 1.1827E-01 6.6658E-02 2.1181E-02 2.8356E-03 3.0185E-04 0
 0 3.4690E-04 9.5684E-04 7.0154E-03 2.0870E-02 3.8222E-02 5.5920E-02 6.7871E-02 7.0688E-02 7.5398E-02 8.7978E-02 9.7936E-02 1.2059E-01 1.2869E-01 1.0113E-01 1.0936E-01 0.0000E+00 1.1954E-01 1.2600E-01 1.1802E-01 6.7429E-02 2.1442E-02 2.7599E-03 2.6011E-04 0
 0 3.2665E-04 1.0174E-03 6.8875E-03 2.0629E-02 3.7272E-02 5.5549E-02 6.7624E-02 6.9284E-02 7.5506E-02 8.6892E-02 9.8279E-02 1.2237E-01 1.3131E-01 1.0203E-01 1.0785E-01 0.0000E+00 1.2271E-01 1.3099E-01 1.1777E-01 6.7094E-02 2.0754E-02 2.6426E-03 2.5639E-04 0
 0 3.2876E-04 9.8942E-04 6.8081E-03 2.0599E-02 3.6901E-02 5.5346E-02 6.7564E-02 6.8861E-02 7.4125E-02 8.5511E-02 9.8842E-02 1.2311E-01 1.3112E-01 1.0523E-01 1.1421E-01 0.0000E+00 1.2325E-01 1.3058E-01 1.1822E-01 6.6640E-02 2.0893E-02 2.5950E-03 2.4074E-04 0
 0 3.2322E-04 8.7439E-04 6.6629E-03 2.0618E-02 3.7249E-02 5.4080E-02 6.6931E-02 6.9217E-02 7.5265E-02 8.6783E-02 9.6017E-02 1.2315E-01 1.3143E-01 1.0590E-01 1.1265E-01 0.0000E+00 1.2738E-01 1.3068E-01 1.1935E-01 6.7561E-02 2.0351E-02 2.6182E-03 2.2956E-04 0
 0 3.0641E-04 9.1030E-04 6.5855E-03 1.9798E-02 3.6157E-02 5.4524E-02 6.6805E-02 6.9064E-02 7.5187E-02 8.7630E-02 9.8121E-02 1.2121E-01 1.3532E-01 1.0891E-01 1.1602E-01 0.0000E+00 1.3020E-01 1.3376E-01 1.1848E-01 6.7916E-02 2.1042E-02 2.5608E-03 2.6011E-04 0
 0 3.0641E-04 8.6708E-04 6.5370E-03 1.9301E-02 3.6526E-02 5.3520E-02 6.6259E-02 6.7701E-02 7.5196E-02 8.6713E-02 9.9703E-02 1.2471E-01 1.3605E-01 1.0966E-01 1.1858E-01 0.0000E+00 1.3286E-01 1.3786E-01 1.1802E-01 6.6016E-02 2.0094E-02 2.5474E-03 2.4111E-04 0
 0 3.0201E-04 8.8303E-04 6.3820E-03 1.9682E-02 3.5571E-02 5.3504E-02 6.8115E-02 6.8417E-02 7.5783E-02 8.7393E-02 1.0018E-01 1.2500E-01 1.3717E-01 1.1530E-01 1.2211E-01 0.0000E+00 1.3707E-01 1.3748E-01 1.1916E-01 6.8176E-02 2.0284E-02 2.3385E-03 2.2397E-04 0
 0 3.0641E-04 8.0590E-04 6.3383E-03 1.9461E-02 3.5661E-02 5.2641E-02 6.7009E-02 6.7498E-02 7.5160E-02 8.7023E-02 1.0036E-01 1.2272E-01 1.3840E-01 1.1568E-01 1.2365E-01 0.0000E+00 1.3826E-01 1.3983E-01 1.1935E-01 6.7827E-02 2.0323E-02 2.3544E-03 2.0906E-04 0
 0 2.8482E-04 8.7306E-04 6.2193E-03 1.9509E-02 3.5545E-02 5.3071E-02 6.6753E-02 6.8864E-02 7.5407E-02 8.7745E-02 1.0020E-01 1.2631E-01 1.3752E-01 1.1596E-01 1.2793E-01 0.0000E+00 1.3882E-01 1.3909E-01 1.2026E-01 6.8358E-02 2.0232E-02 2.3202E-03 2.3291E-04 0
 0 2.9342E-04 7.9859E-04 6.1498E-03 1.9204E-02 3.5587E-02 5.2521E-02 6.7518E-02 6.7225E-02 7.6463E-02 8.7869E-02 1.0008E-01 1.2595E-01 1.4102E-01 1.1965E-01 1.3029E-01 0.0000E+00 1.4225E-01 1.4026E-01 1.1892E-01 6.7576E-02 1.9172E-02 2.3935E-03 1.9788E-04 0
 0 2.8367E-04 8.4846E-04 6.0741E-03 1.9105E-02 3.5080E-02 5.1960E-02 6.6058E-02 6.7941E-02 7.5383E-02 8.7141E-02 1.0222E-01 1.2746E-01 1.4238E-01 1.2088E-01 1.3281E-01 0.0000E+00 1.4601E-01 1.4110E-01 1.2049E-01 6.7561E-02 1.9016E-02 2.1346E-03 1.6136E-04 0
 0 2.9074E-04 7.1547E-04 5.9578E-03 1.8495E-02 3.4262E-02 5.2382E-02 6.6268E-02 6.6749E-02 7.4254E-02 8.7096E-02 1.0137E-01 1.2806E-01 1.4385E-01 1.2447E-01 1.3702E-01 0.0000E+00 1.4972E-01 1.4556E-01 1.1966E-01 6.7298E-02 1.9336E-02 2.2689E-03 1.9639E-04 0
 0 2.7030E-04 7.6401E-04 5.8467E-03 1.8216E-02 3.3360E-02 5.1950E-02 6.6446E-02 6.5767E-02 7.5500E-02 8.8447E-02 1.0216E-01 1.2758E-01 1.4359E-01 1.2542E-01 1.3874E-01 0.0000E+00 1.5271E-01 1.4607E-01 1.1972E-01 6.6966E-02 1.8821E-02 2.1810E-03 1.8856E-04 0
 0 2.6553E-04 7.0749E-04 5.7943E-03 1.7916E-02 3.3423E-02 5.0986E-02 6.6736E-02 6.6255E-02 7.3917E-02 8.8023E-02 1.0239E-01 1.2942E-01 1.4501E-01 1.2880E-01 1.4204E-01 0.0000E+00 1.5387E-01 1.4777E-01 1.2019E-01 6.7286E-02 1.9440E-02 2.2384E-03 1.7850E-04 0
 0 2.7183E-04 7.4340E-04 5.6871E-03 1.7973E-02 3.3434E-02 5.1573E-02 6.6618E-02 6.5988E-02 7.3972E-02 8.7553E-02 1.0257E-01 1.2925E-01 1.4772E-01 1.3024E-01 1.4460E-01 0.0000E+00 1.5584E-01 1.4809E-01 1.1839E-01 6.6900E-02 1.9027E-02 2.1871E-03 1.6695E-04 0
 0 2.5483E-04 6.9087E-04 5.6142E-03 1.7783E-02 3.3284E-02 5.1143E-02 6.5696E-02 6.5479E-02 7.4769E-02 8.7911E-02 1.0325E-01 1.3064E-01 1.4793E-01 1.3349E-01 1.5008E-01 0.0000E+00 1.5997E-01 1.5166E-01 1.2147E-01 6.5899E-02 1.8338E-02 2.0613E-03 1.6397E-04 0
 0 2.4852E-04 6.7557E-04 5.5417E-03 1.7348E-02 3.3620E-02 5.1397E-02 6.5957E-02 6.5999E-02 7.3547E-02 8.7799E-02 1.0211E-01 1.3123E-01 1.4938E-01 1.3660E-01 1.5330E-01 0.0000E+00 1.6293E-01 1.5154E-01 1.2026E-01 6.6811E-02 1.7961E-02 2.1114E-03 1.5614E-04 0
 0 2.2025E-04 6.7491E-04 5.4607E-03 1.7260E-02 3.2199E-02 4.9563E-02 6.6661E-02 6.5544E-02 7.2849E-02 8.7326E-02 1.0375E-01 1.3223E-01 1.5194E-01 1.3662E-01 1.5368E-01 0.0000E+00 1.6427E-01 1.5489E-01 1.1847E-01 6.7336E-02 1.8217E-02 1.9209E-03 1.5726E-04 0
 0 2.3611E-04 7.1813E-04 5.3590E-03 1.7182E-02 3.2127E-02 5.0684E-02 6.5523E-02 6.4527E-02 7.3818E-02 8.7636E-02 1.0250E-01 1.3201E-01 1.5266E-01 1.4004E-01 1.5644E-01 0.0000E+00 1.6826E-01 1.5439E-01 1.2074E-01 6.6234E-02 1.8403E-02 2.0039E-03 1.5279E-04 0
 0 2.2102E-04 6.4632E-04 5.3119E-03 1.7112E-02 3.1738E-02 4.9699E-02 6.6627E-02 6.5324E-02 7.4306E-02 8.5936E-02 1.0457E-01 1.3225E-01 1.5353E-01 1.4163E-01 1.6313E-01 0.0000E+00 1.6854E-01 1.5790E-01 1.2014E-01 6.6488E-02 1.8087E-02 1.9893E-03 1.6993E-04 0
 0 2.1834E-04 7.0151E-04 5.2558E-03 1.7016E-02 3.1154E-02 4.9109E-02 6.5276E-02 6.4313E-02 7.3878E-02 8.8026E-02 1.0330E-01 1.3310E-01 1.5557E-01 1.4708E-01 1.6227E-01 0.0000E+00 1.7262E-01 1.5839E-01 1.2041E-01 6.6619E-02 1.7472E-02 1.8977E-03 1.6173E-04 0
 0 2.2064E-04 6.2105E-04 5.1350E-03 1.6944E-02 3.1696E-02 4.8954E-02 6.6641E-02 6.3029E-02 7.3532E-02 8.7968E-02 1.0485E-01 1.3242E-01 1.5481E-01 1.4718E-01 1.6776E-01 0.0000E+00 1.7334E-01 1.5809E-01 1.2060E-01 6.6222E-02 1.7977E-02 1.8696E-03 1.3714E-04 0
 0 2.2006E-04 6.3435E-04 5.0795E-03 1.6128E-02 3.0649E-02 4.8521E-02 6.6653E-02 6.4119E-02 7.3713E-02 8.7949E-02 1.0302E-01 1.3275E-01 1.5756E-01 1.4943E-01 1.6894E-01 0.0000E+00 1.7835E-01 1.6171E-01 1.2057E-01 6.7336E-02 1.7100E-02 1.7731E-03 1.5801E-04 0
 0 2.1834E-04 6.2770E-04 5.0069E-03 1.6552E-02 3.0625E-02 4.8335E-02 6.5069E-02 6.3141E-02 7.4197E-02 8.5748E-02 1.0511E-01 1.3484E-01 1.5766E-01 1.5153E-01 1.7412E-01 0.0000E+00 1.8263E-01 1.6233E-01 1.2066E-01 6.5884E-02 1.6974E-02 1.8000E-03 1.6136E-04 0
 0 2.1089E-04 5.9578E-04 4.9318E-03 1.5956E-02 2.9638E-02 4.7971E-02 6.5374E-02 6.2624E-02 7.3270E-02 8.8090E-02 1.0404E-01 1.3638E-01 1.5854E-01 1.5543E-01 1.7644E-01 0.0000E+00 1.8297E-01 1.6220E-01 1.2146E-01 6.6282E-02 1.7373E-02 1.8061E-03 1.2223E-04 0
 0 2.1204E-04 5.3660E-04 4.8996E-03 1.6060E-02 2.9858E-02 4.6329E-02 6.6090E-02 6.2242E-02 7.3842E-02 8.7016E-02 1.0563E-01 1.3526E-01 1.6437E-01 1.5612E-01 1.7816E-01 0.0000E+00 1.8773E-01 1.6522E-01 1.2024E-01 6.6733E-02 1.7026E-02 1.7060E-03 1.2260E-04 0
 0 2.0879E-04 5.3993E-04 4.7746E-03 1.5899E-02 3.0415E-02 4.6754E-02 6.4348E-02 6.2953E-02 7.3845E-02 8.7709E-02 1.0643E-01 1.3556E-01 1.6113E-01 1.5974E-01 1.8036E-01 0.0000E+00 1.8925E-01 1.6639E-01 1.2215E-01 6.5600E-02 1.7160E-02 1.6816E-03 1.3080E-04 0
 0 2.0841E-04 5.7051E-04 4.7422E-03 1.5627E-02 2.9481E-02 4.6602E-02 6.4750E-02 6.1963E-02 7.3033E-02 8.7416E-02 1.0603E-01 1.3536E-01 1.6246E-01 1.6072E-01 1.8437E-01 0.0000E+00 1.9172E-01 1.6938E-01 1.2253E-01 6.6377E-02 1.6453E-02 1.7597E-03 1.3341E-04 0
 0 1.9084E-04 6.1108E-04 4.6566E-03 1.5675E-02 2.9675E-02 4.6738E-02 6.5141E-02 6.1669E-02 7.3204E-02 8.7409E-02 1.0602E-01 1.3562E-01 1.6391E-01 1.6590E-01 1.8862E-01 0.0000E+00 1.9594E-01 1.7080E-01 1.2034E-01 6.6592E-02 1.6554E-02 1.5839E-03 1.3043E-04 0
 0 1.8854E-04 5.4392E-04 4.6201E-03 1.5414E-02 2.8419E-02 4.6564E-02 6.4975E-02 6.2206E-02 7.2771E-02 8.5971E-02 1.0556E-01 1.3743E-01 1.6255E-01 1.7024E-01 1.9338E-01 0.0000E+00 1.9771E-01 1.6919E-01 1.1908E-01 6.6052E-02 1.6381E-02 1.5082E-03 1.1515E-04 0
 0 1.7823E-04 4.7476E-04 4.5328E-03 1.5532E-02 2.7882E-02 4.6490E-02 6.4256E-02 6.2759E-02 7.2383E-02 8.7058E-02 1.0513E-01 1.3656E-01 1.6702E-01 1.6961E-01 1.9460E-01 0.0000E+00 2.0074E-01 1.7179E-01 1.1886E-01 6.4844E-02 1.6297E-02 1.6022E-03 1.1925E-04 0
 0 1.9771E-04 5.3195E-04 4.4919E-03 1.4451E-02 2.8368E-02 4.6118E-02 6.3653E-02 6.0687E-02 7.1757E-02 8.7460E-02 1.0721E-01 1.3863E-01 1.6861E-01 1.7287E-01 1.9855E-01 0.0000E+00 2.0260E-01 1.7342E-01 1.2065E-01 6.5690E-02 1.6119E-02 1.5570E-03 1.3863E-04 0
 0 1.9103E-04 4.7742E-04 4.3864E-03 1.4639E-02 2.7742E-02 4.4914E-02 6.5225E-02 6.2215E-02 7.2539E-02 8.5828E-02 1.0612E-01 1.3907E-01 1.6761E-01 1.7410E-01 2.0081E-01 0.0000E+00 2.0381E-01 1.7468E-01 1.1926E-01 6.5851E-02 1.6041E-02 1.6730E-03 1.2037E-04 0
 0 1.7995E-04 4.9870E-04 4.3649E-03 1.4908E-02 2.7650E-02 4.4519E-02 6.3802E-02 6.1542E-02 7.1369E-02 8.6010E-02 1.0750E-01 1.3805E-01 1.6908E-01 1.7684E-01 2.0443E-01 0.0000E+00 2.0863E-01 1.7570E-01 1.2033E-01 6.5717E-02 1.6130E-02 1.5570E-03 1.1142E-04 0
 0 1.6371E-04 4.3620E-04 4.3079E-03 1.4535E-02 2.6563E-02 4.4153E-02 6.3914E-02 5.9921E-02 7.1312E-02 8.6623E-02 1.0634E-01 1.3819E-01 1.7022E-01 1.7927E-01 2.0821E-01 0.0000E+00 2.1178E-01 1.7688E-01 1.1985E-01 6.5382E-02 1.5972E-02 1.4923E-03 1.0621E-04 0
 0 1.7689E-04 4.7476E-04 4.2178E-03 1.4504E-02 2.7214E-02 4.4055E-02 6.3196E-02 6.0925E-02 7.1456E-02 8.6291E-02 1.0582E-01 1.4036E-01 1.7206E-01 1.8385E-01 2.1030E-01 0.0000E+00 2.1362E-01 1.7863E-01 1.1992E-01 6.5798E-02 1.6372E-02 1.4886E-03 9.7636E-05 0
 0 1.7823E-04 4.6213E-04 4.1794E-03 1.4201E-02 2.6333E-02 4.3534E-02 6.2972E-02 6.1005E-02 7.1567E-02 8.5540E-02 1.0898E-01 1.3920E-01 1.7068E-01 1.8662E-01 2.1350E-01 0.0000E+00 2.1501E-01 1.8051E-01 1.1865E-01 6.5541E-02 1.5777E-02 1.3860E-03 9.3536E-05 0
 0 1.6199E-04 4.3287E-04 4.1103E-03 1.3956E-02 2.6822E-02 4.2615E-02 6.2750E-02 5.9336E-02 6.9560E-02 8.6885E-02 1.0638E-01 1.4199E-01 1.7444E-01 1.8990E-01 2.1399E-01 0.0000E+00 2.2163E-01 1.7999E-01 1.2001E-01 6.5149E-02 1.5675E-02 1.4740E-03 1.1813E-04 0
 0 1.6944E-04 4.3354E-04 4.0608E-03 1.4502E-02 2.6241E-02 4.3283E-02 6.3380E-02 6.0235E-02 7.1956E-02 8.6866E-02 1.0723E-01 1.3883E-01 1.7275E-01 1.8856E-01 2.1952E-01 0.0000E+00 2.2378E-01 1.8176E-01 1.1991E-01 6.4456E-02 1.5842E-02 1.3714E-03 1.0546E-04 0
 0 1.4709E-04 4.4085E-04 4.0198E-03 1.3722E-02 2.6123E-02 4.3296E-02 6.3601E-02 5.9556E-02 7.0066E-02 8.5559E-02 1.0683E-01 1.3988E-01 1.7532E-01 1.9192E-01 2.2277E-01 0.0000E+00 2.2135E-01 1.8367E-01 1.2011E-01 6.5666E-02 1.5530E-02 1.3775E-03 9.8008E-05 0
 0 1.5015E-04 4.4817E-04 3.9564E-03 1.3722E-02 2.5474E-02 4.2963E-02 6.1727E-02 6.0144E-02 7.0577E-02 8.5888E-02 1.0798E-01 1.4022E-01 1.7836E-01 1.9588E-01 2.2649E-01 0.0000E+00 2.2565E-01 1.8413E-01 1.1879E-01 6.4683E-02 1.4574E-02 1.4031E-03 8.0866E-05 0
 0 1.6581E-04 4.7410E-04 3.8962E-03 1.3669E-02 2.5817E-02 4.2250E-02 6.2598E-02 5.8975E-02 7.1381E-02 8.4751E-02 1.0723E-01 1.4021E-01 1.7758E-01 1.9929E-01 2.2858E-01 0.0000E+00 2.3010E-01 1.8513E-01 1.1866E-01 6.4085E-02 1.5331E-02 1.3982E-03 8.6829E-05 0
 0 1.5951E-04 4.2755E-04 3.8370E-03 1.3234E-02 2.5126E-02 4.1419E-02 6.1897E-02 5.9186E-02 6.9669E-02 8.4505E-02 1.0928E-01 1.4216E-01 1.7574E-01 2.0005E-01 2.2978E-01 0.0000E+00 2.3499E-01 1.8462E-01 1.1717E-01 6.4417E-02 1.4822E-02 1.2248E-03 8.8692E-05 0
 0 1.4575E-04 3.9564E-04 3.7813E-03 1.3499E-02 2.5142E-02 4.2279E-02 6.0532E-02 5.8992E-02 7.0108E-02 8.6217E-02 1.0703E-01 1.4197E-01 1.7765E-01 2.0254E-01 2.3202E-01 0.0000E+00 2.3099E-01 1.8656E-01 1.1704E-01 6.4686E-02 1.5158E-02 1.3457E-03 7.8258E-05 0
 0 1.3773E-04 3.9231E-04 3.7384E-03 1.3057E-02 2.4401E-02 4.1115E-02 6.2337E-02 5.8293E-02 6.9642E-02 8.4361E-02 1.0894E-01 1.4135E-01 1.7762E-01 2.0455E-01 2.3749E-01 0.0000E+00 2.3608E-01 1.8861E-01 1.1794E-01 6.4145E-02 1.4745E-02 1.2297E-03 9.6518E-05 0
 0 1.4594E-04 3.7303E-04 3.6966E-03 1.3015E-02 2.4241E-02 4.0552E-02 6.1219E-02 5.8055E-02 6.9807E-02 8.3192E-02 1.0783E-01 1.4215E-01 1.7931E-01 2.0652E-01 2.4095E-01 0.0000E+00 2.3759E-01 1.8899E-01 1.1795E-01 6.3610E-02 1.4680E-02 1.2761E-03 7.6022E-05 0
 0 1.4365E-04 3.5641E-04 3.6653E-03 1.2820E-02 2.4201E-02 4.0311E-02 6.1248E-02 5.7808E-02 6.9732E-02 8.4300E-02 1.0843E-01 1.4191E-01 1.8136E-01 2.0913E-01 2.4176E-01 0.0000E+00 2.3947E-01 1.9027E-01 1.1729E-01 6.3276E-02 1.4368E-02 1.2383E-03 7.6767E-05 0
 0 1.3295E-04 3.5308E-04 3.5778E-03 1.2652E-02 2.3692E-02 4.0172E-02 6.0374E-02 5.8005E-02 6.9145E-02 8.3818E-02 1.0904E-01 1.4190E-01 1.8133E-01 2.1189E-01 2.4698E-01 0.0000E+00 2.4258E-01 1.9038E-01 1.1761E-01 6.4256E-02 1.4011E-02 1.3067E-03 7.8630E-05 0
 0 1.3104E-04 3.5973E-04 3.5268E-03 1.2626E-02 2.3209E-02 3.9956E-02 5.9256E-02 5.7470E-02 6.8685E-02 8.3588E-02 1.0866E-01 1.4150E-01 1.7978E-01 2.1299E-01 2.4803E-01 0.0000E+00 2.4175E-01 1.9143E-01 1.1638E-01 6.2663E-02 1.3727E-02 1.1345E-03 7.9748E-05 0
 0 1.3200E-04 3.6172E-04 3.4781E-03 1.2465E-02 2.3515E-02 4.0661E-02 5.9885E-02 5.7191E-02 6.7391E-02 8.1946E-02 1.0777E-01 1.4203E-01 1.8317E-01 2.1578E-01 2.5068E-01 0.0000E+00 2.4617E-01 1.9378E-01 1.1689E-01 6.2535E-02 1.3931E-02 1.1516E-03 6.4842E-05 0
 0 1.2073E-04 3.5042E-04 3.4424E-03 1.2465E-02 2.3455E-02 4.0295E-02 5.8931E-02 5.7194E-02 6.8721E-02 8.3646E-02 1.0779E-01 1.4147E-01 1.8355E-01 2.1813E-01 2.5639E-01 0.0000E+00 2.5017E-01 1.9306E-01 1.1566E-01 6.2824E-02 1.3664E-02 1.1345E-03 7.0432E-05 0
 0 1.3907E-04 3.5973E-04 3.3888E-03 1.1842E-02 2.3029E-02 3.9379E-02 6.0256E-02 5.7509E-02 6.8128E-02 8.2620E-02 1.0738E-01 1.4188E-01 1.8418E-01 2.2237E-01 2.5563E-01 0.0000E+00 2.4848E-01 1.9168E-01 1.1601E-01 6.3395E-02 1.4032E-02 1.1931E-03 7.2668E-05 0
 0 1.2245E-04 3.1917E-04 3.3331E-03 1.1917E-02 2.2996E-02 3.8992E-02 5.9658E-02 5.7553E-02 6.9151E-02 8.3757E-02 1.0687E-01 1.4373E-01 1.8338E-01 2.2240E-01 2.5589E-01 0.0000E+00 2.4957E-01 1.9554E-01 1.1512E-01 6.3069E-02 1.3781E-02 1.1491E-03 5.6644E-05 0
 0 1.1328E-04 3.5242E-04 3.3100E-03 1.1999E-02 2.2755E-02 3.8133E-02 5.9397E-02 5.5317E-02 6.6928E-02 8.2639E-02 1.0815E-01 1.4244E-01 1.8705E-01 2.2722E-01 2.6093E-01 0.0000E+00 2.5150E-01 1.9524E-01 1.1501E-01 6.3631E-02 1.3333E-02 1.1381E-03 5.9625E-05 0
 0 1.2130E-04 3.1185E-04 3.2423E-03 1.1804E-02 2.2299E-02 3.8562E-02 5.9319E-02 5.5458E-02 6.7030E-02 8.1578E-02 1.0747E-01 1.3994E-01 1.8497E-01 2.2757E-01 2.6222E-01 3.8700E-06 2.5596E-01 1.9606E-01 1.1537E-01 6.3473E-02 1.3597E-02 1.0844E-03 6.3351E-05 0
 0 1.1653E-04 3.2648E-04 3.2031E-03 1.1945E-02 2.1828E-02 3.7486E-02 6.0633E-02 5.4870E-02 6.5682E-02 8.3010E-02 1.0752E-01 1.4213E-01 1.8391E-01 2.2867E-01 2.6571E-01 3.8700E-06 2.5523E-01 1.9601E-01 1.1490E-01 6.1058E-02 1.3866E-02 1.0954E-03 5.6644E-05 0
 0 1.0697E-04 2.9390E-04 3.1666E-03 1.1506E-02 2.1082E-02 3.8007E-02 5.8644E-02 5.4618E-02 6.7629E-02 8.1607E-02 1.0867E-01 1.4133E-01 1.8578E-01 2.3074E-01 2.6833E-01 3.8700E-06 2.6044E-01 1.9509E-01 1.1597E-01 6.1674E-02 1.3379E-02 1.0050E-03 6.1861E-05 0
 0 1.0678E-04 2.9324E-04 3.1329E-03 1.1028E-02 2.1807E-02 3.7468E-02 5.8558E-02 5.4562E-02 6.6079E-02 8.0639E-02 1.0958E-01 1.4205E-01 1.8534E-01 2.3341E-01 2.6929E-01 3.0960E-05 2.5777E-01 1.9692E-01 1.1255E-01 6.1082E-02 1.3225E-02 9.8305E-04 6.1488E-05 0
 0 1.1614E-04 2.6730E-04 3.0909E-03 1.1413E-02 2.1249E-02 3.7179E-02 5.8262E-02 5.5763E-02 6.6801E-02 8.3201E-02 1.0773E-01 1.4444E-01 1.8411E-01 2.3314E-01 2.7186E-01 6.9661E-05 2.6026E-01 1.9842E-01 1.1481E-01 6.1581E-02 1.3415E-02 1.0062E-03 6.5960E-05 0
 0 1.1404E-04 2.7528E-04 3.0426E-03 1.1104E-02 2.1821E-02 3.7340E-02 5.9552E-02 5.5520E-02 6.6317E-02 8.1479E-02 1.0916E-01 1.4118E-01 1.8558E-01 2.3565E-01 2.7318E-01 1.9350E-04 2.6029E-01 1.9853E-01 1.1213E-01 6.0799E-02 1.3195E-02 1.0759E-03 5.9997E-05 0
 0 1.1385E-04 3.0454E-04 3.0101E-03 1.0973E-02 2.1061E-02 3.7139E-02 5.7851E-02 5.5367E-02 6.5318E-02 8.0770E-02 1.0882E-01 1.4232E-01 1.8959E-01 2.3630E-01 2.7402E-01 3.6378E-04 2.6421E-01 2.0162E-01 1.1368E-01 6.0326E-02 1.2993E-02 1.0136E-03 5.8880E-05 0
 0 1.0697E-04 2.6132E-04 2.9773E-03 1.1203E-02 2.0153E-02 3.6656E-02 5.8032E-02 5.4183E-02 6.4803E-02 8.0016E-02 1.0683E-01 1.4223E-01 1.8640E-01 2.3868E-01 2.7772E-01 5.6890E-04 2.6579E-01 2.0141E-01 1.1123E-01 6.1686E-02 1.2710E-02 9.8182E-04 5.4408E-05 0
 0 1.0239E-04 2.9191E-04 2.9245E-03 1.0713E-02 2.0384E-02 3.6031E-02 5.7656E-02 5.4030E-02 6.4340E-02 8.0412E-02 1.0610E-01 1.3897E-01 1.8563E-01 2.4159E-01 2.7872E-01 1.3545E-03 2.6614E-01 2.0042E-01 1.1123E-01 6.0043E-02 1.2547E-02 9.5618E-04 5.8507E-05 0
 0 9.7423E-05 2.7063E-04 2.8887E-03 1.0664E-02 1.9833E-02 3.6002E-02 5.7498E-02 5.3730E-02 6.5101E-02 7.9738E-02 1.0501E-01 1.4262E-01 1.8744E-01 2.4389E-01 2.7939E-01 2.0860E-03 2.6731E-01 2.0000E-01 1.1144E-01 5.9648E-02 1.2630E-02 9.2565E-04 4.2855E-05 0
 0 9.7996E-05 2.5866E-04 2.8602E-03 1.0651E-02 1.9800E-02 3.4918E-02 5.6618E-02 5.3945E-02 6.3157E-02 8.0799E-02 1.0613E-01 1.4056E-01 1.8835E-01 2.4523E-01 2.8310E-01 3.1618E-03 2.6793E-01 2.0158E-01 1.1145E-01 6.0551E-02 1.2541E-02 1.0197E-03 4.9563E-05 0
 0 9.0355E-05 2.6531E-04 2.8049E-03 1.0755E-02 2.0269E-02 3.6111E-02 5.6707E-02 5.4192E-02 6.4614E-02 7.8716E-02 1.0710E-01 1.4059E-01 1.8712E-01 2.4607E-01 2.8474E-01 5.6425E-03 2.6966E-01 2.0038E-01 1.1034E-01 6.0763E-02 1.2655E-02 9.9648E-04 5.3662E-05 0
 0 1.0086E-04 2.3140E-04 2.7775E-03 1.0525E-02 1.9768E-02 3.5035E-02 5.5394E-02 5.4051E-02 6.3886E-02 7.8853E-02 1.0659E-01 1.4231E-01 1.8944E-01 2.5208E-01 2.8493E-01 8.6418E-03 2.7164E-01 2.0154E-01 1.1001E-01 5.9149E-02 1.2567E-02 8.3895E-04 4.6209E-05 0
 0 1.0201E-04 2.3672E-04 2.7448E-03 1.0133E-02 1.9138E-02 3.4416E-02 5.5725E-02 5.2884E-02 6.3798E-02 7.8368E-02 1.0512E-01 1.4014E-01 1.8785E-01 2.5005E-01 2.8810E-01 1.4099E-02 2.7331E-01 1.9986E-01 1.1109E-01 5.8623E-02 1.2493E-02 8.9878E-04 4.3973E-05 0
 0 9.7232E-05 2.3273E-04 2.7042E-03 1.0058E-02 1.8924E-02 3.4774E-02 5.6268E-02 5.2867E-02 6.3440E-02 7.8294E-02 1.0628E-01 1.3842E-01 1.8633E-01 2.5202E-01 2.8450E-01 2.1084E-02 2.7277E-01 2.0228E-01 1.0894E-01 5.8468E-02 1.2262E-02 8.2429E-04 4.3973E-05 0
 0 9.2075E-05 2.3805E-04 2.6636E-03 9.7892E-03 1.8938E-02 3.4296E-02 5.5796E-02 5.2358E-02 6.4036E-02 7.7038E-02 1.0698E-01 1.4138E-01 1.8942E-01 2.5309E-01 2.9140E-01 3.1653E-02 2.7047E-01 2.0014E-01 1.1091E-01 5.8017E-02 1.2103E-02 8.6215E-04 4.6209E-05 0
 0 9.4558E-05 2.1677E-04 2.6475E-03 1.0008E-02 1.9251E-02 3.3861E-02 5.5052E-02 5.1909E-02 6.1761E-02 7.7364E-02 1.0490E-01 1.3882E-01 1.8828E-01 2.5470E-01 2.9005E-01 4.7613E-02 2.7286E-01 2.0215E-01 1.0779E-01 5.9188E-02 1.1989E-02 8.1697E-04 5.1054E-05 0
 0 8.5007E-05 2.4536E-04 2.6062E-03 1.0103E-02 1.8700E-02 3.3668E-02 5.3894E-02 5.1997E-02 6.2119E-02 7.7336E-02 1.0413E-01 1.3683E-01 1.8643E-01 2.5386E-01 2.9316E-01 6.9978E-02 2.7193E-01 2.0144E-01 1.0840E-01 5.7539E-02 1.2136E-02 8.8169E-04 3.4657E-05 0
 0 8.6344E-05 1.8818E-04 2.5833E-03 1.0125E-02 1.7483E-02 3.3655E-02 5.5072E-02 5.2258E-02 6.2017E-02 7.6348E-02 1.0517E-01 1.3961E-01 1.8875E-01 2.5558E-01 2.9297E-01 1.0035E-01 2.7311E-01 2.0159E-01 1.0803E-01 5.8489E-02 1.1880E-02 8.8901E-04 4.9563E-05 0
 0 8.2332E-05 2.2009E-04 2.5245E-03 9.6284E-03 1.8199E-02 3.2838E-02 5.3587E-02 5.1506E-02 6.0480E-02 7.6406E-02 1.0398E-01 1.3797E-01 1.8861E-01 2.5951E-01 2.9158E-01 1.3766E-01 2.7333E-01 2.0059E-01 1.0611E-01 5.7180E-02 1.1768E-02 7.8277E-04 3.6893E-05 0
 0 7.7366E-05 2.3871E-04 2.5043E-03 9.7398E-03 1.8480E-02 3.2018E-02 5.4647E-02 5.0977E-02 6.0789E-02 7.6725E-02 1.0504E-01 1.3920E-01 1.8873E-01 2.5492E-01 2.9597E-01 1.8942E-01 2.7235E-01 2.0150E-01 1.0780E-01 5.6367E-02 1.1642E-02 8.2185E-04 4.0247E-05 0
 0 7.4500E-05 2.1477E-04 2.4719E-03 9.5261E-03 1.8090E-02 3.2317E-02 5.3610E-02 5.1016E-02 6.0669E-02 7.3994E-02 1.0323E-01 1.3902E-01 1.9037E-01 2.5787E-01 2.9486E-01 2.4941E-01 2.7625E-01 2.0041E-01 1.0670E-01 5.6857E-02 1.1660E-02 7.5469E-04 4.0619E-05 0
 0 7.6792E-05 1.9017E-04 2.4304E-03 9.4074E-03 1.7483E-02 3.2755E-02 5.4526E-02 5.0692E-02 6.0215E-02 7.3856E-02 1.0423E-01 1.3665E-01 1.8684E-01 2.6239E-01 2.9536E-01 3.2592E-01 2.7375E-01 2.0003E-01 1.0531E-01 5.6929E-02 1.1277E-02 8.3773E-04 4.0619E-05 0
 0 7.1444E-05 2.1211E-04 2.4134E-03 9.1845E-03 1.7214E-02 3.2066E-02 5.3219E-02 5.0507E-02 6.0344E-02 7.4352E-02 1.0272E-01 1.3764E-01 1.8829E-01 2.6122E-01 2.9649E-01 4.1843E-01 2.7354E-01 2.0132E-01 1.0653E-01 5.6036E-02 1.1363E-02 7.6201E-04 3.5775E-05 0
 0 7.1253E-05 2.1078E-04 2.3754E-03 8.8009E-03 1.7439E-02 3.1458E-02 5.2687E-02 4.9491E-02 5.9715E-02 7.4687E-02 1.0269E-01 1.3764E-01 1.8721E-01 2.6216E-01 2.9720E-01 5.3158E-01 2.7340E-01 2.0091E-01 1.0487E-01 5.6475E-02 1.0870E-02 7.7545E-04 3.9874E-05 0
 0 7.0107E-05 2.1477E-04 2.3208E-03 9.1096E-03 1.7226E-02 3.2352E-02 5.2325E-02 4.9864E-02 5.9396E-02 7.3668E-02 1.0297E-01 1.3547E-01 1.8519E-01 2.6422E-01 3.0058E-01 6.5304E-01 2.7707E-01 2.0150E-01 1.0446E-01 5.6433E-02 1.1383E-02 7.7789E-04 3.8011E-05 0
 0 7.4309E-05 1.8485E-04 2.3191E-03 8.9507E-03 1.7082E-02 3.1487E-02 5.1150E-02 4.9535E-02 5.8078E-02 7.4415E-02 1.0175E-01 1.3460E-01 1.8598E-01 2.6437E-01 3.0149E-01 7.9421E-01 2.7717E-01 2.0267E-01 1.0453E-01 5.5796E-02 1.1469E-02 7.7422E-04 3.4657E-05 0
 0 6.8196E-05 1.8086E-04 2.2973E-03 8.9507E-03 1.6577E-02 3.0617E-02 5.1865E-02 5.0137E-02 5.8906E-02 7.2534E-02 1.0180E-01 1.3477E-01 1.8453E-01 2.6247E-01 2.9950E-01 9.4478E-01 2.7428E-01 2.0046E-01 1.0319E-01 5.5020E-02 1.0997E-02 6.7409E-04 2.9440E-05 0
 0 6.6859E-05 2.4536E-04 2.2668E-03 8.7973E-03 1.6964E-02 3.0395E-02 5.1351E-02 4.9923E-02 5.8834E-02 7.1984E-02 1.0063E-01 1.3459E-01 1.8645E-01 2.6211E-01 2.9805E-01 1.1029E+00 2.7550E-01 1.9978E-01 1.0318E-01 5.4700E-02 1.1008E-02 7.2294E-04 2.7204E-05 0
 0 6.6668E-05 2.0347E-04 2.2261E-03 8.7005E-03 1.6809E-02 3.0723E-02 5.1348E-02 4.9035E-02 5.7913E-02 7.1879E-02 1.0048E-01 1.3404E-01 1.8630E-01 2.6553E-01 3.0073E-01 1.2711E+00 2.7490E-01 1.9849E-01 1.0300E-01 5.4553E-02 1.0863E-02 6.8996E-04 3.3912E-05 0
 0 6.5713E-05 1.8153E-04 2.2029E-03 8.4740E-03 1.6236E-02 2.9605E-02 5.1627E-02 4.9461E-02 5.8220E-02 7.2182E-02 1.0055E-01 1.3296E-01 1.8598E-01 2.6714E-01 2.9582E-01 1.4348E+00 2.7388E-01 2.0025E-01 1.0119E-01 5.4028E-02 1.0874E-02 6.7287E-04 2.4223E-05 0
 0 7.4691E-05 1.7222E-04 2.1817E-03 8.5050E-03 1.5984E-02 3.0211E-02 5.1029E-02 4.8345E-02 5.7206E-02 7.1269E-02 1.0130E-01 1.3474E-01 1.8510E-01 2.6457E-01 2.9957E-01 1.5997E+00 2.7123E-01 1.9905E-01 1.0213E-01 5.3570E-02 1.0774E-02 6.8996E-04 3.4657E-05 0
 0 6.8196E-05 1.8419E-04 2.1461E-03 8.3863E-03 1.6090E-02 2.9832E-02 5.0615E-02 4.9053E-02 5.5605E-02 7.1240E-02 1.0065E-01 1.3379E-01 1.8357E-01 2.6833E-01 2.9903E-01 1.7531E+00 2.7166E-01 1.9725E-01 1.0059E-01 5.3116E-02 1.0560E-02 7.0095E-04 3.1676E-05 0
 0 6.4567E-05 1.9416E-04 2.1155E-03 8.3771E-03 1.5902E-02 2.9386E-02 5.0023E-02 4.8060E-02 5.6553E-02 7.0233E-02 9.9927E-02 1.3272E-01 1.8388E-01 2.6530E-01 2.9778E-01 1.8878E+00 2.7522E-01 1.9545E-01 9.9578E-02 5.2928E-02 1.0818E-02 6.9851E-04 3.1303E-05 0
 0 6.4949E-05 1.9217E-04 2.1131E-03 8.2602E-03 1.5585E-02 2.9244E-02 4.9791E-02 4.7199E-02 5.5966E-02 6.9904E-02 9.7716E-02 1.3139E-01 1.8359E-01 2.6627E-01 2.9861E-01 2.0004E+00 2.7407E-01 1.9762E-01 9.9004E-02 5.2722E-02 1.0921E-02 6.7897E-04 3.0558E-05 0
 0 6.3612E-05 1.4895E-04 2.0659E-03 7.8858E-03 1.5840E-02 2.9586E-02 4.9170E-02 4.7070E-02 5.6099E-02 7.0214E-02 9.6903E-02 1.3125E-01 1.8175E-01 2.6482E-01 2.9807E-01 2.0990E+00 2.7176E-01 1.9737E-01 9.9326E-02 5.3041E-02 1.0510E-02 6.4600E-04 3.6893E-05 0
 0 6.7050E-05 1.6557E-04 2.0573E-03 7.9059E-03 1.5135E-02 2.8635E-02 4.8227E-02 4.7372E-02 5.5385E-02 6.9070E-02 9.8454E-02 1.2911E-01 1.8139E-01 2.6721E-01 2.9740E-01 2.1589E+00 2.7051E-01 1.9663E-01 9.7610E-02 5.1616E-02 1.0263E-02 6.8386E-04 2.8322E-05 0
 0 6.6668E-05 1.6557E-04 2.0264E-03 7.8401E-03 1.5226E-02 2.8595E-02 4.9342E-02 4.6703E-02 5.5455E-02 6.8396E-02 9.7153E-02 1.2911E-01 1.7911E-01 2.6699E-01 2.9618E-01 2.1971E+00 2.6816E-01 1.9597E-01 9.7504E-02 5.2689E-02 1.0136E-02 6.9607E-04 3.1676E-05 0
 0 5.0049E-05 1.6224E-04 1.9813E-03 7.8693E-03 1.4779E-02 2.8334E-02 4.8156E-02 4.6221E-02 5.4744E-02 6.7530E-02 9.6693E-02 1.2845E-01 1.8016E-01 2.6584E-01 2.9240E-01 2.1953E+00 2.6988E-01 1.9400E-01 9.6920E-02 5.1736E-02 1.0001E-02 6.4600E-04 4.0247E-05 0
 0 6.4758E-05 1.4296E-04 1.9690E-03 7.9479E-03 1.5390E-02 2.7821E-02 4.8408E-02 4.5627E-02 5.4233E-02 6.7892E-02 9.6583E-02 1.2823E-01 1.8092E-01 2.6572E-01 2.9481E-01 2.1644E+00 2.6847E-01 1.9414E-01 9.6764E-02 5.1592E-02 9.7936E-03 5.8861E-04 3.3166E-05 0
 0 4.8903E-05 1.5161E-04 1.9254E-03 7.6647E-03 1.4380E-02 2.7624E-02 4.6828E-02 4.6415E-02 5.3691E-02 6.6428E-02 9.5090E-02 1.2704E-01 1.7901E-01 2.6573E-01 2.9615E-01 2.1059E+00 2.6607E-01 1.9119E-01 9.6049E-02 5.0026E-02 1.0151E-02 6.3135E-04 2.4968E-05 0
 0 5.4060E-05 1.5692E-04 1.9100E-03 7.7031E-03 1.4510E-02 2.7565E-02 4.7009E-02 4.5795E-02 5.3785E-02 6.5853E-02 9.5269E-02 1.2705E-01 1.7580E-01 2.6515E-01 2.9370E-01 2.0229E+00 2.6491E-01 1.9124E-01 9.4658E-02 5.0000E-02 9.5122E-03 6.6676E-04 2.9440E-05 0
 0 5.5780E-05 1.4230E-04 1.9075E-03 7.7049E-03 1.4299E-02 2.6892E-02 4.6621E-02 4.5360E-02 5.2732E-02 6.7546E-02 9.3003E-02 1.2454E-01 1.7805E-01 2.6404E-01 2.9172E-01 1.9175E+00 2.6295E-01 1.9151E-01 9.4552E-02 5.0107E-02 1.0261E-02 7.1194E-04 2.5341E-05 0
 0 5.8645E-05 1.3166E-04 1.8771E-03 7.5698E-03 1.4157E-02 2.6275E-02 4.6526E-02 4.4396E-02 5.2918E-02 6.6019E-02 9.3995E-02 1.2480E-01 1.7665E-01 2.6294E-01 2.8824E-01 1.7886E+00 2.6459E-01 1.8873E-01 9.2584E-02 4.8852E-02 9.8564E-03 6.3501E-04 2.7204E-05 0
 0 5.3678E-05 1.2368E-04 1.8560E-03 7.4656E-03 1.4051E-02 2.7306E-02 4.5704E-02 4.4946E-02 5.2175E-02 6.4927E-02 9.3566E-02 1.2488E-01 1.7577E-01 2.6379E-01 2.9218E-01 1.6594E+00 2.6156E-01 1.8816E-01 9.2089E-02 4.8506E-02 9.4970E-03 6.7775E-04 2.1241E-05 0
 0 5.2341E-05 1.2102E-04 1.8140E-03 7.4200E-03 1.3703E-02 2.6724E-02 4.5607E-02 4.5040E-02 5.0893E-02 6.4099E-02 9.4074E-02 1.2384E-01 1.7571E-01 2.6168E-01 2.8815E-01 1.5124E+00 2.6207E-01 1.8563E-01 9.2729E-02 4.7941E-02 9.2979E-03 5.8983E-04 1.6769E-05 0
 0 4.6419E-05 1.3764E-04 1.8057E-03 7.0729E-03 1.3812E-02 2.6507E-02 4.5089E-02 4.3885E-02 5.1203E-02 6.5035E-02 9.1411E-02 1.2312E-01 1.7317E-01 2.5888E-01 2.8716E-01 1.3608E+00 2.6178E-01 1.8458E-01 9.2301E-02 4.7391E-02 9.0706E-03 6.3013E-04 2.2732E-05 0
 0 5.5780E-05 1.3033E-04 1.7932E-03 7.3031E-03 1.3942E-02 2.6542E-02 4.4788E-02 4.3618E-02 5.1065E-02 6.5013E-02 9.2159E-02 1.2186E-01 1.7099E-01 2.6079E-01 2.8554E-01 1.2164E+00 2.6049E-01 1.8582E-01 9.1650E-02 4.8045E-02 9.7785E-03 5.4953E-04 2.7949E-05 0
 0 5.2341E-05 1.3033E-04 1.7642E-03 6.9176E-03 1.3284E-02 2.5811E-02 4.5601E-02 4.4111E-02 5.1510E-02 6.2975E-02 9.2265E-02 1.2107E-01 1.7381E-01 2.5805E-01 2.8612E-01 1.0736E+00 2.5747E-01 1.8517E-01 8.9735E-02 4.7385E-02 9.2416E-03 5.3365E-04 2.0123E-05 0
 0 4.5082E-05 1.1703E-04 1.7145E-03 7.0382E-03 1.3142E-02 2.5765E-02 4.4360E-02 4.2484E-02 4.9939E-02 6.3419E-02 9.0415E-02 1.2186E-01 1.6915E-01 2.5732E-01 2.8406E-01 9.3062E-01 2.5478E-01 1.8377E-01 8.9887E-02 4.6282E-02 9.5555E-03 5.6540E-04 2.5713E-05 0
 0 4.2790E-05 1.4363E-04 1.7097E-03 6.9304E-03 1.2918E-02 2.5781E-02 4.4480E-02 4.3001E-02 4.9139E-02 6.2575E-02 9.0758E-02 1.2158E-01 1.6894E-01 2.5660E-01 2.8035E-01 8.0318E-01 2.5326E-01 1.8059E-01 8.9321E-02 4.7567E-02 9.2438E-03 5.4953E-04 2.0123E-05 0
 0 4.8903E-05 1.4429E-04 1.7057E-03 6.8811E-03 1.2964E-02 2.5058E-02 4.2974E-02 4.3268E-02 4.9569E-02 6.2703E-02 8.9361E-02 1.1989E-01 1.6700E-01 2.5516E-01 2.7822E-01 6.8124E-01 2.5148E-01 1.8196E-01 8.8687E-02 4.6829E-02 9.1507E-03 5.7151E-04 2.6086E-05 0
 0 5.2723E-05 1.1104E-04 1.6752E-03 6.5779E-03 1.2642E-02 2.4852E-02 4.3069E-02 4.3089E-02 4.8669E-02 6.1735E-02 8.8555E-02 1.2006E-01 1.6699E-01 2.5343E-01 2.7938E-01 5.7337E-01 2.4872E-01 1.8160E-01 8.7314E-02 4.5783E-02 9.1723E-03 5.8616E-04 2.7576E-05 0
 0 4.3363E-05 1.1703E-04 1.6553E-03 6.6564E-03 1.2653E-02 2.4721E-02 4.3224E-02 4.2901E-02 4.8089E-02 6.0879E-02 8.7504E-02 1.1798E-01 1.6805E-01 2.5480E-01 2.7681E-01 4.8116E-01 2.5145E-01 1.7766E-01 8.7155E-02 4.4992E-02 9.2351E-03 4.9091E-04 1.7515E-05 0
 0 4.4700E-05 1.0572E-04 1.6555E-03 6.7806E-03 1.2626E-02 2.4924E-02 4.1802E-02 4.2895E-02 4.7971E-02 5.9297E-02 8.6818E-02 1.1766E-01 1.6395E-01 2.5023E-01 2.7690E-01 3.9275E-01 2.4656E-01 1.7620E-01 8.6217E-02 4.4953E-02 8.9255E-03 5.1411E-04 2.1241E-05 0
 0 4.3554E-05 1.2833E-04 1.6204E-03 6.5651E-03 1.2690E-02 2.4404E-02 4.2201E-02 4.1526E-02 4.6822E-02 6.0102E-02 8.7679E-02 1.1643E-01 1.6580E-01 2.4718E-01 2.7493E-01 3.2024E-01 2.4410E-01 1.7586E-01 8.5527E-02 4.4654E-02 8.9017E-03 5.2633E-04 1.4161E-05 0
 0 4.9667E-05 1.0373E-04 1.6086E-03 6.5724E-03 1.2338E-02 2.4430E-02 4.1420E-02 4.1508E-02 4.7758E-02 5.9687E-02 8.7477E-02 1.1627E-01 1.6219E-01 2.4966E-01 2.6879E-01 2.6161E-01 2.4291E-01 1.7402E-01 8.5067E-02 4.4286E-02 9.3152E-03 5.1045E-04 1.4161E-05 0
 0 4.5273E-05 1.0838E-04 1.5819E-03 6.4153E-03 1.2264E-02 2.3875E-02 4.2064E-02 4.1532E-02 4.8089E-02 5.9249E-02 8.5297E-02 1.1357E-01 1.6163E-01 2.4509E-01 2.6843E-01 2.0758E-01 2.4260E-01 1.7404E-01 8.5371E-02 4.4747E-02 8.6484E-03 5.0679E-04 1.6769E-05 0
 0 3.8014E-05 1.2434E-04 1.5577E-03 6.2162E-03 1.1768E-02 2.3821E-02 4.1273E-02 4.1905E-02 4.6226E-02 5.7898E-02 8.5483E-02 1.1280E-01 1.6045E-01 2.4364E-01 2.6475E-01 1.6531E-01 2.3830E-01 1.7386E-01 8.3584E-02 4.3306E-02 8.9125E-03 4.6649E-04 1.3788E-05 0
 0 4.6419E-05 1.1570E-04 1.5488E-03 6.2399E-03 1.2097E-02 2.3237E-02 4.0808E-02 4.0821E-02 4.7237E-02 5.8604E-02 8.4357E-02 1.1383E-01 1.5823E-01 2.4281E-01 2.6712E-01 1.3143E-01 2.3895E-01 1.7214E-01 8.2529E-02 4.3668E-02 9.0338E-03 4.9946E-04 2.1987E-05 0
 0 4.3745E-05 1.1370E-04 1.5182E-03 6.4025E-03 1.2273E-02 2.2553E-02 4.0589E-02 4.0562E-02 4.5507E-02 5.8415E-02 8.3636E-02 1.1095E-01 1.5754E-01 2.4209E-01 2.6201E-01 1.0163E-01 2.3335E-01 1.7023E-01 8.1959E-02 4.4011E-02 8.7025E-03 4.6771E-04 2.0123E-05 0
 0 3.7632E-05 1.0174E-04 1.5046E-03 6.1833E-03 1.1872E-02 2.2535E-02 3.8874E-02 4.0456E-02 4.5140E-02 5.6377E-02 8.3331E-02 1.1084E-01 1.5549E-01 2.3870E-01 2.6168E-01 7.9239E-02 2.3373E-01 1.6918E-01 8.0342E-02 4.2580E-02 8.6203E-03 4.6283E-04 2.0869E-05 0
 0 4.1262E-05 1.1636E-04 1.4884E-03 6.1413E-03 1.1722E-02 2.2567E-02 3.9822E-02 4.0136E-02 4.4598E-02 5.6463E-02 8.1298E-02 1.1086E-01 1.5634E-01 2.3606E-01 2.5851E-01 6.1499E-02 2.2952E-01 1.6760E-01 8.0996E-02 4.1430E-02 8.3887E-03 4.6893E-04 2.3105E-05 0
 0 3.7441E-05 1.0971E-04 1.4737E-03 5.9860E-03 1.1573E-02 2.2470E-02 3.9526E-02 4.0371E-02 4.4072E-02 5.6476E-02 8.1714E-02 1.0876E-01 1.5450E-01 2.3753E-01 2.5648E-01 4.5980E-02 2.3109E-01 1.6563E-01 7.7871E-02 4.1050E-02 8.2176E-03 4.7992E-04 1.5652E-05 0
 0 3.9733E-05 1.0639E-04 1.4544E-03 6.1614E-03 1.1057E-02 2.2420E-02 3.8776E-02 3.9322E-02 4.4024E-02 5.6029E-02 8.1865E-02 1.0772E-01 1.5264E-01 2.3401E-01 2.5292E-01 3.4997E-02 2.2722E-01 1.6279E-01 7.8869E-02 4.1986E-02 8.4904E-03 4.5794E-04 1.6769E-05 0
 0 4.4318E-05 1.0639E-04 1.4465E-03 6.1943E-03 1.1689E-02 2.2145E-02 3.8357E-02 3.8946E-02 4.3305E-02 5.4575E-02 8.0725E-02 1.0628E-01 1.5131E-01 2.3190E-01 2.5170E-01 2.6831E-02 2.2526E-01 1.6076E-01 7.7574E-02 4.0814E-02 8.5900E-03 4.4207E-04 1.1925E-05 0
 0 3.7250E-05 1.0838E-04 1.4278E-03 5.8308E-03 1.1349E-02 2.1419E-02 3.8222E-02 3.9701E-02 4.4141E-02 5.4243E-02 7.8216E-02 1.0568E-01 1.4951E-01 2.3005E-01 2.4695E-01 1.8735E-02 2.2219E-01 1.5941E-01 7.8441E-02 3.9768E-02 8.2111E-03 4.3352E-04 1.1925E-05 0
 0 4.2981E-05 9.4421E-05 1.3997E-03 5.6426E-03 1.1203E-02 2.1656E-02 3.7569E-02 3.8605E-02 4.3067E-02 5.3987E-02 7.8522E-02 1.0660E-01 1.4918E-01 2.2704E-01 2.4432E-01 1.4486E-02 2.1930E-01 1.5829E-01 7.6710E-02 3.9927E-02 8.2198E-03 4.5916E-04 1.6769E-05 0
 0 3.9351E-05 1.0572E-04 1.3936E-03 5.4928E-03 1.1388E-02 2.1173E-02 3.8230E-02 3.9040E-02 4.2886E-02 5.3419E-02 7.7409E-02 1.0386E-01 1.4572E-01 2.2644E-01 2.4541E-01 1.0198E-02 2.1824E-01 1.6019E-01 7.5758E-02 3.9888E-02 8.3800E-03 4.2863E-04 1.9005E-05 0
 0 3.7441E-05 8.3117E-05 1.3664E-03 5.7376E-03 1.0792E-02 2.1272E-02 3.7802E-02 3.7859E-02 4.1532E-02 5.3578E-02 7.8549E-02 1.0306E-01 1.4770E-01 2.2347E-01 2.4138E-01 7.3415E-03 2.1676E-01 1.5416E-01 7.6714E-02 3.8821E-02 8.0076E-03 4.4695E-04 1.3416E-05 0
 0 3.1137E-05 7.8462E-05 1.3647E-03 5.7412E-03 1.0739E-02 2.0716E-02 3.7276E-02 3.7991E-02 4.2676E-02 5.3010E-02 7.7248E-02 1.0196E-01 1.4501E-01 2.2047E-01 2.3663E-01 5.0504E-03 2.1426E-01 1.5505E-01 7.3798E-02 3.8645E-02 8.0488E-03 4.5550E-04 1.0062E-05 0
 0 3.8014E-05 8.9766E-05 1.3582E-03 5.5860E-03 1.1024E-02 2.1242E-02 3.6819E-02 3.8027E-02 4.0991E-02 5.2486E-02 7.5319E-02 1.0159E-01 1.4305E-01 2.1985E-01 2.3528E-01 3.7926E-03 2.1294E-01 1.5192E-01 7.5026E-02 3.8158E-02 8.1094E-03 4.3840E-04 1.1552E-05 0
 0 3.6486E-05 9.3091E-05 1.3390E-03 5.4490E-03 1.0663E-02 2.0529E-02 3.5584E-02 3.6035E-02 4.1000E-02 5.1722E-02 7.4643E-02 1.0172E-01 1.4127E-01 2.1793E-01 2.3416E-01 2.5542E-03 2.1081E-01 1.5007E-01 7.2729E-02 3.8146E-02 7.9016E-03 3.9810E-04 1.7887E-05 0
 0 3.5913E-05 8.5777E-05 1.3171E-03 5.6262E-03 1.0568E-02 2.0543E-02 3.6566E-02 3.7110E-02 4.0789E-02 5.0313E-02 7.4197E-02 1.0044E-01 1.3894E-01 2.1509E-01 2.3042E-01 1.7880E-03 2.0597E-01 1.5167E-01 7.1780E-02 3.7955E-02 8.0141E-03 3.7856E-04 1.6397E-05 0
 0 3.3621E-05 7.8462E-05 1.2993E-03 5.5787E-03 1.0373E-02 2.0308E-02 3.5474E-02 3.6214E-02 4.0434E-02 5.0224E-02 7.2985E-02 9.8263E-02 1.4242E-01 2.1040E-01 2.2633E-01 1.4319E-03 2.0557E-01 1.4919E-01 7.2555E-02 3.6706E-02 7.6548E-03 4.6649E-04 1.2670E-05 0
 0 3.3430E-05 8.9766E-05 1.2857E-03 5.3266E-03 1.0222E-02 1.9998E-02 3.5216E-02 3.6108E-02 4.0202E-02 4.9511E-02 7.3071E-02 9.7413E-02 1.3924E-01 2.0974E-01 2.2643E-01 8.9398E-04 1.9921E-01 1.4727E-01 7.1632E-02 3.7031E-02 7.5942E-03 4.1031E-04 1.7887E-05 0
 0 2.8272E-05 7.3808E-05 1.2671E-03 5.5202E-03 1.0306E-02 2.0204E-02 3.4678E-02 3.5996E-02 3.9035E-02 4.8735E-02 7.3253E-02 9.6716E-02 1.3566E-01 2.0686E-01 2.2210E-01 5.9599E-04 1.9731E-01 1.4632E-01 7.1256E-02 3.6371E-02 7.5314E-03 3.8711E-04 1.2298E-05 0
 0 2.9609E-05 9.5086E-05 1.2520E-03 5.2024E-03 1.0257E-02 2.0025E-02 3.4365E-02 3.5432E-02 3.8075E-02 4.9492E-02 7.0181E-02 9.5447E-02 1.3648E-01 2.0438E-01 2.1823E-01 4.7988E-04 1.9828E-01 1.4508E-01 7.1285E-02 3.6207E-02 7.6829E-03 3.9200E-04 1.0062E-05 0
 0 3.8014E-05 8.9101E-05 1.2252E-03 5.1987E-03 9.9999E-03 1.9795E-02 3.4107E-02 3.5565E-02 3.8448E-02 4.8786E-02 6.9999E-02 9.4623E-02 1.3500E-01 2.0098E-01 2.1529E-01 3.5604E-04 1.9649E-01 1.4279E-01 6.9119E-02 3.5953E-02 7.4361E-03 3.9688E-04 1.3788E-05 0
 0 3.5913E-05 8.7771E-05 1.2254E-03 5.1932E-03 1.0521E-02 1.9643E-02 3.4825E-02 3.5021E-02 3.9188E-02 4.7927E-02 7.0960E-02 9.4605E-02 1.3247E-01 1.9715E-01 2.1408E-01 2.5542E-04 1.9378E-01 1.3939E-01 6.9101E-02 3.4169E-02 7.5119E-03 3.7490E-04 1.5652E-05 0
 0 2.7317E-05 8.5777E-05 1.2210E-03 5.2243E-03 9.4414E-03 1.9336E-02 3.3615E-02 3.4319E-02 3.7530E-02 4.6591E-02 6.8598E-02 9.3394E-02 1.3025E-01 1.9619E-01 2.0987E-01 1.7028E-04 1.9049E-01 1.3788E-01 6.8067E-02 3.4372E-02 7.2738E-03 4.0177E-04 1.2670E-05 0
 0 2.9991E-05 8.5777E-05 1.1944E-03 5.0836E-03 9.7264E-03 1.9389E-02 3.2793E-02 3.5118E-02 3.8009E-02 4.7265E-02 6.8674E-02 9.2212E-02 1.2806E-01 1.9350E-01 2.0785E-01 8.5141E-05 1.8651E-01 1.3631E-01 6.8220E-02 3.3514E-02 7.3669E-03 3.7979E-04 1.5279E-05 0
 0 2.4451E-05 6.3834E-05 1.1849E-03 4.9393E-03 9.4854E-03 1.9154E-02 3.2759E-02 3.4657E-02 3.7524E-02 4.7326E-02 6.7496E-02 9.1964E-02 1.2925E-01 1.8863E-01 2.0554E-01 8.9011E-05 1.8399E-01 1.3524E-01 6.5544E-02 3.3986E-02 7.3171E-03 3.7124E-04 1.4161E-05 0
 0 2.4451E-05 6.5164E-05 1.1690E-03 4.6873E-03 9.2282E-03 1.8474E-02 3.2908E-02 3.3849E-02 3.7260E-02 4.6393E-02 6.7781E-02 8.9429E-02 1.2823E-01 1.8946E-01 2.0266E-01 2.3220E-05 1.8090E-01 1.3522E-01 6.6468E-02 3.3511E-02 7.3171E-03 3.7246E-04 1.0434E-05 0
 0 2.6744E-05 5.6519E-05 1.1631E-03 4.6014E-03 9.3510E-03 1.8428E-02 3.1934E-02 3.3655E-02 3.6829E-02 4.5598E-02 6.7133E-02 8.8514E-02 1.2515E-01 1.8718E-01 1.9825E-01 5.0310E-05 1.7927E-01 1.3278E-01 6.4305E-02 3.3036E-02 7.4470E-03 4.1398E-04 8.5711E-06 0
 0 2.1013E-05 7.3808E-05 1.1375E-03 4.9485E-03 8.9385E-03 1.8247E-02 3.1322E-02 3.4066E-02 3.6661E-02 4.4163E-02 6.5804E-02 8.8219E-02 1.2349E-01 1.8175E-01 1.9706E-01 5.0310E-05 1.7863E-01 1.3014E-01 6.5912E-02 3.2663E-02 7.2781E-03 3.7246E-04 1.0807E-05 0
 0 2.5597E-05 7.3808E-05 1.1550E-03 4.7055E-03 9.2467E-03 1.8204E-02 3.0762E-02 3.3232E-02 3.5454E-02 4.4310E-02 6.4877E-02 8.6774E-02 1.2268E-01 1.8218E-01 1.9429E-01 1.5480E-05 1.7508E-01 1.2832E-01 6.3870E-02 3.1901E-02 7.0140E-03 3.7002E-04 7.8258E-06 0
 0 2.3305E-05 7.8462E-05 1.1320E-03 4.7695E-03 9.2792E-03 1.7841E-02 3.0397E-02 3.3578E-02 3.6336E-02 4.4776E-02 6.3707E-02 8.6858E-02 1.2115E-01 1.7643E-01 1.9068E-01 1.5480E-05 1.7245E-01 1.2838E-01 6.2769E-02 3.1841E-02 6.8690E-03 3.4071E-04 1.3788E-05 0
 0 2.5215E-05 1.0306E-04 1.1041E-03 4.6489E-03 8.7855E-03 1.7870E-02 3.0653E-02 3.1963E-02 3.4663E-02 4.3911E-02 6.4768E-02 8.3700E-02 1.1915E-01 1.7597E-01 1.8725E-01 1.5480E-05 1.6927E-01 1.2697E-01 6.2996E-02 3.0750E-02 7.2759E-03 3.5658E-04 1.1180E-05 0
 0 2.6553E-05 8.0457E-05 1.0902E-03 4.6781E-03 8.7299E-03 1.8172E-02 3.0992E-02 3.1393E-02 3.5090E-02 4.3700E-02 6.1493E-02 8.4830E-02 1.1759E-01 1.7135E-01 1.8537E-01 3.8700E-06 1.6721E-01 1.2300E-01 6.2288E-02 3.0825E-02 6.9555E-03 3.3582E-04 8.1984E-06 0
 0 1.9294E-05 6.5164E-05 1.0810E-03 4.5265E-03 8.6210E-03 1.7779E-02 2.9997E-02 3.1927E-02 3.4437E-02 4.2770E-02 6.2983E-02 8.4765E-02 1.1669E-01 1.6805E-01 1.8232E-01 0.0000E+00 1.6605E-01 1.2298E-01 6.1095E-02 3.0523E-02 7.0811E-03 3.5292E-04 9.6890E-06 0
 0 2.6362E-05 6.5164E-05 1.0704E-03 4.3986E-03 7.9883E-03 1.7523E-02 2.9601E-02 3.2151E-02 3.4097E-02 4.2425E-02 6.0858E-02 8.3098E-02 1.1505E-01 1.6693E-01 1.7936E-01 3.8700E-06 1.6386E-01 1.2062E-01 5.8894E-02 3.0224E-02 6.7174E-03 3.3216E-04 1.1180E-05 0
 0 2.2732E-05 6.9818E-05 1.0691E-03 4.6270E-03 8.7809E-03 1.6861E-02 2.9489E-02 3.1751E-02 3.3739E-02 4.0834E-02 6.1043E-02 8.1460E-02 1.1245E-01 1.6380E-01 1.7598E-01 1.1610E-05 1.6096E-01 1.1804E-01 6.0738E-02 2.9702E-02 6.6460E-03 3.6391E-04 5.9625E-06 0
 0 2.8081E-05 5.9179E-05 1.0412E-03 4.2689E-03 8.4565E-03 1.6629E-02 2.9029E-02 3.1360E-02 3.2906E-02 4.1860E-02 6.0027E-02 7.9783E-02 1.1216E-01 1.5965E-01 1.7374E-01 0.0000E+00 1.5705E-01 1.1516E-01 5.7832E-02 2.9185E-02 6.8257E-03 3.6025E-04 1.3416E-05 0
 0 2.5980E-05 5.8514E-05 1.0459E-03 4.5174E-03 8.2224E-03 1.6639E-02 2.8147E-02 3.1287E-02 3.3568E-02 4.1377E-02 5.9303E-02 7.8327E-02 1.1151E-01 1.5930E-01 1.7326E-01 0.0000E+00 1.5767E-01 1.1586E-01 5.7673E-02 2.8913E-02 6.7585E-03 2.8942E-04 7.0804E-06 0
 0 2.3305E-05 4.9870E-05 1.0308E-03 4.3658E-03 8.0509E-03 1.6311E-02 2.8196E-02 3.0852E-02 3.2039E-02 3.9923E-02 5.7978E-02 7.7912E-02 1.0933E-01 1.5448E-01 1.6769E-01 0.0000E+00 1.5492E-01 1.1325E-01 5.8129E-02 2.7942E-02 6.7282E-03 3.2483E-04 1.1552E-05 0
 0 2.4260E-05 6.8488E-05 1.0054E-03 4.1027E-03 8.1760E-03 1.6637E-02 2.8049E-02 3.0455E-02 3.1687E-02 4.0010E-02 5.8143E-02 7.6391E-02 1.0720E-01 1.5314E-01 1.6705E-01 0.0000E+00 1.5288E-01 1.1143E-01 5.8016E-02 2.8435E-02 6.7001E-03 3.1262E-04 1.0807E-05 0
 0 2.4642E-05 5.9179E-05 1.0026E-03 4.5740E-03 8.1413E-03 1.6436E-02 2.8003E-02 2.9433E-02 3.1157E-02 3.9390E-02 5.7130E-02 7.7215E-02 1.0659E-01 1.5043E-01 1.6301E-01 0.0000E+00 1.4991E-01 1.0910E-01 5.6915E-02 2.7547E-02 6.8278E-03 2.9675E-04 8.1984E-06 0
 0 2.3305E-05 5.5855E-05 9.9362E-04 4.3183E-03 8.0022E-03 1.5932E-02 2.7509E-02 2.9674E-02 3.1341E-02 3.9058E-02 5.6101E-02 7.4895E-02 1.0513E-01 1.4829E-01 1.5958E-01 0.0000E+00 1.4505E-01 1.0902E-01 5.5323E-02 2.7302E-02 6.4555E-03 3.0041E-04 6.3351E-06 0
 0 2.1013E-05 5.1200E-05 9.8969E-04 4.0717E-03 8.0857E-03 1.5940E-02 2.7184E-02 3.0144E-02 3.0682E-02 3.8479E-02 5.5634E-02 7.4359E-02 1.0301E-01 1.4551E-01 1.5772E-01 0.0000E+00 1.4398E-01 1.0852E-01 5.4979E-02 2.6713E-02 6.5486E-03 3.4926E-04 3.3539E-06 0
 0 1.7765E-05 6.5829E-05 9.6611E-04 4.2489E-03 7.6199E-03 1.5964E-02 2.6629E-02 2.8458E-02 3.1170E-02 3.8738E-02 5.4583E-02 7.3250E-02 1.0127E-01 1.4192E-01 1.5413E-01 0.0000E+00 1.4253E-01 1.0617E-01 5.4834E-02 2.7075E-02 6.5031E-03 3.1628E-04 1.0062E-05 0
 0 2.1395E-05 6.2504E-05 9.6373E-04 4.0096E-03 7.9072E-03 1.6039E-02 2.5629E-02 2.8822E-02 2.9852E-02 3.7361E-02 5.4590E-02 7.1923E-02 9.9438E-02 1.3818E-01 1.5192E-01 0.0000E+00 1.3887E-01 1.0415E-01 5.3882E-02 2.5435E-02 6.2650E-03 3.1628E-04 1.0062E-05 0
 0 2.1013E-05 6.7823E-05 9.4984E-04 4.0644E-03 7.3997E-03 1.5307E-02 2.5825E-02 2.8734E-02 2.9867E-02 3.7284E-02 5.3945E-02 7.1799E-02 9.9772E-02 1.3629E-01 1.4802E-01 0.0000E+00 1.3601E-01 1.0323E-01 5.2084E-02 2.6101E-02 6.4100E-03 2.8209E-04 6.3351E-06 0
 0 2.3114E-05 4.0561E-05 9.3070E-04 4.2379E-03 7.5225E-03 1.5659E-02 2.5724E-02 2.8079E-02 2.9758E-02 3.7518E-02 5.3255E-02 6.9920E-02 9.8916E-02 1.3438E-01 1.4630E-01 0.0000E+00 1.3601E-01 1.0083E-01 5.2399E-02 2.5321E-02 6.2065E-03 2.8820E-04 6.3351E-06 0
 0 2.0440E-05 5.3195E-05 9.4082E-04 3.8141E-03 7.4947E-03 1.5053E-02 2.5296E-02 2.8002E-02 2.9286E-02 3.6562E-02 5.0931E-02 6.8954E-02 9.5119E-02 1.3068E-01 1.4254E-01 0.0000E+00 1.3038E-01 9.7937E-02 5.1773E-02 2.4962E-02 6.1935E-03 3.3216E-04 9.6890E-06 0
 0 1.8530E-05 7.3143E-05 9.1982E-04 3.9767E-03 7.1239E-03 1.4856E-02 2.4638E-02 2.7723E-02 2.9295E-02 3.5613E-02 5.0990E-02 6.8680E-02 9.4438E-02 1.2912E-01 1.3923E-01 0.0000E+00 1.3015E-01 9.8354E-02 5.2275E-02 2.4186E-02 5.8017E-03 2.8087E-04 3.7266E-06 0
 0 2.0822E-05 4.4551E-05 9.1358E-04 3.9767E-03 7.3812E-03 1.4573E-02 2.4822E-02 2.7744E-02 2.8672E-02 3.4693E-02 5.0804E-02 6.7535E-02 9.4733E-02 1.2768E-01 1.3850E-01 0.0000E+00 1.2546E-01 9.5063E-02 5.1337E-02 2.4667E-02 6.0896E-03 2.9064E-04 4.4719E-06 0
 0 1.9103E-05 7.1148E-05 9.0270E-04 3.9091E-03 7.2653E-03 1.4429E-02 2.4655E-02 2.6642E-02 2.7914E-02 3.4396E-02 5.0509E-02 6.6536E-02 9.1826E-02 1.2439E-01 1.3489E-01 0.0000E+00 1.2500E-01 9.4199E-02 4.9907E-02 2.3776E-02 6.1264E-03 2.9919E-04 7.0804E-06 0
 0 1.7383E-05 5.3195E-05 8.8916E-04 3.7776E-03 7.3116E-03 1.4474E-02 2.3848E-02 2.7215E-02 2.7778E-02 3.4521E-02 4.9905E-02 6.5920E-02 9.0156E-02 1.2240E-01 1.3341E-01 0.0000E+00 1.2471E-01 9.1590E-02 4.9196E-02 2.3310E-02 6.0463E-03 2.7354E-04 6.7078E-06 0
 0 1.6428E-05 4.3221E-05 8.8491E-04 3.8360E-03 6.9547E-03 1.4394E-02 2.3905E-02 2.6486E-02 2.7496E-02 3.4233E-02 4.8916E-02 6.5194E-02 8.9607E-02 1.1886E-01 1.3104E-01 0.0000E+00 1.2046E-01 9.0370E-02 4.9373E-02 2.3725E-02 5.9446E-03 3.0896E-04 8.9437E-06 0
 0 1.8147E-05 6.6494E-05 8.6965E-04 3.7666E-03 6.9339E-03 1.4033E-02 2.4382E-02 2.6718E-02 2.7845E-02 3.2585E-02 4.8724E-02 6.3746E-02 8.7200E-02 1.1681E-01 1.2640E-01 0.0000E+00 1.2208E-01 9.0431E-02 4.9026E-02 2.3286E-02 5.8104E-03 3.2727E-04 1.0062E-05 0
 0 1.7192E-05 4.6545E-05 8.6011E-04 3.5748E-03 7.1587E-03 1.4282E-02 2.3265E-02 2.6333E-02 2.6924E-02 3.3294E-02 4.6802E-02 6.2170E-02 8.5814E-02 1.1481E-01 1.2460E-01 0.0000E+00 1.1769E-01 8.8253E-02 4.8244E-02 2.2656E-02 6.3039E-03 2.7721E-04 8.1984E-06 0
 0 2.0440E-05 4.5881E-05 8.4930E-04 3.6113E-03 6.8041E-03 1.4559E-02 2.3175E-02 2.5214E-02 2.6304E-02 3.3118E-02 4.6675E-02 6.1663E-02 8.5803E-02 1.1011E-01 1.2338E-01 0.0000E+00 1.1636E-01 8.8192E-02 4.7391E-02 2.1580E-02 6.0918E-03 2.7476E-04 7.0804E-06 0
 0 2.1586E-05 4.6545E-05 8.4711E-04 3.6333E-03 7.0498E-03 1.3790E-02 2.2549E-02 2.4829E-02 2.5841E-02 3.3010E-02 4.6349E-02 6.1765E-02 8.3891E-02 1.0939E-01 1.1968E-01 0.0000E+00 1.1220E-01 8.6492E-02 4.6871E-02 2.1708E-02 6.0615E-03 2.6011E-04 6.3351E-06 0
 0 1.7765E-05 5.0535E-05 8.2378E-04 3.5602E-03 6.7369E-03 1.3788E-02 2.2431E-02 2.5334E-02 2.6154E-02 3.0572E-02 4.5741E-02 6.0500E-02 8.3948E-02 1.0711E-01 1.1897E-01 0.0000E+00 1.1232E-01 8.2829E-02 4.5437E-02 2.1138E-02 5.7000E-03 3.1628E-04 6.3351E-06 0
 0 1.3181E-05 6.1839E-05 8.3454E-04 3.7136E-03 6.8736E-03 1.3272E-02 2.2173E-02 2.4820E-02 2.4980E-02 3.1518E-02 4.4090E-02 5.9745E-02 8.0435E-02 1.0242E-01 1.1606E-01 0.0000E+00 1.0829E-01 8.2625E-02 4.5119E-02 2.2049E-02 5.9164E-03 3.1384E-04 4.4719E-06 0
 0 1.5855E-05 4.3221E-05 8.2435E-04 3.3081E-03 6.5863E-03 1.3337E-02 2.2230E-02 2.5202E-02 2.4839E-02 3.1642E-02 4.4615E-02 6.0077E-02 7.9845E-02 1.0175E-01 1.1195E-01 0.0000E+00 1.0697E-01 8.0928E-02 4.4811E-02 2.0331E-02 5.5419E-03 2.6744E-04 2.2359E-06 0
 0 1.6619E-05 3.8566E-05 8.1657E-04 3.4707E-03 6.8273E-03 1.3270E-02 2.1253E-02 2.4048E-02 2.4797E-02 3.0281E-02 4.3428E-02 5.7750E-02 7.8959E-02 9.9549E-02 1.1158E-01 0.0000E+00 1.0414E-01 7.8750E-02 4.3855E-02 1.9742E-02 5.8082E-03 2.3080E-04 9.6890E-06 0
 0 1.7765E-05 3.9231E-05 8.1029E-04 3.2624E-03 6.6581E-03 1.3078E-02 2.0762E-02 2.4071E-02 2.4857E-02 2.9534E-02 4.2113E-02 5.7797E-02 7.7956E-02 9.8938E-02 1.0890E-01 0.0000E+00 1.0214E-01 8.0000E-02 4.3682E-02 2.0860E-02 5.4921E-03 2.4912E-04 2.6086E-06 0
 0 1.8721E-05 4.7210E-05 7.8586E-04 3.4232E-03 6.3985E-03 1.3107E-02 2.1210E-02 2.3827E-02 2.4779E-02 2.9585E-02 4.2192E-02 5.5861E-02 7.6400E-02 9.5068E-02 1.0492E-01 0.0000E+00 1.0227E-01 7.5891E-02 4.2783E-02 1.9632E-02 5.6004E-03 2.6133E-04 6.7078E-06 0
 0 1.5855E-05 4.9205E-05 7.7873E-04 3.4488E-03 6.7184E-03 1.2997E-02 2.0451E-02 2.3613E-02 2.4213E-02 2.9594E-02 4.2154E-02 5.5251E-02 7.5953E-02 9.2494E-02 1.0403E-01 0.0000E+00 1.0057E-01 7.4399E-02 4.1063E-02 1.9721E-02 5.4856E-03 2.3813E-04 5.9625E-06 0
 0 1.5473E-05 3.3247E-05 7.8278E-04 3.2716E-03 6.4310E-03 1.2247E-02 2.0644E-02 2.3798E-02 2.4090E-02 2.8559E-02 4.0280E-02 5.4409E-02 7.3386E-02 9.0720E-02 1.0289E-01 0.0000E+00 9.6374E-02 7.2566E-02 4.1148E-02 1.8655E-02 5.6134E-03 2.6866E-04 5.5898E-06 0
 0 2.0822E-05 4.9870E-05 7.7485E-04 3.2533E-03 6.2062E-03 1.3280E-02 1.9425E-02 2.3154E-02 2.3157E-02 2.8463E-02 4.0246E-02 5.3833E-02 7.1490E-02 8.8393E-02 1.0087E-01 0.0000E+00 9.6339E-02 7.1331E-02 4.0408E-02 1.7863E-02 5.4207E-03 2.9308E-04 6.3351E-06 0
 0 1.8912E-05 4.0561E-05 7.6297E-04 3.3593E-03 6.4240E-03 1.2560E-02 1.9969E-02 2.3163E-02 2.3361E-02 2.8655E-02 4.0301E-02 5.2822E-02 7.0884E-02 8.6554E-02 9.6322E-02 0.0000E+00 9.2245E-02 7.1115E-02 4.1226E-02 1.8168E-02 5.3557E-03 2.4301E-04 7.4531E-06 0
 0 1.4136E-05 5.3860E-05 7.5723E-04 3.4141E-03 6.2039E-03 1.2592E-02 2.0083E-02 2.1929E-02 2.3030E-02 2.7361E-02 3.8688E-02 5.2604E-02 6.9563E-02 8.5104E-02 9.6210E-02 0.0000E+00 9.1496E-02 7.0805E-02 4.0132E-02 1.8185E-02 4.9964E-03 2.9186E-04 3.7266E-06 0
 0 1.4900E-05 3.7236E-05 7.4727E-04 3.1054E-03 6.4078E-03 1.2130E-02 1.9592E-02 2.3016E-02 2.2498E-02 2.6882E-02 3.8928E-02 5.2308E-02 6.9306E-02 8.1184E-02 9.4334E-02 0.0000E+00 8.8988E-02 6.8070E-02 3.8897E-02 1.7346E-02 5.1717E-03 2.7232E-04 3.7266E-06 0
 0 1.3945E-05 4.7875E-05 7.4011E-04 3.0323E-03 5.7983E-03 1.2111E-02 1.9023E-02 2.2114E-02 2.1950E-02 2.7540E-02 3.8753E-02 4.9252E-02 6.7939E-02 7.8664E-02 9.0793E-02 0.0000E+00 8.7413E-02 6.6680E-02 3.8507E-02 1.7943E-02 5.1782E-03 2.5278E-04 3.3539E-06 0
 0 1.5855E-05 4.5881E-05 7.2983E-04 3.2040E-03 6.0417E-03 1.2026E-02 1.8753E-02 2.1612E-02 2.1851E-02 2.6109E-02 3.7575E-02 5.0134E-02 6.6497E-02 7.7898E-02 8.8666E-02 0.0000E+00 8.4774E-02 6.5677E-02 3.7994E-02 1.7083E-02 5.1696E-03 2.6377E-04 7.8258E-06 0
 0 1.1844E-05 4.5216E-05 7.2826E-04 3.0177E-03 5.6500E-03 1.1932E-02 1.8184E-02 2.1683E-02 2.1613E-02 2.6042E-02 3.6762E-02 4.9737E-02 6.5028E-02 7.6333E-02 8.6018E-02 0.0000E+00 8.4519E-02 6.3533E-02 3.6869E-02 1.7498E-02 5.2692E-03 2.2103E-04 6.3351E-06 0
 0 1.4136E-05 3.3247E-05 7.2448E-04 2.9830E-03 5.7126E-03 1.1940E-02 1.8819E-02 2.1521E-02 2.1180E-02 2.6189E-02 3.6971E-02 4.7552E-02 6.4657E-02 7.3840E-02 8.4804E-02 0.0000E+00 8.2080E-02 6.4271E-02 3.6532E-02 1.7020E-02 5.1458E-03 2.2470E-04 4.8445E-06 0
 0 9.3603E-06 4.8540E-05 7.0761E-04 3.0104E-03 5.6848E-03 1.1617E-02 1.7583E-02 2.1236E-02 2.0563E-02 2.5633E-02 3.5032E-02 4.6542E-02 6.3813E-02 7.2443E-02 8.3694E-02 0.0000E+00 8.0394E-02 6.0870E-02 3.6217E-02 1.6330E-02 5.1155E-03 1.9661E-04 5.5898E-06 0
 0 1.5091E-05 3.7901E-05 7.0637E-04 3.0907E-03 5.8238E-03 1.1612E-02 1.7790E-02 2.1204E-02 2.0118E-02 2.4716E-02 3.4356E-02 4.6473E-02 6.0288E-02 6.9623E-02 8.0841E-02 0.0000E+00 7.8113E-02 5.9692E-02 3.5471E-02 1.5825E-02 4.8795E-03 2.3813E-04 3.7266E-06 0
 0 1.2608E-05 4.1226E-05 6.9007E-04 2.9610E-03 5.7311E-03 1.1417E-02 1.7589E-02 2.1424E-02 2.0358E-02 2.4780E-02 3.4713E-02 4.6495E-02 6.0921E-02 6.8635E-02 8.1757E-02 0.0000E+00 7.7770E-02 5.8636E-02 3.5708E-02 1.5454E-02 4.9704E-03 1.9417E-04 5.2172E-06 0
 0 1.3181E-05 3.9896E-05 6.8224E-04 2.8222E-03 5.7010E-03 1.1804E-02 1.7632E-02 2.0081E-02 1.9645E-02 2.3904E-02 3.3985E-02 4.5583E-02 5.9217E-02 6.7227E-02 7.7848E-02 0.0000E+00 7.3992E-02 5.8155E-02 3.4986E-02 1.5206E-02 4.8752E-03 2.1615E-04 3.7266E-06 0
 0 1.2035E-05 4.7210E-05 6.7347E-04 2.8368E-03 5.4553E-03 1.1379E-02 1.7425E-02 1.9926E-02 1.9293E-02 2.4473E-02 3.3285E-02 4.3887E-02 5.9088E-02 6.4992E-02 7.6344E-02 0.0000E+00 7.3363E-02 5.6553E-02 3.4331E-02 1.5191E-02 4.9596E-03 2.3569E-04 7.8258E-06 0
 0 1.2990E-05 4.0561E-05 6.7988E-04 2.9428E-03 5.2329E-03 1.1339E-02 1.6940E-02 2.0008E-02 1.9874E-02 2.3994E-02 3.2952E-02 4.3296E-02 5.7851E-02 6.4722E-02 7.4465E-02 0.0000E+00 7.3289E-02 5.5507E-02 3.3828E-02 1.4964E-02 4.9726E-03 2.3202E-04 7.8258E-06 0
 0 1.2417E-05 4.3886E-05 6.7841E-04 2.9391E-03 5.4252E-03 1.0888E-02 1.6759E-02 1.9547E-02 1.9266E-02 2.3083E-02 3.2389E-02 4.2789E-02 5.5999E-02 6.1352E-02 7.1860E-02 0.0000E+00 7.0353E-02 5.5068E-02 3.4094E-02 1.4453E-02 4.8687E-03 2.1126E-04 6.3351E-06 0
 0 1.3372E-05 3.1917E-05 6.6443E-04 2.8387E-03 5.5341E-03 1.1112E-02 1.6150E-02 1.9074E-02 1.9465E-02 2.3495E-02 3.1448E-02 4.2318E-02 5.5522E-02 5.9625E-02 6.9911E-02 0.0000E+00 6.9855E-02 5.3981E-02 3.2211E-02 1.4083E-02 4.8340E-03 2.4668E-04 5.5898E-06 0
 0 9.3603E-06 2.5932E-05 6.4815E-04 2.8862E-03 5.1888E-03 1.0896E-02 1.6345E-02 1.9749E-02 1.9101E-02 2.2885E-02 3.1593E-02 4.1746E-02 5.3092E-02 5.7659E-02 6.7839E-02 0.0000E+00 6.8581E-02 5.2031E-02 3.2119E-02 1.4426E-02 4.7409E-03 2.3569E-04 5.2172E-06 0
 0 1.4900E-05 2.8592E-05 6.5729E-04 2.7473E-03 5.1517E-03 1.0394E-02 1.5963E-02 1.8606E-02 1.8210E-02 2.2700E-02 2.9997E-02 4.0382E-02 5.2751E-02 5.7632E-02 6.6277E-02 0.0000E+00 6.6378E-02 5.1580E-02 3.1167E-02 1.3916E-02 4.6024E-03 2.1126E-04 1.0062E-05 0
 0 1.2417E-05 3.3912E-05 6.4686E-04 2.7766E-03 5.1355E-03 1.0552E-02 1.5583E-02 1.8648E-02 1.8288E-02 2.2233E-02 2.9839E-02 3.9853E-02 5.2055E-02 5.4128E-02 6.4548E-02 0.0000E+00 6.6563E-02 5.0205E-02 3.1652E-02 1.3554E-02 5.0007E-03 2.4423E-04 4.8445E-06 0
 0 1.0697E-05 3.3247E-05 6.3428E-04 2.6596E-03 5.1402E-03 9.8896E-03 1.5598E-02 1.8545E-02 1.7948E-02 2.2032E-02 2.9574E-02 3.9320E-02 5.1968E-02 5.3962E-02 6.3852E-02 0.0000E+00 6.3364E-02 4.8963E-02 3.1259E-02 1.3324E-02 4.6305E-03 2.0149E-04 3.3539E-06 0
 0 1.1271E-05 3.2582E-05 6.3326E-04 2.5044E-03 5.3904E-03 1.0442E-02 1.5198E-02 1.7657E-02 1.7650E-02 2.2093E-02 2.8037E-02 3.8883E-02 5.0423E-02 5.2039E-02 6.0891E-02 0.0000E+00 6.2214E-02 4.7940E-02 3.0873E-02 1.2765E-02 4.7193E-03 2.2470E-04 2.2359E-06 0
 0 1.0124E-05 3.7901E-05 6.3401E-04 2.5336E-03 5.0892E-03 1.0277E-02 1.5233E-02 1.8430E-02 1.6970E-02 2.0578E-02 2.8672E-02 3.8168E-02 4.9322E-02 5.1585E-02 6.0164E-02 0.0000E+00 5.9783E-02 4.7474E-02 3.1110E-02 1.2941E-02 4.7474E-03 2.3691E-04 2.9812E-06 0
 0 1.2226E-05 3.1252E-05 6.1793E-04 2.5573E-03 4.8435E-03 1.0154E-02 1.4621E-02 1.7469E-02 1.7485E-02 2.1291E-02 2.7618E-02 3.7548E-02 4.7982E-02 4.9919E-02 5.8865E-02 0.0000E+00 6.0937E-02 4.6031E-02 2.9210E-02 1.2649E-02 4.5851E-03 2.0149E-04 6.3351E-06 0
 0 1.0506E-05 2.7927E-05 6.1709E-04 2.6560E-03 5.0984E-03 1.0229E-02 1.4816E-02 1.7866E-02 1.7816E-02 2.0399E-02 2.8304E-02 3.6432E-02 4.7588E-02 4.7515E-02 5.7639E-02 0.0000E+00 5.8749E-02 4.4157E-02 2.9532E-02 1.2108E-02 4.4487E-03 2.1004E-04 2.9812E-06 0
 0 1.1271E-05 2.8592E-05 6.1928E-04 2.3984E-03 4.7763E-03 9.9003E-03 1.3986E-02 1.7390E-02 1.6666E-02 2.0521E-02 2.7069E-02 3.5575E-02 4.6237E-02 4.5168E-02 5.6618E-02 0.0000E+00 5.5951E-02 4.4422E-02 2.8293E-02 1.2314E-02 4.5872E-03 2.1371E-04 2.9812E-06 0
 0 1.0506E-05 2.6597E-05 6.0215E-04 2.3290E-03 4.7879E-03 9.5852E-03 1.3569E-02 1.7032E-02 1.6985E-02 1.9789E-02 2.6437E-02 3.5152E-02 4.5937E-02 4.4675E-02 5.5420E-02 0.0000E+00 5.5060E-02 4.2585E-02 2.8771E-02 1.1916E-02 4.4076E-03 1.8928E-04 5.5898E-06 0
 0 9.9334E-06 3.1252E-05 6.0004E-04 2.4843E-03 4.9687E-03 8.7575E-03 1.4127E-02 1.6444E-02 1.6209E-02 1.9336E-02 2.5713E-02 3.4276E-02 4.4242E-02 4.3925E-02 5.2161E-02 0.0000E+00 5.4168E-02 4.1294E-02 2.8159E-02 1.1423E-02 4.3015E-03 2.1126E-04 4.4719E-06 0
 0 1.0315E-05 4.0561E-05 5.8600E-04 2.6852E-03 4.6419E-03 9.6226E-03 1.3132E-02 1.5566E-02 1.6107E-02 1.9153E-02 2.6094E-02 3.4276E-02 4.3148E-02 4.2456E-02 5.1333E-02 0.0000E+00 5.1714E-02 3.9601E-02 2.7033E-02 1.1265E-02 4.4011E-03 1.9417E-04 5.2172E-06 0
 0 1.0506E-05 2.3273E-05 5.8931E-04 2.4331E-03 4.9826E-03 9.6279E-03 1.2997E-02 1.6623E-02 1.5725E-02 1.9019E-02 2.5823E-02 3.4101E-02 4.3064E-02 4.0917E-02 4.9350E-02 0.0000E+00 5.1135E-02 3.9548E-02 2.6283E-02 1.1092E-02 4.4184E-03 1.7096E-04 1.8633E-06 0
 0 1.0124E-05 2.3938E-05 5.8123E-04 2.4222E-03 4.6975E-03 9.5612E-03 1.3213E-02 1.6347E-02 1.5677E-02 1.8917E-02 2.4594E-02 3.3284E-02 4.3000E-02 3.9909E-02 4.9466E-02 0.0000E+00 5.2023E-02 3.8870E-02 2.6141E-02 1.0805E-02 4.1716E-03 2.5278E-04 6.3351E-06 0
 0 7.8321E-06 4.2556E-05 5.8451E-04 2.5062E-03 4.4611E-03 8.7628E-03 1.2989E-02 1.6532E-02 1.5376E-02 1.8256E-02 2.3444E-02 3.1381E-02 4.0596E-02 3.8659E-02 4.7513E-02 0.0000E+00 4.8600E-02 3.8226E-02 2.5628E-02 1.0877E-02 4.3794E-03 1.7951E-04 2.6086E-06 0
 0 1.1080E-05 3.3912E-05 5.6898E-04 2.3473E-03 4.5191E-03 9.2061E-03 1.2989E-02 1.5980E-02 1.4957E-02 1.8173E-02 2.3471E-02 3.2088E-02 4.0672E-02 3.6639E-02 4.6164E-02 0.0000E+00 4.8349E-02 3.6393E-02 2.6194E-02 1.0324E-02 4.2062E-03 2.0638E-04 2.2359E-06 0
 0 9.1692E-06 2.7927E-05 5.6518E-04 2.3820E-03 4.4982E-03 8.8963E-03 1.2244E-02 1.5207E-02 1.5180E-02 1.8403E-02 2.3626E-02 3.1366E-02 3.8923E-02 3.6000E-02 4.4316E-02 0.0000E+00 4.7160E-02 3.5756E-02 2.5508E-02 9.8667E-03 4.1673E-03 2.0271E-04 4.8445E-06 0
 0 1.1271E-05 3.1252E-05 5.5691E-04 2.3619E-03 4.4356E-03 8.6427E-03 1.2262E-02 1.5248E-02 1.4705E-02 1.7703E-02 2.2263E-02 3.0545E-02 3.8688E-02 3.4442E-02 4.3117E-02 0.0000E+00 4.5841E-02 3.5336E-02 2.5256E-02 1.0028E-02 4.3101E-03 2.1615E-04 7.8258E-06 0
 0 1.0506E-05 3.7901E-05 5.5507E-04 2.2450E-03 4.6419E-03 9.1553E-03 1.2451E-02 1.5680E-02 1.4196E-02 1.7032E-02 2.2315E-02 2.9484E-02 3.7394E-02 3.4496E-02 4.3067E-02 0.0000E+00 4.4837E-02 3.4760E-02 2.5030E-02 9.8607E-03 3.9161E-03 2.0394E-04 3.7266E-06 0
 0 1.1271E-05 3.0587E-05 5.4831E-04 2.4587E-03 4.4171E-03 8.7922E-03 1.2095E-02 1.4790E-02 1.4380E-02 1.6815E-02 2.2291E-02 2.9386E-02 3.6708E-02 3.3273E-02 4.1505E-02 0.0000E+00 4.3680E-02 3.3522E-02 2.4973E-02 9.8368E-03 4.1694E-03 1.8318E-04 2.9812E-06 0
 0 6.6859E-06 3.5907E-05 5.4781E-04 2.2687E-03 4.4032E-03 8.6000E-03 1.2342E-02 1.4346E-02 1.4136E-02 1.5933E-02 2.1426E-02 2.8860E-02 3.5633E-02 3.2242E-02 4.1041E-02 0.0000E+00 4.3151E-02 3.3295E-02 2.4071E-02 9.5798E-03 4.1110E-03 2.4912E-04 4.8445E-06 0
 0 7.4500E-06 3.7901E-05 5.3909E-04 2.1756E-03 4.3777E-03 8.7709E-03 1.1354E-02 1.4625E-02 1.3694E-02 1.7054E-02 2.0526E-02 2.7544E-02 3.4297E-02 3.0349E-02 3.9576E-02 0.0000E+00 4.2248E-02 3.2401E-02 2.3388E-02 9.0748E-03 3.9594E-03 1.9539E-04 2.6086E-06 0
 0 1.1844E-05 2.7927E-05 5.2301E-04 2.3729E-03 4.1877E-03 8.4959E-03 1.1710E-02 1.4479E-02 1.3697E-02 1.5821E-02 2.0513E-02 2.7186E-02 3.6197E-02 2.9991E-02 3.8543E-02 0.0000E+00 3.9620E-02 3.1738E-02 2.3667E-02 9.2959E-03 4.0915E-03 1.8073E-04 2.9812E-06 0
 0 8.0231E-06 1.9283E-05 5.3206E-04 2.1993E-03 4.3939E-03 8.7655E-03 1.1244E-02 1.3612E-02 1.3116E-02 1.5559E-02 2.0564E-02 2.6818E-02 3.4301E-02 2.9010E-02 3.7797E-02 0.0000E+00 3.9508E-02 3.0473E-02 2.3260E-02 8.8955E-03 3.9183E-03 2.0638E-04 4.4719E-06 0
 0 8.9782E-06 2.3273E-05 5.2681E-04 2.4368E-03 4.2896E-03 8.1327E-03 1.1210E-02 1.4570E-02 1.3453E-02 1.5697E-02 2.0447E-02 2.7299E-02 3.2862E-02 2.8314E-02 3.5562E-02 0.0000E+00 3.8813E-02 3.0166E-02 2.2520E-02 8.7581E-03 4.1196E-03 2.0882E-04 5.2172E-06 0
 0 1.2608E-05 2.7927E-05 5.1603E-04 2.1518E-03 4.1321E-03 8.3463E-03 1.1089E-02 1.3233E-02 1.3023E-02 1.5422E-02 1.9212E-02 2.6486E-02 3.2063E-02 2.7902E-02 3.5733E-02 0.0000E+00 3.8624E-02 2.9462E-02 2.1561E-02 8.6744E-03 4.0677E-03 1.9172E-04 4.0992E-06 0
 0 1.0124E-05 2.4603E-05 5.1963E-04 2.2304E-03 4.0278E-03 8.0393E-03 1.1282E-02 1.3635E-02 1.2481E-02 1.4978E-02 1.9232E-02 2.5862E-02 3.1284E-02 2.5917E-02 3.4839E-02 0.0000E+00 3.5938E-02 2.9197E-02 2.2457E-02 8.0230E-03 3.8057E-03 1.7951E-04 1.8633E-06 0
 0 6.1128E-06 4.7875E-05 5.0689E-04 2.2066E-03 4.1691E-03 8.1888E-03 1.0440E-02 1.3145E-02 1.2562E-02 1.5013E-02 1.8522E-02 2.5253E-02 3.1393E-02 2.6275E-02 3.4012E-02 0.0000E+00 3.5576E-02 2.8693E-02 2.1133E-02 8.4682E-03 4.0179E-03 1.6608E-04 1.8633E-06 0
 0 5.9218E-06 2.7927E-05 5.1315E-04 2.1116E-03 4.2178E-03 8.0873E-03 1.0319E-02 1.3300E-02 1.2222E-02 1.4853E-02 1.8601E-02 2.4159E-02 3.0231E-02 2.5183E-02 3.2249E-02 0.0000E+00 3.4542E-02 2.7292E-02 2.0694E-02 7.8706E-03 3.7516E-03 2.0271E-04 2.2359E-06 0
 0 1.0697E-05 2.3273E-05 4.9772E-04 2.2267E-03 3.8470E-03 7.5507E-03 1.0529E-02 1.3080E-02 1.2598E-02 1.4891E-02 1.8254E-02 2.4454E-02 2.8850E-02 2.3878E-02 3.1406E-02 0.0000E+00 3.4279E-02 2.5947E-02 2.0358E-02 7.9214E-03 3.7884E-03 1.7585E-04 1.8633E-06 0
 0 1.2990E-05 3.3247E-05 5.0597E-04 1.8870E-03 3.9420E-03 7.7696E-03 9.7300E-03 1.2607E-02 1.1945E-02 1.3904E-02 1.7983E-02 2.3411E-02 2.8456E-02 2.3144E-02 3.0420E-02 0.0000E+00 3.3037E-02 2.7011E-02 2.0418E-02 7.4612E-03 3.6131E-03 1.9050E-04 7.4531E-07 0
 0 9.9334E-06 2.0613E-05 4.8666E-04 1.9052E-03 3.9837E-03 7.6815E-03 9.8391E-03 1.2334E-02 1.2270E-02 1.4211E-02 1.6998E-02 2.3550E-02 2.8180E-02 2.1759E-02 2.9284E-02 0.0000E+00 3.2292E-02 2.6178E-02 2.0280E-02 7.7929E-03 3.6867E-03 2.1371E-04 2.6086E-06 0
 0 1.0124E-05 3.4577E-05 4.9270E-04 2.0002E-03 3.6964E-03 7.4786E-03 1.0092E-02 1.1969E-02 1.1985E-02 1.3773E-02 1.7077E-02 2.3127E-02 2.7112E-02 2.1778E-02 2.9222E-02 0.0000E+00 3.1624E-02 2.4614E-02 1.9618E-02 7.6585E-03 3.7646E-03 1.8195E-04 2.2359E-06 0
 0 9.3603E-06 2.5268E-05 4.8494E-04 2.0258E-03 3.6292E-03 7.9191E-03 9.5949E-03 1.1652E-02 1.1088E-02 1.3109E-02 1.6624E-02 2.2252E-02 2.7411E-02 2.0189E-02 2.7718E-02 0.0000E+00 3.0463E-02 2.3504E-02 1.9406E-02 7.1415E-03 3.7819E-03 1.8806E-04 2.2359E-06 0
 0 8.9782E-06 1.8618E-05 4.7990E-04 2.0806E-03 3.7311E-03 7.6174E-03 9.2299E-03 1.1958E-02 1.1500E-02 1.3776E-02 1.5594E-02 2.1088E-02 2.6427E-02 1.9335E-02 2.7880E-02 0.0000E+00 2.9760E-02 2.3088E-02 1.9080E-02 7.2222E-03 3.5395E-03 1.5387E-04 1.1180E-06 0
 0 9.3603E-06 2.3273E-05 4.8204E-04 1.9564E-03 3.6894E-03 7.5614E-03 8.8133E-03 1.1455E-02 1.1154E-02 1.3089E-02 1.6455E-02 2.1599E-02 2.5878E-02 1.9628E-02 2.6442E-02 0.0000E+00 2.9201E-02 2.3349E-02 1.8256E-02 6.6126E-03 3.5546E-03 1.8195E-04 1.4906E-06 0
 0 8.5962E-06 2.4603E-05 4.7645E-04 1.8249E-03 3.5805E-03 7.4385E-03 9.2529E-03 1.1408E-02 1.1365E-02 1.2323E-02 1.5690E-02 2.1012E-02 2.6101E-02 1.8631E-02 2.5939E-02 0.0000E+00 2.7877E-02 2.1792E-02 1.8245E-02 6.9682E-03 3.7495E-03 1.9050E-04 1.8633E-06 0
 0 7.8321E-06 2.9922E-05 4.5980E-04 1.8102E-03 3.8470E-03 7.0888E-03 9.0374E-03 1.1332E-02 1.0844E-02 1.2741E-02 1.4979E-02 2.0202E-02 2.4720E-02 1.8185E-02 2.4424E-02 0.0000E+00 2.7981E-02 2.1630E-02 1.7792E-02 6.4931E-03 3.5568E-03 2.1126E-04 2.9812E-06 0
 0 8.4051E-06 2.5932E-05 4.6084E-04 1.9326E-03 3.5341E-03 6.8885E-03 8.7012E-03 1.1326E-02 1.0730E-02 1.2815E-02 1.5021E-02 2.0140E-02 2.4545E-02 1.7646E-02 2.4578E-02 0.0000E+00 2.7418E-02 2.1679E-02 1.7615E-02 6.4423E-03 3.6607E-03 1.7463E-04 1.4906E-06 0
 0 7.8321E-06 2.9922E-05 4.7085E-04 1.8376E-03 3.5388E-03 6.9633E-03 8.8679E-03 1.0832E-02 1.0962E-02 1.2176E-02 1.4392E-02 1.9327E-02 2.3429E-02 1.6835E-02 2.3979E-02 0.0000E+00 2.5616E-02 2.0921E-02 1.7314E-02 6.1465E-03 3.5958E-03 1.8440E-04 4.0992E-06 0
 0 4.7757E-06 2.5932E-05 4.5895E-04 2.0477E-03 3.4901E-03 7.0567E-03 8.4771E-03 1.0556E-02 1.0522E-02 1.1856E-02 1.4063E-02 2.0297E-02 2.3130E-02 1.6415E-02 2.2835E-02 0.0000E+00 2.6361E-02 2.0675E-02 1.7127E-02 6.1375E-03 3.5135E-03 1.6608E-04 1.4906E-06 0
 0 8.2141E-06 2.1943E-05 4.4556E-04 1.8577E-03 3.4090E-03 7.0354E-03 8.3420E-03 1.0280E-02 1.0269E-02 1.1597E-02 1.3754E-02 1.8466E-02 2.2217E-02 1.5561E-02 2.2575E-02 0.0000E+00 2.4775E-02 1.9725E-02 1.6543E-02 6.2242E-03 3.5958E-03 1.7707E-04 1.8633E-06 0
 0 6.4949E-06 2.3273E-05 4.4161E-04 1.8577E-03 3.3557E-03 6.8031E-03 7.8851E-03 1.0706E-02 9.7760E-03 1.1712E-02 1.3435E-02 1.8178E-02 2.1763E-02 1.5192E-02 2.1501E-02 0.0000E+00 2.4470E-02 1.9175E-02 1.6426E-02 5.8268E-03 3.3230E-03 1.8684E-04 4.0992E-06 0
 0 7.2590E-06 2.1278E-05 4.4288E-04 1.7299E-03 3.5805E-03 6.8698E-03 8.1667E-03 1.0168E-02 1.0266E-02 1.0923E-02 1.3431E-02 1.8024E-02 2.1861E-02 1.3926E-02 2.0723E-02 0.0000E+00 2.4068E-02 1.8293E-02 1.5994E-02 5.8626E-03 3.5849E-03 1.8928E-04 3.3539E-06 0
 0 8.2141E-06 2.1943E-05 4.4382E-04 1.8778E-03 3.4206E-03 6.2638E-03 8.2587E-03 9.6367E-03 9.6196E-03 1.1214E-02 1.2803E-02 1.7751E-02 2.1377E-02 1.3822E-02 1.9993E-02 0.0000E+00 2.2745E-02 1.8399E-02 1.5704E-02 5.5817E-03 3.2819E-03 1.8318E-04 2.2359E-06 0
 0 7.4500E-06 2.3938E-05 4.3256E-04 1.7006E-03 3.4391E-03 6.7684E-03 7.6696E-03 9.9422E-03 9.6857E-03 1.1176E-02 1.2642E-02 1.7288E-02 2.0272E-02 1.3334E-02 1.9548E-02 0.0000E+00 2.2737E-02 1.7100E-02 1.5180E-02 5.6236E-03 3.2212E-03 1.5265E-04 1.4906E-06 0
 0 6.4949E-06 2.0613E-05 4.2456E-04 1.7335E-03 3.3627E-03 6.5708E-03 7.6638E-03 9.2195E-03 9.3217E-03 1.1003E-02 1.2989E-02 1.7062E-02 1.9931E-02 1.3522E-02 1.9212E-02 0.0000E+00 2.2143E-02 1.7005E-02 1.5357E-02 5.2829E-03 3.3923E-03 1.4776E-04 3.3539E-06 0
 0 6.1128E-06 1.3299E-05 4.3005E-04 1.8888E-03 3.1888E-03 6.4026E-03 7.4253E-03 9.7248E-03 9.2886E-03 1.0920E-02 1.2141E-02 1.6387E-02 1.9193E-02 1.2141E-02 1.8543E-02 0.0000E+00 2.1429E-02 1.6717E-02 1.4607E-02 5.2172E-03 3.2039E-03 1.4410E-04 2.2359E-06 0
 0 7.8321E-06 1.7953E-05 4.2359E-04 1.8175E-03 3.2143E-03 6.7630E-03 7.2443E-03 9.2253E-03 9.0990E-03 1.0153E-02 1.1622E-02 1.6533E-02 1.8473E-02 1.2026E-02 1.8249E-02 0.0000E+00 2.0607E-02 1.6365E-02 1.4366E-02 5.0917E-03 3.3035E-03 1.5997E-04 2.6086E-06 0
 0 7.0680E-06 1.7953E-05 4.1452E-04 1.7171E-03 3.1842E-03 6.0982E-03 7.3046E-03 9.3370E-03 8.6025E-03 9.9777E-03 1.2357E-02 1.5946E-02 1.8595E-02 1.1395E-02 1.7136E-02 0.0000E+00 1.9634E-02 1.5763E-02 1.4447E-02 5.1365E-03 3.3316E-03 1.5020E-04 4.4719E-06 0
 0 6.3039E-06 2.1278E-05 4.2329E-04 1.6751E-03 3.1541E-03 6.1863E-03 7.3133E-03 8.9198E-03 8.8372E-03 1.0233E-02 1.1629E-02 1.5905E-02 1.8155E-02 1.1306E-02 1.6505E-02 0.0000E+00 1.8782E-02 1.5630E-02 1.4051E-02 4.6345E-03 3.2364E-03 1.4044E-04 1.4906E-06 0
 0 4.0115E-06 3.6571E-05 4.1236E-04 1.7372E-03 3.2306E-03 6.2023E-03 7.0575E-03 9.0226E-03 8.4942E-03 9.7540E-03 1.1423E-02 1.5581E-02 1.7425E-02 1.0995E-02 1.5697E-02 0.0000E+00 1.9403E-02 1.5706E-02 1.3952E-02 4.8915E-03 3.3988E-03 1.8440E-04 1.8633E-06 0
 0 5.9218E-06 1.6623E-05 4.0317E-04 1.6367E-03 3.0150E-03 6.4186E-03 7.0374E-03 8.5584E-03 8.6266E-03 9.4505E-03 1.0981E-02 1.4939E-02 1.7379E-02 1.0122E-02 1.6250E-02 0.0000E+00 1.8731E-02 1.4797E-02 1.4097E-02 4.6704E-03 3.0546E-03 1.8073E-04 1.8633E-06 0
 0 6.8769E-06 9.9740E-06 4.1378E-04 1.6787E-03 2.9756E-03 6.5468E-03 6.5891E-03 8.4321E-03 8.1331E-03 9.1406E-03 1.0606E-02 1.4665E-02 1.6918E-02 9.7253E-03 1.5693E-02 0.0000E+00 1.8021E-02 1.3737E-02 1.3821E-02 4.6435E-03 3.0459E-03 1.6242E-04 3.7266E-07 0
 0 3.8205E-06 1.8618E-05 4.0178E-04 1.5874E-03 3.0452E-03 5.6577E-03 6.7587E-03 8.5937E-03 8.3197E-03 9.5048E-03 1.0716E-02 1.4720E-02 1.5922E-02 9.8061E-03 1.4893E-02 0.0000E+00 1.7504E-02 1.3687E-02 1.3488E-02 4.6465E-03 3.1541E-03 1.5875E-04 2.2359E-06 0
 0 4.9667E-06 2.5932E-05 3.9459E-04 1.7262E-03 2.9803E-03 5.7885E-03 6.5317E-03 8.3704E-03 7.6938E-03 9.0895E-03 1.0455E-02 1.4862E-02 1.6085E-02 9.7330E-03 1.4487E-02 0.0000E+00 1.7365E-02 1.3468E-02 1.3134E-02 4.4911E-03 2.9896E-03 1.5875E-04 5.2172E-06 0
 0 5.7308E-06 1.1969E-05 3.9840E-04 1.6367E-03 2.9780E-03 5.9701E-03 6.6092E-03 8.4056E-03 7.5584E-03 9.0224E-03 1.0177E-02 1.3502E-02 1.5892E-02 9.0367E-03 1.4178E-02 0.0000E+00 1.6559E-02 1.2453E-02 1.2844E-02 4.0847E-03 3.3338E-03 2.0394E-04 3.3539E-06 0
 0 4.0115E-06 1.9948E-05 3.9017E-04 1.5216E-03 3.1541E-03 5.8552E-03 6.3592E-03 7.7446E-03 7.9466E-03 8.7572E-03 1.0232E-02 1.3579E-02 1.5388E-02 8.6135E-03 1.3474E-02 0.0000E+00 1.5883E-02 1.3222E-02 1.2805E-02 4.1803E-03 3.0004E-03 1.7341E-04 1.8633E-06 0
 0 7.6410E-06 2.1943E-05 3.8873E-04 1.5856E-03 2.9061E-03 5.8339E-03 6.0604E-03 7.6094E-03 7.8804E-03 9.0511E-03 9.7895E-03 1.3061E-02 1.5013E-02 8.2596E-03 1.3068E-02 0.0000E+00 1.5633E-02 1.1866E-02 1.2253E-02 3.8666E-03 3.0091E-03 1.3067E-04 1.8633E-06 0
 0 7.0680E-06 2.1278E-05 3.8190E-04 1.5070E-03 2.8459E-03 5.7938E-03 6.0977E-03 7.8592E-03 7.9496E-03 8.3163E-03 9.6796E-03 1.2922E-02 1.4665E-02 8.1172E-03 1.2287E-02 0.0000E+00 1.5173E-02 1.1714E-02 1.1910E-02 3.9204E-03 2.8684E-03 1.7951E-04 7.4531E-07 0
 0 5.9218E-06 2.1278E-05 3.7310E-04 1.5508E-03 2.7555E-03 5.8713E-03 6.0288E-03 7.4126E-03 7.4110E-03 8.5208E-03 9.2540E-03 1.2838E-02 1.4067E-02 7.6440E-03 1.1986E-02 0.0000E+00 1.4950E-02 1.1180E-02 1.2356E-02 3.9323E-03 3.1411E-03 1.3067E-04 7.4531E-07 0
 0 5.1577E-06 2.9257E-05 3.7593E-04 1.5308E-03 3.1657E-03 5.4948E-03 5.6265E-03 7.3685E-03 6.9747E-03 8.0479E-03 8.9107E-03 1.2255E-02 1.3950E-02 7.0593E-03 1.2357E-02 0.0000E+00 1.4587E-02 1.1135E-02 1.1506E-02 3.6395E-03 3.0177E-03 1.6852E-04 5.2172E-06 0
 0 4.7757E-06 1.5958E-05 3.7544E-04 1.5673E-03 3.0220E-03 5.2091E-03 5.7213E-03 7.4479E-03 7.2064E-03 8.2364E-03 8.8455E-03 1.1802E-02 1.3287E-02 7.0477E-03 1.1282E-02 0.0000E+00 1.3800E-02 1.1014E-02 1.1658E-02 3.7530E-03 3.0156E-03 1.6608E-04 7.4531E-07 0
 0 7.2590E-06 1.4629E-05 3.7385E-04 1.4723E-03 2.8180E-03 5.3106E-03 5.6006E-03 7.0777E-03 7.0319E-03 7.7476E-03 8.7357E-03 1.1770E-02 1.3049E-02 6.5322E-03 1.1487E-02 0.0000E+00 1.3259E-02 1.0559E-02 1.1800E-02 3.3706E-03 2.8554E-03 1.5387E-04 1.4906E-06 0
 0 7.8321E-06 1.5294E-05 3.7325E-04 1.5070E-03 2.7300E-03 5.4441E-03 5.7156E-03 6.8573E-03 6.6798E-03 8.1182E-03 8.3341E-03 1.1390E-02 1.3242E-02 6.4399E-03 1.0721E-02 0.0000E+00 1.3294E-02 1.0143E-02 1.0961E-02 3.5977E-03 3.1282E-03 1.4654E-04 2.2359E-06 0
 0 4.3936E-06 2.1278E-05 3.6987E-04 1.2659E-03 2.7694E-03 5.3213E-03 5.8276E-03 7.0865E-03 6.8002E-03 7.7732E-03 8.4679E-03 1.1179E-02 1.2250E-02 6.5438E-03 1.0393E-02 0.0000E+00 1.2654E-02 9.8320E-03 1.1269E-02 3.3795E-03 2.7926E-03 1.4166E-04 7.4531E-07 0
 0 5.9218E-06 1.5294E-05 3.6274E-04 1.5034E-03 2.8018E-03 5.4441E-03 5.5345E-03 6.7662E-03 6.8062E-03 7.4952E-03 8.4268E-03 1.0967E-02 1.2144E-02 6.1360E-03 1.0095E-02 0.0000E+00 1.2441E-02 9.9191E-03 1.0214E-02 3.1046E-03 2.7298E-03 1.3189E-04 1.1180E-06 0
 0 4.9667E-06 2.2608E-05 3.6068E-04 1.2074E-03 2.6975E-03 5.2118E-03 5.2788E-03 6.6663E-03 6.6287E-03 7.1885E-03 7.5000E-03 1.0165E-02 1.1955E-02 5.9629E-03 1.0025E-02 0.0000E+00 1.2403E-02 9.4722E-03 9.9206E-03 3.4781E-03 2.8294E-03 1.4898E-04 2.2359E-06 0
 0 6.1128E-06 1.4629E-05 3.5131E-04 1.4157E-03 2.6187E-03 5.2412E-03 5.1811E-03 6.5929E-03 6.4842E-03 6.9425E-03 7.8192E-03 1.0934E-02 1.1606E-02 5.8744E-03 9.4493E-03 0.0000E+00 1.1859E-02 9.2563E-03 1.0476E-02 2.9851E-03 2.7666E-03 1.5387E-04 2.6086E-06 0
 0 5.1577E-06 1.7288E-05 3.5432E-04 1.4285E-03 2.7161E-03 5.2812E-03 5.0719E-03 6.4724E-03 6.3549E-03 7.1598E-03 7.1979E-03 1.0369E-02 1.1546E-02 5.3358E-03 8.9505E-03 0.0000E+00 1.2032E-02 9.2601E-03 1.0006E-02 3.0867E-03 2.8467E-03 1.3677E-04 3.7266E-06 0
 0 4.3936E-06 1.3299E-05 3.5190E-04 1.4723E-03 2.8644E-03 5.0222E-03 4.8937E-03 6.3255E-03 6.0269E-03 7.1406E-03 7.3524E-03 1.0183E-02 1.1489E-02 4.8549E-03 9.2560E-03 0.0000E+00 1.0863E-02 8.4950E-03 9.8498E-03 3.1405E-03 2.6952E-03 1.4654E-04 2.9812E-06 0
 0 3.0564E-06 1.7953E-05 3.4132E-04 1.4632E-03 2.8204E-03 5.2171E-03 4.8966E-03 5.9730E-03 6.2556E-03 7.1023E-03 7.3181E-03 9.4791E-03 1.0096E-02 4.8319E-03 8.9119E-03 0.0000E+00 1.0666E-02 8.3625E-03 9.7720E-03 2.8656E-03 2.6151E-03 1.5143E-04 3.7266E-06 0
 0 6.6859E-06 1.3964E-05 3.4132E-04 1.2330E-03 2.5052E-03 5.0382E-03 5.1322E-03 6.1140E-03 5.9186E-03 6.9233E-03 7.1293E-03 9.7526E-03 1.0883E-02 4.7280E-03 8.8616E-03 0.0000E+00 1.0732E-02 8.1504E-03 9.0146E-03 2.9582E-03 2.7407E-03 1.7096E-04 2.2359E-06 0
 0 4.5846E-06 1.7288E-05 3.4229E-04 1.4358E-03 2.6141E-03 4.7445E-03 4.5977E-03 6.0464E-03 6.1051E-03 6.6294E-03 6.8478E-03 9.4499E-03 1.0194E-02 4.6626E-03 8.7031E-03 0.0000E+00 1.0384E-02 7.7603E-03 9.3508E-03 2.4562E-03 2.8164E-03 1.2822E-04 1.1180E-06 0
 0 4.0115E-06 1.6623E-05 3.4028E-04 1.4686E-03 2.5515E-03 4.6511E-03 4.5977E-03 5.4294E-03 5.9396E-03 6.5783E-03 6.9645E-03 9.5447E-03 1.0509E-02 4.4433E-03 7.5587E-03 0.0000E+00 1.0284E-02 7.6315E-03 8.7916E-03 2.4443E-03 2.5891E-03 1.4654E-04 1.4906E-06 0
 0 5.1577E-06 1.2634E-05 3.3610E-04 1.3499E-03 2.4310E-03 4.5737E-03 4.7385E-03 5.5705E-03 5.8223E-03 6.1853E-03 6.4085E-03 9.1217E-03 8.9528E-03 4.2625E-03 7.2339E-03 0.0000E+00 9.8249E-03 7.1657E-03 8.6748E-03 2.5160E-03 2.9290E-03 1.4288E-04 1.4906E-06 0
 0 5.1577E-06 1.5958E-05 3.4375E-04 1.3664E-03 2.7184E-03 4.7232E-03 4.5891E-03 5.6380E-03 5.4973E-03 6.0703E-03 6.4668E-03 8.6548E-03 9.0171E-03 4.1817E-03 7.0715E-03 0.0000E+00 9.3580E-03 7.2755E-03 8.3704E-03 2.7520E-03 2.5783E-03 1.5509E-04 1.8633E-06 0
 0 3.8205E-06 1.4629E-05 3.2812E-04 1.3700E-03 2.6396E-03 4.7205E-03 4.2931E-03 5.5058E-03 5.5725E-03 6.0671E-03 6.6247E-03 8.8080E-03 9.0966E-03 3.8932E-03 7.3074E-03 0.0000E+00 8.9451E-03 6.7491E-03 8.7668E-03 2.4950E-03 2.5328E-03 1.0991E-04 4.4719E-06 0
 0 3.6295E-06 1.0639E-05 3.3404E-04 1.1764E-03 2.4866E-03 4.4081E-03 4.2414E-03 5.2385E-03 5.2385E-03 6.0320E-03 6.1442E-03 8.3922E-03 8.6386E-03 3.7662E-03 7.1179E-03 0.0000E+00 9.3541E-03 6.6544E-03 8.4093E-03 2.4741E-03 2.3705E-03 1.4410E-04 3.3539E-06 0
 0 3.4385E-06 1.5294E-05 3.2055E-04 1.3262E-03 2.6141E-03 4.5576E-03 4.4713E-03 5.1386E-03 5.1964E-03 5.8786E-03 5.7906E-03 7.8707E-03 8.8468E-03 3.6931E-03 6.5496E-03 0.0000E+00 8.9952E-03 7.0180E-03 8.3244E-03 2.2082E-03 2.4917E-03 1.3311E-04 1.4906E-06 0
 0 2.6744E-06 1.3964E-05 3.2894E-04 1.2659E-03 2.4982E-03 4.8140E-03 4.3132E-03 5.2297E-03 5.1573E-03 5.7253E-03 5.7220E-03 8.0275E-03 9.2632E-03 3.2161E-03 6.1861E-03 0.0000E+00 8.5360E-03 6.4650E-03 7.9386E-03 2.3516E-03 2.6216E-03 1.4898E-04 1.1180E-06 0
 0 6.4949E-06 2.4603E-05 3.1744E-04 1.2695E-03 2.5168E-03 4.5363E-03 4.1322E-03 5.1797E-03 5.1302E-03 5.5272E-03 5.2792E-03 7.4841E-03 8.6878E-03 3.2700E-03 6.4645E-03 0.0000E+00 8.1077E-03 6.3968E-03 8.2111E-03 2.4413E-03 2.3943E-03 1.2700E-04 7.4531E-07 0
 0 3.6295E-06 1.9283E-05 3.2189E-04 1.1124E-03 2.4333E-03 4.2346E-03 4.0460E-03 5.1121E-03 5.1362E-03 5.1438E-03 5.4130E-03 7.7248E-03 7.7603E-03 2.9276E-03 6.2209E-03 0.0000E+00 8.2775E-03 5.9386E-03 8.2394E-03 2.3397E-03 2.7861E-03 1.4654E-04 1.8633E-06 0
 0 3.8205E-06 9.3091E-06 3.1898E-04 1.2312E-03 2.3800E-03 4.3654E-03 3.9713E-03 5.1944E-03 4.6398E-03 5.3451E-03 5.8181E-03 7.3637E-03 7.5408E-03 3.1815E-03 6.1243E-03 0.0000E+00 7.6639E-03 5.7075E-03 7.6130E-03 2.0110E-03 2.4701E-03 1.3555E-04 3.3539E-06 0
 0 5.1577E-06 1.7288E-05 3.1406E-04 1.1051E-03 2.3754E-03 4.5016E-03 3.8276E-03 5.0916E-03 4.9798E-03 5.3323E-03 5.1693E-03 7.0938E-03 7.4121E-03 2.8737E-03 5.5404E-03 0.0000E+00 7.7218E-03 5.6545E-03 7.7652E-03 2.0618E-03 2.4874E-03 1.1968E-04 7.4531E-07 0
 0 3.8205E-06 1.7953E-05 3.0405E-04 1.1599E-03 2.2178E-03 4.0450E-03 3.6954E-03 4.7948E-03 4.8203E-03 5.1917E-03 4.9085E-03 6.9953E-03 7.3742E-03 2.6044E-03 5.4322E-03 0.0000E+00 7.1468E-03 5.4235E-03 7.2768E-03 1.8377E-03 2.3856E-03 1.2822E-04 3.7266E-07 0
 0 3.0564E-06 2.1943E-05 3.0926E-04 1.2695E-03 2.3337E-03 4.0343E-03 3.7155E-03 4.4246E-03 4.5706E-03 5.4441E-03 4.8638E-03 6.5723E-03 7.0373E-03 2.7660E-03 5.2389E-03 0.0000E+00 7.0696E-03 5.4765E-03 6.8485E-03 2.1245E-03 2.5004E-03 1.2700E-04 1.8633E-06 0
 0 3.0564E-06 1.7953E-05 3.0879E-04 1.3024E-03 2.3036E-03 4.2319E-03 3.5546E-03 4.4481E-03 4.8143E-03 4.9393E-03 4.8570E-03 6.9042E-03 7.0260E-03 2.4429E-03 5.2466E-03 0.0000E+00 6.8921E-03 5.2152E-03 7.0042E-03 1.7929E-03 2.1800E-03 1.4776E-04 1.1180E-06 0
 0 4.0115E-06 1.5958E-05 3.0492E-04 1.1892E-03 2.2804E-03 4.0290E-03 3.4972E-03 4.4188E-03 4.5315E-03 4.8978E-03 5.0492E-03 6.6197E-03 6.8367E-03 2.4044E-03 4.8793E-03 0.0000E+00 6.6413E-03 4.9387E-03 7.0078E-03 1.9482E-03 2.4159E-03 1.2822E-04 2.6086E-06 0
 0 5.3487E-06 1.0639E-05 3.0790E-04 1.2531E-03 2.1298E-03 4.1304E-03 3.4196E-03 4.2190E-03 4.3419E-03 4.6070E-03 4.5549E-03 6.1747E-03 6.3824E-03 2.2005E-03 4.9644E-03 0.0000E+00 6.9114E-03 4.8402E-03 7.0149E-03 1.6823E-03 2.3358E-03 1.2944E-04 1.8633E-06 0
 0 3.2474E-06 1.4629E-05 2.9525E-04 1.1362E-03 2.3152E-03 4.0824E-03 3.3994E-03 4.2836E-03 4.3930E-03 4.9265E-03 4.3524E-03 5.9996E-03 6.1212E-03 2.0774E-03 4.2878E-03 0.0000E+00 6.3982E-03 4.6584E-03 6.6185E-03 1.6614E-03 2.3640E-03 1.2700E-04 2.6086E-06 0
 0 4.0115E-06 1.9948E-05 2.9498E-04 1.1746E-03 2.2526E-03 4.1945E-03 3.5173E-03 4.0780E-03 4.4984E-03 4.1278E-03 4.7231E-03 6.0908E-03 6.3862E-03 1.9620E-03 4.4733E-03 0.0000E+00 5.8039E-03 4.6471E-03 6.2964E-03 1.7331E-03 2.3337E-03 1.0624E-04 7.4531E-07 0
 0 5.3487E-06 1.4629E-05 2.8544E-04 1.1398E-03 2.2248E-03 3.8394E-03 3.3017E-03 4.0780E-03 4.3028E-03 4.4729E-03 4.1396E-03 6.0616E-03 6.0228E-03 1.9389E-03 4.3226E-03 0.0000E+00 5.6804E-03 4.6168E-03 6.0699E-03 1.7092E-03 2.2904E-03 1.1845E-04 1.1180E-06 0
 0 2.8654E-06 1.5294E-05 3.0415E-04 1.2220E-03 2.2225E-03 3.8688E-03 3.0575E-03 4.0104E-03 4.1794E-03 4.7221E-03 4.4313E-03 5.4088E-03 5.6972E-03 2.0851E-03 4.1988E-03 0.0000E+00 5.8811E-03 4.3668E-03 6.0416E-03 1.5269E-03 2.4722E-03 1.5509E-04 1.4906E-06 0
 0 2.6744E-06 2.0613E-05 2.8556E-04 1.1124E-03 2.2850E-03 3.9622E-03 3.1063E-03 3.9751E-03 4.1884E-03 4.3483E-03 4.1293E-03 6.0361E-03 5.4133E-03 1.8581E-03 3.8238E-03 0.0000E+00 5.5993E-03 4.2078E-03 6.0557E-03 1.6076E-03 2.3510E-03 1.3067E-04 3.7266E-07 0
 0 4.2026E-06 1.1304E-05 2.8548E-04 1.0522E-03 2.0649E-03 4.1465E-03 3.2960E-03 3.8517E-03 3.7551E-03 4.2013E-03 4.4073E-03 5.7699E-03 5.2619E-03 1.9774E-03 4.3071E-03 0.0000E+00 5.5337E-03 3.5715E-03 6.1407E-03 1.6464E-03 2.2752E-03 1.1479E-04 2.2359E-06 0
 0 3.8205E-06 1.6623E-05 2.8367E-04 1.1910E-03 2.1413E-03 3.9115E-03 3.0834E-03 3.6960E-03 3.8274E-03 4.0288E-03 3.9851E-03 5.1644E-03 4.8644E-03 1.6811E-03 3.6266E-03 0.0000E+00 5.3447E-03 3.9729E-03 5.9602E-03 1.5090E-03 2.1194E-03 1.4166E-04 2.6086E-06 0
 0 3.0564E-06 1.5294E-05 2.9093E-04 1.0924E-03 2.1715E-03 3.6846E-03 2.9454E-03 3.4463E-03 3.9537E-03 4.3578E-03 3.9714E-03 5.1316E-03 4.9326E-03 1.4657E-03 3.5493E-03 0.0000E+00 5.2598E-03 3.9010E-03 5.6522E-03 1.5179E-03 2.0761E-03 1.3433E-04 2.2359E-06 0
 0 2.4833E-06 1.5294E-05 2.7768E-04 9.9919E-04 2.1205E-03 3.6472E-03 2.7902E-03 3.5197E-03 3.6228E-03 3.9457E-03 3.9062E-03 4.7487E-03 5.2543E-03 1.5619E-03 3.4874E-03 0.0000E+00 5.1671E-03 3.5525E-03 5.6062E-03 1.4014E-03 2.1518E-03 1.1723E-04 1.4906E-06 0
 0 4.3936E-06 8.6442E-06 2.7808E-04 1.0339E-03 1.9930E-03 3.6552E-03 2.7701E-03 3.3053E-03 3.5776E-03 3.9137E-03 3.6041E-03 4.8289E-03 5.0348E-03 1.3657E-03 3.2709E-03 0.0000E+00 4.9510E-03 3.4957E-03 5.4753E-03 1.5269E-03 2.2103E-03 1.0136E-04 1.8633E-06 0
 0 4.9667E-06 1.3964E-05 2.7855E-04 9.9919E-04 2.1622E-03 3.5804E-03 2.7874E-03 3.5403E-03 3.7130E-03 3.8594E-03 3.4256E-03 4.9201E-03 5.0613E-03 1.4080E-03 3.3560E-03 0.0000E+00 4.6578E-03 3.8707E-03 5.2912E-03 1.3596E-03 2.4051E-03 1.0014E-04 1.4906E-06 0
 0 4.2026E-06 9.9740E-06 2.7264E-04 1.0266E-03 1.9559E-03 3.5431E-03 2.8391E-03 3.2759E-03 3.6589E-03 3.7891E-03 3.4599E-03 4.6867E-03 4.8152E-03 1.4580E-03 3.1317E-03 0.0000E+00 4.5188E-03 3.4351E-03 5.4505E-03 1.2968E-03 2.2687E-03 1.3067E-04 1.4906E-06 0
 0 3.8205E-06 9.9740E-06 2.7376E-04 1.1398E-03 1.9861E-03 3.7807E-03 2.6236E-03 3.2906E-03 3.2797E-03 3.9074E-03 3.1373E-03 4.6356E-03 4.4821E-03 1.3041E-03 3.1743E-03 0.0000E+00 4.4185E-03 3.3253E-03 5.4753E-03 1.1385E-03 2.0782E-03 1.3189E-04 1.4906E-06 0
 0 3.8205E-06 1.4629E-05 2.6988E-04 1.0613E-03 1.8841E-03 3.7727E-03 2.7098E-03 3.5050E-03 3.7732E-03 3.3578E-03 3.1098E-03 4.6429E-03 4.3534E-03 1.1887E-03 3.0776E-03 0.0000E+00 4.3954E-03 3.0791E-03 5.2558E-03 1.2371E-03 2.1064E-03 1.3067E-04 3.7266E-07 0
 0 3.0564E-06 9.3091E-06 2.6205E-04 1.0010E-03 1.9722E-03 3.4710E-03 2.4598E-03 3.2436E-03 3.1865E-03 3.5591E-03 3.3501E-03 4.5298E-03 4.2890E-03 1.2387E-03 2.8263E-03 0.0000E+00 4.3838E-03 2.8670E-03 5.1001E-03 1.1235E-03 1.9960E-03 1.1723E-04 3.7266E-07 0
 0 1.5282E-06 1.0639E-05 2.6454E-04 1.0193E-03 1.8215E-03 3.3668E-03 2.4425E-03 3.1936E-03 3.4994E-03 3.2812E-03 3.2197E-03 4.1140E-03 4.1035E-03 1.0733E-03 2.7606E-03 0.0000E+00 3.9361E-03 2.8254E-03 4.8736E-03 1.2550E-03 2.1085E-03 1.2578E-04 1.1180E-06 0
 0 4.7757E-06 3.9896E-06 2.6347E-04 9.9737E-04 1.8540E-03 3.1879E-03 2.2414E-03 2.9468E-03 3.2557E-03 3.4409E-03 3.1407E-03 4.4788E-03 4.2057E-03 1.2310E-03 2.3778E-03 0.0000E+00 3.9516E-03 2.9655E-03 4.9692E-03 1.2251E-03 2.2059E-03 1.3067E-04 7.4531E-07 0
 0 4.2026E-06 9.9740E-06 2.6464E-04 9.9371E-04 1.7636E-03 3.3748E-03 2.2902E-03 2.7999E-03 3.1955E-03 3.4153E-03 2.7529E-03 4.3912E-03 3.7060E-03 1.0772E-03 2.5247E-03 0.0000E+00 3.5155E-03 2.6133E-03 4.6081E-03 1.1683E-03 2.1085E-03 1.1845E-04 1.1180E-06 0
 0 1.9103E-06 1.8618E-05 2.5979E-04 1.0430E-03 1.6802E-03 3.2333E-03 2.1523E-03 2.8734E-03 3.2677E-03 3.3419E-03 3.0824E-03 4.2709E-03 4.1035E-03 1.2003E-03 2.3778E-03 0.0000E+00 3.4769E-03 2.9579E-03 4.6011E-03 1.0309E-03 2.1302E-03 1.1968E-04 2.6086E-06 0
 0 3.6295E-06 1.3299E-05 2.6327E-04 9.6449E-04 1.8586E-03 3.0304E-03 2.4311E-03 2.8616E-03 2.7502E-03 3.2748E-03 2.9451E-03 3.9244E-03 3.8575E-03 9.1944E-04 2.3971E-03 0.0000E+00 3.4962E-03 2.2118E-03 4.2719E-03 1.0697E-03 1.9895E-03 1.3555E-04 3.7266E-07 0
 0 3.2474E-06 1.2634E-05 2.5606E-04 8.9325E-04 1.7752E-03 3.2413E-03 2.1523E-03 2.6589E-03 2.9788E-03 3.2396E-03 2.5812E-03 4.0411E-03 3.4978E-03 7.8479E-04 2.2270E-03 0.0000E+00 3.2261E-03 2.4921E-03 4.3285E-03 1.0010E-03 1.9765E-03 1.3433E-04 3.7266E-07 0
 0 2.8654E-06 4.6545E-06 2.5634E-04 9.6449E-04 1.9606E-03 3.2947E-03 2.2242E-03 2.6942E-03 2.8525E-03 2.8850E-03 2.7803E-03 3.8223E-03 3.8650E-03 8.4634E-04 2.0994E-03 0.0000E+00 3.7818E-03 2.5337E-03 4.3002E-03 1.0608E-03 1.9418E-03 9.4030E-05 1.1180E-06 0
 0 3.0564E-06 9.9740E-06 2.5577E-04 8.7133E-04 1.8470E-03 3.2894E-03 2.1178E-03 2.3298E-03 2.7682E-03 2.9904E-03 2.6602E-03 3.7274E-03 3.2669E-03 9.1174E-04 2.1574E-03 0.0000E+00 3.3303E-03 2.1664E-03 4.0065E-03 9.7412E-04 1.9115E-03 1.2578E-04 7.4531E-07 0
 0 3.0564E-06 1.7953E-05 2.5301E-04 1.0010E-03 1.7474E-03 3.0171E-03 2.1293E-03 2.4532E-03 2.8224E-03 3.0192E-03 2.4199E-03 3.3007E-03 3.2177E-03 6.9631E-04 1.9912E-03 0.0000E+00 3.1991E-03 2.2005E-03 4.2542E-03 9.9503E-04 2.0241E-03 1.2334E-04 1.8633E-06 0
 0 3.4385E-06 1.9948E-05 2.5514E-04 9.8641E-04 1.7520E-03 3.3455E-03 2.1092E-03 2.4327E-03 2.7201E-03 3.0799E-03 2.5641E-03 3.2606E-03 2.9527E-03 8.1172E-04 1.9138E-03 0.0000E+00 3.1065E-03 2.1285E-03 4.2719E-03 7.7690E-04 2.0046E-03 1.1723E-04 3.7266E-07 0
 0 4.0115E-06 9.9740E-06 2.4453E-04 8.4210E-04 1.8378E-03 3.0438E-03 1.9512E-03 2.5943E-03 2.5606E-03 2.7284E-03 2.3959E-03 3.4904E-03 3.0549E-03 9.0790E-04 1.8674E-03 0.0000E+00 2.8942E-03 2.4694E-03 4.1410E-03 8.6057E-04 2.0869E-03 1.3189E-04 3.7266E-07 0
 0 2.6744E-06 1.2634E-05 2.4292E-04 8.9142E-04 1.6593E-03 3.0037E-03 2.2012E-03 2.5649E-03 2.8013E-03 3.0415E-03 2.5366E-03 3.1548E-03 2.9451E-03 6.8477E-04 1.8326E-03 0.0000E+00 3.1605E-03 2.0073E-03 4.0135E-03 8.5459E-04 1.9483E-03 1.0136E-04 7.4531E-07 0
 0 2.2923E-06 1.8618E-05 2.4193E-04 8.0191E-04 1.6524E-03 3.0064E-03 2.0374E-03 2.5708E-03 2.6208E-03 2.7412E-03 2.1625E-03 3.1512E-03 3.1004E-03 4.6549E-04 1.8094E-03 0.0000E+00 2.5855E-03 2.0717E-03 3.5110E-03 8.9643E-04 1.9050E-03 1.1968E-04 7.4531E-07 0
 0 4.3936E-06 7.3143E-06 2.4091E-04 8.7498E-04 1.7821E-03 3.1265E-03 2.0259E-03 2.2916E-03 2.5907E-03 2.7348E-03 2.0801E-03 3.1949E-03 2.8316E-03 7.8095E-04 1.6973E-03 0.0000E+00 2.6087E-03 1.7270E-03 3.8861E-03 8.4264E-04 1.9029E-03 1.0868E-04 0.0000E+00 0
 0 2.4833E-06 1.1304E-05 2.3728E-04 8.8229E-04 1.6894E-03 2.8702E-03 1.7902E-03 2.3387E-03 2.3951E-03 2.5080E-03 2.2071E-03 3.0746E-03 2.8013E-03 4.9627E-04 1.5852E-03 0.0000E+00 2.2652E-03 1.9921E-03 3.7552E-03 7.6495E-04 1.9310E-03 9.5252E-05 7.4531E-07 0
 0 2.1013E-06 8.6442E-06 2.3937E-04 7.7999E-04 1.6802E-03 2.7714E-03 1.8506E-03 1.9890E-03 2.5425E-03 2.5559E-03 2.0835E-03 2.8558E-03 2.7862E-03 5.4628E-04 1.7476E-03 0.0000E+00 2.3733E-03 1.8596E-03 3.7552E-03 8.3069E-04 1.7925E-03 1.1601E-04 1.4906E-06 0
 0 2.6744E-06 5.9844E-06 2.3479E-04 8.4210E-04 1.6709E-03 3.0758E-03 1.7241E-03 2.2535E-03 2.6810E-03 2.4537E-03 2.1384E-03 2.9615E-03 2.7180E-03 5.6167E-04 1.6161E-03 0.0000E+00 2.1919E-03 1.7990E-03 3.4508E-03 7.2312E-04 1.9007E-03 1.1357E-04 1.4906E-06 0
 0 3.0564E-06 1.5958E-05 2.3676E-04 8.4758E-04 1.6153E-03 2.9209E-03 1.7730E-03 2.2417E-03 2.6208E-03 2.6358E-03 1.7334E-03 2.8266E-03 2.5439E-03 4.7703E-04 1.4924E-03 0.0000E+00 2.3964E-03 1.5869E-03 3.1783E-03 7.3507E-04 1.7059E-03 9.5252E-05 7.4531E-07 0
 0 2.6744E-06 1.1304E-05 2.3015E-04 9.3526E-04 1.5017E-03 2.9316E-03 1.6236E-03 2.1095E-03 2.3680E-03 2.4026E-03 1.8810E-03 2.8302E-03 2.4190E-03 5.1935E-04 1.3919E-03 0.0000E+00 2.1842E-03 1.7195E-03 3.2420E-03 6.3049E-04 1.6561E-03 1.0136E-04 3.7266E-07 0
 0 1.7192E-06 6.6494E-06 2.2960E-04 7.8913E-04 1.6825E-03 2.9263E-03 1.6092E-03 1.9479E-03 2.4553E-03 2.3419E-03 1.9222E-03 2.6880E-03 2.4114E-03 4.4241E-04 1.4421E-03 0.0000E+00 2.1842E-03 1.5149E-03 2.9942E-03 6.6933E-04 1.8076E-03 1.1113E-04 2.6086E-06 0
 0 7.6410E-07 9.9740E-06 2.3164E-04 7.4711E-04 1.6222E-03 2.9797E-03 1.6925E-03 1.9508E-03 2.3379E-03 2.2045E-03 1.8707E-03 2.5056E-03 2.2638E-03 5.1935E-04 1.4189E-03 0.0000E+00 2.2691E-03 1.6021E-03 3.1429E-03 6.7232E-04 1.7189E-03 9.1588E-05 0.0000E+00 0
 0 2.1013E-06 1.2634E-05 2.2672E-04 8.5854E-04 1.6153E-03 2.9370E-03 1.5316E-03 2.0302E-03 2.0701E-03 2.2684E-03 1.9702E-03 2.5166E-03 2.3811E-03 3.9624E-04 1.2334E-03 0.0000E+00 2.2845E-03 1.3748E-03 3.0863E-03 6.8427E-04 1.9332E-03 9.6473E-05 1.1180E-06 0
 0 2.8654E-06 8.6442E-06 2.2816E-04 8.9325E-04 1.4299E-03 2.6166E-03 1.7615E-03 1.7364E-03 2.0431E-03 2.3482E-03 1.7540E-03 2.5239E-03 2.0290E-03 4.8857E-04 1.2759E-03 0.0000E+00 2.1108E-03 1.5187E-03 3.0650E-03 6.2152E-04 1.8011E-03 1.0624E-04 7.4531E-07 0
 0 2.6744E-06 8.6442E-06 2.2418E-04 8.1287E-04 1.8262E-03 2.5552E-03 1.5029E-03 1.6717E-03 1.8535E-03 2.1470E-03 1.7128E-03 2.5494E-03 2.2524E-03 3.2315E-04 1.0787E-03 0.0000E+00 1.9758E-03 1.3672E-03 3.0650E-03 6.8427E-04 1.6907E-03 1.2822E-04 2.2359E-06 0
 0 2.8654E-06 7.9792E-06 2.2128E-04 8.5671E-04 1.6385E-03 2.7794E-03 1.5287E-03 1.8803E-03 2.2025E-03 2.2268E-03 1.5206E-03 2.4217E-03 2.1464E-03 4.4241E-04 1.3919E-03 0.0000E+00 1.9874E-03 1.3294E-03 2.9482E-03 5.7371E-04 1.7578E-03 1.0746E-04 7.4531E-07 0
 0 1.1462E-06 1.1969E-05 2.1939E-04 7.8364E-04 1.5411E-03 2.6887E-03 1.5058E-03 1.8186E-03 2.0611E-03 2.1054E-03 1.5343E-03 2.1737E-03 2.0290E-03 2.7699E-04 1.0168E-03 0.0000E+00 1.9295E-03 1.4278E-03 2.9341E-03 4.9303E-04 1.6734E-03 1.1235E-04 1.1180E-06 0
 0 3.2474E-06 1.5958E-05 2.1735E-04 6.6674E-04 1.5156E-03 2.6593E-03 1.4885E-03 1.6365E-03 2.1664E-03 2.0703E-03 1.4382E-03 2.4072E-03 2.0253E-03 2.9622E-04 1.1947E-03 0.0000E+00 1.8870E-03 1.1362E-03 2.9128E-03 5.8268E-04 1.6994E-03 1.1235E-04 1.8633E-06 0
 0 1.7192E-06 1.1304E-05 2.1760E-04 8.0374E-04 1.4252E-03 2.7367E-03 1.4914E-03 1.5689E-03 1.7903E-03 2.0351E-03 1.6304E-03 2.2248E-03 2.1275E-03 3.1161E-04 9.6271E-04 0.0000E+00 1.8600E-03 1.3521E-03 2.8208E-03 5.7969E-04 1.8682E-03 1.0868E-04 0.0000E+00 0
 0 1.3372E-06 8.6442E-06 2.2351E-04 7.2702E-04 1.6037E-03 2.5498E-03 1.4167E-03 1.5865E-03 1.9107E-03 1.9329E-03 1.4691E-03 2.0898E-03 1.7035E-03 3.6547E-04 8.6992E-04 0.0000E+00 1.7057E-03 1.1021E-03 2.6686E-03 5.7072E-04 1.6539E-03 1.0624E-04 3.7266E-07 0
 0 3.0564E-06 6.6494E-06 2.1785E-04 7.6903E-04 1.4252E-03 2.4430E-03 1.3247E-03 1.6277E-03 2.0431E-03 1.8690E-03 1.3490E-03 2.0242E-03 1.8587E-03 2.6544E-04 8.6606E-04 0.0000E+00 1.6864E-03 1.0908E-03 2.9022E-03 4.6913E-04 1.6864E-03 1.3677E-04 3.7266E-07 0
 0 1.7192E-06 9.9740E-06 2.1151E-04 7.5807E-04 1.4461E-03 2.2615E-03 1.3736E-03 1.5865E-03 1.8716E-03 1.9489E-03 1.4176E-03 1.8309E-03 1.7489E-03 3.4239E-04 8.1579E-04 0.0000E+00 1.4664E-03 1.1779E-03 2.5731E-03 4.2132E-04 1.5370E-03 1.2334E-04 7.4531E-07 0
 0 2.8654E-06 9.9740E-06 2.1079E-04 8.4027E-04 1.4739E-03 2.4671E-03 1.5115E-03 1.5748E-03 1.8264E-03 1.9936E-03 1.3352E-03 2.0461E-03 1.8133E-03 3.6931E-04 8.6219E-04 0.0000E+00 1.5397E-03 1.1135E-03 2.7642E-03 4.0937E-04 1.5305E-03 1.1601E-04 1.1180E-06 0
 0 3.8205E-06 7.9792E-06 2.1290E-04 7.1606E-04 1.4716E-03 2.4564E-03 1.4052E-03 1.4631E-03 1.8023E-03 1.9105E-03 1.3387E-03 1.9075E-03 1.4574E-03 2.2313E-04 8.5832E-04 0.0000E+00 1.4047E-03 1.0567E-03 2.4315E-03 5.2889E-04 1.4244E-03 1.1968E-04 1.1180E-06 0
 0 1.7192E-06 1.2634E-05 2.0778E-04 7.0510E-04 1.5110E-03 2.4137E-03 1.2902E-03 1.6306E-03 1.8445E-03 1.8371E-03 1.1293E-03 1.9476E-03 1.4385E-03 1.9235E-04 8.9312E-04 0.0000E+00 1.4162E-03 1.0150E-03 2.3855E-03 4.0040E-04 1.7167E-03 1.1235E-04 1.8633E-06 0
 0 1.9103E-06 1.3964E-05 2.0604E-04 7.6172E-04 1.5133E-03 2.4137E-03 1.2069E-03 1.3485E-03 1.8655E-03 1.7796E-03 1.2220E-03 1.7835E-03 1.4953E-03 2.1159E-04 9.1632E-04 0.0000E+00 1.3506E-03 1.0339E-03 2.2899E-03 3.9742E-04 1.5738E-03 8.4261E-05 1.1180E-06 0
 0 2.6744E-06 1.3964E-05 2.0632E-04 7.4711E-04 1.2352E-03 2.3816E-03 1.2414E-03 1.3250E-03 1.5767E-03 1.7764E-03 1.2597E-03 1.8163E-03 1.6278E-03 1.8850E-04 9.5498E-04 0.0000E+00 1.2426E-03 9.1654E-04 2.2545E-03 4.3327E-04 1.5695E-03 1.3067E-04 1.1180E-06 0
 0 1.9103E-06 1.2634E-05 2.0731E-04 7.4346E-04 1.4183E-03 2.3095E-03 1.1810E-03 1.3280E-03 1.7963E-03 1.9681E-03 1.1602E-03 1.8382E-03 1.4801E-03 1.5003E-04 8.5446E-04 0.0000E+00 1.3352E-03 9.6199E-04 2.4386E-03 3.1674E-04 1.5955E-03 9.2809E-05 1.4906E-06 0
 0 3.2474E-06 5.3195E-06 2.0279E-04 7.3432E-04 1.3140E-03 2.2348E-03 1.2414E-03 1.4778E-03 1.5677E-03 1.6102E-03 1.0332E-03 1.6194E-03 1.4271E-03 2.1159E-04 7.4620E-04 0.0000E+00 1.3584E-03 7.5368E-04 2.0528E-03 3.5259E-04 1.5890E-03 1.1479E-04 1.4906E-06 0
 0 1.1462E-06 1.1969E-05 2.0652E-04 6.7770E-04 1.3882E-03 2.2775E-03 1.1379E-03 1.3280E-03 1.5827E-03 1.6198E-03 9.7483E-04 1.6631E-03 1.2568E-03 1.9235E-04 6.2248E-04 0.0000E+00 1.4433E-03 8.2943E-04 2.2474E-03 3.7949E-04 1.5478E-03 7.4492E-05 0.0000E+00 0
 0 1.7192E-06 7.9792E-06 2.0264E-04 7.0875E-04 1.3719E-03 2.2855E-03 1.0144E-03 1.2163E-03 1.6308E-03 1.3259E-03 9.2677E-04 1.9731E-03 1.2719E-03 2.1159E-04 6.5728E-04 0.0000E+00 1.3198E-03 8.6730E-04 2.2227E-03 3.8845E-04 1.6150E-03 1.0014E-04 7.4531E-07 0
 0 1.5282E-06 9.9740E-06 1.9807E-04 6.7404E-04 1.2445E-03 2.2695E-03 1.0230E-03 1.3397E-03 1.7271E-03 1.4792E-03 9.7826E-04 1.4808E-03 1.2454E-03 2.1543E-04 6.8434E-04 0.0000E+00 1.1577E-03 8.1807E-04 2.2156E-03 4.0339E-04 1.4764E-03 1.2578E-04 7.4531E-07 0
 0 1.7192E-06 2.6597E-06 1.9966E-04 7.3980E-04 1.3557E-03 2.1627E-03 1.1006E-03 1.1958E-03 1.5677E-03 1.3355E-03 9.8512E-04 1.4297E-03 1.3325E-03 1.2695E-04 5.4129E-04 0.0000E+00 1.2117E-03 8.1049E-04 2.1023E-03 3.6455E-04 1.5587E-03 8.3040E-05 0.0000E+00 0
 0 1.7192E-06 3.3247E-06 1.9546E-04 6.9231E-04 1.2723E-03 2.0986E-03 1.0316E-03 1.2428E-03 1.5646E-03 1.6070E-03 9.8512E-04 1.4078E-03 1.3174E-03 1.1541E-04 5.7608E-04 0.0000E+00 1.2426E-03 8.7109E-04 2.0386E-03 3.0777E-04 1.5630E-03 1.1968E-04 1.8633E-06 0
 0 2.1013E-06 9.9740E-06 2.0155E-04 7.5076E-04 1.4137E-03 2.1280E-03 1.0805E-03 1.1576E-03 1.4202E-03 1.3259E-03 1.0984E-03 1.5355E-03 1.5104E-03 1.5773E-04 6.0315E-04 0.0000E+00 1.1075E-03 7.0066E-04 1.9820E-03 3.3765E-04 1.4764E-03 1.1845E-04 7.4531E-07 0
 0 1.1462E-06 8.6442E-06 1.9417E-04 6.7952E-04 1.4229E-03 2.0399E-03 1.0029E-03 1.1870E-03 1.3390E-03 1.3930E-03 8.4096E-04 1.4552E-03 1.1092E-03 1.9620E-04 6.7274E-04 0.0000E+00 1.1461E-03 5.6053E-04 2.0422E-03 2.9582E-04 1.4483E-03 1.0136E-04 2.2359E-06 0
 0 9.5513E-07 8.6442E-06 1.8937E-04 6.9962E-04 1.3163E-03 2.1119E-03 1.1638E-03 1.1576E-03 1.4112E-03 1.4856E-03 8.7872E-04 1.3823E-03 1.1054E-03 1.1156E-04 4.8716E-04 0.0000E+00 1.0882E-03 7.4990E-04 1.8581E-03 3.4662E-04 1.4569E-03 8.7925E-05 1.8633E-06 0
 0 1.3372E-06 1.3299E-05 1.9394E-04 7.2519E-04 1.3001E-03 2.0772E-03 1.0833E-03 9.9305E-04 1.3811E-03 1.2396E-03 7.9977E-04 1.2145E-03 1.2152E-03 1.7696E-04 4.9102E-04 0.0000E+00 8.7212E-04 6.1355E-04 1.8546E-03 2.6893E-04 1.3898E-03 8.6703E-05 1.4906E-06 0
 0 2.1013E-06 4.6545E-06 1.9118E-04 6.9962E-04 1.2677E-03 2.1467E-03 1.0086E-03 9.0784E-04 1.3510E-03 1.3355E-03 8.5126E-04 1.0832E-03 9.8424E-04 1.8081E-04 5.6448E-04 0.0000E+00 9.8018E-04 5.3780E-04 1.9324E-03 2.0618E-04 1.5305E-03 1.0991E-04 7.4531E-07 0
 0 1.7192E-06 1.3964E-05 1.8661E-04 6.3020E-04 1.3256E-03 1.9651E-03 8.9656E-04 1.1018E-03 1.3179E-03 1.1885E-03 8.4439E-04 1.2656E-03 9.3124E-04 1.0387E-04 4.0983E-04 0.0000E+00 9.1071E-04 7.2338E-04 1.6422E-03 2.2709E-04 1.4483E-03 1.0380E-04 3.7266E-07 0
 0 1.9103E-06 6.6494E-06 1.8855E-04 6.1924E-04 1.2468E-03 2.1653E-03 1.0517E-03 8.7259E-04 1.2878E-03 1.2939E-03 7.2082E-04 1.1270E-03 1.0221E-03 8.0787E-05 3.8663E-04 0.0000E+00 8.5283E-04 5.2644E-04 1.7980E-03 2.7192E-04 1.3812E-03 9.5252E-05 0.0000E+00 0
 0 2.4833E-06 1.0639E-05 1.8631E-04 6.3203E-04 1.3488E-03 1.9117E-03 8.8794E-04 9.6367E-04 1.1976E-03 1.1949E-03 7.5515E-04 1.1270E-03 7.5711E-04 9.2329E-05 4.0210E-04 0.0000E+00 8.7984E-04 5.3023E-04 1.7236E-03 2.6295E-04 1.5846E-03 9.8915E-05 3.7266E-07 0
 0 3.0564E-06 9.3091E-06 1.8863E-04 7.3615E-04 1.1332E-03 2.0051E-03 8.6207E-04 9.4604E-04 1.1945E-03 1.1661E-03 7.7574E-04 1.0577E-03 9.1989E-04 1.1156E-04 4.6783E-04 0.0000E+00 7.9880E-04 5.1887E-04 1.7236E-03 2.6594E-04 1.3140E-03 9.6473E-05 2.2359E-06 0
 0 3.6295E-06 5.9844E-06 1.8177E-04 6.4664E-04 1.2236E-03 2.0852E-03 9.1093E-04 9.3135E-04 1.1675E-03 1.1917E-03 6.9679E-04 1.1306E-03 1.0032E-03 1.4619E-04 4.4076E-04 0.0000E+00 7.1777E-04 5.0372E-04 1.5998E-03 2.8387E-04 1.5067E-03 8.5482E-05 0.0000E+00 0
 0 1.1462E-06 7.3143E-06 1.7963E-04 6.1559E-04 1.1773E-03 2.0212E-03 7.4138E-04 9.8129E-04 1.0020E-03 1.1278E-03 6.5217E-04 1.0103E-03 9.8802E-04 1.0002E-04 3.6343E-04 0.0000E+00 8.6827E-04 5.3402E-04 1.7555E-03 2.7789E-04 1.4071E-03 7.5713E-05 7.4531E-07 0
 0 1.1462E-06 8.6442E-06 1.8457E-04 5.9550E-04 1.2422E-03 1.8183E-03 7.7299E-04 1.0019E-03 1.2276E-03 1.3003E-03 7.8261E-04 1.1817E-03 9.0474E-04 1.0772E-04 4.7942E-04 0.0000E+00 6.7146E-04 5.5295E-04 1.4369E-03 1.8526E-04 1.3552E-03 9.5252E-05 0.0000E+00 0
 0 1.3372E-06 1.0639E-05 1.7879E-04 5.6810E-04 1.1958E-03 2.0051E-03 9.1380E-04 8.3439E-04 1.2066E-03 1.0064E-03 5.6979E-04 1.0577E-03 6.9654E-04 6.5399E-05 3.2864E-04 0.0000E+00 8.1038E-04 4.5827E-04 1.4546E-03 2.5996E-04 1.3335E-03 8.0597E-05 1.1180E-06 0
 0 2.6744E-06 6.6494E-06 1.7787E-04 5.7723E-04 1.3001E-03 1.6500E-03 7.1265E-04 8.2264E-04 1.1374E-03 1.0639E-03 6.7277E-04 8.4980E-04 7.6468E-04 9.2329E-05 3.3637E-04 0.0000E+00 6.8689E-04 4.2418E-04 1.5007E-03 1.5837E-04 1.3249E-03 9.6473E-05 1.1180E-06 0
 0 1.7192E-06 5.9844E-06 1.8067E-04 5.7906E-04 1.2028E-03 1.8930E-03 8.2472E-04 7.5213E-04 9.6587E-04 9.5527E-04 5.7323E-04 8.5709E-04 7.4954E-04 1.0772E-04 3.6343E-04 0.0000E+00 8.0652E-04 5.2265E-04 1.3591E-03 1.9721E-04 1.3660E-03 1.0258E-04 7.4531E-07 0
 0 7.6410E-07 1.0639E-05 1.7695E-04 6.3386E-04 1.0707E-03 1.7542E-03 7.1840E-04 6.9925E-04 1.0200E-03 9.3610E-04 7.0366E-04 9.9933E-04 6.7004E-04 7.3093E-05 4.0983E-04 0.0000E+00 6.2901E-04 3.4086E-04 1.5042E-03 2.0020E-04 1.1950E-03 1.0502E-04 0.0000E+00 0
 0 2.8654E-06 1.0639E-05 1.8070E-04 6.0463E-04 1.1819E-03 1.7061E-03 7.1840E-04 7.4038E-04 1.0140E-03 9.9042E-04 6.5904E-04 9.0815E-04 6.6247E-04 6.1552E-05 3.4410E-04 0.0000E+00 6.9075E-04 4.2040E-04 1.3095E-03 2.1215E-04 1.2426E-03 8.7925E-05 7.4531E-07 0
 0 1.5282E-06 1.3299E-06 1.7523E-04 5.5348E-04 1.1286E-03 1.8263E-03 7.5575E-04 6.2873E-04 1.0862E-03 9.5208E-04 5.3890E-04 8.9356E-04 6.8518E-04 7.3093E-05 2.5131E-04 0.0000E+00 6.1357E-04 3.8631E-04 1.4299E-03 2.7789E-04 1.3790E-03 8.6703E-05 0.0000E+00 0
 0 2.8654E-06 1.1304E-05 1.7133E-04 6.1011E-04 1.1147E-03 1.5966E-03 7.2414E-04 7.0218E-04 9.2675E-04 9.9361E-04 5.3890E-04 8.8627E-04 6.4733E-04 7.6940E-05 3.7503E-04 0.0000E+00 6.1743E-04 3.4844E-04 1.2918E-03 1.4940E-04 1.2643E-03 7.2049E-05 0.0000E+00 0
 0 3.2474E-06 9.3091E-06 1.7317E-04 5.8454E-04 1.1634E-03 1.7568E-03 6.7242E-04 6.6399E-04 1.0832E-03 8.7221E-04 5.0114E-04 8.2062E-04 7.3818E-04 3.8470E-05 3.7117E-04 0.0000E+00 6.7918E-04 3.8252E-04 1.3626E-03 2.5996E-04 1.2707E-03 7.5713E-05 3.7266E-07 0
 0 1.9103E-06 3.9896E-06 1.6922E-04 5.7906E-04 1.0521E-03 1.7115E-03 5.6322E-04 6.8749E-04 8.6657E-04 1.0160E-03 5.5606E-04 8.3521E-04 5.2240E-04 1.0002E-04 2.6291E-04 0.0000E+00 5.5183E-04 3.9010E-04 1.1573E-03 1.6434E-04 1.4158E-03 8.9146E-05 2.6086E-06 0
 0 1.9103E-06 4.6545E-06 1.7314E-04 5.7175E-04 1.0174E-03 1.7195E-03 6.6380E-04 7.8739E-04 9.2374E-04 9.3610E-04 5.3890E-04 9.2639E-04 6.4733E-04 1.0002E-04 3.2090E-04 0.0000E+00 5.6341E-04 3.7116E-04 1.2883E-03 1.7032E-04 1.3898E-03 7.0828E-05 7.4531E-07 0
 0 1.7192E-06 7.3143E-06 1.7131E-04 5.7175E-04 9.2467E-04 1.8396E-03 5.7184E-04 6.9337E-04 9.6888E-04 9.2332E-04 5.3204E-04 8.8627E-04 6.3218E-04 5.7705E-05 2.5518E-04 0.0000E+00 6.0972E-04 3.2571E-04 1.1361E-03 1.6434E-04 1.3379E-03 8.6703E-05 3.7266E-07 0
 0 1.1462E-06 5.3195E-06 1.6994E-04 5.3339E-04 1.0568E-03 1.7168E-03 5.7759E-04 6.5224E-04 8.7259E-04 8.5943E-04 4.3249E-04 6.8567E-04 6.5490E-04 4.2317E-05 3.0157E-04 0.0000E+00 6.5988E-04 3.7495E-04 1.1963E-03 1.1654E-04 1.2036E-03 9.0367E-05 7.4531E-07 0
 0 2.1013E-06 5.9844E-06 1.6726E-04 5.0051E-04 1.1773E-03 1.5886E-03 6.3794E-04 6.8456E-04 8.2144E-04 8.8818E-04 4.7712E-04 5.3249E-04 5.7919E-04 6.1552E-05 1.6239E-04 0.0000E+00 5.5183E-04 2.2345E-04 1.2918E-03 1.5837E-04 1.2967E-03 8.7925E-05 4.0992E-06 0
 0 7.6410E-07 5.9844E-06 1.6549E-04 5.7175E-04 1.0823E-03 1.5913E-03 6.3219E-04 6.3461E-04 8.3347E-04 8.5304E-04 3.7414E-04 6.7473E-04 6.1326E-04 2.6929E-05 1.2759E-04 0.0000E+00 5.5183E-04 2.6511E-04 1.2777E-03 1.2251E-04 1.1668E-03 1.0624E-04 7.4531E-07 0
 0 9.5513E-07 8.6442E-06 1.6698E-04 5.5348E-04 1.0753E-03 1.6527E-03 6.3794E-04 5.2297E-04 8.8162E-04 8.8179E-04 3.8101E-04 6.3097E-04 4.9212E-04 4.2317E-05 2.2811E-04 0.0000E+00 5.9428E-04 3.1435E-04 1.1290E-03 1.2550E-04 1.1430E-03 8.5482E-05 0.0000E+00 0
 0 3.8205E-06 7.3143E-06 1.6641E-04 5.1147E-04 1.0429E-03 1.6687E-03 5.5173E-04 5.6997E-04 9.0569E-04 7.6997E-04 4.8741E-04 7.4038E-04 5.1862E-04 6.5399E-05 2.9771E-04 0.0000E+00 4.7851E-04 2.2724E-04 1.1255E-03 1.4343E-04 1.0478E-03 9.2809E-05 1.8633E-06 0
 0 1.5282E-06 5.9844E-06 1.6539E-04 5.3704E-04 1.0707E-03 1.4631E-03 6.2644E-04 6.4636E-04 7.5524E-04 7.5080E-04 4.2220E-04 7.6591E-04 5.0348E-04 1.1541E-05 2.0492E-04 0.0000E+00 4.6693E-04 2.9163E-04 1.0016E-03 8.0678E-05 1.1322E-03 9.2809E-05 7.4531E-07 0
 0 7.6410E-07 9.9740E-06 1.6161E-04 4.8407E-04 1.0545E-03 1.7034E-03 5.1437E-04 5.3472E-04 8.0338E-04 7.8914E-04 2.6430E-04 6.2002E-04 3.9748E-04 2.3082E-05 1.8945E-04 0.0000E+00 4.7465E-04 2.7269E-04 1.0370E-03 9.5619E-05 1.1149E-03 1.1601E-04 3.7266E-07 0
 0 7.6410E-07 9.9740E-06 1.6574E-04 4.9320E-04 9.9188E-04 1.4631E-03 5.0288E-04 5.8760E-04 7.5524E-04 7.7636E-04 4.0160E-04 6.1273E-04 5.6026E-04 3.0776E-05 2.3198E-04 0.0000E+00 4.9781E-04 2.6890E-04 1.0087E-03 6.8726E-05 1.1257E-03 9.1588E-05 0.0000E+00 0
 0 1.3372E-06 5.3195E-06 1.6204E-04 5.6627E-04 9.8493E-04 1.5406E-03 5.0288E-04 5.3472E-04 7.4020E-04 7.1885E-04 4.3936E-04 5.7626E-04 4.5048E-04 3.4623E-05 2.1265E-04 0.0000E+00 4.3606E-04 2.1588E-04 1.0547E-03 1.0458E-04 1.2491E-03 8.7925E-05 0.0000E+00 0
 0 1.3372E-06 4.6545E-06 1.5801E-04 5.0599E-04 9.7797E-04 1.5246E-03 5.2587E-04 5.2590E-04 7.4321E-04 7.2844E-04 3.7071E-04 6.3097E-04 4.2777E-04 4.2317E-05 1.4305E-04 0.0000E+00 3.9747E-04 1.8558E-04 9.3437E-04 1.9124E-04 1.1755E-03 1.0502E-04 7.4531E-07 0
 0 2.1013E-06 6.6494E-06 1.6278E-04 5.3704E-04 1.0011E-03 1.4391E-03 4.3391E-04 5.7291E-04 6.9807E-04 7.1566E-04 4.0503E-04 5.6167E-04 4.2777E-04 1.5388E-05 2.2811E-04 0.0000E+00 3.8204E-04 2.0830E-04 8.4235E-04 1.2550E-04 1.1365E-03 9.5252E-05 7.4531E-07 0
 0 2.4833E-06 5.3195E-06 1.5963E-04 5.0416E-04 8.6442E-04 1.5246E-03 4.7127E-04 4.9946E-04 6.2586E-04 6.2620E-04 3.5011E-04 4.3766E-04 4.6562E-04 1.5388E-05 2.1265E-04 0.0000E+00 4.0519E-04 1.7043E-04 9.2729E-04 7.1714E-05 1.1387E-03 7.5713E-05 3.7266E-07 0
 0 2.4833E-06 2.6597E-06 1.5200E-04 5.3887E-04 9.4321E-04 1.3697E-03 4.7701E-04 4.8771E-04 7.1011E-04 6.8371E-04 3.3638E-04 5.5073E-04 3.8612E-04 1.1541E-05 2.1265E-04 0.0000E+00 4.4378E-04 2.2345E-04 8.7420E-04 1.1056E-04 1.2101E-03 8.6703E-05 0.0000E+00 0
 0 1.9103E-06 1.0639E-05 1.5560E-04 5.4983E-04 1.0730E-03 1.3804E-03 3.7069E-04 3.9957E-04 6.6497E-04 5.8147E-04 3.3982E-04 4.3766E-04 4.1262E-04 1.9235E-05 1.3532E-04 0.0000E+00 3.5117E-04 2.0073E-04 9.6976E-04 9.5619E-05 1.1842E-03 9.8915E-05 1.8633E-06 0
 0 1.7192E-06 8.6442E-06 1.5419E-04 4.8407E-04 1.0081E-03 1.4364E-03 5.2299E-04 3.9957E-04 7.2816E-04 6.1342E-04 3.0549E-04 5.3614E-04 3.2177E-04 3.8470E-06 1.5079E-04 0.0000E+00 3.9361E-04 2.5754E-04 8.6712E-04 1.1056E-04 1.1279E-03 1.0014E-04 3.7266E-07 0
 0 7.6410E-07 5.3195E-06 1.5250E-04 4.6032E-04 9.1772E-04 1.3911E-03 4.6552E-04 4.8477E-04 6.6798E-04 5.5911E-04 3.2265E-04 5.0696E-04 3.1798E-04 3.8470E-05 1.6239E-04 0.0000E+00 3.5502E-04 1.6664E-04 8.1403E-04 7.1714E-05 1.1452E-03 1.0624E-04 2.2359E-06 0
 0 1.1462E-06 5.9844E-06 1.5103E-04 4.4023E-04 1.0915E-03 1.2656E-03 4.5690E-04 3.9663E-04 6.7701E-04 6.5176E-04 3.2609E-04 5.0331E-04 2.6877E-04 3.8470E-06 1.0826E-04 0.0000E+00 3.2029E-04 1.7422E-04 8.7774E-04 1.0159E-04 1.0023E-03 9.8915E-05 1.8633E-06 0
 0 9.5513E-07 5.9844E-06 1.4802E-04 4.6032E-04 9.4089E-04 1.3403E-03 3.8506E-04 3.3787E-04 6.1984E-04 5.5591E-04 3.9130E-04 4.9602E-04 4.7698E-04 2.6929E-05 1.4305E-04 0.0000E+00 3.3187E-04 1.4013E-04 9.1667E-04 1.1056E-04 1.1019E-03 7.9376E-05 3.7266E-07 0
 0 9.5513E-07 1.1304E-05 1.5073E-04 4.4754E-04 8.0880E-04 1.4044E-03 3.8506E-04 4.0545E-04 6.3188E-04 5.3035E-04 3.9474E-04 4.3402E-04 2.2335E-04 2.3082E-05 1.5465E-04 0.0000E+00 3.1643E-04 1.2498E-04 6.5477E-04 9.2631E-05 1.0066E-03 7.0828E-05 7.4531E-07 0
 0 2.4833E-06 7.3143E-06 1.4571E-04 4.3840E-04 9.5712E-04 1.3216E-03 3.7644E-04 3.6431E-04 6.0179E-04 5.8467E-04 3.1579E-04 4.2672E-04 3.4070E-04 5.0011E-05 1.4692E-04 0.0000E+00 2.3154E-04 1.4013E-04 7.0078E-04 8.0678E-05 1.2058E-03 1.1479E-04 7.4531E-07 0
 0 1.5282E-06 5.3195E-06 1.5053E-04 4.5484E-04 1.0011E-03 1.4578E-03 3.7931E-04 3.7900E-04 6.2285E-04 5.4313E-04 2.5744E-04 4.0849E-04 3.2556E-04 2.6929E-05 1.0826E-04 0.0000E+00 3.6660E-04 1.6286E-04 7.6448E-04 1.0159E-04 1.1105E-03 1.0746E-04 1.1180E-06 0
 0 9.5513E-07 9.9740E-06 1.4730E-04 4.5119E-04 9.4553E-04 1.2923E-03 3.3334E-04 3.4081E-04 6.9506E-04 4.8562E-04 3.1922E-04 3.5013E-04 2.5363E-04 1.5388E-05 1.1212E-04 0.0000E+00 3.0486E-04 1.7801E-04 6.3707E-04 5.6774E-05 1.0088E-03 7.4492E-05 1.4906E-06 0
 0 9.5513E-07 1.0639E-05 1.4554E-04 4.8042E-04 8.8296E-04 1.4017E-03 3.9655E-04 4.0838E-04 6.2586E-04 5.0799E-04 2.0938E-04 3.9754E-04 2.8770E-04 7.6940E-06 1.0439E-04 0.0000E+00 2.0838E-04 1.7422E-04 6.9016E-04 4.7809E-05 1.0781E-03 9.5252E-05 0.0000E+00 0
 0 1.3372E-06 7.3143E-06 1.4825E-04 4.9138E-04 9.1308E-04 1.3163E-03 3.5345E-04 3.4081E-04 5.7771E-04 4.6326E-04 2.4371E-04 4.0119E-04 2.9149E-04 1.1541E-05 1.3532E-04 0.0000E+00 2.1610E-04 1.8558E-04 7.1494E-04 8.0678E-05 1.0478E-03 1.0014E-04 3.7266E-07 0
 0 1.3372E-06 8.6442E-06 1.4079E-04 4.4023E-04 9.7102E-04 1.3617E-03 3.1897E-04 3.7607E-04 5.3258E-04 4.2492E-04 1.8535E-04 4.2308E-04 2.4606E-04 3.0776E-05 1.3532E-04 0.0000E+00 2.4311E-04 1.2498E-04 6.9724E-04 4.7809E-05 1.0196E-03 8.7925E-05 1.1180E-06 0
 0 3.0564E-06 5.3195E-06 1.4069E-04 4.2927E-04 1.0011E-03 1.3003E-03 2.6437E-04 2.8205E-04 5.6267E-04 4.1214E-04 3.1579E-04 2.9907E-04 3.2934E-04 4.2317E-05 1.1212E-04 0.0000E+00 2.3926E-04 1.4392E-04 6.9370E-04 5.9762E-05 9.8283E-04 8.9146E-05 1.4906E-06 0
 0 1.5282E-06 8.6442E-06 1.3985E-04 3.9822E-04 8.7369E-04 1.1481E-03 2.7586E-04 3.0849E-04 5.7170E-04 4.9521E-04 2.5400E-04 4.0484E-04 2.6499E-04 7.6940E-06 8.5059E-05 0.0000E+00 1.9295E-04 1.6286E-04 5.4151E-04 5.6774E-05 1.0694E-03 7.6934E-05 3.7266E-07 0
 0 1.1462E-06 5.9844E-06 1.3972E-04 3.7630E-04 8.5746E-04 1.2415E-03 3.5345E-04 3.2906E-04 5.4462E-04 4.2492E-04 2.1281E-04 3.3919E-04 2.2335E-04 1.9235E-05 9.6658E-05 0.0000E+00 1.5436E-04 1.1741E-04 6.1230E-04 5.3786E-05 1.0434E-03 9.8915E-05 7.4531E-07 0
 0 1.1462E-06 4.6545E-06 1.3856E-04 5.2060E-04 8.7137E-04 1.1401E-03 3.5345E-04 3.7900E-04 5.1754E-04 4.6645E-04 1.9565E-04 3.2460E-04 2.4227E-04 7.6940E-06 1.0439E-04 0.0000E+00 2.3540E-04 1.0226E-04 6.2291E-04 8.3666E-05 8.8974E-04 9.5252E-05 1.4906E-06 0
 0 1.5282E-06 1.0639E-05 1.4410E-04 4.4571E-04 8.8527E-04 1.1748E-03 3.7069E-04 3.3199E-04 5.0249E-04 3.7700E-04 1.9565E-04 2.8813E-04 2.3470E-04 2.3082E-05 6.9594E-05 0.0000E+00 2.0452E-04 7.1960E-05 6.1584E-04 8.9643E-05 9.9798E-04 7.4492E-05 1.1180E-06 0
 0 2.1013E-06 2.6597E-06 1.3870E-04 4.6763E-04 8.5051E-04 1.2362E-03 4.2816E-04 3.4375E-04 4.7541E-04 4.6645E-04 2.4027E-04 2.6260E-04 2.8770E-04 3.8470E-06 8.1193E-05 0.0000E+00 2.1996E-04 1.4771E-04 7.0432E-04 8.3666E-05 8.9840E-04 8.6703E-05 3.7266E-07 0
 0 2.6744E-06 6.6494E-06 1.3781E-04 4.2014E-04 7.8099E-04 1.2789E-03 2.5288E-04 2.3210E-04 5.7471E-04 3.8019E-04 1.5103E-04 2.8813E-04 1.6656E-04 1.1541E-05 1.0439E-04 0.0000E+00 1.9681E-04 1.2120E-04 5.5921E-04 4.1833E-05 1.0175E-03 8.3040E-05 3.7266E-07 0
 0 1.7192E-06 9.3091E-06 1.3552E-04 4.4206E-04 7.3000E-04 1.0974E-03 2.6150E-04 3.1437E-04 4.3930E-04 4.7923E-04 1.5446E-04 3.1731E-04 2.3092E-04 1.1541E-05 8.5059E-05 0.0000E+00 1.5436E-04 4.5448E-05 4.9904E-04 3.8845E-05 9.2654E-04 7.5713E-05 1.4906E-06 0
 0 9.5513E-07 1.1969E-05 1.3314E-04 3.7812E-04 8.1112E-04 1.1267E-03 3.2471E-04 2.4385E-04 5.4161E-04 4.2812E-04 1.4073E-04 2.6989E-04 2.8770E-04 0.0000E+00 6.1861E-05 0.0000E+00 1.6208E-04 9.0896E-05 5.7336E-04 4.7809E-05 9.6334E-04 9.7694E-05 1.1180E-06 0
 0 1.1462E-06 7.9792E-06 1.3833E-04 3.7082E-04 7.8562E-04 9.2648E-04 2.7299E-04 2.7911E-04 4.4833E-04 4.3770E-04 1.7506E-04 3.3919E-04 2.0820E-04 1.5388E-05 8.8925E-05 0.0000E+00 1.6594E-04 1.0983E-04 5.2735E-04 7.1714E-05 9.6984E-04 9.0367E-05 7.4531E-07 0
 0 9.5513E-07 7.3143E-06 1.3403E-04 4.4206E-04 8.4124E-04 1.1748E-03 2.7874E-04 2.2035E-04 4.4231E-04 2.9393E-04 1.7162E-04 2.5530E-04 2.2713E-04 3.8470E-06 7.7326E-05 0.0000E+00 2.0067E-04 1.0983E-04 5.3443E-04 3.8845E-05 9.7633E-04 9.5252E-05 3.7266E-07 0
 0 1.9103E-06 2.6597E-06 1.3756E-04 4.2196E-04 8.4356E-04 1.0947E-03 2.5288E-04 3.5256E-04 4.3630E-04 3.5144E-04 1.4416E-04 2.2613E-04 1.9306E-04 3.8470E-06 7.3460E-05 0.0000E+00 1.6208E-04 1.2120E-04 5.4151E-04 3.8845E-05 9.3953E-04 9.6473E-05 1.4906E-06 0
 0 9.5513E-07 4.6545E-06 1.3232E-04 4.2744E-04 8.7832E-04 1.1534E-03 2.5575E-04 2.4092E-04 4.9647E-04 3.0351E-04 8.5812E-05 2.2977E-04 1.7413E-04 3.8470E-06 5.7995E-05 0.0000E+00 1.2735E-04 1.2120E-04 4.7072E-04 4.4821E-05 9.6767E-04 7.2049E-05 0.0000E+00 0
 0 1.3372E-06 7.3143E-06 1.3423E-04 4.1648E-04 7.5781E-04 1.1881E-03 2.7586E-04 2.1741E-04 3.3098E-04 4.1853E-04 1.1670E-04 2.1883E-04 1.7035E-04 2.3082E-05 5.4129E-05 0.0000E+00 1.4664E-04 5.3023E-05 4.1410E-04 3.5857E-05 9.5468E-04 8.0597E-05 3.7266E-07 0
 0 2.1013E-06 5.9844E-06 1.3247E-04 3.8178E-04 7.6708E-04 1.2122E-03 2.7299E-04 2.0272E-04 3.8514E-04 3.2268E-04 1.4073E-04 2.0424E-04 1.4764E-04 2.6929E-05 5.7995E-05 0.0000E+00 1.2735E-04 5.3023E-05 5.9814E-04 2.3905E-05 8.5727E-04 7.5713E-05 0.0000E+00 0
 0 1.3372E-06 3.9896E-06 1.3177E-04 3.7447E-04 7.8331E-04 1.0760E-03 3.1897E-04 1.9685E-04 4.2125E-04 3.7061E-04 1.4760E-04 2.9542E-04 2.8392E-04 0.0000E+00 3.4797E-05 0.0000E+00 1.3506E-04 4.5448E-05 4.8488E-04 6.5738E-05 9.3736E-04 6.9607E-05 3.7266E-07 0
 0 1.1462E-06 7.9792E-06 1.2385E-04 3.9639E-04 7.7867E-04 9.9323E-04 2.3563E-04 2.0566E-04 3.9718E-04 2.8754E-04 1.0297E-04 2.7719E-04 1.0978E-04 3.8470E-06 4.2530E-05 0.0000E+00 1.6594E-04 4.9236E-05 5.2381E-04 5.0797E-05 8.9840E-04 9.0367E-05 3.7266E-07 0
 0 1.9103E-06 1.9948E-06 1.3232E-04 3.9822E-04 7.7867E-04 1.0119E-03 2.4713E-04 1.8803E-04 3.0992E-04 2.4920E-04 1.4073E-04 2.4072E-04 1.4764E-04 1.1541E-05 6.9594E-05 0.0000E+00 1.8523E-04 5.6810E-05 4.6719E-04 7.4702E-05 7.9449E-04 9.0367E-05 0.0000E+00 0
 0 5.7308E-07 1.9948E-06 1.3073E-04 4.0004E-04 8.1112E-04 9.3716E-04 2.2127E-04 2.3504E-04 4.3329E-04 3.4824E-04 1.7162E-04 1.9695E-04 1.6278E-04 7.6940E-06 5.7995E-05 0.0000E+00 1.8137E-04 5.6810E-05 3.8932E-04 3.8845E-05 9.1788E-04 7.9376E-05 3.7266E-07 0
 0 5.7308E-07 3.9896E-06 1.3224E-04 4.3840E-04 5.9096E-04 9.8789E-04 2.8448E-04 2.4092E-04 4.1523E-04 3.1629E-04 1.5789E-04 2.0789E-04 1.7413E-04 0.0000E+00 6.9594E-05 0.0000E+00 1.2349E-04 9.0896E-05 4.9196E-04 2.6893E-05 8.6160E-04 1.0624E-04 1.1180E-06 0
 0 3.8205E-07 5.3195E-06 1.2780E-04 4.3475E-04 8.5051E-04 1.0893E-03 2.2127E-04 1.4396E-04 3.9417E-04 4.0256E-04 1.7506E-04 2.0424E-04 1.1357E-04 1.5388E-05 5.0262E-05 0.0000E+00 1.0033E-04 4.5448E-05 4.3887E-04 2.3905E-05 8.6593E-04 7.6934E-05 7.4531E-07 0
 0 7.6410E-07 8.6442E-06 1.2476E-04 4.1831E-04 7.4854E-04 9.7721E-04 1.5517E-04 1.7628E-04 3.6709E-04 2.5240E-04 1.4073E-04 2.4436E-04 1.6656E-04 1.1541E-05 5.0262E-05 0.0000E+00 1.5436E-04 5.3023E-05 4.3533E-04 2.9881E-05 8.8108E-04 7.4492E-05 3.7266E-07 0
 0 1.5282E-06 7.9792E-06 1.2795E-04 3.1054E-04 6.7670E-04 9.0245E-04 2.0977E-04 1.6453E-04 3.1895E-04 3.4505E-04 9.2677E-05 1.6777E-04 1.0978E-04 3.8470E-06 3.4797E-05 0.0000E+00 1.3892E-04 6.0598E-05 3.1146E-04 2.6893E-05 8.7891E-04 8.0597E-05 2.6086E-06 0
 0 9.5513E-07 3.3247E-06 1.3063E-04 3.3794E-04 7.8331E-04 9.3449E-04 1.9253E-04 1.2340E-04 3.1895E-04 2.4601E-04 8.2380E-05 2.0060E-04 1.5521E-04 0.0000E+00 5.7995E-05 0.0000E+00 9.6474E-05 1.0983E-04 3.8578E-04 2.9881E-05 9.0273E-04 6.5943E-05 0.0000E+00 0
 0 1.1462E-06 7.9792E-06 1.2869E-04 3.4890E-04 7.9721E-04 9.0245E-04 2.0115E-04 1.6747E-04 3.3399E-04 3.3227E-04 1.1327E-04 1.1306E-04 1.2492E-04 0.0000E+00 5.0262E-05 0.0000E+00 8.4897E-05 4.9236E-05 3.3977E-04 2.6893E-05 8.2696E-04 8.0597E-05 0.0000E+00 0
 0 1.3372E-06 7.9792E-06 1.2444E-04 3.9274E-04 7.2073E-04 1.0386E-03 2.2989E-04 1.5571E-04 3.3098E-04 3.7380E-04 1.4073E-04 1.7871E-04 1.1735E-04 0.0000E+00 4.2530E-05 0.0000E+00 1.5822E-04 2.6511E-05 3.1854E-04 4.4821E-05 9.0706E-04 8.7925E-05 0.0000E+00 0
 0 5.7308E-07 2.6597E-06 1.2039E-04 3.6534E-04 6.7438E-04 8.7041E-04 2.0402E-04 2.3798E-04 3.2797E-04 2.3003E-04 1.2357E-04 1.6412E-04 8.7067E-05 0.0000E+00 5.7995E-05 0.0000E+00 1.0033E-04 5.6810E-05 2.9022E-04 2.3905E-05 8.9840E-04 9.4030E-05 7.4531E-07 0
 0 5.7308E-07 1.3299E-06 1.2531E-04 3.3246E-04 7.8562E-04 1.0279E-03 1.9253E-04 1.8803E-04 3.1293E-04 3.3546E-04 1.5789E-04 1.7142E-04 6.8140E-05 1.1541E-05 2.3198E-05 0.0000E+00 1.3892E-04 3.0299E-05 3.1146E-04 1.7929E-05 8.2912E-04 9.0367E-05 7.4531E-07 0
 0 3.8205E-07 5.9844E-06 1.2208E-04 3.9639E-04 6.6048E-04 9.6653E-04 1.6954E-04 1.2927E-04 3.2797E-04 2.5879E-04 1.0984E-04 2.0789E-04 9.4638E-05 0.0000E+00 4.2530E-05 0.0000E+00 8.4897E-05 2.6511E-05 4.6365E-04 2.3905E-05 8.5727E-04 7.8155E-05 3.7266E-07 0
 0 3.8205E-07 4.6545E-06 1.2134E-04 3.5620E-04 6.7207E-04 9.2381E-04 1.8391E-04 1.5571E-04 3.0691E-04 2.7476E-04 6.1785E-05 1.6048E-04 6.0569E-05 0.0000E+00 1.5465E-05 0.0000E+00 1.0033E-04 3.0299E-05 3.2207E-04 2.3905E-05 8.2479E-04 8.4261E-05 3.7266E-07 0
 0 7.6410E-07 4.6545E-06 1.1962E-04 3.9456E-04 7.2537E-04 1.0199E-03 1.4943E-04 1.7040E-04 2.4974E-04 3.1310E-04 8.2380E-05 1.8965E-04 9.4638E-05 0.0000E+00 5.7995E-05 0.0000E+00 1.0805E-04 1.8937E-05 3.8932E-04 3.5857E-05 8.4211E-04 1.0746E-04 3.7266E-07 0
 0 3.8205E-07 5.3195E-06 1.1751E-04 3.4342E-04 6.7207E-04 9.7988E-04 1.7241E-04 1.3515E-04 2.1363E-04 2.5559E-04 1.3387E-04 1.4589E-04 7.5711E-05 0.0000E+00 4.6396E-05 0.0000E+00 1.0805E-04 2.2724E-05 3.4685E-04 1.1952E-05 8.1613E-04 7.3270E-05 0.0000E+00 0
 0 3.8205E-07 5.3195E-06 1.2131E-04 3.8360E-04 6.5353E-04 9.0779E-04 1.4943E-04 9.9892E-05 1.8956E-04 2.9074E-04 8.9245E-05 1.5318E-04 6.8140E-05 0.0000E+00 2.3198E-05 0.0000E+00 6.5602E-05 2.6511E-05 2.8314E-04 3.8845E-05 8.3345E-04 7.3270E-05 7.4531E-07 0
 0 7.6410E-07 2.6597E-06 1.1868E-04 3.3611E-04 7.0219E-04 8.5706E-04 1.5805E-04 1.6159E-04 2.7682E-04 2.2684E-04 8.9245E-05 1.0577E-04 8.3282E-05 0.0000E+00 3.8663E-05 0.0000E+00 1.0033E-04 4.1661E-05 3.3269E-04 5.9762E-06 8.0748E-04 5.6174E-05 7.4531E-07 0
 0 9.5513E-07 5.3195E-06 1.1977E-04 3.4159E-04 6.9524E-04 8.3837E-04 2.1265E-04 1.5571E-04 2.1664E-04 2.0128E-04 1.2357E-04 1.5318E-04 6.4354E-05 0.0000E+00 3.0931E-05 0.0000E+00 6.9461E-05 4.5448E-05 2.7252E-04 3.2869E-05 7.8150E-04 6.9607E-05 0.0000E+00 0
 0 2.6744E-06 3.3247E-06 1.1935E-04 3.1054E-04 6.4657E-04 7.5560E-04 1.5230E-04 1.3221E-04 3.3399E-04 2.0128E-04 5.8352E-05 1.1306E-04 1.2114E-04 0.0000E+00 2.7064E-05 0.0000E+00 8.8756E-05 6.8172E-05 3.3269E-04 5.9762E-06 8.8757E-04 6.5943E-05 0.0000E+00 0
 0 7.6410E-07 9.3091E-06 1.1733E-04 3.5620E-04 5.9327E-04 9.1313E-04 1.5230E-04 7.3450E-05 2.5275E-04 2.4601E-04 5.4920E-05 1.2765E-04 9.8424E-05 0.0000E+00 1.9332E-05 0.0000E+00 7.3320E-05 1.8937E-05 2.9376E-04 2.6893E-05 7.4903E-04 9.4030E-05 7.4531E-07 0
 0 9.5513E-07 9.9740E-06 1.1450E-04 3.1419E-04 7.3232E-04 1.0199E-03 1.4943E-04 1.4690E-04 2.7381E-04 2.5240E-04 8.2380E-05 1.3130E-04 6.0569E-05 3.8470E-06 3.8663E-05 0.0000E+00 1.0805E-04 2.6511E-05 2.8668E-04 8.9643E-06 7.5552E-04 7.0828E-05 3.7266E-07 0
 0 7.6410E-07 5.9844E-06 1.1420E-04 3.7264E-04 6.6280E-04 8.7575E-04 1.3218E-04 8.8140E-05 2.3771E-04 1.9489E-04 6.8650E-05 1.3130E-04 7.1925E-05 3.8470E-06 3.0931E-05 0.0000E+00 6.5602E-05 1.8937E-05 2.8668E-04 5.9762E-06 7.7500E-04 6.7165E-05 0.0000E+00 0
 0 1.1462E-06 7.3143E-06 1.1323E-04 2.8496E-04 7.1378E-04 8.5973E-04 1.6954E-04 1.2633E-04 2.7080E-04 1.8850E-04 8.5812E-05 7.2944E-05 3.0284E-05 3.8470E-06 2.3198E-05 0.0000E+00 4.2449E-05 1.8937E-05 2.7606E-04 1.1952E-05 7.1655E-04 7.5713E-05 0.0000E+00 0
 0 1.5282E-06 3.9896E-06 1.1607E-04 3.0140E-04 6.3962E-04 7.7696E-04 1.1494E-04 1.5278E-04 2.4071E-04 1.4377E-04 6.8650E-05 1.2036E-04 7.9496E-05 1.1541E-05 1.9332E-05 0.0000E+00 8.8756E-05 3.0299E-05 2.0882E-04 8.9643E-06 7.9882E-04 1.0136E-04 0.0000E+00 0
 0 7.6410E-07 1.9948E-06 1.1520E-04 3.4707E-04 6.5816E-04 7.4492E-04 1.4368E-04 8.5202E-05 2.2868E-04 1.3738E-04 1.2700E-04 9.1180E-05 5.6783E-05 0.0000E+00 2.3198E-05 0.0000E+00 8.4897E-05 3.7874E-05 1.9112E-04 3.2869E-05 7.7500E-04 6.4722E-05 3.7266E-07 0
 0 9.5513E-07 5.3195E-06 1.1589E-04 2.7035E-04 6.3267E-04 7.6361E-04 1.5805E-04 9.9892E-05 2.5877E-04 2.2045E-04 1.0641E-04 9.8474E-05 7.9496E-05 0.0000E+00 1.5465E-05 0.0000E+00 3.0872E-05 2.6511E-05 2.9022E-04 2.9881E-05 7.8799E-04 8.9146E-05 7.4531E-07 0
 0 2.1013E-06 7.9792E-06 1.1197E-04 3.1419E-04 6.3035E-04 7.2623E-04 1.2069E-04 9.1078E-05 1.8054E-04 1.9169E-04 7.2082E-05 1.0577E-04 5.2997E-05 0.0000E+00 2.3198E-05 0.0000E+00 6.9461E-05 4.5448E-05 2.4775E-04 1.7929E-05 6.4078E-04 8.3040E-05 3.7266E-07 0
 0 3.8205E-07 3.3247E-06 1.0926E-04 3.1602E-04 6.9524E-04 8.8109E-04 1.3506E-04 7.6388E-05 2.4974E-04 1.4697E-04 5.4920E-05 8.3886E-05 9.0853E-05 0.0000E+00 1.1599E-05 0.0000E+00 3.0872E-05 4.5448E-05 2.0174E-04 5.9762E-06 7.1439E-04 7.2049E-05 0.0000E+00 0
 0 1.5282E-06 4.6545E-06 1.1000E-04 2.8862E-04 5.6315E-04 7.0487E-04 1.3218E-04 1.0283E-04 2.1063E-04 1.8211E-04 9.2677E-05 6.2002E-05 6.0569E-05 0.0000E+00 1.5465E-05 0.0000E+00 4.2449E-05 2.2724E-05 3.0438E-04 1.7929E-05 6.1481E-04 6.2280E-05 7.4531E-07 0
 0 1.5282E-06 3.3247E-06 1.1492E-04 3.0688E-04 5.3302E-04 7.1555E-04 8.3334E-05 9.1078E-05 1.8655E-04 1.4377E-04 6.5217E-05 7.6591E-05 5.2997E-05 0.0000E+00 3.4797E-05 0.0000E+00 6.5602E-05 2.2724E-05 2.5483E-04 2.9881E-05 6.4944E-04 6.3501E-05 1.1180E-06 0
 0 7.6410E-07 5.3195E-06 1.1075E-04 2.8131E-04 7.0451E-04 7.9832E-04 1.3218E-04 9.6954E-05 1.6248E-04 1.5974E-04 5.4920E-05 9.8474E-05 3.4070E-05 3.8470E-06 1.5465E-05 0.0000E+00 5.4025E-05 1.1362E-05 2.4421E-04 2.3905E-05 7.1439E-04 9.8915E-05 0.0000E+00 0
 0 1.9103E-07 4.6545E-06 1.0948E-04 2.8679E-04 6.7670E-04 7.6094E-04 9.4828E-05 1.1458E-04 2.2868E-04 1.5655E-04 5.1487E-05 9.1180E-05 4.9212E-05 0.0000E+00 1.9332E-05 0.0000E+00 5.0166E-05 7.5747E-06 2.4421E-04 1.1952E-05 7.9882E-04 6.4722E-05 1.4906E-06 0
 0 2.1013E-06 3.3247E-06 1.0978E-04 2.6304E-04 5.2838E-04 7.9031E-04 8.6207E-05 6.1698E-05 1.5646E-04 1.4377E-04 8.2380E-05 6.5650E-05 6.4354E-05 0.0000E+00 2.3198E-05 0.0000E+00 5.0166E-05 2.2724E-05 1.9112E-04 1.7929E-05 7.8150E-04 7.5713E-05 7.4531E-07 0
 0 5.7308E-07 1.9948E-06 1.1000E-04 2.9227E-04 5.8400E-04 6.7817E-04 1.2644E-04 7.6388E-05 1.8956E-04 1.7891E-04 6.5217E-05 1.0212E-04 4.9212E-05 0.0000E+00 7.7326E-06 0.0000E+00 5.7884E-05 2.2724E-05 2.1590E-04 2.9881E-06 7.4686E-04 9.0367E-05 3.7266E-07 0
 0 5.7308E-07 5.9844E-06 1.0991E-04 2.8314E-04 5.5156E-04 6.5681E-04 7.4713E-05 1.1458E-04 1.7753E-04 1.1821E-04 7.2082E-05 1.1306E-04 6.8140E-05 0.0000E+00 3.8663E-05 0.0000E+00 4.2449E-05 1.1362E-05 2.1236E-04 5.9762E-06 6.8408E-04 7.9376E-05 0.0000E+00 0
 0 1.3372E-06 3.9896E-06 1.0737E-04 3.6351E-04 5.2607E-04 7.0754E-04 9.7702E-05 7.9326E-05 1.6549E-04 1.2460E-04 5.4920E-05 7.6591E-05 4.9212E-05 0.0000E+00 7.7326E-06 0.0000E+00 3.4731E-05 2.6511E-05 2.5483E-04 1.1952E-05 6.2780E-04 7.4492E-05 7.4531E-07 0
 0 9.5513E-07 3.9896E-06 1.0663E-04 3.0140E-04 5.9559E-04 6.5147E-04 8.0460E-05 6.1698E-05 2.0160E-04 1.6933E-04 4.4622E-05 7.2944E-05 7.5711E-05 1.1541E-05 3.8663E-06 0.0000E+00 2.7013E-05 7.5747E-06 1.9466E-04 2.0917E-05 6.3862E-04 7.3270E-05 1.4906E-06 0
 0 3.8205E-07 2.6597E-06 1.0531E-04 3.2880E-04 5.8169E-04 6.7283E-04 1.0058E-04 9.4016E-05 1.6248E-04 1.6294E-04 7.5515E-05 5.8355E-05 7.9496E-05 0.0000E+00 7.7326E-06 0.0000E+00 4.6307E-05 1.1362E-05 1.5573E-04 3.5857E-05 7.1439E-04 9.2809E-05 3.7266E-07 0
 0 5.7308E-07 3.9896E-06 1.0680E-04 3.4890E-04 5.2143E-04 7.0220E-04 6.8966E-05 7.9326E-05 1.1434E-04 1.5974E-04 3.7757E-05 8.3886E-05 3.7855E-05 0.0000E+00 1.9332E-05 0.0000E+00 6.5602E-05 7.5747E-06 7.7864E-05 2.3905E-05 6.6027E-04 6.8386E-05 0.0000E+00 0
 0 3.8205E-07 5.9844E-06 1.0690E-04 2.5025E-04 6.4657E-04 7.9565E-04 1.3793E-04 7.9326E-05 1.2337E-04 9.9042E-05 5.4920E-05 8.0238E-05 4.1641E-05 0.0000E+00 3.8663E-06 0.0000E+00 6.1743E-05 1.5149E-05 1.6281E-04 2.9881E-06 6.0831E-04 9.2809E-05 7.4531E-07 0
 0 5.7308E-07 5.3195E-06 1.0195E-04 2.8679E-04 5.4229E-04 7.4492E-04 8.9081E-05 4.7008E-05 1.7452E-04 1.6613E-04 4.1190E-05 4.0119E-05 3.4070E-05 0.0000E+00 3.8663E-06 0.0000E+00 3.8590E-05 7.5747E-06 2.0882E-04 0.0000E+00 7.4686E-04 7.3270E-05 0.0000E+00 0
 0 7.6410E-07 2.6597E-06 1.0354E-04 2.8131E-04 6.4889E-04 5.9807E-04 8.9081E-05 6.7574E-05 1.2638E-04 9.2652E-05 3.0892E-05 6.2002E-05 4.9212E-05 0.0000E+00 3.8663E-06 0.0000E+00 8.4897E-05 3.7874E-06 1.5927E-04 1.7929E-05 6.4511E-04 7.4492E-05 7.4531E-07 0
 0 1.5282E-06 4.6545E-06 1.0225E-04 2.7400E-04 5.8632E-04 5.9006E-04 1.2931E-04 5.2884E-05 1.4142E-04 1.4058E-04 3.7757E-05 4.7414E-05 5.6783E-05 3.8470E-06 3.8663E-06 0.0000E+00 1.5436E-05 0.0000E+00 2.3005E-04 2.9881E-06 6.1697E-04 9.6473E-05 0.0000E+00 0
 0 1.3372E-06 3.9896E-06 1.0310E-04 2.9227E-04 6.0254E-04 6.9152E-04 7.7587E-05 9.1078E-05 1.8956E-04 1.6294E-04 1.3730E-05 8.0238E-05 5.2997E-05 0.0000E+00 3.8663E-06 0.0000E+00 4.2449E-05 7.5747E-06 1.8404E-04 2.9881E-06 5.6718E-04 7.3270E-05 3.7266E-07 0
 0 3.8205E-07 3.3247E-06 1.0317E-04 2.6304E-04 4.9362E-04 6.5948E-04 6.8966E-05 8.5202E-05 1.8655E-04 1.3738E-04 3.7757E-05 1.1671E-04 3.0284E-05 0.0000E+00 7.7326E-06 0.0000E+00 7.3320E-05 3.7874E-06 1.9466E-04 1.4940E-05 5.7368E-04 9.1588E-05 3.7266E-07 0
 0 5.7308E-07 1.3299E-06 1.0444E-04 2.6304E-04 6.4657E-04 6.4346E-04 1.0632E-04 4.9946E-05 1.4443E-04 1.0543E-04 7.2082E-05 4.0119E-05 1.1357E-05 0.0000E+00 7.7326E-06 0.0000E+00 3.4731E-05 1.8937E-05 2.2297E-04 2.3905E-05 6.3213E-04 8.9146E-05 0.0000E+00 0
 0 9.5513E-07 2.6597E-06 1.0377E-04 2.7218E-04 6.0023E-04 6.8885E-04 1.0920E-04 6.7574E-05 1.3540E-04 9.2652E-05 4.4622E-05 6.5650E-05 3.0284E-05 0.0000E+00 1.9332E-05 0.0000E+00 7.3320E-05 7.5747E-06 1.6281E-04 1.1952E-05 6.6893E-04 8.7925E-05 3.7266E-07 0
 0 7.6410E-07 1.3299E-06 1.0272E-04 2.1372E-04 4.8899E-04 6.3812E-04 1.0920E-04 7.9326E-05 1.4443E-04 7.9872E-05 4.8055E-05 6.2002E-05 3.4070E-05 0.0000E+00 7.7326E-06 0.0000E+00 2.7013E-05 7.5747E-06 1.3095E-04 0.0000E+00 5.8450E-04 5.9838E-05 0.0000E+00 0
 0 0.0000E+00 4.6545E-06 1.0024E-04 2.5939E-04 5.0057E-04 4.9928E-04 8.0460E-05 6.4636E-05 1.4744E-04 1.5016E-04 1.0297E-05 3.6472E-05 4.5426E-05 0.0000E+00 7.7326E-06 0.0000E+00 1.9295E-05 1.8937E-05 9.5561E-05 5.9762E-06 5.8666E-04 6.4722E-05 1.8633E-06 0
 0 9.5513E-07 1.3299E-06 1.0315E-04 3.2332E-04 5.5851E-04 6.0608E-04 6.6092E-05 3.2318E-05 1.3841E-04 1.0863E-04 4.4622E-05 5.1061E-05 1.5142E-05 0.0000E+00 0.0000E+00 0.0000E+00 6.1743E-05 3.7874E-06 1.3803E-04 2.9881E-06 5.8450E-04 9.0367E-05 3.7266E-07 0
 0 5.7308E-07 4.6545E-06 1.0108E-04 2.6304E-04 5.8400E-04 6.2210E-04 6.8966E-05 4.9946E-05 1.2036E-04 1.2141E-04 3.4325E-05 4.0119E-05 2.6499E-05 0.0000E+00 3.8663E-06 0.0000E+00 2.7013E-05 7.5747E-06 9.9100E-05 2.9881E-06 6.1914E-04 7.8155E-05 1.1180E-06 0
 0 1.1462E-06 2.6597E-06 9.9071E-05 2.4112E-04 4.1483E-04 5.5268E-04 6.3219E-05 6.1698E-05 1.0531E-04 1.2780E-04 1.3730E-05 6.5650E-05 1.8928E-05 0.0000E+00 2.3198E-05 0.0000E+00 4.6307E-05 7.5747E-06 7.7864E-05 8.9643E-06 6.1264E-04 6.2280E-05 3.7266E-07 0
 0 1.3372E-06 7.9792E-06 9.8102E-05 2.6487E-04 4.5654E-04 6.6215E-04 8.6207E-05 5.2884E-05 1.0531E-04 6.7093E-05 1.0297E-05 7.6591E-05 4.1641E-05 0.0000E+00 7.7326E-06 0.0000E+00 2.3154E-05 1.1362E-05 1.2034E-04 1.4940E-05 6.1914E-04 6.9607E-05 3.7266E-07 0
 0 5.7308E-07 2.6597E-06 9.8922E-05 1.9545E-04 4.7740E-04 5.8205E-04 3.7357E-05 3.2318E-05 1.8956E-04 1.2780E-04 1.7162E-05 5.1061E-05 3.7855E-05 0.0000E+00 7.7326E-06 0.0000E+00 3.4731E-05 3.4086E-05 1.5927E-04 1.7929E-05 5.9099E-04 8.4261E-05 1.4906E-06 0
 0 3.8205E-07 1.3299E-06 9.6835E-05 2.3564E-04 4.9130E-04 5.7938E-04 5.7472E-05 4.1132E-05 1.5346E-04 1.3099E-04 2.7460E-05 5.1061E-05 3.0284E-05 0.0000E+00 0.0000E+00 0.0000E+00 1.5436E-05 3.7874E-06 1.1680E-04 5.9762E-06 4.6543E-04 1.1235E-04 3.7266E-07 0
 0 1.5282E-06 3.9896E-06 9.6959E-05 2.3381E-04 4.8899E-04 5.7938E-04 4.0230E-05 3.8194E-05 9.0268E-05 8.6262E-05 4.4622E-05 5.8355E-05 3.7855E-06 0.0000E+00 1.9332E-05 0.0000E+00 2.3154E-05 7.5747E-06 1.6989E-04 5.9762E-06 6.8408E-04 7.4492E-05 0.0000E+00 0
 0 3.8205E-07 3.3247E-06 9.9568E-05 2.0824E-04 5.3070E-04 4.6191E-04 6.3219E-05 4.4070E-05 1.3540E-04 9.9042E-05 6.8650E-06 6.5650E-05 1.8928E-05 0.0000E+00 7.7326E-06 0.0000E+00 1.9295E-05 1.1362E-05 8.1403E-05 2.3905E-05 6.0615E-04 6.9607E-05 0.0000E+00 0
 0 2.8654E-06 1.3299E-06 1.0009E-04 2.0459E-04 5.4924E-04 6.3545E-04 7.4713E-05 3.5256E-05 1.6549E-04 5.7508E-05 3.0892E-05 5.8355E-05 1.5142E-05 0.0000E+00 0.0000E+00 0.0000E+00 4.2449E-05 0.0000E+00 1.5573E-04 1.4940E-05 5.8666E-04 8.3040E-05 0.0000E+00 0
 0 1.7192E-06 1.1304E-05 9.1294E-05 2.1372E-04 4.0092E-04 6.3812E-04 5.7472E-05 5.5822E-05 1.3841E-04 9.2652E-05 1.7162E-05 4.7414E-05 3.0284E-05 0.0000E+00 0.0000E+00 0.0000E+00 4.6307E-05 7.5747E-06 9.9100E-05 0.0000E+00 5.0873E-04 6.9607E-05 3.7266E-07 0
 0 1.1462E-06 1.3299E-06 9.7680E-05 1.9545E-04 5.1680E-04 5.0996E-04 7.7587E-05 4.7008E-05 1.2938E-04 8.3067E-05 4.1190E-05 6.5650E-05 2.2713E-05 0.0000E+00 1.5465E-05 0.0000E+00 2.3154E-05 0.0000E+00 9.9100E-05 8.9643E-06 5.9099E-04 7.9376E-05 0.0000E+00 0
 0 5.7308E-07 1.9948E-06 9.6412E-05 2.4295E-04 4.1715E-04 5.3132E-04 4.8851E-05 2.3504E-05 9.3277E-05 9.5847E-05 6.8650E-06 4.7414E-05 3.0284E-05 0.0000E+00 1.5465E-05 0.0000E+00 2.3154E-05 7.5747E-06 8.8482E-05 5.9762E-06 6.2780E-04 5.1289E-05 3.7266E-07 0
 0 1.9103E-07 4.6545E-06 9.4275E-05 2.5208E-04 4.3568E-04 6.1409E-04 6.0345E-05 3.8194E-05 1.0230E-04 9.2652E-05 2.4027E-05 2.9178E-05 1.5142E-05 0.0000E+00 0.0000E+00 0.0000E+00 7.7179E-06 0.0000E+00 1.3803E-04 0.0000E+00 5.5419E-04 8.3040E-05 7.4531E-07 0
 0 1.3372E-06 3.3247E-06 9.3505E-05 2.6670E-04 4.4264E-04 5.3399E-04 3.4483E-05 4.9946E-05 1.1434E-04 7.9872E-05 3.4325E-06 1.1306E-04 3.4070E-05 0.0000E+00 7.7326E-06 0.0000E+00 4.6307E-05 7.5747E-06 1.0264E-04 1.1952E-05 5.6935E-04 7.4492E-05 1.1180E-06 0
 0 7.6410E-07 6.6494E-07 9.2511E-05 2.3381E-04 4.0788E-04 5.7671E-04 6.3219E-05 3.5256E-05 1.5346E-04 6.7093E-05 1.7162E-05 3.2825E-05 1.8928E-05 0.0000E+00 7.7326E-06 0.0000E+00 1.1577E-05 0.0000E+00 8.4943E-05 8.9643E-06 5.5203E-04 7.4492E-05 3.7266E-07 0
 0 9.5513E-07 3.9896E-06 9.2064E-05 2.4112E-04 4.6118E-04 6.1676E-04 6.0345E-05 4.1132E-05 1.4142E-04 5.4313E-05 2.0595E-05 3.2825E-05 3.4070E-05 0.0000E+00 3.8663E-06 0.0000E+00 1.9295E-05 0.0000E+00 8.1403E-05 0.0000E+00 4.5245E-04 6.5943E-05 0.0000E+00 0
 0 3.8205E-07 1.9948E-06 9.2610E-05 2.2285E-04 4.4264E-04 5.4200E-04 4.8851E-05 2.6442E-05 9.9295E-05 8.9457E-05 1.0297E-05 5.1061E-05 1.1357E-05 0.0000E+00 2.3198E-05 0.0000E+00 1.1577E-05 1.1362E-05 8.8482E-05 5.9762E-06 5.3254E-04 7.5713E-05 7.4531E-07 0
 0 1.9103E-06 2.6597E-06 9.1418E-05 2.4295E-04 4.6813E-04 6.2210E-04 4.0230E-05 8.8140E-06 9.6286E-05 7.6677E-05 2.0595E-05 3.6472E-06 7.5711E-06 0.0000E+00 0.0000E+00 0.0000E+00 1.5436E-05 3.7874E-06 1.0972E-04 2.9881E-06 5.5852E-04 7.5713E-05 0.0000E+00 0
 0 3.8205E-07 5.9844E-06 9.3555E-05 2.4295E-04 4.8667E-04 4.2720E-04 5.1724E-05 2.0566E-05 9.9295E-05 1.0543E-04 2.0595E-05 3.2825E-05 3.7855E-06 0.0000E+00 0.0000E+00 0.0000E+00 2.7013E-05 1.1362E-05 7.7864E-05 2.9881E-06 5.3254E-04 7.0828E-05 0.0000E+00 0
 0 1.3372E-06 4.6545E-06 9.3679E-05 2.4295E-04 4.4032E-04 5.4734E-04 4.8851E-05 5.8760E-06 8.4250E-05 5.4313E-05 3.4325E-06 3.2825E-05 2.2713E-05 0.0000E+00 1.1599E-05 0.0000E+00 1.9295E-05 0.0000E+00 1.0618E-04 5.9762E-06 5.1956E-04 5.7395E-05 3.7266E-07 0
 0 1.3372E-06 1.9948E-06 8.6796E-05 2.4843E-04 4.0092E-04 5.2331E-04 2.2989E-05 2.9380E-05 8.7259E-05 8.3067E-05 1.0297E-05 4.3766E-05 3.7855E-06 0.0000E+00 0.0000E+00 0.0000E+00 2.7013E-05 0.0000E+00 8.1403E-05 5.9762E-06 4.9791E-04 8.6703E-05 0.0000E+00 0
 0 1.5282E-06 5.3195E-06 9.2362E-05 2.1737E-04 3.9629E-04 4.9394E-04 6.3219E-05 4.1132E-05 8.4250E-05 1.0224E-04 2.0595E-05 6.5650E-05 1.5142E-05 0.0000E+00 0.0000E+00 0.0000E+00 4.6307E-05 0.0000E+00 9.2021E-05 8.9643E-06 4.9791E-04 7.6934E-05 7.4531E-07 0
 0 3.8205E-07 5.3195E-06 8.8337E-05 2.2468E-04 3.7080E-04 5.4467E-04 6.0345E-05 8.8140E-06 8.1241E-05 8.9457E-05 3.4325E-05 2.5530E-05 5.6783E-05 0.0000E+00 3.8663E-06 0.0000E+00 1.9295E-05 0.0000E+00 1.0618E-04 2.9881E-06 5.7801E-04 6.3501E-05 0.0000E+00 0
 0 1.7192E-06 5.3195E-06 9.0250E-05 1.9911E-04 4.0324E-04 5.9006E-04 6.0345E-05 2.6442E-05 9.3277E-05 5.4313E-05 1.3730E-05 3.2825E-05 7.5711E-06 0.0000E+00 1.5465E-05 0.0000E+00 1.9295E-05 3.7874E-06 7.7864E-05 0.0000E+00 5.0440E-04 8.4261E-05 0.0000E+00 0
 0 7.6410E-07 4.6545E-06 8.9057E-05 2.1372E-04 4.7972E-04 4.9394E-04 5.1724E-05 4.4070E-05 6.0179E-05 6.3898E-05 1.0297E-05 4.0119E-05 2.2713E-05 0.0000E+00 0.0000E+00 0.0000E+00 3.8590E-05 0.0000E+00 8.1403E-05 0.0000E+00 4.5245E-04 7.3270E-05 0.0000E+00 0
 0 5.7308E-07 3.9896E-06 8.5926E-05 1.8815E-04 4.3568E-04 4.8059E-04 2.8736E-05 1.4690E-05 9.3277E-05 4.1534E-05 1.0297E-05 3.2825E-05 3.7855E-06 0.0000E+00 0.0000E+00 0.0000E+00 7.7179E-06 7.5747E-06 7.7864E-05 5.9762E-06 5.0224E-04 4.8847E-05 3.7266E-07 0
 0 3.8205E-07 3.3247E-06 8.2398E-05 2.4843E-04 4.4032E-04 4.8593E-04 4.8851E-05 1.1752E-05 7.5223E-05 4.1534E-05 3.0892E-05 1.4589E-05 1.5142E-05 0.0000E+00 0.0000E+00 0.0000E+00 2.7013E-05 0.0000E+00 8.1403E-05 0.0000E+00 4.4162E-04 6.5943E-05 0.0000E+00 0
 0 5.7308E-07 3.3247E-06 8.6175E-05 1.9545E-04 4.1251E-04 4.6458E-04 4.0230E-05 8.8140E-06 3.9116E-05 5.4313E-05 0.0000E+00 1.4589E-05 3.7855E-06 0.0000E+00 0.0000E+00 0.0000E+00 1.1577E-05 0.0000E+00 1.0264E-04 8.9643E-06 5.5636E-04 5.3732E-05 0.0000E+00 0
 0 3.8205E-07 4.6545E-06 8.7417E-05 2.0093E-04 4.8667E-04 5.2064E-04 5.7472E-05 4.1132E-05 1.1434E-04 4.1534E-05 6.8650E-06 1.8236E-05 2.2713E-05 0.0000E+00 0.0000E+00 0.0000E+00 2.7013E-05 1.5149E-05 4.9550E-05 0.0000E+00 5.4986E-04 9.6473E-05 0.0000E+00 0
 0 1.9103E-07 6.6494E-06 8.5479E-05 2.0459E-04 4.7276E-04 5.4200E-04 8.0460E-05 2.0566E-05 4.8143E-05 6.3898E-05 1.0297E-05 4.7414E-05 2.6499E-05 0.0000E+00 0.0000E+00 0.0000E+00 3.8590E-06 3.7874E-06 3.5393E-05 5.9762E-06 4.4162E-04 5.8616E-05 3.7266E-07 0
 0 3.8205E-07 9.3091E-06 8.2224E-05 2.0641E-04 3.6153E-04 4.5657E-04 4.8851E-05 1.1752E-05 3.6107E-05 5.7508E-05 1.0297E-05 2.1883E-05 0.0000E+00 0.0000E+00 7.7326E-06 0.0000E+00 1.1577E-05 0.0000E+00 1.2387E-04 0.0000E+00 4.6327E-04 7.6934E-05 3.7266E-07 0
 0 9.5513E-07 2.6597E-06 8.4112E-05 1.8815E-04 4.0092E-04 4.4322E-04 3.7357E-05 2.6442E-05 8.4250E-05 4.7923E-05 2.0595E-05 1.8236E-05 7.5711E-06 0.0000E+00 1.5465E-05 0.0000E+00 2.3154E-05 0.0000E+00 4.6011E-05 0.0000E+00 4.2863E-04 6.5943E-05 7.4531E-07 0
 0 5.7308E-07 2.6597E-06 8.3516E-05 2.1189E-04 3.9165E-04 5.0195E-04 5.4598E-05 1.1752E-05 6.6196E-05 5.4313E-05 3.4325E-06 2.9178E-05 3.7855E-06 0.0000E+00 3.8663E-06 0.0000E+00 3.8590E-06 3.7874E-06 5.3089E-05 0.0000E+00 4.6543E-04 6.9607E-05 0.0000E+00 0
 0 9.5513E-07 2.6597E-06 8.6473E-05 1.9911E-04 3.9629E-04 4.1652E-04 2.8736E-05 1.4690E-05 6.0179E-05 6.3898E-05 3.4325E-06 2.1883E-05 3.7855E-06 0.0000E+00 3.8663E-06 0.0000E+00 3.8590E-06 0.0000E+00 5.6629E-05 8.9643E-06 4.6111E-04 6.8386E-05 0.0000E+00 0
 0 5.7308E-07 4.6545E-06 8.4336E-05 1.8815E-04 3.6848E-04 3.9783E-04 4.3104E-05 2.0566E-05 6.9205E-05 7.9872E-05 0.0000E+00 5.4708E-05 3.7855E-05 0.0000E+00 1.5465E-05 0.0000E+00 7.7179E-06 0.0000E+00 4.2471E-05 0.0000E+00 4.6976E-04 7.4492E-05 1.1180E-06 0
 0 1.3372E-06 3.3247E-06 8.3044E-05 2.1737E-04 3.6616E-04 3.5244E-04 2.8736E-05 1.1752E-05 4.8143E-05 4.4729E-05 0.0000E+00 3.2825E-05 1.8928E-05 0.0000E+00 0.0000E+00 0.0000E+00 1.9295E-05 0.0000E+00 4.6011E-05 5.9762E-06 4.4595E-04 7.8155E-05 0.0000E+00 0
 0 5.7308E-07 3.3247E-06 8.3715E-05 1.9180E-04 4.1251E-04 3.9249E-04 4.8851E-05 2.0566E-05 1.0230E-04 3.1949E-05 0.0000E+00 2.5530E-05 0.0000E+00 0.0000E+00 1.1599E-05 0.0000E+00 7.7179E-06 3.7874E-06 5.3089E-05 0.0000E+00 4.1781E-04 7.9376E-05 0.0000E+00 0
 0 1.7192E-06 4.6545E-06 8.3417E-05 2.5025E-04 3.7775E-04 5.0729E-04 3.7357E-05 2.0566E-05 6.3188E-05 6.0703E-05 0.0000E+00 1.4589E-05 7.5711E-06 0.0000E+00 0.0000E+00 0.0000E+00 1.9295E-05 3.7874E-06 3.8932E-05 0.0000E+00 5.3038E-04 8.7925E-05 0.0000E+00 0
 0 7.6410E-07 6.6494E-06 8.1901E-05 2.0276E-04 4.8899E-04 4.3788E-04 6.0345E-05 1.4690E-05 7.5223E-05 3.8339E-05 6.8650E-06 3.2825E-05 1.5142E-05 0.0000E+00 0.0000E+00 0.0000E+00 0.0000E+00 0.0000E+00 3.5393E-05 0.0000E+00 4.6976E-04 7.2049E-05 7.4531E-07 0
 0 7.6410E-07 6.6494E-07 8.4435E-05 2.1920E-04 3.7775E-04 4.2453E-04 5.4598E-05 8.8140E-06 5.4161E-05 3.1949E-05 3.4325E-05 1.8236E-05 3.7855E-06 0.0000E+00 7.7326E-06 0.0000E+00 7.7179E-06 0.0000E+00 6.7246E-05 5.9762E-06 4.4379E-04 7.4492E-05 0.0000E+00 0
 0 5.7308E-07 4.6545E-06 8.0534E-05 2.5573E-04 3.3603E-04 3.5244E-04 3.4483E-05 1.1752E-05 7.2214E-05 6.7093E-05 1.7162E-05 3.2825E-05 3.7855E-06 0.0000E+00 1.5465E-05 0.0000E+00 3.8590E-06 1.1362E-05 3.1854E-05 0.0000E+00 4.4379E-04 6.2280E-05 3.7266E-07 0
 0 5.7308E-07 2.6597E-06 8.3342E-05 2.1737E-04 4.5886E-04 4.0851E-04 3.4483E-05 1.4690E-05 3.3098E-05 2.2364E-05 3.4325E-06 1.8236E-05 0.0000E+00 0.0000E+00 7.7326E-06 0.0000E+00 1.1577E-05 0.0000E+00 3.5393E-05 2.9881E-06 4.6760E-04 7.9376E-05 3.7266E-07 0
 0 5.7308E-07 2.6597E-06 8.1652E-05 2.0824E-04 3.9629E-04 4.3254E-04 3.4483E-05 2.0566E-05 6.0179E-05 3.1949E-05 1.3730E-05 0.0000E+00 0.0000E+00 0.0000E+00 3.8663E-06 0.0000E+00 7.7179E-06 0.0000E+00 3.5393E-05 5.9762E-06 4.6543E-04 7.2049E-05 0.0000E+00 0
 0 3.8205E-07 3.3247E-06 7.9118E-05 1.9911E-04 3.8702E-04 3.4176E-04 3.7357E-05 2.0566E-05 4.8143E-05 4.1534E-05 0.0000E+00 3.6472E-06 0.0000E+00 0.0000E+00 0.0000E+00 0.0000E+00 3.8590E-06 0.0000E+00 4.2471E-05 0.0000E+00 4.2647E-04 6.7165E-05 1.1180E-06 0
 0 3.8205E-07 6.6494E-06 7.8497E-05 2.2833E-04 4.0092E-04 3.7380E-04 1.1494E-05 1.7628E-05 6.0179E-05 4.7923E-05 6.8650E-06 0.0000E+00 0.0000E+00 0.0000E+00 7.7326E-06 0.0000E+00 1.1577E-05 0.0000E+00 4.9550E-05 0.0000E+00 4.4595E-04 7.9376E-05 3.7266E-07 0
 0 7.6410E-07 6.6494E-07 7.9093E-05 1.7719E-04 3.1286E-04 4.1919E-04 8.6207E-06 2.9380E-06 5.4161E-05 3.1949E-05 1.3730E-05 2.1883E-05 0.0000E+00 0.0000E+00 0.0000E+00 0.0000E+00 1.1577E-05 0.0000E+00 3.8932E-05 2.9881E-06 4.2647E-04 6.3501E-05 0.0000E+00 0
 0 9.5513E-07 4.6545E-06 8.1627E-05 1.6075E-04 4.4495E-04 3.8448E-04 2.5862E-05 5.8760E-06 3.9116E-05 6.3898E-06 0.0000E+00 1.0942E-05 0.0000E+00 0.0000E+00 0.0000E+00 0.0000E+00 3.8590E-06 0.0000E+00 4.2471E-05 8.9643E-06 4.3513E-04 5.3732E-05 0.0000E+00 0
 0 3.8205E-07 2.6597E-06 7.9118E-05 1.6257E-04 4.7740E-04 3.1773E-04 1.4368E-05 5.8760E-06 2.4071E-05 4.7923E-05 0.0000E+00 7.2944E-06 3.7855E-06 0.0000E+00 0.0000E+00 0.0000E+00 1.1577E-05 0.0000E+00 4.9550E-05 0.0000E+00 4.0049E-04 7.8155E-05 3.7266E-07 0
 0 1.3372E-06 3.3247E-06 7.9565E-05 2.0641E-04 3.1518E-04 3.8181E-04 3.1609E-05 1.1752E-05 5.4161E-05 3.5144E-05 2.0595E-05 2.5530E-05 1.5142E-05 0.0000E+00 3.8663E-06 0.0000E+00 1.9295E-05 0.0000E+00 6.0168E-05 0.0000E+00 4.1997E-04 5.9838E-05 0.0000E+00 0
 0 1.9103E-07 1.3299E-06 8.0658E-05 2.0641E-04 3.0359E-04 3.2574E-04 1.4368E-05 8.8140E-06 5.7170E-05 1.2780E-05 6.8650E-06 1.8236E-05 1.5142E-05 0.0000E+00 0.0000E+00 0.0000E+00 0.0000E+00 1.1362E-05 4.6011E-05 0.0000E+00 4.7409E-04 8.3040E-05 0.0000E+00 0
 0 1.5282E-06 1.9948E-06 7.6260E-05 1.6805E-04 3.1054E-04 3.7647E-04 1.7241E-05 2.9380E-06 6.3188E-05 2.5559E-05 6.8650E-06 7.2944E-06 0.0000E+00 0.0000E+00 0.0000E+00 0.0000E+00 1.1577E-05 0.0000E+00 3.1854E-05 0.0000E+00 4.1564E-04 6.9607E-05 3.7266E-07 0
 0 1.9103E-07 4.6545E-06 7.7130E-05 1.8632E-04 3.4762E-04 3.4176E-04 4.5977E-05 0.0000E+00 6.6196E-05 7.6677E-05 3.4325E-06 2.1883E-05 1.5142E-05 0.0000E+00 1.1599E-05 0.0000E+00 1.1577E-05 0.0000E+00 4.9550E-05 0.0000E+00 4.6327E-04 7.2049E-05 0.0000E+00 0
 0 7.6410E-07 5.9844E-06 7.8571E-05 1.8632E-04 3.7080E-04 3.6846E-04 2.0115E-05 5.8760E-06 4.2125E-05 2.8754E-05 6.8650E-06 7.2944E-06 1.1357E-05 0.0000E+00 0.0000E+00 0.0000E+00 1.1577E-05 3.7874E-06 3.8932E-05 0.0000E+00 3.9400E-04 8.5482E-05 0.0000E+00 0
 0 5.7308E-07 4.6545E-06 7.8024E-05 2.1189E-04 3.0822E-04 3.0972E-04 8.6207E-06 8.8140E-06 3.3098E-05 3.8339E-05 0.0000E+00 3.6472E-06 1.5142E-05 0.0000E+00 3.8663E-06 0.0000E+00 0.0000E+00 0.0000E+00 3.5393E-05 0.0000E+00 3.3771E-04 6.1059E-05 1.4906E-06 0
 0 0.0000E+00 3.3247E-06 7.1986E-05 1.8449E-04 3.1749E-04 3.4977E-04 2.5862E-05 1.1752E-05 5.4161E-05 3.1949E-05 3.4325E-06 2.5530E-05 0.0000E+00 0.0000E+00 1.5465E-05 0.0000E+00 7.7179E-06 0.0000E+00 2.1236E-05 0.0000E+00 4.5461E-04 7.6934E-05 0.0000E+00 0
 0 7.6410E-07 6.6494E-07 7.8969E-05 1.4248E-04 3.5689E-04 3.3642E-04 5.4598E-05 0.0000E+00 3.9116E-05 3.5144E-05 3.4325E-06 3.6472E-06 3.7855E-06 0.0000E+00 1.1599E-05 0.0000E+00 3.8590E-06 0.0000E+00 2.1236E-05 5.9762E-06 2.9874E-04 6.1059E-05 0.0000E+00 0
 0 5.7308E-07 2.6597E-06 7.4546E-05 1.8815E-04 3.1981E-04 3.0438E-04 2.8736E-06 8.8140E-06 4.8143E-05 3.1949E-05 0.0000E+00 1.8236E-05 0.0000E+00 0.0000E+00 0.0000E+00 0.0000E+00 0.0000E+00 0.0000E+00 2.4775E-05 2.9881E-06 3.6585E-04 8.0597E-05 1.4906E-06 0
 0 1.9103E-07 1.3299E-06 7.6658E-05 1.5709E-04 3.4530E-04 2.8569E-04 2.2989E-05 0.0000E+00 2.7080E-05 2.5559E-05 6.8650E-06 3.6472E-06 3.7855E-06 0.0000E+00 0.0000E+00 0.0000E+00 0.0000E+00 3.7874E-06 6.0168E-05 2.9881E-06 3.5286E-04 9.1588E-05 3.7266E-07 0
 0 1.1462E-06 1.9948E-06 7.6832E-05 2.0459E-04 2.8737E-04 3.2574E-04 2.0115E-05 0.0000E+00 3.9116E-05 3.8339E-05 0.0000E+00 3.6472E-06 3.7855E-06 0.0000E+00 0.0000E+00 0.0000E+00 7.7179E-06 0.0000E+00 4.6011E-05 0.0000E+00 4.1131E-04 6.2280E-05 7.4531E-07 0
 0 3.8205E-07 2.6597E-06 7.6807E-05 1.6988E-04 3.6153E-04 3.2574E-04 2.8736E-05 1.1752E-05 4.2125E-05 1.9169E-05 1.0297E-05 3.6472E-06 7.5711E-06 0.0000E+00 3.8663E-06 0.0000E+00 0.0000E+00 0.0000E+00 1.7696E-05 0.0000E+00 4.1131E-04 6.9607E-05 1.4906E-06 0
 0 3.8205E-07 1.3299E-06 7.3204E-05 2.1737E-04 3.3140E-04 3.0171E-04 2.0115E-05 5.8760E-06 4.2125E-05 2.8754E-05 0.0000E+00 1.4589E-05 3.7855E-06 0.0000E+00 0.0000E+00 0.0000E+00 3.8590E-06 0.0000E+00 5.6629E-05 0.0000E+00 4.0915E-04 4.2741E-05 0.0000E+00 0
 0 5.7308E-07 2.6597E-06 7.6956E-05 1.8267E-04 3.0591E-04 3.3375E-04 1.1494E-05 0.0000E+00 3.3098E-05 2.2364E-05 2.0595E-05 0.0000E+00 0.0000E+00 0.0000E+00 0.0000E+00 0.0000E+00 1.1577E-05 0.0000E+00 4.9550E-05 0.0000E+00 3.7235E-04 9.0367E-05 0.0000E+00 0
 0 0.0000E+00 2.6597E-06 7.2011E-05 1.3700E-04 3.4762E-04 2.9637E-04 2.0115E-05 5.8760E-06 1.2036E-05 5.1118E-05 1.7162E-05 1.4589E-05 3.7855E-06 0.0000E+00 0.0000E+00 0.0000E+00 7.7179E-06 0.0000E+00 3.5393E-05 0.0000E+00 3.5286E-04 5.1289E-05 3.7266E-07 0
 0 7.6410E-07 3.3247E-06 7.4620E-05 1.5161E-04 2.9200E-04 3.2307E-04 2.2989E-05 8.8140E-06 2.7080E-05 3.1949E-05 0.0000E+00 0.0000E+00 3.7855E-06 0.0000E+00 0.0000E+00 0.0000E+00 0.0000E+00 0.0000E+00 3.5393E-05 0.0000E+00 3.4853E-04 7.0828E-05 0.0000E+00 0
 0 5.7308E-07 2.6597E-06 7.2732E-05 1.5161E-04 3.2445E-04 3.6312E-04 5.7472E-06 2.9380E-06 1.8054E-05 3.5144E-05 0.0000E+00 3.6472E-06 3.7855E-06 0.0000E+00 0.0000E+00 0.0000E+00 3.8590E-06 3.7874E-06 3.5393E-05 8.9643E-06 3.8750E-04 7.3270E-05 7.4531E-07 0
 0 5.7308E-07 3.3247E-06 7.4496E-05 1.3700E-04 3.0359E-04 2.8836E-04 1.1494E-05 0.0000E+00 2.7080E-05 1.5974E-05 0.0000E+00 7.2944E-06 3.7855E-06 0.0000E+00 0.0000E+00 0.0000E+00 3.0872E-05 7.5747E-06 2.4775E-05 2.9881E-06 2.8143E-04 7.9376E-05 0.0000E+00 0
 0 1.1462E-06 1.3299E-06 7.3154E-05 1.3700E-04 3.1054E-04 3.7647E-04 2.0115E-05 2.9380E-06 4.2125E-05 0.0000E+00 0.0000E+00 0.0000E+00 7.5711E-06 0.0000E+00 0.0000E+00 0.0000E+00 1.5436E-05 0.0000E+00 2.8314E-05 5.9762E-06 4.1781E-04 6.9607E-05 7.4531E-07 0
 0 7.6410E-07 3.9896E-06 7.2359E-05 1.8815E-04 3.6848E-04 3.1239E-04 1.1494E-05 2.9380E-06 2.4071E-05 1.9169E-05 0.0000E+00 0.0000E+00 0.0000E+00 0.0000E+00 0.0000E+00 0.0000E+00 3.8590E-06 0.0000E+00 2.1236E-05 0.0000E+00 3.0091E-04 8.3040E-05 7.4531E-07 0
 0 5.7308E-07 1.9948E-06 7.1017E-05 1.6440E-04 3.8470E-04 2.4564E-04 1.1494E-05 0.0000E+00 5.7170E-05 1.5974E-05 0.0000E+00 0.0000E+00 0.0000E+00 0.0000E+00 0.0000E+00 0.0000E+00 7.7179E-06 3.7874E-06 1.7696E-05 0.0000E+00 3.5503E-04 6.1059E-05 3.7266E-07 0
 0 1.3372E-06 1.9948E-06 6.9402E-05 1.3517E-04 3.1981E-04 2.9370E-04 5.7472E-06 2.9380E-06 2.7080E-05 2.2364E-05 0.0000E+00 1.4589E-05 1.1357E-05 0.0000E+00 0.0000E+00 0.0000E+00 1.1577E-05 0.0000E+00 2.1236E-05 0.0000E+00 3.9833E-04 5.4953E-05 0.0000E+00 0
 0 7.6410E-07 1.3299E-06 7.4098E-05 1.7353E-04 2.5956E-04 3.3642E-04 1.7241E-05 2.9380E-06 3.9116E-05 9.5847E-06 1.0297E-05 7.2944E-06 0.0000E+00 0.0000E+00 0.0000E+00 0.0000E+00 0.0000E+00 0.0000E+00 3.8932E-05 0.0000E+00 3.4637E-04 7.8155E-05 0.0000E+00 0
 0 9.5513E-07 5.3195E-06 7.1216E-05 1.7536E-04 2.7346E-04 2.9904E-04 2.5862E-05 0.0000E+00 3.3098E-05 2.2364E-05 1.7162E-05 1.0942E-05 3.7855E-06 0.0000E+00 0.0000E+00 0.0000E+00 0.0000E+00 0.0000E+00 1.7696E-05 8.9643E-06 3.3122E-04 8.4261E-05 7.4531E-07 0
 0 9.5513E-07 2.6597E-06 7.1340E-05 1.5709E-04 2.8273E-04 3.1773E-04 0.0000E+00 2.9380E-06 2.7080E-05 1.5974E-05 0.0000E+00 1.0942E-05 0.0000E+00 0.0000E+00 0.0000E+00 0.0000E+00 3.8590E-06 0.0000E+00 2.4775E-05 0.0000E+00 3.5286E-04 5.9838E-05 0.0000E+00 0
 0 1.9103E-07 1.9948E-06 7.1415E-05 1.2969E-04 3.5689E-04 3.2307E-04 8.6207E-06 2.9380E-06 6.3188E-05 3.1949E-05 0.0000E+00 7.2944E-06 0.0000E+00 0.0000E+00 3.8663E-06 0.0000E+00 3.8590E-06 0.0000E+00 1.7696E-05 0.0000E+00 3.3555E-04 7.6934E-05 0.0000E+00 0
 0 7.6410E-07 2.6597E-06 7.4546E-05 1.5527E-04 3.3603E-04 2.9370E-04 1.7241E-05 5.8760E-06 3.9116E-05 2.8754E-05 3.4325E-06 3.6472E-06 0.0000E+00 0.0000E+00 0.0000E+00 0.0000E+00 7.7179E-06 3.7874E-06 2.8314E-05 0.0000E+00 3.4637E-04 6.9607E-05 0.0000E+00 0
 0 5.7308E-07 1.3299E-06 7.1713E-05 1.2969E-04 2.2479E-04 3.0438E-04 2.0115E-05 0.0000E+00 5.1152E-05 2.5559E-05 0.0000E+00 1.4589E-05 7.5711E-06 0.0000E+00 0.0000E+00 0.0000E+00 7.7179E-06 0.0000E+00 4.9550E-05 2.9881E-06 3.4421E-04 9.5252E-05 7.4531E-07 0
 0 1.9103E-07 5.9844E-06 7.1713E-05 1.6805E-04 3.2676E-04 2.4297E-04 8.6207E-06 5.8760E-06 3.0089E-06 2.8754E-05 3.4325E-06 3.6472E-06 0.0000E+00 0.0000E+00 0.0000E+00 0.0000E+00 7.7179E-06 0.0000E+00 4.6011E-05 0.0000E+00 3.6585E-04 4.8847E-05 2.6086E-06 0
 0 5.7308E-07 2.6597E-06 6.9477E-05 1.4979E-04 3.0822E-04 3.6846E-04 2.8736E-06 2.9380E-06 3.6107E-05 9.5847E-06 0.0000E+00 7.2944E-06 1.1357E-05 0.0000E+00 0.0000E+00 0.0000E+00 3.8590E-06 0.0000E+00 4.9550E-05 0.0000E+00 3.4637E-04 7.2049E-05 3.7266E-07 0
 0 5.7308E-07 6.6494E-07 6.8060E-05 1.5709E-04 3.0359E-04 3.0705E-04 1.1494E-05 0.0000E+00 1.8054E-05 2.2364E-05 0.0000E+00 7.2944E-06 0.0000E+00 0.0000E+00 0.0000E+00 0.0000E+00 0.0000E+00 0.0000E+00 2.8314E-05 0.0000E+00 3.3338E-04 7.3270E-05 3.7266E-07 0
 0 9.5513E-07 5.9844E-06 6.7812E-05 1.2787E-04 3.0359E-04 3.2040E-04 0.0000E+00 0.0000E+00 3.3098E-05 1.9169E-05 0.0000E+00 7.2944E-06 3.7855E-06 0.0000E+00 0.0000E+00 0.0000E+00 0.0000E+00 0.0000E+00 1.0618E-05 0.0000E+00 3.9183E-04 6.7165E-05 3.7266E-07 0
 0 3.8205E-07 5.3195E-06 7.1092E-05 1.6805E-04 3.2213E-04 2.5632E-04 2.0115E-05 0.0000E+00 2.1063E-05 1.9169E-05 0.0000E+00 1.0942E-05 0.0000E+00 0.0000E+00 0.0000E+00 0.0000E+00 0.0000E+00 0.0000E+00 2.1236E-05 0.0000E+00 3.2039E-04 6.3501E-05 3.7266E-07 0
 0 3.8205E-07 4.6545E-06 6.8110E-05 1.4979E-04 3.3603E-04 3.2040E-04 2.8736E-06 0.0000E+00 3.6107E-05 1.9169E-05 0.0000E+00 0.0000E+00 0.0000E+00 0.0000E+00 0.0000E+00 0.0000E+00 3.8590E-06 0.0000E+00 7.0786E-06 5.9762E-06 3.2689E-04 7.5713E-05 0.0000E+00 0
 0 3.8205E-07 3.9896E-06 6.8433E-05 1.3517E-04 2.4565E-04 2.5632E-04 2.5862E-05 1.1752E-05 3.0089E-05 1.5974E-05 0.0000E+00 0.0000E+00 0.0000E+00 0.0000E+00 0.0000E+00 0.0000E+00 3.8590E-06 0.0000E+00 3.1854E-05 0.0000E+00 3.4421E-04 5.3732E-05 0.0000E+00 0
 0 3.8205E-07 1.9948E-06 6.8955E-05 1.7901E-04 2.4102E-04 2.3763E-04 0.0000E+00 0.0000E+00 9.0268E-06 1.9169E-05 0.0000E+00 0.0000E+00 0.0000E+00 0.0000E+00 0.0000E+00 0.0000E+00 0.0000E+00 0.0000E+00 1.0618E-05 0.0000E+00 3.7451E-04 6.5943E-05 3.7266E-07 0
 0 1.3372E-06 3.3247E-06 6.9700E-05 1.7901E-04 2.6651E-04 2.4831E-04 2.0115E-05 0.0000E+00 3.0089E-05 3.1949E-06 0.0000E+00 0.0000E+00 0.0000E+00 0.0000E+00 0.0000E+00 0.0000E+00 3.8590E-06 0.0000E+00 2.1236E-05 0.0000E+00 3.3988E-04 8.1819E-05 0.0000E+00 0
 0 3.8205E-07 5.3195E-06 6.8110E-05 1.1325E-04 2.5956E-04 2.4030E-04 5.7472E-06 2.9380E-06 2.4071E-05 9.5847E-06 0.0000E+00 3.6472E-06 3.7855E-06 0.0000E+00 0.0000E+00 0.0000E+00 0.0000E+00 0.0000E+00 7.0786E-06 0.0000E+00 2.6844E-04 6.2280E-05 0.0000E+00 0
 0 0.0000E+00 1.9948E-06 6.7066E-05 1.3700E-04 2.8737E-04 2.2428E-04 2.0115E-05 0.0000E+00 1.5045E-05 1.2780E-05 0.0000E+00 0.0000E+00 0.0000E+00 0.0000E+00 0.0000E+00 0.0000E+00 3.8590E-06 0.0000E+00 1.0618E-05 0.0000E+00 3.0307E-04 7.3270E-05 3.7266E-07 0
 0 5.7308E-07 5.3195E-06 6.6296E-05 9.3161E-05 3.1054E-04 3.0171E-04 1.7241E-05 0.0000E+00 2.7080E-05 1.2780E-05 6.8650E-06 0.0000E+00 0.0000E+00 0.0000E+00 0.0000E+00 0.0000E+00 7.7179E-06 3.7874E-06 2.8314E-05 0.0000E+00 3.3771E-04 5.0068E-05 0.0000E+00 0
 0 3.8205E-07 1.9948E-06 6.5650E-05 1.5709E-04 2.5956E-04 2.3763E-04 5.7472E-06 0.0000E+00 3.9116E-05 3.1949E-06 0.0000E+00 3.6472E-06 0.0000E+00 0.0000E+00 0.0000E+00 0.0000E+00 0.0000E+00 0.0000E+00 1.7696E-05 1.1952E-05 3.7018E-04 6.2280E-05 0.0000E+00 0
 0 3.8205E-07 1.9948E-06 6.7687E-05 1.1691E-04 2.4102E-04 2.4297E-04 1.4368E-05 0.0000E+00 3.6107E-05 3.1949E-06 0.0000E+00 1.0942E-05 0.0000E+00 0.0000E+00 0.0000E+00 0.0000E+00 0.0000E+00 0.0000E+00 3.1854E-05 5.9762E-06 3.4853E-04 7.2049E-05 3.7266E-07 0
 0 1.9103E-07 3.9896E-06 6.4880E-05 9.3161E-05 2.3406E-04 2.9370E-04 1.1494E-05 0.0000E+00 3.3098E-05 6.3898E-06 0.0000E+00 0.0000E+00 7.5711E-06 0.0000E+00 0.0000E+00 0.0000E+00 0.0000E+00 0.0000E+00 7.0786E-06 0.0000E+00 2.9874E-04 7.8155E-05 3.7266E-07 0
 0 1.9103E-07 1.9948E-06 6.6495E-05 1.4431E-04 2.7578E-04 2.2695E-04 5.7472E-06 0.0000E+00 1.8054E-05 1.9169E-05 0.0000E+00 3.6472E-06 0.0000E+00 0.0000E+00 0.0000E+00 0.0000E+00 3.8590E-06 0.0000E+00 3.5393E-05 0.0000E+00 3.2256E-04 5.3732E-05 0.0000E+00 0
 0 3.8205E-07 6.6494E-07 6.6370E-05 1.3517E-04 3.1286E-04 1.7622E-04 1.1494E-05 0.0000E+00 1.8054E-05 2.2364E-05 0.0000E+00 3.6472E-06 0.0000E+00 0.0000E+00 0.0000E+00 0.0000E+00 0.0000E+00 0.0000E+00 2.4775E-05 0.0000E+00 2.4679E-04 6.5943E-05 0.0000E+00 0
 0 1.5282E-06 5.9844E-06 6.4407E-05 1.1873E-04 2.7578E-04 3.3375E-04 2.2989E-05 0.0000E+00 1.5045E-05 1.2780E-05 0.0000E+00 0.0000E+00 0.0000E+00 0.0000E+00 0.0000E+00 0.0000E+00 0.0000E+00 0.0000E+00 2.1236E-05 2.9881E-06 3.4421E-04 7.0828E-05 0.0000E+00 0
 0 1.1462E-06 0.0000E+00 6.7787E-05 1.4613E-04 2.7578E-04 2.6433E-04 1.1494E-05 0.0000E+00 1.5045E-05 9.5847E-06 0.0000E+00 0.0000E+00 0.0000E+00 0.0000E+00 0.0000E+00 0.0000E+00 3.8590E-06 0.0000E+00 3.5393E-06 2.9881E-06 2.7926E-04 6.1059E-05 0.0000E+00 0
 0 1.9103E-07 4.6545E-06 6.4656E-05 1.7171E-04 2.9432E-04 3.0438E-04 8.6207E-06 2.9380E-06 6.0179E-06 2.8754E-05 0.0000E+00 3.6472E-06 0.0000E+00 0.0000E+00 0.0000E+00 0.0000E+00 0.0000E+00 0.0000E+00 2.1236E-05 0.0000E+00 3.5503E-04 4.7626E-05 0.0000E+00 0
 0 3.8205E-07 0.0000E+00 6.8433E-05 1.2604E-04 3.1054E-04 1.8957E-04 2.8736E-06 0.0000E+00 2.1063E-05 1.9169E-05 0.0000E+00 3.6472E-06 0.0000E+00 0.0000E+00 0.0000E+00 0.0000E+00 0.0000E+00 0.0000E+00 7.0786E-06 0.0000E+00 3.1390E-04 6.9607E-05 7.4531E-07 0
 0 5.7308E-07 3.9896E-06 6.3041E-05 1.2604E-04 2.8737E-04 2.5365E-04 8.6207E-06 0.0000E+00 1.5045E-05 6.3898E-06 0.0000E+00 0.0000E+00 0.0000E+00 0.0000E+00 0.0000E+00 0.0000E+00 0.0000E+00 0.0000E+00 3.5393E-06 5.9762E-06 2.7493E-04 7.0828E-05 0.0000E+00 0
 0 5.7308E-07 7.3143E-06 6.2916E-05 1.2421E-04 2.8041E-04 2.3229E-04 1.1494E-05 0.0000E+00 6.0179E-06 3.8339E-05 0.0000E+00 0.0000E+00 0.0000E+00 0.0000E+00 0.0000E+00 0.0000E+00 0.0000E+00 0.0000E+00 5.3089E-05 0.0000E+00 2.9225E-04 7.5713E-05 0.0000E+00 0
 0 5.7308E-07 6.6494E-06 6.4060E-05 1.0960E-04 3.1286E-04 2.8302E-04 0.0000E+00 0.0000E+00 0.0000E+00 1.9169E-05 0.0000E+00 0.0000E+00 0.0000E+00 0.0000E+00 0.0000E+00 0.0000E+00 0.0000E+00 0.0000E+00 3.5393E-06 2.9881E-06 2.8576E-04 5.6174E-05 3.7266E-07 0
 0 1.1462E-06 3.9896E-06 6.4706E-05 1.4613E-04 2.2943E-04 1.8690E-04 1.4368E-05 0.0000E+00 1.8054E-05 6.3898E-06 0.0000E+00 0.0000E+00 0.0000E+00 0.0000E+00 0.0000E+00 0.0000E+00 0.0000E+00 0.0000E+00 0.0000E+00 8.9643E-06 3.5286E-04 7.8155E-05 0.0000E+00 0
 0 0.0000E+00 3.3247E-06 6.0829E-05 1.0229E-04 2.2248E-04 2.0826E-04 2.8736E-06 0.0000E+00 3.0089E-06 9.5847E-06 0.0000E+00 7.2944E-06 0.0000E+00 0.0000E+00 0.0000E+00 0.0000E+00 0.0000E+00 0.0000E+00 2.1236E-05 0.0000E+00 2.9225E-04 6.4722E-05 0.0000E+00 0
 0 5.7308E-07 3.3247E-06 6.4805E-05 1.2787E-04 2.6187E-04 2.0826E-04 5.7472E-06 0.0000E+00 1.8054E-05 2.2364E-05 0.0000E+00 0.0000E+00 0.0000E+00 0.0000E+00 0.0000E+00 0.0000E+00 0.0000E+00 0.0000E+00 7.0786E-06 0.0000E+00 2.4246E-04 7.2049E-05 0.0000E+00 0
 0 0.0000E+00 1.9948E-06 5.9885E-05 1.4248E-04 3.2445E-04 2.5098E-04 0.0000E+00 0.0000E+00 6.0179E-06 6.3898E-06 1.3730E-05 0.0000E+00 0.0000E+00 0.0000E+00 0.0000E+00 0.0000E+00 0.0000E+00 0.0000E+00 1.7696E-05 0.0000E+00 3.0740E-04 7.5713E-05 0.0000E+00 0
 0 7.6410E-07 1.9948E-06 6.2519E-05 1.5892E-04 2.1552E-04 2.1627E-04 2.8736E-06 0.0000E+00 6.0179E-06 9.5847E-06 6.8650E-06 0.0000E+00 3.7855E-06 0.0000E+00 0.0000E+00 0.0000E+00 0.0000E+00 0.0000E+00 1.4157E-05 5.9762E-06 2.8576E-04 6.7165E-05 1.1180E-06 0
 0 5.7308E-07 6.6494E-07 6.1500E-05 1.2787E-04 2.2479E-04 2.4030E-04 8.6207E-06 0.0000E+00 2.1063E-05 3.1949E-06 6.8650E-06 3.6472E-06 0.0000E+00 0.0000E+00 0.0000E+00 0.0000E+00 7.7179E-06 0.0000E+00 7.0786E-06 0.0000E+00 2.9225E-04 6.9607E-05 0.0000E+00 0
 0 1.3372E-06 1.9948E-06 6.0109E-05 1.1691E-04 2.5492E-04 2.1093E-04 1.1494E-05 0.0000E+00 1.2036E-05 9.5847E-06 0.0000E+00 2.1883E-05 0.0000E+00 0.0000E+00 0.0000E+00 0.0000E+00 0.0000E+00 0.0000E+00 1.0618E-05 2.9881E-06 3.2472E-04 7.0828E-05 1.1180E-06 0
 0 5.7308E-07 1.0639E-05 6.2295E-05 1.2969E-04 2.2016E-04 2.6967E-04 0.0000E+00 0.0000E+00 2.4071E-05 1.2780E-05 0.0000E+00 1.0942E-05 3.7855E-06 0.0000E+00 0.0000E+00 0.0000E+00 7.7179E-06 0.0000E+00 1.4157E-05 0.0000E+00 3.3122E-04 7.5713E-05 0.0000E+00 0
 0 0.0000E+00 1.3299E-06 6.3438E-05 1.2787E-04 1.9235E-04 2.2161E-04 1.1494E-05 0.0000E+00 6.0179E-06 1.2780E-05 0.0000E+00 7.2944E-06 0.0000E+00 0.0000E+00 0.0000E+00 0.0000E+00 0.0000E+00 0.0000E+00 1.7696E-05 0.0000E+00 2.3164E-04 7.6934E-05 1.8633E-06 0
 0 5.7308E-07 1.9948E-06 6.0755E-05 1.3335E-04 2.4565E-04 2.1627E-04 2.8736E-06 0.0000E+00 1.8054E-05 1.2780E-05 0.0000E+00 0.0000E+00 3.7855E-06 0.0000E+00 0.0000E+00 0.0000E+00 0.0000E+00 0.0000E+00 1.4157E-05 0.0000E+00 2.9008E-04 3.7856E-05 0.0000E+00 0
 0 0.0000E+00 3.9896E-06 6.1773E-05 1.2787E-04 2.5029E-04 1.7889E-04 2.8736E-06 0.0000E+00 1.8054E-05 1.2780E-05 0.0000E+00 3.6472E-06 0.0000E+00 0.0000E+00 0.0000E+00 0.0000E+00 0.0000E+00 0.0000E+00 1.7696E-05 0.0000E+00 3.3338E-04 7.4492E-05 7.4531E-07 0
 0 1.9103E-07 1.9948E-06 6.1898E-05 1.2787E-04 2.5029E-04 2.1627E-04 8.6207E-06 0.0000E+00 3.0089E-06 6.3898E-06 0.0000E+00 0.0000E+00 0.0000E+00 0.0000E+00 0.0000E+00 0.0000E+00 0.0000E+00 0.0000E+00 1.4157E-05 0.0000E+00 2.9658E-04 5.2510E-05 0.0000E+00 0
 0 3.8205E-07 2.6597E-06 5.9885E-05 1.2969E-04 2.0626E-04 2.0559E-04 2.8736E-06 0.0000E+00 1.2036E-05 3.1949E-06 0.0000E+00 7.2944E-06 0.0000E+00 0.0000E+00 0.0000E+00 0.0000E+00 0.0000E+00 0.0000E+00 7.0786E-06 0.0000E+00 2.4895E-04 6.5943E-05 0.0000E+00 0
 0 0.0000E+00 3.9896E-06 5.9239E-05 1.0960E-04 2.3638E-04 2.3763E-04 8.6207E-06 0.0000E+00 3.0089E-06 3.1949E-06 0.0000E+00 1.4589E-05 0.0000E+00 0.0000E+00 0.0000E+00 0.0000E+00 0.0000E+00 0.0000E+00 7.0786E-06 0.0000E+00 2.7277E-04 6.8386E-05 0.0000E+00 0
 0 3.8205E-07 3.3247E-06 6.0804E-05 1.0960E-04 2.8273E-04 1.7889E-04 0.0000E+00 0.0000E+00 1.2036E-05 1.9169E-05 0.0000E+00 0.0000E+00 0.0000E+00 0.0000E+00 0.0000E+00 0.0000E+00 0.0000E+00 0.0000E+00 1.4157E-05 0.0000E+00 2.2947E-04 8.5482E-05 7.4531E-07 0
 0 9.5513E-07 3.3247E-06 6.2370E-05 1.0777E-04 2.2943E-04 1.7355E-04 2.8736E-06 0.0000E+00 9.0268E-06 6.3898E-06 0.0000E+00 1.8236E-05 0.0000E+00 0.0000E+00 0.0000E+00 0.0000E+00 0.0000E+00 0.0000E+00 1.4157E-05 0.0000E+00 2.3164E-04 5.9838E-05 0.0000E+00 0
 0 7.6410E-07 1.3299E-06 6.2469E-05 1.2969E-04 2.4333E-04 2.3496E-04 2.8736E-06 0.0000E+00 2.4071E-05 3.1949E-06 0.0000E+00 3.6472E-06 0.0000E+00 0.0000E+00 0.0000E+00 0.0000E+00 0.0000E+00 0.0000E+00 3.1854E-05 0.0000E+00 2.5328E-04 4.8847E-05 1.4906E-06 0
 0 1.9103E-07 6.6494E-07 6.0556E-05 1.2056E-04 2.8505E-04 2.0826E-04 5.7472E-06 0.0000E+00 6.0179E-06 6.3898E-06 1.0297E-05 3.6472E-06 0.0000E+00 0.0000E+00 0.0000E+00 0.0000E+00 0.0000E+00 0.0000E+00 0.0000E+00 0.0000E+00 2.1865E-04 6.9607E-05 0.0000E+00 0
 0 7.6410E-07 3.3247E-06 5.7027E-05 1.2969E-04 2.5956E-04 1.7355E-04 0.0000E+00 0.0000E+00 1.2036E-05 2.5559E-05 0.0000E+00 0.0000E+00 0.0000E+00 0.0000E+00 0.0000E+00 0.0000E+00 3.8590E-06 0.0000E+00 7.0786E-06 0.0000E+00 2.2081E-04 7.6934E-05 0.0000E+00 0
 0 1.1462E-06 3.9896E-06 6.0432E-05 8.5854E-05 2.8041E-04 1.3617E-04 5.7472E-06 0.0000E+00 6.0179E-06 9.5847E-06 0.0000E+00 0.0000E+00 0.0000E+00 0.0000E+00 0.0000E+00 0.0000E+00 0.0000E+00 0.0000E+00 0.0000E+00 0.0000E+00 2.0782E-04 6.4722E-05 0.0000E+00 0
 0 0.0000E+00 1.9948E-06 5.8593E-05 1.0960E-04 1.6918E-04 2.5899E-04 2.8736E-06 0.0000E+00 6.0179E-06 1.2780E-05 0.0000E+00 7.2944E-06 0.0000E+00 0.0000E+00 0.0000E+00 0.0000E+00 0.0000E+00 0.0000E+00 1.4157E-05 2.9881E-06 2.7710E-04 5.4953E-05 3.7266E-07 0
 0 3.8205E-07 2.6597E-06 5.8667E-05 8.5854E-05 1.7613E-04 2.4831E-04 2.8736E-06 0.0000E+00 1.2036E-05 0.0000E+00 0.0000E+00 0.0000E+00 0.0000E+00 0.0000E+00 0.0000E+00 0.0000E+00 0.0000E+00 0.0000E+00 7.0786E-06 0.0000E+00 2.7710E-04 4.6405E-05 0.0000E+00 0
 0 1.9103E-07 1.9948E-06 5.8643E-05 1.5344E-04 2.6187E-04 1.3884E-04 0.0000E+00 0.0000E+00 6.0179E-06 6.3898E-06 0.0000E+00 0.0000E+00 0.0000E+00 0.0000E+00 0.0000E+00 0.0000E+00 0.0000E+00 0.0000E+00 2.1236E-05 0.0000E+00 2.5112E-04 5.6174E-05 7.4531E-07 0
 0 9.5513E-07 3.9896E-06 5.7574E-05 1.5161E-04 2.4333E-04 1.7088E-04 8.6207E-06 0.0000E+00 1.5045E-05 9.5847E-06 0.0000E+00 0.0000E+00 0.0000E+00 0.0000E+00 0.0000E+00 0.0000E+00 0.0000E+00 0.0000E+00 1.0618E-05 0.0000E+00 2.0566E-04 5.4953E-05 0.0000E+00 0
 0 1.9103E-07 7.9792E-06 5.6729E-05 8.0374E-05 2.1089E-04 1.8156E-04 0.0000E+00 0.0000E+00 2.1063E-05 3.1949E-06 0.0000E+00 7.2944E-06 3.7855E-06 0.0000E+00 0.0000E+00 0.0000E+00 0.0000E+00 0.0000E+00 3.5393E-06 2.9881E-06 2.5112E-04 7.0828E-05 0.0000E+00 0
 0 7.6410E-07 1.9948E-06 5.6903E-05 1.3883E-04 2.0162E-04 1.4952E-04 0.0000E+00 0.0000E+00 1.5045E-05 3.1949E-06 0.0000E+00 3.6472E-06 3.7855E-06 0.0000E+00 0.0000E+00 0.0000E+00 0.0000E+00 0.0000E+00 7.0786E-06 0.0000E+00 2.6194E-04 5.6174E-05 0.0000E+00 0
 0 1.9103E-07 6.6494E-07 5.9164E-05 1.1691E-04 2.5260E-04 1.8957E-04 2.8736E-06 0.0000E+00 3.0089E-06 0.0000E+00 0.0000E+00 0.0000E+00 0.0000E+00 0.0000E+00 0.0000E+00 0.0000E+00 0.0000E+00 0.0000E+00 1.4157E-05 0.0000E+00 2.2947E-04 6.9607E-05 7.4531E-07 0
 0 5.7308E-07 3.9896E-06 5.7127E-05 1.5161E-04 1.5991E-04 2.0559E-04 2.8736E-06 0.0000E+00 1.5045E-05 0.0000E+00 0.0000E+00 0.0000E+00 0.0000E+00 0.0000E+00 0.0000E+00 0.0000E+00 0.0000E+00 0.0000E+00 7.0786E-06 0.0000E+00 2.4246E-04 5.6174E-05 0.0000E+00 0
 0 0.0000E+00 5.3195E-06 5.7077E-05 1.2969E-04 1.6454E-04 1.6821E-04 8.6207E-06 0.0000E+00 3.0089E-06 9.5847E-06 0.0000E+00 3.6472E-06 0.0000E+00 0.0000E+00 0.0000E+00 0.0000E+00 0.0000E+00 0.0000E+00 1.0618E-05 0.0000E+00 2.3813E-04 7.6934E-05 0.0000E+00 0
 0 1.9103E-07 1.9948E-06 5.7425E-05 1.2787E-04 1.9235E-04 1.8423E-04 0.0000E+00 0.0000E+00 3.0089E-06 9.5847E-06 0.0000E+00 0.0000E+00 0.0000E+00 0.0000E+00 0.0000E+00 0.0000E+00 7.7179E-06 0.0000E+00 0.0000E+00 0.0000E+00 2.2947E-04 4.8847E-05 0.0000E+00 0
 0 9.5513E-07 2.6597E-06 5.5089E-05 9.6814E-05 2.0857E-04 1.8423E-04 0.0000E+00 0.0000E+00 1.8054E-05 6.3898E-06 0.0000E+00 0.0000E+00 0.0000E+00 0.0000E+00 0.0000E+00 0.0000E+00 0.0000E+00 0.0000E+00 0.0000E+00 0.0000E+00 2.1648E-04 5.2510E-05 0.0000E+00 0
 0 1.9103E-07 1.9948E-06 5.4642E-05 1.1325E-04 1.9930E-04 1.7355E-04 1.4368E-05 0.0000E+00 0.0000E+00 9.5847E-06 0.0000E+00 0.0000E+00 0.0000E+00 0.0000E+00 0.0000E+00 0.0000E+00 0.0000E+00 0.0000E+00 7.0786E-06 0.0000E+00 2.2298E-04 7.5713E-05 0.0000E+00 0
 0 3.8205E-07 5.3195E-06 5.5909E-05 1.1873E-04 2.4102E-04 2.0559E-04 0.0000E+00 0.0000E+00 1.8054E-05 9.5847E-06 0.0000E+00 0.0000E+00 0.0000E+00 0.0000E+00 0.0000E+00 0.0000E+00 3.8590E-06 0.0000E+00 0.0000E+00 0.0000E+00 2.7060E-04 8.0597E-05 0.0000E+00 0
 0 5.7308E-07 1.9948E-06 5.7201E-05 1.0777E-04 1.5295E-04 1.5753E-04 2.8736E-06 0.0000E+00 3.6107E-05 0.0000E+00 0.0000E+00 0.0000E+00 0.0000E+00 0.0000E+00 0.0000E+00 0.0000E+00 0.0000E+00 0.0000E+00 0.0000E+00 0.0000E+00 2.5112E-04 6.7165E-05 0.0000E+00 0
 0 9.5513E-07 0.0000E+00 5.8270E-05 9.4987E-05 2.1784E-04 1.3350E-04 8.6207E-06 0.0000E+00 1.8054E-05 3.1949E-06 0.0000E+00 0.0000E+00 0.0000E+00 0.0000E+00 0.0000E+00 0.0000E+00 3.8590E-06 0.0000E+00 1.0618E-05 0.0000E+00 2.0566E-04 7.5713E-05 0.0000E+00 0
 0 3.8205E-07 1.9948E-06 5.7276E-05 1.2056E-04 2.2248E-04 1.4685E-04 5.7472E-06 0.0000E+00 3.3098E-05 3.1949E-06 0.0000E+00 3.6472E-06 0.0000E+00 0.0000E+00 0.0000E+00 0.0000E+00 0.0000E+00 0.0000E+00 1.4157E-05 0.0000E+00 2.5761E-04 4.8847E-05 0.0000E+00 0
 0 3.8205E-07 2.6597E-06 5.5636E-05 8.7681E-05 2.4333E-04 1.5219E-04 0.0000E+00 0.0000E+00 0.0000E+00 0.0000E+00 0.0000E+00 0.0000E+00 0.0000E+00 0.0000E+00 0.0000E+00 0.0000E+00 0.0000E+00 0.0000E+00 0.0000E+00 0.0000E+00 2.4462E-04 5.4953E-05 3.7266E-07 0
 0 5.7308E-07 3.3247E-06 5.5984E-05 1.1691E-04 2.7810E-04 1.3884E-04 2.8736E-06 0.0000E+00 6.0179E-06 1.5974E-05 0.0000E+00 0.0000E+00 0.0000E+00 0.0000E+00 0.0000E+00 0.0000E+00 0.0000E+00 0.0000E+00 3.5393E-06 0.0000E+00 2.4895E-04 5.2510E-05 0.0000E+00 0
 0 0.0000E+00 3.9896E-06 5.4518E-05 8.5854E-05 2.4102E-04 2.1627E-04 0.0000E+00 0.0000E+00 3.0089E-06 9.5847E-06 0.0000E+00 0.0000E+00 0.0000E+00 0.0000E+00 0.0000E+00 0.0000E+00 0.0000E+00 0.0000E+00 1.7696E-05 0.0000E+00 2.2514E-04 8.7925E-05 0.0000E+00 0
 0 9.5513E-07 1.9948E-06 5.5363E-05 1.0047E-04 2.2479E-04 1.8156E-04 2.8736E-06 0.0000E+00 3.0089E-06 3.1949E-06 0.0000E+00 0.0000E+00 0.0000E+00 0.0000E+00 0.0000E+00 0.0000E+00 0.0000E+00 0.0000E+00 3.5393E-06 0.0000E+00 2.1865E-04 6.2280E-05 0.0000E+00 0
 0 7.6410E-07 4.6545E-06 5.5710E-05 9.6814E-05 2.3175E-04 1.3617E-04 0.0000E+00 0.0000E+00 6.0179E-06 3.1949E-06 0.0000E+00 0.0000E+00 0.0000E+00 0.0000E+00 0.0000E+00 0.0000E+00 0.0000E+00 0.0000E+00 7.0786E-06 0.0000E+00 2.0999E-04 7.2049E-05 0.0000E+00 0
 0 9.5513E-07 6.6494E-07 5.5338E-05 7.4894E-05 1.7613E-04 1.2015E-04 2.8736E-06 0.0000E+00 1.5045E-05 6.3898E-06 0.0000E+00 3.6472E-06 0.0000E+00 0.0000E+00 0.0000E+00 0.0000E+00 0.0000E+00 0.0000E+00 0.0000E+00 0.0000E+00 2.6194E-04 4.6405E-05 0.0000E+00 0
 0 5.7308E-07 6.6494E-06 5.1263E-05 1.1143E-04 2.2711E-04 1.6020E-04 2.8736E-06 0.0000E+00 3.0089E-06 0.0000E+00 0.0000E+00 0.0000E+00 0.0000E+00 0.0000E+00 0.0000E+00 0.0000E+00 0.0000E+00 0.0000E+00 1.4157E-05 0.0000E+00 1.5370E-04 6.5943E-05 7.4531E-07 0
 0 1.9103E-07 1.3299E-06 5.5114E-05 7.3067E-05 1.9699E-04 1.4418E-04 5.7472E-06 0.0000E+00 2.1063E-05 3.1949E-06 0.0000E+00 0.0000E+00 0.0000E+00 0.0000E+00 0.0000E+00 0.0000E+00 0.0000E+00 0.0000E+00 3.5393E-06 0.0000E+00 2.1648E-04 6.5943E-05 0.0000E+00 0
 0 0.0000E+00 1.9948E-06 5.3573E-05 1.2787E-04 2.1784E-04 1.2282E-04 2.8736E-06 0.0000E+00 3.0089E-06 0.0000E+00 0.0000E+00 0.0000E+00 0.0000E+00 0.0000E+00 0.0000E+00 0.0000E+00 0.0000E+00 0.0000E+00 3.5393E-06 0.0000E+00 2.2298E-04 8.4261E-05 0.0000E+00 0
 0 9.5513E-07 2.6597E-06 5.3002E-05 9.8641E-05 1.9235E-04 2.0826E-04 0.0000E+00 0.0000E+00 9.0268E-06 3.1949E-06 0.0000E+00 3.6472E-06 0.0000E+00 0.0000E+00 0.0000E+00 0.0000E+00 0.0000E+00 0.0000E+00 3.5393E-06 0.0000E+00 2.5112E-04 6.1059E-05 0.0000E+00 0
 0 1.1462E-06 6.6494E-07 5.1486E-05 9.8641E-05 1.8308E-04 1.4685E-04 0.0000E+00 0.0000E+00 0.0000E+00 6.3898E-06 0.0000E+00 0.0000E+00 0.0000E+00 0.0000E+00 0.0000E+00 0.0000E+00 0.0000E+00 0.0000E+00 0.0000E+00 0.0000E+00 2.3380E-04 7.0828E-05 0.0000E+00 0
 0 7.6410E-07 5.3195E-06 5.3275E-05 9.6814E-05 1.4832E-04 2.0025E-04 0.0000E+00 0.0000E+00 3.0089E-06 1.5974E-05 0.0000E+00 0.0000E+00 0.0000E+00 0.0000E+00 0.0000E+00 0.0000E+00 3.8590E-06 0.0000E+00 0.0000E+00 0.0000E+00 2.5761E-04 6.7165E-05 2.2359E-06 0
 0 5.7308E-07 1.9948E-06 5.3822E-05 1.1143E-04 1.9235E-04 1.5486E-04 0.0000E+00 0.0000E+00 3.0089E-06 3.1949E-06 0.0000E+00 0.0000E+00 0.0000E+00 0.0000E+00 0.0000E+00 0.0000E+00 0.0000E+00 0.0000E+00 0.0000E+00 0.0000E+00 1.3205E-04 5.0068E-05 3.7266E-07 0
 0 3.8205E-07 1.3299E-06 5.2480E-05 1.0229E-04 1.9930E-04 1.2549E-04 0.0000E+00 0.0000E+00 9.0268E-06 2.5559E-05 0.0000E+00 0.0000E+00 0.0000E+00 0.0000E+00 0.0000E+00 0.0000E+00 0.0000E+00 0.0000E+00 7.0786E-06 0.0000E+00 2.1648E-04 6.3501E-05 0.0000E+00 0
 0 1.9103E-07 5.3195E-06 5.1536E-05 8.5854E-05 1.7613E-04 2.1360E-04 5.7472E-06 0.0000E+00 1.8054E-05 0.0000E+00 0.0000E+00 0.0000E+00 0.0000E+00 0.0000E+00 0.0000E+00 0.0000E+00 0.0000E+00 0.0000E+00 1.4157E-05 0.0000E+00 1.8401E-04 7.5713E-05 0.0000E+00 0
 0 1.9103E-07 5.9844E-06 5.1089E-05 9.3161E-05 2.0626E-04 1.7889E-04 2.8736E-06 0.0000E+00 3.0089E-06 3.1949E-06 0.0000E+00 0.0000E+00 0.0000E+00 0.0000E+00 0.0000E+00 0.0000E+00 0.0000E+00 0.0000E+00 3.5393E-06 0.0000E+00 2.0133E-04 6.4722E-05 0.0000E+00 0
 0 7.6410E-07 3.3247E-06 5.2058E-05 1.3700E-04 2.0857E-04 1.4151E-04 0.0000E+00 0.0000E+00 0.0000E+00 3.1949E-06 0.0000E+00 0.0000E+00 0.0000E+00 0.0000E+00 0.0000E+00 0.0000E+00 0.0000E+00 0.0000E+00 0.0000E+00 0.0000E+00 1.7751E-04 5.4953E-05 0.0000E+00 0
 0 1.9103E-07 6.6494E-07 5.4070E-05 1.0777E-04 1.6454E-04 1.3350E-04 0.0000E+00 0.0000E+00 6.0179E-06 0.0000E+00 0.0000E+00 3.6472E-06 0.0000E+00 0.0000E+00 0.0000E+00 0.0000E+00 0.0000E+00 0.0000E+00 3.5393E-06 0.0000E+00 2.1648E-04 5.3732E-05 0.0000E+00 0
 0 0.0000E+00 3.3247E-06 5.1287E-05 9.6814E-05 1.9235E-04 1.2282E-04 0.0000E+00 0.0000E+00 0.0000E+00 0.0000E+00 0.0000E+00 0.0000E+00 0.0000E+00 0.0000E+00 0.0000E+00 0.0000E+00 0.0000E+00 0.0000E+00 3.5393E-06 0.0000E+00 2.1865E-04 7.3270E-05 3.7266E-07 0
 0 3.8205E-07 6.6494E-07 5.2331E-05 5.2974E-05 1.5064E-04 1.3083E-04 2.8736E-06 0.0000E+00 3.0089E-06 1.2780E-05 0.0000E+00 3.6472E-06 0.0000E+00 0.0000E+00 0.0000E+00 0.0000E+00 3.8590E-06 0.0000E+00 0.0000E+00 0.0000E+00 1.9700E-04 5.7395E-05 3.7266E-07 0
 0 5.7308E-07 1.9948E-06 5.0144E-05 9.6814E-05 1.9467E-04 1.8156E-04 2.8736E-06 0.0000E+00 9.0268E-06 9.5847E-06 0.0000E+00 0.0000E+00 0.0000E+00 0.0000E+00 0.0000E+00 0.0000E+00 0.0000E+00 0.0000E+00 0.0000E+00 0.0000E+00 1.8401E-04 5.4953E-05 0.0000E+00 0
 0 0.0000E+00 3.3247E-06 5.2753E-05 1.0412E-04 2.3638E-04 1.4685E-04 0.0000E+00 0.0000E+00 3.0089E-06 6.3898E-06 0.0000E+00 0.0000E+00 0.0000E+00 0.0000E+00 0.0000E+00 0.0000E+00 0.0000E+00 0.0000E+00 1.4157E-05 0.0000E+00 1.9916E-04 7.4492E-05 0.0000E+00 0
 0 0.0000E+00 1.3299E-06 5.2008E-05 9.8641E-05 2.2016E-04 1.2015E-04 8.6207E-06 0.0000E+00 9.0268E-06 3.1949E-06 0.0000E+00 0.0000E+00 0.0000E+00 0.0000E+00 0.0000E+00 0.0000E+00 0.0000E+00 0.0000E+00 0.0000E+00 0.0000E+00 2.0999E-04 6.9607E-05 7.4531E-07 0
 0 3.8205E-07 3.9896E-06 4.8976E-05 9.6814E-05 1.4368E-04 1.2282E-04 2.8736E-06 0.0000E+00 3.0089E-06 3.1949E-06 0.0000E+00 0.0000E+00 0.0000E+00 0.0000E+00 0.0000E+00 0.0000E+00 7.7179E-06 0.0000E+00 1.4157E-05 0.0000E+00 2.2731E-04 6.5943E-05 0.0000E+00 0
 0 0.0000E+00 2.6597E-06 4.9796E-05 5.8454E-05 1.6454E-04 1.0680E-04 2.8736E-06 0.0000E+00 0.0000E+00 3.1949E-06 3.4325E-06 0.0000E+00 0.0000E+00 0.0000E+00 0.0000E+00 0.0000E+00 0.0000E+00 0.0000E+00 7.0786E-06 0.0000E+00 1.4504E-04 7.3270E-05 0.0000E+00 0
 0 0.0000E+00 1.9948E-06 4.9697E-05 8.0374E-05 1.7613E-04 1.3350E-04 0.0000E+00 0.0000E+00 6.0179E-06 6.3898E-06 0.0000E+00 0.0000E+00 0.0000E+00 0.0000E+00 0.0000E+00 0.0000E+00 0.0000E+00 0.0000E+00 0.0000E+00 0.0000E+00 1.8617E-04 6.3501E-05 1.1180E-06 0
 0 0.0000E+00 1.3299E-06 5.0964E-05 9.3161E-05 1.5759E-04 1.2549E-04 0.0000E+00 0.0000E+00 3.0089E-06 0.0000E+00 0.0000E+00 0.0000E+00 0.0000E+00 0.0000E+00 0.0000E+00 0.0000E+00 0.0000E+00 0.0000E+00 1.0618E-05 0.0000E+00 1.7751E-04 5.0068E-05 0.0000E+00 0
 0 1.9103E-07 0.0000E+00 5.0119E-05 9.8641E-05 1.5759E-04 1.2282E-04 0.0000E+00 0.0000E+00 0.0000E+00 6.3898E-06 0.0000E+00 0.0000E+00 0.0000E+00 0.0000E+00 0.0000E+00 0.0000E+00 0.0000E+00 0.0000E+00 3.5393E-06 0.0000E+00 2.0999E-04 5.7395E-05 0.0000E+00 0
 0 3.8205E-07 1.9948E-06 4.9796E-05 1.2787E-04 1.9235E-04 1.3350E-04 0.0000E+00 0.0000E+00 6.0179E-06 3.1949E-06 0.0000E+00 3.6472E-06 0.0000E+00 0.0000E+00 0.0000E+00 0.0000E+00 0.0000E+00 0.0000E+00 0.0000E+00 0.0000E+00 1.8834E-04 6.7165E-05 0.0000E+00 0
 0 3.8205E-07 3.3247E-06 5.0045E-05 7.3067E-05 1.7149E-04 1.0947E-04 5.7472E-06 0.0000E+00 6.0179E-06 3.1949E-06 0.0000E+00 0.0000E+00 0.0000E+00 0.0000E+00 0.0000E+00 0.0000E+00 0.0000E+00 0.0000E+00 3.5393E-06 0.0000E+00 2.0349E-04 5.1289E-05 3.7266E-07 0
 0 3.8205E-07 1.9948E-06 5.0045E-05 7.6720E-05 1.7613E-04 1.7088E-04 0.0000E+00 0.0000E+00 9.0268E-06 3.1949E-06 0.0000E+00 0.0000E+00 0.0000E+00 0.0000E+00 0.0000E+00 0.0000E+00 0.0000E+00 0.0000E+00 3.5393E-06 0.0000E+00 2.1865E-04 6.2280E-05 3.7266E-07 0
 0 0.0000E+00 1.9948E-06 4.9722E-05 7.6720E-05 2.1321E-04 1.4151E-04 0.0000E+00 0.0000E+00 1.2036E-05 0.0000E+00 0.0000E+00 3.6472E-06 0.0000E+00 0.0000E+00 0.0000E+00 0.0000E+00 0.0000E+00 0.0000E+00 0.0000E+00 0.0000E+00 2.1215E-04 7.2049E-05 1.4906E-06 0
 0 1.9103E-07 3.9896E-06 4.9722E-05 1.0412E-04 1.4137E-04 1.3083E-04 8.6207E-06 0.0000E+00 3.0089E-06 0.0000E+00 0.0000E+00 0.0000E+00 0.0000E+00 0.0000E+00 0.0000E+00 0.0000E+00 0.0000E+00 0.0000E+00 0.0000E+00 0.0000E+00 1.8184E-04 6.4722E-05 3.7266E-07 0
 0 1.9103E-07 1.9948E-06 4.9225E-05 1.0777E-04 1.8308E-04 8.8109E-05 5.7472E-06 0.0000E+00 9.0268E-06 6.3898E-06 0.0000E+00 1.0942E-05 0.0000E+00 0.0000E+00 0.0000E+00 0.0000E+00 0.0000E+00 0.0000E+00 0.0000E+00 0.0000E+00 1.6453E-04 6.3501E-05 0.0000E+00 0
 0 1.9103E-07 1.3299E-06 4.6492E-05 9.3161E-05 1.6454E-04 1.2816E-04 5.7472E-06 0.0000E+00 1.2036E-05 9.5847E-06 0.0000E+00 0.0000E+00 0.0000E+00 0.0000E+00 0.0000E+00 0.0000E+00 0.0000E+00 0.0000E+00 0.0000E+00 0.0000E+00 1.8401E-04 5.1289E-05 0.0000E+00 0
 0 9.5513E-07 6.6494E-07 4.8479E-05 9.8641E-05 2.0162E-04 1.1214E-04 0.0000E+00 0.0000E+00 0.0000E+00 0.0000E+00 0.0000E+00 7.2944E-06 0.0000E+00 0.0000E+00 0.0000E+00 0.0000E+00 0.0000E+00 0.0000E+00 0.0000E+00 0.0000E+00 1.9483E-04 6.3501E-05 0.0000E+00 0
 0 3.8205E-07 6.6494E-07 4.7734E-05 1.2421E-04 1.1587E-04 9.8789E-05 0.0000E+00 0.0000E+00 3.0089E-06 0.0000E+00 0.0000E+00 0.0000E+00 0.0000E+00 0.0000E+00 0.0000E+00 0.0000E+00 0.0000E+00 0.0000E+00 0.0000E+00 0.0000E+00 2.0782E-04 8.3040E-05 3.7266E-07 0
 0 7.6410E-07 2.6597E-06 4.7063E-05 7.4894E-05 1.6918E-04 1.2282E-04 0.0000E+00 0.0000E+00 0.0000E+00 0.0000E+00 0.0000E+00 0.0000E+00 0.0000E+00 0.0000E+00 0.0000E+00 0.0000E+00 0.0000E+00 0.0000E+00 0.0000E+00 0.0000E+00 1.6669E-04 6.9607E-05 0.0000E+00 0
 0 5.7308E-07 1.9948E-06 4.7486E-05 7.4894E-05 1.2514E-04 1.0947E-04 0.0000E+00 0.0000E+00 3.0089E-06 0.0000E+00 0.0000E+00 0.0000E+00 0.0000E+00 0.0000E+00 0.0000E+00 0.0000E+00 0.0000E+00 0.0000E+00 0.0000E+00 0.0000E+00 1.8834E-04 4.2741E-05 0.0000E+00 0
 0 0.0000E+00 2.6597E-06 4.9001E-05 7.1240E-05 1.2746E-04 7.2089E-05 2.8736E-06 0.0000E+00 9.0268E-06 0.0000E+00 0.0000E+00 0.0000E+00 0.0000E+00 0.0000E+00 0.0000E+00 0.0000E+00 0.0000E+00 0.0000E+00 0.0000E+00 0.0000E+00 1.4721E-04 7.4492E-05 3.7266E-07 0
 0 1.9103E-07 5.3195E-06 4.8380E-05 8.0374E-05 1.6222E-04 1.0680E-04 2.8736E-06 0.0000E+00 1.2036E-05 0.0000E+00 0.0000E+00 0.0000E+00 0.0000E+00 0.0000E+00 0.0000E+00 0.0000E+00 0.0000E+00 0.0000E+00 7.0786E-06 0.0000E+00 1.9267E-04 5.6174E-05 0.0000E+00 0
 0 1.9103E-07 2.6597E-06 4.7262E-05 8.2201E-05 1.2978E-04 1.0146E-04 0.0000E+00 0.0000E+00 9.0268E-06 0.0000E+00 0.0000E+00 0.0000E+00 0.0000E+00 0.0000E+00 0.0000E+00 0.0000E+00 0.0000E+00 0.0000E+00 0.0000E+00 0.0000E+00 1.7319E-04 5.3732E-05 0.0000E+00 0
 0 1.1462E-06 1.3299E-06 4.6492E-05 5.8454E-05 1.3905E-04 1.3617E-04 0.0000E+00 0.0000E+00 1.2036E-05 0.0000E+00 0.0000E+00 0.0000E+00 0.0000E+00 0.0000E+00 0.0000E+00 0.0000E+00 0.0000E+00 0.0000E+00 3.5393E-06 0.0000E+00 1.4288E-04 5.4953E-05 0.0000E+00 0
 0 1.9103E-07 3.9896E-06 4.6591E-05 7.3067E-05 1.9235E-04 9.6119E-05 0.0000E+00 0.0000E+00 1.5045E-05 3.1949E-06 0.0000E+00 0.0000E+00 0.0000E+00 0.0000E+00 0.0000E+00 0.0000E+00 0.0000E+00 0.0000E+00 0.0000E+00 0.0000E+00 1.9267E-04 8.6703E-05 0.0000E+00 0
 0 0.0000E+00 1.9948E-06 4.8355E-05 8.7681E-05 1.9235E-04 1.1481E-04 2.8736E-06 0.0000E+00 1.5045E-05 0.0000E+00 0.0000E+00 0.0000E+00 0.0000E+00 0.0000E+00 0.0000E+00 0.0000E+00 3.8590E-06 0.0000E+00 0.0000E+00 0.0000E+00 1.6669E-04 9.2809E-05 0.0000E+00 0
 0 5.7308E-07 6.6494E-07 4.6914E-05 9.3161E-05 1.2051E-04 1.3350E-04 1.1494E-05 0.0000E+00 3.0089E-06 0.0000E+00 0.0000E+00 0.0000E+00 0.0000E+00 0.0000E+00 0.0000E+00 0.0000E+00 0.0000E+00 0.0000E+00 0.0000E+00 0.0000E+00 1.6020E-04 5.3732E-05 0.0000E+00 0
 0 7.6410E-07 3.3247E-06 4.6964E-05 9.1334E-05 1.9003E-04 9.6119E-05 2.8736E-06 0.0000E+00 0.0000E+00 0.0000E+00 0.0000E+00 0.0000E+00 0.0000E+00 0.0000E+00 0.0000E+00 0.0000E+00 0.0000E+00 0.0000E+00 7.0786E-06 0.0000E+00 1.2989E-04 4.6405E-05 3.7266E-07 0
 0 1.9103E-07 3.3247E-06 4.8529E-05 7.6720E-05 1.3673E-04 1.0680E-04 0.0000E+00 0.0000E+00 9.0268E-06 0.0000E+00 0.0000E+00 0.0000E+00 0.0000E+00 0.0000E+00 0.0000E+00 0.0000E+00 0.0000E+00 0.0000E+00 0.0000E+00 0.0000E+00 2.0782E-04 5.4953E-05 0.0000E+00 0
 0 0.0000E+00 1.3299E-06 4.5895E-05 7.8547E-05 1.2514E-04 1.0947E-04 2.8736E-06 0.0000E+00 0.0000E+00 0.0000E+00 0.0000E+00 1.0942E-05 0.0000E+00 0.0000E+00 0.0000E+00 0.0000E+00 0.0000E+00 0.0000E+00 7.0786E-06 0.0000E+00 1.4504E-04 5.8616E-05 0.0000E+00 0
 0 0.0000E+00 3.3247E-06 4.6392E-05 7.6720E-05 1.5295E-04 1.3350E-04 0.0000E+00 0.0000E+00 6.0179E-06 6.3898E-06 0.0000E+00 0.0000E+00 0.0000E+00 0.0000E+00 0.0000E+00 0.0000E+00 0.0000E+00 0.0000E+00 3.5393E-06 0.0000E+00 1.5587E-04 6.5943E-05 3.7266E-07 0
 0 1.9103E-07 1.3299E-06 4.5622E-05 7.4894E-05 1.2514E-04 8.8109E-05 0.0000E+00 0.0000E+00 9.0268E-06 3.1949E-06 0.0000E+00 0.0000E+00 0.0000E+00 0.0000E+00 0.0000E+00 0.0000E+00 0.0000E+00 0.0000E+00 3.5393E-06 0.0000E+00 2.1648E-04 6.1059E-05 0.0000E+00 0
 0 1.9103E-07 3.3247E-06 4.4529E-05 1.0412E-04 1.9699E-04 9.8789E-05 0.0000E+00 0.0000E+00 9.0268E-06 0.0000E+00 0.0000E+00 0.0000E+00 0.0000E+00 0.0000E+00 0.0000E+00 0.0000E+00 0.0000E+00 0.0000E+00 7.0786E-06 0.0000E+00 1.4504E-04 6.7165E-05 0.0000E+00 0
 0 0.0000E+00 7.9792E-06 4.6069E-05 1.0960E-04 1.1587E-04 1.1748E-04 0.0000E+00 0.0000E+00 0.0000E+00 0.0000E+00 0.0000E+00 0.0000E+00 0.0000E+00 0.0000E+00 0.0000E+00 0.0000E+00 0.0000E+00 0.0000E+00 0.0000E+00 0.0000E+00 1.6020E-04 6.5943E-05 0.0000E+00 0
 0 1.9103E-07 2.6597E-06 4.5175E-05 5.2974E-05 1.3441E-04 8.8109E-05 0.0000E+00 0.0000E+00 6.0179E-06 6.3898E-06 0.0000E+00 0.0000E+00 0.0000E+00 0.0000E+00 0.0000E+00 0.0000E+00 0.0000E+00 0.0000E+00 0.0000E+00 0.0000E+00 9.3087E-05 6.2280E-05 0.0000E+00 0
 0 3.8205E-07 0.0000E+00 4.4827E-05 6.5760E-05 1.4832E-04 1.2282E-04 0.0000E+00 0.0000E+00 0.0000E+00 6.3898E-06 0.0000E+00 0.0000E+00 0.0000E+00 0.0000E+00 0.0000E+00 0.0000E+00 0.0000E+00 0.0000E+00 3.5393E-06 0.0000E+00 1.1690E-04 5.9838E-05 0.0000E+00 0
 0 0.0000E+00 5.3195E-06 4.4827E-05 9.1334E-05 1.8772E-04 1.2282E-04 0.0000E+00 0.0000E+00 0.0000E+00 0.0000E+00 0.0000E+00 3.6472E-06 0.0000E+00 0.0000E+00 0.0000E+00 0.0000E+00 0.0000E+00 0.0000E+00 0.0000E+00 0.0000E+00 1.6236E-04 6.3501E-05 0.0000E+00 0
 0 3.8205E-07 2.6597E-06 4.5299E-05 7.1240E-05 1.3210E-04 8.8109E-05 0.0000E+00 0.0000E+00 0.0000E+00 3.1949E-06 0.0000E+00 7.2944E-06 0.0000E+00 0.0000E+00 0.0000E+00 0.0000E+00 0.0000E+00 0.0000E+00 0.0000E+00 0.0000E+00 1.6236E-04 4.2741E-05 0.0000E+00 0
 0 3.8205E-07 6.6494E-07 4.4454E-05 9.1334E-05 2.2479E-04 9.6119E-05 0.0000E+00 0.0000E+00 0.0000E+00 0.0000E+00 0.0000E+00 0.0000E+00 0.0000E+00 0.0000E+00 0.0000E+00 0.0000E+00 0.0000E+00 0.0000E+00 0.0000E+00 0.0000E+00 1.7319E-04 5.8616E-05 0.0000E+00 0
 0 3.8205E-07 1.9948E-06 4.4752E-05 7.4894E-05 1.3673E-04 1.0947E-04 0.0000E+00 0.0000E+00 3.0089E-06 0.0000E+00 0.0000E+00 0.0000E+00 0.0000E+00 0.0000E+00 0.0000E+00 0.0000E+00 0.0000E+00 0.0000E+00 0.0000E+00 0.0000E+00 1.2123E-04 4.6405E-05 3.7266E-07 0
 0 3.8205E-07 1.3299E-06 4.3386E-05 7.6720E-05 1.2978E-04 1.0680E-04 0.0000E+00 0.0000E+00 9.0268E-06 0.0000E+00 0.0000E+00 0.0000E+00 0.0000E+00 0.0000E+00 0.0000E+00 0.0000E+00 0.0000E+00 0.0000E+00 0.0000E+00 0.0000E+00 1.4288E-04 5.9838E-05 0.0000E+00 0
 0 0.0000E+00 6.6494E-07 4.5175E-05 1.1325E-04 1.5991E-04 8.2769E-05 0.0000E+00 0.0000E+00 0.0000E+00 0.0000E+00 0.0000E+00 0.0000E+00 0.0000E+00 0.0000E+00 0.0000E+00 0.0000E+00 0.0000E+00 0.0000E+00 0.0000E+00 0.0000E+00 1.6020E-04 6.7165E-05 1.4906E-06 0
 0 1.9103E-07 6.6494E-07 4.4727E-05 4.2014E-05 1.2514E-04 1.1481E-04 0.0000E+00 0.0000E+00 1.2036E-05 0.0000E+00 0.0000E+00 3.6472E-06 0.0000E+00 0.0000E+00 0.0000E+00 0.0000E+00 0.0000E+00 0.0000E+00 0.0000E+00 0.0000E+00 1.5803E-04 6.9607E-05 0.0000E+00 0
 0 5.7308E-07 6.6494E-07 4.6939E-05 8.7681E-05 1.2514E-04 1.0146E-04 0.0000E+00 0.0000E+00 0.0000E+00 3.1949E-06 0.0000E+00 0.0000E+00 0.0000E+00 0.0000E+00 0.0000E+00 0.0000E+00 0.0000E+00 0.0000E+00 0.0000E+00 0.0000E+00 1.2772E-04 4.1520E-05 2.2359E-06 0
 0 1.9103E-07 3.3247E-06 4.5547E-05 8.0374E-05 1.0660E-04 7.7429E-05 8.6207E-06 0.0000E+00 0.0000E+00 0.0000E+00 0.0000E+00 0.0000E+00 0.0000E+00 0.0000E+00 0.0000E+00 0.0000E+00 0.0000E+00 0.0000E+00 0.0000E+00 0.0000E+00 1.5154E-04 5.8616E-05 0.0000E+00 0
 0 3.8205E-07 1.9948E-06 4.3535E-05 4.3840E-05 1.4368E-04 1.0146E-04 0.0000E+00 0.0000E+00 6.0179E-06 0.0000E+00 0.0000E+00 0.0000E+00 0.0000E+00 0.0000E+00 0.0000E+00 0.0000E+00 0.0000E+00 0.0000E+00 3.5393E-06 0.0000E+00 2.1432E-04 6.5943E-05 7.4531E-07 0
 0 3.8205E-07 2.6597E-06 4.3584E-05 6.3934E-05 1.7149E-04 1.0947E-04 2.8736E-06 0.0000E+00 3.0089E-06 6.3898E-06 0.0000E+00 0.0000E+00 0.0000E+00 0.0000E+00 0.0000E+00 0.0000E+00 0.0000E+00 0.0000E+00 0.0000E+00 0.0000E+00 1.9050E-04 5.6174E-05 0.0000E+00 0
 0 7.6410E-07 1.9948E-06 4.6293E-05 6.2107E-05 1.6454E-04 6.6749E-05 0.0000E+00 0.0000E+00 9.0268E-06 0.0000E+00 0.0000E+00 0.0000E+00 0.0000E+00 0.0000E+00 0.0000E+00 0.0000E+00 0.0000E+00 0.0000E+00 0.0000E+00 0.0000E+00 1.2772E-04 4.8847E-05 0.0000E+00 0
 0 3.8205E-07 1.3299E-06 4.2789E-05 7.1240E-05 1.1124E-04 8.8109E-05 0.0000E+00 0.0000E+00 3.0089E-06 3.1949E-06 0.0000E+00 0.0000E+00 0.0000E+00 0.0000E+00 0.0000E+00 0.0000E+00 0.0000E+00 0.0000E+00 0.0000E+00 0.0000E+00 1.5587E-04 5.9838E-05 0.0000E+00 0
 0 3.8205E-07 1.9948E-06 4.3063E-05 6.3934E-05 1.2514E-04 1.1481E-04 1.1494E-05 0.0000E+00 6.0179E-06 0.0000E+00 0.0000E+00 0.0000E+00 0.0000E+00 0.0000E+00 0.0000E+00 0.0000E+00 0.0000E+00 0.0000E+00 0.0000E+00 0.0000E+00 1.7102E-04 6.5943E-05 0.0000E+00 0
 0 0.0000E+00 6.6494E-07 4.3212E-05 4.0187E-05 1.4137E-04 1.3350E-04 0.0000E+00 0.0000E+00 0.0000E+00 0.0000E+00 0.0000E+00 0.0000E+00 0.0000E+00 0.0000E+00 0.0000E+00 0.0000E+00 0.0000E+00 0.0000E+00 0.0000E+00 0.0000E+00 1.3205E-04 7.0828E-05 0.0000E+00 0
 0 3.8205E-07 4.6545E-06 4.3013E-05 6.5760E-05 1.2746E-04 6.9419E-05 0.0000E+00 0.0000E+00 0.0000E+00 0.0000E+00 0.0000E+00 0.0000E+00 0.0000E+00 0.0000E+00 0.0000E+00 0.0000E+00 0.0000E+00 0.0000E+00 1.4157E-05 0.0000E+00 1.4721E-04 5.4953E-05 0.0000E+00 0
 0 0.0000E+00 0.0000E+00 4.3212E-05 9.3161E-05 1.4832E-04 7.4759E-05 0.0000E+00 0.0000E+00 6.0179E-06 9.5847E-06 0.0000E+00 0.0000E+00 0.0000E+00 0.0000E+00 0.0000E+00 0.0000E+00 0.0000E+00 0.0000E+00 3.5393E-06 0.0000E+00 1.4937E-04 5.6174E-05 0.0000E+00 0
 0 1.9103E-07 1.9948E-06 4.2342E-05 7.8547E-05 9.0381E-05 1.1214E-04 0.0000E+00 0.0000E+00 6.0179E-06 3.1949E-06 0.0000E+00 0.0000E+00 0.0000E+00 0.0000E+00 0.0000E+00 0.0000E+00 0.0000E+00 0.0000E+00 0.0000E+00 0.0000E+00 1.5370E-04 4.7626E-05 0.0000E+00 0
 0 1.9103E-07 6.6494E-07 4.3038E-05 9.6814E-05 9.2699E-05 8.2769E-05 0.0000E+00 0.0000E+00 9.0268E-06 0.0000E+00 0.0000E+00 0.0000E+00 0.0000E+00 0.0000E+00 0.0000E+00 0.0000E+00 0.0000E+00 0.0000E+00 0.0000E+00 0.0000E+00 1.6453E-04 5.6174E-05 3.7266E-07 0
 0 0.0000E+00 1.9948E-06 4.1895E-05 6.9414E-05 9.7334E-05 9.6119E-05 2.8736E-06 0.0000E+00 0.0000E+00 0.0000E+00 0.0000E+00 7.2944E-06 0.0000E+00 0.0000E+00 0.0000E+00 0.0000E+00 0.0000E+00 0.0000E+00 0.0000E+00 0.0000E+00 1.2556E-04 5.1289E-05 0.0000E+00 0
 0 0.0000E+00 0.0000E+00 4.4181E-05 6.0280E-05 1.3210E-04 8.2769E-05 0.0000E+00 0.0000E+00 0.0000E+00 0.0000E+00 0.0000E+00 0.0000E+00 0.0000E+00 0.0000E+00 0.0000E+00 0.0000E+00 0.0000E+00 0.0000E+00 0.0000E+00 0.0000E+00 1.1906E-04 4.3962E-05 0.0000E+00 0
 0 3.8205E-07 3.3247E-06 4.2367E-05 6.5760E-05 1.7149E-04 8.8109E-05 0.0000E+00 0.0000E+00 0.0000E+00 0.0000E+00 0.0000E+00 0.0000E+00 0.0000E+00 0.0000E+00 0.0000E+00 0.0000E+00 0.0000E+00 0.0000E+00 3.5393E-06 0.0000E+00 1.6020E-04 7.9376E-05 0.0000E+00 0
 0 9.5513E-07 0.0000E+00 4.3286E-05 4.5667E-05 1.2051E-04 1.0413E-04 0.0000E+00 0.0000E+00 3.0089E-06 0.0000E+00 0.0000E+00 0.0000E+00 0.0000E+00 0.0000E+00 0.0000E+00 0.0000E+00 0.0000E+00 0.0000E+00 0.0000E+00 0.0000E+00 1.4504E-04 6.5943E-05 3.7266E-07 0
 0 3.8205E-07 6.6494E-07 4.0752E-05 5.4800E-05 1.0197E-04 1.0947E-04 0.0000E+00 0.0000E+00 3.0089E-06 0.0000E+00 0.0000E+00 0.0000E+00 0.0000E+00 0.0000E+00 0.0000E+00 0.0000E+00 0.0000E+00 0.0000E+00 0.0000E+00 0.0000E+00 1.6669E-04 5.4953E-05 0.0000E+00 0
 0 1.9103E-07 3.9896E-06 4.2243E-05 7.3067E-05 1.4600E-04 5.3399E-05 0.0000E+00 0.0000E+00 0.0000E+00 0.0000E+00 0.0000E+00 0.0000E+00 0.0000E+00 0.0000E+00 0.0000E+00 0.0000E+00 0.0000E+00 0.0000E+00 3.5393E-06 0.0000E+00 1.1906E-04 6.7165E-05 0.0000E+00 0
 0 1.9103E-07 1.3299E-06 4.3336E-05 5.1147E-05 1.2051E-04 7.4759E-05 0.0000E+00 0.0000E+00 3.0089E-06 0.0000E+00 0.0000E+00 0.0000E+00 0.0000E+00 0.0000E+00 0.0000E+00 0.0000E+00 0.0000E+00 0.0000E+00 0.0000E+00 0.0000E+00 1.2772E-04 5.9838E-05 0.0000E+00 0
 0 1.9103E-07 1.3299E-06 4.2988E-05 7.8547E-05 1.2051E-04 1.0947E-04 0.0000E+00 0.0000E+00 0.0000E+00 0.0000E+00 0.0000E+00 3.6472E-06 0.0000E+00 0.0000E+00 0.0000E+00 0.0000E+00 0.0000E+00 0.0000E+00 0.0000E+00 0.0000E+00 1.2989E-04 5.9838E-05 0.0000E+00 0
 0 0.0000E+00 1.9948E-06 4.1820E-05 8.2201E-05 9.5016E-05 9.8789E-05 0.0000E+00 0.0000E+00 0.0000E+00 0.0000E+00 0.0000E+00 0.0000E+00 0.0000E+00 0.0000E+00 0.0000E+00 0.0000E+00 0.0000E+00 0.0000E+00 0.0000E+00 0.0000E+00 1.5587E-04 6.5943E-05 0.0000E+00 0
 0 1.1462E-06 1.3299E-06 4.3982E-05 7.4894E-05 1.5527E-04 1.0680E-04 2.8736E-06 0.0000E+00 0.0000E+00 0.0000E+00 0.0000E+00 0.0000E+00 0.0000E+00 0.0000E+00 0.0000E+00 0.0000E+00 0.0000E+00 0.0000E+00 0.0000E+00 0.0000E+00 7.3604E-05 6.8386E-05 0.0000E+00 0
 0 3.8205E-07 1.3299E-06 4.3659E-05 8.0374E-05 1.0429E-04 1.0413E-04 0.0000E+00 0.0000E+00 0.0000E+00 0.0000E+00 0.0000E+00 0.0000E+00 0.0000E+00 0.0000E+00 0.0000E+00 0.0000E+00 0.0000E+00 0.0000E+00 3.5393E-06 0.0000E+00 1.2123E-04 4.8847E-05 0.0000E+00 0
 0 1.9103E-07 6.6494E-07 4.1795E-05 5.8454E-05 1.4137E-04 1.1748E-04 0.0000E+00 0.0000E+00 0.0000E+00 0.0000E+00 0.0000E+00 0.0000E+00 0.0000E+00 0.0000E+00 0.0000E+00 0.0000E+00 0.0000E+00 0.0000E+00 0.0000E+00 0.0000E+00 1.2339E-04 7.0828E-05 1.1180E-06 0
 0 0.0000E+00 2.6597E-06 4.0379E-05 6.7587E-05 1.5295E-04 7.2089E-05 2.8736E-06 0.0000E+00 0.0000E+00 0.0000E+00 0.0000E+00 0.0000E+00 0.0000E+00 0.0000E+00 0.0000E+00 0.0000E+00 0.0000E+00 0.0000E+00 0.0000E+00 0.0000E+00 1.0391E-04 7.2049E-05 0.0000E+00 0
 0 0.0000E+00 0.0000E+00 4.1273E-05 8.7681E-05 1.4137E-04 5.8739E-05 0.0000E+00 0.0000E+00 0.0000E+00 0.0000E+00 0.0000E+00 0.0000E+00 0.0000E+00 0.0000E+00 0.0000E+00 0.0000E+00 0.0000E+00 0.0000E+00 0.0000E+00 0.0000E+00 1.7102E-04 5.9838E-05 0.0000E+00 0
 0 7.6410E-07 1.9948E-06 4.0702E-05 7.1240E-05 1.1356E-04 1.1214E-04 2.8736E-06 0.0000E+00 0.0000E+00 0.0000E+00 0.0000E+00 0.0000E+00 0.0000E+00 0.0000E+00 0.0000E+00 0.0000E+00 0.0000E+00 0.0000E+00 0.0000E+00 0.0000E+00 9.7417E-05 6.3501E-05 0.0000E+00 0
 0 5.7308E-07 1.3299E-06 4.2441E-05 8.2201E-05 7.6477E-05 7.4759E-05 0.0000E+00 0.0000E+00 0.0000E+00 0.0000E+00 0.0000E+00 0.0000E+00 0.0000E+00 0.0000E+00 0.0000E+00 0.0000E+00 0.0000E+00 0.0000E+00 0.0000E+00 0.0000E+00 1.1474E-04 6.1059E-05 0.0000E+00 0
 0 1.9103E-07 5.9844E-06 4.0975E-05 6.5760E-05 1.4368E-04 4.2720E-05 0.0000E+00 0.0000E+00 3.0089E-06 0.0000E+00 0.0000E+00 0.0000E+00 0.0000E+00 0.0000E+00 0.0000E+00 0.0000E+00 0.0000E+00 0.0000E+00 0.0000E+00 0.0000E+00 1.2772E-04 5.9838E-05 3.7266E-07 0
 0 5.7308E-07 3.3247E-06 4.1621E-05 9.6814E-05 1.1819E-04 7.2089E-05 0.0000E+00 0.0000E+00 3.0089E-06 0.0000E+00 0.0000E+00 0.0000E+00 0.0000E+00 0.0000E+00 0.0000E+00 0.0000E+00 0.0000E+00 0.0000E+00 0.0000E+00 0.0000E+00 1.4937E-04 8.5482E-05 3.7266E-07 0
 0 1.9103E-07 1.3299E-06 4.0006E-05 4.7494E-05 1.2514E-04 7.4759E-05 0.0000E+00 0.0000E+00 0.0000E+00 3.1949E-06 0.0000E+00 0.0000E+00 0.0000E+00 0.0000E+00 0.0000E+00 0.0000E+00 0.0000E+00 0.0000E+00 0.0000E+00 0.0000E+00 1.0824E-04 6.2280E-05 0.0000E+00 0
 0 1.9103E-07 1.3299E-06 4.1472E-05 6.3934E-05 1.1124E-04 8.2769E-05 0.0000E+00 0.0000E+00 3.0089E-06 0.0000E+00 0.0000E+00 0.0000E+00 0.0000E+00 0.0000E+00 0.0000E+00 0.0000E+00 0.0000E+00 0.0000E+00 0.0000E+00 0.0000E+00 1.4504E-04 5.1289E-05 0.0000E+00 0
 0 1.9103E-07 0.0000E+00 3.8515E-05 9.1334E-05 1.2283E-04 9.8789E-05 0.0000E+00 0.0000E+00 0.0000E+00 0.0000E+00 0.0000E+00 0.0000E+00 0.0000E+00 0.0000E+00 0.0000E+00 0.0000E+00 0.0000E+00 0.0000E+00 0.0000E+00 0.0000E+00 1.0824E-04 5.3732E-05 0.0000E+00 0
 0 0.0000E+00 2.6597E-06 4.1099E-05 4.9320E-05 1.4368E-04 1.0146E-04 0.0000E+00 0.0000E+00 6.0179E-06 0.0000E+00 0.0000E+00 0.0000E+00 0.0000E+00 0.0000E+00 0.0000E+00 0.0000E+00 0.0000E+00 0.0000E+00 3.5393E-06 0.0000E+00 1.3638E-04 6.8386E-05 3.7266E-07 0
 0 9.5513E-07 6.6494E-07 4.0752E-05 8.4027E-05 1.0429E-04 4.5390E-05 0.0000E+00 0.0000E+00 3.0089E-06 0.0000E+00 0.0000E+00 0.0000E+00 0.0000E+00 0.0000E+00 0.0000E+00 0.0000E+00 0.0000E+00 0.0000E+00 3.5393E-06 0.0000E+00 1.1906E-04 7.2049E-05 0.0000E+00 0
 0 1.9103E-07 6.6494E-07 4.0205E-05 7.3067E-05 8.1112E-05 6.6749E-05 0.0000E+00 0.0000E+00 3.0089E-06 3.1949E-06 0.0000E+00 7.2944E-06 0.0000E+00 0.0000E+00 0.0000E+00 0.0000E+00 0.0000E+00 0.0000E+00 0.0000E+00 0.0000E+00 1.1474E-04 6.4722E-05 0.0000E+00 0
 0 9.5513E-07 0.0000E+00 3.8987E-05 5.4800E-05 1.1587E-04 7.7429E-05 0.0000E+00 0.0000E+00 0.0000E+00 0.0000E+00 0.0000E+00 0.0000E+00 0.0000E+00 0.0000E+00 0.0000E+00 0.0000E+00 0.0000E+00 0.0000E+00 0.0000E+00 0.0000E+00 1.1041E-04 7.0828E-05 3.7266E-07 0
 0 0.0000E+00 6.6494E-07 3.8664E-05 4.9320E-05 9.7334E-05 6.4079E-05 0.0000E+00 0.0000E+00 0.0000E+00 0.0000E+00 0.0000E+00 0.0000E+00 0.0000E+00 0.0000E+00 0.0000E+00 0.0000E+00 0.0000E+00 0.0000E+00 0.0000E+00 0.0000E+00 1.3205E-04 5.1289E-05 0.0000E+00 0
 0 0.0000E+00 6.6494E-07 3.6975E-05 7.3067E-05 1.1587E-04 8.0099E-05 2.8736E-06 0.0000E+00 0.0000E+00 0.0000E+00 0.0000E+00 0.0000E+00 0.0000E+00 0.0000E+00 0.0000E+00 0.0000E+00 0.0000E+00 0.0000E+00 0.0000E+00 0.0000E+00 1.4937E-04 4.5183E-05 0.0000E+00 0
 0 1.1462E-06 4.6545E-06 3.9286E-05 4.3840E-05 6.9524E-05 7.4759E-05 0.0000E+00 0.0000E+00 0.0000E+00 0.0000E+00 0.0000E+00 0.0000E+00 0.0000E+00 0.0000E+00 0.0000E+00 0.0000E+00 0.0000E+00 0.0000E+00 0.0000E+00 0.0000E+00 1.2989E-04 6.5943E-05 0.0000E+00 0
 0 3.8205E-07 1.3299E-06 3.8863E-05 7.1240E-05 1.3441E-04 8.0099E-05 0.0000E+00 0.0000E+00 0.0000E+00 0.0000E+00 0.0000E+00 0.0000E+00 0.0000E+00 0.0000E+00 0.0000E+00 0.0000E+00 0.0000E+00 0.0000E+00 0.0000E+00 0.0000E+00 1.2339E-04 6.9607E-05 0.0000E+00 0
 0 3.8205E-07 4.6545E-06 3.9708E-05 8.4027E-05 9.9651E-05 7.7429E-05 0.0000E+00 0.0000E+00 6.0179E-06 3.1949E-06 0.0000E+00 0.0000E+00 0.0000E+00 0.0000E+00 0.0000E+00 0.0000E+00 0.0000E+00 0.0000E+00 0.0000E+00 0.0000E+00 1.0175E-04 6.3501E-05 0.0000E+00 0
 0 0.0000E+00 3.9896E-06 4.1025E-05 6.5760E-05 1.4137E-04 8.0099E-05 0.0000E+00 0.0000E+00 0.0000E+00 0.0000E+00 0.0000E+00 0.0000E+00 0.0000E+00 0.0000E+00 0.0000E+00 0.0000E+00 0.0000E+00 0.0000E+00 0.0000E+00 0.0000E+00 1.3422E-04 5.2510E-05 2.6086E-06 0
 0 7.6410E-07 1.3299E-06 3.8192E-05 6.3934E-05 1.3210E-04 2.6700E-05 0.0000E+00 0.0000E+00 0.0000E+00 0.0000E+00 0.0000E+00 0.0000E+00 0.0000E+00 0.0000E+00 0.0000E+00 0.0000E+00 0.0000E+00 0.0000E+00 0.0000E+00 0.0000E+00 1.1257E-04 5.7395E-05 0.0000E+00 0
 0 0.0000E+00 2.6597E-06 3.8391E-05 4.7494E-05 1.1124E-04 8.8109E-05 0.0000E+00 0.0000E+00 0.0000E+00 0.0000E+00 0.0000E+00 0.0000E+00 0.0000E+00 0.0000E+00 0.0000E+00 0.0000E+00 0.0000E+00 0.0000E+00 0.0000E+00 0.0000E+00 9.9581E-05 4.8847E-05 3.7266E-07 0
 0 3.8205E-07 1.3299E-06 3.6279E-05 4.0187E-05 1.2746E-04 6.9419E-05 0.0000E+00 0.0000E+00 0.0000E+00 0.0000E+00 0.0000E+00 0.0000E+00 0.0000E+00 0.0000E+00 0.0000E+00 0.0000E+00 0.0000E+00 0.0000E+00 0.0000E+00 0.0000E+00 1.3855E-04 6.4722E-05 3.7266E-07 0
 0 0.0000E+00 5.9844E-06 3.8739E-05 8.4027E-05 1.1587E-04 6.1409E-05 0.0000E+00 0.0000E+00 0.0000E+00 0.0000E+00 0.0000E+00 0.0000E+00 0.0000E+00 0.0000E+00 0.0000E+00 0.0000E+00 0.0000E+00 0.0000E+00 0.0000E+00 0.0000E+00 8.6593E-05 5.0068E-05 0.0000E+00 0
 0 1.9103E-07 3.9896E-06 4.0404E-05 7.4894E-05 1.0892E-04 1.1214E-04 0.0000E+00 0.0000E+00 0.0000E+00 0.0000E+00 0.0000E+00 0.0000E+00 0.0000E+00 0.0000E+00 0.0000E+00 0.0000E+00 0.0000E+00 0.0000E+00 0.0000E+00 0.0000E+00 1.1690E-04 5.2510E-05 0.0000E+00 0
 0 3.8205E-07 1.9948E-06 3.6676E-05 6.2107E-05 7.8794E-05 7.7429E-05 0.0000E+00 0.0000E+00 0.0000E+00 0.0000E+00 0.0000E+00 0.0000E+00 0.0000E+00 0.0000E+00 0.0000E+00 0.0000E+00 0.0000E+00 0.0000E+00 3.5393E-06 0.0000E+00 8.2263E-05 7.3270E-05 0.0000E+00 0
 0 5.7308E-07 4.6545E-06 3.7919E-05 4.2014E-05 1.0892E-04 1.4418E-04 0.0000E+00 0.0000E+00 0.0000E+00 0.0000E+00 0.0000E+00 0.0000E+00 0.0000E+00 0.0000E+00 0.0000E+00 0.0000E+00 0.0000E+00 0.0000E+00 0.0000E+00 0.0000E+00 9.3087E-05 6.9607E-05 7.4531E-07 0
 0 0.0000E+00 4.6545E-06 3.7447E-05 4.0187E-05 1.2051E-04 1.0146E-04 0.0000E+00 0.0000E+00 3.0089E-06 0.0000E+00 0.0000E+00 7.2944E-06 0.0000E+00 0.0000E+00 0.0000E+00 0.0000E+00 0.0000E+00 0.0000E+00 0.0000E+00 0.0000E+00 1.0175E-04 5.2510E-05 0.0000E+00 0
 0 1.9103E-07 1.3299E-06 3.6179E-05 6.0280E-05 9.0381E-05 5.0729E-05 0.0000E+00 0.0000E+00 0.0000E+00 0.0000E+00 0.0000E+00 0.0000E+00 0.0000E+00 0.0000E+00 0.0000E+00 0.0000E+00 0.0000E+00 0.0000E+00 0.0000E+00 0.0000E+00 1.3638E-04 5.6174E-05 0.0000E+00 0
 0 9.5513E-07 1.3299E-06 3.8416E-05 4.2014E-05 1.0197E-04 6.9419E-05 0.0000E+00 0.0000E+00 3.0089E-06 3.1949E-06 0.0000E+00 0.0000E+00 0.0000E+00 0.0000E+00 0.0000E+00 0.0000E+00 0.0000E+00 0.0000E+00 0.0000E+00 0.0000E+00 1.2556E-04 7.4492E-05 0.0000E+00 0
 0 0.0000E+00 1.3299E-06 3.8416E-05 8.4027E-05 1.3905E-04 8.0099E-05 0.0000E+00 0.0000E+00 0.0000E+00 0.0000E+00 0.0000E+00 0.0000E+00 0.0000E+00 0.0000E+00 0.0000E+00 0.0000E+00 0.0000E+00 0.0000E+00 0.0000E+00 0.0000E+00 1.1690E-04 6.3501E-05 0.0000E+00 0
 0 3.8205E-07 2.6597E-06 3.7198E-05 5.1147E-05 1.0197E-04 6.1409E-05 0.0000E+00 0.0000E+00 0.0000E+00 0.0000E+00 0.0000E+00 0.0000E+00 0.0000E+00 0.0000E+00 0.0000E+00 0.0000E+00 0.0000E+00 0.0000E+00 0.0000E+00 0.0000E+00 8.0098E-05 5.9838E-05 0.0000E+00 0
 0 1.9103E-07 0.0000E+00 3.9857E-05 4.7494E-05 8.3429E-05 5.3399E-05 0.0000E+00 0.0000E+00 3.0089E-06 0.0000E+00 0.0000E+00 3.6472E-06 0.0000E+00 0.0000E+00 0.0000E+00 0.0000E+00 0.0000E+00 0.0000E+00 0.0000E+00 0.0000E+00 1.0175E-04 5.8616E-05 0.0000E+00 0
 0 0.0000E+00 6.6494E-07 3.6627E-05 4.5667E-05 8.1112E-05 5.3399E-05 0.0000E+00 0.0000E+00 3.0089E-06 0.0000E+00 0.0000E+00 0.0000E+00 0.0000E+00 0.0000E+00 0.0000E+00 0.0000E+00 0.0000E+00 0.0000E+00 0.0000E+00 0.0000E+00 9.9581E-05 6.4722E-05 3.7266E-07 0
 0 1.9103E-07 1.3299E-06 3.7472E-05 6.0280E-05 1.0660E-04 3.2040E-05 0.0000E+00 0.0000E+00 0.0000E+00 0.0000E+00 0.0000E+00 0.0000E+00 0.0000E+00 0.0000E+00 0.0000E+00 0.0000E+00 0.0000E+00 0.0000E+00 0.0000E+00 0.0000E+00 7.3604E-05 6.7165E-05 3.7266E-07 0
 0 1.9103E-07 2.6597E-06 3.8689E-05 5.1147E-05 1.0197E-04 5.0729E-05 0.0000E+00 0.0000E+00 0.0000E+00 3.1949E-06 0.0000E+00 0.0000E+00 0.0000E+00 0.0000E+00 0.0000E+00 0.0000E+00 0.0000E+00 0.0000E+00 0.0000E+00 0.0000E+00 8.0098E-05 6.2280E-05 0.0000E+00 0
 0 3.8205E-07 6.6494E-07 3.7347E-05 6.9414E-05 1.0197E-04 6.4079E-05 0.0000E+00 0.0000E+00 0.0000E+00 0.0000E+00 0.0000E+00 0.0000E+00 0.0000E+00 0.0000E+00 0.0000E+00 0.0000E+00 0.0000E+00 0.0000E+00 0.0000E+00 0.0000E+00 7.3604E-05 6.9607E-05 7.4531E-07 0
 0 1.9103E-07 1.3299E-06 3.6378E-05 4.7494E-05 1.1356E-04 6.4079E-05 0.0000E+00 0.0000E+00 3.0089E-06 1.5974E-05 0.0000E+00 0.0000E+00 0.0000E+00 0.0000E+00 0.0000E+00 0.0000E+00 0.0000E+00 0.0000E+00 0.0000E+00 0.0000E+00 1.0175E-04 5.0068E-05 0.0000E+00 0
 0 0.0000E+00 1.9948E-06 3.7447E-05 5.1147E-05 1.3905E-04 5.6069E-05 0.0000E+00 0.0000E+00 6.0179E-06 0.0000E+00 0.0000E+00 0.0000E+00 0.0000E+00 0.0000E+00 0.0000E+00 0.0000E+00 0.0000E+00 0.0000E+00 0.0000E+00 0.0000E+00 1.0608E-04 6.2280E-05 0.0000E+00 0
 0 7.6410E-07 1.3299E-06 3.6826E-05 5.6627E-05 8.3429E-05 5.3399E-05 0.0000E+00 0.0000E+00 3.0089E-06 0.0000E+00 0.0000E+00 0.0000E+00 0.0000E+00 0.0000E+00 0.0000E+00 0.0000E+00 0.0000E+00 0.0000E+00 0.0000E+00 0.0000E+00 9.7417E-05 7.2049E-05 0.0000E+00 0
 0 0.0000E+00 3.9896E-06 3.5807E-05 4.0187E-05 1.0197E-04 7.7429E-05 0.0000E+00 0.0000E+00 0.0000E+00 0.0000E+00 0.0000E+00 0.0000E+00 0.0000E+00 0.0000E+00 0.0000E+00 0.0000E+00 0.0000E+00 0.0000E+00 0.0000E+00 0.0000E+00 1.2339E-04 5.4953E-05 0.0000E+00 0
 0 0.0000E+00 1.9948E-06 3.6304E-05 7.6720E-05 1.1587E-04 4.2720E-05 0.0000E+00 0.0000E+00 0.0000E+00 0.0000E+00 0.0000E+00 0.0000E+00 0.0000E+00 0.0000E+00 0.0000E+00 0.0000E+00 0.0000E+00 0.0000E+00 0.0000E+00 0.0000E+00 1.1257E-04 7.3270E-05 3.7266E-07 0
 0 1.1462E-06 2.6597E-06 3.6950E-05 5.2974E-05 8.3429E-05 7.4759E-05 0.0000E+00 0.0000E+00 0.0000E+00 0.0000E+00 0.0000E+00 0.0000E+00 0.0000E+00 0.0000E+00 0.0000E+00 0.0000E+00 0.0000E+00 0.0000E+00 3.5393E-06 0.0000E+00 7.3604E-05 5.2510E-05 0.0000E+00 0
 0 3.8205E-07 5.9844E-06 3.5782E-05 5.2974E-05 6.9524E-05 5.6069E-05 0.0000E+00 0.0000E+00 0.0000E+00 0.0000E+00 0.0000E+00 0.0000E+00 0.0000E+00 0.0000E+00 0.0000E+00 0.0000E+00 0.0000E+00 0.0000E+00 0.0000E+00 0.0000E+00 1.0608E-04 7.4492E-05 3.7266E-07 0
 0 1.9103E-07 1.9948E-06 3.7024E-05 6.0280E-05 1.1587E-04 6.6749E-05 0.0000E+00 0.0000E+00 0.0000E+00 0.0000E+00 0.0000E+00 0.0000E+00 0.0000E+00 0.0000E+00 0.0000E+00 0.0000E+00 0.0000E+00 0.0000E+00 0.0000E+00 0.0000E+00 1.0175E-04 6.3501E-05 0.0000E+00 0
 0 1.9103E-07 1.3299E-06 3.6552E-05 5.6627E-05 9.7334E-05 7.2089E-05 0.0000E+00 0.0000E+00 0.0000E+00 0.0000E+00 0.0000E+00 0.0000E+00 0.0000E+00 0.0000E+00 0.0000E+00 0.0000E+00 0.0000E+00 0.0000E+00 0.0000E+00 0.0000E+00 1.0824E-04 3.7856E-05 0.0000E+00 0
 0 0.0000E+00 6.6494E-07 3.6676E-05 6.5760E-05 1.4137E-04 5.8739E-05 0.0000E+00 0.0000E+00 0.0000E+00 0.0000E+00 0.0000E+00 0.0000E+00 0.0000E+00 0.0000E+00 0.0000E+00 0.0000E+00 0.0000E+00 0.0000E+00 7.0786E-06 0.0000E+00 1.0824E-04 6.3501E-05 7.4531E-07 0
 0 3.8205E-07 1.9948E-06 3.5434E-05 6.2107E-05 6.0254E-05 6.1409E-05 0.0000E+00 0.0000E+00 0.0000E+00 9.5847E-06 0.0000E+00 0.0000E+00 0.0000E+00 0.0000E+00 0.0000E+00 0.0000E+00 0.0000E+00 0.0000E+00 0.0000E+00 0.0000E+00 8.4428E-05 6.5943E-05 0.0000E+00 0
 0 7.6410E-07 6.6494E-07 3.5459E-05 6.3934E-05 7.6477E-05 3.7380E-05 2.8736E-06 0.0000E+00 0.0000E+00 0.0000E+00 0.0000E+00 0.0000E+00 0.0000E+00 0.0000E+00 0.0000E+00 0.0000E+00 0.0000E+00 0.0000E+00 0.0000E+00 0.0000E+00 7.3604E-05 6.1059E-05 0.0000E+00 0
 0 1.9103E-07 6.6494E-07 3.7099E-05 4.9320E-05 9.9651E-05 7.4759E-05 0.0000E+00 0.0000E+00 0.0000E+00 0.0000E+00 0.0000E+00 0.0000E+00 0.0000E+00 0.0000E+00 0.0000E+00 0.0000E+00 0.0000E+00 0.0000E+00 0.0000E+00 0.0000E+00 7.3604E-05 5.3732E-05 0.0000E+00 0
 0 5.7308E-07 2.6597E-06 3.6030E-05 4.0187E-05 9.9651E-05 5.6069E-05 0.0000E+00 0.0000E+00 0.0000E+00 0.0000E+00 0.0000E+00 0.0000E+00 0.0000E+00 0.0000E+00 0.0000E+00 0.0000E+00 0.0000E+00 0.0000E+00 0.0000E+00 0.0000E+00 8.0098E-05 7.8155E-05 0.0000E+00 0
 0 1.9103E-07 1.9948E-06 3.6503E-05 5.1147E-05 9.9651E-05 7.4759E-05 0.0000E+00 0.0000E+00 0.0000E+00 0.0000E+00 0.0000E+00 0.0000E+00 0.0000E+00 0.0000E+00 0.0000E+00 0.0000E+00 0.0000E+00 0.0000E+00 0.0000E+00 0.0000E+00 5.8450E-05 6.4722E-05 0.0000E+00 0
 0 5.7308E-07 4.6545E-06 3.6229E-05 5.8454E-05 1.2051E-04 5.0729E-05 0.0000E+00 0.0000E+00 0.0000E+00 0.0000E+00 0.0000E+00 3.6472E-06 0.0000E+00 0.0000E+00 0.0000E+00 0.0000E+00 0.0000E+00 0.0000E+00 0.0000E+00 0.0000E+00 1.0175E-04 5.3732E-05 0.0000E+00 0
 0 3.8205E-07 1.3299E-06 3.5086E-05 5.1147E-05 1.1124E-04 7.4759E-05 0.0000E+00 0.0000E+00 0.0000E+00 0.0000E+00 0.0000E+00 0.0000E+00 0.0000E+00 0.0000E+00 0.0000E+00 0.0000E+00 0.0000E+00 0.0000E+00 0.0000E+00 0.0000E+00 1.1041E-04 5.0068E-05 0.0000E+00 0
 0 0.0000E+00 1.3299E-06 3.4614E-05 5.2974E-05 1.1356E-04 6.1409E-05 0.0000E+00 0.0000E+00 0.0000E+00 0.0000E+00 0.0000E+00 0.0000E+00 0.0000E+00 0.0000E+00 0.0000E+00 0.0000E+00 0.0000E+00 0.0000E+00 0.0000E+00 0.0000E+00 8.6593E-05 6.4722E-05 0.0000E+00 0
 0 1.9103E-07 6.6494E-07 3.5136E-05 4.2014E-05 9.2699E-05 6.9419E-05 0.0000E+00 0.0000E+00 0.0000E+00 0.0000E+00 0.0000E+00 0.0000E+00 0.0000E+00 0.0000E+00 0.0000E+00 0.0000E+00 0.0000E+00 0.0000E+00 0.0000E+00 0.0000E+00 9.7417E-05 6.5943E-05 0.0000E+00 0
 0 0.0000E+00 2.6597E-06 3.3421E-05 3.8360E-05 6.4889E-05 6.4079E-05 0.0000E+00 0.0000E+00 0.0000E+00 0.0000E+00 0.0000E+00 0.0000E+00 0.0000E+00 0.0000E+00 0.0000E+00 0.0000E+00 0.0000E+00 0.0000E+00 0.0000E+00 0.0000E+00 9.9581E-05 5.4953E-05 0.0000E+00 0
 0 0.0000E+00 1.9948E-06 3.6155E-05 4.3840E-05 1.0429E-04 2.9370E-05 0.0000E+00 0.0000E+00 0.0000E+00 0.0000E+00 0.0000E+00 0.0000E+00 0.0000E+00 0.0000E+00 0.0000E+00 0.0000E+00 0.0000E+00 0.0000E+00 0.0000E+00 0.0000E+00 8.6593E-05 6.5943E-05 0.0000E+00 0
 0 5.7308E-07 4.6545E-06 3.6329E-05 4.0187E-05 1.4137E-04 2.1360E-05 0.0000E+00 0.0000E+00 0.0000E+00 3.1949E-06 0.0000E+00 0.0000E+00 0.0000E+00 0.0000E+00 0.0000E+00 0.0000E+00 0.0000E+00 0.0000E+00 0.0000E+00 0.0000E+00 8.2263E-05 4.5183E-05 0.0000E+00 0
 0 3.8205E-07 6.6494E-07 3.4266E-05 5.8454E-05 8.3429E-05 5.0729E-05 0.0000E+00 0.0000E+00 3.0089E-06 0.0000E+00 0.0000E+00 0.0000E+00 0.0000E+00 0.0000E+00 0.0000E+00 0.0000E+00 0.0000E+00 0.0000E+00 7.0786E-06 0.0000E+00 9.0922E-05 8.1819E-05 0.0000E+00 0
 0 3.8205E-07 1.3299E-06 3.3918E-05 4.3840E-05 1.0197E-04 7.7429E-05 0.0000E+00 0.0000E+00 0.0000E+00 0.0000E+00 0.0000E+00 0.0000E+00 0.0000E+00 0.0000E+00 0.0000E+00 0.0000E+00 0.0000E+00 0.0000E+00 0.0000E+00 0.0000E+00 7.7933E-05 5.3732E-05 0.0000E+00 0
 0 1.9103E-07 2.6597E-06 3.3372E-05 4.2014E-05 6.9524E-05 5.0729E-05 0.0000E+00 0.0000E+00 0.0000E+00 0.0000E+00 0.0000E+00 0.0000E+00 0.0000E+00 0.0000E+00 0.0000E+00 0.0000E+00 0.0000E+00 0.0000E+00 0.0000E+00 0.0000E+00 8.0098E-05 5.8616E-05 0.0000E+00 0
 0 5.7308E-07 0.0000E+00 3.3372E-05 6.5760E-05 1.1124E-04 6.9419E-05 0.0000E+00 0.0000E+00 0.0000E+00 0.0000E+00 0.0000E+00 0.0000E+00 0.0000E+00 0.0000E+00 0.0000E+00 0.0000E+00 0.0000E+00 0.0000E+00 3.5393E-06 0.0000E+00 1.0391E-04 6.7165E-05 0.0000E+00 0
 0 0.0000E+00 6.6494E-07 3.4962E-05 5.2974E-05 7.6477E-05 5.3399E-05 0.0000E+00 0.0000E+00 3.0089E-06 0.0000E+00 0.0000E+00 0.0000E+00 0.0000E+00 0.0000E+00 0.0000E+00 0.0000E+00 0.0000E+00 0.0000E+00 0.0000E+00 0.0000E+00 7.1439E-05 6.1059E-05 0.0000E+00 0
 0 3.8205E-07 1.3299E-06 3.3744E-05 5.8454E-05 6.0254E-05 6.1409E-05 0.0000E+00 0.0000E+00 0.0000E+00 0.0000E+00 0.0000E+00 0.0000E+00 0.0000E+00 0.0000E+00 0.0000E+00 0.0000E+00 0.0000E+00 0.0000E+00 0.0000E+00 0.0000E+00 8.8757E-05 6.5943E-05 0.0000E+00 0
 0 1.9103E-07 3.9896E-06 3.3421E-05 2.5573E-05 6.4889E-05 2.4030E-05 0.0000E+00 0.0000E+00 0.0000E+00 0.0000E+00 0.0000E+00 0.0000E+00 0.0000E+00 0.0000E+00 0.0000E+00 0.0000E+00 0.0000E+00 0.0000E+00 0.0000E+00 0.0000E+00 7.1439E-05 4.2741E-05 0.0000E+00 0
 0 0.0000E+00 0.0000E+00 3.4614E-05 4.7494E-05 1.0197E-04 3.7380E-05 0.0000E+00 0.0000E+00 0.0000E+00 0.0000E+00 0.0000E+00 0.0000E+00 0.0000E+00 0.0000E+00 0.0000E+00 0.0000E+00 0.0000E+00 0.0000E+00 0.0000E+00 0.0000E+00 8.2263E-05 6.3501E-05 0.0000E+00 0
 0 0.0000E+00 2.6597E-06 3.3396E-05 5.2974E-05 7.6477E-05 7.4759E-05 0.0000E+00 0.0000E+00 3.0089E-06 0.0000E+00 0.0000E+00 0.0000E+00 0.0000E+00 0.0000E+00 0.0000E+00 0.0000E+00 0.0000E+00 0.0000E+00 0.0000E+00 0.0000E+00 8.4428E-05 3.9078E-05 1.1180E-06 0
 0 1.9103E-07 6.6494E-07 3.3819E-05 4.5667E-05 9.5016E-05 4.0050E-05 0.0000E+00 0.0000E+00 3.0089E-06 0.0000E+00 0.0000E+00 0.0000E+00 0.0000E+00 0.0000E+00 0.0000E+00 0.0000E+00 0.0000E+00 0.0000E+00 0.0000E+00 0.0000E+00 5.6285E-05 4.6405E-05 0.0000E+00 0
 0 0.0000E+00 1.9948E-06 3.4490E-05 5.2974E-05 6.7207E-05 7.7429E-05 0.0000E+00 0.0000E+00 0.0000E+00 0.0000E+00 0.0000E+00 0.0000E+00 0.0000E+00 0.0000E+00 0.0000E+00 0.0000E+00 0.0000E+00 0.0000E+00 0.0000E+00 0.0000E+00 6.0615E-05 6.1059E-05 0.0000E+00 0
 0 1.9103E-07 6.6494E-07 3.4713E-05 3.6534E-05 8.5746E-05 5.6069E-05 0.0000E+00 0.0000E+00 0.0000E+00 0.0000E+00 0.0000E+00 0.0000E+00 0.0000E+00 0.0000E+00 0.0000E+00 0.0000E+00 0.0000E+00 0.0000E+00 0.0000E+00 0.0000E+00 8.6593E-05 6.2280E-05 3.7266E-07 0
 0 1.9103E-07 3.3247E-06 3.2875E-05 6.2107E-05 1.0429E-04 8.2769E-05 0.0000E+00 0.0000E+00 0.0000E+00 0.0000E+00 0.0000E+00 0.0000E+00 0.0000E+00 0.0000E+00 0.0000E+00 0.0000E+00 0.0000E+00 0.0000E+00 0.0000E+00 0.0000E+00 8.0098E-05 5.9838E-05 0.0000E+00 0
 0 3.8205E-07 6.6494E-07 3.2949E-05 4.0187E-05 9.0381E-05 3.7380E-05 0.0000E+00 0.0000E+00 0.0000E+00 3.1949E-06 0.0000E+00 0.0000E+00 0.0000E+00 0.0000E+00 0.0000E+00 0.0000E+00 0.0000E+00 0.0000E+00 0.0000E+00 0.0000E+00 6.4944E-05 6.8386E-05 3.7266E-07 0
 0 1.9103E-07 6.6494E-07 3.3993E-05 4.0187E-05 1.0429E-04 6.4079E-05 0.0000E+00 0.0000E+00 3.0089E-06 6.3898E-06 0.0000E+00 0.0000E+00 0.0000E+00 0.0000E+00 0.0000E+00 0.0000E+00 0.0000E+00 0.0000E+00 0.0000E+00 0.0000E+00 7.5768E-05 5.2510E-05 0.0000E+00 0
 0 0.0000E+00 3.9896E-06 3.1483E-05 3.6534E-05 7.1842E-05 5.6069E-05 0.0000E+00 0.0000E+00 0.0000E+00 0.0000E+00 0.0000E+00 0.0000E+00 0.0000E+00 0.0000E+00 0.0000E+00 0.0000E+00 0.0000E+00 0.0000E+00 0.0000E+00 0.0000E+00 6.2780E-05 6.1059E-05 0.0000E+00 0
 0 3.8205E-07 2.6597E-06 3.4639E-05 7.4894E-05 1.3905E-04 6.4079E-05 0.0000E+00 0.0000E+00 0.0000E+00 0.0000E+00 0.0000E+00 0.0000E+00 0.0000E+00 0.0000E+00 0.0000E+00 0.0000E+00 0.0000E+00 0.0000E+00 0.0000E+00 0.0000E+00 7.3604E-05 5.6174E-05 1.1180E-06 0
 0 0.0000E+00 1.3299E-06 3.4142E-05 4.9320E-05 6.9524E-05 4.0050E-05 0.0000E+00 0.0000E+00 0.0000E+00 0.0000E+00 0.0000E+00 0.0000E+00 0.0000E+00 0.0000E+00 0.0000E+00 0.0000E+00 0.0000E+00 0.0000E+00 0.0000E+00 0.0000E+00 7.5768E-05 6.1059E-05 0.0000E+00 0
 0 0.0000E+00 2.6597E-06 3.3645E-05 2.9227E-05 1.0429E-04 5.6069E-05 0.0000E+00 0.0000E+00 0.0000E+00 3.1949E-06 0.0000E+00 0.0000E+00 0.0000E+00 0.0000E+00 0.0000E+00 0.0000E+00 0.0000E+00 0.0000E+00 0.0000E+00 0.0000E+00 6.7109E-05 5.1289E-05 0.0000E+00 0
 0 0.0000E+00 1.9948E-06 3.3719E-05 6.0280E-05 5.7937E-05 2.6700E-05 0.0000E+00 0.0000E+00 0.0000E+00 0.0000E+00 0.0000E+00 0.0000E+00 0.0000E+00 0.0000E+00 0.0000E+00 0.0000E+00 0.0000E+00 0.0000E+00 0.0000E+00 0.0000E+00 8.8757E-05 7.5713E-05 0.0000E+00 0
 0 0.0000E+00 1.3299E-06 3.5260E-05 5.6627E-05 7.1842E-05 6.9419E-05 0.0000E+00 0.0000E+00 0.0000E+00 0.0000E+00 0.0000E+00 0.0000E+00 0.0000E+00 0.0000E+00 0.0000E+00 0.0000E+00 0.0000E+00 0.0000E+00 0.0000E+00 0.0000E+00 6.9274E-05 5.6174E-05 0.0000E+00 0
 0 1.9103E-07 1.9948E-06 3.2502E-05 3.1054E-05 1.2051E-04 4.8059E-05 0.0000E+00 0.0000E+00 0.0000E+00 0.0000E+00 0.0000E+00 0.0000E+00 0.0000E+00 0.0000E+00 0.0000E+00 0.0000E+00 0.0000E+00 0.0000E+00 0.0000E+00 0.0000E+00 9.5252E-05 4.2741E-05 0.0000E+00 0
 0 1.9103E-07 0.0000E+00 3.4415E-05 4.9320E-05 9.7334E-05 2.4030E-05 0.0000E+00 0.0000E+00 3.0089E-06 0.0000E+00 0.0000E+00 0.0000E+00 0.0000E+00 0.0000E+00 0.0000E+00 0.0000E+00 0.0000E+00 0.0000E+00 0.0000E+00 0.0000E+00 6.2780E-05 6.4722E-05 0.0000E+00 0
 0 1.9103E-07 0.0000E+00 3.2253E-05 4.9320E-05 9.0381E-05 1.8690E-05 0.0000E+00 0.0000E+00 0.0000E+00 3.1949E-06 0.0000E+00 0.0000E+00 0.0000E+00 0.0000E+00 0.0000E+00 0.0000E+00 0.0000E+00 0.0000E+00 0.0000E+00 0.0000E+00 6.2780E-05 6.5943E-05 0.0000E+00 0
 0 3.8205E-07 2.6597E-06 3.3073E-05 6.5760E-05 5.5619E-05 5.0729E-05 0.0000E+00 0.0000E+00 0.0000E+00 3.1949E-06 0.0000E+00 0.0000E+00 0.0000E+00 0.0000E+00 0.0000E+00 0.0000E+00 0.0000E+00 0.0000E+00 0.0000E+00 0.0000E+00 8.8757E-05 6.4722E-05 0.0000E+00 0
 0 9.5513E-07 0.0000E+00 3.4341E-05 5.4800E-05 7.4159E-05 5.0729E-05 0.0000E+00 0.0000E+00 0.0000E+00 0.0000E+00 0.0000E+00 0.0000E+00 0.0000E+00 0.0000E+00 0.0000E+00 0.0000E+00 0.0000E+00 0.0000E+00 0.0000E+00 0.0000E+00 7.1439E-05 4.8847E-05 3.7266E-07 0
 0 3.8205E-07 6.6494E-06 3.3794E-05 4.0187E-05 7.1842E-05 5.3399E-05 0.0000E+00 0.0000E+00 0.0000E+00 0.0000E+00 0.0000E+00 0.0000E+00 0.0000E+00 0.0000E+00 0.0000E+00 0.0000E+00 0.0000E+00 0.0000E+00 0.0000E+00 0.0000E+00 9.0922E-05 4.6405E-05 0.0000E+00 0
 0 0.0000E+00 1.9948E-06 3.1384E-05 5.1147E-05 1.2283E-04 4.5390E-05 0.0000E+00 0.0000E+00 0.0000E+00 0.0000E+00 0.0000E+00 0.0000E+00 0.0000E+00 0.0000E+00 0.0000E+00 0.0000E+00 0.0000E+00 0.0000E+00 3.5393E-06 0.0000E+00 7.5768E-05 7.4492E-05 0.0000E+00 0
 0 0.0000E+00 2.6597E-06 3.2552E-05 3.4707E-05 8.1112E-05 4.5390E-05 0.0000E+00 0.0000E+00 0.0000E+00 0.0000E+00 0.0000E+00 0.0000E+00 0.0000E+00 0.0000E+00 0.0000E+00 0.0000E+00 0.0000E+00 0.0000E+00 0.0000E+00 0.0000E+00 6.4944E-05 6.4722E-05 0.0000E+00 0
 0 0.0000E+00 0.0000E+00 3.1632E-05 2.7400E-05 7.6477E-05 2.9370E-05 0.0000E+00 0.0000E+00 0.0000E+00 0.0000E+00 0.0000E+00 0.0000E+00 0.0000E+00 0.0000E+00 0.0000E+00 0.0000E+00 0.0000E+00 0.0000E+00 0.0000E+00 0.0000E+00 7.5768E-05 6.1059E-05 3.7266E-07 0
 0 1.9103E-07 2.6597E-06 3.2726E-05 3.6534E-05 8.8064E-05 4.8059E-05 0.0000E+00 0.0000E+00 0.0000E+00 0.0000E+00 0.0000E+00 0.0000E+00 0.0000E+00 0.0000E+00 0.0000E+00 0.0000E+00 0.0000E+00 0.0000E+00 0.0000E+00 0.0000E+00 7.1439E-05 5.4953E-05 0.0000E+00 0
 0 0.0000E+00 6.6494E-07 3.3198E-05 5.1147E-05 6.9524E-05 5.0729E-05 0.0000E+00 0.0000E+00 0.0000E+00 0.0000E+00 0.0000E+00 0.0000E+00 0.0000E+00 0.0000E+00 0.0000E+00 0.0000E+00 0.0000E+00 0.0000E+00 0.0000E+00 0.0000E+00 8.0098E-05 5.4953E-05 0.0000E+00 0
 0 1.9103E-07 0.0000E+00 3.1409E-05 4.7494E-05 6.2572E-05 4.0050E-05 0.0000E+00 0.0000E+00 0.0000E+00 0.0000E+00 0.0000E+00 0.0000E+00 0.0000E+00 0.0000E+00 0.0000E+00 0.0000E+00 0.0000E+00 0.0000E+00 0.0000E+00 0.0000E+00 7.7933E-05 5.8616E-05 0.0000E+00 0
 0 3.8205E-07 6.6494E-07 3.2328E-05 5.4800E-05 8.1112E-05 2.6700E-05 0.0000E+00 0.0000E+00 0.0000E+00 0.0000E+00 0.0000E+00 0.0000E+00 0.0000E+00 0.0000E+00 0.0000E+00 0.0000E+00 0.0000E+00 0.0000E+00 0.0000E+00 0.0000E+00 4.9791E-05 5.6174E-05 3.7266E-07 0
 0 1.9103E-07 0.0000E+00 3.2030E-05 5.1147E-05 9.9651E-05 6.6749E-05 0.0000E+00 0.0000E+00 0.0000E+00 6.3898E-06 0.0000E+00 0.0000E+00 0.0000E+00 0.0000E+00 0.0000E+00 0.0000E+00 0.0000E+00 0.0000E+00 0.0000E+00 0.0000E+00 6.2780E-05 7.4492E-05 0.0000E+00 0
 0 1.9103E-07 2.6597E-06 3.2402E-05 4.3840E-05 9.7334E-05 3.7380E-05 0.0000E+00 0.0000E+00 3.0089E-06 6.3898E-06 0.0000E+00 0.0000E+00 0.0000E+00 0.0000E+00 0.0000E+00 0.0000E+00 0.0000E+00 0.0000E+00 0.0000E+00 0.0000E+00 5.6285E-05 5.0068E-05 0.0000E+00 0
 0 3.8205E-07 2.6597E-06 3.2974E-05 1.6440E-05 6.9524E-05 6.9419E-05 0.0000E+00 0.0000E+00 0.0000E+00 3.1949E-06 0.0000E+00 0.0000E+00 0.0000E+00 0.0000E+00 0.0000E+00 0.0000E+00 0.0000E+00 0.0000E+00 0.0000E+00 0.0000E+00 9.3087E-05 5.6174E-05 0.0000E+00 0
 0 1.9103E-07 1.3299E-06 3.1259E-05 2.5573E-05 9.7334E-05 4.8059E-05 0.0000E+00 0.0000E+00 0.0000E+00 0.0000E+00 0.0000E+00 0.0000E+00 0.0000E+00 0.0000E+00 0.0000E+00 0.0000E+00 0.0000E+00 0.0000E+00 0.0000E+00 0.0000E+00 6.7109E-05 7.4492E-05 0.0000E+00 0
 0 0.0000E+00 3.3247E-06 3.2278E-05 4.0187E-05 7.8794E-05 4.2720E-05 0.0000E+00 0.0000E+00 0.0000E+00 0.0000E+00 0.0000E+00 0.0000E+00 0.0000E+00 0.0000E+00 0.0000E+00 0.0000E+00 0.0000E+00 0.0000E+00 0.0000E+00 0.0000E+00 7.5768E-05 6.7165E-05 0.0000E+00 0
 0 5.7308E-07 6.6494E-07 3.2601E-05 5.1147E-05 7.4159E-05 2.9370E-05 0.0000E+00 0.0000E+00 0.0000E+00 0.0000E+00 0.0000E+00 0.0000E+00 0.0000E+00 0.0000E+00 0.0000E+00 0.0000E+00 0.0000E+00 0.0000E+00 0.0000E+00 0.0000E+00 6.7109E-05 6.3501E-05 0.0000E+00 0
 0 0.0000E+00 5.3195E-06 3.1185E-05 3.2880E-05 5.5619E-05 4.5390E-05 0.0000E+00 0.0000E+00 0.0000E+00 0.0000E+00 0.0000E+00 0.0000E+00 0.0000E+00 0.0000E+00 0.0000E+00 0.0000E+00 0.0000E+00 0.0000E+00 0.0000E+00 0.0000E+00 8.2263E-05 7.4492E-05 7.4531E-07 0
 0 1.9103E-07 1.3299E-06 3.1906E-05 4.5667E-05 1.1124E-04 4.2720E-05 0.0000E+00 0.0000E+00 0.0000E+00 0.0000E+00 0.0000E+00 0.0000E+00 0.0000E+00 0.0000E+00 0.0000E+00 0.0000E+00 0.0000E+00 0.0000E+00 0.0000E+00 0.0000E+00 5.8450E-05 4.8847E-05 0.0000E+00 0
 0 3.8205E-07 1.3299E-06 3.2353E-05 4.5667E-05 8.5746E-05 3.2040E-05 0.0000E+00 0.0000E+00 0.0000E+00 6.3898E-06 0.0000E+00 0.0000E+00 0.0000E+00 0.0000E+00 0.0000E+00 0.0000E+00 0.0000E+00 0.0000E+00 0.0000E+00 0.0000E+00 4.5461E-05 5.8616E-05 3.7266E-07 0
 0 0.0000E+00 1.9948E-06 3.2427E-05 5.4800E-05 7.8794E-05 2.9370E-05 0.0000E+00 0.0000E+00 0.0000E+00 0.0000E+00 0.0000E+00 0.0000E+00 0.0000E+00 0.0000E+00 0.0000E+00 0.0000E+00 0.0000E+00 0.0000E+00 0.0000E+00 0.0000E+00 7.5768E-05 5.7395E-05 0.0000E+00 0
 0 1.9103E-07 1.9948E-06 3.1607E-05 4.5667E-05 9.0381E-05 3.4710E-05 0.0000E+00 0.0000E+00 0.0000E+00 0.0000E+00 0.0000E+00 0.0000E+00 0.0000E+00 0.0000E+00 0.0000E+00 0.0000E+00 0.0000E+00 0.0000E+00 0.0000E+00 0.0000E+00 5.8450E-05 8.0597E-05 7.4531E-07 0
 0 3.8205E-07 0.0000E+00 2.9197E-05 3.6534E-05 1.1124E-04 1.0680E-05 0.0000E+00 0.0000E+00 0.0000E+00 0.0000E+00 0.0000E+00 0.0000E+00 0.0000E+00 0.0000E+00 0.0000E+00 0.0000E+00 0.0000E+00 0.0000E+00 0.0000E+00 0.0000E+00 6.4944E-05 4.7626E-05 0.0000E+00 0
 0 0.0000E+00 2.6597E-06 3.3272E-05 5.1147E-05 8.1112E-05 2.6700E-05 0.0000E+00 0.0000E+00 0.0000E+00 0.0000E+00 0.0000E+00 0.0000E+00 0.0000E+00 0.0000E+00 0.0000E+00 0.0000E+00 0.0000E+00 0.0000E+00 0.0000E+00 0.0000E+00 7.5768E-05 7.9376E-05 0.0000E+00 0
 0 1.9103E-07 6.6494E-07 3.3446E-05 4.5667E-05 6.9524E-05 4.2720E-05 2.8736E-06 0.0000E+00 0.0000E+00 0.0000E+00 0.0000E+00 0.0000E+00 0.0000E+00 0.0000E+00 0.0000E+00 0.0000E+00 0.0000E+00 0.0000E+00 0.0000E+00 0.0000E+00 7.5768E-05 7.5713E-05 7.4531E-07 0
 0 0.0000E+00 0.0000E+00 3.1036E-05 3.6534E-05 9.9651E-05 3.7380E-05 0.0000E+00 0.0000E+00 0.0000E+00 0.0000E+00 0.0000E+00 0.0000E+00 0.0000E+00 0.0000E+00 0.0000E+00 0.0000E+00 0.0000E+00 0.0000E+00 0.0000E+00 0.0000E+00 5.6285E-05 7.4492E-05 0.0000E+00 0
 0 0.0000E+00 3.9896E-06 3.1781E-05 4.3840E-05 6.9524E-05 2.4030E-05 0.0000E+00 0.0000E+00 0.0000E+00 0.0000E+00 0.0000E+00 0.0000E+00 0.0000E+00 0.0000E+00 0.0000E+00 0.0000E+00 0.0000E+00 0.0000E+00 0.0000E+00 0.0000E+00 6.9274E-05 5.1289E-05 0.0000E+00 0
 0 1.9103E-07 1.3299E-06 3.1906E-05 4.0187E-05 9.7334E-05 2.6700E-05 0.0000E+00 0.0000E+00 0.0000E+00 0.0000E+00 0.0000E+00 0.0000E+00 0.0000E+00 0.0000E+00 0.0000E+00 0.0000E+00 0.0000E+00 0.0000E+00 0.0000E+00 0.0000E+00 3.2472E-05 5.6174E-05 0.0000E+00 0
