 0.0000E+00 0.0000E+00 0.0000E+00 0.0000E+00 0.0000E+00 0.0000E+00 0.0000E+00 0.0000E+00 2.6182E-05 1.2306E-04 0.0000E+00 0.0000E+00 0.0000E+00 0.0000E+00 0.0000E+00 1.5256E-02 1.8922E+03 0.0000E+00 0.0000E+00 0.0000E+00 0.0000E+00 0.0000E+00 0.0000E+00 0.0000E+00 0.0000E+00
 0.0000E+00 0.0000E+00 0.0000E+00 0.0000E+00 0.0000E+00 0.0000E+00 0.0000E+00 0.0000E+00 0.0000E+00 1.6701E-04 0.0000E+00 0.0000E+00 0.0000E+00 0.0000E+00 0.0000E+00 1.8067E-02 0.0000E+00 0.0000E+00 2.4147E-05 0.0000E+00 0.0000E+00 0.0000E+00 0.0000E+00 0.0000E+00 0.0000E+00
 0.0000E+00 0.0000E+00 0.0000E+00 0.0000E+00 0.0000E+00 0.0000E+00 0.0000E+00 0.0000E+00 8.7273E-06 1.1427E-04 0.0000E+00 0.0000E+00 0.0000E+00 0.0000E+00 0.0000E+00 1.9860E-02 0.0000E+00 0.0000E+00 3.6221E-05 0.0000E+00 0.0000E+00 0.0000E+00 0.0000E+00 0.0000E+00 0.0000E+00
 0.0000E+00 0.0000E+00 0.0000E+00 0.0000E+00 0.0000E+00 0.0000E+00 0.0000E+00 0.0000E+00 8.7273E-06 8.7900E-05 0.0000E+00 0.0000E+00 0.0000E+00 0.0000E+00 0.0000E+00 2.1734E-02 0.0000E+00 0.0000E+00 0.0000E+00 0.0000E+00 0.0000E+00 0.0000E+00 0.0000E+00 0.0000E+00 0.0000E+00
 0.0000E+00 0.0000E+00 0.0000E+00 0.0000E+00 0.0000E+00 0.0000E+00 0.0000E+00 0.0000E+00 6.9818E-05 1.1427E-04 0.0000E+00 0.0000E+00 0.0000E+00 0.0000E+00 0.0000E+00 2.6704E-02 0.0000E+00 0.0000E+00 6.0368E-05 0.0000E+00 0.0000E+00 0.0000E+00 0.0000E+00 0.0000E+00 0.0000E+00
 0.0000E+00 0.0000E+00 0.0000E+00 0.0000E+00 0.0000E+00 0.0000E+00 0.0000E+00 0.0000E+00 6.1091E-05 2.3733E-04 0.0000E+00 0.0000E+00 0.0000E+00 0.0000E+00 0.0000E+00 3.5686E-02 0.0000E+00 0.0000E+00 0.0000E+00 0.0000E+00 0.0000E+00 0.0000E+00 0.0000E+00 0.0000E+00 0.0000E+00
 0.0000E+00 0.0000E+00 0.0000E+00 0.0000E+00 0.0000E+00 0.0000E+00 0.0000E+00 0.0000E+00 2.6182E-05 4.1313E-04 0.0000E+00 0.0000E+00 0.0000E+00 0.0000E+00 1.4220E-05 4.4201E-02 0.0000E+00 0.0000E+00 0.0000E+00 0.0000E+00 0.0000E+00 0.0000E+00 0.0000E+00 0.0000E+00 0.0000E+00
 0.0000E+00 0.0000E+00 0.0000E+00 0.0000E+00 0.0000E+00 0.0000E+00 0.0000E+00 0.0000E+00 8.7273E-06 5.6256E-04 0.0000E+00 0.0000E+00 0.0000E+00 0.0000E+00 0.0000E+00 5.7115E-02 0.0000E+00 0.0000E+00 0.0000E+00 0.0000E+00 0.0000E+00 0.0000E+00 0.0000E+00 0.0000E+00 0.0000E+00
 0.0000E+00 0.0000E+00 0.0000E+00 0.0000E+00 0.0000E+00 0.0000E+00 0.0000E+00 0.0000E+00 5.2364E-05 3.6039E-04 0.0000E+00 0.0000E+00 0.0000E+00 0.0000E+00 0.0000E+00 8.0009E-02 0.0000E+00 1.6843E-05 0.0000E+00 0.0000E+00 0.0000E+00 0.0000E+00 0.0000E+00 0.0000E+00 0.0000E+00
 0.0000E+00 0.0000E+00 0.0000E+00 0.0000E+00 0.0000E+00 0.0000E+00 0.0000E+00 0.0000E+00 1.0473E-04 6.2409E-04 0.0000E+00 0.0000E+00 0.0000E+00 0.0000E+00 0.0000E+00 1.1089E-01 0.0000E+00 1.6843E-05 0.0000E+00 0.0000E+00 0.0000E+00 0.0000E+00 0.0000E+00 0.0000E+00 0.0000E+00
 0.0000E+00 0.0000E+00 0.0000E+00 0.0000E+00 0.0000E+00 0.0000E+00 0.0000E+00 0.0000E+00 2.7055E-04 2.9886E-04 0.0000E+00 0.0000E+00 0.0000E+00 0.0000E+00 1.4220E-05 1.4953E-01 0.0000E+00 5.0528E-05 8.4516E-05 0.0000E+00 0.0000E+00 0.0000E+00 0.0000E+00 0.0000E+00 0.0000E+00
 0.0000E+00 0.0000E+00 0.0000E+00 0.0000E+00 0.0000E+00 0.0000E+00 0.0000E+00 0.0000E+00 3.2291E-04 9.8448E-04 0.0000E+00 0.0000E+00 0.0000E+00 0.0000E+00 2.8440E-05 2.0263E-01 0.0000E+00 1.1790E-04 3.6221E-05 0.0000E+00 0.0000E+00 0.0000E+00 0.0000E+00 0.0000E+00 0.0000E+00
 0.0000E+00 0.0000E+00 0.0000E+00 0.0000E+00 0.0000E+00 0.0000E+00 0.0000E+00 0.0000E+00 1.7455E-04 1.0900E-03 0.0000E+00 0.0000E+00 0.0000E+00 0.0000E+00 5.6881E-05 2.7967E-01 0.0000E+00 3.8738E-04 2.4147E-05 0.0000E+00 0.0000E+00 0.0000E+00 0.0000E+00 0.0000E+00 0.0000E+00
 0.0000E+00 0.0000E+00 0.0000E+00 0.0000E+00 0.0000E+00 0.0000E+00 0.0000E+00 0.0000E+00 4.9746E-04 1.0021E-03 3.6301E-05 0.0000E+00 0.0000E+00 0.0000E+00 1.4220E-04 3.7459E-01 0.0000E+00 4.8844E-04 7.2442E-05 0.0000E+00 0.0000E+00 0.0000E+00 0.0000E+00 0.0000E+00 0.0000E+00
 0.0000E+00 0.0000E+00 0.0000E+00 0.0000E+00 0.0000E+00 0.0000E+00 0.0000E+00 0.0000E+00 3.5782E-04 1.2658E-03 0.0000E+00 0.0000E+00 0.0000E+00 4.7570E-05 2.2752E-04 4.8301E-01 0.0000E+00 7.5792E-04 1.2074E-04 0.0000E+00 0.0000E+00 0.0000E+00 0.0000E+00 0.0000E+00 0.0000E+00
 0.0000E+00 0.0000E+00 0.0000E+00 0.0000E+00 0.0000E+00 0.0000E+00 0.0000E+00 0.0000E+00 5.1491E-04 1.3625E-03 0.0000E+00 0.0000E+00 2.1036E-05 2.3785E-05 4.1239E-04 6.3922E-01 0.0000E+00 2.5938E-03 4.2258E-04 0.0000E+00 1.3284E-04 0.0000E+00 0.0000E+00 0.0000E+00 0.0000E+00
 0.0000E+00 0.0000E+00 0.0000E+00 0.0000E+00 0.0000E+00 0.0000E+00 2.5611E-05 0.0000E+00 7.5055E-04 1.5119E-03 0.0000E+00 0.0000E+00 9.4661E-05 2.3785E-05 7.8211E-04 8.2663E-01 0.0000E+00 4.6486E-03 4.7087E-04 0.0000E+00 0.0000E+00 0.0000E+00 0.0000E+00 0.0000E+00 0.0000E+00
 0.0000E+00 0.0000E+00 0.0000E+00 0.0000E+00 0.0000E+00 0.0000E+00 8.5370E-06 0.0000E+00 7.3309E-04 2.2502E-03 0.0000E+00 0.0000E+00 1.3673E-04 1.1892E-04 1.0950E-03 1.0451E+00 0.0000E+00 7.3097E-03 8.0894E-04 0.0000E+00 0.0000E+00 0.0000E+00 0.0000E+00 0.0000E+00 0.0000E+00
 0.0000E+00 0.0000E+00 0.0000E+00 0.0000E+00 0.0000E+00 0.0000E+00 8.5370E-06 0.0000E+00 1.0385E-03 3.0501E-03 0.0000E+00 0.0000E+00 2.6295E-04 2.3785E-04 2.0761E-03 1.2919E+00 0.0000E+00 1.1958E-02 1.0383E-03 0.0000E+00 0.0000E+00 0.0000E+00 0.0000E+00 0.0000E+00 0.0000E+00
 0.0000E+00 0.0000E+00 0.0000E+00 0.0000E+00 0.0000E+00 0.0000E+00 2.5611E-05 0.0000E+00 1.1258E-03 2.4964E-03 1.1798E-04 0.0000E+00 2.3139E-04 2.2596E-04 3.0858E-03 1.5737E+00 0.0000E+00 2.2114E-02 9.4175E-04 0.0000E+00 4.4279E-05 0.0000E+00 0.0000E+00 0.0000E+00 0.0000E+00
 0.0000E+00 0.0000E+00 0.0000E+00 0.0000E+00 0.0000E+00 0.0000E+00 1.1952E-04 0.0000E+00 1.4138E-03 2.9622E-03 0.0000E+00 0.0000E+00 2.1036E-04 2.0217E-04 4.7495E-03 1.8610E+00 0.0000E+00 3.3837E-02 1.7024E-03 0.0000E+00 1.7712E-05 0.0000E+00 0.0000E+00 0.0000E+00 0.0000E+00
 0.0000E+00 0.0000E+00 0.0000E+00 0.0000E+00 0.0000E+00 0.0000E+00 1.2806E-04 0.0000E+00 2.1905E-03 3.0150E-03 1.0890E-04 0.0000E+00 2.6295E-04 3.9245E-04 8.1908E-03 2.1878E+00 0.0000E+00 6.0044E-02 2.5234E-03 0.0000E+00 1.4169E-04 0.0000E+00 0.0000E+00 0.0000E+00 0.0000E+00
 0.0000E+00 0.0000E+00 0.0000E+00 0.0000E+00 0.0000E+00 0.0000E+00 1.3659E-04 0.0000E+00 2.7491E-03 4.5972E-03 1.8150E-05 0.0000E+00 2.9450E-04 7.1354E-04 1.1789E-02 2.5394E+00 0.0000E+00 9.1052E-02 2.9339E-03 0.0000E+00 2.8339E-04 0.0000E+00 0.0000E+00 0.0000E+00 0.0000E+00
 0.0000E+00 0.0000E+00 0.0000E+00 0.0000E+00 0.0000E+00 0.0000E+00 1.3659E-04 0.0000E+00 4.0495E-03 4.8345E-03 4.0839E-04 0.0000E+00 6.6262E-04 9.0382E-04 1.6055E-02 2.8744E+00 0.0000E+00 1.3501E-01 4.2620E-03 0.0000E+00 7.0846E-05 0.0000E+00 0.0000E+00 0.0000E+00 0.0000E+00
 0.0000E+00 0.0000E+00 0.0000E+00 0.0000E+00 0.0000E+00 0.0000E+00 1.1952E-04 4.3335E-05 2.9324E-03 6.6804E-03 6.3527E-05 0.0000E+00 8.4143E-04 1.6174E-03 2.1657E-02 3.2009E+00 0.0000E+00 2.0351E-01 5.9523E-03 0.0000E+00 3.4538E-04 0.0000E+00 0.0000E+00 0.0000E+00 0.0000E+00
 0.0000E+00 0.0000E+00 0.0000E+00 0.0000E+00 0.0000E+00 0.0000E+00 2.5611E-04 0.0000E+00 4.2851E-03 5.7575E-03 1.3613E-04 0.0000E+00 1.2306E-03 1.9979E-03 3.0317E-02 3.5314E+00 0.0000E+00 2.9237E-01 7.9083E-03 0.0000E+00 3.8965E-04 0.0000E+00 0.0000E+00 0.0000E+00 0.0000E+00
 0.0000E+00 0.0000E+00 0.0000E+00 0.0000E+00 0.0000E+00 0.0000E+00 3.0733E-04 8.6669E-05 4.5644E-03 8.4033E-03 4.8099E-04 0.0000E+00 1.4094E-03 2.6044E-03 3.8707E-02 3.8053E+00 0.0000E+00 3.7997E-01 1.0251E-02 0.0000E+00 2.8339E-04 0.0000E+00 0.0000E+00 0.0000E+00 0.0000E+00
 0.0000E+00 0.0000E+00 0.0000E+00 0.0000E+00 0.0000E+00 0.0000E+00 8.8785E-04 4.9401E-04 5.4284E-03 7.8934E-03 5.5359E-04 0.0000E+00 2.4612E-03 4.7213E-03 5.9654E-02 4.0456E+00 0.0000E+00 5.1741E-01 1.1832E-02 0.0000E+00 6.7304E-04 0.0000E+00 0.0000E+00 0.0000E+00 0.0000E+00
 0.0000E+00 0.0000E+00 0.0000E+00 0.0000E+00 0.0000E+00 0.0000E+00 6.4881E-04 9.5336E-05 5.5942E-03 9.3877E-03 4.5376E-04 0.0000E+00 2.8503E-03 5.0900E-03 7.3504E-02 4.3044E+00 0.0000E+00 6.7403E-01 1.5841E-02 2.9890E-05 7.0846E-04 0.0000E+00 0.0000E+00 0.0000E+00 0.0000E+00
 0.0000E+00 0.0000E+00 0.0000E+00 0.0000E+00 0.0000E+00 0.0000E+00 6.4028E-04 2.6001E-04 6.7462E-03 1.1357E-02 6.0804E-04 0.0000E+00 2.7557E-03 6.8738E-03 9.4195E-02 4.4755E+00 0.0000E+00 8.5128E-01 1.9825E-02 1.9927E-05 1.1690E-03 0.0000E+00 0.0000E+00 0.0000E+00 0.0000E+00
 0.0000E+00 0.0000E+00 0.0000E+00 0.0000E+00 0.0000E+00 0.0000E+00 1.5537E-03 1.9067E-04 8.6400E-03 1.1445E-02 1.0074E-03 0.0000E+00 4.8592E-03 7.8014E-03 1.1732E-01 4.6515E+00 0.0000E+00 1.0522E+00 2.4027E-02 9.9634E-06 1.3815E-03 0.0000E+00 0.0000E+00 0.0000E+00 0.0000E+00
 0.0000E+00 0.0000E+00 0.0000E+00 0.0000E+00 0.0000E+00 0.0000E+00 1.0244E-03 5.8935E-04 9.8356E-03 1.2104E-02 8.4400E-04 0.0000E+00 5.5745E-03 1.0882E-02 1.4911E-01 4.7261E+00 0.0000E+00 1.2608E+00 3.0160E-02 0.0000E+00 9.7414E-04 0.0000E+00 0.0000E+00 0.0000E+00 0.0000E+00
 0.0000E+00 0.0000E+00 0.0000E+00 0.0000E+00 0.0000E+00 0.0000E+00 5.8905E-04 6.9335E-04 9.6262E-03 1.3044E-02 1.5609E-03 1.9253E-05 5.9321E-03 1.4984E-02 1.8469E-01 4.8158E+00 0.0000E+00 1.4857E+00 3.7416E-02 9.9634E-06 1.8686E-03 6.7173E-05 0.0000E+00 0.0000E+00 0.0000E+00
 0.0000E+00 0.0000E+00 0.0000E+00 0.0000E+00 0.0000E+00 0.0000E+00 1.6476E-03 9.1003E-04 1.0752E-02 1.5743E-02 2.0873E-03 2.8880E-05 8.9191E-03 1.8933E-02 2.2309E-01 4.8644E+00 0.0000E+00 1.7218E+00 4.1461E-02 5.9780E-05 3.1527E-03 1.0916E-04 0.0000E+00 0.0000E+00 0.0000E+00
 0.0000E+00 0.0000E+00 0.0000E+00 0.0000E+00 0.0000E+00 0.0000E+00 2.0574E-03 1.2394E-03 1.4042E-02 1.6771E-02 1.9966E-03 9.6265E-06 1.0539E-02 2.2976E-02 2.6687E-01 4.8245E+00 0.0000E+00 1.9900E+00 5.2327E-02 8.9670E-05 2.4353E-03 2.5190E-05 0.0000E+00 0.0000E+00 0.0000E+00
 0.0000E+00 0.0000E+00 0.0000E+00 0.0000E+00 0.0000E+00 0.0000E+00 2.7916E-03 1.0574E-03 1.5360E-02 1.7598E-02 2.8405E-03 0.0000E+00 1.2001E-02 2.7507E-02 3.0532E-01 4.7600E+00 0.0000E+00 2.2170E+00 6.3677E-02 2.3912E-04 3.5512E-03 7.5569E-05 0.0000E+00 0.0000E+00 0.0000E+00
 0.0000E+00 0.0000E+00 0.0000E+00 0.0000E+00 0.0000E+00 0.0000E+00 2.9965E-03 1.1440E-03 1.6372E-02 1.9514E-02 3.1219E-03 5.7759E-05 1.4231E-02 3.4072E-02 3.5209E-01 4.7098E+00 0.0000E+00 2.4578E+00 7.2285E-02 2.0923E-04 3.4095E-03 9.2362E-05 0.0000E+00 0.0000E+00 0.0000E+00
 0.0000E+00 0.0000E+00 0.0000E+00 0.0000E+00 0.0000E+00 0.0000E+00 2.8514E-03 2.1407E-03 1.7620E-02 2.0876E-02 4.7554E-03 1.3477E-04 1.6545E-02 3.9792E-02 4.1249E-01 4.5857E+00 0.0000E+00 2.6547E+00 8.2427E-02 2.9890E-04 4.9681E-03 1.7633E-04 0.0000E+00 0.0000E+00 0.0000E+00
 0.0000E+00 0.0000E+00 0.0000E+00 0.0000E+00 0.0000E+00 0.0000E+00 3.5599E-03 2.3314E-03 1.8502E-02 2.3381E-02 4.7645E-03 8.6639E-05 1.9353E-02 4.6678E-02 4.7325E-01 4.4473E+00 0.0000E+00 2.8508E+00 9.1531E-02 3.9854E-04 5.7651E-03 1.0916E-04 0.0000E+00 0.0000E+00 0.0000E+00
 0.0000E+00 0.0000E+00 0.0000E+00 0.0000E+00 0.0000E+00 0.0000E+00 5.6003E-03 2.6001E-03 2.0736E-02 2.6062E-02 6.9153E-03 2.5992E-04 2.3413E-02 5.3742E-02 5.4008E-01 4.3152E+00 0.0000E+00 3.0417E+00 1.0514E-01 3.7861E-04 5.7120E-03 4.1143E-04 0.0000E+00 0.0000E+00 0.0000E+00
 0.0000E+00 0.0000E+00 0.0000E+00 0.0000E+00 0.0000E+00 0.0000E+00 5.4466E-03 4.0561E-03 2.3537E-02 2.8198E-02 8.3038E-03 1.8290E-04 2.5590E-02 6.7156E-02 6.0530E-01 4.1099E+00 0.0000E+00 3.1655E+00 1.2333E-01 5.4799E-04 7.7488E-03 3.8624E-04 0.0000E+00 0.0000E+00 0.0000E+00
 0.0000E+00 0.0000E+00 0.0000E+00 0.0000E+00 0.0000E+00 0.0000E+00 6.9235E-03 2.9641E-03 2.5519E-02 2.9332E-02 8.2857E-03 5.3909E-04 3.0197E-02 7.5457E-02 6.6936E-01 3.9784E+00 0.0000E+00 3.3148E+00 1.3675E-01 9.6645E-04 7.6780E-03 5.2059E-04 0.0000E+00 0.0000E+00 0.0000E+00
 0.0000E+00 0.0000E+00 0.0000E+00 0.0000E+00 0.0000E+00 0.0000E+00 6.6845E-03 3.8914E-03 2.8250E-02 2.8893E-02 1.0237E-02 5.4871E-04 3.5435E-02 9.2511E-02 7.3558E-01 3.8067E+00 0.0000E+00 3.4022E+00 1.5393E-01 7.9707E-04 1.0910E-02 7.8088E-04 0.0000E+00 0.0000E+00 0.0000E+00
 0.0000E+00 0.0000E+00 0.0000E+00 0.0000E+00 0.0000E+00 0.0000E+00 9.4334E-03 5.7375E-03 3.1087E-02 3.4474E-02 1.0854E-02 5.4871E-04 4.3123E-02 1.0326E-01 7.9821E-01 3.6280E+00 0.0000E+00 3.5077E+00 1.6600E-01 1.6240E-03 1.1459E-02 3.1067E-04 0.0000E+00 0.0000E+00 0.0000E+00
 0.0000E+00 0.0000E+00 0.0000E+00 0.0000E+00 0.0000E+00 0.0000E+00 9.2883E-03 6.3268E-03 3.1863E-02 3.5204E-02 1.4457E-02 8.9527E-04 4.6878E-02 1.1938E-01 8.6685E-01 3.4731E+00 0.0000E+00 3.4943E+00 1.9125E-01 2.2019E-03 1.3549E-02 7.9767E-04 0.0000E+00 0.0000E+00 0.0000E+00
 0.0000E+00 0.0000E+00 0.0000E+00 0.0000E+00 0.0000E+00 0.0000E+00 1.1192E-02 5.6335E-03 3.6340E-02 3.8500E-02 1.5981E-02 1.3285E-03 4.9223E-02 1.3071E-01 9.6033E-01 3.2688E+00 0.0000E+00 3.5021E+00 2.0785E-01 3.2082E-03 1.5719E-02 8.3126E-04 0.0000E+00 0.0000E+00 0.0000E+00
 0.0000E+00 0.0000E+00 0.0000E+00 0.0000E+00 0.0000E+00 0.0000E+00 1.2370E-02 6.8382E-03 3.4796E-02 4.0531E-02 1.8096E-02 2.3007E-03 5.9941E-02 1.5033E-01 1.0143E+00 3.0793E+00 0.0000E+00 3.5140E+00 2.3340E-01 3.3577E-03 1.7375E-02 1.2007E-03 0.0000E+00 0.0000E+00 0.0000E+00
 0.0000E+00 0.0000E+00 0.0000E+00 0.0000E+00 0.0000E+00 0.0000E+00 1.2942E-02 9.7329E-03 4.0346E-02 4.1111E-02 2.1154E-02 2.0890E-03 6.1971E-02 1.6790E-01 1.0704E+00 2.9409E+00 0.0000E+00 3.4565E+00 2.5993E-01 4.6230E-03 1.9438E-02 1.0748E-03 0.0000E+00 0.0000E+00 0.0000E+00
 0.0000E+00 0.0000E+00 0.0000E+00 0.0000E+00 0.0000E+00 0.0000E+00 1.5008E-02 1.1406E-02 4.2650E-02 4.7088E-02 2.1771E-02 3.3308E-03 7.2016E-02 1.8584E-01 1.1334E+00 2.7588E+00 0.0000E+00 3.3752E+00 2.7720E-01 5.9681E-03 2.2423E-02 1.8640E-03 0.0000E+00 0.0000E+00 0.0000E+00
 0.0000E+00 0.0000E+00 0.0000E+00 0.0000E+00 0.0000E+00 0.0000E+00 1.8090E-02 1.2974E-02 4.7389E-02 4.6737E-02 2.5247E-02 4.1779E-03 7.9609E-02 2.0984E-01 1.1936E+00 2.5830E+00 0.0000E+00 3.2938E+00 2.9288E-01 6.4762E-03 2.3831E-02 1.9228E-03 0.0000E+00 0.0000E+00 0.0000E+00
 0.0000E+00 0.0000E+00 0.0000E+00 0.0000E+00 0.0000E+00 0.0000E+00 1.7620E-02 1.3997E-02 4.6900E-02 5.0323E-02 2.8052E-02 5.0251E-03 8.8970E-02 2.3800E-01 1.2405E+00 2.4620E+00 0.0000E+00 3.2420E+00 3.3052E-01 9.0268E-03 2.5407E-02 2.6701E-03 0.0000E+00 0.0000E+00 0.0000E+00
 0.0000E+00 0.0000E+00 0.0000E+00 0.0000E+00 0.0000E+00 0.0000E+00 2.2222E-02 1.5505E-02 4.9754E-02 4.9813E-02 3.3224E-02 6.8926E-03 9.8983E-02 2.5017E-01 1.2963E+00 2.3162E+00 0.0000E+00 3.1297E+00 3.4665E-01 1.0292E-02 2.7409E-02 2.8296E-03 0.0000E+00 0.0000E+00 0.0000E+00
 0.0000E+00 0.0000E+00 0.0000E+00 0.0000E+00 8.3225E-06 0.0000E+00 2.2905E-02 1.7914E-02 5.5252E-02 5.4410E-02 3.4885E-02 6.5557E-03 1.0640E-01 2.7193E-01 1.3490E+00 2.1897E+00 0.0000E+00 2.9854E+00 3.6356E-01 1.3002E-02 3.2669E-02 3.7869E-03 0.0000E+00 0.0000E+00 0.0000E+00
 0.0000E+00 0.0000E+00 0.0000E+00 0.0000E+00 1.6645E-05 0.0000E+00 2.7173E-02 1.9613E-02 5.6570E-02 5.8770E-02 3.8751E-02 8.4040E-03 1.1955E-01 3.0238E-01 1.3961E+00 1.9991E+00 0.0000E+00 2.8670E+00 3.9506E-01 1.4796E-02 3.4529E-02 4.9876E-03 0.0000E+00 0.0000E+00 0.0000E+00
 0.0000E+00 0.0000E+00 0.0000E+00 0.0000E+00 8.3225E-05 0.0000E+00 2.6772E-02 2.1719E-02 5.8063E-02 5.9728E-02 4.3389E-02 1.1658E-02 1.2552E-01 3.1126E-01 1.4326E+00 1.9124E+00 0.0000E+00 2.7492E+00 4.3087E-01 1.9987E-02 3.8275E-02 4.5174E-03 0.0000E+00 0.0000E+00 0.0000E+00
 0.0000E+00 0.0000E+00 0.0000E+00 3.3160E-05 5.8258E-05 0.0000E+00 3.2466E-02 2.5975E-02 6.2644E-02 5.8656E-02 4.7917E-02 1.4045E-02 1.3829E-01 3.3952E-01 1.4744E+00 1.7627E+00 0.0000E+00 2.6367E+00 4.3751E-01 2.0863E-02 4.4784E-02 6.3982E-03 0.0000E+00 0.0000E+00 0.0000E+00
 0.0000E+00 0.0000E+00 0.0000E+00 0.0000E+00 1.5813E-04 0.0000E+00 3.3747E-02 2.9311E-02 6.7392E-02 6.4677E-02 5.2700E-02 1.8753E-02 1.4466E-01 3.6260E-01 1.4746E+00 1.6727E+00 0.0000E+00 2.4787E+00 4.7021E-01 2.7021E-02 4.4146E-02 6.2638E-03 0.0000E+00 0.0000E+00 0.0000E+00
 0.0000E+00 0.0000E+00 0.0000E+00 8.2901E-06 2.2471E-04 7.5721E-05 3.7204E-02 2.7500E-02 7.1389E-02 6.8931E-02 5.6003E-02 1.8955E-02 1.5964E-01 4.0365E-01 1.5186E+00 1.5694E+00 0.0000E+00 2.3809E+00 4.9694E-01 3.1763E-02 5.2240E-02 7.4142E-03 0.0000E+00 0.0000E+00 0.0000E+00
 0.0000E+00 0.0000E+00 0.0000E+00 8.2901E-06 3.8284E-04 0.0000E+00 3.6726E-02 3.5240E-02 7.2210E-02 6.7947E-02 6.4470E-02 2.3296E-02 1.6897E-01 4.2270E-01 1.5351E+00 1.4776E+00 0.0000E+00 2.2393E+00 5.2921E-01 3.9525E-02 5.2745E-02 8.5897E-03 0.0000E+00 0.0000E+00 0.0000E+00
 0.0000E+00 0.0000E+00 0.0000E+00 6.6320E-05 1.5813E-04 1.6827E-05 4.1336E-02 3.7788E-02 7.4444E-02 7.1770E-02 6.5514E-02 2.6877E-02 1.8150E-01 4.5587E-01 1.5618E+00 1.3824E+00 0.0000E+00 2.0982E+00 5.3658E-01 4.3092E-02 5.8271E-02 1.0420E-02 0.0000E+00 0.0000E+00 0.0000E+00
 0.0000E+00 0.0000E+00 0.0000E+00 7.4610E-05 2.5800E-04 6.7308E-05 4.6091E-02 4.3421E-02 7.7908E-02 7.5322E-02 7.3500E-02 3.2615E-02 1.9782E-01 4.7319E-01 1.5385E+00 1.2995E+00 0.0000E+00 2.0042E+00 5.6362E-01 4.7695E-02 6.1078E-02 1.1058E-02 0.0000E+00 0.0000E+00 0.0000E+00
 0.0000E+00 0.0000E+00 0.0000E+00 6.6320E-05 3.0793E-04 1.5144E-04 5.1973E-02 4.4600E-02 8.0457E-02 8.0218E-02 7.7630E-02 3.7813E-02 2.0076E-01 5.0017E-01 1.5728E+00 1.2134E+00 0.0000E+00 1.8807E+00 6.0149E-01 5.6961E-02 6.5427E-02 1.3401E-02 8.2892E-06 0.0000E+00 0.0000E+00
 0.0000E+00 0.0000E+00 0.0000E+00 4.1450E-05 6.4916E-04 2.1034E-04 5.5055E-02 4.9687E-02 8.4803E-02 8.4033E-02 8.3274E-02 4.4571E-02 2.1312E-01 5.2042E-01 1.5730E+00 1.1379E+00 0.0000E+00 1.7571E+00 6.3126E-01 6.6456E-02 7.0049E-02 1.4333E-02 7.4603E-05 0.0000E+00 0.0000E+00
 0.0000E+00 0.0000E+00 0.0000E+00 4.1450E-05 4.4942E-04 2.4399E-04 5.4876E-02 5.5000E-02 8.9725E-02 8.8955E-02 8.4563E-02 5.1348E-02 2.3081E-01 5.6067E-01 1.5638E+00 1.0736E+00 0.0000E+00 1.6594E+00 6.3266E-01 7.5642E-02 7.4893E-02 1.7003E-02 0.0000E+00 0.0000E+00 0.0000E+00
 0.0000E+00 0.0000E+00 0.0000E+00 1.6580E-04 7.4903E-04 4.2067E-04 5.9904E-02 5.6751E-02 9.1392E-02 8.6916E-02 9.2912E-02 5.8837E-02 2.4029E-01 5.7654E-01 1.5559E+00 1.0045E+00 0.0000E+00 1.5398E+00 6.4556E-01 8.5147E-02 7.9738E-02 1.7784E-02 3.3157E-05 0.0000E+00 0.0000E+00
 0.0000E+00 0.0000E+00 0.0000E+00 2.6528E-04 1.4148E-03 6.5625E-04 6.3302E-02 6.0902E-02 9.6576E-02 9.2392E-02 1.0260E-01 6.5114E-02 2.5001E-01 5.9187E-01 1.5520E+00 9.5463E-01 0.0000E+00 1.4536E+00 6.6299E-01 9.5818E-02 8.3528E-02 2.0093E-02 0.0000E+00 0.0000E+00 0.0000E+00
 0.0000E+00 0.0000E+00 0.0000E+00 2.7357E-04 1.3150E-03 5.6370E-04 7.0806E-02 6.6129E-02 9.6995E-02 9.4572E-02 1.0902E-01 7.4298E-02 2.7080E-01 6.2266E-01 1.5375E+00 8.8063E-01 0.0000E+00 1.3721E+00 6.8336E-01 9.9544E-02 8.9258E-02 2.1789E-02 2.4868E-05 0.0000E+00 0.0000E+00
 0.0000E+00 0.0000E+00 0.0000E+00 2.9844E-04 1.7394E-03 9.4231E-04 7.0038E-02 7.4882E-02 1.0295E-01 9.8448E-02 1.1639E-01 7.8841E-02 2.7719E-01 6.4018E-01 1.5327E+00 8.3660E-01 0.0000E+00 1.2683E+00 7.0964E-01 1.1329E-01 9.7254E-02 2.3888E-02 1.1605E-04 0.0000E+00 0.0000E+00
 0.0000E+00 0.0000E+00 0.0000E+00 3.4818E-04 2.5300E-03 1.2452E-03 7.3034E-02 7.7491E-02 1.0991E-01 1.0222E-01 1.2193E-01 9.3801E-02 2.9103E-01 6.7081E-01 1.5116E+00 8.0553E-01 0.0000E+00 1.1895E+00 7.2259E-01 1.2721E-01 1.0142E-01 2.7566E-02 7.4603E-05 0.0000E+00 0.0000E+00
 0.0000E+00 0.0000E+00 0.0000E+00 4.8911E-04 2.4302E-03 1.7079E-03 7.7286E-02 8.2526E-02 1.0906E-01 1.0274E-01 1.2796E-01 9.8595E-02 3.0232E-01 6.9649E-01 1.4994E+00 7.5404E-01 0.0000E+00 1.1062E+00 7.3456E-01 1.3838E-01 1.0338E-01 2.7180E-02 1.6578E-05 0.0000E+00 0.0000E+00
 0.0000E+00 0.0000E+00 0.0000E+00 5.5543E-04 3.3040E-03 2.9952E-03 8.1281E-02 8.3159E-02 1.1647E-01 1.1118E-01 1.3865E-01 1.1068E-01 3.1572E-01 7.0643E-01 1.4705E+00 7.1267E-01 0.0000E+00 1.0596E+00 7.4871E-01 1.5862E-01 1.1410E-01 3.2789E-02 1.1605E-04 0.0000E+00 0.0000E+00
 0.0000E+00 0.0000E+00 0.0000E+00 7.2123E-04 3.8617E-03 3.4075E-03 8.9519E-02 9.0084E-02 1.1390E-01 1.0956E-01 1.3598E-01 1.1852E-01 3.2701E-01 7.2787E-01 1.4243E+00 6.6507E-01 0.0000E+00 9.8141E-01 7.6685E-01 1.6604E-01 1.1671E-01 3.6248E-02 8.2892E-06 0.0000E+00 0.0000E+00
 0.0000E+00 0.0000E+00 0.0000E+00 6.0517E-04 5.4929E-03 4.7031E-03 9.3591E-02 9.5804E-02 1.1895E-01 1.1198E-01 1.4740E-01 1.3711E-01 3.4512E-01 7.5142E-01 1.4151E+00 6.3197E-01 0.0000E+00 9.1237E-01 7.7780E-01 1.8071E-01 1.2149E-01 3.7482E-02 1.8236E-04 0.0000E+00 0.0000E+00
 0.0000E+00 0.0000E+00 0.0000E+00 1.3181E-03 6.5332E-03 5.9315E-03 9.5469E-02 1.0142E-01 1.2404E-01 1.1301E-01 1.5345E-01 1.5486E-01 3.4452E-01 7.7087E-01 1.3966E+00 6.0296E-01 0.0000E+00 8.5362E-01 7.7689E-01 1.9080E-01 1.2884E-01 3.9850E-02 2.0723E-04 0.0000E+00 0.0000E+00
 0.0000E+00 0.0000E+00 8.2774E-06 7.6269E-04 7.7816E-03 7.5974E-03 9.8483E-02 1.0733E-01 1.2772E-01 1.1709E-01 1.5805E-01 1.5922E-01 3.5772E-01 7.7684E-01 1.3698E+00 5.7654E-01 0.0000E+00 8.0868E-01 7.9005E-01 2.1369E-01 1.3004E-01 4.3654E-02 2.9012E-04 0.0000E+00 0.0000E+00
 0.0000E+00 0.0000E+00 2.4832E-05 8.9533E-04 8.5888E-03 8.9519E-03 1.0147E-01 1.1309E-01 1.2578E-01 1.2034E-01 1.7190E-01 1.7047E-01 3.6620E-01 7.9109E-01 1.3394E+00 5.3355E-01 0.0000E+00 7.4716E-01 7.9591E-01 2.2262E-01 1.3869E-01 4.5174E-02 3.5644E-04 0.0000E+00 0.0000E+00
 0.0000E+00 0.0000E+00 0.0000E+00 1.3761E-03 9.9954E-03 9.9784E-03 1.0605E-01 1.2013E-01 1.3180E-01 1.2255E-01 1.6919E-01 1.8018E-01 3.8052E-01 7.9413E-01 1.2865E+00 5.1090E-01 0.0000E+00 6.8824E-01 8.0742E-01 2.4497E-01 1.4768E-01 4.9221E-02 3.6473E-04 0.0000E+00 0.0000E+00
 0.0000E+00 0.0000E+00 8.2774E-06 1.6580E-03 1.2808E-02 1.3234E-02 1.1138E-01 1.2510E-01 1.2854E-01 1.2181E-01 1.8203E-01 1.9537E-01 3.8779E-01 8.0747E-01 1.2682E+00 4.7892E-01 0.0000E+00 6.4214E-01 8.0923E-01 2.5763E-01 1.4787E-01 5.4914E-02 8.8695E-04 0.0000E+00 0.0000E+00
 0.0000E+00 0.0000E+00 0.0000E+00 1.9399E-03 1.3616E-02 1.6011E-02 1.1210E-01 1.2679E-01 1.3774E-01 1.2761E-01 1.8556E-01 2.0983E-01 3.9252E-01 8.1652E-01 1.2407E+00 4.5934E-01 0.0000E+00 6.0533E-01 8.0410E-01 2.7088E-01 1.5630E-01 5.6165E-02 8.7866E-04 0.0000E+00 0.0000E+00
 0.0000E+00 0.0000E+00 8.2774E-06 2.5948E-03 1.6870E-02 1.7971E-02 1.2241E-01 1.3754E-01 1.3855E-01 1.3040E-01 1.8785E-01 2.2441E-01 4.0168E-01 8.0940E-01 1.2288E+00 4.4553E-01 0.0000E+00 5.7570E-01 8.2435E-01 2.7835E-01 1.5844E-01 6.0422E-02 8.3721E-04 0.0000E+00 0.0000E+00
 0.0000E+00 0.0000E+00 8.2774E-06 2.5368E-03 1.9450E-02 2.2674E-02 1.1996E-01 1.3431E-01 1.3776E-01 1.3135E-01 1.9784E-01 2.3767E-01 4.2137E-01 8.2873E-01 1.1999E+00 4.1512E-01 0.0000E+00 5.4028E-01 8.3334E-01 2.9973E-01 1.5932E-01 6.3545E-02 9.3668E-04 0.0000E+00 0.0000E+00
 0.0000E+00 0.0000E+00 8.2774E-05 3.2414E-03 2.2346E-02 2.5813E-02 1.3416E-01 1.4252E-01 1.4318E-01 1.3210E-01 2.0064E-01 2.5507E-01 4.2003E-01 8.3212E-01 1.1322E+00 4.0984E-01 0.0000E+00 5.0964E-01 8.2886E-01 3.2716E-01 1.7590E-01 6.8927E-02 1.0279E-03 0.0000E+00 0.0000E+00
 0.0000E+00 0.0000E+00 0.0000E+00 3.8797E-03 2.5825E-02 3.1786E-02 1.3064E-01 1.4971E-01 1.4498E-01 1.3645E-01 2.1013E-01 2.7382E-01 4.2280E-01 8.4796E-01 1.1017E+00 3.8795E-01 0.0000E+00 4.8445E-01 8.3200E-01 3.3145E-01 1.7623E-01 7.4142E-02 1.5335E-03 0.0000E+00 0.0000E+00
 0.0000E+00 0.0000E+00 4.1387E-05 3.7803E-03 2.8779E-02 3.8281E-02 1.2981E-01 1.5686E-01 1.4701E-01 1.3988E-01 2.1463E-01 2.8046E-01 4.4376E-01 8.5881E-01 1.0906E+00 3.6214E-01 0.0000E+00 4.5022E-01 8.1831E-01 3.5795E-01 1.7651E-01 7.5695E-02 1.5335E-03 0.0000E+00 0.0000E+00
 0.0000E+00 0.0000E+00 4.1387E-05 4.7668E-03 3.2608E-02 4.6855E-02 1.3731E-01 1.5984E-01 1.5096E-01 1.4028E-01 2.2417E-01 2.9380E-01 4.4970E-01 8.4122E-01 1.0727E+00 3.4026E-01 0.0000E+00 4.1647E-01 8.1711E-01 3.5768E-01 1.8207E-01 7.9020E-02 1.9563E-03 0.0000E+00 0.0000E+00
 0.0000E+00 0.0000E+00 7.4496E-05 6.0683E-03 3.6528E-02 4.9219E-02 1.4526E-01 1.6500E-01 1.5086E-01 1.4496E-01 2.2922E-01 3.0570E-01 4.5095E-01 8.4325E-01 1.0303E+00 3.3593E-01 0.0000E+00 3.9201E-01 8.1373E-01 3.7380E-01 1.8308E-01 8.4612E-02 2.2630E-03 0.0000E+00 0.0000E+00
 0.0000E+00 0.0000E+00 5.7941E-05 5.6041E-03 4.1504E-02 5.6564E-02 1.4596E-01 1.6532E-01 1.5510E-01 1.4826E-01 2.2617E-01 3.1983E-01 4.5459E-01 8.5216E-01 9.9129E-01 3.2010E-01 0.0000E+00 3.7069E-01 8.0635E-01 3.8094E-01 1.9255E-01 8.7056E-02 2.7354E-03 0.0000E+00 0.0000E+00
 0.0000E+00 0.0000E+00 1.0761E-04 7.5688E-03 4.4950E-02 6.2176E-02 1.4863E-01 1.7123E-01 1.6063E-01 1.5391E-01 2.3271E-01 3.3555E-01 4.6018E-01 8.6034E-01 9.7255E-01 3.0751E-01 0.0000E+00 3.4256E-01 8.0283E-01 3.9715E-01 1.9712E-01 9.3790E-02 2.5614E-03 0.0000E+00 0.0000E+00
 0.0000E+00 0.0000E+00 8.2774E-05 7.4942E-03 5.1350E-02 7.2398E-02 1.5102E-01 1.7896E-01 1.5900E-01 1.4938E-01 2.3732E-01 3.4524E-01 4.6703E-01 8.5083E-01 9.2862E-01 2.9663E-01 0.0000E+00 3.3567E-01 8.0995E-01 4.1248E-01 1.9957E-01 9.9105E-02 3.1914E-03 0.0000E+00 0.0000E+00
 0.0000E+00 0.0000E+00 1.3244E-04 9.1025E-03 5.2465E-02 8.3100E-02 1.5713E-01 1.8767E-01 1.5717E-01 1.4929E-01 2.4163E-01 3.5480E-01 4.6940E-01 8.3494E-01 9.2029E-01 2.8071E-01 0.0000E+00 3.0889E-01 7.9343E-01 4.3236E-01 2.0126E-01 1.0270E-01 3.7136E-03 0.0000E+00 0.0000E+00
 0.0000E+00 0.0000E+00 3.1454E-04 8.9284E-03 6.0005E-02 8.8409E-02 1.5833E-01 1.8563E-01 1.6324E-01 1.5829E-01 2.5297E-01 3.6594E-01 4.7089E-01 8.2894E-01 8.8696E-01 2.7050E-01 0.0000E+00 3.0044E-01 7.8272E-01 4.4100E-01 2.1123E-01 1.0856E-01 3.6141E-03 0.0000E+00 0.0000E+00
 0.0000E+00 0.0000E+00 8.2774E-05 1.1366E-02 6.6763E-02 1.0267E-01 1.6019E-01 1.9046E-01 1.6488E-01 1.5366E-01 2.4670E-01 3.7782E-01 4.7896E-01 8.3801E-01 8.6241E-01 2.5755E-01 0.0000E+00 2.8228E-01 7.9544E-01 4.4234E-01 2.1168E-01 1.1000E-01 4.9487E-03 0.0000E+00 0.0000E+00
 0.0000E+00 0.0000E+00 1.9866E-04 1.1391E-02 6.8478E-02 1.1203E-01 1.6612E-01 1.9637E-01 1.6701E-01 1.5470E-01 2.5443E-01 3.8394E-01 4.7641E-01 8.2725E-01 8.2922E-01 2.5494E-01 0.0000E+00 2.6093E-01 7.7512E-01 4.6453E-01 2.1491E-01 1.1584E-01 5.0896E-03 0.0000E+00 0.0000E+00
 0.0000E+00 0.0000E+00 2.9798E-04 1.4789E-02 7.7990E-02 1.1683E-01 1.6496E-01 1.9410E-01 1.7131E-01 1.5910E-01 2.5738E-01 3.9930E-01 4.7920E-01 8.2655E-01 8.0125E-01 2.4594E-01 0.0000E+00 2.5554E-01 7.6617E-01 4.6912E-01 2.1660E-01 1.1892E-01 7.2448E-03 0.0000E+00 0.0000E+00
 0.0000E+00 0.0000E+00 3.8076E-04 1.5038E-02 8.2235E-02 1.2340E-01 1.6809E-01 2.0042E-01 1.6964E-01 1.5972E-01 2.5606E-01 4.1132E-01 4.8623E-01 8.2575E-01 7.7446E-01 2.3512E-01 0.0000E+00 2.3888E-01 7.6232E-01 4.9241E-01 2.2402E-01 1.2009E-01 7.2614E-03 0.0000E+00 0.0000E+00
 0.0000E+00 0.0000E+00 2.8971E-04 1.6166E-02 9.0591E-02 1.3603E-01 1.7384E-01 2.0194E-01 1.6971E-01 1.6136E-01 2.5686E-01 4.1206E-01 4.8269E-01 8.0439E-01 7.6626E-01 2.3143E-01 0.0000E+00 2.3031E-01 7.4944E-01 4.7525E-01 2.2470E-01 1.2953E-01 1.0146E-02 0.0000E+00 0.0000E+00
 0.0000E+00 0.0000E+00 5.3803E-04 1.8512E-02 9.3920E-02 1.5210E-01 1.7372E-01 2.0770E-01 1.7611E-01 1.6423E-01 2.5952E-01 4.2455E-01 4.8382E-01 7.9064E-01 7.2263E-01 2.2412E-01 0.0000E+00 2.2190E-01 7.4561E-01 5.0797E-01 2.2882E-01 1.3068E-01 9.9056E-03 0.0000E+00 0.0000E+00
 0.0000E+00 0.0000E+00 2.4832E-04 2.1372E-02 9.8697E-02 1.6410E-01 1.7348E-01 2.1096E-01 1.7098E-01 1.6883E-01 2.6300E-01 4.2382E-01 4.8528E-01 8.0583E-01 7.0800E-01 2.1096E-01 0.0000E+00 2.0919E-01 7.2793E-01 5.0701E-01 2.2814E-01 1.3646E-01 1.1920E-02 0.0000E+00 0.0000E+00
 0.0000E+00 0.0000E+00 3.8076E-04 2.1811E-02 1.0827E-01 1.7353E-01 1.8454E-01 2.1970E-01 1.7411E-01 1.7043E-01 2.6437E-01 4.3460E-01 4.9162E-01 7.5858E-01 6.8278E-01 2.0446E-01 0.0000E+00 1.9546E-01 7.1067E-01 5.0827E-01 2.3153E-01 1.4091E-01 1.1248E-02 0.0000E+00 0.0000E+00
 0.0000E+00 0.0000E+00 5.9597E-04 2.4671E-02 1.1326E-01 1.8228E-01 1.8183E-01 2.1803E-01 1.7637E-01 1.6782E-01 2.7125E-01 4.5047E-01 4.9024E-01 7.6067E-01 6.4681E-01 2.0108E-01 0.0000E+00 1.8318E-01 7.1580E-01 5.1239E-01 2.3269E-01 1.4268E-01 1.3122E-02 0.0000E+00 0.0000E+00
 0.0000E+00 0.0000E+00 7.3668E-04 2.5749E-02 1.1677E-01 1.9730E-01 1.8284E-01 2.1962E-01 1.7592E-01 1.7256E-01 2.7339E-01 4.4546E-01 4.8131E-01 7.4989E-01 6.2422E-01 1.9300E-01 0.0000E+00 1.7983E-01 6.8151E-01 5.2000E-01 2.3725E-01 1.4754E-01 1.5476E-02 0.0000E+00 0.0000E+00
 0.0000E+00 0.0000E+00 8.8568E-04 3.1254E-02 1.2149E-01 2.0117E-01 1.8653E-01 2.2105E-01 1.8087E-01 1.6976E-01 2.7149E-01 4.5390E-01 4.9037E-01 7.4562E-01 6.2225E-01 1.8632E-01 0.0000E+00 1.7232E-01 6.8115E-01 5.2978E-01 2.3494E-01 1.4655E-01 1.7664E-02 0.0000E+00 0.0000E+00
 0.0000E+00 0.0000E+00 7.0358E-04 2.9496E-02 1.3196E-01 2.1946E-01 1.8390E-01 2.2177E-01 1.8102E-01 1.7230E-01 2.7886E-01 4.5369E-01 4.8234E-01 7.2497E-01 6.0311E-01 1.8603E-01 0.0000E+00 1.6732E-01 6.7231E-01 5.2295E-01 2.4752E-01 1.5330E-01 1.8004E-02 0.0000E+00 0.0000E+00
 0.0000E+00 0.0000E+00 8.7740E-04 3.2008E-02 1.3800E-01 2.2370E-01 1.8992E-01 2.2047E-01 1.8629E-01 1.7401E-01 2.6989E-01 4.6174E-01 4.8883E-01 7.3170E-01 5.7797E-01 1.7821E-01 0.0000E+00 1.5633E-01 6.5905E-01 5.3932E-01 2.4510E-01 1.6232E-01 1.8949E-02 0.0000E+00 0.0000E+00
 0.0000E+00 0.0000E+00 1.0098E-03 3.3682E-02 1.4574E-01 2.4198E-01 1.8863E-01 2.3263E-01 1.8687E-01 1.7665E-01 2.7611E-01 4.6000E-01 4.9007E-01 7.1900E-01 5.6102E-01 1.7395E-01 0.0000E+00 1.4539E-01 6.5395E-01 5.3485E-01 2.5063E-01 1.5853E-01 2.3392E-02 0.0000E+00 0.0000E+00
 0.0000E+00 0.0000E+00 1.2664E-03 3.7189E-02 1.5515E-01 2.4853E-01 1.9084E-01 2.3096E-01 1.7842E-01 1.7738E-01 2.7971E-01 4.6064E-01 4.7545E-01 7.0647E-01 5.4418E-01 1.7138E-01 0.0000E+00 1.4342E-01 6.4663E-01 5.2086E-01 2.4972E-01 1.6556E-01 2.4810E-02 0.0000E+00 0.0000E+00
 0.0000E+00 0.0000E+00 1.3078E-03 3.9461E-02 1.5737E-01 2.5954E-01 1.9791E-01 2.3010E-01 1.8289E-01 1.7319E-01 2.7885E-01 4.6202E-01 4.8194E-01 6.8290E-01 5.3075E-01 1.6069E-01 0.0000E+00 1.4025E-01 6.2903E-01 5.2898E-01 2.4625E-01 1.6788E-01 2.5448E-02 0.0000E+00 0.0000E+00
 0.0000E+00 0.0000E+00 1.2250E-03 4.2354E-02 1.6414E-01 2.6854E-01 1.9447E-01 2.3174E-01 1.8653E-01 1.8095E-01 2.8503E-01 4.6965E-01 4.8277E-01 6.7576E-01 5.1028E-01 1.6153E-01 0.0000E+00 1.3654E-01 6.2157E-01 5.1830E-01 2.4907E-01 1.7644E-01 2.8275E-02 0.0000E+00 0.0000E+00
 0.0000E+00 0.0000E+00 1.4982E-03 4.5032E-02 1.6860E-01 2.7346E-01 1.9530E-01 2.3909E-01 1.8666E-01 1.8092E-01 2.7345E-01 4.6802E-01 4.6489E-01 6.6448E-01 4.9607E-01 1.5542E-01 0.0000E+00 1.3085E-01 5.9873E-01 5.2377E-01 2.5631E-01 1.7220E-01 3.1648E-02 0.0000E+00 0.0000E+00
 0.0000E+00 0.0000E+00 1.7217E-03 4.8886E-02 1.7841E-01 2.8544E-01 2.0471E-01 2.3774E-01 1.8858E-01 1.8389E-01 2.7964E-01 4.7184E-01 4.7304E-01 6.6606E-01 4.7531E-01 1.4177E-01 0.0000E+00 1.2757E-01 5.8830E-01 5.2977E-01 2.5305E-01 1.7376E-01 3.2593E-02 0.0000E+00 0.0000E+00
 0.0000E+00 0.0000E+00 1.9617E-03 5.1349E-02 1.7810E-01 2.8979E-01 2.0064E-01 2.3674E-01 1.8648E-01 1.8662E-01 2.7711E-01 4.7193E-01 4.6544E-01 6.3343E-01 4.5899E-01 1.4564E-01 0.0000E+00 1.2026E-01 5.8035E-01 5.2322E-01 2.4732E-01 1.7760E-01 3.8188E-02 0.0000E+00 0.0000E+00
 0.0000E+00 0.0000E+00 2.3922E-03 5.4905E-02 1.8764E-01 2.9882E-01 1.9512E-01 2.4153E-01 1.8735E-01 1.8292E-01 2.7153E-01 4.7012E-01 4.7452E-01 6.1750E-01 4.4654E-01 1.4352E-01 0.0000E+00 1.1637E-01 5.6867E-01 5.3281E-01 2.5229E-01 1.8014E-01 3.7882E-02 0.0000E+00 0.0000E+00
 0.0000E+00 0.0000E+00 2.3094E-03 5.9407E-02 1.9215E-01 3.0593E-01 2.0105E-01 2.3432E-01 1.9381E-01 1.8926E-01 2.7561E-01 4.5916E-01 4.7026E-01 6.2197E-01 4.3252E-01 1.3945E-01 0.0000E+00 1.1381E-01 5.5817E-01 5.1274E-01 2.5405E-01 1.8708E-01 4.1711E-02 0.0000E+00 0.0000E+00
 0.0000E+00 0.0000E+00 2.9798E-03 6.3601E-02 1.9841E-01 3.1169E-01 2.0093E-01 2.3428E-01 1.8671E-01 1.8099E-01 2.7620E-01 4.7114E-01 4.5859E-01 6.0221E-01 4.2466E-01 1.3914E-01 0.0000E+00 1.1221E-01 5.5077E-01 5.2019E-01 2.5412E-01 1.8409E-01 4.3958E-02 0.0000E+00 0.0000E+00
 0.0000E+00 0.0000E+00 2.8722E-03 6.5342E-02 2.0359E-01 3.1264E-01 2.0523E-01 2.4439E-01 1.8910E-01 1.8788E-01 2.7709E-01 4.5342E-01 4.5114E-01 5.9243E-01 4.1136E-01 1.3822E-01 0.0000E+00 1.0515E-01 5.3014E-01 5.1149E-01 2.5506E-01 1.9136E-01 4.6055E-02 0.0000E+00 0.0000E+00
 0.0000E+00 0.0000E+00 3.1619E-03 6.8799E-02 2.0720E-01 3.3063E-01 2.0535E-01 2.3685E-01 1.8509E-01 1.8637E-01 2.7322E-01 4.6542E-01 4.5614E-01 5.7512E-01 3.9646E-01 1.3295E-01 0.0000E+00 1.0271E-01 5.3037E-01 5.2132E-01 2.5036E-01 1.9022E-01 5.1915E-02 0.0000E+00 0.0000E+00
 0.0000E+00 0.0000E+00 3.9317E-03 7.1593E-02 2.1093E-01 3.2547E-01 2.0263E-01 2.3608E-01 1.8955E-01 1.8477E-01 2.7616E-01 4.5241E-01 4.4772E-01 5.6830E-01 3.7723E-01 1.2857E-01 0.0000E+00 9.8479E-02 5.1747E-01 5.0171E-01 2.5472E-01 1.9347E-01 5.4303E-02 0.0000E+00 0.0000E+00
 0.0000E+00 0.0000E+00 3.9649E-03 7.2812E-02 2.1997E-01 3.2636E-01 2.0247E-01 2.3921E-01 1.8977E-01 1.8841E-01 2.7320E-01 4.5581E-01 4.3296E-01 5.5950E-01 3.7664E-01 1.2421E-01 0.0000E+00 9.8277E-02 5.0881E-01 5.0508E-01 2.5444E-01 2.0200E-01 5.7295E-02 0.0000E+00 0.0000E+00
 0.0000E+00 0.0000E+00 4.7264E-03 7.5473E-02 2.2102E-01 3.4128E-01 2.0860E-01 2.4070E-01 1.9057E-01 1.8836E-01 2.7195E-01 4.5410E-01 4.3327E-01 5.4490E-01 3.5747E-01 1.2867E-01 0.0000E+00 8.9687E-02 4.9867E-01 4.9452E-01 2.5539E-01 2.0045E-01 5.9583E-02 0.0000E+00 0.0000E+00
 0.0000E+00 0.0000E+00 4.6436E-03 8.0886E-02 2.2208E-01 3.3638E-01 2.0981E-01 2.4054E-01 1.8882E-01 1.8708E-01 2.6949E-01 4.5120E-01 4.4405E-01 5.3408E-01 3.5268E-01 1.2380E-01 0.0000E+00 9.2567E-02 4.8396E-01 4.9316E-01 2.5254E-01 2.0213E-01 6.2990E-02 0.0000E+00 0.0000E+00
 0.0000E+00 0.0000E+00 5.2230E-03 8.6755E-02 2.2679E-01 3.3726E-01 2.0546E-01 2.4600E-01 1.8833E-01 1.8799E-01 2.6580E-01 4.3998E-01 4.3133E-01 5.2613E-01 3.4247E-01 1.2054E-01 0.0000E+00 8.5190E-02 4.7660E-01 4.7666E-01 2.5119E-01 2.0910E-01 6.7118E-02 0.0000E+00 0.0000E+00
 0.0000E+00 0.0000E+00 5.4382E-03 9.0784E-02 2.2728E-01 3.4390E-01 2.0282E-01 2.4363E-01 1.8876E-01 1.9090E-01 2.7164E-01 4.3215E-01 4.2347E-01 5.0737E-01 3.2988E-01 1.1781E-01 0.0000E+00 8.6504E-02 4.6994E-01 4.7330E-01 2.5161E-01 2.0022E-01 7.5283E-02 0.0000E+00 0.0000E+00
 0.0000E+00 0.0000E+00 6.8950E-03 9.2724E-02 2.3394E-01 3.4221E-01 2.0928E-01 2.3963E-01 1.8818E-01 1.8845E-01 2.6693E-01 4.3566E-01 4.2573E-01 5.0612E-01 3.2401E-01 1.1386E-01 0.0000E+00 8.4045E-02 4.5220E-01 4.7507E-01 2.4943E-01 2.0850E-01 7.5996E-02 0.0000E+00 0.0000E+00
 0.0000E+00 0.0000E+00 7.5572E-03 9.8270E-02 2.2965E-01 3.4628E-01 2.0489E-01 2.4099E-01 1.8970E-01 1.8709E-01 2.5676E-01 4.3334E-01 4.1290E-01 4.8732E-01 3.1565E-01 1.1146E-01 0.0000E+00 8.2866E-02 4.6135E-01 4.6638E-01 2.5238E-01 2.1045E-01 7.8582E-02 0.0000E+00 0.0000E+00
 0.0000E+00 0.0000E+00 7.8635E-03 1.0348E-01 2.3894E-01 3.4807E-01 2.0752E-01 2.3824E-01 1.9121E-01 1.9956E-01 2.7051E-01 4.1567E-01 4.0299E-01 4.8146E-01 2.9980E-01 1.1527E-01 0.0000E+00 8.0053E-02 4.3674E-01 4.7256E-01 2.4809E-01 2.1050E-01 7.8441E-02 8.2730E-06 0.0000E+00
 0.0000E+00 0.0000E+00 8.1366E-03 1.0375E-01 2.4279E-01 3.4510E-01 2.1131E-01 2.3747E-01 1.9000E-01 1.8722E-01 2.6168E-01 4.1743E-01 4.0501E-01 4.6662E-01 3.0151E-01 1.0669E-01 0.0000E+00 7.6062E-02 4.2779E-01 4.5810E-01 2.5244E-01 2.0898E-01 8.4409E-02 8.2730E-06 0.0000E+00
 0.0000E+00 0.0000E+00 8.9561E-03 1.0790E-01 2.4816E-01 3.5111E-01 2.0619E-01 2.3622E-01 1.9087E-01 1.8843E-01 2.6185E-01 4.1877E-01 3.9833E-01 4.6195E-01 2.9541E-01 1.0863E-01 0.0000E+00 7.4883E-02 4.2574E-01 4.5304E-01 2.4928E-01 2.1524E-01 9.0676E-02 0.0000E+00 0.0000E+00
 0.0000E+00 0.0000E+00 1.0372E-02 1.1129E-01 2.5459E-01 3.4761E-01 2.0853E-01 2.4050E-01 1.8762E-01 1.8835E-01 2.6458E-01 4.0198E-01 3.9162E-01 4.5015E-01 2.8221E-01 1.0286E-01 0.0000E+00 7.6129E-02 4.0586E-01 4.3623E-01 2.4671E-01 2.0931E-01 9.2989E-02 0.0000E+00 0.0000E+00
 0.0000E+00 0.0000E+00 9.4445E-03 1.1588E-01 2.4738E-01 3.3873E-01 2.0675E-01 2.3589E-01 1.8854E-01 1.8957E-01 2.5615E-01 4.0223E-01 3.8811E-01 4.2783E-01 2.7644E-01 1.0590E-01 0.0000E+00 7.2693E-02 3.9920E-01 4.3337E-01 2.5264E-01 2.1081E-01 9.7556E-02 4.1365E-05 0.0000E+00
 0.0000E+00 0.0000E+00 1.1282E-02 1.2045E-01 2.5097E-01 3.3857E-01 2.0923E-01 2.4311E-01 1.8905E-01 1.9180E-01 2.5510E-01 3.8345E-01 3.8747E-01 4.3150E-01 2.7027E-01 1.0533E-01 0.0000E+00 7.2744E-02 3.9801E-01 4.3188E-01 2.5017E-01 2.1437E-01 1.0546E-01 0.0000E+00 0.0000E+00
 0.0000E+00 0.0000E+00 1.2499E-02 1.2286E-01 2.5511E-01 3.3891E-01 2.0812E-01 2.3009E-01 1.8989E-01 1.8970E-01 2.6354E-01 3.9072E-01 3.9262E-01 4.2374E-01 2.6317E-01 1.0468E-01 0.0000E+00 6.8432E-02 3.8303E-01 4.2254E-01 2.4461E-01 2.1293E-01 1.0431E-01 0.0000E+00 0.0000E+00
 0.0000E+00 0.0000E+00 1.3335E-02 1.2912E-01 2.4921E-01 3.3487E-01 2.0776E-01 2.3142E-01 1.8864E-01 1.9616E-01 2.5866E-01 3.8476E-01 3.8010E-01 4.1348E-01 2.5933E-01 1.0132E-01 0.0000E+00 6.7876E-02 3.7610E-01 4.1249E-01 2.4659E-01 2.1831E-01 1.1844E-01 1.6546E-05 0.0000E+00
 0.0000E+00 0.0000E+00 1.4328E-02 1.3191E-01 2.5711E-01 3.2863E-01 2.0611E-01 2.3411E-01 1.9340E-01 1.9524E-01 2.4426E-01 3.7869E-01 3.7968E-01 4.0181E-01 2.5063E-01 9.8342E-02 0.0000E+00 6.6933E-02 3.6326E-01 4.0529E-01 2.4615E-01 2.2026E-01 1.1840E-01 8.2730E-06 0.0000E+00
 0.0000E+00 0.0000E+00 1.5835E-02 1.3707E-01 2.5547E-01 3.3858E-01 2.1098E-01 2.2677E-01 1.8635E-01 1.9277E-01 2.5469E-01 3.7372E-01 3.7061E-01 3.9466E-01 2.3792E-01 9.5836E-02 0.0000E+00 6.8415E-02 3.5901E-01 3.8969E-01 2.4444E-01 2.2091E-01 1.2348E-01 0.0000E+00 0.0000E+00
 0.0000E+00 0.0000E+00 1.7978E-02 1.4246E-01 2.5580E-01 3.3831E-01 1.9702E-01 2.3162E-01 1.8890E-01 1.9044E-01 2.4492E-01 3.6413E-01 3.6756E-01 3.8775E-01 2.4044E-01 9.5714E-02 0.0000E+00 6.4120E-02 3.5569E-01 4.0341E-01 2.4154E-01 2.2130E-01 1.2292E-01 8.2730E-06 0.0000E+00
 0.0000E+00 0.0000E+00 1.6555E-02 1.4179E-01 2.6514E-01 3.2643E-01 2.0490E-01 2.2768E-01 1.8828E-01 1.9189E-01 2.4816E-01 3.5424E-01 3.5496E-01 3.7264E-01 2.3371E-01 9.4003E-02 0.0000E+00 6.4019E-02 3.4490E-01 3.8874E-01 2.3690E-01 2.2038E-01 1.2581E-01 6.6184E-05 0.0000E+00
 0.0000E+00 0.0000E+00 1.8607E-02 1.4647E-01 2.6223E-01 3.2583E-01 2.0303E-01 2.2632E-01 1.8793E-01 1.9260E-01 2.4388E-01 3.5616E-01 3.5427E-01 3.6250E-01 2.2151E-01 9.4899E-02 0.0000E+00 6.4137E-02 3.3709E-01 3.7940E-01 2.4618E-01 2.2085E-01 1.3465E-01 6.6184E-05 0.0000E+00
 0.0000E+00 0.0000E+00 2.0793E-02 1.5051E-01 2.5820E-01 3.1918E-01 2.0162E-01 2.2740E-01 1.8945E-01 1.9610E-01 2.3967E-01 3.5188E-01 3.5416E-01 3.6181E-01 2.1940E-01 9.6040E-02 0.0000E+00 6.2133E-02 3.3562E-01 3.7647E-01 2.3096E-01 2.2319E-01 1.3871E-01 2.4819E-05 0.0000E+00
 0.0000E+00 0.0000E+00 2.2647E-02 1.5368E-01 2.6322E-01 3.2218E-01 2.0312E-01 2.1703E-01 1.8922E-01 1.9746E-01 2.4149E-01 3.3798E-01 3.4312E-01 3.5387E-01 2.0868E-01 9.4512E-02 0.0000E+00 6.1762E-02 3.3076E-01 3.6413E-01 2.3436E-01 2.2537E-01 1.4316E-01 6.6184E-05 0.0000E+00
 0.0000E+00 0.0000E+00 2.1960E-02 1.5766E-01 2.5702E-01 3.1861E-01 2.0148E-01 2.2908E-01 1.8854E-01 1.9234E-01 2.3789E-01 3.3869E-01 3.3843E-01 3.3847E-01 2.1140E-01 9.1253E-02 0.0000E+00 6.1931E-02 3.1755E-01 3.6001E-01 2.3440E-01 2.2416E-01 1.4994E-01 4.1365E-05 0.0000E+00
 0.0000E+00 0.0000E+00 2.4700E-02 1.6114E-01 2.5814E-01 3.0927E-01 1.9884E-01 2.2283E-01 1.8747E-01 1.9329E-01 2.2870E-01 3.2518E-01 3.4253E-01 3.3537E-01 2.0508E-01 9.1640E-02 0.0000E+00 5.8175E-02 3.1382E-01 3.4629E-01 2.3483E-01 2.2740E-01 1.4747E-01 1.1582E-04 0.0000E+00
 0.0000E+00 0.0000E+00 2.8002E-02 1.6859E-01 2.6064E-01 3.0483E-01 1.9723E-01 2.2366E-01 1.8806E-01 1.9131E-01 2.3115E-01 3.2915E-01 3.2949E-01 3.3131E-01 2.0038E-01 9.0133E-02 0.0000E+00 5.9488E-02 3.1075E-01 3.5334E-01 2.3762E-01 2.2490E-01 1.5613E-01 1.3237E-04 0.0000E+00
 0.0000E+00 0.0000E+00 2.9641E-02 1.6619E-01 2.5989E-01 3.0458E-01 2.0164E-01 2.1698E-01 1.8481E-01 1.8899E-01 2.3520E-01 3.2167E-01 3.2852E-01 3.2371E-01 1.9648E-01 8.9013E-02 0.0000E+00 5.9893E-02 2.9957E-01 3.3185E-01 2.3156E-01 2.2562E-01 1.6399E-01 1.6546E-04 0.0000E+00
 0.0000E+00 0.0000E+00 3.1404E-02 1.7320E-01 2.5771E-01 2.9009E-01 1.9900E-01 2.1575E-01 1.8585E-01 1.8876E-01 2.4156E-01 3.1638E-01 3.2209E-01 3.1737E-01 1.9270E-01 9.0357E-02 0.0000E+00 5.9539E-02 2.9585E-01 3.2914E-01 2.2538E-01 2.2000E-01 1.6612E-01 1.4891E-04 0.0000E+00
 0.0000E+00 0.0000E+00 3.1636E-02 1.7841E-01 2.5752E-01 2.9593E-01 1.9983E-01 2.1860E-01 1.8682E-01 1.9872E-01 2.2757E-01 3.0314E-01 3.1144E-01 3.0707E-01 1.9275E-01 8.6018E-02 0.0000E+00 5.6238E-02 2.8762E-01 3.2895E-01 2.2864E-01 2.1936E-01 1.6927E-01 2.1510E-04 0.0000E+00
 0.0000E+00 0.0000E+00 3.4392E-02 1.8562E-01 2.5456E-01 2.8933E-01 1.9773E-01 2.1861E-01 1.8989E-01 1.9141E-01 2.2584E-01 2.9974E-01 3.1707E-01 3.0069E-01 1.8536E-01 8.7607E-02 0.0000E+00 5.7737E-02 2.8202E-01 3.2295E-01 2.2833E-01 2.2651E-01 1.7489E-01 1.7373E-04 0.0000E+00
 0.0000E+00 0.0000E+00 3.8134E-02 1.7928E-01 2.5991E-01 2.8886E-01 1.9977E-01 2.1314E-01 1.8905E-01 1.9439E-01 2.2812E-01 2.9429E-01 3.0800E-01 2.9109E-01 1.8397E-01 8.6222E-02 0.0000E+00 5.9320E-02 2.7575E-01 3.1483E-01 2.2549E-01 2.2467E-01 1.7248E-01 2.6474E-04 0.0000E+00
 0.0000E+00 0.0000E+00 3.8043E-02 1.8912E-01 2.5574E-01 2.8575E-01 1.9690E-01 2.1409E-01 1.8696E-01 1.9263E-01 2.2104E-01 2.9333E-01 2.9998E-01 2.8940E-01 1.7816E-01 8.6018E-02 0.0000E+00 5.5867E-02 2.7178E-01 3.0590E-01 2.2836E-01 2.2646E-01 1.8303E-01 2.6474E-04 0.0000E+00
 0.0000E+00 0.0000E+00 4.1221E-02 1.9214E-01 2.5374E-01 2.7793E-01 1.9797E-01 2.0891E-01 1.8203E-01 1.9149E-01 2.2298E-01 2.9197E-01 3.0591E-01 2.8484E-01 1.7393E-01 8.6996E-02 0.0000E+00 5.7215E-02 2.6317E-01 3.0513E-01 2.2198E-01 2.2821E-01 1.8118E-01 4.3020E-04 0.0000E+00
 0.0000E+00 0.0000E+00 4.3257E-02 1.9454E-01 2.5172E-01 2.7334E-01 1.9530E-01 2.1177E-01 1.8105E-01 1.9236E-01 2.1325E-01 2.8304E-01 3.0116E-01 2.7442E-01 1.6840E-01 8.3757E-02 0.0000E+00 5.8057E-02 2.6172E-01 2.9245E-01 2.2227E-01 2.2387E-01 1.8207E-01 5.5429E-04 0.0000E+00
 0.0000E+00 0.0000E+00 4.5136E-02 1.9807E-01 2.5300E-01 2.6868E-01 1.9344E-01 2.0992E-01 1.8296E-01 1.9477E-01 2.1359E-01 2.8195E-01 2.8929E-01 2.6764E-01 1.6925E-01 8.5224E-02 0.0000E+00 5.5396E-02 2.5380E-01 2.9082E-01 2.1853E-01 2.2607E-01 1.9006E-01 4.1365E-04 0.0000E+00
 0.0000E+00 0.0000E+00 4.8133E-02 2.0059E-01 2.5253E-01 2.6910E-01 1.9790E-01 2.0250E-01 1.8744E-01 1.8905E-01 2.1866E-01 2.7168E-01 2.8785E-01 2.6399E-01 1.6174E-01 8.4002E-02 0.0000E+00 5.4823E-02 2.4677E-01 2.8031E-01 2.1897E-01 2.2587E-01 1.9491E-01 9.5140E-04 0.0000E+00
 0.0000E+00 0.0000E+00 4.9325E-02 2.0353E-01 2.5271E-01 2.6629E-01 1.9324E-01 2.0987E-01 1.8292E-01 1.8939E-01 2.1645E-01 2.7201E-01 2.8482E-01 2.5667E-01 1.6086E-01 8.3391E-02 0.0000E+00 5.5059E-02 2.4896E-01 2.8022E-01 2.2127E-01 2.2805E-01 2.0035E-01 1.0672E-03 0.0000E+00
 0.0000E+00 8.2733E-06 5.1825E-02 2.0718E-01 2.4738E-01 2.5482E-01 1.9306E-01 2.0238E-01 1.8648E-01 1.9277E-01 2.1724E-01 2.7029E-01 2.7860E-01 2.5789E-01 1.5865E-01 8.0437E-02 0.0000E+00 5.6726E-02 2.3772E-01 2.7681E-01 2.1613E-01 2.2380E-01 1.9822E-01 9.0176E-04 0.0000E+00
 0.0000E+00 0.0000E+00 5.3579E-02 2.0839E-01 2.4735E-01 2.5682E-01 1.9030E-01 2.0123E-01 1.8417E-01 1.9044E-01 2.1224E-01 2.5454E-01 2.7610E-01 2.5061E-01 1.5575E-01 8.1191E-02 0.0000E+00 5.5631E-02 2.3547E-01 2.6696E-01 2.1341E-01 2.2274E-01 2.0526E-01 1.2740E-03 0.0000E+00
 0.0000E+00 0.0000E+00 5.7594E-02 2.1049E-01 2.5221E-01 2.4784E-01 1.9166E-01 2.0114E-01 1.8376E-01 1.9325E-01 2.0835E-01 2.5945E-01 2.7035E-01 2.4574E-01 1.4997E-01 8.2209E-02 0.0000E+00 5.3998E-02 2.2993E-01 2.6432E-01 2.1236E-01 2.2727E-01 2.0830E-01 1.3899E-03 0.0000E+00
 0.0000E+00 0.0000E+00 5.9945E-02 2.1536E-01 2.4645E-01 2.4328E-01 1.9221E-01 1.9692E-01 1.8632E-01 1.9204E-01 2.0122E-01 2.4742E-01 2.7616E-01 2.3725E-01 1.5699E-01 8.0702E-02 0.0000E+00 5.5412E-02 2.2344E-01 2.6120E-01 2.1432E-01 2.2738E-01 2.1196E-01 1.7373E-03 0.0000E+00
 0.0000E+00 0.0000E+00 6.4729E-02 2.1349E-01 2.4647E-01 2.4845E-01 1.9014E-01 1.9988E-01 1.7877E-01 1.9139E-01 2.0781E-01 2.4759E-01 2.6345E-01 2.2989E-01 1.5022E-01 7.9195E-02 0.0000E+00 5.4503E-02 2.2651E-01 2.5465E-01 2.1051E-01 2.2004E-01 2.1299E-01 2.1179E-03 0.0000E+00
 0.0000E+00 0.0000E+00 6.7874E-02 2.1774E-01 2.4293E-01 2.4295E-01 1.9480E-01 1.9377E-01 1.8345E-01 1.8597E-01 2.0198E-01 2.4231E-01 2.6411E-01 2.3000E-01 1.5103E-01 7.7952E-02 0.0000E+00 5.3004E-02 2.2074E-01 2.4982E-01 2.0499E-01 2.2326E-01 2.2058E-01 2.3578E-03 0.0000E+00
 0.0000E+00 2.4820E-05 6.9464E-02 2.2458E-01 2.4432E-01 2.3863E-01 1.8830E-01 1.9087E-01 1.8154E-01 1.8720E-01 1.9933E-01 2.3314E-01 2.6291E-01 2.2315E-01 1.4483E-01 7.8543E-02 0.0000E+00 5.4301E-02 2.1729E-01 2.4595E-01 2.1060E-01 2.2199E-01 2.2854E-01 2.8377E-03 0.0000E+00
 0.0000E+00 1.6547E-05 7.5059E-02 2.2906E-01 2.4358E-01 2.2976E-01 1.9056E-01 1.9405E-01 1.8244E-01 1.9194E-01 2.0142E-01 2.3300E-01 2.6101E-01 2.1981E-01 1.4368E-01 8.0865E-02 0.0000E+00 5.4166E-02 2.0968E-01 2.3893E-01 2.0679E-01 2.2432E-01 2.2765E-01 3.2099E-03 0.0000E+00
 0.0000E+00 8.2733E-06 7.6996E-02 2.2821E-01 2.4089E-01 2.3333E-01 1.8782E-01 1.9566E-01 1.8269E-01 1.8944E-01 1.9817E-01 2.3006E-01 2.5112E-01 2.2377E-01 1.3848E-01 7.9500E-02 0.0000E+00 5.4705E-02 2.1015E-01 2.3793E-01 2.0311E-01 2.2081E-01 2.2825E-01 3.0114E-03 0.0000E+00
 0.0000E+00 8.2733E-05 8.1507E-02 2.3090E-01 2.3520E-01 2.2617E-01 1.8772E-01 1.9207E-01 1.8250E-01 1.9099E-01 1.9811E-01 2.2794E-01 2.4849E-01 2.1128E-01 1.3680E-01 7.7911E-02 0.0000E+00 5.1505E-02 2.0856E-01 2.3132E-01 2.0139E-01 2.2480E-01 2.2841E-01 4.0207E-03 0.0000E+00
 0.0000E+00 2.4820E-05 8.3212E-02 2.3291E-01 2.3672E-01 2.2028E-01 1.8869E-01 1.9035E-01 1.7891E-01 1.9015E-01 1.9769E-01 2.2035E-01 2.4564E-01 2.1450E-01 1.3252E-01 7.8787E-02 0.0000E+00 5.3290E-02 2.0321E-01 2.2992E-01 1.9972E-01 2.2102E-01 2.2824E-01 4.7239E-03 0.0000E+00
 0.0000E+00 1.3237E-04 8.9114E-02 2.3671E-01 2.3890E-01 2.1609E-01 1.8846E-01 1.9028E-01 1.8274E-01 1.8761E-01 1.9477E-01 2.1771E-01 2.4589E-01 2.0522E-01 1.3576E-01 7.9969E-02 0.0000E+00 5.4082E-02 1.9806E-01 2.2493E-01 2.0015E-01 2.2046E-01 2.3835E-01 5.2286E-03 0.0000E+00
 0.0000E+00 3.3093E-05 9.3667E-02 2.3727E-01 2.3848E-01 2.1916E-01 1.8416E-01 1.8538E-01 1.8120E-01 1.8933E-01 1.9211E-01 2.1099E-01 2.3869E-01 1.9854E-01 1.3033E-01 7.7076E-02 0.0000E+00 5.1859E-02 1.9766E-01 2.1678E-01 2.0294E-01 2.2549E-01 2.4573E-01 5.6008E-03 0.0000E+00
 0.0000E+00 2.4820E-05 9.5438E-02 2.3589E-01 2.3187E-01 2.1114E-01 1.8462E-01 1.8735E-01 1.7936E-01 1.8821E-01 1.9386E-01 2.0965E-01 2.3647E-01 1.9646E-01 1.3023E-01 7.6526E-02 0.0000E+00 5.2650E-02 1.8881E-01 2.1218E-01 1.9715E-01 2.1776E-01 2.4148E-01 6.3123E-03 0.0000E+00
 0.0000E+00 1.4065E-04 9.8484E-02 2.4374E-01 2.3211E-01 2.0402E-01 1.8493E-01 1.9174E-01 1.7633E-01 1.8616E-01 1.8735E-01 2.0356E-01 2.3722E-01 1.9507E-01 1.3326E-01 7.7382E-02 0.0000E+00 5.3004E-02 1.9335E-01 2.1228E-01 1.9913E-01 2.1956E-01 2.4790E-01 7.8346E-03 0.0000E+00
 0.0000E+00 1.6547E-04 1.0403E-01 2.4502E-01 2.2728E-01 2.0385E-01 1.8481E-01 1.8058E-01 1.8091E-01 1.9065E-01 1.8892E-01 2.0125E-01 2.3290E-01 1.9054E-01 1.2680E-01 7.7667E-02 0.0000E+00 5.2499E-02 1.8373E-01 2.0175E-01 1.9378E-01 2.2477E-01 2.5415E-01 8.5295E-03 0.0000E+00
 0.0000E+00 9.9280E-05 1.0856E-01 2.4624E-01 2.2838E-01 1.9857E-01 1.8344E-01 1.8143E-01 1.8175E-01 1.8704E-01 1.9031E-01 2.0060E-01 2.3622E-01 1.9097E-01 1.2709E-01 7.6465E-02 0.0000E+00 5.2819E-02 1.8441E-01 2.0960E-01 1.9755E-01 2.1706E-01 2.5253E-01 9.0590E-03 0.0000E+00
 0.0000E+00 1.4892E-04 1.1289E-01 2.5130E-01 2.3007E-01 1.9903E-01 1.8338E-01 1.7988E-01 1.7669E-01 1.8645E-01 1.8425E-01 1.9944E-01 2.2655E-01 1.8269E-01 1.2686E-01 7.5549E-02 0.0000E+00 5.4233E-02 1.7941E-01 1.9343E-01 1.9568E-01 2.1766E-01 2.5605E-01 1.1400E-02 0.0000E+00
 0.0000E+00 1.9029E-04 1.1640E-01 2.4683E-01 2.2808E-01 1.9562E-01 1.8110E-01 1.7904E-01 1.7921E-01 1.8733E-01 1.8233E-01 1.9779E-01 2.2528E-01 1.8088E-01 1.2060E-01 7.5997E-02 0.0000E+00 5.1977E-02 1.7502E-01 1.9927E-01 1.9665E-01 2.2089E-01 2.5917E-01 1.1566E-02 0.0000E+00
 0.0000E+00 1.6547E-04 1.2063E-01 2.4809E-01 2.2242E-01 1.9404E-01 1.7749E-01 1.7978E-01 1.7946E-01 1.8447E-01 1.7765E-01 1.8922E-01 2.1811E-01 1.8040E-01 1.2050E-01 7.4612E-02 0.0000E+00 5.2785E-02 1.7414E-01 1.9721E-01 1.9036E-01 2.1723E-01 2.5702E-01 1.2525E-02 0.0000E+00
 0.0000E+00 2.0683E-04 1.2593E-01 2.5435E-01 2.2398E-01 1.9039E-01 1.8361E-01 1.8080E-01 1.7551E-01 1.8892E-01 1.8416E-01 1.8968E-01 2.1899E-01 1.7634E-01 1.1824E-01 7.4754E-02 0.0000E+00 5.2684E-02 1.7049E-01 1.9031E-01 1.9244E-01 2.1838E-01 2.5937E-01 1.4916E-02 0.0000E+00
 0.0000E+00 5.2949E-04 1.3234E-01 2.5848E-01 2.2286E-01 1.8954E-01 1.8196E-01 1.7757E-01 1.7883E-01 1.8478E-01 1.8007E-01 1.8646E-01 2.1082E-01 1.7056E-01 1.1695E-01 7.1882E-02 0.0000E+00 5.2583E-02 1.7205E-01 1.8535E-01 1.9154E-01 2.1938E-01 2.6524E-01 1.7390E-02 0.0000E+00
 0.0000E+00 5.3777E-04 1.3577E-01 2.6072E-01 2.2125E-01 1.8576E-01 1.7679E-01 1.7410E-01 1.7502E-01 1.8463E-01 1.8019E-01 1.8221E-01 2.1302E-01 1.6847E-01 1.1397E-01 7.2534E-02 0.0000E+00 5.2094E-02 1.6720E-01 1.8385E-01 1.8793E-01 2.1862E-01 2.6641E-01 1.7167E-02 0.0000E+00
 0.0000E+00 3.1439E-04 1.4025E-01 2.6259E-01 2.1840E-01 1.8086E-01 1.7675E-01 1.8027E-01 1.7481E-01 1.8194E-01 1.8148E-01 1.7888E-01 2.1034E-01 1.6489E-01 1.1397E-01 7.5284E-02 0.0000E+00 5.2970E-02 1.6242E-01 1.7740E-01 1.8673E-01 2.1572E-01 2.6409E-01 2.0319E-02 0.0000E+00
 0.0000E+00 5.2122E-04 1.4253E-01 2.5891E-01 2.1906E-01 1.7848E-01 1.7863E-01 1.7503E-01 1.7486E-01 1.8862E-01 1.7486E-01 1.7815E-01 2.0704E-01 1.6341E-01 1.1520E-01 7.4041E-02 0.0000E+00 5.3762E-02 1.6065E-01 1.7494E-01 1.8636E-01 2.1780E-01 2.6816E-01 2.3413E-02 0.0000E+00
 0.0000E+00 6.6187E-04 1.5129E-01 2.6248E-01 2.1618E-01 1.8042E-01 1.7501E-01 1.7071E-01 1.7458E-01 1.8665E-01 1.7640E-01 1.7191E-01 2.0355E-01 1.5969E-01 1.1541E-01 7.4265E-02 0.0000E+00 5.5328E-02 1.5954E-01 1.7707E-01 1.8625E-01 2.1410E-01 2.7417E-01 2.4232E-02 0.0000E+00
 0.0000E+00 6.5359E-04 1.5527E-01 2.6563E-01 2.1609E-01 1.7301E-01 1.7699E-01 1.7205E-01 1.7619E-01 1.8624E-01 1.7195E-01 1.7090E-01 2.0319E-01 1.6139E-01 1.1365E-01 7.3939E-02 0.0000E+00 5.4065E-02 1.5988E-01 1.7355E-01 1.8381E-01 2.1738E-01 2.7604E-01 2.5820E-02 0.0000E+00
 0.0000E+00 1.1831E-03 1.5970E-01 2.6586E-01 2.1519E-01 1.7401E-01 1.7363E-01 1.7094E-01 1.7658E-01 1.8209E-01 1.7021E-01 1.6731E-01 1.9571E-01 1.5411E-01 1.1127E-01 7.6221E-02 0.0000E+00 5.1000E-02 1.5567E-01 1.7329E-01 1.7939E-01 2.1489E-01 2.7398E-01 2.8856E-02 0.0000E+00
 0.0000E+00 1.2162E-03 1.6603E-01 2.6613E-01 2.1686E-01 1.6879E-01 1.7814E-01 1.6582E-01 1.7284E-01 1.8111E-01 1.6900E-01 1.6920E-01 1.9802E-01 1.5316E-01 1.0684E-01 7.3573E-02 0.0000E+00 5.3947E-02 1.5424E-01 1.6356E-01 1.7981E-01 2.1438E-01 2.7703E-01 3.2174E-02 0.0000E+00
 0.0000E+00 1.3982E-03 1.6842E-01 2.6621E-01 2.1074E-01 1.6481E-01 1.7378E-01 1.6712E-01 1.7394E-01 1.8282E-01 1.6998E-01 1.6797E-01 1.9554E-01 1.5327E-01 1.0622E-01 7.1597E-02 0.0000E+00 5.4772E-02 1.4967E-01 1.6381E-01 1.7993E-01 2.1304E-01 2.8105E-01 3.5425E-02 0.0000E+00
 0.0000E+00 1.3320E-03 1.7531E-01 2.6950E-01 2.0946E-01 1.6322E-01 1.7320E-01 1.6764E-01 1.7414E-01 1.8560E-01 1.6858E-01 1.6299E-01 1.9635E-01 1.4881E-01 1.0661E-01 7.4408E-02 0.0000E+00 5.5227E-02 1.4779E-01 1.6430E-01 1.7671E-01 2.0925E-01 2.7887E-01 3.8048E-02 0.0000E+00
 0.0000E+00 1.8036E-03 1.7813E-01 2.7107E-01 2.0990E-01 1.6339E-01 1.7418E-01 1.6379E-01 1.7194E-01 1.8477E-01 1.6795E-01 1.6083E-01 1.9375E-01 1.4542E-01 1.0624E-01 7.2595E-02 0.0000E+00 5.1151E-02 1.4585E-01 1.6089E-01 1.8058E-01 2.1068E-01 2.8409E-01 4.1903E-02 0.0000E+00
 0.0000E+00 2.3165E-03 1.8815E-01 2.7273E-01 2.0744E-01 1.5827E-01 1.7486E-01 1.6062E-01 1.7596E-01 1.8601E-01 1.6646E-01 1.5933E-01 1.9072E-01 1.4251E-01 1.0637E-01 7.4286E-02 0.0000E+00 5.5446E-02 1.4690E-01 1.5875E-01 1.7841E-01 2.0711E-01 2.8469E-01 4.3458E-02 0.0000E+00
 0.0000E+00 2.5151E-03 1.9243E-01 2.7267E-01 2.0757E-01 1.5572E-01 1.7200E-01 1.6146E-01 1.7537E-01 1.8169E-01 1.6802E-01 1.5722E-01 1.8774E-01 1.4386E-01 1.0288E-01 7.3899E-02 0.0000E+00 5.4166E-02 1.4598E-01 1.5607E-01 1.7699E-01 2.0960E-01 2.8488E-01 4.9225E-02 0.0000E+00
 0.0000E+00 2.7798E-03 1.9406E-01 2.7698E-01 2.0799E-01 1.5895E-01 1.6841E-01 1.6513E-01 1.7632E-01 1.8267E-01 1.6364E-01 1.5243E-01 1.8694E-01 1.4027E-01 1.0459E-01 7.4938E-02 0.0000E+00 5.5379E-02 1.4031E-01 1.5055E-01 1.7545E-01 2.0797E-01 2.8265E-01 5.2509E-02 0.0000E+00
 0.0000E+00 3.2680E-03 1.9773E-01 2.7705E-01 2.0832E-01 1.5377E-01 1.7225E-01 1.5881E-01 1.6967E-01 1.8361E-01 1.6445E-01 1.5127E-01 1.8210E-01 1.3567E-01 1.0586E-01 7.0945E-02 0.0000E+00 5.7114E-02 1.4034E-01 1.5073E-01 1.7430E-01 2.0642E-01 2.8639E-01 5.6058E-02 0.0000E+00
 0.0000E+00 3.5989E-03 2.0627E-01 2.7303E-01 2.0053E-01 1.5063E-01 1.7267E-01 1.6487E-01 1.7134E-01 1.8223E-01 1.6006E-01 1.5233E-01 1.8302E-01 1.3647E-01 1.0287E-01 7.3471E-02 0.0000E+00 5.3930E-02 1.3894E-01 1.4571E-01 1.7303E-01 2.1032E-01 2.8989E-01 6.0542E-02 0.0000E+00
 0.0000E+00 4.3600E-03 2.1175E-01 2.7444E-01 2.0314E-01 1.4998E-01 1.7135E-01 1.5988E-01 1.7332E-01 1.8197E-01 1.6561E-01 1.4818E-01 1.8321E-01 1.3221E-01 1.0361E-01 7.3451E-02 0.0000E+00 5.4436E-02 1.3486E-01 1.4862E-01 1.7116E-01 2.0776E-01 2.9081E-01 6.5589E-02 0.0000E+00
 0.0000E+00 5.0798E-03 2.1764E-01 2.7966E-01 2.0449E-01 1.5297E-01 1.6963E-01 1.6029E-01 1.7282E-01 1.7697E-01 1.6313E-01 1.4941E-01 1.7536E-01 1.3528E-01 9.9911E-02 7.3084E-02 0.0000E+00 5.4789E-02 1.3457E-01 1.4769E-01 1.7231E-01 2.0807E-01 2.9050E-01 7.2009E-02 0.0000E+00
 0.0000E+00 5.9071E-03 2.2662E-01 2.8225E-01 2.0174E-01 1.4957E-01 1.6861E-01 1.5701E-01 1.7403E-01 1.7683E-01 1.5944E-01 1.4501E-01 1.7928E-01 1.3091E-01 9.9940E-02 7.1006E-02 0.0000E+00 5.7181E-02 1.3545E-01 1.4430E-01 1.6972E-01 2.0614E-01 2.8790E-01 7.6087E-02 0.0000E+00
 0.0000E+00 5.8741E-03 2.3146E-01 2.8304E-01 2.0015E-01 1.4730E-01 1.6611E-01 1.5810E-01 1.6948E-01 1.7606E-01 1.5721E-01 1.4469E-01 1.7733E-01 1.3048E-01 9.5887E-02 7.3125E-02 0.0000E+00 5.8124E-02 1.3108E-01 1.3764E-01 1.7093E-01 2.1129E-01 2.9225E-01 8.1928E-02 0.0000E+00
 0.0000E+00 8.2650E-03 2.4117E-01 2.8071E-01 2.0272E-01 1.4334E-01 1.7007E-01 1.5437E-01 1.6955E-01 1.7852E-01 1.6259E-01 1.4029E-01 1.7492E-01 1.2253E-01 9.7110E-02 7.2595E-02 0.0000E+00 5.5227E-02 1.2739E-01 1.3818E-01 1.6841E-01 2.0605E-01 2.9482E-01 8.4989E-02 0.0000E+00
 0.0000E+00 9.4812E-03 2.3984E-01 2.7587E-01 2.0101E-01 1.4502E-01 1.6820E-01 1.5206E-01 1.6961E-01 1.7868E-01 1.5286E-01 1.3653E-01 1.7213E-01 1.2835E-01 1.0129E-01 7.3206E-02 0.0000E+00 5.8461E-02 1.3073E-01 1.3553E-01 1.7016E-01 2.0558E-01 2.8672E-01 9.0631E-02 0.0000E+00
 0.0000E+00 1.0292E-02 2.4983E-01 2.8353E-01 1.9469E-01 1.3685E-01 1.6918E-01 1.5419E-01 1.7200E-01 1.7968E-01 1.5688E-01 1.3958E-01 1.6954E-01 1.2629E-01 9.8048E-02 7.4428E-02 0.0000E+00 5.8579E-02 1.2889E-01 1.3169E-01 1.6619E-01 2.0665E-01 2.9458E-01 9.7854E-02 0.0000E+00
 0.0000E+00 1.0879E-02 2.4778E-01 2.7913E-01 1.9482E-01 1.4281E-01 1.7229E-01 1.5246E-01 1.7181E-01 1.7841E-01 1.5366E-01 1.3896E-01 1.7155E-01 1.2393E-01 9.5190E-02 7.3430E-02 0.0000E+00 5.5598E-02 1.2600E-01 1.3272E-01 1.6969E-01 2.0993E-01 2.8927E-01 1.0599E-01 0.0000E+00
 0.0000E+00 1.2666E-02 2.5944E-01 2.8569E-01 1.9709E-01 1.3289E-01 1.6517E-01 1.5307E-01 1.6653E-01 1.7973E-01 1.5335E-01 1.2970E-01 1.7220E-01 1.2480E-01 9.6740E-02 7.2656E-02 0.0000E+00 5.6996E-02 1.2005E-01 1.3369E-01 1.6579E-01 2.0583E-01 2.9850E-01 1.1035E-01 0.0000E+00
 0.0000E+00 1.3262E-02 2.6032E-01 2.8147E-01 1.9971E-01 1.3760E-01 1.6461E-01 1.5227E-01 1.7587E-01 1.7880E-01 1.5240E-01 1.3664E-01 1.6782E-01 1.1864E-01 9.6797E-02 7.2106E-02 0.0000E+00 5.7130E-02 1.2563E-01 1.3251E-01 1.6937E-01 2.0371E-01 2.9816E-01 1.1514E-01 0.0000E+00
 0.0000E+00 1.5703E-02 2.6724E-01 2.8266E-01 1.9334E-01 1.3857E-01 1.6775E-01 1.5009E-01 1.6812E-01 1.7357E-01 1.5420E-01 1.3025E-01 1.6594E-01 1.1940E-01 9.3384E-02 7.2615E-02 0.0000E+00 5.9034E-02 1.2342E-01 1.2834E-01 1.6430E-01 2.0412E-01 2.9618E-01 1.2496E-01 0.0000E+00
 0.0000E+00 1.7862E-02 2.7679E-01 2.8394E-01 1.9257E-01 1.3782E-01 1.6084E-01 1.5192E-01 1.7373E-01 1.7876E-01 1.5010E-01 1.3314E-01 1.6718E-01 1.1915E-01 9.5986E-02 7.2086E-02 0.0000E+00 5.9438E-02 1.1919E-01 1.2458E-01 1.6207E-01 2.0724E-01 2.9414E-01 1.3188E-01 0.0000E+00
 0.0000E+00 2.0303E-02 2.7776E-01 2.8405E-01 1.9331E-01 1.3494E-01 1.6425E-01 1.4955E-01 1.6731E-01 1.7962E-01 1.5408E-01 1.3064E-01 1.6149E-01 1.1612E-01 9.4806E-02 6.9927E-02 0.0000E+00 6.2166E-02 1.2017E-01 1.2693E-01 1.6604E-01 2.0346E-01 2.9494E-01 1.3907E-01 0.0000E+00
 0.0000E+00 2.3380E-02 2.8189E-01 2.8931E-01 1.9243E-01 1.3333E-01 1.6440E-01 1.4867E-01 1.6961E-01 1.7449E-01 1.5313E-01 1.2605E-01 1.6070E-01 1.1809E-01 9.4479E-02 7.2330E-02 0.0000E+00 5.9017E-02 1.1935E-01 1.2372E-01 1.6314E-01 2.0276E-01 3.0468E-01 1.4371E-01 0.0000E+00
 0.0000E+00 2.4042E-02 2.9627E-01 2.8582E-01 1.9415E-01 1.3415E-01 1.7071E-01 1.4802E-01 1.6844E-01 1.7956E-01 1.4931E-01 1.3022E-01 1.5643E-01 1.1351E-01 9.3469E-02 7.3451E-02 0.0000E+00 6.2032E-02 1.1668E-01 1.2236E-01 1.6117E-01 2.0175E-01 2.9865E-01 1.5421E-01 0.0000E+00
 0.0000E+00 2.8328E-02 2.9107E-01 2.8736E-01 1.9045E-01 1.3133E-01 1.6915E-01 1.4763E-01 1.7104E-01 1.7620E-01 1.5297E-01 1.2719E-01 1.5600E-01 1.1382E-01 9.1806E-02 7.4897E-02 0.0000E+00 6.0499E-02 1.1364E-01 1.2045E-01 1.6227E-01 2.0380E-01 2.9709E-01 1.6229E-01 0.0000E+00
 0.0000E+00 2.9412E-02 2.9878E-01 2.8196E-01 1.9111E-01 1.3308E-01 1.6546E-01 1.4844E-01 1.7038E-01 1.7736E-01 1.5003E-01 1.2338E-01 1.5941E-01 1.1261E-01 9.2915E-02 7.3532E-02 0.0000E+00 6.0886E-02 1.1633E-01 1.1819E-01 1.6228E-01 2.0300E-01 3.0169E-01 1.7277E-01 0.0000E+00
 0.0000E+00 3.4913E-02 3.0150E-01 2.9289E-01 1.9220E-01 1.3224E-01 1.6694E-01 1.4798E-01 1.6591E-01 1.7836E-01 1.4813E-01 1.2183E-01 1.5216E-01 1.1088E-01 9.0227E-02 7.2575E-02 0.0000E+00 6.0095E-02 1.1238E-01 1.2037E-01 1.6202E-01 2.0149E-01 3.0426E-01 1.8024E-01 0.0000E+00
 0.0000E+00 3.7114E-02 3.1621E-01 2.8607E-01 1.8945E-01 1.2714E-01 1.6661E-01 1.4726E-01 1.6557E-01 1.7650E-01 1.4804E-01 1.2316E-01 1.5407E-01 1.1080E-01 9.1322E-02 7.3797E-02 0.0000E+00 6.0752E-02 1.1727E-01 1.1885E-01 1.5930E-01 2.0027E-01 2.9966E-01 1.9169E-01 0.0000E+00
 0.0000E+00 4.0101E-02 3.1707E-01 2.9230E-01 1.8928E-01 1.2653E-01 1.6558E-01 1.4339E-01 1.6683E-01 1.7765E-01 1.4872E-01 1.2195E-01 1.5294E-01 1.0641E-01 8.8066E-02 7.2656E-02 0.0000E+00 6.2200E-02 1.1260E-01 1.1637E-01 1.5661E-01 1.9535E-01 3.0448E-01 1.9750E-01 0.0000E+00
 0.0000E+00 4.6041E-02 3.2031E-01 2.9737E-01 1.9181E-01 1.2267E-01 1.6509E-01 1.4354E-01 1.6489E-01 1.7852E-01 1.4713E-01 1.2213E-01 1.5500E-01 1.0887E-01 9.1265E-02 7.1414E-02 0.0000E+00 6.3211E-02 1.1055E-01 1.1469E-01 1.5862E-01 2.0152E-01 2.9990E-01 2.0772E-01 0.0000E+00
 0.0000E+00 5.0939E-02 3.2889E-01 2.9094E-01 1.8723E-01 1.2458E-01 1.6634E-01 1.4207E-01 1.6701E-01 1.7857E-01 1.4627E-01 1.1749E-01 1.4749E-01 1.0458E-01 8.9587E-02 7.5060E-02 0.0000E+00 6.1745E-02 1.1085E-01 1.1283E-01 1.5769E-01 1.9813E-01 3.0091E-01 2.1739E-01 0.0000E+00
 0.0000E+00 5.4819E-02 3.2887E-01 2.8642E-01 1.8650E-01 1.2601E-01 1.6694E-01 1.4294E-01 1.6257E-01 1.7197E-01 1.4496E-01 1.1777E-01 1.5408E-01 1.0294E-01 8.6217E-02 7.0456E-02 0.0000E+00 6.3497E-02 1.0979E-01 1.1343E-01 1.5654E-01 1.9932E-01 3.0410E-01 2.2597E-01 0.0000E+00
 0.0000E+00 6.0321E-02 3.3795E-01 2.8608E-01 1.8457E-01 1.2310E-01 1.5986E-01 1.4207E-01 1.6753E-01 1.7788E-01 1.4627E-01 1.1506E-01 1.4985E-01 1.0449E-01 9.0725E-02 7.1658E-02 0.0000E+00 6.4507E-02 1.1080E-01 1.0967E-01 1.5715E-01 1.9806E-01 3.0286E-01 2.3599E-01 0.0000E+00
 0.0000E+00 6.5591E-02 3.4118E-01 2.9070E-01 1.8476E-01 1.2300E-01 1.6247E-01 1.3887E-01 1.6599E-01 1.7830E-01 1.4764E-01 1.1333E-01 1.4835E-01 1.0016E-01 8.9715E-02 7.3104E-02 0.0000E+00 6.3463E-02 1.1041E-01 1.0819E-01 1.5730E-01 1.9826E-01 3.0181E-01 2.4626E-01 0.0000E+00
 0.0000E+00 7.2780E-02 3.4609E-01 2.8994E-01 1.8652E-01 1.2325E-01 1.6201E-01 1.4380E-01 1.6489E-01 1.7123E-01 1.4388E-01 1.1311E-01 1.4901E-01 1.0329E-01 8.9786E-02 7.0130E-02 0.0000E+00 6.5030E-02 1.0725E-01 1.1178E-01 1.5207E-01 1.9562E-01 3.0421E-01 2.5367E-01 0.0000E+00
 0.0000E+00 7.7463E-02 3.4857E-01 2.9084E-01 1.8924E-01 1.2155E-01 1.6286E-01 1.4114E-01 1.6505E-01 1.7548E-01 1.4107E-01 1.1209E-01 1.4971E-01 1.0160E-01 8.8663E-02 7.2045E-02 0.0000E+00 6.5535E-02 1.0593E-01 1.0912E-01 1.5370E-01 2.0274E-01 3.0885E-01 2.6626E-01 0.0000E+00
 0.0000E+00 8.3345E-02 3.5453E-01 2.9272E-01 1.8846E-01 1.2131E-01 1.6264E-01 1.4107E-01 1.6517E-01 1.7439E-01 1.4086E-01 1.1323E-01 1.4504E-01 1.0051E-01 8.9587E-02 7.4428E-02 0.0000E+00 6.3985E-02 1.0504E-01 1.1010E-01 1.5355E-01 1.9932E-01 3.0260E-01 2.7346E-01 0.0000E+00
 0.0000E+00 8.9617E-02 3.6189E-01 2.9052E-01 1.8171E-01 1.2186E-01 1.6172E-01 1.3944E-01 1.6351E-01 1.7608E-01 1.4077E-01 1.1188E-01 1.3854E-01 1.0044E-01 8.5506E-02 7.4815E-02 0.0000E+00 6.6377E-02 1.0845E-01 1.0703E-01 1.5119E-01 1.9581E-01 3.0586E-01 2.8284E-01 0.0000E+00
 0.0000E+00 1.0074E-01 3.7299E-01 2.9242E-01 1.8096E-01 1.1857E-01 1.6581E-01 1.3908E-01 1.6276E-01 1.7269E-01 1.4636E-01 1.1233E-01 1.4123E-01 9.8921E-02 8.7995E-02 7.3410E-02 0.0000E+00 6.4777E-02 1.0562E-01 1.0659E-01 1.5380E-01 1.9801E-01 3.0480E-01 2.9226E-01 0.0000E+00
 0.0000E+00 1.0904E-01 3.7130E-01 2.9038E-01 1.8045E-01 1.1673E-01 1.6387E-01 1.4014E-01 1.6487E-01 1.7531E-01 1.4470E-01 1.1018E-01 1.3950E-01 1.0037E-01 8.7625E-02 7.2290E-02 0.0000E+00 6.8415E-02 1.0346E-01 1.0468E-01 1.5188E-01 1.9533E-01 2.9932E-01 3.0915E-01 0.0000E+00
 0.0000E+00 1.1999E-01 3.7687E-01 2.9450E-01 1.8159E-01 1.2011E-01 1.5867E-01 1.4122E-01 1.6745E-01 1.7532E-01 1.3847E-01 1.0968E-01 1.4156E-01 1.0012E-01 8.6658E-02 6.9764E-02 0.0000E+00 6.8263E-02 1.0690E-01 1.0374E-01 1.5256E-01 1.9918E-01 3.0586E-01 3.1783E-01 0.0000E+00
 0.0000E+00 1.2928E-01 3.8404E-01 2.8947E-01 1.8814E-01 1.1850E-01 1.6254E-01 1.4084E-01 1.6687E-01 1.7518E-01 1.3949E-01 1.0966E-01 1.4103E-01 9.3891E-02 8.4653E-02 7.2697E-02 0.0000E+00 6.9122E-02 1.0181E-01 1.0392E-01 1.5289E-01 1.9802E-01 3.0170E-01 3.3006E-01 0.0000E+00
 0.0000E+00 1.3485E-01 3.8794E-01 2.9174E-01 1.8419E-01 1.1874E-01 1.5939E-01 1.4266E-01 1.6186E-01 1.7127E-01 1.4215E-01 1.0702E-01 1.3577E-01 9.7875E-02 8.6814E-02 7.0986E-02 0.0000E+00 6.7522E-02 1.0348E-01 1.0393E-01 1.4987E-01 1.9791E-01 3.0998E-01 3.3738E-01 0.0000E+00
 0.0000E+00 1.4497E-01 3.9090E-01 2.9356E-01 1.8295E-01 1.1357E-01 1.5805E-01 1.3739E-01 1.6706E-01 1.7640E-01 1.3870E-01 1.1040E-01 1.3690E-01 9.3974E-02 8.6701E-02 7.1454E-02 0.0000E+00 6.8903E-02 1.0147E-01 1.0174E-01 1.5404E-01 1.9696E-01 3.0624E-01 3.5197E-01 0.0000E+00
 0.0000E+00 1.5727E-01 3.9405E-01 2.9222E-01 1.8160E-01 1.1844E-01 1.5880E-01 1.3792E-01 1.6568E-01 1.7379E-01 1.3786E-01 1.0742E-01 1.3806E-01 9.6388E-02 8.3259E-02 7.3145E-02 0.0000E+00 6.8466E-02 9.8799E-02 9.9763E-02 1.4883E-01 1.8836E-01 3.0771E-01 3.5810E-01 0.0000E+00
 0.0000E+00 1.6611E-01 4.0446E-01 2.9335E-01 1.8361E-01 1.1837E-01 1.5680E-01 1.3667E-01 1.6447E-01 1.7152E-01 1.3629E-01 1.0750E-01 1.3251E-01 9.5211E-02 8.3217E-02 7.3186E-02 0.0000E+00 6.8550E-02 9.8618E-02 1.0027E-01 1.5148E-01 1.9155E-01 3.0499E-01 3.6683E-01 0.0000E+00
 0.0000E+00 1.8138E-01 3.9845E-01 2.9027E-01 1.8019E-01 1.1619E-01 1.6065E-01 1.3740E-01 1.6507E-01 1.7235E-01 1.3560E-01 1.0577E-01 1.3543E-01 9.2345E-02 8.3274E-02 7.3043E-02 0.0000E+00 7.1548E-02 9.7604E-02 1.0017E-01 1.4701E-01 1.9483E-01 3.0082E-01 3.8202E-01 0.0000E+00
 0.0000E+00 1.9053E-01 4.0280E-01 2.9335E-01 1.7919E-01 1.1615E-01 1.5960E-01 1.3715E-01 1.6410E-01 1.7334E-01 1.3800E-01 1.0487E-01 1.3780E-01 9.1619E-02 8.5193E-02 7.3939E-02 0.0000E+00 7.0941E-02 1.0104E-01 1.0131E-01 1.4897E-01 1.9335E-01 3.0186E-01 3.8814E-01 0.0000E+00
 0.0000E+00 1.9932E-01 4.1082E-01 2.8981E-01 1.8042E-01 1.1505E-01 1.6136E-01 1.3635E-01 1.6379E-01 1.7207E-01 1.3640E-01 1.0955E-01 1.3163E-01 9.4937E-02 8.4511E-02 7.0782E-02 0.0000E+00 7.2659E-02 9.9052E-02 9.5798E-02 1.4830E-01 1.9030E-01 3.0330E-01 3.9812E-01 0.0000E+00
 0.0000E+00 2.1621E-01 4.1532E-01 2.9445E-01 1.8055E-01 1.1593E-01 1.5767E-01 1.3741E-01 1.6296E-01 1.7429E-01 1.3613E-01 1.0740E-01 1.3303E-01 9.4176E-02 8.4809E-02 7.2982E-02 0.0000E+00 7.1127E-02 1.0080E-01 9.7133E-02 1.4769E-01 1.9113E-01 3.0938E-01 4.0957E-01 0.0000E+00
 0.0000E+00 2.2444E-01 4.1857E-01 2.9086E-01 1.8131E-01 1.1499E-01 1.6284E-01 1.3439E-01 1.6378E-01 1.7359E-01 1.3799E-01 1.0069E-01 1.3392E-01 9.1191E-02 8.5094E-02 7.2473E-02 0.0000E+00 6.9004E-02 1.0210E-01 9.8628E-02 1.4805E-01 1.9391E-01 2.9868E-01 4.2297E-01 0.0000E+00
 0.0000E+00 2.4215E-01 4.2440E-01 2.9491E-01 1.7678E-01 1.1484E-01 1.5840E-01 1.3572E-01 1.6529E-01 1.7126E-01 1.3430E-01 1.0449E-01 1.3223E-01 9.0037E-02 8.4482E-02 7.5549E-02 0.0000E+00 7.2188E-02 1.0015E-01 9.7153E-02 1.4777E-01 1.9520E-01 3.0460E-01 4.3204E-01 0.0000E+00
 0.0000E+00 2.5769E-01 4.2585E-01 2.9267E-01 1.7732E-01 1.1236E-01 1.5907E-01 1.3356E-01 1.6302E-01 1.7273E-01 1.3864E-01 1.0412E-01 1.3072E-01 9.1488E-02 8.2776E-02 7.4734E-02 0.0000E+00 7.5422E-02 9.7905E-02 9.6296E-02 1.4906E-01 1.9064E-01 3.0422E-01 4.4164E-01 0.0000E+00
 0.0000E+00 2.7066E-01 4.3375E-01 2.9024E-01 1.7767E-01 1.1402E-01 1.5972E-01 1.3520E-01 1.6174E-01 1.7280E-01 1.3442E-01 1.0298E-01 1.2910E-01 9.2071E-02 8.3202E-02 7.7586E-02 0.0000E+00 7.0285E-02 9.5116E-02 9.6406E-02 1.4602E-01 1.8991E-01 3.0571E-01 4.4733E-01 0.0000E+00
 0.0000E+00 2.8399E-01 4.3084E-01 2.9068E-01 1.7785E-01 1.1484E-01 1.6170E-01 1.3689E-01 1.6365E-01 1.6945E-01 1.3731E-01 1.0359E-01 1.2885E-01 9.1179E-02 8.2520E-02 7.2982E-02 0.0000E+00 7.2760E-02 9.7326E-02 9.5389E-02 1.4895E-01 1.9588E-01 3.0082E-01 4.6206E-01 0.0000E+00
 0.0000E+00 2.9905E-01 4.3090E-01 2.9381E-01 1.8321E-01 1.1351E-01 1.6139E-01 1.3331E-01 1.6536E-01 1.7077E-01 1.3469E-01 1.0140E-01 1.2992E-01 8.9930E-02 8.2975E-02 7.2290E-02 0.0000E+00 7.2963E-02 9.7724E-02 9.6585E-02 1.4601E-01 1.9269E-01 3.0742E-01 4.7363E-01 0.0000E+00
 0.0000E+00 3.1261E-01 4.4016E-01 2.9271E-01 1.8225E-01 1.1358E-01 1.5890E-01 1.3548E-01 1.6562E-01 1.6724E-01 1.3445E-01 1.0258E-01 1.3060E-01 8.9918E-02 8.8009E-02 7.5345E-02 0.0000E+00 7.7897E-02 9.5189E-02 9.5419E-02 1.4701E-01 1.8950E-01 3.0586E-01 4.8875E-01 0.0000E+00
 0.0000E+00 3.3285E-01 4.4091E-01 2.9280E-01 1.7794E-01 1.1462E-01 1.5908E-01 1.3249E-01 1.6596E-01 1.6964E-01 1.3508E-01 9.9712E-02 1.2902E-01 9.0275E-02 8.2904E-02 7.0416E-02 0.0000E+00 7.5641E-02 9.5599E-02 9.4513E-02 1.4570E-01 1.8999E-01 3.0266E-01 4.8865E-01 0.0000E+00
 0.0000E+00 3.4306E-01 4.4107E-01 2.9365E-01 1.7907E-01 1.1449E-01 1.6136E-01 1.3461E-01 1.6405E-01 1.6971E-01 1.3871E-01 1.0046E-01 1.2737E-01 8.6826E-02 8.3828E-02 7.2045E-02 0.0000E+00 7.8487E-02 9.2738E-02 9.5330E-02 1.4485E-01 1.8995E-01 3.0082E-01 5.0448E-01 0.0000E+00
 0.0000E+00 3.6682E-01 4.4364E-01 2.9339E-01 1.7851E-01 1.1469E-01 1.5726E-01 1.3220E-01 1.6449E-01 1.7146E-01 1.3670E-01 9.6574E-02 1.2983E-01 8.9562E-02 8.2321E-02 7.3878E-02 0.0000E+00 7.8436E-02 9.4513E-02 9.1374E-02 1.4467E-01 1.9070E-01 3.0308E-01 5.1352E-01 0.0000E+00
 0.0000E+00 3.8445E-01 4.5206E-01 2.9494E-01 1.7824E-01 1.1494E-01 1.5937E-01 1.3636E-01 1.6414E-01 1.6933E-01 1.3490E-01 9.8277E-02 1.2724E-01 8.5209E-02 8.3657E-02 7.2921E-02 0.0000E+00 7.8992E-02 9.2726E-02 9.2520E-02 1.4731E-01 1.9753E-01 3.0803E-01 5.1589E-01 0.0000E+00
 0.0000E+00 3.9878E-01 4.5015E-01 2.8902E-01 1.7833E-01 1.1351E-01 1.5822E-01 1.3416E-01 1.6504E-01 1.7245E-01 1.3444E-01 1.0168E-01 1.2638E-01 8.7350E-02 8.2861E-02 7.2249E-02 0.0000E+00 7.9801E-02 9.4694E-02 9.0996E-02 1.4493E-01 1.8917E-01 2.9863E-01 5.3341E-01 0.0000E+00
 0.0000E+00 4.1694E-01 4.5237E-01 2.9286E-01 1.7745E-01 1.1215E-01 1.5912E-01 1.3091E-01 1.6205E-01 1.7118E-01 1.3837E-01 1.0070E-01 1.2999E-01 8.7171E-02 8.2591E-02 7.3614E-02 0.0000E+00 7.7948E-02 9.4549E-02 9.2928E-02 1.4414E-01 1.8863E-01 3.0378E-01 5.3847E-01 0.0000E+00
 0.0000E+00 4.3373E-01 4.5748E-01 2.9157E-01 1.8008E-01 1.1270E-01 1.5709E-01 1.3234E-01 1.6639E-01 1.7318E-01 1.3434E-01 1.0111E-01 1.2345E-01 8.5506E-02 7.9505E-02 7.4836E-02 0.0000E+00 8.2024E-02 9.3209E-02 9.2550E-02 1.4284E-01 1.9281E-01 2.9888E-01 5.4517E-01 0.0000E+00
 0.0000E+00 4.5110E-01 4.6184E-01 2.8935E-01 1.7877E-01 1.1338E-01 1.5671E-01 1.3341E-01 1.6616E-01 1.7122E-01 1.3593E-01 9.7642E-02 1.2475E-01 8.4579E-02 8.4710E-02 7.4286E-02 0.0000E+00 7.8554E-02 9.3269E-02 9.2769E-02 1.4699E-01 1.9130E-01 2.9922E-01 5.5358E-01 0.0000E+00
 0.0000E+00 4.7447E-01 4.5970E-01 2.9130E-01 1.8379E-01 1.1353E-01 1.5917E-01 1.3280E-01 1.6494E-01 1.7306E-01 1.3547E-01 9.9462E-02 1.2357E-01 8.5875E-02 8.4255E-02 7.6160E-02 0.0000E+00 8.1519E-02 9.3257E-02 9.0657E-02 1.4514E-01 1.8762E-01 3.0446E-01 5.6858E-01 0.0000E+00
 0.0000E+00 4.8955E-01 4.5803E-01 2.9034E-01 1.8106E-01 1.1025E-01 1.5653E-01 1.3221E-01 1.6267E-01 1.6837E-01 1.3466E-01 9.9192E-02 1.2348E-01 8.6505E-02 8.5449E-02 7.6404E-02 0.0000E+00 8.0946E-02 9.3656E-02 9.0647E-02 1.4489E-01 1.9180E-01 3.0391E-01 5.7611E-01 0.0000E+00
 0.0000E+00 5.0810E-01 4.6568E-01 2.8747E-01 1.7953E-01 1.1401E-01 1.5984E-01 1.3019E-01 1.6426E-01 1.7010E-01 1.3537E-01 9.6756E-02 1.2404E-01 8.4829E-02 8.4226E-02 7.3002E-02 0.0000E+00 8.2243E-02 9.5177E-02 9.1125E-02 1.4036E-01 1.8905E-01 2.9995E-01 5.8006E-01 0.0000E+00
 0.0000E+00 5.2786E-01 4.7005E-01 2.9462E-01 1.8246E-01 1.1284E-01 1.6138E-01 1.3419E-01 1.6373E-01 1.6993E-01 1.3463E-01 9.8095E-02 1.2115E-01 8.2093E-02 8.0643E-02 7.4469E-02 0.0000E+00 8.2243E-02 9.4658E-02 8.8365E-02 1.4521E-01 1.8587E-01 3.0268E-01 5.8771E-01 0.0000E+00
 0.0000E+00 5.4206E-01 4.7078E-01 2.9285E-01 1.8341E-01 1.1429E-01 1.6060E-01 1.3025E-01 1.6223E-01 1.6906E-01 1.2950E-01 9.6968E-02 1.2059E-01 8.3354E-02 8.7397E-02 7.3919E-02 0.0000E+00 8.1788E-02 9.3607E-02 8.9521E-02 1.4123E-01 1.8773E-01 2.9713E-01 5.9560E-01 0.0000E+00
 0.0000E+00 5.5962E-01 4.7321E-01 2.8800E-01 1.8017E-01 1.1302E-01 1.5727E-01 1.3146E-01 1.6488E-01 1.7184E-01 1.3502E-01 9.7209E-02 1.2342E-01 8.3889E-02 8.5236E-02 7.3614E-02 0.0000E+00 8.2815E-02 9.3921E-02 8.9441E-02 1.4129E-01 1.8744E-01 2.9844E-01 6.0457E-01 0.0000E+00
 0.0000E+00 5.7839E-01 4.7501E-01 2.8852E-01 1.8244E-01 1.1689E-01 1.5933E-01 1.3334E-01 1.6576E-01 1.6943E-01 1.3427E-01 9.7026E-02 1.1988E-01 8.4103E-02 8.4781E-02 7.6404E-02 0.0000E+00 8.3843E-02 9.3523E-02 9.2231E-02 1.4004E-01 1.8891E-01 2.9337E-01 6.0947E-01 0.0000E+00
 0.0000E+00 5.9881E-01 4.7391E-01 2.9082E-01 1.7804E-01 1.1044E-01 1.5717E-01 1.3229E-01 1.6131E-01 1.7122E-01 1.3412E-01 9.7960E-02 1.2211E-01 8.2129E-02 8.3174E-02 7.3777E-02 0.0000E+00 8.3590E-02 9.0637E-02 8.9830E-02 1.4269E-01 1.9111E-01 2.9714E-01 6.0983E-01 0.0000E+00
 0.0000E+00 6.1647E-01 4.7222E-01 2.8757E-01 1.7692E-01 1.1408E-01 1.5913E-01 1.3283E-01 1.5844E-01 1.6844E-01 1.2943E-01 9.7286E-02 1.1914E-01 8.2438E-02 8.3629E-02 7.4978E-02 0.0000E+00 8.4096E-02 8.8729E-02 8.8515E-02 1.4161E-01 1.8768E-01 3.0131E-01 6.1900E-01 0.0000E+00
 0.0000E+00 6.3048E-01 4.7352E-01 2.8551E-01 1.8181E-01 1.1376E-01 1.5876E-01 1.3186E-01 1.6263E-01 1.6467E-01 1.3355E-01 9.6641E-02 1.2089E-01 8.0797E-02 8.3288E-02 7.5121E-02 0.0000E+00 8.7700E-02 9.0130E-02 8.9959E-02 1.4357E-01 1.8793E-01 3.0249E-01 6.1912E-01 0.0000E+00
 0.0000E+00 6.5214E-01 4.7999E-01 2.8558E-01 1.7962E-01 1.1293E-01 1.5621E-01 1.3325E-01 1.6581E-01 1.7366E-01 1.3186E-01 9.5370E-02 1.1802E-01 7.9953E-02 8.4852E-02 7.3451E-02 0.0000E+00 8.8795E-02 9.3161E-02 8.8146E-02 1.4228E-01 1.9163E-01 3.0010E-01 6.2749E-01 0.0000E+00
 0.0000E+00 6.7055E-01 4.7497E-01 2.9106E-01 1.7690E-01 1.1266E-01 1.5915E-01 1.3269E-01 1.6004E-01 1.6625E-01 1.3138E-01 9.6785E-02 1.1775E-01 8.2938E-02 8.4767E-02 7.4591E-02 0.0000E+00 8.8054E-02 9.1422E-02 8.9362E-02 1.4419E-01 1.8862E-01 2.9630E-01 6.4880E-01 0.0000E+00
 0.0000E+00 6.9064E-01 4.7812E-01 2.8861E-01 1.8081E-01 1.1239E-01 1.5644E-01 1.3049E-01 1.6162E-01 1.6946E-01 1.3442E-01 9.4995E-02 1.2029E-01 8.3068E-02 8.0444E-02 7.3002E-02 0.0000E+00 8.6369E-02 9.2472E-02 8.8505E-02 1.3998E-01 1.8775E-01 3.0183E-01 6.4475E-01 0.0000E+00
 0.0000E+00 7.0697E-01 4.8327E-01 2.8970E-01 1.8468E-01 1.1291E-01 1.5922E-01 1.3071E-01 1.6261E-01 1.6939E-01 1.3575E-01 9.5110E-02 1.2000E-01 8.1903E-02 8.3501E-02 7.4347E-02 0.0000E+00 8.7851E-02 8.9418E-02 8.6761E-02 1.4144E-01 1.8873E-01 2.9781E-01 6.4397E-01 0.0000E+00
 0.0000E+00 7.1914E-01 4.8615E-01 2.8740E-01 1.8073E-01 1.1576E-01 1.5653E-01 1.3171E-01 1.6080E-01 1.6714E-01 1.3188E-01 9.6391E-02 1.1975E-01 8.2605E-02 8.5065E-02 7.4713E-02 0.0000E+00 8.9216E-02 9.1784E-02 8.7937E-02 1.4019E-01 1.8611E-01 2.9834E-01 6.5482E-01 0.0000E+00
 0.0000E+00 7.3551E-01 4.8193E-01 2.8515E-01 1.7834E-01 1.1304E-01 1.5887E-01 1.3361E-01 1.6449E-01 1.6705E-01 1.3302E-01 9.4735E-02 1.2006E-01 8.0785E-02 8.3913E-02 7.3532E-02 0.0000E+00 8.8289E-02 9.1265E-02 8.8794E-02 1.4250E-01 1.8830E-01 2.9773E-01 6.5562E-01 0.0000E+00
 0.0000E+00 7.4758E-01 4.7880E-01 2.8697E-01 1.7891E-01 1.1663E-01 1.5729E-01 1.3305E-01 1.6662E-01 1.6859E-01 1.3356E-01 9.6631E-02 1.1693E-01 8.1023E-02 8.2705E-02 7.6771E-02 0.0000E+00 9.1271E-02 8.8524E-02 8.6373E-02 1.4044E-01 1.8250E-01 2.9331E-01 6.6014E-01 0.0000E+00
 0.0000E+00 7.6881E-01 4.7297E-01 2.8484E-01 1.8179E-01 1.1636E-01 1.5814E-01 1.3304E-01 1.6163E-01 1.6675E-01 1.3292E-01 9.2376E-02 1.1578E-01 8.2605E-02 8.6402E-02 7.3919E-02 0.0000E+00 9.2332E-02 9.0613E-02 8.6721E-02 1.4060E-01 1.8897E-01 2.9623E-01 6.6592E-01 0.0000E+00
 0.0000E+00 7.7526E-01 4.8879E-01 2.8257E-01 1.7814E-01 1.1843E-01 1.6062E-01 1.2969E-01 1.6392E-01 1.6835E-01 1.3507E-01 9.7969E-02 1.1979E-01 8.1285E-02 8.4027E-02 7.3960E-02 0.0000E+00 8.8929E-02 8.7896E-02 8.9242E-02 1.4174E-01 1.8590E-01 2.9789E-01 6.6112E-01 0.0000E+00
 0.0000E+00 7.9352E-01 4.8887E-01 2.8563E-01 1.7891E-01 1.1473E-01 1.5741E-01 1.3386E-01 1.6286E-01 1.6807E-01 1.3204E-01 9.4177E-02 1.2001E-01 8.1784E-02 8.1425E-02 7.1801E-02 0.0000E+00 9.3308E-02 9.3305E-02 8.9152E-02 1.3744E-01 1.8578E-01 2.9580E-01 6.6791E-01 0.0000E+00
 0.0000E+00 8.0983E-01 4.8220E-01 2.8530E-01 1.8055E-01 1.1477E-01 1.5806E-01 1.3371E-01 1.6288E-01 1.6595E-01 1.2923E-01 9.6188E-02 1.1916E-01 8.1511E-02 8.2193E-02 7.7443E-02 0.0000E+00 9.0193E-02 9.0142E-02 8.8166E-02 1.3874E-01 1.8451E-01 2.9441E-01 6.7024E-01 0.0000E+00
 0.0000E+00 8.2386E-01 4.8157E-01 2.8582E-01 1.8223E-01 1.1544E-01 1.5656E-01 1.3352E-01 1.6186E-01 1.6533E-01 1.3290E-01 9.2338E-02 1.1887E-01 8.0845E-02 8.1979E-02 7.6811E-02 0.0000E+00 9.2534E-02 9.1277E-02 8.7787E-02 1.4074E-01 1.8311E-01 2.9334E-01 6.7482E-01 0.0000E+00
 0.0000E+00 8.3320E-01 4.8543E-01 2.8197E-01 1.8290E-01 1.1712E-01 1.5534E-01 1.2970E-01 1.6483E-01 1.6513E-01 1.3299E-01 9.5389E-02 1.1503E-01 7.9489E-02 8.4966E-02 7.7341E-02 0.0000E+00 9.2197E-02 9.0722E-02 8.6662E-02 1.3930E-01 1.8563E-01 2.9089E-01 6.7336E-01 0.0000E+00
 0.0000E+00 8.4543E-01 4.8399E-01 2.8251E-01 1.7928E-01 1.1828E-01 1.5769E-01 1.3146E-01 1.6666E-01 1.6655E-01 1.3361E-01 9.6564E-02 1.1292E-01 8.1701E-02 8.6374E-02 7.6282E-02 0.0000E+00 9.5397E-02 8.7486E-02 8.7269E-02 1.4258E-01 1.8635E-01 2.9199E-01 6.8665E-01 0.0000E+00
 0.0000E+00 8.5918E-01 4.8789E-01 2.8543E-01 1.8220E-01 1.1648E-01 1.5856E-01 1.2861E-01 1.6084E-01 1.6872E-01 1.3039E-01 9.5004E-02 1.1654E-01 7.9251E-02 8.2193E-02 7.5100E-02 0.0000E+00 9.6711E-02 8.9768E-02 8.6373E-02 1.3950E-01 1.8389E-01 2.9316E-01 6.8602E-01 0.0000E+00
 0.0000E+00 8.6331E-01 4.8573E-01 2.8170E-01 1.8287E-01 1.1867E-01 1.5717E-01 1.3085E-01 1.6598E-01 1.6822E-01 1.2940E-01 9.5081E-02 1.1515E-01 7.9108E-02 8.4283E-02 7.5854E-02 0.0000E+00 9.8142E-02 8.7558E-02 8.7817E-02 1.3785E-01 1.8493E-01 2.9421E-01 6.7702E-01 0.0000E+00
 0.0000E+00 8.7827E-01 4.8053E-01 2.8439E-01 1.8435E-01 1.1754E-01 1.5822E-01 1.3027E-01 1.6053E-01 1.6988E-01 1.3175E-01 9.1972E-02 1.1393E-01 8.0595E-02 8.3615E-02 7.4326E-02 0.0000E+00 9.5128E-02 8.8886E-02 8.5446E-02 1.3738E-01 1.8388E-01 2.8646E-01 6.8677E-01 0.0000E+00
 0.0000E+00 8.9453E-01 4.8096E-01 2.8025E-01 1.7948E-01 1.1805E-01 1.6160E-01 1.3383E-01 1.5909E-01 1.6698E-01 1.3322E-01 9.5515E-02 1.1225E-01 7.9881E-02 8.1496E-02 7.5243E-02 0.0000E+00 9.5936E-02 8.8995E-02 8.9282E-02 1.3765E-01 1.8296E-01 2.9375E-01 6.9353E-01 0.0000E+00
 0.0000E+00 8.9662E-01 4.8391E-01 2.7837E-01 1.8557E-01 1.1882E-01 1.6227E-01 1.3221E-01 1.6328E-01 1.6795E-01 1.3152E-01 9.4003E-02 1.1488E-01 8.0393E-02 8.0771E-02 7.8054E-02 0.0000E+00 1.0023E-01 9.1506E-02 8.6074E-02 1.4105E-01 1.8115E-01 2.9029E-01 6.8752E-01 0.0000E+00
 0.0000E+00 9.0315E-01 4.8173E-01 2.8106E-01 1.8571E-01 1.1810E-01 1.5717E-01 1.3162E-01 1.6548E-01 1.6764E-01 1.3057E-01 9.5630E-02 1.1432E-01 7.9489E-02 8.5108E-02 7.4082E-02 0.0000E+00 9.7704E-02 9.0106E-02 8.9023E-02 1.4169E-01 1.8705E-01 2.9079E-01 6.8055E-01 0.0000E+00
 0.0000E+00 9.1104E-01 4.8464E-01 2.8104E-01 1.8666E-01 1.1940E-01 1.5801E-01 1.3389E-01 1.6501E-01 1.6641E-01 1.3375E-01 9.4812E-02 1.1471E-01 8.0345E-02 8.2406E-02 7.5630E-02 0.0000E+00 9.7182E-02 9.0311E-02 8.7877E-02 1.4284E-01 1.8440E-01 2.8874E-01 6.8875E-01 0.0000E+00
 0.0000E+00 9.2569E-01 4.8000E-01 2.8280E-01 1.8572E-01 1.2043E-01 1.6111E-01 1.3286E-01 1.6213E-01 1.7033E-01 1.3213E-01 9.5803E-02 1.1307E-01 8.0012E-02 8.5819E-02 7.7973E-02 0.0000E+00 9.7031E-02 9.0311E-02 8.7449E-02 1.3949E-01 1.8213E-01 2.8755E-01 6.8708E-01 0.0000E+00
 0.0000E+00 9.3597E-01 4.8059E-01 2.7635E-01 1.8380E-01 1.2021E-01 1.6115E-01 1.3106E-01 1.6160E-01 1.6363E-01 1.3070E-01 9.7247E-02 1.1502E-01 7.9108E-02 8.3601E-02 7.8767E-02 0.0000E+00 9.9827E-02 8.8247E-02 8.7867E-02 1.4120E-01 1.8542E-01 2.8735E-01 6.8401E-01 0.0000E+00
 0.0000E+00 9.3451E-01 4.8012E-01 2.8089E-01 1.8226E-01 1.2059E-01 1.5661E-01 1.3227E-01 1.6241E-01 1.6694E-01 1.2938E-01 9.2790E-02 1.1122E-01 8.0202E-02 8.5577E-02 7.6486E-02 0.0000E+00 1.0023E-01 8.8633E-02 8.8186E-02 1.3937E-01 1.8497E-01 2.8768E-01 6.9046E-01 0.0000E+00
 0.0000E+00 9.3684E-01 4.7573E-01 2.7861E-01 1.8146E-01 1.2134E-01 1.6083E-01 1.3219E-01 1.6625E-01 1.6493E-01 1.3461E-01 9.3387E-02 1.1307E-01 8.2117E-02 8.4895E-02 7.6811E-02 0.0000E+00 1.0133E-01 8.9454E-02 8.8286E-02 1.4045E-01 1.8552E-01 2.8858E-01 6.7476E-01 0.0000E+00
 0.0000E+00 9.3932E-01 4.7534E-01 2.8079E-01 1.8215E-01 1.2226E-01 1.5886E-01 1.3170E-01 1.6180E-01 1.6987E-01 1.3255E-01 9.7555E-02 1.1329E-01 8.0083E-02 8.4255E-02 8.0702E-02 0.0000E+00 1.0311E-01 9.2267E-02 8.5476E-02 1.4279E-01 1.8213E-01 2.8456E-01 6.8272E-01 0.0000E+00
 0.0000E+00 9.3923E-01 4.7533E-01 2.8015E-01 1.8309E-01 1.1988E-01 1.5771E-01 1.3539E-01 1.6468E-01 1.6430E-01 1.3234E-01 9.6131E-02 1.1003E-01 8.0975E-02 8.3074E-02 7.6465E-02 0.0000E+00 1.0021E-01 9.0359E-02 8.7259E-02 1.3859E-01 1.8397E-01 2.8641E-01 6.8135E-01 0.0000E+00
 0.0000E+00 9.5399E-01 4.7413E-01 2.8145E-01 1.8194E-01 1.2051E-01 1.5922E-01 1.3151E-01 1.6333E-01 1.6867E-01 1.3633E-01 9.8152E-02 1.1249E-01 8.0167E-02 8.4895E-02 7.6852E-02 0.0000E+00 1.0518E-01 8.8005E-02 8.6881E-02 1.3955E-01 1.8571E-01 2.9220E-01 6.7449E-01 0.0000E+00
 0.0000E+00 9.5707E-01 4.7348E-01 2.7903E-01 1.8419E-01 1.2318E-01 1.5732E-01 1.3390E-01 1.6427E-01 1.6559E-01 1.3370E-01 9.3310E-02 1.1098E-01 8.2914E-02 8.5293E-02 7.5447E-02 0.0000E+00 1.0453E-01 8.8850E-02 8.6462E-02 1.3915E-01 1.8333E-01 2.8926E-01 6.7250E-01 0.0000E+00
 0.0000E+00 9.3999E-01 4.7769E-01 2.8003E-01 1.8441E-01 1.2172E-01 1.6167E-01 1.3581E-01 1.6450E-01 1.6625E-01 1.3416E-01 9.8932E-02 1.1418E-01 8.0702E-02 8.3729E-02 7.5467E-02 0.0000E+00 1.0074E-01 8.9526E-02 8.9073E-02 1.4036E-01 1.8593E-01 2.9007E-01 6.6945E-01 0.0000E+00
 0.0000E+00 9.5328E-01 4.7223E-01 2.7409E-01 1.8792E-01 1.2342E-01 1.5689E-01 1.3339E-01 1.6280E-01 1.6791E-01 1.3113E-01 9.6978E-02 1.1188E-01 7.9215E-02 8.3814E-02 7.6771E-02 0.0000E+00 1.0104E-01 8.7703E-02 8.5984E-02 1.4083E-01 1.8449E-01 2.8528E-01 6.7270E-01 0.0000E+00
 0.0000E+00 9.5645E-01 4.7427E-01 2.7630E-01 1.8393E-01 1.2590E-01 1.5792E-01 1.3245E-01 1.6200E-01 1.6487E-01 1.3166E-01 9.5389E-02 1.1389E-01 7.8977E-02 8.2107E-02 7.6547E-02 0.0000E+00 1.0309E-01 8.8416E-02 8.6632E-02 1.3845E-01 1.8326E-01 2.8575E-01 6.7793E-01 0.0000E+00
 0.0000E+00 9.5391E-01 4.6538E-01 2.7488E-01 1.8524E-01 1.2576E-01 1.5882E-01 1.3364E-01 1.6168E-01 1.6485E-01 1.3555E-01 9.8123E-02 1.1191E-01 7.9572E-02 8.3771E-02 7.7423E-02 0.0000E+00 1.0181E-01 8.9104E-02 8.8305E-02 1.3814E-01 1.8548E-01 2.8314E-01 6.7344E-01 0.0000E+00
 0.0000E+00 9.6175E-01 4.6502E-01 2.7571E-01 1.8574E-01 1.2428E-01 1.5945E-01 1.3353E-01 1.6212E-01 1.6451E-01 1.3172E-01 9.5515E-02 1.1104E-01 7.8359E-02 8.3544E-02 7.8237E-02 0.0000E+00 1.0565E-01 8.8090E-02 8.8375E-02 1.4136E-01 1.8083E-01 2.8100E-01 6.6754E-01 0.0000E+00
 0.0000E+00 9.6108E-01 4.6405E-01 2.7188E-01 1.8182E-01 1.2544E-01 1.6146E-01 1.3407E-01 1.6716E-01 1.6602E-01 1.3395E-01 9.8239E-02 1.1178E-01 8.0345E-02 8.3089E-02 7.7097E-02 0.0000E+00 1.0554E-01 8.8766E-02 8.6123E-02 1.3984E-01 1.8221E-01 2.7963E-01 6.6101E-01 0.0000E+00
 0.0000E+00 9.5176E-01 4.6516E-01 2.7223E-01 1.8738E-01 1.2556E-01 1.6028E-01 1.3339E-01 1.6077E-01 1.6233E-01 1.3199E-01 9.6987E-02 1.1055E-01 7.8478E-02 8.5321E-02 7.6058E-02 0.0000E+00 1.0493E-01 8.7703E-02 8.6701E-02 1.3822E-01 1.8344E-01 2.8102E-01 6.5795E-01 0.0000E+00
 0.0000E+00 9.4830E-01 4.6137E-01 2.7152E-01 1.8968E-01 1.2336E-01 1.5901E-01 1.3717E-01 1.6394E-01 1.6451E-01 1.3730E-01 9.4494E-02 1.1256E-01 7.7717E-02 8.4511E-02 7.8522E-02 0.0000E+00 1.0432E-01 8.8512E-02 8.7110E-02 1.4369E-01 1.8299E-01 2.8281E-01 6.6064E-01 0.0000E+00
 0.0000E+00 9.4606E-01 4.6087E-01 2.7591E-01 1.8358E-01 1.2713E-01 1.5901E-01 1.3591E-01 1.6520E-01 1.6203E-01 1.3237E-01 9.5813E-02 1.1157E-01 7.8882E-02 8.3003E-02 7.9439E-02 0.0000E+00 1.0705E-01 9.0806E-02 9.0238E-02 1.4030E-01 1.8128E-01 2.8455E-01 6.4971E-01 0.0000E+00
 0.0000E+00 9.4174E-01 4.5932E-01 2.7157E-01 1.8490E-01 1.2619E-01 1.5802E-01 1.3464E-01 1.6289E-01 1.6498E-01 1.3205E-01 9.8855E-02 1.1154E-01 7.9168E-02 8.4923E-02 8.0172E-02 0.0000E+00 1.1219E-01 9.0033E-02 8.9880E-02 1.4080E-01 1.8630E-01 2.7829E-01 6.4157E-01 0.0000E+00
 0.0000E+00 9.3971E-01 4.5782E-01 2.6963E-01 1.8700E-01 1.3140E-01 1.6138E-01 1.3438E-01 1.6110E-01 1.6047E-01 1.3336E-01 9.6959E-02 1.1208E-01 8.0214E-02 8.1581E-02 7.6180E-02 0.0000E+00 1.0906E-01 8.9321E-02 8.7259E-02 1.3557E-01 1.8001E-01 2.7551E-01 6.4363E-01 0.0000E+00
 0.0000E+00 9.3733E-01 4.5738E-01 2.7310E-01 1.8851E-01 1.2790E-01 1.5873E-01 1.3619E-01 1.6368E-01 1.6633E-01 1.3273E-01 9.6391E-02 1.1026E-01 7.7848E-02 8.5307E-02 7.5019E-02 0.0000E+00 1.0885E-01 8.9852E-02 8.7668E-02 1.4357E-01 1.8051E-01 2.7894E-01 6.4051E-01 0.0000E+00
 2.4819E-04 9.3024E-01 4.6015E-01 2.7128E-01 1.8680E-01 1.2762E-01 1.5902E-01 1.3606E-01 1.6219E-01 1.6414E-01 1.3489E-01 9.7267E-02 1.1118E-01 7.9560E-02 8.8649E-02 7.7769E-02 0.0000E+00 1.0970E-01 8.9309E-02 8.7748E-02 1.4135E-01 1.8372E-01 2.7570E-01 6.3683E-01 2.4819E-04
 1.2665E+00 9.1694E-01 4.4660E-01 2.7139E-01 1.8971E-01 1.2930E-01 1.6104E-01 1.3672E-01 1.6625E-01 1.6204E-01 1.3104E-01 9.8287E-02 1.1060E-01 7.9417E-02 8.6459E-02 7.7076E-02 0.0000E+00 1.0884E-01 9.0142E-02 8.8774E-02 1.3805E-01 1.8391E-01 2.8256E-01 6.3218E-01 1.2665E+00
 4.7700E+01 9.0975E-01 4.5102E-01 2.7193E-01 1.8940E-01 1.2705E-01 1.5761E-01 1.3704E-01 1.6359E-01 1.6508E-01 1.3475E-01 9.7729E-02 1.1232E-01 8.1582E-02 8.5762E-02 7.7097E-02 0.0000E+00 1.1130E-01 9.0661E-02 9.0248E-02 1.3989E-01 1.8234E-01 2.7672E-01 6.2931E-01 4.7700E+01
 4.8635E+01 9.1079E-01 4.4377E-01 2.6779E-01 1.8827E-01 1.2973E-01 1.5906E-01 1.3105E-01 1.6414E-01 1.6676E-01 1.3441E-01 9.8239E-02 1.0909E-01 7.9322E-02 8.3586E-02 7.7443E-02 0.0000E+00 1.1123E-01 8.9985E-02 8.7997E-02 1.3975E-01 1.8142E-01 2.8053E-01 6.2283E-01 4.8635E+01
 1.6743E+00 9.0082E-01 4.4301E-01 2.7321E-01 1.8928E-01 1.3110E-01 1.5901E-01 1.3301E-01 1.6357E-01 1.6299E-01 1.3258E-01 9.9086E-02 1.1087E-01 7.8502E-02 8.6715E-02 7.4836E-02 0.0000E+00 1.1109E-01 9.0637E-02 8.9073E-02 1.4154E-01 1.8154E-01 2.7358E-01 6.1976E-01 1.6743E+00
 1.3237E-03 8.9171E-01 4.4536E-01 2.6852E-01 1.8928E-01 1.3128E-01 1.5823E-01 1.3513E-01 1.6189E-01 1.6392E-01 1.3247E-01 9.6208E-02 1.1046E-01 8.0488E-02 8.9587E-02 7.9826E-02 0.0000E+00 1.1404E-01 9.2207E-02 8.9063E-02 1.3876E-01 1.8059E-01 2.7455E-01 6.1494E-01 1.3237E-03
 0.0000E+00 8.8049E-01 4.3792E-01 2.6643E-01 1.8622E-01 1.3001E-01 1.6175E-01 1.3205E-01 1.6047E-01 1.5835E-01 1.3139E-01 9.8585E-02 1.1200E-01 8.0999E-02 8.8023E-02 7.8441E-02 0.0000E+00 1.1135E-01 8.8174E-02 9.1155E-02 1.3964E-01 1.8247E-01 2.7557E-01 6.0808E-01 0.0000E+00
 0.0000E+00 8.7830E-01 4.3355E-01 2.6812E-01 1.8961E-01 1.3286E-01 1.6091E-01 1.3685E-01 1.6372E-01 1.6068E-01 1.3604E-01 9.5678E-02 1.1146E-01 8.0654E-02 8.4568E-02 8.0600E-02 0.0000E+00 1.1140E-01 9.1675E-02 8.9830E-02 1.4005E-01 1.8189E-01 2.7960E-01 6.1135E-01 0.0000E+00
 0.0000E+00 8.7465E-01 4.3429E-01 2.6561E-01 1.8704E-01 1.2947E-01 1.6419E-01 1.3843E-01 1.6558E-01 1.6413E-01 1.3456E-01 9.8701E-02 1.0990E-01 8.0250E-02 8.5975E-02 7.9052E-02 0.0000E+00 1.1517E-01 8.9297E-02 9.1912E-02 1.4031E-01 1.8014E-01 2.7153E-01 6.0053E-01 0.0000E+00
 0.0000E+00 8.6264E-01 4.3130E-01 2.6575E-01 1.8955E-01 1.3382E-01 1.6097E-01 1.3709E-01 1.6191E-01 1.6635E-01 1.3219E-01 1.0267E-01 1.0997E-01 7.9168E-02 8.9260E-02 7.9948E-02 0.0000E+00 1.1495E-01 9.2702E-02 8.8136E-02 1.4109E-01 1.8127E-01 2.7432E-01 6.0034E-01 0.0000E+00
 0.0000E+00 8.5618E-01 4.2753E-01 2.6356E-01 1.9019E-01 1.3303E-01 1.6376E-01 1.3710E-01 1.6481E-01 1.6407E-01 1.3634E-01 9.8634E-02 1.1012E-01 7.8561E-02 8.6957E-02 7.8258E-02 0.0000E+00 1.1285E-01 9.0347E-02 8.8405E-02 1.3894E-01 1.8597E-01 2.6967E-01 5.9481E-01 0.0000E+00
 0.0000E+00 8.3607E-01 4.2897E-01 2.6632E-01 1.8716E-01 1.3186E-01 1.5773E-01 1.3720E-01 1.6191E-01 1.6287E-01 1.3606E-01 9.6679E-02 1.1203E-01 8.0607E-02 8.4966E-02 7.8115E-02 0.0000E+00 1.1204E-01 9.0879E-02 8.9362E-02 1.3743E-01 1.8455E-01 2.7112E-01 5.8500E-01 0.0000E+00
 0.0000E+00 8.2686E-01 4.2610E-01 2.6523E-01 1.8990E-01 1.3356E-01 1.5948E-01 1.3748E-01 1.6329E-01 1.6360E-01 1.3485E-01 1.0018E-01 1.1237E-01 7.9560E-02 8.5606E-02 7.8665E-02 0.0000E+00 1.1829E-01 9.0927E-02 8.9949E-02 1.4183E-01 1.8184E-01 2.6873E-01 5.8309E-01 0.0000E+00
 0.0000E+00 8.2204E-01 4.1816E-01 2.6237E-01 1.8777E-01 1.3527E-01 1.6215E-01 1.3552E-01 1.6018E-01 1.6323E-01 1.3416E-01 1.0064E-01 1.1046E-01 8.0654E-02 8.7980E-02 7.5569E-02 0.0000E+00 1.1593E-01 9.2484E-02 9.0906E-02 1.3705E-01 1.8151E-01 2.6708E-01 5.7836E-01 0.0000E+00
 0.0000E+00 8.1433E-01 4.1719E-01 2.6242E-01 1.9145E-01 1.3886E-01 1.6040E-01 1.3626E-01 1.6539E-01 1.6255E-01 1.3332E-01 9.9798E-02 1.1040E-01 7.9632E-02 8.7540E-02 7.8828E-02 0.0000E+00 1.1886E-01 8.8947E-02 9.1713E-02 1.4172E-01 1.8619E-01 2.6940E-01 5.6607E-01 0.0000E+00
 0.0000E+00 8.0276E-01 4.1921E-01 2.5988E-01 1.9499E-01 1.3539E-01 1.6278E-01 1.3672E-01 1.6074E-01 1.6440E-01 1.3528E-01 1.0044E-01 1.1152E-01 8.3996E-02 8.4838E-02 7.9235E-02 0.0000E+00 1.1621E-01 9.2919E-02 9.1882E-02 1.3807E-01 1.7802E-01 2.6690E-01 5.5924E-01 0.0000E+00
 0.0000E+00 7.8602E-01 4.1433E-01 2.6585E-01 1.9199E-01 1.3425E-01 1.6016E-01 1.3665E-01 1.6516E-01 1.6233E-01 1.3355E-01 1.0350E-01 1.0832E-01 8.0452E-02 8.9317E-02 7.8360E-02 0.0000E+00 1.1859E-01 8.9732E-02 9.0786E-02 1.4240E-01 1.8165E-01 2.6452E-01 5.5701E-01 0.0000E+00
 0.0000E+00 7.8306E-01 4.1151E-01 2.5930E-01 1.9198E-01 1.3750E-01 1.6062E-01 1.3343E-01 1.6229E-01 1.6235E-01 1.3812E-01 1.0129E-01 1.1235E-01 8.1011E-02 8.8507E-02 7.6017E-02 0.0000E+00 1.1635E-01 9.1869E-02 9.3357E-02 1.4028E-01 1.7849E-01 2.6288E-01 5.5641E-01 0.0000E+00
 0.0000E+00 7.6368E-01 4.0840E-01 2.6100E-01 1.8816E-01 1.3812E-01 1.5964E-01 1.3536E-01 1.5925E-01 1.6383E-01 1.3452E-01 1.0099E-01 1.0862E-01 8.0286E-02 9.0369E-02 7.9297E-02 0.0000E+00 1.1613E-01 9.2279E-02 9.1743E-02 1.3919E-01 1.8162E-01 2.6642E-01 5.4833E-01 0.0000E+00
 0.0000E+00 7.5873E-01 4.0664E-01 2.5539E-01 1.9344E-01 1.3849E-01 1.6125E-01 1.4094E-01 1.6296E-01 1.6061E-01 1.3606E-01 9.9943E-02 1.0839E-01 8.1475E-02 8.6189E-02 7.9459E-02 0.0000E+00 1.2048E-01 9.1724E-02 9.2958E-02 1.4075E-01 1.8184E-01 2.6816E-01 5.4304E-01 0.0000E+00
 0.0000E+00 7.4825E-01 4.0293E-01 2.5598E-01 1.9198E-01 1.3954E-01 1.5957E-01 1.3946E-01 1.6386E-01 1.6238E-01 1.3311E-01 9.9741E-02 1.1140E-01 8.2046E-02 8.9630E-02 7.7382E-02 0.0000E+00 1.1591E-01 9.5273E-02 9.1534E-02 1.3743E-01 1.7782E-01 2.6629E-01 5.3437E-01 0.0000E+00
 0.0000E+00 7.3391E-01 4.0044E-01 2.5576E-01 1.9335E-01 1.4157E-01 1.6324E-01 1.3747E-01 1.6202E-01 1.6076E-01 1.3939E-01 1.0313E-01 1.1280E-01 8.0523E-02 8.8919E-02 8.2291E-02 0.0000E+00 1.1879E-01 9.3161E-02 9.2650E-02 1.4570E-01 1.8183E-01 2.6536E-01 5.2971E-01 0.0000E+00
 0.0000E+00 7.2005E-01 3.9716E-01 2.5968E-01 1.9182E-01 1.4025E-01 1.6355E-01 1.3727E-01 1.6380E-01 1.6670E-01 1.3920E-01 1.0333E-01 1.1031E-01 8.2272E-02 8.7355E-02 7.9439E-02 0.0000E+00 1.2012E-01 9.2509E-02 9.3128E-02 1.4191E-01 1.8280E-01 2.5938E-01 5.2674E-01 0.0000E+00
 0.0000E+00 7.0674E-01 3.9184E-01 2.5589E-01 1.9292E-01 1.3880E-01 1.6014E-01 1.3771E-01 1.6078E-01 1.6164E-01 1.3484E-01 1.0158E-01 1.0944E-01 8.1927E-02 8.8549E-02 7.6302E-02 0.0000E+00 1.2054E-01 9.3547E-02 9.1663E-02 1.4059E-01 1.8027E-01 2.6448E-01 5.1854E-01 0.0000E+00
 0.0000E+00 6.9712E-01 3.9470E-01 2.5546E-01 1.9377E-01 1.3934E-01 1.6218E-01 1.3871E-01 1.6077E-01 1.6226E-01 1.3805E-01 1.0072E-01 1.1291E-01 8.2533E-02 8.8094E-02 7.5426E-02 0.0000E+00 1.1861E-01 9.5225E-02 9.3815E-02 1.3989E-01 1.8169E-01 2.6049E-01 5.1018E-01 0.0000E+00
 0.0000E+00 6.9175E-01 3.9227E-01 2.5814E-01 1.9396E-01 1.4600E-01 1.6328E-01 1.3949E-01 1.6331E-01 1.6229E-01 1.3663E-01 1.0074E-01 1.1205E-01 8.0393E-02 8.6018E-02 7.7565E-02 0.0000E+00 1.2272E-01 9.2835E-02 9.6037E-02 1.4335E-01 1.8088E-01 2.5907E-01 5.0470E-01 0.0000E+00
 0.0000E+00 6.7484E-01 3.9149E-01 2.5454E-01 1.9307E-01 1.4269E-01 1.6339E-01 1.3744E-01 1.6102E-01 1.6284E-01 1.3746E-01 1.0193E-01 1.0702E-01 8.1320E-02 8.8051E-02 7.7647E-02 0.0000E+00 1.2171E-01 9.4839E-02 9.3217E-02 1.4090E-01 1.7951E-01 2.5708E-01 5.0039E-01 0.0000E+00
 0.0000E+00 6.6549E-01 3.8534E-01 2.5375E-01 1.9209E-01 1.4299E-01 1.6488E-01 1.3891E-01 1.6354E-01 1.6229E-01 1.3883E-01 1.0223E-01 1.1136E-01 8.0238E-02 9.0412E-02 7.8339E-02 0.0000E+00 1.2322E-01 9.1482E-02 9.4493E-02 1.4118E-01 1.8170E-01 2.5818E-01 4.9690E-01 0.0000E+00
 0.0000E+00 6.5627E-01 3.8319E-01 2.5282E-01 1.9427E-01 1.4363E-01 1.6025E-01 1.4064E-01 1.6218E-01 1.6401E-01 1.3621E-01 1.0368E-01 1.0866E-01 8.1891E-02 8.7085E-02 7.7891E-02 0.0000E+00 1.2053E-01 9.4199E-02 9.3855E-02 1.4249E-01 1.7932E-01 2.6061E-01 4.8974E-01 0.0000E+00
 0.0000E+00 6.3709E-01 3.8140E-01 2.5220E-01 1.9436E-01 1.4374E-01 1.6185E-01 1.4159E-01 1.6319E-01 1.6118E-01 1.3617E-01 1.0401E-01 1.0926E-01 8.2069E-02 9.0583E-02 7.9052E-02 0.0000E+00 1.2068E-01 8.9623E-02 9.6416E-02 1.4193E-01 1.7860E-01 2.5490E-01 4.8057E-01 0.0000E+00
 0.0000E+00 6.2948E-01 3.7928E-01 2.5402E-01 1.9594E-01 1.4326E-01 1.6326E-01 1.3965E-01 1.5877E-01 1.6193E-01 1.3916E-01 1.0432E-01 1.1000E-01 8.3366E-02 8.7412E-02 7.7830E-02 0.0000E+00 1.2357E-01 9.4670E-02 9.5549E-02 1.4219E-01 1.8145E-01 2.6001E-01 4.8508E-01 0.0000E+00
 0.0000E+00 6.1435E-01 3.7315E-01 2.5184E-01 1.9254E-01 1.4292E-01 1.6031E-01 1.4007E-01 1.6176E-01 1.6228E-01 1.3675E-01 1.0383E-01 1.1078E-01 8.1499E-02 8.9246E-02 8.1578E-02 0.0000E+00 1.2024E-01 9.4380E-02 9.4802E-02 1.4129E-01 1.7918E-01 2.5842E-01 4.7190E-01 0.0000E+00
 0.0000E+00 6.0111E-01 3.6794E-01 2.5247E-01 1.9449E-01 1.4611E-01 1.6542E-01 1.3989E-01 1.6280E-01 1.6387E-01 1.3917E-01 1.0556E-01 1.0835E-01 8.2593E-02 8.7767E-02 7.5162E-02 0.0000E+00 1.2568E-01 9.2581E-02 9.7791E-02 1.4137E-01 1.8062E-01 2.5571E-01 4.6216E-01 0.0000E+00
 0.0000E+00 5.9048E-01 3.6861E-01 2.4497E-01 1.9454E-01 1.4733E-01 1.5932E-01 1.4105E-01 1.6232E-01 1.5977E-01 1.3657E-01 1.0456E-01 1.1033E-01 8.3663E-02 8.9004E-02 7.8115E-02 0.0000E+00 1.2873E-01 9.4682E-02 9.3676E-02 1.3972E-01 1.8037E-01 2.5608E-01 4.6341E-01 0.0000E+00
 0.0000E+00 5.8083E-01 3.6695E-01 2.5032E-01 1.9573E-01 1.4768E-01 1.6195E-01 1.4119E-01 1.6466E-01 1.5622E-01 1.3741E-01 1.0703E-01 1.1050E-01 8.2236E-02 8.7568E-02 7.5915E-02 0.0000E+00 1.2640E-01 9.3837E-02 9.4543E-02 1.4126E-01 1.7708E-01 2.5489E-01 4.5857E-01 0.0000E+00
 0.0000E+00 5.7016E-01 3.6403E-01 2.4641E-01 1.9600E-01 1.5038E-01 1.6085E-01 1.4133E-01 1.6062E-01 1.6149E-01 1.3699E-01 1.0735E-01 1.1125E-01 8.4389E-02 8.9417E-02 7.9256E-02 0.0000E+00 1.2435E-01 9.4646E-02 9.6824E-02 1.4038E-01 1.8414E-01 2.5421E-01 4.4897E-01 0.0000E+00
 0.0000E+00 5.5873E-01 3.6541E-01 2.4534E-01 1.9172E-01 1.4950E-01 1.6321E-01 1.4083E-01 1.5898E-01 1.6117E-01 1.3731E-01 1.0607E-01 1.1209E-01 8.5625E-02 8.9786E-02 8.0213E-02 0.0000E+00 1.2223E-01 9.6058E-02 9.4951E-02 1.4165E-01 1.8128E-01 2.5236E-01 4.3847E-01 0.0000E+00
 0.0000E+00 5.5082E-01 3.5317E-01 2.4645E-01 1.9311E-01 1.4864E-01 1.6371E-01 1.4233E-01 1.5844E-01 1.5922E-01 1.3681E-01 1.0558E-01 1.1041E-01 8.1891E-02 8.9061E-02 8.0743E-02 0.0000E+00 1.2453E-01 9.5853E-02 9.8209E-02 1.4316E-01 1.8195E-01 2.5311E-01 4.4126E-01 0.0000E+00
 0.0000E+00 5.3365E-01 3.5272E-01 2.4637E-01 1.9452E-01 1.4869E-01 1.5926E-01 1.4014E-01 1.6579E-01 1.5946E-01 1.3767E-01 1.0599E-01 1.1128E-01 8.2747E-02 8.7454E-02 7.6139E-02 0.0000E+00 1.2305E-01 9.2991E-02 9.7542E-02 1.3822E-01 1.7922E-01 2.5241E-01 4.3223E-01 0.0000E+00
 0.0000E+00 5.2145E-01 3.5290E-01 2.4960E-01 1.9782E-01 1.5145E-01 1.5839E-01 1.4242E-01 1.5869E-01 1.5862E-01 1.3858E-01 1.0889E-01 1.0871E-01 8.6517E-02 9.0526E-02 7.8461E-02 0.0000E+00 1.2452E-01 9.8606E-02 9.7571E-02 1.4071E-01 1.7921E-01 2.5350E-01 4.2400E-01 0.0000E+00
 0.0000E+00 5.1046E-01 3.4750E-01 2.4422E-01 1.9500E-01 1.5058E-01 1.6099E-01 1.3976E-01 1.5942E-01 1.6073E-01 1.3728E-01 1.1067E-01 1.1119E-01 8.4377E-02 8.9516E-02 8.0641E-02 0.0000E+00 1.3132E-01 9.4320E-02 9.5439E-02 1.4214E-01 1.7565E-01 2.4887E-01 4.1826E-01 0.0000E+00
 0.0000E+00 5.0258E-01 3.4739E-01 2.4437E-01 1.9768E-01 1.5310E-01 1.6195E-01 1.4131E-01 1.6418E-01 1.6241E-01 1.3703E-01 1.0467E-01 1.1046E-01 8.3913E-02 9.0568E-02 7.8869E-02 0.0000E+00 1.2920E-01 9.5092E-02 9.6764E-02 1.4422E-01 1.7589E-01 2.4811E-01 4.1971E-01 0.0000E+00
 0.0000E+00 4.9058E-01 3.4349E-01 2.4783E-01 1.9530E-01 1.5234E-01 1.6227E-01 1.4266E-01 1.5881E-01 1.6113E-01 1.3916E-01 1.0870E-01 1.1128E-01 8.2914E-02 8.8393E-02 7.7830E-02 0.0000E+00 1.2752E-01 9.3728E-02 9.7332E-02 1.4373E-01 1.7928E-01 2.4773E-01 4.0720E-01 0.0000E+00
 0.0000E+00 4.8203E-01 3.3660E-01 2.4134E-01 1.9756E-01 1.5142E-01 1.6505E-01 1.4500E-01 1.6128E-01 1.5790E-01 1.4082E-01 1.0671E-01 1.1090E-01 8.4900E-02 8.9132E-02 7.9561E-02 0.0000E+00 1.2443E-01 9.8014E-02 9.7721E-02 1.4155E-01 1.7591E-01 2.4746E-01 4.0023E-01 0.0000E+00
 0.0000E+00 4.7321E-01 3.3311E-01 2.4551E-01 1.9219E-01 1.5175E-01 1.6663E-01 1.4085E-01 1.6396E-01 1.5918E-01 1.3777E-01 1.0653E-01 1.0946E-01 8.4412E-02 8.9317E-02 7.7361E-02 0.0000E+00 1.2703E-01 9.4561E-02 9.9425E-02 1.4144E-01 1.7928E-01 2.4630E-01 4.0123E-01 0.0000E+00
 0.0000E+00 4.5224E-01 3.3471E-01 2.3947E-01 1.9606E-01 1.5515E-01 1.5888E-01 1.4342E-01 1.6068E-01 1.6218E-01 1.3862E-01 1.0909E-01 1.0976E-01 8.5245E-02 9.1066E-02 8.0233E-02 0.0000E+00 1.2863E-01 9.7942E-02 1.0101E-01 1.4122E-01 1.7842E-01 2.4621E-01 3.8887E-01 0.0000E+00
 0.0000E+00 4.4908E-01 3.3001E-01 2.3999E-01 1.9694E-01 1.5606E-01 1.6291E-01 1.4410E-01 1.6147E-01 1.5671E-01 1.3868E-01 1.0920E-01 1.1215E-01 8.3865E-02 8.9829E-02 8.0458E-02 0.0000E+00 1.2869E-01 9.6710E-02 1.0046E-01 1.4310E-01 1.7807E-01 2.4443E-01 3.9121E-01 0.0000E+00
 0.0000E+00 4.3850E-01 3.2619E-01 2.4207E-01 1.9319E-01 1.5181E-01 1.6507E-01 1.4356E-01 1.6116E-01 1.6133E-01 1.3836E-01 1.1119E-01 1.1392E-01 8.3033E-02 8.9957E-02 7.9480E-02 0.0000E+00 1.3035E-01 9.5962E-02 1.0180E-01 1.4431E-01 1.7862E-01 2.4460E-01 3.8599E-01 0.0000E+00
 0.0000E+00 4.3406E-01 3.2153E-01 2.3812E-01 1.9685E-01 1.5324E-01 1.6385E-01 1.4371E-01 1.6373E-01 1.5982E-01 1.4016E-01 1.0764E-01 1.1170E-01 8.6339E-02 9.0967E-02 7.5528E-02 0.0000E+00 1.2890E-01 9.8111E-02 1.0053E-01 1.4335E-01 1.7856E-01 2.4312E-01 3.7862E-01 0.0000E+00
 0.0000E+00 4.2098E-01 3.2004E-01 2.3691E-01 1.9597E-01 1.5786E-01 1.6409E-01 1.4462E-01 1.6006E-01 1.5726E-01 1.3773E-01 1.0930E-01 1.1183E-01 8.4341E-02 9.3825E-02 7.7708E-02 0.0000E+00 1.3033E-01 9.8533E-02 1.0032E-01 1.4165E-01 1.7750E-01 2.4187E-01 3.6924E-01 0.0000E+00
 0.0000E+00 4.0449E-01 3.2213E-01 2.3812E-01 1.9674E-01 1.5387E-01 1.6121E-01 1.4182E-01 1.5975E-01 1.5873E-01 1.4087E-01 1.1226E-01 1.1114E-01 8.7730E-02 9.1123E-02 7.8034E-02 0.0000E+00 1.2977E-01 9.6481E-02 1.0146E-01 1.4036E-01 1.8095E-01 2.3853E-01 3.6783E-01 0.0000E+00
 0.0000E+00 4.0010E-01 3.1211E-01 2.3785E-01 1.9541E-01 1.5801E-01 1.6382E-01 1.4208E-01 1.6062E-01 1.6179E-01 1.4160E-01 1.1124E-01 1.1127E-01 8.4840E-02 9.1208E-02 7.8319E-02 0.0000E+00 1.3161E-01 9.9813E-02 9.9753E-02 1.4396E-01 1.7614E-01 2.4166E-01 3.6248E-01 0.0000E+00
 0.0000E+00 3.8776E-01 3.1408E-01 2.3551E-01 1.9808E-01 1.5905E-01 1.6087E-01 1.4481E-01 1.6365E-01 1.5746E-01 1.3769E-01 1.1277E-01 1.1168E-01 8.6089E-02 9.1649E-02 7.7647E-02 0.0000E+00 1.3070E-01 1.0103E-01 1.0204E-01 1.4375E-01 1.7693E-01 2.3443E-01 3.5328E-01 0.0000E+00
 0.0000E+00 3.7938E-01 3.0904E-01 2.3903E-01 2.0159E-01 1.5872E-01 1.6335E-01 1.4260E-01 1.6044E-01 1.5797E-01 1.4152E-01 1.0981E-01 1.1406E-01 8.3996E-02 9.0725E-02 7.7056E-02 0.0000E+00 1.2923E-01 9.5829E-02 1.0420E-01 1.4369E-01 1.7619E-01 2.3767E-01 3.5125E-01 0.0000E+00
 0.0000E+00 3.6944E-01 3.0280E-01 2.3510E-01 1.9510E-01 1.5728E-01 1.6269E-01 1.4478E-01 1.5889E-01 1.5872E-01 1.3913E-01 1.0912E-01 1.1422E-01 8.7207E-02 9.1024E-02 8.1089E-02 0.0000E+00 1.3376E-01 1.0158E-01 9.9933E-02 1.4384E-01 1.7676E-01 2.3788E-01 3.4704E-01 0.0000E+00
 0.0000E+00 3.6260E-01 3.0449E-01 2.3318E-01 1.9950E-01 1.5873E-01 1.6328E-01 1.4105E-01 1.5876E-01 1.5874E-01 1.3959E-01 1.1475E-01 1.0980E-01 8.7397E-02 8.9943E-02 7.8522E-02 0.0000E+00 1.3302E-01 9.9596E-02 1.0189E-01 1.4233E-01 1.8031E-01 2.3340E-01 3.4269E-01 0.0000E+00
 0.0000E+00 3.5343E-01 3.0027E-01 2.3402E-01 1.9707E-01 1.5861E-01 1.5983E-01 1.4340E-01 1.5884E-01 1.5964E-01 1.4178E-01 1.1133E-01 1.1315E-01 8.6089E-02 8.9047E-02 8.2148E-02 0.0000E+00 1.3159E-01 9.9282E-02 1.0093E-01 1.4088E-01 1.7702E-01 2.3202E-01 3.3200E-01 0.0000E+00
 0.0000E+00 3.4666E-01 2.9473E-01 2.3139E-01 1.9554E-01 1.6060E-01 1.6104E-01 1.4082E-01 1.5804E-01 1.5851E-01 1.4195E-01 1.1171E-01 1.1435E-01 8.6101E-02 8.9687E-02 7.9887E-02 0.0000E+00 1.3099E-01 1.0028E-01 1.0333E-01 1.4331E-01 1.7431E-01 2.3507E-01 3.3254E-01 0.0000E+00
 0.0000E+00 3.3651E-01 2.9181E-01 2.3333E-01 1.9931E-01 1.5802E-01 1.5864E-01 1.4710E-01 1.5997E-01 1.5278E-01 1.4205E-01 1.1539E-01 1.1214E-01 8.8313E-02 9.0867E-02 7.8400E-02 0.0000E+00 1.2804E-01 9.7664E-02 1.0401E-01 1.4386E-01 1.7418E-01 2.3008E-01 3.3168E-01 0.0000E+00
 0.0000E+00 3.2895E-01 2.9428E-01 2.3003E-01 1.9560E-01 1.6184E-01 1.6572E-01 1.4694E-01 1.6024E-01 1.5768E-01 1.3897E-01 1.1453E-01 1.1282E-01 8.7968E-02 9.2175E-02 7.7484E-02 0.0000E+00 1.3237E-01 9.7350E-02 1.0345E-01 1.4358E-01 1.7420E-01 2.3251E-01 3.2244E-01 0.0000E+00
 0.0000E+00 3.2053E-01 2.9017E-01 2.2851E-01 1.9323E-01 1.5626E-01 1.6369E-01 1.4501E-01 1.5903E-01 1.5492E-01 1.4042E-01 1.1303E-01 1.0873E-01 8.7706E-02 9.1379E-02 7.7911E-02 0.0000E+00 1.3365E-01 9.9258E-02 1.0325E-01 1.4328E-01 1.7633E-01 2.3281E-01 3.1472E-01 0.0000E+00
 0.0000E+00 3.0967E-01 2.9003E-01 2.2852E-01 1.9912E-01 1.6048E-01 1.6284E-01 1.4386E-01 1.5923E-01 1.5496E-01 1.3937E-01 1.1130E-01 1.1134E-01 8.5839E-02 9.0654E-02 8.1863E-02 0.0000E+00 1.3493E-01 1.0027E-01 1.0329E-01 1.4382E-01 1.7530E-01 2.3315E-01 3.1361E-01 0.0000E+00
 0.0000E+00 3.0234E-01 2.8435E-01 2.2870E-01 1.9570E-01 1.6153E-01 1.6191E-01 1.4623E-01 1.5790E-01 1.5686E-01 1.4464E-01 1.1647E-01 1.1102E-01 8.5780E-02 9.0227E-02 7.6587E-02 0.0000E+00 1.2969E-01 9.9040E-02 1.0393E-01 1.4502E-01 1.7273E-01 2.3022E-01 3.0587E-01 0.0000E+00
 0.0000E+00 2.9891E-01 2.8338E-01 2.2384E-01 1.9515E-01 1.6387E-01 1.6426E-01 1.4618E-01 1.6146E-01 1.5770E-01 1.3902E-01 1.1226E-01 1.1356E-01 8.8206E-02 9.2773E-02 7.7932E-02 0.0000E+00 1.3589E-01 1.0045E-01 1.0618E-01 1.4796E-01 1.7482E-01 2.2911E-01 3.0441E-01 0.0000E+00
 0.0000E+00 2.9077E-01 2.8277E-01 2.2576E-01 1.9724E-01 1.6263E-01 1.6342E-01 1.4541E-01 1.5949E-01 1.6029E-01 1.4235E-01 1.1232E-01 1.0921E-01 8.8289E-02 9.3583E-02 7.7198E-02 0.0000E+00 1.3267E-01 1.0068E-01 1.0695E-01 1.4602E-01 1.7709E-01 2.2810E-01 2.9954E-01 0.0000E+00
 0.0000E+00 2.8140E-01 2.8000E-01 2.2299E-01 2.0051E-01 1.6548E-01 1.6225E-01 1.4809E-01 1.6026E-01 1.5753E-01 1.4344E-01 1.1414E-01 1.1518E-01 8.8254E-02 9.0981E-02 7.5752E-02 0.0000E+00 1.3067E-01 9.9656E-02 1.0645E-01 1.4450E-01 1.7334E-01 2.2800E-01 2.9473E-01 0.0000E+00
 0.0000E+00 2.7199E-01 2.7603E-01 2.2394E-01 1.9845E-01 1.6616E-01 1.6266E-01 1.4728E-01 1.5827E-01 1.5506E-01 1.4396E-01 1.1459E-01 1.1204E-01 8.9526E-02 9.2488E-02 7.7117E-02 0.0000E+00 1.3531E-01 1.0178E-01 1.0683E-01 1.4598E-01 1.7552E-01 2.2634E-01 2.8715E-01 0.0000E+00
 0.0000E+00 2.6594E-01 2.6742E-01 2.2515E-01 1.9303E-01 1.6468E-01 1.5986E-01 1.4742E-01 1.5776E-01 1.5624E-01 1.4303E-01 1.1402E-01 1.1147E-01 8.8563E-02 9.0981E-02 8.0417E-02 0.0000E+00 1.3201E-01 9.9463E-02 1.0486E-01 1.4618E-01 1.7375E-01 2.2478E-01 2.8362E-01 0.0000E+00
 0.0000E+00 2.6073E-01 2.6675E-01 2.1972E-01 1.9916E-01 1.6575E-01 1.5915E-01 1.4716E-01 1.5837E-01 1.5431E-01 1.4198E-01 1.1564E-01 1.1376E-01 8.6422E-02 9.2858E-02 7.9215E-02 0.0000E+00 1.3336E-01 1.0205E-01 1.0870E-01 1.4333E-01 1.7551E-01 2.2354E-01 2.8132E-01 0.0000E+00
 0.0000E+00 2.5376E-01 2.6407E-01 2.1913E-01 1.9387E-01 1.6604E-01 1.6213E-01 1.5041E-01 1.5906E-01 1.5560E-01 1.4267E-01 1.1328E-01 1.0985E-01 9.0287E-02 9.3754E-02 8.0539E-02 0.0000E+00 1.3440E-01 1.0002E-01 1.0850E-01 1.4677E-01 1.7562E-01 2.1879E-01 2.7474E-01 0.0000E+00
 0.0000E+00 2.4827E-01 2.6626E-01 2.1990E-01 1.9703E-01 1.6253E-01 1.6284E-01 1.4774E-01 1.5787E-01 1.5528E-01 1.4146E-01 1.1705E-01 1.1229E-01 9.0144E-02 9.1820E-02 7.5549E-02 0.0000E+00 1.3408E-01 1.0424E-01 1.0924E-01 1.4412E-01 1.7214E-01 2.2449E-01 2.7155E-01 0.0000E+00
 0.0000E+00 2.4279E-01 2.6192E-01 2.2069E-01 1.9590E-01 1.6735E-01 1.6362E-01 1.4968E-01 1.5864E-01 1.5556E-01 1.4550E-01 1.1745E-01 1.1264E-01 9.0906E-02 9.2630E-02 7.6526E-02 0.0000E+00 1.3424E-01 1.0284E-01 1.0875E-01 1.4506E-01 1.7524E-01 2.2326E-01 2.6475E-01 0.0000E+00
 0.0000E+00 2.3395E-01 2.5874E-01 2.1882E-01 1.9597E-01 1.6699E-01 1.6258E-01 1.4768E-01 1.5608E-01 1.5538E-01 1.4111E-01 1.1676E-01 1.1469E-01 9.0656E-02 9.1806E-02 7.9134E-02 0.0000E+00 1.3728E-01 1.0270E-01 1.0659E-01 1.4078E-01 1.7091E-01 2.2170E-01 2.6031E-01 0.0000E+00
 0.0000E+00 2.2767E-01 2.5618E-01 2.1708E-01 1.9764E-01 1.6630E-01 1.6012E-01 1.5046E-01 1.6096E-01 1.5489E-01 1.4102E-01 1.1457E-01 1.1345E-01 8.9585E-02 9.3427E-02 7.7382E-02 0.0000E+00 1.3227E-01 1.0225E-01 1.0968E-01 1.4463E-01 1.7326E-01 2.2247E-01 2.5697E-01 0.0000E+00
 0.0000E+00 2.1917E-01 2.5244E-01 2.1841E-01 1.9477E-01 1.6776E-01 1.6542E-01 1.4912E-01 1.5665E-01 1.5671E-01 1.4212E-01 1.1809E-01 1.1424E-01 9.0144E-02 9.2502E-02 7.4999E-02 0.0000E+00 1.3622E-01 1.0248E-01 1.0940E-01 1.4256E-01 1.7270E-01 2.1818E-01 2.5494E-01 0.0000E+00
 0.0000E+00 2.1586E-01 2.5096E-01 2.1510E-01 1.9492E-01 1.7031E-01 1.6289E-01 1.4644E-01 1.5843E-01 1.5543E-01 1.4468E-01 1.1757E-01 1.1395E-01 8.8991E-02 9.1550E-02 7.6343E-02 0.0000E+00 1.3536E-01 1.0502E-01 1.0856E-01 1.4337E-01 1.7401E-01 2.1720E-01 2.5267E-01 0.0000E+00
 0.0000E+00 2.0749E-01 2.5079E-01 2.1797E-01 1.9516E-01 1.7179E-01 1.6310E-01 1.4898E-01 1.5403E-01 1.5564E-01 1.4312E-01 1.1637E-01 1.1371E-01 8.8028E-02 9.4294E-02 7.9908E-02 0.0000E+00 1.3355E-01 9.9354E-02 1.1098E-01 1.4440E-01 1.7121E-01 2.1942E-01 2.4823E-01 0.0000E+00
 0.0000E+00 2.0385E-01 2.4177E-01 2.1251E-01 1.9494E-01 1.7010E-01 1.6196E-01 1.4872E-01 1.5587E-01 1.5528E-01 1.4481E-01 1.1911E-01 1.1170E-01 9.0454E-02 9.1820E-02 7.9317E-02 0.0000E+00 1.3542E-01 1.0520E-01 1.0706E-01 1.4123E-01 1.7410E-01 2.1529E-01 2.4245E-01 0.0000E+00
 0.0000E+00 1.9933E-01 2.4536E-01 2.1611E-01 1.9746E-01 1.7088E-01 1.6460E-01 1.4957E-01 1.6063E-01 1.5526E-01 1.4107E-01 1.1970E-01 1.1320E-01 8.9514E-02 9.4337E-02 7.4938E-02 0.0000E+00 1.3358E-01 1.0403E-01 1.0993E-01 1.4570E-01 1.7092E-01 2.1622E-01 2.3655E-01 0.0000E+00
 0.0000E+00 1.9277E-01 2.4119E-01 2.1525E-01 1.9509E-01 1.6925E-01 1.5892E-01 1.4754E-01 1.5604E-01 1.5505E-01 1.4110E-01 1.1861E-01 1.1279E-01 8.9693E-02 8.9402E-02 7.7687E-02 0.0000E+00 1.3757E-01 1.0507E-01 1.0827E-01 1.4708E-01 1.6983E-01 2.1796E-01 2.3390E-01 0.0000E+00
 0.0000E+00 1.8927E-01 2.3907E-01 2.1285E-01 1.9357E-01 1.7029E-01 1.6199E-01 1.4967E-01 1.5916E-01 1.5336E-01 1.3989E-01 1.2157E-01 1.1369E-01 9.1132E-02 9.4081E-02 7.9072E-02 0.0000E+00 1.3575E-01 1.0223E-01 1.1063E-01 1.4301E-01 1.7013E-01 2.1931E-01 2.2801E-01 0.0000E+00
 0.0000E+00 1.8211E-01 2.3462E-01 2.1310E-01 1.9780E-01 1.7296E-01 1.6128E-01 1.4803E-01 1.5628E-01 1.5388E-01 1.4204E-01 1.1844E-01 1.1248E-01 9.2023E-02 9.4052E-02 7.9561E-02 0.0000E+00 1.3949E-01 1.0375E-01 1.1251E-01 1.4374E-01 1.6904E-01 2.1090E-01 2.3048E-01 0.0000E+00
 0.0000E+00 1.7721E-01 2.3706E-01 2.1029E-01 1.9535E-01 1.7020E-01 1.5925E-01 1.5037E-01 1.5449E-01 1.5279E-01 1.4410E-01 1.1823E-01 1.1339E-01 9.0144E-02 9.3114E-02 7.6567E-02 0.0000E+00 1.3931E-01 1.0328E-01 1.1196E-01 1.4518E-01 1.6774E-01 2.1303E-01 2.2503E-01 0.0000E+00
 0.0000E+00 1.7451E-01 2.3292E-01 2.0875E-01 1.9193E-01 1.7130E-01 1.6113E-01 1.4999E-01 1.5550E-01 1.5261E-01 1.4444E-01 1.2059E-01 1.1135E-01 9.3272E-02 9.0099E-02 7.6119E-02 0.0000E+00 1.3754E-01 1.0481E-01 1.1099E-01 1.4381E-01 1.6818E-01 2.1224E-01 2.1824E-01 0.0000E+00
 0.0000E+00 1.7022E-01 2.2585E-01 2.0455E-01 1.9243E-01 1.7199E-01 1.6195E-01 1.5153E-01 1.5774E-01 1.5185E-01 1.4156E-01 1.2154E-01 1.1407E-01 9.1786E-02 9.3910E-02 7.7952E-02 0.0000E+00 1.3688E-01 1.0464E-01 1.0914E-01 1.4431E-01 1.6988E-01 2.1166E-01 2.1796E-01 0.0000E+00
 0.0000E+00 1.6362E-01 2.2487E-01 2.0466E-01 1.9187E-01 1.7357E-01 1.6185E-01 1.5063E-01 1.5684E-01 1.5402E-01 1.4327E-01 1.2083E-01 1.1412E-01 9.0525E-02 9.1763E-02 7.9398E-02 0.0000E+00 1.3717E-01 1.0382E-01 1.1105E-01 1.4447E-01 1.7072E-01 2.1085E-01 2.1174E-01 0.0000E+00
 0.0000E+00 1.5690E-01 2.2486E-01 2.0595E-01 1.9136E-01 1.7506E-01 1.5758E-01 1.5037E-01 1.5573E-01 1.5310E-01 1.4468E-01 1.2003E-01 1.1096E-01 9.2238E-02 9.1735E-02 7.5773E-02 0.0000E+00 1.3440E-01 1.0596E-01 1.1100E-01 1.4629E-01 1.7084E-01 2.1080E-01 2.0881E-01 0.0000E+00
 0.0000E+00 1.5766E-01 2.2043E-01 2.0549E-01 1.9280E-01 1.7452E-01 1.5970E-01 1.4943E-01 1.5850E-01 1.5375E-01 1.4237E-01 1.2225E-01 1.1434E-01 9.2987E-02 9.3910E-02 7.8054E-02 0.0000E+00 1.3427E-01 1.0443E-01 1.1165E-01 1.4363E-01 1.6997E-01 2.1048E-01 2.0435E-01 0.0000E+00
 0.0000E+00 1.4820E-01 2.1638E-01 2.0578E-01 1.9320E-01 1.7431E-01 1.5945E-01 1.4715E-01 1.5567E-01 1.5471E-01 1.4325E-01 1.2101E-01 1.1524E-01 9.1643E-02 9.4906E-02 7.8563E-02 0.0000E+00 1.3589E-01 1.0482E-01 1.1261E-01 1.4420E-01 1.6934E-01 2.0659E-01 2.0411E-01 0.0000E+00
 0.0000E+00 1.4699E-01 2.1452E-01 2.0593E-01 1.9085E-01 1.7223E-01 1.5699E-01 1.5101E-01 1.6011E-01 1.5153E-01 1.4239E-01 1.2231E-01 1.1293E-01 9.1607E-02 9.1436E-02 7.8482E-02 0.0000E+00 1.3631E-01 1.0447E-01 1.1494E-01 1.4333E-01 1.6955E-01 2.0716E-01 1.9758E-01 0.0000E+00
 0.0000E+00 1.4268E-01 2.1192E-01 2.0397E-01 1.9427E-01 1.7637E-01 1.6148E-01 1.5026E-01 1.5750E-01 1.5258E-01 1.4529E-01 1.2274E-01 1.1583E-01 9.1893E-02 9.1095E-02 7.6913E-02 0.0000E+00 1.3784E-01 1.0523E-01 1.1265E-01 1.4344E-01 1.6990E-01 2.0592E-01 1.9893E-01 0.0000E+00
 0.0000E+00 1.3632E-01 2.1697E-01 2.0442E-01 1.9230E-01 1.7476E-01 1.6331E-01 1.5315E-01 1.5549E-01 1.4948E-01 1.4424E-01 1.2216E-01 1.1143E-01 9.3213E-02 9.0867E-02 7.6811E-02 0.0000E+00 1.3821E-01 1.0451E-01 1.1313E-01 1.4448E-01 1.7011E-01 2.0207E-01 1.9292E-01 0.0000E+00
 0.0000E+00 1.3444E-01 2.0998E-01 1.9911E-01 1.9272E-01 1.7667E-01 1.5881E-01 1.4794E-01 1.5258E-01 1.5250E-01 1.4634E-01 1.2409E-01 1.1470E-01 9.5924E-02 9.2403E-02 7.7647E-02 0.0000E+00 1.3435E-01 1.0746E-01 1.1547E-01 1.4486E-01 1.6709E-01 2.0407E-01 1.8965E-01 0.0000E+00
 0.0000E+00 1.2904E-01 2.0688E-01 2.0101E-01 1.8808E-01 1.7800E-01 1.6015E-01 1.5015E-01 1.5733E-01 1.4986E-01 1.4425E-01 1.2217E-01 1.1165E-01 9.3962E-02 9.3356E-02 7.7993E-02 0.0000E+00 1.3675E-01 1.0666E-01 1.1584E-01 1.4620E-01 1.7112E-01 2.0037E-01 1.8940E-01 0.0000E+00
 0.0000E+00 1.2760E-01 2.0561E-01 2.0107E-01 1.9053E-01 1.7693E-01 1.6152E-01 1.5349E-01 1.5546E-01 1.4864E-01 1.4252E-01 1.2177E-01 1.1660E-01 9.1441E-02 9.1109E-02 7.8706E-02 0.0000E+00 1.3670E-01 1.0702E-01 1.1680E-01 1.4467E-01 1.6765E-01 2.0149E-01 1.8455E-01 0.0000E+00
 0.0000E+00 1.2592E-01 2.0192E-01 2.0069E-01 1.8976E-01 1.7800E-01 1.6291E-01 1.5158E-01 1.5439E-01 1.5278E-01 1.4475E-01 1.2018E-01 1.1471E-01 9.4164E-02 9.0469E-02 7.6811E-02 0.0000E+00 1.3622E-01 1.0896E-01 1.1488E-01 1.4390E-01 1.6571E-01 1.9850E-01 1.8023E-01 0.0000E+00
 0.0000E+00 1.1779E-01 1.9966E-01 1.9584E-01 1.8862E-01 1.7625E-01 1.6009E-01 1.5275E-01 1.5652E-01 1.5254E-01 1.4452E-01 1.2357E-01 1.1584E-01 9.4235E-02 9.2389E-02 7.7260E-02 0.0000E+00 1.3698E-01 1.0628E-01 1.1701E-01 1.4459E-01 1.6600E-01 2.0092E-01 1.7905E-01 0.0000E+00
 0.0000E+00 1.1540E-01 1.9987E-01 1.9788E-01 1.8925E-01 1.7612E-01 1.5671E-01 1.5168E-01 1.5354E-01 1.5027E-01 1.4247E-01 1.2295E-01 1.1448E-01 9.2487E-02 9.2787E-02 7.8237E-02 0.0000E+00 1.3597E-01 1.0586E-01 1.1481E-01 1.4402E-01 1.6583E-01 1.9852E-01 1.7709E-01 0.0000E+00
 0.0000E+00 1.1246E-01 1.9937E-01 1.9675E-01 1.8977E-01 1.7672E-01 1.6129E-01 1.4940E-01 1.5167E-01 1.4994E-01 1.4138E-01 1.2280E-01 1.1207E-01 9.4961E-02 9.5602E-02 7.7708E-02 0.0000E+00 1.3767E-01 1.0683E-01 1.1775E-01 1.4457E-01 1.6780E-01 1.9642E-01 1.7081E-01 0.0000E+00
 0.0000E+00 1.1056E-01 1.9435E-01 1.9715E-01 1.8868E-01 1.7762E-01 1.6000E-01 1.5285E-01 1.5620E-01 1.5129E-01 1.4064E-01 1.2481E-01 1.1390E-01 9.2749E-02 9.1962E-02 7.8848E-02 0.0000E+00 1.3670E-01 1.0823E-01 1.1804E-01 1.4579E-01 1.6634E-01 2.0370E-01 1.6918E-01 0.0000E+00
 0.0000E+00 1.0806E-01 1.9314E-01 1.9289E-01 1.8721E-01 1.8048E-01 1.5894E-01 1.5251E-01 1.5118E-01 1.4640E-01 1.4259E-01 1.2419E-01 1.1498E-01 9.5484E-02 9.4835E-02 7.9500E-02 0.0000E+00 1.3585E-01 1.0870E-01 1.1610E-01 1.4435E-01 1.6592E-01 1.9309E-01 1.6626E-01 0.0000E+00
 0.0000E+00 1.0381E-01 1.9040E-01 1.9170E-01 1.8680E-01 1.7933E-01 1.5856E-01 1.5174E-01 1.5260E-01 1.4850E-01 1.4239E-01 1.2479E-01 1.1388E-01 9.2618E-02 9.4294E-02 7.8889E-02 0.0000E+00 1.3420E-01 1.0841E-01 1.1682E-01 1.4640E-01 1.6347E-01 1.9412E-01 1.6222E-01 0.0000E+00
 0.0000E+00 1.0182E-01 1.8994E-01 1.9266E-01 1.8830E-01 1.7744E-01 1.5828E-01 1.5193E-01 1.5746E-01 1.4940E-01 1.4200E-01 1.2305E-01 1.1479E-01 9.6352E-02 9.4579E-02 7.6343E-02 0.0000E+00 1.3622E-01 1.0776E-01 1.1700E-01 1.4441E-01 1.6395E-01 1.9307E-01 1.6072E-01 0.0000E+00
 0.0000E+00 9.7269E-02 1.8857E-01 1.9369E-01 1.8751E-01 1.7839E-01 1.5957E-01 1.5300E-01 1.5110E-01 1.4881E-01 1.4341E-01 1.2545E-01 1.1422E-01 9.5663E-02 9.4095E-02 7.3349E-02 0.0000E+00 1.3670E-01 1.0938E-01 1.1779E-01 1.4352E-01 1.6440E-01 1.9084E-01 1.5892E-01 0.0000E+00
 0.0000E+00 9.5598E-02 1.8254E-01 1.9110E-01 1.8955E-01 1.7635E-01 1.6231E-01 1.5175E-01 1.5055E-01 1.4837E-01 1.4241E-01 1.2620E-01 1.1513E-01 9.5532E-02 9.2957E-02 7.8360E-02 0.0000E+00 1.3747E-01 1.0845E-01 1.1654E-01 1.4642E-01 1.6657E-01 1.9603E-01 1.5241E-01 0.0000E+00
 0.0000E+00 9.3852E-02 1.8113E-01 1.9241E-01 1.8813E-01 1.7497E-01 1.5915E-01 1.5034E-01 1.5260E-01 1.4649E-01 1.4616E-01 1.2340E-01 1.1582E-01 9.2226E-02 9.4977E-02 7.9643E-02 0.0000E+00 1.3543E-01 1.1140E-01 1.2004E-01 1.4444E-01 1.6284E-01 1.9097E-01 1.5005E-01 0.0000E+00
 0.0000E+00 9.4713E-02 1.8201E-01 1.9115E-01 1.8911E-01 1.7735E-01 1.6070E-01 1.5346E-01 1.5020E-01 1.4978E-01 1.4406E-01 1.2774E-01 1.1243E-01 9.6138E-02 9.5332E-02 7.6343E-02 0.0000E+00 1.3420E-01 1.0965E-01 1.1867E-01 1.4303E-01 1.6430E-01 1.9146E-01 1.5133E-01 0.0000E+00
 0.0000E+00 8.6307E-02 1.7688E-01 1.8702E-01 1.8734E-01 1.7640E-01 1.5705E-01 1.5280E-01 1.5103E-01 1.5058E-01 1.4533E-01 1.2491E-01 1.1533E-01 9.7530E-02 9.5048E-02 7.6180E-02 0.0000E+00 1.3296E-01 1.0869E-01 1.1875E-01 1.4640E-01 1.6399E-01 1.9081E-01 1.4676E-01 0.0000E+00
 0.0000E+00 8.6373E-02 1.7553E-01 1.8653E-01 1.9178E-01 1.7846E-01 1.5742E-01 1.5048E-01 1.5125E-01 1.4857E-01 1.4287E-01 1.2537E-01 1.1343E-01 9.3272E-02 9.2204E-02 7.6547E-02 0.0000E+00 1.3429E-01 1.0680E-01 1.1843E-01 1.4571E-01 1.6338E-01 1.8691E-01 1.4650E-01 0.0000E+00
 0.0000E+00 8.2237E-02 1.7199E-01 1.9026E-01 1.8425E-01 1.8107E-01 1.5906E-01 1.5164E-01 1.5266E-01 1.4622E-01 1.4529E-01 1.2282E-01 1.1546E-01 9.4485E-02 9.5019E-02 7.5610E-02 0.0000E+00 1.3932E-01 1.1066E-01 1.2010E-01 1.4509E-01 1.6147E-01 1.8681E-01 1.4125E-01 0.0000E+00
 0.0000E+00 8.0739E-02 1.7300E-01 1.8760E-01 1.8283E-01 1.7865E-01 1.5407E-01 1.5158E-01 1.4851E-01 1.4678E-01 1.4606E-01 1.2448E-01 1.1693E-01 9.5353E-02 9.2502E-02 7.5936E-02 0.0000E+00 1.3766E-01 1.0830E-01 1.2145E-01 1.4555E-01 1.6160E-01 1.8576E-01 1.3890E-01 0.0000E+00
 0.0000E+00 7.6230E-02 1.7145E-01 1.8367E-01 1.8671E-01 1.7617E-01 1.5828E-01 1.5147E-01 1.5132E-01 1.4777E-01 1.4363E-01 1.2516E-01 1.1665E-01 9.5746E-02 9.3469E-02 7.9358E-02 0.0000E+00 1.3469E-01 1.0846E-01 1.1928E-01 1.4369E-01 1.6433E-01 1.8549E-01 1.3473E-01 0.0000E+00
 0.0000E+00 7.7322E-02 1.6892E-01 1.8469E-01 1.8756E-01 1.7895E-01 1.5706E-01 1.4996E-01 1.5383E-01 1.4442E-01 1.4020E-01 1.2902E-01 1.1282E-01 9.4699E-02 9.3469E-02 7.7178E-02 0.0000E+00 1.3843E-01 1.0953E-01 1.2051E-01 1.4302E-01 1.6216E-01 1.8323E-01 1.3555E-01 0.0000E+00
 0.0000E+00 7.5626E-02 1.6905E-01 1.7849E-01 1.8457E-01 1.7978E-01 1.5558E-01 1.5243E-01 1.5203E-01 1.4480E-01 1.4113E-01 1.2779E-01 1.1607E-01 9.4283E-02 9.1706E-02 7.4530E-02 0.0000E+00 1.3624E-01 1.0964E-01 1.2111E-01 1.4522E-01 1.6477E-01 1.8176E-01 1.3174E-01 0.0000E+00
 0.0000E+00 7.3211E-02 1.6551E-01 1.8065E-01 1.8792E-01 1.8101E-01 1.5693E-01 1.5116E-01 1.5452E-01 1.4482E-01 1.4366E-01 1.2885E-01 1.1354E-01 9.7482E-02 9.4507E-02 7.7667E-02 0.0000E+00 1.3530E-01 1.0756E-01 1.2041E-01 1.4438E-01 1.6187E-01 1.8284E-01 1.2887E-01 0.0000E+00
 0.0000E+00 7.0795E-02 1.6436E-01 1.8159E-01 1.8233E-01 1.8064E-01 1.5876E-01 1.5514E-01 1.4868E-01 1.4853E-01 1.4435E-01 1.2701E-01 1.1282E-01 9.7042E-02 9.6655E-02 7.4999E-02 0.0000E+00 1.3523E-01 1.0956E-01 1.2241E-01 1.4384E-01 1.6166E-01 1.8148E-01 1.2981E-01 0.0000E+00
 0.0000E+00 6.7899E-02 1.6234E-01 1.8045E-01 1.8233E-01 1.7848E-01 1.5698E-01 1.5406E-01 1.5010E-01 1.4473E-01 1.4218E-01 1.3154E-01 1.1509E-01 9.7530E-02 9.2261E-02 7.6791E-02 0.0000E+00 1.3624E-01 1.1095E-01 1.2143E-01 1.4307E-01 1.6264E-01 1.7716E-01 1.2432E-01 0.0000E+00
 0.0000E+00 6.6096E-02 1.5894E-01 1.7859E-01 1.8305E-01 1.8004E-01 1.5582E-01 1.5008E-01 1.4958E-01 1.4740E-01 1.4495E-01 1.2866E-01 1.1713E-01 9.6709E-02 9.3085E-02 7.6893E-02 0.0000E+00 1.3063E-01 1.0828E-01 1.2456E-01 1.4604E-01 1.5906E-01 1.7942E-01 1.2424E-01 0.0000E+00
 0.0000E+00 6.5177E-02 1.5854E-01 1.7887E-01 1.8265E-01 1.8145E-01 1.5642E-01 1.5290E-01 1.4968E-01 1.4830E-01 1.4400E-01 1.2512E-01 1.1450E-01 9.7542E-02 9.2744E-02 7.6649E-02 0.0000E+00 1.3651E-01 1.1214E-01 1.2492E-01 1.4398E-01 1.6325E-01 1.8087E-01 1.2403E-01 0.0000E+00
 0.0000E+00 6.0511E-02 1.5536E-01 1.7658E-01 1.8301E-01 1.8142E-01 1.5360E-01 1.5415E-01 1.4755E-01 1.4805E-01 1.4305E-01 1.3210E-01 1.1326E-01 9.5175E-02 9.5389E-02 7.3777E-02 0.0000E+00 1.3343E-01 1.1308E-01 1.2059E-01 1.4089E-01 1.6215E-01 1.7590E-01 1.2172E-01 0.0000E+00
 0.0000E+00 6.0643E-02 1.5376E-01 1.7742E-01 1.8092E-01 1.8297E-01 1.5668E-01 1.5321E-01 1.4760E-01 1.4521E-01 1.4235E-01 1.2773E-01 1.1403E-01 9.7518E-02 9.3654E-02 7.5100E-02 0.0000E+00 1.3671E-01 1.0928E-01 1.2217E-01 1.4458E-01 1.5779E-01 1.7490E-01 1.1790E-01 0.0000E+00
 0.0000E+00 5.9245E-02 1.5126E-01 1.7577E-01 1.8308E-01 1.7931E-01 1.5522E-01 1.5355E-01 1.4590E-01 1.4533E-01 1.4439E-01 1.2903E-01 1.1590E-01 9.9563E-02 9.2687E-02 7.6262E-02 0.0000E+00 1.3523E-01 1.0996E-01 1.2442E-01 1.4285E-01 1.5661E-01 1.7628E-01 1.1578E-01 0.0000E+00
 0.0000E+00 5.8525E-02 1.5072E-01 1.7609E-01 1.8176E-01 1.8105E-01 1.5811E-01 1.5437E-01 1.4926E-01 1.4576E-01 1.4052E-01 1.2826E-01 1.1758E-01 9.7982E-02 9.3100E-02 7.6893E-02 0.0000E+00 1.3632E-01 1.1265E-01 1.2347E-01 1.4348E-01 1.5914E-01 1.7441E-01 1.1528E-01 0.0000E+00
 0.0000E+00 5.8112E-02 1.5128E-01 1.7353E-01 1.7846E-01 1.8125E-01 1.5251E-01 1.5277E-01 1.5096E-01 1.4367E-01 1.4399E-01 1.3060E-01 1.1525E-01 9.6388E-02 9.2687E-02 7.4938E-02 0.0000E+00 1.3723E-01 1.1190E-01 1.2467E-01 1.4445E-01 1.6146E-01 1.7260E-01 1.1155E-01 0.0000E+00
 0.0000E+00 5.3925E-02 1.4672E-01 1.7176E-01 1.8050E-01 1.8051E-01 1.5265E-01 1.5112E-01 1.4724E-01 1.4556E-01 1.4268E-01 1.2828E-01 1.1399E-01 9.8433E-02 9.3839E-02 7.4489E-02 0.0000E+00 1.3560E-01 1.1161E-01 1.2370E-01 1.4341E-01 1.5791E-01 1.7454E-01 1.1030E-01 0.0000E+00
 0.0000E+00 5.4050E-02 1.4639E-01 1.7056E-01 1.8155E-01 1.7863E-01 1.5182E-01 1.5407E-01 1.4726E-01 1.4578E-01 1.4160E-01 1.2772E-01 1.1574E-01 9.8291E-02 9.3768E-02 7.5549E-02 0.0000E+00 1.3924E-01 1.1192E-01 1.2534E-01 1.4154E-01 1.5744E-01 1.7476E-01 1.0651E-01 0.0000E+00
 0.0000E+00 5.1088E-02 1.4562E-01 1.7501E-01 1.8116E-01 1.8083E-01 1.5413E-01 1.5108E-01 1.4790E-01 1.4404E-01 1.4326E-01 1.3093E-01 1.1796E-01 9.8077E-02 9.2801E-02 7.5019E-02 0.0000E+00 1.3489E-01 1.1396E-01 1.2556E-01 1.3925E-01 1.6111E-01 1.7068E-01 1.0498E-01 0.0000E+00
 0.0000E+00 4.9259E-02 1.4010E-01 1.7015E-01 1.8075E-01 1.8106E-01 1.5383E-01 1.5047E-01 1.4688E-01 1.4113E-01 1.3991E-01 1.3119E-01 1.1477E-01 9.9896E-02 9.3953E-02 7.3980E-02 0.0000E+00 1.3376E-01 1.1008E-01 1.2440E-01 1.4373E-01 1.5681E-01 1.7036E-01 1.0374E-01 0.0000E+00
 0.0000E+00 4.8225E-02 1.4098E-01 1.7060E-01 1.8277E-01 1.7865E-01 1.5316E-01 1.5277E-01 1.4681E-01 1.4340E-01 1.4127E-01 1.3321E-01 1.1757E-01 9.7553E-02 9.2645E-02 7.5508E-02 0.0000E+00 1.3233E-01 1.1404E-01 1.2498E-01 1.4264E-01 1.5809E-01 1.6690E-01 1.0464E-01 0.0000E+00
 0.0000E+00 4.7869E-02 1.4125E-01 1.6719E-01 1.7670E-01 1.8638E-01 1.5303E-01 1.5337E-01 1.4771E-01 1.4482E-01 1.4642E-01 1.3218E-01 1.1703E-01 9.9052E-02 9.3455E-02 7.3451E-02 0.0000E+00 1.3611E-01 1.1232E-01 1.2465E-01 1.4000E-01 1.5416E-01 1.7060E-01 9.9045E-02 0.0000E+00
 0.0000E+00 4.5553E-02 1.3584E-01 1.6746E-01 1.7814E-01 1.7842E-01 1.5186E-01 1.5115E-01 1.4582E-01 1.4393E-01 1.4309E-01 1.3162E-01 1.1603E-01 9.7173E-02 9.3029E-02 7.6649E-02 0.0000E+00 1.3824E-01 1.1597E-01 1.2464E-01 1.4079E-01 1.5477E-01 1.6813E-01 9.9475E-02 0.0000E+00
 0.0000E+00 4.5387E-02 1.3721E-01 1.6370E-01 1.7799E-01 1.8013E-01 1.5373E-01 1.5007E-01 1.4616E-01 1.4134E-01 1.4709E-01 1.3061E-01 1.1484E-01 9.8755E-02 9.3000E-02 7.8584E-02 0.0000E+00 1.3306E-01 1.1428E-01 1.2376E-01 1.4476E-01 1.5598E-01 1.6531E-01 9.5454E-02 0.0000E+00
 0.0000E+00 4.3782E-02 1.3578E-01 1.6810E-01 1.7751E-01 1.8007E-01 1.5137E-01 1.5277E-01 1.4763E-01 1.4262E-01 1.4322E-01 1.3017E-01 1.1715E-01 9.8755E-02 9.3882E-02 7.6099E-02 0.0000E+00 1.3668E-01 1.1239E-01 1.2334E-01 1.4334E-01 1.5445E-01 1.6508E-01 9.4437E-02 0.0000E+00
 0.0000E+00 4.1681E-02 1.3421E-01 1.6593E-01 1.7720E-01 1.8166E-01 1.5482E-01 1.4898E-01 1.4449E-01 1.4525E-01 1.4146E-01 1.3246E-01 1.1480E-01 9.8576E-02 9.3427E-02 7.5650E-02 0.0000E+00 1.3447E-01 1.1487E-01 1.2486E-01 1.4391E-01 1.5672E-01 1.6408E-01 9.5471E-02 0.0000E+00
 0.0000E+00 4.1251E-02 1.3088E-01 1.6073E-01 1.7769E-01 1.7898E-01 1.5227E-01 1.5165E-01 1.4626E-01 1.3961E-01 1.4103E-01 1.3319E-01 1.1438E-01 1.0193E-01 8.9843E-02 7.1780E-02 0.0000E+00 1.3237E-01 1.1393E-01 1.2746E-01 1.4481E-01 1.5351E-01 1.6241E-01 9.2881E-02 0.0000E+00
 0.0000E+00 3.9340E-02 1.2889E-01 1.6285E-01 1.7263E-01 1.8184E-01 1.5326E-01 1.5589E-01 1.4830E-01 1.4039E-01 1.4344E-01 1.3162E-01 1.1452E-01 9.8041E-02 9.2118E-02 7.5549E-02 0.0000E+00 1.3254E-01 1.1335E-01 1.2598E-01 1.4422E-01 1.5234E-01 1.6391E-01 9.1624E-02 0.0000E+00
 0.0000E+00 3.9455E-02 1.3022E-01 1.6305E-01 1.7529E-01 1.8351E-01 1.5389E-01 1.5348E-01 1.4485E-01 1.4351E-01 1.4405E-01 1.3237E-01 1.1062E-01 9.9444E-02 9.5503E-02 7.3878E-02 0.0000E+00 1.3526E-01 1.1407E-01 1.2598E-01 1.4321E-01 1.5303E-01 1.6201E-01 8.9349E-02 0.0000E+00
 0.0000E+00 3.9257E-02 1.2745E-01 1.6324E-01 1.7960E-01 1.8203E-01 1.5147E-01 1.5405E-01 1.4235E-01 1.4111E-01 1.4156E-01 1.3413E-01 1.1894E-01 1.0158E-01 9.4735E-02 7.6139E-02 0.0000E+00 1.3474E-01 1.1145E-01 1.2758E-01 1.4225E-01 1.5454E-01 1.5914E-01 8.7851E-02 0.0000E+00
 0.0000E+00 3.6551E-02 1.2639E-01 1.6083E-01 1.7618E-01 1.8263E-01 1.5261E-01 1.5477E-01 1.4124E-01 1.4115E-01 1.3930E-01 1.3324E-01 1.1716E-01 1.0161E-01 9.2744E-02 7.6384E-02 0.0000E+00 1.3621E-01 1.1477E-01 1.2622E-01 1.4281E-01 1.5049E-01 1.5820E-01 8.6908E-02 0.0000E+00
 0.0000E+00 3.5253E-02 1.2386E-01 1.5778E-01 1.7576E-01 1.7698E-01 1.5070E-01 1.5301E-01 1.4556E-01 1.3950E-01 1.4063E-01 1.3370E-01 1.1468E-01 9.8862E-02 9.3540E-02 7.4978E-02 0.0000E+00 1.3232E-01 1.1597E-01 1.2815E-01 1.4073E-01 1.4976E-01 1.5741E-01 8.2482E-02 0.0000E+00
 0.0000E+00 3.4417E-02 1.2058E-01 1.5977E-01 1.7228E-01 1.8028E-01 1.4497E-01 1.5251E-01 1.3989E-01 1.4003E-01 1.4120E-01 1.2920E-01 1.1492E-01 9.7470E-02 9.1422E-02 7.4999E-02 0.0000E+00 1.3344E-01 1.1488E-01 1.2657E-01 1.4431E-01 1.5229E-01 1.5837E-01 8.3483E-02 0.0000E+00
 0.0000E+00 3.4442E-02 1.2287E-01 1.5901E-01 1.7509E-01 1.7837E-01 1.5241E-01 1.5400E-01 1.4171E-01 1.4253E-01 1.4531E-01 1.3227E-01 1.1557E-01 1.0231E-01 9.0554E-02 7.5019E-02 0.0000E+00 1.3363E-01 1.1469E-01 1.2802E-01 1.4129E-01 1.5005E-01 1.5903E-01 8.3475E-02 0.0000E+00
 0.0000E+00 3.3739E-02 1.2003E-01 1.5744E-01 1.6955E-01 1.8129E-01 1.5135E-01 1.5484E-01 1.4419E-01 1.3648E-01 1.4319E-01 1.3155E-01 1.1412E-01 1.0000E-01 9.3242E-02 7.5039E-02 0.0000E+00 1.3425E-01 1.1526E-01 1.2695E-01 1.4007E-01 1.5381E-01 1.5585E-01 8.0712E-02 0.0000E+00
 0.0000E+00 3.2349E-02 1.2207E-01 1.5840E-01 1.6932E-01 1.7646E-01 1.5072E-01 1.5059E-01 1.4505E-01 1.3851E-01 1.4199E-01 1.3351E-01 1.1489E-01 9.7863E-02 9.3640E-02 7.6445E-02 0.0000E+00 1.3090E-01 1.1187E-01 1.3025E-01 1.4218E-01 1.4932E-01 1.5462E-01 8.1473E-02 0.0000E+00
 0.0000E+00 3.2390E-02 1.1695E-01 1.5440E-01 1.7040E-01 1.8030E-01 1.5190E-01 1.5236E-01 1.4144E-01 1.3819E-01 1.4139E-01 1.3530E-01 1.1467E-01 9.9599E-02 9.3157E-02 7.3593E-02 0.0000E+00 1.3267E-01 1.1396E-01 1.2933E-01 1.4138E-01 1.5320E-01 1.5503E-01 7.8337E-02 0.0000E+00
 0.0000E+00 3.0893E-02 1.1607E-01 1.5343E-01 1.6970E-01 1.7937E-01 1.5077E-01 1.5180E-01 1.4410E-01 1.4022E-01 1.4210E-01 1.3062E-01 1.1757E-01 9.7339E-02 9.5432E-02 7.1129E-02 0.0000E+00 1.3538E-01 1.1306E-01 1.2745E-01 1.4151E-01 1.4942E-01 1.5342E-01 7.5260E-02 0.0000E+00
 0.0000E+00 3.0404E-02 1.1393E-01 1.5351E-01 1.6983E-01 1.7966E-01 1.4900E-01 1.5114E-01 1.4108E-01 1.3864E-01 1.4209E-01 1.3145E-01 1.1580E-01 1.0026E-01 9.0057E-02 7.2432E-02 0.0000E+00 1.3254E-01 1.1551E-01 1.3034E-01 1.4159E-01 1.4943E-01 1.5108E-01 7.4780E-02 0.0000E+00
 0.0000E+00 2.8981E-02 1.1389E-01 1.5237E-01 1.6629E-01 1.8054E-01 1.5025E-01 1.5277E-01 1.4012E-01 1.3731E-01 1.4068E-01 1.2737E-01 1.1721E-01 1.0011E-01 9.3626E-02 7.4917E-02 0.0000E+00 1.3393E-01 1.1383E-01 1.3039E-01 1.4022E-01 1.4956E-01 1.4926E-01 7.5938E-02 0.0000E+00
 0.0000E+00 2.8237E-02 1.1111E-01 1.5213E-01 1.6931E-01 1.8193E-01 1.4728E-01 1.5152E-01 1.4208E-01 1.3577E-01 1.4133E-01 1.3627E-01 1.1374E-01 1.0414E-01 9.2915E-02 7.4265E-02 0.0000E+00 1.3097E-01 1.1162E-01 1.2999E-01 1.4114E-01 1.4853E-01 1.5022E-01 7.3994E-02 0.0000E+00
 0.0000E+00 2.7865E-02 1.0989E-01 1.5116E-01 1.6680E-01 1.7864E-01 1.4770E-01 1.5145E-01 1.4463E-01 1.3779E-01 1.4337E-01 1.3269E-01 1.1543E-01 1.0444E-01 9.1564E-02 7.3532E-02 0.0000E+00 1.2863E-01 1.1468E-01 1.3073E-01 1.4131E-01 1.5050E-01 1.4896E-01 7.3266E-02 0.0000E+00
 0.0000E+00 2.7649E-02 1.1087E-01 1.4702E-01 1.6770E-01 1.8058E-01 1.4889E-01 1.4922E-01 1.4099E-01 1.3366E-01 1.3870E-01 1.3422E-01 1.1371E-01 1.0112E-01 9.2829E-02 7.2310E-02 0.0000E+00 1.3171E-01 1.1654E-01 1.2886E-01 1.4125E-01 1.4827E-01 1.4855E-01 7.1305E-02 0.0000E+00
 0.0000E+00 2.6342E-02 1.0756E-01 1.4980E-01 1.6653E-01 1.8151E-01 1.4857E-01 1.5259E-01 1.4063E-01 1.3804E-01 1.3685E-01 1.3230E-01 1.1671E-01 9.7649E-02 8.8762E-02 7.4489E-02 0.0000E+00 1.3110E-01 1.1318E-01 1.3007E-01 1.4310E-01 1.4906E-01 1.4621E-01 7.0619E-02 0.0000E+00
 0.0000E+00 2.5316E-02 1.0846E-01 1.5010E-01 1.6409E-01 1.7914E-01 1.4546E-01 1.5143E-01 1.3629E-01 1.3791E-01 1.4106E-01 1.3215E-01 1.1143E-01 1.0307E-01 9.3185E-02 7.2778E-02 0.0000E+00 1.2960E-01 1.1489E-01 1.3155E-01 1.4379E-01 1.4779E-01 1.4868E-01 6.8104E-02 0.0000E+00
 0.0000E+00 2.5515E-02 1.0716E-01 1.4844E-01 1.6254E-01 1.7565E-01 1.4822E-01 1.4859E-01 1.3821E-01 1.3523E-01 1.4169E-01 1.3203E-01 1.1700E-01 1.0164E-01 9.1336E-02 7.5488E-02 0.0000E+00 1.3272E-01 1.1324E-01 1.3027E-01 1.4328E-01 1.4782E-01 1.4660E-01 6.5820E-02 0.0000E+00
 0.0000E+00 2.3885E-02 1.0503E-01 1.4665E-01 1.6418E-01 1.8070E-01 1.4486E-01 1.5106E-01 1.3757E-01 1.3799E-01 1.4146E-01 1.3109E-01 1.1334E-01 9.9944E-02 9.1365E-02 7.2228E-02 0.0000E+00 1.3067E-01 1.1404E-01 1.3119E-01 1.3860E-01 1.4985E-01 1.4497E-01 6.4968E-02 0.0000E+00
 0.0000E+00 2.3827E-02 1.0128E-01 1.4629E-01 1.6576E-01 1.8054E-01 1.5076E-01 1.4990E-01 1.3621E-01 1.3627E-01 1.4028E-01 1.3669E-01 1.1424E-01 1.0392E-01 9.0625E-02 7.3369E-02 0.0000E+00 1.3090E-01 1.1394E-01 1.2966E-01 1.4258E-01 1.4568E-01 1.4522E-01 6.5084E-02 0.0000E+00
 0.0000E+00 2.2570E-02 1.0205E-01 1.4577E-01 1.6266E-01 1.7864E-01 1.4573E-01 1.4991E-01 1.3660E-01 1.3890E-01 1.3951E-01 1.3325E-01 1.1531E-01 1.0154E-01 9.2332E-02 7.5447E-02 0.0000E+00 1.3050E-01 1.1695E-01 1.3309E-01 1.4066E-01 1.4788E-01 1.4036E-01 6.4828E-02 0.0000E+00
 0.0000E+00 2.2619E-02 9.9502E-02 1.4323E-01 1.6359E-01 1.7626E-01 1.4798E-01 1.5328E-01 1.3630E-01 1.3588E-01 1.3907E-01 1.3040E-01 1.1454E-01 1.0288E-01 8.8706E-02 7.4551E-02 0.0000E+00 1.2925E-01 1.1494E-01 1.3100E-01 1.4110E-01 1.4353E-01 1.4170E-01 6.2999E-02 0.0000E+00
 0.0000E+00 2.2156E-02 9.8600E-02 1.4169E-01 1.6042E-01 1.8185E-01 1.4608E-01 1.4721E-01 1.3663E-01 1.3497E-01 1.4215E-01 1.3452E-01 1.1552E-01 9.8707E-02 8.9047E-02 7.2432E-02 0.0000E+00 1.2964E-01 1.1377E-01 1.2976E-01 1.3889E-01 1.4447E-01 1.4094E-01 6.1278E-02 0.0000E+00
 0.0000E+00 2.1138E-02 9.7573E-02 1.4286E-01 1.6087E-01 1.7611E-01 1.4638E-01 1.4871E-01 1.3504E-01 1.3195E-01 1.3903E-01 1.3216E-01 1.1721E-01 1.0453E-01 9.2545E-02 7.3104E-02 0.0000E+00 1.2824E-01 1.1418E-01 1.3173E-01 1.3963E-01 1.4395E-01 1.3920E-01 6.0087E-02 0.0000E+00
 0.0000E+00 2.0915E-02 9.7027E-02 1.4164E-01 1.5921E-01 1.7734E-01 1.4518E-01 1.5227E-01 1.3677E-01 1.3531E-01 1.3680E-01 1.3546E-01 1.1534E-01 1.0186E-01 9.0967E-02 7.3777E-02 0.0000E+00 1.2982E-01 1.1662E-01 1.2996E-01 1.4369E-01 1.4480E-01 1.3976E-01 5.9839E-02 0.0000E+00
 0.0000E+00 2.0220E-02 9.6390E-02 1.4038E-01 1.5861E-01 1.7576E-01 1.4672E-01 1.4836E-01 1.3411E-01 1.3445E-01 1.3720E-01 1.3413E-01 1.1469E-01 1.0097E-01 9.0640E-02 7.3899E-02 0.0000E+00 1.3191E-01 1.1582E-01 1.3302E-01 1.4200E-01 1.4297E-01 1.3793E-01 5.8383E-02 0.0000E+00
 0.0000E+00 2.0758E-02 9.6961E-02 1.3951E-01 1.5974E-01 1.7746E-01 1.4419E-01 1.4992E-01 1.3695E-01 1.3343E-01 1.3941E-01 1.3323E-01 1.1537E-01 1.0279E-01 9.0682E-02 7.4286E-02 0.0000E+00 1.3173E-01 1.1460E-01 1.3051E-01 1.3608E-01 1.4257E-01 1.3883E-01 5.7647E-02 0.0000E+00
 0.0000E+00 1.9318E-02 9.3667E-02 1.3706E-01 1.5908E-01 1.7434E-01 1.4343E-01 1.4981E-01 1.3495E-01 1.3358E-01 1.3785E-01 1.3408E-01 1.1488E-01 1.0311E-01 9.1863E-02 7.4754E-02 0.0000E+00 1.3119E-01 1.1685E-01 1.3308E-01 1.3982E-01 1.4288E-01 1.3781E-01 5.7481E-02 0.0000E+00
 0.0000E+00 1.9037E-02 9.2822E-02 1.3781E-01 1.5702E-01 1.7519E-01 1.4555E-01 1.4656E-01 1.3413E-01 1.3376E-01 1.3867E-01 1.3483E-01 1.1426E-01 1.0277E-01 9.0753E-02 7.3104E-02 0.0000E+00 1.2738E-01 1.1660E-01 1.3092E-01 1.4000E-01 1.3953E-01 1.3475E-01 5.5669E-02 0.0000E+00
 0.0000E+00 1.7796E-02 9.1183E-02 1.3541E-01 1.5754E-01 1.7512E-01 1.4109E-01 1.4793E-01 1.3649E-01 1.3317E-01 1.4130E-01 1.3287E-01 1.1568E-01 9.9385E-02 9.1450E-02 7.3043E-02 0.0000E+00 1.3040E-01 1.1622E-01 1.3376E-01 1.3750E-01 1.4052E-01 1.3401E-01 5.6695E-02 0.0000E+00
 0.0000E+00 1.7606E-02 9.0306E-02 1.3323E-01 1.5958E-01 1.7975E-01 1.4282E-01 1.4905E-01 1.3487E-01 1.3204E-01 1.3651E-01 1.3738E-01 1.1193E-01 1.0237E-01 9.4849E-02 7.1373E-02 0.0000E+00 1.2755E-01 1.1381E-01 1.3455E-01 1.3615E-01 1.3919E-01 1.3382E-01 5.6447E-02 0.0000E+00
 0.0000E+00 1.7796E-02 8.8510E-02 1.3588E-01 1.5488E-01 1.7133E-01 1.4171E-01 1.4765E-01 1.3530E-01 1.2983E-01 1.3587E-01 1.3764E-01 1.1732E-01 1.0178E-01 8.9189E-02 7.1414E-02 0.0000E+00 1.2800E-01 1.1849E-01 1.2788E-01 1.4034E-01 1.4192E-01 1.3443E-01 5.4619E-02 0.0000E+00
 0.0000E+00 1.7026E-02 8.7558E-02 1.3285E-01 1.5668E-01 1.7520E-01 1.4194E-01 1.4993E-01 1.3719E-01 1.3043E-01 1.3842E-01 1.3593E-01 1.1464E-01 1.0443E-01 8.9886E-02 7.4306E-02 0.0000E+00 1.3158E-01 1.1651E-01 1.3397E-01 1.3414E-01 1.4032E-01 1.3185E-01 5.3220E-02 0.0000E+00
 0.0000E+00 1.6092E-02 8.7409E-02 1.3508E-01 1.5657E-01 1.7283E-01 1.4331E-01 1.4942E-01 1.3395E-01 1.2755E-01 1.3645E-01 1.3627E-01 1.1413E-01 1.0298E-01 9.1038E-02 7.1312E-02 0.0000E+00 1.3142E-01 1.1797E-01 1.3240E-01 1.3793E-01 1.3842E-01 1.3336E-01 4.9258E-02 0.0000E+00
 0.0000E+00 1.5670E-02 8.8982E-02 1.3475E-01 1.5388E-01 1.7164E-01 1.4115E-01 1.4794E-01 1.3266E-01 1.3160E-01 1.3630E-01 1.3336E-01 1.1635E-01 1.0434E-01 9.1365E-02 7.1393E-02 0.0000E+00 1.2876E-01 1.1456E-01 1.3411E-01 1.3700E-01 1.4058E-01 1.3082E-01 5.0449E-02 0.0000E+00
 0.0000E+00 1.5719E-02 8.5844E-02 1.3108E-01 1.5549E-01 1.7351E-01 1.4194E-01 1.4703E-01 1.3385E-01 1.3087E-01 1.3631E-01 1.3262E-01 1.1403E-01 1.0197E-01 9.0682E-02 7.5080E-02 0.0000E+00 1.3088E-01 1.1748E-01 1.3271E-01 1.3728E-01 1.3811E-01 1.3312E-01 5.1251E-02 0.0000E+00
 0.0000E+00 1.4635E-02 8.5207E-02 1.2916E-01 1.5133E-01 1.7303E-01 1.3786E-01 1.4833E-01 1.3460E-01 1.3139E-01 1.3661E-01 1.3474E-01 1.1467E-01 1.0486E-01 9.1919E-02 7.2656E-02 0.0000E+00 1.2619E-01 1.1517E-01 1.3471E-01 1.3809E-01 1.3867E-01 1.2967E-01 4.7702E-02 0.0000E+00
 0.0000E+00 1.3651E-02 8.3701E-02 1.3223E-01 1.5167E-01 1.7269E-01 1.4073E-01 1.4809E-01 1.3320E-01 1.3018E-01 1.3587E-01 1.3350E-01 1.1494E-01 1.0301E-01 8.8265E-02 7.2473E-02 0.0000E+00 1.2566E-01 1.1509E-01 1.3447E-01 1.3866E-01 1.3866E-01 1.2886E-01 4.7512E-02 0.0000E+00
 0.0000E+00 1.4611E-02 8.3312E-02 1.2854E-01 1.5044E-01 1.7592E-01 1.3921E-01 1.4810E-01 1.3272E-01 1.3057E-01 1.3849E-01 1.3409E-01 1.1498E-01 1.0563E-01 8.8265E-02 7.1353E-02 0.0000E+00 1.2565E-01 1.1536E-01 1.3305E-01 1.3704E-01 1.3597E-01 1.3025E-01 4.7098E-02 0.0000E+00
 0.0000E+00 1.4089E-02 8.2558E-02 1.3169E-01 1.5013E-01 1.7581E-01 1.4151E-01 1.5025E-01 1.3238E-01 1.2991E-01 1.3781E-01 1.3472E-01 1.1554E-01 1.0579E-01 9.0512E-02 7.4184E-02 0.0000E+00 1.2672E-01 1.1458E-01 1.3001E-01 1.3558E-01 1.3520E-01 1.2600E-01 4.7347E-02 0.0000E+00
 0.0000E+00 1.3601E-02 8.0489E-02 1.2679E-01 1.5207E-01 1.7423E-01 1.4034E-01 1.4852E-01 1.3013E-01 1.3357E-01 1.3823E-01 1.3258E-01 1.1493E-01 1.0444E-01 9.1905E-02 7.3308E-02 0.0000E+00 1.2800E-01 1.1611E-01 1.3579E-01 1.3742E-01 1.3754E-01 1.2426E-01 4.6602E-02 0.0000E+00
 0.0000E+00 1.3560E-02 8.1780E-02 1.2944E-01 1.5020E-01 1.7211E-01 1.3918E-01 1.5102E-01 1.3391E-01 1.2844E-01 1.3911E-01 1.3349E-01 1.1415E-01 1.0345E-01 8.8933E-02 7.3186E-02 0.0000E+00 1.2672E-01 1.1656E-01 1.3600E-01 1.3733E-01 1.3727E-01 1.2525E-01 4.7843E-02 0.0000E+00
 0.0000E+00 1.3262E-02 7.8395E-02 1.2617E-01 1.4886E-01 1.7176E-01 1.3887E-01 1.4568E-01 1.3020E-01 1.3033E-01 1.3481E-01 1.3567E-01 1.1441E-01 1.0367E-01 8.9687E-02 7.3267E-02 0.0000E+00 1.2593E-01 1.1553E-01 1.3208E-01 1.3468E-01 1.3585E-01 1.2562E-01 4.3177E-02 0.0000E+00
 0.0000E+00 1.2600E-02 7.7592E-02 1.2551E-01 1.4977E-01 1.7174E-01 1.3959E-01 1.4726E-01 1.3230E-01 1.2468E-01 1.3534E-01 1.3671E-01 1.1614E-01 1.0290E-01 8.9317E-02 7.3471E-02 0.0000E+00 1.2864E-01 1.1792E-01 1.3147E-01 1.3380E-01 1.3494E-01 1.2606E-01 4.3450E-02 0.0000E+00
 0.0000E+00 1.3080E-02 7.6400E-02 1.2272E-01 1.5189E-01 1.7197E-01 1.3493E-01 1.4569E-01 1.3197E-01 1.2893E-01 1.3570E-01 1.3369E-01 1.1666E-01 1.0494E-01 9.2659E-02 7.1312E-02 0.0000E+00 1.2538E-01 1.1400E-01 1.3315E-01 1.3664E-01 1.3398E-01 1.2426E-01 4.2672E-02 0.0000E+00
 0.0000E+00 1.1880E-02 7.6094E-02 1.2474E-01 1.4940E-01 1.7007E-01 1.3433E-01 1.4741E-01 1.2868E-01 1.2646E-01 1.3761E-01 1.3565E-01 1.1151E-01 1.0540E-01 9.0142E-02 7.4184E-02 0.0000E+00 1.2632E-01 1.2147E-01 1.3177E-01 1.3362E-01 1.3227E-01 1.2024E-01 4.3086E-02 0.0000E+00
 0.0000E+00 1.1823E-02 7.5465E-02 1.2350E-01 1.4835E-01 1.6805E-01 1.3717E-01 1.4789E-01 1.3154E-01 1.2717E-01 1.3743E-01 1.3583E-01 1.1465E-01 1.0296E-01 9.3085E-02 7.0904E-02 0.0000E+00 1.2544E-01 1.1532E-01 1.3064E-01 1.3435E-01 1.3445E-01 1.2060E-01 4.1299E-02 0.0000E+00
 0.0000E+00 1.1732E-02 7.4438E-02 1.2291E-01 1.4634E-01 1.7024E-01 1.3712E-01 1.4397E-01 1.3086E-01 1.2905E-01 1.3447E-01 1.3646E-01 1.1534E-01 1.0546E-01 9.0810E-02 6.9927E-02 0.0000E+00 1.2671E-01 1.1825E-01 1.3184E-01 1.3469E-01 1.3556E-01 1.2095E-01 3.9975E-02 0.0000E+00
 0.0000E+00 1.2029E-02 7.3428E-02 1.2028E-01 1.4583E-01 1.6871E-01 1.3805E-01 1.4669E-01 1.2714E-01 1.2511E-01 1.3575E-01 1.3436E-01 1.1216E-01 1.0375E-01 9.0199E-02 7.1516E-02 0.0000E+00 1.2258E-01 1.1571E-01 1.3662E-01 1.3671E-01 1.3265E-01 1.1946E-01 4.0017E-02 0.0000E+00
 0.0000E+00 1.1533E-02 7.3114E-02 1.2068E-01 1.4745E-01 1.7036E-01 1.3736E-01 1.4753E-01 1.3184E-01 1.2585E-01 1.3461E-01 1.3553E-01 1.1639E-01 1.0540E-01 8.9886E-02 6.9031E-02 0.0000E+00 1.2566E-01 1.1710E-01 1.3482E-01 1.3447E-01 1.3384E-01 1.1820E-01 4.0637E-02 0.0000E+00
 0.0000E+00 9.6053E-03 7.1806E-02 1.2099E-01 1.4426E-01 1.6739E-01 1.3726E-01 1.4690E-01 1.2905E-01 1.2822E-01 1.3435E-01 1.3441E-01 1.1290E-01 1.0348E-01 8.8962E-02 7.0293E-02 0.0000E+00 1.2238E-01 1.1523E-01 1.3195E-01 1.3308E-01 1.3052E-01 1.1764E-01 3.9719E-02 0.0000E+00
 0.0000E+00 1.0855E-02 7.0002E-02 1.1799E-01 1.4305E-01 1.6946E-01 1.3561E-01 1.4655E-01 1.2674E-01 1.2321E-01 1.3649E-01 1.3264E-01 1.1347E-01 1.0216E-01 8.7113E-02 7.0314E-02 0.0000E+00 1.2309E-01 1.1912E-01 1.3322E-01 1.3475E-01 1.3301E-01 1.1989E-01 3.7262E-02 0.0000E+00
 0.0000E+00 1.0300E-02 6.9041E-02 1.2064E-01 1.4303E-01 1.6999E-01 1.3500E-01 1.4584E-01 1.2852E-01 1.2667E-01 1.3304E-01 1.3367E-01 1.1064E-01 1.0373E-01 8.9445E-02 6.9499E-02 0.0000E+00 1.2302E-01 1.1585E-01 1.3376E-01 1.3543E-01 1.3221E-01 1.1550E-01 3.8304E-02 0.0000E+00
 0.0000E+00 9.9776E-03 7.0200E-02 1.1700E-01 1.4228E-01 1.7112E-01 1.3487E-01 1.4359E-01 1.2941E-01 1.2406E-01 1.3362E-01 1.3294E-01 1.1470E-01 1.0766E-01 8.7710E-02 6.9845E-02 0.0000E+00 1.2093E-01 1.1483E-01 1.3459E-01 1.3418E-01 1.3023E-01 1.1394E-01 3.7361E-02 0.0000E+00
 0.0000E+00 9.4647E-03 6.8040E-02 1.1643E-01 1.4201E-01 1.6972E-01 1.3302E-01 1.4656E-01 1.2683E-01 1.2310E-01 1.3137E-01 1.3364E-01 1.1485E-01 1.0401E-01 8.8137E-02 7.2086E-02 0.0000E+00 1.2418E-01 1.1705E-01 1.3594E-01 1.3240E-01 1.3264E-01 1.1276E-01 3.6211E-02 0.0000E+00
 0.0000E+00 9.3985E-03 6.6045E-02 1.1668E-01 1.3942E-01 1.6710E-01 1.3374E-01 1.4507E-01 1.2642E-01 1.2605E-01 1.3417E-01 1.3494E-01 1.1388E-01 1.0320E-01 8.8706E-02 7.1434E-02 0.0000E+00 1.2565E-01 1.1530E-01 1.3413E-01 1.3290E-01 1.3042E-01 1.1218E-01 3.5285E-02 0.0000E+00
 0.0000E+00 9.0510E-03 6.7444E-02 1.1531E-01 1.4256E-01 1.6705E-01 1.3253E-01 1.4405E-01 1.2455E-01 1.2244E-01 1.2990E-01 1.3683E-01 1.1199E-01 1.0302E-01 9.0341E-02 7.0599E-02 0.0000E+00 1.2363E-01 1.1548E-01 1.3391E-01 1.3379E-01 1.2924E-01 1.1376E-01 3.3969E-02 0.0000E+00
 0.0000E+00 9.6384E-03 6.7518E-02 1.1411E-01 1.4238E-01 1.6428E-01 1.3341E-01 1.4067E-01 1.2574E-01 1.2215E-01 1.3261E-01 1.3374E-01 1.1244E-01 1.0456E-01 8.8364E-02 6.8277E-02 0.0000E+00 1.2315E-01 1.1352E-01 1.3011E-01 1.3170E-01 1.2802E-01 1.1079E-01 3.4772E-02 0.0000E+00
 0.0000E+00 9.1503E-03 6.6393E-02 1.1369E-01 1.4341E-01 1.6219E-01 1.3581E-01 1.4514E-01 1.2490E-01 1.2338E-01 1.3096E-01 1.3239E-01 1.1200E-01 1.0398E-01 9.2033E-02 7.1373E-02 0.0000E+00 1.2071E-01 1.1845E-01 1.3550E-01 1.3149E-01 1.2706E-01 1.1143E-01 3.3051E-02 0.0000E+00
 0.0000E+00 8.6291E-03 6.3653E-02 1.1572E-01 1.3730E-01 1.6495E-01 1.3366E-01 1.4560E-01 1.2327E-01 1.1941E-01 1.3172E-01 1.3660E-01 1.1237E-01 1.0425E-01 8.9161E-02 7.0069E-02 0.0000E+00 1.2196E-01 1.1255E-01 1.3447E-01 1.3068E-01 1.3009E-01 1.1091E-01 3.3597E-02 0.0000E+00
 0.0000E+00 8.9517E-03 6.6525E-02 1.1152E-01 1.3983E-01 1.6209E-01 1.3214E-01 1.4007E-01 1.2353E-01 1.2312E-01 1.2842E-01 1.3462E-01 1.1340E-01 1.0569E-01 8.5478E-02 7.1190E-02 0.0000E+00 1.1827E-01 1.1603E-01 1.3477E-01 1.3360E-01 1.2702E-01 1.0745E-01 3.3597E-02 0.0000E+00
 0.0000E+00 8.3147E-03 6.4481E-02 1.1153E-01 1.3616E-01 1.6151E-01 1.3360E-01 1.4534E-01 1.2486E-01 1.2232E-01 1.3084E-01 1.3348E-01 1.1301E-01 1.0216E-01 8.9047E-02 7.1271E-02 0.0000E+00 1.2041E-01 1.1587E-01 1.3360E-01 1.3227E-01 1.2927E-01 1.1042E-01 3.2885E-02 0.0000E+00
 0.0000E+00 8.3064E-03 6.2420E-02 1.0946E-01 1.3790E-01 1.6074E-01 1.3253E-01 1.4221E-01 1.2296E-01 1.2287E-01 1.3089E-01 1.3042E-01 1.1310E-01 1.0481E-01 8.7838E-02 6.9988E-02 0.0000E+00 1.1697E-01 1.1612E-01 1.3526E-01 1.3275E-01 1.2424E-01 1.0897E-01 3.2670E-02 0.0000E+00
 0.0000E+00 7.3798E-03 6.1915E-02 1.1126E-01 1.3562E-01 1.6372E-01 1.3208E-01 1.4387E-01 1.2360E-01 1.2324E-01 1.3184E-01 1.3419E-01 1.1247E-01 1.0482E-01 8.7141E-02 6.8582E-02 0.0000E+00 1.2133E-01 1.1320E-01 1.3421E-01 1.3241E-01 1.2640E-01 1.0812E-01 3.2629E-02 0.0000E+00
 0.0000E+00 7.7273E-03 6.0367E-02 1.0978E-01 1.3397E-01 1.6279E-01 1.3230E-01 1.4138E-01 1.2151E-01 1.2122E-01 1.3187E-01 1.3506E-01 1.1415E-01 1.0408E-01 8.8933E-02 6.8868E-02 0.0000E+00 1.2105E-01 1.1818E-01 1.3365E-01 1.3143E-01 1.2753E-01 1.0688E-01 3.1074E-02 0.0000E+00
 0.0000E+00 6.4532E-03 5.9829E-02 1.0746E-01 1.3524E-01 1.5847E-01 1.3147E-01 1.4324E-01 1.2296E-01 1.2218E-01 1.3065E-01 1.3379E-01 1.1238E-01 1.0446E-01 8.9075E-02 6.9988E-02 0.0000E+00 1.1950E-01 1.1655E-01 1.3266E-01 1.3345E-01 1.2464E-01 1.0475E-01 3.0743E-02 0.0000E+00
 0.0000E+00 7.9093E-03 5.9746E-02 1.0735E-01 1.3448E-01 1.6073E-01 1.3272E-01 1.4328E-01 1.2606E-01 1.1983E-01 1.2910E-01 1.3323E-01 1.1330E-01 1.0424E-01 8.7568E-02 7.1210E-02 0.0000E+00 1.1790E-01 1.1567E-01 1.3228E-01 1.3195E-01 1.2509E-01 1.0460E-01 3.0147E-02 0.0000E+00
 0.0000E+00 7.4543E-03 5.8372E-02 1.0402E-01 1.3474E-01 1.6051E-01 1.3109E-01 1.4276E-01 1.2437E-01 1.1896E-01 1.3171E-01 1.3165E-01 1.1268E-01 1.0036E-01 8.7085E-02 6.7686E-02 0.0000E+00 1.1733E-01 1.1434E-01 1.3886E-01 1.2885E-01 1.2421E-01 1.0212E-01 2.8832E-02 0.0000E+00
 0.0000E+00 6.7014E-03 5.8860E-02 1.0688E-01 1.3269E-01 1.5933E-01 1.3180E-01 1.4404E-01 1.2189E-01 1.2007E-01 1.2900E-01 1.3596E-01 1.1377E-01 1.0258E-01 8.7824E-02 7.0904E-02 0.0000E+00 1.1756E-01 1.1559E-01 1.3232E-01 1.2802E-01 1.2366E-01 1.0248E-01 2.8343E-02 0.0000E+00
 0.0000E+00 7.3384E-03 5.8960E-02 1.0430E-01 1.3374E-01 1.5979E-01 1.2894E-01 1.4001E-01 1.1866E-01 1.2069E-01 1.2957E-01 1.3235E-01 1.0900E-01 1.0097E-01 8.5122E-02 7.0864E-02 0.0000E+00 1.2221E-01 1.1551E-01 1.3485E-01 1.2573E-01 1.2348E-01 1.0260E-01 2.8352E-02 0.0000E+00
 0.0000E+00 6.8669E-03 5.6195E-02 1.0358E-01 1.3201E-01 1.5942E-01 1.3001E-01 1.3949E-01 1.2068E-01 1.1932E-01 1.2709E-01 1.3523E-01 1.1138E-01 1.0364E-01 8.5207E-02 6.9092E-02 0.0000E+00 1.1822E-01 1.1708E-01 1.3469E-01 1.2955E-01 1.2192E-01 1.0354E-01 2.8401E-02 0.0000E+00
 0.0000E+00 6.4946E-03 5.6576E-02 1.0456E-01 1.3160E-01 1.5884E-01 1.2741E-01 1.4042E-01 1.2351E-01 1.1830E-01 1.2751E-01 1.3371E-01 1.1392E-01 1.0299E-01 8.7340E-02 6.9132E-02 0.0000E+00 1.2043E-01 1.1535E-01 1.3186E-01 1.3095E-01 1.2152E-01 1.0155E-01 2.7607E-02 0.0000E+00
 0.0000E+00 6.5111E-03 5.3381E-02 1.0380E-01 1.3199E-01 1.5479E-01 1.2535E-01 1.4056E-01 1.1978E-01 1.1685E-01 1.2975E-01 1.3181E-01 1.0969E-01 1.0477E-01 8.5350E-02 7.1129E-02 0.0000E+00 1.1852E-01 1.1548E-01 1.3301E-01 1.2744E-01 1.2304E-01 1.0073E-01 2.8120E-02 0.0000E+00
 0.0000E+00 6.7179E-03 5.7130E-02 1.0234E-01 1.2889E-01 1.5620E-01 1.2810E-01 1.3965E-01 1.2104E-01 1.1865E-01 1.2961E-01 1.3375E-01 1.1244E-01 1.0338E-01 8.8933E-02 7.1821E-02 0.0000E+00 1.1904E-01 1.1608E-01 1.3269E-01 1.2751E-01 1.2168E-01 1.0133E-01 2.7417E-02 0.0000E+00
 0.0000E+00 6.1471E-03 5.6344E-02 1.0295E-01 1.2976E-01 1.5747E-01 1.2995E-01 1.3764E-01 1.1965E-01 1.1867E-01 1.2528E-01 1.3413E-01 1.0924E-01 1.0453E-01 8.8592E-02 6.8419E-02 0.0000E+00 1.1751E-01 1.1509E-01 1.3346E-01 1.2766E-01 1.2478E-01 9.8973E-02 2.6937E-02 0.0000E+00
 0.0000E+00 6.0478E-03 5.3513E-02 1.0040E-01 1.2750E-01 1.5517E-01 1.2606E-01 1.3860E-01 1.1848E-01 1.1962E-01 1.2647E-01 1.3229E-01 1.1048E-01 1.0336E-01 8.6729E-02 7.1332E-02 0.0000E+00 1.1529E-01 1.1749E-01 1.3394E-01 1.2883E-01 1.2154E-01 9.5310E-02 2.6879E-02 0.0000E+00
 0.0000E+00 6.1636E-03 5.2222E-02 9.8594E-02 1.2877E-01 1.5630E-01 1.2683E-01 1.3838E-01 1.1896E-01 1.1629E-01 1.2958E-01 1.3246E-01 1.0909E-01 1.0418E-01 8.7156E-02 6.8949E-02 0.0000E+00 1.1652E-01 1.1634E-01 1.3226E-01 1.2721E-01 1.1968E-01 9.9587E-02 2.6598E-02 0.0000E+00
 0.0000E+00 6.3705E-03 5.4299E-02 1.0128E-01 1.2843E-01 1.5702E-01 1.2770E-01 1.4061E-01 1.1729E-01 1.1862E-01 1.2959E-01 1.3144E-01 1.1021E-01 1.0315E-01 8.6942E-02 6.7177E-02 0.0000E+00 1.1829E-01 1.1720E-01 1.3399E-01 1.2742E-01 1.1810E-01 9.6686E-02 2.5845E-02 0.0000E+00
 0.0000E+00 6.1223E-03 5.2363E-02 9.8502E-02 1.2562E-01 1.5315E-01 1.2647E-01 1.3668E-01 1.1830E-01 1.1671E-01 1.2666E-01 1.3397E-01 1.0821E-01 1.0626E-01 8.8151E-02 6.8949E-02 0.0000E+00 1.1436E-01 1.1556E-01 1.3510E-01 1.2636E-01 1.2133E-01 9.7465E-02 2.5564E-02 0.0000E+00
 0.0000E+00 5.7500E-03 5.1684E-02 9.7342E-02 1.2520E-01 1.5418E-01 1.2471E-01 1.4131E-01 1.1921E-01 1.1366E-01 1.2488E-01 1.3192E-01 1.1212E-01 1.0437E-01 8.5876E-02 6.9255E-02 0.0000E+00 1.1800E-01 1.1319E-01 1.3662E-01 1.2499E-01 1.1732E-01 9.7208E-02 2.5994E-02 0.0000E+00
 0.0000E+00 5.3197E-03 5.1733E-02 9.7964E-02 1.2493E-01 1.5416E-01 1.2547E-01 1.3677E-01 1.2077E-01 1.1476E-01 1.2411E-01 1.3184E-01 1.0976E-01 1.0181E-01 8.6672E-02 6.9621E-02 0.0000E+00 1.1492E-01 1.1586E-01 1.3294E-01 1.2578E-01 1.2058E-01 9.4663E-02 2.3785E-02 0.0000E+00
 0.0000E+00 5.5431E-03 5.1965E-02 9.6786E-02 1.2726E-01 1.5415E-01 1.2436E-01 1.3643E-01 1.1645E-01 1.1450E-01 1.2516E-01 1.3106E-01 1.0997E-01 1.0445E-01 8.4411E-02 6.8888E-02 0.0000E+00 1.1741E-01 1.1500E-01 1.3311E-01 1.2495E-01 1.1984E-01 9.3188E-02 2.3446E-02 0.0000E+00
 0.0000E+00 5.3032E-03 5.0376E-02 9.7334E-02 1.2447E-01 1.5081E-01 1.2747E-01 1.3728E-01 1.1630E-01 1.1399E-01 1.2492E-01 1.3338E-01 1.0871E-01 1.0560E-01 8.5250E-02 6.8460E-02 0.0000E+00 1.1409E-01 1.1833E-01 1.3209E-01 1.2390E-01 1.1907E-01 9.4812E-02 2.4860E-02 0.0000E+00
 0.0000E+00 4.7985E-03 4.8340E-02 9.5858E-02 1.2288E-01 1.5243E-01 1.2453E-01 1.3793E-01 1.1521E-01 1.1567E-01 1.2273E-01 1.3318E-01 1.1050E-01 1.0434E-01 8.5606E-02 6.8277E-02 0.0000E+00 1.1081E-01 1.1649E-01 1.3327E-01 1.2430E-01 1.1738E-01 9.3610E-02 2.4182E-02 0.0000E+00
 0.0000E+00 5.3363E-03 5.0152E-02 9.4780E-02 1.2207E-01 1.4783E-01 1.2517E-01 1.3663E-01 1.1733E-01 1.1219E-01 1.2536E-01 1.3017E-01 1.1126E-01 1.0245E-01 8.6587E-02 6.9682E-02 0.0000E+00 1.1408E-01 1.1703E-01 1.3566E-01 1.2179E-01 1.1272E-01 9.1695E-02 2.2883E-02 0.0000E+00
 0.0000E+00 4.9723E-03 4.7106E-02 9.3993E-02 1.2215E-01 1.5051E-01 1.2365E-01 1.3576E-01 1.1695E-01 1.1373E-01 1.2502E-01 1.2966E-01 1.0953E-01 1.0419E-01 8.5307E-02 6.9866E-02 0.0000E+00 1.1446E-01 1.1452E-01 1.3155E-01 1.2589E-01 1.1396E-01 9.1729E-02 2.1808E-02 0.0000E+00
 0.0000E+00 4.9723E-03 4.8845E-02 9.4092E-02 1.2083E-01 1.5111E-01 1.2214E-01 1.3630E-01 1.1575E-01 1.1278E-01 1.2590E-01 1.3128E-01 1.0825E-01 1.0506E-01 8.3885E-02 6.7707E-02 0.0000E+00 1.1254E-01 1.1390E-01 1.3488E-01 1.2270E-01 1.1330E-01 9.0436E-02 2.1791E-02 0.0000E+00
 0.0000E+00 4.7158E-03 4.7371E-02 9.3819E-02 1.2212E-01 1.4653E-01 1.2395E-01 1.3706E-01 1.1589E-01 1.1451E-01 1.2290E-01 1.3051E-01 1.1299E-01 1.0376E-01 8.7852E-02 6.7055E-02 0.0000E+00 1.1381E-01 1.1615E-01 1.3175E-01 1.2456E-01 1.1751E-01 9.1322E-02 2.3462E-02 0.0000E+00
 0.0000E+00 4.3600E-03 4.6668E-02 9.1572E-02 1.1821E-01 1.5021E-01 1.2033E-01 1.3695E-01 1.1456E-01 1.1192E-01 1.2400E-01 1.3019E-01 1.0899E-01 1.0038E-01 8.6629E-02 6.6464E-02 0.0000E+00 1.1376E-01 1.1208E-01 1.3357E-01 1.2310E-01 1.1665E-01 9.1687E-02 2.2296E-02 0.0000E+00
 0.0000E+00 4.8399E-03 4.5939E-02 9.0842E-02 1.2050E-01 1.4670E-01 1.2022E-01 1.3493E-01 1.1373E-01 1.1578E-01 1.2103E-01 1.2923E-01 1.0887E-01 1.0178E-01 8.5677E-02 6.8623E-02 0.0000E+00 1.1103E-01 1.1206E-01 1.3317E-01 1.2455E-01 1.1597E-01 8.8711E-02 2.2288E-02 0.0000E+00
 0.0000E+00 4.5751E-03 4.6635E-02 9.2103E-02 1.1880E-01 1.4512E-01 1.2083E-01 1.3279E-01 1.1553E-01 1.1214E-01 1.2181E-01 1.2959E-01 1.1075E-01 1.0174E-01 8.3714E-02 6.7707E-02 0.0000E+00 1.1126E-01 1.1598E-01 1.3173E-01 1.2293E-01 1.1476E-01 8.7476E-02 2.0029E-02 0.0000E+00
 0.0000E+00 4.1615E-03 4.6088E-02 9.2774E-02 1.1515E-01 1.4871E-01 1.1878E-01 1.3435E-01 1.1393E-01 1.1191E-01 1.2217E-01 1.2823E-01 1.1153E-01 1.0300E-01 8.7284E-02 6.7605E-02 0.0000E+00 1.1424E-01 1.1454E-01 1.3036E-01 1.2186E-01 1.1586E-01 8.9217E-02 2.0972E-02 0.0000E+00
 0.0000E+00 4.0705E-03 4.3299E-02 9.1854E-02 1.1654E-01 1.4422E-01 1.1912E-01 1.3516E-01 1.1526E-01 1.1349E-01 1.2050E-01 1.2966E-01 1.0704E-01 1.0131E-01 8.5293E-02 6.7910E-02 0.0000E+00 1.0929E-01 1.1550E-01 1.3515E-01 1.2172E-01 1.1467E-01 8.7203E-02 2.0484E-02 0.0000E+00
 0.0000E+00 4.3931E-03 4.4491E-02 8.9342E-02 1.1620E-01 1.4675E-01 1.2138E-01 1.3403E-01 1.1182E-01 1.1432E-01 1.2092E-01 1.2876E-01 1.0895E-01 1.0380E-01 8.4624E-02 6.7523E-02 0.0000E+00 1.1318E-01 1.1619E-01 1.3137E-01 1.2155E-01 1.1188E-01 8.7161E-02 2.0716E-02 0.0000E+00
 0.0000E+00 3.4913E-03 4.3266E-02 8.5827E-02 1.1886E-01 1.4715E-01 1.1931E-01 1.3267E-01 1.1513E-01 1.1143E-01 1.2392E-01 1.3026E-01 1.0773E-01 1.0105E-01 8.4838E-02 6.5507E-02 0.0000E+00 1.1034E-01 1.1693E-01 1.3186E-01 1.2178E-01 1.1162E-01 8.5503E-02 1.9963E-02 0.0000E+00
 0.0000E+00 3.8636E-03 4.3208E-02 8.6813E-02 1.1420E-01 1.4480E-01 1.2000E-01 1.3279E-01 1.0920E-01 1.0961E-01 1.2299E-01 1.3227E-01 1.0890E-01 1.0395E-01 8.3444E-02 7.0232E-02 0.0000E+00 1.0778E-01 1.1446E-01 1.3193E-01 1.2047E-01 1.1199E-01 8.5934E-02 1.9814E-02 0.0000E+00
 0.0000E+00 3.7395E-03 4.2968E-02 8.7850E-02 1.1519E-01 1.4226E-01 1.1901E-01 1.3022E-01 1.1143E-01 1.1084E-01 1.2355E-01 1.2801E-01 1.0894E-01 1.0351E-01 8.5165E-02 6.6484E-02 0.0000E+00 1.0961E-01 1.1364E-01 1.3264E-01 1.2255E-01 1.1000E-01 8.5263E-02 1.9888E-02 0.0000E+00
 0.0000E+00 4.2856E-03 4.2604E-02 8.5844E-02 1.1592E-01 1.4377E-01 1.1764E-01 1.3261E-01 1.1103E-01 1.0770E-01 1.1970E-01 1.2771E-01 1.0709E-01 1.0439E-01 8.4354E-02 6.6179E-02 0.0000E+00 1.1141E-01 1.1402E-01 1.3145E-01 1.2162E-01 1.1206E-01 8.3638E-02 1.8176E-02 0.0000E+00
 0.0000E+00 3.5741E-03 4.3779E-02 8.6109E-02 1.1268E-01 1.3950E-01 1.1930E-01 1.3064E-01 1.0996E-01 1.0857E-01 1.1941E-01 1.2867E-01 1.0590E-01 1.0267E-01 8.3473E-02 6.7482E-02 0.0000E+00 1.1066E-01 1.1277E-01 1.3012E-01 1.2171E-01 1.0925E-01 8.4127E-02 1.8896E-02 0.0000E+00
 0.0000E+00 3.8554E-03 4.1271E-02 8.4011E-02 1.1323E-01 1.4061E-01 1.1495E-01 1.3139E-01 1.0853E-01 1.1089E-01 1.1995E-01 1.2798E-01 1.0584E-01 1.0094E-01 8.3003E-02 6.7544E-02 0.0000E+00 1.0975E-01 1.1245E-01 1.3157E-01 1.2035E-01 1.0931E-01 8.2503E-02 1.8581E-02 0.0000E+00
 0.0000E+00 3.4831E-03 3.9549E-02 8.5048E-02 1.1155E-01 1.4291E-01 1.1533E-01 1.2977E-01 1.1070E-01 1.0792E-01 1.1958E-01 1.2846E-01 1.0686E-01 1.0036E-01 8.5961E-02 6.6362E-02 0.0000E+00 1.0973E-01 1.1513E-01 1.3154E-01 1.2002E-01 1.1077E-01 8.3406E-02 1.8664E-02 0.0000E+00
 0.0000E+00 3.7395E-03 4.1403E-02 8.4003E-02 1.1394E-01 1.4194E-01 1.1588E-01 1.3318E-01 1.0850E-01 1.1066E-01 1.2127E-01 1.2882E-01 1.0577E-01 1.0332E-01 8.2435E-02 6.4753E-02 0.0000E+00 1.0936E-01 1.1522E-01 1.2952E-01 1.1811E-01 1.0918E-01 8.2130E-02 1.7423E-02 0.0000E+00
 0.0000E+00 3.3672E-03 3.8539E-02 8.5296E-02 1.1166E-01 1.4091E-01 1.1586E-01 1.3203E-01 1.1129E-01 1.0650E-01 1.1762E-01 1.2868E-01 1.0498E-01 1.0157E-01 8.3771E-02 6.4916E-02 0.0000E+00 1.0917E-01 1.1357E-01 1.3058E-01 1.1846E-01 1.0718E-01 7.9212E-02 1.6687E-02 0.0000E+00
 0.0000E+00 3.5244E-03 4.0650E-02 8.2544E-02 1.0883E-01 1.3961E-01 1.1580E-01 1.3184E-01 1.0994E-01 1.0759E-01 1.2204E-01 1.2695E-01 1.0545E-01 1.0321E-01 8.3515E-02 6.7788E-02 0.0000E+00 1.1025E-01 1.1414E-01 1.2882E-01 1.2130E-01 1.0912E-01 7.9137E-02 1.7406E-02 0.0000E+00
 0.0000E+00 3.5989E-03 3.9574E-02 8.2146E-02 1.0851E-01 1.4168E-01 1.1691E-01 1.2798E-01 1.0667E-01 1.0806E-01 1.1790E-01 1.2780E-01 1.0605E-01 1.0206E-01 8.4923E-02 6.5934E-02 0.0000E+00 1.0906E-01 1.1419E-01 1.3296E-01 1.1993E-01 1.0788E-01 7.8889E-02 1.7506E-02 0.0000E+00
 0.0000E+00 3.3590E-03 3.9508E-02 8.1052E-02 1.0819E-01 1.3520E-01 1.1413E-01 1.2996E-01 1.0906E-01 1.0675E-01 1.1790E-01 1.2685E-01 1.0393E-01 1.0245E-01 8.3046E-02 6.7177E-02 0.0000E+00 1.0926E-01 1.1137E-01 1.3014E-01 1.1993E-01 1.0777E-01 7.8764E-02 1.6472E-02 0.0000E+00
 0.0000E+00 3.2100E-03 3.9160E-02 8.0165E-02 1.0782E-01 1.3772E-01 1.1713E-01 1.3102E-01 1.0941E-01 1.0782E-01 1.1916E-01 1.2895E-01 1.0625E-01 1.0518E-01 8.0970E-02 6.6057E-02 0.0000E+00 1.0951E-01 1.1583E-01 1.3164E-01 1.1686E-01 1.0478E-01 7.8134E-02 1.6860E-02 0.0000E+00
 0.0000E+00 3.3755E-03 3.8250E-02 8.0007E-02 1.0517E-01 1.3793E-01 1.1440E-01 1.2574E-01 1.0697E-01 1.0326E-01 1.1719E-01 1.2679E-01 1.0594E-01 9.9813E-02 8.5335E-02 6.5120E-02 0.0000E+00 1.0611E-01 1.1330E-01 1.3112E-01 1.1766E-01 1.0493E-01 7.8540E-02 1.6910E-02 0.0000E+00
 0.0000E+00 3.2845E-03 3.7074E-02 8.0347E-02 1.0757E-01 1.3489E-01 1.1347E-01 1.2976E-01 1.0551E-01 1.0799E-01 1.1552E-01 1.2772E-01 1.0620E-01 9.9254E-02 8.2079E-02 6.4529E-02 0.0000E+00 1.0759E-01 1.1063E-01 1.3012E-01 1.1407E-01 1.0750E-01 7.7695E-02 1.5768E-02 0.0000E+00
 0.0000E+00 3.2845E-03 3.7530E-02 8.0016E-02 1.0644E-01 1.3563E-01 1.1259E-01 1.2529E-01 1.0648E-01 1.0636E-01 1.1835E-01 1.2591E-01 1.0393E-01 1.0211E-01 8.4155E-02 6.7238E-02 0.0000E+00 1.0493E-01 1.1335E-01 1.3008E-01 1.1667E-01 1.0469E-01 7.7794E-02 1.6091E-02 0.0000E+00
 0.0000E+00 2.9949E-03 3.7232E-02 7.6923E-02 1.0462E-01 1.3606E-01 1.1276E-01 1.2707E-01 1.0486E-01 1.0485E-01 1.1744E-01 1.2671E-01 1.0628E-01 1.0502E-01 8.3416E-02 6.4407E-02 0.0000E+00 1.0343E-01 1.1227E-01 1.2787E-01 1.1655E-01 1.0476E-01 7.8002E-02 1.4834E-02 0.0000E+00
 0.0000E+00 3.1439E-03 3.5990E-02 7.6749E-02 1.0702E-01 1.3345E-01 1.1257E-01 1.2648E-01 1.0663E-01 1.0595E-01 1.1899E-01 1.2638E-01 1.0578E-01 1.0539E-01 8.1226E-02 6.5812E-02 0.0000E+00 1.0602E-01 1.1156E-01 1.2961E-01 1.1602E-01 1.0384E-01 7.7910E-02 1.4858E-02 0.0000E+00
 0.0000E+00 3.0777E-03 3.7091E-02 7.6981E-02 1.0586E-01 1.3047E-01 1.1393E-01 1.2820E-01 1.0406E-01 1.0414E-01 1.1643E-01 1.2582E-01 1.0294E-01 1.0048E-01 8.1681E-02 6.8094E-02 0.0000E+00 1.0328E-01 1.0824E-01 1.2809E-01 1.1408E-01 1.0364E-01 7.4785E-02 1.5338E-02 0.0000E+00
 0.0000E+00 3.1356E-03 3.5924E-02 7.6252E-02 1.0354E-01 1.3274E-01 1.1144E-01 1.2794E-01 1.0522E-01 1.0542E-01 1.1760E-01 1.2580E-01 1.0649E-01 1.0145E-01 8.2719E-02 6.7320E-02 0.0000E+00 1.0640E-01 1.1079E-01 1.3191E-01 1.1452E-01 1.0286E-01 7.5208E-02 1.5768E-02 0.0000E+00
 0.0000E+00 3.0859E-03 3.5129E-02 7.6650E-02 1.0502E-01 1.3183E-01 1.0983E-01 1.2847E-01 1.0506E-01 1.0468E-01 1.1581E-01 1.2716E-01 1.0641E-01 9.9516E-02 8.2221E-02 6.4794E-02 0.0000E+00 1.0277E-01 1.1280E-01 1.3233E-01 1.1702E-01 1.0106E-01 7.4288E-02 1.4552E-02 0.0000E+00
 0.0000E+00 2.4903E-03 3.3763E-02 7.7189E-02 1.0402E-01 1.3283E-01 1.1174E-01 1.2728E-01 1.0386E-01 1.0293E-01 1.1467E-01 1.2324E-01 1.0553E-01 1.0217E-01 8.1752E-02 6.6342E-02 0.0000E+00 1.0626E-01 1.1244E-01 1.2825E-01 1.1717E-01 1.0160E-01 7.3650E-02 1.5115E-02 0.0000E+00
 0.0000E+00 2.8047E-03 3.4649E-02 7.4785E-02 1.0225E-01 1.3373E-01 1.0956E-01 1.2312E-01 1.0443E-01 1.0248E-01 1.1300E-01 1.2682E-01 1.0558E-01 1.0408E-01 8.2733E-02 6.6138E-02 0.0000E+00 1.0811E-01 1.0999E-01 1.2717E-01 1.1417E-01 1.0244E-01 7.3932E-02 1.4395E-02 0.0000E+00
 0.0000E+00 2.5482E-03 3.3879E-02 7.2629E-02 1.0185E-01 1.3168E-01 1.0901E-01 1.2292E-01 1.0218E-01 1.0213E-01 1.1433E-01 1.2527E-01 1.0911E-01 9.8588E-02 8.0131E-02 6.4223E-02 0.0000E+00 1.0252E-01 1.0973E-01 1.2890E-01 1.1450E-01 1.0307E-01 7.1064E-02 1.3907E-02 0.0000E+00
 0.0000E+00 2.4489E-03 3.3209E-02 7.4660E-02 1.0170E-01 1.3084E-01 1.0697E-01 1.2545E-01 1.0632E-01 9.9310E-02 1.1183E-01 1.2327E-01 1.0565E-01 9.7565E-02 8.1652E-02 6.6444E-02 0.0000E+00 1.0357E-01 1.1366E-01 1.2744E-01 1.1487E-01 1.0109E-01 7.0790E-02 1.3882E-02 0.0000E+00
 0.0000E+00 2.4406E-03 3.4053E-02 7.3864E-02 9.9646E-02 1.3050E-01 1.1091E-01 1.2438E-01 1.0263E-01 1.0191E-01 1.1326E-01 1.2376E-01 1.0236E-01 9.9551E-02 8.2392E-02 6.3124E-02 0.0000E+00 9.9540E-02 1.1312E-01 1.2914E-01 1.1320E-01 1.0110E-01 7.1884E-02 1.4031E-02 0.0000E+00
 0.0000E+00 2.5234E-03 3.2414E-02 7.3980E-02 9.8439E-02 1.3018E-01 1.0819E-01 1.2155E-01 1.0398E-01 1.0035E-01 1.1389E-01 1.2518E-01 1.0705E-01 9.8921E-02 8.0301E-02 6.5323E-02 0.0000E+00 1.0060E-01 1.1015E-01 1.2662E-01 1.1289E-01 1.0075E-01 6.9538E-02 1.3518E-02 0.0000E+00
 0.0000E+00 2.5399E-03 3.2745E-02 7.2397E-02 1.0024E-01 1.2864E-01 1.0892E-01 1.2242E-01 1.0112E-01 1.0192E-01 1.1477E-01 1.2489E-01 1.0477E-01 1.0175E-01 8.0913E-02 6.3959E-02 0.0000E+00 1.0293E-01 1.1045E-01 1.2860E-01 1.1308E-01 9.9642E-02 6.8809E-02 1.2550E-02 0.0000E+00
 0.0000E+00 2.9039E-03 3.2629E-02 7.2571E-02 1.0039E-01 1.2566E-01 1.0605E-01 1.2287E-01 1.0105E-01 1.0361E-01 1.1306E-01 1.2103E-01 1.0388E-01 1.0095E-01 8.1908E-02 6.5914E-02 0.0000E+00 1.0025E-01 1.1117E-01 1.2687E-01 1.1268E-01 1.0033E-01 6.9688E-02 1.4031E-02 0.0000E+00
 0.0000E+00 2.1759E-03 3.2158E-02 7.0010E-02 9.7856E-02 1.2620E-01 1.0753E-01 1.2118E-01 1.0083E-01 1.0366E-01 1.1487E-01 1.2454E-01 1.0524E-01 1.0007E-01 8.1752E-02 6.4855E-02 0.0000E+00 1.0222E-01 1.1165E-01 1.2896E-01 1.1057E-01 1.0220E-01 6.8577E-02 1.2410E-02 0.0000E+00
 0.0000E+00 2.6475E-03 3.2191E-02 7.1037E-02 9.9130E-02 1.2612E-01 1.0757E-01 1.2213E-01 9.9535E-02 9.7393E-02 1.1212E-01 1.2175E-01 1.0418E-01 1.0314E-01 8.1766E-02 6.3388E-02 0.0000E+00 1.0153E-01 1.1294E-01 1.2879E-01 1.0969E-01 9.8198E-02 6.9099E-02 1.2401E-02 0.0000E+00
 0.0000E+00 2.4158E-03 3.2381E-02 7.0606E-02 9.9729E-02 1.2783E-01 1.0536E-01 1.2139E-01 1.0090E-01 9.9644E-02 1.1165E-01 1.1974E-01 1.0185E-01 1.0124E-01 8.0245E-02 6.5649E-02 0.0000E+00 1.0085E-01 1.1336E-01 1.2831E-01 1.1503E-01 9.8332E-02 6.9199E-02 1.2534E-02 0.0000E+00
 0.0000E+00 2.3248E-03 3.0419E-02 7.0109E-02 9.7124E-02 1.2428E-01 1.0402E-01 1.2420E-01 1.0060E-01 9.9529E-02 1.1332E-01 1.2537E-01 1.0097E-01 9.8612E-02 7.7955E-02 6.5527E-02 0.0000E+00 9.8968E-02 1.1209E-01 1.2593E-01 1.1288E-01 9.9592E-02 6.7441E-02 1.2459E-02 0.0000E+00
 0.0000E+00 2.4985E-03 2.9865E-02 6.8807E-02 9.8131E-02 1.2489E-01 1.0446E-01 1.2152E-01 1.0207E-01 9.7464E-02 1.0965E-01 1.2130E-01 1.0353E-01 9.8326E-02 7.9164E-02 6.6546E-02 0.0000E+00 1.0330E-01 1.1285E-01 1.2745E-01 1.1226E-01 9.8618E-02 6.5734E-02 1.2592E-02 0.0000E+00
 0.0000E+00 2.2172E-03 3.0527E-02 6.6395E-02 9.6009E-02 1.2475E-01 1.0568E-01 1.2127E-01 9.8496E-02 9.9784E-02 1.1202E-01 1.2218E-01 1.0235E-01 1.0470E-01 8.1027E-02 6.3246E-02 0.0000E+00 1.0207E-01 1.1208E-01 1.2729E-01 1.0989E-01 9.6334E-02 6.6181E-02 1.2137E-02 0.0000E+00
 0.0000E+00 2.1842E-03 3.0568E-02 6.9537E-02 9.5359E-02 1.2051E-01 1.0643E-01 1.1863E-01 9.9151E-02 9.6892E-02 1.1065E-01 1.2207E-01 1.0322E-01 1.0100E-01 7.9562E-02 6.3551E-02 0.0000E+00 9.8142E-02 1.0888E-01 1.2415E-01 1.1006E-01 9.8357E-02 6.5966E-02 1.2443E-02 0.0000E+00
 0.0000E+00 2.1842E-03 2.9318E-02 6.5359E-02 9.3903E-02 1.2263E-01 1.0421E-01 1.2049E-01 9.9744E-02 9.9266E-02 1.1166E-01 1.1635E-01 1.0270E-01 1.0187E-01 7.8126E-02 6.4040E-02 0.0000E+00 9.8850E-02 1.1072E-01 1.2500E-01 1.1034E-01 9.7803E-02 6.5676E-02 1.1872E-02 0.0000E+00
 0.0000E+00 1.9939E-03 2.9616E-02 6.5599E-02 9.4544E-02 1.1993E-01 1.0388E-01 1.2109E-01 9.9098E-02 9.6769E-02 1.1091E-01 1.2098E-01 1.0107E-01 1.0129E-01 7.9150E-02 6.3225E-02 0.0000E+00 9.7149E-02 1.0906E-01 1.2183E-01 1.0855E-01 9.2161E-02 6.3496E-02 1.1806E-02 0.0000E+00
 0.0000E+00 1.8863E-03 2.9169E-02 6.6760E-02 9.3312E-02 1.2152E-01 1.0702E-01 1.2082E-01 9.9561E-02 9.7015E-02 1.0927E-01 1.2004E-01 1.0222E-01 1.0220E-01 8.0984E-02 6.3246E-02 0.0000E+00 9.7553E-02 1.1052E-01 1.2505E-01 1.0842E-01 9.6065E-02 6.4018E-02 1.1359E-02 0.0000E+00
 0.0000E+00 1.8036E-03 2.8780E-02 6.6080E-02 9.4993E-02 1.1777E-01 1.0299E-01 1.2050E-01 1.0138E-01 9.7604E-02 1.0791E-01 1.2112E-01 9.9530E-02 9.8350E-02 7.8254E-02 6.1962E-02 0.0000E+00 1.0178E-01 1.1250E-01 1.2594E-01 1.1017E-01 9.4050E-02 6.3189E-02 1.1566E-02 0.0000E+00
 0.0000E+00 1.8284E-03 2.7713E-02 6.6080E-02 9.1248E-02 1.2324E-01 1.0116E-01 1.1869E-01 9.7693E-02 9.7165E-02 1.0859E-01 1.1949E-01 1.0438E-01 9.8291E-02 7.6320E-02 6.4081E-02 0.0000E+00 9.9675E-02 1.0834E-01 1.2199E-01 1.0995E-01 9.2572E-02 6.3230E-02 1.1260E-02 0.0000E+00
 0.0000E+00 1.9194E-03 2.7166E-02 6.5425E-02 9.0974E-02 1.2011E-01 1.0451E-01 1.1710E-01 9.8208E-02 9.7965E-02 1.0827E-01 1.1965E-01 1.0059E-01 9.9432E-02 7.9292E-02 6.3083E-02 0.0000E+00 9.8058E-02 1.0719E-01 1.2424E-01 1.0651E-01 9.3345E-02 6.3214E-02 1.0474E-02 0.0000E+00
 0.0000E+00 1.8532E-03 2.7431E-02 6.5442E-02 9.0582E-02 1.2205E-01 1.0299E-01 1.1667E-01 9.9098E-02 9.7815E-02 1.0995E-01 1.1914E-01 1.0049E-01 9.9837E-02 8.0956E-02 6.3572E-02 0.0000E+00 9.7250E-02 1.0899E-01 1.2403E-01 1.0723E-01 9.4403E-02 6.3404E-02 1.1127E-02 0.0000E+00
 0.0000E+00 1.9277E-03 2.8035E-02 6.3419E-02 9.0216E-02 1.2072E-01 1.0029E-01 1.1626E-01 9.8758E-02 9.4159E-02 1.0942E-01 1.1652E-01 1.0305E-01 9.8826E-02 7.7571E-02 6.3531E-02 0.0000E+00 9.6812E-02 1.0849E-01 1.2650E-01 1.0817E-01 9.1531E-02 6.0777E-02 1.0838E-02 0.0000E+00
 0.0000E+00 1.8946E-03 2.6488E-02 6.4505E-02 9.0133E-02 1.1811E-01 1.0003E-01 1.1888E-01 9.6602E-02 9.7411E-02 1.0680E-01 1.2074E-01 1.0187E-01 1.0072E-01 7.8026E-02 6.2675E-02 0.0000E+00 9.8614E-02 1.0709E-01 1.2100E-01 1.0822E-01 9.4696E-02 6.1224E-02 1.0151E-02 0.0000E+00
 0.0000E+00 1.7870E-03 2.6777E-02 6.3494E-02 8.9792E-02 1.1567E-01 1.0129E-01 1.1452E-01 9.4324E-02 9.7059E-02 1.0689E-01 1.1598E-01 9.9141E-02 9.8148E-02 7.8040E-02 6.4162E-02 0.0000E+00 9.8782E-02 1.0845E-01 1.2184E-01 1.0782E-01 9.0456E-02 5.9251E-02 9.7705E-03 0.0000E+00
 0.0000E+00 1.9690E-03 2.7141E-02 6.4157E-02 8.7561E-02 1.1733E-01 1.0071E-01 1.1796E-01 9.5799E-02 9.5416E-02 1.0488E-01 1.1793E-01 1.0043E-01 9.7684E-02 7.8638E-02 6.3918E-02 0.0000E+00 9.9608E-02 1.0575E-01 1.2618E-01 1.0411E-01 9.2488E-02 5.8298E-02 9.8780E-03 0.0000E+00
 0.0000E+00 1.7208E-03 2.7166E-02 6.1885E-02 8.8452E-02 1.1765E-01 9.9268E-02 1.1764E-01 9.8042E-02 9.3825E-02 1.0447E-01 1.1929E-01 9.8752E-02 9.9313E-02 8.0941E-02 6.4020E-02 0.0000E+00 9.8648E-02 1.0979E-01 1.2390E-01 1.0551E-01 9.2740E-02 5.9227E-02 1.0292E-02 0.0000E+00
 0.0000E+00 1.6464E-03 2.7100E-02 6.1645E-02 8.8027E-02 1.1545E-01 1.0026E-01 1.1620E-01 9.6044E-02 9.5029E-02 1.0678E-01 1.1786E-01 1.0058E-01 9.6210E-02 8.0202E-02 6.3999E-02 0.0000E+00 9.3224E-02 1.0488E-01 1.2435E-01 1.0441E-01 9.1111E-02 5.9417E-02 1.0002E-02 0.0000E+00
 0.0000E+00 1.6547E-03 2.5676E-02 6.0899E-02 8.5747E-02 1.1404E-01 9.9473E-02 1.1513E-01 9.6236E-02 9.5038E-02 1.0807E-01 1.1884E-01 1.0030E-01 9.7779E-02 7.5225E-02 6.5955E-02 0.0000E+00 9.3965E-02 1.1015E-01 1.2306E-01 1.0593E-01 9.0792E-02 5.9218E-02 1.0168E-02 0.0000E+00
 0.0000E+00 1.6960E-03 2.5080E-02 6.0990E-02 8.6471E-02 1.1649E-01 9.8551E-02 1.1645E-01 9.5040E-02 9.2937E-02 1.0440E-01 1.1677E-01 9.9383E-02 9.5651E-02 7.7329E-02 6.3633E-02 0.0000E+00 9.5178E-02 1.0849E-01 1.2183E-01 1.0747E-01 8.9969E-02 5.7925E-02 1.0267E-02 0.0000E+00
 0.0000E+00 1.7870E-03 2.4385E-02 5.8868E-02 8.7029E-02 1.1404E-01 9.7920E-02 1.1326E-01 9.4726E-02 9.2374E-02 1.0670E-01 1.1737E-01 9.6617E-02 9.7946E-02 7.7301E-02 6.3246E-02 0.0000E+00 9.3864E-02 1.0688E-01 1.2087E-01 1.0576E-01 8.9608E-02 5.8000E-02 9.9111E-03 0.0000E+00
 0.0000E+00 1.6298E-03 2.4054E-02 5.7798E-02 8.4648E-02 1.1473E-01 9.8543E-02 1.1554E-01 9.3539E-02 9.2620E-02 1.0280E-01 1.1622E-01 9.8741E-02 9.7351E-02 7.6818E-02 6.1983E-02 0.0000E+00 9.5953E-02 1.0695E-01 1.2173E-01 1.0204E-01 8.9146E-02 5.7718E-02 9.2575E-03 0.0000E+00
 0.0000E+00 1.6960E-03 2.4335E-02 6.0584E-02 8.7170E-02 1.1511E-01 9.8509E-02 1.1418E-01 9.3644E-02 9.0766E-02 1.0616E-01 1.1578E-01 9.5565E-02 9.7696E-02 7.5595E-02 6.3633E-02 0.0000E+00 9.4892E-02 1.0717E-01 1.1757E-01 1.0472E-01 8.9373E-02 5.6483E-02 9.0424E-03 0.0000E+00
 0.0000E+00 1.5802E-03 2.3599E-02 5.9274E-02 8.4349E-02 1.1423E-01 9.7202E-02 1.1184E-01 9.3574E-02 9.2717E-02 1.0682E-01 1.1752E-01 9.6133E-02 9.9754E-02 7.7998E-02 6.4142E-02 0.0000E+00 9.5986E-02 1.0430E-01 1.2066E-01 1.0338E-01 8.8189E-02 5.6922E-02 9.3734E-03 0.0000E+00
 0.0000E+00 1.6464E-03 2.4650E-02 5.9473E-02 8.3150E-02 1.1019E-01 9.6776E-02 1.1349E-01 9.0196E-02 9.0862E-02 1.0162E-01 1.1679E-01 9.7795E-02 9.6031E-02 7.6775E-02 6.2798E-02 0.0000E+00 9.3511E-02 1.0622E-01 1.2258E-01 1.0494E-01 8.4503E-02 5.5165E-02 8.4881E-03 0.0000E+00
 0.0000E+00 1.7457E-03 2.4451E-02 5.7226E-02 8.2684E-02 1.1019E-01 9.5487E-02 1.1038E-01 9.0650E-02 9.1803E-02 1.0259E-01 1.1802E-01 9.9383E-02 9.8350E-02 7.8680E-02 6.3124E-02 0.0000E+00 9.6256E-02 1.0507E-01 1.2035E-01 1.0356E-01 8.6888E-02 5.5604E-02 9.4230E-03 0.0000E+00
 0.0000E+00 1.7374E-03 2.3822E-02 5.6008E-02 8.5880E-02 1.0688E-01 9.4044E-02 1.1312E-01 9.1322E-02 9.2480E-02 1.0197E-01 1.1278E-01 9.7364E-02 9.9599E-02 7.5253E-02 6.0740E-02 0.0000E+00 9.5043E-02 1.0463E-01 1.1760E-01 1.0286E-01 8.6711E-02 5.6367E-02 8.6205E-03 0.0000E+00
 0.0000E+00 1.3982E-03 2.3392E-02 5.4532E-02 8.2410E-02 1.0865E-01 9.7339E-02 1.1010E-01 9.1924E-02 8.9588E-02 1.0400E-01 1.1530E-01 9.7900E-02 9.7993E-02 7.6007E-02 6.1433E-02 0.0000E+00 9.4117E-02 1.0474E-01 1.2135E-01 1.0151E-01 8.5049E-02 5.4974E-02 9.1665E-03 0.0000E+00
 0.0000E+00 1.6216E-03 2.3259E-02 5.8395E-02 8.1378E-02 1.0971E-01 9.6502E-02 1.1017E-01 8.8992E-02 9.0581E-02 1.0363E-01 1.1394E-01 9.7269E-02 9.5710E-02 7.7116E-02 5.9009E-02 0.0000E+00 9.2130E-02 1.0498E-01 1.1849E-01 9.9654E-02 8.4965E-02 5.2952E-02 8.7612E-03 0.0000E+00
 0.0000E+00 1.4892E-03 2.3028E-02 5.5858E-02 8.2093E-02 1.0938E-01 9.6562E-02 1.1233E-01 8.9123E-02 8.9887E-02 1.0136E-01 1.1369E-01 9.7143E-02 9.3510E-02 7.4983E-02 6.5222E-02 0.0000E+00 9.1304E-02 1.0429E-01 1.2065E-01 1.0357E-01 8.4243E-02 5.2645E-02 8.7281E-03 0.0000E+00
 0.0000E+00 1.5388E-03 2.2539E-02 5.4806E-02 8.0895E-02 1.0828E-01 9.3771E-02 1.0901E-01 9.4263E-02 8.9289E-02 1.0463E-01 1.1237E-01 9.7237E-02 9.5115E-02 7.7273E-02 6.2981E-02 0.0000E+00 9.2146E-02 1.0292E-01 1.1750E-01 1.0297E-01 8.5133E-02 5.2836E-02 8.8522E-03 0.0000E+00
 0.0000E+00 1.6050E-03 2.1364E-02 5.4515E-02 8.0803E-02 1.0593E-01 9.5162E-02 1.0717E-01 8.8032E-02 9.2383E-02 1.0465E-01 1.1581E-01 9.9288E-02 9.6281E-02 7.7017E-02 6.0903E-02 0.0000E+00 9.4555E-02 1.0400E-01 1.1854E-01 1.0218E-01 8.5150E-02 5.3408E-02 8.4385E-03 0.0000E+00
 0.0000E+00 1.6464E-03 2.3359E-02 5.5237E-02 7.9672E-02 1.0604E-01 9.5358E-02 1.0963E-01 8.8233E-02 8.7856E-02 9.9637E-02 1.1537E-01 9.5839E-02 9.8838E-02 7.7401E-02 6.1514E-02 0.0000E+00 9.3763E-02 1.0482E-01 1.1923E-01 1.0050E-01 8.3008E-02 5.1799E-02 8.2151E-03 0.0000E+00
 0.0000E+00 1.4065E-03 2.2432E-02 5.4847E-02 8.0704E-02 1.0658E-01 9.2012E-02 1.0997E-01 8.8346E-02 9.1513E-02 9.9138E-02 1.1160E-01 9.6733E-02 9.4354E-02 7.4628E-02 6.0068E-02 0.0000E+00 9.3106E-02 1.0517E-01 1.1763E-01 1.0109E-01 8.4075E-02 5.3532E-02 8.4220E-03 0.0000E+00
 0.0000E+00 1.2327E-03 2.2109E-02 5.4093E-02 7.8839E-02 1.0326E-01 9.3028E-02 1.0774E-01 9.0755E-02 8.8577E-02 9.9446E-02 1.1103E-01 9.8089E-02 9.6661E-02 7.5637E-02 6.3266E-02 0.0000E+00 9.2500E-02 1.0098E-01 1.1670E-01 9.6608E-02 8.4192E-02 4.9760E-02 8.0331E-03 0.0000E+00
 0.0000E+00 1.2162E-03 2.1786E-02 5.4035E-02 7.8964E-02 1.0593E-01 9.2840E-02 1.0731E-01 8.9402E-02 8.9588E-02 1.0088E-01 1.1403E-01 9.4061E-02 9.7197E-02 7.6277E-02 6.0740E-02 0.0000E+00 9.1355E-02 1.0644E-01 1.2028E-01 1.0004E-01 8.2572E-02 5.1509E-02 7.7849E-03 0.0000E+00
 0.0000E+00 1.2906E-03 2.0917E-02 5.3827E-02 7.8873E-02 1.0100E-01 9.0518E-02 1.0585E-01 8.7186E-02 8.7944E-02 9.7695E-02 1.1184E-01 9.7132E-02 9.7744E-02 7.5026E-02 5.9559E-02 0.0000E+00 9.2955E-02 1.0443E-01 1.1684E-01 9.7688E-02 8.3286E-02 5.1029E-02 7.5698E-03 0.0000E+00
 0.0000E+00 1.5306E-03 2.1637E-02 5.2285E-02 7.7125E-02 1.0321E-01 9.1551E-02 1.0652E-01 8.5972E-02 8.5975E-02 1.0106E-01 1.1127E-01 9.4966E-02 9.5484E-02 7.5196E-02 6.1575E-02 0.0000E+00 8.9317E-02 1.0348E-01 1.1493E-01 1.0104E-01 8.1967E-02 5.0009E-02 8.1324E-03 0.0000E+00
 0.0000E+00 1.4313E-03 2.0652E-02 5.2169E-02 7.6709E-02 1.0423E-01 9.3557E-02 1.0471E-01 8.9306E-02 8.8076E-02 9.6152E-02 1.1499E-01 9.4839E-02 9.6614E-02 7.3831E-02 6.2003E-02 0.0000E+00 9.3460E-02 1.0214E-01 1.1845E-01 9.8228E-02 8.1816E-02 5.0100E-02 7.6691E-03 0.0000E+00
 0.0000E+00 1.4147E-03 2.1720E-02 5.1871E-02 7.7549E-02 1.0055E-01 9.2072E-02 1.0665E-01 8.5833E-02 8.7610E-02 9.6887E-02 1.1341E-01 9.4177E-02 9.6114E-02 7.5339E-02 6.2268E-02 0.0000E+00 9.4892E-02 1.0584E-01 1.1614E-01 9.6528E-02 8.1304E-02 5.0258E-02 7.1645E-03 0.0000E+00
 0.0000E+00 1.2410E-03 1.9708E-02 5.2120E-02 7.5752E-02 9.9801E-02 8.9852E-02 1.0611E-01 8.5562E-02 8.6582E-02 1.0093E-01 1.1215E-01 9.4135E-02 9.5270E-02 7.2182E-02 6.0822E-02 0.0000E+00 8.8542E-02 9.9813E-02 1.1951E-01 9.7263E-02 8.2085E-02 4.8658E-02 7.1231E-03 0.0000E+00
 0.0000E+00 1.2245E-03 1.9758E-02 5.1158E-02 7.4337E-02 9.9683E-02 8.9955E-02 1.0680E-01 8.6208E-02 8.8173E-02 9.6406E-02 1.1030E-01 9.3335E-02 9.4604E-02 7.5211E-02 6.0924E-02 0.0000E+00 9.0058E-02 1.0365E-01 1.1764E-01 9.7972E-02 7.9364E-02 4.8235E-02 7.1562E-03 0.0000E+00
 0.0000E+00 1.3486E-03 2.0660E-02 5.1929E-02 7.2889E-02 1.0123E-01 9.0544E-02 1.0318E-01 8.5571E-02 8.7522E-02 9.4682E-02 1.0744E-01 9.4923E-02 9.5222E-02 7.5495E-02 5.9600E-02 0.0000E+00 9.1254E-02 1.0176E-01 1.1881E-01 9.7724E-02 7.9935E-02 4.8716E-02 6.8335E-03 0.0000E+00
 0.0000E+00 1.2989E-03 1.9203E-02 5.2012E-02 7.3571E-02 1.0109E-01 9.1636E-02 1.0309E-01 8.5414E-02 8.7557E-02 9.8067E-02 1.0816E-01 9.5860E-02 9.2987E-02 7.5538E-02 5.9620E-02 0.0000E+00 8.9233E-02 9.9873E-02 1.1425E-01 9.5554E-02 7.8659E-02 4.9586E-02 7.3134E-03 0.0000E+00
 0.0000E+00 1.1996E-03 1.9286E-02 5.0453E-02 7.3821E-02 9.8387E-02 8.8051E-02 1.0426E-01 8.7709E-02 8.6749E-02 9.8176E-02 1.1055E-01 9.4839E-02 9.3819E-02 7.4301E-02 6.0089E-02 0.0000E+00 8.9350E-02 1.0004E-01 1.1573E-01 9.7573E-02 7.9364E-02 4.7381E-02 7.8842E-03 0.0000E+00
 0.0000E+00 1.2741E-03 1.9957E-02 4.9575E-02 7.3213E-02 1.0003E-01 8.8554E-02 1.0350E-01 8.4244E-02 8.4085E-02 9.5381E-02 1.1209E-01 9.5870E-02 9.3784E-02 7.3007E-02 6.1005E-02 0.0000E+00 8.9199E-02 1.0103E-01 1.1445E-01 9.7529E-02 7.9507E-02 4.6660E-02 6.4778E-03 0.0000E+00
 0.0000E+00 1.3320E-03 2.0089E-02 4.8480E-02 7.0608E-02 9.5628E-02 8.8443E-02 1.0206E-01 8.6636E-02 8.4164E-02 9.7268E-02 1.0864E-01 9.3588E-02 9.3343E-02 7.4087E-02 6.0639E-02 0.0000E+00 8.9755E-02 9.9137E-02 1.1642E-01 9.4801E-02 7.6426E-02 4.7315E-02 7.2058E-03 0.0000E+00
 0.0000E+00 9.7625E-04 1.9526E-02 4.9119E-02 7.2980E-02 9.5484E-02 8.6087E-02 1.0269E-01 8.3380E-02 8.4498E-02 9.5998E-02 1.0895E-01 9.3809E-02 9.5270E-02 7.3661E-02 5.7644E-02 0.0000E+00 8.8795E-02 9.9970E-02 1.1587E-01 9.3951E-02 7.7072E-02 4.6320E-02 6.8501E-03 0.0000E+00
 0.0000E+00 1.1665E-03 1.8947E-02 4.9185E-02 7.0533E-02 9.6343E-02 8.8734E-02 1.0269E-01 8.6644E-02 8.3567E-02 9.5526E-02 1.0832E-01 9.2073E-02 9.6257E-02 7.2111E-02 5.9824E-02 0.0000E+00 8.6740E-02 1.0188E-01 1.1032E-01 9.3615E-02 7.6132E-02 4.6171E-02 7.0321E-03 0.0000E+00
 0.0000E+00 1.4230E-03 1.8823E-02 4.8107E-02 7.3471E-02 9.5569E-02 8.9400E-02 1.0155E-01 8.4873E-02 8.2169E-02 9.8611E-02 1.0759E-01 9.2999E-02 9.5603E-02 7.5083E-02 5.8337E-02 0.0000E+00 8.8896E-02 9.9161E-02 1.1565E-01 9.5226E-02 7.6971E-02 4.4754E-02 6.9328E-03 0.0000E+00
 0.0000E+00 9.9280E-04 1.8194E-02 4.7900E-02 7.2581E-02 9.6965E-02 8.6651E-02 1.0163E-01 8.3328E-02 8.4718E-02 9.4364E-02 1.0570E-01 9.5502E-02 9.5222E-02 7.3007E-02 5.7766E-02 0.0000E+00 8.7245E-02 1.0173E-01 1.1808E-01 9.4969E-02 7.6358E-02 4.5143E-02 6.5853E-03 0.0000E+00
 0.0000E+00 1.0507E-03 1.8227E-02 4.7129E-02 7.1058E-02 9.5535E-02 8.6873E-02 1.0185E-01 8.1626E-02 8.3083E-02 9.4637E-02 1.0819E-01 9.2189E-02 9.3367E-02 7.1599E-02 5.9253E-02 0.0000E+00 8.5072E-02 9.9970E-02 1.1261E-01 9.5793E-02 7.8684E-02 4.5831E-02 5.7580E-03 0.0000E+00
 0.0000E+00 9.4316E-04 1.7747E-02 4.7029E-02 6.9468E-02 9.4727E-02 8.6839E-02 1.0005E-01 8.2743E-02 8.3057E-02 9.4936E-02 1.0572E-01 9.2315E-02 9.3712E-02 7.1926E-02 5.8520E-02 0.0000E+00 8.9738E-02 1.0248E-01 1.1146E-01 9.2995E-02 7.5300E-02 4.4513E-02 6.8004E-03 0.0000E+00
 0.0000E+00 1.0507E-03 1.7978E-02 4.5479E-02 6.8727E-02 9.3146E-02 8.4551E-02 9.8811E-02 8.1844E-02 8.2503E-02 9.3684E-02 1.0692E-01 9.3262E-02 9.3498E-02 7.2495E-02 6.0272E-02 0.0000E+00 8.4483E-02 1.0124E-01 1.1221E-01 9.1578E-02 7.5023E-02 4.4505E-02 6.7094E-03 0.0000E+00
 0.0000E+00 9.5970E-04 1.8086E-02 4.6325E-02 6.7962E-02 9.3625E-02 8.3799E-02 9.8941E-02 8.1460E-02 8.2705E-02 9.5462E-02 1.0544E-01 9.2904E-02 8.9669E-02 7.2594E-02 5.7787E-02 0.0000E+00 8.5072E-02 9.7483E-02 1.1073E-01 9.2189E-02 7.5099E-02 4.5748E-02 6.4778E-03 0.0000E+00
 0.0000E+00 1.0755E-03 1.8111E-02 4.5570E-02 6.8228E-02 9.2456E-02 8.6173E-02 9.8959E-02 8.3363E-02 7.9954E-02 9.1896E-02 1.0553E-01 9.0159E-02 9.2880E-02 7.1670E-02 5.8092E-02 0.0000E+00 8.6588E-02 9.8123E-02 1.1481E-01 9.4252E-02 7.5729E-02 4.4124E-02 6.1800E-03 0.0000E+00
 0.0000E+00 9.6798E-04 1.7664E-02 4.5861E-02 6.8203E-02 9.3819E-02 8.4585E-02 9.7607E-02 8.0762E-02 8.2116E-02 9.1841E-02 1.0659E-01 9.3819E-02 9.2107E-02 7.3860E-02 5.9742E-02 0.0000E+00 8.5106E-02 9.8847E-02 1.1332E-01 9.3367E-02 7.2832E-02 4.4414E-02 6.4282E-03 0.0000E+00
 0.0000E+00 1.0507E-03 1.7374E-02 4.5852E-02 6.9335E-02 9.1968E-02 8.3219E-02 1.0004E-01 8.0736E-02 8.1070E-02 9.2213E-02 1.0477E-01 9.0916E-02 9.3950E-02 7.0475E-02 6.1596E-02 0.0000E+00 8.5780E-02 9.9077E-02 1.1138E-01 9.1932E-02 7.2269E-02 4.2748E-02 6.3206E-03 0.0000E+00
 0.0000E+00 8.0251E-04 1.7325E-02 4.4004E-02 6.7146E-02 9.2195E-02 8.1793E-02 9.7529E-02 7.9540E-02 8.3962E-02 9.2458E-02 1.0458E-01 9.0159E-02 8.9407E-02 6.9267E-02 5.8215E-02 0.0000E+00 8.6386E-02 1.0270E-01 1.1092E-01 9.1542E-02 7.4444E-02 4.1604E-02 5.7332E-03 0.0000E+00
 0.0000E+00 1.0755E-03 1.7291E-02 4.4410E-02 6.6023E-02 8.8703E-02 8.5566E-02 9.7624E-02 8.1129E-02 8.0938E-02 9.1106E-02 1.0622E-01 9.0643E-02 9.2452E-02 7.2566E-02 6.3062E-02 0.0000E+00 8.7245E-02 9.7217E-02 1.0881E-01 9.0055E-02 7.2085E-02 4.2864E-02 5.7249E-03 0.0000E+00
 0.0000E+00 6.4532E-04 1.7076E-02 4.4766E-02 6.6855E-02 8.9612E-02 8.1870E-02 9.8005E-02 7.9828E-02 7.8732E-02 9.1006E-02 1.0636E-01 9.1127E-02 9.0989E-02 7.3120E-02 5.9213E-02 0.0000E+00 8.7969E-02 9.6928E-02 1.1190E-01 9.1657E-02 7.1455E-02 4.2350E-02 5.7663E-03 0.0000E+00
 0.0000E+00 1.0259E-03 1.6935E-02 4.3838E-02 6.6447E-02 9.1177E-02 8.3910E-02 9.8369E-02 7.8371E-02 8.0314E-02 9.1478E-02 1.0346E-01 8.9423E-02 9.0715E-02 7.2338E-02 5.9763E-02 0.0000E+00 8.5679E-02 9.6372E-02 1.0786E-01 8.9479E-02 7.3143E-02 4.0684E-02 5.9980E-03 0.0000E+00
 0.0000E+00 1.1914E-03 1.6530E-02 4.3233E-02 6.6813E-02 8.8224E-02 8.0239E-02 9.6419E-02 8.0649E-02 7.8706E-02 9.1968E-02 1.0308E-01 8.7677E-02 9.2749E-02 7.3476E-02 6.0150E-02 0.0000E+00 8.5544E-02 9.8401E-02 1.0889E-01 8.9638E-02 7.1371E-02 4.1935E-02 5.2782E-03 0.0000E+00
 0.0000E+00 8.8524E-04 1.5512E-02 4.4294E-02 6.4699E-02 8.7248E-02 8.2621E-02 9.5154E-02 7.8720E-02 7.9620E-02 9.1996E-02 1.0307E-01 9.0580E-02 9.1464E-02 6.7887E-02 6.0353E-02 0.0000E+00 8.5965E-02 9.8980E-02 1.0735E-01 9.0214E-02 7.1740E-02 3.8935E-02 5.2617E-03 0.0000E+00
 0.0000E+00 9.2661E-04 1.5901E-02 4.3597E-02 6.4350E-02 8.7391E-02 7.8805E-02 9.5171E-02 7.9663E-02 7.8926E-02 8.8928E-02 1.0245E-01 9.0453E-02 8.9847E-02 6.9068E-02 5.6646E-02 0.0000E+00 8.4584E-02 9.7833E-02 1.0842E-01 8.6999E-02 6.8953E-02 4.0932E-02 5.4354E-03 0.0000E+00
 0.0000E+00 8.6042E-04 1.5561E-02 4.1956E-02 6.3892E-02 8.5060E-02 8.0171E-02 9.0951E-02 7.8746E-02 7.8548E-02 8.9745E-02 1.0401E-01 8.9486E-02 9.1250E-02 6.8655E-02 6.0129E-02 0.0000E+00 8.3557E-02 9.7579E-02 1.0797E-01 8.8106E-02 7.1320E-02 4.0261E-02 5.1789E-03 0.0000E+00
 0.0000E+00 9.1006E-04 1.5669E-02 4.2362E-02 6.3002E-02 8.7147E-02 8.0111E-02 9.5397E-02 7.7306E-02 7.9936E-02 8.8084E-02 1.0122E-01 9.1400E-02 9.0917E-02 7.0191E-02 5.8581E-02 0.0000E+00 8.2782E-02 9.5213E-02 1.0525E-01 8.9984E-02 7.0783E-02 3.8346E-02 5.3278E-03 0.0000E+00
 0.0000E+00 1.1665E-03 1.5338E-02 4.2470E-02 6.3318E-02 8.3924E-02 8.0419E-02 9.4963E-02 7.7472E-02 7.8090E-02 8.8729E-02 1.0229E-01 9.0916E-02 8.9038E-02 7.1215E-02 5.7420E-02 0.0000E+00 8.3759E-02 9.7905E-02 1.0992E-01 8.5503E-02 7.1043E-02 4.1338E-02 5.2699E-03 0.0000E+00
 0.0000E+00 9.1834E-04 1.4759E-02 4.0978E-02 6.2677E-02 8.7374E-02 7.8114E-02 9.3871E-02 7.7586E-02 7.6482E-02 8.9917E-02 1.0040E-01 8.8760E-02 8.8991E-02 7.0290E-02 5.7339E-02 0.0000E+00 8.0491E-02 9.3450E-02 1.0683E-01 8.9408E-02 7.0682E-02 3.9482E-02 5.6257E-03 0.0000E+00
 0.0000E+00 7.7769E-04 1.5810E-02 3.9933E-02 6.3110E-02 8.4884E-02 7.9556E-02 9.3646E-02 7.7280E-02 7.8679E-02 8.5543E-02 9.9115E-02 8.9170E-02 9.0109E-02 7.0305E-02 5.9172E-02 0.0000E+00 8.3102E-02 9.8908E-02 1.0756E-01 8.7557E-02 6.8978E-02 3.8893E-02 5.1458E-03 0.0000E+00
 0.0000E+00 8.1078E-04 1.4585E-02 4.1127E-02 6.1179E-02 8.4168E-02 7.6654E-02 9.3724E-02 7.6896E-02 7.5489E-02 8.8638E-02 1.0043E-01 8.8213E-02 9.0680E-02 6.8826E-02 5.7950E-02 0.0000E+00 8.1367E-02 9.6867E-02 1.0619E-01 8.7398E-02 6.9456E-02 3.8495E-02 5.3609E-03 0.0000E+00
 0.0000E+00 6.1223E-04 1.5255E-02 4.2545E-02 6.1770E-02 8.3075E-02 7.9403E-02 9.3074E-02 7.4304E-02 7.7897E-02 8.6451E-02 1.0056E-01 8.7035E-02 9.0204E-02 7.0433E-02 5.8805E-02 0.0000E+00 8.0104E-02 9.4754E-02 1.0746E-01 8.7230E-02 6.8625E-02 3.8702E-02 5.2368E-03 0.0000E+00
 0.0000E+00 8.1906E-04 1.4924E-02 3.9527E-02 6.1262E-02 8.3630E-02 7.9360E-02 9.5102E-02 7.6669E-02 7.7141E-02 8.5852E-02 9.7132E-02 8.7498E-02 9.1453E-02 7.0945E-02 5.8581E-02 0.0000E+00 8.1839E-02 9.5442E-02 1.0546E-01 8.6574E-02 6.7534E-02 3.8495E-02 5.2286E-03 0.0000E+00
 0.0000E+00 8.7697E-04 1.4601E-02 3.9859E-02 6.1712E-02 8.2864E-02 7.7943E-02 9.2199E-02 7.6748E-02 7.6587E-02 8.7231E-02 1.0019E-01 8.8897E-02 9.0525E-02 6.8598E-02 5.7991E-02 0.0000E+00 8.0676E-02 9.2786E-02 1.0377E-01 8.6309E-02 6.8583E-02 3.7650E-02 5.3527E-03 0.0000E+00
 0.0000E+00 8.9352E-04 1.4353E-02 4.0298E-02 6.1146E-02 8.1653E-02 7.9121E-02 9.2632E-02 7.5107E-02 7.4601E-02 8.8756E-02 1.0084E-01 8.6351E-02 8.9835E-02 6.8826E-02 5.8724E-02 0.0000E+00 8.0744E-02 9.3704E-02 1.0533E-01 8.4015E-02 6.7634E-02 3.7409E-02 5.1127E-03 0.0000E+00
 0.0000E+00 6.3705E-04 1.5371E-02 3.8822E-02 5.9764E-02 8.1585E-02 7.7875E-02 9.0587E-02 7.5744E-02 7.5955E-02 8.5216E-02 9.9924E-02 8.9181E-02 8.8515E-02 6.9380E-02 5.7074E-02 0.0000E+00 8.1586E-02 9.5467E-02 1.0411E-01 8.4343E-02 6.8239E-02 3.7824E-02 5.0383E-03 0.0000E+00
 0.0000E+00 8.0251E-04 1.4303E-02 3.9096E-02 5.9464E-02 8.0963E-02 7.5629E-02 9.1557E-02 7.4566E-02 7.5805E-02 8.8184E-02 9.8393E-02 8.8076E-02 9.0049E-02 6.9153E-02 5.7196E-02 0.0000E+00 7.8302E-02 9.3499E-02 1.0478E-01 8.4192E-02 6.9515E-02 3.7476E-02 4.5750E-03 0.0000E+00
 0.0000E+00 7.6114E-04 1.4121E-02 3.9030E-02 5.7817E-02 8.0710E-02 7.6065E-02 9.1670E-02 7.5203E-02 7.6157E-02 8.5216E-02 9.7738E-02 8.6362E-02 9.2416E-02 6.8342E-02 5.7705E-02 0.0000E+00 8.0592E-02 9.2352E-02 1.0414E-01 8.4174E-02 6.7601E-02 3.6605E-02 4.7322E-03 0.0000E+00
 0.0000E+00 6.6187E-04 1.4585E-02 3.8963E-02 5.9797E-02 8.1190E-02 7.6449E-02 9.0084E-02 7.4863E-02 7.4126E-02 8.5416E-02 9.8576E-02 8.6951E-02 8.7266E-02 7.1286E-02 5.7176E-02 0.0000E+00 7.9986E-02 9.4320E-02 1.0576E-01 8.3368E-02 6.7030E-02 3.5834E-02 4.7239E-03 0.0000E+00
 0.0000E+00 8.1078E-04 1.3724E-02 3.6269E-02 5.6776E-02 7.8733E-02 7.6842E-02 9.0396E-02 7.6163E-02 7.4952E-02 8.6551E-02 9.6285E-02 8.5994E-02 9.1964E-02 6.8314E-02 5.8174E-02 0.0000E+00 8.0879E-02 9.5346E-02 1.0206E-01 8.3643E-02 6.6887E-02 3.6216E-02 4.6412E-03 0.0000E+00
 0.0000E+00 8.3560E-04 1.4419E-02 3.8283E-02 5.8865E-02 7.9785E-02 7.4835E-02 9.1878E-02 7.4985E-02 7.4082E-02 8.6396E-02 9.6564E-02 8.5342E-02 8.7540E-02 6.7645E-02 5.6442E-02 0.0000E+00 7.8335E-02 9.7205E-02 1.0312E-01 8.5892E-02 6.5460E-02 3.5039E-02 5.3857E-03 0.0000E+00
 0.0000E+00 5.9568E-04 1.3608E-02 3.7910E-02 5.8208E-02 8.0845E-02 7.5032E-02 9.0041E-02 7.3449E-02 7.2324E-02 8.4536E-02 9.6679E-02 8.6309E-02 8.7112E-02 6.8698E-02 5.6748E-02 0.0000E+00 7.9262E-02 9.1603E-02 1.0135E-01 8.5432E-02 6.7458E-02 3.6216E-02 4.2275E-03 0.0000E+00
 0.0000E+00 8.8524E-04 1.3045E-02 3.6062E-02 5.8324E-02 7.6453E-02 7.4989E-02 8.8004E-02 7.1712E-02 7.3528E-02 8.6124E-02 9.7074E-02 8.4490E-02 8.7183E-02 6.7347E-02 5.4569E-02 0.0000E+00 7.8318E-02 9.0323E-02 1.0143E-01 8.2580E-02 6.5636E-02 3.4550E-02 4.6743E-03 0.0000E+00
 0.0000E+00 7.7769E-04 1.4585E-02 3.7131E-02 5.6635E-02 7.7496E-02 7.6338E-02 8.8012E-02 7.3100E-02 7.5497E-02 8.3120E-02 9.7363E-02 8.5047E-02 8.8194E-02 6.7475E-02 5.8683E-02 0.0000E+00 8.1653E-02 9.3619E-02 1.0205E-01 8.1243E-02 6.5191E-02 3.4309E-02 4.4840E-03 0.0000E+00
 0.0000E+00 5.9568E-04 1.3633E-02 3.7330E-02 5.5553E-02 7.7698E-02 7.4263E-02 8.7111E-02 6.9408E-02 7.2298E-02 8.2821E-02 9.5649E-02 8.3112E-02 8.7278E-02 6.7432E-02 5.6626E-02 0.0000E+00 7.7746E-02 9.2448E-02 1.0152E-01 8.1704E-02 6.2261E-02 3.3712E-02 4.2275E-03 0.0000E+00
 0.0000E+00 8.3560E-04 1.2457E-02 3.7148E-02 5.5478E-02 7.8944E-02 7.4878E-02 8.7778E-02 7.1119E-02 7.1964E-02 8.3256E-02 9.6728E-02 8.5384E-02 8.7124E-02 6.7105E-02 5.7033E-02 0.0000E+00 7.7982E-02 9.2617E-02 1.0207E-01 7.9985E-02 6.4528E-02 3.3033E-02 4.3433E-03 0.0000E+00
 0.0000E+00 7.7769E-04 1.3575E-02 3.5664E-02 5.5694E-02 7.7715E-02 7.4093E-02 8.6062E-02 7.3876E-02 7.4469E-02 8.2022E-02 9.6448E-02 8.4679E-02 8.9169E-02 6.7219E-02 5.6768E-02 0.0000E+00 7.8015E-02 9.3221E-02 1.0013E-01 8.3014E-02 6.4242E-02 3.4533E-02 4.7487E-03 0.0000E+00
 0.0000E+00 7.5287E-04 1.3111E-02 3.6368E-02 5.5345E-02 7.6428E-02 7.5168E-02 8.6210E-02 7.0586E-02 7.0294E-02 8.0788E-02 9.2453E-02 8.4532E-02 8.5197E-02 6.8669E-02 5.8887E-02 0.0000E+00 7.9919E-02 9.1108E-02 1.0021E-01 8.0880E-02 6.1261E-02 3.5354E-02 4.5005E-03 0.0000E+00
 0.0000E+00 5.9568E-04 1.3244E-02 3.4470E-02 5.5095E-02 7.5503E-02 7.3171E-02 8.6591E-02 6.9321E-02 7.3089E-02 8.2376E-02 9.2165E-02 8.3859E-02 8.7243E-02 6.7717E-02 5.7950E-02 0.0000E+00 7.6483E-02 9.1011E-02 1.0262E-01 8.1402E-02 6.2848E-02 3.2800E-02 4.1531E-03 0.0000E+00
 0.0000E+00 6.1223E-04 1.2424E-02 3.5042E-02 5.4138E-02 7.4148E-02 7.3324E-02 8.5707E-02 7.0944E-02 7.0944E-02 8.0261E-02 9.4302E-02 8.4900E-02 8.6030E-02 6.8143E-02 5.6015E-02 0.0000E+00 7.4765E-02 8.9442E-02 9.8907E-02 8.0871E-02 6.2244E-02 3.2038E-02 4.2193E-03 0.0000E+00
 0.0000E+00 5.1295E-04 1.2714E-02 3.4710E-02 5.3073E-02 7.4813E-02 7.3837E-02 8.3887E-02 7.1276E-02 7.1674E-02 8.0171E-02 9.2684E-02 8.4753E-02 8.5031E-02 6.8868E-02 5.6972E-02 0.0000E+00 7.6045E-02 9.0854E-02 9.9474E-02 8.0074E-02 6.2546E-02 3.3182E-02 4.2193E-03 0.0000E+00
 0.0000E+00 4.2194E-04 1.2267E-02 3.5498E-02 5.4213E-02 7.2920E-02 7.1079E-02 8.5352E-02 7.1197E-02 7.0408E-02 7.9762E-02 9.2184E-02 8.0809E-02 8.4638E-02 6.8214E-02 5.4833E-02 0.0000E+00 7.7409E-02 9.2001E-02 9.9275E-02 7.9056E-02 6.2235E-02 3.2328E-02 3.8883E-03 0.0000E+00
 0.0000E+00 7.4460E-04 1.2656E-02 3.4495E-02 5.1417E-02 7.2987E-02 7.3188E-02 8.5776E-02 7.0682E-02 7.0505E-02 8.3020E-02 9.5813E-02 8.4069E-02 8.5364E-02 6.4446E-02 5.7766E-02 0.0000E+00 7.6415E-02 9.1301E-02 1.0156E-01 8.0428E-02 6.0329E-02 3.2610E-02 4.1531E-03 0.0000E+00
 0.0000E+00 6.4532E-04 1.1969E-02 3.2812E-02 5.3397E-02 7.2861E-02 6.9525E-02 8.2388E-02 6.9103E-02 6.9793E-02 8.0733E-02 9.1471E-02 8.3238E-02 8.7076E-02 6.8783E-02 5.2919E-02 0.0000E+00 7.5405E-02 8.9080E-02 9.8807E-02 8.1358E-02 6.0825E-02 3.3472E-02 4.0207E-03 0.0000E+00
 0.0000E+00 6.2050E-04 1.1530E-02 3.4354E-02 5.2057E-02 7.2297E-02 7.1583E-02 8.4849E-02 7.0578E-02 6.9265E-02 7.9989E-02 9.2251E-02 8.2292E-02 8.5352E-02 6.6821E-02 5.7461E-02 0.0000E+00 7.8588E-02 8.9225E-02 9.7930E-02 7.9268E-02 6.1438E-02 3.2519E-02 3.7394E-03 0.0000E+00
 0.0000E+00 6.2877E-04 1.1861E-02 3.4147E-02 5.1650E-02 7.1691E-02 7.0507E-02 8.3757E-02 6.8265E-02 6.9722E-02 8.1205E-02 9.2126E-02 8.3364E-02 8.9300E-02 6.8214E-02 5.7563E-02 0.0000E+00 7.4765E-02 8.8790E-02 9.9604E-02 7.8099E-02 6.0951E-02 3.1541E-02 3.9711E-03 0.0000E+00
 0.0000E+00 6.2050E-04 1.2888E-02 3.3094E-02 5.1267E-02 7.1632E-02 7.1207E-02 8.4164E-02 6.9181E-02 6.9977E-02 8.0071E-02 9.1414E-02 8.3091E-02 8.6196E-02 6.6807E-02 5.8174E-02 0.0000E+00 7.5337E-02 8.9550E-02 9.5081E-02 7.7896E-02 5.9112E-02 3.0339E-02 4.0786E-03 0.0000E+00
 0.0000E+00 6.7841E-04 1.2135E-02 3.3616E-02 5.2415E-02 7.0614E-02 7.0584E-02 8.4892E-02 7.0054E-02 6.9046E-02 7.9581E-02 9.2030E-02 8.3785E-02 8.6505E-02 6.5740E-02 5.4202E-02 0.0000E+00 7.5607E-02 8.7595E-02 9.9315E-02 7.8321E-02 5.8759E-02 3.1980E-02 4.0703E-03 0.0000E+00
 0.0000E+00 7.5287E-04 1.1150E-02 3.2779E-02 5.0410E-02 7.0429E-02 6.9039E-02 8.1946E-02 6.9696E-02 6.8492E-02 8.2122E-02 9.0008E-02 8.2576E-02 8.4840E-02 6.5882E-02 5.6789E-02 0.0000E+00 7.6213E-02 8.8090E-02 9.9086E-02 7.8020E-02 5.8087E-02 3.1317E-02 3.8966E-03 0.0000E+00
 0.0000E+00 6.1223E-04 1.0943E-02 3.3251E-02 4.9760E-02 6.8275E-02 6.9030E-02 8.4294E-02 6.8055E-02 6.9151E-02 7.7648E-02 8.9315E-02 8.4132E-02 8.5257E-02 6.3052E-02 5.7278E-02 0.0000E+00 7.4243E-02 8.8271E-02 9.5549E-02 7.5903E-02 6.0229E-02 3.0189E-02 3.5491E-03 0.0000E+00
 0.0000E+00 5.7913E-04 1.0893E-02 3.1958E-02 5.2257E-02 7.0555E-02 6.8544E-02 8.1209E-02 7.0141E-02 6.9098E-02 7.6359E-02 9.0336E-02 8.0945E-02 8.4852E-02 6.6366E-02 5.2328E-02 0.0000E+00 7.5169E-02 8.9647E-02 9.5399E-02 7.6824E-02 5.8784E-02 2.9982E-02 3.7146E-03 0.0000E+00
 0.0000E+00 3.8057E-04 1.1406E-02 3.1859E-02 5.0859E-02 7.0841E-02 6.7340E-02 8.2119E-02 6.8274E-02 6.6945E-02 7.7775E-02 8.9806E-02 7.8926E-02 8.4995E-02 6.4773E-02 5.5159E-02 0.0000E+00 7.4630E-02 8.8573E-02 9.5509E-02 7.6983E-02 5.8616E-02 3.0620E-02 3.4995E-03 0.0000E+00
 0.0000E+00 5.1295E-04 1.0736E-02 3.2265E-02 5.0484E-02 6.9478E-02 6.7588E-02 8.2769E-02 6.9295E-02 6.8861E-02 7.7303E-02 8.9046E-02 8.1429E-02 8.5602E-02 6.4389E-02 5.5526E-02 0.0000E+00 7.4040E-02 8.6109E-02 9.5509E-02 7.6142E-02 5.8205E-02 2.9410E-02 3.2099E-03 0.0000E+00
 0.0000E+00 5.4604E-04 1.0429E-02 3.0499E-02 4.7771E-02 6.8259E-02 6.6939E-02 8.1287E-02 6.8317E-02 6.7841E-02 7.4825E-02 9.1000E-02 8.0209E-02 8.4174E-02 6.5868E-02 5.6157E-02 0.0000E+00 7.0200E-02 8.6230E-02 9.4901E-02 7.7497E-02 5.7147E-02 2.9236E-02 3.6070E-03 0.0000E+00
 0.0000E+00 5.9568E-04 1.1265E-02 3.1353E-02 4.8837E-02 6.7905E-02 6.7451E-02 8.1790E-02 6.5542E-02 6.8887E-02 7.9200E-02 8.9171E-02 8.1734E-02 8.5649E-02 6.5982E-02 5.6341E-02 0.0000E+00 7.2154E-02 8.7715E-02 9.4722E-02 7.5522E-02 5.9683E-02 2.9866E-02 3.3754E-03 0.0000E+00
 0.0000E+00 4.7985E-04 1.1075E-02 3.0499E-02 4.8287E-02 6.8343E-02 6.9551E-02 8.0897E-02 6.6057E-02 6.6373E-02 7.5624E-02 8.8526E-02 7.7853E-02 8.5126E-02 6.5512E-02 5.6524E-02 0.0000E+00 7.4445E-02 8.9007E-02 9.4323E-02 7.5088E-02 5.7617E-02 2.8614E-02 3.4995E-03 0.0000E+00
 0.0000E+00 6.5359E-04 1.0173E-02 3.0532E-02 4.8703E-02 6.5011E-02 6.7844E-02 7.8124E-02 6.5882E-02 6.6189E-02 7.5597E-02 8.7804E-02 8.1114E-02 8.0286E-02 6.3607E-02 5.5668E-02 0.0000E+00 7.2137E-02 8.8657E-02 9.5051E-02 7.4645E-02 5.7676E-02 2.8672E-02 3.2017E-03 0.0000E+00
 0.0000E+00 5.5431E-04 1.0835E-02 3.0259E-02 4.7405E-02 6.5465E-02 6.6042E-02 7.7968E-02 6.9967E-02 6.6646E-02 7.7602E-02 9.1962E-02 7.8873E-02 8.6446E-02 6.5313E-02 5.5730E-02 0.0000E+00 7.1986E-02 8.7546E-02 9.1882E-02 7.4017E-02 5.7088E-02 2.8805E-02 3.4747E-03 0.0000E+00
 0.0000E+00 5.6259E-04 1.0264E-02 2.9960E-02 4.7447E-02 6.6904E-02 6.5445E-02 7.7794E-02 6.4399E-02 6.5319E-02 7.4680E-02 8.8266E-02 7.9851E-02 8.2652E-02 6.5328E-02 5.5119E-02 0.0000E+00 7.2626E-02 8.6266E-02 9.4513E-02 7.4840E-02 5.5384E-02 2.8026E-02 3.5326E-03 0.0000E+00
 0.0000E+00 5.5431E-04 1.1299E-02 2.9380E-02 4.7921E-02 6.4212E-02 6.5265E-02 7.9666E-02 6.6153E-02 6.7446E-02 7.4508E-02 8.8930E-02 7.8926E-02 8.2724E-02 6.4545E-02 5.5465E-02 0.0000E+00 7.0689E-02 8.4311E-02 9.5459E-02 7.3308E-02 5.6652E-02 2.8963E-02 3.4333E-03 0.0000E+00
 0.0000E+00 4.7985E-04 1.0835E-02 3.0085E-02 4.6947E-02 6.5676E-02 6.5009E-02 7.7231E-02 6.5298E-02 6.4607E-02 7.5397E-02 8.8256E-02 7.9925E-02 8.2688E-02 6.4474E-02 5.6422E-02 0.0000E+00 7.2457E-02 8.6918E-02 9.4323E-02 7.4043E-02 5.5543E-02 2.9095E-02 3.5409E-03 0.0000E+00
 0.0000E+00 5.0467E-04 1.0347E-02 3.0192E-02 4.7031E-02 6.5322E-02 6.5018E-02 7.9051E-02 6.4399E-02 6.5951E-02 7.3618E-02 8.8102E-02 7.8558E-02 8.3390E-02 6.3308E-02 5.4609E-02 0.0000E+00 7.2710E-02 8.7776E-02 9.4124E-02 7.4690E-02 5.6156E-02 2.8059E-02 3.6980E-03 0.0000E+00
 0.0000E+00 6.5359E-04 1.0181E-02 2.7482E-02 4.5899E-02 6.2739E-02 6.5308E-02 7.8054E-02 6.4355E-02 6.4220E-02 7.5107E-02 8.8044E-02 7.9010E-02 8.4210E-02 6.4275E-02 5.5017E-02 0.0000E+00 7.0722E-02 8.5723E-02 9.2331E-02 7.2051E-02 5.5233E-02 2.8382E-02 3.1603E-03 0.0000E+00
 0.0000E+00 7.6114E-04 1.0405E-02 2.8385E-02 4.7180E-02 6.4010E-02 6.4804E-02 7.7283E-02 6.2793E-02 6.7797E-02 7.5451E-02 8.5195E-02 7.8516E-02 8.0964E-02 6.4290E-02 5.4426E-02 0.0000E+00 7.2643E-02 8.3236E-02 9.1593E-02 7.4158E-02 5.4091E-02 2.6915E-02 3.4168E-03 0.0000E+00
 0.0000E+00 4.7985E-04 1.0223E-02 2.8078E-02 4.5649E-02 6.4153E-02 6.4617E-02 7.6780E-02 6.2854E-02 6.5943E-02 7.3945E-02 8.7765E-02 7.5907E-02 7.9988E-02 6.4105E-02 5.4039E-02 0.0000E+00 7.3603E-02 8.3852E-02 9.1085E-02 7.4353E-02 5.4922E-02 2.6567E-02 3.1851E-03 0.0000E+00
 0.0000E+00 5.5431E-04 1.0272E-02 2.8120E-02 4.6140E-02 6.3160E-02 6.3976E-02 7.7595E-02 6.5263E-02 6.3930E-02 7.3128E-02 8.5128E-02 7.9273E-02 7.8216E-02 6.4147E-02 5.3020E-02 0.0000E+00 7.0150E-02 8.4033E-02 9.1982E-02 7.2919E-02 5.4452E-02 2.6874E-02 3.2099E-03 0.0000E+00
 0.0000E+00 5.1295E-04 9.9494E-03 2.8808E-02 4.5699E-02 6.2310E-02 6.2670E-02 7.5991E-02 6.4250E-02 6.4167E-02 7.2484E-02 8.4983E-02 7.8211E-02 8.2617E-02 6.3280E-02 5.3876E-02 0.0000E+00 7.1211E-02 8.3719E-02 9.3785E-02 7.4734E-02 5.3503E-02 2.6260E-02 3.4499E-03 0.0000E+00
 0.0000E+00 3.7230E-04 9.9659E-03 2.8427E-02 4.5125E-02 6.2823E-02 6.4335E-02 7.5385E-02 6.2749E-02 6.4809E-02 7.5107E-02 8.5022E-02 7.4666E-02 8.1844E-02 6.2697E-02 5.5200E-02 0.0000E+00 7.0571E-02 8.2427E-02 9.2958E-02 7.1280E-02 5.5778E-02 2.6990E-02 3.2679E-03 0.0000E+00
 0.0000E+00 6.1223E-04 9.3865E-03 2.7996E-02 4.6107E-02 6.1402E-02 6.2056E-02 7.4327E-02 6.3936E-02 6.4440E-02 7.2448E-02 8.7659E-02 7.7580E-02 8.0833E-02 6.4133E-02 5.4426E-02 0.0000E+00 7.0655E-02 8.2729E-02 9.1554E-02 7.1626E-02 5.4099E-02 2.6650E-02 3.1272E-03 0.0000E+00
 0.0000E+00 5.3777E-04 9.7424E-03 2.7730E-02 4.4284E-02 6.2091E-02 6.4326E-02 7.5272E-02 6.3133E-02 6.4941E-02 7.2547E-02 8.4771E-02 7.5981E-02 8.0726E-02 6.1787E-02 5.6096E-02 0.0000E+00 7.3215E-02 8.3574E-02 9.0079E-02 7.1758E-02 5.4267E-02 2.6012E-02 3.2844E-03 0.0000E+00
 0.0000E+00 5.2122E-04 9.8997E-03 2.6628E-02 4.3943E-02 6.1385E-02 6.1535E-02 7.4319E-02 6.2034E-02 6.4264E-02 7.0442E-02 8.4723E-02 7.6317E-02 8.3021E-02 6.2882E-02 5.5668E-02 0.0000E+00 7.1059E-02 8.2524E-02 8.9790E-02 7.0156E-02 5.4334E-02 2.5846E-02 3.0197E-03 0.0000E+00
 0.0000E+00 5.0467E-04 9.4527E-03 2.7639E-02 4.5283E-02 5.9424E-02 6.0843E-02 7.4215E-02 6.1108E-02 6.3534E-02 7.2656E-02 8.4945E-02 7.6696E-02 7.8787E-02 6.0848E-02 5.5343E-02 0.0000E+00 7.0807E-02 8.3731E-02 9.1155E-02 6.9801E-02 5.2554E-02 2.4967E-02 3.2927E-03 0.0000E+00
 0.0000E+00 4.6331E-04 9.2541E-03 2.6586E-02 4.3885E-02 6.1326E-02 6.2115E-02 7.6208E-02 6.2548E-02 6.3394E-02 7.0878E-02 8.2654E-02 7.5823E-02 8.1844E-02 6.5043E-02 5.3570E-02 0.0000E+00 6.8516E-02 8.1860E-02 8.9411E-02 6.8809E-02 5.1437E-02 2.5821E-02 3.0941E-03 0.0000E+00
 0.0000E+00 5.2949E-04 9.4114E-03 2.6404E-02 4.3360E-02 6.0636E-02 6.1287E-02 7.2299E-02 6.3648E-02 6.2901E-02 7.1150E-02 8.2673E-02 7.4719E-02 7.9001E-02 6.1118E-02 5.4141E-02 0.0000E+00 6.8718E-02 8.2487E-02 8.9212E-02 7.0040E-02 5.0942E-02 2.5133E-02 3.1355E-03 0.0000E+00
 0.0000E+00 4.4676E-04 9.3617E-03 2.6014E-02 4.2079E-02 5.8465E-02 6.2346E-02 7.2481E-02 6.1545E-02 6.3139E-02 7.1168E-02 8.1787E-02 7.4151E-02 7.7753E-02 6.2000E-02 5.3367E-02 0.0000E+00 7.0167E-02 8.2125E-02 8.8724E-02 6.9385E-02 5.0883E-02 2.4660E-02 2.7136E-03 0.0000E+00
 0.0000E+00 3.7230E-04 9.0803E-03 2.6528E-02 4.4234E-02 5.9206E-02 5.9725E-02 7.2776E-02 6.1484E-02 6.3341E-02 7.1685E-02 8.3568E-02 7.4834E-02 7.8549E-02 6.2668E-02 5.3122E-02 0.0000E+00 6.9038E-02 7.9988E-02 9.3158E-02 7.0501E-02 5.1782E-02 2.4594E-02 2.9452E-03 0.0000E+00
 0.0000E+00 4.9640E-04 9.2210E-03 2.6114E-02 4.2561E-02 5.6715E-02 6.0357E-02 7.1233E-02 5.9991E-02 6.2541E-02 6.9471E-02 8.3578E-02 7.3288E-02 8.0048E-02 5.9512E-02 5.2735E-02 0.0000E+00 6.7270E-02 7.9626E-02 8.6173E-02 6.7703E-02 5.1261E-02 2.4702E-02 2.7963E-03 0.0000E+00
 0.0000E+00 5.1295E-04 9.2044E-03 2.6735E-02 4.2620E-02 5.6345E-02 6.1731E-02 7.0445E-02 6.0672E-02 6.1416E-02 6.9063E-02 8.4232E-02 7.4792E-02 7.8835E-02 6.1147E-02 5.1208E-02 0.0000E+00 6.8112E-02 8.2632E-02 8.6791E-02 6.8225E-02 5.1093E-02 2.4213E-02 2.9452E-03 0.0000E+00
 0.0000E+00 4.4676E-04 8.9395E-03 2.6404E-02 4.3252E-02 5.7254E-02 6.0749E-02 7.2637E-02 6.0349E-02 6.1099E-02 7.0197E-02 8.2413E-02 7.4403E-02 7.8954E-02 6.2142E-02 5.3082E-02 0.0000E+00 6.9594E-02 8.3659E-02 8.7219E-02 6.8154E-02 5.0707E-02 2.4735E-02 3.0197E-03 0.0000E+00
 0.0000E+00 4.2194E-04 9.0140E-03 2.5044E-02 4.0664E-02 5.7077E-02 6.0049E-02 7.0063E-02 5.9197E-02 6.1732E-02 7.0623E-02 8.1970E-02 7.1532E-02 7.8347E-02 6.4261E-02 5.4100E-02 0.0000E+00 6.7724E-02 8.2053E-02 8.4798E-02 6.6870E-02 5.0883E-02 2.5067E-02 2.5895E-03 0.0000E+00
 0.0000E+00 4.0539E-04 8.5091E-03 2.4862E-02 4.1995E-02 5.6530E-02 5.7565E-02 7.0271E-02 6.0201E-02 6.0871E-02 6.8954E-02 8.2750E-02 7.2626E-02 7.9905E-02 6.2441E-02 5.2226E-02 0.0000E+00 6.7404E-02 8.1075E-02 8.5087E-02 6.6631E-02 5.0237E-02 2.4387E-02 2.8707E-03 0.0000E+00
 0.0000E+00 5.7086E-04 8.4677E-03 2.4696E-02 3.9615E-02 5.6185E-02 6.0186E-02 7.1589E-02 5.9319E-02 6.0467E-02 6.8591E-02 8.1826E-02 7.2121E-02 7.5921E-02 6.1417E-02 5.3183E-02 0.0000E+00 6.8146E-02 8.1654E-02 8.4470E-02 6.7587E-02 4.9179E-02 2.2812E-02 2.8377E-03 0.0000E+00
 0.0000E+00 5.1295E-04 7.6234E-03 2.4961E-02 4.0822E-02 5.5411E-02 5.9110E-02 7.0913E-02 6.0288E-02 6.0484E-02 6.6140E-02 8.1344E-02 7.5192E-02 8.0416E-02 5.8815E-02 5.4487E-02 0.0000E+00 6.7522E-02 8.0000E-02 8.4709E-02 6.6613E-02 4.8700E-02 2.3657E-02 2.8211E-03 0.0000E+00
 0.0000E+00 3.7230E-04 8.2608E-03 2.4414E-02 4.0131E-02 5.6816E-02 5.8888E-02 7.2516E-02 5.9572E-02 6.1389E-02 6.8954E-02 7.9140E-02 7.3246E-02 7.6147E-02 6.3024E-02 5.4670E-02 0.0000E+00 6.7354E-02 8.1075E-02 8.3852E-02 6.6560E-02 4.9867E-02 2.3226E-02 2.6060E-03 0.0000E+00
 0.0000E+00 4.5503E-04 8.1118E-03 2.4953E-02 4.0814E-02 5.5840E-02 5.9255E-02 6.8573E-02 5.8455E-02 5.9438E-02 6.5614E-02 8.0622E-02 7.2405E-02 7.7384E-02 6.0962E-02 5.3408E-02 0.0000E+00 6.9746E-02 8.1401E-02 8.6881E-02 6.8845E-02 5.0186E-02 2.2232E-02 2.3330E-03 0.0000E+00
 0.0000E+00 4.5503E-04 8.2360E-03 2.4447E-02 3.9099E-02 5.5319E-02 5.7855E-02 7.0297E-02 5.8708E-02 5.9535E-02 6.9743E-02 8.1556E-02 7.5581E-02 7.8442E-02 6.0820E-02 5.3774E-02 0.0000E+00 6.6764E-02 8.0640E-02 8.3583E-02 6.7649E-02 4.7936E-02 2.3865E-02 2.4488E-03 0.0000E+00
 0.0000E+00 6.1223E-04 8.0704E-03 2.4912E-02 3.9765E-02 5.3535E-02 5.7480E-02 6.9257E-02 5.8028E-02 5.7214E-02 6.5977E-02 8.0372E-02 7.3120E-02 7.8097E-02 6.0365E-02 5.1737E-02 0.0000E+00 6.7404E-02 8.1256E-02 8.3254E-02 6.8287E-02 4.9363E-02 2.2083E-02 2.5398E-03 0.0000E+00
 0.0000E+00 4.6331E-04 7.9463E-03 2.4762E-02 3.8850E-02 5.6639E-02 5.8359E-02 7.0566E-02 5.7958E-02 5.7082E-02 6.6576E-02 7.7792E-02 7.3099E-02 7.5790E-02 6.0365E-02 5.4446E-02 0.0000E+00 6.5636E-02 7.6197E-02 8.3852E-02 6.6002E-02 4.8406E-02 2.2480E-02 2.5812E-03 0.0000E+00
 0.0000E+00 4.1367E-04 7.7724E-03 2.4132E-02 3.9166E-02 5.4200E-02 5.7428E-02 6.8105E-02 5.7618E-02 5.9623E-02 6.6875E-02 7.7446E-02 7.1879E-02 7.6171E-02 6.0023E-02 5.3408E-02 0.0000E+00 6.6360E-02 7.7610E-02 8.3005E-02 6.7100E-02 4.7483E-02 2.1685E-02 2.3826E-03 0.0000E+00
 0.0000E+00 5.3777E-04 8.3187E-03 2.3776E-02 3.7460E-02 5.5394E-02 5.7548E-02 6.8295E-02 5.7871E-02 5.7970E-02 6.6385E-02 7.8562E-02 7.0038E-02 7.5124E-02 5.8545E-02 5.0434E-02 0.0000E+00 6.6327E-02 8.0000E-02 8.3942E-02 6.7127E-02 4.8003E-02 2.2339E-02 2.4405E-03 0.0000E+00
 0.0000E+00 3.5575E-04 8.2608E-03 2.3685E-02 3.7069E-02 5.3106E-02 5.8675E-02 6.8997E-02 5.8543E-02 5.9649E-02 6.6921E-02 7.8572E-02 7.2384E-02 7.7182E-02 6.1019E-02 5.2715E-02 0.0000E+00 6.6192E-02 7.9964E-02 8.4151E-02 6.6782E-02 4.7911E-02 2.1792E-02 2.4736E-03 0.0000E+00
 0.0000E+00 4.1367E-04 7.7890E-03 2.3801E-02 3.7626E-02 5.3047E-02 5.7044E-02 6.9249E-02 5.7792E-02 5.7970E-02 6.4997E-02 7.8158E-02 7.3393E-02 7.9346E-02 6.2242E-02 5.3204E-02 0.0000E+00 6.5198E-02 7.8503E-02 8.2975E-02 6.5905E-02 4.6391E-02 2.2472E-02 2.3992E-03 0.0000E+00
 0.0000E+00 4.3021E-04 7.4662E-03 2.3577E-02 3.7202E-02 5.0775E-02 5.6558E-02 6.6857E-02 5.6116E-02 5.8849E-02 6.5142E-02 7.9246E-02 7.1669E-02 7.5885E-02 5.9711E-02 5.2593E-02 0.0000E+00 6.4878E-02 7.9360E-02 8.3593E-02 6.4594E-02 4.4997E-02 2.0673E-02 2.4571E-03 0.0000E+00
 0.0000E+00 4.0539E-04 8.1035E-03 2.3320E-02 3.8084E-02 5.0010E-02 5.4859E-02 6.7810E-02 5.7199E-02 5.8032E-02 6.5042E-02 7.6454E-02 7.0038E-02 7.5648E-02 6.1218E-02 5.2817E-02 0.0000E+00 6.5973E-02 7.6523E-02 8.2009E-02 6.3283E-02 4.7592E-02 2.1320E-02 2.4654E-03 0.0000E+00
 0.0000E+00 4.1367E-04 7.2510E-03 2.3511E-02 3.6736E-02 5.0077E-02 5.5286E-02 6.4950E-02 5.7391E-02 5.6159E-02 6.3908E-02 7.8736E-02 7.1385E-02 7.5315E-02 6.1090E-02 5.2022E-02 0.0000E+00 6.5855E-02 7.5388E-02 8.1610E-02 6.3089E-02 4.6534E-02 2.1560E-02 2.1262E-03 0.0000E+00
 0.0000E+00 4.8813E-04 7.7476E-03 2.2823E-02 3.7576E-02 5.1406E-02 5.4842E-02 6.5192E-02 5.6701E-02 5.8102E-02 6.2955E-02 7.5540E-02 7.0964E-02 7.2579E-02 5.9341E-02 5.1961E-02 0.0000E+00 6.6057E-02 7.7441E-02 8.3822E-02 6.4665E-02 4.5518E-02 2.0541E-02 2.5729E-03 0.0000E+00
 0.0000E+00 3.0611E-04 7.7807E-03 2.2027E-02 3.7551E-02 5.0035E-02 5.5277E-02 6.4551E-02 5.5235E-02 5.5658E-02 6.5596E-02 7.6098E-02 7.0480E-02 7.3305E-02 6.0521E-02 5.2593E-02 0.0000E+00 6.5030E-02 7.7416E-02 8.1500E-02 6.5205E-02 4.5375E-02 2.0632E-02 2.3744E-03 0.0000E+00
 0.0000E+00 3.9712E-04 6.8619E-03 2.2192E-02 3.7185E-02 5.2980E-02 5.4867E-02 6.4681E-02 5.7015E-02 5.6687E-02 6.5759E-02 7.6348E-02 6.8387E-02 7.3150E-02 5.7051E-02 5.6015E-02 0.0000E+00 6.3059E-02 7.7441E-02 8.0056E-02 6.0733E-02 4.5148E-02 2.0872E-02 2.2751E-03 0.0000E+00
 0.0000E+00 2.8129E-04 7.6648E-03 2.1728E-02 3.5762E-02 5.0683E-02 5.4500E-02 6.4525E-02 5.4746E-02 5.5447E-02 6.3953E-02 7.5135E-02 6.9418E-02 7.6314E-02 5.7407E-02 5.1065E-02 0.0000E+00 6.2554E-02 7.4664E-02 8.1331E-02 6.0370E-02 4.4015E-02 2.0226E-02 2.4902E-03 0.0000E+00
 0.0000E+00 4.3849E-04 7.2013E-03 2.2234E-02 3.5620E-02 5.0329E-02 5.2895E-02 6.4620E-02 5.3612E-02 5.5896E-02 6.4552E-02 7.6743E-02 7.1132E-02 7.2342E-02 5.7137E-02 5.3713E-02 0.0000E+00 6.3817E-02 7.7404E-02 8.1351E-02 6.2982E-02 4.4569E-02 2.0217E-02 2.0600E-03 0.0000E+00
 0.0000E+00 3.5575E-04 7.5655E-03 2.0999E-02 3.5304E-02 4.9690E-02 5.4116E-02 6.4196E-02 5.2879E-02 5.6986E-02 6.3064E-02 7.4577E-02 6.9470E-02 7.4553E-02 5.8715E-02 5.1371E-02 0.0000E+00 6.2048E-02 7.8455E-02 7.9518E-02 6.0884E-02 4.5283E-02 2.0176E-02 2.5895E-03 0.0000E+00
 0.0000E+00 3.3921E-04 7.4248E-03 2.1247E-02 3.5479E-02 4.8117E-02 5.3723E-02 6.3234E-02 5.6448E-02 5.6854E-02 6.3726E-02 7.3056E-02 7.0501E-02 7.2579E-02 5.7379E-02 5.0087E-02 0.0000E+00 6.6175E-02 7.3927E-02 7.9229E-02 6.2796E-02 4.5291E-02 1.9952E-02 2.3744E-03 0.0000E+00
 0.0000E+00 4.0539E-04 7.6152E-03 2.1786E-02 3.6811E-02 4.8209E-02 5.3817E-02 6.3346E-02 5.4633E-02 5.7531E-02 6.2565E-02 7.5424E-02 7.0091E-02 7.4268E-02 5.8104E-02 5.0495E-02 0.0000E+00 6.2587E-02 7.6064E-02 7.8741E-02 5.9599E-02 4.5904E-02 1.9074E-02 2.1014E-03 0.0000E+00
 0.0000E+00 3.9712E-04 7.1351E-03 2.0982E-02 3.5645E-02 4.8983E-02 5.3297E-02 6.5028E-02 5.4964E-02 5.5439E-02 6.1485E-02 7.2565E-02 6.7756E-02 7.1521E-02 5.8701E-02 5.3835E-02 0.0000E+00 6.3649E-02 7.8153E-02 7.9139E-02 6.2141E-02 4.3142E-02 1.9745E-02 2.4075E-03 0.0000E+00
 0.0000E+00 2.8957E-04 7.0771E-03 2.1123E-02 3.4439E-02 4.7402E-02 5.1256E-02 6.3225E-02 5.4074E-02 5.6529E-02 5.9470E-02 7.4991E-02 6.9102E-02 7.5029E-02 5.9440E-02 5.0413E-02 0.0000E+00 6.0971E-02 7.4639E-02 7.9438E-02 6.0698E-02 4.3704E-02 1.9728E-02 2.4405E-03 0.0000E+00
 0.0000E+00 4.1367E-04 6.8619E-03 2.0592E-02 3.5163E-02 4.6383E-02 5.1956E-02 6.2306E-02 5.4153E-02 5.4234E-02 6.2120E-02 7.3268E-02 6.8913E-02 7.3792E-02 5.7421E-02 5.2593E-02 0.0000E+00 6.1695E-02 7.5376E-02 7.7216E-02 5.9042E-02 4.2797E-02 1.9372E-02 2.2834E-03 0.0000E+00
 0.0000E+00 4.0539E-04 7.3503E-03 2.0626E-02 3.4222E-02 4.6569E-02 5.2144E-02 6.2254E-02 5.5026E-02 5.3013E-02 6.2265E-02 7.3248E-02 6.5232E-02 7.5065E-02 5.8345E-02 4.9924E-02 0.0000E+00 6.0701E-02 7.3360E-02 8.1301E-02 6.1247E-02 4.4435E-02 1.9521E-02 2.0434E-03 0.0000E+00
 0.0000E+00 3.1439E-04 6.6219E-03 1.9548E-02 3.3873E-02 4.6627E-02 5.2742E-02 6.2748E-02 5.2660E-02 5.2098E-02 6.2610E-02 7.3239E-02 6.7493E-02 7.4661E-02 5.5956E-02 5.3000E-02 0.0000E+00 6.1189E-02 7.3553E-02 7.7396E-02 5.8944E-02 4.1890E-02 1.8651E-02 2.1262E-03 0.0000E+00
 0.0000E+00 3.3921E-04 6.8950E-03 2.0584E-02 3.3465E-02 4.8495E-02 5.1632E-02 6.1570E-02 5.3612E-02 5.2635E-02 6.0623E-02 7.2950E-02 6.6967E-02 7.2567E-02 5.8957E-02 5.3285E-02 0.0000E+00 6.1661E-02 7.3348E-02 7.4536E-02 5.8678E-02 4.2671E-02 1.8875E-02 2.1179E-03 0.0000E+00
 0.0000E+00 2.8957E-04 6.6053E-03 2.0120E-02 3.4755E-02 4.8546E-02 5.0582E-02 6.1700E-02 5.4162E-02 5.5228E-02 5.9815E-02 7.1506E-02 6.5484E-02 7.2805E-02 5.8701E-02 5.1676E-02 0.0000E+00 6.0802E-02 7.4833E-02 7.6300E-02 6.0582E-02 4.2864E-02 1.7863E-02 2.0683E-03 0.0000E+00
 0.0000E+00 3.2266E-04 7.1516E-03 1.9979E-02 3.3465E-02 4.6804E-02 5.1990E-02 5.8406E-02 5.3795E-02 5.3180E-02 6.0541E-02 7.0880E-02 6.7251E-02 7.4339E-02 5.6426E-02 5.2369E-02 0.0000E+00 5.9589E-02 7.3843E-02 7.8392E-02 6.0219E-02 4.3410E-02 1.8377E-02 1.9690E-03 0.0000E+00
 0.0000E+00 3.3093E-04 6.7792E-03 2.0816E-02 3.2599E-02 4.6535E-02 5.2409E-02 6.1474E-02 5.1954E-02 5.4709E-02 6.1603E-02 7.1776E-02 6.5568E-02 7.0344E-02 5.7094E-02 5.1635E-02 0.0000E+00 6.2284E-02 7.4591E-02 7.5293E-02 6.0494E-02 4.2646E-02 1.8825E-02 2.1510E-03 0.0000E+00
 0.0000E+00 2.8957E-04 6.4977E-03 1.9448E-02 3.3964E-02 4.5307E-02 5.1282E-02 6.1431E-02 5.1709E-02 5.2345E-02 5.9434E-02 7.0245E-02 6.9060E-02 7.1414E-02 5.6269E-02 5.2471E-02 0.0000E+00 6.0667E-02 7.3179E-02 7.5522E-02 5.8563E-02 4.0849E-02 1.8601E-02 2.0269E-03 0.0000E+00
 0.0000E+00 2.8129E-04 6.8454E-03 1.9092E-02 3.1709E-02 4.4541E-02 5.0377E-02 5.9308E-02 5.3533E-02 5.3285E-02 5.8962E-02 7.1766E-02 6.5905E-02 7.1378E-02 5.7336E-02 5.1147E-02 0.0000E+00 6.0448E-02 7.3903E-02 7.6559E-02 5.7616E-02 4.1076E-02 1.7714E-02 1.9607E-03 0.0000E+00
 0.0000E+00 4.0539E-04 6.6302E-03 2.0045E-02 3.2782E-02 4.4356E-02 5.0838E-02 5.9750E-02 5.1535E-02 5.2318E-02 6.0414E-02 7.2969E-02 6.5779E-02 7.0510E-02 5.8161E-02 5.1778E-02 0.0000E+00 6.1644E-02 7.4157E-02 7.4417E-02 5.8501E-02 4.1000E-02 1.7921E-02 1.8118E-03 0.0000E+00
 0.0000E+00 2.5647E-04 6.2411E-03 1.8860E-02 3.0610E-02 4.5222E-02 5.0223E-02 6.0833E-02 5.0068E-02 5.4190E-02 5.8835E-02 6.8714E-02 6.7072E-02 7.1997E-02 5.3866E-02 5.1187E-02 0.0000E+00 6.0196E-02 7.2321E-02 7.6160E-02 6.0157E-02 4.2881E-02 1.9024E-02 1.8780E-03 0.0000E+00
 0.0000E+00 2.8957E-04 6.3405E-03 1.8628E-02 3.1850E-02 4.3716E-02 4.9455E-02 5.8311E-02 5.1186E-02 5.1773E-02 5.7954E-02 7.0062E-02 6.5452E-02 7.0177E-02 5.6881E-02 4.9599E-02 0.0000E+00 6.0735E-02 7.1537E-02 7.5552E-02 5.8475E-02 4.0681E-02 1.8062E-02 2.1179E-03 0.0000E+00
 0.0000E+00 4.0539E-04 6.9695E-03 1.8313E-02 3.1542E-02 4.4204E-02 4.9549E-02 5.8597E-02 5.1447E-02 5.1887E-02 5.9080E-02 7.0437E-02 6.6368E-02 7.2460E-02 5.6909E-02 5.4589E-02 0.0000E+00 6.0718E-02 7.1790E-02 7.6339E-02 5.7873E-02 3.9934E-02 1.7888E-02 2.0021E-03 0.0000E+00
 0.0000E+00 3.3921E-04 5.8686E-03 1.9183E-02 3.1234E-02 4.4120E-02 4.9745E-02 5.8623E-02 5.2722E-02 5.2696E-02 5.8308E-02 7.0582E-02 6.5263E-02 7.2758E-02 5.6995E-02 5.3000E-02 0.0000E+00 5.7450E-02 7.1561E-02 7.5632E-02 5.5960E-02 3.9422E-02 1.7018E-02 1.8449E-03 0.0000E+00
 0.0000E+00 4.6331E-04 6.3487E-03 1.8404E-02 3.0169E-02 4.4734E-02 5.0061E-02 5.9004E-02 5.0042E-02 5.2459E-02 5.7138E-02 6.7136E-02 6.5652E-02 7.2116E-02 5.6426E-02 5.0902E-02 0.0000E+00 6.0078E-02 7.2756E-02 7.5632E-02 5.7881E-02 4.0211E-02 1.7043E-02 1.9111E-03 0.0000E+00
 0.0000E+00 2.2338E-04 5.9266E-03 1.8495E-02 3.1384E-02 4.2353E-02 4.9942E-02 5.7878E-02 5.0548E-02 5.0006E-02 5.8317E-02 6.8281E-02 6.4474E-02 7.0974E-02 5.5871E-02 5.1371E-02 0.0000E+00 6.0448E-02 7.0583E-02 7.3350E-02 5.7952E-02 3.9783E-02 1.6802E-02 2.0352E-03 0.0000E+00
 0.0000E+00 2.6475E-04 6.0756E-03 1.9283E-02 3.0943E-02 4.2337E-02 4.9182E-02 5.7462E-02 4.8480E-02 4.9523E-02 5.7301E-02 6.9234E-02 6.3717E-02 7.1711E-02 5.5644E-02 5.2084E-02 0.0000E+00 6.0482E-02 7.3046E-02 7.3061E-02 5.6686E-02 3.9968E-02 1.7217E-02 1.6298E-03 0.0000E+00
 0.0000E+00 4.2194E-04 5.8107E-03 1.8686E-02 3.0902E-02 4.3279E-02 4.8115E-02 5.7280E-02 5.1072E-02 5.0762E-02 5.8826E-02 6.8243E-02 6.3402E-02 7.0998E-02 5.3397E-02 4.9008E-02 0.0000E+00 5.8966E-02 7.0800E-02 7.2354E-02 5.6872E-02 4.0220E-02 1.6587E-02 2.0600E-03 0.0000E+00
 0.0000E+00 2.8129E-04 6.0839E-03 1.8014E-02 3.0028E-02 4.1117E-02 4.8687E-02 5.6855E-02 5.0112E-02 5.1175E-02 5.7092E-02 6.8185E-02 6.3875E-02 7.0522E-02 5.7336E-02 5.1432E-02 0.0000E+00 5.9320E-02 7.0631E-02 7.0880E-02 5.5694E-02 3.9808E-02 1.6645E-02 1.8863E-03 0.0000E+00
 0.0000E+00 2.6475E-04 6.4150E-03 1.8462E-02 3.0244E-02 4.1840E-02 4.7218E-02 5.6292E-02 4.9484E-02 5.2318E-02 5.6312E-02 6.6192E-02 6.3864E-02 6.8560E-02 5.5871E-02 4.9660E-02 0.0000E+00 5.8815E-02 7.1174E-02 7.2792E-02 5.7359E-02 3.8381E-02 1.6993E-02 1.9855E-03 0.0000E+00
 0.0000E+00 2.2338E-04 5.9018E-03 1.7840E-02 3.1093E-02 4.2581E-02 4.7415E-02 5.6387E-02 4.8637E-02 5.2213E-02 5.6221E-02 6.8734E-02 6.4548E-02 6.8155E-02 5.6312E-02 4.9619E-02 0.0000E+00 5.9269E-02 7.0172E-02 7.1866E-02 5.5517E-02 3.8146E-02 1.6603E-02 1.7787E-03 0.0000E+00
 0.0000E+00 3.2266E-04 5.5872E-03 1.7276E-02 3.0119E-02 4.2572E-02 4.6817E-02 5.6777E-02 4.9065E-02 4.9875E-02 5.6566E-02 6.6375E-02 6.2928E-02 6.7299E-02 5.5445E-02 4.9313E-02 0.0000E+00 5.9050E-02 6.9206E-02 7.2563E-02 5.4782E-02 3.8439E-02 1.6380E-02 1.7291E-03 0.0000E+00
 0.0000E+00 3.4748E-04 5.4548E-03 1.7567E-02 2.9195E-02 4.1369E-02 4.7773E-02 5.5598E-02 5.0583E-02 4.8820E-02 5.6176E-02 6.4950E-02 6.5358E-02 6.7680E-02 5.6255E-02 4.8967E-02 0.0000E+00 5.7619E-02 6.9170E-02 7.2035E-02 5.4950E-02 3.9036E-02 1.6686E-02 1.7208E-03 0.0000E+00
 0.0000E+00 3.3093E-04 5.6617E-03 1.7318E-02 3.0294E-02 3.9535E-02 4.7082E-02 5.5148E-02 4.6665E-02 4.9787E-02 5.5395E-02 6.5682E-02 6.1656E-02 6.8239E-02 5.4378E-02 4.9843E-02 0.0000E+00 5.9842E-02 6.9846E-02 7.0740E-02 5.4065E-02 3.7608E-02 1.5924E-02 1.5802E-03 0.0000E+00
 0.0000E+00 3.8057E-04 5.9183E-03 1.7575E-02 2.9312E-02 4.1849E-02 4.8123E-02 5.4515E-02 4.7084E-02 4.9286E-02 5.6530E-02 6.7501E-02 6.2486E-02 6.7929E-02 5.5075E-02 4.7867E-02 0.0000E+00 5.4385E-02 6.9943E-02 7.0899E-02 5.3268E-02 3.7961E-02 1.5028E-02 1.9855E-03 0.0000E+00
 0.0000E+00 3.9712E-04 5.1402E-03 1.7318E-02 2.9545E-02 4.0183E-02 4.7611E-02 5.4359E-02 4.9300E-02 4.9154E-02 5.5758E-02 6.5441E-02 6.2318E-02 6.8072E-02 5.5615E-02 5.1391E-02 0.0000E+00 5.8410E-02 6.7069E-02 7.0053E-02 5.4800E-02 3.8188E-02 1.5832E-02 1.6381E-03 0.0000E+00
 0.0000E+00 2.8129E-04 5.4631E-03 1.5726E-02 2.9204E-02 3.9686E-02 4.6424E-02 5.4524E-02 5.0156E-02 4.9180E-02 5.4923E-02 6.5807E-02 6.4769E-02 6.9761E-02 5.6824E-02 5.0006E-02 0.0000E+00 5.8629E-02 6.9315E-02 6.7990E-02 5.4215E-02 3.7759E-02 1.6114E-02 1.6794E-03 0.0000E+00
 0.0000E+00 2.8957E-04 5.3058E-03 1.7177E-02 2.9329E-02 3.7911E-02 4.6015E-02 5.4888E-02 4.8637E-02 4.7519E-02 5.3744E-02 6.3237E-02 6.3096E-02 6.8845E-02 5.5729E-02 4.8315E-02 0.0000E+00 5.6911E-02 6.6743E-02 7.0053E-02 5.2665E-02 3.6819E-02 1.5890E-02 1.5222E-03 0.0000E+00
 0.0000E+00 1.9029E-04 6.0839E-03 1.7218E-02 2.8571E-02 3.9266E-02 4.6493E-02 5.5347E-02 4.7529E-02 4.8820E-02 5.5477E-02 6.5846E-02 6.2181E-02 6.5313E-02 5.6241E-02 4.9049E-02 0.0000E+00 5.7097E-02 6.9230E-02 6.7980E-02 5.2479E-02 3.7860E-02 1.5161E-02 1.8780E-03 0.0000E+00
 0.0000E+00 2.6475E-04 5.9431E-03 1.7633E-02 2.7989E-02 3.9316E-02 4.5571E-02 5.2660E-02 4.6735E-02 4.8600E-02 5.5568E-02 6.6211E-02 6.3023E-02 6.9666E-02 5.6412E-02 5.0576E-02 0.0000E+00 5.5951E-02 6.8096E-02 7.0670E-02 5.3365E-02 3.6701E-02 1.4879E-02 1.7870E-03 0.0000E+00
 0.0000E+00 1.9856E-04 5.4962E-03 1.6041E-02 2.8313E-02 3.7423E-02 4.5921E-02 5.4333E-02 4.8044E-02 5.0587E-02 5.5595E-02 6.3747E-02 6.2108E-02 6.6526E-02 5.3198E-02 5.0637E-02 0.0000E+00 5.5631E-02 6.7323E-02 6.7761E-02 5.4171E-02 3.6978E-02 1.5824E-02 1.3485E-03 0.0000E+00
 0.0000E+00 4.0539E-04 5.0492E-03 1.5660E-02 2.8763E-02 3.8197E-02 4.5033E-02 5.3232E-02 4.7319E-02 4.8609E-02 5.3762E-02 6.4315E-02 6.0940E-02 6.6693E-02 5.3809E-02 4.7623E-02 0.0000E+00 5.8107E-02 6.8180E-02 7.0640E-02 5.2143E-02 3.4787E-02 1.5592E-02 1.5140E-03 0.0000E+00
 0.0000E+00 3.6403E-04 4.9499E-03 1.6572E-02 2.8030E-02 3.8660E-02 4.6382E-02 5.3137E-02 4.7843E-02 4.8213E-02 5.4951E-02 6.4613E-02 6.1193E-02 6.8809E-02 5.4691E-02 4.9660E-02 0.0000E+00 5.6238E-02 6.8735E-02 6.9265E-02 5.2045E-02 3.7793E-02 1.5161E-02 1.8366E-03 0.0000E+00
 0.0000E+00 1.5719E-04 5.2396E-03 1.6539E-02 2.7140E-02 3.6893E-02 4.6365E-02 5.2989E-02 4.5207E-02 4.7580E-02 5.4551E-02 6.4392E-02 6.2097E-02 6.7156E-02 5.4577E-02 5.0352E-02 0.0000E+00 5.4873E-02 6.8253E-02 6.8618E-02 5.1576E-02 3.4947E-02 1.4407E-02 1.8366E-03 0.0000E+00
 0.0000E+00 1.7374E-04 5.6617E-03 1.5585E-02 2.7131E-02 3.7987E-02 4.4555E-02 5.0779E-02 4.6263E-02 4.8705E-02 5.3898E-02 6.3497E-02 6.2581E-02 6.6455E-02 5.2629E-02 4.8437E-02 0.0000E+00 5.6642E-02 6.6695E-02 6.8090E-02 5.2922E-02 3.5778E-02 1.4100E-02 1.3402E-03 0.0000E+00
 0.0000E+00 1.9029E-04 5.7197E-03 1.5295E-02 2.6732E-02 3.7322E-02 4.4384E-02 5.3423E-02 4.4684E-02 4.6121E-02 5.3199E-02 6.5085E-02 6.1498E-02 6.6062E-02 5.5829E-02 5.1432E-02 0.0000E+00 5.5412E-02 6.6598E-02 6.7044E-02 5.1718E-02 3.7457E-02 1.4531E-02 1.8532E-03 0.0000E+00
 0.0000E+00 3.0611E-04 5.5624E-03 1.5735E-02 2.6016E-02 3.7911E-02 4.3914E-02 5.1083E-02 4.7127E-02 4.6930E-02 5.2564E-02 6.5018E-02 6.0530E-02 6.6062E-02 5.3340E-02 4.8173E-02 0.0000E+00 5.5126E-02 6.6176E-02 6.7871E-02 5.1390E-02 3.5988E-02 1.5799E-02 1.7704E-03 0.0000E+00
 0.0000E+00 2.8957E-04 5.1899E-03 1.5809E-02 2.7972E-02 3.6624E-02 4.3991E-02 5.1741E-02 4.4806E-02 4.6851E-02 5.2491E-02 6.4450E-02 6.1003E-02 6.7549E-02 5.4307E-02 4.8621E-02 0.0000E+00 5.6305E-02 6.6031E-02 6.6974E-02 4.9176E-02 3.4577E-02 1.4572E-02 1.9111E-03 0.0000E+00
 0.0000E+00 2.1511E-04 5.0409E-03 1.5420E-02 2.6158E-02 3.6262E-02 4.4000E-02 5.1299E-02 4.5338E-02 4.6798E-02 5.3072E-02 6.3015E-02 6.1014E-02 6.6217E-02 5.4549E-02 4.7867E-02 0.0000E+00 5.6187E-02 6.6067E-02 6.5270E-02 5.1727E-02 3.4921E-02 1.4166E-02 1.4147E-03 0.0000E+00
 0.0000E+00 2.3993E-04 5.3968E-03 1.5851E-02 2.6615E-02 3.6161E-02 4.3231E-02 5.1091E-02 4.5042E-02 4.6209E-02 5.2509E-02 6.2207E-02 5.9983E-02 6.5706E-02 5.3454E-02 4.9130E-02 0.0000E+00 5.4351E-02 6.5512E-02 6.7612E-02 5.2090E-02 3.5350E-02 1.4075E-02 1.6132E-03 0.0000E+00
 0.0000E+00 2.3165E-04 4.9664E-03 1.4897E-02 2.6124E-02 3.5900E-02 4.3368E-02 5.1377E-02 4.6735E-02 4.6156E-02 5.1157E-02 6.0349E-02 5.9720E-02 6.7228E-02 5.3752E-02 5.0291E-02 0.0000E+00 5.5665E-02 6.6598E-02 6.6167E-02 5.1842E-02 3.5534E-02 1.4092E-02 1.3651E-03 0.0000E+00
 0.0000E+00 1.9029E-04 5.2396E-03 1.5527E-02 2.6757E-02 3.6607E-02 4.1319E-02 4.9670E-02 4.4762E-02 4.8266E-02 5.2237E-02 6.1100E-02 6.0572E-02 6.4588E-02 5.2074E-02 5.0352E-02 0.0000E+00 5.3678E-02 6.5439E-02 6.6755E-02 5.1231E-02 3.4065E-02 1.4365E-02 1.5719E-03 0.0000E+00
 0.0000E+00 2.5647E-04 5.3223E-03 1.5295E-02 2.5558E-02 3.6237E-02 4.2967E-02 4.9219E-02 4.4692E-02 4.6640E-02 5.1411E-02 6.1321E-02 6.0299E-02 6.3969E-02 5.0766E-02 5.0454E-02 0.0000E+00 5.5480E-02 6.5379E-02 6.4593E-02 4.8503E-02 3.5089E-02 1.3536E-02 1.3651E-03 0.0000E+00
 0.0000E+00 1.6547E-04 5.0326E-03 1.5652E-02 2.6732E-02 3.5387E-02 4.2361E-02 5.0138E-02 4.6534E-02 4.6701E-02 5.1066E-02 6.0118E-02 6.0099E-02 6.3517E-02 5.3383E-02 4.9232E-02 0.0000E+00 5.3644E-02 6.4956E-02 6.2989E-02 4.8813E-02 3.4401E-02 1.4241E-02 1.4809E-03 0.0000E+00
 0.0000E+00 2.5647E-04 4.6436E-03 1.4350E-02 2.5558E-02 3.5059E-02 4.3001E-02 4.9904E-02 4.4919E-02 4.4293E-02 5.2083E-02 6.2505E-02 6.0109E-02 6.3553E-02 5.3653E-02 5.0413E-02 0.0000E+00 5.5109E-02 6.6224E-02 6.4483E-02 5.0744E-02 3.3066E-02 1.3230E-02 1.4312E-03 0.0000E+00
 0.0000E+00 2.1511E-04 5.2230E-03 1.4906E-02 2.5059E-02 3.5328E-02 4.2916E-02 4.9176E-02 4.4946E-02 4.5022E-02 4.9587E-02 5.9694E-02 5.8910E-02 6.3589E-02 5.2387E-02 4.7643E-02 0.0000E+00 5.5008E-02 6.4329E-02 6.6177E-02 4.7777E-02 3.2360E-02 1.3064E-02 1.8780E-03 0.0000E+00
 0.0000E+00 1.9856E-04 5.0657E-03 1.4773E-02 2.5825E-02 3.4571E-02 4.1976E-02 4.9003E-02 4.3497E-02 4.4970E-02 5.1157E-02 6.1369E-02 5.7659E-02 6.3922E-02 5.3340E-02 4.7643E-02 0.0000E+00 5.5547E-02 6.4292E-02 6.2490E-02 5.0044E-02 3.4166E-02 1.3014E-02 1.6381E-03 0.0000E+00
 0.0000E+00 2.5647E-04 4.4615E-03 1.4217E-02 2.6074E-02 3.4167E-02 4.3752E-02 4.8535E-02 4.2825E-02 4.4337E-02 4.8407E-02 6.0022E-02 5.8974E-02 6.4802E-02 5.1975E-02 4.6889E-02 0.0000E+00 5.4267E-02 6.3652E-02 6.5370E-02 4.8485E-02 3.3830E-02 1.2799E-02 1.3485E-03 0.0000E+00
 0.0000E+00 1.8201E-04 5.0575E-03 1.3770E-02 2.5026E-02 3.4731E-02 4.1883E-02 4.9202E-02 4.2537E-02 4.4979E-02 5.0132E-02 6.0792E-02 5.9152E-02 6.5099E-02 5.2828E-02 4.8417E-02 0.0000E+00 5.3391E-02 6.4292E-02 6.4533E-02 4.9256E-02 3.1974E-02 1.2674E-02 1.4147E-03 0.0000E+00
 0.0000E+00 1.4892E-04 5.1237E-03 1.3853E-02 2.5134E-02 3.2989E-02 4.1994E-02 4.7564E-02 4.3671E-02 4.5743E-02 4.9215E-02 5.8674E-02 5.9068E-02 6.4611E-02 4.9458E-02 4.7562E-02 0.0000E+00 5.2583E-02 6.4510E-02 6.2291E-02 4.6697E-02 3.3998E-02 1.2848E-02 1.4974E-03 0.0000E+00
 0.0000E+00 1.4892E-04 4.5774E-03 1.3330E-02 2.4144E-02 3.4403E-02 4.0995E-02 4.7529E-02 4.2371E-02 4.5084E-02 5.0712E-02 5.8366E-02 5.7985E-02 6.2435E-02 5.2501E-02 4.8458E-02 0.0000E+00 5.4065E-02 6.5258E-02 6.2381E-02 4.8140E-02 3.1479E-02 1.2749E-02 1.3899E-03 0.0000E+00
 0.0000E+00 1.9856E-04 4.6353E-03 1.3878E-02 2.4127E-02 3.3065E-02 4.1498E-02 4.7763E-02 4.3732E-02 4.3449E-02 4.9678E-02 5.9819E-02 5.7985E-02 6.2447E-02 5.3340E-02 4.8050E-02 0.0000E+00 5.3593E-02 6.3170E-02 6.3367E-02 4.8902E-02 3.2789E-02 1.3296E-02 1.5057E-03 0.0000E+00
 0.0000E+00 2.7302E-04 4.4201E-03 1.4673E-02 2.3902E-02 3.2333E-02 4.1584E-02 4.9488E-02 4.2615E-02 4.4328E-02 4.8553E-02 5.8645E-02 5.8753E-02 6.2828E-02 5.2131E-02 4.6625E-02 0.0000E+00 5.3678E-02 6.3749E-02 6.2719E-02 4.7316E-02 3.2243E-02 1.2351E-02 1.0755E-03 0.0000E+00
 0.0000E+00 1.8201E-04 4.2877E-03 1.4043E-02 2.3686E-02 3.3368E-02 4.0961E-02 4.7339E-02 4.2903E-02 4.4820E-02 4.9923E-02 5.8703E-02 5.7564E-02 6.3827E-02 5.2060E-02 4.7847E-02 0.0000E+00 5.4823E-02 6.3157E-02 6.2520E-02 4.6847E-02 3.2159E-02 1.2533E-02 1.6629E-03 0.0000E+00
 0.0000E+00 1.9856E-04 4.3787E-03 1.3289E-02 2.3827E-02 3.3115E-02 4.0380E-02 4.6429E-02 4.3069E-02 4.2922E-02 4.8081E-02 5.9675E-02 5.6891E-02 6.2221E-02 5.0240E-02 4.8050E-02 0.0000E+00 5.2819E-02 6.4075E-02 6.1534E-02 4.6821E-02 3.2864E-02 1.2326E-02 1.3237E-03 0.0000E+00
 0.0000E+00 2.8129E-04 4.0807E-03 1.3297E-02 2.3711E-02 3.3452E-02 3.9800E-02 4.6073E-02 4.2851E-02 4.4020E-02 4.9732E-02 5.8722E-02 5.6575E-02 6.1341E-02 5.2373E-02 4.9537E-02 0.0000E+00 5.2044E-02 6.3109E-02 6.2361E-02 4.6316E-02 3.1941E-02 1.3172E-02 1.3651E-03 0.0000E+00
 0.0000E+00 2.1511E-04 4.8257E-03 1.2957E-02 2.4077E-02 3.2484E-02 4.0235E-02 4.7599E-02 4.1681E-02 4.3976E-02 4.8979E-02 5.8173E-02 5.8195E-02 6.2495E-02 5.1975E-02 4.5647E-02 0.0000E+00 5.5193E-02 6.1226E-02 6.2919E-02 4.7804E-02 3.0975E-02 1.2608E-02 1.4726E-03 0.0000E+00
 0.0000E+00 2.8129E-04 4.1718E-03 1.3985E-02 2.2621E-02 3.2299E-02 3.9859E-02 4.6585E-02 4.1498E-02 4.2913E-02 4.7055E-02 5.7211E-02 5.7238E-02 6.3172E-02 5.0979E-02 4.7460E-02 0.0000E+00 5.3593E-02 6.4015E-02 6.1056E-02 4.7219E-02 3.1722E-02 1.3080E-02 1.0341E-03 0.0000E+00
 0.0000E+00 2.7302E-04 4.1552E-03 1.3073E-02 2.3270E-02 3.1727E-02 4.0303E-02 4.5371E-02 4.0861E-02 4.3616E-02 4.9197E-02 5.7692E-02 5.6786E-02 5.9926E-02 5.1719E-02 4.7908E-02 0.0000E+00 5.3021E-02 6.0827E-02 6.3068E-02 4.6962E-02 3.1034E-02 1.2865E-02 1.0755E-03 0.0000E+00
 0.0000E+00 2.3165E-04 4.4449E-03 1.3803E-02 2.3411E-02 3.1206E-02 3.8348E-02 4.6429E-02 4.2799E-02 4.2781E-02 4.8344E-02 5.7981E-02 5.6965E-02 6.1282E-02 5.0866E-02 4.7093E-02 0.0000E+00 5.3644E-02 6.1866E-02 6.1604E-02 4.7175E-02 3.1126E-02 1.2094E-02 1.4395E-03 0.0000E+00
 0.0000E+00 2.5647E-04 4.4863E-03 1.4002E-02 2.2712E-02 3.1096E-02 3.8852E-02 4.5579E-02 4.1175E-02 4.2799E-02 4.6492E-02 5.7788E-02 5.4851E-02 6.2554E-02 5.1022E-02 4.5871E-02 0.0000E+00 5.2802E-02 6.0936E-02 6.0816E-02 4.4952E-02 3.1319E-02 1.1381E-02 1.4147E-03 0.0000E+00
 0.0000E+00 1.5719E-04 4.3291E-03 1.3148E-02 2.3170E-02 3.1862E-02 3.9134E-02 4.6403E-02 4.1734E-02 4.1840E-02 4.7237E-02 5.6604E-02 5.5955E-02 6.0853E-02 5.0254E-02 4.6788E-02 0.0000E+00 5.1825E-02 6.1226E-02 6.0737E-02 4.5368E-02 3.0992E-02 1.1796E-02 1.3733E-03 0.0000E+00
 0.0000E+00 2.0683E-04 4.2959E-03 1.2982E-02 2.2787E-02 3.1593E-02 3.9134E-02 4.5077E-02 4.2022E-02 4.1313E-02 4.7418E-02 5.4650E-02 5.4146E-02 6.0699E-02 5.0581E-02 4.7256E-02 0.0000E+00 5.1505E-02 6.2179E-02 6.0149E-02 4.6156E-02 2.9934E-02 1.2707E-02 1.2410E-03 0.0000E+00
 0.0000E+00 1.9856E-04 3.9980E-03 1.3090E-02 2.3045E-02 3.2333E-02 3.8109E-02 4.4721E-02 4.0198E-02 4.2755E-02 4.6148E-02 5.7615E-02 5.5040E-02 6.1686E-02 5.0553E-02 4.6177E-02 0.0000E+00 5.1623E-02 6.0827E-02 5.9740E-02 4.5191E-02 3.0370E-02 1.1323E-02 1.4809E-03 0.0000E+00
 0.0000E+00 2.5647E-04 4.2794E-03 1.2568E-02 2.1480E-02 2.9052E-02 3.7657E-02 4.4626E-02 4.1018E-02 4.1172E-02 4.6647E-02 5.4438E-02 5.6092E-02 6.2471E-02 4.9643E-02 4.6706E-02 0.0000E+00 5.1657E-02 5.8690E-02 6.0637E-02 4.5669E-02 2.9455E-02 1.1058E-02 1.2079E-03 0.0000E+00
 0.0000E+00 2.7302E-04 4.3291E-03 1.3090E-02 2.2970E-02 3.0962E-02 3.8835E-02 4.3404E-02 4.0643E-02 4.2544E-02 4.7409E-02 5.6036E-02 5.5702E-02 5.8784E-02 5.0567E-02 4.7786E-02 0.0000E+00 5.1438E-02 5.7748E-02 5.9252E-02 4.3252E-02 2.9883E-02 1.2591E-02 1.1417E-03 0.0000E+00
 0.0000E+00 1.6547E-04 3.7662E-03 1.2941E-02 2.2030E-02 3.1130E-02 3.8417E-02 4.4132E-02 4.1411E-02 4.1419E-02 4.4995E-02 5.4891E-02 5.5145E-02 6.1460E-02 5.0581E-02 4.8539E-02 0.0000E+00 5.0932E-02 5.8666E-02 6.0767E-02 4.4421E-02 3.0647E-02 1.2036E-02 1.5057E-03 0.0000E+00
 0.0000E+00 1.6547E-04 4.7015E-03 1.3065E-02 2.3411E-02 3.1071E-02 3.8169E-02 4.4132E-02 4.1743E-02 4.1041E-02 4.7518E-02 5.5998E-02 5.5050E-02 6.0342E-02 5.2629E-02 4.7236E-02 0.0000E+00 5.2852E-02 5.9559E-02 5.8605E-02 4.5262E-02 2.9850E-02 1.1878E-02 1.3320E-03 0.0000E+00
 0.0000E+00 1.5719E-04 3.7083E-03 1.2634E-02 2.1763E-02 2.9127E-02 3.7238E-02 4.3751E-02 4.0172E-02 4.1735E-02 4.6520E-02 5.4457E-02 5.5324E-02 5.6762E-02 4.9472E-02 4.5199E-02 0.0000E+00 4.9669E-02 6.0380E-02 5.8764E-02 4.3845E-02 3.0228E-02 1.0925E-02 1.2492E-03 0.0000E+00
 0.0000E+00 1.6547E-04 3.8655E-03 1.2477E-02 2.1880E-02 3.0903E-02 3.8032E-02 4.3716E-02 4.0983E-02 4.0812E-02 4.6874E-02 5.2773E-02 5.2747E-02 5.9843E-02 5.0140E-02 4.7012E-02 0.0000E+00 5.2212E-02 5.7555E-02 5.9452E-02 4.4394E-02 3.0605E-02 1.1514E-02 1.2575E-03 0.0000E+00
 0.0000E+00 1.3237E-04 3.9566E-03 1.1689E-02 2.0748E-02 2.9573E-02 3.8203E-02 4.2823E-02 4.0835E-02 3.9748E-02 4.5367E-02 5.3851E-02 5.3788E-02 6.0984E-02 4.8747E-02 4.8152E-02 0.0000E+00 5.0124E-02 5.8147E-02 5.8664E-02 4.3570E-02 2.8859E-02 1.0925E-02 1.1003E-03 0.0000E+00
 0.0000E+00 3.8057E-04 4.1883E-03 1.2253E-02 2.0773E-02 2.9481E-02 3.8084E-02 4.3014E-02 4.0111E-02 4.0882E-02 4.6266E-02 5.4515E-02 5.3694E-02 6.1757E-02 4.9984E-02 4.6258E-02 0.0000E+00 5.0663E-02 6.0634E-02 5.7030E-02 4.4775E-02 2.9170E-02 1.1389E-02 1.1665E-03 0.0000E+00
 0.0000E+00 1.2410E-04 3.8821E-03 1.1067E-02 2.1971E-02 2.9127E-02 3.7563E-02 4.3759E-02 3.9875E-02 4.1691E-02 4.6756E-02 5.2821E-02 5.5145E-02 5.9129E-02 5.0027E-02 4.7521E-02 0.0000E+00 4.7951E-02 5.8944E-02 5.7130E-02 4.3420E-02 2.8683E-02 1.1248E-02 1.2492E-03 0.0000E+00
 0.0000E+00 2.3993E-04 3.5593E-03 1.1722E-02 2.1697E-02 2.9472E-02 3.7845E-02 4.3075E-02 3.9674E-02 4.0056E-02 4.5848E-02 5.3139E-02 5.3410E-02 6.0259E-02 4.8903E-02 4.5708E-02 0.0000E+00 4.8726E-02 5.8135E-02 5.8595E-02 4.1171E-02 2.9548E-02 1.1555E-02 1.1500E-03 0.0000E+00
 0.0000E+00 1.9029E-04 3.5262E-03 1.1788E-02 2.0881E-02 2.7403E-02 3.5369E-02 4.2893E-02 3.8060E-02 3.9722E-02 4.5313E-02 5.2879E-02 5.2263E-02 5.7405E-02 5.0752E-02 4.5484E-02 0.0000E+00 4.7985E-02 5.7531E-02 5.6034E-02 4.2472E-02 2.8834E-02 1.0677E-02 1.2492E-03 0.0000E+00
 0.0000E+00 2.4820E-04 4.3539E-03 1.2385E-02 2.0948E-02 2.8782E-02 3.6965E-02 4.1168E-02 3.9151E-02 3.8702E-02 4.4768E-02 5.3004E-02 5.3883E-02 5.9866E-02 4.7695E-02 4.7093E-02 0.0000E+00 5.0730E-02 5.8026E-02 5.8565E-02 4.1711E-02 2.8347E-02 1.0701E-02 1.1417E-03 0.0000E+00
 0.0000E+00 2.2338E-04 3.3854E-03 1.1556E-02 1.9991E-02 2.9456E-02 3.7657E-02 4.3153E-02 3.9578E-02 3.9836E-02 4.4396E-02 5.2985E-02 5.3473E-02 5.9319E-02 4.8960E-02 4.5158E-02 0.0000E+00 4.7126E-02 5.8992E-02 5.6562E-02 4.1693E-02 2.8364E-02 1.0552E-02 1.3071E-03 0.0000E+00
 0.0000E+00 1.7374E-04 3.5344E-03 1.2385E-02 2.0765E-02 2.8631E-02 3.6598E-02 4.2130E-02 3.8548E-02 3.9467E-02 4.4305E-02 5.2590E-02 5.2579E-02 5.8725E-02 4.8662E-02 4.6136E-02 0.0000E+00 4.9383E-02 5.9825E-02 5.5994E-02 4.1879E-02 2.8061E-02 1.0668E-02 1.1748E-03 0.0000E+00
 0.0000E+00 1.0755E-04 3.5675E-03 1.1465E-02 1.9516E-02 2.7268E-02 3.6931E-02 4.3205E-02 3.7833E-02 3.9318E-02 4.2109E-02 4.9817E-02 5.1674E-02 5.7726E-02 4.8007E-02 4.8763E-02 0.0000E+00 5.0781E-02 5.7157E-02 5.5984E-02 4.1091E-02 2.8389E-02 1.0146E-02 1.1748E-03 0.0000E+00
 0.0000E+00 1.2410E-04 3.6338E-03 1.0736E-02 1.9383E-02 2.8850E-02 3.5002E-02 4.2147E-02 3.7641E-02 3.9107E-02 4.4033E-02 5.3100E-02 5.3641E-02 5.6215E-02 4.7197E-02 4.8132E-02 0.0000E+00 4.8423E-02 5.7809E-02 5.4739E-02 4.2472E-02 2.8187E-02 1.0262E-02 1.2327E-03 0.0000E+00
 0.0000E+00 2.3993E-04 3.3689E-03 1.1316E-02 2.0740E-02 2.6797E-02 3.6146E-02 4.1055E-02 3.8461E-02 3.9845E-02 4.4450E-02 5.2195E-02 5.1401E-02 5.7333E-02 4.8790E-02 4.5402E-02 0.0000E+00 5.0056E-02 5.7350E-02 5.5835E-02 4.2676E-02 2.6777E-02 1.0453E-02 1.0755E-03 0.0000E+00
 0.0000E+00 1.4892E-04 4.0393E-03 1.1523E-02 1.9633E-02 2.6090E-02 3.5702E-02 3.9859E-02 3.8836E-02 3.9098E-02 4.3806E-02 5.1695E-02 5.2484E-02 5.6513E-02 4.8747E-02 4.7052E-02 0.0000E+00 4.8911E-02 5.5696E-02 5.4699E-02 4.1755E-02 2.7364E-02 1.0071E-02 1.1665E-03 0.0000E+00
 0.0000E+00 1.9856E-04 3.4682E-03 1.0462E-02 1.9625E-02 2.6755E-02 3.4720E-02 4.0717E-02 3.7039E-02 3.9054E-02 4.2962E-02 5.1637E-02 5.0948E-02 5.7357E-02 4.6656E-02 4.6910E-02 0.0000E+00 4.7480E-02 5.6927E-02 5.4629E-02 4.1728E-02 2.7784E-02 1.1282E-02 1.0093E-03 0.0000E+00
 0.0000E+00 1.9029E-04 3.6172E-03 1.1158E-02 1.9475E-02 2.6805E-02 3.5591E-02 4.0838E-02 3.7972E-02 3.8913E-02 4.3098E-02 4.9991E-02 5.2337E-02 5.6287E-02 4.9003E-02 4.5117E-02 0.0000E+00 4.9147E-02 5.6263E-02 5.3952E-02 4.0666E-02 2.7297E-02 9.7979E-03 1.0259E-03 0.0000E+00
 0.0000E+00 1.9856E-04 3.9152E-03 1.0910E-02 1.9466E-02 2.6351E-02 3.4327E-02 4.0370E-02 3.8173E-02 3.9054E-02 4.3888E-02 5.2128E-02 5.1653E-02 5.7773E-02 4.7254E-02 4.4914E-02 0.0000E+00 4.8086E-02 5.8268E-02 5.4649E-02 3.9594E-02 2.7146E-02 9.9471E-03 1.0093E-03 0.0000E+00
 0.0000E+00 8.2733E-05 2.9054E-03 1.0586E-02 2.0190E-02 2.6191E-02 3.5301E-02 4.0691E-02 3.7353E-02 3.8729E-02 4.2790E-02 4.9403E-02 5.1979E-02 5.6881E-02 4.7922E-02 4.5830E-02 0.0000E+00 4.7581E-02 5.7410E-02 5.4659E-02 4.1604E-02 2.6861E-02 9.8062E-03 1.1086E-03 0.0000E+00
 0.0000E+00 1.6547E-04 3.9483E-03 1.1556E-02 1.8967E-02 2.6881E-02 3.4037E-02 3.9738E-02 3.7204E-02 3.8658E-02 4.3489E-02 4.9866E-02 5.1432E-02 5.6988E-02 4.9159E-02 4.4343E-02 0.0000E+00 4.8793E-02 5.4392E-02 5.4838E-02 4.0657E-02 2.7818E-02 9.7979E-03 1.1169E-03 0.0000E+00
 0.0000E+00 1.6547E-04 3.6255E-03 1.0910E-02 1.8975E-02 2.6570E-02 3.4524E-02 3.9755E-02 3.6454E-02 3.7621E-02 4.3325E-02 5.0511E-02 5.1001E-02 5.7226E-02 4.9230E-02 4.6339E-02 0.0000E+00 4.8675E-02 5.5720E-02 5.2995E-02 4.0427E-02 2.7230E-02 9.8973E-03 9.8449E-04 0.0000E+00
 0.0000E+00 3.3921E-04 3.4765E-03 9.9812E-03 1.9367E-02 2.6385E-02 3.4438E-02 3.9694E-02 3.5983E-02 3.7006E-02 4.1428E-02 5.0636E-02 5.0391E-02 5.4646E-02 4.6258E-02 4.5667E-02 0.0000E+00 4.7783E-02 5.5611E-02 5.6104E-02 3.8886E-02 2.6760E-02 1.0055E-02 1.0093E-03 0.0000E+00
 0.0000E+00 2.1511E-04 3.7083E-03 1.0064E-02 1.9092E-02 2.6023E-02 3.4566E-02 4.0240E-02 3.7039E-02 3.6804E-02 4.2000E-02 4.9201E-02 5.2558E-02 5.6751E-02 4.7581E-02 4.3712E-02 0.0000E+00 4.9433E-02 5.4802E-02 5.3145E-02 4.0294E-02 2.6709E-02 9.6901E-03 9.4313E-04 0.0000E+00
 0.0000E+00 1.6547E-04 3.7579E-03 1.0321E-02 1.8617E-02 2.5510E-02 3.4959E-02 3.8134E-02 3.7344E-02 3.7252E-02 4.3062E-02 5.0289E-02 5.0633E-02 5.7274E-02 4.9771E-02 4.5321E-02 0.0000E+00 4.6469E-02 5.6529E-02 5.2049E-02 4.0418E-02 2.6139E-02 8.9855E-03 1.1086E-03 0.0000E+00
 0.0000E+00 1.4892E-04 3.2944E-03 9.8652E-03 1.8734E-02 2.4483E-02 3.3183E-02 3.8602E-02 3.6175E-02 3.6452E-02 4.2817E-02 4.8508E-02 4.9539E-02 5.6965E-02 4.8292E-02 4.3121E-02 0.0000E+00 4.6199E-02 5.3945E-02 5.2627E-02 4.1038E-02 2.5845E-02 9.9637E-03 1.1086E-03 0.0000E+00
 0.0000E+00 1.1583E-04 3.1619E-03 1.0636E-02 1.8601E-02 2.4694E-02 3.3900E-02 3.9798E-02 3.6724E-02 3.7103E-02 4.1338E-02 4.8268E-02 5.0265E-02 5.6061E-02 4.9216E-02 4.5647E-02 0.0000E+00 4.6098E-02 5.4042E-02 5.1670E-02 3.9780E-02 2.6332E-02 9.5824E-03 1.0507E-03 0.0000E+00
 0.0000E+00 1.7374E-04 3.5675E-03 1.0006E-02 1.8343E-02 2.4996E-02 3.3448E-02 3.7554E-02 3.6305E-02 3.7797E-02 4.2173E-02 4.9375E-02 4.8803E-02 5.5193E-02 4.9074E-02 4.3956E-02 0.0000E+00 4.7429E-02 5.4887E-02 5.1202E-02 4.0028E-02 2.4929E-02 9.5741E-03 1.1003E-03 0.0000E+00
 0.0000E+00 2.0683E-04 3.6586E-03 9.9564E-03 1.7585E-02 2.4988E-02 3.2347E-02 3.7372E-02 3.5668E-02 3.6980E-02 4.1211E-02 4.9047E-02 5.0612E-02 5.6941E-02 4.6784E-02 4.6136E-02 0.0000E+00 4.8473E-02 5.3257E-02 5.1590E-02 3.9267E-02 2.5148E-02 9.0601E-03 9.0176E-04 0.0000E+00
 0.0000E+00 1.9856E-04 3.2613E-03 1.0338E-02 1.8734E-02 2.5266E-02 3.3627E-02 3.8143E-02 3.6288E-02 3.6153E-02 4.0312E-02 4.8624E-02 4.9991E-02 5.5252E-02 4.5988E-02 4.3590E-02 0.0000E+00 4.6520E-02 5.3342E-02 4.9139E-02 3.8151E-02 2.4686E-02 9.3751E-03 9.7622E-04 0.0000E+00
 0.0000E+00 1.6547E-04 2.7398E-03 1.0503E-02 1.8642E-02 2.4551E-02 3.1920E-02 3.7233E-02 3.5668E-02 3.7217E-02 4.0648E-02 4.8123E-02 4.8645E-02 5.6370E-02 4.6856E-02 4.5565E-02 0.0000E+00 4.7968E-02 5.4235E-02 5.2208E-02 3.7637E-02 2.6298E-02 9.2010E-03 8.6040E-04 0.0000E+00
 0.0000E+00 1.7374E-04 3.5427E-03 1.0396E-02 1.7652E-02 2.4870E-02 3.4319E-02 3.8013E-02 3.6271E-02 3.7586E-02 3.9659E-02 4.8681E-02 5.0370E-02 5.4455E-02 4.5505E-02 4.4649E-02 0.0000E+00 4.6199E-02 5.3957E-02 5.2268E-02 4.0099E-02 2.5039E-02 9.0436E-03 1.1748E-03 0.0000E+00
 0.0000E+00 1.4892E-04 3.3606E-03 1.0271E-02 1.7893E-02 2.5787E-02 3.2125E-02 3.6904E-02 3.6559E-02 3.5169E-02 4.0612E-02 4.8191E-02 4.9350E-02 5.4848E-02 4.6457E-02 4.6177E-02 0.0000E+00 4.7463E-02 5.2822E-02 5.0484E-02 4.0081E-02 2.4308E-02 9.0518E-03 9.0176E-04 0.0000E+00
 0.0000E+00 2.0683E-04 3.0875E-03 1.0122E-02 1.6529E-02 2.4214E-02 3.2902E-02 3.7883E-02 3.6672E-02 3.5582E-02 4.0457E-02 4.7671E-02 4.9381E-02 5.3444E-02 4.8192E-02 4.6136E-02 0.0000E+00 4.7075E-02 5.4754E-02 5.1889E-02 3.9125E-02 2.5215E-02 9.2591E-03 9.5967E-04 0.0000E+00
 0.0000E+00 2.5647E-04 3.2613E-03 1.0180E-02 1.7868E-02 2.4677E-02 3.3072E-02 3.8923E-02 3.5616E-02 3.5195E-02 3.9695E-02 4.7507E-02 4.8329E-02 5.5121E-02 4.7254E-02 4.4914E-02 0.0000E+00 4.6317E-02 5.2629E-02 4.9359E-02 3.9116E-02 2.5626E-02 8.6622E-03 1.0589E-03 0.0000E+00
 0.0000E+00 1.8201E-04 3.0378E-03 9.5170E-03 1.7536E-02 2.3499E-02 3.2757E-02 3.6427E-02 3.6035E-02 3.5942E-02 4.0004E-02 4.7488E-02 4.6983E-02 5.5014E-02 4.6799E-02 4.6747E-02 0.0000E+00 4.7244E-02 5.2484E-02 4.9408E-02 3.8133E-02 2.4442E-02 9.0601E-03 1.3237E-03 0.0000E+00
 0.0000E+00 1.3237E-04 3.3441E-03 1.0048E-02 1.7244E-02 2.3154E-02 3.1280E-02 3.7034E-02 3.4516E-02 3.5600E-02 3.9005E-02 4.7449E-02 4.9192E-02 5.3409E-02 4.5149E-02 4.3814E-02 0.0000E+00 4.6402E-02 5.4199E-02 4.8571E-02 3.7115E-02 2.3124E-02 8.4633E-03 1.1086E-03 0.0000E+00
 0.0000E+00 1.9856E-04 2.7150E-03 9.4507E-03 1.6687E-02 2.3516E-02 3.2586E-02 3.7415E-02 3.4909E-02 3.6487E-02 4.0412E-02 4.7719E-02 5.0212E-02 5.3111E-02 4.6699E-02 4.3467E-02 0.0000E+00 4.5627E-02 5.2979E-02 5.0325E-02 3.8523E-02 2.4988E-02 8.6540E-03 1.0093E-03 0.0000E+00
 0.0000E+00 1.7374E-04 2.8722E-03 9.8320E-03 1.7386E-02 2.2918E-02 3.2142E-02 3.6592E-02 3.4054E-02 3.5907E-02 4.0249E-02 4.5399E-02 4.9686E-02 5.3766E-02 4.6401E-02 4.4853E-02 0.0000E+00 4.6553E-02 5.2327E-02 5.0205E-02 3.6176E-02 2.4031E-02 8.4053E-03 5.7084E-04 0.0000E+00
 0.0000E+00 1.3237E-04 3.0461E-03 9.5584E-03 1.7860E-02 2.2742E-02 3.1689E-02 3.6514E-02 3.4246E-02 3.5222E-02 3.9105E-02 4.5793E-02 5.0096E-02 5.1506E-02 4.5547E-02 4.5443E-02 0.0000E+00 4.6115E-02 5.2714E-02 4.9767E-02 3.7132E-02 2.5039E-02 8.2395E-03 8.0248E-04 0.0000E+00
 0.0000E+00 1.4065E-04 3.1619E-03 9.9315E-03 1.7061E-02 2.2767E-02 3.1766E-02 3.5309E-02 3.4124E-02 3.5450E-02 3.8361E-02 4.6352E-02 4.6131E-02 5.4003E-02 4.6329E-02 4.7989E-02 0.0000E+00 4.3724E-02 5.0613E-02 4.8681E-02 3.7646E-02 2.3897E-02 9.0850E-03 9.5140E-04 0.0000E+00
 0.0000E+00 1.0755E-04 2.7481E-03 9.4921E-03 1.6911E-02 2.3196E-02 3.1305E-02 3.6046E-02 3.5215E-02 3.5951E-02 4.0221E-02 4.5890E-02 4.8308E-02 5.1351E-02 4.5448E-02 4.3569E-02 0.0000E+00 4.6671E-02 5.2025E-02 4.9398E-02 3.5653E-02 2.4476E-02 8.1898E-03 1.0755E-03 0.0000E+00
 0.0000E+00 1.7374E-04 2.6819E-03 9.1522E-03 1.5979E-02 2.1168E-02 3.0144E-02 3.5257E-02 3.4063E-02 3.3762E-02 3.8025E-02 4.5100E-02 4.7393E-02 5.1649E-02 4.4922E-02 4.4364E-02 0.0000E+00 4.5324E-02 5.1832E-02 4.7745E-02 3.6344E-02 2.3544E-02 8.2975E-03 9.9276E-04 0.0000E+00
 0.0000E+00 1.4065E-04 2.7646E-03 9.3429E-03 1.6287E-02 2.2582E-02 3.1433E-02 3.4971E-02 3.3478E-02 3.5450E-02 4.0276E-02 4.4802E-02 4.7478E-02 5.3028E-02 4.4708E-02 4.5545E-02 0.0000E+00 4.4650E-02 5.2388E-02 4.9279E-02 3.6450E-02 2.3418E-02 8.4467E-03 9.0176E-04 0.0000E+00
 0.0000E+00 1.7374E-04 2.8060E-03 9.1854E-03 1.6229E-02 2.2245E-02 3.0964E-02 3.6254E-02 3.3408E-02 3.6320E-02 3.8180E-02 4.6506E-02 4.6815E-02 5.4384E-02 4.6045E-02 4.4262E-02 0.0000E+00 4.6486E-02 5.2677E-02 4.7286E-02 3.7017E-02 2.2923E-02 7.6510E-03 6.9494E-04 0.0000E+00
 0.0000E+00 1.6547E-04 2.9550E-03 8.8372E-03 1.5921E-02 2.1236E-02 2.9888E-02 3.5179E-02 3.2439E-02 3.3771E-02 3.8034E-02 4.4118E-02 4.8172E-02 5.2267E-02 4.4765E-02 4.5484E-02 0.0000E+00 4.2730E-02 5.3788E-02 4.8990E-02 3.7637E-02 2.3292E-02 7.7421E-03 7.9421E-04 0.0000E+00
 0.0000E+00 9.1006E-05 3.0957E-03 8.7957E-03 1.6670E-02 2.0966E-02 2.9495E-02 3.3281E-02 3.3827E-02 3.4835E-02 3.8052E-02 4.3868E-02 4.6815E-02 5.2671E-02 4.4467E-02 4.4771E-02 0.0000E+00 4.4010E-02 5.2653E-02 4.6210E-02 3.7256E-02 2.2503E-02 7.9411E-03 9.0176E-04 0.0000E+00
 0.0000E+00 1.4892E-04 2.4004E-03 8.7294E-03 1.5072E-02 2.2237E-02 2.9982E-02 3.4616E-02 3.2099E-02 3.5520E-02 3.8288E-02 4.4754E-02 4.6405E-02 5.2600E-02 4.5704E-02 4.4445E-02 0.0000E+00 4.5071E-02 5.0601E-02 4.5802E-02 3.5273E-02 2.3435E-02 7.5349E-03 8.6040E-04 0.0000E+00
 0.0000E+00 1.3237E-04 3.0709E-03 8.4310E-03 1.6420E-02 2.0773E-02 2.9641E-02 3.3983E-02 3.3286E-02 3.3191E-02 3.7816E-02 4.3204E-02 4.6142E-02 5.2113E-02 4.4495E-02 4.3875E-02 0.0000E+00 4.3623E-02 5.2810E-02 4.7087E-02 3.5529E-02 2.3099E-02 7.8996E-03 8.1076E-04 0.0000E+00
 0.0000E+00 1.2410E-04 3.0709E-03 9.1605E-03 1.5155E-02 2.2573E-02 2.9086E-02 3.3194E-02 3.2527E-02 3.4316E-02 3.6954E-02 4.4080E-02 4.7067E-02 5.1328E-02 4.7751E-02 4.6502E-02 0.0000E+00 4.3959E-02 5.1482E-02 4.7007E-02 3.6202E-02 2.3258E-02 7.6095E-03 1.0672E-03 0.0000E+00
 0.0000E+00 1.1583E-04 2.8309E-03 8.3315E-03 1.6212E-02 2.1320E-02 2.9521E-02 3.3602E-02 3.3609E-02 3.2919E-02 3.7263E-02 4.4494E-02 4.6447E-02 5.2933E-02 4.5590E-02 4.6054E-02 0.0000E+00 4.0894E-02 4.9587E-02 4.7884E-02 3.5769E-02 2.2352E-02 8.2644E-03 6.4530E-04 0.0000E+00
 0.0000E+00 9.9280E-05 3.1537E-03 8.6797E-03 1.6112E-02 2.1791E-02 3.1032E-02 3.4824E-02 3.3146E-02 3.6030E-02 3.7617E-02 4.4176E-02 4.4859E-02 5.3385E-02 4.3116E-02 4.4547E-02 0.0000E+00 4.2258E-02 5.0311E-02 4.5313E-02 3.5972E-02 2.2914E-02 7.9660E-03 7.1148E-04 0.0000E+00
 0.0000E+00 1.1583E-04 2.8971E-03 8.7128E-03 1.6046E-02 2.1076E-02 2.8838E-02 3.4798E-02 3.3242E-02 3.3789E-02 3.7199E-02 4.3887E-02 4.5658E-02 5.0662E-02 4.3969E-02 4.2510E-02 0.0000E+00 4.3639E-02 4.9418E-02 4.7187E-02 3.4741E-02 2.2016E-02 7.5598E-03 9.5967E-04 0.0000E+00
 0.0000E+00 1.4892E-04 2.7232E-03 8.5885E-03 1.4922E-02 2.1252E-02 2.9641E-02 3.3948E-02 3.1811E-02 3.4114E-02 3.7154E-02 4.3685E-02 4.7330E-02 5.2362E-02 4.4239E-02 4.5219E-02 0.0000E+00 4.6048E-02 5.0782E-02 4.7077E-02 3.4874E-02 2.1336E-02 7.7173E-03 7.1975E-04 0.0000E+00
 0.0000E+00 2.5647E-04 2.5743E-03 8.0745E-03 1.5164E-02 2.1766E-02 2.8795E-02 3.1877E-02 3.2247E-02 3.3639E-02 3.5421E-02 4.2569E-02 4.5353E-02 5.0769E-02 4.6941E-02 4.2979E-02 0.0000E+00 4.2764E-02 4.7969E-02 4.6031E-02 3.4608E-02 2.1571E-02 7.5432E-03 8.4385E-04 0.0000E+00
 0.0000E+00 1.6547E-04 2.9302E-03 8.1574E-03 1.5172E-02 1.9839E-02 2.9606E-02 3.4234E-02 3.2177E-02 3.2655E-02 3.7807E-02 4.3859E-02 4.4448E-02 5.0709E-02 4.4367E-02 4.2143E-02 0.0000E+00 4.4498E-02 5.0734E-02 4.5563E-02 3.3820E-02 2.1848E-02 8.0074E-03 1.0259E-03 0.0000E+00
 0.0000E+00 1.4892E-04 3.1206E-03 8.1740E-03 1.6071E-02 1.9788E-02 2.9384E-02 3.3836E-02 3.1610E-02 3.3806E-02 3.6963E-02 4.2886E-02 4.5984E-02 5.1530E-02 4.5761E-02 4.4730E-02 0.0000E+00 4.2898E-02 4.9647E-02 4.6031E-02 3.5095E-02 2.1797E-02 7.8085E-03 7.0321E-04 0.0000E+00
 0.0000E+00 1.6547E-04 2.8474E-03 8.0662E-03 1.5222E-02 1.9620E-02 2.9051E-02 3.2752E-02 3.3827E-02 3.3464E-02 3.7090E-02 4.2723E-02 4.5469E-02 5.1102E-02 4.4936E-02 4.2469E-02 0.0000E+00 4.3639E-02 5.0299E-02 4.5473E-02 3.3351E-02 2.2259E-02 7.8167E-03 8.6867E-04 0.0000E+00
 0.0000E+00 1.9856E-04 2.4335E-03 8.2901E-03 1.5214E-02 2.1109E-02 2.7976E-02 3.3532E-02 3.1523E-02 3.3174E-02 3.7254E-02 4.3676E-02 4.3944E-02 4.9032E-02 4.6201E-02 4.2897E-02 0.0000E+00 4.4734E-02 4.9925E-02 4.6419E-02 3.4378E-02 2.2268E-02 7.5183E-03 8.1903E-04 0.0000E+00
 0.0000E+00 1.4892E-04 2.8143E-03 8.2735E-03 1.4256E-02 2.0125E-02 2.9094E-02 3.2562E-02 3.1471E-02 3.2286E-02 3.5775E-02 4.1914E-02 4.4901E-02 5.0685E-02 4.3812E-02 4.3549E-02 0.0000E+00 4.2764E-02 4.8862E-02 4.5812E-02 3.1952E-02 2.2360E-02 7.6344E-03 8.3558E-04 0.0000E+00
 0.0000E+00 9.9280E-05 2.6570E-03 7.6766E-03 1.4872E-02 1.9730E-02 2.8445E-02 3.3229E-02 3.1584E-02 3.2901E-02 3.4912E-02 4.1741E-02 4.6394E-02 5.0317E-02 4.5647E-02 3.9903E-02 0.0000E+00 4.2376E-02 4.8548E-02 4.4397E-02 3.2173E-02 2.1143E-02 7.1453E-03 8.9349E-04 0.0000E+00
 0.0000E+00 1.9029E-04 2.6570E-03 8.4393E-03 1.4514E-02 2.0933E-02 2.7822E-02 3.1790E-02 3.1078E-02 3.1987E-02 3.6029E-02 4.1904E-02 4.3554E-02 4.9425E-02 4.4239E-02 4.3630E-02 0.0000E+00 4.2376E-02 4.9055E-02 4.5054E-02 3.4148E-02 2.2268E-02 6.8055E-03 8.8522E-04 0.0000E+00
 0.0000E+00 2.1511E-04 2.7646E-03 7.0963E-03 1.4673E-02 2.0091E-02 2.7088E-02 3.1166E-02 3.1828E-02 3.1477E-02 3.5838E-02 4.3964E-02 4.2566E-02 5.0257E-02 4.4637E-02 4.3936E-02 0.0000E+00 4.3303E-02 4.8271E-02 4.4925E-02 3.2456E-02 2.0471E-02 7.5681E-03 6.3702E-04 0.0000E+00
 0.0000E+00 7.4460E-05 2.1852E-03 7.5357E-03 1.4265E-02 2.0302E-02 2.7933E-02 3.2250E-02 3.2701E-02 3.2716E-02 3.5511E-02 4.0817E-02 4.5563E-02 4.9009E-02 4.1779E-02 4.2205E-02 0.0000E+00 4.2343E-02 4.7474E-02 4.3271E-02 3.2961E-02 2.0085E-02 7.9162E-03 8.3558E-04 0.0000E+00
 0.0000E+00 1.3237E-04 2.5577E-03 7.7346E-03 1.3890E-02 1.9940E-02 2.7404E-02 3.1504E-02 3.1226E-02 3.0827E-02 3.6328E-02 4.1288E-02 4.3807E-02 4.9187E-02 4.4978E-02 4.4669E-02 0.0000E+00 4.0995E-02 4.6906E-02 4.5044E-02 3.2802E-02 2.1495E-02 6.8137E-03 7.4457E-04 0.0000E+00
 0.0000E+00 1.6547E-04 2.7067E-03 7.9750E-03 1.4839E-02 1.8619E-02 2.7088E-02 3.1582E-02 3.1601E-02 3.2585E-02 3.5430E-02 4.2164E-02 4.2681E-02 4.8806E-02 4.4836E-02 4.1471E-02 0.0000E+00 4.2764E-02 4.7425E-02 4.6698E-02 3.3068E-02 2.0807E-02 6.7474E-03 7.7767E-04 0.0000E+00
 0.0000E+00 2.0683E-04 2.3756E-03 7.6186E-03 1.4023E-02 1.8897E-02 2.7472E-02 3.0724E-02 3.1453E-02 3.1064E-02 3.5194E-02 3.9565E-02 4.2808E-02 4.8022E-02 4.1623E-02 4.4099E-02 0.0000E+00 4.1837E-02 4.7739E-02 4.4427E-02 3.3581E-02 2.1084E-02 6.6728E-03 8.2730E-04 0.0000E+00
 0.0000E+00 5.7913E-05 2.7315E-03 7.4528E-03 1.4956E-02 1.9099E-02 2.8129E-02 3.1851E-02 3.0912E-02 3.1899E-02 3.6546E-02 4.1770E-02 4.4501E-02 4.8390E-02 4.2547E-02 4.2123E-02 0.0000E+00 4.1534E-02 4.9261E-02 4.4038E-02 3.1651E-02 2.0681E-02 6.9049E-03 8.3558E-04 0.0000E+00
 0.0000E+00 1.0755E-04 2.7977E-03 7.6683E-03 1.3716E-02 1.9444E-02 2.6542E-02 3.2050E-02 2.9359E-02 3.1196E-02 3.4232E-02 4.1057E-02 4.3155E-02 4.7891E-02 4.2888E-02 4.3182E-02 0.0000E+00 4.3151E-02 4.6810E-02 4.2793E-02 3.2961E-02 2.0849E-02 6.7309E-03 8.1903E-04 0.0000E+00
 0.0000E+00 1.4065E-04 2.3839E-03 7.8921E-03 1.4281E-02 1.8653E-02 2.7114E-02 3.1513E-02 2.9655E-02 3.1539E-02 3.3733E-02 3.8901E-02 4.2324E-02 4.8604E-02 4.2618E-02 4.2673E-02 0.0000E+00 4.2174E-02 4.6786E-02 4.2743E-02 3.2067E-02 2.0714E-02 6.3164E-03 7.4457E-04 0.0000E+00
 0.0000E+00 1.1583E-04 2.6322E-03 7.1377E-03 1.3166E-02 1.9469E-02 2.7242E-02 3.0603E-02 3.1043E-02 3.0871E-02 3.4332E-02 4.0624E-02 4.2787E-02 4.7510E-02 4.4040E-02 4.2592E-02 0.0000E+00 4.1281E-02 4.6568E-02 4.3739E-02 3.2332E-02 1.9480E-02 7.0044E-03 8.1076E-04 0.0000E+00
 0.0000E+00 1.9856E-04 2.0776E-03 7.1958E-03 1.3566E-02 1.8956E-02 2.6687E-02 2.9918E-02 2.9411E-02 3.1609E-02 3.5212E-02 3.9450E-02 4.2576E-02 4.7023E-02 4.3357E-02 4.2877E-02 0.0000E+00 3.9294E-02 4.7268E-02 4.2673E-02 3.1465E-02 1.9161E-02 7.1619E-03 8.1076E-04 0.0000E+00
 0.0000E+00 1.0755E-04 2.4749E-03 7.6849E-03 1.3216E-02 1.9486E-02 2.7088E-02 3.1920E-02 3.0607E-02 3.1055E-02 3.4477E-02 3.9401E-02 4.2061E-02 4.8331E-02 4.4168E-02 4.3243E-02 0.0000E+00 4.0321E-02 4.7172E-02 4.3032E-02 3.2430E-02 2.0051E-02 7.3111E-03 7.0321E-04 0.0000E+00
 0.0000E+00 5.7913E-05 2.7398E-03 7.5191E-03 1.3832E-02 1.8720E-02 2.6781E-02 3.0230E-02 2.8913E-02 2.9921E-02 3.3606E-02 4.0056E-02 4.2860E-02 5.1030E-02 4.3940E-02 4.2021E-02 0.0000E+00 4.2292E-02 4.6520E-02 4.2932E-02 3.2102E-02 2.0765E-02 6.9132E-03 6.9494E-04 0.0000E+00
 0.0000E+00 1.9856E-04 2.2846E-03 7.3035E-03 1.3125E-02 1.8417E-02 2.6371E-02 3.0577E-02 3.0956E-02 3.2321E-02 3.5021E-02 3.9016E-02 4.3660E-02 4.6939E-02 4.2035E-02 4.0819E-02 0.0000E+00 4.1702E-02 4.6351E-02 4.0501E-02 3.1730E-02 1.9623E-02 6.6397E-03 7.6112E-04 0.0000E+00
 0.0000E+00 1.4892E-04 2.9467E-03 7.1626E-03 1.2875E-02 1.7424E-02 2.5824E-02 3.0638E-02 2.9542E-02 3.0871E-02 3.4876E-02 4.0297E-02 4.1209E-02 4.7296E-02 4.3471E-02 4.5077E-02 0.0000E+00 4.1888E-02 4.6363E-02 4.1906E-02 3.0978E-02 1.9631E-02 6.6645E-03 7.1975E-04 0.0000E+00
 0.0000E+00 1.2410E-04 2.2928E-03 7.5688E-03 1.3474E-02 1.8282E-02 2.6268E-02 2.9225E-02 2.9577E-02 3.1310E-02 3.2825E-02 4.0412E-02 4.1482E-02 4.8390E-02 4.1495E-02 4.2510E-02 0.0000E+00 4.0187E-02 4.4781E-02 4.0840E-02 3.2005E-02 1.9673E-02 6.4076E-03 8.6867E-04 0.0000E+00
 0.0000E+00 1.2410E-04 1.7631E-03 7.1875E-03 1.3682E-02 1.7996E-02 2.6909E-02 2.9112E-02 2.9769E-02 2.9772E-02 3.3914E-02 3.7726E-02 4.2187E-02 4.8366E-02 4.3571E-02 4.0616E-02 0.0000E+00 4.1180E-02 4.6387E-02 4.1727E-02 3.1624E-02 1.9749E-02 7.6178E-03 7.3630E-04 0.0000E+00
 0.0000E+00 1.2410E-04 2.0776E-03 7.5357E-03 1.3358E-02 1.7500E-02 2.6303E-02 2.8783E-02 3.0057E-02 3.1002E-02 3.3252E-02 3.9421E-02 4.2492E-02 4.9984E-02 4.1310E-02 4.1899E-02 0.0000E+00 3.9075E-02 4.6146E-02 4.3480E-02 3.0243E-02 2.0286E-02 6.8469E-03 7.1975E-04 0.0000E+00
 0.0000E+00 9.1006E-05 2.6736E-03 6.8973E-03 1.2567E-02 1.7433E-02 2.4902E-02 2.9658E-02 2.9516E-02 2.9684E-02 3.3442E-02 3.8574E-02 4.1745E-02 4.7356E-02 4.2533E-02 4.0392E-02 0.0000E+00 4.0220E-02 4.5554E-02 4.0431E-02 3.0614E-02 1.8985E-02 6.2086E-03 6.7839E-04 0.0000E+00
 0.0000E+00 1.1583E-04 2.6074E-03 7.2952E-03 1.2800E-02 1.8257E-02 2.6029E-02 2.8419E-02 2.7639E-02 2.8383E-02 3.3061E-02 3.9536E-02 4.1398E-02 4.7379E-02 4.3670E-02 4.2042E-02 0.0000E+00 4.0810E-02 4.7413E-02 4.0262E-02 2.9906E-02 1.9514E-02 6.2169E-03 7.5285E-04 0.0000E+00
 0.0000E+00 1.1583E-04 2.4170E-03 7.2289E-03 1.2783E-02 1.7163E-02 2.6098E-02 2.8193E-02 3.0432E-02 3.0501E-02 3.2653E-02 3.8612E-02 4.1619E-02 4.6939E-02 4.2874E-02 4.2917E-02 0.0000E+00 4.0574E-02 4.6604E-02 4.1378E-02 3.0012E-02 1.9648E-02 5.8936E-03 9.1831E-04 0.0000E+00
 0.0000E+00 1.4065E-04 2.5908E-03 7.2123E-03 1.3041E-02 1.6886E-02 2.5432E-02 2.9805E-02 3.1139E-02 2.9455E-02 3.3923E-02 3.8776E-02 4.1398E-02 4.7784E-02 4.3229E-02 4.1105E-02 0.0000E+00 4.0153E-02 4.5965E-02 4.0461E-02 3.0703E-02 1.8246E-02 5.9682E-03 6.6184E-04 0.0000E+00
 0.0000E+00 2.1511E-04 2.2514E-03 6.6984E-03 1.3366E-02 1.7710E-02 2.5167E-02 2.7439E-02 2.8372E-02 3.0185E-02 3.1709E-02 3.7524E-02 4.0956E-02 4.8462E-02 4.2390E-02 4.3447E-02 0.0000E+00 3.9681E-02 4.5747E-02 4.0830E-02 2.9977E-02 1.8716E-02 6.0180E-03 6.4530E-04 0.0000E+00
 0.0000E+00 1.2410E-04 2.4087E-03 6.9554E-03 1.2500E-02 1.6978E-02 2.4868E-02 2.9233E-02 2.8608E-02 3.0132E-02 3.3351E-02 3.8285E-02 4.2271E-02 4.7641E-02 4.3258E-02 4.1105E-02 0.0000E+00 3.8822E-02 4.5494E-02 4.0013E-02 2.9702E-02 1.8430E-02 6.7474E-03 8.1903E-04 0.0000E+00
 0.0000E+00 1.1583E-04 2.4749E-03 6.7896E-03 1.2592E-02 1.6760E-02 2.4920E-02 2.8965E-02 2.8381E-02 2.9992E-02 3.2616E-02 3.7467E-02 3.9747E-02 4.6678E-02 4.1921E-02 4.2286E-02 0.0000E+00 4.0860E-02 4.3948E-02 4.0999E-02 2.9773E-02 1.8716E-02 6.2086E-03 8.1076E-04 0.0000E+00
 0.0000E+00 1.4892E-04 1.9369E-03 6.7813E-03 1.3391E-02 1.6465E-02 2.5662E-02 2.7058E-02 2.9411E-02 2.9130E-02 3.1155E-02 3.7014E-02 4.0683E-02 4.7855E-02 4.2348E-02 4.2205E-02 0.0000E+00 3.9294E-02 4.3393E-02 4.0541E-02 2.9924E-02 1.8397E-02 6.6894E-03 8.5212E-04 0.0000E+00
 0.0000E+00 1.7374E-04 2.4335E-03 6.5077E-03 1.2900E-02 1.6970E-02 2.5705E-02 2.7361E-02 2.8294E-02 2.8752E-02 3.2843E-02 3.7322E-02 4.0041E-02 4.6083E-02 4.1637E-02 4.4771E-02 0.0000E+00 3.8317E-02 4.4190E-02 3.9764E-02 3.0783E-02 1.8204E-02 5.7776E-03 6.7839E-04 0.0000E+00
 0.0000E+00 1.4065E-04 2.3673E-03 6.7978E-03 1.2908E-02 1.6272E-02 2.3810E-02 2.6893E-02 2.8259E-02 2.8304E-02 3.2825E-02 3.7852E-02 4.1146E-02 4.7760E-02 4.1082E-02 4.2164E-02 0.0000E+00 4.0220E-02 4.4419E-02 4.0192E-02 2.8994E-02 1.8439E-02 5.5787E-03 6.3702E-04 0.0000E+00
 0.0000E+00 1.3237E-04 2.3177E-03 6.2093E-03 1.2925E-02 1.6962E-02 2.4621E-02 2.8670E-02 2.8067E-02 3.1081E-02 3.1990E-02 3.7235E-02 3.8842E-02 4.5167E-02 4.0698E-02 4.2266E-02 0.0000E+00 4.0001E-02 4.4286E-02 4.1099E-02 2.9056E-02 1.7188E-02 5.6947E-03 7.5285E-04 0.0000E+00
 0.0000E+00 1.3237E-04 2.2846E-03 6.4165E-03 1.2900E-02 1.6692E-02 2.4390E-02 2.8072E-02 2.7962E-02 2.9473E-02 2.9903E-02 3.6764E-02 4.0651E-02 4.6119E-02 4.1480E-02 4.2205E-02 0.0000E+00 3.8267E-02 4.3501E-02 3.9325E-02 2.9897E-02 1.9195E-02 6.2501E-03 6.4530E-04 0.0000E+00
 0.0000E+00 4.9640E-05 2.0859E-03 6.3419E-03 1.2076E-02 1.6575E-02 2.4484E-02 2.7708E-02 2.7927E-02 2.8761E-02 3.1491E-02 3.7515E-02 4.0788E-02 4.5274E-02 4.1807E-02 3.9842E-02 0.0000E+00 3.9496E-02 4.3779E-02 3.8648E-02 2.8693E-02 1.7843E-02 6.0428E-03 8.3558E-04 0.0000E+00
 0.0000E+00 9.1006E-05 2.3342E-03 6.1595E-03 1.2118E-02 1.6381E-02 2.4723E-02 2.7587E-02 2.7264E-02 2.9992E-02 3.1409E-02 3.6745E-02 3.9999E-02 4.4918E-02 4.1921E-02 4.1919E-02 0.0000E+00 3.9311E-02 4.4033E-02 3.9345E-02 3.0048E-02 1.7440E-02 5.4792E-03 6.7012E-04 0.0000E+00
 0.0000E+00 1.9856E-04 2.1273E-03 6.1181E-03 1.1718E-02 1.5641E-02 2.6021E-02 2.6434E-02 2.6269E-02 2.9262E-02 3.1899E-02 3.4983E-02 3.8075E-02 4.3562E-02 4.1466E-02 3.9271E-02 0.0000E+00 4.1079E-02 4.3477E-02 3.9385E-02 2.9118E-02 1.7297E-02 5.3963E-03 6.8666E-04 0.0000E+00
 0.0000E+00 1.3237E-04 2.5908E-03 6.5657E-03 1.2009E-02 1.5767E-02 2.2947E-02 2.7933E-02 2.7046E-02 2.9912E-02 3.0357E-02 3.7803E-02 4.0725E-02 4.4204E-02 4.2518E-02 4.3203E-02 0.0000E+00 3.8452E-02 4.4202E-02 3.9993E-02 2.9144E-02 1.7860E-02 5.6367E-03 6.4530E-04 0.0000E+00
 0.0000E+00 7.4460E-05 2.1107E-03 6.3585E-03 1.2184E-02 1.6120E-02 2.4109E-02 2.7396E-02 2.6959E-02 2.8576E-02 3.1582E-02 3.6889E-02 4.0683E-02 4.4109E-02 4.1594E-02 4.0534E-02 0.0000E+00 3.7172E-02 4.2608E-02 3.9814E-02 2.9091E-02 1.8531E-02 5.4709E-03 7.0321E-04 0.0000E+00
 0.0000E+00 1.0755E-04 1.9535E-03 6.8227E-03 1.1460E-02 1.5026E-02 2.3562E-02 2.6174E-02 2.7185E-02 2.7812E-02 3.1055E-02 3.5676E-02 3.9105E-02 4.4692E-02 4.1793E-02 4.0779E-02 0.0000E+00 3.7593E-02 4.3683E-02 3.8857E-02 2.7913E-02 1.9018E-02 5.7279E-03 7.8594E-04 0.0000E+00
 0.0000E+00 4.1367E-05 2.4253E-03 5.9523E-03 1.1543E-02 1.6659E-02 2.2973E-02 2.7093E-02 2.8180E-02 2.8286E-02 3.0030E-02 3.5936E-02 3.8148E-02 4.5607E-02 3.8537E-02 3.9821E-02 0.0000E+00 3.7458E-02 4.2427E-02 3.8768E-02 2.7108E-02 1.7003E-02 5.3134E-03 5.7084E-04 0.0000E+00
 0.0000E+00 1.2410E-04 2.1107E-03 6.2341E-03 1.1585E-02 1.4825E-02 2.3101E-02 2.7474E-02 2.6801E-02 2.9280E-02 3.0756E-02 3.7004E-02 3.8758E-02 4.4489E-02 4.1722E-02 4.1879E-02 0.0000E+00 3.8351E-02 4.3224E-02 3.7841E-02 2.7338E-02 1.6491E-02 5.3963E-03 6.2875E-04 0.0000E+00
 0.0000E+00 5.7913E-05 2.1356E-03 5.7201E-03 1.1252E-02 1.4917E-02 2.3818E-02 2.5975E-02 2.7281E-02 2.7900E-02 2.9903E-02 3.5878E-02 3.9358E-02 4.5643E-02 3.9347E-02 4.0881E-02 0.0000E+00 3.9698E-02 4.3803E-02 3.8150E-02 2.8436E-02 1.6365E-02 5.3963E-03 4.1365E-04 0.0000E+00
 0.0000E+00 9.9280E-05 1.8707E-03 6.3833E-03 1.1460E-02 1.5363E-02 2.2580E-02 2.6963E-02 2.6007E-02 2.7891E-02 2.9413E-02 3.5830E-02 3.9589E-02 4.5132E-02 4.1153E-02 4.0575E-02 0.0000E+00 3.8536E-02 4.3827E-02 3.6805E-02 2.7471E-02 1.7305E-02 5.4294E-03 7.1975E-04 0.0000E+00
 0.0000E+00 1.6547E-04 1.8376E-03 6.6901E-03 1.1951E-02 1.5161E-02 2.1983E-02 2.7448E-02 2.7569E-02 2.6722E-02 2.9685E-02 3.4636E-02 3.8958E-02 4.5405E-02 4.2220E-02 4.0025E-02 0.0000E+00 3.6565E-02 4.1884E-02 3.7153E-02 2.8215E-02 1.6424E-02 5.5206E-03 7.1148E-04 0.0000E+00
 0.0000E+00 1.9029E-04 1.9783E-03 6.2010E-03 1.1585E-02 1.5161E-02 2.3076E-02 2.5403E-02 2.8119E-02 2.8313E-02 3.0611E-02 3.4752E-02 3.8948E-02 4.3514E-02 4.2988E-02 3.9557E-02 0.0000E+00 3.6565E-02 4.3815E-02 3.6376E-02 2.7621E-02 1.6231E-02 5.6035E-03 5.7911E-04 0.0000E+00
 0.0000E+00 1.4065E-04 1.7217E-03 5.3139E-03 1.1111E-02 1.4766E-02 2.3289E-02 2.4068E-02 2.7238E-02 2.7838E-02 3.0248E-02 3.5339E-02 3.8422E-02 4.2289E-02 3.9774E-02 4.2612E-02 0.0000E+00 3.8334E-02 4.2367E-02 3.8349E-02 2.6452E-02 1.6138E-02 5.1227E-03 7.4457E-04 0.0000E+00
 0.0000E+00 9.1006E-05 2.0693E-03 6.1844E-03 1.1294E-02 1.5313E-02 2.3861E-02 2.5446E-02 2.6932E-02 2.7073E-02 2.8832E-02 3.5416E-02 3.8958E-02 4.2289E-02 4.1594E-02 3.9944E-02 0.0000E+00 3.6869E-02 4.1401E-02 3.7183E-02 2.8268E-02 1.7213E-02 5.4046E-03 6.5357E-04 0.0000E+00
 0.0000E+00 8.2733E-05 2.0942E-03 5.9025E-03 1.0403E-02 1.5742E-02 2.3221E-02 2.4588E-02 2.6129E-02 2.7152E-02 3.0021E-02 3.4530E-02 3.8600E-02 4.4216E-02 4.0300E-02 4.1227E-02 0.0000E+00 3.8991E-02 4.2813E-02 3.7173E-02 2.6682E-02 1.6902E-02 5.3963E-03 5.4602E-04 0.0000E+00
 0.0000E+00 1.0755E-04 1.9948E-03 6.2093E-03 1.0686E-02 1.5868E-02 2.2239E-02 2.5177E-02 2.6871E-02 2.7478E-02 2.9077E-02 3.4049E-02 3.7349E-02 4.2444E-02 4.0115E-02 4.1125E-02 0.0000E+00 3.7391E-02 4.0302E-02 3.6167E-02 2.6373E-02 1.6927E-02 5.2720E-03 4.8811E-04 0.0000E+00
 0.0000E+00 1.1583E-04 1.9783E-03 6.2590E-03 1.1710E-02 1.5742E-02 2.2435E-02 2.5056E-02 2.7177E-02 2.7240E-02 2.8823E-02 3.3212E-02 3.8748E-02 4.3562E-02 4.1878E-02 4.1247E-02 0.0000E+00 3.7374E-02 4.1389E-02 3.6546E-02 2.6851E-02 1.6214E-02 5.0481E-03 5.2947E-04 0.0000E+00
 0.0000E+00 4.9640E-05 2.0528E-03 6.1015E-03 1.0753E-02 1.4623E-02 2.3716E-02 2.5403E-02 2.4768E-02 2.7398E-02 2.8750E-02 3.4838E-02 3.7128E-02 4.4240E-02 3.9930E-02 4.0677E-02 0.0000E+00 3.7846E-02 4.0048E-02 3.6287E-02 2.7178E-02 1.6718E-02 5.7776E-03 6.0393E-04 0.0000E+00
 0.0000E+00 1.1583E-04 1.8127E-03 5.8776E-03 1.0711E-02 1.4774E-02 2.2751E-02 2.4025E-02 2.6260E-02 2.5974E-02 2.9495E-02 3.4039E-02 3.7749E-02 4.3764E-02 3.9788E-02 3.9944E-02 0.0000E+00 3.6448E-02 4.1811E-02 3.5669E-02 2.7125E-02 1.6398E-02 5.1393E-03 3.8883E-04 0.0000E+00
 0.0000E+00 6.6187E-05 2.1604E-03 5.3885E-03 1.0828E-02 1.4547E-02 2.3058E-02 2.4397E-02 2.5990E-02 2.7530E-02 2.8387E-02 3.4396E-02 3.8958E-02 4.3158E-02 4.0129E-02 4.2042E-02 0.0000E+00 3.7997E-02 4.1630E-02 3.5848E-02 2.6939E-02 1.6751E-02 4.4928E-03 5.8739E-04 0.0000E+00
 0.0000E+00 9.9280E-05 1.7631E-03 6.1761E-03 1.0919E-02 1.4034E-02 2.2956E-02 2.5186E-02 2.5388E-02 2.6704E-02 2.8560E-02 3.4405E-02 3.8579E-02 4.2599E-02 3.9831E-02 3.9740E-02 0.0000E+00 3.6902E-02 4.1449E-02 3.5240E-02 2.6532E-02 1.6121E-02 5.7444E-03 4.8811E-04 0.0000E+00
 0.0000E+00 1.4065E-04 1.8707E-03 5.4963E-03 1.1194E-02 1.4404E-02 2.2299E-02 2.3704E-02 2.4890E-02 2.6344E-02 2.8732E-02 3.5541E-02 3.7012E-02 4.3181E-02 4.0201E-02 4.0575E-02 0.0000E+00 3.6565E-02 4.0447E-02 3.5061E-02 2.5452E-02 1.5559E-02 5.0316E-03 5.2947E-04 0.0000E+00
 0.0000E+00 1.2410E-04 1.7217E-03 5.9108E-03 1.0337E-02 1.3882E-02 2.2376E-02 2.4787E-02 2.5423E-02 2.5430E-02 2.8424E-02 3.4319E-02 3.7601E-02 4.1576E-02 3.9006E-02 3.9862E-02 0.0000E+00 3.6683E-02 4.0290E-02 3.5519E-02 2.6479E-02 1.5920E-02 5.2885E-03 4.1365E-04 0.0000E+00
 0.0000E+00 1.6547E-04 1.9038E-03 5.7201E-03 1.1277E-02 1.4050E-02 2.1641E-02 2.4761E-02 2.4986E-02 2.6133E-02 2.9767E-02 3.4213E-02 3.6150E-02 4.3609E-02 3.9106E-02 4.2103E-02 0.0000E+00 3.6987E-02 4.1328E-02 3.5470E-02 2.5708E-02 1.5643E-02 5.2471E-03 6.4530E-04 0.0000E+00
 0.0000E+00 1.3237E-04 2.1438E-03 5.5543E-03 9.5875E-03 1.4724E-02 2.1471E-02 2.4779E-02 2.5440E-02 2.5825E-02 2.8415E-02 3.3366E-02 3.7012E-02 4.1730E-02 4.0030E-02 3.9333E-02 0.0000E+00 3.7239E-02 4.0399E-02 3.4264E-02 2.5646E-02 1.5744E-02 4.9321E-03 6.2048E-04 0.0000E+00
 0.0000E+00 7.4460E-05 1.5561E-03 5.1067E-03 1.0844E-02 1.3462E-02 2.1513E-02 2.4337E-02 2.5780E-02 2.7135E-02 2.9431E-02 3.2018E-02 3.5908E-02 4.1362E-02 3.8750E-02 3.8946E-02 0.0000E+00 3.5673E-02 3.8696E-02 3.6008E-02 2.6257E-02 1.5970E-02 5.3383E-03 5.2947E-04 0.0000E+00
 0.0000E+00 1.0755E-04 2.0693E-03 5.1481E-03 1.0511E-02 1.3756E-02 2.1189E-02 2.4016E-02 2.4602E-02 2.5034E-02 2.7643E-02 3.2364E-02 3.6686E-02 4.1576E-02 3.9177E-02 3.9068E-02 0.0000E+00 3.6902E-02 3.9952E-02 3.4085E-02 2.5266E-02 1.5886E-02 4.6751E-03 5.5429E-04 0.0000E+00
 0.0000E+00 1.4065E-04 1.7051E-03 5.5378E-03 1.0287E-02 1.3125E-02 2.2230E-02 2.4302E-02 2.5571E-02 2.6537E-02 2.8269E-02 3.3500E-02 3.5550E-02 4.2016E-02 3.8181E-02 4.0982E-02 0.0000E+00 3.5218E-02 4.0338E-02 3.6147E-02 2.5779E-02 1.5979E-02 4.6668E-03 6.2048E-04 0.0000E+00
 0.0000E+00 9.1006E-05 1.8955E-03 5.2062E-03 9.9621E-03 1.3184E-02 2.1078E-02 2.4519E-02 2.5152E-02 2.5737E-02 2.7816E-02 3.3346E-02 3.7749E-02 4.0601E-02 3.7385E-02 4.1553E-02 0.0000E+00 3.6212E-02 4.0821E-02 3.5191E-02 2.5939E-02 1.5727E-02 4.5342E-03 7.3630E-04 0.0000E+00
 0.0000E+00 5.7913E-05 1.9369E-03 5.7616E-03 9.5376E-03 1.3739E-02 2.1539E-02 2.3089E-02 2.4532E-02 2.5219E-02 2.8369E-02 3.4107E-02 3.5592E-02 4.2658E-02 4.0001E-02 3.9658E-02 0.0000E+00 3.7408E-02 3.9119E-02 3.3726E-02 2.5257E-02 1.5231E-02 4.3518E-03 4.4674E-04 0.0000E+00
 0.0000E+00 1.1583E-04 1.9452E-03 5.7865E-03 9.6125E-03 1.4008E-02 2.1991E-02 2.4085E-02 2.5571E-02 2.5430E-02 2.7262E-02 3.1941E-02 3.7980E-02 4.0184E-02 3.7968E-02 3.9720E-02 0.0000E+00 3.6010E-02 3.9143E-02 3.5250E-02 2.4849E-02 1.5139E-02 5.1310E-03 6.0393E-04 0.0000E+00
 0.0000E+00 5.7913E-05 1.7962E-03 5.2891E-03 1.0079E-02 1.3798E-02 2.0711E-02 2.3011E-02 2.4009E-02 2.6405E-02 2.7389E-02 3.3404E-02 3.5613E-02 4.0613E-02 3.9077E-02 4.2103E-02 0.0000E+00 3.6549E-02 3.9940E-02 3.3587E-02 2.4725E-02 1.5660E-02 4.9238E-03 5.8739E-04 0.0000E+00
 0.0000E+00 1.5719E-04 1.6306E-03 5.8362E-03 1.0129E-02 1.3243E-02 2.0318E-02 2.3938E-02 2.3878E-02 2.5201E-02 2.8496E-02 3.2518E-02 3.6739E-02 4.1659E-02 3.9106E-02 3.7601E-02 0.0000E+00 3.7071E-02 3.8575E-02 3.4085E-02 2.4548E-02 1.6231E-02 5.0813E-03 6.2048E-04 0.0000E+00
 0.0000E+00 7.4460E-05 1.7631E-03 5.4549E-03 1.0428E-02 1.2873E-02 2.0497E-02 2.3973E-02 2.4384E-02 2.5236E-02 2.7389E-02 3.2085E-02 3.6066E-02 4.1695E-02 3.7342E-02 4.0534E-02 0.0000E+00 3.6431E-02 3.8913E-02 3.3945E-02 2.4876E-02 1.5508E-02 4.3684E-03 7.2803E-04 0.0000E+00
 0.0000E+00 1.0755E-04 1.9369E-03 5.4549E-03 9.8705E-03 1.3436E-02 2.1368E-02 2.1754E-02 2.4122E-02 2.5350E-02 2.8197E-02 3.2056E-02 3.6034E-02 4.3502E-02 3.9916E-02 4.0045E-02 0.0000E+00 3.4443E-02 3.8877E-02 3.4962E-02 2.4539E-02 1.5231E-02 4.8575E-03 5.1293E-04 0.0000E+00
 0.0000E+00 1.2410E-04 1.9617E-03 5.5709E-03 1.0187E-02 1.3882E-02 2.1061E-02 2.2361E-02 2.4524E-02 2.6106E-02 2.7180E-02 3.1604E-02 3.4004E-02 4.2075E-02 3.8025E-02 4.1390E-02 0.0000E+00 3.6650E-02 4.0024E-02 3.3178E-02 2.3937E-02 1.4568E-02 4.5342E-03 5.1293E-04 0.0000E+00
 0.0000E+00 1.2410E-04 1.8045E-03 5.4466E-03 1.0104E-02 1.2788E-02 2.1291E-02 2.2508E-02 2.3546E-02 2.4999E-02 2.6863E-02 3.1286E-02 3.4278E-02 4.0660E-02 3.6944E-02 4.1084E-02 0.0000E+00 3.5471E-02 3.8708E-02 3.4812E-02 2.4486E-02 1.5164E-02 4.5757E-03 4.7984E-04 0.0000E+00
 0.0000E+00 1.2410E-04 2.1521E-03 4.9823E-03 1.0153E-02 1.2923E-02 2.1197E-02 2.3357E-02 2.4724E-02 2.5139E-02 2.7244E-02 3.1248E-02 3.5119E-02 3.9625E-02 3.8835E-02 3.9007E-02 0.0000E+00 3.4292E-02 3.9034E-02 3.3646E-02 2.4495E-02 1.5223E-02 4.5591E-03 5.9566E-04 0.0000E+00
 0.0000E+00 1.5719E-04 1.6969E-03 5.6455E-03 9.7623E-03 1.2031E-02 2.0677E-02 2.2153E-02 2.3188E-02 2.4797E-02 2.7843E-02 3.0728E-02 3.7538E-02 4.0946E-02 3.9802E-02 4.0147E-02 0.0000E+00 3.5370E-02 3.6813E-02 3.2949E-02 2.4451E-02 1.5080E-02 4.6337E-03 4.7156E-04 0.0000E+00
 0.0000E+00 1.0755E-04 1.7796E-03 5.0735E-03 9.8788E-03 1.3117E-02 2.0062E-02 2.2534E-02 2.4550E-02 2.4507E-02 2.6472E-02 3.1604E-02 3.4541E-02 4.1409E-02 3.7769E-02 3.9333E-02 0.0000E+00 3.4292E-02 3.8008E-02 3.3248E-02 2.5062E-02 1.4610E-02 4.5757E-03 5.7911E-04 0.0000E+00
 0.0000E+00 1.2410E-04 1.8459E-03 5.1481E-03 9.6791E-03 1.2688E-02 2.0233E-02 2.3089E-02 2.3747E-02 2.5509E-02 2.6128E-02 3.1537E-02 3.6329E-02 4.0434E-02 3.7684E-02 3.9047E-02 0.0000E+00 3.3803E-02 3.8527E-02 3.1923E-02 2.4584E-02 1.4937E-02 4.3767E-03 6.2875E-04 0.0000E+00
 0.0000E+00 3.3093E-05 1.7465E-03 5.3637E-03 8.8885E-03 1.3798E-02 2.0122E-02 2.1685E-02 2.3433E-02 2.4287E-02 2.6264E-02 3.0478E-02 3.4804E-02 4.1195E-02 3.8494E-02 4.0066E-02 0.0000E+00 3.5824E-02 3.7320E-02 3.2750E-02 2.3238E-02 1.4560E-02 4.2441E-03 5.6257E-04 0.0000E+00
 0.0000E+00 8.2733E-05 1.6886E-03 5.0404E-03 1.0054E-02 1.2839E-02 2.0497E-02 2.2023E-02 2.2953E-02 2.3812E-02 2.5873E-02 3.1094E-02 3.5014E-02 4.0256E-02 3.7911E-02 4.0412E-02 0.0000E+00 3.4275E-02 3.7489E-02 3.3746E-02 2.3379E-02 1.5164E-02 3.7633E-03 5.8739E-04 0.0000E+00
 0.0000E+00 9.9280E-05 1.6389E-03 4.8663E-03 9.4960E-03 1.2906E-02 2.1061E-02 2.2421E-02 2.3703E-02 2.3610E-02 2.5229E-02 3.1383E-02 3.3920E-02 3.9602E-02 3.6091E-02 3.8212E-02 0.0000E+00 3.4848E-02 3.8889E-02 3.2720E-02 2.3973E-02 1.4518E-02 4.3436E-03 4.6329E-04 0.0000E+00
 0.0000E+00 9.9280E-05 1.6141E-03 5.0404E-03 8.9384E-03 1.2696E-02 1.9618E-02 2.0697E-02 2.2656E-02 2.4419E-02 2.7035E-02 3.0343E-02 3.4383E-02 4.1695E-02 3.8949E-02 3.9516E-02 0.0000E+00 3.3635E-02 3.6438E-02 3.2162E-02 2.2998E-02 1.4484E-02 4.6917E-03 5.4602E-04 0.0000E+00
 0.0000E+00 2.1511E-04 1.5313E-03 5.0486E-03 9.6208E-03 1.2376E-02 1.9652E-02 2.1763E-02 2.3284E-02 2.4014E-02 2.6482E-02 3.0102E-02 3.3857E-02 3.9828E-02 3.7612E-02 3.8029E-02 0.0000E+00 3.5639E-02 3.7332E-02 3.1694E-02 2.2467E-02 1.4526E-02 4.1363E-03 7.5285E-04 0.0000E+00
 0.0000E+00 8.2733E-05 1.3740E-03 4.5098E-03 9.1465E-03 1.1829E-02 1.9481E-02 2.0064E-02 2.3337E-02 2.4014E-02 2.5129E-02 3.0699E-02 3.4078E-02 3.8638E-02 3.8025E-02 3.9618E-02 0.0000E+00 3.6330E-02 3.6100E-02 3.2102E-02 2.3751E-02 1.4148E-02 4.1115E-03 6.5357E-04 0.0000E+00
 0.0000E+00 1.0755E-04 1.6720E-03 5.0652E-03 9.0299E-03 1.2334E-02 1.9746E-02 2.1364E-02 2.4436E-02 2.4471E-02 2.6182E-02 3.0689E-02 3.3278E-02 3.8187E-02 3.9006E-02 3.5972E-02 0.0000E+00 3.3180E-02 3.8189E-02 3.2560E-02 2.2928E-02 1.3451E-02 4.5176E-03 4.7156E-04 0.0000E+00
 0.0000E+00 1.2410E-04 1.4237E-03 4.8911E-03 8.7470E-03 1.1981E-02 1.9260E-02 2.1598E-02 2.3127E-02 2.4076E-02 2.5864E-02 3.0208E-02 3.3394E-02 3.8056E-02 3.7513E-02 3.8579E-02 0.0000E+00 3.4696E-02 3.7875E-02 3.0558E-02 2.3184E-02 1.3829E-02 4.8409E-03 5.4602E-04 0.0000E+00
 0.0000E+00 1.8201E-04 1.8707E-03 4.8414E-03 9.0050E-03 1.1947E-02 1.8833E-02 2.0922E-02 2.4550E-02 2.3944E-02 2.5538E-02 2.9669E-02 3.2227E-02 3.8448E-02 3.9845E-02 4.0025E-02 0.0000E+00 3.4696E-02 3.6233E-02 3.1644E-02 2.3255E-02 1.3468E-02 4.3436E-03 5.0466E-04 0.0000E+00
 0.0000E+00 1.0755E-04 1.5644E-03 4.6341E-03 9.1298E-03 1.2040E-02 1.8653E-02 2.1849E-02 2.2673E-02 2.2801E-02 2.5120E-02 3.0295E-02 3.4446E-02 3.9031E-02 3.8139E-02 3.8110E-02 0.0000E+00 3.3517E-02 3.5786E-02 3.1185E-02 2.3246E-02 1.3712E-02 4.4762E-03 4.8811E-04 0.0000E+00
 0.0000E+00 1.3237E-04 1.6141E-03 4.6756E-03 8.4474E-03 1.1526E-02 1.8739E-02 2.1511E-02 2.2796E-02 2.4674E-02 2.5492E-02 3.0150E-02 3.2952E-02 3.9055E-02 3.7499E-02 3.9190E-02 0.0000E+00 3.5218E-02 3.5581E-02 3.2192E-02 2.3689E-02 1.3485E-02 4.5674E-03 5.3775E-04 0.0000E+00
 0.0000E+00 1.0755E-04 1.4734E-03 4.6839E-03 8.7303E-03 1.1653E-02 1.8790E-02 2.0411E-02 2.2385E-02 2.3882E-02 2.5039E-02 2.8851E-02 3.2805E-02 3.8175E-02 3.6944E-02 3.9923E-02 0.0000E+00 3.4696E-02 3.5424E-02 3.1584E-02 2.3911E-02 1.3342E-02 4.0866E-03 4.8811E-04 0.0000E+00
 0.0000E+00 1.2410E-04 1.5727E-03 4.6259E-03 9.0799E-03 1.1787E-02 1.9686E-02 2.0766E-02 2.1836E-02 2.2749E-02 2.5783E-02 3.0439E-02 3.3647E-02 3.8424E-02 3.7442E-02 3.8538E-02 0.0000E+00 3.4426E-02 3.7078E-02 3.1185E-02 2.2449E-02 1.3686E-02 4.0866E-03 5.7084E-04 0.0000E+00
 0.0000E+00 1.1583E-04 1.4734E-03 4.5429E-03 8.7470E-03 1.0879E-02 1.8918E-02 2.1121E-02 2.2543E-02 2.3452E-02 2.5229E-02 2.9525E-02 3.3773E-02 3.7877E-02 3.7527E-02 3.9129E-02 0.0000E+00 3.4831E-02 3.6209E-02 3.1036E-02 2.2210E-02 1.3334E-02 4.0617E-03 5.1293E-04 0.0000E+00
 0.0000E+00 1.1583E-04 2.0031E-03 4.7751E-03 9.3212E-03 1.1686E-02 1.9311E-02 2.1026E-02 2.2385E-02 2.2784E-02 2.6382E-02 2.7955E-02 3.3026E-02 3.8258E-02 3.6859E-02 3.9557E-02 0.0000E+00 3.3045E-02 3.6945E-02 3.1893E-02 2.1661E-02 1.3712E-02 4.1197E-03 4.7156E-04 0.0000E+00
 0.0000E+00 6.6187E-05 1.6472E-03 4.1119E-03 8.8801E-03 1.1459E-02 1.9208E-02 2.0307E-02 2.2543E-02 2.3636E-02 2.4639E-02 2.9226E-02 3.3447E-02 3.8175E-02 3.7115E-02 3.8070E-02 0.0000E+00 3.3837E-02 3.5931E-02 3.1305E-02 2.2201E-02 1.3972E-02 4.0120E-03 5.6257E-04 0.0000E+00
 0.0000E+00 1.0755E-04 1.7051E-03 4.4849E-03 8.9550E-03 1.1585E-02 1.9772E-02 2.0272E-02 2.1949E-02 2.3258E-02 2.4358E-02 2.8668E-02 3.1827E-02 3.8650E-02 3.6233E-02 4.1349E-02 0.0000E+00 3.4241E-02 3.6100E-02 3.1006E-02 2.2476E-02 1.3090E-02 3.7716E-03 4.1365E-04 0.0000E+00
 0.0000E+00 1.2410E-04 1.4154E-03 4.7585E-03 8.5972E-03 1.1282E-02 1.8781E-02 1.9778E-02 2.1740E-02 2.2661E-02 2.5202E-02 2.9573E-02 3.2942E-02 3.8234E-02 3.7371E-02 3.7601E-02 0.0000E+00 3.2793E-02 3.6064E-02 2.9372E-02 2.2255E-02 1.2788E-02 3.5892E-03 4.5502E-04 0.0000E+00
 0.0000E+00 1.9029E-04 1.4734E-03 4.3771E-03 7.8981E-03 1.1796E-02 1.8577E-02 1.9527E-02 2.3328E-02 2.2388E-02 2.5093E-02 2.9294E-02 3.2553E-02 3.8020E-02 3.5053E-02 3.8823E-02 0.0000E+00 3.3197E-02 3.3782E-02 2.9541E-02 2.3043E-02 1.3779E-02 3.9374E-03 4.5502E-04 0.0000E+00
 0.0000E+00 4.9640E-05 1.3492E-03 4.5347E-03 8.8885E-03 1.0391E-02 1.8713E-02 2.0627E-02 2.2028E-02 2.2986E-02 2.5157E-02 2.8610E-02 3.2332E-02 3.7961E-02 3.5750E-02 3.6664E-02 0.0000E+00 3.3972E-02 3.4422E-02 2.9940E-02 2.2556E-02 1.2175E-02 3.7882E-03 5.3775E-04 0.0000E+00
 0.0000E+00 2.1511E-04 1.7962E-03 4.0041E-03 9.3712E-03 1.1855E-02 1.7817E-02 1.9709E-02 2.2193E-02 2.2423E-02 2.5438E-02 2.8408E-02 3.3657E-02 3.7818E-02 3.7996E-02 3.8294E-02 0.0000E+00 3.2675E-02 3.5992E-02 3.0069E-02 2.2290E-02 1.2612E-02 3.6307E-03 4.9638E-04 0.0000E+00
 0.0000E+00 1.1583E-04 1.3823E-03 4.2528E-03 7.7566E-03 1.1325E-02 1.8329E-02 2.0003E-02 2.1617E-02 2.3197E-02 2.3559E-02 2.8187E-02 3.2479E-02 3.7318E-02 3.6788E-02 3.8559E-02 0.0000E+00 3.2271E-02 3.6040E-02 2.9641E-02 2.2290E-02 1.1999E-02 3.3737E-03 4.1365E-04 0.0000E+00
 0.0000E+00 4.9640E-05 1.5644E-03 4.2031E-03 8.3142E-03 1.1291E-02 1.8824E-02 2.1026E-02 2.1033E-02 2.2441E-02 2.4403E-02 2.8379E-02 3.1501E-02 3.6795E-02 3.5351E-02 3.7988E-02 0.0000E+00 3.3113E-02 3.5159E-02 2.8904E-02 2.0129E-02 1.3309E-02 3.6638E-03 6.2048E-04 0.0000E+00
 0.0000E+00 1.1583E-04 1.6969E-03 4.0207E-03 8.4640E-03 1.0954E-02 1.7646E-02 1.9492E-02 2.1199E-02 2.3091E-02 2.4258E-02 2.8196E-02 3.1312E-02 3.7746E-02 3.6205E-02 3.8029E-02 0.0000E+00 3.3719E-02 3.5460E-02 2.9970E-02 2.2122E-02 1.2956E-02 3.5561E-03 5.5429E-04 0.0000E+00
 0.0000E+00 1.3237E-04 1.5396E-03 4.3025E-03 8.0396E-03 1.0685E-02 1.8167E-02 1.9215E-02 2.1425E-02 2.1676E-02 2.4031E-02 2.8341E-02 3.1648E-02 3.6510E-02 3.7001E-02 3.8803E-02 0.0000E+00 3.0923E-02 3.3830E-02 3.0149E-02 2.1511E-02 1.2167E-02 3.7136E-03 4.3847E-04 0.0000E+00
 0.0000E+00 1.5719E-04 1.2250E-03 4.0621E-03 8.5972E-03 1.1055E-02 1.8175E-02 1.8955E-02 2.1460E-02 2.2362E-02 2.4122E-02 2.7542E-02 3.1049E-02 3.6688E-02 3.7712E-02 3.7886E-02 0.0000E+00 3.2759E-02 3.6704E-02 2.8097E-02 2.1404E-02 1.2108E-02 3.7799E-03 3.8883E-04 0.0000E+00
 0.0000E+00 1.2410E-04 1.4734E-03 3.7305E-03 7.7816E-03 1.0895E-02 1.7202E-02 1.9145E-02 2.2080E-02 2.2204E-02 2.3786E-02 2.7532E-02 3.1953E-02 3.8222E-02 3.5010E-02 3.7092E-02 0.0000E+00 3.1294E-02 3.3903E-02 2.9372E-02 2.1174E-02 1.2872E-02 3.7136E-03 5.0466E-04 0.0000E+00
 0.0000E+00 1.1583E-04 1.1506E-03 3.8963E-03 8.0895E-03 1.0845E-02 1.8474E-02 1.9197E-02 2.1321E-02 2.1703E-02 2.4485E-02 2.7782E-02 3.2121E-02 3.7818E-02 3.5707E-02 3.8844E-02 0.0000E+00 3.2810E-02 3.5231E-02 2.7788E-02 2.0289E-02 1.2200E-02 3.9457E-03 4.5502E-04 0.0000E+00
 0.0000E+00 5.7913E-05 1.3327E-03 4.1865E-03 8.5056E-03 1.0416E-02 1.7595E-02 1.9119E-02 2.2115E-02 2.1202E-02 2.4131E-02 2.7522E-02 3.2290E-02 3.7604E-02 3.5849E-02 3.6766E-02 0.0000E+00 3.2944E-02 3.6511E-02 2.8186E-02 2.1555E-02 1.2150E-02 3.4815E-03 4.8811E-04 0.0000E+00
 0.0000E+00 1.1583E-04 1.4072E-03 3.9544E-03 8.6221E-03 1.1282E-02 1.8107E-02 1.9197E-02 2.1696E-02 2.2116E-02 2.3868E-02 2.8004E-02 3.1270E-02 3.6379E-02 3.5977E-02 3.7825E-02 0.0000E+00 3.2557E-02 3.3698E-02 2.7848E-02 2.1520E-02 1.2435E-02 3.5229E-03 5.2120E-04 0.0000E+00
 0.0000E+00 1.1583E-04 1.3823E-03 4.3108E-03 8.0812E-03 9.5409E-03 1.7595E-02 1.9648E-02 2.2682E-02 2.2010E-02 2.3668E-02 2.7773E-02 3.1596E-02 3.6997E-02 3.7484E-02 3.8518E-02 0.0000E+00 3.2456E-02 3.2901E-02 2.9063E-02 2.1139E-02 1.2855E-02 3.4649E-03 4.7984E-04 0.0000E+00
 0.0000E+00 7.4460E-05 1.5479E-03 3.6725E-03 8.6305E-03 1.0071E-02 1.7783E-02 1.8287E-02 2.1809E-02 2.1579E-02 2.2561E-02 2.7301E-02 3.1217E-02 3.6141E-02 3.7157E-02 3.6603E-02 0.0000E+00 3.2944E-02 3.4458E-02 2.8685E-02 2.1024E-02 1.1780E-02 3.8462E-03 5.9566E-04 0.0000E+00
 0.0000E+00 1.6547E-05 1.3658E-03 3.8549E-03 7.6650E-03 9.6923E-03 1.7390E-02 1.7854E-02 2.1251E-02 2.2283E-02 2.3723E-02 2.6483E-02 3.0523E-02 3.7092E-02 3.7015E-02 3.7112E-02 0.0000E+00 3.2557E-02 3.3987E-02 2.9252E-02 2.0944E-02 1.3393E-02 3.6141E-03 3.6401E-04 0.0000E+00
 0.0000E+00 7.4460E-05 1.5065E-03 4.0373E-03 8.4058E-03 1.0584E-02 1.8013E-02 1.8981E-02 2.1207E-02 2.1070E-02 2.3087E-02 2.5924E-02 3.0249E-02 3.6985E-02 3.6603E-02 3.6827E-02 0.0000E+00 3.3332E-02 3.2599E-02 2.8565E-02 2.0687E-02 1.2578E-02 3.7302E-03 4.5502E-04 0.0000E+00
 0.0000E+00 9.9280E-05 1.2747E-03 3.8715E-03 7.7150E-03 9.6503E-03 1.6750E-02 1.9050E-02 2.0291E-02 2.2063E-02 2.2234E-02 2.7513E-02 3.1175E-02 3.5261E-02 3.5579E-02 3.7173E-02 0.0000E+00 3.2052E-02 3.3565E-02 2.7638E-02 1.9571E-02 1.2377E-02 3.5312E-03 4.4674E-04 0.0000E+00
 0.0000E+00 9.1006E-05 1.4734E-03 3.8715E-03 7.2905E-03 1.0071E-02 1.7151E-02 1.8547E-02 2.0431E-02 2.1738E-02 2.2679E-02 2.7205E-02 3.0954E-02 3.6569E-02 3.6887E-02 3.8233E-02 0.0000E+00 3.2574E-02 3.1681E-02 2.6403E-02 2.0439E-02 1.2074E-02 3.5395E-03 4.7984E-04 0.0000E+00
 0.0000E+00 1.0755E-04 1.5396E-03 4.1284E-03 7.4237E-03 1.0281E-02 1.6280E-02 1.7793E-02 2.1713E-02 2.0859E-02 2.2706E-02 2.6194E-02 3.0870E-02 3.5915E-02 3.5678E-02 3.8375E-02 0.0000E+00 3.2271E-02 3.3492E-02 2.7947E-02 2.1015E-02 1.2469E-02 3.7384E-03 4.2193E-04 0.0000E+00
 0.0000E+00 1.4065E-04 1.3078E-03 3.6559E-03 8.0479E-03 9.1959E-03 1.7185E-02 1.9128E-02 2.0579E-02 2.1272E-02 2.2779E-02 2.5655E-02 3.1669E-02 3.7081E-02 3.6062E-02 3.7377E-02 0.0000E+00 3.2607E-02 3.3673E-02 2.7409E-02 2.0156E-02 1.1688E-02 3.5892E-03 4.3847E-04 0.0000E+00
 0.0000E+00 5.7913E-05 1.4568E-03 3.7637E-03 7.3987E-03 1.0189E-02 1.7492E-02 1.8521E-02 2.0631E-02 2.1237E-02 2.3287E-02 2.6252E-02 3.0123E-02 3.5630E-02 3.5351E-02 3.6888E-02 0.0000E+00 3.2119E-02 3.2526E-02 2.6871E-02 2.0404E-02 1.2427E-02 3.2825E-03 3.1438E-04 0.0000E+00
 0.0000E+00 7.4460E-05 1.5396E-03 3.7968E-03 7.9064E-03 9.6587E-03 1.6801E-02 1.8305E-02 2.1164E-02 2.1017E-02 2.2407E-02 2.6396E-02 3.1554E-02 3.4928E-02 3.5806E-02 3.8294E-02 0.0000E+00 3.0334E-02 3.2659E-02 2.7080E-02 2.0723E-02 1.0974E-02 3.2991E-03 3.8883E-04 0.0000E+00
 0.0000E+00 9.1006E-05 1.1671E-03 4.2113E-03 7.5985E-03 9.5661E-03 1.7228E-02 1.7906E-02 2.0937E-02 2.1333E-02 2.2670E-02 2.5886E-02 3.1164E-02 3.5891E-02 3.6717E-02 3.8253E-02 0.0000E+00 3.2473E-02 3.2394E-02 2.7658E-02 2.0085E-02 1.1445E-02 3.2328E-03 3.6401E-04 0.0000E+00
 0.0000E+00 1.1583E-04 1.3823E-03 3.4072E-03 7.6151E-03 9.5409E-03 1.6400E-02 1.7888E-02 2.0465E-02 2.0718E-02 2.3042E-02 2.5510E-02 3.0407E-02 3.4987E-02 3.6134E-02 3.9373E-02 0.0000E+00 3.1327E-02 3.1307E-02 2.8097E-02 2.0253E-02 1.1100E-02 3.2660E-03 4.0538E-04 0.0000E+00
 0.0000E+00 7.4460E-05 1.4320E-03 3.6725E-03 7.5069E-03 9.7933E-03 1.6673E-02 1.8426E-02 2.1172E-02 2.1492E-02 2.2643E-02 2.5154E-02 3.1543E-02 3.4869E-02 3.4100E-02 3.8233E-02 0.0000E+00 3.3618E-02 3.1693E-02 2.7310E-02 1.9261E-02 1.2368E-02 3.4235E-03 4.2193E-04 0.0000E+00
 0.0000E+00 8.2733E-05 1.3409E-03 3.7305E-03 6.7579E-03 9.3390E-03 1.7561E-02 1.7984E-02 2.1801E-02 2.0314E-02 2.2516E-02 2.5818E-02 2.9324E-02 3.5320E-02 3.3560E-02 3.9536E-02 0.0000E+00 3.0418E-02 3.2539E-02 2.8157E-02 1.8827E-02 1.2032E-02 3.4898E-03 4.9638E-04 0.0000E+00
 0.0000E+00 9.1006E-05 1.1174E-03 3.8217E-03 7.8565E-03 8.9519E-03 1.6886E-02 1.8669E-02 1.9628E-02 2.0947E-02 2.2597E-02 2.6165E-02 3.1280E-02 3.5213E-02 3.4768E-02 3.8294E-02 0.0000E+00 3.1647E-02 3.2478E-02 2.6841E-02 1.9757E-02 1.1528E-02 3.4235E-03 4.5502E-04 0.0000E+00
 0.0000E+00 9.1006E-05 1.2499E-03 3.7139E-03 7.4487E-03 9.4652E-03 1.6818E-02 1.8305E-02 2.0369E-02 2.1896E-02 2.1536E-02 2.5924E-02 2.8903E-02 3.5225E-02 3.6233E-02 3.7784E-02 0.0000E+00 3.0704E-02 3.2092E-02 2.7021E-02 2.0147E-02 1.1940E-02 2.8598E-03 4.6329E-04 0.0000E+00
 0.0000E+00 9.9280E-05 1.1837E-03 3.9295E-03 7.7566E-03 9.9447E-03 1.6963E-02 1.7022E-02 1.9715E-02 2.0252E-02 2.1145E-02 2.5636E-02 2.9839E-02 3.4226E-02 3.4086E-02 3.7479E-02 0.0000E+00 3.3247E-02 3.1597E-02 2.7698E-02 1.8960E-02 1.1822E-02 3.2411E-03 4.7984E-04 0.0000E+00
 0.0000E+00 7.4460E-05 1.3575E-03 3.3823E-03 7.5236E-03 8.8341E-03 1.6135E-02 1.7100E-02 1.9750E-02 2.0490E-02 2.2516E-02 2.3161E-02 2.9902E-02 3.4833E-02 3.5366E-02 3.7214E-02 0.0000E+00 3.0401E-02 3.1633E-02 2.6483E-02 1.9952E-02 1.1470E-02 3.1665E-03 4.7156E-04 0.0000E+00
 0.0000E+00 4.9640E-05 1.5893E-03 3.7222E-03 7.7067E-03 8.9351E-03 1.6451E-02 1.7091E-02 1.9453E-02 1.9452E-02 2.2098E-02 2.4654E-02 3.0081E-02 3.5309E-02 3.4470E-02 3.6196E-02 0.0000E+00 3.1327E-02 3.1645E-02 2.5875E-02 1.8615E-02 1.1436E-02 2.8929E-03 4.5502E-04 0.0000E+00
 0.0000E+00 4.9640E-05 1.2250E-03 3.8383E-03 6.5998E-03 9.0781E-03 1.7364E-02 1.7958E-02 1.9724E-02 2.0815E-02 2.1499E-02 2.5039E-02 2.9776E-02 3.5380E-02 3.5181E-02 3.7744E-02 0.0000E+00 2.9441E-02 3.2382E-02 2.5845E-02 1.9137E-02 1.1814E-02 2.9510E-03 6.0393E-04 0.0000E+00
 0.0000E+00 9.1006E-05 1.3658E-03 3.8051E-03 6.8245E-03 9.6587E-03 1.6929E-02 1.7706E-02 1.9296E-02 1.9523E-02 2.1399E-02 2.5578E-02 2.8882E-02 3.2775E-02 3.4328E-02 3.8090E-02 0.0000E+00 2.9441E-02 3.1730E-02 2.6971E-02 1.9385E-02 1.1814E-02 2.7852E-03 4.5502E-04 0.0000E+00
 0.0000E+00 9.1006E-05 1.4154E-03 3.3575E-03 7.4570E-03 9.5998E-03 1.6400E-02 1.6580E-02 2.0081E-02 2.0314E-02 2.1808E-02 2.5241E-02 3.1143E-02 3.5677E-02 3.4555E-02 3.6053E-02 0.0000E+00 3.2287E-02 3.2683E-02 2.6194E-02 1.9252E-02 1.1151E-02 3.0173E-03 5.0466E-04 0.0000E+00
 0.0000E+00 5.7913E-05 1.2168E-03 3.7139E-03 7.2656E-03 9.6082E-03 1.5631E-02 1.6545E-02 1.9348E-02 1.9373E-02 2.2570E-02 2.6098E-02 3.0123E-02 3.4440E-02 3.3417E-02 3.8599E-02 0.0000E+00 3.1176E-02 3.1742E-02 2.5745E-02 1.9430E-02 1.0571E-02 3.1168E-03 5.2120E-04 0.0000E+00
 0.0000E+00 1.8201E-04 1.3989E-03 3.5399E-03 6.8411E-03 8.9856E-03 1.6604E-02 1.6727E-02 1.9750E-02 2.0947E-02 2.1826E-02 2.5713E-02 2.9292E-02 3.5178E-02 3.5366E-02 3.6094E-02 0.0000E+00 2.8750E-02 3.1585E-02 2.6602E-02 1.8438E-02 1.0773E-02 2.7935E-03 2.8128E-04 0.0000E+00
 0.0000E+00 1.4065E-04 1.3658E-03 3.5647E-03 7.4820E-03 8.5481E-03 1.5247E-02 1.7065E-02 1.9610E-02 1.9558E-02 2.2697E-02 2.3806E-02 2.7672E-02 3.4809E-02 3.3688E-02 3.7459E-02 0.0000E+00 3.1445E-02 3.1802E-02 2.5168E-02 1.9279E-02 1.0664E-02 2.9758E-03 4.3847E-04 0.0000E+00
 0.0000E+00 1.9856E-04 9.3534E-04 3.5730E-03 7.1990E-03 8.5397E-03 1.6434E-02 1.6363E-02 1.8144E-02 1.9628E-02 2.0356E-02 2.5193E-02 2.8587E-02 3.4226E-02 3.3673E-02 3.7255E-02 0.0000E+00 3.0839E-02 3.1995E-02 2.5407E-02 1.7995E-02 1.0487E-02 3.4815E-03 3.9711E-04 0.0000E+00
 0.0000E+00 5.7913E-05 1.0264E-03 3.6808E-03 6.7412E-03 8.5397E-03 1.5751E-02 1.7091E-02 1.8781E-02 2.0015E-02 2.1889E-02 2.4394E-02 2.8724E-02 3.5439E-02 3.5309E-02 3.7275E-02 0.0000E+00 2.9879E-02 3.0824E-02 2.5078E-02 1.8305E-02 1.1025E-02 3.4152E-03 4.4674E-04 0.0000E+00
 0.0000E+00 9.9280E-05 1.0512E-03 3.3658E-03 7.1574E-03 8.8762E-03 1.6178E-02 1.6944E-02 1.9322E-02 1.9857E-02 2.1354E-02 2.4519E-02 2.8714E-02 3.3620E-02 3.4712E-02 3.6888E-02 0.0000E+00 2.9172E-02 3.0426E-02 2.5935E-02 1.8438E-02 1.0697E-02 2.8929E-03 3.3092E-04 0.0000E+00
 0.0000E+00 1.0755E-04 1.2085E-03 3.8715E-03 6.8328E-03 8.6911E-03 1.5691E-02 1.6545E-02 1.9069E-02 1.9356E-02 2.1445E-02 2.3729E-02 2.8892E-02 3.4191E-02 3.3560E-02 3.9027E-02 0.0000E+00 3.1782E-02 3.0124E-02 2.5277E-02 1.8898E-02 1.0328E-02 2.8764E-03 3.3919E-04 0.0000E+00
 0.0000E+00 7.4460E-05 1.3740E-03 3.5564E-03 6.6247E-03 8.7753E-03 1.5811E-02 1.5592E-02 1.9148E-02 1.9329E-02 2.0973E-02 2.3787E-02 2.7935E-02 3.2359E-02 3.4171E-02 3.5890E-02 0.0000E+00 2.9593E-02 3.1198E-02 2.3922E-02 1.8243E-02 1.0857E-02 3.1582E-03 2.9783E-04 0.0000E+00
 0.0000E+00 7.4460E-05 1.0098E-03 3.3492E-03 6.8827E-03 8.1358E-03 1.5341E-02 1.5938E-02 1.8336E-02 1.9452E-02 2.0728E-02 2.4259E-02 2.9555E-02 3.2799E-02 3.3986E-02 3.5911E-02 0.0000E+00 3.1698E-02 3.1633E-02 2.5068E-02 1.8340E-02 1.0773E-02 2.8929E-03 2.7301E-04 0.0000E+00
 0.0000E+00 6.6187E-05 1.2995E-03 3.2580E-03 6.2169E-03 8.3293E-03 1.5332E-02 1.5765E-02 1.8842E-02 1.9690E-02 2.0238E-02 2.4288E-02 2.8430E-02 3.3965E-02 3.3474E-02 3.5299E-02 0.0000E+00 3.0334E-02 3.0003E-02 2.5287E-02 1.8048E-02 1.0479E-02 3.2328E-03 3.9711E-04 0.0000E+00
 0.0000E+00 9.1006E-05 1.4072E-03 3.4487E-03 6.3584E-03 8.7248E-03 1.4743E-02 1.5886E-02 1.9846E-02 2.0208E-02 2.0456E-02 2.3595E-02 2.7883E-02 3.3025E-02 3.3972E-02 3.6216E-02 0.0000E+00 2.9003E-02 3.0643E-02 2.5207E-02 1.8455E-02 1.0151E-02 3.1168E-03 3.8883E-04 0.0000E+00
 0.0000E+00 9.9280E-05 1.3244E-03 3.3823E-03 6.7329E-03 8.5313E-03 1.4718E-02 1.6008E-02 1.9505E-02 1.8705E-02 2.1998E-02 2.4182E-02 2.8367E-02 3.4226E-02 3.4356E-02 3.6868E-02 0.0000E+00 3.0351E-02 3.1114E-02 2.4500E-02 1.8340E-02 1.0378E-02 2.8847E-03 4.4674E-04 0.0000E+00
 0.0000E+00 6.6187E-05 1.1257E-03 2.9264E-03 6.4333E-03 8.5144E-03 1.5537E-02 1.6190E-02 1.8336E-02 1.9030E-02 2.1554E-02 2.4009E-02 2.9166E-02 3.3763E-02 3.3147E-02 3.5911E-02 0.0000E+00 3.0974E-02 3.1404E-02 2.3962E-02 1.8393E-02 1.0848E-02 2.9178E-03 3.3092E-04 0.0000E+00
 0.0000E+00 1.3237E-04 1.0761E-03 3.2994E-03 6.2835E-03 8.2620E-03 1.5350E-02 1.5730E-02 1.8912E-02 1.9259E-02 2.1472E-02 2.3970E-02 2.6621E-02 3.3227E-02 3.4640E-02 3.7296E-02 0.0000E+00 3.0148E-02 2.9110E-02 2.4052E-02 1.7543E-02 1.0235E-02 2.9924E-03 3.9711E-04 0.0000E+00
 0.0000E+00 9.1006E-05 1.4651E-03 3.0507E-03 6.2336E-03 8.3966E-03 1.5000E-02 1.6207E-02 1.8964E-02 1.8063E-02 1.9720E-02 2.3508E-02 2.7683E-02 3.3120E-02 3.4143E-02 3.5992E-02 0.0000E+00 3.1260E-02 3.0389E-02 2.4012E-02 1.8393E-02 1.0286E-02 3.3157E-03 4.4674E-04 0.0000E+00
 0.0000E+00 8.2733E-05 1.3906E-03 3.3906E-03 6.2336E-03 8.4051E-03 1.4692E-02 1.6389E-02 1.8205E-02 1.9417E-02 2.0301E-02 2.3152E-02 2.7462E-02 3.2312E-02 3.4200E-02 3.7153E-02 0.0000E+00 2.9896E-02 3.0897E-02 2.3504E-02 1.7304E-02 1.0042E-02 2.6443E-03 4.3020E-04 0.0000E+00
 0.0000E+00 7.4460E-05 1.1588E-03 3.2497E-03 6.3751E-03 7.9339E-03 1.4615E-02 1.5098E-02 1.7629E-02 1.9329E-02 2.1472E-02 2.2873E-02 2.7441E-02 3.4500E-02 3.3503E-02 3.7092E-02 0.0000E+00 3.1024E-02 3.0039E-02 2.4201E-02 1.7844E-02 1.0521E-02 3.2825E-03 4.5502E-04 0.0000E+00
 0.0000E+00 1.1583E-04 1.2830E-03 3.5896E-03 6.0338E-03 8.8678E-03 1.5742E-02 1.5462E-02 1.7681E-02 1.8863E-02 2.0474E-02 2.4134E-02 2.7841E-02 3.1277E-02 3.3218E-02 3.7520E-02 0.0000E+00 2.8835E-02 2.9399E-02 2.4729E-02 1.8057E-02 1.0261E-02 2.8598E-03 5.6257E-04 0.0000E+00
 0.0000E+00 4.9640E-05 1.1754E-03 3.3823E-03 6.3334E-03 8.2031E-03 1.5145E-02 1.5219E-02 1.8633E-02 1.9180E-02 2.0737E-02 2.2411E-02 2.8545E-02 3.2883E-02 3.2806E-02 3.7072E-02 0.0000E+00 2.8262E-02 2.9834E-02 2.2717E-02 1.7774E-02 9.7988E-03 2.9261E-03 4.2193E-04 0.0000E+00
 0.0000E+00 7.4460E-05 1.0429E-03 3.1751E-03 6.1004E-03 8.5481E-03 1.5793E-02 1.5566E-02 1.8694E-02 1.7738E-02 1.9711E-02 2.3806E-02 2.7399E-02 3.3418E-02 3.2920E-02 3.7438E-02 0.0000E+00 2.9778E-02 3.0039E-02 2.3942E-02 1.8208E-02 9.7316E-03 2.8515E-03 2.8128E-04 0.0000E+00
 0.0000E+00 1.1583E-04 1.0843E-03 3.2663E-03 6.2502E-03 8.5733E-03 1.5213E-02 1.5453E-02 1.8615E-02 1.9180E-02 1.9975E-02 2.1823E-02 2.6789E-02 3.2918E-02 3.2991E-02 3.5931E-02 0.0000E+00 2.9963E-02 3.0607E-02 2.3524E-02 1.7561E-02 1.0378E-02 2.9675E-03 5.0466E-04 0.0000E+00
 0.0000E+00 1.3237E-04 1.0843E-03 2.8932E-03 6.3002E-03 7.7404E-03 1.5076E-02 1.5774E-02 1.8580E-02 1.8169E-02 1.9330E-02 2.3354E-02 2.8451E-02 3.2573E-02 3.3531E-02 3.6929E-02 0.0000E+00 2.9390E-02 3.1633E-02 2.3723E-02 1.6729E-02 9.9751E-03 2.6526E-03 3.5574E-04 0.0000E+00
 0.0000E+00 1.6547E-04 1.3740E-03 2.7772E-03 6.0089E-03 7.3197E-03 1.4487E-02 1.4768E-02 1.8249E-02 1.8099E-02 1.9466E-02 2.2902E-02 2.6526E-02 3.2121E-02 3.1782E-02 3.4240E-02 0.0000E+00 2.9037E-02 2.9846E-02 2.3524E-02 1.7242E-02 9.5385E-03 2.6443E-03 3.3919E-04 0.0000E+00
 0.0000E+00 1.0755E-04 1.2913E-03 2.8849E-03 6.5249E-03 8.0853E-03 1.5401E-02 1.5453E-02 1.8685E-02 1.8318E-02 1.9621E-02 2.2776E-02 2.8093E-02 3.1860E-02 3.3560E-02 3.5911E-02 0.0000E+00 2.8616E-02 2.8156E-02 2.2736E-02 1.6915E-02 9.7316E-03 2.8847E-03 3.3919E-04 0.0000E+00
 0.0000E+00 1.2410E-04 1.3492E-03 3.2165E-03 5.9673E-03 7.9676E-03 1.4769E-02 1.4803E-02 1.7961E-02 1.8723E-02 1.9412E-02 2.2873E-02 2.6894E-02 3.1741E-02 3.3702E-02 3.6542E-02 0.0000E+00 2.9626E-02 2.9134E-02 2.1929E-02 1.7588E-02 9.8828E-03 2.7686E-03 3.4747E-04 0.0000E+00
 0.0000E+00 1.0755E-04 1.0761E-03 3.1419E-03 5.8008E-03 7.2188E-03 1.4846E-02 1.5254E-02 1.7280E-02 1.8398E-02 1.9339E-02 2.2334E-02 2.7041E-02 3.2704E-02 3.1526E-02 3.6868E-02 0.0000E+00 2.9458E-02 2.7480E-02 2.3922E-02 1.6401E-02 9.4377E-03 3.0339E-03 2.5646E-04 0.0000E+00
 0.0000E+00 8.2733E-05 1.1092E-03 2.9264E-03 6.0671E-03 7.1262E-03 1.4060E-02 1.5193E-02 1.7359E-02 1.8283E-02 1.9929E-02 2.3200E-02 2.7914E-02 3.1788E-02 3.3247E-02 3.6359E-02 0.0000E+00 2.9778E-02 2.7600E-02 2.3434E-02 1.7154E-02 9.9835E-03 2.5116E-03 3.1438E-04 0.0000E+00
 0.0000E+00 4.1367E-05 1.0264E-03 3.4901E-03 6.1753E-03 7.7067E-03 1.5290E-02 1.4812E-02 1.7254E-02 1.9277E-02 1.9239E-02 2.1381E-02 2.7746E-02 3.2823E-02 3.1626E-02 3.7499E-02 0.0000E+00 2.9188E-02 2.8675E-02 2.4211E-02 1.7039E-02 9.8744E-03 2.5033E-03 3.6401E-04 0.0000E+00
 0.0000E+00 1.6547E-04 1.2085E-03 2.9430E-03 6.2835E-03 7.9591E-03 1.4248E-02 1.5236E-02 1.7873E-02 1.7861E-02 1.9276E-02 2.1717E-02 2.6147E-02 3.0980E-02 3.4697E-02 3.5238E-02 0.0000E+00 2.9542E-02 2.8965E-02 2.3165E-02 1.6543E-02 8.9927E-03 2.8764E-03 5.0466E-04 0.0000E+00
 0.0000E+00 9.1006E-05 9.1879E-04 3.0425E-03 6.4666E-03 8.0265E-03 1.4607E-02 1.4664E-02 1.8196E-02 1.8072E-02 1.8731E-02 2.1814E-02 2.6063E-02 3.1919E-02 3.2166E-02 3.4811E-02 0.0000E+00 2.7993E-02 2.8337E-02 2.4081E-02 1.7260E-02 9.1942E-03 2.5780E-03 3.5574E-04 0.0000E+00
 0.0000E+00 8.2733E-05 1.1174E-03 2.7274E-03 6.1836E-03 7.4207E-03 1.3599E-02 1.3902E-02 1.7969E-02 1.8345E-02 1.9775E-02 2.3017E-02 2.6147E-02 3.1967E-02 3.2735E-02 3.8681E-02 0.0000E+00 2.9374E-02 2.9472E-02 2.3374E-02 1.7074E-02 9.6393E-03 2.5282E-03 3.0610E-04 0.0000E+00
 0.0000E+00 1.2410E-04 1.0678E-03 3.3326E-03 6.4583E-03 7.4123E-03 1.3096E-02 1.4240E-02 1.6879E-02 1.8011E-02 1.9421E-02 2.2411E-02 2.5769E-02 3.1396E-02 3.3204E-02 3.6135E-02 0.0000E+00 2.7555E-02 2.8470E-02 2.2487E-02 1.6109E-02 9.2950E-03 2.4702E-03 3.5574E-04 0.0000E+00
 0.0000E+00 1.0755E-04 1.0761E-03 3.4238E-03 5.4596E-03 7.3029E-03 1.3651E-02 1.5063E-02 1.7629E-02 1.8020E-02 1.8704E-02 2.2122E-02 2.7220E-02 2.9636E-02 3.2379E-02 3.7275E-02 0.0000E+00 2.8329E-02 2.8168E-02 2.2507E-02 1.5692E-02 9.4881E-03 2.6443E-03 2.7301E-04 0.0000E+00
 0.0000E+00 1.1583E-04 1.1588E-03 2.7026E-03 5.6926E-03 7.2945E-03 1.4146E-02 1.3676E-02 1.7664E-02 1.8213E-02 1.9176E-02 2.2382E-02 2.7010E-02 3.1170E-02 3.2081E-02 3.4566E-02 0.0000E+00 2.6864E-02 2.8760E-02 2.1551E-02 1.6286E-02 9.5217E-03 2.2381E-03 2.9783E-04 0.0000E+00
 0.0000E+00 6.6187E-05 1.2168E-03 2.7606E-03 6.0754E-03 7.2019E-03 1.3830E-02 1.4023E-02 1.6905E-02 1.6736E-02 1.8595E-02 2.0861E-02 2.5117E-02 3.1503E-02 3.3176E-02 3.6644E-02 0.0000E+00 2.8532E-02 2.7564E-02 2.2089E-02 1.5577E-02 9.3790E-03 2.3624E-03 3.5574E-04 0.0000E+00
 0.0000E+00 9.9280E-05 1.1423E-03 3.2829E-03 6.4666E-03 7.7488E-03 1.3625E-02 1.4144E-02 1.6791E-02 1.7949E-02 1.9140E-02 2.0784E-02 2.5443E-02 3.1562E-02 3.1981E-02 3.7683E-02 0.0000E+00 2.9087E-02 2.7431E-02 2.3344E-02 1.7003E-02 9.5217E-03 2.4619E-03 2.4819E-04 0.0000E+00
 0.0000E+00 9.1006E-05 1.2499E-03 3.0342E-03 5.8341E-03 7.5637E-03 1.3753E-02 1.5089E-02 1.6660E-02 1.7896E-02 1.8922E-02 2.2180E-02 2.6410E-02 3.0992E-02 3.2891E-02 3.6379E-02 0.0000E+00 2.7588E-02 2.7600E-02 2.1501E-02 1.6242E-02 8.8668E-03 2.4370E-03 3.8056E-04 0.0000E+00
 0.0000E+00 9.1006E-05 1.2416E-03 2.9015E-03 5.7758E-03 6.8906E-03 1.2985E-02 1.4127E-02 1.7489E-02 1.8230E-02 1.8904E-02 2.1313E-02 2.7473E-02 3.0445E-02 3.1427E-02 3.4892E-02 0.0000E+00 2.7706E-02 2.8047E-02 2.1939E-02 1.6888E-02 8.9675E-03 2.4205E-03 3.8883E-04 0.0000E+00
 0.0000E+00 5.7913E-05 1.1671E-03 2.3710E-03 5.7925E-03 7.6394E-03 1.3540E-02 1.3425E-02 1.7760E-02 1.8028E-02 1.8368E-02 2.0659E-02 2.6358E-02 3.0587E-02 3.2323E-02 3.6522E-02 0.0000E+00 2.8835E-02 2.8228E-02 2.1660E-02 1.6481E-02 8.9256E-03 2.0806E-03 3.4747E-04 0.0000E+00
 0.0000E+00 9.9280E-05 1.0761E-03 3.1005E-03 6.2336E-03 7.3870E-03 1.3480E-02 1.3434E-02 1.7751E-02 1.7387E-02 1.9185E-02 2.1775E-02 2.5958E-02 3.0266E-02 3.2138E-02 3.7520E-02 0.0000E+00 3.0435E-02 2.7890E-02 2.1760E-02 1.5905E-02 9.3202E-03 2.3624E-03 4.3847E-04 0.0000E+00
 0.0000E+00 6.6187E-05 1.1340E-03 2.4621E-03 5.6177E-03 7.4207E-03 1.2882E-02 1.3382E-02 1.6861E-02 1.7334E-02 1.8377E-02 2.0832E-02 2.5811E-02 3.0599E-02 3.2166E-02 3.6012E-02 0.0000E+00 2.9306E-02 2.7359E-02 2.2059E-02 1.5489E-02 9.1607E-03 2.8183E-03 4.5502E-04 0.0000E+00
 0.0000E+00 9.9280E-05 9.6845E-04 2.8518E-03 5.5012E-03 7.2692E-03 1.2899E-02 1.4725E-02 1.6189E-02 1.6982E-02 1.7552E-02 2.0620E-02 2.4486E-02 3.0718E-02 3.3503E-02 3.5035E-02 0.0000E+00 2.7723E-02 2.7009E-02 2.1890E-02 1.6233E-02 9.5049E-03 2.4039E-03 2.6474E-04 0.0000E+00
 0.0000E+00 2.4820E-05 8.1946E-04 2.9844E-03 5.7675E-03 7.1178E-03 1.3249E-02 1.3538E-02 1.6861E-02 1.6780E-02 1.8459E-02 2.0081E-02 2.5075E-02 2.9969E-02 3.0886E-02 3.4627E-02 0.0000E+00 2.7925E-02 2.6997E-02 2.0564E-02 1.5135E-02 9.1271E-03 2.8681E-03 3.3092E-04 0.0000E+00
 0.0000E+00 5.7913E-05 1.1506E-03 2.7523E-03 5.8507E-03 7.1346E-03 1.3190E-02 1.4820E-02 1.6835E-02 1.8160E-02 1.8350E-02 1.9898E-02 2.6631E-02 2.9886E-02 3.1583E-02 3.7499E-02 0.0000E+00 2.8835E-02 2.8071E-02 2.1999E-02 1.6968E-02 9.4797E-03 2.3956E-03 2.3165E-04 0.0000E+00
 0.0000E+00 5.7913E-05 1.0926E-03 2.4373E-03 5.9423E-03 7.2608E-03 1.2549E-02 1.2584E-02 1.6145E-02 1.6015E-02 1.7751E-02 2.0938E-02 2.5243E-02 2.9648E-02 3.1910E-02 3.4729E-02 0.0000E+00 2.7723E-02 2.7335E-02 2.1172E-02 1.5666E-02 8.3882E-03 2.3459E-03 3.1438E-04 0.0000E+00
 0.0000E+00 1.8201E-04 1.1919E-03 2.7108E-03 5.5345E-03 7.2188E-03 1.3360E-02 1.3174E-02 1.7044E-02 1.7633E-02 1.7152E-02 2.1063E-02 2.4570E-02 2.9398E-02 3.2593E-02 3.5075E-02 0.0000E+00 2.6797E-02 2.6816E-02 2.2208E-02 1.5976E-02 9.6896E-03 1.9977E-03 2.2337E-04 0.0000E+00
 0.0000E+00 6.6187E-05 1.0512E-03 2.6611E-03 5.2598E-03 7.2019E-03 1.3079E-02 1.3460E-02 1.5465E-02 1.6710E-02 1.8114E-02 2.1554E-02 2.5443E-02 2.9767E-02 3.0829E-02 3.6420E-02 0.0000E+00 2.9374E-02 2.7963E-02 2.1003E-02 1.5143E-02 9.2698E-03 2.4619E-03 4.1365E-04 0.0000E+00
 0.0000E+00 3.3093E-05 1.0347E-03 2.5865E-03 5.1766E-03 6.4952E-03 1.3702E-02 1.2836E-02 1.6721E-02 1.6472E-02 1.8205E-02 2.1159E-02 2.4748E-02 3.0528E-02 3.1640E-02 3.6440E-02 0.0000E+00 2.8363E-02 2.7999E-02 2.2597E-02 1.5622E-02 8.4721E-03 2.5033E-03 4.0538E-04 0.0000E+00
 0.0000E+00 9.1006E-05 8.7740E-04 2.8601E-03 5.4346E-03 7.2103E-03 1.2695E-02 1.3702E-02 1.6748E-02 1.6771E-02 1.7706E-02 2.0601E-02 2.4622E-02 3.0302E-02 3.1711E-02 3.6461E-02 0.0000E+00 2.7403E-02 2.5826E-02 2.0345E-02 1.6295E-02 9.2110E-03 2.2878E-03 3.1438E-04 0.0000E+00
 0.0000E+00 1.0755E-04 9.8501E-04 2.7191E-03 5.5345E-03 6.5793E-03 1.3156E-02 1.2576E-02 1.6826E-02 1.6710E-02 1.7506E-02 2.0476E-02 2.4833E-02 2.9981E-02 3.2394E-02 3.7092E-02 0.0000E+00 2.7420E-02 2.5741E-02 2.1690E-02 1.5498E-02 8.9675E-03 2.3541E-03 2.8956E-04 0.0000E+00
 0.0000E+00 9.1006E-05 9.8501E-04 3.2663E-03 5.5178E-03 7.0337E-03 1.2165E-02 1.2914E-02 1.6643E-02 1.6631E-02 1.8441E-02 1.9985E-02 2.3897E-02 3.0480E-02 2.9621E-02 3.6807E-02 0.0000E+00 2.6847E-02 2.6405E-02 2.0186E-02 1.5152E-02 8.6149E-03 2.1055E-03 3.8883E-04 0.0000E+00
 0.0000E+00 1.3237E-04 9.6845E-04 2.4124E-03 4.9436E-03 6.9579E-03 1.2660E-02 1.2836E-02 1.6800E-02 1.7369E-02 1.7624E-02 2.0235E-02 2.3875E-02 2.9339E-02 3.1626E-02 3.4790E-02 0.0000E+00 2.6746E-02 2.6381E-02 2.1003E-02 1.5356E-02 9.1355E-03 2.1884E-03 3.0610E-04 0.0000E+00
 0.0000E+00 1.4065E-04 1.0926E-03 2.5202E-03 5.6260E-03 6.6719E-03 1.2976E-02 1.2584E-02 1.6049E-02 1.6481E-02 1.6898E-02 2.0158E-02 2.4149E-02 2.8827E-02 3.1057E-02 3.4464E-02 0.0000E+00 2.8077E-02 2.4993E-02 2.0166E-02 1.5887E-02 8.6821E-03 2.1386E-03 2.1510E-04 0.0000E+00
 0.0000E+00 1.0755E-04 1.0429E-03 2.6611E-03 5.4013E-03 6.4279E-03 1.2695E-02 1.3434E-02 1.6495E-02 1.6464E-02 1.7797E-02 1.9330E-02 2.4401E-02 3.0040E-02 3.1100E-02 3.4220E-02 0.0000E+00 2.7285E-02 2.7564E-02 1.9777E-02 1.4842E-02 7.7416E-03 2.5780E-03 2.0683E-04 0.0000E+00
 0.0000E+00 1.5719E-04 9.1051E-04 2.6777E-03 5.2515E-03 6.7644E-03 1.2806E-02 1.2957E-02 1.5936E-02 1.6429E-02 1.8060E-02 2.0428E-02 2.5401E-02 2.8625E-02 2.9521E-02 3.6216E-02 0.0000E+00 2.6898E-02 2.6671E-02 1.9498E-02 1.5303E-02 8.9172E-03 2.4702E-03 2.5646E-04 0.0000E+00
 0.0000E+00 1.5719E-04 6.7047E-04 2.3378E-03 5.5262E-03 6.6046E-03 1.1884E-02 1.2931E-02 1.5491E-02 1.6130E-02 1.6798E-02 1.9706E-02 2.5590E-02 2.8542E-02 3.3147E-02 3.5992E-02 0.0000E+00 2.8279E-02 2.5198E-02 2.1421E-02 1.5064E-02 8.3882E-03 2.5282E-03 3.3919E-04 0.0000E+00
 0.0000E+00 1.4892E-04 1.0678E-03 2.8601E-03 5.3514E-03 6.2596E-03 1.3488E-02 1.3269E-02 1.6145E-02 1.6938E-02 1.7524E-02 1.9523E-02 2.4075E-02 2.9113E-02 3.0687E-02 3.4138E-02 0.0000E+00 2.7605E-02 2.8204E-02 1.9030E-02 1.4585E-02 9.0599E-03 1.9811E-03 2.8956E-04 0.0000E+00
 0.0000E+00 9.1006E-05 9.9328E-04 2.0808E-03 5.0518E-03 6.8570E-03 1.3027E-02 1.2454E-02 1.6503E-02 1.6692E-02 1.7152E-02 1.9176E-02 2.3918E-02 2.9993E-02 3.1057E-02 3.4037E-02 0.0000E+00 2.5786E-02 2.6490E-02 1.9319E-02 1.4701E-02 8.4553E-03 2.1138E-03 2.3992E-04 0.0000E+00
 0.0000E+00 8.2733E-05 9.3534E-04 2.2963E-03 5.6094E-03 6.6803E-03 1.2396E-02 1.2272E-02 1.6224E-02 1.6727E-02 1.7007E-02 2.0014E-02 2.4128E-02 2.9434E-02 3.0773E-02 3.5075E-02 0.0000E+00 2.5854E-02 2.5427E-02 2.0664E-02 1.5462E-02 8.6149E-03 2.7272E-03 1.9855E-04 0.0000E+00
 0.0000E+00 1.6547E-04 9.8501E-04 2.4041E-03 5.2182E-03 6.8065E-03 1.1995E-02 1.2619E-02 1.6451E-02 1.6200E-02 1.7388E-02 2.0245E-02 2.4054E-02 2.9053E-02 3.3574E-02 3.4750E-02 0.0000E+00 2.7807E-02 2.5765E-02 1.9638E-02 1.5099E-02 8.0859E-03 2.0889E-03 2.3992E-04 0.0000E+00
 0.0000E+00 8.2733E-05 1.0678E-03 2.1803E-03 5.5178E-03 6.1250E-03 1.3010E-02 1.2307E-02 1.5927E-02 1.5928E-02 1.7797E-02 1.9580E-02 2.3265E-02 2.7935E-02 3.1199E-02 3.3303E-02 0.0000E+00 2.8296E-02 2.6478E-02 1.9638E-02 1.3921E-02 7.8592E-03 1.9894E-03 2.8956E-04 0.0000E+00
 0.0000E+00 1.2410E-04 9.1879E-04 2.3129E-03 5.0601E-03 6.6046E-03 1.2652E-02 1.2307E-02 1.5168E-02 1.5866E-02 1.8631E-02 1.8733E-02 2.2214E-02 2.7971E-02 2.9237E-02 3.6135E-02 0.0000E+00 2.6898E-02 2.5753E-02 1.9289E-02 1.4435E-02 8.6485E-03 2.1718E-03 3.8883E-04 0.0000E+00
 0.0000E+00 9.1006E-05 8.1118E-04 2.2383E-03 5.5345E-03 7.0252E-03 1.2165E-02 1.3139E-02 1.5395E-02 1.5971E-02 1.6481E-02 1.9879E-02 2.3476E-02 2.8875E-02 3.0943E-02 3.3955E-02 0.0000E+00 2.6898E-02 2.5934E-02 1.8452E-02 1.4205E-02 8.0019E-03 2.0640E-03 3.2265E-04 0.0000E+00
 0.0000E+00 1.0755E-04 7.6979E-04 2.3129E-03 5.2848E-03 6.5625E-03 1.1764E-02 1.2359E-02 1.5980E-02 1.6297E-02 1.6263E-02 1.8858E-02 2.3749E-02 2.7412E-02 3.1156E-02 3.5279E-02 0.0000E+00 2.6864E-02 2.5017E-02 1.9807E-02 1.4098E-02 7.7836E-03 2.0889E-03 3.3919E-04 0.0000E+00
 0.0000E+00 1.2410E-04 1.0512E-03 2.4621E-03 5.2765E-03 5.9567E-03 1.2788E-02 1.2524E-02 1.4941E-02 1.6358E-02 1.6472E-02 1.9080E-02 2.3623E-02 2.8910E-02 3.1782E-02 3.3813E-02 0.0000E+00 2.5399E-02 2.5463E-02 1.9907E-02 1.4789E-02 8.7324E-03 2.2381E-03 4.7156E-04 0.0000E+00
 0.0000E+00 1.8201E-04 9.1879E-04 2.6362E-03 5.0767E-03 6.0577E-03 1.2703E-02 1.2792E-02 1.5212E-02 1.6894E-02 1.7288E-02 1.8483E-02 2.4317E-02 2.7674E-02 3.1654E-02 3.5259E-02 0.0000E+00 2.6965E-02 2.5222E-02 1.8791E-02 1.4966E-02 8.4553E-03 1.9894E-03 3.5574E-04 0.0000E+00
 0.0000E+00 1.4065E-04 8.4429E-04 2.5368E-03 5.2349E-03 6.2428E-03 1.2063E-02 1.1787E-02 1.5063E-02 1.6754E-02 1.7415E-02 1.9282E-02 2.2876E-02 2.7448E-02 2.9606E-02 3.4037E-02 0.0000E+00 2.7302E-02 2.5149E-02 1.8970E-02 1.3753E-02 7.8760E-03 2.3293E-03 3.0610E-04 0.0000E+00
 0.0000E+00 6.6187E-05 8.1946E-04 2.5699E-03 4.8520E-03 6.4447E-03 1.1516E-02 1.2272E-02 1.5491E-02 1.6235E-02 1.6925E-02 1.8666E-02 2.4969E-02 2.8280E-02 2.9564E-02 3.4546E-02 0.0000E+00 2.6072E-02 2.6079E-02 2.0594E-02 1.4745E-02 8.0271E-03 2.0392E-03 3.0610E-04 0.0000E+00
 0.0000E+00 1.0755E-04 8.8568E-04 2.5948E-03 4.7189E-03 6.3522E-03 1.2131E-02 1.1544E-02 1.5343E-02 1.5303E-02 1.7071E-02 1.8396E-02 2.3234E-02 2.8042E-02 3.0062E-02 3.4362E-02 0.0000E+00 2.6275E-02 2.5319E-02 1.8113E-02 1.3408E-02 8.4805E-03 2.1138E-03 2.3992E-04 0.0000E+00
 0.0000E+00 3.3093E-05 1.0595E-03 2.1720E-03 4.6606E-03 6.0745E-03 1.1312E-02 1.1692E-02 1.5343E-02 1.5585E-02 1.6925E-02 1.9157E-02 2.3939E-02 2.8934E-02 2.9834E-02 3.4688E-02 0.0000E+00 2.5197E-02 2.4932E-02 1.9777E-02 1.3833E-02 7.6577E-03 2.5282E-03 3.8056E-04 0.0000E+00
 0.0000E+00 9.9280E-05 8.7740E-04 2.3212E-03 5.2016E-03 6.1418E-03 1.1653E-02 1.1865E-02 1.5683E-02 1.5840E-02 1.6662E-02 1.8849E-02 2.4138E-02 2.7697E-02 3.1171E-02 3.6012E-02 0.0000E+00 2.6679E-02 2.5777E-02 1.9498E-02 1.4364E-02 7.7248E-03 1.8817E-03 3.3092E-04 0.0000E+00
 0.0000E+00 7.4460E-05 8.6912E-04 2.5119E-03 4.7189E-03 6.1671E-03 1.1610E-02 1.1943E-02 1.4924E-02 1.5383E-02 1.7497E-02 1.9166E-02 2.3518E-02 2.8518E-02 3.0744E-02 3.2814E-02 0.0000E+00 2.7150E-02 2.4956E-02 1.9160E-02 1.4559E-02 7.9180E-03 2.0972E-03 3.1438E-04 0.0000E+00
 0.0000E+00 1.0755E-04 8.7740E-04 2.3544E-03 4.9769E-03 5.9231E-03 1.1926E-02 1.2801E-02 1.4705E-02 1.6015E-02 1.7524E-02 1.8598E-02 2.3613E-02 2.7983E-02 3.0844E-02 3.3690E-02 0.0000E+00 2.6258E-02 2.6574E-02 1.8831E-02 1.4267E-02 7.9180E-03 1.8651E-03 2.6474E-04 0.0000E+00
 0.0000E+00 6.6187E-05 7.2841E-04 2.1637E-03 4.9020E-03 5.9736E-03 1.1636E-02 1.2844E-02 1.5343E-02 1.5216E-02 1.6925E-02 1.8560E-02 2.3833E-02 2.8019E-02 2.8583E-02 3.4057E-02 0.0000E+00 2.4725E-02 2.3797E-02 1.8612E-02 1.3806E-02 8.0271E-03 2.0060E-03 3.0610E-04 0.0000E+00
 0.0000E+00 8.2733E-05 9.0223E-04 2.3875E-03 4.6856E-03 6.3269E-03 1.1901E-02 1.1709E-02 1.4147E-02 1.5928E-02 1.5827E-02 1.7540E-02 2.2719E-02 2.6496E-02 2.9791E-02 3.1857E-02 0.0000E+00 2.6392E-02 2.5162E-02 1.9458E-02 1.2797E-02 7.6997E-03 2.2464E-03 3.8056E-04 0.0000E+00
 0.0000E+00 9.1006E-05 9.6017E-04 2.3129E-03 4.9685E-03 5.9567E-03 1.0577E-02 1.1414E-02 1.4199E-02 1.5681E-02 1.5573E-02 1.8878E-02 2.3539E-02 2.5688E-02 3.1341E-02 3.4974E-02 0.0000E+00 2.6089E-02 2.3858E-02 1.9269E-02 1.3647E-02 7.5233E-03 2.1801E-03 1.9855E-04 0.0000E+00
 0.0000E+00 7.4460E-05 8.4429E-04 2.2300E-03 4.8520E-03 5.7801E-03 1.0885E-02 1.1874E-02 1.5264E-02 1.5172E-02 1.6417E-02 1.7299E-02 2.3308E-02 2.5902E-02 3.0147E-02 3.6196E-02 0.0000E+00 2.7740E-02 2.3568E-02 1.7974E-02 1.4045E-02 7.4226E-03 1.7905E-03 3.3919E-04 0.0000E+00
 0.0000E+00 3.3093E-05 8.0290E-04 2.4290E-03 4.8187E-03 5.7464E-03 1.1405E-02 1.1362E-02 1.4697E-02 1.4978E-02 1.5909E-02 1.8820E-02 2.3497E-02 2.7840E-02 2.9734E-02 3.3507E-02 0.0000E+00 2.6746E-02 2.5101E-02 1.9120E-02 1.3797E-02 7.4478E-03 2.0143E-03 3.2265E-04 0.0000E+00
 0.0000E+00 6.6187E-05 1.0595E-03 2.2052E-03 4.9935E-03 6.1587E-03 1.1559E-02 1.2030E-02 1.4749E-02 1.4978E-02 1.5845E-02 1.6991E-02 2.2151E-02 2.7317E-02 2.9592E-02 3.2529E-02 0.0000E+00 2.4910E-02 2.3314E-02 1.8741E-02 1.3966E-02 7.6409E-03 2.0143E-03 3.8056E-04 0.0000E+00
 0.0000E+00 6.6187E-05 8.6912E-04 2.2963E-03 4.5108E-03 5.6370E-03 1.1286E-02 1.1735E-02 1.4095E-02 1.5936E-02 1.5981E-02 1.7799E-02 2.2329E-02 2.6532E-02 3.1441E-02 3.7560E-02 0.0000E+00 2.5702E-02 2.3725E-02 1.8532E-02 1.4152E-02 7.6409E-03 1.8236E-03 3.4747E-04 0.0000E+00
 0.0000E+00 9.1006E-05 1.0429E-03 2.2549E-03 5.2848E-03 5.5613E-03 1.0748E-02 1.2394E-02 1.4444E-02 1.5277E-02 1.5128E-02 1.8839E-02 2.3244E-02 2.7686E-02 2.9606E-02 3.4953E-02 0.0000E+00 2.5719E-02 2.4751E-02 1.8044E-02 1.3381E-02 7.6745E-03 1.9563E-03 3.0610E-04 0.0000E+00
 0.0000E+00 8.2733E-05 7.0358E-04 2.1223E-03 5.0601E-03 5.5445E-03 1.0996E-02 1.1622E-02 1.4985E-02 1.5198E-02 1.6172E-02 1.8926E-02 2.3003E-02 2.7460E-02 2.9407E-02 3.5503E-02 0.0000E+00 2.5719E-02 2.3037E-02 1.8881E-02 1.4240E-02 6.9440E-03 1.9811E-03 3.0610E-04 0.0000E+00
 0.0000E+00 8.2733E-05 7.0358E-04 2.1223E-03 4.6939E-03 5.9315E-03 1.1440E-02 1.1588E-02 1.4356E-02 1.5523E-02 1.6326E-02 1.7309E-02 2.2634E-02 2.7138E-02 2.9052E-02 3.5686E-02 0.0000E+00 2.5264E-02 2.4256E-02 1.8851E-02 1.3797E-02 7.5905E-03 1.8982E-03 3.1438E-04 0.0000E+00
 0.0000E+00 1.1583E-04 9.1051E-04 2.3710E-03 3.9782E-03 5.7127E-03 1.1098E-02 1.0912E-02 1.4321E-02 1.4987E-02 1.5664E-02 1.7251E-02 2.3265E-02 2.6865E-02 2.8739E-02 3.5137E-02 0.0000E+00 2.6510E-02 2.4787E-02 1.8123E-02 1.3266E-02 7.6073E-03 2.2712E-03 3.1438E-04 0.0000E+00
 0.0000E+00 8.2733E-05 8.5257E-04 2.2134E-03 4.4942E-03 5.3762E-03 1.1414E-02 1.1484E-02 1.4470E-02 1.5813E-02 1.6145E-02 1.7925E-02 2.2750E-02 2.7448E-02 2.8725E-02 3.2916E-02 0.0000E+00 2.5079E-02 2.4449E-02 1.7615E-02 1.3833E-02 7.3890E-03 2.1966E-03 2.9783E-04 0.0000E+00
 0.0000E+00 9.1006E-05 8.4429E-04 2.1305E-03 4.5940E-03 5.3846E-03 1.0603E-02 1.1484E-02 1.4618E-02 1.4600E-02 1.4439E-02 1.8204E-02 2.2172E-02 2.6449E-02 2.9678E-02 3.6338E-02 0.0000E+00 2.5079E-02 2.3640E-02 1.8064E-02 1.3496E-02 7.9683E-03 2.1138E-03 2.6474E-04 0.0000E+00
 0.0000E+00 1.2410E-04 7.6979E-04 2.1803E-03 4.4526E-03 5.7043E-03 1.1935E-02 1.1804E-02 1.3946E-02 1.4758E-02 1.6599E-02 1.8521E-02 2.1856E-02 2.7424E-02 3.0062E-02 3.2774E-02 0.0000E+00 2.5618E-02 2.4063E-02 1.7147E-02 1.3886E-02 7.2294E-03 1.7656E-03 2.4819E-04 0.0000E+00
 0.0000E+00 9.1006E-05 9.5190E-04 2.0559E-03 3.7202E-03 5.5445E-03 1.1559E-02 1.0998E-02 1.4871E-02 1.4495E-02 1.6163E-02 1.8040E-02 2.1278E-02 2.7150E-02 2.9564E-02 3.6522E-02 0.0000E+00 2.4186E-02 2.3954E-02 1.7755E-02 1.2327E-02 7.6493E-03 1.9065E-03 3.2265E-04 0.0000E+00
 0.0000E+00 5.7913E-05 9.1051E-04 1.9482E-03 4.3527E-03 6.3690E-03 1.0962E-02 1.0721E-02 1.5159E-02 1.4987E-02 1.5174E-02 1.8271E-02 2.1751E-02 2.7162E-02 3.0403E-02 3.4688E-02 0.0000E+00 2.5601E-02 2.3061E-02 1.8064E-02 1.3496E-02 7.7416E-03 1.9728E-03 3.2265E-04 0.0000E+00
 0.0000E+00 1.2410E-04 9.1879E-04 1.9565E-03 4.2695E-03 5.5445E-03 1.0842E-02 9.6896E-03 1.4147E-02 1.4521E-02 1.5718E-02 1.7530E-02 2.1709E-02 2.6853E-02 3.0275E-02 3.3751E-02 0.0000E+00 2.4523E-02 2.2385E-02 1.8004E-02 1.2965E-02 7.2966E-03 1.9728E-03 3.4747E-04 0.0000E+00
 0.0000E+00 4.9640E-05 8.9395E-04 1.9647E-03 4.5607E-03 5.8053E-03 1.1098E-02 1.0990E-02 1.3745E-02 1.3994E-02 1.7143E-02 1.7174E-02 2.0815E-02 2.5581E-02 2.8227E-02 3.3690E-02 0.0000E+00 2.4708E-02 2.3230E-02 1.8482E-02 1.3461E-02 7.1539E-03 1.8071E-03 3.3919E-04 0.0000E+00
 0.0000E+00 1.2410E-04 7.2841E-04 2.3958E-03 4.2944E-03 5.1490E-03 1.0996E-02 1.1778E-02 1.3833E-02 1.4802E-02 1.5836E-02 1.6548E-02 2.0794E-02 2.6413E-02 2.9265E-02 3.3548E-02 0.0000E+00 2.6359E-02 2.4534E-02 1.7904E-02 1.3169E-02 7.3554E-03 1.8817E-03 2.3992E-04 0.0000E+00
 0.0000E+00 9.1006E-05 7.7807E-04 2.0642E-03 4.6773E-03 5.5781E-03 1.0825E-02 1.1215E-02 1.4985E-02 1.5277E-02 1.5346E-02 1.8059E-02 2.1677E-02 2.6603E-02 2.7729E-02 3.2203E-02 0.0000E+00 2.5466E-02 2.4172E-02 1.8004E-02 1.3319E-02 7.2043E-03 1.7076E-03 2.6474E-04 0.0000E+00
 0.0000E+00 6.6187E-05 7.8635E-04 2.1969E-03 3.8034E-03 5.1659E-03 1.1644E-02 1.0288E-02 1.3641E-02 1.4460E-02 1.5736E-02 1.7751E-02 2.1688E-02 2.5759E-02 2.8967E-02 3.3568E-02 0.0000E+00 2.4843E-02 2.3338E-02 1.6489E-02 1.3744E-02 7.5317E-03 1.4175E-03 2.3992E-04 0.0000E+00
 0.0000E+00 1.2410E-04 6.8702E-04 2.2134E-03 4.4276E-03 5.0144E-03 1.1260E-02 1.0955E-02 1.3405E-02 1.4855E-02 1.4765E-02 1.7645E-02 2.1393E-02 2.6425E-02 2.9592E-02 3.6562E-02 0.0000E+00 2.4506E-02 2.2469E-02 1.6400E-02 1.2717E-02 6.6165E-03 1.5004E-03 2.4819E-04 0.0000E+00
 0.0000E+00 7.4460E-05 9.1879E-04 2.2217E-03 4.3860E-03 5.2837E-03 1.0910E-02 1.0972E-02 1.4575E-02 1.4662E-02 1.5110E-02 1.7116E-02 2.2550E-02 2.6354E-02 2.8739E-02 3.4688E-02 0.0000E+00 2.4658E-02 2.3073E-02 1.8333E-02 1.2690E-02 6.9524E-03 1.7988E-03 2.9783E-04 0.0000E+00
 0.0000E+00 1.1583E-04 8.6912E-04 1.9979E-03 3.7035E-03 5.3426E-03 1.0074E-02 1.0253E-02 1.3649E-02 1.4380E-02 1.4421E-02 1.7039E-02 2.1425E-02 2.5438E-02 2.9379E-02 3.3222E-02 0.0000E+00 2.5129E-02 2.1962E-02 1.7197E-02 1.3045E-02 7.0783E-03 1.8071E-03 2.3992E-04 0.0000E+00
 0.0000E+00 1.4065E-04 9.1879E-04 1.9150E-03 4.8520E-03 5.4267E-03 1.0441E-02 1.0808E-02 1.3894E-02 1.4714E-02 1.5519E-02 1.7703E-02 2.1456E-02 2.6651E-02 2.8924E-02 3.3120E-02 0.0000E+00 2.4489E-02 2.2614E-02 1.7087E-02 1.2159E-02 6.7760E-03 1.6578E-03 3.0610E-04 0.0000E+00
 0.0000E+00 8.2733E-05 8.6912E-04 2.2383E-03 4.3277E-03 5.2079E-03 1.0936E-02 1.0513E-02 1.3021E-02 1.4486E-02 1.4638E-02 1.6625E-02 2.2287E-02 2.6211E-02 2.9990E-02 3.4159E-02 0.0000E+00 2.6005E-02 2.3085E-02 1.7047E-02 1.2628E-02 6.5577E-03 1.7407E-03 2.8956E-04 0.0000E+00
 0.0000E+00 9.1006E-05 6.0425E-04 2.1057E-03 4.4442E-03 4.9471E-03 1.1030E-02 1.0591E-02 1.2803E-02 1.3941E-02 1.5038E-02 1.7328E-02 2.0468E-02 2.5450E-02 2.8639E-02 3.2916E-02 0.0000E+00 2.4304E-02 2.2747E-02 1.6250E-02 1.2619E-02 7.3974E-03 1.4921E-03 1.9855E-04 0.0000E+00
 0.0000E+00 5.7913E-05 1.0926E-03 2.1886E-03 4.3693E-03 5.2332E-03 9.7322E-03 1.0400E-02 1.4077E-02 1.5022E-02 1.4892E-02 1.6259E-02 2.1278E-02 2.5248E-02 3.0175E-02 3.3344E-02 0.0000E+00 2.3630E-02 2.3181E-02 1.7077E-02 1.2805E-02 7.0951E-03 1.7988E-03 3.3919E-04 0.0000E+00
 0.0000E+00 5.7913E-05 7.8635E-04 2.1554E-03 4.0697E-03 5.4940E-03 1.0466E-02 9.8629E-03 1.4548E-02 1.4117E-02 1.4711E-02 1.6750E-02 2.1562E-02 2.6580E-02 2.9109E-02 3.3059E-02 0.0000E+00 2.4523E-02 2.2686E-02 1.6440E-02 1.2079E-02 6.9440E-03 1.8651E-03 3.2265E-04 0.0000E+00
 0.0000E+00 5.7913E-05 6.2080E-04 1.8570E-03 3.9782E-03 5.5613E-03 1.0680E-02 1.0201E-02 1.3615E-02 1.4697E-02 1.4520E-02 1.5913E-02 2.1320E-02 2.4748E-02 2.8426E-02 3.3731E-02 0.0000E+00 2.4910E-02 2.3737E-02 1.7296E-02 1.2779E-02 6.6165E-03 1.8734E-03 2.2337E-04 0.0000E+00
 0.0000E+00 6.6187E-05 6.0425E-04 1.9565E-03 4.6107E-03 5.0902E-03 1.0287E-02 1.0600E-02 1.3588E-02 1.4046E-02 1.4139E-02 1.6201E-02 2.1320E-02 2.5271E-02 2.9365E-02 3.4322E-02 0.0000E+00 2.4809E-02 2.2071E-02 1.7207E-02 1.1831E-02 6.8180E-03 1.7159E-03 3.0610E-04 0.0000E+00
 0.0000E+00 1.2410E-04 8.0290E-04 2.1140E-03 3.8949E-03 4.9051E-03 1.0560E-02 1.0539E-02 1.3423E-02 1.4504E-02 1.4548E-02 1.7309E-02 2.0720E-02 2.4463E-02 2.8256E-02 3.2142E-02 0.0000E+00 2.5129E-02 2.2723E-02 1.6340E-02 1.2442E-02 6.9104E-03 1.8734E-03 3.2265E-04 0.0000E+00
 0.0000E+00 9.1006E-05 8.6084E-04 2.0228E-03 3.8949E-03 5.1238E-03 1.0859E-02 1.0418E-02 1.3580E-02 1.4477E-02 1.4829E-02 1.6452E-02 2.0478E-02 2.6282E-02 2.8938E-02 3.4220E-02 0.0000E+00 2.4506E-02 2.3604E-02 1.6529E-02 1.1831E-02 6.4822E-03 1.8568E-03 3.2265E-04 0.0000E+00
 0.0000E+00 7.4460E-05 8.2774E-04 1.9150E-03 3.9698E-03 5.3341E-03 1.0509E-02 9.8889E-03 1.4400E-02 1.4108E-02 1.4920E-02 1.6298E-02 2.1509E-02 2.5569E-02 2.7886E-02 3.3935E-02 0.0000E+00 2.5230E-02 2.2590E-02 1.5543E-02 1.2150E-02 6.3730E-03 1.7242E-03 2.3992E-04 0.0000E+00
 0.0000E+00 6.6187E-05 6.7874E-04 1.9730E-03 3.8450E-03 5.1238E-03 1.0688E-02 1.0617E-02 1.2768E-02 1.3378E-02 1.5292E-02 1.5932E-02 2.1467E-02 2.5010E-02 2.8071E-02 3.4403E-02 0.0000E+00 2.2030E-02 2.2143E-02 1.6529E-02 1.3027E-02 7.0027E-03 1.6413E-03 3.5574E-04 0.0000E+00
 0.0000E+00 9.1006E-05 9.1051E-04 1.6912E-03 4.2695E-03 5.1995E-03 1.0142E-02 9.7849E-03 1.2733E-02 1.3668E-02 1.5092E-02 1.7280E-02 2.1446E-02 2.4962E-02 2.9791E-02 3.1694E-02 0.0000E+00 2.3630E-02 2.2783E-02 1.6210E-02 1.2248E-02 7.2630E-03 1.6827E-03 3.3092E-04 0.0000E+00
 0.0000E+00 9.1006E-05 7.4496E-04 2.1388E-03 4.0198E-03 5.1154E-03 1.0372E-02 9.8629E-03 1.3684E-02 1.4020E-02 1.4212E-02 1.4151E-02 2.2014E-02 2.6413E-02 2.8554E-02 3.3588E-02 0.0000E+00 2.4287E-02 2.2059E-02 1.6340E-02 1.2106E-02 7.1539E-03 1.8236E-03 3.3919E-04 0.0000E+00
 0.0000E+00 1.1583E-04 6.7047E-04 1.8653E-03 3.8450E-03 4.8966E-03 1.0518E-02 9.8456E-03 1.3117E-02 1.3774E-02 1.4166E-02 1.7405E-02 1.9637E-02 2.4748E-02 2.7502E-02 3.3568E-02 0.0000E+00 2.3209E-02 2.3206E-02 1.5543E-02 1.2593E-02 6.4989E-03 1.7905E-03 2.7301E-04 0.0000E+00
 0.0000E+00 1.0755E-04 6.1252E-04 2.1223E-03 4.0697E-03 4.8798E-03 1.0031E-02 1.0080E-02 1.3423E-02 1.4055E-02 1.4902E-02 1.5614E-02 2.1067E-02 2.3928E-02 2.8611E-02 3.4200E-02 0.0000E+00 2.3293E-02 2.2469E-02 1.6519E-02 1.1973E-02 6.0203E-03 1.6081E-03 1.7373E-04 0.0000E+00
 0.0000E+00 8.2733E-05 8.1118E-04 1.8736E-03 3.8117E-03 4.7536E-03 9.7493E-03 9.7936E-03 1.3885E-02 1.3994E-02 1.5183E-02 1.6692E-02 2.0426E-02 2.6746E-02 2.9123E-02 3.3344E-02 0.0000E+00 2.4304E-02 2.2155E-02 1.5393E-02 1.1637E-02 6.8432E-03 1.6993E-03 2.5646E-04 0.0000E+00
 0.0000E+00 8.2733E-05 6.4563E-04 1.7658E-03 4.2362E-03 4.8462E-03 1.0074E-02 1.0478E-02 1.3135E-02 1.3036E-02 1.5020E-02 1.5951E-02 2.0320E-02 2.4724E-02 2.8512E-02 3.2529E-02 0.0000E+00 2.5230E-02 2.2204E-02 1.6181E-02 1.2336E-02 6.8936E-03 1.6413E-03 2.3992E-04 0.0000E+00
 0.0000E+00 8.2733E-05 7.6979E-04 1.8818E-03 3.4871E-03 4.5769E-03 1.0193E-02 9.2736E-03 1.3178E-02 1.4460E-02 1.3504E-02 1.5248E-02 2.0089E-02 2.4748E-02 2.8369E-02 3.3324E-02 0.0000E+00 2.4910E-02 2.2566E-02 1.6430E-02 1.1645E-02 6.2974E-03 1.8319E-03 2.3992E-04 0.0000E+00
 0.0000E+00 5.7913E-05 6.5391E-04 1.8570E-03 4.1529E-03 4.9892E-03 9.7151E-03 1.0279E-02 1.3073E-02 1.3387E-02 1.4048E-02 1.5711E-02 2.0604E-02 2.4641E-02 2.7360E-02 3.4424E-02 0.0000E+00 2.5096E-02 2.1757E-02 1.6479E-02 1.1654E-02 6.4570E-03 1.5998E-03 3.1438E-04 0.0000E+00
 0.0000E+00 1.4065E-04 6.1252E-04 1.9896E-03 3.9366E-03 4.5685E-03 1.0227E-02 9.5943E-03 1.3222E-02 1.3633E-02 1.3440E-02 1.7020E-02 2.0152E-02 2.4070E-02 2.9009E-02 3.3039E-02 0.0000E+00 2.3681E-02 2.1708E-02 1.5533E-02 1.2044E-02 6.5241E-03 1.4755E-03 2.4819E-04 0.0000E+00
 0.0000E+00 1.4065E-04 7.5324E-04 1.7741E-03 3.9366E-03 4.5433E-03 1.0099E-02 9.4643E-03 1.2742E-02 1.3651E-02 1.4711E-02 1.5711E-02 2.1078E-02 2.4296E-02 2.7900E-02 3.3650E-02 0.0000E+00 2.4152E-02 2.1443E-02 1.5712E-02 1.1583E-02 6.4150E-03 1.7076E-03 3.9711E-04 0.0000E+00
 0.0000E+00 5.7913E-05 8.1946E-04 1.9896E-03 4.2112E-03 4.6527E-03 9.9200E-03 1.0088E-02 1.2698E-02 1.3449E-02 1.3912E-02 1.5431E-02 1.9805E-02 2.4593E-02 2.8284E-02 3.0961E-02 0.0000E+00 2.3074E-02 2.1310E-02 1.4616E-02 1.1814E-02 6.6081E-03 1.6827E-03 3.3092E-04 0.0000E+00
 0.0000E+00 8.2733E-05 6.3736E-04 1.8984E-03 3.4788E-03 4.6779E-03 1.0193E-02 1.0149E-02 1.3283E-02 1.2895E-02 1.3468E-02 1.5768E-02 2.0257E-02 2.4605E-02 2.8796E-02 3.1348E-02 0.0000E+00 2.2721E-02 2.0682E-02 1.5274E-02 1.1645E-02 6.1883E-03 1.5998E-03 2.3165E-04 0.0000E+00
 0.0000E+00 7.4460E-05 6.6219E-04 2.2217E-03 3.7951E-03 4.4087E-03 1.0116E-02 9.7243E-03 1.2899E-02 1.3959E-02 1.3459E-02 1.5133E-02 2.0836E-02 2.4760E-02 2.8696E-02 3.4138E-02 0.0000E+00 2.2839E-02 2.0731E-02 1.5124E-02 1.1459E-02 6.1547E-03 1.5750E-03 2.7301E-04 0.0000E+00
 0.0000E+00 8.2733E-05 6.6219E-04 1.7409E-03 3.8949E-03 4.7957E-03 9.6895E-03 9.9669E-03 1.3754E-02 1.3827E-02 1.4602E-02 1.4652E-02 2.0173E-02 2.3761E-02 2.7161E-02 3.4281E-02 0.0000E+00 2.3445E-02 2.0405E-02 1.5931E-02 1.1397E-02 6.2303E-03 1.3346E-03 2.7301E-04 0.0000E+00
 0.0000E+00 8.2733E-05 6.2908E-04 1.7492E-03 3.7535E-03 4.5517E-03 9.3224E-03 9.5076E-03 1.3937E-02 1.3853E-02 1.3440E-02 1.6047E-02 2.0173E-02 2.4165E-02 2.8156E-02 3.2896E-02 0.0000E+00 2.4186E-02 2.1382E-02 1.5304E-02 1.1477E-02 6.7844E-03 1.6081E-03 2.3165E-04 0.0000E+00
 0.0000E+00 9.9280E-05 6.1252E-04 1.7907E-03 3.7784E-03 4.3750E-03 9.6468E-03 8.8316E-03 1.3100E-02 1.3378E-02 1.4711E-02 1.4786E-02 1.9942E-02 2.4534E-02 2.8398E-02 3.3039E-02 0.0000E+00 2.3512E-02 2.1515E-02 1.5722E-02 1.2177E-02 6.4738E-03 1.4755E-03 1.8201E-04 0.0000E+00
 0.0000E+00 3.3093E-05 8.8568E-04 1.8072E-03 3.4955E-03 4.0216E-03 1.0244E-02 9.1089E-03 1.2759E-02 1.3712E-02 1.3531E-02 1.5325E-02 1.9731E-02 2.5248E-02 2.7744E-02 3.3833E-02 0.0000E+00 2.4590E-02 2.0900E-02 1.5254E-02 1.1273E-02 5.9364E-03 1.5584E-03 2.3992E-04 0.0000E+00
 0.0000E+00 9.1006E-05 5.2975E-04 1.7989E-03 3.6619E-03 4.8798E-03 9.9968E-03 9.6463E-03 1.2768E-02 1.2385E-02 1.3622E-02 1.5008E-02 1.9048E-02 2.4368E-02 2.8526E-02 3.3242E-02 0.0000E+00 2.2536E-02 2.0682E-02 1.5254E-02 1.1637E-02 6.1379E-03 1.6247E-03 1.9855E-04 0.0000E+00
 0.0000E+00 5.7913E-05 7.8635E-04 1.7160E-03 3.5787E-03 4.4423E-03 8.9297E-03 9.3776E-03 1.3370E-02 1.3282E-02 1.4085E-02 1.5422E-02 1.9163E-02 2.4284E-02 2.8412E-02 3.2427E-02 0.0000E+00 2.2266E-02 2.1286E-02 1.5015E-02 1.1247E-02 6.2051E-03 1.3511E-03 2.3992E-04 0.0000E+00
 0.0000E+00 1.6547E-04 7.2841E-04 1.4425E-03 3.3040E-03 4.2236E-03 9.8176E-03 9.6289E-03 1.2436E-02 1.2825E-02 1.3395E-02 1.4305E-02 1.9784E-02 2.3928E-02 2.6748E-02 3.2529E-02 0.0000E+00 2.2603E-02 2.0803E-02 1.6121E-02 1.1282E-02 5.6089E-03 1.5998E-03 3.2265E-04 0.0000E+00
 0.0000E+00 8.2733E-05 5.4631E-04 1.7741E-03 3.8367E-03 3.9712E-03 9.6554E-03 9.1696E-03 1.2602E-02 1.2350E-02 1.4021E-02 1.5075E-02 1.9774E-02 2.4106E-02 2.6634E-02 3.3324E-02 0.0000E+00 2.3782E-02 2.1491E-02 1.4716E-02 1.1645E-02 6.6585E-03 1.3926E-03 1.5719E-04 0.0000E+00
 0.0000E+00 4.1367E-05 6.0425E-04 1.8653E-03 3.8783E-03 4.6611E-03 9.5615E-03 9.0049E-03 1.2593E-02 1.2315E-02 1.3831E-02 1.5287E-02 1.8890E-02 2.4796E-02 2.6478E-02 3.2753E-02 0.0000E+00 2.3176E-02 1.9910E-02 1.6001E-02 1.1690E-02 6.1799E-03 1.6910E-03 2.5646E-04 0.0000E+00
 0.0000E+00 4.9640E-05 5.9597E-04 1.7078E-03 3.5454E-03 4.2236E-03 9.4932E-03 9.2389E-03 1.2000E-02 1.3080E-02 1.3477E-02 1.5499E-02 1.8858E-02 2.3880E-02 2.8199E-02 3.2957E-02 0.0000E+00 2.4708E-02 2.0199E-02 1.4566E-02 1.1052E-02 6.1211E-03 1.3346E-03 2.3992E-04 0.0000E+00
 0.0000E+00 8.2733E-05 5.4631E-04 1.7326E-03 3.2541E-03 4.4676E-03 9.0407E-03 9.5509E-03 1.2148E-02 1.3141E-02 1.3404E-02 1.4238E-02 2.0184E-02 2.2084E-02 2.8000E-02 3.2570E-02 0.0000E+00 2.2990E-02 2.1334E-02 1.5453E-02 1.1087E-02 5.8272E-03 1.4009E-03 3.5574E-04 0.0000E+00
 0.0000E+00 6.6187E-05 5.4631E-04 1.6829E-03 3.3623E-03 4.4171E-03 9.3566E-03 9.9496E-03 1.2585E-02 1.3247E-02 1.2841E-02 1.5297E-02 1.9121E-02 2.3155E-02 2.8184E-02 3.2876E-02 0.0000E+00 2.3950E-02 2.0477E-02 1.4826E-02 1.0680E-02 6.4150E-03 1.2931E-03 1.8201E-04 0.0000E+00
 0.0000E+00 1.2410E-04 5.6286E-04 1.6746E-03 3.7618E-03 4.6274E-03 9.3310E-03 9.6116E-03 1.2951E-02 1.3458E-02 1.3794E-02 1.5980E-02 1.7702E-02 2.2417E-02 2.7815E-02 3.3751E-02 0.0000E+00 2.2889E-02 2.1020E-02 1.5543E-02 1.0636E-02 5.2479E-03 1.6744E-03 2.6474E-04 0.0000E+00
 0.0000E+00 4.9640E-05 7.1185E-04 1.7575E-03 3.2708E-03 4.1731E-03 9.1773E-03 9.1003E-03 1.2236E-02 1.2420E-02 1.3341E-02 1.4180E-02 1.9290E-02 2.2893E-02 2.7061E-02 3.1002E-02 0.0000E+00 2.3394E-02 2.0356E-02 1.4566E-02 1.0538E-02 5.9028E-03 1.7490E-03 3.6401E-04 0.0000E+00
 0.0000E+00 5.7913E-05 8.1946E-04 1.6829E-03 4.1862E-03 4.3414E-03 9.6724E-03 9.1003E-03 1.2471E-02 1.3370E-02 1.2978E-02 1.4064E-02 1.9195E-02 2.2560E-02 2.7928E-02 3.3242E-02 0.0000E+00 2.3647E-02 1.9825E-02 1.5483E-02 1.0627E-02 5.9280E-03 1.3926E-03 2.4819E-04 0.0000E+00
 0.0000E+00 1.0755E-04 6.7874E-04 1.6000E-03 3.8117E-03 4.5264E-03 9.4761E-03 8.7362E-03 1.2803E-02 1.3651E-02 1.2932E-02 1.4960E-02 1.9290E-02 2.3321E-02 2.6222E-02 3.1796E-02 0.0000E+00 2.3209E-02 2.0356E-02 1.4158E-02 1.0716E-02 6.3646E-03 1.3843E-03 1.2410E-04 0.0000E+00
 0.0000E+00 7.4460E-05 5.4631E-04 1.6995E-03 3.3457E-03 4.2488E-03 9.3053E-03 8.4936E-03 1.1572E-02 1.2579E-02 1.2969E-02 1.5037E-02 1.8701E-02 2.2405E-02 2.9123E-02 3.2000E-02 0.0000E+00 2.2552E-02 2.0127E-02 1.4497E-02 1.0990E-02 5.9364E-03 1.5335E-03 1.7373E-04 0.0000E+00
 0.0000E+00 9.1006E-05 4.8836E-04 1.5420E-03 3.4372E-03 4.2236E-03 9.1688E-03 8.6236E-03 1.2332E-02 1.3458E-02 1.3322E-02 1.4074E-02 1.9437E-02 2.3416E-02 2.7473E-02 3.1653E-02 0.0000E+00 2.2771E-02 2.0706E-02 1.4447E-02 1.0538E-02 5.4410E-03 1.5750E-03 3.1438E-04 0.0000E+00
 0.0000E+00 1.1583E-04 7.2013E-04 1.5834E-03 3.0877E-03 3.7861E-03 9.0065E-03 8.8056E-03 1.2157E-02 1.2658E-02 1.3522E-02 1.4276E-02 1.9311E-02 2.2703E-02 2.7502E-02 3.1328E-02 0.0000E+00 2.2131E-02 2.0127E-02 1.5364E-02 1.0645E-02 5.9448E-03 1.5667E-03 2.3165E-04 0.0000E+00
 0.0000E+00 8.2733E-05 7.1185E-04 1.6497E-03 3.4289E-03 4.2404E-03 9.5188E-03 9.5336E-03 1.2689E-02 1.2543E-02 1.3059E-02 1.4401E-02 1.9363E-02 2.3523E-02 2.6834E-02 3.1389E-02 0.0000E+00 2.1441E-02 1.8557E-02 1.4437E-02 1.0662E-02 6.3730E-03 1.4092E-03 2.3165E-04 0.0000E+00
 0.0000E+00 1.0755E-04 6.7047E-04 1.4342E-03 3.7118E-03 4.2151E-03 9.0151E-03 8.7709E-03 1.1825E-02 1.1954E-02 1.3295E-02 1.4218E-02 1.9206E-02 2.3440E-02 2.6364E-02 3.3894E-02 0.0000E+00 2.2889E-02 2.1467E-02 1.3859E-02 1.0981E-02 5.3234E-03 1.5004E-03 2.1510E-04 0.0000E+00
 0.0000E+00 6.6187E-05 6.7047E-04 1.4425E-03 3.7118E-03 4.0216E-03 8.9468E-03 8.3029E-03 1.2314E-02 1.2271E-02 1.2651E-02 1.3631E-02 1.8448E-02 2.2691E-02 2.7800E-02 3.2061E-02 0.0000E+00 2.1912E-02 2.0477E-02 1.5254E-02 1.0671E-02 5.7433E-03 1.1936E-03 2.0683E-04 0.0000E+00
 0.0000E+00 1.0755E-04 5.3803E-04 1.2518E-03 3.4039E-03 4.1815E-03 8.6395E-03 8.6409E-03 1.2192E-02 1.2438E-02 1.3286E-02 1.3670E-02 1.8469E-02 2.3547E-02 2.7985E-02 3.0961E-02 0.0000E+00 2.1491E-02 1.9680E-02 1.4377E-02 1.0414E-02 5.3738E-03 1.3014E-03 2.2337E-04 0.0000E+00
 0.0000E+00 1.6547E-04 6.0425E-04 1.8487E-03 3.1958E-03 4.1563E-03 9.0492E-03 8.1729E-03 1.1738E-02 1.3036E-02 1.2760E-02 1.4353E-02 1.8396E-02 2.2833E-02 2.6933E-02 3.2611E-02 0.0000E+00 2.3664E-02 2.0405E-02 1.3889E-02 1.1433E-02 5.2227E-03 1.5915E-03 2.1510E-04 0.0000E+00
 0.0000E+00 5.7913E-05 5.6286E-04 1.7326E-03 3.3457E-03 4.2320E-03 9.3993E-03 8.7189E-03 1.1991E-02 1.1612E-02 1.3005E-02 1.4334E-02 1.8596E-02 2.2798E-02 2.8540E-02 3.1918E-02 0.0000E+00 2.2451E-02 1.9390E-02 1.2783E-02 1.0335E-02 5.5249E-03 1.6330E-03 2.5646E-04 0.0000E+00
 0.0000E+00 1.0755E-04 5.8769E-04 1.7326E-03 3.5288E-03 4.5349E-03 7.8711E-03 9.0569E-03 1.1956E-02 1.1805E-02 1.2696E-02 1.4257E-02 1.8617E-02 2.1751E-02 2.5611E-02 3.2957E-02 0.0000E+00 2.3024E-02 2.0018E-02 1.3779E-02 1.0592E-02 5.3318E-03 1.1854E-03 2.3165E-04 0.0000E+00
 0.0000E+00 6.6187E-05 6.3736E-04 1.7741E-03 3.0128E-03 3.4327E-03 8.9212E-03 8.3376E-03 1.1843E-02 1.2464E-02 1.2887E-02 1.3958E-02 1.8490E-02 2.2334E-02 2.5639E-02 3.0859E-02 0.0000E+00 2.3024E-02 2.0465E-02 1.3919E-02 1.0432E-02 5.8020E-03 1.5252E-03 2.0683E-04 0.0000E+00
 0.0000E+00 9.9280E-05 6.9530E-04 1.8238E-03 3.2957E-03 3.8450E-03 9.4846E-03 8.5802E-03 1.1407E-02 1.2543E-02 1.2134E-02 1.4247E-02 1.8217E-02 2.3047E-02 2.6478E-02 3.4077E-02 0.0000E+00 2.1895E-02 1.9414E-02 1.5573E-02 1.0627E-02 5.5921E-03 1.3263E-03 1.7373E-04 0.0000E+00
 0.0000E+00 8.2733E-05 5.9597E-04 1.6912E-03 3.1376E-03 4.1478E-03 8.2809E-03 8.3636E-03 1.2026E-02 1.1453E-02 1.2660E-02 1.3391E-02 1.8848E-02 2.3511E-02 2.6933E-02 3.1450E-02 0.0000E+00 2.2586E-02 2.0501E-02 1.3650E-02 1.0468E-02 5.4746E-03 1.5998E-03 2.3992E-04 0.0000E+00
 0.0000E+00 8.2733E-05 6.5391E-04 1.6995E-03 3.6037E-03 3.9964E-03 8.6224E-03 8.7622E-03 1.1407E-02 1.2587E-02 1.2814E-02 1.3920E-02 1.9027E-02 2.2167E-02 2.5454E-02 3.0961E-02 0.0000E+00 2.1542E-02 1.9342E-02 1.3979E-02 1.0423E-02 5.4242E-03 1.5667E-03 2.3992E-04 0.0000E+00
 0.0000E+00 5.7913E-05 6.8702E-04 1.5834E-03 2.9795E-03 4.0637E-03 8.4602E-03 8.6842E-03 1.2471E-02 1.1867E-02 1.2642E-02 1.4305E-02 1.8122E-02 2.2251E-02 2.7417E-02 3.2102E-02 0.0000E+00 2.2333E-02 1.9064E-02 1.3650E-02 1.0096E-02 5.2982E-03 1.4175E-03 1.5719E-04 0.0000E+00
 0.0000E+00 8.2733E-05 6.9530E-04 1.6663E-03 3.1626E-03 4.0805E-03 9.1688E-03 8.5369E-03 1.1695E-02 1.2157E-02 1.1889E-02 1.4151E-02 1.8648E-02 2.3273E-02 2.6137E-02 3.2753E-02 0.0000E+00 2.2317E-02 1.9922E-02 1.4566E-02 1.1539E-02 5.5165E-03 1.4838E-03 3.0610E-04 0.0000E+00
 0.0000E+00 9.1006E-05 5.6286E-04 1.4508E-03 3.3290E-03 3.8954E-03 8.8529E-03 8.2596E-03 1.1345E-02 1.1831E-02 1.3540E-02 1.3410E-02 1.7386E-02 2.1775E-02 2.6307E-02 3.2937E-02 0.0000E+00 2.3698E-02 2.0332E-02 1.3401E-02 1.0078E-02 5.5165E-03 1.3760E-03 1.9855E-04 0.0000E+00
 0.0000E+00 4.1367E-05 6.6219E-04 1.7243E-03 3.4206E-03 3.3486E-03 8.3748E-03 7.9909E-03 1.1119E-02 1.2666E-02 1.2515E-02 1.3958E-02 1.7859E-02 2.1466E-02 2.6578E-02 3.3242E-02 0.0000E+00 2.1458E-02 2.0042E-02 1.3570E-02 9.8565E-03 5.3570E-03 1.4009E-03 2.7301E-04 0.0000E+00
 0.0000E+00 8.2733E-05 5.3803E-04 1.6580E-03 2.8796E-03 3.6935E-03 8.5797E-03 8.8662E-03 1.1057E-02 1.2174E-02 1.3014E-02 1.3111E-02 1.8269E-02 2.2857E-02 2.7303E-02 3.2244E-02 0.0000E+00 2.1424E-02 2.0284E-02 1.3720E-02 1.0104E-02 6.0875E-03 1.2517E-03 2.0683E-04 0.0000E+00
 0.0000E+00 9.1006E-05 7.7807E-04 1.6249E-03 3.1043E-03 4.0216E-03 9.0065E-03 8.6582E-03 1.1695E-02 1.1708E-02 1.2596E-02 1.3487E-02 1.7817E-02 2.2786E-02 2.5852E-02 3.0900E-02 0.0000E+00 2.2805E-02 1.9716E-02 1.3530E-02 1.0193E-02 5.6341E-03 1.5335E-03 2.2337E-04 0.0000E+00
 0.0000E+00 1.0755E-04 5.3803E-04 1.5585E-03 2.9212E-03 3.5841E-03 8.5199E-03 8.0082E-03 1.2061E-02 1.1453E-02 1.2950E-02 1.4113E-02 1.7680E-02 2.1585E-02 2.5483E-02 3.2366E-02 0.0000E+00 2.1239E-02 1.9584E-02 1.3720E-02 9.9008E-03 5.3906E-03 1.4838E-03 1.9028E-04 0.0000E+00
 0.0000E+00 5.7913E-05 6.9530E-04 1.6414E-03 3.4206E-03 3.4832E-03 8.1528E-03 8.1816E-03 1.1860E-02 1.1682E-02 1.2360E-02 1.4113E-02 1.9027E-02 2.3083E-02 2.7004E-02 3.2550E-02 0.0000E+00 2.2586E-02 1.9704E-02 1.2883E-02 1.0158E-02 5.4410E-03 1.5418E-03 2.3992E-04 0.0000E+00
 0.0000E+00 6.6187E-05 6.0425E-04 1.7078E-03 3.2957E-03 4.0216E-03 9.0834E-03 8.0169E-03 1.1572E-02 1.2016E-02 1.2714E-02 1.3458E-02 1.7891E-02 2.2132E-02 2.6492E-02 3.0900E-02 0.0000E+00 2.2468E-02 1.9897E-02 1.4417E-02 9.8653E-03 5.6089E-03 1.4423E-03 1.8201E-04 0.0000E+00
 0.0000E+00 9.9280E-05 6.4563E-04 1.4922E-03 2.9961E-03 3.9796E-03 7.9309E-03 8.4762E-03 1.1738E-02 1.1990E-02 1.1898E-02 1.3265E-02 1.8816E-02 2.3618E-02 2.5909E-02 3.3263E-02 0.0000E+00 2.2232E-02 1.8497E-02 1.3490E-02 1.0335E-02 5.1135E-03 1.3926E-03 1.9855E-04 0.0000E+00
 0.0000E+00 4.1367E-05 7.8635E-04 1.5088E-03 3.5704E-03 3.9459E-03 8.2468E-03 8.1642E-03 1.1389E-02 1.1445E-02 1.2669E-02 1.3814E-02 1.8269E-02 2.1276E-02 2.5724E-02 3.1429E-02 0.0000E+00 2.3108E-02 1.8002E-02 1.3192E-02 1.0361E-02 5.6341E-03 1.3014E-03 3.5574E-04 0.0000E+00
 0.0000E+00 9.9280E-05 5.7114E-04 1.3927E-03 3.1293E-03 3.7440E-03 8.1358E-03 8.2682E-03 1.1380E-02 1.0873E-02 1.1898E-02 1.2851E-02 1.8080E-02 2.2274E-02 2.6165E-02 3.1796E-02 0.0000E+00 2.2047E-02 1.8883E-02 1.3182E-02 1.0175E-02 5.3738E-03 1.2683E-03 2.8956E-04 0.0000E+00
 0.0000E+00 5.7913E-05 6.2908E-04 1.4590E-03 3.1875E-03 3.5926E-03 8.6395E-03 8.5456E-03 1.1267E-02 1.2192E-02 1.1625E-02 1.3795E-02 1.7933E-02 2.2382E-02 2.6208E-02 3.2427E-02 0.0000E+00 2.1407E-02 2.0175E-02 1.3311E-02 1.0149E-02 5.6005E-03 1.4175E-03 1.9855E-04 0.0000E+00
 0.0000E+00 1.0755E-04 5.1320E-04 1.2684E-03 3.4871E-03 3.7692E-03 8.0248E-03 7.7916E-03 1.1380E-02 1.1691E-02 1.2333E-02 1.2967E-02 1.6997E-02 2.1894E-02 2.6051E-02 3.1796E-02 0.0000E+00 2.2872E-02 1.8352E-02 1.3391E-02 1.0016E-02 5.1471E-03 1.0527E-03 2.0683E-04 0.0000E+00
 0.0000E+00 4.1367E-05 5.8769E-04 1.1109E-03 2.8380E-03 3.9375E-03 8.0419E-03 8.2942E-03 1.1660E-02 1.1330E-02 1.1480E-02 1.2880E-02 1.7502E-02 2.2334E-02 2.7545E-02 3.1063E-02 0.0000E+00 2.1424E-02 1.8992E-02 1.2992E-02 9.2720E-03 5.1387E-03 1.2434E-03 2.5646E-04 0.0000E+00
 0.0000E+00 7.4460E-05 6.3736E-04 1.3098E-03 3.1126E-03 3.8786E-03 7.8797E-03 7.7655E-03 1.1930E-02 1.0715E-02 1.2179E-02 1.3516E-02 1.7733E-02 2.1549E-02 2.5298E-02 3.1205E-02 0.0000E+00 2.1424E-02 1.8545E-02 1.4198E-02 9.8653E-03 5.0967E-03 1.1522E-03 1.9028E-04 0.0000E+00
 0.0000E+00 7.4460E-05 6.0425E-04 1.4342E-03 2.9379E-03 3.8365E-03 8.5029E-03 8.0169E-03 1.0892E-02 1.1990E-02 1.2451E-02 1.2601E-02 1.7091E-02 2.1490E-02 2.7033E-02 3.0126E-02 0.0000E+00 2.1289E-02 1.9451E-02 1.2335E-02 1.0317E-02 5.3234E-03 1.3097E-03 2.3165E-04 0.0000E+00
 0.0000E+00 5.7913E-05 6.5391E-04 1.3844E-03 2.8213E-03 3.4075E-03 8.6736E-03 7.7395E-03 1.1363E-02 1.0979E-02 1.2324E-02 1.2515E-02 1.8091E-02 2.1097E-02 2.7018E-02 3.0533E-02 0.0000E+00 2.2569E-02 1.8569E-02 1.3680E-02 9.4846E-03 5.2730E-03 1.2517E-03 2.8128E-04 0.0000E+00
 0.0000E+00 1.2410E-04 6.9530E-04 1.5751E-03 3.0793E-03 3.8534E-03 7.4443E-03 7.8089E-03 1.1319E-02 1.1629E-02 1.1589E-02 1.2572E-02 1.7691E-02 2.1632E-02 2.5838E-02 3.2264E-02 0.0000E+00 2.2519E-02 1.8340E-02 1.3281E-02 1.0237E-02 5.1807E-03 1.1108E-03 2.0683E-04 0.0000E+00
 0.0000E+00 9.1006E-05 5.4631E-04 1.4756E-03 3.1792E-03 3.4832E-03 8.2468E-03 7.7395E-03 1.1197E-02 1.1445E-02 1.1798E-02 1.2322E-02 1.7628E-02 2.1906E-02 2.5212E-02 3.1857E-02 0.0000E+00 2.1980E-02 1.8690E-02 1.3470E-02 1.0016E-02 4.6685E-03 1.2517E-03 1.9855E-04 0.0000E+00
 0.0000E+00 7.4460E-05 5.7114E-04 1.5668E-03 3.1542E-03 3.8365E-03 8.2382E-03 7.5229E-03 1.2079E-02 1.1831E-02 1.1625E-02 1.3034E-02 1.6829E-02 1.9741E-02 2.4217E-02 3.1103E-02 0.0000E+00 2.1895E-02 1.8183E-02 1.2703E-02 9.5111E-03 4.9372E-03 1.0279E-03 2.2337E-04 0.0000E+00
 0.0000E+00 1.6547E-04 7.2841E-04 1.5171E-03 2.9961E-03 3.7524E-03 7.7943E-03 7.8176E-03 1.0979E-02 1.1779E-02 1.1117E-02 1.3333E-02 1.7565E-02 2.1490E-02 2.6677E-02 3.1755E-02 0.0000E+00 2.1070E-02 1.7905E-02 1.3162E-02 9.3074E-03 5.1639E-03 1.0113E-03 2.5646E-04 0.0000E+00
 0.0000E+00 1.4065E-04 6.9530E-04 1.4425E-03 2.6715E-03 3.9627E-03 7.4784E-03 7.3582E-03 1.0647E-02 1.1700E-02 1.1035E-02 1.3304E-02 1.7575E-02 2.0170E-02 2.6236E-02 3.1918E-02 0.0000E+00 2.1255E-02 1.7495E-02 1.2275E-02 9.2100E-03 4.9792E-03 1.1854E-03 1.8201E-04 0.0000E+00
 0.0000E+00 4.1367E-05 5.7941E-04 1.4508E-03 3.2375E-03 3.9796E-03 7.4955E-03 7.9822E-03 1.0944E-02 1.1357E-02 1.1644E-02 1.2765E-02 1.7554E-02 2.1834E-02 2.6307E-02 3.0065E-02 0.0000E+00 2.0885E-02 1.7229E-02 1.2982E-02 8.8115E-03 5.3150E-03 1.2600E-03 2.6474E-04 0.0000E+00
 0.0000E+00 1.0755E-04 7.2013E-04 1.3181E-03 3.1293E-03 3.7776E-03 7.9906E-03 8.0256E-03 1.0804E-02 1.1111E-02 1.1771E-02 1.2900E-02 1.7491E-02 2.1478E-02 2.5596E-02 3.1715E-02 0.0000E+00 2.1761E-02 1.7772E-02 1.2175E-02 9.5111E-03 4.9120E-03 1.2268E-03 2.0683E-04 0.0000E+00
 0.0000E+00 6.6187E-05 6.4563E-04 1.6083E-03 3.2042E-03 3.4243E-03 8.0846E-03 7.1069E-03 1.1223E-02 1.0768E-02 1.2179E-02 1.3005E-02 1.7396E-02 2.1383E-02 2.5397E-02 3.2489E-02 0.0000E+00 2.2468E-02 1.9209E-02 1.2932E-02 9.8653E-03 5.3570E-03 1.1190E-03 3.8883E-04 0.0000E+00
 0.0000E+00 4.9640E-05 5.6286E-04 1.4176E-03 2.8130E-03 3.5926E-03 7.8370E-03 7.6702E-03 1.0988E-02 1.0944E-02 1.1498E-02 1.2717E-02 1.6576E-02 2.1109E-02 2.6137E-02 3.0920E-02 0.0000E+00 1.9908E-02 1.8449E-02 1.3092E-02 8.9266E-03 4.3662E-03 1.2765E-03 2.0683E-04 0.0000E+00
 0.0000E+00 8.2733E-05 6.8702E-04 1.4342E-03 3.1126E-03 3.4411E-03 7.8797E-03 7.1589E-03 1.0996E-02 1.1735E-02 1.1081E-02 1.2688E-02 1.6271E-02 2.1383E-02 2.5938E-02 3.1572E-02 0.0000E+00 2.1020E-02 1.7748E-02 1.2723E-02 9.0772E-03 4.9372E-03 1.0693E-03 2.3165E-04 0.0000E+00
 0.0000E+00 1.0755E-04 8.1118E-04 1.4839E-03 3.0044E-03 3.2139E-03 7.9736E-03 7.1242E-03 1.0621E-02 1.0873E-02 1.2279E-02 1.2081E-02 1.6492E-02 2.2060E-02 2.6578E-02 3.1470E-02 0.0000E+00 2.0615E-02 1.8593E-02 1.1518E-02 8.8824E-03 4.7525E-03 1.0693E-03 2.8956E-04 0.0000E+00
 0.0000E+00 9.1006E-05 5.7941E-04 1.1274E-03 3.0211E-03 3.7272E-03 8.0760E-03 7.1415E-03 9.7396E-03 1.0873E-02 1.1090E-02 1.2139E-02 1.6955E-02 2.0395E-02 2.6563E-02 3.1144E-02 0.0000E+00 2.1710E-02 1.8569E-02 1.2783E-02 9.4580E-03 5.0128E-03 1.1190E-03 3.4747E-04 0.0000E+00
 0.0000E+00 6.6187E-05 4.8836E-04 1.3927E-03 3.2541E-03 3.3822E-03 7.9736E-03 7.0115E-03 1.0455E-02 1.0539E-02 1.2016E-02 1.3314E-02 1.8080E-02 2.1537E-02 2.6322E-02 2.8883E-02 0.0000E+00 2.0346E-02 1.7483E-02 1.2205E-02 9.5643E-03 4.8112E-03 1.1356E-03 2.9783E-04 0.0000E+00
 0.0000E+00 1.5719E-04 6.6219E-04 1.0694E-03 3.1958E-03 3.3654E-03 7.7601E-03 6.8382E-03 1.0333E-02 1.0697E-02 1.1389E-02 1.2110E-02 1.7081E-02 2.0288E-02 2.4473E-02 3.2407E-02 0.0000E+00 2.2434E-02 1.7314E-02 1.3122E-02 9.2543E-03 4.6265E-03 1.2351E-03 1.7373E-04 0.0000E+00
 0.0000E+00 9.1006E-05 5.3803E-04 1.3596E-03 2.9379E-03 3.5168E-03 8.4516E-03 7.5142E-03 1.1145E-02 1.0864E-02 1.0754E-02 1.2495E-02 1.6155E-02 2.0895E-02 2.5909E-02 3.1185E-02 0.0000E+00 2.1997E-02 1.7809E-02 1.2444E-02 9.1126E-03 4.6685E-03 1.3760E-03 2.2337E-04 0.0000E+00
 0.0000E+00 9.1006E-05 6.7047E-04 1.3347E-03 2.7464E-03 3.4159E-03 7.8370E-03 6.8989E-03 1.0185E-02 1.1647E-02 1.1380E-02 1.1918E-02 1.6345E-02 1.9765E-02 2.6051E-02 3.0411E-02 0.0000E+00 2.0599E-02 1.8690E-02 1.1986E-02 9.3251E-03 4.8112E-03 1.4340E-03 1.2410E-04 0.0000E+00
 0.0000E+00 1.1583E-04 5.0492E-04 1.2684E-03 2.6216E-03 3.2981E-03 7.2052E-03 7.4449E-03 1.0892E-02 1.0574E-02 1.1907E-02 1.1850E-02 1.6450E-02 2.0954E-02 2.5539E-02 2.9881E-02 0.0000E+00 2.0818E-02 1.7724E-02 1.1737E-02 9.2720E-03 4.8700E-03 1.1190E-03 2.0683E-04 0.0000E+00
 0.0000E+00 4.9640E-05 5.8769E-04 1.2767E-03 3.1043E-03 3.3738E-03 8.3919E-03 7.8436E-03 1.1162E-02 1.1524E-02 1.1526E-02 1.2505E-02 1.6061E-02 2.1537E-02 2.5938E-02 3.0126E-02 0.0000E+00 2.1188E-02 1.7857E-02 1.2305E-02 8.6610E-03 4.7273E-03 1.1025E-03 2.7301E-04 0.0000E+00
 0.0000E+00 6.6187E-05 6.5391E-04 1.1357E-03 2.8546E-03 3.2644E-03 7.4870E-03 7.6875E-03 1.0831E-02 1.0610E-02 1.1262E-02 1.2640E-02 1.7544E-02 2.2037E-02 2.5511E-02 3.1755E-02 0.0000E+00 2.2603E-02 1.9245E-02 1.1976E-02 9.2277E-03 4.4922E-03 1.3014E-03 2.9783E-04 0.0000E+00
 0.0000E+00 8.2733E-05 5.6286E-04 1.2850E-03 2.6216E-03 3.7356E-03 7.7858E-03 7.4189E-03 1.0351E-02 1.1234E-02 1.1344E-02 1.1870E-02 1.5913E-02 2.1180E-02 2.6236E-02 3.1266E-02 0.0000E+00 2.1390E-02 1.8026E-02 1.1428E-02 8.9975E-03 4.5425E-03 1.0942E-03 1.0755E-04 0.0000E+00
 0.0000E+00 7.4460E-05 4.3870E-04 1.2767E-03 2.9462E-03 3.6599E-03 7.9223E-03 7.2889E-03 1.0298E-02 1.0988E-02 1.1153E-02 1.2736E-02 1.6944E-02 2.0300E-02 2.6336E-02 3.1450E-02 0.0000E+00 2.0582E-02 1.6964E-02 1.2584E-02 9.2897E-03 4.5509E-03 1.3097E-03 2.7301E-04 0.0000E+00
 0.0000E+00 9.9280E-05 4.8836E-04 1.1523E-03 2.7381E-03 3.4159E-03 7.2565E-03 6.6129E-03 1.1241E-02 1.1049E-02 1.0899E-02 1.1908E-02 1.5608E-02 2.0824E-02 2.4928E-02 3.0737E-02 0.0000E+00 2.0632E-02 1.7628E-02 1.1567E-02 8.7407E-03 4.9456E-03 1.0279E-03 2.3165E-04 0.0000E+00
 0.0000E+00 9.1006E-05 6.9530E-04 1.2021E-03 2.9462E-03 3.4411E-03 7.5296E-03 7.0115E-03 9.7484E-03 1.0592E-02 1.1997E-02 1.1812E-02 1.5840E-02 2.0586E-02 2.4644E-02 3.2631E-02 0.0000E+00 1.9554E-02 1.7459E-02 1.2414E-02 9.0949E-03 5.1051E-03 1.2268E-03 2.1510E-04 0.0000E+00
 0.0000E+00 8.2733E-05 6.5391E-04 1.1109E-03 2.9046E-03 3.5000E-03 7.7601E-03 6.3875E-03 1.0307E-02 1.1005E-02 1.0772E-02 1.1735E-02 1.6187E-02 2.1264E-02 2.5696E-02 3.1572E-02 0.0000E+00 2.0986E-02 1.7145E-02 1.2434E-02 8.2536E-03 4.4334E-03 1.0279E-03 2.2337E-04 0.0000E+00
 0.0000E+00 6.6187E-05 6.6219E-04 1.3181E-03 2.8213E-03 3.2392E-03 7.7345E-03 7.4015E-03 9.6262E-03 1.0838E-02 1.0255E-02 1.1870E-02 1.7270E-02 1.9325E-02 2.4317E-02 3.0961E-02 0.0000E+00 2.0717E-02 1.7857E-02 1.2773E-02 8.7849E-03 4.6937E-03 1.0693E-03 1.5719E-04 0.0000E+00
 0.0000E+00 7.4460E-05 4.4698E-04 1.1855E-03 2.4219E-03 3.2813E-03 7.3248E-03 7.0982E-03 1.0639E-02 1.0908E-02 1.1435E-02 1.2197E-02 1.5430E-02 2.0705E-02 2.5042E-02 3.0696E-02 0.0000E+00 2.2098E-02 1.7362E-02 1.1328E-02 8.5990E-03 4.5509E-03 7.5432E-04 1.6546E-04 0.0000E+00
 0.0000E+00 6.6187E-05 4.8836E-04 1.1440E-03 3.2208E-03 3.6683E-03 6.9662E-03 7.3495E-03 1.0316E-02 1.0583E-02 1.0981E-02 1.2563E-02 1.6744E-02 2.0312E-02 2.4985E-02 3.1287E-02 0.0000E+00 2.0565E-02 1.8231E-02 1.1936E-02 8.3510E-03 4.3074E-03 1.0693E-03 2.5646E-04 0.0000E+00
 0.0000E+00 6.6187E-05 6.1252E-04 1.2684E-03 2.7631E-03 3.3401E-03 7.4101E-03 7.2022E-03 1.0752E-02 1.1568E-02 1.1117E-02 1.1581E-02 1.6660E-02 1.9979E-02 2.5241E-02 3.2163E-02 0.0000E+00 1.9959E-02 1.7193E-02 1.2036E-02 8.2536E-03 4.6349E-03 1.1439E-03 1.1582E-04 0.0000E+00
 0.0000E+00 4.1367E-05 5.2147E-04 1.2767E-03 2.7464E-03 3.4159E-03 7.1028E-03 6.8729E-03 1.0211E-02 1.0047E-02 1.0373E-02 1.2043E-02 1.5714E-02 2.0479E-02 2.4615E-02 3.0737E-02 0.0000E+00 1.9554E-02 1.7410E-02 1.1697E-02 8.5281E-03 4.6097E-03 1.0776E-03 2.5646E-04 0.0000E+00
 0.0000E+00 1.0755E-04 4.1387E-04 1.0528E-03 2.6216E-03 3.2644E-03 7.2735E-03 6.7515E-03 1.0935E-02 1.0697E-02 1.0491E-02 1.1898E-02 1.5335E-02 2.0110E-02 2.5241E-02 3.0004E-02 0.0000E+00 2.0666E-02 1.7362E-02 1.2026E-02 9.5288E-03 4.9288E-03 1.2517E-03 2.7301E-04 0.0000E+00
 0.0000E+00 4.1367E-05 4.3870E-04 1.3015E-03 2.8297E-03 3.3990E-03 6.9833E-03 6.5002E-03 1.0228E-02 1.0522E-02 1.1535E-02 1.1513E-02 1.6450E-02 1.9670E-02 2.4757E-02 3.1185E-02 0.0000E+00 1.9706E-02 1.6855E-02 1.1358E-02 9.3694E-03 4.5677E-03 1.4175E-03 2.0683E-04 0.0000E+00
 0.0000E+00 6.6187E-05 6.6219E-04 1.0943E-03 2.3802E-03 3.1971E-03 7.1455E-03 6.7429E-03 1.0490E-02 1.0425E-02 1.0772E-02 1.1889E-02 1.5619E-02 2.1061E-02 2.5639E-02 3.0778E-02 0.0000E+00 2.0531E-02 1.6396E-02 1.1757E-02 8.1739E-03 4.5761E-03 1.0362E-03 1.2410E-04 0.0000E+00
 0.0000E+00 8.2733E-05 4.4698E-04 1.2767E-03 2.8380E-03 3.1719E-03 7.4870E-03 6.9162E-03 9.9840E-03 1.0513E-02 1.1063E-02 1.2351E-02 1.6092E-02 1.9611E-02 2.4430E-02 2.9515E-02 0.0000E+00 2.0615E-02 1.8062E-02 1.1458E-02 9.5377E-03 4.5006E-03 9.9471E-04 2.0683E-04 0.0000E+00
 0.0000E+00 9.1006E-05 6.8702E-04 1.0528E-03 2.6632E-03 2.7764E-03 7.6321E-03 7.0722E-03 1.0324E-02 1.0363E-02 1.0754E-02 1.1484E-02 1.6545E-02 1.9087E-02 2.4900E-02 3.1409E-02 0.0000E+00 2.0346E-02 1.7664E-02 1.1279E-02 8.3510E-03 4.2906E-03 1.0279E-03 2.5646E-04 0.0000E+00
 0.0000E+00 7.4460E-05 4.8836E-04 1.4673E-03 2.2720E-03 3.5337E-03 7.0430E-03 6.7775E-03 9.6698E-03 9.6954E-03 1.0654E-02 1.1975E-02 1.5240E-02 1.9813E-02 2.4558E-02 3.2713E-02 0.0000E+00 2.0952E-02 1.6674E-02 1.2115E-02 8.6344E-03 4.1143E-03 9.1182E-04 2.0683E-04 0.0000E+00
 0.0000E+00 7.4460E-05 4.9664E-04 1.5337E-03 2.8713E-03 3.1298E-03 7.9138E-03 7.2282E-03 1.0202E-02 9.9591E-03 1.0927E-02 1.2476E-02 1.5566E-02 1.8659E-02 2.5127E-02 2.9942E-02 0.0000E+00 1.9672E-02 1.6396E-02 1.1677E-02 8.4396E-03 4.4082E-03 1.1108E-03 1.6546E-04 0.0000E+00
 0.0000E+00 2.1511E-04 4.0559E-04 1.4922E-03 2.9462E-03 3.3401E-03 7.2991E-03 7.0722E-03 1.0717E-02 1.0390E-02 1.1389E-02 1.1446E-02 1.5314E-02 2.0265E-02 2.5682E-02 3.3588E-02 0.0000E+00 2.0026E-02 1.6867E-02 1.1856E-02 8.4484E-03 4.5006E-03 9.3668E-04 2.3992E-04 0.0000E+00
 0.0000E+00 1.1583E-04 5.5458E-04 1.1192E-03 2.3719E-03 3.2392E-03 6.8040E-03 6.8469E-03 1.0490E-02 1.0399E-02 9.7468E-03 1.1032E-02 1.5209E-02 2.0348E-02 2.4786E-02 2.9026E-02 0.0000E+00 2.0565E-02 1.6251E-02 1.1388E-02 8.5193E-03 4.3494E-03 9.6984E-04 2.5646E-04 0.0000E+00
 0.0000E+00 1.0755E-04 6.3736E-04 1.0694E-03 2.7714E-03 3.0373E-03 7.3931E-03 6.3875E-03 1.0918E-02 1.0697E-02 1.1017E-02 1.1561E-02 1.5892E-02 1.9777E-02 2.4146E-02 3.1226E-02 0.0000E+00 2.0110E-02 1.6698E-02 1.0980E-02 8.0765E-03 4.5761E-03 8.7037E-04 2.3165E-04 0.0000E+00
 0.0000E+00 1.1583E-04 6.2080E-04 1.1938E-03 2.5883E-03 3.2560E-03 6.9406E-03 6.3268E-03 9.9927E-03 1.0627E-02 1.0691E-02 1.1061E-02 1.5661E-02 1.9099E-02 2.5383E-02 3.1674E-02 0.0000E+00 2.0396E-02 1.6143E-02 1.0810E-02 8.0676E-03 4.4082E-03 9.9471E-04 1.3237E-04 0.0000E+00
 0.0000E+00 7.4460E-05 5.4631E-04 1.2932E-03 2.4302E-03 3.3486E-03 7.0772E-03 6.7082E-03 1.0420E-02 1.0566E-02 1.1135E-02 1.1571E-02 1.5935E-02 1.9504E-02 2.4302E-02 3.0024E-02 0.0000E+00 2.0818E-02 1.6939E-02 1.1239E-02 7.8374E-03 4.7189E-03 1.1273E-03 1.8201E-04 0.0000E+00
 0.0000E+00 4.9640E-05 4.6353E-04 1.1938E-03 2.7131E-03 3.0625E-03 7.0004E-03 6.8469E-03 9.2335E-03 1.0196E-02 1.0128E-02 1.0984E-02 1.5913E-02 1.8802E-02 2.4573E-02 3.0655E-02 0.0000E+00 2.0093E-02 1.6251E-02 1.1099E-02 7.5363E-03 4.6685E-03 9.9471E-04 2.0683E-04 0.0000E+00
 0.0000E+00 4.1367E-05 3.4765E-04 1.3596E-03 2.3470E-03 2.9784E-03 7.1967E-03 6.4482E-03 1.0263E-02 1.0073E-02 1.1108E-02 1.1821E-02 1.5398E-02 1.9099E-02 2.4871E-02 3.1429E-02 0.0000E+00 2.0127E-02 1.7193E-02 1.1448E-02 8.0853E-03 4.2151E-03 8.9524E-04 1.9855E-04 0.0000E+00
 0.0000E+00 1.6547E-04 5.7114E-04 1.1855E-03 2.5550E-03 2.9195E-03 6.5650E-03 6.8902E-03 1.0010E-02 1.1049E-02 1.0536E-02 1.1032E-02 1.5356E-02 1.8933E-02 2.6521E-02 3.0553E-02 0.0000E+00 1.9925E-02 1.7265E-02 1.1418E-02 8.8469E-03 4.1647E-03 1.0942E-03 1.8201E-04 0.0000E+00
 0.0000E+00 5.7913E-05 5.7114E-04 1.2021E-03 2.4302E-03 3.2224E-03 6.9321E-03 6.5955E-03 9.6873E-03 9.4932E-03 1.0809E-02 1.1427E-02 1.4998E-02 1.8695E-02 2.4416E-02 3.0492E-02 0.0000E+00 1.8847E-02 1.7157E-02 1.0910E-02 8.5370E-03 4.2822E-03 1.2019E-03 2.5646E-04 0.0000E+00
 0.0000E+00 7.4460E-05 4.0559E-04 1.2269E-03 2.2970E-03 3.1046E-03 7.1369E-03 6.5955E-03 9.7047E-03 1.0478E-02 1.0119E-02 1.1638E-02 1.5251E-02 1.9194E-02 2.5867E-02 3.0941E-02 0.0000E+00 2.0060E-02 1.6130E-02 1.0950E-02 8.2005E-03 4.4838E-03 1.0859E-03 1.3237E-04 0.0000E+00
 0.0000E+00 1.2410E-04 4.6353E-04 1.0694E-03 2.3802E-03 2.8353E-03 7.2821E-03 6.0668E-03 8.7447E-03 9.6514E-03 1.0945E-02 1.1321E-02 1.4820E-02 1.9111E-02 2.5255E-02 3.0329E-02 0.0000E+00 2.0262E-02 1.6275E-02 1.0910E-02 8.1030E-03 4.2151E-03 1.1190E-03 2.1510E-04 0.0000E+00
 0.0000E+00 1.6547E-05 6.1252E-04 1.1689E-03 2.3303E-03 2.8858E-03 6.9321E-03 6.5695E-03 9.9491E-03 1.0557E-02 1.0055E-02 1.0868E-02 1.5430E-02 1.9087E-02 2.4999E-02 2.9841E-02 0.0000E+00 1.8830E-02 1.6577E-02 1.1139E-02 7.8462E-03 4.1227E-03 9.6155E-04 1.7373E-04 0.0000E+00
 0.0000E+00 8.2733E-05 5.2975E-04 1.0280E-03 2.6050E-03 3.0457E-03 7.5126E-03 6.5695E-03 9.6524E-03 1.0073E-02 9.9918E-03 1.1032E-02 1.5051E-02 2.0027E-02 2.3705E-02 3.0492E-02 0.0000E+00 2.1020E-02 1.6312E-02 1.0203E-02 7.8994E-03 4.4250E-03 1.1356E-03 1.1582E-04 0.0000E+00
 0.0000E+00 1.2410E-04 4.0559E-04 1.0114E-03 2.3303E-03 2.9700E-03 6.5308E-03 6.6042E-03 9.7658E-03 9.8976E-03 9.5471E-03 1.0945E-02 1.4630E-02 1.8386E-02 2.3677E-02 2.9555E-02 0.0000E+00 1.9218E-02 1.5949E-02 1.0970E-02 8.1208E-03 4.5090E-03 1.2268E-03 1.8201E-04 0.0000E+00
 0.0000E+00 9.1006E-05 6.6219E-04 1.2767E-03 2.5384E-03 3.1130E-03 6.5564E-03 6.7169E-03 9.7309E-03 1.0144E-02 9.9011E-03 1.1870E-02 1.6250E-02 1.9575E-02 2.3421E-02 3.0004E-02 0.0000E+00 2.0194E-02 1.5575E-02 1.0521E-02 8.5370E-03 3.7701E-03 9.8642E-04 1.6546E-04 0.0000E+00
 0.0000E+00 1.5719E-04 6.2080E-04 1.3264E-03 2.4635E-03 3.2392E-03 7.0174E-03 6.5522E-03 1.0080E-02 1.0328E-02 1.0128E-02 1.1735E-02 1.5114E-02 1.8029E-02 2.4757E-02 3.0981E-02 0.0000E+00 1.9689E-02 1.5177E-02 1.1159E-02 8.8204E-03 4.2655E-03 1.1273E-03 1.9855E-04 0.0000E+00
 0.0000E+00 3.3093E-05 5.0492E-04 1.0611E-03 2.4884E-03 3.0709E-03 7.3248E-03 6.4742E-03 1.0342E-02 1.0539E-02 9.8557E-03 1.0050E-02 1.5840E-02 1.8302E-02 2.4203E-02 2.9555E-02 0.0000E+00 2.0161E-02 1.6372E-02 1.0292E-02 8.4661E-03 4.3326E-03 1.0362E-03 1.9855E-04 0.0000E+00
 0.0000E+00 9.9280E-05 5.1320E-04 1.0860E-03 2.1306E-03 2.9111E-03 6.7613E-03 6.5262E-03 9.6873E-03 9.7833E-03 9.6288E-03 1.0994E-02 1.5714E-02 1.8647E-02 2.4103E-02 3.2407E-02 0.0000E+00 1.9740E-02 1.5998E-02 1.0780E-02 7.4566E-03 3.9800E-03 1.1688E-03 2.0683E-04 0.0000E+00
 0.0000E+00 7.4460E-05 4.3042E-04 9.2849E-04 2.5217E-03 2.8101E-03 6.9577E-03 6.6302E-03 9.2509E-03 9.8360E-03 1.0074E-02 1.0974E-02 1.4567E-02 1.9741E-02 2.3549E-02 3.0941E-02 0.0000E+00 1.8965E-02 1.7036E-02 1.1119E-02 7.2706E-03 3.7449E-03 9.8642E-04 1.0755E-04 0.0000E+00
 0.0000E+00 9.9280E-05 5.9597E-04 1.3513E-03 2.2887E-03 3.0625E-03 6.9662E-03 5.9975E-03 9.4342E-03 1.0926E-02 9.8285E-03 9.8480E-03 1.5335E-02 1.9337E-02 2.3549E-02 3.1979E-02 0.0000E+00 2.0498E-02 1.6034E-02 1.0013E-02 8.0765E-03 3.9800E-03 7.6261E-04 2.2337E-04 0.0000E+00
 0.0000E+00 9.1006E-05 4.8009E-04 1.2021E-03 2.5384E-03 2.7764E-03 6.8894E-03 6.0582E-03 9.2335E-03 9.4493E-03 1.0074E-02 1.0955E-02 1.3694E-02 1.8421E-02 2.5284E-02 3.0065E-02 0.0000E+00 2.0329E-02 1.6010E-02 1.1000E-02 8.1473E-03 4.4334E-03 8.9524E-04 2.3992E-04 0.0000E+00
 0.0000E+00 5.7913E-05 4.3042E-04 1.1523E-03 2.5384E-03 2.8774E-03 6.6076E-03 6.2315E-03 8.9367E-03 9.9063E-03 9.8194E-03 1.1253E-02 1.5545E-02 1.9052E-02 2.3748E-02 3.1063E-02 0.0000E+00 2.0009E-02 1.5623E-02 1.0850E-02 8.2270E-03 3.8876E-03 1.1522E-03 2.0683E-04 0.0000E+00
 0.0000E+00 9.9280E-05 5.1320E-04 1.1440E-03 2.4551E-03 2.5493E-03 6.3174E-03 6.1102E-03 9.0502E-03 8.4736E-03 1.0173E-02 1.0195E-02 1.5545E-02 1.8945E-02 2.3606E-02 2.9739E-02 0.0000E+00 1.8072E-02 1.4645E-02 1.0232E-02 8.0411E-03 4.0639E-03 1.0776E-03 1.7373E-04 0.0000E+00
 0.0000E+00 4.9640E-05 5.2147E-04 1.0943E-03 2.2388E-03 2.9195E-03 5.9162E-03 6.5088E-03 1.0333E-02 9.8888E-03 1.0309E-02 1.0377E-02 1.4977E-02 1.9611E-02 2.4032E-02 3.1022E-02 0.0000E+00 1.9285E-02 1.5225E-02 1.1438E-02 7.5894E-03 3.7281E-03 9.3668E-04 2.0683E-04 0.0000E+00
 0.0000E+00 5.7913E-05 4.0559E-04 1.2269E-03 2.5633E-03 2.7849E-03 6.9235E-03 6.5088E-03 9.9578E-03 9.3789E-03 9.1297E-03 1.1167E-02 1.5219E-02 1.8588E-02 2.3890E-02 3.0126E-02 0.0000E+00 1.9807E-02 1.6263E-02 1.1269E-02 8.0676E-03 3.6357E-03 1.1108E-03 2.8956E-04 0.0000E+00
 0.0000E+00 1.1583E-04 5.4631E-04 1.0943E-03 2.5467E-03 2.8438E-03 6.8894E-03 6.5695E-03 9.3644E-03 9.8888E-03 1.0164E-02 1.0454E-02 1.4325E-02 1.8695E-02 2.4914E-02 3.1837E-02 0.0000E+00 1.9521E-02 1.5478E-02 1.0591E-02 7.3946E-03 4.3074E-03 9.2839E-04 1.4891E-04 0.0000E+00
 0.0000E+00 5.7913E-05 5.0492E-04 1.1274E-03 2.2720E-03 2.7764E-03 6.4113E-03 6.1448E-03 9.2335E-03 9.8624E-03 9.7468E-03 1.0474E-02 1.4998E-02 1.7755E-02 2.2439E-02 2.9820E-02 0.0000E+00 1.7752E-02 1.6058E-02 9.9833E-03 7.3414E-03 3.8960E-03 6.2169E-04 1.9855E-04 0.0000E+00
 0.0000E+00 1.1583E-04 5.6286E-04 1.3347E-03 2.4718E-03 2.5998E-03 6.5223E-03 5.8848E-03 9.5302E-03 9.7657E-03 9.2658E-03 1.0685E-02 1.4494E-02 1.8291E-02 2.4103E-02 3.2326E-02 0.0000E+00 1.9066E-02 1.5225E-02 1.0760E-02 7.3060E-03 3.8456E-03 1.0444E-03 1.4064E-04 0.0000E+00
 0.0000E+00 5.7913E-05 4.3870E-04 9.2849E-04 2.2970E-03 2.8353E-03 6.5052E-03 5.9628E-03 9.6087E-03 9.4668E-03 9.6833E-03 1.0387E-02 1.4578E-02 1.7851E-02 2.3833E-02 3.0105E-02 0.0000E+00 1.8106E-02 1.5937E-02 1.0372E-02 7.4477E-03 4.2990E-03 8.7037E-04 1.7373E-04 0.0000E+00
 0.0000E+00 1.1583E-04 4.8009E-04 8.1243E-04 1.9724E-03 2.8606E-03 6.6589E-03 6.0582E-03 8.9542E-03 9.9239E-03 9.3021E-03 9.2992E-03 1.4735E-02 1.7720E-02 2.3975E-02 3.0879E-02 0.0000E+00 1.9723E-02 1.5961E-02 1.0193E-02 7.3503E-03 3.9212E-03 9.3668E-04 4.1365E-04 0.0000E+00
 0.0000E+00 8.2733E-05 5.6286E-04 1.0114E-03 2.4884E-03 3.2728E-03 6.2747E-03 6.2315E-03 9.0153E-03 9.7130E-03 1.0663E-02 1.0300E-02 1.4294E-02 1.8588E-02 2.3165E-02 2.8639E-02 0.0000E+00 1.8999E-02 1.5309E-02 1.0840E-02 7.8108E-03 3.7197E-03 8.8695E-04 1.2410E-04 0.0000E+00
 0.0000E+00 8.2733E-05 3.8076E-04 1.0197E-03 2.3220E-03 2.7176E-03 6.8552E-03 5.9802E-03 8.4916E-03 1.0056E-02 9.4292E-03 1.0637E-02 1.4367E-02 1.8861E-02 2.3847E-02 2.8231E-02 0.0000E+00 1.8628E-02 1.5273E-02 1.0531E-02 7.3060E-03 3.9716E-03 1.1025E-03 8.2730E-05 0.0000E+00
 0.0000E+00 1.2410E-04 5.5458E-04 1.0280E-03 2.3386E-03 3.0457E-03 6.6845E-03 6.0668E-03 9.2509E-03 9.6426E-03 9.6107E-03 1.0503E-02 1.5661E-02 1.8421E-02 2.3264E-02 3.0187E-02 0.0000E+00 1.8763E-02 1.5587E-02 1.0800E-02 7.6691E-03 4.0387E-03 9.9471E-04 2.0683E-04 0.0000E+00
 0.0000E+00 9.1006E-05 3.5593E-04 1.2186E-03 2.1805E-03 2.5240E-03 6.2832E-03 6.1795E-03 9.1113E-03 9.7833E-03 9.2023E-03 9.5977E-03 1.5282E-02 1.7173E-02 2.4416E-02 2.9861E-02 0.0000E+00 1.9268E-02 1.5647E-02 9.5748E-03 7.8020E-03 3.7281E-03 9.3668E-04 7.4457E-05 0.0000E+00
 0.0000E+00 8.2733E-05 4.5525E-04 8.0414E-04 2.6799E-03 2.7176E-03 6.1637E-03 5.7202E-03 9.7047E-03 9.4229E-03 9.5199E-03 9.3089E-03 1.4399E-02 1.8398E-02 2.3975E-02 2.9820E-02 0.0000E+00 2.0464E-02 1.5986E-02 1.0780E-02 7.2263E-03 4.2487E-03 7.6261E-04 1.9855E-04 0.0000E+00
 0.0000E+00 5.7913E-05 4.8836E-04 1.2684E-03 2.2720E-03 2.5661E-03 6.4028E-03 5.9802E-03 8.5876E-03 8.9219E-03 1.0010E-02 9.7517E-03 1.4683E-02 1.7684E-02 2.3918E-02 2.9963E-02 0.0000E+00 1.9453E-02 1.5454E-02 9.3457E-03 8.1473E-03 3.7952E-03 9.6155E-04 1.9855E-04 0.0000E+00
 0.0000E+00 9.1006E-05 5.4631E-04 9.8652E-04 2.2804E-03 2.6418E-03 6.4284E-03 6.1188E-03 9.3033E-03 9.1944E-03 9.5018E-03 1.0753E-02 1.4473E-02 1.7851E-02 2.2496E-02 2.9433E-02 0.0000E+00 1.8796E-02 1.4042E-02 1.0212E-02 7.5983E-03 3.6273E-03 8.7866E-04 2.4819E-04 0.0000E+00
 0.0000E+00 9.1006E-05 4.4698E-04 9.6994E-04 2.2970E-03 2.5240E-03 6.4711E-03 6.3528E-03 8.6138E-03 9.7569E-03 9.8829E-03 1.0666E-02 1.4851E-02 1.8172E-02 2.3108E-02 2.9963E-02 0.0000E+00 1.8982E-02 1.6239E-02 1.0412E-02 7.6337E-03 3.4846E-03 8.8695E-04 1.8201E-04 0.0000E+00
 0.0000E+00 1.2410E-04 4.0559E-04 7.8756E-04 2.1805E-03 2.5661E-03 6.2149E-03 6.4048E-03 9.6175E-03 9.5547E-03 1.0028E-02 1.0801E-02 1.3757E-02 1.8160E-02 2.4430E-02 3.0472E-02 0.0000E+00 1.8544E-02 1.5696E-02 1.0063E-02 7.1378E-03 3.7701E-03 8.5379E-04 1.7373E-04 0.0000E+00
 0.0000E+00 4.1367E-05 4.9664E-04 9.9481E-04 1.7727E-03 2.6839E-03 6.2064E-03 5.8068E-03 8.8407E-03 9.2119E-03 1.0182E-02 1.0137E-02 1.4283E-02 1.7208E-02 2.3520E-02 2.9291E-02 0.0000E+00 1.8611E-02 1.5515E-02 1.0382E-02 7.4743E-03 3.9128E-03 1.0859E-03 1.9028E-04 0.0000E+00
 0.0000E+00 4.1367E-05 3.9731E-04 1.2103E-03 1.9475E-03 2.7344E-03 6.3089E-03 6.1188E-03 9.6524E-03 8.6845E-03 1.0491E-02 9.7709E-03 1.4515E-02 1.8017E-02 2.2610E-02 3.0146E-02 0.0000E+00 1.9588E-02 1.4778E-02 1.0362E-02 7.1378E-03 3.8960E-03 8.4550E-04 1.9028E-04 0.0000E+00
 0.0000E+00 8.2733E-05 3.3937E-04 8.2901E-04 2.3053E-03 2.5661E-03 6.1040E-03 5.9542E-03 9.1898E-03 9.5899E-03 9.5834E-03 9.8576E-03 1.4651E-02 1.7185E-02 2.3677E-02 2.9881E-02 0.0000E+00 1.8897E-02 1.5092E-02 9.3556E-03 7.5009E-03 3.8456E-03 1.0859E-03 2.7301E-04 0.0000E+00
 0.0000E+00 5.7913E-05 4.7181E-04 1.1938E-03 2.3802E-03 2.5998E-03 7.0174E-03 6.0755E-03 9.2509E-03 9.0098E-03 9.4201E-03 8.9623E-03 1.3557E-02 1.8076E-02 2.2425E-02 3.0126E-02 0.0000E+00 1.9622E-02 1.4295E-02 9.2659E-03 7.7488E-03 3.5601E-03 7.2116E-04 9.9276E-05 0.0000E+00
 0.0000E+00 5.7913E-05 5.1320E-04 1.1772E-03 2.4219E-03 2.7596E-03 6.7528E-03 5.4775E-03 8.4916E-03 8.6845E-03 9.9737E-03 1.0445E-02 1.3905E-02 1.7565E-02 2.3364E-02 3.0004E-02 0.0000E+00 1.8897E-02 1.6022E-02 1.0472E-02 7.1555E-03 3.6609E-03 7.9577E-04 1.6546E-04 0.0000E+00
 0.0000E+00 1.3237E-04 3.9731E-04 9.2020E-04 2.2887E-03 2.4820E-03 6.4967E-03 5.5208E-03 8.9804E-03 9.2031E-03 9.0934E-03 1.0012E-02 1.3673E-02 1.7958E-02 2.3179E-02 2.8354E-02 0.0000E+00 1.9470E-02 1.4718E-02 9.4254E-03 7.6248E-03 3.5350E-03 7.9577E-04 1.2410E-04 0.0000E+00
 0.0000E+00 1.3237E-04 4.3870E-04 1.0114E-03 2.0806E-03 2.7428E-03 5.6600E-03 6.1708E-03 8.8320E-03 9.1680E-03 8.6396E-03 9.6651E-03 1.3863E-02 1.7601E-02 2.4786E-02 2.9311E-02 0.0000E+00 1.9605E-02 1.4814E-02 1.0850E-02 7.1555E-03 3.6189E-03 8.6208E-04 2.1510E-04 0.0000E+00
 0.0000E+00 1.4065E-04 4.9664E-04 8.9533E-04 2.0224E-03 2.6334E-03 6.6247E-03 5.5208E-03 9.0851E-03 8.8252E-03 9.5381E-03 9.9346E-03 1.4409E-02 1.6970E-02 2.4018E-02 2.8537E-02 0.0000E+00 1.8443E-02 1.4645E-02 9.2161E-03 7.2972E-03 3.7281E-03 8.2892E-04 1.8201E-04 0.0000E+00
 0.0000E+00 4.1367E-05 5.5458E-04 1.0280E-03 2.2138E-03 2.3978E-03 5.9162E-03 5.5208E-03 8.9018E-03 9.4493E-03 9.4201E-03 9.4244E-03 1.4714E-02 1.7934E-02 2.2368E-02 3.1959E-02 0.0000E+00 1.7668E-02 1.5539E-02 9.6246E-03 7.5628E-03 3.5517E-03 7.2945E-04 2.3992E-04 0.0000E+00
 0.0000E+00 1.1583E-04 4.1387E-04 1.1109E-03 2.3636E-03 2.9363E-03 6.2832E-03 5.9108E-03 9.2247E-03 8.6054E-03 9.7105E-03 9.9442E-03 1.3063E-02 1.7244E-02 2.2823E-02 2.9983E-02 0.0000E+00 1.7045E-02 1.4549E-02 9.5748E-03 7.7665E-03 3.6273E-03 7.7090E-04 1.4064E-04 0.0000E+00
 0.0000E+00 7.4460E-05 3.3109E-04 9.3678E-04 2.2221E-03 2.8522E-03 6.0271E-03 5.6075E-03 8.9455E-03 8.9922E-03 9.8829E-03 1.0820E-02 1.4031E-02 1.6959E-02 2.4487E-02 3.0716E-02 0.0000E+00 1.8173E-02 1.3498E-02 9.2659E-03 7.5717E-03 4.2655E-03 7.5432E-04 1.5719E-04 0.0000E+00
 0.0000E+00 1.0755E-04 3.8076E-04 1.0114E-03 2.1888E-03 2.2548E-03 6.1893E-03 5.5555E-03 8.8146E-03 8.9746E-03 8.8574E-03 9.4629E-03 1.4483E-02 1.7696E-02 2.4402E-02 3.0329E-02 0.0000E+00 2.0396E-02 1.5225E-02 9.8040E-03 7.4566E-03 3.9212E-03 9.6984E-04 1.2410E-04 0.0000E+00
 0.0000E+00 5.7913E-05 4.8009E-04 9.2849E-04 2.0806E-03 2.4231E-03 5.6259E-03 5.6335E-03 8.8669E-03 8.5087E-03 1.0210E-02 9.9346E-03 1.4168E-02 1.6768E-02 2.2411E-02 2.8089E-02 0.0000E+00 1.8039E-02 1.4078E-02 9.5748E-03 7.5894E-03 3.7113E-03 7.2945E-04 1.9028E-04 0.0000E+00
 0.0000E+00 1.0755E-04 5.2975E-04 8.4559E-04 1.9891E-03 2.4567E-03 6.0527E-03 5.6942E-03 8.8058E-03 9.1416E-03 9.2930E-03 9.9153E-03 1.3421E-02 1.7268E-02 2.3193E-02 2.9759E-02 0.0000E+00 1.7601E-02 1.4573E-02 9.3556E-03 7.0138E-03 3.6021E-03 8.8695E-04 2.3165E-04 0.0000E+00
 0.0000E+00 4.1367E-05 4.0559E-04 8.3730E-04 2.2554E-03 2.3389E-03 6.0015E-03 6.1188E-03 8.7360E-03 8.9922E-03 9.3112E-03 9.4436E-03 1.3610E-02 1.7161E-02 2.2909E-02 2.9983E-02 0.0000E+00 1.9184E-02 1.4549E-02 8.8774E-03 7.4920E-03 3.6441E-03 7.2116E-04 2.4819E-04 0.0000E+00
 0.0000E+00 9.1006E-05 4.9664E-04 1.0114E-03 2.0640E-03 2.2212E-03 6.5820E-03 5.5468E-03 8.6749E-03 9.3438E-03 9.1025E-03 9.6843E-03 1.3284E-02 1.6447E-02 2.2397E-02 2.8965E-02 0.0000E+00 1.9874E-02 1.4307E-02 9.8339E-03 7.2175E-03 3.3334E-03 8.2063E-04 1.4064E-04 0.0000E+00
 0.0000E+00 9.9280E-05 3.3109E-04 8.2901E-04 2.0723E-03 2.3558E-03 6.1893E-03 5.5208E-03 9.0066E-03 8.2978E-03 9.4201E-03 9.9442E-03 1.4567E-02 1.6471E-02 2.2752E-02 2.8842E-02 0.0000E+00 1.9218E-02 1.4971E-02 9.1265E-03 7.2529E-03 3.5014E-03 8.9524E-04 1.5719E-04 0.0000E+00
 0.0000E+00 4.9640E-05 4.5525E-04 1.1026E-03 2.2804E-03 2.6839E-03 6.3345E-03 5.7115E-03 8.2560E-03 8.6757E-03 9.2114E-03 9.2607E-03 1.3063E-02 1.7565E-02 2.2539E-02 2.9515E-02 0.0000E+00 1.8780E-02 1.3885E-02 9.5449E-03 6.6861E-03 3.9044E-03 9.2839E-04 3.1438E-04 0.0000E+00
 0.0000E+00 8.2733E-05 4.3870E-04 8.5388E-04 2.0557E-03 2.6166E-03 6.1808E-03 5.2695E-03 7.8633E-03 9.4229E-03 8.6305E-03 9.5495E-03 1.4378E-02 1.7898E-02 2.2966E-02 3.0228E-02 0.0000E+00 1.7196E-02 1.5152E-02 9.1364E-03 7.6691E-03 3.4846E-03 9.0353E-04 1.9855E-04 0.0000E+00
 0.0000E+00 9.9280E-05 4.1387E-04 1.0114E-03 2.6299E-03 2.2969E-03 6.0869E-03 5.4775E-03 8.7535E-03 8.4472E-03 8.9210E-03 9.2030E-03 1.2832E-02 1.6578E-02 2.3890E-02 2.8150E-02 0.0000E+00 1.8679E-02 1.4319E-02 9.4951E-03 7.1732E-03 3.2579E-03 7.6261E-04 1.5719E-04 0.0000E+00
 0.0000E+00 5.7913E-05 3.9731E-04 8.4559E-04 1.9391E-03 2.3558E-03 5.8479E-03 5.4428E-03 8.5266E-03 8.7461E-03 9.2749E-03 8.7794E-03 1.3947E-02 1.7862E-02 2.2454E-02 3.0228E-02 0.0000E+00 1.7937E-02 1.3595E-02 8.9969E-03 7.0049E-03 3.5937E-03 6.3827E-04 1.9855E-04 0.0000E+00
 0.0000E+00 1.0755E-04 5.7941E-04 8.7046E-04 1.9974E-03 2.3726E-03 6.1637E-03 5.4862E-03 7.9767E-03 9.0625E-03 9.2023E-03 9.7036E-03 1.3547E-02 1.6495E-02 2.2354E-02 2.8883E-02 0.0000E+00 1.9049E-02 1.4609E-02 8.8774E-03 7.5274E-03 3.1403E-03 1.0113E-03 1.9028E-04 0.0000E+00
 0.0000E+00 8.2733E-05 4.3042E-04 9.6165E-04 2.2554E-03 2.4651E-03 5.6003E-03 5.4342E-03 9.1113E-03 9.1944E-03 9.1388E-03 9.7517E-03 1.3989E-02 1.6614E-02 2.2667E-02 2.9698E-02 0.0000E+00 1.9218E-02 1.3559E-02 9.8239E-03 6.5179E-03 3.3250E-03 8.5379E-04 1.3237E-04 0.0000E+00
 0.0000E+00 9.9280E-05 5.9597E-04 9.5336E-04 2.0390E-03 2.5745E-03 5.9844E-03 5.1568E-03 8.1775E-03 9.1592E-03 8.8484E-03 1.0060E-02 1.3642E-02 1.6209E-02 2.2198E-02 3.1653E-02 0.0000E+00 1.7281E-02 1.4295E-02 9.1165E-03 6.7127E-03 3.6609E-03 8.6208E-04 2.8956E-04 0.0000E+00
 0.0000E+00 9.1006E-05 5.1320E-04 1.0197E-03 2.2388E-03 2.2548E-03 6.0101E-03 5.2348E-03 8.3607E-03 9.2119E-03 8.4853E-03 1.0118E-02 1.3347E-02 1.6471E-02 2.2781E-02 2.8028E-02 0.0000E+00 1.7348E-02 1.4682E-02 9.2958E-03 6.5267E-03 3.3586E-03 7.8748E-04 1.8201E-04 0.0000E+00
 0.0000E+00 9.1006E-05 4.8836E-04 7.9585E-04 1.9641E-03 2.6082E-03 5.6088E-03 4.9141E-03 8.8582E-03 8.8428E-03 9.2930E-03 9.3185E-03 1.3074E-02 1.7208E-02 2.3321E-02 2.7865E-02 0.0000E+00 1.8443E-02 1.5104E-02 8.7279E-03 6.9075E-03 3.4510E-03 7.7919E-04 2.5646E-04 0.0000E+00
 0.0000E+00 6.6187E-05 3.8076E-04 9.5336E-04 2.1971E-03 2.5072E-03 5.2673E-03 5.5642E-03 8.2909E-03 9.2735E-03 8.9573E-03 8.7505E-03 1.2758E-02 1.6792E-02 2.2397E-02 2.8211E-02 0.0000E+00 1.8746E-02 1.4645E-02 9.4353E-03 7.2440E-03 3.5685E-03 8.1234E-04 1.6546E-04 0.0000E+00
 0.0000E+00 4.9640E-05 5.2975E-04 8.9533E-04 2.3053E-03 2.4651E-03 5.7454E-03 5.2521E-03 8.3607E-03 8.8164E-03 8.8484E-03 9.7036E-03 1.2853E-02 1.7410E-02 2.1089E-02 3.1592E-02 0.0000E+00 1.8274E-02 1.4549E-02 9.3755E-03 6.9075E-03 3.6609E-03 8.1234E-04 2.5646E-04 0.0000E+00
 0.0000E+00 9.1006E-05 4.1387E-04 8.5388E-04 2.0390E-03 2.4147E-03 6.4967E-03 5.0181E-03 8.5178E-03 8.4912E-03 8.1586E-03 9.1645E-03 1.3579E-02 1.6637E-02 2.3108E-02 3.0431E-02 0.0000E+00 1.8409E-02 1.4645E-02 9.1165E-03 6.5533E-03 3.2159E-03 6.0511E-04 2.2337E-04 0.0000E+00
 0.0000E+00 7.4460E-05 4.6353E-04 8.4559E-04 2.2138E-03 2.3642E-03 5.7027E-03 5.7115E-03 8.4916E-03 8.4999E-03 8.7758E-03 8.7217E-03 1.2653E-02 1.7303E-02 2.2496E-02 3.0472E-02 0.0000E+00 1.8510E-02 1.4030E-02 8.9172E-03 6.5090E-03 3.4342E-03 9.6155E-04 1.7373E-04 0.0000E+00
 0.0000E+00 1.4065E-04 3.8076E-04 9.4507E-04 1.7144E-03 2.3810E-03 5.6771E-03 5.3041E-03 8.2735E-03 8.5527E-03 9.4745E-03 8.8853E-03 1.3726E-02 1.7244E-02 2.3421E-02 2.9942E-02 0.0000E+00 1.8072E-02 1.4054E-02 9.2560E-03 6.9695E-03 3.4258E-03 7.9577E-04 1.7373E-04 0.0000E+00
 0.0000E+00 3.3093E-05 5.9597E-04 8.2072E-04 1.7561E-03 2.4904E-03 5.6088E-03 5.2001E-03 8.3782E-03 8.0780E-03 8.3492E-03 9.3955E-03 1.4935E-02 1.6281E-02 2.1288E-02 2.9392E-02 0.0000E+00 1.9268E-02 1.3812E-02 8.7180E-03 6.9164E-03 3.4678E-03 7.4603E-04 2.3992E-04 0.0000E+00
 0.0000E+00 3.3093E-05 4.0559E-04 9.6994E-04 1.8726E-03 2.3978E-03 5.7027E-03 5.4428E-03 8.2036E-03 8.5351E-03 8.5398E-03 9.3570E-03 1.2905E-02 1.6566E-02 2.3179E-02 2.8700E-02 0.0000E+00 1.6910E-02 1.4187E-02 9.6147E-03 6.8367E-03 3.0228E-03 6.2169E-04 6.6184E-05 0.0000E+00
 0.0000E+00 5.7913E-05 3.9731E-04 1.0611E-03 2.0224E-03 2.3474E-03 5.3356E-03 5.0615E-03 8.1862E-03 8.8076E-03 8.3220E-03 9.1645E-03 1.3757E-02 1.6197E-02 2.1231E-02 3.0391E-02 0.0000E+00 1.8729E-02 1.4030E-02 8.8674E-03 6.3053E-03 3.3754E-03 8.2892E-04 1.9028E-04 0.0000E+00
 0.0000E+00 4.1367E-05 4.6353E-04 9.7823E-04 2.0141E-03 1.9688E-03 5.5064E-03 5.0788E-03 7.8196E-03 8.5087E-03 8.6396E-03 9.4629E-03 1.3042E-02 1.7185E-02 2.2198E-02 2.8720E-02 0.0000E+00 1.6775E-02 1.3535E-02 9.5051E-03 6.2610E-03 3.4930E-03 7.4603E-04 1.3237E-04 0.0000E+00
 0.0000E+00 9.9280E-05 2.6488E-04 8.5388E-04 1.7477E-03 2.4315E-03 5.7966E-03 5.2608E-03 8.0378E-03 9.0801E-03 8.6305E-03 8.8564E-03 1.2180E-02 1.6697E-02 2.1586E-02 2.8517E-02 0.0000E+00 1.7432E-02 1.3885E-02 8.3493E-03 6.4382E-03 3.2327E-03 8.7037E-04 1.9028E-04 0.0000E+00
 0.0000E+00 8.2733E-05 4.8009E-04 6.7978E-04 1.5397E-03 1.8594E-03 5.9076E-03 4.7668E-03 8.8407E-03 8.4384E-03 8.1677E-03 8.9238E-03 1.2211E-02 1.6756E-02 2.1785E-02 2.8476E-02 0.0000E+00 1.8948E-02 1.4621E-02 9.2759E-03 6.6684E-03 3.5853E-03 5.2222E-04 1.4891E-04 0.0000E+00
 0.0000E+00 4.1367E-05 3.5593E-04 1.0694E-03 1.9391E-03 2.0781E-03 5.9759E-03 5.2348E-03 8.5440E-03 8.3681E-03 8.7758E-03 8.5676E-03 1.2600E-02 1.6340E-02 2.1288E-02 2.8394E-02 0.0000E+00 1.7836E-02 1.3655E-02 9.0766E-03 6.1725E-03 3.3586E-03 8.6208E-04 1.1582E-04 0.0000E+00
 0.0000E+00 1.1583E-04 5.0492E-04 8.2901E-04 1.9891E-03 2.1034E-03 5.0539E-03 5.2521E-03 8.6487E-03 8.5175E-03 9.0843E-03 8.9912E-03 1.3768E-02 1.7577E-02 2.2567E-02 2.9209E-02 0.0000E+00 1.8089E-02 1.4235E-02 8.4589E-03 6.4559E-03 3.2831E-03 8.2892E-04 8.2730E-05 0.0000E+00
 0.0000E+00 6.6187E-05 4.8009E-04 9.5336E-04 1.8726E-03 2.1202E-03 5.6686E-03 4.6195E-03 8.1076E-03 8.7109E-03 9.7377E-03 9.0586E-03 1.2968E-02 1.6019E-02 2.1885E-02 2.8048E-02 0.0000E+00 1.6337E-02 1.3897E-02 8.9471E-03 6.5444E-03 3.3670E-03 8.5379E-04 1.9028E-04 0.0000E+00
 0.0000E+00 4.1367E-05 4.3870E-04 9.4507E-04 2.1389E-03 2.3221E-03 5.7283E-03 4.9575E-03 8.3346E-03 8.8076E-03 7.9590E-03 9.6265E-03 1.2800E-02 1.5508E-02 2.1217E-02 2.9189E-02 0.0000E+00 1.7988E-02 1.3583E-02 9.7840E-03 6.7038E-03 3.2663E-03 6.7143E-04 2.1510E-04 0.0000E+00
 0.0000E+00 4.1367E-05 4.0559E-04 9.5336E-04 1.7810E-03 2.3137E-03 5.1905E-03 4.7408E-03 7.8109E-03 8.2011E-03 8.4763E-03 8.8468E-03 1.2874E-02 1.6970E-02 2.1529E-02 2.8639E-02 0.0000E+00 1.7668E-02 1.3378E-02 9.0766E-03 6.6596E-03 3.3502E-03 6.5485E-04 1.6546E-04 0.0000E+00
 0.0000E+00 6.6187E-05 3.8076E-04 6.8807E-04 1.9558E-03 2.1623E-03 5.0454E-03 4.4808E-03 7.8982E-03 8.2714E-03 8.5579E-03 8.7698E-03 1.3179E-02 1.6412E-02 2.2454E-02 2.8517E-02 0.0000E+00 1.8628E-02 1.3474E-02 8.8276E-03 6.8367E-03 3.0983E-03 7.8748E-04 2.5646E-04 0.0000E+00
 0.0000E+00 8.2733E-05 3.3937E-04 7.9585E-04 2.0224E-03 2.2212E-03 5.4039E-03 5.2868E-03 8.1251E-03 8.8603E-03 8.2222E-03 8.5869E-03 1.3095E-02 1.6257E-02 2.2368E-02 2.8741E-02 0.0000E+00 1.6944E-02 1.4380E-02 8.7678E-03 6.0308E-03 2.9724E-03 7.0458E-04 1.7373E-04 0.0000E+00
 0.0000E+00 8.2733E-05 3.7248E-04 1.0031E-03 1.7311E-03 2.0361E-03 5.5576E-03 5.1048E-03 7.9506E-03 8.4648E-03 8.7031E-03 8.2403E-03 1.3168E-02 1.5948E-02 2.2823E-02 2.9250E-02 0.0000E+00 1.7078E-02 1.2871E-02 8.6183E-03 7.0049E-03 3.3166E-03 8.3721E-04 1.8201E-04 0.0000E+00
 0.0000E+00 1.1583E-04 2.9798E-04 7.1294E-04 1.9059E-03 2.1118E-03 5.4466E-03 4.9661E-03 8.5266E-03 7.8319E-03 8.2675E-03 8.9334E-03 1.2842E-02 1.6614E-02 2.2980E-02 3.0085E-02 0.0000E+00 1.7668E-02 1.3281E-02 8.1700E-03 6.4382E-03 3.1739E-03 8.6208E-04 1.7373E-04 0.0000E+00
 0.0000E+00 7.4460E-05 4.1387E-04 8.8704E-04 2.0307E-03 2.0950E-03 5.9503E-03 4.9228E-03 8.2473E-03 7.8055E-03 8.2857E-03 8.8949E-03 1.3000E-02 1.6899E-02 2.1458E-02 2.9189E-02 0.0000E+00 1.7719E-02 1.2762E-02 8.3394E-03 6.5710E-03 2.8045E-03 8.2892E-04 1.0755E-04 0.0000E+00
 0.0000E+00 8.2733E-05 4.1387E-04 9.2849E-04 2.0057E-03 2.3221E-03 5.0710E-03 5.1395E-03 8.3084E-03 8.4033E-03 8.2222E-03 9.0875E-03 1.2190E-02 1.5995E-02 2.1800E-02 2.8394E-02 0.0000E+00 1.8662E-02 1.3836E-02 9.1763E-03 6.0751E-03 3.2915E-03 7.6261E-04 1.6546E-04 0.0000E+00
 0.0000E+00 9.9280E-05 4.8009E-04 9.6165E-04 1.8476E-03 2.2127E-03 5.7625E-03 4.7928E-03 8.4829E-03 8.4999E-03 8.7939E-03 8.6446E-03 1.3063E-02 1.5841E-02 2.2582E-02 2.9128E-02 0.0000E+00 1.7095E-02 1.3136E-02 9.0169E-03 7.1909E-03 2.8296E-03 6.1340E-04 2.1510E-04 0.0000E+00
 0.0000E+00 1.6547E-05 5.3803E-04 5.7201E-04 1.9724E-03 1.7248E-03 5.2759E-03 5.0008E-03 7.9244E-03 8.0604E-03 8.2948E-03 8.5387E-03 1.2685E-02 1.5175E-02 2.2269E-02 2.9128E-02 0.0000E+00 1.7516E-02 1.3305E-02 8.7180E-03 6.4027E-03 2.9724E-03 7.3774E-04 1.3237E-04 0.0000E+00
 0.0000E+00 5.7913E-05 3.0626E-04 8.2901E-04 1.9558E-03 1.8341E-03 5.8735E-03 5.0441E-03 8.2822E-03 8.0165E-03 8.1133E-03 9.0778E-03 1.3189E-02 1.5341E-02 2.1743E-02 3.0900E-02 0.0000E+00 1.7550E-02 1.3788E-02 8.8176E-03 6.3407E-03 3.1991E-03 6.9630E-04 1.7373E-04 0.0000E+00
 0.0000E+00 8.2733E-05 3.7248E-04 8.6217E-04 1.6562E-03 2.3726E-03 5.6686E-03 4.8448E-03 7.8109E-03 8.3857E-03 8.5398E-03 8.3944E-03 1.2548E-02 1.5924E-02 2.1600E-02 2.8048E-02 0.0000E+00 1.8156E-02 1.3607E-02 8.3095E-03 6.4736E-03 3.1403E-03 5.6367E-04 1.1582E-04 0.0000E+00
 0.0000E+00 1.1583E-04 4.1387E-04 9.3678E-04 1.7144E-03 2.3810E-03 5.4295E-03 4.9315E-03 7.8633E-03 8.6933E-03 7.3963E-03 8.7698E-03 1.2337E-02 1.5068E-02 2.0989E-02 2.7681E-02 0.0000E+00 1.6792E-02 1.3281E-02 8.0903E-03 6.6861E-03 3.1655E-03 8.8695E-04 1.9028E-04 0.0000E+00
 0.0000E+00 1.5719E-04 4.8836E-04 8.8704E-04 1.7977E-03 2.4063E-03 5.6771E-03 4.9488E-03 7.8196E-03 8.5087E-03 8.0679E-03 8.8757E-03 1.2148E-02 1.5032E-02 2.2539E-02 2.8150E-02 0.0000E+00 1.6910E-02 1.3088E-02 7.8013E-03 6.1371E-03 3.6525E-03 5.3880E-04 1.2410E-04 0.0000E+00
 0.0000E+00 5.7913E-05 4.3870E-04 8.0414E-04 1.8726E-03 2.1034E-03 5.2673E-03 5.1655E-03 8.2386E-03 7.9462E-03 8.3764E-03 8.9816E-03 1.2337E-02 1.5282E-02 2.3051E-02 3.0655E-02 0.0000E+00 1.6809E-02 1.3776E-02 8.4788E-03 5.9688E-03 3.8036E-03 7.1287E-04 2.3992E-04 0.0000E+00
 0.0000E+00 6.6187E-05 3.5593E-04 8.9533E-04 1.8975E-03 2.0108E-03 5.2076E-03 5.0788E-03 7.7498E-03 8.6933E-03 8.9210E-03 8.8083E-03 1.2474E-02 1.6530E-02 2.2269E-02 2.8822E-02 0.0000E+00 1.8207E-02 1.4054E-02 8.4988E-03 6.0131E-03 3.3334E-03 8.5379E-04 1.4891E-04 0.0000E+00
 0.0000E+00 7.4460E-05 4.5525E-04 9.2020E-04 1.8809E-03 2.1202E-03 5.3442E-03 5.2348E-03 8.1338E-03 8.9834E-03 8.5489E-03 8.2018E-03 1.2453E-02 1.6304E-02 2.1942E-02 2.8150E-02 0.0000E+00 1.8645E-02 1.2629E-02 7.9010E-03 6.5090E-03 3.3922E-03 7.3774E-04 1.2410E-04 0.0000E+00
 0.0000E+00 4.1367E-05 4.2215E-04 9.0362E-04 1.5563E-03 2.0950E-03 5.0368E-03 4.4461E-03 7.7062E-03 8.1571E-03 8.0860E-03 8.6831E-03 1.2506E-02 1.5686E-02 2.2311E-02 2.7152E-02 0.0000E+00 1.8005E-02 1.2967E-02 7.9906E-03 6.2699E-03 3.3166E-03 6.7143E-04 1.7373E-04 0.0000E+00
 0.0000E+00 3.3093E-05 3.3937E-04 9.2849E-04 1.8226E-03 1.7752E-03 5.1990E-03 4.4895E-03 7.9680E-03 8.1132E-03 7.9681E-03 8.4906E-03 1.2022E-02 1.5353E-02 2.2326E-02 2.9433E-02 0.0000E+00 1.6792E-02 1.3245E-02 8.2796E-03 6.1548E-03 3.1067E-03 7.2116E-04 1.8201E-04 0.0000E+00
 0.0000E+00 1.3237E-04 4.7181E-04 1.1109E-03 2.0473E-03 2.1959E-03 5.3271E-03 5.0008E-03 8.2822E-03 8.6142E-03 8.1859E-03 9.0586E-03 1.3600E-02 1.5639E-02 2.1316E-02 2.6357E-02 0.0000E+00 1.8628E-02 1.3136E-02 8.2696E-03 6.7038E-03 2.9724E-03 8.1234E-04 1.2410E-04 0.0000E+00
 0.0000E+00 8.2733E-05 3.7248E-04 6.7978E-04 1.7977E-03 1.8173E-03 5.2588E-03 4.5761E-03 8.6749E-03 7.8055E-03 8.0134E-03 8.7313E-03 1.2432E-02 1.5080E-02 2.0221E-02 2.8170E-02 0.0000E+00 1.7011E-02 1.3341E-02 7.7216E-03 6.4293E-03 3.2327E-03 6.6314E-04 2.9783E-04 0.0000E+00
 0.0000E+00 1.2410E-04 3.8904E-04 8.4559E-04 1.8726E-03 2.0613E-03 4.9856E-03 4.7755E-03 8.0116E-03 7.9022E-03 7.9771E-03 7.7975E-03 1.2117E-02 1.5187E-02 2.1842E-02 2.9535E-02 0.0000E+00 1.8325E-02 1.2677E-02 7.4526E-03 5.9157E-03 2.9388E-03 5.7196E-04 1.5719E-04 0.0000E+00
 0.0000E+00 9.1006E-05 4.1387E-04 7.6269E-04 1.7644E-03 2.1875E-03 4.8405E-03 4.2728E-03 7.6276E-03 7.8495E-03 8.0044E-03 8.3270E-03 1.2695E-02 1.5805E-02 2.0506E-02 2.8659E-02 0.0000E+00 1.7129E-02 1.2363E-02 7.3928E-03 6.1548E-03 2.9892E-03 7.8748E-04 2.1510E-04 0.0000E+00
 0.0000E+00 7.4460E-05 2.9798E-04 7.6269E-04 1.8310E-03 2.3053E-03 5.7796E-03 4.7408E-03 7.7498E-03 8.4648E-03 8.4490E-03 8.6061E-03 1.2569E-02 1.5746E-02 2.2468E-02 2.8517E-02 0.0000E+00 1.6944E-02 1.2798E-02 8.1999E-03 5.9954E-03 3.2999E-03 6.2169E-04 1.4064E-04 0.0000E+00
 0.0000E+00 4.9640E-05 3.3937E-04 7.5439E-04 1.4648E-03 1.8426E-03 5.2673E-03 4.4201E-03 7.4793E-03 7.3660E-03 7.7956E-03 8.0478E-03 1.1748E-02 1.6281E-02 2.0733E-02 2.8394E-02 0.0000E+00 1.6944E-02 1.3583E-02 8.6283E-03 5.8094E-03 2.7457E-03 6.9630E-04 1.3237E-04 0.0000E+00
 0.0000E+00 6.6187E-05 4.8836E-04 8.0414E-04 1.6312E-03 2.0276E-03 5.1564E-03 4.4115E-03 7.4356E-03 8.0868E-03 7.8682E-03 8.6350E-03 1.2853E-02 1.4663E-02 2.1899E-02 2.8741E-02 0.0000E+00 1.7011E-02 1.3353E-02 8.4390E-03 5.2869E-03 2.9556E-03 6.3827E-04 8.2730E-05 0.0000E+00
 0.0000E+00 6.6187E-05 4.2215E-04 7.8756E-04 1.5064E-03 2.2969E-03 5.1990E-03 4.6715E-03 7.4444E-03 8.0868E-03 7.9681E-03 8.1922E-03 1.1738E-02 1.5710E-02 2.0804E-02 2.9026E-02 0.0000E+00 1.7011E-02 1.2569E-02 8.1301E-03 6.0485E-03 3.2327E-03 5.2222E-04 9.1003E-05 0.0000E+00
 0.0000E+00 6.6187E-05 3.6420E-04 6.7978E-04 1.8726E-03 1.6238E-03 4.9856E-03 4.2295E-03 7.4706E-03 7.6473E-03 7.8047E-03 8.1537E-03 1.3326E-02 1.5103E-02 2.2525E-02 2.9841E-02 0.0000E+00 1.6624E-02 1.2472E-02 8.0006E-03 6.1813E-03 2.7373E-03 6.5485E-04 1.3237E-04 0.0000E+00
 0.0000E+00 1.7374E-04 2.4832E-04 6.7978E-04 1.6562E-03 2.0024E-03 5.2759E-03 5.0961E-03 7.4007E-03 7.9550E-03 7.8864E-03 8.4425E-03 1.2127E-02 1.5686E-02 2.0193E-02 2.8700E-02 0.0000E+00 1.7095E-02 1.3643E-02 7.9508E-03 6.0219E-03 2.9556E-03 5.3051E-04 2.2337E-04 0.0000E+00
 0.0000E+00 6.6187E-05 3.1454E-04 8.7875E-04 1.6978E-03 2.0781E-03 5.0539E-03 4.6975E-03 8.2473E-03 8.0165E-03 7.4054E-03 8.4521E-03 1.2653E-02 1.5080E-02 2.1885E-02 2.8680E-02 0.0000E+00 1.6708E-02 1.4645E-02 8.2796E-03 6.1459E-03 3.1487E-03 4.8906E-04 1.5719E-04 0.0000E+00
 0.0000E+00 1.0755E-04 2.9798E-04 5.9688E-04 1.5230E-03 2.0024E-03 5.1137E-03 4.6108E-03 7.6975E-03 7.4276E-03 7.9408E-03 8.2307E-03 1.2348E-02 1.5389E-02 2.2468E-02 2.7294E-02 0.0000E+00 1.6708E-02 1.2798E-02 7.1537E-03 5.9865E-03 2.8548E-03 6.9630E-04 1.4064E-04 0.0000E+00
 0.0000E+00 4.9640E-05 2.9798E-04 7.1294E-04 1.6645E-03 1.9772E-03 5.6515E-03 5.0268E-03 7.7062E-03 7.4715E-03 7.5869E-03 8.7120E-03 1.1748E-02 1.5805E-02 2.1586E-02 2.9026E-02 0.0000E+00 1.7550E-02 1.2907E-02 7.9707E-03 6.0219E-03 3.0647E-03 6.2169E-04 2.5646E-04 0.0000E+00
 0.0000E+00 2.3165E-04 2.6488E-04 8.8704E-04 2.0307E-03 2.2969E-03 5.0027E-03 4.6541E-03 7.7760E-03 7.8407E-03 8.1586E-03 8.5676E-03 1.2253E-02 1.5710E-02 2.2368E-02 2.9617E-02 0.0000E+00 1.7937E-02 1.1760E-02 8.1600E-03 6.4293E-03 3.0731E-03 6.0511E-04 1.0755E-04 0.0000E+00
 0.0000E+00 1.9029E-04 3.5593E-04 7.5439E-04 1.6062E-03 2.0361E-03 4.9429E-03 4.1861E-03 7.6713E-03 8.0780E-03 7.5960E-03 8.7024E-03 1.2117E-02 1.4425E-02 2.1913E-02 2.8374E-02 0.0000E+00 1.7601E-02 1.2822E-02 8.0106E-03 5.4994E-03 2.9220E-03 6.3827E-04 1.9028E-04 0.0000E+00
 0.0000E+00 7.4460E-05 4.4698E-04 7.6269E-04 1.7477E-03 2.0276E-03 5.0539E-03 4.5328E-03 8.2211E-03 7.5682E-03 8.4309E-03 7.9708E-03 1.2611E-02 1.4794E-02 2.1856E-02 2.7356E-02 0.0000E+00 1.5984E-02 1.2726E-02 7.8910E-03 5.8980E-03 2.9136E-03 6.3827E-04 1.8201E-04 0.0000E+00
 0.0000E+00 8.2733E-05 4.3042E-04 8.4559E-04 1.4232E-03 2.1454E-03 5.3612E-03 4.9835E-03 7.9506E-03 7.2693E-03 7.2783E-03 8.3944E-03 1.1549E-02 1.4556E-02 2.0605E-02 2.8822E-02 0.0000E+00 1.6085E-02 1.1820E-02 7.6818E-03 5.8448E-03 2.8296E-03 5.2222E-04 2.6474E-04 0.0000E+00
 0.0000E+00 6.6187E-05 4.6353E-04 6.8807E-04 1.7228E-03 2.1034E-03 4.3966E-03 4.5155E-03 7.6189E-03 7.9022E-03 7.7956E-03 8.0093E-03 1.1149E-02 1.4497E-02 2.0150E-02 2.8700E-02 0.0000E+00 1.7752E-02 1.2871E-02 8.1301E-03 6.3407E-03 3.2075E-03 5.9682E-04 1.9028E-04 0.0000E+00
 0.0000E+00 6.6187E-05 3.0626E-04 5.8030E-04 1.7977E-03 2.0865E-03 4.8746E-03 4.4981E-03 7.6189E-03 7.3309E-03 7.4508E-03 8.2692E-03 1.2106E-02 1.5424E-02 2.0804E-02 2.7804E-02 0.0000E+00 1.7095E-02 1.2363E-02 8.1600E-03 5.8094E-03 3.2747E-03 6.2169E-04 1.4064E-04 0.0000E+00
 0.0000E+00 4.1367E-05 3.2282E-04 7.7098E-04 1.6812E-03 2.0529E-03 4.8234E-03 4.1774E-03 6.9556E-03 7.5946E-03 7.3600E-03 8.0382E-03 1.1559E-02 1.5246E-02 2.1728E-02 2.8068E-02 0.0000E+00 1.7213E-02 1.2605E-02 8.1301E-03 5.8094E-03 2.9724E-03 5.3051E-04 1.6546E-04 0.0000E+00
 0.0000E+00 3.3093E-05 3.8076E-04 9.1191E-04 1.6978E-03 1.7500E-03 4.7295E-03 4.6195E-03 7.4793E-03 8.4472E-03 7.6776E-03 8.4136E-03 1.1748E-02 1.5020E-02 2.1430E-02 2.9026E-02 0.0000E+00 1.8140E-02 1.2182E-02 7.8611E-03 5.9245E-03 2.9808E-03 4.8078E-04 1.4891E-04 0.0000E+00
 0.0000E+00 5.7913E-05 2.2349E-04 7.2952E-04 1.7311E-03 2.1286E-03 4.6527E-03 4.3161E-03 7.3571E-03 7.6649E-03 7.9408E-03 8.1344E-03 1.2064E-02 1.4996E-02 2.1814E-02 2.8761E-02 0.0000E+00 1.8291E-02 1.1047E-02 7.8013E-03 6.1902E-03 2.8968E-03 7.4603E-04 1.9028E-04 0.0000E+00
 0.0000E+00 9.9280E-05 2.8971E-04 7.2123E-04 1.4731E-03 1.9183E-03 4.9856E-03 4.2641E-03 7.4269E-03 7.5155E-03 7.5143E-03 7.5087E-03 1.2316E-02 1.4544E-02 2.0335E-02 2.8028E-02 0.0000E+00 1.5916E-02 1.2955E-02 7.5024E-03 5.6323E-03 2.7709E-03 6.7143E-04 1.7373E-04 0.0000E+00
 0.0000E+00 1.1583E-04 3.1454E-04 8.5388E-04 1.8809E-03 1.6911E-03 4.7295E-03 4.1948E-03 7.3833E-03 7.6737E-03 7.7866E-03 8.3270E-03 1.1086E-02 1.4200E-02 2.0662E-02 2.7865E-02 0.0000E+00 1.6843E-02 1.2279E-02 8.3892E-03 5.4906E-03 2.8380E-03 7.3774E-04 2.3992E-04 0.0000E+00
 0.0000E+00 7.4460E-05 4.2215E-04 6.4662E-04 1.5147E-03 1.9014E-03 4.9173E-03 4.1168E-03 7.3309E-03 7.6825E-03 7.7049E-03 8.0478E-03 1.2201E-02 1.4200E-02 2.1401E-02 2.7824E-02 0.0000E+00 1.7432E-02 1.2943E-02 7.3829E-03 5.4286E-03 3.1487E-03 5.4709E-04 1.0755E-04 0.0000E+00
 0.0000E+00 8.2733E-05 3.2282E-04 7.5439E-04 1.6562E-03 2.0865E-03 4.8490E-03 4.3855E-03 7.0516E-03 7.0232E-03 7.2057E-03 8.5580E-03 1.1591E-02 1.4521E-02 2.0975E-02 2.8496E-02 0.0000E+00 1.6556E-02 1.3124E-02 7.3530E-03 5.6146E-03 3.2831E-03 7.1287E-04 1.2410E-04 0.0000E+00
 0.0000E+00 4.9640E-05 2.9798E-04 7.6269E-04 1.4065E-03 1.8846E-03 4.7039E-03 3.9434E-03 7.8807E-03 7.5946E-03 8.2766E-03 7.1622E-03 1.1180E-02 1.5222E-02 2.1558E-02 2.8598E-02 0.0000E+00 1.7702E-02 1.1953E-02 8.1002E-03 5.5526E-03 2.3930E-03 7.2945E-04 1.7373E-04 0.0000E+00
 0.0000E+00 4.1367E-05 3.0626E-04 7.4610E-04 1.4897E-03 2.0697E-03 4.7893E-03 4.0561E-03 7.1215E-03 7.7704E-03 7.6413E-03 7.4221E-03 1.0739E-02 1.4568E-02 2.2098E-02 2.7661E-02 0.0000E+00 1.5899E-02 1.2508E-02 7.6718E-03 5.3046E-03 3.2831E-03 5.3880E-04 1.2410E-04 0.0000E+00
 0.0000E+00 7.4460E-05 4.3870E-04 5.8859E-04 1.8559E-03 1.5481E-03 5.1478E-03 4.5675E-03 7.4182E-03 7.2781E-03 8.3583E-03 8.0574E-03 1.1044E-02 1.5948E-02 2.1316E-02 2.6663E-02 0.0000E+00 1.7887E-02 1.2363E-02 7.9508E-03 5.8360E-03 2.7457E-03 9.2010E-04 1.3237E-04 0.0000E+00
 0.0000E+00 2.4820E-05 4.8009E-04 6.3833E-04 1.7644E-03 1.6659E-03 4.7466E-03 4.4201E-03 7.4182E-03 7.6825E-03 7.5506E-03 7.7590E-03 1.1780E-02 1.4200E-02 2.1202E-02 2.6378E-02 0.0000E+00 1.7011E-02 1.1977E-02 7.8810E-03 5.7563E-03 2.9976E-03 7.4603E-04 2.0683E-04 0.0000E+00
 0.0000E+00 3.3093E-05 4.5525E-04 7.7098E-04 1.6479E-03 1.7500E-03 4.9515E-03 4.0648E-03 7.2873E-03 7.4979E-03 6.4071E-03 7.4509E-03 1.1570E-02 1.4461E-02 2.0875E-02 2.8293E-02 0.0000E+00 1.7432E-02 1.2484E-02 7.5224E-03 5.8980E-03 2.8212E-03 7.4603E-04 1.1582E-04 0.0000E+00
 0.0000E+00 4.1367E-05 3.2282E-04 5.0569E-04 1.7311E-03 1.8846E-03 4.7722E-03 4.0128E-03 6.9469E-03 7.4364E-03 7.6776E-03 7.8841E-03 1.1591E-02 1.4973E-02 2.1657E-02 2.7783E-02 0.0000E+00 1.7449E-02 1.1856E-02 7.7515E-03 5.5969E-03 3.0312E-03 6.2169E-04 6.6184E-05 0.0000E+00
 0.0000E+00 6.6187E-05 3.2282E-04 5.9688E-04 1.7061E-03 1.8930E-03 4.8149E-03 4.2555E-03 7.1302E-03 7.3836E-03 7.2148E-03 8.2500E-03 1.1822E-02 1.4330E-02 2.0562E-02 2.8618E-02 0.0000E+00 1.6337E-02 1.2110E-02 7.4128E-03 5.2869E-03 2.9052E-03 7.2116E-04 1.4064E-04 0.0000E+00
 0.0000E+00 4.1367E-05 3.5593E-04 7.2123E-04 1.8809E-03 1.7668E-03 5.0539E-03 3.8394E-03 6.7113E-03 7.5594E-03 7.1241E-03 8.1633E-03 1.1023E-02 1.4747E-02 2.0306E-02 2.8455E-02 0.0000E+00 1.7533E-02 1.2726E-02 7.6220E-03 5.1718E-03 2.9136E-03 6.0511E-04 1.3237E-04 0.0000E+00
 0.0000E+00 4.1367E-05 2.6488E-04 7.7098E-04 1.4731E-03 1.8846E-03 5.0624E-03 4.2121E-03 6.6589E-03 7.7704E-03 6.7883E-03 8.4521E-03 1.1275E-02 1.4568E-02 2.2141E-02 2.8761E-02 0.0000E+00 1.6085E-02 1.2484E-02 7.7216E-03 5.7740E-03 2.9388E-03 6.3827E-04 2.2337E-04 0.0000E+00
 0.0000E+00 1.6547E-05 3.6420E-04 9.9481E-04 1.4564E-03 1.7668E-03 4.8149E-03 3.7701E-03 7.3047E-03 7.3924E-03 8.1768E-03 7.5665E-03 1.1149E-02 1.4735E-02 2.0861E-02 2.6846E-02 0.0000E+00 1.6961E-02 1.2267E-02 7.3729E-03 5.5614E-03 2.5358E-03 5.6367E-04 1.4064E-04 0.0000E+00
 0.0000E+00 4.1367E-05 3.2282E-04 7.8756E-04 1.5646E-03 2.0613E-03 4.4905E-03 4.1428E-03 8.0116E-03 6.6892E-03 7.9862E-03 8.0478E-03 1.1517E-02 1.5341E-02 2.0292E-02 2.7559E-02 0.0000E+00 1.8039E-02 1.2339E-02 7.8711E-03 6.0131E-03 3.0564E-03 5.3051E-04 1.1582E-04 0.0000E+00
 0.0000E+00 3.3093E-05 4.5525E-04 8.8704E-04 1.7810E-03 2.0445E-03 5.0283E-03 4.1168E-03 7.6015E-03 7.0584E-03 7.5506E-03 7.7783E-03 1.2348E-02 1.4414E-02 2.2041E-02 2.7661E-02 0.0000E+00 1.6573E-02 1.1832E-02 7.7615E-03 5.9334E-03 2.4938E-03 5.7196E-04 1.4891E-04 0.0000E+00
 0.0000E+00 8.2733E-05 5.2975E-04 5.8859E-04 1.7394E-03 1.4724E-03 4.9429E-03 4.0128E-03 6.7898E-03 7.5770E-03 7.6413E-03 7.8745E-03 1.1833E-02 1.4200E-02 2.1316E-02 2.7844E-02 0.0000E+00 1.7449E-02 1.1856E-02 7.7017E-03 5.8271E-03 2.8548E-03 5.8854E-04 2.0683E-04 0.0000E+00
 0.0000E+00 4.1367E-05 4.5525E-04 5.8859E-04 1.4564E-03 1.8089E-03 4.8917E-03 3.7874E-03 6.7287E-03 7.3924E-03 7.6141E-03 7.5568E-03 1.1633E-02 1.3296E-02 2.0719E-02 3.0431E-02 0.0000E+00 1.6556E-02 1.1035E-02 7.5821E-03 5.4197E-03 2.8716E-03 5.0564E-04 7.4457E-05 0.0000E+00
 0.0000E+00 9.1006E-05 4.7181E-04 7.2952E-04 1.7311E-03 2.0445E-03 4.5502E-03 4.0648E-03 7.6626E-03 6.8035E-03 6.9516E-03 7.9419E-03 1.1370E-02 1.4069E-02 2.0235E-02 2.6174E-02 0.0000E+00 1.7045E-02 1.1639E-02 6.8747E-03 5.5791E-03 2.5526E-03 4.4762E-04 6.6184E-05 0.0000E+00
 0.0000E+00 7.4460E-05 4.3870E-04 7.0465E-04 1.5397E-03 1.7500E-03 4.6015E-03 3.8481E-03 6.9906E-03 7.3660E-03 6.8337E-03 7.4124E-03 1.1938E-02 1.4295E-02 2.0392E-02 2.7233E-02 0.0000E+00 1.6540E-02 1.2424E-02 7.4327E-03 5.3489E-03 2.7541E-03 5.6367E-04 1.1582E-04 0.0000E+00
 0.0000E+00 9.9280E-05 3.5593E-04 5.6372E-04 1.5563E-03 1.6911E-03 4.6100E-03 4.2468E-03 6.7724E-03 7.0935E-03 7.0787E-03 7.5472E-03 1.1054E-02 1.4818E-02 2.0093E-02 3.0268E-02 0.0000E+00 1.7719E-02 1.1760E-02 6.9046E-03 5.2781E-03 2.5945E-03 5.8025E-04 4.9638E-05 0.0000E+00
 0.0000E+00 5.7913E-05 3.4765E-04 6.7149E-04 1.3982E-03 1.8426E-03 4.6527E-03 4.2555E-03 7.0866E-03 7.4539E-03 7.5234E-03 7.4413E-03 1.1696E-02 1.4390E-02 2.0207E-02 2.8089E-02 0.0000E+00 1.5782E-02 1.1663E-02 7.2832E-03 5.4994E-03 2.5777E-03 5.8854E-04 7.4457E-05 0.0000E+00
 0.0000E+00 1.0755E-04 3.9731E-04 7.0465E-04 1.4481E-03 1.6743E-03 4.3880E-03 4.2208E-03 6.8771E-03 6.3991E-03 7.6595E-03 7.9804E-03 1.1023E-02 1.3676E-02 2.1117E-02 2.7661E-02 0.0000E+00 1.5563E-02 1.1506E-02 7.3629E-03 5.5880E-03 2.8800E-03 6.2998E-04 1.3237E-04 0.0000E+00
 0.0000E+00 4.9640E-05 3.8076E-04 6.8807E-04 1.5813E-03 1.3714E-03 5.0881E-03 4.4721E-03 6.5629E-03 7.8319E-03 6.8700E-03 7.4702E-03 1.0791E-02 1.3760E-02 2.0363E-02 2.8048E-02 0.0000E+00 1.6556E-02 1.1591E-02 7.5522E-03 4.9592E-03 2.5777E-03 6.2169E-04 1.0755E-04 0.0000E+00
 0.0000E+00 7.4460E-05 2.7315E-04 6.9636E-04 1.7061E-03 1.9183E-03 4.6612E-03 4.4895E-03 7.1564E-03 7.9022E-03 7.7502E-03 8.1537E-03 1.1117E-02 1.4818E-02 2.1558E-02 2.6256E-02 0.0000E+00 1.6927E-02 1.1506E-02 7.1039E-03 5.3489E-03 2.6281E-03 7.1287E-04 1.5719E-04 0.0000E+00
 0.0000E+00 7.4460E-05 3.9731E-04 7.1294E-04 1.5147E-03 1.7584E-03 4.4307E-03 4.3421E-03 6.7898E-03 7.6561E-03 7.4417E-03 7.3162E-03 1.1549E-02 1.4211E-02 2.0065E-02 2.7111E-02 0.0000E+00 1.6152E-02 1.2569E-02 7.7316E-03 5.2692E-03 2.5861E-03 4.7249E-04 1.9855E-04 0.0000E+00
 0.0000E+00 5.7913E-05 2.8143E-04 8.7875E-04 1.4897E-03 1.9940E-03 4.3539E-03 4.4895E-03 6.9644E-03 7.2869E-03 7.4598E-03 8.0863E-03 1.0928E-02 1.4057E-02 2.1202E-02 2.8741E-02 0.0000E+00 1.5664E-02 1.2243E-02 6.6854E-03 5.6943E-03 2.6113E-03 6.2169E-04 2.2337E-04 0.0000E+00
 0.0000E+00 4.9640E-05 3.7248E-04 8.3730E-04 1.7561E-03 1.5481E-03 4.2770E-03 3.8568E-03 6.3535E-03 7.0056E-03 7.1150E-03 7.7686E-03 1.1044E-02 1.3831E-02 1.9524E-02 2.7457E-02 0.0000E+00 1.6085E-02 1.1373E-02 7.6120E-03 5.1718E-03 2.7709E-03 4.5591E-04 1.5719E-04 0.0000E+00
 0.0000E+00 9.9280E-05 4.4698E-04 5.8859E-04 1.3815E-03 1.7921E-03 4.6271E-03 4.1774E-03 7.1738E-03 7.1551E-03 7.8864E-03 7.6820E-03 1.1349E-02 1.3807E-02 1.9624E-02 2.5950E-02 0.0000E+00 1.5613E-02 1.1482E-02 6.8947E-03 5.7651E-03 2.6365E-03 6.4656E-04 1.1582E-04 0.0000E+00
 0.0000E+00 9.9280E-05 2.8971E-04 6.4662E-04 1.5230E-03 1.9856E-03 4.6783E-03 4.2035E-03 6.8335E-03 7.4364E-03 7.0696E-03 7.8264E-03 1.0655E-02 1.4521E-02 2.0122E-02 2.7763E-02 0.0000E+00 1.5697E-02 1.1035E-02 7.4725E-03 5.3400E-03 2.3846E-03 6.3827E-04 9.9276E-05 0.0000E+00
 0.0000E+00 1.6547E-05 4.2215E-04 6.3004E-04 1.4398E-03 1.7668E-03 4.4563E-03 3.9521E-03 6.4756E-03 6.5486E-03 7.0242E-03 7.2584E-03 1.0960E-02 1.3700E-02 2.0520E-02 2.8354E-02 0.0000E+00 1.6573E-02 1.1760E-02 6.7651E-03 5.2781E-03 2.3091E-03 7.1287E-04 1.8201E-04 0.0000E+00
 0.0000E+00 4.1367E-05 3.3937E-04 5.8030E-04 1.6978E-03 1.7248E-03 4.8490E-03 4.5848E-03 6.6327E-03 7.3485E-03 7.1241E-03 7.7783E-03 1.1286E-02 1.4521E-02 2.1217E-02 2.7172E-02 0.0000E+00 1.7062E-02 1.1265E-02 7.2334E-03 5.4020E-03 2.7373E-03 6.1340E-04 1.6546E-04 0.0000E+00
 0.0000E+00 4.1367E-05 3.7248E-04 7.7927E-04 1.4398E-03 1.8510E-03 4.2770E-03 3.9174E-03 7.4007E-03 6.6804E-03 7.2239E-03 7.4606E-03 1.2053E-02 1.3867E-02 2.0193E-02 2.8150E-02 0.0000E+00 1.7045E-02 1.2231E-02 6.5659E-03 5.0212E-03 2.5945E-03 6.7972E-04 1.9028E-04 0.0000E+00
 0.0000E+00 4.9640E-05 3.8076E-04 6.5491E-04 1.3815E-03 1.6911E-03 4.3197E-03 4.0388E-03 7.1215E-03 7.1902E-03 7.1513E-03 7.1525E-03 1.1359E-02 1.3058E-02 1.9780E-02 2.6989E-02 0.0000E+00 1.7011E-02 1.0903E-02 6.4164E-03 5.3312E-03 2.3342E-03 4.1446E-04 1.6546E-04 0.0000E+00
 0.0000E+00 7.4460E-05 2.9798E-04 6.3833E-04 1.5480E-03 1.7248E-03 4.6271E-03 3.8568E-03 6.7636E-03 7.3924E-03 6.5795E-03 7.6339E-03 1.1591E-02 1.3308E-02 2.0378E-02 2.7702E-02 0.0000E+00 1.6489E-02 1.1011E-02 7.3331E-03 4.8795E-03 2.8800E-03 6.2998E-04 1.8201E-04 0.0000E+00
 0.0000E+00 1.0755E-04 3.1454E-04 6.1346E-04 1.3899E-03 1.8005E-03 4.3283E-03 3.8134E-03 6.5891E-03 7.3309E-03 7.2874E-03 7.5183E-03 1.1012E-02 1.4033E-02 2.0520E-02 2.7111E-02 0.0000E+00 1.5226E-02 1.0939E-02 7.0242E-03 5.3932E-03 2.4602E-03 5.1393E-04 1.1582E-04 0.0000E+00
 0.0000E+00 4.9640E-05 4.0559E-04 5.8859E-04 1.3732E-03 1.4724E-03 4.4990E-03 3.6921E-03 7.6800E-03 7.1639E-03 7.1331E-03 6.6905E-03 1.0728E-02 1.4021E-02 1.9951E-02 2.7009E-02 0.0000E+00 1.6001E-02 1.1591E-02 6.7153E-03 5.6411E-03 2.5442E-03 4.9735E-04 1.7373E-04 0.0000E+00
 0.0000E+00 6.6187E-05 4.6353E-04 6.6320E-04 1.6229E-03 1.6490E-03 4.7978E-03 3.8914E-03 6.6851E-03 7.3045E-03 6.8246E-03 7.2777E-03 1.0949E-02 1.3545E-02 1.8771E-02 2.7967E-02 0.0000E+00 1.6725E-02 1.1965E-02 6.8249E-03 5.3755E-03 2.6533E-03 4.8906E-04 9.1003E-05 0.0000E+00
 0.0000E+00 7.4460E-05 4.9664E-04 6.3004E-04 1.6895E-03 1.5565E-03 4.6356E-03 4.0388E-03 6.7724E-03 7.1639E-03 6.9153E-03 8.1729E-03 1.0644E-02 1.3129E-02 2.0705E-02 2.6928E-02 0.0000E+00 1.5950E-02 1.1023E-02 7.3829E-03 5.0478E-03 2.5022E-03 5.2222E-04 1.7373E-04 0.0000E+00
 0.0000E+00 9.9280E-05 2.8143E-04 8.0414E-04 1.5480E-03 1.7500E-03 4.6697E-03 3.8741E-03 6.6851E-03 7.1551E-03 7.2511E-03 7.1622E-03 1.0602E-02 1.3545E-02 1.9695E-02 2.8904E-02 0.0000E+00 1.4923E-02 1.1168E-02 6.7153E-03 5.3400E-03 3.0228E-03 5.0564E-04 1.5719E-04 0.0000E+00
 0.0000E+00 5.7913E-05 2.7315E-04 5.8859E-04 1.7144E-03 1.9183E-03 4.1575E-03 3.5708E-03 6.1876E-03 7.1023E-03 7.3419E-03 7.8456E-03 1.1538E-02 1.3629E-02 2.0136E-02 2.6296E-02 0.0000E+00 1.7028E-02 1.1724E-02 7.1238E-03 5.0301E-03 2.2335E-03 3.8130E-04 1.1582E-04 0.0000E+00
 0.0000E+00 5.7913E-05 3.3937E-04 6.0517E-04 1.5480E-03 1.4050E-03 4.2856E-03 3.1374E-03 6.3447E-03 7.0672E-03 6.4162E-03 7.1718E-03 1.0549E-02 1.2535E-02 2.0392E-02 2.7641E-02 0.0000E+00 1.7045E-02 1.2086E-02 6.7352E-03 5.0921E-03 2.6785E-03 5.3051E-04 1.7373E-04 0.0000E+00
 0.0000E+00 3.3093E-05 4.2215E-04 8.6217E-04 1.8310E-03 1.7248E-03 4.1661E-03 3.5188E-03 6.2313E-03 6.8562E-03 6.0713E-03 7.1429E-03 1.1149E-02 1.3641E-02 2.0008E-02 2.7417E-02 0.0000E+00 1.5681E-02 1.0480E-02 6.6555E-03 5.3843E-03 2.6533E-03 6.1340E-04 2.8128E-04 0.0000E+00
 0.0000E+00 5.7913E-05 2.6488E-04 5.8859E-04 1.4398E-03 1.6575E-03 4.2002E-03 3.9088E-03 6.9033E-03 7.1727E-03 6.3436E-03 6.9311E-03 1.0476E-02 1.3498E-02 1.9012E-02 2.7804E-02 0.0000E+00 1.6001E-02 1.1458E-02 6.9943E-03 5.4729E-03 2.7793E-03 5.8854E-04 9.1003E-05 0.0000E+00
 0.0000E+00 8.2733E-05 2.4832E-04 7.1294E-04 1.4897E-03 1.6575E-03 4.4734E-03 3.8481E-03 6.3709E-03 6.9793E-03 6.4434E-03 7.7301E-03 9.9394E-03 1.3248E-02 2.0207E-02 2.6541E-02 0.0000E+00 1.4148E-02 1.1470E-02 7.4227E-03 5.2249E-03 2.5442E-03 6.7972E-04 1.6546E-04 0.0000E+00
 0.0000E+00 2.4820E-05 3.0626E-04 7.7927E-04 1.4897E-03 1.6238E-03 4.4392E-03 3.6401E-03 6.3709E-03 7.3221E-03 6.8700E-03 6.7963E-03 1.0770E-02 1.4104E-02 2.0193E-02 2.6948E-02 0.0000E+00 1.6708E-02 1.1989E-02 6.8747E-03 5.3666E-03 2.1747E-03 5.3051E-04 1.7373E-04 0.0000E+00
 0.0000E+00 9.9280E-05 2.3177E-04 8.1243E-04 1.5813E-03 1.8762E-03 4.2770E-03 3.3541E-03 6.2924E-03 7.3924E-03 7.0968E-03 6.7193E-03 1.0371E-02 1.4188E-02 1.9923E-02 2.6459E-02 0.0000E+00 1.5664E-02 1.1216E-02 6.9046E-03 4.9238E-03 2.1831E-03 5.5538E-04 7.4457E-05 0.0000E+00
 0.0000E+00 4.9640E-05 3.4765E-04 5.1398E-04 1.5730E-03 1.5481E-03 4.3966E-03 3.4928E-03 6.1702E-03 7.0232E-03 6.4797E-03 7.1814E-03 1.0928E-02 1.3700E-02 2.0335E-02 2.6337E-02 0.0000E+00 1.6085E-02 1.0734E-02 7.1936E-03 5.1275E-03 2.5861E-03 5.8854E-04 1.4891E-04 0.0000E+00
 0.0000E+00 6.6187E-05 3.7248E-04 6.1346E-04 1.5979E-03 1.6406E-03 3.8502E-03 3.8828E-03 6.4844E-03 7.3660E-03 7.3419E-03 6.8348E-03 1.0202E-02 1.3510E-02 2.0306E-02 2.7946E-02 0.0000E+00 1.6742E-02 1.1144E-02 7.0341E-03 5.0921E-03 2.2587E-03 4.6420E-04 1.0755E-04 0.0000E+00
 0.0000E+00 4.9640E-05 3.8904E-04 6.3833E-04 1.3316E-03 1.7163E-03 4.5332E-03 3.5534E-03 6.5455E-03 7.7792E-03 6.4797E-03 6.4979E-03 1.1401E-02 1.4152E-02 2.0107E-02 2.5991E-02 0.0000E+00 1.6287E-02 1.2122E-02 6.2172E-03 5.2426E-03 2.4098E-03 5.1393E-04 4.9638E-05 0.0000E+00
 0.0000E+00 4.9640E-05 2.9798E-04 6.0517E-04 1.4981E-03 1.7500E-03 4.1917E-03 4.0041E-03 6.5280E-03 7.1814E-03 6.6703E-03 6.9407E-03 1.1812E-02 1.4176E-02 2.0662E-02 2.7702E-02 0.0000E+00 1.4687E-02 1.0456E-02 6.5958E-03 5.1364E-03 2.3510E-03 5.0564E-04 1.4891E-04 0.0000E+00
 0.0000E+00 6.6187E-05 3.3937E-04 6.6320E-04 1.3150E-03 1.5901E-03 4.2856E-03 3.4841E-03 7.0167E-03 6.4167E-03 7.3237E-03 7.4702E-03 1.1454E-02 1.3224E-02 1.8799E-02 2.8313E-02 0.0000E+00 1.6809E-02 1.1663E-02 6.1574E-03 5.6943E-03 2.4350E-03 5.1393E-04 2.5646E-04 0.0000E+00
 0.0000E+00 1.6547E-05 4.2215E-04 5.5543E-04 1.4814E-03 1.5649E-03 4.3710E-03 3.4061E-03 7.4444E-03 7.0408E-03 6.5342E-03 7.4124E-03 1.0318E-02 1.3676E-02 2.0036E-02 2.7111E-02 0.0000E+00 1.6489E-02 1.0866E-02 6.8349E-03 4.7024E-03 2.9052E-03 4.8906E-04 1.4891E-04 0.0000E+00
 0.0000E+00 9.9280E-05 3.2282E-04 6.6320E-04 1.2817E-03 1.4724E-03 4.3795E-03 3.8568E-03 6.6589E-03 6.3112E-03 6.7883E-03 6.5749E-03 1.0181E-02 1.4342E-02 2.0207E-02 2.7213E-02 0.0000E+00 1.4923E-02 1.1035E-02 7.2434E-03 4.9681E-03 2.6785E-03 5.8854E-04 1.4064E-04 0.0000E+00
 0.0000E+00 8.2733E-05 3.0626E-04 6.5491E-04 1.3566E-03 1.7416E-03 4.2514E-03 3.8221E-03 7.3920E-03 6.9090E-03 6.3527E-03 6.6134E-03 1.0539E-02 1.4544E-02 2.0975E-02 2.6928E-02 0.0000E+00 1.6337E-02 1.1156E-02 7.0939E-03 5.1895E-03 2.2083E-03 5.9682E-04 9.1003E-05 0.0000E+00
 0.0000E+00 8.2733E-05 3.2282E-04 6.4662E-04 1.4897E-03 1.5901E-03 4.3027E-03 3.6314E-03 6.9818E-03 6.7244E-03 7.2148E-03 7.2007E-03 1.0802E-02 1.3427E-02 1.9837E-02 2.9678E-02 0.0000E+00 1.5377E-02 9.9970E-03 5.9182E-03 5.0389E-03 2.0823E-03 4.8078E-04 1.4064E-04 0.0000E+00
 0.0000E+00 7.4460E-05 3.8076E-04 5.2227E-04 1.4232E-03 1.7163E-03 4.8490E-03 3.8394E-03 6.8247E-03 7.1551E-03 6.0986E-03 6.5846E-03 1.1044E-02 1.3462E-02 2.0904E-02 2.8700E-02 0.0000E+00 1.5175E-02 1.0903E-02 6.6356E-03 4.7113E-03 2.3175E-03 5.6367E-04 1.5719E-04 0.0000E+00
 0.0000E+00 5.7913E-05 1.9866E-04 4.5595E-04 1.3566E-03 1.6659E-03 3.9356E-03 4.0648E-03 6.7287E-03 6.5310E-03 6.7792E-03 6.3150E-03 1.0854E-02 1.3355E-02 1.9908E-02 2.6989E-02 0.0000E+00 1.5276E-02 1.1023E-02 6.8947E-03 4.8973E-03 2.7121E-03 5.3880E-04 1.5719E-04 0.0000E+00
 0.0000E+00 5.7913E-05 4.9664E-04 5.2227E-04 1.4481E-03 1.3630E-03 4.5502E-03 3.7181E-03 6.2138E-03 6.9881E-03 6.6249E-03 7.8938E-03 1.1023E-02 1.3652E-02 1.8458E-02 2.5706E-02 0.0000E+00 1.5967E-02 1.1216E-02 7.2035E-03 4.9061E-03 2.6281E-03 5.9682E-04 1.8201E-04 0.0000E+00
 0.0000E+00 7.4460E-05 3.6420E-04 5.8030E-04 1.3566E-03 1.4387E-03 4.2173E-03 4.0648E-03 6.4146E-03 6.1618E-03 7.0333E-03 6.9504E-03 1.0223E-02 1.3748E-02 2.1202E-02 2.7865E-02 0.0000E+00 1.5984E-02 1.0758E-02 6.8847E-03 4.6759E-03 2.4770E-03 4.7249E-04 9.9276E-05 0.0000E+00
 0.0000E+00 2.4820E-05 2.8971E-04 5.8030E-04 1.4814E-03 1.5901E-03 3.8843E-03 3.0768E-03 6.4233E-03 6.2409E-03 6.8337E-03 7.3354E-03 1.0591E-02 1.3391E-02 2.0164E-02 2.7519E-02 0.0000E+00 1.5883E-02 1.2025E-02 6.8747E-03 5.0035E-03 2.1831E-03 4.2275E-04 1.8201E-04 0.0000E+00
 0.0000E+00 6.6187E-05 2.2349E-04 6.7149E-04 1.3399E-03 1.6322E-03 4.0124E-03 3.6141E-03 6.5629E-03 6.7244E-03 6.6703E-03 7.4124E-03 1.0286E-02 1.3165E-02 1.9581E-02 2.6337E-02 0.0000E+00 1.6135E-02 1.1108E-02 6.4065E-03 4.9238E-03 2.5777E-03 5.6367E-04 1.5719E-04 0.0000E+00
 0.0000E+00 1.1583E-04 2.4004E-04 6.0517E-04 1.4648E-03 1.6743E-03 3.9356E-03 4.0301E-03 6.3709E-03 7.1551E-03 6.9698E-03 6.7482E-03 1.1075E-02 1.2630E-02 1.9624E-02 2.7213E-02 0.0000E+00 1.5832E-02 1.0673E-02 6.9843E-03 4.6050E-03 2.3510E-03 7.5432E-04 1.5719E-04 0.0000E+00
 0.0000E+00 5.7913E-05 2.8971E-04 6.0517E-04 1.3982E-03 1.5397E-03 4.0209E-03 3.3801E-03 6.7549E-03 7.2254E-03 6.6068E-03 6.9696E-03 1.0402E-02 1.3522E-02 2.0150E-02 2.6195E-02 0.0000E+00 1.6034E-02 1.1241E-02 6.1374E-03 4.4190E-03 2.4434E-03 5.6367E-04 1.7373E-04 0.0000E+00
 0.0000E+00 8.2733E-05 3.3937E-04 6.3004E-04 1.4481E-03 1.4471E-03 4.0465E-03 3.5448E-03 6.3360E-03 6.5925E-03 7.0424E-03 6.9022E-03 1.0002E-02 1.2523E-02 1.9482E-02 2.6622E-02 0.0000E+00 1.5933E-02 1.1482E-02 6.7452E-03 4.8175E-03 2.5777E-03 5.9682E-04 1.9855E-04 0.0000E+00
 0.0000E+00 9.1006E-05 3.6420E-04 5.0569E-04 1.1901E-03 1.5986E-03 4.0892E-03 3.4321E-03 6.6589E-03 6.8562E-03 6.7610E-03 6.5653E-03 1.0286E-02 1.2297E-02 1.9738E-02 2.7722E-02 0.0000E+00 1.5613E-02 9.7314E-03 6.8050E-03 4.9858E-03 2.6869E-03 4.7249E-04 1.4064E-04 0.0000E+00
 0.0000E+00 5.7913E-05 2.8143E-04 4.8911E-04 1.4232E-03 1.5817E-03 3.7392E-03 3.5534E-03 6.4233E-03 6.4782E-03 7.1513E-03 7.3739E-03 9.9604E-03 1.2737E-02 1.9823E-02 2.7722E-02 0.0000E+00 1.5478E-02 1.1084E-02 6.4065E-03 4.6936E-03 2.4770E-03 5.6367E-04 7.4457E-05 0.0000E+00
 0.0000E+00 2.4820E-05 2.8971E-04 6.5491E-04 1.6146E-03 1.8089E-03 3.7477E-03 3.6054E-03 6.6589E-03 6.3728E-03 7.1967E-03 6.5557E-03 1.0202E-02 1.3355E-02 1.8785E-02 2.8272E-02 0.0000E+00 1.5883E-02 1.0903E-02 6.1175E-03 4.4810E-03 2.0991E-03 5.5538E-04 6.6184E-05 0.0000E+00
 0.0000E+00 6.6187E-05 2.9798E-04 6.1346E-04 1.3815E-03 1.6995E-03 4.1490E-03 3.6401E-03 6.7462E-03 6.8211E-03 6.8246E-03 6.3535E-03 1.0255E-02 1.3462E-02 1.9595E-02 2.7132E-02 0.0000E+00 1.6455E-02 1.0830E-02 6.3865E-03 5.1009E-03 2.6869E-03 5.0564E-04 1.5719E-04 0.0000E+00
 0.0000E+00 1.6547E-05 4.1387E-04 6.9636E-04 1.3150E-03 1.3966E-03 4.2770E-03 3.2761E-03 6.3535E-03 6.5749E-03 6.3164E-03 6.9600E-03 9.7500E-03 1.2879E-02 2.0335E-02 2.6093E-02 0.0000E+00 1.4788E-02 1.0999E-02 6.3865E-03 4.4102E-03 2.2923E-03 4.5591E-04 1.7373E-04 0.0000E+00
 0.0000E+00 1.7374E-04 2.3177E-04 5.8030E-04 1.2900E-03 1.6995E-03 3.9014E-03 3.5014E-03 5.6640E-03 6.2761E-03 6.4343E-03 6.7001E-03 9.1190E-03 1.2475E-02 2.0520E-02 2.7824E-02 0.0000E+00 1.5462E-02 1.0371E-02 5.8485E-03 5.1983E-03 2.1579E-03 4.5591E-04 1.6546E-04 0.0000E+00
 0.0000E+00 7.4460E-05 2.8971E-04 5.4714E-04 1.3399E-03 1.5733E-03 4.2685E-03 3.7441E-03 6.6676E-03 6.1091E-03 6.0169E-03 5.8818E-03 9.8342E-03 1.2856E-02 2.0264E-02 2.7804E-02 0.0000E+00 1.5344E-02 1.0625E-02 6.8648E-03 5.0832E-03 2.2587E-03 5.3880E-04 2.3165E-04 0.0000E+00
 0.0000E+00 6.6187E-05 3.1454E-04 6.3004E-04 1.3482E-03 1.3293E-03 4.0209E-03 3.3281E-03 5.9869E-03 6.1179E-03 6.4343E-03 6.4113E-03 1.0255E-02 1.2868E-02 1.9695E-02 2.6989E-02 0.0000E+00 1.5529E-02 1.0673E-02 6.4563E-03 4.9947E-03 2.4014E-03 5.7196E-04 8.2730E-05 0.0000E+00
 0.0000E+00 8.2733E-05 3.7248E-04 5.4714E-04 1.4148E-03 1.5313E-03 4.0722E-03 3.3628E-03 6.0044E-03 6.5837E-03 6.1258E-03 6.2380E-03 9.7606E-03 1.3105E-02 1.9994E-02 2.8822E-02 0.0000E+00 1.5007E-02 1.1096E-02 6.6356E-03 5.2603E-03 2.3007E-03 5.3880E-04 1.5719E-04 0.0000E+00
 0.0000E+00 1.3237E-04 1.6555E-04 5.0569E-04 1.4648E-03 1.6490E-03 3.9270E-03 3.9434E-03 6.1702E-03 6.4167E-03 6.5342E-03 6.2380E-03 9.7500E-03 1.3415E-02 2.0050E-02 2.6704E-02 0.0000E+00 1.5310E-02 1.1385E-02 6.4862E-03 4.5430E-03 2.1495E-03 4.7249E-04 1.8201E-04 0.0000E+00
 0.0000E+00 9.1006E-05 3.3937E-04 4.3937E-04 1.3150E-03 1.4050E-03 4.0551E-03 3.7094E-03 6.5804E-03 5.9069E-03 6.5432E-03 6.9407E-03 1.0087E-02 1.3867E-02 1.9595E-02 2.7091E-02 0.0000E+00 1.4754E-02 1.0347E-02 6.2670E-03 4.9858E-03 2.4098E-03 3.1499E-04 1.9855E-04 0.0000E+00
 0.0000E+00 6.6187E-05 3.2282E-04 4.3108E-04 1.8809E-03 1.5901E-03 4.0551E-03 3.3974E-03 6.0916E-03 6.6980E-03 6.6975E-03 6.9022E-03 9.5502E-03 1.3153E-02 2.0477E-02 2.7885E-02 0.0000E+00 1.6253E-02 9.9125E-03 6.2371E-03 4.3216E-03 2.2083E-03 4.9735E-04 1.9028E-04 0.0000E+00
 0.0000E+00 9.1006E-05 2.2349E-04 4.1450E-04 1.3732E-03 1.5397E-03 4.4392E-03 3.8828E-03 6.0742E-03 6.0212E-03 5.8172E-03 6.5653E-03 1.0423E-02 1.3700E-02 1.8657E-02 2.6235E-02 0.0000E+00 1.6405E-02 1.1204E-02 6.5758E-03 4.9770E-03 2.4854E-03 4.8078E-04 1.2410E-04 0.0000E+00
 0.0000E+00 4.9640E-05 1.9866E-04 4.9740E-04 1.4981E-03 1.4387E-03 4.2087E-03 3.1201E-03 6.5280E-03 6.4870E-03 6.3617E-03 6.5557E-03 9.9814E-03 1.2546E-02 1.8970E-02 2.5930E-02 0.0000E+00 1.4198E-02 1.0492E-02 6.5758E-03 4.7644E-03 2.1831E-03 5.2222E-04 1.3237E-04 0.0000E+00
 0.0000E+00 7.4460E-05 3.3109E-04 4.3937E-04 1.1152E-03 1.4303E-03 3.6624E-03 3.6054E-03 5.7426E-03 6.4782E-03 6.1530E-03 6.4017E-03 9.8131E-03 1.3605E-02 2.0349E-02 2.6133E-02 0.0000E+00 1.4485E-02 9.6469E-03 6.4762E-03 4.8530E-03 2.3426E-03 3.8130E-04 1.4891E-04 0.0000E+00
 0.0000E+00 7.4460E-05 2.7315E-04 5.5543E-04 1.1069E-03 1.5649E-03 3.9100E-03 3.2241E-03 6.4495E-03 6.5046E-03 6.1984E-03 6.4883E-03 9.9288E-03 1.3165E-02 1.8899E-02 2.9087E-02 0.0000E+00 1.4805E-02 1.0226E-02 6.0478E-03 4.6404E-03 2.0488E-03 5.9682E-04 1.4064E-04 0.0000E+00
 0.0000E+00 5.7913E-05 2.8971E-04 7.1294E-04 1.1984E-03 1.4976E-03 4.1234E-03 3.2934E-03 5.6902E-03 6.4255E-03 6.6158E-03 5.9781E-03 9.6554E-03 1.2677E-02 1.9524E-02 2.6724E-02 0.0000E+00 1.5529E-02 9.9366E-03 6.0677E-03 4.5696E-03 2.2083E-03 3.2328E-04 1.6546E-04 0.0000E+00
 0.0000E+00 1.0755E-04 3.8904E-04 6.3004E-04 1.3399E-03 1.5144E-03 3.9014E-03 3.5188E-03 6.0218E-03 6.1354E-03 6.7429E-03 6.5557E-03 9.7606E-03 1.2214E-02 1.8685E-02 2.7009E-02 0.0000E+00 1.4771E-02 9.7435E-03 6.0777E-03 4.4456E-03 2.4014E-03 4.5591E-04 9.9276E-05 0.0000E+00
 0.0000E+00 8.2733E-05 2.4004E-04 4.3108E-04 1.2068E-03 1.6490E-03 4.0039E-03 3.3021E-03 6.2487E-03 6.6892E-03 6.3254E-03 6.5846E-03 9.8762E-03 1.2606E-02 1.9866E-02 2.7193E-02 0.0000E+00 1.5243E-02 1.0746E-02 6.3168E-03 4.6936E-03 2.2335E-03 5.4709E-04 2.0683E-04 0.0000E+00
 0.0000E+00 4.1367E-05 4.0559E-04 5.4714E-04 1.3150E-03 1.4471E-03 4.1234E-03 3.9001E-03 6.3796E-03 7.0232E-03 6.5886E-03 7.2007E-03 9.4345E-03 1.2225E-02 1.9610E-02 2.7050E-02 0.0000E+00 1.4939E-02 9.9487E-03 6.5061E-03 4.3925E-03 2.1579E-03 5.3880E-04 2.1510E-04 0.0000E+00
 0.0000E+00 4.9640E-05 2.6488E-04 5.3056E-04 1.2484E-03 1.4808E-03 3.9868E-03 3.1808E-03 6.1353E-03 6.4607E-03 6.2710E-03 6.2765E-03 9.9183E-03 1.2725E-02 1.9752E-02 2.6765E-02 0.0000E+00 1.5731E-02 1.0601E-02 6.2072E-03 4.3216E-03 2.2419E-03 6.0511E-04 2.2337E-04 0.0000E+00
 0.0000E+00 3.3093E-05 3.7248E-04 5.0569E-04 1.1069E-03 1.4724E-03 4.5588E-03 3.4408E-03 6.4233E-03 6.5398E-03 7.1694E-03 6.8060E-03 9.6238E-03 1.2654E-02 1.9425E-02 2.6561E-02 0.0000E+00 1.5041E-02 9.8642E-03 6.7552E-03 4.3836E-03 2.1579E-03 5.3051E-04 1.7373E-04 0.0000E+00
 0.0000E+00 5.7913E-05 2.4004E-04 6.3004E-04 1.2068E-03 1.4050E-03 3.8075E-03 3.6228E-03 6.4320E-03 6.8035E-03 5.7718E-03 6.7001E-03 9.8657E-03 1.2796E-02 1.9155E-02 2.6765E-02 0.0000E+00 1.6001E-02 1.0432E-02 6.0777E-03 4.7644E-03 2.2335E-03 5.5538E-04 9.9276E-05 0.0000E+00
 0.0000E+00 1.0755E-04 4.0559E-04 5.6372E-04 1.3482E-03 1.3714E-03 3.5941E-03 3.4148E-03 6.1702E-03 6.8562E-03 6.0804E-03 6.1225E-03 1.0223E-02 1.2511E-02 1.9809E-02 2.8028E-02 0.0000E+00 1.4923E-02 1.0335E-02 6.9345E-03 4.8884E-03 2.0991E-03 4.8906E-04 1.9028E-04 0.0000E+00
 0.0000E+00 4.1367E-05 3.2282E-04 5.8030E-04 1.0070E-03 1.1779E-03 4.3966E-03 3.5621E-03 5.8996E-03 6.5222E-03 6.4616E-03 6.4113E-03 9.7921E-03 1.3070E-02 1.8685E-02 2.6113E-02 0.0000E+00 1.4047E-02 1.0214E-02 6.5061E-03 4.3039E-03 1.8724E-03 6.1340E-04 1.5719E-04 0.0000E+00
 0.0000E+00 4.1367E-05 3.7248E-04 4.2279E-04 1.3482E-03 1.3125E-03 4.2002E-03 3.5274E-03 5.8909E-03 6.3288E-03 6.4434E-03 6.0070E-03 1.0560E-02 1.2309E-02 1.9652E-02 2.4891E-02 0.0000E+00 1.5916E-02 9.6348E-03 6.3267E-03 5.2072E-03 2.5610E-03 5.3051E-04 1.7373E-04 0.0000E+00
 0.0000E+00 9.1006E-05 2.1521E-04 3.9792E-04 1.1901E-03 1.3041E-03 4.3453E-03 3.7788E-03 6.1004E-03 6.2145E-03 6.0169E-03 6.0744E-03 9.9499E-03 1.2546E-02 1.9979E-02 2.5217E-02 0.0000E+00 1.5158E-02 1.0166E-02 6.0976E-03 4.2596E-03 2.1243E-03 4.9735E-04 1.1582E-04 0.0000E+00
 0.0000E+00 4.9640E-05 1.9866E-04 6.8807E-04 1.1735E-03 1.6322E-03 3.9356E-03 3.5621E-03 6.3098E-03 6.1706E-03 6.8155E-03 6.8734E-03 1.0108E-02 1.2321E-02 1.9923E-02 2.6928E-02 0.0000E+00 1.4603E-02 1.0782E-02 5.6492E-03 4.8087E-03 2.0320E-03 4.8906E-04 1.5719E-04 0.0000E+00
 0.0000E+00 4.9640E-05 2.8971E-04 4.7253E-04 1.3815E-03 1.6827E-03 4.0465E-03 3.3801E-03 6.2836E-03 6.5661E-03 6.6431E-03 6.2380E-03 1.0392E-02 1.2642E-02 1.9055E-02 2.8048E-02 0.0000E+00 1.4603E-02 1.0190E-02 5.6791E-03 4.7024E-03 2.0572E-03 4.9735E-04 9.1003E-05 0.0000E+00
 0.0000E+00 2.4820E-05 2.1521E-04 6.8807E-04 1.1652E-03 1.0769E-03 3.8673E-03 3.1461E-03 5.9869E-03 6.3640E-03 6.1258E-03 6.0647E-03 8.9822E-03 1.2832E-02 1.9482E-02 2.7193E-02 0.0000E+00 1.5478E-02 1.0927E-02 5.8884E-03 4.9592E-03 2.2839E-03 7.2945E-04 1.0755E-04 0.0000E+00
 0.0000E+00 1.0755E-04 3.9731E-04 6.8807E-04 1.1069E-03 1.5649E-03 4.3283E-03 3.1548E-03 6.1353E-03 6.1530E-03 6.3254E-03 6.7001E-03 1.0623E-02 1.1881E-02 1.8486E-02 2.6093E-02 0.0000E+00 1.4687E-02 9.4899E-03 5.9481E-03 4.2331E-03 2.5610E-03 4.2275E-04 8.2730E-05 0.0000E+00
 0.0000E+00 1.1583E-04 3.8076E-04 5.3885E-04 1.3066E-03 1.2031E-03 3.9526E-03 3.2761E-03 6.0567E-03 6.4607E-03 5.8626E-03 6.9889E-03 9.7290E-03 1.2975E-02 1.8984E-02 2.6378E-02 0.0000E+00 1.5647E-02 1.0721E-02 6.1474E-03 4.6139E-03 2.3678E-03 3.8959E-04 1.3237E-04 0.0000E+00
 0.0000E+00 7.4460E-05 1.9866E-04 5.8030E-04 1.1735E-03 1.3882E-03 3.8502E-03 3.1288E-03 5.7426E-03 5.5465E-03 5.8263E-03 6.1995E-03 9.3609E-03 1.2225E-02 1.9610E-02 2.6969E-02 0.0000E+00 1.5849E-02 9.8642E-03 5.9083E-03 4.5696E-03 2.1243E-03 4.3933E-04 1.4891E-04 0.0000E+00
 0.0000E+00 1.6547E-05 2.2349E-04 5.3885E-04 1.3482E-03 1.2284E-03 3.8502E-03 3.2414E-03 6.0829E-03 6.4782E-03 5.4905E-03 5.9781E-03 9.3924E-03 1.2665E-02 1.9638E-02 2.5706E-02 0.0000E+00 1.4872E-02 9.5503E-03 5.5795E-03 4.1976E-03 2.4434E-03 3.6473E-04 1.2410E-04 0.0000E+00
 0.0000E+00 3.3093E-05 2.8143E-04 5.1398E-04 1.1652E-03 1.1863E-03 3.9356E-03 3.4408E-03 5.9956E-03 6.1003E-03 6.5705E-03 6.5364E-03 8.9822E-03 1.2368E-02 1.8927E-02 2.6195E-02 0.0000E+00 1.4013E-02 9.7797E-03 5.8385E-03 4.0028E-03 1.7129E-03 4.5591E-04 1.4891E-04 0.0000E+00
 0.0000E+00 7.4460E-05 3.7248E-04 7.0465E-04 1.2817E-03 1.4639E-03 3.8673E-03 2.9294E-03 5.9607E-03 6.0915E-03 6.2710E-03 6.2573E-03 9.3504E-03 1.2118E-02 1.9155E-02 2.6867E-02 0.0000E+00 1.4518E-02 1.0323E-02 5.9581E-03 4.4633E-03 1.9396E-03 4.1446E-04 1.3237E-04 0.0000E+00
 0.0000E+00 4.9640E-05 3.5593E-04 5.3885E-04 1.1652E-03 1.4135E-03 3.3465E-03 3.6661E-03 6.1527E-03 6.1970E-03 5.9987E-03 6.3054E-03 1.0202E-02 1.2761E-02 1.8799E-02 2.7030E-02 0.0000E+00 1.4586E-02 1.0564E-02 5.4699E-03 4.0294E-03 2.2335E-03 5.8025E-04 1.5719E-04 0.0000E+00
 0.0000E+00 4.9640E-05 3.4765E-04 4.0621E-04 1.0653E-03 1.4892E-03 3.6538E-03 3.2848E-03 6.1440E-03 5.9948E-03 5.9897E-03 5.8914E-03 1.0150E-02 1.2368E-02 1.9425E-02 2.7152E-02 0.0000E+00 1.4771E-02 9.5744E-03 5.5895E-03 4.5342E-03 2.3258E-03 4.8078E-04 1.6546E-04 0.0000E+00
 0.0000E+00 4.9640E-05 3.5593E-04 5.3885E-04 1.1485E-03 1.2115E-03 4.0380E-03 3.1461E-03 5.7076E-03 6.2145E-03 6.3527E-03 6.0166E-03 1.0444E-02 1.2606E-02 1.9894E-02 2.4545E-02 0.0000E+00 1.4064E-02 9.9004E-03 5.6791E-03 4.7998E-03 1.8976E-03 4.2275E-04 7.4457E-05 0.0000E+00
 0.0000E+00 4.1367E-05 1.9038E-04 5.6372E-04 1.1235E-03 1.4808E-03 3.1928E-03 3.2328E-03 6.2051E-03 6.1530E-03 6.4434E-03 5.4968E-03 8.9612E-03 1.2071E-02 1.8828E-02 2.7783E-02 0.0000E+00 1.5546E-02 9.8883E-03 5.7688E-03 4.3482E-03 2.1915E-03 5.0564E-04 2.4819E-04 0.0000E+00
 0.0000E+00 1.0755E-04 2.8143E-04 4.6424E-04 1.0486E-03 1.1779E-03 4.1575E-03 3.2674E-03 6.2313E-03 6.0036E-03 6.3254E-03 5.7182E-03 9.4976E-03 1.2237E-02 1.9098E-02 2.7294E-02 0.0000E+00 1.5563E-02 1.0154E-02 5.3802E-03 4.1179E-03 1.8808E-03 4.0617E-04 1.1582E-04 0.0000E+00
 0.0000E+00 5.7913E-05 2.3177E-04 4.1450E-04 1.0486E-03 1.4555E-03 4.1319E-03 2.7734E-03 5.8647E-03 6.3112E-03 6.0260E-03 6.0262E-03 9.0664E-03 1.1976E-02 1.9738E-02 2.5909E-02 0.0000E+00 1.4889E-02 1.0069E-02 5.3603E-03 4.2331E-03 2.4014E-03 3.4815E-04 1.5719E-04 0.0000E+00
 0.0000E+00 6.6187E-05 2.8971E-04 4.6424E-04 1.4065E-03 1.3293E-03 3.6709E-03 3.5014E-03 5.7862E-03 6.3552E-03 5.3635E-03 6.0647E-03 9.6133E-03 1.2879E-02 1.8287E-02 2.4402E-02 0.0000E+00 1.5916E-02 1.0142E-02 6.1972E-03 4.4190E-03 2.0907E-03 4.1446E-04 1.0755E-04 0.0000E+00
 0.0000E+00 2.4820E-05 2.7315E-04 4.7253E-04 1.2484E-03 1.4303E-03 3.6965E-03 3.0681E-03 6.3709E-03 6.5574E-03 5.6992E-03 5.7278E-03 9.5186E-03 1.1750E-02 1.9539E-02 2.7376E-02 0.0000E+00 1.4417E-02 9.8642E-03 6.0577E-03 4.2242E-03 2.1999E-03 3.8959E-04 1.9855E-04 0.0000E+00
 0.0000E+00 7.4460E-05 3.3109E-04 5.3056E-04 1.3066E-03 1.3293E-03 3.4746E-03 2.9727E-03 5.9782E-03 6.4255E-03 5.9715E-03 6.4113E-03 9.5502E-03 1.2487E-02 1.9453E-02 2.4911E-02 0.0000E+00 1.4771E-02 9.3450E-03 5.6692E-03 4.4633E-03 2.4602E-03 4.8906E-04 1.4891E-04 0.0000E+00
 0.0000E+00 5.7913E-05 2.8971E-04 4.3937E-04 8.4058E-04 1.3462E-03 3.3294E-03 2.9034E-03 5.7164E-03 6.8562E-03 6.5069E-03 5.8722E-03 8.9612E-03 1.2844E-02 1.9567E-02 2.6663E-02 0.0000E+00 1.4535E-02 1.0033E-02 5.8784E-03 4.2596E-03 1.9648E-03 4.0617E-04 1.9028E-04 0.0000E+00
 0.0000E+00 4.1367E-05 2.1521E-04 4.3937E-04 1.1984E-03 1.2788E-03 3.4660E-03 2.9467E-03 5.8386E-03 6.0915E-03 6.0532E-03 6.1899E-03 9.3398E-03 1.1607E-02 1.8685E-02 2.5196E-02 0.0000E+00 1.4704E-02 9.3209E-03 6.0876E-03 4.6847E-03 2.1075E-03 5.1393E-04 1.7373E-04 0.0000E+00
 0.0000E+00 8.2733E-05 2.4004E-04 4.8082E-04 1.3150E-03 1.2536E-03 3.9526E-03 3.2588E-03 5.9607E-03 5.8278E-03 5.9715E-03 6.5075E-03 9.4345E-03 1.2511E-02 1.8131E-02 2.4891E-02 0.0000E+00 1.4586E-02 1.0263E-02 5.4101E-03 4.5342E-03 2.2839E-03 4.8906E-04 1.3237E-04 0.0000E+00
 0.0000E+00 4.9640E-05 4.0559E-04 5.3056E-04 1.4648E-03 1.3041E-03 4.0380E-03 2.7474E-03 6.0567E-03 5.8278E-03 6.5614E-03 6.1995E-03 9.3293E-03 1.1655E-02 1.8515E-02 2.6317E-02 0.0000E+00 1.4586E-02 1.0263E-02 5.9182E-03 4.1179E-03 2.1663E-03 3.2328E-04 1.0755E-04 0.0000E+00
 0.0000E+00 8.2733E-05 2.1521E-04 6.3004E-04 9.4045E-04 1.2452E-03 3.3380E-03 2.8774E-03 6.0567E-03 6.2321E-03 5.9171E-03 5.6219E-03 8.9927E-03 1.1512E-02 1.8899E-02 2.4911E-02 0.0000E+00 1.4822E-02 9.2484E-03 5.8485E-03 4.1976E-03 1.9480E-03 3.3157E-04 4.9638E-05 0.0000E+00
 0.0000E+00 5.7913E-05 2.5660E-04 5.7201E-04 1.1818E-03 1.3798E-03 3.8929E-03 3.0334E-03 5.8386E-03 5.9420E-03 5.9534E-03 6.2188E-03 8.9717E-03 1.2297E-02 1.8529E-02 2.4972E-02 0.0000E+00 1.4569E-02 1.0130E-02 6.1275E-03 4.9327E-03 1.8808E-03 4.0617E-04 1.3237E-04 0.0000E+00
 0.0000E+00 1.6547E-05 2.4832E-04 5.0569E-04 1.0819E-03 1.4892E-03 3.7051E-03 2.5914E-03 5.4546E-03 6.5661E-03 6.0169E-03 5.7759E-03 8.2460E-03 1.2249E-02 1.8472E-02 2.6704E-02 0.0000E+00 1.3946E-02 9.8763E-03 5.7588E-03 4.2773E-03 2.2755E-03 5.4709E-04 1.2410E-04 0.0000E+00
 0.0000E+00 5.7913E-05 3.7248E-04 6.5491E-04 1.1652E-03 1.0180E-03 3.8673E-03 2.9988E-03 5.6727E-03 5.4850E-03 5.3181E-03 5.6893E-03 9.4345E-03 1.2356E-02 1.8884E-02 2.6520E-02 0.0000E+00 1.4754E-02 1.0021E-02 6.0976E-03 4.0737E-03 1.8305E-03 4.7249E-04 1.4064E-04 0.0000E+00
 0.0000E+00 5.7913E-05 3.1454E-04 3.2331E-04 1.3233E-03 1.3377E-03 3.8502E-03 2.6434E-03 5.6553E-03 5.7311E-03 6.3073E-03 5.9300E-03 9.4661E-03 1.2285E-02 1.9098E-02 2.5685E-02 0.0000E+00 1.4603E-02 9.2364E-03 5.4201E-03 4.2419E-03 1.9396E-03 4.1446E-04 1.4891E-04 0.0000E+00
 0.0000E+00 1.0755E-04 3.8076E-04 4.3937E-04 9.8206E-04 1.3798E-03 3.6026E-03 3.2068E-03 5.5506E-03 6.2145E-03 6.2710E-03 5.7567E-03 8.5615E-03 1.2594E-02 1.9297E-02 2.7539E-02 0.0000E+00 1.4687E-02 9.2364E-03 5.1909E-03 4.3039E-03 2.0152E-03 3.1499E-04 1.4891E-04 0.0000E+00
 0.0000E+00 5.7913E-05 3.1454E-04 4.7253E-04 1.2650E-03 1.1358E-03 4.1746E-03 3.1114E-03 5.5331E-03 6.2145E-03 5.7900E-03 6.0358E-03 8.4984E-03 1.1429E-02 1.8557E-02 2.6215E-02 0.0000E+00 1.5546E-02 9.2122E-03 5.4599E-03 4.1091E-03 2.1243E-03 4.8906E-04 9.9276E-05 0.0000E+00
 0.0000E+00 6.6187E-05 4.1387E-04 5.4714E-04 1.1818E-03 1.3630E-03 3.6282E-03 3.2414E-03 6.2400E-03 5.8278E-03 5.6811E-03 5.6797E-03 8.8455E-03 1.0691E-02 1.8557E-02 2.5074E-02 0.0000E+00 1.4451E-02 9.1519E-03 5.5695E-03 4.1268E-03 1.9984E-03 3.9788E-04 9.9276E-05 0.0000E+00
 0.0000E+00 1.4892E-04 3.3937E-04 4.8911E-04 1.0819E-03 1.2200E-03 3.3550E-03 3.4928E-03 5.2887E-03 5.8190E-03 5.7628E-03 6.1321E-03 9.4976E-03 1.2439E-02 1.8927E-02 2.4117E-02 0.0000E+00 1.4569E-02 1.0251E-02 5.2009E-03 4.5076E-03 1.8640E-03 3.1499E-04 1.5719E-04 0.0000E+00
 0.0000E+00 7.4460E-05 2.2349E-04 5.0569E-04 8.9051E-04 1.1190E-03 3.2014E-03 3.3454E-03 5.6815E-03 6.2937E-03 6.0260E-03 5.6700E-03 9.0453E-03 1.1678E-02 1.8941E-02 2.7437E-02 0.0000E+00 1.4939E-02 1.0069E-02 6.1673E-03 3.7637E-03 1.8137E-03 4.3104E-04 1.3237E-04 0.0000E+00
 0.0000E+00 7.4460E-05 2.6488E-04 5.2227E-04 9.3212E-04 1.2452E-03 3.4746E-03 3.4061E-03 5.7775E-03 5.4498E-03 6.2801E-03 5.7470E-03 9.3188E-03 1.2570E-02 1.8870E-02 2.6683E-02 0.0000E+00 1.4518E-02 9.1156E-03 5.5596E-03 4.5253E-03 2.1663E-03 4.5591E-04 1.2410E-04 0.0000E+00
 0.0000E+00 4.1367E-05 2.4832E-04 4.5595E-04 1.1735E-03 1.1863E-03 3.9014E-03 2.9641E-03 5.7687E-03 5.8893E-03 6.3890E-03 6.2380E-03 8.3196E-03 1.2178E-02 1.9041E-02 2.6032E-02 0.0000E+00 1.4653E-02 9.7314E-03 5.9581E-03 4.6227E-03 2.0488E-03 3.9788E-04 9.9276E-05 0.0000E+00
 0.0000E+00 6.6187E-05 2.8143E-04 5.2227E-04 1.2068E-03 1.1779E-03 3.7648E-03 2.8341E-03 5.4895E-03 5.9772E-03 6.0169E-03 5.5064E-03 9.4661E-03 1.2023E-02 1.8927E-02 2.4667E-02 0.0000E+00 1.4822E-02 9.3088E-03 5.3902E-03 3.8168E-03 2.0236E-03 4.9735E-04 1.3237E-04 0.0000E+00
 0.0000E+00 8.2733E-05 2.5660E-04 4.9740E-04 1.1402E-03 1.2368E-03 3.9612E-03 3.1201E-03 5.6989E-03 5.8717E-03 5.3362E-03 5.8818E-03 8.7614E-03 1.1333E-02 1.8771E-02 2.6113E-02 0.0000E+00 1.4872E-02 9.8280E-03 5.4998E-03 4.5165E-03 1.8556E-03 3.1499E-04 4.1365E-05 0.0000E+00
 0.0000E+00 4.1367E-05 2.4004E-04 3.9792E-04 1.1568E-03 1.2284E-03 3.5087E-03 2.5914E-03 5.7426E-03 5.7575E-03 5.7809E-03 5.4486E-03 9.0453E-03 1.2344E-02 1.9539E-02 2.6846E-02 0.0000E+00 1.4215E-02 9.4899E-03 5.0614E-03 4.1002E-03 2.0823E-03 3.4815E-04 2.3165E-04 0.0000E+00
 0.0000E+00 4.9640E-05 3.9731E-04 3.1502E-04 9.8206E-04 1.1695E-03 3.7904E-03 2.9554E-03 5.6815E-03 5.4938E-03 6.1349E-03 6.1417E-03 8.9296E-03 1.1440E-02 1.8017E-02 2.5665E-02 0.0000E+00 1.3744E-02 9.1639E-03 5.7489E-03 4.0028E-03 1.9228E-03 3.7302E-04 6.6184E-05 0.0000E+00
 0.0000E+00 6.6187E-05 3.8076E-04 5.3056E-04 8.8219E-04 1.2115E-03 3.3465E-03 2.7474E-03 5.5942E-03 5.5113E-03 5.9534E-03 5.5834E-03 8.6982E-03 1.1607E-02 1.8444E-02 2.6724E-02 0.0000E+00 1.4518E-02 1.0009E-02 6.3666E-03 3.8611E-03 1.9228E-03 4.9735E-04 1.4064E-04 0.0000E+00
 0.0000E+00 9.1006E-05 3.0626E-04 4.4766E-04 1.0070E-03 1.0517E-03 3.8075E-03 2.7821E-03 5.8036E-03 5.8366E-03 5.9443E-03 6.4594E-03 9.0979E-03 1.1500E-02 1.8927E-02 2.5624E-02 0.0000E+00 1.4518E-02 1.0226E-02 5.8784E-03 4.1357E-03 1.8724E-03 3.3986E-04 5.7911E-05 0.0000E+00
 0.0000E+00 1.1583E-04 1.4899E-04 4.7253E-04 1.1319E-03 1.1274E-03 3.5002E-03 3.0248E-03 5.8036E-03 5.1509E-03 6.2801E-03 5.4968E-03 8.4038E-03 1.2142E-02 1.9581E-02 2.7091E-02 0.0000E+00 1.5546E-02 8.7051E-03 5.5596E-03 4.2773E-03 1.9816E-03 2.9841E-04 1.1582E-04 0.0000E+00
 0.0000E+00 9.1006E-05 2.7315E-04 3.2331E-04 1.1152E-03 1.4387E-03 3.3977E-03 3.2328E-03 5.9695E-03 6.0300E-03 5.4905E-03 6.0551E-03 9.1821E-03 1.2011E-02 1.9140E-02 2.6541E-02 0.0000E+00 1.3878E-02 9.8521E-03 5.3304E-03 4.2685E-03 1.9648E-03 3.5644E-04 1.0755E-04 0.0000E+00
 0.0000E+00 2.4820E-05 4.5525E-04 4.8082E-04 9.4045E-04 1.3125E-03 3.5002E-03 3.2414E-03 5.7687E-03 6.0475E-03 5.2909E-03 5.3331E-03 8.4353E-03 1.2214E-02 1.8557E-02 2.5319E-02 0.0000E+00 1.4485E-02 9.2484E-03 5.7987E-03 4.4190E-03 2.1327E-03 4.3933E-04 9.1003E-05 0.0000E+00
 0.0000E+00 9.1006E-05 3.2282E-04 4.6424E-04 9.9870E-04 1.2031E-03 3.7477E-03 3.1548E-03 5.8996E-03 5.4938E-03 5.7628E-03 5.4005E-03 9.0243E-03 1.1833E-02 1.7832E-02 2.8476E-02 0.0000E+00 1.4232E-02 1.0142E-02 5.8186E-03 3.9408E-03 2.0907E-03 2.9012E-04 1.3237E-04 0.0000E+00
 0.0000E+00 1.6547E-05 2.5660E-04 3.5647E-04 1.1818E-03 1.1022E-03 3.4490E-03 2.9988E-03 5.7862E-03 6.0300E-03 5.2273E-03 5.9107E-03 8.4038E-03 1.1619E-02 1.8387E-02 2.6704E-02 0.0000E+00 1.3895E-02 9.5503E-03 5.4898E-03 4.2242E-03 1.8892E-03 3.7302E-04 1.0755E-04 0.0000E+00
 0.0000E+00 5.7913E-05 3.4765E-04 4.4766E-04 1.3732E-03 1.3293E-03 3.6709E-03 2.8427E-03 5.5680E-03 6.0036E-03 5.5268E-03 6.3824E-03 8.9402E-03 1.2130E-02 1.7747E-02 2.5624E-02 0.0000E+00 1.4165E-02 9.9366E-03 5.8186E-03 4.4190E-03 2.0572E-03 5.0564E-04 1.1582E-04 0.0000E+00
 0.0000E+00 7.4460E-05 3.3109E-04 5.9688E-04 1.4897E-03 1.4892E-03 3.3038E-03 2.7907E-03 6.0306E-03 5.8454E-03 5.1366E-03 5.2176E-03 8.4248E-03 1.1773E-02 2.1145E-02 2.7417E-02 0.0000E+00 1.4603E-02 1.0383E-02 5.1511E-03 3.8080E-03 1.9816E-03 4.0617E-04 2.3165E-04 0.0000E+00
 0.0000E+00 6.6187E-05 2.3177E-04 5.3056E-04 1.1069E-03 1.3125E-03 3.2953E-03 2.8341E-03 5.4196E-03 5.7223E-03 5.3544E-03 5.2753E-03 9.2662E-03 1.1417E-02 1.8685E-02 2.6052E-02 0.0000E+00 1.4299E-02 9.2726E-03 5.4898E-03 3.9674E-03 1.8808E-03 3.8959E-04 1.4064E-04 0.0000E+00
 0.0000E+00 4.1367E-05 3.1454E-04 4.8911E-04 9.3212E-04 1.0853E-03 3.3380E-03 3.1288E-03 6.1702E-03 6.1003E-03 5.6085E-03 6.2573E-03 8.7824E-03 1.1690E-02 1.8685E-02 2.7009E-02 0.0000E+00 1.4923E-02 9.2243E-03 5.5994E-03 3.9143E-03 1.7129E-03 3.8130E-04 1.2410E-04 0.0000E+00
 0.0000E+00 2.4820E-05 2.4832E-04 5.2227E-04 1.4731E-03 1.0769E-03 3.3038E-03 2.8167E-03 5.5767E-03 5.8454E-03 5.3181E-03 5.9203E-03 8.5826E-03 1.1452E-02 1.9197E-02 2.6887E-02 0.0000E+00 1.3676E-02 8.7172E-03 5.0614E-03 4.5784E-03 2.3007E-03 3.0670E-04 1.0755E-04 0.0000E+00
 0.0000E+00 4.9640E-05 2.9798E-04 3.7305E-04 1.2234E-03 1.2200E-03 3.3380E-03 2.9381E-03 5.5156E-03 5.8893E-03 6.0532E-03 5.5064E-03 8.7088E-03 1.1881E-02 1.8657E-02 2.5624E-02 0.0000E+00 1.3356E-02 8.6206E-03 5.4799E-03 3.9231E-03 1.8137E-03 3.1499E-04 1.4064E-04 0.0000E+00
 0.0000E+00 4.1367E-05 2.9798E-04 4.7253E-04 1.2151E-03 1.3882E-03 3.0221E-03 2.6174E-03 5.8822E-03 5.9157E-03 5.3907E-03 5.7663E-03 9.1505E-03 1.2142E-02 1.9439E-02 2.7152E-02 0.0000E+00 1.4350E-02 1.0263E-02 5.6094E-03 3.9408E-03 1.9732E-03 5.1393E-04 4.9638E-05 0.0000E+00
 0.0000E+00 7.4460E-05 2.3177E-04 5.3885E-04 1.0403E-03 1.2788E-03 3.5087E-03 2.9121E-03 5.5156E-03 5.1861E-03 5.6448E-03 6.0070E-03 8.5405E-03 1.0786E-02 1.8728E-02 2.4463E-02 0.0000E+00 1.4198E-02 9.0553E-03 5.1810E-03 3.8877E-03 2.1999E-03 3.8959E-04 1.7373E-04 0.0000E+00
 0.0000E+00 4.1367E-05 3.8076E-04 4.8911E-04 8.9883E-04 1.2200E-03 3.4746E-03 2.5741E-03 5.5593E-03 5.9245E-03 5.8808E-03 5.9781E-03 9.6238E-03 1.1726E-02 1.8714E-02 2.4871E-02 0.0000E+00 1.4872E-02 8.9466E-03 4.4636E-03 4.0737E-03 1.9564E-03 3.3986E-04 1.2410E-04 0.0000E+00
 0.0000E+00 7.4460E-05 2.7315E-04 5.3885E-04 8.6554E-04 1.1190E-03 3.4660E-03 2.9814E-03 5.1055E-03 5.5113E-03 5.9171E-03 5.1310E-03 8.9927E-03 1.1536E-02 1.7875E-02 2.4280E-02 0.0000E+00 1.4400E-02 8.4757E-03 5.8087E-03 4.4368E-03 1.8976E-03 3.1499E-04 1.5719E-04 0.0000E+00
 0.0000E+00 8.2733E-05 3.3109E-04 5.4714E-04 1.0653E-03 9.6755E-04 3.5514E-03 2.6607E-03 6.0306E-03 5.7487E-03 5.2727E-03 5.2850E-03 9.1084E-03 1.1405E-02 1.7676E-02 2.6215E-02 0.0000E+00 1.4080E-02 9.1156E-03 5.4998E-03 4.0471E-03 1.8053E-03 3.6473E-04 9.9276E-05 0.0000E+00
 0.0000E+00 4.1367E-05 3.3109E-04 6.3833E-04 9.1548E-04 1.1022E-03 3.5770E-03 2.6954E-03 4.9658E-03 6.1179E-03 5.3362E-03 5.9973E-03 9.0243E-03 1.1333E-02 1.8145E-02 2.6989E-02 0.0000E+00 1.4215E-02 9.1519E-03 5.4898E-03 4.1179E-03 1.8053E-03 4.0617E-04 9.1003E-05 0.0000E+00
 0.0000E+00 4.1367E-05 3.3937E-04 5.5543E-04 9.6541E-04 1.0433E-03 3.8075E-03 2.8601E-03 5.5331E-03 5.2476E-03 5.8263E-03 5.7759E-03 8.3301E-03 1.1155E-02 1.8287E-02 2.5359E-02 0.0000E+00 1.3626E-02 9.2001E-03 5.3005E-03 4.2685E-03 1.7129E-03 3.2328E-04 1.3237E-04 0.0000E+00
 0.0000E+00 7.4460E-05 2.4004E-04 3.5647E-04 1.0819E-03 1.0264E-03 3.5002E-03 2.8687E-03 5.2102E-03 5.5201E-03 5.8172E-03 5.7663E-03 8.4984E-03 1.1179E-02 1.7761E-02 2.6072E-02 0.0000E+00 1.4754E-02 8.8862E-03 5.3105E-03 3.6752E-03 1.7717E-03 5.3880E-04 9.9276E-05 0.0000E+00
 0.0000E+00 3.3093E-05 1.7382E-04 5.6372E-04 1.2650E-03 1.2200E-03 3.6368E-03 3.1634E-03 5.1491E-03 5.8190E-03 5.4724E-03 5.6315E-03 8.1934E-03 1.1429E-02 1.9823E-02 2.5828E-02 0.0000E+00 1.4468E-02 9.3933E-03 5.1411E-03 3.8788E-03 1.9564E-03 3.8130E-04 9.1003E-05 0.0000E+00
 0.0000E+00 1.1583E-04 1.7382E-04 4.5595E-04 1.1735E-03 1.1106E-03 3.2697E-03 2.8861E-03 5.6029E-03 5.6256E-03 5.5359E-03 5.7374E-03 9.2452E-03 1.1167E-02 1.8685E-02 2.5319E-02 0.0000E+00 1.3794E-02 8.2825E-03 4.9518E-03 3.9851E-03 2.1159E-03 4.3933E-04 1.3237E-04 0.0000E+00
 0.0000E+00 5.7913E-05 3.2282E-04 4.7253E-04 1.2733E-03 1.0517E-03 3.4916E-03 2.9207E-03 5.4284E-03 5.9157E-03 6.1258E-03 5.7470E-03 8.4143E-03 1.1298E-02 1.7733E-02 2.7009E-02 0.0000E+00 1.3356E-02 8.5844E-03 5.1610E-03 3.6752E-03 1.7381E-03 3.8130E-04 1.4064E-04 0.0000E+00
 0.0000E+00 5.7913E-05 2.7315E-04 4.5595E-04 1.1485E-03 1.1274E-03 3.3209E-03 2.9467E-03 5.4022E-03 4.9751E-03 5.5813E-03 5.6508E-03 8.7719E-03 1.1500E-02 1.8387E-02 2.5726E-02 0.0000E+00 1.4485E-02 9.4899E-03 5.0913E-03 4.5165E-03 1.6625E-03 3.7302E-04 1.9855E-04 0.0000E+00
 0.0000E+00 7.4460E-05 3.2282E-04 4.1450E-04 1.2068E-03 1.2284E-03 3.6453E-03 2.6954E-03 6.1266E-03 4.8697E-03 5.3725E-03 5.0539E-03 9.0979E-03 1.0917E-02 1.8500E-02 2.6296E-02 0.0000E+00 1.4316E-02 9.5020E-03 4.9917E-03 3.7194E-03 1.9732E-03 3.5644E-04 8.2730E-05 0.0000E+00
 0.0000E+00 9.9280E-05 1.9038E-04 3.8134E-04 9.6541E-04 1.0433E-03 3.2868E-03 2.6521E-03 5.8211E-03 5.4674E-03 5.6811E-03 5.1406E-03 8.8455E-03 1.0846E-02 1.8344E-02 2.5583E-02 0.0000E+00 1.4182E-02 9.0190E-03 5.2906E-03 4.0825E-03 1.8305E-03 4.6420E-04 3.3092E-05 0.0000E+00
 0.0000E+00 4.1367E-05 4.0559E-04 3.9792E-04 1.0486E-03 9.9279E-04 3.4063E-03 2.5307E-03 5.5593E-03 5.4322E-03 6.1712E-03 4.9480E-03 9.4135E-03 1.1203E-02 1.8870E-02 2.5604E-02 0.0000E+00 1.4097E-02 8.9587E-03 5.0514E-03 4.4013E-03 1.7549E-03 2.8183E-04 1.6546E-04 0.0000E+00
 0.0000E+00 4.9640E-05 1.7382E-04 5.1398E-04 1.0653E-03 1.1022E-03 3.2441E-03 2.9467E-03 5.8560E-03 5.8278E-03 4.9642E-03 5.4101E-03 8.3091E-03 1.1131E-02 1.7704E-02 2.5991E-02 0.0000E+00 1.2986E-02 8.6810E-03 5.2607E-03 3.8788E-03 1.8305E-03 2.6526E-04 9.1003E-05 0.0000E+00
 0.0000E+00 5.7913E-05 2.4832E-04 4.3937E-04 1.0403E-03 1.4387E-03 3.1331E-03 3.0248E-03 5.5418E-03 5.3180E-03 5.3362E-03 5.7567E-03 8.1303E-03 1.1131E-02 1.8216E-02 2.4871E-02 0.0000E+00 1.4754E-02 9.2122E-03 5.0614E-03 4.1091E-03 1.9900E-03 3.2328E-04 1.3237E-04 0.0000E+00
 0.0000E+00 8.2733E-06 2.6488E-04 3.3160E-04 1.2567E-03 1.0012E-03 3.6282E-03 2.8514E-03 5.7949E-03 5.7223E-03 5.4905E-03 4.8807E-03 8.3722E-03 1.1869E-02 1.8756E-02 2.5930E-02 0.0000E+00 1.3558E-02 9.4295E-03 4.9817E-03 3.8080E-03 2.0656E-03 2.7354E-04 9.9276E-05 0.0000E+00
 0.0000E+00 5.7913E-05 2.6488E-04 5.0569E-04 1.1568E-03 9.5072E-04 3.3721E-03 2.2794E-03 5.4895E-03 5.4674E-03 5.3272E-03 5.3331E-03 8.3932E-03 1.0870E-02 1.7903E-02 2.5359E-02 0.0000E+00 1.4502E-02 8.6206E-03 4.8721E-03 4.1976E-03 1.8388E-03 4.6420E-04 9.9276E-05 0.0000E+00
 0.0000E+00 5.7913E-05 2.0693E-04 3.8963E-04 1.1152E-03 1.1863E-03 3.2185E-03 2.4701E-03 4.9396E-03 6.1179E-03 5.3090E-03 5.3331E-03 8.8981E-03 1.0311E-02 1.7249E-02 2.5298E-02 0.0000E+00 1.4333E-02 8.3671E-03 4.9418E-03 4.0648E-03 1.7213E-03 2.5697E-04 1.1582E-04 0.0000E+00
 0.0000E+00 3.3093E-05 1.6555E-04 3.3160E-04 1.0070E-03 1.2788E-03 3.5002E-03 2.6521E-03 5.3935E-03 5.6783E-03 5.7265E-03 5.4775E-03 8.5510E-03 1.0168E-02 1.7036E-02 2.4361E-02 0.0000E+00 1.4064E-02 8.6206E-03 5.1112E-03 3.9408E-03 1.9900E-03 4.0617E-04 1.5719E-04 0.0000E+00
 0.0000E+00 2.4820E-05 1.9866E-04 5.2227E-04 1.0403E-03 1.0685E-03 3.1672E-03 2.4787E-03 5.0182E-03 5.0543E-03 5.6811E-03 5.9588E-03 8.4458E-03 1.1690E-02 1.9041E-02 2.5746E-02 0.0000E+00 1.4400E-02 8.7776E-03 5.2607E-03 3.5955E-03 1.6121E-03 4.8906E-04 1.3237E-04 0.0000E+00
 0.0000E+00 4.1367E-05 1.5727E-04 4.3108E-04 1.2068E-03 1.0685E-03 3.2441E-03 2.5654E-03 5.3498E-03 5.0279E-03 5.5722E-03 5.4390E-03 8.6457E-03 1.0727E-02 1.7206E-02 2.5461E-02 0.0000E+00 1.3053E-02 8.9949E-03 4.9518E-03 3.4449E-03 1.8137E-03 4.8078E-04 9.9276E-05 0.0000E+00
 0.0000E+00 3.3093E-05 2.7315E-04 4.7253E-04 9.9870E-04 8.6659E-04 3.3038E-03 2.8254E-03 5.6727E-03 5.4234E-03 5.6992E-03 5.8626E-03 8.8560E-03 1.0251E-02 1.7491E-02 2.7274E-02 0.0000E+00 1.4687E-02 8.4395E-03 5.4799E-03 3.7903E-03 2.2167E-03 3.4815E-04 1.8201E-04 0.0000E+00
 0.0000E+00 6.6187E-05 2.8971E-04 3.5647E-04 1.1319E-03 1.2368E-03 3.2014E-03 2.9034E-03 5.2713E-03 5.5201E-03 4.9642E-03 5.6508E-03 8.9717E-03 1.0989E-02 1.8287E-02 2.5767E-02 0.0000E+00 1.3525E-02 8.4395E-03 5.0714E-03 3.7903E-03 1.7297E-03 4.4762E-04 8.2730E-05 0.0000E+00
 0.0000E+00 6.6187E-05 1.4072E-04 5.4714E-04 1.1152E-03 1.0433E-03 3.1843E-03 2.7127E-03 5.2364E-03 5.7223E-03 5.2455E-03 5.7470E-03 9.0243E-03 1.0656E-02 1.8060E-02 2.5685E-02 0.0000E+00 1.3744E-02 9.0553E-03 5.3404E-03 3.5955E-03 1.7633E-03 3.3986E-04 1.5719E-04 0.0000E+00
 0.0000E+00 8.2733E-05 3.3109E-04 4.9740E-04 1.1152E-03 1.2031E-03 3.5172E-03 2.3661E-03 5.1840E-03 5.6608E-03 5.8354E-03 5.4871E-03 8.6982E-03 1.1024E-02 1.7519E-02 2.4972E-02 0.0000E+00 1.4384E-02 8.4395E-03 4.8920E-03 3.6840E-03 1.8808E-03 3.7302E-04 1.7373E-04 0.0000E+00
 0.0000E+00 2.4820E-05 2.6488E-04 4.2279E-04 8.8219E-04 1.0938E-03 3.0306E-03 3.2241E-03 5.1840E-03 5.7575E-03 5.0005E-03 5.6797E-03 8.0356E-03 1.1381E-02 1.8159E-02 2.6989E-02 0.0000E+00 1.4047E-02 8.4757E-03 5.0116E-03 3.9320E-03 1.7045E-03 3.8130E-04 1.2410E-04 0.0000E+00
 0.0000E+00 4.9640E-05 3.1454E-04 3.5647E-04 1.0070E-03 1.1022E-03 2.9623E-03 2.7821E-03 5.8560E-03 5.5992E-03 5.6992E-03 5.1983E-03 8.4774E-03 1.1155E-02 1.6965E-02 2.4646E-02 0.0000E+00 1.5327E-02 8.9828E-03 4.6330E-03 3.7549E-03 1.9480E-03 3.3986E-04 1.1582E-04 0.0000E+00
 0.0000E+00 8.2733E-05 2.1521E-04 4.2279E-04 1.1984E-03 1.2536E-03 3.2953E-03 2.7821E-03 5.4546E-03 5.7575E-03 5.2183E-03 4.9384E-03 8.0251E-03 1.0584E-02 1.7690E-02 2.5156E-02 0.0000E+00 1.3979E-02 8.9104E-03 5.2009E-03 3.4980E-03 1.9312E-03 3.0670E-04 1.3237E-04 0.0000E+00
 0.0000E+00 5.7913E-05 2.3177E-04 4.3108E-04 8.1561E-04 9.8438E-04 3.1075E-03 2.6174E-03 5.5767E-03 5.1334E-03 5.3453E-03 5.6700E-03 8.5720E-03 1.0335E-02 1.8685E-02 2.5033E-02 0.0000E+00 1.3070E-02 9.5986E-03 4.8024E-03 3.8080E-03 1.8137E-03 3.5644E-04 1.5719E-04 0.0000E+00
 0.0000E+00 3.3093E-05 2.8143E-04 4.1450E-04 9.3212E-04 9.0024E-04 3.1843E-03 2.6867E-03 5.3586E-03 5.5289E-03 4.8371E-03 5.2946E-03 8.1408E-03 1.0941E-02 1.7903E-02 2.6133E-02 0.0000E+00 1.3407E-02 9.1156E-03 4.8920E-03 3.6574E-03 1.6457E-03 3.2328E-04 1.5719E-04 0.0000E+00
 0.0000E+00 1.1583E-04 3.8904E-04 5.7201E-04 9.9870E-04 1.1611E-03 3.1587E-03 2.7561E-03 4.9658E-03 5.5992E-03 5.2364E-03 5.2272E-03 8.9507E-03 1.0727E-02 1.6581E-02 2.5746E-02 0.0000E+00 1.3592E-02 9.3692E-03 4.6629E-03 3.8611E-03 1.9564E-03 3.5644E-04 1.3237E-04 0.0000E+00
 0.0000E+00 6.6187E-05 2.8971E-04 4.3108E-04 9.2380E-04 1.0433E-03 3.8843E-03 2.6694E-03 4.9658E-03 5.4322E-03 5.2183E-03 4.8999E-03 7.8568E-03 1.0120E-02 1.7605E-02 2.3363E-02 0.0000E+00 1.3255E-02 8.2463E-03 4.7326E-03 3.9231E-03 1.6961E-03 4.3933E-04 1.7373E-04 0.0000E+00
 0.0000E+00 5.7913E-05 2.2349E-04 3.2331E-04 1.0570E-03 1.1442E-03 3.2868E-03 2.5134E-03 5.5942E-03 5.5113E-03 5.3635E-03 4.8422E-03 7.6359E-03 1.0656E-02 1.7420E-02 2.6643E-02 0.0000E+00 1.3929E-02 8.7051E-03 5.2208E-03 3.1969E-03 2.1075E-03 4.5591E-04 1.3237E-04 0.0000E+00
 0.0000E+00 6.6187E-05 2.1521E-04 4.9740E-04 9.9038E-04 9.1707E-04 3.0392E-03 2.6174E-03 5.2276E-03 5.5377E-03 5.7446E-03 5.4968E-03 8.4143E-03 1.0216E-02 1.7377E-02 2.6215E-02 0.0000E+00 1.3777E-02 8.5844E-03 4.8024E-03 3.7194E-03 1.7297E-03 3.8130E-04 8.2730E-05 0.0000E+00
 0.0000E+00 4.9640E-05 3.3937E-04 5.1398E-04 9.4877E-04 1.3125E-03 3.2611E-03 2.7387E-03 5.4022E-03 5.1422E-03 5.6539E-03 5.3909E-03 8.0461E-03 1.0263E-02 1.7548E-02 2.4443E-02 0.0000E+00 1.4518E-02 8.8500E-03 5.1212E-03 3.7371E-03 1.8472E-03 3.4815E-04 1.2410E-04 0.0000E+00
 0.0000E+00 1.0755E-04 1.5727E-04 3.9792E-04 9.4877E-04 1.2536E-03 2.9026E-03 2.4007E-03 5.3498E-03 5.5817E-03 5.5450E-03 5.1887E-03 8.1724E-03 1.1690E-02 1.8159E-02 2.5054E-02 0.0000E+00 1.3777E-02 8.7776E-03 5.2308E-03 3.4803E-03 1.8137E-03 2.6526E-04 1.0755E-04 0.0000E+00
 0.0000E+00 4.9640E-05 1.4072E-04 3.0673E-04 1.0237E-03 9.5072E-04 3.5770E-03 2.6694E-03 5.1316E-03 5.8541E-03 5.2636E-03 5.1406E-03 8.3512E-03 9.8826E-03 1.8003E-02 2.6256E-02 0.0000E+00 1.3255E-02 8.9466E-03 4.7525E-03 3.6397E-03 1.9396E-03 3.3157E-04 1.4891E-04 0.0000E+00
 0.0000E+00 4.1367E-05 3.6420E-04 5.3885E-04 9.4045E-04 1.1358E-03 2.9538E-03 2.9034E-03 5.1578E-03 5.5113E-03 5.0640E-03 4.4667E-03 8.2355E-03 1.1203E-02 1.7022E-02 2.5400E-02 0.0000E+00 1.3878E-02 8.7776E-03 4.6728E-03 3.5866E-03 2.0572E-03 3.0670E-04 1.5719E-04 0.0000E+00
 0.0000E+00 2.4820E-05 1.9038E-04 4.2279E-04 1.0486E-03 1.0264E-03 2.9282E-03 2.6607E-03 4.9047E-03 5.5904E-03 5.5903E-03 5.0828E-03 8.2144E-03 1.0596E-02 1.7789E-02 2.5828E-02 0.0000E+00 1.3963E-02 8.2705E-03 4.2942E-03 3.6043E-03 1.4946E-03 3.2328E-04 1.3237E-04 0.0000E+00
 0.0000E+00 6.6187E-05 2.3177E-04 4.8082E-04 6.5748E-04 1.0601E-03 2.9965E-03 2.4701E-03 4.8611E-03 5.3004E-03 5.2092E-03 5.1791E-03 7.8568E-03 1.0311E-02 1.7534E-02 2.5685E-02 0.0000E+00 1.3205E-02 8.9707E-03 5.5197E-03 3.0818E-03 1.7969E-03 4.7249E-04 9.9276E-05 0.0000E+00
 0.0000E+00 9.9280E-05 2.1521E-04 4.3108E-04 1.0653E-03 8.8341E-04 3.3721E-03 2.6261E-03 5.3324E-03 5.3180E-03 5.4542E-03 4.9962E-03 7.3625E-03 1.0763E-02 1.7789E-02 2.5543E-02 0.0000E+00 1.4973E-02 8.9587E-03 4.6629E-03 3.6752E-03 1.4190E-03 4.1446E-04 9.1003E-05 0.0000E+00
 0.0000E+00 2.4820E-05 2.6488E-04 4.2279E-04 9.9870E-04 1.3546E-03 2.7489E-03 2.5221E-03 5.3149E-03 5.3707E-03 5.1184E-03 5.2272E-03 8.0041E-03 1.0489E-02 1.7448E-02 2.4382E-02 0.0000E+00 1.3609E-02 9.1398E-03 4.6728E-03 3.6043E-03 1.7801E-03 1.9894E-04 1.6546E-04 0.0000E+00
 0.0000E+00 9.9280E-05 2.8143E-04 3.8963E-04 1.0653E-03 8.6659E-04 3.1928E-03 2.7474E-03 5.1927E-03 5.4410E-03 5.3635E-03 5.1117E-03 8.8771E-03 1.0406E-02 1.7818E-02 2.4606E-02 0.0000E+00 1.3811E-02 8.8500E-03 4.9119E-03 3.7460E-03 1.7549E-03 2.6526E-04 1.1582E-04 0.0000E+00
 0.0000E+00 1.2410E-04 3.1454E-04 3.5647E-04 1.0570E-03 1.0685E-03 2.7318E-03 2.8081E-03 5.2538E-03 5.4498E-03 5.4905E-03 5.1598E-03 7.8358E-03 1.0560E-02 1.7818E-02 2.5319E-02 0.0000E+00 1.3424E-02 8.2101E-03 4.9917E-03 3.7371E-03 1.7129E-03 3.8130E-04 7.4457E-05 0.0000E+00
 0.0000E+00 4.1367E-05 4.0559E-04 4.6424E-04 9.9870E-04 1.0685E-03 3.0306E-03 2.8081E-03 5.3673E-03 5.3531E-03 4.5739E-03 5.2561E-03 7.7411E-03 1.0703E-02 1.8429E-02 2.4524E-02 0.0000E+00 1.3154E-02 7.9807E-03 4.7426E-03 3.6043E-03 1.7801E-03 3.1499E-04 6.6184E-05 0.0000E+00
 0.0000E+00 1.6547E-05 4.7181E-04 4.7253E-04 1.0153E-03 7.8245E-04 2.9538E-03 2.6347E-03 4.7476E-03 5.0543E-03 5.0549E-03 5.0636E-03 8.0251E-03 1.0691E-02 1.6993E-02 2.5258E-02 0.0000E+00 1.3592E-02 8.2101E-03 4.8223E-03 3.6486E-03 1.8305E-03 3.3157E-04 1.2410E-04 0.0000E+00
 0.0000E+00 3.3093E-05 2.1521E-04 3.0673E-04 8.9051E-04 1.0349E-03 3.0904E-03 2.5741E-03 4.9484E-03 4.7993E-03 5.3181E-03 4.6400E-03 7.7622E-03 9.8112E-03 1.7107E-02 2.5441E-02 0.0000E+00 1.3508E-02 8.9225E-03 4.9119E-03 3.7460E-03 1.7633E-03 3.1499E-04 1.2410E-04 0.0000E+00
 0.0000E+00 6.6187E-05 2.4004E-04 4.6424E-04 1.1152E-03 1.0012E-03 3.0648E-03 2.5567E-03 5.6553E-03 5.2916E-03 5.1910E-03 4.9673E-03 7.5097E-03 1.1119E-02 1.6751E-02 2.5013E-02 0.0000E+00 1.4350E-02 8.8500E-03 5.1112E-03 3.6840E-03 1.7381E-03 2.6526E-04 1.3237E-04 0.0000E+00
 0.0000E+00 5.7913E-05 3.3109E-04 4.7253E-04 9.2380E-04 8.6659E-04 2.8684E-03 2.4527E-03 5.1404E-03 5.4938E-03 5.0731E-03 5.0251E-03 7.4782E-03 1.0596E-02 1.8003E-02 2.5339E-02 0.0000E+00 1.3963E-02 8.7051E-03 5.0614E-03 3.4626E-03 1.8137E-03 3.9788E-04 9.1003E-05 0.0000E+00
 0.0000E+00 2.4820E-05 2.0693E-04 4.5595E-04 8.4890E-04 1.1695E-03 2.9197E-03 2.5221E-03 5.3149E-03 5.0630E-03 5.2909E-03 4.8710E-03 8.3301E-03 9.6566E-03 1.8102E-02 2.5339E-02 0.0000E+00 1.4114E-02 8.3912E-03 4.6429E-03 3.4095E-03 1.8892E-03 3.6473E-04 1.5719E-04 0.0000E+00
 0.0000E+00 4.1367E-05 1.7382E-04 4.4766E-04 9.8206E-04 9.5914E-04 3.0648E-03 2.5394E-03 5.3673E-03 4.9488E-03 5.1094E-03 5.1695E-03 7.8358E-03 1.1571E-02 1.8060E-02 2.5013E-02 0.0000E+00 1.3491E-02 9.2484E-03 4.8522E-03 3.6043E-03 2.0823E-03 4.3104E-04 1.4891E-04 0.0000E+00
 0.0000E+00 4.9640E-05 2.1521E-04 4.6424E-04 1.0653E-03 1.0769E-03 3.0904E-03 2.4267E-03 5.4895E-03 5.0982E-03 5.0186E-03 4.9866E-03 8.3512E-03 1.0929E-02 1.6524E-02 2.3811E-02 0.0000E+00 1.4586E-02 8.6810E-03 4.2045E-03 3.7637E-03 1.7213E-03 3.0670E-04 9.9276E-05 0.0000E+00
 0.0000E+00 4.9640E-05 1.4899E-04 4.8082E-04 8.3225E-04 1.1274E-03 2.9709E-03 2.7214E-03 4.6866E-03 5.1070E-03 5.4451E-03 4.6400E-03 7.8989E-03 1.0216E-02 1.7676E-02 2.4972E-02 0.0000E+00 1.4737E-02 9.1519E-03 4.9020E-03 4.0028E-03 1.7213E-03 3.6473E-04 1.6546E-04 0.0000E+00
 0.0000E+00 4.9640E-05 2.5660E-04 2.9015E-04 1.0403E-03 1.1779E-03 3.2526E-03 2.9034E-03 5.0444E-03 4.8697E-03 5.5631E-03 5.3716E-03 8.2355E-03 1.0691E-02 1.6922E-02 2.4015E-02 0.0000E+00 1.3912E-02 8.2222E-03 5.4201E-03 3.2855E-03 1.7717E-03 3.4815E-04 7.4457E-05 0.0000E+00
 0.0000E+00 3.3093E-05 1.9038E-04 3.4818E-04 9.6541E-04 1.3462E-03 2.9111E-03 2.4267E-03 5.1753E-03 5.3531E-03 5.0186E-03 4.7363E-03 7.3835E-03 1.0120E-02 1.6965E-02 2.5787E-02 0.0000E+00 1.4182E-02 9.4416E-03 4.7127E-03 3.6397E-03 1.5702E-03 3.4815E-04 1.4064E-04 0.0000E+00
 0.0000E+00 6.6187E-05 3.0626E-04 4.3937E-04 1.1402E-03 1.2704E-03 2.9709E-03 2.5654E-03 4.7127E-03 5.1158E-03 5.4905E-03 5.1887E-03 7.3520E-03 1.0239E-02 1.8102E-02 2.5359E-02 0.0000E+00 1.2851E-02 8.8259E-03 4.2344E-03 3.5069E-03 1.6289E-03 3.6473E-04 1.9028E-04 0.0000E+00
 0.0000E+00 4.1367E-05 2.1521E-04 2.7357E-04 1.1235E-03 1.1695E-03 3.0989E-03 2.2101E-03 5.0531E-03 4.8960E-03 4.8280E-03 4.9192E-03 7.7411E-03 1.0489E-02 1.7249E-02 2.6663E-02 0.0000E+00 1.4182E-02 8.2946E-03 4.5333E-03 3.4980E-03 1.5953E-03 3.3986E-04 9.1003E-05 0.0000E+00
 0.0000E+00 2.4820E-05 1.5727E-04 5.4714E-04 1.0570E-03 1.2620E-03 3.5002E-03 2.8861E-03 5.1229E-03 5.5289E-03 4.9642E-03 4.8133E-03 7.7306E-03 1.0715E-02 1.8145E-02 2.5176E-02 0.0000E+00 1.3339E-02 8.8500E-03 4.5234E-03 3.3386E-03 1.3854E-03 3.3157E-04 2.3165E-04 0.0000E+00
 0.0000E+00 4.1367E-05 2.8143E-04 5.4714E-04 8.5722E-04 1.0433E-03 3.2014E-03 2.2881E-03 5.1666E-03 5.4234E-03 5.4724E-03 4.9866E-03 7.8253E-03 1.0644E-02 1.6495E-02 2.5176E-02 0.0000E+00 1.2767E-02 8.3067E-03 4.9020E-03 3.3563E-03 1.8305E-03 3.8130E-04 1.0755E-04 0.0000E+00
 0.0000E+00 4.1367E-05 1.6555E-04 4.4766E-04 9.5709E-04 1.0601E-03 2.8514E-03 2.4787E-03 4.4596E-03 4.5093E-03 5.3090E-03 4.6400E-03 7.6465E-03 1.0893E-02 1.6723E-02 2.3424E-02 0.0000E+00 1.3744E-02 8.0411E-03 4.6828E-03 3.7991E-03 1.7717E-03 2.3210E-04 1.2410E-04 0.0000E+00
 0.0000E+00 3.3093E-05 1.9866E-04 4.0621E-04 1.0320E-03 1.0264E-03 2.7831E-03 2.3747E-03 5.0182E-03 5.2037E-03 4.8916E-03 5.1117E-03 8.5510E-03 1.0917E-02 1.8159E-02 2.5319E-02 0.0000E+00 1.2784E-02 8.5482E-03 4.8024E-03 3.7637E-03 1.4946E-03 4.5591E-04 4.1365E-05 0.0000E+00
 0.0000E+00 7.4460E-05 2.2349E-04 4.6424E-04 8.9051E-04 9.8438E-04 3.1843E-03 2.5914E-03 5.1316E-03 5.2476E-03 4.6465E-03 5.1117E-03 8.0041E-03 9.9658E-03 1.8458E-02 2.4178E-02 0.0000E+00 1.3811E-02 8.0894E-03 4.5632E-03 3.6397E-03 1.7549E-03 3.8130E-04 1.3237E-04 0.0000E+00
 0.0000E+00 3.3093E-05 2.5660E-04 4.5595E-04 9.8206E-04 9.3390E-04 3.2697E-03 2.5134E-03 4.7127E-03 5.1597E-03 5.3725E-03 5.2368E-03 8.3406E-03 1.0679E-02 1.7164E-02 2.6215E-02 0.0000E+00 1.4198E-02 8.3791E-03 4.9219E-03 3.8434E-03 1.4442E-03 3.9788E-04 1.2410E-04 0.0000E+00
 0.0000E+00 4.1367E-05 2.7315E-04 4.3937E-04 8.6554E-04 9.9279E-04 2.8172E-03 2.4267E-03 5.0531E-03 5.1246E-03 4.9823E-03 4.6785E-03 9.1926E-03 1.0025E-02 1.8188E-02 2.4015E-02 0.0000E+00 1.4451E-02 7.8962E-03 4.3341E-03 2.9578E-03 1.6205E-03 3.3986E-04 1.1582E-04 0.0000E+00
 0.0000E+00 5.7913E-05 2.6488E-04 3.6476E-04 1.0819E-03 8.4976E-04 2.8770E-03 2.4267E-03 4.8524E-03 4.8697E-03 4.8008E-03 4.6689E-03 7.8463E-03 9.7637E-03 1.8429E-02 2.5013E-02 0.0000E+00 1.3794E-02 7.8237E-03 4.6230E-03 2.8693E-03 1.5702E-03 2.9841E-04 1.5719E-04 0.0000E+00
 0.0000E+00 8.2733E-05 1.9866E-04 3.7305E-04 8.8219E-04 8.3293E-04 2.9197E-03 2.2794E-03 4.9571E-03 5.0367E-03 4.7645E-03 4.4090E-03 8.3196E-03 9.9539E-03 1.6794E-02 2.5033E-02 0.0000E+00 1.4636E-02 8.5965E-03 4.8522E-03 3.7460E-03 1.5618E-03 3.7302E-04 9.9276E-05 0.0000E+00
 0.0000E+00 9.1006E-05 2.4004E-04 3.4818E-04 9.7374E-04 1.1695E-03 3.1672E-03 2.2534E-03 4.6342E-03 4.9224E-03 5.1638E-03 5.3812E-03 7.6359E-03 1.0120E-02 1.7804E-02 2.5543E-02 0.0000E+00 1.3929E-02 7.9083E-03 4.5234E-03 3.4538E-03 1.6457E-03 2.4039E-04 1.6546E-04 0.0000E+00
 0.0000E+00 9.9280E-05 2.0693E-04 4.3937E-04 7.4903E-04 1.1947E-03 3.2526E-03 2.3401E-03 5.4022E-03 5.1597E-03 4.9188E-03 4.9384E-03 7.5623E-03 9.8945E-03 1.7676E-02 2.4932E-02 0.0000E+00 1.4299E-02 8.4516E-03 5.0215E-03 3.3918E-03 1.5702E-03 3.0670E-04 8.2730E-05 0.0000E+00
 0.0000E+00 6.6187E-05 2.6488E-04 2.9844E-04 8.3225E-04 8.3293E-04 2.9367E-03 2.3661E-03 5.2887E-03 4.9048E-03 5.0095E-03 5.2946E-03 8.0041E-03 1.1345E-02 1.7235E-02 2.4646E-02 0.0000E+00 1.3339E-02 7.7392E-03 4.5034E-03 3.6840E-03 1.7381E-03 2.9012E-04 9.9276E-05 0.0000E+00
 0.0000E+00 1.2410E-04 2.7315E-04 4.5595E-04 9.6541E-04 1.1106E-03 2.9367E-03 2.5654E-03 4.5906E-03 5.1422E-03 5.0549E-03 4.6592E-03 7.6991E-03 1.0335E-02 1.8003E-02 2.4259E-02 0.0000E+00 1.3087E-02 7.6426E-03 4.6529E-03 3.5866E-03 1.5702E-03 2.6526E-04 9.9276E-05 0.0000E+00
 0.0000E+00 2.4820E-05 2.4832E-04 4.1450E-04 7.4070E-04 9.5914E-04 3.1843E-03 2.2534E-03 4.4858E-03 4.8872E-03 4.9460E-03 5.5160E-03 7.2783E-03 1.0525E-02 1.7121E-02 2.4850E-02 0.0000E+00 1.3373E-02 8.4878E-03 4.5134E-03 3.7371E-03 1.4862E-03 3.0670E-04 1.8201E-04 0.0000E+00
 0.0000E+00 5.7913E-05 3.0626E-04 3.0673E-04 8.4058E-04 1.0012E-03 2.9623E-03 2.5654E-03 5.4633E-03 5.0718E-03 4.8462E-03 4.7170E-03 7.9830E-03 1.0299E-02 1.6638E-02 2.4565E-02 0.0000E+00 1.2750E-02 8.0411E-03 4.7924E-03 3.5600E-03 1.9312E-03 3.1499E-04 8.2730E-05 0.0000E+00
 0.0000E+00 6.6187E-05 2.4832E-04 4.0621E-04 8.1561E-04 8.5817E-04 3.2697E-03 2.2621E-03 4.7040E-03 5.4586E-03 5.3635E-03 4.8999E-03 7.9830E-03 1.0156E-02 1.7619E-02 2.3261E-02 0.0000E+00 1.3289E-02 8.0290E-03 4.4536E-03 3.4272E-03 1.6121E-03 2.6526E-04 1.4891E-04 0.0000E+00
 0.0000E+00 7.4460E-05 2.4832E-04 4.1450E-04 1.0237E-03 1.0180E-03 2.5099E-03 2.5047E-03 4.4771E-03 4.6411E-03 5.6539E-03 4.6689E-03 7.6149E-03 9.7756E-03 1.7534E-02 2.5298E-02 0.0000E+00 1.3306E-02 8.1739E-03 4.0950E-03 3.3298E-03 1.3267E-03 2.3210E-04 1.7373E-04 0.0000E+00
 0.0000E+00 7.4460E-05 1.8210E-04 3.9792E-04 8.9883E-04 8.4135E-04 2.8172E-03 2.2101E-03 5.1142E-03 5.0103E-03 5.1366E-03 4.6304E-03 7.8779E-03 1.0620E-02 1.5856E-02 2.4789E-02 0.0000E+00 1.4502E-02 8.8742E-03 4.4536E-03 3.4006E-03 1.5953E-03 3.7302E-04 5.7911E-05 0.0000E+00
 0.0000E+00 8.2733E-05 2.4004E-04 4.0621E-04 8.0728E-04 9.4231E-04 3.2099E-03 2.6954E-03 4.9833E-03 4.9839E-03 4.1928E-03 4.6015E-03 8.1829E-03 1.0239E-02 1.7235E-02 2.7437E-02 0.0000E+00 1.4266E-02 7.7513E-03 4.4636E-03 3.5335E-03 1.6541E-03 2.4039E-04 1.1582E-04 0.0000E+00
 0.0000E+00 7.4460E-05 2.3177E-04 4.3108E-04 8.3225E-04 9.6755E-04 2.9026E-03 2.2881E-03 4.7826E-03 4.9136E-03 4.4015E-03 5.1791E-03 7.4151E-03 1.0263E-02 1.6808E-02 2.4585E-02 0.0000E+00 1.2413E-02 8.1497E-03 4.0950E-03 3.3386E-03 1.5786E-03 4.3104E-04 5.7911E-05 0.0000E+00
 0.0000E+00 3.3093E-05 2.8143E-04 3.8134E-04 7.4070E-04 9.3390E-04 2.7148E-03 2.2794E-03 4.9135E-03 4.8345E-03 4.7282E-03 4.9769E-03 7.8884E-03 9.7756E-03 1.7292E-02 2.4422E-02 0.0000E+00 1.3053E-02 7.9203E-03 4.5333E-03 3.6840E-03 1.5198E-03 2.8183E-04 1.5719E-04 0.0000E+00
 0.0000E+00 5.7913E-05 2.4832E-04 3.3989E-04 9.6541E-04 9.4231E-04 2.9453E-03 2.2187E-03 4.8698E-03 5.0630E-03 4.6102E-03 4.5534E-03 7.2783E-03 1.0287E-02 1.6979E-02 2.6867E-02 0.0000E+00 1.2885E-02 7.6185E-03 4.2843E-03 3.2855E-03 1.4610E-03 2.5697E-04 1.7373E-04 0.0000E+00
 0.0000E+00 4.9640E-05 2.5660E-04 4.1450E-04 7.4903E-04 9.4231E-04 2.6123E-03 2.4007E-03 4.9047E-03 5.0191E-03 5.2001E-03 5.0828E-03 8.0672E-03 1.0132E-02 1.6154E-02 2.4728E-02 0.0000E+00 1.3996E-02 8.5723E-03 4.6928E-03 3.3386E-03 1.2763E-03 2.4039E-04 9.9276E-05 0.0000E+00
 0.0000E+00 9.1006E-05 2.8971E-04 3.5647E-04 9.9870E-04 1.0517E-03 3.1502E-03 2.2361E-03 4.5033E-03 5.1070E-03 5.0912E-03 4.3993E-03 7.7516E-03 1.0477E-02 1.7861E-02 2.4361E-02 0.0000E+00 1.2615E-02 8.4516E-03 3.9555E-03 3.4095E-03 1.4442E-03 2.2381E-04 8.2730E-05 0.0000E+00
 0.0000E+00 6.6187E-05 2.1521E-04 3.8963E-04 7.6567E-04 7.9087E-04 2.9794E-03 2.1494E-03 4.6429E-03 5.1949E-03 4.5285E-03 5.1983E-03 7.6044E-03 9.6091E-03 1.7221E-02 2.5319E-02 0.0000E+00 1.2413E-02 7.8479E-03 4.5533E-03 3.1349E-03 1.5786E-03 2.4868E-04 1.0755E-04 0.0000E+00
 0.0000E+00 8.2733E-05 1.0761E-04 4.3937E-04 5.7425E-04 9.6755E-04 2.6635E-03 2.3574E-03 4.5644E-03 5.1070E-03 4.4922E-03 4.8229E-03 7.8463E-03 9.6923E-03 1.7078E-02 2.6032E-02 0.0000E+00 1.4215E-02 7.8600E-03 4.0651E-03 3.3918E-03 1.4610E-03 3.1499E-04 1.4891E-04 0.0000E+00
 0.0000E+00 4.9640E-05 4.1387E-04 3.3989E-04 8.9883E-04 9.5072E-04 2.8684E-03 2.3661E-03 5.0095E-03 4.8081E-03 4.7826E-03 4.7459E-03 7.4782E-03 9.6447E-03 1.6567E-02 2.4871E-02 0.0000E+00 1.3407E-02 7.9807E-03 4.3640E-03 2.6036E-03 1.3518E-03 3.1499E-04 1.1582E-04 0.0000E+00
 0.0000E+00 3.3093E-05 2.5660E-04 4.8911E-04 8.7387E-04 1.1022E-03 3.0306E-03 2.5307E-03 5.1927E-03 4.9048E-03 4.7373E-03 4.5726E-03 7.7096E-03 9.9421E-03 1.6296E-02 2.3608E-02 0.0000E+00 1.3710E-02 8.0411E-03 4.5433E-03 3.3563E-03 1.6121E-03 3.8959E-04 1.4064E-04 0.0000E+00
 0.0000E+00 7.4460E-05 1.6555E-04 3.8134E-04 8.5722E-04 7.7404E-04 2.4587E-03 2.0367E-03 4.9746E-03 4.9400E-03 4.9279E-03 4.8325E-03 7.5939E-03 1.0430E-02 1.7292E-02 2.5054E-02 0.0000E+00 1.2346E-02 7.8600E-03 4.5533E-03 3.3121E-03 1.3099E-03 3.1499E-04 8.2730E-05 0.0000E+00
 0.0000E+00 1.6547E-05 3.1454E-04 3.4818E-04 9.9038E-04 9.6755E-04 3.0050E-03 2.4007E-03 4.6342E-03 4.5708E-03 4.9914E-03 5.2657E-03 8.0461E-03 1.0073E-02 1.6510E-02 2.7213E-02 0.0000E+00 1.3390E-02 8.5844E-03 4.1747E-03 3.4095E-03 1.5450E-03 3.7302E-04 9.9276E-05 0.0000E+00
 0.0000E+00 4.1367E-05 2.4832E-04 2.6528E-04 1.0153E-03 7.4039E-04 2.8001E-03 2.1234E-03 5.0618E-03 5.1685E-03 4.9369E-03 4.3993E-03 8.2355E-03 1.0513E-02 1.6709E-02 2.6011E-02 0.0000E+00 1.3205E-02 7.7030E-03 4.1348E-03 3.8257E-03 1.6709E-03 2.6526E-04 8.2730E-05 0.0000E+00
 0.0000E+00 6.6187E-05 1.8210E-04 4.2279E-04 6.6580E-04 6.9832E-04 2.7404E-03 2.2014E-03 4.0233E-03 4.6235E-03 5.0005E-03 5.3716E-03 7.8989E-03 1.0192E-02 1.6894E-02 2.4422E-02 0.0000E+00 1.3222E-02 7.9445E-03 4.4736E-03 3.4626E-03 1.3770E-03 2.6526E-04 1.4064E-04 0.0000E+00
 0.0000E+00 1.6547E-05 2.3177E-04 3.1502E-04 1.0819E-03 8.4135E-04 2.8940E-03 2.2881E-03 4.8698E-03 4.7730E-03 4.9551E-03 4.8229E-03 7.6570E-03 1.0465E-02 1.7406E-02 2.5013E-02 0.0000E+00 1.3626E-02 8.2825E-03 4.4636E-03 3.4892E-03 1.5450E-03 3.8130E-04 1.1582E-04 0.0000E+00
 0.0000E+00 3.3093E-05 2.0693E-04 3.8134E-04 6.3251E-04 9.2548E-04 2.7233E-03 2.3661E-03 4.6255E-03 4.5796E-03 5.3090E-03 5.0347E-03 7.6254E-03 1.0061E-02 1.7306E-02 2.5135E-02 0.0000E+00 1.1891E-02 7.5943E-03 4.6031E-03 3.2324E-03 1.5870E-03 3.3986E-04 9.1003E-05 0.0000E+00
 0.0000E+00 3.3093E-05 2.6488E-04 1.9067E-04 8.1561E-04 9.5072E-04 3.0989E-03 2.2794E-03 4.5644E-03 4.6323E-03 4.8189E-03 5.1887E-03 7.6885E-03 9.2523E-03 1.8714E-02 2.4097E-02 0.0000E+00 1.1958E-02 7.7513E-03 4.2743E-03 2.9755E-03 1.7465E-03 2.9012E-04 1.4064E-04 0.0000E+00
 0.0000E+00 1.6547E-05 2.8143E-04 4.2279E-04 9.2380E-04 9.1707E-04 2.7575E-03 2.1407E-03 4.7389E-03 5.1246E-03 5.2273E-03 4.9866E-03 7.1311E-03 9.9421E-03 1.6538E-02 2.4728E-02 0.0000E+00 1.3306E-02 7.8841E-03 4.0950E-03 3.2766E-03 1.6793E-03 3.3157E-04 9.9276E-05 0.0000E+00
 0.0000E+00 8.2733E-06 1.5727E-04 3.5647E-04 8.6554E-04 8.4976E-04 2.9026E-03 2.1234E-03 4.7127E-03 4.7378E-03 4.3561E-03 4.8807E-03 8.0356E-03 1.0346E-02 1.6012E-02 2.5258E-02 0.0000E+00 1.3205E-02 7.3408E-03 4.1049E-03 3.4183E-03 1.4610E-03 3.2328E-04 1.2410E-04 0.0000E+00
 0.0000E+00 4.9640E-05 1.8210E-04 4.7253E-04 8.6554E-04 9.0024E-04 2.9367E-03 2.4094E-03 4.5906E-03 4.8345E-03 4.6284E-03 4.9192E-03 7.8779E-03 9.9302E-03 1.7519E-02 2.6093E-02 0.0000E+00 1.3390E-02 8.7534E-03 4.0551E-03 3.1615E-03 1.5030E-03 2.9841E-04 6.6184E-05 0.0000E+00
 0.0000E+00 9.1006E-05 2.8971E-04 5.6372E-04 8.7387E-04 9.8438E-04 2.9111E-03 1.9414E-03 4.3026E-03 5.1773E-03 4.4559E-03 4.9095E-03 8.3512E-03 9.6923E-03 1.7263E-02 2.4422E-02 0.0000E+00 1.2851E-02 7.7392E-03 4.3241E-03 3.1261E-03 1.4442E-03 3.2328E-04 1.5719E-04 0.0000E+00
 0.0000E+00 4.1367E-05 3.3109E-04 5.3885E-04 1.0070E-03 7.0673E-04 2.6892E-03 2.0887E-03 4.9309E-03 5.0455E-03 4.8189E-03 4.8518E-03 7.3730E-03 1.0251E-02 1.7619E-02 2.4850E-02 0.0000E+00 1.4502E-02 8.0531E-03 4.3640E-03 3.2766E-03 1.2763E-03 3.1499E-04 8.2730E-05 0.0000E+00
 0.0000E+00 1.5719E-04 2.1521E-04 2.9015E-04 7.7399E-04 8.4135E-04 2.7831E-03 1.9674E-03 4.4771E-03 5.0103E-03 4.8825E-03 4.7170E-03 7.0259E-03 9.4782E-03 1.6410E-02 2.5645E-02 0.0000E+00 1.3137E-02 8.4516E-03 3.7562E-03 3.1881E-03 1.4778E-03 3.3986E-04 1.0755E-04 0.0000E+00
 0.0000E+00 6.6187E-05 1.6555E-04 2.7357E-04 6.8245E-04 9.7596E-04 2.4160E-03 2.2881E-03 4.5382E-03 4.3950E-03 4.7826E-03 4.2261E-03 7.7622E-03 9.5020E-03 1.8586E-02 2.6052E-02 0.0000E+00 1.2733E-02 7.9807E-03 4.5034E-03 3.1969E-03 1.3770E-03 3.0670E-04 1.1582E-04 0.0000E+00
 0.0000E+00 1.1583E-04 2.1521E-04 2.5699E-04 9.7374E-04 8.7500E-04 2.8684E-03 2.0801E-03 4.8436E-03 4.7554E-03 4.7554E-03 4.2742E-03 7.3835E-03 9.3950E-03 1.6751E-02 2.4585E-02 0.0000E+00 1.3238E-02 7.2201E-03 4.3739E-03 2.9933E-03 1.4610E-03 3.2328E-04 9.1003E-05 0.0000E+00
 0.0000E+00 5.7913E-05 1.4072E-04 3.7305E-04 7.7399E-04 1.0517E-03 2.7916E-03 2.0281E-03 4.6778E-03 4.6851E-03 4.3652E-03 4.5726E-03 7.7727E-03 9.9896E-03 1.8074E-02 2.5848E-02 0.0000E+00 1.3205E-02 7.3167E-03 4.0950E-03 3.3386E-03 1.6037E-03 3.1499E-04 7.4457E-05 0.0000E+00
 0.0000E+00 6.6187E-05 1.5727E-04 3.8963E-04 8.8219E-04 9.3390E-04 2.6892E-03 2.0801E-03 4.6342E-03 4.7027E-03 4.3924E-03 4.1105E-03 8.2881E-03 8.6577E-03 1.6652E-02 2.5787E-02 0.0000E+00 1.3306E-02 7.7875E-03 3.9754E-03 2.7719E-03 1.4022E-03 2.9012E-04 1.4891E-04 0.0000E+00
 0.0000E+00 8.2733E-05 2.2349E-04 2.7357E-04 9.2380E-04 9.4231E-04 2.8001E-03 2.1754E-03 4.6778E-03 4.8081E-03 4.9279E-03 4.7940E-03 7.6675E-03 9.5615E-03 1.6325E-02 2.4158E-02 0.0000E+00 1.3188E-02 7.4495E-03 4.4038E-03 3.0641E-03 1.5030E-03 2.9012E-04 1.4064E-04 0.0000E+00
 0.0000E+00 9.1006E-05 2.1521E-04 4.6424E-04 7.5735E-04 7.3197E-04 2.9111E-03 2.4267E-03 4.4247E-03 5.0367E-03 4.6102E-03 4.7555E-03 7.5623E-03 1.0168E-02 1.7590E-02 2.6093E-02 0.0000E+00 1.3777E-02 6.9424E-03 4.8123E-03 3.2501E-03 1.2259E-03 2.8183E-04 1.0755E-04 0.0000E+00
 0.0000E+00 4.9640E-05 1.7382E-04 3.8134E-04 9.1548E-04 7.9087E-04 2.4501E-03 2.3227E-03 4.6953E-03 4.6323E-03 4.4106E-03 4.4475E-03 7.4046E-03 1.0691E-02 1.6382E-02 2.3282E-02 0.0000E+00 1.3137E-02 7.8479E-03 4.0152E-03 3.3652E-03 1.5030E-03 2.9841E-04 1.2410E-04 0.0000E+00
 0.0000E+00 1.1583E-04 1.3244E-04 2.9015E-04 1.0320E-03 7.7404E-04 3.1416E-03 2.0887E-03 4.8349E-03 4.0434E-03 4.9097E-03 5.0347E-03 7.3625E-03 1.0025E-02 1.7377E-02 2.4361E-02 0.0000E+00 1.4080E-02 8.1497E-03 4.4038E-03 3.2147E-03 1.4526E-03 4.2275E-04 6.6184E-05 0.0000E+00
 0.0000E+00 4.1367E-05 3.0626E-04 2.3212E-04 7.8232E-04 8.6659E-04 2.8684E-03 2.2534E-03 4.4073E-03 4.5620E-03 4.4196E-03 4.2742E-03 7.2258E-03 9.4069E-03 1.6495E-02 2.4952E-02 0.0000E+00 1.3845E-02 7.2804E-03 4.0352E-03 3.3563E-03 1.5282E-03 1.3263E-04 1.1582E-04 0.0000E+00
 0.0000E+00 6.6187E-05 1.5727E-04 3.6476E-04 9.0716E-04 9.5914E-04 2.7148E-03 1.9674E-03 4.9571E-03 4.9224E-03 4.6556E-03 4.3319E-03 7.9830E-03 9.5377E-03 1.7036E-02 2.5380E-02 0.0000E+00 1.3491E-02 7.7272E-03 4.1049E-03 3.3741E-03 1.5702E-03 3.5644E-04 9.1003E-05 0.0000E+00
 0.0000E+00 6.6187E-05 2.5660E-04 3.3160E-04 7.6567E-04 8.0769E-04 2.9026E-03 1.9501E-03 4.6080E-03 4.8169E-03 4.8371E-03 4.5341E-03 7.0995E-03 9.9302E-03 1.7505E-02 2.4993E-02 0.0000E+00 1.2868E-02 7.8841E-03 4.7027E-03 3.1704E-03 1.7801E-03 2.9012E-04 1.0755E-04 0.0000E+00
 0.0000E+00 4.1367E-05 1.7382E-04 4.3108E-04 8.7387E-04 1.1274E-03 2.6892E-03 2.0194E-03 5.0356E-03 5.0543E-03 4.8734E-03 4.6785E-03 7.6885E-03 9.8707E-03 1.7150E-02 2.5237E-02 0.0000E+00 1.3710E-02 7.6668E-03 4.0252E-03 3.3475E-03 1.3015E-03 3.0670E-04 1.0755E-04 0.0000E+00
 0.0000E+00 3.3093E-05 2.0693E-04 2.4041E-04 8.8219E-04 8.4976E-04 2.7745E-03 2.1147E-03 4.5731E-03 4.2632E-03 4.1565E-03 4.6400E-03 7.3940E-03 9.6923E-03 1.6595E-02 2.5421E-02 0.0000E+00 1.2817E-02 7.2321E-03 4.4138E-03 3.1881E-03 1.5702E-03 2.5697E-04 1.9855E-04 0.0000E+00
 0.0000E+00 3.3093E-05 2.9798E-04 2.8186E-04 8.3225E-04 8.4135E-04 2.6294E-03 1.8894E-03 4.6604E-03 4.9136E-03 4.4741E-03 4.3416E-03 8.0041E-03 9.5972E-03 1.6382E-02 2.5746E-02 0.0000E+00 1.2531E-02 7.2201E-03 3.9156E-03 2.5947E-03 1.7465E-03 4.7249E-04 1.2410E-04 0.0000E+00
 0.0000E+00 5.7913E-05 2.0693E-04 3.3989E-04 9.5709E-04 8.8341E-04 2.6550E-03 2.2621E-03 4.3724E-03 4.9400E-03 4.3833E-03 4.6978E-03 7.6675E-03 9.7756E-03 1.5671E-02 2.4769E-02 0.0000E+00 1.3019E-02 7.9083E-03 4.4636E-03 3.2058E-03 1.4862E-03 2.1552E-04 1.3237E-04 0.0000E+00
 0.0000E+00 4.1367E-05 3.1454E-04 4.8911E-04 8.9883E-04 1.0769E-03 2.7575E-03 2.1754E-03 4.8436E-03 4.9488E-03 4.5376E-03 4.2646E-03 7.3730E-03 9.7042E-03 1.7263E-02 2.4687E-02 0.0000E+00 1.2885E-02 7.8720E-03 3.6765E-03 3.1615E-03 1.2931E-03 2.1552E-04 1.4064E-04 0.0000E+00
 0.0000E+00 3.3093E-05 1.9866E-04 4.1450E-04 6.4916E-04 9.1707E-04 2.7489E-03 2.2014E-03 4.7826E-03 5.0279E-03 4.3380E-03 4.3705E-03 7.2152E-03 9.1096E-03 1.6353E-02 2.6480E-02 0.0000E+00 1.2817E-02 7.8841E-03 3.7861E-03 3.0641E-03 1.1923E-03 2.1552E-04 5.7911E-05 0.0000E+00
 0.0000E+00 1.1583E-04 3.5593E-04 3.8963E-04 8.9883E-04 1.0517E-03 2.4160E-03 2.6521E-03 5.1840E-03 4.9664E-03 4.4741E-03 4.3223E-03 7.4782E-03 1.0418E-02 1.7022E-02 2.3628E-02 0.0000E+00 1.2784E-02 7.3408E-03 4.1348E-03 3.2058E-03 1.5030E-03 2.4868E-04 9.1003E-05 0.0000E+00
 0.0000E+00 1.1583E-04 2.0693E-04 3.3160E-04 7.3238E-04 7.9087E-04 2.6038E-03 2.4441E-03 4.6778E-03 4.4829E-03 4.7010E-03 4.1875E-03 7.1101E-03 8.9788E-03 1.8088E-02 2.4158E-02 0.0000E+00 1.3626E-02 8.0169E-03 4.1348E-03 3.2058E-03 1.2175E-03 3.3157E-04 5.7911E-05 0.0000E+00
 0.0000E+00 9.1006E-05 1.4072E-04 4.3937E-04 9.9870E-04 9.4231E-04 3.0477E-03 2.0801E-03 4.2153E-03 4.6235E-03 4.1746E-03 4.3608E-03 7.3730E-03 1.0192E-02 1.6325E-02 2.5359E-02 0.0000E+00 1.2278E-02 8.4274E-03 4.2444E-03 2.7542E-03 1.5114E-03 2.9012E-04 8.2730E-05 0.0000E+00
 0.0000E+00 4.9640E-05 2.3177E-04 3.8134E-04 7.4070E-04 9.4231E-04 2.6465E-03 2.3314E-03 4.4073E-03 4.5884E-03 4.1746E-03 4.4667E-03 6.9523E-03 9.8231E-03 1.6922E-02 2.4524E-02 0.0000E+00 1.2851E-02 7.8237E-03 4.7226E-03 3.1792E-03 1.5282E-03 2.6526E-04 5.7911E-05 0.0000E+00
 0.0000E+00 6.6187E-05 2.6488E-04 3.3989E-04 7.6567E-04 1.1190E-03 2.8087E-03 2.5481E-03 4.4247E-03 4.6587E-03 4.4287E-03 4.4571E-03 6.1740E-03 9.4545E-03 1.6680E-02 2.4667E-02 0.0000E+00 1.2683E-02 7.6426E-03 4.0352E-03 3.3475E-03 1.4358E-03 2.1552E-04 9.9276E-05 0.0000E+00
 0.0000E+00 7.4460E-05 2.8971E-04 2.8186E-04 8.9051E-04 7.5721E-04 2.9880E-03 1.8807E-03 4.0495E-03 4.8081E-03 4.4196E-03 4.4763E-03 6.9207E-03 9.9421E-03 1.6538E-02 2.5054E-02 0.0000E+00 1.2177E-02 7.8237E-03 3.8259E-03 3.2501E-03 1.2595E-03 2.1552E-04 1.1582E-04 0.0000E+00
 0.0000E+00 3.3093E-05 2.2349E-04 3.1502E-04 8.4890E-04 9.9279E-04 2.8940E-03 1.9154E-03 4.5993E-03 4.5005E-03 4.1746E-03 4.5919E-03 7.0995E-03 9.8945E-03 1.6709E-02 2.3343E-02 0.0000E+00 1.3356E-02 7.7755E-03 3.6964E-03 2.9136E-03 1.6205E-03 2.6526E-04 1.2410E-04 0.0000E+00
 0.0000E+00 4.1367E-05 3.3937E-04 3.3989E-04 7.8232E-04 8.4976E-04 2.9623E-03 1.9501E-03 4.1018E-03 4.3423E-03 4.4922E-03 4.2068E-03 7.1311E-03 8.8242E-03 1.6268E-02 2.4789E-02 0.0000E+00 1.2363E-02 7.3167E-03 4.2145E-03 2.6922E-03 1.1000E-03 3.8959E-04 1.3237E-04 0.0000E+00
 0.0000E+00 3.3093E-05 1.9866E-04 3.4818E-04 7.9896E-04 8.1611E-04 2.5440E-03 2.3661E-03 4.2502E-03 4.8081E-03 4.4832E-03 4.3608E-03 7.2994E-03 9.5972E-03 1.5912E-02 2.4728E-02 0.0000E+00 1.1891E-02 8.4033E-03 3.8160E-03 2.8161E-03 1.5870E-03 2.9012E-04 1.2410E-04 0.0000E+00
 0.0000E+00 6.6187E-05 3.0626E-04 3.2331E-04 7.9064E-04 7.9087E-04 2.4074E-03 2.2187E-03 4.9222E-03 5.0543E-03 4.4559E-03 4.1972E-03 6.6893E-03 8.9669E-03 1.6879E-02 2.4993E-02 0.0000E+00 1.2160E-02 7.4736E-03 3.9056E-03 2.9755E-03 1.4610E-03 3.2328E-04 1.2410E-04 0.0000E+00
 0.0000E+00 1.0755E-04 2.1521E-04 3.2331E-04 8.0728E-04 7.9928E-04 2.5526E-03 2.0801E-03 5.0182E-03 4.7642E-03 4.5739E-03 4.4186E-03 7.8042E-03 9.0026E-03 1.7704E-02 2.5217E-02 0.0000E+00 1.3255E-02 8.2343E-03 3.6067E-03 3.0730E-03 1.4778E-03 3.6473E-04 1.8201E-04 0.0000E+00
 0.0000E+00 8.2733E-05 2.4832E-04 3.2331E-04 9.7374E-04 1.0517E-03 2.6209E-03 2.3401E-03 4.8349E-03 4.2544E-03 4.6193E-03 4.4763E-03 7.2994E-03 8.7528E-03 1.5699E-02 2.2854E-02 0.0000E+00 1.3019E-02 8.2946E-03 4.1946E-03 2.8604E-03 1.4106E-03 2.9012E-04 1.4064E-04 0.0000E+00
 0.0000E+00 8.2733E-06 1.4899E-04 2.9015E-04 7.0741E-04 7.7404E-04 2.6379E-03 2.4527E-03 4.3026E-03 4.5444E-03 4.6737E-03 4.3897E-03 7.3625E-03 8.8836E-03 1.6808E-02 2.6683E-02 0.0000E+00 1.2733E-02 8.3429E-03 3.4872E-03 2.8693E-03 1.5786E-03 3.5644E-04 9.1003E-05 0.0000E+00
 0.0000E+00 5.7913E-05 2.3177E-04 3.3989E-04 9.3212E-04 9.1707E-04 2.7745E-03 2.1234E-03 4.8524E-03 4.5884E-03 4.8189E-03 4.4571E-03 7.1206E-03 9.1215E-03 1.6069E-02 2.3710E-02 0.0000E+00 1.1992E-02 7.5461E-03 4.0551E-03 2.8693E-03 1.2259E-03 2.4868E-04 1.4891E-04 0.0000E+00
 0.0000E+00 3.3093E-05 2.4004E-04 3.2331E-04 7.3238E-04 7.7404E-04 2.9880E-03 1.9847E-03 5.0706E-03 5.0103E-03 4.6193E-03 4.5052E-03 6.9523E-03 9.7993E-03 1.6865E-02 2.4606E-02 0.0000E+00 1.1386E-02 7.4615E-03 3.9654E-03 2.8516E-03 1.5450E-03 2.8183E-04 1.1582E-04 0.0000E+00
 0.0000E+00 5.7913E-05 2.1521E-04 3.3989E-04 8.0728E-04 7.8245E-04 2.6721E-03 2.0974E-03 4.4335E-03 4.3950E-03 4.6737E-03 3.8025E-03 7.2047E-03 1.0120E-02 1.6623E-02 2.2976E-02 0.0000E+00 1.2127E-02 7.6668E-03 3.5868E-03 3.3298E-03 1.4778E-03 2.2381E-04 7.4457E-05 0.0000E+00
 0.0000E+00 4.1367E-05 1.7382E-04 4.3937E-04 6.4916E-04 8.9183E-04 2.6465E-03 1.7160E-03 4.0495E-03 4.4741E-03 5.2999E-03 4.3705E-03 7.3835E-03 8.9788E-03 1.6382E-02 2.4117E-02 0.0000E+00 1.2312E-02 7.1959E-03 3.9355E-03 3.0198E-03 1.4526E-03 2.3210E-04 1.8201E-04 0.0000E+00
 0.0000E+00 6.6187E-05 1.9038E-04 2.9844E-04 7.7399E-04 7.6563E-04 2.2623E-03 1.7854E-03 4.3462E-03 5.0630E-03 4.2744E-03 4.4571E-03 6.9628E-03 1.0346E-02 1.5784E-02 2.4606E-02 0.0000E+00 1.2834E-02 7.0752E-03 3.9953E-03 2.9755E-03 1.4526E-03 1.9065E-04 9.1003E-05 0.0000E+00
 0.0000E+00 6.6187E-05 2.0693E-04 2.9015E-04 9.9870E-04 1.0012E-03 2.8428E-03 2.1581E-03 3.8313E-03 4.5620E-03 4.5467E-03 4.2934E-03 7.2783E-03 9.6447E-03 1.6467E-02 2.2732E-02 0.0000E+00 1.2834E-02 6.7492E-03 4.3042E-03 2.9667E-03 1.4442E-03 1.9894E-04 1.0755E-04 0.0000E+00
 0.0000E+00 1.4892E-04 1.7382E-04 3.4818E-04 8.6554E-04 9.3390E-04 2.6038E-03 2.0367E-03 4.2240E-03 4.6763E-03 4.6374E-03 4.8422E-03 6.5526E-03 9.6328E-03 1.7349E-02 2.3974E-02 0.0000E+00 1.2581E-02 7.5461E-03 3.8658E-03 3.3298E-03 1.4442E-03 3.2328E-04 1.2410E-04 0.0000E+00
 0.0000E+00 4.9640E-05 2.2349E-04 3.3160E-04 1.0403E-03 6.6466E-04 2.8087E-03 2.2621E-03 4.2938E-03 4.6499E-03 4.2654E-03 3.9565E-03 7.3625E-03 9.0977E-03 1.6382E-02 2.5421E-02 0.0000E+00 1.1790E-02 7.0148E-03 4.4337E-03 2.9844E-03 1.2931E-03 2.9841E-04 1.7373E-04 0.0000E+00
 0.0000E+00 4.9640E-05 2.0693E-04 2.5699E-04 7.1574E-04 8.7500E-04 2.7404E-03 1.7507E-03 4.6604E-03 4.9312E-03 4.1111E-03 4.6592E-03 7.3309E-03 9.6328E-03 1.6808E-02 2.4198E-02 0.0000E+00 1.3188E-02 7.4253E-03 4.1049E-03 2.6036E-03 1.6037E-03 2.6526E-04 1.4891E-04 0.0000E+00
 0.0000E+00 4.9640E-05 1.9866E-04 3.0673E-04 6.6580E-04 1.0349E-03 2.7318E-03 2.1407E-03 3.8487E-03 4.6148E-03 4.5104E-03 4.2261E-03 7.2047E-03 9.6804E-03 1.6950E-02 2.2895E-02 0.0000E+00 1.2059E-02 7.2321E-03 4.1448E-03 3.2589E-03 1.4610E-03 2.8183E-04 9.9276E-05 0.0000E+00
 0.0000E+00 3.3093E-05 2.6488E-04 4.0621E-04 5.5761E-04 1.1274E-03 2.4160E-03 1.9847E-03 4.8175E-03 4.9576E-03 4.7826E-03 4.4186E-03 6.6157E-03 8.8123E-03 1.6140E-02 2.3689E-02 0.0000E+00 1.2986E-02 7.1718E-03 3.6067E-03 3.1704E-03 1.3938E-03 3.6473E-04 1.4891E-04 0.0000E+00
 0.0000E+00 1.0755E-04 2.1521E-04 3.9792E-04 7.5735E-04 8.5817E-04 2.6977E-03 1.9154E-03 4.7651E-03 4.9664E-03 4.7373E-03 5.0251E-03 7.2468E-03 9.7280E-03 1.6111E-02 2.5013E-02 0.0000E+00 1.2177E-02 7.1476E-03 3.8060E-03 3.1704E-03 1.4862E-03 2.3210E-04 1.4891E-04 0.0000E+00
 0.0000E+00 6.6187E-05 1.2416E-04 3.5647E-04 8.2393E-04 6.1418E-04 2.6635E-03 2.3227E-03 4.3462E-03 4.8257E-03 4.1837E-03 4.1587E-03 7.1416E-03 9.1215E-03 1.6254E-02 2.5645E-02 0.0000E+00 1.2851E-02 7.5219E-03 3.9455E-03 2.9755E-03 1.3938E-03 2.8183E-04 4.1365E-05 0.0000E+00
 0.0000E+00 1.6547E-05 1.7382E-04 3.3989E-04 8.6554E-04 6.6466E-04 2.5099E-03 2.0194E-03 4.0582E-03 4.7818E-03 4.8462E-03 3.8217E-03 7.6149E-03 8.5625E-03 1.6695E-02 2.4667E-02 0.0000E+00 1.1419E-02 7.1476E-03 3.6067E-03 3.2147E-03 1.4694E-03 1.2434E-04 4.1365E-05 0.0000E+00
 0.0000E+00 4.1367E-05 1.9038E-04 3.8963E-04 9.3212E-04 7.5721E-04 2.8087E-03 1.9847E-03 4.5120E-03 4.7818E-03 4.0476E-03 4.0432E-03 6.9628E-03 9.0977E-03 1.6837E-02 2.4585E-02 0.0000E+00 1.2464E-02 7.2563E-03 3.6765E-03 3.0730E-03 1.1755E-03 2.3210E-04 8.2730E-06 0.0000E+00
 0.0000E+00 3.3093E-05 3.5593E-04 3.1502E-04 1.0819E-03 7.4039E-04 2.5099E-03 2.1494E-03 4.3375E-03 4.3159E-03 4.4559E-03 4.3031E-03 7.1416E-03 9.4188E-03 1.6467E-02 2.2997E-02 0.0000E+00 1.2093E-02 7.4495E-03 3.9654E-03 2.8693E-03 1.2931E-03 3.5644E-04 1.0755E-04 0.0000E+00
 0.0000E+00 4.1367E-05 1.2416E-04 3.1502E-04 6.7412E-04 6.8149E-04 2.6550E-03 1.9327E-03 4.1978E-03 4.3159E-03 4.3470E-03 3.9276E-03 7.2047E-03 9.3950E-03 1.6367E-02 2.4035E-02 0.0000E+00 1.2194E-02 7.2684E-03 4.0551E-03 2.8427E-03 1.5618E-03 2.4039E-04 9.1003E-05 0.0000E+00
 0.0000E+00 5.7913E-05 2.6488E-04 3.2331E-04 8.4058E-04 9.6755E-04 2.3989E-03 2.0021E-03 4.3200E-03 4.6675E-03 4.3924E-03 4.1202E-03 7.2994E-03 9.0263E-03 1.5770E-02 2.5543E-02 0.0000E+00 1.1908E-02 8.0169E-03 4.2245E-03 3.1084E-03 1.1503E-03 2.5697E-04 1.8201E-04 0.0000E+00
 0.0000E+00 4.1367E-05 2.5660E-04 3.2331E-04 8.3225E-04 8.4976E-04 2.6806E-03 1.7247E-03 4.1629E-03 4.8257E-03 4.4559E-03 3.7832E-03 6.8261E-03 8.9074E-03 1.5856E-02 2.4626E-02 0.0000E+00 1.2800E-02 7.2925E-03 3.5669E-03 3.0287E-03 1.3938E-03 3.0670E-04 8.2730E-05 0.0000E+00
 0.0000E+00 8.2733E-05 2.6488E-04 2.4870E-04 7.9896E-04 9.5072E-04 2.3989E-03 2.0194E-03 4.5295E-03 5.3180E-03 4.4559E-03 4.4186E-03 7.0049E-03 8.9788E-03 1.7164E-02 2.3730E-02 0.0000E+00 1.2396E-02 7.2442E-03 4.0750E-03 2.9755E-03 1.3099E-03 2.4868E-04 1.4064E-04 0.0000E+00
 0.0000E+00 8.2733E-05 2.8143E-04 2.7357E-04 7.0741E-04 8.8341E-04 2.9026E-03 1.7334E-03 5.0269E-03 4.1489E-03 4.7463E-03 4.4860E-03 6.7735E-03 8.6815E-03 1.5585E-02 2.1937E-02 0.0000E+00 1.2531E-02 7.2080E-03 4.2245E-03 2.9136E-03 1.3435E-03 1.5750E-04 6.6184E-05 0.0000E+00
 0.0000E+00 5.7913E-05 3.3937E-04 2.7357E-04 7.6567E-04 8.1611E-04 2.6635E-03 1.9241E-03 4.1193E-03 4.7202E-03 4.0476E-03 4.3319E-03 6.8892E-03 9.1334E-03 1.6311E-02 2.3730E-02 0.0000E+00 1.2430E-02 7.7996E-03 4.2544E-03 3.2147E-03 1.2679E-03 2.4868E-04 1.5719E-04 0.0000E+00
 0.0000E+00 3.3093E-05 1.7382E-04 4.3937E-04 7.8232E-04 7.2356E-04 2.6721E-03 2.0541E-03 4.8000E-03 4.6323E-03 4.3652E-03 4.3031E-03 7.0049E-03 9.3118E-03 1.7761E-02 2.3934E-02 0.0000E+00 1.2228E-02 7.3891E-03 4.3839E-03 3.2589E-03 1.4442E-03 2.6526E-04 1.1582E-04 0.0000E+00
 0.0000E+00 4.9640E-05 2.2349E-04 3.1502E-04 7.3238E-04 7.7404E-04 2.4245E-03 1.9587E-03 4.3898E-03 4.3247E-03 4.3470E-03 4.3705E-03 6.9838E-03 9.4782E-03 1.6680E-02 2.4687E-02 0.0000E+00 1.2565E-02 6.7854E-03 4.0850E-03 3.0907E-03 1.4946E-03 1.8236E-04 2.0683E-04 0.0000E+00
 0.0000E+00 4.9640E-05 2.4004E-04 3.5647E-04 9.6541E-04 5.2164E-04 2.5184E-03 1.8634E-03 4.1891E-03 4.4126E-03 4.2472E-03 4.3801E-03 6.5947E-03 9.3950E-03 1.6126E-02 2.4097E-02 0.0000E+00 1.1908E-02 6.7854E-03 3.8658E-03 3.1969E-03 1.4106E-03 2.1552E-04 4.9638E-05 0.0000E+00
 0.0000E+00 5.7913E-05 1.9038E-04 3.0673E-04 6.4916E-04 6.6466E-04 2.3904E-03 2.1581E-03 4.3986E-03 4.6587E-03 4.4287E-03 4.1972E-03 6.8050E-03 9.2166E-03 1.6666E-02 2.4524E-02 0.0000E+00 1.1318E-02 7.1959E-03 4.0551E-03 3.0907E-03 1.4190E-03 3.3986E-04 6.6184E-05 0.0000E+00
 0.0000E+00 4.9640E-05 2.7315E-04 2.9844E-04 7.9064E-04 7.3197E-04 2.2538E-03 2.0714E-03 4.5120E-03 4.5796E-03 4.3380E-03 4.2453E-03 6.9102E-03 9.6091E-03 1.6524E-02 2.4198E-02 0.0000E+00 1.2363E-02 8.5361E-03 4.3241E-03 2.8339E-03 1.4778E-03 2.1552E-04 4.9638E-05 0.0000E+00
 0.0000E+00 3.3093E-05 1.2416E-04 3.5647E-04 8.4890E-04 7.1515E-04 2.5611E-03 2.1147E-03 4.4771E-03 4.7202E-03 4.1837E-03 4.0624E-03 7.1101E-03 8.5387E-03 1.6822E-02 2.4300E-02 0.0000E+00 1.1049E-02 8.0531E-03 3.4573E-03 2.8870E-03 1.4358E-03 2.1552E-04 5.7911E-05 0.0000E+00
 0.0000E+00 1.0755E-04 2.5660E-04 2.9844E-04 7.4903E-04 8.3293E-04 2.5270E-03 1.8721E-03 4.6866E-03 4.0434E-03 4.5830E-03 3.9180E-03 6.9628E-03 9.2047E-03 1.5742E-02 2.5522E-02 0.0000E+00 1.2312E-02 7.4736E-03 3.7462E-03 2.8161E-03 1.2007E-03 1.9894E-04 5.7911E-05 0.0000E+00
 0.0000E+00 2.4820E-05 2.0693E-04 3.5647E-04 7.0741E-04 7.8245E-04 2.3904E-03 2.0974E-03 4.0407E-03 4.3774E-03 4.8643E-03 4.0528E-03 6.3843E-03 8.2652E-03 1.6168E-02 2.3954E-02 0.0000E+00 1.3154E-02 6.3025E-03 3.8857E-03 2.7187E-03 1.0916E-03 3.2328E-04 6.6184E-05 0.0000E+00
 0.0000E+00 6.6187E-05 1.5727E-04 3.8134E-04 8.2393E-04 6.0577E-04 2.2196E-03 1.8721E-03 4.6953E-03 4.5884E-03 4.2835E-03 3.6966E-03 7.1416E-03 9.4782E-03 1.6666E-02 2.3363E-02 0.0000E+00 1.2868E-02 7.4374E-03 3.5868E-03 3.3121E-03 1.3770E-03 2.9012E-04 4.1365E-05 0.0000E+00
 0.0000E+00 5.7913E-05 2.3177E-04 2.8186E-04 7.9064E-04 7.4880E-04 2.4757E-03 1.8287E-03 3.9185E-03 4.4741E-03 4.1111E-03 4.1779E-03 7.3099E-03 8.5506E-03 1.7505E-02 2.6133E-02 0.0000E+00 1.2800E-02 7.5823E-03 3.8857E-03 2.6390E-03 1.3435E-03 2.1552E-04 1.1582E-04 0.0000E+00
 0.0000E+00 4.9640E-05 2.4004E-04 2.8186E-04 8.3225E-04 8.1611E-04 2.3050E-03 2.1667E-03 3.7876E-03 4.0082E-03 4.8916E-03 3.8506E-03 7.4992E-03 9.3474E-03 1.6623E-02 2.4687E-02 0.0000E+00 1.1352E-02 7.4253E-03 3.4374E-03 2.3556E-03 1.3267E-03 2.6526E-04 1.7373E-04 0.0000E+00
 0.0000E+00 2.4820E-05 2.9798E-04 2.7357E-04 8.1561E-04 7.3197E-04 2.8770E-03 1.8981E-03 4.0669E-03 4.2983E-03 4.3380E-03 4.5726E-03 6.5526E-03 8.7528E-03 1.6254E-02 2.4219E-02 0.0000E+00 1.2750E-02 6.8820E-03 3.5071E-03 2.4708E-03 1.3686E-03 2.1552E-04 9.1003E-05 0.0000E+00
 0.0000E+00 8.2733E-05 1.5727E-04 2.4041E-04 8.0728E-04 7.4880E-04 2.4587E-03 1.9414E-03 4.3113E-03 4.6411E-03 4.2200E-03 4.4763E-03 6.0267E-03 8.9550E-03 1.6467E-02 2.3037E-02 0.0000E+00 1.1588E-02 7.3649E-03 3.8857E-03 2.8250E-03 1.3015E-03 2.8183E-04 2.4819E-05 0.0000E+00
 0.0000E+00 2.4820E-05 2.5660E-04 4.0621E-04 7.0741E-04 7.9928E-04 2.3562E-03 1.8374E-03 4.2851E-03 4.7290E-03 4.0748E-03 4.1394E-03 7.0680E-03 8.3247E-03 1.6865E-02 2.5115E-02 0.0000E+00 1.2295E-02 7.2080E-03 3.9754E-03 2.6833E-03 1.3518E-03 2.3210E-04 9.9276E-05 0.0000E+00
 0.0000E+00 7.4460E-05 2.1521E-04 2.5699E-04 7.0741E-04 5.9736E-04 2.6465E-03 1.7420E-03 4.5295E-03 4.6148E-03 4.2472E-03 3.9661E-03 7.0995E-03 8.1939E-03 1.6439E-02 2.4056E-02 0.0000E+00 1.1874E-02 7.2321E-03 4.0850E-03 2.9047E-03 1.1671E-03 2.4868E-04 1.4891E-04 0.0000E+00
 0.0000E+00 1.2410E-04 2.3177E-04 2.8186E-04 8.6554E-04 7.5721E-04 2.3818E-03 1.6120E-03 4.5731E-03 4.3159E-03 4.6193E-03 3.8506E-03 7.0049E-03 9.7042E-03 1.5813E-02 2.4382E-02 0.0000E+00 1.3003E-02 6.9907E-03 3.8957E-03 2.9844E-03 1.0580E-03 2.7354E-04 7.4457E-05 0.0000E+00
 0.0000E+00 3.3093E-05 1.6555E-04 2.8186E-04 7.4070E-04 5.6370E-04 2.3477E-03 1.8461E-03 4.0931E-03 4.2895E-03 4.2563E-03 3.9854E-03 6.7735E-03 9.0739E-03 1.5543E-02 2.3567E-02 0.0000E+00 1.2834E-02 6.7975E-03 3.6466E-03 2.7542E-03 1.2091E-03 3.1499E-04 8.2730E-05 0.0000E+00
 0.0000E+00 8.2733E-05 1.8210E-04 3.3160E-04 7.9896E-04 8.3293E-04 2.6038E-03 2.1927E-03 4.3898E-03 4.7027E-03 4.6556E-03 3.9469E-03 6.5000E-03 9.0026E-03 1.6396E-02 2.5645E-02 0.0000E+00 1.2076E-02 7.1476E-03 4.0451E-03 2.8073E-03 1.2595E-03 2.1552E-04 7.4457E-05 0.0000E+00
 0.0000E+00 1.6547E-05 2.0693E-04 3.3160E-04 6.4916E-04 7.5721E-04 2.3135E-03 1.7594E-03 4.5120E-03 4.1225E-03 3.9750E-03 3.9758E-03 7.3625E-03 9.3118E-03 1.6822E-02 2.5665E-02 0.0000E+00 1.3087E-02 6.5802E-03 3.9256E-03 2.8958E-03 1.3686E-03 2.9841E-04 9.9276E-05 0.0000E+00
 0.0000E+00 6.6187E-05 2.4832E-04 3.0673E-04 7.3238E-04 1.0769E-03 2.6806E-03 1.8807E-03 4.5033E-03 4.5093E-03 4.3017E-03 4.0528E-03 6.7840E-03 9.1334E-03 1.6126E-02 2.3567E-02 0.0000E+00 1.2261E-02 7.4736E-03 3.7662E-03 2.9667E-03 9.4042E-04 3.4815E-04 5.7911E-05 0.0000E+00
 0.0000E+00 3.3093E-05 2.0693E-04 3.9792E-04 7.2406E-04 7.1515E-04 2.5355E-03 2.0887E-03 3.8313E-03 4.3598E-03 4.8008E-03 4.2453E-03 6.7104E-03 9.2285E-03 1.6396E-02 2.3974E-02 0.0000E+00 1.2699E-02 7.5340E-03 3.7761E-03 2.7364E-03 1.3686E-03 1.9065E-04 5.7911E-05 0.0000E+00
 0.0000E+00 1.6547E-05 1.9866E-04 4.2279E-04 6.4083E-04 6.8990E-04 2.5099E-03 1.7940E-03 3.8313E-03 4.0522E-03 4.2109E-03 3.7832E-03 6.5000E-03 9.2285E-03 1.6737E-02 2.4178E-02 0.0000E+00 1.2784E-02 6.6888E-03 3.4573E-03 2.8604E-03 1.4106E-03 3.7302E-04 7.4457E-05 0.0000E+00
 0.0000E+00 2.4820E-05 1.9038E-04 4.3108E-04 8.2393E-04 1.0180E-03 2.5611E-03 1.7940E-03 3.7615E-03 4.3950E-03 3.9205E-03 4.1587E-03 6.8892E-03 9.5139E-03 1.5614E-02 2.3771E-02 0.0000E+00 1.2817E-02 7.4374E-03 3.7562E-03 2.9667E-03 1.4022E-03 1.9065E-04 1.5719E-04 0.0000E+00
 0.0000E+00 2.4820E-05 1.9038E-04 3.9792E-04 6.5748E-04 8.3293E-04 2.5782E-03 2.1147E-03 4.6167E-03 4.2368E-03 4.7645E-03 4.1105E-03 6.7630E-03 8.2890E-03 1.7164E-02 2.3750E-02 0.0000E+00 1.2363E-02 6.6526E-03 3.8459E-03 2.7099E-03 1.1671E-03 2.0723E-04 7.4457E-05 0.0000E+00
 0.0000E+00 4.9640E-05 1.9038E-04 3.1502E-04 6.2419E-04 6.3101E-04 2.7660E-03 1.8634E-03 4.0145E-03 4.4565E-03 4.6647E-03 3.9565E-03 6.6788E-03 8.7171E-03 1.6865E-02 2.5033E-02 0.0000E+00 1.2363E-02 6.9786E-03 3.6167E-03 2.6479E-03 1.3351E-03 1.7407E-04 6.6184E-05 0.0000E+00
 0.0000E+00 7.4460E-05 2.5660E-04 3.3160E-04 6.1587E-04 7.1515E-04 2.5099E-03 1.5254E-03 4.1367E-03 4.3950E-03 4.3289E-03 4.2261E-03 6.4369E-03 8.7766E-03 1.6936E-02 2.2447E-02 0.0000E+00 1.2278E-02 6.7613E-03 3.7064E-03 2.9313E-03 1.4358E-03 2.4868E-04 1.2410E-04 0.0000E+00
 0.0000E+00 2.4820E-05 1.4899E-04 2.4870E-04 7.5735E-04 8.2452E-04 2.3391E-03 1.6640E-03 4.1978E-03 4.3862E-03 4.2835E-03 3.9180E-03 6.2791E-03 8.1939E-03 1.6567E-02 2.2284E-02 0.0000E+00 1.2312E-02 6.9665E-03 3.8359E-03 3.0641E-03 1.1671E-03 1.9894E-04 1.0755E-04 0.0000E+00
 0.0000E+00 2.4820E-05 1.9038E-04 2.8186E-04 5.7425E-04 7.4039E-04 2.4160E-03 2.0281E-03 4.1367E-03 4.2368E-03 4.0476E-03 4.1490E-03 6.7735E-03 8.6815E-03 1.6311E-02 2.4667E-02 0.0000E+00 1.0931E-02 6.9303E-03 3.8259E-03 2.7010E-03 1.2427E-03 2.4868E-04 1.2410E-04 0.0000E+00
 0.0000E+00 1.2410E-04 2.5660E-04 2.7357E-04 7.2406E-04 7.1515E-04 2.9026E-03 2.3487E-03 4.0756E-03 4.9927E-03 3.9568E-03 4.0432E-03 6.2897E-03 9.8707E-03 1.5457E-02 2.3771E-02 0.0000E+00 1.1941E-02 7.3046E-03 3.7861E-03 2.7807E-03 1.5114E-03 2.8183E-04 1.2410E-04 0.0000E+00
 0.0000E+00 9.1006E-05 2.3177E-04 2.2383E-04 5.2432E-04 7.6563E-04 2.6721E-03 1.5687E-03 4.2502E-03 3.9995E-03 4.2381E-03 3.9084E-03 6.6473E-03 8.6577E-03 1.6168E-02 2.3730E-02 0.0000E+00 1.2261E-02 7.2804E-03 3.6466E-03 3.0110E-03 1.4022E-03 1.7407E-04 9.9276E-05 0.0000E+00
 0.0000E+00 6.6187E-05 1.9038E-04 2.5699E-04 8.3225E-04 9.6755E-04 2.3050E-03 1.7940E-03 4.3287E-03 4.1401E-03 4.3833E-03 4.1875E-03 6.9944E-03 8.9074E-03 1.6766E-02 2.2447E-02 0.0000E+00 1.1621E-02 7.2201E-03 3.8359E-03 2.6036E-03 1.2343E-03 2.6526E-04 1.1582E-04 0.0000E+00
 0.0000E+00 5.7913E-05 1.7382E-04 2.9015E-04 7.7399E-04 7.9087E-04 2.5270E-03 1.9414E-03 4.4335E-03 4.3511E-03 4.3743E-03 4.0046E-03 6.6052E-03 9.0144E-03 1.6822E-02 2.4504E-02 0.0000E+00 1.2211E-02 6.7130E-03 3.5968E-03 2.6922E-03 1.2931E-03 2.0723E-04 4.9638E-05 0.0000E+00
 0.0000E+00 6.6187E-05 1.7382E-04 1.9896E-04 7.6567E-04 7.4039E-04 2.3477E-03 1.6554E-03 3.8400E-03 4.0786E-03 4.5648E-03 3.8217E-03 6.7104E-03 8.0749E-03 1.6154E-02 2.3200E-02 0.0000E+00 1.2480E-02 7.9686E-03 3.9854E-03 2.6479E-03 1.2091E-03 2.3210E-04 8.2730E-05 0.0000E+00
 0.0000E+00 4.9640E-05 2.7315E-04 4.1450E-04 7.9064E-04 8.9183E-04 2.3221E-03 1.7160E-03 3.9971E-03 4.1928E-03 4.5376E-03 4.2068E-03 7.1837E-03 9.2761E-03 1.6296E-02 2.3424E-02 0.0000E+00 1.2059E-02 7.4012E-03 3.3975E-03 2.7719E-03 1.3099E-03 2.2381E-04 7.4457E-05 0.0000E+00
 0.0000E+00 7.4460E-05 2.4832E-04 2.7357E-04 5.9922E-04 7.5721E-04 2.3648E-03 1.6900E-03 3.9447E-03 4.4302E-03 4.6284E-03 4.1683E-03 6.4159E-03 8.5863E-03 1.5770E-02 2.3139E-02 0.0000E+00 1.1958E-02 7.3287E-03 3.4971E-03 2.6036E-03 9.6561E-04 2.4868E-04 1.2410E-04 0.0000E+00
 0.0000E+00 3.3093E-05 2.0693E-04 3.3160E-04 6.7412E-04 6.5625E-04 2.5440E-03 1.8114E-03 4.1105E-03 4.0346E-03 4.8008E-03 4.0432E-03 6.4264E-03 8.1820E-03 1.5344E-02 2.2834E-02 0.0000E+00 1.1605E-02 7.2321E-03 3.8060E-03 2.6744E-03 1.1671E-03 1.9894E-04 5.7911E-05 0.0000E+00
 0.0000E+00 4.9640E-05 2.8143E-04 4.3937E-04 8.1561E-04 6.3101E-04 2.4501E-03 2.0801E-03 3.9796E-03 3.8764E-03 4.0294E-03 3.8699E-03 6.6893E-03 8.5982E-03 1.6439E-02 2.4117E-02 0.0000E+00 1.1790E-02 6.7371E-03 3.8758E-03 2.8604E-03 1.1335E-03 1.4092E-04 8.2730E-05 0.0000E+00
 0.0000E+00 3.3093E-05 2.5660E-04 3.9792E-04 6.6580E-04 7.9087E-04 2.5355E-03 2.0021E-03 4.2502E-03 4.2632E-03 4.0294E-03 4.1202E-03 6.7419E-03 8.2058E-03 1.4704E-02 2.3872E-02 0.0000E+00 1.1891E-02 7.0390E-03 3.8160E-03 2.6125E-03 1.2763E-03 2.1552E-04 1.6546E-04 0.0000E+00
 0.0000E+00 8.2733E-05 1.6555E-04 3.8963E-04 7.5735E-04 7.5721E-04 2.5867E-03 1.7074E-03 3.9622E-03 4.1489E-03 3.6845E-03 4.3127E-03 6.7209E-03 9.0263E-03 1.6325E-02 2.3811E-02 0.0000E+00 1.3053E-02 7.1597E-03 3.6167E-03 3.3209E-03 1.4190E-03 1.9065E-04 1.2410E-04 0.0000E+00
 0.0000E+00 6.6187E-05 9.9328E-05 3.2331E-04 7.2406E-04 6.8149E-04 2.6038E-03 1.8201E-03 4.1716E-03 4.2719E-03 3.9931E-03 4.2068E-03 6.5105E-03 9.0144E-03 1.6367E-02 2.3913E-02 0.0000E+00 1.3558E-02 6.7975E-03 3.6964E-03 2.7542E-03 1.3770E-03 2.9841E-04 1.4064E-04 0.0000E+00
 0.0000E+00 1.3237E-04 2.3177E-04 2.6528E-04 7.1574E-04 7.4039E-04 2.1513E-03 1.9067E-03 3.9971E-03 4.2719E-03 4.1111E-03 3.7832E-03 6.2266E-03 8.9550E-03 1.5457E-02 2.2324E-02 0.0000E+00 1.1840E-02 7.1355E-03 3.6964E-03 2.5505E-03 1.3854E-03 3.3986E-04 7.4457E-05 0.0000E+00
 0.0000E+00 4.1367E-05 2.5660E-04 1.9896E-04 7.4903E-04 8.4135E-04 2.2452E-03 1.8894E-03 4.0844E-03 4.1049E-03 4.3924E-03 3.9469E-03 6.8471E-03 8.6101E-03 1.6851E-02 2.3445E-02 0.0000E+00 1.2363E-02 7.0510E-03 3.6267E-03 2.7807E-03 1.1671E-03 2.6526E-04 9.9276E-05 0.0000E+00
 0.0000E+00 6.6187E-05 1.8210E-04 2.5699E-04 7.6567E-04 5.9736E-04 2.3477E-03 1.9674E-03 4.1629E-03 4.5093E-03 4.6193E-03 3.8699E-03 6.6157E-03 8.3247E-03 1.5784E-02 2.3710E-02 0.0000E+00 1.1857E-02 7.2684E-03 3.9355E-03 3.0287E-03 1.3267E-03 1.9894E-04 6.6184E-05 0.0000E+00
 0.0000E+00 3.3093E-05 2.0693E-04 2.8186E-04 9.2380E-04 7.9087E-04 2.1940E-03 1.6554E-03 4.1455E-03 4.5796E-03 4.0929E-03 4.4090E-03 5.9741E-03 8.6458E-03 1.5841E-02 2.4280E-02 0.0000E+00 1.1352E-02 6.5802E-03 3.8359E-03 2.8604E-03 1.1503E-03 2.2381E-04 6.6184E-05 0.0000E+00
 0.0000E+00 4.9640E-05 1.4072E-04 2.8186E-04 6.9909E-04 6.5625E-04 2.5013E-03 1.9154E-03 3.7964E-03 3.8676E-03 4.2200E-03 4.0720E-03 6.3002E-03 9.0858E-03 1.5400E-02 2.2732E-02 0.0000E+00 1.3003E-02 6.3145E-03 3.1285E-03 2.5239E-03 1.3938E-03 2.9012E-04 1.1582E-04 0.0000E+00
 0.0000E+00 9.9280E-05 1.9038E-04 3.3160E-04 5.9090E-04 6.7308E-04 2.6209E-03 2.0194E-03 4.5644E-03 4.3774E-03 4.2018E-03 4.1490E-03 6.8787E-03 8.1582E-03 1.5969E-02 2.4728E-02 0.0000E+00 1.2767E-02 6.4956E-03 3.4971E-03 2.6302E-03 1.2763E-03 1.8236E-04 1.1582E-04 0.0000E+00
 0.0000E+00 3.3093E-05 2.5660E-04 2.6528E-04 7.9896E-04 7.3197E-04 2.2708E-03 1.5340E-03 4.1193E-03 4.0610E-03 3.8388E-03 3.8988E-03 6.4054E-03 8.6577E-03 1.5756E-02 2.2589E-02 0.0000E+00 1.2110E-02 7.2804E-03 3.3178E-03 2.4088E-03 1.2511E-03 2.4868E-04 1.9028E-04 0.0000E+00
 0.0000E+00 1.1583E-04 2.0693E-04 3.1502E-04 6.8245E-04 8.6659E-04 2.4330E-03 1.9067E-03 4.2327E-03 4.4653E-03 4.0385E-03 3.8602E-03 6.2791E-03 9.0026E-03 1.5230E-02 2.3913E-02 0.0000E+00 1.2666E-02 7.4615E-03 3.4673E-03 2.7896E-03 1.3267E-03 2.4868E-04 9.9276E-05 0.0000E+00
 0.0000E+00 8.2733E-05 2.5660E-04 3.1502E-04 8.1561E-04 8.7500E-04 2.4928E-03 1.7940E-03 4.2938E-03 4.6323E-03 3.8842E-03 4.1298E-03 6.0688E-03 8.4317E-03 1.7007E-02 2.2100E-02 0.0000E+00 1.1790E-02 7.3770E-03 4.0750E-03 2.7364E-03 1.1335E-03 2.7354E-04 1.7373E-04 0.0000E+00
 0.0000E+00 4.9640E-05 2.4004E-04 4.5595E-04 8.3225E-04 7.2356E-04 2.6038E-03 1.8634E-03 4.1629E-03 4.0610E-03 4.0476E-03 4.3416E-03 7.2573E-03 8.3723E-03 1.6069E-02 2.3404E-02 0.0000E+00 1.0830E-02 6.2542E-03 3.2979E-03 2.9578E-03 1.1923E-03 1.9894E-04 9.1003E-05 0.0000E+00
 0.0000E+00 3.3093E-05 2.2349E-04 3.4818E-04 6.0754E-04 8.1611E-04 2.0916E-03 1.8981E-03 3.8836E-03 3.8500E-03 4.2563E-03 3.7062E-03 6.4264E-03 9.1096E-03 1.5571E-02 2.4565E-02 0.0000E+00 1.2026E-02 6.7009E-03 3.2381E-03 2.4708E-03 1.2343E-03 1.5750E-04 1.4891E-04 0.0000E+00
 0.0000E+00 9.1006E-05 2.4004E-04 2.5699E-04 8.8219E-04 6.3101E-04 2.5696E-03 1.6207E-03 4.3724E-03 4.0170E-03 4.4650E-03 4.0432E-03 6.6683E-03 8.6220E-03 1.4960E-02 2.3587E-02 0.0000E+00 1.2430E-02 6.9786E-03 3.5171E-03 2.8781E-03 1.2679E-03 1.9894E-04 7.4457E-05 0.0000E+00
 0.0000E+00 5.7913E-05 2.7315E-04 3.0673E-04 6.8245E-04 7.3197E-04 2.6038E-03 1.7420E-03 4.2065E-03 4.1137E-03 4.3380E-03 3.9373E-03 6.1950E-03 8.7647E-03 1.5870E-02 2.3526E-02 0.0000E+00 1.1554E-02 6.8579E-03 3.5171E-03 2.4973E-03 1.1671E-03 2.1552E-04 8.2730E-05 0.0000E+00
 0.0000E+00 4.9640E-05 1.1588E-04 3.2331E-04 6.9077E-04 7.0673E-04 2.2879E-03 1.8201E-03 4.3287E-03 4.0434E-03 3.8388E-03 4.0720E-03 6.2476E-03 8.1582E-03 1.5443E-02 2.2223E-02 0.0000E+00 1.2716E-02 6.9182E-03 3.6366E-03 2.6656E-03 1.2679E-03 2.0723E-04 5.7911E-05 0.0000E+00
 0.0000E+00 1.0755E-04 2.5660E-04 3.4818E-04 7.0741E-04 6.3101E-04 2.7831E-03 1.8027E-03 4.2065E-03 4.1049E-03 3.9477E-03 3.7640E-03 6.6473E-03 9.1809E-03 1.6766E-02 2.3893E-02 0.0000E+00 1.1689E-02 6.7250E-03 3.7363E-03 3.1438E-03 1.0412E-03 2.5697E-04 6.6184E-05 0.0000E+00
 0.0000E+00 5.7913E-05 2.2349E-04 2.6528E-04 1.0070E-03 8.8341E-04 2.3477E-03 1.8981E-03 4.2851E-03 3.8237E-03 3.6210E-03 3.9276E-03 6.9733E-03 8.9788E-03 1.6154E-02 2.4117E-02 0.0000E+00 1.2329E-02 6.7371E-03 3.5071E-03 2.6125E-03 1.2091E-03 2.6526E-04 1.1582E-04 0.0000E+00
 0.0000E+00 4.9640E-05 1.4072E-04 3.4818E-04 9.0716E-04 6.9832E-04 2.3989E-03 1.7940E-03 3.8924E-03 4.1665E-03 4.4196E-03 4.0528E-03 6.3317E-03 8.0987E-03 1.5756E-02 2.4198E-02 0.0000E+00 1.2548E-02 7.7996E-03 3.6865E-03 2.7364E-03 1.2091E-03 2.2381E-04 9.9276E-05 0.0000E+00
 0.0000E+00 4.9640E-05 1.9866E-04 2.2383E-04 7.8232E-04 6.3101E-04 2.2538E-03 1.7074E-03 4.0495E-03 4.1225E-03 4.0657E-03 3.7736E-03 6.0793E-03 8.3128E-03 1.4746E-02 2.3811E-02 0.0000E+00 1.2245E-02 6.6164E-03 3.2680E-03 2.7099E-03 1.2679E-03 2.9012E-04 7.4457E-05 0.0000E+00
 0.0000E+00 4.9640E-05 2.9798E-04 3.9792E-04 6.9077E-04 7.8245E-04 2.2879E-03 1.8027E-03 3.8575E-03 4.3247E-03 4.0385E-03 3.8699E-03 6.4159E-03 8.3604E-03 1.6254E-02 2.3221E-02 0.0000E+00 1.1739E-02 6.7009E-03 3.6765E-03 2.8693E-03 1.4190E-03 1.9065E-04 6.6184E-05 0.0000E+00
 0.0000E+00 4.9640E-05 1.5727E-04 3.7305E-04 5.5761E-04 7.7404E-04 2.1172E-03 1.8894E-03 3.4473E-03 4.4653E-03 3.8842E-03 3.9950E-03 7.2152E-03 8.6577E-03 1.5386E-02 2.5298E-02 0.0000E+00 1.2716E-02 6.8337E-03 3.7163E-03 3.0375E-03 1.1167E-03 2.3210E-04 9.1003E-05 0.0000E+00
 0.0000E+00 4.9640E-05 1.9038E-04 2.5699E-04 5.9922E-04 7.4039E-04 2.1940E-03 1.9587E-03 3.8400E-03 4.1137E-03 3.9568E-03 3.6485E-03 6.5631E-03 8.8717E-03 1.5813E-02 2.4504E-02 0.0000E+00 1.1453E-02 6.5319E-03 3.6765E-03 2.7630E-03 1.0412E-03 2.7354E-04 1.1582E-04 0.0000E+00
 0.0000E+00 3.3093E-05 1.5727E-04 3.7305E-04 8.3225E-04 8.6659E-04 2.0660E-03 1.5600E-03 4.1018E-03 3.8676E-03 4.2472E-03 3.6196E-03 5.9531E-03 8.3604E-03 1.6168E-02 2.4687E-02 0.0000E+00 1.1891E-02 6.8820E-03 3.2580E-03 2.9047E-03 1.0160E-03 2.4039E-04 9.9276E-05 0.0000E+00
 0.0000E+00 5.7913E-05 2.0693E-04 3.0673E-04 5.5761E-04 5.3846E-04 2.2367E-03 1.7940E-03 3.9884E-03 3.6303E-03 3.9477E-03 3.9758E-03 6.6788E-03 8.5387E-03 1.4590E-02 2.4748E-02 0.0000E+00 1.2581E-02 6.4715E-03 3.5968E-03 2.4265E-03 1.0580E-03 2.3210E-04 4.9638E-05 0.0000E+00
 0.0000E+00 3.3093E-05 1.9866E-04 4.1450E-04 8.3225E-04 6.4784E-04 2.0489E-03 1.9761E-03 4.0058E-03 3.8676E-03 4.3289E-03 3.8988E-03 6.5421E-03 8.1344E-03 1.6111E-02 2.4076E-02 0.0000E+00 1.1402E-02 6.5681E-03 3.8658E-03 2.8161E-03 1.2343E-03 2.6526E-04 3.3092E-05 0.0000E+00
 0.0000E+00 4.1367E-05 1.9866E-04 3.4818E-04 7.2406E-04 7.6563E-04 2.2282E-03 1.8027E-03 3.6131E-03 4.2807E-03 4.6193E-03 3.9276E-03 6.8261E-03 9.2404E-03 1.5301E-02 2.3261E-02 0.0000E+00 1.2683E-02 6.0006E-03 3.7064E-03 2.5682E-03 1.2427E-03 1.7407E-04 9.1003E-05 0.0000E+00
 0.0000E+00 4.9640E-05 1.0761E-04 4.8082E-04 6.2419E-04 7.5721E-04 2.3391E-03 1.7420E-03 3.8924E-03 4.0346E-03 3.8570E-03 3.8795E-03 6.0898E-03 7.9917E-03 1.5628E-02 2.2711E-02 0.0000E+00 1.1790E-02 6.1938E-03 3.1883E-03 2.5062E-03 1.3686E-03 2.6526E-04 7.4457E-05 0.0000E+00
 0.0000E+00 5.7913E-05 2.4004E-04 3.5647E-04 6.9077E-04 6.0577E-04 2.2111E-03 1.7247E-03 3.9447E-03 3.8852E-03 3.8842E-03 3.9854E-03 6.3212E-03 8.0155E-03 1.6879E-02 2.4158E-02 0.0000E+00 1.1605E-02 6.5077E-03 3.2979E-03 2.7896E-03 1.2931E-03 2.4868E-04 8.2730E-05 0.0000E+00
 0.0000E+00 3.3093E-05 2.0693E-04 2.6528E-04 6.5748E-04 7.4039E-04 2.3477E-03 1.9674E-03 4.0145E-03 3.8588E-03 4.0839E-03 3.8217E-03 6.6788E-03 8.0512E-03 1.6211E-02 2.3669E-02 0.0000E+00 1.1386E-02 6.8216E-03 3.7064E-03 2.8250E-03 1.2091E-03 2.8183E-04 7.4457E-05 0.0000E+00
 0.0000E+00 9.1006E-05 1.4072E-04 3.3160E-04 7.0741E-04 8.1611E-04 2.1940E-03 1.6727E-03 4.2240E-03 4.2280E-03 3.7481E-03 3.4752E-03 6.3002E-03 9.1334E-03 1.5813E-02 2.2345E-02 0.0000E+00 1.2632E-02 7.2201E-03 3.6865E-03 2.8516E-03 1.0076E-03 2.5697E-04 8.2730E-05 0.0000E+00
 0.0000E+00 2.4820E-05 1.4072E-04 3.8963E-04 6.7412E-04 5.3005E-04 2.3135E-03 1.6380E-03 4.0931E-03 3.9291E-03 3.9931E-03 4.0432E-03 6.1424E-03 8.5387E-03 1.5329E-02 2.2895E-02 0.0000E+00 1.1184E-02 6.6164E-03 4.1248E-03 2.2582E-03 1.4106E-03 2.9841E-04 4.9638E-05 0.0000E+00
 0.0000E+00 1.6547E-05 2.6488E-04 3.3989E-04 8.8219E-04 6.7308E-04 2.2111E-03 1.4907E-03 3.9709E-03 3.8237E-03 4.2018E-03 3.8217E-03 6.3423E-03 9.4664E-03 1.5927E-02 2.3424E-02 0.0000E+00 1.2565E-02 6.0248E-03 3.6865E-03 2.6833E-03 1.2343E-03 2.4868E-04 1.2410E-04 0.0000E+00
 0.0000E+00 5.7913E-05 1.8210E-04 2.4041E-04 5.9922E-04 5.4688E-04 2.2452E-03 1.8201E-03 4.1193E-03 3.6566E-03 3.8570E-03 3.6292E-03 5.8690E-03 8.8836E-03 1.6282E-02 2.4789E-02 0.0000E+00 1.1301E-02 6.5802E-03 3.6566E-03 3.0375E-03 1.0832E-03 2.6526E-04 8.2730E-05 0.0000E+00
 0.0000E+00 4.1367E-05 1.7382E-04 4.1450E-04 6.5748E-04 7.6563E-04 2.2794E-03 1.4560E-03 3.8662E-03 4.0170E-03 3.6664E-03 3.6966E-03 6.9838E-03 8.6933E-03 1.5344E-02 2.2813E-02 0.0000E+00 1.0897E-02 6.3749E-03 3.3178E-03 2.3114E-03 1.0160E-03 2.4868E-04 7.4457E-05 0.0000E+00
 0.0000E+00 7.4460E-05 2.4832E-04 4.5595E-04 7.4903E-04 5.7212E-04 2.2879E-03 1.8807E-03 4.1018E-03 3.6479E-03 4.0929E-03 3.6003E-03 6.6052E-03 8.0155E-03 1.5443E-02 2.5543E-02 0.0000E+00 1.2177E-02 6.8820E-03 3.2580E-03 2.5593E-03 1.3770E-03 2.9012E-04 1.0755E-04 0.0000E+00
 0.0000E+00 6.6187E-05 1.9038E-04 2.9015E-04 5.4929E-04 7.0673E-04 2.0489E-03 1.7420E-03 3.6567E-03 4.0258E-03 4.2381E-03 4.1202E-03 6.0478E-03 8.7885E-03 1.5244E-02 2.4321E-02 0.0000E+00 1.0981E-02 7.1355E-03 3.4174E-03 2.4353E-03 1.1335E-03 1.9065E-04 9.1003E-05 0.0000E+00
 0.0000E+00 6.6187E-05 2.2349E-04 2.3212E-04 7.5735E-04 6.1418E-04 2.0147E-03 1.8721E-03 3.7178E-03 4.2456E-03 3.8660E-03 3.7255E-03 5.9321E-03 8.4436E-03 1.5358E-02 2.4402E-02 0.0000E+00 1.2413E-02 6.2300E-03 3.3776E-03 2.4708E-03 1.4274E-03 2.0723E-04 1.6546E-04 0.0000E+00
 0.0000E+00 5.7913E-05 1.6555E-04 2.3212E-04 7.4070E-04 7.6563E-04 2.2794E-03 2.0367E-03 3.9622E-03 4.1049E-03 4.6011E-03 3.5811E-03 6.2476E-03 8.2058E-03 1.5045E-02 2.2589E-02 0.0000E+00 1.0864E-02 7.1235E-03 3.5968E-03 2.4708E-03 9.1523E-04 1.4092E-04 8.2730E-05 0.0000E+00
 0.0000E+00 4.1367E-05 1.9038E-04 1.9067E-04 7.3238E-04 6.3101E-04 2.0745E-03 1.8807E-03 3.4473E-03 3.8852E-03 3.8116E-03 3.5233E-03 6.2686E-03 7.8847E-03 1.5301E-02 2.3547E-02 0.0000E+00 1.1621E-02 6.9907E-03 3.5669E-03 2.4353E-03 1.1251E-03 1.9894E-04 3.3092E-05 0.0000E+00
 0.0000E+00 6.6187E-05 1.2416E-04 2.7357E-04 5.9922E-04 7.7404E-04 2.1086E-03 1.8807E-03 4.0495E-03 3.9907E-03 4.1837E-03 3.7640E-03 5.8479E-03 8.5625E-03 1.5856E-02 2.3669E-02 0.0000E+00 1.2009E-02 6.5319E-03 3.1982E-03 2.7542E-03 1.0244E-03 1.8236E-04 4.9638E-05 0.0000E+00
 0.0000E+00 1.0755E-04 2.5660E-04 2.9015E-04 5.7425E-04 7.4880E-04 2.5526E-03 1.8981E-03 4.3724E-03 4.1401E-03 3.9477E-03 3.7544E-03 6.4159E-03 7.6230E-03 1.5073E-02 2.4606E-02 0.0000E+00 1.1925E-02 6.9544E-03 3.4872E-03 2.6833E-03 1.2007E-03 2.1552E-04 5.7911E-05 0.0000E+00
 0.0000E+00 9.9280E-05 1.5727E-04 2.6528E-04 7.7399E-04 7.6563E-04 2.4416E-03 2.1494E-03 3.7964E-03 4.1313E-03 4.1474E-03 3.8795E-03 5.7743E-03 7.6706E-03 1.5216E-02 2.2650E-02 0.0000E+00 1.2497E-02 6.8458E-03 3.1185E-03 2.7010E-03 1.1839E-03 1.9065E-04 9.9276E-05 0.0000E+00
 0.0000E+00 4.1367E-05 1.1588E-04 2.9844E-04 6.9909E-04 6.3101E-04 2.2111E-03 1.6900E-03 4.3986E-03 3.7445E-03 3.7390E-03 3.9084E-03 6.4264E-03 9.1809E-03 1.5770E-02 2.2773E-02 0.0000E+00 1.1402E-02 6.2783E-03 3.6566E-03 2.7010E-03 1.2511E-03 2.7354E-04 1.3237E-04 0.0000E+00
 0.0000E+00 6.6187E-05 2.1521E-04 2.0725E-04 7.1574E-04 8.1611E-04 2.3989E-03 1.7767E-03 3.5171E-03 4.1313E-03 4.0203E-03 3.5714E-03 5.9215E-03 8.5269E-03 1.5372E-02 2.4198E-02 0.0000E+00 1.1049E-02 6.2179E-03 3.4374E-03 2.5682E-03 1.2427E-03 2.9841E-04 1.0755E-04 0.0000E+00
 0.0000E+00 7.4460E-05 1.6555E-04 3.5647E-04 5.8258E-04 5.7212E-04 2.3733E-03 1.7594E-03 4.0145E-03 4.1928E-03 3.8570E-03 4.0335E-03 6.1635E-03 7.7776E-03 1.5116E-02 2.2202E-02 0.0000E+00 1.1251E-02 6.4956E-03 3.1385E-03 2.7807E-03 9.6561E-04 1.7407E-04 1.2410E-04 0.0000E+00
 0.0000E+00 4.9640E-05 2.6488E-04 2.4870E-04 6.1587E-04 7.3197E-04 2.1172E-03 1.9241E-03 4.5207E-03 3.5863E-03 3.7118E-03 3.4656E-03 5.8374E-03 9.0858E-03 1.5557E-02 2.2080E-02 0.0000E+00 1.1824E-02 6.5077E-03 3.2879E-03 2.5416E-03 1.3351E-03 1.8236E-04 1.1582E-04 0.0000E+00
 0.0000E+00 3.3093E-05 1.3244E-04 4.4766E-04 5.7425E-04 6.3942E-04 2.3135E-03 1.7247E-03 3.7964E-03 3.7358E-03 3.5666E-03 3.9180E-03 6.2266E-03 8.7766E-03 1.5927E-02 2.3323E-02 0.0000E+00 1.2632E-02 6.5560E-03 3.0289E-03 2.5328E-03 9.3202E-04 2.4039E-04 8.2730E-05 0.0000E+00
 0.0000E+00 5.7913E-05 2.3177E-04 2.8186E-04 5.8258E-04 7.3197E-04 2.3050E-03 1.5947E-03 3.7353E-03 4.7554E-03 3.8116E-03 3.5714E-03 6.4264E-03 8.3366E-03 1.4576E-02 2.3872E-02 0.0000E+00 1.1739E-02 6.2904E-03 2.9292E-03 2.3114E-03 1.2595E-03 9.1182E-05 5.7911E-05 0.0000E+00
 0.0000E+00 4.9640E-05 2.4004E-04 2.4870E-04 7.6567E-04 7.6563E-04 2.1513E-03 1.6727E-03 4.1105E-03 3.6654E-03 3.8933E-03 3.7062E-03 6.0478E-03 7.8609E-03 1.5287E-02 2.3506E-02 0.0000E+00 1.1150E-02 6.0489E-03 3.6167E-03 2.6567E-03 1.0664E-03 1.8236E-04 9.1003E-05 0.0000E+00
 0.0000E+00 5.7913E-05 1.7382E-04 3.5647E-04 6.6580E-04 5.8894E-04 1.8440E-03 1.8027E-03 4.0058E-03 3.8588E-03 3.7390E-03 3.9084E-03 6.1424E-03 8.5387E-03 1.5998E-02 2.1978E-02 0.0000E+00 1.2278E-02 5.9282E-03 3.3178E-03 2.6302E-03 1.1923E-03 1.6578E-04 1.4891E-04 0.0000E+00
 0.0000E+00 5.7913E-05 1.1588E-04 2.1554E-04 5.5761E-04 7.8245E-04 2.1428E-03 1.9327E-03 3.8749E-03 3.9379E-03 3.7208E-03 3.6773E-03 6.2476E-03 8.1106E-03 1.5344E-02 2.4076E-02 0.0000E+00 1.0527E-02 6.4836E-03 3.2182E-03 2.6567E-03 1.1083E-03 1.4092E-04 1.6546E-04 0.0000E+00
 0.0000E+00 7.4460E-05 1.4072E-04 2.6528E-04 7.4070E-04 5.5529E-04 2.4245E-03 1.7334E-03 3.4560E-03 3.6391E-03 3.9659E-03 3.5041E-03 6.4685E-03 7.9917E-03 1.5600E-02 2.3119E-02 0.0000E+00 1.1032E-02 7.0027E-03 3.2580E-03 2.5239E-03 1.4526E-03 2.7354E-04 9.1003E-05 0.0000E+00
 0.0000E+00 6.6187E-05 1.4072E-04 3.0673E-04 4.9103E-04 6.3942E-04 2.5440E-03 1.5687E-03 4.0669E-03 3.9203E-03 4.1655E-03 3.8891E-03 5.8374E-03 8.1225E-03 1.5230E-02 2.3282E-02 0.0000E+00 1.2144E-02 6.2662E-03 3.9555E-03 2.4176E-03 1.2931E-03 2.1552E-04 6.6184E-05 0.0000E+00
 0.0000E+00 4.9640E-05 2.3177E-04 2.9844E-04 6.7412E-04 6.7308E-04 2.4330E-03 1.7247E-03 3.3862E-03 4.0874E-03 3.2489E-03 3.5811E-03 6.2055E-03 8.6815E-03 1.4917E-02 2.4809E-02 0.0000E+00 1.2228E-02 5.8920E-03 3.2481E-03 2.4619E-03 1.1671E-03 3.1499E-04 1.5719E-04 0.0000E+00
 0.0000E+00 8.2733E-06 2.3177E-04 2.6528E-04 7.1574E-04 8.4135E-04 2.0916E-03 1.7594E-03 3.8400E-03 4.0522E-03 4.3924E-03 3.4463E-03 5.8058E-03 7.9679E-03 1.6111E-02 2.3628E-02 0.0000E+00 1.2430E-02 5.9040E-03 3.2879E-03 2.4708E-03 1.2175E-03 1.9065E-04 6.6184E-05 0.0000E+00
 0.0000E+00 4.1367E-05 1.6555E-04 3.3160E-04 7.0741E-04 6.6466E-04 2.2452E-03 1.6120E-03 3.9185E-03 3.9995E-03 3.7299E-03 3.4271E-03 6.8576E-03 8.3723E-03 1.4476E-02 2.2956E-02 0.0000E+00 1.1167E-02 6.6043E-03 3.0986E-03 2.8073E-03 1.0832E-03 2.0723E-04 1.2410E-04 0.0000E+00
 0.0000E+00 9.1006E-05 2.9798E-04 3.0673E-04 6.9909E-04 4.9639E-04 2.4330E-03 1.6034E-03 4.0931E-03 4.0961E-03 3.7571E-03 2.6954E-03 6.1214E-03 8.6696E-03 1.5799E-02 2.1713E-02 0.0000E+00 1.1301E-02 5.9403E-03 3.3776E-03 2.7807E-03 9.3202E-04 2.7354E-04 4.9638E-05 0.0000E+00
 0.0000E+00 4.1367E-05 1.8210E-04 4.4766E-04 6.0754E-04 6.8990E-04 2.3221E-03 1.6380E-03 3.8138E-03 3.9731E-03 3.5938E-03 3.5233E-03 6.0898E-03 8.7409E-03 1.5699E-02 2.2304E-02 0.0000E+00 1.2278E-02 7.0631E-03 3.6067E-03 2.4176E-03 1.1251E-03 2.1552E-04 7.4457E-05 0.0000E+00
 0.0000E+00 4.9640E-05 8.2774E-05 2.0725E-04 5.6593E-04 7.3197E-04 2.1769E-03 1.5600E-03 3.2815E-03 4.0698E-03 3.7844E-03 3.9084E-03 5.7848E-03 8.1225E-03 1.5344E-02 2.3669E-02 0.0000E+00 1.1301E-02 6.5439E-03 3.6765E-03 2.4265E-03 1.1671E-03 2.6526E-04 6.6184E-05 0.0000E+00
 0.0000E+00 8.2733E-05 1.7382E-04 1.9896E-04 6.4083E-04 5.5529E-04 2.2282E-03 1.6987E-03 4.0320E-03 4.0961E-03 3.7390E-03 3.5329E-03 6.0688E-03 8.3247E-03 1.5429E-02 2.3343E-02 0.0000E+00 1.2009E-02 6.7250E-03 3.4673E-03 2.7719E-03 9.2362E-04 2.2381E-04 9.1003E-05 0.0000E+00
 0.0000E+00 2.4820E-05 1.4899E-04 2.4870E-04 7.4903E-04 6.6466E-04 2.2879E-03 1.6554E-03 3.7789E-03 3.8500E-03 3.4214E-03 3.5041E-03 6.7735E-03 8.3247E-03 1.5571E-02 2.4035E-02 0.0000E+00 1.0796E-02 6.5198E-03 3.2281E-03 2.3822E-03 1.0160E-03 2.1552E-04 1.4891E-04 0.0000E+00
 0.0000E+00 3.3093E-05 1.5727E-04 2.5699E-04 5.9090E-04 7.4880E-04 2.3391E-03 1.5427E-03 3.6305E-03 3.8764E-03 4.0113E-03 3.5618E-03 5.9321E-03 7.3733E-03 1.5756E-02 2.4809E-02 0.0000E+00 1.1824E-02 7.1959E-03 3.5270E-03 2.5416E-03 1.0832E-03 2.3210E-04 9.1003E-05 0.0000E+00
 0.0000E+00 7.4460E-05 1.9866E-04 2.7357E-04 6.8245E-04 5.6370E-04 2.0489E-03 1.6294E-03 3.4822E-03 3.9116E-03 3.3851E-03 3.3693E-03 5.4903E-03 7.3495E-03 1.5656E-02 2.3363E-02 0.0000E+00 1.0645E-02 6.1334E-03 3.5868E-03 2.5859E-03 1.0748E-03 2.2381E-04 1.1582E-04 0.0000E+00
 0.0000E+00 6.6187E-05 1.4899E-04 2.6528E-04 5.9922E-04 6.9832E-04 2.2794E-03 1.4040E-03 4.0320E-03 4.0961E-03 3.7118E-03 3.5907E-03 6.4790E-03 7.7538E-03 1.4889E-02 2.2935E-02 0.0000E+00 1.0830E-02 6.3266E-03 3.4473E-03 2.2051E-03 1.0244E-03 2.7354E-04 6.6184E-05 0.0000E+00
 0.0000E+00 4.1367E-05 1.9866E-04 2.3212E-04 6.1587E-04 6.6466E-04 1.9208E-03 1.5774E-03 3.6916E-03 4.5093E-03 4.0385E-03 3.9661E-03 5.9636E-03 8.0749E-03 1.4021E-02 2.2528E-02 0.0000E+00 1.1234E-02 6.4956E-03 3.4573E-03 2.5062E-03 1.1000E-03 2.1552E-04 1.0755E-04 0.0000E+00
 0.0000E+00 1.6547E-05 2.0693E-04 2.7357E-04 5.8258E-04 6.8149E-04 2.2282E-03 1.6554E-03 3.9796E-03 3.7358E-03 3.8025E-03 3.5618E-03 6.1003E-03 8.3604E-03 1.6467E-02 2.4137E-02 0.0000E+00 1.1840E-02 5.9403E-03 3.2580E-03 2.3291E-03 1.1671E-03 1.5750E-04 1.6546E-05 0.0000E+00
 0.0000E+00 5.7913E-05 1.7382E-04 2.1554E-04 6.1587E-04 4.8798E-04 1.9977E-03 1.7854E-03 4.2938E-03 3.6039E-03 4.0294E-03 3.7640E-03 6.0057E-03 8.3485E-03 1.5386E-02 2.3424E-02 0.0000E+00 1.1082E-02 6.7975E-03 3.3078E-03 2.4088E-03 1.2847E-03 2.8183E-04 1.0755E-04 0.0000E+00
 0.0000E+00 6.6187E-05 1.7382E-04 2.5699E-04 6.8245E-04 6.6466E-04 1.8696E-03 1.6814E-03 4.2153E-03 3.5687E-03 4.1474E-03 3.6292E-03 5.4272E-03 7.9085E-03 1.5201E-02 2.4300E-02 0.0000E+00 1.0914E-02 6.9182E-03 2.8396E-03 2.5947E-03 1.1755E-03 2.8183E-04 1.5719E-04 0.0000E+00
 0.0000E+00 9.1006E-05 1.9866E-04 2.0725E-04 5.3264E-04 7.6563E-04 2.4672E-03 1.5687E-03 3.6480E-03 3.6654E-03 3.4032E-03 3.7929E-03 6.4895E-03 7.9441E-03 1.4960E-02 2.2895E-02 0.0000E+00 1.1419E-02 6.2542E-03 3.7960E-03 2.6390E-03 1.1671E-03 3.3157E-04 8.2730E-05 0.0000E+00
 0.0000E+00 4.9640E-05 1.6555E-04 2.9844E-04 5.8258E-04 6.1418E-04 2.1172E-03 1.8374E-03 3.9011E-03 3.7358E-03 3.8025E-03 3.2538E-03 6.3317E-03 8.3128E-03 1.5813E-02 2.3078E-02 0.0000E+00 1.2059E-02 6.3870E-03 3.0388E-03 2.6036E-03 1.1755E-03 2.4868E-04 4.9638E-05 0.0000E+00
 0.0000E+00 4.9640E-05 1.3244E-04 2.8186E-04 7.2406E-04 6.1418E-04 1.6220E-03 1.4560E-03 3.9535E-03 3.4369E-03 4.3017E-03 3.5137E-03 6.0267E-03 8.0155E-03 1.5543E-02 2.3750E-02 0.0000E+00 1.2329E-02 5.9040E-03 3.1285E-03 2.3822E-03 1.1671E-03 1.9065E-04 8.2730E-05 0.0000E+00
 0.0000E+00 4.1367E-05 2.2349E-04 2.4041E-04 6.9909E-04 6.6466E-04 2.1684E-03 1.6467E-03 3.6305E-03 3.7709E-03 4.2109E-03 3.8025E-03 6.5000E-03 7.8490E-03 1.5614E-02 2.3974E-02 0.0000E+00 1.1487E-02 5.4815E-03 3.5171E-03 2.4353E-03 1.1755E-03 1.9894E-04 7.4457E-05 0.0000E+00
 0.0000E+00 4.1367E-05 1.6555E-04 1.9896E-04 6.8245E-04 7.7404E-04 2.4672E-03 1.6120E-03 3.6218E-03 4.2104E-03 3.8751E-03 3.6677E-03 6.0898E-03 7.5755E-03 1.4377E-02 2.1449E-02 0.0000E+00 1.1874E-02 6.0610E-03 3.2780E-03 2.0457E-03 1.1755E-03 1.5750E-04 9.9276E-05 0.0000E+00
 0.0000E+00 3.3093E-05 1.9866E-04 2.0725E-04 5.0767E-04 5.5529E-04 2.2879E-03 1.8374E-03 3.4647E-03 4.0698E-03 3.3397E-03 3.9565E-03 5.7112E-03 8.2058E-03 1.6040E-02 2.3872E-02 0.0000E+00 1.1150E-02 6.5681E-03 3.4673E-03 2.4531E-03 1.1503E-03 2.1552E-04 5.7911E-05 0.0000E+00
 0.0000E+00 8.2733E-05 1.9866E-04 2.1554E-04 6.8245E-04 7.2356E-04 2.2794E-03 1.6900E-03 3.5782E-03 3.5248E-03 3.5938E-03 3.5522E-03 5.1748E-03 8.8004E-03 1.5457E-02 2.2569E-02 0.0000E+00 1.1167E-02 7.3287E-03 3.0986E-03 2.2051E-03 1.0916E-03 2.3210E-04 5.7911E-05 0.0000E+00
 0.0000E+00 1.0755E-04 1.9038E-04 2.1554E-04 5.0767E-04 7.3197E-04 2.6123E-03 1.7160E-03 3.9709E-03 3.5160E-03 4.1837E-03 3.6388E-03 5.6796E-03 8.0512E-03 1.5486E-02 2.3139E-02 0.0000E+00 1.1251E-02 6.1214E-03 3.5171E-03 2.0900E-03 1.2175E-03 2.2381E-04 6.6184E-05 0.0000E+00
 0.0000E+00 5.7913E-05 2.9798E-04 2.9015E-04 6.0754E-04 6.3101E-04 2.4587E-03 1.7507E-03 3.8051E-03 4.3511E-03 4.2654E-03 3.7736E-03 5.9426E-03 8.3604E-03 1.4803E-02 2.1530E-02 0.0000E+00 1.2565E-02 6.2300E-03 3.5868E-03 2.5062E-03 1.0832E-03 2.9012E-04 5.7911E-05 0.0000E+00
 0.0000E+00 8.2733E-05 9.1051E-05 2.8186E-04 6.0754E-04 5.8894E-04 1.8269E-03 1.5600E-03 3.6567E-03 4.4829E-03 4.0566E-03 3.6100E-03 6.3002E-03 7.8728E-03 1.6638E-02 2.2304E-02 0.0000E+00 1.0981E-02 5.8678E-03 3.0189E-03 2.8073E-03 9.8240E-04 2.7354E-04 7.4457E-05 0.0000E+00
 0.0000E+00 5.7913E-05 2.6488E-04 2.5699E-04 7.3238E-04 7.9928E-04 2.1257E-03 1.5514E-03 4.1716E-03 4.0610E-03 3.3215E-03 3.4848E-03 5.6586E-03 7.8133E-03 1.5159E-02 2.2976E-02 0.0000E+00 1.0594E-02 5.7591E-03 3.0687E-03 2.6125E-03 1.3099E-03 2.4868E-04 1.4064E-04 0.0000E+00
 0.0000E+00 8.2733E-05 1.9038E-04 2.1554E-04 8.4890E-04 6.9832E-04 1.9977E-03 1.3260E-03 4.0058E-03 3.8676E-03 3.4395E-03 3.5522E-03 5.9005E-03 7.9679E-03 1.6851E-02 2.2324E-02 0.0000E+00 1.0577E-02 6.2059E-03 3.3278E-03 2.3734E-03 9.6561E-04 2.1552E-04 4.9638E-05 0.0000E+00
 0.0000E+00 6.6187E-05 2.4832E-04 3.5647E-04 7.6567E-04 6.7308E-04 2.2965E-03 1.3694E-03 3.8051E-03 3.6479E-03 3.5938E-03 3.9565E-03 6.2686E-03 7.7538E-03 1.6183E-02 2.3404E-02 0.0000E+00 1.1335E-02 6.0851E-03 3.0886E-03 2.1342E-03 9.5721E-04 2.2381E-04 1.1582E-04 0.0000E+00
 0.0000E+00 7.4460E-05 2.0693E-04 3.0673E-04 5.9922E-04 6.8149E-04 2.2196E-03 1.6380E-03 4.1542E-03 3.2699E-03 3.7481E-03 2.8976E-03 6.4895E-03 8.5031E-03 1.4320E-02 2.2976E-02 0.0000E+00 1.1638E-02 6.2059E-03 2.8595E-03 2.3468E-03 1.0412E-03 1.4921E-04 8.2730E-05 0.0000E+00
 0.0000E+00 1.6547E-05 2.3177E-04 1.9896E-04 6.7412E-04 5.9736E-04 2.0147E-03 1.6294E-03 3.5171E-03 4.3511E-03 3.7844E-03 3.9084E-03 6.5947E-03 7.8014E-03 1.4434E-02 2.3017E-02 0.0000E+00 1.0948E-02 5.8316E-03 3.0588E-03 2.1697E-03 1.1000E-03 2.3210E-04 8.2730E-05 0.0000E+00
 0.0000E+00 6.6187E-05 2.0693E-04 3.1502E-04 6.4916E-04 8.3293E-04 2.2111E-03 1.7507E-03 3.9535E-03 4.3950E-03 3.9296E-03 3.5426E-03 6.2371E-03 8.5744E-03 1.5756E-02 2.2813E-02 0.0000E+00 1.1099E-02 5.7712E-03 2.8196E-03 2.4353E-03 9.7400E-04 1.7407E-04 1.3237E-04 0.0000E+00
 0.0000E+00 2.4820E-05 1.9038E-04 2.3212E-04 7.3238E-04 6.7308E-04 2.1001E-03 1.5860E-03 4.3026E-03 3.5512E-03 3.9205E-03 3.2634E-03 5.7848E-03 7.9679E-03 1.5927E-02 2.2915E-02 0.0000E+00 1.1992E-02 5.9040E-03 3.2082E-03 2.6125E-03 1.1335E-03 1.6578E-04 1.0755E-04 0.0000E+00
 0.0000E+00 3.3093E-05 1.8210E-04 2.1554E-04 6.6580E-04 5.8053E-04 1.8525E-03 1.7680E-03 3.9360E-03 3.6127E-03 4.1292E-03 3.3212E-03 6.4580E-03 8.7528E-03 1.5102E-02 2.4035E-02 0.0000E+00 1.1049E-02 6.6043E-03 3.2082E-03 2.3822E-03 1.0832E-03 2.0723E-04 1.1582E-04 0.0000E+00
 0.0000E+00 1.6547E-05 1.5727E-04 1.5751E-04 7.2406E-04 4.7115E-04 2.2794E-03 1.6294E-03 3.7702E-03 3.9467E-03 3.7118E-03 3.5426E-03 6.5000E-03 8.0155E-03 1.3922E-02 2.3934E-02 0.0000E+00 1.2076E-02 6.0731E-03 3.6366E-03 2.3025E-03 1.1419E-03 2.9012E-04 1.5719E-04 0.0000E+00
 0.0000E+00 4.1367E-05 2.1521E-04 3.0673E-04 7.4903E-04 6.1418E-04 1.9294E-03 1.6467E-03 3.2902E-03 3.8149E-03 3.7662E-03 3.5522E-03 5.8900E-03 7.2782E-03 1.4561E-02 2.3913E-02 0.0000E+00 1.1638E-02 5.9885E-03 3.2580E-03 2.5859E-03 1.1251E-03 3.3157E-04 4.9638E-05 0.0000E+00
 0.0000E+00 6.6187E-05 1.9866E-04 2.3212E-04 6.8245E-04 5.8053E-04 1.8440E-03 1.6294E-03 3.7440E-03 3.8852E-03 3.5212E-03 3.4271E-03 5.7217E-03 7.9085E-03 1.5386E-02 2.3485E-02 0.0000E+00 1.0914E-02 6.4715E-03 3.3377E-03 2.6125E-03 1.2847E-03 3.0670E-04 3.3092E-05 0.0000E+00
 0.0000E+00 4.9640E-05 1.9038E-04 2.4041E-04 7.0741E-04 6.3101E-04 2.5013E-03 1.7940E-03 3.3425E-03 4.0522E-03 3.6755E-03 3.4078E-03 5.9846E-03 8.0868E-03 1.5756E-02 2.4097E-02 0.0000E+00 1.0880E-02 5.2762E-03 3.7163E-03 2.2051E-03 1.1923E-03 2.0723E-04 1.0755E-04 0.0000E+00
 0.0000E+00 2.4820E-05 2.3177E-04 2.8186E-04 5.9090E-04 6.4784E-04 2.3221E-03 1.7334E-03 3.9447E-03 3.5951E-03 3.4849E-03 3.0324E-03 6.3423E-03 7.6349E-03 1.4846E-02 2.2691E-02 0.0000E+00 1.0628E-02 6.5802E-03 3.3178E-03 2.2582E-03 7.8088E-04 3.3986E-04 7.4457E-05 0.0000E+00
 0.0000E+00 1.6547E-05 2.0693E-04 2.1554E-04 6.3251E-04 5.0481E-04 2.0233E-03 1.6987E-03 3.8400E-03 4.0170E-03 3.8388E-03 3.3693E-03 5.9215E-03 7.0046E-03 1.4675E-02 2.4158E-02 0.0000E+00 1.1941E-02 5.9161E-03 2.9292E-03 2.3556E-03 1.0328E-03 2.4039E-04 1.2410E-04 0.0000E+00
 0.0000E+00 5.7913E-05 1.4899E-04 2.3212E-04 6.9909E-04 7.2356E-04 2.2708E-03 1.7594E-03 3.5084E-03 3.5336E-03 3.6210E-03 3.5618E-03 5.9636E-03 8.0393E-03 1.4746E-02 2.4422E-02 0.0000E+00 1.2211E-02 6.1938E-03 2.9591E-03 2.7719E-03 8.5645E-04 1.2434E-04 1.3237E-04 0.0000E+00
 0.0000E+00 9.9280E-05 1.3244E-04 2.3212E-04 8.0728E-04 5.1322E-04 1.9379E-03 1.6380E-03 3.8575E-03 2.9622E-03 3.7390E-03 3.4463E-03 5.2063E-03 7.3376E-03 1.4860E-02 2.1550E-02 0.0000E+00 1.0510E-02 6.1576E-03 3.6067E-03 2.6833E-03 1.1503E-03 2.5697E-04 9.1003E-05 0.0000E+00
 0.0000E+00 8.2733E-05 2.2349E-04 2.3212E-04 7.8232E-04 6.7308E-04 1.9123E-03 1.3607E-03 3.7265E-03 3.4281E-03 4.0476E-03 3.5426E-03 5.8164E-03 7.7182E-03 1.5088E-02 2.3506E-02 0.0000E+00 1.0830E-02 5.7109E-03 2.5805E-03 2.5150E-03 9.9080E-04 2.7354E-04 5.7911E-05 0.0000E+00
 0.0000E+00 5.7913E-05 1.3244E-04 1.9896E-04 6.8245E-04 5.9736E-04 2.1684E-03 1.5427E-03 3.7091E-03 3.6830E-03 3.9659E-03 3.2538E-03 5.7533E-03 7.8252E-03 1.4490E-02 2.4198E-02 0.0000E+00 1.1672E-02 6.2179E-03 2.7698E-03 2.2139E-03 9.4042E-04 2.3210E-04 1.0755E-04 0.0000E+00
 0.0000E+00 5.7913E-05 1.5727E-04 3.7305E-04 6.1587E-04 6.2260E-04 2.2965E-03 1.5774E-03 3.3164E-03 3.6039E-03 3.5393E-03 3.6388E-03 5.9846E-03 8.5150E-03 1.4405E-02 2.3506E-02 0.0000E+00 1.1268E-02 5.9403E-03 2.8495E-03 2.3025E-03 1.0244E-03 1.6578E-04 8.2730E-05 0.0000E+00
 0.0000E+00 9.9280E-05 1.4072E-04 2.3212E-04 6.8245E-04 6.8990E-04 2.3306E-03 1.6120E-03 3.1680E-03 3.4896E-03 3.8570E-03 3.4944E-03 5.4798E-03 7.9679E-03 1.5031E-02 2.3078E-02 0.0000E+00 1.1015E-02 6.3145E-03 3.0488E-03 2.3379E-03 1.0580E-03 9.1182E-05 1.3237E-04 0.0000E+00
 0.0000E+00 9.9280E-05 1.6555E-04 2.2383E-04 5.0767E-04 8.0769E-04 2.3135E-03 1.5340E-03 3.5520E-03 3.8764E-03 3.4758E-03 3.4367E-03 6.3002E-03 7.3138E-03 1.6026E-02 2.3628E-02 0.0000E+00 1.1150E-02 6.9544E-03 2.9890E-03 2.2139E-03 1.1503E-03 2.3210E-04 1.4064E-04 0.0000E+00
 0.0000E+00 4.1367E-05 1.5727E-04 2.8186E-04 5.4096E-04 7.4039E-04 1.8525E-03 1.6727E-03 3.7615E-03 3.5512E-03 4.2563E-03 3.5618E-03 5.9846E-03 7.4565E-03 1.5230E-02 2.2263E-02 0.0000E+00 1.0981E-02 6.2783E-03 3.2580E-03 2.5682E-03 1.0076E-03 2.3210E-04 9.1003E-05 0.0000E+00
 0.0000E+00 9.9280E-05 1.6555E-04 3.8134E-04 4.9103E-04 7.9087E-04 1.7159E-03 1.4214E-03 4.0582E-03 3.6566E-03 3.5121E-03 3.1864E-03 5.9215E-03 7.3376E-03 1.4732E-02 2.3384E-02 0.0000E+00 1.0880E-02 5.6626E-03 3.0488E-03 2.5947E-03 1.2091E-03 2.3210E-04 1.0755E-04 0.0000E+00
 0.0000E+00 1.0755E-04 1.8210E-04 3.1502E-04 5.5761E-04 6.3101E-04 1.9464E-03 1.5167E-03 3.2989E-03 3.8324E-03 3.7844E-03 3.3885E-03 6.5526E-03 7.1236E-03 1.4462E-02 2.2732E-02 0.0000E+00 1.0729E-02 6.5319E-03 2.8196E-03 2.4442E-03 1.1251E-03 2.8183E-04 6.6184E-05 0.0000E+00
 0.0000E+00 9.1006E-05 1.6555E-04 2.2383E-04 5.3264E-04 6.6466E-04 2.0916E-03 1.6120E-03 4.0233E-03 3.6303E-03 3.8660E-03 3.4463E-03 5.7533E-03 7.8966E-03 1.4604E-02 2.2121E-02 0.0000E+00 1.1807E-02 6.3870E-03 3.2780E-03 2.4796E-03 9.4881E-04 1.4921E-04 9.1003E-05 0.0000E+00
 0.0000E+00 9.1006E-05 1.9038E-04 2.9015E-04 4.2445E-04 6.4784E-04 1.9550E-03 1.6120E-03 3.9709E-03 3.6566E-03 3.7027E-03 3.5329E-03 6.0898E-03 7.3257E-03 1.5386E-02 2.1978E-02 0.0000E+00 1.0493E-02 5.8316E-03 3.2780E-03 2.7364E-03 8.6485E-04 2.3210E-04 9.1003E-05 0.0000E+00
 0.0000E+00 4.9640E-05 1.1588E-04 3.0673E-04 5.9090E-04 7.3197E-04 1.8269E-03 1.4820E-03 3.8487E-03 3.6654E-03 4.0113E-03 3.6100E-03 6.7104E-03 7.5041E-03 1.5187E-02 2.4097E-02 0.0000E+00 1.1840E-02 6.2783E-03 2.9791E-03 2.5416E-03 1.2259E-03 1.8236E-04 1.2410E-04 0.0000E+00
 0.0000E+00 2.4820E-05 1.4899E-04 1.8238E-04 4.7438E-04 7.0673E-04 2.0574E-03 1.3780E-03 3.6655E-03 3.8676E-03 3.5666E-03 3.7544E-03 6.0478E-03 8.5982E-03 1.4533E-02 2.2650E-02 0.0000E+00 1.1251E-02 5.6746E-03 3.1285E-03 2.4265E-03 1.2679E-03 1.4092E-04 1.0755E-04 0.0000E+00
 0.0000E+00 4.9640E-05 1.2416E-04 2.6528E-04 6.0754E-04 5.6370E-04 1.8952E-03 1.4820E-03 3.6742E-03 3.3929E-03 3.1128E-03 3.5907E-03 5.6060E-03 7.8371E-03 1.4192E-02 2.3180E-02 0.0000E+00 1.1773E-02 5.9644E-03 2.9890E-03 2.2405E-03 1.0076E-03 1.0776E-04 9.9276E-05 0.0000E+00
 0.0000E+00 4.1367E-05 1.8210E-04 1.9067E-04 7.0741E-04 4.8798E-04 2.1257E-03 1.7940E-03 3.5084E-03 3.9643E-03 3.8025E-03 3.7158E-03 5.7427E-03 8.3009E-03 1.4746E-02 2.3200E-02 0.0000E+00 1.0695E-02 5.8799E-03 3.4174E-03 2.3202E-03 8.9843E-04 2.4868E-04 7.4457E-05 0.0000E+00
 0.0000E+00 3.3093E-05 2.8143E-04 3.2331E-04 6.6580E-04 7.4039E-04 2.1684E-03 1.5860E-03 3.1767E-03 3.9203E-03 3.1763E-03 3.6388E-03 6.3948E-03 7.3019E-03 1.4775E-02 2.4056E-02 0.0000E+00 1.1200E-02 6.0610E-03 2.9193E-03 2.5239E-03 1.0832E-03 1.9894E-04 1.2410E-04 0.0000E+00
 0.0000E+00 8.2733E-05 2.7315E-04 3.4818E-04 3.9116E-04 5.4688E-04 1.8269E-03 1.3434E-03 3.3949E-03 3.1292E-03 3.9477E-03 3.1383E-03 5.7112E-03 7.9322E-03 1.4817E-02 2.4137E-02 0.0000E+00 1.0948E-02 5.9040E-03 2.8296E-03 2.5682E-03 1.1923E-03 1.8236E-04 1.1582E-04 0.0000E+00
 0.0000E+00 2.4820E-05 1.9038E-04 4.0621E-04 5.8258E-04 7.0673E-04 2.2282E-03 1.5080E-03 3.6393E-03 4.0434E-03 3.9750E-03 3.5811E-03 5.8058E-03 7.3376E-03 1.5713E-02 2.3078E-02 0.0000E+00 1.0661E-02 6.7250E-03 2.8595E-03 2.3114E-03 9.3202E-04 1.5750E-04 6.6184E-05 0.0000E+00
 0.0000E+00 1.1583E-04 2.2349E-04 2.8186E-04 5.0767E-04 8.0769E-04 2.0745E-03 1.6207E-03 3.7702E-03 3.9643E-03 3.2308E-03 3.3885E-03 5.8374E-03 7.7657E-03 1.4291E-02 2.2691E-02 0.0000E+00 9.9035E-03 6.1455E-03 3.3477E-03 2.2848E-03 1.0412E-03 1.2434E-04 4.1365E-05 0.0000E+00
 0.0000E+00 2.4820E-05 1.2416E-04 3.0673E-04 7.2406E-04 7.4880E-04 2.0318E-03 1.2654E-03 3.3775E-03 3.8852E-03 3.3034E-03 3.1575E-03 5.7427E-03 8.1344E-03 1.4874E-02 2.3282E-02 0.0000E+00 1.2043E-02 6.3145E-03 3.3477E-03 2.7453E-03 9.9919E-04 1.5750E-04 8.2730E-05 0.0000E+00
 0.0000E+00 4.1367E-05 1.8210E-04 2.8186E-04 6.1587E-04 4.9639E-04 2.0147E-03 1.1614E-03 3.4211E-03 3.5248E-03 3.3215E-03 3.0131E-03 6.0688E-03 8.0512E-03 1.4291E-02 2.2915E-02 0.0000E+00 1.0375E-02 6.3266E-03 3.3876E-03 2.5328E-03 1.1419E-03 1.2434E-04 8.2730E-05 0.0000E+00
 0.0000E+00 5.7913E-05 1.2416E-04 2.9015E-04 5.7425E-04 5.8894E-04 2.3221E-03 1.3780E-03 3.6480E-03 3.8676E-03 3.2580E-03 3.1094E-03 5.5534E-03 7.9203E-03 1.5429E-02 2.4056E-02 0.0000E+00 1.0931E-02 5.9040E-03 2.9691E-03 2.3291E-03 9.4042E-04 2.0723E-04 1.4891E-04 0.0000E+00
 0.0000E+00 5.7913E-05 2.3177E-04 2.4041E-04 6.7412E-04 5.8894E-04 2.0830E-03 1.3607E-03 3.3076E-03 3.4105E-03 3.7844E-03 3.2056E-03 5.8584E-03 8.1701E-03 1.5287E-02 2.2610E-02 0.0000E+00 1.0931E-02 6.0851E-03 3.2580E-03 2.2936E-03 1.1923E-03 2.3210E-04 6.6184E-05 0.0000E+00
 0.0000E+00 8.2733E-05 1.4899E-04 1.9067E-04 4.4942E-04 6.0577E-04 2.2025E-03 1.5687E-03 3.5171E-03 3.5512E-03 3.3941E-03 3.6003E-03 5.7322E-03 7.4209E-03 1.5272E-02 2.2976E-02 0.0000E+00 1.2076E-02 5.4332E-03 3.3377E-03 2.0900E-03 1.2007E-03 1.5750E-04 5.7911E-05 0.0000E+00
 0.0000E+00 4.9640E-05 1.5727E-04 2.4041E-04 6.2419E-04 6.8149E-04 2.0574E-03 1.3434E-03 3.6829E-03 3.5775E-03 3.8388E-03 3.0035E-03 6.6683E-03 7.8966E-03 1.5045E-02 2.3974E-02 0.0000E+00 1.0678E-02 6.2300E-03 2.9890E-03 2.3999E-03 9.9080E-04 3.0670E-04 1.1582E-04 0.0000E+00
 0.0000E+00 4.9640E-05 2.0693E-04 2.9844E-04 4.0780E-04 6.2260E-04 2.1684E-03 1.4300E-03 3.4298E-03 3.6303E-03 3.4214E-03 3.1286E-03 6.2476E-03 7.7301E-03 1.4846E-02 2.2895E-02 0.0000E+00 1.1739E-02 6.1214E-03 2.8097E-03 2.3556E-03 9.6561E-04 1.9065E-04 8.2730E-05 0.0000E+00
 0.0000E+00 2.4820E-05 1.6555E-04 2.8186E-04 4.8271E-04 5.3005E-04 2.0830E-03 1.6207E-03 4.3549E-03 3.8852E-03 3.4304E-03 3.5522E-03 5.6165E-03 8.0036E-03 1.4803E-02 2.2182E-02 0.0000E+00 1.1605E-02 5.9161E-03 3.0089E-03 2.1077E-03 1.1755E-03 2.7354E-04 4.9638E-05 0.0000E+00
 0.0000E+00 4.9640E-05 1.5727E-04 2.2383E-04 5.1600E-04 6.2260E-04 1.9550E-03 1.4387E-03 3.4036E-03 3.7621E-03 3.1400E-03 3.1575E-03 5.5008E-03 7.8371E-03 1.5372E-02 2.3221E-02 0.0000E+00 1.0476E-02 5.5539E-03 3.1484E-03 2.1785E-03 9.8240E-04 2.9841E-04 6.6184E-05 0.0000E+00
 0.0000E+00 3.3093E-05 1.3244E-04 1.6580E-04 7.1574E-04 4.7957E-04 1.9208E-03 1.4214E-03 4.0495E-03 3.7885E-03 3.6029E-03 3.5426E-03 5.4377E-03 7.9322E-03 1.4860E-02 2.3832E-02 0.0000E+00 1.1049E-02 6.3387E-03 3.2481E-03 2.4088E-03 1.1167E-03 1.8236E-04 6.6184E-05 0.0000E+00
 0.0000E+00 4.9640E-05 2.4832E-04 3.2331E-04 5.8258E-04 7.4039E-04 2.2794E-03 1.4560E-03 3.3600E-03 4.1840E-03 3.3851E-03 3.0324E-03 5.0065E-03 8.1106E-03 1.5699E-02 2.2650E-02 0.0000E+00 1.0712E-02 5.6988E-03 3.1086E-03 2.1077E-03 1.1587E-03 1.7407E-04 7.4457E-05 0.0000E+00
 0.0000E+00 4.9640E-05 1.7382E-04 2.2383E-04 6.9909E-04 7.4880E-04 2.0318E-03 1.6727E-03 4.0058E-03 3.7006E-03 3.7299E-03 3.0901E-03 6.0372E-03 6.5527E-03 1.5429E-02 2.3424E-02 0.0000E+00 1.1874E-02 5.8678E-03 2.9791E-03 2.3291E-03 1.0412E-03 1.6578E-04 9.9276E-05 0.0000E+00
 0.0000E+00 8.2733E-05 1.9866E-04 2.2383E-04 5.5761E-04 5.0481E-04 2.1343E-03 1.7680E-03 4.0582E-03 3.6215E-03 3.8297E-03 3.1286E-03 5.7427E-03 6.9095E-03 1.5116E-02 2.3934E-02 0.0000E+00 1.0914E-02 5.9765E-03 2.8495E-03 2.3202E-03 9.6561E-04 2.4868E-04 9.9276E-05 0.0000E+00
 0.0000E+00 9.1006E-05 1.3244E-04 2.3212E-04 4.3277E-04 5.8053E-04 2.1343E-03 1.6467E-03 3.1942E-03 3.1556E-03 3.4758E-03 3.5714E-03 5.4167E-03 7.2306E-03 1.4434E-02 2.2121E-02 0.0000E+00 1.1066E-02 5.2279E-03 2.8794E-03 1.9217E-03 1.0748E-03 2.8183E-04 1.0755E-04 0.0000E+00
 0.0000E+00 6.6187E-05 1.6555E-04 2.3212E-04 5.5761E-04 6.6466E-04 1.8952E-03 1.8374E-03 3.8051E-03 4.0346E-03 3.2762E-03 3.3404E-03 5.6060E-03 7.3852E-03 1.6111E-02 2.2141E-02 0.0000E+00 1.0628E-02 5.6505E-03 3.0388E-03 2.4265E-03 9.4881E-04 1.9065E-04 4.9638E-05 0.0000E+00
 0.0000E+00 2.4820E-05 2.7315E-04 2.4870E-04 7.0741E-04 7.4880E-04 2.1513E-03 1.6380E-03 3.7004E-03 3.7709E-03 3.7118E-03 3.6581E-03 5.9215E-03 7.2782E-03 1.4434E-02 2.2732E-02 0.0000E+00 1.1167E-02 5.4815E-03 3.4374E-03 2.3999E-03 9.0683E-04 2.1552E-04 5.7911E-05 0.0000E+00
 0.0000E+00 3.3093E-05 1.9866E-04 2.2383E-04 4.8271E-04 5.7212E-04 1.7672E-03 1.5600E-03 3.4822E-03 3.1117E-03 3.8751E-03 3.4271E-03 5.1222E-03 7.9322E-03 1.4917E-02 2.3119E-02 0.0000E+00 1.1116E-02 6.0851E-03 2.8196E-03 2.1608E-03 1.0580E-03 1.5750E-04 7.4457E-05 0.0000E+00
 0.0000E+00 7.4460E-05 7.4496E-05 3.0673E-04 6.7412E-04 5.8053E-04 2.0916E-03 1.2047E-03 3.2815E-03 3.6742E-03 3.4304E-03 3.0709E-03 6.0583E-03 7.5992E-03 1.4988E-02 2.1449E-02 0.0000E+00 1.1352E-02 6.3025E-03 3.0388E-03 2.7807E-03 9.9919E-04 1.6578E-04 1.5719E-04 0.0000E+00
 0.0000E+00 2.4820E-05 1.9866E-04 2.4041E-04 4.1613E-04 4.7957E-04 1.9550E-03 1.5600E-03 3.1593E-03 3.2171E-03 3.8116E-03 3.4367E-03 5.6586E-03 7.4922E-03 1.5429E-02 2.2671E-02 0.0000E+00 1.1756E-02 6.1817E-03 3.0687E-03 1.9837E-03 9.7400E-04 1.4921E-04 7.4457E-05 0.0000E+00
 0.0000E+00 8.2733E-05 1.9866E-04 2.4870E-04 5.1600E-04 4.2909E-04 2.1855E-03 1.5860E-03 3.1855E-03 3.2787E-03 3.7118E-03 3.0805E-03 6.3212E-03 7.6230E-03 1.4889E-02 2.3526E-02 0.0000E+00 1.1419E-02 5.5780E-03 3.2281E-03 2.4088E-03 9.0683E-04 1.3263E-04 9.1003E-05 0.0000E+00
 0.0000E+00 2.4820E-05 1.7382E-04 2.9015E-04 5.2432E-04 6.3101E-04 2.0147E-03 1.5774E-03 2.9935E-03 3.6654E-03 3.5847E-03 3.2345E-03 5.5745E-03 6.9095E-03 1.4689E-02 2.2019E-02 0.0000E+00 1.1251E-02 6.3991E-03 3.0189E-03 2.5328E-03 1.0076E-03 2.0723E-04 9.1003E-05 0.0000E+00
 0.0000E+00 7.4460E-05 1.2416E-04 2.2383E-04 6.1587E-04 6.3942E-04 1.6733E-03 1.4474E-03 3.3687E-03 3.7973E-03 3.4486E-03 3.1383E-03 5.9110E-03 7.3257E-03 1.4448E-02 2.2895E-02 0.0000E+00 1.0510E-02 5.4935E-03 2.9990E-03 2.4796E-03 1.1167E-03 1.1605E-04 1.0755E-04 0.0000E+00
 0.0000E+00 8.2733E-05 1.9866E-04 3.2331E-04 6.0754E-04 5.4688E-04 1.9294E-03 1.6640E-03 3.5258E-03 3.8676E-03 3.4577E-03 3.1383E-03 6.1845E-03 7.3376E-03 1.4462E-02 2.2793E-02 0.0000E+00 1.1082E-02 5.9040E-03 2.9691E-03 2.0368E-03 8.5645E-04 1.8236E-04 6.6184E-05 0.0000E+00
 0.0000E+00 6.6187E-05 1.5727E-04 2.9844E-04 7.2406E-04 7.0673E-04 1.8098E-03 1.4214E-03 3.5869E-03 3.9731E-03 3.2943E-03 3.2827E-03 5.0801E-03 8.0749E-03 1.3808E-02 2.3241E-02 0.0000E+00 1.0678E-02 6.1576E-03 3.0388E-03 2.4708E-03 1.0580E-03 1.8236E-04 1.2410E-04 0.0000E+00
 0.0000E+00 8.2733E-05 2.2349E-04 2.4870E-04 5.8258E-04 4.8798E-04 2.2111E-03 1.4560E-03 3.6916E-03 3.6039E-03 3.4123E-03 2.9554E-03 6.1319E-03 7.5636E-03 1.3779E-02 2.2854E-02 0.0000E+00 1.1268E-02 6.1214E-03 3.2979E-03 1.8331E-03 1.1167E-03 1.6578E-04 7.4457E-05 0.0000E+00
 0.0000E+00 1.6547E-05 9.1051E-05 2.4041E-04 8.4058E-04 5.8894E-04 1.9635E-03 1.4040E-03 3.5084E-03 3.9643E-03 3.6482E-03 3.2441E-03 5.5219E-03 8.4555E-03 1.4675E-02 2.2467E-02 0.0000E+00 1.0914E-02 5.8074E-03 3.0488E-03 2.3202E-03 9.9919E-04 1.6578E-04 3.3092E-05 0.0000E+00
 0.0000E+00 7.4460E-05 1.4072E-04 2.3212E-04 6.3251E-04 5.5529E-04 1.6306E-03 1.4994E-03 3.8225E-03 3.6215E-03 3.4940E-03 3.2730E-03 5.8900E-03 7.6825E-03 1.5628E-02 2.3465E-02 0.0000E+00 1.1402E-02 6.0610E-03 3.0588E-03 2.3025E-03 9.0683E-04 1.3263E-04 9.1003E-05 0.0000E+00
 0.0000E+00 2.4820E-05 2.1521E-04 3.0673E-04 6.7412E-04 5.3005E-04 2.0916E-03 1.2047E-03 3.7091E-03 3.7445E-03 3.3851E-03 3.2441E-03 5.0380E-03 7.1711E-03 1.5116E-02 2.3180E-02 0.0000E+00 1.1268E-02 5.4815E-03 2.9292E-03 2.2848E-03 8.3966E-04 1.9065E-04 8.2730E-05 0.0000E+00
 0.0000E+00 1.2410E-04 1.8210E-04 1.9067E-04 5.4096E-04 5.1322E-04 2.0062E-03 1.2654E-03 3.3600E-03 3.5863E-03 3.8842E-03 3.9565E-03 5.1853E-03 7.7657E-03 1.5486E-02 2.3689E-02 0.0000E+00 1.0981E-02 6.3508E-03 3.1285E-03 2.1520E-03 8.2286E-04 1.4921E-04 8.2730E-05 0.0000E+00
 0.0000E+00 4.1367E-05 1.4072E-04 1.8238E-04 4.9935E-04 5.7212E-04 2.3818E-03 1.3867E-03 3.6480E-03 3.8852E-03 3.6392E-03 3.2634E-03 5.1432E-03 7.6944E-03 1.5841E-02 2.3261E-02 0.0000E+00 9.1287E-03 6.3025E-03 3.6067E-03 2.3556E-03 1.1335E-03 1.7407E-04 9.9276E-05 0.0000E+00
 0.0000E+00 9.1006E-05 1.2416E-04 2.2383E-04 5.9090E-04 5.3846E-04 1.6989E-03 1.3434E-03 3.3338E-03 3.4808E-03 2.7226E-03 2.9842E-03 6.5421E-03 7.1711E-03 1.4505E-02 2.2650E-02 0.0000E+00 1.0847E-02 6.3508E-03 2.8097E-03 2.0811E-03 1.1839E-03 2.2381E-04 1.4064E-04 0.0000E+00
 0.0000E+00 4.9640E-05 2.4004E-04 1.9896E-04 4.9935E-04 4.6274E-04 1.9806E-03 1.3954E-03 3.5084E-03 3.6654E-03 3.6664E-03 2.8783E-03 5.3536E-03 7.9679E-03 1.5187E-02 2.1999E-02 0.0000E+00 1.0257E-02 6.2059E-03 2.7997E-03 2.2139E-03 1.0496E-03 2.6526E-04 7.4457E-05 0.0000E+00
 0.0000E+00 8.2733E-05 1.5727E-04 2.3212E-04 7.3238E-04 6.8990E-04 2.5099E-03 1.2827E-03 3.4996E-03 3.5600E-03 3.4123E-03 3.2441E-03 5.9110E-03 7.3138E-03 1.5415E-02 2.2508E-02 0.0000E+00 1.0796E-02 5.7712E-03 3.3577E-03 2.1697E-03 8.4805E-04 1.9894E-04 2.4819E-05 0.0000E+00
 0.0000E+00 8.2733E-05 2.1521E-04 2.4041E-04 5.4929E-04 5.6370E-04 1.8611E-03 1.2740E-03 3.1855E-03 3.1468E-03 3.1673E-03 3.5714E-03 5.8584E-03 8.0036E-03 1.5201E-02 2.1693E-02 0.0000E+00 1.1941E-02 5.9040E-03 2.7001E-03 2.2582E-03 1.1587E-03 1.0776E-04 9.1003E-05 0.0000E+00
 0.0000E+00 4.9640E-05 1.6555E-04 1.7409E-04 4.4109E-04 8.2452E-04 2.0147E-03 1.5774E-03 3.4473E-03 4.1753E-03 3.5666E-03 3.5233E-03 6.0478E-03 8.1106E-03 1.4178E-02 2.2223E-02 0.0000E+00 1.0695E-02 6.0127E-03 3.1484E-03 2.3734E-03 7.8088E-04 2.4039E-04 1.2410E-04 0.0000E+00
 0.0000E+00 4.9640E-05 2.4832E-04 2.9844E-04 6.6580E-04 6.8990E-04 1.9038E-03 1.4040E-03 3.2204E-03 3.5951E-03 3.3397E-03 3.1960E-03 5.7007E-03 8.2177E-03 1.4234E-02 2.3139E-02 0.0000E+00 1.1504E-02 5.9885E-03 2.7798E-03 2.2936E-03 1.1503E-03 1.5750E-04 6.6184E-05 0.0000E+00
 0.0000E+00 6.6187E-05 1.6555E-04 2.6528E-04 4.9935E-04 6.0577E-04 1.5452E-03 1.2220E-03 3.3687E-03 3.4457E-03 3.6664E-03 3.0612E-03 5.2274E-03 7.4922E-03 1.6012E-02 2.3465E-02 0.0000E+00 1.1268E-02 5.6867E-03 2.9890E-03 2.3291E-03 9.0683E-04 3.0670E-04 4.9638E-05 0.0000E+00
 0.0000E+00 9.9280E-05 1.7382E-04 2.6528E-04 5.9090E-04 7.8245E-04 2.0062E-03 1.3607E-03 3.4822E-03 3.4457E-03 3.3669E-03 3.2153E-03 5.0906E-03 7.6349E-03 1.5884E-02 2.2141E-02 0.0000E+00 1.1402E-02 5.7350E-03 2.5805E-03 2.1431E-03 8.3126E-04 1.9065E-04 4.1365E-05 0.0000E+00
 0.0000E+00 6.6187E-05 1.4072E-04 3.3160E-04 3.6619E-04 4.6274E-04 1.9977E-03 1.3780E-03 3.3600E-03 3.4896E-03 3.4123E-03 3.1094E-03 5.2484E-03 7.3852E-03 1.5017E-02 2.1265E-02 0.0000E+00 1.0779E-02 5.9644E-03 2.8296E-03 2.1697E-03 8.7324E-04 1.5750E-04 9.1003E-05 0.0000E+00
 0.0000E+00 8.2733E-05 1.7382E-04 2.7357E-04 4.8271E-04 5.6370E-04 2.0489E-03 1.5167E-03 3.2553E-03 3.4193E-03 3.4849E-03 3.2827E-03 5.4482E-03 6.7906E-03 1.4277E-02 2.2345E-02 0.0000E+00 1.0998E-02 6.1817E-03 2.8794E-03 2.0368E-03 9.5721E-04 1.5750E-04 1.3237E-04 0.0000E+00
 0.0000E+00 1.6547E-05 1.7382E-04 2.3212E-04 4.7438E-04 7.4880E-04 1.8781E-03 1.1960E-03 3.3862E-03 4.1840E-03 3.9659E-03 3.4078E-03 5.5850E-03 6.9927E-03 1.4590E-02 2.2874E-02 0.0000E+00 1.0762E-02 5.9040E-03 2.9492E-03 2.0457E-03 8.4805E-04 1.4092E-04 9.9276E-05 0.0000E+00
 0.0000E+00 6.6187E-05 2.3177E-04 1.4093E-04 6.3251E-04 4.7115E-04 1.8696E-03 1.4560E-03 3.1331E-03 3.4017E-03 3.2852E-03 3.5041E-03 5.3220E-03 6.8976E-03 1.4561E-02 2.3730E-02 0.0000E+00 1.0712E-02 6.1093E-03 3.2182E-03 2.2051E-03 9.3202E-04 2.1552E-04 8.2730E-05 0.0000E+00
 0.0000E+00 5.7913E-05 2.0693E-04 2.9844E-04 5.7425E-04 5.3846E-04 1.5964E-03 1.6034E-03 3.7353E-03 3.2435E-03 3.3669E-03 3.2249E-03 5.5745E-03 8.4079E-03 1.3779E-02 2.3200E-02 0.0000E+00 1.0729E-02 6.1214E-03 3.2182E-03 2.5062E-03 9.4042E-04 1.6578E-04 6.6184E-05 0.0000E+00
 0.0000E+00 4.9640E-05 2.0693E-04 2.8186E-04 6.9909E-04 4.8798E-04 2.1599E-03 1.1614E-03 3.6393E-03 3.2084E-03 3.2671E-03 3.0997E-03 5.6691E-03 8.1701E-03 1.5969E-02 2.4158E-02 0.0000E+00 1.0864E-02 5.4815E-03 2.7499E-03 2.2228E-03 9.1523E-04 1.2434E-04 9.9276E-05 0.0000E+00
 0.0000E+00 9.9280E-05 1.6555E-04 2.3212E-04 5.4096E-04 6.8990E-04 1.9806E-03 1.4647E-03 3.4473E-03 3.3402E-03 3.1582E-03 3.3115E-03 5.7743E-03 7.7420E-03 1.5400E-02 2.4137E-02 0.0000E+00 1.0611E-02 5.9765E-03 2.8595E-03 2.0811E-03 1.0076E-03 2.1552E-04 6.6184E-05 0.0000E+00
 0.0000E+00 1.5719E-04 2.0693E-04 2.0725E-04 5.4096E-04 3.9543E-04 1.8098E-03 1.4300E-03 3.0720E-03 3.2347E-03 3.7118E-03 3.3019E-03 5.6060E-03 7.6230E-03 1.4633E-02 2.3017E-02 0.0000E+00 1.2093E-02 6.3025E-03 2.9292E-03 2.0280E-03 9.3202E-04 2.1552E-04 5.7911E-05 0.0000E+00
 0.0000E+00 7.4460E-05 2.1521E-04 2.9015E-04 6.1587E-04 4.7957E-04 2.0745E-03 1.1267E-03 3.4647E-03 3.8324E-03 3.4577E-03 3.3115E-03 5.7743E-03 7.9917E-03 1.5329E-02 2.2182E-02 0.0000E+00 1.1133E-02 5.7350E-03 2.8097E-03 2.2317E-03 8.8164E-04 2.4868E-04 8.2730E-05 0.0000E+00
 0.0000E+00 1.6547E-05 1.5727E-04 2.4870E-04 4.4109E-04 5.7212E-04 1.8355E-03 1.2047E-03 3.5345E-03 3.7709E-03 4.2200E-03 3.4174E-03 5.5219E-03 8.0036E-03 1.5059E-02 2.1836E-02 0.0000E+00 1.0611E-02 5.7350E-03 2.9193E-03 1.9483E-03 1.0328E-03 1.8236E-04 8.2730E-05 0.0000E+00
 0.0000E+00 4.9640E-05 1.7382E-04 1.9067E-04 4.9103E-04 5.6370E-04 2.1428E-03 1.3607E-03 3.4385E-03 3.8764E-03 3.1763E-03 3.4752E-03 5.5008E-03 7.5636E-03 1.5145E-02 2.2365E-02 0.0000E+00 1.0308E-02 5.9644E-03 2.8894E-03 2.2405E-03 9.7400E-04 2.2381E-04 8.2730E-05 0.0000E+00
 0.0000E+00 2.4820E-05 1.9038E-04 2.4870E-04 6.2419E-04 4.1226E-04 2.0660E-03 1.4820E-03 3.0284E-03 3.5072E-03 3.2217E-03 2.9842E-03 5.0591E-03 8.3485E-03 1.5870E-02 2.4321E-02 0.0000E+00 1.0544E-02 5.8678E-03 2.8196E-03 2.3379E-03 9.4042E-04 2.1552E-04 4.9638E-05 0.0000E+00
 0.0000E+00 5.7913E-05 1.2416E-04 2.0725E-04 4.3277E-04 7.0673E-04 1.7928E-03 1.5254E-03 3.2291E-03 3.6742E-03 3.3941E-03 3.1286E-03 5.5639E-03 7.3852E-03 1.4192E-02 2.2854E-02 0.0000E+00 1.1352E-02 5.9282E-03 3.1086E-03 1.9040E-03 8.0607E-04 1.1605E-04 9.1003E-05 0.0000E+00
 0.0000E+00 6.6187E-05 1.1588E-04 1.9067E-04 6.9077E-04 6.3942E-04 1.8440E-03 1.2394E-03 3.7615E-03 3.1117E-03 3.2217E-03 3.6003E-03 5.6796E-03 6.5884E-03 1.5372E-02 2.2569E-02 0.0000E+00 1.0156E-02 5.2038E-03 2.8595E-03 2.2405E-03 9.4042E-04 1.6578E-04 7.4457E-05 0.0000E+00
 0.0000E+00 6.6187E-05 1.6555E-04 2.7357E-04 5.3264E-04 4.5433E-04 1.9721E-03 1.1787E-03 3.5084E-03 4.0170E-03 3.1128E-03 3.2345E-03 5.8058E-03 8.2771E-03 1.5201E-02 2.3139E-02 0.0000E+00 1.1251E-02 5.8195E-03 2.6503E-03 1.9748E-03 9.3202E-04 1.7407E-04 1.0755E-04 0.0000E+00
 0.0000E+00 1.1583E-04 1.2416E-04 2.5699E-04 5.2432E-04 4.5433E-04 2.0233E-03 1.5774E-03 3.1418E-03 3.4633E-03 3.3306E-03 3.1768E-03 5.3641E-03 7.9441E-03 1.4803E-02 2.1754E-02 0.0000E+00 1.0779E-02 5.5297E-03 3.0089E-03 2.2317E-03 7.3890E-04 1.5750E-04 9.1003E-05 0.0000E+00
 0.0000E+00 8.2733E-05 1.5727E-04 3.1502E-04 4.5774E-04 4.7115E-04 1.8696E-03 1.2654E-03 3.8225E-03 3.0413E-03 3.7481E-03 2.9746E-03 5.8058E-03 7.6230E-03 1.6339E-02 2.1123E-02 0.0000E+00 1.0998E-02 6.3387E-03 2.6901E-03 2.4088E-03 9.5721E-04 1.7407E-04 1.0755E-04 0.0000E+00
 0.0000E+00 6.6187E-05 2.4832E-04 1.2435E-04 5.9922E-04 4.9639E-04 1.7245E-03 1.4127E-03 3.5433E-03 3.7182E-03 3.9024E-03 3.3212E-03 5.6796E-03 7.8490E-03 1.3850E-02 2.2182E-02 0.0000E+00 1.0527E-02 4.9864E-03 2.9591E-03 2.4088E-03 9.9080E-04 2.1552E-04 1.0755E-04 0.0000E+00
 0.0000E+00 2.4820E-05 1.3244E-04 2.4041E-04 6.6580E-04 5.8053E-04 1.9294E-03 1.5167E-03 3.4385E-03 3.1556E-03 3.2399E-03 2.7147E-03 5.1327E-03 7.0641E-03 1.4960E-02 2.3282E-02 0.0000E+00 1.0459E-02 5.9282E-03 2.6303E-03 2.4885E-03 9.8240E-04 1.8236E-04 1.0755E-04 0.0000E+00
 0.0000E+00 4.9640E-05 2.5660E-04 1.9067E-04 5.2432E-04 5.7212E-04 1.7074E-03 1.3347E-03 3.0720E-03 3.8324E-03 3.4395E-03 3.3693E-03 5.6481E-03 7.5041E-03 1.6254E-02 2.3485E-02 0.0000E+00 1.0308E-02 5.3849E-03 2.7997E-03 2.0900E-03 1.0496E-03 1.2434E-04 5.7911E-05 0.0000E+00
 0.0000E+00 8.2733E-06 1.5727E-04 1.9896E-04 4.3277E-04 5.2164E-04 2.1172E-03 1.4040E-03 2.9935E-03 3.4457E-03 3.1491E-03 3.0516E-03 5.0696E-03 6.8619E-03 1.4050E-02 2.3037E-02 0.0000E+00 1.1318E-02 5.2641E-03 2.7698E-03 2.0280E-03 9.9919E-04 9.1182E-05 8.2730E-05 0.0000E+00
 0.0000E+00 6.6187E-05 1.7382E-04 2.2383E-04 6.7412E-04 6.6466E-04 1.8611E-03 1.5774E-03 3.3600E-03 3.3138E-03 3.5575E-03 3.3019E-03 5.0275E-03 7.6706E-03 1.4391E-02 2.2467E-02 0.0000E+00 1.1335E-02 5.6263E-03 3.1484E-03 2.0457E-03 1.1671E-03 2.8183E-04 4.9638E-05 0.0000E+00
 0.0000E+00 8.2733E-05 1.6555E-04 2.1554E-04 6.1587E-04 5.1322E-04 2.1257E-03 1.3780E-03 3.3513E-03 3.5600E-03 3.3669E-03 3.6485E-03 5.1011E-03 7.3971E-03 1.4434E-02 2.4158E-02 0.0000E+00 1.0240E-02 5.3728E-03 2.8495E-03 2.0103E-03 9.7400E-04 9.9471E-05 1.7373E-04 0.0000E+00
 0.0000E+00 1.0755E-04 1.3244E-04 3.2331E-04 5.9922E-04 5.8894E-04 1.5793E-03 1.2480E-03 3.8575E-03 3.5512E-03 3.2580E-03 3.2345E-03 5.3851E-03 7.6230E-03 1.5159E-02 2.3221E-02 0.0000E+00 1.1150E-02 5.6505E-03 2.8196E-03 2.0811E-03 1.1000E-03 1.4092E-04 1.4064E-04 0.0000E+00
 0.0000E+00 4.1367E-05 1.6555E-04 2.2383E-04 5.1600E-04 5.7212E-04 2.2282E-03 1.5080E-03 3.1156E-03 3.3402E-03 3.0947E-03 2.9650E-03 4.9749E-03 7.0998E-03 1.5329E-02 2.2630E-02 0.0000E+00 1.0291E-02 5.9040E-03 3.0089E-03 1.9660E-03 8.8164E-04 2.9012E-04 1.4064E-04 0.0000E+00
 0.0000E+00 5.7913E-05 1.2416E-04 1.8238E-04 5.7425E-04 3.4495E-04 1.9977E-03 1.5860E-03 3.1942E-03 3.6742E-03 3.4577E-03 3.3693E-03 5.1327E-03 6.5051E-03 1.4732E-02 2.2467E-02 0.0000E+00 1.0645E-02 5.3728E-03 2.5207E-03 2.0988E-03 9.4881E-04 1.8236E-04 1.3237E-04 0.0000E+00
 0.0000E+00 1.7374E-04 1.0761E-04 1.3264E-04 5.9922E-04 5.7212E-04 2.0660E-03 1.6727E-03 3.3775E-03 3.3578E-03 3.3760E-03 3.4174E-03 5.7953E-03 7.8133E-03 1.4490E-02 2.1530E-02 0.0000E+00 1.0291E-02 5.6988E-03 3.0488E-03 2.0545E-03 8.1447E-04 1.6578E-04 1.1582E-04 0.0000E+00
 0.0000E+00 4.1367E-05 2.3177E-04 2.4870E-04 6.3251E-04 6.2260E-04 2.0062E-03 1.0747E-03 3.4560E-03 3.5424E-03 3.2308E-03 3.0516E-03 4.6804E-03 7.3614E-03 1.4291E-02 2.1449E-02 0.0000E+00 1.0830E-02 5.5056E-03 3.2281E-03 2.2405E-03 1.1503E-03 2.3210E-04 7.4457E-05 0.0000E+00
 0.0000E+00 9.9280E-05 1.1588E-04 2.7357E-04 4.8271E-04 5.6370E-04 1.6050E-03 1.2480E-03 3.4385E-03 3.4545E-03 3.5575E-03 3.1094E-03 5.6691E-03 7.8847E-03 1.5400E-02 2.1876E-02 0.0000E+00 1.0173E-02 5.6143E-03 2.8097E-03 1.8686E-03 9.8240E-04 1.3263E-04 5.7911E-05 0.0000E+00
 0.0000E+00 1.6547E-05 8.2774E-05 2.4870E-04 4.9103E-04 6.0577E-04 2.0489E-03 1.3780E-03 3.7702E-03 4.0434E-03 3.7027E-03 3.2538E-03 5.8795E-03 7.5517E-03 1.4220E-02 2.2548E-02 0.0000E+00 1.0409E-02 5.9161E-03 3.1883E-03 2.0545E-03 8.2286E-04 2.2381E-04 5.7911E-05 0.0000E+00
 0.0000E+00 4.1367E-05 2.6488E-04 1.9067E-04 4.7438E-04 4.3750E-04 1.8696E-03 1.0574E-03 3.5345E-03 3.6830E-03 4.2291E-03 3.2827E-03 5.4798E-03 7.0522E-03 1.4647E-02 2.1449E-02 0.0000E+00 1.0813E-02 5.1072E-03 2.6503E-03 2.0811E-03 9.4881E-04 1.4921E-04 7.4457E-05 0.0000E+00
 0.0000E+00 4.1367E-05 1.9866E-04 2.0725E-04 6.0754E-04 5.3846E-04 1.8611E-03 1.5514E-03 3.5956E-03 3.0765E-03 4.0476E-03 3.1190E-03 4.9960E-03 7.3971E-03 1.5230E-02 2.4259E-02 0.0000E+00 9.9203E-03 5.4090E-03 2.7499E-03 1.8331E-03 8.5645E-04 2.7354E-04 5.7911E-05 0.0000E+00
 0.0000E+00 5.7913E-05 2.4832E-04 1.9067E-04 6.2419E-04 5.3846E-04 1.9464E-03 1.2914E-03 3.4036E-03 3.7006E-03 2.9132E-03 2.9554E-03 5.1222E-03 7.7063E-03 1.4206E-02 2.3160E-02 0.0000E+00 1.0560E-02 6.3749E-03 2.9292E-03 1.7977E-03 8.8164E-04 9.9471E-05 1.7373E-04 0.0000E+00
 0.0000E+00 5.7913E-05 1.9038E-04 2.3212E-04 4.4109E-04 6.0577E-04 1.9806E-03 1.5687E-03 3.5956E-03 3.4281E-03 3.5030E-03 2.8976E-03 5.3115E-03 7.2900E-03 1.3950E-02 2.2426E-02 0.0000E+00 1.0207E-02 5.9523E-03 3.3876E-03 1.7977E-03 8.3966E-04 1.1605E-04 1.1582E-04 0.0000E+00
 0.0000E+00 1.6547E-05 1.6555E-04 2.4041E-04 4.4942E-04 5.6370E-04 1.9294E-03 1.3780E-03 3.8487E-03 3.4545E-03 3.1763E-03 3.1960E-03 5.6270E-03 7.0165E-03 1.4178E-02 2.1489E-02 0.0000E+00 1.1655E-02 5.7833E-03 3.0588E-03 2.0723E-03 7.3890E-04 1.5750E-04 9.9276E-05 0.0000E+00
 0.0000E+00 4.9640E-05 1.4072E-04 2.7357E-04 5.1600E-04 4.3750E-04 1.7586E-03 1.2220E-03 2.7404E-03 3.7182E-03 3.6119E-03 3.0901E-03 4.9539E-03 7.8490E-03 1.5272E-02 2.1469E-02 0.0000E+00 1.0560E-02 5.7229E-03 2.4510E-03 2.2139E-03 8.3126E-04 1.2434E-04 1.4064E-04 0.0000E+00
 0.0000E+00 3.3093E-05 1.5727E-04 2.8186E-04 4.1613E-04 5.8053E-04 2.0574E-03 1.1700E-03 3.3862E-03 3.3138E-03 3.1582E-03 3.2730E-03 5.6901E-03 7.1830E-03 1.4789E-02 2.2711E-02 0.0000E+00 1.0122E-02 5.7350E-03 2.8495E-03 2.3822E-03 6.9692E-04 1.2434E-04 4.9638E-05 0.0000E+00
 0.0000E+00 6.6187E-05 2.0693E-04 1.8238E-04 5.6593E-04 3.6178E-04 1.6818E-03 1.4474E-03 2.9498E-03 3.1732E-03 2.8950E-03 3.2153E-03 5.7217E-03 7.7895E-03 1.4234E-02 2.3261E-02 0.0000E+00 1.0274E-02 6.1455E-03 3.1484E-03 1.7800E-03 1.0748E-03 2.2381E-04 7.4457E-05 0.0000E+00
 0.0000E+00 8.2733E-05 1.1588E-04 2.0725E-04 7.1574E-04 6.3942E-04 1.9550E-03 1.3434E-03 3.6655E-03 3.6918E-03 3.3669E-03 3.1479E-03 5.6586E-03 7.5160E-03 1.4576E-02 2.2691E-02 0.0000E+00 1.0325E-02 5.3124E-03 3.0488E-03 2.0457E-03 7.5569E-04 1.4921E-04 8.2730E-05 0.0000E+00
 0.0000E+00 9.1006E-05 1.4072E-04 2.6528E-04 5.4929E-04 4.1226E-04 1.6903E-03 1.5427E-03 3.2291E-03 3.2523E-03 3.6845E-03 2.8302E-03 4.9118E-03 7.4922E-03 1.4220E-02 2.2773E-02 0.0000E+00 1.1150E-02 5.6384E-03 2.8296E-03 2.3114E-03 1.0496E-03 9.1182E-05 8.2730E-05 0.0000E+00
 0.0000E+00 3.3093E-05 1.3244E-04 2.3212E-04 5.0767E-04 5.3846E-04 2.2452E-03 1.3347E-03 3.9535E-03 3.3490E-03 3.5847E-03 3.2730E-03 4.9223E-03 7.5874E-03 1.5372E-02 2.2060E-02 0.0000E+00 1.0645E-02 6.1334E-03 2.3812E-03 2.3556E-03 8.8164E-04 1.0776E-04 5.7911E-05 0.0000E+00
 0.0000E+00 4.1367E-05 9.1051E-05 2.3212E-04 4.9935E-04 5.6370E-04 2.0318E-03 1.3520E-03 3.3076E-03 3.4457E-03 3.4849E-03 2.8591E-03 5.7112E-03 7.7538E-03 1.5415E-02 2.1795E-02 0.0000E+00 1.0678E-02 5.9523E-03 2.6702E-03 2.1962E-03 9.8240E-04 1.4921E-04 1.5719E-04 0.0000E+00
 0.0000E+00 3.3093E-05 2.1521E-04 2.3212E-04 5.9090E-04 7.0673E-04 1.8440E-03 1.7247E-03 3.4822E-03 3.1380E-03 3.2036E-03 3.6003E-03 5.8269E-03 7.6468E-03 1.4945E-02 2.3017E-02 0.0000E+00 1.0392E-02 5.4694E-03 2.3514E-03 2.3734E-03 8.7324E-04 1.5750E-04 5.7911E-05 0.0000E+00
 0.0000E+00 2.4820E-05 2.5660E-04 2.1554E-04 6.0754E-04 4.2067E-04 1.6903E-03 1.3174E-03 3.0807E-03 3.2084E-03 3.3215E-03 3.0612E-03 5.3536E-03 7.4803E-03 1.4249E-02 2.1591E-02 0.0000E+00 1.0190E-02 4.9381E-03 3.0189E-03 2.1962E-03 1.0832E-03 1.9894E-04 7.4457E-05 0.0000E+00
 0.0000E+00 4.9640E-05 3.6420E-04 1.9067E-04 5.2432E-04 5.6370E-04 1.6989E-03 1.5774E-03 3.5345E-03 3.0765E-03 3.2036E-03 2.7724E-03 4.9329E-03 6.9095E-03 1.4405E-02 2.2039E-02 0.0000E+00 1.0611E-02 5.3124E-03 2.8794E-03 2.4708E-03 9.9919E-04 1.3263E-04 1.5719E-04 0.0000E+00
 0.0000E+00 5.7913E-05 1.6555E-04 2.4041E-04 5.4929E-04 4.7957E-04 1.7330E-03 1.2394E-03 3.1767E-03 3.6039E-03 3.7753E-03 3.2634E-03 6.0372E-03 7.0641E-03 1.4434E-02 2.2365E-02 0.0000E+00 1.0426E-02 5.6263E-03 2.2916E-03 2.0457E-03 1.0664E-03 1.1605E-04 2.4819E-05 0.0000E+00
 0.0000E+00 5.7913E-05 1.8210E-04 1.8238E-04 7.2406E-04 4.7115E-04 1.8184E-03 1.5167E-03 3.0022E-03 3.7973E-03 2.9404E-03 3.0901E-03 5.1117E-03 7.0046E-03 1.4846E-02 2.1652E-02 0.0000E+00 1.0224E-02 5.8316E-03 2.3414E-03 1.8686E-03 9.4881E-04 2.9841E-04 7.4457E-05 0.0000E+00
 0.0000E+00 6.6187E-05 1.9866E-04 2.0725E-04 6.2419E-04 5.5529E-04 2.0916E-03 1.3780E-03 3.1069E-03 3.2171E-03 3.1128E-03 3.1575E-03 5.0696E-03 7.7182E-03 1.4789E-02 2.1591E-02 0.0000E+00 1.0762E-02 4.9623E-03 2.8196E-03 1.9660E-03 1.1419E-03 1.4921E-04 1.5719E-04 0.0000E+00
 0.0000E+00 3.3093E-05 1.8210E-04 1.2435E-04 6.6580E-04 5.8894E-04 1.9294E-03 1.3607E-03 3.5782E-03 3.9643E-03 3.6845E-03 2.9457E-03 5.2800E-03 7.4922E-03 1.4121E-02 2.2182E-02 0.0000E+00 1.0426E-02 6.2904E-03 2.6403E-03 2.1874E-03 1.0244E-03 1.2434E-04 8.2730E-05 0.0000E+00
 0.0000E+00 6.6187E-05 1.5727E-04 1.5751E-04 5.6593E-04 5.3005E-04 1.9635E-03 1.3087E-03 3.9185E-03 3.5687E-03 3.0221E-03 3.0420E-03 4.9855E-03 7.3971E-03 1.4405E-02 2.1917E-02 0.0000E+00 1.1386E-02 5.4211E-03 2.7300E-03 1.9837E-03 8.2286E-04 1.9065E-04 1.1582E-04 0.0000E+00
 0.0000E+00 2.4820E-05 1.1588E-04 2.1554E-04 6.5748E-04 4.8798E-04 1.8867E-03 1.3174E-03 3.4647E-03 3.4545E-03 3.4486E-03 3.0035E-03 5.0170E-03 7.4209E-03 1.5173E-02 2.3241E-02 0.0000E+00 1.1066E-02 5.1796E-03 2.4012E-03 2.1608E-03 1.1000E-03 1.6578E-04 8.2730E-05 0.0000E+00
 0.0000E+00 3.3093E-05 1.9038E-04 3.0673E-04 5.2432E-04 6.2260E-04 2.0403E-03 1.4127E-03 3.2553E-03 3.4105E-03 2.9313E-03 3.0035E-03 5.8900E-03 7.4209E-03 1.4320E-02 2.2732E-02 0.0000E+00 1.0914E-02 5.4815E-03 2.0823E-03 2.3556E-03 9.7400E-04 1.3263E-04 9.1003E-05 0.0000E+00
 0.0000E+00 3.3093E-05 1.9866E-04 1.7409E-04 7.9896E-04 6.1418E-04 1.6989E-03 1.1180E-03 4.0407E-03 2.9886E-03 2.9132E-03 3.3885E-03 5.8374E-03 7.2068E-03 1.4434E-02 2.2243E-02 0.0000E+00 1.0645E-02 5.4452E-03 2.8296E-03 2.3291E-03 6.8852E-04 8.2892E-05 3.3092E-05 0.0000E+00
 0.0000E+00 3.3093E-05 2.2349E-04 1.6580E-04 5.5761E-04 5.0481E-04 2.0489E-03 1.2654E-03 3.4822E-03 3.6039E-03 3.8479E-03 2.8013E-03 5.4798E-03 7.6468E-03 1.5543E-02 2.1978E-02 0.0000E+00 1.1402E-02 5.5056E-03 2.3912E-03 2.0103E-03 1.0076E-03 1.5750E-04 1.7373E-04 0.0000E+00
 0.0000E+00 1.6547E-05 1.7382E-04 1.4922E-04 6.9077E-04 6.6466E-04 2.0147E-03 1.3000E-03 3.2204E-03 3.1732E-03 3.1854E-03 2.8398E-03 5.5534E-03 7.4922E-03 1.4917E-02 2.2915E-02 0.0000E+00 1.0308E-02 5.0709E-03 2.7997E-03 1.9926E-03 1.0496E-03 2.2381E-04 7.4457E-05 0.0000E+00
 0.0000E+00 4.1367E-05 1.2416E-04 2.4041E-04 5.1600E-04 3.7861E-04 1.5879E-03 1.3867E-03 3.3251E-03 3.3226E-03 3.6573E-03 2.8880E-03 4.8172E-03 7.0998E-03 1.3339E-02 2.2610E-02 0.0000E+00 1.1470E-02 5.1192E-03 3.1684E-03 2.3734E-03 8.1447E-04 1.9894E-04 5.7911E-05 0.0000E+00
 0.0000E+00 9.1006E-05 1.4899E-04 3.8134E-04 3.9948E-04 4.7115E-04 1.7672E-03 1.4994E-03 3.3251E-03 3.1117E-03 3.5303E-03 3.0131E-03 5.4482E-03 6.8857E-03 1.5187E-02 2.2630E-02 0.0000E+00 1.0426E-02 5.4815E-03 2.4610E-03 2.0723E-03 8.4805E-04 1.6578E-04 2.4819E-05 0.0000E+00
 0.0000E+00 4.1367E-05 1.3244E-04 2.6528E-04 6.3251E-04 5.2164E-04 1.8696E-03 1.5860E-03 3.2465E-03 3.3929E-03 3.5393E-03 3.0997E-03 4.9960E-03 6.7668E-03 1.4505E-02 2.2650E-02 0.0000E+00 1.0746E-02 5.5901E-03 2.6303E-03 2.4619E-03 1.0748E-03 2.5697E-04 6.6184E-05 0.0000E+00
 0.0000E+00 9.1006E-05 1.5727E-04 1.4922E-04 5.0767E-04 4.2067E-04 1.7842E-03 1.0574E-03 3.2640E-03 2.9886E-03 3.3488E-03 3.1094E-03 5.7007E-03 7.6944E-03 1.4462E-02 2.2650E-02 0.0000E+00 8.7919E-03 5.6384E-03 2.2418E-03 1.7446E-03 8.3126E-04 1.5750E-04 7.4457E-05 0.0000E+00
 0.0000E+00 5.7913E-05 1.7382E-04 1.6580E-04 4.9935E-04 4.6274E-04 2.1684E-03 1.4040E-03 3.0545E-03 3.6039E-03 3.2580E-03 3.1671E-03 4.8698E-03 6.3981E-03 1.3922E-02 2.1917E-02 0.0000E+00 1.1588E-02 5.7954E-03 3.2780E-03 2.1697E-03 9.5721E-04 2.2381E-04 1.1582E-04 0.0000E+00
 0.0000E+00 4.1367E-05 1.7382E-04 2.4041E-04 4.4942E-04 6.3101E-04 1.7416E-03 1.3867E-03 3.7615E-03 2.9447E-03 3.6573E-03 3.1575E-03 5.8164E-03 7.8014E-03 1.5344E-02 2.1286E-02 0.0000E+00 1.1049E-02 5.3607E-03 2.5805E-03 1.8509E-03 9.2362E-04 1.4092E-04 5.7911E-05 0.0000E+00
 0.0000E+00 5.7913E-05 1.2416E-04 1.9067E-04 5.1600E-04 4.6274E-04 1.5111E-03 1.3260E-03 2.9935E-03 3.6566E-03 3.1491E-03 3.3597E-03 4.5016E-03 7.0998E-03 1.4192E-02 2.1734E-02 0.0000E+00 1.0746E-02 4.8778E-03 2.3015E-03 1.9837E-03 8.6485E-04 2.0723E-04 4.9638E-05 0.0000E+00
 0.0000E+00 7.4460E-05 1.7382E-04 2.3212E-04 3.7451E-04 5.3005E-04 1.9208E-03 1.4474E-03 3.0895E-03 3.4105E-03 3.5121E-03 2.9939E-03 5.0906E-03 6.8976E-03 1.4476E-02 2.2650E-02 0.0000E+00 1.0442E-02 4.7691E-03 3.0189E-03 1.9306E-03 7.5569E-04 1.9065E-04 9.9276E-05 0.0000E+00
 0.0000E+00 7.4460E-05 1.7382E-04 1.4922E-04 6.7412E-04 5.8053E-04 1.7330E-03 1.1180E-03 3.0109E-03 3.6742E-03 3.6119E-03 2.9746E-03 5.4167E-03 7.5517E-03 1.4476E-02 2.2569E-02 0.0000E+00 9.7856E-03 5.2400E-03 2.4709E-03 1.7889E-03 8.1447E-04 1.7407E-04 8.2730E-05 0.0000E+00
 0.0000E+00 4.9640E-05 1.9038E-04 2.4041E-04 5.9090E-04 4.8798E-04 1.5452E-03 1.3174E-03 2.8887E-03 3.4896E-03 3.3578E-03 2.8398E-03 5.3746E-03 6.7192E-03 1.4675E-02 2.2997E-02 0.0000E+00 1.0544E-02 5.6867E-03 3.0488E-03 2.5239E-03 9.2362E-04 1.4921E-04 7.4457E-05 0.0000E+00
 0.0000E+00 6.6187E-05 1.3244E-04 1.8238E-04 5.8258E-04 5.2164E-04 1.9891E-03 1.3520E-03 3.2116E-03 3.6391E-03 3.4304E-03 3.0227E-03 5.4062E-03 7.0046E-03 1.4163E-02 2.2019E-02 0.0000E+00 1.0594E-02 5.2641E-03 2.6403E-03 1.9483E-03 1.0580E-03 1.9065E-04 1.2410E-04 0.0000E+00
 0.0000E+00 4.1367E-05 9.9328E-05 2.4041E-04 5.8258E-04 4.5433E-04 1.6135E-03 1.1787E-03 3.1069E-03 3.8588E-03 3.3578E-03 2.7724E-03 5.2274E-03 6.8976E-03 1.4206E-02 2.2263E-02 0.0000E+00 1.1133E-02 5.4573E-03 2.4610E-03 2.2317E-03 9.0683E-04 8.2892E-05 6.6184E-05 0.0000E+00
 0.0000E+00 4.1367E-05 1.6555E-04 2.9015E-04 5.0767E-04 5.2164E-04 1.6903E-03 1.2480E-03 3.2902E-03 3.8324E-03 3.3488E-03 3.0901E-03 5.5745E-03 7.2425E-03 1.5329E-02 2.1856E-02 0.0000E+00 1.0089E-02 5.3366E-03 3.0089E-03 2.1431E-03 9.7400E-04 3.3157E-05 1.2410E-04 0.0000E+00
 0.0000E+00 3.3093E-05 2.4832E-04 1.9896E-04 7.9896E-04 5.3005E-04 1.5623E-03 1.4387E-03 3.9622E-03 2.9007E-03 3.5666E-03 2.9650E-03 5.6796E-03 6.7906E-03 1.4732E-02 2.1978E-02 0.0000E+00 1.0089E-02 5.6505E-03 2.2617E-03 2.3556E-03 1.0160E-03 1.9065E-04 7.4457E-05 0.0000E+00
 0.0000E+00 4.9640E-05 1.8210E-04 2.3212E-04 5.5761E-04 4.3750E-04 2.0233E-03 1.3694E-03 3.4385E-03 3.3666E-03 3.2580E-03 2.7147E-03 4.8172E-03 6.6716E-03 1.5017E-02 2.2223E-02 0.0000E+00 1.1133E-02 5.6626E-03 2.2816E-03 2.1165E-03 9.4042E-04 1.5750E-04 1.0755E-04 0.0000E+00
 0.0000E+00 6.6187E-05 2.1521E-04 2.1554E-04 4.4942E-04 5.2164E-04 1.9294E-03 1.1354E-03 3.8487E-03 3.1556E-03 3.0493E-03 2.8783E-03 4.8803E-03 7.5517E-03 1.3850E-02 2.1734E-02 0.0000E+00 9.2466E-03 4.9381E-03 2.7300E-03 1.9040E-03 9.9080E-04 1.1605E-04 9.1003E-05 0.0000E+00
 0.0000E+00 6.6187E-05 2.4004E-04 1.7409E-04 4.3277E-04 5.6370E-04 1.6306E-03 1.6467E-03 3.2378E-03 3.1908E-03 3.3125E-03 2.8110E-03 5.3115E-03 6.8857E-03 1.4561E-02 2.1347E-02 0.0000E+00 9.8698E-03 5.3607E-03 2.4311E-03 2.3025E-03 9.4881E-04 1.2434E-04 7.4457E-05 0.0000E+00
 0.0000E+00 1.0755E-04 1.7382E-04 1.7409E-04 5.4096E-04 5.9736E-04 1.7586E-03 1.3954E-03 3.0895E-03 3.1029E-03 3.0221E-03 2.5029E-03 5.6376E-03 7.0046E-03 1.5386E-02 2.0410E-02 0.0000E+00 1.0358E-02 5.2883E-03 2.9093E-03 2.2936E-03 9.2362E-04 7.4603E-05 8.2730E-05 0.0000E+00
 0.0000E+00 8.2733E-05 1.5727E-04 2.9844E-04 3.8284E-04 4.7115E-04 1.7416E-03 1.3780E-03 3.2727E-03 3.1380E-03 3.3215E-03 2.6762E-03 5.1853E-03 6.3505E-03 1.5358E-02 2.2060E-02 0.0000E+00 1.0426E-02 5.0227E-03 2.9093E-03 1.9571E-03 9.1523E-04 2.0723E-04 6.6184E-05 0.0000E+00
 0.0000E+00 4.1367E-05 1.8210E-04 1.6580E-04 5.7425E-04 5.4688E-04 1.7330E-03 1.2134E-03 3.0022E-03 3.4017E-03 2.8950E-03 2.9457E-03 5.1958E-03 7.8490E-03 1.3794E-02 2.1591E-02 0.0000E+00 1.0224E-02 5.5177E-03 3.3776E-03 2.1254E-03 9.4881E-04 1.4921E-04 1.6546E-05 0.0000E+00
 0.0000E+00 2.4820E-05 1.4899E-04 1.6580E-04 5.4929E-04 3.7861E-04 1.7416E-03 1.4560E-03 3.4473E-03 3.7709E-03 3.2036E-03 3.2634E-03 5.5850E-03 6.9095E-03 1.4377E-02 2.2039E-02 0.0000E+00 9.9203E-03 5.8074E-03 3.0787E-03 2.1697E-03 8.5645E-04 9.9471E-05 8.2730E-05 0.0000E+00
 0.0000E+00 6.6187E-05 1.8210E-04 2.4041E-04 6.0754E-04 4.9639E-04 1.8184E-03 1.3780E-03 2.7927E-03 3.0413E-03 3.2036E-03 3.0227E-03 5.1958E-03 6.6360E-03 1.5230E-02 2.1449E-02 0.0000E+00 1.1133E-02 4.8174E-03 2.6901E-03 2.6213E-03 7.8928E-04 1.8236E-04 5.7911E-05 0.0000E+00
 0.0000E+00 4.1367E-05 1.2416E-04 2.4041E-04 4.3277E-04 3.7019E-04 1.6562E-03 1.4214E-03 3.5607E-03 3.1996E-03 3.4577E-03 3.0805E-03 5.1222E-03 7.1236E-03 1.4021E-02 2.2263E-02 0.0000E+00 1.0560E-02 5.7109E-03 2.4908E-03 2.0191E-03 1.1000E-03 1.8236E-04 9.9276E-05 0.0000E+00
 0.0000E+00 1.0755E-04 1.8210E-04 2.4041E-04 3.8284E-04 4.9639E-04 1.7074E-03 1.1787E-03 3.2029E-03 3.0765E-03 3.3941E-03 2.8013E-03 4.5437E-03 7.1949E-03 1.3595E-02 2.2915E-02 0.0000E+00 1.0510E-02 6.1817E-03 2.6303E-03 2.0191E-03 1.0496E-03 1.7407E-04 1.0755E-04 0.0000E+00
 0.0000E+00 4.9640E-05 1.3244E-04 2.9844E-04 4.8271E-04 3.5337E-04 1.8355E-03 1.1007E-03 3.4996E-03 3.1029E-03 3.3851E-03 3.2153E-03 5.1222E-03 7.0760E-03 1.4050E-02 2.2141E-02 0.0000E+00 9.3477E-03 6.1214E-03 2.5407E-03 2.0900E-03 7.8928E-04 2.3210E-04 9.1003E-05 0.0000E+00
 0.0000E+00 5.7913E-05 1.9038E-04 1.7409E-04 4.5774E-04 4.7115E-04 1.6050E-03 1.3607E-03 3.1418E-03 3.2963E-03 3.5938E-03 3.1671E-03 5.4903E-03 7.0760E-03 1.5358E-02 2.2976E-02 0.0000E+00 1.0156E-02 5.5297E-03 2.7599E-03 2.3645E-03 6.7173E-04 6.6314E-05 4.9638E-05 0.0000E+00
 0.0000E+00 8.2733E-06 2.1521E-04 1.6580E-04 7.5735E-04 3.1130E-04 1.9550E-03 1.2740E-03 3.5084E-03 3.4721E-03 3.1582E-03 2.7724E-03 5.0696E-03 6.6835E-03 1.4974E-02 2.1815E-02 0.0000E+00 1.0544E-02 5.3969E-03 2.5207E-03 1.7180E-03 9.6561E-04 1.9065E-04 4.9638E-05 0.0000E+00
 0.0000E+00 9.9280E-05 1.4899E-04 2.3212E-04 4.0780E-04 5.8894E-04 1.8611E-03 1.1527E-03 3.0895E-03 3.4457E-03 2.9767E-03 2.6569E-03 5.6165E-03 7.0403E-03 1.4078E-02 2.4728E-02 0.0000E+00 1.0864E-02 5.7229E-03 2.5307E-03 1.6383E-03 9.9080E-04 1.3263E-04 8.2730E-05 0.0000E+00
 0.0000E+00 4.1367E-05 1.2416E-04 2.3212E-04 5.5761E-04 5.8894E-04 1.5537E-03 1.2134E-03 3.1942E-03 3.7797E-03 3.0402E-03 2.6088E-03 5.3851E-03 7.2663E-03 1.3609E-02 2.1408E-02 0.0000E+00 9.9709E-03 4.9381E-03 2.7599E-03 2.4531E-03 1.1000E-03 4.1446E-05 1.4891E-04 0.0000E+00
 0.0000E+00 1.6547E-05 1.5727E-04 2.6528E-04 4.2445E-04 4.4591E-04 1.8184E-03 1.2134E-03 3.3949E-03 3.2787E-03 3.2671E-03 2.5607E-03 4.9013E-03 6.8619E-03 1.3580E-02 2.2935E-02 0.0000E+00 9.1456E-03 5.0589E-03 2.9890E-03 2.2848E-03 7.8928E-04 1.7407E-04 8.2730E-05 0.0000E+00
 0.0000E+00 4.1367E-05 1.5727E-04 1.9896E-04 5.8258E-04 4.3750E-04 1.9294E-03 1.3000E-03 3.6393E-03 3.4193E-03 2.8678E-03 2.6569E-03 4.8698E-03 7.0760E-03 1.3580E-02 2.2976E-02 0.0000E+00 1.0981E-02 4.6121E-03 2.6303E-03 1.8509E-03 7.8928E-04 2.4868E-04 2.4819E-05 0.0000E+00
 0.0000E+00 9.9280E-05 1.9866E-04 2.4041E-04 7.3238E-04 6.7308E-04 1.9550E-03 1.4734E-03 3.1767E-03 3.6830E-03 3.4123E-03 2.9842E-03 4.7435E-03 6.6122E-03 1.4291E-02 2.2915E-02 0.0000E+00 1.0830E-02 6.3025E-03 2.5805E-03 2.0545E-03 8.3966E-04 1.1605E-04 4.1365E-05 0.0000E+00
 0.0000E+00 5.7913E-05 2.0693E-04 1.6580E-04 4.9103E-04 5.0481E-04 1.6306E-03 1.2654E-03 3.2640E-03 2.9447E-03 3.7481E-03 3.3115E-03 5.5850E-03 7.0522E-03 1.4533E-02 2.1897E-02 0.0000E+00 9.7351E-03 5.6626E-03 2.4410E-03 2.2494E-03 7.6409E-04 1.1605E-04 8.2730E-05 0.0000E+00
 0.0000E+00 4.1367E-05 2.4832E-04 2.4870E-04 4.9935E-04 5.3005E-04 1.7245E-03 1.5860E-03 2.7665E-03 3.0941E-03 2.6137E-03 3.0901E-03 4.7646E-03 7.0403E-03 1.4306E-02 2.2548E-02 0.0000E+00 1.0779E-02 5.4332E-03 2.3713E-03 1.9837E-03 8.1447E-04 1.3263E-04 2.4819E-05 0.0000E+00
 0.0000E+00 6.6187E-05 1.8210E-04 2.1554E-04 5.7425E-04 3.7861E-04 1.8184E-03 1.2134E-03 3.2727E-03 3.0765E-03 3.0221E-03 3.0901E-03 4.9960E-03 7.5636E-03 1.4647E-02 2.2080E-02 0.0000E+00 1.0678E-02 5.5901E-03 2.6204E-03 2.1962E-03 7.5569E-04 2.0723E-04 9.1003E-05 0.0000E+00
 0.0000E+00 4.1367E-05 1.0761E-04 3.1502E-04 3.6619E-04 4.3750E-04 1.7586E-03 1.2394E-03 3.0982E-03 3.0765E-03 3.2852E-03 2.9457E-03 5.3641E-03 7.1117E-03 1.3552E-02 2.2487E-02 0.0000E+00 1.0594E-02 4.6846E-03 2.9990E-03 2.0368E-03 8.3966E-04 1.4092E-04 8.2730E-05 0.0000E+00
 0.0000E+00 7.4460E-05 1.9038E-04 1.4093E-04 6.4916E-04 5.2164E-04 1.7757E-03 1.4300E-03 2.9236E-03 2.9271E-03 2.6953E-03 2.9457E-03 5.0696E-03 6.8025E-03 1.4405E-02 2.2487E-02 0.0000E+00 1.1049E-02 5.2279E-03 2.5207E-03 2.0634E-03 1.0076E-03 1.6578E-04 7.4457E-05 0.0000E+00
 0.0000E+00 9.9280E-05 1.5727E-04 1.4093E-04 4.3277E-04 4.7957E-04 1.6989E-03 1.2220E-03 2.8713E-03 3.3490E-03 3.2489E-03 3.1768E-03 5.1117E-03 7.0641E-03 1.5116E-02 2.1815E-02 0.0000E+00 1.0038E-02 5.5056E-03 2.5805E-03 2.3025E-03 6.9692E-04 1.1605E-04 5.7911E-05 0.0000E+00
 0.0000E+00 1.3237E-04 1.3244E-04 2.7357E-04 4.6606E-04 5.0481E-04 1.8952E-03 1.3000E-03 3.2378E-03 3.2171E-03 3.2126E-03 2.8110E-03 5.0906E-03 7.7538E-03 1.5244E-02 2.1978E-02 0.0000E+00 1.0392E-02 4.9502E-03 2.6503E-03 1.9926E-03 1.1251E-03 1.1605E-04 2.4819E-05 0.0000E+00
 0.0000E+00 4.1367E-05 9.1051E-05 2.4041E-04 5.3264E-04 3.6178E-04 1.5879E-03 1.4127E-03 3.1244E-03 3.1117E-03 3.1763E-03 3.0227E-03 4.8908E-03 6.7906E-03 1.3651E-02 2.3485E-02 0.0000E+00 1.0038E-02 4.9985E-03 2.5307E-03 1.6383E-03 8.7324E-04 1.5750E-04 7.4457E-05 0.0000E+00
 0.0000E+00 4.9640E-05 1.7382E-04 3.2331E-04 5.2432E-04 4.3750E-04 1.4001E-03 1.2307E-03 3.5607E-03 3.3402E-03 3.0765E-03 3.0131E-03 5.3956E-03 6.9333E-03 1.3751E-02 2.1082E-02 0.0000E+00 1.0055E-02 5.6263E-03 3.1285E-03 2.1342E-03 8.8164E-04 1.9894E-04 4.1365E-05 0.0000E+00
 0.0000E+00 5.7913E-05 1.3244E-04 1.3264E-04 5.8258E-04 5.3846E-04 1.8952E-03 1.2307E-03 3.3425E-03 3.2875E-03 3.1582E-03 2.8110E-03 5.7112E-03 6.9095E-03 1.4476E-02 2.2487E-02 0.0000E+00 1.0493E-02 5.1192E-03 2.5805E-03 2.0545E-03 8.3966E-04 1.5750E-04 6.6184E-05 0.0000E+00
 0.0000E+00 4.1367E-05 2.7315E-04 1.8238E-04 5.9922E-04 4.4591E-04 1.4684E-03 1.2740E-03 3.0807E-03 3.1292E-03 3.0493E-03 3.2634E-03 4.8277E-03 7.4328E-03 1.4917E-02 2.2610E-02 0.0000E+00 1.0274E-02 6.0127E-03 2.4410E-03 2.2228E-03 7.9767E-04 1.9894E-04 4.9638E-05 0.0000E+00
 0.0000E+00 9.9280E-05 1.4072E-04 1.9067E-04 3.4122E-04 5.0481E-04 1.8781E-03 1.2134E-03 3.4298E-03 2.9622E-03 3.2580E-03 2.7821E-03 5.0275E-03 6.7549E-03 1.3865E-02 2.2956E-02 0.0000E+00 1.0375E-02 5.2521E-03 2.7897E-03 1.8331E-03 8.3966E-04 1.3263E-04 6.6184E-05 0.0000E+00
 0.0000E+00 6.6187E-05 1.4899E-04 1.9896E-04 6.6580E-04 5.4688E-04 1.5025E-03 1.2394E-03 3.4036E-03 3.3490E-03 3.1310E-03 3.1286E-03 5.1327E-03 6.8143E-03 1.4092E-02 2.3302E-02 0.0000E+00 9.7856E-03 4.6001E-03 2.4709E-03 1.9748E-03 8.7324E-04 1.8236E-04 7.4457E-05 0.0000E+00
 0.0000E+00 8.2733E-06 1.2416E-04 2.0725E-04 5.1600E-04 5.3846E-04 1.6562E-03 1.3434E-03 3.1942E-03 3.5424E-03 3.0674E-03 2.9072E-03 5.0380E-03 6.7430E-03 1.4092E-02 2.3893E-02 0.0000E+00 9.6003E-03 5.3003E-03 2.3514E-03 2.1165E-03 9.4881E-04 2.8183E-04 1.4891E-04 0.0000E+00
 0.0000E+00 4.1367E-05 2.5660E-04 3.1502E-04 4.5774E-04 5.1322E-04 1.6733E-03 1.4387E-03 3.3600E-03 3.6215E-03 2.9767E-03 3.1671E-03 4.7751E-03 6.4100E-03 1.4547E-02 2.2406E-02 0.0000E+00 1.0678E-02 5.3607E-03 2.2717E-03 1.9571E-03 8.3126E-04 1.8236E-04 5.7911E-05 0.0000E+00
 0.0000E+00 6.6187E-05 2.8971E-04 2.4870E-04 3.9116E-04 4.8798E-04 1.8952E-03 1.0314E-03 3.3076E-03 3.3138E-03 3.7753E-03 2.6088E-03 4.7015E-03 6.3149E-03 1.4689E-02 2.4932E-02 0.0000E+00 9.9035E-03 5.0106E-03 2.6901E-03 2.2759E-03 8.6485E-04 1.6578E-04 6.6184E-05 0.0000E+00
 0.0000E+00 5.7913E-05 1.0761E-04 1.9896E-04 5.0767E-04 4.4591E-04 1.9123E-03 1.4214E-03 3.4385E-03 3.2523E-03 3.0039E-03 3.3404E-03 5.9741E-03 6.2554E-03 1.4078E-02 2.1428E-02 0.0000E+00 9.8024E-03 5.4573E-03 2.4410E-03 2.2759E-03 9.0683E-04 1.0776E-04 4.9638E-05 0.0000E+00
 0.0000E+00 4.1367E-05 2.7315E-04 1.6580E-04 4.5774E-04 4.1226E-04 1.8098E-03 1.2394E-03 3.4298E-03 3.3929E-03 3.1310E-03 2.6473E-03 5.8900E-03 6.6479E-03 1.4476E-02 2.0593E-02 0.0000E+00 9.3308E-03 5.5660E-03 2.4012E-03 2.1254E-03 8.9843E-04 1.3263E-04 5.7911E-05 0.0000E+00
 0.0000E+00 8.2733E-06 1.6555E-04 1.6580E-04 3.2458E-04 4.7115E-04 1.5793E-03 1.1960E-03 3.0022E-03 3.0589E-03 3.1854E-03 2.8976E-03 4.9539E-03 7.5636E-03 1.4249E-02 2.2895E-02 0.0000E+00 9.9203E-03 5.2521E-03 2.4908E-03 2.0191E-03 9.3202E-04 1.7407E-04 6.6184E-05 0.0000E+00
 0.0000E+00 6.6187E-05 1.7382E-04 2.3212E-04 3.6619E-04 6.1418E-04 1.8355E-03 1.3347E-03 3.0022E-03 2.9710E-03 3.2399E-03 3.0227E-03 5.1643E-03 6.8619E-03 1.3438E-02 2.2223E-02 0.0000E+00 1.0089E-02 5.4815E-03 2.2119E-03 1.8597E-03 7.3050E-04 2.6526E-04 1.3237E-04 0.0000E+00
 0.0000E+00 4.9640E-05 1.5727E-04 2.1554E-04 4.0780E-04 6.2260E-04 1.7757E-03 1.3000E-03 2.9236E-03 2.7864E-03 2.9222E-03 2.5510E-03 5.4272E-03 7.1236E-03 1.3907E-02 2.1774E-02 0.0000E+00 1.0729E-02 5.2038E-03 2.2816E-03 1.9660E-03 7.7248E-04 1.1605E-04 6.6184E-05 0.0000E+00
 0.0000E+00 1.1583E-04 1.4072E-04 1.6580E-04 4.7438E-04 6.1418E-04 1.8098E-03 1.2134E-03 3.1331E-03 2.8919E-03 2.9948E-03 3.4559E-03 5.4588E-03 6.8619E-03 1.5059E-02 2.2426E-02 0.0000E+00 1.0459E-02 5.3607E-03 2.6403E-03 1.9217E-03 7.6409E-04 1.8236E-04 1.1582E-04 0.0000E+00
 0.0000E+00 4.9640E-05 1.9038E-04 2.2383E-04 5.9922E-04 5.8894E-04 2.1343E-03 1.3434E-03 2.8625E-03 3.7533E-03 2.8950E-03 2.9072E-03 4.4701E-03 7.2544E-03 1.5145E-02 2.2915E-02 0.0000E+00 9.2635E-03 5.3969E-03 2.6004E-03 1.9748E-03 9.5721E-04 9.9471E-05 5.7911E-05 0.0000E+00
 0.0000E+00 2.4820E-05 1.4072E-04 2.6528E-04 4.9103E-04 6.6466E-04 1.6818E-03 1.4214E-03 2.6444E-03 3.0326E-03 2.8315E-03 2.7051E-03 4.8277E-03 6.6597E-03 1.5173E-02 2.2386E-02 0.0000E+00 1.0678E-02 5.1796E-03 2.7698E-03 2.2051E-03 8.6485E-04 1.8236E-04 1.3237E-04 0.0000E+00
 0.0000E+00 6.6187E-05 7.4496E-05 1.1606E-04 4.7438E-04 5.8894E-04 1.9464E-03 1.2827E-03 2.9411E-03 3.6479E-03 2.9858E-03 2.9072E-03 5.3115E-03 6.8381E-03 1.4021E-02 2.1937E-02 0.0000E+00 1.0577E-02 4.8778E-03 2.5407E-03 1.8331E-03 9.9919E-04 1.4092E-04 1.6546E-05 0.0000E+00
 0.0000E+00 4.9640E-05 1.9038E-04 2.9844E-04 4.9935E-04 4.5433E-04 1.9891E-03 1.1960E-03 3.1418E-03 3.1732E-03 3.0947E-03 3.1671E-03 5.2379E-03 6.2554E-03 1.4860E-02 2.1428E-02 0.0000E+00 9.9035E-03 4.5156E-03 2.3314E-03 1.8420E-03 7.8928E-04 1.8236E-04 5.7911E-05 0.0000E+00
 0.0000E+00 3.3093E-05 2.2349E-04 1.3264E-04 4.5774E-04 4.7957E-04 1.5964E-03 1.1354E-03 3.1767E-03 2.9974E-03 3.4214E-03 2.7917E-03 5.0906E-03 6.5646E-03 1.4675E-02 2.1917E-02 0.0000E+00 1.0628E-02 5.5177E-03 2.2617E-03 1.7092E-03 1.0748E-03 1.4921E-04 1.2410E-04 0.0000E+00
 0.0000E+00 5.7913E-05 1.6555E-04 2.5699E-04 3.7451E-04 3.1971E-04 1.8952E-03 1.2307E-03 3.0895E-03 3.7358E-03 3.0584E-03 3.1190E-03 4.8172E-03 6.5289E-03 1.4377E-02 2.2263E-02 0.0000E+00 1.0005E-02 5.7229E-03 2.1621E-03 1.6826E-03 6.9692E-04 2.0723E-04 1.5719E-04 0.0000E+00
 0.0000E+00 2.4820E-05 9.1051E-05 1.9896E-04 3.6619E-04 4.7115E-04 1.4940E-03 1.0834E-03 3.1942E-03 3.1908E-03 3.4667E-03 3.0131E-03 4.8487E-03 7.5160E-03 1.4718E-02 2.0613E-02 0.0000E+00 1.0224E-02 5.1434E-03 2.5407E-03 1.9394E-03 9.0683E-04 1.2434E-04 4.1365E-05 0.0000E+00
 0.0000E+00 4.1367E-05 1.2416E-04 2.4870E-04 3.5787E-04 4.0385E-04 1.6818E-03 1.2740E-03 2.8975E-03 3.4105E-03 2.9858E-03 3.0420E-03 5.1117E-03 7.2900E-03 1.4647E-02 2.1387E-02 0.0000E+00 1.0830E-02 5.4694E-03 2.6802E-03 1.9040E-03 9.4881E-04 1.1605E-04 1.4064E-04 0.0000E+00
 0.0000E+00 4.1367E-05 2.2349E-04 1.7409E-04 6.4083E-04 5.8053E-04 1.6647E-03 1.1960E-03 2.9760E-03 3.3666E-03 3.1763E-03 3.0227E-03 4.9329E-03 6.1722E-03 1.4178E-02 2.2997E-02 0.0000E+00 9.9877E-03 5.3245E-03 2.8097E-03 1.7889E-03 8.4805E-04 7.4603E-05 9.9276E-05 0.0000E+00
 0.0000E+00 4.9640E-05 1.2416E-04 1.5751E-04 2.9961E-04 5.3005E-04 1.2293E-03 1.3607E-03 2.8975E-03 3.5424E-03 3.3034E-03 2.6858E-03 4.7961E-03 7.1117E-03 1.3879E-02 2.1163E-02 0.0000E+00 1.0308E-02 4.8053E-03 2.4211E-03 1.8951E-03 6.2135E-04 1.4092E-04 3.3092E-05 0.0000E+00
 0.0000E+00 4.9640E-05 1.4072E-04 2.0725E-04 5.6593E-04 5.4688E-04 1.9123E-03 1.1267E-03 3.1680E-03 3.1644E-03 3.0402E-03 2.9842E-03 4.9013E-03 6.5408E-03 1.4377E-02 2.3098E-02 0.0000E+00 1.0291E-02 5.5056E-03 2.3414E-03 2.3645E-03 6.3814E-04 2.1552E-04 5.7911E-05 0.0000E+00
 0.0000E+00 9.1006E-05 2.7315E-04 1.9896E-04 4.6606E-04 5.9736E-04 1.8269E-03 1.3087E-03 2.9585E-03 3.4633E-03 3.1582E-03 2.7339E-03 5.2379E-03 7.3019E-03 1.4476E-02 2.1449E-02 0.0000E+00 9.9035E-03 5.2158E-03 2.4709E-03 1.9483E-03 8.3126E-04 2.4039E-04 1.0755E-04 0.0000E+00
 0.0000E+00 8.2733E-05 2.9798E-04 1.9067E-04 6.7412E-04 3.7019E-04 1.8781E-03 1.2047E-03 2.9149E-03 2.8919E-03 3.3125E-03 3.0227E-03 4.7435E-03 6.5408E-03 1.3978E-02 2.2956E-02 0.0000E+00 1.0409E-02 5.4694E-03 2.4809E-03 1.9129E-03 7.3890E-04 1.2434E-04 8.2730E-05 0.0000E+00
 0.0000E+00 5.7913E-05 1.4899E-04 1.9067E-04 5.1600E-04 4.8798E-04 1.8355E-03 1.1267E-03 3.2640E-03 3.2171E-03 3.2036E-03 2.9457E-03 4.8277E-03 6.8262E-03 1.4775E-02 2.3872E-02 0.0000E+00 1.0645E-02 5.8437E-03 2.4809E-03 2.0988E-03 7.8928E-04 1.9894E-04 1.4891E-04 0.0000E+00
 0.0000E+00 7.4460E-05 1.9038E-04 2.9844E-04 3.9116E-04 4.4591E-04 1.6903E-03 1.2047E-03 3.3425E-03 3.4633E-03 3.5575E-03 2.5799E-03 4.6804E-03 6.5884E-03 1.3225E-02 2.2426E-02 0.0000E+00 9.3477E-03 4.7208E-03 2.7599E-03 1.7800E-03 8.2286E-04 1.7407E-04 6.6184E-05 0.0000E+00
 0.0000E+00 4.9640E-05 1.4899E-04 1.4093E-04 5.4096E-04 6.7308E-04 1.2891E-03 1.1094E-03 2.9760E-03 3.0501E-03 3.1310E-03 3.0805E-03 4.6489E-03 6.7073E-03 1.4604E-02 2.2386E-02 0.0000E+00 9.7688E-03 5.0951E-03 2.6901E-03 2.0368E-03 7.5569E-04 9.9471E-05 5.7911E-05 0.0000E+00
 0.0000E+00 4.9640E-05 1.8210E-04 2.2383E-04 4.1613E-04 3.9543E-04 1.7586E-03 1.2220E-03 2.9411E-03 3.5863E-03 2.9132E-03 3.1383E-03 5.2905E-03 6.5051E-03 1.4647E-02 2.1387E-02 0.0000E+00 1.0880E-02 5.4211E-03 2.8097E-03 2.0988E-03 9.1523E-04 6.6314E-05 5.7911E-05 0.0000E+00
 0.0000E+00 9.9280E-05 1.4072E-04 2.9015E-04 4.2445E-04 5.4688E-04 1.6220E-03 1.3174E-03 2.8364E-03 3.1029E-03 2.9495E-03 2.7532E-03 4.6278E-03 7.0522E-03 1.4192E-02 2.2345E-02 0.0000E+00 9.8361E-03 4.8295E-03 2.4709E-03 1.9040E-03 6.9692E-04 9.1182E-05 7.4457E-05 0.0000E+00
 0.0000E+00 6.6187E-05 2.4004E-04 3.1502E-04 5.0767E-04 3.7861E-04 1.7245E-03 1.2740E-03 3.0545E-03 3.4105E-03 3.0674E-03 2.6569E-03 5.6060E-03 7.2306E-03 1.4377E-02 2.2223E-02 0.0000E+00 1.0678E-02 4.9261E-03 2.4908E-03 2.0191E-03 8.1447E-04 1.8236E-04 1.1582E-04 0.0000E+00
 0.0000E+00 3.3093E-05 1.6555E-04 3.3160E-04 4.4109E-04 4.7115E-04 1.7928E-03 9.0136E-04 3.2815E-03 3.6742E-03 3.4758E-03 2.7917E-03 4.8067E-03 7.4922E-03 1.4945E-02 2.2263E-02 0.0000E+00 1.0746E-02 5.2158E-03 2.6702E-03 1.7977E-03 9.1523E-04 1.4921E-04 1.0755E-04 0.0000E+00
 0.0000E+00 7.4460E-05 1.0761E-04 1.9896E-04 5.9922E-04 5.2164E-04 1.5111E-03 1.5427E-03 3.0633E-03 3.1908E-03 2.9767E-03 2.3104E-03 4.8277E-03 6.0176E-03 1.4050E-02 2.1469E-02 0.0000E+00 1.0240E-02 4.3707E-03 2.5905E-03 2.3822E-03 1.0076E-03 1.4921E-04 9.1003E-05 0.0000E+00
 0.0000E+00 1.2410E-04 1.4899E-04 1.5751E-04 5.5761E-04 5.3005E-04 1.7842E-03 1.1960E-03 2.9585E-03 3.3842E-03 2.4957E-03 2.9939E-03 5.1327E-03 6.5051E-03 1.4306E-02 2.1449E-02 0.0000E+00 9.8530E-03 5.2762E-03 2.7698E-03 1.8863E-03 8.2286E-04 1.4921E-04 9.1003E-05 0.0000E+00
 0.0000E+00 9.9280E-05 1.6555E-04 2.2383E-04 4.7438E-04 6.0577E-04 1.7416E-03 1.3520E-03 3.2465E-03 2.9622E-03 3.4304E-03 2.4644E-03 5.4588E-03 7.3376E-03 1.2741E-02 2.1754E-02 0.0000E+00 9.3308E-03 4.9502E-03 2.4211E-03 2.0103E-03 9.6561E-04 1.5750E-04 9.1003E-05 0.0000E+00
 0.0000E+00 4.9640E-05 2.5660E-04 2.1554E-04 6.7412E-04 3.5337E-04 1.8355E-03 9.3603E-04 3.2291E-03 3.3226E-03 2.9858E-03 3.1864E-03 4.5963E-03 6.8500E-03 1.4092E-02 2.2284E-02 0.0000E+00 1.0880E-02 4.5035E-03 2.6104E-03 1.8066E-03 1.0916E-03 1.5750E-04 4.9638E-05 0.0000E+00
 0.0000E+00 7.4460E-05 1.6555E-04 3.2331E-04 5.0767E-04 4.9639E-04 2.0489E-03 1.0834E-03 3.0371E-03 2.8128E-03 2.8224E-03 2.9842E-03 4.7120E-03 6.6241E-03 1.3850E-02 2.0593E-02 0.0000E+00 1.0409E-02 5.2158E-03 3.1783E-03 1.9217E-03 8.5645E-04 9.9471E-05 1.2410E-04 0.0000E+00
 0.0000E+00 7.4460E-05 2.3177E-04 2.0725E-04 5.9922E-04 4.3750E-04 1.8013E-03 1.2307E-03 3.7964E-03 3.1205E-03 3.1491E-03 2.6762E-03 4.8487E-03 6.7430E-03 1.3822E-02 2.1856E-02 0.0000E+00 1.0712E-02 4.5276E-03 2.4510E-03 1.8774E-03 1.0664E-03 1.8236E-04 6.6184E-05 0.0000E+00
 0.0000E+00 2.4820E-05 1.7382E-04 1.0777E-04 6.2419E-04 4.9639E-04 1.8440E-03 1.5687E-03 2.6444E-03 2.9359E-03 3.1128E-03 2.7821E-03 4.9223E-03 6.7311E-03 1.3523E-02 2.1510E-02 0.0000E+00 1.0661E-02 4.7329E-03 2.4111E-03 2.0545E-03 6.5493E-04 9.1182E-05 7.4457E-05 0.0000E+00
 0.0000E+00 5.7913E-05 9.9328E-05 1.1606E-04 3.9116E-04 5.7212E-04 2.0574E-03 1.0574E-03 3.0633E-03 3.1029E-03 2.8042E-03 3.2634E-03 4.6910E-03 6.3505E-03 1.3595E-02 2.1306E-02 0.0000E+00 1.0493E-02 5.8195E-03 2.5207E-03 1.8331E-03 7.5569E-04 1.2434E-04 1.0755E-04 0.0000E+00
 0.0000E+00 4.9640E-05 2.7315E-04 2.5699E-04 4.8271E-04 4.1226E-04 1.7159E-03 9.6203E-04 3.3164E-03 3.5160E-03 2.9948E-03 3.2345E-03 4.5437E-03 7.7063E-03 1.4178E-02 1.9860E-02 0.0000E+00 1.0880E-02 5.3366E-03 2.3713E-03 1.9926E-03 7.2210E-04 1.4921E-04 1.1582E-04 0.0000E+00
 0.0000E+00 6.6187E-05 2.2349E-04 1.5751E-04 4.4942E-04 3.7019E-04 1.5281E-03 1.4040E-03 3.1244E-03 3.1732E-03 2.6590E-03 2.6377E-03 4.6489E-03 7.1117E-03 1.3865E-02 2.2630E-02 0.0000E+00 1.0224E-02 5.1675E-03 2.6602E-03 2.0811E-03 7.7248E-04 1.1605E-04 8.2730E-05 0.0000E+00
 0.0000E+00 6.6187E-05 1.5727E-04 2.4870E-04 5.2432E-04 5.8894E-04 1.2037E-03 1.2654E-03 3.0109E-03 3.4369E-03 3.0402E-03 2.6954E-03 5.0380E-03 6.9333E-03 1.5272E-02 2.2386E-02 0.0000E+00 1.0510E-02 5.2883E-03 2.4510E-03 2.1165E-03 6.5493E-04 1.1605E-04 9.1003E-05 0.0000E+00
 0.0000E+00 9.9280E-05 1.9038E-04 1.5751E-04 4.8271E-04 4.8798E-04 1.5623E-03 1.1007E-03 3.4473E-03 3.4808E-03 3.0039E-03 2.8495E-03 5.1117E-03 6.2673E-03 1.3168E-02 2.1673E-02 0.0000E+00 1.0544E-02 5.7712E-03 2.5008E-03 1.8951E-03 9.1523E-04 1.1605E-04 4.1365E-05 0.0000E+00
 0.0000E+00 4.9640E-05 1.6555E-04 1.4093E-04 5.5761E-04 4.4591E-04 1.5367E-03 1.2480E-03 3.0371E-03 2.7337E-03 3.0311E-03 2.7532E-03 5.2379E-03 6.7073E-03 1.3751E-02 2.0593E-02 0.0000E+00 1.0240E-02 4.7208E-03 1.9130E-03 1.7889E-03 8.9004E-04 2.4868E-04 7.4457E-05 0.0000E+00
 0.0000E+00 1.0755E-04 1.4072E-04 1.4093E-04 3.4122E-04 3.7019E-04 1.6647E-03 1.1787E-03 2.8538E-03 3.3138E-03 3.0765E-03 3.0516E-03 5.3115E-03 6.6003E-03 1.4121E-02 2.2324E-02 0.0000E+00 9.4993E-03 5.1192E-03 2.1322E-03 2.3999E-03 7.3890E-04 2.2381E-04 8.2730E-06 0.0000E+00
 0.0000E+00 7.4460E-05 1.2416E-04 2.3212E-04 6.7412E-04 3.5337E-04 1.6220E-03 9.7069E-04 3.0720E-03 3.5863E-03 2.9495E-03 2.4836E-03 5.1432E-03 6.8143E-03 1.4419E-02 2.2039E-02 0.0000E+00 9.9709E-03 4.9985E-03 2.3812E-03 2.2582E-03 6.8012E-04 8.2892E-05 4.1365E-05 0.0000E+00
 0.0000E+00 4.1367E-05 1.3244E-04 1.2435E-04 4.2445E-04 4.7115E-04 1.4257E-03 1.0054E-03 2.7753E-03 3.1644E-03 2.9404E-03 2.8495E-03 4.8592E-03 6.4814E-03 1.4732E-02 2.1062E-02 0.0000E+00 1.1015E-02 5.1313E-03 2.8695E-03 1.8597E-03 9.9919E-04 1.9065E-04 1.4891E-04 0.0000E+00
 0.0000E+00 1.4892E-04 1.5727E-04 1.1606E-04 5.9922E-04 6.4784E-04 1.5708E-03 1.1527E-03 3.1942E-03 3.1380E-03 3.1310E-03 3.1671E-03 5.2694E-03 6.7787E-03 1.3467E-02 2.1937E-02 0.0000E+00 9.4824E-03 4.7691E-03 2.8595E-03 1.9394E-03 8.6485E-04 2.0723E-04 5.7911E-05 0.0000E+00
 0.0000E+00 4.1367E-05 1.3244E-04 2.2383E-04 3.7451E-04 4.6274E-04 1.6306E-03 1.2480E-03 3.1069E-03 3.2347E-03 2.4957E-03 3.0227E-03 5.3220E-03 6.7906E-03 1.4320E-02 2.1897E-02 0.0000E+00 9.4656E-03 5.4332E-03 2.3314E-03 1.6649E-03 8.2286E-04 2.0723E-04 6.6184E-05 0.0000E+00
 0.0000E+00 6.6187E-05 3.3109E-05 1.8238E-04 3.1626E-04 3.5337E-04 1.7586E-03 1.1180E-03 3.0545E-03 3.2875E-03 2.7589E-03 3.0420E-03 5.1327E-03 5.9224E-03 1.3011E-02 2.2508E-02 0.0000E+00 9.3645E-03 5.2883E-03 2.4012E-03 1.7889E-03 8.3126E-04 9.9471E-05 5.7911E-05 0.0000E+00
 0.0000E+00 3.3093E-05 2.2349E-04 1.4922E-04 6.4916E-04 6.6466E-04 1.4257E-03 1.2394E-03 3.4647E-03 3.0062E-03 3.5484E-03 2.6762E-03 4.7225E-03 6.8381E-03 1.4803E-02 2.1306E-02 0.0000E+00 1.0038E-02 4.9019E-03 2.3015E-03 2.0634E-03 7.3890E-04 1.1605E-04 6.6184E-05 0.0000E+00
 0.0000E+00 6.6187E-05 7.4496E-05 2.4870E-04 5.2432E-04 6.8149E-04 1.9464E-03 1.2307E-03 3.6742E-03 3.5072E-03 3.2943E-03 3.0516E-03 4.1966E-03 7.2306E-03 1.5059E-02 2.3261E-02 0.0000E+00 9.9709E-03 5.1192E-03 2.2418E-03 1.6826E-03 8.8164E-04 1.8236E-04 8.2730E-06 0.0000E+00
 0.0000E+00 1.6547E-05 2.1521E-04 2.2383E-04 3.2458E-04 5.7212E-04 1.6476E-03 8.4936E-04 3.0633E-03 3.0941E-03 3.0402E-03 2.9072E-03 5.4693E-03 6.5527E-03 1.4391E-02 2.0043E-02 0.0000E+00 9.6845E-03 5.4573E-03 2.8097E-03 1.6295E-03 7.9767E-04 1.9894E-04 1.1582E-04 0.0000E+00
 0.0000E+00 4.1367E-05 2.5660E-04 1.4093E-04 4.1613E-04 4.7115E-04 1.4854E-03 1.3000E-03 2.8276E-03 3.3314E-03 3.2036E-03 3.0035E-03 5.2379E-03 7.2544E-03 1.4419E-02 1.9839E-02 0.0000E+00 9.8193E-03 4.6121E-03 2.3613E-03 1.8509E-03 9.7400E-04 1.4921E-04 1.1582E-04 0.0000E+00
 0.0000E+00 1.1583E-04 1.4899E-04 2.4041E-04 4.8271E-04 5.3005E-04 1.6989E-03 1.1007E-03 3.4211E-03 2.7864E-03 3.0221E-03 3.0901E-03 4.6910E-03 5.9462E-03 1.4035E-02 2.1774E-02 0.0000E+00 9.7014E-03 5.4211E-03 2.5905E-03 1.9129E-03 8.8164E-04 2.0723E-04 9.9276E-05 0.0000E+00
 0.0000E+00 5.7913E-05 2.0693E-04 1.9067E-04 4.4942E-04 5.7212E-04 1.7672E-03 1.3087E-03 3.3687E-03 2.9271E-03 2.8224E-03 2.9554E-03 4.5858E-03 6.7311E-03 1.3623E-02 2.0919E-02 0.0000E+00 1.0358E-02 4.8295E-03 2.3613E-03 1.9394E-03 6.8852E-04 1.6578E-04 1.1582E-04 0.0000E+00
 0.0000E+00 4.1367E-05 1.5727E-04 2.6528E-04 5.5761E-04 5.0481E-04 1.8611E-03 1.1354E-03 3.1244E-03 3.4457E-03 3.3941E-03 2.6762E-03 5.1432E-03 5.6965E-03 1.4163E-02 2.1917E-02 0.0000E+00 9.4824E-03 5.5418E-03 2.5905E-03 1.7623E-03 9.3202E-04 2.0723E-04 6.6184E-05 0.0000E+00
 0.0000E+00 7.4460E-05 1.7382E-04 1.4922E-04 3.4122E-04 4.2067E-04 1.5025E-03 9.0136E-04 2.9847E-03 2.8480E-03 3.3125E-03 2.9361E-03 4.7435E-03 6.4814E-03 1.4234E-02 2.0573E-02 0.0000E+00 8.8424E-03 5.1313E-03 2.0226E-03 1.9483E-03 8.5645E-04 1.3263E-04 9.1003E-05 0.0000E+00
 0.0000E+00 4.9640E-05 2.1521E-04 1.1606E-04 4.9103E-04 5.4688E-04 1.6647E-03 1.1527E-03 2.8800E-03 2.8568E-03 2.5138E-03 2.8976E-03 4.7435E-03 6.6835E-03 1.5059E-02 2.0450E-02 0.0000E+00 1.0122E-02 5.1192E-03 2.5506E-03 1.7623E-03 9.9919E-04 1.0776E-04 1.1582E-04 0.0000E+00
 0.0000E+00 7.4460E-05 3.0626E-04 2.1554E-04 3.9116E-04 5.2164E-04 1.2635E-03 1.3520E-03 2.9585E-03 3.0238E-03 3.0856E-03 3.0227E-03 5.4903E-03 6.6122E-03 1.4377E-02 2.3241E-02 0.0000E+00 9.8024E-03 4.7208E-03 2.3414E-03 1.7357E-03 6.5493E-04 1.2434E-04 4.9638E-05 0.0000E+00
 0.0000E+00 5.7913E-05 1.1588E-04 1.0777E-04 6.6580E-04 6.2260E-04 1.6562E-03 1.0660E-03 3.5695E-03 3.1556E-03 2.9585E-03 2.3104E-03 5.1432E-03 6.3505E-03 1.3395E-02 2.0063E-02 0.0000E+00 8.6403E-03 5.1434E-03 2.5805E-03 1.6383E-03 7.6409E-04 1.4921E-04 6.6184E-05 0.0000E+00
 0.0000E+00 8.2733E-05 1.3244E-04 9.9481E-05 4.4942E-04 4.1226E-04 1.5367E-03 1.2134E-03 3.3076E-03 3.1468E-03 3.1854E-03 2.8206E-03 4.8592E-03 7.2663E-03 1.4462E-02 2.2121E-02 0.0000E+00 1.0510E-02 4.3103E-03 2.1122E-03 1.8154E-03 9.0683E-04 1.3263E-04 4.9638E-05 0.0000E+00
 0.0000E+00 7.4460E-05 2.0693E-04 1.2435E-04 4.3277E-04 4.1226E-04 1.4428E-03 1.0054E-03 3.2902E-03 3.1820E-03 2.9041E-03 2.8495E-03 4.4490E-03 6.1722E-03 1.4334E-02 2.1815E-02 0.0000E+00 9.7351E-03 4.9864E-03 2.5606E-03 1.3461E-03 7.9767E-04 9.1182E-05 1.2410E-04 0.0000E+00
 0.0000E+00 1.3237E-04 2.3177E-04 2.4041E-04 4.0780E-04 4.0385E-04 1.5964E-03 1.2394E-03 3.6218E-03 2.8392E-03 3.0765E-03 2.6377E-03 4.3754E-03 6.1722E-03 1.4320E-02 2.2711E-02 0.0000E+00 1.0426E-02 5.1796E-03 2.7001E-03 1.7357E-03 7.0531E-04 1.4092E-04 9.9276E-05 0.0000E+00
 0.0000E+00 2.4820E-05 2.0693E-04 1.8238E-04 3.4955E-04 4.5433E-04 1.9038E-03 1.0400E-03 3.1855E-03 2.9798E-03 2.7044E-03 2.4933E-03 5.0170E-03 6.6241E-03 1.4078E-02 2.0736E-02 0.0000E+00 1.0459E-02 5.0468E-03 1.9927E-03 1.6472E-03 8.0607E-04 1.8236E-04 5.7911E-05 0.0000E+00
 0.0000E+00 7.4460E-05 1.5727E-04 2.3212E-04 4.6606E-04 5.7212E-04 1.8355E-03 1.1440E-03 3.0982E-03 3.0150E-03 3.3306E-03 3.0035E-03 5.4693E-03 6.5884E-03 1.3651E-02 2.1347E-02 0.0000E+00 1.0645E-02 5.3607E-03 2.1521E-03 1.7534E-03 1.0496E-03 1.0776E-04 8.2730E-05 0.0000E+00
 0.0000E+00 7.4460E-05 1.1588E-04 2.4870E-04 5.2432E-04 6.3101E-04 1.6306E-03 1.3000E-03 2.8713E-03 2.9534E-03 2.8587E-03 3.1575E-03 4.7225E-03 6.3981E-03 1.4590E-02 2.2569E-02 0.0000E+00 1.0240E-02 5.1313E-03 2.5207E-03 1.6737E-03 1.1083E-03 1.6578E-04 7.4457E-05 0.0000E+00
 0.0000E+00 6.6187E-05 1.3244E-04 2.5699E-04 4.2445E-04 4.4591E-04 1.5879E-03 1.2047E-03 2.9847E-03 3.1117E-03 2.7498E-03 2.5414E-03 5.0380E-03 6.9927E-03 1.4007E-02 2.3139E-02 0.0000E+00 1.0055E-02 5.1192E-03 2.6702E-03 1.8243E-03 8.1447E-04 1.4921E-04 6.6184E-05 0.0000E+00
 0.0000E+00 7.4460E-05 1.9866E-04 4.1450E-05 6.6580E-04 2.4399E-04 1.4684E-03 1.3520E-03 2.7404E-03 2.7073E-03 3.3397E-03 2.8398E-03 4.9644E-03 6.4814E-03 1.3211E-02 2.2263E-02 0.0000E+00 1.0341E-02 4.5518E-03 2.6303E-03 1.5852E-03 9.1523E-04 2.4039E-04 9.9276E-05 0.0000E+00
 0.0000E+00 3.3093E-05 3.3109E-04 2.6528E-04 5.9090E-04 3.5337E-04 1.6562E-03 1.3000E-03 3.2727E-03 3.3842E-03 2.8768E-03 2.9650E-03 3.9547E-03 6.3624E-03 1.3623E-02 2.1774E-02 0.0000E+00 9.8024E-03 5.1796E-03 2.2517E-03 1.9571E-03 8.5645E-04 1.6578E-04 5.7911E-05 0.0000E+00
 0.0000E+00 7.4460E-05 1.9866E-04 1.5751E-04 4.4109E-04 4.5433E-04 1.6733E-03 1.1180E-03 3.0895E-03 2.9886E-03 2.8315E-03 2.4548E-03 4.8803E-03 6.2792E-03 1.4761E-02 2.0939E-02 0.0000E+00 1.0341E-02 4.7570E-03 2.0923E-03 1.7180E-03 9.3202E-04 1.4092E-04 5.7911E-05 0.0000E+00
 0.0000E+00 7.4460E-05 2.5660E-04 9.1191E-05 3.5787E-04 5.3005E-04 1.7757E-03 1.4300E-03 3.3076E-03 3.3138E-03 2.9676E-03 2.9265E-03 4.9960E-03 6.2911E-03 1.3978E-02 2.2019E-02 0.0000E+00 1.0274E-02 5.2400E-03 2.2019E-03 1.7180E-03 9.3202E-04 1.8236E-04 4.1365E-05 0.0000E+00
 0.0000E+00 4.1367E-05 3.8076E-04 2.1554E-04 4.8271E-04 5.9736E-04 1.6989E-03 1.2220E-03 2.8713E-03 2.9886E-03 3.1854E-03 2.4451E-03 4.7541E-03 6.1127E-03 1.3538E-02 2.2406E-02 0.0000E+00 9.6172E-03 5.0709E-03 2.0325E-03 2.3025E-03 7.8928E-04 1.4092E-04 1.4891E-04 0.0000E+00
 0.0000E+00 8.2733E-05 1.2416E-04 2.1554E-04 4.3277E-04 4.0385E-04 1.8098E-03 1.0487E-03 2.8887E-03 3.0853E-03 3.2126E-03 2.7917E-03 4.6594E-03 6.6241E-03 1.4334E-02 2.1387E-02 0.0000E+00 9.6845E-03 5.2158E-03 2.1222E-03 1.6737E-03 7.1371E-04 1.7407E-04 1.1582E-04 0.0000E+00
 0.0000E+00 4.1367E-05 1.7382E-04 2.0725E-04 3.4955E-04 4.8798E-04 1.5708E-03 9.3603E-04 3.0109E-03 3.3754E-03 2.5411E-03 3.2538E-03 5.1432E-03 6.3743E-03 1.4561E-02 2.2182E-02 0.0000E+00 9.4993E-03 5.2158E-03 3.0289E-03 1.7357E-03 8.3966E-04 1.7407E-04 8.2730E-05 0.0000E+00
 0.0000E+00 4.1367E-05 1.9866E-04 1.9896E-04 4.2445E-04 3.5337E-04 1.6135E-03 9.9669E-04 2.9062E-03 2.9447E-03 2.9858E-03 2.7436E-03 4.5753E-03 6.6122E-03 1.4761E-02 2.1428E-02 0.0000E+00 9.8024E-03 5.2641E-03 2.2418E-03 1.5852E-03 8.4805E-04 2.2381E-04 4.1365E-05 0.0000E+00
 0.0000E+00 5.7913E-05 2.7315E-04 2.3212E-04 5.2432E-04 5.0481E-04 1.5879E-03 1.1094E-03 3.4473E-03 2.8655E-03 2.8133E-03 2.5703E-03 4.5122E-03 6.6479E-03 1.3722E-02 2.2324E-02 0.0000E+00 9.5666E-03 5.0830E-03 2.0923E-03 2.1077E-03 9.3202E-04 1.5750E-04 1.3237E-04 0.0000E+00
 0.0000E+00 5.7913E-05 1.6555E-04 1.9896E-04 5.2432E-04 4.5433E-04 1.8781E-03 9.7936E-04 2.9673E-03 3.0413E-03 3.3578E-03 3.1286E-03 5.2694E-03 6.7192E-03 1.5201E-02 2.0613E-02 0.0000E+00 1.0847E-02 5.3245E-03 2.3812E-03 2.0545E-03 5.2059E-04 1.9894E-04 6.6184E-05 0.0000E+00
 0.0000E+00 0.0000E+00 1.4899E-04 1.6580E-04 4.4942E-04 5.3005E-04 1.6220E-03 9.8803E-04 3.2989E-03 3.1117E-03 3.3488E-03 2.8398E-03 4.7330E-03 6.0651E-03 1.3353E-02 2.2447E-02 0.0000E+00 1.0055E-02 4.7450E-03 2.5905E-03 1.6118E-03 7.1371E-04 2.1552E-04 7.4457E-05 0.0000E+00
 0.0000E+00 1.5719E-04 1.4072E-04 1.4922E-04 4.1613E-04 3.5337E-04 1.4940E-03 1.0314E-03 3.1156E-03 2.9710E-03 2.8859E-03 2.8013E-03 5.2063E-03 6.6241E-03 1.4675E-02 2.1387E-02 0.0000E+00 9.9709E-03 4.8053E-03 2.6004E-03 1.7003E-03 8.7324E-04 1.4921E-04 1.0755E-04 0.0000E+00
 0.0000E+00 3.3093E-05 9.9328E-05 1.6580E-04 5.5761E-04 5.6370E-04 1.6562E-03 1.4127E-03 3.0807E-03 3.1908E-03 3.4395E-03 2.5125E-03 4.6699E-03 6.1127E-03 1.3467E-02 2.1571E-02 0.0000E+00 1.0645E-02 5.0830E-03 2.4410E-03 1.9926E-03 8.1447E-04 1.9894E-04 8.2730E-05 0.0000E+00
 0.0000E+00 1.3237E-04 1.6555E-04 1.1606E-04 5.4096E-04 4.7957E-04 1.4854E-03 1.0660E-03 3.1244E-03 3.1205E-03 3.4214E-03 2.6088E-03 4.6278E-03 6.9333E-03 1.3566E-02 2.2793E-02 0.0000E+00 1.0594E-02 4.8657E-03 2.1720E-03 1.9394E-03 7.7248E-04 1.4092E-04 5.7911E-05 0.0000E+00
 0.0000E+00 1.4065E-04 1.8210E-04 1.6580E-04 5.9922E-04 5.3846E-04 1.5367E-03 9.7936E-04 3.2378E-03 2.6985E-03 3.2489E-03 2.7532E-03 5.1432E-03 6.5051E-03 1.3125E-02 2.1612E-02 0.0000E+00 9.9540E-03 5.0227E-03 2.4709E-03 1.6206E-03 6.8852E-04 1.6578E-04 9.9276E-05 0.0000E+00
 0.0000E+00 9.9280E-05 1.4899E-04 9.9481E-05 4.6606E-04 4.0385E-04 1.8098E-03 1.3954E-03 2.9149E-03 3.0677E-03 2.8768E-03 2.9168E-03 4.7856E-03 7.3495E-03 1.3779E-02 2.2915E-02 0.0000E+00 9.7182E-03 5.0227E-03 2.3912E-03 1.7977E-03 5.9616E-04 1.2434E-04 1.2410E-04 0.0000E+00
 0.0000E+00 5.7913E-05 2.0693E-04 2.1554E-04 5.0767E-04 5.1322E-04 1.4257E-03 1.3780E-03 2.4873E-03 3.1644E-03 3.2852E-03 2.5895E-03 4.8698E-03 6.0057E-03 1.3324E-02 2.1143E-02 0.0000E+00 9.8698E-03 5.2641E-03 2.2916E-03 2.0634E-03 7.3050E-04 1.9894E-04 1.4891E-04 0.0000E+00
 0.0000E+00 2.4820E-05 1.9038E-04 1.8238E-04 5.2432E-04 4.7957E-04 1.7330E-03 1.0920E-03 3.3076E-03 3.1556E-03 3.1400E-03 3.0324E-03 5.0906E-03 6.4219E-03 1.2827E-02 2.1224E-02 0.0000E+00 1.0611E-02 4.8778E-03 2.2816E-03 1.5498E-03 6.5493E-04 1.5750E-04 1.3237E-04 0.0000E+00
 0.0000E+00 1.1583E-04 9.9328E-05 1.1606E-04 5.2432E-04 3.6178E-04 1.6818E-03 1.2480E-03 2.7229E-03 2.9886E-03 2.9676E-03 2.5799E-03 4.2913E-03 6.3981E-03 1.3609E-02 2.2487E-02 0.0000E+00 1.0240E-02 5.1555E-03 2.3115E-03 1.7712E-03 7.7248E-04 1.4921E-04 9.9276E-05 0.0000E+00
 0.0000E+00 1.0755E-04 1.5727E-04 2.2383E-04 6.3251E-04 2.7764E-04 1.6903E-03 1.1354E-03 2.7578E-03 3.0853E-03 3.6392E-03 2.7436E-03 4.5437E-03 6.5884E-03 1.4050E-02 2.2691E-02 0.0000E+00 9.7519E-03 4.8415E-03 2.7698E-03 1.7003E-03 7.5569E-04 1.8236E-04 4.1365E-05 0.0000E+00
 0.0000E+00 7.4460E-05 1.6555E-04 1.8238E-04 4.4942E-04 4.7115E-04 1.7159E-03 1.1787E-03 3.2378E-03 3.0589E-03 2.8133E-03 2.7821E-03 4.5332E-03 6.5527E-03 1.3139E-02 2.2100E-02 0.0000E+00 1.0459E-02 5.8316E-03 2.6602E-03 1.9748E-03 7.8928E-04 2.0723E-04 7.4457E-05 0.0000E+00
 0.0000E+00 4.9640E-05 1.0761E-04 2.2383E-04 5.5761E-04 4.4591E-04 1.6135E-03 9.9669E-04 3.0109E-03 3.0150E-03 3.3306E-03 3.0516E-03 4.7015E-03 6.3743E-03 1.4306E-02 2.1530E-02 0.0000E+00 1.0527E-02 5.0709E-03 2.3414E-03 1.8951E-03 8.3126E-04 7.4603E-05 9.1003E-05 0.0000E+00
 0.0000E+00 3.3093E-05 1.8210E-04 2.0725E-04 3.2458E-04 4.2909E-04 1.6135E-03 1.1354E-03 2.5047E-03 2.6370E-03 3.0674E-03 2.9650E-03 4.7225E-03 6.5408E-03 1.4178E-02 2.1021E-02 0.0000E+00 9.9035E-03 4.6363E-03 2.1521E-03 2.1342E-03 9.4881E-04 1.9894E-04 7.4457E-05 0.0000E+00
 0.0000E+00 4.1367E-05 1.4899E-04 1.2435E-04 6.4916E-04 3.8702E-04 1.6050E-03 9.7069E-04 2.8887E-03 3.3490E-03 2.9676E-03 2.9650E-03 3.9021E-03 7.1473E-03 1.3296E-02 2.1347E-02 0.0000E+00 9.6845E-03 4.2137E-03 2.0226E-03 1.7357E-03 7.8088E-04 1.4921E-04 1.4891E-04 0.0000E+00
 0.0000E+00 5.7913E-05 1.5727E-04 2.2383E-04 4.6606E-04 3.4495E-04 1.6306E-03 1.0314E-03 3.2902E-03 2.9183E-03 2.7407E-03 2.6762E-03 4.6910E-03 6.4695E-03 1.4035E-02 2.0960E-02 0.0000E+00 1.0341E-02 4.6725E-03 2.2717E-03 1.5409E-03 9.1523E-04 2.5697E-04 1.0755E-04 0.0000E+00
 0.0000E+00 5.7913E-05 1.4072E-04 2.4041E-04 3.9948E-04 4.7115E-04 1.7672E-03 1.1354E-03 2.5222E-03 3.1996E-03 2.8315E-03 2.4933E-03 4.3439E-03 5.9938E-03 1.3907E-02 2.0899E-02 0.0000E+00 9.8024E-03 4.5639E-03 2.1621E-03 2.0280E-03 7.8928E-04 1.4921E-04 4.9638E-05 0.0000E+00
 0.0000E+00 4.9640E-05 8.2774E-05 2.4041E-04 2.9129E-04 3.7861E-04 1.5367E-03 8.9269E-04 3.0371E-03 3.1205E-03 2.9676E-03 2.4933E-03 4.9013E-03 6.4338E-03 1.3225E-02 2.3363E-02 0.0000E+00 1.0661E-02 5.0347E-03 2.3613E-03 1.9660E-03 7.7248E-04 1.4921E-04 1.1582E-04 0.0000E+00
 0.0000E+00 1.0755E-04 2.4832E-04 1.7409E-04 3.4955E-04 4.3750E-04 1.6818E-03 8.9269E-04 3.3338E-03 2.8655E-03 3.1854E-03 2.4451E-03 4.4701E-03 6.8619E-03 1.3808E-02 2.0165E-02 0.0000E+00 9.6003E-03 4.9019E-03 2.3812E-03 2.0280E-03 7.8088E-04 1.4921E-04 1.1582E-04 0.0000E+00
 0.0000E+00 8.2733E-05 2.4832E-04 1.4093E-04 3.8284E-04 4.5433E-04 1.9806E-03 1.0140E-03 2.6531E-03 3.2259E-03 3.0584E-03 2.6569E-03 5.1432E-03 6.2673E-03 1.2926E-02 2.0939E-02 0.0000E+00 1.1066E-02 5.1555E-03 2.5307E-03 1.7180E-03 7.3890E-04 9.9471E-05 4.9638E-05 0.0000E+00
 0.0000E+00 1.1583E-04 1.2416E-04 1.0777E-04 4.3277E-04 4.3750E-04 1.5111E-03 1.2480E-03 2.6967E-03 3.0062E-03 2.5501E-03 2.7243E-03 4.9960E-03 6.2078E-03 1.4903E-02 2.1489E-02 0.0000E+00 1.0038E-02 5.5177E-03 2.5506E-03 1.9394E-03 9.9080E-04 1.3263E-04 9.1003E-05 0.0000E+00
 0.0000E+00 3.3093E-05 2.0693E-04 2.2383E-04 5.7425E-04 4.5433E-04 1.2464E-03 1.0574E-03 2.5571E-03 3.3578E-03 2.7135E-03 2.5222E-03 4.4806E-03 6.2435E-03 1.3993E-02 2.0980E-02 0.0000E+00 1.0274E-02 4.4673E-03 2.6702E-03 1.5940E-03 7.1371E-04 1.6578E-04 1.3237E-04 0.0000E+00
 0.0000E+00 7.4460E-05 1.1588E-04 1.5751E-04 4.0780E-04 5.5529E-04 1.5281E-03 1.1700E-03 2.9062E-03 2.6634E-03 2.8587E-03 2.7628E-03 4.7435E-03 5.6965E-03 1.4362E-02 2.1734E-02 0.0000E+00 1.0021E-02 4.8295E-03 2.5008E-03 1.6295E-03 7.6409E-04 2.0723E-04 1.5719E-04 0.0000E+00
 0.0000E+00 4.1367E-05 1.9038E-04 1.2435E-04 4.6606E-04 3.0289E-04 1.5623E-03 1.0054E-03 2.8015E-03 3.4193E-03 2.8678E-03 2.8206E-03 5.0696E-03 6.4576E-03 1.3722E-02 2.0939E-02 0.0000E+00 1.0055E-02 5.3969E-03 2.1621E-03 1.8509E-03 8.0607E-04 1.5750E-04 8.2730E-05 0.0000E+00
 0.0000E+00 3.3093E-05 1.3244E-04 2.8186E-04 4.1613E-04 3.4495E-04 1.4769E-03 1.1614E-03 2.6269E-03 2.9359E-03 2.6137E-03 2.8976E-03 4.7120E-03 6.1246E-03 1.3893E-02 2.2243E-02 0.0000E+00 1.0240E-02 4.9381E-03 2.1919E-03 1.9837E-03 8.2286E-04 1.9894E-04 3.3092E-05 0.0000E+00
 0.0000E+00 3.3093E-05 9.9328E-05 2.3212E-04 4.5774E-04 5.5529E-04 1.5452E-03 1.2047E-03 2.8625E-03 2.9710E-03 2.8315E-03 2.8976E-03 4.8067E-03 6.3743E-03 1.3523E-02 2.3098E-02 0.0000E+00 9.1793E-03 5.3124E-03 2.3812E-03 2.1785E-03 1.0160E-03 1.4092E-04 5.7911E-05 0.0000E+00
 0.0000E+00 5.7913E-05 1.1588E-04 1.3264E-04 4.7438E-04 3.6178E-04 1.5281E-03 1.1787E-03 3.2029E-03 3.1205E-03 2.7679E-03 2.6569E-03 4.2808E-03 6.3862E-03 1.3836E-02 2.2589E-02 0.0000E+00 1.1554E-02 5.0709E-03 2.2617E-03 1.6206E-03 9.4881E-04 1.9894E-04 1.3237E-04 0.0000E+00
 0.0000E+00 3.3093E-05 1.7382E-04 2.7357E-04 4.3277E-04 4.0385E-04 1.5964E-03 1.0660E-03 3.2116E-03 3.4457E-03 2.9132E-03 2.8495E-03 4.3544E-03 6.5051E-03 1.3666E-02 2.0165E-02 0.0000E+00 9.2635E-03 5.4452E-03 2.2816E-03 1.7712E-03 9.1523E-04 1.0776E-04 9.9276E-05 0.0000E+00
 0.0000E+00 9.9280E-05 1.9866E-04 1.9067E-04 4.9103E-04 3.1971E-04 1.6391E-03 1.4734E-03 2.9935E-03 3.2611E-03 2.7135E-03 2.7724E-03 4.5016E-03 6.9333E-03 1.4206E-02 2.1102E-02 0.0000E+00 1.0830E-02 4.8898E-03 2.5407E-03 1.8686E-03 6.0455E-04 1.2434E-04 1.2410E-04 0.0000E+00
 0.0000E+00 9.9280E-05 2.3177E-04 1.6580E-04 4.9103E-04 2.6923E-04 1.7586E-03 1.0487E-03 2.7578E-03 3.8500E-03 2.7770E-03 2.3681E-03 4.9644E-03 6.3505E-03 1.4192E-02 2.0369E-02 0.0000E+00 9.8193E-03 5.2521E-03 2.6602E-03 1.8951E-03 6.7173E-04 1.2434E-04 9.9276E-05 0.0000E+00
 0.0000E+00 5.7913E-05 7.4496E-05 1.8238E-04 6.4916E-04 5.4688E-04 1.7245E-03 1.4040E-03 3.3949E-03 3.3754E-03 3.1854E-03 2.8495E-03 4.7120E-03 6.8025E-03 1.3125E-02 2.0267E-02 0.0000E+00 9.4824E-03 5.5539E-03 2.2418E-03 1.5232E-03 7.3050E-04 1.7407E-04 4.9638E-05 0.0000E+00
 0.0000E+00 4.9640E-05 2.9798E-04 1.8238E-04 2.5800E-04 3.1130E-04 1.5452E-03 9.6203E-04 2.8538E-03 2.8216E-03 3.3760E-03 2.9072E-03 4.6173E-03 6.1008E-03 1.3666E-02 2.1510E-02 0.0000E+00 9.6340E-03 5.4211E-03 2.2019E-03 1.6206E-03 6.8012E-04 1.4092E-04 5.7911E-05 0.0000E+00
 0.0000E+00 1.4065E-04 1.5727E-04 1.4093E-04 4.5774E-04 5.6370E-04 1.7159E-03 1.0487E-03 2.6182E-03 3.4105E-03 2.5864E-03 2.3489E-03 4.7541E-03 6.8619E-03 1.4234E-02 2.1123E-02 0.0000E+00 1.0224E-02 5.4452E-03 2.3912E-03 1.8066E-03 9.2362E-04 8.2892E-05 1.3237E-04 0.0000E+00
 0.0000E+00 8.2733E-06 2.4004E-04 1.5751E-04 5.0767E-04 2.8606E-04 1.7928E-03 1.1354E-03 3.1680E-03 3.0589E-03 2.8042E-03 2.8302E-03 4.6594E-03 7.3257E-03 1.4263E-02 2.1999E-02 0.0000E+00 1.0476E-02 4.2258E-03 1.8333E-03 1.7003E-03 7.3050E-04 1.6578E-04 4.9638E-05 0.0000E+00
 0.0000E+00 4.1367E-05 1.4899E-04 2.1554E-04 4.7438E-04 5.8894E-04 1.5196E-03 1.3174E-03 2.8887E-03 3.2084E-03 2.6318E-03 2.4933E-03 5.3536E-03 6.8619E-03 1.4078E-02 2.2508E-02 0.0000E+00 1.0594E-02 5.3607E-03 2.4709E-03 1.9571E-03 7.3890E-04 1.5750E-04 9.9276E-05 0.0000E+00
 0.0000E+00 7.4460E-05 1.4072E-04 1.8238E-04 5.0767E-04 4.8798E-04 1.7330E-03 9.5336E-04 2.8625E-03 3.3226E-03 2.7226E-03 2.5895E-03 5.4167E-03 6.3862E-03 1.3168E-02 2.2223E-02 0.0000E+00 9.7519E-03 4.5156E-03 2.3015E-03 1.7269E-03 7.6409E-04 1.2434E-04 6.6184E-05 0.0000E+00
 0.0000E+00 3.3093E-05 1.6555E-04 1.8238E-04 4.5774E-04 4.3750E-04 1.6733E-03 1.0747E-03 2.6007E-03 2.7776E-03 2.5774E-03 2.9457E-03 4.4596E-03 6.3624E-03 1.3666E-02 2.0532E-02 0.0000E+00 1.0965E-02 5.5901E-03 2.2717E-03 1.7623E-03 8.4805E-04 1.3263E-04 7.4457E-05 0.0000E+00
 0.0000E+00 3.3093E-05 1.1588E-04 1.9067E-04 6.4916E-04 3.6178E-04 1.6989E-03 1.2654E-03 3.0371E-03 2.9095E-03 3.0856E-03 2.6569E-03 4.2913E-03 6.4338E-03 1.4263E-02 2.0675E-02 0.0000E+00 9.4487E-03 5.0589E-03 2.7100E-03 2.0723E-03 8.8164E-04 1.6578E-04 1.2410E-04 0.0000E+00
 0.0000E+00 9.1006E-05 1.8210E-04 2.0725E-04 4.2445E-04 4.5433E-04 1.4428E-03 1.0747E-03 2.8713E-03 2.9271E-03 3.0311E-03 2.8206E-03 4.3439E-03 6.1008E-03 1.4917E-02 2.1836E-02 0.0000E+00 1.0291E-02 4.5035E-03 2.5207E-03 1.7269E-03 7.7248E-04 2.3210E-04 8.2730E-05 0.0000E+00
 0.0000E+00 6.6187E-05 2.1521E-04 1.9067E-04 5.3264E-04 4.0385E-04 1.6391E-03 1.1354E-03 2.9062E-03 3.5687E-03 2.8950E-03 2.5222E-03 4.3649E-03 6.6597E-03 1.3722E-02 2.2630E-02 0.0000E+00 1.0358E-02 5.1434E-03 1.9727E-03 1.7269E-03 6.7173E-04 2.9012E-04 4.9638E-05 0.0000E+00
 0.0000E+00 4.1367E-05 1.1588E-04 1.4922E-04 4.0780E-04 4.8798E-04 1.4257E-03 9.8803E-04 2.8102E-03 2.8831E-03 2.5229E-03 2.7724E-03 5.0486E-03 6.9690E-03 1.3481E-02 2.3811E-02 0.0000E+00 1.0712E-02 5.0106E-03 2.1919E-03 1.9129E-03 6.2974E-04 1.0776E-04 5.7911E-05 0.0000E+00
 0.0000E+00 7.4460E-05 7.4496E-05 2.4041E-04 3.5787E-04 4.5433E-04 1.5793E-03 1.1007E-03 2.6705E-03 3.2963E-03 2.9676E-03 2.6184E-03 4.2913E-03 7.0641E-03 1.2983E-02 2.3343E-02 0.0000E+00 9.6340E-03 4.8053E-03 2.4610E-03 1.7800E-03 7.8928E-04 1.2434E-04 7.4457E-05 0.0000E+00
 0.0000E+00 2.4820E-05 1.3244E-04 2.4041E-04 5.9090E-04 3.8702E-04 1.4598E-03 7.8002E-04 2.5047E-03 2.8040E-03 3.4123E-03 2.6377E-03 4.5227E-03 6.2316E-03 1.3239E-02 2.3221E-02 0.0000E+00 9.7856E-03 4.7087E-03 2.3215E-03 1.6560E-03 8.3126E-04 1.2434E-04 1.1582E-04 0.0000E+00
 0.0000E+00 7.4460E-05 1.9866E-04 1.7409E-04 3.2458E-04 3.6178E-04 1.3403E-03 1.0747E-03 3.0982E-03 2.8304E-03 2.6863E-03 2.3874E-03 4.5858E-03 6.8143E-03 1.2784E-02 2.1856E-02 0.0000E+00 9.2635E-03 4.4431E-03 2.7001E-03 1.9660E-03 8.2286E-04 2.4868E-05 6.6184E-05 0.0000E+00
 0.0000E+00 9.1006E-05 1.3244E-04 1.2435E-04 2.9129E-04 3.1971E-04 1.4769E-03 9.4469E-04 3.6044E-03 3.1029E-03 2.6500E-03 2.8110E-03 4.6384E-03 6.4933E-03 1.3395E-02 2.2487E-02 0.0000E+00 9.0445E-03 5.1434E-03 2.0923E-03 2.0634E-03 7.5569E-04 1.4921E-04 1.3237E-04 0.0000E+00
 0.0000E+00 9.9280E-05 1.9866E-04 1.4093E-04 5.0767E-04 4.7957E-04 1.8355E-03 7.1069E-04 2.6356E-03 3.0238E-03 2.7135E-03 2.6858E-03 4.2387E-03 5.9105E-03 1.3509E-02 2.2508E-02 0.0000E+00 1.0981E-02 4.5639E-03 2.3215E-03 1.5940E-03 8.7324E-04 1.7407E-04 1.6546E-04 0.0000E+00
 0.0000E+00 3.3093E-05 1.7382E-04 2.1554E-04 5.3264E-04 5.1322E-04 1.4598E-03 1.0574E-03 2.8625E-03 2.5843E-03 2.8678E-03 2.3778E-03 4.7751E-03 6.8381E-03 1.3068E-02 1.9575E-02 0.0000E+00 9.4824E-03 5.1555E-03 1.8432E-03 1.7180E-03 5.6257E-04 1.4092E-04 1.3237E-04 0.0000E+00
 0.0000E+00 1.5719E-04 2.9798E-04 1.0777E-04 7.4070E-04 6.5625E-04 1.6733E-03 1.2740E-03 2.5484E-03 2.9007E-03 2.8678E-03 2.2911E-03 4.6173E-03 7.3019E-03 1.4362E-02 2.1815E-02 0.0000E+00 9.7519E-03 4.7570E-03 2.1322E-03 1.2221E-03 8.2286E-04 1.8236E-04 9.1003E-05 0.0000E+00
 0.0000E+00 1.1583E-04 2.2349E-04 2.4041E-04 3.6619E-04 4.0385E-04 2.0403E-03 7.4535E-04 3.1942E-03 3.1468E-03 3.0311E-03 2.8398E-03 5.2484E-03 5.9581E-03 1.2727E-02 2.1673E-02 0.0000E+00 1.0442E-02 4.8898E-03 2.3115E-03 1.8243E-03 8.4805E-04 1.1605E-04 9.1003E-05 0.0000E+00
 0.0000E+00 4.1367E-05 1.4899E-04 1.0777E-04 4.1613E-04 5.7212E-04 1.6050E-03 9.1869E-04 2.8713E-03 3.2259E-03 3.2580E-03 3.0516E-03 4.8803E-03 5.6251E-03 1.3950E-02 2.2976E-02 0.0000E+00 9.2635E-03 4.3948E-03 2.5606E-03 1.8951E-03 8.9004E-04 8.2892E-05 1.6546E-04 0.0000E+00
 0.0000E+00 1.0755E-04 1.4899E-04 1.2435E-04 2.7464E-04 4.2909E-04 1.3232E-03 9.1003E-04 3.3425E-03 3.3314E-03 2.9858E-03 2.2719E-03 4.5542E-03 6.4457E-03 1.3182E-02 2.2141E-02 0.0000E+00 9.8193E-03 4.4914E-03 2.4809E-03 2.1254E-03 8.4805E-04 1.3263E-04 3.3092E-05 0.0000E+00
 0.0000E+00 7.4460E-05 2.4832E-04 1.5751E-04 4.8271E-04 3.8702E-04 1.4428E-03 1.4907E-03 2.7229E-03 3.2699E-03 2.6137E-03 2.4644E-03 5.0380E-03 7.3257E-03 1.2855E-02 2.3098E-02 0.0000E+00 1.0291E-02 4.6363E-03 2.3812E-03 1.6737E-03 6.2974E-04 9.1182E-05 4.9638E-05 0.0000E+00
 0.0000E+00 9.1006E-05 4.9664E-05 1.3264E-04 5.5761E-04 5.3846E-04 1.3915E-03 8.8402E-04 2.6444E-03 3.0326E-03 2.9313E-03 2.3393E-03 4.0599E-03 6.8381E-03 1.3253E-02 2.0532E-02 0.0000E+00 1.0274E-02 6.0248E-03 1.9130E-03 1.9837E-03 6.5493E-04 1.9894E-04 2.4819E-05 0.0000E+00
 0.0000E+00 0.0000E+00 0.0000E+00 0.0000E+00 0.0000E+00 0.0000E+00 2.5611E-05 0.0000E+00 2.6182E-05 6.1530E-05 0.0000E+00 3.8506E-05 1.0518E-05 8.3247E-05 1.4220E-04 2.2406E-04 0.0000E+00 2.1895E-04 6.0368E-05 3.9854E-05 0.0000E+00 4.1983E-05 0.0000E+00 0.0000E+00 0.0000E+00
