 1.7624E+00 1.7439E-03 0.0000E+00 0.0000E+00 0.0000E+00 0.0000E+00 0.0000E+00 0.0000E+00 3.6862E-02 8.9598E-03 0.0000E+00 0.0000E+00 0.0000E+00 0.0000E+00 0.0000E+00 4.0108E-02 9.0105E-01 2.0608E-03 0.0000E+00 0.0000E+00 0.0000E+00 0.0000E+00 0.0000E+00 0.0000E+00 1.7624E+00
 0.0000E+00 1.9196E-03 0.0000E+00 0.0000E+00 0.0000E+00 0.0000E+00 0.0000E+00 0.0000E+00 1.8824E-02 3.7253E-03 0.0000E+00 0.0000E+00 0.0000E+00 0.0000E+00 0.0000E+00 2.1986E-02 8.7438E-01 1.1195E-03 0.0000E+00 0.0000E+00 0.0000E+00 0.0000E+00 0.0000E+00 0.0000E+00 0.0000E+00
 0.0000E+00 2.1958E-03 0.0000E+00 0.0000E+00 0.0000E+00 0.0000E+00 0.0000E+00 0.0000E+00 1.9992E-02 3.8477E-03 0.0000E+00 0.0000E+00 0.0000E+00 0.0000E+00 0.0000E+00 2.9075E-02 8.8289E-01 3.9181E-03 0.0000E+00 0.0000E+00 0.0000E+00 0.0000E+00 0.0000E+00 0.0000E+00 0.0000E+00
 0.0000E+00 2.0520E-03 0.0000E+00 0.0000E+00 0.0000E+00 0.0000E+00 0.0000E+00 0.0000E+00 1.8811E-02 1.3324E-03 0.0000E+00 0.0000E+00 0.0000E+00 0.0000E+00 0.0000E+00 2.7796E-02 8.7501E-01 5.5719E-03 0.0000E+00 0.0000E+00 0.0000E+00 0.0000E+00 0.0000E+00 0.0000E+00 0.0000E+00
 0.0000E+00 2.6398E-03 0.0000E+00 0.0000E+00 0.0000E+00 0.0000E+00 0.0000E+00 0.0000E+00 7.7790E-03 7.8585E-03 0.0000E+00 0.0000E+00 0.0000E+00 0.0000E+00 0.0000E+00 2.8196E-02 8.8542E-01 3.1548E-03 0.0000E+00 0.0000E+00 0.0000E+00 0.0000E+00 0.0000E+00 0.0000E+00 0.0000E+00
 0.0000E+00 2.5782E-03 0.0000E+00 0.0000E+00 0.0000E+00 0.0000E+00 0.0000E+00 0.0000E+00 1.1163E-02 1.4684E-03 0.0000E+00 0.0000E+00 0.0000E+00 0.0000E+00 7.1648E-05 3.8376E-02 8.3879E-01 7.9380E-03 0.0000E+00 0.0000E+00 0.0000E+00 0.0000E+00 0.0000E+00 0.0000E+00 0.0000E+00
 0.0000E+00 3.1134E-03 0.0000E+00 0.0000E+00 0.0000E+00 0.0000E+00 0.0000E+00 0.0000E+00 1.4522E-02 0.0000E+00 0.0000E+00 0.0000E+00 0.0000E+00 0.0000E+00 0.0000E+00 3.3952E-02 8.3557E-01 7.7345E-03 0.0000E+00 0.0000E+00 0.0000E+00 0.0000E+00 0.0000E+00 0.0000E+00 0.0000E+00
 0.0000E+00 3.7468E-03 0.0000E+00 0.0000E+00 0.0000E+00 0.0000E+00 0.0000E+00 5.9025E-03 2.0949E-02 0.0000E+00 0.0000E+00 0.0000E+00 0.0000E+00 0.0000E+00 0.0000E+00 4.2320E-02 8.0683E-01 4.6559E-03 0.0000E+00 0.0000E+00 0.0000E+00 0.0000E+00 0.0000E+00 0.0000E+00 0.0000E+00
 0.0000E+00 4.2935E-03 0.0000E+00 0.0000E+00 0.0000E+00 0.0000E+00 0.0000E+00 1.9249E-02 1.4902E-02 0.0000E+00 0.0000E+00 0.0000E+00 0.0000E+00 0.0000E+00 0.0000E+00 4.3706E-02 8.1082E-01 5.6991E-03 0.0000E+00 0.0000E+00 0.0000E+00 0.0000E+00 0.0000E+00 0.0000E+00 0.0000E+00
 0.0000E+00 5.2956E-03 0.0000E+00 0.0000E+00 0.0000E+00 0.0000E+00 0.0000E+00 1.2639E-04 9.1433E-03 0.0000E+00 0.0000E+00 0.0000E+00 0.0000E+00 0.0000E+00 0.0000E+00 4.5199E-02 7.9494E-01 9.6172E-03 0.0000E+00 0.0000E+00 0.0000E+00 0.0000E+00 0.0000E+00 1.9589E-05 0.0000E+00
 0.0000E+00 6.6605E-03 0.0000E+00 0.0000E+00 0.0000E+00 0.0000E+00 0.0000E+00 0.0000E+00 3.8738E-02 4.3643E-03 0.0000E+00 0.0000E+00 0.0000E+00 0.0000E+00 0.0000E+00 5.9137E-02 7.7052E-01 1.5011E-02 0.0000E+00 0.0000E+00 0.0000E+00 0.0000E+00 0.0000E+00 7.2480E-05 0.0000E+00
 0.0000E+00 7.9707E-03 0.0000E+00 0.0000E+00 0.0000E+00 0.0000E+00 0.0000E+00 0.0000E+00 9.7467E-03 1.8912E-02 0.0000E+00 0.0000E+00 0.0000E+00 0.0000E+00 0.0000E+00 5.5779E-02 7.4362E-01 8.5486E-03 0.0000E+00 0.0000E+00 0.0000E+00 0.0000E+00 0.0000E+00 6.4644E-05 0.0000E+00
 0.0000E+00 9.8710E-03 0.0000E+00 0.0000E+00 0.0000E+00 0.0000E+00 0.0000E+00 6.5092E-03 2.4583E-02 2.9694E-02 0.0000E+00 0.0000E+00 0.0000E+00 0.0000E+00 0.0000E+00 6.9424E-02 7.1663E-01 7.0221E-03 0.0000E+00 0.0000E+00 0.0000E+00 0.0000E+00 0.0000E+00 1.3517E-04 0.0000E+00
 0.0000E+00 1.2555E-02 0.0000E+00 0.0000E+00 0.0000E+00 0.0000E+00 0.0000E+00 1.6886E-02 3.7413E-02 1.4140E-03 0.0000E+00 0.0000E+00 0.0000E+00 0.0000E+00 4.2989E-04 7.4487E-02 7.2017E-01 9.7699E-03 0.0000E+00 0.0000E+00 0.0000E+00 0.0000E+00 5.3423E-06 1.8218E-04 0.0000E+00
 0.0000E+00 1.4537E-02 0.0000E+00 0.0000E+00 0.0000E+00 0.0000E+00 0.0000E+00 1.8832E-03 3.9839E-02 0.0000E+00 0.0000E+00 0.0000E+00 0.0000E+00 0.0000E+00 6.9260E-04 6.8224E-02 7.1286E-01 2.2059E-02 0.0000E+00 0.0000E+00 0.0000E+00 0.0000E+00 4.8081E-05 4.7993E-04 0.0000E+00
 0.0000E+00 1.7142E-02 0.0000E+00 0.0000E+00 0.0000E+00 0.0000E+00 0.0000E+00 0.0000E+00 1.6489E-02 0.0000E+00 0.0000E+00 0.0000E+00 0.0000E+00 0.0000E+00 0.0000E+00 1.0727E-01 7.1433E-01 2.3432E-02 0.0000E+00 0.0000E+00 0.0000E+00 0.0000E+00 5.3423E-06 4.6230E-04 0.0000E+00
 0.0000E+00 2.0792E-02 0.0000E+00 0.0000E+00 0.0000E+00 0.0000E+00 0.0000E+00 2.7048E-03 2.0254E-02 0.0000E+00 0.0000E+00 0.0000E+00 0.0000E+00 0.0000E+00 4.2989E-04 9.2183E-02 6.9994E-01 2.0430E-02 5.7633E-04 0.0000E+00 0.0000E+00 0.0000E+00 6.4108E-05 9.1090E-04 0.0000E+00
 0.0000E+00 2.4914E-02 0.0000E+00 0.0000E+00 0.0000E+00 0.0000E+00 0.0000E+00 3.1130E-02 2.0503E-02 0.0000E+00 0.0000E+00 0.0000E+00 0.0000E+00 2.9741E-04 1.0986E-03 1.0948E-01 6.5863E-01 2.7249E-02 3.0951E-03 0.0000E+00 0.0000E+00 0.0000E+00 9.0820E-05 8.3254E-04 0.0000E+00
 0.0000E+00 2.9247E-02 1.7615E-04 0.0000E+00 0.0000E+00 0.0000E+00 0.0000E+00 3.4138E-02 8.9203E-03 0.0000E+00 0.0000E+00 0.0000E+00 0.0000E+00 5.7358E-04 1.7912E-03 1.1945E-01 6.7842E-01 3.4627E-02 0.0000E+00 0.0000E+00 0.0000E+00 5.4969E-05 5.3423E-06 1.5848E-03 0.0000E+00
 0.0000E+00 3.3475E-02 5.9764E-05 0.0000E+00 0.0000E+00 0.0000E+00 0.0000E+00 3.4227E-02 2.9030E-02 1.3188E-02 0.0000E+00 0.0000E+00 0.0000E+00 2.3368E-04 3.3675E-03 1.4026E-01 6.3202E-01 3.1956E-02 1.9211E-04 0.0000E+00 0.0000E+00 9.1614E-06 1.8164E-04 1.2576E-03 0.0000E+00
 0.0000E+00 3.5946E-02 6.9200E-05 0.0000E+00 0.0000E+00 0.0000E+00 0.0000E+00 3.3987E-02 2.8978E-02 1.9565E-02 2.2126E-03 0.0000E+00 0.0000E+00 0.0000E+00 1.0508E-03 1.4932E-01 6.3550E-01 3.9105E-02 1.0032E-03 0.0000E+00 0.0000E+00 3.2981E-04 3.3123E-04 2.3154E-03 0.0000E+00
 0.0000E+00 4.1136E-02 4.7182E-05 0.0000E+00 0.0000E+00 0.0000E+00 0.0000E+00 3.0018E-02 2.4019E-02 2.6635E-02 8.1673E-04 0.0000E+00 0.0000E+00 1.9757E-03 2.9853E-03 1.7602E-01 6.4289E-01 4.2819E-02 1.7077E-03 0.0000E+00 0.0000E+00 2.1987E-04 6.4642E-04 3.4594E-03 0.0000E+00
 0.0000E+00 4.7324E-02 5.9764E-05 0.0000E+00 0.0000E+00 0.0000E+00 0.0000E+00 1.4282E-02 2.8335E-02 2.2760E-02 1.7968E-03 0.0000E+00 0.0000E+00 1.8695E-03 7.8096E-03 1.6411E-01 6.0512E-01 5.0147E-02 7.6844E-04 2.2402E-04 0.0000E+00 1.0078E-03 3.4191E-04 5.2440E-03 0.0000E+00
 0.0000E+00 5.0570E-02 5.0013E-04 0.0000E+00 0.0000E+00 0.0000E+00 0.0000E+00 1.4421E-02 2.0858E-02 2.5343E-02 1.9305E-04 0.0000E+00 0.0000E+00 5.7358E-04 3.6541E-03 1.9708E-01 6.1165E-01 5.8975E-02 8.7517E-04 1.7232E-04 0.0000E+00 1.0078E-04 1.0631E-03 7.5888E-03 0.0000E+00
 0.0000E+00 5.6840E-02 2.4849E-04 0.0000E+00 0.0000E+00 0.0000E+00 0.0000E+00 2.4432E-02 3.3175E-02 2.1278E-02 0.0000E+00 0.0000E+00 0.0000E+00 2.8467E-03 1.0676E-02 2.0723E-01 5.8509E-01 6.6176E-02 1.4942E-04 7.7544E-04 0.0000E+00 3.5363E-03 1.2394E-03 8.1432E-03 0.0000E+00
 0.0000E+00 5.9590E-02 7.0459E-04 0.0000E+00 0.0000E+00 0.0000E+00 0.0000E+00 3.3924E-02 1.5624E-02 2.4269E-02 1.1731E-03 0.0000E+00 0.0000E+00 3.2716E-03 9.3859E-03 2.2906E-01 6.1355E-01 8.1695E-02 3.6501E-03 0.0000E+00 0.0000E+00 5.0388E-04 1.1807E-03 1.0128E-02 0.0000E+00
 0.0000E+00 6.4734E-02 7.2031E-04 0.0000E+00 0.0000E+00 0.0000E+00 3.5354E-04 2.8211E-02 2.1264E-02 1.5567E-02 1.8562E-03 0.0000E+00 0.0000E+00 3.8451E-03 1.5213E-02 2.1893E-01 5.9042E-01 8.0703E-02 2.3694E-03 0.0000E+00 0.0000E+00 2.7484E-05 1.7095E-03 1.2326E-02 0.0000E+00
 0.0000E+00 7.1067E-02 9.3735E-04 0.0000E+00 4.7259E-04 0.0000E+00 8.5420E-03 1.3372E-02 3.2257E-02 1.5962E-02 2.6284E-03 0.0000E+00 0.0000E+00 1.4871E-04 1.3064E-02 2.4124E-01 5.6271E-01 9.8436E-02 9.8190E-04 1.2062E-04 6.8403E-04 4.8556E-04 5.3958E-04 1.4919E-02 0.0000E+00
 0.0000E+00 7.2413E-02 1.1450E-03 0.0000E+00 2.6679E-04 0.0000E+00 4.6645E-03 1.1059E-02 1.8064E-02 3.0985E-02 2.7472E-03 0.0000E+00 0.0000E+00 4.5674E-03 2.5746E-02 2.6749E-01 5.7715E-01 9.1694E-02 3.6074E-03 1.0339E-04 4.3410E-04 3.1149E-04 8.2272E-04 1.8140E-02 0.0000E+00
 0.0000E+00 7.7394E-02 2.0068E-03 0.0000E+00 7.6987E-04 3.3852E-04 3.2047E-03 1.7872E-02 2.1225E-02 3.7063E-02 2.1235E-03 0.0000E+00 0.0000E+00 2.3581E-03 1.5118E-02 2.8670E-01 5.5725E-01 1.1347E-01 3.3299E-03 5.5142E-04 3.8148E-04 1.7315E-03 2.4201E-03 2.1160E-02 0.0000E+00
 0.0000E+00 7.9935E-02 3.0354E-03 0.0000E+00 9.1470E-05 0.0000E+00 6.0444E-03 1.5900E-02 1.4823E-02 3.1652E-02 3.6679E-03 0.0000E+00 0.0000E+00 4.2488E-05 2.1232E-02 2.8550E-01 5.3903E-01 1.0882E-01 4.2264E-03 2.4125E-04 0.0000E+00 1.6216E-03 2.9757E-03 2.4516E-02 0.0000E+00
 0.0000E+00 8.3278E-02 4.4288E-03 2.0506E-04 1.6769E-04 1.6442E-04 0.0000E+00 1.0351E-02 1.6778E-02 3.4996E-02 2.9551E-03 6.9876E-03 0.0000E+00 4.8011E-03 3.1836E-02 2.9142E-01 5.5333E-01 1.2426E-01 1.9425E-03 3.9634E-04 5.5249E-04 9.1614E-04 1.9553E-03 2.7523E-02 0.0000E+00
 0.0000E+00 8.5552E-02 4.4760E-03 2.4283E-04 5.1071E-04 0.0000E+00 0.0000E+00 1.6911E-02 1.3918E-02 2.3467E-02 1.6483E-03 1.6970E-03 1.7487E-03 3.5265E-03 3.4248E-02 3.0317E-01 5.5057E-01 1.3507E-01 2.9244E-03 6.7205E-04 0.0000E+00 2.2629E-03 2.8688E-03 3.2389E-02 0.0000E+00
 0.0000E+00 8.7711E-02 5.0013E-03 2.3204E-04 6.0980E-04 0.0000E+00 0.0000E+00 1.3334E-02 2.3835E-02 1.4725E-02 0.0000E+00 5.1409E-03 5.6410E-03 1.6358E-03 3.0044E-02 3.3347E-01 5.3178E-01 1.4044E-01 4.2051E-03 0.0000E+00 0.0000E+00 2.8400E-03 2.5804E-03 3.5983E-02 0.0000E+00
 0.0000E+00 9.0555E-02 6.7407E-03 3.7774E-05 3.2777E-04 2.2245E-04 0.0000E+00 1.2096E-02 1.5086E-02 1.2835E-02 4.0094E-04 2.0131E-03 1.7675E-03 2.5493E-03 3.8117E-02 3.2295E-01 5.1878E-01 1.5314E-01 5.2083E-03 3.7910E-04 1.3154E-03 2.8950E-03 2.8475E-03 4.1600E-02 0.0000E+00
 0.0000E+00 9.2135E-02 6.8383E-03 4.3710E-04 3.9637E-04 5.9966E-04 0.0000E+00 3.2735E-03 1.8496E-02 1.2753E-02 3.4154E-04 1.5805E-03 1.0342E-03 3.3990E-03 4.1651E-02 3.3611E-01 5.2266E-01 1.6443E-01 5.9127E-03 1.6026E-03 1.5522E-03 2.6385E-03 2.5910E-03 4.5296E-02 0.0000E+00
 0.0000E+00 9.4438E-02 1.0169E-02 8.0405E-04 9.8330E-04 0.0000E+00 0.0000E+00 7.3686E-03 2.0910E-02 8.0081E-03 2.5987E-03 0.0000E+00 1.7299E-03 4.8861E-04 3.9072E-02 3.5876E-01 5.1144E-01 1.6657E-01 4.9949E-03 6.2035E-04 1.9469E-03 1.9056E-03 3.8732E-03 4.8129E-02 0.0000E+00
 0.0000E+00 9.4381E-02 1.1374E-02 3.9393E-04 5.7169E-04 2.1278E-04 0.0000E+00 1.1666E-02 2.3088E-02 9.6124E-03 5.0489E-03 2.6619E-04 5.3026E-03 2.7617E-03 4.7598E-02 3.5823E-01 5.0839E-01 1.7904E-01 6.6385E-03 1.6543E-03 7.4980E-04 2.3362E-03 4.1189E-03 5.3189E-02 0.0000E+00
 0.0000E+00 9.5016E-02 1.0468E-02 1.2789E-03 2.1419E-03 2.9016E-05 0.0000E+00 2.0223E-03 2.3180E-02 5.7375E-03 4.1579E-04 1.7968E-03 6.7692E-03 7.7328E-03 6.1474E-02 4.0282E-01 5.0627E-01 1.9199E-01 7.8552E-03 3.4636E-03 2.3941E-03 8.3369E-04 3.8091E-03 5.7960E-02 0.0000E+00
 0.0000E+00 9.6525E-02 1.3066E-02 4.3710E-04 1.1815E-03 1.8377E-04 1.2545E-03 2.3003E-03 1.6529E-02 3.0455E-03 6.5636E-03 1.2478E-03 5.2838E-03 7.0954E-03 5.2470E-02 4.0186E-01 5.1176E-01 2.1092E-01 1.0673E-02 1.8094E-03 1.4338E-03 3.4172E-03 5.7270E-03 5.9635E-02 0.0000E+00
 0.0000E+00 9.5353E-02 1.6221E-02 2.0938E-03 9.7568E-04 5.9966E-04 3.2047E-03 3.3115E-03 2.8256E-02 1.1747E-02 9.4741E-03 1.8134E-03 7.9726E-03 5.4809E-03 5.7987E-02 4.1148E-01 5.0399E-01 2.1578E-01 7.9619E-03 1.1028E-03 1.0392E-03 2.3636E-03 6.2185E-03 6.4805E-02 0.0000E+00
 0.0000E+00 9.5014E-02 1.8983E-02 2.5579E-03 1.8904E-03 1.0929E-03 3.9346E-03 3.2230E-03 2.7259E-02 5.5880E-03 1.1687E-02 3.5437E-03 8.0855E-03 5.3322E-03 6.0519E-02 4.1134E-01 4.8998E-01 2.0445E-01 1.2445E-02 2.5331E-03 4.3278E-03 1.1727E-03 4.2792E-03 7.0874E-02 0.0000E+00
 0.0000E+00 9.4645E-02 2.1075E-02 2.0560E-03 1.7989E-03 8.1244E-04 4.9040E-04 6.7872E-03 3.0368E-02 8.5927E-03 1.8978E-02 3.0446E-03 8.1795E-03 6.7343E-03 6.9666E-02 4.0831E-01 5.0353E-01 2.2804E-01 9.3280E-03 2.5331E-03 1.3549E-03 3.5455E-03 6.5070E-03 7.2919E-02 0.0000E+00
 0.0000E+00 9.5653E-02 2.3597E-02 2.2071E-03 1.1662E-03 5.5130E-04 6.1015E-03 9.4794E-04 3.6862E-02 6.7300E-03 1.3290E-02 8.2853E-03 1.2692E-02 1.1557E-02 9.2068E-02 4.3243E-01 4.8618E-01 2.2560E-01 1.1825E-02 3.6015E-03 3.6832E-03 2.9591E-03 6.8329E-03 7.6431E-02 0.0000E+00
 0.0000E+00 9.4633E-02 2.6865E-02 2.6766E-03 1.2730E-03 1.8860E-03 3.5012E-03 1.2298E-02 2.7285E-02 1.1298E-02 1.7745E-02 9.6994E-03 1.3839E-02 1.5848E-02 9.7991E-02 4.4964E-01 4.9217E-01 2.5302E-01 1.5219E-02 1.2407E-03 3.0518E-03 4.1226E-03 8.4142E-03 8.0786E-02 0.0000E+00
 0.0000E+00 9.3459E-02 2.7428E-02 4.7056E-03 2.3858E-03 1.6636E-03 7.9490E-03 8.9738E-03 2.6931E-02 1.9361E-02 1.5206E-02 7.7862E-03 1.9856E-02 1.7356E-02 7.3368E-02 4.6963E-01 4.9346E-01 2.6949E-01 1.3704E-02 3.0673E-03 3.8411E-03 3.5913E-03 6.8329E-03 8.4431E-02 0.0000E+00
 0.0000E+00 9.2241E-02 3.0914E-02 3.9393E-03 2.7593E-03 2.6791E-03 1.0116E-02 6.5345E-03 3.3136E-02 2.8565E-02 2.3982E-02 6.2888E-03 2.1022E-02 1.4085E-02 9.7728E-02 4.7970E-01 4.7890E-01 2.7050E-01 1.9211E-02 4.3080E-03 4.4725E-03 4.3059E-03 8.1257E-03 8.6580E-02 0.0000E+00
 0.0000E+00 9.1492E-02 3.3587E-02 4.1066E-03 2.3249E-03 3.8011E-03 1.0789E-02 1.9755E-02 2.9319E-02 3.3473E-02 2.7056E-02 1.0515E-02 1.6585E-02 2.2200E-02 1.0826E-01 4.9212E-01 4.6173E-01 2.7969E-01 2.5892E-02 4.1357E-03 4.0516E-03 1.6674E-03 7.0038E-03 8.8455E-02 0.0000E+00
 0.0000E+00 9.0258E-02 3.7035E-02 6.1248E-03 4.8555E-03 2.4083E-03 2.0642E-02 7.7225E-03 3.4973E-02 1.7593E-02 2.1651E-02 1.2944E-02 1.6979E-02 2.4473E-02 1.0133E-01 4.9679E-01 4.7476E-01 2.7778E-01 2.9670E-02 5.7555E-03 4.7882E-03 4.9014E-03 8.0830E-03 9.2038E-02 0.0000E+00
 0.0000E+00 8.8055E-02 4.0888E-02 6.0439E-03 2.7822E-03 4.8166E-03 1.8977E-02 1.1881E-02 2.9148E-02 2.2257E-02 2.2765E-02 8.5016E-03 1.4403E-02 1.8610E-02 1.1693E-01 5.0094E-01 4.7836E-01 2.9129E-01 2.4419E-02 4.5665E-03 6.0379E-03 4.0860E-03 9.1354E-03 9.4984E-02 0.0000E+00
 0.0000E+00 8.7007E-02 4.2266E-02 6.2651E-03 3.2548E-03 3.1724E-03 1.5465E-02 8.2913E-03 2.7404E-02 3.1692E-02 2.5334E-02 1.4740E-02 1.6754E-02 2.7808E-02 1.2462E-01 5.2597E-01 4.5287E-01 2.9610E-01 3.0567E-02 5.4453E-03 5.9853E-03 4.6357E-03 9.4025E-03 9.6483E-02 0.0000E+00
 0.0000E+00 8.5902E-02 4.5037E-02 6.4810E-03 4.0475E-03 4.1396E-03 1.7996E-02 1.3448E-02 3.8370E-02 4.0965E-02 2.1621E-02 9.9656E-03 1.5287E-02 2.2667E-02 1.1667E-01 5.1659E-01 4.6089E-01 3.2665E-01 3.2467E-02 5.9623E-03 3.5122E-03 3.8478E-03 1.1278E-02 9.7292E-02 0.0000E+00
 0.0000E+00 8.4367E-02 4.7865E-02 8.9741E-03 3.1405E-03 6.3158E-03 1.4678E-02 1.2134E-02 3.4579E-02 3.7253E-02 3.2254E-02 1.3127E-02 1.8333E-02 2.5047E-02 1.4060E-01 4.9969E-01 4.5770E-01 3.2686E-01 3.2253E-02 7.6338E-03 3.9989E-03 3.7470E-03 1.2052E-02 1.0041E-01 0.0000E+00
 0.0000E+00 8.4717E-02 5.2828E-02 8.4668E-03 7.8512E-03 4.6038E-03 1.9605E-02 1.0554E-02 4.3709E-02 3.9768E-02 3.8149E-02 1.6071E-02 1.5156E-02 3.0060E-02 1.4528E-01 5.1795E-01 4.5508E-01 3.5136E-01 3.2018E-02 8.8917E-03 3.4728E-03 4.0219E-03 1.2538E-02 1.0345E-01 0.0000E+00
 0.0000E+00 8.3457E-02 5.4734E-02 1.1262E-02 5.5339E-03 6.5092E-03 1.3777E-02 1.4851E-02 3.6442E-02 3.2386E-02 3.6070E-02 1.6471E-02 1.4309E-02 4.0852E-02 1.5132E-01 5.2146E-01 4.6023E-01 3.4693E-01 3.4751E-02 6.2897E-03 7.9190E-03 4.0585E-03 1.3009E-02 1.0394E-01 0.0000E+00
 0.0000E+00 7.9989E-02 5.7603E-02 1.2557E-02 4.4058E-03 6.8090E-03 2.1304E-02 1.9945E-02 3.2297E-02 4.0000E-02 3.1585E-02 2.2992E-02 1.7168E-02 4.2891E-02 1.6539E-01 5.1904E-01 4.4070E-01 3.4716E-01 3.9383E-02 6.7549E-03 5.6038E-03 5.6526E-03 1.4558E-02 1.0564E-01 0.0000E+00
 0.0000E+00 7.9388E-02 5.8452E-02 1.1705E-02 6.5477E-03 7.3700E-03 1.8726E-02 1.4409E-02 3.6757E-02 3.4996E-02 4.1579E-02 1.8218E-02 1.3068E-02 4.1829E-02 1.7683E-01 5.3007E-01 4.5937E-01 3.6385E-01 4.4762E-02 5.9795E-03 6.6298E-03 5.8267E-03 1.4259E-02 1.0469E-01 0.0000E+00
 0.0000E+00 7.7782E-02 6.2884E-02 1.2422E-02 9.0326E-03 7.0121E-03 2.4109E-02 1.6734E-02 3.0840E-02 4.9000E-02 3.4941E-02 1.6388E-02 2.1774E-02 5.8973E-02 1.8359E-01 5.3388E-01 4.4392E-01 3.7678E-01 4.4463E-02 9.3053E-03 8.4188E-03 4.1410E-03 1.5327E-02 1.0673E-01 0.0000E+00
 0.0000E+00 7.6377E-02 6.4473E-02 1.7322E-02 8.7963E-03 7.6118E-03 2.7223E-02 1.7973E-02 4.0561E-02 4.1441E-02 4.6688E-02 2.6503E-02 2.0195E-02 5.6657E-02 1.7439E-01 5.3247E-01 4.3601E-01 3.7774E-01 4.6896E-02 8.8228E-03 9.6685E-03 6.6970E-03 1.5402E-02 1.0736E-01 0.0000E+00
 0.0000E+00 7.4850E-02 6.5508E-02 1.6605E-02 7.9198E-03 8.7241E-03 2.2125E-02 2.7629E-02 5.0347E-02 4.1971E-02 3.9277E-02 2.4024E-02 2.9371E-02 5.3662E-02 1.9247E-01 5.4148E-01 4.4582E-01 3.7301E-01 4.6448E-02 7.8405E-03 7.2349E-03 7.3017E-03 1.6257E-02 1.0574E-01 0.0000E+00
 0.0000E+00 7.3302E-02 7.0201E-02 1.7241E-02 8.9183E-03 9.9814E-03 3.0120E-02 2.7111E-02 4.7238E-02 5.4602E-02 4.1787E-02 3.5653E-02 2.2903E-02 5.3981E-02 2.1167E-01 5.3079E-01 4.4205E-01 3.9087E-01 4.6704E-02 1.3699E-02 7.8006E-03 5.7625E-03 1.9019E-02 1.0692E-01 0.0000E+00
 0.0000E+00 7.2842E-02 7.5925E-02 1.8547E-02 8.8802E-03 8.4532E-03 3.0313E-02 2.4090E-02 5.4073E-02 5.4194E-02 5.6488E-02 2.5771E-02 3.1195E-02 5.7996E-02 2.0233E-01 5.5211E-01 4.4283E-01 3.9387E-01 5.1678E-02 1.2355E-02 5.4459E-03 6.3031E-03 1.7582E-02 1.0760E-01 0.0000E+00
 0.0000E+00 7.1423E-02 7.6822E-02 2.0118E-02 9.5662E-03 9.7589E-03 2.1954E-02 2.9399E-02 3.9931E-02 4.8116E-02 5.8983E-02 2.2028E-02 3.4448E-02 6.2436E-02 2.2330E-01 5.7069E-01 4.2591E-01 4.1049E-01 5.9533E-02 1.2890E-02 8.3136E-03 6.7978E-03 2.0365E-02 1.0816E-01 0.0000E+00
 0.0000E+00 6.9639E-02 7.8725E-02 2.2222E-02 9.7796E-03 1.4469E-02 2.4965E-02 2.5809E-02 4.4313E-02 5.5010E-02 5.3711E-02 3.0396E-02 4.0032E-02 7.1507E-02 2.2779E-01 5.3647E-01 4.3463E-01 3.7650E-01 5.5733E-02 1.3717E-02 5.6433E-03 5.9641E-03 2.0937E-02 1.0874E-01 0.0000E+00
 0.0000E+00 6.9157E-02 7.9329E-02 2.1353E-02 1.3484E-02 1.3647E-02 2.5649E-02 2.8843E-02 4.4562E-02 5.1869E-02 5.9488E-02 3.8448E-02 2.7096E-02 6.1947E-02 2.4439E-01 5.5384E-01 4.2781E-01 4.0028E-01 7.0868E-02 1.6405E-02 9.3791E-03 6.6145E-03 2.2443E-02 1.0720E-01 0.0000E+00
 0.0000E+00 6.6687E-02 8.2012E-02 2.3571E-02 1.3713E-02 1.3212E-02 1.9547E-02 3.1484E-02 6.0723E-02 5.2562E-02 5.6696E-02 3.4489E-02 3.9901E-02 8.2023E-02 2.4633E-01 5.5248E-01 4.1832E-01 4.1242E-01 6.4058E-02 1.6474E-02 1.1063E-02 6.9627E-03 2.1706E-02 1.0807E-01 0.0000E+00
 0.0000E+00 6.5811E-02 8.7252E-02 2.5044E-02 1.0732E-02 1.2216E-02 1.8567E-02 3.3570E-02 5.2511E-02 5.4806E-02 6.7447E-02 3.8698E-02 2.9465E-02 7.1124E-02 2.4950E-01 5.4651E-01 4.3092E-01 4.2163E-01 7.7848E-02 1.9076E-02 7.6296E-03 6.8894E-03 2.2160E-02 1.0732E-01 0.0000E+00
 0.0000E+00 6.5257E-02 8.6104E-02 2.8131E-02 1.2691E-02 1.4150E-02 1.9399E-02 3.5200E-02 5.1108E-02 5.5961E-02 6.7581E-02 3.7234E-02 3.1515E-02 7.8793E-02 2.5638E-01 5.5629E-01 4.2534E-01 4.4214E-01 7.4518E-02 1.8869E-02 7.5243E-03 7.9430E-03 2.2700E-02 1.0659E-01 0.0000E+00
 0.0000E+00 6.3047E-02 8.8510E-02 2.7888E-02 1.4734E-02 1.2815E-02 2.4588E-02 5.0317E-02 6.1025E-02 6.8837E-02 6.6943E-02 3.0912E-02 3.9732E-02 8.2957E-02 2.6722E-01 5.7740E-01 4.1613E-01 4.0723E-01 8.3888E-02 1.9782E-02 1.1629E-02 7.2100E-03 2.6781E-02 1.0889E-01 0.0000E+00
 0.0000E+00 6.2160E-02 9.1863E-02 3.0333E-02 1.5085E-02 1.6375E-02 2.5877E-02 3.9308E-02 5.6211E-02 7.1570E-02 6.8918E-02 3.9264E-02 5.0882E-02 9.0563E-02 2.5559E-01 5.6123E-01 4.2493E-01 4.3473E-01 7.6439E-02 2.0420E-02 1.1037E-02 1.0013E-02 2.6071E-02 1.0529E-01 0.0000E+00
 0.0000E+00 6.1675E-02 9.3770E-02 3.2691E-02 1.8042E-02 1.9266E-02 2.6037E-02 4.4970E-02 5.6066E-02 8.1250E-02 7.8273E-02 4.3822E-02 4.3173E-02 8.8502E-02 2.7451E-01 5.3620E-01 4.2462E-01 4.3221E-01 9.1722E-02 1.8059E-02 9.5370E-03 9.5462E-03 2.6920E-02 1.0687E-01 0.0000E+00
 0.0000E+00 6.0841E-02 9.9041E-02 3.3004E-02 1.5504E-02 2.2352E-02 2.8614E-02 3.7374E-02 5.6198E-02 8.0856E-02 8.3856E-02 4.1260E-02 5.2744E-02 9.9273E-02 2.8065E-01 5.5139E-01 4.2896E-01 4.5000E-01 9.0271E-02 2.1161E-02 6.1563E-03 1.0160E-02 2.8624E-02 1.0771E-01 0.0000E+00
 0.0000E+00 5.9177E-02 9.7060E-02 3.7364E-02 2.1694E-02 1.9547E-02 2.3836E-02 4.9811E-02 6.4357E-02 9.1760E-02 9.1281E-02 4.9695E-02 6.2766E-02 1.0195E-01 2.9751E-01 5.6008E-01 4.1809E-01 4.7282E-01 9.9556E-02 2.3211E-02 1.0905E-02 8.8683E-03 2.9073E-02 1.0533E-01 0.0000E+00
 0.0000E+00 5.9108E-02 9.7428E-02 3.7942E-02 1.7471E-02 2.1568E-02 2.9663E-02 5.1947E-02 7.2097E-02 7.4901E-02 8.7376E-02 4.9728E-02 5.2969E-02 1.0533E-01 2.8989E-01 5.2093E-01 4.2162E-01 4.4885E-01 1.0024E-01 2.3746E-02 1.4983E-02 9.4088E-03 2.9271E-02 1.0381E-01 0.0000E+00
 0.0000E+00 5.7485E-02 1.0149E-01 3.9701E-02 1.9361E-02 2.2942E-02 3.2537E-02 6.4750E-02 6.4619E-02 9.9115E-02 9.2588E-02 5.2407E-02 5.7614E-02 1.1773E-01 3.0692E-01 5.6194E-01 4.1412E-01 4.5170E-01 1.0359E-01 2.4280E-02 1.5114E-02 9.5096E-03 3.3224E-02 1.0379E-01 0.0000E+00
 0.0000E+00 5.6508E-02 1.0276E-01 4.3327E-02 2.0047E-02 1.9943E-02 3.3598E-02 6.5547E-02 6.2652E-02 9.6151E-02 8.4064E-02 5.7797E-02 5.9908E-02 1.0749E-01 3.2309E-01 5.3967E-01 4.1414E-01 4.6104E-01 1.0775E-01 3.1845E-02 1.2839E-02 8.7766E-03 3.3721E-02 1.0387E-01 0.0000E+00
 0.0000E+00 5.6278E-02 1.0285E-01 4.5793E-02 2.1244E-02 2.0795E-02 3.4351E-02 6.2526E-02 7.8708E-02 9.1257E-02 9.6196E-02 5.8895E-02 5.9550E-02 1.2753E-01 3.2368E-01 5.3820E-01 4.1386E-01 4.4679E-01 1.1977E-01 2.6244E-02 1.4417E-02 1.3541E-02 3.3475E-02 1.0255E-01 0.0000E+00
 0.0000E+00 5.4298E-02 1.0373E-01 4.6457E-02 2.3264E-02 2.3841E-02 2.6276E-02 6.4599E-02 7.5271E-02 9.4017E-02 8.6841E-02 7.1656E-02 6.6244E-02 1.2011E-01 3.2614E-01 5.4030E-01 4.1949E-01 4.5984E-01 1.0084E-01 3.2534E-02 1.2918E-02 1.2954E-02 3.4677E-02 1.0048E-01 0.0000E+00
 0.0000E+00 5.4311E-02 1.0496E-01 4.7590E-02 2.4392E-02 2.3735E-02 3.1819E-02 5.3173E-02 7.7003E-02 9.0414E-02 9.2499E-02 6.2389E-02 6.0735E-02 1.3163E-01 3.3295E-01 5.3527E-01 4.2539E-01 4.5554E-01 1.1450E-01 3.4653E-02 1.4233E-02 1.1378E-02 3.6205E-02 1.0144E-01 0.0000E+00
 0.0000E+00 5.3621E-02 1.0863E-01 4.8238E-02 2.4842E-02 2.3087E-02 4.3691E-02 6.0744E-02 7.9154E-02 9.5526E-02 9.0257E-02 7.1074E-02 6.6714E-02 1.2366E-01 3.0649E-01 5.1909E-01 4.0583E-01 4.5381E-01 1.0748E-01 3.5791E-02 1.9192E-02 1.2176E-02 3.9256E-02 1.0298E-01 0.0000E+00
 0.0000E+00 5.2762E-02 1.0666E-01 4.9517E-02 2.2311E-02 2.8735E-02 4.1661E-02 6.9654E-02 7.7751E-02 1.0624E-01 8.9217E-02 7.1423E-02 6.0491E-02 1.4847E-01 3.4606E-01 5.2399E-01 4.1435E-01 4.6511E-01 1.3209E-01 3.3792E-02 1.4430E-02 1.2661E-02 3.8379E-02 9.8869E-02 0.0000E+00
 0.0000E+00 5.2084E-02 1.0843E-01 5.2566E-02 2.8470E-02 2.5360E-02 4.2710E-02 7.2435E-02 7.1572E-02 1.0613E-01 1.0748E-01 6.8794E-02 8.4785E-02 1.5474E-01 3.4334E-01 5.2264E-01 4.1895E-01 4.7063E-01 1.3153E-01 2.9208E-02 1.6154E-02 1.1534E-02 3.8732E-02 9.9433E-02 0.0000E+00
 0.0000E+00 5.1950E-02 1.0940E-01 5.1988E-02 2.9408E-02 3.0708E-02 4.2494E-02 7.2448E-02 7.5297E-02 1.1990E-01 1.0422E-01 7.3203E-02 7.7602E-02 1.5720E-01 3.5043E-01 5.2903E-01 4.1739E-01 4.8005E-01 1.3508E-01 2.9691E-02 1.6667E-02 1.0774E-02 4.1291E-02 9.8780E-02 0.0000E+00
 0.0000E+00 5.0980E-02 1.0852E-01 5.7018E-02 2.9522E-02 2.7410E-02 4.0943E-02 6.0049E-02 8.4979E-02 1.0472E-01 1.0491E-01 7.9392E-02 8.7003E-02 1.4977E-01 3.5523E-01 5.1235E-01 4.0474E-01 4.5341E-01 1.2803E-01 3.4326E-02 1.6430E-02 1.3705E-02 4.3423E-02 9.9202E-02 0.0000E+00
 0.0000E+00 5.0337E-02 1.0994E-01 5.5922E-02 3.0170E-02 3.3958E-02 4.3828E-02 7.2650E-02 8.1345E-02 1.2398E-01 1.1413E-01 8.0324E-02 9.6367E-02 1.5287E-01 3.6221E-01 5.3031E-01 4.1222E-01 4.5811E-01 1.4304E-01 3.9117E-02 1.8074E-02 1.5098E-02 4.3807E-02 9.8416E-02 0.0000E+00
 0.0000E+00 4.9524E-02 1.1271E-01 5.8545E-02 3.5437E-02 3.2536E-02 4.0429E-02 8.6401E-02 8.8022E-02 1.2623E-01 1.0858E-01 9.1770E-02 8.2096E-02 1.5463E-01 3.4553E-01 5.3508E-01 4.0376E-01 4.7193E-01 1.4455E-01 3.6394E-02 1.6706E-02 1.7837E-02 4.6099E-02 9.6283E-02 0.0000E+00
 0.0000E+00 4.9591E-02 1.1322E-01 5.9360E-02 3.2921E-02 3.4703E-02 3.6187E-02 6.9313E-02 8.9412E-02 1.1998E-01 1.1149E-01 7.3569E-02 8.2359E-02 1.6258E-01 3.6297E-01 5.1938E-01 4.1607E-01 4.7379E-01 1.5198E-01 3.6618E-02 2.0087E-02 1.5006E-02 4.8690E-02 9.7525E-02 0.0000E+00
 0.0000E+00 4.8673E-02 1.0975E-01 6.1205E-02 3.5254E-02 3.6889E-02 5.3955E-02 9.0977E-02 9.1970E-02 1.1990E-01 1.0817E-01 9.1288E-02 9.6161E-02 1.6487E-01 3.6428E-01 5.1909E-01 4.1345E-01 4.5468E-01 1.6035E-01 4.0840E-02 1.8403E-02 1.3843E-02 4.8893E-02 9.5145E-02 0.0000E+00
 0.0000E+00 4.8027E-02 1.1319E-01 6.3682E-02 3.5368E-02 3.9993E-02 5.0979E-02 8.2888E-02 9.6549E-02 1.2126E-01 1.1871E-01 9.2802E-02 8.8432E-02 1.7545E-01 3.8551E-01 5.3372E-01 4.0157E-01 4.7989E-01 1.6697E-01 4.2460E-02 1.8272E-02 1.3312E-02 5.2750E-02 9.5143E-02 0.0000E+00
 0.0000E+00 4.7702E-02 1.1427E-01 6.4103E-02 3.8265E-02 3.6028E-02 4.8709E-02 8.5833E-02 8.1568E-02 1.3336E-01 1.1819E-01 9.8675E-02 1.0566E-01 1.8051E-01 3.6660E-01 5.2447E-01 4.1294E-01 4.6178E-01 1.5866E-01 4.4458E-02 2.2034E-02 1.5217E-02 5.2216E-02 9.4005E-02 0.0000E+00
 0.0000E+00 4.6640E-02 1.1515E-01 6.4475E-02 3.7762E-02 4.0390E-02 4.9040E-02 7.6025E-02 9.2613E-02 1.5048E-01 1.1462E-01 1.0901E-01 9.9075E-02 1.8848E-01 3.7338E-01 5.2317E-01 4.0505E-01 4.6308E-01 1.6114E-01 4.4183E-02 2.1310E-02 1.6371E-02 4.9678E-02 9.4102E-02 0.0000E+00
 0.0000E+00 4.6812E-02 1.1493E-01 6.8059E-02 3.6435E-02 4.2634E-02 5.2370E-02 8.2129E-02 9.0186E-02 1.4085E-01 1.1111E-01 1.0132E-01 1.2117E-01 1.8709E-01 3.7364E-01 5.1829E-01 4.1127E-01 4.7605E-01 1.7064E-01 5.0248E-02 1.9916E-02 1.7114E-02 5.5998E-02 9.5203E-02 0.0000E+00
 0.0000E+00 4.7348E-02 1.1469E-01 7.0384E-02 3.7960E-02 3.9761E-02 4.2117E-02 8.2483E-02 9.0226E-02 1.3312E-01 1.1950E-01 1.0869E-01 1.0368E-01 1.9555E-01 3.6691E-01 5.2056E-01 4.1564E-01 4.5677E-01 1.8934E-01 5.3574E-02 2.2323E-02 1.7480E-02 5.7222E-02 9.3109E-02 0.0000E+00
 0.0000E+00 4.5700E-02 1.1940E-01 6.8868E-02 4.0346E-02 4.2257E-02 4.9416E-02 1.0096E-01 9.0895E-02 1.4786E-01 1.2083E-01 1.0270E-01 1.0208E-01 2.1189E-01 3.8258E-01 4.9892E-01 4.0652E-01 4.6554E-01 1.7708E-01 5.0955E-02 1.8048E-02 2.1255E-02 5.5352E-02 9.2880E-02 0.0000E+00
 0.0000E+00 4.5452E-02 1.1846E-01 7.1987E-02 3.8029E-02 4.4568E-02 5.0728E-02 8.8664E-02 9.3728E-02 1.3459E-01 1.2223E-01 1.2383E-01 1.2177E-01 1.9232E-01 3.8179E-01 5.0523E-01 4.0134E-01 4.5125E-01 1.8090E-01 5.2558E-02 2.0547E-02 2.1282E-02 5.9914E-02 9.2163E-02 0.0000E+00
 0.0000E+00 4.5409E-02 1.1940E-01 7.3784E-02 3.9073E-02 4.4114E-02 4.9496E-02 9.9786E-02 1.1081E-01 1.4179E-01 1.2952E-01 1.0937E-01 1.1846E-01 2.1760E-01 3.8497E-01 4.7416E-01 4.0574E-01 4.6959E-01 1.7354E-01 4.6768E-02 2.3573E-02 1.9651E-02 6.1394E-02 9.1336E-02 0.0000E+00
 0.0000E+00 4.4326E-02 1.1751E-01 7.5446E-02 4.4050E-02 4.1318E-02 5.2302E-02 9.3555E-02 9.8451E-02 1.5674E-01 1.2790E-01 1.0764E-01 1.1363E-01 2.0466E-01 4.1019E-01 4.9657E-01 4.1449E-01 4.5020E-01 1.7971E-01 5.6676E-02 2.4112E-02 2.3811E-02 6.0614E-02 8.9489E-02 0.0000E+00
 0.0000E+00 4.4109E-02 1.2326E-01 7.6968E-02 4.6436E-02 4.5497E-02 5.4240E-02 9.7107E-02 1.0004E-01 1.3446E-01 1.2869E-01 1.1881E-01 1.2391E-01 2.1773E-01 3.9879E-01 5.0523E-01 4.1518E-01 4.6977E-01 1.8443E-01 5.3522E-02 2.2573E-02 1.9477E-02 6.1229E-02 9.1411E-02 0.0000E+00
 0.0000E+00 4.3741E-02 1.1768E-01 7.7783E-02 4.6543E-02 5.0255E-02 6.4983E-02 1.0033E-01 1.0275E-01 1.3952E-01 1.2737E-01 1.2257E-01 1.2388E-01 2.0407E-01 3.9378E-01 4.7968E-01 4.1679E-01 4.7356E-01 1.8633E-01 5.2454E-02 2.9782E-02 1.9743E-02 6.5219E-02 8.9838E-02 0.0000E+00
 0.0000E+00 4.3615E-02 1.1753E-01 7.8160E-02 4.9348E-02 4.7354E-02 5.6190E-02 1.0521E-01 9.3046E-02 1.3944E-01 1.3132E-01 1.1914E-01 1.3129E-01 2.0660E-01 3.9380E-01 5.0225E-01 4.1340E-01 4.7753E-01 1.9115E-01 5.5763E-02 2.1560E-02 2.1942E-02 6.4119E-02 8.9501E-02 0.0000E+00
 0.0000E+00 4.3437E-02 1.1927E-01 7.7373E-02 4.9302E-02 4.6000E-02 6.0832E-02 1.1580E-01 1.0462E-01 1.4778E-01 1.3515E-01 1.3025E-01 1.2066E-01 2.1868E-01 3.9698E-01 4.8978E-01 4.2390E-01 4.5786E-01 1.9459E-01 5.4195E-02 2.4296E-02 2.3545E-02 7.0920E-02 9.0747E-02 0.0000E+00
 0.0000E+00 4.2803E-02 1.1770E-01 8.3837E-02 4.8128E-02 4.8427E-02 6.5805E-02 1.1098E-01 9.9553E-02 1.4221E-01 1.3394E-01 1.3040E-01 1.3617E-01 2.2334E-01 3.9113E-01 4.8522E-01 4.1806E-01 4.7038E-01 1.9168E-01 6.5275E-02 2.4362E-02 2.1823E-02 7.0631E-02 8.8823E-02 0.0000E+00
 0.0000E+00 4.2776E-02 1.2297E-01 8.5305E-02 5.2267E-02 5.1706E-02 6.5588E-02 1.0089E-01 1.1190E-01 1.4606E-01 1.3274E-01 1.3529E-01 1.2681E-01 2.2986E-01 4.0027E-01 4.7261E-01 4.1095E-01 4.5119E-01 2.0374E-01 6.0191E-02 2.6138E-02 2.5084E-02 7.0770E-02 8.8939E-02 0.0000E+00
 0.0000E+00 4.2294E-02 1.2102E-01 8.8753E-02 5.1894E-02 5.2402E-02 6.7698E-02 9.6197E-02 1.0584E-01 1.4814E-01 1.2845E-01 1.3771E-01 1.3751E-01 2.2174E-01 4.1616E-01 4.7296E-01 4.0468E-01 4.5549E-01 1.9760E-01 6.2793E-02 2.5191E-02 2.4003E-02 7.2346E-02 8.8576E-02 0.0000E+00
 0.0000E+00 4.2390E-02 1.2163E-01 8.5785E-02 5.4432E-02 5.2712E-02 6.3261E-02 1.0946E-01 1.0211E-01 1.4695E-01 1.2852E-01 1.3110E-01 1.5537E-01 2.3400E-01 3.9576E-01 4.6190E-01 4.1800E-01 4.4537E-01 2.0998E-01 7.0617E-02 2.7861E-02 2.4424E-02 7.5824E-02 8.7201E-02 0.0000E+00
 0.0000E+00 4.2085E-02 1.2139E-01 8.7205E-02 5.3899E-02 5.0932E-02 6.8576E-02 1.0814E-01 1.1295E-01 1.4435E-01 1.3831E-01 1.3419E-01 1.4197E-01 2.3647E-01 4.0892E-01 4.6358E-01 4.1676E-01 4.5801E-01 2.1489E-01 6.2397E-02 2.5414E-02 2.5249E-02 7.8036E-02 8.7160E-02 0.0000E+00
 0.0000E+00 4.2072E-02 1.2346E-01 8.9590E-02 5.5293E-02 5.4346E-02 6.3592E-02 1.1555E-01 1.1001E-01 1.4152E-01 1.3087E-01 1.3890E-01 1.4311E-01 2.5701E-01 3.9070E-01 4.5404E-01 4.1575E-01 4.5058E-01 2.1294E-01 6.5171E-02 2.3981E-02 2.6440E-02 8.0974E-02 8.5953E-02 0.0000E+00
 0.0000E+00 4.1416E-02 1.2258E-01 9.4225E-02 5.5484E-02 5.6097E-02 6.4345E-02 1.0406E-01 1.0733E-01 1.5126E-01 1.4315E-01 1.4028E-01 1.5603E-01 2.5624E-01 4.1451E-01 4.4844E-01 4.1081E-01 4.4224E-01 2.0996E-01 6.3276E-02 3.1715E-02 2.7576E-02 8.2806E-02 8.6610E-02 0.0000E+00
 0.0000E+00 4.1086E-02 1.2350E-01 9.7835E-02 5.8815E-02 6.0324E-02 7.3012E-02 1.1766E-01 1.0365E-01 1.4291E-01 1.4238E-01 1.4035E-01 1.4939E-01 2.5877E-01 3.9172E-01 4.7429E-01 4.2128E-01 4.5338E-01 2.2614E-01 6.7928E-02 2.9821E-02 2.7704E-02 8.5713E-02 8.5959E-02 0.0000E+00
 0.0000E+00 4.1691E-02 1.2208E-01 9.5812E-02 5.7771E-02 5.8273E-02 7.4677E-02 1.1334E-01 1.0715E-01 1.4284E-01 1.3852E-01 1.6031E-01 1.5688E-01 2.4855E-01 3.9870E-01 4.5508E-01 4.2620E-01 4.2931E-01 2.3290E-01 6.8566E-02 2.7414E-02 2.7283E-02 8.6760E-02 8.6155E-02 0.0000E+00
 0.0000E+00 4.1623E-02 1.2265E-01 9.4830E-02 5.9089E-02 5.6532E-02 7.5088E-02 1.0947E-01 1.1173E-01 1.5127E-01 1.4614E-01 1.3967E-01 1.5573E-01 2.5240E-01 3.9872E-01 4.7149E-01 4.1452E-01 4.3522E-01 2.2103E-01 7.6682E-02 3.0834E-02 3.1103E-02 8.8881E-02 8.5564E-02 0.0000E+00
 0.0000E+00 4.1338E-02 1.2245E-01 9.4150E-02 6.2161E-02 5.6039E-02 7.1028E-02 1.1349E-01 1.0959E-01 1.4773E-01 1.3868E-01 1.5050E-01 1.6833E-01 2.5990E-01 4.0842E-01 4.5628E-01 4.1112E-01 4.3005E-01 2.2199E-01 7.1616E-02 3.0571E-02 3.0123E-02 9.0515E-02 8.4606E-02 0.0000E+00
 0.0000E+00 4.0471E-02 1.2405E-01 1.0030E-01 5.9196E-02 5.5246E-02 7.2214E-02 1.1948E-01 1.1422E-01 1.3803E-01 1.3657E-01 1.5519E-01 1.6901E-01 2.5257E-01 3.9220E-01 4.4996E-01 4.2312E-01 4.3425E-01 2.3388E-01 7.7923E-02 3.2912E-02 2.9848E-02 9.0296E-02 8.5571E-02 0.0000E+00
 0.0000E+00 4.0584E-02 1.2365E-01 1.0056E-01 6.5957E-02 5.9966E-02 7.6023E-02 1.2299E-01 1.1190E-01 1.4783E-01 1.4704E-01 1.3311E-01 1.6120E-01 2.6408E-01 4.0959E-01 4.5606E-01 4.1460E-01 4.3178E-01 2.3773E-01 7.5545E-02 3.6135E-02 2.8721E-02 9.2332E-02 8.4557E-02 0.0000E+00
 0.0000E+00 4.0428E-02 1.2576E-01 1.0487E-01 6.5264E-02 6.4647E-02 7.9125E-02 1.2367E-01 1.1141E-01 1.3630E-01 1.3657E-01 1.5569E-01 1.6827E-01 2.6028E-01 4.0543E-01 4.3474E-01 4.2496E-01 4.3611E-01 2.2703E-01 7.9250E-02 3.0308E-02 3.3586E-02 9.4282E-02 8.4986E-02 0.0000E+00
 0.0000E+00 4.0827E-02 1.2674E-01 1.0486E-01 6.4593E-02 6.4570E-02 7.5727E-02 1.1950E-01 1.0717E-01 1.5025E-01 1.4152E-01 1.6056E-01 1.6357E-01 2.6281E-01 4.0273E-01 4.3501E-01 4.2070E-01 4.3763E-01 2.4902E-01 7.9818E-02 3.6004E-02 3.3174E-02 9.7359E-02 8.4096E-02 0.0000E+00
 0.0000E+00 4.0715E-02 1.2531E-01 1.0598E-01 6.7428E-02 6.2393E-02 7.6479E-02 1.1926E-01 1.1728E-01 1.4272E-01 1.4823E-01 1.5082E-01 1.6974E-01 2.7082E-01 3.9535E-01 4.3653E-01 4.1722E-01 4.2494E-01 2.4925E-01 8.0525E-02 3.4359E-02 3.6288E-02 9.9384E-02 8.5131E-02 0.0000E+00
 0.0000E+00 3.9988E-02 1.2532E-01 1.0593E-01 7.0706E-02 6.7655E-02 7.8007E-02 1.1432E-01 1.1709E-01 1.4415E-01 1.4801E-01 1.6066E-01 1.7474E-01 2.7071E-01 4.0663E-01 4.3626E-01 4.3112E-01 4.3903E-01 2.5467E-01 8.1507E-02 3.9516E-02 3.3870E-02 1.0150E-01 8.3951E-02 0.0000E+00
 0.0000E+00 4.0264E-02 1.2815E-01 1.0876E-01 7.1606E-02 6.6282E-02 8.7838E-02 1.2735E-01 1.2218E-01 1.3230E-01 1.4591E-01 1.7086E-01 1.7504E-01 2.7770E-01 4.1623E-01 4.2883E-01 4.2375E-01 4.4142E-01 2.4441E-01 8.2800E-02 3.6846E-02 3.7021E-02 1.0425E-01 8.4004E-02 0.0000E+00
 0.0000E+00 3.9865E-02 1.2486E-01 1.0819E-01 7.2978E-02 6.5730E-02 8.0414E-02 1.2331E-01 1.1847E-01 1.3869E-01 1.4288E-01 1.5542E-01 1.8578E-01 2.7946E-01 3.9724E-01 4.3296E-01 4.2387E-01 4.2936E-01 2.4915E-01 8.5367E-02 3.6135E-02 3.6728E-02 1.0548E-01 8.4412E-02 0.0000E+00
 0.0000E+00 3.9999E-02 1.2761E-01 1.0826E-01 7.2703E-02 6.3370E-02 8.2147E-02 1.1516E-01 1.2164E-01 1.3818E-01 1.3755E-01 1.6261E-01 1.8676E-01 2.8875E-01 4.1933E-01 4.3504E-01 4.1918E-01 4.1934E-01 2.6620E-01 8.3610E-02 3.6556E-02 3.8359E-02 1.0936E-01 8.2729E-02 0.0000E+00
 0.0000E+00 4.0529E-02 1.2654E-01 1.1452E-01 7.2269E-02 6.8554E-02 8.5991E-02 1.2412E-01 1.1996E-01 1.3907E-01 1.4046E-01 1.5997E-01 1.7395E-01 2.7211E-01 3.9237E-01 4.2808E-01 4.2614E-01 4.2295E-01 2.5226E-01 9.3328E-02 3.7148E-02 3.9174E-02 1.0958E-01 8.3663E-02 0.0000E+00
 0.0000E+00 3.9972E-02 1.2811E-01 1.1460E-01 7.6461E-02 7.0199E-02 8.2341E-02 1.2201E-01 1.1184E-01 1.4779E-01 1.3884E-01 1.7642E-01 1.9050E-01 2.7951E-01 3.8838E-01 4.2789E-01 4.2956E-01 4.2677E-01 2.3839E-01 9.0830E-02 3.8464E-02 3.8002E-02 1.1255E-01 8.3039E-02 0.0000E+00
 0.0000E+00 4.0181E-02 1.2995E-01 1.1782E-01 7.5089E-02 7.3874E-02 8.5512E-02 1.2913E-01 1.1497E-01 1.4338E-01 1.4165E-01 1.6128E-01 1.9826E-01 2.9871E-01 4.0326E-01 4.2219E-01 4.3207E-01 4.2130E-01 2.4923E-01 9.5138E-02 3.6648E-02 4.2280E-02 1.1206E-01 8.3174E-02 0.0000E+00
 0.0000E+00 3.9450E-02 1.2808E-01 1.2035E-01 8.1309E-02 7.1475E-02 8.9800E-02 1.2413E-01 1.2092E-01 1.4003E-01 1.4507E-01 1.6860E-01 1.9697E-01 2.7827E-01 3.9220E-01 4.2821E-01 4.3250E-01 4.1428E-01 2.5209E-01 9.3156E-02 4.0858E-02 4.0814E-02 1.1695E-01 8.3487E-02 0.0000E+00
 0.0000E+00 4.0142E-02 1.2628E-01 1.1712E-01 8.2635E-02 7.1350E-02 8.9481E-02 1.2201E-01 1.1948E-01 1.3385E-01 1.4753E-01 1.6940E-01 1.8467E-01 2.8048E-01 3.9509E-01 4.1803E-01 4.2787E-01 4.1774E-01 2.5606E-01 9.1967E-02 4.3212E-02 4.5413E-02 1.1691E-01 8.3230E-02 0.0000E+00
 0.0000E+00 3.9454E-02 1.2934E-01 1.2017E-01 8.1378E-02 6.9676E-02 8.7097E-02 1.2271E-01 1.2818E-01 1.3519E-01 1.5111E-01 1.6318E-01 1.9774E-01 2.8567E-01 4.0818E-01 4.2038E-01 4.2608E-01 4.2468E-01 2.6972E-01 9.5534E-02 4.3094E-02 4.3077E-02 1.1833E-01 8.2468E-02 0.0000E+00
 0.0000E+00 3.9682E-02 1.2932E-01 1.2131E-01 8.0120E-02 7.2781E-02 8.9914E-02 1.3149E-01 1.2738E-01 1.3599E-01 1.4649E-01 1.7131E-01 1.9426E-01 2.9232E-01 4.0429E-01 4.1244E-01 4.2525E-01 4.2168E-01 2.5875E-01 9.2605E-02 4.1805E-02 4.4479E-02 1.1990E-01 8.2897E-02 0.0000E+00
 0.0000E+00 3.9137E-02 1.2972E-01 1.2161E-01 8.2224E-02 7.5199E-02 9.5593E-02 1.2798E-01 1.1916E-01 1.3879E-01 1.4559E-01 1.6888E-01 2.0911E-01 2.9673E-01 3.8477E-01 4.1073E-01 4.4527E-01 4.2814E-01 2.6983E-01 9.5793E-02 4.5133E-02 4.6100E-02 1.2645E-01 8.3238E-02 0.0000E+00
 0.0000E+00 3.9750E-02 1.2846E-01 1.2159E-01 8.6119E-02 7.9929E-02 9.4156E-02 1.2340E-01 1.2930E-01 1.3751E-01 1.4262E-01 1.6556E-01 1.9100E-01 2.8609E-01 3.8888E-01 4.1686E-01 4.2614E-01 4.1107E-01 2.6913E-01 9.8274E-02 4.2976E-02 4.7529E-02 1.2577E-01 8.1520E-02 0.0000E+00
 0.0000E+00 3.9143E-02 1.2904E-01 1.2709E-01 8.6378E-02 7.6166E-02 9.8593E-02 1.2728E-01 1.2256E-01 1.3312E-01 1.5588E-01 1.8314E-01 1.9888E-01 2.9406E-01 3.8750E-01 4.1598E-01 4.4340E-01 4.1583E-01 2.6353E-01 1.0319E-01 4.4791E-02 5.1515E-02 1.2514E-01 8.2854E-02 0.0000E+00
 0.0000E+00 3.8707E-02 1.2964E-01 1.2677E-01 8.6568E-02 8.1863E-02 9.6951E-02 1.3358E-01 1.2343E-01 1.3759E-01 1.4680E-01 1.7600E-01 2.1111E-01 2.9967E-01 3.9447E-01 4.1649E-01 4.4412E-01 4.0194E-01 2.5657E-01 9.6085E-02 4.7251E-02 5.0589E-02 1.3108E-01 8.1656E-02 0.0000E+00
 0.0000E+00 3.9309E-02 1.3081E-01 1.2674E-01 9.0052E-02 7.6863E-02 9.5491E-02 1.2105E-01 1.2227E-01 1.3040E-01 1.5059E-01 1.7279E-01 2.1094E-01 2.9387E-01 3.9605E-01 4.1337E-01 4.4009E-01 4.0089E-01 2.7679E-01 1.0119E-01 4.7830E-02 5.1093E-02 1.3236E-01 8.2478E-02 0.0000E+00
 0.0000E+00 3.9184E-02 1.2972E-01 1.2950E-01 9.1279E-02 8.1022E-02 9.9802E-02 1.2682E-01 1.2358E-01 1.3448E-01 1.4860E-01 1.7893E-01 2.2293E-01 2.9057E-01 3.9626E-01 4.0428E-01 4.4631E-01 4.0634E-01 2.6511E-01 1.0901E-01 4.7816E-02 5.2064E-02 1.3406E-01 8.0523E-02 0.0000E+00
 0.0000E+00 3.9510E-02 1.3003E-01 1.3035E-01 9.3124E-02 7.8749E-02 9.7350E-02 1.2876E-01 1.2668E-01 1.3381E-01 1.5084E-01 1.7075E-01 2.2737E-01 3.0498E-01 4.0304E-01 3.9901E-01 4.4219E-01 4.1100E-01 2.5920E-01 1.0468E-01 4.8724E-02 5.6434E-02 1.3630E-01 8.1675E-02 0.0000E+00
 0.0000E+00 3.9238E-02 1.3082E-01 1.3226E-01 9.2125E-02 8.2182E-02 1.0325E-01 1.2883E-01 1.2520E-01 1.3270E-01 1.5653E-01 1.7256E-01 2.1306E-01 2.8894E-01 3.7630E-01 4.0295E-01 4.4263E-01 4.0519E-01 2.7835E-01 1.1001E-01 4.9987E-02 5.6040E-02 1.3521E-01 8.2817E-02 0.0000E+00
 0.0000E+00 3.8668E-02 1.3167E-01 1.3435E-01 9.5586E-02 8.3817E-02 1.0220E-01 1.2223E-01 1.2137E-01 1.2869E-01 1.4833E-01 1.8459E-01 2.1697E-01 2.9348E-01 3.8621E-01 3.9949E-01 4.4645E-01 4.0507E-01 2.6582E-01 1.1237E-01 5.1921E-02 5.8496E-02 1.3674E-01 8.1963E-02 0.0000E+00
 0.0000E+00 4.0158E-02 1.3203E-01 1.3544E-01 1.0053E-01 8.7115E-02 1.0083E-01 1.2399E-01 1.2460E-01 1.3403E-01 1.4865E-01 1.6953E-01 2.2724E-01 3.0731E-01 3.7899E-01 4.0029E-01 4.3880E-01 4.0003E-01 2.7179E-01 1.1440E-01 5.3644E-02 5.7241E-02 1.4492E-01 8.1040E-02 0.0000E+00
 0.0000E+00 3.9335E-02 1.3318E-01 1.3916E-01 9.9702E-02 8.7705E-02 1.0232E-01 1.3114E-01 1.2310E-01 1.3097E-01 1.5974E-01 1.8416E-01 2.0667E-01 3.1347E-01 3.8327E-01 4.0047E-01 4.4780E-01 4.0545E-01 2.7261E-01 1.1220E-01 5.6117E-02 6.1400E-02 1.4701E-01 8.1793E-02 0.0000E+00
 0.0000E+00 3.9001E-02 1.3388E-01 1.3600E-01 9.9893E-02 8.7241E-02 1.0347E-01 1.2295E-01 1.2953E-01 1.3494E-01 1.5669E-01 1.7590E-01 2.1829E-01 3.0695E-01 3.8391E-01 4.1166E-01 4.4737E-01 3.9235E-01 2.7483E-01 1.1501E-01 5.6406E-02 6.2536E-02 1.4983E-01 8.1411E-02 0.0000E+00
 0.0000E+00 3.8739E-02 1.3088E-01 1.3831E-01 9.9283E-02 9.1496E-02 1.1148E-01 1.2972E-01 1.2507E-01 1.3255E-01 1.5583E-01 1.8071E-01 2.2961E-01 2.9907E-01 3.8946E-01 3.9261E-01 4.5411E-01 3.9464E-01 2.7299E-01 1.1513E-01 5.2644E-02 6.4955E-02 1.5018E-01 8.1701E-02 0.0000E+00
 0.0000E+00 3.8537E-02 1.3495E-01 1.4084E-01 1.0447E-01 8.3372E-02 1.0586E-01 1.2877E-01 1.2566E-01 1.2639E-01 1.5159E-01 1.8359E-01 2.2489E-01 2.9117E-01 3.8394E-01 3.9314E-01 4.6161E-01 3.9013E-01 2.7512E-01 1.1445E-01 5.8537E-02 6.7107E-02 1.5301E-01 8.3150E-02 0.0000E+00
 0.0000E+00 3.8906E-02 1.3354E-01 1.4243E-01 1.0395E-01 8.9881E-02 1.0661E-01 1.2546E-01 1.3441E-01 1.2953E-01 1.5574E-01 1.8129E-01 2.2551E-01 2.9924E-01 3.7610E-01 3.9586E-01 4.5485E-01 3.9553E-01 2.7401E-01 1.2217E-01 5.5749E-02 6.5037E-02 1.5463E-01 8.2039E-02 0.0000E+00
 0.0000E+00 3.9313E-02 1.3492E-01 1.4443E-01 1.0650E-01 9.2144E-02 1.0621E-01 1.2897E-01 1.2928E-01 1.2786E-01 1.4571E-01 1.8251E-01 2.2929E-01 3.0198E-01 3.8537E-01 3.9666E-01 4.5966E-01 3.8917E-01 2.7536E-01 1.2516E-01 5.7406E-02 6.5807E-02 1.5499E-01 8.1740E-02 0.0000E+00
 0.0000E+00 3.9450E-02 1.3445E-01 1.4545E-01 1.0970E-01 9.3885E-02 1.0953E-01 1.3706E-01 1.2891E-01 1.2939E-01 1.6133E-01 1.8715E-01 2.2743E-01 3.1250E-01 3.7661E-01 4.0194E-01 4.6228E-01 3.9252E-01 2.8432E-01 1.2257E-01 5.8721E-02 7.0259E-02 1.5496E-01 8.1238E-02 0.0000E+00
 0.0000E+00 3.9277E-02 1.3509E-01 1.4702E-01 1.0715E-01 9.4640E-02 1.0975E-01 1.3046E-01 1.3371E-01 1.2676E-01 1.5482E-01 1.9564E-01 2.3055E-01 3.0224E-01 3.8697E-01 3.8693E-01 4.5278E-01 4.0257E-01 2.7600E-01 1.2498E-01 5.9090E-02 7.2778E-02 1.5989E-01 8.1436E-02 0.0000E+00
 0.0000E+00 3.8729E-02 1.3561E-01 1.4820E-01 1.1620E-01 9.5423E-02 1.1692E-01 1.2867E-01 1.2953E-01 1.2988E-01 1.4829E-01 1.9279E-01 2.3008E-01 3.1031E-01 3.7816E-01 3.8984E-01 4.7364E-01 3.8703E-01 2.8627E-01 1.2807E-01 6.1892E-02 7.2568E-02 1.6307E-01 8.0993E-02 0.0000E+00
 0.0000E+00 3.9455E-02 1.3616E-01 1.4968E-01 1.1111E-01 9.4330E-02 1.1502E-01 1.3818E-01 1.2801E-01 1.3082E-01 1.5539E-01 1.9650E-01 2.3764E-01 3.0175E-01 3.8549E-01 3.9354E-01 4.5051E-01 4.1211E-01 2.9197E-01 1.2547E-01 6.2207E-02 7.4107E-02 1.6642E-01 8.2588E-02 0.0000E+00
 0.0000E+00 3.9569E-02 1.3477E-01 1.5129E-01 1.1563E-01 9.8431E-02 1.1533E-01 1.3223E-01 1.3838E-01 1.2725E-01 1.6345E-01 1.9299E-01 2.3950E-01 3.0088E-01 3.7713E-01 3.9093E-01 4.7065E-01 3.8746E-01 2.7209E-01 1.3072E-01 6.6469E-02 7.9026E-02 1.6783E-01 8.1356E-02 0.0000E+00
 0.0000E+00 3.8986E-02 1.3469E-01 1.5627E-01 1.1622E-01 9.8615E-02 1.1634E-01 1.2805E-01 1.3180E-01 1.2771E-01 1.5805E-01 1.9435E-01 2.3525E-01 2.9784E-01 3.7092E-01 3.9093E-01 4.5724E-01 3.8828E-01 2.8650E-01 1.2676E-01 6.7127E-02 7.9393E-02 1.7067E-01 8.1242E-02 0.0000E+00
 0.0000E+00 3.8897E-02 1.3562E-01 1.5676E-01 1.1776E-01 1.0441E-01 1.1682E-01 1.3044E-01 1.3098E-01 1.2723E-01 1.5476E-01 1.9183E-01 2.3410E-01 3.1585E-01 3.8618E-01 3.9621E-01 4.6636E-01 3.8967E-01 2.9303E-01 1.3208E-01 6.4036E-02 8.1683E-02 1.7205E-01 8.0905E-02 0.0000E+00
 0.0000E+00 3.9137E-02 1.3680E-01 1.5679E-01 1.1800E-01 1.0165E-01 1.1728E-01 1.2922E-01 1.3342E-01 1.3422E-01 1.5497E-01 1.9241E-01 2.4320E-01 2.9962E-01 3.7496E-01 3.9032E-01 4.6328E-01 3.8741E-01 2.9290E-01 1.3753E-01 6.7745E-02 8.3003E-02 1.7847E-01 8.2472E-02 0.0000E+00
 0.0000E+00 3.9059E-02 1.3634E-01 1.5856E-01 1.2268E-01 1.0451E-01 1.2142E-01 1.3277E-01 1.3252E-01 1.2946E-01 1.5794E-01 1.9487E-01 2.3848E-01 3.1105E-01 3.7176E-01 3.9429E-01 4.7393E-01 3.9046E-01 2.9128E-01 1.3939E-01 7.0139E-02 8.8206E-02 1.7558E-01 8.1391E-02 0.0000E+00
 0.0000E+00 3.8707E-02 1.3660E-01 1.6078E-01 1.2237E-01 1.0636E-01 1.1863E-01 1.3274E-01 1.3243E-01 1.2833E-01 1.5368E-01 2.0936E-01 2.5396E-01 3.0523E-01 3.7534E-01 3.9122E-01 4.6653E-01 3.7935E-01 2.9510E-01 1.3729E-01 6.9850E-02 8.4835E-02 1.7879E-01 8.1969E-02 0.0000E+00
 0.0000E+00 3.8855E-02 1.3766E-01 1.6054E-01 1.2625E-01 1.0683E-01 1.2656E-01 1.2759E-01 1.3097E-01 1.3291E-01 1.5346E-01 2.0482E-01 2.4159E-01 3.1241E-01 3.7532E-01 3.9325E-01 4.7764E-01 3.8853E-01 3.0178E-01 1.3939E-01 7.1415E-02 8.8408E-02 1.8201E-01 8.2253E-02 0.0000E+00
 0.0000E+00 3.8683E-02 1.3716E-01 1.6317E-01 1.2771E-01 1.0912E-01 1.2458E-01 1.4315E-01 1.3392E-01 1.3036E-01 1.6105E-01 1.9643E-01 2.4805E-01 3.1785E-01 3.7393E-01 3.8645E-01 4.7338E-01 3.8624E-01 3.0063E-01 1.3639E-01 7.2376E-02 8.9122E-02 1.8298E-01 8.1448E-02 0.0000E+00
 0.0000E+00 3.8697E-02 1.4026E-01 1.6477E-01 1.2704E-01 1.0800E-01 1.2236E-01 1.3762E-01 1.3824E-01 1.3365E-01 1.6350E-01 1.9494E-01 2.4403E-01 3.0668E-01 3.8735E-01 3.8270E-01 4.8581E-01 3.8125E-01 3.0260E-01 1.3922E-01 7.4520E-02 9.3355E-02 1.8636E-01 8.1644E-02 0.0000E+00
 0.0000E+00 3.8461E-02 1.3716E-01 1.6771E-01 1.2738E-01 1.1123E-01 1.2731E-01 1.3506E-01 1.2839E-01 1.3263E-01 1.6884E-01 2.0176E-01 2.3579E-01 3.0738E-01 3.6722E-01 3.8765E-01 4.7899E-01 3.8553E-01 3.0085E-01 1.4897E-01 7.7980E-02 9.3291E-02 1.8830E-01 8.1556E-02 0.0000E+00
 0.0000E+00 3.9311E-02 1.3918E-01 1.6803E-01 1.3609E-01 1.1360E-01 1.2751E-01 1.3389E-01 1.3980E-01 1.2529E-01 1.6027E-01 1.9389E-01 2.4845E-01 3.0540E-01 3.6665E-01 3.9256E-01 4.8987E-01 3.9296E-01 2.9485E-01 1.5023E-01 7.7795E-02 9.6332E-02 1.8812E-01 8.1279E-02 0.0000E+00
 0.0000E+00 3.8494E-02 1.3863E-01 1.6739E-01 1.3259E-01 1.1233E-01 1.2626E-01 1.3403E-01 1.4468E-01 1.2701E-01 1.6755E-01 2.0334E-01 2.4988E-01 3.2087E-01 3.7706E-01 3.7710E-01 4.7750E-01 3.8286E-01 3.0371E-01 1.4390E-01 7.6835E-02 9.9484E-02 1.9459E-01 8.0890E-02 0.0000E+00
 0.0000E+00 3.8882E-02 1.4061E-01 1.7370E-01 1.3688E-01 1.1432E-01 1.2699E-01 1.3641E-01 1.3880E-01 1.2865E-01 1.6296E-01 2.0924E-01 2.5349E-01 3.1048E-01 3.7348E-01 3.8342E-01 4.8178E-01 3.8744E-01 3.0729E-01 1.5581E-01 8.6530E-02 1.0237E-01 1.9355E-01 8.1656E-02 0.0000E+00
 0.0000E+00 3.8917E-02 1.3932E-01 1.7085E-01 1.3616E-01 1.1563E-01 1.2905E-01 1.3563E-01 1.4385E-01 1.3309E-01 1.6269E-01 1.9667E-01 2.6283E-01 3.1186E-01 3.7288E-01 3.8485E-01 4.9156E-01 3.8749E-01 2.9143E-01 1.5409E-01 8.1005E-02 1.0353E-01 2.0060E-01 8.0966E-02 0.0000E+00
 0.0000E+00 3.8696E-02 1.4029E-01 1.7318E-01 1.4083E-01 1.1914E-01 1.3333E-01 1.3816E-01 1.3809E-01 1.3203E-01 1.7083E-01 1.9672E-01 2.5227E-01 3.1611E-01 3.6650E-01 3.7702E-01 4.8078E-01 3.8245E-01 2.9850E-01 1.4480E-01 8.4215E-02 1.0500E-01 1.9758E-01 8.0899E-02 0.0000E+00
 0.0000E+00 3.8613E-02 1.3877E-01 1.7662E-01 1.4178E-01 1.1865E-01 1.3448E-01 1.3643E-01 1.4003E-01 1.3448E-01 1.6214E-01 2.0520E-01 2.7019E-01 3.1124E-01 3.6736E-01 3.8997E-01 4.8426E-01 3.9133E-01 3.0917E-01 1.5735E-01 8.7069E-02 1.0855E-01 2.0237E-01 8.0825E-02 0.0000E+00
 0.0000E+00 3.8624E-02 1.4154E-01 1.8051E-01 1.4498E-01 1.2360E-01 1.3424E-01 1.3389E-01 1.4594E-01 1.3249E-01 1.6347E-01 2.0267E-01 2.4695E-01 3.1194E-01 3.6925E-01 3.8342E-01 4.8101E-01 3.8232E-01 3.0006E-01 1.5993E-01 8.8950E-02 1.0764E-01 2.0634E-01 8.1656E-02 0.0000E+00
 0.0000E+00 3.8596E-02 1.4053E-01 1.8087E-01 1.4650E-01 1.2376E-01 1.3048E-01 1.3640E-01 1.4024E-01 1.3218E-01 1.6489E-01 2.0954E-01 2.5764E-01 3.2165E-01 3.7286E-01 3.8294E-01 4.9599E-01 3.8655E-01 2.9694E-01 1.5993E-01 8.9990E-02 1.1094E-01 2.0744E-01 8.0374E-02 0.0000E+00
 0.0000E+00 3.8436E-02 1.4133E-01 1.8165E-01 1.4882E-01 1.2645E-01 1.3923E-01 1.3710E-01 1.4526E-01 1.3291E-01 1.6853E-01 2.1384E-01 2.5986E-01 3.1777E-01 3.7269E-01 3.7734E-01 4.9645E-01 3.7985E-01 3.0889E-01 1.6146E-01 9.5817E-02 1.1406E-01 2.0822E-01 8.1340E-02 0.0000E+00
 0.0000E+00 3.8758E-02 1.4333E-01 1.8133E-01 1.5014E-01 1.3091E-01 1.3353E-01 1.4108E-01 1.4320E-01 1.3879E-01 1.6433E-01 2.0352E-01 2.5027E-01 3.1163E-01 3.8012E-01 3.8179E-01 4.8535E-01 3.8581E-01 3.0347E-01 1.6627E-01 9.2541E-02 1.1822E-01 2.1291E-01 8.1142E-02 0.0000E+00
 0.0000E+00 3.8382E-02 1.4130E-01 1.8565E-01 1.5693E-01 1.2956E-01 1.4224E-01 1.3944E-01 1.4802E-01 1.3362E-01 1.7043E-01 1.9826E-01 2.6556E-01 3.2291E-01 3.6526E-01 3.8222E-01 5.0224E-01 3.8820E-01 3.0360E-01 1.6451E-01 9.7540E-02 1.1943E-01 2.1743E-01 8.0333E-02 0.0000E+00
 0.0000E+00 3.8733E-02 1.4056E-01 1.8642E-01 1.5334E-01 1.3069E-01 1.4071E-01 1.3998E-01 1.4137E-01 1.3268E-01 1.7855E-01 2.0989E-01 2.6195E-01 3.2611E-01 3.6942E-01 3.7883E-01 5.0022E-01 3.8565E-01 3.1585E-01 1.6896E-01 9.4870E-02 1.1948E-01 2.1514E-01 8.0756E-02 0.0000E+00
 0.0000E+00 3.8637E-02 1.4197E-01 1.8675E-01 1.5235E-01 1.3187E-01 1.4153E-01 1.3762E-01 1.4836E-01 1.3913E-01 1.6811E-01 2.1221E-01 2.6898E-01 3.2541E-01 3.7240E-01 3.8576E-01 4.9329E-01 3.8250E-01 3.1837E-01 1.6651E-01 9.6593E-02 1.2711E-01 2.1945E-01 8.0897E-02 0.0000E+00
 0.0000E+00 3.7939E-02 1.4091E-01 1.9345E-01 1.6032E-01 1.3221E-01 1.4194E-01 1.4229E-01 1.4940E-01 1.3611E-01 1.7157E-01 2.1370E-01 2.5785E-01 3.1483E-01 3.6994E-01 3.8461E-01 5.0195E-01 3.8054E-01 3.0695E-01 1.7470E-01 1.0325E-01 1.2730E-01 2.2123E-01 8.1197E-02 0.0000E+00
 0.0000E+00 3.8768E-02 1.4393E-01 1.9175E-01 1.6154E-01 1.3728E-01 1.4823E-01 1.3896E-01 1.5024E-01 1.3884E-01 1.7794E-01 2.1874E-01 2.6740E-01 3.2036E-01 3.6627E-01 3.8408E-01 5.0509E-01 3.8522E-01 3.0219E-01 1.7527E-01 1.0226E-01 1.3285E-01 2.2018E-01 8.0182E-02 0.0000E+00
 0.0000E+00 3.7530E-02 1.4305E-01 1.9317E-01 1.6034E-01 1.3800E-01 1.5087E-01 1.4359E-01 1.5188E-01 1.3274E-01 1.7398E-01 2.1751E-01 2.6282E-01 3.2140E-01 3.6638E-01 3.9317E-01 5.0652E-01 3.8163E-01 3.1756E-01 1.6772E-01 1.0593E-01 1.3407E-01 2.2058E-01 8.0376E-02 0.0000E+00
 0.0000E+00 3.7932E-02 1.4150E-01 1.9201E-01 1.6504E-01 1.4035E-01 1.4266E-01 1.4299E-01 1.5096E-01 1.4440E-01 1.8071E-01 2.1938E-01 2.7263E-01 3.2964E-01 3.7114E-01 3.7968E-01 5.0566E-01 3.7845E-01 3.1214E-01 1.7471E-01 1.0804E-01 1.3631E-01 2.2459E-01 8.0412E-02 0.0000E+00
 0.0000E+00 3.8090E-02 1.4216E-01 1.9909E-01 1.6957E-01 1.4329E-01 1.4829E-01 1.4471E-01 1.5348E-01 1.4111E-01 1.7993E-01 2.1139E-01 2.5770E-01 3.2102E-01 3.7259E-01 3.7558E-01 5.0347E-01 3.8581E-01 3.1481E-01 1.7771E-01 1.0783E-01 1.3887E-01 2.2906E-01 8.0455E-02 0.0000E+00
 0.0000E+00 3.8340E-02 1.4356E-01 1.9793E-01 1.7087E-01 1.4229E-01 1.4794E-01 1.4280E-01 1.5726E-01 1.3528E-01 1.7606E-01 2.1790E-01 2.7017E-01 3.1913E-01 3.6443E-01 3.9077E-01 5.0212E-01 3.8080E-01 3.1967E-01 1.8297E-01 1.1646E-01 1.3793E-01 2.3045E-01 8.0335E-02 0.0000E+00
 0.0000E+00 3.8106E-02 1.4404E-01 1.9946E-01 1.7361E-01 1.4087E-01 1.5121E-01 1.4466E-01 1.5797E-01 1.4133E-01 1.7996E-01 2.1280E-01 2.7925E-01 3.1851E-01 3.7625E-01 3.7982E-01 5.1996E-01 3.8980E-01 3.2379E-01 1.8366E-01 1.1016E-01 1.4345E-01 2.3411E-01 8.0504E-02 0.0000E+00
 0.0000E+00 3.7480E-02 1.4430E-01 2.0056E-01 1.7302E-01 1.4625E-01 1.5157E-01 1.5154E-01 1.5260E-01 1.4317E-01 1.8368E-01 2.1555E-01 2.8226E-01 3.2318E-01 3.7532E-01 3.7702E-01 5.1832E-01 3.8670E-01 3.2409E-01 1.8721E-01 1.1240E-01 1.4968E-01 2.2798E-01 7.9395E-02 0.0000E+00
 0.0000E+00 3.8127E-02 1.4388E-01 2.0353E-01 1.7667E-01 1.5051E-01 1.5227E-01 1.4669E-01 1.6207E-01 1.4590E-01 1.8195E-01 2.2049E-01 2.7220E-01 3.3553E-01 3.6409E-01 3.8936E-01 5.1280E-01 3.7945E-01 3.1946E-01 1.8571E-01 1.1598E-01 1.5482E-01 2.3538E-01 7.9366E-02 0.0000E+00
 0.0000E+00 3.6895E-02 1.4471E-01 2.0180E-01 1.8017E-01 1.4980E-01 1.6033E-01 1.4874E-01 1.6154E-01 1.4181E-01 1.7927E-01 2.3114E-01 2.8587E-01 3.2718E-01 3.7842E-01 3.8496E-01 5.2416E-01 3.7947E-01 3.2810E-01 1.9210E-01 1.2576E-01 1.5375E-01 2.3799E-01 7.9638E-02 0.0000E+00
 0.0000E+00 3.7645E-02 1.4465E-01 2.0638E-01 1.8002E-01 1.5224E-01 1.5852E-01 1.5220E-01 1.5662E-01 1.4270E-01 1.8883E-01 2.1988E-01 2.7335E-01 3.2688E-01 3.7959E-01 3.8781E-01 5.1167E-01 3.8281E-01 3.1515E-01 1.8390E-01 1.2540E-01 1.5872E-01 2.3728E-01 8.0086E-02 0.0000E+00
 0.0000E+00 3.7921E-02 1.4497E-01 2.0840E-01 1.7827E-01 1.5157E-01 1.5681E-01 1.5618E-01 1.5820E-01 1.4442E-01 1.7958E-01 2.2658E-01 2.7485E-01 3.3102E-01 3.6927E-01 3.9349E-01 5.1933E-01 3.8130E-01 3.3299E-01 1.9322E-01 1.2422E-01 1.6054E-01 2.4127E-01 7.9348E-02 0.0000E+00
 0.0000E+00 3.7385E-02 1.4582E-01 2.1074E-01 1.8601E-01 1.5793E-01 1.6104E-01 1.5052E-01 1.5839E-01 1.4779E-01 1.8264E-01 2.2235E-01 2.8497E-01 3.3172E-01 3.6958E-01 3.8741E-01 5.2189E-01 3.7614E-01 3.3107E-01 1.9546E-01 1.3077E-01 1.6418E-01 2.4039E-01 7.9857E-02 0.0000E+00
 0.0000E+00 3.7396E-02 1.4648E-01 2.1283E-01 1.9135E-01 1.5685E-01 1.5652E-01 1.5001E-01 1.5853E-01 1.4348E-01 1.9071E-01 2.2262E-01 2.7788E-01 3.3816E-01 3.6992E-01 3.9325E-01 5.3092E-01 3.9710E-01 3.1508E-01 1.9450E-01 1.2739E-01 1.6810E-01 2.4362E-01 7.8292E-02 0.0000E+00
 0.0000E+00 3.7149E-02 1.4348E-01 2.1422E-01 1.8876E-01 1.5996E-01 1.5651E-01 1.5300E-01 1.6899E-01 1.4355E-01 1.8393E-01 2.2334E-01 2.8324E-01 3.3587E-01 3.5996E-01 3.8986E-01 5.2997E-01 3.8558E-01 3.3357E-01 1.9837E-01 1.3008E-01 1.6983E-01 2.4645E-01 7.8958E-02 0.0000E+00
 0.0000E+00 3.7205E-02 1.4165E-01 2.1567E-01 1.8988E-01 1.6131E-01 1.6436E-01 1.5654E-01 1.6125E-01 1.4642E-01 1.8567E-01 2.2773E-01 2.8224E-01 3.4634E-01 3.7591E-01 3.9098E-01 5.1996E-01 3.7955E-01 3.3566E-01 2.0332E-01 1.3503E-01 1.7568E-01 2.4719E-01 7.9685E-02 0.0000E+00
 0.0000E+00 3.7362E-02 1.4474E-01 2.1446E-01 1.9696E-01 1.6213E-01 1.6689E-01 1.5900E-01 1.6918E-01 1.4828E-01 1.9297E-01 2.3385E-01 2.9582E-01 3.3287E-01 3.6588E-01 3.9306E-01 5.2825E-01 3.8540E-01 3.2714E-01 2.0923E-01 1.3650E-01 1.8017E-01 2.4816E-01 7.9646E-02 0.0000E+00
 0.0000E+00 3.7377E-02 1.4492E-01 2.1753E-01 1.9980E-01 1.6795E-01 1.6515E-01 1.5570E-01 1.6558E-01 1.5219E-01 1.9220E-01 2.3099E-01 2.7904E-01 3.4946E-01 3.7142E-01 3.9511E-01 5.2911E-01 3.8347E-01 3.3782E-01 2.0096E-01 1.3937E-01 1.8224E-01 2.5158E-01 7.8443E-02 0.0000E+00
 0.0000E+00 3.6861E-02 1.4465E-01 2.1788E-01 2.0344E-01 1.6747E-01 1.6927E-01 1.5474E-01 1.6513E-01 1.5274E-01 1.9051E-01 2.3282E-01 2.8295E-01 3.3372E-01 3.7028E-01 3.9773E-01 5.3636E-01 3.9535E-01 3.2695E-01 2.0609E-01 1.4202E-01 1.8810E-01 2.5432E-01 7.9225E-02 0.0000E+00
 0.0000E+00 3.6419E-02 1.4424E-01 2.1960E-01 2.0187E-01 1.7159E-01 1.7356E-01 1.6698E-01 1.7196E-01 1.5572E-01 1.9260E-01 2.3322E-01 2.8976E-01 3.3053E-01 3.5941E-01 3.8899E-01 5.2704E-01 3.8975E-01 3.4761E-01 2.1070E-01 1.4486E-01 1.8792E-01 2.5180E-01 7.7975E-02 0.0000E+00
 0.0000E+00 3.6707E-02 1.4464E-01 2.2049E-01 2.0537E-01 1.7317E-01 1.7306E-01 1.6249E-01 1.7123E-01 1.5407E-01 1.9319E-01 2.3646E-01 2.8820E-01 3.3553E-01 3.7907E-01 3.9469E-01 5.4174E-01 3.9476E-01 3.3295E-01 2.1585E-01 1.4486E-01 1.9573E-01 2.5676E-01 7.7303E-02 0.0000E+00
 0.0000E+00 3.6284E-02 1.4402E-01 2.2294E-01 2.0827E-01 1.7944E-01 1.7446E-01 1.6090E-01 1.7541E-01 1.5954E-01 1.9719E-01 2.2974E-01 2.8305E-01 3.2885E-01 3.7331E-01 3.9527E-01 5.3386E-01 4.0176E-01 3.3464E-01 2.1312E-01 1.4800E-01 1.9643E-01 2.5595E-01 7.7746E-02 0.0000E+00
 0.0000E+00 3.5924E-02 1.4412E-01 2.2428E-01 2.1152E-01 1.8104E-01 1.7442E-01 1.6181E-01 1.7598E-01 1.5860E-01 1.9701E-01 2.4154E-01 2.8897E-01 3.4343E-01 3.7302E-01 4.0135E-01 5.4266E-01 3.8370E-01 3.3724E-01 2.2500E-01 1.5082E-01 1.9906E-01 2.5958E-01 7.8022E-02 0.0000E+00
 0.0000E+00 3.6495E-02 1.4695E-01 2.2854E-01 2.0665E-01 1.7736E-01 1.8195E-01 1.6556E-01 1.8041E-01 1.6138E-01 1.9976E-01 2.3708E-01 3.0037E-01 3.4092E-01 3.6949E-01 3.9954E-01 5.5466E-01 3.9151E-01 3.3707E-01 2.1935E-01 1.5363E-01 2.0448E-01 2.5909E-01 7.7820E-02 0.0000E+00
 0.0000E+00 3.6232E-02 1.4491E-01 2.2829E-01 2.1710E-01 1.8318E-01 1.8001E-01 1.6766E-01 1.7501E-01 1.6308E-01 2.0424E-01 2.3146E-01 2.9587E-01 3.4453E-01 3.7556E-01 4.0508E-01 5.4893E-01 4.0130E-01 3.3299E-01 2.1611E-01 1.6018E-01 2.0304E-01 2.6226E-01 7.8319E-02 0.0000E+00
 0.0000E+00 3.6131E-02 1.4439E-01 2.2995E-01 2.2021E-01 1.8878E-01 1.8019E-01 1.6599E-01 1.8091E-01 1.6480E-01 2.0130E-01 2.3671E-01 2.8850E-01 3.4430E-01 3.7756E-01 4.0442E-01 5.4574E-01 4.0382E-01 3.4900E-01 2.2231E-01 1.6159E-01 2.0906E-01 2.6359E-01 7.7174E-02 0.0000E+00
 0.0000E+00 3.6028E-02 1.4442E-01 2.3219E-01 2.2229E-01 1.8300E-01 1.7993E-01 1.6948E-01 1.8126E-01 1.6013E-01 2.0196E-01 2.4293E-01 2.8929E-01 3.3890E-01 3.7603E-01 4.0599E-01 5.5175E-01 4.0087E-01 3.4992E-01 2.3413E-01 1.6981E-01 2.1672E-01 2.6508E-01 7.6531E-02 0.0000E+00
 0.0000E+00 3.5993E-02 1.4509E-01 2.3032E-01 2.2255E-01 1.8775E-01 1.8835E-01 1.7070E-01 1.8075E-01 1.6347E-01 2.0874E-01 2.4217E-01 2.9604E-01 3.5142E-01 3.7436E-01 4.0338E-01 5.5940E-01 3.9934E-01 3.5515E-01 2.2748E-01 1.6672E-01 2.1375E-01 2.6761E-01 7.6909E-02 0.0000E+00
 0.0000E+00 3.5723E-02 1.4519E-01 2.3433E-01 2.2547E-01 1.9073E-01 1.8684E-01 1.7744E-01 1.8498E-01 1.6637E-01 2.0506E-01 2.4345E-01 3.0695E-01 3.3948E-01 3.7806E-01 4.0868E-01 5.5958E-01 4.0324E-01 3.3654E-01 2.3332E-01 1.7307E-01 2.2118E-01 2.7101E-01 7.6024E-02 0.0000E+00
 0.0000E+00 3.5416E-02 1.4230E-01 2.3037E-01 2.2508E-01 1.9346E-01 1.8526E-01 1.7676E-01 1.8243E-01 1.7047E-01 2.0564E-01 2.4192E-01 3.0587E-01 3.3975E-01 3.7204E-01 4.0348E-01 5.5843E-01 4.0138E-01 3.3942E-01 2.3749E-01 1.7828E-01 2.2424E-01 2.6564E-01 7.6316E-02 0.0000E+00
 0.0000E+00 3.5178E-02 1.4508E-01 2.3791E-01 2.2855E-01 2.0072E-01 1.9380E-01 1.7083E-01 1.8971E-01 1.7229E-01 2.1199E-01 2.4654E-01 3.0608E-01 3.5367E-01 3.8492E-01 4.0487E-01 5.4861E-01 3.9413E-01 3.4682E-01 2.3927E-01 1.7680E-01 2.2743E-01 2.7029E-01 7.5164E-02 0.0000E+00
 0.0000E+00 3.5443E-02 1.4354E-01 2.3802E-01 2.3012E-01 1.9882E-01 1.9063E-01 1.7901E-01 1.8552E-01 1.7232E-01 2.1755E-01 2.5739E-01 3.0864E-01 3.5394E-01 3.7725E-01 4.1689E-01 5.5929E-01 4.0352E-01 3.5425E-01 2.3510E-01 1.7978E-01 2.3488E-01 2.7015E-01 7.5700E-02 0.0000E+00
 0.0000E+00 3.5081E-02 1.4269E-01 2.3953E-01 2.3081E-01 2.0199E-01 1.9454E-01 1.8041E-01 1.9590E-01 1.7527E-01 2.1502E-01 2.5585E-01 3.0729E-01 3.5382E-01 3.8251E-01 4.1513E-01 5.4441E-01 4.0270E-01 3.5841E-01 2.4301E-01 1.8765E-01 2.4038E-01 2.7178E-01 7.5726E-02 0.0000E+00
 0.0000E+00 3.4759E-02 1.4301E-01 2.4137E-01 2.3463E-01 2.0510E-01 2.0032E-01 1.8232E-01 1.9517E-01 1.7601E-01 2.1857E-01 2.4847E-01 3.0042E-01 3.5388E-01 3.9070E-01 4.0713E-01 5.6599E-01 4.0262E-01 3.5229E-01 2.4512E-01 1.8628E-01 2.4674E-01 2.6908E-01 7.5254E-02 0.0000E+00
 0.0000E+00 3.5296E-02 1.4287E-01 2.4083E-01 2.3589E-01 2.0643E-01 2.0390E-01 1.8475E-01 1.9831E-01 1.7943E-01 2.1811E-01 2.5377E-01 3.1308E-01 3.5329E-01 3.7919E-01 4.1569E-01 5.6720E-01 4.0939E-01 3.6170E-01 2.5322E-01 1.9401E-01 2.4509E-01 2.7507E-01 7.5683E-02 0.0000E+00
 0.0000E+00 3.4218E-02 1.4424E-01 2.4220E-01 2.4322E-01 2.1106E-01 2.0290E-01 1.8232E-01 1.9811E-01 1.7861E-01 2.2373E-01 2.5751E-01 3.1240E-01 3.4704E-01 3.8838E-01 4.0396E-01 5.6421E-01 4.1178E-01 3.6198E-01 2.6029E-01 1.9304E-01 2.4466E-01 2.7513E-01 7.5307E-02 0.0000E+00
 0.0000E+00 3.4650E-02 1.4341E-01 2.4614E-01 2.4251E-01 2.1092E-01 2.0304E-01 1.9190E-01 2.0152E-01 1.8215E-01 2.1762E-01 2.5556E-01 3.0507E-01 3.4993E-01 3.8184E-01 4.1340E-01 5.7879E-01 4.0214E-01 3.6764E-01 2.5417E-01 1.9553E-01 2.5373E-01 2.7561E-01 7.4795E-02 0.0000E+00
 0.0000E+00 3.4325E-02 1.4100E-01 2.4540E-01 2.4986E-01 2.1967E-01 2.0694E-01 1.9062E-01 2.0355E-01 1.8546E-01 2.1793E-01 2.5786E-01 3.0589E-01 3.6132E-01 3.8446E-01 4.1590E-01 5.6605E-01 4.0425E-01 3.6458E-01 2.5838E-01 2.0264E-01 2.5701E-01 2.7797E-01 7.3267E-02 0.0000E+00
 0.0000E+00 3.4262E-02 1.4149E-01 2.4501E-01 2.4838E-01 2.1760E-01 2.0678E-01 1.9191E-01 1.9981E-01 1.8918E-01 2.3191E-01 2.6322E-01 3.1979E-01 3.6384E-01 3.8124E-01 4.2067E-01 5.7261E-01 4.1410E-01 3.6529E-01 2.6236E-01 2.0702E-01 2.6360E-01 2.8167E-01 7.3849E-02 0.0000E+00
 0.0000E+00 3.4431E-02 1.4274E-01 2.4734E-01 2.5128E-01 2.2149E-01 2.1100E-01 1.9195E-01 2.0455E-01 1.8935E-01 2.2643E-01 2.6654E-01 3.1757E-01 3.6350E-01 3.9039E-01 4.2179E-01 5.6294E-01 4.0346E-01 3.6251E-01 2.6554E-01 2.0808E-01 2.6451E-01 2.7751E-01 7.4118E-02 0.0000E+00
 0.0000E+00 3.4014E-02 1.4037E-01 2.4785E-01 2.4975E-01 2.1904E-01 2.0897E-01 1.9236E-01 2.0514E-01 1.9113E-01 2.2849E-01 2.6450E-01 3.1281E-01 3.6652E-01 3.8571E-01 4.1342E-01 5.8038E-01 4.1512E-01 3.6956E-01 2.6785E-01 2.1273E-01 2.7168E-01 2.8286E-01 7.3565E-02 0.0000E+00
 0.0000E+00 3.3950E-02 1.4241E-01 2.5387E-01 2.5858E-01 2.3089E-01 2.1489E-01 1.9567E-01 2.0918E-01 1.9187E-01 2.2722E-01 2.6119E-01 3.2018E-01 3.6231E-01 3.9492E-01 4.2323E-01 5.7462E-01 4.1382E-01 3.7869E-01 2.6980E-01 2.1533E-01 2.7335E-01 2.8115E-01 7.3007E-02 0.0000E+00
 0.0000E+00 3.4196E-02 1.4010E-01 2.5278E-01 2.5784E-01 2.3071E-01 2.1406E-01 1.9649E-01 2.0998E-01 1.9238E-01 2.3151E-01 2.7558E-01 3.2137E-01 3.7517E-01 3.8972E-01 4.2059E-01 5.7917E-01 4.1486E-01 3.6924E-01 2.7433E-01 2.1704E-01 2.7939E-01 2.8452E-01 7.2090E-02 0.0000E+00
 0.0000E+00 3.3355E-02 1.4090E-01 2.5275E-01 2.5919E-01 2.3332E-01 2.1463E-01 2.0286E-01 2.1368E-01 1.9582E-01 2.3097E-01 2.7506E-01 3.1849E-01 3.6554E-01 3.9356E-01 4.2792E-01 5.8285E-01 4.2306E-01 3.6674E-01 2.7292E-01 2.2317E-01 2.7965E-01 2.8427E-01 7.2991E-02 0.0000E+00
 0.0000E+00 3.3203E-02 1.4135E-01 2.5182E-01 2.6039E-01 2.3840E-01 2.2374E-01 2.0098E-01 2.1515E-01 1.9567E-01 2.3997E-01 2.7280E-01 3.2500E-01 3.6053E-01 4.0042E-01 4.2030E-01 5.8771E-01 4.1789E-01 3.7186E-01 2.8117E-01 2.2726E-01 2.8827E-01 2.8205E-01 7.2646E-02 0.0000E+00
 0.0000E+00 3.3042E-02 1.4076E-01 2.5432E-01 2.6798E-01 2.3779E-01 2.2101E-01 2.0670E-01 2.1558E-01 1.9898E-01 2.4180E-01 2.7182E-01 3.2208E-01 3.7013E-01 3.9115E-01 4.1921E-01 5.7344E-01 4.1987E-01 3.7144E-01 2.8764E-01 2.2632E-01 2.9251E-01 2.8362E-01 7.1373E-02 0.0000E+00
 0.0000E+00 3.2745E-02 1.3858E-01 2.4934E-01 2.6731E-01 2.3741E-01 2.2696E-01 2.0613E-01 2.1828E-01 2.0041E-01 2.3509E-01 2.7869E-01 3.3338E-01 3.7240E-01 3.8673E-01 4.2616E-01 5.8182E-01 4.1850E-01 3.7028E-01 2.8517E-01 2.3335E-01 2.9153E-01 2.8681E-01 7.1926E-02 0.0000E+00
 0.0000E+00 3.2834E-02 1.3976E-01 2.5971E-01 2.6825E-01 2.4447E-01 2.2192E-01 2.0812E-01 2.2264E-01 2.0500E-01 2.4305E-01 2.8238E-01 3.3955E-01 3.7612E-01 3.9975E-01 4.2459E-01 5.8504E-01 4.2367E-01 3.7707E-01 2.8462E-01 2.3299E-01 3.0021E-01 2.9082E-01 7.1867E-02 0.0000E+00
 0.0000E+00 3.2245E-02 1.3859E-01 2.5310E-01 2.7150E-01 2.4363E-01 2.3191E-01 2.0507E-01 2.2200E-01 2.0444E-01 2.4890E-01 2.8163E-01 3.3122E-01 3.7122E-01 3.9829E-01 4.3266E-01 5.9186E-01 4.2293E-01 3.8695E-01 2.9076E-01 2.4221E-01 3.0404E-01 2.8512E-01 7.0594E-02 0.0000E+00
 0.0000E+00 3.2320E-02 1.3942E-01 2.5664E-01 2.7613E-01 2.4986E-01 2.3432E-01 2.1350E-01 2.2202E-01 2.0866E-01 2.4315E-01 2.8175E-01 3.3769E-01 3.7192E-01 4.0352E-01 4.2725E-01 5.9243E-01 4.2578E-01 3.7871E-01 3.0228E-01 2.5026E-01 3.0822E-01 2.8627E-01 7.0686E-02 0.0000E+00
 0.0000E+00 3.2092E-02 1.3952E-01 2.5755E-01 2.8321E-01 2.5587E-01 2.3541E-01 2.1330E-01 2.2461E-01 2.1147E-01 2.4925E-01 2.8265E-01 3.3094E-01 3.7610E-01 4.0601E-01 4.4053E-01 5.9344E-01 4.2626E-01 3.9097E-01 2.9973E-01 2.4526E-01 3.0984E-01 2.8519E-01 7.0431E-02 0.0000E+00
 0.0000E+00 3.1878E-02 1.3891E-01 2.5996E-01 2.7837E-01 2.5641E-01 2.3528E-01 2.1956E-01 2.3065E-01 2.1377E-01 2.5169E-01 2.8960E-01 3.3645E-01 3.8033E-01 4.0130E-01 4.2435E-01 6.0011E-01 4.3331E-01 3.7997E-01 3.0004E-01 2.5125E-01 3.1967E-01 2.8659E-01 6.9645E-02 0.0000E+00
 0.0000E+00 3.2055E-02 1.3740E-01 2.5784E-01 2.8294E-01 2.5667E-01 2.3904E-01 2.2277E-01 2.3420E-01 2.1722E-01 2.5178E-01 2.8601E-01 3.4260E-01 3.8073E-01 4.0398E-01 4.4506E-01 5.9724E-01 4.3221E-01 3.9080E-01 3.0418E-01 2.5998E-01 3.1546E-01 2.9099E-01 6.9880E-02 0.0000E+00
 0.0000E+00 3.1672E-02 1.3849E-01 2.6427E-01 2.8976E-01 2.6117E-01 2.4692E-01 2.2198E-01 2.3631E-01 2.1805E-01 2.5994E-01 2.8729E-01 3.3671E-01 3.7738E-01 4.0987E-01 4.4005E-01 6.0066E-01 4.3595E-01 3.9018E-01 3.0602E-01 2.5984E-01 3.2245E-01 2.9078E-01 7.0178E-02 0.0000E+00
 0.0000E+00 3.1414E-02 1.3670E-01 2.6498E-01 2.9138E-01 2.6291E-01 2.4304E-01 2.2677E-01 2.3786E-01 2.2454E-01 2.5543E-01 2.9641E-01 3.4380E-01 3.7699E-01 4.0763E-01 4.4562E-01 6.0023E-01 4.3153E-01 3.9959E-01 3.0654E-01 2.6255E-01 3.2628E-01 2.8877E-01 6.8304E-02 0.0000E+00
 0.0000E+00 3.1330E-02 1.3673E-01 2.6086E-01 2.9164E-01 2.6198E-01 2.4704E-01 2.2700E-01 2.4301E-01 2.2520E-01 2.6265E-01 3.0100E-01 3.5311E-01 3.8471E-01 4.1133E-01 4.4796E-01 6.0334E-01 4.3275E-01 3.9308E-01 3.1285E-01 2.6198E-01 3.2726E-01 2.8959E-01 6.8208E-02 0.0000E+00
 0.0000E+00 3.0949E-02 1.3508E-01 2.6261E-01 2.9260E-01 2.6818E-01 2.4889E-01 2.3415E-01 2.4086E-01 2.2822E-01 2.5932E-01 3.0093E-01 3.4907E-01 3.8666E-01 4.1706E-01 4.4754E-01 6.0987E-01 4.4142E-01 3.8450E-01 3.1509E-01 2.7366E-01 3.3914E-01 2.8764E-01 6.7426E-02 0.0000E+00
 0.0000E+00 3.0715E-02 1.3655E-01 2.6684E-01 2.9627E-01 2.7187E-01 2.4572E-01 2.3298E-01 2.3884E-01 2.3179E-01 2.6980E-01 2.9696E-01 3.5087E-01 3.9044E-01 4.0605E-01 4.4884E-01 6.0846E-01 4.3135E-01 3.9092E-01 3.1655E-01 2.7790E-01 3.4347E-01 2.8942E-01 6.7735E-02 0.0000E+00
 0.0000E+00 3.0671E-02 1.3441E-01 2.6542E-01 2.9898E-01 2.7426E-01 2.5130E-01 2.3307E-01 2.5038E-01 2.2814E-01 2.6415E-01 2.9972E-01 3.4645E-01 3.9448E-01 4.1706E-01 4.5071E-01 6.0403E-01 4.4585E-01 4.0194E-01 3.2562E-01 2.7811E-01 3.4498E-01 2.9136E-01 6.7839E-02 0.0000E+00
 0.0000E+00 3.0779E-02 1.3342E-01 2.6623E-01 3.0046E-01 2.7510E-01 2.5675E-01 2.3968E-01 2.5076E-01 2.3883E-01 2.7013E-01 3.0346E-01 3.5649E-01 3.9769E-01 4.1487E-01 4.5164E-01 6.0172E-01 4.4728E-01 4.0262E-01 3.2486E-01 2.8945E-01 3.4646E-01 2.8839E-01 6.7083E-02 0.0000E+00
 0.0000E+00 3.1034E-02 1.3519E-01 2.6407E-01 3.0109E-01 2.7761E-01 2.5923E-01 2.3731E-01 2.5677E-01 2.3755E-01 2.7371E-01 3.0627E-01 3.5057E-01 3.8876E-01 4.1835E-01 4.5489E-01 6.0659E-01 4.4875E-01 4.0491E-01 3.2429E-01 2.9087E-01 3.5228E-01 2.8902E-01 6.5728E-02 0.0000E+00
 0.0000E+00 3.0508E-02 1.3368E-01 2.6508E-01 3.0315E-01 2.8361E-01 2.5754E-01 2.4141E-01 2.5193E-01 2.3967E-01 2.7537E-01 3.0594E-01 3.6858E-01 3.9975E-01 4.1436E-01 4.5924E-01 6.0820E-01 4.4099E-01 4.0119E-01 3.3023E-01 2.8679E-01 3.5499E-01 2.8768E-01 6.6184E-02 0.0000E+00
 0.0000E+00 3.0128E-02 1.3165E-01 2.6733E-01 3.0692E-01 2.8628E-01 2.6166E-01 2.4095E-01 2.4745E-01 2.4583E-01 2.7873E-01 3.0965E-01 3.5655E-01 4.0552E-01 4.2717E-01 4.6731E-01 6.0595E-01 4.4682E-01 4.0266E-01 3.3794E-01 3.0471E-01 3.5694E-01 2.8960E-01 6.5551E-02 0.0000E+00
 0.0000E+00 2.9422E-02 1.3259E-01 2.6572E-01 3.1043E-01 2.9004E-01 2.6188E-01 2.4689E-01 2.6020E-01 2.4274E-01 2.7640E-01 3.1241E-01 3.5328E-01 3.9921E-01 4.2712E-01 4.6017E-01 6.1427E-01 4.4008E-01 4.0388E-01 3.3626E-01 3.0681E-01 3.6480E-01 2.8836E-01 6.5496E-02 0.0000E+00
 0.0000E+00 2.9559E-02 1.3156E-01 2.6851E-01 3.1285E-01 2.8988E-01 2.6633E-01 2.5091E-01 2.6411E-01 2.4571E-01 2.8091E-01 3.1358E-01 3.6403E-01 3.9339E-01 4.2580E-01 4.6153E-01 6.2088E-01 4.5002E-01 4.1464E-01 3.4454E-01 3.0980E-01 3.7416E-01 2.9056E-01 6.4305E-02 0.0000E+00
 0.0000E+00 2.9067E-02 1.3152E-01 2.6734E-01 3.1434E-01 2.9405E-01 2.6943E-01 2.5508E-01 2.5970E-01 2.4992E-01 2.8304E-01 3.1778E-01 3.7103E-01 4.0606E-01 4.2258E-01 4.6417E-01 6.2106E-01 4.5646E-01 4.1825E-01 3.3606E-01 3.0933E-01 3.7130E-01 2.8827E-01 6.4497E-02 0.0000E+00
 0.0000E+00 2.9019E-02 1.3030E-01 2.7145E-01 3.0952E-01 2.9991E-01 2.6991E-01 2.4913E-01 2.6700E-01 2.5488E-01 2.9144E-01 3.2429E-01 3.6289E-01 4.0387E-01 4.2418E-01 4.6710E-01 6.1197E-01 4.5226E-01 4.1419E-01 3.5289E-01 3.1096E-01 3.8000E-01 2.8778E-01 6.4715E-02 0.0000E+00
 0.0000E+00 2.8837E-02 1.2890E-01 2.7178E-01 3.1855E-01 2.9986E-01 2.7815E-01 2.6065E-01 2.6540E-01 2.6051E-01 2.9146E-01 3.1995E-01 3.6826E-01 4.0278E-01 4.2955E-01 4.7208E-01 6.1844E-01 4.5173E-01 4.1490E-01 3.4690E-01 3.1740E-01 3.8159E-01 2.8455E-01 6.3686E-02 0.0000E+00
 0.0000E+00 2.9122E-02 1.3030E-01 2.6920E-01 3.1966E-01 3.0217E-01 2.8232E-01 2.6119E-01 2.7219E-01 2.6259E-01 2.9774E-01 3.1562E-01 3.6919E-01 4.1062E-01 4.3072E-01 4.7059E-01 6.1611E-01 4.6147E-01 4.2213E-01 3.4822E-01 3.3257E-01 3.8024E-01 2.8765E-01 6.3101E-02 0.0000E+00
 0.0000E+00 2.8504E-02 1.2856E-01 2.6997E-01 3.2179E-01 3.0371E-01 2.8557E-01 2.6576E-01 2.7389E-01 2.6383E-01 2.9276E-01 3.2778E-01 3.7400E-01 4.0529E-01 4.2750E-01 4.6707E-01 6.2414E-01 4.6379E-01 4.3325E-01 3.5529E-01 3.2926E-01 3.9538E-01 2.8842E-01 6.2380E-02 0.0000E+00
 0.0000E+00 2.8273E-02 1.2998E-01 2.6958E-01 3.2061E-01 3.1248E-01 2.8514E-01 2.6934E-01 2.8078E-01 2.6964E-01 3.0432E-01 3.3156E-01 3.7214E-01 3.9520E-01 4.3211E-01 4.7850E-01 6.3409E-01 4.6239E-01 4.2745E-01 3.7099E-01 3.3250E-01 3.9467E-01 2.9052E-01 6.2965E-02 0.0000E+00
 0.0000E+00 2.8282E-02 1.2629E-01 2.7022E-01 3.2726E-01 3.0873E-01 2.8611E-01 2.6957E-01 2.8390E-01 2.6943E-01 3.0292E-01 3.3176E-01 3.7300E-01 4.1434E-01 4.4018E-01 4.7677E-01 6.2555E-01 4.5776E-01 4.3157E-01 3.6630E-01 3.3327E-01 4.0083E-01 2.8849E-01 6.2601E-02 0.0000E+00
 0.0000E+00 2.8446E-02 1.2683E-01 2.7387E-01 3.2713E-01 3.1935E-01 2.9287E-01 2.7946E-01 2.8700E-01 2.7314E-01 3.0549E-01 3.3920E-01 3.8556E-01 4.1668E-01 4.4080E-01 4.6787E-01 6.4238E-01 4.6738E-01 4.2401E-01 3.6204E-01 3.4070E-01 4.0196E-01 2.8815E-01 6.2382E-02 0.0000E+00
 0.0000E+00 2.7650E-02 1.2647E-01 2.6881E-01 3.3130E-01 3.1859E-01 2.9238E-01 2.7435E-01 2.8856E-01 2.7502E-01 3.0616E-01 3.3948E-01 3.8536E-01 4.1850E-01 4.4035E-01 4.7810E-01 6.3562E-01 4.6964E-01 4.4158E-01 3.6606E-01 3.5288E-01 4.0573E-01 2.8536E-01 6.1543E-02 0.0000E+00
 0.0000E+00 2.7458E-02 1.2524E-01 2.7431E-01 3.3234E-01 3.1953E-01 2.9652E-01 2.8151E-01 2.9043E-01 2.7701E-01 3.0899E-01 3.4495E-01 3.7716E-01 4.0856E-01 4.4111E-01 4.8048E-01 6.3021E-01 4.6603E-01 4.4034E-01 3.7716E-01 3.5905E-01 4.1054E-01 2.8678E-01 6.1447E-02 0.0000E+00
 0.0000E+00 2.7285E-02 1.2524E-01 2.6914E-01 3.3619E-01 3.2227E-01 3.0091E-01 2.8030E-01 2.9912E-01 2.7929E-01 3.1054E-01 3.4695E-01 3.8382E-01 4.2260E-01 4.4840E-01 4.8642E-01 6.4376E-01 4.7140E-01 4.3616E-01 3.8274E-01 3.6206E-01 4.1129E-01 2.8145E-01 6.0513E-02 0.0000E+00
 0.0000E+00 2.6765E-02 1.2240E-01 2.7237E-01 3.3787E-01 3.2967E-01 3.0365E-01 2.8351E-01 3.0080E-01 2.8992E-01 3.1352E-01 3.4883E-01 3.9572E-01 4.2632E-01 4.4976E-01 4.7029E-01 6.3222E-01 4.7058E-01 4.3970E-01 3.7778E-01 3.6627E-01 4.2080E-01 2.8396E-01 5.9273E-02 0.0000E+00
 0.0000E+00 2.6375E-02 1.2386E-01 2.7336E-01 3.4011E-01 3.2545E-01 3.0301E-01 2.8831E-01 2.9531E-01 2.9309E-01 3.1483E-01 3.5673E-01 3.8733E-01 4.2619E-01 4.5372E-01 4.7970E-01 6.2848E-01 4.7419E-01 4.4060E-01 3.9098E-01 3.7323E-01 4.2487E-01 2.8268E-01 5.9144E-02 0.0000E+00
 0.0000E+00 2.6872E-02 1.2369E-01 2.7018E-01 3.3947E-01 3.3214E-01 3.0153E-01 2.9341E-01 3.0442E-01 2.9959E-01 3.2843E-01 3.5301E-01 3.9335E-01 4.2879E-01 4.5174E-01 4.9908E-01 6.3510E-01 4.7251E-01 4.4499E-01 3.9539E-01 3.7106E-01 4.2651E-01 2.8694E-01 5.9285E-02 0.0000E+00
 0.0000E+00 2.6462E-02 1.2171E-01 2.7383E-01 3.3749E-01 3.3415E-01 3.0861E-01 2.9389E-01 3.1027E-01 2.9170E-01 3.2309E-01 3.5395E-01 3.8586E-01 4.2173E-01 4.5148E-01 4.8666E-01 6.4298E-01 4.8508E-01 4.5174E-01 3.9315E-01 3.7485E-01 4.2416E-01 2.8354E-01 5.8691E-02 0.0000E+00
 0.0000E+00 2.5858E-02 1.2182E-01 2.6757E-01 3.4146E-01 3.3643E-01 3.1534E-01 2.9811E-01 3.0923E-01 2.9484E-01 3.2796E-01 3.5462E-01 3.9604E-01 4.3155E-01 4.6249E-01 4.9124E-01 6.5291E-01 4.7763E-01 4.4164E-01 3.9694E-01 3.8145E-01 4.3407E-01 2.8030E-01 5.8027E-02 0.0000E+00
 0.0000E+00 2.6183E-02 1.2080E-01 2.6880E-01 3.4548E-01 3.4033E-01 3.1549E-01 2.9966E-01 3.0902E-01 3.0454E-01 3.2800E-01 3.5981E-01 4.0078E-01 4.3314E-01 4.5119E-01 4.9577E-01 6.3285E-01 4.8358E-01 4.5178E-01 4.0245E-01 3.8283E-01 4.3426E-01 2.8137E-01 5.7292E-02 0.0000E+00
 0.0000E+00 2.5690E-02 1.2042E-01 2.7107E-01 3.4755E-01 3.4367E-01 3.1698E-01 3.0496E-01 3.0962E-01 3.0224E-01 3.3216E-01 3.5612E-01 4.0495E-01 4.3127E-01 4.5463E-01 4.9172E-01 6.3869E-01 4.7745E-01 4.6201E-01 4.0759E-01 3.8866E-01 4.3867E-01 2.7922E-01 5.7475E-02 0.0000E+00
 0.0000E+00 2.5937E-02 1.1846E-01 2.6996E-01 3.4971E-01 3.4238E-01 3.2158E-01 3.0345E-01 3.1973E-01 3.0953E-01 3.3605E-01 3.6755E-01 4.0933E-01 4.4262E-01 4.6416E-01 4.9868E-01 6.4459E-01 4.9358E-01 4.6649E-01 4.1500E-01 4.0082E-01 4.4126E-01 2.7935E-01 5.7083E-02 0.0000E+00
 0.0000E+00 2.5346E-02 1.1711E-01 2.7009E-01 3.4701E-01 3.4718E-01 3.2229E-01 3.1037E-01 3.1887E-01 3.0980E-01 3.3739E-01 3.5966E-01 4.0822E-01 4.3726E-01 4.5477E-01 4.9641E-01 6.5121E-01 4.8025E-01 4.5468E-01 4.0969E-01 4.0637E-01 4.4066E-01 2.7840E-01 5.5804E-02 0.0000E+00
 0.0000E+00 2.5625E-02 1.1792E-01 2.7209E-01 3.4951E-01 3.5280E-01 3.2556E-01 3.1453E-01 3.2539E-01 3.1710E-01 3.4306E-01 3.6919E-01 4.1078E-01 4.3501E-01 4.6688E-01 5.0638E-01 6.5547E-01 4.8984E-01 4.6593E-01 4.1386E-01 4.0429E-01 4.5182E-01 2.7768E-01 5.6421E-02 0.0000E+00
 0.0000E+00 2.5186E-02 1.2078E-01 2.7054E-01 3.5063E-01 3.5624E-01 3.3015E-01 3.2124E-01 3.3273E-01 3.2474E-01 3.4976E-01 3.7981E-01 4.1413E-01 4.4087E-01 4.6516E-01 5.0998E-01 6.3976E-01 5.0340E-01 4.5599E-01 4.2627E-01 4.0621E-01 4.5123E-01 2.7741E-01 5.5727E-02 0.0000E+00
 0.0000E+00 2.4837E-02 1.1722E-01 2.6784E-01 3.5567E-01 3.5684E-01 3.3455E-01 3.2061E-01 3.2976E-01 3.2871E-01 3.4857E-01 3.7736E-01 4.1435E-01 4.3599E-01 4.7715E-01 4.9463E-01 6.5397E-01 4.9401E-01 4.6790E-01 4.1688E-01 4.1333E-01 4.5196E-01 2.7485E-01 5.4795E-02 0.0000E+00
 0.0000E+00 2.4663E-02 1.1597E-01 2.6521E-01 3.5618E-01 3.6208E-01 3.4427E-01 3.2182E-01 3.2929E-01 3.3244E-01 3.4733E-01 3.7161E-01 4.1999E-01 4.5445E-01 4.8052E-01 5.0681E-01 6.5282E-01 4.9681E-01 4.6717E-01 4.3254E-01 4.2556E-01 4.6231E-01 2.7672E-01 5.4460E-02 0.0000E+00
 0.0000E+00 2.4600E-02 1.1466E-01 2.6950E-01 3.5787E-01 3.6606E-01 3.4096E-01 3.1554E-01 3.3012E-01 3.3124E-01 3.5253E-01 3.8279E-01 4.2586E-01 4.4746E-01 4.6920E-01 5.1131E-01 6.3694E-01 5.0411E-01 4.6491E-01 4.1981E-01 4.2155E-01 4.6560E-01 2.7753E-01 5.4477E-02 0.0000E+00
 0.0000E+00 2.4242E-02 1.1470E-01 2.6886E-01 3.5910E-01 3.6734E-01 3.3955E-01 3.2680E-01 3.3890E-01 3.3951E-01 3.5362E-01 3.8565E-01 4.2200E-01 4.5944E-01 4.6531E-01 5.1994E-01 6.4341E-01 5.0030E-01 4.7199E-01 4.3213E-01 4.1878E-01 4.6463E-01 2.7650E-01 5.3543E-02 0.0000E+00
 0.0000E+00 2.3878E-02 1.1414E-01 2.6681E-01 3.5831E-01 3.6743E-01 3.4239E-01 3.3179E-01 3.4405E-01 3.3380E-01 3.6140E-01 3.8912E-01 4.2580E-01 4.5337E-01 4.7787E-01 5.3628E-01 6.5512E-01 5.0765E-01 4.7515E-01 4.3316E-01 4.3694E-01 4.6768E-01 2.7247E-01 5.2777E-02 0.0000E+00
 0.0000E+00 2.3590E-02 1.1091E-01 2.6698E-01 3.5656E-01 3.7224E-01 3.4376E-01 3.2882E-01 3.3890E-01 3.4658E-01 3.6550E-01 3.9420E-01 4.2169E-01 4.6048E-01 4.7331E-01 5.2450E-01 6.4991E-01 5.0763E-01 4.8190E-01 4.4491E-01 4.3477E-01 4.7306E-01 2.7264E-01 5.3095E-02 0.0000E+00
 0.0000E+00 2.3654E-02 1.1080E-01 2.6547E-01 3.6985E-01 3.7805E-01 3.5503E-01 3.4208E-01 3.5311E-01 3.4704E-01 3.6561E-01 3.9867E-01 4.3069E-01 4.5976E-01 4.7687E-01 5.2599E-01 6.6939E-01 5.0439E-01 4.7853E-01 4.4884E-01 4.4269E-01 4.7533E-01 2.7241E-01 5.2746E-02 0.0000E+00
 0.0000E+00 2.3342E-02 1.1245E-01 2.6315E-01 3.6733E-01 3.7531E-01 3.5465E-01 3.4269E-01 3.5171E-01 3.5063E-01 3.6691E-01 3.8878E-01 4.3084E-01 4.5832E-01 4.8303E-01 5.1408E-01 6.5806E-01 5.1030E-01 4.8414E-01 4.4703E-01 4.4444E-01 4.7836E-01 2.6962E-01 5.2041E-02 0.0000E+00
 0.0000E+00 2.2802E-02 1.1141E-01 2.6386E-01 3.6394E-01 3.7872E-01 3.6129E-01 3.4079E-01 3.4710E-01 3.5804E-01 3.7196E-01 4.0050E-01 4.3235E-01 4.6611E-01 4.8212E-01 5.2384E-01 6.6741E-01 5.1399E-01 4.8235E-01 4.5117E-01 4.5668E-01 4.7965E-01 2.6981E-01 5.1426E-02 0.0000E+00
 0.0000E+00 2.2588E-02 1.1139E-01 2.6225E-01 3.6520E-01 3.7965E-01 3.5815E-01 3.4964E-01 3.5575E-01 3.5511E-01 3.7491E-01 4.1009E-01 4.4231E-01 4.6299E-01 4.9055E-01 5.2298E-01 6.6211E-01 5.1579E-01 5.0871E-01 4.5718E-01 4.5555E-01 4.8582E-01 2.6519E-01 5.1061E-02 0.0000E+00
 0.0000E+00 2.2482E-02 1.0939E-01 2.6421E-01 3.7295E-01 3.8889E-01 3.6694E-01 3.4858E-01 3.6058E-01 3.5420E-01 3.8265E-01 4.0382E-01 4.4384E-01 4.6962E-01 4.8797E-01 5.2853E-01 6.5526E-01 5.2368E-01 4.8713E-01 4.5784E-01 4.6993E-01 4.8467E-01 2.6626E-01 5.0550E-02 0.0000E+00
 0.0000E+00 2.2265E-02 1.0802E-01 2.6135E-01 3.6326E-01 3.8933E-01 3.6382E-01 3.5939E-01 3.6086E-01 3.6295E-01 3.8314E-01 4.0318E-01 4.3957E-01 4.6392E-01 4.8487E-01 5.3452E-01 6.6859E-01 5.3551E-01 4.8907E-01 4.6087E-01 4.6389E-01 4.8319E-01 2.6236E-01 5.0068E-02 0.0000E+00
 0.0000E+00 2.2451E-02 1.0820E-01 2.5773E-01 3.6916E-01 3.8897E-01 3.7060E-01 3.6461E-01 3.6494E-01 3.6465E-01 3.8395E-01 4.1541E-01 4.4543E-01 4.8330E-01 4.9724E-01 5.4361E-01 6.6626E-01 5.3141E-01 4.9819E-01 4.7205E-01 4.7274E-01 4.9487E-01 2.6530E-01 4.9623E-02 0.0000E+00
 0.0000E+00 2.2040E-02 1.0631E-01 2.5869E-01 3.6691E-01 3.9909E-01 3.6701E-01 3.6359E-01 3.6552E-01 3.7390E-01 3.8293E-01 4.1719E-01 4.5123E-01 4.7516E-01 4.9392E-01 5.3737E-01 6.5457E-01 5.2859E-01 5.0288E-01 4.7291E-01 4.8045E-01 4.9398E-01 2.5932E-01 4.9408E-02 0.0000E+00
 0.0000E+00 2.1830E-02 1.0608E-01 2.5945E-01 3.7394E-01 3.9524E-01 3.7400E-01 3.6946E-01 3.7275E-01 3.7060E-01 3.9267E-01 4.2150E-01 4.5249E-01 4.7977E-01 4.9862E-01 5.5035E-01 6.6185E-01 5.2292E-01 5.0258E-01 4.7204E-01 4.7253E-01 4.8717E-01 2.5847E-01 4.9322E-02 0.0000E+00
 0.0000E+00 2.1555E-02 1.0434E-01 2.5661E-01 3.7241E-01 4.0001E-01 3.7897E-01 3.6871E-01 3.8009E-01 3.7662E-01 3.9586E-01 4.2955E-01 4.5256E-01 4.7930E-01 4.9946E-01 5.3346E-01 6.6116E-01 5.3261E-01 5.0181E-01 4.8250E-01 4.8760E-01 4.9480E-01 2.5846E-01 4.7907E-02 0.0000E+00
 0.0000E+00 2.1620E-02 1.0414E-01 2.5612E-01 3.7669E-01 3.9693E-01 3.7650E-01 3.7550E-01 3.7742E-01 3.8208E-01 3.9521E-01 4.3601E-01 4.5076E-01 4.8585E-01 5.0982E-01 5.3593E-01 6.5711E-01 5.3085E-01 5.1003E-01 4.7860E-01 4.9290E-01 4.9448E-01 2.6130E-01 4.8323E-02 0.0000E+00
 0.0000E+00 2.1280E-02 1.0331E-01 2.6036E-01 3.7493E-01 4.0644E-01 3.8162E-01 3.8168E-01 3.8167E-01 3.8394E-01 4.0599E-01 4.3884E-01 4.6392E-01 4.8313E-01 5.2005E-01 5.5675E-01 6.7514E-01 5.3869E-01 5.0532E-01 4.8685E-01 4.9371E-01 5.0231E-01 2.5374E-01 4.7647E-02 0.0000E+00
 0.0000E+00 2.1648E-02 1.0393E-01 2.5532E-01 3.7564E-01 4.0016E-01 3.8753E-01 3.8074E-01 3.8659E-01 3.9532E-01 3.9953E-01 4.3323E-01 4.5051E-01 4.8897E-01 5.0858E-01 5.4865E-01 6.6522E-01 5.3811E-01 5.1315E-01 4.8622E-01 4.9717E-01 5.0068E-01 2.5393E-01 4.7041E-02 0.0000E+00
 0.0000E+00 2.1234E-02 1.0059E-01 2.5738E-01 3.7712E-01 4.1017E-01 3.8728E-01 3.8640E-01 3.9253E-01 3.8743E-01 4.0617E-01 4.3068E-01 4.6253E-01 4.8776E-01 5.1415E-01 5.4497E-01 6.6778E-01 5.3839E-01 5.1795E-01 5.0278E-01 5.0232E-01 5.0174E-01 2.5360E-01 4.6773E-02 0.0000E+00
 0.0000E+00 2.0719E-02 1.0173E-01 2.5304E-01 3.7801E-01 4.1288E-01 3.9077E-01 3.8614E-01 3.9258E-01 3.9936E-01 4.1821E-01 4.3033E-01 4.6397E-01 4.9265E-01 5.1164E-01 5.5302E-01 6.6390E-01 5.4179E-01 5.0764E-01 5.0638E-01 5.0975E-01 5.0735E-01 2.5357E-01 4.5782E-02 0.0000E+00
 0.0000E+00 2.0378E-02 1.0015E-01 2.5617E-01 3.7857E-01 4.1259E-01 3.9194E-01 3.8594E-01 3.9359E-01 4.0169E-01 4.0860E-01 4.4123E-01 4.7828E-01 5.0125E-01 5.1472E-01 5.5893E-01 6.6758E-01 5.4887E-01 5.2880E-01 5.0400E-01 5.0988E-01 4.9834E-01 2.5061E-01 4.6103E-02 0.0000E+00
 0.0000E+00 2.0430E-02 9.9589E-02 2.5037E-01 3.7644E-01 4.1315E-01 3.9770E-01 4.0233E-01 3.9422E-01 4.0711E-01 4.1377E-01 4.4474E-01 4.6914E-01 4.9664E-01 5.1422E-01 5.6645E-01 6.7218E-01 5.5192E-01 5.3242E-01 5.1003E-01 5.1889E-01 5.0939E-01 2.4727E-01 4.4767E-02 0.0000E+00
 0.0000E+00 2.0301E-02 9.8570E-02 2.5018E-01 3.7953E-01 4.1425E-01 3.9878E-01 3.9999E-01 3.9497E-01 4.0579E-01 4.2838E-01 4.4488E-01 4.7449E-01 5.0038E-01 5.1888E-01 5.6693E-01 6.7471E-01 5.5055E-01 5.1330E-01 5.1455E-01 5.2360E-01 5.0810E-01 2.4926E-01 4.4918E-02 0.0000E+00
 0.0000E+00 2.0259E-02 9.7566E-02 2.4761E-01 3.7981E-01 4.2484E-01 4.0619E-01 3.9127E-01 4.0380E-01 4.1288E-01 4.2558E-01 4.5078E-01 4.7849E-01 5.0444E-01 5.2012E-01 5.5907E-01 6.8055E-01 5.3894E-01 5.3283E-01 5.1477E-01 5.3078E-01 5.1182E-01 2.4665E-01 4.3794E-02 0.0000E+00
 0.0000E+00 1.9927E-02 9.6871E-02 2.4925E-01 3.7939E-01 4.2675E-01 4.0778E-01 4.0525E-01 4.0737E-01 4.2093E-01 4.3017E-01 4.6120E-01 4.8178E-01 5.1725E-01 5.1837E-01 5.6237E-01 6.7362E-01 5.5467E-01 5.2594E-01 5.2104E-01 5.3147E-01 5.1539E-01 2.4425E-01 4.4450E-02 0.0000E+00
 0.0000E+00 1.9592E-02 9.6173E-02 2.4787E-01 3.8290E-01 4.1920E-01 4.0807E-01 4.0759E-01 4.0792E-01 4.2006E-01 4.3382E-01 4.5647E-01 4.8219E-01 5.1096E-01 5.2064E-01 5.7538E-01 6.7198E-01 5.5416E-01 5.2869E-01 5.2328E-01 5.3235E-01 5.1613E-01 2.4535E-01 4.3306E-02 0.0000E+00
 0.0000E+00 1.9506E-02 9.4556E-02 2.4845E-01 3.8405E-01 4.2077E-01 4.1262E-01 4.1314E-01 4.1132E-01 4.2239E-01 4.3896E-01 4.6138E-01 4.9007E-01 5.1841E-01 5.3426E-01 5.7367E-01 6.7189E-01 5.5192E-01 5.3590E-01 5.2592E-01 5.3681E-01 5.1108E-01 2.4139E-01 4.3564E-02 0.0000E+00
 0.0000E+00 1.9345E-02 9.4100E-02 2.4783E-01 3.7809E-01 4.2674E-01 4.1187E-01 4.1062E-01 4.0700E-01 4.2980E-01 4.3830E-01 4.6048E-01 4.8063E-01 5.1504E-01 5.3507E-01 5.8012E-01 6.6925E-01 5.5701E-01 5.5262E-01 5.3264E-01 5.3623E-01 5.1447E-01 2.4029E-01 4.2162E-02 0.0000E+00
 0.0000E+00 1.8516E-02 9.4962E-02 2.4323E-01 3.7615E-01 4.3465E-01 4.1321E-01 4.1929E-01 4.1923E-01 4.3201E-01 4.3223E-01 4.7467E-01 4.9632E-01 5.0189E-01 5.2936E-01 5.8279E-01 6.6997E-01 5.6752E-01 5.4239E-01 5.2842E-01 5.4591E-01 5.1320E-01 2.3889E-01 4.2385E-02 0.0000E+00
 0.0000E+00 1.9011E-02 9.3197E-02 2.4297E-01 3.8388E-01 4.3153E-01 4.1118E-01 4.1904E-01 4.2047E-01 4.3771E-01 4.4514E-01 4.7389E-01 4.9852E-01 5.1419E-01 5.3937E-01 5.8071E-01 6.6905E-01 5.7383E-01 5.4989E-01 5.4195E-01 5.5314E-01 5.1485E-01 2.3554E-01 4.2029E-02 0.0000E+00
 0.0000E+00 1.8773E-02 9.2694E-02 2.4142E-01 3.8158E-01 4.3131E-01 4.2361E-01 4.2537E-01 4.2277E-01 4.3499E-01 4.4895E-01 4.7462E-01 4.9628E-01 5.1920E-01 5.4144E-01 5.7543E-01 6.8001E-01 5.6897E-01 5.4967E-01 5.4133E-01 5.5384E-01 5.1822E-01 2.3546E-01 4.1245E-02 0.0000E+00
 0.0000E+00 1.8476E-02 9.2329E-02 2.4329E-01 3.8248E-01 4.3819E-01 4.2362E-01 4.2428E-01 4.3411E-01 4.3847E-01 4.5182E-01 4.8096E-01 5.1143E-01 5.1795E-01 5.3578E-01 5.9361E-01 6.6916E-01 5.6851E-01 5.4910E-01 5.4660E-01 5.5447E-01 5.1854E-01 2.3306E-01 4.1672E-02 0.0000E+00
 0.0000E+00 1.8306E-02 9.1942E-02 2.3854E-01 3.7997E-01 4.3607E-01 4.2852E-01 4.2627E-01 4.3249E-01 4.4274E-01 4.4974E-01 4.8396E-01 5.0598E-01 5.2918E-01 5.4405E-01 5.8734E-01 6.7917E-01 5.7337E-01 5.5347E-01 5.5353E-01 5.6351E-01 5.2063E-01 2.3318E-01 4.0695E-02 0.0000E+00
 0.0000E+00 1.8263E-02 9.0190E-02 2.3873E-01 3.8305E-01 4.3687E-01 4.2149E-01 4.3182E-01 4.3139E-01 4.5574E-01 4.5949E-01 4.8161E-01 5.0228E-01 5.3471E-01 5.4639E-01 5.8393E-01 6.7975E-01 5.7220E-01 5.4899E-01 5.5030E-01 5.6314E-01 5.2202E-01 2.3223E-01 3.9999E-02 0.0000E+00
 0.0000E+00 1.7707E-02 8.8375E-02 2.3458E-01 3.8226E-01 4.3441E-01 4.2895E-01 4.4072E-01 4.3854E-01 4.4966E-01 4.6147E-01 4.8434E-01 5.0297E-01 5.3413E-01 5.4572E-01 5.8228E-01 6.6833E-01 5.6754E-01 5.6207E-01 5.5272E-01 5.7069E-01 5.2124E-01 2.3315E-01 3.9960E-02 0.0000E+00
 0.0000E+00 1.7531E-02 8.9017E-02 2.3707E-01 3.8189E-01 4.4369E-01 4.3322E-01 4.4130E-01 4.4209E-01 4.6265E-01 4.5825E-01 4.8156E-01 5.2366E-01 5.2619E-01 5.5456E-01 5.8998E-01 6.7647E-01 5.8075E-01 5.5597E-01 5.4701E-01 5.7411E-01 5.1701E-01 2.3009E-01 4.0109E-02 0.0000E+00
 0.0000E+00 1.7610E-02 8.6683E-02 2.3398E-01 3.8114E-01 4.4014E-01 4.3218E-01 4.4286E-01 4.3729E-01 4.5477E-01 4.5932E-01 4.8903E-01 5.1901E-01 5.3957E-01 5.4589E-01 5.9981E-01 6.6720E-01 5.7629E-01 5.6252E-01 5.6576E-01 5.8427E-01 5.2563E-01 2.2550E-01 3.8818E-02 0.0000E+00
 0.0000E+00 1.7503E-02 8.7139E-02 2.3336E-01 3.8080E-01 4.4586E-01 4.3991E-01 4.5129E-01 4.4327E-01 4.6139E-01 4.7136E-01 4.9374E-01 5.1760E-01 5.3297E-01 5.5269E-01 5.8785E-01 6.7949E-01 5.7370E-01 5.6141E-01 5.6462E-01 5.8958E-01 5.2322E-01 2.2343E-01 3.8628E-02 0.0000E+00
 0.0000E+00 1.7341E-02 8.6066E-02 2.3267E-01 3.7694E-01 4.4746E-01 4.3847E-01 4.4922E-01 4.4528E-01 4.6284E-01 4.7513E-01 5.0041E-01 5.1425E-01 5.4131E-01 5.6089E-01 5.8899E-01 6.6459E-01 5.9125E-01 5.7021E-01 5.7315E-01 5.7972E-01 5.1976E-01 2.2214E-01 3.8765E-02 0.0000E+00
 0.0000E+00 1.7029E-02 8.5138E-02 2.3332E-01 3.7959E-01 4.4752E-01 4.4099E-01 4.5443E-01 4.5499E-01 4.6410E-01 4.7584E-01 4.9237E-01 5.2807E-01 5.4357E-01 5.6289E-01 6.0461E-01 6.7742E-01 5.9624E-01 5.6914E-01 5.6833E-01 5.9131E-01 5.1818E-01 2.1997E-01 3.7789E-02 0.0000E+00
 0.0000E+00 1.6718E-02 8.5941E-02 2.3021E-01 3.7812E-01 4.4603E-01 4.4776E-01 4.5389E-01 4.4942E-01 4.6961E-01 4.8217E-01 4.9880E-01 5.2713E-01 5.5051E-01 5.6989E-01 6.0802E-01 6.7805E-01 5.8515E-01 5.6918E-01 5.7737E-01 6.0011E-01 5.2054E-01 2.2023E-01 3.7643E-02 0.0000E+00
 0.0000E+00 1.6757E-02 8.3226E-02 2.2865E-01 3.7990E-01 4.4911E-01 4.4647E-01 4.5397E-01 4.5893E-01 4.7524E-01 4.8248E-01 5.1049E-01 5.2950E-01 5.5406E-01 5.7132E-01 6.1405E-01 6.8383E-01 5.9400E-01 5.6884E-01 5.8127E-01 5.9165E-01 5.1851E-01 2.1811E-01 3.7074E-02 0.0000E+00
 0.0000E+00 1.6175E-02 8.2056E-02 2.2993E-01 3.8667E-01 4.5152E-01 4.5217E-01 4.6235E-01 4.6232E-01 4.8289E-01 4.8361E-01 5.0467E-01 5.3310E-01 5.4973E-01 5.7734E-01 6.0800E-01 6.8542E-01 5.9940E-01 5.8045E-01 5.8551E-01 6.0310E-01 5.1792E-01 2.1740E-01 3.7458E-02 0.0000E+00
 0.0000E+00 1.6486E-02 8.2059E-02 2.2379E-01 3.7543E-01 4.5340E-01 4.5253E-01 4.6462E-01 4.5958E-01 4.8523E-01 4.8890E-01 5.1618E-01 5.3798E-01 5.4949E-01 5.7115E-01 6.0802E-01 6.7952E-01 5.9693E-01 5.6811E-01 5.7694E-01 5.9212E-01 5.1733E-01 2.1319E-01 3.6303E-02 0.0000E+00
 0.0000E+00 1.5961E-02 8.0986E-02 2.2505E-01 3.7888E-01 4.5312E-01 4.5825E-01 4.6283E-01 4.6904E-01 4.8570E-01 4.9105E-01 5.0497E-01 5.3830E-01 5.4992E-01 5.6612E-01 6.2505E-01 6.8050E-01 6.0059E-01 5.8207E-01 5.8161E-01 6.0409E-01 5.1821E-01 2.1227E-01 3.5801E-02 0.0000E+00
 0.0000E+00 1.6037E-02 7.9662E-02 2.2227E-01 3.7474E-01 4.5516E-01 4.5586E-01 4.6861E-01 4.6808E-01 4.8516E-01 4.9417E-01 5.1535E-01 5.4047E-01 5.6018E-01 5.6867E-01 6.0738E-01 6.7299E-01 6.1387E-01 5.9424E-01 5.9507E-01 6.0643E-01 5.2033E-01 2.0961E-01 3.5043E-02 0.0000E+00
 0.0000E+00 1.5768E-02 8.0744E-02 2.2040E-01 3.7713E-01 4.5599E-01 4.5812E-01 4.7640E-01 4.7491E-01 4.8980E-01 4.9386E-01 5.2329E-01 5.3874E-01 5.6929E-01 5.9131E-01 6.0904E-01 6.7054E-01 6.0204E-01 5.7324E-01 5.9936E-01 6.1761E-01 5.1414E-01 2.0942E-01 3.5033E-02 0.0000E+00
 0.0000E+00 1.5639E-02 7.8228E-02 2.1796E-01 3.7365E-01 4.6203E-01 4.6678E-01 4.7603E-01 4.7115E-01 4.9403E-01 5.0162E-01 5.3219E-01 5.4285E-01 5.6613E-01 5.8372E-01 6.0808E-01 6.8136E-01 6.0118E-01 5.9433E-01 5.9661E-01 6.2415E-01 5.1760E-01 2.0473E-01 3.4483E-02 0.0000E+00
 0.0000E+00 1.5573E-02 7.8580E-02 2.1379E-01 3.7381E-01 4.5911E-01 4.6669E-01 4.7301E-01 4.8503E-01 4.9900E-01 5.0458E-01 5.2532E-01 5.5254E-01 5.6131E-01 5.8283E-01 6.1319E-01 6.8608E-01 6.0413E-01 5.9187E-01 5.9833E-01 6.2097E-01 5.1067E-01 2.0180E-01 3.4469E-02 0.0000E+00
 0.0000E+00 1.5434E-02 7.7363E-02 2.1468E-01 3.7287E-01 4.6192E-01 4.6517E-01 4.7969E-01 4.7851E-01 5.0606E-01 5.1585E-01 5.3485E-01 5.5156E-01 5.7756E-01 5.8966E-01 6.3084E-01 6.8473E-01 5.9838E-01 5.9514E-01 6.0227E-01 6.2831E-01 5.1299E-01 2.0268E-01 3.3476E-02 0.0000E+00
 0.0000E+00 1.5333E-02 7.6825E-02 2.1833E-01 3.6881E-01 4.6007E-01 4.6709E-01 4.8213E-01 4.7605E-01 5.0377E-01 5.0076E-01 5.3234E-01 5.4379E-01 5.6598E-01 5.8976E-01 6.1847E-01 6.8058E-01 6.1593E-01 5.9838E-01 6.1205E-01 6.2218E-01 5.1641E-01 1.9949E-01 3.2747E-02 0.0000E+00
 0.0000E+00 1.5141E-02 7.5957E-02 2.1270E-01 3.7000E-01 4.5927E-01 4.6997E-01 4.8186E-01 4.8416E-01 5.1072E-01 5.0930E-01 5.4081E-01 5.5120E-01 5.8062E-01 5.9365E-01 6.2164E-01 6.8838E-01 6.1517E-01 6.0929E-01 6.0624E-01 6.2693E-01 5.1547E-01 1.9688E-01 3.3300E-02 0.0000E+00
 0.0000E+00 1.4794E-02 7.4988E-02 2.1351E-01 3.7042E-01 4.6258E-01 4.6738E-01 4.8178E-01 4.8053E-01 5.0565E-01 5.1655E-01 5.4031E-01 5.5337E-01 5.7214E-01 5.9783E-01 6.4054E-01 6.8044E-01 6.0810E-01 6.0156E-01 6.1515E-01 6.3082E-01 5.1606E-01 1.9670E-01 3.2829E-02 0.0000E+00
 0.0000E+00 1.4774E-02 7.3881E-02 2.1036E-01 3.7015E-01 4.6202E-01 4.7548E-01 4.9126E-01 4.8399E-01 5.0753E-01 5.1661E-01 5.4240E-01 5.5792E-01 5.8113E-01 5.9575E-01 6.3275E-01 6.7224E-01 6.1046E-01 6.0462E-01 6.2580E-01 6.3478E-01 5.1235E-01 1.9343E-01 3.2244E-02 0.0000E+00
 0.0000E+00 1.4056E-02 7.3418E-02 2.1130E-01 3.7008E-01 4.6296E-01 4.7661E-01 4.9179E-01 4.9532E-01 5.1487E-01 5.1428E-01 5.5397E-01 5.6961E-01 5.7643E-01 5.9700E-01 6.2878E-01 6.7313E-01 6.2110E-01 5.9998E-01 6.2120E-01 6.3394E-01 5.1024E-01 1.9714E-01 3.2653E-02 0.0000E+00
 0.0000E+00 1.4315E-02 7.2629E-02 2.0912E-01 3.6655E-01 4.6528E-01 4.7885E-01 5.0295E-01 4.8462E-01 5.1892E-01 5.2388E-01 5.4879E-01 5.6485E-01 5.8223E-01 6.0404E-01 6.3425E-01 6.7863E-01 6.2542E-01 5.9966E-01 6.3012E-01 6.3862E-01 5.1025E-01 1.9423E-01 3.1574E-02 0.0000E+00
 0.0000E+00 1.3869E-02 7.0924E-02 2.0442E-01 3.6705E-01 4.6197E-01 4.7731E-01 5.0025E-01 4.9481E-01 5.2501E-01 5.2406E-01 5.4403E-01 5.7360E-01 5.8712E-01 5.9979E-01 6.3606E-01 6.7960E-01 6.1728E-01 6.1025E-01 6.2550E-01 6.3432E-01 5.1080E-01 1.9055E-01 3.1705E-02 0.0000E+00
 0.0000E+00 1.4021E-02 7.0767E-02 2.0370E-01 3.6664E-01 4.6616E-01 4.8131E-01 4.9225E-01 4.9835E-01 5.3880E-01 5.3282E-01 5.5921E-01 5.7614E-01 5.9419E-01 6.0617E-01 6.3675E-01 6.8188E-01 6.1789E-01 6.1486E-01 6.3057E-01 6.4630E-01 5.0427E-01 1.9002E-01 3.0777E-02 0.0000E+00
 0.0000E+00 1.4077E-02 7.0028E-02 2.0140E-01 3.6845E-01 4.6237E-01 4.8807E-01 5.0584E-01 5.0094E-01 5.2905E-01 5.2972E-01 5.5495E-01 5.7268E-01 5.8913E-01 5.9329E-01 6.4621E-01 6.8872E-01 6.2558E-01 6.1896E-01 6.3171E-01 6.4134E-01 5.0380E-01 1.8891E-01 3.1125E-02 0.0000E+00
 0.0000E+00 1.3956E-02 6.9147E-02 1.9954E-01 3.6372E-01 4.6090E-01 4.8822E-01 5.0763E-01 4.9845E-01 5.2415E-01 5.2605E-01 5.6240E-01 5.6563E-01 5.9062E-01 6.1584E-01 6.3465E-01 6.7595E-01 6.3499E-01 6.0763E-01 6.4081E-01 6.4388E-01 5.0899E-01 1.8749E-01 3.0874E-02 0.0000E+00
 0.0000E+00 1.3721E-02 6.8090E-02 1.9678E-01 3.6231E-01 4.6565E-01 4.9351E-01 5.1248E-01 5.0615E-01 5.3498E-01 5.3319E-01 5.4946E-01 5.7640E-01 5.9309E-01 6.1484E-01 6.3755E-01 6.7635E-01 6.3952E-01 6.1335E-01 6.4484E-01 6.5208E-01 5.0081E-01 1.8291E-01 2.9619E-02 0.0000E+00
 0.0000E+00 1.3185E-02 6.8266E-02 1.9802E-01 3.5715E-01 4.6669E-01 4.9014E-01 5.0893E-01 5.0546E-01 5.3893E-01 5.3322E-01 5.6789E-01 5.8943E-01 6.0250E-01 6.1496E-01 6.3361E-01 6.8061E-01 6.2771E-01 6.2455E-01 6.4315E-01 6.4609E-01 4.9898E-01 1.7986E-01 2.9523E-02 0.0000E+00
 0.0000E+00 1.2967E-02 6.7621E-02 1.9847E-01 3.5823E-01 4.6672E-01 4.9033E-01 5.0808E-01 5.1107E-01 5.3873E-01 5.3962E-01 5.7160E-01 5.9612E-01 5.9525E-01 6.1835E-01 6.4275E-01 6.6298E-01 6.2924E-01 6.3612E-01 6.3815E-01 6.5307E-01 5.0356E-01 1.8076E-01 2.8718E-02 0.0000E+00
 0.0000E+00 1.2936E-02 6.6347E-02 1.9515E-01 3.6070E-01 4.6687E-01 4.9418E-01 5.1342E-01 5.1303E-01 5.3954E-01 5.3740E-01 5.7543E-01 5.8768E-01 6.0840E-01 6.1448E-01 6.4821E-01 6.6902E-01 6.3779E-01 6.2874E-01 6.3255E-01 6.6063E-01 4.9502E-01 1.7751E-01 2.9155E-02 0.0000E+00
 0.0000E+00 1.3170E-02 6.5548E-02 1.9064E-01 3.5839E-01 4.6917E-01 4.9211E-01 5.2120E-01 5.0864E-01 5.4269E-01 5.4570E-01 5.7080E-01 6.0011E-01 6.0379E-01 6.1933E-01 6.3819E-01 6.8162E-01 6.2764E-01 6.3719E-01 6.4961E-01 6.4574E-01 4.9217E-01 1.7732E-01 2.8420E-02 0.0000E+00
 0.0000E+00 1.2870E-02 6.5784E-02 1.9078E-01 3.5477E-01 4.7130E-01 4.9271E-01 5.1752E-01 5.1469E-01 5.3715E-01 5.5385E-01 5.7509E-01 5.8635E-01 6.0611E-01 6.2121E-01 6.4291E-01 6.6151E-01 6.4440E-01 6.2457E-01 6.5237E-01 6.6251E-01 4.9247E-01 1.7472E-01 2.8706E-02 0.0000E+00
 0.0000E+00 1.2640E-02 6.4076E-02 1.8859E-01 3.5618E-01 4.6797E-01 4.9601E-01 5.2569E-01 5.1525E-01 5.4462E-01 5.4803E-01 5.7451E-01 5.9268E-01 6.0547E-01 6.2558E-01 6.5383E-01 6.7414E-01 6.3672E-01 6.3017E-01 6.5342E-01 6.6435E-01 4.9414E-01 1.7198E-01 2.8013E-02 0.0000E+00
 0.0000E+00 1.2304E-02 6.2897E-02 1.9082E-01 3.5448E-01 4.6670E-01 5.0284E-01 5.2279E-01 5.1204E-01 5.4424E-01 5.5882E-01 5.8578E-01 6.0605E-01 6.1573E-01 6.3268E-01 6.5343E-01 6.8009E-01 6.4423E-01 6.3646E-01 6.5147E-01 6.6464E-01 4.8534E-01 1.7363E-01 2.7458E-02 0.0000E+00
 0.0000E+00 1.2627E-02 6.2718E-02 1.8833E-01 3.5101E-01 4.6482E-01 4.9984E-01 5.3131E-01 5.2021E-01 5.4081E-01 5.5063E-01 5.7586E-01 5.9169E-01 6.1446E-01 6.3411E-01 6.5066E-01 6.8231E-01 6.5097E-01 6.3298E-01 6.6271E-01 6.5560E-01 4.8984E-01 1.7084E-01 2.7331E-02 0.0000E+00
 0.0000E+00 1.2255E-02 6.2293E-02 1.8461E-01 3.5555E-01 4.6850E-01 4.9889E-01 5.1926E-01 5.2086E-01 5.4973E-01 5.6163E-01 5.8691E-01 6.1136E-01 6.2102E-01 6.2929E-01 6.6393E-01 6.8047E-01 6.4547E-01 6.5480E-01 6.6614E-01 6.6088E-01 4.8744E-01 1.6612E-01 2.7558E-02 0.0000E+00
 0.0000E+00 1.2059E-02 6.1469E-02 1.8393E-01 3.4814E-01 4.6189E-01 4.9085E-01 5.3072E-01 5.2643E-01 5.5058E-01 5.5697E-01 5.8345E-01 5.9648E-01 6.1631E-01 6.4228E-01 6.5967E-01 6.9016E-01 6.4359E-01 6.5081E-01 6.6222E-01 6.6558E-01 4.7929E-01 1.6859E-01 2.7156E-02 0.0000E+00
 0.0000E+00 1.1963E-02 6.1824E-02 1.7805E-01 3.5023E-01 4.5857E-01 5.0512E-01 5.2851E-01 5.2366E-01 5.5608E-01 5.6545E-01 5.8940E-01 6.0182E-01 6.2387E-01 6.4065E-01 6.5658E-01 6.7149E-01 6.5018E-01 6.4146E-01 6.6932E-01 6.6721E-01 4.7729E-01 1.6291E-01 2.5903E-02 0.0000E+00
 0.0000E+00 1.1890E-02 6.0607E-02 1.7794E-01 3.4759E-01 4.5844E-01 4.9883E-01 5.2795E-01 5.2494E-01 5.6024E-01 5.6577E-01 5.9461E-01 6.0823E-01 6.2349E-01 6.3043E-01 6.6633E-01 6.7992E-01 6.5532E-01 6.6033E-01 6.7137E-01 6.7065E-01 4.7837E-01 1.6256E-01 2.6459E-02 0.0000E+00
 0.0000E+00 1.1667E-02 5.9972E-02 1.7983E-01 3.4666E-01 4.6081E-01 5.0460E-01 5.3061E-01 5.2628E-01 5.5491E-01 5.6261E-01 5.9361E-01 6.0998E-01 6.2068E-01 6.3179E-01 6.5176E-01 6.6565E-01 6.5863E-01 6.5403E-01 6.7644E-01 6.6069E-01 4.7530E-01 1.5849E-01 2.5595E-02 0.0000E+00
 0.0000E+00 1.1537E-02 5.8575E-02 1.7807E-01 3.4177E-01 4.6936E-01 4.9759E-01 5.4039E-01 5.3292E-01 5.6081E-01 5.6583E-01 6.0339E-01 6.0867E-01 6.3056E-01 6.4049E-01 6.7276E-01 6.6427E-01 6.6158E-01 6.5930E-01 6.7923E-01 6.6893E-01 4.7158E-01 1.5881E-01 2.5033E-02 0.0000E+00
 0.0000E+00 1.1310E-02 5.8911E-02 1.7452E-01 3.4231E-01 4.5739E-01 5.0080E-01 5.3925E-01 5.2733E-01 5.6222E-01 5.8039E-01 5.9028E-01 6.2301E-01 6.2669E-01 6.4290E-01 6.6401E-01 6.7632E-01 6.5580E-01 6.4925E-01 6.7200E-01 6.6673E-01 4.6828E-01 1.5789E-01 2.4810E-02 0.0000E+00
 0.0000E+00 1.1284E-02 5.7829E-02 1.7447E-01 3.3917E-01 4.6212E-01 5.0870E-01 5.3619E-01 5.3873E-01 5.6997E-01 5.7486E-01 5.9845E-01 6.1818E-01 6.3003E-01 6.3776E-01 6.6124E-01 6.6214E-01 6.5328E-01 6.5256E-01 6.8654E-01 6.7113E-01 4.7037E-01 1.5717E-01 2.4947E-02 0.0000E+00
 0.0000E+00 1.0980E-02 5.7122E-02 1.6809E-01 3.3568E-01 4.5874E-01 5.0348E-01 5.4126E-01 5.3898E-01 5.6475E-01 5.7188E-01 6.0133E-01 6.1231E-01 6.2304E-01 6.5448E-01 6.6548E-01 6.7155E-01 6.6392E-01 6.5243E-01 6.7716E-01 6.7643E-01 4.7202E-01 1.5536E-01 2.4908E-02 0.0000E+00
 0.0000E+00 1.1293E-02 5.5886E-02 1.6932E-01 3.3697E-01 4.5647E-01 5.0834E-01 5.3265E-01 5.3767E-01 5.6372E-01 5.7902E-01 6.0810E-01 6.2200E-01 6.2725E-01 6.5525E-01 6.6633E-01 6.6968E-01 6.5046E-01 6.4940E-01 6.7143E-01 6.7249E-01 4.5830E-01 1.5206E-01 2.4502E-02 0.0000E+00
 0.0000E+00 1.0902E-02 5.6675E-02 1.6835E-01 3.3500E-01 4.5834E-01 5.0920E-01 5.4427E-01 5.3368E-01 5.7438E-01 5.7991E-01 6.1180E-01 6.2796E-01 6.3443E-01 6.4431E-01 6.6076E-01 6.6976E-01 6.6916E-01 6.6748E-01 6.8357E-01 6.7452E-01 4.6141E-01 1.5013E-01 2.3864E-02 0.0000E+00
 0.0000E+00 1.0894E-02 5.5659E-02 1.6770E-01 3.3188E-01 4.6075E-01 5.0575E-01 5.4557E-01 5.3034E-01 5.6793E-01 5.8287E-01 6.0476E-01 6.2392E-01 6.4371E-01 6.4784E-01 6.6990E-01 6.8168E-01 6.5799E-01 6.5602E-01 6.8557E-01 6.7132E-01 4.5110E-01 1.4834E-01 2.3450E-02 0.0000E+00
 0.0000E+00 1.0490E-02 5.5266E-02 1.6387E-01 3.3012E-01 4.5956E-01 5.0953E-01 5.3979E-01 5.3759E-01 5.7839E-01 5.8110E-01 6.0539E-01 6.3319E-01 6.4524E-01 6.4672E-01 6.7470E-01 6.8475E-01 6.6565E-01 6.6635E-01 6.9229E-01 6.6680E-01 4.5770E-01 1.4797E-01 2.3382E-02 0.0000E+00
 0.0000E+00 1.0587E-02 5.3615E-02 1.6945E-01 3.2879E-01 4.5153E-01 5.1593E-01 5.4778E-01 5.3501E-01 5.7461E-01 5.9109E-01 6.1441E-01 6.3262E-01 6.5873E-01 6.4710E-01 6.7100E-01 6.5808E-01 6.6473E-01 6.6492E-01 6.9805E-01 6.7063E-01 4.5263E-01 1.4295E-01 2.3448E-02 0.0000E+00
 0.0000E+00 1.0088E-02 5.3637E-02 1.6164E-01 3.2941E-01 4.5657E-01 5.0372E-01 5.4472E-01 5.4122E-01 5.7812E-01 5.7945E-01 6.1757E-01 6.3225E-01 6.5316E-01 6.6172E-01 6.7867E-01 6.7676E-01 6.6896E-01 6.6272E-01 6.7999E-01 6.6786E-01 4.5459E-01 1.4329E-01 2.2837E-02 0.0000E+00
 0.0000E+00 1.0165E-02 5.2186E-02 1.5884E-01 3.2501E-01 4.5337E-01 5.1184E-01 5.4634E-01 5.3903E-01 5.7139E-01 5.9204E-01 6.0644E-01 6.3219E-01 6.4830E-01 6.5326E-01 6.8398E-01 6.6522E-01 6.6532E-01 6.6861E-01 6.8759E-01 6.7320E-01 4.4435E-01 1.4293E-01 2.3058E-02 0.0000E+00
 0.0000E+00 1.0137E-02 5.2847E-02 1.5919E-01 3.2548E-01 4.5282E-01 5.1758E-01 5.5686E-01 5.4368E-01 5.7854E-01 5.8947E-01 6.1930E-01 6.3636E-01 6.5289E-01 6.6005E-01 6.7651E-01 6.6338E-01 6.7292E-01 6.6547E-01 6.8356E-01 6.7409E-01 4.4290E-01 1.4089E-01 2.2373E-02 0.0000E+00
 0.0000E+00 1.0246E-02 5.0368E-02 1.5664E-01 3.2089E-01 4.5277E-01 5.1296E-01 5.3886E-01 5.4111E-01 5.8021E-01 5.8817E-01 6.1922E-01 6.3277E-01 6.5280E-01 6.6805E-01 6.8046E-01 6.5552E-01 6.7664E-01 6.6201E-01 7.0094E-01 6.7253E-01 4.4030E-01 1.3843E-01 2.1871E-02 0.0000E+00
 0.0000E+00 1.0006E-02 5.0026E-02 1.5388E-01 3.1686E-01 4.4965E-01 5.1983E-01 5.5581E-01 5.5369E-01 5.8198E-01 5.9091E-01 6.1857E-01 6.4306E-01 6.5295E-01 6.5312E-01 6.8899E-01 6.7785E-01 6.7974E-01 6.7262E-01 6.9617E-01 6.7338E-01 4.4100E-01 1.3893E-01 2.1746E-02 0.0000E+00
 0.0000E+00 9.8185E-03 5.0925E-02 1.5373E-01 3.1527E-01 4.5106E-01 5.1409E-01 5.4343E-01 5.4240E-01 5.7842E-01 5.8443E-01 6.1907E-01 6.4392E-01 6.4966E-01 6.6251E-01 6.8712E-01 6.6979E-01 6.6824E-01 6.6139E-01 7.0367E-01 6.6531E-01 4.3320E-01 1.3729E-01 2.1838E-02 0.0000E+00
 0.0000E+00 9.7032E-03 4.8912E-02 1.5283E-01 3.1556E-01 4.4684E-01 5.1200E-01 5.4532E-01 5.3671E-01 5.8493E-01 5.8725E-01 6.2993E-01 6.5026E-01 6.6442E-01 6.6523E-01 6.7228E-01 6.5757E-01 6.7247E-01 6.7333E-01 6.8864E-01 6.7119E-01 4.2818E-01 1.3680E-01 2.1313E-02 0.0000E+00
 0.0000E+00 9.4966E-03 5.0186E-02 1.5207E-01 3.0849E-01 4.4309E-01 5.1340E-01 5.4935E-01 5.5093E-01 5.8403E-01 5.9864E-01 6.2036E-01 6.4753E-01 6.5544E-01 6.6504E-01 6.8957E-01 6.6182E-01 6.7684E-01 6.6848E-01 7.0079E-01 6.6073E-01 4.3136E-01 1.3563E-01 2.0825E-02 0.0000E+00
 0.0000E+00 9.6461E-03 4.8308E-02 1.4997E-01 3.0915E-01 4.4411E-01 5.0973E-01 5.5700E-01 5.4934E-01 5.8630E-01 5.9287E-01 6.2409E-01 6.5114E-01 6.6776E-01 6.6824E-01 6.7779E-01 6.6044E-01 6.7292E-01 6.8067E-01 7.0434E-01 6.6836E-01 4.2461E-01 1.3394E-01 2.0608E-02 0.0000E+00
 0.0000E+00 9.5080E-03 4.8708E-02 1.4701E-01 3.0684E-01 4.4366E-01 5.1247E-01 5.5600E-01 5.4449E-01 5.7249E-01 6.0193E-01 6.4364E-01 6.5080E-01 6.5573E-01 6.6492E-01 6.8408E-01 6.5690E-01 6.7509E-01 6.7629E-01 6.9648E-01 6.7682E-01 4.2362E-01 1.3207E-01 2.0330E-02 0.0000E+00
 0.0000E+00 9.3802E-03 4.7773E-02 1.4700E-01 3.0382E-01 4.3795E-01 5.1041E-01 5.5241E-01 5.4592E-01 5.8592E-01 5.9711E-01 6.3748E-01 6.4923E-01 6.5484E-01 6.7239E-01 6.8544E-01 6.4853E-01 6.7928E-01 6.7388E-01 7.0537E-01 6.6376E-01 4.2257E-01 1.3008E-01 2.0144E-02 0.0000E+00
 0.0000E+00 9.1828E-03 4.7188E-02 1.4572E-01 3.0440E-01 4.3711E-01 5.1475E-01 5.5229E-01 5.4642E-01 5.9121E-01 5.9292E-01 6.3938E-01 6.4625E-01 6.6262E-01 6.7562E-01 6.8707E-01 6.5414E-01 6.8068E-01 6.7708E-01 7.0810E-01 6.6569E-01 4.1849E-01 1.2818E-01 2.0091E-02 0.0000E+00
 0.0000E+00 9.0024E-03 4.6251E-02 1.4518E-01 3.0331E-01 4.3923E-01 5.1832E-01 5.5865E-01 5.4664E-01 5.8823E-01 6.0498E-01 6.2717E-01 6.5118E-01 6.6903E-01 6.7980E-01 6.7846E-01 6.6467E-01 6.8420E-01 6.9294E-01 7.0105E-01 6.6323E-01 4.1601E-01 1.2420E-01 1.9444E-02 0.0000E+00
 0.0000E+00 8.5859E-03 4.5858E-02 1.4132E-01 3.0157E-01 4.4086E-01 5.0652E-01 5.6023E-01 5.4580E-01 5.7644E-01 6.0132E-01 6.3457E-01 6.5609E-01 6.7851E-01 6.6879E-01 6.8304E-01 6.5348E-01 6.8084E-01 6.8285E-01 7.0946E-01 6.6047E-01 4.1095E-01 1.2488E-01 1.9599E-02 0.0000E+00
 0.0000E+00 8.8472E-03 4.4911E-02 1.3869E-01 2.9808E-01 4.3637E-01 5.1257E-01 5.4712E-01 5.4482E-01 5.8627E-01 6.0219E-01 6.4271E-01 6.6148E-01 6.6370E-01 6.7633E-01 6.8142E-01 6.5046E-01 6.8389E-01 6.8921E-01 7.0303E-01 6.5995E-01 4.0528E-01 1.2135E-01 1.9195E-02 0.0000E+00
 0.0000E+00 8.8084E-03 4.4754E-02 1.3914E-01 2.9168E-01 4.3737E-01 5.0861E-01 5.5162E-01 5.4471E-01 5.8002E-01 6.0328E-01 6.3436E-01 6.5795E-01 6.7175E-01 6.8054E-01 6.7153E-01 6.4991E-01 6.8099E-01 6.9508E-01 7.1406E-01 6.6364E-01 4.0162E-01 1.2070E-01 1.8794E-02 0.0000E+00
 0.0000E+00 8.5984E-03 4.4178E-02 1.3741E-01 2.9109E-01 4.3315E-01 5.0299E-01 5.4396E-01 5.5109E-01 5.8128E-01 5.9552E-01 6.4339E-01 6.5613E-01 6.6950E-01 6.7934E-01 6.9365E-01 6.4885E-01 6.8455E-01 6.8801E-01 7.1346E-01 6.6517E-01 4.0188E-01 1.1929E-01 1.8220E-02 0.0000E+00
 0.0000E+00 8.6669E-03 4.3961E-02 1.3444E-01 2.8805E-01 4.2729E-01 5.0249E-01 5.4568E-01 5.4100E-01 5.8917E-01 6.1701E-01 6.4397E-01 6.6446E-01 6.7133E-01 6.7547E-01 6.9514E-01 6.4131E-01 6.9129E-01 6.7676E-01 7.0939E-01 6.6572E-01 3.9932E-01 1.1750E-01 1.8653E-02 0.0000E+00
 0.0000E+00 8.6167E-03 4.2973E-02 1.3525E-01 2.8671E-01 4.2563E-01 5.0487E-01 5.5221E-01 5.5143E-01 5.8137E-01 6.0281E-01 6.4597E-01 6.7442E-01 6.7515E-01 6.7583E-01 6.8536E-01 6.4171E-01 6.8768E-01 6.9034E-01 7.0970E-01 6.5937E-01 3.9282E-01 1.1654E-01 1.8367E-02 0.0000E+00
 0.0000E+00 8.1579E-03 4.2709E-02 1.3355E-01 2.8643E-01 4.3038E-01 5.0685E-01 5.4875E-01 5.4723E-01 5.8816E-01 6.0294E-01 6.4835E-01 6.7489E-01 6.8752E-01 6.9074E-01 6.9266E-01 6.4160E-01 6.8638E-01 6.9335E-01 7.1862E-01 6.5576E-01 3.8938E-01 1.1411E-01 1.7977E-02 0.0000E+00
 0.0000E+00 8.1921E-03 4.1605E-02 1.3220E-01 2.8314E-01 4.2919E-01 5.0852E-01 5.4800E-01 5.4735E-01 5.8331E-01 6.0468E-01 6.3675E-01 6.7154E-01 6.7836E-01 6.7980E-01 6.8621E-01 6.4836E-01 6.8638E-01 6.8814E-01 7.1099E-01 6.5257E-01 3.8387E-01 1.1433E-01 1.8200E-02 0.0000E+00
 0.0000E+00 8.1042E-03 4.1539E-02 1.3017E-01 2.8013E-01 4.2299E-01 5.0689E-01 5.4869E-01 5.4962E-01 5.9144E-01 6.0456E-01 6.4321E-01 6.6395E-01 6.7783E-01 6.8875E-01 6.9024E-01 6.4160E-01 6.9078E-01 6.8475E-01 7.0829E-01 6.4915E-01 3.8686E-01 1.1111E-01 1.7311E-02 0.0000E+00
 0.0000E+00 8.2686E-03 4.0614E-02 1.2931E-01 2.7824E-01 4.1974E-01 5.0754E-01 5.4883E-01 5.5132E-01 5.8186E-01 6.0308E-01 6.4321E-01 6.6361E-01 6.8422E-01 6.9043E-01 7.0260E-01 6.4551E-01 6.9081E-01 6.9051E-01 7.1842E-01 6.4650E-01 3.7824E-01 1.1012E-01 1.7732E-02 0.0000E+00
 0.0000E+00 7.9456E-03 4.0611E-02 1.2732E-01 2.7796E-01 4.2095E-01 5.0261E-01 5.5061E-01 5.5210E-01 5.7912E-01 6.0383E-01 6.5229E-01 6.6489E-01 6.8074E-01 6.8462E-01 7.0636E-01 6.4980E-01 6.7733E-01 6.9117E-01 7.1313E-01 6.4666E-01 3.7149E-01 1.0961E-01 1.7180E-02 0.0000E+00
 0.0000E+00 7.9102E-03 4.1199E-02 1.2603E-01 2.7632E-01 4.1940E-01 5.0229E-01 5.4279E-01 5.5172E-01 5.8739E-01 6.0162E-01 6.5322E-01 6.7925E-01 6.8076E-01 6.7392E-01 6.8779E-01 6.4514E-01 6.8944E-01 6.8998E-01 7.0365E-01 6.3879E-01 3.7212E-01 1.0933E-01 1.6913E-02 0.0000E+00
 0.0000E+00 7.8064E-03 3.9658E-02 1.2332E-01 2.7133E-01 4.1604E-01 5.0291E-01 5.4639E-01 5.5178E-01 5.8466E-01 6.0630E-01 6.5623E-01 6.6807E-01 6.8038E-01 6.9671E-01 6.9349E-01 6.4223E-01 6.8748E-01 7.0027E-01 7.1109E-01 6.5247E-01 3.7160E-01 1.0655E-01 1.6954E-02 0.0000E+00
 0.0000E+00 7.6945E-03 3.9781E-02 1.2324E-01 2.6732E-01 4.1209E-01 4.9788E-01 5.5040E-01 5.3975E-01 5.8199E-01 6.0620E-01 6.5510E-01 6.7598E-01 6.8033E-01 6.8737E-01 6.9045E-01 6.3999E-01 6.9890E-01 6.9491E-01 7.0651E-01 6.3683E-01 3.6655E-01 1.0799E-01 1.6230E-02 0.0000E+00
 0.0000E+00 7.5530E-03 3.9230E-02 1.2070E-01 2.7134E-01 4.1722E-01 5.0325E-01 5.4513E-01 5.3995E-01 5.8005E-01 6.0401E-01 6.5976E-01 6.7066E-01 6.7407E-01 6.9417E-01 6.8579E-01 6.3481E-01 6.9269E-01 7.0840E-01 7.1604E-01 6.4184E-01 3.6343E-01 1.0318E-01 1.6375E-02 0.0000E+00
 0.0000E+00 7.7059E-03 3.7654E-02 1.2059E-01 2.6617E-01 4.0864E-01 5.0482E-01 5.4534E-01 5.4571E-01 5.8094E-01 6.0914E-01 6.5771E-01 6.7499E-01 6.8650E-01 6.9109E-01 6.8845E-01 6.2885E-01 6.7364E-01 7.0782E-01 7.1163E-01 6.3440E-01 3.5545E-01 1.0118E-01 1.5871E-02 0.0000E+00
 0.0000E+00 7.3350E-03 3.8082E-02 1.2025E-01 2.6583E-01 4.0877E-01 5.0509E-01 5.5090E-01 5.4251E-01 5.8494E-01 6.0695E-01 6.5244E-01 6.6856E-01 6.7791E-01 6.8596E-01 6.9186E-01 6.4082E-01 6.9122E-01 6.8902E-01 7.1981E-01 6.3819E-01 3.5650E-01 1.0158E-01 1.5948E-02 0.0000E+00
 0.0000E+00 7.2357E-03 3.7654E-02 1.1883E-01 2.6234E-01 4.0719E-01 5.0478E-01 5.4056E-01 5.4399E-01 5.8424E-01 5.9827E-01 6.5768E-01 6.7890E-01 6.7689E-01 6.9229E-01 7.0151E-01 6.3403E-01 6.8598E-01 6.9593E-01 7.0789E-01 6.3379E-01 3.5603E-01 9.9229E-02 1.5556E-02 0.0000E+00
 0.0000E+00 7.3830E-03 3.7088E-02 1.1590E-01 2.6417E-01 4.0567E-01 4.9805E-01 5.4247E-01 5.4225E-01 5.7551E-01 6.0477E-01 6.4762E-01 6.7329E-01 6.9140E-01 6.8314E-01 7.0082E-01 6.3987E-01 7.0356E-01 6.9047E-01 7.1640E-01 6.3208E-01 3.4522E-01 9.7503E-02 1.5730E-02 0.0000E+00
 0.0000E+00 7.0383E-03 3.6415E-02 1.1549E-01 2.6086E-01 3.9583E-01 4.8803E-01 5.4618E-01 5.4302E-01 5.7483E-01 6.0014E-01 6.4880E-01 6.7457E-01 6.8853E-01 6.9021E-01 6.9058E-01 6.3346E-01 6.8272E-01 7.0552E-01 7.1432E-01 6.3390E-01 3.4449E-01 9.8000E-02 1.5601E-02 0.0000E+00
 0.0000E+00 6.9527E-03 3.5940E-02 1.1299E-01 2.5230E-01 4.0083E-01 4.9945E-01 5.4221E-01 5.3788E-01 5.7284E-01 6.1242E-01 6.4806E-01 6.7399E-01 6.9574E-01 6.9164E-01 6.9783E-01 6.3248E-01 6.8559E-01 7.0808E-01 7.1027E-01 6.2803E-01 3.4257E-01 9.5398E-02 1.4627E-02 0.0000E+00
 0.0000E+00 6.8991E-03 3.5748E-02 1.1242E-01 2.5360E-01 4.0084E-01 4.9772E-01 5.4728E-01 5.4277E-01 5.7288E-01 6.0590E-01 6.4853E-01 6.6919E-01 6.8554E-01 6.9871E-01 6.9669E-01 6.2474E-01 7.0277E-01 6.9805E-01 7.1835E-01 6.2476E-01 3.3982E-01 9.5382E-02 1.4778E-02 0.0000E+00
 0.0000E+00 6.9595E-03 3.4336E-02 1.1047E-01 2.5039E-01 3.9871E-01 4.8674E-01 5.3332E-01 5.3403E-01 5.7586E-01 6.0184E-01 6.5480E-01 6.7106E-01 6.9444E-01 7.0473E-01 6.8163E-01 6.2992E-01 6.8516E-01 6.9666E-01 7.2307E-01 6.3107E-01 3.3385E-01 9.4538E-02 1.5033E-02 0.0000E+00
 0.0000E+00 6.7370E-03 3.4915E-02 1.0925E-01 2.4728E-01 3.9317E-01 4.8808E-01 5.3411E-01 5.4230E-01 5.7339E-01 6.0830E-01 6.5533E-01 6.6887E-01 6.9414E-01 7.0299E-01 6.8464E-01 6.2011E-01 6.9796E-01 7.0283E-01 7.1573E-01 6.1855E-01 3.3170E-01 9.3069E-02 1.4555E-02 0.0000E+00
 0.0000E+00 6.8603E-03 3.4874E-02 1.0975E-01 2.4508E-01 3.8916E-01 4.9225E-01 5.3210E-01 5.4061E-01 5.7436E-01 6.0677E-01 6.5003E-01 6.7948E-01 6.8639E-01 6.9833E-01 7.0687E-01 6.2908E-01 6.9427E-01 6.9749E-01 7.1454E-01 6.1066E-01 3.3120E-01 9.1621E-02 1.4004E-02 0.0000E+00
 0.0000E+00 6.7370E-03 3.3213E-02 1.0534E-01 2.4403E-01 3.9022E-01 4.8468E-01 5.3327E-01 5.3027E-01 5.7245E-01 6.1225E-01 6.4312E-01 6.7890E-01 6.9187E-01 6.9952E-01 7.0196E-01 6.3251E-01 6.8715E-01 7.0148E-01 7.0696E-01 6.0751E-01 3.2462E-01 9.0104E-02 1.4185E-02 0.0000E+00
 0.0000E+00 6.7279E-03 3.3059E-02 1.0383E-01 2.4227E-01 3.8774E-01 4.9352E-01 5.2997E-01 5.4261E-01 5.7534E-01 6.0421E-01 6.5269E-01 6.7126E-01 7.0007E-01 7.0196E-01 6.9013E-01 6.1594E-01 6.8608E-01 7.0430E-01 7.0891E-01 6.1085E-01 3.2363E-01 8.8106E-02 1.3981E-02 0.0000E+00
 0.0000E+00 6.4482E-03 3.2880E-02 1.0333E-01 2.3703E-01 3.8770E-01 4.8488E-01 5.3102E-01 5.2839E-01 5.6525E-01 6.0927E-01 6.4252E-01 6.7673E-01 6.8813E-01 6.9620E-01 6.8464E-01 6.2011E-01 7.0381E-01 7.0212E-01 7.0935E-01 6.1002E-01 3.2071E-01 8.7315E-02 1.3757E-02 0.0000E+00
 0.0000E+00 6.5772E-03 3.3163E-02 1.0320E-01 2.3793E-01 3.7972E-01 4.8376E-01 5.2474E-01 5.3693E-01 5.6356E-01 6.0523E-01 6.4801E-01 6.8367E-01 6.9595E-01 6.9267E-01 6.8531E-01 6.1729E-01 6.9262E-01 7.0818E-01 7.1087E-01 6.0813E-01 3.1558E-01 8.7059E-02 1.4085E-02 0.0000E+00
 0.0000E+00 6.4768E-03 3.1788E-02 1.0253E-01 2.3357E-01 3.7681E-01 4.7296E-01 5.2493E-01 5.3224E-01 5.6682E-01 5.9755E-01 6.4913E-01 6.8296E-01 7.0062E-01 6.9205E-01 6.8661E-01 6.0828E-01 6.8933E-01 6.8793E-01 7.1080E-01 6.0380E-01 3.1097E-01 8.7459E-02 1.3317E-02 0.0000E+00
 0.0000E+00 6.1994E-03 3.1618E-02 1.0169E-01 2.3053E-01 3.7629E-01 4.7902E-01 5.2678E-01 5.2871E-01 5.6607E-01 5.9290E-01 6.4673E-01 6.7544E-01 6.9291E-01 6.8995E-01 6.8899E-01 6.1159E-01 6.9091E-01 7.0291E-01 7.0799E-01 5.9302E-01 3.0604E-01 8.4088E-02 1.3097E-02 0.0000E+00
 0.0000E+00 6.0157E-03 3.1194E-02 1.0036E-01 2.3297E-01 3.7211E-01 4.7505E-01 5.1716E-01 5.2752E-01 5.6243E-01 5.8940E-01 6.5222E-01 6.7557E-01 6.9036E-01 6.9807E-01 6.9122E-01 6.1306E-01 7.0038E-01 7.0003E-01 6.9972E-01 5.9450E-01 3.0618E-01 8.3447E-02 1.3362E-02 0.0000E+00
 0.0000E+00 6.3204E-03 3.0146E-02 9.7323E-02 2.2505E-01 3.6989E-01 4.6848E-01 5.1840E-01 5.2105E-01 5.6452E-01 5.9810E-01 6.5519E-01 6.8367E-01 7.0134E-01 7.0263E-01 6.9285E-01 6.1404E-01 6.9404E-01 7.0377E-01 7.0601E-01 5.9812E-01 3.0217E-01 8.2683E-02 1.2972E-02 0.0000E+00
 0.0000E+00 5.8696E-03 2.9866E-02 9.6519E-02 2.2659E-01 3.6700E-01 4.7094E-01 5.2609E-01 5.2826E-01 5.6063E-01 6.0349E-01 6.3710E-01 6.7604E-01 6.8684E-01 6.9050E-01 6.8952E-01 6.0437E-01 6.9407E-01 6.9845E-01 7.0177E-01 5.9538E-01 2.9999E-01 7.8965E-02 1.2792E-02 0.0000E+00
 0.0000E+00 5.9815E-03 3.0033E-02 9.4733E-02 2.2402E-01 3.5758E-01 4.7025E-01 5.2368E-01 5.1660E-01 5.5851E-01 5.9170E-01 6.4730E-01 6.7754E-01 6.8584E-01 6.9394E-01 6.8203E-01 6.1038E-01 7.0284E-01 7.1045E-01 7.0939E-01 5.9049E-01 2.9740E-01 8.0434E-02 1.2537E-02 0.0000E+00
 0.0000E+00 5.6984E-03 2.9589E-02 9.4900E-02 2.2156E-01 3.6334E-01 4.6572E-01 5.1841E-01 5.2123E-01 5.5509E-01 5.9515E-01 6.3504E-01 6.7224E-01 6.9395E-01 6.9635E-01 6.9152E-01 5.9585E-01 6.8135E-01 6.9175E-01 6.9588E-01 5.7344E-01 2.9347E-01 7.8896E-02 1.2228E-02 0.0000E+00
 0.0000E+00 5.8981E-03 3.0171E-02 9.1549E-02 2.1923E-01 3.6124E-01 4.6540E-01 5.2549E-01 5.2194E-01 5.4547E-01 5.9412E-01 6.5093E-01 6.7529E-01 7.0205E-01 7.0115E-01 6.8248E-01 6.0063E-01 6.9643E-01 6.8473E-01 6.9627E-01 5.7756E-01 2.9226E-01 7.9499E-02 1.2165E-02 0.0000E+00
 0.0000E+00 5.6939E-03 2.9316E-02 9.3017E-02 2.1824E-01 3.5983E-01 4.6357E-01 5.1326E-01 5.1609E-01 5.5238E-01 5.8783E-01 6.4342E-01 6.7811E-01 6.8794E-01 7.0024E-01 6.9282E-01 5.9830E-01 6.8193E-01 7.0735E-01 6.8650E-01 5.8315E-01 2.8648E-01 7.6411E-02 1.1920E-02 0.0000E+00
 0.0000E+00 5.5832E-03 2.8036E-02 9.1878E-02 2.1328E-01 3.5333E-01 4.6648E-01 5.1055E-01 5.2197E-01 5.5203E-01 5.8794E-01 6.4710E-01 6.7679E-01 6.9251E-01 7.0437E-01 6.8363E-01 6.0121E-01 6.8628E-01 6.9792E-01 6.8931E-01 5.7092E-01 2.7954E-01 7.5087E-02 1.2098E-02 0.0000E+00
 0.0000E+00 5.5626E-03 2.7941E-02 8.9029E-02 2.1001E-01 3.5374E-01 4.5849E-01 5.1573E-01 5.1563E-01 5.5016E-01 5.8898E-01 6.4499E-01 6.7309E-01 6.9603E-01 6.9515E-01 6.9482E-01 6.0210E-01 6.8404E-01 7.0475E-01 6.9820E-01 5.7364E-01 2.7961E-01 7.4510E-02 1.1804E-02 0.0000E+00
 0.0000E+00 5.5809E-03 2.8328E-02 8.7183E-02 2.1116E-01 3.4912E-01 4.5508E-01 5.1106E-01 5.1403E-01 5.4723E-01 5.8793E-01 6.4317E-01 6.7100E-01 6.9009E-01 6.9028E-01 6.7777E-01 6.0008E-01 6.8259E-01 7.0370E-01 6.9934E-01 5.7465E-01 2.7905E-01 7.3110E-02 1.1714E-02 0.0000E+00
 0.0000E+00 5.5558E-03 2.7633E-02 8.6724E-02 2.0615E-01 3.4973E-01 4.5433E-01 5.1249E-01 5.1455E-01 5.3817E-01 5.8508E-01 6.4475E-01 6.7841E-01 6.9790E-01 6.9580E-01 7.0370E-01 5.9755E-01 6.8837E-01 7.0961E-01 6.9385E-01 5.6663E-01 2.7501E-01 7.2287E-02 1.1256E-02 0.0000E+00
 0.0000E+00 5.5352E-03 2.6771E-02 8.6460E-02 2.0557E-01 3.4496E-01 4.5640E-01 5.0242E-01 5.1483E-01 5.4172E-01 5.8159E-01 6.3530E-01 6.7792E-01 6.9429E-01 7.0215E-01 6.8947E-01 5.8967E-01 6.8954E-01 6.9954E-01 6.8676E-01 5.6200E-01 2.6853E-01 6.9547E-02 1.1438E-02 0.0000E+00
 0.0000E+00 5.3606E-03 2.6809E-02 8.4690E-02 2.0177E-01 3.4183E-01 4.4781E-01 5.0231E-01 5.1474E-01 5.4338E-01 5.8315E-01 6.4198E-01 6.7113E-01 6.8853E-01 6.9000E-01 6.8048E-01 5.9954E-01 6.9203E-01 6.8769E-01 6.9023E-01 5.5208E-01 2.6981E-01 7.0166E-02 1.0854E-02 0.0000E+00
 0.0000E+00 5.1609E-03 2.6560E-02 8.4442E-02 2.0030E-01 3.3465E-01 4.5504E-01 4.9476E-01 5.1033E-01 5.3483E-01 5.8774E-01 6.3495E-01 6.6367E-01 6.9542E-01 6.9637E-01 6.8382E-01 5.8840E-01 6.8857E-01 6.9119E-01 6.9574E-01 5.5176E-01 2.6109E-01 6.8222E-02 1.1072E-02 0.0000E+00
 0.0000E+00 5.2522E-03 2.6306E-02 8.3568E-02 1.9956E-01 3.3383E-01 4.4323E-01 4.9883E-01 4.9876E-01 5.3370E-01 5.7648E-01 6.4242E-01 6.6111E-01 6.8630E-01 6.9661E-01 6.7937E-01 5.9263E-01 6.8646E-01 7.0095E-01 6.7934E-01 5.3811E-01 2.6101E-01 6.8222E-02 1.1246E-02 0.0000E+00
 0.0000E+00 5.0776E-03 2.5777E-02 8.1792E-02 1.9692E-01 3.3155E-01 4.4639E-01 4.9953E-01 5.0567E-01 5.3151E-01 5.8521E-01 6.3678E-01 6.6652E-01 6.9461E-01 7.0003E-01 6.9192E-01 5.8935E-01 6.7638E-01 6.9373E-01 6.9107E-01 5.4012E-01 2.5426E-01 6.6785E-02 1.0843E-02 0.0000E+00
 0.0000E+00 5.0091E-03 2.5535E-02 8.0357E-02 1.9345E-01 3.2977E-01 4.4245E-01 4.9305E-01 4.9603E-01 5.2749E-01 5.7538E-01 6.3750E-01 6.6957E-01 6.9559E-01 6.9709E-01 6.9613E-01 5.8320E-01 6.8468E-01 7.1062E-01 6.7556E-01 5.3948E-01 2.5791E-01 6.8644E-02 1.0807E-02 0.0000E+00
 0.0000E+00 4.9429E-03 2.5255E-02 7.9251E-02 1.9290E-01 3.2455E-01 4.3807E-01 4.8700E-01 4.9361E-01 5.2917E-01 5.6738E-01 6.3163E-01 6.6807E-01 6.9470E-01 6.8930E-01 6.6473E-01 5.8832E-01 6.9542E-01 6.8724E-01 6.7896E-01 5.3578E-01 2.5034E-01 6.5267E-02 1.0847E-02 0.0000E+00
 0.0000E+00 4.9075E-03 2.4333E-02 7.9229E-02 1.9092E-01 3.2424E-01 4.3904E-01 4.8927E-01 4.9847E-01 5.2232E-01 5.7200E-01 6.2244E-01 6.6750E-01 6.8641E-01 6.9551E-01 6.7318E-01 5.8797E-01 6.8849E-01 6.9930E-01 6.7200E-01 5.3650E-01 2.4755E-01 6.2212E-02 1.0453E-02 0.0000E+00
 0.0000E+00 4.8116E-03 2.3937E-02 7.7216E-02 1.8928E-01 3.2242E-01 4.3663E-01 4.8172E-01 4.9620E-01 5.2081E-01 5.6880E-01 6.2283E-01 6.6549E-01 6.9255E-01 6.9926E-01 6.7662E-01 5.7914E-01 6.8323E-01 6.8259E-01 6.7641E-01 5.3182E-01 2.4008E-01 6.5422E-02 1.0292E-02 0.0000E+00
 0.0000E+00 5.0342E-03 2.4642E-02 7.5549E-02 1.8393E-01 3.2138E-01 4.3493E-01 4.8076E-01 4.8949E-01 5.1594E-01 5.6742E-01 6.2925E-01 6.5816E-01 6.8407E-01 6.8099E-01 6.7193E-01 5.7149E-01 6.7801E-01 6.8996E-01 6.7196E-01 5.2635E-01 2.4276E-01 6.3392E-02 1.0012E-02 0.0000E+00
 0.0000E+00 4.9440E-03 2.4170E-02 7.5414E-02 1.8382E-01 3.2113E-01 4.2525E-01 4.8311E-01 4.9287E-01 5.1689E-01 5.7116E-01 6.2649E-01 6.6212E-01 6.9712E-01 6.9740E-01 6.7939E-01 5.7459E-01 6.8468E-01 6.9094E-01 6.6440E-01 5.2668E-01 2.4047E-01 6.2067E-02 9.6261E-03 0.0000E+00
 0.0000E+00 4.8516E-03 2.3125E-02 7.5613E-02 1.8150E-01 3.1548E-01 4.2724E-01 4.7259E-01 4.8348E-01 5.1791E-01 5.6316E-01 6.2101E-01 6.6511E-01 6.8686E-01 6.9427E-01 6.7145E-01 5.8078E-01 6.8249E-01 6.8496E-01 6.7565E-01 5.2460E-01 2.3517E-01 6.2660E-02 9.8514E-03 0.0000E+00
 0.0000E+00 4.7786E-03 2.3141E-02 7.4388E-02 1.7883E-01 3.1095E-01 4.2056E-01 4.7527E-01 4.8652E-01 5.1146E-01 5.6680E-01 6.2605E-01 6.6511E-01 6.8928E-01 7.0824E-01 6.6719E-01 5.7540E-01 6.8219E-01 6.8910E-01 6.6417E-01 5.2194E-01 2.3116E-01 6.0913E-02 9.6575E-03 0.0000E+00
 0.0000E+00 4.7215E-03 2.3383E-02 7.2500E-02 1.7791E-01 3.0967E-01 4.2182E-01 4.7310E-01 4.8411E-01 5.0842E-01 5.5612E-01 6.1178E-01 6.6733E-01 6.8675E-01 6.9759E-01 6.8651E-01 5.7025E-01 6.7524E-01 6.9010E-01 6.6919E-01 5.1404E-01 2.3054E-01 5.9588E-02 9.9846E-03 0.0000E+00
 0.0000E+00 4.4590E-03 2.3000E-02 7.1615E-02 1.7563E-01 3.0686E-01 4.1804E-01 4.7337E-01 4.7534E-01 5.0191E-01 5.6527E-01 6.2179E-01 6.5511E-01 6.9837E-01 6.7340E-01 6.6127E-01 5.7707E-01 6.7987E-01 6.9452E-01 6.5557E-01 5.1101E-01 2.2760E-01 5.8012E-02 9.6731E-03 0.0000E+00
 0.0000E+00 4.4396E-03 2.2534E-02 7.1388E-02 1.7227E-01 3.0360E-01 4.1950E-01 4.6684E-01 4.7991E-01 5.0046E-01 5.6309E-01 6.1902E-01 6.5425E-01 6.8412E-01 6.7700E-01 6.7899E-01 5.7186E-01 6.7041E-01 6.7777E-01 6.5966E-01 5.0848E-01 2.2362E-01 5.6864E-02 9.2108E-03 0.0000E+00
 0.0000E+00 4.4989E-03 2.1905E-02 6.9926E-02 1.7080E-01 3.0106E-01 4.0750E-01 4.6152E-01 4.7256E-01 5.0312E-01 5.5755E-01 6.1546E-01 6.5761E-01 6.9089E-01 6.9152E-01 6.6825E-01 5.6372E-01 6.7493E-01 6.8756E-01 6.5673E-01 5.0013E-01 2.1976E-01 5.7179E-02 9.0384E-03 0.0000E+00
 0.0000E+00 4.4476E-03 2.2091E-02 6.8744E-02 1.7157E-01 2.9745E-01 4.0749E-01 4.6130E-01 4.7647E-01 4.9933E-01 5.5302E-01 6.2041E-01 6.6532E-01 6.8919E-01 6.7036E-01 6.7627E-01 5.6527E-01 6.7883E-01 6.9113E-01 6.5816E-01 4.8503E-01 2.1368E-01 5.5699E-02 9.2383E-03 0.0000E+00
 0.0000E+00 4.3905E-03 2.1222E-02 6.8873E-02 1.6644E-01 2.9453E-01 4.0493E-01 4.6980E-01 4.6995E-01 4.9506E-01 5.5703E-01 6.1627E-01 6.5620E-01 6.7931E-01 6.8828E-01 6.6500E-01 5.5860E-01 6.6692E-01 6.8244E-01 6.5326E-01 4.9846E-01 2.1403E-01 5.4257E-02 9.0580E-03 0.0000E+00
 0.0000E+00 4.2752E-03 2.1068E-02 6.6639E-02 1.6410E-01 2.9329E-01 4.1187E-01 4.5855E-01 4.6422E-01 4.9498E-01 5.5559E-01 6.1259E-01 6.5791E-01 6.8087E-01 6.7507E-01 6.7017E-01 5.6337E-01 6.7735E-01 6.7363E-01 6.5413E-01 4.8410E-01 2.1176E-01 5.5293E-02 8.7681E-03 0.0000E+00
 0.0000E+00 4.1497E-03 2.0587E-02 6.6310E-02 1.6414E-01 2.8520E-01 4.0492E-01 4.5785E-01 4.6621E-01 4.9127E-01 5.5410E-01 6.0577E-01 6.5267E-01 6.8592E-01 6.7418E-01 6.6577E-01 5.6366E-01 6.6944E-01 6.8044E-01 6.4966E-01 4.8285E-01 2.1260E-01 5.4166E-02 8.6192E-03 0.0000E+00
 0.0000E+00 4.3414E-03 2.0329E-02 6.5010E-02 1.6276E-01 2.9050E-01 3.9709E-01 4.4859E-01 4.6793E-01 4.9082E-01 5.4856E-01 6.0835E-01 6.6438E-01 6.6776E-01 6.9160E-01 6.6028E-01 5.5759E-01 6.6829E-01 6.7450E-01 6.3834E-01 4.8337E-01 2.0285E-01 5.1928E-02 9.0522E-03 0.0000E+00
 0.0000E+00 4.1269E-03 2.0166E-02 6.4206E-02 1.6131E-01 2.8297E-01 3.9454E-01 4.4436E-01 4.6217E-01 4.8766E-01 5.4335E-01 6.0090E-01 6.5144E-01 6.6778E-01 6.8164E-01 6.5847E-01 5.5679E-01 6.5934E-01 6.7548E-01 6.4697E-01 4.7591E-01 2.0471E-01 5.2654E-02 8.4939E-03 0.0000E+00
 0.0000E+00 4.1976E-03 2.0159E-02 6.4087E-02 1.5832E-01 2.8245E-01 3.8999E-01 4.4261E-01 4.5887E-01 4.8430E-01 5.3708E-01 6.0125E-01 6.4281E-01 6.8601E-01 6.7822E-01 6.5799E-01 5.5166E-01 6.7178E-01 6.7407E-01 6.4494E-01 4.7007E-01 2.0136E-01 5.2718E-02 8.6663E-03 0.0000E+00
 0.0000E+00 4.2924E-03 1.9313E-02 6.3051E-02 1.5637E-01 2.7820E-01 3.9309E-01 4.4580E-01 4.5468E-01 4.7866E-01 5.3585E-01 5.9749E-01 6.4605E-01 6.8539E-01 6.8343E-01 6.6191E-01 5.5175E-01 6.6639E-01 6.7988E-01 6.4055E-01 4.6277E-01 1.9959E-01 5.0298E-02 8.4606E-03 0.0000E+00
 0.0000E+00 4.0116E-03 1.9518E-02 6.2290E-02 1.5240E-01 2.7791E-01 3.8869E-01 4.4313E-01 4.5510E-01 4.7756E-01 5.3361E-01 5.9626E-01 6.4877E-01 6.7536E-01 6.7877E-01 6.4818E-01 5.4295E-01 6.6198E-01 6.8140E-01 6.4570E-01 4.6294E-01 1.9482E-01 5.0854E-02 8.0414E-03 0.0000E+00
 0.0000E+00 4.1246E-03 1.8728E-02 6.1070E-02 1.5234E-01 2.7371E-01 3.8792E-01 4.4058E-01 4.4752E-01 4.6997E-01 5.2716E-01 5.8797E-01 6.2760E-01 6.7252E-01 6.6755E-01 6.5794E-01 5.4611E-01 6.5756E-01 6.8229E-01 6.2514E-01 4.5538E-01 1.9144E-01 4.9117E-02 8.1334E-03 0.0000E+00
 0.0000E+00 4.0892E-03 1.9439E-02 6.1270E-02 1.5099E-01 2.6855E-01 3.8461E-01 4.2871E-01 4.4725E-01 4.6951E-01 5.2586E-01 5.8772E-01 6.4276E-01 6.6066E-01 6.6752E-01 6.4667E-01 5.3993E-01 6.5972E-01 6.7971E-01 6.2997E-01 4.5642E-01 1.8909E-01 4.8476E-02 8.0629E-03 0.0000E+00
 0.0000E+00 4.0025E-03 1.8731E-02 5.9872E-02 1.4896E-01 2.6599E-01 3.8164E-01 4.3021E-01 4.4548E-01 4.6777E-01 5.2513E-01 5.8679E-01 6.3783E-01 6.6963E-01 6.7192E-01 6.4933E-01 5.4502E-01 6.5305E-01 6.6560E-01 6.3338E-01 4.5412E-01 1.9062E-01 4.8124E-02 8.1080E-03 0.0000E+00
 0.0000E+00 3.8187E-03 1.8552E-02 5.7935E-02 1.4638E-01 2.5613E-01 3.7510E-01 4.3541E-01 4.3648E-01 4.6198E-01 5.2042E-01 5.9667E-01 6.4642E-01 6.6557E-01 6.7636E-01 6.4797E-01 5.4991E-01 6.5000E-01 6.6735E-01 6.2497E-01 4.5333E-01 1.8552E-01 4.6174E-02 7.9101E-03 0.0000E+00
 0.0000E+00 3.7982E-03 1.8656E-02 5.9063E-02 1.4703E-01 2.6100E-01 3.7477E-01 4.2080E-01 4.4428E-01 4.6032E-01 5.1873E-01 5.9456E-01 6.3666E-01 6.6054E-01 6.7805E-01 6.4882E-01 5.3130E-01 6.5509E-01 6.6391E-01 6.1890E-01 4.3657E-01 1.8569E-01 4.6420E-02 7.9199E-03 0.0000E+00
 0.0000E+00 3.8495E-03 1.8055E-02 5.7865E-02 1.4241E-01 2.6087E-01 3.7237E-01 4.2581E-01 4.3358E-01 4.5471E-01 5.1264E-01 5.8032E-01 6.3262E-01 6.6260E-01 6.7156E-01 6.4597E-01 5.3915E-01 6.5779E-01 6.6178E-01 6.1749E-01 4.3243E-01 1.8014E-01 4.6339E-02 7.8278E-03 0.0000E+00
 0.0000E+00 3.7640E-03 1.8187E-02 5.6791E-02 1.4060E-01 2.5809E-01 3.6905E-01 4.1737E-01 4.2672E-01 4.5680E-01 5.1739E-01 5.7643E-01 6.3168E-01 6.5202E-01 6.5809E-01 6.5914E-01 5.3909E-01 6.4914E-01 6.6620E-01 6.1325E-01 4.3546E-01 1.7627E-01 4.4272E-02 7.6300E-03 0.0000E+00
 0.0000E+00 3.6053E-03 1.8049E-02 5.4557E-02 1.3870E-01 2.5602E-01 3.6294E-01 4.2064E-01 4.3615E-01 4.4993E-01 5.1273E-01 5.7947E-01 6.2685E-01 6.5482E-01 6.6138E-01 6.4608E-01 5.3621E-01 6.5282E-01 6.6970E-01 6.1277E-01 4.2419E-01 1.7498E-01 4.3519E-02 7.4909E-03 0.0000E+00
 0.0000E+00 3.6144E-03 1.6787E-02 5.4692E-02 1.4069E-01 2.5500E-01 3.6331E-01 4.1416E-01 4.2813E-01 4.4851E-01 4.9899E-01 5.7361E-01 6.3909E-01 6.5945E-01 6.6148E-01 6.3097E-01 5.3466E-01 6.4723E-01 6.5640E-01 6.0800E-01 4.2553E-01 1.7141E-01 4.5127E-02 7.2813E-03 0.0000E+00
 0.0000E+00 3.7594E-03 1.7523E-02 5.3996E-02 1.3542E-01 2.4947E-01 3.6077E-01 4.1326E-01 4.3068E-01 4.4534E-01 5.0623E-01 5.6985E-01 6.1912E-01 6.5229E-01 6.7655E-01 6.3321E-01 5.3003E-01 6.4743E-01 6.5128E-01 6.0539E-01 4.2064E-01 1.7068E-01 4.3615E-02 7.0678E-03 0.0000E+00
 0.0000E+00 3.4809E-03 1.7168E-02 5.3035E-02 1.3556E-01 2.4715E-01 3.5695E-01 4.0678E-01 4.2697E-01 4.3634E-01 5.0854E-01 5.8023E-01 6.2078E-01 6.6105E-01 6.6246E-01 6.4022E-01 5.3035E-01 6.4066E-01 6.6165E-01 6.0360E-01 4.1711E-01 1.6628E-01 4.1991E-02 7.0795E-03 0.0000E+00
 0.0000E+00 3.5642E-03 1.6432E-02 5.2048E-02 1.3332E-01 2.3973E-01 3.5320E-01 4.0831E-01 4.2420E-01 4.4047E-01 5.0507E-01 5.7172E-01 6.2286E-01 6.5132E-01 6.6895E-01 6.4424E-01 5.2940E-01 6.4878E-01 6.6178E-01 5.9419E-01 4.1659E-01 1.6434E-01 4.0896E-02 6.9894E-03 0.0000E+00
 0.0000E+00 3.4353E-03 1.6740E-02 5.2193E-02 1.2896E-01 2.4252E-01 3.5257E-01 3.9540E-01 4.1323E-01 4.3128E-01 4.9524E-01 5.6125E-01 6.2254E-01 6.5750E-01 6.5787E-01 6.3523E-01 5.2100E-01 6.5183E-01 6.4635E-01 5.9106E-01 4.0441E-01 1.6366E-01 4.1216E-02 7.2852E-03 0.0000E+00
 0.0000E+00 3.3291E-03 1.6278E-02 5.1271E-02 1.2901E-01 2.3944E-01 3.4794E-01 3.9529E-01 4.1818E-01 4.3072E-01 4.9598E-01 5.5012E-01 6.2098E-01 6.5427E-01 6.5606E-01 6.3094E-01 5.2753E-01 6.4038E-01 6.4201E-01 5.9688E-01 4.0414E-01 1.5803E-01 4.0409E-02 6.8033E-03 0.0000E+00
 0.0000E+00 3.4478E-03 1.6618E-02 5.0353E-02 1.2773E-01 2.3734E-01 3.4320E-01 4.0033E-01 4.1725E-01 4.2622E-01 4.9406E-01 5.5862E-01 6.1455E-01 6.5474E-01 6.6126E-01 6.2873E-01 5.1846E-01 6.3753E-01 6.4088E-01 5.8778E-01 4.0550E-01 1.5690E-01 3.8663E-02 6.7974E-03 0.0000E+00
 0.0000E+00 3.3736E-03 1.6819E-02 5.0898E-02 1.2410E-01 2.3453E-01 3.4045E-01 3.9157E-01 4.1111E-01 4.2910E-01 4.8324E-01 5.5952E-01 6.1890E-01 6.5193E-01 6.5171E-01 6.3140E-01 5.1464E-01 6.4143E-01 6.4457E-01 5.9178E-01 3.9658E-01 1.5630E-01 3.9469E-02 6.7974E-03 0.0000E+00
 0.0000E+00 3.3428E-03 1.6036E-02 4.9846E-02 1.2611E-01 2.3500E-01 3.4007E-01 3.8893E-01 4.0658E-01 4.2174E-01 4.7907E-01 5.4630E-01 6.1160E-01 6.5535E-01 6.5025E-01 6.2593E-01 5.1052E-01 6.3486E-01 6.3087E-01 5.9026E-01 3.9348E-01 1.5433E-01 3.8460E-02 6.5271E-03 0.0000E+00
 0.0000E+00 3.3885E-03 1.5932E-02 4.7725E-02 1.2189E-01 2.2862E-01 3.3764E-01 3.9135E-01 4.0195E-01 4.2350E-01 4.8426E-01 5.4779E-01 6.0947E-01 6.3950E-01 6.5317E-01 6.2388E-01 5.1953E-01 6.3318E-01 6.3254E-01 5.7843E-01 3.9095E-01 1.5211E-01 3.7893E-02 6.5134E-03 0.0000E+00
 0.0000E+00 3.3291E-03 1.5108E-02 4.8254E-02 1.2340E-01 2.2686E-01 3.3663E-01 3.8330E-01 3.9640E-01 4.1188E-01 4.7718E-01 5.4636E-01 6.1006E-01 6.3464E-01 6.5154E-01 6.1844E-01 5.0733E-01 6.3914E-01 6.3546E-01 5.7798E-01 3.8894E-01 1.4571E-01 3.6953E-02 6.3782E-03 0.0000E+00
 0.0000E+00 3.1111E-03 1.5598E-02 4.5950E-02 1.1949E-01 2.2007E-01 3.3049E-01 3.7936E-01 3.9645E-01 4.2118E-01 4.7730E-01 5.4874E-01 6.0152E-01 6.4046E-01 6.5470E-01 6.2111E-01 5.1631E-01 6.3242E-01 6.4658E-01 5.6667E-01 3.7935E-01 1.4837E-01 3.6387E-02 6.4762E-03 0.0000E+00
 0.0000E+00 3.1191E-03 1.4950E-02 4.6489E-02 1.1599E-01 2.2394E-01 3.2424E-01 3.7689E-01 3.9178E-01 4.1288E-01 4.7019E-01 5.3806E-01 6.0319E-01 6.3838E-01 6.3607E-01 6.1556E-01 5.0172E-01 6.2670E-01 6.3520E-01 5.7358E-01 3.7447E-01 1.4635E-01 3.5692E-02 6.5232E-03 0.0000E+00
 0.0000E+00 3.0952E-03 1.4519E-02 4.6538E-02 1.1717E-01 2.1799E-01 3.2722E-01 3.8012E-01 3.8398E-01 4.0463E-01 4.6630E-01 5.4242E-01 5.9827E-01 6.3568E-01 6.4531E-01 6.1138E-01 5.0601E-01 6.1761E-01 6.3794E-01 5.6514E-01 3.7769E-01 1.4439E-01 3.5580E-02 6.0824E-03 0.0000E+00
 0.0000E+00 2.9776E-03 1.4567E-02 4.5259E-02 1.1393E-01 2.1364E-01 3.2237E-01 3.7120E-01 3.8610E-01 4.1155E-01 4.6125E-01 5.3057E-01 5.9674E-01 6.3222E-01 6.3416E-01 6.1711E-01 4.9096E-01 6.2957E-01 6.2750E-01 5.6609E-01 3.7170E-01 1.3729E-01 3.4522E-02 6.1804E-03 0.0000E+00
 0.0000E+00 2.9479E-03 1.4082E-02 4.4854E-02 1.1330E-01 2.1509E-01 3.1391E-01 3.6034E-01 3.8668E-01 3.9989E-01 4.7002E-01 5.2663E-01 5.8789E-01 6.2487E-01 6.4335E-01 6.1237E-01 5.1147E-01 6.2621E-01 6.2366E-01 5.5566E-01 3.6490E-01 1.3961E-01 3.4095E-02 6.0903E-03 0.0000E+00
 0.0000E+00 2.9776E-03 1.4372E-02 4.4277E-02 1.1361E-01 2.0933E-01 3.1575E-01 3.6877E-01 3.7609E-01 3.9825E-01 4.6099E-01 5.2919E-01 5.9515E-01 6.2436E-01 6.4230E-01 6.0810E-01 4.9568E-01 6.1138E-01 6.2214E-01 5.5485E-01 3.6704E-01 1.3771E-01 3.4485E-02 6.1921E-03 0.0000E+00
 0.0000E+00 2.9559E-03 1.4312E-02 4.3619E-02 1.1085E-01 2.0838E-01 3.1461E-01 3.6579E-01 3.7586E-01 3.9433E-01 4.5341E-01 5.1843E-01 5.9165E-01 6.2497E-01 6.2895E-01 6.1237E-01 4.9257E-01 6.1255E-01 6.2494E-01 5.5247E-01 3.5346E-01 1.3662E-01 3.3224E-02 5.8199E-03 0.0000E+00
 0.0000E+00 3.0187E-03 1.3563E-02 4.2189E-02 1.0900E-01 2.0778E-01 3.0808E-01 3.5697E-01 3.7628E-01 3.9760E-01 4.4674E-01 5.2121E-01 5.9195E-01 6.2098E-01 6.3466E-01 6.1570E-01 5.0253E-01 6.1133E-01 6.2099E-01 5.4401E-01 3.5362E-01 1.3170E-01 3.3176E-02 5.9218E-03 0.0000E+00
 0.0000E+00 2.9730E-03 1.3651E-02 4.2399E-02 1.0604E-01 2.0396E-01 3.0530E-01 3.5487E-01 3.6891E-01 3.9380E-01 4.5125E-01 5.1066E-01 5.7933E-01 6.2242E-01 6.3647E-01 6.1354E-01 4.8708E-01 6.0820E-01 6.2393E-01 5.4439E-01 3.4992E-01 1.2901E-01 3.2936E-02 5.9159E-03 0.0000E+00
 0.0000E+00 2.9148E-03 1.3862E-02 4.1352E-02 1.0588E-01 1.9761E-01 3.0106E-01 3.4957E-01 3.6681E-01 3.8311E-01 4.4456E-01 5.1760E-01 5.8215E-01 6.2132E-01 6.2909E-01 5.9712E-01 4.8552E-01 6.0945E-01 6.1864E-01 5.4637E-01 3.4654E-01 1.3019E-01 3.1701E-02 5.7651E-03 0.0000E+00
 0.0000E+00 2.8041E-03 1.3025E-02 4.2609E-02 1.0155E-01 1.9848E-01 2.9720E-01 3.5308E-01 3.6560E-01 3.8685E-01 4.4202E-01 5.1271E-01 5.7899E-01 6.2578E-01 6.3177E-01 5.9976E-01 4.9102E-01 6.1120E-01 6.1879E-01 5.3657E-01 3.3974E-01 1.2792E-01 3.1450E-02 5.6789E-03 0.0000E+00
 0.0000E+00 2.8270E-03 1.3091E-02 3.9820E-02 1.0300E-01 1.9875E-01 2.9611E-01 3.4793E-01 3.6741E-01 3.7713E-01 4.3881E-01 5.0738E-01 5.7693E-01 6.1074E-01 6.3036E-01 5.9691E-01 4.8403E-01 6.0370E-01 6.1386E-01 5.3366E-01 3.3558E-01 1.2483E-01 3.1135E-02 5.6554E-03 0.0000E+00
 0.0000E+00 2.7014E-03 1.2714E-02 3.8357E-02 1.0078E-01 1.8994E-01 2.9168E-01 3.4286E-01 3.5953E-01 3.8190E-01 4.3612E-01 5.1355E-01 5.7490E-01 6.0938E-01 6.2697E-01 5.9752E-01 4.7991E-01 6.1431E-01 6.1157E-01 5.2116E-01 3.3512E-01 1.2482E-01 3.1253E-02 5.2068E-03 0.0000E+00
 0.0000E+00 2.7813E-03 1.3032E-02 3.9280E-02 9.9100E-02 1.9148E-01 2.9102E-01 3.3882E-01 3.5698E-01 3.7017E-01 4.3355E-01 5.0076E-01 5.7879E-01 6.0896E-01 6.1985E-01 5.9766E-01 4.9084E-01 6.0599E-01 6.0280E-01 5.3169E-01 3.3510E-01 1.2096E-01 2.9922E-02 5.4184E-03 0.0000E+00
 0.0000E+00 2.8338E-03 1.2742E-02 3.8751E-02 9.8063E-02 1.9132E-01 2.8888E-01 3.2984E-01 3.5751E-01 3.7097E-01 4.3484E-01 4.9534E-01 5.7177E-01 6.0634E-01 6.1839E-01 5.8518E-01 4.8187E-01 6.0359E-01 5.9736E-01 5.1767E-01 3.2726E-01 1.1701E-01 2.9746E-02 5.3792E-03 0.0000E+00
 0.0000E+00 2.8144E-03 1.2739E-02 3.7710E-02 9.8467E-02 1.8809E-01 2.8324E-01 3.3663E-01 3.5528E-01 3.6208E-01 4.2852E-01 4.9717E-01 5.6181E-01 5.9727E-01 6.2515E-01 5.9065E-01 4.7603E-01 5.9670E-01 5.9580E-01 5.2912E-01 3.2410E-01 1.1724E-01 2.9121E-02 5.2989E-03 0.0000E+00
 0.0000E+00 2.6398E-03 1.2264E-02 3.7796E-02 9.5898E-02 1.8590E-01 2.8305E-01 3.3913E-01 3.5198E-01 3.6202E-01 4.2807E-01 4.9454E-01 5.6256E-01 6.0335E-01 6.0791E-01 5.9614E-01 4.7583E-01 5.9095E-01 5.9879E-01 5.1468E-01 3.2252E-01 1.1497E-01 2.9175E-02 5.3106E-03 0.0000E+00
 0.0000E+00 2.7334E-03 1.2214E-02 3.6614E-02 9.5228E-02 1.8545E-01 2.8513E-01 3.3204E-01 3.4695E-01 3.6039E-01 4.2371E-01 4.8718E-01 5.6531E-01 6.0777E-01 6.1436E-01 5.9382E-01 4.7741E-01 5.9240E-01 6.0039E-01 5.1593E-01 3.1331E-01 1.1609E-01 2.7871E-02 5.1774E-03 0.0000E+00
 0.0000E+00 2.6638E-03 1.1994E-02 3.6280E-02 9.2758E-02 1.8577E-01 2.8047E-01 3.2236E-01 3.3921E-01 3.5899E-01 4.1532E-01 4.9104E-01 5.4919E-01 5.9729E-01 5.9559E-01 5.9329E-01 4.6751E-01 5.9543E-01 6.0009E-01 5.1710E-01 3.1408E-01 1.1314E-01 2.7807E-02 4.9600E-03 0.0000E+00
 0.0000E+00 2.4994E-03 1.1689E-02 3.6204E-02 9.2689E-02 1.7599E-01 2.7339E-01 3.2550E-01 3.3679E-01 3.5548E-01 4.1154E-01 4.8750E-01 5.4915E-01 5.9646E-01 6.0082E-01 5.8310E-01 4.6233E-01 5.9113E-01 5.8760E-01 5.0552E-01 3.0409E-01 1.1151E-01 2.8186E-02 5.0912E-03 0.0000E+00
 0.0000E+00 2.6329E-03 1.1465E-02 3.5756E-02 9.2087E-02 1.7689E-01 2.7098E-01 3.1992E-01 3.3425E-01 3.4443E-01 4.1438E-01 4.7675E-01 5.4962E-01 5.8697E-01 6.0980E-01 5.8292E-01 4.6357E-01 5.9220E-01 5.8780E-01 4.9594E-01 3.0601E-01 1.0654E-01 2.8058E-02 4.9247E-03 0.0000E+00
 0.0000E+00 2.5348E-03 1.1490E-02 3.4876E-02 8.9793E-02 1.7331E-01 2.6630E-01 3.1109E-01 3.3223E-01 3.5094E-01 4.1086E-01 4.8138E-01 5.3845E-01 5.9287E-01 5.9895E-01 5.7508E-01 4.7240E-01 5.8932E-01 5.8679E-01 4.9731E-01 3.0546E-01 1.0711E-01 2.6007E-02 4.8718E-03 0.0000E+00
 0.0000E+00 2.5188E-03 1.1198E-02 3.5254E-02 8.7582E-02 1.7090E-01 2.6810E-01 3.0698E-01 3.2802E-01 3.4149E-01 4.0642E-01 4.7417E-01 5.4317E-01 5.8083E-01 5.9692E-01 5.7647E-01 4.6107E-01 5.9209E-01 5.8054E-01 4.9843E-01 2.9936E-01 1.0423E-01 2.6017E-02 4.7876E-03 0.0000E+00
 0.0000E+00 2.4081E-03 1.1484E-02 3.4180E-02 8.6530E-02 1.7191E-01 2.6341E-01 3.0883E-01 3.2665E-01 3.3809E-01 3.9557E-01 4.7501E-01 5.4165E-01 5.8499E-01 6.0086E-01 5.8052E-01 4.5592E-01 5.7619E-01 5.8259E-01 4.9473E-01 2.8981E-01 1.0272E-01 2.5600E-02 5.0579E-03 0.0000E+00
 0.0000E+00 2.5142E-03 1.1028E-02 3.3517E-02 8.6187E-02 1.6296E-01 2.5964E-01 3.0286E-01 3.2880E-01 3.3506E-01 3.9968E-01 4.6644E-01 5.3073E-01 5.8351E-01 5.9664E-01 5.7823E-01 4.4852E-01 5.7540E-01 5.6873E-01 4.8365E-01 2.9445E-01 1.0212E-01 2.5681E-02 4.5251E-03 0.0000E+00
 0.0000E+00 2.4286E-03 1.1100E-02 3.3069E-02 8.5791E-02 1.6441E-01 2.5792E-01 3.0171E-01 3.2461E-01 3.2493E-01 3.9897E-01 4.6457E-01 5.3578E-01 5.7422E-01 5.8718E-01 5.5760E-01 4.5074E-01 5.7713E-01 5.5915E-01 4.8320E-01 2.9081E-01 1.0110E-01 2.4372E-02 4.5094E-03 0.0000E+00
 0.0000E+00 2.3111E-03 1.0610E-02 3.2745E-02 8.3832E-02 1.6508E-01 2.5516E-01 3.0354E-01 3.2302E-01 3.3189E-01 3.8645E-01 4.6566E-01 5.3086E-01 5.7919E-01 5.9263E-01 5.6101E-01 4.5842E-01 5.7838E-01 5.7396E-01 4.7874E-01 2.8303E-01 1.0015E-01 2.5184E-02 4.7798E-03 0.0000E+00
 0.0000E+00 2.3864E-03 1.0839E-02 3.2184E-02 8.1568E-02 1.6406E-01 2.4961E-01 3.0353E-01 3.1857E-01 3.3059E-01 3.8474E-01 4.5882E-01 5.3106E-01 5.7295E-01 5.9055E-01 5.6461E-01 4.4522E-01 5.7095E-01 5.6276E-01 4.7950E-01 2.8456E-01 9.5920E-02 2.3789E-02 4.5212E-03 0.0000E+00
 0.0000E+00 2.3670E-03 1.0647E-02 3.1353E-02 8.0920E-02 1.5999E-01 2.4921E-01 2.9248E-01 3.1721E-01 3.2610E-01 3.7928E-01 4.5183E-01 5.1856E-01 5.6946E-01 5.8207E-01 5.5632E-01 4.5580E-01 5.6734E-01 5.5793E-01 4.6833E-01 2.7734E-01 9.3941E-02 2.4666E-02 4.4369E-03 0.0000E+00
 0.0000E+00 2.3145E-03 1.0289E-02 3.1185E-02 8.0974E-02 1.5625E-01 2.4765E-01 2.9052E-01 3.1011E-01 3.2553E-01 3.8324E-01 4.5374E-01 5.2559E-01 5.7378E-01 5.8119E-01 5.4926E-01 4.4734E-01 5.6797E-01 5.5998E-01 4.7174E-01 2.7776E-01 9.5105E-02 2.3020E-02 4.5094E-03 0.0000E+00
 0.0000E+00 2.3385E-03 1.0824E-02 3.1844E-02 7.8832E-02 1.5591E-01 2.4043E-01 2.8807E-01 3.0817E-01 3.1724E-01 3.7635E-01 4.4513E-01 5.1679E-01 5.6385E-01 5.9079E-01 5.5009E-01 4.4133E-01 5.6014E-01 5.6382E-01 4.6344E-01 2.7122E-01 9.0643E-02 2.2486E-02 4.5173E-03 0.0000E+00
 0.0000E+00 2.3305E-03 9.8988E-03 3.0284E-02 7.6629E-02 1.5468E-01 2.3987E-01 2.8351E-01 3.0573E-01 3.1480E-01 3.7129E-01 4.4847E-01 5.1352E-01 5.6492E-01 5.7357E-01 5.5563E-01 4.4570E-01 5.6233E-01 5.5855E-01 4.4977E-01 2.6817E-01 9.1339E-02 2.2315E-02 4.4722E-03 0.0000E+00
 0.0000E+00 2.2095E-03 1.0220E-02 3.0549E-02 7.6514E-02 1.5170E-01 2.4097E-01 2.8357E-01 2.9870E-01 3.1066E-01 3.7929E-01 4.3960E-01 5.0876E-01 5.5859E-01 5.6368E-01 5.5872E-01 4.4053E-01 5.6693E-01 5.5445E-01 4.5563E-01 2.6222E-01 8.9104E-02 2.2368E-02 4.1529E-03 0.0000E+00
 0.0000E+00 2.1468E-03 9.7510E-03 2.9772E-02 7.6568E-02 1.4896E-01 2.3679E-01 2.7866E-01 2.9788E-01 3.1124E-01 3.6622E-01 4.3330E-01 5.0801E-01 5.5517E-01 5.7775E-01 5.5270E-01 4.3702E-01 5.5599E-01 5.4619E-01 4.5828E-01 2.5712E-01 8.6621E-02 2.1738E-02 4.1216E-03 0.0000E+00
 0.0000E+00 2.1810E-03 1.0031E-02 2.9254E-02 7.3412E-02 1.4607E-01 2.3657E-01 2.7567E-01 2.9354E-01 3.0892E-01 3.6829E-01 4.2930E-01 5.0267E-01 5.5412E-01 5.6743E-01 5.6107E-01 4.3886E-01 5.5663E-01 5.4323E-01 4.4848E-01 2.6143E-01 8.6731E-02 2.2603E-02 4.0628E-03 0.0000E+00
 0.0000E+00 2.2118E-03 9.5245E-03 2.8498E-02 7.2810E-02 1.4668E-01 2.3038E-01 2.7763E-01 2.9009E-01 3.0092E-01 3.6532E-01 4.3135E-01 5.0715E-01 5.4690E-01 5.6965E-01 5.5062E-01 4.3961E-01 5.4966E-01 5.3891E-01 4.4503E-01 2.5739E-01 8.4157E-02 2.1690E-02 4.0941E-03 0.0000E+00
 0.0000E+00 2.0258E-03 9.4396E-03 2.8860E-02 7.1949E-02 1.4482E-01 2.2968E-01 2.7241E-01 2.9274E-01 3.0270E-01 3.5788E-01 4.3256E-01 5.0354E-01 5.4875E-01 5.6535E-01 5.4089E-01 4.2559E-01 5.5464E-01 5.2502E-01 4.4998E-01 2.5797E-01 8.3186E-02 2.0269E-02 3.9786E-03 0.0000E+00
 0.0000E+00 2.0383E-03 9.4553E-03 2.7726E-02 7.1270E-02 1.3870E-01 2.2510E-01 2.6518E-01 2.8866E-01 2.9868E-01 3.5460E-01 4.2077E-01 4.9453E-01 5.3823E-01 5.6831E-01 5.4492E-01 4.3581E-01 5.3709E-01 5.3089E-01 4.3857E-01 2.4747E-01 8.4331E-02 2.1001E-02 3.8806E-03 0.0000E+00
 0.0000E+00 2.1399E-03 9.4396E-03 2.6588E-02 6.9060E-02 1.3911E-01 2.2740E-01 2.6786E-01 2.8101E-01 2.9660E-01 3.4784E-01 4.1403E-01 4.9306E-01 5.4097E-01 5.5623E-01 5.3591E-01 4.3935E-01 5.5154E-01 5.3315E-01 4.3759E-01 2.4479E-01 8.1784E-02 2.1385E-02 3.8689E-03 0.0000E+00
 0.0000E+00 2.0064E-03 9.0275E-03 2.6960E-02 6.9326E-02 1.3707E-01 2.2142E-01 2.6153E-01 2.8344E-01 2.9007E-01 3.4885E-01 4.2223E-01 4.8009E-01 5.3479E-01 5.5742E-01 5.2629E-01 4.3201E-01 5.4780E-01 5.2907E-01 4.3264E-01 2.4023E-01 7.9741E-02 1.9687E-02 3.9570E-03 0.0000E+00
 0.0000E+00 1.9995E-03 9.3798E-03 2.7322E-02 6.5652E-02 1.3824E-01 2.1630E-01 2.5723E-01 2.7632E-01 2.9033E-01 3.4576E-01 4.1669E-01 4.7727E-01 5.2927E-01 5.4658E-01 5.3529E-01 4.2726E-01 5.3816E-01 5.2414E-01 4.2685E-01 2.3549E-01 7.8394E-02 1.9451E-02 3.8042E-03 0.0000E+00
 0.0000E+00 2.1045E-03 9.0244E-03 2.6507E-02 6.8145E-02 1.3415E-01 2.1721E-01 2.5803E-01 2.7784E-01 2.8353E-01 3.3951E-01 4.1009E-01 4.8676E-01 5.3953E-01 5.5222E-01 5.3260E-01 4.2985E-01 5.4167E-01 5.2587E-01 4.2280E-01 2.3824E-01 7.8431E-02 1.9537E-02 3.6691E-03 0.0000E+00
 0.0000E+00 2.0018E-03 8.9520E-03 2.5320E-02 6.3693E-02 1.3178E-01 2.1410E-01 2.5527E-01 2.7653E-01 2.8349E-01 3.3005E-01 4.0498E-01 4.7659E-01 5.2593E-01 5.5322E-01 5.2229E-01 4.2277E-01 5.4752E-01 5.2662E-01 4.2432E-01 2.3414E-01 7.5371E-02 1.9697E-02 3.7004E-03 0.0000E+00
 0.0000E+00 2.0121E-03 8.7884E-03 2.5368E-02 6.4997E-02 1.3339E-01 2.1112E-01 2.5041E-01 2.7118E-01 2.8595E-01 3.4007E-01 4.0179E-01 4.7667E-01 5.2258E-01 5.4687E-01 5.2893E-01 4.2643E-01 5.2918E-01 5.2039E-01 4.2449E-01 2.3070E-01 7.6443E-02 1.8554E-02 3.7396E-03 0.0000E+00
 0.0000E+00 1.9048E-03 8.4299E-03 2.4996E-02 6.5096E-02 1.3026E-01 2.1205E-01 2.4905E-01 2.7102E-01 2.6942E-01 3.3204E-01 3.9595E-01 4.6892E-01 5.1844E-01 5.3194E-01 5.2733E-01 4.1624E-01 5.3398E-01 5.1398E-01 4.1979E-01 2.2777E-01 7.2458E-02 1.7902E-02 3.8101E-03 0.0000E+00
 0.0000E+00 1.9231E-03 8.6909E-03 2.4084E-02 6.3869E-02 1.2821E-01 2.0388E-01 2.4716E-01 2.6437E-01 2.7169E-01 3.3544E-01 3.9591E-01 4.6785E-01 5.1336E-01 5.4902E-01 5.1699E-01 4.1109E-01 5.2472E-01 5.1082E-01 4.1040E-01 2.2727E-01 7.2824E-02 1.8351E-02 3.3615E-03 0.0000E+00
 0.0000E+00 1.9733E-03 8.3890E-03 2.3960E-02 6.2199E-02 1.2653E-01 2.0372E-01 2.4310E-01 2.6236E-01 2.7090E-01 3.2301E-01 3.9059E-01 4.6160E-01 5.1582E-01 5.2661E-01 5.1059E-01 4.1584E-01 5.3126E-01 5.1353E-01 3.9989E-01 2.2649E-01 7.2678E-02 1.8468E-02 3.5633E-03 0.0000E+00
 0.0000E+00 1.8569E-03 8.3858E-03 2.3485E-02 6.0774E-02 1.2423E-01 2.0068E-01 2.4184E-01 2.6003E-01 2.7279E-01 3.2261E-01 3.9089E-01 4.6142E-01 5.0737E-01 5.3700E-01 5.1232E-01 4.1288E-01 5.2144E-01 5.1046E-01 4.0269E-01 2.2005E-01 6.9993E-02 1.7234E-02 3.5652E-03 0.0000E+00
 0.0000E+00 1.8717E-03 8.4361E-03 2.3560E-02 6.0667E-02 1.2108E-01 2.0217E-01 2.3664E-01 2.5899E-01 2.6389E-01 3.1813E-01 3.9145E-01 4.6367E-01 5.0775E-01 5.2948E-01 5.0830E-01 4.0382E-01 5.2309E-01 4.9848E-01 4.0473E-01 2.1502E-01 6.9242E-02 1.8287E-02 3.3928E-03 0.0000E+00
 0.0000E+00 1.7872E-03 7.8385E-03 2.3711E-02 5.9669E-02 1.2178E-01 1.9541E-01 2.3692E-01 2.5537E-01 2.5724E-01 3.1939E-01 3.8959E-01 4.5350E-01 5.1612E-01 5.3022E-01 5.1278E-01 4.0784E-01 5.0925E-01 5.0184E-01 3.9615E-01 2.1294E-01 6.7501E-02 1.7282E-02 3.4164E-03 0.0000E+00
 0.0000E+00 1.8922E-03 7.6561E-03 2.3096E-02 5.9410E-02 1.1817E-01 1.9412E-01 2.3436E-01 2.5040E-01 2.5721E-01 3.1764E-01 3.7661E-01 4.4869E-01 5.0543E-01 5.3225E-01 5.1016E-01 4.0151E-01 5.1913E-01 5.0196E-01 3.8784E-01 2.1113E-01 6.7575E-02 1.6470E-02 3.5378E-03 0.0000E+00
 0.0000E+00 1.7907E-03 7.7693E-03 2.2686E-02 5.7573E-02 1.1821E-01 1.8988E-01 2.2523E-01 2.4790E-01 2.5467E-01 3.1036E-01 3.7330E-01 4.4705E-01 4.9352E-01 5.2009E-01 5.0659E-01 3.9743E-01 5.1037E-01 4.9528E-01 3.8669E-01 2.0870E-01 6.6329E-02 1.7138E-02 3.2753E-03 0.0000E+00
 0.0000E+00 1.8261E-03 7.9612E-03 2.2368E-02 5.7900E-02 1.1549E-01 1.8791E-01 2.2987E-01 2.5135E-01 2.5185E-01 3.0547E-01 3.7856E-01 4.4408E-01 5.0252E-01 5.1673E-01 4.9772E-01 4.0195E-01 5.0419E-01 4.9136E-01 3.9136E-01 2.0626E-01 6.4955E-02 1.6850E-02 3.3067E-03 0.0000E+00
 0.0000E+00 1.8021E-03 7.3195E-03 2.1456E-02 5.4424E-02 1.1427E-01 1.8667E-01 2.2551E-01 2.4658E-01 2.5297E-01 3.0118E-01 3.6495E-01 4.4970E-01 4.9946E-01 5.1443E-01 4.9313E-01 3.9349E-01 4.9755E-01 4.8344E-01 3.7862E-01 2.0129E-01 6.4341E-02 1.6502E-02 3.3635E-03 0.0000E+00
 0.0000E+00 1.7895E-03 7.0836E-03 2.2826E-02 5.6025E-02 1.1399E-01 1.8586E-01 2.2831E-01 2.4734E-01 2.4923E-01 3.0302E-01 3.6864E-01 4.3771E-01 4.9216E-01 5.2286E-01 4.9782E-01 4.1017E-01 4.9717E-01 4.7806E-01 3.8040E-01 1.9565E-01 6.3709E-02 1.6374E-02 3.3635E-03 0.0000E+00
 0.0000E+00 1.6811E-03 7.2126E-03 2.1450E-02 5.4318E-02 1.1177E-01 1.8291E-01 2.1897E-01 2.3923E-01 2.4768E-01 3.0155E-01 3.5602E-01 4.3408E-01 4.9005E-01 5.1142E-01 4.8799E-01 4.0054E-01 4.9139E-01 4.8254E-01 3.7411E-01 1.9716E-01 6.3186E-02 1.5739E-02 3.1460E-03 0.0000E+00
 0.0000E+00 1.6823E-03 7.4862E-03 2.0922E-02 5.4828E-02 1.1084E-01 1.7959E-01 2.2299E-01 2.3769E-01 2.4682E-01 3.0022E-01 3.6204E-01 4.3289E-01 4.9511E-01 5.1076E-01 4.7944E-01 3.9297E-01 4.9587E-01 4.8514E-01 3.6802E-01 1.9063E-01 5.9888E-02 1.4841E-02 3.1206E-03 0.0000E+00
 0.0000E+00 1.6161E-03 7.2346E-03 2.0161E-02 5.2405E-02 1.0846E-01 1.7743E-01 2.1891E-01 2.3445E-01 2.3989E-01 2.9337E-01 3.5528E-01 4.2868E-01 4.8143E-01 4.9953E-01 4.8911E-01 3.9248E-01 4.9816E-01 4.8100E-01 3.7076E-01 1.9029E-01 5.9705E-02 1.4793E-02 3.0735E-03 0.0000E+00
 0.0000E+00 1.6092E-03 7.0427E-03 2.0495E-02 5.1665E-02 1.0982E-01 1.7717E-01 2.1761E-01 2.2795E-01 2.3766E-01 2.8541E-01 3.4653E-01 4.2703E-01 4.8204E-01 5.0889E-01 4.8072E-01 3.9366E-01 4.9783E-01 4.7611E-01 3.6907E-01 1.8841E-01 5.7717E-02 1.4820E-02 3.0148E-03 0.0000E+00
 0.0000E+00 1.6343E-03 6.7345E-03 2.0204E-02 5.0369E-02 1.0691E-01 1.7436E-01 2.1088E-01 2.2856E-01 2.3823E-01 2.8718E-01 3.5018E-01 4.1745E-01 4.6456E-01 4.9932E-01 4.8226E-01 3.8117E-01 4.8173E-01 4.6931E-01 3.5708E-01 1.8527E-01 5.6105E-02 1.4921E-02 3.1519E-03 0.0000E+00
 0.0000E+00 1.6172E-03 6.9515E-03 2.0555E-02 4.9775E-02 1.0320E-01 1.6700E-01 2.1095E-01 2.3144E-01 2.3396E-01 2.8272E-01 3.4969E-01 4.1347E-01 4.7726E-01 5.0077E-01 4.7885E-01 3.8888E-01 4.7961E-01 4.7336E-01 3.5672E-01 1.8328E-01 5.5024E-02 1.3815E-02 3.1166E-03 0.0000E+00
 0.0000E+00 1.6583E-03 6.9137E-03 1.9362E-02 5.1185E-02 1.0151E-01 1.6921E-01 2.0809E-01 2.2675E-01 2.3544E-01 2.7920E-01 3.4747E-01 4.1420E-01 4.7202E-01 4.9342E-01 4.7035E-01 3.8155E-01 4.8180E-01 4.6911E-01 3.5183E-01 1.8106E-01 5.8001E-02 1.4884E-02 3.0912E-03 0.0000E+00
 0.0000E+00 1.6229E-03 6.9861E-03 1.9319E-02 4.9058E-02 9.9940E-02 1.6127E-01 2.0392E-01 2.1634E-01 2.2746E-01 2.7408E-01 3.4094E-01 4.1356E-01 4.6762E-01 4.8231E-01 4.7637E-01 3.7795E-01 4.8086E-01 4.5765E-01 3.4915E-01 1.7748E-01 5.3970E-02 1.5188E-02 2.9247E-03 0.0000E+00
 0.0000E+00 1.4882E-03 6.3476E-03 1.9378E-02 4.7968E-02 9.7657E-02 1.6241E-01 2.0403E-01 2.1878E-01 2.2484E-01 2.7704E-01 3.3688E-01 4.0685E-01 4.7000E-01 4.8993E-01 4.6611E-01 3.7576E-01 4.7033E-01 4.5191E-01 3.4988E-01 1.7501E-01 5.3283E-02 1.4414E-02 2.8581E-03 0.0000E+00
 0.0000E+00 1.5761E-03 6.7345E-03 1.8277E-02 4.7511E-02 9.7154E-02 1.6143E-01 1.9980E-01 2.1881E-01 2.2527E-01 2.6842E-01 3.2800E-01 4.0002E-01 4.6161E-01 4.8878E-01 4.6385E-01 3.8091E-01 4.7956E-01 4.4937E-01 3.4121E-01 1.7164E-01 5.3219E-02 1.3142E-02 2.7170E-03 0.0000E+00
 0.0000E+00 1.4939E-03 6.4922E-03 1.8396E-02 4.6322E-02 9.9534E-02 1.6073E-01 1.9497E-01 2.1587E-01 2.2200E-01 2.7312E-01 3.2807E-01 3.9782E-01 4.5135E-01 4.7758E-01 4.6848E-01 3.7361E-01 4.8241E-01 4.5088E-01 3.4150E-01 1.7285E-01 5.1148E-02 1.3158E-02 2.8933E-03 0.0000E+00
 0.0000E+00 1.5727E-03 6.7156E-03 1.8126E-02 4.5750E-02 9.5346E-02 1.5904E-01 1.9573E-01 2.1373E-01 2.1516E-01 2.6606E-01 3.2164E-01 4.0087E-01 4.5874E-01 4.6918E-01 4.6278E-01 3.6512E-01 4.6941E-01 4.4139E-01 3.4076E-01 1.6430E-01 5.0223E-02 1.3548E-02 2.8679E-03 0.0000E+00
 0.0000E+00 1.5807E-03 6.1714E-03 1.8375E-02 4.4325E-02 9.2937E-02 1.5558E-01 1.9041E-01 2.1249E-01 2.1255E-01 2.6361E-01 3.2038E-01 3.9709E-01 4.5065E-01 4.8532E-01 4.5625E-01 3.7418E-01 4.6280E-01 4.3951E-01 3.3263E-01 1.6646E-01 4.9224E-02 1.3698E-02 2.6759E-03 0.0000E+00
 0.0000E+00 1.4848E-03 6.5583E-03 1.8202E-02 4.4149E-02 9.2831E-02 1.5218E-01 1.8932E-01 2.0856E-01 2.1126E-01 2.6150E-01 3.2086E-01 3.9707E-01 4.5058E-01 4.8236E-01 4.5316E-01 3.6995E-01 4.6839E-01 4.3829E-01 3.4340E-01 1.6223E-01 4.9655E-02 1.2950E-02 2.7484E-03 0.0000E+00
 0.0000E+00 1.5293E-03 6.6778E-03 1.7236E-02 4.3997E-02 9.0974E-02 1.5107E-01 1.8888E-01 2.0720E-01 2.0332E-01 2.6048E-01 3.2106E-01 3.8938E-01 4.4179E-01 4.7913E-01 4.6457E-01 3.6805E-01 4.5638E-01 4.3411E-01 3.2901E-01 1.6234E-01 4.9930E-02 1.2752E-02 2.6387E-03 0.0000E+00
 0.0000E+00 1.3798E-03 6.1211E-03 1.7630E-02 4.2465E-02 8.7956E-02 1.4854E-01 1.8404E-01 2.0880E-01 2.0971E-01 2.5304E-01 3.1642E-01 3.8914E-01 4.4584E-01 4.6406E-01 4.5995E-01 3.6762E-01 4.5893E-01 4.3643E-01 3.2331E-01 1.5943E-01 4.8336E-02 1.2506E-02 2.7346E-03 0.0000E+00
 0.0000E+00 1.3593E-03 6.2595E-03 1.7538E-02 4.2175E-02 8.8653E-02 1.4759E-01 1.8259E-01 1.9920E-01 2.0810E-01 2.5206E-01 3.1303E-01 3.7928E-01 4.3764E-01 4.5463E-01 4.5228E-01 3.6144E-01 4.5206E-01 4.2826E-01 3.1867E-01 1.5750E-01 4.6403E-02 1.2560E-02 2.7699E-03 0.0000E+00
 0.0000E+00 1.3787E-03 6.1337E-03 1.6934E-02 4.2038E-02 8.6476E-02 1.4238E-01 1.8247E-01 1.9905E-01 2.0461E-01 2.5013E-01 3.0466E-01 3.7949E-01 4.2978E-01 4.5869E-01 4.4287E-01 3.6526E-01 4.5537E-01 4.2429E-01 3.2086E-01 1.5349E-01 4.4570E-02 1.1871E-02 2.4996E-03 0.0000E+00
 0.0000E+00 1.3695E-03 6.0519E-03 1.6464E-02 4.1306E-02 8.4387E-02 1.4586E-01 1.7924E-01 1.9786E-01 2.0005E-01 2.4602E-01 3.0715E-01 3.7857E-01 4.2666E-01 4.4651E-01 4.4007E-01 3.6282E-01 4.4707E-01 4.3485E-01 3.1326E-01 1.5074E-01 4.4543E-02 1.1636E-02 2.5250E-03 0.0000E+00
 0.0000E+00 1.3136E-03 5.6493E-03 1.6297E-02 4.2152E-02 8.6360E-02 1.4258E-01 1.7816E-01 1.9739E-01 2.0001E-01 2.4514E-01 3.0348E-01 3.6631E-01 4.2798E-01 4.5255E-01 4.3123E-01 3.4849E-01 4.5201E-01 4.2066E-01 3.1057E-01 1.4895E-01 4.3187E-02 1.1678E-02 2.4780E-03 0.0000E+00
 0.0000E+00 1.3581E-03 5.8474E-03 1.5790E-02 3.9660E-02 8.7066E-02 1.3843E-01 1.7649E-01 1.9096E-01 1.9820E-01 2.4065E-01 3.0245E-01 3.7203E-01 4.2303E-01 4.5418E-01 4.4711E-01 3.5145E-01 4.4114E-01 4.1782E-01 3.0657E-01 1.4605E-01 4.3892E-02 1.1539E-02 2.6974E-03 0.0000E+00
 0.0000E+00 1.4118E-03 5.6115E-03 1.6410E-02 3.9766E-02 8.3082E-02 1.4000E-01 1.7266E-01 1.8923E-01 1.9460E-01 2.3506E-01 2.9200E-01 3.6924E-01 4.2420E-01 4.4508E-01 4.2939E-01 3.5534E-01 4.4432E-01 4.1291E-01 3.0489E-01 1.4547E-01 4.2802E-02 1.1502E-02 2.5309E-03 0.0000E+00
 0.0000E+00 1.3536E-03 5.7782E-03 1.5417E-02 3.7769E-02 8.0528E-02 1.3925E-01 1.7069E-01 1.8523E-01 1.9384E-01 2.3656E-01 2.9047E-01 3.5864E-01 4.2054E-01 4.4493E-01 4.3064E-01 3.5623E-01 4.4003E-01 4.1129E-01 2.9946E-01 1.3862E-01 4.2509E-02 1.1235E-02 2.4330E-03 0.0000E+00
 0.0000E+00 1.3273E-03 5.2970E-03 1.5363E-02 3.7686E-02 8.0876E-02 1.3469E-01 1.6747E-01 1.8487E-01 1.9009E-01 2.2894E-01 2.8461E-01 3.5898E-01 4.1460E-01 4.4653E-01 4.2971E-01 3.5042E-01 4.4148E-01 4.1323E-01 3.0306E-01 1.4171E-01 4.1565E-02 1.1342E-02 2.3938E-03 0.0000E+00
 0.0000E+00 1.3079E-03 5.4763E-03 1.4273E-02 3.6390E-02 7.9290E-02 1.3145E-01 1.6821E-01 1.8186E-01 1.8867E-01 2.3555E-01 2.8847E-01 3.5999E-01 4.1591E-01 4.4780E-01 4.3243E-01 3.3865E-01 4.3486E-01 4.1201E-01 2.9586E-01 1.3849E-01 4.2674E-02 1.0589E-02 2.3938E-03 0.0000E+00
 0.0000E+00 1.3307E-03 5.5172E-03 1.5871E-02 3.6733E-02 7.7723E-02 1.3082E-01 1.6537E-01 1.8087E-01 1.8515E-01 2.2845E-01 2.8038E-01 3.5185E-01 4.1245E-01 4.3352E-01 4.2773E-01 3.4616E-01 4.2786E-01 4.0427E-01 2.8615E-01 1.3674E-01 3.9275E-02 1.0466E-02 2.3801E-03 0.0000E+00
 0.0000E+00 1.1835E-03 5.0925E-03 1.5293E-02 3.6184E-02 7.7569E-02 1.2764E-01 1.6220E-01 1.7934E-01 1.8395E-01 2.2537E-01 2.7751E-01 3.5604E-01 4.1358E-01 4.3111E-01 4.2347E-01 3.5180E-01 4.1835E-01 3.9041E-01 2.8622E-01 1.3449E-01 3.9999E-02 1.0556E-02 2.3154E-03 0.0000E+00
 0.0000E+00 1.3319E-03 5.2120E-03 1.4921E-02 3.5635E-02 7.4977E-02 1.2851E-01 1.6451E-01 1.7725E-01 1.8414E-01 2.1948E-01 2.7466E-01 3.4713E-01 4.0580E-01 4.3369E-01 4.2395E-01 3.5088E-01 4.2710E-01 3.9899E-01 2.8384E-01 1.3385E-01 3.8176E-02 1.0129E-02 2.2704E-03 0.0000E+00
 0.0000E+00 1.3456E-03 5.0925E-03 1.4246E-02 3.6519E-02 7.4058E-02 1.2498E-01 1.5449E-01 1.7541E-01 1.7667E-01 2.1777E-01 2.7168E-01 3.4446E-01 3.9819E-01 4.2409E-01 4.1161E-01 3.4101E-01 4.2015E-01 3.9005E-01 2.8726E-01 1.2985E-01 3.8249E-02 9.7337E-03 2.2488E-03 0.0000E+00
 0.0000E+00 1.2314E-03 5.2718E-03 1.4036E-02 3.5986E-02 7.3574E-02 1.2239E-01 1.5512E-01 1.7122E-01 1.7603E-01 2.1667E-01 2.7237E-01 3.4222E-01 4.0119E-01 4.2449E-01 4.1713E-01 3.4015E-01 4.2049E-01 3.9220E-01 2.7699E-01 1.3122E-01 3.7782E-02 1.0065E-02 2.3037E-03 0.0000E+00
 0.0000E+00 1.3227E-03 4.8975E-03 1.4581E-02 3.4698E-02 7.3226E-02 1.2136E-01 1.5738E-01 1.7326E-01 1.7372E-01 2.1591E-01 2.6495E-01 3.3865E-01 3.9656E-01 4.2659E-01 4.0300E-01 3.3526E-01 4.1540E-01 3.8909E-01 2.7468E-01 1.2711E-01 3.7150E-02 9.8513E-03 2.2919E-03 0.0000E+00
 0.0000E+00 1.2120E-03 4.9290E-03 1.3431E-02 3.3615E-02 7.0798E-02 1.1658E-01 1.5674E-01 1.6945E-01 1.7267E-01 2.1275E-01 2.6538E-01 3.3889E-01 3.8832E-01 4.2122E-01 4.1356E-01 3.3298E-01 4.1232E-01 3.9069E-01 2.7444E-01 1.2331E-01 3.5812E-02 9.3598E-03 2.0862E-03 0.0000E+00
 0.0000E+00 1.3022E-03 4.7968E-03 1.3091E-02 3.3600E-02 7.0779E-02 1.1794E-01 1.5264E-01 1.6914E-01 1.7064E-01 2.1309E-01 2.5836E-01 3.2836E-01 3.8260E-01 4.1854E-01 4.1254E-01 3.4262E-01 4.1425E-01 3.8960E-01 2.7313E-01 1.2519E-01 3.5629E-02 9.2316E-03 2.2018E-03 0.0000E+00
 0.0000E+00 1.1926E-03 4.8189E-03 1.3183E-02 3.3935E-02 6.8409E-02 1.1645E-01 1.4866E-01 1.6324E-01 1.6650E-01 2.0564E-01 2.5693E-01 3.2772E-01 3.8186E-01 4.0959E-01 4.0021E-01 3.3301E-01 4.1038E-01 3.8572E-01 2.6713E-01 1.2188E-01 3.5583E-02 8.8362E-03 2.1293E-03 0.0000E+00
 0.0000E+00 1.2372E-03 5.2246E-03 1.2832E-02 3.1466E-02 6.7810E-02 1.1585E-01 1.4924E-01 1.6245E-01 1.6574E-01 2.0378E-01 2.5967E-01 3.2421E-01 3.8422E-01 4.0624E-01 4.0079E-01 3.2406E-01 4.0883E-01 3.7989E-01 2.6768E-01 1.2078E-01 3.3796E-02 9.1407E-03 2.1000E-03 0.0000E+00
 0.0000E+00 1.2326E-03 4.5829E-03 1.3075E-02 3.2861E-02 6.6465E-02 1.1262E-01 1.4584E-01 1.6270E-01 1.6542E-01 1.9850E-01 2.5445E-01 3.2205E-01 3.7727E-01 4.0942E-01 4.0439E-01 3.2904E-01 3.9258E-01 3.6932E-01 2.6610E-01 1.1728E-01 3.5372E-02 9.1835E-03 2.0725E-03 0.0000E+00
 0.0000E+00 1.1710E-03 4.7182E-03 1.3038E-02 3.0619E-02 6.7520E-02 1.0929E-01 1.4567E-01 1.5879E-01 1.6342E-01 1.9857E-01 2.5200E-01 3.1797E-01 3.7340E-01 4.0436E-01 4.0164E-01 3.2179E-01 4.0596E-01 3.7596E-01 2.6150E-01 1.1473E-01 3.3879E-02 9.0606E-03 2.0588E-03 0.0000E+00
 0.0000E+00 1.1721E-03 4.7780E-03 1.2163E-02 3.0094E-02 6.4250E-02 1.0948E-01 1.4404E-01 1.5449E-01 1.5861E-01 1.9801E-01 2.4528E-01 3.1443E-01 3.6193E-01 3.9743E-01 3.9053E-01 3.3103E-01 3.9548E-01 3.6192E-01 2.5748E-01 1.1463E-01 3.2468E-02 9.1087E-03 1.9746E-03 0.0000E+00
 0.0000E+00 1.1196E-03 4.5924E-03 1.2482E-02 3.0482E-02 6.4134E-02 1.1031E-01 1.3889E-01 1.5831E-01 1.5964E-01 1.9364E-01 2.4267E-01 3.2020E-01 3.6225E-01 4.0132E-01 3.8637E-01 3.2499E-01 3.8891E-01 3.6755E-01 2.5179E-01 1.1269E-01 3.0782E-02 8.9217E-03 1.9491E-03 0.0000E+00
 0.0000E+00 1.1287E-03 4.6301E-03 1.2239E-02 2.9499E-02 6.2094E-02 1.0869E-01 1.3856E-01 1.5613E-01 1.5702E-01 1.9309E-01 2.4247E-01 3.0552E-01 3.6306E-01 3.9884E-01 3.9272E-01 3.2058E-01 3.8662E-01 3.5822E-01 2.5415E-01 1.1200E-01 3.1882E-02 9.0125E-03 1.8962E-03 0.0000E+00
 0.0000E+00 1.2132E-03 4.5892E-03 1.2390E-02 2.9141E-02 6.2461E-02 1.0434E-01 1.3588E-01 1.5098E-01 1.5686E-01 1.8871E-01 2.4225E-01 3.0089E-01 3.6017E-01 3.9910E-01 3.8555E-01 3.1981E-01 3.9179E-01 3.5696E-01 2.4587E-01 1.0783E-01 3.2111E-02 8.0402E-03 1.9080E-03 0.0000E+00
 0.0000E+00 1.0819E-03 4.3596E-03 1.1548E-02 2.7875E-02 6.2597E-02 1.0187E-01 1.3336E-01 1.5010E-01 1.5043E-01 1.8904E-01 2.3966E-01 3.0230E-01 3.5690E-01 3.9082E-01 3.8787E-01 3.0991E-01 3.9232E-01 3.5551E-01 2.4402E-01 1.0571E-01 2.9472E-02 8.2593E-03 2.0098E-03 0.0000E+00
 0.0000E+00 1.1059E-03 4.5075E-03 1.2066E-02 2.8607E-02 6.0420E-02 1.0094E-01 1.3121E-01 1.4846E-01 1.4964E-01 1.8148E-01 2.3215E-01 2.9820E-01 3.5320E-01 3.9557E-01 3.8115E-01 3.1736E-01 3.9118E-01 3.5916E-01 2.3858E-01 1.0668E-01 2.9912E-02 8.4836E-03 1.9628E-03 0.0000E+00
 0.0000E+00 1.0762E-03 4.6773E-03 1.1694E-02 2.7418E-02 6.1020E-02 1.0075E-01 1.3117E-01 1.4561E-01 1.4870E-01 1.8148E-01 2.3330E-01 2.9785E-01 3.5120E-01 3.8131E-01 3.7494E-01 3.1906E-01 3.8163E-01 3.5357E-01 2.4271E-01 1.0446E-01 2.9500E-02 8.4195E-03 1.9335E-03 0.0000E+00
 0.0000E+00 1.0317E-03 4.2967E-03 1.1688E-02 2.7288E-02 5.9521E-02 9.9026E-02 1.2910E-01 1.4523E-01 1.4828E-01 1.7983E-01 2.2961E-01 2.9350E-01 3.5265E-01 3.8585E-01 3.7481E-01 3.1175E-01 3.8606E-01 3.5190E-01 2.3198E-01 1.0284E-01 2.9417E-02 7.7571E-03 1.8414E-03 0.0000E+00
 0.0000E+00 1.0968E-03 4.0514E-03 1.1494E-02 2.7205E-02 5.9018E-02 9.9699E-02 1.2745E-01 1.4078E-01 1.4284E-01 1.7913E-01 2.2809E-01 2.9371E-01 3.4056E-01 3.7353E-01 3.7566E-01 3.1126E-01 3.8258E-01 3.4089E-01 2.2772E-01 1.0253E-01 2.9546E-02 8.1364E-03 1.9472E-03 0.0000E+00
 0.0000E+00 1.0728E-03 4.3376E-03 1.0717E-02 2.5070E-02 5.5846E-02 9.6437E-02 1.2675E-01 1.4280E-01 1.4440E-01 1.7383E-01 2.2232E-01 2.8890E-01 3.4443E-01 3.7188E-01 3.6785E-01 3.0246E-01 3.7141E-01 3.4309E-01 2.3370E-01 1.0104E-01 2.7860E-02 7.5915E-03 1.9119E-03 0.0000E+00
 0.0000E+00 1.1128E-03 4.3250E-03 1.1505E-02 2.5551E-02 5.5865E-02 9.1476E-02 1.2498E-01 1.3791E-01 1.4103E-01 1.7252E-01 2.2245E-01 2.8639E-01 3.4564E-01 3.7680E-01 3.6908E-01 3.0378E-01 3.7721E-01 3.3271E-01 2.3070E-01 9.5396E-02 2.7466E-02 7.5754E-03 1.8316E-03 0.0000E+00
 0.0000E+00 1.0066E-03 4.0671E-03 1.0318E-02 2.6336E-02 5.4540E-02 9.3906E-02 1.2465E-01 1.3807E-01 1.3936E-01 1.7343E-01 2.2071E-01 2.8468E-01 3.4761E-01 3.7563E-01 3.7209E-01 3.0398E-01 3.5820E-01 3.4492E-01 2.2355E-01 9.7290E-02 2.7200E-02 7.5754E-03 1.7395E-03 0.0000E+00
 0.0000E+00 1.0157E-03 3.8438E-03 1.0258E-02 2.4605E-02 5.5101E-02 9.1796E-02 1.1978E-01 1.3497E-01 1.3780E-01 1.7187E-01 2.1410E-01 2.7906E-01 3.3980E-01 3.7388E-01 3.6068E-01 3.0516E-01 3.6769E-01 3.3252E-01 2.2393E-01 9.0555E-02 2.6440E-02 7.0412E-03 1.8610E-03 0.0000E+00
 0.0000E+00 1.0066E-03 4.1992E-03 1.0453E-02 2.4895E-02 5.4327E-02 8.9868E-02 1.2198E-01 1.3206E-01 1.3187E-01 1.6756E-01 2.1211E-01 2.7820E-01 3.3183E-01 3.6206E-01 3.6207E-01 3.0148E-01 3.6352E-01 3.2881E-01 2.2507E-01 9.2541E-02 2.6953E-02 6.9664E-03 1.8198E-03 0.0000E+00
 0.0000E+00 1.0272E-03 4.0545E-03 1.0296E-02 2.3881E-02 5.2074E-02 8.9013E-02 1.1675E-01 1.3329E-01 1.3654E-01 1.6431E-01 2.0956E-01 2.7321E-01 3.3206E-01 3.6758E-01 3.6268E-01 3.0174E-01 3.6087E-01 3.2050E-01 2.2288E-01 9.4107E-02 2.6211E-02 6.6672E-03 1.7356E-03 0.0000E+00
 0.0000E+00 9.6553E-04 3.8878E-03 1.0140E-02 2.4415E-02 5.1764E-02 8.8329E-02 1.1715E-01 1.3256E-01 1.3438E-01 1.6577E-01 2.0986E-01 2.7600E-01 3.2684E-01 3.5552E-01 3.5818E-01 3.0275E-01 3.5619E-01 3.1613E-01 2.1447E-01 9.0003E-02 2.5909E-02 6.8863E-03 1.5985E-03 0.0000E+00
 0.0000E+00 9.7237E-04 4.0797E-03 9.8861E-03 2.3249E-02 5.2751E-02 8.4964E-02 1.1430E-01 1.2986E-01 1.3011E-01 1.6559E-01 2.0414E-01 2.6737E-01 3.2414E-01 3.5724E-01 3.5791E-01 2.9173E-01 3.5479E-01 3.3276E-01 2.1509E-01 8.7017E-02 2.5286E-02 6.7955E-03 1.7238E-03 0.0000E+00
 0.0000E+00 9.7123E-04 3.6991E-03 9.8429E-03 2.3180E-02 5.0836E-02 8.6618E-02 1.1628E-01 1.2853E-01 1.3305E-01 1.6311E-01 2.0499E-01 2.5988E-01 3.2136E-01 3.5688E-01 3.5517E-01 2.9630E-01 3.5612E-01 3.2304E-01 2.1056E-01 8.6530E-02 2.4699E-02 7.2175E-03 1.6768E-03 0.0000E+00
 0.0000E+00 9.9063E-04 3.8847E-03 1.0064E-02 2.1739E-02 4.9781E-02 8.3231E-02 1.1349E-01 1.2353E-01 1.2961E-01 1.5488E-01 2.0272E-01 2.6402E-01 3.1409E-01 3.5215E-01 3.5080E-01 2.9075E-01 3.5492E-01 3.1306E-01 2.1035E-01 8.6661E-02 2.3233E-02 6.4589E-03 1.7591E-03 0.0000E+00
 0.0000E+00 9.2786E-04 3.7714E-03 9.7512E-03 2.2913E-02 4.8437E-02 8.3835E-02 1.0741E-01 1.2324E-01 1.2496E-01 1.5271E-01 1.9603E-01 2.6163E-01 3.1190E-01 3.5127E-01 3.5503E-01 2.8986E-01 3.4762E-01 3.1007E-01 2.0316E-01 8.2386E-02 2.2665E-02 6.3307E-03 1.5965E-03 0.0000E+00
 0.0000E+00 9.2444E-04 3.7179E-03 9.5407E-03 2.1739E-02 4.6947E-02 8.3516E-02 1.0913E-01 1.2214E-01 1.2787E-01 1.5303E-01 1.9910E-01 2.6133E-01 3.1282E-01 3.5282E-01 3.4523E-01 2.9711E-01 3.5108E-01 3.1079E-01 2.0148E-01 8.5083E-02 2.2784E-02 6.4535E-03 1.6200E-03 0.0000E+00
 0.0000E+00 8.6167E-04 3.6267E-03 9.3195E-03 2.2936E-02 4.6203E-02 8.0414E-02 1.0992E-01 1.2234E-01 1.2277E-01 1.5107E-01 1.9144E-01 2.4854E-01 3.1558E-01 3.3904E-01 3.3859E-01 2.7645E-01 3.4965E-01 3.0473E-01 1.9488E-01 7.9729E-02 2.2675E-02 6.6940E-03 1.7336E-03 0.0000E+00
 0.0000E+00 9.3699E-04 4.0073E-03 8.9633E-03 2.1198E-02 4.6532E-02 8.0881E-02 1.0459E-01 1.1885E-01 1.2193E-01 1.5098E-01 1.8830E-01 2.5544E-01 3.0914E-01 3.3830E-01 3.3758E-01 2.9282E-01 3.3920E-01 3.0379E-01 1.9539E-01 8.3176E-02 2.2317E-02 6.0903E-03 1.5299E-03 0.0000E+00
 0.0000E+00 8.6966E-04 3.5387E-03 9.0173E-03 2.1229E-02 4.6038E-02 7.6388E-02 1.0616E-01 1.1784E-01 1.1819E-01 1.4596E-01 1.8464E-01 2.4862E-01 3.0493E-01 3.3968E-01 3.3473E-01 2.8511E-01 3.4660E-01 3.0089E-01 1.9627E-01 8.1110E-02 2.1218E-02 6.6566E-03 1.6729E-03 0.0000E+00
 0.0000E+00 9.5754E-04 3.5229E-03 9.0928E-03 2.1473E-02 4.5864E-02 7.7768E-02 1.0129E-01 1.1724E-01 1.1918E-01 1.4805E-01 1.8825E-01 2.4610E-01 2.9884E-01 3.3890E-01 3.2918E-01 2.8684E-01 3.3467E-01 2.9666E-01 1.9477E-01 7.5125E-02 2.2436E-02 6.1010E-03 1.5378E-03 0.0000E+00
 0.0000E+00 9.2672E-04 3.2430E-03 9.0119E-03 2.0405E-02 4.4887E-02 7.5818E-02 1.0111E-01 1.1421E-01 1.1660E-01 1.4392E-01 1.8901E-01 2.4029E-01 2.9537E-01 3.3441E-01 3.3752E-01 2.7872E-01 3.4121E-01 2.9767E-01 1.8831E-01 7.5599E-02 2.1529E-02 5.6789E-03 1.4143E-03 0.0000E+00
 0.0000E+00 9.4384E-04 3.4160E-03 8.4237E-03 2.0093E-02 4.2556E-02 7.6114E-02 1.0094E-01 1.1237E-01 1.1739E-01 1.3681E-01 1.7838E-01 2.3937E-01 2.9597E-01 3.4007E-01 3.2817E-01 2.6960E-01 3.3754E-01 2.9698E-01 1.8709E-01 7.6704E-02 2.0476E-02 5.8873E-03 1.4476E-03 0.0000E+00
 0.0000E+00 8.5824E-04 3.2587E-03 8.9525E-03 2.0047E-02 4.1463E-02 7.2499E-02 1.0041E-01 1.1052E-01 1.1103E-01 1.4174E-01 1.8189E-01 2.3971E-01 2.9495E-01 3.2875E-01 3.2905E-01 2.7513E-01 3.2709E-01 2.8842E-01 1.8481E-01 7.3796E-02 1.9413E-02 5.8445E-03 1.5240E-03 0.0000E+00
 0.0000E+00 9.3928E-04 3.4223E-03 8.2672E-03 1.9155E-02 4.3930E-02 7.1587E-02 9.5160E-02 1.1091E-01 1.1127E-01 1.3715E-01 1.8332E-01 2.3965E-01 2.9414E-01 3.2110E-01 3.2678E-01 2.7513E-01 3.3429E-01 2.8823E-01 1.8173E-01 7.3126E-02 2.1200E-02 5.5614E-03 1.5123E-03 0.0000E+00
 0.0000E+00 9.5982E-04 3.2902E-03 7.9974E-03 1.8812E-02 4.2208E-02 7.2978E-02 9.6905E-02 1.0895E-01 1.1271E-01 1.3733E-01 1.7647E-01 2.3672E-01 2.8556E-01 3.2574E-01 3.1977E-01 2.8134E-01 3.2144E-01 2.8247E-01 1.8357E-01 7.2494E-02 1.9404E-02 5.5934E-03 1.5044E-03 0.0000E+00
 0.0000E+00 9.1873E-04 3.4349E-03 7.7383E-03 1.8012E-02 3.9442E-02 7.0173E-02 9.6626E-02 1.0990E-01 1.1013E-01 1.3613E-01 1.7489E-01 2.2998E-01 2.8307E-01 3.1559E-01 3.2265E-01 2.7283E-01 3.2340E-01 2.8721E-01 1.7797E-01 7.3678E-02 1.9615E-02 5.4812E-03 1.4281E-03 0.0000E+00
 0.0000E+00 8.4797E-04 3.4600E-03 8.1269E-03 1.8622E-02 4.0303E-02 6.7766E-02 9.6702E-02 1.0552E-01 1.0693E-01 1.3494E-01 1.6935E-01 2.3181E-01 2.8324E-01 3.1372E-01 3.1858E-01 2.7565E-01 3.1716E-01 2.8050E-01 1.7256E-01 6.9837E-02 1.9386E-02 5.3530E-03 1.4535E-03 0.0000E+00
 0.0000E+00 8.3656E-04 3.3311E-03 7.0422E-03 1.7440E-02 3.9906E-02 6.8929E-02 9.2102E-02 1.0240E-01 1.0628E-01 1.3111E-01 1.7481E-01 2.2577E-01 2.8053E-01 3.1119E-01 3.1938E-01 2.6888E-01 3.2040E-01 2.8170E-01 1.7141E-01 7.0837E-02 1.9138E-02 5.1874E-03 1.4614E-03 0.0000E+00
 0.0000E+00 7.9205E-04 3.1266E-03 8.0891E-03 1.7524E-02 4.0216E-02 6.8644E-02 9.1571E-02 1.0467E-01 1.0669E-01 1.3224E-01 1.7015E-01 2.2888E-01 2.8089E-01 3.1126E-01 3.1370E-01 2.6831E-01 3.2136E-01 2.7559E-01 1.7198E-01 6.6864E-02 2.0714E-02 5.0111E-03 1.4065E-03 0.0000E+00
 0.0000E+00 7.6352E-04 3.1235E-03 8.0189E-03 1.7722E-02 3.7401E-02 6.7755E-02 9.1255E-02 1.0442E-01 1.0389E-01 1.2591E-01 1.6218E-01 2.2479E-01 2.7067E-01 3.1188E-01 3.0698E-01 2.6615E-01 3.1182E-01 2.7342E-01 1.6724E-01 6.6246E-02 1.8543E-02 5.2889E-03 1.3850E-03 0.0000E+00
 0.0000E+00 7.2814E-04 3.5009E-03 8.1107E-03 1.7631E-02 3.9722E-02 6.4071E-02 9.1596E-02 9.9631E-02 1.0284E-01 1.2422E-01 1.6371E-01 2.2145E-01 2.7090E-01 3.0021E-01 3.0925E-01 2.6290E-01 3.1119E-01 2.7177E-01 1.7072E-01 6.7916E-02 1.8268E-02 4.9363E-03 1.3889E-03 0.0000E+00
 0.0000E+00 8.0346E-04 3.3122E-03 7.5063E-03 1.6602E-02 3.8011E-02 6.6181E-02 8.8929E-02 1.0086E-01 1.0073E-01 1.2299E-01 1.6101E-01 2.1440E-01 2.7216E-01 2.9803E-01 3.0824E-01 2.5274E-01 3.0948E-01 2.6983E-01 1.6805E-01 6.5535E-02 1.6994E-02 4.7333E-03 1.3791E-03 0.0000E+00
 0.0000E+00 7.7835E-04 3.0951E-03 7.5063E-03 1.6876E-02 3.6492E-02 6.6067E-02 8.7602E-02 1.0001E-01 9.9292E-02 1.1737E-01 1.5897E-01 2.1238E-01 2.7543E-01 2.9856E-01 3.0722E-01 2.5286E-01 3.1042E-01 2.6767E-01 1.6041E-01 6.1563E-02 1.6839E-02 5.1607E-03 1.3419E-03 0.0000E+00
 0.0000E+00 6.8933E-04 2.7460E-03 7.2365E-03 1.6259E-02 3.6260E-02 6.1288E-02 8.7299E-02 9.4568E-02 9.7184E-02 1.2049E-01 1.6025E-01 2.1334E-01 2.6158E-01 3.0011E-01 3.0093E-01 2.6425E-01 3.0073E-01 2.6069E-01 1.6308E-01 6.1037E-02 1.6939E-02 4.9470E-03 1.3379E-03 0.0000E+00
 0.0000E+00 8.0004E-04 2.7523E-03 7.0746E-03 1.6106E-02 3.6086E-02 5.9760E-02 8.4114E-02 9.8595E-02 9.8870E-02 1.2110E-01 1.5890E-01 2.1084E-01 2.6402E-01 2.9794E-01 3.0024E-01 2.5361E-01 3.0231E-01 2.6048E-01 1.6038E-01 6.1918E-02 1.5968E-02 4.5837E-03 1.2420E-03 0.0000E+00
 0.0000E+00 8.4455E-04 2.8278E-03 7.2257E-03 1.6205E-02 3.6705E-02 5.7673E-02 8.3621E-02 9.4633E-02 9.6165E-02 1.1624E-01 1.5111E-01 2.0217E-01 2.5376E-01 2.9741E-01 3.0882E-01 2.6281E-01 2.9969E-01 2.6501E-01 1.5654E-01 6.1234E-02 1.6930E-02 5.1714E-03 1.2909E-03 0.0000E+00
 0.0000E+00 7.0417E-04 2.7743E-03 6.9505E-03 1.5687E-02 3.4674E-02 5.9954E-02 8.1927E-02 9.5670E-02 9.4927E-02 1.1335E-01 1.5085E-01 2.0426E-01 2.6030E-01 2.9612E-01 2.9630E-01 2.5982E-01 2.9388E-01 2.5335E-01 1.5767E-01 5.8182E-02 1.6775E-02 4.7867E-03 1.3967E-03 0.0000E+00
 0.0000E+00 7.5325E-04 2.7271E-03 6.8857E-03 1.5123E-02 3.4103E-02 5.8528E-02 7.8186E-02 9.2364E-02 9.4288E-02 1.1492E-01 1.4913E-01 2.0627E-01 2.5671E-01 2.9225E-01 2.9939E-01 2.5510E-01 2.9101E-01 2.5337E-01 1.5583E-01 5.8682E-02 1.5684E-02 4.5784E-03 1.2635E-03 0.0000E+00
 0.0000E+00 7.3384E-04 2.7082E-03 7.0962E-03 1.5367E-02 3.3165E-02 5.7479E-02 8.0436E-02 9.3676E-02 9.3228E-02 1.1226E-01 1.4720E-01 2.0041E-01 2.5206E-01 2.9230E-01 2.9440E-01 2.5188E-01 2.8523E-01 2.4782E-01 1.5340E-01 5.9866E-02 1.5364E-02 4.5944E-03 1.1185E-03 0.0000E+00
 0.0000E+00 7.4412E-04 2.8813E-03 6.4324E-03 1.4948E-02 3.3445E-02 5.6168E-02 7.8818E-02 8.9845E-02 9.1964E-02 1.1197E-01 1.4464E-01 1.9469E-01 2.4974E-01 2.8127E-01 2.9387E-01 2.5205E-01 2.9035E-01 2.4535E-01 1.5088E-01 5.6248E-02 1.5492E-02 4.5463E-03 1.2713E-03 0.0000E+00
 0.0000E+00 7.5553E-04 2.5636E-03 6.8479E-03 1.4536E-02 3.2730E-02 5.6829E-02 7.9652E-02 8.9058E-02 9.2276E-02 1.0949E-01 1.4436E-01 1.9343E-01 2.4556E-01 2.7912E-01 2.8454E-01 2.4788E-01 2.8442E-01 2.4315E-01 1.4976E-01 5.1631E-02 1.4521E-02 4.5998E-03 1.2615E-03 0.0000E+00
 0.0000E+00 7.4982E-04 2.8026E-03 6.9289E-03 1.4681E-02 3.2411E-02 5.5210E-02 7.7440E-02 8.7733E-02 8.9679E-02 1.0980E-01 1.4012E-01 1.9373E-01 2.4142E-01 2.8248E-01 2.8313E-01 2.5015E-01 2.8658E-01 2.4234E-01 1.5016E-01 5.5091E-02 1.4869E-02 4.4609E-03 1.0715E-03 0.0000E+00
 0.0000E+00 7.9776E-04 2.4692E-03 6.7886E-03 1.4681E-02 3.2004E-02 5.3374E-02 7.6568E-02 8.6199E-02 8.7994E-02 1.0625E-01 1.4080E-01 1.8766E-01 2.4475E-01 2.7749E-01 2.8321E-01 2.4512E-01 2.7885E-01 2.4319E-01 1.4339E-01 5.1789E-02 1.5584E-02 4.5677E-03 1.3281E-03 0.0000E+00
 0.0000E+00 7.5211E-04 2.6548E-03 6.6159E-03 1.4193E-02 3.1347E-02 5.3818E-02 7.5342E-02 8.3483E-02 8.6457E-02 1.0586E-01 1.3438E-01 1.8847E-01 2.3961E-01 2.6916E-01 2.7631E-01 2.4388E-01 2.7836E-01 2.3967E-01 1.4502E-01 5.3236E-02 1.4851E-02 4.3433E-03 1.2184E-03 0.0000E+00
 0.0000E+00 7.2357E-04 2.5321E-03 6.5188E-03 1.4422E-02 3.0940E-02 5.3134E-02 7.1917E-02 8.4310E-02 8.3629E-02 1.0588E-01 1.3636E-01 1.8764E-01 2.3181E-01 2.6921E-01 2.7428E-01 2.3839E-01 2.7358E-01 2.3527E-01 1.3918E-01 5.3118E-02 1.3962E-02 4.4021E-03 1.2694E-03 0.0000E+00
 0.0000E+00 7.2700E-04 2.6265E-03 5.9036E-03 1.4086E-02 3.0631E-02 5.3077E-02 7.4040E-02 8.3536E-02 8.5818E-02 1.0344E-01 1.3336E-01 1.8726E-01 2.3190E-01 2.6691E-01 2.7919E-01 2.3635E-01 2.7727E-01 2.3559E-01 1.4072E-01 5.2578E-02 1.4127E-02 4.0976E-03 1.0852E-03 0.0000E+00
 0.0000E+00 6.9961E-04 2.4723E-03 6.0277E-03 1.3865E-02 2.9054E-02 5.1629E-02 7.2587E-02 8.2578E-02 8.4486E-02 1.0133E-01 1.3212E-01 1.8036E-01 2.2888E-01 2.6228E-01 2.6925E-01 2.3977E-01 2.7195E-01 2.3724E-01 1.3729E-01 4.8290E-02 1.4063E-02 4.2365E-03 1.1989E-03 0.0000E+00
 0.0000E+00 7.5781E-04 2.4535E-03 5.8982E-03 1.3324E-02 2.8068E-02 5.2005E-02 7.1121E-02 8.1555E-02 8.3167E-02 1.0313E-01 1.3390E-01 1.7818E-01 2.2854E-01 2.6343E-01 2.6943E-01 2.4057E-01 2.6824E-01 2.2761E-01 1.3801E-01 4.9645E-02 1.3605E-02 3.9587E-03 1.1577E-03 0.0000E+00
 0.0000E+00 6.1858E-04 2.3717E-03 5.9953E-03 1.2722E-02 2.8600E-02 5.0135E-02 7.1816E-02 8.1279E-02 7.8857E-02 9.8454E-02 1.3266E-01 1.8019E-01 2.2544E-01 2.5538E-01 2.6138E-01 2.3807E-01 2.7022E-01 2.3096E-01 1.3269E-01 4.8895E-02 1.3962E-02 3.9694E-03 1.1323E-03 0.0000E+00
 0.0000E+00 7.1330E-04 2.8246E-03 6.1788E-03 1.3164E-02 2.8938E-02 4.9051E-02 6.9705E-02 7.7436E-02 8.0638E-02 9.5810E-02 1.2786E-01 1.7295E-01 2.2451E-01 2.5464E-01 2.6424E-01 2.3612E-01 2.6333E-01 2.1937E-01 1.2877E-01 4.8895E-02 1.2615E-02 3.8625E-03 1.1009E-03 0.0000E+00
 0.0000E+00 7.2129E-04 2.5038E-03 5.8226E-03 1.2867E-02 2.8445E-02 4.8698E-02 6.7645E-02 7.8918E-02 8.1399E-02 9.6998E-02 1.2589E-01 1.7273E-01 2.2446E-01 2.4969E-01 2.6581E-01 2.3194E-01 2.6849E-01 2.2170E-01 1.2974E-01 4.7751E-02 1.2258E-02 3.8839E-03 1.1362E-03 0.0000E+00
 0.0000E+00 6.7678E-04 2.4000E-03 5.6014E-03 1.2615E-02 2.8116E-02 4.6884E-02 6.9212E-02 7.5061E-02 7.8925E-02 9.1920E-02 1.2746E-01 1.7267E-01 2.1749E-01 2.5829E-01 2.6914E-01 2.3315E-01 2.6122E-01 2.2229E-01 1.3110E-01 4.7093E-02 1.1333E-02 3.8358E-03 1.0500E-03 0.0000E+00
 0.0000E+00 6.5167E-04 2.6202E-03 5.5312E-03 1.2188E-02 2.7052E-02 4.5596E-02 6.6431E-02 7.6452E-02 7.8884E-02 9.3939E-02 1.2283E-01 1.6916E-01 2.2174E-01 2.5416E-01 2.5749E-01 2.2584E-01 2.6073E-01 2.1536E-01 1.3217E-01 4.6817E-02 1.1378E-02 3.6114E-03 1.1166E-03 0.0000E+00
 0.0000E+00 6.7906E-04 2.2176E-03 5.2129E-03 1.1761E-02 2.7159E-02 4.4238E-02 6.4409E-02 7.3356E-02 7.6940E-02 9.3865E-02 1.1980E-01 1.6419E-01 2.1737E-01 2.5423E-01 2.6397E-01 2.3465E-01 2.5358E-01 2.2118E-01 1.2638E-01 4.4317E-02 1.1021E-02 3.4565E-03 9.9121E-04 0.0000E+00
 0.0000E+00 6.3684E-04 2.2836E-03 5.0995E-03 1.2684E-02 2.6646E-02 4.3087E-02 6.3158E-02 7.4235E-02 7.5104E-02 8.8920E-02 1.1884E-01 1.6658E-01 2.1752E-01 2.5399E-01 2.5672E-01 2.3468E-01 2.5860E-01 2.0891E-01 1.2311E-01 4.3068E-02 1.2102E-02 3.7557E-03 1.0480E-03 0.0000E+00
 0.0000E+00 6.7678E-04 2.2679E-03 5.5690E-03 1.1579E-02 2.4886E-02 4.5573E-02 6.2046E-02 6.9473E-02 7.4697E-02 8.9767E-02 1.1834E-01 1.6299E-01 2.0883E-01 2.4797E-01 2.5597E-01 2.2104E-01 2.4855E-01 2.1380E-01 1.2135E-01 4.3015E-02 1.1369E-02 3.5420E-03 1.0500E-03 0.0000E+00
 0.0000E+00 6.2542E-04 2.1987E-03 4.9538E-03 1.1388E-02 2.5872E-02 4.2904E-02 6.1641E-02 7.0680E-02 7.1080E-02 8.8682E-02 1.1634E-01 1.6171E-01 2.1112E-01 2.4153E-01 2.4966E-01 2.2953E-01 2.4834E-01 2.1213E-01 1.1682E-01 4.3212E-02 1.1589E-02 3.3603E-03 9.4812E-04 0.0000E+00
 0.0000E+00 6.2428E-04 2.2930E-03 5.1157E-03 1.1396E-02 2.5050E-02 4.4489E-02 6.2526E-02 7.2635E-02 6.9748E-02 8.4851E-02 1.1343E-01 1.6122E-01 2.0400E-01 2.4160E-01 2.4894E-01 2.2222E-01 2.5310E-01 2.0633E-01 1.1995E-01 4.1121E-02 1.0930E-02 3.0932E-03 1.1009E-03 0.0000E+00
 0.0000E+00 6.2656E-04 2.1452E-03 4.7973E-03 1.1815E-02 2.3890E-02 4.2208E-02 6.2046E-02 7.0129E-02 7.2494E-02 8.4777E-02 1.1183E-01 1.5887E-01 2.0530E-01 2.4100E-01 2.4929E-01 2.2196E-01 2.4974E-01 2.0475E-01 1.1318E-01 4.0029E-02 1.0444E-02 3.2428E-03 9.7162E-04 0.0000E+00
 0.0000E+00 5.6037E-04 2.2647E-03 5.0132E-03 1.1289E-02 2.3957E-02 4.0623E-02 6.3272E-02 6.9066E-02 6.9734E-02 8.4361E-02 1.1370E-01 1.5932E-01 1.9863E-01 2.3897E-01 2.4614E-01 2.2026E-01 2.4684E-01 1.9495E-01 1.1340E-01 4.0503E-02 1.0865E-02 3.3069E-03 1.0245E-03 0.0000E+00
 0.0000E+00 5.9004E-04 2.0477E-03 4.8297E-03 1.0542E-02 2.3222E-02 3.9403E-02 6.0264E-02 6.8581E-02 6.8769E-02 8.2282E-02 1.0954E-01 1.5697E-01 1.9980E-01 2.3505E-01 2.5347E-01 2.2305E-01 2.4476E-01 2.0244E-01 1.1406E-01 3.8885E-02 1.0756E-02 3.6061E-03 1.0206E-03 0.0000E+00
 0.0000E+00 6.5624E-04 2.1138E-03 5.1373E-03 1.0046E-02 2.3145E-02 3.9928E-02 5.8191E-02 6.5984E-02 6.7273E-02 8.0797E-02 1.0897E-01 1.5389E-01 1.9415E-01 2.3560E-01 2.3900E-01 2.1779E-01 2.4384E-01 2.0105E-01 1.1385E-01 3.7490E-02 1.0536E-02 3.4885E-03 1.0108E-03 0.0000E+00
 0.0000E+00 6.1059E-04 2.0540E-03 4.9646E-03 9.8787E-03 2.1917E-02 4.0076E-02 5.6042E-02 6.7728E-02 6.6063E-02 8.1183E-02 1.0896E-01 1.4952E-01 1.9532E-01 2.3355E-01 2.4761E-01 2.1767E-01 2.4010E-01 1.9497E-01 1.0858E-01 3.9174E-02 1.0609E-02 3.0077E-03 8.8151E-04 0.0000E+00
 0.0000E+00 6.0602E-04 2.2742E-03 4.7973E-03 1.0443E-02 2.2158E-02 3.9825E-02 5.6902E-02 6.6902E-02 6.4160E-02 7.7545E-02 1.0678E-01 1.4618E-01 1.9232E-01 2.3102E-01 2.3972E-01 2.2412E-01 2.3814E-01 1.9352E-01 1.1194E-01 3.8595E-02 9.8210E-03 2.8047E-03 9.0894E-04 0.0000E+00
 0.0000E+00 5.7863E-04 2.2773E-03 4.5869E-03 9.9626E-03 2.1539E-02 3.5639E-02 5.6396E-02 6.5288E-02 6.3793E-02 7.7991E-02 1.0609E-01 1.4787E-01 1.9243E-01 2.2887E-01 2.3895E-01 2.1543E-01 2.3651E-01 1.9536E-01 1.0835E-01 3.7056E-02 9.5096E-03 3.0451E-03 9.2461E-04 0.0000E+00
 0.0000E+00 6.2542E-04 2.0854E-03 4.5221E-03 9.8101E-03 2.1239E-02 3.8034E-02 5.4563E-02 6.4777E-02 6.6294E-02 7.7560E-02 1.0250E-01 1.4584E-01 1.8865E-01 2.2232E-01 2.3473E-01 2.1580E-01 2.3819E-01 1.9177E-01 1.0624E-01 3.8122E-02 9.2714E-03 2.9543E-03 9.9905E-04 0.0000E+00
 0.0000E+00 5.7635E-04 1.9848E-03 4.3333E-03 1.0016E-02 2.0920E-02 3.6118E-02 5.4917E-02 6.2744E-02 6.4513E-02 7.5927E-02 9.9889E-02 1.4255E-01 1.8452E-01 2.2304E-01 2.3428E-01 2.1180E-01 2.3361E-01 1.8908E-01 1.0634E-01 3.6806E-02 9.1981E-03 2.8047E-03 8.9327E-04 0.0000E+00
 0.0000E+00 5.5238E-04 1.9093E-03 4.6516E-03 9.5586E-03 2.0795E-02 3.7133E-02 5.4134E-02 6.2717E-02 6.1808E-02 7.5630E-02 1.0024E-01 1.4253E-01 1.8370E-01 2.2259E-01 2.2860E-01 2.1077E-01 2.2982E-01 1.8312E-01 1.0160E-01 3.4925E-02 9.5370E-03 3.0344E-03 9.7946E-04 0.0000E+00
 0.0000E+00 5.6265E-04 2.0792E-03 4.3494E-03 9.5738E-03 2.0775E-02 3.6711E-02 5.3148E-02 6.2075E-02 6.1223E-02 7.2556E-02 9.5530E-02 1.3915E-01 1.7819E-01 2.2197E-01 2.2743E-01 2.0922E-01 2.3382E-01 1.8310E-01 1.0253E-01 3.4662E-02 9.2439E-03 2.6551E-03 9.3049E-04 0.0000E+00
 0.0000E+00 5.3298E-04 1.9313E-03 4.5599E-03 9.8025E-03 2.0533E-02 3.5719E-02 5.3742E-02 6.0868E-02 6.0230E-02 7.2214E-02 9.5996E-02 1.3742E-01 1.8210E-01 2.1676E-01 2.2794E-01 2.0568E-01 2.2758E-01 1.7892E-01 9.9428E-02 3.4517E-02 9.6836E-03 2.8101E-03 7.7965E-04 0.0000E+00
 0.0000E+00 5.5352E-04 2.0792E-03 4.2577E-03 8.9869E-03 1.9324E-02 3.5206E-02 5.2035E-02 5.8638E-02 6.0040E-02 7.2571E-02 9.3134E-02 1.3401E-01 1.7896E-01 2.1917E-01 2.3063E-01 2.1356E-01 2.2822E-01 1.8199E-01 9.8894E-02 3.3452E-02 8.5934E-03 3.0077E-03 9.6771E-04 0.0000E+00
 0.0000E+00 5.8205E-04 1.8904E-03 4.2361E-03 9.1089E-03 1.9876E-02 3.4864E-02 5.2175E-02 6.1655E-02 6.0217E-02 7.1338E-02 9.3384E-02 1.3061E-01 1.7834E-01 2.1463E-01 2.2458E-01 2.0591E-01 2.2689E-01 1.7858E-01 9.6654E-02 3.3333E-02 8.5659E-03 2.6605E-03 8.4038E-04 0.0000E+00
 0.0000E+00 5.5010E-04 2.0634E-03 4.4574E-03 8.9107E-03 1.9412E-02 3.3952E-02 4.9053E-02 5.6788E-02 5.8830E-02 6.9021E-02 9.2419E-02 1.3290E-01 1.7267E-01 2.1270E-01 2.2813E-01 2.0795E-01 2.1855E-01 1.7864E-01 9.7998E-02 3.0334E-02 8.6392E-03 2.3453E-03 8.4429E-04 0.0000E+00
 0.0000E+00 5.0787E-04 1.9093E-03 4.0419E-03 8.4228E-03 1.8841E-02 3.3701E-02 4.9293E-02 5.7168E-02 5.6872E-02 6.8977E-02 9.2702E-02 1.2946E-01 1.7358E-01 2.1521E-01 2.1723E-01 2.0251E-01 2.2109E-01 1.7437E-01 9.8791E-02 3.1281E-02 8.6392E-03 2.4842E-03 8.6780E-04 0.0000E+00
 0.0000E+00 4.9303E-04 2.0634E-03 4.1876E-03 8.9945E-03 1.9170E-02 3.3952E-02 4.8610E-02 5.7300E-02 5.6886E-02 6.6868E-02 9.2635E-02 1.2909E-01 1.7288E-01 2.0460E-01 2.2327E-01 2.0174E-01 2.1883E-01 1.7213E-01 9.4741E-02 3.1097E-02 8.0071E-03 2.5109E-03 8.8739E-04 0.0000E+00
 0.0000E+00 5.2613E-04 1.6640E-03 3.7882E-03 8.3390E-03 1.9324E-02 3.2184E-02 4.9760E-02 5.4912E-02 5.6084E-02 6.6868E-02 9.2036E-02 1.2899E-01 1.7091E-01 2.0484E-01 2.1651E-01 2.0130E-01 2.1672E-01 1.7153E-01 9.2415E-02 3.0676E-02 8.5934E-03 2.6231E-03 8.6780E-04 0.0000E+00
 0.0000E+00 5.5695E-04 1.7615E-03 4.1390E-03 8.3771E-03 1.7874E-02 3.2150E-02 4.8143E-02 5.5424E-02 5.6192E-02 6.6720E-02 8.8775E-02 1.2510E-01 1.7237E-01 2.0553E-01 2.1568E-01 2.0010E-01 2.1051E-01 1.7068E-01 8.8503E-02 2.9558E-02 8.5018E-03 2.6124E-03 8.1687E-04 0.0000E+00
 0.0000E+00 5.4439E-04 1.7615E-03 4.1552E-03 8.3390E-03 1.7409E-02 3.1773E-02 4.8029E-02 5.5214E-02 5.4670E-02 6.2903E-02 8.6480E-02 1.2170E-01 1.6252E-01 2.0467E-01 2.1739E-01 1.9938E-01 2.0959E-01 1.6554E-01 9.1019E-02 2.9716E-02 8.4926E-03 2.5483E-03 7.8944E-04 0.0000E+00
 0.0000E+00 5.5238E-04 1.7520E-03 4.1498E-03 7.2566E-03 1.6994E-02 3.1078E-02 4.5943E-02 5.3797E-02 5.3120E-02 6.3334E-02 8.3319E-02 1.2305E-01 1.6073E-01 1.9823E-01 2.1395E-01 1.9495E-01 2.0975E-01 1.6735E-01 9.1261E-02 2.8177E-02 7.6498E-03 2.7513E-03 9.0306E-04 0.0000E+00
 0.0000E+00 5.1472E-04 1.6608E-03 3.9825E-03 9.0021E-03 1.8812E-02 3.0234E-02 4.3024E-02 5.3325E-02 5.3582E-02 6.1196E-02 8.4234E-02 1.2265E-01 1.6215E-01 1.9558E-01 2.0465E-01 1.9483E-01 2.0402E-01 1.6152E-01 8.5539E-02 2.8453E-02 7.6956E-03 2.4521E-03 7.4439E-04 0.0000E+00
 0.0000E+00 4.8390E-04 1.6545E-03 4.2307E-03 7.4395E-03 1.8077E-02 2.9857E-02 4.5552E-02 5.1410E-02 5.2943E-02 6.1537E-02 8.3734E-02 1.2341E-01 1.5973E-01 2.0558E-01 2.0888E-01 1.9371E-01 2.0552E-01 1.6498E-01 8.5815E-02 2.7559E-02 7.7780E-03 2.4361E-03 7.7769E-04 0.0000E+00
 0.0000E+00 5.3070E-04 1.7583E-03 3.7235E-03 7.8359E-03 1.6626E-02 2.7873E-02 4.4262E-02 5.0045E-02 5.2929E-02 6.0928E-02 8.2154E-02 1.1799E-01 1.5948E-01 1.9505E-01 2.1022E-01 1.9247E-01 2.0066E-01 1.6161E-01 8.7159E-02 2.8400E-02 6.8161E-03 2.3186E-03 7.9336E-04 0.0000E+00
 0.0000E+00 5.7178E-04 1.5853E-03 3.7505E-03 7.6377E-03 1.6645E-02 2.8705E-02 4.3883E-02 5.0924E-02 5.1896E-02 6.0141E-02 8.1139E-02 1.1139E-01 1.5856E-01 1.9526E-01 2.0020E-01 1.8741E-01 2.0008E-01 1.5777E-01 8.6418E-02 2.7914E-02 6.7978E-03 2.4308E-03 7.1892E-04 0.0000E+00
 0.0000E+00 5.2613E-04 1.6356E-03 3.9393E-03 7.5310E-03 1.5804E-02 2.8420E-02 4.2518E-02 4.7684E-02 5.1692E-02 5.9414E-02 8.3518E-02 1.1528E-01 1.5684E-01 1.9632E-01 1.9900E-01 1.8810E-01 2.0285E-01 1.6293E-01 8.1421E-02 2.6980E-02 6.7520E-03 2.0247E-03 8.3450E-04 0.0000E+00
 0.0000E+00 4.3711E-04 1.5539E-03 3.8314E-03 7.7521E-03 1.6229E-02 2.7542E-02 4.2910E-02 4.9193E-02 4.8878E-02 5.8285E-02 8.2387E-02 1.1609E-01 1.5185E-01 1.8330E-01 1.9812E-01 1.9069E-01 1.9680E-01 1.5345E-01 7.9146E-02 2.5322E-02 6.1382E-03 2.2652E-03 8.2275E-04 0.0000E+00
 0.0000E+00 5.2956E-04 1.6860E-03 3.8368E-03 6.9288E-03 1.6365E-02 2.6858E-02 4.1785E-02 4.9166E-02 4.7124E-02 5.7721E-02 7.7379E-02 1.0902E-01 1.5400E-01 1.8956E-01 2.0153E-01 1.8502E-01 1.9466E-01 1.5053E-01 7.8440E-02 2.5349E-02 6.3764E-03 2.1049E-03 8.2470E-04 0.0000E+00
 0.0000E+00 5.1928E-04 1.7111E-03 3.5940E-03 7.4548E-03 1.4489E-02 2.7633E-02 4.1646E-02 4.6805E-02 4.8796E-02 5.8092E-02 7.8760E-02 1.1051E-01 1.4650E-01 1.7523E-01 2.0433E-01 1.8706E-01 2.0000E-01 1.5390E-01 7.4097E-02 2.4086E-02 6.8894E-03 2.2278E-03 7.2480E-04 0.0000E+00
 0.0000E+00 5.0216E-04 1.6388E-03 3.5886E-03 6.8450E-03 1.5475E-02 2.5786E-02 4.0054E-02 4.6149E-02 4.8008E-02 5.9904E-02 7.5865E-02 1.0552E-01 1.5049E-01 1.8234E-01 1.9836E-01 1.8798E-01 1.9275E-01 1.5207E-01 7.7509E-02 2.6454E-02 5.9916E-03 2.0995E-03 7.5418E-04 0.0000E+00
 0.0000E+00 4.7477E-04 1.6294E-03 3.2810E-03 6.6620E-03 1.5852E-02 2.6105E-02 3.9940E-02 4.7330E-02 4.6988E-02 5.4008E-02 7.6065E-02 1.0769E-01 1.5047E-01 1.8199E-01 1.9404E-01 1.7895E-01 1.9278E-01 1.5055E-01 7.5476E-02 2.5204E-02 6.3764E-03 2.0782E-03 6.7387E-04 0.0000E+00
 0.0000E+00 4.5081E-04 1.6640E-03 3.2864E-03 6.9365E-03 1.5059E-02 2.7029E-02 4.0989E-02 4.6280E-02 4.9122E-02 5.3904E-02 7.4867E-02 1.0094E-01 1.4465E-01 1.7377E-01 1.9628E-01 1.8899E-01 1.8677E-01 1.4767E-01 7.5252E-02 2.2941E-02 6.2481E-03 2.4147E-03 6.8366E-04 0.0000E+00
 0.0000E+00 4.8619E-04 1.6136E-03 3.5886E-03 7.0660E-03 1.5543E-02 2.5774E-02 3.7778E-02 4.4326E-02 4.6036E-02 5.5746E-02 7.3286E-02 1.0445E-01 1.4412E-01 1.7762E-01 1.9543E-01 1.8911E-01 1.9176E-01 1.4363E-01 7.6682E-02 2.2928E-02 5.9732E-03 2.1209E-03 6.8954E-04 0.0000E+00
 0.0000E+00 4.5537E-04 1.4784E-03 3.1461E-03 6.4410E-03 1.4295E-02 2.4087E-02 3.9320E-02 4.5624E-02 4.5220E-02 5.5063E-02 7.0990E-02 1.0586E-01 1.4165E-01 1.7298E-01 1.9276E-01 1.7780E-01 1.8896E-01 1.4402E-01 7.4787E-02 2.3494E-02 5.9732E-03 2.1423E-03 6.3077E-04 0.0000E+00
 0.0000E+00 5.0331E-04 1.7080E-03 3.3673E-03 6.4715E-03 1.3976E-02 2.4714E-02 3.9573E-02 4.5690E-02 4.3222E-02 5.3682E-02 7.3270E-02 1.0468E-01 1.3927E-01 1.6711E-01 1.9071E-01 1.8459E-01 1.8848E-01 1.3941E-01 7.4132E-02 2.2797E-02 6.0923E-03 1.7630E-03 6.4840E-04 0.0000E+00
 0.0000E+00 4.3597E-04 1.4910E-03 3.1730E-03 6.1513E-03 1.3367E-02 2.4223E-02 3.7450E-02 4.4680E-02 4.3888E-02 5.1929E-02 6.8961E-02 9.8925E-02 1.3983E-01 1.7945E-01 1.8716E-01 1.7797E-01 1.8385E-01 1.3924E-01 7.1082E-02 2.2718E-02 6.2573E-03 2.0354E-03 6.7387E-04 0.0000E+00
 0.0000E+00 4.7249E-04 1.3526E-03 3.3997E-03 5.8541E-03 1.4034E-02 2.3379E-02 3.7475E-02 4.3289E-02 4.5710E-02 5.1692E-02 6.9177E-02 9.7665E-02 1.3375E-01 1.7181E-01 1.8399E-01 1.7740E-01 1.8145E-01 1.3864E-01 7.1030E-02 2.2928E-02 5.5243E-03 2.0141E-03 6.8954E-04 0.0000E+00
 0.0000E+00 4.2342E-04 1.2991E-03 3.1191E-03 6.2199E-03 1.3599E-02 2.4269E-02 3.6729E-02 4.3408E-02 4.3725E-02 5.1826E-02 6.7696E-02 9.8379E-02 1.3477E-01 1.6555E-01 1.8378E-01 1.8154E-01 1.8100E-01 1.3416E-01 6.9445E-02 2.3047E-02 5.9549E-03 1.8858E-03 6.2881E-04 0.0000E+00
 0.0000E+00 4.1543E-04 1.4438E-03 2.8924E-03 6.0065E-03 1.3173E-02 2.2992E-02 3.6085E-02 4.2384E-02 4.2814E-02 4.9791E-02 6.8345E-02 9.6969E-02 1.3481E-01 1.6950E-01 1.8445E-01 1.8036E-01 1.7726E-01 1.3702E-01 7.1719E-02 2.1613E-02 5.4144E-03 1.9820E-03 7.2088E-04 0.0000E+00
 0.0000E+00 4.3140E-04 1.5507E-03 2.9464E-03 5.6178E-03 1.2322E-02 2.2501E-02 3.4100E-02 4.2030E-02 4.3371E-02 4.7430E-02 6.5034E-02 9.5220E-02 1.3358E-01 1.6661E-01 1.8189E-01 1.7340E-01 1.7609E-01 1.3271E-01 6.9341E-02 2.1047E-02 5.7351E-03 1.7363E-03 7.1109E-04 0.0000E+00
 0.0000E+00 4.7477E-04 1.5067E-03 2.7899E-03 5.8769E-03 1.2767E-02 2.1384E-02 3.6489E-02 3.8606E-02 4.0584E-02 4.4876E-02 6.1590E-02 9.3547E-02 1.2908E-01 1.6037E-01 1.7922E-01 1.7932E-01 1.8011E-01 1.3042E-01 6.5033E-02 2.0021E-02 5.1029E-03 1.6401E-03 6.5428E-04 0.0000E+00
 0.0000E+00 3.9717E-04 1.5193E-03 2.8547E-03 6.0675E-03 1.2438E-02 2.1897E-02 3.5819E-02 4.0718E-02 4.2093E-02 4.7831E-02 6.4069E-02 9.3472E-02 1.2744E-01 1.6238E-01 1.7840E-01 1.7673E-01 1.8013E-01 1.3132E-01 6.3138E-02 2.0508E-02 5.4694E-03 1.7683E-03 6.8562E-04 0.0000E+00
 0.0000E+00 4.0630E-04 1.5098E-03 2.7953E-03 5.9303E-03 1.2235E-02 2.1452E-02 3.2786E-02 3.8619E-02 3.9510E-02 4.6168E-02 6.2106E-02 9.2287E-02 1.2674E-01 1.6032E-01 1.7408E-01 1.7337E-01 1.7705E-01 1.3200E-01 6.6102E-02 1.9626E-02 5.7534E-03 1.7309E-03 6.8366E-04 0.0000E+00
 0.0000E+00 4.2113E-04 1.5727E-03 2.9032E-03 5.8769E-03 1.2090E-02 2.1178E-02 3.5946E-02 3.9446E-02 4.0000E-02 4.7385E-02 6.2090E-02 8.9655E-02 1.2744E-01 1.6052E-01 1.7392E-01 1.6643E-01 1.7283E-01 1.2502E-01 6.3776E-02 1.9416E-02 5.0938E-03 1.8858E-03 6.6995E-04 0.0000E+00
 0.0000E+00 4.4396E-04 1.4123E-03 2.7521E-03 5.3662E-03 1.2457E-02 2.1201E-02 3.2596E-02 3.8396E-02 3.8028E-02 4.3584E-02 6.0243E-02 8.6721E-02 1.2347E-01 1.5610E-01 1.7501E-01 1.6505E-01 1.7634E-01 1.2927E-01 6.2879E-02 1.9811E-02 4.8647E-03 1.8965E-03 5.3674E-04 0.0000E+00
 0.0000E+00 4.7135E-04 1.2834E-03 2.7521E-03 5.3205E-03 1.2032E-02 2.0038E-02 3.2622E-02 3.7019E-02 3.9564E-02 4.3272E-02 6.1075E-02 9.0557E-02 1.2551E-01 1.5421E-01 1.7381E-01 1.7029E-01 1.6560E-01 1.2622E-01 6.3362E-02 2.0034E-02 5.0296E-03 1.8538E-03 6.1510E-04 0.0000E+00
 0.0000E+00 4.5309E-04 1.1733E-03 2.7575E-03 5.6864E-03 1.2486E-02 2.0084E-02 3.2849E-02 3.8042E-02 3.4874E-02 4.3925E-02 5.9627E-02 8.3957E-02 1.2296E-01 1.5082E-01 1.7618E-01 1.6911E-01 1.6593E-01 1.2605E-01 5.9226E-02 1.7587E-02 4.8097E-03 1.7897E-03 7.2088E-04 0.0000E+00
 0.0000E+00 3.6293E-04 1.2928E-03 2.9248E-03 5.1223E-03 1.1954E-02 1.9068E-02 3.3064E-02 3.8029E-02 3.6641E-02 4.3183E-02 5.6283E-02 8.5255E-02 1.1792E-01 1.5548E-01 1.6835E-01 1.6382E-01 1.6614E-01 1.2265E-01 6.1622E-02 1.8548E-02 5.2495E-03 1.5333E-03 5.5046E-04 0.0000E+00
 0.0000E+00 4.1429E-04 1.3022E-03 2.7521E-03 5.3586E-03 1.0426E-02 1.9388E-02 3.0953E-02 3.3792E-02 3.7511E-02 4.3673E-02 5.6683E-02 8.3393E-02 1.2409E-01 1.5321E-01 1.7323E-01 1.6019E-01 1.6278E-01 1.2336E-01 6.0777E-02 1.8679E-02 5.2220E-03 1.4531E-03 6.1902E-04 0.0000E+00
 0.0000E+00 3.8918E-04 1.3337E-03 2.9788E-03 5.0080E-03 1.1171E-02 1.7996E-02 3.1295E-02 3.4868E-02 3.6043E-02 4.1134E-02 5.5235E-02 7.9444E-02 1.1914E-01 1.5156E-01 1.6936E-01 1.6074E-01 1.6331E-01 1.1791E-01 5.8882E-02 1.6956E-02 4.4616E-03 1.7309E-03 6.5624E-04 0.0000E+00
 0.0000E+00 4.0858E-04 1.3242E-03 2.4068E-03 4.7564E-03 1.1693E-02 1.8772E-02 3.0701E-02 3.4841E-02 3.7593E-02 4.1297E-02 5.5834E-02 8.2453E-02 1.1493E-01 1.4838E-01 1.6707E-01 1.6307E-01 1.6225E-01 1.1811E-01 5.8003E-02 1.6259E-02 4.6632E-03 1.5546E-03 6.7191E-04 0.0000E+00
 0.0000E+00 3.8689E-04 1.3494E-03 2.4877E-03 5.0918E-03 1.0658E-02 1.9251E-02 2.9234E-02 3.3254E-02 3.7280E-02 4.1743E-02 5.3838E-02 8.1155E-02 1.1374E-01 1.4619E-01 1.6598E-01 1.6042E-01 1.5973E-01 1.2231E-01 5.6469E-02 1.7785E-02 4.7548E-03 1.4638E-03 5.1520E-04 0.0000E+00
 0.0000E+00 3.8575E-04 1.1858E-03 2.6118E-03 4.7869E-03 1.0726E-02 1.8042E-02 2.8615E-02 3.3517E-02 3.3487E-02 4.0228E-02 5.5002E-02 8.1137E-02 1.1448E-01 1.4459E-01 1.6281E-01 1.6825E-01 1.5950E-01 1.1603E-01 5.5987E-02 1.6272E-02 3.8936E-03 1.5333E-03 6.7583E-04 0.0000E+00
 0.0000E+00 3.8689E-04 1.2645E-03 2.4985E-03 4.6802E-03 1.0272E-02 1.8783E-02 2.9955E-02 3.2336E-02 3.5866E-02 3.8193E-02 5.1342E-02 7.8072E-02 1.1089E-01 1.4146E-01 1.5777E-01 1.5870E-01 1.5749E-01 1.1249E-01 5.5108E-02 1.7890E-02 4.3517E-03 1.2715E-03 5.5633E-04 0.0000E+00
 0.0000E+00 4.0744E-04 1.1009E-03 2.5255E-03 4.8936E-03 1.0523E-02 1.8635E-02 2.9007E-02 3.3871E-02 3.4126E-02 4.0065E-02 5.4087E-02 7.8598E-02 1.0807E-01 1.3393E-01 1.6078E-01 1.5645E-01 1.5258E-01 1.1172E-01 5.4367E-02 1.5720E-02 4.4066E-03 1.6241E-03 4.9169E-04 0.0000E+00
 0.0000E+00 3.9831E-04 1.1764E-03 2.6172E-03 4.6954E-03 1.0291E-02 1.7175E-02 2.8337E-02 3.4973E-02 3.4425E-02 3.9040E-02 5.5252E-02 7.4330E-02 1.0766E-01 1.4272E-01 1.6059E-01 1.5849E-01 1.5784E-01 1.0927E-01 5.3419E-02 1.5299E-02 4.2509E-03 1.2074E-03 6.2881E-04 0.0000E+00
 0.0000E+00 4.1543E-04 1.1984E-03 2.4014E-03 4.8784E-03 9.4591E-03 1.5043E-02 2.8678E-02 3.3543E-02 3.3650E-02 3.6902E-02 5.0926E-02 7.4067E-02 1.0494E-01 1.4048E-01 1.5414E-01 1.5775E-01 1.5243E-01 1.1076E-01 5.3557E-02 1.6601E-02 4.0035E-03 1.5386E-03 5.9159E-04 0.0000E+00
 0.0000E+00 3.9374E-04 1.2991E-03 2.5579E-03 4.3372E-03 1.0591E-02 1.7324E-02 2.6087E-02 3.2297E-02 3.1774E-02 3.7362E-02 5.1309E-02 7.3484E-02 1.0250E-01 1.3864E-01 1.6033E-01 1.5599E-01 1.4815E-01 1.1098E-01 5.3850E-02 1.5272E-02 4.1593E-03 1.3890E-03 4.9169E-04 0.0000E+00
 0.0000E+00 3.8005E-04 1.2613E-03 2.6010E-03 4.6497E-03 9.6042E-03 1.6548E-02 2.8173E-02 3.0959E-02 3.3215E-02 3.6189E-02 4.8946E-02 7.4480E-02 1.0669E-01 1.3632E-01 1.5809E-01 1.5763E-01 1.4566E-01 1.0987E-01 5.0300E-02 1.4417E-02 4.0952E-03 1.3249E-03 6.0726E-04 0.0000E+00
 0.0000E+00 3.4010E-04 1.0978E-03 2.2665E-03 3.9332E-03 8.9562E-03 1.6366E-02 2.6429E-02 3.1523E-02 3.0333E-02 3.6590E-02 4.8930E-02 7.3446E-02 1.0390E-01 1.3393E-01 1.5039E-01 1.5452E-01 1.4729E-01 1.0707E-01 5.0111E-02 1.4667E-02 3.8386E-03 1.3783E-03 5.4066E-04 0.0000E+00
 0.0000E+00 3.3782E-04 1.2016E-03 2.4068E-03 4.6345E-03 9.1883E-03 1.6491E-02 2.6681E-02 3.2310E-02 3.1298E-02 3.3145E-02 4.7832E-02 7.1114E-02 1.0218E-01 1.3616E-01 1.5204E-01 1.4995E-01 1.4612E-01 1.0553E-01 5.0765E-02 1.4430E-02 3.9669E-03 1.1433E-03 5.8572E-04 0.0000E+00
 0.0000E+00 3.5494E-04 1.0978E-03 2.2880E-03 4.5506E-03 9.9717E-03 1.5647E-02 2.6289E-02 2.9817E-02 3.0945E-02 3.5224E-02 4.6717E-02 6.9234E-02 1.0361E-01 1.3424E-01 1.4714E-01 1.4727E-01 1.4533E-01 1.0519E-01 5.1265E-02 1.3339E-02 3.6737E-03 1.2768E-03 5.2107E-04 0.0000E+00
 0.0000E+00 3.7662E-04 1.2488E-03 2.2287E-03 3.9256E-03 8.9175E-03 1.5761E-02 2.4887E-02 3.0775E-02 3.0577E-02 3.3456E-02 4.5968E-02 6.9309E-02 9.9336E-02 1.3112E-01 1.5183E-01 1.4733E-01 1.4805E-01 1.0440E-01 4.8887E-02 1.4180E-02 3.7379E-03 1.2074E-03 6.1510E-04 0.0000E+00
 0.0000E+00 3.2412E-04 1.2708E-03 2.2287E-03 4.0018E-03 8.4532E-03 1.6286E-02 2.3913E-02 2.9214E-02 2.8769E-02 3.4125E-02 4.6817E-02 6.7448E-02 9.7658E-02 1.3248E-01 1.4977E-01 1.4267E-01 1.4428E-01 1.0406E-01 4.7784E-02 1.5128E-02 3.9394E-03 1.1059E-03 5.8963E-04 0.0000E+00
 0.0000E+00 3.3668E-04 1.0789E-03 2.3906E-03 4.4896E-03 8.4436E-03 1.4575E-02 2.4836E-02 2.9804E-02 2.7845E-02 3.2729E-02 4.4604E-02 6.6677E-02 1.0016E-01 1.2562E-01 1.4772E-01 1.4857E-01 1.4339E-01 1.0090E-01 4.7043E-02 1.3799E-02 3.8936E-03 1.3730E-03 4.9561E-04 0.0000E+00
 0.0000E+00 3.0016E-04 1.0380E-03 2.0938E-03 4.4515E-03 9.4591E-03 1.4666E-02 2.5215E-02 2.8178E-02 2.9762E-02 3.2298E-02 4.4005E-02 6.8501E-02 9.6851E-02 1.2080E-01 1.4404E-01 1.4771E-01 1.4243E-01 1.0207E-01 4.4631E-02 1.3168E-02 3.5546E-03 1.2715E-03 5.3283E-04 0.0000E+00
 0.0000E+00 3.4238E-04 1.2896E-03 2.1639E-03 4.1009E-03 8.2308E-03 1.4678E-02 2.3345E-02 2.8624E-02 3.0713E-02 3.2254E-02 4.5419E-02 6.7391E-02 9.7084E-02 1.2259E-01 1.4738E-01 1.4837E-01 1.3805E-01 9.6013E-02 4.4183E-02 1.3286E-02 3.7012E-03 1.2287E-03 5.4458E-04 0.0000E+00
 0.0000E+00 3.1271E-04 1.1670E-03 2.0020E-03 3.8341E-03 8.8691E-03 1.3902E-02 2.3155E-02 2.7928E-02 2.9313E-02 3.1184E-02 4.4055E-02 6.6056E-02 9.4939E-02 1.2338E-01 1.3946E-01 1.4819E-01 1.3439E-01 9.3942E-02 4.5906E-02 1.3076E-02 3.7653E-03 1.3676E-03 5.2891E-04 0.0000E+00
 0.0000E+00 3.2298E-04 9.6251E-04 1.8455E-03 3.8875E-03 8.1437E-03 1.4381E-02 2.4318E-02 2.6223E-02 2.8198E-02 3.0991E-02 4.2990E-02 6.4251E-02 9.3473E-02 1.2092E-01 1.4620E-01 1.4601E-01 1.3685E-01 9.1658E-02 4.4010E-02 1.3233E-02 3.5546E-03 1.0685E-03 5.3478E-04 0.0000E+00
 0.0000E+00 3.8461E-04 1.2582E-03 1.9373E-03 3.9332E-03 7.7956E-03 1.4894E-02 2.3206E-02 2.7495E-02 2.7083E-02 3.1912E-02 4.0794E-02 6.2540E-02 9.2708E-02 1.1488E-01 1.4274E-01 1.4886E-01 1.3576E-01 9.3238E-02 4.3580E-02 1.1694E-02 3.6829E-03 1.1700E-03 4.5839E-04 0.0000E+00
 0.0000E+00 3.2755E-04 1.0034E-03 1.7970E-03 3.4530E-03 8.2985E-03 1.4222E-02 2.2005E-02 2.5803E-02 2.7233E-02 3.0739E-02 4.0844E-02 6.3198E-02 8.8736E-02 1.1925E-01 1.3512E-01 1.4336E-01 1.3187E-01 9.7379E-02 4.2908E-02 1.2891E-02 3.2065E-03 1.0952E-03 4.7602E-04 0.0000E+00
 0.0000E+00 3.1043E-04 1.0380E-03 1.9103E-03 3.7807E-03 8.1824E-03 1.2910E-02 2.2308E-02 2.4911E-02 2.5696E-02 2.8987E-02 4.1160E-02 6.1412E-02 9.1476E-02 1.2054E-01 1.3645E-01 1.4509E-01 1.2876E-01 9.3707E-02 4.2460E-02 1.1786E-02 2.9225E-03 1.4317E-03 4.7406E-04 0.0000E+00
 0.0000E+00 3.4809E-04 1.0349E-03 1.8941E-03 3.5902E-03 8.5790E-03 1.2807E-02 2.3180E-02 2.6485E-02 2.6281E-02 3.0709E-02 3.9846E-02 6.0002E-02 8.8736E-02 1.1765E-01 1.3970E-01 1.3625E-01 1.2978E-01 9.0890E-02 4.1650E-02 1.1458E-02 2.9683E-03 1.2234E-03 4.9365E-04 0.0000E+00
 0.0000E+00 3.1614E-04 1.0254E-03 2.2611E-03 3.6207E-03 7.9793E-03 1.2385E-02 2.2232E-02 2.4872E-02 2.6240E-02 2.9432E-02 4.1493E-02 6.2296E-02 8.8247E-02 1.1841E-01 1.3242E-01 1.4028E-01 1.3057E-01 8.7432E-02 4.3149E-02 1.1931E-02 3.2248E-03 1.0845E-03 5.0932E-04 0.0000E+00
 0.0000E+00 3.6179E-04 1.0128E-03 1.8995E-03 4.1847E-03 8.0277E-03 1.2819E-02 2.2106E-02 2.5934E-02 2.5792E-02 3.0323E-02 4.0611E-02 6.0359E-02 8.6144E-02 1.1736E-01 1.3461E-01 1.3496E-01 1.2581E-01 9.1872E-02 3.8341E-02 1.1076E-02 2.8767E-03 1.0311E-03 4.2509E-04 0.0000E+00
 0.0000E+00 3.4124E-04 1.0537E-03 1.8941E-03 2.9499E-03 7.1185E-03 1.3229E-02 2.2359E-02 2.5882E-02 2.6227E-02 2.9061E-02 3.9264E-02 5.9588E-02 8.6101E-02 1.1378E-01 1.3815E-01 1.4169E-01 1.2655E-01 9.0783E-02 4.0650E-02 1.1484E-02 2.7759E-03 1.2661E-03 4.2313E-04 0.0000E+00
 0.0000E+00 3.1157E-04 9.7195E-04 1.9103E-03 3.4835E-03 7.7375E-03 1.2750E-02 2.1006E-02 2.4072E-02 2.5656E-02 2.8081E-02 3.7849E-02 5.5865E-02 8.5634E-02 1.1729E-01 1.3562E-01 1.3669E-01 1.2411E-01 8.7389E-02 4.0150E-02 1.0997E-02 2.9866E-03 1.2394E-03 5.6417E-04 0.0000E+00
 0.0000E+00 3.5494E-04 9.9397E-04 1.9805E-03 2.8356E-03 7.1669E-03 1.1405E-02 2.0046E-02 2.3678E-02 2.6172E-02 2.6789E-02 3.5237E-02 5.7426E-02 8.3127E-02 1.1022E-01 1.2992E-01 1.3689E-01 1.2729E-01 8.7859E-02 3.8617E-02 1.0260E-02 3.1790E-03 1.0204E-03 4.6818E-04 0.0000E+00
 0.0000E+00 3.5266E-04 1.0160E-03 1.7862E-03 3.1176E-03 7.2636E-03 1.2397E-02 1.9970E-02 2.2274E-02 2.4391E-02 2.6863E-02 3.7384E-02 5.6053E-02 8.0429E-02 1.1342E-01 1.3072E-01 1.3838E-01 1.2334E-01 8.3654E-02 3.8479E-02 9.6685E-03 3.0599E-03 9.8833E-04 4.1529E-04 0.0000E+00
 0.0000E+00 3.2184E-04 9.8453E-04 1.9805E-03 3.0719E-03 6.1900E-03 1.1541E-02 2.0412E-02 2.3114E-02 2.4473E-02 2.5942E-02 3.5770E-02 5.6147E-02 7.7561E-02 1.1208E-01 1.2384E-01 1.3536E-01 1.2210E-01 8.8115E-02 3.6239E-02 1.0708E-02 3.2065E-03 1.1539E-03 4.4467E-04 0.0000E+00
 0.0000E+00 3.4923E-04 8.9331E-04 1.8186E-03 2.8584E-03 6.8574E-03 1.2499E-02 1.8516E-02 2.3849E-02 2.5465E-02 2.7294E-02 3.5886E-02 5.5395E-02 7.9877E-02 1.0910E-01 1.2693E-01 1.3367E-01 1.2319E-01 8.3675E-02 3.9478E-02 1.1208E-02 2.8675E-03 1.1433E-03 4.5839E-04 0.0000E+00
 0.0000E+00 3.2869E-04 9.4993E-04 1.6513E-03 2.9956E-03 7.9019E-03 1.1336E-02 2.0362E-02 2.2524E-02 2.4350E-02 2.5913E-02 3.6934E-02 5.4041E-02 7.9601E-02 1.1062E-01 1.2957E-01 1.3677E-01 1.2212E-01 8.4166E-02 3.6204E-02 9.6948E-03 2.8675E-03 9.0286E-04 4.1921E-04 0.0000E+00
 0.0000E+00 3.0815E-04 9.8139E-04 1.8779E-03 3.5673E-03 6.6253E-03 1.0367E-02 1.7707E-02 2.3324E-02 2.3372E-02 2.5571E-02 3.7284E-02 5.1202E-02 7.8602E-02 1.0458E-01 1.2629E-01 1.3499E-01 1.2156E-01 8.1946E-02 3.7100E-02 1.0274E-02 3.2065E-03 9.4025E-04 3.7024E-04 0.0000E+00
 0.0000E+00 3.0358E-04 1.0569E-03 1.7160E-03 3.1252E-03 6.4995E-03 1.1313E-02 1.8655E-02 2.3009E-02 2.2433E-02 2.4621E-02 3.6069E-02 5.0562E-02 7.7880E-02 1.0637E-01 1.2965E-01 1.2587E-01 1.1693E-01 8.1498E-02 3.6394E-02 9.6817E-03 2.8767E-03 1.1753E-03 4.8189E-04 0.0000E+00
 0.0000E+00 2.9331E-04 8.9646E-04 1.7700E-03 3.0033E-03 6.8477E-03 1.1541E-02 1.7796E-02 2.0622E-02 2.2352E-02 2.4190E-02 3.3241E-02 5.1597E-02 7.7158E-02 9.9806E-02 1.2184E-01 1.3499E-01 1.1714E-01 8.1839E-02 3.6015E-02 9.9974E-03 2.5927E-03 1.2074E-03 4.5447E-04 0.0000E+00
 0.0000E+00 3.1499E-04 8.9960E-04 1.4408E-03 2.8432E-03 6.5866E-03 1.1040E-02 1.9174E-02 2.2576E-02 2.3113E-02 2.3670E-02 3.4472E-02 5.0920E-02 7.5437E-02 1.0255E-01 1.2120E-01 1.3505E-01 1.1617E-01 7.7485E-02 3.4361E-02 1.0011E-02 2.3636E-03 8.8149E-04 4.2117E-04 0.0000E+00
 0.0000E+00 3.1157E-04 9.0275E-04 1.7430E-03 2.8279E-03 6.1030E-03 1.0082E-02 1.9363E-02 2.2511E-02 2.2039E-02 2.2720E-02 3.4173E-02 5.0280E-02 7.5012E-02 1.0253E-01 1.2331E-01 1.2926E-01 1.1851E-01 7.6247E-02 3.4481E-02 9.0503E-03 2.6568E-03 9.3491E-04 4.9169E-04 0.0000E+00
 0.0000E+00 2.6250E-04 7.7064E-04 1.8240E-03 2.6526E-03 6.1223E-03 9.4544E-03 1.8516E-02 2.1186E-02 2.1849E-02 2.3537E-02 3.2758E-02 4.8964E-02 7.3907E-02 9.8086E-02 1.2240E-01 1.2837E-01 1.1614E-01 7.5243E-02 3.5326E-02 8.9450E-03 2.7668E-03 8.6012E-04 4.2900E-04 0.0000E+00
 0.0000E+00 2.8874E-04 8.7759E-04 1.6729E-03 2.9956E-03 5.6484E-03 1.0025E-02 1.7935E-02 2.0241E-02 2.1264E-02 2.0804E-02 3.2709E-02 4.9679E-02 7.3461E-02 9.8325E-02 1.2017E-01 1.2711E-01 1.1200E-01 7.5500E-02 3.4257E-02 9.0766E-03 2.6018E-03 8.2806E-04 3.8003E-04 0.0000E+00
 0.0000E+00 2.8646E-04 1.0254E-03 1.7430E-03 2.8661E-03 6.0546E-03 9.8194E-03 1.6835E-02 2.1068E-02 1.9973E-02 2.2928E-02 3.1494E-02 4.7309E-02 7.2080E-02 9.9734E-02 1.1643E-01 1.2863E-01 1.0884E-01 7.6844E-02 3.3258E-02 8.9845E-03 2.2537E-03 9.4025E-04 4.4076E-04 0.0000E+00
 0.0000E+00 2.6934E-04 9.0275E-04 1.6135E-03 2.6831E-03 6.5575E-03 1.0321E-02 1.6557E-02 1.9415E-02 2.0884E-02 2.1859E-02 3.2526E-02 4.5109E-02 6.9956E-02 9.6032E-02 1.1577E-01 1.2434E-01 1.1352E-01 7.5350E-02 3.0053E-02 9.2344E-03 2.4919E-03 1.0150E-03 3.6632E-04 0.0000E+00
 0.0000E+00 2.6021E-04 8.5871E-04 1.7862E-03 2.9575E-03 5.6871E-03 1.0082E-02 1.6519E-02 2.0071E-02 2.0204E-02 2.1666E-02 3.0379E-02 4.4959E-02 6.7704E-02 9.3883E-02 1.1550E-01 1.2535E-01 1.1144E-01 7.2895E-02 3.0862E-02 8.7609E-03 2.2629E-03 8.9217E-04 4.1725E-04 0.0000E+00
 0.0000E+00 2.5565E-04 8.4928E-04 1.5595E-03 2.4316E-03 6.1030E-03 9.3518E-03 1.6456E-02 2.0425E-02 2.0367E-02 2.0923E-02 3.2792E-02 4.8795E-02 6.9043E-02 9.3859E-02 1.1174E-01 1.2383E-01 1.0782E-01 7.2148E-02 3.2155E-02 8.2347E-03 2.3820E-03 8.2272E-04 4.2704E-04 0.0000E+00
 0.0000E+00 2.9787E-04 8.8073E-04 1.5487E-03 2.6450E-03 5.5227E-03 9.6027E-03 1.6393E-02 1.9664E-02 2.0829E-02 2.1532E-02 3.0895E-02 4.3699E-02 6.7407E-02 9.7919E-02 1.1356E-01 1.2006E-01 1.0744E-01 6.9800E-02 3.1621E-02 8.7477E-03 2.1713E-03 8.7614E-04 3.9766E-04 0.0000E+00
 0.0000E+00 2.8076E-04 8.3669E-04 1.5595E-03 2.6984E-03 5.1648E-03 9.2948E-03 1.6570E-02 1.8693E-02 1.9959E-02 2.1978E-02 3.1028E-02 4.6181E-02 7.0954E-02 9.4026E-02 1.1057E-01 1.2443E-01 1.0612E-01 7.3771E-02 3.0363E-02 7.8006E-03 2.3178E-03 7.5861E-04 3.9178E-04 0.0000E+00
 0.0000E+00 3.0929E-04 8.5242E-04 1.5757E-03 2.3935E-03 4.8746E-03 8.7017E-03 1.5786E-02 1.8391E-02 1.9837E-02 1.9899E-02 2.8266E-02 4.4846E-02 6.7471E-02 9.3955E-02 1.1180E-01 1.2032E-01 1.0452E-01 7.1913E-02 2.9760E-02 8.0505E-03 1.9697E-03 7.3724E-04 4.1137E-04 0.0000E+00
 0.0000E+00 2.5793E-04 8.3669E-04 1.6027E-03 2.4697E-03 5.7064E-03 9.0439E-03 1.5951E-02 1.8733E-02 1.9293E-02 2.0715E-02 2.8216E-02 4.2364E-02 6.5197E-02 8.9441E-02 1.1145E-01 1.1859E-01 1.0464E-01 7.0398E-02 2.9984E-02 7.8795E-03 2.1713E-03 9.8833E-04 3.5456E-04 0.0000E+00
 0.0000E+00 2.7163E-04 8.9331E-04 1.4408E-03 2.2105E-03 5.0584E-03 8.3596E-03 1.5963E-02 1.7985E-02 2.1291E-02 1.9037E-02 2.8300E-02 4.3624E-02 6.4348E-02 8.9799E-02 1.1022E-01 1.2135E-01 1.0408E-01 6.7794E-02 2.8553E-02 8.4451E-03 1.8689E-03 8.8149E-04 3.5848E-04 0.0000E+00
 0.0000E+00 2.5336E-04 8.6186E-04 1.5056E-03 2.3249E-03 5.0391E-03 8.4964E-03 1.5584E-02 1.8142E-02 1.9388E-02 2.0804E-02 2.7468E-02 4.3850E-02 6.3498E-02 8.4831E-02 1.1142E-01 1.2078E-01 1.0492E-01 6.6705E-02 2.8002E-02 7.8927E-03 2.2720E-03 8.9751E-04 4.2900E-04 0.0000E+00
 0.0000E+00 2.7961E-04 8.2726E-04 1.5649E-03 2.2029E-03 5.4259E-03 8.6219E-03 1.4876E-02 1.6830E-02 1.8028E-02 1.8235E-02 2.6503E-02 4.0014E-02 6.7555E-02 8.6193E-02 1.1153E-01 1.2092E-01 1.0434E-01 6.7175E-02 2.8502E-02 7.2218E-03 2.1163E-03 7.1587E-04 3.8003E-04 0.0000E+00
 0.0000E+00 2.2141E-04 8.8073E-04 1.4894E-03 2.3172E-03 4.2847E-03 7.9946E-03 1.5559E-02 1.7381E-02 1.9034E-02 2.0938E-02 2.7651E-02 3.9863E-02 6.3668E-02 8.7864E-02 1.0396E-01 1.1548E-01 9.7902E-02 6.9139E-02 2.9053E-02 7.0508E-03 1.9239E-03 8.7614E-04 3.9962E-04 0.0000E+00
 0.0000E+00 2.7163E-04 8.0839E-04 1.3545E-03 2.4697E-03 4.7102E-03 8.0631E-03 1.4447E-02 1.7788E-02 1.7213E-02 1.9052E-02 2.7069E-02 3.9412E-02 5.9610E-02 8.5046E-02 1.0647E-01 1.1776E-01 1.0062E-01 6.0942E-02 2.8105E-02 7.1823E-03 1.9147E-03 7.9601E-04 4.0354E-04 0.0000E+00
 0.0000E+00 2.4766E-04 8.6500E-04 1.5218E-03 2.5612E-03 5.0971E-03 8.4622E-03 1.4421E-02 1.6739E-02 1.8042E-02 2.0255E-02 2.5970E-02 3.9562E-02 5.9462E-02 8.9512E-02 1.0844E-01 1.1704E-01 1.0029E-01 6.2265E-02 2.6210E-02 7.2744E-03 1.6949E-03 7.4259E-04 4.4076E-04 0.0000E+00
 0.0000E+00 2.7277E-04 7.1088E-04 1.2573E-03 2.2410E-03 4.9714E-03 7.9490E-03 1.4484E-02 1.7854E-02 1.6315E-02 1.6543E-02 2.5405E-02 3.9243E-02 6.0885E-02 8.4879E-02 1.0636E-01 1.1551E-01 9.7877E-02 6.4805E-02 2.5813E-02 7.1166E-03 2.0980E-03 8.2806E-04 3.8199E-04 0.0000E+00
 0.0000E+00 2.7505E-04 8.3355E-04 1.2897E-03 2.1877E-03 5.1068E-03 7.2305E-03 1.3878E-02 1.7408E-02 1.7104E-02 1.7968E-02 2.5837E-02 3.8453E-02 5.7507E-02 8.6240E-02 1.0242E-01 1.1928E-01 9.9454E-02 6.2778E-02 2.5917E-02 7.2481E-03 1.7223E-03 8.8149E-04 3.4281E-04 0.0000E+00
 0.0000E+00 2.7048E-04 7.2346E-04 1.3059E-03 2.3172E-03 4.6135E-03 8.2911E-03 1.3764E-02 1.6804E-02 1.7838E-02 1.6587E-02 2.4606E-02 3.6441E-02 6.0842E-02 8.2921E-02 1.0332E-01 1.1686E-01 9.7749E-02 6.2201E-02 2.6554E-02 6.5641E-03 1.9605E-03 8.0135E-04 4.0550E-04 0.0000E+00
 0.0000E+00 2.3168E-04 7.0144E-04 1.4732E-03 1.9437E-03 4.8650E-03 7.1849E-03 1.3499E-02 1.5374E-02 1.6506E-02 1.7047E-02 2.3808E-02 3.8979E-02 5.5595E-02 8.3112E-02 9.8419E-02 1.1635E-01 9.5943E-02 6.2415E-02 2.5848E-02 6.8666E-03 1.8323E-03 7.3190E-04 3.3302E-04 0.0000E+00
 0.0000E+00 2.2940E-04 6.6999E-04 1.5164E-03 1.9971E-03 4.8360E-03 7.5384E-03 1.3334E-02 1.6476E-02 1.5160E-02 1.8072E-02 2.3175E-02 3.5538E-02 5.8059E-02 8.1130E-02 9.9192E-02 1.1496E-01 9.0905E-02 6.1369E-02 2.5986E-02 6.2878E-03 1.5574E-03 7.9601E-04 3.6044E-04 0.0000E+00
 0.0000E+00 2.3510E-04 6.4168E-04 1.3815E-03 1.8599E-03 3.9848E-03 7.0252E-03 1.3992E-02 1.5978E-02 1.5839E-02 1.6765E-02 2.4274E-02 3.3903E-02 5.8081E-02 8.3351E-02 1.0207E-01 1.0933E-01 9.2966E-02 5.9469E-02 2.3901E-02 6.8929E-03 1.6491E-03 8.2806E-04 3.3889E-04 0.0000E+00
 0.0000E+00 2.1799E-04 6.6055E-04 1.2142E-03 2.2563E-03 4.2363E-03 7.8692E-03 1.2778E-02 1.5847E-02 1.5635E-02 1.6825E-02 2.2826E-02 3.5538E-02 5.4044E-02 7.9888E-02 1.0023E-01 1.1177E-01 9.5027E-02 5.8402E-02 2.5486E-02 6.4851E-03 1.6216E-03 7.6930E-04 2.8796E-04 0.0000E+00
 0.0000E+00 2.5793E-04 7.6749E-04 1.1926E-03 1.9971E-03 4.3620E-03 7.4016E-03 1.3499E-02 1.4981E-02 1.6750E-02 1.7404E-02 2.2643E-02 3.3658E-02 5.5999E-02 8.1488E-02 9.5727E-02 1.0973E-01 8.6911E-02 5.7334E-02 2.4900E-02 6.3141E-03 1.8231E-03 5.9300E-04 3.3302E-04 0.0000E+00
 0.0000E+00 2.6364E-04 6.4482E-04 1.2627E-03 2.0428E-03 4.5071E-03 7.3902E-03 1.2589E-02 1.5952E-02 1.5160E-02 1.4790E-02 2.3492E-02 3.3244E-02 5.6594E-02 8.0795E-02 9.7619E-02 1.1416E-01 9.1999E-02 5.8636E-02 2.3832E-02 6.5114E-03 1.7590E-03 7.1587E-04 3.2714E-04 0.0000E+00
 0.0000E+00 2.1570E-04 6.7313E-04 1.3761E-03 1.8065E-03 4.0429E-03 7.2989E-03 1.3044E-02 1.4889E-02 1.5989E-02 1.6082E-02 2.1196E-02 3.4749E-02 5.4660E-02 7.8096E-02 9.4555E-02 1.0881E-01 8.8870E-02 5.4538E-02 2.3108E-02 6.0642E-03 2.0247E-03 6.8382E-04 3.3889E-04 0.0000E+00
 0.0000E+00 2.7391E-04 7.7379E-04 1.1062E-03 2.1038E-03 3.4529E-03 6.6261E-03 1.2386E-02 1.4364E-02 1.5391E-02 1.6884E-02 2.2327E-02 3.2511E-02 5.3896E-02 7.5422E-02 9.1410E-02 1.0395E-01 8.8692E-02 5.6011E-02 2.3884E-02 6.3404E-03 1.8873E-03 5.3958E-04 3.1930E-04 0.0000E+00
 0.0000E+00 2.1799E-04 7.6120E-04 1.3599E-03 1.7379E-03 3.9074E-03 6.7629E-03 1.1527E-02 1.4600E-02 1.6791E-02 1.4865E-02 2.2227E-02 3.3226E-02 5.1941E-02 7.6711E-02 9.3435E-02 1.1085E-01 8.6351E-02 5.4175E-02 2.2402E-02 5.6433E-03 1.3009E-03 6.9985E-04 3.4085E-04 0.0000E+00
 0.0000E+00 2.6820E-04 6.1337E-04 1.1009E-03 1.7608E-03 4.0719E-03 6.2041E-03 1.2488E-02 1.4010E-02 1.5064E-02 1.5072E-02 2.2144E-02 3.2868E-02 5.2154E-02 7.4514E-02 9.5647E-02 1.0705E-01 8.2866E-02 5.3663E-02 2.2264E-02 5.7353E-03 1.4475E-03 6.4108E-04 3.1734E-04 0.0000E+00
 0.0000E+00 2.4994E-04 6.6055E-04 1.2412E-03 1.7455E-03 4.0235E-03 6.2839E-03 1.1438E-02 1.4692E-02 1.4575E-02 1.4746E-02 2.1911E-02 3.2530E-02 5.3025E-02 7.4108E-02 9.0237E-02 1.0576E-01 8.9124E-02 5.1977E-02 2.2987E-02 6.0510E-03 1.4567E-03 6.9450E-04 3.4477E-04 0.0000E+00
 0.0000E+00 1.8831E-04 6.1022E-04 1.0847E-03 1.8370E-03 3.8107E-03 5.8049E-03 1.1514E-02 1.3302E-02 1.3841E-02 1.4568E-02 2.1595E-02 3.2492E-02 5.2557E-02 7.0764E-02 9.3275E-02 1.0659E-01 8.7573E-02 5.5371E-02 2.0506E-02 5.3012E-03 1.6216E-03 7.0519E-04 3.1539E-04 0.0000E+00
 0.0000E+00 2.4994E-04 5.8820E-04 1.1224E-03 1.7455E-03 3.7430E-03 6.9112E-03 1.2336E-02 1.3498E-02 1.3936E-02 1.4582E-02 2.1063E-02 3.2173E-02 4.8903E-02 7.0454E-02 8.6133E-02 1.0613E-01 8.4926E-02 5.2681E-02 2.1316E-02 4.7488E-03 1.4475E-03 4.8615E-04 3.1343E-04 0.0000E+00
 0.0000E+00 2.1000E-04 6.7313E-04 1.2358E-03 1.5245E-03 3.8688E-03 5.6225E-03 1.1628E-02 1.4535E-02 1.4072E-02 1.4523E-02 1.9831E-02 3.2511E-02 5.0645E-02 6.9976E-02 9.0824E-02 1.0256E-01 8.2611E-02 5.5349E-02 2.0230E-02 5.5380E-03 1.3925E-03 6.9450E-04 3.1343E-04 0.0000E+00
 0.0000E+00 2.2369E-04 6.5111E-04 1.2789E-03 1.4940E-03 3.8107E-03 5.2005E-03 1.1148E-02 1.3275E-02 1.4262E-02 1.3157E-02 1.9765E-02 3.1609E-02 4.8946E-02 6.8806E-02 9.1623E-02 1.0403E-01 8.2204E-02 4.9479E-02 2.1885E-02 5.4196E-03 1.2734E-03 5.9834E-04 3.5652E-04 0.0000E+00
 0.0000E+00 2.3282E-04 5.9135E-04 9.8213E-04 1.8599E-03 3.7624E-03 5.9418E-03 1.1186E-02 1.2764E-02 1.4099E-02 1.4137E-02 1.8916E-02 2.9183E-02 4.9668E-02 6.8997E-02 8.8105E-02 1.0481E-01 8.3680E-02 5.4047E-02 2.1247E-02 5.2355E-03 1.3467E-03 5.3423E-04 3.0167E-04 0.0000E+00
 0.0000E+00 2.5108E-04 6.9200E-04 1.2304E-03 1.6998E-03 3.7334E-03 6.0330E-03 1.1679E-02 1.3092E-02 1.4031E-02 1.3840E-02 1.9133E-02 2.8750E-02 4.5504E-02 6.9690E-02 9.4182E-02 1.0386E-01 7.9813E-02 5.0611E-02 2.0489E-02 4.9987E-03 1.3742E-03 6.3040E-04 3.2518E-04 0.0000E+00
 0.0000E+00 2.5222E-04 5.5989E-04 1.0037E-03 1.9132E-03 3.6657E-03 6.2041E-03 1.0566E-02 1.2685E-02 1.3297E-02 1.2385E-02 1.8800E-02 3.0556E-02 4.4718E-02 6.7230E-02 8.6506E-02 1.0328E-01 8.1619E-02 4.8412E-02 2.0971E-02 5.0776E-03 1.4842E-03 5.8232E-04 2.8208E-04 0.0000E+00
 0.0000E+00 2.2369E-04 5.2844E-04 1.0199E-03 1.7608E-03 3.3175E-03 5.0294E-03 1.0541E-02 1.1190E-02 1.2835E-02 1.2637E-02 1.8883E-02 3.0480E-02 4.6715E-02 6.4746E-02 8.6799E-02 9.9976E-02 7.9838E-02 5.0632E-02 2.0144E-02 4.7093E-03 1.3192E-03 4.7547E-04 2.9971E-04 0.0000E+00
 0.0000E+00 2.2255E-04 7.1088E-04 9.8213E-04 1.5474E-03 3.4722E-03 5.1777E-03 1.1034E-02 1.2816E-02 1.3311E-02 1.3305E-02 1.8866E-02 2.8562E-02 4.1638E-02 6.5295E-02 8.1709E-02 1.0349E-01 8.0500E-02 4.7643E-02 1.9369E-02 5.2486E-03 1.5941E-03 6.3040E-04 3.2126E-04 0.0000E+00
 0.0000E+00 2.3625E-04 6.2909E-04 1.0037E-03 1.7379E-03 3.7237E-03 5.3374E-03 1.1122E-02 1.2528E-02 1.2780E-02 1.2934E-02 1.8634E-02 2.6212E-02 4.4166E-02 6.6275E-02 8.9544E-02 1.0162E-01 8.0245E-02 4.9479E-02 1.7611E-02 4.8277E-03 1.1452E-03 5.8232E-04 2.6054E-04 0.0000E+00
 0.0000E+00 2.1799E-04 6.0078E-04 9.4975E-04 1.4254E-03 3.4142E-03 5.9076E-03 9.5679E-03 1.2829E-02 1.2739E-02 1.2310E-02 1.7053E-02 2.6776E-02 4.5398E-02 6.4937E-02 8.3175E-02 9.8940E-02 7.9329E-02 4.7836E-02 1.9834E-02 4.3410E-03 1.3192E-03 5.7163E-04 2.8404E-04 0.0000E+00
 0.0000E+00 2.3739E-04 5.9135E-04 1.1224E-03 1.4254E-03 3.1821E-03 5.6567E-03 9.8206E-03 1.1255E-02 1.2875E-02 1.2548E-02 1.8401E-02 2.7885E-02 4.2913E-02 6.7779E-02 8.1150E-02 9.7300E-02 7.5945E-02 4.4911E-02 1.7835E-02 5.4196E-03 1.3925E-03 4.2204E-04 2.8404E-04 0.0000E+00
 0.0000E+00 2.1456E-04 6.1022E-04 1.1062E-03 1.5931E-03 2.8822E-03 4.6759E-03 1.0415E-02 1.2397E-02 1.2223E-02 1.3038E-02 1.7469E-02 2.8619E-02 4.1872E-02 6.3910E-02 7.9391E-02 1.0064E-01 7.7396E-02 4.5552E-02 1.8076E-02 4.5383E-03 1.3467E-03 6.6779E-04 2.5466E-04 0.0000E+00
 0.0000E+00 2.1799E-04 5.8191E-04 9.1738E-04 1.3568E-03 3.0176E-03 5.2005E-03 9.6310E-03 1.1557E-02 1.2807E-02 1.1538E-02 1.7885E-02 2.5610E-02 4.1553E-02 6.4292E-02 8.7039E-02 9.7559E-02 7.6581E-02 4.7387E-02 1.8059E-02 4.4462E-03 1.2368E-03 6.0903E-04 2.8208E-04 0.0000E+00
 0.0000E+00 2.4652E-04 6.9200E-04 9.1198E-04 1.5702E-03 2.9403E-03 5.1891E-03 9.7069E-03 1.0560E-02 1.2971E-02 1.1642E-02 1.5922E-02 2.4275E-02 4.1638E-02 6.3958E-02 7.9897E-02 9.9026E-02 7.1315E-02 4.6085E-02 1.7801E-02 4.4594E-03 1.2826E-03 4.5410E-04 2.8208E-04 0.0000E+00
 0.0000E+00 2.0771E-04 5.7562E-04 1.0307E-03 1.5245E-03 3.2014E-03 4.6075E-03 9.0623E-03 1.1006E-02 1.1978E-02 1.2563E-02 1.6371E-02 2.6607E-02 4.2084E-02 6.2955E-02 8.0510E-02 9.9055E-02 7.4826E-02 4.5850E-02 1.6646E-02 4.5251E-03 1.2185E-03 5.3423E-04 2.9384E-04 0.0000E+00
 0.0000E+00 1.9059E-04 5.8820E-04 9.2817E-04 1.9132E-03 3.0853E-03 4.8013E-03 1.0389E-02 1.0757E-02 1.1842E-02 1.1865E-02 1.5123E-02 2.5159E-02 4.0597E-02 6.2358E-02 7.7632E-02 9.5516E-02 7.6836E-02 4.3993E-02 1.5302E-02 4.3147E-03 1.4658E-03 5.9834E-04 2.8404E-04 0.0000E+00
 0.0000E+00 2.2369E-04 6.4797E-04 1.0523E-03 1.3644E-03 2.8822E-03 5.1777E-03 9.0496E-03 1.1295E-02 1.1992E-02 1.0855E-02 1.6704E-02 2.6494E-02 4.0045E-02 6.2501E-02 8.2162E-02 9.4020E-02 7.2867E-02 4.5872E-02 1.6439E-02 4.4330E-03 1.1452E-03 4.7013E-04 2.6249E-04 0.0000E+00
 0.0000E+00 2.0201E-04 4.8755E-04 9.8213E-04 1.1205E-03 3.0080E-03 4.5961E-03 9.2392E-03 1.0665E-02 1.0999E-02 1.1716E-02 1.6138E-02 2.6024E-02 4.1192E-02 5.6769E-02 7.4940E-02 9.8336E-02 7.1060E-02 4.1624E-02 1.7163E-02 4.2357E-03 9.1614E-04 5.1286E-04 2.6249E-04 0.0000E+00
 0.0000E+00 1.7804E-04 5.8191E-04 8.7421E-04 1.1662E-03 3.0370E-03 4.6531E-03 8.7589E-03 1.0285E-02 1.1924E-02 1.1286E-02 1.6005E-02 2.4181E-02 4.0809E-02 5.9372E-02 7.8351E-02 9.4481E-02 7.3859E-02 4.0663E-02 1.7198E-02 4.1568E-03 8.8866E-04 4.3273E-04 2.7621E-04 0.0000E+00
 0.0000E+00 1.9972E-04 5.3473E-04 9.5515E-04 1.3187E-03 2.7178E-03 4.1513E-03 8.9991E-03 1.1334E-02 1.0578E-02 1.0009E-02 1.5722E-02 2.5497E-02 4.0618E-02 6.0805E-02 7.6832E-02 9.3790E-02 7.2587E-02 4.1667E-02 1.6939E-02 3.9726E-03 1.2643E-03 3.7396E-04 2.9188E-04 0.0000E+00
 0.0000E+00 1.9858E-04 5.7248E-04 9.4436E-04 1.1205E-03 2.4470E-03 4.8926E-03 8.2660E-03 9.5368E-03 1.0605E-02 1.1108E-02 1.4491E-02 2.2526E-02 3.7729E-02 5.5480E-02 7.4301E-02 9.1776E-02 6.8135E-02 4.2371E-02 1.6801E-02 4.0647E-03 9.8027E-04 4.5410E-04 2.8404E-04 0.0000E+00
 0.0000E+00 1.8375E-04 5.9449E-04 8.3643E-04 1.1586E-03 2.3986E-03 4.5504E-03 8.8474E-03 1.0101E-02 1.0578E-02 1.1642E-02 1.4874E-02 2.4087E-02 3.4245E-02 5.6698E-02 7.3981E-02 9.4222E-02 6.9712E-02 4.1624E-02 1.5354E-02 3.2097E-03 1.3467E-03 5.6095E-04 2.8208E-04 0.0000E+00
 0.0000E+00 2.0771E-04 4.4666E-04 8.3643E-04 1.4635E-03 2.7371E-03 4.3794E-03 8.9485E-03 1.0927E-02 9.5988E-03 1.0573E-02 1.3443E-02 2.3824E-02 3.7623E-02 5.6268E-02 7.6113E-02 9.2985E-02 6.6557E-02 3.9468E-02 1.5767E-02 3.8674E-03 9.0698E-04 4.4876E-04 2.2332E-04 0.0000E+00
 0.0000E+00 1.7462E-04 5.7248E-04 9.2817E-04 1.3873E-03 2.6404E-03 4.2995E-03 8.3798E-03 9.7729E-03 1.1325E-02 1.0291E-02 1.3759E-02 2.1154E-02 3.9875E-02 5.7438E-02 7.3261E-02 8.8468E-02 6.6379E-02 4.0279E-02 1.5026E-02 3.9332E-03 1.1727E-03 4.7547E-04 2.5858E-04 0.0000E+00
 0.0000E+00 1.9630E-04 5.0013E-04 8.6881E-04 1.2730E-03 2.6598E-03 4.3908E-03 8.6326E-03 1.0835E-02 1.0483E-02 1.0306E-02 1.4291E-02 2.2658E-02 3.3438E-02 5.5527E-02 7.7259E-02 9.0827E-02 6.8465E-02 3.8081E-02 1.5302E-02 3.6306E-03 9.4363E-04 4.8081E-04 2.3311E-04 0.0000E+00
 0.0000E+00 2.0657E-04 5.2844E-04 9.5515E-04 1.2196E-03 2.4470E-03 3.7065E-03 8.0638E-03 9.1301E-03 9.7755E-03 9.1623E-03 1.5023E-02 2.1643E-02 3.6986E-02 5.3688E-02 7.2968E-02 9.2438E-02 6.8313E-02 3.7611E-02 1.5302E-02 3.8016E-03 8.6117E-04 4.8615E-04 2.5270E-04 0.0000E+00
 0.0000E+00 1.5521E-04 7.4862E-04 9.3357E-04 1.1129E-03 2.7855E-03 4.5732E-03 7.7605E-03 1.0508E-02 1.0088E-02 8.9841E-03 1.2711E-02 2.2846E-02 3.7028E-02 5.4811E-02 7.0836E-02 8.9791E-02 6.4853E-02 3.8593E-02 1.3096E-02 3.1965E-03 8.7950E-04 4.0068E-04 3.0363E-04 0.0000E+00
 0.0000E+00 1.7918E-04 5.6304E-04 9.2277E-04 1.3263E-03 2.1568E-03 3.9232E-03 7.8742E-03 8.5136E-03 9.3813E-03 9.6969E-03 1.2977E-02 2.0797E-02 3.5031E-02 5.5026E-02 7.2142E-02 8.5965E-02 6.4802E-02 3.9639E-02 1.4044E-02 3.9069E-03 8.5201E-04 5.2889E-04 2.8600E-04 0.0000E+00
 0.0000E+00 1.8603E-04 4.7182E-04 7.5009E-04 1.2425E-03 2.3213E-03 4.2653E-03 7.6593E-03 9.2613E-03 9.3133E-03 9.8751E-03 1.2761E-02 2.0966E-02 3.5583E-02 5.2470E-02 6.7318E-02 8.6914E-02 6.2537E-02 3.5882E-02 1.3045E-02 3.7622E-03 7.6956E-04 4.2204E-04 2.2332E-04 0.0000E+00
 0.0000E+00 1.4608E-04 4.9698E-04 8.4183E-04 1.1281E-03 2.5244E-03 3.5354E-03 8.0259E-03 9.1957E-03 9.5036E-03 9.1029E-03 1.3027E-02 2.0703E-02 3.2078E-02 5.3306E-02 6.8837E-02 8.6540E-02 6.3301E-02 3.8038E-02 1.3562E-02 3.4596E-03 8.4285E-04 5.3958E-04 2.3899E-04 0.0000E+00
 0.0000E+00 2.2027E-04 4.7497E-04 7.9866E-04 1.2348E-03 2.6501E-03 4.3794E-03 7.9121E-03 8.6185E-03 9.4900E-03 8.9098E-03 1.1896E-02 2.0703E-02 3.3332E-02 5.0822E-02 6.8704E-02 8.7892E-02 6.1927E-02 3.8422E-02 1.3027E-02 3.8411E-03 9.0698E-04 4.0068E-04 2.6641E-04 0.0000E+00
 0.0000E+00 1.9972E-04 5.1586E-04 9.0658E-04 1.1053E-03 2.6404E-03 3.9574E-03 7.3434E-03 1.0009E-02 1.0224E-02 8.8653E-03 1.2228E-02 1.9913E-02 3.3926E-02 5.1228E-02 6.9877E-02 8.5619E-02 6.1647E-02 3.7205E-02 1.2097E-02 3.5385E-03 9.8027E-04 4.4876E-04 2.2136E-04 0.0000E+00
 0.0000E+00 1.7690E-04 5.5989E-04 7.4469E-04 9.9092E-04 2.2052E-03 3.4556E-03 7.8110E-03 8.7497E-03 9.6396E-03 9.2959E-03 1.3426E-02 1.9386E-02 3.3863E-02 4.9366E-02 7.1689E-02 8.6109E-02 6.3631E-02 3.4793E-02 1.3562E-02 3.5912E-03 7.9704E-04 3.7396E-04 2.2332E-04 0.0000E+00
 0.0000E+00 1.7690E-04 5.3158E-04 8.6881E-04 1.1053E-03 2.1278E-03 3.7521E-03 7.6720E-03 8.0282E-03 9.9931E-03 8.9544E-03 1.2295E-02 1.9838E-02 3.2822E-02 5.0799E-02 6.6119E-02 8.2484E-02 6.2410E-02 3.5455E-02 1.2355E-02 3.1834E-03 1.0627E-03 4.6478E-04 2.1156E-04 0.0000E+00
 0.0000E+00 1.8603E-04 4.1835E-04 8.6881E-04 1.0595E-03 2.4180E-03 3.7407E-03 7.1032E-03 9.2482E-03 9.8435E-03 8.1228E-03 1.2461E-02 1.7807E-02 3.0655E-02 5.0655E-02 6.4813E-02 8.4584E-02 6.2970E-02 3.4516E-02 1.2321E-02 3.1702E-03 8.4285E-04 3.7931E-04 2.0960E-04 0.0000E+00
 0.0000E+00 1.9288E-04 5.5675E-04 7.9866E-04 1.2577E-03 2.2052E-03 3.0108E-03 7.0400E-03 8.6579E-03 8.9870E-03 8.2267E-03 1.3027E-02 2.0120E-02 3.2099E-02 4.9628E-02 6.8118E-02 8.5332E-02 6.1189E-02 3.3150E-02 1.3027E-02 2.5257E-03 9.3447E-04 3.6328E-04 2.4486E-04 0.0000E+00
 0.0000E+00 1.8945E-04 5.1900E-04 8.5262E-04 1.0748E-03 2.3986E-03 3.9460E-03 7.7099E-03 8.3955E-03 8.4839E-03 9.5335E-03 1.2311E-02 1.9969E-02 3.1228E-02 4.8792E-02 6.8411E-02 8.7892E-02 6.0705E-02 3.4409E-02 1.2131E-02 2.9597E-03 7.5124E-04 2.7246E-04 2.2919E-04 0.0000E+00
 0.0000E+00 1.7804E-04 5.5360E-04 7.9326E-04 9.5281E-04 2.0021E-03 3.6039E-03 6.9768E-03 8.5661E-03 7.8313E-03 7.5882E-03 1.2661E-02 1.8747E-02 2.9656E-02 4.5998E-02 6.3960E-02 8.4641E-02 5.7220E-02 3.2424E-02 1.1028E-02 2.9466E-03 7.8788E-04 3.7396E-04 2.2919E-04 0.0000E+00
 0.0000E+00 1.7119E-04 4.4351E-04 8.6341E-04 1.0900E-03 2.3213E-03 3.4214E-03 7.0400E-03 7.9758E-03 8.5791E-03 7.5734E-03 1.1812E-02 1.9687E-02 3.0782E-02 4.5162E-02 6.6146E-02 8.4958E-02 6.1876E-02 3.2104E-02 1.1804E-02 3.1308E-03 8.6117E-04 3.5259E-04 1.9589E-04 0.0000E+00
 0.0000E+00 1.9858E-04 4.6553E-04 8.4183E-04 1.1205E-03 2.4470E-03 3.2275E-03 6.3322E-03 7.0837E-03 8.1440E-03 8.2267E-03 1.1779E-02 1.6321E-02 2.9189E-02 4.3705E-02 6.2948E-02 8.2311E-02 5.7271E-02 3.0610E-02 1.1442E-02 2.9729E-03 8.4285E-04 3.8999E-04 2.7817E-04 0.0000E+00
 0.0000E+00 1.8717E-04 5.4102E-04 6.2597E-04 1.3644E-03 2.0988E-03 3.4328E-03 5.8899E-03 7.7265E-03 8.4839E-03 7.6922E-03 1.1729E-02 1.7544E-02 2.9954E-02 4.5807E-02 6.4360E-02 8.1994E-02 5.8899E-02 3.1784E-02 1.0667E-02 2.4862E-03 7.9704E-04 3.5794E-04 2.6445E-04 0.0000E+00
 0.0000E+00 1.7347E-04 4.5609E-04 8.2024E-04 9.0707E-04 1.8473E-03 3.2731E-03 6.9263E-03 8.3562E-03 8.7558E-03 8.0634E-03 1.1663E-02 1.7073E-02 2.7256E-02 4.5067E-02 6.3720E-02 8.0987E-02 5.7678E-02 3.2787E-02 1.1942E-02 2.9334E-03 9.1614E-04 3.6328E-04 2.6641E-04 0.0000E+00
 0.0000E+00 1.9288E-04 4.7497E-04 6.7994E-04 8.3085E-04 1.7990E-03 3.2389E-03 6.6356E-03 7.9495E-03 8.6335E-03 8.6574E-03 1.0864E-02 1.6679E-02 2.6789E-02 4.6189E-02 6.3720E-02 7.7334E-02 5.5820E-02 3.0289E-02 1.2149E-02 3.0124E-03 8.8866E-04 4.0068E-04 2.3115E-04 0.0000E+00
 0.0000E+00 1.4837E-04 4.6238E-04 7.2311E-04 9.9854E-04 2.0311E-03 2.9082E-03 6.6482E-03 7.9889E-03 7.9129E-03 7.8406E-03 1.0232E-02 1.5720E-02 2.6342E-02 4.4899E-02 6.2628E-02 7.9089E-02 5.5464E-02 2.9670E-02 1.1856E-02 2.8808E-03 9.8943E-04 2.6712E-04 2.2919E-04 0.0000E+00
 0.0000E+00 1.8945E-04 3.9947E-04 7.9866E-04 8.9183E-04 1.6732E-03 3.2047E-03 6.6988E-03 7.4904E-03 8.2256E-03 7.6031E-03 1.0115E-02 1.6904E-02 2.8977E-02 4.4183E-02 5.8231E-02 8.2023E-02 5.6380E-02 3.0866E-02 1.0374E-02 2.7756E-03 8.4285E-04 4.1136E-04 1.9393E-04 0.0000E+00
 0.0000E+00 1.9402E-04 4.8440E-04 4.5869E-04 1.0595E-03 2.2439E-03 3.3301E-03 6.8125E-03 6.7951E-03 7.0835E-03 7.7664E-03 9.8991E-03 1.5626E-02 2.8594E-02 4.5640E-02 6.3614E-02 8.2484E-02 5.3480E-02 3.0567E-02 1.1080E-02 2.2889E-03 9.7111E-04 3.4725E-04 2.1352E-04 0.0000E+00
 0.0000E+00 1.7347E-04 3.8060E-04 6.9613E-04 6.4791E-04 1.7990E-03 2.8968E-03 6.1932E-03 6.6640E-03 8.3480E-03 8.3307E-03 9.7161E-03 1.5193E-02 2.8084E-02 4.3132E-02 6.1135E-02 7.7132E-02 5.5617E-02 3.0802E-02 1.1063E-02 2.6572E-03 8.8866E-04 2.7780E-04 2.0960E-04 0.0000E+00
 0.0000E+00 1.7576E-04 4.2464E-04 6.7994E-04 1.0824E-03 2.1375E-03 3.2959E-03 6.1300E-03 6.1655E-03 8.3072E-03 7.5140E-03 9.2669E-03 1.4855E-02 2.8700E-02 4.2034E-02 5.9323E-02 8.0038E-02 5.5999E-02 2.9692E-02 1.0787E-02 2.2757E-03 7.9704E-04 3.7931E-04 2.5074E-04 0.0000E+00
 0.0000E+00 1.7347E-04 4.6238E-04 5.7741E-04 9.7568E-04 2.1085E-03 2.9082E-03 6.3196E-03 7.0837E-03 7.6954E-03 7.6773E-03 1.0681E-02 1.5043E-02 2.6704E-02 4.1532E-02 5.6285E-02 7.8312E-02 5.2284E-02 2.8774E-02 1.1390E-02 2.4467E-03 8.8866E-04 3.0451E-04 2.1548E-04 0.0000E+00
 0.0000E+00 1.9516E-04 4.5609E-04 6.9073E-04 6.5553E-04 1.5282E-03 2.6117E-03 6.4460E-03 7.1493E-03 7.2739E-03 6.9794E-03 9.9323E-03 1.5456E-02 2.7829E-02 3.9550E-02 5.7671E-02 7.5492E-02 5.0401E-02 2.8838E-02 9.5982E-03 2.1573E-03 5.7717E-04 4.1670E-04 1.9393E-04 0.0000E+00
 0.0000E+00 1.5521E-04 4.3722E-04 7.2850E-04 8.5372E-04 1.5282E-03 2.8626E-03 5.5739E-03 6.4934E-03 7.3555E-03 7.0388E-03 1.0431E-02 1.4817E-02 2.6045E-02 3.9287E-02 5.6338E-02 7.6701E-02 5.3353E-02 2.7216E-02 9.7188E-03 2.5520E-03 8.7950E-04 2.1904E-04 2.2919E-04 0.0000E+00
 0.0000E+00 1.6434E-04 3.9318E-04 5.7741E-04 7.6225E-04 1.9634E-03 3.4556E-03 5.9151E-03 6.9526E-03 7.6682E-03 6.8754E-03 9.8492E-03 1.5212E-02 2.6406E-02 4.0792E-02 5.7698E-02 7.5636E-02 5.2844E-02 2.6255E-02 1.0391E-02 2.6046E-03 7.8788E-04 3.6862E-04 2.6641E-04 0.0000E+00
 0.0000E+00 1.6434E-04 4.9384E-04 5.8820E-04 7.6987E-04 1.8860E-03 2.3950E-03 6.5976E-03 6.5197E-03 7.2331E-03 7.0685E-03 9.6661E-03 1.5137E-02 2.6300E-02 4.0433E-02 5.6738E-02 7.5924E-02 5.1037E-02 2.9393E-02 9.7533E-03 2.3152E-03 5.6801E-04 3.4191E-04 2.2332E-04 0.0000E+00
 0.0000E+00 1.5065E-04 3.7431E-04 5.7741E-04 1.1281E-03 1.9731E-03 3.2161E-03 6.0289E-03 6.7164E-03 7.3555E-03 7.0685E-03 9.1670E-03 1.4591E-02 2.4218E-02 3.9406E-02 5.7804E-02 7.7708E-02 4.9536E-02 2.6575E-02 1.0736E-02 2.2231E-03 5.0388E-04 2.8849E-04 2.2332E-04 0.0000E+00
 0.0000E+00 1.7690E-04 4.0577E-04 5.1805E-04 7.9274E-04 1.6346E-03 2.6801E-03 5.9531E-03 6.9788E-03 7.4370E-03 6.3557E-03 9.4499E-03 1.3632E-02 2.4898E-02 3.8069E-02 5.7538E-02 7.6557E-02 4.8468E-02 2.5700E-02 9.0468E-03 1.9074E-03 5.6801E-04 3.0451E-04 1.9393E-04 0.0000E+00
 0.0000E+00 1.7347E-04 4.4351E-04 7.0152E-04 7.8512E-04 1.6055E-03 2.1897E-03 5.7129E-03 6.8083E-03 6.7028E-03 6.6378E-03 9.1837E-03 1.5193E-02 2.4940E-02 3.6732E-02 5.5725E-02 7.2846E-02 4.9155E-02 2.7450E-02 9.6844E-03 1.9469E-03 7.5124E-04 3.2054E-04 2.1548E-04 0.0000E+00
 0.0000E+00 1.3924E-04 4.0577E-04 6.5835E-04 9.5281E-04 1.8280E-03 3.0108E-03 5.9278E-03 6.0736E-03 6.5941E-03 5.6874E-03 8.5016E-03 1.4497E-02 2.5769E-02 3.6660E-02 5.4659E-02 7.2414E-02 4.7653E-02 2.5722E-02 9.5293E-03 2.0652E-03 7.0543E-04 2.5109E-04 1.9197E-04 0.0000E+00
 0.0000E+00 1.3011E-04 3.5229E-04 5.3963E-04 6.4029E-04 1.5959E-03 2.7485E-03 5.3969E-03 6.1655E-03 7.4506E-03 5.8508E-03 8.8509E-03 1.3501E-02 2.3432E-02 3.6373E-02 5.3434E-02 7.0573E-02 5.1444E-02 2.6960E-02 9.4259E-03 1.9469E-03 5.6801E-04 3.6328E-04 1.7826E-04 0.0000E+00
 0.0000E+00 1.3239E-04 4.6867E-04 5.3424E-04 6.1742E-04 1.5959E-03 2.3037E-03 4.8155E-03 5.9949E-03 6.3765E-03 6.6230E-03 9.3001E-03 1.3520E-02 2.3793E-02 3.6851E-02 5.5859E-02 7.4342E-02 4.4066E-02 2.5231E-02 9.3742E-03 1.9205E-03 6.1382E-04 3.2588E-04 2.0569E-04 0.0000E+00
 0.0000E+00 1.8032E-04 3.3971E-04 6.4216E-04 6.7840E-04 1.5185E-03 2.4292E-03 5.2453E-03 6.4147E-03 6.5805E-03 6.7418E-03 8.8842E-03 1.4197E-02 2.2497E-02 3.6827E-02 5.2341E-02 7.0515E-02 4.7577E-02 2.2861E-02 8.2541E-03 2.3152E-03 7.6040E-04 4.4341E-04 1.9393E-04 0.0000E+00
 0.0000E+00 1.6663E-04 3.6173E-04 5.7201E-04 7.4700E-04 1.5765E-03 2.5090E-03 5.1315E-03 6.4016E-03 6.4581E-03 5.9399E-03 7.7196E-03 1.3482E-02 2.4600E-02 3.5752E-02 5.4526E-02 7.3335E-02 4.8366E-02 2.4633E-02 9.4431E-03 1.6048E-03 5.9549E-04 2.6177E-04 2.1156E-04 0.0000E+00
 0.0000E+00 1.8489E-04 3.7117E-04 6.3677E-04 8.6134E-04 1.4508E-03 2.3493E-03 5.2958E-03 5.4046E-03 6.5669E-03 6.9200E-03 7.5366E-03 1.4704E-02 2.3389E-02 3.6612E-02 5.2501E-02 7.1954E-02 4.8111E-02 2.4441E-02 8.4781E-03 2.0389E-03 5.4052E-04 2.7780E-04 1.7826E-04 0.0000E+00
 0.0000E+00 1.3467E-04 3.6802E-04 5.1265E-04 8.0036E-04 1.5378E-03 1.9502E-03 4.7776E-03 5.8113E-03 6.6757E-03 5.0786E-03 7.5699E-03 1.1846E-02 2.2540E-02 3.3937E-02 5.4206E-02 7.5291E-02 4.8595E-02 2.4355E-02 8.3575E-03 2.0126E-03 6.1382E-04 3.0451E-04 1.8806E-04 0.0000E+00
 0.0000E+00 1.4266E-04 4.1835E-04 5.6122E-04 7.8512E-04 1.5378E-03 1.8133E-03 5.3716E-03 5.7982E-03 6.3765E-03 5.8805E-03 7.6697E-03 1.2862E-02 2.3177E-02 3.6636E-02 5.4020E-02 7.0630E-02 4.8798E-02 2.3245E-02 8.1852E-03 1.4996E-03 6.2298E-04 2.7246E-04 2.0765E-04 0.0000E+00
 0.0000E+00 1.3695E-04 4.4980E-04 4.8567E-04 7.0127E-04 1.2864E-03 1.9388E-03 4.6007E-03 5.6408E-03 6.1726E-03 5.4201E-03 7.2205E-03 1.2429E-02 2.2434E-02 3.6015E-02 5.3913E-02 7.3220E-02 4.6152E-02 2.2669E-02 9.3053E-03 2.1705E-03 5.7717E-04 2.9383E-04 1.4692E-04 0.0000E+00
 0.0000E+00 1.5293E-04 4.4980E-04 6.1518E-04 6.4791E-04 1.3444E-03 2.2239E-03 4.5754E-03 6.2442E-03 5.8327E-03 5.7617E-03 7.0375E-03 1.1564E-02 2.1754E-02 3.5537E-02 5.1381E-02 6.8214E-02 4.5338E-02 2.1965E-02 7.3581E-03 1.9337E-03 4.9472E-04 2.9383E-04 1.7043E-04 0.0000E+00
 0.0000E+00 1.1641E-04 3.5229E-04 4.6948E-04 6.4029E-04 1.1896E-03 2.1897E-03 5.3337E-03 5.5752E-03 5.6288E-03 5.7617E-03 8.0523E-03 1.1715E-02 2.1647E-02 3.4128E-02 5.3247E-02 6.9048E-02 4.5007E-02 2.2199E-02 7.3753E-03 1.6180E-03 6.4130E-04 2.6712E-04 1.8610E-04 0.0000E+00
 0.0000E+00 1.5636E-04 4.0577E-04 4.3171E-04 5.5644E-04 1.5088E-03 1.8590E-03 4.7397E-03 5.9556E-03 6.3493E-03 5.1380E-03 7.4867E-03 1.3614E-02 2.0522E-02 3.4463E-02 4.9063E-02 6.8185E-02 4.3761E-02 2.0492E-02 7.4442E-03 2.1047E-03 5.1304E-04 2.7246E-04 2.3899E-04 0.0000E+00
 0.0000E+00 1.6549E-04 3.1455E-04 5.5043E-04 6.0980E-04 1.2670E-03 1.8247E-03 4.5122E-03 5.9425E-03 5.7511E-03 4.8113E-03 7.1207E-03 1.1301E-02 2.1371E-02 3.2982E-02 4.6318E-02 7.0659E-02 4.5109E-02 2.3971E-02 7.4270E-03 1.7101E-03 3.5730E-04 2.3506E-04 1.8414E-04 0.0000E+00
 0.0000E+00 1.6777E-04 3.6173E-04 5.0186E-04 8.6134E-04 1.5572E-03 1.8590E-03 4.6133E-03 5.1554E-03 6.0638E-03 5.4498E-03 6.7380E-03 1.0925E-02 2.0798E-02 3.2122E-02 4.8050E-02 6.8070E-02 4.2819E-02 2.2392E-02 8.6504E-03 1.6838E-03 5.0388E-04 2.7780E-04 1.8414E-04 0.0000E+00
 0.0000E+00 1.4951E-04 4.0262E-04 3.8854E-04 7.7749E-04 1.0736E-03 1.9046E-03 4.2341E-03 5.4046E-03 4.9626E-03 5.3904E-03 6.7214E-03 1.1244E-02 2.0415E-02 3.3101E-02 4.5598E-02 6.9652E-02 4.6000E-02 2.1089E-02 6.7377E-03 1.5259E-03 5.0388E-04 2.5643E-04 1.9589E-04 0.0000E+00
 0.0000E+00 1.1983E-04 3.2398E-04 5.6122E-04 6.4029E-04 1.3251E-03 2.0528E-03 4.3605E-03 5.6276E-03 5.5880E-03 4.9004E-03 7.3536E-03 1.0624E-02 1.9353E-02 3.2289E-02 4.8077E-02 6.7379E-02 4.2972E-02 2.1687E-02 7.7716E-03 1.5259E-03 5.3136E-04 2.9383E-04 1.9393E-04 0.0000E+00
 0.0000E+00 1.3695E-04 3.4286E-04 5.4503E-04 6.1742E-04 1.2767E-03 1.5966E-03 4.1962E-03 5.2472E-03 6.0366E-03 4.2767E-03 6.8046E-03 9.9658E-03 1.8928E-02 3.4033E-02 4.9063E-02 6.6286E-02 4.3074E-02 2.1452E-02 7.3064E-03 1.4075E-03 5.0388E-04 3.4191E-04 2.1156E-04 0.0000E+00
 0.0000E+00 1.5407E-04 2.6736E-04 3.6155E-04 6.6316E-04 1.6636E-03 1.7563E-03 4.6007E-03 4.9455E-03 4.9218E-03 4.9747E-03 7.2205E-03 1.0097E-02 2.0904E-02 3.1382E-02 4.7437E-02 6.6027E-02 4.0886E-02 2.1260E-02 7.0479E-03 1.8548E-03 5.9549E-04 3.1520E-04 1.8022E-04 0.0000E+00
 0.0000E+00 1.5636E-04 3.8689E-04 5.0186E-04 6.7840E-04 1.0929E-03 2.0072E-03 4.4869E-03 4.8012E-03 5.7239E-03 4.8410E-03 6.1890E-03 1.1827E-02 1.8397E-02 3.1573E-02 4.5678E-02 6.6631E-02 3.9537E-02 2.0342E-02 6.7549E-03 1.7890E-03 4.7639E-04 2.6712E-04 1.8610E-04 0.0000E+00
 0.0000E+00 1.4494E-04 3.7117E-04 5.3963E-04 6.4791E-04 1.1800E-03 1.8133E-03 4.7523E-03 5.3259E-03 5.3160E-03 4.8410E-03 7.3869E-03 1.0831E-02 1.8673E-02 3.2457E-02 4.5518E-02 6.7092E-02 4.2183E-02 2.0919E-02 6.8756E-03 1.8022E-03 4.4891E-04 2.2972E-04 1.7043E-04 0.0000E+00
 0.0000E+00 1.1299E-04 3.6487E-04 5.8820E-04 7.2414E-04 1.2477E-03 2.0072E-03 3.9561E-03 5.1685E-03 5.8463E-03 4.2916E-03 6.5550E-03 1.1733E-02 1.7845E-02 2.9567E-02 4.2534E-02 6.6487E-02 3.9537E-02 1.9275E-02 6.6343E-03 1.4470E-03 4.4891E-04 2.4575E-04 1.9393E-04 0.0000E+00
 0.0000E+00 1.5750E-04 3.5229E-04 4.1012E-04 4.1161E-04 1.2090E-03 1.6765E-03 3.8802E-03 5.0636E-03 5.8599E-03 4.8707E-03 7.4867E-03 1.0568E-02 1.8673E-02 3.1764E-02 4.2667E-02 6.5365E-02 4.0886E-02 1.9894E-02 7.5476E-03 1.4207E-03 4.4891E-04 2.1904E-04 1.7826E-04 0.0000E+00
 0.0000E+00 1.2098E-04 3.2084E-04 4.5869E-04 5.4882E-04 9.4785E-04 1.8932E-03 4.2468E-03 4.6307E-03 5.4792E-03 4.6480E-03 6.3387E-03 9.4393E-03 1.7951E-02 3.0713E-02 4.5225E-02 6.9652E-02 3.9537E-02 2.0342E-02 6.4620E-03 1.4601E-03 5.1304E-04 3.1520E-04 1.2145E-04 0.0000E+00
 0.0000E+00 1.3924E-04 2.7366E-04 4.6408E-04 6.0218E-04 1.4024E-03 1.5852E-03 3.6527E-03 4.4339E-03 5.9007E-03 4.4401E-03 6.0892E-03 9.4769E-03 1.7781E-02 2.9376E-02 4.5518E-02 6.4991E-02 3.8901E-02 1.8528E-02 6.4620E-03 1.5654E-03 2.9317E-04 2.5643E-04 1.6455E-04 0.0000E+00
 0.0000E+00 1.5521E-04 3.0197E-04 5.2344E-04 5.4882E-04 1.0929E-03 1.7335E-03 4.1330E-03 4.4995E-03 5.1937E-03 5.2865E-03 5.6400E-03 9.6273E-03 1.6634E-02 2.7847E-02 4.2534E-02 6.4358E-02 3.8596E-02 1.9275E-02 6.5137E-03 1.2102E-03 5.4969E-04 1.8164E-04 1.4888E-04 0.0000E+00
 0.0000E+00 1.3467E-04 3.1455E-04 4.9646E-04 5.2595E-04 1.2670E-03 1.6993E-03 3.9687E-03 4.8930E-03 5.4248E-03 4.8707E-03 6.0725E-03 9.6461E-03 1.5232E-02 2.8373E-02 4.6371E-02 6.2920E-02 3.8367E-02 1.9745E-02 6.2724E-03 1.2891E-03 4.6723E-04 2.1369E-04 1.3712E-04 0.0000E+00
 0.0000E+00 1.1641E-04 2.7051E-04 4.7488E-04 6.0980E-04 1.1606E-03 1.7107E-03 3.3367E-03 4.8537E-03 4.8674E-03 4.0688E-03 6.1890E-03 9.1573E-03 1.7866E-02 2.9352E-02 4.3280E-02 6.1625E-02 3.7680E-02 2.0812E-02 6.6515E-03 1.3286E-03 3.2981E-04 2.9383E-04 1.8022E-04 0.0000E+00
 0.0000E+00 1.2782E-04 2.7680E-04 6.2058E-04 5.8693E-04 1.2670E-03 1.5852E-03 4.0698E-03 4.6831E-03 4.5955E-03 4.8707E-03 5.9894E-03 9.8154E-03 1.7123E-02 2.7059E-02 4.0348E-02 6.0877E-02 3.6383E-02 1.8186E-02 5.5142E-03 1.6048E-03 4.9472E-04 1.7630E-04 1.6259E-04 0.0000E+00
 0.0000E+00 1.5407E-04 2.2333E-04 5.1805E-04 4.8784E-04 1.0736E-03 1.5168E-03 4.0319E-03 4.6831E-03 5.1665E-03 4.3807E-03 5.3072E-03 9.2701E-03 1.6506E-02 2.7083E-02 4.2320E-02 6.2316E-02 3.9308E-02 1.8912E-02 5.6521E-03 1.1707E-03 3.2981E-04 1.3890E-04 1.9197E-04 0.0000E+00
 0.0000E+00 1.3810E-04 3.4286E-04 4.8027E-04 5.2595E-04 9.2850E-04 1.4142E-03 4.2847E-03 4.5782E-03 5.1121E-03 4.0985E-03 5.8729E-03 8.7060E-03 1.7080E-02 2.6367E-02 4.1334E-02 6.2460E-02 3.8952E-02 1.8806E-02 6.0312E-03 1.1181E-03 3.6646E-04 2.6177E-04 1.3712E-04 0.0000E+00
 0.0000E+00 1.3011E-04 3.2398E-04 3.6155E-04 3.3539E-04 9.6719E-04 1.4940E-03 3.2735E-03 4.5520E-03 4.5139E-03 3.7718E-03 5.6899E-03 7.9162E-03 1.4913E-02 2.9304E-02 4.2987E-02 6.2977E-02 3.6077E-02 1.7696E-02 5.9623E-03 1.4601E-03 4.4891E-04 2.2972E-04 1.3321E-04 0.0000E+00
 0.0000E+00 1.4951E-04 2.9567E-04 3.7235E-04 3.5063E-04 1.0252E-03 1.4370E-03 3.6906E-03 4.2896E-03 4.4731E-03 3.5936E-03 5.5901E-03 8.4427E-03 1.5805E-02 2.7131E-02 4.3013E-02 6.0762E-02 3.5772E-02 1.8058E-02 5.6349E-03 1.3944E-03 3.6646E-04 2.3506E-04 1.3517E-04 0.0000E+00
 0.0000E+00 1.0157E-04 2.8309E-04 4.2631E-04 6.2504E-04 1.1800E-03 1.9616E-03 3.5516E-03 4.3945E-03 5.0169E-03 4.0243E-03 5.4071E-03 7.5590E-03 1.5062E-02 2.7489E-02 3.9202E-02 6.1107E-02 3.6230E-02 1.6906E-02 5.1351E-03 1.4075E-03 4.0310E-04 1.6027E-04 1.2537E-04 0.0000E+00
 0.0000E+00 1.0386E-04 2.8938E-04 4.7488E-04 4.9546E-04 1.1510E-03 1.5054E-03 3.4252E-03 4.6307E-03 4.5547E-03 3.8461E-03 5.5069E-03 7.4461E-03 1.6039E-02 2.6534E-02 4.1015E-02 5.9468E-02 3.7578E-02 1.7034E-02 5.7210E-03 1.1050E-03 2.7484E-04 2.1369E-04 1.6259E-04 0.0000E+00
 0.0000E+00 1.5521E-04 2.4849E-04 2.9680E-04 5.7931E-04 1.0252E-03 1.5054E-03 3.2483E-03 3.8698E-03 3.9700E-03 4.3213E-03 5.1242E-03 8.8188E-03 1.4191E-02 2.4575E-02 4.0908E-02 6.0216E-02 3.4678E-02 1.7034E-02 5.6176E-03 1.2760E-03 2.7484E-04 2.1369E-04 1.2537E-04 0.0000E+00
 0.0000E+00 1.2668E-04 2.7995E-04 4.4250E-04 4.4973E-04 7.8342E-04 1.7563E-03 3.8044E-03 4.2240E-03 4.7586E-03 4.1134E-03 5.6400E-03 7.6906E-03 1.4743E-02 2.5411E-02 3.9442E-02 5.6274E-02 3.5441E-02 1.6842E-02 5.1179E-03 1.2234E-03 3.7562E-04 3.1520E-04 1.4888E-04 0.0000E+00
 0.0000E+00 1.1755E-04 3.2713E-04 4.6408E-04 5.6406E-04 9.8653E-04 1.5510E-03 3.1345E-03 3.5550E-03 4.4595E-03 3.2372E-03 6.1724E-03 7.0513E-03 1.3893E-02 2.6940E-02 4.0588E-02 6.0848E-02 3.3838E-02 1.5476E-02 5.6349E-03 1.2760E-03 4.4891E-04 2.0301E-04 1.2341E-04 0.0000E+00
 0.0000E+00 1.3581E-04 2.7995E-04 4.6408E-04 4.6497E-04 8.8981E-04 1.3571E-03 3.3873E-03 4.2765E-03 3.9972E-03 3.4154E-03 4.7915E-03 9.2701E-03 1.4871E-02 2.4719E-02 4.1388E-02 5.6907E-02 3.7706E-02 1.6436E-02 4.5320E-03 1.3812E-03 3.1149E-04 2.7780E-04 1.4692E-04 0.0000E+00
 0.0000E+00 1.2212E-04 2.6107E-04 4.4790E-04 4.3448E-04 9.0916E-04 1.3686E-03 3.8170E-03 3.8305E-03 4.5683E-03 3.0293E-03 5.5401E-03 7.9538E-03 1.4786E-02 2.6940E-02 3.9922E-02 5.8921E-02 3.2108E-02 1.5283E-02 5.6349E-03 1.3681E-03 4.2143E-04 1.0685E-04 1.7434E-04 0.0000E+00
 0.0000E+00 1.1413E-04 2.9567E-04 4.6408E-04 6.4029E-04 7.6408E-04 1.0720E-03 3.3873E-03 3.1877E-03 4.3507E-03 3.4303E-03 5.1908E-03 7.3521E-03 1.4297E-02 2.3763E-02 3.5978E-02 5.4836E-02 3.5416E-02 1.6201E-02 4.1874E-03 1.3154E-03 4.9472E-04 1.9767E-04 1.9002E-04 0.0000E+00
 0.0000E+00 1.2212E-04 3.2398E-04 3.8314E-04 4.8784E-04 7.0605E-04 1.3457E-03 3.3241E-03 3.7255E-03 3.6845E-03 3.8461E-03 4.3423E-03 6.8256E-03 1.4510E-02 2.5459E-02 3.7284E-02 5.6130E-02 3.3406E-02 1.5774E-02 5.0145E-03 1.1839E-03 2.6568E-04 2.5643E-04 1.0774E-04 0.0000E+00
 0.0000E+00 1.1755E-04 3.0826E-04 3.4537E-04 4.3448E-04 7.8342E-04 1.4940E-03 3.0840E-03 4.0797E-03 4.0516E-03 3.2224E-03 5.3904E-03 8.4991E-03 1.4871E-02 2.5172E-02 4.0535E-02 5.8058E-02 3.4118E-02 1.6543E-02 5.3936E-03 1.2234E-03 3.7562E-04 1.9767E-04 1.1558E-04 0.0000E+00
 0.0000E+00 1.4608E-04 2.2647E-04 4.1552E-04 3.0490E-04 1.0349E-03 1.5510E-03 3.2735E-03 3.3976E-03 4.0244E-03 3.9203E-03 4.8414E-03 7.7470E-03 1.5635E-02 2.3190E-02 3.9442E-02 5.8518E-02 3.2057E-02 1.5710E-02 5.7899E-03 1.3154E-03 4.2143E-04 1.1753E-04 1.1949E-04 0.0000E+00
 0.0000E+00 1.4608E-04 3.3342E-04 3.8854E-04 3.9637E-04 9.0916E-04 1.2773E-03 2.7174E-03 3.5943E-03 3.7389E-03 3.8461E-03 3.9763E-03 8.0855E-03 1.3192E-02 2.3405E-02 3.8110E-02 5.9842E-02 2.9717E-02 1.5262E-02 4.7216E-03 1.0918E-03 1.8323E-04 1.6561E-04 1.5475E-04 0.0000E+00
 0.0000E+00 1.2440E-04 2.4849E-04 4.9107E-04 6.0980E-04 7.6408E-04 1.3115E-03 3.1724E-03 3.6730E-03 4.0516E-03 3.3560E-03 4.2591E-03 6.5812E-03 1.2916E-02 2.3524E-02 3.6164E-02 5.4692E-02 3.2210E-02 1.4664E-02 5.2041E-03 1.2628E-03 3.1149E-04 1.3356E-04 1.4496E-04 0.0000E+00
 0.0000E+00 1.1413E-04 2.7366E-04 4.5869E-04 4.8022E-04 7.1572E-04 1.2887E-03 3.0966E-03 3.7124E-03 4.0788E-03 3.3263E-03 3.8099E-03 6.8068E-03 1.2853E-02 2.3524E-02 3.7443E-02 5.7684E-02 3.3686E-02 1.5518E-02 4.4631E-03 1.0787E-03 3.6646E-04 1.6027E-04 1.4692E-04 0.0000E+00
 0.0000E+00 1.3695E-04 2.2962E-04 4.1012E-04 4.6497E-04 1.1510E-03 1.1861E-03 2.9449E-03 3.5681E-03 3.7933E-03 2.6878E-03 4.3756E-03 7.0325E-03 1.1493E-02 2.1924E-02 3.8083E-02 5.7108E-02 2.8546E-02 1.4643E-02 4.6526E-03 7.7611E-04 3.6646E-04 2.0835E-04 1.5671E-04 0.0000E+00
 0.0000E+00 1.1413E-04 2.9567E-04 3.1838E-04 3.4301E-04 7.6408E-04 1.4598E-03 2.7301E-03 3.2664E-03 3.6709E-03 2.9254E-03 3.9264E-03 6.2427E-03 1.2130E-02 2.2617E-02 3.6511E-02 5.4088E-02 3.1320E-02 1.4195E-02 4.2218E-03 7.3665E-04 3.5730E-04 1.6561E-04 1.7043E-04 0.0000E+00
 0.0000E+00 1.1641E-04 3.6487E-04 3.8854E-04 3.5826E-04 8.6080E-04 1.2203E-03 3.0208E-03 3.9485E-03 4.1876E-03 2.6284E-03 4.3090E-03 6.7128E-03 1.3426E-02 2.1781E-02 3.7097E-02 5.4174E-02 2.9106E-02 1.4430E-02 4.4803E-03 9.7343E-04 3.2065E-04 2.0835E-04 1.3517E-04 0.0000E+00
 0.0000E+00 1.0157E-04 2.4220E-04 3.7235E-04 5.7169E-04 9.3817E-04 1.2431E-03 2.7048E-03 3.0827E-03 3.7525E-03 2.9254E-03 4.4587E-03 6.6940E-03 1.1493E-02 2.1685E-02 3.5658E-02 5.8115E-02 3.2261E-02 1.3021E-02 4.7905E-03 1.0129E-03 2.7484E-04 1.8164E-04 1.8414E-04 0.0000E+00
 0.0000E+00 1.5636E-04 2.9882E-04 3.2378E-04 5.1833E-04 7.7375E-04 1.2203E-03 3.1598E-03 2.9647E-03 3.6437E-03 3.7570E-03 4.2591E-03 6.7692E-03 1.3490E-02 2.1279E-02 3.6830E-02 5.3138E-02 3.1879E-02 1.3085E-02 3.8083E-03 9.2081E-04 2.0155E-04 1.2287E-04 1.0382E-04 0.0000E+00
 0.0000E+00 1.1185E-04 2.0131E-04 3.3997E-04 3.1252E-04 7.3506E-04 1.1633E-03 2.6921E-03 3.1614E-03 3.9021E-03 3.0145E-03 4.0761E-03 5.7350E-03 1.2534E-02 2.3071E-02 3.3020E-02 5.2822E-02 2.9895E-02 1.4899E-02 4.6526E-03 1.2234E-03 2.8400E-04 1.9767E-04 1.0186E-04 0.0000E+00
 0.0000E+00 1.2440E-04 2.2647E-04 3.0759E-04 3.8112E-04 8.2211E-04 1.3571E-03 2.8059E-03 3.3976E-03 3.6845E-03 3.0145E-03 3.9929E-03 6.0923E-03 1.2300E-02 2.2020E-02 3.5764E-02 5.3800E-02 2.8902E-02 1.1420E-02 3.8944E-03 1.0524E-03 2.2904E-04 1.9767E-04 1.3908E-04 0.0000E+00
 0.0000E+00 1.6434E-04 2.3591E-04 3.4537E-04 3.6588E-04 6.3835E-04 9.2377E-04 2.9702E-03 2.8597E-03 3.7933E-03 2.9551E-03 3.8265E-03 6.1299E-03 1.1280E-02 2.2378E-02 3.4139E-02 5.3196E-02 2.9869E-02 1.4387E-02 4.0495E-03 8.6819E-04 3.0233E-04 1.8698E-04 9.7946E-05 0.0000E+00
 0.0000E+00 1.0614E-04 3.2398E-04 3.4537E-04 4.0399E-04 6.7703E-04 1.5396E-03 2.7048E-03 2.6367E-03 3.5350E-03 2.4502E-03 3.6102E-03 5.3966E-03 1.2619E-02 2.1279E-02 3.4885E-02 5.4922E-02 2.9615E-02 1.4728E-02 4.4458E-03 7.7611E-04 2.9317E-04 1.6561E-04 1.2145E-04 0.0000E+00
 0.0000E+00 1.4380E-04 2.5478E-04 2.8601E-04 3.8112E-04 8.7047E-04 1.0606E-03 2.7553E-03 3.1746E-03 3.8613E-03 2.8214E-03 3.7600E-03 5.9231E-03 1.2428E-02 2.2832E-02 3.3579E-02 5.1843E-02 2.9564E-02 1.3106E-02 3.7910E-03 9.6027E-04 3.7562E-04 1.5493E-04 1.3517E-04 0.0000E+00
 0.0000E+00 1.1299E-04 2.7995E-04 3.3457E-04 4.1924E-04 8.1244E-04 1.2659E-03 2.3509E-03 2.5974E-03 2.8144E-03 2.7472E-03 3.6602E-03 6.3179E-03 1.1153E-02 1.8342E-02 3.5391E-02 5.0635E-02 2.8979E-02 1.3448E-02 3.3258E-03 9.3397E-04 2.1071E-04 2.0835E-04 1.4692E-04 0.0000E+00
 0.0000E+00 9.2444E-05 3.5544E-04 2.4823E-04 3.4301E-04 7.0605E-04 1.2431E-03 2.1739E-03 2.9122E-03 3.1543E-03 2.5542E-03 3.2276E-03 6.6000E-03 1.1259E-02 1.9345E-02 3.3952E-02 5.4692E-02 2.8902E-02 1.2423E-02 3.7393E-03 8.8135E-04 3.2065E-04 1.5493E-04 1.2929E-04 0.0000E+00
 0.0000E+00 1.0614E-04 2.4220E-04 3.5076E-04 3.4301E-04 5.9966E-04 1.0150E-03 2.6037E-03 3.4894E-03 2.9911E-03 2.7917E-03 3.7267E-03 5.9043E-03 1.1132E-02 2.0348E-02 3.3659E-02 4.9168E-02 2.8063E-02 1.3213E-02 3.9634E-03 9.6027E-04 3.5730E-04 9.0820E-05 1.2341E-04 0.0000E+00
 0.0000E+00 9.1303E-05 2.6422E-04 3.1299E-04 3.2777E-04 6.6736E-04 1.0834E-03 2.7427E-03 3.0040E-03 3.7661E-03 2.5987E-03 3.5770E-03 6.9949E-03 1.0558E-02 1.8867E-02 3.1074E-02 5.2707E-02 2.6231E-02 1.3149E-02 3.5326E-03 8.2873E-04 2.1987E-04 1.5493E-04 1.5084E-04 0.0000E+00
 0.0000E+00 1.0728E-04 2.7680E-04 4.0472E-04 3.2777E-04 6.9638E-04 9.6939E-04 2.3888E-03 2.7548E-03 3.0727E-03 2.7323E-03 3.6602E-03 5.4342E-03 1.0622E-02 1.9393E-02 3.1927E-02 5.1930E-02 2.6918E-02 1.2445E-02 3.7738E-03 6.7088E-04 3.2981E-04 2.0835E-04 1.4888E-04 0.0000E+00
 0.0000E+00 1.1299E-04 2.3276E-04 4.0472E-04 3.2777E-04 7.0605E-04 1.0378E-03 2.6037E-03 3.0040E-03 3.3174E-03 2.4948E-03 3.4938E-03 6.3932E-03 1.0091E-02 2.0205E-02 3.1074E-02 5.1211E-02 2.4984E-02 1.1228E-02 3.3602E-03 1.0392E-03 3.2981E-04 8.0135E-05 1.0578E-04 0.0000E+00
 0.0000E+00 1.1983E-04 2.5164E-04 3.0219E-04 3.5063E-04 8.5113E-04 9.1237E-04 3.0208E-03 2.7023E-03 3.2087E-03 2.6432E-03 3.1278E-03 5.4906E-03 1.0983E-02 1.8724E-02 3.2140E-02 5.1671E-02 2.6943E-02 1.1356E-02 3.9117E-03 8.6819E-04 2.4736E-04 1.1753E-04 1.1166E-04 0.0000E+00
 0.0000E+00 9.5868E-05 2.3276E-04 3.1299E-04 4.1924E-04 7.1572E-04 1.1519E-03 2.2498E-03 2.9253E-03 2.7872E-03 2.6432E-03 3.7101E-03 5.0769E-03 1.1217E-02 1.8891E-02 3.0781E-02 5.1728E-02 2.8114E-02 1.1975E-02 3.2741E-03 5.6564E-04 2.1987E-04 1.0685E-04 1.5084E-04 0.0000E+00
 0.0000E+00 1.0157E-04 2.6107E-04 3.7235E-04 3.6588E-04 7.2539E-04 9.6939E-04 2.4141E-03 2.6761E-03 3.4942E-03 1.9899E-03 3.5104E-03 5.0957E-03 1.1196E-02 1.9202E-02 3.1394E-02 5.0031E-02 2.6282E-02 1.1847E-02 4.0495E-03 9.9974E-04 1.9239E-04 1.7630E-04 9.4028E-05 0.0000E+00
 0.0000E+00 1.1070E-04 2.0446E-04 2.8061E-04 3.5063E-04 5.5130E-04 1.0150E-03 2.5026E-03 2.6761E-03 3.0863E-03 2.7175E-03 3.3274E-03 4.3812E-03 1.0112E-02 1.9321E-02 3.0328E-02 5.1613E-02 2.6511E-02 1.3234E-02 3.2741E-03 8.5504E-04 2.3820E-04 1.4424E-04 1.1754E-04 0.0000E+00
 0.0000E+00 1.0043E-04 1.9816E-04 4.3171E-04 3.2014E-04 8.8981E-04 1.0036E-03 1.8706E-03 2.2825E-03 2.8008E-03 2.1532E-03 3.2442E-03 5.2838E-03 9.5385E-03 1.7482E-02 3.2193E-02 4.7499E-02 2.5620E-02 1.2658E-02 3.6704E-03 6.0510E-04 2.3820E-04 1.3890E-04 1.4104E-04 0.0000E+00
 0.0000E+00 1.2782E-04 1.9816E-04 3.2378E-04 3.7350E-04 7.5441E-04 8.3254E-04 2.5910E-03 2.4268E-03 2.8960E-03 2.3908E-03 2.9614E-03 5.5094E-03 1.0516E-02 1.8605E-02 3.2140E-02 5.1556E-02 2.6511E-02 1.0481E-02 3.4119E-03 7.4980E-04 9.1614E-05 1.7630E-04 1.2929E-04 0.0000E+00
 0.0000E+00 1.1641E-04 2.5164E-04 2.8601E-04 4.5735E-04 5.4163E-04 9.0096E-04 2.2877E-03 2.5055E-03 2.9503E-03 2.4799E-03 3.0612E-03 5.0957E-03 9.6872E-03 1.6622E-02 2.9528E-02 5.0146E-02 2.6129E-02 1.2124E-02 3.1190E-03 8.2873E-04 1.8323E-04 1.0150E-04 1.0578E-04 0.0000E+00
 0.0000E+00 1.1299E-04 2.2333E-04 2.6982E-04 3.7350E-04 7.9310E-04 9.8080E-04 2.0475E-03 2.3481E-03 3.3310E-03 2.3166E-03 3.6269E-03 4.7197E-03 1.0452E-02 1.7482E-02 3.0008E-02 4.8535E-02 2.4450E-02 1.0630E-02 3.1707E-03 4.9987E-04 3.7562E-04 3.7396E-05 1.4692E-04 0.0000E+00
 0.0000E+00 9.9292E-05 2.4849E-04 3.7235E-04 3.0490E-04 5.1261E-04 7.6411E-04 2.3762E-03 2.3481E-03 2.8416E-03 1.9750E-03 3.4605E-03 5.4530E-03 1.0346E-02 1.7363E-02 3.0861E-02 4.8161E-02 2.2720E-02 1.1975E-02 3.1190E-03 7.8927E-04 2.8400E-04 1.2287E-04 1.1754E-04 0.0000E+00
 0.0000E+00 1.1185E-04 2.3276E-04 2.3204E-04 3.9637E-04 5.8031E-04 7.9832E-04 2.3762E-03 2.2957E-03 3.0455E-03 1.9602E-03 2.8449E-03 4.1744E-03 9.4960E-03 1.7506E-02 2.6650E-02 4.8477E-02 2.5162E-02 1.1335E-02 2.9122E-03 6.5772E-04 2.3820E-04 1.4959E-04 1.3712E-04 0.0000E+00
 0.0000E+00 1.0157E-04 2.7366E-04 2.6442E-04 3.0490E-04 6.3835E-04 8.5535E-04 2.3256E-03 2.8073E-03 2.4201E-03 2.1532E-03 2.6952E-03 4.3436E-03 9.1349E-03 1.8151E-02 2.8702E-02 4.6521E-02 2.5213E-02 1.1996E-02 3.1707E-03 5.2618E-04 2.8400E-04 4.8081E-05 1.2145E-04 0.0000E+00
 0.0000E+00 1.1070E-04 1.5413E-04 3.6155E-04 3.5826E-04 7.1572E-04 6.7287E-04 1.8580E-03 2.7023E-03 2.7056E-03 2.1384E-03 3.0113E-03 5.4342E-03 9.4323E-03 1.6479E-02 2.9368E-02 4.5831E-02 2.4145E-02 1.0822E-02 3.2224E-03 7.3665E-04 3.1149E-04 8.0135E-05 1.3712E-04 0.0000E+00
 0.0000E+00 9.3585E-05 2.1704E-04 3.3997E-04 2.2105E-04 5.7064E-04 1.0150E-03 2.4267E-03 2.4793E-03 2.5832E-03 2.1087E-03 3.2941E-03 3.8359E-03 8.6675E-03 1.6646E-02 2.8249E-02 4.7442E-02 2.5748E-02 1.0523E-02 3.3947E-03 5.9195E-04 2.2904E-04 1.4959E-04 1.0382E-04 0.0000E+00
 0.0000E+00 1.0157E-04 1.5413E-04 2.2125E-04 2.8965E-04 6.9638E-04 1.0606E-03 1.9844E-03 2.5055E-03 2.8416E-03 2.3463E-03 3.1444E-03 4.8701E-03 9.0711E-03 1.6790E-02 2.7689E-02 4.8046E-02 2.4094E-02 9.2640E-03 3.8427E-03 5.6564E-04 2.8400E-04 1.0685E-04 1.3712E-04 0.0000E+00
 0.0000E+00 1.3125E-04 2.3906E-04 3.1299E-04 2.2867E-04 5.4163E-04 8.0973E-04 1.9338E-03 2.7417E-03 2.9231E-03 2.4205E-03 2.4457E-03 5.0205E-03 9.3261E-03 1.6813E-02 2.9075E-02 4.5198E-02 2.4603E-02 1.0395E-02 2.8605E-03 4.9987E-04 3.4813E-04 1.1219E-04 1.1558E-04 0.0000E+00
 0.0000E+00 1.1185E-04 2.5793E-04 2.6982E-04 2.2867E-04 6.1900E-04 7.9832E-04 2.1234E-03 2.0071E-03 2.3793E-03 1.8711E-03 2.7618E-03 4.5880E-03 8.9437E-03 1.6766E-02 2.8649E-02 4.7212E-02 2.4247E-02 1.0310E-02 2.8605E-03 4.8671E-04 1.0994E-04 1.6027E-04 1.0774E-04 0.0000E+00
 0.0000E+00 9.1303E-05 2.1075E-04 3.1838E-04 3.0490E-04 4.7392E-04 9.1237E-04 2.0475E-03 2.5711E-03 2.9639E-03 2.3166E-03 2.6786E-03 3.5162E-03 7.7540E-03 1.4951E-02 2.6037E-02 4.5399E-02 2.5162E-02 9.1359E-03 2.8950E-03 4.9987E-04 2.0155E-04 1.2287E-04 1.2341E-04 0.0000E+00
 0.0000E+00 9.0161E-05 2.6736E-04 3.1299E-04 2.1343E-04 4.5458E-04 4.7899E-04 2.1107E-03 2.3088E-03 2.9639E-03 2.0938E-03 3.1943E-03 4.3812E-03 8.6675E-03 1.4998E-02 2.6730E-02 4.6607E-02 2.2669E-02 1.0225E-02 3.0328E-03 5.7880E-04 1.9239E-04 2.1904E-04 1.3321E-04 0.0000E+00
 0.0000E+00 1.0614E-04 1.6671E-04 2.7521E-04 3.6588E-04 3.2884E-04 7.8692E-04 1.9717E-03 2.3875E-03 3.1135E-03 1.9899E-03 2.3126E-03 4.3624E-03 8.3701E-03 1.5858E-02 2.7849E-02 4.4651E-02 2.2644E-02 9.3707E-03 2.8260E-03 5.5249E-04 2.2904E-04 1.4424E-04 1.2733E-04 0.0000E+00
 0.0000E+00 1.1413E-04 2.3906E-04 3.7774E-04 2.6679E-04 6.4802E-04 7.1849E-04 2.4899E-03 2.5843E-03 2.8552E-03 1.9156E-03 2.4124E-03 4.3624E-03 7.6903E-03 1.5619E-02 2.5984E-02 4.5313E-02 2.1753E-02 9.0719E-03 3.1018E-03 6.3141E-04 2.8400E-04 8.5477E-05 1.2929E-04 0.0000E+00
 0.0000E+00 8.7879E-05 2.0760E-04 1.7268E-04 2.5916E-04 6.2867E-04 7.1849E-04 1.8580E-03 2.3612E-03 2.5425E-03 1.8117E-03 3.3108E-03 4.7385E-03 7.6690E-03 1.3327E-02 2.7663E-02 4.3903E-02 2.0557E-02 9.4988E-03 2.2574E-03 6.0510E-04 2.3820E-04 1.1219E-04 7.0521E-05 0.0000E+00
 0.0000E+00 6.2771E-05 2.1075E-04 2.1046E-04 3.0490E-04 4.1589E-04 9.5799E-04 2.1739E-03 2.2169E-03 2.4881E-03 2.1978E-03 2.3292E-03 4.0991E-03 7.7115E-03 1.6551E-02 2.8862E-02 4.5111E-02 2.2593E-02 8.9438E-03 2.4814E-03 5.7880E-04 2.1987E-04 1.2822E-04 9.5987E-05 0.0000E+00
 0.0000E+00 7.7607E-05 2.1704E-04 2.4823E-04 2.5916E-04 6.3835E-04 7.0709E-04 1.7442E-03 1.7578E-03 2.3929E-03 2.2126E-03 2.8616E-03 3.7795E-03 7.8602E-03 1.4903E-02 2.5557E-02 4.4651E-02 2.3509E-02 8.3461E-03 2.9639E-03 7.2349E-04 1.8323E-04 1.0685E-04 1.2733E-04 0.0000E+00
 0.0000E+00 9.3585E-05 1.6042E-04 1.6729E-04 3.8875E-04 5.5130E-04 8.3254E-04 2.3382E-03 2.2825E-03 2.5153E-03 1.6929E-03 2.5122E-03 4.0427E-03 6.6918E-03 1.4664E-02 2.5344E-02 4.3874E-02 2.4221E-02 9.2213E-03 2.8605E-03 5.2618E-04 1.4658E-04 1.3890E-04 7.6398E-05 0.0000E+00
 0.0000E+00 1.0043E-04 2.2647E-04 1.7268E-04 2.3630E-04 5.1261E-04 6.2725E-04 1.9844E-03 2.2957E-03 2.5561E-03 2.1235E-03 3.0446E-03 3.5538E-03 8.2639E-03 1.5380E-02 2.6011E-02 4.1486E-02 2.3865E-02 9.2213E-03 2.6193E-03 4.4725E-04 1.8323E-04 1.2287E-04 1.0382E-04 0.0000E+00
 0.0000E+00 1.0157E-04 2.6107E-04 1.6189E-04 2.9728E-04 3.9655E-04 7.1849E-04 1.8959E-03 1.8759E-03 2.5153E-03 1.6186E-03 2.1795E-03 3.9299E-03 7.8815E-03 1.4067E-02 2.5238E-02 4.2695E-02 2.0837E-02 8.4529E-03 2.0506E-03 5.9195E-04 3.0233E-04 1.4959E-04 1.0382E-04 0.0000E+00
 0.0000E+00 8.9020E-05 2.5478E-04 2.8061E-04 3.2014E-04 5.0294E-04 6.8428E-04 1.4661E-03 2.1382E-03 2.4609E-03 1.8414E-03 2.2294E-03 3.8923E-03 8.0302E-03 1.3900E-02 2.5184E-02 4.1832E-02 2.0328E-02 8.7731E-03 2.0161E-03 6.7088E-04 8.2453E-05 1.7095E-04 9.7946E-05 0.0000E+00
 0.0000E+00 9.9292E-05 2.3591E-04 2.6442E-04 2.6679E-04 5.0294E-04 6.5006E-04 1.7695E-03 1.9283E-03 2.6512E-03 2.0047E-03 2.0131E-03 3.9487E-03 8.0302E-03 1.3971E-02 2.4971E-02 4.4335E-02 2.1321E-02 8.4956E-03 3.1535E-03 3.5517E-04 2.4736E-04 1.0150E-04 1.0970E-04 0.0000E+00
 0.0000E+00 8.2172E-05 2.1704E-04 2.4823E-04 3.0490E-04 6.2867E-04 4.7899E-04 1.4914E-03 2.1776E-03 2.3113E-03 1.2622E-03 2.2626E-03 3.4786E-03 6.8193E-03 1.4354E-02 2.3425E-02 4.0566E-02 2.1168E-02 8.8371E-03 2.2229E-03 3.9463E-04 4.5807E-05 1.2822E-04 9.4028E-05 0.0000E+00
 0.0000E+00 1.0386E-04 2.1704E-04 3.3997E-04 2.3630E-04 3.7720E-04 5.0180E-04 1.5041E-03 1.9939E-03 2.0394E-03 1.7820E-03 2.6453E-03 4.1556E-03 6.2669E-03 1.4186E-02 2.2786E-02 4.0853E-02 2.1193E-02 8.2394E-03 2.8777E-03 6.4457E-04 2.4736E-04 9.6162E-05 1.2537E-04 0.0000E+00
 0.0000E+00 1.0157E-04 2.0131E-04 1.8887E-04 3.1252E-04 4.7392E-04 5.3602E-04 1.5167E-03 1.7709E-03 2.4609E-03 1.7671E-03 2.4623E-03 3.4598E-03 7.9027E-03 1.3541E-02 2.6810E-02 4.2723E-02 2.1143E-02 8.2181E-03 2.3608E-03 6.8403E-04 2.8400E-04 1.1219E-04 8.4233E-05 0.0000E+00
 0.0000E+00 9.5868E-05 1.9502E-04 2.4823E-04 2.5916E-04 5.0294E-04 8.0973E-04 1.7063E-03 1.7053E-03 1.9714E-03 1.4107E-03 1.7136E-03 3.6855E-03 6.9892E-03 1.2873E-02 2.5931E-02 4.4277E-02 1.9972E-02 7.4923E-03 2.1368E-03 4.4725E-04 1.8323E-04 1.3890E-04 8.6192E-05 0.0000E+00
 0.0000E+00 9.9292E-05 1.7615E-04 2.3204E-04 1.3720E-04 4.9327E-04 5.9304E-04 1.9591E-03 2.0333E-03 1.9714E-03 1.5889E-03 1.9133E-03 3.9111E-03 7.0317E-03 1.2085E-02 2.4651E-02 3.7804E-02 1.8649E-02 8.6450E-03 2.6537E-03 5.2618E-04 1.8323E-04 1.1219E-04 1.1558E-04 0.0000E+00
 0.0000E+00 8.5596E-05 1.6042E-04 2.6982E-04 2.3630E-04 2.9016E-04 5.7023E-04 1.7948E-03 1.8103E-03 1.9850E-03 1.8265E-03 2.3458E-03 4.0615E-03 6.5219E-03 1.4258E-02 2.4172E-02 4.3097E-02 2.0252E-02 8.9225E-03 2.3780E-03 3.9463E-04 2.0155E-04 1.0685E-04 9.0110E-05 0.0000E+00
 0.0000E+00 7.6466E-05 1.4155E-04 2.6442E-04 2.9728E-04 5.2228E-04 6.3866E-04 1.6178E-03 1.8759E-03 1.9170E-03 1.6038E-03 2.1129E-03 3.4974E-03 6.2669E-03 1.1583E-02 2.4305E-02 4.2781E-02 2.1372E-02 6.7666E-03 2.4469E-03 3.6832E-04 2.4736E-04 1.2287E-04 1.0382E-04 0.0000E+00
 0.0000E+00 9.7009E-05 1.7929E-04 2.6982E-04 2.0581E-04 3.3852E-04 5.7023E-04 2.0223E-03 1.9021E-03 2.1618E-03 1.3662E-03 2.0131E-03 3.2718E-03 5.8845E-03 1.1392E-02 2.1906E-02 4.2090E-02 1.9616E-02 8.0687E-03 1.6887E-03 3.8148E-04 1.2826E-04 9.6162E-05 1.1362E-04 0.0000E+00
 0.0000E+00 7.0760E-05 1.8558E-04 2.2665E-04 2.8203E-04 3.6753E-04 6.6147E-04 1.5293E-03 1.8496E-03 2.1890E-03 1.4553E-03 2.1628E-03 3.4222E-03 5.9908E-03 1.3494E-02 2.1906E-02 4.0307E-02 1.8318E-02 8.0900E-03 2.1023E-03 4.6041E-04 1.2826E-04 1.0685E-04 1.0186E-04 0.0000E+00
 0.0000E+00 6.7336E-05 1.9816E-04 2.1046E-04 2.1343E-04 3.2884E-04 5.8163E-04 1.8200E-03 1.7447E-03 2.2977E-03 1.6929E-03 1.5140E-03 3.3658E-03 7.1804E-03 1.3637E-02 2.0760E-02 4.0882E-02 2.0303E-02 7.4710E-03 2.4125E-03 3.6832E-04 1.0994E-04 9.6162E-05 1.0578E-04 0.0000E+00
 0.0000E+00 7.7607E-05 1.5727E-04 1.8348E-04 3.2777E-04 4.5458E-04 5.8163E-04 1.3271E-03 1.7841E-03 2.0258E-03 1.5741E-03 1.9632E-03 3.3658E-03 6.3944E-03 1.2682E-02 2.1560E-02 4.1630E-02 1.7988E-02 6.9373E-03 2.3608E-03 3.1571E-04 1.5574E-04 8.5477E-05 9.9905E-05 0.0000E+00
 0.0000E+00 5.9347E-05 1.8558E-04 2.1046E-04 2.6679E-04 3.6753E-04 6.1585E-04 1.5041E-03 1.6135E-03 2.3521E-03 1.4256E-03 1.8966E-03 3.2154E-03 6.6918E-03 1.1488E-02 2.3052E-02 4.0220E-02 1.7759E-02 7.8979E-03 2.3091E-03 4.7356E-04 1.1910E-04 8.0135E-05 9.9905E-05 0.0000E+00
 0.0000E+00 1.0614E-04 2.2333E-04 2.5902E-04 2.2105E-04 3.5786E-04 4.9040E-04 1.3018E-03 1.6529E-03 2.0666E-03 1.4553E-03 1.8467E-03 2.9897E-03 5.9908E-03 1.3494E-02 2.3052E-02 4.0393E-02 1.8929E-02 6.5745E-03 1.7921E-03 6.4457E-04 1.5574E-04 1.0150E-04 9.4028E-05 0.0000E+00
 0.0000E+00 9.3585E-05 2.3591E-04 2.2125E-04 2.3630E-04 2.9983E-04 5.9304E-04 1.2386E-03 1.4823E-03 2.0258E-03 1.8265E-03 2.0297E-03 3.2342E-03 5.6509E-03 1.2300E-02 2.2386E-02 3.9616E-02 1.7886E-02 8.4742E-03 1.7749E-03 3.4202E-04 1.7407E-04 1.4959E-04 6.6603E-05 0.0000E+00
 0.0000E+00 9.8150E-05 1.6986E-04 2.6442E-04 2.2867E-04 5.0294E-04 6.0444E-04 1.2007E-03 2.0333E-03 1.9034E-03 1.1731E-03 1.7469E-03 2.9897E-03 6.6918E-03 1.1105E-02 2.3399E-02 4.1141E-02 1.7784E-02 6.5958E-03 1.9127E-03 3.8148E-04 1.6491E-04 1.1219E-04 8.4233E-05 0.0000E+00
 0.0000E+00 7.9890E-05 2.1704E-04 1.6729E-04 2.1343E-04 3.6753E-04 4.5618E-04 1.5420E-03 1.6922E-03 2.0122E-03 1.6335E-03 2.1129E-03 2.3128E-03 6.5856E-03 1.2419E-02 2.3106E-02 3.8753E-02 1.8318E-02 6.6172E-03 2.1195E-03 4.4725E-04 4.5807E-05 9.0820E-05 6.0726E-05 0.0000E+00
 0.0000E+00 7.3042E-05 2.0760E-04 2.3204E-04 1.9818E-04 3.5786E-04 4.7899E-04 1.4914E-03 1.6660E-03 1.5907E-03 1.5444E-03 1.6138E-03 2.6325E-03 6.0970E-03 1.1750E-02 2.1560E-02 3.9789E-02 1.8573E-02 6.9587E-03 2.5159E-03 5.3933E-04 1.8323E-04 6.4108E-05 9.7946E-05 0.0000E+00
 0.0000E+00 9.2444E-05 1.6356E-04 2.3744E-04 1.9056E-04 3.8688E-04 4.3337E-04 1.2386E-03 1.6791E-03 1.7267E-03 1.5147E-03 1.5805E-03 3.0273E-03 6.3307E-03 1.0508E-02 1.9828E-02 4.1141E-02 1.7199E-02 6.4677E-03 1.6715E-03 3.1571E-04 1.2826E-04 1.6027E-04 1.0578E-04 0.0000E+00
 0.0000E+00 1.0272E-04 1.7300E-04 2.8601E-04 1.8294E-04 2.8049E-04 3.1933E-04 1.2260E-03 1.5873E-03 1.7947E-03 1.3810E-03 1.6637E-03 3.3094E-03 6.3094E-03 1.2180E-02 2.2040E-02 3.8868E-02 1.8064E-02 7.1935E-03 1.5164E-03 5.5249E-04 8.2453E-05 1.5493E-04 9.4028E-05 0.0000E+00
 0.0000E+00 8.2172E-05 1.4469E-04 2.5902E-04 3.4301E-04 3.7720E-04 5.3602E-04 1.2386E-03 1.5742E-03 1.8763E-03 1.0989E-03 2.2959E-03 3.1778E-03 4.8861E-03 1.1774E-02 2.2173E-02 3.9933E-02 1.8089E-02 6.5531E-03 1.7577E-03 2.7624E-04 2.0155E-04 1.0150E-04 1.0382E-04 0.0000E+00
 0.0000E+00 9.0161E-05 2.2018E-04 2.4823E-04 3.8112E-04 4.9327E-04 4.2197E-04 1.4914E-03 1.5873E-03 1.8627E-03 1.4404E-03 1.3143E-03 3.0650E-03 6.2245E-03 1.0938E-02 2.2306E-02 3.8494E-02 1.6665E-02 6.2116E-03 1.7749E-03 1.8416E-04 1.2826E-04 6.9450E-05 7.8357E-05 0.0000E+00
 0.0000E+00 1.0500E-04 1.7615E-04 2.9680E-04 1.9818E-04 4.8360E-04 6.1585E-04 1.5420E-03 1.8365E-03 2.5017E-03 1.2771E-03 2.0297E-03 2.2940E-03 5.6934E-03 1.0771E-02 2.1480E-02 3.6595E-02 1.7555E-02 6.8520E-03 1.5853E-03 4.7356E-04 1.2826E-04 2.6712E-05 1.0578E-04 0.0000E+00
 0.0000E+00 6.5053E-05 1.7300E-04 1.2951E-04 2.1343E-04 3.2884E-04 4.5618E-04 1.3398E-03 1.7447E-03 2.2026E-03 1.4850E-03 1.5972E-03 2.2376E-03 5.4597E-03 1.2658E-02 2.1853E-02 3.5962E-02 1.7403E-02 7.1721E-03 1.8783E-03 3.5517E-04 1.0994E-04 8.5477E-05 9.7946E-05 0.0000E+00
 0.0000E+00 8.7879E-05 1.7300E-04 2.5902E-04 2.2105E-04 2.0311E-04 5.3602E-04 1.4156E-03 1.9415E-03 1.9442E-03 1.0840E-03 1.7136E-03 2.7641E-03 5.3959E-03 1.0962E-02 2.1027E-02 3.8696E-02 1.7097E-02 6.9800E-03 1.6370E-03 5.2618E-04 1.1910E-04 8.0135E-05 9.7946E-05 0.0000E+00
 0.0000E+00 8.6737E-05 1.4784E-04 1.6189E-04 1.2196E-04 4.1589E-04 2.8512E-04 1.4156E-03 1.8496E-03 1.9170E-03 1.3068E-03 1.6304E-03 3.1590E-03 5.6509E-03 1.1058E-02 1.8282E-02 3.8178E-02 1.8547E-02 6.5531E-03 1.7232E-03 2.4993E-04 1.1910E-04 1.0150E-04 1.0578E-04 0.0000E+00
 0.0000E+00 1.0956E-04 2.0446E-04 1.8887E-04 1.6007E-04 3.3852E-04 3.9916E-04 1.4914E-03 1.3512E-03 1.6451E-03 1.1434E-03 1.3975E-03 2.8393E-03 4.2063E-03 9.2904E-03 1.8575E-02 3.8120E-02 1.6665E-02 6.7879E-03 1.5681E-03 3.0255E-04 9.1614E-05 7.4793E-05 6.4644E-05 0.0000E+00
 0.0000E+00 6.3912E-05 1.9816E-04 2.6982E-04 2.3630E-04 2.3213E-04 4.6759E-04 1.3903E-03 1.5086E-03 1.8355E-03 8.6128E-04 1.5472E-03 2.6325E-03 5.2047E-03 1.0819E-02 1.9481E-02 3.7084E-02 1.6156E-02 5.8701E-03 1.6543E-03 5.2618E-04 6.4130E-05 1.0685E-04 1.0186E-04 0.0000E+00
 0.0000E+00 9.1303E-05 2.0131E-04 2.2125E-04 1.6007E-04 4.4491E-04 5.4742E-04 1.1502E-03 1.6398E-03 1.9034E-03 9.0583E-04 1.3642E-03 2.5761E-03 5.3322E-03 9.6486E-03 1.8389E-02 3.5991E-02 1.7581E-02 6.1262E-03 1.7921E-03 3.5517E-04 1.8323E-04 6.9450E-05 9.0110E-05 0.0000E+00
 0.0000E+00 7.3042E-05 2.4220E-04 1.8348E-04 2.7441E-04 3.4819E-04 3.8776E-04 1.2766E-03 1.3249E-03 1.5771E-03 1.2177E-03 1.6970E-03 1.9932E-03 5.1410E-03 1.1177E-02 1.8442E-02 3.4495E-02 1.4451E-02 6.2329E-03 1.4819E-03 2.8940E-04 1.5574E-04 1.0150E-04 8.0316E-05 0.0000E+00
 0.0000E+00 8.7879E-05 1.9187E-04 2.3744E-04 2.4392E-04 3.2884E-04 3.3073E-04 1.1754E-03 1.4430E-03 1.9306E-03 1.2325E-03 1.6138E-03 2.3692E-03 5.4384E-03 1.0102E-02 1.8895E-02 3.4495E-02 1.6639E-02 6.8093E-03 1.0167E-03 3.0255E-04 1.4658E-04 8.5477E-05 6.2685E-05 0.0000E+00
 0.0000E+00 7.9890E-05 1.9816E-04 1.5110E-04 2.2867E-04 2.0311E-04 4.3337E-04 1.2892E-03 1.6135E-03 1.9170E-03 1.2622E-03 1.0980E-03 2.4256E-03 4.9073E-03 9.1710E-03 1.9375E-02 3.5732E-02 1.6054E-02 7.0441E-03 1.4992E-03 2.8940E-04 1.0994E-04 5.8766E-05 6.8562E-05 0.0000E+00
 0.0000E+00 8.4455E-05 1.9816E-04 2.5902E-04 1.6007E-04 4.4491E-04 4.1057E-04 1.2386E-03 1.4036E-03 1.8491E-03 1.0543E-03 1.3975E-03 1.7863E-03 4.8011E-03 9.9830E-03 1.9641E-02 3.5301E-02 1.4655E-02 6.1475E-03 1.5336E-03 3.8148E-04 1.3742E-04 4.8081E-05 7.6398E-05 0.0000E+00
 0.0000E+00 7.6466E-05 1.5727E-04 1.2951E-04 2.5154E-04 2.5147E-04 3.7635E-04 1.2892E-03 1.5610E-03 1.6451E-03 1.0395E-03 1.4973E-03 2.2376E-03 4.6524E-03 9.8874E-03 2.0974E-02 3.5761E-02 1.7046E-02 4.8882E-03 1.4819E-03 5.7880E-04 1.2826E-04 7.4793E-05 6.4644E-05 0.0000E+00
 0.0000E+00 7.9890E-05 1.4155E-04 1.9966E-04 1.6769E-04 4.4491E-04 3.6495E-04 1.3145E-03 1.2856E-03 1.6995E-03 1.0989E-03 1.4474E-03 2.4068E-03 4.8436E-03 1.1583E-02 1.9161E-02 3.5704E-02 1.5749E-02 5.4645E-03 1.4819E-03 3.6832E-04 6.4130E-05 7.4793E-05 1.0186E-04 0.0000E+00
 0.0000E+00 7.7607E-05 1.7929E-04 2.2665E-04 1.2196E-04 3.5786E-04 4.3337E-04 1.1754E-03 1.3380E-03 1.7131E-03 1.4107E-03 1.3975E-03 1.8991E-03 4.6524E-03 8.6217E-03 1.7989E-02 3.5243E-02 1.4451E-02 5.4858E-03 1.3096E-03 3.9463E-04 2.7484E-05 7.4793E-05 9.9905E-05 0.0000E+00
 0.0000E+00 6.5053E-05 2.0446E-04 2.1585E-04 2.0581E-04 3.4819E-04 4.3337E-04 1.3271E-03 1.1019E-03 1.6179E-03 1.2474E-03 1.2311E-03 2.2188E-03 4.8648E-03 9.7919E-03 1.9508E-02 3.4121E-02 1.4655E-02 5.4004E-03 1.5681E-03 3.2886E-04 5.4969E-05 3.2054E-05 1.0578E-04 0.0000E+00
 0.0000E+00 5.3640E-05 1.7300E-04 1.4030E-04 1.5245E-04 2.1278E-04 3.9916E-04 1.0364E-03 1.2331E-03 1.8763E-03 9.2068E-04 1.3310E-03 2.0120E-03 4.2700E-03 9.5292E-03 2.0174E-02 3.3833E-02 1.4222E-02 5.8914E-03 1.8438E-03 3.2886E-04 1.6491E-04 1.0150E-04 7.6398E-05 0.0000E+00
 0.0000E+00 8.2172E-05 1.6671E-04 1.1872E-04 1.9818E-04 4.1589E-04 4.4478E-04 1.0364E-03 1.0757E-03 1.7403E-03 1.1583E-03 1.2478E-03 1.8051E-03 4.6524E-03 9.5531E-03 1.8202E-02 3.7631E-02 1.3866E-02 4.9949E-03 1.4303E-03 2.6309E-04 3.6646E-05 1.0150E-04 7.4439E-05 0.0000E+00
 0.0000E+00 7.1901E-05 1.8558E-04 1.3491E-04 1.9818E-04 2.4180E-04 4.6759E-04 1.6305E-03 1.6004E-03 1.5364E-03 1.0098E-03 1.2811E-03 2.3504E-03 4.7374E-03 9.0277E-03 1.6949E-02 3.4984E-02 1.5189E-02 5.4858E-03 1.4303E-03 2.6309E-04 1.0078E-04 6.4108E-05 9.4028E-05 0.0000E+00
 0.0000E+00 7.6466E-05 1.2582E-04 1.6189E-04 1.4483E-04 2.5147E-04 4.7899E-04 1.1375E-03 1.2462E-03 1.8491E-03 6.6824E-04 1.0814E-03 2.1624E-03 4.2488E-03 8.6694E-03 1.9428E-02 3.5473E-02 1.4884E-02 5.4431E-03 1.4303E-03 3.4202E-04 8.2453E-05 8.5477E-05 8.8151E-05 0.0000E+00
 0.0000E+00 7.6466E-05 1.2267E-04 1.6729E-04 1.5245E-04 1.7409E-04 1.7107E-04 1.3145E-03 1.2331E-03 1.8083E-03 1.1434E-03 1.3310E-03 1.7111E-03 4.8648E-03 8.2634E-03 1.7962E-02 3.5071E-02 1.3892E-02 5.2937E-03 1.2924E-03 1.9732E-04 1.0078E-04 3.7396E-05 8.0316E-05 0.0000E+00
 0.0000E+00 8.2172E-05 1.0066E-04 1.6729E-04 1.9818E-04 2.7081E-04 3.7635E-04 1.1122E-03 1.3380E-03 1.9170E-03 1.1583E-03 1.1313E-03 2.1248E-03 4.5462E-03 8.5022E-03 1.7642E-02 3.4438E-02 1.3408E-02 5.2510E-03 1.3269E-03 3.0255E-04 6.4130E-05 6.9450E-05 8.0316E-05 0.0000E+00
 0.0000E+00 7.4183E-05 1.6042E-04 1.9427E-04 1.3720E-04 2.1278E-04 3.6495E-04 9.3530E-04 1.1150E-03 1.7267E-03 8.1673E-04 1.2977E-03 1.8615E-03 3.9938E-03 8.5500E-03 1.6203E-02 3.1877E-02 1.4222E-02 4.9949E-03 1.3269E-03 2.1047E-04 9.1614E-05 5.8766E-05 8.6192E-05 0.0000E+00
 0.0000E+00 7.1901E-05 1.3840E-04 1.6729E-04 1.7532E-04 2.8049E-04 3.4214E-04 8.0891E-04 1.5086E-03 1.2372E-03 8.9098E-04 1.4142E-03 1.8615E-03 3.9938E-03 8.5978E-03 1.7349E-02 3.1877E-02 1.3841E-02 5.2724E-03 1.5853E-03 3.0255E-04 8.2453E-05 8.5477E-05 5.8768E-05 0.0000E+00
 0.0000E+00 8.5596E-05 7.8637E-05 1.7808E-04 1.2958E-04 2.1278E-04 1.7107E-04 1.0491E-03 1.1150E-03 1.4956E-03 9.9493E-04 1.3642E-03 1.5983E-03 4.1850E-03 8.1679E-03 1.7029E-02 3.3546E-02 1.3535E-02 4.9949E-03 1.6370E-03 2.8940E-04 1.0994E-04 7.4793E-05 9.0110E-05 0.0000E+00
 0.0000E+00 5.8205E-05 1.1638E-04 1.3491E-04 8.3847E-05 2.4180E-04 3.3073E-04 1.0364E-03 7.8708E-04 1.5907E-03 1.0989E-03 1.3310E-03 2.2376E-03 3.8027E-03 9.0277E-03 1.6976E-02 3.2280E-02 1.3841E-02 5.3791E-03 1.1718E-03 2.6309E-04 1.2826E-04 8.5477E-05 9.7946E-05 0.0000E+00
 0.0000E+00 8.3314E-05 1.4155E-04 1.5110E-04 8.3847E-05 2.9983E-04 3.4214E-04 1.2513E-03 1.0626E-03 1.3188E-03 6.8309E-04 9.8159E-04 1.9744E-03 3.9089E-03 8.0485E-03 1.7696E-02 3.3891E-02 1.4299E-02 4.8668E-03 1.1890E-03 2.8940E-04 3.6646E-05 7.4793E-05 9.0110E-05 0.0000E+00
 0.0000E+00 7.6466E-05 1.2582E-04 1.6729E-04 1.5245E-04 1.9344E-04 2.2809E-04 1.1628E-03 9.5762E-04 1.3868E-03 7.8703E-04 1.2311E-03 1.8239E-03 4.7161E-03 9.2904E-03 1.7083E-02 3.0956E-02 1.3281E-02 5.3791E-03 1.3269E-03 4.3410E-04 7.3291E-05 1.0685E-04 9.5987E-05 0.0000E+00
 0.0000E+00 7.5325E-05 1.8558E-04 1.7268E-04 9.9092E-05 2.2245E-04 2.7371E-04 1.2892E-03 1.3774E-03 1.2236E-03 9.2068E-04 1.4641E-03 1.8427E-03 4.0151E-03 8.1201E-03 1.6043E-02 3.3575E-02 1.3459E-02 4.4399E-03 1.3096E-03 2.4993E-04 9.1614E-05 5.3423E-05 8.8151E-05 0.0000E+00
 0.0000E+00 5.5923E-05 1.6356E-04 1.9427E-04 1.4483E-04 2.1278E-04 3.0792E-04 1.2007E-03 1.2724E-03 1.6587E-03 9.2068E-04 1.2311E-03 1.9932E-03 4.1638E-03 8.5022E-03 1.6150E-02 3.3517E-02 1.3077E-02 4.5039E-03 1.1373E-03 2.7624E-04 5.4969E-05 6.4108E-05 5.0932E-05 0.0000E+00
 0.0000E+00 7.1901E-05 9.1219E-05 1.5110E-04 9.9092E-05 2.8049E-04 3.7635E-04 1.2639E-03 1.2462E-03 1.1013E-03 7.8703E-04 9.9823E-04 1.8051E-03 3.4203E-03 8.7411E-03 1.5430E-02 3.1992E-02 1.3052E-02 3.9916E-03 1.3786E-03 2.6309E-04 8.2453E-05 6.4108E-05 7.0521E-05 0.0000E+00
 0.0000E+00 7.0760E-05 1.7300E-04 1.4570E-04 1.0671E-04 2.3213E-04 3.6495E-04 1.0491E-03 9.8385E-04 1.4276E-03 8.0188E-04 1.1147E-03 2.2752E-03 3.4840E-03 7.6902E-03 1.5404E-02 3.1647E-02 1.3306E-02 4.8668E-03 1.5509E-03 1.7101E-04 8.2453E-05 5.3423E-05 6.6603E-05 0.0000E+00
 0.0000E+00 6.5053E-05 1.2896E-04 1.6729E-04 1.3720E-04 2.9983E-04 3.6495E-04 1.1122E-03 8.7891E-04 1.2644E-03 7.2764E-04 1.1147E-03 1.7111E-03 4.4612E-03 7.6425E-03 1.6576E-02 3.3459E-02 1.3332E-02 4.8668E-03 1.0512E-03 2.6309E-04 1.0078E-04 4.2739E-05 5.6809E-05 0.0000E+00
 0.0000E+00 6.6194E-05 1.2582E-04 1.3491E-04 8.3847E-05 2.8049E-04 5.0180E-04 9.1002E-04 9.9697E-04 1.1693E-03 8.6128E-04 1.1979E-03 1.5795E-03 3.7177E-03 7.7858E-03 1.4684E-02 3.3114E-02 1.2238E-02 4.1411E-03 1.2407E-03 2.4993E-04 1.1910E-04 3.7396E-05 7.2480E-05 0.0000E+00
 0.0000E+00 6.8477E-05 1.6986E-04 1.7808E-04 1.5245E-04 2.1278E-04 3.7635E-04 1.4914E-03 1.2462E-03 1.3460E-03 9.2068E-04 8.3185E-04 1.4855E-03 3.0804E-03 7.0215E-03 1.6363E-02 3.0640E-02 1.3026E-02 4.3759E-03 1.1373E-03 1.9732E-04 5.4969E-05 5.8766E-05 6.6603E-05 0.0000E+00
 0.0000E+00 7.3042E-05 1.2582E-04 1.0793E-04 1.2958E-04 2.0311E-04 3.9916E-04 8.7210E-04 1.4823E-03 1.4412E-03 8.1673E-04 1.3310E-03 1.7487E-03 4.2700E-03 7.2603E-03 1.6683E-02 3.1244E-02 1.1805E-02 4.2264E-03 1.4819E-03 3.1571E-04 1.0994E-04 6.4108E-05 5.6809E-05 0.0000E+00
 0.0000E+00 9.2444E-05 1.3211E-04 2.1046E-04 1.6769E-04 2.4180E-04 3.1933E-04 8.5946E-04 1.2069E-03 1.1965E-03 7.7219E-04 9.8159E-04 1.4855E-03 3.1866E-03 7.4992E-03 1.6017E-02 3.1676E-02 1.3077E-02 3.6074E-03 1.1545E-03 2.6309E-04 1.0078E-04 4.8081E-05 6.0726E-05 0.0000E+00
 0.0000E+00 7.0760E-05 1.3526E-04 1.3491E-04 1.3720E-04 1.3541E-04 3.3073E-04 7.5835E-04 9.7073E-04 1.0469E-03 9.2068E-04 1.0980E-03 1.3162E-03 3.9514E-03 6.7588E-03 1.5564E-02 3.1158E-02 1.1754E-02 4.7387E-03 1.2752E-03 1.1839E-04 9.1614E-05 5.8766E-05 7.6398E-05 0.0000E+00
 0.0000E+00 5.3640E-05 1.3840E-04 2.0506E-04 9.1470E-05 1.3541E-04 2.6231E-04 8.0891E-04 1.0363E-03 1.3868E-03 6.3854E-04 1.0481E-03 1.8239E-03 3.8664E-03 7.1648E-03 1.4498E-02 3.3201E-02 1.2136E-02 4.4399E-03 1.0339E-03 3.0255E-04 5.4969E-05 2.6712E-05 7.6398E-05 0.0000E+00
 0.0000E+00 7.6466E-05 1.5098E-04 1.4570E-04 1.6007E-04 2.8049E-04 1.9388E-04 1.1122E-03 1.2069E-03 1.2508E-03 5.7914E-04 1.2145E-03 1.5043E-03 4.0151E-03 7.4275E-03 1.5191E-02 3.1072E-02 1.1653E-02 4.5680E-03 1.1718E-03 2.2363E-04 5.4969E-05 2.1369E-05 7.4439E-05 0.0000E+00
 0.0000E+00 4.5651E-05 1.3840E-04 1.8887E-04 2.2105E-04 2.3213E-04 1.5966E-04 7.0779E-04 1.2069E-03 1.2916E-03 7.7219E-04 9.4831E-04 1.2410E-03 3.2928E-03 7.6186E-03 1.3725E-02 3.1359E-02 1.1144E-02 3.4366E-03 1.2752E-03 3.2886E-04 4.5807E-05 5.3423E-05 5.8768E-05 0.0000E+00
 0.0000E+00 8.3314E-05 1.5413E-04 1.5110E-04 1.3720E-04 2.5147E-04 1.4826E-04 8.3419E-04 8.5267E-04 1.0061E-03 6.2369E-04 6.9876E-04 1.6359E-03 3.5690E-03 6.8782E-03 1.4604E-02 3.1676E-02 1.1169E-02 3.5647E-03 1.1028E-03 2.3678E-04 1.1910E-04 4.8081E-05 1.0774E-04 0.0000E+00
 0.0000E+00 7.9890E-05 1.2896E-04 1.1332E-04 1.2958E-04 2.9016E-04 2.3950E-04 7.8363E-04 9.4450E-04 1.1829E-03 4.9004E-04 9.9823E-04 1.4667E-03 3.4415E-03 6.9499E-03 1.5377E-02 2.9144E-02 1.1449E-02 4.5680E-03 9.6499E-04 1.3154E-04 1.0994E-04 6.4108E-05 9.9905E-05 0.0000E+00
 0.0000E+00 7.3042E-05 1.4469E-04 1.2412E-04 1.7532E-04 1.5475E-04 2.3950E-04 8.4682E-04 1.1019E-03 1.0605E-03 6.5339E-04 7.9858E-04 1.6359E-03 3.3353E-03 7.1887E-03 1.6123E-02 3.0525E-02 1.0966E-02 3.9276E-03 9.3053E-04 1.9732E-04 7.3291E-05 2.6712E-05 7.8357E-05 0.0000E+00
 0.0000E+00 4.7934E-05 1.6042E-04 1.1332E-04 1.0671E-04 1.4508E-04 3.1933E-04 9.3530E-04 7.4773E-04 1.1149E-03 7.7219E-04 9.8159E-04 1.2974E-03 3.9938E-03 6.5200E-03 1.4071E-02 2.9403E-02 1.1958E-02 4.3332E-03 9.1329E-04 9.2081E-05 7.3291E-05 3.7396E-05 6.2685E-05 0.0000E+00
 0.0000E+00 6.7336E-05 1.2267E-04 1.2951E-04 8.3847E-05 2.9983E-04 3.1933E-04 8.2155E-04 1.0626E-03 1.2508E-03 8.0188E-04 8.6513E-04 1.8615E-03 3.1228E-03 6.7349E-03 1.4897E-02 2.9950E-02 1.2340E-02 3.9063E-03 9.9945E-04 9.2081E-05 1.0078E-04 4.8081E-05 9.5987E-05 0.0000E+00
 0.0000E+00 5.7064E-05 1.2267E-04 1.1872E-04 1.3720E-04 2.5147E-04 1.2545E-04 8.2155E-04 6.6902E-04 9.6532E-04 8.0188E-04 1.2311E-03 1.3350E-03 3.4627E-03 7.1648E-03 1.4125E-02 2.8770E-02 1.1882E-02 3.4793E-03 8.7883E-04 2.1047E-04 9.1614E-05 4.2739E-05 5.0932E-05 0.0000E+00
 0.0000E+00 6.9618E-05 1.2582E-04 1.5110E-04 1.0671E-04 2.9983E-04 2.7371E-04 8.9738E-04 8.9203E-04 1.1013E-03 6.2369E-04 7.9858E-04 1.3538E-03 3.1653E-03 7.0215E-03 1.4098E-02 2.7475E-02 1.0762E-02 2.7536E-03 1.1201E-03 2.3678E-04 5.4969E-05 6.9450E-05 7.0521E-05 0.0000E+00
 0.0000E+00 7.4183E-05 1.4784E-04 1.1332E-04 6.8602E-05 2.6114E-04 2.9652E-04 6.9515E-04 8.9203E-04 9.7891E-04 4.7519E-04 9.6495E-04 1.3538E-03 2.9529E-03 7.7380E-03 1.5484E-02 2.9086E-02 1.0253E-02 3.2445E-03 1.1718E-03 1.8416E-04 5.4969E-05 4.8081E-05 7.6398E-05 0.0000E+00
 0.0000E+00 9.0161E-05 1.2896E-04 1.6729E-04 9.1470E-05 2.2245E-04 2.0528E-04 8.9738E-04 8.9203E-04 1.0333E-03 5.9399E-04 9.6495E-04 1.4855E-03 2.9741E-03 6.5439E-03 1.3805E-02 2.9115E-02 1.1602E-02 3.6074E-03 1.0512E-03 1.1839E-04 5.4969E-05 6.4108E-05 4.5055E-05 0.0000E+00
 0.0000E+00 6.5053E-05 1.2267E-04 1.2412E-04 7.6225E-05 2.1278E-04 2.2809E-04 8.0891E-04 1.0494E-03 1.3324E-03 8.7613E-04 5.4902E-04 1.4479E-03 2.5493E-03 6.1617E-03 1.3751E-02 2.9144E-02 1.2187E-02 3.2018E-03 8.7883E-04 1.5785E-04 6.4130E-05 6.9450E-05 6.4644E-05 0.0000E+00
 0.0000E+00 5.2499E-05 1.2267E-04 8.6341E-05 9.1470E-05 2.9016E-04 2.9652E-04 9.6058E-04 1.0232E-03 9.1093E-04 7.1279E-04 1.0648E-03 1.2598E-03 3.2291E-03 5.8274E-03 1.2606E-02 2.8425E-02 1.0024E-02 3.8849E-03 1.1718E-03 1.3154E-04 8.2453E-05 7.4793E-05 5.6809E-05 0.0000E+00
 0.0000E+00 5.2499E-05 1.1324E-04 1.7268E-04 1.0671E-04 2.9016E-04 2.2809E-04 7.3307E-04 9.0514E-04 1.0061E-03 7.2764E-04 8.1522E-04 1.3350E-03 3.1228E-03 6.4961E-03 1.4791E-02 2.5979E-02 1.1144E-02 3.2659E-03 8.2713E-04 1.9732E-04 7.3291E-05 6.9450E-05 8.4233E-05 0.0000E+00
 0.0000E+00 4.7934E-05 1.2582E-04 7.0152E-05 1.3720E-04 1.7409E-04 1.5966E-04 4.5501E-04 9.1826E-04 1.4548E-03 9.0583E-04 5.9894E-04 1.0906E-03 3.1228E-03 6.3767E-03 1.2472E-02 2.9000E-02 1.0151E-02 3.3086E-03 8.4437E-04 1.8416E-04 5.4969E-05 1.6027E-05 7.6398E-05 0.0000E+00
 0.0000E+00 7.1901E-05 1.5413E-04 1.0793E-04 9.9092E-05 3.2884E-04 2.2809E-04 8.0891E-04 7.2149E-04 8.9734E-04 3.5639E-04 7.6531E-04 1.3350E-03 3.2928E-03 5.8990E-03 1.3805E-02 2.8252E-02 1.0966E-02 3.3513E-03 9.6499E-04 6.5772E-05 5.4969E-05 5.3423E-05 7.0521E-05 0.0000E+00
 0.0000E+00 5.8205E-05 1.2267E-04 1.1872E-04 1.0671E-04 1.9344E-04 3.0792E-04 7.8363E-04 1.0494E-03 1.0197E-03 4.7519E-04 4.8248E-04 1.3915E-03 2.9954E-03 6.0901E-03 1.2925E-02 2.9000E-02 1.0686E-02 3.1805E-03 6.7205E-04 1.9732E-04 1.2826E-04 4.8081E-05 5.2891E-05 0.0000E+00
 0.0000E+00 7.4183E-05 9.7510E-05 1.4570E-04 1.2196E-04 3.2884E-04 3.4214E-04 8.3419E-04 5.7719E-04 9.6532E-04 7.2764E-04 9.6495E-04 1.0530E-03 2.8892E-03 6.7588E-03 1.3938E-02 2.7130E-02 1.0482E-02 3.3299E-03 8.7883E-04 1.3154E-04 1.2826E-04 4.8081E-05 4.8973E-05 0.0000E+00
 0.0000E+00 8.4455E-05 1.5413E-04 1.1332E-04 1.0671E-04 1.5475E-04 2.1669E-04 8.0891E-04 1.0101E-03 9.1093E-04 8.3158E-04 8.9840E-04 1.1658E-03 2.5493E-03 6.2095E-03 1.4018E-02 2.8971E-02 9.6172E-03 4.0770E-03 8.4437E-04 2.3678E-04 7.3291E-05 8.0135E-05 6.8562E-05 0.0000E+00
 0.0000E+00 8.1031E-05 1.0380E-04 1.4030E-04 1.1434E-04 1.2573E-04 3.8776E-04 7.3307E-04 9.0514E-04 1.1829E-03 5.0489E-04 1.0980E-03 1.5607E-03 2.5918E-03 6.8543E-03 1.2845E-02 2.7964E-02 1.0838E-02 2.8176E-03 1.1373E-03 1.3154E-04 3.6646E-05 5.3423E-05 6.8562E-05 0.0000E+00
 0.0000E+00 5.1358E-05 1.1009E-04 1.4570E-04 1.2958E-04 2.4180E-04 1.9388E-04 7.9627E-04 7.4773E-04 1.0469E-03 4.4549E-04 8.1522E-04 1.4479E-03 2.3581E-03 5.9229E-03 1.2286E-02 2.7130E-02 9.3882E-03 3.3726E-03 1.1201E-03 1.7101E-04 1.8323E-05 5.3423E-05 5.4850E-05 0.0000E+00
 0.0000E+00 6.6194E-05 1.2267E-04 1.3491E-04 1.2196E-04 2.8049E-04 2.5090E-04 5.8140E-04 9.1826E-04 9.1093E-04 6.2369E-04 8.1522E-04 1.2598E-03 2.1669E-03 5.3258E-03 1.2152E-02 2.6267E-02 9.2356E-03 2.9030E-03 6.8928E-04 1.0524E-04 3.6646E-05 4.8081E-05 6.6603E-05 0.0000E+00
 0.0000E+00 6.7336E-05 9.7510E-05 1.6729E-04 1.5245E-04 1.2573E-04 1.8247E-04 8.4682E-04 6.2967E-04 1.0741E-03 5.4944E-04 7.4867E-04 1.3350E-03 2.7405E-03 5.4453E-03 1.3432E-02 2.6267E-02 1.0609E-02 3.5434E-03 8.0990E-04 1.5785E-04 6.4130E-05 4.2739E-05 8.2275E-05 0.0000E+00
 0.0000E+00 5.5923E-05 1.1324E-04 1.8887E-04 6.8602E-05 2.3213E-04 1.1405E-04 7.2043E-04 9.0514E-04 1.0469E-03 5.7914E-04 4.9911E-04 1.5043E-03 2.6130E-03 6.3767E-03 1.2979E-02 2.7936E-02 9.6935E-03 3.0951E-03 5.6865E-04 1.5785E-04 5.4969E-05 4.8081E-05 6.4644E-05 0.0000E+00
 0.0000E+00 5.5923E-05 9.7510E-05 1.6729E-04 1.1434E-04 1.7409E-04 2.6231E-04 5.3085E-04 8.7891E-04 8.7015E-04 5.6429E-04 1.0814E-03 1.0154E-03 2.1456E-03 5.6363E-03 1.1939E-02 2.5174E-02 1.0508E-02 3.7141E-03 8.6160E-04 5.2618E-05 9.1614E-05 4.8081E-05 6.8562E-05 0.0000E+00
 0.0000E+00 6.7336E-05 1.0066E-04 2.2665E-04 1.6007E-04 5.8031E-05 2.1669E-04 7.2043E-04 8.2644E-04 1.0197E-03 4.6034E-04 8.4849E-04 9.0256E-04 2.1881E-03 5.8990E-03 1.1726E-02 2.7044E-02 9.7953E-03 3.2659E-03 8.0990E-04 1.9732E-04 1.1910E-04 3.2054E-05 4.7014E-05 0.0000E+00
 0.0000E+00 7.5325E-05 1.2267E-04 1.4570E-04 1.0671E-04 1.8377E-04 2.6231E-04 7.2043E-04 5.6408E-04 8.4295E-04 5.1974E-04 8.6513E-04 9.9658E-04 2.7405E-03 6.6155E-03 1.2339E-02 2.5461E-02 9.0066E-03 3.5007E-03 8.4437E-04 1.3154E-04 6.4130E-05 5.8766E-05 7.2480E-05 0.0000E+00
 0.0000E+00 5.7064E-05 1.0695E-04 9.7134E-05 6.0980E-05 1.7409E-04 2.2809E-04 7.7099E-04 8.9203E-04 6.3901E-04 5.4944E-04 4.3256E-04 1.4103E-03 2.9954E-03 5.6841E-03 1.2845E-02 2.6497E-02 9.9988E-03 2.8176E-03 7.4097E-04 1.4470E-04 6.4130E-05 3.7396E-05 6.2685E-05 0.0000E+00
 0.0000E+00 6.7336E-05 1.0066E-04 9.7134E-05 1.1434E-04 1.9344E-04 9.1237E-05 4.5501E-04 8.2644E-04 8.8374E-04 6.6824E-04 8.6513E-04 1.1846E-03 2.4643E-03 5.9468E-03 1.1007E-02 2.6468E-02 9.5918E-03 3.1165E-03 8.4437E-04 3.9463E-05 1.6491E-04 5.3423E-05 6.0726E-05 0.0000E+00
 0.0000E+00 5.9347E-05 1.0380E-04 1.2412E-04 9.1470E-05 2.5147E-04 3.3073E-04 6.4460E-04 6.9526E-04 6.7980E-04 7.4249E-04 6.3221E-04 1.4103E-03 2.6767E-03 4.8482E-03 1.1166E-02 2.7964E-02 9.9734E-03 2.9884E-03 7.7544E-04 2.1047E-04 1.7407E-04 4.2739E-05 6.6603E-05 0.0000E+00
 0.0000E+00 4.6793E-05 5.9764E-05 9.7134E-05 1.3720E-04 9.6719E-05 1.4826E-04 4.8029E-04 4.9848E-04 7.4778E-04 3.8609E-04 6.1557E-04 1.1470E-03 2.2518E-03 5.3258E-03 1.2099E-02 2.4224E-02 8.8285E-03 3.1378E-03 5.3419E-04 2.8940E-04 2.7484E-05 3.7396E-05 3.9178E-05 0.0000E+00
 0.0000E+00 5.8205E-05 1.3211E-04 1.0793E-04 1.1434E-04 1.6442E-04 2.1669E-04 4.5501E-04 7.8708E-04 6.2542E-04 6.0884E-04 5.6566E-04 1.1470E-03 2.4218E-03 4.8482E-03 1.1273E-02 2.5864E-02 8.5486E-03 2.8390E-03 8.7883E-04 1.0524E-04 2.7484E-05 5.3423E-05 4.3096E-05 0.0000E+00
 0.0000E+00 3.8804E-05 1.3211E-04 6.4756E-05 8.3847E-05 1.5475E-04 2.7371E-04 6.6988E-04 4.9848E-04 8.9734E-04 6.9794E-04 6.4885E-04 1.1282E-03 2.2094E-03 5.8513E-03 1.1886E-02 2.5202E-02 8.6504E-03 3.0951E-03 8.0990E-04 2.2363E-04 6.4130E-05 5.3423E-06 9.0110E-05 0.0000E+00
 0.0000E+00 5.8205E-05 6.6055E-05 1.5649E-04 9.9092E-05 1.1606E-04 2.0528E-04 2.9070E-04 7.6085E-04 7.6138E-04 5.0489E-04 6.9876E-04 9.7778E-04 2.2943E-03 5.8274E-03 1.1007E-02 2.3448E-02 9.2356E-03 3.0951E-03 5.8589E-04 1.7101E-04 6.4130E-05 5.8766E-05 3.1343E-05 0.0000E+00
 0.0000E+00 4.6793E-05 7.5491E-05 1.2951E-04 5.3357E-05 7.7375E-05 1.1405E-04 7.8363E-04 6.6902E-04 9.6532E-04 6.8309E-04 3.9929E-04 9.9658E-04 2.2094E-03 5.7080E-03 1.2046E-02 2.6986E-02 9.1338E-03 2.9884E-03 4.8250E-04 1.5785E-04 2.7484E-05 1.0685E-05 7.2480E-05 0.0000E+00
 0.0000E+00 4.9075E-05 1.1638E-04 5.3963E-05 9.9092E-05 2.1278E-04 1.7107E-04 4.9293E-04 6.8214E-04 5.8463E-04 4.6034E-04 5.3239E-04 9.0256E-04 2.4855E-03 5.1825E-03 1.1353E-02 2.5864E-02 8.9048E-03 2.5828E-03 8.9606E-04 6.5772E-05 4.5807E-05 5.3423E-05 5.8768E-05 0.0000E+00
 0.0000E+00 7.0760E-05 9.7510E-05 2.2665E-04 6.8602E-05 1.1606E-04 1.4826E-04 7.9627E-04 7.4773E-04 1.0469E-03 5.1974E-04 5.1575E-04 6.7692E-04 2.2731E-03 5.1109E-03 1.1433E-02 2.3505E-02 8.5995E-03 2.6896E-03 6.8928E-04 1.1839E-04 8.2453E-05 3.7396E-05 6.4644E-05 0.0000E+00
 0.0000E+00 6.2771E-05 1.2267E-04 9.1738E-05 9.1470E-05 1.0639E-04 1.2545E-04 6.0668E-04 6.8214E-04 9.2453E-04 5.0489E-04 4.8248E-04 9.7778E-04 2.4643E-03 6.2334E-03 1.2446E-02 2.5893E-02 8.7776E-03 2.9244E-03 7.9267E-04 9.2081E-05 1.1910E-04 1.6027E-05 5.6809E-05 0.0000E+00
 0.0000E+00 6.0488E-05 7.8637E-05 1.2951E-04 9.9092E-05 1.4508E-04 1.1405E-04 6.3196E-04 4.5913E-04 1.0333E-03 6.5339E-04 5.3239E-04 8.8376E-04 2.4218E-03 5.2303E-03 1.0100E-02 2.6353E-02 9.4645E-03 2.5828E-03 7.2374E-04 1.4470E-04 3.6646E-05 4.8081E-05 5.8768E-05 0.0000E+00
 0.0000E+00 5.9347E-05 1.0380E-04 1.0793E-04 8.3847E-05 1.4508E-04 1.1405E-04 4.4237E-04 6.5590E-04 7.6138E-04 5.7914E-04 6.3221E-04 6.2051E-04 2.5493E-03 4.2989E-03 1.2286E-02 2.8051E-02 7.7854E-03 2.8603E-03 5.1696E-04 9.2081E-05 7.3291E-05 2.6712E-05 5.4850E-05 0.0000E+00
 0.0000E+00 4.7934E-05 8.1782E-05 9.1738E-05 6.0980E-05 1.4508E-04 2.1669E-04 6.6988E-04 6.0343E-04 7.6138E-04 4.0094E-04 7.6531E-04 7.5214E-04 2.4430E-03 4.7527E-03 1.1220E-02 2.3937E-02 9.2101E-03 2.2626E-03 8.7883E-04 5.2618E-05 1.4658E-04 0.0000E+00 5.0932E-05 0.0000E+00
 0.0000E+00 3.4238E-05 8.4928E-05 5.3963E-05 1.5245E-05 9.6719E-05 1.8247E-04 6.8252E-04 7.8708E-04 1.0469E-03 4.6034E-04 4.6584E-04 6.2051E-04 2.4855E-03 4.9915E-03 9.0344E-03 2.3332E-02 8.8794E-03 2.4974E-03 7.4097E-04 1.7101E-04 2.7484E-05 5.3423E-05 5.2891E-05 0.0000E+00
 0.0000E+00 4.4510E-05 9.4364E-05 9.7134E-05 6.8602E-05 1.4508E-04 1.3686E-04 5.3085E-04 6.0343E-04 8.8374E-04 4.4549E-04 3.9929E-04 1.1846E-03 2.0819E-03 5.0870E-03 1.1433E-02 2.5260E-02 8.6758E-03 2.8603E-03 7.0651E-04 7.8927E-05 2.7484E-05 2.1369E-05 8.6192E-05 0.0000E+00
 0.0000E+00 4.5651E-05 1.0066E-04 1.4030E-04 7.6225E-05 1.7409E-04 2.5090E-04 5.8140E-04 8.1332E-04 8.5655E-04 5.4944E-04 6.4885E-04 6.2051E-04 1.9969E-03 4.1078E-03 1.1699E-02 2.2642E-02 8.4214E-03 3.0951E-03 3.9634E-04 1.4470E-04 6.4130E-05 3.7396E-05 4.3096E-05 0.0000E+00
 0.0000E+00 5.4782E-05 5.9764E-05 1.5110E-04 1.3720E-04 1.2573E-04 1.7107E-04 6.8252E-04 7.6085E-04 8.5655E-04 5.0489E-04 4.4920E-04 8.8376E-04 2.5705E-03 4.5138E-03 1.0394E-02 2.4454E-02 8.3960E-03 2.5401E-03 4.4803E-04 1.5785E-04 4.5807E-05 2.1369E-05 7.8357E-05 0.0000E+00
 0.0000E+00 5.7064E-05 7.5491E-05 1.1332E-04 1.0671E-04 2.0311E-04 1.3686E-04 5.3085E-04 5.7719E-04 8.1576E-04 6.3854E-04 6.8212E-04 8.4615E-04 2.6342E-03 4.8004E-03 1.0980E-02 2.3419E-02 8.2688E-03 2.2199E-03 5.3419E-04 1.5785E-04 3.6646E-05 2.1369E-05 8.8151E-05 0.0000E+00
 0.0000E+00 3.6521E-05 1.0695E-04 1.1332E-04 5.3357E-05 1.8377E-04 1.2545E-04 5.8140E-04 7.8708E-04 7.4778E-04 5.4944E-04 4.9911E-04 9.7778E-04 2.3581E-03 3.7973E-03 1.0154E-02 2.3620E-02 7.7345E-03 2.6896E-03 5.6865E-04 1.8416E-04 2.7484E-05 4.2739E-05 4.1137E-05 0.0000E+00
 0.0000E+00 6.6194E-05 1.0695E-04 1.0793E-04 4.5735E-05 5.8031E-05 1.1405E-04 4.6765E-04 7.0837E-04 6.5261E-04 5.1974E-04 9.1504E-04 9.4017E-04 1.9757E-03 3.4869E-03 9.2209E-03 2.2584E-02 7.3274E-03 2.2840E-03 7.0651E-04 1.3154E-04 4.5807E-05 2.1369E-05 6.2685E-05 0.0000E+00
 0.0000E+00 4.5651E-05 9.1219E-05 6.4756E-05 4.5735E-05 1.7409E-04 9.1237E-05 5.8140E-04 6.2967E-04 9.9251E-04 3.4154E-04 5.8230E-04 7.8974E-04 2.1031E-03 4.3228E-03 1.0154E-02 2.3304E-02 7.4037E-03 2.3694E-03 6.8928E-04 9.2081E-05 0.0000E+00 3.2054E-05 6.0726E-05 0.0000E+00
 0.0000E+00 5.2499E-05 7.8637E-05 8.6341E-05 1.4483E-04 7.7375E-05 1.4826E-04 5.1821E-04 6.9526E-04 6.6621E-04 2.6729E-04 3.8265E-04 7.5214E-04 1.9757E-03 3.8451E-03 1.0260E-02 2.3793E-02 7.7854E-03 2.5188E-03 3.7910E-04 1.7101E-04 5.4969E-05 3.7396E-05 6.0726E-05 0.0000E+00
 0.0000E+00 3.7662E-05 9.7510E-05 8.6341E-05 5.3357E-05 9.6719E-05 1.7107E-04 5.1821E-04 6.4278E-04 7.4778E-04 3.2669E-04 4.4920E-04 8.0855E-04 1.7845E-03 4.2272E-03 1.0047E-02 2.4713E-02 7.7854E-03 2.3053E-03 4.1357E-04 1.1839E-04 5.4969E-05 3.2054E-05 6.4644E-05 0.0000E+00
 0.0000E+00 4.7934E-05 8.1782E-05 8.0945E-05 6.0980E-05 1.1606E-04 1.4826E-04 4.6765E-04 6.5590E-04 1.0469E-03 6.0884E-04 6.3221E-04 5.8291E-04 2.0182E-03 5.1109E-03 9.8073E-03 2.5490E-02 6.6659E-03 1.8784E-03 4.8250E-04 9.2081E-05 2.7484E-05 3.2054E-05 4.3096E-05 0.0000E+00
 0.0000E+00 3.4238E-05 1.2896E-04 7.5549E-05 7.6225E-05 1.9344E-04 1.5966E-04 4.6765E-04 5.3784E-04 7.4778E-04 3.1184E-04 6.4885E-04 6.9573E-04 2.0394E-03 3.9884E-03 1.0527E-02 2.3908E-02 7.6581E-03 1.9851E-03 6.0312E-04 1.5785E-04 5.4969E-05 6.4108E-05 5.2891E-05 0.0000E+00
 0.0000E+00 5.8205E-05 1.0380E-04 8.0945E-05 6.0980E-05 1.4508E-04 1.7107E-04 6.4460E-04 5.5096E-04 7.4778E-04 5.0489E-04 7.3203E-04 8.4615E-04 1.8270E-03 3.9645E-03 1.1033E-02 2.3390E-02 7.5818E-03 2.4547E-03 7.5821E-04 7.8927E-05 3.6646E-05 5.3423E-06 5.6809E-05 0.0000E+00
 0.0000E+00 8.7879E-05 6.6055E-05 1.4570E-04 3.8112E-05 6.7703E-05 1.4826E-04 4.2973E-04 5.2472E-04 6.1182E-04 4.3064E-04 4.6584E-04 9.9658E-04 2.2518E-03 5.1825E-03 9.5407E-03 2.3764E-02 7.5055E-03 2.0065E-03 3.1018E-04 1.5785E-04 6.4130E-05 2.6712E-05 6.0726E-05 0.0000E+00
 0.0000E+00 5.1358E-05 5.6618E-05 1.5110E-04 8.3847E-05 2.1278E-04 7.9832E-05 4.5501E-04 5.9031E-04 6.6621E-04 2.9699E-04 5.6566E-04 6.2051E-04 1.9119E-03 4.0601E-03 9.4075E-03 2.3246E-02 7.7599E-03 1.8357E-03 3.4464E-04 1.4470E-04 6.4130E-05 1.6027E-05 3.1343E-05 0.0000E+00
 0.0000E+00 6.2771E-05 9.1219E-05 9.7134E-05 7.6225E-05 8.7047E-05 1.3686E-04 4.2973E-04 3.5419E-04 7.6138E-04 3.5639E-04 4.8248E-04 1.1094E-03 1.8907E-03 3.8929E-03 1.0767E-02 2.3822E-02 7.6327E-03 1.8998E-03 5.5142E-04 1.9732E-04 7.3291E-05 3.2054E-05 4.8973E-05 0.0000E+00
 0.0000E+00 5.2499E-05 7.8637E-05 1.1332E-04 1.2958E-04 7.7375E-05 1.3686E-04 4.8029E-04 4.5913E-04 7.3419E-04 4.1579E-04 5.6566E-04 6.7692E-04 1.5508E-03 3.7973E-03 1.0367E-02 2.3217E-02 6.4369E-03 2.0278E-03 5.1696E-04 6.5772E-05 3.6646E-05 4.2739E-05 8.6192E-05 0.0000E+00
 0.0000E+00 6.3912E-05 8.1782E-05 1.2412E-04 1.3720E-04 1.4508E-04 9.1237E-05 4.9293E-04 5.1160E-04 5.9823E-04 4.7519E-04 3.4938E-04 6.5812E-04 2.1031E-03 4.1556E-03 1.0607E-02 2.2584E-02 7.2256E-03 1.9211E-03 4.4803E-04 9.2081E-05 9.1614E-06 3.7396E-05 4.3096E-05 0.0000E+00
 0.0000E+00 4.1086E-05 9.4364E-05 9.1738E-05 1.0671E-04 2.2245E-04 1.7107E-04 7.7099E-04 6.1655E-04 8.1576E-04 3.7124E-04 2.6619E-04 8.4615E-04 1.6358E-03 4.4422E-03 9.5940E-03 2.2124E-02 6.4878E-03 2.0705E-03 2.9294E-04 1.5785E-04 2.7484E-05 2.6712E-05 4.8973E-05 0.0000E+00
 0.0000E+00 6.0488E-05 8.4928E-05 1.0793E-04 4.5735E-05 8.7047E-05 1.0264E-04 5.4348E-04 3.5419E-04 6.2542E-04 3.8609E-04 5.3239E-04 9.7778E-04 2.0394E-03 3.7018E-03 8.9544E-03 1.9909E-02 7.2765E-03 2.0278E-03 2.9294E-04 2.4993E-04 6.4130E-05 5.3423E-05 6.0726E-05 0.0000E+00
 0.0000E+00 6.1629E-05 8.4928E-05 4.8567E-05 4.5735E-05 1.2573E-04 2.5090E-04 4.0445E-04 4.0666E-04 4.6227E-04 6.5339E-04 4.4920E-04 8.2735E-04 1.6783E-03 3.2958E-03 8.8478E-03 2.3793E-02 8.0652E-03 1.8784E-03 5.1696E-04 1.9732E-04 7.3291E-05 2.1369E-05 5.2891E-05 0.0000E+00
 0.0000E+00 5.9347E-05 8.8073E-05 6.4756E-05 2.2867E-05 6.7703E-05 1.7107E-04 6.8252E-04 4.8537E-04 6.5261E-04 2.8214E-04 2.4956E-04 6.5812E-04 1.2534E-03 3.7496E-03 8.4747E-03 2.3074E-02 6.7931E-03 1.7930E-03 4.9973E-04 3.9463E-05 6.4130E-05 5.8766E-05 5.6809E-05 0.0000E+00
 0.0000E+00 3.4238E-05 1.6671E-04 1.4570E-04 2.2867E-05 1.5475E-04 1.0264E-04 5.4348E-04 6.2967E-04 6.7980E-04 3.8609E-04 5.3239E-04 1.0906E-03 1.6570E-03 3.9406E-03 9.3275E-03 2.1693E-02 6.9458E-03 1.6650E-03 6.7205E-04 1.0524E-04 8.2453E-05 3.2054E-05 4.8973E-05 0.0000E+00
 0.0000E+00 3.7662E-05 9.1219E-05 1.0253E-04 7.6225E-05 9.6719E-05 1.1405E-04 4.0445E-04 6.4278E-04 6.6621E-04 4.6034E-04 2.8283E-04 5.8291E-04 1.5720E-03 3.5346E-03 8.1816E-03 2.1923E-02 6.3860E-03 2.6255E-03 3.9634E-04 1.3154E-04 9.1614E-06 4.2739E-05 6.2685E-05 0.0000E+00
 0.0000E+00 5.1358E-05 6.6055E-05 1.0793E-04 4.5735E-05 1.0639E-04 1.1405E-04 4.1709E-04 7.2149E-04 5.4384E-04 3.5639E-04 3.3274E-04 8.4615E-04 1.5508E-03 4.4661E-03 9.0077E-03 1.9736E-02 6.2079E-03 1.8571E-03 4.4803E-04 2.6309E-05 2.7484E-05 2.6712E-05 3.9178E-05 0.0000E+00
 0.0000E+00 6.7336E-05 8.4928E-05 1.2412E-04 9.9092E-05 1.2573E-04 1.4826E-04 5.1821E-04 3.6730E-04 3.6709E-04 3.1184E-04 6.3221E-04 7.8974E-04 1.7845E-03 3.0331E-03 8.6346E-03 2.1923E-02 6.5132E-03 1.6863E-03 2.7571E-04 2.6309E-05 6.4130E-05 3.2054E-05 6.6603E-05 0.0000E+00
 0.0000E+00 4.3369E-05 7.5491E-05 5.9360E-05 6.8602E-05 9.6719E-05 9.1237E-05 3.4126E-04 5.1160E-04 5.0305E-04 3.8609E-04 5.1575E-04 6.5812E-04 1.2321E-03 4.2989E-03 8.3681E-03 2.1319E-02 6.8694E-03 1.6223E-03 3.9634E-04 0.0000E+00 4.5807E-05 4.2739E-05 5.6809E-05 0.0000E+00
 0.0000E+00 4.4510E-05 8.8073E-05 1.0793E-04 7.6225E-05 1.3541E-04 1.7107E-04 6.0668E-04 4.4601E-04 7.4778E-04 2.5245E-04 5.1575E-04 4.3248E-04 1.2534E-03 3.9645E-03 8.6879E-03 2.2498E-02 6.5641E-03 1.9638E-03 5.5142E-04 1.1839E-04 4.5807E-05 3.2054E-05 5.4850E-05 0.0000E+00
 0.0000E+00 5.1358E-05 1.0380E-04 1.1872E-04 3.8112E-05 7.7375E-05 1.7107E-04 5.3085E-04 5.6408E-04 5.3025E-04 4.4549E-04 3.8265E-04 6.3932E-04 1.6570E-03 3.0570E-03 9.1410E-03 2.1060E-02 6.5387E-03 1.9211E-03 5.3419E-04 1.1839E-04 1.8323E-05 5.8766E-05 2.9384E-05 0.0000E+00
 0.0000E+00 5.1358E-05 1.0380E-04 8.0945E-05 3.8112E-05 1.5475E-04 1.3686E-04 5.5612E-04 4.4601E-04 8.2936E-04 2.9699E-04 2.6619E-04 7.1453E-04 1.6358E-03 3.9406E-03 7.6219E-03 2.1836E-02 6.1825E-03 2.4761E-03 2.5848E-04 5.2618E-05 2.7484E-05 6.4108E-05 6.6603E-05 0.0000E+00
 0.0000E+00 5.7064E-05 8.1782E-05 9.1738E-05 6.8602E-05 7.7375E-05 1.5966E-04 3.5390E-04 4.8537E-04 5.3025E-04 2.0790E-04 2.8283E-04 6.7692E-04 1.5720E-03 3.0570E-03 7.7818E-03 2.0599E-02 5.7500E-03 1.7077E-03 4.3080E-04 7.8927E-05 3.6646E-05 5.3423E-06 4.3096E-05 0.0000E+00
 0.0000E+00 4.4510E-05 8.1782E-05 1.0793E-04 1.3720E-04 1.3541E-04 7.9832E-05 3.5390E-04 5.2472E-04 5.7103E-04 2.5245E-04 3.4938E-04 5.6410E-04 1.6995E-03 3.4152E-03 8.7412E-03 2.1031E-02 6.3097E-03 1.7290E-03 6.5481E-04 1.0524E-04 1.8323E-05 1.6027E-05 3.7219E-05 0.0000E+00
 0.0000E+00 6.1629E-05 1.2267E-04 3.7774E-05 7.6225E-06 6.7703E-05 1.0264E-04 3.0334E-04 4.7225E-04 5.1665E-04 1.7820E-04 3.8265E-04 5.4530E-04 9.3473E-04 3.4630E-03 9.0610E-03 2.0858E-02 7.3274E-03 1.3021E-03 5.1696E-04 7.8927E-05 1.8323E-05 2.1369E-05 5.8768E-05 0.0000E+00
 0.0000E+00 6.5053E-05 6.6055E-05 8.0945E-05 3.0490E-05 6.7703E-05 1.4826E-04 3.7918E-04 5.5096E-04 4.8946E-04 4.9004E-04 5.9894E-04 8.4615E-04 1.8270E-03 3.1048E-03 8.3948E-03 2.0139E-02 7.4292E-03 1.9638E-03 4.6526E-04 7.8927E-05 5.4969E-05 1.6027E-05 4.5055E-05 0.0000E+00
 0.0000E+00 5.2499E-05 1.0066E-04 4.8567E-05 3.8112E-05 8.7047E-05 5.7023E-05 4.6765E-04 6.0343E-04 6.7980E-04 3.8609E-04 3.8265E-04 7.3333E-04 1.6358E-03 3.0092E-03 7.8085E-03 2.0945E-02 5.9535E-03 1.5369E-03 4.6526E-04 2.6309E-05 6.4130E-05 3.7396E-05 4.7014E-05 0.0000E+00
 0.0000E+00 3.7662E-05 1.0695E-04 5.9360E-05 9.1470E-05 9.6719E-05 1.0264E-04 4.2973E-04 4.9848E-04 6.2542E-04 2.3760E-04 4.4920E-04 5.2650E-04 1.3384E-03 3.5585E-03 8.5014E-03 2.1002E-02 6.2588E-03 2.0065E-03 2.5848E-04 3.9463E-05 0.0000E+00 4.8081E-05 4.5055E-05 0.0000E+00
 0.0000E+00 3.3097E-05 4.4037E-05 2.6982E-05 6.8602E-05 1.2573E-04 6.8428E-05 3.7918E-04 4.1978E-04 5.7103E-04 2.9699E-04 4.1593E-04 2.4444E-04 1.5508E-03 3.6063E-03 8.4481E-03 2.0686E-02 6.2334E-03 1.8998E-03 3.2741E-04 1.1839E-04 3.6646E-05 3.2054E-05 4.8973E-05 0.0000E+00
 0.0000E+00 5.9347E-05 1.0695E-04 5.9360E-05 1.1434E-04 7.7375E-05 1.0264E-04 2.5278E-04 5.3784E-04 5.9823E-04 3.8609E-04 4.8248E-04 6.5812E-04 1.4446E-03 3.3197E-03 8.7945E-03 1.9592E-02 6.2334E-03 1.6650E-03 4.4803E-04 3.9463E-05 9.1614E-06 2.6712E-05 7.2480E-05 0.0000E+00
 0.0000E+00 6.1629E-05 8.8073E-05 9.1738E-05 4.5735E-05 9.6719E-05 7.9832E-05 2.6542E-04 4.8537E-04 7.6138E-04 5.3459E-04 3.9929E-04 6.9573E-04 1.5508E-03 2.9376E-03 8.5280E-03 2.0081E-02 6.1825E-03 1.5155E-03 5.1696E-04 7.8927E-05 9.1614E-06 8.0135E-05 3.1343E-05 0.0000E+00
 0.0000E+00 3.7662E-05 4.4037E-05 5.3963E-05 4.5735E-05 5.8031E-05 6.8428E-05 3.4126E-04 5.5096E-04 6.5261E-04 3.7124E-04 3.4938E-04 4.8889E-04 1.4871E-03 2.5793E-03 7.9151E-03 2.2584E-02 6.2079E-03 1.8998E-03 5.3419E-04 3.9463E-05 3.6646E-05 2.1369E-05 3.9178E-05 0.0000E+00
 0.0000E+00 3.6521E-05 1.0695E-04 5.9360E-05 5.3357E-05 1.9344E-05 1.1405E-04 3.5390E-04 2.3612E-04 5.3025E-04 2.8214E-04 2.4956E-04 5.2650E-04 1.2534E-03 3.2719E-03 6.9290E-03 1.9535E-02 6.3097E-03 1.5582E-03 3.9634E-04 2.6309E-05 1.8323E-05 4.2739E-05 4.3096E-05 0.0000E+00
 0.0000E+00 4.9075E-05 5.9764E-05 4.8567E-05 6.8602E-05 7.7375E-05 1.5966E-04 3.4126E-04 3.1483E-04 7.8857E-04 2.3760E-04 3.6602E-04 3.1966E-04 1.4233E-03 3.2958E-03 7.7818E-03 2.1462E-02 5.7754E-03 2.2413E-03 2.0678E-04 6.5772E-05 2.7484E-05 5.3423E-06 4.8973E-05 0.0000E+00
 0.0000E+00 5.0216E-05 9.1219E-05 7.5549E-05 3.0490E-05 1.3541E-04 1.4826E-04 5.8140E-04 4.0666E-04 4.8946E-04 3.1184E-04 3.1610E-04 6.0171E-04 1.4658E-03 3.3436E-03 8.1816E-03 1.9938E-02 5.7245E-03 2.0278E-03 7.2374E-04 3.9463E-05 0.0000E+00 1.0685E-05 6.0726E-05 0.0000E+00
 0.0000E+00 3.1956E-05 5.6618E-05 8.0945E-05 7.6225E-06 5.8031E-05 1.4826E-04 2.1487E-04 4.7225E-04 6.3901E-04 2.0790E-04 2.3292E-04 7.8974E-04 1.0622E-03 3.0809E-03 7.8618E-03 2.0139E-02 6.0298E-03 1.6650E-03 2.2402E-04 9.2081E-05 2.7484E-05 2.1369E-05 3.9178E-05 0.0000E+00
 0.0000E+00 3.9945E-05 8.4928E-05 7.0152E-05 4.5735E-05 1.4508E-04 1.7107E-04 3.5390E-04 4.9848E-04 5.4384E-04 2.5245E-04 3.3274E-04 4.7009E-04 1.1047E-03 2.6987E-03 8.1016E-03 1.8470E-02 7.3528E-03 1.5155E-03 2.9294E-04 6.5772E-05 3.6646E-05 3.2054E-05 4.5055E-05 0.0000E+00
 0.0000E+00 6.0488E-05 9.1219E-05 7.5549E-05 2.2867E-05 5.8031E-05 2.2809E-05 3.5390E-04 5.7719E-04 5.3025E-04 2.5245E-04 4.6584E-04 6.0171E-04 1.1684E-03 4.0123E-03 8.1016E-03 1.9621E-02 5.6991E-03 1.4728E-03 4.1357E-04 3.9463E-05 9.1614E-06 3.2054E-05 4.3096E-05 0.0000E+00
 0.0000E+00 4.9075E-05 6.6055E-05 8.0945E-05 7.6225E-05 5.8031E-05 1.4826E-04 3.6654E-04 4.3289E-04 3.3990E-04 1.0395E-04 3.8265E-04 7.5214E-04 1.2534E-03 3.6302E-03 7.4354E-03 1.9333E-02 5.4447E-03 1.3875E-03 5.3419E-04 1.8416E-04 5.4969E-05 1.6027E-05 2.9384E-05 0.0000E+00
 0.0000E+00 3.7662E-05 7.8637E-05 4.8567E-05 4.5735E-05 3.8688E-05 2.1669E-04 3.5390E-04 5.2472E-04 5.0305E-04 2.6729E-04 4.1593E-04 3.7607E-04 9.1349E-04 3.4152E-03 6.1295E-03 1.8125E-02 5.9026E-03 1.4728E-03 3.9634E-04 6.5772E-05 2.7484E-05 1.0685E-05 4.1137E-05 0.0000E+00
 0.0000E+00 6.6194E-05 6.6055E-05 9.7134E-05 6.0980E-05 5.8031E-05 1.2545E-04 2.7806E-04 3.6730E-04 4.4867E-04 2.3760E-04 3.3274E-04 4.7009E-04 9.5597E-04 3.2242E-03 7.1955E-03 2.0916E-02 5.3938E-03 1.4515E-03 2.2402E-04 1.1839E-04 9.1614E-06 7.4793E-05 3.5261E-05 0.0000E+00
 0.0000E+00 6.0488E-05 8.1782E-05 7.5549E-05 5.3357E-05 1.1606E-04 7.9832E-05 3.1598E-04 3.8042E-04 4.3507E-04 2.6729E-04 1.1646E-04 3.3846E-04 1.1259E-03 3.2003E-03 7.2755E-03 1.8355E-02 5.1139E-03 1.5155E-03 4.3080E-04 3.9463E-05 4.5807E-05 8.0135E-05 3.9178E-05 0.0000E+00
 0.0000E+00 5.0216E-05 9.4364E-05 9.1738E-05 9.9092E-05 0.0000E+00 6.8428E-05 2.7806E-04 2.7548E-04 5.8463E-04 2.2275E-04 3.6602E-04 5.2650E-04 1.2534E-03 3.0092E-03 7.5420E-03 1.9707E-02 5.2920E-03 1.6009E-03 3.2741E-04 7.8927E-05 3.6646E-05 2.6712E-05 7.0521E-05 0.0000E+00
 0.0000E+00 3.7662E-05 5.3473E-05 9.7134E-05 4.5735E-05 6.7703E-05 1.5966E-04 3.7918E-04 4.4601E-04 3.8069E-04 3.4154E-04 2.4956E-04 5.8291E-04 1.1684E-03 3.0570E-03 8.2882E-03 1.8585E-02 5.3938E-03 1.5369E-03 3.7910E-04 7.8927E-05 3.6646E-05 2.1369E-05 2.9384E-05 0.0000E+00
 0.0000E+00 5.9347E-05 4.0891E-05 5.3963E-05 4.5735E-05 1.2573E-04 1.0264E-04 2.6542E-04 3.2795E-04 4.4867E-04 1.9305E-04 2.6619E-04 5.2650E-04 1.4233E-03 2.1256E-03 7.0623E-03 2.1865E-02 4.9358E-03 1.3448E-03 2.2402E-04 3.9463E-05 5.4969E-05 5.3423E-06 4.8973E-05 0.0000E+00
 0.0000E+00 4.7934E-05 8.8073E-05 1.0793E-04 8.3847E-05 9.6719E-05 7.9832E-05 2.9070E-04 4.7225E-04 6.1182E-04 2.6729E-04 2.8283E-04 5.6410E-04 8.0727E-04 2.7465E-03 8.8212E-03 1.9823E-02 4.4524E-03 1.3448E-03 2.9294E-04 2.6309E-05 4.5807E-05 3.2054E-05 5.6809E-05 0.0000E+00
 0.0000E+00 6.2771E-05 4.7182E-05 7.0152E-05 6.0980E-05 8.7047E-05 4.5618E-05 2.7806E-04 3.9354E-04 4.7586E-04 2.0790E-04 2.8283E-04 3.7607E-04 1.2746E-03 2.8659E-03 7.4887E-03 1.8183E-02 5.6482E-03 1.5796E-03 4.1357E-04 1.3154E-05 0.0000E+00 3.2054E-05 3.7219E-05 0.0000E+00
 0.0000E+00 3.5380E-05 8.8073E-05 6.4756E-05 3.8112E-05 4.8360E-05 7.9832E-05 2.7806E-04 3.0171E-04 4.4867E-04 4.4549E-05 3.9929E-04 3.0085E-04 1.3596E-03 2.8182E-03 7.6219E-03 1.8154E-02 5.6736E-03 1.6436E-03 2.4125E-04 3.9463E-05 1.8323E-05 2.1369E-05 3.7219E-05 0.0000E+00
 0.0000E+00 5.8205E-05 8.4928E-05 5.9360E-05 3.8112E-05 9.6719E-06 2.2809E-05 4.4237E-04 4.3289E-04 5.0305E-04 2.6729E-04 3.1610E-04 4.5128E-04 9.1349E-04 2.6987E-03 6.2894E-03 1.8442E-02 5.2920E-03 1.1527E-03 4.3080E-04 1.0524E-04 3.6646E-05 2.1369E-05 4.7014E-05 0.0000E+00
 0.0000E+00 4.7934E-05 8.8073E-05 7.0152E-05 3.8112E-05 7.7375E-05 5.7023E-05 4.8029E-04 5.1160E-04 5.8463E-04 2.9699E-04 4.4920E-04 5.2650E-04 8.7100E-04 2.5077E-03 8.2615E-03 1.9161E-02 4.1725E-03 1.1527E-03 2.4125E-04 7.8927E-05 1.8323E-05 3.2054E-05 4.5055E-05 0.0000E+00
 0.0000E+00 3.9945E-05 1.1324E-04 7.5549E-05 3.8112E-05 1.5475E-04 1.1405E-04 2.9070E-04 3.6730E-04 5.0305E-04 1.7820E-04 1.9965E-04 4.7009E-04 8.2851E-04 2.5077E-03 7.6486E-03 1.7780E-02 5.1902E-03 1.1954E-03 2.2402E-04 5.2618E-05 9.1614E-06 5.3423E-06 3.3302E-05 0.0000E+00
 0.0000E+00 3.8804E-05 7.8637E-05 1.1872E-04 3.0490E-05 1.0639E-04 1.5966E-04 3.2862E-04 3.6730E-04 4.4867E-04 1.0395E-04 3.3274E-04 3.7607E-04 1.2746E-03 3.3913E-03 7.6752E-03 1.7550E-02 5.5719E-03 1.2167E-03 2.7571E-04 1.3154E-05 9.1614E-06 1.0685E-05 2.5466E-05 0.0000E+00
 0.0000E+00 4.2227E-05 8.1782E-05 9.7134E-05 9.1470E-05 8.7047E-05 3.4214E-05 2.1487E-04 2.7548E-04 3.9428E-04 5.9399E-05 3.8265E-04 5.6410E-04 1.0834E-03 2.7704E-03 6.7691E-03 1.8096E-02 6.1316E-03 1.4942E-03 2.5848E-04 5.2618E-05 1.8323E-05 4.2739E-05 4.7014E-05 0.0000E+00
 0.0000E+00 3.9945E-05 8.8073E-05 8.6341E-05 7.6225E-05 6.7703E-05 6.8428E-05 5.0557E-04 2.7548E-04 3.1271E-04 2.5245E-04 2.8283E-04 3.7607E-04 1.1472E-03 3.2242E-03 7.0356E-03 1.9017E-02 4.3761E-03 1.1313E-03 3.7910E-04 3.9463E-05 1.8323E-05 1.6027E-05 3.5261E-05 0.0000E+00
 0.0000E+00 5.3640E-05 9.7510E-05 5.9360E-05 5.3357E-05 9.6719E-06 7.9832E-05 2.0223E-04 4.0666E-04 2.9911E-04 2.5245E-04 1.3310E-04 4.3248E-04 7.4354E-04 2.8898E-03 5.8097E-03 1.8125E-02 4.7323E-03 1.3875E-03 1.3786E-04 6.5772E-05 0.0000E+00 1.0685E-05 3.7219E-05 0.0000E+00
 0.0000E+00 4.5651E-05 8.1782E-05 7.0152E-05 6.0980E-05 1.1606E-04 1.1405E-04 3.7918E-04 3.6730E-04 3.9428E-04 1.6335E-04 1.1646E-04 2.0684E-04 8.4975E-04 2.3644E-03 6.3427E-03 1.6572E-02 5.3174E-03 1.0673E-03 2.9294E-04 2.6309E-05 1.8323E-05 5.3423E-06 1.9589E-05 0.0000E+00
 0.0000E+00 4.9075E-05 7.5491E-05 7.5549E-05 6.0980E-05 6.7703E-05 5.7023E-05 2.9070E-04 5.2472E-04 6.3901E-04 3.1184E-04 2.8283E-04 3.1966E-04 1.0409E-03 2.2689E-03 7.1689E-03 1.7636E-02 4.9104E-03 1.3448E-03 2.5848E-04 7.8927E-05 1.8323E-05 5.3423E-06 2.5466E-05 0.0000E+00
 0.0000E+00 4.2227E-05 7.5491E-05 1.4030E-04 5.3357E-05 3.8688E-05 6.8428E-05 2.0223E-04 3.0171E-04 5.4384E-04 1.1880E-04 1.6637E-04 5.4530E-04 1.0622E-03 2.1733E-03 7.1955E-03 1.7607E-02 4.9358E-03 1.5155E-03 2.7571E-04 1.0524E-04 3.6646E-05 5.3423E-06 4.3096E-05 0.0000E+00
 0.0000E+00 5.5923E-05 1.0380E-04 7.0152E-05 9.1470E-05 1.0639E-04 6.8428E-05 2.9070E-04 3.4107E-04 3.8069E-04 1.6335E-04 1.8301E-04 4.1367E-04 1.0409E-03 2.3883E-03 6.5559E-03 1.8010E-02 4.5542E-03 1.4088E-03 3.6187E-04 2.6309E-05 4.5807E-05 2.6712E-05 2.1548E-05 0.0000E+00
 0.0000E+00 5.2499E-05 4.0891E-05 6.4756E-05 4.5735E-05 2.9016E-05 5.7023E-05 4.4237E-04 1.3118E-04 3.9428E-04 2.5245E-04 3.1610E-04 4.1367E-04 1.1472E-03 1.7434E-03 7.0356E-03 1.7089E-02 5.0885E-03 9.8190E-04 1.7232E-04 1.3154E-05 0.0000E+00 5.3423E-06 4.5055E-05 0.0000E+00
 0.0000E+00 3.5380E-05 8.8073E-05 4.8567E-05 3.8112E-05 8.7047E-05 5.7023E-05 2.6542E-04 3.0171E-04 3.5350E-04 2.5245E-04 1.8301E-04 4.3248E-04 1.2959E-03 2.6271E-03 6.8224E-03 1.8183E-02 5.4447E-03 7.8979E-04 1.8955E-04 0.0000E+00 9.1614E-06 5.3423E-06 3.5261E-05 0.0000E+00
 0.0000E+00 3.4238E-05 9.1219E-05 5.9360E-05 3.0490E-05 1.0639E-04 3.4214E-05 3.6654E-04 3.0171E-04 3.9428E-04 1.9305E-04 1.3310E-04 1.5043E-04 8.7100E-04 3.0092E-03 7.1156E-03 1.6917E-02 4.7577E-03 1.7077E-03 1.5509E-04 1.8416E-04 1.8323E-05 2.1369E-05 4.5055E-05 0.0000E+00
 0.0000E+00 5.5923E-05 5.9764E-05 1.0253E-04 5.3357E-05 1.1606E-04 6.8428E-05 2.1487E-04 3.2795E-04 4.8946E-04 2.8214E-04 2.3292E-04 3.5726E-04 7.8602E-04 2.9853E-03 6.2095E-03 1.9218E-02 4.7577E-03 1.3661E-03 2.0678E-04 3.9463E-05 9.1614E-06 1.0685E-05 5.8768E-05 0.0000E+00
 0.0000E+00 4.7934E-05 5.9764E-05 4.3171E-05 7.6225E-06 7.7375E-05 2.2809E-05 3.4126E-04 2.8860E-04 4.6227E-04 1.7820E-04 1.6637E-04 2.2564E-04 9.9846E-04 2.2211E-03 6.6092E-03 1.7406E-02 4.3761E-03 1.3661E-03 2.9294E-04 1.0524E-04 4.5807E-05 2.6712E-05 2.1548E-05 0.0000E+00
 0.0000E+00 4.6793E-05 1.0695E-04 1.2951E-04 2.2867E-05 5.8031E-05 6.8428E-05 4.0445E-04 2.0989E-04 4.4867E-04 1.9305E-04 2.3292E-04 3.1966E-04 1.0409E-03 2.4599E-03 6.1828E-03 1.7061E-02 4.9104E-03 1.0032E-03 3.2741E-04 3.9463E-05 2.7484E-05 1.0685E-05 4.1137E-05 0.0000E+00
 0.0000E+00 4.7934E-05 8.8073E-05 5.9360E-05 6.8602E-05 8.7047E-05 4.5618E-05 3.2862E-04 3.9354E-04 4.3507E-04 2.2275E-04 3.6602E-04 3.9487E-04 6.1607E-04 2.1017E-03 6.9024E-03 1.6082E-02 3.7655E-03 1.0246E-03 2.7571E-04 1.3154E-05 4.5807E-05 2.6712E-05 6.4644E-05 0.0000E+00
 0.0000E+00 3.9945E-05 1.0380E-04 9.1738E-05 1.5245E-05 9.6719E-06 4.5618E-05 3.5390E-04 3.2795E-04 2.8552E-04 1.7820E-04 2.4956E-04 2.8205E-04 7.4354E-04 2.1972E-03 5.8097E-03 1.8470E-02 4.2234E-03 1.0032E-03 2.7571E-04 5.2618E-05 2.7484E-05 4.2739E-05 4.8973E-05 0.0000E+00
 0.0000E+00 4.1086E-05 9.1219E-05 4.8567E-05 1.5245E-05 9.6719E-05 3.4214E-05 3.1598E-04 1.1806E-04 5.1665E-04 2.0790E-04 5.1575E-04 2.6325E-04 9.9846E-04 2.3166E-03 5.9696E-03 1.6974E-02 4.8849E-03 1.2167E-03 3.2741E-04 1.1839E-04 3.6646E-05 3.7396E-05 3.3302E-05 0.0000E+00
 0.0000E+00 3.8804E-05 5.0328E-05 4.3171E-05 3.0490E-05 1.5475E-04 3.4214E-05 1.5167E-04 3.0171E-04 3.2630E-04 1.3365E-04 6.6548E-05 4.7009E-04 6.7980E-04 1.7912E-03 6.2628E-03 1.6226E-02 4.4270E-03 1.0886E-03 1.7232E-04 0.0000E+00 1.8323E-05 2.6712E-05 3.9178E-05 0.0000E+00
 0.0000E+00 4.4510E-05 9.1219E-05 4.3171E-05 1.5245E-05 5.8031E-05 5.7023E-05 4.2973E-04 2.6236E-04 3.8069E-04 1.0395E-04 1.6637E-04 6.9573E-04 8.9224E-04 2.4360E-03 6.5293E-03 1.5593E-02 4.1471E-03 7.2575E-04 1.2062E-04 7.8927E-05 3.6646E-05 2.6712E-05 3.7219E-05 0.0000E+00
 0.0000E+00 4.2227E-05 6.9200E-05 5.3963E-05 3.0490E-05 5.8031E-05 3.4214E-05 3.2862E-04 2.2301E-04 3.2630E-04 1.7820E-04 2.1628E-04 4.8889E-04 9.5597E-04 2.2689E-03 5.6498E-03 1.5449E-02 4.1980E-03 1.1954E-03 2.2402E-04 1.3154E-05 3.6646E-05 6.4108E-05 4.8973E-05 0.0000E+00
 0.0000E+00 3.3097E-05 7.5491E-05 8.0945E-05 4.5735E-05 1.0639E-04 6.8428E-05 1.0111E-04 2.2301E-04 4.0788E-04 1.3365E-04 1.8301E-04 3.1966E-04 7.6478E-04 2.2450E-03 5.8630E-03 1.6946E-02 4.4015E-03 1.0673E-03 2.5848E-04 3.9463E-05 7.3291E-05 3.7396E-05 2.7425E-05 0.0000E+00
 0.0000E+00 3.9945E-05 7.5491E-05 7.5549E-05 2.2867E-05 1.0639E-04 4.5618E-05 3.4126E-04 3.6730E-04 3.1271E-04 1.3365E-04 4.8248E-04 3.3846E-04 6.7980E-04 2.0778E-03 5.8097E-03 1.6543E-02 3.9181E-03 1.2807E-03 1.8955E-04 3.9463E-05 1.8323E-05 3.7396E-05 1.7630E-05 0.0000E+00
 0.0000E+00 4.5651E-05 1.0380E-04 7.0152E-05 6.0980E-05 1.0639E-04 3.4214E-05 2.1487E-04 3.1483E-04 2.9911E-04 1.3365E-04 2.8283E-04 5.2650E-04 8.7100E-04 2.4838E-03 6.2095E-03 1.5996E-02 3.5874E-03 1.3448E-03 8.6160E-05 9.2081E-05 9.1614E-06 1.0685E-05 3.3302E-05 0.0000E+00
 0.0000E+00 4.3369E-05 9.4364E-05 7.5549E-05 2.2867E-05 3.8688E-05 5.7023E-05 3.9181E-04 3.5419E-04 4.2148E-04 1.1880E-04 3.4938E-04 5.4530E-04 7.6478E-04 2.3166E-03 5.4100E-03 1.6658E-02 3.5110E-03 1.1100E-03 1.3786E-04 2.6309E-05 1.8323E-05 0.0000E+00 6.8562E-05 0.0000E+00
 0.0000E+00 2.8532E-05 5.9764E-05 3.7774E-05 4.5735E-05 4.8360E-05 3.4214E-05 3.9181E-04 4.1978E-04 3.3990E-04 2.3760E-04 2.1628E-04 3.1966E-04 7.2229E-04 2.4360E-03 5.0369E-03 1.6025E-02 4.2998E-03 8.5383E-04 2.9294E-04 1.0524E-04 6.4130E-05 4.2739E-05 4.3096E-05 0.0000E+00
 0.0000E+00 3.7662E-05 5.6618E-05 9.1738E-05 3.0490E-05 9.6719E-05 1.0264E-04 2.1487E-04 3.0171E-04 3.1271E-04 1.1880E-04 1.4973E-04 3.9487E-04 7.6478E-04 2.4122E-03 5.4899E-03 1.4730E-02 4.0962E-03 7.4710E-04 2.7571E-04 2.6309E-05 5.4969E-05 1.6027E-05 4.7014E-05 0.0000E+00
 0.0000E+00 2.9673E-05 5.6618E-05 4.8567E-05 7.6225E-06 5.8031E-05 9.1237E-05 3.9181E-04 3.6730E-04 3.1271E-04 2.0790E-04 2.4956E-04 3.1966E-04 4.6736E-04 1.4091E-03 6.6359E-03 1.5795E-02 4.6051E-03 6.6172E-04 2.4125E-04 1.3154E-05 9.1614E-06 2.1369E-05 5.2891E-05 0.0000E+00
 0.0000E+00 3.6521E-05 2.8309E-05 8.6341E-05 4.5735E-05 6.7703E-05 3.4214E-05 1.8959E-04 3.2795E-04 2.8552E-04 1.3365E-04 3.4938E-04 2.4444E-04 5.0985E-04 1.9823E-03 5.8364E-03 1.4903E-02 4.3252E-03 1.0459E-03 3.7910E-04 6.5772E-05 0.0000E+00 2.1369E-05 4.5055E-05 0.0000E+00
 0.0000E+00 3.7662E-05 7.5491E-05 1.0793E-04 3.8112E-05 8.7047E-05 5.7023E-05 3.4126E-04 2.4924E-04 1.7675E-04 1.0395E-04 1.9965E-04 2.8205E-04 7.0105E-04 2.0539E-03 5.5432E-03 1.5795E-02 4.4015E-03 7.2575E-04 1.0339E-04 3.9463E-05 0.0000E+00 5.3423E-06 2.3507E-05 0.0000E+00
 0.0000E+00 5.0216E-05 6.6055E-05 7.0152E-05 5.3357E-05 6.7703E-05 2.2809E-05 2.5278E-04 3.4107E-04 3.5350E-04 2.0790E-04 1.6637E-04 3.3846E-04 5.7358E-04 2.5077E-03 5.8097E-03 1.6687E-02 3.4093E-03 9.3921E-04 1.5509E-04 0.0000E+00 3.6646E-05 2.6712E-05 3.7219E-05 0.0000E+00
 0.0000E+00 5.4782E-05 5.0328E-05 7.0152E-05 3.0490E-05 9.6719E-05 5.7023E-05 3.9181E-04 2.8860E-04 4.2148E-04 2.9699E-04 1.4973E-04 3.0085E-04 9.5597E-04 2.2211E-03 5.7831E-03 1.5306E-02 3.9944E-03 9.1786E-04 1.0339E-04 2.6309E-05 1.8323E-05 5.3423E-06 2.7425E-05 0.0000E+00
 0.0000E+00 3.8804E-05 5.0328E-05 1.6189E-05 3.8112E-05 5.8031E-05 1.1405E-05 2.2751E-04 3.9354E-04 3.1271E-04 1.7820E-04 2.4956E-04 3.1966E-04 8.0727E-04 2.3166E-03 6.7691E-03 1.7003E-02 3.9181E-03 9.1786E-04 3.2741E-04 0.0000E+00 9.1614E-06 4.8081E-05 2.1548E-05 0.0000E+00
 0.0000E+00 4.1086E-05 6.9200E-05 4.8567E-05 2.2867E-05 3.8688E-05 4.5618E-05 1.5167E-04 1.7053E-04 3.3990E-04 7.4249E-05 1.3310E-04 1.3162E-04 7.6478E-04 1.9106E-03 5.0635E-03 1.5536E-02 3.3838E-03 8.5383E-04 1.0339E-04 1.3154E-05 1.8323E-05 2.1369E-05 2.3507E-05 0.0000E+00
 0.0000E+00 2.6250E-05 1.0066E-04 4.3171E-05 3.8112E-05 9.6719E-05 6.8428E-05 4.2973E-04 3.0171E-04 2.0394E-04 1.6335E-04 9.9823E-05 3.1966E-04 9.1349E-04 1.8867E-03 5.4633E-03 1.6399E-02 4.5796E-03 9.6055E-04 2.5848E-04 5.2618E-05 2.7484E-05 1.0685E-05 3.5261E-05 0.0000E+00
 0.0000E+00 3.9945E-05 7.2346E-05 3.2378E-05 7.6225E-06 7.7375E-05 1.0264E-04 2.2751E-04 2.4924E-04 2.8552E-04 1.6335E-04 1.8301E-04 3.3846E-04 7.2229E-04 2.2689E-03 5.0635E-03 1.6169E-02 3.8927E-03 1.0673E-03 3.7910E-04 6.5772E-05 0.0000E+00 2.6712E-05 6.2685E-05 0.0000E+00
 0.0000E+00 3.6521E-05 8.4928E-05 9.1738E-05 7.6225E-06 2.9016E-05 3.4214E-05 2.7806E-04 3.6730E-04 3.5350E-04 4.0094E-04 8.3185E-05 3.0085E-04 5.5234E-04 2.2689E-03 4.8503E-03 1.6514E-02 4.0199E-03 1.2167E-03 8.6160E-05 2.6309E-05 9.1614E-06 2.1369E-05 4.1137E-05 0.0000E+00
 0.0000E+00 5.0216E-05 5.6618E-05 4.8567E-05 0.0000E+00 5.8031E-05 7.9832E-05 1.3903E-04 2.3612E-04 4.7586E-04 1.3365E-04 3.4938E-04 1.8803E-04 4.6736E-04 2.2927E-03 5.2234E-03 1.5507E-02 3.6637E-03 6.1902E-04 3.4464E-05 3.9463E-05 3.6646E-05 0.0000E+00 2.5466E-05 0.0000E+00
 0.0000E+00 4.2227E-05 6.9200E-05 2.1585E-05 1.5245E-05 4.8360E-05 4.5618E-05 1.3903E-04 1.8365E-04 2.7192E-04 1.1880E-04 1.9965E-04 1.3162E-04 5.5234E-04 1.2897E-03 4.7171E-03 1.8700E-02 4.0708E-03 1.3234E-03 2.9294E-04 3.9463E-05 2.7484E-05 1.0685E-05 3.9178E-05 0.0000E+00
 0.0000E+00 2.8532E-05 7.5491E-05 3.2378E-05 4.5735E-05 3.8688E-05 1.0264E-04 2.4014E-04 2.7548E-04 3.3990E-04 4.1579E-04 1.4973E-04 1.3162E-04 4.4612E-04 1.6957E-03 5.0902E-03 1.5421E-02 3.9436E-03 1.3875E-03 2.9294E-04 0.0000E+00 0.0000E+00 1.6027E-05 4.8973E-05 0.0000E+00
 0.0000E+00 4.7934E-05 5.0328E-05 7.5549E-05 8.3847E-05 8.7047E-05 1.1405E-05 1.2639E-04 1.8365E-04 3.8069E-04 1.4850E-04 1.1646E-04 3.1966E-04 8.7100E-04 1.6479E-03 4.6371E-03 1.5306E-02 3.8672E-03 1.1313E-03 1.5509E-04 5.2618E-05 6.4130E-05 5.3423E-06 4.1137E-05 0.0000E+00
 0.0000E+00 2.5108E-05 4.7182E-05 3.7774E-05 1.5245E-05 2.9016E-05 5.7023E-05 1.7695E-04 3.0171E-04 2.9911E-04 4.4549E-05 2.8283E-04 2.6325E-04 7.4354E-04 1.6957E-03 5.3567E-03 1.5939E-02 3.5365E-03 8.9652E-04 1.5509E-04 5.2618E-05 2.7484E-05 2.6712E-05 5.0932E-05 0.0000E+00
 0.0000E+00 2.5108E-05 6.6055E-05 6.4756E-05 3.8112E-05 2.9016E-05 1.3686E-04 1.3903E-04 1.3118E-04 3.8069E-04 7.4249E-05 6.6548E-05 2.0684E-04 5.9483E-04 1.8390E-03 4.7171E-03 1.4097E-02 4.0708E-03 7.8979E-04 1.2062E-04 1.3154E-05 1.8323E-05 5.3423E-06 2.5466E-05 0.0000E+00
 0.0000E+00 3.1956E-05 6.6055E-05 6.4756E-05 2.2867E-05 5.8031E-05 3.4214E-05 2.4014E-04 3.8042E-04 2.8552E-04 1.1880E-04 9.9823E-05 4.3248E-04 1.1259E-03 1.9584E-03 4.4772E-03 1.4270E-02 4.1980E-03 7.0441E-04 1.7232E-04 5.2618E-05 0.0000E+00 1.6027E-05 3.7219E-05 0.0000E+00
 0.0000E+00 4.9075E-05 4.7182E-05 4.3171E-05 2.2867E-05 2.9016E-05 1.3686E-04 3.5390E-04 2.2301E-04 1.9034E-04 2.8214E-04 1.1646E-04 1.8803E-04 6.1607E-04 1.8629E-03 5.3300E-03 1.6313E-02 3.7400E-03 6.6172E-04 2.2402E-04 1.3154E-05 9.1614E-06 1.6027E-05 2.1548E-05 0.0000E+00
 0.0000E+00 2.8532E-05 1.0380E-04 5.3963E-05 2.2867E-05 4.8360E-05 1.1405E-05 1.6431E-04 2.2301E-04 1.9034E-04 1.1880E-04 1.1646E-04 2.2564E-04 7.8602E-04 2.1733E-03 5.0902E-03 1.5392E-02 3.4347E-03 6.6172E-04 1.0339E-04 3.9463E-05 1.8323E-05 1.6027E-05 2.1548E-05 0.0000E+00
 0.0000E+00 3.6521E-05 4.4037E-05 4.3171E-05 6.0980E-05 9.6719E-05 6.8428E-05 2.2751E-04 2.2301E-04 4.2148E-04 1.0395E-04 6.6548E-05 3.0085E-04 5.7358E-04 1.6718E-03 5.3300E-03 1.5219E-02 3.4602E-03 9.8190E-04 1.2062E-04 3.9463E-05 9.1614E-06 1.0685E-05 2.5466E-05 0.0000E+00
 0.0000E+00 4.6793E-05 6.9200E-05 5.9360E-05 3.8112E-05 6.7703E-05 1.1405E-05 1.6431E-04 2.0989E-04 2.3113E-04 8.9098E-05 1.6637E-04 1.8803E-04 6.5856E-04 1.6957E-03 4.8770E-03 1.4212E-02 3.9181E-03 7.2575E-04 1.3786E-04 7.8927E-05 9.1614E-06 5.3423E-06 3.5261E-05 0.0000E+00
 0.0000E+00 3.6521E-05 5.0328E-05 8.0945E-05 2.2867E-05 5.8031E-05 3.4214E-05 1.7695E-04 2.0989E-04 1.6315E-04 8.9098E-05 1.4973E-04 1.6923E-04 8.2851E-04 1.6479E-03 5.4366E-03 1.3695E-02 3.3329E-03 8.1113E-04 1.2062E-04 1.3154E-05 9.1614E-06 1.6027E-05 3.1343E-05 0.0000E+00
 0.0000E+00 5.9347E-05 7.5491E-05 4.8567E-05 3.8112E-05 3.8688E-05 5.7023E-05 1.7695E-04 1.7053E-04 3.2630E-04 4.4549E-05 2.6619E-04 3.3846E-04 3.6115E-04 1.6718E-03 5.6232E-03 1.5363E-02 3.7909E-03 6.4037E-04 1.0339E-04 2.6309E-05 6.4130E-05 5.3423E-06 3.5261E-05 0.0000E+00
 0.0000E+00 3.1956E-05 7.8637E-05 6.4756E-05 2.2867E-05 3.8688E-05 4.5618E-05 3.5390E-04 1.5742E-04 2.0394E-04 1.3365E-04 8.3185E-05 1.8803E-04 8.7100E-04 1.5046E-03 4.9836E-03 1.5507E-02 3.4856E-03 8.7517E-04 2.0678E-04 1.3154E-05 9.1614E-06 2.1369E-05 2.5466E-05 0.0000E+00
 0.0000E+00 3.0815E-05 4.0891E-05 4.8567E-05 0.0000E+00 3.8688E-05 5.7023E-05 2.0223E-04 2.8860E-04 2.5832E-04 5.9399E-05 2.4956E-04 1.6923E-04 5.0985E-04 1.9584E-03 5.2501E-03 1.5939E-02 3.4093E-03 7.8979E-04 1.0339E-04 2.6309E-05 9.1614E-06 1.6027E-05 3.3302E-05 0.0000E+00
 0.0000E+00 4.6793E-05 6.9200E-05 2.6982E-05 2.2867E-05 7.7375E-05 4.5618E-05 2.4014E-04 1.9677E-04 1.6315E-04 1.0395E-04 9.9823E-05 1.6923E-04 4.0363E-04 1.7196E-03 4.9569E-03 1.4644E-02 3.4347E-03 6.4037E-04 1.5509E-04 3.9463E-05 0.0000E+00 1.6027E-05 2.9384E-05 0.0000E+00
 0.0000E+00 3.5380E-05 4.0891E-05 1.0253E-04 3.0490E-05 5.8031E-05 5.7023E-05 2.7806E-04 2.2301E-04 2.4473E-04 1.0395E-04 1.1646E-04 2.8205E-04 4.8861E-04 1.6001E-03 4.2907E-03 1.5622E-02 3.1803E-03 7.2575E-04 2.2402E-04 1.3154E-05 4.5807E-05 5.3423E-06 4.1137E-05 0.0000E+00
 0.0000E+00 3.5380E-05 6.9200E-05 4.8567E-05 7.6225E-06 9.6719E-06 2.2809E-05 1.5167E-04 1.8365E-04 4.2148E-04 1.0395E-04 1.1646E-04 1.8803E-04 5.3110E-04 1.3374E-03 4.2640E-03 1.4673E-02 3.5110E-03 8.9652E-04 3.1018E-04 0.0000E+00 1.8323E-05 3.2054E-05 3.3302E-05 0.0000E+00
 0.0000E+00 2.8532E-05 5.6618E-05 3.2378E-05 2.2867E-05 5.8031E-05 0.0000E+00 1.7695E-04 1.9677E-04 2.4473E-04 1.0395E-04 2.9947E-04 2.6325E-04 5.0985E-04 1.7196E-03 4.1308E-03 1.4212E-02 3.2057E-03 8.3248E-04 2.4125E-04 2.6309E-05 0.0000E+00 2.1369E-05 3.1343E-05 0.0000E+00
 0.0000E+00 3.9945E-05 6.6055E-05 4.8567E-05 6.0980E-05 3.8688E-05 1.1405E-04 2.4014E-04 1.5742E-04 2.4473E-04 1.4850E-04 3.1610E-04 1.3162E-04 1.0409E-03 1.5524E-03 4.9569E-03 1.5047E-02 3.0276E-03 8.1113E-04 6.8928E-05 1.3154E-05 9.1614E-06 1.0685E-05 4.7014E-05 0.0000E+00
 0.0000E+00 3.7662E-05 6.2909E-05 7.5549E-05 2.2867E-05 2.9016E-05 4.5618E-05 1.5167E-04 3.0171E-04 3.2630E-04 1.0395E-04 9.9823E-05 3.3846E-04 4.6736E-04 1.6957E-03 4.1574E-03 1.4443E-02 2.8495E-03 8.1113E-04 1.7232E-04 2.6309E-05 2.7484E-05 5.3423E-06 3.9178E-05 0.0000E+00
 0.0000E+00 2.9673E-05 1.0066E-04 7.5549E-05 1.5245E-05 4.8360E-05 4.5618E-05 2.4014E-04 3.1483E-04 2.4473E-04 1.0395E-04 9.9823E-05 3.5726E-04 4.4612E-04 1.7673E-03 4.3973E-03 1.4529E-02 3.5874E-03 6.4037E-04 8.6160E-05 0.0000E+00 4.5807E-05 1.0685E-05 3.1343E-05 0.0000E+00
 0.0000E+00 4.1086E-05 5.3473E-05 8.6341E-05 1.5245E-05 2.9016E-05 3.4214E-05 1.5167E-04 1.5742E-04 2.4473E-04 1.4850E-04 1.1646E-04 1.3162E-04 4.6736E-04 1.5763E-03 4.6105E-03 1.3320E-02 3.1803E-03 9.3921E-04 2.0678E-04 6.5772E-05 9.1614E-06 5.3423E-06 4.1137E-05 0.0000E+00
 0.0000E+00 4.7934E-05 6.2909E-05 2.1585E-05 4.5735E-05 8.7047E-05 1.2545E-04 1.6431E-04 1.9677E-04 2.8552E-04 1.7820E-04 1.4973E-04 2.0684E-04 5.9483E-04 1.1941E-03 3.8643E-03 1.4270E-02 3.1803E-03 9.6055E-04 1.3786E-04 1.3154E-05 9.1614E-06 5.3423E-06 4.1137E-05 0.0000E+00
 0.0000E+00 4.1086E-05 7.5491E-05 4.8567E-05 5.3357E-05 9.6719E-05 6.8428E-05 1.6431E-04 2.8860E-04 2.7192E-04 7.4249E-05 1.4973E-04 2.8205E-04 5.0985E-04 1.6479E-03 5.1435E-03 1.4270E-02 3.7909E-03 6.1902E-04 6.8928E-05 2.6309E-05 2.7484E-05 0.0000E+00 3.1343E-05 0.0000E+00
 0.0000E+00 2.3967E-05 4.4037E-05 3.7774E-05 3.8112E-05 2.9016E-05 0.0000E+00 7.5835E-05 1.3118E-04 2.3113E-04 4.4549E-05 9.9823E-05 3.0085E-04 3.3990E-04 1.4568E-03 4.7437E-03 1.2774E-02 3.6637E-03 6.1902E-04 1.5509E-04 1.3154E-05 2.7484E-05 1.6027E-05 3.5261E-05 0.0000E+00
 0.0000E+00 2.9673E-05 8.1782E-05 5.3963E-05 2.2867E-05 2.9016E-05 5.7023E-05 1.6431E-04 1.8365E-04 3.1271E-04 2.6729E-04 1.1646E-04 9.4017E-05 4.2488E-04 1.8629E-03 4.6105E-03 1.4327E-02 3.3584E-03 8.3248E-04 1.5509E-04 6.5772E-05 9.1614E-06 1.0685E-05 3.3302E-05 0.0000E+00
 0.0000E+00 4.2227E-05 4.4037E-05 3.2378E-05 3.0490E-05 8.7047E-05 0.0000E+00 2.2751E-04 1.1806E-04 2.7192E-04 1.0395E-04 6.6548E-05 1.6923E-04 5.3110E-04 1.5763E-03 4.6371E-03 1.3781E-02 2.9259E-03 7.2575E-04 3.4464E-05 2.6309E-05 0.0000E+00 1.0685E-05 2.9384E-05 0.0000E+00
 0.0000E+00 3.7662E-05 6.2909E-05 4.3171E-05 0.0000E+00 1.9344E-05 3.4214E-05 1.3903E-04 1.4430E-04 2.8552E-04 1.4850E-04 8.3185E-05 2.6325E-04 4.0363E-04 2.0061E-03 4.1308E-03 1.4730E-02 3.0276E-03 6.4037E-04 1.5509E-04 2.6309E-05 9.1614E-06 5.3423E-06 2.9384E-05 0.0000E+00
 0.0000E+00 4.2227E-05 5.0328E-05 5.9360E-05 4.5735E-05 6.7703E-05 7.9832E-05 1.3903E-04 1.5742E-04 2.3113E-04 7.4249E-05 1.6637E-04 2.0684E-04 4.8861E-04 1.5763E-03 4.6105E-03 1.3953E-02 2.7987E-03 6.4037E-04 1.8955E-04 1.3154E-05 1.8323E-05 1.6027E-05 3.5261E-05 0.0000E+00
 0.0000E+00 3.9945E-05 5.0328E-05 2.1585E-05 0.0000E+00 6.7703E-05 1.1405E-05 1.6431E-04 1.5742E-04 1.6315E-04 1.4850E-04 9.9823E-05 3.9487E-04 6.7980E-04 1.6718E-03 4.4506E-03 1.2256E-02 3.3838E-03 3.2018E-04 1.0339E-04 1.3154E-05 9.1614E-06 1.0685E-05 3.1343E-05 0.0000E+00
 0.0000E+00 3.0815E-05 5.9764E-05 6.4756E-05 2.2867E-05 7.7375E-05 0.0000E+00 3.2862E-04 2.4924E-04 2.0394E-04 1.0395E-04 8.3185E-05 1.1282E-04 5.7358E-04 1.2419E-03 4.2374E-03 1.2659E-02 3.0022E-03 8.7517E-04 1.3786E-04 3.9463E-05 1.8323E-05 5.3423E-06 3.7219E-05 0.0000E+00
 0.0000E+00 3.3097E-05 7.5491E-05 4.8567E-05 7.6225E-06 1.9344E-05 5.7023E-05 2.4014E-04 1.8365E-04 3.3990E-04 1.3365E-04 2.1628E-04 1.8803E-04 7.2229E-04 1.6001E-03 4.5838E-03 1.4126E-02 2.7223E-03 5.1230E-04 1.0339E-04 1.3154E-05 2.7484E-05 2.6712E-05 3.3302E-05 0.0000E+00
 0.0000E+00 3.8804E-05 5.6618E-05 5.9360E-05 6.0980E-05 1.9344E-05 5.7023E-05 1.8959E-04 1.5742E-04 1.6315E-04 1.4850E-04 1.6637E-04 2.0684E-04 4.8861E-04 1.9584E-03 3.7843E-03 1.4097E-02 2.9513E-03 6.4037E-04 6.8928E-05 0.0000E+00 2.7484E-05 1.6027E-05 3.1343E-05 0.0000E+00
 0.0000E+00 2.8532E-05 5.0328E-05 5.9360E-05 4.5735E-05 8.7047E-05 4.5618E-05 1.8959E-04 1.8365E-04 2.3113E-04 5.9399E-05 1.1646E-04 2.2564E-04 3.8239E-04 1.5285E-03 3.8909E-03 1.2198E-02 2.9004E-03 4.6960E-04 8.6160E-05 1.3154E-05 9.1614E-06 2.1369E-05 1.9589E-05 0.0000E+00
 0.0000E+00 4.6793E-05 4.4037E-05 4.3171E-05 7.6225E-05 3.8688E-05 4.5618E-05 1.3903E-04 2.0989E-04 1.6315E-04 1.3365E-04 1.6637E-04 2.0684E-04 5.0985E-04 1.9345E-03 4.1041E-03 1.3637E-02 2.9004E-03 6.4037E-04 2.2402E-04 1.3154E-05 0.0000E+00 1.0685E-05 1.5671E-05 0.0000E+00
 0.0000E+00 3.8804E-05 3.4600E-05 1.6189E-05 0.0000E+00 0.0000E+00 6.8428E-05 3.1598E-04 1.4430E-04 1.4956E-04 8.9098E-05 9.9823E-05 1.8803E-04 4.2488E-04 1.6479E-03 4.2107E-03 1.3522E-02 2.5697E-03 3.6288E-04 1.3786E-04 3.9463E-05 1.8323E-05 5.3423E-06 2.5466E-05 0.0000E+00
 0.0000E+00 3.4238E-05 6.2909E-05 2.6982E-05 1.5245E-05 6.7703E-05 0.0000E+00 1.0111E-04 1.8365E-04 2.0394E-04 1.1880E-04 1.6637E-04 9.4017E-05 5.7358E-04 1.2180E-03 4.2907E-03 1.3407E-02 2.9259E-03 8.5383E-04 1.7232E-04 0.0000E+00 0.0000E+00 1.0685E-05 3.7219E-05 0.0000E+00
 0.0000E+00 1.9402E-05 5.6618E-05 3.2378E-05 0.0000E+00 4.8360E-05 1.1405E-05 2.6542E-04 2.6236E-04 2.4473E-04 1.6335E-04 1.6637E-04 1.1282E-04 6.1607E-04 1.3135E-03 3.6777E-03 1.3234E-02 3.5110E-03 8.7517E-04 1.7232E-04 1.3154E-05 9.1614E-06 2.1369E-05 3.9178E-05 0.0000E+00
 0.0000E+00 2.9673E-05 4.4037E-05 2.1585E-05 1.5245E-05 9.6719E-06 5.7023E-05 1.8959E-04 1.5742E-04 2.4473E-04 1.6335E-04 9.9823E-05 7.5214E-05 7.2229E-04 1.3852E-03 5.0902E-03 1.1307E-02 2.8241E-03 7.4710E-04 1.2062E-04 1.3154E-05 2.7484E-05 2.1369E-05 9.7946E-06 0.0000E+00
 0.0000E+00 4.6793E-05 5.6618E-05 4.8567E-05 1.5245E-05 2.9016E-05 4.5618E-05 1.2639E-04 1.9677E-04 1.2236E-04 2.9699E-05 0.0000E+00 2.2564E-04 4.0363E-04 9.7919E-04 4.1574E-03 1.4644E-02 2.1626E-03 5.3364E-04 1.2062E-04 2.6309E-05 3.6646E-05 1.6027E-05 1.7630E-05 0.0000E+00
 0.0000E+00 5.2499E-05 4.4037E-05 4.8567E-05 2.2867E-05 1.9344E-05 6.8428E-05 1.2639E-04 3.4107E-04 1.9034E-04 8.9098E-05 1.6637E-04 9.4017E-05 5.3110E-04 1.3135E-03 3.0914E-03 1.2889E-02 2.7987E-03 7.4710E-04 8.6160E-05 6.5772E-05 1.8323E-05 1.0685E-05 2.7425E-05 0.0000E+00
 0.0000E+00 3.6521E-05 9.1219E-05 2.6982E-05 7.6225E-06 2.9016E-05 2.2809E-05 8.8474E-05 9.1826E-05 2.4473E-04 1.0395E-04 1.1646E-04 1.8803E-04 4.6736E-04 1.1464E-03 3.8909E-03 1.2141E-02 2.2135E-03 7.2575E-04 1.7232E-04 1.3154E-05 9.1614E-06 5.3423E-06 3.3302E-05 0.0000E+00
 0.0000E+00 1.7119E-05 7.5491E-05 4.8567E-05 7.6225E-06 6.7703E-05 0.0000E+00 2.9070E-04 1.1806E-04 2.1754E-04 2.9699E-05 4.9911E-05 1.1282E-04 5.3110E-04 1.0031E-03 4.4506E-03 1.2486E-02 2.4933E-03 5.1230E-04 2.7571E-04 2.6309E-05 9.1614E-06 1.6027E-05 3.7219E-05 0.0000E+00
 0.0000E+00 3.5380E-05 6.9200E-05 2.6982E-05 3.0490E-05 2.9016E-05 3.4214E-05 1.8959E-04 1.8365E-04 1.2236E-04 4.4549E-05 6.6548E-05 1.3162E-04 3.1866E-04 1.6001E-03 3.5445E-03 1.2544E-02 2.5442E-03 3.8422E-04 2.5848E-04 5.2618E-05 0.0000E+00 1.6027E-05 4.8973E-05 0.0000E+00
 0.0000E+00 2.9673E-05 4.4037E-05 4.8567E-05 3.0490E-05 2.9016E-05 2.2809E-05 1.1375E-04 2.3612E-04 2.5832E-04 7.4249E-05 1.4973E-04 1.6923E-04 4.6736E-04 1.2658E-03 4.1841E-03 1.2371E-02 2.8495E-03 8.1113E-04 3.4464E-05 1.3154E-05 9.1614E-06 1.6027E-05 3.9178E-05 0.0000E+00
 0.0000E+00 2.7391E-05 1.2582E-04 3.7774E-05 2.2867E-05 4.8360E-05 1.1405E-05 1.2639E-04 7.8708E-05 2.0394E-04 2.9699E-05 1.1646E-04 1.8803E-04 3.3990E-04 1.3135E-03 4.4772E-03 1.2429E-02 2.5442E-03 3.6288E-04 2.0678E-04 0.0000E+00 9.1614E-06 1.6027E-05 3.9178E-05 0.0000E+00
 0.0000E+00 3.9945E-05 4.0891E-05 5.3963E-05 7.6225E-06 1.9344E-05 5.7023E-05 1.1375E-04 1.4430E-04 2.4473E-04 8.9098E-05 3.3274E-05 2.4444E-04 2.9741E-04 1.5763E-03 3.8376E-03 1.1767E-02 2.9259E-03 3.8422E-04 1.2062E-04 0.0000E+00 0.0000E+00 5.3423E-06 2.1548E-05 0.0000E+00
 0.0000E+00 3.4238E-05 5.6618E-05 3.7774E-05 0.0000E+00 2.9016E-05 2.2809E-05 1.5167E-04 2.0989E-04 9.5172E-05 1.1880E-04 8.3185E-05 2.2564E-04 6.1607E-04 1.0508E-03 4.1574E-03 1.2371E-02 2.5697E-03 4.6960E-04 6.8928E-05 0.0000E+00 9.1614E-06 1.6027E-05 3.5261E-05 0.0000E+00
 0.0000E+00 4.2227E-05 4.7182E-05 5.3963E-05 2.2867E-05 4.8360E-05 2.2809E-05 1.7695E-04 2.2301E-04 2.4473E-04 1.1880E-04 1.1646E-04 9.4017E-05 3.6115E-04 1.3852E-03 3.5445E-03 1.3378E-02 2.2644E-03 6.1902E-04 1.7232E-04 1.3154E-05 1.8323E-05 4.8081E-05 5.6809E-05 0.0000E+00
 0.0000E+00 2.9673E-05 8.1782E-05 4.3171E-05 4.5735E-05 2.9016E-05 2.2809E-05 7.5835E-05 1.8365E-04 1.7675E-04 1.1880E-04 9.9823E-05 1.6923E-04 5.0985E-04 1.3613E-03 4.2640E-03 1.2975E-02 2.8750E-03 7.6844E-04 2.2402E-04 5.2618E-05 0.0000E+00 1.6027E-05 4.5055E-05 0.0000E+00
 0.0000E+00 3.9945E-05 3.7746E-05 2.1585E-05 1.5245E-05 4.8360E-05 0.0000E+00 2.0223E-04 1.4430E-04 3.3990E-04 7.4249E-05 1.3310E-04 2.6325E-04 5.0985E-04 1.2897E-03 3.1447E-03 1.2515E-02 2.5697E-03 5.5499E-04 3.4464E-05 0.0000E+00 1.8323E-05 2.6712E-05 4.3096E-05 0.0000E+00
 0.0000E+00 3.3097E-05 3.4600E-05 5.9360E-05 3.0490E-05 9.6719E-06 6.8428E-05 2.5278E-04 2.4924E-04 2.7192E-04 7.4249E-05 6.6548E-05 5.6410E-05 2.9741E-04 1.0031E-03 3.1714E-03 1.1940E-02 2.7223E-03 8.9652E-04 3.4464E-05 3.9463E-05 0.0000E+00 0.0000E+00 3.3302E-05 0.0000E+00
 0.0000E+00 3.9945E-05 5.0328E-05 4.8567E-05 1.5245E-05 4.8360E-05 1.0264E-04 1.0111E-04 2.3612E-04 2.4473E-04 1.0395E-04 6.6548E-05 1.1282E-04 2.7617E-04 1.1225E-03 4.2374E-03 1.2486E-02 3.0022E-03 4.6960E-04 1.0339E-04 2.6309E-05 1.8323E-05 5.3423E-06 2.7425E-05 0.0000E+00
 0.0000E+00 3.9945E-05 2.8309E-05 3.2378E-05 1.5245E-05 2.9016E-05 2.2809E-05 8.8474E-05 1.0494E-04 2.9911E-04 2.2275E-04 6.6548E-05 1.5043E-04 2.7617E-04 1.2419E-03 3.5978E-03 1.3205E-02 2.6714E-03 4.4826E-04 2.4125E-04 1.3154E-05 5.4969E-05 1.0685E-05 3.3302E-05 0.0000E+00
 0.0000E+00 2.6250E-05 3.4600E-05 5.9360E-05 7.6225E-06 4.8360E-05 2.2809E-05 1.3903E-04 1.1806E-04 2.1754E-04 1.3365E-04 3.3274E-05 1.6923E-04 3.1866E-04 9.3143E-04 4.2374E-03 1.2515E-02 1.9845E-03 7.6844E-04 8.6160E-05 1.3154E-05 1.8323E-05 1.6027E-05 2.1548E-05 0.0000E+00
 0.0000E+00 3.6521E-05 7.5491E-05 3.2378E-05 3.8112E-05 6.7703E-05 5.7023E-05 1.6431E-04 2.0989E-04 1.4956E-04 7.4249E-05 1.3310E-04 1.1282E-04 6.3732E-04 1.3852E-03 3.1980E-03 1.1192E-02 2.9259E-03 7.8979E-04 1.0339E-04 1.3154E-05 3.6646E-05 1.6027E-05 5.4850E-05 0.0000E+00
 0.0000E+00 1.7119E-05 3.7746E-05 4.8567E-05 7.6225E-06 1.9344E-05 1.1405E-05 1.0111E-04 2.0989E-04 2.8552E-04 1.7820E-04 1.1646E-04 1.8803E-04 2.3368E-04 1.7434E-03 3.2780E-03 1.1824E-02 3.1548E-03 6.1902E-04 5.1696E-05 2.6309E-05 9.1614E-06 5.3423E-06 4.7014E-05 0.0000E+00
 0.0000E+00 2.7391E-05 3.4600E-05 7.0152E-05 3.0490E-05 5.8031E-05 0.0000E+00 1.5167E-04 2.0989E-04 1.9034E-04 8.9098E-05 1.6637E-04 1.5043E-04 2.5493E-04 9.3143E-04 3.7044E-03 1.2227E-02 2.4170E-03 4.9095E-04 1.2062E-04 7.8927E-05 3.6646E-05 1.6027E-05 1.7630E-05 0.0000E+00
 0.0000E+00 3.7662E-05 9.1219E-05 2.1585E-05 1.5245E-05 2.9016E-05 3.4214E-05 2.2751E-04 5.2472E-05 3.5350E-04 2.9699E-05 8.3185E-05 9.4017E-05 2.5493E-04 1.3135E-03 3.3313E-03 1.1450E-02 2.2898E-03 5.3364E-04 2.4125E-04 2.6309E-05 9.1614E-06 2.6712E-05 4.5055E-05 0.0000E+00
 0.0000E+00 2.2826E-05 6.2909E-05 1.0793E-05 3.8112E-05 6.7703E-05 1.1405E-05 1.0111E-04 1.9677E-04 1.4956E-04 7.4249E-05 1.6637E-04 5.6410E-05 2.9741E-04 1.0270E-03 4.1308E-03 1.2256E-02 2.0863E-03 3.2018E-04 6.8928E-05 2.6309E-05 0.0000E+00 1.0685E-05 2.7425E-05 0.0000E+00
 0.0000E+00 2.8532E-05 6.2909E-05 4.3171E-05 0.0000E+00 9.6719E-06 3.4214E-05 1.6431E-04 1.5742E-04 1.7675E-04 2.9699E-05 9.9823E-05 1.8803E-04 4.6736E-04 1.0508E-03 3.5178E-03 1.1940E-02 2.5188E-03 6.6172E-04 1.2062E-04 2.6309E-05 9.1614E-06 1.6027E-05 3.5261E-05 0.0000E+00
 0.0000E+00 3.5380E-05 6.9200E-05 4.3171E-05 2.2867E-05 1.9344E-05 3.4214E-05 1.2639E-04 2.8860E-04 2.3113E-04 2.9699E-05 3.3274E-05 1.5043E-04 2.9741E-04 1.1225E-03 4.3706E-03 1.1220E-02 2.3153E-03 4.9095E-04 1.7232E-05 1.3154E-05 9.1614E-06 5.3423E-06 2.7425E-05 0.0000E+00
 0.0000E+00 3.6521E-05 6.2909E-05 3.7774E-05 0.0000E+00 4.8360E-05 2.2809E-05 2.5278E-04 7.8708E-05 2.0394E-04 5.9399E-05 1.6637E-05 7.5214E-05 3.3990E-04 1.3613E-03 3.0115E-03 1.1048E-02 2.2135E-03 5.7633E-04 1.7232E-05 2.6309E-05 0.0000E+00 5.3423E-06 2.5466E-05 0.0000E+00
 0.0000E+00 1.1413E-05 4.0891E-05 4.3171E-05 3.0490E-05 9.6719E-06 1.1405E-05 1.0111E-04 2.0989E-04 1.2236E-04 1.0395E-04 6.6548E-05 9.4017E-05 4.2488E-04 1.0747E-03 3.9176E-03 1.0846E-02 2.3407E-03 5.5499E-04 8.6160E-05 1.3154E-05 9.1614E-06 0.0000E+00 2.9384E-05 0.0000E+00
 0.0000E+00 2.6250E-05 7.5491E-05 5.3963E-06 1.5245E-05 2.9016E-05 1.1405E-05 2.0223E-04 1.7053E-04 1.3596E-04 5.9399E-05 8.3185E-05 1.5043E-04 6.1607E-04 1.4807E-03 3.6777E-03 1.2112E-02 2.2389E-03 4.4826E-04 2.2402E-04 9.2081E-05 1.8323E-05 5.3423E-06 2.7425E-05 0.0000E+00
 0.0000E+00 3.6521E-05 6.9200E-05 6.4756E-05 1.5245E-05 7.7375E-05 7.9832E-05 1.8959E-04 1.5742E-04 2.8552E-04 2.9699E-05 1.1646E-04 5.6410E-05 4.4612E-04 1.3374E-03 3.3313E-03 1.1882E-02 2.5951E-03 4.0557E-04 5.1696E-05 0.0000E+00 9.1614E-06 3.2054E-05 3.3302E-05 0.0000E+00
 0.0000E+00 3.4238E-05 3.1455E-05 5.3963E-05 0.0000E+00 1.9344E-05 7.9832E-05 1.2639E-04 1.5742E-04 1.9034E-04 8.9098E-05 1.8301E-04 1.1282E-04 3.3990E-04 1.3852E-03 3.5445E-03 1.1796E-02 2.5951E-03 3.2018E-04 1.5509E-04 5.2618E-05 2.7484E-05 5.3423E-06 2.3507E-05 0.0000E+00
 0.0000E+00 2.3967E-05 4.4037E-05 5.3963E-06 7.6225E-06 5.8031E-05 2.2809E-05 1.2639E-04 1.3118E-04 1.2236E-04 5.9399E-05 0.0000E+00 1.3162E-04 1.4871E-04 9.0754E-04 3.2247E-03 1.1911E-02 2.9768E-03 5.1230E-04 1.0339E-04 0.0000E+00 0.0000E+00 3.2054E-05 2.3507E-05 0.0000E+00
 0.0000E+00 4.3369E-05 7.5491E-05 6.4756E-05 0.0000E+00 9.6719E-06 1.1405E-05 1.7695E-04 1.1806E-04 1.2236E-04 2.9699E-05 4.9911E-05 7.5214E-05 5.0985E-04 8.3589E-04 4.0242E-03 1.2515E-02 2.6714E-03 6.1902E-04 8.6160E-05 1.3154E-05 9.1614E-06 1.6027E-05 2.3507E-05 0.0000E+00
 0.0000E+00 3.9945E-05 3.7746E-05 4.3171E-05 3.0490E-05 5.8031E-05 2.2809E-05 1.7695E-04 1.8365E-04 1.4956E-04 5.9399E-05 1.1646E-04 5.6410E-05 4.4612E-04 9.0754E-04 3.7044E-03 9.5229E-03 2.0608E-03 5.9768E-04 1.3786E-04 1.3154E-05 1.8323E-05 1.0685E-05 1.5671E-05 0.0000E+00
 0.0000E+00 3.5380E-05 3.7746E-05 7.5549E-05 3.8112E-05 2.9016E-05 1.1405E-05 1.1375E-04 2.2301E-04 1.6315E-04 5.9399E-05 1.4973E-04 7.5214E-05 3.3990E-04 9.7919E-04 3.2247E-03 1.0875E-02 2.8750E-03 7.0441E-04 8.6160E-05 1.3154E-05 1.8323E-05 2.1369E-05 2.1548E-05 0.0000E+00
 0.0000E+00 3.1956E-05 5.3473E-05 3.7774E-05 1.5245E-05 2.9016E-05 0.0000E+00 1.0111E-04 1.5742E-04 9.5172E-05 1.7820E-04 1.6637E-05 1.8803E-04 4.2488E-04 1.0270E-03 3.0648E-03 1.0702E-02 1.7810E-03 4.6960E-04 6.8928E-05 5.2618E-05 0.0000E+00 5.3423E-06 2.5466E-05 0.0000E+00
 0.0000E+00 3.5380E-05 4.0891E-05 1.6189E-05 7.6225E-05 1.9344E-05 4.5618E-05 1.6431E-04 2.4924E-04 2.3113E-04 1.4850E-05 8.3185E-05 2.0684E-04 2.1244E-04 8.3589E-04 3.5711E-03 1.0127E-02 1.9336E-03 4.0557E-04 1.0339E-04 0.0000E+00 9.1614E-06 2.1369E-05 2.9384E-05 0.0000E+00
 0.0000E+00 2.3967E-05 5.9764E-05 4.3171E-05 7.6225E-06 4.8360E-05 3.4214E-05 8.8474E-05 6.5590E-05 2.8552E-04 2.9699E-05 8.3185E-05 5.6410E-05 3.1866E-04 7.6425E-04 3.2513E-03 1.0357E-02 1.9591E-03 7.8979E-04 1.5509E-04 1.3154E-05 3.6646E-05 5.3423E-06 1.9589E-05 0.0000E+00
 0.0000E+00 3.3097E-05 2.5164E-05 4.8567E-05 3.8112E-05 2.9016E-05 2.2809E-05 1.1375E-04 1.7053E-04 2.5832E-04 7.4249E-05 4.9911E-05 1.8803E-04 3.1866E-04 9.3143E-04 3.5978E-03 1.0328E-02 2.0354E-03 2.3480E-04 1.0339E-04 0.0000E+00 0.0000E+00 5.3423E-06 1.1754E-05 0.0000E+00
 0.0000E+00 2.7391E-05 4.4037E-05 2.1585E-05 2.2867E-05 2.9016E-05 4.5618E-05 1.7695E-04 7.8708E-05 2.4473E-04 8.9098E-05 3.3274E-05 2.4444E-04 2.5493E-04 1.2419E-03 3.4912E-03 1.1220E-02 1.8827E-03 4.9095E-04 6.8928E-05 0.0000E+00 0.0000E+00 5.3423E-06 2.9384E-05 0.0000E+00
 0.0000E+00 1.9402E-05 5.3473E-05 2.1585E-05 0.0000E+00 9.6719E-06 1.1405E-05 1.0111E-04 1.1806E-04 2.4473E-04 4.4549E-05 2.3292E-04 1.5043E-04 2.9741E-04 1.1703E-03 2.7716E-03 1.0415E-02 2.5188E-03 4.0557E-04 3.4464E-05 0.0000E+00 0.0000E+00 0.0000E+00 9.7946E-06 0.0000E+00
 0.0000E+00 2.9673E-05 4.0891E-05 3.7774E-05 2.2867E-05 0.0000E+00 1.1405E-05 1.6431E-04 1.9677E-04 2.4473E-04 2.9699E-05 4.9911E-05 9.4017E-05 2.7617E-04 7.4036E-04 4.2107E-03 1.1537E-02 2.3916E-03 3.2018E-04 5.1696E-05 0.0000E+00 0.0000E+00 0.0000E+00 1.9589E-05 0.0000E+00
 0.0000E+00 4.2227E-05 4.7182E-05 5.9360E-05 0.0000E+00 1.9344E-05 0.0000E+00 1.2639E-04 1.9677E-04 1.3596E-04 7.4249E-05 6.6548E-05 1.1282E-04 2.3368E-04 1.2180E-03 3.8110E-03 1.0731E-02 2.5188E-03 3.6288E-04 2.2402E-04 3.9463E-05 0.0000E+00 3.2054E-05 1.7630E-05 0.0000E+00
 0.0000E+00 2.1684E-05 2.8309E-05 3.2378E-05 7.6225E-06 9.6719E-06 2.2809E-05 1.3903E-04 1.7053E-04 1.7675E-04 5.9399E-05 1.3310E-04 1.8803E-04 3.3990E-04 9.0754E-04 3.4112E-03 1.0818E-02 2.7223E-03 4.0557E-04 1.0339E-04 1.3154E-05 9.1614E-06 1.0685E-05 1.9589E-05 0.0000E+00
 0.0000E+00 3.3097E-05 4.4037E-05 1.6189E-05 3.8112E-05 7.7375E-05 1.1405E-05 1.1375E-04 6.5590E-05 1.2236E-04 7.4249E-05 8.3185E-05 3.7607E-05 2.3368E-04 1.0508E-03 3.3579E-03 1.2716E-02 2.2898E-03 3.8422E-04 1.3786E-04 2.6309E-05 1.8323E-05 0.0000E+00 3.5261E-05 0.0000E+00
 0.0000E+00 2.7391E-05 5.6618E-05 1.6189E-05 2.2867E-05 1.9344E-05 1.1405E-05 6.3196E-05 1.0494E-04 2.4473E-04 4.4549E-05 1.1646E-04 3.7607E-05 3.3990E-04 7.8813E-04 2.6650E-03 1.1076E-02 1.7046E-03 4.9095E-04 3.4464E-05 3.9463E-05 3.6646E-05 5.3423E-06 3.3302E-05 0.0000E+00
 0.0000E+00 2.0543E-05 3.7746E-05 0.0000E+00 2.2867E-05 9.6719E-06 4.5618E-05 1.7695E-04 1.3118E-04 1.9034E-04 0.0000E+00 0.0000E+00 3.7607E-05 3.6115E-04 1.0270E-03 2.5851E-03 9.9832E-03 2.0863E-03 2.9884E-04 3.4464E-05 1.3154E-05 9.1614E-06 1.6027E-05 1.3712E-05 0.0000E+00
 0.0000E+00 3.3097E-05 2.8309E-05 6.4756E-05 0.0000E+00 6.7703E-05 3.4214E-05 8.8474E-05 1.7053E-04 8.1576E-05 1.0395E-04 4.9911E-05 9.4017E-05 5.0985E-04 9.0754E-04 2.8249E-03 1.1192E-02 1.9591E-03 4.9095E-04 3.4464E-05 1.3154E-05 0.0000E+00 0.0000E+00 2.9384E-05 0.0000E+00
 0.0000E+00 2.5108E-05 5.6618E-05 1.0793E-05 2.2867E-05 3.8688E-05 1.1405E-05 1.5167E-04 1.4430E-04 6.7980E-05 2.9699E-05 1.9965E-04 1.6923E-04 3.8239E-04 6.4483E-04 2.8516E-03 1.1594E-02 2.2898E-03 3.4153E-04 1.0339E-04 1.3154E-05 9.1614E-06 1.0685E-05 1.9589E-05 0.0000E+00
 0.0000E+00 3.0815E-05 4.0891E-05 6.4756E-05 7.6225E-06 3.8688E-05 0.0000E+00 6.3196E-05 1.3118E-04 2.1754E-04 4.4549E-05 1.6637E-04 5.6410E-05 2.3368E-04 8.5978E-04 3.2513E-03 1.0386E-02 1.9591E-03 3.8422E-04 1.2062E-04 2.6309E-05 1.8323E-05 1.6027E-05 1.9589E-05 0.0000E+00
 0.0000E+00 2.1684E-05 2.8309E-05 1.6189E-05 1.5245E-05 0.0000E+00 2.2809E-05 6.3196E-05 5.2472E-05 2.1754E-04 4.4549E-05 4.9911E-05 1.6923E-04 1.9119E-04 7.8813E-04 2.9315E-03 1.1853E-02 2.1880E-03 5.1230E-04 6.8928E-05 1.3154E-05 0.0000E+00 1.0685E-05 2.3507E-05 0.0000E+00
 0.0000E+00 3.3097E-05 3.1455E-05 1.0793E-05 0.0000E+00 8.7047E-05 3.4214E-05 1.0111E-04 1.5742E-04 2.3113E-04 7.4249E-05 1.1646E-04 5.6410E-05 2.5493E-04 5.7318E-04 3.2513E-03 1.0501E-02 2.3407E-03 2.1346E-04 2.0678E-04 3.9463E-05 0.0000E+00 1.6027E-05 1.9589E-05 0.0000E+00
 0.0000E+00 3.4238E-05 4.7182E-05 2.6982E-05 7.6225E-06 1.9344E-05 3.4214E-05 1.6431E-04 2.2301E-04 2.1754E-04 5.9399E-05 1.4973E-04 7.5214E-05 1.9119E-04 8.8366E-04 2.9049E-03 1.1853E-02 1.6029E-03 5.1230E-04 1.7232E-05 0.0000E+00 1.8323E-05 1.0685E-05 2.7425E-05 0.0000E+00
 0.0000E+00 1.3695E-05 5.0328E-05 2.6982E-05 1.5245E-05 9.6719E-06 1.1405E-05 6.3196E-05 1.3118E-04 2.0394E-04 5.9399E-05 3.3274E-05 2.2564E-04 6.7980E-04 7.4036E-04 2.7716E-03 1.0789E-02 2.1626E-03 1.9211E-04 1.0339E-04 0.0000E+00 2.7484E-05 1.0685E-05 4.8973E-05 0.0000E+00
 0.0000E+00 4.3369E-05 3.4600E-05 5.3963E-05 7.6225E-06 2.9016E-05 0.0000E+00 1.1375E-04 1.4430E-04 1.0877E-04 4.4549E-05 1.6637E-05 1.3162E-04 4.6736E-04 6.9260E-04 3.3313E-03 1.1163E-02 1.7301E-03 2.9884E-04 5.1696E-05 0.0000E+00 2.7484E-05 2.1369E-05 3.1343E-05 0.0000E+00
 0.0000E+00 2.7391E-05 6.2909E-05 3.7774E-05 1.5245E-05 9.6719E-06 3.4214E-05 7.5835E-05 5.2472E-05 1.9034E-04 1.4850E-04 9.9823E-05 5.6410E-05 2.3368E-04 7.1648E-04 2.3186E-03 1.0818E-02 2.0354E-03 4.0557E-04 6.8928E-05 3.9463E-05 1.8323E-05 1.0685E-05 2.3507E-05 0.0000E+00
 0.0000E+00 3.5380E-05 4.4037E-05 2.1585E-05 6.0980E-05 3.8688E-05 4.5618E-05 2.0223E-04 1.4430E-04 2.4473E-04 0.0000E+00 6.6548E-05 1.6923E-04 3.1866E-04 7.8813E-04 2.3719E-03 1.1019E-02 1.7301E-03 4.2691E-04 1.0339E-04 1.3154E-05 0.0000E+00 1.0685E-05 2.9384E-05 0.0000E+00
 0.0000E+00 2.3967E-05 5.9764E-05 4.8567E-05 1.5245E-05 5.8031E-05 0.0000E+00 1.1375E-04 1.0494E-04 9.5172E-05 2.9699E-05 9.9823E-05 1.3162E-04 2.7617E-04 8.3589E-04 3.1980E-03 1.0386E-02 1.9336E-03 3.2018E-04 1.0339E-04 0.0000E+00 0.0000E+00 5.3423E-06 3.3302E-05 0.0000E+00
 0.0000E+00 3.6521E-05 3.4600E-05 1.6189E-05 2.2867E-05 0.0000E+00 2.2809E-05 1.2639E-04 9.1826E-05 2.8552E-04 1.4850E-04 4.9911E-05 1.8803E-05 3.1866E-04 7.4036E-04 2.8782E-03 1.0415E-02 1.6538E-03 2.9884E-04 1.7232E-05 2.6309E-05 0.0000E+00 5.3423E-06 7.8357E-06 0.0000E+00
 0.0000E+00 2.1684E-05 4.0891E-05 2.6982E-05 7.6225E-06 1.9344E-05 2.2809E-05 8.8474E-05 1.7053E-04 2.3113E-04 1.0395E-04 1.1646E-04 1.8803E-05 1.9119E-04 1.0508E-03 3.4645E-03 9.9544E-03 1.6538E-03 2.9884E-04 5.1696E-05 1.3154E-05 0.0000E+00 0.0000E+00 2.3507E-05 0.0000E+00
 0.0000E+00 2.0543E-05 2.5164E-05 3.2378E-05 0.0000E+00 2.9016E-05 3.4214E-05 5.0557E-05 1.1806E-04 9.5172E-05 0.0000E+00 3.3274E-05 0.0000E+00 1.4871E-04 7.6425E-04 3.6511E-03 9.7530E-03 1.5011E-03 2.3480E-04 0.0000E+00 1.3154E-05 9.1614E-06 3.2054E-05 3.7219E-05 0.0000E+00
 0.0000E+00 4.7934E-05 3.4600E-05 4.3171E-05 1.5245E-05 4.8360E-05 0.0000E+00 6.3196E-05 1.3118E-04 1.4956E-04 1.4850E-05 6.6548E-05 1.8803E-05 2.9741E-04 6.9260E-04 3.1714E-03 1.0674E-02 1.5265E-03 2.9884E-04 5.1696E-05 1.3154E-05 2.7484E-05 0.0000E+00 3.3302E-05 0.0000E+00
 0.0000E+00 1.5978E-05 5.6618E-05 3.2378E-05 0.0000E+00 1.9344E-05 0.0000E+00 3.7918E-05 9.1826E-05 1.4956E-04 0.0000E+00 1.6637E-05 3.7607E-05 1.2746E-04 9.0754E-04 2.3985E-03 1.0098E-02 1.8827E-03 3.2018E-04 3.4464E-05 0.0000E+00 9.1614E-06 1.6027E-05 1.1754E-05 0.0000E+00
 0.0000E+00 2.5108E-05 4.4037E-05 3.7774E-05 2.2867E-05 0.0000E+00 5.7023E-05 1.8959E-04 1.8365E-04 1.7675E-04 1.4850E-05 1.1646E-04 1.8803E-05 1.9119E-04 5.4930E-04 3.2247E-03 9.3790E-03 1.3484E-03 2.5615E-04 5.1696E-05 0.0000E+00 1.8323E-05 1.0685E-05 1.5671E-05 0.0000E+00
 0.0000E+00 2.8532E-05 3.7746E-05 1.6189E-05 1.5245E-05 2.9016E-05 2.2809E-05 1.5167E-04 1.8365E-04 1.7675E-04 4.4549E-05 4.9911E-05 3.7607E-05 2.5493E-04 5.9707E-04 2.3985E-03 1.0127E-02 1.2976E-03 3.6288E-04 5.1696E-05 0.0000E+00 9.1614E-06 1.0685E-05 5.8768E-06 0.0000E+00
 0.0000E+00 1.0272E-05 5.0328E-05 3.7774E-05 0.0000E+00 0.0000E+00 0.0000E+00 1.3903E-04 1.3118E-04 2.1754E-04 4.4549E-05 6.6548E-05 7.5214E-05 2.3368E-04 1.0031E-03 2.7716E-03 1.0328E-02 1.3739E-03 5.3364E-04 3.4464E-05 0.0000E+00 1.8323E-05 1.6027E-05 1.9589E-05 0.0000E+00
 0.0000E+00 3.0815E-05 4.4037E-05 1.6189E-05 6.8602E-05 1.9344E-05 0.0000E+00 2.5278E-05 5.2472E-05 2.0394E-04 4.4549E-05 3.3274E-05 5.6410E-05 3.8239E-04 6.9260E-04 2.6650E-03 9.6955E-03 1.8064E-03 2.1346E-04 1.0339E-04 5.2618E-05 1.8323E-05 1.0685E-05 3.1343E-05 0.0000E+00
 0.0000E+00 2.5108E-05 3.1455E-05 1.6189E-05 2.2867E-05 5.8031E-05 2.2809E-05 1.6431E-04 1.7053E-04 1.3596E-04 4.4549E-05 3.3274E-05 7.5214E-05 2.7617E-04 5.7318E-04 2.4252E-03 1.0328E-02 1.9082E-03 2.7749E-04 6.8928E-05 0.0000E+00 0.0000E+00 0.0000E+00 1.5671E-05 0.0000E+00
 0.0000E+00 2.6250E-05 6.9200E-05 3.2378E-05 3.0490E-05 6.7703E-05 1.1405E-05 7.5835E-05 6.5590E-05 9.5172E-05 2.9699E-05 9.9823E-05 9.4017E-05 1.6995E-04 1.1464E-03 3.0381E-03 1.0559E-02 1.2212E-03 2.3480E-04 5.1696E-05 1.3154E-05 0.0000E+00 0.0000E+00 2.3507E-05 0.0000E+00
 0.0000E+00 2.5108E-05 2.8309E-05 3.7774E-05 7.6225E-06 3.8688E-05 1.1405E-05 1.5167E-04 1.8365E-04 9.5172E-05 4.4549E-05 3.3274E-05 9.4017E-05 3.8239E-04 8.5978E-04 2.9848E-03 8.7173E-03 1.6283E-03 5.5499E-04 3.4464E-05 0.0000E+00 9.1614E-06 0.0000E+00 2.3507E-05 0.0000E+00
 0.0000E+00 1.5978E-05 7.8637E-05 3.7774E-05 3.0490E-05 3.8688E-05 3.4214E-05 1.0111E-04 7.8708E-05 1.6315E-04 2.9699E-05 1.1646E-04 0.0000E+00 1.6995E-04 7.6425E-04 2.7716E-03 9.8969E-03 1.8827E-03 4.6960E-04 0.0000E+00 3.9463E-05 4.5807E-05 5.3423E-06 2.9384E-05 0.0000E+00
 0.0000E+00 2.5108E-05 3.1455E-05 6.4756E-05 0.0000E+00 3.8688E-05 2.2809E-05 1.0111E-04 1.0494E-04 1.3596E-04 4.4549E-05 8.3185E-05 5.6410E-05 2.3368E-04 1.1225E-03 3.0115E-03 9.6379E-03 1.7046E-03 3.2018E-04 5.1696E-05 0.0000E+00 0.0000E+00 1.6027E-05 1.7630E-05 0.0000E+00
 0.0000E+00 2.3967E-05 3.1455E-05 5.3963E-06 2.2867E-05 0.0000E+00 0.0000E+00 1.0111E-04 1.0494E-04 1.3596E-04 5.9399E-05 1.4973E-04 9.4017E-05 1.2746E-04 5.7318E-04 2.7450E-03 9.4078E-03 1.7046E-03 8.5383E-05 5.1696E-05 2.6309E-05 1.8323E-05 2.6712E-05 1.1754E-05 0.0000E+00
 0.0000E+00 9.1303E-06 4.4037E-05 3.7774E-05 3.8112E-05 2.9016E-05 0.0000E+00 5.0557E-05 7.8708E-05 1.9034E-04 0.0000E+00 0.0000E+00 2.2564E-04 2.5493E-04 8.3589E-04 2.6117E-03 1.0098E-02 1.5011E-03 3.2018E-04 5.1696E-05 0.0000E+00 1.8323E-05 5.3423E-06 3.3302E-05 0.0000E+00
 0.0000E+00 3.4238E-05 3.4600E-05 4.3171E-05 0.0000E+00 0.0000E+00 0.0000E+00 1.0111E-04 6.5590E-05 4.0788E-05 2.9699E-05 1.6637E-05 1.8803E-05 2.7617E-04 7.6425E-04 2.5051E-03 8.8612E-03 2.2135E-03 3.8422E-04 1.7232E-05 0.0000E+00 0.0000E+00 5.3423E-06 2.1548E-05 0.0000E+00
 0.0000E+00 4.2227E-05 5.9764E-05 2.6982E-05 1.5245E-05 9.6719E-06 2.2809E-05 6.3196E-05 1.0494E-04 1.7675E-04 4.4549E-05 6.6548E-05 7.5214E-05 2.7617E-04 7.6425E-04 2.9582E-03 1.0069E-02 1.6283E-03 1.9211E-04 0.0000E+00 1.3154E-05 0.0000E+00 5.3423E-06 2.3507E-05 0.0000E+00
 0.0000E+00 3.5380E-05 4.7182E-05 2.6982E-05 3.0490E-05 1.9344E-05 1.1405E-05 1.3903E-04 9.1826E-05 9.5172E-05 4.4549E-05 4.9911E-05 1.8803E-05 1.2746E-04 8.5978E-04 2.7983E-03 8.6022E-03 1.8064E-03 4.4826E-04 6.8928E-05 1.3154E-05 0.0000E+00 0.0000E+00 2.1548E-05 0.0000E+00
 0.0000E+00 1.9402E-05 5.0328E-05 3.2378E-05 0.0000E+00 0.0000E+00 5.7023E-05 7.5835E-05 9.1826E-05 6.7980E-05 1.4850E-05 1.1646E-04 3.7607E-05 3.1866E-04 6.4483E-04 2.4785E-03 9.7530E-03 1.3484E-03 1.2807E-04 3.4464E-05 0.0000E+00 0.0000E+00 0.0000E+00 2.7425E-05 0.0000E+00
 0.0000E+00 1.7119E-05 4.0891E-05 2.1585E-05 7.6225E-06 9.6719E-06 2.2809E-05 1.0111E-04 1.0494E-04 1.2236E-04 2.9699E-05 3.3274E-05 1.6923E-04 1.4871E-04 6.9260E-04 2.7183E-03 8.7748E-03 1.7810E-03 1.9211E-04 5.1696E-05 1.3154E-05 0.0000E+00 1.0685E-05 2.7425E-05 0.0000E+00
 0.0000E+00 3.5380E-05 3.7746E-05 4.3171E-05 7.6225E-06 3.8688E-05 0.0000E+00 1.2639E-04 7.8708E-05 1.7675E-04 4.4549E-05 4.9911E-05 5.6410E-05 2.5493E-04 7.8813E-04 2.7983E-03 9.2064E-03 1.7301E-03 8.5383E-05 5.1696E-05 0.0000E+00 1.8323E-05 0.0000E+00 1.9589E-05 0.0000E+00
 0.0000E+00 2.5108E-05 4.0891E-05 3.7774E-05 7.6225E-06 1.9344E-05 1.1405E-05 3.7918E-05 7.8708E-05 9.5172E-05 0.0000E+00 6.6548E-05 7.5214E-05 2.5493E-04 7.4036E-04 2.9582E-03 1.0213E-02 1.6538E-03 4.2691E-04 6.8928E-05 0.0000E+00 9.1614E-06 1.0685E-05 2.5466E-05 0.0000E+00
 0.0000E+00 1.9402E-05 3.4600E-05 2.1585E-05 3.8112E-05 2.9016E-05 0.0000E+00 3.7918E-05 1.4430E-04 6.7980E-05 4.4549E-05 3.3274E-05 1.3162E-04 1.2746E-04 4.7765E-04 2.3719E-03 8.8036E-03 1.8064E-03 3.8422E-04 8.6160E-05 0.0000E+00 9.1614E-06 5.3423E-06 2.9384E-05 0.0000E+00
 0.0000E+00 2.5108E-05 5.0328E-05 3.2378E-05 6.0980E-05 9.6719E-06 0.0000E+00 8.8474E-05 1.3118E-04 9.5172E-05 7.4249E-05 0.0000E+00 5.6410E-05 6.3732E-05 4.2989E-04 2.3719E-03 8.6022E-03 1.5520E-03 3.2018E-04 1.5509E-04 2.6309E-05 9.1614E-06 2.1369E-05 1.3712E-05 0.0000E+00
 0.0000E+00 2.8532E-05 4.0891E-05 5.3963E-06 7.6225E-06 2.9016E-05 1.1405E-05 1.8959E-04 3.9354E-05 5.4384E-05 2.9699E-05 8.3185E-05 3.7607E-05 2.9741E-04 5.4930E-04 2.1587E-03 9.5516E-03 1.1958E-03 3.4153E-04 5.1696E-05 7.8927E-05 0.0000E+00 1.6027E-05 5.8768E-06 0.0000E+00
 0.0000E+00 2.6250E-05 5.0328E-05 2.6982E-05 7.6225E-06 0.0000E+00 0.0000E+00 1.2639E-04 1.0494E-04 2.0394E-04 1.4850E-05 1.6637E-05 3.7607E-05 6.3732E-05 8.1201E-04 1.9455E-03 9.5229E-03 1.4757E-03 2.5615E-04 3.4464E-05 1.3154E-05 9.1614E-06 1.0685E-05 1.7630E-05 0.0000E+00
 0.0000E+00 2.5108E-05 3.4600E-05 3.2378E-05 0.0000E+00 1.9344E-05 3.4214E-05 1.6431E-04 1.0494E-04 9.5172E-05 1.0395E-04 0.0000E+00 1.3162E-04 1.9119E-04 5.0154E-04 1.9721E-03 9.5516E-03 1.2976E-03 3.2018E-04 1.0339E-04 0.0000E+00 0.0000E+00 1.0685E-05 2.5466E-05 0.0000E+00
 0.0000E+00 3.5380E-05 3.7746E-05 3.7774E-05 7.6225E-06 0.0000E+00 0.0000E+00 8.8474E-05 1.5742E-04 9.5172E-05 7.4249E-05 1.6637E-05 0.0000E+00 2.5493E-04 1.0508E-03 2.1320E-03 9.4941E-03 1.2467E-03 3.6288E-04 1.7232E-05 0.0000E+00 0.0000E+00 1.0685E-05 2.3507E-05 0.0000E+00
 0.0000E+00 3.0815E-05 6.2909E-05 3.2378E-05 1.5245E-05 0.0000E+00 0.0000E+00 6.3196E-05 6.5590E-05 1.9034E-04 1.1880E-04 0.0000E+00 5.6410E-05 1.6995E-04 7.8813E-04 2.4518E-03 9.5804E-03 1.0177E-03 1.2807E-04 6.8928E-05 0.0000E+00 0.0000E+00 0.0000E+00 2.1548E-05 0.0000E+00
 0.0000E+00 2.1684E-05 5.0328E-05 2.6982E-05 7.6225E-06 1.9344E-05 1.1405E-05 7.5835E-05 2.0989E-04 9.5172E-05 1.4850E-05 3.3274E-05 7.5214E-05 1.9119E-04 6.4483E-04 2.2919E-03 8.9762E-03 1.4248E-03 2.1346E-04 8.6160E-05 1.3154E-05 1.8323E-05 5.3423E-06 2.5466E-05 0.0000E+00
 0.0000E+00 2.2826E-05 6.6055E-05 2.1585E-05 7.6225E-06 4.8360E-05 0.0000E+00 5.0557E-05 6.5590E-05 1.3596E-04 5.9399E-05 0.0000E+00 1.5043E-04 1.6995E-04 7.8813E-04 2.7183E-03 8.8036E-03 1.7810E-03 2.5615E-04 3.4464E-05 5.2618E-05 1.8323E-05 0.0000E+00 2.7425E-05 0.0000E+00
 0.0000E+00 2.2826E-05 2.8309E-05 4.3171E-05 0.0000E+00 0.0000E+00 0.0000E+00 8.8474E-05 9.1826E-05 1.7675E-04 1.3365E-04 4.9911E-05 1.8803E-05 1.4871E-04 6.6872E-04 2.6650E-03 9.3502E-03 1.6029E-03 2.1346E-04 0.0000E+00 0.0000E+00 0.0000E+00 1.0685E-05 1.9589E-05 0.0000E+00
 0.0000E+00 2.8532E-05 6.2909E-05 2.1585E-05 7.6225E-06 1.9344E-05 0.0000E+00 7.5835E-05 1.7053E-04 2.7192E-05 4.4549E-05 1.6637E-05 3.7607E-05 1.2746E-04 6.2095E-04 2.3719E-03 9.2064E-03 1.4757E-03 4.4826E-04 0.0000E+00 3.9463E-05 9.1614E-06 1.6027E-05 2.9384E-05 0.0000E+00
 0.0000E+00 2.3967E-05 3.4600E-05 3.7774E-05 2.2867E-05 0.0000E+00 2.2809E-05 3.7918E-05 7.8708E-05 4.0788E-05 0.0000E+00 0.0000E+00 9.4017E-05 1.0622E-04 7.4036E-04 2.1054E-03 9.4366E-03 1.2467E-03 4.2691E-05 1.7232E-05 1.3154E-05 0.0000E+00 3.2054E-05 3.1343E-05 0.0000E+00
 0.0000E+00 2.3967E-05 4.4037E-05 1.6189E-05 3.8112E-05 1.9344E-05 0.0000E+00 3.7918E-05 3.9354E-05 5.4384E-05 2.9699E-05 6.6548E-05 9.4017E-05 1.6995E-04 6.4483E-04 1.9188E-03 9.0050E-03 1.8573E-03 2.9884E-04 0.0000E+00 0.0000E+00 0.0000E+00 5.3423E-06 2.5466E-05 0.0000E+00
 0.0000E+00 3.0815E-05 2.5164E-05 2.6982E-05 7.6225E-06 1.9344E-05 3.4214E-05 1.1375E-04 9.1826E-05 1.0877E-04 5.9399E-05 4.9911E-05 1.1282E-04 1.9119E-04 3.8212E-04 1.8922E-03 8.9187E-03 1.2467E-03 2.5615E-04 8.6160E-05 0.0000E+00 0.0000E+00 1.0685E-05 1.9589E-05 0.0000E+00
 0.0000E+00 2.3967E-05 5.0328E-05 3.7774E-05 0.0000E+00 2.9016E-05 4.5618E-05 1.1375E-04 6.5590E-05 1.2236E-04 2.9699E-05 1.6637E-05 0.0000E+00 8.4975E-05 6.6872E-04 2.2386E-03 8.6310E-03 1.6283E-03 2.7749E-04 5.1696E-05 0.0000E+00 2.7484E-05 0.0000E+00 2.7425E-05 0.0000E+00
 0.0000E+00 2.2826E-05 5.3473E-05 2.6982E-05 7.6225E-06 0.0000E+00 0.0000E+00 8.8474E-05 1.3118E-04 1.7675E-04 5.9399E-05 1.6637E-05 1.1282E-04 2.1244E-04 4.5377E-04 2.5318E-03 9.5229E-03 1.4502E-03 1.9211E-04 8.6160E-05 3.9463E-05 0.0000E+00 1.6027E-05 3.3302E-05 0.0000E+00
 0.0000E+00 2.7391E-05 5.0328E-05 1.0793E-05 1.5245E-05 9.6719E-06 0.0000E+00 1.2639E-04 2.6236E-05 1.3596E-04 0.0000E+00 1.6637E-05 3.7607E-05 2.1244E-04 5.4930E-04 2.8782E-03 9.2639E-03 1.3993E-03 1.7077E-04 5.1696E-05 1.3154E-05 9.1614E-06 1.0685E-05 1.9589E-05 0.0000E+00
 0.0000E+00 2.7391E-05 6.9200E-05 3.7774E-05 0.0000E+00 1.9344E-05 0.0000E+00 6.3196E-05 1.3118E-04 1.4956E-04 2.9699E-05 1.6637E-05 7.5214E-05 1.2746E-04 4.0601E-04 1.7589E-03 9.4941E-03 1.3993E-03 3.8422E-04 3.4464E-05 0.0000E+00 9.1614E-06 0.0000E+00 1.9589E-05 0.0000E+00
 0.0000E+00 2.3967E-05 2.8309E-05 2.6982E-05 2.2867E-05 0.0000E+00 4.5618E-05 1.2639E-04 9.1826E-05 0.0000E+00 8.9098E-05 6.6548E-05 3.7607E-05 2.5493E-04 3.5824E-04 2.7183E-03 8.6885E-03 1.3484E-03 6.4037E-05 0.0000E+00 1.3154E-05 9.1614E-06 5.3423E-06 1.3712E-05 0.0000E+00
 0.0000E+00 2.1684E-05 6.9200E-05 2.1585E-05 1.5245E-05 0.0000E+00 1.1405E-05 6.3196E-05 2.6236E-05 8.1576E-05 7.4249E-05 6.6548E-05 5.6410E-05 1.9119E-04 4.0601E-04 2.1054E-03 8.5735E-03 1.4502E-03 2.3480E-04 6.8928E-05 3.9463E-05 0.0000E+00 0.0000E+00 3.3302E-05 0.0000E+00
 0.0000E+00 1.8261E-05 3.1455E-05 3.2378E-05 3.0490E-05 0.0000E+00 0.0000E+00 1.0111E-04 9.1826E-05 2.7192E-05 2.9699E-05 4.9911E-05 1.8803E-05 1.2746E-04 4.0601E-04 2.6384E-03 9.0625E-03 1.1195E-03 1.0673E-04 6.8928E-05 0.0000E+00 2.7484E-05 0.0000E+00 1.1754E-05 0.0000E+00
 0.0000E+00 1.7119E-05 4.4037E-05 4.3171E-05 2.2867E-05 5.8031E-05 1.1405E-05 1.1375E-04 2.6236E-05 1.4956E-04 2.9699E-05 1.6637E-05 0.0000E+00 6.3732E-05 7.1648E-04 1.6523E-03 8.5735E-03 1.9845E-03 1.7077E-04 6.8928E-05 0.0000E+00 0.0000E+00 5.3423E-06 2.1548E-05 0.0000E+00
 0.0000E+00 2.1684E-05 3.4600E-05 3.7774E-05 2.2867E-05 0.0000E+00 2.2809E-05 1.3903E-04 1.3118E-05 9.5172E-05 1.4850E-05 9.9823E-05 5.6410E-05 1.4871E-04 1.0508E-03 2.0254E-03 1.0156E-02 1.2212E-03 4.4826E-04 1.7232E-05 0.0000E+00 0.0000E+00 2.6712E-05 7.8357E-06 0.0000E+00
 0.0000E+00 3.9945E-05 7.2346E-05 4.3171E-05 1.5245E-05 6.7703E-05 1.1405E-05 8.8474E-05 2.6236E-05 1.3596E-04 2.9699E-05 4.9911E-05 2.0684E-04 4.2488E-05 4.2989E-04 1.7589E-03 8.7748E-03 1.2467E-03 2.9884E-04 6.8928E-05 1.3154E-05 0.0000E+00 0.0000E+00 1.7630E-05 0.0000E+00
 0.0000E+00 1.1413E-05 4.7182E-05 1.0793E-05 7.6225E-06 9.6719E-06 1.1405E-05 1.1375E-04 1.4430E-04 8.1576E-05 2.9699E-05 3.3274E-05 5.6410E-05 1.2746E-04 5.7318E-04 1.5724E-03 9.8106E-03 1.4757E-03 1.4942E-04 1.8955E-04 0.0000E+00 0.0000E+00 1.0685E-05 3.7219E-05 0.0000E+00
 0.0000E+00 3.0815E-05 3.7746E-05 1.6189E-05 7.6225E-06 0.0000E+00 3.4214E-05 1.0111E-04 9.1826E-05 1.3596E-04 1.4850E-05 3.3274E-05 9.4017E-05 1.0622E-04 3.3436E-04 2.1853E-03 9.4653E-03 1.6283E-03 1.9211E-04 3.4464E-05 0.0000E+00 0.0000E+00 0.0000E+00 2.1548E-05 0.0000E+00
 0.0000E+00 1.7119E-05 3.1455E-05 1.0793E-05 0.0000E+00 3.8688E-05 1.1405E-05 7.5835E-05 9.1826E-05 4.0788E-05 0.0000E+00 1.6637E-05 0.0000E+00 1.6995E-04 5.2542E-04 1.6790E-03 8.3145E-03 1.5774E-03 4.2691E-04 3.4464E-05 3.9463E-05 0.0000E+00 5.3423E-06 3.7219E-05 0.0000E+00
