 5.2933E-02 0.0000E+00 0.0000E+00 0.0000E+00 0.0000E+00 0.0000E+00 0.0000E+00 0.0000E+00 0.0000E+00 0.0000E+00 0.0000E+00 0.0000E+00 0.0000E+00 0.0000E+00 0.0000E+00 0.0000E+00 1.5087E-02 0.0000E+00 0.0000E+00 0.0000E+00 0.0000E+00 0.0000E+00 0.0000E+00 0.0000E+00 5.2933E-02
 0.0000E+00 0.0000E+00 0.0000E+00 0.0000E+00 0.0000E+00 0.0000E+00 0.0000E+00 0.0000E+00 0.0000E+00 0.0000E+00 0.0000E+00 0.0000E+00 0.0000E+00 0.0000E+00 0.0000E+00 0.0000E+00 1.6364E-02 0.0000E+00 0.0000E+00 0.0000E+00 0.0000E+00 0.0000E+00 0.0000E+00 0.0000E+00 0.0000E+00
 0.0000E+00 0.0000E+00 0.0000E+00 0.0000E+00 0.0000E+00 0.0000E+00 0.0000E+00 0.0000E+00 0.0000E+00 0.0000E+00 0.0000E+00 0.0000E+00 0.0000E+00 0.0000E+00 0.0000E+00 0.0000E+00 2.0402E-02 0.0000E+00 0.0000E+00 0.0000E+00 0.0000E+00 0.0000E+00 0.0000E+00 0.0000E+00 0.0000E+00
 0.0000E+00 0.0000E+00 0.0000E+00 0.0000E+00 0.0000E+00 0.0000E+00 0.0000E+00 0.0000E+00 0.0000E+00 0.0000E+00 0.0000E+00 0.0000E+00 0.0000E+00 0.0000E+00 0.0000E+00 0.0000E+00 1.5447E-02 0.0000E+00 0.0000E+00 0.0000E+00 0.0000E+00 0.0000E+00 0.0000E+00 0.0000E+00 0.0000E+00
 0.0000E+00 0.0000E+00 0.0000E+00 0.0000E+00 0.0000E+00 0.0000E+00 0.0000E+00 0.0000E+00 0.0000E+00 0.0000E+00 0.0000E+00 0.0000E+00 0.0000E+00 0.0000E+00 0.0000E+00 0.0000E+00 1.9875E-02 0.0000E+00 0.0000E+00 0.0000E+00 0.0000E+00 0.0000E+00 0.0000E+00 0.0000E+00 0.0000E+00
 0.0000E+00 0.0000E+00 0.0000E+00 0.0000E+00 0.0000E+00 0.0000E+00 0.0000E+00 0.0000E+00 0.0000E+00 0.0000E+00 0.0000E+00 0.0000E+00 0.0000E+00 0.0000E+00 0.0000E+00 0.0000E+00 2.1582E-02 0.0000E+00 0.0000E+00 0.0000E+00 0.0000E+00 0.0000E+00 0.0000E+00 0.0000E+00 0.0000E+00
 0.0000E+00 0.0000E+00 0.0000E+00 0.0000E+00 0.0000E+00 0.0000E+00 0.0000E+00 0.0000E+00 0.0000E+00 0.0000E+00 0.0000E+00 0.0000E+00 0.0000E+00 0.0000E+00 0.0000E+00 0.0000E+00 2.1693E-02 0.0000E+00 0.0000E+00 0.0000E+00 0.0000E+00 0.0000E+00 0.0000E+00 0.0000E+00 0.0000E+00
 0.0000E+00 0.0000E+00 0.0000E+00 0.0000E+00 0.0000E+00 0.0000E+00 0.0000E+00 0.0000E+00 0.0000E+00 0.0000E+00 0.0000E+00 0.0000E+00 0.0000E+00 0.0000E+00 0.0000E+00 0.0000E+00 2.2345E-02 0.0000E+00 0.0000E+00 0.0000E+00 0.0000E+00 0.0000E+00 0.0000E+00 0.0000E+00 0.0000E+00
 0.0000E+00 0.0000E+00 0.0000E+00 0.0000E+00 0.0000E+00 0.0000E+00 0.0000E+00 0.0000E+00 0.0000E+00 0.0000E+00 0.0000E+00 0.0000E+00 0.0000E+00 0.0000E+00 0.0000E+00 0.0000E+00 2.9757E-02 0.0000E+00 0.0000E+00 0.0000E+00 0.0000E+00 0.0000E+00 0.0000E+00 0.0000E+00 0.0000E+00
 0.0000E+00 0.0000E+00 0.0000E+00 0.0000E+00 0.0000E+00 0.0000E+00 0.0000E+00 0.0000E+00 0.0000E+00 0.0000E+00 0.0000E+00 0.0000E+00 0.0000E+00 0.0000E+00 0.0000E+00 0.0000E+00 2.8938E-02 0.0000E+00 0.0000E+00 0.0000E+00 0.0000E+00 0.0000E+00 0.0000E+00 0.0000E+00 0.0000E+00
 0.0000E+00 0.0000E+00 0.0000E+00 0.0000E+00 0.0000E+00 0.0000E+00 0.0000E+00 0.0000E+00 0.0000E+00 0.0000E+00 0.0000E+00 0.0000E+00 0.0000E+00 0.0000E+00 0.0000E+00 0.0000E+00 3.6349E-02 0.0000E+00 0.0000E+00 0.0000E+00 0.0000E+00 0.0000E+00 0.0000E+00 0.0000E+00 0.0000E+00
 0.0000E+00 0.0000E+00 0.0000E+00 0.0000E+00 0.0000E+00 0.0000E+00 0.0000E+00 0.0000E+00 0.0000E+00 0.0000E+00 0.0000E+00 0.0000E+00 0.0000E+00 0.0000E+00 0.0000E+00 0.0000E+00 3.7987E-02 0.0000E+00 0.0000E+00 0.0000E+00 0.0000E+00 0.0000E+00 0.0000E+00 0.0000E+00 0.0000E+00
 0.0000E+00 0.0000E+00 0.0000E+00 0.0000E+00 0.0000E+00 0.0000E+00 0.0000E+00 0.0000E+00 0.0000E+00 0.0000E+00 0.0000E+00 0.0000E+00 0.0000E+00 0.0000E+00 0.0000E+00 0.0000E+00 4.8397E-02 0.0000E+00 0.0000E+00 0.0000E+00 0.0000E+00 0.0000E+00 0.0000E+00 0.0000E+00 0.0000E+00
 0.0000E+00 0.0000E+00 0.0000E+00 0.0000E+00 0.0000E+00 0.0000E+00 0.0000E+00 0.0000E+00 0.0000E+00 0.0000E+00 0.0000E+00 0.0000E+00 0.0000E+00 0.0000E+00 0.0000E+00 0.0000E+00 4.1013E-02 0.0000E+00 0.0000E+00 0.0000E+00 0.0000E+00 0.0000E+00 0.0000E+00 0.0000E+00 0.0000E+00
 0.0000E+00 0.0000E+00 0.0000E+00 0.0000E+00 0.0000E+00 0.0000E+00 0.0000E+00 0.0000E+00 0.0000E+00 0.0000E+00 0.0000E+00 0.0000E+00 0.0000E+00 0.0000E+00 0.0000E+00 0.0000E+00 5.8015E-02 0.0000E+00 0.0000E+00 0.0000E+00 0.0000E+00 0.0000E+00 0.0000E+00 0.0000E+00 0.0000E+00
 0.0000E+00 0.0000E+00 0.0000E+00 0.0000E+00 0.0000E+00 0.0000E+00 0.0000E+00 0.0000E+00 0.0000E+00 0.0000E+00 0.0000E+00 0.0000E+00 0.0000E+00 0.0000E+00 0.0000E+00 0.0000E+00 5.2463E-02 0.0000E+00 0.0000E+00 0.0000E+00 0.0000E+00 0.0000E+00 0.0000E+00 0.0000E+00 0.0000E+00
 0.0000E+00 0.0000E+00 0.0000E+00 0.0000E+00 0.0000E+00 0.0000E+00 0.0000E+00 0.0000E+00 0.0000E+00 0.0000E+00 0.0000E+00 0.0000E+00 0.0000E+00 0.0000E+00 0.0000E+00 0.0000E+00 6.0374E-02 0.0000E+00 0.0000E+00 0.0000E+00 0.0000E+00 0.0000E+00 0.0000E+00 0.0000E+00 0.0000E+00
 0.0000E+00 0.0000E+00 0.0000E+00 0.0000E+00 0.0000E+00 0.0000E+00 0.0000E+00 0.0000E+00 0.0000E+00 0.0000E+00 0.0000E+00 0.0000E+00 0.0000E+00 0.0000E+00 0.0000E+00 0.0000E+00 5.5447E-02 0.0000E+00 0.0000E+00 0.0000E+00 0.0000E+00 0.0000E+00 0.0000E+00 0.0000E+00 0.0000E+00
 0.0000E+00 0.0000E+00 0.0000E+00 0.0000E+00 0.0000E+00 0.0000E+00 0.0000E+00 0.0000E+00 0.0000E+00 0.0000E+00 0.0000E+00 0.0000E+00 0.0000E+00 0.0000E+00 0.0000E+00 0.0000E+00 6.2040E-02 0.0000E+00 0.0000E+00 0.0000E+00 0.0000E+00 0.0000E+00 0.0000E+00 0.0000E+00 0.0000E+00
 0.0000E+00 0.0000E+00 0.0000E+00 0.0000E+00 0.0000E+00 0.0000E+00 0.0000E+00 0.0000E+00 0.0000E+00 0.0000E+00 0.0000E+00 0.0000E+00 0.0000E+00 0.0000E+00 0.0000E+00 0.0000E+00 7.3143E-02 0.0000E+00 0.0000E+00 0.0000E+00 0.0000E+00 0.0000E+00 0.0000E+00 0.0000E+00 0.0000E+00
 0.0000E+00 0.0000E+00 0.0000E+00 0.0000E+00 0.0000E+00 0.0000E+00 0.0000E+00 0.0000E+00 0.0000E+00 0.0000E+00 0.0000E+00 0.0000E+00 0.0000E+00 0.0000E+00 0.0000E+00 0.0000E+00 7.9819E-02 0.0000E+00 0.0000E+00 0.0000E+00 0.0000E+00 0.0000E+00 0.0000E+00 0.0000E+00 0.0000E+00
 0.0000E+00 0.0000E+00 0.0000E+00 0.0000E+00 0.0000E+00 0.0000E+00 0.0000E+00 0.0000E+00 0.0000E+00 0.0000E+00 0.0000E+00 0.0000E+00 0.0000E+00 0.0000E+00 0.0000E+00 0.0000E+00 7.6127E-02 0.0000E+00 0.0000E+00 0.0000E+00 0.0000E+00 0.0000E+00 0.0000E+00 0.0000E+00 0.0000E+00
 0.0000E+00 2.1535E-05 0.0000E+00 0.0000E+00 0.0000E+00 0.0000E+00 0.0000E+00 0.0000E+00 0.0000E+00 0.0000E+00 0.0000E+00 0.0000E+00 0.0000E+00 0.0000E+00 0.0000E+00 0.0000E+00 7.6668E-02 0.0000E+00 0.0000E+00 0.0000E+00 0.0000E+00 0.0000E+00 0.0000E+00 0.0000E+00 0.0000E+00
 0.0000E+00 1.9484E-05 0.0000E+00 0.0000E+00 0.0000E+00 0.0000E+00 0.0000E+00 0.0000E+00 0.0000E+00 0.0000E+00 0.0000E+00 0.0000E+00 0.0000E+00 0.0000E+00 0.0000E+00 0.0000E+00 8.0013E-02 0.0000E+00 0.0000E+00 0.0000E+00 0.0000E+00 0.0000E+00 0.0000E+00 0.0000E+00 0.0000E+00
 0.0000E+00 4.2044E-05 0.0000E+00 0.0000E+00 0.0000E+00 0.0000E+00 0.0000E+00 0.0000E+00 1.3962E-03 0.0000E+00 0.0000E+00 0.0000E+00 0.0000E+00 0.0000E+00 0.0000E+00 0.0000E+00 8.1304E-02 0.0000E+00 0.0000E+00 0.0000E+00 0.0000E+00 0.0000E+00 0.0000E+00 0.0000E+00 0.0000E+00
 0.0000E+00 1.8971E-05 0.0000E+00 0.0000E+00 0.0000E+00 0.0000E+00 0.0000E+00 0.0000E+00 1.1157E-03 0.0000E+00 0.0000E+00 0.0000E+00 0.0000E+00 0.0000E+00 0.0000E+00 0.0000E+00 9.6002E-02 0.0000E+00 0.0000E+00 0.0000E+00 0.0000E+00 0.0000E+00 0.0000E+00 0.0000E+00 0.0000E+00
 0.0000E+00 7.4346E-05 0.0000E+00 0.0000E+00 0.0000E+00 0.0000E+00 0.0000E+00 0.0000E+00 2.3814E-03 0.0000E+00 0.0000E+00 0.0000E+00 0.0000E+00 0.0000E+00 0.0000E+00 0.0000E+00 9.0284E-02 0.0000E+00 0.0000E+00 0.0000E+00 0.0000E+00 0.0000E+00 0.0000E+00 0.0000E+00 0.0000E+00
 0.0000E+00 2.3073E-04 0.0000E+00 0.0000E+00 0.0000E+00 0.0000E+00 0.0000E+00 0.0000E+00 3.0991E-03 0.0000E+00 0.0000E+00 0.0000E+00 0.0000E+00 0.0000E+00 0.0000E+00 0.0000E+00 1.0050E-01 0.0000E+00 0.0000E+00 0.0000E+00 0.0000E+00 0.0000E+00 0.0000E+00 0.0000E+00 0.0000E+00
 0.0000E+00 2.7277E-04 0.0000E+00 0.0000E+00 0.0000E+00 0.0000E+00 0.0000E+00 0.0000E+00 2.9230E-03 0.0000E+00 0.0000E+00 0.0000E+00 0.0000E+00 0.0000E+00 0.0000E+00 0.0000E+00 9.8820E-02 0.0000E+00 0.0000E+00 0.0000E+00 0.0000E+00 0.0000E+00 0.0000E+00 0.0000E+00 0.0000E+00
 0.0000E+00 4.1736E-04 0.0000E+00 0.0000E+00 0.0000E+00 0.0000E+00 0.0000E+00 0.0000E+00 6.3484E-03 0.0000E+00 0.0000E+00 0.0000E+00 0.0000E+00 0.0000E+00 0.0000E+00 0.0000E+00 1.0985E-01 0.0000E+00 0.0000E+00 0.0000E+00 0.0000E+00 0.0000E+00 0.0000E+00 0.0000E+00 0.0000E+00
 0.0000E+00 7.5166E-04 0.0000E+00 0.0000E+00 0.0000E+00 0.0000E+00 0.0000E+00 0.0000E+00 8.4231E-03 0.0000E+00 0.0000E+00 0.0000E+00 0.0000E+00 0.0000E+00 0.0000E+00 0.0000E+00 1.0897E-01 0.0000E+00 0.0000E+00 0.0000E+00 0.0000E+00 0.0000E+00 0.0000E+00 0.0000E+00 0.0000E+00
 0.0000E+00 1.0475E-03 0.0000E+00 0.0000E+00 0.0000E+00 0.0000E+00 0.0000E+00 0.0000E+00 8.1622E-03 0.0000E+00 0.0000E+00 0.0000E+00 0.0000E+00 0.0000E+00 0.0000E+00 0.0000E+00 1.1765E-01 0.0000E+00 0.0000E+00 0.0000E+00 0.0000E+00 0.0000E+00 0.0000E+00 0.0000E+00 0.0000E+00
 0.0000E+00 1.4264E-03 0.0000E+00 0.0000E+00 0.0000E+00 0.0000E+00 0.0000E+00 0.0000E+00 1.0159E-02 0.0000E+00 0.0000E+00 0.0000E+00 0.0000E+00 0.0000E+00 0.0000E+00 0.0000E+00 1.2183E-01 0.0000E+00 0.0000E+00 0.0000E+00 0.0000E+00 0.0000E+00 0.0000E+00 0.0000E+00 0.0000E+00
 0.0000E+00 2.2088E-03 0.0000E+00 0.0000E+00 0.0000E+00 0.0000E+00 0.0000E+00 0.0000E+00 8.4166E-03 0.0000E+00 0.0000E+00 0.0000E+00 0.0000E+00 0.0000E+00 0.0000E+00 0.0000E+00 1.2719E-01 0.0000E+00 0.0000E+00 0.0000E+00 0.0000E+00 0.0000E+00 0.0000E+00 0.0000E+00 0.0000E+00
 0.0000E+00 2.8036E-03 0.0000E+00 0.0000E+00 0.0000E+00 0.0000E+00 0.0000E+00 0.0000E+00 6.8051E-03 0.0000E+00 0.0000E+00 0.0000E+00 0.0000E+00 0.0000E+00 0.0000E+00 0.0000E+00 1.2445E-01 0.0000E+00 0.0000E+00 0.0000E+00 0.0000E+00 0.0000E+00 0.0000E+00 0.0000E+00 0.0000E+00
 0.0000E+00 3.9193E-03 0.0000E+00 0.0000E+00 0.0000E+00 0.0000E+00 0.0000E+00 0.0000E+00 1.1868E-02 0.0000E+00 0.0000E+00 0.0000E+00 0.0000E+00 0.0000E+00 0.0000E+00 0.0000E+00 1.3427E-01 0.0000E+00 0.0000E+00 0.0000E+00 0.0000E+00 0.0000E+00 0.0000E+00 0.0000E+00 0.0000E+00
 0.0000E+00 5.0914E-03 0.0000E+00 0.0000E+00 0.0000E+00 0.0000E+00 0.0000E+00 0.0000E+00 1.7009E-02 0.0000E+00 0.0000E+00 0.0000E+00 0.0000E+00 0.0000E+00 0.0000E+00 0.0000E+00 1.2629E-01 0.0000E+00 0.0000E+00 0.0000E+00 0.0000E+00 0.0000E+00 0.0000E+00 0.0000E+00 0.0000E+00
 0.0000E+00 6.0928E-03 0.0000E+00 0.0000E+00 0.0000E+00 0.0000E+00 0.0000E+00 0.0000E+00 1.5261E-02 0.0000E+00 0.0000E+00 0.0000E+00 0.0000E+00 0.0000E+00 0.0000E+00 1.2475E-03 1.3681E-01 0.0000E+00 0.0000E+00 0.0000E+00 0.0000E+00 0.0000E+00 0.0000E+00 0.0000E+00 0.0000E+00
 0.0000E+00 7.6740E-03 0.0000E+00 0.0000E+00 0.0000E+00 0.0000E+00 0.0000E+00 0.0000E+00 1.0537E-02 0.0000E+00 0.0000E+00 0.0000E+00 0.0000E+00 0.0000E+00 0.0000E+00 6.7104E-03 1.3911E-01 0.0000E+00 0.0000E+00 0.0000E+00 0.0000E+00 0.0000E+00 0.0000E+00 0.0000E+00 0.0000E+00
 0.0000E+00 9.3055E-03 0.0000E+00 0.0000E+00 0.0000E+00 0.0000E+00 0.0000E+00 0.0000E+00 1.5150E-02 0.0000E+00 0.0000E+00 0.0000E+00 0.0000E+00 0.0000E+00 0.0000E+00 5.9882E-03 1.3148E-01 5.5736E-04 0.0000E+00 0.0000E+00 0.0000E+00 0.0000E+00 0.0000E+00 0.0000E+00 0.0000E+00
 0.0000E+00 1.1302E-02 0.0000E+00 0.0000E+00 0.0000E+00 0.0000E+00 0.0000E+00 0.0000E+00 1.6363E-02 1.5729E-03 0.0000E+00 0.0000E+00 0.0000E+00 0.0000E+00 0.0000E+00 6.9074E-03 1.4225E-01 4.0662E-03 0.0000E+00 0.0000E+00 0.0000E+00 0.0000E+00 0.0000E+00 0.0000E+00 0.0000E+00
 0.0000E+00 1.3328E-02 0.0000E+00 0.0000E+00 0.0000E+00 0.0000E+00 0.0000E+00 0.0000E+00 2.2738E-02 9.7382E-03 0.0000E+00 0.0000E+00 0.0000E+00 0.0000E+00 0.0000E+00 5.3447E-03 1.2624E-01 6.3463E-03 0.0000E+00 0.0000E+00 0.0000E+00 0.0000E+00 0.0000E+00 0.0000E+00 0.0000E+00
 0.0000E+00 1.6105E-02 0.0000E+00 0.0000E+00 0.0000E+00 0.0000E+00 0.0000E+00 0.0000E+00 2.0631E-02 1.7097E-04 0.0000E+00 0.0000E+00 0.0000E+00 0.0000E+00 0.0000E+00 1.3986E-02 1.4443E-01 7.4484E-03 0.0000E+00 0.0000E+00 0.0000E+00 0.0000E+00 0.0000E+00 0.0000E+00 0.0000E+00
 0.0000E+00 1.8062E-02 0.0000E+00 0.0000E+00 0.0000E+00 0.0000E+00 0.0000E+00 1.2446E-05 1.8980E-02 1.1968E-03 0.0000E+00 0.0000E+00 0.0000E+00 0.0000E+00 0.0000E+00 1.6060E-02 1.4887E-01 1.3364E-02 0.0000E+00 0.0000E+00 0.0000E+00 0.0000E+00 0.0000E+00 0.0000E+00 0.0000E+00
 0.0000E+00 2.1667E-02 0.0000E+00 0.0000E+00 0.0000E+00 0.0000E+00 0.0000E+00 1.2446E-04 2.0285E-02 3.5356E-03 0.0000E+00 0.0000E+00 0.0000E+00 0.0000E+00 0.0000E+00 2.5187E-02 1.5689E-01 9.4245E-03 0.0000E+00 0.0000E+00 0.0000E+00 0.0000E+00 0.0000E+00 1.6864E-05 0.0000E+00
 0.0000E+00 2.4666E-02 0.0000E+00 0.0000E+00 0.0000E+00 0.0000E+00 0.0000E+00 0.0000E+00 1.6435E-02 4.2263E-03 0.0000E+00 0.0000E+00 0.0000E+00 0.0000E+00 0.0000E+00 1.7413E-02 1.5137E-01 2.4891E-02 0.0000E+00 0.0000E+00 0.0000E+00 0.0000E+00 0.0000E+00 0.0000E+00 0.0000E+00
 0.0000E+00 2.6690E-02 0.0000E+00 0.0000E+00 0.0000E+00 0.0000E+00 0.0000E+00 6.8451E-05 2.2333E-02 3.5766E-03 0.0000E+00 0.0000E+00 0.0000E+00 0.0000E+00 0.0000E+00 2.9862E-02 1.4007E-01 1.0413E-02 0.0000E+00 0.0000E+00 0.0000E+00 0.0000E+00 0.0000E+00 4.7043E-05 0.0000E+00
 0.0000E+00 2.9976E-02 0.0000E+00 0.0000E+00 0.0000E+00 0.0000E+00 0.0000E+00 1.2446E-04 2.2327E-02 1.4224E-03 0.0000E+00 0.0000E+00 0.0000E+00 0.0000E+00 0.0000E+00 2.6185E-02 1.6168E-01 1.2173E-02 0.0000E+00 0.0000E+00 0.0000E+00 0.0000E+00 0.0000E+00 1.8640E-05 0.0000E+00
 0.0000E+00 3.3129E-02 0.0000E+00 0.0000E+00 0.0000E+00 0.0000E+00 0.0000E+00 1.1201E-03 2.2875E-02 9.7382E-03 0.0000E+00 0.0000E+00 0.0000E+00 0.0000E+00 0.0000E+00 1.9409E-02 1.5213E-01 3.9269E-03 0.0000E+00 0.0000E+00 0.0000E+00 0.0000E+00 0.0000E+00 6.8345E-05 0.0000E+00
 0.0000E+00 3.5162E-02 0.0000E+00 0.0000E+00 0.0000E+00 0.0000E+00 0.0000E+00 5.5383E-04 2.3612E-02 9.7450E-03 0.0000E+00 0.0000E+00 0.0000E+00 0.0000E+00 0.0000E+00 2.3047E-02 1.5564E-01 5.2696E-03 0.0000E+00 0.0000E+00 0.0000E+00 0.0000E+00 0.0000E+00 1.1539E-04 0.0000E+00
 0.0000E+00 3.8353E-02 0.0000E+00 0.0000E+00 0.0000E+00 0.0000E+00 0.0000E+00 4.6049E-04 2.6013E-02 8.4799E-03 0.0000E+00 0.0000E+00 0.0000E+00 0.0000E+00 0.0000E+00 1.9475E-02 1.5271E-01 7.7271E-03 0.0000E+00 0.0000E+00 0.0000E+00 0.0000E+00 0.0000E+00 2.1746E-04 0.0000E+00
 0.0000E+00 4.1180E-02 0.0000E+00 0.0000E+00 0.0000E+00 0.0000E+00 0.0000E+00 1.1823E-03 2.5922E-02 1.5366E-02 0.0000E+00 0.0000E+00 0.0000E+00 0.0000E+00 0.0000E+00 2.3112E-02 1.5857E-01 1.5695E-02 0.0000E+00 0.0000E+00 0.0000E+00 0.0000E+00 0.0000E+00 4.6599E-04 0.0000E+00
 0.0000E+00 4.3045E-02 0.0000E+00 0.0000E+00 0.0000E+00 0.0000E+00 0.0000E+00 6.1606E-04 3.1768E-02 1.2398E-02 0.0000E+00 0.0000E+00 0.0000E+00 0.0000E+00 0.0000E+00 2.3139E-02 1.6400E-01 4.3069E-03 0.0000E+00 0.0000E+00 0.0000E+00 0.0000E+00 0.0000E+00 5.6718E-04 0.0000E+00
 0.0000E+00 4.5759E-02 0.0000E+00 0.0000E+00 0.0000E+00 0.0000E+00 0.0000E+00 4.8538E-04 2.1798E-02 1.8751E-02 0.0000E+00 0.0000E+00 0.0000E+00 0.0000E+00 0.0000E+00 1.6047E-02 1.5588E-01 5.7130E-03 0.0000E+00 0.0000E+00 0.0000E+00 0.0000E+00 0.0000E+00 8.0505E-04 0.0000E+00
 0.0000E+00 4.7980E-02 0.0000E+00 0.0000E+00 0.0000E+00 0.0000E+00 0.0000E+00 1.2259E-03 2.8884E-02 3.4644E-02 0.0000E+00 0.0000E+00 0.0000E+00 0.0000E+00 0.0000E+00 3.6901E-02 1.5856E-01 1.0210E-02 0.0000E+00 0.0000E+00 0.0000E+00 0.0000E+00 0.0000E+00 1.1832E-03 0.0000E+00
 0.0000E+00 4.9514E-02 0.0000E+00 0.0000E+00 0.0000E+00 0.0000E+00 0.0000E+00 8.2763E-04 2.8199E-02 3.9363E-02 0.0000E+00 0.0000E+00 0.0000E+00 0.0000E+00 0.0000E+00 3.2712E-02 1.4988E-01 1.1793E-02 0.0000E+00 0.0000E+00 0.0000E+00 0.0000E+00 0.0000E+00 1.7601E-03 0.0000E+00
 0.0000E+00 5.1827E-02 0.0000E+00 0.0000E+00 0.0000E+00 0.0000E+00 0.0000E+00 2.0722E-03 2.7494E-02 3.6990E-02 0.0000E+00 0.0000E+00 0.0000E+00 0.0000E+00 0.0000E+00 2.9271E-02 1.5439E-01 2.2168E-03 0.0000E+00 0.0000E+00 0.0000E+00 0.0000E+00 0.0000E+00 2.0015E-03 0.0000E+00
 0.0000E+00 5.3397E-02 0.0000E+00 0.0000E+00 0.0000E+00 0.0000E+00 0.0000E+00 7.0318E-04 3.0469E-02 3.2087E-02 0.0000E+00 0.0000E+00 0.0000E+00 0.0000E+00 0.0000E+00 3.0007E-02 1.6840E-01 1.1705E-02 0.0000E+00 0.0000E+00 0.0000E+00 0.0000E+00 0.0000E+00 2.7063E-03 0.0000E+00
 0.0000E+00 5.4228E-02 0.0000E+00 0.0000E+00 0.0000E+00 0.0000E+00 0.0000E+00 1.3752E-03 3.1344E-02 3.5130E-02 0.0000E+00 0.0000E+00 0.0000E+00 0.0000E+00 0.0000E+00 2.7577E-02 1.5231E-01 2.7995E-03 0.0000E+00 0.0000E+00 0.0000E+00 0.0000E+00 0.0000E+00 3.5841E-03 0.0000E+00
 0.0000E+00 5.5090E-02 0.0000E+00 0.0000E+00 0.0000E+00 0.0000E+00 0.0000E+00 1.6366E-03 2.7762E-02 4.2126E-02 0.0000E+00 0.0000E+00 0.0000E+00 0.0000E+00 0.0000E+00 3.7741E-02 1.5953E-01 5.7003E-03 0.0000E+00 0.0000E+00 0.0000E+00 0.0000E+00 0.0000E+00 4.4646E-03 0.0000E+00
 0.0000E+00 5.6409E-02 0.0000E+00 0.0000E+00 0.0000E+00 0.0000E+00 0.0000E+00 2.4518E-03 3.2662E-02 4.5210E-02 0.0000E+00 0.0000E+00 0.0000E+00 0.0000E+00 0.0000E+00 3.6310E-02 1.5277E-01 1.4631E-02 0.0000E+00 0.0000E+00 0.0000E+00 0.0000E+00 0.0000E+00 5.7880E-03 0.0000E+00
 0.0000E+00 5.7010E-02 0.0000E+00 0.0000E+00 0.0000E+00 0.0000E+00 0.0000E+00 2.4580E-03 3.0757E-02 5.8005E-02 0.0000E+00 0.0000E+00 0.0000E+00 0.0000E+00 0.0000E+00 4.5817E-02 1.6140E-01 2.5968E-03 0.0000E+00 0.0000E+00 0.0000E+00 0.0000E+00 0.0000E+00 8.0088E-03 0.0000E+00
 0.0000E+00 5.7232E-02 0.0000E+00 0.0000E+00 0.0000E+00 0.0000E+00 0.0000E+00 1.8731E-03 3.0704E-02 5.8969E-02 0.0000E+00 0.0000E+00 0.0000E+00 0.0000E+00 0.0000E+00 5.0794E-02 1.5218E-01 2.7868E-04 0.0000E+00 0.0000E+00 0.0000E+00 0.0000E+00 0.0000E+00 8.9443E-03 0.0000E+00
 0.0000E+00 5.8417E-02 0.0000E+00 0.0000E+00 0.0000E+00 0.0000E+00 0.0000E+00 2.0100E-03 3.5552E-02 5.8251E-02 0.0000E+00 0.0000E+00 0.0000E+00 0.0000E+00 0.0000E+00 5.9711E-02 1.6086E-01 3.8002E-03 0.0000E+00 0.0000E+00 0.0000E+00 0.0000E+00 0.0000E+00 1.1509E-02 0.0000E+00
 0.0000E+00 5.7373E-02 0.0000E+00 0.0000E+00 0.0000E+00 0.0000E+00 0.0000E+00 4.5302E-03 2.7599E-02 5.5988E-02 0.0000E+00 0.0000E+00 0.0000E+00 0.0000E+00 0.0000E+00 4.8785E-02 1.6017E-01 7.3471E-04 0.0000E+00 0.0000E+00 0.0000E+00 0.0000E+00 0.0000E+00 1.3212E-02 0.0000E+00
 0.0000E+00 5.5962E-02 0.0000E+00 0.0000E+00 0.0000E+00 0.0000E+00 0.0000E+00 3.4785E-03 3.7705E-02 5.3061E-02 0.0000E+00 0.0000E+00 0.0000E+00 0.0000E+00 0.0000E+00 6.2521E-02 1.6243E-01 2.4321E-03 0.0000E+00 0.0000E+00 0.0000E+00 0.0000E+00 0.0000E+00 1.6464E-02 0.0000E+00
 0.0000E+00 5.7174E-02 0.0000E+00 0.0000E+00 0.0000E+00 0.0000E+00 0.0000E+00 2.9994E-03 3.1696E-02 5.5632E-02 0.0000E+00 0.0000E+00 0.0000E+00 0.0000E+00 0.0000E+00 4.8851E-02 1.6327E-01 3.0022E-03 0.0000E+00 0.0000E+00 0.0000E+00 0.0000E+00 0.0000E+00 1.6861E-02 0.0000E+00
 0.0000E+00 5.6730E-02 0.0000E+00 0.0000E+00 0.0000E+00 0.0000E+00 5.6129E-04 4.7791E-03 4.0909E-02 4.7535E-02 0.0000E+00 0.0000E+00 0.0000E+00 0.0000E+00 0.0000E+00 5.9107E-02 1.5485E-01 2.6601E-03 0.0000E+00 0.0000E+00 0.0000E+00 0.0000E+00 0.0000E+00 1.9913E-02 0.0000E+00
 0.0000E+00 5.6076E-02 0.0000E+00 0.0000E+00 0.0000E+00 0.0000E+00 8.6139E-04 4.8164E-03 3.7327E-02 5.3916E-02 0.0000E+00 0.0000E+00 0.0000E+00 0.0000E+00 0.0000E+00 5.1451E-02 1.5438E-01 6.1057E-03 0.0000E+00 0.0000E+00 0.0000E+00 0.0000E+00 0.0000E+00 2.4285E-02 0.0000E+00
 0.0000E+00 5.5263E-02 0.0000E+00 0.0000E+00 0.0000E+00 0.0000E+00 2.7787E-05 6.1979E-03 4.3675E-02 4.6591E-02 0.0000E+00 0.0000E+00 0.0000E+00 0.0000E+00 0.0000E+00 7.0217E-02 1.6212E-01 1.0033E-02 0.0000E+00 0.0000E+00 0.0000E+00 0.0000E+00 0.0000E+00 2.6737E-02 0.0000E+00
 0.0000E+00 5.3922E-02 0.0000E+00 0.0000E+00 0.0000E+00 0.0000E+00 0.0000E+00 5.4201E-03 3.6929E-02 5.0106E-02 0.0000E+00 0.0000E+00 0.0000E+00 0.0000E+00 6.7294E-04 7.3683E-02 1.4765E-01 5.9663E-03 0.0000E+00 0.0000E+00 0.0000E+00 0.0000E+00 0.0000E+00 2.9644E-02 0.0000E+00
 0.0000E+00 5.3699E-02 0.0000E+00 0.0000E+00 0.0000E+00 0.0000E+00 2.4008E-03 7.2496E-03 3.9010E-02 4.4670E-02 0.0000E+00 0.0000E+00 0.0000E+00 0.0000E+00 8.8924E-04 7.2199E-02 1.5599E-01 1.3237E-02 0.0000E+00 0.0000E+00 0.0000E+00 0.0000E+00 0.0000E+00 3.3034E-02 0.0000E+00
 0.0000E+00 5.2312E-02 0.0000E+00 0.0000E+00 0.0000E+00 0.0000E+00 1.9840E-03 7.7847E-03 3.3686E-02 4.4752E-02 0.0000E+00 0.0000E+00 0.0000E+00 0.0000E+00 1.4672E-02 6.8404E-02 1.5288E-01 6.0043E-03 0.0000E+00 0.0000E+00 0.0000E+00 0.0000E+00 0.0000E+00 3.7004E-02 0.0000E+00
 0.0000E+00 5.1264E-02 5.1530E-05 0.0000E+00 0.0000E+00 0.0000E+00 1.1504E-03 6.8389E-03 3.8214E-02 5.6678E-02 0.0000E+00 0.0000E+00 0.0000E+00 0.0000E+00 1.5898E-02 7.7570E-02 1.5936E-01 7.3597E-03 0.0000E+00 0.0000E+00 0.0000E+00 0.0000E+00 0.0000E+00 4.0363E-02 0.0000E+00
 0.0000E+00 5.0359E-02 4.2941E-05 0.0000E+00 0.0000E+00 0.0000E+00 1.7117E-03 7.1749E-03 3.4737E-02 4.6195E-02 0.0000E+00 0.0000E+00 0.0000E+00 0.0000E+00 1.5273E-02 7.4117E-02 1.5604E-01 1.1299E-02 0.0000E+00 0.0000E+00 0.0000E+00 0.0000E+00 0.0000E+00 4.2684E-02 0.0000E+00
 0.0000E+00 4.9803E-02 2.4333E-05 0.0000E+00 0.0000E+00 0.0000E+00 4.2236E-04 7.5856E-03 3.7470E-02 3.8713E-02 0.0000E+00 0.0000E+00 0.0000E+00 0.0000E+00 6.6092E-04 7.6441E-02 1.5911E-01 1.6366E-02 0.0000E+00 0.0000E+00 0.0000E+00 0.0000E+00 0.0000E+00 4.6335E-02 0.0000E+00
 0.0000E+00 4.8188E-02 2.2902E-05 0.0000E+00 0.0000E+00 0.0000E+00 2.7787E-04 6.3286E-03 4.2148E-02 4.2721E-02 0.0000E+00 0.0000E+00 0.0000E+00 0.0000E+00 0.0000E+00 8.0827E-02 1.5016E-01 6.7517E-03 0.0000E+00 0.0000E+00 0.0000E+00 0.0000E+00 0.0000E+00 4.9585E-02 0.0000E+00
 0.0000E+00 4.6941E-02 1.1308E-04 0.0000E+00 0.0000E+00 0.0000E+00 6.3909E-04 9.0168E-03 4.0171E-02 5.4346E-02 0.0000E+00 0.0000E+00 0.0000E+00 0.0000E+00 0.0000E+00 7.3591E-02 1.5840E-01 7.9551E-03 0.0000E+00 0.0000E+00 0.0000E+00 0.0000E+00 0.0000E+00 5.3900E-02 0.0000E+00
 0.0000E+00 4.6357E-02 5.0098E-05 0.0000E+00 0.0000E+00 0.0000E+00 1.9673E-03 7.3180E-03 4.1020E-02 4.6995E-02 9.0505E-05 0.0000E+00 0.0000E+00 0.0000E+00 0.0000E+00 7.9987E-02 1.5300E-01 7.2077E-03 0.0000E+00 0.0000E+00 0.0000E+00 0.0000E+00 0.0000E+00 5.6211E-02 0.0000E+00
 0.0000E+00 4.5263E-02 1.0449E-04 0.0000E+00 0.0000E+00 0.0000E+00 1.7005E-03 7.6043E-03 3.4430E-02 4.2673E-02 1.2369E-03 0.0000E+00 0.0000E+00 0.0000E+00 9.6134E-04 8.8536E-02 1.4594E-01 1.0755E-02 0.0000E+00 0.0000E+00 0.0000E+00 0.0000E+00 0.0000E+00 5.9086E-02 0.0000E+00
 0.0000E+00 4.4076E-02 8.5883E-05 0.0000E+00 0.0000E+00 0.0000E+00 5.7796E-04 7.8469E-03 4.0843E-02 4.9094E-02 0.0000E+00 0.0000E+00 0.0000E+00 0.0000E+00 4.3861E-03 9.1201E-02 1.5366E-01 1.4542E-02 0.0000E+00 0.0000E+00 0.0000E+00 0.0000E+00 0.0000E+00 6.1445E-02 0.0000E+00
 0.0000E+00 4.3052E-02 1.4600E-04 0.0000E+00 0.0000E+00 0.0000E+00 0.0000E+00 7.7598E-03 3.7562E-02 5.4517E-02 2.0967E-03 0.0000E+00 0.0000E+00 0.0000E+00 1.9347E-03 8.7827E-02 1.5121E-01 8.5631E-03 0.0000E+00 0.0000E+00 0.0000E+00 0.0000E+00 0.0000E+00 6.3816E-02 0.0000E+00
 0.0000E+00 4.1417E-02 3.6071E-04 0.0000E+00 0.0000E+00 0.0000E+00 7.0022E-04 8.3821E-03 3.9317E-02 4.4861E-02 2.2476E-03 0.0000E+00 0.0000E+00 0.0000E+00 3.9415E-03 9.4695E-02 1.5799E-01 1.6987E-02 0.0000E+00 0.0000E+00 0.0000E+00 0.0000E+00 0.0000E+00 6.6200E-02 0.0000E+00
 0.0000E+00 4.0481E-02 5.0671E-04 0.0000E+00 0.0000E+00 0.0000E+00 1.8895E-04 1.0156E-02 4.2201E-02 4.8882E-02 2.5869E-03 0.0000E+00 0.0000E+00 0.0000E+00 1.3855E-02 9.0400E-02 1.5443E-01 1.3301E-02 0.0000E+00 0.0000E+00 0.0000E+00 0.0000E+00 0.0000E+00 6.6785E-02 0.0000E+00
 0.0000E+00 3.9447E-02 9.1895E-04 0.0000E+00 0.0000E+00 0.0000E+00 4.4459E-04 1.0205E-02 3.7797E-02 5.0961E-02 1.9006E-03 0.0000E+00 0.0000E+00 0.0000E+00 8.6521E-03 1.0292E-01 1.5711E-01 1.4466E-02 0.0000E+00 0.0000E+00 0.0000E+00 0.0000E+00 2.7722E-05 6.9234E-02 0.0000E+00
 0.0000E+00 3.8107E-02 1.6146E-03 0.0000E+00 0.0000E+00 0.0000E+00 9.3363E-04 9.4711E-03 4.1150E-02 4.5183E-02 1.8026E-03 0.0000E+00 0.0000E+00 0.0000E+00 2.4178E-02 9.8936E-02 1.5021E-01 2.0293E-02 0.0000E+00 0.0000E+00 0.0000E+00 0.0000E+00 1.0837E-04 7.1823E-02 0.0000E+00
 0.0000E+00 3.7132E-02 2.1514E-03 0.0000E+00 0.0000E+00 0.0000E+00 1.7617E-03 1.0722E-02 4.6376E-02 4.2687E-02 6.8860E-03 0.0000E+00 0.0000E+00 0.0000E+00 2.0260E-02 1.0268E-01 1.5206E-01 2.2637E-02 0.0000E+00 0.0000E+00 0.0000E+00 4.8904E-04 2.9990E-04 7.3237E-02 0.0000E+00
 0.0000E+00 3.6111E-02 2.1557E-03 0.0000E+00 0.0000E+00 0.0000E+00 1.6894E-03 1.1425E-02 4.4589E-02 4.6626E-02 3.9294E-03 0.0000E+00 0.0000E+00 0.0000E+00 1.4793E-02 1.0190E-01 1.4705E-01 2.2054E-02 0.0000E+00 0.0000E+00 0.0000E+00 1.6062E-03 2.8730E-04 7.2550E-02 0.0000E+00
 0.0000E+00 3.5292E-02 3.3351E-03 0.0000E+00 0.0000E+00 1.0241E-04 2.7509E-03 1.2483E-02 4.2768E-02 4.8882E-02 5.1890E-03 0.0000E+00 0.0000E+00 0.0000E+00 1.9107E-02 1.1056E-01 1.5346E-01 2.0521E-02 0.0000E+00 0.0000E+00 0.0000E+00 2.8176E-03 3.2762E-05 7.4652E-02 0.0000E+00
 0.0000E+00 3.4798E-02 4.1897E-03 0.0000E+00 0.0000E+00 5.2601E-04 4.0402E-03 1.2701E-02 3.6916E-02 4.7104E-02 6.9161E-03 0.0000E+00 0.0000E+00 0.0000E+00 1.5490E-02 1.1733E-01 1.5010E-01 2.7792E-02 0.0000E+00 0.0000E+00 0.0000E+00 1.4133E-03 3.3518E-04 7.4976E-02 0.0000E+00
 0.0000E+00 3.3319E-02 4.5976E-03 0.0000E+00 0.0000E+00 2.7930E-05 2.9120E-03 1.3360E-02 3.8867E-02 5.1406E-02 8.6357E-03 0.0000E+00 0.0000E+00 0.0000E+00 4.6265E-03 1.2362E-01 1.5421E-01 2.8501E-02 0.0000E+00 0.0000E+00 0.0000E+00 1.9068E-03 3.5030E-04 7.5376E-02 0.0000E+00
 0.0000E+00 3.2444E-02 6.4827E-03 0.0000E+00 4.0829E-04 4.7481E-04 2.6675E-03 1.4437E-02 4.3597E-02 5.0045E-02 1.2045E-02 0.0000E+00 0.0000E+00 0.0000E+00 4.9028E-03 1.1962E-01 1.5552E-01 3.2441E-02 0.0000E+00 0.0000E+00 0.0000E+00 7.4030E-04 1.9657E-04 7.5710E-02 0.0000E+00
 0.0000E+00 3.1428E-02 7.7166E-03 0.0000E+00 3.9022E-04 1.6153E-03 2.4230E-03 1.6534E-02 4.7303E-02 4.5819E-02 8.9600E-03 0.0000E+00 0.0000E+00 0.0000E+00 8.0032E-03 1.3304E-01 1.4468E-01 3.1263E-02 0.0000E+00 0.0000E+00 0.0000E+00 0.0000E+00 2.3941E-04 7.6351E-02 0.0000E+00
 0.0000E+00 3.0335E-02 9.8150E-03 0.0000E+00 2.2329E-03 1.2336E-03 3.8068E-03 1.2925E-02 4.3179E-02 4.6174E-02 8.3039E-03 0.0000E+00 0.0000E+00 0.0000E+00 3.3527E-03 1.2378E-01 1.5334E-01 3.8610E-02 0.0000E+00 0.0000E+00 0.0000E+00 0.0000E+00 2.2681E-04 7.5345E-02 0.0000E+00
 0.0000E+00 3.0105E-02 1.1706E-02 0.0000E+00 2.8038E-03 1.3965E-03 1.3171E-03 1.5557E-02 3.8482E-02 5.3239E-02 1.0906E-02 0.0000E+00 0.0000E+00 0.0000E+00 1.4432E-02 1.1841E-01 1.4556E-01 4.9225E-02 0.0000E+00 0.0000E+00 0.0000E+00 0.0000E+00 4.6623E-04 7.7280E-02 0.0000E+00
 0.0000E+00 2.8771E-02 1.3544E-02 0.0000E+00 1.7813E-03 8.1462E-04 2.1118E-03 2.1108E-02 4.3388E-02 5.3833E-02 1.6992E-02 0.0000E+00 0.0000E+00 0.0000E+00 8.8564E-03 1.2399E-01 1.5364E-01 4.3867E-02 0.0000E+00 0.0000E+00 0.0000E+00 0.0000E+00 7.5856E-04 7.5339E-02 0.0000E+00
 0.0000E+00 2.8361E-02 1.7377E-02 0.0000E+00 2.4533E-03 9.3565E-04 3.1955E-03 2.0716E-02 4.2925E-02 4.6338E-02 1.3923E-02 0.0000E+00 0.0000E+00 0.0000E+00 1.2161E-02 1.3438E-01 1.4275E-01 4.7211E-02 0.0000E+00 0.0000E+00 0.0000E+00 0.0000E+00 5.8467E-04 7.5069E-02 0.0000E+00
 0.0000E+00 2.7538E-02 1.8133E-02 0.0000E+00 1.7235E-03 1.3360E-03 4.9516E-03 1.8388E-02 3.9056E-02 4.5709E-02 2.2460E-02 0.0000E+00 0.0000E+00 1.1340E-03 1.4793E-02 1.4378E-01 1.4686E-01 5.3785E-02 1.6146E-03 0.0000E+00 3.7645E-04 0.0000E+00 3.3518E-04 7.4767E-02 0.0000E+00
 0.0000E+00 2.6740E-02 2.2161E-02 0.0000E+00 2.0740E-03 2.1972E-03 3.2733E-03 1.8500E-02 4.4608E-02 5.1645E-02 1.2362E-02 0.0000E+00 0.0000E+00 0.0000E+00 1.1128E-02 1.4784E-01 1.4674E-01 6.3451E-02 7.6935E-04 0.0000E+00 1.3209E-04 0.0000E+00 6.8044E-04 7.3774E-02 0.0000E+00
 0.0000E+00 2.5933E-02 2.4628E-02 0.0000E+00 1.5826E-03 8.8910E-04 4.3236E-03 2.0050E-02 3.7562E-02 5.3567E-02 1.8350E-02 0.0000E+00 0.0000E+00 8.0999E-04 7.9431E-03 1.4051E-01 1.4426E-01 5.5990E-02 1.5170E-04 0.0000E+00 2.8069E-03 0.0000E+00 6.9808E-04 7.3315E-02 0.0000E+00
 0.0000E+00 2.5206E-02 2.8827E-02 0.0000E+00 1.0298E-03 7.5876E-04 4.3514E-03 2.1164E-02 4.0289E-02 5.2213E-02 1.8855E-02 0.0000E+00 0.0000E+00 1.6416E-03 9.8538E-03 1.4117E-01 1.5206E-01 4.9314E-02 4.3886E-03 0.0000E+00 1.4001E-03 0.0000E+00 3.6290E-04 7.2374E-02 0.0000E+00
 0.0000E+00 2.4692E-02 3.2879E-02 0.0000E+00 2.8183E-04 1.4896E-04 2.5064E-03 2.3304E-02 4.3016E-02 5.1214E-02 1.9858E-02 0.0000E+00 0.0000E+00 3.4560E-04 9.7576E-03 1.4649E-01 1.5324E-01 6.5047E-02 1.6796E-03 0.0000E+00 4.6231E-03 0.0000E+00 3.3266E-04 7.1303E-02 0.0000E+00
 0.0000E+00 2.4004E-02 3.7116E-02 0.0000E+00 4.0468E-04 7.5876E-04 2.6564E-03 2.3491E-02 4.2364E-02 4.5593E-02 1.8297E-02 0.0000E+00 0.0000E+00 2.6676E-03 1.3014E-02 1.3707E-01 1.4805E-01 6.3476E-02 1.7337E-03 0.0000E+00 1.8757E-03 0.0000E+00 5.0655E-04 7.0796E-02 0.0000E+00
 0.0000E+00 2.3495E-02 3.8805E-02 0.0000E+00 4.8417E-04 2.5602E-04 2.8565E-03 2.2657E-02 3.8501E-02 4.9505E-02 2.5078E-02 0.0000E+00 0.0000E+00 0.0000E+00 1.0755E-02 1.4288E-01 1.4838E-01 7.4763E-02 4.7136E-03 0.0000E+00 4.8212E-04 0.0000E+00 5.8215E-04 7.0585E-02 0.0000E+00
 0.0000E+00 2.2713E-02 4.4622E-02 0.0000E+00 9.4665E-04 1.5361E-04 3.7512E-03 2.4686E-02 4.1731E-02 4.9587E-02 3.1338E-02 0.0000E+00 0.0000E+00 1.1448E-03 1.6211E-02 1.5870E-01 1.4332E-01 7.9792E-02 3.4783E-03 0.0000E+00 6.3402E-04 0.0000E+00 7.6612E-04 6.9246E-02 0.0000E+00
 0.0000E+00 2.2278E-02 4.7654E-02 0.0000E+00 1.1634E-03 3.9102E-04 2.7064E-03 2.2937E-02 4.1281E-02 5.0380E-02 3.1692E-02 0.0000E+00 0.0000E+00 1.6956E-03 2.1318E-02 1.3852E-01 1.4562E-01 6.9227E-02 1.6904E-03 0.0000E+00 5.8779E-04 0.0000E+00 2.5705E-04 6.7629E-02 0.0000E+00
 0.0000E+00 2.1774E-02 5.2649E-02 2.5098E-06 1.2465E-03 6.9359E-04 4.7682E-03 2.5022E-02 4.5137E-02 5.1625E-02 3.0817E-02 0.0000E+00 0.0000E+00 6.2639E-04 1.9840E-02 1.4693E-01 1.4300E-01 8.3997E-02 3.2725E-03 0.0000E+00 2.9059E-04 0.0000E+00 9.4758E-04 6.5930E-02 0.0000E+00
 0.0000E+00 2.1389E-02 5.6306E-02 0.0000E+00 1.0840E-04 6.0049E-04 4.7460E-03 2.9515E-02 4.3088E-02 5.0407E-02 3.1722E-02 0.0000E+00 0.0000E+00 3.3480E-03 2.3937E-02 1.4477E-01 1.4590E-01 8.7544E-02 7.4768E-04 0.0000E+00 0.0000E+00 0.0000E+00 7.8125E-04 6.5183E-02 0.0000E+00
 0.0000E+00 2.1063E-02 6.0005E-02 0.0000E+00 5.6366E-04 1.2615E-03 2.6008E-03 2.8314E-02 4.2357E-02 4.8581E-02 3.9928E-02 0.0000E+00 0.0000E+00 1.8036E-03 1.7136E-02 1.6010E-01 1.4040E-01 8.8190E-02 1.5062E-03 0.0000E+00 0.0000E+00 0.0000E+00 9.2993E-04 6.3873E-02 0.0000E+00
 0.0000E+00 1.9914E-02 6.4196E-02 0.0000E+00 0.0000E+00 1.5036E-03 2.1729E-03 2.9098E-02 3.9663E-02 5.1919E-02 4.2093E-02 0.0000E+00 0.0000E+00 5.8319E-04 3.0799E-02 1.4794E-01 1.5084E-01 9.5968E-02 1.9613E-03 0.0000E+00 0.0000E+00 0.0000E+00 1.1189E-03 6.2633E-02 0.0000E+00
 0.0000E+00 2.0025E-02 6.6830E-02 2.5098E-06 0.0000E+00 1.3220E-03 3.9679E-03 2.9110E-02 4.3447E-02 4.7145E-02 4.1497E-02 0.0000E+00 0.0000E+00 3.2400E-04 2.3120E-02 1.6047E-01 1.5325E-01 9.6753E-02 3.4783E-03 0.0000E+00 0.0000E+00 0.0000E+00 1.0232E-03 6.2664E-02 0.0000E+00
 0.0000E+00 1.9469E-02 7.1681E-02 6.5256E-05 0.0000E+00 1.1125E-03 4.0513E-03 3.1238E-02 4.4484E-02 5.2343E-02 4.0629E-02 5.1793E-04 0.0000E+00 2.5380E-03 3.1111E-02 1.5253E-01 1.4722E-01 9.3814E-02 2.7307E-03 0.0000E+00 0.0000E+00 0.0000E+00 1.1542E-03 6.1574E-02 0.0000E+00
 0.0000E+00 1.9115E-02 7.6878E-02 7.2785E-05 0.0000E+00 2.0016E-04 3.6456E-03 3.0305E-02 4.4014E-02 5.4531E-02 4.6339E-02 5.5189E-04 0.0000E+00 3.3480E-03 2.3757E-02 1.6188E-01 1.5232E-01 1.1241E-01 2.3839E-03 0.0000E+00 0.0000E+00 0.0000E+00 1.6028E-03 5.9146E-02 0.0000E+00
 0.0000E+00 1.8657E-02 7.9861E-02 7.5295E-05 0.0000E+00 5.9118E-04 3.0510E-03 3.0081E-02 3.9565E-02 5.2493E-02 5.5223E-02 8.4906E-04 0.0000E+00 6.3719E-04 3.1388E-02 1.5133E-01 1.4834E-01 1.0259E-01 1.6254E-03 0.0000E+00 0.0000E+00 0.0000E+00 1.1971E-03 5.8059E-02 0.0000E+00
 0.0000E+00 1.8322E-02 8.0454E-02 4.2667E-05 0.0000E+00 9.3100E-05 4.3792E-03 3.4649E-02 3.9832E-02 5.3074E-02 5.2765E-02 1.1887E-03 0.0000E+00 4.2876E-03 3.7036E-02 1.6877E-01 1.4228E-01 1.0886E-01 1.3762E-03 0.0000E+00 0.0000E+00 0.0000E+00 2.4193E-03 5.7113E-02 0.0000E+00
 0.0000E+00 1.7771E-02 8.6050E-02 1.1545E-04 0.0000E+00 4.3757E-04 3.6512E-03 3.1438E-02 4.6546E-02 5.1454E-02 5.1995E-02 4.5849E-04 0.0000E+00 2.4948E-03 3.3058E-02 1.6458E-01 1.4297E-01 1.1857E-01 2.0372E-03 0.0000E+00 0.0000E+00 0.0000E+00 2.3589E-03 5.5668E-02 0.0000E+00
 0.0000E+00 1.7552E-02 8.8412E-02 2.0581E-04 0.0000E+00 2.7930E-05 3.6734E-03 3.4238E-02 4.1137E-02 5.4558E-02 6.2094E-02 1.0613E-03 0.0000E+00 5.7455E-03 4.0485E-02 1.6316E-01 1.4978E-01 1.2316E-01 1.3978E-03 0.0000E+00 0.0000E+00 0.0000E+00 1.8372E-03 5.4715E-02 0.0000E+00
 0.0000E+00 1.7205E-02 9.1482E-02 3.2126E-04 0.0000E+00 4.3757E-04 4.8293E-03 3.3790E-02 4.0772E-02 5.5010E-02 5.7773E-02 2.3009E-03 0.0000E+00 5.3675E-03 3.9776E-02 1.6206E-01 1.4457E-01 1.1983E-01 3.6625E-03 0.0000E+00 0.0000E+00 0.0000E+00 1.7490E-03 5.4009E-02 0.0000E+00
 0.0000E+00 1.6782E-02 9.3127E-02 5.0950E-04 3.6132E-05 1.0241E-04 2.5675E-03 3.4045E-02 4.2860E-02 5.2712E-02 5.9439E-02 1.1717E-03 0.0000E+00 5.9831E-03 3.8057E-02 1.6064E-01 1.4838E-01 1.2327E-01 7.5852E-04 0.0000E+00 0.0000E+00 0.0000E+00 1.8825E-03 5.2401E-02 0.0000E+00
 0.0000E+00 1.6430E-02 9.4971E-02 7.5044E-04 3.9022E-04 7.5411E-04 5.9964E-03 3.8090E-02 4.2005E-02 5.2302E-02 6.0541E-02 2.2585E-03 0.0000E+00 4.6979E-03 3.4164E-02 1.6663E-01 1.4121E-01 1.3163E-01 8.1269E-04 0.0000E+00 0.0000E+00 0.0000E+00 3.4098E-03 5.1411E-02 0.0000E+00
 0.0000E+00 1.6472E-02 9.8609E-02 7.7805E-04 0.0000E+00 5.6325E-04 3.4622E-03 3.6067E-02 3.9297E-02 5.0182E-02 6.5081E-02 3.3708E-03 0.0000E+00 6.5123E-03 5.7645E-02 1.7544E-01 1.4860E-01 1.2846E-01 2.6981E-03 6.2185E-04 0.0000E+00 0.0000E+00 3.6618E-03 5.0929E-02 0.0000E+00
 0.0000E+00 1.6161E-02 9.8402E-02 9.2111E-04 4.6971E-05 6.9825E-04 5.6907E-03 3.9745E-02 4.0074E-02 5.0031E-02 7.3294E-02 3.3283E-03 0.0000E+00 5.1947E-03 5.4700E-02 1.6717E-01 1.4720E-01 1.3199E-01 2.1672E-03 0.0000E+00 0.0000E+00 0.0000E+00 4.4229E-03 4.8608E-02 0.0000E+00
 0.0000E+00 1.5823E-02 1.0258E-01 1.4908E-03 2.4570E-04 4.7015E-04 5.1239E-03 3.8370E-02 3.7614E-02 5.3286E-02 7.6032E-02 1.8085E-03 0.0000E+00 4.9247E-03 5.0507E-02 1.7205E-01 1.4842E-01 1.3218E-01 3.1749E-03 8.7584E-04 0.0000E+00 0.0000E+00 4.5816E-03 4.8059E-02 0.0000E+00
 0.0000E+00 1.5561E-02 1.0341E-01 2.0806E-03 4.1913E-04 5.5860E-04 6.0853E-03 4.2408E-02 4.0576E-02 5.7670E-02 7.7835E-02 2.8953E-03 0.0000E+00 6.2099E-03 5.8642E-02 1.6406E-01 1.5267E-01 1.4306E-01 2.4814E-03 1.6816E-03 0.0000E+00 0.0000E+00 4.8815E-03 4.6853E-02 0.0000E+00
 0.0000E+00 1.5418E-02 1.0235E-01 1.8999E-03 1.2646E-04 9.6358E-04 7.2023E-03 3.9309E-02 4.0250E-02 5.7034E-02 7.7639E-02 3.5915E-03 0.0000E+00 6.0587E-03 5.3379E-02 1.7720E-01 1.4279E-01 1.4542E-01 2.7198E-03 5.1675E-04 0.0000E+00 0.0000E+00 5.2873E-03 4.6113E-02 0.0000E+00
 0.0000E+00 1.5166E-02 1.0423E-01 3.1247E-03 2.1679E-05 6.3773E-04 8.6139E-03 4.2141E-02 3.9597E-02 5.3895E-02 8.1395E-02 3.8717E-03 0.0000E+00 6.6203E-03 6.7582E-02 1.8373E-01 1.4946E-01 1.5444E-01 2.7957E-03 2.8903E-04 0.0000E+00 0.0000E+00 6.2374E-03 4.5146E-02 0.0000E+00
 0.0000E+00 1.5042E-02 1.0616E-01 3.5690E-03 3.4687E-04 1.1684E-03 7.9692E-03 4.1369E-02 4.1959E-02 5.2842E-02 8.6855E-02 4.9925E-03 0.0000E+00 7.6571E-03 6.4626E-02 1.8037E-01 1.4920E-01 1.6124E-01 5.2663E-03 5.6054E-04 0.0000E+00 0.0000E+00 6.7313E-03 4.4088E-02 0.0000E+00
 0.0000E+00 1.4645E-02 1.0570E-01 3.9178E-03 2.7460E-04 5.8653E-04 6.7077E-03 4.2632E-02 4.6415E-02 5.3293E-02 8.6878E-02 6.7925E-03 0.0000E+00 9.6011E-03 7.4660E-02 1.8431E-01 1.4645E-01 1.6870E-01 2.9257E-03 4.7908E-03 0.0000E+00 0.0000E+00 7.3891E-03 4.3798E-02 0.0000E+00
 0.0000E+00 1.4491E-02 1.0550E-01 4.6984E-03 7.9490E-04 7.0756E-04 9.6698E-03 4.1014E-02 4.3890E-02 5.6412E-02 8.7315E-02 5.3321E-03 0.0000E+00 9.5579E-03 7.9347E-02 1.7892E-01 1.4712E-01 1.6205E-01 5.3746E-03 1.9093E-03 0.0000E+00 0.0000E+00 7.4571E-03 4.2552E-02 0.0000E+00
 0.0000E+00 1.4262E-02 1.0487E-01 4.9494E-03 2.3847E-04 2.9792E-04 6.5854E-03 4.3572E-02 3.8031E-02 5.6514E-02 9.4397E-02 6.7415E-03 0.0000E+00 1.0562E-02 7.3663E-02 1.8079E-01 1.4712E-01 1.6128E-01 4.6269E-03 7.8826E-04 0.0000E+00 0.0000E+00 8.7373E-03 4.1772E-02 0.0000E+00
 0.0000E+00 1.3968E-02 1.0588E-01 6.9949E-03 3.8661E-04 1.0194E-03 1.0398E-02 4.2776E-02 4.5371E-02 5.6145E-02 9.3009E-02 9.9000E-03 2.9757E-04 1.0433E-02 7.7316E-02 1.8106E-01 1.4913E-01 1.6530E-01 5.6347E-03 9.3715E-04 0.0000E+00 0.0000E+00 8.4022E-03 4.1390E-02 0.0000E+00
 0.0000E+00 1.4133E-02 1.0681E-01 7.7830E-03 3.2519E-04 1.0427E-03 9.9754E-03 4.8936E-02 4.3336E-02 5.9968E-02 9.9918E-02 8.9151E-03 9.7910E-04 1.1513E-02 8.2531E-02 1.8196E-01 1.4333E-01 1.6811E-01 4.4102E-03 1.5064E-03 0.0000E+00 0.0000E+00 1.0539E-02 4.0979E-02 0.0000E+00
 0.0000E+00 1.3983E-02 1.0591E-01 8.4330E-03 9.7556E-05 9.7755E-04 1.3049E-02 4.4686E-02 4.3799E-02 5.5105E-02 9.7399E-02 1.0291E-02 0.0000E+00 1.1577E-02 7.9263E-02 1.8498E-01 1.5153E-01 1.6983E-01 9.1022E-03 1.2787E-03 0.0000E+00 0.0000E+00 1.1172E-02 4.0096E-02 0.0000E+00
 0.0000E+00 1.3643E-02 1.0671E-01 9.7783E-03 1.7343E-04 1.3779E-03 9.7087E-03 4.5122E-02 4.2631E-02 5.6022E-02 9.8040E-02 8.8472E-03 9.5030E-04 1.3511E-02 8.1029E-02 1.7332E-01 1.5102E-01 1.7656E-01 1.1259E-02 7.9701E-04 0.0000E+00 0.0000E+00 1.2686E-02 3.8918E-02 0.0000E+00
 0.0000E+00 1.3576E-02 1.0388E-01 1.1362E-02 7.4793E-04 2.4392E-03 1.0659E-02 4.6982E-02 4.2070E-02 5.9783E-02 1.0739E-01 1.2566E-02 1.9486E-03 1.0865E-02 9.6122E-02 1.8855E-01 1.4402E-01 1.7399E-01 9.1564E-03 1.7955E-03 0.0000E+00 0.0000E+00 1.3931E-02 3.8366E-02 0.0000E+00
 0.0000E+00 1.3263E-02 1.0245E-01 1.3420E-02 1.2285E-03 2.0994E-03 1.2354E-02 4.3759E-02 4.3721E-02 5.9633E-02 1.0624E-01 1.1904E-02 1.8814E-03 1.4223E-02 9.2565E-02 1.9148E-01 1.4772E-01 1.8290E-01 1.0511E-02 8.9336E-04 0.0000E+00 0.0000E+00 1.5476E-02 3.7884E-02 0.0000E+00
 0.0000E+00 1.3435E-02 1.0132E-01 1.5041E-02 4.3719E-04 3.1375E-03 1.4532E-02 5.0853E-02 4.2292E-02 6.0262E-02 1.0640E-01 1.2710E-02 1.9006E-03 1.4537E-02 9.8057E-02 1.8760E-01 1.4872E-01 1.8089E-01 7.4876E-03 1.8217E-03 0.0000E+00 0.0000E+00 1.6174E-02 3.7124E-02 0.0000E+00
 0.0000E+00 1.3149E-02 1.0031E-01 1.6618E-02 8.1297E-04 2.7604E-03 1.3332E-02 4.9409E-02 4.4204E-02 6.4550E-02 1.1026E-01 1.6327E-02 3.2253E-03 1.7787E-02 9.5822E-02 1.8282E-01 1.5825E-01 1.8004E-01 1.1865E-02 7.3571E-04 0.0000E+00 0.0000E+00 1.7709E-02 3.6644E-02 0.0000E+00
 0.0000E+00 1.3087E-02 9.9545E-02 1.8241E-02 8.7800E-04 2.0249E-03 1.4777E-02 4.9309E-02 4.1750E-02 6.2026E-02 1.1011E-01 1.7032E-02 3.4365E-03 1.5401E-02 9.6206E-02 1.8477E-01 1.4508E-01 1.7953E-01 1.4683E-02 1.6466E-03 0.0000E+00 0.0000E+00 1.8674E-02 3.5831E-02 0.0000E+00
 0.0000E+00 1.2773E-02 9.7600E-02 2.0563E-02 7.6599E-04 3.0071E-03 1.5505E-02 4.8102E-02 4.2853E-02 5.8675E-02 1.1123E-01 1.9316E-02 5.5770E-03 1.8608E-02 1.1548E-01 1.9685E-01 1.4933E-01 1.9036E-01 1.3794E-02 2.7501E-03 0.0000E+00 0.0000E+00 2.0212E-02 3.5646E-02 0.0000E+00
 0.0000E+00 1.2813E-02 9.7647E-02 2.3773E-02 1.0117E-03 4.1523E-03 1.5649E-02 4.5439E-02 4.0485E-02 6.0905E-02 1.1271E-01 2.2313E-02 4.8475E-03 1.9742E-02 1.1018E-01 1.8758E-01 1.5309E-01 1.9370E-01 1.0966E-02 1.6904E-03 0.0000E+00 0.0000E+00 2.1459E-02 3.4931E-02 0.0000E+00
 0.0000E+00 1.2476E-02 9.6303E-02 2.5756E-02 1.4091E-03 4.2826E-03 1.9662E-02 5.0697E-02 4.0896E-02 6.1062E-02 1.1625E-01 2.4241E-02 3.5324E-03 2.2863E-02 1.0773E-01 1.8432E-01 1.5417E-01 1.9546E-01 1.2570E-02 1.3838E-03 0.0000E+00 0.0000E+00 2.2049E-02 3.4132E-02 0.0000E+00
 0.0000E+00 1.2595E-02 9.5669E-02 2.8876E-02 2.0559E-03 4.3245E-03 1.8256E-02 4.9260E-02 4.1405E-02 5.8627E-02 1.1152E-01 2.3230E-02 4.0220E-03 2.5056E-02 1.1144E-01 1.8236E-01 1.5843E-01 1.9467E-01 1.3903E-02 1.5327E-03 0.0000E+00 0.0000E+00 2.4075E-02 3.3713E-02 0.0000E+00
 0.0000E+00 1.2455E-02 9.4455E-02 3.1170E-02 1.4633E-03 6.0608E-03 1.8673E-02 4.9558E-02 4.1555E-02 5.8737E-02 1.1496E-01 2.3740E-02 4.2716E-03 2.1135E-02 1.1761E-01 1.8079E-01 1.5230E-01 1.9432E-01 1.0305E-02 1.9444E-03 0.0000E+00 0.0000E+00 2.4957E-02 3.3798E-02 0.0000E+00
 0.0000E+00 1.2543E-02 9.3526E-02 3.2450E-02 2.2546E-03 5.1903E-03 2.1662E-02 5.0467E-02 4.1117E-02 6.1896E-02 1.1662E-01 3.2757E-02 9.3399E-03 2.5466E-02 1.2554E-01 1.8930E-01 1.5396E-01 2.0244E-01 1.7598E-02 1.6203E-03 0.0000E+00 0.0000E+00 2.6336E-02 3.2833E-02 0.0000E+00
 0.0000E+00 1.2358E-02 9.0857E-02 3.6804E-02 2.0451E-03 6.2749E-03 2.0996E-02 5.5570E-02 4.2142E-02 6.3243E-02 1.1686E-01 2.8690E-02 1.0252E-02 3.0488E-02 1.3127E-01 1.8534E-01 1.5103E-01 2.0098E-01 1.7392E-02 6.8315E-04 0.0000E+00 2.2433E-05 2.8589E-02 3.2874E-02 0.0000E+00
 0.0000E+00 1.2127E-02 9.0874E-02 3.7705E-02 2.9014E-03 6.6892E-03 2.1396E-02 5.3168E-02 4.3858E-02 6.3756E-02 1.1836E-01 3.6501E-02 7.9000E-03 3.2670E-02 1.2467E-01 1.8731E-01 1.5432E-01 2.0325E-01 2.0274E-02 5.6930E-04 0.0000E+00 0.0000E+00 3.1078E-02 3.1799E-02 0.0000E+00
 0.0000E+00 1.2210E-02 8.9105E-02 4.1882E-02 3.6818E-03 6.8522E-03 2.6042E-02 5.2769E-02 4.3016E-02 6.3756E-02 1.1622E-01 3.8012E-02 1.1336E-02 2.8587E-02 1.3334E-01 1.9186E-01 1.5856E-01 2.0555E-01 1.7522E-02 5.4302E-04 0.0000E+00 0.0000E+00 3.5645E-02 3.1602E-02 0.0000E+00
 0.0000E+00 1.2118E-02 8.7654E-02 4.5097E-02 3.8986E-03 8.8445E-03 2.5547E-02 5.2639E-02 4.1705E-02 6.0563E-02 1.1957E-01 3.7197E-02 1.4571E-02 2.9840E-02 1.4111E-01 1.8800E-01 1.5857E-01 1.9854E-01 1.8118E-02 2.7414E-03 0.0000E+00 3.1407E-05 3.5920E-02 3.1286E-02 0.0000E+00
 0.0000E+00 1.1939E-02 8.6530E-02 4.9642E-02 3.8769E-03 8.0112E-03 2.3908E-02 5.5538E-02 4.5052E-02 5.9961E-02 1.2322E-01 4.2860E-02 1.2421E-02 3.8059E-02 1.4044E-01 1.8268E-01 1.5814E-01 2.1008E-01 1.6265E-02 9.8094E-04 0.0000E+00 0.0000E+00 3.7432E-02 3.0698E-02 0.0000E+00
 0.0000E+00 1.1755E-02 8.4137E-02 5.1660E-02 4.4550E-03 9.2262E-03 2.7970E-02 5.8196E-02 4.5659E-02 5.9448E-02 1.2024E-01 4.7326E-02 1.8046E-02 3.6612E-02 1.3911E-01 1.8924E-01 1.5846E-01 2.0759E-01 2.3492E-02 1.0685E-03 0.0000E+00 0.0000E+00 4.0325E-02 3.0705E-02 0.0000E+00
 0.0000E+00 1.2060E-02 8.2085E-02 5.5048E-02 3.9926E-03 8.4861E-03 2.7781E-02 5.3672E-02 4.3023E-02 6.1479E-02 1.2945E-01 4.8099E-02 1.5416E-02 3.5132E-02 1.5150E-01 1.8243E-01 1.5693E-01 2.0776E-01 2.2355E-02 1.2962E-03 0.0000E+00 1.3460E-05 4.3392E-02 3.0305E-02 0.0000E+00
 0.0000E+00 1.1792E-02 8.0625E-02 5.8379E-02 6.3050E-03 9.5474E-03 2.5530E-02 5.7393E-02 4.4223E-02 6.4502E-02 1.2321E-01 4.9984E-02 1.3323E-02 3.5348E-02 1.4709E-01 1.8684E-01 1.6380E-01 2.1160E-01 2.5930E-02 1.6028E-03 0.0000E+00 0.0000E+00 4.4476E-02 2.9435E-02 0.0000E+00
 0.0000E+00 1.1775E-02 8.0368E-02 6.1074E-02 6.1605E-03 1.0744E-02 2.9760E-02 5.5875E-02 4.4412E-02 6.5986E-02 1.1546E-01 5.6522E-02 1.9035E-02 4.6072E-02 1.4829E-01 1.8851E-01 1.5972E-01 2.0801E-01 2.6353E-02 1.4714E-03 0.0000E+00 1.7947E-05 4.6167E-02 2.9629E-02 0.0000E+00
 0.0000E+00 1.1829E-02 7.8988E-02 6.2987E-02 7.6888E-03 1.0311E-02 3.0904E-02 5.7586E-02 4.5313E-02 6.3606E-02 1.1812E-01 5.7286E-02 2.1934E-02 4.3794E-02 1.5181E-01 1.9019E-01 1.6003E-01 2.1104E-01 3.0677E-02 1.4451E-03 0.0000E+00 7.6273E-05 4.9183E-02 2.9301E-02 0.0000E+00
 0.0000E+00 1.1776E-02 7.7607E-02 6.5602E-02 8.2019E-03 1.0930E-02 3.1832E-02 5.7275E-02 4.4432E-02 6.4433E-02 1.1490E-01 6.1879E-02 1.6587E-02 4.2411E-02 1.5676E-01 1.9166E-01 1.5881E-01 2.0356E-01 3.0276E-02 7.8826E-04 0.0000E+00 0.0000E+00 5.0194E-02 2.9336E-02 0.0000E+00
 0.0000E+00 1.1726E-02 7.6235E-02 7.1563E-02 8.0971E-03 1.2634E-02 3.1810E-02 5.6105E-02 4.6141E-02 6.4755E-02 1.1802E-01 6.4316E-02 1.9352E-02 5.0921E-02 1.6507E-01 1.9217E-01 1.6151E-01 2.1458E-01 3.4794E-02 3.1267E-03 0.0000E+00 0.0000E+00 5.2716E-02 2.8392E-02 0.0000E+00
 0.0000E+00 1.1403E-02 7.5003E-02 7.5325E-02 9.6472E-03 1.2657E-02 3.2305E-02 5.9042E-02 4.6115E-02 6.4037E-02 1.2134E-01 6.8825E-02 1.9121E-02 5.1548E-02 1.6045E-01 1.8680E-01 1.6376E-01 2.0717E-01 3.3786E-02 9.6342E-04 0.0000E+00 6.7300E-05 5.6028E-02 2.8945E-02 0.0000E+00
 0.0000E+00 1.1422E-02 7.4452E-02 7.7087E-02 1.0576E-02 1.5604E-02 3.5428E-02 5.8818E-02 4.5783E-02 6.3360E-02 1.1112E-01 7.6152E-02 2.3508E-02 5.8093E-02 1.6381E-01 1.8759E-01 1.6451E-01 2.1247E-01 3.3960E-02 1.8217E-03 0.0000E+00 5.8326E-05 5.8593E-02 2.7770E-02 0.0000E+00
 0.0000E+00 1.1567E-02 7.2580E-02 7.8969E-02 1.1320E-02 1.4249E-02 3.4233E-02 5.9913E-02 4.7890E-02 6.3250E-02 1.1765E-01 7.4878E-02 2.4458E-02 5.8503E-02 1.6327E-01 1.8379E-01 1.6434E-01 2.1119E-01 2.9355E-02 2.0319E-03 0.0000E+00 2.6920E-05 6.0599E-02 2.7735E-02 0.0000E+00
 0.0000E+00 1.1229E-02 7.2316E-02 8.3439E-02 1.3510E-02 1.5147E-02 3.5083E-02 6.2340E-02 4.8014E-02 6.5575E-02 1.2050E-01 7.9735E-02 2.6935E-02 5.8028E-02 1.6076E-01 1.9371E-01 1.5974E-01 2.0724E-01 3.8825E-02 2.1633E-03 0.0000E+00 1.9293E-04 6.3979E-02 2.7840E-02 0.0000E+00
 0.0000E+00 1.1538E-02 6.9776E-02 8.4672E-02 1.4691E-02 1.6036E-02 3.9413E-02 6.1475E-02 4.7870E-02 6.4892E-02 1.1716E-01 8.7130E-02 3.1293E-02 5.4755E-02 1.6762E-01 1.8573E-01 1.6754E-01 2.1147E-01 4.7147E-02 1.7604E-03 0.0000E+00 1.5255E-04 6.4453E-02 2.7205E-02 0.0000E+00
 0.0000E+00 1.1334E-02 6.9788E-02 8.9177E-02 1.4572E-02 1.6725E-02 4.2002E-02 6.3149E-02 4.4967E-02 6.4686E-02 1.1650E-01 8.8217E-02 3.0813E-02 6.3957E-02 1.7513E-01 1.8629E-01 1.6333E-01 2.0484E-01 4.2054E-02 3.5296E-03 0.0000E+00 8.0760E-05 6.8052E-02 2.6902E-02 0.0000E+00
 0.0000E+00 1.1262E-02 6.8801E-02 9.2573E-02 1.7040E-02 1.8285E-02 4.4092E-02 5.8731E-02 4.7981E-02 6.6088E-02 1.1048E-01 9.1376E-02 3.1562E-02 6.3665E-02 1.7906E-01 1.8854E-01 1.6415E-01 2.1133E-01 4.8263E-02 2.1283E-03 0.0000E+00 3.6791E-04 7.1618E-02 2.6716E-02 0.0000E+00
 0.0000E+00 1.1383E-02 6.7853E-02 9.3348E-02 1.7621E-02 1.9625E-02 4.2641E-02 6.1824E-02 4.6070E-02 7.0164E-02 1.2184E-01 9.4330E-02 3.8406E-02 6.4702E-02 1.7844E-01 1.9091E-01 1.6742E-01 2.0810E-01 4.7667E-02 2.6713E-03 0.0000E+00 9.4220E-05 7.4380E-02 2.6821E-02 0.0000E+00
 0.0000E+00 1.1336E-02 6.5335E-02 9.7288E-02 1.7322E-02 1.6805E-02 4.6532E-02 5.8737E-02 4.8073E-02 6.7046E-02 1.1346E-01 1.0346E-01 3.9490E-02 7.0383E-02 1.8365E-01 1.9304E-01 1.7199E-01 2.0809E-01 4.7906E-02 3.0479E-03 0.0000E+00 5.1148E-04 7.7114E-02 2.6469E-02 0.0000E+00
 0.0000E+00 1.1301E-02 6.5318E-02 9.7567E-02 2.0310E-02 2.1515E-02 4.7082E-02 6.6304E-02 4.8131E-02 6.6943E-02 1.1512E-01 1.0701E-01 4.8264E-02 6.8687E-02 1.8389E-01 1.9194E-01 1.6905E-01 2.1740E-01 4.5164E-02 2.3910E-03 0.0000E+00 2.9612E-04 7.8999E-02 2.6979E-02 0.0000E+00
 0.0000E+00 1.1335E-02 6.3632E-02 1.0397E-01 1.9583E-02 2.1604E-02 4.6226E-02 6.4362E-02 4.9201E-02 6.6410E-02 1.1938E-01 1.1334E-01 4.1717E-02 7.7705E-02 1.8608E-01 1.9588E-01 1.6959E-01 2.1353E-01 5.5599E-02 2.9779E-03 0.0000E+00 6.3710E-04 8.1504E-02 2.6098E-02 0.0000E+00
 0.0000E+00 1.1273E-02 6.3571E-02 1.0522E-01 2.1639E-02 2.3508E-02 4.8243E-02 6.5507E-02 4.9162E-02 7.0520E-02 1.1782E-01 1.1427E-01 4.9934E-02 7.7025E-02 1.8590E-01 1.9037E-01 1.7277E-01 2.1106E-01 5.5426E-02 3.4858E-03 0.0000E+00 3.9034E-04 8.4495E-02 2.6167E-02 0.0000E+00
 0.0000E+00 1.1357E-02 6.1631E-02 1.0515E-01 2.5253E-02 2.2414E-02 4.9605E-02 6.2346E-02 4.9182E-02 7.0376E-02 1.1275E-01 1.1872E-01 5.2526E-02 8.9866E-02 1.9572E-01 1.9490E-01 1.7425E-01 2.1803E-01 5.1579E-02 2.6363E-03 0.0000E+00 4.3520E-04 8.5932E-02 2.6342E-02 0.0000E+00
 0.0000E+00 1.1350E-02 6.0910E-02 1.0870E-01 2.6416E-02 2.4727E-02 5.2689E-02 6.7044E-02 5.0239E-02 6.9357E-02 1.1959E-01 1.2629E-01 5.4033E-02 8.4293E-02 1.8409E-01 1.9199E-01 1.7721E-01 2.1780E-01 5.2088E-02 3.0830E-03 0.0000E+00 3.8585E-04 8.7774E-02 2.6184E-02 0.0000E+00
 0.0000E+00 1.1259E-02 6.0489E-02 1.1141E-01 2.9158E-02 2.5542E-02 4.7599E-02 6.7941E-02 5.2379E-02 7.2811E-02 1.1886E-01 1.2860E-01 6.1837E-02 8.9941E-02 1.9222E-01 1.9358E-01 1.7421E-01 2.1457E-01 6.3108E-02 2.9428E-03 0.0000E+00 8.4798E-04 9.1683E-02 2.5838E-02 0.0000E+00
 0.0000E+00 1.1250E-02 5.9843E-02 1.1217E-01 2.9971E-02 2.7413E-02 5.3589E-02 6.8326E-02 5.3364E-02 7.1388E-02 1.1375E-01 1.3718E-01 6.0983E-02 9.3052E-02 1.9038E-01 1.9321E-01 1.7363E-01 2.0526E-01 6.0389E-02 2.8202E-03 0.0000E+00 8.1208E-04 9.2338E-02 2.5487E-02 0.0000E+00
 0.0000E+00 1.1300E-02 5.8337E-02 1.1401E-01 3.0842E-02 2.8898E-02 5.4995E-02 6.7916E-02 5.0324E-02 6.9596E-02 1.1542E-01 1.3756E-01 5.9063E-02 9.6000E-02 1.9203E-01 1.9605E-01 1.7475E-01 2.2159E-01 6.0107E-02 2.5662E-03 0.0000E+00 8.6144E-04 9.6292E-02 2.5171E-02 0.0000E+00
 0.0000E+00 1.1141E-02 5.7688E-02 1.1603E-01 3.4791E-02 2.9964E-02 5.4479E-02 6.9291E-02 5.3390E-02 6.9856E-02 1.1595E-01 1.3271E-01 7.1638E-02 9.5287E-02 1.9310E-01 1.8986E-01 1.7998E-01 2.0522E-01 6.3997E-02 3.1705E-03 1.9813E-05 1.2607E-03 9.8341E-02 2.5242E-02 0.0000E+00
 0.0000E+00 1.1265E-02 5.6608E-02 1.1770E-01 3.4126E-02 3.0998E-02 5.6824E-02 6.8382E-02 5.2973E-02 7.1963E-02 1.1148E-01 1.3946E-01 6.8614E-02 9.5687E-02 2.0045E-01 2.0091E-01 1.7746E-01 2.1955E-01 7.0921E-02 4.0551E-03 0.0000E+00 1.1037E-03 1.0082E-01 2.5628E-02 0.0000E+00
 0.0000E+00 1.1141E-02 5.6776E-02 1.2007E-01 3.9687E-02 3.3549E-02 5.8880E-02 6.7418E-02 5.4715E-02 6.9275E-02 1.1679E-01 1.4384E-01 7.6130E-02 1.0193E-01 2.0120E-01 1.9662E-01 1.8001E-01 2.1211E-01 7.3208E-02 3.7574E-03 0.0000E+00 1.3729E-03 1.0290E-01 2.5237E-02 0.0000E+00
 0.0000E+00 1.1140E-02 5.5636E-02 1.1977E-01 4.0370E-02 3.1910E-02 5.9636E-02 6.7791E-02 5.2248E-02 6.5746E-02 1.1552E-01 1.4560E-01 8.0248E-02 1.0775E-01 2.0370E-01 1.9468E-01 1.8394E-01 2.1514E-01 7.4898E-02 5.0273E-03 0.0000E+00 1.4178E-03 1.0311E-01 2.4872E-02 0.0000E+00
 0.0000E+00 1.1201E-02 5.4939E-02 1.2064E-01 4.0316E-02 3.7114E-02 6.0419E-02 6.9160E-02 5.3729E-02 7.1901E-02 1.1150E-01 1.5135E-01 8.4107E-02 1.0696E-01 2.0026E-01 1.9346E-01 1.8361E-01 2.1426E-01 7.5299E-02 3.7836E-03 0.0000E+00 1.9113E-03 1.0618E-01 2.4886E-02 0.0000E+00
 0.0000E+00 1.1220E-02 5.4865E-02 1.2141E-01 4.4027E-02 3.7263E-02 5.6640E-02 7.0249E-02 5.3136E-02 7.2489E-02 1.1626E-01 1.4799E-01 8.8138E-02 1.1262E-01 2.0425E-01 2.0171E-01 1.8114E-01 2.0757E-01 8.1540E-02 4.7295E-03 0.0000E+00 2.0235E-03 1.0961E-01 2.5061E-02 0.0000E+00
 0.0000E+00 1.1190E-02 5.3700E-02 1.2245E-01 4.8724E-02 3.8050E-02 6.1253E-02 7.1463E-02 5.5635E-02 7.2510E-02 1.1054E-01 1.4927E-01 8.8772E-02 1.1258E-01 2.0203E-01 1.9479E-01 1.8756E-01 2.1168E-01 8.1259E-02 6.1309E-03 0.0000E+00 1.9966E-03 1.1045E-01 2.4727E-02 0.0000E+00
 0.0000E+00 1.1373E-02 5.3067E-02 1.2373E-01 4.9154E-02 3.8981E-02 6.2259E-02 7.2670E-02 5.5654E-02 7.1812E-02 1.0778E-01 1.5558E-01 1.0071E-01 1.2548E-01 2.0785E-01 2.0873E-01 1.8491E-01 2.0721E-01 8.4141E-02 4.2829E-03 4.6231E-05 1.7408E-03 1.1212E-01 2.4940E-02 0.0000E+00
 0.0000E+00 1.1164E-02 5.2661E-02 1.2419E-01 5.1506E-02 4.0270E-02 6.5310E-02 7.0535E-02 5.7135E-02 7.3235E-02 1.1217E-01 1.6218E-01 1.0432E-01 1.2589E-01 2.0826E-01 1.9987E-01 1.8681E-01 2.1476E-01 8.8779E-02 4.7120E-03 0.0000E+00 2.9118E-03 1.1524E-01 2.5042E-02 0.0000E+00
 0.0000E+00 1.1237E-02 5.2115E-02 1.2402E-01 5.3750E-02 4.2998E-02 6.3559E-02 7.1556E-02 5.6809E-02 7.1586E-02 1.0926E-01 1.6412E-01 1.0732E-01 1.2848E-01 2.0827E-01 2.0490E-01 1.8802E-01 2.1904E-01 9.2907E-02 4.8084E-03 5.2835E-05 2.7099E-03 1.1436E-01 2.4700E-02 0.0000E+00
 0.0000E+00 1.1246E-02 5.0481E-02 1.2672E-01 5.7663E-02 4.0512E-02 6.5893E-02 7.1176E-02 5.6280E-02 7.1628E-02 1.1189E-01 1.5808E-01 1.0784E-01 1.3797E-01 2.1218E-01 1.9370E-01 1.9672E-01 2.1092E-01 9.4706E-02 5.5090E-03 3.3022E-05 2.8131E-03 1.1808E-01 2.4671E-02 0.0000E+00
 0.0000E+00 1.1120E-02 5.0810E-02 1.2709E-01 6.1081E-02 4.5386E-02 6.4976E-02 6.8855E-02 5.6267E-02 7.2893E-02 1.1525E-01 1.6658E-01 1.0496E-01 1.3421E-01 2.1025E-01 2.0079E-01 1.9099E-01 2.1042E-01 9.4370E-02 6.3586E-03 9.2462E-05 3.5983E-03 1.2137E-01 2.4888E-02 0.0000E+00
 0.0000E+00 1.1217E-02 4.9957E-02 1.2632E-01 5.8270E-02 4.4958E-02 6.8555E-02 7.3958E-02 6.0743E-02 7.4069E-02 1.0817E-01 1.6360E-01 1.1840E-01 1.4401E-01 2.2828E-01 2.0748E-01 1.8996E-01 2.1708E-01 1.0072E-01 5.6492E-03 0.0000E+00 3.2304E-03 1.2155E-01 2.4670E-02 0.0000E+00
 0.0000E+00 1.1145E-02 4.9856E-02 1.2865E-01 6.2490E-02 5.0400E-02 7.1617E-02 7.3977E-02 5.8055E-02 7.7228E-02 1.1227E-01 1.7350E-01 1.2650E-01 1.4164E-01 2.1074E-01 2.0369E-01 1.9502E-01 2.1959E-01 1.0644E-01 5.6754E-03 6.6044E-06 3.6073E-03 1.2215E-01 2.4337E-02 0.0000E+00
 0.0000E+00 1.1240E-02 4.8693E-02 1.2591E-01 6.8806E-02 4.9236E-02 7.2329E-02 7.2390E-02 6.1043E-02 7.4855E-02 1.1063E-01 1.6353E-01 1.1873E-01 1.4929E-01 2.1635E-01 2.0395E-01 1.9513E-01 2.1804E-01 1.0997E-01 7.9614E-03 4.6231E-05 4.8949E-03 1.2553E-01 2.4668E-02 0.0000E+00
 0.0000E+00 1.1321E-02 4.8500E-02 1.2942E-01 6.9030E-02 5.0712E-02 6.8439E-02 7.4904E-02 5.9530E-02 7.7857E-02 1.0799E-01 1.7388E-01 1.2516E-01 1.4639E-01 2.1301E-01 2.0425E-01 1.9872E-01 2.1647E-01 1.1175E-01 6.6651E-03 8.5857E-05 4.8231E-03 1.2416E-01 2.4303E-02 0.0000E+00
 0.0000E+00 1.1213E-02 4.8683E-02 1.2593E-01 7.2329E-02 5.2709E-02 7.3940E-02 7.7822E-02 6.0600E-02 7.3665E-02 1.1201E-01 1.6865E-01 1.3242E-01 1.4919E-01 2.1440E-01 2.0379E-01 1.9502E-01 2.1809E-01 1.2001E-01 6.9542E-03 6.6044E-05 5.1731E-03 1.2900E-01 2.4720E-02 0.0000E+00
 0.0000E+00 1.1181E-02 4.7705E-02 1.2917E-01 7.6202E-02 5.4501E-02 7.5324E-02 7.6236E-02 6.2929E-02 7.9102E-02 1.1373E-01 1.7674E-01 1.3117E-01 1.5348E-01 2.1919E-01 2.1009E-01 1.9810E-01 2.1825E-01 1.1916E-01 9.3540E-03 4.6231E-05 5.4961E-03 1.2938E-01 2.4379E-02 0.0000E+00
 0.0000E+00 1.1351E-02 4.7410E-02 1.2849E-01 7.8547E-02 5.8611E-02 7.5107E-02 7.6845E-02 6.1865E-02 7.7666E-02 1.1095E-01 1.7810E-01 1.3955E-01 1.6384E-01 2.2267E-01 2.0919E-01 2.0408E-01 2.1878E-01 1.1928E-01 7.8037E-03 2.2455E-04 6.2858E-03 1.3210E-01 2.4524E-02 0.0000E+00
 0.0000E+00 1.1369E-02 4.7289E-02 1.2748E-01 8.1318E-02 5.6107E-02 7.4885E-02 7.5675E-02 6.3353E-02 7.9088E-02 1.0909E-01 1.7682E-01 1.4783E-01 1.6014E-01 2.1785E-01 2.0953E-01 2.0634E-01 2.1688E-01 1.2442E-01 9.1438E-03 1.0567E-04 6.3935E-03 1.3168E-01 2.4304E-02 0.0000E+00
 0.0000E+00 1.1410E-02 4.7546E-02 1.2726E-01 8.2944E-02 6.0366E-02 7.8909E-02 7.7169E-02 6.4606E-02 7.8452E-02 1.0655E-01 1.7845E-01 1.4447E-01 1.6014E-01 2.2023E-01 2.1463E-01 2.0376E-01 2.2060E-01 1.2439E-01 1.0878E-02 4.6231E-05 7.0575E-03 1.3233E-01 2.4378E-02 0.0000E+00
 0.0000E+00 1.1372E-02 4.6265E-02 1.2858E-01 8.6579E-02 6.1176E-02 7.8831E-02 7.8793E-02 6.1970E-02 8.0142E-02 1.1039E-01 1.8399E-01 1.5334E-01 1.5914E-01 2.3249E-01 2.1311E-01 2.0390E-01 2.1285E-01 1.2365E-01 9.8532E-03 1.2548E-04 8.1298E-03 1.3464E-01 2.4063E-02 0.0000E+00
 0.0000E+00 1.1390E-02 4.6514E-02 1.2761E-01 9.0658E-02 6.1004E-02 7.9125E-02 7.8432E-02 6.7307E-02 7.6695E-02 1.1123E-01 1.7776E-01 1.5294E-01 1.7164E-01 2.2451E-01 2.1542E-01 2.0459E-01 2.1198E-01 1.3769E-01 9.8882E-03 1.2548E-04 7.9773E-03 1.3598E-01 2.4204E-02 0.0000E+00
 0.0000E+00 1.1426E-02 4.6102E-02 1.2749E-01 9.0864E-02 6.5463E-02 7.8086E-02 8.1338E-02 6.3797E-02 7.9321E-02 1.0517E-01 1.8259E-01 1.5819E-01 1.7082E-01 2.2997E-01 2.1335E-01 2.0516E-01 2.1372E-01 1.2896E-01 9.9671E-03 1.9813E-05 8.5426E-03 1.3712E-01 2.4516E-02 0.0000E+00
 0.0000E+00 1.1426E-02 4.5227E-02 1.2661E-01 9.4019E-02 6.8396E-02 8.2276E-02 8.1344E-02 6.8044E-02 8.1920E-02 1.1098E-01 1.7997E-01 1.6093E-01 1.8238E-01 2.2515E-01 2.0249E-01 2.0434E-01 2.1641E-01 1.4242E-01 1.1036E-02 9.9066E-05 8.7355E-03 1.3733E-01 2.4447E-02 0.0000E+00
 0.0000E+00 1.1465E-02 4.4496E-02 1.2909E-01 9.5731E-02 6.9122E-02 8.5716E-02 8.2004E-02 6.5356E-02 7.9444E-02 1.1029E-01 1.7547E-01 1.5815E-01 1.8193E-01 2.2404E-01 2.1631E-01 2.0833E-01 2.1789E-01 1.4103E-01 1.1981E-02 6.6044E-05 1.0656E-02 1.3964E-01 2.4137E-02 0.0000E+00
 0.0000E+00 1.1467E-02 4.5007E-02 1.2554E-01 1.0025E-01 7.3274E-02 8.1187E-02 8.2446E-02 6.6700E-02 8.1995E-02 1.0663E-01 1.8220E-01 1.6208E-01 1.8527E-01 2.2933E-01 2.1571E-01 2.1522E-01 2.2430E-01 1.4737E-01 1.2980E-02 6.6044E-05 1.0651E-02 1.3894E-01 2.4630E-02 0.0000E+00
 0.0000E+00 1.1377E-02 4.4626E-02 1.2605E-01 1.0295E-01 7.2078E-02 8.3866E-02 8.1232E-02 6.7842E-02 8.3520E-02 1.0982E-01 1.8518E-01 1.6793E-01 1.8868E-01 2.3094E-01 2.1177E-01 2.2408E-01 2.1956E-01 1.4400E-01 1.3777E-02 1.3869E-04 1.2836E-02 1.4036E-01 2.4179E-02 0.0000E+00
 0.0000E+00 1.1344E-02 4.4917E-02 1.2628E-01 1.0385E-01 7.5993E-02 8.5288E-02 8.1506E-02 6.9982E-02 8.3458E-02 1.0778E-01 1.8447E-01 1.7087E-01 1.8912E-01 2.3161E-01 2.1354E-01 2.1578E-01 2.1685E-01 1.4870E-01 1.3900E-02 5.4156E-04 1.2199E-02 1.4204E-01 2.4152E-02 0.0000E+00
 0.0000E+00 1.1531E-02 4.4026E-02 1.2481E-01 1.0558E-01 7.6351E-02 8.3905E-02 8.3410E-02 7.0608E-02 8.2966E-02 1.0976E-01 1.8510E-01 1.7451E-01 1.9492E-01 2.3013E-01 2.1787E-01 2.2082E-01 2.1675E-01 1.5494E-01 1.7210E-02 3.3022E-04 1.4635E-02 1.4201E-01 2.4594E-02 0.0000E+00
 0.0000E+00 1.1389E-02 4.4207E-02 1.2716E-01 1.0998E-01 8.0122E-02 8.6600E-02 8.4860E-02 7.0497E-02 8.1578E-02 1.0471E-01 1.8464E-01 1.8012E-01 1.9481E-01 2.3739E-01 2.1827E-01 2.1842E-01 2.2082E-01 1.5655E-01 1.6054E-02 2.9720E-04 1.5694E-02 1.4348E-01 2.4423E-02 0.0000E+00
 0.0000E+00 1.1466E-02 4.4328E-02 1.2483E-01 1.1131E-01 8.1984E-02 8.7350E-02 8.3765E-02 7.3897E-02 8.1851E-02 1.0938E-01 1.8779E-01 1.8616E-01 2.0068E-01 2.2917E-01 2.2067E-01 2.2018E-01 2.2357E-01 1.5446E-01 1.6781E-02 2.7739E-04 1.7516E-02 1.4392E-01 2.4719E-02 0.0000E+00
 0.0000E+00 1.1445E-02 4.3753E-02 1.2361E-01 1.1348E-01 8.1891E-02 8.9512E-02 8.7225E-02 7.3995E-02 8.4669E-02 1.0741E-01 1.8332E-01 1.8887E-01 2.0141E-01 2.3557E-01 2.1845E-01 2.2629E-01 2.2344E-01 1.5976E-01 1.7928E-02 2.1134E-04 1.6062E-02 1.4178E-01 2.4479E-02 0.0000E+00
 0.0000E+00 1.1577E-02 4.3584E-02 1.2455E-01 1.1475E-01 7.8781E-02 8.7700E-02 8.7760E-02 7.2709E-02 8.5633E-02 1.0647E-01 1.8075E-01 1.9077E-01 2.0194E-01 2.3438E-01 2.2102E-01 2.2902E-01 2.1619E-01 1.6670E-01 2.1598E-02 8.4537E-04 1.7745E-02 1.4299E-01 2.4780E-02 0.0000E+00
 0.0000E+00 1.1397E-02 4.3040E-02 1.2213E-01 1.1836E-01 8.3925E-02 9.2191E-02 8.7623E-02 7.4843E-02 8.5948E-02 1.1054E-01 1.8554E-01 1.9577E-01 2.0305E-01 2.4262E-01 2.2267E-01 2.2336E-01 2.1328E-01 1.6603E-01 2.0845E-02 5.6798E-04 1.9575E-02 1.4443E-01 2.4575E-02 0.0000E+00
 0.0000E+00 1.1393E-02 4.2428E-02 1.2384E-01 1.2169E-01 8.9227E-02 9.3391E-02 8.8470E-02 7.6069E-02 8.6898E-02 1.0788E-01 1.8769E-01 1.9422E-01 2.0537E-01 2.3858E-01 2.2005E-01 2.3230E-01 2.2431E-01 1.6478E-01 2.1213E-02 6.2082E-04 2.2613E-02 1.4450E-01 2.4486E-02 0.0000E+00
 0.0000E+00 1.1515E-02 4.2813E-02 1.2103E-01 1.2352E-01 8.9455E-02 9.4308E-02 9.0007E-02 7.7192E-02 8.6878E-02 1.1045E-01 1.8539E-01 1.9445E-01 2.1274E-01 2.4019E-01 2.2113E-01 2.2717E-01 2.2737E-01 1.7316E-01 2.1633E-02 5.6798E-04 2.3030E-02 1.4621E-01 2.4246E-02 0.0000E+00
 0.0000E+00 1.1466E-02 4.2994E-02 1.2122E-01 1.2800E-01 8.7640E-02 9.2402E-02 8.9577E-02 7.7746E-02 8.8704E-02 1.0582E-01 1.8787E-01 1.9450E-01 2.1141E-01 2.3618E-01 2.2026E-01 2.2642E-01 2.2482E-01 1.7479E-01 2.4664E-02 7.8593E-04 2.2770E-02 1.4467E-01 2.4657E-02 0.0000E+00
 0.0000E+00 1.1593E-02 4.2793E-02 1.2140E-01 1.2838E-01 9.1117E-02 9.4725E-02 8.9988E-02 7.7035E-02 9.0023E-02 1.0795E-01 1.8820E-01 1.9629E-01 2.1216E-01 2.3763E-01 2.2827E-01 2.3224E-01 2.2691E-01 1.7174E-01 2.4874E-02 9.9066E-04 2.6085E-02 1.4490E-01 2.4507E-02 0.0000E+00
 0.0000E+00 1.1707E-02 4.2868E-02 1.2241E-01 1.2887E-01 9.2276E-02 9.7570E-02 9.0884E-02 7.8816E-02 9.0146E-02 1.1180E-01 1.8695E-01 2.0249E-01 2.2399E-01 2.3555E-01 2.2706E-01 2.3496E-01 2.2776E-01 1.8379E-01 2.7274E-02 1.3539E-03 2.6049E-02 1.4512E-01 2.4316E-02 0.0000E+00
 0.0000E+00 1.1608E-02 4.3494E-02 1.1962E-01 1.3067E-01 9.8430E-02 9.5019E-02 9.1556E-02 8.2274E-02 8.8225E-02 1.1082E-01 1.8422E-01 2.0908E-01 2.2452E-01 2.3470E-01 2.2826E-01 2.3535E-01 2.2635E-01 1.8278E-01 2.5934E-02 9.3122E-04 2.8697E-02 1.4590E-01 2.4767E-02 0.0000E+00
 0.0000E+00 1.1612E-02 4.2528E-02 1.1880E-01 1.3310E-01 9.8006E-02 9.8770E-02 8.9011E-02 8.0760E-02 9.0174E-02 1.1000E-01 1.8455E-01 2.0942E-01 2.2814E-01 2.3790E-01 2.3051E-01 2.4079E-01 2.2816E-01 1.8502E-01 2.6844E-02 1.2020E-03 3.1061E-02 1.4558E-01 2.4752E-02 0.0000E+00
 0.0000E+00 1.1549E-02 4.2395E-02 1.1869E-01 1.3501E-01 9.8435E-02 9.7653E-02 9.4201E-02 8.2646E-02 9.2314E-02 1.1400E-01 1.8610E-01 2.0666E-01 2.2959E-01 2.4564E-01 2.2993E-01 2.4301E-01 2.2894E-01 1.8965E-01 2.9017E-02 1.3539E-03 3.3708E-02 1.4597E-01 2.4556E-02 0.0000E+00
 0.0000E+00 1.1628E-02 4.1806E-02 1.1982E-01 1.3721E-01 9.9631E-02 9.8898E-02 9.0778E-02 8.4108E-02 9.0502E-02 1.0937E-01 1.8825E-01 2.1473E-01 2.2898E-01 2.4572E-01 2.3141E-01 2.4376E-01 2.2949E-01 1.9298E-01 3.2126E-02 1.4860E-03 3.6777E-02 1.4705E-01 2.4805E-02 0.0000E+00
 0.0000E+00 1.1574E-02 4.2000E-02 1.1744E-01 1.3517E-01 1.0360E-01 1.0120E-01 9.4002E-02 8.5543E-02 9.4612E-02 1.0920E-01 1.8929E-01 2.1560E-01 2.3668E-01 2.4484E-01 2.3303E-01 2.4248E-01 2.3008E-01 1.9093E-01 3.1556E-02 2.2917E-03 3.7746E-02 1.4699E-01 2.4610E-02 0.0000E+00
 0.0000E+00 1.1364E-02 4.1481E-02 1.1690E-01 1.3815E-01 1.0455E-01 1.0214E-01 9.4985E-02 8.6482E-02 9.5727E-02 1.1176E-01 1.8327E-01 2.1528E-01 2.3293E-01 2.4544E-01 2.3309E-01 2.5163E-01 2.2809E-01 1.9337E-01 3.5042E-02 2.1662E-03 3.8697E-02 1.4660E-01 2.4743E-02 0.0000E+00
 0.0000E+00 1.1667E-02 4.1902E-02 1.1747E-01 1.4003E-01 1.0894E-01 9.9487E-02 9.7393E-02 8.6228E-02 9.7607E-02 1.1008E-01 1.9094E-01 2.2731E-01 2.3668E-01 2.3934E-01 2.3584E-01 2.4570E-01 2.3090E-01 2.0182E-01 3.7547E-02 2.8333E-03 4.2260E-02 1.4659E-01 2.4488E-02 0.0000E+00
 0.0000E+00 1.1625E-02 4.2346E-02 1.1553E-01 1.4387E-01 1.0747E-01 1.0356E-01 9.5252E-02 8.8309E-02 9.4701E-02 1.1034E-01 1.9083E-01 2.1788E-01 2.4161E-01 2.4674E-01 2.3740E-01 2.4927E-01 2.2743E-01 2.0062E-01 4.0989E-02 2.6220E-03 4.5414E-02 1.4769E-01 2.5047E-02 0.0000E+00
 0.0000E+00 1.1476E-02 4.1650E-02 1.1740E-01 1.4402E-01 1.0985E-01 1.0387E-01 9.9857E-02 9.0717E-02 9.6055E-02 1.1153E-01 1.8383E-01 2.2920E-01 2.4612E-01 2.4618E-01 2.3288E-01 2.4840E-01 2.3443E-01 2.0444E-01 3.9106E-02 2.4502E-03 4.7572E-02 1.4747E-01 2.4798E-02 0.0000E+00
 0.0000E+00 1.1674E-02 4.2085E-02 1.1692E-01 1.4687E-01 1.0814E-01 1.0557E-01 9.7785E-02 9.0854E-02 9.8777E-02 1.1030E-01 1.8406E-01 2.1769E-01 2.4547E-01 2.5180E-01 2.3943E-01 2.4914E-01 2.2482E-01 2.1167E-01 4.2811E-02 3.1635E-03 4.8712E-02 1.4536E-01 2.5163E-02 0.0000E+00
 0.0000E+00 1.1785E-02 4.2253E-02 1.1442E-01 1.4577E-01 1.1163E-01 1.0471E-01 1.0093E-01 9.2785E-02 9.9351E-02 1.1208E-01 1.9001E-01 2.2733E-01 2.3942E-01 2.4416E-01 2.4210E-01 2.5488E-01 2.3739E-01 2.1233E-01 4.4773E-02 3.9098E-03 5.3158E-02 1.4607E-01 2.4515E-02 0.0000E+00
 0.0000E+00 1.1627E-02 4.2070E-02 1.1499E-01 1.4836E-01 1.1314E-01 1.0870E-01 9.9073E-02 9.5480E-02 9.8565E-02 1.1154E-01 1.8470E-01 2.2694E-01 2.3952E-01 2.4638E-01 2.4228E-01 2.5317E-01 2.3589E-01 2.1056E-01 4.3345E-02 4.1608E-03 5.6936E-02 1.4630E-01 2.4828E-02 0.0000E+00
 0.0000E+00 1.1644E-02 4.1629E-02 1.1365E-01 1.4737E-01 1.1424E-01 1.1037E-01 9.9926E-02 9.3986E-02 9.8455E-02 1.1229E-01 1.9105E-01 2.3101E-01 2.4444E-01 2.5053E-01 2.4204E-01 2.5843E-01 2.3455E-01 2.1740E-01 4.7488E-02 3.9627E-03 5.9067E-02 1.4671E-01 2.4933E-02 0.0000E+00
 0.0000E+00 1.1822E-02 4.2458E-02 1.1391E-01 1.4958E-01 1.1947E-01 1.0808E-01 1.0075E-01 9.4416E-02 1.0245E-01 1.1579E-01 1.9013E-01 2.3118E-01 2.4806E-01 2.4782E-01 2.4014E-01 2.6097E-01 2.3949E-01 2.2304E-01 4.9914E-02 5.4552E-03 6.2862E-02 1.4500E-01 2.4525E-02 0.0000E+00
 0.0000E+00 1.1717E-02 4.2151E-02 1.1331E-01 1.5354E-01 1.1738E-01 1.1175E-01 9.8774E-02 9.5597E-02 9.9153E-02 1.1220E-01 1.8468E-01 2.3596E-01 2.4976E-01 2.5409E-01 2.4449E-01 2.6541E-01 2.3550E-01 2.2826E-01 5.4267E-02 5.9902E-03 6.5680E-02 1.4563E-01 2.4972E-02 0.0000E+00
 0.0000E+00 1.1663E-02 4.1655E-02 1.1212E-01 1.4955E-01 1.1693E-01 1.1202E-01 1.0123E-01 9.5871E-02 1.0179E-01 1.1589E-01 1.8655E-01 2.3552E-01 2.5109E-01 2.5127E-01 2.4611E-01 2.6744E-01 2.3864E-01 2.1898E-01 5.3505E-02 7.2979E-03 6.8166E-02 1.4493E-01 2.5051E-02 0.0000E+00
 0.0000E+00 1.1597E-02 4.2071E-02 1.1222E-01 1.5614E-01 1.1853E-01 1.1081E-01 1.0347E-01 9.6961E-02 1.0108E-01 1.1497E-01 1.8806E-01 2.3475E-01 2.5817E-01 2.4687E-01 2.4859E-01 2.6817E-01 2.3892E-01 2.2584E-01 5.8672E-02 8.0376E-03 7.1365E-02 1.4530E-01 2.5208E-02 0.0000E+00
 0.0000E+00 1.1622E-02 4.1252E-02 1.1061E-01 1.5675E-01 1.2259E-01 1.1201E-01 1.0535E-01 9.7959E-02 1.0112E-01 1.1628E-01 1.8438E-01 2.3535E-01 2.5604E-01 2.5641E-01 2.4813E-01 2.6955E-01 2.4192E-01 2.3314E-01 6.0915E-02 7.7338E-03 7.6165E-02 1.4674E-01 2.5455E-02 0.0000E+00
 0.0000E+00 1.1515E-02 4.2153E-02 1.1122E-01 1.5551E-01 1.2111E-01 1.1184E-01 1.0520E-01 1.0144E-01 1.0378E-01 1.1895E-01 1.8690E-01 2.3805E-01 2.5815E-01 2.5776E-01 2.5081E-01 2.7146E-01 2.4092E-01 2.2645E-01 5.9215E-02 8.3678E-03 7.7924E-02 1.4297E-01 2.5154E-02 0.0000E+00
 0.0000E+00 1.1630E-02 4.2390E-02 1.1114E-01 1.5584E-01 1.2567E-01 1.1448E-01 1.0864E-01 1.0409E-01 1.0522E-01 1.1437E-01 1.8495E-01 2.4179E-01 2.6339E-01 2.5527E-01 2.5211E-01 2.7306E-01 2.4855E-01 2.3012E-01 6.5907E-02 8.8631E-03 8.1872E-02 1.4536E-01 2.5238E-02 0.0000E+00
 0.0000E+00 1.1654E-02 4.1655E-02 1.0975E-01 1.5958E-01 1.2745E-01 1.1617E-01 1.0408E-01 1.0215E-01 1.0754E-01 1.1585E-01 1.8022E-01 2.4135E-01 2.6471E-01 2.6215E-01 2.5150E-01 2.8304E-01 2.4252E-01 2.3419E-01 6.8648E-02 1.0210E-02 8.7992E-02 1.4634E-01 2.5555E-02 0.0000E+00
 0.0000E+00 1.1517E-02 4.1905E-02 1.0906E-01 1.5779E-01 1.2939E-01 1.1567E-01 1.0978E-01 1.0298E-01 1.1156E-01 1.1639E-01 1.8599E-01 2.4783E-01 2.6324E-01 2.6096E-01 2.5129E-01 2.7998E-01 2.4440E-01 2.3978E-01 6.9866E-02 1.1234E-02 8.9836E-02 1.4535E-01 2.5073E-02 0.0000E+00
 0.0000E+00 1.1674E-02 4.2282E-02 1.0919E-01 1.6101E-01 1.3018E-01 1.1647E-01 1.0938E-01 1.0627E-01 1.0989E-01 1.1634E-01 1.8248E-01 2.4087E-01 2.6969E-01 2.6521E-01 2.6253E-01 2.7213E-01 2.4761E-01 2.4738E-01 7.4438E-02 1.3255E-02 9.4964E-02 1.4319E-01 2.4980E-02 0.0000E+00
 0.0000E+00 1.1654E-02 4.1772E-02 1.0873E-01 1.5967E-01 1.2861E-01 1.1939E-01 1.0990E-01 1.0590E-01 1.0942E-01 1.1898E-01 1.8227E-01 2.4018E-01 2.7133E-01 2.6143E-01 2.6063E-01 2.8034E-01 2.4952E-01 2.4461E-01 7.5865E-02 1.4041E-02 1.0149E-01 1.4376E-01 2.5352E-02 0.0000E+00
 0.0000E+00 1.1572E-02 4.2273E-02 1.1072E-01 1.5960E-01 1.3326E-01 1.2057E-01 1.1053E-01 1.0981E-01 1.1151E-01 1.2269E-01 1.8630E-01 2.4404E-01 2.7001E-01 2.5557E-01 2.5653E-01 2.8295E-01 2.4657E-01 2.5212E-01 7.7398E-02 1.6623E-02 1.0414E-01 1.4274E-01 2.5364E-02 0.0000E+00
 0.0000E+00 1.1637E-02 4.1649E-02 1.0942E-01 1.6335E-01 1.3182E-01 1.1629E-01 1.1104E-01 1.1062E-01 1.1416E-01 1.1980E-01 1.8374E-01 2.4732E-01 2.7204E-01 2.6026E-01 2.6743E-01 2.8783E-01 2.5029E-01 2.5005E-01 8.2854E-02 1.8433E-02 1.0990E-01 1.4314E-01 2.5315E-02 0.0000E+00
 0.0000E+00 1.1802E-02 4.2010E-02 1.0905E-01 1.6137E-01 1.3386E-01 1.2481E-01 1.1048E-01 1.1219E-01 1.1167E-01 1.2332E-01 1.8921E-01 2.5255E-01 2.7356E-01 2.6572E-01 2.6106E-01 2.8917E-01 2.5008E-01 2.4639E-01 8.7242E-02 1.8023E-02 1.1200E-01 1.4175E-01 2.5289E-02 0.0000E+00
 0.0000E+00 1.1686E-02 4.2064E-02 1.0795E-01 1.6381E-01 1.3193E-01 1.2098E-01 1.1464E-01 1.1342E-01 1.1108E-01 1.2437E-01 1.8667E-01 2.5986E-01 2.6653E-01 2.6281E-01 2.6789E-01 2.8994E-01 2.4908E-01 2.5440E-01 8.6340E-02 2.0474E-02 1.1828E-01 1.4153E-01 2.5721E-02 0.0000E+00
 0.0000E+00 1.1676E-02 4.2180E-02 1.0760E-01 1.6168E-01 1.3734E-01 1.2313E-01 1.1475E-01 1.1160E-01 1.1309E-01 1.2358E-01 1.8662E-01 2.4981E-01 2.8052E-01 2.6057E-01 2.6541E-01 2.9783E-01 2.5024E-01 2.5838E-01 9.1683E-02 2.1748E-02 1.2061E-01 1.4252E-01 2.5531E-02 0.0000E+00
 0.0000E+00 1.1628E-02 4.1871E-02 1.0582E-01 1.6402E-01 1.3997E-01 1.2219E-01 1.1569E-01 1.1539E-01 1.1820E-01 1.2398E-01 1.9167E-01 2.4993E-01 2.7356E-01 2.6442E-01 2.5888E-01 2.9435E-01 2.5819E-01 2.5758E-01 9.6412E-02 2.3617E-02 1.2443E-01 1.4285E-01 2.5278E-02 0.0000E+00
 0.0000E+00 1.1804E-02 4.2980E-02 1.0619E-01 1.6368E-01 1.4126E-01 1.2475E-01 1.1566E-01 1.2033E-01 1.1601E-01 1.2702E-01 1.8408E-01 2.5792E-01 2.8333E-01 2.6791E-01 2.6873E-01 2.9664E-01 2.5349E-01 2.6509E-01 9.7069E-02 2.5427E-02 1.3006E-01 1.4233E-01 2.5194E-02 0.0000E+00
 0.0000E+00 1.1658E-02 4.3272E-02 1.0665E-01 1.6502E-01 1.4202E-01 1.2576E-01 1.2152E-01 1.1938E-01 1.2015E-01 1.2785E-01 1.8802E-01 2.5615E-01 2.8235E-01 2.7158E-01 2.6952E-01 2.9971E-01 2.5603E-01 2.6167E-01 1.0226E-01 2.5599E-02 1.3734E-01 1.4024E-01 2.5492E-02 0.0000E+00
 0.0000E+00 1.1583E-02 4.2608E-02 1.0546E-01 1.6530E-01 1.4381E-01 1.2764E-01 1.2122E-01 1.1867E-01 1.1950E-01 1.3055E-01 1.8706E-01 2.5439E-01 2.7948E-01 2.7345E-01 2.7244E-01 2.9524E-01 2.6139E-01 2.6110E-01 1.0867E-01 2.9555E-02 1.4396E-01 1.4023E-01 2.5353E-02 0.0000E+00
 0.0000E+00 1.1533E-02 4.2446E-02 1.0480E-01 1.6367E-01 1.4668E-01 1.3018E-01 1.2070E-01 1.1723E-01 1.1998E-01 1.2894E-01 1.8866E-01 2.5109E-01 2.8970E-01 2.7825E-01 2.7426E-01 3.0617E-01 2.6443E-01 2.6621E-01 1.1259E-01 3.1939E-02 1.4539E-01 1.4297E-01 2.5175E-02 0.0000E+00
 0.0000E+00 1.1511E-02 4.2080E-02 1.0639E-01 1.6657E-01 1.4565E-01 1.2961E-01 1.2340E-01 1.2169E-01 1.2238E-01 1.2763E-01 1.8659E-01 2.5175E-01 2.8480E-01 2.6850E-01 2.8307E-01 3.0155E-01 2.6140E-01 2.7360E-01 1.1739E-01 3.6410E-02 1.5474E-01 1.4010E-01 2.5609E-02 0.0000E+00
 0.0000E+00 1.1535E-02 4.2804E-02 1.0545E-01 1.6153E-01 1.4774E-01 1.3136E-01 1.2274E-01 1.2499E-01 1.2407E-01 1.2948E-01 1.9206E-01 2.5386E-01 2.8411E-01 2.7300E-01 2.7974E-01 3.0987E-01 2.6423E-01 2.7214E-01 1.1974E-01 3.7143E-02 1.5589E-01 1.3949E-01 2.5159E-02 0.0000E+00
 0.0000E+00 1.1557E-02 4.2426E-02 1.0593E-01 1.6564E-01 1.4624E-01 1.2985E-01 1.2486E-01 1.2646E-01 1.2586E-01 1.3726E-01 1.9041E-01 2.5986E-01 2.8939E-01 2.6827E-01 2.7760E-01 3.0887E-01 2.6251E-01 2.7437E-01 1.2235E-01 4.0769E-02 1.6469E-01 1.3916E-01 2.5700E-02 0.0000E+00
 0.0000E+00 1.1482E-02 4.3116E-02 1.0372E-01 1.6790E-01 1.5296E-01 1.3076E-01 1.2738E-01 1.2399E-01 1.2957E-01 1.3458E-01 1.8854E-01 2.5370E-01 2.9116E-01 2.7568E-01 2.7727E-01 3.1461E-01 2.6385E-01 2.7716E-01 1.2672E-01 4.2962E-02 1.6722E-01 1.4041E-01 2.5440E-02 0.0000E+00
 0.0000E+00 1.1424E-02 4.3706E-02 1.0473E-01 1.6732E-01 1.5179E-01 1.3497E-01 1.2307E-01 1.2735E-01 1.2640E-01 1.3605E-01 1.8700E-01 2.5813E-01 2.8692E-01 2.7836E-01 2.8200E-01 3.1390E-01 2.6737E-01 2.7407E-01 1.2976E-01 4.7182E-02 1.7327E-01 1.3648E-01 2.5431E-02 0.0000E+00
 0.0000E+00 1.1307E-02 4.3239E-02 1.0305E-01 1.6661E-01 1.5126E-01 1.3334E-01 1.2834E-01 1.2770E-01 1.2502E-01 1.3217E-01 1.9112E-01 2.5828E-01 2.8930E-01 2.7816E-01 2.7603E-01 3.2071E-01 2.7530E-01 2.7779E-01 1.3646E-01 4.9044E-02 1.7362E-01 1.3565E-01 2.5571E-02 0.0000E+00
 0.0000E+00 1.1616E-02 4.2609E-02 1.0369E-01 1.6673E-01 1.5052E-01 1.3526E-01 1.2779E-01 1.3019E-01 1.3187E-01 1.3365E-01 1.8965E-01 2.6156E-01 2.9060E-01 2.8314E-01 2.8496E-01 3.1664E-01 2.6879E-01 2.8844E-01 1.4213E-01 5.3991E-02 1.8360E-01 1.3729E-01 2.5487E-02 0.0000E+00
 0.0000E+00 1.1382E-02 4.3170E-02 1.0408E-01 1.6675E-01 1.5230E-01 1.3746E-01 1.2765E-01 1.3194E-01 1.3055E-01 1.3676E-01 1.9345E-01 2.6435E-01 2.9946E-01 2.8080E-01 2.8840E-01 3.1490E-01 2.7431E-01 2.8739E-01 1.4547E-01 5.9777E-02 1.9240E-01 1.3738E-01 2.5282E-02 0.0000E+00
 0.0000E+00 1.1506E-02 4.2903E-02 1.0489E-01 1.6821E-01 1.5814E-01 1.3732E-01 1.3163E-01 1.3610E-01 1.3054E-01 1.3386E-01 1.8768E-01 2.6104E-01 3.0408E-01 2.8557E-01 2.9262E-01 3.2102E-01 2.7004E-01 2.8350E-01 1.4357E-01 5.9948E-02 1.9214E-01 1.3495E-01 2.5947E-02 0.0000E+00
 0.0000E+00 1.1387E-02 4.3097E-02 1.0506E-01 1.6819E-01 1.5800E-01 1.3872E-01 1.3133E-01 1.3190E-01 1.3214E-01 1.3623E-01 1.9219E-01 2.6609E-01 2.9753E-01 2.8819E-01 2.9204E-01 3.2298E-01 2.6954E-01 2.9171E-01 1.5214E-01 6.6137E-02 2.0045E-01 1.3614E-01 2.5776E-02 0.0000E+00
 0.0000E+00 1.1360E-02 4.2924E-02 1.0203E-01 1.6557E-01 1.5828E-01 1.3923E-01 1.3257E-01 1.3991E-01 1.3490E-01 1.4232E-01 1.9525E-01 2.6721E-01 2.9811E-01 2.8319E-01 2.8725E-01 3.2777E-01 2.7882E-01 2.9226E-01 1.6126E-01 6.9611E-02 2.0735E-01 1.3457E-01 2.5303E-02 0.0000E+00
 0.0000E+00 1.1386E-02 4.3630E-02 1.0184E-01 1.7001E-01 1.6406E-01 1.4009E-01 1.3381E-01 1.4202E-01 1.3540E-01 1.3960E-01 1.9224E-01 2.6369E-01 3.0381E-01 2.8428E-01 2.9817E-01 3.2956E-01 2.7863E-01 2.9495E-01 1.6510E-01 7.3950E-02 2.0787E-01 1.3523E-01 2.5478E-02 0.0000E+00
 0.0000E+00 1.1216E-02 4.3128E-02 1.0033E-01 1.6539E-01 1.5994E-01 1.4366E-01 1.3373E-01 1.4026E-01 1.4035E-01 1.4417E-01 1.9241E-01 2.6946E-01 3.0101E-01 2.8120E-01 2.9992E-01 3.2814E-01 2.8035E-01 2.9569E-01 1.6725E-01 7.8494E-02 2.1679E-01 1.3413E-01 2.5276E-02 0.0000E+00
 0.0000E+00 1.1423E-02 4.3617E-02 1.0181E-01 1.6781E-01 1.6146E-01 1.4451E-01 1.3470E-01 1.4379E-01 1.4062E-01 1.4349E-01 1.9239E-01 2.7102E-01 3.0006E-01 2.8885E-01 2.9395E-01 3.3642E-01 2.7953E-01 3.0578E-01 1.7047E-01 8.2628E-02 2.2044E-01 1.3459E-01 2.5581E-02 0.0000E+00
 0.0000E+00 1.1328E-02 4.3623E-02 1.0295E-01 1.6729E-01 1.6350E-01 1.4344E-01 1.3625E-01 1.4389E-01 1.3776E-01 1.4706E-01 1.9623E-01 2.6966E-01 3.0206E-01 2.9171E-01 2.9744E-01 3.3456E-01 2.8140E-01 2.9954E-01 1.7516E-01 8.7647E-02 2.2707E-01 1.3238E-01 2.5375E-02 0.0000E+00
 0.0000E+00 1.1382E-02 4.3498E-02 1.0124E-01 1.6717E-01 1.6435E-01 1.4650E-01 1.3590E-01 1.4711E-01 1.4273E-01 1.4736E-01 1.8920E-01 2.6945E-01 3.0415E-01 2.9210E-01 3.0294E-01 3.3608E-01 2.8721E-01 3.0638E-01 1.8157E-01 9.4318E-02 2.3437E-01 1.3522E-01 2.5399E-02 0.0000E+00
 0.0000E+00 1.1268E-02 4.3893E-02 1.0209E-01 1.6785E-01 1.6385E-01 1.4699E-01 1.4159E-01 1.4971E-01 1.4367E-01 1.4951E-01 1.9280E-01 2.7311E-01 3.1390E-01 2.9672E-01 3.0144E-01 3.3743E-01 2.8925E-01 3.0500E-01 1.9335E-01 9.7508E-02 2.3476E-01 1.3269E-01 2.5261E-02 0.0000E+00
 0.0000E+00 1.1245E-02 4.3873E-02 1.0135E-01 1.6752E-01 1.6778E-01 1.4944E-01 1.3979E-01 1.4735E-01 1.4483E-01 1.4945E-01 2.0005E-01 2.6798E-01 3.0811E-01 2.9400E-01 3.0139E-01 3.4286E-01 2.8852E-01 3.0943E-01 1.8652E-01 1.0363E-01 2.4636E-01 1.3270E-01 2.5204E-02 0.0000E+00
 0.0000E+00 1.1381E-02 4.3275E-02 1.0142E-01 1.6940E-01 1.6957E-01 1.4873E-01 1.4161E-01 1.4928E-01 1.4837E-01 1.5235E-01 1.9403E-01 2.7470E-01 3.1026E-01 2.9419E-01 3.0737E-01 3.3916E-01 2.9297E-01 3.1211E-01 1.9707E-01 1.0871E-01 2.5005E-01 1.3097E-01 2.5090E-02 0.0000E+00
 0.0000E+00 1.1240E-02 4.3835E-02 1.0067E-01 1.6843E-01 1.6639E-01 1.5257E-01 1.4363E-01 1.5325E-01 1.4840E-01 1.5338E-01 1.9747E-01 2.7327E-01 3.1005E-01 3.0412E-01 3.1108E-01 3.4158E-01 2.9441E-01 3.0853E-01 2.0385E-01 1.1723E-01 2.5504E-01 1.3211E-01 2.5389E-02 0.0000E+00
 0.0000E+00 1.1190E-02 4.4038E-02 1.0128E-01 1.6651E-01 1.6993E-01 1.5155E-01 1.4594E-01 1.5293E-01 1.4973E-01 1.5512E-01 1.9422E-01 2.7562E-01 3.1565E-01 2.9225E-01 3.1240E-01 3.4905E-01 2.9326E-01 3.1388E-01 2.1275E-01 1.2280E-01 2.5743E-01 1.3113E-01 2.5389E-02 0.0000E+00
 0.0000E+00 1.1071E-02 4.4567E-02 1.0277E-01 1.6744E-01 1.6915E-01 1.5348E-01 1.4642E-01 1.5620E-01 1.4827E-01 1.5269E-01 1.9662E-01 2.7311E-01 3.1111E-01 2.9661E-01 3.1065E-01 3.5027E-01 2.9737E-01 3.1216E-01 2.0777E-01 1.2891E-01 2.6813E-01 1.3036E-01 2.5359E-02 0.0000E+00
 0.0000E+00 1.1083E-02 4.4671E-02 1.0070E-01 1.6609E-01 1.7136E-01 1.5507E-01 1.4637E-01 1.5801E-01 1.5221E-01 1.5321E-01 1.9662E-01 2.7494E-01 3.1619E-01 2.9846E-01 3.1477E-01 3.4584E-01 2.9676E-01 3.2421E-01 2.1867E-01 1.3439E-01 2.7217E-01 1.2966E-01 2.5159E-02 0.0000E+00
 0.0000E+00 1.1021E-02 4.3909E-02 1.0128E-01 1.6512E-01 1.7624E-01 1.5272E-01 1.4536E-01 1.5886E-01 1.5223E-01 1.5905E-01 1.9986E-01 2.7373E-01 3.0847E-01 3.0378E-01 3.1810E-01 3.4509E-01 3.0617E-01 3.2025E-01 2.1638E-01 1.4071E-01 2.7727E-01 1.2965E-01 2.5467E-02 0.0000E+00
 0.0000E+00 1.0980E-02 4.4225E-02 1.0131E-01 1.6758E-01 1.7257E-01 1.5622E-01 1.5181E-01 1.5530E-01 1.5255E-01 1.6178E-01 2.0067E-01 2.7502E-01 3.1489E-01 3.0746E-01 3.1987E-01 3.5878E-01 3.1210E-01 3.2356E-01 2.2570E-01 1.4225E-01 2.8180E-01 1.2821E-01 2.5000E-02 0.0000E+00
 0.0000E+00 1.0970E-02 4.4735E-02 1.0021E-01 1.6508E-01 1.7427E-01 1.5665E-01 1.5263E-01 1.6139E-01 1.5357E-01 1.6290E-01 2.0240E-01 2.8039E-01 3.2043E-01 2.9975E-01 3.1802E-01 3.5908E-01 2.9849E-01 3.2529E-01 2.3588E-01 1.5337E-01 2.8536E-01 1.2840E-01 2.4744E-02 0.0000E+00
 0.0000E+00 1.0897E-02 4.4296E-02 1.0237E-01 1.6690E-01 1.7650E-01 1.5607E-01 1.4998E-01 1.6731E-01 1.5621E-01 1.6415E-01 2.0736E-01 2.8551E-01 3.1689E-01 3.1327E-01 3.1808E-01 3.6009E-01 3.0834E-01 3.3118E-01 2.3714E-01 1.6034E-01 2.9274E-01 1.2813E-01 2.4818E-02 0.0000E+00
 0.0000E+00 1.0963E-02 4.5333E-02 1.0120E-01 1.6607E-01 1.7648E-01 1.5985E-01 1.5226E-01 1.6427E-01 1.6109E-01 1.6667E-01 2.0253E-01 2.8284E-01 3.2322E-01 3.0704E-01 3.3007E-01 3.5585E-01 3.0522E-01 3.3092E-01 2.4233E-01 1.7029E-01 2.9926E-01 1.2908E-01 2.4761E-02 0.0000E+00
 0.0000E+00 1.0964E-02 4.4895E-02 1.0094E-01 1.6976E-01 1.7743E-01 1.5986E-01 1.5627E-01 1.7079E-01 1.6301E-01 1.6759E-01 2.0989E-01 2.7949E-01 3.2621E-01 3.0612E-01 3.2584E-01 3.6344E-01 3.0674E-01 3.3319E-01 2.4916E-01 1.7694E-01 3.0072E-01 1.2651E-01 2.4751E-02 0.0000E+00
 0.0000E+00 1.0787E-02 4.4759E-02 9.9746E-02 1.6935E-01 1.7904E-01 1.6236E-01 1.5398E-01 1.6917E-01 1.6448E-01 1.7103E-01 2.0793E-01 2.8506E-01 3.2105E-01 3.0871E-01 3.3096E-01 3.6555E-01 3.1236E-01 3.3201E-01 2.5641E-01 1.8474E-01 3.0287E-01 1.2783E-01 2.5136E-02 0.0000E+00
 0.0000E+00 1.0812E-02 4.5156E-02 9.9906E-02 1.6755E-01 1.7938E-01 1.6203E-01 1.5953E-01 1.7189E-01 1.6077E-01 1.6789E-01 2.0879E-01 2.8407E-01 3.2522E-01 3.1468E-01 3.2445E-01 3.6609E-01 3.1566E-01 3.4121E-01 2.5764E-01 1.9040E-01 3.0625E-01 1.2649E-01 2.4756E-02 0.0000E+00
 0.0000E+00 1.0724E-02 4.5174E-02 9.9229E-02 1.6608E-01 1.8237E-01 1.6680E-01 1.5589E-01 1.7464E-01 1.6711E-01 1.7182E-01 2.0680E-01 2.8248E-01 3.1988E-01 3.1175E-01 3.3845E-01 3.7257E-01 3.1492E-01 3.3739E-01 2.6850E-01 1.9958E-01 3.1244E-01 1.2588E-01 2.4547E-02 0.0000E+00
 0.0000E+00 1.0577E-02 4.5071E-02 1.0050E-01 1.6760E-01 1.8043E-01 1.6668E-01 1.6111E-01 1.7553E-01 1.7010E-01 1.6655E-01 2.1186E-01 2.9127E-01 3.2466E-01 3.1675E-01 3.2804E-01 3.6547E-01 3.1514E-01 3.4029E-01 2.7712E-01 2.0718E-01 3.1684E-01 1.2506E-01 2.4639E-02 0.0000E+00
 0.0000E+00 1.0724E-02 4.4626E-02 1.0065E-01 1.6666E-01 1.8376E-01 1.6797E-01 1.6146E-01 1.7435E-01 1.7190E-01 1.7277E-01 2.0738E-01 2.8284E-01 3.3360E-01 3.2301E-01 3.3381E-01 3.7185E-01 3.2065E-01 3.4330E-01 2.8262E-01 2.1408E-01 3.2425E-01 1.2506E-01 2.4256E-02 0.0000E+00
 0.0000E+00 1.0685E-02 4.4626E-02 1.0056E-01 1.6351E-01 1.8523E-01 1.7019E-01 1.6144E-01 1.7873E-01 1.7191E-01 1.7667E-01 2.1303E-01 2.9022E-01 3.2996E-01 3.1604E-01 3.3915E-01 3.7309E-01 3.2435E-01 3.4771E-01 2.7713E-01 2.2667E-01 3.2383E-01 1.2316E-01 2.4394E-02 0.0000E+00
 0.0000E+00 1.0650E-02 4.5053E-02 9.8671E-02 1.6753E-01 1.8418E-01 1.7219E-01 1.6620E-01 1.8058E-01 1.7220E-01 1.7530E-01 2.1000E-01 2.9314E-01 3.3280E-01 3.2138E-01 3.4163E-01 3.8022E-01 3.2732E-01 3.4330E-01 2.9285E-01 2.3399E-01 3.3071E-01 1.2358E-01 2.4623E-02 0.0000E+00
 0.0000E+00 1.0539E-02 4.5279E-02 9.9078E-02 1.6550E-01 1.8348E-01 1.7043E-01 1.6183E-01 1.7844E-01 1.7371E-01 1.7965E-01 2.1310E-01 2.9229E-01 3.3500E-01 3.2167E-01 3.4116E-01 3.7511E-01 3.2399E-01 3.4983E-01 2.9715E-01 2.3802E-01 3.3224E-01 1.2416E-01 2.4405E-02 0.0000E+00
 0.0000E+00 1.0652E-02 4.5365E-02 1.0020E-01 1.6457E-01 1.8812E-01 1.7463E-01 1.6716E-01 1.8132E-01 1.7468E-01 1.8536E-01 2.1614E-01 2.9122E-01 3.3411E-01 3.2377E-01 3.3242E-01 3.8130E-01 3.2912E-01 3.4722E-01 3.0324E-01 2.4575E-01 3.3481E-01 1.2327E-01 2.4114E-02 0.0000E+00
 0.0000E+00 1.0544E-02 4.4439E-02 9.8674E-02 1.6743E-01 1.8496E-01 1.7257E-01 1.6806E-01 1.8342E-01 1.7646E-01 1.8304E-01 2.1740E-01 2.8839E-01 3.3408E-01 3.3073E-01 3.4500E-01 3.7929E-01 3.2664E-01 3.5764E-01 3.0538E-01 2.5185E-01 3.4247E-01 1.2191E-01 2.3959E-02 0.0000E+00
 0.0000E+00 1.0322E-02 4.5164E-02 9.9126E-02 1.6517E-01 1.8946E-01 1.7582E-01 1.6828E-01 1.8457E-01 1.7695E-01 1.8416E-01 2.1867E-01 2.9212E-01 3.3755E-01 3.2705E-01 3.4839E-01 3.8348E-01 3.3433E-01 3.5190E-01 3.1502E-01 2.6342E-01 3.4467E-01 1.2124E-01 2.3951E-02 0.0000E+00
 0.0000E+00 1.0349E-02 4.5050E-02 9.9126E-02 1.6540E-01 1.9012E-01 1.7731E-01 1.7184E-01 1.8918E-01 1.7860E-01 1.8560E-01 2.2086E-01 2.9631E-01 3.3534E-01 3.2723E-01 3.5144E-01 3.8713E-01 3.3223E-01 3.5244E-01 3.2257E-01 2.7265E-01 3.4723E-01 1.1981E-01 2.3625E-02 0.0000E+00
 0.0000E+00 1.0514E-02 4.5542E-02 1.0035E-01 1.6517E-01 1.9325E-01 1.7894E-01 1.7262E-01 1.8856E-01 1.7657E-01 1.8913E-01 2.2279E-01 2.9699E-01 3.3764E-01 3.3046E-01 3.4911E-01 3.8502E-01 3.3505E-01 3.5859E-01 3.1968E-01 2.8417E-01 3.4991E-01 1.2049E-01 2.4030E-02 0.0000E+00
 0.0000E+00 1.0271E-02 4.5472E-02 9.8335E-02 1.6342E-01 1.9063E-01 1.7801E-01 1.7444E-01 1.9400E-01 1.8749E-01 1.9072E-01 2.2658E-01 3.0138E-01 3.4194E-01 3.3701E-01 3.4817E-01 3.8474E-01 3.3314E-01 3.5908E-01 3.3454E-01 2.9341E-01 3.5150E-01 1.2034E-01 2.3852E-02 0.0000E+00
 0.0000E+00 1.0211E-02 4.4525E-02 9.9294E-02 1.6591E-01 1.9411E-01 1.8266E-01 1.7550E-01 1.9921E-01 1.8530E-01 1.8858E-01 2.2173E-01 2.9719E-01 3.4432E-01 3.3182E-01 3.5265E-01 3.8844E-01 3.4545E-01 3.6454E-01 3.3626E-01 2.9809E-01 3.5932E-01 1.2001E-01 2.3396E-02 0.0000E+00
 0.0000E+00 1.0228E-02 4.5137E-02 9.8272E-02 1.6454E-01 1.9303E-01 1.8141E-01 1.7755E-01 1.9681E-01 1.8672E-01 1.9062E-01 2.2547E-01 3.0165E-01 3.4448E-01 3.3133E-01 3.5335E-01 3.9285E-01 3.4315E-01 3.6099E-01 3.4446E-01 3.0516E-01 3.5733E-01 1.1950E-01 2.3673E-02 0.0000E+00
 0.0000E+00 1.0288E-02 4.5975E-02 9.9924E-02 1.6446E-01 1.9510E-01 1.8320E-01 1.7526E-01 2.0098E-01 1.8836E-01 1.9657E-01 2.2541E-01 3.0273E-01 3.4797E-01 3.4145E-01 3.5618E-01 3.9460E-01 3.4636E-01 3.6084E-01 3.4729E-01 3.1810E-01 3.5829E-01 1.1818E-01 2.3560E-02 0.0000E+00
 0.0000E+00 1.0291E-02 4.4772E-02 9.8031E-02 1.6424E-01 1.9642E-01 1.8558E-01 1.7761E-01 2.0286E-01 1.9127E-01 1.9824E-01 2.2736E-01 3.0248E-01 3.4307E-01 3.4011E-01 3.5919E-01 3.9513E-01 3.4160E-01 3.6378E-01 3.5107E-01 3.2199E-01 3.6801E-01 1.1880E-01 2.3857E-02 0.0000E+00
 0.0000E+00 1.0070E-02 4.5369E-02 9.9138E-02 1.6204E-01 1.9686E-01 1.8775E-01 1.8324E-01 2.0014E-01 1.9207E-01 2.0070E-01 2.2784E-01 3.0161E-01 3.5050E-01 3.4762E-01 3.6045E-01 3.9540E-01 3.5034E-01 3.7638E-01 3.5986E-01 3.3387E-01 3.6925E-01 1.1765E-01 2.3463E-02 0.0000E+00
 0.0000E+00 1.0080E-02 4.5723E-02 9.9178E-02 1.6457E-01 1.9852E-01 1.8581E-01 1.8429E-01 2.0279E-01 1.9420E-01 1.9718E-01 2.2726E-01 3.0579E-01 3.4690E-01 3.4475E-01 3.5838E-01 4.0240E-01 3.4806E-01 3.6820E-01 3.6874E-01 3.4291E-01 3.6885E-01 1.1597E-01 2.3371E-02 0.0000E+00
 0.0000E+00 1.0031E-02 4.5058E-02 9.8945E-02 1.6338E-01 1.9752E-01 1.8697E-01 1.8311E-01 2.0315E-01 1.9718E-01 2.0695E-01 2.2821E-01 3.0422E-01 3.5101E-01 3.4262E-01 3.5559E-01 4.0592E-01 3.4953E-01 3.7204E-01 3.7108E-01 3.5207E-01 3.6754E-01 1.1679E-01 2.3178E-02 0.0000E+00
 0.0000E+00 9.9167E-03 4.5534E-02 9.8528E-02 1.6299E-01 2.0061E-01 1.8775E-01 1.8963E-01 2.0858E-01 1.9604E-01 2.0277E-01 2.3450E-01 3.0533E-01 3.5090E-01 3.4719E-01 3.5795E-01 4.0573E-01 3.5338E-01 3.7195E-01 3.7280E-01 3.5996E-01 3.7343E-01 1.1538E-01 2.3339E-02 0.0000E+00
 0.0000E+00 1.0007E-02 4.5338E-02 9.9472E-02 1.6594E-01 2.0252E-01 1.9095E-01 1.8645E-01 2.0741E-01 1.9884E-01 2.0816E-01 2.3338E-01 3.0194E-01 3.4830E-01 3.4829E-01 3.6612E-01 4.0338E-01 3.5807E-01 3.7439E-01 3.8294E-01 3.6909E-01 3.7222E-01 1.1452E-01 2.3191E-02 0.0000E+00
 0.0000E+00 1.0020E-02 4.5139E-02 9.9013E-02 1.6648E-01 2.0171E-01 1.9045E-01 1.9166E-01 2.1102E-01 2.0539E-01 2.0862E-01 2.3657E-01 3.0922E-01 3.6026E-01 3.4878E-01 3.6654E-01 4.0362E-01 3.6441E-01 3.7775E-01 3.8625E-01 3.7631E-01 3.7709E-01 1.1467E-01 2.3119E-02 0.0000E+00
 0.0000E+00 9.6665E-03 4.5547E-02 9.8282E-02 1.6295E-01 2.0125E-01 1.9030E-01 1.9006E-01 2.0961E-01 2.0304E-01 2.1048E-01 2.3695E-01 3.0981E-01 3.4980E-01 3.4852E-01 3.7190E-01 4.0562E-01 3.6036E-01 3.8730E-01 3.9110E-01 3.8190E-01 3.8220E-01 1.1478E-01 2.2898E-02 0.0000E+00
 0.0000E+00 9.7419E-03 4.5011E-02 9.7595E-02 1.6498E-01 2.0279E-01 1.9334E-01 1.9487E-01 2.1177E-01 2.0359E-01 2.1386E-01 2.4138E-01 3.0508E-01 3.5330E-01 3.5446E-01 3.7078E-01 4.1833E-01 3.6680E-01 3.7848E-01 4.0169E-01 3.9779E-01 3.8040E-01 1.1316E-01 2.2849E-02 0.0000E+00
 0.0000E+00 9.7147E-03 4.5462E-02 9.9625E-02 1.6310E-01 2.0306E-01 1.9503E-01 1.8883E-01 2.1242E-01 2.0527E-01 2.1436E-01 2.4417E-01 3.1305E-01 3.5951E-01 3.6016E-01 3.7686E-01 4.1131E-01 3.6759E-01 3.7873E-01 4.0823E-01 4.0049E-01 3.7870E-01 1.1270E-01 2.2764E-02 0.0000E+00
 0.0000E+00 9.5799E-03 4.4829E-02 9.9429E-02 1.6475E-01 2.0411E-01 1.9895E-01 1.9372E-01 2.1336E-01 2.0505E-01 2.1521E-01 2.4477E-01 3.1248E-01 3.5750E-01 3.5972E-01 3.7020E-01 4.1196E-01 3.5857E-01 3.8411E-01 4.0982E-01 4.1582E-01 3.7887E-01 1.1275E-01 2.2280E-02 0.0000E+00
 0.0000E+00 9.6711E-03 4.5660E-02 9.8187E-02 1.6504E-01 2.0784E-01 1.9353E-01 1.9746E-01 2.2052E-01 2.0788E-01 2.2156E-01 2.4065E-01 3.1593E-01 3.5959E-01 3.5921E-01 3.7619E-01 4.1750E-01 3.6403E-01 3.9117E-01 4.1292E-01 4.2401E-01 3.8184E-01 1.1200E-01 2.2645E-02 0.0000E+00
 0.0000E+00 9.3845E-03 4.5190E-02 9.8604E-02 1.6445E-01 2.0456E-01 2.0004E-01 2.0087E-01 2.2185E-01 2.0786E-01 2.1985E-01 2.4768E-01 3.2292E-01 3.6135E-01 3.6575E-01 3.8045E-01 4.1290E-01 3.6973E-01 3.9016E-01 4.2016E-01 4.2678E-01 3.7946E-01 1.1251E-01 2.2438E-02 0.0000E+00
 0.0000E+00 9.5245E-03 4.5104E-02 9.7580E-02 1.6499E-01 2.0788E-01 2.0046E-01 2.0021E-01 2.2405E-01 2.1167E-01 2.2186E-01 2.4830E-01 3.2155E-01 3.5804E-01 3.6612E-01 3.8171E-01 4.2288E-01 3.7092E-01 3.8553E-01 4.2430E-01 4.3238E-01 3.8505E-01 1.1166E-01 2.1968E-02 0.0000E+00
 0.0000E+00 9.3753E-03 4.4865E-02 9.7868E-02 1.6397E-01 2.0580E-01 2.0301E-01 2.0331E-01 2.2340E-01 2.1216E-01 2.2298E-01 2.4921E-01 3.1997E-01 3.6181E-01 3.6678E-01 3.8213E-01 4.1327E-01 3.7456E-01 3.9395E-01 4.2102E-01 4.4205E-01 3.8242E-01 1.0964E-01 2.2006E-02 0.0000E+00
 0.0000E+00 9.3419E-03 4.5023E-02 9.9537E-02 1.6513E-01 2.0621E-01 2.0156E-01 2.0169E-01 2.2155E-01 2.1898E-01 2.2469E-01 2.5435E-01 3.2346E-01 3.6351E-01 3.6655E-01 3.8445E-01 4.1471E-01 3.7873E-01 3.9277E-01 4.3270E-01 4.4658E-01 3.8368E-01 1.0956E-01 2.2111E-02 0.0000E+00
 0.0000E+00 9.2291E-03 4.4393E-02 9.6904E-02 1.6402E-01 2.0930E-01 2.0249E-01 2.0533E-01 2.2556E-01 2.1994E-01 2.2760E-01 2.5429E-01 3.2089E-01 3.6257E-01 3.7391E-01 3.9096E-01 4.2107E-01 3.8008E-01 3.9576E-01 4.3718E-01 4.5981E-01 3.8112E-01 1.0995E-01 2.1984E-02 0.0000E+00
 0.0000E+00 9.2743E-03 4.4931E-02 9.7547E-02 1.6311E-01 2.0870E-01 2.0334E-01 2.0510E-01 2.2714E-01 2.2134E-01 2.3122E-01 2.5469E-01 3.2241E-01 3.7689E-01 3.7233E-01 3.9161E-01 4.2387E-01 3.7549E-01 3.9424E-01 4.4407E-01 4.6535E-01 3.8043E-01 1.0935E-01 2.1720E-02 0.0000E+00
 0.0000E+00 9.1794E-03 4.4610E-02 9.8619E-02 1.6330E-01 2.1037E-01 2.0710E-01 2.0482E-01 2.2883E-01 2.2013E-01 2.3457E-01 2.5434E-01 3.2375E-01 3.6562E-01 3.7174E-01 3.8485E-01 4.2984E-01 3.8054E-01 4.0228E-01 4.3894E-01 4.6803E-01 3.8291E-01 1.0847E-01 2.1804E-02 0.0000E+00
 0.0000E+00 9.1276E-03 4.4583E-02 9.7457E-02 1.6218E-01 2.0985E-01 2.0763E-01 2.1076E-01 2.3144E-01 2.2064E-01 2.3416E-01 2.5876E-01 3.2467E-01 3.6809E-01 3.6988E-01 3.9247E-01 4.2294E-01 3.7587E-01 4.0845E-01 4.4827E-01 4.7992E-01 3.8259E-01 1.0750E-01 2.1693E-02 0.0000E+00
 0.0000E+00 9.1353E-03 4.4702E-02 9.7228E-02 1.6260E-01 2.1217E-01 2.0891E-01 2.1127E-01 2.3125E-01 2.2375E-01 2.3669E-01 2.5828E-01 3.2977E-01 3.6858E-01 3.7980E-01 3.9098E-01 4.2340E-01 3.8169E-01 4.0361E-01 4.5517E-01 4.8599E-01 3.8517E-01 1.0587E-01 2.1797E-02 0.0000E+00
 0.0000E+00 9.1379E-03 4.5099E-02 9.6684E-02 1.6107E-01 2.1006E-01 2.1168E-01 2.1085E-01 2.3129E-01 2.2837E-01 2.3665E-01 2.5989E-01 3.2778E-01 3.7563E-01 3.7132E-01 3.9360E-01 4.3191E-01 3.8025E-01 4.0827E-01 4.6108E-01 4.9390E-01 3.7981E-01 1.0642E-01 2.1293E-02 0.0000E+00
 0.0000E+00 8.9025E-03 4.3972E-02 9.6084E-02 1.6244E-01 2.1271E-01 2.1429E-01 2.1598E-01 2.3537E-01 2.2735E-01 2.3870E-01 2.6487E-01 3.3364E-01 3.7061E-01 3.8385E-01 3.8776E-01 4.2460E-01 3.8928E-01 4.0302E-01 4.6542E-01 4.9572E-01 3.8106E-01 1.0581E-01 2.1547E-02 0.0000E+00
 0.0000E+00 8.9025E-03 4.4273E-02 9.8097E-02 1.6346E-01 2.1346E-01 2.1527E-01 2.1301E-01 2.3585E-01 2.2782E-01 2.4338E-01 2.6550E-01 3.3031E-01 3.7614E-01 3.8398E-01 4.0741E-01 4.2846E-01 3.8652E-01 4.0445E-01 4.6597E-01 5.0686E-01 3.7826E-01 1.0402E-01 2.0988E-02 0.0000E+00
 0.0000E+00 8.6400E-03 4.3915E-02 9.8320E-02 1.6129E-01 2.1649E-01 2.1521E-01 2.1291E-01 2.3998E-01 2.3239E-01 2.4364E-01 2.6777E-01 3.3008E-01 3.7281E-01 3.8415E-01 3.9465E-01 4.3327E-01 3.8805E-01 4.1244E-01 4.8050E-01 5.1375E-01 3.7471E-01 1.0414E-01 2.0944E-02 0.0000E+00
 0.0000E+00 8.8477E-03 4.3637E-02 9.7449E-02 1.6208E-01 2.1467E-01 2.1472E-01 2.1548E-01 2.4085E-01 2.3585E-01 2.4923E-01 2.7331E-01 3.3897E-01 3.7844E-01 3.9131E-01 4.0281E-01 4.2807E-01 3.9988E-01 4.1177E-01 4.8303E-01 5.0869E-01 3.7572E-01 1.0374E-01 2.0693E-02 0.0000E+00
 0.0000E+00 8.6862E-03 4.4440E-02 9.6746E-02 1.6381E-01 2.1171E-01 2.1990E-01 2.1735E-01 2.4023E-01 2.3370E-01 2.5298E-01 2.6734E-01 3.3777E-01 3.7666E-01 3.9211E-01 4.0114E-01 4.3558E-01 4.0979E-01 4.1177E-01 4.8175E-01 5.2198E-01 3.7822E-01 1.0421E-01 2.0575E-02 0.0000E+00
 0.0000E+00 8.7656E-03 4.3780E-02 9.6812E-02 1.6234E-01 2.1595E-01 2.1836E-01 2.1603E-01 2.4379E-01 2.3528E-01 2.5383E-01 2.7244E-01 3.3874E-01 3.8566E-01 3.8342E-01 3.9937E-01 4.4770E-01 3.9679E-01 4.1709E-01 4.8453E-01 5.2542E-01 3.7757E-01 1.0211E-01 2.0498E-02 0.0000E+00
 0.0000E+00 8.6328E-03 4.4124E-02 9.7271E-02 1.6271E-01 2.1733E-01 2.2067E-01 2.1962E-01 2.4436E-01 2.3851E-01 2.5734E-01 2.7601E-01 3.4303E-01 3.7560E-01 4.0059E-01 4.0307E-01 4.3503E-01 3.9758E-01 4.1765E-01 4.9316E-01 5.3066E-01 3.7313E-01 1.0135E-01 2.0556E-02 0.0000E+00
 0.0000E+00 8.5852E-03 4.3186E-02 9.8245E-02 1.6112E-01 2.1828E-01 2.2449E-01 2.2257E-01 2.4441E-01 2.4140E-01 2.5449E-01 2.7414E-01 3.4209E-01 3.8174E-01 3.8570E-01 4.1334E-01 4.3489E-01 3.9654E-01 4.1454E-01 4.8965E-01 5.3734E-01 3.7106E-01 1.0164E-01 2.0380E-02 0.0000E+00
 0.0000E+00 8.6774E-03 4.3261E-02 9.6111E-02 1.6209E-01 2.1676E-01 2.2193E-01 2.2543E-01 2.4315E-01 2.4155E-01 2.5402E-01 2.7869E-01 3.4239E-01 3.8891E-01 3.9450E-01 4.0399E-01 4.3600E-01 4.0833E-01 4.1799E-01 5.0497E-01 5.4291E-01 3.6901E-01 1.0080E-01 2.0243E-02 0.0000E+00
 0.0000E+00 8.4642E-03 4.3487E-02 9.5976E-02 1.6168E-01 2.2001E-01 2.2293E-01 2.2403E-01 2.4872E-01 2.4531E-01 2.6132E-01 2.8240E-01 3.4096E-01 3.8785E-01 3.9379E-01 4.1563E-01 4.3791E-01 4.1133E-01 4.2622E-01 4.9462E-01 5.4737E-01 3.6589E-01 1.0080E-01 2.0069E-02 0.0000E+00
 0.0000E+00 8.5288E-03 4.3324E-02 9.5941E-02 1.6461E-01 2.2101E-01 2.2282E-01 2.2477E-01 2.5435E-01 2.4274E-01 2.5861E-01 2.8269E-01 3.4535E-01 3.8871E-01 4.0453E-01 4.1660E-01 4.3979E-01 4.0409E-01 4.1460E-01 5.0173E-01 5.4509E-01 3.6614E-01 9.9009E-02 1.9802E-02 0.0000E+00
 0.0000E+00 8.3852E-03 4.2951E-02 9.6904E-02 1.6188E-01 2.1541E-01 2.2802E-01 2.2781E-01 2.4868E-01 2.4763E-01 2.6746E-01 2.8933E-01 3.4652E-01 3.9090E-01 3.9673E-01 4.1241E-01 4.4241E-01 4.1225E-01 4.2033E-01 5.1145E-01 5.5004E-01 3.6045E-01 9.8951E-02 1.9614E-02 0.0000E+00
 0.0000E+00 8.2955E-03 4.3185E-02 9.6533E-02 1.6041E-01 2.2065E-01 2.2732E-01 2.3242E-01 2.5123E-01 2.4484E-01 2.6744E-01 2.8760E-01 3.4660E-01 3.8755E-01 4.0208E-01 4.1677E-01 4.4533E-01 4.0936E-01 4.3123E-01 5.0853E-01 5.5484E-01 3.6085E-01 9.8502E-02 1.9583E-02 0.0000E+00
 0.0000E+00 8.2001E-03 4.2979E-02 9.5607E-02 1.6028E-01 2.2260E-01 2.2925E-01 2.3078E-01 2.5625E-01 2.4445E-01 2.6655E-01 2.8904E-01 3.4064E-01 3.8544E-01 3.9945E-01 4.1287E-01 4.4005E-01 4.0391E-01 4.2581E-01 5.0469E-01 5.5616E-01 3.5921E-01 9.7557E-02 1.9296E-02 0.0000E+00
 0.0000E+00 8.1570E-03 4.2539E-02 9.5873E-02 1.6327E-01 2.1900E-01 2.3032E-01 2.3407E-01 2.5703E-01 2.5097E-01 2.7133E-01 2.9606E-01 3.4749E-01 3.8726E-01 4.0418E-01 4.2165E-01 4.4463E-01 4.1881E-01 4.3070E-01 5.1808E-01 5.5885E-01 3.5947E-01 9.6539E-02 1.9230E-02 0.0000E+00
 0.0000E+00 8.1719E-03 4.2463E-02 9.4989E-02 1.5850E-01 2.2190E-01 2.3186E-01 2.3164E-01 2.5669E-01 2.5206E-01 2.7280E-01 2.9106E-01 3.5295E-01 3.9520E-01 4.1209E-01 4.1515E-01 4.4484E-01 4.1962E-01 4.2851E-01 5.2687E-01 5.6146E-01 3.5690E-01 9.6184E-02 1.9309E-02 0.0000E+00
 0.0000E+00 8.1775E-03 4.1819E-02 9.6021E-02 1.6132E-01 2.2184E-01 2.2743E-01 2.3690E-01 2.5906E-01 2.5283E-01 2.7425E-01 2.9392E-01 3.5612E-01 3.9060E-01 4.0130E-01 4.1783E-01 4.4662E-01 4.1627E-01 4.2779E-01 5.2329E-01 5.6673E-01 3.5054E-01 9.6708E-02 1.8929E-02 0.0000E+00
 0.0000E+00 7.9776E-03 4.1935E-02 9.5173E-02 1.6180E-01 2.2167E-01 2.3319E-01 2.3830E-01 2.5971E-01 2.5485E-01 2.7474E-01 2.9683E-01 3.5294E-01 3.9343E-01 4.0674E-01 4.2457E-01 4.4524E-01 4.2081E-01 4.3351E-01 5.2273E-01 5.7136E-01 3.4746E-01 9.4652E-02 1.8779E-02 0.0000E+00
 0.0000E+00 7.9073E-03 4.1606E-02 9.5720E-02 1.6214E-01 2.2381E-01 2.3189E-01 2.3507E-01 2.5697E-01 2.5635E-01 2.7960E-01 2.9643E-01 3.5966E-01 3.9408E-01 4.0924E-01 4.2335E-01 4.4413E-01 4.2570E-01 4.4380E-01 5.3114E-01 5.7260E-01 3.4741E-01 9.5141E-02 1.8988E-02 0.0000E+00
 0.0000E+00 7.8843E-03 4.1344E-02 9.3938E-02 1.6076E-01 2.2026E-01 2.3554E-01 2.4154E-01 2.6254E-01 2.5852E-01 2.7384E-01 3.0294E-01 3.5949E-01 4.0238E-01 4.0869E-01 4.2569E-01 4.4938E-01 4.1995E-01 4.3186E-01 5.2923E-01 5.6986E-01 3.4120E-01 9.4274E-02 1.8807E-02 0.0000E+00
 0.0000E+00 7.9104E-03 4.1152E-02 9.4791E-02 1.5991E-01 2.2357E-01 2.3327E-01 2.3696E-01 2.6368E-01 2.6033E-01 2.8070E-01 3.0467E-01 3.5859E-01 4.0308E-01 4.1434E-01 4.2982E-01 4.4553E-01 4.2125E-01 4.3553E-01 5.2669E-01 5.7377E-01 3.4256E-01 9.3533E-02 1.8243E-02 0.0000E+00
 0.0000E+00 7.7986E-03 4.1403E-02 9.3120E-02 1.6105E-01 2.2149E-01 2.3914E-01 2.4409E-01 2.6561E-01 2.6051E-01 2.8157E-01 3.0589E-01 3.6229E-01 4.0041E-01 4.1011E-01 4.2595E-01 4.5331E-01 4.3172E-01 4.2506E-01 5.2999E-01 5.7098E-01 3.3827E-01 9.3014E-02 1.8277E-02 0.0000E+00
 0.0000E+00 7.6428E-03 4.1384E-02 9.3968E-02 1.6010E-01 2.2260E-01 2.3503E-01 2.4060E-01 2.6065E-01 2.6537E-01 2.8551E-01 3.0877E-01 3.6341E-01 4.0346E-01 4.1593E-01 4.2785E-01 4.5474E-01 4.2615E-01 4.3986E-01 5.3084E-01 5.7833E-01 3.3727E-01 9.2071E-02 1.8584E-02 0.0000E+00
 0.0000E+00 7.6469E-03 4.0518E-02 9.4701E-02 1.6085E-01 2.2421E-01 2.4010E-01 2.4342E-01 2.6786E-01 2.6482E-01 2.8508E-01 3.1065E-01 3.7374E-01 4.0015E-01 4.1865E-01 4.2654E-01 4.4059E-01 4.2681E-01 4.3117E-01 5.2998E-01 5.7402E-01 3.3425E-01 9.1023E-02 1.8411E-02 0.0000E+00
 0.0000E+00 7.6315E-03 4.0673E-02 9.3752E-02 1.5762E-01 2.2586E-01 2.3708E-01 2.4688E-01 2.6580E-01 2.6563E-01 2.8619E-01 3.1341E-01 3.6613E-01 4.0668E-01 4.1081E-01 4.3081E-01 4.5120E-01 4.2827E-01 4.4137E-01 5.3627E-01 5.7242E-01 3.2950E-01 9.0687E-02 1.8111E-02 0.0000E+00
 0.0000E+00 7.5474E-03 4.0676E-02 9.3034E-02 1.5932E-01 2.2443E-01 2.4310E-01 2.4956E-01 2.6745E-01 2.6741E-01 2.9051E-01 3.1072E-01 3.5823E-01 4.0373E-01 4.1845E-01 4.2892E-01 4.5324E-01 4.2841E-01 4.4444E-01 5.3897E-01 5.7823E-01 3.2556E-01 8.9317E-02 1.7629E-02 0.0000E+00
 0.0000E+00 7.4951E-03 4.0213E-02 9.3265E-02 1.6078E-01 2.2718E-01 2.4523E-01 2.4844E-01 2.6812E-01 2.6517E-01 2.9047E-01 3.1515E-01 3.6416E-01 4.0930E-01 4.1973E-01 4.2741E-01 4.5118E-01 4.3234E-01 4.4192E-01 5.4314E-01 5.7700E-01 3.2046E-01 8.8873E-02 1.7665E-02 0.0000E+00
 0.0000E+00 7.4623E-03 4.0302E-02 9.2189E-02 1.5927E-01 2.2774E-01 2.4518E-01 2.4976E-01 2.7237E-01 2.6976E-01 2.9218E-01 3.1345E-01 3.6332E-01 4.0738E-01 4.2584E-01 4.3437E-01 4.5628E-01 4.3234E-01 4.4882E-01 5.3536E-01 5.7946E-01 3.2056E-01 8.7573E-02 1.7485E-02 0.0000E+00
 0.0000E+00 7.3428E-03 3.9666E-02 9.3092E-02 1.5879E-01 2.2493E-01 2.4348E-01 2.4748E-01 2.6959E-01 2.6935E-01 2.9499E-01 3.1968E-01 3.7011E-01 4.1060E-01 4.2226E-01 4.3279E-01 4.4676E-01 4.3735E-01 4.4763E-01 5.4676E-01 5.7701E-01 3.1824E-01 8.6504E-02 1.7542E-02 0.0000E+00
 0.0000E+00 7.2915E-03 4.0017E-02 9.1646E-02 1.5924E-01 2.2538E-01 2.4643E-01 2.5044E-01 2.7363E-01 2.7048E-01 2.9858E-01 3.2326E-01 3.7672E-01 4.0652E-01 4.2941E-01 4.3724E-01 4.4880E-01 4.3279E-01 4.4723E-01 5.4409E-01 5.7686E-01 3.1954E-01 8.6678E-02 1.7655E-02 0.0000E+00
 0.0000E+00 7.2623E-03 3.9778E-02 9.1654E-02 1.6033E-01 2.2663E-01 2.4319E-01 2.5263E-01 2.7357E-01 2.7641E-01 2.9752E-01 3.2487E-01 3.6718E-01 4.0483E-01 4.2116E-01 4.3723E-01 4.5629E-01 4.4022E-01 4.4017E-01 5.4349E-01 5.7786E-01 3.0920E-01 8.6242E-02 1.7111E-02 0.0000E+00
 0.0000E+00 7.0911E-03 3.8855E-02 9.0989E-02 1.5795E-01 2.2729E-01 2.4999E-01 2.5547E-01 2.7708E-01 2.7348E-01 2.9731E-01 3.2510E-01 3.7699E-01 4.0865E-01 4.2177E-01 4.3413E-01 4.5871E-01 4.3876E-01 4.4749E-01 5.4651E-01 5.7507E-01 3.0801E-01 8.6839E-02 1.6885E-02 0.0000E+00
 0.0000E+00 7.2762E-03 3.8859E-02 9.1079E-02 1.5880E-01 2.2658E-01 2.4995E-01 2.5281E-01 2.7472E-01 2.7284E-01 2.9644E-01 3.2367E-01 3.7872E-01 4.1292E-01 4.2440E-01 4.3844E-01 4.5991E-01 4.4733E-01 4.4697E-01 5.4886E-01 5.6927E-01 3.0958E-01 8.5269E-02 1.6840E-02 0.0000E+00
 0.0000E+00 7.0418E-03 3.8725E-02 9.0103E-02 1.5912E-01 2.2699E-01 2.4886E-01 2.5844E-01 2.7665E-01 2.7667E-01 3.0241E-01 3.2898E-01 3.7945E-01 4.1154E-01 4.2984E-01 4.4376E-01 4.5454E-01 4.4428E-01 4.4536E-01 5.4996E-01 5.7091E-01 3.0201E-01 8.4238E-02 1.6458E-02 0.0000E+00
 0.0000E+00 6.9588E-03 3.8491E-02 9.0296E-02 1.5829E-01 2.2762E-01 2.4931E-01 2.5687E-01 2.7567E-01 2.7620E-01 3.0642E-01 3.2588E-01 3.8090E-01 4.1033E-01 4.3592E-01 4.4181E-01 4.5840E-01 4.4866E-01 4.4993E-01 5.5017E-01 5.7090E-01 2.9772E-01 8.3576E-02 1.6455E-02 0.0000E+00
 0.0000E+00 7.1162E-03 3.8573E-02 9.0813E-02 1.5885E-01 2.2472E-01 2.4853E-01 2.5518E-01 2.8187E-01 2.7771E-01 3.0570E-01 3.3556E-01 3.7868E-01 4.1137E-01 4.3066E-01 4.4938E-01 4.4755E-01 4.3809E-01 4.4433E-01 5.5003E-01 5.6704E-01 2.9320E-01 8.3165E-02 1.6333E-02 0.0000E+00
 0.0000E+00 6.9742E-03 3.8036E-02 9.0060E-02 1.5757E-01 2.2728E-01 2.5413E-01 2.5968E-01 2.8008E-01 2.7984E-01 3.0608E-01 3.3290E-01 3.7762E-01 4.1084E-01 4.3371E-01 4.4133E-01 4.5587E-01 4.3653E-01 4.5526E-01 5.4752E-01 5.6427E-01 2.9059E-01 8.2177E-02 1.6071E-02 0.0000E+00
 0.0000E+00 6.7814E-03 3.8086E-02 8.9654E-02 1.5594E-01 2.2489E-01 2.5615E-01 2.5887E-01 2.7945E-01 2.8329E-01 3.0936E-01 3.3945E-01 3.7712E-01 4.1038E-01 4.3104E-01 4.4033E-01 4.5439E-01 4.3984E-01 4.5198E-01 5.4982E-01 5.6303E-01 2.9124E-01 8.0854E-02 1.6391E-02 0.0000E+00
 0.0000E+00 6.9321E-03 3.7528E-02 8.9686E-02 1.5863E-01 2.2709E-01 2.5424E-01 2.5897E-01 2.8168E-01 2.8319E-01 3.1347E-01 3.3426E-01 3.7748E-01 4.1543E-01 4.3489E-01 4.4366E-01 4.5061E-01 4.5295E-01 4.4661E-01 5.4819E-01 5.6190E-01 2.8537E-01 8.1413E-02 1.5978E-02 0.0000E+00
 0.0000E+00 6.7834E-03 3.7030E-02 8.8414E-02 1.5406E-01 2.2826E-01 2.5256E-01 2.6338E-01 2.7577E-01 2.8477E-01 3.1068E-01 3.3912E-01 3.8727E-01 4.1621E-01 4.3825E-01 4.4314E-01 4.5143E-01 4.4793E-01 4.5704E-01 5.5054E-01 5.5723E-01 2.8195E-01 8.1151E-02 1.5908E-02 0.0000E+00
 0.0000E+00 6.6199E-03 3.7056E-02 8.8293E-02 1.5624E-01 2.2373E-01 2.5258E-01 2.6010E-01 2.8143E-01 2.8574E-01 3.1157E-01 3.3685E-01 3.8047E-01 4.1967E-01 4.3664E-01 4.5212E-01 4.6116E-01 4.4782E-01 4.5475E-01 5.5190E-01 5.6124E-01 2.7919E-01 7.8654E-02 1.5853E-02 0.0000E+00
 0.0000E+00 6.7373E-03 3.6975E-02 8.7455E-02 1.5554E-01 2.2674E-01 2.5316E-01 2.6415E-01 2.8213E-01 2.8226E-01 3.1380E-01 3.3916E-01 3.8345E-01 4.2156E-01 4.3717E-01 4.4961E-01 4.6094E-01 4.5136E-01 4.6137E-01 5.4280E-01 5.4982E-01 2.7318E-01 7.8576E-02 1.5877E-02 0.0000E+00
 0.0000E+00 6.5917E-03 3.6832E-02 8.7703E-02 1.5311E-01 2.2769E-01 2.5613E-01 2.6644E-01 2.8397E-01 2.8591E-01 3.1552E-01 3.4619E-01 3.8556E-01 4.2116E-01 4.4486E-01 4.4377E-01 4.6631E-01 4.5186E-01 4.6042E-01 5.4757E-01 5.5204E-01 2.6985E-01 7.7963E-02 1.5514E-02 0.0000E+00
 0.0000E+00 6.5091E-03 3.6582E-02 8.8268E-02 1.5355E-01 2.2626E-01 2.5667E-01 2.6645E-01 2.8022E-01 2.8593E-01 3.1581E-01 3.4401E-01 3.8783E-01 4.1843E-01 4.3895E-01 4.5417E-01 4.5440E-01 4.4759E-01 4.5839E-01 5.4546E-01 5.4738E-01 2.6591E-01 7.7507E-02 1.5460E-02 0.0000E+00
 0.0000E+00 6.4378E-03 3.6301E-02 8.6868E-02 1.5490E-01 2.2421E-01 2.5659E-01 2.7032E-01 2.8002E-01 2.9042E-01 3.2101E-01 3.4812E-01 3.8616E-01 4.1739E-01 4.4294E-01 4.4839E-01 4.4937E-01 4.4390E-01 4.5172E-01 5.5279E-01 5.4529E-01 2.6329E-01 7.5829E-02 1.5015E-02 0.0000E+00
 0.0000E+00 6.5414E-03 3.5487E-02 8.6692E-02 1.5350E-01 2.2600E-01 2.5715E-01 2.6748E-01 2.8227E-01 2.8814E-01 3.2199E-01 3.4987E-01 3.8919E-01 4.2455E-01 4.4415E-01 4.4628E-01 4.5553E-01 4.5691E-01 4.5576E-01 5.5322E-01 5.4131E-01 2.6233E-01 7.6255E-02 1.4928E-02 0.0000E+00
 0.0000E+00 6.4430E-03 3.5843E-02 8.6456E-02 1.5479E-01 2.2607E-01 2.5873E-01 2.6751E-01 2.8487E-01 2.8786E-01 3.2163E-01 3.4811E-01 3.9023E-01 4.2186E-01 4.4152E-01 4.4529E-01 4.5626E-01 4.5410E-01 4.5795E-01 5.4784E-01 5.3585E-01 2.5523E-01 7.5771E-02 1.4611E-02 0.0000E+00
 0.0000E+00 6.3363E-03 3.5004E-02 8.6165E-02 1.5238E-01 2.2518E-01 2.5564E-01 2.7197E-01 2.8449E-01 2.9145E-01 3.2233E-01 3.5265E-01 3.9162E-01 4.2872E-01 4.4084E-01 4.4750E-01 4.5091E-01 4.4939E-01 4.6484E-01 5.4669E-01 5.3459E-01 2.5514E-01 7.4697E-02 1.4624E-02 0.0000E+00
 0.0000E+00 6.3056E-03 3.4244E-02 8.6017E-02 1.5334E-01 2.2778E-01 2.5923E-01 2.6713E-01 2.8386E-01 2.8855E-01 3.2712E-01 3.5290E-01 3.9587E-01 4.2066E-01 4.4773E-01 4.5144E-01 4.6258E-01 4.5226E-01 4.6041E-01 5.5002E-01 5.2559E-01 2.4972E-01 7.4329E-02 1.4507E-02 0.0000E+00
 0.0000E+00 6.2389E-03 3.4847E-02 8.4541E-02 1.5262E-01 2.2425E-01 2.5868E-01 2.7212E-01 2.8751E-01 2.9191E-01 3.2533E-01 3.5627E-01 3.9862E-01 4.2167E-01 4.3847E-01 4.4592E-01 4.5136E-01 4.5074E-01 4.5691E-01 5.4012E-01 5.2401E-01 2.4450E-01 7.3581E-02 1.4361E-02 0.0000E+00
 0.0000E+00 6.1892E-03 3.4700E-02 8.5164E-02 1.5329E-01 2.2573E-01 2.6069E-01 2.6859E-01 2.8275E-01 2.9724E-01 3.2234E-01 3.5690E-01 4.0110E-01 4.2736E-01 4.3973E-01 4.5525E-01 4.5272E-01 4.6288E-01 4.5683E-01 5.4367E-01 5.2010E-01 2.4319E-01 7.2580E-02 1.4013E-02 0.0000E+00
 0.0000E+00 6.0487E-03 3.4611E-02 8.4132E-02 1.5271E-01 2.2458E-01 2.6055E-01 2.7139E-01 2.8407E-01 2.9052E-01 3.2892E-01 3.6233E-01 3.9315E-01 4.2489E-01 4.4729E-01 4.5368E-01 4.5918E-01 4.5208E-01 4.6315E-01 5.3133E-01 5.1517E-01 2.3940E-01 7.1978E-02 1.4066E-02 0.0000E+00
 0.0000E+00 6.0712E-03 3.3845E-02 8.3520E-02 1.5436E-01 2.2532E-01 2.6028E-01 2.6997E-01 2.8247E-01 2.9639E-01 3.3123E-01 3.5832E-01 3.9609E-01 4.2554E-01 4.4999E-01 4.4702E-01 4.5959E-01 4.5801E-01 4.5989E-01 5.4490E-01 5.1100E-01 2.3601E-01 7.0627E-02 1.3955E-02 0.0000E+00
 0.0000E+00 6.0656E-03 3.3098E-02 8.3020E-02 1.5185E-01 2.2509E-01 2.6247E-01 2.7293E-01 2.8495E-01 2.9289E-01 3.2844E-01 3.5910E-01 3.9694E-01 4.2404E-01 4.5133E-01 4.5588E-01 4.5507E-01 4.5960E-01 4.5892E-01 5.3323E-01 5.1073E-01 2.3314E-01 7.0045E-02 1.4011E-02 0.0000E+00
 0.0000E+00 5.9087E-03 3.3368E-02 8.1825E-02 1.5125E-01 2.2506E-01 2.5972E-01 2.7143E-01 2.8469E-01 2.9353E-01 3.2939E-01 3.5818E-01 4.0354E-01 4.2775E-01 4.5329E-01 4.5041E-01 4.5589E-01 4.5015E-01 4.6072E-01 5.3173E-01 5.0403E-01 2.2872E-01 6.9869E-02 1.3893E-02 0.0000E+00
 0.0000E+00 6.0420E-03 3.3021E-02 8.2114E-02 1.4974E-01 2.2182E-01 2.6133E-01 2.7425E-01 2.8246E-01 2.9512E-01 3.3009E-01 3.6180E-01 3.9685E-01 4.3563E-01 4.4772E-01 4.5381E-01 4.5139E-01 4.4931E-01 4.6088E-01 5.3519E-01 5.0144E-01 2.2608E-01 6.9072E-02 1.3510E-02 0.0000E+00
 0.0000E+00 5.8985E-03 3.2847E-02 8.1948E-02 1.5120E-01 2.2237E-01 2.6224E-01 2.7664E-01 2.8449E-01 2.9199E-01 3.3259E-01 3.6238E-01 4.0173E-01 4.2409E-01 4.5307E-01 4.5354E-01 4.5308E-01 4.6896E-01 4.5367E-01 5.3147E-01 4.8799E-01 2.2117E-01 6.8309E-02 1.3497E-02 0.0000E+00
 0.0000E+00 5.6031E-03 3.2872E-02 8.1610E-02 1.4910E-01 2.2243E-01 2.5839E-01 2.7490E-01 2.8731E-01 2.9286E-01 3.3321E-01 3.6870E-01 4.0346E-01 4.3192E-01 4.5073E-01 4.5530E-01 4.5153E-01 4.5763E-01 4.6616E-01 5.3466E-01 4.9152E-01 2.2140E-01 6.7500E-02 1.3145E-02 0.0000E+00
 0.0000E+00 5.7108E-03 3.2839E-02 8.0309E-02 1.4988E-01 2.2251E-01 2.6556E-01 2.7428E-01 2.8570E-01 2.9636E-01 3.3023E-01 3.6471E-01 4.0059E-01 4.2265E-01 4.4406E-01 4.5397E-01 4.5565E-01 4.5721E-01 4.5767E-01 5.2840E-01 4.8364E-01 2.1891E-01 6.6867E-02 1.3054E-02 0.0000E+00
 0.0000E+00 5.6836E-03 3.1805E-02 8.0985E-02 1.4865E-01 2.2091E-01 2.6654E-01 2.7871E-01 2.9047E-01 3.0080E-01 3.3153E-01 3.7504E-01 4.0392E-01 4.2599E-01 4.4789E-01 4.5220E-01 4.5351E-01 4.6552E-01 4.6505E-01 5.2723E-01 4.7928E-01 2.1269E-01 6.5428E-02 1.3089E-02 0.0000E+00
 0.0000E+00 5.6462E-03 3.1797E-02 8.0011E-02 1.4837E-01 2.2234E-01 2.6242E-01 2.7817E-01 2.8582E-01 2.9539E-01 3.3486E-01 3.6512E-01 4.0158E-01 4.2765E-01 4.4669E-01 4.5884E-01 4.5096E-01 4.5820E-01 4.6092E-01 5.2701E-01 4.7408E-01 2.1090E-01 6.5352E-02 1.2883E-02 0.0000E+00
 0.0000E+00 5.5493E-03 3.1575E-02 7.9918E-02 1.4613E-01 2.2312E-01 2.6041E-01 2.7995E-01 2.8744E-01 2.9943E-01 3.3574E-01 3.6559E-01 4.0164E-01 4.3119E-01 4.5541E-01 4.4789E-01 4.4728E-01 4.6283E-01 4.5823E-01 5.2495E-01 4.6734E-01 2.0590E-01 6.4707E-02 1.2764E-02 0.0000E+00
 0.0000E+00 5.5293E-03 3.0946E-02 7.9150E-02 1.4606E-01 2.1966E-01 2.6097E-01 2.7652E-01 2.8699E-01 2.9602E-01 3.3875E-01 3.7060E-01 4.0488E-01 4.2604E-01 4.4444E-01 4.5326E-01 4.5082E-01 4.5609E-01 4.5986E-01 5.2172E-01 4.6778E-01 2.0186E-01 6.4196E-02 1.2655E-02 0.0000E+00
 0.0000E+00 5.4806E-03 3.0717E-02 7.7559E-02 1.4812E-01 2.1911E-01 2.6442E-01 2.7851E-01 2.8611E-01 2.9617E-01 3.3638E-01 3.7339E-01 4.0682E-01 4.3260E-01 4.5002E-01 4.5228E-01 4.5127E-01 4.5900E-01 4.6094E-01 5.2357E-01 4.6208E-01 1.9993E-01 6.3929E-02 1.2358E-02 0.0000E+00
 0.0000E+00 5.3047E-03 3.0174E-02 7.8241E-02 1.4502E-01 2.1946E-01 2.5944E-01 2.7736E-01 2.8413E-01 2.9661E-01 3.3599E-01 3.7331E-01 3.9916E-01 4.2431E-01 4.5206E-01 4.4901E-01 4.4401E-01 4.6048E-01 4.6157E-01 5.2674E-01 4.5613E-01 1.9442E-01 6.3094E-02 1.2497E-02 0.0000E+00
 0.0000E+00 5.3657E-03 2.9953E-02 7.8131E-02 1.4497E-01 2.1805E-01 2.6157E-01 2.7719E-01 2.8744E-01 2.9898E-01 3.3310E-01 3.7640E-01 4.0707E-01 4.2913E-01 4.5278E-01 4.5048E-01 4.4726E-01 4.6295E-01 4.5974E-01 5.1861E-01 4.4738E-01 1.9779E-01 6.2772E-02 1.2128E-02 0.0000E+00
 0.0000E+00 5.3370E-03 2.9787E-02 7.6068E-02 1.4568E-01 2.1796E-01 2.6500E-01 2.8016E-01 2.8656E-01 3.0092E-01 3.3540E-01 3.7131E-01 4.0506E-01 4.2782E-01 4.4802E-01 4.5247E-01 4.4279E-01 4.5765E-01 4.6656E-01 5.1759E-01 4.4813E-01 1.9046E-01 6.1953E-02 1.2139E-02 0.0000E+00
 0.0000E+00 5.2524E-03 2.9369E-02 7.6512E-02 1.4487E-01 2.2028E-01 2.6215E-01 2.7966E-01 2.8752E-01 2.9856E-01 3.3498E-01 3.6917E-01 4.0059E-01 4.3055E-01 4.4743E-01 4.4710E-01 4.4485E-01 4.5720E-01 4.6001E-01 5.1294E-01 4.4018E-01 1.8819E-01 6.1303E-02 1.1808E-02 0.0000E+00
 0.0000E+00 5.2396E-03 2.9087E-02 7.6951E-02 1.4411E-01 2.1916E-01 2.6469E-01 2.7812E-01 2.8212E-01 2.9846E-01 3.3608E-01 3.7478E-01 4.0633E-01 4.2703E-01 4.5064E-01 4.4758E-01 4.4559E-01 4.5979E-01 4.5855E-01 5.0731E-01 4.3690E-01 1.8491E-01 6.0184E-02 1.1592E-02 0.0000E+00
 0.0000E+00 5.0955E-03 2.9170E-02 7.5779E-02 1.4338E-01 2.1328E-01 2.6091E-01 2.7764E-01 2.8034E-01 2.9615E-01 3.3493E-01 3.7536E-01 4.0689E-01 4.2864E-01 4.4872E-01 4.4984E-01 4.4782E-01 4.6517E-01 4.5941E-01 5.0650E-01 4.3374E-01 1.8208E-01 5.9612E-02 1.1672E-02 0.0000E+00
 0.0000E+00 5.0109E-03 2.9159E-02 7.5056E-02 1.4263E-01 2.1771E-01 2.6415E-01 2.7906E-01 2.8639E-01 2.9628E-01 3.4031E-01 3.7921E-01 4.0617E-01 4.2908E-01 4.5320E-01 4.4671E-01 4.4860E-01 4.5924E-01 4.5606E-01 4.9745E-01 4.2641E-01 1.7691E-01 5.9347E-02 1.1599E-02 0.0000E+00
 0.0000E+00 5.0519E-03 2.8038E-02 7.3759E-02 1.4176E-01 2.1343E-01 2.6375E-01 2.8095E-01 2.8559E-01 3.0062E-01 3.4082E-01 3.7698E-01 4.0765E-01 4.2540E-01 4.5237E-01 4.5031E-01 4.3463E-01 4.5691E-01 4.5603E-01 5.0418E-01 4.2082E-01 1.7654E-01 5.9090E-02 1.1287E-02 0.0000E+00
 0.0000E+00 4.9602E-03 2.8399E-02 7.3402E-02 1.4202E-01 2.1447E-01 2.6271E-01 2.7942E-01 2.8534E-01 2.9897E-01 3.4007E-01 3.7375E-01 4.0690E-01 4.3008E-01 4.5186E-01 4.5116E-01 4.4599E-01 4.5865E-01 4.6164E-01 5.0131E-01 4.1305E-01 1.7159E-01 5.6786E-02 1.1234E-02 0.0000E+00
 0.0000E+00 4.9812E-03 2.7928E-02 7.2918E-02 1.3975E-01 2.1400E-01 2.5904E-01 2.8039E-01 2.8262E-01 2.9906E-01 3.3999E-01 3.7718E-01 4.0579E-01 4.2966E-01 4.5309E-01 4.5560E-01 4.4268E-01 4.6067E-01 4.5215E-01 4.9286E-01 4.0690E-01 1.6818E-01 5.6991E-02 1.0910E-02 0.0000E+00
 0.0000E+00 4.9699E-03 2.7815E-02 7.2895E-02 1.3900E-01 2.1590E-01 2.6380E-01 2.7948E-01 2.8205E-01 2.9901E-01 3.4519E-01 3.7592E-01 4.0398E-01 4.2816E-01 4.5009E-01 4.4558E-01 4.4379E-01 4.5737E-01 4.5918E-01 4.9045E-01 3.9939E-01 1.6930E-01 5.5516E-02 1.0850E-02 0.0000E+00
 0.0000E+00 4.8673E-03 2.7538E-02 7.2404E-02 1.3950E-01 2.1286E-01 2.6236E-01 2.7999E-01 2.8668E-01 2.9736E-01 3.3913E-01 3.7690E-01 4.0970E-01 4.2980E-01 4.5044E-01 4.4582E-01 4.3858E-01 4.5559E-01 4.5411E-01 4.9301E-01 4.0034E-01 1.6333E-01 5.5443E-02 1.0957E-02 0.0000E+00
 0.0000E+00 4.8627E-03 2.7172E-02 7.1161E-02 1.3975E-01 2.1246E-01 2.6245E-01 2.7679E-01 2.8424E-01 2.9926E-01 3.3946E-01 3.7998E-01 4.0839E-01 4.3073E-01 4.4930E-01 4.4343E-01 4.4481E-01 4.6378E-01 4.5913E-01 4.9044E-01 3.9608E-01 1.6125E-01 5.4367E-02 1.0859E-02 0.0000E+00
 0.0000E+00 4.8684E-03 2.6891E-02 7.0378E-02 1.3885E-01 2.1164E-01 2.6246E-01 2.7838E-01 2.8423E-01 2.9693E-01 3.4179E-01 3.7984E-01 4.1003E-01 4.2383E-01 4.4618E-01 4.4969E-01 4.4086E-01 4.6336E-01 4.5228E-01 4.9134E-01 3.8724E-01 1.5855E-01 5.4478E-02 1.0744E-02 0.0000E+00
 0.0000E+00 4.7956E-03 2.6970E-02 6.9547E-02 1.3741E-01 2.1171E-01 2.6022E-01 2.7551E-01 2.8245E-01 2.9636E-01 3.3905E-01 3.7907E-01 4.0631E-01 4.2639E-01 4.5106E-01 4.4927E-01 4.3354E-01 4.5310E-01 4.5616E-01 4.8600E-01 3.8222E-01 1.5726E-01 5.3367E-02 1.0415E-02 0.0000E+00
 0.0000E+00 4.7294E-03 2.6319E-02 6.9485E-02 1.3681E-01 2.0799E-01 2.5817E-01 2.7903E-01 2.7719E-01 2.9524E-01 3.3877E-01 3.8290E-01 4.1121E-01 4.2868E-01 4.4729E-01 4.4713E-01 4.4070E-01 4.5834E-01 4.5336E-01 4.7562E-01 3.7662E-01 1.5324E-01 5.2180E-02 1.0323E-02 0.0000E+00
 0.0000E+00 4.6961E-03 2.6071E-02 6.8744E-02 1.3527E-01 2.0716E-01 2.5970E-01 2.7784E-01 2.7922E-01 2.9277E-01 3.4288E-01 3.8024E-01 4.0556E-01 4.2836E-01 4.5204E-01 4.5430E-01 4.3690E-01 4.5985E-01 4.5751E-01 4.7916E-01 3.7339E-01 1.5069E-01 5.2719E-02 1.0362E-02 0.0000E+00
 0.0000E+00 4.6253E-03 2.5240E-02 6.7532E-02 1.3639E-01 2.0540E-01 2.5621E-01 2.7655E-01 2.7877E-01 2.9641E-01 3.3951E-01 3.7959E-01 4.0781E-01 4.2879E-01 4.4779E-01 4.4419E-01 4.3005E-01 4.5610E-01 4.4891E-01 4.6936E-01 3.6393E-01 1.4734E-01 5.1683E-02 1.0070E-02 0.0000E+00
 0.0000E+00 4.5423E-03 2.4949E-02 6.7718E-02 1.3427E-01 2.0451E-01 2.6184E-01 2.7851E-01 2.7905E-01 2.9777E-01 3.3617E-01 3.7621E-01 4.0761E-01 4.2516E-01 4.5081E-01 4.4482E-01 4.3431E-01 4.5768E-01 4.5248E-01 4.6746E-01 3.6108E-01 1.4665E-01 5.0594E-02 1.0012E-02 0.0000E+00
 0.0000E+00 4.5874E-03 2.4943E-02 6.7853E-02 1.3486E-01 2.0438E-01 2.5910E-01 2.7514E-01 2.7956E-01 2.9790E-01 3.3828E-01 3.7681E-01 4.0872E-01 4.2920E-01 4.4918E-01 4.4678E-01 4.3093E-01 4.5587E-01 4.4764E-01 4.6466E-01 3.5283E-01 1.4321E-01 5.0108E-02 1.0049E-02 0.0000E+00
 0.0000E+00 4.5366E-03 2.4328E-02 6.6111E-02 1.3353E-01 2.0706E-01 2.5923E-01 2.7789E-01 2.7860E-01 2.9476E-01 3.3754E-01 3.7918E-01 4.0203E-01 4.2311E-01 4.4457E-01 4.4470E-01 4.3392E-01 4.5248E-01 4.5594E-01 4.6123E-01 3.4941E-01 1.3974E-01 5.0471E-02 9.7973E-03 0.0000E+00
 0.0000E+00 4.3546E-03 2.4376E-02 6.6157E-02 1.3203E-01 2.0285E-01 2.5602E-01 2.7851E-01 2.7592E-01 2.9755E-01 3.3989E-01 3.7424E-01 4.0625E-01 4.2440E-01 4.5053E-01 4.4437E-01 4.2970E-01 4.5493E-01 4.4685E-01 4.6314E-01 3.4415E-01 1.3989E-01 4.8699E-02 9.7574E-03 0.0000E+00
 0.0000E+00 4.3008E-03 2.4166E-02 6.5630E-02 1.3003E-01 2.0221E-01 2.5303E-01 2.7952E-01 2.7496E-01 2.9526E-01 3.3341E-01 3.7600E-01 4.0428E-01 4.2804E-01 4.4427E-01 4.4420E-01 4.3612E-01 4.5614E-01 4.4651E-01 4.5467E-01 3.4017E-01 1.3639E-01 4.7538E-02 9.5621E-03 0.0000E+00
 0.0000E+00 4.3705E-03 2.3885E-02 6.5286E-02 1.3150E-01 2.0140E-01 2.5822E-01 2.7833E-01 2.7541E-01 2.9791E-01 3.3574E-01 3.8095E-01 4.0307E-01 4.1963E-01 4.4796E-01 4.4571E-01 4.3025E-01 4.5550E-01 4.4794E-01 4.5185E-01 3.3054E-01 1.3375E-01 4.7147E-02 9.3242E-03 0.0000E+00
 0.0000E+00 4.3310E-03 2.4109E-02 6.3960E-02 1.2951E-01 1.9894E-01 2.5599E-01 2.7563E-01 2.7595E-01 2.9463E-01 3.3865E-01 3.7752E-01 3.9906E-01 4.3026E-01 4.4213E-01 4.4073E-01 4.1943E-01 4.5195E-01 4.4829E-01 4.5197E-01 3.3110E-01 1.3071E-01 4.6872E-02 9.5807E-03 0.0000E+00
 0.0000E+00 4.3915E-03 2.3578E-02 6.4518E-02 1.2769E-01 1.9936E-01 2.5596E-01 2.7652E-01 2.7195E-01 2.9277E-01 3.3242E-01 3.7758E-01 4.0447E-01 4.2589E-01 4.4501E-01 4.4470E-01 4.2572E-01 4.4906E-01 4.3941E-01 4.4848E-01 3.2501E-01 1.3005E-01 4.6116E-02 9.2647E-03 0.0000E+00
 0.0000E+00 4.1864E-03 2.3533E-02 6.3396E-02 1.2851E-01 1.9641E-01 2.5495E-01 2.7634E-01 2.7890E-01 2.9606E-01 3.3243E-01 3.7640E-01 4.0439E-01 4.1828E-01 4.4587E-01 4.3383E-01 4.2398E-01 4.4898E-01 4.4104E-01 4.4117E-01 3.2352E-01 1.2542E-01 4.5985E-02 9.1192E-03 0.0000E+00
 0.0000E+00 4.1080E-03 2.2672E-02 6.2653E-02 1.2653E-01 1.9656E-01 2.5160E-01 2.7205E-01 2.7205E-01 2.9183E-01 3.3306E-01 3.7842E-01 4.0349E-01 4.1671E-01 4.3756E-01 4.3395E-01 4.2054E-01 4.5518E-01 4.4315E-01 4.4183E-01 3.1551E-01 1.2210E-01 4.4765E-02 9.0952E-03 0.0000E+00
 0.0000E+00 4.1265E-03 2.2471E-02 6.2066E-02 1.2629E-01 1.9734E-01 2.5104E-01 2.7262E-01 2.7197E-01 2.9220E-01 3.3464E-01 3.7803E-01 3.9943E-01 4.2536E-01 4.3822E-01 4.3733E-01 4.2374E-01 4.4630E-01 4.4240E-01 4.3715E-01 3.1123E-01 1.2422E-01 4.4964E-02 8.8662E-03 0.0000E+00
 0.0000E+00 4.1111E-03 2.2344E-02 6.0846E-02 1.2514E-01 1.9275E-01 2.5105E-01 2.7461E-01 2.7126E-01 2.9197E-01 3.3665E-01 3.7365E-01 3.9804E-01 4.1646E-01 4.4340E-01 4.4345E-01 4.2062E-01 4.4251E-01 4.3748E-01 4.2897E-01 3.0477E-01 1.1965E-01 4.4004E-02 8.6745E-03 0.0000E+00
 0.0000E+00 4.0075E-03 2.1947E-02 6.0718E-02 1.2545E-01 1.9352E-01 2.4587E-01 2.7602E-01 2.6542E-01 2.8736E-01 3.3044E-01 3.7599E-01 3.9727E-01 4.1279E-01 4.4312E-01 4.3682E-01 4.1748E-01 4.4457E-01 4.3960E-01 4.2569E-01 3.0090E-01 1.1736E-01 4.4050E-02 8.8556E-03 0.0000E+00
 0.0000E+00 3.9562E-03 2.2129E-02 5.9026E-02 1.2327E-01 1.9434E-01 2.5118E-01 2.7263E-01 2.7075E-01 2.9061E-01 3.3047E-01 3.7480E-01 3.9600E-01 4.1398E-01 4.3956E-01 4.3569E-01 4.1018E-01 4.4288E-01 4.3927E-01 4.2626E-01 2.9499E-01 1.1546E-01 4.1540E-02 8.5378E-03 0.0000E+00
 0.0000E+00 3.8732E-03 2.1687E-02 5.9036E-02 1.2159E-01 1.9365E-01 2.4803E-01 2.7074E-01 2.6764E-01 2.8781E-01 3.3108E-01 3.7537E-01 3.9629E-01 4.1695E-01 4.4349E-01 4.4353E-01 4.1085E-01 4.4370E-01 4.3384E-01 4.2156E-01 2.9493E-01 1.1454E-01 4.2069E-02 8.3257E-03 0.0000E+00
 0.0000E+00 3.9357E-03 2.1044E-02 5.9041E-02 1.2195E-01 1.9040E-01 2.5139E-01 2.6894E-01 2.7186E-01 2.8507E-01 3.3146E-01 3.7304E-01 3.9803E-01 4.1659E-01 4.3632E-01 4.2873E-01 4.1873E-01 4.3940E-01 4.3111E-01 4.2087E-01 2.8762E-01 1.1125E-01 4.1383E-02 8.3212E-03 0.0000E+00
 0.0000E+00 3.8265E-03 2.1458E-02 5.7932E-02 1.2224E-01 1.9019E-01 2.4447E-01 2.6784E-01 2.6226E-01 2.8564E-01 3.2657E-01 3.7713E-01 3.9392E-01 4.1030E-01 4.3033E-01 4.3666E-01 4.1997E-01 4.3862E-01 4.3216E-01 4.1057E-01 2.8382E-01 1.0861E-01 4.1303E-02 8.4269E-03 0.0000E+00
 0.0000E+00 3.7829E-03 2.0480E-02 5.7673E-02 1.1943E-01 1.8745E-01 2.4716E-01 2.6949E-01 2.6789E-01 2.8544E-01 3.2997E-01 3.7169E-01 3.9617E-01 4.1202E-01 4.3092E-01 4.3024E-01 4.1271E-01 4.3932E-01 4.3842E-01 4.0919E-01 2.7753E-01 1.0654E-01 4.0222E-02 8.2911E-03 0.0000E+00
 0.0000E+00 3.8598E-03 2.0490E-02 5.7001E-02 1.1835E-01 1.8621E-01 2.4517E-01 2.6761E-01 2.6401E-01 2.8634E-01 3.2846E-01 3.7454E-01 3.9438E-01 4.1321E-01 4.3199E-01 4.2276E-01 4.1261E-01 4.4414E-01 4.2768E-01 4.0520E-01 2.7239E-01 1.0522E-01 3.9723E-02 8.0168E-03 0.0000E+00
 0.0000E+00 3.7127E-03 2.0185E-02 5.6524E-02 1.1757E-01 1.8586E-01 2.4236E-01 2.6792E-01 2.6016E-01 2.8374E-01 3.2024E-01 3.7487E-01 3.9334E-01 4.1724E-01 4.3443E-01 4.3053E-01 4.1286E-01 4.3136E-01 4.2659E-01 4.0800E-01 2.6988E-01 1.0182E-01 3.9589E-02 8.0408E-03 0.0000E+00
 0.0000E+00 3.7629E-03 2.0029E-02 5.5256E-02 1.1573E-01 1.8421E-01 2.4378E-01 2.6581E-01 2.5938E-01 2.8103E-01 3.2298E-01 3.7359E-01 3.9438E-01 4.0808E-01 4.3019E-01 4.2424E-01 4.0610E-01 4.3426E-01 4.2613E-01 4.0204E-01 2.6262E-01 1.0143E-01 3.8649E-02 7.8455E-03 0.0000E+00
 0.0000E+00 3.6865E-03 1.9734E-02 5.5653E-02 1.1617E-01 1.8167E-01 2.4363E-01 2.6120E-01 2.5662E-01 2.7982E-01 3.2531E-01 3.7027E-01 3.8981E-01 4.0567E-01 4.3146E-01 4.2481E-01 4.0888E-01 4.2889E-01 4.2947E-01 3.9903E-01 2.5696E-01 9.8787E-02 3.8417E-02 7.6626E-03 0.0000E+00
 0.0000E+00 3.7342E-03 1.9377E-02 5.4192E-02 1.1501E-01 1.8297E-01 2.3879E-01 2.6214E-01 2.5553E-01 2.7931E-01 3.1847E-01 3.7174E-01 3.8994E-01 3.9850E-01 4.2883E-01 4.2608E-01 3.9975E-01 4.3431E-01 4.2438E-01 3.9093E-01 2.5416E-01 9.5337E-02 3.7782E-02 7.4452E-03 0.0000E+00
 0.0000E+00 3.6224E-03 1.9517E-02 5.3003E-02 1.1411E-01 1.8109E-01 2.4023E-01 2.6042E-01 2.5745E-01 2.8022E-01 3.2083E-01 3.7163E-01 3.8578E-01 4.0420E-01 4.2165E-01 4.1938E-01 4.0341E-01 4.2316E-01 4.2110E-01 3.9205E-01 2.5119E-01 9.4803E-02 3.6207E-02 7.8783E-03 0.0000E+00
 0.0000E+00 3.4184E-03 1.8974E-02 5.3871E-02 1.1119E-01 1.7946E-01 2.3719E-01 2.6308E-01 2.5871E-01 2.7411E-01 3.1736E-01 3.6389E-01 3.9256E-01 4.0368E-01 4.2858E-01 4.2621E-01 4.0508E-01 4.2756E-01 4.2039E-01 3.8451E-01 2.4722E-01 9.3255E-02 3.5640E-02 7.8268E-03 0.0000E+00
 0.0000E+00 3.5348E-03 1.8359E-02 5.2558E-02 1.1206E-01 1.7691E-01 2.3638E-01 2.6299E-01 2.5568E-01 2.7536E-01 3.1767E-01 3.6160E-01 3.8706E-01 4.0408E-01 4.2535E-01 4.2288E-01 3.9871E-01 4.2660E-01 4.1838E-01 3.8075E-01 2.4389E-01 9.1873E-02 3.5227E-02 7.4088E-03 0.0000E+00
 0.0000E+00 3.5040E-03 1.8379E-02 5.2696E-02 1.1201E-01 1.7757E-01 2.3481E-01 2.5762E-01 2.5364E-01 2.7797E-01 3.1960E-01 3.6146E-01 3.8629E-01 4.0854E-01 4.2293E-01 4.2374E-01 3.9772E-01 4.1926E-01 4.1719E-01 3.8211E-01 2.3783E-01 8.7759E-02 3.5368E-02 7.3413E-03 0.0000E+00
 0.0000E+00 3.4727E-03 1.8117E-02 5.1763E-02 1.1006E-01 1.7266E-01 2.3575E-01 2.5724E-01 2.5037E-01 2.7190E-01 3.1896E-01 3.6297E-01 3.8820E-01 3.9840E-01 4.2246E-01 4.2403E-01 3.9328E-01 4.2703E-01 4.1276E-01 3.7489E-01 2.3541E-01 8.8571E-02 3.5222E-02 7.0733E-03 0.0000E+00
 0.0000E+00 3.3240E-03 1.8120E-02 5.0857E-02 1.0871E-01 1.7525E-01 2.3390E-01 2.5787E-01 2.4945E-01 2.7436E-01 3.1244E-01 3.6647E-01 3.8272E-01 3.9660E-01 4.2771E-01 4.1622E-01 3.9547E-01 4.2085E-01 4.1285E-01 3.7216E-01 2.2713E-01 8.6902E-02 3.4065E-02 7.0839E-03 0.0000E+00
 0.0000E+00 3.5225E-03 1.7489E-02 4.9592E-02 1.0829E-01 1.7357E-01 2.3023E-01 2.5758E-01 2.4814E-01 2.7158E-01 3.1358E-01 3.5809E-01 3.8172E-01 4.0371E-01 4.2387E-01 4.1789E-01 3.9349E-01 4.2281E-01 4.1483E-01 3.7000E-01 2.2405E-01 8.3519E-02 3.3334E-02 7.1203E-03 0.0000E+00
 0.0000E+00 3.4225E-03 1.7164E-02 4.9627E-02 1.0637E-01 1.7264E-01 2.2936E-01 2.5586E-01 2.4582E-01 2.6714E-01 3.0771E-01 3.5801E-01 3.7843E-01 4.0146E-01 4.1173E-01 4.1305E-01 3.8663E-01 4.2261E-01 4.1244E-01 3.6454E-01 2.2210E-01 8.3627E-02 3.3329E-02 6.8611E-03 0.0000E+00
 0.0000E+00 3.2784E-03 1.7199E-02 4.9396E-02 1.0728E-01 1.7085E-01 2.2960E-01 2.5320E-01 2.4654E-01 2.7166E-01 3.0886E-01 3.5553E-01 3.7920E-01 3.9467E-01 4.2014E-01 4.0681E-01 3.8576E-01 4.2267E-01 4.0936E-01 3.5988E-01 2.1932E-01 8.1029E-02 3.2649E-02 6.7795E-03 0.0000E+00
 0.0000E+00 3.3451E-03 1.6912E-02 4.8123E-02 1.0659E-01 1.7180E-01 2.2981E-01 2.5345E-01 2.4569E-01 2.6810E-01 3.1018E-01 3.5730E-01 3.7142E-01 3.9512E-01 4.1669E-01 4.1199E-01 3.8431E-01 4.1579E-01 4.0806E-01 3.5907E-01 2.1473E-01 7.9638E-02 3.2066E-02 6.7928E-03 0.0000E+00
 0.0000E+00 3.2728E-03 1.6497E-02 4.8417E-02 1.0269E-01 1.6796E-01 2.2737E-01 2.5202E-01 2.4194E-01 2.6576E-01 3.0475E-01 3.5367E-01 3.7384E-01 3.9277E-01 4.1278E-01 4.1086E-01 3.7979E-01 4.1574E-01 4.0895E-01 3.5731E-01 2.1454E-01 7.9611E-02 3.1577E-02 6.5505E-03 0.0000E+00
 0.0000E+00 3.1969E-03 1.6656E-02 4.6690E-02 1.0361E-01 1.6436E-01 2.2385E-01 2.5435E-01 2.4537E-01 2.6589E-01 3.0629E-01 3.5248E-01 3.7768E-01 3.8806E-01 4.1292E-01 4.0525E-01 3.8559E-01 4.1383E-01 4.0037E-01 3.5121E-01 2.0892E-01 7.6219E-02 3.1227E-02 6.6552E-03 0.0000E+00
 0.0000E+00 3.1615E-03 1.6594E-02 4.7024E-02 1.0219E-01 1.6512E-01 2.2477E-01 2.4841E-01 2.4053E-01 2.6148E-01 3.0079E-01 3.4929E-01 3.7304E-01 3.9213E-01 4.0972E-01 4.0994E-01 3.8437E-01 4.1439E-01 4.0369E-01 3.5194E-01 2.0198E-01 7.3926E-02 3.1152E-02 6.4919E-03 0.0000E+00
 0.0000E+00 3.1210E-03 1.6202E-02 4.7042E-02 1.0252E-01 1.6295E-01 2.2199E-01 2.4774E-01 2.4259E-01 2.6142E-01 2.9877E-01 3.4717E-01 3.7400E-01 3.8951E-01 4.0610E-01 3.9873E-01 3.7306E-01 4.1185E-01 4.0365E-01 3.3870E-01 2.0181E-01 7.4330E-02 3.0658E-02 6.4644E-03 0.0000E+00
 0.0000E+00 3.1661E-03 1.5742E-02 4.5621E-02 1.0078E-01 1.6290E-01 2.1937E-01 2.4525E-01 2.3752E-01 2.5963E-01 3.0232E-01 3.4490E-01 3.6831E-01 3.9076E-01 4.0691E-01 3.9966E-01 3.7724E-01 4.0805E-01 3.9381E-01 3.3550E-01 1.9452E-01 7.2352E-02 2.9738E-02 6.3197E-03 0.0000E+00
 0.0000E+00 3.0979E-03 1.5946E-02 4.5892E-02 9.8759E-02 1.5883E-01 2.1819E-01 2.4832E-01 2.3922E-01 2.6172E-01 2.9289E-01 3.4417E-01 3.6610E-01 3.8302E-01 3.9879E-01 4.0173E-01 3.7293E-01 4.0608E-01 3.9541E-01 3.3643E-01 1.8981E-01 7.1939E-02 3.0275E-02 6.2815E-03 0.0000E+00
 0.0000E+00 3.0692E-03 1.5420E-02 4.4386E-02 9.7783E-02 1.6014E-01 2.2019E-01 2.4418E-01 2.3169E-01 2.5895E-01 2.9579E-01 3.4863E-01 3.6864E-01 3.8329E-01 4.0917E-01 3.9718E-01 3.7511E-01 4.0808E-01 3.9378E-01 3.2941E-01 1.8781E-01 6.9009E-02 2.9019E-02 6.0428E-03 0.0000E+00
 0.0000E+00 2.9328E-03 1.5280E-02 4.3611E-02 9.7176E-02 1.5776E-01 2.1593E-01 2.4342E-01 2.3465E-01 2.5857E-01 2.9343E-01 3.4463E-01 3.6599E-01 3.7889E-01 4.0064E-01 3.9741E-01 3.7229E-01 4.0466E-01 3.8910E-01 3.3310E-01 1.8641E-01 6.8529E-02 2.8470E-02 6.1280E-03 0.0000E+00
 0.0000E+00 2.9605E-03 1.5075E-02 4.3962E-02 9.6591E-02 1.5590E-01 2.1554E-01 2.4317E-01 2.3407E-01 2.5747E-01 2.9470E-01 3.3985E-01 3.6499E-01 3.8453E-01 4.0284E-01 3.9958E-01 3.7184E-01 4.0753E-01 3.8813E-01 3.1926E-01 1.8224E-01 6.8417E-02 2.8357E-02 6.2114E-03 0.0000E+00
 0.0000E+00 3.0287E-03 1.4646E-02 4.3553E-02 9.5106E-02 1.5549E-01 2.1551E-01 2.4484E-01 2.3351E-01 2.5727E-01 2.9244E-01 3.3823E-01 3.6084E-01 3.8257E-01 4.0120E-01 3.9305E-01 3.6891E-01 4.0064E-01 3.8488E-01 3.2082E-01 1.7627E-01 6.5478E-02 2.7767E-02 6.0108E-03 0.0000E+00
 0.0000E+00 2.9549E-03 1.4404E-02 4.2692E-02 9.3809E-02 1.5444E-01 2.1304E-01 2.3974E-01 2.3420E-01 2.5193E-01 2.9249E-01 3.3742E-01 3.5996E-01 3.7725E-01 3.9178E-01 3.9778E-01 3.6919E-01 4.0095E-01 3.8559E-01 3.2050E-01 1.7623E-01 6.3657E-02 2.7397E-02 5.8528E-03 0.0000E+00
 0.0000E+00 2.8416E-03 1.4002E-02 4.1437E-02 9.3599E-02 1.5272E-01 2.1326E-01 2.3543E-01 2.3101E-01 2.5180E-01 2.8637E-01 3.3611E-01 3.5600E-01 3.7562E-01 3.9768E-01 3.9616E-01 3.6494E-01 3.9810E-01 3.8716E-01 3.1404E-01 1.7247E-01 6.4343E-02 2.6945E-02 5.5386E-03 0.0000E+00
 0.0000E+00 2.9154E-03 1.3897E-02 4.1309E-02 9.3061E-02 1.5114E-01 2.0717E-01 2.3815E-01 2.3052E-01 2.4941E-01 2.8859E-01 3.3382E-01 3.5103E-01 3.7395E-01 3.9029E-01 3.8479E-01 3.7454E-01 3.9901E-01 3.7647E-01 3.1077E-01 1.6924E-01 6.2149E-02 2.6371E-02 5.7294E-03 0.0000E+00
 0.0000E+00 2.8713E-03 1.3894E-02 4.0476E-02 9.1359E-02 1.5062E-01 2.0748E-01 2.3673E-01 2.2408E-01 2.4826E-01 2.8370E-01 3.2957E-01 3.5387E-01 3.6848E-01 3.8901E-01 3.9360E-01 3.5933E-01 3.8924E-01 3.8191E-01 3.0456E-01 1.6543E-01 6.2544E-02 2.5678E-02 5.7197E-03 0.0000E+00
 0.0000E+00 2.6939E-03 1.3402E-02 3.9951E-02 9.0369E-02 1.4695E-01 2.0423E-01 2.3374E-01 2.2575E-01 2.4685E-01 2.8153E-01 3.2808E-01 3.5188E-01 3.6929E-01 3.8818E-01 3.7676E-01 3.6169E-01 3.8328E-01 3.7342E-01 3.0328E-01 1.6703E-01 5.9394E-02 2.5527E-02 5.3877E-03 0.0000E+00
 0.0000E+00 2.7364E-03 1.3250E-02 3.9557E-02 8.9325E-02 1.4671E-01 2.0257E-01 2.3308E-01 2.2518E-01 2.4786E-01 2.8030E-01 3.2926E-01 3.4789E-01 3.7343E-01 3.8648E-01 3.8364E-01 3.6066E-01 3.9123E-01 3.7846E-01 3.0019E-01 1.6140E-01 5.8842E-02 2.5630E-02 5.2182E-03 0.0000E+00
 0.0000E+00 2.7329E-03 1.3859E-02 3.8561E-02 8.7078E-02 1.4383E-01 2.0027E-01 2.3344E-01 2.2403E-01 2.4209E-01 2.8066E-01 3.2613E-01 3.4491E-01 3.6646E-01 3.8346E-01 3.8530E-01 3.5221E-01 3.8810E-01 3.6673E-01 2.9975E-01 1.5643E-01 5.6873E-02 2.4899E-02 5.3806E-03 0.0000E+00
 0.0000E+00 2.6790E-03 1.2641E-02 3.8925E-02 8.7663E-02 1.4336E-01 2.0151E-01 2.2881E-01 2.2044E-01 2.4264E-01 2.7925E-01 3.2504E-01 3.4518E-01 3.6088E-01 3.8403E-01 3.8084E-01 3.5254E-01 3.8353E-01 3.6966E-01 2.9141E-01 1.5615E-01 5.5944E-02 2.4380E-02 5.4605E-03 0.0000E+00
 0.0000E+00 2.6698E-03 1.2771E-02 3.7866E-02 8.5210E-02 1.4090E-01 1.9722E-01 2.2620E-01 2.1692E-01 2.3997E-01 2.7483E-01 3.1873E-01 3.4338E-01 3.5655E-01 3.8219E-01 3.8098E-01 3.5703E-01 3.8514E-01 3.7112E-01 2.9365E-01 1.5181E-01 5.5495E-02 2.4317E-02 5.3354E-03 0.0000E+00
 0.0000E+00 2.6277E-03 1.2583E-02 3.7941E-02 8.5195E-02 1.4097E-01 1.9907E-01 2.2658E-01 2.1809E-01 2.3742E-01 2.7483E-01 3.2078E-01 3.4047E-01 3.6547E-01 3.8263E-01 3.7542E-01 3.4685E-01 3.8443E-01 3.6673E-01 2.8771E-01 1.4831E-01 5.3669E-02 2.3410E-02 5.2484E-03 0.0000E+00
 0.0000E+00 2.6308E-03 1.2585E-02 3.6704E-02 8.4682E-02 1.3779E-01 1.9222E-01 2.2598E-01 2.1534E-01 2.3442E-01 2.7364E-01 3.1458E-01 3.4123E-01 3.5782E-01 3.7460E-01 3.7514E-01 3.5395E-01 3.7761E-01 3.6105E-01 2.8513E-01 1.5002E-01 5.2619E-02 2.3465E-02 5.1037E-03 0.0000E+00
 0.0000E+00 2.5729E-03 1.2466E-02 3.6006E-02 8.3099E-02 1.3852E-01 1.9160E-01 2.2648E-01 2.1372E-01 2.3632E-01 2.6728E-01 3.1672E-01 3.3896E-01 3.4809E-01 3.7641E-01 3.8115E-01 3.4670E-01 3.7391E-01 3.6026E-01 2.8231E-01 1.4338E-01 5.2032E-02 2.2271E-02 5.0717E-03 0.0000E+00
 0.0000E+00 2.5488E-03 1.2039E-02 3.6480E-02 8.1813E-02 1.3490E-01 1.9183E-01 2.2307E-01 2.1184E-01 2.3496E-01 2.6962E-01 3.1197E-01 3.3257E-01 3.5493E-01 3.7741E-01 3.7423E-01 3.4742E-01 3.7476E-01 3.5596E-01 2.7547E-01 1.3849E-01 5.0264E-02 2.1842E-02 4.8534E-03 0.0000E+00
 0.0000E+00 2.5237E-03 1.1544E-02 3.5200E-02 8.1163E-02 1.3726E-01 1.9114E-01 2.2209E-01 2.0822E-01 2.3066E-01 2.6330E-01 3.1270E-01 3.2557E-01 3.5543E-01 3.7531E-01 3.7304E-01 3.4479E-01 3.7583E-01 3.5556E-01 2.7465E-01 1.3779E-01 4.9981E-02 2.2389E-02 4.9262E-03 0.0000E+00
 0.0000E+00 2.5390E-03 1.1587E-02 3.5263E-02 7.9208E-02 1.3259E-01 1.8873E-01 2.1845E-01 2.1035E-01 2.3021E-01 2.6363E-01 3.0943E-01 3.2989E-01 3.5309E-01 3.6743E-01 3.6625E-01 3.3682E-01 3.7590E-01 3.5219E-01 2.6937E-01 1.3615E-01 4.8842E-02 2.1429E-02 4.8756E-03 0.0000E+00
 0.0000E+00 2.5298E-03 1.1647E-02 3.4520E-02 7.7911E-02 1.3123E-01 1.8660E-01 2.2037E-01 2.0875E-01 2.2892E-01 2.6270E-01 3.0701E-01 3.3005E-01 3.4608E-01 3.6776E-01 3.6836E-01 3.4188E-01 3.6582E-01 3.5588E-01 2.7253E-01 1.3376E-01 4.7873E-02 2.0945E-02 4.7433E-03 0.0000E+00
 0.0000E+00 2.4150E-03 1.1430E-02 3.3777E-02 7.8171E-02 1.2977E-01 1.8667E-01 2.1777E-01 2.0522E-01 2.2569E-01 2.5747E-01 3.0104E-01 3.2557E-01 3.4918E-01 3.6662E-01 3.6240E-01 3.4182E-01 3.6671E-01 3.5197E-01 2.6264E-01 1.2885E-01 4.6598E-02 2.0837E-02 4.7957E-03 0.0000E+00
 0.0000E+00 2.3688E-03 1.1222E-02 3.2989E-02 7.5895E-02 1.2888E-01 1.8101E-01 2.1683E-01 2.0176E-01 2.2038E-01 2.5382E-01 3.0028E-01 3.2296E-01 3.4714E-01 3.6257E-01 3.6708E-01 3.3742E-01 3.6502E-01 3.5062E-01 2.6033E-01 1.2730E-01 4.6634E-02 2.0582E-02 4.7771E-03 0.0000E+00
 0.0000E+00 2.3621E-03 1.1090E-02 3.2339E-02 7.3698E-02 1.2649E-01 1.8023E-01 2.1123E-01 2.0358E-01 2.2398E-01 2.5503E-01 2.9685E-01 3.2720E-01 3.4360E-01 3.5693E-01 3.5385E-01 3.3615E-01 3.5817E-01 3.4336E-01 2.5425E-01 1.2605E-01 4.4983E-02 2.0184E-02 4.6244E-03 0.0000E+00
 0.0000E+00 2.3498E-03 1.0783E-02 3.2045E-02 7.4793E-02 1.2790E-01 1.8016E-01 2.1055E-01 2.0194E-01 2.2085E-01 2.5061E-01 2.9810E-01 3.2171E-01 3.4291E-01 3.5351E-01 3.5607E-01 3.3964E-01 3.6140E-01 3.4348E-01 2.5202E-01 1.2101E-01 4.4844E-02 2.0081E-02 4.4229E-03 0.0000E+00
 0.0000E+00 2.3191E-03 1.0621E-02 3.1531E-02 7.3217E-02 1.2495E-01 1.7979E-01 2.0861E-01 1.9887E-01 2.1940E-01 2.5194E-01 2.9354E-01 3.1515E-01 3.3901E-01 3.5385E-01 3.5505E-01 3.2827E-01 3.5618E-01 3.4390E-01 2.4877E-01 1.2226E-01 4.2879E-02 1.9937E-02 4.4744E-03 0.0000E+00
 0.0000E+00 2.2822E-03 1.0622E-02 3.1393E-02 7.3246E-02 1.2214E-01 1.7710E-01 2.1115E-01 2.0097E-01 2.1680E-01 2.4921E-01 2.8911E-01 3.1681E-01 3.3493E-01 3.5222E-01 3.5812E-01 3.2594E-01 3.5811E-01 3.3680E-01 2.4449E-01 1.1867E-01 4.2991E-02 1.9259E-02 4.3191E-03 0.0000E+00
 0.0000E+00 2.2596E-03 1.0350E-02 3.0366E-02 7.1198E-02 1.1908E-01 1.7720E-01 2.0461E-01 1.9686E-01 2.1495E-01 2.4585E-01 2.8700E-01 3.1114E-01 3.3421E-01 3.5226E-01 3.5989E-01 3.2741E-01 3.4867E-01 3.3681E-01 2.4384E-01 1.1481E-01 4.1475E-02 1.8407E-02 4.4486E-03 0.0000E+00
 0.0000E+00 2.3806E-03 1.0127E-02 3.0434E-02 7.0764E-02 1.2039E-01 1.7308E-01 2.0607E-01 1.9588E-01 2.1362E-01 2.4169E-01 2.8729E-01 3.0539E-01 3.3429E-01 3.5131E-01 3.5567E-01 3.2910E-01 3.5266E-01 3.3349E-01 2.4484E-01 1.1316E-01 4.1748E-02 1.8319E-02 4.3199E-03 0.0000E+00
 0.0000E+00 2.0822E-03 1.0047E-02 2.9463E-02 6.9055E-02 1.1764E-01 1.7087E-01 2.0545E-01 1.9384E-01 2.1220E-01 2.4080E-01 2.8312E-01 3.0977E-01 3.2902E-01 3.4887E-01 3.4881E-01 3.2284E-01 3.5227E-01 3.3340E-01 2.4325E-01 1.1158E-01 4.0514E-02 1.7860E-02 4.0341E-03 0.0000E+00
 0.0000E+00 2.2986E-03 1.0113E-02 2.8630E-02 6.8806E-02 1.1708E-01 1.6869E-01 2.0415E-01 1.9209E-01 2.1088E-01 2.3937E-01 2.7692E-01 3.0653E-01 3.3153E-01 3.4637E-01 3.4407E-01 3.2073E-01 3.4938E-01 3.2810E-01 2.3543E-01 1.0751E-01 4.0084E-02 1.8183E-02 4.1770E-03 0.0000E+00
 0.0000E+00 2.2447E-03 9.7291E-03 2.8788E-02 6.7357E-02 1.1519E-01 1.6818E-01 1.9916E-01 1.8909E-01 2.0919E-01 2.3690E-01 2.7655E-01 3.0105E-01 3.2667E-01 3.4390E-01 3.4622E-01 3.1843E-01 3.4758E-01 3.2391E-01 2.3134E-01 1.0795E-01 3.8747E-02 1.7757E-02 4.0741E-03 0.0000E+00
 0.0000E+00 2.2237E-03 9.4686E-03 2.8042E-02 6.5778E-02 1.1578E-01 1.6710E-01 1.9688E-01 1.8992E-01 2.0495E-01 2.3440E-01 2.7338E-01 2.9730E-01 3.2022E-01 3.4212E-01 3.4232E-01 3.1372E-01 3.4543E-01 3.2443E-01 2.2652E-01 1.0321E-01 3.8119E-02 1.6935E-02 4.0226E-03 0.0000E+00
 0.0000E+00 2.1304E-03 9.1265E-03 2.7922E-02 6.6060E-02 1.1163E-01 1.6482E-01 1.9490E-01 1.8888E-01 2.0301E-01 2.3853E-01 2.7208E-01 2.9704E-01 3.1980E-01 3.3688E-01 3.4416E-01 3.1958E-01 3.4339E-01 3.1929E-01 2.2679E-01 1.0172E-01 3.6853E-02 1.6555E-02 4.0137E-03 0.0000E+00
 0.0000E+00 2.1063E-03 9.1422E-03 2.7663E-02 6.3975E-02 1.1084E-01 1.6237E-01 1.9411E-01 1.8810E-01 2.0391E-01 2.2832E-01 2.7257E-01 2.9791E-01 3.1665E-01 3.3255E-01 3.3945E-01 3.0877E-01 3.3737E-01 3.1500E-01 2.2039E-01 1.0051E-01 3.7490E-02 1.6293E-02 3.8167E-03 0.0000E+00
 0.0000E+00 2.0919E-03 8.8416E-03 2.7365E-02 6.2884E-02 1.1032E-01 1.5977E-01 1.9068E-01 1.8413E-01 1.9884E-01 2.3163E-01 2.6738E-01 2.9459E-01 3.1568E-01 3.3852E-01 3.3123E-01 3.1335E-01 3.4141E-01 3.1383E-01 2.1820E-01 9.9747E-02 3.5956E-02 1.6683E-02 3.8309E-03 0.0000E+00
 0.0000E+00 2.0955E-03 9.1823E-03 2.5927E-02 6.4239E-02 1.0796E-01 1.5920E-01 1.9062E-01 1.7979E-01 2.0069E-01 2.2626E-01 2.6745E-01 2.9315E-01 3.1697E-01 3.3249E-01 3.3828E-01 3.0810E-01 3.3672E-01 3.1194E-01 2.1825E-01 9.7640E-02 3.4875E-02 1.5869E-02 3.7971E-03 0.0000E+00
 0.0000E+00 2.0525E-03 8.8001E-03 2.6695E-02 6.3184E-02 1.0589E-01 1.5482E-01 1.9238E-01 1.7942E-01 1.9770E-01 2.2357E-01 2.6474E-01 2.8765E-01 3.1570E-01 3.2915E-01 3.2932E-01 3.0481E-01 3.3424E-01 3.1275E-01 2.1617E-01 9.5209E-02 3.4610E-02 1.5935E-02 3.6622E-03 0.0000E+00
 0.0000E+00 1.9996E-03 8.4766E-03 2.5394E-02 6.1034E-02 1.0453E-01 1.5542E-01 1.8706E-01 1.7703E-01 1.9846E-01 2.2049E-01 2.6085E-01 2.8273E-01 3.0906E-01 3.2928E-01 3.3202E-01 3.0511E-01 3.3019E-01 3.0800E-01 2.1516E-01 9.3030E-02 3.3340E-02 1.5504E-02 3.6019E-03 0.0000E+00
 0.0000E+00 2.0366E-03 8.2032E-03 2.5359E-02 6.0181E-02 1.0580E-01 1.5603E-01 1.8464E-01 1.7777E-01 1.9158E-01 2.2011E-01 2.5648E-01 2.8176E-01 3.0660E-01 3.2641E-01 3.2850E-01 3.0495E-01 3.2374E-01 3.0370E-01 2.0895E-01 9.1134E-02 3.3632E-02 1.5474E-02 3.5389E-03 0.0000E+00
 0.0000E+00 1.9771E-03 8.3221E-03 2.5166E-02 5.8963E-02 1.0262E-01 1.5340E-01 1.8371E-01 1.7571E-01 1.9379E-01 2.1620E-01 2.5303E-01 2.7799E-01 3.0687E-01 3.2627E-01 3.2106E-01 2.9671E-01 3.2621E-01 3.0545E-01 2.0544E-01 9.0956E-02 3.2138E-02 1.4755E-02 3.5557E-03 0.0000E+00
 0.0000E+00 1.9940E-03 8.0000E-03 2.4594E-02 5.9256E-02 1.0262E-01 1.5106E-01 1.8283E-01 1.7165E-01 1.8900E-01 2.2071E-01 2.5427E-01 2.8010E-01 3.0260E-01 3.2406E-01 3.2005E-01 3.0025E-01 3.2678E-01 2.9858E-01 2.0685E-01 8.7707E-02 3.2447E-02 1.4577E-02 3.4705E-03 0.0000E+00
 0.0000E+00 1.9858E-03 7.9971E-03 2.4421E-02 5.6268E-02 1.0112E-01 1.5115E-01 1.8098E-01 1.7011E-01 1.8958E-01 2.1286E-01 2.4863E-01 2.8181E-01 3.0016E-01 3.2299E-01 3.2285E-01 3.0119E-01 3.1905E-01 2.9844E-01 2.0075E-01 8.6657E-02 3.0581E-02 1.4206E-02 3.3800E-03 0.0000E+00
 0.0000E+00 1.9120E-03 7.8712E-03 2.3748E-02 5.6221E-02 9.9659E-02 1.4705E-01 1.8037E-01 1.7159E-01 1.8300E-01 2.1552E-01 2.4904E-01 2.7006E-01 3.0421E-01 3.1330E-01 3.2151E-01 2.9404E-01 3.2303E-01 2.9605E-01 2.0093E-01 8.5633E-02 3.0917E-02 1.4161E-02 3.3684E-03 0.0000E+00
 0.0000E+00 1.8494E-03 7.8654E-03 2.2970E-02 5.5954E-02 9.7252E-02 1.4455E-01 1.7701E-01 1.7079E-01 1.8756E-01 2.1066E-01 2.4519E-01 2.7203E-01 2.9619E-01 3.1334E-01 3.1523E-01 2.9697E-01 3.1756E-01 2.9815E-01 1.9520E-01 8.3718E-02 2.9280E-02 1.4176E-02 3.3019E-03 0.0000E+00
 0.0000E+00 1.7612E-03 7.8254E-03 2.2769E-02 5.4584E-02 9.5283E-02 1.4614E-01 1.7521E-01 1.6600E-01 1.8431E-01 2.0542E-01 2.4200E-01 2.6918E-01 2.9638E-01 3.1271E-01 3.1483E-01 2.9699E-01 3.1594E-01 2.8976E-01 1.9684E-01 8.0957E-02 3.0523E-02 1.3359E-02 3.2761E-03 0.0000E+00
 0.0000E+00 1.8576E-03 7.3015E-03 2.2721E-02 5.3392E-02 9.5912E-02 1.4453E-01 1.7457E-01 1.6492E-01 1.8230E-01 2.0546E-01 2.3911E-01 2.6715E-01 2.9332E-01 3.0694E-01 3.0955E-01 2.9116E-01 3.1129E-01 2.8540E-01 1.9284E-01 8.1769E-02 2.9531E-02 1.3440E-02 3.3045E-03 0.0000E+00
 0.0000E+00 1.8822E-03 7.5920E-03 2.1602E-02 5.3056E-02 9.2788E-02 1.3921E-01 1.7380E-01 1.6490E-01 1.7841E-01 2.0591E-01 2.4061E-01 2.6908E-01 2.8951E-01 3.0935E-01 3.1221E-01 2.8851E-01 3.0756E-01 2.8487E-01 1.8804E-01 7.9187E-02 2.8311E-02 1.2855E-02 3.2282E-03 0.0000E+00
 0.0000E+00 1.8351E-03 7.2356E-03 2.1871E-02 5.1954E-02 9.3924E-02 1.3941E-01 1.7207E-01 1.6081E-01 1.7854E-01 2.0157E-01 2.3488E-01 2.6607E-01 2.9011E-01 3.0323E-01 3.0751E-01 2.8416E-01 3.0654E-01 2.8194E-01 1.8580E-01 7.7655E-02 2.7858E-02 1.2603E-02 3.2362E-03 0.0000E+00
 0.0000E+00 1.8576E-03 7.2142E-03 2.1642E-02 5.0809E-02 9.1941E-02 1.3677E-01 1.6770E-01 1.6094E-01 1.7665E-01 1.9996E-01 2.3626E-01 2.5649E-01 2.8559E-01 3.0626E-01 3.0693E-01 2.8538E-01 3.0701E-01 2.8026E-01 1.8104E-01 7.6268E-02 2.7005E-02 1.2255E-02 3.2202E-03 0.0000E+00
 0.0000E+00 1.7576E-03 7.1555E-03 2.0721E-02 4.9847E-02 8.9143E-02 1.3376E-01 1.6752E-01 1.6206E-01 1.7632E-01 1.9779E-01 2.2694E-01 2.5592E-01 2.8103E-01 3.0186E-01 3.0383E-01 2.8209E-01 3.0806E-01 2.7572E-01 1.8099E-01 7.2880E-02 2.6803E-02 1.2061E-02 3.0755E-03 0.0000E+00
 0.0000E+00 1.7423E-03 6.7132E-03 2.0563E-02 4.9721E-02 8.8473E-02 1.3349E-01 1.6428E-01 1.5915E-01 1.7116E-01 1.9198E-01 2.3025E-01 2.5322E-01 2.8227E-01 3.0269E-01 3.0083E-01 2.7413E-01 2.9839E-01 2.7584E-01 1.7725E-01 7.1955E-02 2.5556E-02 1.2036E-02 2.9948E-03 0.0000E+00
 0.0000E+00 1.7864E-03 6.6058E-03 2.0427E-02 4.8348E-02 8.7728E-02 1.3183E-01 1.6342E-01 1.5553E-01 1.7198E-01 1.9332E-01 2.2691E-01 2.5691E-01 2.8132E-01 2.9376E-01 3.0047E-01 2.7032E-01 2.9878E-01 2.7224E-01 1.7576E-01 7.1982E-02 2.5857E-02 1.1925E-02 2.9868E-03 0.0000E+00
 0.0000E+00 1.6956E-03 6.4741E-03 1.9845E-02 4.7593E-02 8.6122E-02 1.3109E-01 1.6517E-01 1.5147E-01 1.6996E-01 1.9285E-01 2.2347E-01 2.4798E-01 2.7317E-01 2.9698E-01 2.9769E-01 2.7900E-01 2.9658E-01 2.7147E-01 1.7173E-01 6.9128E-02 2.5601E-02 1.1502E-02 3.1128E-03 0.0000E+00
 0.0000E+00 1.7551E-03 6.5156E-03 1.8761E-02 4.7127E-02 8.5098E-02 1.3169E-01 1.5968E-01 1.5314E-01 1.7205E-01 1.8494E-01 2.2285E-01 2.4730E-01 2.7503E-01 2.8986E-01 2.9584E-01 2.7038E-01 2.9635E-01 2.6715E-01 1.7082E-01 6.7299E-02 2.5359E-02 1.1764E-02 2.8172E-03 0.0000E+00
 0.0000E+00 1.7115E-03 6.1306E-03 1.9017E-02 4.5826E-02 8.5303E-02 1.2932E-01 1.6024E-01 1.5156E-01 1.6872E-01 1.8569E-01 2.2029E-01 2.4829E-01 2.6959E-01 2.8892E-01 2.9648E-01 2.7281E-01 2.8937E-01 2.6478E-01 1.7019E-01 6.7880E-02 2.4380E-02 1.1447E-02 2.8350E-03 0.0000E+00
 0.0000E+00 1.7084E-03 6.3410E-03 1.8763E-02 4.6411E-02 8.2468E-02 1.2568E-01 1.5711E-01 1.4985E-01 1.6512E-01 1.8582E-01 2.1674E-01 2.4397E-01 2.7060E-01 2.8646E-01 2.8638E-01 2.7299E-01 2.8719E-01 2.6118E-01 1.6851E-01 6.8349E-02 2.3380E-02 1.0816E-02 2.9486E-03 0.0000E+00
 0.0000E+00 1.5956E-03 6.1864E-03 1.8779E-02 4.3394E-02 8.1583E-02 1.2363E-01 1.5642E-01 1.4780E-01 1.6160E-01 1.8404E-01 2.1196E-01 2.3718E-01 2.6454E-01 2.8090E-01 2.9211E-01 2.6654E-01 2.8602E-01 2.5996E-01 1.6551E-01 6.4552E-02 2.2034E-02 1.1021E-02 2.8758E-03 0.0000E+00
 0.0000E+00 1.4890E-03 6.2108E-03 1.8103E-02 4.4417E-02 7.9759E-02 1.2440E-01 1.5230E-01 1.4744E-01 1.6144E-01 1.7855E-01 2.1114E-01 2.3930E-01 2.5883E-01 2.7909E-01 2.9041E-01 2.6948E-01 2.8531E-01 2.5563E-01 1.6428E-01 6.4195E-02 2.3039E-02 1.0338E-02 2.8039E-03 0.0000E+00
 0.0000E+00 1.6054E-03 5.8672E-03 1.7632E-02 4.2589E-02 8.0271E-02 1.2136E-01 1.5183E-01 1.4563E-01 1.6073E-01 1.7739E-01 2.0902E-01 2.3693E-01 2.6248E-01 2.7176E-01 2.8280E-01 2.5756E-01 2.8600E-01 2.5588E-01 1.5843E-01 6.2425E-02 2.1837E-02 1.0328E-02 2.8128E-03 0.0000E+00
 0.0000E+00 1.5597E-03 5.7398E-03 1.7827E-02 4.3344E-02 7.8739E-02 1.2048E-01 1.4925E-01 1.4387E-01 1.5736E-01 1.7294E-01 2.0670E-01 2.3441E-01 2.5792E-01 2.7581E-01 2.8102E-01 2.5955E-01 2.8124E-01 2.5684E-01 1.5424E-01 6.0563E-02 2.1778E-02 1.0267E-02 2.8101E-03 0.0000E+00
 0.0000E+00 1.5797E-03 5.7169E-03 1.7155E-02 4.1736E-02 7.5681E-02 1.1873E-01 1.4635E-01 1.4205E-01 1.5526E-01 1.7471E-01 2.0197E-01 2.2989E-01 2.5396E-01 2.7708E-01 2.8349E-01 2.6100E-01 2.7453E-01 2.4979E-01 1.5685E-01 6.0523E-02 2.0796E-02 1.0159E-02 2.6619E-03 0.0000E+00
 0.0000E+00 1.6213E-03 5.5037E-03 1.6924E-02 4.0814E-02 7.5695E-02 1.1636E-01 1.4546E-01 1.4230E-01 1.5098E-01 1.7109E-01 2.0302E-01 2.3196E-01 2.5629E-01 2.7214E-01 2.7431E-01 2.5779E-01 2.8071E-01 2.4748E-01 1.5459E-01 5.8878E-02 2.0849E-02 9.8513E-03 2.5039E-03 0.0000E+00
 0.0000E+00 1.5633E-03 5.3662E-03 1.6357E-02 3.9897E-02 7.3321E-02 1.1600E-01 1.4386E-01 1.4052E-01 1.4892E-01 1.6765E-01 1.9388E-01 2.2467E-01 2.5300E-01 2.7153E-01 2.7670E-01 2.6033E-01 2.8052E-01 2.4517E-01 1.5199E-01 5.7359E-02 1.9930E-02 9.7807E-03 2.5678E-03 0.0000E+00
 0.0000E+00 1.5577E-03 5.2374E-03 1.6467E-02 3.9326E-02 7.4145E-02 1.1307E-01 1.4410E-01 1.3854E-01 1.5047E-01 1.6705E-01 1.9463E-01 2.2797E-01 2.5312E-01 2.6647E-01 2.7073E-01 2.5325E-01 2.6850E-01 2.3784E-01 1.4881E-01 5.7122E-02 2.0069E-02 9.3976E-03 2.4249E-03 0.0000E+00
 0.0000E+00 1.5705E-03 5.3476E-03 1.5686E-02 3.9062E-02 7.1817E-02 1.1409E-01 1.4234E-01 1.3641E-01 1.4778E-01 1.6494E-01 1.9558E-01 2.2149E-01 2.4981E-01 2.6687E-01 2.7190E-01 2.5105E-01 2.7137E-01 2.4242E-01 1.4525E-01 5.4632E-02 2.0046E-02 9.3674E-03 2.4400E-03 0.0000E+00
 0.0000E+00 1.4885E-03 5.3591E-03 1.5822E-02 3.8188E-02 7.1003E-02 1.1013E-01 1.4174E-01 1.3561E-01 1.4463E-01 1.6013E-01 1.8964E-01 2.1707E-01 2.4558E-01 2.6566E-01 2.7362E-01 2.4903E-01 2.6862E-01 2.3763E-01 1.4370E-01 5.4328E-02 1.9095E-02 9.0725E-03 2.3175E-03 0.0000E+00
 0.0000E+00 1.5156E-03 5.1959E-03 1.5257E-02 3.7068E-02 6.9429E-02 1.0767E-01 1.3965E-01 1.3196E-01 1.4656E-01 1.6133E-01 1.9007E-01 2.1984E-01 2.4520E-01 2.6145E-01 2.6601E-01 2.4659E-01 2.6560E-01 2.3383E-01 1.4319E-01 5.2373E-02 1.9230E-02 8.6517E-03 2.4578E-03 0.0000E+00
 0.0000E+00 1.4274E-03 4.9111E-03 1.4954E-02 3.6493E-02 6.8554E-02 1.0799E-01 1.3928E-01 1.3219E-01 1.4372E-01 1.5847E-01 1.8554E-01 2.1362E-01 2.4060E-01 2.6155E-01 2.6282E-01 2.4545E-01 2.6142E-01 2.3242E-01 1.3921E-01 5.2921E-02 1.8382E-02 8.5105E-03 2.4018E-03 0.0000E+00
 0.0000E+00 1.4859E-03 5.0485E-03 1.4620E-02 3.5406E-02 6.7833E-02 1.0677E-01 1.3521E-01 1.3077E-01 1.3982E-01 1.5702E-01 1.8645E-01 2.1111E-01 2.3710E-01 2.5486E-01 2.6450E-01 2.4523E-01 2.5743E-01 2.3191E-01 1.3772E-01 5.0286E-02 1.7763E-02 9.0498E-03 2.4036E-03 0.0000E+00
 0.0000E+00 1.4510E-03 4.9426E-03 1.4216E-02 3.5023E-02 6.5682E-02 1.0493E-01 1.3069E-01 1.3010E-01 1.3697E-01 1.5446E-01 1.7960E-01 2.0589E-01 2.3719E-01 2.5409E-01 2.6018E-01 2.4295E-01 2.5582E-01 2.2778E-01 1.3981E-01 5.0207E-02 1.7987E-02 8.3492E-03 2.3237E-03 0.0000E+00
 0.0000E+00 1.4495E-03 4.8882E-03 1.5004E-02 3.4575E-02 6.5263E-02 1.0494E-01 1.3185E-01 1.2862E-01 1.3782E-01 1.5197E-01 1.7850E-01 2.1029E-01 2.3515E-01 2.5059E-01 2.5879E-01 2.4137E-01 2.5819E-01 2.2744E-01 1.3462E-01 5.0200E-02 1.6879E-02 7.9838E-03 2.4027E-03 0.0000E+00
 0.0000E+00 1.4485E-03 4.9698E-03 1.4007E-02 3.4126E-02 6.4984E-02 1.0224E-01 1.2991E-01 1.2761E-01 1.3626E-01 1.5014E-01 1.7622E-01 2.0778E-01 2.3085E-01 2.5146E-01 2.5708E-01 2.3814E-01 2.5997E-01 2.2357E-01 1.3133E-01 4.8093E-02 1.7440E-02 7.8906E-03 2.1835E-03 0.0000E+00
 0.0000E+00 1.3777E-03 4.4888E-03 1.3616E-02 3.3422E-02 6.3890E-02 1.0151E-01 1.2979E-01 1.2537E-01 1.3445E-01 1.4735E-01 1.7244E-01 2.0554E-01 2.3286E-01 2.4672E-01 2.5544E-01 2.3903E-01 2.5273E-01 2.2563E-01 1.3419E-01 4.7235E-02 1.6296E-02 7.7570E-03 2.1586E-03 0.0000E+00
 0.0000E+00 1.3044E-03 4.3256E-03 1.3776E-02 3.2334E-02 6.2140E-02 9.8609E-02 1.2802E-01 1.2381E-01 1.3047E-01 1.4743E-01 1.7182E-01 1.9825E-01 2.2698E-01 2.4914E-01 2.5416E-01 2.3547E-01 2.4716E-01 2.2352E-01 1.2862E-01 4.7565E-02 1.6699E-02 7.8729E-03 2.2199E-03 0.0000E+00
 0.0000E+00 1.3357E-03 4.5962E-03 1.3016E-02 3.1492E-02 6.0250E-02 9.7809E-02 1.2466E-01 1.2472E-01 1.3330E-01 1.4227E-01 1.6744E-01 1.9982E-01 2.2189E-01 2.4366E-01 2.4944E-01 2.3279E-01 2.4312E-01 2.1845E-01 1.2850E-01 4.5795E-02 1.6645E-02 7.7142E-03 2.1959E-03 0.0000E+00
 0.0000E+00 1.3613E-03 4.4316E-03 1.2830E-02 3.1427E-02 5.9342E-02 9.4263E-02 1.2617E-01 1.2100E-01 1.3052E-01 1.4229E-01 1.6537E-01 1.9419E-01 2.2689E-01 2.4705E-01 2.4930E-01 2.3105E-01 2.4461E-01 2.1534E-01 1.2383E-01 4.4217E-02 1.5860E-02 7.2152E-03 2.1169E-03 0.0000E+00
 0.0000E+00 1.3398E-03 4.4172E-03 1.2629E-02 3.0195E-02 5.9942E-02 9.2657E-02 1.2232E-01 1.1910E-01 1.2885E-01 1.3820E-01 1.6485E-01 1.9211E-01 2.2222E-01 2.3811E-01 2.5069E-01 2.2795E-01 2.4530E-01 2.1752E-01 1.2084E-01 4.4560E-02 1.6121E-02 7.5756E-03 2.0965E-03 0.0000E+00
 0.0000E+00 1.2618E-03 4.0708E-03 1.2599E-02 2.9765E-02 5.6903E-02 9.3724E-02 1.1699E-01 1.1719E-01 1.2937E-01 1.3988E-01 1.6206E-01 1.9587E-01 2.1748E-01 2.3659E-01 2.4386E-01 2.2724E-01 2.3689E-01 2.1151E-01 1.2137E-01 4.3464E-02 1.5295E-02 7.1295E-03 2.0362E-03 0.0000E+00
 0.0000E+00 1.2470E-03 4.0766E-03 1.2386E-02 2.9686E-02 5.6684E-02 9.1340E-02 1.1907E-01 1.1839E-01 1.2575E-01 1.3693E-01 1.6174E-01 1.8692E-01 2.1653E-01 2.3079E-01 2.4146E-01 2.2519E-01 2.4295E-01 2.0826E-01 1.1879E-01 4.3279E-02 1.4775E-02 7.2908E-03 1.9953E-03 0.0000E+00
 0.0000E+00 1.2767E-03 4.0794E-03 1.2155E-02 2.8830E-02 5.5250E-02 8.8517E-02 1.1827E-01 1.1753E-01 1.2499E-01 1.3764E-01 1.5797E-01 1.8797E-01 2.1371E-01 2.3224E-01 2.4077E-01 2.2434E-01 2.3751E-01 2.0779E-01 1.1708E-01 4.1522E-02 1.5169E-02 6.9531E-03 1.9785E-03 0.0000E+00
 0.0000E+00 1.2987E-03 4.2383E-03 1.1869E-02 2.8295E-02 5.6251E-02 8.9701E-02 1.1671E-01 1.1569E-01 1.2290E-01 1.3440E-01 1.5340E-01 1.8431E-01 2.1722E-01 2.3122E-01 2.3940E-01 2.2227E-01 2.3768E-01 2.0816E-01 1.1645E-01 3.9600E-02 1.4761E-02 7.0236E-03 1.9243E-03 0.0000E+00
 0.0000E+00 1.1818E-03 3.9105E-03 1.1214E-02 2.7775E-02 5.3672E-02 8.7017E-02 1.1500E-01 1.1231E-01 1.2078E-01 1.3159E-01 1.5337E-01 1.8187E-01 2.0551E-01 2.2620E-01 2.3569E-01 2.2055E-01 2.2713E-01 2.0519E-01 1.1283E-01 4.0168E-02 1.4232E-02 6.1870E-03 1.9057E-03 0.0000E+00
 0.0000E+00 1.2880E-03 3.8089E-03 1.1247E-02 2.6589E-02 5.3937E-02 8.6694E-02 1.1116E-01 1.0981E-01 1.1860E-01 1.3061E-01 1.5098E-01 1.7882E-01 2.0684E-01 2.2336E-01 2.3653E-01 2.2032E-01 2.3046E-01 1.9947E-01 1.1210E-01 3.8649E-02 1.4447E-02 6.3609E-03 1.9252E-03 0.0000E+00
 0.0000E+00 1.2008E-03 3.8032E-03 1.1334E-02 2.6308E-02 5.2010E-02 8.4371E-02 1.1341E-01 1.1212E-01 1.1871E-01 1.2748E-01 1.4833E-01 1.7937E-01 2.0498E-01 2.2766E-01 2.3020E-01 2.1990E-01 2.2886E-01 1.9871E-01 1.1123E-01 3.6826E-02 1.3805E-02 6.5725E-03 1.8879E-03 0.0000E+00
 0.0000E+00 1.2182E-03 3.4926E-03 1.0499E-02 2.5762E-02 5.0618E-02 8.2988E-02 1.0966E-01 1.0963E-01 1.1576E-01 1.2479E-01 1.4575E-01 1.7785E-01 2.0191E-01 2.1969E-01 2.3179E-01 2.1668E-01 2.3046E-01 1.9622E-01 1.0882E-01 3.7658E-02 1.3316E-02 6.2348E-03 1.9030E-03 0.0000E+00
 0.0000E+00 1.2654E-03 3.5498E-03 1.0325E-02 2.5697E-02 5.0972E-02 8.2565E-02 1.0751E-01 1.0807E-01 1.1452E-01 1.2390E-01 1.4526E-01 1.7104E-01 2.0551E-01 2.1633E-01 2.3019E-01 2.1488E-01 2.2623E-01 1.9799E-01 1.0754E-01 3.7797E-02 1.3509E-02 5.8493E-03 1.6554E-03 0.0000E+00
 0.0000E+00 1.2290E-03 3.5527E-03 1.0506E-02 2.5975E-02 5.0032E-02 8.2132E-02 1.0713E-01 1.0980E-01 1.1431E-01 1.2293E-01 1.4403E-01 1.6842E-01 1.9905E-01 2.2094E-01 2.2632E-01 2.1056E-01 2.2310E-01 1.9325E-01 1.0721E-01 3.5849E-02 1.2948E-02 6.0358E-03 1.7255E-03 0.0000E+00
 0.0000E+00 1.1285E-03 3.4911E-03 1.0253E-02 2.4664E-02 4.9348E-02 7.9109E-02 1.0587E-01 1.0527E-01 1.1138E-01 1.2056E-01 1.4275E-01 1.6795E-01 1.9653E-01 2.1250E-01 2.2523E-01 2.1148E-01 2.2226E-01 1.8911E-01 1.0614E-01 3.6608E-02 1.2742E-02 5.6124E-03 1.7645E-03 0.0000E+00
 0.0000E+00 1.1572E-03 3.2707E-03 9.9314E-03 2.4002E-02 4.8012E-02 7.9403E-02 1.0408E-01 1.0375E-01 1.1048E-01 1.1945E-01 1.4259E-01 1.6603E-01 1.9644E-01 2.1391E-01 2.2131E-01 2.1460E-01 2.2034E-01 1.9053E-01 1.0213E-01 3.5446E-02 1.2334E-02 5.4460E-03 1.7690E-03 0.0000E+00
 0.0000E+00 1.0978E-03 3.3938E-03 9.6377E-03 2.2622E-02 4.6173E-02 7.6608E-02 1.0257E-01 1.0169E-01 1.1087E-01 1.1751E-01 1.3769E-01 1.6599E-01 1.9594E-01 2.0823E-01 2.2024E-01 2.0350E-01 2.1792E-01 1.8820E-01 1.0057E-01 3.4006E-02 1.1988E-02 5.3604E-03 1.7006E-03 0.0000E+00
 0.0000E+00 1.1403E-03 3.2535E-03 9.5047E-03 2.3269E-02 4.5470E-02 7.5413E-02 1.0222E-01 1.0163E-01 1.0954E-01 1.1498E-01 1.3553E-01 1.6144E-01 1.8989E-01 2.0766E-01 2.2072E-01 2.0939E-01 2.1073E-01 1.8298E-01 9.9714E-02 3.4019E-02 1.1288E-02 5.3856E-03 1.6669E-03 0.0000E+00
 0.0000E+00 1.1367E-03 3.3165E-03 9.1559E-03 2.2550E-02 4.5512E-02 7.4485E-02 9.9179E-02 1.0013E-01 1.0566E-01 1.1315E-01 1.3268E-01 1.5824E-01 1.8814E-01 2.0670E-01 2.1623E-01 2.0171E-01 2.0923E-01 1.8253E-01 9.9215E-02 3.2725E-02 1.1553E-02 5.0731E-03 1.7157E-03 0.0000E+00
 0.0000E+00 1.0865E-03 3.2306E-03 9.1734E-03 2.2409E-02 4.4120E-02 7.3068E-02 9.9154E-02 9.8527E-02 1.0394E-01 1.1383E-01 1.2996E-01 1.5827E-01 1.8807E-01 2.0766E-01 2.1536E-01 2.0207E-01 2.0816E-01 1.7770E-01 9.9732E-02 3.3247E-02 1.1760E-02 5.2847E-03 1.5826E-03 0.0000E+00
 0.0000E+00 1.0614E-03 3.0503E-03 9.1408E-03 2.1343E-02 4.4074E-02 7.2423E-02 9.8140E-02 9.5578E-02 1.0194E-01 1.1116E-01 1.2894E-01 1.5664E-01 1.8496E-01 2.0557E-01 2.1040E-01 1.9896E-01 2.0441E-01 1.7793E-01 9.5510E-02 3.2388E-02 1.1275E-02 5.2444E-03 1.6243E-03 0.0000E+00
 0.0000E+00 1.0121E-03 3.2449E-03 8.9099E-03 2.1683E-02 4.3520E-02 7.2345E-02 9.3952E-02 9.6073E-02 1.0078E-01 1.0934E-01 1.2786E-01 1.5612E-01 1.8159E-01 2.0079E-01 2.1265E-01 1.9854E-01 2.0429E-01 1.7630E-01 9.3277E-02 3.1166E-02 1.1463E-02 5.2469E-03 1.6731E-03 0.0000E+00
 0.0000E+00 1.0080E-03 3.0775E-03 8.3602E-03 2.1130E-02 4.3096E-02 7.0806E-02 9.3759E-02 9.6856E-02 1.0023E-01 1.0781E-01 1.2485E-01 1.5456E-01 1.8209E-01 2.0001E-01 2.1069E-01 2.0096E-01 2.0596E-01 1.7818E-01 9.3487E-02 3.0895E-02 1.0858E-02 4.6724E-03 1.5231E-03 0.0000E+00
 0.0000E+00 1.0219E-03 3.0775E-03 8.3201E-03 2.0190E-02 4.2579E-02 6.9845E-02 9.2048E-02 9.3196E-02 9.7997E-02 1.0569E-01 1.2519E-01 1.4829E-01 1.7882E-01 1.9288E-01 2.1052E-01 1.9354E-01 2.0196E-01 1.7139E-01 9.1858E-02 2.9878E-02 1.0831E-02 5.0176E-03 1.4823E-03 0.0000E+00
 0.0000E+00 1.0983E-03 2.9902E-03 8.3075E-03 1.9641E-02 4.0573E-02 6.7105E-02 9.1083E-02 9.2394E-02 1.0016E-01 1.0505E-01 1.2014E-01 1.4601E-01 1.7560E-01 1.9597E-01 2.0600E-01 1.9449E-01 2.0346E-01 1.6997E-01 8.9633E-02 2.9687E-02 1.0638E-02 4.8941E-03 1.5018E-03 0.0000E+00
 0.0000E+00 1.0239E-03 2.9673E-03 8.3653E-03 1.9938E-02 4.0540E-02 6.6488E-02 8.8407E-02 9.0873E-02 9.6753E-02 1.0320E-01 1.1872E-01 1.4645E-01 1.7442E-01 1.9178E-01 2.0305E-01 1.9292E-01 1.9747E-01 1.6546E-01 8.5780E-02 2.9878E-02 1.0445E-02 4.5791E-03 1.5000E-03 0.0000E+00
 0.0000E+00 1.0526E-03 2.7325E-03 7.9035E-03 1.8929E-02 3.9665E-02 6.6632E-02 8.9297E-02 9.0841E-02 9.3436E-02 9.9827E-02 1.1775E-01 1.4376E-01 1.7547E-01 1.9044E-01 2.0215E-01 1.9221E-01 1.9390E-01 1.6705E-01 8.7943E-02 2.7474E-02 1.0090E-02 4.6724E-03 1.4858E-03 0.0000E+00
 0.0000E+00 9.8701E-04 2.7797E-03 7.8307E-03 1.8919E-02 3.8995E-02 6.4243E-02 8.7306E-02 8.7259E-02 9.4229E-02 9.8342E-02 1.1776E-01 1.4352E-01 1.6929E-01 1.8811E-01 2.0041E-01 1.9291E-01 1.9434E-01 1.6315E-01 8.5648E-02 2.7263E-02 1.0171E-02 4.3901E-03 1.4841E-03 0.0000E+00
 0.0000E+00 9.6445E-04 2.7941E-03 7.7579E-03 1.8528E-02 3.8292E-02 6.3904E-02 8.4176E-02 9.0521E-02 9.0632E-02 9.8824E-02 1.1629E-01 1.3683E-01 1.6679E-01 1.8536E-01 1.9829E-01 1.8776E-01 1.9263E-01 1.6214E-01 8.5736E-02 2.7052E-02 9.6104E-03 4.2943E-03 1.4388E-03 0.0000E+00
 0.0000E+00 9.6393E-04 2.5479E-03 7.5069E-03 1.7546E-02 3.7240E-02 6.2514E-02 8.4736E-02 8.7879E-02 9.1206E-02 9.8372E-02 1.1377E-01 1.3811E-01 1.6630E-01 1.8919E-01 1.9810E-01 1.8450E-01 1.8849E-01 1.6036E-01 8.4229E-02 2.5671E-02 9.1931E-03 4.2061E-03 1.4219E-03 0.0000E+00
 0.0000E+00 9.4958E-04 2.4448E-03 7.2434E-03 1.7473E-02 3.6374E-02 6.1325E-02 8.1923E-02 8.7128E-02 8.8635E-02 9.6441E-02 1.1062E-01 1.3512E-01 1.6699E-01 1.7682E-01 1.9434E-01 1.8212E-01 1.8446E-01 1.5874E-01 8.2233E-02 2.5652E-02 9.7450E-03 4.3321E-03 1.3855E-03 0.0000E+00
 0.0000E+00 9.8649E-04 2.5665E-03 7.5169E-03 1.7455E-02 3.4791E-02 6.0125E-02 8.0380E-02 8.3703E-02 8.9018E-02 9.3590E-02 1.1157E-01 1.3881E-01 1.6280E-01 1.7798E-01 1.9274E-01 1.8365E-01 1.8349E-01 1.5478E-01 8.1243E-02 2.6583E-02 9.2380E-03 3.9314E-03 1.3935E-03 0.0000E+00
 0.0000E+00 9.6547E-04 2.4076E-03 7.1028E-03 1.6772E-02 3.4987E-02 5.8852E-02 8.0585E-02 8.4297E-02 8.6474E-02 9.2647E-02 1.0938E-01 1.3260E-01 1.6151E-01 1.7897E-01 1.8750E-01 1.7812E-01 1.8499E-01 1.5554E-01 7.9228E-02 2.4747E-02 9.6598E-03 3.9491E-03 1.3039E-03 0.0000E+00
 0.0000E+00 9.1112E-04 2.5063E-03 7.3086E-03 1.5905E-02 3.4251E-02 5.9569E-02 7.9633E-02 8.3338E-02 8.7206E-02 9.1878E-02 1.0683E-01 1.2859E-01 1.5920E-01 1.7671E-01 1.8670E-01 1.7646E-01 1.8167E-01 1.5262E-01 8.0166E-02 2.4674E-02 8.3003E-03 4.1230E-03 1.2728E-03 0.0000E+00
 0.0000E+00 9.3061E-04 2.3489E-03 6.9070E-03 1.5970E-02 3.3446E-02 5.7868E-02 7.9030E-02 8.1830E-02 8.4128E-02 9.1448E-02 1.0304E-01 1.3002E-01 1.5915E-01 1.7675E-01 1.8620E-01 1.7731E-01 1.7857E-01 1.5210E-01 7.9588E-02 2.5216E-02 9.2515E-03 3.7676E-03 1.2888E-03 0.0000E+00
 0.0000E+00 1.0044E-03 2.3875E-03 6.8468E-03 1.5183E-02 3.1552E-02 5.6674E-02 7.6559E-02 7.9423E-02 8.4874E-02 8.7964E-02 1.0191E-01 1.2851E-01 1.5609E-01 1.7475E-01 1.8567E-01 1.7263E-01 1.7962E-01 1.5124E-01 7.6110E-02 2.3571E-02 8.5560E-03 3.6819E-03 1.3252E-03 0.0000E+00
 0.0000E+00 9.0856E-04 2.4119E-03 6.6410E-03 1.5266E-02 3.3041E-02 5.4923E-02 7.7001E-02 7.9123E-02 8.2583E-02 8.6727E-02 1.0041E-01 1.2409E-01 1.5157E-01 1.7314E-01 1.8344E-01 1.7564E-01 1.7743E-01 1.4813E-01 7.2887E-02 2.1920E-02 8.8207E-03 3.6542E-03 1.2506E-03 0.0000E+00
 0.0000E+00 8.6703E-04 2.1499E-03 6.4452E-03 1.4492E-02 3.1528E-02 5.4284E-02 7.5383E-02 7.7727E-02 8.2774E-02 8.6018E-02 9.9858E-02 1.2332E-01 1.5350E-01 1.6869E-01 1.8070E-01 1.7356E-01 1.7295E-01 1.4640E-01 7.2572E-02 2.2369E-02 8.2420E-03 3.5610E-03 1.2062E-03 0.0000E+00
 0.0000E+00 9.1112E-04 2.1943E-03 6.4703E-03 1.4225E-02 3.1910E-02 5.3073E-02 7.4238E-02 7.7903E-02 8.1188E-02 8.2496E-02 9.8083E-02 1.2325E-01 1.4754E-01 1.6723E-01 1.7815E-01 1.6992E-01 1.7287E-01 1.4229E-01 7.3229E-02 2.3736E-02 8.3541E-03 3.4803E-03 1.3563E-03 0.0000E+00
 0.0000E+00 8.5267E-04 2.1986E-03 6.0562E-03 1.3481E-02 3.0593E-02 5.2389E-02 7.2216E-02 7.7668E-02 7.9294E-02 8.4117E-02 9.6521E-02 1.2102E-01 1.4981E-01 1.6456E-01 1.7920E-01 1.6855E-01 1.7622E-01 1.4376E-01 7.2082E-02 2.1960E-02 8.1433E-03 3.6920E-03 1.2346E-03 0.0000E+00
 0.0000E+00 8.9471E-04 2.1299E-03 5.8881E-03 1.3817E-02 2.9569E-02 5.1511E-02 7.3199E-02 7.5260E-02 7.8664E-02 8.1591E-02 9.5239E-02 1.1867E-01 1.4600E-01 1.6357E-01 1.7296E-01 1.6909E-01 1.6618E-01 1.3948E-01 7.1162E-02 2.1781E-02 8.0401E-03 3.3669E-03 1.1716E-03 0.0000E+00
 0.0000E+00 9.1112E-04 2.0025E-03 5.6220E-03 1.4016E-02 2.8805E-02 5.0055E-02 6.9005E-02 7.4836E-02 7.7707E-02 8.1666E-02 9.3600E-02 1.1776E-01 1.4374E-01 1.6308E-01 1.7303E-01 1.6498E-01 1.6563E-01 1.4009E-01 6.9034E-02 2.1471E-02 8.3900E-03 3.4904E-03 1.1290E-03 0.0000E+00
 0.0000E+00 8.3626E-04 2.0669E-03 5.5568E-03 1.3423E-02 2.8614E-02 4.9060E-02 6.9229E-02 7.4340E-02 7.5361E-02 7.9192E-02 9.1851E-02 1.1444E-01 1.4459E-01 1.6202E-01 1.7284E-01 1.6751E-01 1.6861E-01 1.3576E-01 6.7659E-02 2.0685E-02 7.7978E-03 3.0947E-03 1.1707E-03 0.0000E+00
 0.0000E+00 8.4806E-04 1.9295E-03 5.4790E-03 1.2621E-02 2.9201E-02 4.8332E-02 6.7206E-02 7.3655E-02 7.7180E-02 7.6847E-02 9.0017E-02 1.1155E-01 1.4248E-01 1.5956E-01 1.7416E-01 1.6747E-01 1.6521E-01 1.3380E-01 6.8736E-02 2.0150E-02 7.3132E-03 3.0796E-03 1.1477E-03 0.0000E+00
 0.0000E+00 7.8550E-04 1.9095E-03 5.6396E-03 1.2628E-02 2.8219E-02 4.8049E-02 6.8731E-02 7.2729E-02 7.4766E-02 7.7209E-02 8.9287E-02 1.1190E-01 1.4306E-01 1.5350E-01 1.6591E-01 1.6606E-01 1.6228E-01 1.3225E-01 6.6371E-02 1.9833E-02 7.3087E-03 2.9587E-03 1.0882E-03 0.0000E+00
 0.0000E+00 8.2037E-04 2.0383E-03 5.1928E-03 1.2032E-02 2.6999E-02 4.6454E-02 6.5881E-02 7.0106E-02 7.2982E-02 7.6145E-02 8.6697E-02 1.1154E-01 1.3883E-01 1.5402E-01 1.6758E-01 1.6339E-01 1.6043E-01 1.3374E-01 6.3192E-02 2.0645E-02 7.1876E-03 2.9738E-03 1.0846E-03 0.0000E+00
 0.0000E+00 8.1063E-04 1.9052E-03 4.9745E-03 1.2028E-02 2.6291E-02 4.7182E-02 6.6789E-02 6.9721E-02 7.2852E-02 7.5564E-02 8.5967E-02 1.0949E-01 1.3218E-01 1.5700E-01 1.6473E-01 1.5958E-01 1.6008E-01 1.3037E-01 6.3113E-02 1.9866E-02 7.4344E-03 3.0091E-03 1.0909E-03 0.0000E+00
 0.0000E+00 7.9166E-04 1.9266E-03 5.4338E-03 1.1703E-02 2.6189E-02 4.5309E-02 6.4001E-02 6.7679E-02 7.1046E-02 7.2450E-02 8.1433E-02 1.0952E-01 1.3426E-01 1.5175E-01 1.6545E-01 1.5792E-01 1.5856E-01 1.2649E-01 6.1659E-02 1.9298E-02 6.9722E-03 2.9637E-03 1.0953E-03 0.0000E+00
 0.0000E+00 7.4910E-04 2.0254E-03 4.9644E-03 1.1248E-02 2.5724E-02 4.3847E-02 6.3958E-02 6.8560E-02 7.0246E-02 7.2186E-02 8.1416E-02 1.0683E-01 1.3007E-01 1.4907E-01 1.6402E-01 1.5763E-01 1.5225E-01 1.3007E-01 6.5495E-02 1.8823E-02 6.6268E-03 2.6991E-03 1.0234E-03 0.0000E+00
 0.0000E+00 7.8089E-04 1.8422E-03 4.9895E-03 1.0746E-02 2.5267E-02 4.4359E-02 6.0349E-02 6.7848E-02 7.0185E-02 6.9297E-02 7.9633E-02 1.0454E-01 1.2907E-01 1.4948E-01 1.6067E-01 1.5150E-01 1.5599E-01 1.2547E-01 6.0897E-02 1.8294E-02 6.6447E-03 2.6840E-03 1.0394E-03 0.0000E+00
 0.0000E+00 7.9678E-04 1.8722E-03 4.7235E-03 1.1161E-02 2.4946E-02 4.3597E-02 6.2396E-02 6.5167E-02 6.7347E-02 7.1726E-02 8.1459E-02 1.0315E-01 1.2791E-01 1.4474E-01 1.6348E-01 1.5012E-01 1.4956E-01 1.2613E-01 5.9172E-02 1.8433E-02 6.3217E-03 2.6436E-03 1.0953E-03 0.0000E+00
 0.0000E+00 7.7781E-04 1.7119E-03 4.8716E-03 1.0225E-02 2.3894E-02 4.1263E-02 6.1743E-02 6.5695E-02 6.5842E-02 6.9342E-02 7.8852E-02 1.0304E-01 1.2508E-01 1.4319E-01 1.6022E-01 1.5217E-01 1.5182E-01 1.1993E-01 5.9575E-02 1.8387E-02 6.4159E-03 2.6940E-03 9.4352E-04 0.0000E+00
 0.0000E+00 7.7063E-04 1.7434E-03 4.7712E-03 9.9182E-03 2.4043E-02 4.1285E-02 5.7860E-02 6.3979E-02 6.6232E-02 6.7849E-02 7.9081E-02 9.9878E-02 1.2467E-01 1.4043E-01 1.5765E-01 1.5234E-01 1.4960E-01 1.1759E-01 5.8813E-02 1.7119E-02 6.4383E-03 2.4723E-03 9.7547E-04 0.0000E+00
 0.0000E+00 7.5166E-04 1.6260E-03 4.2767E-03 9.9471E-03 2.3191E-02 4.1708E-02 5.8669E-02 6.3281E-02 6.5671E-02 6.6265E-02 7.5643E-02 9.9504E-02 1.2194E-01 1.4086E-01 1.5693E-01 1.5180E-01 1.5020E-01 1.1687E-01 5.6246E-02 1.6828E-02 6.1916E-03 2.4143E-03 1.0420E-03 0.0000E+00
 0.0000E+00 7.3064E-04 1.7177E-03 4.3269E-03 9.6183E-03 2.2176E-02 4.0407E-02 5.6403E-02 6.2250E-02 6.3045E-02 6.4342E-02 7.3342E-02 9.4118E-02 1.2270E-01 1.3938E-01 1.4945E-01 1.4791E-01 1.5182E-01 1.1694E-01 5.5073E-02 1.6293E-02 6.1288E-03 2.4345E-03 9.1955E-04 0.0000E+00
 0.0000E+00 7.5012E-04 1.5817E-03 4.5428E-03 9.7556E-03 2.1753E-02 3.8346E-02 5.6291E-02 6.0730E-02 6.2272E-02 6.4108E-02 7.2790E-02 9.4291E-02 1.2177E-01 1.3825E-01 1.4931E-01 1.4774E-01 1.4275E-01 1.1409E-01 5.6588E-02 1.6993E-02 6.1512E-03 2.4949E-03 9.5417E-04 0.0000E+00
 0.0000E+00 7.0706E-04 1.5058E-03 4.1814E-03 8.8342E-03 2.1604E-02 3.7606E-02 5.4873E-02 6.0750E-02 6.0898E-02 6.4304E-02 7.2136E-02 9.2371E-02 1.1575E-01 1.3738E-01 1.5165E-01 1.4834E-01 1.4417E-01 1.1205E-01 5.5353E-02 1.6478E-02 6.1961E-03 2.4269E-03 9.0180E-04 0.0000E+00
 0.0000E+00 7.1218E-04 1.5216E-03 4.0935E-03 9.0257E-03 2.1115E-02 3.6828E-02 5.4736E-02 5.9432E-02 6.2245E-02 6.2600E-02 7.0548E-02 9.1220E-02 1.1642E-01 1.3585E-01 1.4982E-01 1.4958E-01 1.4389E-01 1.1026E-01 5.3890E-02 1.6069E-02 5.8640E-03 2.2404E-03 9.0446E-04 0.0000E+00
 0.0000E+00 7.1372E-04 1.5903E-03 4.0007E-03 8.8451E-03 2.0556E-02 3.6617E-02 5.3410E-02 5.9575E-02 5.9975E-02 6.1974E-02 6.9614E-02 9.2083E-02 1.1669E-01 1.3033E-01 1.4836E-01 1.4153E-01 1.4053E-01 1.0784E-01 5.4249E-02 1.5989E-02 5.6577E-03 2.2026E-03 9.0801E-04 0.0000E+00
 0.0000E+00 7.1577E-04 1.4715E-03 3.9580E-03 8.7078E-03 2.1269E-02 3.5434E-02 5.3989E-02 5.8173E-02 5.7670E-02 5.9884E-02 6.7585E-02 8.9002E-02 1.1491E-01 1.3347E-01 1.4563E-01 1.3922E-01 1.4008E-01 1.0697E-01 5.1569E-02 1.5626E-02 5.8865E-03 2.2329E-03 9.2310E-04 0.0000E+00
 0.0000E+00 6.9116E-04 1.5187E-03 3.7422E-03 8.0104E-03 2.0812E-02 3.4922E-02 5.0181E-02 5.9523E-02 5.7649E-02 6.0262E-02 6.8179E-02 8.7543E-02 1.1455E-01 1.2658E-01 1.4404E-01 1.4008E-01 1.3876E-01 1.0698E-01 5.2112E-02 1.4774E-02 5.6218E-03 2.0842E-03 8.7695E-04 0.0000E+00
 0.0000E+00 7.1270E-04 1.3197E-03 3.8676E-03 7.6672E-03 1.9085E-02 3.4694E-02 5.0461E-02 5.7187E-02 5.7629E-02 5.8195E-02 6.5335E-02 8.6458E-02 1.1492E-01 1.2993E-01 1.4357E-01 1.3696E-01 1.3700E-01 1.0633E-01 5.1946E-02 1.4787E-02 5.2135E-03 2.0615E-03 8.0150E-04 0.0000E+00
 0.0000E+00 6.7783E-04 1.4672E-03 3.7673E-03 7.9707E-03 1.8629E-02 3.4733E-02 4.9596E-02 5.4936E-02 5.5906E-02 5.8187E-02 6.4443E-02 8.4068E-02 1.0873E-01 1.2878E-01 1.3810E-01 1.4032E-01 1.3643E-01 1.0529E-01 4.8758E-02 1.4431E-02 5.6307E-03 2.1245E-03 8.6896E-04 0.0000E+00
 0.0000E+00 6.7937E-04 1.3827E-03 3.7120E-03 7.7177E-03 1.8862E-02 3.4317E-02 4.9341E-02 5.5602E-02 5.3061E-02 5.7275E-02 6.3620E-02 8.3089E-02 1.0831E-01 1.2886E-01 1.3896E-01 1.3570E-01 1.3443E-01 1.0249E-01 5.0098E-02 1.5217E-02 5.2404E-03 1.9758E-03 9.0180E-04 0.0000E+00
 0.0000E+00 7.1116E-04 1.2782E-03 3.5539E-03 7.6744E-03 1.8625E-02 3.3494E-02 4.7368E-02 5.4936E-02 5.6507E-02 5.8022E-02 6.2584E-02 8.3627E-02 1.0529E-01 1.2372E-01 1.3686E-01 1.3647E-01 1.3089E-01 1.0007E-01 4.8416E-02 1.3400E-02 5.0520E-03 1.8372E-03 8.2990E-04 0.0000E+00
 0.0000E+00 6.6296E-04 1.3770E-03 3.3607E-03 7.4684E-03 1.7619E-02 3.2055E-02 4.7735E-02 5.3821E-02 5.2247E-02 5.4756E-02 6.1523E-02 8.0286E-02 1.0753E-01 1.2246E-01 1.3450E-01 1.3169E-01 1.3068E-01 1.0002E-01 4.7234E-02 1.3645E-02 5.2853E-03 1.9481E-03 8.4766E-04 0.0000E+00
 0.0000E+00 6.8039E-04 1.2439E-03 3.5464E-03 7.3781E-03 1.7126E-02 3.1832E-02 4.5601E-02 5.3129E-02 5.2965E-02 5.3089E-02 6.0266E-02 7.9451E-02 1.0641E-01 1.2221E-01 1.3588E-01 1.3164E-01 1.2790E-01 9.9203E-02 4.5876E-02 1.3949E-02 5.1462E-03 1.9254E-03 8.1925E-04 0.0000E+00
 0.0000E+00 6.2451E-04 1.3312E-03 3.5288E-03 6.9518E-03 1.7265E-02 3.1432E-02 4.5016E-02 5.3364E-02 5.3485E-02 5.3240E-02 5.9409E-02 7.8558E-02 1.0207E-01 1.2091E-01 1.3410E-01 1.2976E-01 1.2648E-01 9.5259E-02 4.5272E-02 1.3493E-02 4.7200E-03 1.8498E-03 7.8197E-04 0.0000E+00
 0.0000E+00 6.0502E-04 1.3884E-03 3.2076E-03 7.3348E-03 1.6721E-02 3.0443E-02 4.3871E-02 5.2190E-02 5.0866E-02 5.1739E-02 5.7982E-02 7.6207E-02 1.0053E-01 1.1871E-01 1.2974E-01 1.3263E-01 1.2613E-01 9.6873E-02 4.4878E-02 1.3202E-02 4.8366E-03 1.8599E-03 8.6630E-04 0.0000E+00
 0.0000E+00 6.8911E-04 1.3383E-03 3.3155E-03 6.7241E-03 1.6427E-02 3.0749E-02 4.4798E-02 5.1022E-02 4.9511E-02 4.9446E-02 5.5223E-02 7.5477E-02 9.8970E-02 1.1779E-01 1.3329E-01 1.3202E-01 1.2493E-01 9.6472E-02 4.4186E-02 1.2555E-02 4.7424E-03 1.8120E-03 7.3227E-04 0.0000E+00
 0.0000E+00 6.3271E-04 1.3183E-03 3.0243E-03 6.4387E-03 1.6139E-02 2.8415E-02 4.3242E-02 4.9612E-02 4.9491E-02 5.0306E-02 5.6394E-02 7.6437E-02 9.9964E-02 1.1475E-01 1.3057E-01 1.2747E-01 1.2219E-01 9.5150E-02 4.4764E-02 1.2951E-02 4.2668E-03 1.7137E-03 7.7665E-04 0.0000E+00
 0.0000E+00 5.9169E-04 1.1566E-03 3.1021E-03 6.3050E-03 1.6567E-02 2.9793E-02 4.2079E-02 5.0023E-02 4.9970E-02 4.9612E-02 5.5859E-02 7.4258E-02 1.0055E-01 1.1524E-01 1.2852E-01 1.2667E-01 1.2142E-01 9.0773E-02 4.3845E-02 1.2066E-02 4.5809E-03 1.7439E-03 7.0653E-04 0.0000E+00
 0.0000E+00 6.2963E-04 1.2381E-03 2.8210E-03 6.4170E-03 1.5133E-02 2.8081E-02 4.1550E-02 5.0545E-02 4.9785E-02 4.8594E-02 5.3788E-02 7.2405E-02 9.4909E-02 1.1265E-01 1.2682E-01 1.2448E-01 1.1774E-01 9.2062E-02 4.1891E-02 1.2073E-02 4.1008E-03 1.6961E-03 7.4825E-04 0.0000E+00
 0.0000E+00 6.2194E-04 1.0907E-03 2.8963E-03 5.8353E-03 1.5050E-02 2.7887E-02 4.1114E-02 4.8347E-02 4.6277E-02 4.7915E-02 5.2429E-02 7.1436E-02 9.6843E-02 1.1248E-01 1.2557E-01 1.2322E-01 1.1882E-01 8.9862E-02 4.2986E-02 1.2542E-02 4.5181E-03 1.6885E-03 7.8464E-04 0.0000E+00
 0.0000E+00 6.0092E-04 1.1666E-03 2.7959E-03 5.5354E-03 1.5236E-02 2.7759E-02 3.9739E-02 4.7159E-02 4.7159E-02 4.5841E-02 5.2913E-02 7.2405E-02 9.2523E-02 1.1203E-01 1.2701E-01 1.2519E-01 1.1855E-01 8.8909E-02 4.1532E-02 1.1736E-02 4.0739E-03 1.5348E-03 7.8020E-04 0.0000E+00
 0.0000E+00 5.9220E-04 1.1122E-03 2.7458E-03 5.9401E-03 1.3951E-02 2.6097E-02 3.9589E-02 4.6350E-02 4.5552E-02 4.6459E-02 5.1436E-02 6.9526E-02 9.1875E-02 1.1131E-01 1.2295E-01 1.1976E-01 1.1744E-01 8.8324E-02 3.9299E-02 1.1023E-02 4.3117E-03 1.6381E-03 7.3493E-04 0.0000E+00
 0.0000E+00 6.0143E-04 1.0163E-03 2.6203E-03 5.3945E-03 1.4119E-02 2.4952E-02 3.8556E-02 4.5554E-02 4.3876E-02 4.2688E-02 5.0290E-02 6.8412E-02 9.1399E-02 1.0994E-01 1.2070E-01 1.2008E-01 1.1122E-01 8.4574E-02 3.9422E-02 1.0871E-02 3.9482E-03 1.5474E-03 6.9588E-04 0.0000E+00
 0.0000E+00 5.9528E-04 9.9195E-04 2.6002E-03 5.9762E-03 1.3653E-02 2.5080E-02 3.8351E-02 4.4328E-02 4.4895E-02 4.4438E-02 5.0663E-02 6.4841E-02 8.9769E-02 1.0595E-01 1.1917E-01 1.1819E-01 1.1416E-01 8.2180E-02 3.9220E-02 1.1373E-02 3.8899E-03 1.4768E-03 7.2783E-04 0.0000E+00
 0.0000E+00 5.5734E-04 1.0177E-03 2.5023E-03 5.4378E-03 1.3621E-02 2.5152E-02 3.6378E-02 4.3969E-02 4.3377E-02 4.3360E-02 4.7352E-02 6.5955E-02 8.6885E-02 1.0509E-01 1.2059E-01 1.1881E-01 1.0960E-01 8.3892E-02 3.8511E-02 1.1082E-02 4.2264E-03 1.3054E-03 7.0742E-04 0.0000E+00
 0.0000E+00 5.9118E-04 9.9910E-04 2.4948E-03 5.0512E-03 1.2685E-02 2.3897E-02 3.7380E-02 4.4210E-02 4.2953E-02 4.2326E-02 4.7377E-02 6.3565E-02 8.8192E-02 1.0476E-01 1.1853E-01 1.1971E-01 1.1247E-01 8.1335E-02 3.8476E-02 1.1148E-02 4.0514E-03 1.4340E-03 6.4617E-04 0.0000E+00
 0.0000E+00 5.7785E-04 1.0907E-03 2.2538E-03 4.7080E-03 1.2634E-02 2.3369E-02 3.5482E-02 4.4047E-02 4.0997E-02 4.2326E-02 4.7530E-02 6.4083E-02 8.4919E-02 1.0078E-01 1.1770E-01 1.1774E-01 1.0714E-01 8.1150E-02 3.7267E-02 1.0620E-02 3.8675E-03 1.5852E-03 6.1688E-04 0.0000E+00
 0.0000E+00 5.1632E-04 9.9195E-04 2.5073E-03 4.9970E-03 1.2108E-02 2.3280E-02 3.5787E-02 4.2109E-02 4.2126E-02 4.0901E-02 4.5849E-02 6.2874E-02 8.5513E-02 1.0253E-01 1.1342E-01 1.1532E-01 1.0711E-01 8.1963E-02 3.8248E-02 1.1043E-02 3.8495E-03 1.4365E-03 6.1422E-04 0.0000E+00
 0.0000E+00 6.0143E-04 9.8050E-04 2.3492E-03 4.4803E-03 1.2261E-02 2.3385E-02 3.3423E-02 4.2116E-02 4.1688E-02 3.9815E-02 4.5034E-02 6.3392E-02 8.3040E-02 1.0084E-01 1.1250E-01 1.1238E-01 1.0657E-01 7.6729E-02 3.5366E-02 9.9727E-03 3.6656E-03 1.3332E-03 6.4528E-04 0.0000E+00
 0.0000E+00 5.4196E-04 9.5330E-04 2.2212E-03 4.4876E-03 1.1791E-02 2.3269E-02 3.4306E-02 4.1829E-02 3.9288E-02 3.9400E-02 4.5909E-02 6.1952E-02 8.1712E-02 9.7264E-02 1.1175E-01 1.1371E-01 1.0373E-01 7.8636E-02 3.4972E-02 1.0072E-02 3.6880E-03 1.3483E-03 6.4440E-04 0.0000E+00
 0.0000E+00 5.3734E-04 9.0893E-04 2.1961E-03 4.6249E-03 1.1796E-02 2.2535E-02 3.3385E-02 4.1150E-02 3.8857E-02 3.8276E-02 4.4185E-02 5.8448E-02 8.2716E-02 1.0147E-01 1.1135E-01 1.1464E-01 1.0521E-01 7.6057E-02 3.5305E-02 1.0065E-02 3.6521E-03 1.3256E-03 6.4351E-04 0.0000E+00
 0.0000E+00 5.1837E-04 8.5883E-04 2.0656E-03 4.1660E-03 1.1242E-02 2.1579E-02 3.3000E-02 3.9910E-02 3.9561E-02 3.7907E-02 4.2750E-02 6.1146E-02 7.9379E-02 9.4849E-02 1.1051E-01 1.1021E-01 1.0528E-01 7.6751E-02 3.5182E-02 9.7019E-03 3.2708E-03 1.2777E-03 6.4351E-04 0.0000E+00
 0.0000E+00 5.6195E-04 8.8173E-04 2.2287E-03 4.0648E-03 1.1516E-02 1.9823E-02 3.1655E-02 3.9558E-02 3.6963E-02 3.6685E-02 4.0763E-02 5.8967E-02 7.8807E-02 9.6110E-02 1.0888E-01 1.1014E-01 1.0197E-01 7.2926E-02 3.3510E-02 9.0547E-03 3.2169E-03 1.1114E-03 6.1422E-04 0.0000E+00
 0.0000E+00 5.2965E-04 7.9299E-04 2.0681E-03 4.3430E-03 1.0688E-02 2.1612E-02 3.1375E-02 4.0426E-02 3.7530E-02 3.7861E-02 4.0092E-02 5.7124E-02 7.8364E-02 9.5221E-02 1.0855E-01 1.0998E-01 1.0007E-01 7.5992E-02 3.4123E-02 9.2000E-03 3.2483E-03 1.1240E-03 5.5297E-04 0.0000E+00
 0.0000E+00 4.9632E-04 8.5024E-04 2.0932E-03 4.0215E-03 1.0460E-02 2.0068E-02 3.0741E-02 3.7960E-02 3.6518E-02 3.5335E-02 3.9184E-02 5.5300E-02 7.5912E-02 9.4043E-02 1.0814E-01 1.0809E-01 9.9489E-02 7.1734E-02 3.2818E-02 9.2924E-03 3.6342E-03 1.0811E-03 5.4321E-04 0.0000E+00
 0.0000E+00 5.1734E-04 8.2591E-04 1.9376E-03 3.4542E-03 1.0581E-02 1.9684E-02 2.9558E-02 3.8149E-02 3.5116E-02 3.6217E-02 3.9362E-02 5.3371E-02 7.5027E-02 9.1784E-02 1.0579E-01 1.0704E-01 1.0002E-01 7.5060E-02 3.1889E-02 8.8565E-03 3.3336E-03 1.2298E-03 5.7161E-04 0.0000E+00
 0.0000E+00 5.0453E-04 8.0873E-04 1.8799E-03 3.7035E-03 1.0213E-02 1.9962E-02 3.0454E-02 3.7738E-02 3.5588E-02 3.3962E-02 3.7766E-02 5.3745E-02 7.2284E-02 9.2553E-02 1.0315E-01 1.0627E-01 9.8349E-02 7.0802E-02 3.1933E-02 9.3519E-03 3.0913E-03 1.1114E-03 5.9824E-04 0.0000E+00
 0.0000E+00 5.0248E-04 7.2142E-04 1.9301E-03 3.7902E-03 1.0153E-02 1.9645E-02 2.8606E-02 3.7105E-02 3.4282E-02 3.4724E-02 3.8072E-02 5.3927E-02 7.2651E-02 9.1304E-02 1.0269E-01 1.0430E-01 9.7082E-02 7.2146E-02 3.1951E-02 8.6980E-03 3.2124E-03 1.0559E-03 5.8315E-04 0.0000E+00
 0.0000E+00 4.6351E-04 8.3020E-04 1.8171E-03 3.2699E-03 9.8360E-03 1.8561E-02 2.9378E-02 3.6622E-02 3.3646E-02 3.3909E-02 3.6654E-02 5.3323E-02 7.2932E-02 8.8480E-02 1.0142E-01 1.0581E-01 9.4283E-02 6.7985E-02 3.2222E-02 8.8962E-03 3.2663E-03 1.0156E-03 5.4499E-04 0.0000E+00
 0.0000E+00 4.8709E-04 7.3000E-04 1.8824E-03 3.5048E-03 9.1564E-03 1.9056E-02 2.8948E-02 3.6009E-02 3.4993E-02 3.2552E-02 3.6246E-02 5.1998E-02 7.3374E-02 8.7110E-02 1.0047E-01 1.0216E-01 9.4587E-02 6.9957E-02 3.1250E-02 8.2753E-03 3.3695E-03 1.0459E-03 5.7871E-04 0.0000E+00
 0.0000E+00 4.8350E-04 7.8869E-04 1.7268E-03 3.4253E-03 9.4171E-03 1.8161E-02 2.7225E-02 3.4984E-02 3.2613E-02 3.1451E-02 3.6459E-02 5.0491E-02 7.0394E-02 8.6196E-02 9.7452E-02 1.0203E-01 9.5018E-02 6.6869E-02 3.0076E-02 8.1697E-03 2.8984E-03 1.0408E-03 5.2191E-04 0.0000E+00
 0.0000E+00 4.8914E-04 7.7438E-04 1.7669E-03 3.2627E-03 9.0679E-03 1.7261E-02 2.6870E-02 3.3706E-02 3.2189E-02 3.0794E-02 3.6425E-02 4.9473E-02 6.6873E-02 8.4586E-02 9.5115E-02 1.0225E-01 9.1547E-02 6.5828E-02 2.8990E-02 8.1036E-03 3.0419E-03 1.0963E-03 4.9617E-04 0.0000E+00
 0.0000E+00 4.8863E-04 7.9155E-04 1.7318E-03 3.0278E-03 8.9795E-03 1.7289E-02 2.5806E-02 3.4339E-02 3.2504E-02 3.1028E-02 3.5482E-02 4.8235E-02 6.9908E-02 8.4887E-02 9.7216E-02 9.7293E-02 8.9545E-02 6.6186E-02 2.9122E-02 8.1102E-03 2.8939E-03 9.0473E-04 4.7220E-04 0.0000E+00
 0.0000E+00 4.4454E-04 6.8706E-04 1.6414E-03 3.1435E-03 8.4488E-03 1.6239E-02 2.5545E-02 3.3425E-02 3.2408E-02 3.0259E-02 3.3996E-02 4.9464E-02 6.7607E-02 8.1246E-02 9.3696E-02 9.6030E-02 8.9583E-02 6.4160E-02 2.7834E-02 7.9517E-03 2.8535E-03 8.9465E-04 4.7842E-04 0.0000E+00
 0.0000E+00 4.3531E-04 7.1426E-04 1.4858E-03 3.1109E-03 9.0586E-03 1.5794E-02 2.5856E-02 3.2871E-02 3.0760E-02 2.9015E-02 3.2043E-02 4.9128E-02 6.6754E-02 7.9888E-02 9.8687E-02 9.6294E-02 8.9089E-02 6.4181E-02 2.8412E-02 8.5725E-03 3.1048E-03 1.0509E-03 5.3611E-04 0.0000E+00
 0.0000E+00 4.2813E-04 6.8706E-04 1.5059E-03 2.9664E-03 8.1835E-03 1.6000E-02 2.5812E-02 3.2994E-02 3.0842E-02 2.9324E-02 3.2137E-02 4.7909E-02 6.5490E-02 8.1810E-02 9.4327E-02 9.6155E-02 8.6163E-02 5.9825E-02 2.8044E-02 8.3546E-03 2.9432E-03 8.7449E-04 5.3167E-04 0.0000E+00
 0.0000E+00 4.5530E-04 6.2408E-04 1.3879E-03 2.9989E-03 8.2626E-03 1.5338E-02 2.4163E-02 3.1526E-02 3.0719E-02 2.8290E-02 3.2892E-02 4.5499E-02 6.4853E-02 7.9107E-02 9.1385E-02 9.7126E-02 8.8342E-02 6.1591E-02 2.7694E-02 7.5158E-03 2.9073E-03 9.2741E-04 4.8374E-04 0.0000E+00
 0.0000E+00 4.4249E-04 6.1120E-04 1.4206E-03 2.9194E-03 8.3045E-03 1.5060E-02 2.3609E-02 3.2407E-02 2.9091E-02 2.8200E-02 3.1780E-02 4.4491E-02 6.0209E-02 7.7376E-02 9.0046E-02 9.5947E-02 8.6645E-02 5.9836E-02 2.8631E-02 7.5422E-03 2.8266E-03 8.6189E-04 5.1924E-04 0.0000E+00
 0.0000E+00 4.5838E-04 6.1836E-04 1.3252E-03 2.7641E-03 7.6994E-03 1.4960E-02 2.4561E-02 3.0894E-02 2.9406E-02 2.7559E-02 2.9496E-02 4.2303E-02 6.2499E-02 7.7905E-02 8.7616E-02 9.3768E-02 8.2857E-02 5.9966E-02 2.6661E-02 7.6215E-03 2.7503E-03 8.6945E-04 5.0859E-04 0.0000E+00
 0.0000E+00 4.7376E-04 6.3267E-04 1.3578E-03 2.3775E-03 7.2059E-03 1.4605E-02 2.2682E-02 3.0117E-02 2.9468E-02 2.7785E-02 2.9649E-02 4.2572E-02 6.1084E-02 7.6018E-02 8.8851E-02 9.5419E-02 8.3528E-02 5.8384E-02 2.6897E-02 6.9677E-03 2.5215E-03 9.5766E-04 4.8108E-04 0.0000E+00
 0.0000E+00 4.4556E-04 6.3840E-04 1.4457E-03 2.6304E-03 7.1827E-03 1.3854E-02 2.3603E-02 2.9047E-02 2.7943E-02 2.8306E-02 2.9505E-02 4.4539E-02 6.1451E-02 7.3663E-02 8.6146E-02 9.1186E-02 8.2490E-02 5.7149E-02 2.5434E-02 7.0469E-03 2.5080E-03 8.1149E-04 5.2723E-04 0.0000E+00
 0.0000E+00 4.4402E-04 6.7704E-04 1.3980E-03 2.3450E-03 7.6109E-03 1.4088E-02 2.1413E-02 3.0385E-02 2.6876E-02 2.6978E-02 2.8698E-02 4.3311E-02 6.1624E-02 7.5273E-02 8.4307E-02 9.1644E-02 8.1856E-02 5.5491E-02 2.4874E-02 7.2517E-03 2.5529E-03 7.8377E-04 4.9262E-04 0.0000E+00
 0.0000E+00 3.8865E-04 5.9116E-04 1.2650E-03 2.2402E-03 6.6473E-03 1.3938E-02 2.1655E-02 2.8421E-02 2.6301E-02 2.6352E-02 2.7255E-02 4.1381E-02 5.9043E-02 7.6078E-02 8.4517E-02 8.8188E-02 7.9994E-02 5.5816E-02 2.5539E-02 7.0799E-03 2.5439E-03 7.9385E-04 4.3581E-04 0.0000E+00
 0.0000E+00 4.3428E-04 5.6826E-04 1.1169E-03 2.4208E-03 6.6566E-03 1.3843E-02 2.1257E-02 2.8427E-02 2.6315E-02 2.7038E-02 2.7263E-02 3.9039E-02 5.8568E-02 7.2473E-02 8.5450E-02 8.7480E-02 8.0248E-02 5.4927E-02 2.4252E-02 6.6969E-03 2.4542E-03 8.2157E-04 4.4735E-04 0.0000E+00
 0.0000E+00 4.0301E-04 5.6540E-04 1.2047E-03 2.2438E-03 6.8335E-03 1.3354E-02 2.1238E-02 2.7827E-02 2.6329E-02 2.4316E-02 2.7917E-02 4.1660E-02 5.7434E-02 7.0370E-02 8.0735E-02 8.7119E-02 7.7119E-02 5.3399E-02 2.5049E-02 6.1289E-03 2.4407E-03 6.8800E-04 4.3670E-04 0.0000E+00
 0.0000E+00 3.8609E-04 5.8400E-04 1.1721E-03 2.0523E-03 6.6427E-03 1.2693E-02 2.0473E-02 2.7775E-02 2.6253E-02 2.3878E-02 2.7382E-02 3.7839E-02 5.4680E-02 7.3326E-02 8.4741E-02 9.0478E-02 7.7600E-02 5.3562E-02 2.4497E-02 6.4525E-03 2.5664E-03 6.8800E-04 4.3492E-04 0.0000E+00
 0.0000E+00 4.1839E-04 5.4536E-04 1.2072E-03 2.1968E-03 6.5635E-03 1.2698E-02 2.0790E-02 2.8336E-02 2.4995E-02 2.3728E-02 2.7102E-02 3.9990E-02 5.5479E-02 6.9469E-02 7.9803E-02 8.4427E-02 7.4433E-02 5.3920E-02 2.3008E-02 6.4063E-03 2.3241E-03 7.6612E-04 4.3581E-04 0.0000E+00
 0.0000E+00 4.0044E-04 5.4679E-04 1.2298E-03 2.1029E-03 6.4332E-03 1.2221E-02 1.9291E-02 2.6927E-02 2.5111E-02 2.3893E-02 2.6109E-02 3.8108E-02 5.4626E-02 6.7054E-02 8.3322E-02 8.3691E-02 7.4978E-02 5.1937E-02 2.2167E-02 6.1091E-03 2.3196E-03 7.5352E-04 3.5415E-04 0.0000E+00
 0.0000E+00 3.8865E-04 5.1100E-04 1.0993E-03 1.9872E-03 6.1260E-03 1.2348E-02 2.0087E-02 2.5739E-02 2.4879E-02 2.3079E-02 2.4623E-02 3.7187E-02 5.3513E-02 6.8880E-02 7.9028E-02 8.3913E-02 7.2976E-02 5.0831E-02 2.2465E-02 6.2742E-03 2.2702E-03 6.2248E-04 4.3137E-04 0.0000E+00
 0.0000E+00 4.0454E-04 5.2961E-04 1.1194E-03 1.8608E-03 5.9072E-03 1.1715E-02 1.8924E-02 2.7729E-02 2.3600E-02 2.3841E-02 2.5599E-02 3.6217E-02 5.2909E-02 6.7835E-02 7.7255E-02 8.3886E-02 7.4471E-02 5.1319E-02 2.2325E-02 5.9638E-03 2.0818E-03 7.0312E-04 4.2072E-04 0.0000E+00
 0.0000E+00 3.8301E-04 5.4393E-04 1.0717E-03 2.0198E-03 5.7722E-03 1.1237E-02 1.7735E-02 2.7840E-02 2.3162E-02 2.2362E-02 2.4971E-02 3.5401E-02 5.2250E-02 6.6261E-02 8.0368E-02 8.4080E-02 7.3255E-02 4.8610E-02 2.1949E-02 6.3733E-03 2.3106E-03 6.4516E-04 4.3404E-04 0.0000E+00
 0.0000E+00 3.7737E-04 5.0098E-04 1.0441E-03 1.9800E-03 5.7070E-03 1.1292E-02 1.8183E-02 2.4819E-02 2.2827E-02 2.1684E-02 2.3952E-02 3.5382E-02 5.1343E-02 6.5864E-02 7.8503E-02 8.2317E-02 7.1216E-02 5.0062E-02 2.1966E-02 5.6996E-03 2.4542E-03 6.5776E-04 3.9764E-04 0.0000E+00
 0.0000E+00 3.7686E-04 5.1530E-04 9.8887E-04 1.6729E-03 5.4091E-03 1.1543E-02 1.7940E-02 2.4924E-02 2.2773E-02 2.1193E-02 2.3799E-02 3.4480E-02 4.9118E-02 6.6345E-02 7.8857E-02 8.2248E-02 6.8100E-02 4.9455E-02 2.0976E-02 5.7458E-03 2.2074E-03 6.6280E-04 4.1362E-04 0.0000E+00
 0.0000E+00 3.8609E-04 4.7522E-04 9.7381E-04 1.5934E-03 5.1019E-03 1.1520E-02 1.7181E-02 2.5491E-02 2.1733E-02 2.1435E-02 2.3527E-02 3.3616E-02 5.0911E-02 6.3725E-02 7.5693E-02 8.1124E-02 7.0202E-02 4.7190E-02 2.1187E-02 6.0761E-03 2.0459E-03 5.7711E-04 4.2250E-04 0.0000E+00
 0.0000E+00 3.7276E-04 4.6377E-04 9.1358E-04 1.6657E-03 5.0693E-03 1.0526E-02 1.7274E-02 2.4741E-02 2.2526E-02 2.0892E-02 2.2194E-02 3.3462E-02 4.8513E-02 6.4025E-02 7.6743E-02 7.8334E-02 6.7213E-02 4.6865E-02 2.1239E-02 5.4883E-03 1.8889E-03 5.6703E-04 3.5770E-04 0.0000E+00
 0.0000E+00 3.7891E-04 4.0794E-04 7.7805E-04 1.8789E-03 5.0972E-03 1.0615E-02 1.6721E-02 2.4167E-02 2.1330E-02 1.9964E-02 2.1252E-02 3.3990E-02 4.8545E-02 6.3857E-02 7.4616E-02 7.7959E-02 7.0899E-02 4.6898E-02 2.0425E-02 5.4024E-03 2.2344E-03 5.0151E-04 3.5859E-04 0.0000E+00
 0.0000E+00 3.6199E-04 4.6090E-04 8.6338E-04 1.3947E-03 4.7853E-03 1.0187E-02 1.6310E-02 2.4402E-02 2.1487E-02 1.9753E-02 2.1226E-02 3.0899E-02 4.7692E-02 6.0589E-02 7.3289E-02 7.7751E-02 6.6985E-02 4.5164E-02 2.0661E-02 5.6732E-03 2.0235E-03 5.8971E-04 3.9321E-04 0.0000E+00
 0.0000E+00 3.6455E-04 4.3514E-04 9.9389E-04 1.4959E-03 5.0041E-03 9.9643E-03 1.5681E-02 2.3521E-02 2.1747E-02 1.9051E-02 2.1091E-02 3.2944E-02 4.6655E-02 6.2187E-02 7.4406E-02 7.8181E-02 6.6415E-02 4.5944E-02 2.0197E-02 5.3892E-03 2.0908E-03 6.3508E-04 3.6392E-04 0.0000E+00
 0.0000E+00 3.4814E-04 4.4802E-04 9.4621E-04 1.5175E-03 5.4091E-03 9.4697E-03 1.5090E-02 2.2320E-02 2.0557E-02 1.9496E-02 2.1693E-02 3.1418E-02 4.4636E-02 6.0276E-02 7.2291E-02 7.6599E-02 6.7720E-02 4.5457E-02 2.0022E-02 5.3364E-03 2.1087E-03 5.2923E-04 3.3729E-04 0.0000E+00
 0.0000E+00 3.7481E-04 4.7236E-04 9.3366E-04 1.3044E-03 4.5898E-03 9.8087E-03 1.5793E-02 2.3064E-02 1.9900E-02 1.8448E-02 1.9987E-02 2.9143E-02 4.7357E-02 6.0000E-02 6.9993E-02 7.7682E-02 6.5933E-02 4.2834E-02 1.9085E-02 5.2241E-03 2.0145E-03 5.5443E-04 3.3817E-04 0.0000E+00
 0.0000E+00 3.5737E-04 4.0222E-04 8.2071E-04 1.5681E-03 4.5153E-03 9.7531E-03 1.4972E-02 2.2209E-02 1.9326E-02 1.8644E-02 1.9469E-02 2.9824E-02 4.2962E-02 5.6767E-02 6.8102E-02 7.4642E-02 6.4667E-02 4.3257E-02 1.8787E-02 5.0061E-03 1.8799E-03 5.3931E-04 3.2486E-04 0.0000E+00
 0.0000E+00 3.6147E-04 4.0508E-04 7.8056E-04 1.3044E-03 4.6364E-03 9.3585E-03 1.3734E-02 2.1727E-02 1.8895E-02 1.8652E-02 1.9851E-02 3.0285E-02 4.2876E-02 5.6815E-02 6.9770E-02 7.2824E-02 6.2817E-02 4.1708E-02 1.7727E-02 5.2373E-03 1.6197E-03 5.5695E-04 3.3462E-04 0.0000E+00
 0.0000E+00 3.3840E-04 4.0222E-04 8.2824E-04 1.2827E-03 4.2500E-03 8.8695E-03 1.5196E-02 2.1668E-02 2.0126E-02 1.7754E-02 1.9452E-02 2.9037E-02 4.4506E-02 5.7152E-02 6.9087E-02 7.2838E-02 6.2070E-02 4.0862E-02 1.8673E-02 4.9863E-03 1.6825E-03 5.0403E-04 3.3285E-04 0.0000E+00
 0.0000E+00 3.2558E-04 3.4067E-04 7.3789E-04 1.2538E-03 4.0219E-03 8.4082E-03 1.4698E-02 2.1798E-02 1.9189E-02 1.7754E-02 1.8909E-02 2.9507E-02 4.2163E-02 5.6407E-02 6.7091E-02 7.4378E-02 6.2247E-02 4.0721E-02 1.7885E-02 4.9731E-03 1.8440E-03 4.7379E-04 3.4173E-04 0.0000E+00
 0.0000E+00 3.5994E-04 3.5785E-04 7.8809E-04 1.3802E-03 4.3105E-03 8.7028E-03 1.3503E-02 2.0507E-02 1.8608E-02 1.7023E-02 1.8790E-02 2.7732E-02 4.2195E-02 5.7296E-02 6.8168E-02 7.1533E-02 6.0487E-02 3.9985E-02 1.8104E-02 4.9797E-03 1.9203E-03 5.0907E-04 3.3729E-04 0.0000E+00
 0.0000E+00 3.6660E-04 3.6643E-04 7.8307E-04 1.3405E-03 3.7799E-03 8.5249E-03 1.3360E-02 2.0585E-02 1.7979E-02 1.6495E-02 1.7907E-02 2.7991E-02 4.0834E-02 5.3919E-02 6.6172E-02 7.3365E-02 6.0474E-02 3.7059E-02 1.8244E-02 5.0920E-03 1.7633E-03 4.5363E-04 3.1510E-04 0.0000E+00
 0.0000E+00 3.3840E-04 3.4496E-04 7.0024E-04 1.1273E-03 3.7799E-03 8.2582E-03 1.3516E-02 2.0233E-02 1.7828E-02 1.6163E-02 1.7176E-02 2.7319E-02 4.0597E-02 5.3114E-02 6.3559E-02 7.1214E-02 6.0284E-02 3.8999E-02 1.7683E-02 4.7420E-03 1.8081E-03 5.4435E-04 2.9646E-04 0.0000E+00
 0.0000E+00 3.4404E-04 3.1777E-04 7.7554E-04 1.0550E-03 3.9242E-03 7.9136E-03 1.2757E-02 1.9495E-02 1.7582E-02 1.6276E-02 1.7312E-02 2.5985E-02 3.9592E-02 5.2658E-02 6.3966E-02 7.0631E-02 5.9030E-02 3.8543E-02 1.7447E-02 5.1581E-03 1.8844E-03 4.2086E-04 3.2664E-04 0.0000E+00
 0.0000E+00 3.2866E-04 3.5785E-04 6.9020E-04 1.0478E-03 3.7333E-03 8.0526E-03 1.2408E-02 1.9058E-02 1.7801E-02 1.5454E-02 1.7159E-02 2.5745E-02 3.7821E-02 5.1240E-02 6.5476E-02 6.9257E-02 5.6636E-02 3.8695E-02 1.7272E-02 4.9203E-03 1.7318E-03 4.7127E-04 2.9735E-04 0.0000E+00
 0.0000E+00 3.4250E-04 3.0059E-04 7.4291E-04 1.1887E-03 3.9149E-03 7.9470E-03 1.2421E-02 1.8706E-02 1.6973E-02 1.5755E-02 1.6336E-02 2.5812E-02 3.7519E-02 5.1059E-02 5.9987E-02 6.9299E-02 5.7738E-02 3.7536E-02 1.6115E-02 4.1872E-03 1.7902E-03 4.6623E-04 3.3462E-04 0.0000E+00
 0.0000E+00 3.1277E-04 3.2063E-04 7.6801E-04 1.0261E-03 3.5052E-03 7.0022E-03 1.2464E-02 1.8412E-02 1.6037E-02 1.4971E-02 1.6650E-02 2.5514E-02 3.7702E-02 4.9701E-02 6.2101E-02 6.8743E-02 5.6015E-02 3.6051E-02 1.5704E-02 4.5703E-03 1.5479E-03 3.5030E-04 2.9912E-04 0.0000E+00
 0.0000E+00 3.1943E-04 3.7359E-04 5.6973E-04 1.0623E-03 3.5145E-03 7.1523E-03 1.1861E-02 1.9384E-02 1.6666E-02 1.4835E-02 1.6845E-02 2.4065E-02 3.7227E-02 4.8488E-02 6.0578E-02 6.9160E-02 5.5812E-02 3.4935E-02 1.5774E-02 4.5240E-03 1.5838E-03 4.5111E-04 2.9646E-04 0.0000E+00
 0.0000E+00 3.2199E-04 3.1920E-04 7.1781E-04 1.0081E-03 3.4540E-03 7.2634E-03 1.1910E-02 1.7897E-02 1.6057E-02 1.4338E-02 1.6574E-02 2.4257E-02 3.7584E-02 4.8295E-02 6.0985E-02 6.5676E-02 5.6306E-02 3.4610E-02 1.6755E-02 4.1344E-03 1.6107E-03 3.4526E-04 3.2397E-04 0.0000E+00
 0.0000E+00 2.7893E-04 3.4926E-04 5.8981E-04 1.1454E-03 3.5843E-03 6.8411E-03 1.1039E-02 1.7897E-02 1.6030E-02 1.3727E-02 1.5224E-02 2.2510E-02 3.6266E-02 4.6805E-02 6.1037E-02 6.7952E-02 5.5901E-02 3.5748E-02 1.4451E-02 4.0947E-03 1.6601E-03 4.3347E-04 3.2131E-04 0.0000E+00
 0.0000E+00 3.3430E-04 3.2206E-04 6.8016E-04 9.1413E-04 3.1561E-03 6.3020E-03 1.1581E-02 1.8719E-02 1.5489E-02 1.3719E-02 1.5657E-02 2.3719E-02 3.5953E-02 4.7166E-02 5.8831E-02 6.5815E-02 5.5179E-02 3.4718E-02 1.4828E-02 4.4514E-03 1.5972E-03 3.6290E-04 3.0445E-04 0.0000E+00
 0.0000E+00 2.9892E-04 2.8055E-04 4.9444E-04 9.5749E-04 3.3237E-03 7.0189E-03 1.1469E-02 1.8197E-02 1.4546E-02 1.4194E-02 1.4561E-02 2.3028E-02 3.3091E-02 4.6805E-02 5.7518E-02 6.4899E-02 5.2873E-02 3.4339E-02 1.4539E-02 3.8107E-03 1.5569E-03 4.0574E-04 2.9735E-04 0.0000E+00
 0.0000E+00 3.1841E-04 2.8771E-04 5.5969E-04 8.1658E-04 2.7651E-03 6.8022E-03 1.0274E-02 1.7636E-02 1.5230E-02 1.2935E-02 1.5028E-02 2.0686E-02 3.4430E-02 4.4330E-02 5.9278E-02 6.2248E-02 5.2924E-02 3.4155E-02 1.4390E-02 3.8174E-03 1.4941E-03 3.7550E-04 2.6007E-04 0.0000E+00
 0.0000E+00 3.1430E-04 2.7483E-04 5.7726E-04 8.8523E-04 2.7697E-03 5.9019E-03 1.0778E-02 1.6970E-02 1.4641E-02 1.3101E-02 1.3237E-02 2.2663E-02 3.3760E-02 4.7707E-02 5.3329E-02 6.2054E-02 5.1037E-02 3.1771E-02 1.3873E-02 4.4448E-03 1.5434E-03 3.3014E-04 2.8492E-04 0.0000E+00
 0.0000E+00 2.8610E-04 2.8055E-04 6.1742E-04 8.3103E-04 3.0397E-03 5.9074E-03 1.0100E-02 1.6651E-02 1.4094E-02 1.2799E-02 1.4502E-02 2.1243E-02 3.3879E-02 4.5688E-02 5.6113E-02 6.1776E-02 5.2481E-02 3.3050E-02 1.4171E-02 4.0353E-03 1.4806E-03 3.2510E-04 2.6539E-04 0.0000E+00
 0.0000E+00 2.9174E-04 2.5765E-04 5.4714E-04 8.5632E-04 2.8721E-03 6.1186E-03 9.6889E-03 1.6938E-02 1.4491E-02 1.1939E-02 1.3525E-02 2.1070E-02 3.1914E-02 4.4726E-02 5.3237E-02 6.2609E-02 5.2531E-02 3.1218E-02 1.4705E-02 3.9693E-03 1.5389E-03 3.1754E-04 2.7161E-04 0.0000E+00
 0.0000E+00 2.8303E-04 2.9773E-04 6.0487E-04 6.9012E-04 2.9094E-03 6.2298E-03 1.0436E-02 1.6187E-02 1.4443E-02 1.2135E-02 1.3525E-02 1.9889E-02 3.2605E-02 4.3969E-02 5.5968E-02 6.2775E-02 5.1011E-02 3.1186E-02 1.3926E-02 3.6258E-03 1.3819E-03 3.6794E-04 2.4942E-04 0.0000E+00
 0.0000E+00 2.9379E-04 2.4333E-04 4.5930E-04 7.7322E-04 2.8070E-03 6.0464E-03 9.7138E-03 1.5861E-02 1.4094E-02 1.2972E-02 1.3288E-02 2.1684E-02 3.3523E-02 4.4378E-02 5.3421E-02 5.8126E-02 4.8997E-02 2.9745E-02 1.3900E-02 4.1278E-03 1.4716E-03 3.3014E-04 2.6273E-04 0.0000E+00
 0.0000E+00 2.9943E-04 2.6337E-04 4.7938E-04 7.6961E-04 2.7371E-03 5.7074E-03 9.3218E-03 1.4948E-02 1.2692E-02 1.1773E-02 1.2430E-02 2.0686E-02 3.1363E-02 4.3573E-02 5.2948E-02 5.9736E-02 4.7642E-02 3.1576E-02 1.3435E-02 3.8504E-03 1.3953E-03 2.5201E-04 2.6184E-04 0.0000E+00
 0.0000E+00 2.7534E-04 2.7196E-04 5.9985E-04 6.3592E-04 2.4997E-03 5.9074E-03 9.1537E-03 1.5424E-02 1.2658E-02 1.1268E-02 1.2651E-02 1.9160E-02 3.0553E-02 4.6481E-02 5.2541E-02 5.7585E-02 4.8275E-02 3.1348E-02 1.1745E-02 3.7315E-03 1.3280E-03 2.5201E-04 2.2456E-04 0.0000E+00
 0.0000E+00 2.7380E-04 2.4190E-04 5.1702E-04 6.6844E-04 2.2996E-03 5.7241E-03 8.9857E-03 1.5450E-02 1.3629E-02 1.2128E-02 1.1972E-02 1.9649E-02 2.9257E-02 4.2095E-02 5.4051E-02 5.9431E-02 4.8301E-02 2.9300E-02 1.2892E-02 3.8041E-03 1.3146E-03 3.6038E-04 2.7516E-04 0.0000E+00
 0.0000E+00 3.0713E-04 2.5908E-04 4.1663E-04 5.7811E-04 2.4858E-03 5.0905E-03 9.3155E-03 1.4902E-02 1.3075E-02 1.1268E-02 1.1683E-02 1.9438E-02 3.0099E-02 4.2131E-02 5.2016E-02 5.7418E-02 4.8085E-02 2.8206E-02 1.3453E-02 3.3616E-03 1.4941E-03 3.2258E-04 2.6894E-04 0.0000E+00
 0.0000E+00 2.6559E-04 2.6194E-04 4.6934E-04 5.2391E-04 2.2716E-03 5.1127E-03 8.7244E-03 1.4869E-02 1.2330E-02 1.0499E-02 1.2320E-02 1.8027E-02 2.9181E-02 3.9619E-02 4.7774E-02 5.7029E-02 4.6096E-02 2.8098E-02 1.2384E-02 4.0287E-03 1.2518E-03 3.5030E-04 2.3433E-04 0.0000E+00
 0.0000E+00 2.7534E-04 2.2330E-04 4.6181E-04 5.4920E-04 2.2856E-03 4.8627E-03 7.8967E-03 1.4654E-02 1.1879E-02 1.1389E-02 1.0910E-02 1.8296E-02 2.8522E-02 4.0064E-02 5.0650E-02 5.7321E-02 4.5463E-02 2.8022E-02 1.2174E-02 3.6456E-03 1.3191E-03 2.9738E-04 2.7871E-04 0.0000E+00
 0.0000E+00 2.6611E-04 1.8179E-04 3.6643E-04 6.7205E-04 2.1553E-03 4.8349E-03 8.4630E-03 1.5013E-02 1.1879E-02 1.0582E-02 1.1666E-02 1.9496E-02 2.7820E-02 3.8177E-02 4.7708E-02 5.7862E-02 4.7021E-02 2.8379E-02 1.2507E-02 3.3947E-03 1.1082E-03 2.6714E-04 1.9882E-04 0.0000E+00
 0.0000E+00 2.8303E-04 2.6767E-04 3.8651E-04 6.6482E-04 2.2623E-03 4.8905E-03 8.7244E-03 1.3884E-02 1.1537E-02 1.0619E-02 1.1590E-02 1.7749E-02 2.7766E-02 4.0028E-02 5.0230E-02 5.6627E-02 4.4399E-02 2.7534E-02 1.2297E-02 3.2494E-03 1.2069E-03 2.6210E-04 2.3699E-04 0.0000E+00
 0.0000E+00 2.7226E-04 2.2473E-04 3.5640E-04 5.3114E-04 2.1832E-03 4.4125E-03 8.3946E-03 1.3173E-02 1.1147E-02 1.0446E-02 1.0375E-02 1.7393E-02 2.7248E-02 3.8225E-02 4.9599E-02 5.5933E-02 4.4868E-02 2.6158E-02 1.1885E-02 3.7183E-03 1.3864E-03 2.8478E-04 2.2012E-04 0.0000E+00
 0.0000E+00 2.5483E-04 2.2330E-04 4.0157E-04 5.7088E-04 2.2809E-03 4.5570E-03 8.2016E-03 1.2932E-02 1.1598E-02 1.0280E-02 1.0783E-02 1.7489E-02 2.7313E-02 3.7841E-02 4.7511E-02 5.5641E-02 4.4310E-02 2.6732E-02 1.1640E-02 3.2031E-03 1.2338E-03 3.2762E-04 2.2811E-04 0.0000E+00
 0.0000E+00 2.6149E-04 2.3045E-04 4.7436E-04 5.1307E-04 1.9318E-03 4.7737E-03 7.9341E-03 1.2592E-02 1.0771E-02 1.0137E-02 1.0061E-02 1.5522E-02 2.7615E-02 3.8213E-02 4.7827E-02 5.4045E-02 4.3322E-02 2.6364E-02 1.1263E-02 3.4409E-03 1.1576E-03 2.3437E-04 2.3255E-04 0.0000E+00
 0.0000E+00 2.5278E-04 1.9181E-04 3.0118E-04 4.4442E-04 2.0110E-03 4.5348E-03 7.7287E-03 1.3440E-02 1.1461E-02 9.7142E-03 9.5349E-03 1.6030E-02 2.6622E-02 3.7396E-02 4.6671E-02 5.2769E-02 4.2410E-02 2.6526E-02 1.1202E-02 3.3286E-03 1.1531E-03 3.1502E-04 2.1835E-04 0.0000E+00
 0.0000E+00 2.2714E-04 2.9916E-04 3.3381E-04 4.6610E-04 1.8480E-03 4.5292E-03 7.1873E-03 1.2912E-02 1.0641E-02 9.6992E-03 1.0460E-02 1.6030E-02 2.5779E-02 3.6543E-02 4.5043E-02 5.2741E-02 4.2550E-02 2.5194E-02 1.1368E-02 3.5466E-03 1.2787E-03 2.9234E-04 2.2279E-04 0.0000E+00
 0.0000E+00 2.6201E-04 2.3904E-04 3.9655E-04 5.4559E-04 1.9132E-03 4.1958E-03 7.4611E-03 1.2579E-02 1.0039E-02 9.3673E-03 1.0036E-02 1.6290E-02 2.6438E-02 3.7288E-02 4.5148E-02 5.1589E-02 4.2233E-02 2.6266E-02 1.0168E-02 3.2494E-03 9.9604E-04 2.3941E-04 2.1835E-04 0.0000E+00
 0.0000E+00 2.3996E-04 1.9324E-04 4.3169E-04 4.2636E-04 1.7130E-03 3.9068E-03 7.0006E-03 1.2768E-02 9.4304E-03 9.6011E-03 9.9934E-03 1.6098E-02 2.4699E-02 3.4981E-02 4.3848E-02 5.1728E-02 3.9788E-02 2.4760E-02 1.0624E-02 2.9786E-03 7.9862E-04 2.4949E-04 1.8817E-04 0.0000E+00
 0.0000E+00 2.4867E-04 1.8751E-04 3.9906E-04 4.8055E-04 1.6944E-03 3.8957E-03 7.0318E-03 1.2012E-02 1.0408E-02 9.0053E-03 9.9170E-03 1.4811E-02 2.4462E-02 3.6038E-02 4.3821E-02 5.0992E-02 3.9573E-02 2.3406E-02 1.0633E-02 3.1767E-03 1.0544E-03 2.3185E-04 2.4320E-04 0.0000E+00
 0.0000E+00 2.6713E-04 1.5602E-04 3.0871E-04 4.6971E-04 1.9039E-03 3.9513E-03 6.9571E-03 1.2475E-02 9.9707E-03 8.7187E-03 9.8660E-03 1.5282E-02 2.3371E-02 3.3166E-02 4.4163E-02 4.9507E-02 4.0130E-02 2.3167E-02 1.0589E-02 3.1041E-03 1.0544E-03 2.5201E-04 1.7397E-04 0.0000E+00
 0.0000E+00 2.3073E-04 1.6890E-04 3.2628E-04 3.8661E-04 1.6479E-03 4.0346E-03 6.3784E-03 1.1490E-02 9.3620E-03 8.7866E-03 8.9830E-03 1.4754E-02 2.3846E-02 3.3695E-02 4.2771E-02 5.0478E-02 3.9661E-02 2.1856E-02 1.0598E-02 2.9984E-03 1.0544E-03 2.3437E-04 2.0060E-04 0.0000E+00
 0.0000E+00 2.2252E-04 1.6031E-04 3.5138E-04 5.0223E-04 1.6851E-03 3.6234E-03 6.2104E-03 1.1868E-02 9.3894E-03 8.2134E-03 9.0679E-03 1.4168E-02 2.2982E-02 3.3202E-02 4.3782E-02 4.8744E-02 3.8572E-02 2.4132E-02 1.0571E-02 2.8201E-03 1.1082E-03 1.9405E-04 2.2900E-04 0.0000E+00
 0.0000E+00 2.1637E-04 1.8751E-04 3.1373E-04 3.9384E-04 1.6386E-03 3.6734E-03 6.7206E-03 1.1646E-02 9.2184E-03 8.2888E-03 8.9321E-03 1.4159E-02 2.3036E-02 3.2602E-02 4.1142E-02 4.8327E-02 3.8597E-02 2.1661E-02 8.9686E-03 2.8399E-03 1.1665E-03 1.9657E-04 2.1924E-04 0.0000E+00
 0.0000E+00 2.3124E-04 1.7320E-04 2.9616E-04 4.9139E-04 1.5501E-03 3.8457E-03 5.7499E-03 1.1203E-02 8.7466E-03 7.9796E-03 8.5585E-03 1.3775E-02 2.2086E-02 3.2842E-02 4.1405E-02 4.8813E-02 3.8749E-02 2.2246E-02 9.4153E-03 2.8003E-03 9.5117E-04 2.2681E-04 2.1036E-04 0.0000E+00
 0.0000E+00 2.4098E-04 1.6890E-04 3.0620E-04 4.5526E-04 1.6013E-03 3.4844E-03 6.3970E-03 1.1822E-02 9.3552E-03 8.5075E-03 8.5245E-03 1.3832E-02 2.1632E-02 3.3214E-02 4.1287E-02 4.9202E-02 3.9243E-02 2.2040E-02 1.0554E-02 2.8069E-03 1.0454E-03 2.2681E-04 2.0947E-04 0.0000E+00
 0.0000E+00 2.4150E-04 1.3455E-04 2.6604E-04 3.4325E-04 1.7177E-03 3.4455E-03 5.4698E-03 1.1418E-02 8.6782E-03 7.4969E-03 8.1255E-03 1.3659E-02 2.1071E-02 3.1436E-02 4.0460E-02 4.8383E-02 3.6735E-02 2.2105E-02 8.8197E-03 2.6153E-03 1.0005E-03 2.0413E-04 2.1657E-04 0.0000E+00
 0.0000E+00 2.3483E-04 2.2330E-04 3.7647E-04 3.4687E-04 1.4430E-03 3.1566E-03 5.7623E-03 1.0602E-02 9.2253E-03 7.7835E-03 7.8028E-03 1.4399E-02 2.1524E-02 3.1941E-02 3.9527E-02 4.8716E-02 3.7103E-02 2.1011E-02 9.8006E-03 2.8267E-03 1.0499E-03 2.0413E-04 2.0770E-04 0.0000E+00
 0.0000E+00 2.2765E-04 1.5316E-04 2.6855E-04 3.4687E-04 1.5036E-03 3.3789E-03 5.6441E-03 1.0700E-02 8.5346E-03 7.2555E-03 7.9981E-03 1.3727E-02 2.1967E-02 3.0871E-02 3.9777E-02 4.6273E-02 3.5380E-02 2.1238E-02 9.0649E-03 2.7474E-03 1.0140E-03 2.0917E-04 2.1391E-04 0.0000E+00
 0.0000E+00 2.1740E-04 1.7177E-04 2.8110E-04 3.9022E-04 1.4105E-03 3.0843E-03 5.2023E-03 1.0452E-02 8.8765E-03 7.1726E-03 7.8028E-03 1.3429E-02 2.1567E-02 2.9850E-02 3.9974E-02 4.4608E-02 3.6089E-02 2.0534E-02 9.2226E-03 2.6352E-03 9.5566E-04 1.3357E-04 1.8373E-04 0.0000E+00
 0.0000E+00 2.3022E-04 1.4886E-04 2.6855E-04 3.3241E-04 1.3313E-03 3.3122E-03 5.3018E-03 1.0074E-02 7.9670E-03 7.3611E-03 7.5142E-03 1.2786E-02 1.9278E-02 2.9838E-02 3.9317E-02 4.5912E-02 3.3176E-02 2.0523E-02 8.7496E-03 2.6946E-03 1.0454E-03 2.5201E-04 1.6687E-04 0.0000E+00
 0.0000E+00 2.3073E-04 1.4171E-04 2.4596E-04 3.3241E-04 1.4105E-03 3.2066E-03 5.6876E-03 1.0198E-02 8.1174E-03 6.9991E-03 7.0047E-03 1.2680E-02 2.0574E-02 2.9453E-02 3.6809E-02 4.5857E-02 3.4024E-02 1.9721E-02 8.6796E-03 2.6880E-03 1.0454E-03 1.3609E-04 1.8285E-04 0.0000E+00
 0.0000E+00 2.2150E-04 1.5602E-04 1.7318E-04 2.7821E-04 1.2708E-03 3.1343E-03 4.9907E-03 1.0028E-02 8.3431E-03 7.0971E-03 7.7604E-03 1.2085E-02 1.9451E-02 2.7891E-02 3.7334E-02 4.4802E-02 3.4316E-02 1.9613E-02 7.7950E-03 2.5625E-03 9.4668E-04 1.5121E-04 1.7486E-04 0.0000E+00
 0.0000E+00 1.9432E-04 1.3884E-04 2.4847E-04 3.1435E-04 1.3593E-03 2.8787E-03 4.9782E-03 9.9042E-03 8.3431E-03 6.9840E-03 6.9113E-03 1.2306E-02 1.9688E-02 2.8648E-02 3.8056E-02 4.2151E-02 3.4050E-02 1.7858E-02 8.8285E-03 2.2587E-03 1.0544E-03 1.5121E-04 1.7752E-04 0.0000E+00
 0.0000E+00 2.0560E-04 1.4171E-04 2.3843E-04 3.1435E-04 1.3499E-03 3.1788E-03 4.8787E-03 9.7280E-03 7.3857E-03 6.2449E-03 6.7076E-03 1.1864E-02 1.9083E-02 2.8504E-02 3.5916E-02 4.4122E-02 3.3150E-02 1.9927E-02 8.5482E-03 2.1464E-03 9.6014E-04 2.0413E-04 1.9793E-04 0.0000E+00
 0.0000E+00 2.2252E-04 1.7177E-04 2.4345E-04 2.2040E-04 1.1591E-03 2.7731E-03 4.5924E-03 9.4736E-03 8.0148E-03 6.8784E-03 6.8943E-03 1.1221E-02 1.8651E-02 2.6605E-02 3.5929E-02 4.5274E-02 3.1542E-02 1.8464E-02 8.6796E-03 2.5691E-03 8.9284E-04 1.7137E-04 1.8817E-04 0.0000E+00
 0.0000E+00 2.0509E-04 1.2739E-04 2.1334E-04 2.7099E-04 1.2429E-03 2.7175E-03 4.7853E-03 9.2257E-03 7.3173E-03 6.1544E-03 7.1066E-03 1.1154E-02 1.9461E-02 2.8119E-02 3.5417E-02 4.2567E-02 3.2428E-02 1.8269E-02 7.5585E-03 2.4040E-03 9.5117E-04 1.5373E-04 1.7308E-04 0.0000E+00
 0.0000E+00 2.0817E-04 1.3312E-04 1.8824E-04 2.8183E-04 1.0893E-03 2.5564E-03 4.5115E-03 9.2844E-03 7.3720E-03 5.5887E-03 7.0217E-03 1.1077E-02 1.7831E-02 2.8648E-02 3.6953E-02 4.3789E-02 3.1858E-02 1.7186E-02 8.5307E-03 2.4172E-03 8.5246E-04 2.2429E-04 1.9527E-04 0.0000E+00
 0.0000E+00 2.2458E-04 1.2596E-04 1.9326E-04 1.9150E-04 9.9617E-04 2.6119E-03 4.8413E-03 8.7624E-03 6.9207E-03 5.9432E-03 6.6651E-03 1.0770E-02 1.7874E-02 2.6665E-02 3.4695E-02 4.1526E-02 3.1858E-02 1.8865E-02 7.8300E-03 2.3248E-03 8.5695E-04 1.4617E-04 1.4290E-04 0.0000E+00
 0.0000E+00 1.9689E-04 1.2167E-04 2.0581E-04 1.2646E-04 1.1824E-03 2.5675E-03 4.4617E-03 8.8081E-03 7.0232E-03 6.2147E-03 6.8434E-03 9.9062E-03 1.7431E-02 2.5956E-02 3.4800E-02 4.2026E-02 3.1478E-02 1.7337E-02 7.5760E-03 2.3049E-03 7.7619E-04 1.1089E-04 1.9705E-04 0.0000E+00
 0.0000E+00 1.8971E-04 1.4314E-04 1.9326E-04 2.1679E-04 1.0753E-03 2.5897E-03 3.8768E-03 9.0299E-03 6.7976E-03 6.0639E-03 6.4698E-03 1.0194E-02 1.8932E-02 2.5488E-02 3.5391E-02 4.1624E-02 3.2517E-02 1.6850E-02 7.3395E-03 2.5031E-03 7.3132E-04 1.5121E-04 1.8462E-04 0.0000E+00
 0.0000E+00 2.0304E-04 1.2453E-04 1.5812E-04 1.6982E-04 9.9617E-04 2.3674E-03 4.4617E-03 9.1996E-03 6.9617E-03 5.6113E-03 5.7821E-03 9.6758E-03 1.5962E-02 2.4779E-02 3.3460E-02 3.8987E-02 2.9984E-02 1.7121E-02 7.7337E-03 2.2785E-03 8.4349E-04 1.6633E-04 1.3847E-04 0.0000E+00
 0.0000E+00 1.8920E-04 1.4171E-04 1.7820E-04 2.5654E-04 9.9617E-04 2.4841E-03 4.2128E-03 8.7494E-03 7.1327E-03 5.5585E-03 6.0113E-03 9.4070E-03 1.6535E-02 2.4610E-02 3.3959E-02 4.0971E-02 2.9743E-02 1.7240E-02 7.9351E-03 2.2653E-03 1.0454E-03 1.3609E-04 1.5977E-04 0.0000E+00
 0.0000E+00 2.1535E-04 1.2739E-04 1.9326E-04 2.0956E-04 8.7979E-04 2.2118E-03 4.1257E-03 9.0756E-03 6.4283E-03 5.4228E-03 6.1472E-03 9.4358E-03 1.5617E-02 2.4899E-02 3.3907E-02 4.0319E-02 3.0364E-02 1.7251E-02 6.5951E-03 2.0606E-03 9.9155E-04 1.2097E-04 1.4557E-04 0.0000E+00
 0.0000E+00 1.9125E-04 8.7314E-05 1.7067E-04 1.9150E-04 9.1703E-04 1.9784E-03 4.4804E-03 8.4166E-03 5.7718E-03 5.1437E-03 5.5698E-03 9.4454E-03 1.6556E-02 2.3637E-02 3.2068E-02 3.9847E-02 2.9692E-02 1.6232E-02 7.0593E-03 2.1729E-03 7.8965E-04 1.2097E-04 1.6776E-04 0.0000E+00
 0.0000E+00 1.9791E-04 1.2167E-04 2.3341E-04 1.8427E-04 1.0288E-03 2.1396E-03 3.9390E-03 8.1817E-03 5.9838E-03 5.3323E-03 5.9434E-03 9.3495E-03 1.6340E-02 2.3925E-02 3.2659E-02 3.8709E-02 2.9274E-02 1.6514E-02 6.9629E-03 2.2587E-03 7.4030E-04 1.9153E-04 1.5710E-04 0.0000E+00
 0.0000E+00 2.0612E-04 8.8746E-05 1.7569E-04 2.2763E-04 9.4031E-04 1.8172E-03 4.0822E-03 7.8947E-03 5.6624E-03 5.2267E-03 5.3660E-03 9.1479E-03 1.6513E-02 2.3457E-02 3.2922E-02 3.9986E-02 2.8730E-02 1.6146E-02 6.8666E-03 2.1729E-03 7.8516E-04 1.3609E-04 1.2959E-04 0.0000E+00
 0.0000E+00 1.9074E-04 1.1737E-04 1.6314E-04 1.8066E-04 9.8220E-04 2.0229E-03 3.6839E-03 8.4558E-03 5.4025E-03 5.5133E-03 5.3915E-03 9.0807E-03 1.6189E-02 2.3469E-02 3.0768E-02 3.8362E-02 2.8375E-02 1.5701E-02 6.8228E-03 2.3842E-03 6.2364E-04 1.1593E-04 1.3136E-04 0.0000E+00
 0.0000E+00 1.8868E-04 1.1308E-04 2.0581E-04 1.3730E-04 8.9376E-04 2.1562E-03 3.3665E-03 7.7511E-03 6.0658E-03 4.9929E-03 5.1113E-03 8.4759E-03 1.5401E-02 2.2700E-02 3.0466E-02 3.9556E-02 2.6513E-02 1.5810E-02 6.6914E-03 1.7832E-03 8.1657E-04 1.2097E-04 1.4379E-04 0.0000E+00
 0.0000E+00 1.9945E-04 1.0735E-04 1.5310E-04 1.5537E-04 7.4014E-04 1.7839E-03 3.5283E-03 7.6402E-03 5.6760E-03 5.0231E-03 4.9755E-03 8.4279E-03 1.5368E-02 2.3565E-02 2.9783E-02 3.7876E-02 2.5069E-02 1.4423E-02 6.1484E-03 1.8294E-03 6.7300E-04 1.6129E-04 1.2959E-04 0.0000E+00
 0.0000E+00 1.8151E-04 1.4314E-04 1.2549E-04 1.8427E-04 8.2393E-04 1.9228E-03 3.2359E-03 7.9012E-03 5.8675E-03 5.3926E-03 5.2896E-03 8.8503E-03 1.4979E-02 2.4418E-02 2.9114E-02 3.4906E-02 2.6943E-02 1.4412E-02 6.7177E-03 2.1530E-03 7.6273E-04 9.5766E-05 1.4557E-04 0.0000E+00
 0.0000E+00 1.5433E-04 9.5903E-05 1.6816E-04 1.5898E-04 7.2152E-04 1.8172E-03 3.2919E-03 7.1900E-03 5.5735E-03 5.1211E-03 5.1368E-03 8.6199E-03 1.4655E-02 2.2351E-02 3.0282E-02 3.6363E-02 2.7273E-02 1.4748E-02 6.5338E-03 2.1068E-03 7.9862E-04 9.8286E-05 1.4823E-04 0.0000E+00
 0.0000E+00 1.7894E-04 1.0449E-04 1.9326E-04 1.7343E-04 7.8669E-04 1.7728E-03 2.8500E-03 7.5162E-03 5.0059E-03 4.3593E-03 4.7377E-03 8.0440E-03 1.3975E-02 2.2171E-02 2.9061E-02 3.7529E-02 2.6918E-02 1.4553E-02 6.4287E-03 2.0210E-03 6.0570E-04 1.1845E-04 1.3491E-04 0.0000E+00
 0.0000E+00 1.8920E-04 8.3020E-05 1.5812E-04 1.3730E-04 7.6807E-04 1.8617E-03 3.3479E-03 6.8051E-03 5.6418E-03 4.7440E-03 5.5189E-03 8.2552E-03 1.3521E-02 2.2772E-02 3.0059E-02 3.7085E-02 2.6475E-02 1.4087E-02 6.3411E-03 2.0210E-03 5.7429E-04 1.1845E-04 1.3491E-04 0.0000E+00
 0.0000E+00 1.6766E-04 1.0879E-04 1.7067E-04 1.7343E-04 7.2618E-04 1.7117E-03 3.0305E-03 6.9095E-03 4.9853E-03 4.5026E-03 5.5274E-03 8.2072E-03 1.3748E-02 2.0308E-02 2.9508E-02 3.6447E-02 2.4942E-02 1.3231E-02 6.2360E-03 2.1068E-03 5.9224E-04 9.3245E-05 1.2781E-04 0.0000E+00
 0.0000E+00 1.8817E-04 1.1594E-04 1.6314E-04 1.0840E-04 6.1911E-04 1.7839E-03 3.2047E-03 7.0987E-03 5.5529E-03 4.0426E-03 4.3557E-03 8.2456E-03 1.3413E-02 2.2003E-02 2.8693E-02 3.4712E-02 2.5740E-02 1.3653E-02 6.0608E-03 1.9417E-03 6.5505E-04 1.3105E-04 1.2781E-04 0.0000E+00
 0.0000E+00 1.8458E-04 9.7334E-05 1.7067E-04 1.3369E-04 6.7497E-04 1.5838E-03 3.1052E-03 7.0791E-03 4.9580E-03 4.3292E-03 4.2283E-03 7.3337E-03 1.3111E-02 2.1810E-02 2.7052E-02 3.3865E-02 2.5537E-02 1.4293E-02 6.2885E-03 2.0342E-03 5.9672E-04 1.3861E-04 1.5355E-04 0.0000E+00
 0.0000E+00 1.6100E-04 1.1165E-04 9.7883E-05 1.5175E-04 6.7963E-04 1.6505E-03 3.0056E-03 6.8377E-03 4.9306E-03 4.1708E-03 4.2708E-03 7.7752E-03 1.3521E-02 1.9347E-02 2.6500E-02 3.6211E-02 2.5170E-02 1.2754E-02 5.8506E-03 1.6577E-03 7.4030E-04 9.3245E-05 1.2338E-04 0.0000E+00
 0.0000E+00 1.5587E-04 1.0449E-04 1.4055E-04 1.4453E-04 6.4704E-04 1.6116E-03 2.8625E-03 6.5049E-03 4.8281E-03 4.2160E-03 4.3047E-03 6.8921E-03 1.1955E-02 1.9792E-02 2.7827E-02 3.5225E-02 2.3713E-02 1.2895E-02 4.9748E-03 1.6247E-03 6.6851E-04 1.2601E-04 9.4973E-05 0.0000E+00
 0.0000E+00 1.7176E-04 1.1737E-04 8.5334E-05 1.0478E-04 6.2842E-04 1.4282E-03 3.1176E-03 6.6942E-03 4.5682E-03 3.7183E-03 3.9481E-03 7.1417E-03 1.3003E-02 1.8698E-02 2.7380E-02 3.2283E-02 2.3777E-02 1.2721E-02 5.6754E-03 1.9945E-03 6.3262E-04 1.2349E-04 1.5355E-04 0.0000E+00
 0.0000E+00 2.1022E-04 8.1589E-05 1.1294E-04 1.3007E-04 6.5635E-04 1.4004E-03 2.9123E-03 6.8638E-03 4.7665E-03 4.2160E-03 4.3642E-03 7.3145E-03 1.2182E-02 1.9587E-02 2.6356E-02 3.1589E-02 2.3118E-02 1.2050E-02 5.8769E-03 1.7766E-03 7.8965E-04 9.8286E-05 1.3314E-04 0.0000E+00
 0.0000E+00 1.5638E-04 1.1022E-04 1.0792E-04 1.0840E-04 7.0290E-04 1.6950E-03 3.0554E-03 7.5032E-03 4.9306E-03 3.8163E-03 4.4406E-03 6.8729E-03 1.2582E-02 1.9527E-02 2.5686E-02 3.1450E-02 2.2865E-02 1.1887E-02 5.8769E-03 1.8228E-03 6.1467E-04 6.3004E-05 1.2515E-04 0.0000E+00
 0.0000E+00 1.5023E-04 6.5844E-05 2.0079E-04 1.2285E-04 6.2842E-04 1.3504E-03 2.5078E-03 6.6681E-03 4.5613E-03 4.2236E-03 4.0840E-03 6.6905E-03 1.1999E-02 1.8746E-02 2.6159E-02 3.3671E-02 2.2979E-02 1.2158E-02 5.4828E-03 2.0210E-03 6.5954E-04 1.0333E-04 1.2959E-04 0.0000E+00
 0.0000E+00 1.6715E-04 8.5883E-05 1.7318E-04 1.4091E-04 6.0515E-04 1.5283E-03 2.7754E-03 6.1069E-03 4.4998E-03 3.5297E-03 3.8292E-03 6.2490E-03 1.1394E-02 1.8193E-02 2.4517E-02 3.2130E-02 2.3447E-02 1.2039E-02 5.1587E-03 1.6577E-03 5.9672E-04 8.0645E-05 1.3403E-04 0.0000E+00
 0.0000E+00 1.5792E-04 1.1165E-04 1.1545E-04 1.1201E-04 6.2377E-04 1.3393E-03 2.4642E-03 6.8181E-03 5.0401E-03 3.8012E-03 3.8208E-03 5.7690E-03 1.1405E-02 1.7989E-02 2.5725E-02 3.1964E-02 2.2409E-02 1.1497E-02 5.1587E-03 1.9021E-03 6.1018E-04 9.5766E-05 1.1095E-04 0.0000E+00
 0.0000E+00 1.5741E-04 1.0879E-04 1.0792E-04 1.7343E-04 5.7256E-04 1.3782E-03 2.4891E-03 6.1526E-03 4.0826E-03 3.5825E-03 3.9057E-03 6.3066E-03 1.2366E-02 1.8374E-02 2.5922E-02 3.2311E-02 2.2434E-02 1.1399E-02 5.1937E-03 1.7568E-03 6.5056E-04 6.8044E-05 1.2249E-04 0.0000E+00
 0.0000E+00 1.6766E-04 1.0020E-04 1.1545E-04 7.5877E-05 4.3291E-04 1.4894E-03 2.5078E-03 5.6176E-03 4.4588E-03 3.2733E-03 3.9396E-03 6.2490E-03 1.0735E-02 1.8854E-02 2.4911E-02 3.1575E-02 2.3067E-02 1.2180E-02 4.9135E-03 1.5454E-03 7.2235E-04 8.8205E-05 9.4085E-05 0.0000E+00
 0.0000E+00 1.6356E-04 1.0020E-04 1.2298E-04 9.3943E-05 5.3067E-04 1.1059E-03 2.2589E-03 5.7481E-03 4.3288E-03 3.5222E-03 3.5321E-03 6.3450E-03 1.1502E-02 1.8578E-02 2.4294E-02 3.1436E-02 2.2409E-02 1.1248E-02 5.2288E-03 1.6511E-03 8.2554E-04 5.0403E-05 1.4202E-04 0.0000E+00
 0.0000E+00 1.4356E-04 6.1549E-05 1.1796E-04 1.1562E-04 5.4929E-04 1.2726E-03 2.1531E-03 6.0156E-03 4.2810E-03 3.3110E-03 3.6000E-03 5.9706E-03 1.1243E-02 1.7232E-02 2.4452E-02 3.0881E-02 2.1800E-02 1.1670E-02 4.8784E-03 1.6643E-03 5.2045E-04 6.0484E-05 1.1272E-04 0.0000E+00
 0.0000E+00 1.5895E-04 6.2981E-05 9.5373E-05 9.0329E-05 4.9343E-04 1.1226E-03 2.2651E-03 5.7024E-03 4.4998E-03 3.1752E-03 3.7359E-03 5.9706E-03 1.0357E-02 1.6980E-02 2.3139E-02 2.9687E-02 1.9888E-02 1.0641E-02 4.7558E-03 1.4067E-03 5.5634E-04 7.8125E-05 1.1006E-04 0.0000E+00
 0.0000E+00 1.3280E-04 6.4412E-05 6.5256E-05 1.0117E-04 4.6084E-04 9.5586E-04 2.0846E-03 5.3305E-03 3.7612E-03 3.2733E-03 3.3283E-03 5.4618E-03 1.0454E-02 1.6836E-02 2.4452E-02 2.9743E-02 2.0914E-02 1.0067E-02 4.6857E-03 1.6313E-03 5.6980E-04 9.0725E-05 1.0829E-04 0.0000E+00
 0.0000E+00 1.6510E-04 8.7314E-05 6.0236E-05 9.0329E-05 5.4463E-04 1.2726E-03 2.0162E-03 5.3632E-03 4.1237E-03 3.1526E-03 3.5066E-03 5.6730E-03 1.0551E-02 1.7905E-02 2.3638E-02 2.9826E-02 2.1268E-02 1.0359E-02 4.2653E-03 1.5058E-03 5.8775E-04 6.5524E-05 1.2071E-04 0.0000E+00
 0.0000E+00 1.4356E-04 6.7275E-05 9.0354E-05 8.3103E-05 3.9102E-04 1.2171E-03 2.0349E-03 5.5067E-03 3.6655E-03 3.3185E-03 2.8698E-03 5.9706E-03 9.5471E-03 1.7797E-02 2.1707E-02 2.9632E-02 2.0762E-02 1.0207E-02 4.2478E-03 1.4860E-03 6.8646E-04 9.8286E-05 9.1423E-05 0.0000E+00
 0.0000E+00 1.6459E-04 6.8706E-05 1.0792E-04 6.8650E-05 4.4688E-04 1.0059E-03 1.9913E-03 5.0695E-03 4.0621E-03 3.3034E-03 2.8359E-03 5.4139E-03 1.0238E-02 1.6992E-02 2.2272E-02 2.8536E-02 2.0787E-02 1.0793E-02 4.5193E-03 1.7171E-03 5.1596E-04 9.5766E-05 9.4973E-05 0.0000E+00
 0.0000E+00 1.4356E-04 9.1608E-05 9.2864E-05 6.5037E-05 4.3291E-04 9.0584E-04 1.8980E-03 5.2849E-03 4.0758E-03 3.0319E-03 3.1330E-03 4.9339E-03 1.0357E-02 1.5946E-02 2.1747E-02 2.9743E-02 2.0293E-02 1.0619E-02 4.6682E-03 1.6577E-03 5.4288E-04 8.3165E-05 8.6985E-05 0.0000E+00
 0.0000E+00 1.5331E-04 9.7334E-05 8.0315E-05 6.8650E-05 6.1911E-04 1.1948E-03 1.7486E-03 4.9652E-03 3.4877E-03 2.9037E-03 3.1585E-03 5.2027E-03 9.6659E-03 1.6355E-02 2.0867E-02 2.7522E-02 2.0382E-02 9.4923E-03 4.5106E-03 1.2548E-03 5.5634E-04 9.0725E-05 1.2160E-04 0.0000E+00
 0.0000E+00 1.3434E-04 6.7275E-05 5.0197E-05 5.0584E-05 5.3998E-04 1.0892E-03 1.6615E-03 5.2718E-03 2.9885E-03 2.9339E-03 2.7849E-03 5.8842E-03 9.4067E-03 1.5586E-02 2.1142E-02 2.7633E-02 2.0939E-02 9.6765E-03 4.0026E-03 1.3803E-03 6.9094E-04 7.3084E-05 9.2310E-05 0.0000E+00
 0.0000E+00 1.5126E-04 6.8706E-05 5.2706E-05 3.9745E-05 4.2360E-04 1.0281E-03 2.0349E-03 5.3044E-03 3.5698E-03 2.4361E-03 2.8783E-03 5.3083E-03 8.8451E-03 1.5790E-02 2.0276E-02 3.0201E-02 1.9685E-02 9.7415E-03 4.6507E-03 1.5983E-03 4.7558E-04 6.3004E-05 9.5861E-05 0.0000E+00
 0.0000E+00 1.5997E-04 8.5883E-05 1.0792E-04 1.1201E-04 3.2119E-04 9.8365E-04 1.4686E-03 4.7564E-03 3.6860E-03 2.6850E-03 2.9547E-03 4.9051E-03 9.9359E-03 1.5622E-02 2.1142E-02 2.8438E-02 1.8342E-02 9.6440E-03 4.4493E-03 1.2747E-03 6.1018E-04 3.7802E-05 9.8523E-05 0.0000E+00
 0.0000E+00 1.3639E-04 7.1569E-05 9.2864E-05 7.9490E-05 4.0964E-04 1.0059E-03 1.6677E-03 4.8542E-03 3.1184E-03 2.6624E-03 2.6406E-03 4.7899E-03 9.0071E-03 1.4384E-02 2.0328E-02 2.8397E-02 1.8304E-02 9.8390E-03 3.9938E-03 1.5454E-03 4.7110E-04 6.0484E-05 8.4322E-05 0.0000E+00
 0.0000E+00 1.3690E-04 5.8687E-05 9.2864E-05 3.6132E-05 3.2585E-04 9.7253E-04 1.7611E-03 4.5150E-03 3.2005E-03 2.5492E-03 2.6575E-03 4.5883E-03 8.6291E-03 1.5321E-02 2.0184E-02 2.6967E-02 1.8064E-02 8.7121E-03 3.8274E-03 1.6115E-03 5.5186E-04 6.0484E-05 1.4024E-04 0.0000E+00
 0.0000E+00 1.3331E-04 6.8706E-05 8.5334E-05 9.3943E-05 4.6084E-04 9.3919E-04 1.8731E-03 4.5867E-03 2.8585E-03 2.2702E-03 2.8698E-03 4.7323E-03 9.1043E-03 1.3026E-02 2.0565E-02 2.7508E-02 1.7747E-02 9.2756E-03 4.6682E-03 1.5785E-03 5.1596E-04 6.5524E-05 8.6985E-05 0.0000E+00
 0.0000E+00 1.2459E-04 6.8706E-05 8.2824E-05 7.5877E-05 3.7705E-04 8.2804E-04 1.5121E-03 4.6128E-03 3.4330E-03 2.6020E-03 2.5811E-03 4.4060E-03 8.8235E-03 1.4516E-02 1.9737E-02 2.6884E-02 1.7709E-02 8.9180E-03 4.1865E-03 1.4662E-03 5.3840E-04 8.5685E-05 1.0917E-04 0.0000E+00
 0.0000E+00 1.2664E-04 4.1510E-05 1.0039E-04 3.9745E-05 3.6774E-04 9.7809E-04 1.4561E-03 4.2866E-03 2.9543E-03 2.4512E-03 2.7849E-03 4.5499E-03 7.7219E-03 1.3939E-02 2.0079E-02 2.6273E-02 1.8051E-02 8.7988E-03 4.4055E-03 1.4266E-03 4.9802E-04 5.2923E-05 9.4085E-05 0.0000E+00
 0.0000E+00 1.2306E-04 6.2981E-05 5.2706E-05 2.8905E-05 2.1413E-04 8.5583E-04 1.3690E-03 4.1039E-03 3.4056E-03 2.3984E-03 2.5387E-03 4.5307E-03 8.2943E-03 1.4300E-02 1.8739E-02 2.6384E-02 1.7912E-02 8.7879E-03 4.2566E-03 1.4067E-03 4.1726E-04 6.5524E-05 7.8109E-05 0.0000E+00
 0.0000E+00 1.2511E-04 7.4432E-05 6.0236E-05 1.0117E-04 3.6774E-04 7.3912E-04 1.6179E-03 4.3910E-03 3.1458E-03 2.2853E-03 2.6066E-03 4.2332E-03 7.2359E-03 1.3267E-02 1.9212E-02 2.7300E-02 1.7684E-02 8.0403E-03 4.1340E-03 1.3209E-03 5.2942E-04 5.7963E-05 9.4085E-05 0.0000E+00
 0.0000E+00 1.5279E-04 5.4393E-05 8.0315E-05 4.3358E-05 3.3516E-04 7.6135E-04 1.3877E-03 4.1496E-03 2.6876E-03 2.4512E-03 2.4028E-03 3.9548E-03 8.1539E-03 1.3988E-02 1.9081E-02 2.7439E-02 1.8380E-02 8.0186E-03 3.9325E-03 1.0831E-03 4.4866E-04 3.7802E-05 8.7872E-05 0.0000E+00
 0.0000E+00 1.1793E-04 5.1530E-05 6.2746E-05 4.6971E-05 2.6999E-04 7.8358E-04 1.4126E-03 3.8038E-03 2.8243E-03 2.9565E-03 2.3009E-03 4.6267E-03 8.0459E-03 1.4024E-02 1.8424E-02 2.6287E-02 1.6088E-02 7.9752E-03 3.5471E-03 1.3341E-03 4.7110E-04 5.5443E-05 9.6748E-05 0.0000E+00
 0.0000E+00 1.2152E-04 4.4373E-05 3.7647E-05 3.2519E-05 3.1654E-04 8.9473E-04 1.6179E-03 4.3388E-03 3.0979E-03 1.9760E-03 2.3604E-03 3.9740E-03 7.6571E-03 1.3399E-02 1.8634E-02 2.5066E-02 1.6430E-02 7.8777E-03 3.7398E-03 1.3011E-03 4.7110E-04 5.0403E-05 9.4973E-05 0.0000E+00
 0.0000E+00 1.2152E-04 4.4373E-05 6.5256E-05 5.0584E-05 2.4206E-04 6.5021E-04 1.3815E-03 4.3845E-03 2.4072E-03 2.2174E-03 2.3349E-03 4.1564E-03 7.2359E-03 1.3050E-02 1.8280E-02 2.4996E-02 1.6290E-02 7.3901E-03 3.5209E-03 1.2086E-03 3.4099E-04 5.2923E-05 8.3434E-05 0.0000E+00
 0.0000E+00 1.1178E-04 6.5844E-05 6.2746E-05 2.1679E-05 2.6999E-04 8.5027E-04 1.4312E-03 4.4954E-03 2.7354E-03 2.1872E-03 2.4198E-03 3.8108E-03 7.0739E-03 1.2149E-02 1.8595E-02 2.3428E-02 1.6810E-02 7.5635E-03 3.6172E-03 1.2614E-03 4.6212E-04 6.8044E-05 7.8109E-05 0.0000E+00
 0.0000E+00 1.1742E-04 4.0079E-05 4.2667E-05 3.2519E-05 2.7930E-04 7.8358E-04 1.4997E-03 3.6798E-03 2.9474E-03 2.4663E-03 2.1566E-03 3.8012E-03 7.6571E-03 1.3194E-02 1.7190E-02 2.4427E-02 1.5999E-02 7.2709E-03 3.5997E-03 1.3209E-03 4.7558E-04 2.7722E-05 7.7221E-05 0.0000E+00
 0.0000E+00 1.2664E-04 4.8667E-05 4.5177E-05 3.9745E-05 3.5378E-04 6.3909E-04 1.0454E-03 3.8560E-03 2.4824E-03 2.1269E-03 2.1736E-03 3.1485E-03 7.1387E-03 1.3026E-02 1.7347E-02 2.3969E-02 1.5099E-02 7.9427E-03 3.1092E-03 1.5190E-03 4.5764E-04 7.5604E-05 8.9647E-05 0.0000E+00
 0.0000E+00 1.3023E-04 3.7216E-05 9.5373E-05 3.9745E-05 2.6068E-04 7.1690E-04 1.2757E-03 3.7516E-03 2.8380E-03 2.1193E-03 2.4962E-03 4.0892E-03 6.7067E-03 1.2690E-02 1.8201E-02 2.3275E-02 1.6050E-02 7.8344E-03 3.5121E-03 9.2462E-04 3.8136E-04 5.7963E-05 7.4558E-05 0.0000E+00
 0.0000E+00 1.2049E-04 5.5824E-05 5.0197E-05 3.9745E-05 2.7464E-04 7.2801E-04 1.1512E-03 3.8103E-03 2.3867E-03 1.7045E-03 1.9528E-03 3.5132E-03 7.1387E-03 1.1849E-02 1.7702E-02 2.3997E-02 1.4985E-02 6.6966E-03 3.3457E-03 1.0435E-03 4.5764E-04 5.7963E-05 9.5861E-05 0.0000E+00
 0.0000E+00 1.2408E-04 4.0079E-05 8.7844E-05 5.7811E-05 2.6068E-04 6.4465E-04 1.3379E-03 3.4841E-03 2.8380E-03 1.7950E-03 1.8000E-03 3.4173E-03 7.1495E-03 1.3014E-02 1.7741E-02 2.3137E-02 1.6024E-02 7.4334E-03 3.6873E-03 1.2747E-03 4.8007E-04 5.0403E-05 6.8345E-05 0.0000E+00
 0.0000E+00 1.1434E-04 3.5785E-05 5.2706E-05 2.1679E-05 2.7930E-04 6.7244E-04 1.2446E-03 3.2557E-03 2.5645E-03 1.8403E-03 2.0547E-03 3.4652E-03 6.2315E-03 1.1909E-02 1.7085E-02 2.3595E-02 1.5150E-02 6.8050E-03 3.3720E-03 1.2482E-03 5.5186E-04 4.0322E-05 6.5682E-05 0.0000E+00
 0.0000E+00 1.5023E-04 3.7216E-05 3.5138E-05 1.0840E-05 2.6999E-04 6.1686E-04 1.2134E-03 3.0665E-03 2.4003E-03 1.6517E-03 2.0717E-03 3.5132E-03 6.5447E-03 1.1560E-02 1.6717E-02 2.3858E-02 1.5023E-02 7.2384E-03 3.4508E-03 1.0897E-03 4.8904E-04 6.5524E-05 6.1244E-05 0.0000E+00
 0.0000E+00 1.1998E-04 3.4353E-05 6.2746E-05 2.1679E-05 2.5602E-04 7.0578E-04 1.1263E-03 3.9017E-03 2.2773E-03 1.8101E-03 2.0292E-03 3.2445E-03 7.0307E-03 1.1825E-02 1.4865E-02 2.1582E-02 1.4922E-02 6.8050E-03 3.5384E-03 1.0369E-03 3.9931E-04 6.8044E-05 8.7872E-05 0.0000E+00
 0.0000E+00 1.2870E-04 3.0059E-05 5.7726E-05 1.0840E-05 2.7464E-04 6.3909E-04 9.9565E-04 3.5950E-03 2.0584E-03 1.8780E-03 1.7660E-03 3.6188E-03 6.0155E-03 1.0947E-02 1.6270E-02 2.1846E-02 1.4263E-02 7.9536E-03 3.1443E-03 1.1360E-03 4.6661E-04 3.2762E-05 8.9647E-05 0.0000E+00
 0.0000E+00 1.2100E-04 2.8628E-05 3.7647E-05 2.1679E-05 2.8861E-04 5.4462E-04 9.5831E-04 3.6015E-03 2.3456E-03 1.7799E-03 1.8594E-03 3.4748E-03 6.7067E-03 1.1116E-02 1.6192E-02 2.1638E-02 1.4466E-02 6.6316E-03 3.1005E-03 1.0699E-03 4.6661E-04 3.5282E-05 6.1244E-05 0.0000E+00
 0.0000E+00 1.1639E-04 4.2941E-05 3.7647E-05 2.5292E-05 2.9792E-04 5.5018E-04 1.0703E-03 3.3471E-03 2.1884E-03 1.9610E-03 1.6387E-03 3.3309E-03 6.9119E-03 9.9499E-03 1.5601E-02 2.3359E-02 1.4504E-02 6.2848E-03 3.1793E-03 1.1426E-03 3.9931E-04 3.0242E-05 9.2310E-05 0.0000E+00
 0.0000E+00 9.5368E-05 4.1510E-05 2.5098E-05 2.8905E-05 1.4430E-04 4.9460E-04 8.9608E-04 3.0143E-03 2.0926E-03 1.5989E-03 2.1057E-03 2.9085E-03 6.2855E-03 1.0034E-02 1.5824E-02 2.1693E-02 1.4757E-02 7.0542E-03 3.1793E-03 1.1492E-03 2.8715E-04 4.0322E-05 6.2132E-05 0.0000E+00
 0.0000E+00 1.3434E-04 3.5785E-05 5.5216E-05 6.5037E-05 2.1413E-04 6.1131E-04 9.2097E-04 3.1448E-03 1.9353E-03 1.9383E-03 1.5198E-03 3.5516E-03 5.6807E-03 1.0262E-02 1.6599E-02 2.1915E-02 1.3237E-02 6.2523E-03 2.9253E-03 1.2284E-03 3.2753E-04 2.7722E-05 7.2783E-05 0.0000E+00
 0.0000E+00 1.0972E-04 5.5824E-05 3.2628E-05 7.2264E-06 1.6758E-04 5.6685E-04 8.7741E-04 3.2753E-03 2.0584E-03 1.7799E-03 1.6811E-03 3.1965E-03 5.6159E-03 1.0046E-02 1.6205E-02 2.0458E-02 1.4339E-02 6.3824E-03 3.4683E-03 1.3407E-03 3.4099E-04 5.5443E-05 6.3019E-05 0.0000E+00
 0.0000E+00 9.7932E-05 3.1490E-05 4.2667E-05 3.2519E-05 2.0482E-04 6.2798E-04 1.1512E-03 3.5102E-03 1.9216E-03 1.5461E-03 1.9613E-03 3.0621E-03 5.5727E-03 1.0455E-02 1.4524E-02 2.1277E-02 1.3769E-02 5.8189E-03 3.0654E-03 9.3122E-04 3.7688E-04 2.0161E-05 6.5682E-05 0.0000E+00
 0.0000E+00 1.0767E-04 6.0118E-05 2.7608E-05 1.4453E-05 2.5137E-04 5.5573E-04 1.0205E-03 3.0730E-03 1.8396E-03 1.6291E-03 1.4774E-03 2.9661E-03 5.8751E-03 1.0346E-02 1.4642E-02 2.1166E-02 1.4187E-02 5.6347E-03 3.0041E-03 9.8406E-04 4.6661E-04 5.0403E-05 7.2783E-05 0.0000E+00
 0.0000E+00 1.1024E-04 2.1471E-05 4.5177E-05 2.5292E-05 1.2568E-04 5.1127E-04 8.2763E-04 3.1709E-03 1.8327E-03 1.2520E-03 1.5623E-03 3.5420E-03 5.5619E-03 1.0635E-02 1.4642E-02 1.9861E-02 1.3491E-02 6.3499E-03 3.1092E-03 1.0171E-03 3.9034E-04 4.7883E-05 5.6806E-05 0.0000E+00
 0.0000E+00 1.1280E-04 2.5765E-05 4.0157E-05 3.6132E-06 2.2809E-04 4.3903E-04 9.4587E-04 2.8904E-03 2.2294E-03 1.6140E-03 1.6726E-03 2.8125E-03 5.5295E-03 9.7696E-03 1.4209E-02 1.9597E-02 1.2452E-02 5.8947E-03 3.1355E-03 1.0633E-03 3.5445E-04 2.7722E-05 9.4085E-05 0.0000E+00
 0.0000E+00 1.2408E-04 2.4333E-05 1.0039E-05 2.8905E-05 1.4896E-04 5.2795E-04 7.9652E-04 2.8512E-03 1.8191E-03 1.4028E-03 1.6896E-03 2.9661E-03 5.3567E-03 1.0286E-02 1.4432E-02 2.0652E-02 1.2769E-02 5.6564E-03 2.9341E-03 9.8406E-04 3.7688E-04 2.0161E-05 7.8996E-05 0.0000E+00
 0.0000E+00 1.1280E-04 3.5785E-05 2.2588E-05 1.4453E-05 1.8620E-04 4.5570E-04 9.5831E-04 2.9491E-03 1.8054E-03 1.5009E-03 1.6132E-03 2.7069E-03 5.2271E-03 9.9739E-03 1.3789E-02 2.1152E-02 1.2857E-02 5.6997E-03 2.7852E-03 1.1228E-03 4.3969E-04 4.2842E-05 7.3671E-05 0.0000E+00
 0.0000E+00 1.1126E-04 3.0059E-05 2.5098E-05 1.4453E-05 1.5361E-04 4.5014E-04 9.8320E-04 3.0013E-03 1.9969E-03 1.7045E-03 1.5113E-03 2.6301E-03 5.3135E-03 9.3491E-03 1.3368E-02 1.9986E-02 1.3098E-02 5.5913E-03 3.2494E-03 9.3783E-04 2.9612E-04 3.2762E-05 7.0120E-05 0.0000E+00
 0.0000E+00 1.0101E-04 4.5804E-05 2.7608E-05 2.8905E-05 1.8154E-04 3.6123E-04 8.8986E-04 3.0208E-03 1.7644E-03 1.2520E-03 1.0868E-03 2.4478E-03 4.5683E-03 1.0274E-02 1.3907E-02 2.0264E-02 1.2655E-02 5.2446E-03 2.5575E-03 9.0481E-04 2.7817E-04 2.2681E-05 7.5446E-05 0.0000E+00
 0.0000E+00 9.8957E-05 6.0118E-05 3.7647E-05 2.8905E-05 1.8154E-04 4.3347E-04 8.2763E-04 2.8186E-03 1.6618E-03 1.5311E-03 1.3585E-03 2.3230E-03 5.2595E-03 8.7122E-03 1.4708E-02 1.8737E-02 1.2363E-02 5.3313E-03 2.5750E-03 9.5764E-04 2.8266E-04 3.7802E-05 6.3019E-05 0.0000E+00
 0.0000E+00 1.0152E-04 3.0059E-05 7.5295E-06 3.2519E-05 1.3034E-04 4.9460E-04 9.2097E-04 2.7338E-03 1.6207E-03 1.3651E-03 1.4179E-03 2.5533E-03 4.9247E-03 9.2649E-03 1.2935E-02 1.9306E-02 1.1565E-02 5.0604E-03 2.9691E-03 8.0574E-04 3.0061E-04 2.2681E-05 8.4322E-05 0.0000E+00
 0.0000E+00 1.0306E-04 3.4353E-05 2.7608E-05 1.0840E-05 2.0482E-04 4.2791E-04 8.8364E-04 2.5119E-03 1.4703E-03 1.4104E-03 1.3585E-03 2.8797E-03 4.7303E-03 9.5774E-03 1.2068E-02 1.9736E-02 1.2072E-02 5.9164E-03 2.6275E-03 7.3309E-04 2.8715E-04 4.5363E-05 5.7694E-05 0.0000E+00
 0.0000E+00 9.7419E-05 3.1490E-05 3.2628E-05 1.4453E-05 1.6292E-04 3.6678E-04 5.4138E-04 2.4924E-03 1.6891E-03 1.3048E-03 1.4009E-03 2.4478E-03 5.2379E-03 9.5413E-03 1.2173E-02 1.8862E-02 1.2591E-02 5.0821E-03 2.6100E-03 8.0574E-04 3.0509E-04 1.7641E-05 7.1895E-05 0.0000E+00
 0.0000E+00 8.5626E-05 3.5785E-05 2.5098E-05 3.6132E-05 1.8620E-04 3.5567E-04 7.8407E-04 2.3814E-03 1.5866E-03 1.3350E-03 1.2651E-03 2.6493E-03 4.2768E-03 8.8323E-03 1.3316E-02 1.9681E-02 1.1147E-02 5.5263E-03 2.7677E-03 8.1234E-04 3.4099E-04 4.2842E-05 4.8818E-05 0.0000E+00
 0.0000E+00 1.0050E-04 2.4333E-05 3.0118E-05 1.4453E-05 1.7689E-04 3.1677E-04 7.0318E-04 2.4206E-03 1.6207E-03 1.1464E-03 1.1972E-03 1.9966E-03 5.0327E-03 8.1474E-03 1.1044E-02 1.9278E-02 1.1426E-02 5.0170E-03 2.6188E-03 9.7745E-04 3.0958E-04 4.7883E-05 7.1008E-05 0.0000E+00
 0.0000E+00 8.6651E-05 1.5745E-05 2.7608E-05 1.8066E-05 1.8154E-04 3.3344E-04 6.3473E-04 2.3553E-03 1.4908E-03 1.2294E-03 1.5368E-03 1.9774E-03 4.3956E-03 8.5079E-03 1.3447E-02 1.7446E-02 1.0679E-02 5.0062E-03 2.6801E-03 7.6611E-04 3.4996E-04 3.7802E-05 5.8581E-05 0.0000E+00
 0.0000E+00 9.9982E-05 1.8608E-05 3.2628E-05 3.2519E-05 1.1172E-04 4.0013E-04 7.0318E-04 2.1792E-03 1.7575E-03 1.0257E-03 1.1717E-03 2.1886E-03 4.3848E-03 8.8323E-03 1.2804E-02 1.8459E-02 1.1223E-02 4.8437E-03 2.3998E-03 9.5764E-04 4.2174E-04 2.5201E-05 6.1244E-05 0.0000E+00
 0.0000E+00 1.0152E-04 3.5785E-05 2.7608E-05 2.5292E-05 1.2568E-04 3.7234E-04 4.2315E-04 2.0161E-03 1.8122E-03 1.2671E-03 9.4245E-04 2.1118E-03 4.5359E-03 8.3637E-03 1.1359E-02 1.7890E-02 1.1236E-02 5.2554E-03 2.1984E-03 9.3122E-04 4.7558E-04 3.2762E-05 5.8581E-05 0.0000E+00
 0.0000E+00 1.0203E-04 2.7196E-05 7.5295E-06 3.6132E-05 1.1172E-04 3.0565E-04 6.4717E-04 2.4467E-03 1.5182E-03 9.4276E-04 1.3925E-03 2.1502E-03 3.8988E-03 8.2075E-03 1.2055E-02 1.7973E-02 1.1857E-02 3.9985E-03 2.2597E-03 9.8406E-04 2.8715E-04 3.5282E-05 5.7694E-05 0.0000E+00
 0.0000E+00 8.3575E-05 2.5765E-05 2.5098E-06 1.4453E-05 9.3100E-05 3.5011E-04 6.4717E-04 2.3227E-03 1.7302E-03 1.2143E-03 1.1887E-03 2.0734E-03 4.6547E-03 7.7388E-03 1.1451E-02 1.8001E-02 1.0109E-02 4.7028E-03 2.4436E-03 8.0574E-04 3.0509E-04 2.5201E-05 5.2368E-05 0.0000E+00
 0.0000E+00 9.6906E-05 2.5765E-05 1.0039E-05 2.1679E-05 1.7223E-04 2.7787E-04 7.5918E-04 2.2183E-03 1.5387E-03 9.0505E-04 1.1802E-03 2.2174E-03 3.9420E-03 8.4839E-03 1.1504E-02 1.8112E-02 1.0704E-02 4.7895E-03 2.2509E-03 7.1328E-04 3.0958E-04 2.7722E-05 6.6570E-05 0.0000E+00
 0.0000E+00 9.7932E-05 2.8628E-05 7.5295E-06 7.2264E-06 1.5361E-04 3.3900E-04 6.6584E-04 2.5902E-03 1.5250E-03 1.0710E-03 1.2311E-03 1.9486E-03 4.1796E-03 8.2195E-03 1.2239E-02 1.6808E-02 9.6145E-03 4.3669E-03 1.8743E-03 8.5197E-04 3.0061E-04 2.0161E-05 3.3729E-05 0.0000E+00
 0.0000E+00 9.4342E-05 2.5765E-05 5.0197E-05 1.4453E-05 1.1172E-04 5.0572E-04 5.8494E-04 2.2314E-03 1.3130E-03 1.0408E-03 9.8491E-04 1.6702E-03 4.0284E-03 7.3423E-03 1.1687E-02 1.6822E-02 9.2978E-03 4.4427E-03 2.1633E-03 8.1234E-04 2.2433E-04 7.5604E-06 7.5446E-05 0.0000E+00
 0.0000E+00 1.0665E-04 2.7196E-05 1.7569E-05 1.0840E-05 1.2568E-04 3.3900E-04 5.6627E-04 2.1922E-03 1.4771E-03 8.2209E-04 1.3075E-03 2.3518E-03 4.0068E-03 7.9070E-03 1.1779E-02 1.7030E-02 1.0071E-02 4.4319E-03 2.1020E-03 9.3783E-04 2.6471E-04 2.7722E-05 5.8581E-05 0.0000E+00
 0.0000E+00 8.0499E-05 2.4333E-05 1.2549E-05 1.0840E-05 1.3034E-04 2.9454E-04 6.4095E-04 2.2249E-03 1.3677E-03 9.6539E-04 8.4906E-04 1.9198E-03 4.0500E-03 7.2822E-03 1.0873E-02 1.6933E-02 9.7032E-03 4.5728E-03 2.2947E-03 8.1234E-04 3.1407E-04 4.0322E-05 5.8581E-05 0.0000E+00
 0.0000E+00 8.5113E-05 2.8628E-05 1.7569E-05 1.8066E-05 8.3790E-05 2.1674E-04 4.9782E-04 2.2379E-03 1.3882E-03 1.0182E-03 1.1632E-03 1.9582E-03 3.4992E-03 7.7028E-03 1.0768E-02 1.6266E-02 9.7665E-03 4.3127E-03 2.3735E-03 8.1234E-04 3.4547E-04 2.7722E-05 4.8818E-05 0.0000E+00
 0.0000E+00 8.5113E-05 2.2902E-05 1.5059E-05 3.6132E-06 1.6758E-04 3.2233E-04 5.0405E-04 2.4989E-03 1.1968E-03 7.3913E-04 1.1292E-03 1.9678E-03 4.2444E-03 6.5371E-03 1.1097E-02 1.7307E-02 9.6018E-03 4.5403E-03 1.7166E-03 7.8593E-04 2.6471E-04 3.7802E-05 5.4143E-05 0.0000E+00
 0.0000E+00 7.6910E-05 2.7196E-05 1.5059E-05 1.0840E-05 9.7755E-05 3.1677E-04 6.9695E-04 2.1139E-03 1.4293E-03 8.9751E-04 1.0104E-03 1.7182E-03 3.7800E-03 6.8496E-03 1.0348E-02 1.6835E-02 9.2725E-03 4.3560E-03 2.0319E-03 7.8593E-04 2.4228E-04 7.3084E-05 6.8345E-05 0.0000E+00
 0.0000E+00 1.1331E-04 2.2902E-05 1.5059E-05 7.2264E-06 8.8445E-05 3.6123E-04 5.5383E-04 2.2444E-03 1.1626E-03 1.0333E-03 1.0698E-03 2.1310E-03 3.9204E-03 7.3302E-03 9.7308E-03 1.5878E-02 8.4364E-03 3.7601E-03 2.1546E-03 7.3309E-04 2.2433E-04 7.5604E-06 5.5919E-05 0.0000E+00
 0.0000E+00 9.6906E-05 2.2902E-05 1.7569E-05 1.8066E-05 1.1172E-04 2.0562E-04 5.3516E-04 2.1400E-03 1.2651E-03 9.2768E-04 9.4245E-04 1.8142E-03 3.5856E-03 7.1620E-03 1.1031E-02 1.4865E-02 9.6018E-03 3.9876E-03 2.1984E-03 7.9253E-04 2.7817E-04 1.5121E-05 5.1481E-05 0.0000E+00
 0.0000E+00 8.1524E-05 1.7177E-05 1.2549E-05 1.4453E-05 6.5170E-05 1.7783E-04 5.3516E-04 2.0487E-03 9.7108E-04 8.5980E-04 1.0528E-03 1.5358E-03 3.4884E-03 6.9577E-03 9.7176E-03 1.6114E-02 9.5765E-03 3.8901E-03 2.0845E-03 6.9346E-04 2.4228E-04 1.7641E-05 5.0593E-05 0.0000E+00
 0.0000E+00 7.1782E-05 1.2882E-05 2.0079E-05 3.6132E-06 1.2103E-04 2.1674E-04 5.4761E-04 2.0487E-03 1.2241E-03 8.8243E-04 8.4906E-04 1.7950E-03 3.2940E-03 6.7414E-03 1.0466E-02 1.4601E-02 8.8925E-03 3.9118E-03 1.9268E-03 7.1988E-04 2.3779E-04 2.5201E-05 4.9705E-05 0.0000E+00
 0.0000E+00 7.0244E-05 1.4314E-05 1.0039E-05 1.0840E-05 7.4480E-05 1.9451E-04 4.2937E-04 2.0291E-03 1.2993E-03 1.1162E-03 6.8774E-04 1.6798E-03 3.5316E-03 7.3543E-03 9.9540E-03 1.5225E-02 9.7412E-03 3.4892E-03 1.8743E-03 7.1328E-04 2.7817E-04 3.5282E-05 5.7694E-05 0.0000E+00
 0.0000E+00 7.8960E-05 2.0039E-05 4.0157E-05 3.6132E-06 7.9135E-05 2.3341E-04 4.5426E-04 1.7681E-03 1.0668E-03 9.6539E-04 6.8774E-04 1.6030E-03 3.2508E-03 6.5852E-03 9.3631E-03 1.4795E-02 9.3232E-03 4.0201E-03 1.6904E-03 7.6611E-04 2.6471E-04 3.2762E-05 4.3492E-05 0.0000E+00
 0.0000E+00 9.0241E-05 1.8608E-05 2.0079E-05 1.8066E-05 5.5860E-05 3.0010E-04 3.6715E-04 1.6442E-03 1.0531E-03 8.5980E-04 7.3019E-04 1.3439E-03 3.3696E-03 7.6667E-03 1.0374E-02 1.5461E-02 8.8925E-03 3.3808E-03 1.8480E-03 7.0667E-04 2.4228E-04 1.7641E-05 5.4143E-05 0.0000E+00
 0.0000E+00 8.1011E-05 2.7196E-05 2.2588E-05 3.6132E-06 7.4480E-05 2.0006E-04 4.2315E-04 1.9508E-03 1.1079E-03 8.2963E-04 8.6604E-04 1.6606E-03 3.0348E-03 6.7174E-03 9.7308E-03 1.5184E-02 8.5251E-03 3.1641E-03 2.0933E-03 7.7932E-04 3.0958E-04 1.0081E-05 5.0593E-05 0.0000E+00
 0.0000E+00 7.7935E-05 2.5765E-05 1.2549E-05 7.2264E-06 6.0515E-05 2.2229E-04 3.1114E-04 2.1009E-03 1.1079E-03 7.2404E-04 8.7453E-04 1.5646E-03 2.7432E-03 6.6693E-03 9.8096E-03 1.4531E-02 8.2211E-03 3.7817E-03 2.0144E-03 7.9913E-04 2.4677E-04 3.7802E-05 4.0830E-05 0.0000E+00
 0.0000E+00 7.1270E-05 1.8608E-05 1.5059E-05 0.0000E+00 6.5170E-05 1.5005E-04 3.6715E-04 1.7747E-03 9.7108E-04 7.8438E-04 6.7076E-04 1.2863E-03 3.3696E-03 5.8161E-03 9.2974E-03 1.5295E-02 9.3612E-03 4.0635E-03 1.8130E-03 5.6798E-04 3.1855E-04 2.5201E-05 5.0593E-05 0.0000E+00
 0.0000E+00 7.0757E-05 1.5745E-05 2.2588E-05 3.6132E-06 8.8445E-05 1.8895E-04 3.3603E-04 1.7877E-03 1.2788E-03 7.3159E-04 6.9623E-04 1.5166E-03 3.3804E-03 6.1406E-03 9.1661E-03 1.4712E-02 8.8165E-03 3.1749E-03 1.4802E-03 6.1421E-04 2.4677E-04 2.7722E-05 4.1717E-05 0.0000E+00
 0.0000E+00 7.4859E-05 8.5883E-06 2.5098E-05 3.6132E-06 1.1172E-04 1.6672E-04 3.4848E-04 1.5985E-03 9.7108E-04 8.5980E-04 7.4717E-04 1.3247E-03 2.9808E-03 6.2848E-03 1.0046E-02 1.4157E-02 7.9804E-03 3.2941E-03 1.8831E-03 7.1988E-04 1.9741E-04 3.5282E-05 4.5268E-05 0.0000E+00
 0.0000E+00 7.8448E-05 3.4353E-05 2.5098E-06 3.6132E-06 7.4480E-05 1.9451E-04 3.7337E-04 1.8008E-03 1.0053E-03 6.9387E-04 6.1981E-04 1.7758E-03 3.3372E-03 6.0204E-03 9.4550E-03 1.4545E-02 8.7658E-03 3.6300E-03 1.3751E-03 7.0667E-04 2.4677E-04 3.2762E-05 3.9942E-05 0.0000E+00
 0.0000E+00 8.1524E-05 1.8608E-05 1.2549E-05 1.4453E-05 8.8445E-05 3.2788E-04 4.6049E-04 1.6833E-03 1.0463E-03 1.0031E-03 7.1321E-04 1.5166E-03 2.9592E-03 5.8882E-03 9.6520E-03 1.3879E-02 7.3217E-03 3.2291E-03 1.7429E-03 8.4537E-04 2.1536E-04 2.5201E-05 3.1066E-05 0.0000E+00
 0.0000E+00 6.8193E-05 1.7177E-05 2.7608E-05 3.6132E-06 2.7930E-05 1.7783E-04 4.4804E-04 1.5398E-03 8.6166E-04 5.1286E-04 8.2359E-04 1.4591E-03 2.9052E-03 6.1766E-03 8.7853E-03 1.4018E-02 8.3478E-03 3.0882E-03 1.6553E-03 6.4063E-04 1.8395E-04 2.7722E-05 5.0593E-05 0.0000E+00
 0.0000E+00 8.6651E-05 3.8647E-05 1.5059E-05 3.6132E-06 4.1895E-05 1.9451E-04 3.9826E-04 1.7225E-03 8.7534E-04 6.1091E-04 7.8962E-04 1.3919E-03 2.7648E-03 6.1045E-03 8.4307E-03 1.3949E-02 8.0058E-03 3.0882E-03 1.9444E-03 7.7932E-04 2.4228E-04 3.2762E-05 3.7279E-05 0.0000E+00
 0.0000E+00 7.9473E-05 2.2902E-05 2.5098E-05 0.0000E+00 6.5170E-05 1.6116E-04 3.4848E-04 1.6964E-03 9.4373E-04 6.6371E-04 9.2547E-04 1.2767E-03 2.6028E-03 5.8041E-03 8.7721E-03 1.3352E-02 8.8165E-03 2.9799E-03 1.6378E-03 7.3309E-04 1.9293E-04 2.0161E-05 3.8167E-05 0.0000E+00
 0.0000E+00 8.1524E-05 1.5745E-05 0.0000E+00 1.4453E-05 6.9825E-05 2.3341E-04 4.0448E-04 1.5137E-03 1.0121E-03 6.4862E-04 6.0283E-04 1.2863E-03 2.5812E-03 5.3595E-03 8.9691E-03 1.1839E-02 8.0818E-03 3.1316E-03 1.5240E-03 7.1328E-04 2.7817E-04 1.2601E-05 5.6806E-05 0.0000E+00
 0.0000E+00 6.6655E-05 2.2902E-05 2.2588E-05 3.6132E-06 2.7930E-05 1.5561E-04 3.7959E-04 1.4615E-03 1.0053E-03 6.9387E-04 7.4717E-04 1.1999E-03 2.7324E-03 5.7080E-03 8.3257E-03 1.3588E-02 7.1064E-03 2.6981E-03 1.4276E-03 6.6705E-04 2.3331E-04 1.5121E-05 3.9942E-05 0.0000E+00
 0.0000E+00 6.8706E-05 1.5745E-05 5.0197E-06 0.0000E+00 6.5170E-05 2.1118E-04 4.1070E-04 1.6703E-03 7.7276E-04 7.6930E-04 4.9245E-04 1.2767E-03 2.8836E-03 5.3114E-03 7.3670E-03 1.3824E-02 7.9551E-03 2.9474E-03 1.6816E-03 7.3309E-04 2.3331E-04 3.0242E-05 3.9942E-05 0.0000E+00
 0.0000E+00 7.8960E-05 1.2882E-05 1.5059E-05 3.2519E-05 5.1205E-05 1.8895E-04 2.9247E-04 1.6246E-03 1.1420E-03 7.2404E-04 5.6887E-04 1.3055E-03 2.6676E-03 5.9603E-03 8.7327E-03 1.3282E-02 7.6257E-03 3.3483E-03 1.5502E-03 7.9913E-04 1.8844E-04 1.0081E-05 4.4380E-05 0.0000E+00
 0.0000E+00 8.2037E-05 2.1471E-05 1.7569E-05 1.0840E-05 5.1205E-05 1.5561E-04 2.6758E-04 1.2527E-03 7.1805E-04 5.5812E-04 7.9811E-04 1.4015E-03 2.6244E-03 5.4436E-03 8.3257E-03 1.3477E-02 7.4611E-03 2.8607E-03 1.3751E-03 6.8026E-04 1.4806E-04 5.0403E-06 4.6155E-05 0.0000E+00
 0.0000E+00 6.3579E-05 1.7177E-05 7.5295E-06 3.6132E-06 9.3100E-05 1.6116E-04 2.9247E-04 1.4093E-03 8.4799E-04 6.4108E-04 6.7076E-04 1.3343E-03 2.7756E-03 5.4917E-03 7.6034E-03 1.3310E-02 6.9417E-03 3.1207E-03 1.4889E-03 6.0761E-04 1.8844E-04 1.0081E-05 3.5504E-05 0.0000E+00
 0.0000E+00 5.9989E-05 1.0020E-05 2.5098E-06 1.8066E-05 3.2585E-05 1.7783E-04 2.9247E-04 1.3114E-03 7.8644E-04 5.0532E-04 5.6887E-04 1.1999E-03 2.5272E-03 5.3114E-03 7.6559E-03 1.1617E-02 6.8530E-03 2.3406E-03 1.7517E-03 5.5477E-04 1.9293E-04 2.5201E-06 3.5504E-05 0.0000E+00
 0.0000E+00 6.7168E-05 2.2902E-05 1.7569E-05 3.6132E-06 1.0241E-04 2.3341E-04 2.1780E-04 1.2788E-03 8.0012E-04 6.2600E-04 7.0472E-04 1.1711E-03 2.1924E-03 5.2153E-03 8.0762E-03 1.3268E-02 6.7517E-03 2.9365E-03 1.4276E-03 5.8119E-04 1.9741E-04 1.0081E-05 4.5268E-05 0.0000E+00
 0.0000E+00 8.2037E-05 8.5883E-06 7.5295E-06 0.0000E+00 4.6550E-05 1.1670E-04 2.2402E-04 1.3440E-03 5.8128E-04 4.6761E-04 6.2830E-04 1.3631E-03 2.1492E-03 5.5277E-03 8.1549E-03 1.1936E-02 6.9544E-03 2.2972E-03 1.4451E-03 5.9440E-04 2.2882E-04 1.7641E-05 3.4616E-05 0.0000E+00
 0.0000E+00 8.9215E-05 4.2941E-06 1.0039E-05 1.4453E-05 7.9135E-05 1.0559E-04 3.0492E-04 1.1287E-03 8.4799E-04 5.2041E-04 5.7736E-04 1.1327E-03 2.4840E-03 4.9990E-03 7.9448E-03 1.2630E-02 7.0557E-03 2.7090E-03 1.5152E-03 7.9913E-04 2.2882E-04 1.2601E-05 3.1066E-05 0.0000E+00
 0.0000E+00 6.8706E-05 1.0020E-05 1.0039E-05 3.6132E-06 4.1895E-05 1.5005E-04 2.4891E-04 1.2527E-03 6.5651E-04 6.1845E-04 6.7925E-04 1.1999E-03 2.2680E-03 4.4222E-03 6.8286E-03 1.2172E-02 6.3083E-03 2.7523E-03 1.3488E-03 5.4817E-04 2.5574E-04 2.0161E-05 2.5740E-05 0.0000E+00
 0.0000E+00 6.3579E-05 2.1471E-05 2.5098E-06 0.0000E+00 5.5860E-05 1.6116E-04 2.3647E-04 1.2331E-03 7.8644E-04 4.9778E-04 7.1321E-04 9.2151E-04 1.9224E-03 5.0230E-03 6.7367E-03 1.2602E-02 6.5237E-03 2.5790E-03 1.3926E-03 5.6798E-04 2.1536E-04 3.0242E-05 4.7043E-05 0.0000E+00
 0.0000E+00 5.9477E-05 1.7177E-05 5.0197E-06 0.0000E+00 1.8620E-05 2.3341E-04 2.5513E-04 1.2527E-03 9.0270E-04 5.3549E-04 6.1981E-04 1.0079E-03 2.2788E-03 4.6865E-03 7.3802E-03 1.2450E-02 6.9670E-03 2.4489E-03 1.5853E-03 5.0194E-04 1.3011E-04 3.2762E-05 3.0178E-05 0.0000E+00
 0.0000E+00 7.2808E-05 2.8628E-06 7.5295E-06 0.0000E+00 3.7240E-05 1.8895E-04 2.6758E-04 1.3245E-03 6.3599E-04 5.7320E-04 3.9057E-04 9.3111E-04 1.6308E-03 4.3140E-03 7.9448E-03 1.1742E-02 6.6503E-03 2.2105E-03 1.1386E-03 5.2175E-04 1.7947E-04 5.0403E-06 2.9291E-05 0.0000E+00
 0.0000E+00 6.5117E-05 2.2902E-05 1.2549E-05 3.6132E-06 6.5170E-05 1.1115E-04 2.3024E-04 1.2136E-03 6.2915E-04 5.5057E-04 4.9245E-04 1.0271E-03 2.4300E-03 4.5063E-03 7.7741E-03 1.2047E-02 6.2703E-03 2.4598E-03 1.4276E-03 5.8119E-04 1.5255E-04 2.5201E-06 5.2368E-05 0.0000E+00
 0.0000E+00 7.7935E-05 7.1569E-06 2.5098E-06 0.0000E+00 3.7240E-05 6.6688E-05 2.8003E-04 1.1483E-03 7.5225E-04 6.1845E-04 5.2642E-04 7.5832E-04 2.0412E-03 5.0951E-03 7.6297E-03 1.1312E-02 6.8150E-03 2.5356E-03 1.4013E-03 5.4156E-04 2.0639E-04 1.2601E-05 4.0830E-05 0.0000E+00
 0.0000E+00 7.3833E-05 2.0039E-05 5.0197E-06 3.6132E-06 1.8620E-05 9.4475E-05 2.3024E-04 1.3506E-03 6.1547E-04 4.6761E-04 6.1981E-04 9.8870E-04 2.2140E-03 5.0951E-03 7.8923E-03 1.0895E-02 5.7383E-03 2.2972E-03 1.5765E-03 5.5477E-04 2.2433E-04 1.0081E-05 4.4380E-05 0.0000E+00
 0.0000E+00 7.4346E-05 5.7255E-06 0.0000E+00 0.0000E+00 4.6550E-05 1.0559E-04 1.6179E-04 1.3832E-03 6.8386E-04 4.3744E-04 5.9434E-04 9.6950E-04 1.8900E-03 4.3140E-03 6.6973E-03 1.1534E-02 5.9916E-03 2.7198E-03 1.2087E-03 6.1421E-04 1.8395E-04 1.7641E-05 3.5504E-05 0.0000E+00
 0.0000E+00 6.4091E-05 2.2902E-05 1.0039E-05 3.6132E-06 3.7240E-05 9.4475E-05 2.1780E-04 1.1614E-03 6.1547E-04 5.3549E-04 4.6698E-04 1.0271E-03 2.2248E-03 4.0016E-03 6.3690E-03 1.1339E-02 5.9283E-03 2.3947E-03 1.1736E-03 4.2268E-04 2.1985E-04 1.7641E-05 2.7516E-05 0.0000E+00
 0.0000E+00 6.7168E-05 7.1569E-06 0.0000E+00 0.0000E+00 3.7240E-05 1.3338E-04 2.5513E-04 1.0048E-03 7.0438E-04 3.7711E-04 4.9245E-04 8.1592E-04 1.9764E-03 4.2660E-03 6.7892E-03 1.1409E-02 6.3083E-03 2.0913E-03 1.1561E-03 4.2268E-04 1.7498E-04 2.0161E-05 4.2605E-05 0.0000E+00
 0.0000E+00 6.4091E-05 1.7177E-05 1.0039E-05 7.2264E-06 3.7240E-05 6.6688E-05 2.0535E-04 1.2331E-03 5.9496E-04 4.2990E-04 4.2453E-04 9.1191E-04 1.9656E-03 4.3741E-03 5.9356E-03 1.1589E-02 5.8903E-03 2.0697E-03 1.1911E-03 4.3589E-04 1.8395E-04 1.0081E-05 2.5740E-05 0.0000E+00
 0.0000E+00 5.1273E-05 1.8608E-05 1.7569E-05 0.0000E+00 2.3275E-05 1.3893E-04 1.6802E-04 1.1940E-03 6.3599E-04 3.6202E-04 3.7359E-04 9.5030E-04 1.8468E-03 3.7252E-03 5.8962E-03 1.1423E-02 5.0669E-03 2.3081E-03 1.0598E-03 5.2835E-04 1.2114E-04 5.0403E-06 2.0415E-05 0.0000E+00
 0.0000E+00 6.5629E-05 7.1569E-06 1.2549E-05 3.6132E-06 7.9135E-05 1.0003E-04 3.1736E-04 1.1614E-03 6.2231E-04 3.2431E-04 3.9906E-04 7.5832E-04 1.7280E-03 4.0857E-03 6.4609E-03 1.0853E-02 6.2703E-03 2.1238E-03 1.5502E-03 6.2742E-04 1.9293E-04 2.2681E-05 2.6628E-05 0.0000E+00
 0.0000E+00 6.4604E-05 1.8608E-05 1.0039E-05 0.0000E+00 4.6550E-06 2.5564E-04 1.6802E-04 1.0374E-03 5.9496E-04 4.6007E-04 4.2453E-04 8.3512E-04 2.2680E-03 4.0737E-03 6.0932E-03 1.0895E-02 5.3076E-03 2.0046E-03 1.4627E-03 5.9440E-04 1.5255E-04 0.0000E+00 3.1954E-05 0.0000E+00
 0.0000E+00 6.1015E-05 8.5883E-06 3.0118E-05 3.6132E-06 1.3965E-05 1.4449E-04 1.3068E-04 9.6563E-04 7.6592E-04 4.6761E-04 4.9245E-04 7.1993E-04 1.9008E-03 4.3260E-03 5.6861E-03 1.0271E-02 5.3836E-03 2.2755E-03 1.1123E-03 5.2175E-04 1.7049E-04 1.0081E-05 3.5504E-05 0.0000E+00
 0.0000E+00 5.6400E-05 1.1451E-05 1.0039E-05 7.2264E-06 1.8620E-05 7.7803E-05 1.4935E-04 9.9173E-04 4.7870E-04 4.6007E-04 5.0943E-04 8.6391E-04 1.6956E-03 4.1338E-03 6.0144E-03 1.1325E-02 5.2823E-03 2.0480E-03 1.3050E-03 6.4063E-04 1.8395E-04 2.5201E-06 4.0830E-05 0.0000E+00
 0.0000E+00 6.7680E-05 1.0020E-05 5.0197E-06 3.6132E-06 4.1895E-05 7.2245E-05 1.8668E-04 9.6563E-04 5.8128E-04 4.9778E-04 5.1793E-04 7.7752E-04 2.0196E-03 4.2419E-03 6.1458E-03 1.0243E-02 5.5736E-03 2.4164E-03 1.1911E-03 5.4817E-04 2.2433E-04 1.5121E-05 3.1066E-05 0.0000E+00
 0.0000E+00 5.5375E-05 1.0020E-05 5.0197E-06 0.0000E+00 2.3275E-05 7.2245E-05 2.2402E-04 1.1548E-03 5.4709E-04 3.8465E-04 3.4811E-04 6.9113E-04 1.9656E-03 3.7973E-03 6.2114E-03 1.0978E-02 5.6750E-03 1.9721E-03 1.1561E-03 3.8966E-04 1.6152E-04 2.5201E-05 3.6392E-05 0.0000E+00
 0.0000E+00 5.7426E-05 5.7255E-06 2.0079E-05 0.0000E+00 2.3275E-05 1.5005E-04 1.2446E-04 9.8520E-04 4.7870E-04 3.6202E-04 4.1604E-04 9.0231E-04 1.7928E-03 3.8574E-03 5.6073E-03 9.6044E-03 5.3456E-03 1.9505E-03 1.0335E-03 4.4910E-04 1.5255E-04 3.0242E-05 4.3492E-05 0.0000E+00
 0.0000E+00 6.3579E-05 1.2882E-05 1.2549E-05 0.0000E+00 1.3965E-05 1.1670E-04 2.4891E-04 1.1679E-03 3.9664E-04 4.0727E-04 4.5849E-04 6.8153E-04 1.6416E-03 3.5329E-03 5.8437E-03 1.0229E-02 5.1683E-03 2.0805E-03 9.7218E-04 4.6891E-04 1.6601E-04 1.2601E-05 3.1954E-05 0.0000E+00
 0.0000E+00 6.7680E-05 8.5883E-06 0.0000E+00 0.0000E+00 0.0000E+00 1.1115E-04 2.3024E-04 8.0252E-04 4.5819E-04 4.1482E-04 4.0755E-04 7.2953E-04 1.7064E-03 3.7853E-03 5.3053E-03 9.8403E-03 5.4216E-03 2.2322E-03 1.0598E-03 4.5570E-04 1.5255E-04 5.0403E-06 3.2841E-05 0.0000E+00
 0.0000E+00 5.6400E-05 7.1569E-06 1.7569E-05 7.2264E-06 3.2585E-05 1.2782E-04 1.8046E-04 8.3514E-04 5.2657E-04 4.3744E-04 4.9245E-04 7.4872E-04 1.6416E-03 3.3407E-03 6.6185E-03 1.0340E-02 5.3203E-03 1.9180E-03 1.3576E-03 4.3589E-04 1.8395E-04 1.7641E-05 3.9942E-05 0.0000E+00
 0.0000E+00 5.9477E-05 2.8628E-06 0.0000E+00 7.2264E-06 1.3965E-05 1.1670E-04 1.1823E-04 8.0252E-04 3.8980E-04 2.8660E-04 4.5000E-04 6.3354E-04 1.9008E-03 3.5930E-03 5.4366E-03 1.0076E-02 5.0036E-03 2.1997E-03 9.3715E-04 4.7552E-04 1.6152E-04 1.7641E-05 4.3492E-05 0.0000E+00
 0.0000E+00 5.9989E-05 5.7255E-06 5.0197E-06 0.0000E+00 5.5860E-05 1.5561E-04 2.2402E-04 9.1996E-04 4.3083E-04 3.8465E-04 3.3962E-04 7.2953E-04 1.6632E-03 3.6651E-03 5.9225E-03 9.9097E-03 4.9656E-03 1.8313E-03 8.9336E-04 4.2929E-04 1.2563E-04 1.2601E-05 2.7516E-05 0.0000E+00
 0.0000E+00 6.1015E-05 1.5745E-05 5.0197E-06 0.0000E+00 1.3965E-05 7.7803E-05 1.2446E-04 8.0252E-04 6.0864E-04 2.1118E-04 5.0943E-04 7.4872E-04 1.5336E-03 3.1965E-03 5.3972E-03 9.4656E-03 5.3076E-03 1.4412E-03 1.0072E-03 3.5664E-04 1.5703E-04 2.5201E-06 2.3078E-05 0.0000E+00
 0.0000E+00 4.7684E-05 7.1569E-06 7.5295E-06 0.0000E+00 3.7240E-05 7.7803E-05 1.6179E-04 8.5471E-04 5.8128E-04 2.7152E-04 3.6509E-04 9.6950E-04 1.9656E-03 3.5930E-03 5.2396E-03 9.1186E-03 4.8769E-03 1.7229E-03 8.3205E-04 4.2929E-04 2.0639E-04 5.0403E-06 3.7279E-05 0.0000E+00
 0.0000E+00 6.1528E-05 4.2941E-06 1.2549E-05 0.0000E+00 1.3965E-05 5.0016E-05 1.9291E-04 7.9599E-04 5.7444E-04 3.8465E-04 2.2925E-04 8.7351E-04 1.5336E-03 3.5209E-03 5.2265E-03 9.6876E-03 5.2823E-03 1.7663E-03 9.6342E-04 5.1514E-04 1.1217E-04 5.0403E-06 2.5740E-05 0.0000E+00
 0.0000E+00 5.4349E-05 1.4314E-06 1.0039E-05 0.0000E+00 2.7930E-05 1.6116E-04 9.3342E-05 7.8294E-04 3.8980E-04 2.6397E-04 4.1604E-04 7.0073E-04 1.5336E-03 3.3527E-03 5.5286E-03 9.2158E-03 4.8896E-03 1.5062E-03 9.9846E-04 5.0194E-04 1.6152E-04 2.0161E-05 3.4616E-05 0.0000E+00
 0.0000E+00 5.4862E-05 1.5745E-05 0.0000E+00 0.0000E+00 2.3275E-05 5.0016E-05 1.7424E-04 7.6337E-04 5.3341E-04 2.7152E-04 2.8019E-04 7.0073E-04 1.2852E-03 3.3287E-03 5.4760E-03 9.1880E-03 4.4462E-03 2.0372E-03 8.0577E-04 3.6324E-04 1.5703E-04 5.0403E-06 3.0178E-05 0.0000E+00
 0.0000E+00 5.9477E-05 5.7255E-06 0.0000E+00 7.2264E-06 3.2585E-05 1.1115E-04 1.1823E-04 7.3075E-04 4.7186E-04 2.4135E-04 3.8208E-04 5.6634E-04 1.4688E-03 3.4368E-03 5.4629E-03 8.9520E-03 5.0163E-03 1.7337E-03 8.8460E-04 4.3589E-04 1.2563E-04 2.5201E-06 2.3078E-05 0.0000E+00
 0.0000E+00 4.8197E-05 8.5883E-06 1.0039E-05 0.0000E+00 0.0000E+00 7.7803E-05 1.0579E-04 7.5684E-04 4.3767E-04 2.4889E-04 2.6321E-04 7.7752E-04 1.6308E-03 2.8840E-03 5.1346E-03 9.3684E-03 4.7249E-03 1.3437E-03 1.0948E-03 2.7739E-04 1.7947E-04 0.0000E+00 2.4853E-05 0.0000E+00
 0.0000E+00 4.7171E-05 8.5883E-06 7.5295E-06 0.0000E+00 2.7930E-05 1.4449E-04 9.3342E-05 9.2648E-04 5.3341E-04 3.0168E-04 3.3962E-04 6.6233E-04 1.1772E-03 3.5810E-03 5.6993E-03 7.8695E-03 4.1169E-03 1.5820E-03 9.4591E-04 4.8212E-04 1.3011E-04 2.5201E-06 2.1302E-05 0.0000E+00
 0.0000E+00 6.4091E-05 1.0020E-05 7.5295E-06 0.0000E+00 4.6550E-06 7.7803E-05 1.3690E-04 6.7202E-04 4.6503E-04 2.1118E-04 3.6509E-04 4.7995E-04 1.5876E-03 3.3046E-03 5.2659E-03 8.9104E-03 4.2942E-03 1.4087E-03 8.6708E-04 5.0194E-04 1.6152E-04 0.0000E+00 2.3965E-05 0.0000E+00
 0.0000E+00 5.0248E-05 7.1569E-06 5.0197E-06 0.0000E+00 2.7930E-05 6.1131E-05 1.3068E-04 7.4379E-04 5.1290E-04 3.1677E-04 3.3113E-04 5.1835E-04 1.3392E-03 3.1724E-03 4.4780E-03 8.3969E-03 4.7376E-03 1.7012E-03 1.0072E-03 3.2362E-04 1.1217E-04 3.2762E-05 2.2190E-05 0.0000E+00
 0.0000E+00 5.3324E-05 2.8628E-06 2.5098E-06 0.0000E+00 4.6550E-06 5.0016E-05 1.6802E-04 8.5471E-04 3.0090E-04 3.0923E-04 2.9717E-04 4.7035E-04 1.2744E-03 3.4008E-03 5.0689E-03 8.6467E-03 4.5982E-03 1.8204E-03 1.0247E-03 4.8212E-04 1.1217E-04 1.0081E-05 3.4616E-05 0.0000E+00
 0.0000E+00 5.2811E-05 4.2941E-06 5.0197E-06 0.0000E+00 4.6550E-06 1.6672E-05 1.2446E-04 7.2422E-04 3.8296E-04 2.3381E-04 2.0377E-04 6.0474E-04 1.2852E-03 3.0643E-03 5.0689E-03 8.3830E-03 4.3449E-03 1.3653E-03 8.7584E-04 4.4910E-04 1.3460E-04 2.5201E-06 2.4853E-05 0.0000E+00
 0.0000E+00 5.4862E-05 2.8628E-06 7.5295E-06 0.0000E+00 1.3965E-05 3.8901E-05 9.3342E-05 8.6776E-04 3.9664E-04 2.3381E-04 3.9057E-04 4.9915E-04 1.1448E-03 3.0402E-03 3.9790E-03 8.2997E-03 4.5729E-03 1.5820E-03 7.6198E-04 4.2929E-04 1.6601E-04 0.0000E+00 1.9527E-05 0.0000E+00
 0.0000E+00 5.3837E-05 4.2941E-06 5.0197E-06 0.0000E+00 1.3965E-05 2.7787E-05 9.9565E-05 6.2635E-04 4.4451E-04 3.0168E-04 3.5660E-04 6.2394E-04 1.3068E-03 3.3767E-03 5.0295E-03 7.8834E-03 4.5602E-03 1.4737E-03 8.9336E-04 3.1041E-04 1.9741E-04 1.0081E-05 2.9291E-05 0.0000E+00
 0.0000E+00 5.2299E-05 1.4314E-06 5.0197E-06 0.0000E+00 2.7930E-05 5.0016E-05 9.3342E-05 8.6776E-04 3.3509E-04 1.9610E-04 2.2925E-04 4.1276E-04 1.3716E-03 2.7398E-03 4.5043E-03 8.8133E-03 3.9015E-03 1.6254E-03 9.8970E-04 4.8212E-04 1.1665E-04 2.2681E-05 2.1302E-05 0.0000E+00
 0.0000E+00 5.1273E-05 7.1569E-06 2.5098E-06 0.0000E+00 4.6550E-06 1.0003E-04 1.0579E-04 7.0465E-04 3.6245E-04 2.4889E-04 3.2264E-04 4.8955E-04 1.4040E-03 3.1484E-03 4.5699E-03 9.2019E-03 4.5222E-03 1.4954E-03 7.7074E-04 3.6324E-04 2.2882E-04 1.2601E-05 1.2426E-05 0.0000E+00
 0.0000E+00 4.9222E-05 8.5883E-06 1.0039E-05 3.6132E-06 9.3100E-06 3.3344E-05 1.4935E-04 6.6550E-04 4.2399E-04 2.9414E-04 1.8679E-04 3.8396E-04 1.0044E-03 2.6797E-03 4.9639E-03 8.3969E-03 4.0029E-03 1.4303E-03 8.0577E-04 4.6891E-04 1.1665E-04 1.5121E-05 3.9942E-05 0.0000E+00
 0.0000E+00 4.6658E-05 7.1569E-06 1.7569E-05 7.2264E-06 3.2585E-05 1.0003E-04 1.5557E-04 5.0891E-04 3.7612E-04 1.6593E-04 2.8868E-04 4.6075E-04 1.2204E-03 2.4034E-03 4.7144E-03 7.4392E-03 4.4969E-03 1.5820E-03 7.6198E-04 4.9533E-04 2.1985E-04 1.0081E-05 2.7516E-05 0.0000E+00
 0.0000E+00 4.8197E-05 2.8628E-06 0.0000E+00 0.0000E+00 9.3100E-06 5.5573E-05 7.4674E-05 5.5458E-04 4.7186E-04 2.7152E-04 3.3113E-04 4.8955E-04 1.1556E-03 2.7278E-03 4.3204E-03 8.7300E-03 4.2056E-03 1.0944E-03 9.8094E-04 3.6324E-04 1.8395E-04 1.5121E-05 1.5089E-05 0.0000E+00
 0.0000E+00 4.2557E-05 2.8628E-06 1.0039E-05 0.0000E+00 1.3965E-05 6.1131E-05 1.2446E-04 5.4806E-04 3.5561E-04 2.7906E-04 3.3113E-04 5.3755E-04 1.0800E-03 2.1991E-03 4.6356E-03 7.9528E-03 3.8129E-03 1.3978E-03 7.2695E-04 4.8873E-04 1.0768E-04 5.0403E-06 2.3965E-05 0.0000E+00
 0.0000E+00 4.7171E-05 8.5883E-06 5.0197E-06 0.0000E+00 1.3965E-05 5.0016E-05 1.1201E-04 7.3727E-04 3.2825E-04 3.1677E-04 3.7359E-04 4.2236E-04 1.0152E-03 3.1003E-03 4.4911E-03 8.4246E-03 4.1295E-03 1.4737E-03 4.9923E-04 3.4343E-04 8.9733E-05 1.0081E-05 1.2426E-05 0.0000E+00
 0.0000E+00 4.5120E-05 5.7255E-06 0.0000E+00 0.0000E+00 2.3275E-05 3.3344E-05 9.9565E-05 5.4806E-04 3.3509E-04 2.6397E-04 1.8679E-04 3.6476E-04 1.3500E-03 2.7278E-03 4.3204E-03 7.3976E-03 4.2436E-03 1.0728E-03 8.0577E-04 3.7645E-04 1.5255E-04 1.0081E-05 3.1066E-05 0.0000E+00
 0.0000E+00 4.7684E-05 1.2882E-05 5.0197E-06 0.0000E+00 4.6550E-06 5.5573E-05 6.2228E-05 8.8081E-04 3.2141E-04 2.5643E-04 4.1604E-04 4.1276E-04 1.1016E-03 3.0763E-03 4.3335E-03 7.0922E-03 3.4202E-03 1.2461E-03 1.0510E-03 5.9440E-04 9.8706E-05 1.0081E-05 2.9291E-05 0.0000E+00
 0.0000E+00 3.7429E-05 2.8628E-06 0.0000E+00 0.0000E+00 1.8620E-05 6.1131E-05 9.3342E-05 5.3501E-04 2.6671E-04 1.6593E-04 2.2075E-04 4.2236E-04 8.5319E-04 2.8360E-03 4.3204E-03 8.7994E-03 4.2689E-03 1.1486E-03 9.5466E-04 4.4910E-04 9.8706E-05 2.5201E-06 2.4853E-05 0.0000E+00
 0.0000E+00 4.6658E-05 2.8628E-06 7.5295E-06 3.6132E-06 3.2585E-05 6.1131E-05 6.2228E-05 6.2635E-04 3.6245E-04 2.2626E-04 2.8019E-04 5.1835E-04 7.4519E-04 2.3673E-03 4.2022E-03 8.2581E-03 3.9902E-03 1.1269E-03 8.9336E-04 2.6418E-04 1.6601E-04 1.2601E-05 3.4616E-05 0.0000E+00
 0.0000E+00 5.5375E-05 1.1451E-05 0.0000E+00 0.0000E+00 2.3275E-05 7.2245E-05 9.3342E-05 5.2196E-04 2.8722E-04 1.8855E-04 2.3774E-04 4.7995E-04 1.0368E-03 2.3913E-03 4.4911E-03 7.4531E-03 3.7749E-03 1.3220E-03 8.3205E-04 3.6985E-04 1.6152E-04 2.5201E-06 3.0178E-05 0.0000E+00
 0.0000E+00 3.7942E-05 1.1451E-05 0.0000E+00 0.0000E+00 1.3965E-05 9.4475E-05 8.7119E-05 6.8507E-04 3.2141E-04 3.6956E-04 3.3113E-04 4.3196E-04 1.0044E-03 2.5836E-03 4.1760E-03 7.5503E-03 3.7749E-03 1.1161E-03 7.2695E-04 4.4250E-04 8.5246E-05 2.5201E-06 1.9527E-05 0.0000E+00
 0.0000E+00 4.8197E-05 1.4314E-06 2.5098E-06 0.0000E+00 1.3965E-05 5.5573E-05 9.9565E-05 6.3940E-04 1.6413E-04 1.9610E-04 3.5660E-04 5.7594E-04 1.0908E-03 2.7518E-03 3.9790E-03 7.8140E-03 3.9649E-03 1.2570E-03 6.4812E-04 4.5570E-04 1.2114E-04 5.0403E-06 1.4202E-05 0.0000E+00
 0.0000E+00 4.4608E-05 4.2941E-06 0.0000E+00 0.0000E+00 1.3965E-05 1.0003E-04 4.3560E-05 6.9812E-04 3.8296E-04 3.0168E-04 2.1226E-04 4.3196E-04 9.2879E-04 2.3913E-03 3.8739E-03 7.6890E-03 4.0282E-03 1.2895E-03 7.6198E-04 3.5664E-04 9.8706E-05 0.0000E+00 2.0415E-05 0.0000E+00
 0.0000E+00 3.4353E-05 5.7255E-06 2.5098E-06 0.0000E+00 4.6550E-06 4.4459E-05 9.3342E-05 6.3288E-04 2.6671E-04 2.3381E-04 1.6132E-04 3.6476E-04 6.3719E-04 2.3072E-03 3.7557E-03 7.6335E-03 4.0662E-03 8.3437E-04 7.4446E-04 4.5570E-04 1.5255E-04 2.5201E-06 1.9527E-05 0.0000E+00
 0.0000E+00 4.5120E-05 5.7255E-06 1.0039E-05 0.0000E+00 0.0000E+00 3.3344E-05 8.0896E-05 6.3288E-04 3.3509E-04 2.1118E-04 3.0566E-04 4.6075E-04 9.0719E-04 2.3793E-03 4.3073E-03 7.4809E-03 3.8129E-03 1.2570E-03 7.0067E-04 3.5003E-04 1.5703E-04 7.5604E-06 2.4853E-05 0.0000E+00
 0.0000E+00 4.9222E-05 5.7255E-06 2.5098E-06 0.0000E+00 0.0000E+00 2.7787E-05 9.9565E-05 5.6763E-04 2.7354E-04 2.2626E-04 2.2925E-04 2.8797E-04 8.0999E-04 2.5596E-03 3.7032E-03 7.0090E-03 3.2808E-03 1.2245E-03 6.9191E-04 3.6324E-04 8.0760E-05 1.0081E-05 2.7516E-05 0.0000E+00
 0.0000E+00 5.3837E-05 5.7255E-06 7.5295E-06 0.0000E+00 0.0000E+00 2.2229E-05 6.2228E-05 4.5672E-04 2.3935E-04 1.8855E-04 2.8868E-04 3.4557E-04 9.0719E-04 2.6437E-03 4.0184E-03 6.9118E-03 3.5595E-03 1.0944E-03 7.7074E-04 3.3022E-04 1.6152E-04 0.0000E+00 2.2190E-05 0.0000E+00
 0.0000E+00 5.3837E-05 4.2941E-06 2.5098E-06 0.0000E+00 0.0000E+00 1.1115E-05 2.4891E-05 5.4806E-04 2.4619E-04 1.4330E-04 1.7830E-04 4.3196E-04 8.5319E-04 2.3313E-03 4.2941E-03 6.8841E-03 3.1542E-03 9.5356E-04 8.5832E-04 2.7078E-04 1.6601E-04 5.0403E-06 1.5089E-05 0.0000E+00
 0.0000E+00 5.6913E-05 7.1569E-06 0.0000E+00 3.6132E-06 4.6550E-06 8.3360E-05 1.0579E-04 6.1983E-04 2.8038E-04 1.8101E-04 2.1226E-04 4.2236E-04 6.8039E-04 2.1270E-03 3.7426E-03 5.9819E-03 2.8121E-03 1.1378E-03 6.5688E-04 3.8306E-04 1.2114E-04 2.5201E-06 1.4202E-05 0.0000E+00
 0.0000E+00 5.0760E-05 4.2941E-06 7.5295E-06 3.6132E-06 4.6550E-06 2.2229E-05 4.3560E-05 5.6763E-04 2.5303E-04 2.7152E-04 1.6132E-04 3.2637E-04 7.2359E-04 2.5836E-03 3.2436E-03 6.5787E-03 3.1035E-03 1.1920E-03 6.6564E-04 3.3022E-04 1.0319E-04 1.0081E-05 2.3965E-05 0.0000E+00
 0.0000E+00 4.8709E-05 1.2882E-05 5.0197E-06 0.0000E+00 9.3100E-06 1.6672E-05 9.3342E-05 3.3275E-04 2.8722E-04 1.9610E-04 1.6981E-04 3.9356E-04 8.6399E-04 2.2111E-03 3.5062E-03 6.8841E-03 2.9768E-03 1.0728E-03 5.4302E-04 3.1041E-04 1.1665E-04 0.0000E+00 2.3078E-05 0.0000E+00
 0.0000E+00 4.9735E-05 7.1569E-06 0.0000E+00 0.0000E+00 9.3100E-06 3.3344E-05 5.6005E-05 6.2635E-04 2.1884E-04 2.7152E-04 2.5472E-04 4.8955E-04 8.3159E-04 2.3313E-03 3.5982E-03 6.5787E-03 3.2682E-03 8.9938E-04 7.0067E-04 4.4250E-04 1.1217E-04 2.5201E-06 1.4202E-05 0.0000E+00
 0.0000E+00 4.7684E-05 8.5883E-06 5.0197E-06 0.0000E+00 9.3100E-06 6.1131E-05 6.2228E-05 5.6111E-04 2.9406E-04 1.5084E-04 2.5472E-04 2.8797E-04 8.2079E-04 2.1029E-03 3.4143E-03 6.4677E-03 3.3948E-03 9.5356E-04 6.3060E-04 2.4436E-04 6.2813E-05 1.2601E-05 1.5977E-05 0.0000E+00
 0.0000E+00 3.4866E-05 2.8628E-06 0.0000E+00 0.0000E+00 9.3100E-06 1.1115E-05 4.3560E-05 5.6763E-04 2.4619E-04 1.2067E-04 2.6321E-04 4.6075E-04 8.9639E-04 1.8626E-03 3.4931E-03 6.7591E-03 3.1795E-03 1.3111E-03 6.9191E-04 4.0947E-04 1.0319E-04 7.5604E-06 7.9884E-06 0.0000E+00
 0.0000E+00 4.7684E-05 1.4314E-06 2.5098E-06 3.6132E-06 1.8620E-05 6.6688E-05 5.6005E-05 5.1544E-04 2.8722E-04 1.2067E-04 1.6981E-04 3.8396E-04 4.5359E-04 2.1871E-03 3.8214E-03 7.0506E-03 3.4708E-03 1.2570E-03 5.6930E-04 3.8966E-04 3.5893E-05 2.5201E-06 1.9527E-05 0.0000E+00
 0.0000E+00 3.5891E-05 8.5883E-06 5.0197E-06 0.0000E+00 0.0000E+00 1.1115E-05 1.8668E-05 5.3501E-04 2.8038E-04 1.9610E-04 1.4434E-04 4.8955E-04 9.2879E-04 2.2111E-03 2.9284E-03 6.0791E-03 3.0908E-03 1.1053E-03 6.4812E-04 2.7078E-04 7.6273E-05 2.5201E-06 2.5740E-05 0.0000E+00
 0.0000E+00 4.5633E-05 8.5883E-06 2.5098E-06 0.0000E+00 0.0000E+00 5.5573E-05 8.0896E-05 3.9800E-04 2.8722E-04 1.2822E-04 2.1226E-04 2.8797E-04 7.7759E-04 1.9708E-03 3.7295E-03 7.0784E-03 3.1415E-03 9.1022E-04 5.7805E-04 3.4343E-04 1.0768E-04 2.5201E-06 1.5977E-05 0.0000E+00
 0.0000E+00 3.6917E-05 5.7255E-06 2.5098E-06 0.0000E+00 1.3965E-05 2.2229E-05 4.9782E-05 5.2849E-04 2.2567E-04 1.6593E-04 1.5283E-04 3.0717E-04 7.7759E-04 1.9347E-03 3.3224E-03 6.7175E-03 3.3568E-03 9.4273E-04 5.6930E-04 2.7078E-04 1.1665E-04 2.5201E-06 2.4853E-05 0.0000E+00
 0.0000E+00 3.9480E-05 1.4314E-06 5.0197E-06 0.0000E+00 0.0000E+00 1.6672E-05 1.4312E-04 4.0452E-04 3.0090E-04 1.9610E-04 1.2736E-04 3.9356E-04 7.9919E-04 1.9227E-03 3.3093E-03 6.0097E-03 2.8248E-03 8.0186E-04 6.2185E-04 4.2268E-04 8.0760E-05 2.5201E-06 8.8760E-06 0.0000E+00
 0.0000E+00 4.2044E-05 4.2941E-06 5.0197E-06 0.0000E+00 9.3100E-06 2.7787E-05 1.1201E-04 4.1757E-04 1.9832E-04 2.0364E-04 2.5472E-04 2.8797E-04 6.0479E-04 1.8506E-03 3.5194E-03 6.6065E-03 3.2048E-03 1.0836E-03 4.5544E-04 3.3683E-04 1.1665E-04 2.5201E-06 2.2190E-05 0.0000E+00
 0.0000E+00 4.2044E-05 5.7255E-06 0.0000E+00 0.0000E+00 1.3965E-05 1.6672E-05 2.4891E-05 5.2849E-04 2.5987E-04 1.2822E-04 1.4434E-04 3.2637E-04 6.8039E-04 1.9467E-03 3.4931E-03 6.7730E-03 2.7995E-03 9.3189E-04 4.8171E-04 3.3022E-04 1.3460E-04 0.0000E+00 1.4202E-05 0.0000E+00
 0.0000E+00 3.7429E-05 1.1451E-05 0.0000E+00 0.0000E+00 0.0000E+00 1.1115E-05 5.6005E-05 4.3062E-04 2.8038E-04 1.7347E-04 9.3396E-05 3.4557E-04 8.0999E-04 1.8025E-03 2.6001E-03 5.6627E-03 2.8248E-03 7.6935E-04 6.0433E-04 2.4436E-04 1.2114E-04 5.0403E-06 1.8640E-05 0.0000E+00
 0.0000E+00 2.9738E-05 4.2941E-06 7.5295E-06 0.0000E+00 9.3100E-06 3.3344E-05 4.3560E-05 5.3501E-04 1.9832E-04 1.3576E-04 2.2925E-04 2.8797E-04 6.6959E-04 1.8987E-03 2.5213E-03 5.1630E-03 3.0022E-03 8.5604E-04 5.5178E-04 3.5003E-04 7.6273E-05 5.0403E-06 2.2190E-05 0.0000E+00
 0.0000E+00 4.2044E-05 1.4314E-06 7.5295E-06 0.0000E+00 4.6550E-06 2.7787E-05 3.7337E-05 4.6324E-04 1.6413E-04 1.4330E-04 1.7830E-04 2.3998E-04 6.2639E-04 2.2231E-03 2.6001E-03 5.5517E-03 2.7995E-03 1.1486E-03 5.3426E-04 1.3869E-04 1.4357E-04 7.5604E-06 2.3965E-05 0.0000E+00
 0.0000E+00 4.6658E-05 8.5883E-06 0.0000E+00 0.0000E+00 9.3100E-06 3.3344E-05 4.3560E-05 3.7842E-04 3.0774E-04 1.5084E-04 8.4906E-05 2.5917E-04 7.7759E-04 1.5742E-03 2.9678E-03 6.2456E-03 2.8501E-03 9.3189E-04 4.2040E-04 2.6418E-04 1.1217E-04 5.0403E-06 2.0415E-05 0.0000E+00
 0.0000E+00 4.4095E-05 4.2941E-06 1.0039E-05 0.0000E+00 0.0000E+00 0.0000E+00 1.2446E-05 4.6324E-04 1.8464E-04 1.5838E-04 7.6415E-05 2.3998E-04 5.8319E-04 1.6343E-03 2.7840E-03 5.7321E-03 2.7108E-03 8.3437E-04 5.7805E-04 2.6418E-04 1.2114E-04 0.0000E+00 2.1302E-05 0.0000E+00
 0.0000E+00 3.4353E-05 8.5883E-06 2.5098E-06 0.0000E+00 4.6550E-06 1.1115E-05 6.2228E-05 4.1757E-04 1.9148E-04 1.5084E-04 1.1038E-04 3.0717E-04 4.9679E-04 1.4781E-03 2.6395E-03 5.3851E-03 3.1035E-03 7.5852E-04 5.6930E-04 2.9720E-04 8.0760E-05 1.2601E-05 1.2426E-05 0.0000E+00
 0.0000E+00 4.2557E-05 5.7255E-06 2.5098E-06 0.0000E+00 4.6550E-06 3.8901E-05 2.4891E-05 4.3714E-04 2.1200E-04 3.7711E-05 2.1226E-04 2.9757E-04 4.6439E-04 1.7424E-03 3.1123E-03 5.8431E-03 2.9768E-03 8.4520E-04 5.0799E-04 3.6324E-04 1.2563E-04 1.5121E-05 1.6864E-05 0.0000E+00
 0.0000E+00 2.7687E-05 1.4314E-06 0.0000E+00 0.0000E+00 4.6550E-06 5.5573E-05 6.2228E-06 4.4367E-04 1.2309E-04 1.0559E-04 1.3585E-04 1.9198E-04 7.5599E-04 1.3579E-03 2.5607E-03 5.7598E-03 2.6221E-03 6.8266E-04 4.5544E-04 2.7739E-04 9.4220E-05 2.5201E-06 1.7752E-05 0.0000E+00
 0.0000E+00 3.4353E-05 5.7255E-06 0.0000E+00 0.0000E+00 0.0000E+00 4.4459E-05 1.2446E-05 4.6976E-04 1.0258E-04 1.2822E-04 1.1887E-04 1.9198E-04 4.9679E-04 1.6824E-03 2.7971E-03 6.0374E-03 2.7615E-03 1.0186E-03 6.7440E-04 3.2362E-04 9.8706E-05 2.5201E-06 1.8640E-05 0.0000E+00
 0.0000E+00 3.9993E-05 2.8628E-06 7.5295E-06 0.0000E+00 1.8620E-05 1.6672E-05 2.4891E-05 4.3714E-04 2.3935E-04 2.0364E-04 1.2736E-04 3.0717E-04 5.8319E-04 1.6343E-03 2.6921E-03 5.7460E-03 2.6348E-03 8.9938E-04 5.6054E-04 3.3683E-04 9.8706E-05 5.0403E-06 1.1539E-05 0.0000E+00
 0.0000E+00 6.0502E-05 2.8628E-06 0.0000E+00 0.0000E+00 4.6550E-06 4.4459E-05 6.2228E-05 3.3927E-04 1.7780E-04 1.5838E-04 1.5283E-04 2.1118E-04 8.2079E-04 1.7545E-03 2.4425E-03 5.4267E-03 2.6095E-03 6.6099E-04 4.9047E-04 3.2362E-04 9.4220E-05 0.0000E+00 1.2426E-05 0.0000E+00
 0.0000E+00 4.2557E-05 7.1569E-06 2.5098E-06 0.0000E+00 0.0000E+00 1.1115E-05 5.6005E-05 4.2409E-04 1.7097E-04 1.5084E-04 8.4906E-05 2.2078E-04 5.8319E-04 1.9227E-03 3.0991E-03 5.7043E-03 2.7741E-03 9.7523E-04 5.4302E-04 2.9720E-04 1.0768E-04 1.7641E-05 1.8640E-05 0.0000E+00
 0.0000E+00 3.9993E-05 1.4314E-06 5.0197E-06 0.0000E+00 4.6550E-06 1.6672E-05 2.4891E-05 4.8281E-04 2.1884E-04 2.2626E-05 1.1038E-04 2.3038E-04 6.2639E-04 1.5381E-03 2.5870E-03 5.3157E-03 2.4828E-03 1.0402E-03 3.5034E-04 1.7832E-04 1.1217E-04 2.5201E-06 1.2426E-05 0.0000E+00
 0.0000E+00 4.0506E-05 0.0000E+00 0.0000E+00 0.0000E+00 0.0000E+00 1.6672E-05 4.3560E-05 3.2623E-04 2.0516E-04 1.3576E-04 1.1887E-04 3.3597E-04 4.8599E-04 1.6343E-03 2.8365E-03 5.3574E-03 2.4701E-03 8.1269E-04 4.6419E-04 3.1701E-04 1.0319E-04 5.0403E-06 2.0415E-05 0.0000E+00
 0.0000E+00 3.0251E-05 2.8628E-06 0.0000E+00 0.0000E+00 0.0000E+00 2.2229E-05 4.3560E-05 3.3927E-04 2.0516E-04 1.1313E-04 1.1887E-04 1.7278E-04 6.8039E-04 1.5862E-03 2.4425E-03 5.4406E-03 2.5461E-03 5.7430E-04 4.2916E-04 3.1701E-04 6.2813E-05 0.0000E+00 2.3078E-05 0.0000E+00
 0.0000E+00 3.7942E-05 1.0020E-05 0.0000E+00 0.0000E+00 1.8620E-05 2.7787E-05 3.7337E-05 3.1970E-04 2.0516E-04 1.1313E-04 2.0377E-04 3.3597E-04 5.8319E-04 1.5141E-03 2.6527E-03 4.8855E-03 2.2295E-03 8.3437E-04 5.3426E-04 3.3683E-04 1.2563E-04 7.5604E-06 1.0651E-05 0.0000E+00
 0.0000E+00 4.2044E-05 7.1569E-06 0.0000E+00 0.0000E+00 0.0000E+00 1.6672E-05 3.7337E-05 3.9800E-04 2.1884E-04 1.6593E-04 5.0943E-05 1.3439E-04 6.3719E-04 1.4781E-03 2.7314E-03 4.8161E-03 2.1534E-03 7.8019E-04 4.5544E-04 2.5757E-04 5.8326E-05 7.5604E-06 1.4202E-05 0.0000E+00
 0.0000E+00 4.6658E-05 0.0000E+00 2.5098E-06 0.0000E+00 0.0000E+00 3.3344E-05 4.3560E-05 2.0878E-04 1.6413E-04 1.0559E-04 7.6415E-05 2.3038E-04 5.7239E-04 1.4540E-03 2.5345E-03 5.5794E-03 2.5968E-03 8.4520E-04 4.5544E-04 3.5003E-04 6.2813E-05 2.5201E-06 1.6864E-05 0.0000E+00
 0.0000E+00 3.9480E-05 0.0000E+00 0.0000E+00 0.0000E+00 2.7930E-05 2.2229E-05 3.1114E-05 3.6537E-04 1.5729E-04 1.5084E-04 3.3962E-05 2.7837E-04 6.3719E-04 1.4300E-03 2.3638E-03 4.5524E-03 2.6475E-03 7.2601E-04 4.2916E-04 3.8306E-04 8.9733E-05 0.0000E+00 1.2426E-05 0.0000E+00
 0.0000E+00 3.9480E-05 0.0000E+00 2.5098E-06 0.0000E+00 4.6550E-06 5.5573E-05 4.3560E-05 3.7842E-04 1.8464E-04 6.0337E-05 7.6415E-05 1.9198E-04 5.0759E-04 1.7424E-03 2.5082E-03 5.1492E-03 2.1534E-03 7.0434E-04 5.8681E-04 2.6418E-04 9.4220E-05 2.5201E-06 8.8760E-06 0.0000E+00
 0.0000E+00 4.1018E-05 4.2941E-06 0.0000E+00 0.0000E+00 0.0000E+00 5.5573E-06 1.8668E-05 4.0452E-04 1.7780E-04 7.5421E-05 7.6415E-05 2.1118E-04 6.4799E-04 1.4901E-03 2.3900E-03 5.4129E-03 2.3561E-03 6.7183E-04 5.5178E-04 1.7832E-04 1.1665E-04 0.0000E+00 1.4202E-05 0.0000E+00
 0.0000E+00 3.7429E-05 2.8628E-06 5.0197E-06 0.0000E+00 0.0000E+00 6.1131E-05 4.9782E-05 3.0665E-04 1.6413E-04 1.0559E-04 9.3396E-05 2.4957E-04 4.8599E-04 1.5141E-03 2.6264E-03 4.8993E-03 2.4575E-03 9.5356E-04 4.9923E-04 2.9059E-04 5.3840E-05 0.0000E+00 1.0651E-05 0.0000E+00
 0.0000E+00 2.8200E-05 0.0000E+00 0.0000E+00 0.0000E+00 0.0000E+00 2.7787E-05 4.3560E-05 3.3927E-04 9.5740E-05 1.2067E-04 5.9434E-05 2.8797E-04 3.6720E-04 1.3939E-03 2.1668E-03 4.4413E-03 2.1788E-03 5.9598E-04 3.8537E-04 4.0947E-04 8.9733E-05 0.0000E+00 1.4202E-05 0.0000E+00
 0.0000E+00 4.4608E-05 1.4314E-06 0.0000E+00 0.0000E+00 0.0000E+00 2.7787E-05 1.8668E-05 2.5446E-04 1.2309E-04 1.0559E-04 1.4434E-04 1.7278E-04 4.7519E-04 1.1776E-03 2.0748E-03 5.5378E-03 2.0774E-03 6.9350E-04 4.2916E-04 2.4436E-04 6.7300E-05 1.2601E-05 1.2426E-05 0.0000E+00
 0.0000E+00 3.5891E-05 2.8628E-06 0.0000E+00 0.0000E+00 0.0000E+00 0.0000E+00 3.7337E-05 2.6751E-04 1.0942E-04 6.7879E-05 8.4906E-05 1.4399E-04 6.3719E-04 1.4420E-03 2.4163E-03 4.8577E-03 2.0394E-03 8.0186E-04 4.8171E-04 2.5757E-04 9.4220E-05 0.0000E+00 1.2426E-05 0.0000E+00
 0.0000E+00 3.7942E-05 0.0000E+00 0.0000E+00 0.0000E+00 0.0000E+00 3.3344E-05 3.1114E-05 3.5885E-04 2.8722E-04 1.0559E-04 1.1038E-04 1.2479E-04 4.7519E-04 1.1055E-03 2.1799E-03 4.1499E-03 2.2295E-03 5.0929E-04 4.8171E-04 2.5097E-04 6.7300E-05 2.5201E-06 7.9884E-06 0.0000E+00
 0.0000E+00 4.6146E-05 5.7255E-06 0.0000E+00 0.0000E+00 0.0000E+00 1.1115E-05 1.2446E-05 3.7190E-04 1.7097E-04 3.7711E-05 8.4906E-05 1.7278E-04 5.9399E-04 1.0214E-03 2.1668E-03 4.6079E-03 2.2675E-03 5.7430E-04 2.5399E-04 2.7078E-04 7.1786E-05 2.5201E-06 1.5977E-05 0.0000E+00
 0.0000E+00 3.2815E-05 5.7255E-06 2.5098E-06 0.0000E+00 4.6550E-06 1.1115E-05 3.1114E-05 2.2836E-04 1.2993E-04 5.2795E-05 7.6415E-05 1.3439E-04 5.1839E-04 1.4901E-03 2.7183E-03 5.0798E-03 2.0648E-03 6.8266E-04 5.3426E-04 2.3776E-04 8.0760E-05 0.0000E+00 1.5977E-05 0.0000E+00
 0.0000E+00 4.2044E-05 1.4314E-06 0.0000E+00 0.0000E+00 4.6550E-06 2.2229E-05 7.4674E-05 2.9360E-04 1.9148E-04 8.2963E-05 4.2453E-05 1.9198E-04 5.9399E-04 1.3459E-03 2.4951E-03 4.7189E-03 1.5961E-03 5.9598E-04 4.8171E-04 2.7078E-04 7.1786E-05 0.0000E+00 6.2132E-06 0.0000E+00
 0.0000E+00 3.0251E-05 5.7255E-06 0.0000E+00 3.6132E-06 0.0000E+00 2.2229E-05 1.2446E-05 2.4793E-04 1.9832E-04 9.8048E-05 1.1887E-04 2.3038E-04 4.3200E-04 1.4060E-03 2.4557E-03 4.6773E-03 1.7354E-03 4.5511E-04 3.0654E-04 2.1795E-04 8.0760E-05 0.0000E+00 1.8640E-05 0.0000E+00
 0.0000E+00 3.9993E-05 2.8628E-06 0.0000E+00 0.0000E+00 0.0000E+00 1.6672E-05 4.9782E-05 2.6098E-04 1.2309E-04 6.0337E-05 7.6415E-05 2.8797E-04 4.3200E-04 1.3218E-03 1.9041E-03 5.4545E-03 2.4701E-03 6.2848E-04 4.0289E-04 3.1041E-04 6.7300E-05 2.5201E-06 7.1008E-06 0.0000E+00
 0.0000E+00 4.6658E-05 5.7255E-06 0.0000E+00 0.0000E+00 4.6550E-06 1.1115E-05 0.0000E+00 2.4141E-04 1.6413E-04 6.7879E-05 1.3585E-04 1.2479E-04 4.7519E-04 1.1176E-03 2.1405E-03 4.3719E-03 2.0648E-03 7.0434E-04 3.1530E-04 2.9059E-04 7.6273E-05 2.5201E-06 9.7636E-06 0.0000E+00
 0.0000E+00 3.1789E-05 4.2941E-06 0.0000E+00 0.0000E+00 0.0000E+00 5.5573E-06 2.4891E-05 2.8055E-04 1.5729E-04 1.1313E-04 2.5472E-05 2.3998E-04 6.3719E-04 1.2738E-03 2.0486E-03 4.7605E-03 2.1788E-03 4.1177E-04 3.7661E-04 2.7078E-04 9.4220E-05 2.5201E-06 1.4202E-05 0.0000E+00
 0.0000E+00 3.4353E-05 0.0000E+00 0.0000E+00 0.0000E+00 0.0000E+00 4.4459E-05 6.2228E-06 3.6537E-04 1.5045E-04 3.7711E-05 1.6981E-05 2.6877E-04 3.3480E-04 1.2738E-03 2.3112E-03 4.7328E-03 1.7734E-03 5.5263E-04 3.5034E-04 1.9813E-04 3.5893E-05 0.0000E+00 9.7636E-06 0.0000E+00
 0.0000E+00 4.1531E-05 1.4314E-06 0.0000E+00 0.0000E+00 0.0000E+00 1.6672E-05 3.1114E-05 2.7403E-04 9.5740E-05 6.7879E-05 5.9434E-05 2.1118E-04 3.4560E-04 1.3339E-03 2.1668E-03 4.6079E-03 2.0521E-03 6.3932E-04 4.9047E-04 2.2455E-04 6.2813E-05 5.0403E-06 7.9884E-06 0.0000E+00
 0.0000E+00 3.6404E-05 4.2941E-06 0.0000E+00 0.0000E+00 0.0000E+00 0.0000E+00 1.2446E-05 2.0878E-04 6.1547E-05 7.5421E-05 1.1887E-04 2.2078E-04 4.4280E-04 1.2618E-03 2.0880E-03 4.2748E-03 2.2675E-03 4.9845E-04 4.0289E-04 2.1134E-04 9.8706E-05 7.5604E-06 8.8760E-06 0.0000E+00
 0.0000E+00 3.1789E-05 5.7255E-06 7.5295E-06 0.0000E+00 0.0000E+00 5.5573E-06 3.1114E-05 2.5446E-04 1.5729E-04 6.7879E-05 2.5472E-05 1.6318E-04 3.1320E-04 1.2618E-03 2.2062E-03 4.5662E-03 2.0394E-03 2.9257E-04 3.1530E-04 1.8492E-04 4.4866E-05 5.0403E-06 7.9884E-06 0.0000E+00
 0.0000E+00 2.4098E-05 1.4314E-06 2.5098E-06 0.0000E+00 0.0000E+00 0.0000E+00 1.2446E-05 2.0226E-04 1.1626E-04 6.0337E-05 7.6415E-05 1.1519E-04 3.2400E-04 1.1656E-03 1.7991E-03 3.9972E-03 1.9634E-03 5.4180E-04 3.3282E-04 2.7078E-04 9.8706E-05 0.0000E+00 1.4202E-05 0.0000E+00
 0.0000E+00 4.4095E-05 0.0000E+00 5.0197E-06 0.0000E+00 0.0000E+00 5.5573E-06 1.8668E-05 3.1970E-04 1.5729E-04 9.0505E-05 7.6415E-05 1.4399E-04 4.3200E-04 1.2137E-03 1.7203E-03 3.3865E-03 1.7228E-03 5.0929E-04 3.1530E-04 2.5757E-04 6.7300E-05 0.0000E+00 1.1539E-05 0.0000E+00
 0.0000E+00 2.9738E-05 1.4314E-06 0.0000E+00 0.0000E+00 0.0000E+00 5.5573E-06 3.7337E-05 1.6964E-04 1.5045E-04 5.2795E-05 5.9434E-05 1.2479E-04 3.5640E-04 9.4933E-04 2.0880E-03 4.2609E-03 1.6721E-03 5.8514E-04 2.8903E-04 2.1134E-04 6.7300E-05 0.0000E+00 1.6864E-05 0.0000E+00
 0.0000E+00 2.7175E-05 1.4314E-06 0.0000E+00 0.0000E+00 0.0000E+00 1.1115E-05 3.7337E-05 2.0878E-04 1.6413E-04 5.2795E-05 7.6415E-05 1.4399E-04 4.2120E-04 1.0935E-03 2.3375E-03 4.4968E-03 1.8114E-03 6.2848E-04 3.5034E-04 1.7171E-04 7.1786E-05 2.5201E-06 1.5089E-05 0.0000E+00
 0.0000E+00 2.6149E-05 1.4314E-06 0.0000E+00 0.0000E+00 0.0000E+00 1.1115E-05 2.4891E-05 2.5446E-04 1.3677E-04 6.0337E-05 5.9434E-05 1.0559E-04 3.6720E-04 8.4118E-04 2.0880E-03 4.2193E-03 1.7228E-03 6.3932E-04 3.5034E-04 2.4436E-04 4.9353E-05 7.5604E-06 1.0651E-05 0.0000E+00
 0.0000E+00 3.2815E-05 2.8628E-06 0.0000E+00 0.0000E+00 0.0000E+00 0.0000E+00 1.8668E-05 2.0878E-04 1.2309E-04 9.8048E-05 1.0189E-04 1.3439E-04 1.6200E-04 1.0334E-03 2.2718E-03 4.3442E-03 1.9634E-03 2.8173E-04 4.6419E-04 2.0474E-04 8.5246E-05 0.0000E+00 1.8640E-05 0.0000E+00
 0.0000E+00 2.5124E-05 4.2941E-06 2.5098E-06 0.0000E+00 0.0000E+00 3.3344E-05 7.4674E-05 1.6964E-04 6.1547E-05 3.7711E-05 7.6415E-05 1.8238E-04 2.3760E-04 9.1328E-04 1.8253E-03 4.5940E-03 1.7101E-03 4.9845E-04 2.8903E-04 2.7739E-04 7.6273E-05 2.5201E-06 8.8760E-06 0.0000E+00
 0.0000E+00 2.9738E-05 0.0000E+00 0.0000E+00 0.0000E+00 0.0000E+00 5.5573E-06 1.2446E-05 2.8708E-04 1.2993E-04 1.2822E-04 5.0943E-05 1.5358E-04 2.7000E-04 1.1897E-03 1.7465E-03 4.5246E-03 2.0014E-03 4.4427E-04 2.6275E-04 2.9059E-04 5.8326E-05 0.0000E+00 1.5089E-05 0.0000E+00
 0.0000E+00 2.7175E-05 0.0000E+00 2.5098E-06 0.0000E+00 0.0000E+00 1.1115E-05 3.1114E-05 2.6098E-04 1.5729E-04 4.5253E-05 5.0943E-05 1.2479E-04 3.0240E-04 1.0455E-03 2.1668E-03 4.1082E-03 1.5327E-03 4.0093E-04 4.4668E-04 2.9059E-04 1.1665E-04 2.5201E-06 1.1539E-05 0.0000E+00
 0.0000E+00 4.9222E-05 4.2941E-06 0.0000E+00 0.0000E+00 0.0000E+00 5.5573E-06 0.0000E+00 1.7616E-04 1.9832E-04 6.7879E-05 3.3962E-05 1.5358E-04 3.9960E-04 9.9739E-04 1.7991E-03 4.0111E-03 1.5707E-03 3.9009E-04 3.0654E-04 2.1134E-04 8.5246E-05 0.0000E+00 8.8760E-06 0.0000E+00
 0.0000E+00 3.4866E-05 0.0000E+00 2.5098E-06 0.0000E+00 0.0000E+00 5.5573E-06 1.8668E-05 2.2183E-04 5.4709E-05 3.7711E-05 0.0000E+00 9.5990E-05 3.2400E-04 9.4933E-04 1.9435E-03 3.7612E-03 1.7354E-03 4.0093E-04 2.8027E-04 1.3209E-04 9.8706E-05 5.0403E-06 7.9884E-06 0.0000E+00
 0.0000E+00 3.3327E-05 5.7255E-06 5.0197E-06 3.6132E-06 4.6550E-06 1.6672E-05 3.7337E-05 3.1318E-04 1.0258E-04 6.7879E-05 1.0189E-04 1.5358E-04 3.1320E-04 1.0575E-03 1.9829E-03 3.8584E-03 1.8368E-03 3.1424E-04 3.4158E-04 2.5097E-04 5.3840E-05 0.0000E+00 1.2426E-05 0.0000E+00
 0.0000E+00 2.8713E-05 2.8628E-06 0.0000E+00 0.0000E+00 0.0000E+00 1.1115E-05 6.2228E-06 3.0665E-04 1.0258E-04 8.2963E-05 3.3962E-05 1.2479E-04 3.6720E-04 9.8538E-04 1.7859E-03 3.6086E-03 1.6974E-03 5.3096E-04 2.8903E-04 2.2455E-04 8.5246E-05 0.0000E+00 9.7636E-06 0.0000E+00
 0.0000E+00 2.8713E-05 0.0000E+00 0.0000E+00 0.0000E+00 0.0000E+00 5.5573E-06 0.0000E+00 2.5446E-04 1.0258E-04 4.5253E-05 5.9434E-05 1.2479E-04 2.8080E-04 1.2618E-03 1.2869E-03 4.1915E-03 1.4441E-03 6.3932E-04 4.8171E-04 2.5757E-04 1.2563E-04 0.0000E+00 1.4202E-05 0.0000E+00
 0.0000E+00 3.2302E-05 7.1569E-06 0.0000E+00 0.0000E+00 0.0000E+00 0.0000E+00 6.2228E-06 2.7403E-04 1.1626E-04 9.8048E-05 3.3962E-05 2.0158E-04 2.8080E-04 8.0512E-04 1.5364E-03 4.2470E-03 2.1408E-03 2.9257E-04 3.1530E-04 3.1041E-04 6.7300E-05 5.0403E-06 9.7636E-06 0.0000E+00
 0.0000E+00 2.5124E-05 5.7255E-06 5.0197E-06 0.0000E+00 0.0000E+00 1.6672E-05 6.2228E-06 2.3488E-04 8.8902E-05 3.7711E-05 2.5472E-05 1.6318E-04 3.5640E-04 8.8924E-04 1.7203E-03 4.0805E-03 1.6468E-03 4.3344E-04 3.1530E-04 2.0474E-04 6.2813E-05 0.0000E+00 7.9884E-06 0.0000E+00
 0.0000E+00 2.5124E-05 4.2941E-06 0.0000E+00 0.0000E+00 0.0000E+00 1.6672E-05 6.2228E-05 1.9574E-04 9.5740E-05 7.5421E-05 4.2453E-05 1.3439E-04 2.8080E-04 1.2497E-03 1.7465E-03 3.5531E-03 1.6088E-03 5.9598E-04 2.6275E-04 2.5097E-04 4.0380E-05 0.0000E+00 9.7636E-06 0.0000E+00
 0.0000E+00 2.5637E-05 0.0000E+00 0.0000E+00 0.0000E+00 0.0000E+00 2.7787E-05 0.0000E+00 1.7616E-04 7.5225E-05 7.5421E-05 7.6415E-05 1.3439E-04 3.3480E-04 1.0094E-03 1.5102E-03 3.9139E-03 1.2794E-03 4.9845E-04 3.9413E-04 2.1134E-04 4.4866E-05 0.0000E+00 2.0415E-05 0.0000E+00
 0.0000E+00 3.8968E-05 5.7255E-06 0.0000E+00 0.0000E+00 0.0000E+00 0.0000E+00 6.2228E-06 1.8921E-04 6.1547E-05 4.5253E-05 9.3396E-05 1.5358E-04 2.8080E-04 8.7723E-04 1.3395E-03 3.7057E-03 1.3301E-03 4.9845E-04 3.8537E-04 1.7832E-04 1.1665E-04 5.0403E-06 1.5089E-05 0.0000E+00
 0.0000E+00 2.6149E-05 0.0000E+00 2.5098E-06 0.0000E+00 0.0000E+00 0.0000E+00 2.4891E-05 2.0878E-04 1.0942E-04 3.0168E-05 8.4906E-05 1.1519E-04 4.2120E-04 8.2916E-04 1.6415E-03 3.5114E-03 1.3174E-03 4.8762E-04 3.1530E-04 2.6418E-04 6.2813E-05 0.0000E+00 1.0651E-05 0.0000E+00
 0.0000E+00 3.1277E-05 1.4314E-06 0.0000E+00 0.0000E+00 9.3100E-06 5.5573E-06 6.2228E-06 1.6311E-04 8.2063E-05 8.2963E-05 5.9434E-05 1.3439E-04 2.8080E-04 9.4933E-04 1.9304E-03 3.9278E-03 1.4441E-03 4.1177E-04 3.1530E-04 1.9813E-04 4.4866E-05 2.5201E-06 1.2426E-05 0.0000E+00
 0.0000E+00 2.7175E-05 2.8628E-06 0.0000E+00 0.0000E+00 0.0000E+00 5.5573E-06 1.2446E-05 1.5006E-04 1.0258E-04 2.2626E-05 4.2453E-05 9.5990E-05 3.0240E-04 9.9739E-04 1.9304E-03 3.0950E-03 1.4947E-03 3.0341E-04 1.9268E-04 2.1795E-04 6.2813E-05 7.5604E-06 1.5977E-05 0.0000E+00
 0.0000E+00 2.1022E-05 2.8628E-06 0.0000E+00 0.0000E+00 0.0000E+00 5.5573E-06 0.0000E+00 2.1531E-04 1.0942E-04 1.5084E-05 4.2453E-05 9.5990E-05 3.6720E-04 9.6134E-04 1.7334E-03 3.4698E-03 1.3681E-03 2.6006E-04 2.7151E-04 1.6511E-04 7.6273E-05 0.0000E+00 1.4202E-05 0.0000E+00
 0.0000E+00 3.0764E-05 5.7255E-06 2.5098E-06 0.0000E+00 0.0000E+00 5.5573E-06 2.4891E-05 1.6964E-04 1.0942E-04 6.0337E-05 3.3962E-05 1.3439E-04 2.1600E-04 1.0094E-03 1.3001E-03 3.1783E-03 1.2541E-03 2.6006E-04 2.2772E-04 1.3869E-04 5.3840E-05 0.0000E+00 8.8760E-06 0.0000E+00
 0.0000E+00 2.3586E-05 0.0000E+00 0.0000E+00 0.0000E+00 0.0000E+00 5.5573E-06 0.0000E+00 1.5659E-04 7.5225E-05 2.2626E-05 3.3962E-05 1.0559E-04 3.6720E-04 1.1055E-03 1.5496E-03 3.6363E-03 1.1527E-03 4.7678E-04 4.1164E-04 2.3776E-04 1.0319E-04 0.0000E+00 6.2132E-06 0.0000E+00
 0.0000E+00 3.1789E-05 2.8628E-06 0.0000E+00 0.0000E+00 0.0000E+00 5.0016E-05 0.0000E+00 1.3049E-04 5.4709E-05 3.7711E-05 5.0943E-05 1.2479E-04 3.2400E-04 1.0094E-03 1.6940E-03 3.6641E-03 1.7861E-03 2.6006E-04 2.0144E-04 2.3776E-04 7.1786E-05 5.0403E-06 5.3256E-06 0.0000E+00
 0.0000E+00 2.3586E-05 0.0000E+00 7.5295E-06 0.0000E+00 0.0000E+00 5.5573E-06 0.0000E+00 2.0878E-04 7.5225E-05 1.4330E-04 2.5472E-05 8.6391E-05 1.8360E-04 7.6907E-04 1.7203E-03 3.5392E-03 1.6848E-03 4.2260E-04 3.1530E-04 2.0474E-04 4.4866E-05 0.0000E+00 1.3314E-05 0.0000E+00
 0.0000E+00 3.6404E-05 0.0000E+00 0.0000E+00 0.0000E+00 0.0000E+00 1.1115E-05 0.0000E+00 2.6098E-04 2.7354E-05 3.0168E-05 4.2453E-05 1.2479E-04 2.4840E-04 8.7723E-04 1.7334E-03 3.0673E-03 1.3681E-03 4.9845E-04 2.4524E-04 1.9153E-04 6.7300E-05 0.0000E+00 7.9884E-06 0.0000E+00
 0.0000E+00 3.3840E-05 1.4314E-06 5.0197E-06 0.0000E+00 0.0000E+00 5.5573E-06 3.1114E-05 1.7616E-04 2.0516E-05 6.0337E-05 6.7925E-05 9.5990E-05 2.4840E-04 8.4118E-04 1.3920E-03 3.6780E-03 1.2541E-03 3.9009E-04 3.2406E-04 2.3776E-04 2.6920E-05 0.0000E+00 1.4202E-05 0.0000E+00
 0.0000E+00 2.6662E-05 1.4314E-06 2.5098E-06 0.0000E+00 0.0000E+00 5.5573E-06 1.2446E-05 1.9574E-04 6.1547E-05 4.5253E-05 7.6415E-05 7.6792E-05 1.5120E-04 7.2101E-04 1.3395E-03 2.8036E-03 1.3554E-03 3.9009E-04 2.8903E-04 1.6511E-04 7.1786E-05 0.0000E+00 4.4380E-06 0.0000E+00
 0.0000E+00 3.0251E-05 1.4314E-06 0.0000E+00 0.0000E+00 0.0000E+00 1.1115E-05 0.0000E+00 1.6964E-04 6.1547E-05 4.5253E-05 5.0943E-05 2.3998E-04 1.9440E-04 7.8109E-04 1.6284E-03 3.2061E-03 1.3554E-03 4.4427E-04 2.9779E-04 2.9720E-04 4.4866E-05 0.0000E+00 5.3256E-06 0.0000E+00
 0.0000E+00 1.9996E-05 1.4314E-06 0.0000E+00 0.0000E+00 0.0000E+00 0.0000E+00 0.0000E+00 1.5006E-04 8.2063E-05 1.5084E-05 2.5472E-05 5.7594E-05 2.7000E-04 8.4118E-04 1.4445E-03 3.2200E-03 1.2541E-03 2.3839E-04 2.7151E-04 2.3776E-04 8.0760E-05 0.0000E+00 1.0651E-05 0.0000E+00
 0.0000E+00 2.7687E-05 0.0000E+00 2.5098E-06 0.0000E+00 2.3275E-05 0.0000E+00 6.2228E-06 2.1531E-04 4.7870E-05 4.5253E-05 7.6415E-05 8.6391E-05 2.7000E-04 7.9311E-04 1.5496E-03 2.7203E-03 1.2541E-03 5.8514E-04 1.8393E-04 1.1888E-04 7.6273E-05 0.0000E+00 8.8760E-06 0.0000E+00
 0.0000E+00 3.6917E-05 1.4314E-06 0.0000E+00 0.0000E+00 0.0000E+00 5.5573E-06 0.0000E+00 1.6311E-04 9.5740E-05 8.2963E-05 2.5472E-05 8.6391E-05 1.6200E-04 9.0126E-04 1.7859E-03 3.0812E-03 1.5201E-03 4.3344E-04 1.8393E-04 2.7078E-04 5.3840E-05 0.0000E+00 6.2132E-06 0.0000E+00
 0.0000E+00 2.4098E-05 0.0000E+00 0.0000E+00 0.0000E+00 0.0000E+00 3.3344E-05 0.0000E+00 2.4793E-04 7.5225E-05 3.7711E-05 5.0943E-05 6.7193E-05 1.2960E-04 9.1328E-04 1.2344E-03 3.2616E-03 1.2414E-03 3.2508E-04 2.7151E-04 1.5851E-04 1.3909E-04 2.5201E-06 4.4380E-06 0.0000E+00
 0.0000E+00 2.5637E-05 0.0000E+00 0.0000E+00 0.0000E+00 0.0000E+00 2.2229E-05 0.0000E+00 2.1531E-04 8.2063E-05 7.5421E-06 1.6981E-05 9.5990E-05 2.4840E-04 8.6521E-04 1.3657E-03 2.8036E-03 1.1401E-03 4.2260E-04 2.3648E-04 1.9813E-04 7.6273E-05 0.0000E+00 1.7752E-06 0.0000E+00
 0.0000E+00 2.4098E-05 0.0000E+00 0.0000E+00 0.0000E+00 0.0000E+00 0.0000E+00 0.0000E+00 1.9574E-04 7.5225E-05 9.0505E-05 1.6981E-05 1.0559E-04 2.2680E-04 1.0815E-03 1.2869E-03 3.0395E-03 1.2161E-03 4.0093E-04 2.7151E-04 1.5851E-04 6.2813E-05 0.0000E+00 7.9884E-06 0.0000E+00
 0.0000E+00 3.4353E-05 0.0000E+00 0.0000E+00 0.0000E+00 0.0000E+00 5.5573E-06 0.0000E+00 1.3049E-04 5.4709E-05 5.2795E-05 8.4906E-06 1.1519E-04 1.7280E-04 7.8109E-04 1.1687E-03 3.1228E-03 1.4187E-03 4.3344E-04 2.8903E-04 9.9066E-05 5.3840E-05 0.0000E+00 7.1008E-06 0.0000E+00
 0.0000E+00 2.8713E-05 1.4314E-06 0.0000E+00 0.0000E+00 0.0000E+00 5.5573E-06 6.2228E-06 1.8921E-04 9.5740E-05 3.0168E-05 4.2453E-05 9.5990E-05 3.0240E-04 7.9311E-04 1.4839E-03 2.8175E-03 1.4567E-03 3.2508E-04 2.5399E-04 1.7171E-04 7.1786E-05 0.0000E+00 7.9884E-06 0.0000E+00
 0.0000E+00 2.5124E-05 5.7255E-06 0.0000E+00 0.0000E+00 0.0000E+00 2.2229E-05 2.4891E-05 1.6964E-04 4.7870E-05 6.0337E-05 8.4906E-06 7.6792E-05 2.5920E-04 5.1672E-04 1.4445E-03 2.8452E-03 8.3604E-04 2.6006E-04 2.3648E-04 2.1795E-04 6.7300E-05 0.0000E+00 1.5977E-05 0.0000E+00
 0.0000E+00 2.3073E-05 2.8628E-06 0.0000E+00 0.0000E+00 0.0000E+00 2.7787E-05 6.2228E-06 1.1744E-04 7.5225E-05 5.2795E-05 3.3962E-05 6.7193E-05 2.9160E-04 7.9311E-04 1.4839E-03 2.8452E-03 9.7538E-04 1.8421E-04 1.7517E-04 1.2548E-04 8.5246E-05 0.0000E+00 5.3256E-06 0.0000E+00
 0.0000E+00 3.6404E-05 2.8628E-06 0.0000E+00 0.0000E+00 0.0000E+00 0.0000E+00 6.2228E-06 1.1092E-04 2.0516E-05 6.7879E-05 4.2453E-05 7.6792E-05 2.9160E-04 8.2916E-04 1.5627E-03 3.0395E-03 9.8805E-04 4.4427E-04 1.9268E-04 1.7832E-04 5.3840E-05 0.0000E+00 7.1008E-06 0.0000E+00
 0.0000E+00 2.3586E-05 1.4314E-06 0.0000E+00 0.0000E+00 0.0000E+00 5.5573E-06 1.2446E-05 9.1343E-05 3.4193E-05 7.5421E-06 6.7925E-05 5.7594E-05 2.5920E-04 7.9311E-04 1.3395E-03 2.9979E-03 1.2287E-03 3.2508E-04 2.7151E-04 2.0474E-04 6.7300E-05 5.0403E-06 7.1008E-06 0.0000E+00
 0.0000E+00 2.2560E-05 0.0000E+00 0.0000E+00 0.0000E+00 0.0000E+00 5.5573E-06 0.0000E+00 2.4793E-04 2.7354E-05 4.5253E-05 3.3962E-05 1.9198E-05 1.9440E-04 7.5706E-04 1.5890E-03 3.0534E-03 7.2204E-04 2.2755E-04 1.7517E-04 1.9153E-04 7.1786E-05 5.0403E-06 8.8760E-06 0.0000E+00
 0.0000E+00 2.3586E-05 1.4314E-06 0.0000E+00 0.0000E+00 0.0000E+00 0.0000E+00 0.0000E+00 1.5659E-04 6.8386E-05 2.2626E-05 4.2453E-05 1.6318E-04 2.8080E-04 7.0899E-04 1.0506E-03 3.1506E-03 1.5074E-03 2.3839E-04 2.9779E-04 1.7171E-04 6.7300E-05 0.0000E+00 5.3256E-06 0.0000E+00
 0.0000E+00 2.5124E-05 1.4314E-06 0.0000E+00 0.0000E+00 0.0000E+00 1.1115E-05 0.0000E+00 1.4354E-04 7.5225E-05 6.0337E-05 2.5472E-05 1.1519E-04 1.1880E-04 7.5706E-04 1.3395E-03 2.6370E-03 1.2287E-03 1.8421E-04 2.1896E-04 2.3115E-04 4.9353E-05 0.0000E+00 9.7636E-06 0.0000E+00
 0.0000E+00 2.1022E-05 0.0000E+00 0.0000E+00 0.0000E+00 0.0000E+00 0.0000E+00 0.0000E+00 1.6964E-04 8.8902E-05 4.5253E-05 0.0000E+00 1.9198E-05 2.2680E-04 8.5319E-04 1.2869E-03 3.4143E-03 1.4187E-03 2.9257E-04 1.8393E-04 1.2548E-04 5.8326E-05 0.0000E+00 3.5504E-06 0.0000E+00
 0.0000E+00 2.6149E-05 1.4314E-06 0.0000E+00 0.0000E+00 0.0000E+00 2.2229E-05 1.2446E-05 1.5006E-04 8.2063E-05 1.5084E-05 5.9434E-05 2.8797E-05 9.7199E-05 6.0084E-04 1.0637E-03 2.6370E-03 1.3807E-03 2.6006E-04 1.4889E-04 1.3869E-04 4.4866E-05 2.5201E-06 7.9884E-06 0.0000E+00
 0.0000E+00 2.0509E-05 1.4314E-06 0.0000E+00 3.6132E-06 0.0000E+00 5.5573E-06 6.2228E-06 1.3701E-04 1.5729E-04 3.0168E-05 9.3396E-05 1.0559E-04 2.3760E-04 6.9697E-04 1.3132E-03 3.1644E-03 1.2541E-03 3.7926E-04 2.3648E-04 1.8492E-04 6.7300E-05 2.5201E-06 6.2132E-06 0.0000E+00
 0.0000E+00 2.7175E-05 0.0000E+00 0.0000E+00 0.0000E+00 0.0000E+00 5.5573E-06 0.0000E+00 1.5006E-04 4.1032E-05 7.5421E-06 3.3962E-05 7.6792E-05 2.7000E-04 8.1714E-04 1.4051E-03 2.4844E-03 8.8671E-04 3.9009E-04 2.7151E-04 1.3869E-04 8.9733E-05 0.0000E+00 4.4380E-06 0.0000E+00
 0.0000E+00 2.2560E-05 1.4314E-06 0.0000E+00 0.0000E+00 0.0000E+00 1.1115E-05 6.2228E-06 1.2397E-04 6.1547E-05 7.5421E-06 1.6981E-05 9.5990E-05 1.2960E-04 5.8882E-04 1.3526E-03 2.4566E-03 1.1401E-03 3.7926E-04 2.1020E-04 1.0567E-04 4.4866E-05 0.0000E+00 7.1008E-06 0.0000E+00
 0.0000E+00 2.7687E-05 0.0000E+00 0.0000E+00 0.0000E+00 0.0000E+00 1.1115E-05 0.0000E+00 1.6311E-04 8.2063E-05 1.5084E-05 7.6415E-05 2.8797E-05 1.5120E-04 6.2487E-04 1.2213E-03 3.0118E-03 1.1147E-03 3.7926E-04 2.7151E-04 2.2455E-04 5.3840E-05 5.0403E-06 3.5504E-06 0.0000E+00
 0.0000E+00 1.9484E-05 2.8628E-06 0.0000E+00 0.0000E+00 0.0000E+00 0.0000E+00 0.0000E+00 1.1744E-04 2.7354E-05 7.5421E-05 5.9434E-05 4.7995E-05 1.8360E-04 6.3689E-04 1.1556E-03 2.6648E-03 1.1021E-03 3.2508E-04 2.1020E-04 1.1228E-04 7.6273E-05 0.0000E+00 7.1008E-06 0.0000E+00
 0.0000E+00 2.8200E-05 0.0000E+00 0.0000E+00 0.0000E+00 0.0000E+00 1.1115E-05 1.8668E-05 1.4354E-04 8.8902E-05 7.5421E-06 8.4906E-06 9.5990E-05 2.1600E-04 5.4076E-04 1.7203E-03 2.5260E-03 7.0937E-04 3.0341E-04 2.2772E-04 1.4530E-04 6.2813E-05 0.0000E+00 7.1008E-06 0.0000E+00
 0.0000E+00 2.3586E-05 2.8628E-06 0.0000E+00 0.0000E+00 0.0000E+00 5.5573E-06 0.0000E+00 9.1343E-05 2.0516E-05 2.2626E-05 5.9434E-05 7.6792E-05 3.6720E-04 5.4076E-04 1.2081E-03 2.9840E-03 1.0387E-03 2.7090E-04 2.1020E-04 1.4530E-04 6.2813E-05 0.0000E+00 7.1008E-06 0.0000E+00
 0.0000E+00 3.0251E-05 7.1569E-06 7.5295E-06 0.0000E+00 0.0000E+00 1.1115E-05 0.0000E+00 6.5245E-05 8.8902E-05 2.2626E-05 4.2453E-05 5.7594E-05 3.3480E-04 3.0042E-04 1.4708E-03 2.4150E-03 1.0767E-03 2.4923E-04 1.3138E-04 1.5851E-04 6.2813E-05 2.5201E-06 6.2132E-06 0.0000E+00
 0.0000E+00 1.7433E-05 2.8628E-06 0.0000E+00 0.0000E+00 0.0000E+00 5.5573E-06 0.0000E+00 1.0439E-04 2.7354E-05 3.7711E-05 0.0000E+00 1.4399E-04 1.5120E-04 4.9269E-04 9.9803E-04 1.9986E-03 1.1021E-03 2.4923E-04 1.4889E-04 1.5851E-04 3.1407E-05 0.0000E+00 1.1539E-05 0.0000E+00
 0.0000E+00 2.2560E-05 2.8628E-06 0.0000E+00 0.0000E+00 0.0000E+00 5.5573E-06 0.0000E+00 9.7868E-05 5.4709E-05 2.2626E-05 5.0943E-05 1.9198E-05 2.8080E-04 4.3260E-04 9.1924E-04 3.2061E-03 1.0007E-03 1.8421E-04 2.6275E-04 2.6418E-04 6.2813E-05 0.0000E+00 1.0651E-05 0.0000E+00
 0.0000E+00 2.6662E-05 0.0000E+00 0.0000E+00 0.0000E+00 0.0000E+00 0.0000E+00 0.0000E+00 7.1770E-05 3.4193E-05 6.0337E-05 3.3962E-05 1.4399E-04 1.6200E-04 5.4076E-04 9.5863E-04 2.1513E-03 9.3738E-04 1.5170E-04 1.5765E-04 1.1888E-04 4.0380E-05 0.0000E+00 6.2132E-06 0.0000E+00
 0.0000E+00 2.0509E-05 0.0000E+00 0.0000E+00 0.0000E+00 0.0000E+00 0.0000E+00 1.8668E-05 1.6964E-04 5.4709E-05 0.0000E+00 2.5472E-05 6.7193E-05 1.6200E-04 6.6092E-04 1.1031E-03 3.4004E-03 1.1147E-03 2.4923E-04 2.5399E-04 1.5190E-04 4.0380E-05 2.5201E-06 1.0651E-05 0.0000E+00
 0.0000E+00 1.6920E-05 0.0000E+00 0.0000E+00 0.0000E+00 0.0000E+00 0.0000E+00 0.0000E+00 9.7868E-05 3.4193E-05 3.7711E-05 3.3962E-05 9.5990E-05 1.4040E-04 5.2874E-04 9.1924E-04 2.4844E-03 1.0514E-03 1.5170E-04 1.3138E-04 9.2462E-05 6.7300E-05 7.5604E-06 4.4380E-06 0.0000E+00
 0.0000E+00 2.3586E-05 0.0000E+00 0.0000E+00 0.0000E+00 0.0000E+00 5.5573E-06 0.0000E+00 1.0439E-04 3.4193E-05 0.0000E+00 2.5472E-05 5.7594E-05 1.1880E-04 4.6865E-04 1.0506E-03 2.5399E-03 1.1527E-03 3.4675E-04 1.9268E-04 1.2548E-04 3.5893E-05 0.0000E+00 5.3256E-06 0.0000E+00
 0.0000E+00 1.4869E-05 0.0000E+00 0.0000E+00 0.0000E+00 0.0000E+00 0.0000E+00 0.0000E+00 8.4819E-05 4.7870E-05 2.2626E-05 2.5472E-05 5.7594E-05 1.0800E-04 6.3689E-04 9.3237E-04 2.2762E-03 1.0261E-03 2.0588E-04 2.0144E-04 1.2548E-04 3.1407E-05 5.0403E-06 1.0651E-05 0.0000E+00
 0.0000E+00 1.7946E-05 0.0000E+00 0.0000E+00 0.0000E+00 0.0000E+00 1.1115E-05 0.0000E+00 9.1343E-05 8.8902E-05 5.2795E-05 1.0189E-04 2.8797E-05 1.2960E-04 7.6907E-04 9.1924E-04 2.4705E-03 9.5005E-04 1.9505E-04 8.7584E-05 2.8399E-04 2.6920E-05 0.0000E+00 1.3314E-05 0.0000E+00
 0.0000E+00 3.0251E-05 0.0000E+00 0.0000E+00 0.0000E+00 0.0000E+00 5.5573E-06 2.4891E-05 1.3701E-04 1.3677E-05 5.2795E-05 3.3962E-05 3.8396E-05 1.4040E-04 6.2487E-04 1.2475E-03 2.6509E-03 9.8805E-04 2.7090E-04 2.3648E-04 1.5851E-04 3.5893E-05 0.0000E+00 4.4380E-06 0.0000E+00
 0.0000E+00 2.5637E-05 1.4314E-06 0.0000E+00 0.0000E+00 0.0000E+00 0.0000E+00 0.0000E+00 2.0226E-04 4.7870E-05 2.2626E-05 8.4906E-06 5.7594E-05 1.7280E-04 5.4076E-04 1.2081E-03 2.2484E-03 8.8671E-04 1.1920E-04 1.4889E-04 1.7171E-04 7.6273E-05 0.0000E+00 1.0651E-05 0.0000E+00
 0.0000E+00 1.9484E-05 4.2941E-06 0.0000E+00 0.0000E+00 0.0000E+00 0.0000E+00 0.0000E+00 1.2397E-04 2.7354E-05 7.5421E-06 2.5472E-05 6.7193E-05 1.5120E-04 4.0857E-04 9.5863E-04 3.0257E-03 1.0767E-03 2.4923E-04 2.1020E-04 2.1134E-04 4.0380E-05 0.0000E+00 5.3256E-06 0.0000E+00
 0.0000E+00 2.4098E-05 0.0000E+00 0.0000E+00 0.0000E+00 0.0000E+00 0.0000E+00 0.0000E+00 7.8294E-05 1.3677E-05 3.0168E-05 1.6981E-05 5.7594E-05 1.5120E-04 6.1286E-04 1.1819E-03 3.0257E-03 6.9670E-04 2.7090E-04 2.1896E-04 1.0567E-04 2.2433E-05 5.0403E-06 7.1008E-06 0.0000E+00
 0.0000E+00 1.7433E-05 0.0000E+00 0.0000E+00 0.0000E+00 0.0000E+00 0.0000E+00 6.2228E-06 7.1770E-05 4.1032E-05 4.5253E-05 3.3962E-05 7.6792E-05 5.3999E-05 6.9697E-04 7.8792E-04 2.1235E-03 9.8805E-04 2.6006E-04 1.5765E-04 2.1795E-04 7.1786E-05 0.0000E+00 7.1008E-06 0.0000E+00
 0.0000E+00 2.4098E-05 0.0000E+00 0.0000E+00 0.0000E+00 0.0000E+00 5.5573E-06 0.0000E+00 9.1343E-05 2.0516E-05 2.2626E-05 2.5472E-05 4.7995E-05 1.5120E-04 4.2059E-04 9.5863E-04 2.2484E-03 9.6272E-04 2.1672E-04 1.6641E-04 1.7171E-04 3.5893E-05 0.0000E+00 1.0651E-05 0.0000E+00
 0.0000E+00 1.7946E-05 0.0000E+00 0.0000E+00 0.0000E+00 0.0000E+00 0.0000E+00 1.2446E-05 7.8294E-05 5.4709E-05 3.0168E-05 0.0000E+00 2.8797E-05 2.1600E-04 4.5664E-04 7.2226E-04 2.2623E-03 7.9804E-04 1.9505E-04 1.8393E-04 1.9153E-04 5.8326E-05 0.0000E+00 5.3256E-06 0.0000E+00
 0.0000E+00 2.1022E-05 0.0000E+00 2.5098E-06 0.0000E+00 0.0000E+00 0.0000E+00 0.0000E+00 7.1770E-05 4.1032E-05 3.0168E-05 0.0000E+00 1.1519E-04 1.6200E-04 5.2874E-04 8.6671E-04 2.0958E-03 8.2338E-04 1.5170E-04 2.1020E-04 1.5190E-04 6.2813E-05 0.0000E+00 8.8760E-07 0.0000E+00
 0.0000E+00 2.2047E-05 0.0000E+00 1.0039E-05 0.0000E+00 0.0000E+00 5.5573E-06 0.0000E+00 7.1770E-05 2.7354E-05 2.2626E-05 1.6981E-05 6.7193E-05 8.6399E-05 5.1672E-04 1.0768E-03 2.2762E-03 7.0937E-04 1.7337E-04 2.5399E-04 1.4530E-04 7.6273E-05 0.0000E+00 2.6628E-06 0.0000E+00
 0.0000E+00 1.5895E-05 5.7255E-06 0.0000E+00 0.0000E+00 0.0000E+00 5.5573E-06 0.0000E+00 5.8721E-05 4.1032E-05 0.0000E+00 0.0000E+00 3.8396E-05 7.5599E-05 4.4462E-04 8.7984E-04 2.2484E-03 7.9804E-04 1.5170E-04 3.1530E-04 1.3209E-04 3.5893E-05 0.0000E+00 7.9884E-06 0.0000E+00
 0.0000E+00 2.9738E-05 0.0000E+00 5.0197E-06 0.0000E+00 0.0000E+00 1.1115E-05 0.0000E+00 1.1092E-04 6.1547E-05 3.0168E-05 2.5472E-05 4.7995E-05 1.1880E-04 3.7252E-04 9.7176E-04 2.3456E-03 7.6004E-04 1.8421E-04 1.3138E-04 1.5851E-04 5.8326E-05 0.0000E+00 7.1008E-06 0.0000E+00
 0.0000E+00 1.0767E-05 0.0000E+00 0.0000E+00 0.0000E+00 0.0000E+00 1.1115E-05 6.2228E-06 6.5245E-05 6.1547E-05 7.5421E-06 5.0943E-05 1.9198E-05 1.5120E-04 5.5277E-04 9.3237E-04 2.3872E-03 1.0514E-03 2.2755E-04 1.8393E-04 6.6044E-05 8.0760E-05 0.0000E+00 1.0651E-05 0.0000E+00
 0.0000E+00 2.6662E-05 1.4314E-06 0.0000E+00 0.0000E+00 0.0000E+00 0.0000E+00 0.0000E+00 6.5245E-05 8.2063E-05 7.5421E-06 1.6981E-05 1.9198E-05 2.0520E-04 3.7252E-04 7.4852E-04 2.4011E-03 6.4603E-04 1.3003E-04 1.4889E-04 1.1888E-04 4.0380E-05 0.0000E+00 6.2132E-06 0.0000E+00
 0.0000E+00 2.1535E-05 1.4314E-06 2.5098E-06 0.0000E+00 0.0000E+00 2.2229E-05 0.0000E+00 1.0439E-04 4.7870E-05 5.2795E-05 5.9434E-05 5.7594E-05 9.7199E-05 3.6050E-04 9.0610E-04 2.4705E-03 8.2338E-04 1.9505E-04 1.8393E-04 1.3209E-04 3.1407E-05 2.5201E-06 8.8760E-06 0.0000E+00
 0.0000E+00 2.5637E-05 0.0000E+00 0.0000E+00 0.0000E+00 0.0000E+00 0.0000E+00 0.0000E+00 1.2397E-04 1.3677E-05 1.5084E-05 5.0943E-05 1.9198E-05 1.5120E-04 4.9269E-04 7.3539E-04 2.0680E-03 6.8404E-04 1.4087E-04 1.1386E-04 1.9153E-04 8.5246E-05 0.0000E+00 9.7636E-06 0.0000E+00
 0.0000E+00 2.7175E-05 1.4314E-06 0.0000E+00 0.0000E+00 0.0000E+00 5.5573E-06 0.0000E+00 9.1343E-05 3.4193E-05 7.5421E-06 4.2453E-05 0.0000E+00 8.6399E-05 4.5664E-04 9.8490E-04 2.1651E-03 7.2204E-04 1.7337E-04 1.4889E-04 1.5851E-04 3.5893E-05 0.0000E+00 7.1008E-06 0.0000E+00
 0.0000E+00 2.1022E-05 2.8628E-06 2.5098E-06 0.0000E+00 0.0000E+00 0.0000E+00 0.0000E+00 1.0439E-04 4.7870E-05 1.5084E-05 3.3962E-05 6.7193E-05 1.4040E-04 5.2874E-04 6.8286E-04 2.6370E-03 8.6138E-04 1.5170E-04 8.7584E-05 9.9066E-05 2.6920E-05 0.0000E+00 3.5504E-06 0.0000E+00
 0.0000E+00 1.6407E-05 0.0000E+00 0.0000E+00 0.0000E+00 0.0000E+00 0.0000E+00 0.0000E+00 1.2397E-04 3.4193E-05 3.0168E-05 1.6981E-05 9.5990E-06 2.0520E-04 4.2059E-04 8.1418E-04 2.4150E-03 5.4470E-04 1.6254E-04 1.9268E-04 1.3209E-04 3.1407E-05 2.5201E-06 7.1008E-06 0.0000E+00
 0.0000E+00 2.0509E-05 0.0000E+00 0.0000E+00 0.0000E+00 0.0000E+00 0.0000E+00 0.0000E+00 7.8294E-05 6.8386E-06 2.2626E-05 3.3962E-05 7.6792E-05 2.5920E-04 4.5664E-04 7.2226E-04 1.7765E-03 8.3604E-04 2.2755E-04 1.1386E-04 9.9066E-05 2.2433E-05 2.5201E-06 8.8760E-06 0.0000E+00
 0.0000E+00 1.3844E-05 0.0000E+00 0.0000E+00 0.0000E+00 0.0000E+00 5.5573E-06 0.0000E+00 9.1343E-05 7.5225E-05 0.0000E+00 8.4906E-06 9.5990E-05 2.0520E-04 5.8882E-04 9.0610E-04 1.7765E-03 6.0803E-04 1.5170E-04 2.5399E-04 1.5190E-04 5.3840E-05 0.0000E+00 5.3256E-06 0.0000E+00
 0.0000E+00 1.4356E-05 0.0000E+00 0.0000E+00 0.0000E+00 0.0000E+00 0.0000E+00 6.2228E-06 7.1770E-05 2.7354E-05 0.0000E+00 2.5472E-05 4.7995E-05 9.7199E-05 2.8840E-04 1.1031E-03 1.9708E-03 6.5870E-04 2.3839E-04 1.4013E-04 1.7171E-04 8.5246E-05 0.0000E+00 6.2132E-06 0.0000E+00
 0.0000E+00 2.2560E-05 1.4314E-06 0.0000E+00 0.0000E+00 0.0000E+00 5.5573E-06 0.0000E+00 9.1343E-05 2.7354E-05 1.5084E-05 8.4906E-06 1.3439E-04 1.2960E-04 3.6050E-04 9.4550E-04 2.0680E-03 7.6004E-04 2.3839E-04 1.5765E-04 1.0567E-04 8.5246E-05 0.0000E+00 8.8760E-06 0.0000E+00
 0.0000E+00 1.6407E-05 0.0000E+00 0.0000E+00 0.0000E+00 0.0000E+00 0.0000E+00 0.0000E+00 8.4819E-05 6.1547E-05 3.7711E-05 1.6981E-05 1.2479E-04 1.9440E-04 4.3260E-04 1.0506E-03 2.2901E-03 6.9670E-04 1.9505E-04 2.0144E-04 1.2548E-04 5.3840E-05 0.0000E+00 6.2132E-06 0.0000E+00
 0.0000E+00 1.9484E-05 0.0000E+00 0.0000E+00 0.0000E+00 0.0000E+00 5.5573E-06 0.0000E+00 8.4819E-05 4.1032E-05 0.0000E+00 6.7925E-05 4.7995E-05 5.3999E-05 3.1244E-04 6.8286E-04 1.7349E-03 7.0937E-04 1.7337E-04 1.7517E-04 1.1228E-04 1.3460E-05 0.0000E+00 5.3256E-06 0.0000E+00
 0.0000E+00 2.2047E-05 0.0000E+00 0.0000E+00 0.0000E+00 0.0000E+00 0.0000E+00 0.0000E+00 5.8721E-05 3.4193E-05 2.2626E-05 4.2453E-05 4.7995E-05 6.4799E-05 3.0042E-04 6.9599E-04 1.9847E-03 7.3471E-04 1.6254E-04 1.9268E-04 1.7171E-04 4.9353E-05 0.0000E+00 3.5504E-06 0.0000E+00
 0.0000E+00 2.7175E-05 5.7255E-06 0.0000E+00 0.0000E+00 0.0000E+00 0.0000E+00 6.2228E-06 1.3049E-05 1.3677E-05 3.0168E-05 0.0000E+00 1.0559E-04 9.7199E-05 3.9655E-04 8.6671E-04 2.0125E-03 7.0937E-04 1.0836E-04 1.5765E-04 1.3209E-04 4.0380E-05 0.0000E+00 1.0651E-05 0.0000E+00
 0.0000E+00 2.3586E-05 1.4314E-06 1.0039E-05 0.0000E+00 0.0000E+00 0.0000E+00 0.0000E+00 1.2397E-04 9.5740E-05 3.0168E-05 1.6981E-05 2.8797E-05 1.2960E-04 4.4462E-04 7.7479E-04 1.9431E-03 7.7271E-04 1.6254E-04 1.0510E-04 1.2548E-04 4.0380E-05 0.0000E+00 8.8760E-07 0.0000E+00
 0.0000E+00 1.6407E-05 0.0000E+00 0.0000E+00 0.0000E+00 0.0000E+00 1.6672E-05 0.0000E+00 9.7868E-05 3.4193E-05 2.2626E-05 4.2453E-05 5.7594E-05 1.9440E-04 3.0042E-04 9.3237E-04 2.0680E-03 5.8270E-04 3.0341E-04 1.3138E-04 9.2462E-05 6.2813E-05 0.0000E+00 7.9884E-06 0.0000E+00
 0.0000E+00 2.3586E-05 0.0000E+00 0.0000E+00 0.0000E+00 0.0000E+00 0.0000E+00 0.0000E+00 1.1092E-04 8.2063E-05 7.5421E-06 2.5472E-05 2.8797E-05 3.2400E-05 3.0042E-04 7.8792E-04 1.9153E-03 6.5870E-04 9.7523E-05 2.1896E-04 1.1228E-04 7.1786E-05 0.0000E+00 9.7636E-06 0.0000E+00
 0.0000E+00 1.6920E-05 0.0000E+00 0.0000E+00 0.0000E+00 0.0000E+00 0.0000E+00 0.0000E+00 6.5245E-05 2.7354E-05 5.2795E-05 4.2453E-05 5.7594E-05 1.6200E-04 2.8840E-04 8.4045E-04 2.2762E-03 6.5870E-04 1.5170E-04 2.0144E-04 9.9066E-05 4.4866E-05 0.0000E+00 7.9884E-06 0.0000E+00
 0.0000E+00 1.6407E-05 0.0000E+00 0.0000E+00 0.0000E+00 0.0000E+00 0.0000E+00 0.0000E+00 2.6098E-05 2.0516E-05 1.5084E-05 1.6981E-05 3.8396E-05 7.5599E-05 4.0857E-04 1.0112E-03 1.9708E-03 6.5870E-04 7.5852E-05 1.4013E-04 1.5851E-04 7.1786E-05 0.0000E+00 4.4380E-06 0.0000E+00
 0.0000E+00 1.7946E-05 0.0000E+00 0.0000E+00 0.0000E+00 0.0000E+00 0.0000E+00 0.0000E+00 1.1744E-04 2.7354E-05 2.2626E-05 4.2453E-05 6.7193E-05 1.0800E-04 4.0857E-04 6.3033E-04 2.1790E-03 6.8404E-04 1.4087E-04 1.6641E-04 1.3209E-04 5.3840E-05 0.0000E+00 5.3256E-06 0.0000E+00
 0.0000E+00 1.9996E-05 0.0000E+00 0.0000E+00 0.0000E+00 0.0000E+00 0.0000E+00 0.0000E+00 9.1343E-05 3.4193E-05 3.7711E-05 0.0000E+00 8.6391E-05 6.4799E-05 3.2445E-04 7.2226E-04 2.0402E-03 5.0669E-04 6.5016E-05 1.2262E-04 4.6231E-05 4.9353E-05 0.0000E+00 8.8760E-07 0.0000E+00
 0.0000E+00 1.4869E-05 0.0000E+00 0.0000E+00 0.0000E+00 0.0000E+00 2.2229E-05 0.0000E+00 7.8294E-05 6.8386E-06 3.0168E-05 8.4906E-06 2.8797E-05 4.3200E-05 4.9269E-04 8.5358E-04 2.0958E-03 8.3604E-04 1.6254E-04 9.6342E-05 9.9066E-05 6.2813E-05 0.0000E+00 1.1539E-05 0.0000E+00
 0.0000E+00 1.5382E-05 0.0000E+00 2.5098E-06 0.0000E+00 0.0000E+00 0.0000E+00 0.0000E+00 3.2623E-05 2.7354E-05 1.5084E-05 0.0000E+00 2.8797E-05 1.1880E-04 3.1244E-04 5.6467E-04 1.7071E-03 5.7003E-04 1.3003E-04 1.4889E-04 1.5190E-04 2.6920E-05 0.0000E+00 4.4380E-06 0.0000E+00
 0.0000E+00 1.6920E-05 0.0000E+00 0.0000E+00 0.0000E+00 0.0000E+00 1.1115E-05 0.0000E+00 5.8721E-05 6.8386E-06 1.5084E-05 2.5472E-05 0.0000E+00 2.1600E-05 4.0857E-04 7.2226E-04 2.1651E-03 5.0669E-04 1.0836E-04 9.6342E-05 1.3869E-04 4.4866E-05 0.0000E+00 6.2132E-06 0.0000E+00
 0.0000E+00 1.7433E-05 0.0000E+00 5.0197E-06 0.0000E+00 0.0000E+00 0.0000E+00 0.0000E+00 6.5245E-05 1.3677E-05 0.0000E+00 2.5472E-05 1.9198E-05 5.3999E-05 3.8454E-04 6.9599E-04 2.1929E-03 5.0669E-04 1.7337E-04 8.7584E-05 1.6511E-04 3.1407E-05 2.5201E-06 2.6628E-06 0.0000E+00
 0.0000E+00 2.3586E-05 0.0000E+00 0.0000E+00 0.0000E+00 0.0000E+00 0.0000E+00 0.0000E+00 1.3049E-05 2.7354E-05 7.5421E-06 8.4906E-06 2.8797E-05 2.8080E-04 3.1244E-04 7.2226E-04 1.7765E-03 8.3604E-04 6.5016E-05 1.4889E-04 1.7171E-04 3.1407E-05 2.5201E-06 1.7752E-06 0.0000E+00
 0.0000E+00 1.9484E-05 0.0000E+00 0.0000E+00 0.0000E+00 0.0000E+00 0.0000E+00 0.0000E+00 5.2196E-05 2.0516E-05 3.7711E-05 1.6981E-05 3.8396E-05 9.7199E-05 3.4849E-04 7.6165E-04 1.6239E-03 6.5870E-04 1.0836E-04 1.0510E-04 1.9813E-04 4.4866E-05 0.0000E+00 4.4380E-06 0.0000E+00
 0.0000E+00 1.2818E-05 4.2941E-06 2.5098E-06 0.0000E+00 0.0000E+00 1.1115E-05 6.2228E-06 7.1770E-05 4.7870E-05 7.5421E-06 1.6981E-05 9.5990E-06 1.6200E-04 4.2059E-04 7.2226E-04 1.7765E-03 5.1936E-04 1.1920E-04 2.1020E-04 1.6511E-04 2.2433E-05 0.0000E+00 4.4380E-06 0.0000E+00
 0.0000E+00 1.6920E-05 1.4314E-06 0.0000E+00 0.0000E+00 0.0000E+00 5.5573E-06 0.0000E+00 5.2196E-05 1.3677E-05 0.0000E+00 8.4906E-06 2.8797E-05 4.3200E-05 4.3260E-04 5.7781E-04 1.5683E-03 4.8136E-04 1.8421E-04 1.1386E-04 1.3869E-04 4.0380E-05 0.0000E+00 7.1008E-06 0.0000E+00
 0.0000E+00 2.2560E-05 0.0000E+00 0.0000E+00 0.0000E+00 0.0000E+00 0.0000E+00 0.0000E+00 7.1770E-05 6.8386E-05 3.7711E-05 8.4906E-06 5.7594E-05 5.3999E-05 4.2059E-04 9.0610E-04 1.7488E-03 5.1936E-04 1.6254E-04 1.9268E-04 1.7171E-04 3.1407E-05 0.0000E+00 6.2132E-06 0.0000E+00
 0.0000E+00 1.6920E-05 2.8628E-06 0.0000E+00 0.0000E+00 0.0000E+00 1.1115E-05 0.0000E+00 5.2196E-05 5.4709E-05 1.5084E-05 3.3962E-05 0.0000E+00 7.5599E-05 3.4849E-04 6.6973E-04 2.0958E-03 7.2204E-04 1.5170E-04 1.5765E-04 8.5857E-05 6.7300E-05 0.0000E+00 7.1008E-06 0.0000E+00
 0.0000E+00 2.6149E-05 0.0000E+00 0.0000E+00 0.0000E+00 0.0000E+00 1.1115E-05 0.0000E+00 9.7868E-05 2.7354E-05 0.0000E+00 8.4906E-06 2.8797E-05 2.1600E-05 3.1244E-04 7.8792E-04 1.9986E-03 5.1936E-04 1.5170E-04 1.7517E-04 1.8492E-04 4.0380E-05 0.0000E+00 5.3256E-06 0.0000E+00
 0.0000E+00 1.4869E-05 0.0000E+00 0.0000E+00 0.0000E+00 0.0000E+00 0.0000E+00 6.2228E-06 3.9147E-05 4.7870E-05 1.5084E-05 1.6981E-05 2.8797E-05 5.3999E-05 2.6437E-04 8.1418E-04 1.7904E-03 5.4470E-04 1.6254E-04 1.1386E-04 9.2462E-05 7.1786E-05 5.0403E-06 4.4380E-06 0.0000E+00
 0.0000E+00 1.8971E-05 0.0000E+00 0.0000E+00 0.0000E+00 0.0000E+00 0.0000E+00 0.0000E+00 3.2623E-05 2.0516E-05 3.0168E-05 0.0000E+00 5.7594E-05 4.3200E-05 1.9227E-04 6.1720E-04 1.9986E-03 6.3337E-04 7.5852E-05 1.3138E-04 1.7832E-04 6.7300E-05 0.0000E+00 7.9884E-06 0.0000E+00
 0.0000E+00 1.7433E-05 0.0000E+00 0.0000E+00 0.0000E+00 0.0000E+00 0.0000E+00 0.0000E+00 7.1770E-05 6.8386E-06 7.5421E-06 8.4906E-06 5.7594E-05 7.5599E-05 3.6050E-04 6.5660E-04 1.5683E-03 5.3203E-04 7.5852E-05 1.5765E-04 1.4530E-04 2.6920E-05 0.0000E+00 6.2132E-06 0.0000E+00
 0.0000E+00 1.9996E-05 0.0000E+00 0.0000E+00 0.0000E+00 0.0000E+00 0.0000E+00 0.0000E+00 4.5672E-05 1.3677E-05 3.0168E-05 1.6981E-05 2.8797E-05 7.5599E-05 3.9655E-04 4.9901E-04 1.4712E-03 7.9804E-04 6.5016E-05 1.0510E-04 1.3869E-04 3.1407E-05 0.0000E+00 4.4380E-06 0.0000E+00
 0.0000E+00 7.6910E-06 0.0000E+00 0.0000E+00 0.0000E+00 0.0000E+00 1.6672E-05 0.0000E+00 8.4819E-05 2.7354E-05 1.5084E-05 8.4906E-06 6.7193E-05 7.5599E-05 3.7252E-04 4.5962E-04 1.7904E-03 4.6869E-04 8.6687E-05 8.7584E-05 9.2462E-05 3.1407E-05 0.0000E+00 3.5504E-06 0.0000E+00
 0.0000E+00 2.4098E-05 0.0000E+00 0.0000E+00 0.0000E+00 0.0000E+00 0.0000E+00 0.0000E+00 2.6098E-05 3.4193E-05 1.5084E-05 8.4906E-06 4.7995E-05 6.4799E-05 3.8454E-04 6.6973E-04 1.9292E-03 6.5870E-04 6.5016E-05 1.3138E-04 1.8492E-04 4.9353E-05 0.0000E+00 6.2132E-06 0.0000E+00
 0.0000E+00 1.8971E-05 1.4314E-06 0.0000E+00 0.0000E+00 0.0000E+00 0.0000E+00 1.2446E-05 2.6098E-05 2.0516E-05 1.5084E-05 3.3962E-05 0.0000E+00 7.5599E-05 3.2445E-04 8.4045E-04 1.7627E-03 5.0669E-04 5.4180E-05 1.3138E-04 9.9066E-05 5.3840E-05 0.0000E+00 8.8760E-06 0.0000E+00
 0.0000E+00 1.7946E-05 0.0000E+00 0.0000E+00 0.0000E+00 0.0000E+00 0.0000E+00 0.0000E+00 3.2623E-05 6.8386E-06 0.0000E+00 2.5472E-05 1.9198E-05 8.6399E-05 4.5664E-04 6.5660E-04 1.9570E-03 5.3203E-04 1.6254E-04 1.1386E-04 1.0567E-04 1.7947E-05 0.0000E+00 3.5504E-06 0.0000E+00
 0.0000E+00 1.7946E-05 1.4314E-06 0.0000E+00 0.0000E+00 0.0000E+00 0.0000E+00 0.0000E+00 5.8721E-05 0.0000E+00 0.0000E+00 8.4906E-06 8.6391E-05 3.2400E-05 2.7639E-04 7.6165E-04 1.9847E-03 6.4603E-04 7.5852E-05 6.1309E-05 1.0567E-04 5.8326E-05 2.5201E-06 4.4380E-06 0.0000E+00
 0.0000E+00 1.6407E-05 0.0000E+00 0.0000E+00 0.0000E+00 0.0000E+00 0.0000E+00 0.0000E+00 1.1092E-04 2.0516E-05 7.5421E-06 3.3962E-05 9.5990E-06 8.6399E-05 2.0429E-04 5.6467E-04 1.7071E-03 6.2070E-04 5.4180E-05 1.9268E-04 8.5857E-05 2.6920E-05 0.0000E+00 1.7752E-06 0.0000E+00
 0.0000E+00 1.4356E-05 0.0000E+00 0.0000E+00 0.0000E+00 0.0000E+00 5.5573E-06 0.0000E+00 7.1770E-05 6.8386E-06 1.5084E-05 1.6981E-05 9.5990E-06 1.0800E-04 2.4034E-04 4.3335E-04 1.9570E-03 6.5870E-04 5.4180E-05 7.0067E-05 1.5851E-04 6.2813E-05 0.0000E+00 7.1008E-06 0.0000E+00
 0.0000E+00 1.6407E-05 0.0000E+00 0.0000E+00 0.0000E+00 0.0000E+00 0.0000E+00 0.0000E+00 4.5672E-05 2.7354E-05 7.5421E-06 8.4906E-06 5.7594E-05 1.8360E-04 3.9655E-04 5.1215E-04 1.4989E-03 6.5870E-04 1.5170E-04 1.0510E-04 5.9440E-05 2.6920E-05 2.5201E-06 1.7752E-06 0.0000E+00
 0.0000E+00 1.0255E-05 1.4314E-06 0.0000E+00 0.0000E+00 0.0000E+00 0.0000E+00 6.2228E-06 5.2196E-05 3.4193E-05 0.0000E+00 0.0000E+00 1.9198E-05 1.2960E-04 2.5235E-04 4.4649E-04 1.6655E-03 4.3069E-04 1.1920E-04 1.3138E-04 1.2548E-04 1.7947E-05 2.5201E-06 1.7752E-06 0.0000E+00
 0.0000E+00 1.7433E-05 1.4314E-06 0.0000E+00 0.0000E+00 0.0000E+00 0.0000E+00 0.0000E+00 6.5245E-06 6.8386E-06 2.2626E-05 0.0000E+00 0.0000E+00 6.4799E-05 1.8025E-04 6.1720E-04 1.5128E-03 4.4336E-04 1.6254E-04 1.3138E-04 7.9253E-05 4.9353E-05 0.0000E+00 6.2132E-06 0.0000E+00
 0.0000E+00 2.7175E-05 0.0000E+00 0.0000E+00 0.0000E+00 0.0000E+00 2.2229E-05 0.0000E+00 1.9574E-05 3.4193E-05 0.0000E+00 0.0000E+00 0.0000E+00 9.7199E-05 3.6050E-04 4.5962E-04 1.2769E-03 5.1936E-04 1.7337E-04 7.8826E-05 1.4530E-04 4.0380E-05 0.0000E+00 4.4380E-06 0.0000E+00
 0.0000E+00 1.0255E-05 0.0000E+00 0.0000E+00 0.0000E+00 0.0000E+00 0.0000E+00 0.0000E+00 6.5245E-05 1.3677E-05 1.5084E-05 0.0000E+00 4.7995E-05 7.5599E-05 3.1244E-04 5.5154E-04 1.4296E-03 6.0803E-04 2.0588E-04 4.3792E-05 2.5097E-04 3.1407E-05 2.5201E-06 2.6628E-06 0.0000E+00
 0.0000E+00 1.7946E-05 0.0000E+00 0.0000E+00 0.0000E+00 0.0000E+00 0.0000E+00 6.2228E-06 4.5672E-05 4.1032E-05 0.0000E+00 8.4906E-06 2.8797E-05 4.3200E-05 2.5235E-04 6.5660E-04 1.1242E-03 5.4470E-04 4.3344E-05 1.8393E-04 1.0567E-04 4.4866E-05 0.0000E+00 9.7636E-06 0.0000E+00
 0.0000E+00 1.3844E-05 0.0000E+00 0.0000E+00 0.0000E+00 0.0000E+00 0.0000E+00 0.0000E+00 3.2623E-05 1.3677E-05 1.5084E-05 0.0000E+00 1.9198E-05 5.3999E-05 3.9655E-04 4.3335E-04 1.5406E-03 3.4202E-04 9.7523E-05 1.5765E-04 6.6044E-05 2.6920E-05 0.0000E+00 5.3256E-06 0.0000E+00
 0.0000E+00 1.9996E-05 0.0000E+00 0.0000E+00 0.0000E+00 0.0000E+00 1.1115E-05 0.0000E+00 9.1343E-05 6.8386E-06 0.0000E+00 2.5472E-05 1.9198E-05 6.4799E-05 2.5235E-04 8.2731E-04 1.7071E-03 6.4603E-04 6.5016E-05 5.2550E-05 1.4530E-04 1.7947E-05 0.0000E+00 1.5977E-05 0.0000E+00
 0.0000E+00 1.3844E-05 0.0000E+00 0.0000E+00 0.0000E+00 0.0000E+00 0.0000E+00 0.0000E+00 5.2196E-05 1.3677E-05 7.5421E-06 0.0000E+00 9.5990E-06 6.4799E-05 1.6824E-04 6.4347E-04 1.2352E-03 5.0669E-04 1.0836E-04 1.3138E-04 9.2462E-05 5.3840E-05 2.5201E-06 1.0651E-05 0.0000E+00
 0.0000E+00 1.9484E-05 0.0000E+00 0.0000E+00 0.0000E+00 0.0000E+00 5.5573E-06 0.0000E+00 4.5672E-05 6.8386E-06 4.5253E-05 1.6981E-05 0.0000E+00 5.3999E-05 2.0429E-04 4.9901E-04 1.4296E-03 3.8002E-04 1.0836E-04 8.7584E-05 1.2548E-04 4.9353E-05 0.0000E+00 5.3256E-06 0.0000E+00
 0.0000E+00 2.1022E-05 0.0000E+00 0.0000E+00 0.0000E+00 0.0000E+00 0.0000E+00 0.0000E+00 2.6098E-05 3.4193E-05 0.0000E+00 8.4906E-06 0.0000E+00 1.4040E-04 2.4034E-04 7.0913E-04 1.2630E-03 3.6735E-04 1.6254E-04 6.1309E-05 1.0567E-04 7.6273E-05 0.0000E+00 0.0000E+00 0.0000E+00
 0.0000E+00 2.2047E-05 1.4314E-06 0.0000E+00 0.0000E+00 0.0000E+00 0.0000E+00 0.0000E+00 3.2623E-05 6.8386E-06 7.5421E-06 1.6981E-05 9.5990E-06 8.6399E-05 2.4034E-04 5.2528E-04 1.3463E-03 5.1936E-04 9.7523E-05 5.2550E-05 9.2462E-05 1.7947E-05 0.0000E+00 5.3256E-06 0.0000E+00
 0.0000E+00 1.7946E-05 0.0000E+00 0.0000E+00 0.0000E+00 0.0000E+00 0.0000E+00 0.0000E+00 7.8294E-05 6.8386E-06 0.0000E+00 2.5472E-05 1.9198E-05 4.3200E-05 3.4849E-04 3.9396E-04 1.7627E-03 3.6735E-04 1.5170E-04 1.4013E-04 9.2462E-05 4.9353E-05 0.0000E+00 4.4380E-06 0.0000E+00
 0.0000E+00 9.2291E-06 0.0000E+00 0.0000E+00 0.0000E+00 0.0000E+00 0.0000E+00 0.0000E+00 3.9147E-05 0.0000E+00 7.5421E-06 2.5472E-05 0.0000E+00 1.1880E-04 3.0042E-04 7.4852E-04 1.3185E-03 5.0669E-04 4.3344E-05 8.7584E-05 1.3209E-04 3.1407E-05 0.0000E+00 8.8760E-06 0.0000E+00
 0.0000E+00 1.4869E-05 0.0000E+00 0.0000E+00 0.0000E+00 0.0000E+00 0.0000E+00 0.0000E+00 3.2623E-05 1.3677E-05 0.0000E+00 8.4906E-06 1.9198E-05 1.0800E-04 2.0429E-04 5.1215E-04 1.7071E-03 4.4336E-04 4.3344E-05 1.1386E-04 7.2649E-05 6.7300E-05 0.0000E+00 3.5504E-06 0.0000E+00
 0.0000E+00 1.7946E-05 1.4314E-06 0.0000E+00 0.0000E+00 0.0000E+00 0.0000E+00 0.0000E+00 4.5672E-05 1.3677E-05 0.0000E+00 1.6981E-05 9.5990E-06 1.1880E-04 4.2059E-04 5.7781E-04 1.4712E-03 6.4603E-04 1.1920E-04 7.8826E-05 9.2462E-05 3.5893E-05 0.0000E+00 1.7752E-06 0.0000E+00
 0.0000E+00 1.0767E-05 0.0000E+00 0.0000E+00 0.0000E+00 0.0000E+00 0.0000E+00 0.0000E+00 5.8721E-05 0.0000E+00 7.5421E-06 1.6981E-05 0.0000E+00 5.3999E-05 2.8840E-04 3.5456E-04 1.3740E-03 4.1802E-04 1.1920E-04 1.4889E-04 7.2649E-05 4.4866E-05 2.5201E-06 6.2132E-06 0.0000E+00
 0.0000E+00 1.5895E-05 0.0000E+00 0.0000E+00 0.0000E+00 0.0000E+00 5.5573E-06 0.0000E+00 5.2196E-05 6.8386E-06 3.0168E-05 8.4906E-06 7.6792E-05 4.3200E-05 2.2832E-04 4.3335E-04 1.0548E-03 5.5736E-04 7.5852E-05 8.7584E-05 1.8492E-04 5.3840E-05 0.0000E+00 1.7752E-06 0.0000E+00
 0.0000E+00 1.1793E-05 0.0000E+00 0.0000E+00 0.0000E+00 0.0000E+00 0.0000E+00 0.0000E+00 8.4819E-05 4.7870E-05 7.5421E-06 1.6981E-05 9.5990E-06 1.4040E-04 2.0429E-04 5.6467E-04 1.3046E-03 4.9403E-04 1.1920E-04 1.2262E-04 9.2462E-05 2.2433E-05 0.0000E+00 5.3256E-06 0.0000E+00
 0.0000E+00 1.1280E-05 1.4314E-06 0.0000E+00 0.0000E+00 0.0000E+00 0.0000E+00 0.0000E+00 3.2623E-05 2.0516E-05 0.0000E+00 5.9434E-05 2.8797E-05 1.0800E-05 2.7639E-04 5.5154E-04 1.1797E-03 4.6869E-04 9.7523E-05 9.6342E-05 1.0567E-04 2.6920E-05 0.0000E+00 3.5504E-06 0.0000E+00
 0.0000E+00 1.2306E-05 0.0000E+00 0.0000E+00 0.0000E+00 0.0000E+00 0.0000E+00 0.0000E+00 6.5245E-06 1.3677E-05 0.0000E+00 3.3962E-05 0.0000E+00 5.3999E-05 2.7639E-04 5.1215E-04 1.5128E-03 4.8136E-04 1.1920E-04 1.2262E-04 5.9440E-05 3.1407E-05 0.0000E+00 4.4380E-06 0.0000E+00
 0.0000E+00 1.0767E-05 0.0000E+00 0.0000E+00 0.0000E+00 0.0000E+00 0.0000E+00 0.0000E+00 1.9574E-05 6.8386E-06 3.0168E-05 8.4906E-06 1.9198E-05 4.3200E-05 2.6437E-04 4.3335E-04 1.4573E-03 3.9269E-04 1.0836E-04 7.0067E-05 1.1888E-04 1.3460E-05 0.0000E+00 6.2132E-06 0.0000E+00
 0.0000E+00 1.3331E-05 0.0000E+00 0.0000E+00 0.0000E+00 0.0000E+00 0.0000E+00 0.0000E+00 3.2623E-05 2.0516E-05 2.2626E-05 8.4906E-06 9.5990E-06 5.3999E-05 1.6824E-04 4.5962E-04 1.6655E-03 4.0535E-04 1.1920E-04 7.0067E-05 1.1888E-04 4.4866E-05 0.0000E+00 5.3256E-06 0.0000E+00
 0.0000E+00 1.6920E-05 0.0000E+00 0.0000E+00 0.0000E+00 0.0000E+00 0.0000E+00 0.0000E+00 7.8294E-05 0.0000E+00 1.5084E-05 2.5472E-05 9.5990E-06 1.1880E-04 2.5235E-04 5.3841E-04 1.5267E-03 4.1802E-04 7.5852E-05 8.7584E-05 9.2462E-05 3.5893E-05 0.0000E+00 7.9884E-06 0.0000E+00
 0.0000E+00 1.3331E-05 0.0000E+00 0.0000E+00 0.0000E+00 0.0000E+00 0.0000E+00 0.0000E+00 5.2196E-05 6.8386E-06 2.2626E-05 1.6981E-05 9.5990E-06 1.0800E-05 2.5235E-04 4.2022E-04 1.1936E-03 2.5335E-04 9.7523E-05 5.2550E-05 1.3869E-04 3.1407E-05 0.0000E+00 1.7752E-06 0.0000E+00
 0.0000E+00 1.0255E-05 0.0000E+00 0.0000E+00 0.0000E+00 0.0000E+00 0.0000E+00 0.0000E+00 3.2623E-05 0.0000E+00 2.2626E-05 0.0000E+00 0.0000E+00 8.6399E-05 2.7639E-04 3.8083E-04 1.5406E-03 4.3069E-04 6.5016E-05 1.0510E-04 1.4530E-04 2.6920E-05 0.0000E+00 1.7752E-06 0.0000E+00
 0.0000E+00 1.4356E-05 1.4314E-06 0.0000E+00 0.0000E+00 0.0000E+00 0.0000E+00 0.0000E+00 4.5672E-05 2.0516E-05 1.5084E-05 8.4906E-06 2.8797E-05 5.3999E-05 3.0042E-04 3.8083E-04 1.1936E-03 3.0402E-04 7.5852E-05 8.7584E-05 8.5857E-05 1.7947E-05 0.0000E+00 1.7752E-06 0.0000E+00
 0.0000E+00 1.1793E-05 0.0000E+00 0.0000E+00 0.0000E+00 0.0000E+00 0.0000E+00 6.2228E-06 3.9147E-05 0.0000E+00 2.2626E-05 8.4906E-06 0.0000E+00 1.1880E-04 2.8840E-04 6.5660E-04 1.1936E-03 4.3069E-04 4.3344E-05 5.2550E-05 1.1228E-04 4.4866E-05 0.0000E+00 7.9884E-06 0.0000E+00
 0.0000E+00 1.7946E-05 0.0000E+00 0.0000E+00 0.0000E+00 0.0000E+00 0.0000E+00 0.0000E+00 4.5672E-05 3.4193E-05 0.0000E+00 0.0000E+00 1.9198E-05 0.0000E+00 3.2445E-04 4.0709E-04 1.1381E-03 4.1802E-04 5.4180E-05 7.0067E-05 2.0474E-04 1.7947E-05 0.0000E+00 3.5504E-06 0.0000E+00
 0.0000E+00 1.0255E-05 0.0000E+00 0.0000E+00 0.0000E+00 0.0000E+00 0.0000E+00 0.0000E+00 5.8721E-05 1.3677E-05 0.0000E+00 4.2453E-05 1.9198E-05 1.1880E-04 2.2832E-04 4.9901E-04 1.4989E-03 3.8002E-04 1.3003E-04 1.1386E-04 9.9066E-05 5.3840E-05 0.0000E+00 4.4380E-06 0.0000E+00
 0.0000E+00 1.8458E-05 0.0000E+00 0.0000E+00 0.0000E+00 0.0000E+00 2.2229E-05 1.2446E-05 4.5672E-05 6.8386E-06 7.5421E-06 1.6981E-05 0.0000E+00 7.5599E-05 2.1630E-04 3.0203E-04 8.8827E-04 2.4068E-04 8.6687E-05 1.7517E-05 1.1888E-04 1.3460E-05 0.0000E+00 6.2132E-06 0.0000E+00
 0.0000E+00 1.5382E-05 0.0000E+00 0.0000E+00 0.0000E+00 0.0000E+00 0.0000E+00 0.0000E+00 2.6098E-05 5.4709E-05 0.0000E+00 1.6981E-05 0.0000E+00 7.5599E-05 2.2832E-04 4.5962E-04 1.0826E-03 3.2935E-04 5.4180E-05 1.0510E-04 1.0567E-04 4.4866E-05 0.0000E+00 7.1008E-06 0.0000E+00
 0.0000E+00 1.3331E-05 0.0000E+00 0.0000E+00 0.0000E+00 0.0000E+00 0.0000E+00 0.0000E+00 1.9574E-05 3.4193E-05 0.0000E+00 1.6981E-05 1.9198E-05 0.0000E+00 1.5622E-04 6.0407E-04 9.8542E-04 5.0669E-04 1.9505E-04 2.6275E-05 7.9253E-05 2.2433E-05 0.0000E+00 1.0651E-05 0.0000E+00
 0.0000E+00 1.1793E-05 0.0000E+00 0.0000E+00 0.0000E+00 0.0000E+00 0.0000E+00 0.0000E+00 6.5245E-05 2.7354E-05 2.2626E-05 0.0000E+00 4.7995E-05 1.0800E-05 1.3218E-04 1.9698E-04 1.2352E-03 4.3069E-04 4.3344E-05 4.3792E-05 1.0567E-04 4.9353E-05 2.5201E-06 7.1008E-06 0.0000E+00
 0.0000E+00 1.3844E-05 2.8628E-06 0.0000E+00 0.0000E+00 0.0000E+00 5.5573E-06 0.0000E+00 5.2196E-05 0.0000E+00 3.0168E-05 5.9434E-05 2.8797E-05 2.1600E-05 1.0815E-04 5.5154E-04 1.3185E-03 6.4603E-04 4.3344E-05 1.4889E-04 9.9066E-05 2.6920E-05 0.0000E+00 3.5504E-06 0.0000E+00
 0.0000E+00 1.3844E-05 0.0000E+00 0.0000E+00 0.0000E+00 0.0000E+00 0.0000E+00 0.0000E+00 1.3049E-05 4.1032E-05 7.5421E-06 0.0000E+00 0.0000E+00 2.1600E-05 1.0815E-04 3.4143E-04 8.1887E-04 4.5602E-04 5.4180E-05 9.6342E-05 1.1228E-04 2.2433E-05 2.5201E-06 3.5504E-06 0.0000E+00
 0.0000E+00 2.1535E-05 0.0000E+00 0.0000E+00 0.0000E+00 0.0000E+00 2.2229E-05 0.0000E+00 1.3049E-05 6.8386E-06 7.5421E-06 0.0000E+00 2.8797E-05 3.2400E-05 1.8025E-04 4.3335E-04 1.3602E-03 4.6869E-04 3.2508E-05 5.2550E-05 4.6231E-05 1.3460E-05 0.0000E+00 8.8760E-07 0.0000E+00
 0.0000E+00 1.7433E-05 0.0000E+00 0.0000E+00 0.0000E+00 0.0000E+00 0.0000E+00 0.0000E+00 4.5672E-05 2.0516E-05 0.0000E+00 8.4906E-06 2.8797E-05 4.3200E-05 3.7252E-04 4.3335E-04 9.4378E-04 4.3069E-04 4.3344E-05 7.8826E-05 9.9066E-05 4.0380E-05 0.0000E+00 3.5504E-06 0.0000E+00
 0.0000E+00 1.4356E-05 0.0000E+00 0.0000E+00 0.0000E+00 0.0000E+00 0.0000E+00 0.0000E+00 3.2623E-05 0.0000E+00 1.5084E-05 0.0000E+00 9.5990E-06 2.1600E-05 1.8025E-04 2.8890E-04 1.4157E-03 5.3203E-04 1.3003E-04 8.7584E-05 7.9253E-05 2.2433E-05 0.0000E+00 5.3256E-06 0.0000E+00
 0.0000E+00 1.5382E-05 1.4314E-06 0.0000E+00 0.0000E+00 0.0000E+00 0.0000E+00 0.0000E+00 1.9574E-05 1.3677E-05 7.5421E-06 8.4906E-06 1.9198E-05 2.1600E-05 1.9227E-04 3.6769E-04 8.8827E-04 3.4202E-04 1.0836E-04 3.5034E-05 4.6231E-05 5.3840E-05 2.5201E-06 6.2132E-06 0.0000E+00
 0.0000E+00 1.0255E-05 1.4314E-06 0.0000E+00 0.0000E+00 0.0000E+00 5.5573E-06 0.0000E+00 3.9147E-05 4.7870E-05 7.5421E-06 0.0000E+00 9.5990E-06 1.0800E-04 2.6437E-04 4.7275E-04 9.7154E-04 4.4336E-04 4.3344E-05 7.0067E-05 1.2548E-04 1.7947E-05 0.0000E+00 6.2132E-06 0.0000E+00
 0.0000E+00 1.0255E-05 0.0000E+00 0.0000E+00 0.0000E+00 0.0000E+00 1.6672E-05 0.0000E+00 1.9574E-05 6.8386E-06 3.0168E-05 8.4906E-06 1.9198E-05 5.3999E-05 1.9227E-04 1.9698E-04 1.4851E-03 3.9269E-04 9.7523E-05 3.5034E-05 9.2462E-05 4.0380E-05 2.5201E-06 8.8760E-06 0.0000E+00
 0.0000E+00 1.3844E-05 0.0000E+00 0.0000E+00 0.0000E+00 0.0000E+00 0.0000E+00 0.0000E+00 4.5672E-05 0.0000E+00 7.5421E-06 0.0000E+00 0.0000E+00 8.6399E-05 2.1630E-04 2.8890E-04 1.0687E-03 5.4470E-04 4.3344E-05 5.2550E-05 1.2548E-04 4.4866E-05 0.0000E+00 7.1008E-06 0.0000E+00
 0.0000E+00 1.1793E-05 0.0000E+00 2.5098E-06 0.0000E+00 0.0000E+00 0.0000E+00 0.0000E+00 3.9147E-05 0.0000E+00 0.0000E+00 0.0000E+00 9.5990E-06 1.0800E-04 2.6437E-04 4.2022E-04 9.8542E-04 2.5335E-04 8.6687E-05 1.1386E-04 8.5857E-05 5.3840E-05 0.0000E+00 4.4380E-06 0.0000E+00
 0.0000E+00 1.2818E-05 0.0000E+00 0.0000E+00 0.0000E+00 0.0000E+00 0.0000E+00 0.0000E+00 3.2623E-05 2.0516E-05 0.0000E+00 3.3962E-05 0.0000E+00 4.3200E-05 1.0815E-04 3.1517E-04 9.1602E-04 3.6735E-04 6.5016E-05 1.1386E-04 4.6231E-05 4.4866E-05 0.0000E+00 3.5504E-06 0.0000E+00
 0.0000E+00 1.0255E-05 0.0000E+00 0.0000E+00 0.0000E+00 0.0000E+00 0.0000E+00 0.0000E+00 3.2623E-05 6.8386E-06 7.5421E-06 1.6981E-05 1.9198E-05 0.0000E+00 2.6437E-04 3.1517E-04 1.0826E-03 4.3069E-04 4.3344E-05 6.1309E-05 9.2462E-05 4.0380E-05 0.0000E+00 2.6628E-06 0.0000E+00
 0.0000E+00 1.8971E-05 0.0000E+00 0.0000E+00 0.0000E+00 0.0000E+00 5.5573E-06 0.0000E+00 2.6098E-05 0.0000E+00 7.5421E-06 0.0000E+00 9.5990E-06 1.0800E-05 1.4420E-04 3.9396E-04 1.1936E-03 4.1802E-04 3.2508E-05 2.6275E-05 1.0567E-04 3.5893E-05 5.0403E-06 7.1008E-06 0.0000E+00
 0.0000E+00 7.6910E-06 0.0000E+00 0.0000E+00 0.0000E+00 0.0000E+00 0.0000E+00 0.0000E+00 4.5672E-05 6.8386E-06 1.5084E-05 0.0000E+00 0.0000E+00 5.3999E-05 1.0815E-04 3.0203E-04 1.3185E-03 3.5469E-04 5.4180E-05 1.0510E-04 5.2835E-05 1.3460E-05 0.0000E+00 8.8760E-07 0.0000E+00
 0.0000E+00 9.7419E-06 0.0000E+00 0.0000E+00 0.0000E+00 0.0000E+00 0.0000E+00 0.0000E+00 1.9574E-05 0.0000E+00 7.5421E-06 8.4906E-06 0.0000E+00 3.2400E-05 1.2017E-04 4.9901E-04 9.0214E-04 2.5335E-04 8.6687E-05 6.1309E-05 9.9066E-05 7.1786E-05 0.0000E+00 5.3256E-06 0.0000E+00
 0.0000E+00 1.5895E-05 0.0000E+00 0.0000E+00 0.0000E+00 0.0000E+00 0.0000E+00 0.0000E+00 3.9147E-05 0.0000E+00 7.5421E-06 2.5472E-05 1.9198E-05 2.1600E-05 2.0429E-04 5.5154E-04 1.0548E-03 2.7868E-04 7.5852E-05 2.0144E-04 6.6044E-05 2.6920E-05 0.0000E+00 5.3256E-06 0.0000E+00
 0.0000E+00 1.1793E-05 0.0000E+00 0.0000E+00 0.0000E+00 0.0000E+00 0.0000E+00 0.0000E+00 1.9574E-05 6.8386E-06 0.0000E+00 0.0000E+00 1.9198E-05 8.6399E-05 3.0042E-04 3.0203E-04 1.3602E-03 3.5469E-04 1.0836E-05 7.8826E-05 1.0567E-04 1.7947E-05 0.0000E+00 3.5504E-06 0.0000E+00
 0.0000E+00 1.4869E-05 2.8628E-06 0.0000E+00 0.0000E+00 0.0000E+00 0.0000E+00 0.0000E+00 3.2623E-05 6.8386E-06 0.0000E+00 3.3962E-05 2.8797E-05 4.3200E-05 1.6824E-04 3.8083E-04 1.0409E-03 3.8002E-04 1.1920E-04 7.0067E-05 1.1228E-04 1.3460E-05 0.0000E+00 6.2132E-06 0.0000E+00
 0.0000E+00 1.2306E-05 0.0000E+00 0.0000E+00 0.0000E+00 0.0000E+00 5.5573E-06 0.0000E+00 1.3049E-05 0.0000E+00 7.5421E-06 0.0000E+00 9.5990E-06 3.2400E-05 1.8025E-04 6.1720E-04 1.0965E-03 2.7868E-04 5.4180E-05 3.5034E-05 1.1888E-04 1.7947E-05 0.0000E+00 2.6628E-06 0.0000E+00
 0.0000E+00 1.3331E-05 0.0000E+00 0.0000E+00 0.0000E+00 0.0000E+00 0.0000E+00 0.0000E+00 2.6098E-05 0.0000E+00 0.0000E+00 2.5472E-05 4.7995E-05 2.1600E-05 2.4034E-04 4.0709E-04 1.1797E-03 3.5469E-04 7.5852E-05 7.8826E-05 7.2649E-05 4.0380E-05 7.5604E-06 8.8760E-07 0.0000E+00
 0.0000E+00 1.1280E-05 0.0000E+00 0.0000E+00 0.0000E+00 0.0000E+00 0.0000E+00 0.0000E+00 5.2196E-05 4.7870E-05 7.5421E-06 1.6981E-05 0.0000E+00 4.3200E-05 1.4420E-04 1.8385E-04 9.4378E-04 3.2935E-04 7.5852E-05 9.6342E-05 9.9066E-05 1.7947E-05 0.0000E+00 8.8760E-07 0.0000E+00
 0.0000E+00 1.1793E-05 0.0000E+00 0.0000E+00 0.0000E+00 0.0000E+00 5.5573E-06 0.0000E+00 3.2623E-05 6.8386E-06 7.5421E-06 0.0000E+00 1.9198E-05 1.0800E-04 2.0429E-04 3.4143E-04 1.3602E-03 3.5469E-04 1.7337E-04 7.0067E-05 7.2649E-05 2.6920E-05 0.0000E+00 3.5504E-06 0.0000E+00
 0.0000E+00 1.2306E-05 2.8628E-06 0.0000E+00 0.0000E+00 0.0000E+00 0.0000E+00 0.0000E+00 0.0000E+00 2.0516E-05 7.5421E-06 8.4906E-06 9.5990E-06 7.5599E-05 1.2017E-04 2.2324E-04 7.4947E-04 3.2935E-04 8.6687E-05 5.2550E-05 5.2835E-05 3.5893E-05 0.0000E+00 3.5504E-06 0.0000E+00
 0.0000E+00 1.5382E-05 0.0000E+00 0.0000E+00 0.0000E+00 0.0000E+00 0.0000E+00 0.0000E+00 3.9147E-05 2.0516E-05 0.0000E+00 0.0000E+00 4.7995E-05 7.5599E-05 9.6134E-05 4.2022E-04 9.2990E-04 2.5335E-04 7.5852E-05 7.0067E-05 1.0567E-04 2.6920E-05 0.0000E+00 1.7752E-06 0.0000E+00
 0.0000E+00 1.8458E-05 0.0000E+00 0.0000E+00 0.0000E+00 0.0000E+00 0.0000E+00 0.0000E+00 1.3049E-05 6.8386E-06 0.0000E+00 8.4906E-06 0.0000E+00 7.5599E-05 1.0815E-04 2.2324E-04 8.7439E-04 3.2935E-04 1.0836E-04 8.7584E-05 7.9253E-05 2.6920E-05 0.0000E+00 5.3256E-06 0.0000E+00
 0.0000E+00 1.4356E-05 1.4314E-06 0.0000E+00 0.0000E+00 0.0000E+00 0.0000E+00 0.0000E+00 1.9574E-05 4.7870E-05 0.0000E+00 0.0000E+00 2.8797E-05 4.3200E-05 1.5622E-04 3.6769E-04 9.2990E-04 3.1668E-04 3.2508E-05 7.0067E-05 8.5857E-05 3.1407E-05 0.0000E+00 4.4380E-06 0.0000E+00
 0.0000E+00 1.3844E-05 0.0000E+00 0.0000E+00 0.0000E+00 0.0000E+00 0.0000E+00 0.0000E+00 4.5672E-05 6.8386E-06 1.5084E-05 0.0000E+00 1.9198E-05 5.3999E-05 1.2017E-04 3.8083E-04 1.1381E-03 4.3069E-04 3.2508E-05 5.2550E-05 7.2649E-05 3.1407E-05 2.5201E-06 4.4380E-06 0.0000E+00
 0.0000E+00 1.4356E-05 1.4314E-06 0.0000E+00 0.0000E+00 0.0000E+00 0.0000E+00 0.0000E+00 0.0000E+00 0.0000E+00 1.5084E-05 3.3962E-05 9.5990E-06 3.2400E-05 1.3218E-04 3.8083E-04 9.1602E-04 2.9135E-04 7.5852E-05 7.0067E-05 9.2462E-05 2.6920E-05 0.0000E+00 1.7752E-06 0.0000E+00
 0.0000E+00 7.6910E-06 0.0000E+00 0.0000E+00 0.0000E+00 0.0000E+00 0.0000E+00 6.2228E-06 6.5245E-06 4.1032E-05 0.0000E+00 0.0000E+00 0.0000E+00 4.3200E-05 1.5622E-04 3.5456E-04 9.8542E-04 4.5602E-04 5.4180E-05 8.7584E-05 1.2548E-04 3.5893E-05 0.0000E+00 2.6628E-06 0.0000E+00
 0.0000E+00 5.1273E-06 0.0000E+00 0.0000E+00 0.0000E+00 0.0000E+00 0.0000E+00 0.0000E+00 3.2623E-05 0.0000E+00 0.0000E+00 8.4906E-06 0.0000E+00 2.1600E-05 1.5622E-04 2.2324E-04 9.7154E-04 3.2935E-04 2.1672E-05 6.1309E-05 1.2548E-04 1.7947E-05 0.0000E+00 1.7752E-06 0.0000E+00
 0.0000E+00 8.2037E-06 0.0000E+00 0.0000E+00 0.0000E+00 0.0000E+00 0.0000E+00 0.0000E+00 0.0000E+00 0.0000E+00 0.0000E+00 0.0000E+00 2.8797E-05 3.2400E-05 1.2017E-04 2.1011E-04 1.2214E-03 4.5602E-04 3.2508E-05 4.3792E-05 7.2649E-05 2.2433E-05 0.0000E+00 2.6628E-06 0.0000E+00
 0.0000E+00 1.6920E-05 0.0000E+00 0.0000E+00 0.0000E+00 0.0000E+00 0.0000E+00 0.0000E+00 6.5245E-06 6.8386E-06 0.0000E+00 0.0000E+00 0.0000E+00 0.0000E+00 2.5235E-04 3.5456E-04 7.6335E-04 2.4068E-04 5.4180E-05 1.0510E-04 5.9440E-05 2.6920E-05 0.0000E+00 8.8760E-07 0.0000E+00
 0.0000E+00 1.0767E-05 0.0000E+00 0.0000E+00 0.0000E+00 0.0000E+00 5.5573E-06 0.0000E+00 6.5245E-06 6.8386E-06 0.0000E+00 0.0000E+00 0.0000E+00 1.0800E-05 1.2017E-04 2.3638E-04 7.3559E-04 3.0402E-04 2.1672E-05 2.6275E-05 7.2649E-05 2.6920E-05 0.0000E+00 8.8760E-07 0.0000E+00
 0.0000E+00 1.5895E-05 0.0000E+00 0.0000E+00 0.0000E+00 0.0000E+00 0.0000E+00 0.0000E+00 5.2196E-05 1.3677E-05 0.0000E+00 1.6981E-05 0.0000E+00 3.2400E-05 1.0815E-04 3.4143E-04 9.2990E-04 2.0268E-04 1.0836E-05 3.5034E-05 1.1228E-04 3.1407E-05 0.0000E+00 3.5504E-06 0.0000E+00
 0.0000E+00 9.2291E-06 0.0000E+00 0.0000E+00 0.0000E+00 0.0000E+00 0.0000E+00 0.0000E+00 4.5672E-05 0.0000E+00 0.0000E+00 8.4906E-06 0.0000E+00 5.3999E-05 1.8025E-04 3.5456E-04 1.1658E-03 2.2801E-04 5.4180E-05 4.3792E-05 1.5190E-04 3.5893E-05 0.0000E+00 3.5504E-06 0.0000E+00
 0.0000E+00 7.1782E-06 0.0000E+00 0.0000E+00 0.0000E+00 0.0000E+00 0.0000E+00 0.0000E+00 0.0000E+00 4.7870E-05 0.0000E+00 0.0000E+00 3.8396E-05 2.1600E-05 6.0084E-05 2.3638E-04 7.2172E-04 3.5469E-04 9.7523E-05 1.0510E-04 7.9253E-05 1.7947E-05 0.0000E+00 7.1008E-06 0.0000E+00
 0.0000E+00 2.3586E-05 0.0000E+00 0.0000E+00 0.0000E+00 0.0000E+00 0.0000E+00 0.0000E+00 1.3049E-05 0.0000E+00 0.0000E+00 8.4906E-06 0.0000E+00 2.1600E-05 9.6134E-05 2.6264E-04 9.8542E-04 2.9135E-04 4.3344E-05 4.3792E-05 9.9066E-05 8.9733E-06 0.0000E+00 3.5504E-06 0.0000E+00
 0.0000E+00 1.2818E-05 0.0000E+00 0.0000E+00 0.0000E+00 0.0000E+00 0.0000E+00 0.0000E+00 1.3049E-05 1.3677E-05 0.0000E+00 0.0000E+00 0.0000E+00 2.1600E-05 8.4118E-05 1.8385E-04 1.0687E-03 1.3934E-04 6.5016E-05 5.2550E-05 9.9066E-05 2.6920E-05 0.0000E+00 0.0000E+00 0.0000E+00
 0.0000E+00 1.9484E-05 0.0000E+00 0.0000E+00 0.0000E+00 0.0000E+00 0.0000E+00 0.0000E+00 1.9574E-05 0.0000E+00 0.0000E+00 8.4906E-06 5.7594E-05 6.4799E-05 8.4118E-05 3.4143E-04 7.4947E-04 2.9135E-04 1.3003E-04 7.8826E-05 6.6044E-05 1.7947E-05 0.0000E+00 1.7752E-06 0.0000E+00
 0.0000E+00 1.1793E-05 0.0000E+00 0.0000E+00 0.0000E+00 0.0000E+00 0.0000E+00 0.0000E+00 3.2623E-05 2.7354E-05 0.0000E+00 1.6981E-05 9.5990E-06 2.1600E-05 1.3218E-04 3.9396E-04 8.6051E-04 3.8002E-04 2.1672E-05 3.5034E-05 7.2649E-05 1.3460E-05 0.0000E+00 3.5504E-06 0.0000E+00
 0.0000E+00 1.2818E-05 0.0000E+00 0.0000E+00 0.0000E+00 0.0000E+00 0.0000E+00 0.0000E+00 1.3049E-05 6.8386E-06 0.0000E+00 8.4906E-06 0.0000E+00 4.3200E-05 1.4420E-04 3.1517E-04 9.8542E-04 2.1534E-04 5.4180E-05 4.3792E-05 4.6231E-05 2.6920E-05 0.0000E+00 6.2132E-06 0.0000E+00
 0.0000E+00 1.3844E-05 0.0000E+00 0.0000E+00 0.0000E+00 0.0000E+00 0.0000E+00 0.0000E+00 5.8721E-05 0.0000E+00 1.5084E-05 0.0000E+00 0.0000E+00 7.5599E-05 1.3218E-04 1.7072E-04 9.1602E-04 1.9001E-04 7.5852E-05 1.3138E-04 1.1888E-04 4.0380E-05 0.0000E+00 8.8760E-07 0.0000E+00
 0.0000E+00 1.4869E-05 0.0000E+00 0.0000E+00 0.0000E+00 0.0000E+00 0.0000E+00 0.0000E+00 1.3049E-05 0.0000E+00 0.0000E+00 0.0000E+00 0.0000E+00 1.0800E-05 6.0084E-05 3.8083E-04 1.1103E-03 1.5201E-04 9.7523E-05 5.2550E-05 5.2835E-05 2.2433E-05 0.0000E+00 3.5504E-06 0.0000E+00
 0.0000E+00 1.2818E-05 0.0000E+00 0.0000E+00 0.0000E+00 0.0000E+00 0.0000E+00 0.0000E+00 5.8721E-05 6.8386E-06 7.5421E-06 8.4906E-06 0.0000E+00 0.0000E+00 1.3218E-04 2.3638E-04 8.7439E-04 3.0402E-04 9.7523E-05 2.6275E-05 1.0567E-04 1.7947E-05 0.0000E+00 5.3256E-06 0.0000E+00
 0.0000E+00 1.0767E-05 2.8628E-06 0.0000E+00 0.0000E+00 0.0000E+00 0.0000E+00 0.0000E+00 3.2623E-05 0.0000E+00 0.0000E+00 0.0000E+00 0.0000E+00 3.2400E-05 1.2017E-04 1.8385E-04 1.1103E-03 2.4068E-04 5.4180E-05 8.7584E-06 1.1228E-04 3.1407E-05 0.0000E+00 8.8760E-07 0.0000E+00
 0.0000E+00 1.0767E-05 0.0000E+00 0.0000E+00 0.0000E+00 0.0000E+00 0.0000E+00 0.0000E+00 6.5245E-06 0.0000E+00 0.0000E+00 0.0000E+00 0.0000E+00 6.4799E-05 1.0815E-04 2.8890E-04 9.9930E-04 2.7868E-04 5.4180E-05 7.0067E-05 6.6044E-05 1.7947E-05 0.0000E+00 1.7752E-06 0.0000E+00
 0.0000E+00 7.1782E-06 0.0000E+00 0.0000E+00 0.0000E+00 0.0000E+00 0.0000E+00 0.0000E+00 1.9574E-05 0.0000E+00 0.0000E+00 0.0000E+00 0.0000E+00 2.1600E-05 9.6134E-05 2.1011E-04 8.1887E-04 2.9135E-04 2.1672E-05 6.1309E-05 1.0567E-04 1.3460E-05 0.0000E+00 2.6628E-06 0.0000E+00
 0.0000E+00 1.5895E-05 0.0000E+00 0.0000E+00 0.0000E+00 0.0000E+00 0.0000E+00 0.0000E+00 3.2623E-05 0.0000E+00 0.0000E+00 0.0000E+00 9.5990E-06 1.0800E-05 1.5622E-04 4.4649E-04 8.7439E-04 2.4068E-04 5.4180E-05 1.1386E-04 5.2835E-05 2.6920E-05 0.0000E+00 8.8760E-07 0.0000E+00
 0.0000E+00 1.2306E-05 1.4314E-06 0.0000E+00 0.0000E+00 0.0000E+00 0.0000E+00 0.0000E+00 3.2623E-05 0.0000E+00 0.0000E+00 8.4906E-06 1.9198E-05 0.0000E+00 1.2017E-04 2.4951E-04 9.7154E-04 2.6601E-04 4.3344E-05 2.6275E-05 1.1228E-04 2.2433E-05 0.0000E+00 1.7752E-06 0.0000E+00
 0.0000E+00 1.4356E-05 0.0000E+00 0.0000E+00 0.0000E+00 0.0000E+00 5.5573E-06 0.0000E+00 1.3049E-05 2.7354E-05 0.0000E+00 1.6981E-05 0.0000E+00 0.0000E+00 4.8067E-05 1.5758E-04 9.9930E-04 1.2667E-04 5.4180E-05 6.1309E-05 1.1228E-04 1.3460E-05 0.0000E+00 1.7752E-06 0.0000E+00
 0.0000E+00 1.5895E-05 0.0000E+00 0.0000E+00 0.0000E+00 0.0000E+00 0.0000E+00 0.0000E+00 1.9574E-05 1.3677E-05 1.5084E-05 0.0000E+00 0.0000E+00 5.3999E-05 9.6134E-05 2.8890E-04 8.6051E-04 3.2935E-04 0.0000E+00 7.0067E-05 9.9066E-05 2.6920E-05 0.0000E+00 7.1008E-06 0.0000E+00
 0.0000E+00 1.5382E-05 2.8628E-06 0.0000E+00 0.0000E+00 0.0000E+00 0.0000E+00 0.0000E+00 1.3049E-05 1.3677E-05 1.5084E-05 0.0000E+00 1.9198E-05 2.1600E-05 1.0815E-04 2.3638E-04 9.1602E-04 2.9135E-04 3.2508E-05 7.0067E-05 5.9440E-05 8.9733E-06 0.0000E+00 1.7752E-06 0.0000E+00
 0.0000E+00 1.2818E-05 0.0000E+00 0.0000E+00 0.0000E+00 0.0000E+00 0.0000E+00 0.0000E+00 1.3049E-05 0.0000E+00 7.5421E-06 3.3962E-05 9.5990E-06 1.0800E-05 1.3218E-04 1.8385E-04 7.4947E-04 1.7734E-04 1.3003E-04 8.7584E-05 5.2835E-05 1.7947E-05 0.0000E+00 4.4380E-06 0.0000E+00
 0.0000E+00 1.5895E-05 0.0000E+00 0.0000E+00 0.0000E+00 0.0000E+00 0.0000E+00 0.0000E+00 1.3049E-05 6.8386E-06 0.0000E+00 0.0000E+00 0.0000E+00 0.0000E+00 8.4118E-05 1.5758E-04 7.0784E-04 2.1534E-04 6.5016E-05 4.3792E-05 5.9440E-05 3.1407E-05 0.0000E+00 0.0000E+00 0.0000E+00
 0.0000E+00 1.4356E-05 0.0000E+00 0.0000E+00 0.0000E+00 0.0000E+00 0.0000E+00 0.0000E+00 1.3049E-05 0.0000E+00 0.0000E+00 0.0000E+00 0.0000E+00 0.0000E+00 9.6134E-05 1.5758E-04 6.8008E-04 2.5335E-04 2.1672E-05 7.0067E-05 2.6418E-05 4.9353E-05 0.0000E+00 8.8760E-07 0.0000E+00
 0.0000E+00 1.5382E-05 0.0000E+00 0.0000E+00 0.0000E+00 0.0000E+00 0.0000E+00 0.0000E+00 2.6098E-05 1.3677E-05 0.0000E+00 8.4906E-06 0.0000E+00 4.3200E-05 7.2101E-05 2.4951E-04 1.0826E-03 2.1534E-04 1.0836E-05 2.6275E-05 4.6231E-05 1.3460E-05 0.0000E+00 0.0000E+00 0.0000E+00
 0.0000E+00 1.3844E-05 0.0000E+00 0.0000E+00 0.0000E+00 0.0000E+00 0.0000E+00 0.0000E+00 1.9574E-05 1.3677E-05 0.0000E+00 0.0000E+00 0.0000E+00 1.0800E-05 8.4118E-05 3.0203E-04 1.2908E-03 1.2667E-04 7.5852E-05 6.1309E-05 1.1888E-04 1.7947E-05 0.0000E+00 2.6628E-06 0.0000E+00
 0.0000E+00 1.0255E-05 0.0000E+00 0.0000E+00 0.0000E+00 0.0000E+00 0.0000E+00 0.0000E+00 6.5245E-06 0.0000E+00 0.0000E+00 0.0000E+00 1.9198E-05 7.5599E-05 7.2101E-05 1.7072E-04 8.1887E-04 2.1534E-04 2.1672E-05 7.0067E-05 3.9627E-05 3.1407E-05 0.0000E+00 8.8760E-07 0.0000E+00
 0.0000E+00 7.6910E-06 0.0000E+00 0.0000E+00 0.0000E+00 0.0000E+00 0.0000E+00 0.0000E+00 1.3049E-05 6.8386E-06 0.0000E+00 0.0000E+00 0.0000E+00 2.1600E-05 1.8025E-04 2.2324E-04 9.1602E-04 1.6468E-04 5.4180E-05 7.0067E-05 7.2649E-05 1.7947E-05 0.0000E+00 4.4380E-06 0.0000E+00
 0.0000E+00 8.2037E-06 0.0000E+00 0.0000E+00 0.0000E+00 0.0000E+00 0.0000E+00 0.0000E+00 2.6098E-05 0.0000E+00 3.7711E-05 0.0000E+00 0.0000E+00 1.0800E-05 1.4420E-04 2.8890E-04 9.7154E-04 2.0268E-04 8.6687E-05 1.4013E-04 7.2649E-05 2.6920E-05 0.0000E+00 4.4380E-06 0.0000E+00
 0.0000E+00 8.2037E-06 0.0000E+00 0.0000E+00 0.0000E+00 0.0000E+00 0.0000E+00 0.0000E+00 0.0000E+00 0.0000E+00 0.0000E+00 8.4906E-06 0.0000E+00 2.1600E-05 6.0084E-05 2.3638E-04 7.7723E-04 1.5201E-04 0.0000E+00 1.1386E-04 5.9440E-05 1.3460E-05 0.0000E+00 5.3256E-06 0.0000E+00
 0.0000E+00 9.7419E-06 0.0000E+00 0.0000E+00 0.0000E+00 0.0000E+00 0.0000E+00 0.0000E+00 1.9574E-05 4.1032E-05 0.0000E+00 0.0000E+00 0.0000E+00 0.0000E+00 9.6134E-05 2.4951E-04 8.3275E-04 2.7868E-04 2.1672E-05 1.0510E-04 1.1888E-04 2.6920E-05 0.0000E+00 1.7752E-06 0.0000E+00
 0.0000E+00 6.1528E-06 0.0000E+00 0.0000E+00 0.0000E+00 0.0000E+00 0.0000E+00 0.0000E+00 1.3049E-05 0.0000E+00 0.0000E+00 1.6981E-05 0.0000E+00 2.1600E-05 4.8067E-05 2.6264E-04 6.5232E-04 1.6468E-04 7.5852E-05 7.0067E-05 1.3869E-04 2.6920E-05 0.0000E+00 5.3256E-06 0.0000E+00
 0.0000E+00 1.2306E-05 0.0000E+00 0.0000E+00 0.0000E+00 0.0000E+00 0.0000E+00 0.0000E+00 0.0000E+00 0.0000E+00 0.0000E+00 2.5472E-05 9.5990E-06 1.0800E-05 8.4118E-05 1.8385E-04 8.3275E-04 3.2935E-04 4.3344E-05 2.6275E-05 7.2649E-05 2.2433E-05 0.0000E+00 1.7752E-06 0.0000E+00
 0.0000E+00 9.2291E-06 0.0000E+00 0.0000E+00 0.0000E+00 0.0000E+00 0.0000E+00 0.0000E+00 2.6098E-05 0.0000E+00 7.5421E-06 0.0000E+00 0.0000E+00 0.0000E+00 4.8067E-05 2.6264E-04 8.8827E-04 2.7868E-04 4.3344E-05 0.0000E+00 7.2649E-05 1.3460E-05 0.0000E+00 2.6628E-06 0.0000E+00
 0.0000E+00 1.0255E-05 1.4314E-06 0.0000E+00 0.0000E+00 0.0000E+00 0.0000E+00 0.0000E+00 1.9574E-05 0.0000E+00 7.5421E-06 0.0000E+00 0.0000E+00 1.0800E-05 1.2017E-04 2.4951E-04 6.8008E-04 2.1534E-04 1.0836E-05 0.0000E+00 9.2462E-05 1.7947E-05 0.0000E+00 6.2132E-06 0.0000E+00
 0.0000E+00 5.6400E-06 0.0000E+00 0.0000E+00 0.0000E+00 0.0000E+00 0.0000E+00 0.0000E+00 6.5245E-06 0.0000E+00 7.5421E-06 0.0000E+00 0.0000E+00 2.1600E-05 2.4034E-05 1.9698E-04 8.1887E-04 2.7868E-04 1.0836E-05 4.3792E-05 6.6044E-05 1.3460E-05 0.0000E+00 8.8760E-07 0.0000E+00
 0.0000E+00 7.6910E-06 1.4314E-06 0.0000E+00 0.0000E+00 0.0000E+00 0.0000E+00 0.0000E+00 3.2623E-05 0.0000E+00 0.0000E+00 0.0000E+00 0.0000E+00 1.0800E-05 1.8025E-04 1.7072E-04 5.5517E-04 2.0268E-04 4.3344E-05 8.7584E-06 9.2462E-05 1.7947E-05 0.0000E+00 5.3256E-06 0.0000E+00
 0.0000E+00 1.0255E-05 1.4314E-06 0.0000E+00 0.0000E+00 0.0000E+00 0.0000E+00 0.0000E+00 1.3049E-05 1.3677E-05 7.5421E-06 0.0000E+00 1.9198E-05 0.0000E+00 6.0084E-05 1.0506E-04 6.3844E-04 1.6468E-04 1.0836E-05 4.3792E-05 6.6044E-05 8.9733E-06 0.0000E+00 2.6628E-06 0.0000E+00
 0.0000E+00 6.6655E-06 0.0000E+00 0.0000E+00 0.0000E+00 0.0000E+00 3.8901E-05 0.0000E+00 1.3049E-05 2.7354E-05 7.5421E-06 0.0000E+00 0.0000E+00 1.0800E-05 8.4118E-05 1.9698E-04 7.6335E-04 1.7734E-04 7.5852E-05 7.0067E-05 5.9440E-05 1.3460E-05 0.0000E+00 4.4380E-06 0.0000E+00
 0.0000E+00 1.0255E-05 0.0000E+00 0.0000E+00 0.0000E+00 0.0000E+00 0.0000E+00 0.0000E+00 6.5245E-06 4.1032E-05 7.5421E-06 8.4906E-06 9.5990E-06 1.0800E-05 9.6134E-05 1.5758E-04 7.4947E-04 2.6601E-04 6.5016E-05 8.7584E-06 4.6231E-05 4.4866E-06 0.0000E+00 8.8760E-07 0.0000E+00
 0.0000E+00 9.2291E-06 0.0000E+00 0.0000E+00 0.0000E+00 0.0000E+00 0.0000E+00 0.0000E+00 0.0000E+00 6.8386E-06 0.0000E+00 0.0000E+00 9.5990E-06 0.0000E+00 1.8025E-04 2.8890E-04 6.9396E-04 7.6004E-05 3.2508E-05 7.0067E-05 7.2649E-05 3.5893E-05 0.0000E+00 2.6628E-06 0.0000E+00
 0.0000E+00 7.6910E-06 0.0000E+00 0.0000E+00 0.0000E+00 0.0000E+00 0.0000E+00 0.0000E+00 6.5245E-06 0.0000E+00 1.5084E-05 0.0000E+00 0.0000E+00 6.4799E-05 4.8067E-05 2.8890E-04 5.6904E-04 1.9001E-04 2.1672E-05 8.7584E-06 3.3022E-05 1.7947E-05 0.0000E+00 6.2132E-06 0.0000E+00
 0.0000E+00 1.6407E-05 2.8628E-06 0.0000E+00 0.0000E+00 0.0000E+00 0.0000E+00 0.0000E+00 2.6098E-05 0.0000E+00 0.0000E+00 0.0000E+00 9.5990E-06 2.1600E-05 6.0084E-05 1.7072E-04 6.6620E-04 2.4068E-04 3.2508E-05 7.0067E-05 9.2462E-05 4.0380E-05 0.0000E+00 6.2132E-06 0.0000E+00
 0.0000E+00 9.2291E-06 0.0000E+00 0.0000E+00 0.0000E+00 0.0000E+00 0.0000E+00 0.0000E+00 1.3049E-05 0.0000E+00 0.0000E+00 0.0000E+00 4.7995E-05 2.1600E-05 1.0815E-04 1.3132E-04 7.7723E-04 2.5335E-04 0.0000E+00 7.8826E-05 5.2835E-05 3.5893E-05 0.0000E+00 1.7752E-06 0.0000E+00
 0.0000E+00 9.7419E-06 0.0000E+00 0.0000E+00 0.0000E+00 0.0000E+00 0.0000E+00 0.0000E+00 1.9574E-05 0.0000E+00 0.0000E+00 0.0000E+00 0.0000E+00 0.0000E+00 6.0084E-05 1.5758E-04 6.2456E-04 1.6468E-04 4.3344E-05 6.1309E-05 3.3022E-05 1.3460E-05 0.0000E+00 8.8760E-07 0.0000E+00
 0.0000E+00 1.2818E-05 0.0000E+00 0.0000E+00 0.0000E+00 0.0000E+00 0.0000E+00 0.0000E+00 1.9574E-05 1.3677E-05 0.0000E+00 0.0000E+00 0.0000E+00 0.0000E+00 6.0084E-05 1.7072E-04 7.3559E-04 1.3934E-04 9.7523E-05 2.6275E-05 6.6044E-05 1.3460E-05 0.0000E+00 2.6628E-06 0.0000E+00
 0.0000E+00 8.2037E-06 0.0000E+00 0.0000E+00 0.0000E+00 0.0000E+00 0.0000E+00 0.0000E+00 3.2623E-05 0.0000E+00 7.5421E-06 0.0000E+00 0.0000E+00 1.0800E-05 9.6134E-05 2.3638E-04 8.1887E-04 1.5201E-04 1.0836E-05 4.3792E-05 3.9627E-05 8.9733E-06 0.0000E+00 8.8760E-07 0.0000E+00
 0.0000E+00 1.2306E-05 0.0000E+00 0.0000E+00 0.0000E+00 0.0000E+00 0.0000E+00 0.0000E+00 0.0000E+00 2.0516E-05 0.0000E+00 0.0000E+00 9.5990E-06 2.1600E-05 6.0084E-05 1.8385E-04 5.5517E-04 2.2801E-04 6.5016E-05 5.2550E-05 7.2649E-05 1.7947E-05 0.0000E+00 0.0000E+00 0.0000E+00
 0.0000E+00 7.6910E-06 0.0000E+00 0.0000E+00 0.0000E+00 0.0000E+00 0.0000E+00 0.0000E+00 6.5245E-06 6.8386E-06 3.0168E-05 8.4906E-06 0.0000E+00 2.1600E-05 1.3218E-04 1.9698E-04 7.6335E-04 2.7868E-04 3.2508E-05 8.7584E-06 2.6418E-05 2.2433E-05 0.0000E+00 0.0000E+00 0.0000E+00
 0.0000E+00 1.3844E-05 0.0000E+00 0.0000E+00 0.0000E+00 0.0000E+00 0.0000E+00 0.0000E+00 1.9574E-05 6.8386E-06 0.0000E+00 0.0000E+00 0.0000E+00 2.1600E-05 7.2101E-05 1.8385E-04 7.0784E-04 1.9001E-04 3.2508E-05 1.1386E-04 1.9813E-05 2.2433E-05 0.0000E+00 8.8760E-07 0.0000E+00
 0.0000E+00 1.0767E-05 0.0000E+00 0.0000E+00 0.0000E+00 0.0000E+00 0.0000E+00 0.0000E+00 6.5245E-06 6.8386E-06 0.0000E+00 0.0000E+00 9.5990E-06 2.1600E-05 1.6824E-04 1.7072E-04 7.9111E-04 1.5201E-04 1.0836E-05 4.3792E-05 5.9440E-05 4.0380E-05 0.0000E+00 1.7752E-06 0.0000E+00
 0.0000E+00 8.2037E-06 0.0000E+00 0.0000E+00 0.0000E+00 0.0000E+00 0.0000E+00 0.0000E+00 1.3049E-05 0.0000E+00 0.0000E+00 8.4906E-06 0.0000E+00 1.0800E-05 8.4118E-05 1.1819E-04 6.9396E-04 7.6004E-05 5.4180E-05 8.7584E-06 3.3022E-05 2.6920E-05 0.0000E+00 1.7752E-06 0.0000E+00
 0.0000E+00 9.7419E-06 1.4314E-06 0.0000E+00 0.0000E+00 0.0000E+00 0.0000E+00 0.0000E+00 6.5245E-06 0.0000E+00 0.0000E+00 0.0000E+00 0.0000E+00 0.0000E+00 7.2101E-05 1.5758E-04 7.4947E-04 1.5201E-04 4.3344E-05 1.7517E-05 3.3022E-05 4.4866E-06 0.0000E+00 2.6628E-06 0.0000E+00
 0.0000E+00 1.2818E-05 0.0000E+00 0.0000E+00 0.0000E+00 0.0000E+00 0.0000E+00 0.0000E+00 6.5245E-06 0.0000E+00 0.0000E+00 1.6981E-05 9.5990E-06 1.0800E-05 1.2017E-04 1.0506E-04 5.2741E-04 1.6468E-04 2.1672E-05 1.7517E-05 8.5857E-05 4.4866E-06 0.0000E+00 1.7752E-06 0.0000E+00
 0.0000E+00 1.3331E-05 0.0000E+00 0.0000E+00 0.0000E+00 0.0000E+00 0.0000E+00 0.0000E+00 2.6098E-05 0.0000E+00 0.0000E+00 0.0000E+00 0.0000E+00 1.0800E-05 0.0000E+00 1.7072E-04 8.0499E-04 3.6735E-04 4.3344E-05 7.0067E-05 7.2649E-05 1.3460E-05 0.0000E+00 3.5504E-06 0.0000E+00
 0.0000E+00 9.2291E-06 0.0000E+00 0.0000E+00 0.0000E+00 0.0000E+00 0.0000E+00 0.0000E+00 1.3049E-05 0.0000E+00 0.0000E+00 0.0000E+00 0.0000E+00 1.0800E-05 8.4118E-05 9.1924E-05 8.3275E-04 2.1534E-04 0.0000E+00 5.2550E-05 1.0567E-04 4.4866E-06 0.0000E+00 0.0000E+00 0.0000E+00
 0.0000E+00 9.2291E-06 0.0000E+00 0.0000E+00 0.0000E+00 0.0000E+00 0.0000E+00 0.0000E+00 6.5245E-06 0.0000E+00 0.0000E+00 0.0000E+00 0.0000E+00 0.0000E+00 1.0815E-04 1.3132E-04 6.8008E-04 2.0268E-04 0.0000E+00 5.2550E-05 7.9253E-05 4.9353E-05 0.0000E+00 3.5504E-06 0.0000E+00
 0.0000E+00 9.7419E-06 2.8628E-06 0.0000E+00 0.0000E+00 0.0000E+00 0.0000E+00 0.0000E+00 1.9574E-05 0.0000E+00 0.0000E+00 0.0000E+00 0.0000E+00 1.0800E-05 4.8067E-05 1.8385E-04 6.5232E-04 2.1534E-04 0.0000E+00 2.6275E-05 4.6231E-05 1.3460E-05 0.0000E+00 8.8760E-07 0.0000E+00
 0.0000E+00 5.6400E-06 0.0000E+00 0.0000E+00 0.0000E+00 0.0000E+00 0.0000E+00 0.0000E+00 0.0000E+00 0.0000E+00 0.0000E+00 8.4906E-06 0.0000E+00 0.0000E+00 8.4118E-05 1.7072E-04 7.3559E-04 1.2667E-04 3.2508E-05 3.5034E-05 5.9440E-05 5.8326E-05 0.0000E+00 8.8760E-07 0.0000E+00
 0.0000E+00 9.7419E-06 0.0000E+00 0.0000E+00 0.0000E+00 0.0000E+00 0.0000E+00 0.0000E+00 1.3049E-05 0.0000E+00 0.0000E+00 0.0000E+00 9.5990E-06 0.0000E+00 9.6134E-05 1.3132E-04 5.5517E-04 1.1401E-04 5.4180E-05 1.0510E-04 7.2649E-05 1.7947E-05 0.0000E+00 8.8760E-07 0.0000E+00
 0.0000E+00 7.6910E-06 1.4314E-06 0.0000E+00 0.0000E+00 0.0000E+00 0.0000E+00 0.0000E+00 0.0000E+00 0.0000E+00 0.0000E+00 8.4906E-06 0.0000E+00 0.0000E+00 9.6134E-05 3.2830E-04 8.0499E-04 2.4068E-04 3.2508E-05 8.7584E-06 6.6044E-05 1.7947E-05 0.0000E+00 2.6628E-06 0.0000E+00
 0.0000E+00 9.2291E-06 0.0000E+00 0.0000E+00 0.0000E+00 0.0000E+00 0.0000E+00 0.0000E+00 1.9574E-05 0.0000E+00 0.0000E+00 8.4906E-06 2.8797E-05 1.0800E-05 3.6050E-05 1.8385E-04 6.2456E-04 2.4068E-04 0.0000E+00 5.2550E-05 1.1228E-04 4.4866E-05 0.0000E+00 0.0000E+00 0.0000E+00
 0.0000E+00 8.2037E-06 0.0000E+00 0.0000E+00 0.0000E+00 0.0000E+00 0.0000E+00 0.0000E+00 6.5245E-06 1.3677E-05 0.0000E+00 8.4906E-06 9.5990E-06 2.1600E-05 6.0084E-05 2.1011E-04 8.7439E-04 1.2667E-04 2.1672E-05 2.6275E-05 2.6418E-05 1.7947E-05 0.0000E+00 4.4380E-06 0.0000E+00
 0.0000E+00 1.0767E-05 0.0000E+00 0.0000E+00 0.0000E+00 0.0000E+00 5.5573E-06 0.0000E+00 6.5245E-06 6.8386E-06 0.0000E+00 0.0000E+00 0.0000E+00 1.0800E-05 3.6050E-05 9.1924E-05 2.9146E-04 2.2801E-04 6.5016E-05 7.0067E-05 3.9627E-05 1.7947E-05 0.0000E+00 3.5504E-06 0.0000E+00
 0.0000E+00 1.3844E-05 0.0000E+00 0.0000E+00 0.0000E+00 0.0000E+00 0.0000E+00 0.0000E+00 6.5245E-05 0.0000E+00 0.0000E+00 0.0000E+00 0.0000E+00 5.3999E-05 1.2017E-04 1.9698E-04 5.8292E-04 1.9001E-04 7.5852E-05 2.6275E-05 4.6231E-05 8.9733E-06 0.0000E+00 4.4380E-06 0.0000E+00
 0.0000E+00 3.5891E-06 0.0000E+00 0.0000E+00 0.0000E+00 0.0000E+00 0.0000E+00 0.0000E+00 1.9574E-05 0.0000E+00 0.0000E+00 0.0000E+00 0.0000E+00 1.0800E-05 1.0815E-04 2.2324E-04 4.0250E-04 7.6004E-05 7.5852E-05 2.6275E-05 8.5857E-05 1.3460E-05 0.0000E+00 3.5504E-06 0.0000E+00
 0.0000E+00 1.1280E-05 0.0000E+00 0.0000E+00 0.0000E+00 0.0000E+00 0.0000E+00 0.0000E+00 0.0000E+00 0.0000E+00 0.0000E+00 0.0000E+00 0.0000E+00 1.0800E-05 1.2017E-04 1.5758E-04 7.4947E-04 8.8671E-05 2.1672E-05 8.7584E-05 9.9066E-05 4.4866E-06 0.0000E+00 4.4380E-06 0.0000E+00
 0.0000E+00 5.1273E-06 0.0000E+00 0.0000E+00 0.0000E+00 0.0000E+00 0.0000E+00 0.0000E+00 1.3049E-05 2.0516E-05 0.0000E+00 0.0000E+00 2.8797E-05 1.0800E-05 8.4118E-05 2.4951E-04 6.6620E-04 1.9001E-04 4.3344E-05 2.6275E-05 5.9440E-05 1.7947E-05 0.0000E+00 5.3256E-06 0.0000E+00
 0.0000E+00 7.1782E-06 0.0000E+00 0.0000E+00 0.0000E+00 0.0000E+00 0.0000E+00 0.0000E+00 1.3049E-05 0.0000E+00 0.0000E+00 0.0000E+00 0.0000E+00 3.2400E-05 6.0084E-05 9.1924E-05 7.7723E-04 1.5201E-04 2.1672E-05 3.5034E-05 2.6418E-05 0.0000E+00 0.0000E+00 3.5504E-06 0.0000E+00
 0.0000E+00 1.3331E-05 1.4314E-06 0.0000E+00 0.0000E+00 0.0000E+00 0.0000E+00 0.0000E+00 6.5245E-06 0.0000E+00 7.5421E-06 0.0000E+00 0.0000E+00 0.0000E+00 1.0815E-04 1.0506E-04 5.9680E-04 1.3934E-04 0.0000E+00 8.7584E-06 1.1228E-04 8.9733E-06 0.0000E+00 1.7752E-06 0.0000E+00
 0.0000E+00 9.7419E-06 0.0000E+00 0.0000E+00 0.0000E+00 0.0000E+00 0.0000E+00 0.0000E+00 6.5245E-06 0.0000E+00 0.0000E+00 1.6981E-05 0.0000E+00 0.0000E+00 1.0815E-04 2.2324E-04 6.6620E-04 1.2667E-04 5.4180E-05 5.2550E-05 3.3022E-05 3.1407E-05 0.0000E+00 8.8760E-07 0.0000E+00
 0.0000E+00 9.2291E-06 0.0000E+00 0.0000E+00 0.0000E+00 0.0000E+00 0.0000E+00 0.0000E+00 1.9574E-05 0.0000E+00 1.5084E-05 0.0000E+00 9.5990E-06 0.0000E+00 8.4118E-05 9.1924E-05 5.6904E-04 1.7734E-04 2.1672E-05 2.6275E-05 3.9627E-05 2.6920E-05 0.0000E+00 0.0000E+00 0.0000E+00
 0.0000E+00 7.1782E-06 0.0000E+00 0.0000E+00 0.0000E+00 0.0000E+00 0.0000E+00 0.0000E+00 6.5245E-06 6.8386E-06 0.0000E+00 0.0000E+00 0.0000E+00 1.0800E-05 6.0084E-05 1.4445E-04 4.4413E-04 1.1401E-04 1.0836E-05 7.0067E-05 2.6418E-05 8.9733E-06 0.0000E+00 8.8760E-07 0.0000E+00
 0.0000E+00 6.1528E-06 0.0000E+00 0.0000E+00 0.0000E+00 0.0000E+00 0.0000E+00 0.0000E+00 2.6098E-05 1.3677E-05 0.0000E+00 2.5472E-05 0.0000E+00 2.1600E-05 0.0000E+00 2.4951E-04 6.1068E-04 2.2801E-04 3.2508E-05 9.6342E-05 1.5190E-04 1.7947E-05 0.0000E+00 0.0000E+00 0.0000E+00
 0.0000E+00 8.2037E-06 2.8628E-06 0.0000E+00 0.0000E+00 0.0000E+00 0.0000E+00 0.0000E+00 2.6098E-05 0.0000E+00 7.5421E-06 0.0000E+00 0.0000E+00 1.0800E-05 9.6134E-05 1.3132E-04 6.3844E-04 1.6468E-04 3.2508E-05 0.0000E+00 5.2835E-05 1.3460E-05 0.0000E+00 3.5504E-06 0.0000E+00
 0.0000E+00 6.6655E-06 0.0000E+00 0.0000E+00 0.0000E+00 0.0000E+00 0.0000E+00 0.0000E+00 1.3049E-05 6.8386E-06 0.0000E+00 0.0000E+00 0.0000E+00 0.0000E+00 1.2017E-05 1.4445E-04 6.3844E-04 1.5201E-04 2.1672E-05 7.0067E-05 1.0567E-04 0.0000E+00 0.0000E+00 3.5504E-06 0.0000E+00
 0.0000E+00 7.1782E-06 0.0000E+00 0.0000E+00 0.0000E+00 0.0000E+00 0.0000E+00 0.0000E+00 0.0000E+00 0.0000E+00 7.5421E-06 0.0000E+00 0.0000E+00 1.0800E-05 4.8067E-05 1.0506E-04 7.0784E-04 2.0268E-04 5.4180E-05 1.7517E-05 5.9440E-05 1.3460E-05 0.0000E+00 4.4380E-06 0.0000E+00
 0.0000E+00 8.7164E-06 0.0000E+00 0.0000E+00 0.0000E+00 0.0000E+00 0.0000E+00 0.0000E+00 2.6098E-05 6.8386E-06 0.0000E+00 0.0000E+00 0.0000E+00 0.0000E+00 1.2017E-04 1.3132E-04 4.4413E-04 2.4068E-04 6.5016E-05 2.6275E-05 7.2649E-05 1.7947E-05 0.0000E+00 5.3256E-06 0.0000E+00
 0.0000E+00 4.1018E-06 0.0000E+00 0.0000E+00 0.0000E+00 0.0000E+00 0.0000E+00 0.0000E+00 3.2623E-05 0.0000E+00 0.0000E+00 0.0000E+00 0.0000E+00 0.0000E+00 1.0815E-04 1.4445E-04 6.1068E-04 2.2801E-04 0.0000E+00 7.8826E-05 2.6418E-05 1.7947E-05 0.0000E+00 1.7752E-06 0.0000E+00
 0.0000E+00 7.6910E-06 0.0000E+00 0.0000E+00 0.0000E+00 0.0000E+00 0.0000E+00 0.0000E+00 0.0000E+00 6.8386E-06 0.0000E+00 0.0000E+00 0.0000E+00 0.0000E+00 4.8067E-05 2.3638E-04 5.6904E-04 1.5201E-04 8.6687E-05 4.3792E-05 6.6044E-05 2.6920E-05 0.0000E+00 2.6628E-06 0.0000E+00
 0.0000E+00 7.6910E-06 0.0000E+00 0.0000E+00 0.0000E+00 0.0000E+00 0.0000E+00 0.0000E+00 2.6098E-05 0.0000E+00 7.5421E-06 1.6981E-05 0.0000E+00 0.0000E+00 6.0084E-05 1.5758E-04 5.1353E-04 1.3934E-04 4.3344E-05 2.6275E-05 7.9253E-05 8.9733E-06 0.0000E+00 0.0000E+00 0.0000E+00
 0.0000E+00 9.7419E-06 0.0000E+00 0.0000E+00 0.0000E+00 0.0000E+00 0.0000E+00 0.0000E+00 1.3049E-05 0.0000E+00 0.0000E+00 0.0000E+00 0.0000E+00 1.0800E-05 7.2101E-05 5.2528E-05 5.8292E-04 1.0134E-04 3.2508E-05 2.6275E-05 6.6044E-05 3.1407E-05 0.0000E+00 1.7752E-06 0.0000E+00
 0.0000E+00 7.6910E-06 0.0000E+00 0.0000E+00 0.0000E+00 0.0000E+00 0.0000E+00 0.0000E+00 1.3049E-05 0.0000E+00 0.0000E+00 0.0000E+00 0.0000E+00 0.0000E+00 2.4034E-05 1.5758E-04 6.2456E-04 2.1534E-04 3.2508E-05 5.2550E-05 1.3209E-05 4.4866E-06 0.0000E+00 1.7752E-06 0.0000E+00
 0.0000E+00 9.7419E-06 0.0000E+00 0.0000E+00 0.0000E+00 0.0000E+00 0.0000E+00 0.0000E+00 3.9147E-05 0.0000E+00 0.0000E+00 0.0000E+00 0.0000E+00 0.0000E+00 1.2017E-05 9.1924E-05 5.6904E-04 1.6468E-04 4.3344E-05 3.5034E-05 5.9440E-05 3.1407E-05 0.0000E+00 2.6628E-06 0.0000E+00
 0.0000E+00 1.4356E-05 0.0000E+00 0.0000E+00 0.0000E+00 0.0000E+00 0.0000E+00 0.0000E+00 0.0000E+00 0.0000E+00 0.0000E+00 0.0000E+00 0.0000E+00 1.0800E-05 1.0815E-04 1.8385E-04 7.0784E-04 1.2667E-04 3.2508E-05 7.0067E-05 7.9253E-05 2.6920E-05 0.0000E+00 8.8760E-07 0.0000E+00
 0.0000E+00 9.2291E-06 0.0000E+00 0.0000E+00 0.0000E+00 0.0000E+00 0.0000E+00 0.0000E+00 1.3049E-05 0.0000E+00 0.0000E+00 0.0000E+00 0.0000E+00 5.3999E-05 3.6050E-05 1.3132E-04 4.9965E-04 6.3337E-05 2.1672E-05 7.0067E-05 7.9253E-05 4.4866E-06 0.0000E+00 8.8760E-07 0.0000E+00
 0.0000E+00 1.2306E-05 0.0000E+00 0.0000E+00 0.0000E+00 0.0000E+00 0.0000E+00 0.0000E+00 0.0000E+00 0.0000E+00 0.0000E+00 0.0000E+00 0.0000E+00 2.1600E-05 2.4034E-05 2.7577E-04 5.1353E-04 1.5201E-04 0.0000E+00 0.0000E+00 3.3022E-05 2.2433E-05 0.0000E+00 8.8760E-07 0.0000E+00
 0.0000E+00 9.2291E-06 0.0000E+00 0.0000E+00 0.0000E+00 0.0000E+00 0.0000E+00 0.0000E+00 0.0000E+00 0.0000E+00 7.5421E-06 0.0000E+00 0.0000E+00 0.0000E+00 4.8067E-05 2.3638E-04 4.3025E-04 7.6004E-05 1.0836E-05 2.6275E-05 1.0567E-04 8.9733E-06 0.0000E+00 0.0000E+00 0.0000E+00
 0.0000E+00 8.7164E-06 0.0000E+00 0.0000E+00 0.0000E+00 0.0000E+00 0.0000E+00 0.0000E+00 0.0000E+00 1.3677E-05 0.0000E+00 0.0000E+00 0.0000E+00 5.3999E-05 2.4034E-05 2.6264E-04 4.5801E-04 1.9001E-04 2.1672E-05 8.7584E-06 4.6231E-05 2.2433E-05 0.0000E+00 0.0000E+00 0.0000E+00
 0.0000E+00 8.2037E-06 0.0000E+00 0.0000E+00 0.0000E+00 0.0000E+00 0.0000E+00 0.0000E+00 0.0000E+00 6.8386E-06 0.0000E+00 0.0000E+00 1.9198E-05 2.1600E-05 1.3218E-04 7.8792E-05 4.1637E-04 8.8671E-05 3.2508E-05 8.7584E-05 1.0567E-04 1.7947E-05 0.0000E+00 8.8760E-07 0.0000E+00
 0.0000E+00 1.0255E-05 0.0000E+00 0.0000E+00 0.0000E+00 0.0000E+00 0.0000E+00 0.0000E+00 1.3049E-05 0.0000E+00 0.0000E+00 0.0000E+00 0.0000E+00 1.0800E-05 1.2017E-04 3.9396E-05 6.3844E-04 1.0134E-04 0.0000E+00 1.7517E-05 3.9627E-05 1.3460E-05 0.0000E+00 1.7752E-06 0.0000E+00
 0.0000E+00 6.1528E-06 0.0000E+00 0.0000E+00 0.0000E+00 0.0000E+00 0.0000E+00 0.0000E+00 2.6098E-05 6.8386E-06 0.0000E+00 0.0000E+00 0.0000E+00 1.0800E-05 1.0815E-04 1.8385E-04 3.4698E-04 8.8671E-05 3.2508E-05 1.0510E-04 5.9440E-05 0.0000E+00 0.0000E+00 0.0000E+00 0.0000E+00
 0.0000E+00 6.6655E-06 0.0000E+00 0.0000E+00 0.0000E+00 0.0000E+00 0.0000E+00 0.0000E+00 0.0000E+00 6.8386E-06 0.0000E+00 0.0000E+00 1.9198E-05 0.0000E+00 6.0084E-05 1.4445E-04 5.5517E-04 6.3337E-05 0.0000E+00 4.3792E-05 7.2649E-05 1.3460E-05 0.0000E+00 1.7752E-06 0.0000E+00
 0.0000E+00 8.2037E-06 0.0000E+00 0.0000E+00 0.0000E+00 0.0000E+00 0.0000E+00 0.0000E+00 0.0000E+00 0.0000E+00 0.0000E+00 0.0000E+00 0.0000E+00 1.0800E-05 2.4034E-05 1.5758E-04 6.6620E-04 1.0134E-04 3.2508E-05 2.6275E-05 5.9440E-05 1.3460E-05 0.0000E+00 8.8760E-07 0.0000E+00
 0.0000E+00 1.0255E-05 0.0000E+00 0.0000E+00 0.0000E+00 0.0000E+00 0.0000E+00 0.0000E+00 6.5245E-06 0.0000E+00 0.0000E+00 0.0000E+00 0.0000E+00 0.0000E+00 4.8067E-05 2.3638E-04 4.7189E-04 2.2801E-04 3.2508E-05 1.7517E-05 5.2835E-05 1.7947E-05 0.0000E+00 1.7752E-06 0.0000E+00
 0.0000E+00 7.6910E-06 0.0000E+00 0.0000E+00 0.0000E+00 0.0000E+00 0.0000E+00 0.0000E+00 1.3049E-05 0.0000E+00 7.5421E-06 0.0000E+00 0.0000E+00 0.0000E+00 3.6050E-05 1.4445E-04 4.9965E-04 2.0268E-04 4.3344E-05 3.5034E-05 3.9627E-05 1.3460E-05 0.0000E+00 8.8760E-07 0.0000E+00
 0.0000E+00 8.7164E-06 0.0000E+00 0.0000E+00 0.0000E+00 0.0000E+00 0.0000E+00 0.0000E+00 1.3049E-05 0.0000E+00 0.0000E+00 0.0000E+00 0.0000E+00 2.1600E-05 1.2017E-05 3.9396E-05 6.3844E-04 1.3934E-04 5.4180E-05 8.7584E-05 3.9627E-05 1.3460E-05 0.0000E+00 8.8760E-07 0.0000E+00
 0.0000E+00 6.1528E-06 0.0000E+00 0.0000E+00 0.0000E+00 0.0000E+00 0.0000E+00 0.0000E+00 0.0000E+00 0.0000E+00 0.0000E+00 0.0000E+00 0.0000E+00 0.0000E+00 2.4034E-05 6.5660E-05 5.9680E-04 1.1401E-04 2.1672E-05 7.0067E-05 2.6418E-05 4.4866E-06 0.0000E+00 2.6628E-06 0.0000E+00
 0.0000E+00 6.6655E-06 0.0000E+00 0.0000E+00 0.0000E+00 0.0000E+00 0.0000E+00 0.0000E+00 6.5245E-06 0.0000E+00 0.0000E+00 0.0000E+00 0.0000E+00 0.0000E+00 1.2017E-05 1.0506E-04 4.5801E-04 5.0669E-05 3.2508E-05 3.5034E-05 3.3022E-05 4.9353E-05 0.0000E+00 0.0000E+00 0.0000E+00
 0.0000E+00 4.6146E-06 0.0000E+00 0.0000E+00 0.0000E+00 0.0000E+00 0.0000E+00 0.0000E+00 1.9574E-05 0.0000E+00 3.7711E-05 0.0000E+00 0.0000E+00 0.0000E+00 1.2017E-04 1.3132E-04 6.2456E-04 1.3934E-04 2.1672E-05 3.5034E-05 5.2835E-05 1.3460E-05 0.0000E+00 5.3256E-06 0.0000E+00
 0.0000E+00 8.2037E-06 0.0000E+00 0.0000E+00 0.0000E+00 0.0000E+00 0.0000E+00 0.0000E+00 1.3049E-05 0.0000E+00 0.0000E+00 1.6981E-05 0.0000E+00 0.0000E+00 7.2101E-05 1.9698E-04 5.8292E-04 1.1401E-04 1.0836E-05 3.5034E-05 4.6231E-05 4.0380E-05 0.0000E+00 2.6628E-06 0.0000E+00
 0.0000E+00 1.3844E-05 0.0000E+00 0.0000E+00 0.0000E+00 0.0000E+00 0.0000E+00 0.0000E+00 0.0000E+00 6.8386E-06 1.5084E-05 0.0000E+00 0.0000E+00 6.4799E-05 3.6050E-05 1.3132E-04 3.7474E-04 2.4068E-04 1.0836E-05 5.2550E-05 3.9627E-05 4.4866E-06 0.0000E+00 2.6628E-06 0.0000E+00
 0.0000E+00 1.0767E-05 0.0000E+00 0.0000E+00 0.0000E+00 0.0000E+00 0.0000E+00 0.0000E+00 0.0000E+00 0.0000E+00 7.5421E-06 8.4906E-06 0.0000E+00 2.1600E-05 3.6050E-05 1.8385E-04 2.9146E-04 1.9001E-04 3.2508E-05 3.5034E-05 2.6418E-05 4.4866E-06 0.0000E+00 0.0000E+00 0.0000E+00
 0.0000E+00 7.6910E-06 0.0000E+00 0.0000E+00 0.0000E+00 0.0000E+00 0.0000E+00 0.0000E+00 1.9574E-05 0.0000E+00 0.0000E+00 0.0000E+00 9.5990E-06 3.2400E-05 0.0000E+00 1.7072E-04 5.6904E-04 5.0669E-05 2.1672E-05 3.5034E-05 7.9253E-05 8.9733E-06 0.0000E+00 1.7752E-06 0.0000E+00
 0.0000E+00 5.6400E-06 0.0000E+00 0.0000E+00 0.0000E+00 0.0000E+00 0.0000E+00 0.0000E+00 1.3049E-05 0.0000E+00 0.0000E+00 8.4906E-06 0.0000E+00 4.3200E-05 3.6050E-05 1.0506E-04 5.5517E-04 1.1401E-04 2.1672E-05 7.0067E-05 1.9813E-05 2.2433E-05 0.0000E+00 8.8760E-07 0.0000E+00
 0.0000E+00 6.6655E-06 0.0000E+00 0.0000E+00 0.0000E+00 0.0000E+00 0.0000E+00 0.0000E+00 2.6098E-05 0.0000E+00 0.0000E+00 0.0000E+00 0.0000E+00 0.0000E+00 1.2017E-05 1.9698E-04 4.3025E-04 6.3337E-05 0.0000E+00 7.0067E-05 3.9627E-05 3.1407E-05 0.0000E+00 4.4380E-06 0.0000E+00
 0.0000E+00 8.2037E-06 0.0000E+00 0.0000E+00 0.0000E+00 0.0000E+00 0.0000E+00 0.0000E+00 6.5245E-06 0.0000E+00 0.0000E+00 0.0000E+00 0.0000E+00 4.3200E-05 4.8067E-05 9.1924E-05 2.3595E-04 1.5201E-04 1.0836E-05 7.0067E-05 2.6418E-05 4.9353E-05 0.0000E+00 8.8760E-07 0.0000E+00
 0.0000E+00 7.1782E-06 0.0000E+00 0.0000E+00 0.0000E+00 0.0000E+00 0.0000E+00 0.0000E+00 0.0000E+00 6.8386E-06 0.0000E+00 0.0000E+00 0.0000E+00 0.0000E+00 4.8067E-05 1.5758E-04 4.7189E-04 1.3934E-04 4.3344E-05 2.6275E-05 8.5857E-05 1.7947E-05 0.0000E+00 0.0000E+00 0.0000E+00
 0.0000E+00 4.6146E-06 0.0000E+00 0.0000E+00 0.0000E+00 0.0000E+00 0.0000E+00 0.0000E+00 0.0000E+00 0.0000E+00 0.0000E+00 1.6981E-05 0.0000E+00 2.1600E-05 7.2101E-05 2.6264E-04 4.8577E-04 8.8671E-05 0.0000E+00 2.6275E-05 4.6231E-05 1.7947E-05 0.0000E+00 3.5504E-06 0.0000E+00
 0.0000E+00 9.7419E-06 0.0000E+00 0.0000E+00 0.0000E+00 0.0000E+00 0.0000E+00 0.0000E+00 6.5245E-06 0.0000E+00 0.0000E+00 0.0000E+00 0.0000E+00 0.0000E+00 1.2017E-04 1.9698E-04 3.1922E-04 3.8002E-05 1.0836E-05 2.6275E-05 2.6418E-05 2.6920E-05 0.0000E+00 2.6628E-06 0.0000E+00
 0.0000E+00 8.2037E-06 2.8628E-06 0.0000E+00 0.0000E+00 0.0000E+00 0.0000E+00 0.0000E+00 6.5245E-06 0.0000E+00 0.0000E+00 1.6981E-05 0.0000E+00 0.0000E+00 3.6050E-05 1.1819E-04 4.9965E-04 1.1401E-04 3.2508E-05 1.7517E-05 2.6418E-05 8.9733E-06 0.0000E+00 8.8760E-07 0.0000E+00
 0.0000E+00 7.6910E-06 0.0000E+00 0.0000E+00 0.0000E+00 0.0000E+00 0.0000E+00 0.0000E+00 1.9574E-05 0.0000E+00 0.0000E+00 0.0000E+00 0.0000E+00 0.0000E+00 0.0000E+00 5.2528E-05 4.9965E-04 7.6004E-05 3.2508E-05 0.0000E+00 7.9253E-05 4.4866E-06 0.0000E+00 0.0000E+00 0.0000E+00
 0.0000E+00 3.0764E-06 0.0000E+00 0.0000E+00 0.0000E+00 0.0000E+00 0.0000E+00 0.0000E+00 1.3049E-05 0.0000E+00 3.0168E-05 0.0000E+00 9.5990E-06 0.0000E+00 6.0084E-05 1.5758E-04 4.7189E-04 1.5201E-04 2.1672E-05 8.7584E-06 5.9440E-05 8.9733E-06 0.0000E+00 8.8760E-07 0.0000E+00
 0.0000E+00 9.2291E-06 0.0000E+00 0.0000E+00 0.0000E+00 0.0000E+00 0.0000E+00 0.0000E+00 6.5245E-06 0.0000E+00 2.2626E-05 0.0000E+00 9.5990E-06 1.0800E-05 4.8067E-05 1.0506E-04 4.9965E-04 1.7734E-04 4.3344E-05 8.7584E-06 4.6231E-05 1.7947E-05 0.0000E+00 8.8760E-07 0.0000E+00
 0.0000E+00 7.6910E-06 1.4314E-06 0.0000E+00 0.0000E+00 0.0000E+00 0.0000E+00 0.0000E+00 0.0000E+00 0.0000E+00 0.0000E+00 0.0000E+00 0.0000E+00 0.0000E+00 2.4034E-05 1.8385E-04 3.6086E-04 1.0134E-04 0.0000E+00 2.6275E-05 7.2649E-05 8.9733E-06 0.0000E+00 0.0000E+00 0.0000E+00
 0.0000E+00 7.1782E-06 0.0000E+00 0.0000E+00 0.0000E+00 0.0000E+00 0.0000E+00 0.0000E+00 6.5245E-06 0.0000E+00 0.0000E+00 0.0000E+00 0.0000E+00 0.0000E+00 7.2101E-05 7.8792E-05 3.8862E-04 6.3337E-05 0.0000E+00 0.0000E+00 2.6418E-05 0.0000E+00 0.0000E+00 3.5504E-06 0.0000E+00
 0.0000E+00 6.1528E-06 0.0000E+00 0.0000E+00 0.0000E+00 0.0000E+00 0.0000E+00 0.0000E+00 6.5245E-06 6.8386E-06 0.0000E+00 0.0000E+00 0.0000E+00 1.0800E-05 4.8067E-05 1.0506E-04 4.7189E-04 8.8671E-05 4.3344E-05 2.6275E-05 1.9813E-05 4.4866E-06 0.0000E+00 8.8760E-07 0.0000E+00
 0.0000E+00 1.2818E-05 5.7255E-06 0.0000E+00 0.0000E+00 0.0000E+00 0.0000E+00 0.0000E+00 6.5245E-06 1.3677E-05 0.0000E+00 0.0000E+00 0.0000E+00 0.0000E+00 7.2101E-05 1.5758E-04 5.4129E-04 1.2667E-04 0.0000E+00 2.6275E-05 5.2835E-05 8.9733E-06 0.0000E+00 1.7752E-06 0.0000E+00
 0.0000E+00 1.0767E-05 0.0000E+00 0.0000E+00 0.0000E+00 0.0000E+00 0.0000E+00 0.0000E+00 6.5245E-06 6.8386E-06 3.0168E-05 0.0000E+00 0.0000E+00 4.3200E-05 3.6050E-05 1.5758E-04 4.7189E-04 1.2667E-04 0.0000E+00 1.7517E-05 1.2548E-04 1.7947E-05 0.0000E+00 0.0000E+00 0.0000E+00
 0.0000E+00 6.1528E-06 0.0000E+00 0.0000E+00 0.0000E+00 0.0000E+00 0.0000E+00 0.0000E+00 2.6098E-05 0.0000E+00 1.5084E-05 0.0000E+00 0.0000E+00 0.0000E+00 2.4034E-05 1.1819E-04 4.1637E-04 3.8002E-05 4.3344E-05 2.6275E-05 1.3209E-05 5.3840E-05 0.0000E+00 8.8760E-07 0.0000E+00
 0.0000E+00 8.7164E-06 0.0000E+00 0.0000E+00 0.0000E+00 0.0000E+00 0.0000E+00 0.0000E+00 0.0000E+00 0.0000E+00 0.0000E+00 0.0000E+00 1.9198E-05 0.0000E+00 2.4034E-05 7.8792E-05 3.4698E-04 1.5201E-04 0.0000E+00 2.6275E-05 8.5857E-05 1.3460E-05 0.0000E+00 2.6628E-06 0.0000E+00
 0.0000E+00 8.2037E-06 0.0000E+00 0.0000E+00 0.0000E+00 0.0000E+00 0.0000E+00 0.0000E+00 0.0000E+00 0.0000E+00 0.0000E+00 0.0000E+00 0.0000E+00 2.1600E-05 6.0084E-05 1.5758E-04 4.5801E-04 1.2667E-04 4.3344E-05 5.2550E-05 8.5857E-05 1.7947E-05 0.0000E+00 0.0000E+00 0.0000E+00
 0.0000E+00 3.5891E-06 0.0000E+00 0.0000E+00 0.0000E+00 0.0000E+00 0.0000E+00 0.0000E+00 1.3049E-05 0.0000E+00 0.0000E+00 0.0000E+00 0.0000E+00 0.0000E+00 1.2017E-05 1.5758E-04 3.8862E-04 8.8671E-05 5.4180E-05 4.3792E-05 8.5857E-05 4.4866E-06 0.0000E+00 2.6628E-06 0.0000E+00
 0.0000E+00 7.6910E-06 0.0000E+00 0.0000E+00 0.0000E+00 0.0000E+00 0.0000E+00 0.0000E+00 6.5245E-06 0.0000E+00 0.0000E+00 0.0000E+00 0.0000E+00 0.0000E+00 3.6050E-05 1.1819E-04 5.9680E-04 1.0134E-04 3.2508E-05 5.2550E-05 7.9253E-05 4.4866E-06 0.0000E+00 0.0000E+00 0.0000E+00
 0.0000E+00 7.6910E-06 0.0000E+00 0.0000E+00 0.0000E+00 0.0000E+00 0.0000E+00 0.0000E+00 0.0000E+00 0.0000E+00 0.0000E+00 0.0000E+00 0.0000E+00 1.0800E-05 4.8067E-05 1.4445E-04 5.5517E-04 1.2667E-04 1.0836E-05 2.6275E-05 6.6044E-05 8.9733E-06 0.0000E+00 1.7752E-06 0.0000E+00
 0.0000E+00 8.7164E-06 0.0000E+00 0.0000E+00 0.0000E+00 0.0000E+00 0.0000E+00 0.0000E+00 1.3049E-05 0.0000E+00 0.0000E+00 0.0000E+00 0.0000E+00 0.0000E+00 4.8067E-05 1.3132E-04 4.9965E-04 1.0134E-04 3.2508E-05 9.6342E-05 5.2835E-05 1.3460E-05 0.0000E+00 8.8760E-07 0.0000E+00
 0.0000E+00 6.1528E-06 0.0000E+00 0.0000E+00 0.0000E+00 0.0000E+00 0.0000E+00 0.0000E+00 0.0000E+00 0.0000E+00 0.0000E+00 0.0000E+00 0.0000E+00 1.0800E-05 9.6134E-05 5.2528E-05 4.1637E-04 1.6468E-04 0.0000E+00 4.3792E-05 6.6044E-05 4.4866E-06 0.0000E+00 8.8760E-07 0.0000E+00
 0.0000E+00 7.6910E-06 0.0000E+00 0.0000E+00 0.0000E+00 0.0000E+00 0.0000E+00 0.0000E+00 0.0000E+00 6.8386E-06 0.0000E+00 8.4906E-06 0.0000E+00 0.0000E+00 4.8067E-05 9.1924E-05 2.7758E-04 2.6601E-04 3.2508E-05 7.8826E-05 3.3022E-05 4.4866E-06 0.0000E+00 8.8760E-07 0.0000E+00
 0.0000E+00 1.1793E-05 0.0000E+00 0.0000E+00 0.0000E+00 0.0000E+00 0.0000E+00 0.0000E+00 6.5245E-06 6.8386E-06 0.0000E+00 0.0000E+00 0.0000E+00 0.0000E+00 2.4034E-05 1.1819E-04 4.3025E-04 8.8671E-05 1.0836E-05 2.6275E-05 3.9627E-05 0.0000E+00 0.0000E+00 8.8760E-07 0.0000E+00
 0.0000E+00 1.2818E-05 0.0000E+00 0.0000E+00 0.0000E+00 0.0000E+00 0.0000E+00 0.0000E+00 0.0000E+00 0.0000E+00 0.0000E+00 0.0000E+00 0.0000E+00 0.0000E+00 2.4034E-05 9.1924E-05 3.6086E-04 1.5201E-04 1.0836E-05 3.5034E-05 2.6418E-05 8.9733E-06 0.0000E+00 2.6628E-06 0.0000E+00
 0.0000E+00 6.6655E-06 1.4314E-06 0.0000E+00 0.0000E+00 0.0000E+00 0.0000E+00 0.0000E+00 0.0000E+00 0.0000E+00 0.0000E+00 0.0000E+00 0.0000E+00 0.0000E+00 6.0084E-05 2.4951E-04 3.4698E-04 5.0669E-05 0.0000E+00 4.3792E-05 7.9253E-05 4.4866E-06 0.0000E+00 2.6628E-06 0.0000E+00
 0.0000E+00 9.7419E-06 0.0000E+00 0.0000E+00 0.0000E+00 0.0000E+00 0.0000E+00 0.0000E+00 0.0000E+00 0.0000E+00 0.0000E+00 0.0000E+00 1.9198E-05 1.0800E-05 3.6050E-05 9.1924E-05 2.0819E-04 6.3337E-05 0.0000E+00 2.6275E-05 4.6231E-05 1.7947E-05 0.0000E+00 1.7752E-06 0.0000E+00
 0.0000E+00 9.2291E-06 0.0000E+00 0.0000E+00 0.0000E+00 0.0000E+00 0.0000E+00 0.0000E+00 1.9574E-05 0.0000E+00 0.0000E+00 0.0000E+00 0.0000E+00 0.0000E+00 3.6050E-05 7.8792E-05 4.9965E-04 1.6468E-04 2.1672E-05 2.6275E-05 3.3022E-05 0.0000E+00 0.0000E+00 0.0000E+00 0.0000E+00
 0.0000E+00 9.2291E-06 0.0000E+00 0.0000E+00 0.0000E+00 0.0000E+00 0.0000E+00 0.0000E+00 1.3049E-05 0.0000E+00 0.0000E+00 8.4906E-06 0.0000E+00 1.0800E-05 1.2017E-05 1.0506E-04 2.4982E-04 6.3337E-05 0.0000E+00 2.6275E-05 3.3022E-05 2.6920E-05 0.0000E+00 3.5504E-06 0.0000E+00
 0.0000E+00 6.1528E-06 0.0000E+00 0.0000E+00 0.0000E+00 0.0000E+00 0.0000E+00 0.0000E+00 0.0000E+00 0.0000E+00 0.0000E+00 0.0000E+00 0.0000E+00 0.0000E+00 4.8067E-05 1.8385E-04 6.2456E-04 6.3337E-05 1.0836E-05 3.5034E-05 7.2649E-05 1.3460E-05 0.0000E+00 0.0000E+00 0.0000E+00
 0.0000E+00 7.1782E-06 0.0000E+00 0.0000E+00 0.0000E+00 0.0000E+00 0.0000E+00 0.0000E+00 1.3049E-05 0.0000E+00 0.0000E+00 0.0000E+00 0.0000E+00 0.0000E+00 2.4034E-05 1.1819E-04 4.3025E-04 1.2667E-05 0.0000E+00 7.0067E-05 6.6044E-05 0.0000E+00 0.0000E+00 8.8760E-07 0.0000E+00
 0.0000E+00 8.2037E-06 0.0000E+00 0.0000E+00 0.0000E+00 0.0000E+00 0.0000E+00 0.0000E+00 0.0000E+00 0.0000E+00 0.0000E+00 0.0000E+00 0.0000E+00 0.0000E+00 4.8067E-05 5.2528E-05 2.9146E-04 1.0134E-04 3.2508E-05 2.6275E-05 5.9440E-05 8.9733E-06 0.0000E+00 8.8760E-07 0.0000E+00
 0.0000E+00 9.2291E-06 0.0000E+00 0.0000E+00 0.0000E+00 0.0000E+00 0.0000E+00 0.0000E+00 0.0000E+00 0.0000E+00 7.5421E-06 0.0000E+00 0.0000E+00 2.1600E-05 4.8067E-05 1.1819E-04 4.9965E-04 1.1401E-04 1.0836E-05 6.1309E-05 7.9253E-05 8.9733E-06 0.0000E+00 8.8760E-07 0.0000E+00
 0.0000E+00 7.6910E-06 0.0000E+00 0.0000E+00 0.0000E+00 0.0000E+00 0.0000E+00 0.0000E+00 0.0000E+00 0.0000E+00 0.0000E+00 0.0000E+00 0.0000E+00 0.0000E+00 7.2101E-05 1.5758E-04 3.0534E-04 6.3337E-05 1.0836E-05 1.7517E-05 2.6418E-05 2.2433E-05 0.0000E+00 8.8760E-07 0.0000E+00
 0.0000E+00 4.6146E-06 1.4314E-06 0.0000E+00 0.0000E+00 0.0000E+00 0.0000E+00 0.0000E+00 0.0000E+00 0.0000E+00 0.0000E+00 0.0000E+00 0.0000E+00 1.0800E-05 6.0084E-05 6.5660E-05 3.1922E-04 2.5335E-05 0.0000E+00 4.3792E-05 3.9627E-05 4.4866E-06 0.0000E+00 1.7752E-06 0.0000E+00
 0.0000E+00 8.7164E-06 0.0000E+00 0.0000E+00 0.0000E+00 0.0000E+00 0.0000E+00 0.0000E+00 0.0000E+00 1.3677E-05 0.0000E+00 0.0000E+00 1.9198E-05 1.0800E-05 3.6050E-05 7.8792E-05 3.0534E-04 6.3337E-05 1.0836E-05 4.3792E-05 3.3022E-05 3.1407E-05 0.0000E+00 3.5504E-06 0.0000E+00
 0.0000E+00 8.2037E-06 0.0000E+00 0.0000E+00 0.0000E+00 0.0000E+00 0.0000E+00 0.0000E+00 0.0000E+00 0.0000E+00 0.0000E+00 0.0000E+00 0.0000E+00 0.0000E+00 4.8067E-05 2.6264E-05 3.1922E-04 1.1401E-04 0.0000E+00 2.6275E-05 6.6044E-06 8.9733E-06 0.0000E+00 1.7752E-06 0.0000E+00
 0.0000E+00 8.7164E-06 0.0000E+00 0.0000E+00 0.0000E+00 0.0000E+00 0.0000E+00 0.0000E+00 6.5245E-06 0.0000E+00 0.0000E+00 0.0000E+00 0.0000E+00 0.0000E+00 1.2017E-04 7.8792E-05 4.3025E-04 6.3337E-05 0.0000E+00 3.5034E-05 1.0567E-04 4.4866E-06 0.0000E+00 1.7752E-06 0.0000E+00
 0.0000E+00 6.6655E-06 0.0000E+00 0.0000E+00 0.0000E+00 0.0000E+00 0.0000E+00 0.0000E+00 1.3049E-05 0.0000E+00 0.0000E+00 0.0000E+00 0.0000E+00 0.0000E+00 1.2017E-05 2.6264E-05 2.7758E-04 1.1401E-04 0.0000E+00 2.6275E-05 5.2835E-05 0.0000E+00 0.0000E+00 1.7752E-06 0.0000E+00
 0.0000E+00 1.0255E-05 0.0000E+00 0.0000E+00 0.0000E+00 0.0000E+00 0.0000E+00 0.0000E+00 6.5245E-06 0.0000E+00 0.0000E+00 0.0000E+00 0.0000E+00 0.0000E+00 3.6050E-05 2.6264E-05 3.4698E-04 1.2667E-04 0.0000E+00 6.1309E-05 1.9813E-05 1.7947E-05 0.0000E+00 1.7752E-06 0.0000E+00
 0.0000E+00 9.2291E-06 0.0000E+00 0.0000E+00 0.0000E+00 0.0000E+00 0.0000E+00 0.0000E+00 5.2196E-05 0.0000E+00 0.0000E+00 0.0000E+00 0.0000E+00 0.0000E+00 8.4118E-05 1.1819E-04 3.6086E-04 5.0669E-05 0.0000E+00 5.2550E-05 5.9440E-05 4.4866E-06 0.0000E+00 1.7752E-06 0.0000E+00
 0.0000E+00 9.7419E-06 0.0000E+00 0.0000E+00 0.0000E+00 0.0000E+00 0.0000E+00 0.0000E+00 1.9574E-05 0.0000E+00 0.0000E+00 0.0000E+00 0.0000E+00 0.0000E+00 4.8067E-05 9.1924E-05 3.8862E-04 1.3934E-04 3.2508E-05 4.3792E-05 1.9813E-05 4.4866E-06 0.0000E+00 8.8760E-07 0.0000E+00
 0.0000E+00 7.6910E-06 0.0000E+00 0.0000E+00 0.0000E+00 0.0000E+00 0.0000E+00 0.0000E+00 0.0000E+00 0.0000E+00 0.0000E+00 0.0000E+00 0.0000E+00 0.0000E+00 6.0084E-05 6.5660E-05 2.9146E-04 1.5201E-04 0.0000E+00 1.7517E-05 6.6044E-05 1.7947E-05 0.0000E+00 0.0000E+00 0.0000E+00
 0.0000E+00 5.1273E-06 0.0000E+00 0.0000E+00 0.0000E+00 0.0000E+00 0.0000E+00 0.0000E+00 0.0000E+00 0.0000E+00 0.0000E+00 0.0000E+00 0.0000E+00 0.0000E+00 3.6050E-05 9.1924E-05 3.1922E-04 1.6468E-04 0.0000E+00 1.7517E-05 8.5857E-05 8.9733E-06 0.0000E+00 8.8760E-07 0.0000E+00
 0.0000E+00 6.1528E-06 0.0000E+00 0.0000E+00 0.0000E+00 0.0000E+00 0.0000E+00 0.0000E+00 0.0000E+00 0.0000E+00 0.0000E+00 0.0000E+00 0.0000E+00 0.0000E+00 8.4118E-05 1.3132E-04 4.8577E-04 1.1401E-04 0.0000E+00 5.2550E-05 5.9440E-05 4.4866E-06 0.0000E+00 8.8760E-07 0.0000E+00
 0.0000E+00 8.7164E-06 0.0000E+00 0.0000E+00 0.0000E+00 0.0000E+00 0.0000E+00 0.0000E+00 1.3049E-05 0.0000E+00 0.0000E+00 0.0000E+00 0.0000E+00 0.0000E+00 3.6050E-05 1.5758E-04 3.3310E-04 1.1401E-04 0.0000E+00 7.8826E-05 5.9440E-05 8.9733E-06 0.0000E+00 0.0000E+00 0.0000E+00
 0.0000E+00 1.4356E-05 0.0000E+00 0.0000E+00 0.0000E+00 0.0000E+00 0.0000E+00 0.0000E+00 1.9574E-05 0.0000E+00 1.5084E-05 0.0000E+00 0.0000E+00 0.0000E+00 1.2017E-05 9.1924E-05 5.2741E-04 6.3337E-05 0.0000E+00 2.6275E-05 4.6231E-05 8.9733E-06 0.0000E+00 1.7752E-06 0.0000E+00
 0.0000E+00 1.2818E-05 0.0000E+00 0.0000E+00 0.0000E+00 0.0000E+00 0.0000E+00 0.0000E+00 0.0000E+00 0.0000E+00 0.0000E+00 0.0000E+00 0.0000E+00 0.0000E+00 4.8067E-05 1.0506E-04 4.0250E-04 1.5201E-04 5.4180E-05 3.5034E-05 8.5857E-05 2.6920E-05 0.0000E+00 8.8760E-07 0.0000E+00
 0.0000E+00 6.6655E-06 0.0000E+00 0.0000E+00 0.0000E+00 0.0000E+00 0.0000E+00 0.0000E+00 2.6098E-05 0.0000E+00 0.0000E+00 0.0000E+00 0.0000E+00 0.0000E+00 1.2017E-05 2.6264E-05 3.4698E-04 3.8002E-05 0.0000E+00 3.5034E-05 4.6231E-05 2.2433E-05 0.0000E+00 8.8760E-07 0.0000E+00
 0.0000E+00 9.7419E-06 0.0000E+00 0.0000E+00 0.0000E+00 0.0000E+00 0.0000E+00 0.0000E+00 0.0000E+00 0.0000E+00 7.5421E-06 4.2453E-05 0.0000E+00 0.0000E+00 2.4034E-05 9.1924E-05 2.7758E-04 8.8671E-05 0.0000E+00 0.0000E+00 4.6231E-05 1.3460E-05 0.0000E+00 8.8760E-07 0.0000E+00
 0.0000E+00 6.1528E-06 0.0000E+00 0.0000E+00 0.0000E+00 0.0000E+00 0.0000E+00 0.0000E+00 0.0000E+00 0.0000E+00 0.0000E+00 0.0000E+00 0.0000E+00 0.0000E+00 1.2017E-05 1.3132E-04 4.0250E-04 1.1401E-04 1.0836E-05 1.7517E-05 4.6231E-05 1.3460E-05 0.0000E+00 8.8760E-07 0.0000E+00
 0.0000E+00 6.6655E-06 0.0000E+00 0.0000E+00 0.0000E+00 0.0000E+00 0.0000E+00 0.0000E+00 1.3049E-05 0.0000E+00 0.0000E+00 0.0000E+00 0.0000E+00 3.2400E-05 7.2101E-05 7.8792E-05 3.4698E-04 7.6004E-05 0.0000E+00 3.5034E-05 5.2835E-05 0.0000E+00 0.0000E+00 0.0000E+00 0.0000E+00
 0.0000E+00 4.1018E-06 0.0000E+00 0.0000E+00 0.0000E+00 0.0000E+00 0.0000E+00 0.0000E+00 0.0000E+00 0.0000E+00 1.5084E-05 0.0000E+00 0.0000E+00 2.1600E-05 9.6134E-05 1.3132E-05 3.1922E-04 8.8671E-05 1.0836E-05 3.5034E-05 8.5857E-05 1.7947E-05 0.0000E+00 8.8760E-07 0.0000E+00
 0.0000E+00 6.1528E-06 1.4314E-06 0.0000E+00 0.0000E+00 0.0000E+00 0.0000E+00 0.0000E+00 6.5245E-06 0.0000E+00 0.0000E+00 0.0000E+00 0.0000E+00 0.0000E+00 1.2017E-05 2.6264E-05 2.9146E-04 1.2667E-04 0.0000E+00 8.7584E-06 9.2462E-05 4.4866E-06 0.0000E+00 1.7752E-06 0.0000E+00
 0.0000E+00 7.1782E-06 1.4314E-06 0.0000E+00 0.0000E+00 0.0000E+00 0.0000E+00 0.0000E+00 1.3049E-05 0.0000E+00 0.0000E+00 0.0000E+00 0.0000E+00 1.0800E-05 3.6050E-05 7.8792E-05 3.3310E-04 3.8002E-05 0.0000E+00 5.2550E-05 5.2835E-05 0.0000E+00 0.0000E+00 0.0000E+00 0.0000E+00
 0.0000E+00 5.6400E-06 0.0000E+00 0.0000E+00 0.0000E+00 0.0000E+00 0.0000E+00 0.0000E+00 3.2623E-05 0.0000E+00 0.0000E+00 8.4906E-06 0.0000E+00 1.0800E-05 1.2017E-05 6.5660E-05 3.6086E-04 1.0134E-04 1.0836E-05 8.7584E-06 3.3022E-05 3.5893E-05 0.0000E+00 0.0000E+00 0.0000E+00
 0.0000E+00 3.5891E-06 0.0000E+00 0.0000E+00 0.0000E+00 0.0000E+00 0.0000E+00 0.0000E+00 0.0000E+00 0.0000E+00 0.0000E+00 0.0000E+00 0.0000E+00 0.0000E+00 1.2017E-05 6.5660E-05 3.0534E-04 2.5335E-05 5.4180E-05 1.7517E-05 2.6418E-05 1.7947E-05 0.0000E+00 0.0000E+00 0.0000E+00
 0.0000E+00 9.2291E-06 2.8628E-06 0.0000E+00 0.0000E+00 0.0000E+00 0.0000E+00 0.0000E+00 0.0000E+00 0.0000E+00 0.0000E+00 0.0000E+00 0.0000E+00 0.0000E+00 1.2017E-05 9.1924E-05 2.3595E-04 8.8671E-05 0.0000E+00 1.7517E-05 4.6231E-05 2.2433E-05 0.0000E+00 8.8760E-07 0.0000E+00
 0.0000E+00 7.1782E-06 0.0000E+00 0.0000E+00 0.0000E+00 0.0000E+00 0.0000E+00 0.0000E+00 1.3049E-05 0.0000E+00 0.0000E+00 0.0000E+00 0.0000E+00 1.0800E-05 1.2017E-05 3.9396E-05 3.3310E-04 3.8002E-05 2.1672E-05 6.1309E-05 1.9813E-05 4.4866E-06 0.0000E+00 8.8760E-07 0.0000E+00
 0.0000E+00 8.7164E-06 0.0000E+00 0.0000E+00 0.0000E+00 0.0000E+00 0.0000E+00 0.0000E+00 0.0000E+00 0.0000E+00 0.0000E+00 0.0000E+00 0.0000E+00 0.0000E+00 7.2101E-05 3.9396E-05 3.0534E-04 1.0134E-04 0.0000E+00 2.6275E-05 1.9813E-05 1.7947E-05 0.0000E+00 1.7752E-06 0.0000E+00
 0.0000E+00 8.2037E-06 0.0000E+00 0.0000E+00 0.0000E+00 0.0000E+00 0.0000E+00 0.0000E+00 0.0000E+00 0.0000E+00 0.0000E+00 0.0000E+00 0.0000E+00 0.0000E+00 0.0000E+00 6.5660E-05 2.3595E-04 8.8671E-05 1.0836E-05 5.2550E-05 1.9813E-05 1.7947E-05 0.0000E+00 8.8760E-07 0.0000E+00
 0.0000E+00 5.6400E-06 0.0000E+00 0.0000E+00 0.0000E+00 0.0000E+00 0.0000E+00 0.0000E+00 6.5245E-06 0.0000E+00 0.0000E+00 0.0000E+00 0.0000E+00 0.0000E+00 2.4034E-05 5.2528E-05 1.9431E-04 1.6468E-04 1.0836E-05 2.6275E-05 5.2835E-05 1.3460E-05 0.0000E+00 1.7752E-06 0.0000E+00
 0.0000E+00 1.0255E-05 1.4314E-06 0.0000E+00 0.0000E+00 0.0000E+00 0.0000E+00 0.0000E+00 1.3049E-05 0.0000E+00 0.0000E+00 0.0000E+00 0.0000E+00 0.0000E+00 6.0084E-05 6.5660E-05 2.6370E-04 5.0669E-05 2.1672E-05 8.7584E-06 3.3022E-05 4.4866E-06 0.0000E+00 0.0000E+00 0.0000E+00
 0.0000E+00 9.7419E-06 0.0000E+00 0.0000E+00 0.0000E+00 0.0000E+00 0.0000E+00 0.0000E+00 6.5245E-06 0.0000E+00 0.0000E+00 0.0000E+00 0.0000E+00 0.0000E+00 6.0084E-05 1.4445E-04 2.2207E-04 7.6004E-05 0.0000E+00 9.6342E-05 1.9813E-05 8.9733E-06 0.0000E+00 8.8760E-07 0.0000E+00
 0.0000E+00 8.2037E-06 0.0000E+00 0.0000E+00 0.0000E+00 0.0000E+00 0.0000E+00 0.0000E+00 6.5245E-06 0.0000E+00 0.0000E+00 0.0000E+00 0.0000E+00 0.0000E+00 9.6134E-05 7.8792E-05 2.6370E-04 8.8671E-05 0.0000E+00 2.6275E-05 7.2649E-05 1.3460E-05 0.0000E+00 1.7752E-06 0.0000E+00
 0.0000E+00 5.6400E-06 0.0000E+00 0.0000E+00 0.0000E+00 0.0000E+00 0.0000E+00 0.0000E+00 6.5245E-06 0.0000E+00 1.5084E-05 8.4906E-06 0.0000E+00 0.0000E+00 1.2017E-05 3.9396E-05 2.4982E-04 2.5335E-05 1.0836E-05 8.7584E-06 1.0567E-04 1.3460E-05 0.0000E+00 0.0000E+00 0.0000E+00
 0.0000E+00 7.6910E-06 0.0000E+00 0.0000E+00 0.0000E+00 0.0000E+00 0.0000E+00 0.0000E+00 0.0000E+00 0.0000E+00 0.0000E+00 0.0000E+00 0.0000E+00 0.0000E+00 4.8067E-05 1.4445E-04 2.7758E-04 1.0134E-04 2.1672E-05 3.5034E-05 7.2649E-05 8.9733E-06 0.0000E+00 2.6628E-06 0.0000E+00
 0.0000E+00 5.1273E-06 0.0000E+00 0.0000E+00 0.0000E+00 0.0000E+00 0.0000E+00 0.0000E+00 0.0000E+00 1.3677E-05 0.0000E+00 1.6981E-05 0.0000E+00 0.0000E+00 1.2017E-05 9.1924E-05 6.2456E-04 7.6004E-05 0.0000E+00 3.5034E-05 5.2835E-05 4.4866E-06 0.0000E+00 0.0000E+00 0.0000E+00
 0.0000E+00 9.2291E-06 0.0000E+00 0.0000E+00 0.0000E+00 0.0000E+00 0.0000E+00 0.0000E+00 6.5245E-06 0.0000E+00 0.0000E+00 1.6981E-05 0.0000E+00 0.0000E+00 3.6050E-05 0.0000E+00 5.6904E-04 3.8002E-05 0.0000E+00 0.0000E+00 1.9813E-05 1.3460E-05 0.0000E+00 1.7752E-06 0.0000E+00
 0.0000E+00 5.6400E-06 0.0000E+00 0.0000E+00 0.0000E+00 0.0000E+00 0.0000E+00 0.0000E+00 0.0000E+00 0.0000E+00 0.0000E+00 0.0000E+00 0.0000E+00 0.0000E+00 1.2017E-05 3.9396E-05 2.0819E-04 6.3337E-05 0.0000E+00 1.7517E-05 5.2835E-05 0.0000E+00 0.0000E+00 2.6628E-06 0.0000E+00
 0.0000E+00 1.0767E-05 0.0000E+00 0.0000E+00 0.0000E+00 0.0000E+00 0.0000E+00 0.0000E+00 1.9574E-05 0.0000E+00 0.0000E+00 0.0000E+00 0.0000E+00 0.0000E+00 9.6134E-05 9.1924E-05 2.6370E-04 3.8002E-05 1.0836E-05 8.7584E-06 5.2835E-05 4.4866E-06 0.0000E+00 8.8760E-07 0.0000E+00
 0.0000E+00 5.6400E-06 0.0000E+00 0.0000E+00 0.0000E+00 0.0000E+00 0.0000E+00 0.0000E+00 6.5245E-06 0.0000E+00 0.0000E+00 0.0000E+00 0.0000E+00 0.0000E+00 4.8067E-05 6.5660E-05 3.6086E-04 2.5335E-05 0.0000E+00 1.7517E-05 7.2649E-05 2.6920E-05 0.0000E+00 8.8760E-07 0.0000E+00
 0.0000E+00 7.6910E-06 0.0000E+00 0.0000E+00 0.0000E+00 0.0000E+00 0.0000E+00 0.0000E+00 6.5245E-06 0.0000E+00 0.0000E+00 0.0000E+00 0.0000E+00 0.0000E+00 0.0000E+00 5.2528E-05 2.6370E-04 3.8002E-05 0.0000E+00 2.6275E-05 5.2835E-05 1.3460E-05 0.0000E+00 0.0000E+00 0.0000E+00
 0.0000E+00 3.5891E-06 0.0000E+00 0.0000E+00 0.0000E+00 0.0000E+00 0.0000E+00 0.0000E+00 1.3049E-05 0.0000E+00 0.0000E+00 0.0000E+00 0.0000E+00 0.0000E+00 0.0000E+00 2.6264E-05 3.8862E-04 3.8002E-05 0.0000E+00 2.6275E-05 1.3209E-05 8.9733E-06 0.0000E+00 8.8760E-07 0.0000E+00
 0.0000E+00 8.7164E-06 0.0000E+00 0.0000E+00 0.0000E+00 0.0000E+00 0.0000E+00 0.0000E+00 0.0000E+00 0.0000E+00 0.0000E+00 0.0000E+00 0.0000E+00 0.0000E+00 3.6050E-05 6.5660E-05 4.4413E-04 8.8671E-05 3.2508E-05 8.7584E-06 7.2649E-05 4.4866E-06 0.0000E+00 8.8760E-07 0.0000E+00
 0.0000E+00 4.6146E-06 1.4314E-06 0.0000E+00 0.0000E+00 0.0000E+00 0.0000E+00 0.0000E+00 6.5245E-06 0.0000E+00 0.0000E+00 0.0000E+00 0.0000E+00 0.0000E+00 7.2101E-05 2.6264E-05 2.2207E-04 6.3337E-05 0.0000E+00 4.3792E-05 3.3022E-05 8.9733E-06 0.0000E+00 1.7752E-06 0.0000E+00
 0.0000E+00 1.1280E-05 0.0000E+00 0.0000E+00 0.0000E+00 0.0000E+00 0.0000E+00 0.0000E+00 6.5245E-06 0.0000E+00 0.0000E+00 0.0000E+00 0.0000E+00 0.0000E+00 2.4034E-05 7.8792E-05 4.0250E-04 7.6004E-05 2.1672E-05 3.5034E-05 1.1228E-04 1.7947E-05 0.0000E+00 1.7752E-06 0.0000E+00
 0.0000E+00 4.1018E-06 0.0000E+00 0.0000E+00 0.0000E+00 0.0000E+00 0.0000E+00 0.0000E+00 1.9574E-05 0.0000E+00 0.0000E+00 0.0000E+00 0.0000E+00 0.0000E+00 2.4034E-05 3.9396E-05 3.1922E-04 0.0000E+00 0.0000E+00 3.5034E-05 7.2649E-05 1.7947E-05 0.0000E+00 0.0000E+00 0.0000E+00
 0.0000E+00 1.0767E-05 0.0000E+00 0.0000E+00 0.0000E+00 0.0000E+00 0.0000E+00 0.0000E+00 0.0000E+00 0.0000E+00 0.0000E+00 0.0000E+00 0.0000E+00 0.0000E+00 3.6050E-05 9.1924E-05 1.3879E-04 5.0669E-05 1.0836E-05 1.7517E-05 5.2835E-05 8.9733E-06 0.0000E+00 8.8760E-07 0.0000E+00
 0.0000E+00 6.6655E-06 0.0000E+00 0.0000E+00 0.0000E+00 0.0000E+00 0.0000E+00 0.0000E+00 0.0000E+00 0.0000E+00 2.2626E-05 0.0000E+00 0.0000E+00 0.0000E+00 2.4034E-05 7.8792E-05 2.9146E-04 2.5335E-05 0.0000E+00 2.6275E-05 2.6418E-05 0.0000E+00 0.0000E+00 3.5504E-06 0.0000E+00
 0.0000E+00 7.6910E-06 2.8628E-06 0.0000E+00 0.0000E+00 0.0000E+00 0.0000E+00 0.0000E+00 0.0000E+00 0.0000E+00 0.0000E+00 0.0000E+00 0.0000E+00 0.0000E+00 1.2017E-05 1.5758E-04 3.8862E-04 3.8002E-05 0.0000E+00 8.7584E-06 6.6044E-05 0.0000E+00 0.0000E+00 8.8760E-07 0.0000E+00
 0.0000E+00 2.0509E-06 0.0000E+00 0.0000E+00 0.0000E+00 0.0000E+00 0.0000E+00 0.0000E+00 0.0000E+00 1.3677E-05 0.0000E+00 0.0000E+00 0.0000E+00 0.0000E+00 2.4034E-05 1.0506E-04 4.1637E-04 6.3337E-05 0.0000E+00 1.7517E-05 5.2835E-05 0.0000E+00 0.0000E+00 0.0000E+00 0.0000E+00
 0.0000E+00 8.2037E-06 0.0000E+00 0.0000E+00 0.0000E+00 0.0000E+00 0.0000E+00 0.0000E+00 1.3049E-05 0.0000E+00 0.0000E+00 0.0000E+00 0.0000E+00 0.0000E+00 0.0000E+00 2.6264E-05 2.7758E-04 5.0669E-05 1.0836E-05 2.6275E-05 2.6418E-05 8.9733E-06 0.0000E+00 8.8760E-07 0.0000E+00
 0.0000E+00 8.7164E-06 1.4314E-06 0.0000E+00 0.0000E+00 0.0000E+00 0.0000E+00 0.0000E+00 6.5245E-06 0.0000E+00 0.0000E+00 0.0000E+00 0.0000E+00 0.0000E+00 3.6050E-05 7.8792E-05 2.4982E-04 3.8002E-05 0.0000E+00 8.7584E-05 1.9813E-05 8.9733E-06 0.0000E+00 1.7752E-06 0.0000E+00
 0.0000E+00 4.6146E-06 0.0000E+00 0.0000E+00 0.0000E+00 0.0000E+00 0.0000E+00 0.0000E+00 0.0000E+00 0.0000E+00 0.0000E+00 0.0000E+00 0.0000E+00 0.0000E+00 3.6050E-05 5.2528E-05 2.7758E-04 2.5335E-05 0.0000E+00 4.3792E-05 3.3022E-05 0.0000E+00 0.0000E+00 1.7752E-06 0.0000E+00
 0.0000E+00 7.6910E-06 0.0000E+00 0.0000E+00 0.0000E+00 0.0000E+00 0.0000E+00 0.0000E+00 1.3049E-05 0.0000E+00 0.0000E+00 0.0000E+00 0.0000E+00 0.0000E+00 4.8067E-05 3.9396E-05 3.6086E-04 8.8671E-05 2.1672E-05 4.3792E-05 2.6418E-05 1.3460E-05 0.0000E+00 8.8760E-07 0.0000E+00
 0.0000E+00 7.6910E-06 0.0000E+00 0.0000E+00 0.0000E+00 0.0000E+00 0.0000E+00 0.0000E+00 0.0000E+00 0.0000E+00 0.0000E+00 0.0000E+00 0.0000E+00 0.0000E+00 4.8067E-05 2.6264E-05 2.0819E-04 7.6004E-05 0.0000E+00 8.7584E-06 7.9253E-05 4.4866E-06 0.0000E+00 2.6628E-06 0.0000E+00
 0.0000E+00 3.0764E-06 0.0000E+00 0.0000E+00 0.0000E+00 0.0000E+00 0.0000E+00 0.0000E+00 1.3049E-05 0.0000E+00 0.0000E+00 0.0000E+00 0.0000E+00 3.2400E-05 3.6050E-05 5.2528E-05 2.2207E-04 1.2667E-04 0.0000E+00 0.0000E+00 5.9440E-05 1.3460E-05 0.0000E+00 8.8760E-07 0.0000E+00
 0.0000E+00 8.7164E-06 0.0000E+00 0.0000E+00 0.0000E+00 0.0000E+00 0.0000E+00 0.0000E+00 0.0000E+00 0.0000E+00 0.0000E+00 0.0000E+00 0.0000E+00 0.0000E+00 1.2017E-05 1.4445E-04 2.7758E-04 1.3934E-04 0.0000E+00 1.7517E-05 7.2649E-05 4.4866E-06 0.0000E+00 8.8760E-07 0.0000E+00
 0.0000E+00 6.1528E-06 0.0000E+00 0.0000E+00 0.0000E+00 0.0000E+00 0.0000E+00 0.0000E+00 6.5245E-06 0.0000E+00 0.0000E+00 0.0000E+00 0.0000E+00 0.0000E+00 4.8067E-05 1.0506E-04 2.7758E-04 3.8002E-05 4.3344E-05 2.6275E-05 9.2462E-05 1.3460E-05 0.0000E+00 8.8760E-07 0.0000E+00
 0.0000E+00 6.1528E-06 0.0000E+00 0.0000E+00 0.0000E+00 0.0000E+00 0.0000E+00 0.0000E+00 6.5245E-06 0.0000E+00 0.0000E+00 0.0000E+00 0.0000E+00 0.0000E+00 1.2017E-05 1.0506E-04 2.4982E-04 6.3337E-05 0.0000E+00 5.2550E-05 5.9440E-05 1.3460E-05 0.0000E+00 8.8760E-07 0.0000E+00
 0.0000E+00 6.1528E-06 0.0000E+00 0.0000E+00 0.0000E+00 0.0000E+00 0.0000E+00 0.0000E+00 0.0000E+00 0.0000E+00 0.0000E+00 0.0000E+00 0.0000E+00 0.0000E+00 2.4034E-05 7.8792E-05 3.4698E-04 1.2667E-05 1.0836E-05 8.7584E-06 2.6418E-05 4.4866E-06 0.0000E+00 8.8760E-07 0.0000E+00
 0.0000E+00 7.1782E-06 0.0000E+00 0.0000E+00 0.0000E+00 0.0000E+00 0.0000E+00 0.0000E+00 6.5245E-06 0.0000E+00 7.5421E-06 0.0000E+00 0.0000E+00 0.0000E+00 2.4034E-05 1.0506E-04 2.7758E-04 1.2667E-04 1.0836E-05 8.7584E-06 8.5857E-05 1.3460E-05 0.0000E+00 0.0000E+00 0.0000E+00
 0.0000E+00 2.0509E-06 0.0000E+00 0.0000E+00 0.0000E+00 0.0000E+00 0.0000E+00 0.0000E+00 0.0000E+00 0.0000E+00 0.0000E+00 0.0000E+00 0.0000E+00 0.0000E+00 0.0000E+00 9.1924E-05 1.2491E-04 5.0669E-05 0.0000E+00 8.7584E-06 7.9253E-05 2.2433E-05 0.0000E+00 8.8760E-07 0.0000E+00
 0.0000E+00 5.1273E-06 0.0000E+00 0.0000E+00 0.0000E+00 0.0000E+00 0.0000E+00 0.0000E+00 6.5245E-06 0.0000E+00 0.0000E+00 0.0000E+00 0.0000E+00 0.0000E+00 1.0815E-04 6.5660E-05 3.8862E-04 1.0134E-04 0.0000E+00 8.7584E-06 3.9627E-05 4.4866E-06 0.0000E+00 8.8760E-07 0.0000E+00
 0.0000E+00 5.1273E-06 0.0000E+00 0.0000E+00 0.0000E+00 0.0000E+00 0.0000E+00 0.0000E+00 6.5245E-06 0.0000E+00 0.0000E+00 0.0000E+00 0.0000E+00 0.0000E+00 1.2017E-05 9.1924E-05 1.5267E-04 2.5335E-05 1.0836E-05 8.7584E-06 7.9253E-05 1.3460E-05 0.0000E+00 0.0000E+00 0.0000E+00
 0.0000E+00 9.2291E-06 0.0000E+00 0.0000E+00 0.0000E+00 0.0000E+00 0.0000E+00 0.0000E+00 0.0000E+00 0.0000E+00 0.0000E+00 0.0000E+00 0.0000E+00 0.0000E+00 3.6050E-05 1.3132E-05 1.9431E-04 2.5335E-05 2.1672E-05 1.7517E-05 5.2835E-05 0.0000E+00 0.0000E+00 0.0000E+00 0.0000E+00
 0.0000E+00 5.1273E-06 0.0000E+00 0.0000E+00 0.0000E+00 0.0000E+00 0.0000E+00 0.0000E+00 0.0000E+00 0.0000E+00 0.0000E+00 0.0000E+00 0.0000E+00 0.0000E+00 3.6050E-05 6.5660E-05 2.2207E-04 1.0134E-04 0.0000E+00 3.5034E-05 4.6231E-05 1.7947E-05 0.0000E+00 2.6628E-06 0.0000E+00
 0.0000E+00 8.7164E-06 0.0000E+00 0.0000E+00 0.0000E+00 0.0000E+00 0.0000E+00 0.0000E+00 6.5245E-06 0.0000E+00 0.0000E+00 0.0000E+00 0.0000E+00 0.0000E+00 2.4034E-05 5.2528E-05 2.3595E-04 7.6004E-05 1.0836E-05 0.0000E+00 9.9066E-05 0.0000E+00 0.0000E+00 8.8760E-07 0.0000E+00
 0.0000E+00 8.7164E-06 0.0000E+00 0.0000E+00 0.0000E+00 0.0000E+00 0.0000E+00 0.0000E+00 0.0000E+00 0.0000E+00 7.5421E-06 0.0000E+00 0.0000E+00 0.0000E+00 3.6050E-05 1.7072E-04 2.9146E-04 0.0000E+00 2.1672E-05 8.7584E-06 2.6418E-05 4.4866E-06 0.0000E+00 0.0000E+00 0.0000E+00
 0.0000E+00 8.2037E-06 0.0000E+00 0.0000E+00 0.0000E+00 0.0000E+00 0.0000E+00 0.0000E+00 0.0000E+00 0.0000E+00 0.0000E+00 0.0000E+00 0.0000E+00 0.0000E+00 2.4034E-05 2.6264E-05 2.4982E-04 5.0669E-05 0.0000E+00 3.5034E-05 1.9813E-05 4.4866E-06 0.0000E+00 8.8760E-07 0.0000E+00
 0.0000E+00 1.0767E-05 0.0000E+00 0.0000E+00 0.0000E+00 0.0000E+00 0.0000E+00 0.0000E+00 1.3049E-05 0.0000E+00 7.5421E-06 0.0000E+00 0.0000E+00 0.0000E+00 2.4034E-05 7.8792E-05 2.9146E-04 1.0134E-04 0.0000E+00 8.7584E-06 2.6418E-05 0.0000E+00 0.0000E+00 0.0000E+00 0.0000E+00
 0.0000E+00 5.1273E-06 0.0000E+00 0.0000E+00 0.0000E+00 0.0000E+00 0.0000E+00 0.0000E+00 1.3049E-05 0.0000E+00 0.0000E+00 0.0000E+00 0.0000E+00 0.0000E+00 1.2017E-05 5.2528E-05 2.4982E-04 5.0669E-05 2.1672E-05 3.5034E-05 3.9627E-05 8.9733E-06 0.0000E+00 1.7752E-06 0.0000E+00
 0.0000E+00 5.6400E-06 0.0000E+00 0.0000E+00 0.0000E+00 0.0000E+00 0.0000E+00 0.0000E+00 0.0000E+00 0.0000E+00 0.0000E+00 0.0000E+00 0.0000E+00 0.0000E+00 3.6050E-05 5.2528E-05 2.9146E-04 1.1401E-04 1.0836E-05 1.7517E-05 1.3209E-05 8.9733E-06 0.0000E+00 8.8760E-07 0.0000E+00
 0.0000E+00 5.6400E-06 0.0000E+00 0.0000E+00 0.0000E+00 0.0000E+00 0.0000E+00 0.0000E+00 0.0000E+00 0.0000E+00 0.0000E+00 0.0000E+00 0.0000E+00 0.0000E+00 0.0000E+00 1.3132E-04 3.6086E-04 5.0669E-05 1.0836E-05 1.7517E-05 2.6418E-05 0.0000E+00 0.0000E+00 3.5504E-06 0.0000E+00
 0.0000E+00 6.1528E-06 0.0000E+00 0.0000E+00 0.0000E+00 0.0000E+00 0.0000E+00 0.0000E+00 0.0000E+00 0.0000E+00 0.0000E+00 0.0000E+00 0.0000E+00 0.0000E+00 2.4034E-05 9.1924E-05 2.2207E-04 6.3337E-05 1.0836E-05 8.7584E-06 3.3022E-05 1.3460E-05 0.0000E+00 0.0000E+00 0.0000E+00
 0.0000E+00 3.0764E-06 0.0000E+00 0.0000E+00 0.0000E+00 0.0000E+00 0.0000E+00 0.0000E+00 1.3049E-05 0.0000E+00 0.0000E+00 0.0000E+00 0.0000E+00 0.0000E+00 1.2017E-05 5.2528E-05 1.5267E-04 3.8002E-05 0.0000E+00 1.7517E-05 5.2835E-05 8.9733E-06 0.0000E+00 2.6628E-06 0.0000E+00
 0.0000E+00 8.2037E-06 0.0000E+00 0.0000E+00 0.0000E+00 0.0000E+00 0.0000E+00 0.0000E+00 0.0000E+00 6.8386E-06 7.5421E-06 0.0000E+00 0.0000E+00 0.0000E+00 0.0000E+00 7.8792E-05 1.9431E-04 6.3337E-05 2.1672E-05 8.7584E-06 5.9440E-05 1.3460E-05 0.0000E+00 0.0000E+00 0.0000E+00
 0.0000E+00 5.1273E-06 0.0000E+00 0.0000E+00 0.0000E+00 0.0000E+00 0.0000E+00 0.0000E+00 6.5245E-06 0.0000E+00 0.0000E+00 0.0000E+00 0.0000E+00 0.0000E+00 1.2017E-05 1.1819E-04 2.4982E-04 5.0669E-05 1.0836E-05 8.7584E-06 2.6418E-05 8.9733E-06 0.0000E+00 0.0000E+00 0.0000E+00
 0.0000E+00 3.5891E-06 0.0000E+00 0.0000E+00 0.0000E+00 0.0000E+00 0.0000E+00 0.0000E+00 0.0000E+00 0.0000E+00 0.0000E+00 0.0000E+00 0.0000E+00 0.0000E+00 2.4034E-05 6.5660E-05 3.3310E-04 6.3337E-05 3.2508E-05 0.0000E+00 1.2548E-04 8.9733E-06 0.0000E+00 1.7752E-06 0.0000E+00
 0.0000E+00 1.2306E-05 0.0000E+00 0.0000E+00 0.0000E+00 0.0000E+00 0.0000E+00 0.0000E+00 0.0000E+00 0.0000E+00 0.0000E+00 0.0000E+00 0.0000E+00 0.0000E+00 1.2017E-05 7.8792E-05 1.3879E-04 1.2667E-05 0.0000E+00 0.0000E+00 6.6044E-05 0.0000E+00 0.0000E+00 1.7752E-06 0.0000E+00
 0.0000E+00 3.0764E-06 0.0000E+00 0.0000E+00 0.0000E+00 0.0000E+00 0.0000E+00 0.0000E+00 0.0000E+00 0.0000E+00 0.0000E+00 0.0000E+00 0.0000E+00 0.0000E+00 7.2101E-05 2.6264E-05 1.6655E-04 7.6004E-05 0.0000E+00 0.0000E+00 5.9440E-05 1.7947E-05 0.0000E+00 0.0000E+00 0.0000E+00
 0.0000E+00 1.0767E-05 0.0000E+00 0.0000E+00 0.0000E+00 0.0000E+00 0.0000E+00 0.0000E+00 0.0000E+00 0.0000E+00 0.0000E+00 0.0000E+00 0.0000E+00 0.0000E+00 2.4034E-05 1.3132E-05 2.7758E-04 3.8002E-05 0.0000E+00 0.0000E+00 6.6044E-05 0.0000E+00 0.0000E+00 1.7752E-06 0.0000E+00
 0.0000E+00 5.1273E-06 0.0000E+00 0.0000E+00 0.0000E+00 0.0000E+00 0.0000E+00 0.0000E+00 0.0000E+00 0.0000E+00 0.0000E+00 0.0000E+00 0.0000E+00 0.0000E+00 2.4034E-05 5.2528E-05 2.9146E-04 6.3337E-05 0.0000E+00 0.0000E+00 7.9253E-05 0.0000E+00 0.0000E+00 1.7752E-06 0.0000E+00
 0.0000E+00 7.6910E-06 0.0000E+00 0.0000E+00 0.0000E+00 0.0000E+00 0.0000E+00 0.0000E+00 1.3049E-05 0.0000E+00 0.0000E+00 0.0000E+00 0.0000E+00 0.0000E+00 8.4118E-05 0.0000E+00 1.9431E-04 3.8002E-05 0.0000E+00 1.7517E-05 5.2835E-05 0.0000E+00 0.0000E+00 8.8760E-07 0.0000E+00
 0.0000E+00 4.6146E-06 0.0000E+00 0.0000E+00 0.0000E+00 0.0000E+00 0.0000E+00 0.0000E+00 2.6098E-05 0.0000E+00 0.0000E+00 0.0000E+00 0.0000E+00 0.0000E+00 0.0000E+00 3.9396E-05 1.9431E-04 2.5335E-05 1.0836E-05 3.5034E-05 5.2835E-05 8.9733E-06 0.0000E+00 0.0000E+00 0.0000E+00
 0.0000E+00 6.6655E-06 0.0000E+00 0.0000E+00 0.0000E+00 0.0000E+00 0.0000E+00 0.0000E+00 0.0000E+00 0.0000E+00 0.0000E+00 0.0000E+00 0.0000E+00 0.0000E+00 0.0000E+00 1.0506E-04 3.0534E-04 7.6004E-05 1.0836E-05 0.0000E+00 1.3209E-05 0.0000E+00 0.0000E+00 2.6628E-06 0.0000E+00
 0.0000E+00 7.1782E-06 0.0000E+00 0.0000E+00 0.0000E+00 0.0000E+00 0.0000E+00 0.0000E+00 0.0000E+00 0.0000E+00 0.0000E+00 0.0000E+00 0.0000E+00 0.0000E+00 3.6050E-05 1.1819E-04 2.7758E-04 1.1401E-04 0.0000E+00 8.7584E-06 3.9627E-05 1.7947E-05 0.0000E+00 8.8760E-07 0.0000E+00
 0.0000E+00 7.1782E-06 0.0000E+00 0.0000E+00 0.0000E+00 0.0000E+00 0.0000E+00 0.0000E+00 6.5245E-06 0.0000E+00 0.0000E+00 0.0000E+00 0.0000E+00 0.0000E+00 1.2017E-05 2.6264E-05 2.2207E-04 8.8671E-05 0.0000E+00 7.8826E-05 3.3022E-05 0.0000E+00 0.0000E+00 8.8760E-07 0.0000E+00
 0.0000E+00 1.2818E-05 0.0000E+00 0.0000E+00 0.0000E+00 0.0000E+00 0.0000E+00 0.0000E+00 2.6098E-05 0.0000E+00 0.0000E+00 0.0000E+00 0.0000E+00 0.0000E+00 1.2017E-05 7.8792E-05 2.7758E-04 5.0669E-05 0.0000E+00 1.7517E-05 5.2835E-05 2.2433E-05 0.0000E+00 0.0000E+00 0.0000E+00
 0.0000E+00 6.1528E-06 0.0000E+00 0.0000E+00 0.0000E+00 0.0000E+00 0.0000E+00 0.0000E+00 0.0000E+00 0.0000E+00 7.5421E-06 0.0000E+00 0.0000E+00 0.0000E+00 4.8067E-05 1.0506E-04 9.7154E-05 5.0669E-05 1.0836E-05 8.7584E-06 4.6231E-05 4.4866E-06 0.0000E+00 0.0000E+00 0.0000E+00
 0.0000E+00 5.1273E-06 0.0000E+00 0.0000E+00 0.0000E+00 0.0000E+00 0.0000E+00 0.0000E+00 0.0000E+00 0.0000E+00 0.0000E+00 0.0000E+00 0.0000E+00 1.0800E-05 3.6050E-05 6.5660E-05 3.1922E-04 1.3934E-04 2.1672E-05 1.7517E-05 5.2835E-05 1.3460E-05 0.0000E+00 8.8760E-07 0.0000E+00
 0.0000E+00 5.6400E-06 0.0000E+00 0.0000E+00 0.0000E+00 0.0000E+00 0.0000E+00 0.0000E+00 0.0000E+00 0.0000E+00 0.0000E+00 8.4906E-06 0.0000E+00 0.0000E+00 0.0000E+00 6.5660E-05 1.3879E-04 6.3337E-05 0.0000E+00 2.6275E-05 5.9440E-05 2.6920E-05 0.0000E+00 0.0000E+00 0.0000E+00
 0.0000E+00 8.2037E-06 0.0000E+00 0.0000E+00 0.0000E+00 0.0000E+00 0.0000E+00 0.0000E+00 0.0000E+00 0.0000E+00 0.0000E+00 0.0000E+00 0.0000E+00 1.0800E-05 1.2017E-05 6.5660E-05 1.9431E-04 6.3337E-05 0.0000E+00 0.0000E+00 5.9440E-05 0.0000E+00 0.0000E+00 0.0000E+00 0.0000E+00
 0.0000E+00 6.1528E-06 0.0000E+00 0.0000E+00 0.0000E+00 0.0000E+00 0.0000E+00 0.0000E+00 0.0000E+00 0.0000E+00 0.0000E+00 0.0000E+00 0.0000E+00 0.0000E+00 0.0000E+00 3.9396E-05 2.0819E-04 6.3337E-05 0.0000E+00 8.7584E-06 5.2835E-05 4.4866E-06 0.0000E+00 8.8760E-07 0.0000E+00
 0.0000E+00 7.6910E-06 0.0000E+00 0.0000E+00 0.0000E+00 0.0000E+00 0.0000E+00 0.0000E+00 0.0000E+00 0.0000E+00 0.0000E+00 0.0000E+00 0.0000E+00 0.0000E+00 4.8067E-05 9.1924E-05 2.4982E-04 3.8002E-05 0.0000E+00 2.6275E-05 5.9440E-05 4.4866E-06 0.0000E+00 0.0000E+00 0.0000E+00
 0.0000E+00 3.0764E-06 0.0000E+00 0.0000E+00 0.0000E+00 0.0000E+00 0.0000E+00 0.0000E+00 0.0000E+00 0.0000E+00 0.0000E+00 0.0000E+00 0.0000E+00 0.0000E+00 1.2017E-05 5.2528E-05 2.0819E-04 8.8671E-05 0.0000E+00 8.7584E-06 1.9813E-05 0.0000E+00 0.0000E+00 8.8760E-07 0.0000E+00
 0.0000E+00 1.1280E-05 0.0000E+00 0.0000E+00 0.0000E+00 0.0000E+00 0.0000E+00 0.0000E+00 0.0000E+00 0.0000E+00 0.0000E+00 0.0000E+00 0.0000E+00 0.0000E+00 2.4034E-05 5.2528E-05 4.1637E-04 5.0669E-05 0.0000E+00 3.5034E-05 2.6418E-05 1.7947E-05 0.0000E+00 0.0000E+00 0.0000E+00
 0.0000E+00 6.1528E-06 2.8628E-06 0.0000E+00 0.0000E+00 0.0000E+00 0.0000E+00 0.0000E+00 0.0000E+00 0.0000E+00 0.0000E+00 0.0000E+00 0.0000E+00 0.0000E+00 0.0000E+00 1.3132E-05 3.1922E-04 1.2667E-05 2.1672E-05 5.2550E-05 3.3022E-05 1.3460E-05 0.0000E+00 0.0000E+00 0.0000E+00
 0.0000E+00 3.5891E-06 0.0000E+00 0.0000E+00 0.0000E+00 0.0000E+00 0.0000E+00 0.0000E+00 0.0000E+00 0.0000E+00 0.0000E+00 0.0000E+00 0.0000E+00 0.0000E+00 3.6050E-05 5.2528E-05 3.1922E-04 1.2667E-05 0.0000E+00 3.5034E-05 1.3209E-05 1.7947E-05 0.0000E+00 0.0000E+00 0.0000E+00
 0.0000E+00 6.6655E-06 0.0000E+00 0.0000E+00 0.0000E+00 0.0000E+00 0.0000E+00 0.0000E+00 0.0000E+00 0.0000E+00 0.0000E+00 0.0000E+00 0.0000E+00 0.0000E+00 1.2017E-05 0.0000E+00 4.1637E-04 3.8002E-05 0.0000E+00 6.1309E-05 2.6418E-05 4.4866E-06 0.0000E+00 8.8760E-07 0.0000E+00
 0.0000E+00 8.2037E-06 0.0000E+00 0.0000E+00 0.0000E+00 0.0000E+00 0.0000E+00 0.0000E+00 0.0000E+00 0.0000E+00 0.0000E+00 0.0000E+00 0.0000E+00 0.0000E+00 1.2017E-05 5.2528E-05 2.9146E-04 1.2667E-05 0.0000E+00 1.7517E-05 1.0567E-04 4.4866E-06 0.0000E+00 8.8760E-07 0.0000E+00
 0.0000E+00 4.6146E-06 0.0000E+00 0.0000E+00 0.0000E+00 0.0000E+00 0.0000E+00 0.0000E+00 0.0000E+00 0.0000E+00 0.0000E+00 0.0000E+00 0.0000E+00 0.0000E+00 4.8067E-05 2.6264E-05 2.2207E-04 5.0669E-05 0.0000E+00 8.7584E-06 5.9440E-05 8.9733E-06 0.0000E+00 8.8760E-07 0.0000E+00
 0.0000E+00 6.6655E-06 0.0000E+00 0.0000E+00 0.0000E+00 0.0000E+00 0.0000E+00 0.0000E+00 0.0000E+00 2.7354E-05 0.0000E+00 8.4906E-06 0.0000E+00 0.0000E+00 3.6050E-05 3.9396E-05 1.8043E-04 1.2667E-05 0.0000E+00 0.0000E+00 6.6044E-05 4.4866E-06 0.0000E+00 1.7752E-06 0.0000E+00
 0.0000E+00 1.1280E-05 0.0000E+00 0.0000E+00 0.0000E+00 0.0000E+00 0.0000E+00 0.0000E+00 0.0000E+00 0.0000E+00 0.0000E+00 0.0000E+00 0.0000E+00 0.0000E+00 1.2017E-05 3.9396E-05 3.6086E-04 6.3337E-05 0.0000E+00 2.6275E-05 3.9627E-05 8.9733E-06 0.0000E+00 8.8760E-07 0.0000E+00
 0.0000E+00 1.0767E-05 1.4314E-06 0.0000E+00 0.0000E+00 0.0000E+00 0.0000E+00 0.0000E+00 0.0000E+00 0.0000E+00 0.0000E+00 0.0000E+00 0.0000E+00 0.0000E+00 2.4034E-05 0.0000E+00 1.6655E-04 5.0669E-05 0.0000E+00 8.7584E-06 6.6044E-06 4.4866E-06 0.0000E+00 1.7752E-06 0.0000E+00
 0.0000E+00 7.6910E-06 0.0000E+00 0.0000E+00 0.0000E+00 0.0000E+00 0.0000E+00 0.0000E+00 6.5245E-06 0.0000E+00 0.0000E+00 0.0000E+00 0.0000E+00 0.0000E+00 1.2017E-05 5.2528E-05 2.4982E-04 3.8002E-05 0.0000E+00 8.7584E-06 6.6044E-05 4.4866E-06 0.0000E+00 0.0000E+00 0.0000E+00
 0.0000E+00 7.1782E-06 1.4314E-06 0.0000E+00 0.0000E+00 0.0000E+00 0.0000E+00 0.0000E+00 0.0000E+00 0.0000E+00 0.0000E+00 0.0000E+00 0.0000E+00 0.0000E+00 0.0000E+00 5.2528E-05 2.2207E-04 2.5335E-05 1.0836E-05 3.5034E-05 5.2835E-05 8.9733E-06 0.0000E+00 0.0000E+00 0.0000E+00
 0.0000E+00 5.1273E-06 0.0000E+00 0.0000E+00 0.0000E+00 0.0000E+00 0.0000E+00 0.0000E+00 0.0000E+00 0.0000E+00 0.0000E+00 0.0000E+00 0.0000E+00 0.0000E+00 0.0000E+00 1.3132E-05 9.7154E-05 3.8002E-05 0.0000E+00 8.7584E-06 3.9627E-05 4.4866E-06 0.0000E+00 0.0000E+00 0.0000E+00
 0.0000E+00 9.7419E-06 0.0000E+00 0.0000E+00 0.0000E+00 0.0000E+00 0.0000E+00 0.0000E+00 0.0000E+00 0.0000E+00 0.0000E+00 0.0000E+00 0.0000E+00 0.0000E+00 0.0000E+00 3.9396E-05 2.0819E-04 1.0134E-04 3.2508E-05 0.0000E+00 4.6231E-05 4.4866E-06 0.0000E+00 8.8760E-07 0.0000E+00
 0.0000E+00 5.6400E-06 0.0000E+00 0.0000E+00 0.0000E+00 0.0000E+00 0.0000E+00 0.0000E+00 0.0000E+00 0.0000E+00 0.0000E+00 0.0000E+00 0.0000E+00 0.0000E+00 4.8067E-05 5.2528E-05 2.2207E-04 3.8002E-05 2.1672E-05 1.7517E-05 9.2462E-05 8.9733E-06 0.0000E+00 0.0000E+00 0.0000E+00
 0.0000E+00 8.7164E-06 0.0000E+00 0.0000E+00 0.0000E+00 0.0000E+00 0.0000E+00 0.0000E+00 0.0000E+00 0.0000E+00 0.0000E+00 0.0000E+00 0.0000E+00 0.0000E+00 0.0000E+00 0.0000E+00 2.4982E-04 2.5335E-05 2.1672E-05 1.7517E-05 1.3209E-05 4.4866E-06 0.0000E+00 2.6628E-06 0.0000E+00
 0.0000E+00 8.2037E-06 0.0000E+00 0.0000E+00 0.0000E+00 0.0000E+00 0.0000E+00 0.0000E+00 0.0000E+00 0.0000E+00 0.0000E+00 0.0000E+00 0.0000E+00 0.0000E+00 0.0000E+00 2.6264E-05 2.3595E-04 2.5335E-05 1.0836E-05 0.0000E+00 5.9440E-05 8.9733E-06 0.0000E+00 8.8760E-07 0.0000E+00
 0.0000E+00 6.6655E-06 0.0000E+00 0.0000E+00 0.0000E+00 0.0000E+00 0.0000E+00 0.0000E+00 0.0000E+00 0.0000E+00 0.0000E+00 0.0000E+00 0.0000E+00 0.0000E+00 0.0000E+00 5.2528E-05 1.5267E-04 1.2667E-05 0.0000E+00 0.0000E+00 4.6231E-05 4.4866E-06 0.0000E+00 8.8760E-07 0.0000E+00
 0.0000E+00 8.2037E-06 0.0000E+00 0.0000E+00 0.0000E+00 0.0000E+00 0.0000E+00 0.0000E+00 0.0000E+00 0.0000E+00 1.5084E-05 0.0000E+00 0.0000E+00 0.0000E+00 4.8067E-05 5.2528E-05 3.3310E-04 2.5335E-05 0.0000E+00 2.6275E-05 5.9440E-05 8.9733E-06 0.0000E+00 8.8760E-07 0.0000E+00
 0.0000E+00 2.0509E-06 0.0000E+00 0.0000E+00 0.0000E+00 0.0000E+00 0.0000E+00 0.0000E+00 0.0000E+00 0.0000E+00 7.5421E-06 0.0000E+00 0.0000E+00 0.0000E+00 6.0084E-05 9.1924E-05 2.7758E-04 6.3337E-05 0.0000E+00 8.7584E-06 3.3022E-05 0.0000E+00 0.0000E+00 0.0000E+00 0.0000E+00
 0.0000E+00 9.2291E-06 0.0000E+00 0.0000E+00 0.0000E+00 0.0000E+00 0.0000E+00 0.0000E+00 0.0000E+00 0.0000E+00 0.0000E+00 0.0000E+00 0.0000E+00 0.0000E+00 1.2017E-05 2.6264E-05 3.0534E-04 1.2667E-04 0.0000E+00 8.7584E-06 3.3022E-05 0.0000E+00 0.0000E+00 2.6628E-06 0.0000E+00
 0.0000E+00 8.2037E-06 0.0000E+00 0.0000E+00 0.0000E+00 0.0000E+00 0.0000E+00 0.0000E+00 0.0000E+00 0.0000E+00 0.0000E+00 0.0000E+00 0.0000E+00 0.0000E+00 4.8067E-05 6.5660E-05 2.9146E-04 7.6004E-05 0.0000E+00 3.5034E-05 9.9066E-05 8.9733E-06 0.0000E+00 0.0000E+00 0.0000E+00
 0.0000E+00 4.1018E-06 0.0000E+00 0.0000E+00 0.0000E+00 0.0000E+00 0.0000E+00 0.0000E+00 0.0000E+00 0.0000E+00 0.0000E+00 0.0000E+00 0.0000E+00 0.0000E+00 0.0000E+00 2.6264E-05 3.8862E-04 5.0669E-05 0.0000E+00 3.5034E-05 4.6231E-05 0.0000E+00 0.0000E+00 2.6628E-06 0.0000E+00
 0.0000E+00 6.1528E-06 0.0000E+00 0.0000E+00 0.0000E+00 0.0000E+00 0.0000E+00 0.0000E+00 6.5245E-06 0.0000E+00 0.0000E+00 0.0000E+00 0.0000E+00 0.0000E+00 1.2017E-05 3.9396E-05 1.6655E-04 0.0000E+00 1.0836E-05 1.7517E-05 3.9627E-05 1.3460E-05 0.0000E+00 5.3256E-06 0.0000E+00
 0.0000E+00 2.5637E-06 0.0000E+00 0.0000E+00 0.0000E+00 0.0000E+00 0.0000E+00 0.0000E+00 0.0000E+00 0.0000E+00 0.0000E+00 0.0000E+00 0.0000E+00 0.0000E+00 3.6050E-05 2.6264E-05 2.0819E-04 5.0669E-05 0.0000E+00 0.0000E+00 5.2835E-05 8.9733E-06 0.0000E+00 0.0000E+00 0.0000E+00
 0.0000E+00 3.5891E-06 0.0000E+00 0.0000E+00 0.0000E+00 0.0000E+00 0.0000E+00 0.0000E+00 0.0000E+00 0.0000E+00 0.0000E+00 0.0000E+00 0.0000E+00 0.0000E+00 0.0000E+00 0.0000E+00 1.6655E-04 3.8002E-05 0.0000E+00 8.7584E-06 2.6418E-05 4.4866E-06 0.0000E+00 1.7752E-06 0.0000E+00
 0.0000E+00 6.1528E-06 0.0000E+00 0.0000E+00 0.0000E+00 0.0000E+00 0.0000E+00 0.0000E+00 2.6098E-05 0.0000E+00 0.0000E+00 8.4906E-06 0.0000E+00 0.0000E+00 3.6050E-05 9.1924E-05 1.6655E-04 1.2667E-05 0.0000E+00 8.7584E-06 4.6231E-05 4.4866E-06 0.0000E+00 0.0000E+00 0.0000E+00
 0.0000E+00 8.7164E-06 1.4314E-06 0.0000E+00 0.0000E+00 0.0000E+00 0.0000E+00 0.0000E+00 0.0000E+00 0.0000E+00 0.0000E+00 0.0000E+00 0.0000E+00 0.0000E+00 6.0084E-05 6.5660E-05 2.3595E-04 1.1401E-04 4.3344E-05 0.0000E+00 6.6044E-05 1.7947E-05 0.0000E+00 8.8760E-07 0.0000E+00
 0.0000E+00 4.6146E-06 0.0000E+00 0.0000E+00 0.0000E+00 0.0000E+00 0.0000E+00 0.0000E+00 0.0000E+00 0.0000E+00 0.0000E+00 0.0000E+00 0.0000E+00 0.0000E+00 0.0000E+00 3.9396E-05 2.4982E-04 7.6004E-05 0.0000E+00 3.5034E-05 6.6044E-05 4.4866E-06 0.0000E+00 0.0000E+00 0.0000E+00
 0.0000E+00 2.5637E-06 0.0000E+00 0.0000E+00 0.0000E+00 0.0000E+00 0.0000E+00 0.0000E+00 0.0000E+00 0.0000E+00 0.0000E+00 2.5472E-05 0.0000E+00 0.0000E+00 0.0000E+00 3.9396E-05 2.7758E-04 8.8671E-05 0.0000E+00 5.2550E-05 1.9813E-05 1.7947E-05 0.0000E+00 8.8760E-07 0.0000E+00
 0.0000E+00 6.1528E-06 0.0000E+00 0.0000E+00 0.0000E+00 0.0000E+00 0.0000E+00 0.0000E+00 0.0000E+00 0.0000E+00 0.0000E+00 0.0000E+00 0.0000E+00 0.0000E+00 4.8067E-05 3.9396E-05 1.8043E-04 2.5335E-05 0.0000E+00 3.5034E-05 9.9066E-05 0.0000E+00 0.0000E+00 1.7752E-06 0.0000E+00
 0.0000E+00 3.5891E-06 1.4314E-06 0.0000E+00 0.0000E+00 0.0000E+00 0.0000E+00 0.0000E+00 0.0000E+00 0.0000E+00 0.0000E+00 0.0000E+00 0.0000E+00 0.0000E+00 3.6050E-05 5.2528E-05 1.8043E-04 3.8002E-05 1.0836E-05 8.7584E-06 5.2835E-05 0.0000E+00 0.0000E+00 8.8760E-07 0.0000E+00
 0.0000E+00 6.6655E-06 0.0000E+00 0.0000E+00 0.0000E+00 0.0000E+00 0.0000E+00 0.0000E+00 0.0000E+00 0.0000E+00 0.0000E+00 0.0000E+00 0.0000E+00 0.0000E+00 2.4034E-05 3.9396E-05 8.3275E-05 5.0669E-05 0.0000E+00 2.6275E-05 4.6231E-05 4.4866E-06 0.0000E+00 0.0000E+00 0.0000E+00
 0.0000E+00 7.1782E-06 0.0000E+00 0.0000E+00 0.0000E+00 0.0000E+00 0.0000E+00 0.0000E+00 0.0000E+00 0.0000E+00 7.5421E-06 0.0000E+00 0.0000E+00 0.0000E+00 2.4034E-05 6.5660E-05 1.3879E-04 1.0134E-04 1.0836E-05 4.3792E-05 3.3022E-05 4.0380E-05 0.0000E+00 0.0000E+00 0.0000E+00
 0.0000E+00 7.6910E-06 0.0000E+00 0.0000E+00 0.0000E+00 0.0000E+00 0.0000E+00 0.0000E+00 0.0000E+00 6.8386E-06 0.0000E+00 0.0000E+00 0.0000E+00 0.0000E+00 1.2017E-05 9.1924E-05 2.7758E-04 1.2667E-05 0.0000E+00 0.0000E+00 3.9627E-05 8.9733E-06 0.0000E+00 0.0000E+00 0.0000E+00
 0.0000E+00 9.7419E-06 0.0000E+00 0.0000E+00 0.0000E+00 0.0000E+00 0.0000E+00 0.0000E+00 0.0000E+00 0.0000E+00 0.0000E+00 0.0000E+00 0.0000E+00 0.0000E+00 2.4034E-05 1.0506E-04 1.9431E-04 1.0134E-04 0.0000E+00 8.7584E-06 3.3022E-05 4.4866E-06 0.0000E+00 0.0000E+00 0.0000E+00
 0.0000E+00 5.1273E-06 0.0000E+00 0.0000E+00 0.0000E+00 0.0000E+00 0.0000E+00 0.0000E+00 0.0000E+00 0.0000E+00 0.0000E+00 0.0000E+00 0.0000E+00 0.0000E+00 2.4034E-05 3.9396E-05 2.3595E-04 3.8002E-05 2.1672E-05 2.6275E-05 4.6231E-05 0.0000E+00 0.0000E+00 1.7752E-06 0.0000E+00
 0.0000E+00 4.1018E-06 0.0000E+00 0.0000E+00 0.0000E+00 0.0000E+00 0.0000E+00 0.0000E+00 0.0000E+00 0.0000E+00 0.0000E+00 0.0000E+00 0.0000E+00 0.0000E+00 2.4034E-05 6.5660E-05 2.6370E-04 5.0669E-05 0.0000E+00 2.6275E-05 3.3022E-05 8.9733E-06 0.0000E+00 3.5504E-06 0.0000E+00
 0.0000E+00 7.6910E-06 0.0000E+00 0.0000E+00 0.0000E+00 0.0000E+00 0.0000E+00 0.0000E+00 0.0000E+00 0.0000E+00 0.0000E+00 0.0000E+00 0.0000E+00 0.0000E+00 0.0000E+00 1.3132E-05 1.8043E-04 3.8002E-05 0.0000E+00 0.0000E+00 1.9813E-05 4.4866E-06 0.0000E+00 2.6628E-06 0.0000E+00
 0.0000E+00 3.5891E-06 0.0000E+00 0.0000E+00 0.0000E+00 0.0000E+00 0.0000E+00 0.0000E+00 6.5245E-06 0.0000E+00 0.0000E+00 0.0000E+00 0.0000E+00 0.0000E+00 0.0000E+00 7.8792E-05 2.2207E-04 6.3337E-05 0.0000E+00 8.7584E-06 2.6418E-05 0.0000E+00 0.0000E+00 8.8760E-07 0.0000E+00
 0.0000E+00 7.6910E-06 0.0000E+00 0.0000E+00 0.0000E+00 0.0000E+00 0.0000E+00 0.0000E+00 0.0000E+00 6.8386E-06 0.0000E+00 0.0000E+00 0.0000E+00 0.0000E+00 0.0000E+00 1.3132E-05 3.1922E-04 5.0669E-05 0.0000E+00 2.6275E-05 3.3022E-05 0.0000E+00 0.0000E+00 0.0000E+00 0.0000E+00
 0.0000E+00 8.2037E-06 0.0000E+00 0.0000E+00 0.0000E+00 0.0000E+00 0.0000E+00 0.0000E+00 0.0000E+00 0.0000E+00 0.0000E+00 0.0000E+00 0.0000E+00 0.0000E+00 0.0000E+00 5.2528E-05 1.9431E-04 6.3337E-05 0.0000E+00 2.6275E-05 3.9627E-05 4.4866E-06 0.0000E+00 8.8760E-07 0.0000E+00
 0.0000E+00 6.6655E-06 2.8628E-06 0.0000E+00 0.0000E+00 0.0000E+00 0.0000E+00 0.0000E+00 0.0000E+00 0.0000E+00 7.5421E-06 0.0000E+00 0.0000E+00 0.0000E+00 1.2017E-05 7.8792E-05 1.9431E-04 3.8002E-05 0.0000E+00 8.7584E-06 6.6044E-05 4.4866E-06 0.0000E+00 0.0000E+00 0.0000E+00
 0.0000E+00 2.5637E-06 0.0000E+00 0.0000E+00 0.0000E+00 0.0000E+00 0.0000E+00 0.0000E+00 0.0000E+00 0.0000E+00 0.0000E+00 0.0000E+00 0.0000E+00 0.0000E+00 0.0000E+00 3.9396E-05 9.7154E-05 6.3337E-05 0.0000E+00 7.8826E-05 2.6418E-05 1.7947E-05 0.0000E+00 0.0000E+00 0.0000E+00
 0.0000E+00 6.6655E-06 0.0000E+00 0.0000E+00 0.0000E+00 0.0000E+00 0.0000E+00 0.0000E+00 0.0000E+00 0.0000E+00 0.0000E+00 1.6981E-05 0.0000E+00 0.0000E+00 0.0000E+00 3.9396E-05 3.6086E-04 3.8002E-05 0.0000E+00 0.0000E+00 1.3209E-05 1.3460E-05 0.0000E+00 8.8760E-07 0.0000E+00
 0.0000E+00 4.1018E-06 0.0000E+00 0.0000E+00 0.0000E+00 0.0000E+00 0.0000E+00 0.0000E+00 0.0000E+00 0.0000E+00 7.5421E-06 0.0000E+00 0.0000E+00 0.0000E+00 1.2017E-05 5.2528E-05 3.1922E-04 3.8002E-05 0.0000E+00 8.7584E-06 5.2835E-05 8.9733E-06 0.0000E+00 8.8760E-07 0.0000E+00
 0.0000E+00 8.2037E-06 0.0000E+00 0.0000E+00 0.0000E+00 0.0000E+00 0.0000E+00 0.0000E+00 0.0000E+00 0.0000E+00 0.0000E+00 0.0000E+00 0.0000E+00 0.0000E+00 1.2017E-05 5.2528E-05 1.8043E-04 0.0000E+00 0.0000E+00 0.0000E+00 1.9813E-05 4.4866E-06 0.0000E+00 8.8760E-07 0.0000E+00
 0.0000E+00 7.1782E-06 0.0000E+00 0.0000E+00 0.0000E+00 0.0000E+00 0.0000E+00 0.0000E+00 0.0000E+00 0.0000E+00 0.0000E+00 0.0000E+00 0.0000E+00 0.0000E+00 0.0000E+00 7.8792E-05 1.3879E-04 5.0669E-05 2.1672E-05 0.0000E+00 1.9813E-05 0.0000E+00 0.0000E+00 0.0000E+00 0.0000E+00
 0.0000E+00 5.1273E-06 0.0000E+00 0.0000E+00 0.0000E+00 0.0000E+00 0.0000E+00 0.0000E+00 0.0000E+00 0.0000E+00 7.5421E-06 8.4906E-06 0.0000E+00 0.0000E+00 2.4034E-05 5.2528E-05 2.2207E-04 3.8002E-05 0.0000E+00 0.0000E+00 3.3022E-05 8.9733E-06 0.0000E+00 2.6628E-06 0.0000E+00
 0.0000E+00 2.5637E-06 1.4314E-06 0.0000E+00 0.0000E+00 0.0000E+00 0.0000E+00 0.0000E+00 0.0000E+00 0.0000E+00 0.0000E+00 0.0000E+00 0.0000E+00 0.0000E+00 1.2017E-05 1.0506E-04 2.9146E-04 1.0134E-04 1.0836E-05 4.3792E-05 3.9627E-05 2.2433E-05 0.0000E+00 8.8760E-07 0.0000E+00
 0.0000E+00 6.1528E-06 0.0000E+00 0.0000E+00 0.0000E+00 0.0000E+00 0.0000E+00 0.0000E+00 6.5245E-06 0.0000E+00 0.0000E+00 0.0000E+00 0.0000E+00 1.0800E-05 0.0000E+00 7.8792E-05 6.9396E-05 3.8002E-05 1.0836E-05 2.6275E-05 3.9627E-05 8.9733E-06 0.0000E+00 0.0000E+00 0.0000E+00
 0.0000E+00 5.1273E-06 0.0000E+00 0.0000E+00 0.0000E+00 0.0000E+00 0.0000E+00 0.0000E+00 0.0000E+00 0.0000E+00 0.0000E+00 0.0000E+00 0.0000E+00 0.0000E+00 4.8067E-05 6.5660E-05 1.6655E-04 6.3337E-05 1.0836E-05 2.6275E-05 3.9627E-05 0.0000E+00 0.0000E+00 0.0000E+00 0.0000E+00
 0.0000E+00 1.0767E-05 0.0000E+00 0.0000E+00 0.0000E+00 0.0000E+00 0.0000E+00 0.0000E+00 0.0000E+00 0.0000E+00 0.0000E+00 0.0000E+00 0.0000E+00 0.0000E+00 3.6050E-05 0.0000E+00 1.9431E-04 1.2667E-05 1.0836E-05 8.7584E-06 3.9627E-05 1.3460E-05 0.0000E+00 0.0000E+00 0.0000E+00
 0.0000E+00 5.1273E-06 0.0000E+00 0.0000E+00 0.0000E+00 0.0000E+00 0.0000E+00 0.0000E+00 0.0000E+00 0.0000E+00 0.0000E+00 0.0000E+00 0.0000E+00 0.0000E+00 1.2017E-05 2.6264E-05 2.4982E-04 1.2667E-05 0.0000E+00 2.6275E-05 8.5857E-05 4.4866E-06 0.0000E+00 0.0000E+00 0.0000E+00
 0.0000E+00 4.1018E-06 0.0000E+00 0.0000E+00 0.0000E+00 0.0000E+00 0.0000E+00 0.0000E+00 0.0000E+00 0.0000E+00 0.0000E+00 0.0000E+00 0.0000E+00 0.0000E+00 2.4034E-05 2.6264E-05 2.0819E-04 8.8671E-05 1.0836E-05 2.6275E-05 3.3022E-05 0.0000E+00 0.0000E+00 0.0000E+00 0.0000E+00
 0.0000E+00 5.1273E-06 0.0000E+00 0.0000E+00 0.0000E+00 0.0000E+00 0.0000E+00 0.0000E+00 0.0000E+00 0.0000E+00 0.0000E+00 0.0000E+00 0.0000E+00 0.0000E+00 2.4034E-05 5.2528E-05 1.3879E-04 6.3337E-05 2.1672E-05 0.0000E+00 1.9813E-05 0.0000E+00 0.0000E+00 8.8760E-07 0.0000E+00
 0.0000E+00 7.6910E-06 0.0000E+00 0.0000E+00 0.0000E+00 0.0000E+00 0.0000E+00 0.0000E+00 0.0000E+00 0.0000E+00 0.0000E+00 0.0000E+00 0.0000E+00 0.0000E+00 2.4034E-05 2.6264E-05 1.9431E-04 1.2667E-05 1.0836E-05 8.7584E-06 3.9627E-05 4.4866E-06 0.0000E+00 1.7752E-06 0.0000E+00
 0.0000E+00 6.6655E-06 0.0000E+00 0.0000E+00 0.0000E+00 0.0000E+00 0.0000E+00 0.0000E+00 0.0000E+00 0.0000E+00 0.0000E+00 0.0000E+00 0.0000E+00 0.0000E+00 1.2017E-05 1.3132E-05 1.6655E-04 5.0669E-05 0.0000E+00 8.7584E-06 1.3209E-05 0.0000E+00 0.0000E+00 0.0000E+00 0.0000E+00
 0.0000E+00 6.1528E-06 0.0000E+00 0.0000E+00 0.0000E+00 0.0000E+00 0.0000E+00 0.0000E+00 0.0000E+00 0.0000E+00 0.0000E+00 0.0000E+00 0.0000E+00 0.0000E+00 2.4034E-05 3.9396E-05 1.2491E-04 6.3337E-05 0.0000E+00 8.7584E-06 6.6044E-05 0.0000E+00 0.0000E+00 0.0000E+00 0.0000E+00
 0.0000E+00 3.5891E-06 0.0000E+00 0.0000E+00 0.0000E+00 0.0000E+00 0.0000E+00 0.0000E+00 0.0000E+00 0.0000E+00 0.0000E+00 0.0000E+00 0.0000E+00 0.0000E+00 0.0000E+00 1.3132E-05 9.7154E-05 0.0000E+00 0.0000E+00 2.6275E-05 6.6044E-05 1.3460E-05 0.0000E+00 0.0000E+00 0.0000E+00
 0.0000E+00 8.7164E-06 0.0000E+00 0.0000E+00 0.0000E+00 0.0000E+00 0.0000E+00 0.0000E+00 0.0000E+00 0.0000E+00 0.0000E+00 0.0000E+00 0.0000E+00 0.0000E+00 0.0000E+00 1.3132E-05 1.9431E-04 1.2667E-05 1.0836E-05 1.7517E-05 3.3022E-05 8.9733E-06 0.0000E+00 1.7752E-06 0.0000E+00
 0.0000E+00 4.6146E-06 0.0000E+00 0.0000E+00 0.0000E+00 0.0000E+00 0.0000E+00 0.0000E+00 0.0000E+00 0.0000E+00 0.0000E+00 0.0000E+00 0.0000E+00 0.0000E+00 2.4034E-05 1.3132E-05 1.9431E-04 6.3337E-05 0.0000E+00 7.8826E-05 4.6231E-05 4.4866E-06 0.0000E+00 5.3256E-06 0.0000E+00
 0.0000E+00 4.6146E-06 0.0000E+00 0.0000E+00 0.0000E+00 0.0000E+00 0.0000E+00 0.0000E+00 6.5245E-06 0.0000E+00 0.0000E+00 0.0000E+00 0.0000E+00 0.0000E+00 0.0000E+00 1.3132E-05 1.3879E-04 1.2667E-05 0.0000E+00 8.7584E-06 5.9440E-05 4.4866E-06 0.0000E+00 2.6628E-06 0.0000E+00
 0.0000E+00 1.0255E-05 0.0000E+00 0.0000E+00 0.0000E+00 0.0000E+00 0.0000E+00 0.0000E+00 0.0000E+00 0.0000E+00 0.0000E+00 0.0000E+00 0.0000E+00 0.0000E+00 0.0000E+00 2.6264E-05 1.5267E-04 1.2667E-05 0.0000E+00 4.3792E-05 5.9440E-05 0.0000E+00 0.0000E+00 0.0000E+00 0.0000E+00
 0.0000E+00 3.5891E-06 0.0000E+00 0.0000E+00 0.0000E+00 0.0000E+00 0.0000E+00 0.0000E+00 0.0000E+00 0.0000E+00 0.0000E+00 0.0000E+00 0.0000E+00 0.0000E+00 0.0000E+00 3.9396E-05 1.8043E-04 8.8671E-05 0.0000E+00 8.7584E-06 5.2835E-05 0.0000E+00 0.0000E+00 1.7752E-06 0.0000E+00
 0.0000E+00 5.1273E-06 0.0000E+00 0.0000E+00 0.0000E+00 0.0000E+00 0.0000E+00 0.0000E+00 6.5245E-06 0.0000E+00 0.0000E+00 0.0000E+00 0.0000E+00 0.0000E+00 0.0000E+00 3.9396E-05 1.6655E-04 5.0669E-05 0.0000E+00 2.6275E-05 1.3209E-05 2.2433E-05 0.0000E+00 8.8760E-07 0.0000E+00
 0.0000E+00 6.6655E-06 0.0000E+00 0.0000E+00 0.0000E+00 0.0000E+00 0.0000E+00 0.0000E+00 1.9574E-05 0.0000E+00 0.0000E+00 0.0000E+00 0.0000E+00 0.0000E+00 0.0000E+00 6.5660E-05 1.1103E-04 1.0134E-04 0.0000E+00 0.0000E+00 5.2835E-05 0.0000E+00 0.0000E+00 8.8760E-07 0.0000E+00
 0.0000E+00 8.2037E-06 0.0000E+00 0.0000E+00 0.0000E+00 0.0000E+00 0.0000E+00 0.0000E+00 0.0000E+00 0.0000E+00 0.0000E+00 0.0000E+00 0.0000E+00 0.0000E+00 0.0000E+00 1.3132E-05 2.6370E-04 1.2667E-05 2.1672E-05 0.0000E+00 2.6418E-05 4.4866E-06 0.0000E+00 1.7752E-06 0.0000E+00
 0.0000E+00 1.0255E-06 5.7255E-06 0.0000E+00 0.0000E+00 0.0000E+00 0.0000E+00 0.0000E+00 2.6098E-05 0.0000E+00 0.0000E+00 0.0000E+00 0.0000E+00 0.0000E+00 2.4034E-05 1.3132E-05 2.0819E-04 5.0669E-05 0.0000E+00 0.0000E+00 5.2835E-05 0.0000E+00 0.0000E+00 0.0000E+00 0.0000E+00
 0.0000E+00 6.6655E-06 0.0000E+00 0.0000E+00 0.0000E+00 0.0000E+00 0.0000E+00 0.0000E+00 0.0000E+00 0.0000E+00 0.0000E+00 0.0000E+00 0.0000E+00 0.0000E+00 0.0000E+00 2.6264E-05 1.9431E-04 2.5335E-05 0.0000E+00 0.0000E+00 5.2835E-05 0.0000E+00 0.0000E+00 8.8760E-07 0.0000E+00
 0.0000E+00 6.1528E-06 1.4314E-06 0.0000E+00 0.0000E+00 0.0000E+00 0.0000E+00 0.0000E+00 0.0000E+00 6.8386E-06 0.0000E+00 0.0000E+00 0.0000E+00 0.0000E+00 0.0000E+00 3.9396E-05 1.6655E-04 3.8002E-05 0.0000E+00 1.7517E-05 4.6231E-05 0.0000E+00 0.0000E+00 8.8760E-07 0.0000E+00
 0.0000E+00 7.1782E-06 4.2941E-06 0.0000E+00 0.0000E+00 0.0000E+00 0.0000E+00 0.0000E+00 0.0000E+00 0.0000E+00 0.0000E+00 0.0000E+00 0.0000E+00 0.0000E+00 2.4034E-05 0.0000E+00 2.4982E-04 3.8002E-05 0.0000E+00 8.7584E-06 6.6044E-05 8.9733E-06 0.0000E+00 8.8760E-07 0.0000E+00
 0.0000E+00 6.6655E-06 0.0000E+00 0.0000E+00 0.0000E+00 0.0000E+00 0.0000E+00 0.0000E+00 0.0000E+00 0.0000E+00 0.0000E+00 0.0000E+00 0.0000E+00 0.0000E+00 1.2017E-05 2.6264E-05 2.7758E-04 2.5335E-05 0.0000E+00 3.5034E-05 1.3209E-05 8.9733E-06 0.0000E+00 0.0000E+00 0.0000E+00
 0.0000E+00 5.1273E-06 0.0000E+00 0.0000E+00 0.0000E+00 0.0000E+00 0.0000E+00 0.0000E+00 0.0000E+00 0.0000E+00 0.0000E+00 0.0000E+00 0.0000E+00 0.0000E+00 0.0000E+00 1.0506E-04 1.8043E-04 1.2667E-05 0.0000E+00 1.7517E-05 1.9813E-05 8.9733E-06 0.0000E+00 0.0000E+00 0.0000E+00
 0.0000E+00 8.2037E-06 0.0000E+00 0.0000E+00 0.0000E+00 0.0000E+00 0.0000E+00 0.0000E+00 0.0000E+00 0.0000E+00 0.0000E+00 0.0000E+00 0.0000E+00 0.0000E+00 0.0000E+00 3.9396E-05 1.3879E-04 2.5335E-05 0.0000E+00 1.7517E-05 5.2835E-05 4.4866E-06 0.0000E+00 3.5504E-06 0.0000E+00
 0.0000E+00 4.1018E-06 4.2941E-06 0.0000E+00 0.0000E+00 0.0000E+00 0.0000E+00 0.0000E+00 0.0000E+00 0.0000E+00 0.0000E+00 8.4906E-06 0.0000E+00 0.0000E+00 0.0000E+00 2.6264E-05 2.0819E-04 3.8002E-05 0.0000E+00 0.0000E+00 1.3209E-05 0.0000E+00 0.0000E+00 8.8760E-07 0.0000E+00
 0.0000E+00 3.5891E-06 2.8628E-06 0.0000E+00 0.0000E+00 0.0000E+00 0.0000E+00 0.0000E+00 0.0000E+00 0.0000E+00 7.5421E-06 0.0000E+00 0.0000E+00 0.0000E+00 2.4034E-05 7.8792E-05 2.2207E-04 3.8002E-05 0.0000E+00 2.6275E-05 3.3022E-05 8.9733E-06 0.0000E+00 1.7752E-06 0.0000E+00
 0.0000E+00 2.5637E-06 1.4314E-06 0.0000E+00 0.0000E+00 0.0000E+00 0.0000E+00 0.0000E+00 0.0000E+00 0.0000E+00 0.0000E+00 0.0000E+00 0.0000E+00 0.0000E+00 0.0000E+00 0.0000E+00 1.9431E-04 2.5335E-05 1.0836E-05 8.7584E-06 2.6418E-05 0.0000E+00 0.0000E+00 3.5504E-06 0.0000E+00
 0.0000E+00 7.1782E-06 1.4314E-06 0.0000E+00 0.0000E+00 0.0000E+00 0.0000E+00 0.0000E+00 0.0000E+00 0.0000E+00 0.0000E+00 0.0000E+00 0.0000E+00 0.0000E+00 3.6050E-05 1.3132E-05 1.6655E-04 3.8002E-05 2.1672E-05 0.0000E+00 4.6231E-05 4.4866E-06 0.0000E+00 2.6628E-06 0.0000E+00
 0.0000E+00 3.0764E-06 0.0000E+00 0.0000E+00 0.0000E+00 0.0000E+00 0.0000E+00 0.0000E+00 6.5245E-06 0.0000E+00 0.0000E+00 0.0000E+00 0.0000E+00 0.0000E+00 0.0000E+00 0.0000E+00 9.7154E-05 3.8002E-05 1.0836E-05 1.7517E-05 1.9813E-05 0.0000E+00 0.0000E+00 0.0000E+00 0.0000E+00
 0.0000E+00 5.1273E-06 2.8628E-06 0.0000E+00 0.0000E+00 0.0000E+00 0.0000E+00 0.0000E+00 0.0000E+00 0.0000E+00 0.0000E+00 1.6981E-05 0.0000E+00 0.0000E+00 0.0000E+00 2.6264E-05 1.8043E-04 2.5335E-05 0.0000E+00 8.7584E-06 2.6418E-05 0.0000E+00 0.0000E+00 0.0000E+00 0.0000E+00
 0.0000E+00 5.1273E-06 0.0000E+00 0.0000E+00 0.0000E+00 0.0000E+00 0.0000E+00 0.0000E+00 0.0000E+00 0.0000E+00 0.0000E+00 0.0000E+00 0.0000E+00 0.0000E+00 0.0000E+00 1.3132E-05 1.5267E-04 5.0669E-05 0.0000E+00 8.7584E-06 4.6231E-05 4.4866E-06 0.0000E+00 0.0000E+00 0.0000E+00
 0.0000E+00 3.5891E-06 1.4314E-06 0.0000E+00 0.0000E+00 0.0000E+00 0.0000E+00 0.0000E+00 0.0000E+00 0.0000E+00 0.0000E+00 0.0000E+00 0.0000E+00 0.0000E+00 2.4034E-05 1.3132E-05 8.3275E-05 1.2667E-05 0.0000E+00 1.7517E-05 5.2835E-05 1.3460E-05 0.0000E+00 0.0000E+00 0.0000E+00
 0.0000E+00 2.5637E-06 0.0000E+00 0.0000E+00 0.0000E+00 0.0000E+00 0.0000E+00 0.0000E+00 0.0000E+00 0.0000E+00 0.0000E+00 0.0000E+00 0.0000E+00 0.0000E+00 0.0000E+00 0.0000E+00 1.1103E-04 0.0000E+00 1.0836E-05 7.0067E-05 5.9440E-05 8.9733E-06 0.0000E+00 0.0000E+00 0.0000E+00
 0.0000E+00 8.7164E-06 0.0000E+00 0.0000E+00 0.0000E+00 0.0000E+00 0.0000E+00 0.0000E+00 0.0000E+00 0.0000E+00 0.0000E+00 0.0000E+00 0.0000E+00 0.0000E+00 0.0000E+00 1.3132E-05 6.9396E-05 3.8002E-05 0.0000E+00 2.6275E-05 3.3022E-05 8.9733E-06 0.0000E+00 1.7752E-06 0.0000E+00
 0.0000E+00 5.6400E-06 0.0000E+00 0.0000E+00 0.0000E+00 0.0000E+00 0.0000E+00 0.0000E+00 0.0000E+00 0.0000E+00 7.5421E-06 0.0000E+00 0.0000E+00 0.0000E+00 1.2017E-05 6.5660E-05 1.5267E-04 2.5335E-05 0.0000E+00 0.0000E+00 2.6418E-05 1.3460E-05 0.0000E+00 0.0000E+00 0.0000E+00
 0.0000E+00 4.6146E-06 0.0000E+00 0.0000E+00 0.0000E+00 0.0000E+00 0.0000E+00 0.0000E+00 6.5245E-06 0.0000E+00 0.0000E+00 0.0000E+00 0.0000E+00 0.0000E+00 2.4034E-05 1.3132E-05 1.2491E-04 5.0669E-05 1.0836E-05 0.0000E+00 2.6418E-05 4.4866E-06 0.0000E+00 0.0000E+00 0.0000E+00
 0.0000E+00 4.6146E-06 0.0000E+00 0.0000E+00 0.0000E+00 0.0000E+00 0.0000E+00 0.0000E+00 0.0000E+00 0.0000E+00 0.0000E+00 0.0000E+00 0.0000E+00 0.0000E+00 2.4034E-05 3.9396E-05 3.0534E-04 1.2667E-05 0.0000E+00 1.7517E-05 5.2835E-05 0.0000E+00 0.0000E+00 2.6628E-06 0.0000E+00
 0.0000E+00 5.6400E-06 0.0000E+00 0.0000E+00 0.0000E+00 0.0000E+00 0.0000E+00 0.0000E+00 0.0000E+00 0.0000E+00 0.0000E+00 8.4906E-06 0.0000E+00 0.0000E+00 6.0084E-05 2.6264E-05 1.1103E-04 2.5335E-05 0.0000E+00 8.7584E-06 6.6044E-05 0.0000E+00 0.0000E+00 1.7752E-06 0.0000E+00
 0.0000E+00 8.7164E-06 0.0000E+00 0.0000E+00 0.0000E+00 0.0000E+00 0.0000E+00 0.0000E+00 0.0000E+00 0.0000E+00 7.5421E-06 0.0000E+00 0.0000E+00 0.0000E+00 0.0000E+00 5.2528E-05 2.0819E-04 5.0669E-05 0.0000E+00 1.7517E-05 5.9440E-05 4.4866E-06 0.0000E+00 8.8760E-07 0.0000E+00
 0.0000E+00 4.1018E-06 0.0000E+00 0.0000E+00 0.0000E+00 0.0000E+00 0.0000E+00 0.0000E+00 0.0000E+00 6.8386E-06 0.0000E+00 0.0000E+00 0.0000E+00 0.0000E+00 3.6050E-05 6.5660E-05 1.9431E-04 2.5335E-05 0.0000E+00 0.0000E+00 2.6418E-05 8.9733E-06 0.0000E+00 1.7752E-06 0.0000E+00
 0.0000E+00 6.6655E-06 0.0000E+00 0.0000E+00 0.0000E+00 0.0000E+00 0.0000E+00 0.0000E+00 6.5245E-06 0.0000E+00 0.0000E+00 8.4906E-06 0.0000E+00 0.0000E+00 1.2017E-05 1.3132E-05 2.2207E-04 1.2667E-05 1.0836E-05 1.7517E-05 1.9813E-05 4.4866E-06 0.0000E+00 3.5504E-06 0.0000E+00
 0.0000E+00 5.1273E-06 0.0000E+00 0.0000E+00 0.0000E+00 0.0000E+00 0.0000E+00 0.0000E+00 0.0000E+00 0.0000E+00 0.0000E+00 0.0000E+00 0.0000E+00 0.0000E+00 0.0000E+00 0.0000E+00 9.7154E-05 3.8002E-05 0.0000E+00 0.0000E+00 6.6044E-06 0.0000E+00 0.0000E+00 8.8760E-07 0.0000E+00
 0.0000E+00 8.2037E-06 0.0000E+00 0.0000E+00 0.0000E+00 0.0000E+00 0.0000E+00 0.0000E+00 0.0000E+00 0.0000E+00 0.0000E+00 0.0000E+00 0.0000E+00 0.0000E+00 3.6050E-05 3.9396E-05 1.6655E-04 2.5335E-05 0.0000E+00 0.0000E+00 1.9813E-05 4.4866E-06 0.0000E+00 1.7752E-06 0.0000E+00
 0.0000E+00 7.6910E-06 0.0000E+00 0.0000E+00 0.0000E+00 0.0000E+00 0.0000E+00 0.0000E+00 0.0000E+00 0.0000E+00 0.0000E+00 8.4906E-06 0.0000E+00 0.0000E+00 0.0000E+00 0.0000E+00 2.3595E-04 8.8671E-05 0.0000E+00 0.0000E+00 2.6418E-05 8.9733E-06 0.0000E+00 1.7752E-06 0.0000E+00
 0.0000E+00 3.5891E-06 0.0000E+00 0.0000E+00 0.0000E+00 0.0000E+00 0.0000E+00 0.0000E+00 0.0000E+00 0.0000E+00 0.0000E+00 0.0000E+00 0.0000E+00 0.0000E+00 1.2017E-05 1.3132E-05 1.1103E-04 3.8002E-05 0.0000E+00 2.6275E-05 1.9813E-05 8.9733E-06 0.0000E+00 8.8760E-07 0.0000E+00
 0.0000E+00 1.1793E-05 0.0000E+00 0.0000E+00 0.0000E+00 0.0000E+00 0.0000E+00 0.0000E+00 0.0000E+00 0.0000E+00 0.0000E+00 0.0000E+00 0.0000E+00 0.0000E+00 2.4034E-05 1.3132E-05 1.1103E-04 1.2667E-05 1.0836E-05 8.7584E-06 6.6044E-06 0.0000E+00 0.0000E+00 0.0000E+00 0.0000E+00
 0.0000E+00 3.5891E-06 0.0000E+00 0.0000E+00 0.0000E+00 0.0000E+00 0.0000E+00 0.0000E+00 0.0000E+00 6.8386E-06 0.0000E+00 0.0000E+00 0.0000E+00 0.0000E+00 1.2017E-05 0.0000E+00 6.9396E-05 1.2667E-05 0.0000E+00 3.5034E-05 6.6044E-05 4.4866E-06 0.0000E+00 1.7752E-06 0.0000E+00
 0.0000E+00 1.5382E-06 0.0000E+00 0.0000E+00 0.0000E+00 0.0000E+00 0.0000E+00 0.0000E+00 0.0000E+00 0.0000E+00 0.0000E+00 0.0000E+00 0.0000E+00 0.0000E+00 0.0000E+00 6.5660E-05 2.4982E-04 3.8002E-05 3.2508E-05 2.6275E-05 3.3022E-05 0.0000E+00 0.0000E+00 8.8760E-07 0.0000E+00
 0.0000E+00 5.1273E-06 0.0000E+00 0.0000E+00 0.0000E+00 0.0000E+00 0.0000E+00 0.0000E+00 0.0000E+00 0.0000E+00 0.0000E+00 0.0000E+00 0.0000E+00 0.0000E+00 0.0000E+00 1.3132E-05 8.3275E-05 0.0000E+00 0.0000E+00 1.7517E-05 3.9627E-05 0.0000E+00 0.0000E+00 0.0000E+00 0.0000E+00
 0.0000E+00 5.6400E-06 0.0000E+00 0.0000E+00 0.0000E+00 0.0000E+00 0.0000E+00 0.0000E+00 0.0000E+00 0.0000E+00 0.0000E+00 0.0000E+00 0.0000E+00 0.0000E+00 0.0000E+00 9.1924E-05 2.6370E-04 1.1401E-04 0.0000E+00 1.7517E-05 6.6044E-06 0.0000E+00 0.0000E+00 4.4380E-06 0.0000E+00
 0.0000E+00 7.1782E-06 0.0000E+00 0.0000E+00 0.0000E+00 0.0000E+00 0.0000E+00 0.0000E+00 0.0000E+00 0.0000E+00 0.0000E+00 0.0000E+00 0.0000E+00 0.0000E+00 2.4034E-05 0.0000E+00 1.1103E-04 2.5335E-05 2.1672E-05 4.3792E-05 3.3022E-05 1.3460E-05 0.0000E+00 8.8760E-07 0.0000E+00
 0.0000E+00 7.6910E-06 0.0000E+00 0.0000E+00 0.0000E+00 0.0000E+00 0.0000E+00 0.0000E+00 0.0000E+00 0.0000E+00 0.0000E+00 0.0000E+00 0.0000E+00 0.0000E+00 1.2017E-05 1.3132E-05 1.6655E-04 5.0669E-05 0.0000E+00 1.7517E-05 2.6418E-05 1.7947E-05 0.0000E+00 0.0000E+00 0.0000E+00
 0.0000E+00 6.6655E-06 0.0000E+00 0.0000E+00 0.0000E+00 0.0000E+00 0.0000E+00 0.0000E+00 0.0000E+00 0.0000E+00 0.0000E+00 0.0000E+00 0.0000E+00 0.0000E+00 0.0000E+00 3.9396E-05 8.3275E-05 1.2667E-05 0.0000E+00 0.0000E+00 3.3022E-05 4.4866E-06 0.0000E+00 1.7752E-06 0.0000E+00
 0.0000E+00 3.5891E-06 0.0000E+00 0.0000E+00 0.0000E+00 0.0000E+00 0.0000E+00 0.0000E+00 0.0000E+00 0.0000E+00 0.0000E+00 0.0000E+00 0.0000E+00 0.0000E+00 0.0000E+00 3.9396E-05 1.1103E-04 1.2667E-05 0.0000E+00 1.7517E-05 3.3022E-05 1.3460E-05 0.0000E+00 0.0000E+00 0.0000E+00
 0.0000E+00 4.6146E-06 0.0000E+00 0.0000E+00 0.0000E+00 0.0000E+00 0.0000E+00 0.0000E+00 0.0000E+00 0.0000E+00 0.0000E+00 0.0000E+00 0.0000E+00 0.0000E+00 0.0000E+00 0.0000E+00 1.2491E-04 0.0000E+00 2.1672E-05 8.7584E-06 3.9627E-05 0.0000E+00 0.0000E+00 8.8760E-07 0.0000E+00
 0.0000E+00 4.6146E-06 0.0000E+00 0.0000E+00 0.0000E+00 0.0000E+00 0.0000E+00 0.0000E+00 6.5245E-06 0.0000E+00 7.5421E-06 0.0000E+00 0.0000E+00 0.0000E+00 0.0000E+00 2.6264E-05 8.3275E-05 2.5335E-05 0.0000E+00 0.0000E+00 2.6418E-05 8.9733E-06 0.0000E+00 1.7752E-06 0.0000E+00
 0.0000E+00 5.6400E-06 0.0000E+00 0.0000E+00 0.0000E+00 0.0000E+00 0.0000E+00 0.0000E+00 0.0000E+00 0.0000E+00 0.0000E+00 0.0000E+00 0.0000E+00 0.0000E+00 0.0000E+00 1.3132E-05 2.2207E-04 6.3337E-05 0.0000E+00 0.0000E+00 7.2649E-05 4.4866E-06 0.0000E+00 1.7752E-06 0.0000E+00
 0.0000E+00 6.6655E-06 1.4314E-06 0.0000E+00 0.0000E+00 0.0000E+00 0.0000E+00 0.0000E+00 0.0000E+00 0.0000E+00 0.0000E+00 0.0000E+00 0.0000E+00 0.0000E+00 3.6050E-05 3.9396E-05 1.9431E-04 1.2667E-05 0.0000E+00 8.7584E-06 6.6044E-06 1.3460E-05 0.0000E+00 1.7752E-06 0.0000E+00
 0.0000E+00 7.1782E-06 1.4314E-06 0.0000E+00 0.0000E+00 0.0000E+00 0.0000E+00 0.0000E+00 0.0000E+00 0.0000E+00 0.0000E+00 0.0000E+00 0.0000E+00 0.0000E+00 3.6050E-05 2.6264E-05 8.3275E-05 5.0669E-05 1.0836E-05 8.7584E-06 5.2835E-05 0.0000E+00 0.0000E+00 1.7752E-06 0.0000E+00
 0.0000E+00 7.6910E-06 0.0000E+00 0.0000E+00 0.0000E+00 0.0000E+00 0.0000E+00 0.0000E+00 0.0000E+00 0.0000E+00 0.0000E+00 0.0000E+00 0.0000E+00 0.0000E+00 0.0000E+00 3.9396E-05 1.8043E-04 1.1401E-04 0.0000E+00 8.7584E-06 2.6418E-05 1.3460E-05 0.0000E+00 8.8760E-07 0.0000E+00
 0.0000E+00 3.0764E-06 0.0000E+00 0.0000E+00 0.0000E+00 0.0000E+00 0.0000E+00 0.0000E+00 0.0000E+00 0.0000E+00 0.0000E+00 0.0000E+00 0.0000E+00 0.0000E+00 0.0000E+00 2.6264E-05 1.6655E-04 2.5335E-05 1.0836E-05 0.0000E+00 1.3209E-05 1.3460E-05 0.0000E+00 1.7752E-06 0.0000E+00
 0.0000E+00 3.0764E-06 0.0000E+00 0.0000E+00 0.0000E+00 0.0000E+00 0.0000E+00 0.0000E+00 0.0000E+00 0.0000E+00 0.0000E+00 0.0000E+00 0.0000E+00 0.0000E+00 1.2017E-05 0.0000E+00 2.2207E-04 2.5335E-05 0.0000E+00 0.0000E+00 2.6418E-05 4.4866E-06 0.0000E+00 0.0000E+00 0.0000E+00
 0.0000E+00 4.1018E-06 0.0000E+00 0.0000E+00 0.0000E+00 0.0000E+00 0.0000E+00 0.0000E+00 0.0000E+00 0.0000E+00 0.0000E+00 0.0000E+00 0.0000E+00 0.0000E+00 1.2017E-05 1.3132E-05 1.2491E-04 0.0000E+00 2.1672E-05 8.7584E-06 2.6418E-05 0.0000E+00 0.0000E+00 8.8760E-07 0.0000E+00
 0.0000E+00 3.0764E-06 0.0000E+00 0.0000E+00 0.0000E+00 0.0000E+00 0.0000E+00 0.0000E+00 0.0000E+00 0.0000E+00 0.0000E+00 3.3962E-05 0.0000E+00 0.0000E+00 0.0000E+00 0.0000E+00 1.5267E-04 6.3337E-05 1.0836E-05 0.0000E+00 1.9813E-05 0.0000E+00 0.0000E+00 1.7752E-06 0.0000E+00
 0.0000E+00 5.6400E-06 0.0000E+00 0.0000E+00 0.0000E+00 0.0000E+00 0.0000E+00 0.0000E+00 0.0000E+00 0.0000E+00 0.0000E+00 0.0000E+00 0.0000E+00 0.0000E+00 1.2017E-05 1.3132E-05 1.5267E-04 0.0000E+00 0.0000E+00 8.7584E-06 3.3022E-05 0.0000E+00 0.0000E+00 8.8760E-07 0.0000E+00
 0.0000E+00 5.6400E-06 0.0000E+00 0.0000E+00 0.0000E+00 0.0000E+00 0.0000E+00 0.0000E+00 0.0000E+00 0.0000E+00 0.0000E+00 0.0000E+00 0.0000E+00 0.0000E+00 0.0000E+00 0.0000E+00 1.9431E-04 3.8002E-05 0.0000E+00 8.7584E-06 6.6044E-05 1.3460E-05 0.0000E+00 8.8760E-07 0.0000E+00
 0.0000E+00 3.5891E-06 0.0000E+00 0.0000E+00 0.0000E+00 0.0000E+00 0.0000E+00 0.0000E+00 0.0000E+00 0.0000E+00 0.0000E+00 0.0000E+00 0.0000E+00 0.0000E+00 1.2017E-05 3.9396E-05 8.3275E-05 5.0669E-05 0.0000E+00 2.6275E-05 2.6418E-05 4.4866E-06 0.0000E+00 0.0000E+00 0.0000E+00
 0.0000E+00 2.5637E-06 0.0000E+00 0.0000E+00 0.0000E+00 0.0000E+00 0.0000E+00 0.0000E+00 6.5245E-06 0.0000E+00 0.0000E+00 0.0000E+00 0.0000E+00 0.0000E+00 2.4034E-05 3.9396E-05 9.7154E-05 3.8002E-05 0.0000E+00 8.7584E-06 4.6231E-05 0.0000E+00 0.0000E+00 3.5504E-06 0.0000E+00
 0.0000E+00 2.5637E-06 0.0000E+00 0.0000E+00 0.0000E+00 0.0000E+00 0.0000E+00 0.0000E+00 0.0000E+00 0.0000E+00 0.0000E+00 0.0000E+00 0.0000E+00 0.0000E+00 1.2017E-05 1.3132E-05 1.1103E-04 2.5335E-05 0.0000E+00 0.0000E+00 2.6418E-05 0.0000E+00 0.0000E+00 0.0000E+00 0.0000E+00
 0.0000E+00 5.6400E-06 0.0000E+00 0.0000E+00 0.0000E+00 0.0000E+00 0.0000E+00 0.0000E+00 0.0000E+00 0.0000E+00 0.0000E+00 0.0000E+00 0.0000E+00 0.0000E+00 0.0000E+00 9.1924E-05 1.8043E-04 5.0669E-05 0.0000E+00 8.7584E-06 3.3022E-05 0.0000E+00 0.0000E+00 2.6628E-06 0.0000E+00
 0.0000E+00 3.0764E-06 0.0000E+00 0.0000E+00 0.0000E+00 0.0000E+00 0.0000E+00 0.0000E+00 0.0000E+00 0.0000E+00 0.0000E+00 0.0000E+00 0.0000E+00 0.0000E+00 0.0000E+00 3.9396E-05 1.5267E-04 2.5335E-05 0.0000E+00 8.7584E-06 3.3022E-05 4.4866E-06 0.0000E+00 8.8760E-07 0.0000E+00
 0.0000E+00 5.1273E-06 0.0000E+00 0.0000E+00 0.0000E+00 0.0000E+00 0.0000E+00 0.0000E+00 0.0000E+00 0.0000E+00 0.0000E+00 0.0000E+00 0.0000E+00 0.0000E+00 0.0000E+00 6.5660E-05 1.1103E-04 2.5335E-05 0.0000E+00 8.7584E-06 1.3209E-05 0.0000E+00 0.0000E+00 1.7752E-06 0.0000E+00
 0.0000E+00 8.2037E-06 0.0000E+00 0.0000E+00 0.0000E+00 0.0000E+00 0.0000E+00 0.0000E+00 0.0000E+00 0.0000E+00 0.0000E+00 0.0000E+00 0.0000E+00 0.0000E+00 1.2017E-05 3.9396E-05 2.7758E-04 2.5335E-05 0.0000E+00 8.7584E-06 5.2835E-05 0.0000E+00 0.0000E+00 0.0000E+00 0.0000E+00
 0.0000E+00 6.6655E-06 0.0000E+00 0.0000E+00 0.0000E+00 0.0000E+00 0.0000E+00 0.0000E+00 0.0000E+00 0.0000E+00 0.0000E+00 0.0000E+00 0.0000E+00 0.0000E+00 0.0000E+00 0.0000E+00 2.4982E-04 1.2667E-05 0.0000E+00 8.7584E-06 5.9440E-05 4.4866E-06 0.0000E+00 1.7752E-06 0.0000E+00
 0.0000E+00 5.6400E-06 0.0000E+00 0.0000E+00 0.0000E+00 0.0000E+00 0.0000E+00 0.0000E+00 0.0000E+00 0.0000E+00 0.0000E+00 0.0000E+00 0.0000E+00 0.0000E+00 0.0000E+00 6.5660E-05 2.2207E-04 1.2667E-05 1.0836E-05 8.7584E-06 6.6044E-05 0.0000E+00 0.0000E+00 0.0000E+00 0.0000E+00
 0.0000E+00 7.6910E-06 0.0000E+00 0.0000E+00 0.0000E+00 0.0000E+00 0.0000E+00 0.0000E+00 0.0000E+00 0.0000E+00 0.0000E+00 0.0000E+00 0.0000E+00 0.0000E+00 0.0000E+00 2.6264E-05 1.5267E-04 1.2667E-05 0.0000E+00 4.3792E-05 1.9813E-05 0.0000E+00 0.0000E+00 1.7752E-06 0.0000E+00
 0.0000E+00 6.1528E-06 0.0000E+00 0.0000E+00 0.0000E+00 0.0000E+00 0.0000E+00 0.0000E+00 0.0000E+00 0.0000E+00 0.0000E+00 0.0000E+00 0.0000E+00 0.0000E+00 1.2017E-05 2.6264E-05 8.3275E-05 1.2667E-05 0.0000E+00 1.7517E-05 2.6418E-05 8.9733E-06 0.0000E+00 8.8760E-07 0.0000E+00
 0.0000E+00 3.0764E-06 0.0000E+00 0.0000E+00 0.0000E+00 0.0000E+00 0.0000E+00 0.0000E+00 0.0000E+00 0.0000E+00 0.0000E+00 0.0000E+00 0.0000E+00 0.0000E+00 6.0084E-05 0.0000E+00 1.6655E-04 5.0669E-05 0.0000E+00 0.0000E+00 3.3022E-05 8.9733E-06 0.0000E+00 8.8760E-07 0.0000E+00
 0.0000E+00 4.6146E-06 0.0000E+00 0.0000E+00 0.0000E+00 0.0000E+00 0.0000E+00 0.0000E+00 0.0000E+00 0.0000E+00 0.0000E+00 0.0000E+00 0.0000E+00 0.0000E+00 0.0000E+00 1.3132E-05 8.3275E-05 1.0134E-04 0.0000E+00 8.7584E-06 3.3022E-05 8.9733E-06 0.0000E+00 0.0000E+00 0.0000E+00
 0.0000E+00 2.0509E-06 0.0000E+00 0.0000E+00 0.0000E+00 0.0000E+00 0.0000E+00 0.0000E+00 0.0000E+00 0.0000E+00 0.0000E+00 0.0000E+00 0.0000E+00 0.0000E+00 0.0000E+00 0.0000E+00 8.3275E-05 1.2667E-05 2.1672E-05 0.0000E+00 6.6044E-06 4.4866E-06 0.0000E+00 8.8760E-07 0.0000E+00
 0.0000E+00 5.6400E-06 0.0000E+00 0.0000E+00 0.0000E+00 0.0000E+00 0.0000E+00 0.0000E+00 0.0000E+00 0.0000E+00 0.0000E+00 0.0000E+00 0.0000E+00 0.0000E+00 0.0000E+00 2.6264E-05 2.4982E-04 5.0669E-05 0.0000E+00 8.7584E-06 2.6418E-05 0.0000E+00 0.0000E+00 8.8760E-07 0.0000E+00
 0.0000E+00 3.5891E-06 0.0000E+00 0.0000E+00 0.0000E+00 0.0000E+00 0.0000E+00 0.0000E+00 0.0000E+00 0.0000E+00 0.0000E+00 0.0000E+00 0.0000E+00 0.0000E+00 1.2017E-05 0.0000E+00 2.2207E-04 0.0000E+00 0.0000E+00 8.7584E-06 3.3022E-05 0.0000E+00 0.0000E+00 8.8760E-07 0.0000E+00
 0.0000E+00 6.1528E-06 0.0000E+00 0.0000E+00 0.0000E+00 0.0000E+00 0.0000E+00 0.0000E+00 0.0000E+00 0.0000E+00 0.0000E+00 0.0000E+00 0.0000E+00 0.0000E+00 1.2017E-05 0.0000E+00 1.1103E-04 2.5335E-05 0.0000E+00 8.7584E-06 0.0000E+00 0.0000E+00 0.0000E+00 8.8760E-07 0.0000E+00
 0.0000E+00 5.1273E-06 1.4314E-06 0.0000E+00 0.0000E+00 0.0000E+00 0.0000E+00 0.0000E+00 0.0000E+00 0.0000E+00 7.5421E-06 0.0000E+00 0.0000E+00 0.0000E+00 0.0000E+00 2.6264E-05 1.2491E-04 0.0000E+00 0.0000E+00 8.7584E-06 1.3209E-05 0.0000E+00 0.0000E+00 0.0000E+00 0.0000E+00
 0.0000E+00 2.0509E-06 0.0000E+00 0.0000E+00 0.0000E+00 0.0000E+00 0.0000E+00 0.0000E+00 0.0000E+00 0.0000E+00 0.0000E+00 0.0000E+00 0.0000E+00 0.0000E+00 2.4034E-05 5.2528E-05 1.2491E-04 1.2667E-05 0.0000E+00 0.0000E+00 1.3209E-05 0.0000E+00 0.0000E+00 0.0000E+00 0.0000E+00
 0.0000E+00 3.5891E-06 0.0000E+00 0.0000E+00 0.0000E+00 0.0000E+00 0.0000E+00 0.0000E+00 0.0000E+00 0.0000E+00 0.0000E+00 0.0000E+00 0.0000E+00 0.0000E+00 1.2017E-05 1.3132E-05 1.5267E-04 1.2667E-05 1.0836E-05 8.7584E-06 3.3022E-05 0.0000E+00 0.0000E+00 2.6628E-06 0.0000E+00
 0.0000E+00 8.2037E-06 0.0000E+00 0.0000E+00 0.0000E+00 0.0000E+00 0.0000E+00 0.0000E+00 0.0000E+00 0.0000E+00 0.0000E+00 0.0000E+00 0.0000E+00 0.0000E+00 0.0000E+00 3.9396E-05 1.8043E-04 1.2667E-05 0.0000E+00 0.0000E+00 3.9627E-05 4.4866E-06 0.0000E+00 0.0000E+00 0.0000E+00
 0.0000E+00 4.1018E-06 1.4314E-06 0.0000E+00 0.0000E+00 0.0000E+00 0.0000E+00 0.0000E+00 0.0000E+00 0.0000E+00 0.0000E+00 0.0000E+00 0.0000E+00 0.0000E+00 0.0000E+00 2.6264E-05 1.3879E-04 1.2667E-05 0.0000E+00 1.7517E-05 2.6418E-05 4.4866E-06 0.0000E+00 0.0000E+00 0.0000E+00
 0.0000E+00 6.1528E-06 0.0000E+00 0.0000E+00 0.0000E+00 0.0000E+00 0.0000E+00 0.0000E+00 0.0000E+00 0.0000E+00 0.0000E+00 0.0000E+00 0.0000E+00 0.0000E+00 0.0000E+00 0.0000E+00 1.5267E-04 1.2667E-05 0.0000E+00 0.0000E+00 6.6044E-06 8.9733E-06 0.0000E+00 1.7752E-06 0.0000E+00
 0.0000E+00 1.5382E-06 0.0000E+00 0.0000E+00 0.0000E+00 0.0000E+00 0.0000E+00 0.0000E+00 0.0000E+00 0.0000E+00 0.0000E+00 0.0000E+00 0.0000E+00 0.0000E+00 0.0000E+00 0.0000E+00 1.8043E-04 1.2667E-05 0.0000E+00 8.7584E-06 6.6044E-05 0.0000E+00 0.0000E+00 8.8760E-07 0.0000E+00
 0.0000E+00 3.5891E-06 0.0000E+00 0.0000E+00 0.0000E+00 0.0000E+00 0.0000E+00 0.0000E+00 0.0000E+00 0.0000E+00 0.0000E+00 0.0000E+00 0.0000E+00 0.0000E+00 0.0000E+00 1.3132E-05 1.6655E-04 0.0000E+00 0.0000E+00 1.7517E-05 4.6231E-05 0.0000E+00 0.0000E+00 0.0000E+00 0.0000E+00
 0.0000E+00 2.0509E-06 0.0000E+00 0.0000E+00 0.0000E+00 0.0000E+00 0.0000E+00 0.0000E+00 0.0000E+00 0.0000E+00 0.0000E+00 0.0000E+00 0.0000E+00 0.0000E+00 2.4034E-05 1.3132E-05 9.7154E-05 2.5335E-05 0.0000E+00 1.7517E-05 2.6418E-05 0.0000E+00 0.0000E+00 8.8760E-07 0.0000E+00
 0.0000E+00 6.6655E-06 1.4314E-06 0.0000E+00 0.0000E+00 0.0000E+00 0.0000E+00 0.0000E+00 0.0000E+00 0.0000E+00 0.0000E+00 0.0000E+00 0.0000E+00 0.0000E+00 0.0000E+00 0.0000E+00 1.3879E-04 0.0000E+00 0.0000E+00 0.0000E+00 4.6231E-05 0.0000E+00 0.0000E+00 8.8760E-07 0.0000E+00
 0.0000E+00 3.0764E-06 5.7255E-06 0.0000E+00 0.0000E+00 0.0000E+00 0.0000E+00 0.0000E+00 6.5245E-06 0.0000E+00 0.0000E+00 0.0000E+00 0.0000E+00 0.0000E+00 0.0000E+00 3.9396E-05 1.5267E-04 7.6004E-05 0.0000E+00 8.7584E-06 3.3022E-05 0.0000E+00 0.0000E+00 0.0000E+00 0.0000E+00
 0.0000E+00 5.6400E-06 0.0000E+00 0.0000E+00 0.0000E+00 0.0000E+00 0.0000E+00 0.0000E+00 0.0000E+00 0.0000E+00 0.0000E+00 0.0000E+00 0.0000E+00 0.0000E+00 0.0000E+00 9.1924E-05 1.2491E-04 1.2667E-05 0.0000E+00 2.6275E-05 6.6044E-06 8.9733E-06 0.0000E+00 8.8760E-07 0.0000E+00
 0.0000E+00 1.0255E-06 2.8628E-06 0.0000E+00 0.0000E+00 0.0000E+00 0.0000E+00 0.0000E+00 0.0000E+00 0.0000E+00 0.0000E+00 0.0000E+00 0.0000E+00 0.0000E+00 0.0000E+00 3.9396E-05 4.1637E-05 0.0000E+00 0.0000E+00 1.7517E-05 5.2835E-05 0.0000E+00 0.0000E+00 2.6628E-06 0.0000E+00
 0.0000E+00 3.5891E-06 0.0000E+00 0.0000E+00 0.0000E+00 0.0000E+00 0.0000E+00 0.0000E+00 0.0000E+00 2.0516E-05 0.0000E+00 0.0000E+00 0.0000E+00 0.0000E+00 0.0000E+00 3.9396E-05 6.9396E-05 0.0000E+00 0.0000E+00 0.0000E+00 6.6044E-06 0.0000E+00 0.0000E+00 0.0000E+00 0.0000E+00
 0.0000E+00 4.1018E-06 0.0000E+00 0.0000E+00 0.0000E+00 0.0000E+00 0.0000E+00 0.0000E+00 0.0000E+00 0.0000E+00 0.0000E+00 0.0000E+00 0.0000E+00 0.0000E+00 2.4034E-05 0.0000E+00 9.7154E-05 0.0000E+00 0.0000E+00 8.7584E-06 6.6044E-06 0.0000E+00 0.0000E+00 8.8760E-07 0.0000E+00
 0.0000E+00 5.1273E-06 0.0000E+00 0.0000E+00 0.0000E+00 0.0000E+00 0.0000E+00 0.0000E+00 0.0000E+00 0.0000E+00 0.0000E+00 0.0000E+00 0.0000E+00 0.0000E+00 0.0000E+00 1.3132E-05 1.8043E-04 1.2667E-05 0.0000E+00 8.7584E-06 3.3022E-05 0.0000E+00 0.0000E+00 0.0000E+00 0.0000E+00
 0.0000E+00 4.6146E-06 0.0000E+00 0.0000E+00 0.0000E+00 0.0000E+00 0.0000E+00 0.0000E+00 0.0000E+00 0.0000E+00 0.0000E+00 0.0000E+00 0.0000E+00 0.0000E+00 0.0000E+00 1.3132E-05 1.1103E-04 3.8002E-05 0.0000E+00 0.0000E+00 6.6044E-06 0.0000E+00 0.0000E+00 0.0000E+00 0.0000E+00
 0.0000E+00 4.1018E-06 0.0000E+00 0.0000E+00 0.0000E+00 0.0000E+00 0.0000E+00 0.0000E+00 0.0000E+00 0.0000E+00 0.0000E+00 0.0000E+00 0.0000E+00 0.0000E+00 0.0000E+00 3.9396E-05 9.7154E-05 0.0000E+00 0.0000E+00 1.7517E-05 2.6418E-05 4.4866E-06 0.0000E+00 0.0000E+00 0.0000E+00
 0.0000E+00 6.1528E-06 0.0000E+00 0.0000E+00 0.0000E+00 0.0000E+00 0.0000E+00 0.0000E+00 0.0000E+00 1.3677E-05 0.0000E+00 0.0000E+00 0.0000E+00 0.0000E+00 0.0000E+00 6.5660E-05 2.2207E-04 3.8002E-05 0.0000E+00 3.5034E-05 3.3022E-05 1.7947E-05 0.0000E+00 0.0000E+00 0.0000E+00
 0.0000E+00 5.6400E-06 0.0000E+00 0.0000E+00 0.0000E+00 0.0000E+00 0.0000E+00 0.0000E+00 0.0000E+00 0.0000E+00 0.0000E+00 0.0000E+00 0.0000E+00 0.0000E+00 2.4034E-05 1.0506E-04 1.1103E-04 2.5335E-05 0.0000E+00 8.7584E-06 6.6044E-06 1.3460E-05 0.0000E+00 0.0000E+00 0.0000E+00
 0.0000E+00 8.2037E-06 0.0000E+00 0.0000E+00 0.0000E+00 0.0000E+00 0.0000E+00 0.0000E+00 0.0000E+00 0.0000E+00 0.0000E+00 0.0000E+00 0.0000E+00 0.0000E+00 4.8067E-05 3.9396E-05 9.7154E-05 0.0000E+00 0.0000E+00 0.0000E+00 7.9253E-05 0.0000E+00 0.0000E+00 8.8760E-07 0.0000E+00
 0.0000E+00 4.1018E-06 0.0000E+00 0.0000E+00 0.0000E+00 0.0000E+00 0.0000E+00 0.0000E+00 0.0000E+00 0.0000E+00 0.0000E+00 0.0000E+00 0.0000E+00 0.0000E+00 0.0000E+00 0.0000E+00 1.3879E-04 2.5335E-05 0.0000E+00 3.5034E-05 3.3022E-05 4.4866E-06 0.0000E+00 8.8760E-07 0.0000E+00
 0.0000E+00 4.1018E-06 0.0000E+00 0.0000E+00 0.0000E+00 0.0000E+00 0.0000E+00 0.0000E+00 0.0000E+00 0.0000E+00 0.0000E+00 0.0000E+00 0.0000E+00 0.0000E+00 1.2017E-05 0.0000E+00 8.3275E-05 2.5335E-05 0.0000E+00 8.7584E-06 2.6418E-05 1.7947E-05 0.0000E+00 0.0000E+00 0.0000E+00
 0.0000E+00 6.6655E-06 1.4314E-06 0.0000E+00 0.0000E+00 0.0000E+00 0.0000E+00 0.0000E+00 0.0000E+00 0.0000E+00 0.0000E+00 0.0000E+00 0.0000E+00 0.0000E+00 0.0000E+00 7.8792E-05 1.5267E-04 1.2667E-05 0.0000E+00 0.0000E+00 5.2835E-05 0.0000E+00 0.0000E+00 8.8760E-07 0.0000E+00
 0.0000E+00 3.5891E-06 0.0000E+00 0.0000E+00 0.0000E+00 0.0000E+00 0.0000E+00 0.0000E+00 0.0000E+00 0.0000E+00 0.0000E+00 0.0000E+00 0.0000E+00 0.0000E+00 1.2017E-05 2.6264E-05 6.9396E-05 1.2667E-05 0.0000E+00 1.7517E-05 2.6418E-05 0.0000E+00 0.0000E+00 3.5504E-06 0.0000E+00
 0.0000E+00 3.0764E-06 0.0000E+00 0.0000E+00 0.0000E+00 0.0000E+00 0.0000E+00 0.0000E+00 0.0000E+00 0.0000E+00 0.0000E+00 0.0000E+00 0.0000E+00 0.0000E+00 1.2017E-05 5.2528E-05 1.9431E-04 0.0000E+00 0.0000E+00 8.7584E-06 4.6231E-05 0.0000E+00 0.0000E+00 3.5504E-06 0.0000E+00
 0.0000E+00 3.0764E-06 0.0000E+00 0.0000E+00 0.0000E+00 0.0000E+00 0.0000E+00 0.0000E+00 0.0000E+00 0.0000E+00 0.0000E+00 0.0000E+00 0.0000E+00 0.0000E+00 1.2017E-05 0.0000E+00 1.3879E-04 0.0000E+00 0.0000E+00 8.7584E-06 1.9813E-05 0.0000E+00 0.0000E+00 0.0000E+00 0.0000E+00
 0.0000E+00 6.1528E-06 0.0000E+00 0.0000E+00 0.0000E+00 0.0000E+00 0.0000E+00 0.0000E+00 0.0000E+00 0.0000E+00 0.0000E+00 0.0000E+00 0.0000E+00 0.0000E+00 1.2017E-05 3.9396E-05 8.3275E-05 0.0000E+00 0.0000E+00 8.7584E-05 1.3209E-05 0.0000E+00 0.0000E+00 1.7752E-06 0.0000E+00
 0.0000E+00 4.6146E-06 0.0000E+00 0.0000E+00 0.0000E+00 0.0000E+00 0.0000E+00 0.0000E+00 0.0000E+00 0.0000E+00 0.0000E+00 0.0000E+00 0.0000E+00 0.0000E+00 0.0000E+00 0.0000E+00 8.3275E-05 0.0000E+00 0.0000E+00 1.7517E-05 2.6418E-05 4.4866E-06 0.0000E+00 0.0000E+00 0.0000E+00
 0.0000E+00 4.1018E-06 0.0000E+00 0.0000E+00 0.0000E+00 0.0000E+00 0.0000E+00 0.0000E+00 0.0000E+00 0.0000E+00 0.0000E+00 0.0000E+00 0.0000E+00 0.0000E+00 0.0000E+00 0.0000E+00 1.1103E-04 6.3337E-05 0.0000E+00 8.7584E-06 4.6231E-05 8.9733E-06 0.0000E+00 0.0000E+00 0.0000E+00
 0.0000E+00 4.1018E-06 0.0000E+00 0.0000E+00 0.0000E+00 0.0000E+00 0.0000E+00 0.0000E+00 6.5245E-06 0.0000E+00 0.0000E+00 0.0000E+00 0.0000E+00 0.0000E+00 0.0000E+00 1.3132E-05 1.1103E-04 1.2667E-05 0.0000E+00 1.7517E-05 1.3209E-05 4.4866E-06 0.0000E+00 8.8760E-07 0.0000E+00
 0.0000E+00 6.6655E-06 0.0000E+00 0.0000E+00 0.0000E+00 0.0000E+00 0.0000E+00 0.0000E+00 0.0000E+00 0.0000E+00 0.0000E+00 0.0000E+00 0.0000E+00 0.0000E+00 0.0000E+00 1.3132E-05 2.6370E-04 1.2667E-05 0.0000E+00 0.0000E+00 6.6044E-05 0.0000E+00 0.0000E+00 1.7752E-06 0.0000E+00
 0.0000E+00 7.1782E-06 0.0000E+00 0.0000E+00 0.0000E+00 0.0000E+00 0.0000E+00 0.0000E+00 0.0000E+00 0.0000E+00 0.0000E+00 0.0000E+00 0.0000E+00 0.0000E+00 1.2017E-05 2.6264E-05 1.5267E-04 2.5335E-05 0.0000E+00 0.0000E+00 6.6044E-06 0.0000E+00 0.0000E+00 8.8760E-07 0.0000E+00
 0.0000E+00 5.1273E-06 2.8628E-06 0.0000E+00 0.0000E+00 0.0000E+00 0.0000E+00 0.0000E+00 0.0000E+00 0.0000E+00 0.0000E+00 0.0000E+00 0.0000E+00 0.0000E+00 2.4034E-05 2.6264E-05 1.5267E-04 1.2667E-05 0.0000E+00 0.0000E+00 3.9627E-05 0.0000E+00 0.0000E+00 0.0000E+00 0.0000E+00
 0.0000E+00 2.5637E-06 0.0000E+00 0.0000E+00 0.0000E+00 0.0000E+00 0.0000E+00 0.0000E+00 0.0000E+00 0.0000E+00 0.0000E+00 0.0000E+00 0.0000E+00 0.0000E+00 1.2017E-05 0.0000E+00 5.5517E-05 6.3337E-05 0.0000E+00 0.0000E+00 1.9813E-05 0.0000E+00 0.0000E+00 0.0000E+00 0.0000E+00
 0.0000E+00 5.6400E-06 0.0000E+00 0.0000E+00 0.0000E+00 0.0000E+00 0.0000E+00 0.0000E+00 0.0000E+00 0.0000E+00 7.5421E-06 0.0000E+00 0.0000E+00 0.0000E+00 0.0000E+00 2.6264E-05 1.1103E-04 0.0000E+00 0.0000E+00 8.7584E-06 6.6044E-06 0.0000E+00 0.0000E+00 0.0000E+00 0.0000E+00
 0.0000E+00 4.6146E-06 0.0000E+00 0.0000E+00 0.0000E+00 0.0000E+00 0.0000E+00 0.0000E+00 0.0000E+00 0.0000E+00 0.0000E+00 0.0000E+00 0.0000E+00 0.0000E+00 0.0000E+00 7.8792E-05 1.1103E-04 1.2667E-05 0.0000E+00 0.0000E+00 1.9813E-05 4.4866E-06 0.0000E+00 1.7752E-06 0.0000E+00
 0.0000E+00 5.6400E-06 0.0000E+00 0.0000E+00 0.0000E+00 0.0000E+00 0.0000E+00 0.0000E+00 0.0000E+00 0.0000E+00 2.2626E-05 0.0000E+00 0.0000E+00 0.0000E+00 0.0000E+00 1.3132E-05 9.7154E-05 2.5335E-05 0.0000E+00 8.7584E-06 1.9813E-05 0.0000E+00 0.0000E+00 1.7752E-06 0.0000E+00
 0.0000E+00 4.6146E-06 0.0000E+00 0.0000E+00 0.0000E+00 0.0000E+00 0.0000E+00 0.0000E+00 0.0000E+00 0.0000E+00 0.0000E+00 0.0000E+00 0.0000E+00 0.0000E+00 0.0000E+00 3.9396E-05 1.3879E-04 0.0000E+00 0.0000E+00 0.0000E+00 1.9813E-05 0.0000E+00 0.0000E+00 0.0000E+00 0.0000E+00
 0.0000E+00 4.6146E-06 0.0000E+00 0.0000E+00 0.0000E+00 0.0000E+00 0.0000E+00 0.0000E+00 0.0000E+00 0.0000E+00 0.0000E+00 0.0000E+00 0.0000E+00 0.0000E+00 0.0000E+00 1.3132E-05 1.1103E-04 1.2667E-05 0.0000E+00 0.0000E+00 1.9813E-05 0.0000E+00 0.0000E+00 8.8760E-07 0.0000E+00
 0.0000E+00 5.6400E-06 0.0000E+00 0.0000E+00 0.0000E+00 0.0000E+00 0.0000E+00 0.0000E+00 0.0000E+00 0.0000E+00 0.0000E+00 0.0000E+00 0.0000E+00 0.0000E+00 1.2017E-05 1.0506E-04 9.7154E-05 1.2667E-05 0.0000E+00 0.0000E+00 1.9813E-05 2.2433E-05 0.0000E+00 0.0000E+00 0.0000E+00
 0.0000E+00 7.6910E-06 0.0000E+00 0.0000E+00 0.0000E+00 0.0000E+00 0.0000E+00 0.0000E+00 0.0000E+00 0.0000E+00 0.0000E+00 0.0000E+00 0.0000E+00 0.0000E+00 1.2017E-05 0.0000E+00 2.7758E-05 5.0669E-05 0.0000E+00 0.0000E+00 1.9813E-05 0.0000E+00 0.0000E+00 0.0000E+00 0.0000E+00
 0.0000E+00 2.5637E-06 0.0000E+00 0.0000E+00 0.0000E+00 0.0000E+00 0.0000E+00 0.0000E+00 0.0000E+00 0.0000E+00 0.0000E+00 0.0000E+00 0.0000E+00 0.0000E+00 1.2017E-05 3.9396E-05 1.5267E-04 5.0669E-05 0.0000E+00 1.7517E-05 3.3022E-05 8.9733E-06 0.0000E+00 1.7752E-06 0.0000E+00
 0.0000E+00 4.6146E-06 1.4314E-06 0.0000E+00 0.0000E+00 0.0000E+00 0.0000E+00 0.0000E+00 0.0000E+00 0.0000E+00 0.0000E+00 0.0000E+00 0.0000E+00 0.0000E+00 0.0000E+00 1.3132E-05 1.1103E-04 0.0000E+00 0.0000E+00 1.7517E-05 7.2649E-05 4.4866E-06 0.0000E+00 0.0000E+00 0.0000E+00
 0.0000E+00 1.5382E-06 0.0000E+00 0.0000E+00 0.0000E+00 0.0000E+00 0.0000E+00 0.0000E+00 0.0000E+00 0.0000E+00 0.0000E+00 0.0000E+00 0.0000E+00 0.0000E+00 2.4034E-05 1.3132E-05 8.3275E-05 2.5335E-05 0.0000E+00 1.7517E-05 3.9627E-05 0.0000E+00 0.0000E+00 3.5504E-06 0.0000E+00
 0.0000E+00 4.6146E-06 0.0000E+00 0.0000E+00 0.0000E+00 0.0000E+00 0.0000E+00 0.0000E+00 0.0000E+00 0.0000E+00 0.0000E+00 0.0000E+00 0.0000E+00 0.0000E+00 1.2017E-05 0.0000E+00 1.1103E-04 0.0000E+00 1.0836E-05 3.5034E-05 3.9627E-05 2.6920E-05 0.0000E+00 1.7752E-06 0.0000E+00
 0.0000E+00 3.0764E-06 0.0000E+00 0.0000E+00 0.0000E+00 0.0000E+00 0.0000E+00 0.0000E+00 0.0000E+00 0.0000E+00 0.0000E+00 0.0000E+00 0.0000E+00 0.0000E+00 0.0000E+00 3.9396E-05 2.7758E-05 1.2667E-05 0.0000E+00 1.7517E-05 3.3022E-05 0.0000E+00 0.0000E+00 8.8760E-07 0.0000E+00
 0.0000E+00 3.0764E-06 0.0000E+00 0.0000E+00 0.0000E+00 0.0000E+00 0.0000E+00 0.0000E+00 0.0000E+00 0.0000E+00 0.0000E+00 0.0000E+00 0.0000E+00 0.0000E+00 2.4034E-05 0.0000E+00 6.9396E-05 1.2667E-05 0.0000E+00 0.0000E+00 4.6231E-05 0.0000E+00 0.0000E+00 0.0000E+00 0.0000E+00
 0.0000E+00 2.5637E-06 0.0000E+00 0.0000E+00 0.0000E+00 0.0000E+00 0.0000E+00 0.0000E+00 0.0000E+00 0.0000E+00 7.5421E-06 0.0000E+00 0.0000E+00 0.0000E+00 1.2017E-05 2.6264E-05 5.5517E-05 1.2667E-05 0.0000E+00 0.0000E+00 6.6044E-06 0.0000E+00 0.0000E+00 0.0000E+00 0.0000E+00
 0.0000E+00 3.0764E-06 0.0000E+00 0.0000E+00 0.0000E+00 0.0000E+00 0.0000E+00 0.0000E+00 0.0000E+00 0.0000E+00 0.0000E+00 0.0000E+00 0.0000E+00 0.0000E+00 1.2017E-05 2.6264E-05 1.3879E-04 2.5335E-05 1.0836E-05 8.7584E-06 4.6231E-05 4.4866E-06 0.0000E+00 8.8760E-07 0.0000E+00
 0.0000E+00 2.5637E-06 2.8628E-06 0.0000E+00 0.0000E+00 0.0000E+00 0.0000E+00 0.0000E+00 0.0000E+00 0.0000E+00 0.0000E+00 0.0000E+00 0.0000E+00 0.0000E+00 0.0000E+00 0.0000E+00 1.2491E-04 0.0000E+00 0.0000E+00 0.0000E+00 1.9813E-05 4.4866E-06 0.0000E+00 1.7752E-06 0.0000E+00
 0.0000E+00 2.5637E-06 0.0000E+00 0.0000E+00 0.0000E+00 0.0000E+00 0.0000E+00 0.0000E+00 0.0000E+00 0.0000E+00 0.0000E+00 0.0000E+00 0.0000E+00 0.0000E+00 0.0000E+00 0.0000E+00 1.8043E-04 3.8002E-05 1.0836E-05 0.0000E+00 3.3022E-05 0.0000E+00 0.0000E+00 0.0000E+00 0.0000E+00
 0.0000E+00 4.6146E-06 0.0000E+00 0.0000E+00 0.0000E+00 0.0000E+00 0.0000E+00 0.0000E+00 0.0000E+00 0.0000E+00 1.5084E-05 0.0000E+00 0.0000E+00 0.0000E+00 0.0000E+00 1.3132E-05 9.7154E-05 0.0000E+00 0.0000E+00 1.7517E-05 3.3022E-05 0.0000E+00 0.0000E+00 0.0000E+00 0.0000E+00
 0.0000E+00 4.1018E-06 0.0000E+00 0.0000E+00 0.0000E+00 0.0000E+00 0.0000E+00 0.0000E+00 0.0000E+00 0.0000E+00 0.0000E+00 0.0000E+00 0.0000E+00 0.0000E+00 3.6050E-05 1.3132E-05 1.8043E-04 0.0000E+00 0.0000E+00 8.7584E-06 2.6418E-05 0.0000E+00 0.0000E+00 0.0000E+00 0.0000E+00
 0.0000E+00 8.2037E-06 2.8628E-06 0.0000E+00 0.0000E+00 0.0000E+00 0.0000E+00 0.0000E+00 0.0000E+00 0.0000E+00 0.0000E+00 0.0000E+00 0.0000E+00 0.0000E+00 1.2017E-05 0.0000E+00 1.8043E-04 2.5335E-05 0.0000E+00 0.0000E+00 3.9627E-05 0.0000E+00 0.0000E+00 0.0000E+00 0.0000E+00
 0.0000E+00 2.5637E-06 0.0000E+00 0.0000E+00 0.0000E+00 0.0000E+00 0.0000E+00 0.0000E+00 0.0000E+00 0.0000E+00 0.0000E+00 0.0000E+00 0.0000E+00 0.0000E+00 2.4034E-05 1.3132E-05 8.3275E-05 0.0000E+00 0.0000E+00 0.0000E+00 1.3209E-05 0.0000E+00 0.0000E+00 0.0000E+00 0.0000E+00
 0.0000E+00 2.5637E-06 0.0000E+00 0.0000E+00 0.0000E+00 0.0000E+00 0.0000E+00 0.0000E+00 0.0000E+00 0.0000E+00 0.0000E+00 0.0000E+00 0.0000E+00 0.0000E+00 2.4034E-05 1.3132E-05 1.3879E-04 1.2667E-05 0.0000E+00 2.6275E-05 7.2649E-05 0.0000E+00 0.0000E+00 0.0000E+00 0.0000E+00
 0.0000E+00 6.1528E-06 0.0000E+00 0.0000E+00 0.0000E+00 0.0000E+00 0.0000E+00 0.0000E+00 0.0000E+00 0.0000E+00 0.0000E+00 0.0000E+00 0.0000E+00 0.0000E+00 0.0000E+00 0.0000E+00 1.5267E-04 1.2667E-05 0.0000E+00 2.6275E-05 2.6418E-05 1.3460E-05 0.0000E+00 8.8760E-07 0.0000E+00
 0.0000E+00 2.0509E-06 0.0000E+00 0.0000E+00 0.0000E+00 0.0000E+00 0.0000E+00 0.0000E+00 0.0000E+00 0.0000E+00 0.0000E+00 0.0000E+00 0.0000E+00 0.0000E+00 0.0000E+00 3.9396E-05 5.5517E-05 1.2667E-05 0.0000E+00 1.7517E-05 1.9813E-05 0.0000E+00 0.0000E+00 0.0000E+00 0.0000E+00
 0.0000E+00 4.1018E-06 1.4314E-06 0.0000E+00 0.0000E+00 0.0000E+00 0.0000E+00 0.0000E+00 0.0000E+00 0.0000E+00 0.0000E+00 0.0000E+00 0.0000E+00 0.0000E+00 0.0000E+00 2.6264E-05 5.5517E-05 1.2667E-05 0.0000E+00 8.7584E-06 1.9813E-05 0.0000E+00 0.0000E+00 8.8760E-07 0.0000E+00
 0.0000E+00 5.6400E-06 0.0000E+00 0.0000E+00 0.0000E+00 0.0000E+00 0.0000E+00 0.0000E+00 0.0000E+00 0.0000E+00 0.0000E+00 0.0000E+00 0.0000E+00 0.0000E+00 0.0000E+00 2.6264E-05 6.9396E-05 1.2667E-05 0.0000E+00 1.7517E-05 3.3022E-05 4.4866E-06 0.0000E+00 3.5504E-06 0.0000E+00
 0.0000E+00 2.0509E-06 0.0000E+00 0.0000E+00 0.0000E+00 0.0000E+00 0.0000E+00 0.0000E+00 0.0000E+00 0.0000E+00 0.0000E+00 0.0000E+00 0.0000E+00 0.0000E+00 0.0000E+00 6.5660E-05 8.3275E-05 2.5335E-05 0.0000E+00 1.7517E-05 6.6044E-06 0.0000E+00 0.0000E+00 0.0000E+00 0.0000E+00
 0.0000E+00 2.0509E-06 0.0000E+00 0.0000E+00 0.0000E+00 0.0000E+00 0.0000E+00 0.0000E+00 0.0000E+00 0.0000E+00 0.0000E+00 0.0000E+00 0.0000E+00 0.0000E+00 0.0000E+00 0.0000E+00 1.9431E-04 2.5335E-05 0.0000E+00 8.7584E-06 3.9627E-05 8.9733E-06 0.0000E+00 0.0000E+00 0.0000E+00
 0.0000E+00 1.5382E-06 0.0000E+00 0.0000E+00 0.0000E+00 0.0000E+00 0.0000E+00 0.0000E+00 0.0000E+00 0.0000E+00 0.0000E+00 0.0000E+00 0.0000E+00 0.0000E+00 0.0000E+00 3.9396E-05 1.8043E-04 3.8002E-05 0.0000E+00 0.0000E+00 4.6231E-05 1.3460E-05 0.0000E+00 8.8760E-07 0.0000E+00
 0.0000E+00 4.1018E-06 0.0000E+00 0.0000E+00 0.0000E+00 0.0000E+00 0.0000E+00 0.0000E+00 0.0000E+00 0.0000E+00 0.0000E+00 0.0000E+00 0.0000E+00 0.0000E+00 0.0000E+00 1.3132E-05 1.8043E-04 0.0000E+00 0.0000E+00 1.7517E-05 0.0000E+00 1.7947E-05 0.0000E+00 0.0000E+00 0.0000E+00
 0.0000E+00 4.6146E-06 0.0000E+00 0.0000E+00 0.0000E+00 0.0000E+00 0.0000E+00 0.0000E+00 0.0000E+00 0.0000E+00 0.0000E+00 0.0000E+00 0.0000E+00 0.0000E+00 1.2017E-05 3.9396E-05 8.3275E-05 0.0000E+00 0.0000E+00 0.0000E+00 1.3209E-05 8.9733E-06 0.0000E+00 0.0000E+00 0.0000E+00
 0.0000E+00 1.5382E-06 0.0000E+00 0.0000E+00 0.0000E+00 0.0000E+00 0.0000E+00 0.0000E+00 0.0000E+00 0.0000E+00 1.5084E-05 0.0000E+00 0.0000E+00 0.0000E+00 0.0000E+00 0.0000E+00 4.1637E-05 1.2667E-05 0.0000E+00 0.0000E+00 4.6231E-05 0.0000E+00 0.0000E+00 8.8760E-07 0.0000E+00
 0.0000E+00 4.1018E-06 1.4314E-06 0.0000E+00 0.0000E+00 0.0000E+00 0.0000E+00 0.0000E+00 0.0000E+00 0.0000E+00 0.0000E+00 0.0000E+00 0.0000E+00 0.0000E+00 1.2017E-05 0.0000E+00 1.5267E-04 1.2667E-05 0.0000E+00 8.7584E-06 2.6418E-05 4.4866E-06 0.0000E+00 8.8760E-07 0.0000E+00
 0.0000E+00 3.5891E-06 0.0000E+00 0.0000E+00 0.0000E+00 0.0000E+00 0.0000E+00 0.0000E+00 0.0000E+00 0.0000E+00 0.0000E+00 0.0000E+00 0.0000E+00 0.0000E+00 0.0000E+00 2.6264E-05 9.7154E-05 8.8671E-05 0.0000E+00 2.6275E-05 2.6418E-05 8.9733E-06 0.0000E+00 0.0000E+00 0.0000E+00
 0.0000E+00 4.1018E-06 0.0000E+00 0.0000E+00 0.0000E+00 0.0000E+00 0.0000E+00 0.0000E+00 0.0000E+00 0.0000E+00 0.0000E+00 0.0000E+00 0.0000E+00 0.0000E+00 0.0000E+00 2.6264E-05 2.3595E-04 0.0000E+00 0.0000E+00 1.7517E-05 1.3209E-05 0.0000E+00 0.0000E+00 8.8760E-07 0.0000E+00
 0.0000E+00 3.0764E-06 0.0000E+00 0.0000E+00 0.0000E+00 0.0000E+00 0.0000E+00 0.0000E+00 0.0000E+00 0.0000E+00 7.5421E-06 0.0000E+00 0.0000E+00 0.0000E+00 1.2017E-05 1.3132E-05 5.5517E-05 0.0000E+00 0.0000E+00 2.6275E-05 3.9627E-05 0.0000E+00 0.0000E+00 0.0000E+00 0.0000E+00
 0.0000E+00 2.5637E-06 0.0000E+00 0.0000E+00 0.0000E+00 0.0000E+00 0.0000E+00 0.0000E+00 0.0000E+00 0.0000E+00 0.0000E+00 0.0000E+00 0.0000E+00 0.0000E+00 0.0000E+00 1.3132E-05 9.7154E-05 1.2667E-05 0.0000E+00 0.0000E+00 2.6418E-05 0.0000E+00 0.0000E+00 0.0000E+00 0.0000E+00
 0.0000E+00 2.0509E-06 0.0000E+00 0.0000E+00 0.0000E+00 0.0000E+00 0.0000E+00 0.0000E+00 0.0000E+00 0.0000E+00 0.0000E+00 0.0000E+00 0.0000E+00 0.0000E+00 0.0000E+00 1.3132E-05 6.9396E-05 0.0000E+00 0.0000E+00 2.6275E-05 1.9813E-05 0.0000E+00 0.0000E+00 0.0000E+00 0.0000E+00
 0.0000E+00 3.5891E-06 1.4314E-06 0.0000E+00 0.0000E+00 0.0000E+00 0.0000E+00 0.0000E+00 0.0000E+00 0.0000E+00 0.0000E+00 0.0000E+00 0.0000E+00 0.0000E+00 0.0000E+00 1.3132E-05 6.9396E-05 0.0000E+00 0.0000E+00 0.0000E+00 0.0000E+00 0.0000E+00 0.0000E+00 1.7752E-06 0.0000E+00
 0.0000E+00 2.0509E-06 0.0000E+00 0.0000E+00 0.0000E+00 0.0000E+00 0.0000E+00 0.0000E+00 0.0000E+00 0.0000E+00 1.5084E-05 0.0000E+00 0.0000E+00 0.0000E+00 1.2017E-05 2.6264E-05 1.1103E-04 1.2667E-04 0.0000E+00 2.6275E-05 5.2835E-05 0.0000E+00 0.0000E+00 0.0000E+00 0.0000E+00
 0.0000E+00 5.1273E-06 1.4314E-06 0.0000E+00 0.0000E+00 0.0000E+00 0.0000E+00 0.0000E+00 0.0000E+00 0.0000E+00 0.0000E+00 0.0000E+00 0.0000E+00 0.0000E+00 0.0000E+00 2.6264E-05 2.7758E-05 0.0000E+00 0.0000E+00 8.7584E-06 1.3209E-05 0.0000E+00 0.0000E+00 0.0000E+00 0.0000E+00
 0.0000E+00 6.6655E-06 1.4314E-06 0.0000E+00 0.0000E+00 0.0000E+00 0.0000E+00 0.0000E+00 0.0000E+00 0.0000E+00 0.0000E+00 0.0000E+00 0.0000E+00 0.0000E+00 0.0000E+00 2.6264E-05 8.3275E-05 0.0000E+00 0.0000E+00 8.7584E-06 0.0000E+00 0.0000E+00 0.0000E+00 0.0000E+00 0.0000E+00
 0.0000E+00 2.0509E-06 2.8628E-06 0.0000E+00 0.0000E+00 0.0000E+00 0.0000E+00 0.0000E+00 0.0000E+00 0.0000E+00 0.0000E+00 0.0000E+00 0.0000E+00 0.0000E+00 0.0000E+00 6.5660E-05 9.7154E-05 1.2667E-05 0.0000E+00 0.0000E+00 1.3209E-05 0.0000E+00 0.0000E+00 0.0000E+00 0.0000E+00
 0.0000E+00 3.0764E-06 0.0000E+00 0.0000E+00 0.0000E+00 0.0000E+00 0.0000E+00 0.0000E+00 0.0000E+00 0.0000E+00 0.0000E+00 0.0000E+00 0.0000E+00 0.0000E+00 2.4034E-05 2.6264E-05 1.2491E-04 2.5335E-05 0.0000E+00 1.7517E-05 1.9813E-05 4.4866E-06 0.0000E+00 0.0000E+00 0.0000E+00
 0.0000E+00 3.0764E-06 0.0000E+00 0.0000E+00 0.0000E+00 0.0000E+00 0.0000E+00 0.0000E+00 0.0000E+00 0.0000E+00 0.0000E+00 0.0000E+00 0.0000E+00 0.0000E+00 0.0000E+00 1.3132E-05 8.3275E-05 1.2667E-05 0.0000E+00 0.0000E+00 6.6044E-05 0.0000E+00 0.0000E+00 0.0000E+00 0.0000E+00
 0.0000E+00 4.1018E-06 0.0000E+00 0.0000E+00 0.0000E+00 0.0000E+00 0.0000E+00 0.0000E+00 0.0000E+00 0.0000E+00 0.0000E+00 0.0000E+00 0.0000E+00 0.0000E+00 0.0000E+00 1.3132E-05 8.3275E-05 1.2667E-05 0.0000E+00 0.0000E+00 2.6418E-05 1.3460E-05 0.0000E+00 0.0000E+00 0.0000E+00
 0.0000E+00 2.5637E-06 0.0000E+00 0.0000E+00 0.0000E+00 0.0000E+00 0.0000E+00 0.0000E+00 0.0000E+00 0.0000E+00 0.0000E+00 0.0000E+00 0.0000E+00 0.0000E+00 0.0000E+00 0.0000E+00 8.3275E-05 1.2667E-05 0.0000E+00 0.0000E+00 4.6231E-05 0.0000E+00 0.0000E+00 0.0000E+00 0.0000E+00
 0.0000E+00 4.1018E-06 0.0000E+00 0.0000E+00 0.0000E+00 0.0000E+00 0.0000E+00 0.0000E+00 0.0000E+00 0.0000E+00 0.0000E+00 0.0000E+00 0.0000E+00 0.0000E+00 0.0000E+00 0.0000E+00 4.1637E-05 7.6004E-05 0.0000E+00 8.7584E-06 5.2835E-05 8.9733E-06 0.0000E+00 8.8760E-07 0.0000E+00
 0.0000E+00 5.1273E-06 2.8628E-06 0.0000E+00 0.0000E+00 0.0000E+00 0.0000E+00 0.0000E+00 0.0000E+00 0.0000E+00 0.0000E+00 0.0000E+00 0.0000E+00 0.0000E+00 0.0000E+00 2.6264E-05 4.1637E-05 1.2667E-05 0.0000E+00 0.0000E+00 1.3209E-05 0.0000E+00 0.0000E+00 8.8760E-07 0.0000E+00
 0.0000E+00 7.6910E-06 0.0000E+00 0.0000E+00 0.0000E+00 0.0000E+00 0.0000E+00 0.0000E+00 0.0000E+00 0.0000E+00 0.0000E+00 0.0000E+00 0.0000E+00 0.0000E+00 2.4034E-05 2.6264E-05 1.6655E-04 1.2667E-05 0.0000E+00 0.0000E+00 1.3209E-05 0.0000E+00 0.0000E+00 0.0000E+00 0.0000E+00
 0.0000E+00 2.0509E-06 0.0000E+00 0.0000E+00 0.0000E+00 0.0000E+00 0.0000E+00 0.0000E+00 0.0000E+00 0.0000E+00 0.0000E+00 0.0000E+00 0.0000E+00 0.0000E+00 0.0000E+00 0.0000E+00 1.1103E-04 2.5335E-05 0.0000E+00 8.7584E-06 1.9813E-05 0.0000E+00 0.0000E+00 8.8760E-07 0.0000E+00
 0.0000E+00 2.0509E-06 0.0000E+00 0.0000E+00 0.0000E+00 0.0000E+00 0.0000E+00 0.0000E+00 0.0000E+00 0.0000E+00 0.0000E+00 0.0000E+00 0.0000E+00 0.0000E+00 0.0000E+00 1.3132E-05 4.1637E-05 0.0000E+00 0.0000E+00 1.7517E-05 1.9813E-05 0.0000E+00 0.0000E+00 8.8760E-07 0.0000E+00
 0.0000E+00 4.1018E-06 0.0000E+00 0.0000E+00 0.0000E+00 0.0000E+00 0.0000E+00 0.0000E+00 0.0000E+00 0.0000E+00 0.0000E+00 0.0000E+00 0.0000E+00 0.0000E+00 0.0000E+00 0.0000E+00 4.1637E-05 2.5335E-05 0.0000E+00 1.7517E-05 1.9813E-05 8.9733E-06 0.0000E+00 0.0000E+00 0.0000E+00
 0.0000E+00 3.0764E-06 0.0000E+00 0.0000E+00 0.0000E+00 0.0000E+00 0.0000E+00 0.0000E+00 0.0000E+00 0.0000E+00 0.0000E+00 0.0000E+00 0.0000E+00 0.0000E+00 0.0000E+00 1.3132E-05 2.9146E-04 8.8671E-05 0.0000E+00 0.0000E+00 1.3209E-05 0.0000E+00 0.0000E+00 0.0000E+00 0.0000E+00
 0.0000E+00 5.1273E-06 0.0000E+00 0.0000E+00 0.0000E+00 0.0000E+00 0.0000E+00 0.0000E+00 0.0000E+00 0.0000E+00 0.0000E+00 0.0000E+00 0.0000E+00 0.0000E+00 0.0000E+00 0.0000E+00 6.9396E-05 5.0669E-05 0.0000E+00 8.7584E-06 3.3022E-05 8.9733E-06 0.0000E+00 2.6628E-06 0.0000E+00
 0.0000E+00 4.6146E-06 1.4314E-06 0.0000E+00 0.0000E+00 0.0000E+00 0.0000E+00 0.0000E+00 0.0000E+00 0.0000E+00 0.0000E+00 0.0000E+00 0.0000E+00 0.0000E+00 0.0000E+00 1.3132E-05 1.1103E-04 0.0000E+00 0.0000E+00 2.6275E-05 0.0000E+00 4.4866E-06 0.0000E+00 0.0000E+00 0.0000E+00
 0.0000E+00 5.1273E-06 0.0000E+00 0.0000E+00 0.0000E+00 0.0000E+00 0.0000E+00 0.0000E+00 0.0000E+00 0.0000E+00 0.0000E+00 0.0000E+00 0.0000E+00 0.0000E+00 2.4034E-05 5.2528E-05 4.1637E-05 1.2667E-05 0.0000E+00 8.7584E-06 1.3209E-05 4.4866E-06 0.0000E+00 0.0000E+00 0.0000E+00
 0.0000E+00 2.5637E-06 0.0000E+00 0.0000E+00 0.0000E+00 0.0000E+00 0.0000E+00 0.0000E+00 0.0000E+00 0.0000E+00 0.0000E+00 0.0000E+00 0.0000E+00 0.0000E+00 0.0000E+00 5.2528E-05 6.9396E-05 1.2667E-05 0.0000E+00 0.0000E+00 2.6418E-05 8.9733E-06 0.0000E+00 8.8760E-07 0.0000E+00
 0.0000E+00 4.1018E-06 0.0000E+00 0.0000E+00 0.0000E+00 0.0000E+00 0.0000E+00 0.0000E+00 0.0000E+00 0.0000E+00 0.0000E+00 0.0000E+00 0.0000E+00 0.0000E+00 0.0000E+00 1.3132E-05 4.1637E-05 0.0000E+00 0.0000E+00 2.6275E-05 5.2835E-05 4.4866E-06 0.0000E+00 0.0000E+00 0.0000E+00
 0.0000E+00 3.5891E-06 1.4314E-06 0.0000E+00 0.0000E+00 0.0000E+00 0.0000E+00 0.0000E+00 0.0000E+00 0.0000E+00 0.0000E+00 0.0000E+00 0.0000E+00 0.0000E+00 0.0000E+00 3.9396E-05 1.3879E-04 2.5335E-05 0.0000E+00 6.1309E-05 3.3022E-05 0.0000E+00 0.0000E+00 0.0000E+00 0.0000E+00
 0.0000E+00 1.5382E-06 0.0000E+00 0.0000E+00 0.0000E+00 0.0000E+00 0.0000E+00 0.0000E+00 0.0000E+00 0.0000E+00 0.0000E+00 0.0000E+00 0.0000E+00 0.0000E+00 0.0000E+00 3.9396E-05 1.2491E-04 2.5335E-05 0.0000E+00 0.0000E+00 1.3209E-05 0.0000E+00 0.0000E+00 0.0000E+00 0.0000E+00
 0.0000E+00 5.1273E-06 1.4314E-06 0.0000E+00 0.0000E+00 0.0000E+00 0.0000E+00 0.0000E+00 0.0000E+00 0.0000E+00 0.0000E+00 0.0000E+00 0.0000E+00 0.0000E+00 0.0000E+00 1.3132E-05 4.1637E-05 1.2667E-05 0.0000E+00 0.0000E+00 6.6044E-06 0.0000E+00 0.0000E+00 0.0000E+00 0.0000E+00
 0.0000E+00 4.1018E-06 0.0000E+00 0.0000E+00 0.0000E+00 0.0000E+00 0.0000E+00 0.0000E+00 0.0000E+00 0.0000E+00 0.0000E+00 0.0000E+00 0.0000E+00 0.0000E+00 0.0000E+00 3.9396E-05 9.7154E-05 1.2667E-05 0.0000E+00 0.0000E+00 1.3209E-05 4.4866E-06 0.0000E+00 8.8760E-07 0.0000E+00
 0.0000E+00 4.6146E-06 0.0000E+00 0.0000E+00 0.0000E+00 0.0000E+00 0.0000E+00 0.0000E+00 0.0000E+00 0.0000E+00 7.5421E-06 0.0000E+00 0.0000E+00 0.0000E+00 0.0000E+00 1.3132E-05 9.7154E-05 0.0000E+00 0.0000E+00 0.0000E+00 1.3209E-05 4.4866E-06 0.0000E+00 0.0000E+00 0.0000E+00
 0.0000E+00 1.0255E-06 0.0000E+00 0.0000E+00 0.0000E+00 0.0000E+00 0.0000E+00 0.0000E+00 0.0000E+00 0.0000E+00 0.0000E+00 0.0000E+00 0.0000E+00 0.0000E+00 0.0000E+00 1.3132E-05 4.1637E-05 0.0000E+00 0.0000E+00 1.7517E-05 3.9627E-05 1.7947E-05 0.0000E+00 8.8760E-07 0.0000E+00
 0.0000E+00 1.0255E-06 0.0000E+00 0.0000E+00 0.0000E+00 0.0000E+00 0.0000E+00 0.0000E+00 0.0000E+00 0.0000E+00 0.0000E+00 0.0000E+00 0.0000E+00 0.0000E+00 0.0000E+00 2.6264E-05 6.9396E-05 1.2667E-05 0.0000E+00 1.7517E-05 1.9813E-05 0.0000E+00 0.0000E+00 0.0000E+00 0.0000E+00
 0.0000E+00 1.0255E-06 0.0000E+00 0.0000E+00 0.0000E+00 0.0000E+00 0.0000E+00 0.0000E+00 0.0000E+00 0.0000E+00 0.0000E+00 0.0000E+00 0.0000E+00 0.0000E+00 0.0000E+00 3.9396E-05 1.5267E-04 1.2667E-05 0.0000E+00 0.0000E+00 3.3022E-05 0.0000E+00 0.0000E+00 8.8760E-07 0.0000E+00
 0.0000E+00 5.1273E-07 0.0000E+00 0.0000E+00 0.0000E+00 0.0000E+00 0.0000E+00 0.0000E+00 0.0000E+00 0.0000E+00 0.0000E+00 0.0000E+00 0.0000E+00 0.0000E+00 0.0000E+00 0.0000E+00 8.3275E-05 6.3337E-05 0.0000E+00 2.6275E-05 2.6418E-05 4.4866E-06 0.0000E+00 0.0000E+00 0.0000E+00
 0.0000E+00 2.5637E-06 0.0000E+00 0.0000E+00 0.0000E+00 0.0000E+00 0.0000E+00 0.0000E+00 0.0000E+00 0.0000E+00 7.5421E-06 0.0000E+00 0.0000E+00 0.0000E+00 0.0000E+00 0.0000E+00 1.8043E-04 0.0000E+00 0.0000E+00 8.7584E-06 6.6044E-05 0.0000E+00 0.0000E+00 1.7752E-06 0.0000E+00
 0.0000E+00 5.1273E-06 0.0000E+00 0.0000E+00 0.0000E+00 0.0000E+00 0.0000E+00 0.0000E+00 0.0000E+00 0.0000E+00 0.0000E+00 0.0000E+00 0.0000E+00 0.0000E+00 2.4034E-05 1.3132E-05 1.2491E-04 2.5335E-05 0.0000E+00 0.0000E+00 6.6044E-06 0.0000E+00 0.0000E+00 0.0000E+00 0.0000E+00
 0.0000E+00 5.1273E-06 0.0000E+00 0.0000E+00 0.0000E+00 0.0000E+00 0.0000E+00 0.0000E+00 0.0000E+00 0.0000E+00 7.5421E-06 0.0000E+00 0.0000E+00 0.0000E+00 0.0000E+00 2.6264E-05 8.3275E-05 0.0000E+00 0.0000E+00 8.7584E-06 1.3209E-05 0.0000E+00 0.0000E+00 8.8760E-07 0.0000E+00
 0.0000E+00 4.1018E-06 0.0000E+00 0.0000E+00 0.0000E+00 0.0000E+00 0.0000E+00 0.0000E+00 0.0000E+00 0.0000E+00 0.0000E+00 0.0000E+00 0.0000E+00 0.0000E+00 0.0000E+00 1.3132E-05 6.9396E-05 1.2667E-05 0.0000E+00 0.0000E+00 3.3022E-05 4.4866E-06 0.0000E+00 8.8760E-07 0.0000E+00
 0.0000E+00 4.6146E-06 0.0000E+00 0.0000E+00 0.0000E+00 0.0000E+00 0.0000E+00 0.0000E+00 0.0000E+00 0.0000E+00 0.0000E+00 0.0000E+00 0.0000E+00 0.0000E+00 0.0000E+00 0.0000E+00 9.7154E-05 0.0000E+00 0.0000E+00 8.7584E-06 3.9627E-05 0.0000E+00 0.0000E+00 8.8760E-07 0.0000E+00
 0.0000E+00 2.5637E-06 0.0000E+00 0.0000E+00 0.0000E+00 0.0000E+00 0.0000E+00 0.0000E+00 0.0000E+00 0.0000E+00 0.0000E+00 0.0000E+00 0.0000E+00 0.0000E+00 0.0000E+00 1.3132E-05 9.7154E-05 1.2667E-05 0.0000E+00 0.0000E+00 1.9813E-05 0.0000E+00 0.0000E+00 0.0000E+00 0.0000E+00
 0.0000E+00 5.1273E-07 1.4314E-06 0.0000E+00 0.0000E+00 0.0000E+00 0.0000E+00 0.0000E+00 0.0000E+00 0.0000E+00 0.0000E+00 0.0000E+00 0.0000E+00 0.0000E+00 0.0000E+00 1.3132E-05 1.2491E-04 0.0000E+00 0.0000E+00 1.7517E-05 2.6418E-05 8.9733E-06 0.0000E+00 0.0000E+00 0.0000E+00
 0.0000E+00 2.5637E-06 0.0000E+00 0.0000E+00 0.0000E+00 0.0000E+00 0.0000E+00 0.0000E+00 0.0000E+00 0.0000E+00 0.0000E+00 0.0000E+00 0.0000E+00 0.0000E+00 0.0000E+00 0.0000E+00 5.5517E-05 1.2667E-05 0.0000E+00 1.7517E-05 2.6418E-05 0.0000E+00 0.0000E+00 8.8760E-07 0.0000E+00
 0.0000E+00 5.6400E-06 0.0000E+00 0.0000E+00 0.0000E+00 0.0000E+00 0.0000E+00 0.0000E+00 0.0000E+00 0.0000E+00 0.0000E+00 0.0000E+00 0.0000E+00 0.0000E+00 0.0000E+00 2.6264E-05 4.1637E-05 0.0000E+00 0.0000E+00 0.0000E+00 1.9813E-05 0.0000E+00 0.0000E+00 0.0000E+00 0.0000E+00
 0.0000E+00 3.0764E-06 0.0000E+00 0.0000E+00 0.0000E+00 0.0000E+00 0.0000E+00 0.0000E+00 0.0000E+00 0.0000E+00 0.0000E+00 0.0000E+00 0.0000E+00 0.0000E+00 1.2017E-05 0.0000E+00 4.1637E-05 0.0000E+00 0.0000E+00 0.0000E+00 2.6418E-05 0.0000E+00 0.0000E+00 0.0000E+00 0.0000E+00
 0.0000E+00 3.5891E-06 0.0000E+00 0.0000E+00 0.0000E+00 0.0000E+00 0.0000E+00 0.0000E+00 0.0000E+00 0.0000E+00 0.0000E+00 0.0000E+00 0.0000E+00 0.0000E+00 0.0000E+00 2.6264E-05 8.3275E-05 1.2667E-05 0.0000E+00 2.6275E-05 1.9813E-05 0.0000E+00 0.0000E+00 0.0000E+00 0.0000E+00
 0.0000E+00 2.0509E-06 0.0000E+00 0.0000E+00 0.0000E+00 0.0000E+00 0.0000E+00 0.0000E+00 0.0000E+00 0.0000E+00 0.0000E+00 0.0000E+00 0.0000E+00 0.0000E+00 0.0000E+00 0.0000E+00 6.9396E-05 0.0000E+00 0.0000E+00 2.6275E-05 2.6418E-05 0.0000E+00 0.0000E+00 8.8760E-07 0.0000E+00
 0.0000E+00 2.5637E-06 0.0000E+00 0.0000E+00 0.0000E+00 0.0000E+00 0.0000E+00 0.0000E+00 0.0000E+00 0.0000E+00 0.0000E+00 0.0000E+00 0.0000E+00 0.0000E+00 1.2017E-05 1.3132E-05 5.5517E-05 1.2667E-05 0.0000E+00 0.0000E+00 2.6418E-05 0.0000E+00 0.0000E+00 0.0000E+00 0.0000E+00
 0.0000E+00 2.5637E-06 0.0000E+00 0.0000E+00 0.0000E+00 0.0000E+00 0.0000E+00 0.0000E+00 0.0000E+00 0.0000E+00 0.0000E+00 0.0000E+00 0.0000E+00 0.0000E+00 0.0000E+00 1.3132E-05 2.7758E-05 0.0000E+00 0.0000E+00 8.7584E-06 1.3209E-05 0.0000E+00 0.0000E+00 1.7752E-06 0.0000E+00
 0.0000E+00 3.5891E-06 0.0000E+00 0.0000E+00 0.0000E+00 0.0000E+00 0.0000E+00 0.0000E+00 0.0000E+00 0.0000E+00 0.0000E+00 0.0000E+00 0.0000E+00 0.0000E+00 0.0000E+00 0.0000E+00 9.7154E-05 1.2667E-05 0.0000E+00 8.7584E-06 2.6418E-05 0.0000E+00 0.0000E+00 0.0000E+00 0.0000E+00
 0.0000E+00 3.0764E-06 0.0000E+00 0.0000E+00 0.0000E+00 0.0000E+00 0.0000E+00 0.0000E+00 0.0000E+00 0.0000E+00 0.0000E+00 0.0000E+00 0.0000E+00 0.0000E+00 0.0000E+00 5.2528E-05 9.7154E-05 0.0000E+00 0.0000E+00 1.7517E-05 1.9813E-05 0.0000E+00 0.0000E+00 8.8760E-07 0.0000E+00
 0.0000E+00 6.6655E-06 0.0000E+00 0.0000E+00 0.0000E+00 0.0000E+00 0.0000E+00 0.0000E+00 0.0000E+00 0.0000E+00 0.0000E+00 0.0000E+00 0.0000E+00 0.0000E+00 0.0000E+00 2.6264E-05 1.1103E-04 0.0000E+00 0.0000E+00 0.0000E+00 5.2835E-05 0.0000E+00 0.0000E+00 0.0000E+00 0.0000E+00
 0.0000E+00 3.5891E-06 0.0000E+00 0.0000E+00 0.0000E+00 0.0000E+00 0.0000E+00 0.0000E+00 0.0000E+00 0.0000E+00 0.0000E+00 0.0000E+00 0.0000E+00 0.0000E+00 0.0000E+00 0.0000E+00 1.2491E-04 1.2667E-05 0.0000E+00 8.7584E-06 6.6044E-06 0.0000E+00 0.0000E+00 0.0000E+00 0.0000E+00
 0.0000E+00 4.1018E-06 0.0000E+00 0.0000E+00 0.0000E+00 0.0000E+00 0.0000E+00 0.0000E+00 0.0000E+00 0.0000E+00 0.0000E+00 0.0000E+00 0.0000E+00 0.0000E+00 0.0000E+00 1.3132E-05 2.2207E-04 0.0000E+00 0.0000E+00 0.0000E+00 1.3209E-05 0.0000E+00 0.0000E+00 0.0000E+00 0.0000E+00
 0.0000E+00 8.2037E-06 0.0000E+00 0.0000E+00 0.0000E+00 0.0000E+00 0.0000E+00 0.0000E+00 0.0000E+00 0.0000E+00 0.0000E+00 0.0000E+00 0.0000E+00 0.0000E+00 1.2017E-05 2.6264E-05 2.0819E-04 5.0669E-05 0.0000E+00 1.7517E-05 2.6418E-05 4.4866E-06 0.0000E+00 0.0000E+00 0.0000E+00
 0.0000E+00 4.1018E-06 0.0000E+00 0.0000E+00 0.0000E+00 0.0000E+00 0.0000E+00 0.0000E+00 0.0000E+00 0.0000E+00 0.0000E+00 0.0000E+00 0.0000E+00 0.0000E+00 0.0000E+00 0.0000E+00 1.3879E-04 5.0669E-05 0.0000E+00 0.0000E+00 1.9813E-05 4.4866E-06 0.0000E+00 8.8760E-07 0.0000E+00
 0.0000E+00 6.6655E-06 0.0000E+00 0.0000E+00 0.0000E+00 0.0000E+00 0.0000E+00 0.0000E+00 0.0000E+00 0.0000E+00 0.0000E+00 0.0000E+00 0.0000E+00 0.0000E+00 0.0000E+00 2.6264E-05 1.5267E-04 2.5335E-05 0.0000E+00 0.0000E+00 1.3209E-05 8.9733E-06 0.0000E+00 8.8760E-07 0.0000E+00
 0.0000E+00 2.5637E-06 0.0000E+00 0.0000E+00 0.0000E+00 0.0000E+00 0.0000E+00 0.0000E+00 0.0000E+00 0.0000E+00 0.0000E+00 0.0000E+00 0.0000E+00 0.0000E+00 0.0000E+00 1.3132E-05 5.5517E-05 0.0000E+00 0.0000E+00 8.7584E-06 1.3209E-05 0.0000E+00 0.0000E+00 0.0000E+00 0.0000E+00
 0.0000E+00 5.1273E-06 2.8628E-06 0.0000E+00 0.0000E+00 0.0000E+00 0.0000E+00 0.0000E+00 0.0000E+00 0.0000E+00 0.0000E+00 0.0000E+00 0.0000E+00 0.0000E+00 0.0000E+00 0.0000E+00 4.1637E-05 2.5335E-05 0.0000E+00 8.7584E-06 3.9627E-05 1.3460E-05 0.0000E+00 0.0000E+00 0.0000E+00
 0.0000E+00 2.0509E-06 0.0000E+00 0.0000E+00 0.0000E+00 0.0000E+00 0.0000E+00 0.0000E+00 0.0000E+00 0.0000E+00 0.0000E+00 0.0000E+00 0.0000E+00 0.0000E+00 1.2017E-05 3.9396E-05 8.3275E-05 1.2667E-05 0.0000E+00 0.0000E+00 2.6418E-05 8.9733E-06 0.0000E+00 0.0000E+00 0.0000E+00
 0.0000E+00 5.1273E-07 0.0000E+00 0.0000E+00 0.0000E+00 0.0000E+00 0.0000E+00 0.0000E+00 0.0000E+00 0.0000E+00 0.0000E+00 0.0000E+00 0.0000E+00 0.0000E+00 1.2017E-05 3.9396E-05 8.3275E-05 0.0000E+00 0.0000E+00 1.7517E-05 2.6418E-05 0.0000E+00 0.0000E+00 0.0000E+00 0.0000E+00
 0.0000E+00 8.2037E-06 1.4314E-06 0.0000E+00 0.0000E+00 0.0000E+00 0.0000E+00 0.0000E+00 0.0000E+00 0.0000E+00 0.0000E+00 0.0000E+00 0.0000E+00 0.0000E+00 1.2017E-05 1.3132E-05 5.5517E-05 2.5335E-05 0.0000E+00 8.7584E-06 0.0000E+00 1.3460E-05 0.0000E+00 0.0000E+00 0.0000E+00
 0.0000E+00 1.5382E-06 1.4314E-06 0.0000E+00 0.0000E+00 0.0000E+00 0.0000E+00 0.0000E+00 0.0000E+00 0.0000E+00 0.0000E+00 0.0000E+00 0.0000E+00 0.0000E+00 0.0000E+00 2.6264E-05 6.9396E-05 1.2667E-05 0.0000E+00 8.7584E-06 1.3209E-05 0.0000E+00 0.0000E+00 8.8760E-07 0.0000E+00
 0.0000E+00 3.5891E-06 0.0000E+00 0.0000E+00 0.0000E+00 0.0000E+00 0.0000E+00 0.0000E+00 0.0000E+00 0.0000E+00 0.0000E+00 0.0000E+00 0.0000E+00 0.0000E+00 1.2017E-05 5.2528E-05 2.7758E-05 0.0000E+00 0.0000E+00 8.7584E-06 7.9253E-05 0.0000E+00 0.0000E+00 2.6628E-06 0.0000E+00
 0.0000E+00 1.0255E-06 0.0000E+00 0.0000E+00 0.0000E+00 0.0000E+00 0.0000E+00 0.0000E+00 0.0000E+00 0.0000E+00 0.0000E+00 0.0000E+00 0.0000E+00 0.0000E+00 0.0000E+00 0.0000E+00 4.1637E-05 0.0000E+00 0.0000E+00 1.7517E-05 6.6044E-05 0.0000E+00 0.0000E+00 2.6628E-06 0.0000E+00
 0.0000E+00 3.0764E-06 0.0000E+00 0.0000E+00 0.0000E+00 0.0000E+00 0.0000E+00 0.0000E+00 0.0000E+00 0.0000E+00 0.0000E+00 0.0000E+00 0.0000E+00 0.0000E+00 0.0000E+00 1.3132E-05 8.3275E-05 0.0000E+00 0.0000E+00 0.0000E+00 0.0000E+00 1.3460E-05 0.0000E+00 0.0000E+00 0.0000E+00
 0.0000E+00 3.5891E-06 0.0000E+00 0.0000E+00 0.0000E+00 0.0000E+00 0.0000E+00 0.0000E+00 0.0000E+00 0.0000E+00 0.0000E+00 0.0000E+00 0.0000E+00 0.0000E+00 1.2017E-05 0.0000E+00 8.3275E-05 3.8002E-05 0.0000E+00 8.7584E-06 6.6044E-06 0.0000E+00 0.0000E+00 8.8760E-07 0.0000E+00
 0.0000E+00 2.5637E-06 0.0000E+00 0.0000E+00 0.0000E+00 0.0000E+00 0.0000E+00 0.0000E+00 0.0000E+00 0.0000E+00 0.0000E+00 0.0000E+00 0.0000E+00 0.0000E+00 0.0000E+00 2.6264E-05 1.6655E-04 0.0000E+00 0.0000E+00 0.0000E+00 1.3209E-05 0.0000E+00 0.0000E+00 0.0000E+00 0.0000E+00
 0.0000E+00 3.0764E-06 0.0000E+00 0.0000E+00 0.0000E+00 0.0000E+00 0.0000E+00 0.0000E+00 0.0000E+00 0.0000E+00 0.0000E+00 0.0000E+00 0.0000E+00 0.0000E+00 0.0000E+00 1.3132E-05 1.2491E-04 1.2667E-05 0.0000E+00 0.0000E+00 1.3209E-05 0.0000E+00 0.0000E+00 0.0000E+00 0.0000E+00
 0.0000E+00 4.6146E-06 1.4314E-06 0.0000E+00 0.0000E+00 0.0000E+00 0.0000E+00 0.0000E+00 0.0000E+00 0.0000E+00 0.0000E+00 0.0000E+00 0.0000E+00 0.0000E+00 0.0000E+00 2.6264E-05 1.5267E-04 0.0000E+00 0.0000E+00 1.7517E-05 6.6044E-06 0.0000E+00 0.0000E+00 0.0000E+00 0.0000E+00
 0.0000E+00 2.5637E-06 0.0000E+00 0.0000E+00 0.0000E+00 0.0000E+00 0.0000E+00 0.0000E+00 0.0000E+00 0.0000E+00 0.0000E+00 0.0000E+00 0.0000E+00 0.0000E+00 0.0000E+00 0.0000E+00 6.9396E-05 0.0000E+00 0.0000E+00 0.0000E+00 6.6044E-06 0.0000E+00 0.0000E+00 0.0000E+00 0.0000E+00
 0.0000E+00 4.6146E-06 0.0000E+00 0.0000E+00 0.0000E+00 0.0000E+00 0.0000E+00 0.0000E+00 6.5245E-06 0.0000E+00 0.0000E+00 0.0000E+00 0.0000E+00 0.0000E+00 0.0000E+00 1.3132E-05 9.7154E-05 0.0000E+00 0.0000E+00 1.7517E-05 1.9813E-05 0.0000E+00 0.0000E+00 0.0000E+00 0.0000E+00
 0.0000E+00 3.0764E-06 0.0000E+00 0.0000E+00 0.0000E+00 0.0000E+00 0.0000E+00 0.0000E+00 0.0000E+00 0.0000E+00 0.0000E+00 0.0000E+00 0.0000E+00 0.0000E+00 0.0000E+00 0.0000E+00 6.9396E-05 3.8002E-05 0.0000E+00 0.0000E+00 6.6044E-06 0.0000E+00 0.0000E+00 0.0000E+00 0.0000E+00
 0.0000E+00 7.1782E-06 0.0000E+00 0.0000E+00 0.0000E+00 0.0000E+00 0.0000E+00 0.0000E+00 0.0000E+00 2.0516E-05 0.0000E+00 0.0000E+00 0.0000E+00 0.0000E+00 0.0000E+00 1.3132E-05 6.9396E-05 1.2667E-05 0.0000E+00 2.6275E-05 1.3209E-05 0.0000E+00 0.0000E+00 8.8760E-07 0.0000E+00
 0.0000E+00 3.0764E-06 0.0000E+00 0.0000E+00 0.0000E+00 0.0000E+00 0.0000E+00 0.0000E+00 0.0000E+00 0.0000E+00 0.0000E+00 0.0000E+00 0.0000E+00 0.0000E+00 0.0000E+00 0.0000E+00 5.5517E-05 0.0000E+00 0.0000E+00 0.0000E+00 6.6044E-06 4.4866E-06 0.0000E+00 0.0000E+00 0.0000E+00
 0.0000E+00 3.5891E-06 1.4314E-06 0.0000E+00 0.0000E+00 0.0000E+00 0.0000E+00 0.0000E+00 0.0000E+00 0.0000E+00 0.0000E+00 0.0000E+00 0.0000E+00 0.0000E+00 3.6050E-05 0.0000E+00 2.7758E-05 0.0000E+00 0.0000E+00 0.0000E+00 3.3022E-05 4.4866E-06 0.0000E+00 0.0000E+00 0.0000E+00
 0.0000E+00 2.0509E-06 0.0000E+00 0.0000E+00 0.0000E+00 0.0000E+00 0.0000E+00 0.0000E+00 0.0000E+00 0.0000E+00 0.0000E+00 0.0000E+00 0.0000E+00 0.0000E+00 0.0000E+00 2.6264E-05 8.3275E-05 2.5335E-05 0.0000E+00 0.0000E+00 2.6418E-05 4.4866E-06 0.0000E+00 0.0000E+00 0.0000E+00
 0.0000E+00 4.6146E-06 0.0000E+00 0.0000E+00 0.0000E+00 0.0000E+00 0.0000E+00 0.0000E+00 0.0000E+00 6.8386E-06 0.0000E+00 0.0000E+00 0.0000E+00 0.0000E+00 0.0000E+00 6.5660E-05 6.9396E-05 0.0000E+00 0.0000E+00 0.0000E+00 6.6044E-05 0.0000E+00 0.0000E+00 0.0000E+00 0.0000E+00
 0.0000E+00 2.5637E-06 0.0000E+00 0.0000E+00 0.0000E+00 0.0000E+00 0.0000E+00 0.0000E+00 0.0000E+00 0.0000E+00 0.0000E+00 0.0000E+00 0.0000E+00 0.0000E+00 0.0000E+00 1.3132E-05 4.1637E-05 0.0000E+00 0.0000E+00 8.7584E-06 1.3209E-05 0.0000E+00 0.0000E+00 0.0000E+00 0.0000E+00
 0.0000E+00 1.0255E-06 0.0000E+00 0.0000E+00 0.0000E+00 0.0000E+00 0.0000E+00 0.0000E+00 0.0000E+00 0.0000E+00 0.0000E+00 0.0000E+00 0.0000E+00 0.0000E+00 0.0000E+00 0.0000E+00 1.2491E-04 1.2667E-05 0.0000E+00 0.0000E+00 3.3022E-05 4.4866E-06 0.0000E+00 8.8760E-07 0.0000E+00
 0.0000E+00 3.0764E-06 0.0000E+00 0.0000E+00 0.0000E+00 0.0000E+00 0.0000E+00 0.0000E+00 0.0000E+00 0.0000E+00 7.5421E-06 0.0000E+00 0.0000E+00 0.0000E+00 0.0000E+00 0.0000E+00 6.9396E-05 1.2667E-05 0.0000E+00 0.0000E+00 1.9813E-05 0.0000E+00 0.0000E+00 0.0000E+00 0.0000E+00
 0.0000E+00 5.1273E-06 0.0000E+00 0.0000E+00 0.0000E+00 0.0000E+00 0.0000E+00 0.0000E+00 0.0000E+00 0.0000E+00 0.0000E+00 0.0000E+00 0.0000E+00 0.0000E+00 0.0000E+00 0.0000E+00 1.5267E-04 1.2667E-05 0.0000E+00 0.0000E+00 1.9813E-05 0.0000E+00 0.0000E+00 0.0000E+00 0.0000E+00
 0.0000E+00 4.6146E-06 0.0000E+00 0.0000E+00 0.0000E+00 0.0000E+00 0.0000E+00 0.0000E+00 0.0000E+00 0.0000E+00 0.0000E+00 0.0000E+00 0.0000E+00 0.0000E+00 0.0000E+00 1.3132E-05 1.6655E-04 0.0000E+00 0.0000E+00 8.7584E-06 0.0000E+00 0.0000E+00 0.0000E+00 8.8760E-07 0.0000E+00
 0.0000E+00 2.5637E-06 0.0000E+00 0.0000E+00 0.0000E+00 0.0000E+00 0.0000E+00 0.0000E+00 0.0000E+00 0.0000E+00 0.0000E+00 0.0000E+00 0.0000E+00 0.0000E+00 0.0000E+00 2.6264E-05 6.9396E-05 0.0000E+00 0.0000E+00 1.7517E-05 6.6044E-06 0.0000E+00 0.0000E+00 0.0000E+00 0.0000E+00
 0.0000E+00 4.6146E-06 0.0000E+00 0.0000E+00 0.0000E+00 0.0000E+00 0.0000E+00 0.0000E+00 0.0000E+00 0.0000E+00 0.0000E+00 0.0000E+00 0.0000E+00 0.0000E+00 0.0000E+00 0.0000E+00 1.6655E-04 0.0000E+00 0.0000E+00 0.0000E+00 1.3209E-05 1.3460E-05 0.0000E+00 0.0000E+00 0.0000E+00
 0.0000E+00 1.5382E-06 2.8628E-06 0.0000E+00 0.0000E+00 0.0000E+00 0.0000E+00 0.0000E+00 0.0000E+00 0.0000E+00 0.0000E+00 0.0000E+00 0.0000E+00 0.0000E+00 0.0000E+00 0.0000E+00 9.7154E-05 0.0000E+00 0.0000E+00 0.0000E+00 3.9627E-05 0.0000E+00 0.0000E+00 8.8760E-07 0.0000E+00
 0.0000E+00 6.1528E-06 0.0000E+00 0.0000E+00 0.0000E+00 0.0000E+00 0.0000E+00 0.0000E+00 0.0000E+00 0.0000E+00 0.0000E+00 0.0000E+00 0.0000E+00 0.0000E+00 0.0000E+00 1.3132E-05 1.5267E-04 1.2667E-05 0.0000E+00 1.7517E-05 1.3209E-05 0.0000E+00 0.0000E+00 2.6628E-06 0.0000E+00
 0.0000E+00 1.5382E-06 1.4314E-06 0.0000E+00 0.0000E+00 0.0000E+00 0.0000E+00 0.0000E+00 0.0000E+00 0.0000E+00 0.0000E+00 0.0000E+00 0.0000E+00 0.0000E+00 0.0000E+00 5.2528E-05 6.9396E-05 0.0000E+00 0.0000E+00 1.7517E-05 3.9627E-05 8.9733E-06 0.0000E+00 0.0000E+00 0.0000E+00
 0.0000E+00 3.5891E-06 1.4314E-06 0.0000E+00 0.0000E+00 0.0000E+00 0.0000E+00 0.0000E+00 0.0000E+00 0.0000E+00 0.0000E+00 0.0000E+00 0.0000E+00 0.0000E+00 0.0000E+00 0.0000E+00 4.1637E-05 0.0000E+00 0.0000E+00 2.6275E-05 6.6044E-06 0.0000E+00 0.0000E+00 0.0000E+00 0.0000E+00
 0.0000E+00 1.5382E-06 0.0000E+00 0.0000E+00 0.0000E+00 0.0000E+00 0.0000E+00 0.0000E+00 0.0000E+00 0.0000E+00 0.0000E+00 0.0000E+00 0.0000E+00 0.0000E+00 0.0000E+00 1.3132E-05 4.1637E-05 0.0000E+00 0.0000E+00 0.0000E+00 1.3209E-05 0.0000E+00 0.0000E+00 0.0000E+00 0.0000E+00
 0.0000E+00 3.0764E-06 0.0000E+00 0.0000E+00 0.0000E+00 0.0000E+00 0.0000E+00 0.0000E+00 0.0000E+00 0.0000E+00 0.0000E+00 0.0000E+00 0.0000E+00 0.0000E+00 0.0000E+00 0.0000E+00 4.1637E-05 0.0000E+00 0.0000E+00 0.0000E+00 1.3209E-05 0.0000E+00 0.0000E+00 0.0000E+00 0.0000E+00
 0.0000E+00 2.5637E-06 0.0000E+00 0.0000E+00 0.0000E+00 0.0000E+00 0.0000E+00 0.0000E+00 0.0000E+00 0.0000E+00 0.0000E+00 0.0000E+00 0.0000E+00 0.0000E+00 0.0000E+00 2.6264E-05 1.2491E-04 0.0000E+00 0.0000E+00 3.5034E-05 6.6044E-06 0.0000E+00 0.0000E+00 8.8760E-07 0.0000E+00
 0.0000E+00 2.0509E-06 0.0000E+00 0.0000E+00 0.0000E+00 0.0000E+00 0.0000E+00 0.0000E+00 0.0000E+00 0.0000E+00 0.0000E+00 0.0000E+00 0.0000E+00 0.0000E+00 0.0000E+00 1.3132E-05 2.7758E-05 0.0000E+00 0.0000E+00 0.0000E+00 0.0000E+00 0.0000E+00 0.0000E+00 0.0000E+00 0.0000E+00
 0.0000E+00 2.0509E-06 0.0000E+00 0.0000E+00 0.0000E+00 0.0000E+00 0.0000E+00 0.0000E+00 0.0000E+00 0.0000E+00 0.0000E+00 0.0000E+00 0.0000E+00 0.0000E+00 0.0000E+00 0.0000E+00 4.1637E-05 1.2667E-05 0.0000E+00 0.0000E+00 3.3022E-05 0.0000E+00 0.0000E+00 0.0000E+00 0.0000E+00
 0.0000E+00 1.0255E-06 0.0000E+00 0.0000E+00 0.0000E+00 0.0000E+00 0.0000E+00 0.0000E+00 0.0000E+00 0.0000E+00 0.0000E+00 0.0000E+00 0.0000E+00 0.0000E+00 0.0000E+00 0.0000E+00 5.5517E-05 1.2667E-05 0.0000E+00 0.0000E+00 6.6044E-06 8.9733E-06 0.0000E+00 0.0000E+00 0.0000E+00
 0.0000E+00 3.0764E-06 1.4314E-06 0.0000E+00 0.0000E+00 0.0000E+00 0.0000E+00 0.0000E+00 0.0000E+00 0.0000E+00 0.0000E+00 0.0000E+00 0.0000E+00 0.0000E+00 0.0000E+00 0.0000E+00 2.7758E-05 1.2667E-05 0.0000E+00 8.7584E-06 3.9627E-05 4.4866E-06 0.0000E+00 2.6628E-06 0.0000E+00
 0.0000E+00 2.5637E-06 0.0000E+00 0.0000E+00 0.0000E+00 0.0000E+00 0.0000E+00 0.0000E+00 0.0000E+00 0.0000E+00 0.0000E+00 0.0000E+00 0.0000E+00 0.0000E+00 0.0000E+00 3.9396E-05 5.5517E-05 0.0000E+00 0.0000E+00 8.7584E-06 3.3022E-05 0.0000E+00 0.0000E+00 0.0000E+00 0.0000E+00
 0.0000E+00 6.6655E-06 0.0000E+00 0.0000E+00 0.0000E+00 0.0000E+00 0.0000E+00 0.0000E+00 0.0000E+00 0.0000E+00 0.0000E+00 0.0000E+00 0.0000E+00 0.0000E+00 1.2017E-05 1.3132E-05 5.5517E-05 0.0000E+00 0.0000E+00 0.0000E+00 6.6044E-06 0.0000E+00 0.0000E+00 0.0000E+00 0.0000E+00
 0.0000E+00 2.5637E-06 0.0000E+00 0.0000E+00 0.0000E+00 0.0000E+00 0.0000E+00 0.0000E+00 0.0000E+00 0.0000E+00 0.0000E+00 0.0000E+00 0.0000E+00 0.0000E+00 0.0000E+00 0.0000E+00 4.1637E-05 0.0000E+00 0.0000E+00 1.7517E-05 0.0000E+00 0.0000E+00 0.0000E+00 8.8760E-07 0.0000E+00
 0.0000E+00 1.0255E-06 0.0000E+00 0.0000E+00 0.0000E+00 0.0000E+00 0.0000E+00 0.0000E+00 0.0000E+00 0.0000E+00 0.0000E+00 0.0000E+00 0.0000E+00 0.0000E+00 0.0000E+00 0.0000E+00 1.5267E-04 0.0000E+00 0.0000E+00 0.0000E+00 1.9813E-05 0.0000E+00 0.0000E+00 0.0000E+00 0.0000E+00
 0.0000E+00 2.5637E-06 0.0000E+00 0.0000E+00 0.0000E+00 0.0000E+00 0.0000E+00 0.0000E+00 0.0000E+00 0.0000E+00 0.0000E+00 0.0000E+00 0.0000E+00 0.0000E+00 0.0000E+00 0.0000E+00 5.5517E-05 2.5335E-05 0.0000E+00 8.7584E-06 0.0000E+00 0.0000E+00 0.0000E+00 0.0000E+00 0.0000E+00
 0.0000E+00 1.5382E-06 0.0000E+00 0.0000E+00 0.0000E+00 0.0000E+00 0.0000E+00 0.0000E+00 0.0000E+00 0.0000E+00 0.0000E+00 0.0000E+00 0.0000E+00 0.0000E+00 0.0000E+00 0.0000E+00 1.3879E-04 1.2667E-05 0.0000E+00 8.7584E-06 1.9813E-05 0.0000E+00 0.0000E+00 0.0000E+00 0.0000E+00
 0.0000E+00 4.6146E-06 0.0000E+00 0.0000E+00 0.0000E+00 0.0000E+00 0.0000E+00 0.0000E+00 0.0000E+00 0.0000E+00 0.0000E+00 0.0000E+00 0.0000E+00 0.0000E+00 0.0000E+00 0.0000E+00 5.5517E-05 0.0000E+00 0.0000E+00 8.7584E-06 1.3209E-05 0.0000E+00 0.0000E+00 0.0000E+00 0.0000E+00
 0.0000E+00 2.0509E-06 1.4314E-06 0.0000E+00 0.0000E+00 0.0000E+00 0.0000E+00 0.0000E+00 0.0000E+00 0.0000E+00 0.0000E+00 0.0000E+00 0.0000E+00 0.0000E+00 0.0000E+00 0.0000E+00 5.5517E-05 0.0000E+00 0.0000E+00 0.0000E+00 2.6418E-05 0.0000E+00 0.0000E+00 0.0000E+00 0.0000E+00
 0.0000E+00 2.5637E-06 0.0000E+00 0.0000E+00 0.0000E+00 0.0000E+00 0.0000E+00 0.0000E+00 0.0000E+00 0.0000E+00 0.0000E+00 0.0000E+00 0.0000E+00 0.0000E+00 0.0000E+00 0.0000E+00 9.7154E-05 0.0000E+00 0.0000E+00 0.0000E+00 2.6418E-05 4.4866E-06 0.0000E+00 0.0000E+00 0.0000E+00
 0.0000E+00 4.1018E-06 0.0000E+00 0.0000E+00 0.0000E+00 0.0000E+00 0.0000E+00 0.0000E+00 0.0000E+00 0.0000E+00 0.0000E+00 0.0000E+00 0.0000E+00 0.0000E+00 0.0000E+00 0.0000E+00 1.3879E-05 0.0000E+00 0.0000E+00 8.7584E-06 1.3209E-05 0.0000E+00 0.0000E+00 0.0000E+00 0.0000E+00
 0.0000E+00 6.1528E-06 0.0000E+00 0.0000E+00 0.0000E+00 0.0000E+00 0.0000E+00 0.0000E+00 1.3049E-05 0.0000E+00 0.0000E+00 0.0000E+00 0.0000E+00 0.0000E+00 0.0000E+00 0.0000E+00 1.1103E-04 0.0000E+00 0.0000E+00 8.7584E-06 2.6418E-05 4.4866E-06 0.0000E+00 8.8760E-07 0.0000E+00
 0.0000E+00 2.0509E-06 0.0000E+00 0.0000E+00 0.0000E+00 0.0000E+00 0.0000E+00 0.0000E+00 0.0000E+00 0.0000E+00 0.0000E+00 0.0000E+00 0.0000E+00 0.0000E+00 0.0000E+00 2.6264E-05 6.9396E-05 0.0000E+00 0.0000E+00 0.0000E+00 6.6044E-06 0.0000E+00 0.0000E+00 0.0000E+00 0.0000E+00
 0.0000E+00 3.0764E-06 0.0000E+00 0.0000E+00 0.0000E+00 0.0000E+00 0.0000E+00 0.0000E+00 0.0000E+00 0.0000E+00 0.0000E+00 0.0000E+00 0.0000E+00 0.0000E+00 0.0000E+00 1.3132E-05 5.5517E-05 0.0000E+00 0.0000E+00 0.0000E+00 1.9813E-05 0.0000E+00 0.0000E+00 3.5504E-06 0.0000E+00
 0.0000E+00 1.5382E-06 0.0000E+00 0.0000E+00 0.0000E+00 0.0000E+00 0.0000E+00 0.0000E+00 0.0000E+00 0.0000E+00 0.0000E+00 0.0000E+00 0.0000E+00 0.0000E+00 0.0000E+00 3.9396E-05 1.1103E-04 0.0000E+00 0.0000E+00 0.0000E+00 1.9813E-05 0.0000E+00 0.0000E+00 0.0000E+00 0.0000E+00
 0.0000E+00 3.5891E-06 0.0000E+00 0.0000E+00 0.0000E+00 0.0000E+00 0.0000E+00 0.0000E+00 0.0000E+00 0.0000E+00 0.0000E+00 0.0000E+00 0.0000E+00 0.0000E+00 0.0000E+00 0.0000E+00 6.9396E-05 1.2667E-05 0.0000E+00 1.7517E-05 6.6044E-06 0.0000E+00 0.0000E+00 0.0000E+00 0.0000E+00
 0.0000E+00 1.0255E-06 0.0000E+00 0.0000E+00 0.0000E+00 0.0000E+00 0.0000E+00 0.0000E+00 0.0000E+00 0.0000E+00 0.0000E+00 0.0000E+00 0.0000E+00 0.0000E+00 0.0000E+00 1.3132E-05 4.1637E-05 1.2667E-05 0.0000E+00 8.7584E-06 1.3209E-05 0.0000E+00 0.0000E+00 0.0000E+00 0.0000E+00
 0.0000E+00 4.1018E-06 0.0000E+00 0.0000E+00 0.0000E+00 0.0000E+00 0.0000E+00 0.0000E+00 0.0000E+00 0.0000E+00 0.0000E+00 0.0000E+00 0.0000E+00 0.0000E+00 1.2017E-05 1.3132E-05 1.3879E-05 3.8002E-05 0.0000E+00 0.0000E+00 6.6044E-06 0.0000E+00 0.0000E+00 8.8760E-07 0.0000E+00
 0.0000E+00 2.0509E-06 0.0000E+00 0.0000E+00 0.0000E+00 0.0000E+00 0.0000E+00 0.0000E+00 0.0000E+00 0.0000E+00 0.0000E+00 0.0000E+00 0.0000E+00 0.0000E+00 0.0000E+00 0.0000E+00 5.5517E-05 0.0000E+00 0.0000E+00 0.0000E+00 4.6231E-05 0.0000E+00 0.0000E+00 0.0000E+00 0.0000E+00
 0.0000E+00 1.0255E-06 1.4314E-06 0.0000E+00 0.0000E+00 0.0000E+00 0.0000E+00 0.0000E+00 0.0000E+00 0.0000E+00 0.0000E+00 0.0000E+00 0.0000E+00 0.0000E+00 0.0000E+00 2.6264E-05 6.9396E-05 1.2667E-05 0.0000E+00 2.6275E-05 2.6418E-05 0.0000E+00 0.0000E+00 1.7752E-06 0.0000E+00
 0.0000E+00 5.6400E-06 0.0000E+00 0.0000E+00 0.0000E+00 0.0000E+00 0.0000E+00 0.0000E+00 0.0000E+00 0.0000E+00 0.0000E+00 0.0000E+00 0.0000E+00 0.0000E+00 0.0000E+00 0.0000E+00 4.1637E-05 0.0000E+00 0.0000E+00 1.7517E-05 1.3209E-05 0.0000E+00 0.0000E+00 8.8760E-07 0.0000E+00
 0.0000E+00 4.1018E-06 1.4314E-06 0.0000E+00 0.0000E+00 0.0000E+00 0.0000E+00 0.0000E+00 0.0000E+00 0.0000E+00 0.0000E+00 0.0000E+00 0.0000E+00 0.0000E+00 0.0000E+00 0.0000E+00 4.1637E-05 0.0000E+00 0.0000E+00 8.7584E-06 6.6044E-06 0.0000E+00 0.0000E+00 0.0000E+00 0.0000E+00
 0.0000E+00 6.1528E-06 0.0000E+00 0.0000E+00 0.0000E+00 0.0000E+00 0.0000E+00 0.0000E+00 0.0000E+00 0.0000E+00 0.0000E+00 0.0000E+00 0.0000E+00 0.0000E+00 0.0000E+00 0.0000E+00 5.5517E-05 0.0000E+00 0.0000E+00 0.0000E+00 6.6044E-06 0.0000E+00 0.0000E+00 0.0000E+00 0.0000E+00
 0.0000E+00 5.1273E-06 0.0000E+00 0.0000E+00 0.0000E+00 0.0000E+00 0.0000E+00 0.0000E+00 0.0000E+00 0.0000E+00 2.2626E-05 0.0000E+00 0.0000E+00 0.0000E+00 0.0000E+00 2.6264E-05 8.3275E-05 2.5335E-05 0.0000E+00 0.0000E+00 1.9813E-05 0.0000E+00 0.0000E+00 8.8760E-07 0.0000E+00
 0.0000E+00 5.6400E-06 0.0000E+00 0.0000E+00 0.0000E+00 0.0000E+00 0.0000E+00 0.0000E+00 0.0000E+00 0.0000E+00 0.0000E+00 0.0000E+00 0.0000E+00 0.0000E+00 0.0000E+00 2.6264E-05 9.7154E-05 0.0000E+00 0.0000E+00 0.0000E+00 2.6418E-05 0.0000E+00 0.0000E+00 8.8760E-07 0.0000E+00
 0.0000E+00 3.0764E-06 0.0000E+00 0.0000E+00 0.0000E+00 0.0000E+00 0.0000E+00 0.0000E+00 0.0000E+00 0.0000E+00 0.0000E+00 0.0000E+00 0.0000E+00 0.0000E+00 0.0000E+00 3.9396E-05 9.7154E-05 0.0000E+00 0.0000E+00 8.7584E-06 2.6418E-05 0.0000E+00 0.0000E+00 0.0000E+00 0.0000E+00
 0.0000E+00 3.5891E-06 0.0000E+00 0.0000E+00 0.0000E+00 0.0000E+00 0.0000E+00 0.0000E+00 0.0000E+00 0.0000E+00 0.0000E+00 0.0000E+00 0.0000E+00 0.0000E+00 0.0000E+00 9.1924E-05 6.9396E-05 2.5335E-05 0.0000E+00 1.7517E-05 1.3209E-05 0.0000E+00 0.0000E+00 0.0000E+00 0.0000E+00
 0.0000E+00 5.1273E-07 0.0000E+00 0.0000E+00 0.0000E+00 0.0000E+00 0.0000E+00 0.0000E+00 0.0000E+00 0.0000E+00 0.0000E+00 0.0000E+00 0.0000E+00 0.0000E+00 0.0000E+00 0.0000E+00 5.5517E-05 0.0000E+00 0.0000E+00 8.7584E-06 0.0000E+00 0.0000E+00 0.0000E+00 0.0000E+00 0.0000E+00
 0.0000E+00 2.5637E-06 0.0000E+00 0.0000E+00 0.0000E+00 0.0000E+00 0.0000E+00 0.0000E+00 0.0000E+00 1.3677E-05 0.0000E+00 0.0000E+00 0.0000E+00 0.0000E+00 0.0000E+00 1.3132E-05 4.1637E-05 1.2667E-05 0.0000E+00 0.0000E+00 6.6044E-06 0.0000E+00 0.0000E+00 8.8760E-07 0.0000E+00
 0.0000E+00 3.5891E-06 0.0000E+00 0.0000E+00 0.0000E+00 0.0000E+00 0.0000E+00 0.0000E+00 0.0000E+00 0.0000E+00 0.0000E+00 0.0000E+00 0.0000E+00 0.0000E+00 0.0000E+00 1.3132E-05 1.1103E-04 0.0000E+00 0.0000E+00 2.6275E-05 5.2835E-05 4.4866E-06 0.0000E+00 8.8760E-07 0.0000E+00
 0.0000E+00 1.0255E-06 0.0000E+00 0.0000E+00 0.0000E+00 0.0000E+00 0.0000E+00 0.0000E+00 0.0000E+00 0.0000E+00 0.0000E+00 0.0000E+00 0.0000E+00 0.0000E+00 0.0000E+00 0.0000E+00 9.7154E-05 3.8002E-05 0.0000E+00 3.5034E-05 6.6044E-06 0.0000E+00 0.0000E+00 0.0000E+00 0.0000E+00
 0.0000E+00 7.6910E-06 0.0000E+00 0.0000E+00 0.0000E+00 0.0000E+00 0.0000E+00 0.0000E+00 0.0000E+00 0.0000E+00 0.0000E+00 0.0000E+00 0.0000E+00 0.0000E+00 0.0000E+00 1.3132E-05 2.7758E-05 0.0000E+00 0.0000E+00 0.0000E+00 1.3209E-05 0.0000E+00 0.0000E+00 0.0000E+00 0.0000E+00
 0.0000E+00 5.6400E-06 0.0000E+00 0.0000E+00 0.0000E+00 0.0000E+00 0.0000E+00 0.0000E+00 0.0000E+00 0.0000E+00 0.0000E+00 0.0000E+00 0.0000E+00 0.0000E+00 0.0000E+00 1.3132E-05 4.1637E-05 0.0000E+00 0.0000E+00 1.7517E-05 1.3209E-05 0.0000E+00 0.0000E+00 0.0000E+00 0.0000E+00
 0.0000E+00 3.0764E-06 0.0000E+00 0.0000E+00 0.0000E+00 0.0000E+00 0.0000E+00 0.0000E+00 0.0000E+00 0.0000E+00 0.0000E+00 0.0000E+00 0.0000E+00 0.0000E+00 0.0000E+00 2.6264E-05 5.5517E-05 1.2667E-05 0.0000E+00 0.0000E+00 1.3209E-05 0.0000E+00 0.0000E+00 8.8760E-07 0.0000E+00
 0.0000E+00 5.6400E-06 0.0000E+00 0.0000E+00 0.0000E+00 0.0000E+00 0.0000E+00 0.0000E+00 0.0000E+00 0.0000E+00 0.0000E+00 0.0000E+00 0.0000E+00 0.0000E+00 0.0000E+00 0.0000E+00 2.7758E-05 0.0000E+00 0.0000E+00 3.5034E-05 1.3209E-05 0.0000E+00 0.0000E+00 0.0000E+00 0.0000E+00
 0.0000E+00 2.5637E-06 0.0000E+00 0.0000E+00 0.0000E+00 0.0000E+00 0.0000E+00 0.0000E+00 0.0000E+00 0.0000E+00 0.0000E+00 0.0000E+00 0.0000E+00 0.0000E+00 0.0000E+00 2.6264E-05 0.0000E+00 2.5335E-05 0.0000E+00 0.0000E+00 1.9813E-05 4.4866E-06 0.0000E+00 8.8760E-07 0.0000E+00
 0.0000E+00 7.1782E-06 0.0000E+00 0.0000E+00 0.0000E+00 0.0000E+00 0.0000E+00 0.0000E+00 0.0000E+00 0.0000E+00 0.0000E+00 0.0000E+00 0.0000E+00 0.0000E+00 0.0000E+00 1.3132E-05 4.1637E-05 1.2667E-05 0.0000E+00 0.0000E+00 6.6044E-06 0.0000E+00 0.0000E+00 0.0000E+00 0.0000E+00
 0.0000E+00 4.1018E-06 1.4314E-06 0.0000E+00 0.0000E+00 0.0000E+00 0.0000E+00 0.0000E+00 0.0000E+00 0.0000E+00 0.0000E+00 0.0000E+00 0.0000E+00 0.0000E+00 0.0000E+00 0.0000E+00 5.5517E-05 0.0000E+00 0.0000E+00 0.0000E+00 0.0000E+00 0.0000E+00 0.0000E+00 0.0000E+00 0.0000E+00
 0.0000E+00 2.0509E-06 0.0000E+00 0.0000E+00 0.0000E+00 0.0000E+00 0.0000E+00 0.0000E+00 0.0000E+00 0.0000E+00 0.0000E+00 0.0000E+00 0.0000E+00 0.0000E+00 0.0000E+00 0.0000E+00 2.7758E-05 1.2667E-05 0.0000E+00 3.5034E-05 0.0000E+00 0.0000E+00 0.0000E+00 0.0000E+00 0.0000E+00
 0.0000E+00 5.1273E-06 0.0000E+00 0.0000E+00 0.0000E+00 0.0000E+00 0.0000E+00 0.0000E+00 0.0000E+00 0.0000E+00 0.0000E+00 0.0000E+00 0.0000E+00 0.0000E+00 0.0000E+00 2.6264E-05 0.0000E+00 0.0000E+00 0.0000E+00 0.0000E+00 3.3022E-05 0.0000E+00 0.0000E+00 0.0000E+00 0.0000E+00
 0.0000E+00 3.0764E-06 0.0000E+00 0.0000E+00 0.0000E+00 0.0000E+00 0.0000E+00 0.0000E+00 0.0000E+00 0.0000E+00 0.0000E+00 0.0000E+00 0.0000E+00 0.0000E+00 0.0000E+00 1.3132E-05 2.7758E-05 0.0000E+00 0.0000E+00 0.0000E+00 0.0000E+00 0.0000E+00 0.0000E+00 0.0000E+00 0.0000E+00
 0.0000E+00 2.0509E-06 0.0000E+00 0.0000E+00 0.0000E+00 0.0000E+00 0.0000E+00 0.0000E+00 0.0000E+00 0.0000E+00 0.0000E+00 0.0000E+00 0.0000E+00 0.0000E+00 0.0000E+00 0.0000E+00 2.7758E-05 0.0000E+00 0.0000E+00 0.0000E+00 6.6044E-06 0.0000E+00 0.0000E+00 0.0000E+00 0.0000E+00
 0.0000E+00 3.0764E-06 0.0000E+00 0.0000E+00 0.0000E+00 0.0000E+00 0.0000E+00 0.0000E+00 0.0000E+00 0.0000E+00 0.0000E+00 0.0000E+00 0.0000E+00 0.0000E+00 0.0000E+00 0.0000E+00 9.7154E-05 0.0000E+00 0.0000E+00 8.7584E-06 6.6044E-06 0.0000E+00 0.0000E+00 0.0000E+00 0.0000E+00
 0.0000E+00 3.0764E-06 0.0000E+00 0.0000E+00 0.0000E+00 0.0000E+00 0.0000E+00 0.0000E+00 0.0000E+00 0.0000E+00 0.0000E+00 0.0000E+00 0.0000E+00 0.0000E+00 0.0000E+00 0.0000E+00 4.1637E-05 1.2667E-05 0.0000E+00 1.7517E-05 6.6044E-06 0.0000E+00 0.0000E+00 0.0000E+00 0.0000E+00
 0.0000E+00 2.5637E-06 0.0000E+00 0.0000E+00 0.0000E+00 0.0000E+00 0.0000E+00 0.0000E+00 0.0000E+00 0.0000E+00 0.0000E+00 0.0000E+00 0.0000E+00 0.0000E+00 0.0000E+00 2.6264E-05 1.2491E-04 1.2667E-05 0.0000E+00 8.7584E-06 1.3209E-05 4.4866E-06 0.0000E+00 0.0000E+00 0.0000E+00
 0.0000E+00 2.5637E-06 0.0000E+00 0.0000E+00 0.0000E+00 0.0000E+00 0.0000E+00 0.0000E+00 0.0000E+00 0.0000E+00 0.0000E+00 0.0000E+00 0.0000E+00 0.0000E+00 0.0000E+00 0.0000E+00 1.3879E-05 0.0000E+00 0.0000E+00 8.7584E-06 6.6044E-06 4.4866E-06 0.0000E+00 0.0000E+00 0.0000E+00
 0.0000E+00 5.1273E-06 0.0000E+00 0.0000E+00 0.0000E+00 0.0000E+00 0.0000E+00 0.0000E+00 0.0000E+00 0.0000E+00 0.0000E+00 0.0000E+00 0.0000E+00 0.0000E+00 0.0000E+00 1.3132E-05 1.3879E-05 0.0000E+00 0.0000E+00 8.7584E-06 1.3209E-05 0.0000E+00 0.0000E+00 1.7752E-06 0.0000E+00
 0.0000E+00 3.5891E-06 0.0000E+00 0.0000E+00 0.0000E+00 0.0000E+00 0.0000E+00 0.0000E+00 0.0000E+00 0.0000E+00 0.0000E+00 0.0000E+00 0.0000E+00 0.0000E+00 0.0000E+00 6.5660E-05 8.3275E-05 2.5335E-05 0.0000E+00 1.7517E-05 0.0000E+00 0.0000E+00 0.0000E+00 0.0000E+00 0.0000E+00
 0.0000E+00 4.1018E-06 0.0000E+00 0.0000E+00 0.0000E+00 0.0000E+00 0.0000E+00 0.0000E+00 0.0000E+00 0.0000E+00 0.0000E+00 0.0000E+00 0.0000E+00 0.0000E+00 0.0000E+00 1.3132E-05 6.9396E-05 3.8002E-05 0.0000E+00 8.7584E-06 6.6044E-06 0.0000E+00 0.0000E+00 8.8760E-07 0.0000E+00
 0.0000E+00 5.1273E-06 0.0000E+00 0.0000E+00 0.0000E+00 0.0000E+00 0.0000E+00 0.0000E+00 0.0000E+00 0.0000E+00 0.0000E+00 0.0000E+00 0.0000E+00 0.0000E+00 0.0000E+00 0.0000E+00 8.3275E-05 0.0000E+00 0.0000E+00 0.0000E+00 1.3209E-05 0.0000E+00 0.0000E+00 0.0000E+00 0.0000E+00
 0.0000E+00 3.5891E-06 0.0000E+00 0.0000E+00 0.0000E+00 0.0000E+00 0.0000E+00 0.0000E+00 0.0000E+00 0.0000E+00 0.0000E+00 0.0000E+00 0.0000E+00 0.0000E+00 0.0000E+00 0.0000E+00 1.1103E-04 0.0000E+00 0.0000E+00 0.0000E+00 1.3209E-05 0.0000E+00 0.0000E+00 0.0000E+00 0.0000E+00
 0.0000E+00 1.0255E-06 0.0000E+00 0.0000E+00 0.0000E+00 0.0000E+00 0.0000E+00 0.0000E+00 0.0000E+00 0.0000E+00 0.0000E+00 0.0000E+00 0.0000E+00 0.0000E+00 0.0000E+00 2.6264E-05 2.7758E-05 0.0000E+00 0.0000E+00 8.7584E-06 2.6418E-05 0.0000E+00 0.0000E+00 0.0000E+00 0.0000E+00
 0.0000E+00 2.0509E-06 0.0000E+00 0.0000E+00 0.0000E+00 0.0000E+00 0.0000E+00 0.0000E+00 0.0000E+00 0.0000E+00 0.0000E+00 0.0000E+00 0.0000E+00 0.0000E+00 0.0000E+00 7.8792E-05 1.3879E-05 0.0000E+00 0.0000E+00 8.7584E-06 0.0000E+00 8.9733E-06 0.0000E+00 0.0000E+00 0.0000E+00
 0.0000E+00 3.0764E-06 0.0000E+00 0.0000E+00 0.0000E+00 0.0000E+00 0.0000E+00 0.0000E+00 0.0000E+00 0.0000E+00 0.0000E+00 0.0000E+00 0.0000E+00 0.0000E+00 0.0000E+00 0.0000E+00 4.1637E-05 0.0000E+00 0.0000E+00 8.7584E-06 0.0000E+00 0.0000E+00 0.0000E+00 1.7752E-06 0.0000E+00
 0.0000E+00 2.5637E-06 0.0000E+00 0.0000E+00 0.0000E+00 0.0000E+00 0.0000E+00 0.0000E+00 0.0000E+00 0.0000E+00 0.0000E+00 0.0000E+00 0.0000E+00 0.0000E+00 0.0000E+00 3.9396E-05 4.1637E-05 0.0000E+00 0.0000E+00 0.0000E+00 1.9813E-05 0.0000E+00 0.0000E+00 0.0000E+00 0.0000E+00
 0.0000E+00 2.0509E-06 0.0000E+00 0.0000E+00 0.0000E+00 0.0000E+00 0.0000E+00 0.0000E+00 0.0000E+00 0.0000E+00 0.0000E+00 0.0000E+00 0.0000E+00 0.0000E+00 0.0000E+00 0.0000E+00 6.9396E-05 0.0000E+00 0.0000E+00 0.0000E+00 1.9813E-05 0.0000E+00 0.0000E+00 8.8760E-07 0.0000E+00
 0.0000E+00 4.6146E-06 0.0000E+00 0.0000E+00 0.0000E+00 0.0000E+00 0.0000E+00 0.0000E+00 0.0000E+00 0.0000E+00 0.0000E+00 0.0000E+00 0.0000E+00 0.0000E+00 0.0000E+00 0.0000E+00 4.1637E-05 2.5335E-05 0.0000E+00 0.0000E+00 1.3209E-05 0.0000E+00 0.0000E+00 0.0000E+00 0.0000E+00
 0.0000E+00 5.1273E-06 0.0000E+00 0.0000E+00 0.0000E+00 0.0000E+00 0.0000E+00 0.0000E+00 0.0000E+00 0.0000E+00 0.0000E+00 0.0000E+00 0.0000E+00 0.0000E+00 0.0000E+00 0.0000E+00 8.3275E-05 1.2667E-05 0.0000E+00 0.0000E+00 6.6044E-06 0.0000E+00 0.0000E+00 0.0000E+00 0.0000E+00
 0.0000E+00 3.5891E-06 0.0000E+00 0.0000E+00 0.0000E+00 0.0000E+00 0.0000E+00 0.0000E+00 0.0000E+00 0.0000E+00 0.0000E+00 0.0000E+00 0.0000E+00 0.0000E+00 0.0000E+00 2.6264E-05 6.9396E-05 0.0000E+00 0.0000E+00 8.7584E-06 0.0000E+00 0.0000E+00 0.0000E+00 1.7752E-06 0.0000E+00
 0.0000E+00 1.0255E-06 0.0000E+00 0.0000E+00 0.0000E+00 0.0000E+00 0.0000E+00 0.0000E+00 0.0000E+00 0.0000E+00 0.0000E+00 0.0000E+00 0.0000E+00 0.0000E+00 0.0000E+00 1.3132E-05 9.7154E-05 0.0000E+00 0.0000E+00 0.0000E+00 1.3209E-05 0.0000E+00 0.0000E+00 0.0000E+00 0.0000E+00
 0.0000E+00 3.0764E-06 0.0000E+00 0.0000E+00 0.0000E+00 0.0000E+00 0.0000E+00 0.0000E+00 0.0000E+00 0.0000E+00 0.0000E+00 0.0000E+00 0.0000E+00 0.0000E+00 0.0000E+00 1.3132E-05 4.1637E-05 1.2667E-05 0.0000E+00 8.7584E-06 1.9813E-05 0.0000E+00 0.0000E+00 0.0000E+00 0.0000E+00
 0.0000E+00 1.5382E-06 0.0000E+00 0.0000E+00 0.0000E+00 0.0000E+00 0.0000E+00 0.0000E+00 0.0000E+00 0.0000E+00 0.0000E+00 0.0000E+00 0.0000E+00 0.0000E+00 0.0000E+00 0.0000E+00 2.7758E-05 1.2667E-05 0.0000E+00 0.0000E+00 1.3209E-05 4.4866E-06 0.0000E+00 8.8760E-07 0.0000E+00
 0.0000E+00 3.0764E-06 0.0000E+00 0.0000E+00 0.0000E+00 0.0000E+00 0.0000E+00 0.0000E+00 0.0000E+00 0.0000E+00 0.0000E+00 0.0000E+00 0.0000E+00 0.0000E+00 0.0000E+00 1.3132E-05 1.2491E-04 2.5335E-05 0.0000E+00 0.0000E+00 3.3022E-05 0.0000E+00 0.0000E+00 0.0000E+00 0.0000E+00
 0.0000E+00 3.0764E-06 0.0000E+00 0.0000E+00 0.0000E+00 0.0000E+00 0.0000E+00 0.0000E+00 0.0000E+00 0.0000E+00 0.0000E+00 0.0000E+00 0.0000E+00 0.0000E+00 0.0000E+00 1.3132E-05 4.1637E-05 0.0000E+00 0.0000E+00 0.0000E+00 2.6418E-05 0.0000E+00 0.0000E+00 0.0000E+00 0.0000E+00
 0.0000E+00 3.5891E-06 0.0000E+00 0.0000E+00 0.0000E+00 0.0000E+00 0.0000E+00 0.0000E+00 0.0000E+00 0.0000E+00 0.0000E+00 0.0000E+00 0.0000E+00 0.0000E+00 0.0000E+00 0.0000E+00 8.3275E-05 6.3337E-05 0.0000E+00 0.0000E+00 2.6418E-05 0.0000E+00 0.0000E+00 0.0000E+00 0.0000E+00
 0.0000E+00 1.5382E-06 0.0000E+00 0.0000E+00 0.0000E+00 0.0000E+00 0.0000E+00 0.0000E+00 0.0000E+00 0.0000E+00 0.0000E+00 0.0000E+00 0.0000E+00 0.0000E+00 0.0000E+00 3.9396E-05 8.3275E-05 2.5335E-05 0.0000E+00 0.0000E+00 0.0000E+00 0.0000E+00 0.0000E+00 8.8760E-07 0.0000E+00
 0.0000E+00 3.0764E-06 0.0000E+00 0.0000E+00 0.0000E+00 0.0000E+00 0.0000E+00 0.0000E+00 0.0000E+00 0.0000E+00 0.0000E+00 0.0000E+00 0.0000E+00 0.0000E+00 0.0000E+00 2.6264E-05 8.3275E-05 0.0000E+00 0.0000E+00 0.0000E+00 1.3209E-05 0.0000E+00 0.0000E+00 0.0000E+00 0.0000E+00
 0.0000E+00 1.0255E-06 0.0000E+00 0.0000E+00 0.0000E+00 0.0000E+00 0.0000E+00 0.0000E+00 0.0000E+00 0.0000E+00 0.0000E+00 0.0000E+00 0.0000E+00 0.0000E+00 0.0000E+00 2.6264E-05 4.1637E-05 0.0000E+00 0.0000E+00 8.7584E-06 6.6044E-06 4.4866E-06 0.0000E+00 0.0000E+00 0.0000E+00
 0.0000E+00 2.5637E-06 0.0000E+00 0.0000E+00 0.0000E+00 0.0000E+00 0.0000E+00 0.0000E+00 0.0000E+00 0.0000E+00 0.0000E+00 0.0000E+00 0.0000E+00 0.0000E+00 0.0000E+00 0.0000E+00 4.1637E-05 1.2667E-05 0.0000E+00 0.0000E+00 2.6418E-05 0.0000E+00 0.0000E+00 1.7752E-06 0.0000E+00
 0.0000E+00 3.5891E-06 0.0000E+00 0.0000E+00 0.0000E+00 0.0000E+00 0.0000E+00 0.0000E+00 0.0000E+00 0.0000E+00 0.0000E+00 0.0000E+00 0.0000E+00 0.0000E+00 0.0000E+00 2.6264E-05 1.3879E-05 0.0000E+00 0.0000E+00 1.7517E-05 0.0000E+00 0.0000E+00 0.0000E+00 0.0000E+00 0.0000E+00
 0.0000E+00 2.0509E-06 0.0000E+00 0.0000E+00 0.0000E+00 0.0000E+00 0.0000E+00 0.0000E+00 0.0000E+00 0.0000E+00 0.0000E+00 0.0000E+00 0.0000E+00 0.0000E+00 0.0000E+00 1.3132E-05 5.5517E-05 0.0000E+00 0.0000E+00 0.0000E+00 1.3209E-05 0.0000E+00 0.0000E+00 0.0000E+00 0.0000E+00
 0.0000E+00 4.6146E-06 0.0000E+00 0.0000E+00 0.0000E+00 0.0000E+00 0.0000E+00 0.0000E+00 0.0000E+00 0.0000E+00 0.0000E+00 0.0000E+00 0.0000E+00 0.0000E+00 0.0000E+00 0.0000E+00 4.1637E-05 0.0000E+00 0.0000E+00 1.7517E-05 3.9627E-05 0.0000E+00 0.0000E+00 0.0000E+00 0.0000E+00
 0.0000E+00 5.1273E-06 0.0000E+00 0.0000E+00 0.0000E+00 0.0000E+00 0.0000E+00 0.0000E+00 0.0000E+00 0.0000E+00 0.0000E+00 0.0000E+00 0.0000E+00 0.0000E+00 0.0000E+00 2.6264E-05 2.7758E-05 0.0000E+00 0.0000E+00 0.0000E+00 0.0000E+00 0.0000E+00 0.0000E+00 0.0000E+00 0.0000E+00
 0.0000E+00 2.5637E-06 0.0000E+00 0.0000E+00 0.0000E+00 0.0000E+00 0.0000E+00 0.0000E+00 0.0000E+00 0.0000E+00 0.0000E+00 0.0000E+00 0.0000E+00 0.0000E+00 0.0000E+00 1.3132E-05 8.3275E-05 0.0000E+00 0.0000E+00 0.0000E+00 1.3209E-05 0.0000E+00 0.0000E+00 0.0000E+00 0.0000E+00
 0.0000E+00 3.0764E-06 0.0000E+00 0.0000E+00 0.0000E+00 0.0000E+00 0.0000E+00 0.0000E+00 0.0000E+00 0.0000E+00 0.0000E+00 0.0000E+00 0.0000E+00 0.0000E+00 0.0000E+00 0.0000E+00 4.1637E-05 0.0000E+00 0.0000E+00 8.7584E-06 0.0000E+00 4.4866E-06 0.0000E+00 0.0000E+00 0.0000E+00
 0.0000E+00 2.5637E-06 0.0000E+00 0.0000E+00 0.0000E+00 0.0000E+00 0.0000E+00 0.0000E+00 0.0000E+00 0.0000E+00 0.0000E+00 0.0000E+00 0.0000E+00 0.0000E+00 0.0000E+00 0.0000E+00 1.1103E-04 0.0000E+00 0.0000E+00 8.7584E-06 1.9813E-05 0.0000E+00 0.0000E+00 0.0000E+00 0.0000E+00
 0.0000E+00 2.5637E-06 0.0000E+00 0.0000E+00 0.0000E+00 0.0000E+00 0.0000E+00 0.0000E+00 0.0000E+00 0.0000E+00 0.0000E+00 0.0000E+00 0.0000E+00 0.0000E+00 0.0000E+00 0.0000E+00 1.3879E-04 0.0000E+00 0.0000E+00 0.0000E+00 1.3209E-05 0.0000E+00 0.0000E+00 0.0000E+00 0.0000E+00
 0.0000E+00 2.5637E-06 0.0000E+00 0.0000E+00 0.0000E+00 0.0000E+00 0.0000E+00 0.0000E+00 0.0000E+00 0.0000E+00 0.0000E+00 0.0000E+00 0.0000E+00 0.0000E+00 0.0000E+00 0.0000E+00 6.9396E-05 0.0000E+00 0.0000E+00 8.7584E-06 6.6044E-06 0.0000E+00 0.0000E+00 0.0000E+00 0.0000E+00
 0.0000E+00 5.6400E-06 0.0000E+00 0.0000E+00 0.0000E+00 0.0000E+00 0.0000E+00 0.0000E+00 0.0000E+00 0.0000E+00 0.0000E+00 0.0000E+00 0.0000E+00 0.0000E+00 0.0000E+00 3.9396E-05 5.5517E-05 0.0000E+00 0.0000E+00 0.0000E+00 6.6044E-06 0.0000E+00 0.0000E+00 0.0000E+00 0.0000E+00
 0.0000E+00 3.0764E-06 0.0000E+00 0.0000E+00 0.0000E+00 0.0000E+00 0.0000E+00 0.0000E+00 0.0000E+00 0.0000E+00 0.0000E+00 0.0000E+00 0.0000E+00 0.0000E+00 0.0000E+00 0.0000E+00 5.5517E-05 0.0000E+00 0.0000E+00 3.5034E-05 1.3209E-05 0.0000E+00 0.0000E+00 0.0000E+00 0.0000E+00
 0.0000E+00 3.5891E-06 1.4314E-06 0.0000E+00 0.0000E+00 0.0000E+00 0.0000E+00 0.0000E+00 0.0000E+00 0.0000E+00 0.0000E+00 0.0000E+00 0.0000E+00 0.0000E+00 0.0000E+00 0.0000E+00 5.5517E-05 1.2667E-05 0.0000E+00 8.7584E-06 6.6044E-06 4.4866E-06 0.0000E+00 0.0000E+00 0.0000E+00
 0.0000E+00 2.0509E-06 0.0000E+00 0.0000E+00 0.0000E+00 0.0000E+00 0.0000E+00 0.0000E+00 0.0000E+00 0.0000E+00 0.0000E+00 0.0000E+00 0.0000E+00 0.0000E+00 0.0000E+00 2.6264E-05 9.7154E-05 0.0000E+00 0.0000E+00 0.0000E+00 3.3022E-05 0.0000E+00 0.0000E+00 0.0000E+00 0.0000E+00
 0.0000E+00 1.0255E-06 0.0000E+00 0.0000E+00 0.0000E+00 0.0000E+00 0.0000E+00 0.0000E+00 0.0000E+00 0.0000E+00 0.0000E+00 0.0000E+00 0.0000E+00 0.0000E+00 0.0000E+00 0.0000E+00 9.7154E-05 0.0000E+00 0.0000E+00 8.7584E-06 0.0000E+00 0.0000E+00 0.0000E+00 0.0000E+00 0.0000E+00
 0.0000E+00 2.0509E-06 0.0000E+00 0.0000E+00 0.0000E+00 0.0000E+00 0.0000E+00 0.0000E+00 0.0000E+00 0.0000E+00 0.0000E+00 0.0000E+00 0.0000E+00 0.0000E+00 0.0000E+00 0.0000E+00 6.9396E-05 0.0000E+00 0.0000E+00 0.0000E+00 0.0000E+00 4.4866E-06 0.0000E+00 0.0000E+00 0.0000E+00
 0.0000E+00 1.5382E-06 2.8628E-06 0.0000E+00 0.0000E+00 0.0000E+00 0.0000E+00 0.0000E+00 0.0000E+00 0.0000E+00 0.0000E+00 0.0000E+00 0.0000E+00 0.0000E+00 0.0000E+00 0.0000E+00 6.9396E-05 0.0000E+00 0.0000E+00 0.0000E+00 1.9813E-05 0.0000E+00 0.0000E+00 0.0000E+00 0.0000E+00
 0.0000E+00 4.6146E-06 0.0000E+00 0.0000E+00 0.0000E+00 0.0000E+00 0.0000E+00 0.0000E+00 0.0000E+00 0.0000E+00 0.0000E+00 0.0000E+00 0.0000E+00 0.0000E+00 0.0000E+00 1.3132E-05 6.9396E-05 1.2667E-05 0.0000E+00 0.0000E+00 1.3209E-05 0.0000E+00 0.0000E+00 8.8760E-07 0.0000E+00
 0.0000E+00 3.5891E-06 0.0000E+00 0.0000E+00 0.0000E+00 0.0000E+00 0.0000E+00 0.0000E+00 0.0000E+00 0.0000E+00 0.0000E+00 0.0000E+00 0.0000E+00 0.0000E+00 0.0000E+00 0.0000E+00 1.3879E-05 1.2667E-05 0.0000E+00 5.2550E-05 1.9813E-05 0.0000E+00 0.0000E+00 0.0000E+00 0.0000E+00
 0.0000E+00 1.5382E-06 0.0000E+00 0.0000E+00 0.0000E+00 0.0000E+00 0.0000E+00 0.0000E+00 0.0000E+00 0.0000E+00 0.0000E+00 0.0000E+00 0.0000E+00 0.0000E+00 0.0000E+00 1.3132E-05 8.3275E-05 0.0000E+00 0.0000E+00 8.7584E-06 6.6044E-06 4.4866E-06 0.0000E+00 0.0000E+00 0.0000E+00
 0.0000E+00 6.1528E-06 0.0000E+00 0.0000E+00 0.0000E+00 0.0000E+00 0.0000E+00 0.0000E+00 0.0000E+00 0.0000E+00 0.0000E+00 0.0000E+00 0.0000E+00 0.0000E+00 0.0000E+00 0.0000E+00 1.2491E-04 3.8002E-05 0.0000E+00 0.0000E+00 4.6231E-05 4.4866E-06 0.0000E+00 8.8760E-07 0.0000E+00
 0.0000E+00 1.5382E-06 0.0000E+00 0.0000E+00 0.0000E+00 0.0000E+00 0.0000E+00 0.0000E+00 0.0000E+00 0.0000E+00 0.0000E+00 0.0000E+00 0.0000E+00 0.0000E+00 0.0000E+00 0.0000E+00 9.7154E-05 0.0000E+00 0.0000E+00 8.7584E-06 0.0000E+00 0.0000E+00 0.0000E+00 0.0000E+00 0.0000E+00
 0.0000E+00 1.5382E-06 0.0000E+00 0.0000E+00 0.0000E+00 0.0000E+00 0.0000E+00 0.0000E+00 0.0000E+00 0.0000E+00 0.0000E+00 0.0000E+00 0.0000E+00 0.0000E+00 0.0000E+00 1.3132E-05 6.9396E-05 2.5335E-05 0.0000E+00 0.0000E+00 0.0000E+00 4.4866E-06 0.0000E+00 8.8760E-07 0.0000E+00
 0.0000E+00 1.0255E-06 0.0000E+00 0.0000E+00 0.0000E+00 0.0000E+00 0.0000E+00 0.0000E+00 0.0000E+00 0.0000E+00 0.0000E+00 0.0000E+00 0.0000E+00 0.0000E+00 0.0000E+00 1.3132E-05 6.9396E-05 0.0000E+00 0.0000E+00 8.7584E-06 3.3022E-05 4.4866E-06 0.0000E+00 8.8760E-07 0.0000E+00
 0.0000E+00 2.5637E-06 0.0000E+00 0.0000E+00 0.0000E+00 0.0000E+00 0.0000E+00 0.0000E+00 0.0000E+00 0.0000E+00 0.0000E+00 0.0000E+00 0.0000E+00 0.0000E+00 0.0000E+00 0.0000E+00 1.3879E-05 0.0000E+00 0.0000E+00 0.0000E+00 6.6044E-06 0.0000E+00 0.0000E+00 0.0000E+00 0.0000E+00
 0.0000E+00 3.5891E-06 0.0000E+00 0.0000E+00 0.0000E+00 0.0000E+00 0.0000E+00 0.0000E+00 0.0000E+00 0.0000E+00 0.0000E+00 0.0000E+00 0.0000E+00 0.0000E+00 1.2017E-05 0.0000E+00 0.0000E+00 0.0000E+00 0.0000E+00 0.0000E+00 2.6418E-05 0.0000E+00 0.0000E+00 0.0000E+00 0.0000E+00
 0.0000E+00 2.0509E-06 0.0000E+00 0.0000E+00 0.0000E+00 0.0000E+00 0.0000E+00 0.0000E+00 0.0000E+00 0.0000E+00 0.0000E+00 0.0000E+00 0.0000E+00 0.0000E+00 0.0000E+00 3.9396E-05 9.7154E-05 0.0000E+00 0.0000E+00 0.0000E+00 3.3022E-05 0.0000E+00 0.0000E+00 0.0000E+00 0.0000E+00
 0.0000E+00 6.6655E-06 0.0000E+00 0.0000E+00 0.0000E+00 0.0000E+00 0.0000E+00 0.0000E+00 0.0000E+00 0.0000E+00 0.0000E+00 0.0000E+00 0.0000E+00 0.0000E+00 0.0000E+00 6.5660E-05 1.1103E-04 2.5335E-05 0.0000E+00 2.6275E-05 3.3022E-05 0.0000E+00 0.0000E+00 0.0000E+00 0.0000E+00
 0.0000E+00 2.0509E-06 1.4314E-06 0.0000E+00 0.0000E+00 0.0000E+00 0.0000E+00 0.0000E+00 0.0000E+00 0.0000E+00 0.0000E+00 0.0000E+00 0.0000E+00 0.0000E+00 0.0000E+00 0.0000E+00 9.7154E-05 0.0000E+00 0.0000E+00 0.0000E+00 1.3209E-05 0.0000E+00 0.0000E+00 0.0000E+00 0.0000E+00
 0.0000E+00 3.0764E-06 0.0000E+00 0.0000E+00 0.0000E+00 0.0000E+00 0.0000E+00 0.0000E+00 0.0000E+00 0.0000E+00 0.0000E+00 0.0000E+00 0.0000E+00 0.0000E+00 0.0000E+00 0.0000E+00 1.3879E-05 0.0000E+00 0.0000E+00 0.0000E+00 6.6044E-06 1.3460E-05 0.0000E+00 0.0000E+00 0.0000E+00
 0.0000E+00 3.5891E-06 0.0000E+00 0.0000E+00 0.0000E+00 0.0000E+00 0.0000E+00 0.0000E+00 0.0000E+00 0.0000E+00 0.0000E+00 0.0000E+00 0.0000E+00 0.0000E+00 0.0000E+00 0.0000E+00 8.3275E-05 0.0000E+00 0.0000E+00 0.0000E+00 1.9813E-05 0.0000E+00 0.0000E+00 0.0000E+00 0.0000E+00
 0.0000E+00 1.0255E-06 0.0000E+00 0.0000E+00 0.0000E+00 0.0000E+00 0.0000E+00 0.0000E+00 0.0000E+00 0.0000E+00 0.0000E+00 0.0000E+00 0.0000E+00 0.0000E+00 0.0000E+00 2.6264E-05 4.1637E-05 1.2667E-05 0.0000E+00 0.0000E+00 1.9813E-05 0.0000E+00 0.0000E+00 0.0000E+00 0.0000E+00
 0.0000E+00 2.0509E-06 0.0000E+00 0.0000E+00 0.0000E+00 0.0000E+00 0.0000E+00 0.0000E+00 0.0000E+00 0.0000E+00 0.0000E+00 0.0000E+00 0.0000E+00 0.0000E+00 0.0000E+00 0.0000E+00 5.5517E-05 1.2667E-05 0.0000E+00 0.0000E+00 3.3022E-05 0.0000E+00 0.0000E+00 8.8760E-07 0.0000E+00
 0.0000E+00 5.1273E-07 0.0000E+00 0.0000E+00 0.0000E+00 0.0000E+00 0.0000E+00 0.0000E+00 0.0000E+00 0.0000E+00 0.0000E+00 0.0000E+00 0.0000E+00 0.0000E+00 0.0000E+00 1.3132E-05 9.7154E-05 0.0000E+00 0.0000E+00 0.0000E+00 6.6044E-06 0.0000E+00 0.0000E+00 0.0000E+00 0.0000E+00
 0.0000E+00 3.5891E-06 0.0000E+00 0.0000E+00 0.0000E+00 0.0000E+00 0.0000E+00 0.0000E+00 0.0000E+00 0.0000E+00 0.0000E+00 0.0000E+00 0.0000E+00 0.0000E+00 0.0000E+00 0.0000E+00 9.7154E-05 3.8002E-05 0.0000E+00 0.0000E+00 6.6044E-06 0.0000E+00 0.0000E+00 0.0000E+00 0.0000E+00
 0.0000E+00 5.1273E-07 0.0000E+00 0.0000E+00 0.0000E+00 0.0000E+00 0.0000E+00 0.0000E+00 0.0000E+00 0.0000E+00 0.0000E+00 0.0000E+00 0.0000E+00 0.0000E+00 0.0000E+00 6.5660E-05 4.1637E-05 3.8002E-05 0.0000E+00 0.0000E+00 1.9813E-05 0.0000E+00 0.0000E+00 1.7752E-06 0.0000E+00
 0.0000E+00 1.0255E-06 0.0000E+00 0.0000E+00 0.0000E+00 0.0000E+00 0.0000E+00 0.0000E+00 0.0000E+00 0.0000E+00 0.0000E+00 0.0000E+00 0.0000E+00 0.0000E+00 1.2017E-05 2.6264E-05 1.3879E-05 0.0000E+00 0.0000E+00 8.7584E-06 2.6418E-05 0.0000E+00 0.0000E+00 0.0000E+00 0.0000E+00
 0.0000E+00 3.5891E-06 0.0000E+00 0.0000E+00 0.0000E+00 0.0000E+00 0.0000E+00 0.0000E+00 0.0000E+00 0.0000E+00 0.0000E+00 0.0000E+00 0.0000E+00 0.0000E+00 0.0000E+00 2.6264E-05 8.3275E-05 1.2667E-05 0.0000E+00 0.0000E+00 0.0000E+00 0.0000E+00 0.0000E+00 0.0000E+00 0.0000E+00
 0.0000E+00 1.0255E-06 0.0000E+00 0.0000E+00 0.0000E+00 0.0000E+00 0.0000E+00 0.0000E+00 0.0000E+00 0.0000E+00 0.0000E+00 0.0000E+00 0.0000E+00 0.0000E+00 0.0000E+00 0.0000E+00 5.5517E-05 1.2667E-05 0.0000E+00 1.7517E-05 1.3209E-05 4.4866E-06 0.0000E+00 8.8760E-07 0.0000E+00
 0.0000E+00 2.0509E-06 0.0000E+00 0.0000E+00 0.0000E+00 0.0000E+00 0.0000E+00 0.0000E+00 0.0000E+00 0.0000E+00 0.0000E+00 0.0000E+00 0.0000E+00 0.0000E+00 0.0000E+00 0.0000E+00 4.1637E-05 0.0000E+00 0.0000E+00 0.0000E+00 0.0000E+00 4.4866E-06 0.0000E+00 0.0000E+00 0.0000E+00
 0.0000E+00 4.6146E-06 0.0000E+00 0.0000E+00 0.0000E+00 0.0000E+00 0.0000E+00 0.0000E+00 0.0000E+00 0.0000E+00 0.0000E+00 0.0000E+00 0.0000E+00 0.0000E+00 0.0000E+00 0.0000E+00 5.5517E-05 2.5335E-05 0.0000E+00 0.0000E+00 2.6418E-05 8.9733E-06 0.0000E+00 0.0000E+00 0.0000E+00
 0.0000E+00 1.5382E-06 0.0000E+00 0.0000E+00 0.0000E+00 0.0000E+00 0.0000E+00 0.0000E+00 0.0000E+00 0.0000E+00 0.0000E+00 0.0000E+00 0.0000E+00 0.0000E+00 0.0000E+00 0.0000E+00 6.9396E-05 0.0000E+00 0.0000E+00 0.0000E+00 4.6231E-05 0.0000E+00 0.0000E+00 0.0000E+00 0.0000E+00
 0.0000E+00 2.0509E-06 0.0000E+00 0.0000E+00 0.0000E+00 0.0000E+00 0.0000E+00 0.0000E+00 0.0000E+00 0.0000E+00 0.0000E+00 0.0000E+00 0.0000E+00 0.0000E+00 0.0000E+00 0.0000E+00 9.7154E-05 2.5335E-05 0.0000E+00 0.0000E+00 1.9813E-05 0.0000E+00 0.0000E+00 0.0000E+00 0.0000E+00
 0.0000E+00 2.5637E-06 0.0000E+00 0.0000E+00 0.0000E+00 0.0000E+00 0.0000E+00 0.0000E+00 0.0000E+00 0.0000E+00 0.0000E+00 0.0000E+00 0.0000E+00 0.0000E+00 0.0000E+00 0.0000E+00 5.5517E-05 0.0000E+00 0.0000E+00 0.0000E+00 3.9627E-05 4.4866E-06 0.0000E+00 0.0000E+00 0.0000E+00
 0.0000E+00 5.1273E-07 0.0000E+00 0.0000E+00 0.0000E+00 0.0000E+00 0.0000E+00 0.0000E+00 0.0000E+00 0.0000E+00 0.0000E+00 0.0000E+00 0.0000E+00 0.0000E+00 0.0000E+00 1.3132E-05 1.1103E-04 0.0000E+00 0.0000E+00 0.0000E+00 4.6231E-05 4.4866E-06 0.0000E+00 0.0000E+00 0.0000E+00
 0.0000E+00 4.1018E-06 0.0000E+00 0.0000E+00 0.0000E+00 0.0000E+00 0.0000E+00 0.0000E+00 0.0000E+00 0.0000E+00 0.0000E+00 0.0000E+00 0.0000E+00 0.0000E+00 0.0000E+00 1.3132E-05 1.3879E-05 0.0000E+00 0.0000E+00 0.0000E+00 0.0000E+00 0.0000E+00 0.0000E+00 0.0000E+00 0.0000E+00
 0.0000E+00 1.5382E-06 0.0000E+00 0.0000E+00 0.0000E+00 0.0000E+00 0.0000E+00 0.0000E+00 0.0000E+00 0.0000E+00 0.0000E+00 0.0000E+00 0.0000E+00 0.0000E+00 0.0000E+00 0.0000E+00 6.9396E-05 0.0000E+00 0.0000E+00 8.7584E-06 6.6044E-06 0.0000E+00 0.0000E+00 0.0000E+00 0.0000E+00
 0.0000E+00 2.0509E-06 0.0000E+00 0.0000E+00 0.0000E+00 0.0000E+00 0.0000E+00 0.0000E+00 0.0000E+00 0.0000E+00 0.0000E+00 0.0000E+00 0.0000E+00 0.0000E+00 0.0000E+00 0.0000E+00 5.5517E-05 1.2667E-05 0.0000E+00 0.0000E+00 0.0000E+00 0.0000E+00 0.0000E+00 0.0000E+00 0.0000E+00
 0.0000E+00 1.5382E-06 0.0000E+00 0.0000E+00 0.0000E+00 0.0000E+00 0.0000E+00 0.0000E+00 0.0000E+00 0.0000E+00 0.0000E+00 0.0000E+00 0.0000E+00 0.0000E+00 0.0000E+00 0.0000E+00 0.0000E+00 0.0000E+00 0.0000E+00 8.7584E-06 1.9813E-05 0.0000E+00 0.0000E+00 0.0000E+00 0.0000E+00
 0.0000E+00 3.0764E-06 0.0000E+00 0.0000E+00 0.0000E+00 0.0000E+00 0.0000E+00 0.0000E+00 0.0000E+00 0.0000E+00 0.0000E+00 0.0000E+00 0.0000E+00 0.0000E+00 0.0000E+00 0.0000E+00 1.3879E-05 0.0000E+00 0.0000E+00 0.0000E+00 6.6044E-06 8.9733E-06 0.0000E+00 8.8760E-07 0.0000E+00
 0.0000E+00 3.0764E-06 0.0000E+00 0.0000E+00 0.0000E+00 0.0000E+00 0.0000E+00 0.0000E+00 0.0000E+00 0.0000E+00 0.0000E+00 0.0000E+00 0.0000E+00 0.0000E+00 0.0000E+00 1.3132E-05 5.5517E-05 0.0000E+00 0.0000E+00 0.0000E+00 3.9627E-05 0.0000E+00 0.0000E+00 0.0000E+00 0.0000E+00
 0.0000E+00 2.0509E-06 0.0000E+00 0.0000E+00 0.0000E+00 0.0000E+00 0.0000E+00 0.0000E+00 0.0000E+00 0.0000E+00 0.0000E+00 0.0000E+00 0.0000E+00 0.0000E+00 0.0000E+00 1.3132E-05 2.7758E-05 0.0000E+00 0.0000E+00 8.7584E-06 3.3022E-05 0.0000E+00 0.0000E+00 0.0000E+00 0.0000E+00
 0.0000E+00 1.5382E-06 0.0000E+00 0.0000E+00 0.0000E+00 0.0000E+00 0.0000E+00 0.0000E+00 0.0000E+00 0.0000E+00 0.0000E+00 0.0000E+00 0.0000E+00 0.0000E+00 0.0000E+00 1.3132E-05 6.9396E-05 0.0000E+00 0.0000E+00 0.0000E+00 1.9813E-05 0.0000E+00 0.0000E+00 0.0000E+00 0.0000E+00
 0.0000E+00 3.5891E-06 0.0000E+00 0.0000E+00 0.0000E+00 0.0000E+00 0.0000E+00 0.0000E+00 0.0000E+00 0.0000E+00 0.0000E+00 0.0000E+00 0.0000E+00 0.0000E+00 0.0000E+00 0.0000E+00 5.5517E-05 0.0000E+00 0.0000E+00 0.0000E+00 0.0000E+00 8.9733E-06 0.0000E+00 0.0000E+00 0.0000E+00
 0.0000E+00 2.5637E-06 0.0000E+00 0.0000E+00 0.0000E+00 0.0000E+00 0.0000E+00 0.0000E+00 0.0000E+00 0.0000E+00 0.0000E+00 0.0000E+00 0.0000E+00 0.0000E+00 0.0000E+00 1.3132E-05 1.3879E-05 6.3337E-05 0.0000E+00 0.0000E+00 1.3209E-05 1.3460E-05 0.0000E+00 0.0000E+00 0.0000E+00
 0.0000E+00 3.5891E-06 0.0000E+00 0.0000E+00 0.0000E+00 0.0000E+00 0.0000E+00 0.0000E+00 0.0000E+00 0.0000E+00 0.0000E+00 0.0000E+00 0.0000E+00 0.0000E+00 0.0000E+00 0.0000E+00 0.0000E+00 0.0000E+00 0.0000E+00 0.0000E+00 1.3209E-05 0.0000E+00 0.0000E+00 0.0000E+00 0.0000E+00
 0.0000E+00 5.1273E-07 0.0000E+00 0.0000E+00 0.0000E+00 0.0000E+00 0.0000E+00 0.0000E+00 0.0000E+00 0.0000E+00 0.0000E+00 0.0000E+00 0.0000E+00 0.0000E+00 1.2017E-05 0.0000E+00 5.5517E-05 0.0000E+00 0.0000E+00 0.0000E+00 2.6418E-05 0.0000E+00 0.0000E+00 0.0000E+00 0.0000E+00
 0.0000E+00 2.0509E-06 0.0000E+00 0.0000E+00 0.0000E+00 0.0000E+00 0.0000E+00 0.0000E+00 0.0000E+00 0.0000E+00 0.0000E+00 0.0000E+00 0.0000E+00 0.0000E+00 0.0000E+00 0.0000E+00 4.1637E-05 0.0000E+00 0.0000E+00 0.0000E+00 6.6044E-06 0.0000E+00 0.0000E+00 0.0000E+00 0.0000E+00
 0.0000E+00 1.5382E-06 0.0000E+00 0.0000E+00 0.0000E+00 0.0000E+00 0.0000E+00 0.0000E+00 0.0000E+00 0.0000E+00 0.0000E+00 0.0000E+00 0.0000E+00 0.0000E+00 0.0000E+00 0.0000E+00 8.3275E-05 0.0000E+00 0.0000E+00 0.0000E+00 0.0000E+00 0.0000E+00 0.0000E+00 0.0000E+00 0.0000E+00
 0.0000E+00 1.0255E-06 0.0000E+00 0.0000E+00 0.0000E+00 0.0000E+00 0.0000E+00 0.0000E+00 0.0000E+00 0.0000E+00 0.0000E+00 0.0000E+00 0.0000E+00 0.0000E+00 0.0000E+00 0.0000E+00 8.3275E-05 0.0000E+00 0.0000E+00 8.7584E-06 1.3209E-05 0.0000E+00 0.0000E+00 0.0000E+00 0.0000E+00
 0.0000E+00 4.1018E-06 0.0000E+00 0.0000E+00 0.0000E+00 0.0000E+00 0.0000E+00 0.0000E+00 0.0000E+00 0.0000E+00 0.0000E+00 0.0000E+00 0.0000E+00 0.0000E+00 0.0000E+00 0.0000E+00 2.0819E-04 2.5335E-05 0.0000E+00 8.7584E-06 6.6044E-06 4.4866E-06 0.0000E+00 0.0000E+00 0.0000E+00
 0.0000E+00 1.5382E-06 0.0000E+00 0.0000E+00 0.0000E+00 0.0000E+00 0.0000E+00 0.0000E+00 0.0000E+00 0.0000E+00 0.0000E+00 0.0000E+00 0.0000E+00 0.0000E+00 0.0000E+00 2.6264E-05 1.3879E-05 1.2667E-05 0.0000E+00 0.0000E+00 5.9440E-05 0.0000E+00 0.0000E+00 0.0000E+00 0.0000E+00
 0.0000E+00 4.6146E-06 0.0000E+00 0.0000E+00 0.0000E+00 0.0000E+00 0.0000E+00 0.0000E+00 0.0000E+00 0.0000E+00 0.0000E+00 0.0000E+00 0.0000E+00 0.0000E+00 0.0000E+00 1.3132E-05 2.7758E-05 0.0000E+00 0.0000E+00 0.0000E+00 3.9627E-05 0.0000E+00 0.0000E+00 0.0000E+00 0.0000E+00
 0.0000E+00 4.6146E-06 0.0000E+00 0.0000E+00 0.0000E+00 0.0000E+00 0.0000E+00 0.0000E+00 0.0000E+00 0.0000E+00 0.0000E+00 0.0000E+00 0.0000E+00 0.0000E+00 0.0000E+00 0.0000E+00 8.3275E-05 0.0000E+00 0.0000E+00 2.6275E-05 6.6044E-06 0.0000E+00 0.0000E+00 0.0000E+00 0.0000E+00
 0.0000E+00 2.0509E-06 0.0000E+00 0.0000E+00 0.0000E+00 0.0000E+00 0.0000E+00 0.0000E+00 0.0000E+00 0.0000E+00 0.0000E+00 0.0000E+00 0.0000E+00 0.0000E+00 0.0000E+00 1.3132E-05 5.5517E-05 3.8002E-05 0.0000E+00 0.0000E+00 3.3022E-05 0.0000E+00 0.0000E+00 0.0000E+00 0.0000E+00
 0.0000E+00 1.0255E-06 0.0000E+00 0.0000E+00 0.0000E+00 0.0000E+00 0.0000E+00 0.0000E+00 0.0000E+00 0.0000E+00 0.0000E+00 0.0000E+00 0.0000E+00 0.0000E+00 0.0000E+00 1.3132E-05 2.7758E-05 1.2667E-05 0.0000E+00 0.0000E+00 6.6044E-06 0.0000E+00 0.0000E+00 0.0000E+00 0.0000E+00
 0.0000E+00 2.5637E-06 0.0000E+00 0.0000E+00 0.0000E+00 0.0000E+00 0.0000E+00 0.0000E+00 0.0000E+00 0.0000E+00 0.0000E+00 0.0000E+00 0.0000E+00 0.0000E+00 0.0000E+00 0.0000E+00 2.7758E-05 0.0000E+00 0.0000E+00 0.0000E+00 0.0000E+00 8.9733E-06 0.0000E+00 0.0000E+00 0.0000E+00
 0.0000E+00 0.0000E+00 0.0000E+00 0.0000E+00 0.0000E+00 0.0000E+00 0.0000E+00 0.0000E+00 0.0000E+00 0.0000E+00 0.0000E+00 0.0000E+00 0.0000E+00 0.0000E+00 0.0000E+00 1.3132E-05 4.1637E-05 0.0000E+00 0.0000E+00 0.0000E+00 1.3209E-05 4.4866E-06 0.0000E+00 0.0000E+00 0.0000E+00
 0.0000E+00 3.0764E-06 0.0000E+00 0.0000E+00 0.0000E+00 0.0000E+00 0.0000E+00 0.0000E+00 0.0000E+00 0.0000E+00 0.0000E+00 0.0000E+00 0.0000E+00 0.0000E+00 0.0000E+00 0.0000E+00 0.0000E+00 1.2667E-05 0.0000E+00 0.0000E+00 6.6044E-06 0.0000E+00 0.0000E+00 0.0000E+00 0.0000E+00
 0.0000E+00 2.5637E-06 0.0000E+00 0.0000E+00 0.0000E+00 0.0000E+00 0.0000E+00 0.0000E+00 0.0000E+00 0.0000E+00 0.0000E+00 0.0000E+00 0.0000E+00 0.0000E+00 0.0000E+00 5.2528E-05 5.5517E-05 0.0000E+00 0.0000E+00 0.0000E+00 3.9627E-05 8.9733E-06 0.0000E+00 0.0000E+00 0.0000E+00
 0.0000E+00 2.0509E-06 0.0000E+00 0.0000E+00 0.0000E+00 0.0000E+00 0.0000E+00 0.0000E+00 0.0000E+00 0.0000E+00 0.0000E+00 0.0000E+00 0.0000E+00 0.0000E+00 0.0000E+00 0.0000E+00 1.3879E-05 1.2667E-05 0.0000E+00 0.0000E+00 1.3209E-05 0.0000E+00 0.0000E+00 0.0000E+00 0.0000E+00
 0.0000E+00 2.0509E-06 0.0000E+00 0.0000E+00 0.0000E+00 0.0000E+00 0.0000E+00 0.0000E+00 0.0000E+00 0.0000E+00 0.0000E+00 0.0000E+00 0.0000E+00 0.0000E+00 0.0000E+00 1.3132E-05 6.9396E-05 0.0000E+00 0.0000E+00 0.0000E+00 2.6418E-05 4.4866E-06 0.0000E+00 0.0000E+00 0.0000E+00
 0.0000E+00 2.5637E-06 0.0000E+00 0.0000E+00 0.0000E+00 0.0000E+00 0.0000E+00 0.0000E+00 0.0000E+00 0.0000E+00 0.0000E+00 0.0000E+00 0.0000E+00 0.0000E+00 0.0000E+00 1.3132E-05 1.3879E-05 0.0000E+00 0.0000E+00 0.0000E+00 3.9627E-05 0.0000E+00 0.0000E+00 0.0000E+00 0.0000E+00
 0.0000E+00 2.5637E-06 0.0000E+00 0.0000E+00 0.0000E+00 0.0000E+00 0.0000E+00 0.0000E+00 0.0000E+00 0.0000E+00 0.0000E+00 0.0000E+00 0.0000E+00 0.0000E+00 0.0000E+00 0.0000E+00 5.5517E-05 0.0000E+00 0.0000E+00 1.7517E-05 1.3209E-05 8.9733E-06 0.0000E+00 0.0000E+00 0.0000E+00
 0.0000E+00 0.0000E+00 0.0000E+00 0.0000E+00 0.0000E+00 0.0000E+00 0.0000E+00 0.0000E+00 0.0000E+00 0.0000E+00 0.0000E+00 0.0000E+00 0.0000E+00 0.0000E+00 0.0000E+00 0.0000E+00 5.5517E-05 0.0000E+00 0.0000E+00 0.0000E+00 1.3209E-05 4.4866E-06 0.0000E+00 0.0000E+00 0.0000E+00
 0.0000E+00 1.5382E-06 0.0000E+00 0.0000E+00 0.0000E+00 0.0000E+00 0.0000E+00 0.0000E+00 0.0000E+00 0.0000E+00 0.0000E+00 0.0000E+00 0.0000E+00 0.0000E+00 0.0000E+00 1.3132E-05 1.3879E-05 0.0000E+00 0.0000E+00 8.7584E-06 0.0000E+00 0.0000E+00 0.0000E+00 0.0000E+00 0.0000E+00
 0.0000E+00 1.5382E-06 0.0000E+00 0.0000E+00 0.0000E+00 0.0000E+00 0.0000E+00 0.0000E+00 0.0000E+00 0.0000E+00 0.0000E+00 0.0000E+00 0.0000E+00 0.0000E+00 0.0000E+00 0.0000E+00 2.7758E-05 0.0000E+00 0.0000E+00 0.0000E+00 0.0000E+00 0.0000E+00 0.0000E+00 0.0000E+00 0.0000E+00
 0.0000E+00 1.5382E-06 0.0000E+00 0.0000E+00 0.0000E+00 0.0000E+00 0.0000E+00 0.0000E+00 0.0000E+00 0.0000E+00 0.0000E+00 0.0000E+00 0.0000E+00 0.0000E+00 0.0000E+00 0.0000E+00 4.1637E-05 0.0000E+00 0.0000E+00 0.0000E+00 6.6044E-06 0.0000E+00 0.0000E+00 0.0000E+00 0.0000E+00
 0.0000E+00 2.0509E-06 0.0000E+00 0.0000E+00 0.0000E+00 0.0000E+00 0.0000E+00 0.0000E+00 0.0000E+00 0.0000E+00 0.0000E+00 0.0000E+00 0.0000E+00 0.0000E+00 0.0000E+00 1.3132E-05 2.7758E-05 0.0000E+00 0.0000E+00 0.0000E+00 5.2835E-05 0.0000E+00 0.0000E+00 8.8760E-07 0.0000E+00
 0.0000E+00 1.0255E-06 0.0000E+00 0.0000E+00 0.0000E+00 0.0000E+00 0.0000E+00 0.0000E+00 0.0000E+00 0.0000E+00 0.0000E+00 0.0000E+00 0.0000E+00 0.0000E+00 0.0000E+00 1.3132E-05 6.9396E-05 0.0000E+00 0.0000E+00 0.0000E+00 1.3209E-05 0.0000E+00 0.0000E+00 8.8760E-07 0.0000E+00
 0.0000E+00 2.0509E-06 0.0000E+00 0.0000E+00 0.0000E+00 0.0000E+00 0.0000E+00 0.0000E+00 0.0000E+00 0.0000E+00 0.0000E+00 0.0000E+00 0.0000E+00 0.0000E+00 0.0000E+00 1.3132E-05 6.9396E-05 2.5335E-05 0.0000E+00 0.0000E+00 6.6044E-06 0.0000E+00 0.0000E+00 0.0000E+00 0.0000E+00
 0.0000E+00 2.0509E-06 0.0000E+00 0.0000E+00 0.0000E+00 0.0000E+00 0.0000E+00 0.0000E+00 0.0000E+00 0.0000E+00 0.0000E+00 0.0000E+00 0.0000E+00 0.0000E+00 0.0000E+00 0.0000E+00 4.1637E-05 0.0000E+00 0.0000E+00 0.0000E+00 6.6044E-05 0.0000E+00 0.0000E+00 0.0000E+00 0.0000E+00
 0.0000E+00 1.5382E-06 0.0000E+00 0.0000E+00 0.0000E+00 0.0000E+00 0.0000E+00 0.0000E+00 0.0000E+00 0.0000E+00 0.0000E+00 0.0000E+00 0.0000E+00 0.0000E+00 0.0000E+00 0.0000E+00 6.9396E-05 3.8002E-05 0.0000E+00 0.0000E+00 3.3022E-05 0.0000E+00 0.0000E+00 0.0000E+00 0.0000E+00
 0.0000E+00 3.0764E-06 0.0000E+00 0.0000E+00 0.0000E+00 0.0000E+00 0.0000E+00 0.0000E+00 0.0000E+00 0.0000E+00 0.0000E+00 0.0000E+00 0.0000E+00 0.0000E+00 0.0000E+00 1.3132E-05 6.9396E-05 0.0000E+00 0.0000E+00 8.7584E-06 6.6044E-06 0.0000E+00 0.0000E+00 0.0000E+00 0.0000E+00
 0.0000E+00 5.1273E-07 0.0000E+00 0.0000E+00 0.0000E+00 0.0000E+00 0.0000E+00 0.0000E+00 0.0000E+00 0.0000E+00 0.0000E+00 0.0000E+00 0.0000E+00 0.0000E+00 0.0000E+00 2.6264E-05 2.7758E-05 0.0000E+00 0.0000E+00 8.7584E-06 0.0000E+00 0.0000E+00 0.0000E+00 0.0000E+00 0.0000E+00
 0.0000E+00 2.5637E-06 0.0000E+00 0.0000E+00 0.0000E+00 0.0000E+00 0.0000E+00 0.0000E+00 0.0000E+00 0.0000E+00 0.0000E+00 0.0000E+00 0.0000E+00 0.0000E+00 0.0000E+00 1.3132E-05 0.0000E+00 0.0000E+00 0.0000E+00 0.0000E+00 1.3209E-05 0.0000E+00 0.0000E+00 0.0000E+00 0.0000E+00
 0.0000E+00 3.0764E-06 0.0000E+00 0.0000E+00 0.0000E+00 0.0000E+00 0.0000E+00 0.0000E+00 0.0000E+00 0.0000E+00 0.0000E+00 0.0000E+00 0.0000E+00 0.0000E+00 0.0000E+00 1.3132E-05 1.3879E-05 0.0000E+00 0.0000E+00 8.7584E-06 1.9813E-05 4.4866E-06 0.0000E+00 0.0000E+00 0.0000E+00
 0.0000E+00 4.6146E-06 0.0000E+00 0.0000E+00 0.0000E+00 0.0000E+00 0.0000E+00 0.0000E+00 0.0000E+00 0.0000E+00 0.0000E+00 0.0000E+00 0.0000E+00 0.0000E+00 0.0000E+00 2.6264E-05 2.7758E-05 0.0000E+00 0.0000E+00 1.7517E-05 3.3022E-05 0.0000E+00 0.0000E+00 0.0000E+00 0.0000E+00
 0.0000E+00 2.0509E-06 0.0000E+00 0.0000E+00 0.0000E+00 0.0000E+00 0.0000E+00 0.0000E+00 0.0000E+00 0.0000E+00 0.0000E+00 0.0000E+00 0.0000E+00 0.0000E+00 0.0000E+00 0.0000E+00 2.7758E-05 1.2667E-05 0.0000E+00 1.7517E-05 2.6418E-05 0.0000E+00 0.0000E+00 8.8760E-07 0.0000E+00
 0.0000E+00 1.0255E-06 0.0000E+00 0.0000E+00 0.0000E+00 0.0000E+00 0.0000E+00 0.0000E+00 0.0000E+00 0.0000E+00 0.0000E+00 0.0000E+00 0.0000E+00 0.0000E+00 0.0000E+00 0.0000E+00 1.3879E-05 0.0000E+00 0.0000E+00 0.0000E+00 1.3209E-05 0.0000E+00 0.0000E+00 0.0000E+00 0.0000E+00
 0.0000E+00 4.6146E-06 0.0000E+00 0.0000E+00 0.0000E+00 0.0000E+00 0.0000E+00 0.0000E+00 0.0000E+00 0.0000E+00 0.0000E+00 0.0000E+00 0.0000E+00 0.0000E+00 0.0000E+00 0.0000E+00 1.3879E-04 1.2667E-05 0.0000E+00 0.0000E+00 1.9813E-05 0.0000E+00 0.0000E+00 0.0000E+00 0.0000E+00
 0.0000E+00 4.1018E-06 0.0000E+00 0.0000E+00 0.0000E+00 0.0000E+00 0.0000E+00 0.0000E+00 0.0000E+00 0.0000E+00 0.0000E+00 0.0000E+00 0.0000E+00 0.0000E+00 0.0000E+00 0.0000E+00 0.0000E+00 0.0000E+00 0.0000E+00 0.0000E+00 1.3209E-05 0.0000E+00 0.0000E+00 8.8760E-07 0.0000E+00
 0.0000E+00 3.0764E-06 0.0000E+00 0.0000E+00 0.0000E+00 0.0000E+00 0.0000E+00 0.0000E+00 0.0000E+00 0.0000E+00 0.0000E+00 0.0000E+00 0.0000E+00 0.0000E+00 0.0000E+00 1.3132E-05 1.3879E-05 0.0000E+00 0.0000E+00 0.0000E+00 1.3209E-05 4.4866E-06 0.0000E+00 2.6628E-06 0.0000E+00
 0.0000E+00 4.1018E-06 0.0000E+00 0.0000E+00 0.0000E+00 0.0000E+00 0.0000E+00 0.0000E+00 0.0000E+00 0.0000E+00 0.0000E+00 0.0000E+00 0.0000E+00 0.0000E+00 0.0000E+00 0.0000E+00 2.7758E-05 1.2667E-05 0.0000E+00 0.0000E+00 2.6418E-05 8.9733E-06 0.0000E+00 0.0000E+00 0.0000E+00
 0.0000E+00 4.1018E-06 0.0000E+00 0.0000E+00 0.0000E+00 0.0000E+00 0.0000E+00 0.0000E+00 0.0000E+00 0.0000E+00 0.0000E+00 0.0000E+00 0.0000E+00 0.0000E+00 0.0000E+00 0.0000E+00 1.3879E-05 0.0000E+00 0.0000E+00 0.0000E+00 1.9813E-05 0.0000E+00 0.0000E+00 0.0000E+00 0.0000E+00
 0.0000E+00 4.1018E-06 0.0000E+00 0.0000E+00 0.0000E+00 0.0000E+00 0.0000E+00 0.0000E+00 0.0000E+00 0.0000E+00 0.0000E+00 0.0000E+00 0.0000E+00 0.0000E+00 0.0000E+00 3.9396E-05 1.3879E-05 0.0000E+00 0.0000E+00 0.0000E+00 2.6418E-05 0.0000E+00 0.0000E+00 0.0000E+00 0.0000E+00
 0.0000E+00 5.1273E-07 0.0000E+00 0.0000E+00 0.0000E+00 0.0000E+00 0.0000E+00 0.0000E+00 0.0000E+00 0.0000E+00 0.0000E+00 0.0000E+00 0.0000E+00 0.0000E+00 0.0000E+00 0.0000E+00 5.5517E-05 0.0000E+00 0.0000E+00 0.0000E+00 6.6044E-06 0.0000E+00 0.0000E+00 0.0000E+00 0.0000E+00
 0.0000E+00 1.0255E-06 0.0000E+00 0.0000E+00 0.0000E+00 0.0000E+00 0.0000E+00 0.0000E+00 0.0000E+00 0.0000E+00 0.0000E+00 0.0000E+00 0.0000E+00 0.0000E+00 0.0000E+00 0.0000E+00 1.3879E-05 0.0000E+00 0.0000E+00 0.0000E+00 4.6231E-05 0.0000E+00 0.0000E+00 0.0000E+00 0.0000E+00
 0.0000E+00 3.5891E-06 0.0000E+00 0.0000E+00 0.0000E+00 0.0000E+00 0.0000E+00 0.0000E+00 0.0000E+00 0.0000E+00 0.0000E+00 0.0000E+00 0.0000E+00 0.0000E+00 0.0000E+00 0.0000E+00 4.1637E-05 6.3337E-05 0.0000E+00 8.7584E-06 2.6418E-05 0.0000E+00 0.0000E+00 0.0000E+00 0.0000E+00
 0.0000E+00 5.1273E-06 0.0000E+00 0.0000E+00 0.0000E+00 0.0000E+00 0.0000E+00 0.0000E+00 0.0000E+00 0.0000E+00 0.0000E+00 0.0000E+00 0.0000E+00 0.0000E+00 0.0000E+00 0.0000E+00 6.9396E-05 1.2667E-05 0.0000E+00 0.0000E+00 3.9627E-05 0.0000E+00 0.0000E+00 0.0000E+00 0.0000E+00
 0.0000E+00 3.0764E-06 0.0000E+00 0.0000E+00 0.0000E+00 0.0000E+00 0.0000E+00 0.0000E+00 0.0000E+00 0.0000E+00 0.0000E+00 0.0000E+00 0.0000E+00 0.0000E+00 0.0000E+00 0.0000E+00 2.7758E-05 1.2667E-05 0.0000E+00 0.0000E+00 2.6418E-05 0.0000E+00 0.0000E+00 0.0000E+00 0.0000E+00
 0.0000E+00 2.0509E-06 0.0000E+00 0.0000E+00 0.0000E+00 0.0000E+00 0.0000E+00 0.0000E+00 0.0000E+00 0.0000E+00 0.0000E+00 0.0000E+00 0.0000E+00 0.0000E+00 0.0000E+00 0.0000E+00 1.3879E-05 0.0000E+00 0.0000E+00 0.0000E+00 6.6044E-06 4.4866E-06 0.0000E+00 0.0000E+00 0.0000E+00
 0.0000E+00 1.0255E-06 0.0000E+00 0.0000E+00 0.0000E+00 0.0000E+00 0.0000E+00 0.0000E+00 0.0000E+00 0.0000E+00 0.0000E+00 0.0000E+00 0.0000E+00 0.0000E+00 0.0000E+00 0.0000E+00 5.5517E-05 0.0000E+00 0.0000E+00 0.0000E+00 0.0000E+00 0.0000E+00 0.0000E+00 0.0000E+00 0.0000E+00
 0.0000E+00 2.0509E-06 0.0000E+00 0.0000E+00 0.0000E+00 0.0000E+00 0.0000E+00 0.0000E+00 0.0000E+00 0.0000E+00 0.0000E+00 0.0000E+00 0.0000E+00 0.0000E+00 0.0000E+00 3.9396E-05 1.3879E-05 0.0000E+00 0.0000E+00 0.0000E+00 0.0000E+00 0.0000E+00 0.0000E+00 0.0000E+00 0.0000E+00
 0.0000E+00 2.0509E-06 0.0000E+00 0.0000E+00 0.0000E+00 0.0000E+00 0.0000E+00 0.0000E+00 0.0000E+00 0.0000E+00 0.0000E+00 0.0000E+00 0.0000E+00 0.0000E+00 0.0000E+00 0.0000E+00 5.5517E-05 0.0000E+00 0.0000E+00 8.7584E-06 0.0000E+00 0.0000E+00 0.0000E+00 0.0000E+00 0.0000E+00
 0.0000E+00 4.6146E-06 0.0000E+00 0.0000E+00 0.0000E+00 0.0000E+00 0.0000E+00 0.0000E+00 0.0000E+00 0.0000E+00 0.0000E+00 0.0000E+00 0.0000E+00 0.0000E+00 0.0000E+00 1.3132E-05 1.3879E-05 1.2667E-05 0.0000E+00 8.7584E-06 1.3209E-05 0.0000E+00 0.0000E+00 0.0000E+00 0.0000E+00
 0.0000E+00 1.0255E-06 0.0000E+00 0.0000E+00 0.0000E+00 0.0000E+00 0.0000E+00 0.0000E+00 0.0000E+00 0.0000E+00 0.0000E+00 0.0000E+00 0.0000E+00 0.0000E+00 0.0000E+00 2.6264E-05 0.0000E+00 0.0000E+00 0.0000E+00 0.0000E+00 1.3209E-05 0.0000E+00 0.0000E+00 0.0000E+00 0.0000E+00
 0.0000E+00 1.5382E-06 0.0000E+00 0.0000E+00 0.0000E+00 0.0000E+00 0.0000E+00 0.0000E+00 0.0000E+00 0.0000E+00 0.0000E+00 0.0000E+00 0.0000E+00 0.0000E+00 0.0000E+00 0.0000E+00 4.1637E-05 0.0000E+00 0.0000E+00 0.0000E+00 4.6231E-05 1.3460E-05 0.0000E+00 0.0000E+00 0.0000E+00
 0.0000E+00 1.0255E-06 0.0000E+00 0.0000E+00 0.0000E+00 0.0000E+00 0.0000E+00 0.0000E+00 0.0000E+00 0.0000E+00 0.0000E+00 0.0000E+00 0.0000E+00 0.0000E+00 0.0000E+00 0.0000E+00 1.3879E-05 1.2667E-05 0.0000E+00 1.7517E-05 1.3209E-05 0.0000E+00 0.0000E+00 0.0000E+00 0.0000E+00
 0.0000E+00 1.5382E-06 0.0000E+00 0.0000E+00 0.0000E+00 0.0000E+00 0.0000E+00 0.0000E+00 0.0000E+00 0.0000E+00 0.0000E+00 0.0000E+00 0.0000E+00 0.0000E+00 0.0000E+00 0.0000E+00 1.3879E-05 0.0000E+00 0.0000E+00 0.0000E+00 1.3209E-05 4.4866E-06 0.0000E+00 0.0000E+00 0.0000E+00
 0.0000E+00 3.5891E-06 0.0000E+00 0.0000E+00 0.0000E+00 0.0000E+00 0.0000E+00 0.0000E+00 0.0000E+00 0.0000E+00 0.0000E+00 0.0000E+00 0.0000E+00 0.0000E+00 0.0000E+00 3.9396E-05 2.7758E-05 0.0000E+00 0.0000E+00 0.0000E+00 3.3022E-05 4.4866E-06 0.0000E+00 0.0000E+00 0.0000E+00
 0.0000E+00 2.0509E-06 0.0000E+00 0.0000E+00 0.0000E+00 0.0000E+00 0.0000E+00 0.0000E+00 0.0000E+00 0.0000E+00 0.0000E+00 0.0000E+00 0.0000E+00 0.0000E+00 0.0000E+00 0.0000E+00 8.3275E-05 0.0000E+00 0.0000E+00 0.0000E+00 6.6044E-06 8.9733E-06 0.0000E+00 0.0000E+00 0.0000E+00
 0.0000E+00 1.5382E-06 0.0000E+00 0.0000E+00 0.0000E+00 0.0000E+00 0.0000E+00 0.0000E+00 0.0000E+00 0.0000E+00 0.0000E+00 0.0000E+00 0.0000E+00 0.0000E+00 0.0000E+00 1.3132E-05 4.1637E-05 0.0000E+00 0.0000E+00 0.0000E+00 1.3209E-05 0.0000E+00 0.0000E+00 8.8760E-07 0.0000E+00
 0.0000E+00 2.0509E-06 0.0000E+00 0.0000E+00 0.0000E+00 0.0000E+00 0.0000E+00 0.0000E+00 0.0000E+00 0.0000E+00 0.0000E+00 0.0000E+00 0.0000E+00 0.0000E+00 0.0000E+00 1.3132E-05 5.5517E-05 1.2667E-05 0.0000E+00 1.7517E-05 6.6044E-06 0.0000E+00 0.0000E+00 0.0000E+00 0.0000E+00
 0.0000E+00 3.5891E-06 0.0000E+00 0.0000E+00 0.0000E+00 0.0000E+00 0.0000E+00 0.0000E+00 0.0000E+00 0.0000E+00 0.0000E+00 0.0000E+00 0.0000E+00 0.0000E+00 0.0000E+00 1.3132E-05 2.7758E-05 0.0000E+00 0.0000E+00 8.7584E-06 1.3209E-05 0.0000E+00 0.0000E+00 0.0000E+00 0.0000E+00
 0.0000E+00 5.1273E-07 0.0000E+00 0.0000E+00 0.0000E+00 0.0000E+00 0.0000E+00 0.0000E+00 0.0000E+00 0.0000E+00 0.0000E+00 0.0000E+00 0.0000E+00 0.0000E+00 0.0000E+00 5.2528E-05 0.0000E+00 5.0669E-05 0.0000E+00 8.7584E-06 1.9813E-05 1.3460E-05 0.0000E+00 0.0000E+00 0.0000E+00
 0.0000E+00 2.5637E-06 0.0000E+00 0.0000E+00 0.0000E+00 0.0000E+00 0.0000E+00 0.0000E+00 0.0000E+00 0.0000E+00 0.0000E+00 0.0000E+00 0.0000E+00 0.0000E+00 0.0000E+00 1.3132E-05 4.1637E-05 0.0000E+00 0.0000E+00 1.7517E-05 6.6044E-06 1.3460E-05 0.0000E+00 0.0000E+00 0.0000E+00
 0.0000E+00 1.5382E-06 0.0000E+00 0.0000E+00 0.0000E+00 0.0000E+00 0.0000E+00 0.0000E+00 0.0000E+00 0.0000E+00 0.0000E+00 0.0000E+00 0.0000E+00 0.0000E+00 0.0000E+00 0.0000E+00 2.7758E-05 0.0000E+00 0.0000E+00 0.0000E+00 6.6044E-06 4.4866E-06 0.0000E+00 0.0000E+00 0.0000E+00
 0.0000E+00 1.0255E-06 0.0000E+00 0.0000E+00 0.0000E+00 0.0000E+00 0.0000E+00 0.0000E+00 0.0000E+00 0.0000E+00 0.0000E+00 0.0000E+00 0.0000E+00 0.0000E+00 0.0000E+00 0.0000E+00 1.1103E-04 0.0000E+00 0.0000E+00 0.0000E+00 3.3022E-05 0.0000E+00 0.0000E+00 0.0000E+00 0.0000E+00
 0.0000E+00 3.5891E-06 0.0000E+00 0.0000E+00 0.0000E+00 0.0000E+00 0.0000E+00 0.0000E+00 0.0000E+00 0.0000E+00 0.0000E+00 0.0000E+00 0.0000E+00 0.0000E+00 0.0000E+00 0.0000E+00 4.1637E-05 1.2667E-05 0.0000E+00 8.7584E-06 6.6044E-06 0.0000E+00 0.0000E+00 0.0000E+00 0.0000E+00
 0.0000E+00 1.0255E-06 0.0000E+00 0.0000E+00 0.0000E+00 0.0000E+00 0.0000E+00 0.0000E+00 0.0000E+00 0.0000E+00 0.0000E+00 0.0000E+00 0.0000E+00 0.0000E+00 0.0000E+00 1.3132E-05 2.7758E-05 0.0000E+00 0.0000E+00 0.0000E+00 5.2835E-05 0.0000E+00 0.0000E+00 0.0000E+00 0.0000E+00
 0.0000E+00 2.0509E-06 0.0000E+00 0.0000E+00 0.0000E+00 0.0000E+00 0.0000E+00 0.0000E+00 0.0000E+00 0.0000E+00 0.0000E+00 0.0000E+00 0.0000E+00 0.0000E+00 0.0000E+00 2.6264E-05 9.7154E-05 0.0000E+00 0.0000E+00 0.0000E+00 0.0000E+00 0.0000E+00 0.0000E+00 0.0000E+00 0.0000E+00
 0.0000E+00 3.0764E-06 0.0000E+00 0.0000E+00 0.0000E+00 0.0000E+00 0.0000E+00 0.0000E+00 0.0000E+00 0.0000E+00 0.0000E+00 0.0000E+00 0.0000E+00 0.0000E+00 0.0000E+00 0.0000E+00 6.9396E-05 2.5335E-05 0.0000E+00 0.0000E+00 2.6418E-05 0.0000E+00 0.0000E+00 0.0000E+00 0.0000E+00
 0.0000E+00 2.5637E-06 0.0000E+00 0.0000E+00 0.0000E+00 0.0000E+00 0.0000E+00 0.0000E+00 0.0000E+00 0.0000E+00 0.0000E+00 0.0000E+00 0.0000E+00 0.0000E+00 0.0000E+00 0.0000E+00 4.1637E-05 0.0000E+00 0.0000E+00 0.0000E+00 1.3209E-05 4.4866E-06 0.0000E+00 0.0000E+00 0.0000E+00
 0.0000E+00 5.1273E-07 0.0000E+00 0.0000E+00 0.0000E+00 0.0000E+00 0.0000E+00 0.0000E+00 0.0000E+00 0.0000E+00 0.0000E+00 0.0000E+00 0.0000E+00 0.0000E+00 0.0000E+00 2.6264E-05 6.9396E-05 0.0000E+00 0.0000E+00 0.0000E+00 0.0000E+00 0.0000E+00 0.0000E+00 0.0000E+00 0.0000E+00
 0.0000E+00 0.0000E+00 0.0000E+00 0.0000E+00 0.0000E+00 0.0000E+00 0.0000E+00 0.0000E+00 0.0000E+00 0.0000E+00 0.0000E+00 0.0000E+00 0.0000E+00 0.0000E+00 0.0000E+00 0.0000E+00 1.3879E-05 0.0000E+00 0.0000E+00 0.0000E+00 1.9813E-05 0.0000E+00 0.0000E+00 0.0000E+00 0.0000E+00
 0.0000E+00 4.1018E-06 0.0000E+00 0.0000E+00 0.0000E+00 0.0000E+00 0.0000E+00 0.0000E+00 0.0000E+00 0.0000E+00 0.0000E+00 0.0000E+00 0.0000E+00 0.0000E+00 0.0000E+00 0.0000E+00 2.7758E-05 0.0000E+00 0.0000E+00 8.7584E-06 1.3209E-05 0.0000E+00 0.0000E+00 0.0000E+00 0.0000E+00
 0.0000E+00 5.1273E-07 0.0000E+00 0.0000E+00 0.0000E+00 0.0000E+00 0.0000E+00 0.0000E+00 0.0000E+00 0.0000E+00 0.0000E+00 0.0000E+00 0.0000E+00 0.0000E+00 0.0000E+00 1.3132E-05 5.5517E-05 1.2667E-05 0.0000E+00 0.0000E+00 0.0000E+00 0.0000E+00 0.0000E+00 0.0000E+00 0.0000E+00
 0.0000E+00 1.0255E-06 0.0000E+00 0.0000E+00 0.0000E+00 0.0000E+00 0.0000E+00 0.0000E+00 0.0000E+00 0.0000E+00 0.0000E+00 0.0000E+00 0.0000E+00 0.0000E+00 0.0000E+00 0.0000E+00 5.5517E-05 0.0000E+00 0.0000E+00 0.0000E+00 2.6418E-05 0.0000E+00 0.0000E+00 0.0000E+00 0.0000E+00
 0.0000E+00 2.5637E-06 0.0000E+00 0.0000E+00 0.0000E+00 0.0000E+00 0.0000E+00 0.0000E+00 0.0000E+00 0.0000E+00 0.0000E+00 0.0000E+00 0.0000E+00 0.0000E+00 0.0000E+00 0.0000E+00 2.7758E-05 0.0000E+00 0.0000E+00 1.7517E-05 3.3022E-05 0.0000E+00 0.0000E+00 0.0000E+00 0.0000E+00
 0.0000E+00 2.0509E-06 0.0000E+00 0.0000E+00 0.0000E+00 0.0000E+00 0.0000E+00 0.0000E+00 0.0000E+00 0.0000E+00 0.0000E+00 0.0000E+00 0.0000E+00 0.0000E+00 0.0000E+00 1.3132E-05 5.5517E-05 0.0000E+00 0.0000E+00 0.0000E+00 6.6044E-06 0.0000E+00 0.0000E+00 0.0000E+00 0.0000E+00
 0.0000E+00 0.0000E+00 0.0000E+00 0.0000E+00 0.0000E+00 0.0000E+00 0.0000E+00 0.0000E+00 0.0000E+00 0.0000E+00 0.0000E+00 0.0000E+00 0.0000E+00 0.0000E+00 0.0000E+00 2.6264E-05 5.5517E-05 0.0000E+00 0.0000E+00 0.0000E+00 1.3209E-05 0.0000E+00 0.0000E+00 1.7752E-06 0.0000E+00
 0.0000E+00 1.0255E-06 0.0000E+00 0.0000E+00 0.0000E+00 0.0000E+00 0.0000E+00 0.0000E+00 0.0000E+00 0.0000E+00 0.0000E+00 0.0000E+00 0.0000E+00 0.0000E+00 0.0000E+00 0.0000E+00 1.1103E-04 0.0000E+00 0.0000E+00 0.0000E+00 6.6044E-06 0.0000E+00 0.0000E+00 0.0000E+00 0.0000E+00
 0.0000E+00 2.0509E-06 0.0000E+00 0.0000E+00 0.0000E+00 0.0000E+00 0.0000E+00 0.0000E+00 0.0000E+00 0.0000E+00 0.0000E+00 0.0000E+00 0.0000E+00 0.0000E+00 0.0000E+00 0.0000E+00 5.5517E-05 1.2667E-05 0.0000E+00 0.0000E+00 1.3209E-05 0.0000E+00 0.0000E+00 0.0000E+00 0.0000E+00
 0.0000E+00 1.5382E-06 0.0000E+00 0.0000E+00 0.0000E+00 0.0000E+00 0.0000E+00 0.0000E+00 0.0000E+00 0.0000E+00 0.0000E+00 0.0000E+00 0.0000E+00 0.0000E+00 0.0000E+00 2.6264E-05 8.3275E-05 2.5335E-05 0.0000E+00 0.0000E+00 1.9813E-05 0.0000E+00 0.0000E+00 0.0000E+00 0.0000E+00
 0.0000E+00 2.0509E-06 0.0000E+00 0.0000E+00 0.0000E+00 0.0000E+00 0.0000E+00 0.0000E+00 0.0000E+00 0.0000E+00 0.0000E+00 0.0000E+00 0.0000E+00 0.0000E+00 0.0000E+00 1.3132E-05 5.5517E-05 0.0000E+00 0.0000E+00 8.7584E-06 4.6231E-05 0.0000E+00 0.0000E+00 0.0000E+00 0.0000E+00
 0.0000E+00 1.5382E-06 0.0000E+00 0.0000E+00 0.0000E+00 0.0000E+00 0.0000E+00 0.0000E+00 0.0000E+00 0.0000E+00 0.0000E+00 0.0000E+00 0.0000E+00 0.0000E+00 0.0000E+00 0.0000E+00 4.1637E-05 0.0000E+00 0.0000E+00 0.0000E+00 1.3209E-05 0.0000E+00 0.0000E+00 0.0000E+00 0.0000E+00
 0.0000E+00 3.5891E-06 0.0000E+00 0.0000E+00 0.0000E+00 0.0000E+00 0.0000E+00 0.0000E+00 0.0000E+00 0.0000E+00 0.0000E+00 0.0000E+00 0.0000E+00 0.0000E+00 0.0000E+00 0.0000E+00 1.3879E-05 0.0000E+00 0.0000E+00 0.0000E+00 0.0000E+00 0.0000E+00 0.0000E+00 0.0000E+00 0.0000E+00
 0.0000E+00 2.0509E-06 0.0000E+00 0.0000E+00 0.0000E+00 0.0000E+00 0.0000E+00 0.0000E+00 0.0000E+00 0.0000E+00 0.0000E+00 0.0000E+00 0.0000E+00 0.0000E+00 0.0000E+00 0.0000E+00 6.9396E-05 0.0000E+00 0.0000E+00 0.0000E+00 0.0000E+00 0.0000E+00 0.0000E+00 8.8760E-07 0.0000E+00
 0.0000E+00 3.0764E-06 0.0000E+00 0.0000E+00 0.0000E+00 0.0000E+00 0.0000E+00 0.0000E+00 0.0000E+00 0.0000E+00 0.0000E+00 0.0000E+00 0.0000E+00 0.0000E+00 0.0000E+00 0.0000E+00 5.5517E-05 0.0000E+00 0.0000E+00 0.0000E+00 6.6044E-06 8.9733E-06 0.0000E+00 0.0000E+00 0.0000E+00
 0.0000E+00 0.0000E+00 0.0000E+00 0.0000E+00 0.0000E+00 0.0000E+00 0.0000E+00 0.0000E+00 0.0000E+00 0.0000E+00 0.0000E+00 0.0000E+00 0.0000E+00 0.0000E+00 0.0000E+00 2.6264E-05 1.3879E-05 0.0000E+00 0.0000E+00 0.0000E+00 5.9440E-05 4.4866E-06 0.0000E+00 0.0000E+00 0.0000E+00
 0.0000E+00 1.5382E-06 0.0000E+00 0.0000E+00 0.0000E+00 0.0000E+00 0.0000E+00 0.0000E+00 0.0000E+00 0.0000E+00 0.0000E+00 0.0000E+00 0.0000E+00 0.0000E+00 0.0000E+00 0.0000E+00 1.3879E-04 0.0000E+00 0.0000E+00 0.0000E+00 3.3022E-05 0.0000E+00 0.0000E+00 0.0000E+00 0.0000E+00
 0.0000E+00 1.5382E-06 0.0000E+00 0.0000E+00 0.0000E+00 0.0000E+00 0.0000E+00 0.0000E+00 0.0000E+00 0.0000E+00 0.0000E+00 0.0000E+00 0.0000E+00 0.0000E+00 0.0000E+00 2.6264E-05 2.7758E-05 0.0000E+00 0.0000E+00 0.0000E+00 3.3022E-05 0.0000E+00 0.0000E+00 0.0000E+00 0.0000E+00
 0.0000E+00 2.5637E-06 0.0000E+00 0.0000E+00 0.0000E+00 0.0000E+00 0.0000E+00 0.0000E+00 0.0000E+00 0.0000E+00 0.0000E+00 0.0000E+00 0.0000E+00 0.0000E+00 0.0000E+00 1.3132E-05 5.5517E-05 0.0000E+00 0.0000E+00 0.0000E+00 6.6044E-06 0.0000E+00 0.0000E+00 0.0000E+00 0.0000E+00
 0.0000E+00 2.5637E-06 0.0000E+00 0.0000E+00 0.0000E+00 0.0000E+00 0.0000E+00 0.0000E+00 0.0000E+00 0.0000E+00 0.0000E+00 0.0000E+00 0.0000E+00 0.0000E+00 0.0000E+00 0.0000E+00 2.7758E-05 0.0000E+00 0.0000E+00 0.0000E+00 2.6418E-05 0.0000E+00 0.0000E+00 0.0000E+00 0.0000E+00
 0.0000E+00 2.0509E-06 0.0000E+00 0.0000E+00 0.0000E+00 0.0000E+00 0.0000E+00 0.0000E+00 0.0000E+00 0.0000E+00 0.0000E+00 0.0000E+00 0.0000E+00 0.0000E+00 0.0000E+00 2.6264E-05 0.0000E+00 0.0000E+00 0.0000E+00 0.0000E+00 1.9813E-05 0.0000E+00 0.0000E+00 0.0000E+00 0.0000E+00
 0.0000E+00 5.1273E-07 0.0000E+00 0.0000E+00 0.0000E+00 0.0000E+00 0.0000E+00 0.0000E+00 0.0000E+00 0.0000E+00 0.0000E+00 0.0000E+00 0.0000E+00 0.0000E+00 0.0000E+00 0.0000E+00 5.5517E-05 0.0000E+00 0.0000E+00 0.0000E+00 6.6044E-06 0.0000E+00 0.0000E+00 0.0000E+00 0.0000E+00
 0.0000E+00 3.5891E-06 0.0000E+00 0.0000E+00 0.0000E+00 0.0000E+00 0.0000E+00 0.0000E+00 0.0000E+00 0.0000E+00 0.0000E+00 0.0000E+00 0.0000E+00 0.0000E+00 0.0000E+00 1.3132E-05 2.7758E-05 0.0000E+00 0.0000E+00 0.0000E+00 2.6418E-05 0.0000E+00 0.0000E+00 0.0000E+00 0.0000E+00
 0.0000E+00 0.0000E+00 0.0000E+00 0.0000E+00 0.0000E+00 0.0000E+00 0.0000E+00 0.0000E+00 0.0000E+00 0.0000E+00 0.0000E+00 0.0000E+00 0.0000E+00 0.0000E+00 0.0000E+00 0.0000E+00 1.3879E-05 0.0000E+00 0.0000E+00 0.0000E+00 1.3209E-05 4.4866E-06 0.0000E+00 0.0000E+00 0.0000E+00
 0.0000E+00 1.5382E-06 0.0000E+00 0.0000E+00 0.0000E+00 0.0000E+00 0.0000E+00 0.0000E+00 0.0000E+00 0.0000E+00 0.0000E+00 0.0000E+00 0.0000E+00 0.0000E+00 0.0000E+00 1.3132E-05 2.7758E-05 0.0000E+00 0.0000E+00 0.0000E+00 2.6418E-05 0.0000E+00 0.0000E+00 0.0000E+00 0.0000E+00
 0.0000E+00 1.5382E-06 0.0000E+00 0.0000E+00 0.0000E+00 0.0000E+00 0.0000E+00 0.0000E+00 0.0000E+00 0.0000E+00 0.0000E+00 0.0000E+00 0.0000E+00 0.0000E+00 0.0000E+00 0.0000E+00 2.7758E-05 0.0000E+00 0.0000E+00 0.0000E+00 1.3209E-05 4.4866E-06 0.0000E+00 0.0000E+00 0.0000E+00
 0.0000E+00 3.0764E-06 0.0000E+00 0.0000E+00 0.0000E+00 0.0000E+00 0.0000E+00 0.0000E+00 0.0000E+00 0.0000E+00 0.0000E+00 0.0000E+00 0.0000E+00 0.0000E+00 0.0000E+00 0.0000E+00 1.3879E-05 0.0000E+00 0.0000E+00 0.0000E+00 1.9813E-05 0.0000E+00 0.0000E+00 0.0000E+00 0.0000E+00
 0.0000E+00 2.0509E-06 0.0000E+00 0.0000E+00 0.0000E+00 0.0000E+00 0.0000E+00 0.0000E+00 0.0000E+00 0.0000E+00 0.0000E+00 0.0000E+00 0.0000E+00 0.0000E+00 0.0000E+00 0.0000E+00 4.1637E-05 6.3337E-05 0.0000E+00 0.0000E+00 1.3209E-05 0.0000E+00 0.0000E+00 0.0000E+00 0.0000E+00
 0.0000E+00 3.5891E-06 0.0000E+00 0.0000E+00 0.0000E+00 0.0000E+00 0.0000E+00 0.0000E+00 0.0000E+00 0.0000E+00 0.0000E+00 0.0000E+00 0.0000E+00 0.0000E+00 0.0000E+00 2.6264E-05 2.7758E-05 2.5335E-05 0.0000E+00 0.0000E+00 1.9813E-05 0.0000E+00 0.0000E+00 0.0000E+00 0.0000E+00
 0.0000E+00 3.0764E-06 0.0000E+00 0.0000E+00 0.0000E+00 0.0000E+00 0.0000E+00 0.0000E+00 0.0000E+00 0.0000E+00 0.0000E+00 0.0000E+00 0.0000E+00 0.0000E+00 0.0000E+00 0.0000E+00 0.0000E+00 1.2667E-05 0.0000E+00 0.0000E+00 2.6418E-05 8.9733E-06 0.0000E+00 0.0000E+00 0.0000E+00
 0.0000E+00 2.0509E-06 0.0000E+00 0.0000E+00 0.0000E+00 0.0000E+00 0.0000E+00 0.0000E+00 0.0000E+00 0.0000E+00 0.0000E+00 0.0000E+00 0.0000E+00 0.0000E+00 0.0000E+00 0.0000E+00 2.7758E-05 0.0000E+00 0.0000E+00 0.0000E+00 1.3209E-05 8.9733E-06 0.0000E+00 0.0000E+00 0.0000E+00
 0.0000E+00 1.5382E-06 0.0000E+00 0.0000E+00 0.0000E+00 0.0000E+00 0.0000E+00 0.0000E+00 0.0000E+00 0.0000E+00 0.0000E+00 0.0000E+00 0.0000E+00 0.0000E+00 0.0000E+00 1.3132E-05 5.5517E-05 0.0000E+00 0.0000E+00 0.0000E+00 0.0000E+00 0.0000E+00 0.0000E+00 0.0000E+00 0.0000E+00
 0.0000E+00 3.0764E-06 0.0000E+00 0.0000E+00 0.0000E+00 0.0000E+00 0.0000E+00 0.0000E+00 0.0000E+00 0.0000E+00 0.0000E+00 0.0000E+00 0.0000E+00 0.0000E+00 0.0000E+00 0.0000E+00 0.0000E+00 2.5335E-05 0.0000E+00 0.0000E+00 1.9813E-05 0.0000E+00 0.0000E+00 0.0000E+00 0.0000E+00
 0.0000E+00 1.5382E-06 0.0000E+00 0.0000E+00 0.0000E+00 0.0000E+00 0.0000E+00 0.0000E+00 0.0000E+00 0.0000E+00 0.0000E+00 0.0000E+00 0.0000E+00 0.0000E+00 0.0000E+00 1.3132E-05 2.7758E-05 0.0000E+00 0.0000E+00 0.0000E+00 3.3022E-05 0.0000E+00 0.0000E+00 0.0000E+00 0.0000E+00
 0.0000E+00 1.5382E-06 0.0000E+00 0.0000E+00 0.0000E+00 0.0000E+00 0.0000E+00 0.0000E+00 0.0000E+00 0.0000E+00 0.0000E+00 0.0000E+00 0.0000E+00 0.0000E+00 0.0000E+00 0.0000E+00 2.7758E-05 0.0000E+00 0.0000E+00 0.0000E+00 1.9813E-05 4.4866E-06 0.0000E+00 0.0000E+00 0.0000E+00
 0.0000E+00 1.5382E-06 0.0000E+00 0.0000E+00 0.0000E+00 0.0000E+00 0.0000E+00 0.0000E+00 0.0000E+00 0.0000E+00 0.0000E+00 0.0000E+00 0.0000E+00 0.0000E+00 0.0000E+00 0.0000E+00 5.5517E-05 0.0000E+00 0.0000E+00 0.0000E+00 1.3209E-05 0.0000E+00 0.0000E+00 0.0000E+00 0.0000E+00
 0.0000E+00 0.0000E+00 0.0000E+00 0.0000E+00 0.0000E+00 0.0000E+00 0.0000E+00 0.0000E+00 0.0000E+00 0.0000E+00 0.0000E+00 0.0000E+00 0.0000E+00 0.0000E+00 0.0000E+00 0.0000E+00 8.3275E-05 0.0000E+00 0.0000E+00 0.0000E+00 1.9813E-05 4.4866E-06 0.0000E+00 0.0000E+00 0.0000E+00
 0.0000E+00 1.5382E-06 0.0000E+00 0.0000E+00 0.0000E+00 0.0000E+00 0.0000E+00 0.0000E+00 0.0000E+00 0.0000E+00 0.0000E+00 0.0000E+00 0.0000E+00 0.0000E+00 0.0000E+00 3.9396E-05 0.0000E+00 0.0000E+00 0.0000E+00 0.0000E+00 6.6044E-06 4.4866E-06 0.0000E+00 0.0000E+00 0.0000E+00
 0.0000E+00 1.5382E-06 0.0000E+00 0.0000E+00 0.0000E+00 0.0000E+00 0.0000E+00 0.0000E+00 0.0000E+00 0.0000E+00 0.0000E+00 0.0000E+00 0.0000E+00 0.0000E+00 0.0000E+00 1.3132E-05 1.3879E-05 0.0000E+00 0.0000E+00 0.0000E+00 1.3209E-05 0.0000E+00 0.0000E+00 0.0000E+00 0.0000E+00
 0.0000E+00 2.0509E-06 0.0000E+00 0.0000E+00 0.0000E+00 0.0000E+00 0.0000E+00 0.0000E+00 0.0000E+00 0.0000E+00 0.0000E+00 0.0000E+00 0.0000E+00 0.0000E+00 0.0000E+00 0.0000E+00 0.0000E+00 2.5335E-05 0.0000E+00 0.0000E+00 6.6044E-06 0.0000E+00 0.0000E+00 0.0000E+00 0.0000E+00
 0.0000E+00 6.1528E-06 0.0000E+00 0.0000E+00 0.0000E+00 0.0000E+00 0.0000E+00 0.0000E+00 0.0000E+00 0.0000E+00 0.0000E+00 0.0000E+00 0.0000E+00 0.0000E+00 0.0000E+00 1.3132E-05 6.9396E-05 1.2667E-05 0.0000E+00 8.7584E-06 1.9813E-05 0.0000E+00 0.0000E+00 0.0000E+00 0.0000E+00
 0.0000E+00 1.5382E-06 0.0000E+00 0.0000E+00 0.0000E+00 0.0000E+00 0.0000E+00 0.0000E+00 0.0000E+00 0.0000E+00 0.0000E+00 0.0000E+00 0.0000E+00 0.0000E+00 0.0000E+00 0.0000E+00 0.0000E+00 0.0000E+00 0.0000E+00 8.7584E-06 1.3209E-05 0.0000E+00 0.0000E+00 0.0000E+00 0.0000E+00
 0.0000E+00 3.0764E-06 0.0000E+00 0.0000E+00 0.0000E+00 0.0000E+00 0.0000E+00 0.0000E+00 0.0000E+00 0.0000E+00 0.0000E+00 0.0000E+00 0.0000E+00 0.0000E+00 0.0000E+00 0.0000E+00 2.7758E-05 0.0000E+00 0.0000E+00 0.0000E+00 0.0000E+00 0.0000E+00 0.0000E+00 0.0000E+00 0.0000E+00
 0.0000E+00 3.0764E-06 0.0000E+00 0.0000E+00 0.0000E+00 0.0000E+00 0.0000E+00 0.0000E+00 0.0000E+00 0.0000E+00 0.0000E+00 0.0000E+00 0.0000E+00 0.0000E+00 0.0000E+00 0.0000E+00 4.1637E-05 0.0000E+00 0.0000E+00 0.0000E+00 5.2835E-05 8.9733E-06 0.0000E+00 0.0000E+00 0.0000E+00
 0.0000E+00 2.0509E-06 0.0000E+00 0.0000E+00 0.0000E+00 0.0000E+00 0.0000E+00 0.0000E+00 0.0000E+00 0.0000E+00 0.0000E+00 0.0000E+00 0.0000E+00 0.0000E+00 0.0000E+00 2.6264E-05 6.9396E-05 0.0000E+00 0.0000E+00 0.0000E+00 1.9813E-05 0.0000E+00 0.0000E+00 0.0000E+00 0.0000E+00
 0.0000E+00 5.1273E-06 0.0000E+00 0.0000E+00 0.0000E+00 0.0000E+00 0.0000E+00 0.0000E+00 0.0000E+00 0.0000E+00 0.0000E+00 0.0000E+00 0.0000E+00 0.0000E+00 0.0000E+00 2.6264E-05 1.3879E-05 1.2667E-05 0.0000E+00 0.0000E+00 1.3209E-05 0.0000E+00 0.0000E+00 0.0000E+00 0.0000E+00
 0.0000E+00 1.5382E-06 0.0000E+00 0.0000E+00 0.0000E+00 0.0000E+00 0.0000E+00 0.0000E+00 0.0000E+00 0.0000E+00 0.0000E+00 0.0000E+00 0.0000E+00 0.0000E+00 0.0000E+00 0.0000E+00 4.1637E-05 0.0000E+00 0.0000E+00 0.0000E+00 0.0000E+00 0.0000E+00 0.0000E+00 0.0000E+00 0.0000E+00
 0.0000E+00 1.0255E-06 0.0000E+00 0.0000E+00 0.0000E+00 0.0000E+00 0.0000E+00 0.0000E+00 0.0000E+00 0.0000E+00 0.0000E+00 0.0000E+00 0.0000E+00 0.0000E+00 0.0000E+00 0.0000E+00 1.3879E-05 0.0000E+00 0.0000E+00 0.0000E+00 1.9813E-05 4.4866E-06 0.0000E+00 0.0000E+00 0.0000E+00
 0.0000E+00 1.5382E-06 0.0000E+00 0.0000E+00 0.0000E+00 0.0000E+00 0.0000E+00 0.0000E+00 0.0000E+00 0.0000E+00 0.0000E+00 0.0000E+00 0.0000E+00 0.0000E+00 0.0000E+00 0.0000E+00 2.7758E-05 0.0000E+00 0.0000E+00 8.7584E-06 4.6231E-05 0.0000E+00 0.0000E+00 0.0000E+00 0.0000E+00
 0.0000E+00 2.0509E-06 0.0000E+00 0.0000E+00 0.0000E+00 0.0000E+00 0.0000E+00 0.0000E+00 0.0000E+00 0.0000E+00 0.0000E+00 0.0000E+00 0.0000E+00 0.0000E+00 0.0000E+00 0.0000E+00 1.3879E-04 0.0000E+00 0.0000E+00 0.0000E+00 1.9813E-05 0.0000E+00 0.0000E+00 0.0000E+00 0.0000E+00
 0.0000E+00 2.5637E-06 0.0000E+00 0.0000E+00 0.0000E+00 0.0000E+00 0.0000E+00 0.0000E+00 0.0000E+00 0.0000E+00 0.0000E+00 0.0000E+00 0.0000E+00 0.0000E+00 0.0000E+00 0.0000E+00 6.9396E-05 0.0000E+00 0.0000E+00 0.0000E+00 0.0000E+00 0.0000E+00 0.0000E+00 0.0000E+00 0.0000E+00
 0.0000E+00 2.0509E-06 0.0000E+00 0.0000E+00 0.0000E+00 0.0000E+00 0.0000E+00 0.0000E+00 0.0000E+00 0.0000E+00 0.0000E+00 0.0000E+00 0.0000E+00 0.0000E+00 0.0000E+00 0.0000E+00 4.1637E-05 0.0000E+00 0.0000E+00 0.0000E+00 1.3209E-05 0.0000E+00 0.0000E+00 0.0000E+00 0.0000E+00
 0.0000E+00 0.0000E+00 0.0000E+00 0.0000E+00 0.0000E+00 0.0000E+00 0.0000E+00 0.0000E+00 0.0000E+00 0.0000E+00 0.0000E+00 0.0000E+00 0.0000E+00 0.0000E+00 0.0000E+00 1.3132E-05 5.5517E-05 0.0000E+00 0.0000E+00 0.0000E+00 4.6231E-05 0.0000E+00 0.0000E+00 0.0000E+00 0.0000E+00
 0.0000E+00 3.0764E-06 0.0000E+00 0.0000E+00 0.0000E+00 0.0000E+00 0.0000E+00 0.0000E+00 0.0000E+00 0.0000E+00 0.0000E+00 0.0000E+00 0.0000E+00 0.0000E+00 0.0000E+00 0.0000E+00 4.1637E-05 1.2667E-05 0.0000E+00 0.0000E+00 0.0000E+00 0.0000E+00 0.0000E+00 0.0000E+00 0.0000E+00
 0.0000E+00 2.5637E-06 0.0000E+00 0.0000E+00 0.0000E+00 0.0000E+00 0.0000E+00 0.0000E+00 0.0000E+00 0.0000E+00 0.0000E+00 0.0000E+00 0.0000E+00 0.0000E+00 0.0000E+00 0.0000E+00 0.0000E+00 0.0000E+00 0.0000E+00 0.0000E+00 6.6044E-06 0.0000E+00 0.0000E+00 0.0000E+00 0.0000E+00
 0.0000E+00 2.5637E-06 0.0000E+00 0.0000E+00 0.0000E+00 0.0000E+00 0.0000E+00 0.0000E+00 0.0000E+00 0.0000E+00 0.0000E+00 0.0000E+00 0.0000E+00 0.0000E+00 0.0000E+00 1.3132E-05 5.5517E-05 0.0000E+00 0.0000E+00 0.0000E+00 2.6418E-05 4.4866E-06 0.0000E+00 0.0000E+00 0.0000E+00
 0.0000E+00 1.5382E-06 0.0000E+00 0.0000E+00 0.0000E+00 0.0000E+00 0.0000E+00 0.0000E+00 0.0000E+00 0.0000E+00 0.0000E+00 0.0000E+00 0.0000E+00 0.0000E+00 0.0000E+00 0.0000E+00 2.7758E-05 0.0000E+00 0.0000E+00 0.0000E+00 3.3022E-05 0.0000E+00 0.0000E+00 0.0000E+00 0.0000E+00
 0.0000E+00 1.5382E-06 0.0000E+00 0.0000E+00 0.0000E+00 0.0000E+00 0.0000E+00 0.0000E+00 0.0000E+00 0.0000E+00 0.0000E+00 0.0000E+00 0.0000E+00 0.0000E+00 0.0000E+00 2.6264E-05 2.7758E-05 0.0000E+00 0.0000E+00 0.0000E+00 1.3209E-05 0.0000E+00 0.0000E+00 0.0000E+00 0.0000E+00
 0.0000E+00 5.1273E-07 0.0000E+00 0.0000E+00 0.0000E+00 0.0000E+00 0.0000E+00 0.0000E+00 0.0000E+00 0.0000E+00 0.0000E+00 0.0000E+00 0.0000E+00 0.0000E+00 0.0000E+00 6.5660E-05 5.5517E-05 0.0000E+00 0.0000E+00 0.0000E+00 1.9813E-05 0.0000E+00 0.0000E+00 0.0000E+00 0.0000E+00
 0.0000E+00 3.5891E-06 0.0000E+00 0.0000E+00 0.0000E+00 0.0000E+00 0.0000E+00 0.0000E+00 0.0000E+00 0.0000E+00 0.0000E+00 0.0000E+00 0.0000E+00 0.0000E+00 0.0000E+00 0.0000E+00 8.3275E-05 0.0000E+00 0.0000E+00 0.0000E+00 3.9627E-05 0.0000E+00 0.0000E+00 0.0000E+00 0.0000E+00
 0.0000E+00 2.0509E-06 0.0000E+00 0.0000E+00 0.0000E+00 0.0000E+00 0.0000E+00 0.0000E+00 0.0000E+00 0.0000E+00 0.0000E+00 0.0000E+00 0.0000E+00 0.0000E+00 0.0000E+00 0.0000E+00 1.3879E-05 0.0000E+00 0.0000E+00 0.0000E+00 0.0000E+00 4.4866E-06 0.0000E+00 0.0000E+00 0.0000E+00
 0.0000E+00 1.0255E-06 0.0000E+00 0.0000E+00 0.0000E+00 0.0000E+00 0.0000E+00 0.0000E+00 0.0000E+00 0.0000E+00 0.0000E+00 0.0000E+00 0.0000E+00 0.0000E+00 0.0000E+00 0.0000E+00 1.3879E-05 1.2667E-05 0.0000E+00 0.0000E+00 1.3209E-05 0.0000E+00 0.0000E+00 0.0000E+00 0.0000E+00
 0.0000E+00 1.5382E-06 0.0000E+00 0.0000E+00 0.0000E+00 0.0000E+00 0.0000E+00 0.0000E+00 0.0000E+00 0.0000E+00 0.0000E+00 0.0000E+00 0.0000E+00 0.0000E+00 0.0000E+00 0.0000E+00 1.3879E-05 0.0000E+00 0.0000E+00 0.0000E+00 4.6231E-05 0.0000E+00 0.0000E+00 0.0000E+00 0.0000E+00
 0.0000E+00 1.5382E-06 0.0000E+00 0.0000E+00 0.0000E+00 0.0000E+00 0.0000E+00 0.0000E+00 0.0000E+00 0.0000E+00 0.0000E+00 0.0000E+00 0.0000E+00 0.0000E+00 0.0000E+00 0.0000E+00 1.3879E-05 0.0000E+00 0.0000E+00 0.0000E+00 3.9627E-05 4.4866E-06 0.0000E+00 0.0000E+00 0.0000E+00
 0.0000E+00 1.5382E-06 0.0000E+00 0.0000E+00 0.0000E+00 0.0000E+00 0.0000E+00 0.0000E+00 0.0000E+00 0.0000E+00 0.0000E+00 0.0000E+00 0.0000E+00 0.0000E+00 0.0000E+00 0.0000E+00 1.3879E-05 0.0000E+00 0.0000E+00 0.0000E+00 1.9813E-05 0.0000E+00 0.0000E+00 0.0000E+00 0.0000E+00
 0.0000E+00 1.5382E-06 0.0000E+00 0.0000E+00 0.0000E+00 0.0000E+00 0.0000E+00 0.0000E+00 0.0000E+00 0.0000E+00 0.0000E+00 0.0000E+00 0.0000E+00 0.0000E+00 0.0000E+00 1.3132E-05 0.0000E+00 0.0000E+00 0.0000E+00 0.0000E+00 1.3209E-05 0.0000E+00 0.0000E+00 0.0000E+00 0.0000E+00
 0.0000E+00 5.1273E-07 0.0000E+00 0.0000E+00 0.0000E+00 0.0000E+00 0.0000E+00 0.0000E+00 0.0000E+00 0.0000E+00 0.0000E+00 0.0000E+00 0.0000E+00 0.0000E+00 0.0000E+00 2.6264E-05 2.7758E-05 2.5335E-05 0.0000E+00 0.0000E+00 6.6044E-06 0.0000E+00 0.0000E+00 0.0000E+00 0.0000E+00
 0.0000E+00 5.1273E-07 0.0000E+00 0.0000E+00 0.0000E+00 0.0000E+00 0.0000E+00 0.0000E+00 0.0000E+00 0.0000E+00 0.0000E+00 0.0000E+00 0.0000E+00 0.0000E+00 0.0000E+00 0.0000E+00 2.7758E-05 0.0000E+00 0.0000E+00 0.0000E+00 2.6418E-05 0.0000E+00 0.0000E+00 0.0000E+00 0.0000E+00
 0.0000E+00 0.0000E+00 0.0000E+00 0.0000E+00 0.0000E+00 0.0000E+00 0.0000E+00 0.0000E+00 0.0000E+00 0.0000E+00 0.0000E+00 0.0000E+00 0.0000E+00 0.0000E+00 0.0000E+00 0.0000E+00 6.9396E-05 2.5335E-05 0.0000E+00 0.0000E+00 6.6044E-06 0.0000E+00 0.0000E+00 0.0000E+00 0.0000E+00
 0.0000E+00 5.1273E-07 0.0000E+00 0.0000E+00 0.0000E+00 0.0000E+00 0.0000E+00 0.0000E+00 0.0000E+00 0.0000E+00 0.0000E+00 0.0000E+00 0.0000E+00 0.0000E+00 0.0000E+00 3.9396E-05 2.7758E-05 0.0000E+00 0.0000E+00 0.0000E+00 1.3209E-05 0.0000E+00 0.0000E+00 0.0000E+00 0.0000E+00
 0.0000E+00 1.5382E-06 0.0000E+00 0.0000E+00 0.0000E+00 0.0000E+00 0.0000E+00 0.0000E+00 0.0000E+00 0.0000E+00 0.0000E+00 0.0000E+00 0.0000E+00 0.0000E+00 0.0000E+00 0.0000E+00 9.7154E-05 2.5335E-05 0.0000E+00 0.0000E+00 6.6044E-06 0.0000E+00 0.0000E+00 0.0000E+00 0.0000E+00
 0.0000E+00 1.5382E-06 0.0000E+00 0.0000E+00 0.0000E+00 0.0000E+00 0.0000E+00 0.0000E+00 0.0000E+00 0.0000E+00 0.0000E+00 0.0000E+00 0.0000E+00 0.0000E+00 0.0000E+00 0.0000E+00 8.3275E-05 0.0000E+00 0.0000E+00 0.0000E+00 0.0000E+00 0.0000E+00 0.0000E+00 0.0000E+00 0.0000E+00
 0.0000E+00 4.6146E-06 0.0000E+00 0.0000E+00 0.0000E+00 0.0000E+00 0.0000E+00 0.0000E+00 0.0000E+00 0.0000E+00 0.0000E+00 0.0000E+00 0.0000E+00 0.0000E+00 0.0000E+00 1.3132E-05 6.9396E-05 0.0000E+00 0.0000E+00 0.0000E+00 2.6418E-05 4.4866E-06 0.0000E+00 0.0000E+00 0.0000E+00
 0.0000E+00 1.0255E-06 0.0000E+00 0.0000E+00 0.0000E+00 0.0000E+00 0.0000E+00 0.0000E+00 0.0000E+00 0.0000E+00 0.0000E+00 0.0000E+00 0.0000E+00 0.0000E+00 0.0000E+00 0.0000E+00 5.5517E-05 0.0000E+00 0.0000E+00 8.7584E-06 1.9813E-05 1.3460E-05 0.0000E+00 0.0000E+00 0.0000E+00
 0.0000E+00 2.0509E-06 0.0000E+00 0.0000E+00 0.0000E+00 0.0000E+00 0.0000E+00 0.0000E+00 0.0000E+00 0.0000E+00 0.0000E+00 0.0000E+00 0.0000E+00 0.0000E+00 0.0000E+00 1.3132E-05 2.7758E-05 0.0000E+00 0.0000E+00 0.0000E+00 3.3022E-05 0.0000E+00 0.0000E+00 8.8760E-07 0.0000E+00
 0.0000E+00 3.5891E-06 0.0000E+00 0.0000E+00 0.0000E+00 0.0000E+00 0.0000E+00 0.0000E+00 0.0000E+00 0.0000E+00 0.0000E+00 0.0000E+00 0.0000E+00 0.0000E+00 0.0000E+00 1.3132E-05 2.7758E-05 0.0000E+00 0.0000E+00 0.0000E+00 5.2835E-05 0.0000E+00 0.0000E+00 0.0000E+00 0.0000E+00
 0.0000E+00 2.5637E-06 0.0000E+00 0.0000E+00 0.0000E+00 0.0000E+00 0.0000E+00 0.0000E+00 0.0000E+00 0.0000E+00 0.0000E+00 0.0000E+00 0.0000E+00 0.0000E+00 0.0000E+00 1.3132E-05 2.7758E-05 0.0000E+00 0.0000E+00 0.0000E+00 6.6044E-06 0.0000E+00 0.0000E+00 0.0000E+00 0.0000E+00
 0.0000E+00 1.0255E-06 0.0000E+00 0.0000E+00 0.0000E+00 0.0000E+00 0.0000E+00 0.0000E+00 0.0000E+00 0.0000E+00 0.0000E+00 0.0000E+00 0.0000E+00 0.0000E+00 0.0000E+00 0.0000E+00 4.1637E-05 0.0000E+00 0.0000E+00 0.0000E+00 0.0000E+00 0.0000E+00 0.0000E+00 0.0000E+00 0.0000E+00
 0.0000E+00 1.0255E-06 0.0000E+00 0.0000E+00 0.0000E+00 0.0000E+00 0.0000E+00 0.0000E+00 0.0000E+00 0.0000E+00 0.0000E+00 0.0000E+00 0.0000E+00 0.0000E+00 0.0000E+00 0.0000E+00 1.3879E-05 0.0000E+00 0.0000E+00 0.0000E+00 6.6044E-06 0.0000E+00 0.0000E+00 0.0000E+00 0.0000E+00
 0.0000E+00 2.5637E-06 0.0000E+00 0.0000E+00 0.0000E+00 0.0000E+00 0.0000E+00 0.0000E+00 0.0000E+00 0.0000E+00 0.0000E+00 0.0000E+00 0.0000E+00 0.0000E+00 0.0000E+00 0.0000E+00 2.7758E-05 0.0000E+00 0.0000E+00 0.0000E+00 3.9627E-05 0.0000E+00 0.0000E+00 0.0000E+00 0.0000E+00
 0.0000E+00 5.1273E-07 0.0000E+00 0.0000E+00 0.0000E+00 0.0000E+00 0.0000E+00 0.0000E+00 0.0000E+00 0.0000E+00 0.0000E+00 0.0000E+00 0.0000E+00 0.0000E+00 0.0000E+00 2.6264E-05 1.3879E-05 0.0000E+00 0.0000E+00 8.7584E-06 6.6044E-06 0.0000E+00 0.0000E+00 0.0000E+00 0.0000E+00
 0.0000E+00 1.5382E-06 0.0000E+00 0.0000E+00 0.0000E+00 0.0000E+00 0.0000E+00 0.0000E+00 0.0000E+00 0.0000E+00 0.0000E+00 0.0000E+00 0.0000E+00 0.0000E+00 0.0000E+00 0.0000E+00 4.1637E-05 0.0000E+00 0.0000E+00 0.0000E+00 0.0000E+00 1.7947E-05 0.0000E+00 8.8760E-07 0.0000E+00
 0.0000E+00 3.0764E-06 0.0000E+00 0.0000E+00 0.0000E+00 0.0000E+00 0.0000E+00 0.0000E+00 0.0000E+00 0.0000E+00 0.0000E+00 0.0000E+00 0.0000E+00 0.0000E+00 0.0000E+00 1.3132E-05 4.1637E-05 0.0000E+00 0.0000E+00 0.0000E+00 6.6044E-06 0.0000E+00 0.0000E+00 0.0000E+00 0.0000E+00
 0.0000E+00 1.0255E-06 0.0000E+00 0.0000E+00 0.0000E+00 0.0000E+00 0.0000E+00 0.0000E+00 0.0000E+00 0.0000E+00 0.0000E+00 0.0000E+00 0.0000E+00 0.0000E+00 0.0000E+00 0.0000E+00 4.1637E-05 0.0000E+00 0.0000E+00 8.7584E-06 3.3022E-05 0.0000E+00 0.0000E+00 0.0000E+00 0.0000E+00
 0.0000E+00 1.0255E-06 0.0000E+00 0.0000E+00 0.0000E+00 0.0000E+00 0.0000E+00 0.0000E+00 0.0000E+00 0.0000E+00 0.0000E+00 0.0000E+00 0.0000E+00 0.0000E+00 0.0000E+00 5.2528E-05 2.7758E-05 0.0000E+00 0.0000E+00 0.0000E+00 3.9627E-05 0.0000E+00 0.0000E+00 0.0000E+00 0.0000E+00
 0.0000E+00 2.0509E-06 0.0000E+00 0.0000E+00 0.0000E+00 0.0000E+00 0.0000E+00 0.0000E+00 0.0000E+00 0.0000E+00 0.0000E+00 0.0000E+00 0.0000E+00 0.0000E+00 0.0000E+00 0.0000E+00 1.3879E-05 0.0000E+00 0.0000E+00 0.0000E+00 1.9813E-05 0.0000E+00 0.0000E+00 0.0000E+00 0.0000E+00
 0.0000E+00 2.5637E-06 0.0000E+00 0.0000E+00 0.0000E+00 0.0000E+00 0.0000E+00 0.0000E+00 0.0000E+00 0.0000E+00 0.0000E+00 0.0000E+00 0.0000E+00 0.0000E+00 0.0000E+00 0.0000E+00 1.3879E-05 0.0000E+00 0.0000E+00 0.0000E+00 1.9813E-05 0.0000E+00 0.0000E+00 0.0000E+00 0.0000E+00
 0.0000E+00 1.0255E-06 0.0000E+00 0.0000E+00 0.0000E+00 0.0000E+00 0.0000E+00 0.0000E+00 0.0000E+00 0.0000E+00 0.0000E+00 0.0000E+00 0.0000E+00 0.0000E+00 0.0000E+00 1.3132E-05 6.9396E-05 0.0000E+00 0.0000E+00 0.0000E+00 0.0000E+00 0.0000E+00 0.0000E+00 0.0000E+00 0.0000E+00
 0.0000E+00 2.5637E-06 0.0000E+00 0.0000E+00 0.0000E+00 0.0000E+00 0.0000E+00 0.0000E+00 0.0000E+00 0.0000E+00 0.0000E+00 0.0000E+00 0.0000E+00 0.0000E+00 0.0000E+00 0.0000E+00 0.0000E+00 2.5335E-05 0.0000E+00 0.0000E+00 6.6044E-06 0.0000E+00 0.0000E+00 0.0000E+00 0.0000E+00
 0.0000E+00 0.0000E+00 0.0000E+00 0.0000E+00 0.0000E+00 0.0000E+00 0.0000E+00 0.0000E+00 0.0000E+00 0.0000E+00 0.0000E+00 0.0000E+00 0.0000E+00 0.0000E+00 0.0000E+00 0.0000E+00 0.0000E+00 0.0000E+00 0.0000E+00 0.0000E+00 6.6044E-06 0.0000E+00 0.0000E+00 0.0000E+00 0.0000E+00
 0.0000E+00 5.1273E-07 0.0000E+00 0.0000E+00 0.0000E+00 0.0000E+00 0.0000E+00 0.0000E+00 0.0000E+00 0.0000E+00 0.0000E+00 0.0000E+00 0.0000E+00 0.0000E+00 0.0000E+00 0.0000E+00 2.7758E-05 0.0000E+00 0.0000E+00 0.0000E+00 6.6044E-06 0.0000E+00 0.0000E+00 0.0000E+00 0.0000E+00
 0.0000E+00 5.1273E-07 0.0000E+00 0.0000E+00 0.0000E+00 0.0000E+00 0.0000E+00 0.0000E+00 0.0000E+00 0.0000E+00 0.0000E+00 0.0000E+00 0.0000E+00 0.0000E+00 0.0000E+00 0.0000E+00 0.0000E+00 0.0000E+00 0.0000E+00 0.0000E+00 6.6044E-06 0.0000E+00 0.0000E+00 0.0000E+00 0.0000E+00
 0.0000E+00 5.1273E-07 0.0000E+00 0.0000E+00 0.0000E+00 0.0000E+00 0.0000E+00 0.0000E+00 0.0000E+00 0.0000E+00 0.0000E+00 0.0000E+00 0.0000E+00 0.0000E+00 0.0000E+00 0.0000E+00 2.7758E-05 0.0000E+00 0.0000E+00 0.0000E+00 2.6418E-05 0.0000E+00 0.0000E+00 0.0000E+00 0.0000E+00
 0.0000E+00 1.5382E-06 0.0000E+00 0.0000E+00 0.0000E+00 0.0000E+00 0.0000E+00 0.0000E+00 0.0000E+00 0.0000E+00 0.0000E+00 0.0000E+00 0.0000E+00 0.0000E+00 0.0000E+00 2.6264E-05 1.3879E-05 0.0000E+00 0.0000E+00 0.0000E+00 1.3209E-05 0.0000E+00 0.0000E+00 0.0000E+00 0.0000E+00
 0.0000E+00 3.0764E-06 0.0000E+00 0.0000E+00 0.0000E+00 0.0000E+00 0.0000E+00 0.0000E+00 0.0000E+00 0.0000E+00 0.0000E+00 0.0000E+00 0.0000E+00 0.0000E+00 0.0000E+00 2.6264E-05 4.1637E-05 0.0000E+00 0.0000E+00 0.0000E+00 1.3209E-05 0.0000E+00 0.0000E+00 0.0000E+00 0.0000E+00
 0.0000E+00 2.5637E-06 0.0000E+00 0.0000E+00 0.0000E+00 0.0000E+00 0.0000E+00 0.0000E+00 0.0000E+00 0.0000E+00 0.0000E+00 0.0000E+00 0.0000E+00 0.0000E+00 0.0000E+00 2.6264E-05 1.3879E-05 0.0000E+00 0.0000E+00 0.0000E+00 3.3022E-05 0.0000E+00 0.0000E+00 0.0000E+00 0.0000E+00
 0.0000E+00 5.1273E-07 0.0000E+00 0.0000E+00 0.0000E+00 0.0000E+00 0.0000E+00 0.0000E+00 0.0000E+00 0.0000E+00 0.0000E+00 0.0000E+00 0.0000E+00 0.0000E+00 0.0000E+00 0.0000E+00 0.0000E+00 0.0000E+00 0.0000E+00 0.0000E+00 1.3209E-05 4.4866E-06 0.0000E+00 0.0000E+00 0.0000E+00
 0.0000E+00 1.0255E-06 0.0000E+00 0.0000E+00 0.0000E+00 0.0000E+00 0.0000E+00 0.0000E+00 0.0000E+00 0.0000E+00 0.0000E+00 0.0000E+00 0.0000E+00 0.0000E+00 0.0000E+00 0.0000E+00 2.7758E-05 0.0000E+00 0.0000E+00 0.0000E+00 0.0000E+00 0.0000E+00 0.0000E+00 0.0000E+00 0.0000E+00
 0.0000E+00 3.0764E-06 0.0000E+00 0.0000E+00 0.0000E+00 0.0000E+00 0.0000E+00 0.0000E+00 0.0000E+00 0.0000E+00 0.0000E+00 0.0000E+00 0.0000E+00 0.0000E+00 0.0000E+00 1.3132E-05 4.1637E-05 3.8002E-05 0.0000E+00 0.0000E+00 6.6044E-06 0.0000E+00 0.0000E+00 0.0000E+00 0.0000E+00
 0.0000E+00 0.0000E+00 0.0000E+00 0.0000E+00 0.0000E+00 0.0000E+00 0.0000E+00 0.0000E+00 0.0000E+00 0.0000E+00 0.0000E+00 0.0000E+00 0.0000E+00 0.0000E+00 0.0000E+00 2.6264E-05 0.0000E+00 2.5335E-05 0.0000E+00 0.0000E+00 3.3022E-05 0.0000E+00 0.0000E+00 0.0000E+00 0.0000E+00
 0.0000E+00 1.5382E-06 0.0000E+00 0.0000E+00 0.0000E+00 0.0000E+00 0.0000E+00 0.0000E+00 0.0000E+00 0.0000E+00 0.0000E+00 0.0000E+00 0.0000E+00 0.0000E+00 0.0000E+00 1.3132E-05 6.9396E-05 5.0669E-05 0.0000E+00 0.0000E+00 1.9813E-05 0.0000E+00 0.0000E+00 8.8760E-07 0.0000E+00
 0.0000E+00 3.5891E-06 0.0000E+00 0.0000E+00 0.0000E+00 0.0000E+00 0.0000E+00 0.0000E+00 0.0000E+00 0.0000E+00 0.0000E+00 0.0000E+00 0.0000E+00 0.0000E+00 0.0000E+00 0.0000E+00 0.0000E+00 2.5335E-05 0.0000E+00 0.0000E+00 1.3209E-05 0.0000E+00 0.0000E+00 0.0000E+00 0.0000E+00
 0.0000E+00 1.5382E-06 0.0000E+00 0.0000E+00 0.0000E+00 0.0000E+00 0.0000E+00 0.0000E+00 0.0000E+00 0.0000E+00 0.0000E+00 0.0000E+00 0.0000E+00 0.0000E+00 0.0000E+00 1.3132E-05 2.7758E-05 0.0000E+00 0.0000E+00 0.0000E+00 1.3209E-05 0.0000E+00 0.0000E+00 0.0000E+00 0.0000E+00
 0.0000E+00 2.0509E-06 0.0000E+00 0.0000E+00 0.0000E+00 0.0000E+00 0.0000E+00 0.0000E+00 0.0000E+00 0.0000E+00 0.0000E+00 0.0000E+00 0.0000E+00 0.0000E+00 0.0000E+00 0.0000E+00 8.3275E-05 0.0000E+00 0.0000E+00 0.0000E+00 6.6044E-06 0.0000E+00 0.0000E+00 0.0000E+00 0.0000E+00
 0.0000E+00 2.5637E-06 0.0000E+00 0.0000E+00 0.0000E+00 0.0000E+00 0.0000E+00 0.0000E+00 0.0000E+00 0.0000E+00 0.0000E+00 0.0000E+00 0.0000E+00 0.0000E+00 0.0000E+00 2.6264E-05 1.3879E-05 0.0000E+00 0.0000E+00 0.0000E+00 3.9627E-05 4.4866E-06 0.0000E+00 0.0000E+00 0.0000E+00
 0.0000E+00 2.5637E-06 0.0000E+00 0.0000E+00 0.0000E+00 0.0000E+00 0.0000E+00 0.0000E+00 0.0000E+00 0.0000E+00 0.0000E+00 0.0000E+00 0.0000E+00 0.0000E+00 0.0000E+00 0.0000E+00 4.1637E-05 0.0000E+00 0.0000E+00 0.0000E+00 0.0000E+00 0.0000E+00 0.0000E+00 0.0000E+00 0.0000E+00
 0.0000E+00 1.0255E-06 0.0000E+00 0.0000E+00 0.0000E+00 0.0000E+00 0.0000E+00 0.0000E+00 0.0000E+00 0.0000E+00 0.0000E+00 0.0000E+00 0.0000E+00 0.0000E+00 0.0000E+00 0.0000E+00 1.3879E-05 0.0000E+00 0.0000E+00 0.0000E+00 6.6044E-06 0.0000E+00 0.0000E+00 0.0000E+00 0.0000E+00
 0.0000E+00 2.0509E-06 0.0000E+00 0.0000E+00 0.0000E+00 0.0000E+00 0.0000E+00 0.0000E+00 0.0000E+00 0.0000E+00 0.0000E+00 0.0000E+00 0.0000E+00 0.0000E+00 0.0000E+00 0.0000E+00 2.7758E-05 0.0000E+00 0.0000E+00 0.0000E+00 1.3209E-05 0.0000E+00 0.0000E+00 0.0000E+00 0.0000E+00
 0.0000E+00 1.5382E-06 0.0000E+00 0.0000E+00 0.0000E+00 0.0000E+00 0.0000E+00 0.0000E+00 0.0000E+00 0.0000E+00 0.0000E+00 0.0000E+00 0.0000E+00 0.0000E+00 0.0000E+00 1.3132E-05 2.7758E-05 0.0000E+00 0.0000E+00 0.0000E+00 1.3209E-05 0.0000E+00 0.0000E+00 0.0000E+00 0.0000E+00
 0.0000E+00 0.0000E+00 0.0000E+00 0.0000E+00 0.0000E+00 0.0000E+00 0.0000E+00 0.0000E+00 0.0000E+00 0.0000E+00 0.0000E+00 0.0000E+00 0.0000E+00 0.0000E+00 0.0000E+00 2.6264E-05 1.3879E-05 0.0000E+00 0.0000E+00 0.0000E+00 1.3209E-05 0.0000E+00 0.0000E+00 8.8760E-07 0.0000E+00
 0.0000E+00 1.5382E-06 0.0000E+00 0.0000E+00 0.0000E+00 0.0000E+00 0.0000E+00 0.0000E+00 0.0000E+00 0.0000E+00 0.0000E+00 0.0000E+00 0.0000E+00 0.0000E+00 0.0000E+00 1.3132E-05 2.7758E-05 0.0000E+00 0.0000E+00 0.0000E+00 0.0000E+00 0.0000E+00 0.0000E+00 0.0000E+00 0.0000E+00
 0.0000E+00 5.1273E-07 0.0000E+00 0.0000E+00 0.0000E+00 0.0000E+00 0.0000E+00 0.0000E+00 0.0000E+00 0.0000E+00 0.0000E+00 0.0000E+00 0.0000E+00 0.0000E+00 0.0000E+00 0.0000E+00 1.6655E-04 0.0000E+00 0.0000E+00 0.0000E+00 6.6044E-06 4.4866E-06 0.0000E+00 0.0000E+00 0.0000E+00
 0.0000E+00 0.0000E+00 0.0000E+00 0.0000E+00 0.0000E+00 0.0000E+00 0.0000E+00 0.0000E+00 0.0000E+00 0.0000E+00 0.0000E+00 0.0000E+00 0.0000E+00 0.0000E+00 0.0000E+00 0.0000E+00 2.7758E-05 0.0000E+00 0.0000E+00 0.0000E+00 1.3209E-05 0.0000E+00 0.0000E+00 0.0000E+00 0.0000E+00
 0.0000E+00 3.0764E-06 0.0000E+00 0.0000E+00 0.0000E+00 0.0000E+00 0.0000E+00 0.0000E+00 0.0000E+00 0.0000E+00 0.0000E+00 0.0000E+00 0.0000E+00 0.0000E+00 0.0000E+00 2.6264E-05 5.5517E-05 0.0000E+00 0.0000E+00 0.0000E+00 6.6044E-06 0.0000E+00 0.0000E+00 0.0000E+00 0.0000E+00
 0.0000E+00 1.0255E-06 0.0000E+00 0.0000E+00 0.0000E+00 0.0000E+00 0.0000E+00 0.0000E+00 0.0000E+00 0.0000E+00 0.0000E+00 0.0000E+00 0.0000E+00 0.0000E+00 0.0000E+00 0.0000E+00 0.0000E+00 0.0000E+00 0.0000E+00 0.0000E+00 2.6418E-05 4.4866E-06 0.0000E+00 0.0000E+00 0.0000E+00
 0.0000E+00 0.0000E+00 0.0000E+00 0.0000E+00 0.0000E+00 0.0000E+00 0.0000E+00 0.0000E+00 0.0000E+00 0.0000E+00 0.0000E+00 0.0000E+00 0.0000E+00 0.0000E+00 0.0000E+00 0.0000E+00 1.3879E-05 0.0000E+00 0.0000E+00 8.7584E-06 6.6044E-06 0.0000E+00 0.0000E+00 0.0000E+00 0.0000E+00
 0.0000E+00 5.1273E-07 0.0000E+00 0.0000E+00 0.0000E+00 0.0000E+00 0.0000E+00 0.0000E+00 0.0000E+00 0.0000E+00 0.0000E+00 0.0000E+00 0.0000E+00 0.0000E+00 0.0000E+00 5.2528E-05 5.5517E-05 0.0000E+00 0.0000E+00 0.0000E+00 1.3209E-05 0.0000E+00 0.0000E+00 0.0000E+00 0.0000E+00
 0.0000E+00 0.0000E+00 0.0000E+00 0.0000E+00 0.0000E+00 0.0000E+00 0.0000E+00 0.0000E+00 0.0000E+00 0.0000E+00 0.0000E+00 0.0000E+00 0.0000E+00 0.0000E+00 0.0000E+00 1.3132E-05 0.0000E+00 0.0000E+00 0.0000E+00 1.7517E-05 6.6044E-06 0.0000E+00 0.0000E+00 0.0000E+00 0.0000E+00
 0.0000E+00 2.5637E-06 0.0000E+00 0.0000E+00 0.0000E+00 0.0000E+00 0.0000E+00 0.0000E+00 0.0000E+00 0.0000E+00 0.0000E+00 0.0000E+00 0.0000E+00 0.0000E+00 0.0000E+00 1.3132E-05 0.0000E+00 1.2667E-05 0.0000E+00 0.0000E+00 3.9627E-05 4.4866E-06 0.0000E+00 0.0000E+00 0.0000E+00
 0.0000E+00 3.5891E-06 0.0000E+00 0.0000E+00 0.0000E+00 0.0000E+00 0.0000E+00 0.0000E+00 0.0000E+00 0.0000E+00 0.0000E+00 0.0000E+00 0.0000E+00 0.0000E+00 0.0000E+00 0.0000E+00 2.7758E-05 0.0000E+00 0.0000E+00 0.0000E+00 6.6044E-06 0.0000E+00 0.0000E+00 0.0000E+00 0.0000E+00
 0.0000E+00 1.5382E-06 0.0000E+00 0.0000E+00 0.0000E+00 0.0000E+00 0.0000E+00 0.0000E+00 0.0000E+00 0.0000E+00 0.0000E+00 0.0000E+00 0.0000E+00 0.0000E+00 0.0000E+00 0.0000E+00 0.0000E+00 0.0000E+00 0.0000E+00 0.0000E+00 2.6418E-05 0.0000E+00 0.0000E+00 0.0000E+00 0.0000E+00
 0.0000E+00 5.1273E-07 0.0000E+00 0.0000E+00 0.0000E+00 0.0000E+00 0.0000E+00 0.0000E+00 0.0000E+00 0.0000E+00 0.0000E+00 0.0000E+00 0.0000E+00 0.0000E+00 0.0000E+00 0.0000E+00 1.3879E-05 0.0000E+00 0.0000E+00 0.0000E+00 1.9813E-05 0.0000E+00 0.0000E+00 0.0000E+00 0.0000E+00
 0.0000E+00 1.0255E-06 0.0000E+00 0.0000E+00 0.0000E+00 0.0000E+00 0.0000E+00 0.0000E+00 0.0000E+00 0.0000E+00 0.0000E+00 0.0000E+00 0.0000E+00 0.0000E+00 0.0000E+00 0.0000E+00 4.1637E-05 0.0000E+00 0.0000E+00 5.2550E-05 6.6044E-06 0.0000E+00 0.0000E+00 0.0000E+00 0.0000E+00
 0.0000E+00 3.0764E-06 0.0000E+00 0.0000E+00 0.0000E+00 0.0000E+00 0.0000E+00 0.0000E+00 0.0000E+00 0.0000E+00 0.0000E+00 0.0000E+00 0.0000E+00 0.0000E+00 0.0000E+00 6.5660E-05 4.1637E-05 0.0000E+00 0.0000E+00 0.0000E+00 0.0000E+00 4.4866E-06 0.0000E+00 0.0000E+00 0.0000E+00
 0.0000E+00 1.5382E-06 0.0000E+00 0.0000E+00 0.0000E+00 0.0000E+00 0.0000E+00 0.0000E+00 0.0000E+00 0.0000E+00 0.0000E+00 0.0000E+00 0.0000E+00 0.0000E+00 0.0000E+00 0.0000E+00 6.9396E-05 0.0000E+00 0.0000E+00 0.0000E+00 1.3209E-05 0.0000E+00 0.0000E+00 0.0000E+00 0.0000E+00
 0.0000E+00 5.1273E-07 0.0000E+00 0.0000E+00 0.0000E+00 0.0000E+00 0.0000E+00 0.0000E+00 0.0000E+00 0.0000E+00 0.0000E+00 0.0000E+00 0.0000E+00 0.0000E+00 0.0000E+00 0.0000E+00 6.9396E-05 1.2667E-05 0.0000E+00 0.0000E+00 6.6044E-06 4.4866E-06 0.0000E+00 0.0000E+00 0.0000E+00
 0.0000E+00 0.0000E+00 0.0000E+00 0.0000E+00 0.0000E+00 0.0000E+00 0.0000E+00 0.0000E+00 0.0000E+00 0.0000E+00 0.0000E+00 0.0000E+00 0.0000E+00 0.0000E+00 0.0000E+00 1.3132E-05 2.7758E-05 0.0000E+00 0.0000E+00 0.0000E+00 1.9813E-05 0.0000E+00 0.0000E+00 0.0000E+00 0.0000E+00
 0.0000E+00 2.5637E-06 0.0000E+00 0.0000E+00 0.0000E+00 0.0000E+00 0.0000E+00 0.0000E+00 0.0000E+00 0.0000E+00 0.0000E+00 0.0000E+00 0.0000E+00 0.0000E+00 0.0000E+00 5.2528E-05 5.5517E-05 0.0000E+00 0.0000E+00 0.0000E+00 0.0000E+00 4.4866E-06 0.0000E+00 0.0000E+00 0.0000E+00
 0.0000E+00 2.0509E-06 0.0000E+00 0.0000E+00 0.0000E+00 0.0000E+00 0.0000E+00 0.0000E+00 0.0000E+00 0.0000E+00 0.0000E+00 0.0000E+00 0.0000E+00 0.0000E+00 0.0000E+00 1.3132E-05 6.9396E-05 0.0000E+00 0.0000E+00 0.0000E+00 6.6044E-06 0.0000E+00 0.0000E+00 0.0000E+00 0.0000E+00
 0.0000E+00 1.5382E-06 0.0000E+00 0.0000E+00 0.0000E+00 0.0000E+00 0.0000E+00 0.0000E+00 0.0000E+00 0.0000E+00 0.0000E+00 0.0000E+00 0.0000E+00 0.0000E+00 0.0000E+00 5.2528E-05 1.3879E-05 1.2667E-05 0.0000E+00 0.0000E+00 6.6044E-06 0.0000E+00 0.0000E+00 0.0000E+00 0.0000E+00
 0.0000E+00 3.5891E-06 0.0000E+00 0.0000E+00 0.0000E+00 0.0000E+00 0.0000E+00 0.0000E+00 0.0000E+00 0.0000E+00 0.0000E+00 0.0000E+00 0.0000E+00 0.0000E+00 0.0000E+00 0.0000E+00 0.0000E+00 0.0000E+00 0.0000E+00 0.0000E+00 0.0000E+00 0.0000E+00 0.0000E+00 0.0000E+00 0.0000E+00
 0.0000E+00 1.0255E-06 0.0000E+00 0.0000E+00 0.0000E+00 0.0000E+00 0.0000E+00 0.0000E+00 0.0000E+00 0.0000E+00 0.0000E+00 0.0000E+00 0.0000E+00 0.0000E+00 0.0000E+00 0.0000E+00 1.3879E-05 0.0000E+00 0.0000E+00 0.0000E+00 4.6231E-05 0.0000E+00 0.0000E+00 0.0000E+00 0.0000E+00
 0.0000E+00 2.0509E-06 0.0000E+00 0.0000E+00 0.0000E+00 0.0000E+00 0.0000E+00 0.0000E+00 0.0000E+00 0.0000E+00 0.0000E+00 0.0000E+00 0.0000E+00 0.0000E+00 0.0000E+00 0.0000E+00 1.3879E-05 0.0000E+00 0.0000E+00 0.0000E+00 6.6044E-06 0.0000E+00 0.0000E+00 0.0000E+00 0.0000E+00
 0.0000E+00 2.0509E-06 0.0000E+00 0.0000E+00 0.0000E+00 0.0000E+00 0.0000E+00 0.0000E+00 0.0000E+00 0.0000E+00 0.0000E+00 0.0000E+00 0.0000E+00 0.0000E+00 0.0000E+00 1.3132E-05 1.3879E-05 1.2667E-05 0.0000E+00 0.0000E+00 6.6044E-06 0.0000E+00 0.0000E+00 0.0000E+00 0.0000E+00
 0.0000E+00 2.0509E-06 0.0000E+00 0.0000E+00 0.0000E+00 0.0000E+00 0.0000E+00 0.0000E+00 0.0000E+00 0.0000E+00 0.0000E+00 0.0000E+00 0.0000E+00 0.0000E+00 0.0000E+00 0.0000E+00 5.5517E-05 1.2667E-05 0.0000E+00 0.0000E+00 3.3022E-05 0.0000E+00 0.0000E+00 0.0000E+00 0.0000E+00
 0.0000E+00 5.1273E-07 0.0000E+00 0.0000E+00 0.0000E+00 0.0000E+00 0.0000E+00 0.0000E+00 0.0000E+00 0.0000E+00 0.0000E+00 0.0000E+00 0.0000E+00 0.0000E+00 0.0000E+00 2.6264E-05 0.0000E+00 0.0000E+00 0.0000E+00 0.0000E+00 6.6044E-06 0.0000E+00 0.0000E+00 0.0000E+00 0.0000E+00
 0.0000E+00 2.5637E-06 0.0000E+00 0.0000E+00 0.0000E+00 0.0000E+00 0.0000E+00 0.0000E+00 0.0000E+00 0.0000E+00 0.0000E+00 0.0000E+00 0.0000E+00 0.0000E+00 0.0000E+00 0.0000E+00 8.3275E-05 0.0000E+00 0.0000E+00 0.0000E+00 6.6044E-06 0.0000E+00 0.0000E+00 8.8760E-07 0.0000E+00
 0.0000E+00 1.5382E-06 0.0000E+00 0.0000E+00 0.0000E+00 0.0000E+00 0.0000E+00 0.0000E+00 0.0000E+00 0.0000E+00 0.0000E+00 0.0000E+00 0.0000E+00 0.0000E+00 0.0000E+00 0.0000E+00 1.3879E-05 1.2667E-05 0.0000E+00 0.0000E+00 1.9813E-05 1.3460E-05 0.0000E+00 0.0000E+00 0.0000E+00
 0.0000E+00 1.5382E-06 0.0000E+00 0.0000E+00 0.0000E+00 0.0000E+00 0.0000E+00 0.0000E+00 0.0000E+00 0.0000E+00 0.0000E+00 0.0000E+00 0.0000E+00 0.0000E+00 0.0000E+00 0.0000E+00 6.9396E-05 0.0000E+00 0.0000E+00 8.7584E-06 1.9813E-05 0.0000E+00 0.0000E+00 0.0000E+00 0.0000E+00
 0.0000E+00 2.5637E-06 0.0000E+00 0.0000E+00 0.0000E+00 0.0000E+00 0.0000E+00 0.0000E+00 0.0000E+00 0.0000E+00 0.0000E+00 0.0000E+00 0.0000E+00 0.0000E+00 0.0000E+00 1.3132E-05 2.7758E-05 0.0000E+00 0.0000E+00 0.0000E+00 6.6044E-06 0.0000E+00 0.0000E+00 0.0000E+00 0.0000E+00
 0.0000E+00 5.1273E-07 0.0000E+00 0.0000E+00 0.0000E+00 0.0000E+00 0.0000E+00 0.0000E+00 0.0000E+00 0.0000E+00 0.0000E+00 0.0000E+00 0.0000E+00 0.0000E+00 0.0000E+00 1.3132E-05 5.5517E-05 0.0000E+00 0.0000E+00 0.0000E+00 2.6418E-05 0.0000E+00 0.0000E+00 0.0000E+00 0.0000E+00
 0.0000E+00 5.1273E-07 0.0000E+00 0.0000E+00 0.0000E+00 0.0000E+00 0.0000E+00 0.0000E+00 0.0000E+00 0.0000E+00 0.0000E+00 0.0000E+00 0.0000E+00 0.0000E+00 0.0000E+00 0.0000E+00 1.3879E-05 0.0000E+00 0.0000E+00 0.0000E+00 1.9813E-05 0.0000E+00 0.0000E+00 0.0000E+00 0.0000E+00
 0.0000E+00 1.0255E-06 0.0000E+00 0.0000E+00 0.0000E+00 0.0000E+00 0.0000E+00 0.0000E+00 0.0000E+00 0.0000E+00 0.0000E+00 0.0000E+00 0.0000E+00 0.0000E+00 0.0000E+00 0.0000E+00 4.1637E-05 0.0000E+00 0.0000E+00 0.0000E+00 1.9813E-05 0.0000E+00 0.0000E+00 0.0000E+00 0.0000E+00
 0.0000E+00 1.0255E-06 0.0000E+00 0.0000E+00 0.0000E+00 0.0000E+00 0.0000E+00 0.0000E+00 0.0000E+00 0.0000E+00 0.0000E+00 0.0000E+00 0.0000E+00 0.0000E+00 0.0000E+00 0.0000E+00 6.9396E-05 0.0000E+00 0.0000E+00 0.0000E+00 1.9813E-05 4.4866E-06 0.0000E+00 1.7752E-06 0.0000E+00
 0.0000E+00 1.5382E-06 0.0000E+00 0.0000E+00 0.0000E+00 0.0000E+00 0.0000E+00 0.0000E+00 0.0000E+00 0.0000E+00 0.0000E+00 0.0000E+00 0.0000E+00 0.0000E+00 0.0000E+00 0.0000E+00 6.9396E-05 0.0000E+00 0.0000E+00 0.0000E+00 1.3209E-05 4.4866E-06 0.0000E+00 0.0000E+00 0.0000E+00
 0.0000E+00 5.1273E-07 0.0000E+00 0.0000E+00 0.0000E+00 0.0000E+00 0.0000E+00 0.0000E+00 0.0000E+00 0.0000E+00 0.0000E+00 0.0000E+00 0.0000E+00 0.0000E+00 0.0000E+00 0.0000E+00 0.0000E+00 0.0000E+00 0.0000E+00 0.0000E+00 6.6044E-06 0.0000E+00 0.0000E+00 0.0000E+00 0.0000E+00
 0.0000E+00 1.5382E-06 0.0000E+00 0.0000E+00 0.0000E+00 0.0000E+00 0.0000E+00 0.0000E+00 0.0000E+00 0.0000E+00 0.0000E+00 0.0000E+00 0.0000E+00 0.0000E+00 0.0000E+00 0.0000E+00 2.7758E-05 1.2667E-05 0.0000E+00 0.0000E+00 0.0000E+00 0.0000E+00 0.0000E+00 0.0000E+00 0.0000E+00
 0.0000E+00 6.1528E-06 0.0000E+00 0.0000E+00 0.0000E+00 0.0000E+00 0.0000E+00 0.0000E+00 0.0000E+00 0.0000E+00 0.0000E+00 0.0000E+00 0.0000E+00 0.0000E+00 0.0000E+00 0.0000E+00 0.0000E+00 0.0000E+00 0.0000E+00 0.0000E+00 3.9627E-05 0.0000E+00 0.0000E+00 0.0000E+00 0.0000E+00
 0.0000E+00 0.0000E+00 0.0000E+00 0.0000E+00 0.0000E+00 0.0000E+00 0.0000E+00 0.0000E+00 0.0000E+00 0.0000E+00 0.0000E+00 0.0000E+00 0.0000E+00 0.0000E+00 0.0000E+00 0.0000E+00 1.6655E-04 0.0000E+00 0.0000E+00 0.0000E+00 1.9813E-05 0.0000E+00 0.0000E+00 0.0000E+00 0.0000E+00
 0.0000E+00 2.0509E-06 0.0000E+00 0.0000E+00 0.0000E+00 0.0000E+00 0.0000E+00 0.0000E+00 0.0000E+00 0.0000E+00 0.0000E+00 0.0000E+00 0.0000E+00 0.0000E+00 0.0000E+00 0.0000E+00 0.0000E+00 0.0000E+00 0.0000E+00 0.0000E+00 3.3022E-05 0.0000E+00 0.0000E+00 0.0000E+00 0.0000E+00
 0.0000E+00 5.1273E-07 0.0000E+00 0.0000E+00 0.0000E+00 0.0000E+00 0.0000E+00 0.0000E+00 0.0000E+00 0.0000E+00 0.0000E+00 0.0000E+00 0.0000E+00 0.0000E+00 0.0000E+00 0.0000E+00 9.7154E-05 0.0000E+00 0.0000E+00 0.0000E+00 1.9813E-05 0.0000E+00 0.0000E+00 0.0000E+00 0.0000E+00
 0.0000E+00 1.5382E-06 0.0000E+00 0.0000E+00 0.0000E+00 0.0000E+00 0.0000E+00 0.0000E+00 0.0000E+00 0.0000E+00 0.0000E+00 0.0000E+00 0.0000E+00 0.0000E+00 0.0000E+00 0.0000E+00 9.7154E-05 0.0000E+00 0.0000E+00 0.0000E+00 1.9813E-05 0.0000E+00 0.0000E+00 0.0000E+00 0.0000E+00
 0.0000E+00 3.5891E-06 0.0000E+00 0.0000E+00 0.0000E+00 0.0000E+00 0.0000E+00 0.0000E+00 0.0000E+00 0.0000E+00 0.0000E+00 0.0000E+00 0.0000E+00 0.0000E+00 0.0000E+00 0.0000E+00 1.3879E-05 0.0000E+00 0.0000E+00 2.6275E-05 6.6044E-06 0.0000E+00 0.0000E+00 8.8760E-07 0.0000E+00
 0.0000E+00 2.5637E-06 0.0000E+00 0.0000E+00 0.0000E+00 0.0000E+00 0.0000E+00 0.0000E+00 0.0000E+00 0.0000E+00 0.0000E+00 0.0000E+00 0.0000E+00 0.0000E+00 0.0000E+00 1.3132E-05 0.0000E+00 5.0669E-05 0.0000E+00 0.0000E+00 0.0000E+00 4.4866E-06 0.0000E+00 0.0000E+00 0.0000E+00
 0.0000E+00 3.0764E-06 0.0000E+00 0.0000E+00 0.0000E+00 0.0000E+00 0.0000E+00 0.0000E+00 0.0000E+00 0.0000E+00 0.0000E+00 0.0000E+00 0.0000E+00 0.0000E+00 0.0000E+00 0.0000E+00 0.0000E+00 0.0000E+00 0.0000E+00 0.0000E+00 6.6044E-06 0.0000E+00 0.0000E+00 0.0000E+00 0.0000E+00
 0.0000E+00 5.1273E-07 0.0000E+00 0.0000E+00 0.0000E+00 0.0000E+00 0.0000E+00 0.0000E+00 0.0000E+00 0.0000E+00 0.0000E+00 0.0000E+00 0.0000E+00 0.0000E+00 0.0000E+00 2.6264E-05 2.7758E-05 0.0000E+00 0.0000E+00 0.0000E+00 0.0000E+00 0.0000E+00 0.0000E+00 0.0000E+00 0.0000E+00
 0.0000E+00 1.0255E-06 0.0000E+00 0.0000E+00 0.0000E+00 0.0000E+00 0.0000E+00 0.0000E+00 0.0000E+00 0.0000E+00 0.0000E+00 0.0000E+00 0.0000E+00 0.0000E+00 0.0000E+00 0.0000E+00 1.3879E-05 0.0000E+00 0.0000E+00 0.0000E+00 5.2835E-05 0.0000E+00 0.0000E+00 0.0000E+00 0.0000E+00
 0.0000E+00 5.1273E-07 0.0000E+00 0.0000E+00 0.0000E+00 0.0000E+00 0.0000E+00 0.0000E+00 0.0000E+00 0.0000E+00 0.0000E+00 0.0000E+00 0.0000E+00 0.0000E+00 0.0000E+00 3.9396E-05 1.3879E-05 2.5335E-05 0.0000E+00 0.0000E+00 3.9627E-05 8.9733E-06 0.0000E+00 0.0000E+00 0.0000E+00
 0.0000E+00 5.1273E-07 0.0000E+00 0.0000E+00 0.0000E+00 0.0000E+00 0.0000E+00 0.0000E+00 0.0000E+00 0.0000E+00 0.0000E+00 0.0000E+00 0.0000E+00 0.0000E+00 0.0000E+00 0.0000E+00 0.0000E+00 0.0000E+00 0.0000E+00 3.5034E-05 1.9813E-05 0.0000E+00 0.0000E+00 0.0000E+00 0.0000E+00
 0.0000E+00 5.1273E-07 0.0000E+00 0.0000E+00 0.0000E+00 0.0000E+00 0.0000E+00 0.0000E+00 0.0000E+00 0.0000E+00 0.0000E+00 0.0000E+00 0.0000E+00 0.0000E+00 0.0000E+00 1.3132E-05 6.9396E-05 1.2667E-05 0.0000E+00 0.0000E+00 1.9813E-05 0.0000E+00 0.0000E+00 0.0000E+00 0.0000E+00
 0.0000E+00 3.0764E-06 0.0000E+00 0.0000E+00 0.0000E+00 0.0000E+00 0.0000E+00 0.0000E+00 0.0000E+00 0.0000E+00 0.0000E+00 0.0000E+00 0.0000E+00 0.0000E+00 0.0000E+00 0.0000E+00 0.0000E+00 1.2667E-05 0.0000E+00 0.0000E+00 6.6044E-06 4.4866E-06 0.0000E+00 0.0000E+00 0.0000E+00
 0.0000E+00 3.0764E-06 0.0000E+00 0.0000E+00 0.0000E+00 0.0000E+00 0.0000E+00 0.0000E+00 0.0000E+00 0.0000E+00 0.0000E+00 0.0000E+00 0.0000E+00 0.0000E+00 0.0000E+00 0.0000E+00 1.9431E-04 0.0000E+00 0.0000E+00 0.0000E+00 1.3209E-05 0.0000E+00 0.0000E+00 0.0000E+00 0.0000E+00
 0.0000E+00 2.5637E-06 0.0000E+00 0.0000E+00 0.0000E+00 0.0000E+00 0.0000E+00 0.0000E+00 0.0000E+00 0.0000E+00 0.0000E+00 0.0000E+00 0.0000E+00 0.0000E+00 0.0000E+00 2.6264E-05 4.1637E-05 2.5335E-05 0.0000E+00 0.0000E+00 0.0000E+00 0.0000E+00 0.0000E+00 0.0000E+00 0.0000E+00
 0.0000E+00 2.0509E-06 0.0000E+00 0.0000E+00 0.0000E+00 0.0000E+00 0.0000E+00 0.0000E+00 0.0000E+00 0.0000E+00 0.0000E+00 0.0000E+00 0.0000E+00 0.0000E+00 0.0000E+00 0.0000E+00 1.3879E-05 1.2667E-05 0.0000E+00 8.7584E-06 1.3209E-05 0.0000E+00 0.0000E+00 0.0000E+00 0.0000E+00
 0.0000E+00 2.5637E-06 0.0000E+00 0.0000E+00 0.0000E+00 0.0000E+00 0.0000E+00 0.0000E+00 0.0000E+00 0.0000E+00 0.0000E+00 0.0000E+00 0.0000E+00 0.0000E+00 0.0000E+00 0.0000E+00 4.1637E-05 0.0000E+00 0.0000E+00 0.0000E+00 6.6044E-06 0.0000E+00 0.0000E+00 0.0000E+00 0.0000E+00
 0.0000E+00 1.5382E-06 0.0000E+00 0.0000E+00 0.0000E+00 0.0000E+00 0.0000E+00 0.0000E+00 0.0000E+00 0.0000E+00 0.0000E+00 0.0000E+00 0.0000E+00 0.0000E+00 0.0000E+00 5.2528E-05 9.7154E-05 0.0000E+00 0.0000E+00 0.0000E+00 6.6044E-06 0.0000E+00 0.0000E+00 0.0000E+00 0.0000E+00
 0.0000E+00 2.0509E-06 0.0000E+00 0.0000E+00 0.0000E+00 0.0000E+00 0.0000E+00 0.0000E+00 0.0000E+00 0.0000E+00 0.0000E+00 0.0000E+00 0.0000E+00 0.0000E+00 0.0000E+00 6.5660E-05 0.0000E+00 0.0000E+00 0.0000E+00 0.0000E+00 0.0000E+00 0.0000E+00 0.0000E+00 0.0000E+00 0.0000E+00
 0.0000E+00 1.0255E-06 0.0000E+00 0.0000E+00 0.0000E+00 0.0000E+00 0.0000E+00 0.0000E+00 0.0000E+00 0.0000E+00 0.0000E+00 0.0000E+00 0.0000E+00 0.0000E+00 0.0000E+00 0.0000E+00 0.0000E+00 0.0000E+00 0.0000E+00 0.0000E+00 1.3209E-05 0.0000E+00 0.0000E+00 0.0000E+00 0.0000E+00
 0.0000E+00 1.5382E-06 0.0000E+00 0.0000E+00 0.0000E+00 0.0000E+00 0.0000E+00 0.0000E+00 0.0000E+00 0.0000E+00 0.0000E+00 0.0000E+00 0.0000E+00 0.0000E+00 0.0000E+00 1.3132E-05 1.3879E-05 0.0000E+00 0.0000E+00 0.0000E+00 6.6044E-06 0.0000E+00 0.0000E+00 0.0000E+00 0.0000E+00
 0.0000E+00 2.0509E-06 0.0000E+00 0.0000E+00 0.0000E+00 0.0000E+00 0.0000E+00 0.0000E+00 0.0000E+00 0.0000E+00 0.0000E+00 0.0000E+00 0.0000E+00 0.0000E+00 0.0000E+00 0.0000E+00 6.9396E-05 0.0000E+00 0.0000E+00 0.0000E+00 3.3022E-05 0.0000E+00 0.0000E+00 0.0000E+00 0.0000E+00
 0.0000E+00 0.0000E+00 0.0000E+00 0.0000E+00 0.0000E+00 0.0000E+00 0.0000E+00 0.0000E+00 0.0000E+00 0.0000E+00 0.0000E+00 0.0000E+00 0.0000E+00 0.0000E+00 0.0000E+00 0.0000E+00 5.5517E-05 0.0000E+00 0.0000E+00 0.0000E+00 0.0000E+00 0.0000E+00 0.0000E+00 0.0000E+00 0.0000E+00
 0.0000E+00 5.1273E-07 0.0000E+00 0.0000E+00 0.0000E+00 0.0000E+00 0.0000E+00 0.0000E+00 0.0000E+00 0.0000E+00 0.0000E+00 0.0000E+00 0.0000E+00 0.0000E+00 0.0000E+00 6.5660E-05 0.0000E+00 0.0000E+00 0.0000E+00 0.0000E+00 2.6418E-05 0.0000E+00 0.0000E+00 0.0000E+00 0.0000E+00
 0.0000E+00 0.0000E+00 0.0000E+00 0.0000E+00 0.0000E+00 0.0000E+00 0.0000E+00 0.0000E+00 0.0000E+00 0.0000E+00 0.0000E+00 0.0000E+00 0.0000E+00 0.0000E+00 0.0000E+00 1.3132E-05 1.3879E-05 0.0000E+00 0.0000E+00 0.0000E+00 6.6044E-06 0.0000E+00 0.0000E+00 0.0000E+00 0.0000E+00
 0.0000E+00 2.0509E-06 0.0000E+00 0.0000E+00 0.0000E+00 0.0000E+00 0.0000E+00 0.0000E+00 0.0000E+00 0.0000E+00 0.0000E+00 0.0000E+00 0.0000E+00 0.0000E+00 0.0000E+00 2.6264E-05 2.7758E-05 0.0000E+00 0.0000E+00 0.0000E+00 4.6231E-05 0.0000E+00 0.0000E+00 0.0000E+00 0.0000E+00
 0.0000E+00 2.0509E-06 0.0000E+00 0.0000E+00 0.0000E+00 0.0000E+00 0.0000E+00 0.0000E+00 0.0000E+00 0.0000E+00 0.0000E+00 0.0000E+00 0.0000E+00 0.0000E+00 0.0000E+00 2.6264E-05 6.9396E-05 0.0000E+00 0.0000E+00 0.0000E+00 0.0000E+00 0.0000E+00 0.0000E+00 0.0000E+00 0.0000E+00
 0.0000E+00 0.0000E+00 0.0000E+00 0.0000E+00 0.0000E+00 0.0000E+00 0.0000E+00 0.0000E+00 0.0000E+00 0.0000E+00 0.0000E+00 0.0000E+00 0.0000E+00 0.0000E+00 0.0000E+00 0.0000E+00 0.0000E+00 0.0000E+00 0.0000E+00 0.0000E+00 4.6231E-05 4.4866E-06 0.0000E+00 2.6628E-06 0.0000E+00
 0.0000E+00 0.0000E+00 0.0000E+00 0.0000E+00 0.0000E+00 0.0000E+00 0.0000E+00 0.0000E+00 0.0000E+00 0.0000E+00 0.0000E+00 0.0000E+00 0.0000E+00 0.0000E+00 0.0000E+00 0.0000E+00 0.0000E+00 0.0000E+00 0.0000E+00 0.0000E+00 0.0000E+00 0.0000E+00 0.0000E+00 0.0000E+00 0.0000E+00
