 0 0.0000E+00 0.0000E+00 0.0000E+00 0.0000E+00 0.0000E+00 5.0063E-05 0.0000E+00 2.7631E-05 0.0000E+00 0.0000E+00 0.0000E+00 0.0000E+00 0.0000E+00 0.0000E+00 3.4999E-04 0.0000E+00 0.0000E+00 0.0000E+00 0.0000E+00 0.0000E+00 0.0000E+00 0.0000E+00 7.2725E-07 0
 0 1.0050E-06 0.0000E+00 0.0000E+00 0.0000E+00 0.0000E+00 5.5626E-05 0.0000E+00 3.6842E-05 0.0000E+00 0.0000E+00 0.0000E+00 0.0000E+00 0.0000E+00 0.0000E+00 1.3299E-04 0.0000E+00 0.0000E+00 0.0000E+00 0.0000E+00 0.0000E+00 0.0000E+00 0.0000E+00 0.0000E+00 0
 0 0.0000E+00 0.0000E+00 0.0000E+00 0.0000E+00 0.0000E+00 1.0847E-04 0.0000E+00 2.1491E-05 0.0000E+00 0.0000E+00 0.0000E+00 0.0000E+00 0.0000E+00 0.0000E+00 1.8899E-04 0.0000E+00 0.0000E+00 0.0000E+00 0.0000E+00 0.0000E+00 0.0000E+00 0.0000E+00 0.0000E+00 0
 0 5.0248E-07 0.0000E+00 0.0000E+00 0.0000E+00 0.0000E+00 1.0291E-04 0.0000E+00 6.4473E-05 0.0000E+00 0.0000E+00 0.0000E+00 0.0000E+00 0.0000E+00 0.0000E+00 3.6049E-04 0.0000E+00 0.0000E+00 3.6193E-06 0.0000E+00 0.0000E+00 0.0000E+00 0.0000E+00 0.0000E+00 0
 0 2.5124E-06 0.0000E+00 0.0000E+00 2.0415E-06 0.0000E+00 7.5095E-05 0.0000E+00 1.5351E-05 0.0000E+00 0.0000E+00 0.0000E+00 0.0000E+00 0.0000E+00 0.0000E+00 1.4349E-04 0.0000E+00 0.0000E+00 7.2386E-05 0.0000E+00 0.0000E+00 0.0000E+00 0.0000E+00 0.0000E+00 0
 0 7.5372E-06 0.0000E+00 0.0000E+00 0.0000E+00 0.0000E+00 8.3439E-05 0.0000E+00 5.2192E-05 0.0000E+00 0.0000E+00 0.0000E+00 0.0000E+00 0.0000E+00 0.0000E+00 0.0000E+00 0.0000E+00 0.0000E+00 0.0000E+00 0.0000E+00 0.0000E+00 0.0000E+00 0.0000E+00 0.0000E+00 0
 0 1.3064E-05 0.0000E+00 0.0000E+00 0.0000E+00 0.0000E+00 1.1960E-04 0.0000E+00 1.0131E-04 0.0000E+00 0.0000E+00 0.0000E+00 0.0000E+00 0.0000E+00 0.0000E+00 1.3999E-04 0.0000E+00 0.0000E+00 0.0000E+00 0.0000E+00 0.0000E+00 0.0000E+00 0.0000E+00 0.0000E+00 0
 0 1.1054E-05 0.0000E+00 0.0000E+00 0.0000E+00 0.0000E+00 1.1960E-04 0.0000E+00 6.1403E-05 0.0000E+00 0.0000E+00 0.0000E+00 0.0000E+00 0.0000E+00 0.0000E+00 3.2899E-04 0.0000E+00 0.0000E+00 1.8096E-05 0.0000E+00 0.0000E+00 0.0000E+00 0.0000E+00 7.2725E-07 0
 0 2.6129E-05 0.0000E+00 0.0000E+00 0.0000E+00 0.0000E+00 1.5297E-04 0.0000E+00 7.9824E-05 0.0000E+00 0.0000E+00 0.0000E+00 0.0000E+00 0.0000E+00 0.0000E+00 3.2549E-04 0.0000E+00 0.0000E+00 0.0000E+00 0.0000E+00 0.0000E+00 0.0000E+00 0.0000E+00 5.8180E-06 0
 0 4.8740E-05 0.0000E+00 1.5483E-06 4.0830E-06 0.0000E+00 1.7800E-04 0.0000E+00 1.4737E-04 0.0000E+00 0.0000E+00 0.0000E+00 0.0000E+00 0.0000E+00 0.0000E+00 1.7849E-04 0.0000E+00 0.0000E+00 9.0482E-05 0.0000E+00 0.0000E+00 0.0000E+00 0.0000E+00 6.5453E-06 0
 0 9.8988E-05 0.0000E+00 3.0966E-06 6.1246E-06 0.0000E+00 2.3641E-04 0.0000E+00 1.9035E-04 3.4511E-05 0.0000E+00 0.0000E+00 0.0000E+00 0.0000E+00 0.0000E+00 6.2998E-05 0.0000E+00 0.0000E+00 1.2306E-04 0.0000E+00 0.0000E+00 0.0000E+00 0.0000E+00 6.5453E-06 0
 0 1.5074E-04 0.0000E+00 6.1933E-06 1.6332E-05 0.0000E+00 3.6991E-04 0.0000E+00 1.4123E-04 1.5687E-05 0.0000E+00 0.0000E+00 0.0000E+00 0.0000E+00 0.0000E+00 2.5549E-04 0.0000E+00 7.0341E-05 5.4289E-05 1.4232E-05 0.0000E+00 0.0000E+00 0.0000E+00 2.5454E-05 0
 0 3.1254E-04 0.0000E+00 1.5483E-06 4.0830E-06 0.0000E+00 3.7548E-04 0.0000E+00 2.7324E-04 3.1374E-06 0.0000E+00 0.0000E+00 0.0000E+00 0.0000E+00 0.0000E+00 2.7999E-04 0.0000E+00 0.0000E+00 1.1944E-04 1.7790E-05 0.0000E+00 0.0000E+00 0.0000E+00 3.7817E-05 0
 0 6.3362E-04 0.0000E+00 0.0000E+00 1.4291E-05 0.0000E+00 5.2010E-04 0.0000E+00 3.1930E-04 1.8824E-05 0.0000E+00 0.0000E+00 0.0000E+00 0.0000E+00 0.0000E+00 5.6698E-04 0.0000E+00 7.0341E-06 2.0630E-04 1.4232E-05 0.0000E+00 0.0000E+00 0.0000E+00 6.0362E-05 0
 0 1.0562E-03 0.0000E+00 3.8708E-05 1.8374E-05 9.8500E-06 4.8673E-04 0.0000E+00 3.1623E-04 4.0786E-05 0.0000E+00 0.0000E+00 0.0000E+00 0.0000E+00 0.0000E+00 4.3048E-04 0.0000E+00 0.0000E+00 1.6649E-04 0.0000E+00 0.0000E+00 0.0000E+00 0.0000E+00 1.1709E-04 0
 0 1.9783E-03 0.0000E+00 1.7031E-05 1.6332E-05 4.9250E-06 5.7851E-04 0.0000E+00 6.6008E-04 2.5099E-05 0.0000E+00 0.0000E+00 0.0000E+00 0.0000E+00 0.0000E+00 3.9898E-04 0.0000E+00 1.7585E-05 5.6099E-04 3.5580E-06 0.0000E+00 0.0000E+00 0.0000E+00 2.0218E-04 0
 0 3.3043E-03 2.0647E-06 3.4063E-05 2.8581E-05 4.9250E-06 7.0923E-04 0.0000E+00 6.4166E-04 1.3177E-04 0.0000E+00 0.0000E+00 0.0000E+00 0.0000E+00 0.0000E+00 1.6099E-04 0.0000E+00 1.1606E-04 2.5697E-04 6.4045E-05 0.0000E+00 0.0000E+00 0.0000E+00 3.8617E-04 0
 0 5.5735E-03 2.0647E-06 5.2643E-05 4.6955E-05 2.7087E-05 8.1492E-04 0.0000E+00 6.8771E-04 2.1021E-04 0.0000E+00 0.0000E+00 0.0000E+00 0.0000E+00 0.0000E+00 8.0497E-05 0.0000E+00 3.1654E-05 4.0898E-04 3.5580E-05 0.0000E+00 0.0000E+00 0.0000E+00 6.2689E-04 0
 0 8.7888E-03 9.2910E-06 7.4319E-05 8.1661E-05 4.1862E-05 1.1626E-03 0.0000E+00 1.0531E-03 2.2275E-04 0.0000E+00 3.5487E-06 0.0000E+00 0.0000E+00 0.0000E+00 1.3999E-04 0.0000E+00 0.0000E+00 1.8096E-04 1.8858E-04 0.0000E+00 0.0000E+00 0.0000E+00 9.7743E-04 0
 0 1.3377E-02 2.0647E-05 8.8254E-05 1.1024E-04 1.4775E-05 1.2321E-03 0.0000E+00 1.2434E-03 2.4158E-04 0.0000E+00 1.4195E-05 0.0000E+00 0.0000E+00 0.0000E+00 1.9599E-04 0.0000E+00 0.0000E+00 5.0670E-04 1.5300E-04 0.0000E+00 2.2882E-06 0.0000E+00 1.5498E-03 0
 0 2.0526E-02 1.9614E-05 8.3609E-05 1.3678E-04 5.9100E-05 1.6716E-03 0.0000E+00 1.5934E-03 5.2394E-04 0.0000E+00 1.7744E-05 0.0000E+00 0.0000E+00 0.0000E+00 2.6949E-04 0.0000E+00 2.4619E-05 9.1206E-04 2.3483E-04 0.0000E+00 0.0000E+00 0.0000E+00 2.3941E-03 0
 0 2.9308E-02 4.4390E-05 1.5174E-04 1.5516E-04 9.3575E-05 1.8746E-03 0.0000E+00 1.8820E-03 5.1767E-04 0.0000E+00 4.2585E-05 1.0989E-05 0.0000E+00 0.0000E+00 2.6599E-04 0.0000E+00 5.2053E-04 1.0424E-03 3.5224E-04 0.0000E+00 1.1441E-05 0.0000E+00 3.5541E-03 0
 0 4.0277E-02 8.6716E-05 2.4309E-04 1.9394E-04 1.1327E-04 2.3808E-03 0.0000E+00 2.1737E-03 7.0905E-04 0.0000E+00 1.0646E-05 7.3257E-06 0.0000E+00 8.8863E-05 3.3949E-04 0.0000E+00 1.4068E-05 1.0206E-03 4.5543E-04 0.0000E+00 0.0000E+00 0.0000E+00 5.6166E-03 0
 0 5.3497E-02 2.1060E-04 4.1340E-04 2.5315E-04 1.9700E-04 2.4948E-03 0.0000E+00 2.5298E-03 6.9964E-04 0.0000E+00 1.4195E-05 1.4651E-05 0.0000E+00 0.0000E+00 3.9898E-04 0.0000E+00 1.5827E-04 1.1618E-03 7.4719E-04 0.0000E+00 0.0000E+00 0.0000E+00 7.4514E-03 0
 0 6.9063E-02 2.5292E-04 4.8772E-04 3.7768E-04 2.5117E-04 3.2708E-03 0.0000E+00 3.1039E-03 1.1169E-03 0.0000E+00 2.1292E-05 7.3257E-06 0.0000E+00 0.0000E+00 6.9997E-04 0.0000E+00 0.0000E+00 1.4803E-03 6.6535E-04 0.0000E+00 3.4322E-05 0.0000E+00 1.0555E-02 0
 0 8.6187E-02 3.4893E-04 6.3016E-04 4.4913E-04 2.7334E-04 3.6046E-03 0.0000E+00 3.7517E-03 1.2706E-03 0.0000E+00 6.0329E-05 9.8897E-05 0.0000E+00 6.3982E-05 2.6249E-04 0.0000E+00 1.8289E-04 1.5527E-03 1.2133E-03 0.0000E+00 0.0000E+00 0.0000E+00 1.4401E-02 0
 0 1.0479E-01 5.4301E-04 8.2061E-04 4.7567E-04 5.5899E-04 4.0857E-03 0.0000E+00 4.4732E-03 1.8071E-03 0.0000E+00 8.5170E-05 1.3553E-04 0.0000E+00 2.1327E-05 5.9848E-04 0.0000E+00 6.6824E-05 2.4503E-03 1.6367E-03 0.0000E+00 2.5170E-05 0.0000E+00 1.9426E-02 0
 0 1.2522E-01 9.2084E-04 1.0606E-03 6.2062E-04 4.6049E-04 4.6476E-03 0.0000E+00 4.7342E-03 1.8636E-03 0.0000E+00 1.4195E-04 9.5235E-05 1.8197E-05 0.0000E+00 6.0198E-04 0.0000E+00 4.5722E-04 1.8820E-03 1.6296E-03 0.0000E+00 2.5170E-05 1.5055E-06 2.4594E-02 0
 0 1.4366E-01 1.3782E-03 1.5112E-03 8.4315E-04 7.7322E-04 5.4625E-03 6.0043E-06 5.7842E-03 2.9241E-03 0.0000E+00 1.8099E-04 2.9303E-04 0.0000E+00 1.2085E-04 9.0296E-04 0.0000E+00 2.1102E-04 2.4249E-03 2.7859E-03 0.0000E+00 1.3729E-05 1.5055E-06 3.1673E-02 0
 0 1.6192E-01 1.9325E-03 1.7914E-03 1.1106E-03 9.5298E-04 6.0132E-03 1.2009E-05 6.9109E-03 3.5107E-03 0.0000E+00 1.6679E-04 3.8094E-04 3.6393E-06 9.9527E-05 3.4999E-04 0.0000E+00 2.4971E-04 3.3442E-03 2.5155E-03 0.0000E+00 5.9492E-05 3.0111E-06 3.8788E-02 0
 0 1.7896E-01 2.6717E-03 2.3829E-03 1.1984E-03 1.2780E-03 6.4443E-03 6.0043E-06 7.4083E-03 4.2072E-03 3.3206E-06 2.2357E-04 5.2379E-04 1.3102E-04 1.0308E-04 6.9297E-04 0.0000E+00 5.8735E-04 2.9859E-03 3.4620E-03 0.0000E+00 6.4069E-05 0.0000E+00 4.7253E-02 0
 0 1.9380E-01 4.0106E-03 2.9557E-03 1.6740E-03 1.3224E-03 7.2258E-03 2.1015E-05 8.6210E-03 5.0983E-03 2.3245E-05 3.9746E-04 8.5711E-04 3.2754E-05 1.9550E-04 3.4299E-04 0.0000E+00 3.6577E-04 4.5603E-03 4.3017E-03 0.0000E+00 8.2374E-05 1.5055E-06 5.7456E-02 0
 0 2.0493E-01 5.3114E-03 3.4063E-03 1.7741E-03 1.8198E-03 8.4663E-03 2.1015E-05 9.6525E-03 5.5030E-03 1.3283E-05 7.2394E-04 1.0476E-03 4.0032E-05 3.0924E-04 3.9898E-04 0.0000E+00 1.7234E-04 3.7749E-03 5.5078E-03 0.0000E+00 1.0526E-04 1.3550E-05 6.6756E-02 0
 0 2.1348E-01 7.0694E-03 4.2486E-03 2.3212E-03 2.7752E-03 9.5454E-03 5.4039E-05 1.0500E-02 6.4881E-03 1.3283E-05 8.6589E-04 1.0329E-03 6.9147E-05 4.9408E-04 7.1397E-04 0.0000E+00 4.9942E-04 6.1492E-03 6.4827E-03 0.0000E+00 1.9907E-04 3.1616E-05 7.7245E-02 0
 0 2.2045E-01 8.8946E-03 5.1404E-03 2.3702E-03 3.1101E-03 1.0160E-02 1.0808E-04 1.1584E-02 7.9439E-03 7.3054E-05 1.0824E-03 1.1062E-03 1.3102E-04 1.3863E-04 5.7748E-04 0.0000E+00 4.4667E-04 5.4977E-03 7.6640E-03 0.0000E+00 3.0204E-04 6.4738E-05 8.8648E-02 0
 0 2.2200E-01 1.1889E-02 6.0725E-03 3.0460E-03 3.3047E-03 1.1217E-02 1.0808E-04 1.3180E-02 8.7094E-03 1.2286E-04 1.3414E-03 1.8058E-03 1.6013E-04 1.3863E-04 8.2947E-04 0.0000E+00 4.2205E-04 6.4677E-03 8.6887E-03 0.0000E+00 3.8670E-04 8.7321E-05 1.0086E-01 0
 0 2.2121E-01 1.4441E-02 7.1563E-03 3.5645E-03 4.3635E-03 1.2057E-02 3.7227E-04 1.4408E-02 1.0962E-02 1.6935E-04 1.5118E-03 2.0768E-03 2.5839E-04 3.4834E-04 5.1798E-04 6.9672E-06 7.0693E-04 7.6765E-03 1.0621E-02 0.0000E+00 6.0636E-04 1.1442E-04 1.1160E-01 0
 0 2.1915E-01 1.8331E-02 8.6226E-03 4.1300E-03 5.2303E-03 1.3856E-02 3.2423E-04 1.5995E-02 1.1461E-02 1.8264E-04 2.0263E-03 3.4211E-03 3.3846E-04 3.8033E-04 5.7748E-04 0.0000E+00 6.6824E-04 8.8021E-03 1.3478E-02 0.0000E+00 6.9331E-04 1.7314E-04 1.2157E-01 0
 0 2.1472E-01 2.1935E-02 9.7977E-03 4.6138E-03 5.8435E-03 1.4844E-02 4.3231E-04 1.7309E-02 1.3415E-02 2.2580E-04 2.8603E-03 4.3112E-03 1.4557E-04 4.4432E-04 6.8247E-04 0.0000E+00 7.3858E-04 7.6041E-03 1.4862E-02 0.0000E+00 1.0091E-03 2.9810E-04 1.3209E-01 0
 0 2.0696E-01 2.7885E-02 1.1648E-02 5.4590E-03 7.3899E-03 1.6095E-02 5.0736E-04 1.9253E-02 1.5511E-02 3.1546E-04 3.8468E-03 4.4357E-03 3.8577E-04 5.9361E-04 7.6647E-04 0.0000E+00 7.4210E-04 1.0568E-02 1.6588E-02 1.2195E-05 1.3432E-03 5.4651E-04 1.4234E-01 0
 0 1.9933E-01 3.2642E-02 1.2950E-02 6.2348E-03 8.4316E-03 1.6785E-02 7.8657E-04 2.0241E-02 1.8053E-02 6.9734E-04 4.4821E-03 5.5859E-03 5.8593E-04 5.6162E-04 7.8397E-04 0.0000E+00 9.6719E-04 1.1766E-02 1.7626E-02 1.2195E-05 1.8145E-03 8.1600E-04 1.5281E-01 0
 0 1.8991E-01 3.7985E-02 1.5160E-02 6.6901E-03 9.7933E-03 1.9130E-02 1.0598E-03 2.1921E-02 1.8570E-02 6.8405E-04 5.2947E-03 6.5529E-03 5.9321E-04 5.2607E-04 8.2247E-04 0.0000E+00 7.5617E-04 1.1802E-02 2.0288E-02 2.7439E-05 2.0708E-03 1.0870E-03 1.6110E-01 0
 0 1.7842E-01 4.4995E-02 1.7364E-02 8.0620E-03 1.1997E-02 1.9781E-02 1.3450E-03 2.3775E-02 2.0854E-02 1.1191E-03 7.5978E-03 7.4466E-03 7.8609E-04 7.1091E-04 3.3949E-04 0.0000E+00 1.1958E-03 1.2946E-02 2.4337E-02 3.6585E-05 2.7046E-03 1.4589E-03 1.6807E-01 0
 0 1.6862E-01 5.1462E-02 1.9794E-02 8.9276E-03 1.2933E-02 2.2120E-02 1.8944E-03 2.6247E-02 2.3838E-02 1.5972E-03 7.9279E-03 9.1498E-03 9.3166E-04 1.0557E-03 3.7099E-04 6.9672E-06 9.3202E-04 1.2939E-02 2.6763E-02 1.0671E-04 3.3293E-03 1.7795E-03 1.7486E-01 0
 0 1.5721E-01 5.9491E-02 2.2361E-02 9.8401E-03 1.4322E-02 2.3766E-02 2.4438E-03 2.8129E-02 2.5482E-02 2.1153E-03 1.0877E-02 1.0556E-02 1.0518E-03 8.8863E-04 6.0198E-04 0.0000E+00 7.3507E-04 1.5910E-02 2.8432E-02 1.1890E-04 4.2194E-03 2.7295E-03 1.7954E-01 0
 0 1.4629E-01 6.6727E-02 2.4844E-02 1.1116E-02 1.7063E-02 2.4487E-02 3.0412E-03 2.9787E-02 2.8208E-02 2.4506E-03 1.2428E-02 1.2641E-02 2.0344E-03 1.0024E-03 5.8798E-04 0.0000E+00 1.3928E-03 1.5950E-02 3.3766E-02 1.0671E-04 5.0340E-03 3.3860E-03 1.8318E-01 0
 0 1.3555E-01 7.4030E-02 2.7854E-02 1.2417E-02 1.8464E-02 2.6937E-02 4.3441E-03 3.1954E-02 3.1895E-02 3.7623E-03 1.5728E-02 1.5358E-02 1.9543E-03 7.3223E-04 6.7547E-04 0.0000E+00 1.4068E-03 1.6193E-02 3.5555E-02 1.5853E-04 6.1597E-03 4.4278E-03 1.8828E-01 0
 0 1.2606E-01 8.3527E-02 3.0895E-02 1.4007E-02 2.1475E-02 2.7084E-02 5.8062E-03 3.4137E-02 3.4605E-02 4.6423E-03 1.6803E-02 1.6666E-02 2.4056E-03 1.2476E-03 8.8547E-04 1.7418E-05 1.5616E-03 1.8162E-02 4.0095E-02 2.9878E-04 7.7454E-03 5.8219E-03 1.9143E-01 0
 0 1.1610E-01 9.2991E-02 3.3631E-02 1.5173E-02 2.3504E-02 2.9663E-02 7.1331E-03 3.6332E-02 3.8085E-02 6.1764E-03 2.0675E-02 2.0827E-02 3.6502E-03 1.6351E-03 6.2998E-04 0.0000E+00 1.7058E-03 2.0261E-02 4.3454E-02 4.6950E-04 8.6790E-03 7.5292E-03 1.9099E-01 0
 0 1.0515E-01 1.0132E-01 3.6593E-02 1.6395E-02 2.5854E-02 3.1584E-02 8.0728E-03 3.8214E-02 4.0275E-02 7.2755E-03 2.2662E-02 2.4003E-02 3.8613E-03 2.5095E-03 1.0360E-03 6.9672E-06 1.4525E-03 2.0811E-02 4.6393E-02 5.8231E-04 1.0489E-02 9.4126E-03 1.9239E-01 0
 0 9.7351E-02 1.0881E-01 4.0818E-02 1.8858E-02 2.8740E-02 3.4121E-02 9.3968E-03 4.0765E-02 4.3058E-02 9.1816E-03 2.5540E-02 2.5787E-02 5.2697E-03 1.8412E-03 7.8047E-04 0.0000E+00 1.5194E-03 2.1477E-02 4.9880E-02 8.7194E-04 1.1933E-02 1.1719E-02 1.9142E-01 0
 0 8.8777E-02 1.1839E-01 4.3916E-02 2.0046E-02 3.1887E-02 3.5467E-02 1.1570E-02 4.3934E-02 4.6951E-02 1.1386E-02 2.8500E-02 2.9625E-02 5.0223E-03 2.2322E-03 4.7248E-04 0.0000E+00 1.4736E-03 2.3341E-02 5.3772E-02 1.5457E-03 1.5074E-02 1.4744E-02 1.8770E-01 0
 0 8.0975E-02 1.2845E-01 4.7942E-02 2.2830E-02 3.3840E-02 3.7353E-02 1.3152E-02 4.6068E-02 4.8504E-02 1.3874E-02 3.3245E-02 3.2493E-02 6.8565E-03 2.5522E-03 8.1547E-04 0.0000E+00 1.9027E-03 2.5121E-02 5.8903E-02 1.8170E-03 1.6424E-02 1.7937E-02 1.8742E-01 0
 0 7.3931E-02 1.3626E-01 5.1238E-02 2.3839E-02 3.8112E-02 3.7865E-02 1.6521E-02 4.8471E-02 5.2962E-02 1.7533E-02 3.7879E-02 3.6874E-02 7.3187E-03 2.8756E-03 7.1747E-04 2.0902E-05 1.9203E-03 2.6895E-02 6.3052E-02 2.4176E-03 1.8980E-02 2.2067E-02 1.8445E-01 0
 0 6.7731E-02 1.4441E-01 5.5554E-02 2.5870E-02 4.1926E-02 4.1461E-02 1.8953E-02 5.0482E-02 5.4785E-02 2.0615E-02 4.0942E-02 3.9515E-02 7.8646E-03 3.0249E-03 1.0010E-03 0.0000E+00 2.2439E-03 2.6953E-02 6.7474E-02 3.1280E-03 2.1580E-02 2.5681E-02 1.8005E-01 0
 0 6.1320E-02 1.5255E-01 5.9818E-02 2.8187E-02 4.5068E-02 4.1561E-02 2.2216E-02 5.4059E-02 5.9328E-02 2.3437E-02 4.8969E-02 4.5244E-02 7.9774E-03 3.3519E-03 8.7847E-04 0.0000E+00 2.1243E-03 2.9226E-02 6.8464E-02 4.4298E-03 2.4250E-02 3.0564E-02 1.7598E-01 0
 0 5.5898E-02 1.5926E-01 6.3452E-02 3.0570E-02 4.6657E-02 4.5238E-02 2.5671E-02 5.6696E-02 6.2804E-02 2.7395E-02 5.2472E-02 4.7658E-02 1.0168E-02 3.7856E-03 7.5247E-04 0.0000E+00 2.0856E-03 2.9403E-02 7.5605E-02 6.0578E-03 2.7657E-02 3.5577E-02 1.7210E-01 0
 0 5.0628E-02 1.6632E-01 6.8008E-02 3.3228E-02 5.1441E-02 4.7463E-02 2.9730E-02 5.8317E-02 6.4458E-02 3.1666E-02 5.7951E-02 5.2910E-02 1.1686E-02 3.9242E-03 8.3647E-04 0.0000E+00 2.4268E-03 2.9479E-02 8.1105E-02 7.6249E-03 3.2446E-02 4.0299E-02 1.6747E-01 0
 0 4.6787E-02 1.7205E-01 7.1320E-02 3.5798E-02 5.4007E-02 4.8998E-02 3.2603E-02 6.0319E-02 6.9719E-02 3.7420E-02 6.4150E-02 5.7617E-02 1.2403E-02 4.3294E-03 1.1340E-03 0.0000E+00 2.4936E-03 3.0663E-02 8.2571E-02 9.9815E-03 3.4483E-02 4.6571E-02 1.6236E-01 0
 0 4.2306E-02 1.7831E-01 7.5922E-02 3.7282E-02 5.9632E-02 5.1448E-02 3.7323E-02 6.2029E-02 7.3741E-02 4.2919E-02 7.1212E-02 6.1705E-02 1.5740E-02 4.7382E-03 8.1897E-04 2.0902E-05 2.9790E-03 3.3536E-02 8.5222E-02 1.2082E-02 3.8931E-02 5.3636E-02 1.5800E-01 0
 0 3.8356E-02 1.8345E-01 7.9865E-02 3.9708E-02 6.3818E-02 5.2992E-02 4.1676E-02 6.6533E-02 7.5969E-02 4.9597E-02 7.6120E-02 6.7701E-02 1.6537E-02 4.5782E-03 1.0255E-03 6.9672E-06 2.2615E-03 3.3927E-02 8.8581E-02 1.5259E-02 4.1748E-02 5.9794E-02 1.5233E-01 0
 0 3.5121E-02 1.8774E-01 8.3474E-02 4.1829E-02 6.7817E-02 5.5306E-02 4.7131E-02 6.9367E-02 7.7349E-02 5.5591E-02 7.9957E-02 7.2884E-02 1.9125E-02 5.9609E-03 9.7296E-04 0.0000E+00 2.9543E-03 3.7593E-02 9.2085E-02 1.8527E-02 4.6463E-02 6.7275E-02 1.4664E-01 0
 0 3.2499E-02 1.9272E-01 8.7711E-02 4.6016E-02 7.0469E-02 5.7990E-02 5.1061E-02 7.3426E-02 8.1770E-02 6.0758E-02 8.7129E-02 7.5536E-02 2.0176E-02 6.2631E-03 1.0290E-03 0.0000E+00 2.8734E-03 3.6171E-02 1.0036E-01 2.2433E-02 5.0820E-02 7.4788E-02 1.4207E-01 0
 0 2.9624E-02 1.9543E-01 9.2518E-02 4.8578E-02 7.1560E-02 5.9792E-02 5.6516E-02 7.4430E-02 8.3307E-02 6.5639E-02 9.5631E-02 8.3916E-02 2.1814E-02 5.8010E-03 1.0360E-03 0.0000E+00 3.4995E-03 3.8994E-02 1.0175E-01 2.6743E-02 5.5156E-02 8.4115E-02 1.3551E-01 0
 0 2.6922E-02 1.9731E-01 9.6527E-02 5.1216E-02 7.8157E-02 6.1428E-02 6.0809E-02 7.7027E-02 8.9453E-02 7.7487E-02 1.0081E-01 8.7378E-02 2.4707E-02 6.1849E-03 9.0996E-04 0.0000E+00 3.6753E-03 3.9226E-02 1.0454E-01 3.2612E-02 5.9410E-02 9.2601E-02 1.3038E-01 0
 0 2.4660E-02 2.0041E-01 1.0092E-01 5.4319E-02 8.2321E-02 6.4857E-02 6.7434E-02 7.8362E-02 9.2039E-02 8.2422E-02 1.0725E-01 9.2396E-02 2.7692E-02 7.7418E-03 1.0395E-03 0.0000E+00 3.9215E-03 4.0134E-02 1.0656E-01 3.6960E-02 6.5041E-02 9.9144E-02 1.2519E-01 0
 0 2.2874E-02 1.9940E-01 1.0480E-01 5.6146E-02 8.5525E-02 6.6359E-02 7.3322E-02 8.1414E-02 9.6001E-02 8.7798E-02 1.1303E-01 9.5901E-02 2.9646E-02 7.0166E-03 1.0885E-03 0.0000E+00 3.3096E-03 4.3652E-02 1.1498E-01 4.4966E-02 6.9556E-02 1.0719E-01 1.1950E-01 0
 0 2.1033E-02 2.0181E-01 1.0923E-01 6.0284E-02 8.9007E-02 6.9146E-02 7.9077E-02 8.3612E-02 9.7416E-02 9.7086E-02 1.1973E-01 1.0525E-01 3.4806E-02 8.7726E-03 1.3789E-03 0.0000E+00 3.9321E-03 4.2190E-02 1.1443E-01 4.9545E-02 7.4285E-02 1.1736E-01 1.1415E-01 0
 0 1.9130E-02 2.0174E-01 1.1138E-01 6.1913E-02 9.1186E-02 7.1251E-02 8.4988E-02 8.9682E-02 1.0312E-01 1.0557E-01 1.2737E-01 1.0831E-01 3.4967E-02 8.4065E-03 1.2739E-03 2.0902E-05 4.0622E-03 4.4814E-02 1.1843E-01 6.0414E-02 7.9882E-02 1.2599E-01 1.0907E-01 0
 0 1.7715E-02 2.0173E-01 1.1662E-01 6.6554E-02 9.6293E-02 7.1796E-02 9.0761E-02 9.0563E-02 1.0565E-01 1.1437E-01 1.3153E-01 1.1244E-01 3.6044E-02 8.7548E-03 1.4909E-03 1.3934E-05 4.0411E-03 4.5111E-02 1.2130E-01 6.6953E-02 8.4420E-02 1.3584E-01 1.0392E-01 0
 0 1.6502E-02 2.0122E-01 1.1880E-01 6.9114E-02 1.0015E-01 7.5309E-02 9.6766E-02 9.2236E-02 1.0624E-01 1.2252E-01 1.3852E-01 1.1714E-01 4.0571E-02 1.0319E-02 1.1095E-03 3.4836E-06 4.3471E-03 4.5628E-02 1.2456E-01 7.5669E-02 9.0126E-02 1.4228E-01 9.9678E-02 0
 0 1.4877E-02 1.9919E-01 1.2353E-01 7.2564E-02 1.0561E-01 7.7342E-02 1.0306E-01 9.3022E-02 1.1009E-01 1.3096E-01 1.4663E-01 1.2001E-01 4.4993E-02 9.4479E-03 9.7296E-04 1.0451E-05 4.5089E-03 4.7242E-02 1.2487E-01 8.2843E-02 9.4831E-02 1.5038E-01 9.4580E-02 0
 0 1.3801E-02 1.9768E-01 1.2573E-01 7.5806E-02 1.0670E-01 7.8455E-02 1.0634E-01 9.6452E-02 1.1210E-01 1.4100E-01 1.5216E-01 1.2541E-01 4.7206E-02 1.0081E-02 1.4174E-03 0.0000E+00 4.8078E-03 4.8173E-02 1.3047E-01 9.1834E-02 9.8576E-02 1.5863E-01 9.0229E-02 0
 0 1.2857E-02 1.9461E-01 1.3029E-01 7.8374E-02 1.0969E-01 8.2126E-02 1.1360E-01 9.8048E-02 1.1302E-01 1.5112E-01 1.5432E-01 1.2906E-01 4.8377E-02 1.1901E-02 1.4629E-03 2.7869E-05 4.6144E-03 5.0778E-02 1.3020E-01 1.0203E-01 1.0401E-01 1.6759E-01 8.5955E-02 0
 0 1.1937E-02 1.9297E-01 1.3376E-01 8.0211E-02 1.1307E-01 8.3890E-02 1.2024E-01 1.0203E-01 1.1472E-01 1.5448E-01 1.6234E-01 1.3549E-01 5.4000E-02 1.1762E-02 1.3544E-03 1.0451E-05 5.8418E-03 5.2548E-02 1.3217E-01 1.1328E-01 1.0981E-01 1.7537E-01 8.1641E-02 0
 0 1.1095E-02 1.8865E-01 1.3441E-01 8.5152E-02 1.1535E-01 8.6154E-02 1.2506E-01 1.0302E-01 1.1978E-01 1.6168E-01 1.6359E-01 1.4078E-01 5.2799E-02 1.1840E-02 1.4559E-03 1.0451E-05 5.0716E-03 5.0663E-02 1.3281E-01 1.2010E-01 1.1480E-01 1.7964E-01 7.7753E-02 0
 0 1.0464E-02 1.8643E-01 1.3829E-01 8.7977E-02 1.1922E-01 8.6268E-02 1.3128E-01 1.0462E-01 1.2001E-01 1.7008E-01 1.7556E-01 1.4318E-01 5.6442E-02 1.2878E-02 1.4909E-03 1.3934E-05 5.1349E-03 5.1698E-02 1.3432E-01 1.3382E-01 1.1998E-01 1.8633E-01 7.4387E-02 0
 0 9.5968E-03 1.8211E-01 1.3981E-01 9.0629E-02 1.2058E-01 9.0462E-02 1.3543E-01 1.0667E-01 1.2433E-01 1.7457E-01 1.7475E-01 1.4416E-01 5.9455E-02 1.3664E-02 2.0089E-03 3.8320E-05 5.5640E-03 5.4412E-02 1.3585E-01 1.4101E-01 1.2294E-01 1.9359E-01 7.0178E-02 0
 0 9.0154E-03 1.7919E-01 1.4332E-01 9.2677E-02 1.2642E-01 9.0740E-02 1.4060E-01 1.0817E-01 1.2511E-01 1.8427E-01 1.8273E-01 1.4900E-01 6.3339E-02 1.5181E-02 1.5819E-03 3.1353E-05 5.6941E-03 5.3565E-02 1.4134E-01 1.5611E-01 1.2768E-01 1.9871E-01 6.6717E-02 0
 0 8.4687E-03 1.7595E-01 1.4381E-01 9.6889E-02 1.2858E-01 9.1830E-02 1.4678E-01 1.1181E-01 1.2818E-01 1.9161E-01 1.8353E-01 1.5313E-01 6.7131E-02 1.5867E-02 1.7569E-03 2.0902E-05 6.1760E-03 5.6001E-02 1.3911E-01 1.6212E-01 1.3095E-01 2.0247E-01 6.4142E-02 0
 0 7.9376E-03 1.7196E-01 1.4802E-01 1.0081E-01 1.3075E-01 9.4325E-02 1.5070E-01 1.1260E-01 1.2999E-01 1.9512E-01 1.8866E-01 1.5379E-01 7.1079E-02 1.6255E-02 2.3414E-03 1.7418E-05 6.8829E-03 5.6240E-02 1.4237E-01 1.7366E-01 1.3358E-01 2.0817E-01 6.0633E-02 0
 0 7.3472E-03 1.6786E-01 1.4846E-01 1.0255E-01 1.3229E-01 9.6867E-02 1.5525E-01 1.1532E-01 1.2827E-01 2.0222E-01 1.9353E-01 1.5846E-01 7.1967E-02 1.6298E-02 1.8339E-03 2.0902E-05 7.0587E-03 5.7398E-02 1.4048E-01 1.8334E-01 1.3961E-01 2.1074E-01 5.7182E-02 0
 0 6.9834E-03 1.6282E-01 1.5011E-01 1.0684E-01 1.3481E-01 9.7813E-02 1.5719E-01 1.1769E-01 1.3246E-01 2.0713E-01 1.9489E-01 1.5753E-01 7.4009E-02 1.6365E-02 1.9984E-03 0.0000E+00 6.4011E-03 6.1043E-02 1.4374E-01 1.9806E-01 1.4245E-01 2.1504E-01 5.5109E-02 0
 0 6.4950E-03 1.5862E-01 1.5256E-01 1.1006E-01 1.3702E-01 1.0059E-01 1.6489E-01 1.1941E-01 1.3206E-01 2.1012E-01 1.9945E-01 1.6220E-01 7.5410E-02 1.7638E-02 2.0299E-03 1.7418E-05 6.8618E-03 5.8147E-02 1.4731E-01 2.0565E-01 1.4757E-01 2.1725E-01 5.2274E-02 0
 0 6.1835E-03 1.5529E-01 1.5285E-01 1.1254E-01 1.3988E-01 1.0327E-01 1.6420E-01 1.1953E-01 1.3474E-01 2.1890E-01 2.0454E-01 1.6126E-01 8.1404E-02 1.7147E-02 1.7499E-03 7.3156E-05 6.9392E-03 6.0637E-02 1.4743E-01 2.0761E-01 1.4731E-01 2.1916E-01 4.9295E-02 0
 0 5.7106E-03 1.4874E-01 1.5467E-01 1.1311E-01 1.4179E-01 1.0454E-01 1.7054E-01 1.2297E-01 1.3453E-01 2.1851E-01 2.0411E-01 1.6263E-01 8.3490E-02 1.8285E-02 1.9669E-03 3.1353E-05 6.3940E-03 6.1010E-02 1.4579E-01 2.2102E-01 1.4991E-01 2.2124E-01 4.7156E-02 0
 0 5.4082E-03 1.4500E-01 1.5479E-01 1.1646E-01 1.4101E-01 1.0478E-01 1.7261E-01 1.2219E-01 1.3674E-01 2.2198E-01 2.0421E-01 1.6533E-01 8.2063E-02 1.9717E-02 2.3834E-03 3.1353E-05 6.9462E-03 6.3175E-02 1.4351E-01 2.2557E-01 1.5636E-01 2.2307E-01 4.4620E-02 0
 0 5.2253E-03 1.4004E-01 1.5478E-01 1.1931E-01 1.4405E-01 1.0674E-01 1.7669E-01 1.2466E-01 1.3790E-01 2.2497E-01 2.0825E-01 1.6837E-01 8.6183E-02 1.9781E-02 2.8979E-03 4.8771E-05 7.8219E-03 6.2668E-02 1.4837E-01 2.3014E-01 1.5831E-01 2.2321E-01 4.2517E-02 0
 0 4.9841E-03 1.3674E-01 1.5751E-01 1.2173E-01 1.4358E-01 1.0725E-01 1.7886E-01 1.2600E-01 1.3839E-01 2.2548E-01 2.0786E-01 1.6654E-01 8.9218E-02 2.0229E-02 2.1664E-03 1.0451E-05 9.4785E-03 6.3670E-02 1.4378E-01 2.3708E-01 1.6069E-01 2.2362E-01 4.0413E-02 0
 0 4.6258E-03 1.3175E-01 1.5486E-01 1.2539E-01 1.4587E-01 1.0900E-01 1.8369E-01 1.2616E-01 1.3867E-01 2.3032E-01 2.0483E-01 1.6513E-01 8.8115E-02 2.2553E-02 2.3029E-03 6.9672E-05 8.1596E-03 6.2400E-02 1.4336E-01 2.4489E-01 1.6032E-01 2.2391E-01 3.8220E-02 0
 0 4.3283E-03 1.2654E-01 1.5684E-01 1.2773E-01 1.4791E-01 1.1049E-01 1.8162E-01 1.2740E-01 1.3969E-01 2.3185E-01 2.0687E-01 1.6987E-01 8.9622E-02 2.2010E-02 2.4079E-03 6.9672E-05 7.6848E-03 6.2548E-02 1.4427E-01 2.4967E-01 1.6548E-01 2.2149E-01 3.6483E-02 0
 0 4.2077E-03 1.2277E-01 1.5745E-01 1.3088E-01 1.4680E-01 1.1355E-01 1.8364E-01 1.2923E-01 1.3968E-01 2.3167E-01 2.0912E-01 1.6645E-01 9.1052E-02 2.3389E-02 2.4884E-03 6.6189E-05 8.8278E-03 6.2870E-02 1.4467E-01 2.5409E-01 1.6538E-01 2.2048E-01 3.5358E-02 0
 0 3.9113E-03 1.1855E-01 1.5818E-01 1.3195E-01 1.4787E-01 1.1371E-01 1.8573E-01 1.2848E-01 1.3962E-01 2.3630E-01 2.0614E-01 1.7080E-01 9.5306E-02 2.0723E-02 2.2084E-03 6.9672E-05 9.4222E-03 6.4521E-02 1.4753E-01 2.5382E-01 1.6454E-01 2.2072E-01 3.3255E-02 0
 0 3.7414E-03 1.1399E-01 1.5629E-01 1.3439E-01 1.4755E-01 1.1438E-01 1.8540E-01 1.3177E-01 1.4303E-01 2.3519E-01 2.0753E-01 1.6955E-01 9.9634E-02 2.5070E-02 2.2644E-03 3.1353E-05 1.0309E-02 6.5668E-02 1.3975E-01 2.5576E-01 1.6726E-01 2.1766E-01 3.1630E-02 0
 0 3.4616E-03 1.1018E-01 1.5690E-01 1.3567E-01 1.5231E-01 1.1455E-01 1.8812E-01 1.3355E-01 1.4081E-01 2.3293E-01 2.0931E-01 1.6931E-01 9.6354E-02 2.4078E-02 2.0264E-03 3.1353E-05 9.0529E-03 6.3446E-02 1.4347E-01 2.6155E-01 1.6803E-01 2.1482E-01 2.9993E-02 0
 0 3.4917E-03 1.0651E-01 1.5588E-01 1.3620E-01 1.5252E-01 1.1670E-01 1.8687E-01 1.3324E-01 1.4409E-01 2.3764E-01 2.0889E-01 1.6708E-01 9.9572E-02 2.5731E-02 2.3379E-03 2.7869E-05 1.0038E-02 6.8451E-02 1.4126E-01 2.6182E-01 1.7095E-01 2.1330E-01 2.9092E-02 0
 0 3.3611E-03 1.0305E-01 1.5711E-01 1.4103E-01 1.4946E-01 1.1990E-01 1.9019E-01 1.3320E-01 1.4124E-01 2.3513E-01 2.0769E-01 1.6542E-01 1.0077E-01 2.5059E-02 2.4639E-03 7.3156E-05 9.0635E-03 6.7681E-02 1.4089E-01 2.6450E-01 1.7089E-01 2.1209E-01 2.7846E-02 0
 0 3.1525E-03 9.9711E-02 1.5463E-01 1.4047E-01 1.5085E-01 1.1917E-01 1.8773E-01 1.3554E-01 1.4085E-01 2.3278E-01 2.0559E-01 1.6866E-01 1.0111E-01 2.6634E-02 2.4709E-03 5.2254E-05 1.0062E-02 6.8991E-02 1.4369E-01 2.6575E-01 1.7222E-01 2.0653E-01 2.6149E-02 0
 0 2.8797E-03 9.5153E-02 1.5485E-01 1.4156E-01 1.5226E-01 1.1988E-01 1.8690E-01 1.3596E-01 1.4558E-01 2.2840E-01 2.0397E-01 1.6616E-01 1.0082E-01 2.7299E-02 2.9294E-03 7.3156E-05 1.0090E-02 6.5560E-02 1.4091E-01 2.6173E-01 1.7214E-01 2.0341E-01 2.5216E-02 0
 0 2.8867E-03 9.2372E-02 1.5410E-01 1.4531E-01 1.4900E-01 1.2058E-01 1.9089E-01 1.3489E-01 1.4158E-01 2.2937E-01 2.0321E-01 1.6499E-01 1.0306E-01 2.6364E-02 2.7089E-03 9.4058E-05 1.0657E-02 6.8256E-02 1.4141E-01 2.6018E-01 1.7083E-01 2.0020E-01 2.4041E-02 0
 0 2.8933E-03 8.8671E-02 1.5233E-01 1.4587E-01 1.5135E-01 1.2179E-01 1.8668E-01 1.3638E-01 1.4231E-01 2.2661E-01 2.0411E-01 1.6584E-01 1.0442E-01 2.7434E-02 2.8419E-03 8.7091E-05 1.0956E-02 6.6417E-02 1.3816E-01 2.6450E-01 1.6964E-01 1.9568E-01 2.2857E-02 0
 0 2.5827E-03 8.4607E-02 1.5411E-01 1.4638E-01 1.5116E-01 1.2235E-01 1.8774E-01 1.3537E-01 1.4290E-01 2.2396E-01 1.9838E-01 1.5792E-01 1.0472E-01 2.7551E-02 2.9294E-03 1.1496E-04 1.1241E-02 6.7319E-02 1.3601E-01 2.5868E-01 1.7254E-01 1.9233E-01 2.1830E-02 0
 0 2.6415E-03 8.2052E-02 1.5095E-01 1.4761E-01 1.5267E-01 1.2649E-01 1.8671E-01 1.3826E-01 1.4323E-01 2.2109E-01 2.0081E-01 1.5665E-01 1.0621E-01 2.7523E-02 2.8594E-03 9.7541E-05 1.1307E-02 6.7945E-02 1.3813E-01 2.5200E-01 1.7005E-01 1.8911E-01 2.0802E-02 0
 0 2.5355E-03 7.8445E-02 1.4954E-01 1.4865E-01 1.4915E-01 1.2426E-01 1.8808E-01 1.3676E-01 1.4060E-01 2.2038E-01 1.9437E-01 1.6336E-01 1.0689E-01 2.9435E-02 2.8524E-03 7.3156E-05 1.1015E-02 6.8361E-02 1.3389E-01 2.5388E-01 1.6933E-01 1.8509E-01 1.9908E-02 0
 0 2.3923E-03 7.6197E-02 1.4974E-01 1.5037E-01 1.5211E-01 1.2629E-01 1.8550E-01 1.4104E-01 1.4046E-01 2.1639E-01 1.9565E-01 1.5723E-01 1.0649E-01 2.9392E-02 3.2899E-03 1.5676E-04 1.0523E-02 6.7272E-02 1.3599E-01 2.5196E-01 1.7044E-01 1.8188E-01 1.9016E-02 0
 0 2.2576E-03 7.3113E-02 1.4744E-01 1.5264E-01 1.5010E-01 1.2719E-01 1.8319E-01 1.3772E-01 1.3917E-01 2.1510E-01 1.8760E-01 1.5441E-01 1.0634E-01 3.1749E-02 3.1149E-03 1.4631E-04 1.1568E-02 6.7214E-02 1.3479E-01 2.4772E-01 1.6830E-01 1.7859E-01 1.8350E-02 0
 0 2.2225E-03 6.9673E-02 1.4657E-01 1.5243E-01 1.4941E-01 1.2667E-01 1.8032E-01 1.3999E-01 1.3921E-01 2.1075E-01 1.9015E-01 1.5129E-01 1.0612E-01 3.2140E-02 3.9863E-03 1.3238E-04 1.1293E-02 6.7952E-02 1.3352E-01 2.4190E-01 1.6785E-01 1.7302E-01 1.7977E-02 0
 0 2.1802E-03 6.8079E-02 1.4462E-01 1.5435E-01 1.4841E-01 1.2848E-01 1.7973E-01 1.3845E-01 1.4048E-01 2.0944E-01 1.8816E-01 1.5110E-01 1.0862E-01 3.1689E-02 3.6259E-03 1.1844E-04 1.1174E-02 6.7753E-02 1.3248E-01 2.4312E-01 1.6402E-01 1.6990E-01 1.6999E-02 0
 0 2.0622E-03 6.5448E-02 1.4314E-01 1.5439E-01 1.4709E-01 1.2904E-01 1.7998E-01 1.3762E-01 1.3887E-01 2.0107E-01 1.8265E-01 1.5454E-01 1.0467E-01 3.0309E-02 3.7204E-03 7.3156E-05 1.2120E-02 6.7141E-02 1.2968E-01 2.3640E-01 1.6575E-01 1.6617E-01 1.6214E-02 0
 0 2.0762E-03 6.1981E-02 1.4184E-01 1.5571E-01 1.4848E-01 1.3024E-01 1.7812E-01 1.3938E-01 1.3644E-01 2.0318E-01 1.8230E-01 1.4864E-01 1.0499E-01 3.3103E-02 3.6399E-03 1.9160E-04 1.2602E-02 6.9530E-02 1.2981E-01 2.3401E-01 1.6524E-01 1.6227E-01 1.5390E-02 0
 0 1.9788E-03 5.9566E-02 1.4093E-01 1.5546E-01 1.4692E-01 1.2920E-01 1.7861E-01 1.4270E-01 1.3629E-01 1.9918E-01 1.7886E-01 1.4451E-01 1.0561E-01 3.2734E-02 3.6469E-03 1.9160E-04 1.2443E-02 6.6548E-02 1.2522E-01 2.2681E-01 1.6336E-01 1.5756E-01 1.4704E-02 0
 0 1.8305E-03 5.7923E-02 1.4008E-01 1.5464E-01 1.4656E-01 1.3088E-01 1.7201E-01 1.3964E-01 1.3884E-01 1.9409E-01 1.7747E-01 1.3922E-01 1.0536E-01 3.2705E-02 4.0178E-03 1.7418E-04 1.2996E-02 6.8296E-02 1.2706E-01 2.2294E-01 1.6431E-01 1.5206E-01 1.4263E-02 0
 0 1.8808E-03 5.5527E-02 1.3814E-01 1.5555E-01 1.4599E-01 1.3103E-01 1.7311E-01 1.3847E-01 1.3912E-01 1.9181E-01 1.7154E-01 1.4317E-01 1.0743E-01 3.2698E-02 3.9163E-03 2.0902E-04 1.3530E-02 6.7858E-02 1.2543E-01 2.1874E-01 1.6217E-01 1.4969E-01 1.3712E-02 0
 0 1.7210E-03 5.3663E-02 1.3553E-01 1.5720E-01 1.4360E-01 1.3052E-01 1.7203E-01 1.4064E-01 1.3813E-01 1.8516E-01 1.6801E-01 1.3899E-01 1.0343E-01 3.4084E-02 4.3678E-03 2.5430E-04 1.2566E-02 6.9324E-02 1.2330E-01 2.1776E-01 1.5792E-01 1.4505E-01 1.3165E-02 0
 0 1.7627E-03 5.1415E-02 1.3384E-01 1.5871E-01 1.4282E-01 1.3207E-01 1.6856E-01 1.3858E-01 1.3672E-01 1.8343E-01 1.6936E-01 1.3582E-01 1.0208E-01 3.5453E-02 3.9373E-03 2.0553E-04 1.3456E-02 6.7916E-02 1.2208E-01 2.1137E-01 1.5966E-01 1.4088E-01 1.2787E-02 0
 0 1.6823E-03 4.9554E-02 1.3255E-01 1.5668E-01 1.4403E-01 1.3233E-01 1.6770E-01 1.3938E-01 1.3599E-01 1.7779E-01 1.6547E-01 1.3680E-01 1.0247E-01 3.5080E-02 3.9898E-03 2.1250E-04 1.3460E-02 6.7659E-02 1.2024E-01 2.0665E-01 1.5878E-01 1.3796E-01 1.2424E-02 0
 0 1.6230E-03 4.7533E-02 1.3089E-01 1.5454E-01 1.4200E-01 1.3267E-01 1.6482E-01 1.4105E-01 1.3670E-01 1.7586E-01 1.5955E-01 1.3420E-01 1.0240E-01 3.4916E-02 4.5813E-03 3.2049E-04 1.4269E-02 6.9939E-02 1.2040E-01 2.0466E-01 1.5607E-01 1.3321E-01 1.1915E-02 0
 0 1.6150E-03 4.4967E-02 1.2855E-01 1.5572E-01 1.3772E-01 1.3085E-01 1.6463E-01 1.3960E-01 1.3451E-01 1.7259E-01 1.5911E-01 1.3171E-01 1.0189E-01 3.7415E-02 4.4483E-03 2.6824E-04 1.3812E-02 6.7554E-02 1.1738E-01 1.9712E-01 1.5550E-01 1.2899E-01 1.1393E-02 0
 0 1.5059E-03 4.3235E-02 1.2778E-01 1.5661E-01 1.3998E-01 1.3307E-01 1.6319E-01 1.3668E-01 1.3489E-01 1.6850E-01 1.5537E-01 1.2896E-01 1.0409E-01 3.6871E-02 4.9208E-03 2.5082E-04 1.4139E-02 6.8781E-02 1.1791E-01 1.9620E-01 1.5387E-01 1.2602E-01 1.0813E-02 0
 0 1.4662E-03 4.2116E-02 1.2492E-01 1.5588E-01 1.3978E-01 1.2954E-01 1.6126E-01 1.3745E-01 1.3346E-01 1.6621E-01 1.5311E-01 1.2519E-01 1.0117E-01 3.6597E-02 4.4063E-03 4.0062E-04 1.4673E-02 6.6638E-02 1.1467E-01 1.9087E-01 1.5171E-01 1.2295E-01 1.0661E-02 0
 0 1.4652E-03 4.1070E-02 1.2301E-01 1.5685E-01 1.3735E-01 1.3300E-01 1.5883E-01 1.3667E-01 1.3503E-01 1.6106E-01 1.5268E-01 1.2300E-01 9.8407E-02 3.7468E-02 4.5568E-03 2.5430E-04 1.4068E-02 6.8726E-02 1.1402E-01 1.8456E-01 1.5070E-01 1.1849E-01 1.0198E-02 0
 0 1.4833E-03 3.9338E-02 1.2135E-01 1.5754E-01 1.3592E-01 1.3318E-01 1.5384E-01 1.3788E-01 1.3182E-01 1.5673E-01 1.4884E-01 1.2274E-01 9.6948E-02 3.6441E-02 4.6338E-03 3.3443E-04 1.5067E-02 6.8042E-02 1.1326E-01 1.8179E-01 1.4793E-01 1.1598E-01 9.7473E-03 0
 0 1.3954E-03 3.8403E-02 1.1983E-01 1.5284E-01 1.3457E-01 1.3374E-01 1.5442E-01 1.4079E-01 1.2951E-01 1.5687E-01 1.4434E-01 1.1969E-01 9.7046E-02 3.7045E-02 4.8963E-03 3.5533E-04 1.5303E-02 6.8144E-02 1.1191E-01 1.7546E-01 1.4647E-01 1.1208E-01 9.7015E-03 0
 0 1.3627E-03 3.6547E-02 1.1824E-01 1.5316E-01 1.3409E-01 1.3349E-01 1.4947E-01 1.3766E-01 1.3001E-01 1.5239E-01 1.4625E-01 1.2082E-01 9.8604E-02 3.9068E-02 5.2113E-03 3.7971E-04 1.4979E-02 6.6273E-02 1.1090E-01 1.6977E-01 1.4287E-01 1.0780E-01 9.2521E-03 0
 0 1.3351E-03 3.5381E-02 1.1625E-01 1.5417E-01 1.3090E-01 1.3092E-01 1.4818E-01 1.3594E-01 1.2943E-01 1.4860E-01 1.3896E-01 1.1773E-01 9.4815E-02 3.8687E-02 4.7913E-03 4.5984E-04 1.5732E-02 6.8017E-02 1.0675E-01 1.6747E-01 1.4168E-01 1.0528E-01 8.8928E-03 0
 0 1.2969E-03 3.4396E-02 1.1441E-01 1.5409E-01 1.2981E-01 1.3385E-01 1.4535E-01 1.3715E-01 1.2979E-01 1.4614E-01 1.3836E-01 1.1397E-01 9.4127E-02 3.7006E-02 5.4353E-03 4.3197E-04 1.5159E-02 6.9034E-02 1.0918E-01 1.6213E-01 1.4122E-01 1.0227E-01 8.5670E-03 0
 0 1.2637E-03 3.2978E-02 1.1279E-01 1.5228E-01 1.2974E-01 1.3454E-01 1.4512E-01 1.3589E-01 1.2706E-01 1.4291E-01 1.3736E-01 1.1247E-01 9.6151E-02 3.8954E-02 5.4563E-03 5.2951E-04 1.6295E-02 6.7941E-02 1.0616E-01 1.5928E-01 1.3667E-01 9.9168E-02 8.2252E-03 0
 0 1.2120E-03 3.1603E-02 1.1052E-01 1.5362E-01 1.2877E-01 1.3090E-01 1.4405E-01 1.3702E-01 1.2636E-01 1.4045E-01 1.3487E-01 1.1077E-01 9.1733E-02 3.8794E-02 5.8553E-03 5.3996E-04 1.6481E-02 6.7945E-02 1.0541E-01 1.5583E-01 1.3895E-01 9.7056E-02 7.8478E-03 0
 0 1.1838E-03 3.0270E-02 1.0967E-01 1.5245E-01 1.2867E-01 1.3420E-01 1.4257E-01 1.3564E-01 1.2529E-01 1.3491E-01 1.3008E-01 1.0905E-01 9.3469E-02 3.9793E-02 6.1073E-03 5.9222E-04 1.5693E-02 6.7572E-02 1.0240E-01 1.5249E-01 1.3486E-01 9.3898E-02 7.7838E-03 0
 0 1.2401E-03 2.9560E-02 1.0868E-01 1.4946E-01 1.2520E-01 1.3161E-01 1.3805E-01 1.3335E-01 1.2529E-01 1.3127E-01 1.2657E-01 1.0345E-01 8.8279E-02 3.9196E-02 5.7608E-03 5.5390E-04 1.6421E-02 6.6660E-02 1.0638E-01 1.4583E-01 1.3207E-01 9.0454E-02 7.5467E-03 0
 0 1.1879E-03 2.8795E-02 1.0526E-01 1.5044E-01 1.2479E-01 1.3385E-01 1.3603E-01 1.3548E-01 1.2522E-01 1.3085E-01 1.2463E-01 1.0523E-01 8.9054E-02 4.0330E-02 5.5613E-03 6.8627E-04 1.6843E-02 6.6349E-02 1.0207E-01 1.4195E-01 1.2892E-01 8.7907E-02 7.3947E-03 0
 0 1.1306E-03 2.7515E-02 1.0452E-01 1.4771E-01 1.2382E-01 1.3332E-01 1.3444E-01 1.3369E-01 1.2244E-01 1.2810E-01 1.2388E-01 1.0225E-01 8.8388E-02 3.8506E-02 6.4537E-03 5.3299E-04 1.6945E-02 6.6739E-02 1.0412E-01 1.3930E-01 1.2917E-01 8.5698E-02 7.0609E-03 0
 0 1.1115E-03 2.6637E-02 1.0121E-01 1.4892E-01 1.2345E-01 1.3373E-01 1.3308E-01 1.3108E-01 1.2305E-01 1.2623E-01 1.2030E-01 1.0076E-01 8.9105E-02 4.1201E-02 6.0548E-03 6.6886E-04 1.6544E-02 6.6421E-02 1.0151E-01 1.3520E-01 1.2831E-01 8.2717E-02 7.1205E-03 0
 0 1.1311E-03 2.5602E-02 1.0026E-01 1.4635E-01 1.2156E-01 1.3401E-01 1.2974E-01 1.3290E-01 1.2280E-01 1.2182E-01 1.1672E-01 9.8454E-02 8.8232E-02 3.8780E-02 6.1948E-03 7.4550E-04 1.6710E-02 6.5643E-02 1.0067E-01 1.3250E-01 1.2452E-01 8.0277E-02 6.5482E-03 0
 0 1.0879E-03 2.4573E-02 9.9266E-02 1.4719E-01 1.2107E-01 1.3229E-01 1.3086E-01 1.3137E-01 1.2299E-01 1.1699E-01 1.1620E-01 9.9223E-02 8.7056E-02 3.9910E-02 6.5657E-03 9.4755E-04 1.7174E-02 6.5766E-02 9.9148E-02 1.2878E-01 1.2505E-01 7.8669E-02 6.5554E-03 0
 0 1.0587E-03 2.4261E-02 9.7425E-02 1.4590E-01 1.1918E-01 1.3265E-01 1.2738E-01 1.3077E-01 1.2186E-01 1.1631E-01 1.1548E-01 9.4407E-02 8.7300E-02 3.8922E-02 6.5972E-03 7.6640E-04 1.6446E-02 6.5889E-02 9.8760E-02 1.2563E-01 1.2294E-01 7.6457E-02 6.3438E-03 0
 0 1.0542E-03 2.3162E-02 9.7919E-02 1.4445E-01 1.1693E-01 1.3157E-01 1.2491E-01 1.3114E-01 1.1952E-01 1.1528E-01 1.1225E-01 9.4495E-02 8.6485E-02 4.0952E-02 6.4362E-03 1.0033E-03 1.8134E-02 6.4774E-02 9.6590E-02 1.1972E-01 1.2182E-01 7.4377E-02 6.0602E-03 0
 0 1.0577E-03 2.2522E-02 9.4698E-02 1.4220E-01 1.1666E-01 1.3205E-01 1.2499E-01 1.3048E-01 1.1891E-01 1.1446E-01 1.0860E-01 9.4374E-02 8.3970E-02 4.0731E-02 6.8842E-03 8.1865E-04 1.7325E-02 6.4072E-02 9.4064E-02 1.2127E-01 1.2021E-01 7.2313E-02 5.9446E-03 0
 0 1.0527E-03 2.1698E-02 9.3624E-02 1.4179E-01 1.1446E-01 1.2944E-01 1.2142E-01 1.2932E-01 1.1721E-01 1.0963E-01 1.0715E-01 9.0802E-02 8.2299E-02 4.1289E-02 6.9262E-03 9.5451E-04 1.8753E-02 6.3460E-02 9.3178E-02 1.1558E-01 1.1876E-01 6.9755E-02 5.8973E-03 0
 0 9.5320E-04 2.0882E-02 9.2233E-02 1.4041E-01 1.1453E-01 1.2812E-01 1.2189E-01 1.2851E-01 1.1620E-01 1.0764E-01 1.0443E-01 8.9755E-02 8.2303E-02 4.1161E-02 7.3182E-03 1.0973E-03 1.9140E-02 6.5791E-02 9.3936E-02 1.1234E-01 1.1504E-01 6.7611E-02 5.6289E-03 0
 0 1.0291E-03 2.0172E-02 9.0005E-02 1.4007E-01 1.1300E-01 1.2975E-01 1.1856E-01 1.3061E-01 1.1780E-01 1.0308E-01 1.0453E-01 8.8894E-02 8.1350E-02 4.1105E-02 7.3882E-03 1.2193E-03 1.8039E-02 6.3779E-02 9.3370E-02 1.1013E-01 1.1352E-01 6.6080E-02 5.5409E-03 0
 0 1.0381E-03 1.9584E-02 8.8901E-02 1.3954E-01 1.1115E-01 1.3064E-01 1.1908E-01 1.2739E-01 1.1870E-01 1.0215E-01 1.0156E-01 8.6770E-02 7.8984E-02 4.0479E-02 7.8012E-03 1.1705E-03 1.9643E-02 6.3352E-02 9.1762E-02 1.0622E-01 1.1360E-01 6.4324E-02 5.2944E-03 0
 0 9.2506E-04 1.9153E-02 8.7793E-02 1.3828E-01 1.1022E-01 1.2994E-01 1.1621E-01 1.2507E-01 1.1443E-01 1.0065E-01 1.0022E-01 8.2356E-02 7.9443E-02 4.1592E-02 8.0007E-03 1.2715E-03 1.9245E-02 6.4394E-02 8.9171E-02 1.0470E-01 1.1193E-01 6.1977E-02 5.2231E-03 0
 0 9.5621E-04 1.8884E-02 8.4637E-02 1.3739E-01 1.0992E-01 1.2744E-01 1.1387E-01 1.2732E-01 1.1597E-01 9.7212E-02 9.7271E-02 8.3751E-02 7.7437E-02 4.3102E-02 8.2562E-03 1.3551E-03 1.9323E-02 6.3569E-02 8.9915E-02 1.0350E-01 1.1216E-01 6.1741E-02 5.0297E-03 0
 0 9.1049E-04 1.8027E-02 8.4365E-02 1.3707E-01 1.0721E-01 1.3003E-01 1.1430E-01 1.2646E-01 1.1200E-01 9.5492E-02 9.6827E-02 8.0865E-02 7.6338E-02 4.1897E-02 7.6927E-03 1.5119E-03 1.9878E-02 6.2538E-02 8.8549E-02 9.8913E-02 1.0764E-01 5.8460E-02 4.9795E-03 0
 0 8.8034E-04 1.7504E-02 8.2951E-02 1.3563E-01 1.0686E-01 1.3006E-01 1.0939E-01 1.2587E-01 1.1217E-01 9.2573E-02 9.4496E-02 8.2290E-02 7.4617E-02 4.2622E-02 7.8957E-03 1.4771E-03 1.9059E-02 6.2856E-02 8.8712E-02 9.7974E-02 1.0709E-01 5.7248E-02 4.9264E-03 0
 0 9.2255E-04 1.7086E-02 8.2135E-02 1.3326E-01 1.0601E-01 1.2678E-01 1.0953E-01 1.2449E-01 1.1366E-01 9.1221E-02 9.2945E-02 8.0067E-02 7.4460E-02 4.2043E-02 9.0121E-03 1.4910E-03 1.9776E-02 6.3399E-02 8.7004E-02 9.4422E-02 1.0577E-01 5.5637E-02 4.7039E-03 0
 0 8.9994E-04 1.6557E-02 7.9648E-02 1.3220E-01 1.0542E-01 1.2672E-01 1.0751E-01 1.2396E-01 1.1139E-01 9.0873E-02 9.1951E-02 7.8667E-02 7.2917E-02 4.0056E-02 8.2527E-03 1.6652E-03 2.0540E-02 6.2671E-02 8.4955E-02 9.2861E-02 1.0404E-01 5.4550E-02 4.6282E-03 0
 0 9.0245E-04 1.5886E-02 7.7589E-02 1.3109E-01 1.0199E-01 1.2662E-01 1.0693E-01 1.2581E-01 1.1069E-01 8.8246E-02 9.0344E-02 7.6755E-02 7.4624E-02 4.2740E-02 9.0121E-03 1.6652E-03 2.0582E-02 6.2237E-02 8.4887E-02 9.0184E-02 1.0334E-01 5.3188E-02 4.5242E-03 0
 0 8.9240E-04 1.5359E-02 7.6707E-02 1.3121E-01 1.0262E-01 1.2823E-01 1.0512E-01 1.2284E-01 1.1135E-01 8.5324E-02 8.7650E-02 7.4539E-02 7.2073E-02 4.2082E-02 9.1276E-03 1.5781E-03 2.0290E-02 6.1998E-02 8.5193E-02 8.8617E-02 1.0161E-01 5.1551E-02 4.4682E-03 0
 0 8.6979E-04 1.5138E-02 7.6160E-02 1.2929E-01 1.0183E-01 1.2663E-01 1.0429E-01 1.2149E-01 1.0884E-01 8.5191E-02 8.7324E-02 7.4785E-02 7.1422E-02 4.2946E-02 9.0716E-03 1.7975E-03 2.0283E-02 6.1104E-02 8.3169E-02 8.5273E-02 1.0041E-01 5.0216E-02 4.2806E-03 0
 0 8.2054E-04 1.4283E-02 7.4731E-02 1.2703E-01 1.0166E-01 1.2707E-01 1.0363E-01 1.2259E-01 1.0954E-01 8.3962E-02 8.4953E-02 7.4415E-02 7.0777E-02 4.2541E-02 9.1171E-03 1.6129E-03 2.0909E-02 6.2664E-02 8.2799E-02 8.4925E-02 1.0041E-01 4.9156E-02 4.2173E-03 0
 0 8.8084E-04 1.4419E-02 7.4126E-02 1.2695E-01 9.9925E-02 1.2482E-01 1.0192E-01 1.2242E-01 1.0735E-01 8.3408E-02 8.3608E-02 7.2027E-02 7.0978E-02 4.2878E-02 9.0681E-03 1.8185E-03 2.1190E-02 6.1593E-02 8.2849E-02 8.2130E-02 9.8467E-02 4.7563E-02 4.1708E-03 0
 0 8.6326E-04 1.4204E-02 7.2436E-02 1.2369E-01 9.8135E-02 1.2428E-01 1.0111E-01 1.1927E-01 1.0590E-01 7.9739E-02 8.2597E-02 7.0518E-02 6.9009E-02 4.3696E-02 9.7121E-03 1.9473E-03 2.0522E-02 6.1549E-02 8.3269E-02 7.9191E-02 9.6151E-02 4.5997E-02 4.2130E-03 0
 0 8.3863E-04 1.3554E-02 7.0563E-02 1.2434E-01 9.7229E-02 1.2540E-01 9.8516E-02 1.1771E-01 1.0548E-01 7.9519E-02 8.0641E-02 6.9041E-02 6.8015E-02 4.2590E-02 1.0230E-02 1.9299E-03 2.1718E-02 6.1238E-02 8.2126E-02 8.0209E-02 9.4892E-02 4.5589E-02 3.9424E-03 0
 0 9.1903E-04 1.3275E-02 6.9668E-02 1.2182E-01 9.6879E-02 1.2447E-01 9.8732E-02 1.1826E-01 1.0625E-01 7.7889E-02 7.9506E-02 6.9616E-02 6.9114E-02 4.2068E-02 9.9781E-03 2.0519E-03 2.1764E-02 6.0058E-02 8.2098E-02 7.7090E-02 9.4437E-02 4.4099E-02 3.9475E-03 0
 0 8.0346E-04 1.2926E-02 6.8868E-02 1.2182E-01 9.5382E-02 1.2168E-01 9.8834E-02 1.2094E-01 1.0490E-01 7.6036E-02 7.7760E-02 6.9367E-02 6.7673E-02 4.3333E-02 1.0535E-02 2.2644E-03 2.2010E-02 6.0214E-02 8.0034E-02 7.6965E-02 9.3330E-02 4.3093E-02 3.7352E-03 0
 0 7.8788E-04 1.2114E-02 6.6678E-02 1.1982E-01 9.5330E-02 1.2367E-01 9.5502E-02 1.1974E-01 1.0378E-01 7.4797E-02 7.6564E-02 6.6606E-02 6.5617E-02 4.4695E-02 1.0349E-02 2.3793E-03 2.2914E-02 6.1253E-02 7.9888E-02 7.3453E-02 9.1309E-02 4.1643E-02 3.6995E-03 0
 0 7.8185E-04 1.2371E-02 6.6356E-02 1.1766E-01 9.5069E-02 1.2289E-01 9.4280E-02 1.1643E-01 1.0528E-01 7.3307E-02 7.5943E-02 6.5822E-02 6.4995E-02 4.2921E-02 1.0664E-02 2.4560E-03 2.2921E-02 5.9765E-02 7.8465E-02 7.2584E-02 8.9344E-02 4.0309E-02 3.5264E-03 0
 0 7.6075E-04 1.1856E-02 6.4692E-02 1.1850E-01 9.4244E-02 1.2250E-01 9.5234E-02 1.1533E-01 1.0447E-01 7.2264E-02 7.5560E-02 6.4415E-02 6.5435E-02 4.3692E-02 1.0080E-02 2.3932E-03 2.3093E-02 6.1358E-02 7.7202E-02 7.1133E-02 9.0035E-02 4.0443E-02 3.4944E-03 0
 0 7.3362E-04 1.1867E-02 6.4298E-02 1.1664E-01 9.1868E-02 1.2235E-01 9.2283E-02 1.1405E-01 1.0479E-01 7.0451E-02 7.3601E-02 6.4697E-02 6.3848E-02 4.4481E-02 1.1077E-02 2.7346E-03 2.2150E-02 6.0022E-02 7.7814E-02 7.0953E-02 8.6483E-02 3.8634E-02 3.4130E-03 0
 0 7.5924E-04 1.1532E-02 6.2283E-02 1.1485E-01 8.9777E-02 1.2222E-01 9.1965E-02 1.1498E-01 1.0263E-01 6.9043E-02 7.2905E-02 6.2924E-02 6.3186E-02 4.3810E-02 1.2019E-02 2.9123E-03 2.3526E-02 5.9523E-02 7.6878E-02 6.7798E-02 8.7703E-02 3.8634E-02 3.2406E-03 0
 0 7.6728E-04 1.1207E-02 6.2713E-02 1.1435E-01 9.0334E-02 1.2067E-01 9.0344E-02 1.1531E-01 1.0003E-01 6.7744E-02 7.2423E-02 6.1089E-02 6.1377E-02 4.4144E-02 1.2026E-02 2.7834E-03 2.3216E-02 5.9468E-02 7.7544E-02 6.7508E-02 8.5776E-02 3.7211E-02 3.4188E-03 0
 0 7.1653E-04 1.1049E-02 6.1880E-02 1.1150E-01 9.0167E-02 1.2258E-01 8.9617E-02 1.1352E-01 1.0144E-01 6.7575E-02 6.9403E-02 6.1565E-02 6.1362E-02 4.4453E-02 1.1819E-02 3.5045E-03 2.3533E-02 5.8564E-02 7.4114E-02 6.4410E-02 8.3616E-02 3.6538E-02 3.2326E-03 0
 0 7.5723E-04 1.0546E-02 6.0202E-02 1.1037E-01 8.8908E-02 1.1762E-01 8.8516E-02 1.1217E-01 1.0061E-01 6.6376E-02 7.0439E-02 6.0349E-02 6.1592E-02 4.3013E-02 1.2306E-02 3.3443E-03 2.4057E-02 6.0091E-02 7.4427E-02 6.4170E-02 8.3566E-02 3.5991E-02 3.2857E-03 0
 0 7.0698E-04 1.0314E-02 5.7957E-02 1.1011E-01 8.7899E-02 1.1898E-01 8.7231E-02 1.1172E-01 1.0114E-01 6.4411E-02 6.7501E-02 6.0760E-02 6.0722E-02 4.5015E-02 1.2788E-02 3.2363E-03 2.4007E-02 5.9392E-02 7.2947E-02 6.3633E-02 8.2571E-02 3.4414E-02 3.1825E-03 0
 0 7.6879E-04 1.0229E-02 5.7856E-02 1.0876E-01 8.7377E-02 1.1672E-01 8.7189E-02 1.1143E-01 9.8207E-02 6.4822E-02 6.8427E-02 6.0177E-02 6.2847E-02 4.3909E-02 1.2802E-02 3.0900E-03 2.4145E-02 5.7883E-02 7.1691E-02 6.1886E-02 8.1713E-02 3.4003E-02 3.1723E-03 0
 0 7.3462E-04 9.7297E-03 5.6588E-02 1.0666E-01 8.5798E-02 1.1827E-01 8.7171E-02 1.1206E-01 9.8025E-02 6.5131E-02 6.5676E-02 5.8932E-02 6.0940E-02 4.5288E-02 1.2907E-02 3.2398E-03 2.4187E-02 5.7959E-02 7.4381E-02 6.2514E-02 8.0376E-02 3.3287E-02 3.0792E-03 0
 0 7.1000E-04 9.6626E-03 5.6216E-02 1.0457E-01 8.5382E-02 1.1784E-01 8.4964E-02 1.1004E-01 9.7300E-02 6.3301E-02 6.5485E-02 5.7910E-02 5.9696E-02 4.3369E-02 1.3775E-02 3.8041E-03 2.5122E-02 5.8679E-02 7.2890E-02 6.0185E-02 8.0472E-02 3.2584E-02 2.9854E-03 0
 0 6.6980E-04 9.3406E-03 5.5394E-02 1.0242E-01 8.6022E-02 1.1607E-01 8.3385E-02 1.1015E-01 9.7080E-02 6.1027E-02 6.5808E-02 5.7727E-02 5.7912E-02 4.4115E-02 1.2939E-02 3.8947E-03 2.5122E-02 5.8361E-02 7.1926E-02 5.9993E-02 7.9257E-02 3.2104E-02 2.9301E-03 0
 0 6.9643E-04 9.4056E-03 5.3733E-02 1.0343E-01 8.5150E-02 1.1577E-01 8.2613E-02 1.0947E-01 9.8226E-02 6.0665E-02 6.3781E-02 5.6452E-02 5.9878E-02 4.3419E-02 1.3754E-02 4.1072E-03 2.4532E-02 5.8231E-02 7.0819E-02 5.9136E-02 7.7782E-02 3.1490E-02 3.0174E-03 0
 0 6.6729E-04 9.0009E-03 5.3462E-02 1.0184E-01 8.3242E-02 1.1491E-01 8.3760E-02 1.0940E-01 9.6942E-02 5.9370E-02 6.3501E-02 5.5448E-02 5.6431E-02 4.5093E-02 1.3810E-02 4.3580E-03 2.4475E-02 5.8824E-02 7.2733E-02 5.6889E-02 7.7763E-02 3.0745E-02 2.8392E-03 0
 0 6.9241E-04 8.9885E-03 5.2694E-02 1.0186E-01 8.2530E-02 1.1600E-01 8.1950E-02 1.0711E-01 9.6268E-02 6.0642E-02 6.2032E-02 5.6108E-02 5.7807E-02 4.4236E-02 1.3534E-02 4.1838E-03 2.6512E-02 5.9638E-02 7.0406E-02 5.7475E-02 7.6228E-02 2.9889E-02 2.9134E-03 0
 0 6.6528E-04 8.7903E-03 5.2181E-02 9.8877E-02 8.2668E-02 1.1406E-01 8.1803E-02 1.0689E-01 9.3887E-02 5.9878E-02 6.1013E-02 5.4119E-02 5.6599E-02 4.5036E-02 1.4223E-02 4.2326E-03 2.5882E-02 5.7329E-02 7.1815E-02 5.6078E-02 7.5013E-02 2.9549E-02 2.7068E-03 0
 0 7.1000E-04 8.2194E-03 5.1310E-02 9.7581E-02 8.1769E-02 1.1298E-01 8.1022E-02 1.0670E-01 9.3902E-02 5.7975E-02 6.0999E-02 5.4965E-02 5.6984E-02 4.4961E-02 1.5361E-02 4.4765E-03 2.6234E-02 5.8571E-02 6.9232E-02 5.5475E-02 7.5118E-02 2.9387E-02 2.7417E-03 0
 0 6.9844E-04 8.2029E-03 4.9853E-02 9.6172E-02 7.9484E-02 1.1421E-01 8.1124E-02 1.0657E-01 9.3915E-02 5.6278E-02 6.0584E-02 5.4229E-02 5.5234E-02 4.5875E-02 1.4640E-02 5.3439E-03 2.6192E-02 5.8998E-02 7.1228E-02 5.5697E-02 7.4452E-02 2.8798E-02 2.6181E-03 0
 0 6.5171E-04 8.0512E-03 4.9487E-02 9.6885E-02 7.9122E-02 1.1263E-01 7.8696E-02 1.0460E-01 9.2437E-02 5.7098E-02 5.9058E-02 5.2507E-02 5.5638E-02 4.4691E-02 1.5697E-02 5.1140E-03 2.7813E-02 5.7927E-02 6.8802E-02 5.3609E-02 7.3217E-02 2.7560E-02 2.5723E-03 0
 0 6.4719E-04 7.9975E-03 4.8355E-02 9.4798E-02 7.8563E-02 1.1040E-01 7.8789E-02 1.0376E-01 9.3303E-02 5.5309E-02 5.9168E-02 5.2837E-02 5.5609E-02 4.6035E-02 1.5893E-02 5.3474E-03 2.6652E-02 5.7619E-02 6.8823E-02 5.2030E-02 7.2736E-02 2.7612E-02 2.6886E-03 0
 0 6.4820E-04 7.8633E-03 4.7690E-02 9.4461E-02 7.9250E-02 1.1044E-01 7.7366E-02 1.0430E-01 9.0878E-02 5.5163E-02 5.7642E-02 5.0808E-02 5.4910E-02 4.4243E-02 1.5298E-02 5.4867E-03 2.7971E-02 5.6917E-02 6.9890E-02 5.2191E-02 7.2267E-02 2.6409E-02 2.5563E-03 0
 0 6.2257E-04 7.7239E-03 4.7016E-02 9.2652E-02 7.8226E-02 1.0989E-01 7.8452E-02 1.0315E-01 9.2597E-02 5.4721E-02 5.8203E-02 5.0994E-02 5.4663E-02 4.5153E-02 1.6173E-02 5.4588E-03 2.7602E-02 5.6884E-02 6.7951E-02 5.1484E-02 7.0459E-02 2.6318E-02 2.4588E-03 0
 0 6.7533E-04 7.6682E-03 4.6200E-02 9.2320E-02 7.6776E-02 1.1019E-01 7.7213E-02 1.0227E-01 9.1929E-02 5.3599E-02 5.6304E-02 5.1309E-02 5.4182E-02 4.4385E-02 1.6463E-02 6.3019E-03 2.8196E-02 5.7308E-02 6.8158E-02 5.0466E-02 7.0027E-02 2.5892E-02 2.6639E-03 0
 0 6.1704E-04 7.6031E-03 4.5700E-02 8.9704E-02 7.7248E-02 1.0976E-01 7.6459E-02 1.0368E-01 9.1904E-02 5.3207E-02 5.5389E-02 5.0646E-02 5.3472E-02 4.4243E-02 1.6820E-02 5.7619E-03 2.8337E-02 5.7528E-02 6.7318E-02 5.0621E-02 6.8549E-02 2.5811E-02 2.3999E-03 0
 0 6.0950E-04 7.1995E-03 4.5428E-02 8.8970E-02 7.6825E-02 1.0929E-01 7.7345E-02 1.0291E-01 9.1405E-02 5.2808E-02 5.4537E-02 4.9529E-02 5.4037E-02 4.5821E-02 1.7800E-02 6.2636E-03 2.8158E-02 5.7851E-02 6.7716E-02 4.9716E-02 6.8780E-02 2.5016E-02 2.4225E-03 0
 0 6.5121E-04 7.2356E-03 4.3910E-02 8.9235E-02 7.6812E-02 1.0871E-01 7.3439E-02 1.0117E-01 9.0611E-02 5.3164E-02 5.5520E-02 5.1071E-02 5.2981E-02 4.6774E-02 1.7142E-02 6.4273E-03 2.7936E-02 5.7431E-02 6.6094E-02 4.8889E-02 6.8695E-02 2.4856E-02 2.3716E-03 0
 0 6.3111E-04 7.1861E-03 4.3667E-02 8.8098E-02 7.5399E-02 1.0791E-01 7.4108E-02 9.8871E-02 9.0385E-02 5.2104E-02 5.4306E-02 4.9430E-02 5.3360E-02 4.5502E-02 1.7681E-02 6.9463E-03 2.9093E-02 5.7402E-02 6.6660E-02 4.8929E-02 6.7814E-02 2.3989E-02 2.3694E-03 0
 0 6.5372E-04 6.9662E-03 4.2930E-02 8.6422E-02 7.5256E-02 1.0766E-01 7.3778E-02 9.9196E-02 8.8042E-02 5.0743E-02 5.4381E-02 4.9493E-02 5.2210E-02 4.4737E-02 1.7814E-02 6.8802E-03 2.8485E-02 5.7054E-02 6.6969E-02 4.7414E-02 6.6792E-02 2.4125E-02 2.3752E-03 0
 0 6.1905E-04 6.5677E-03 4.1630E-02 8.5487E-02 7.3774E-02 1.0655E-01 7.4195E-02 9.7839E-02 8.8387E-02 5.0919E-02 5.4583E-02 4.8354E-02 5.1693E-02 4.6902E-02 1.8679E-02 6.7513E-03 2.9501E-02 5.7145E-02 6.5998E-02 4.8094E-02 6.6920E-02 2.3154E-02 2.2734E-03 0
 0 6.1352E-04 6.6782E-03 4.0985E-02 8.4740E-02 7.2949E-02 1.0548E-01 7.4060E-02 9.8935E-02 8.8365E-02 5.0052E-02 5.3185E-02 4.7511E-02 5.1161E-02 4.5487E-02 1.7720E-02 7.6500E-03 2.9673E-02 5.7825E-02 6.5977E-02 4.6563E-02 6.5867E-02 2.2646E-02 2.2479E-03 0
 0 5.9996E-04 6.4882E-03 4.0735E-02 8.2269E-02 7.3865E-02 1.0473E-01 7.3139E-02 9.7631E-02 8.8537E-02 4.9730E-02 5.3064E-02 4.8529E-02 5.0499E-02 4.5971E-02 1.9085E-02 7.3156E-03 2.9192E-02 5.6345E-02 6.5813E-02 4.6252E-02 6.4437E-02 2.2554E-02 2.2312E-03 0
 0 5.9744E-04 6.4923E-03 4.0208E-02 8.2061E-02 7.2629E-02 1.0478E-01 7.2541E-02 9.5629E-02 8.7869E-02 4.9235E-02 5.2287E-02 4.7346E-02 4.9793E-02 4.5715E-02 1.9351E-02 8.1134E-03 2.9920E-02 5.6276E-02 6.4945E-02 4.6316E-02 6.3984E-02 2.2014E-02 2.2916E-03 0
 0 6.3915E-04 6.4025E-03 3.9666E-02 8.0336E-02 7.2235E-02 1.0250E-01 7.0884E-02 9.4683E-02 8.7392E-02 4.9185E-02 5.2223E-02 4.7104E-02 5.1649E-02 4.5459E-02 2.0079E-02 7.7963E-03 3.0591E-02 5.5914E-02 6.5962E-02 4.5426E-02 6.2785E-02 2.1546E-02 2.1818E-03 0
 0 5.7433E-04 6.2766E-03 3.9021E-02 7.8609E-02 7.0489E-02 1.0249E-01 7.0160E-02 9.5875E-02 8.6056E-02 4.8063E-02 5.0378E-02 4.7053E-02 5.0292E-02 4.6536E-02 1.9704E-02 8.8589E-03 2.9445E-02 5.6580E-02 6.4347E-02 4.5216E-02 6.3760E-02 2.1350E-02 2.1148E-03 0
 0 6.1905E-04 6.1486E-03 3.8412E-02 7.8139E-02 7.0124E-02 1.0393E-01 7.0359E-02 9.6393E-02 8.5949E-02 4.7595E-02 5.0229E-02 4.5724E-02 5.0423E-02 4.5718E-02 1.9890E-02 9.0400E-03 3.0155E-02 5.6653E-02 6.4180E-02 4.4130E-02 6.1666E-02 2.1300E-02 2.2661E-03 0
 0 5.6579E-04 5.9339E-03 3.7519E-02 7.8182E-02 6.9676E-02 1.0140E-01 7.0563E-02 9.4370E-02 8.7016E-02 4.7638E-02 4.9736E-02 4.6724E-02 5.0914E-02 4.6717E-02 2.0516E-02 9.1654E-03 3.0412E-02 5.6638E-02 6.4557E-02 4.5118E-02 6.2481E-02 2.1013E-02 2.1447E-03 0
 0 5.7986E-04 5.8833E-03 3.7489E-02 7.5818E-02 7.0070E-02 1.0076E-01 6.8353E-02 9.3679E-02 8.5714E-02 4.7273E-02 5.0875E-02 4.5973E-02 4.9819E-02 4.6788E-02 1.9974E-02 9.2037E-03 3.1594E-02 5.7449E-02 6.4788E-02 4.3774E-02 6.0286E-02 2.0677E-02 2.0748E-03 0
 0 5.9744E-04 5.8740E-03 3.6745E-02 7.5008E-02 6.9821E-02 1.0106E-01 7.0007E-02 9.3624E-02 8.4882E-02 4.7266E-02 4.9327E-02 4.4903E-02 4.8887E-02 4.7083E-02 2.1437E-02 9.9144E-03 3.1432E-02 5.6928E-02 6.4027E-02 4.4063E-02 6.1366E-02 2.0210E-02 2.0130E-03 0
 0 5.9242E-04 5.5436E-03 3.6650E-02 7.5253E-02 6.8812E-02 1.0056E-01 6.9365E-02 9.1846E-02 8.4499E-02 4.7409E-02 5.0144E-02 4.5299E-02 5.0157E-02 4.8534E-02 2.2102E-02 1.0075E-02 3.2515E-02 5.6562E-02 6.2045E-02 4.3518E-02 6.0655E-02 2.0262E-02 2.0552E-03 0
 0 5.4820E-04 5.7418E-03 3.6060E-02 7.4479E-02 6.8755E-02 1.0023E-01 6.8812E-02 9.2995E-02 8.5773E-02 4.5539E-02 4.9597E-02 4.4599E-02 4.8214E-02 4.5658E-02 2.2280E-02 1.0008E-02 3.1594E-02 5.6877E-02 6.2767E-02 4.2341E-02 6.0849E-02 1.9838E-02 1.9949E-03 0
 0 5.5825E-04 5.5829E-03 3.4679E-02 7.3566E-02 6.8886E-02 9.8372E-02 6.7891E-02 9.0812E-02 8.3872E-02 4.5858E-02 4.8632E-02 4.6068E-02 4.8166E-02 4.6802E-02 2.2756E-02 1.0681E-02 3.3514E-02 5.6805E-02 6.3109E-02 4.2819E-02 5.9124E-02 1.9631E-02 1.9832E-03 0
 0 5.9192E-04 5.4270E-03 3.4560E-02 7.2021E-02 6.8462E-02 9.8886E-02 6.6951E-02 9.0502E-02 8.3787E-02 4.6502E-02 4.8848E-02 4.5387E-02 4.8730E-02 4.6799E-02 2.3201E-02 1.0642E-02 3.3451E-02 5.5053E-02 6.2963E-02 4.2798E-02 5.8206E-02 1.9038E-02 1.9047E-03 0
 0 5.8086E-04 5.3496E-03 3.4078E-02 7.0733E-02 6.8048E-02 9.6837E-02 6.7059E-02 9.2298E-02 8.2906E-02 4.6652E-02 4.7865E-02 4.4160E-02 4.9036E-02 4.7457E-02 2.3544E-02 1.1214E-02 3.3219E-02 5.6247E-02 6.4105E-02 4.1566E-02 5.9394E-02 1.8899E-02 1.9069E-03 0
 0 5.7483E-04 5.2876E-03 3.3818E-02 6.9361E-02 6.7315E-02 9.6592E-02 6.7759E-02 9.0394E-02 8.2564E-02 4.6310E-02 4.7432E-02 4.4160E-02 4.7686E-02 4.6824E-02 2.3715E-02 1.1538E-02 3.2849E-02 5.6971E-02 6.2543E-02 4.2386E-02 5.8893E-02 1.8505E-02 2.0152E-03 0
 0 5.1856E-04 5.2381E-03 3.3448E-02 6.8695E-02 6.6376E-02 9.7496E-02 6.7630E-02 9.1454E-02 8.2197E-02 4.4832E-02 4.8586E-02 4.3562E-02 4.7326E-02 4.6351E-02 2.3386E-02 1.0942E-02 3.3961E-02 5.6265E-02 6.3699E-02 4.2155E-02 5.8161E-02 1.8673E-02 1.8596E-03 0
 0 5.9996E-04 5.2504E-03 3.2727E-02 6.8422E-02 6.5222E-02 9.6319E-02 6.7143E-02 9.0560E-02 8.1186E-02 4.4865E-02 4.7131E-02 4.3951E-02 4.8137E-02 4.7545E-02 2.3505E-02 1.1803E-02 3.4270E-02 5.5911E-02 6.3340E-02 4.1865E-02 5.7675E-02 1.8166E-02 1.8690E-03 0
 0 5.5875E-04 5.0306E-03 3.2078E-02 6.7909E-02 6.5416E-02 9.5151E-02 6.5663E-02 8.8779E-02 8.1635E-02 4.5031E-02 4.7493E-02 4.3995E-02 4.7533E-02 4.8022E-02 2.5007E-02 1.2332E-02 3.3774E-02 5.5429E-02 6.2803E-02 4.1460E-02 5.6966E-02 1.8164E-02 1.8618E-03 0
 0 5.5926E-04 5.1875E-03 3.2002E-02 6.5655E-02 6.5640E-02 9.3908E-02 6.5867E-02 8.8288E-02 8.1710E-02 4.4742E-02 4.7823E-02 4.5295E-02 4.6816E-02 4.6589E-02 2.5892E-02 1.3029E-02 3.4935E-02 5.5824E-02 6.1657E-02 4.0719E-02 5.6497E-02 1.7741E-02 1.8378E-03 0
 0 5.3313E-04 4.9882E-03 3.1233E-02 6.5355E-02 6.4463E-02 9.3708E-02 6.6702E-02 8.8288E-02 8.0490E-02 4.4772E-02 4.6222E-02 4.3500E-02 4.7431E-02 4.8352E-02 2.5972E-02 1.2816E-02 3.4615E-02 5.6396E-02 6.3055E-02 4.0725E-02 5.5941E-02 1.7448E-02 1.8669E-03 0
 0 5.5624E-04 5.0285E-03 3.1473E-02 6.5610E-02 6.4537E-02 9.4506E-02 6.5396E-02 8.6250E-02 8.1419E-02 4.5035E-02 4.6960E-02 4.3427E-02 4.6339E-02 4.7968E-02 2.5374E-02 1.2886E-02 3.3739E-02 5.5921E-02 6.2454E-02 4.0585E-02 5.5323E-02 1.6989E-02 1.7956E-03 0
 0 5.3011E-04 4.9149E-03 3.0119E-02 6.4302E-02 6.3835E-02 9.3268E-02 6.5159E-02 8.9123E-02 8.1331E-02 4.4693E-02 4.6513E-02 4.2731E-02 4.6128E-02 4.9223E-02 2.6868E-02 1.4433E-02 3.6029E-02 5.5458E-02 6.1401E-02 4.0975E-02 5.4827E-02 1.6699E-02 1.7679E-03 0
 0 5.9192E-04 4.7425E-03 3.0259E-02 6.3044E-02 6.3586E-02 9.2384E-02 6.4600E-02 8.5436E-02 8.1080E-02 4.3849E-02 4.6261E-02 4.2222E-02 4.7500E-02 5.0442E-02 2.7047E-02 1.3823E-02 3.4485E-02 5.6215E-02 6.1810E-02 3.9749E-02 5.5193E-02 1.6852E-02 1.6836E-03 0
 0 5.4770E-04 4.7591E-03 3.0153E-02 6.2665E-02 6.4017E-02 9.1118E-02 6.5759E-02 8.6805E-02 8.1415E-02 4.3530E-02 4.5136E-02 4.2808E-02 4.7038E-02 4.8413E-02 2.7260E-02 1.4938E-02 3.5839E-02 5.6403E-02 6.2290E-02 4.0426E-02 5.4811E-02 1.6584E-02 1.7745E-03 0
 0 5.2660E-04 4.7580E-03 2.9125E-02 6.2054E-02 6.2843E-02 9.0787E-02 6.3862E-02 8.5838E-02 7.9100E-02 4.4377E-02 4.5498E-02 4.3258E-02 4.6066E-02 4.8729E-02 2.7705E-02 1.5070E-02 3.5600E-02 5.5502E-02 6.0839E-02 4.0475E-02 5.4532E-02 1.6731E-02 1.6596E-03 0
 0 5.4569E-04 4.5701E-03 2.8240E-02 6.1127E-02 6.2496E-02 9.0679E-02 6.5150E-02 8.5820E-02 8.0976E-02 4.3331E-02 4.5917E-02 4.2171E-02 4.6845E-02 4.8772E-02 2.7838E-02 1.5809E-02 3.7045E-02 5.5248E-02 6.2255E-02 3.9975E-02 5.4385E-02 1.6507E-02 1.7418E-03 0
 0 5.4368E-04 4.7807E-03 2.8484E-02 5.9617E-02 6.1479E-02 9.0064E-02 6.4276E-02 8.4601E-02 8.0709E-02 4.3288E-02 4.4959E-02 4.3266E-02 4.6336E-02 4.9237E-02 2.8356E-02 1.6011E-02 3.7429E-02 5.4579E-02 6.1525E-02 4.1118E-02 5.3298E-02 1.6453E-02 1.6523E-03 0
 0 5.5524E-04 4.5010E-03 2.7865E-02 5.8518E-02 6.2249E-02 9.0164E-02 6.3646E-02 8.3821E-02 7.9731E-02 4.3670E-02 4.5804E-02 4.2647E-02 4.6500E-02 4.8477E-02 2.8583E-02 1.6279E-02 3.7502E-02 5.6461E-02 6.1387E-02 4.0365E-02 5.3250E-02 1.6081E-02 1.6058E-03 0
 0 5.1001E-04 4.4803E-03 2.7879E-02 5.8439E-02 6.2070E-02 8.9041E-02 6.3733E-02 8.4653E-02 7.8472E-02 4.3065E-02 4.4941E-02 4.3222E-02 4.5899E-02 4.9788E-02 2.9101E-02 1.6599E-02 3.7837E-02 5.6982E-02 6.0458E-02 3.9051E-02 5.2854E-02 1.6023E-02 1.7658E-03 0
 0 5.6529E-04 4.4638E-03 2.7665E-02 5.7973E-02 6.1769E-02 8.8888E-02 6.3322E-02 8.3299E-02 7.6643E-02 4.3942E-02 4.3745E-02 4.2867E-02 4.6536E-02 4.8814E-02 2.9497E-02 1.7679E-02 3.7239E-02 5.7134E-02 6.0764E-02 4.0048E-02 5.3291E-02 1.5992E-02 1.6065E-03 0
 0 5.0650E-04 4.3399E-03 2.7501E-02 5.7928E-02 6.1171E-02 8.8212E-02 6.2913E-02 8.1924E-02 7.8887E-02 4.3138E-02 4.6109E-02 4.2669E-02 4.5495E-02 4.9227E-02 3.0452E-02 1.7993E-02 3.8090E-02 5.7829E-02 6.1095E-02 3.9643E-02 5.2928E-02 1.5905E-02 1.6225E-03 0
 0 5.2911E-04 4.4514E-03 2.6778E-02 5.6771E-02 6.1900E-02 8.6412E-02 6.2907E-02 8.2664E-02 7.7839E-02 4.3328E-02 4.5566E-02 4.2412E-02 4.5473E-02 4.9593E-02 2.9864E-02 1.8324E-02 3.8786E-02 5.5759E-02 6.0985E-02 3.9472E-02 5.2017E-02 1.5612E-02 1.5847E-03 0
 0 5.1052E-04 4.4143E-03 2.6382E-02 5.5139E-02 6.0782E-02 8.6421E-02 6.2925E-02 8.3152E-02 7.7632E-02 4.3643E-02 4.4459E-02 4.3247E-02 4.6798E-02 5.0727E-02 3.0617E-02 1.8265E-02 3.9078E-02 5.7326E-02 6.0479E-02 3.9768E-02 5.1349E-02 1.5442E-02 1.5498E-03 0
 0 5.2760E-04 4.3358E-03 2.5581E-02 5.5323E-02 6.0358E-02 8.8393E-02 6.2160E-02 8.3437E-02 7.7898E-02 4.2723E-02 4.4050E-02 4.1757E-02 4.6237E-02 5.0417E-02 3.1558E-02 1.9407E-02 3.8867E-02 5.7496E-02 6.0319E-02 3.9405E-02 5.0854E-02 1.5457E-02 1.5556E-03 0
 0 5.4217E-04 4.3626E-03 2.5549E-02 5.3563E-02 5.9331E-02 8.4682E-02 6.2826E-02 8.0901E-02 7.7867E-02 4.2999E-02 4.4047E-02 4.2943E-02 4.6190E-02 5.0190E-02 3.2192E-02 1.9156E-02 3.8786E-02 5.5947E-02 6.1020E-02 4.0298E-02 5.1921E-02 1.5155E-02 1.5781E-03 0
 0 5.1554E-04 4.3585E-03 2.5193E-02 5.4211E-02 5.9848E-02 8.3728E-02 6.1868E-02 8.2034E-02 7.5812E-02 4.3746E-02 4.4043E-02 4.1753E-02 4.5957E-02 4.9788E-02 3.2132E-02 2.0344E-02 4.0573E-02 5.6917E-02 5.9099E-02 3.8557E-02 5.0790E-02 1.4825E-02 1.5876E-03 0
 0 5.1956E-04 4.1221E-03 2.5019E-02 5.2726E-02 6.0168E-02 8.3264E-02 6.2424E-02 7.9894E-02 7.5326E-02 4.3095E-02 4.4146E-02 4.2870E-02 4.5619E-02 5.0190E-02 3.3406E-02 2.0672E-02 3.9208E-02 5.6030E-02 6.1529E-02 3.8920E-02 5.0221E-02 1.4590E-02 1.5680E-03 0
 0 4.9243E-04 4.3110E-03 2.4674E-02 5.2061E-02 5.9511E-02 8.3311E-02 6.2577E-02 8.0251E-02 7.5294E-02 4.3391E-02 4.4171E-02 4.2299E-02 4.5521E-02 5.0378E-02 3.3382E-02 2.0776E-02 3.9465E-02 5.6298E-02 5.9832E-02 3.9710E-02 4.9287E-02 1.4629E-02 1.4887E-03 0
 0 4.9243E-04 4.1489E-03 2.3999E-02 5.1316E-02 5.8982E-02 8.2513E-02 6.1838E-02 8.1316E-02 7.5552E-02 4.2933E-02 4.3937E-02 4.2039E-02 4.6609E-02 5.1957E-02 3.3466E-02 2.2180E-02 3.9623E-02 5.6262E-02 6.1511E-02 3.8633E-02 5.0097E-02 1.4500E-02 1.5250E-03 0
 0 5.0951E-04 4.1923E-03 2.3708E-02 5.1267E-02 5.8748E-02 8.2185E-02 6.1817E-02 7.9842E-02 7.6418E-02 4.3295E-02 4.4129E-02 4.2258E-02 4.5499E-02 5.0236E-02 3.5520E-02 2.1766E-02 4.0854E-02 5.5824E-02 6.1992E-02 3.9005E-02 4.9715E-02 1.4754E-02 1.4960E-03 0
 0 4.9243E-04 4.1428E-03 2.3770E-02 5.0438E-02 5.6664E-02 8.2332E-02 6.1340E-02 7.8642E-02 7.5508E-02 4.2126E-02 4.3525E-02 4.1757E-02 4.6310E-02 5.0652E-02 3.5174E-02 2.2807E-02 4.0576E-02 5.7995E-02 6.1319E-02 3.9624E-02 4.9692E-02 1.4129E-02 1.4996E-03 0
 0 5.0599E-04 4.0385E-03 2.3280E-02 5.0019E-02 5.8115E-02 8.2660E-02 6.2061E-02 7.8519E-02 7.5131E-02 4.1880E-02 4.3873E-02 4.2980E-02 4.5746E-02 5.2095E-02 3.4834E-02 2.3117E-02 4.1537E-02 5.6338E-02 6.1476E-02 3.8819E-02 4.9987E-02 1.4242E-02 1.4654E-03 0
 0 4.6982E-04 3.8620E-03 2.3270E-02 4.8533E-02 5.7745E-02 8.2249E-02 6.1211E-02 7.8258E-02 7.5188E-02 4.2199E-02 4.3901E-02 4.1826E-02 4.7038E-02 5.1662E-02 3.5352E-02 2.3379E-02 4.3109E-02 5.7058E-02 5.9387E-02 3.8539E-02 4.8402E-02 1.3684E-02 1.4981E-03 0
 0 4.8891E-04 3.9156E-03 2.2717E-02 4.9435E-02 5.8425E-02 8.1272E-02 6.0295E-02 7.7721E-02 7.6069E-02 4.1475E-02 4.4160E-02 4.2097E-02 4.5160E-02 5.2074E-02 3.6080E-02 2.3950E-02 4.2444E-02 5.7347E-02 6.0398E-02 3.9508E-02 4.8637E-02 1.4244E-02 1.4501E-03 0
 0 4.9745E-04 3.8847E-03 2.2511E-02 4.7861E-02 5.8016E-02 8.1275E-02 6.1094E-02 7.8261E-02 7.6192E-02 4.3251E-02 4.3728E-02 4.2541E-02 4.5127E-02 5.2550E-02 3.7004E-02 2.5772E-02 4.3084E-02 5.5556E-02 6.0675E-02 3.8716E-02 4.8296E-02 1.3872E-02 1.4356E-03 0
 0 4.7434E-04 3.8072E-03 2.2531E-02 4.8072E-02 5.7140E-02 8.1125E-02 6.0608E-02 7.7168E-02 7.4112E-02 4.2468E-02 4.4519E-02 4.2819E-02 4.6543E-02 5.2259E-02 3.7452E-02 2.5096E-02 4.3007E-02 5.6975E-02 6.0977E-02 3.8664E-02 4.8045E-02 1.3771E-02 1.4356E-03 0
 0 4.8640E-04 3.8372E-03 2.2074E-02 4.6602E-02 5.6758E-02 7.8057E-02 6.1751E-02 7.5090E-02 7.4206E-02 4.2664E-02 4.4164E-02 4.3171E-02 4.6580E-02 5.1231E-02 3.7561E-02 2.6308E-02 4.3633E-02 5.7528E-02 6.0458E-02 3.8551E-02 4.8733E-02 1.3840E-02 1.4072E-03 0
 0 4.5524E-04 3.8465E-03 2.1418E-02 4.6173E-02 5.7322E-02 7.8733E-02 6.0472E-02 7.4577E-02 7.4425E-02 4.2166E-02 4.3983E-02 4.2299E-02 4.5601E-02 5.1381E-02 3.7981E-02 2.7392E-02 4.3499E-02 5.7720E-02 6.0881E-02 3.8423E-02 4.7752E-02 1.3306E-02 1.3818E-03 0
 0 5.0599E-04 3.6524E-03 2.1272E-02 4.5910E-02 5.5549E-02 7.9401E-02 6.0680E-02 7.4767E-02 7.2822E-02 4.3447E-02 4.3830E-02 4.2185E-02 4.5997E-02 5.3620E-02 3.9279E-02 2.7977E-02 4.4927E-02 5.8032E-02 6.1774E-02 3.9322E-02 4.7608E-02 1.3654E-02 1.3607E-03 0
 0 4.6278E-04 3.6452E-03 2.1263E-02 4.5263E-02 5.7034E-02 7.6845E-02 6.0178E-02 7.6560E-02 7.4372E-02 4.3374E-02 4.4054E-02 4.2716E-02 4.7067E-02 5.2842E-02 3.9681E-02 2.8029E-02 4.3313E-02 5.8028E-02 5.9914E-02 3.8947E-02 4.6466E-02 1.3175E-02 1.4007E-03 0
 0 4.9594E-04 3.7980E-03 2.0799E-02 4.4922E-02 5.5985E-02 7.7290E-02 6.0499E-02 7.5470E-02 7.3217E-02 4.2282E-02 4.3131E-02 4.1969E-02 4.6259E-02 5.2699E-02 4.0549E-02 2.8290E-02 4.4596E-02 5.8618E-02 6.0501E-02 3.9487E-02 4.6967E-02 1.3064E-02 1.3403E-03 0
 0 4.5374E-04 3.5543E-03 2.0136E-02 4.3511E-02 5.5943E-02 7.8689E-02 5.9518E-02 7.4961E-02 7.3170E-02 4.3261E-02 4.3873E-02 4.1764E-02 4.6798E-02 5.1971E-02 4.0154E-02 2.8844E-02 4.4941E-02 5.7376E-02 6.1344E-02 3.9865E-02 4.6283E-02 1.3038E-02 1.4509E-03 0
 0 4.8238E-04 3.6927E-03 2.0325E-02 4.3121E-02 5.6024E-02 7.5751E-02 5.9584E-02 7.3779E-02 7.2728E-02 4.2933E-02 4.4590E-02 4.2145E-02 4.7286E-02 5.3553E-02 4.0164E-02 2.9168E-02 4.5170E-02 5.8480E-02 6.0458E-02 3.9853E-02 4.6921E-02 1.2969E-02 1.3520E-03 0
 0 5.0147E-04 3.5027E-03 2.0249E-02 4.2978E-02 5.4889E-02 7.5943E-02 5.9509E-02 7.3496E-02 7.2775E-02 4.3012E-02 4.3749E-02 4.2852E-02 4.6681E-02 5.2781E-02 4.2544E-02 2.9886E-02 4.5078E-02 5.7474E-02 5.9914E-02 3.9249E-02 4.5681E-02 1.2675E-02 1.3745E-03 0
 0 4.5675E-04 3.6638E-03 2.0027E-02 4.2658E-02 5.4689E-02 7.5187E-02 5.9695E-02 7.3693E-02 7.3001E-02 4.4457E-02 4.4398E-02 4.2050E-02 4.6765E-02 5.5013E-02 4.1442E-02 3.1687E-02 4.6151E-02 5.9305E-02 6.1721E-02 3.8990E-02 4.6951E-02 1.2753E-02 1.3949E-03 0
 0 4.4469E-04 3.5967E-03 1.9575E-02 4.1610E-02 5.5219E-02 7.5824E-02 5.8800E-02 7.3045E-02 7.3399E-02 4.3554E-02 4.3919E-02 4.2654E-02 4.6762E-02 5.4427E-02 4.2660E-02 3.0823E-02 4.7224E-02 5.9150E-02 6.1319E-02 3.9438E-02 4.5425E-02 1.3187E-02 1.3265E-03 0
 0 4.5977E-04 3.4036E-03 1.9475E-02 4.1392E-02 5.3633E-02 7.4272E-02 5.9536E-02 7.3125E-02 7.1878E-02 4.3886E-02 4.3507E-02 4.2533E-02 4.6827E-02 5.4633E-02 4.3689E-02 3.1976E-02 4.5753E-02 5.9447E-02 5.8953E-02 3.9380E-02 4.5990E-02 1.3213E-02 1.3229E-03 0
 0 4.5977E-04 3.6710E-03 1.9199E-02 4.0473E-02 5.3155E-02 7.4670E-02 5.9395E-02 7.1964E-02 7.2295E-02 4.3617E-02 4.3685E-02 4.2830E-02 4.8454E-02 5.5604E-02 4.3444E-02 3.2875E-02 4.6355E-02 5.7974E-02 5.9302E-02 4.0219E-02 4.5939E-02 1.2607E-02 1.2698E-03 0
 0 4.8238E-04 3.4852E-03 1.9119E-02 4.0816E-02 5.4618E-02 7.3026E-02 5.9356E-02 7.2554E-02 7.1401E-02 4.4258E-02 4.4476E-02 4.2936E-02 4.8454E-02 5.4619E-02 4.3955E-02 3.2906E-02 4.7217E-02 5.9403E-02 6.0319E-02 3.8515E-02 4.7084E-02 1.2534E-02 1.3047E-03 0
 0 4.7032E-04 3.4108E-03 1.8869E-02 4.0116E-02 5.4239E-02 7.3396E-02 5.8086E-02 7.1534E-02 7.1275E-02 4.3577E-02 4.3390E-02 4.2823E-02 4.8104E-02 5.4619E-02 4.4987E-02 3.3951E-02 5.0210E-02 5.9327E-02 6.0579E-02 3.9591E-02 4.5413E-02 1.2311E-02 1.2851E-03 0
 0 4.8690E-04 3.4501E-03 1.8623E-02 3.9461E-02 5.4729E-02 7.1902E-02 5.8989E-02 7.1749E-02 7.1172E-02 4.3029E-02 4.4249E-02 4.2683E-02 4.6591E-02 5.4761E-02 4.6699E-02 3.4477E-02 4.7938E-02 5.9161E-02 6.0465E-02 3.9960E-02 4.4793E-02 1.2326E-02 1.2814E-03 0
 0 4.5022E-04 3.3582E-03 1.8029E-02 3.9546E-02 5.3480E-02 7.2047E-02 5.9296E-02 7.2155E-02 7.0576E-02 4.3583E-02 4.4757E-02 4.2676E-02 4.8345E-02 5.5351E-02 4.5705E-02 3.5056E-02 4.8746E-02 5.8184E-02 6.0871E-02 3.9783E-02 4.4454E-02 1.2410E-02 1.2654E-03 0
 0 4.3213E-04 3.3200E-03 1.8371E-02 3.8360E-02 5.3483E-02 7.0926E-02 5.9875E-02 7.2047E-02 7.0394E-02 4.3842E-02 4.4462E-02 4.4079E-02 4.9367E-02 5.5170E-02 4.5582E-02 3.5721E-02 4.9900E-02 5.9486E-02 6.0743E-02 3.9307E-02 4.3995E-02 1.2153E-02 1.2843E-03 0
 0 4.7786E-04 3.4088E-03 1.8190E-02 3.8444E-02 5.2877E-02 6.9830E-02 5.8758E-02 7.0678E-02 7.0014E-02 4.3756E-02 4.5065E-02 4.2918E-02 4.7591E-02 5.5397E-02 4.7238E-02 3.6986E-02 4.9601E-02 5.9262E-02 6.0369E-02 4.0030E-02 4.4436E-02 1.2245E-02 1.2720E-03 0
 0 4.6680E-04 3.3138E-03 1.7643E-02 3.7903E-02 5.2801E-02 6.9407E-02 5.8116E-02 7.0758E-02 6.9129E-02 4.4251E-02 4.3224E-02 4.4584E-02 4.8618E-02 5.4576E-02 4.7322E-02 3.9166E-02 4.9467E-02 5.9895E-02 6.2024E-02 3.9591E-02 4.4402E-02 1.1946E-02 1.2487E-03 0
 0 4.7333E-04 3.2302E-03 1.7313E-02 3.7817E-02 5.3653E-02 6.8679E-02 5.8410E-02 6.9723E-02 6.9274E-02 4.3959E-02 4.4153E-02 4.4105E-02 4.8476E-02 5.7178E-02 4.8158E-02 3.7675E-02 5.0779E-02 5.8433E-02 5.9914E-02 4.0368E-02 4.4230E-02 1.1990E-02 1.2632E-03 0
 0 4.4117E-04 3.3974E-03 1.7254E-02 3.6958E-02 5.2439E-02 7.1212E-02 5.8581E-02 6.9259E-02 7.0434E-02 4.4543E-02 4.5026E-02 4.3643E-02 4.9706E-02 5.6965E-02 4.7602E-02 3.9410E-02 5.0702E-02 5.9548E-02 6.1874E-02 4.0868E-02 4.4445E-02 1.1974E-02 1.2261E-03 0
 0 4.3313E-04 3.4015E-03 1.6985E-02 3.6382E-02 5.1737E-02 6.8829E-02 5.9530E-02 6.9582E-02 7.0199E-02 4.4065E-02 4.4760E-02 4.3969E-02 4.9407E-02 5.7921E-02 5.0374E-02 3.9375E-02 5.1472E-02 6.2205E-02 6.0451E-02 4.0618E-02 4.4065E-02 1.2102E-02 1.2007E-03 0
 0 4.3012E-04 3.2374E-03 1.6826E-02 3.6088E-02 5.1995E-02 6.9313E-02 5.8878E-02 6.9419E-02 6.8759E-02 4.4221E-02 4.5069E-02 4.4171E-02 4.9440E-02 5.7086E-02 5.0605E-02 4.0476E-02 5.0463E-02 6.0145E-02 6.1960E-02 4.0079E-02 4.3626E-02 1.1706E-02 1.2407E-03 0
 0 4.2510E-04 3.2931E-03 1.6781E-02 3.5433E-02 5.1488E-02 6.8684E-02 5.8569E-02 6.8741E-02 6.9606E-02 4.4424E-02 4.4700E-02 4.3958E-02 4.8286E-02 5.7057E-02 5.0947E-02 4.1208E-02 5.2334E-02 5.9465E-02 6.0519E-02 4.0261E-02 4.3521E-02 1.2058E-02 1.2291E-03 0
 0 4.3967E-04 3.1321E-03 1.6764E-02 3.5184E-02 5.1375E-02 6.7905E-02 5.8590E-02 6.7813E-02 6.8765E-02 4.4387E-02 4.3543E-02 4.4284E-02 4.7762E-02 5.7356E-02 5.1500E-02 4.2009E-02 5.1106E-02 6.0637E-02 6.1077E-02 4.0643E-02 4.2981E-02 1.1802E-02 1.1985E-03 0
 0 4.3665E-04 3.2384E-03 1.6315E-02 3.5141E-02 5.1939E-02 6.7146E-02 5.8068E-02 6.6954E-02 6.9114E-02 4.4859E-02 4.5821E-02 4.4720E-02 4.8654E-02 5.6983E-02 5.2172E-02 4.3340E-02 5.2260E-02 6.1108E-02 6.0205E-02 4.0768E-02 4.3079E-02 1.1644E-02 1.2051E-03 0
 0 4.3816E-04 3.2704E-03 1.6329E-02 3.4261E-02 5.1481E-02 6.7118E-02 5.7966E-02 6.7077E-02 6.8706E-02 4.4998E-02 4.4533E-02 4.5079E-02 4.9946E-02 5.7448E-02 5.2284E-02 4.3639E-02 5.3146E-02 6.1463E-02 6.0792E-02 4.1301E-02 4.2105E-02 1.1907E-02 1.1781E-03 0
 0 3.9545E-04 3.0867E-03 1.6163E-02 3.3857E-02 5.1722E-02 6.5680E-02 5.8494E-02 6.7169E-02 6.9324E-02 4.6021E-02 4.5005E-02 4.4335E-02 4.9091E-02 5.7857E-02 5.3768E-02 4.4371E-02 5.3776E-02 6.0800E-02 6.2219E-02 4.1325E-02 4.2729E-02 1.1564E-02 1.1280E-03 0
 0 4.3916E-04 3.0392E-03 1.5884E-02 3.3848E-02 5.1296E-02 6.6576E-02 5.7996E-02 6.7810E-02 7.0237E-02 4.6047E-02 4.5669E-02 4.5394E-02 5.0845E-02 5.8170E-02 5.4493E-02 4.4907E-02 5.4634E-02 6.2031E-02 6.2490E-02 4.1853E-02 4.2887E-02 1.1674E-02 1.1687E-03 0
 0 4.2811E-04 3.1703E-03 1.5861E-02 3.3569E-02 5.2013E-02 6.5680E-02 5.8257E-02 6.7166E-02 6.8994E-02 4.5350E-02 4.5516E-02 4.4617E-02 4.9731E-02 5.9151E-02 5.3502E-02 4.5768E-02 5.4648E-02 6.1314E-02 6.1846E-02 4.1066E-02 4.2608E-02 1.1302E-02 1.2029E-03 0
 0 4.2912E-04 3.1466E-03 1.5900E-02 3.2564E-02 5.1454E-02 6.5063E-02 5.7158E-02 6.6131E-02 6.8213E-02 4.5294E-02 4.5161E-02 4.5163E-02 4.9662E-02 5.8227E-02 5.4143E-02 4.6569E-02 5.5028E-02 6.2252E-02 6.2155E-02 4.2075E-02 4.2477E-02 1.1152E-02 1.1374E-03 0
 0 4.1002E-04 3.1755E-03 1.5667E-02 3.2709E-02 5.0614E-02 6.4776E-02 5.7377E-02 6.6143E-02 6.6874E-02 4.5875E-02 4.6520E-02 4.5855E-02 4.9953E-02 5.9841E-02 5.5599E-02 4.6701E-02 5.4810E-02 6.1759E-02 6.2376E-02 4.1691E-02 4.2185E-02 1.1249E-02 1.1731E-03 0
 0 4.1555E-04 3.0681E-03 1.5302E-02 3.1695E-02 5.1486E-02 6.4412E-02 5.7275E-02 6.5575E-02 6.7859E-02 4.6001E-02 4.5953E-02 4.5192E-02 5.0586E-02 5.8827E-02 5.5536E-02 4.7234E-02 5.4968E-02 6.1879E-02 6.1241E-02 4.1987E-02 4.2020E-02 1.1410E-02 1.0923E-03 0
 0 4.1454E-04 3.1569E-03 1.5598E-02 3.1497E-02 5.0853E-02 6.4618E-02 5.8065E-02 6.5440E-02 6.7241E-02 4.6350E-02 4.5573E-02 4.6474E-02 5.0929E-02 5.8671E-02 5.5847E-02 4.7813E-02 5.7022E-02 6.1770E-02 6.0796E-02 4.2377E-02 4.2393E-02 1.1335E-02 1.2145E-03 0
 0 4.2560E-04 3.0154E-03 1.5175E-02 3.1258E-02 4.9828E-02 6.3745E-02 5.8485E-02 6.4713E-02 6.8116E-02 4.6472E-02 4.6194E-02 4.6551E-02 5.1143E-02 5.8923E-02 5.7076E-02 5.0488E-02 5.7599E-02 6.3146E-02 6.1337E-02 4.2008E-02 4.2480E-02 1.1100E-02 1.1898E-03 0
 0 4.5826E-04 3.0165E-03 1.4898E-02 3.1076E-02 4.9750E-02 6.2679E-02 5.7810E-02 6.4737E-02 6.5917E-02 4.6160E-02 4.6456E-02 4.5489E-02 5.1635E-02 5.9716E-02 5.7195E-02 4.9328E-02 5.7001E-02 6.3033E-02 6.2657E-02 4.1981E-02 4.1581E-02 1.1102E-02 1.1512E-03 0
 0 3.8490E-04 3.0154E-03 1.4707E-02 3.1556E-02 4.9247E-02 6.2054E-02 5.7491E-02 6.4464E-02 6.6246E-02 4.5609E-02 4.6726E-02 4.6416E-02 5.2304E-02 6.0601E-02 5.8962E-02 4.9579E-02 5.7511E-02 6.4264E-02 6.2048E-02 4.3301E-02 4.1498E-02 1.1091E-02 1.1083E-03 0
 0 4.1253E-04 3.0062E-03 1.4489E-02 3.0417E-02 5.0028E-02 6.2479E-02 5.7224E-02 6.4903E-02 6.6921E-02 4.6193E-02 4.7003E-02 4.6537E-02 5.1249E-02 5.9830E-02 5.8231E-02 5.1909E-02 5.9016E-02 6.2914E-02 6.1856E-02 4.2758E-02 4.1256E-02 1.1249E-02 1.1251E-03 0
 0 4.3816E-04 2.9225E-03 1.4186E-02 2.9951E-02 5.0506E-02 6.2293E-02 5.7152E-02 6.3036E-02 6.6359E-02 4.8003E-02 4.6815E-02 4.6720E-02 5.1773E-02 6.1152E-02 5.9977E-02 5.3223E-02 5.8475E-02 6.2154E-02 6.3009E-02 4.2807E-02 4.1848E-02 1.1042E-02 1.1476E-03 0
 0 4.3313E-04 2.8916E-03 1.3953E-02 2.9849E-02 4.9176E-02 6.1436E-02 5.8095E-02 6.3239E-02 6.4903E-02 4.6738E-02 4.6598E-02 4.7317E-02 5.2312E-02 6.0971E-02 6.0429E-02 5.3348E-02 5.9157E-02 6.3431E-02 6.1910E-02 4.3002E-02 4.0510E-02 1.1043E-02 1.1098E-03 0
 0 3.9897E-04 2.9773E-03 1.4173E-02 2.9273E-02 4.8940E-02 6.1442E-02 5.8434E-02 6.3570E-02 6.6817E-02 4.6771E-02 4.7191E-02 4.7745E-02 5.1598E-02 6.1685E-02 6.0926E-02 5.3094E-02 5.9435E-02 6.2389E-02 6.2604E-02 4.2569E-02 4.0743E-02 1.0825E-02 1.0676E-03 0
 0 3.9645E-04 2.8131E-03 1.4277E-02 2.9247E-02 4.9602E-02 6.0796E-02 5.7200E-02 6.2953E-02 6.6271E-02 4.7389E-02 4.6673E-02 4.7233E-02 5.2912E-02 6.1536E-02 6.0621E-02 5.3759E-02 5.9326E-02 6.4054E-02 6.2322E-02 4.2332E-02 4.0743E-02 1.0710E-02 1.1047E-03 0
 0 4.0851E-04 2.9422E-03 1.3943E-02 2.8843E-02 4.9491E-02 6.0566E-02 5.6423E-02 6.2465E-02 6.6654E-02 4.7847E-02 4.6850E-02 4.7244E-02 5.2388E-02 6.2553E-02 6.1297E-02 5.5487E-02 6.0335E-02 6.4742E-02 6.1846E-02 4.3499E-02 4.0725E-02 1.0670E-02 1.0487E-03 0
 0 4.1203E-04 2.9122E-03 1.3622E-02 2.8604E-02 4.9255E-02 6.0835E-02 5.7050E-02 6.1756E-02 6.5528E-02 4.7797E-02 4.7574E-02 4.8540E-02 5.3320E-02 6.2201E-02 6.1426E-02 5.5686E-02 5.9414E-02 6.3359E-02 6.2589E-02 4.4396E-02 3.9954E-02 1.0825E-02 1.1192E-03 0
 0 4.2711E-04 2.9184E-03 1.3549E-02 2.8353E-02 4.8117E-02 6.0471E-02 5.7143E-02 6.2183E-02 6.5308E-02 4.7495E-02 4.7961E-02 4.8749E-02 5.3105E-02 6.3438E-02 6.3991E-02 5.5578E-02 6.1633E-02 6.5610E-02 6.2418E-02 4.2944E-02 4.0558E-02 1.0635E-02 1.0160E-03 0
 0 3.8691E-04 2.8874E-03 1.3371E-02 2.8359E-02 4.7826E-02 5.9845E-02 5.8023E-02 6.1731E-02 6.5766E-02 4.7731E-02 4.7379E-02 4.8507E-02 5.3363E-02 6.4312E-02 6.3264E-02 5.8703E-02 6.1123E-02 6.4351E-02 6.3258E-02 4.3636E-02 4.0464E-02 1.0738E-02 1.0589E-03 0
 0 3.9696E-04 2.7512E-03 1.3131E-02 2.7430E-02 4.7996E-02 6.0062E-02 5.7572E-02 6.0942E-02 6.5192E-02 4.8996E-02 4.7755E-02 4.9207E-02 5.3804E-02 6.3324E-02 6.6504E-02 5.8448E-02 6.1176E-02 6.4347E-02 6.2518E-02 4.3780E-02 4.0114E-02 1.0575E-02 1.1076E-03 0
 0 3.7033E-04 2.7460E-03 1.3257E-02 2.7105E-02 4.8400E-02 5.8816E-02 5.7590E-02 6.2428E-02 6.4361E-02 4.7492E-02 4.8312E-02 4.9698E-02 5.4892E-02 6.3729E-02 6.4775E-02 5.8894E-02 6.2656E-02 6.3956E-02 6.3842E-02 4.4103E-02 3.9896E-02 1.0578E-02 1.0851E-03 0
 0 3.7585E-04 2.7873E-03 1.2899E-02 2.7152E-02 4.8090E-02 5.9211E-02 5.7422E-02 6.1434E-02 6.4875E-02 4.8448E-02 4.8355E-02 4.9262E-02 5.4248E-02 6.4387E-02 6.5909E-02 5.8727E-02 6.2808E-02 6.4105E-02 6.3724E-02 4.4624E-02 3.9542E-02 1.0433E-02 1.0545E-03 0
 0 4.0248E-04 2.8812E-03 1.2794E-02 2.6360E-02 4.8514E-02 5.8101E-02 5.5984E-02 6.0645E-02 6.3416E-02 4.9617E-02 4.8234E-02 4.9958E-02 5.3916E-02 6.3004E-02 6.6179E-02 6.0988E-02 6.5023E-02 6.4955E-02 6.3977E-02 4.4777E-02 4.0244E-02 1.0799E-02 1.0269E-03 0
 0 3.8892E-04 2.8575E-03 1.2741E-02 2.6413E-02 4.7760E-02 5.7172E-02 5.7278E-02 6.0089E-02 6.4803E-02 4.8880E-02 4.8770E-02 4.8185E-02 5.5529E-02 6.4021E-02 6.6287E-02 6.2057E-02 6.3212E-02 6.5563E-02 6.2589E-02 4.4636E-02 4.0260E-02 1.0263E-02 1.0778E-03 0
 0 4.1907E-04 2.8730E-03 1.2744E-02 2.6111E-02 4.8137E-02 5.8421E-02 5.6747E-02 6.0927E-02 6.4734E-02 4.8734E-02 4.8036E-02 5.0379E-02 5.5474E-02 6.4785E-02 6.6987E-02 6.1559E-02 6.6279E-02 6.7333E-02 6.3479E-02 4.4804E-02 3.9434E-02 1.0489E-02 1.0611E-03 0
 0 4.1505E-04 2.8018E-03 1.2575E-02 2.5793E-02 4.7629E-02 5.6508E-02 5.7680E-02 5.8895E-02 6.4693E-02 4.9823E-02 4.8469E-02 4.9123E-02 5.4262E-02 6.5115E-02 6.6679E-02 6.4165E-02 6.4939E-02 6.4955E-02 6.3251E-02 4.4286E-02 3.9970E-02 1.0519E-02 1.0632E-03 0
 0 3.8590E-04 2.7842E-03 1.2173E-02 2.5501E-02 4.7642E-02 5.6196E-02 5.6116E-02 5.9714E-02 6.3438E-02 4.9408E-02 4.8486E-02 5.1320E-02 5.4601E-02 6.4980E-02 6.8384E-02 6.2625E-02 6.4707E-02 6.4872E-02 6.3073E-02 4.4594E-02 3.9496E-02 1.0179E-02 1.0552E-03 0
 0 3.9696E-04 2.7852E-03 1.2548E-02 2.5209E-02 4.6679E-02 5.6282E-02 5.6693E-02 6.0482E-02 6.3598E-02 4.8694E-02 4.8387E-02 4.9811E-02 5.5369E-02 6.6224E-02 6.9385E-02 6.4607E-02 6.4802E-02 6.6663E-02 6.2853E-02 4.5255E-02 3.8450E-02 1.0302E-02 1.0305E-03 0
 0 4.0449E-04 2.7140E-03 1.1986E-02 2.4474E-02 4.6551E-02 5.6063E-02 5.6873E-02 6.0242E-02 6.2817E-02 5.0361E-02 4.9842E-02 5.1397E-02 5.6438E-02 6.6651E-02 7.0701E-02 6.5426E-02 6.5252E-02 6.5802E-02 6.3479E-02 4.5194E-02 3.9329E-02 1.0232E-02 1.0509E-03 0
 0 3.5827E-04 2.7161E-03 1.2199E-02 2.4523E-02 4.6236E-02 5.5120E-02 5.6687E-02 5.8468E-02 6.3793E-02 4.9883E-02 4.9711E-02 5.1295E-02 5.5809E-02 6.5997E-02 7.0036E-02 6.6022E-02 6.5896E-02 6.6182E-02 6.3810E-02 4.6777E-02 3.8663E-02 1.0539E-02 1.0691E-03 0
 0 3.6731E-04 2.7068E-03 1.1773E-02 2.4702E-02 4.6379E-02 5.6213E-02 5.6537E-02 5.8852E-02 6.2993E-02 5.0135E-02 4.9139E-02 5.1174E-02 5.7454E-02 6.6004E-02 7.1212E-02 6.7502E-02 6.5917E-02 6.7594E-02 6.3667E-02 4.5874E-02 3.8739E-02 1.0274E-02 1.0051E-03 0
 0 3.9294E-04 2.6562E-03 1.1592E-02 2.3620E-02 4.6497E-02 5.4739E-02 5.6155E-02 5.9162E-02 6.2651E-02 5.0065E-02 5.0637E-02 5.2628E-02 5.8138E-02 6.5624E-02 7.1737E-02 6.7091E-02 6.7485E-02 6.8238E-02 6.4158E-02 4.5691E-02 3.8864E-02 1.0305E-02 1.0218E-03 0
 0 3.8389E-04 2.7243E-03 1.1594E-02 2.4235E-02 4.6504E-02 5.4316E-02 5.6086E-02 5.9024E-02 6.2349E-02 5.0746E-02 4.9586E-02 5.1548E-02 5.6897E-02 6.6928E-02 7.1499E-02 6.8070E-02 6.6339E-02 6.6298E-02 6.4222E-02 4.5914E-02 3.8279E-02 1.0206E-02 1.0422E-03 0
 0 3.9243E-04 2.7223E-03 1.1571E-02 2.3580E-02 4.5519E-02 5.3687E-02 5.5432E-02 5.8901E-02 6.2390E-02 5.0852E-02 5.1091E-02 5.1020E-02 5.7414E-02 6.6896E-02 7.1327E-02 6.8885E-02 6.7647E-02 6.7279E-02 6.3760E-02 4.6313E-02 3.7858E-02 9.8628E-03 9.8615E-04 0
 0 3.7887E-04 2.5530E-03 1.1654E-02 2.3696E-02 4.5418E-02 5.3893E-02 5.6852E-02 5.7614E-02 6.2811E-02 5.0716E-02 4.9608E-02 5.2994E-02 5.7137E-02 6.8734E-02 7.2132E-02 7.0996E-02 6.8217E-02 6.8285E-02 6.4635E-02 4.5173E-02 3.8782E-02 1.0010E-02 9.9633E-04 0
 0 3.6480E-04 2.6077E-03 1.1315E-02 2.2532E-02 4.6273E-02 5.3126E-02 5.5864E-02 5.7906E-02 6.3316E-02 5.0723E-02 5.0963E-02 5.1368E-02 6.0067E-02 6.8123E-02 7.2776E-02 7.2477E-02 6.9086E-02 6.7326E-02 6.4350E-02 4.6969E-02 3.8167E-02 9.8146E-03 1.0232E-03 0
 0 3.7535E-04 2.5457E-03 1.1458E-02 2.3171E-02 4.5064E-02 5.2775E-02 5.5555E-02 5.8195E-02 6.0737E-02 5.0869E-02 5.0591E-02 5.2848E-02 5.8091E-02 6.8261E-02 7.4876E-02 7.1794E-02 6.8832E-02 6.8339E-02 6.3361E-02 4.5533E-02 3.7945E-02 9.9531E-03 9.9124E-04 0
 0 3.5877E-04 2.6190E-03 1.1213E-02 2.2904E-02 4.5908E-02 5.2294E-02 5.5852E-02 5.7172E-02 6.1207E-02 5.1971E-02 5.1123E-02 5.3049E-02 5.6890E-02 6.8325E-02 7.5559E-02 7.2686E-02 7.0169E-02 6.8252E-02 6.4411E-02 4.7008E-02 3.8157E-02 1.0004E-02 1.0007E-03 0
 0 3.6430E-04 2.6614E-03 1.1022E-02 2.2710E-02 4.5544E-02 5.1921E-02 5.6251E-02 5.7396E-02 6.1565E-02 5.2350E-02 5.1187E-02 5.3782E-02 5.9204E-02 6.9555E-02 7.6755E-02 7.3504E-02 6.9103E-02 6.8046E-02 6.3009E-02 4.6170E-02 3.8212E-02 9.7333E-03 9.9415E-04 0
 0 3.6882E-04 2.6004E-03 1.1063E-02 2.2845E-02 4.5374E-02 5.1610E-02 5.6387E-02 5.6831E-02 6.1251E-02 5.2450E-02 5.2354E-02 5.2837E-02 6.0500E-02 6.9075E-02 7.6727E-02 7.4640E-02 7.1157E-02 6.9059E-02 6.5617E-02 4.7453E-02 3.7510E-02 9.9336E-03 9.5197E-04 0
 0 3.6681E-04 2.5530E-03 1.1007E-02 2.2304E-02 4.5691E-02 5.2099E-02 5.5723E-02 5.6589E-02 6.0847E-02 5.2533E-02 5.1726E-02 5.3434E-02 5.9990E-02 6.7852E-02 7.6717E-02 7.5410E-02 7.0292E-02 6.8118E-02 6.4148E-02 4.6850E-02 3.7732E-02 9.9366E-03 9.3452E-04 0
 0 3.5173E-04 2.6541E-03 1.0851E-02 2.2473E-02 4.5123E-02 5.0928E-02 5.6251E-02 5.5493E-02 6.1574E-02 5.1729E-02 5.2365E-02 5.4566E-02 5.8444E-02 6.9953E-02 7.6496E-02 7.5960E-02 7.1182E-02 6.9338E-02 6.6133E-02 4.7277E-02 3.7171E-02 9.4096E-03 9.7670E-04 0
 0 3.6379E-04 2.6448E-03 1.0844E-02 2.2328E-02 4.6004E-02 5.2194E-02 5.5954E-02 5.5548E-02 6.0734E-02 5.1507E-02 5.2461E-02 5.4621E-02 5.9863E-02 7.0238E-02 7.8453E-02 7.7051E-02 7.1593E-02 6.8430E-02 6.4358E-02 4.7895E-02 3.7341E-02 9.8417E-03 1.0160E-03 0
 0 3.7786E-04 2.4487E-03 1.0302E-02 2.0942E-02 4.4482E-02 5.0762E-02 5.5231E-02 5.5772E-02 6.1207E-02 5.3293E-02 5.2124E-02 5.3639E-02 5.8520E-02 7.2345E-02 7.8215E-02 7.8078E-02 7.3162E-02 6.9193E-02 6.6475E-02 4.8020E-02 3.7011E-02 9.5677E-03 9.2797E-04 0
 0 3.7786E-04 2.5808E-03 1.0563E-02 2.1264E-02 4.5211E-02 5.1118E-02 5.5615E-02 5.5981E-02 5.9576E-02 5.2695E-02 5.2358E-02 5.5331E-02 5.9637E-02 7.1567E-02 7.9492E-02 7.7984E-02 7.3422E-02 6.9067E-02 6.5635E-02 4.8045E-02 3.6734E-02 9.8176E-03 1.0051E-03 0
 0 3.5274E-04 2.5426E-03 1.0095E-02 2.1213E-02 4.4460E-02 5.0253E-02 5.5432E-02 5.5953E-02 5.9504E-02 5.3051E-02 5.3015E-02 5.4829E-02 6.0857E-02 7.0916E-02 7.9636E-02 7.9670E-02 7.2951E-02 7.0388E-02 6.4564E-02 4.8331E-02 3.6652E-02 1.0018E-02 9.1125E-04 0
 0 3.5173E-04 2.5870E-03 1.0445E-02 2.0685E-02 4.4445E-02 4.9285E-02 5.5696E-02 5.5634E-02 5.9479E-02 5.4641E-02 5.3064E-02 5.6474E-02 6.1304E-02 7.1439E-02 7.9891E-02 7.9231E-02 7.2655E-02 7.0192E-02 6.4518E-02 4.8706E-02 3.5858E-02 9.6866E-03 1.0029E-03 0
 0 3.7384E-04 2.5468E-03 1.0363E-02 2.0613E-02 4.4056E-02 5.0066E-02 5.5915E-02 5.5941E-02 5.9805E-02 5.2858E-02 5.2621E-02 5.7298E-02 6.2807E-02 7.2022E-02 8.1029E-02 7.9702E-02 7.4115E-02 7.0960E-02 6.5357E-02 4.7926E-02 3.6222E-02 9.8794E-03 9.0543E-04 0
 0 3.5425E-04 2.4198E-03 1.0149E-02 2.0334E-02 4.4527E-02 4.9065E-02 5.6236E-02 5.5075E-02 5.9648E-02 5.3459E-02 5.3483E-02 5.5405E-02 6.1290E-02 7.1976E-02 8.1379E-02 8.1221E-02 7.4660E-02 7.0735E-02 6.5329E-02 4.8883E-02 3.6105E-02 9.7047E-03 9.3597E-04 0
 0 3.3013E-04 2.4662E-03 9.9897E-03 2.0289E-02 4.3854E-02 4.9001E-02 5.5123E-02 5.4501E-02 5.9472E-02 5.3263E-02 5.4179E-02 5.6741E-02 6.2069E-02 7.3849E-02 8.2863E-02 8.0945E-02 7.4808E-02 7.2244E-02 6.4809E-02 4.8703E-02 3.6636E-02 9.7213E-03 9.3597E-04 0
 0 3.6731E-04 2.5912E-03 1.0078E-02 2.0223E-02 4.4113E-02 4.7869E-02 5.5699E-02 5.4179E-02 5.9777E-02 5.3871E-02 5.3210E-02 5.6892E-02 6.2065E-02 7.3323E-02 8.2670E-02 8.3050E-02 7.5800E-02 7.1177E-02 6.4884E-02 4.8362E-02 3.5970E-02 9.5165E-03 9.3670E-04 0
 0 3.4118E-04 2.5364E-03 9.8705E-03 2.0044E-02 4.4246E-02 4.7327E-02 5.5294E-02 5.3887E-02 5.9190E-02 5.3545E-02 5.5289E-02 5.6456E-02 6.2967E-02 7.3138E-02 8.2418E-02 8.4192E-02 7.6246E-02 7.0934E-02 6.5478E-02 4.9063E-02 3.5796E-02 9.5361E-03 8.8434E-04 0
 0 3.4972E-04 2.4270E-03 9.8937E-03 1.9245E-02 4.3571E-02 4.8061E-02 5.4942E-02 5.3473E-02 5.9046E-02 5.4057E-02 5.3504E-02 5.6719E-02 6.2207E-02 7.4165E-02 8.3398E-02 8.4478E-02 7.6493E-02 7.2118E-02 6.4404E-02 4.8402E-02 3.6343E-02 9.7770E-03 9.8033E-04 0
 0 3.5324E-04 2.4353E-03 9.4602E-03 1.9115E-02 4.4463E-02 4.7318E-02 5.3862E-02 5.3206E-02 5.9745E-02 5.4698E-02 5.4771E-02 5.7324E-02 6.4205E-02 7.2996E-02 8.4966E-02 8.4426E-02 7.7175E-02 7.2121E-02 6.4955E-02 4.8932E-02 3.5679E-02 9.7062E-03 9.9052E-04 0
 0 3.5676E-04 2.4683E-03 9.5593E-03 1.9327E-02 4.3121E-02 4.7332E-02 5.5093E-02 5.2662E-02 5.8826E-02 5.5983E-02 5.4764E-02 5.7972E-02 6.3546E-02 7.4293E-02 8.3706E-02 8.4725E-02 7.9064E-02 7.2541E-02 6.5140E-02 4.9828E-02 3.5247E-02 9.4533E-03 9.2434E-04 0
 0 3.5575E-04 2.3155E-03 9.5779E-03 1.9037E-02 4.3155E-02 4.7966E-02 5.4609E-02 5.2770E-02 5.9507E-02 5.5704E-02 5.4711E-02 5.9049E-02 6.3411E-02 7.4780E-02 8.6086E-02 8.6349E-02 7.7783E-02 7.3746E-02 6.4600E-02 5.0075E-02 3.6025E-02 9.5888E-03 8.5525E-04 0
 0 3.3113E-04 2.4012E-03 9.6940E-03 1.8741E-02 4.2530E-02 4.6489E-02 5.5930E-02 5.3549E-02 5.8290E-02 5.5076E-02 5.4938E-02 5.8364E-02 6.1672E-02 7.4108E-02 8.5502E-02 8.8240E-02 7.7875E-02 7.1506E-02 6.4966E-02 4.9124E-02 3.5663E-02 9.3253E-03 8.7343E-04 0
 0 3.2912E-04 2.4177E-03 9.2171E-03 1.8608E-02 4.3660E-02 4.6247E-02 5.4927E-02 5.1990E-02 5.8723E-02 5.5611E-02 5.4682E-02 5.8566E-02 6.4813E-02 7.4187E-02 8.6289E-02 8.8773E-02 8.0882E-02 7.2675E-02 6.5678E-02 4.9075E-02 3.5725E-02 9.4653E-03 8.8434E-04 0
 0 3.4972E-04 2.4012E-03 9.3038E-03 1.8274E-02 4.2525E-02 4.6164E-02 5.4399E-02 5.2647E-02 5.7901E-02 5.5873E-02 5.5609E-02 5.9067E-02 6.6134E-02 7.4279E-02 8.8277E-02 8.7467E-02 7.9683E-02 7.3377E-02 6.5087E-02 4.9609E-02 3.6194E-02 9.2335E-03 9.0325E-04 0
 0 3.4420E-04 2.4404E-03 9.2636E-03 1.8335E-02 4.3276E-02 4.5647E-02 5.4747E-02 5.3107E-02 5.8359E-02 5.6175E-02 5.4764E-02 6.0031E-02 6.3612E-02 7.4659E-02 8.7178E-02 8.9749E-02 7.9443E-02 7.1578E-02 6.6592E-02 5.0133E-02 3.4890E-02 9.5316E-03 9.0834E-04 0
 0 3.6781E-04 2.5096E-03 9.1924E-03 1.8053E-02 4.3404E-02 4.6384E-02 5.5306E-02 5.2100E-02 5.7210E-02 5.6461E-02 5.5314E-02 5.9851E-02 6.5781E-02 7.6550E-02 8.7241E-02 9.0557E-02 8.0013E-02 7.3851E-02 6.5297E-02 5.0597E-02 3.4423E-02 9.4367E-03 9.0616E-04 0
 0 3.3465E-04 2.4869E-03 9.2481E-03 1.8263E-02 4.2074E-02 4.5232E-02 5.4399E-02 5.1376E-02 5.8701E-02 5.6753E-02 5.5442E-02 6.0254E-02 6.6043E-02 7.6067E-02 8.7203E-02 8.9163E-02 8.1399E-02 7.3178E-02 6.5180E-02 4.9499E-02 3.4371E-02 9.2064E-03 8.1961E-04 0
 0 3.2711E-04 2.3702E-03 9.0437E-03 1.7735E-02 4.2187E-02 4.4988E-02 5.4552E-02 5.1225E-02 5.7571E-02 5.7012E-02 5.6879E-02 5.9591E-02 6.5620E-02 7.6401E-02 8.8445E-02 9.2525E-02 8.2046E-02 7.4177E-02 6.5717E-02 5.0039E-02 3.5126E-02 9.2726E-03 8.9961E-04 0
 0 3.2711E-04 2.3444E-03 8.9353E-03 1.7831E-02 4.1614E-02 4.4779E-02 5.3156E-02 5.0528E-02 5.7091E-02 5.7321E-02 5.6585E-02 6.0265E-02 6.5337E-02 7.7617E-02 9.0030E-02 9.2347E-02 8.1445E-02 7.3298E-02 6.5546E-02 5.1075E-02 3.4082E-02 9.1898E-03 8.8506E-04 0
 0 3.2209E-04 2.3888E-03 8.9787E-03 1.8033E-02 4.2042E-02 4.3858E-02 5.3273E-02 5.0682E-02 5.7138E-02 5.7248E-02 5.7575E-02 6.1027E-02 6.5602E-02 7.8587E-02 8.9715E-02 9.3048E-02 8.3101E-02 7.4644E-02 6.6386E-02 5.1938E-02 3.4318E-02 9.3088E-03 8.8361E-04 0
 0 3.5575E-04 2.4353E-03 8.8564E-03 1.6855E-02 4.1557E-02 4.4467E-02 5.3775E-02 4.9785E-02 5.6856E-02 5.7075E-02 5.7323E-02 6.1122E-02 6.6938E-02 7.8420E-02 9.1007E-02 9.3978E-02 8.1388E-02 7.5234E-02 6.7521E-02 5.1466E-02 3.4178E-02 9.1672E-03 8.8070E-04 0
 0 3.2259E-04 2.3197E-03 8.6520E-03 1.7618E-02 4.1069E-02 4.3491E-02 5.3580E-02 5.0178E-02 5.6244E-02 5.7328E-02 5.6929E-02 6.2353E-02 6.7378E-02 7.7954E-02 9.2361E-02 9.4653E-02 8.3840E-02 7.4373E-02 6.5528E-02 5.1728E-02 3.4334E-02 9.2952E-03 8.8361E-04 0
 0 3.3063E-04 2.3806E-03 8.5204E-03 1.6728E-02 4.1104E-02 4.4042E-02 5.4684E-02 5.0697E-02 5.6621E-02 5.7158E-02 5.8551E-02 6.2254E-02 6.6931E-02 7.8150E-02 9.2368E-02 9.5298E-02 8.3583E-02 7.4166E-02 6.6332E-02 5.0902E-02 3.3837E-02 9.1401E-03 8.5888E-04 0
 0 3.2661E-04 2.3351E-03 8.6969E-03 1.6767E-02 4.1087E-02 4.3614E-02 5.3423E-02 4.9712E-02 5.6097E-02 5.7115E-02 5.8668E-02 6.1631E-02 6.7316E-02 7.8743E-02 9.1861E-02 9.7844E-02 8.3492E-02 7.4966E-02 6.7884E-02 5.0981E-02 3.3297E-02 9.1838E-03 8.6761E-04 0
 0 3.2862E-04 2.2980E-03 8.6133E-03 1.6383E-02 4.1441E-02 4.3583E-02 5.3417E-02 4.9288E-02 5.6417E-02 5.7998E-02 5.7493E-02 6.2968E-02 6.7404E-02 7.8001E-02 9.3170E-02 9.4319E-02 8.3724E-02 7.5759E-02 6.6336E-02 5.2246E-02 3.3549E-02 8.9670E-03 9.0906E-04 0
 0 3.2510E-04 2.3228E-03 8.3098E-03 1.6608E-02 4.1966E-02 4.2818E-02 5.3120E-02 4.9706E-02 5.6777E-02 5.8971E-02 5.8579E-02 6.3419E-02 6.7870E-02 7.8267E-02 9.2970E-02 9.7827E-02 8.2222E-02 7.4510E-02 6.6197E-02 5.1572E-02 3.3835E-02 8.9218E-03 8.4070E-04 0
 0 3.3264E-04 2.3248E-03 8.5157E-03 1.7210E-02 3.9991E-02 4.2112E-02 5.3081E-02 4.9807E-02 5.5930E-02 5.7776E-02 5.7635E-02 6.2360E-02 6.8441E-02 7.8829E-02 9.2998E-02 9.8360E-02 8.5992E-02 7.5668E-02 6.6329E-02 5.1450E-02 3.3446E-02 9.0844E-03 8.9888E-04 0
 0 3.3515E-04 2.4115E-03 8.4213E-03 1.6385E-02 4.0178E-02 4.1797E-02 5.2994E-02 4.9184E-02 5.5312E-02 5.8088E-02 5.8689E-02 6.2782E-02 6.9329E-02 7.9892E-02 9.3695E-02 9.9646E-02 8.5451E-02 7.7597E-02 6.6802E-02 5.1932E-02 3.3952E-02 8.9805E-03 8.3707E-04 0
 0 3.3113E-04 2.3919E-03 8.4166E-03 1.6155E-02 4.0685E-02 4.0991E-02 5.2853E-02 4.9402E-02 5.5196E-02 5.8510E-02 5.9186E-02 6.3104E-02 6.8900E-02 7.8296E-02 9.3632E-02 9.9949E-02 8.5538E-02 7.6117E-02 6.5909E-02 5.1752E-02 3.3698E-02 9.0092E-03 8.5452E-04 0
 0 3.5123E-04 2.2556E-03 8.1937E-03 1.5926E-02 4.0550E-02 4.1580E-02 5.3054E-02 4.8548E-02 5.4619E-02 5.9137E-02 5.8160E-02 6.3499E-02 6.9336E-02 8.1616E-02 9.4748E-02 1.0098E-01 8.5792E-02 7.5748E-02 6.5998E-02 5.1011E-02 3.4300E-02 8.8481E-03 8.2834E-04 0
 0 3.3013E-04 2.1875E-03 8.2448E-03 1.6057E-02 4.0358E-02 4.1116E-02 5.2895E-02 4.8668E-02 5.5792E-02 5.8945E-02 5.8252E-02 6.5488E-02 6.9005E-02 8.0201E-02 9.5973E-02 9.9151E-02 8.7621E-02 7.6454E-02 6.7051E-02 5.1475E-02 3.3320E-02 8.8285E-03 8.9379E-04 0
 0 3.2108E-04 2.2319E-03 8.0110E-03 1.5881E-02 3.9700E-02 4.1450E-02 5.2907E-02 4.9626E-02 5.3885E-02 6.0462E-02 5.9505E-02 6.5668E-02 7.0315E-02 7.9330E-02 9.5060E-02 1.0067E-01 8.7684E-02 7.5346E-02 6.7233E-02 5.2240E-02 3.3007E-02 8.9414E-03 8.5597E-04 0
 0 2.8892E-04 2.2949E-03 8.0280E-03 1.5665E-02 3.9722E-02 4.0918E-02 5.2147E-02 4.8048E-02 5.4685E-02 5.8457E-02 5.8991E-02 6.4983E-02 7.1112E-02 8.1257E-02 9.5480E-02 1.0321E-01 8.7086E-02 7.4738E-02 6.7346E-02 5.1816E-02 3.3437E-02 8.7622E-03 8.4288E-04 0
 0 3.2661E-04 2.2887E-03 7.8685E-03 1.5834E-02 4.0525E-02 4.0677E-02 5.2829E-02 4.8253E-02 5.4553E-02 5.8709E-02 5.9118E-02 6.4393E-02 7.0523E-02 8.2039E-02 9.6218E-02 1.0177E-01 8.8475E-02 7.6016E-02 6.6428E-02 5.2267E-02 3.3037E-02 8.6704E-03 7.9343E-04 0
 0 3.1857E-04 2.2660E-03 7.8995E-03 1.5420E-02 3.9141E-02 3.9180E-02 5.1553E-02 4.7557E-02 5.3574E-02 5.9051E-02 6.0190E-02 6.6067E-02 7.0690E-02 8.2479E-02 1.0039E-01 1.0487E-01 8.8658E-02 7.9012E-02 6.6382E-02 5.2356E-02 3.2767E-02 8.7020E-03 8.2688E-04 0
 0 2.7787E-04 2.3341E-03 7.6688E-03 1.5220E-02 3.9961E-02 3.9898E-02 5.2604E-02 4.7431E-02 5.3110E-02 6.0446E-02 5.9349E-02 6.5869E-02 7.1589E-02 8.1114E-02 9.7247E-02 1.0569E-01 8.9580E-02 7.7199E-02 6.5955E-02 5.2874E-02 3.1696E-02 8.6900E-03 8.0507E-04 0
 0 3.2560E-04 2.3300E-03 7.8794E-03 1.5248E-02 3.9523E-02 3.9656E-02 5.2114E-02 4.7259E-02 5.4377E-02 5.9413E-02 6.0428E-02 6.5397E-02 7.2561E-02 8.1633E-02 9.6201E-02 1.0403E-01 8.8138E-02 7.9201E-02 6.6937E-02 5.3465E-02 3.1693E-02 8.4551E-03 8.3343E-04 0
 0 3.3113E-04 2.2484E-03 7.7664E-03 1.4701E-02 3.8873E-02 3.9019E-02 5.2144E-02 4.6691E-02 5.4252E-02 5.9732E-02 6.0066E-02 6.7188E-02 7.2004E-02 8.3645E-02 9.9396E-02 1.0497E-01 8.8109E-02 7.8068E-02 6.6357E-02 5.2365E-02 3.2366E-02 8.6719E-03 8.5961E-04 0
 0 3.0551E-04 2.1989E-03 7.6394E-03 1.4907E-02 3.9193E-02 3.9469E-02 5.2343E-02 4.6540E-02 5.4588E-02 5.9948E-02 6.0020E-02 6.6258E-02 7.2084E-02 8.1953E-02 9.9298E-02 1.0572E-01 9.0705E-02 7.8375E-02 6.6574E-02 5.3273E-02 3.2037E-02 8.4867E-03 8.3052E-04 0
 0 3.1958E-04 2.1834E-03 7.6781E-03 1.4881E-02 3.8760E-02 3.8318E-02 5.2141E-02 4.7400E-02 5.3169E-02 5.8945E-02 6.2195E-02 6.5932E-02 7.2994E-02 8.2177E-02 1.0075E-01 1.0540E-01 9.2337E-02 7.8097E-02 6.8392E-02 5.3374E-02 3.2236E-02 8.5289E-03 7.9998E-04 0
 0 3.3465E-04 2.2691E-03 7.7524E-03 1.4742E-02 3.8206E-02 3.8944E-02 5.1670E-02 4.6838E-02 5.3216E-02 5.9808E-02 6.0545E-02 6.7085E-02 7.2801E-02 8.3759E-02 1.0046E-01 1.0731E-01 9.1222E-02 7.7275E-02 6.7464E-02 5.3917E-02 3.2165E-02 8.4641E-03 8.7343E-04 0
 0 3.2008E-04 2.1741E-03 7.4490E-03 1.4364E-02 3.8747E-02 3.7481E-02 5.3018E-02 4.6405E-02 5.3119E-02 6.0761E-02 6.1141E-02 6.7243E-02 7.3183E-02 8.2959E-02 1.0214E-01 1.0664E-01 9.1672E-02 8.0735E-02 6.6791E-02 5.3493E-02 3.1936E-02 8.6207E-03 9.0034E-04 0
 0 2.9144E-04 2.1855E-03 7.3839E-03 1.4336E-02 3.8161E-02 3.7834E-02 5.2072E-02 4.6206E-02 5.2238E-02 6.0419E-02 6.0644E-02 6.8188E-02 7.3674E-02 8.5046E-02 1.0127E-01 1.0858E-01 8.9625E-02 7.7916E-02 6.6635E-02 5.2392E-02 3.1645E-02 8.5680E-03 7.8543E-04 0
 0 3.1656E-04 2.1875E-03 7.3204E-03 1.3933E-02 3.8725E-02 3.7684E-02 5.1043E-02 4.6482E-02 5.3314E-02 6.1575E-02 6.0769E-02 6.7587E-02 7.4682E-02 8.3965E-02 1.0280E-01 1.0703E-01 9.0515E-02 7.8850E-02 6.6542E-02 5.2365E-02 3.1721E-02 8.4973E-03 8.1816E-04 0
 0 3.0852E-04 2.0688E-03 7.4102E-03 1.4044E-02 3.7750E-02 3.6811E-02 5.1673E-02 4.5889E-02 5.2805E-02 6.0110E-02 6.2025E-02 6.7221E-02 7.3798E-02 8.5231E-02 1.0255E-01 1.0921E-01 9.1781E-02 7.8915E-02 6.7848E-02 5.3219E-02 3.1606E-02 8.5349E-03 7.8543E-04 0
 0 3.2761E-04 2.1607E-03 7.3297E-03 1.3497E-02 3.7841E-02 3.7737E-02 5.1745E-02 4.5186E-02 5.1773E-02 6.2196E-02 6.2149E-02 6.9430E-02 7.5374E-02 8.3396E-02 1.0160E-01 1.0971E-01 9.3199E-02 7.9201E-02 6.7877E-02 5.3813E-02 3.0995E-02 8.2323E-03 8.3488E-04 0
 0 2.9345E-04 2.1937E-03 7.0990E-03 1.4297E-02 3.7489E-02 3.7002E-02 5.0821E-02 4.4747E-02 5.1905E-02 5.9665E-02 6.1634E-02 6.8203E-02 7.4766E-02 8.5177E-02 1.0287E-01 1.1017E-01 9.3188E-02 7.9331E-02 6.6709E-02 5.2725E-02 3.1570E-02 8.3798E-03 8.1161E-04 0
 0 3.2008E-04 2.0740E-03 7.2523E-03 1.3764E-02 3.7814E-02 3.7256E-02 5.1262E-02 4.5113E-02 5.1874E-02 6.1947E-02 6.2486E-02 6.8979E-02 7.4810E-02 8.5590E-02 1.0450E-01 1.1032E-01 9.5077E-02 7.8857E-02 6.7848E-02 5.4048E-02 3.1449E-02 8.1841E-03 7.7743E-04 0
 0 3.1958E-04 2.0791E-03 6.9814E-03 1.3523E-02 3.6876E-02 3.7236E-02 5.1034E-02 4.5067E-02 5.2485E-02 6.1462E-02 6.2820E-02 6.9712E-02 7.6677E-02 8.6059E-02 1.0415E-01 1.0896E-01 9.5453E-02 7.9823E-02 6.6186E-02 5.3225E-02 3.0499E-02 8.3934E-03 7.7089E-04 0
 0 3.0450E-04 2.1091E-03 7.0092E-03 1.3656E-02 3.6777E-02 3.6738E-02 5.0247E-02 4.5358E-02 5.1143E-02 6.1209E-02 6.2586E-02 6.9715E-02 7.5993E-02 8.6084E-02 1.0322E-01 1.1111E-01 9.5446E-02 7.9747E-02 6.6596E-02 5.3304E-02 3.0604E-02 8.2970E-03 7.8034E-04 0
 0 3.4269E-04 2.1947E-03 6.9876E-03 1.3270E-02 3.6602E-02 3.5876E-02 5.1073E-02 4.4824E-02 5.1667E-02 6.2050E-02 6.3029E-02 6.9063E-02 7.5647E-02 8.5721E-02 1.0450E-01 1.1089E-01 9.2432E-02 7.9881E-02 6.6902E-02 5.3798E-02 3.1128E-02 8.2910E-03 7.7161E-04 0
 0 2.9797E-04 2.1803E-03 6.9272E-03 1.3243E-02 3.7536E-02 3.6866E-02 5.0658E-02 4.4428E-02 5.0873E-02 6.0635E-02 6.2628E-02 7.0012E-02 7.6764E-02 8.5757E-02 1.0540E-01 1.1187E-01 9.3649E-02 7.9830E-02 6.8492E-02 5.4234E-02 3.0293E-02 8.2007E-03 7.7598E-04 0
 0 2.9244E-04 2.1565E-03 6.7847E-03 1.3252E-02 3.6883E-02 3.5417E-02 5.0544E-02 4.4496E-02 5.0183E-02 6.0559E-02 6.3011E-02 7.0034E-02 7.6891E-02 8.5486E-02 1.0510E-01 1.1065E-01 9.5158E-02 7.9526E-02 6.6813E-02 5.3694E-02 3.0229E-02 8.2985E-03 7.6434E-04 0
 0 2.9596E-04 2.1245E-03 6.7166E-03 1.2943E-02 3.6061E-02 3.5876E-02 5.1058E-02 4.4781E-02 5.1551E-02 6.1249E-02 6.3171E-02 7.0840E-02 7.6298E-02 8.7168E-02 1.0634E-01 1.1451E-01 9.6895E-02 7.9465E-02 6.7681E-02 5.4868E-02 2.9904E-02 8.2157E-03 7.6652E-04 0
 0 3.0048E-04 2.2443E-03 6.7011E-03 1.2927E-02 3.7065E-02 3.5676E-02 5.0256E-02 4.3636E-02 5.0164E-02 6.2079E-02 6.2270E-02 7.1060E-02 7.7026E-02 8.5845E-02 1.0548E-01 1.1262E-01 9.6104E-02 8.1365E-02 6.8065E-02 5.3859E-02 3.0014E-02 7.7731E-03 7.7307E-04 0
 0 3.0551E-04 2.1514E-03 6.6438E-03 1.2492E-02 3.5699E-02 3.4827E-02 5.0791E-02 4.3139E-02 4.9634E-02 6.1694E-02 6.3118E-02 7.1598E-02 7.7616E-02 8.7992E-02 1.0467E-01 1.1551E-01 9.5010E-02 7.9461E-02 6.5276E-02 5.4380E-02 3.0316E-02 8.2534E-03 7.5780E-04 0
 0 3.0500E-04 2.0740E-03 6.5649E-03 1.2510E-02 3.6157E-02 3.4605E-02 4.9644E-02 4.3943E-02 5.0744E-02 6.1970E-02 6.2649E-02 7.1052E-02 7.9144E-02 8.7171E-02 1.0742E-01 1.1487E-01 9.6765E-02 8.2190E-02 6.6645E-02 5.3066E-02 3.0284E-02 8.1540E-03 7.5052E-04 0
 0 2.9646E-04 2.1029E-03 6.4751E-03 1.2582E-02 3.5497E-02 3.4163E-02 4.8023E-02 4.3458E-02 4.9954E-02 6.3145E-02 6.4122E-02 7.1708E-02 7.7812E-02 8.7125E-02 1.0710E-01 1.1501E-01 9.7848E-02 8.1727E-02 6.8044E-02 5.3715E-02 2.9801E-02 8.1600E-03 7.4761E-04 0
 0 2.7435E-04 2.1029E-03 6.3264E-03 1.2353E-02 3.5450E-02 3.4855E-02 4.9127E-02 4.1653E-02 4.9574E-02 6.1947E-02 6.3480E-02 7.1990E-02 7.8060E-02 9.0672E-02 1.0789E-01 1.1526E-01 9.5815E-02 8.1640E-02 6.7268E-02 5.3691E-02 2.9446E-02 8.1420E-03 7.7161E-04 0
 0 2.7837E-04 2.1906E-03 6.5293E-03 1.2419E-02 3.5061E-02 3.4750E-02 4.8908E-02 4.2264E-02 5.0217E-02 6.2332E-02 6.3373E-02 7.1759E-02 7.8238E-02 8.8195E-02 1.0781E-01 1.1719E-01 9.6684E-02 8.0619E-02 6.7403E-02 5.4194E-02 2.9261E-02 7.9748E-03 7.2434E-04 0
 0 3.1103E-04 2.0451E-03 6.2444E-03 1.2116E-02 3.5440E-02 3.4074E-02 4.9587E-02 4.2439E-02 5.0292E-02 6.3092E-02 6.4296E-02 7.2679E-02 7.9268E-02 8.9087E-02 1.0788E-01 1.1592E-01 9.7134E-02 8.1474E-02 6.7133E-02 5.5097E-02 2.9547E-02 7.8619E-03 7.1634E-04 0
 0 3.1757E-04 2.1400E-03 6.3853E-03 1.1727E-02 3.5179E-02 3.4410E-02 4.8968E-02 4.2475E-02 4.8413E-02 6.2435E-02 6.4111E-02 7.1580E-02 7.8649E-02 8.8742E-02 1.0802E-01 1.1513E-01 9.7423E-02 8.0609E-02 6.6574E-02 5.4615E-02 2.9133E-02 7.8378E-03 7.3743E-04 0
 0 2.8842E-04 2.0254E-03 6.2955E-03 1.1955E-02 3.4379E-02 3.3487E-02 4.8965E-02 4.1462E-02 4.8689E-02 6.2641E-02 6.4261E-02 7.3664E-02 7.7477E-02 9.0466E-02 1.0875E-01 1.1754E-01 9.9656E-02 8.1369E-02 6.6403E-02 5.2914E-02 2.8632E-02 8.1058E-03 7.5852E-04 0
 0 2.8139E-04 2.1338E-03 6.2676E-03 1.2014E-02 3.4921E-02 3.3017E-02 4.8605E-02 4.2730E-02 4.8699E-02 6.1880E-02 6.3796E-02 7.2023E-02 8.1157E-02 9.0847E-02 1.0915E-01 1.1724E-01 9.8903E-02 8.2205E-02 6.7208E-02 5.3222E-02 2.8746E-02 7.9417E-03 7.9707E-04 0
 0 3.2711E-04 2.0100E-03 6.2722E-03 1.1892E-02 3.5243E-02 3.3301E-02 4.9031E-02 4.2218E-02 4.8695E-02 6.2275E-02 6.3334E-02 7.2627E-02 8.0876E-02 8.9773E-02 1.0768E-01 1.1986E-01 1.0010E-01 8.0377E-02 6.7901E-02 5.4706E-02 2.8700E-02 7.7309E-03 7.0471E-04 0
 0 3.0902E-04 1.9986E-03 6.2057E-03 1.1712E-02 3.4367E-02 3.2605E-02 4.9211E-02 4.1840E-02 4.8595E-02 6.2531E-02 6.4835E-02 7.3085E-02 8.0189E-02 8.9830E-02 1.0908E-01 1.1933E-01 1.0151E-01 8.2237E-02 6.7279E-02 5.4465E-02 2.8689E-02 7.8092E-03 7.2871E-04 0
 0 3.1857E-04 2.0998E-03 6.1917E-03 1.1690E-02 3.4226E-02 3.3031E-02 4.8401E-02 4.1527E-02 4.7585E-02 6.3142E-02 6.5623E-02 7.2891E-02 7.9413E-02 8.9386E-02 1.0881E-01 1.1722E-01 9.8763E-02 8.1604E-02 6.7681E-02 5.4005E-02 2.8213E-02 7.8243E-03 7.5561E-04 0
 0 2.9144E-04 2.0832E-03 6.0539E-03 1.1645E-02 3.4115E-02 3.2950E-02 4.7935E-02 4.0950E-02 4.8925E-02 6.1880E-02 6.5034E-02 7.4766E-02 8.1128E-02 9.0481E-02 1.0873E-01 1.1872E-01 1.0071E-01 8.2197E-02 6.7414E-02 5.4039E-02 2.8478E-02 7.8981E-03 7.1634E-04 0
 0 2.6682E-04 1.8747E-03 6.0771E-03 1.1449E-02 3.4093E-02 3.2349E-02 4.7845E-02 4.1189E-02 4.7638E-02 6.3431E-02 6.4913E-02 7.4034E-02 8.2128E-02 9.0118E-02 1.0898E-01 1.1998E-01 1.0037E-01 8.2986E-02 6.6240E-02 5.3502E-02 2.7922E-02 8.0531E-03 7.0616E-04 0
 0 2.8390E-04 2.0100E-03 5.9362E-03 1.1124E-02 3.4399E-02 3.2199E-02 4.8137E-02 4.1165E-02 4.8278E-02 6.2969E-02 6.4853E-02 7.4869E-02 8.3391E-02 8.9816E-02 1.1058E-01 1.1970E-01 1.0185E-01 8.4279E-02 6.6250E-02 5.4334E-02 2.7778E-02 7.5443E-03 7.1416E-04 0
 0 2.9747E-04 2.0368E-03 5.7504E-03 1.1377E-02 3.4913E-02 3.1821E-02 4.8269E-02 4.0403E-02 4.6929E-02 6.3285E-02 6.6869E-02 7.4968E-02 8.0978E-02 9.1003E-02 1.1041E-01 1.2066E-01 1.0230E-01 8.2925E-02 6.7962E-02 5.4072E-02 2.7305E-02 7.8348E-03 6.9598E-04 0
 0 3.0149E-04 2.0853E-03 5.8495E-03 1.1061E-02 3.2768E-02 3.1404E-02 4.7857E-02 4.0904E-02 4.7004E-02 6.3541E-02 6.5865E-02 7.4752E-02 8.1670E-02 9.1479E-02 1.1151E-01 1.2120E-01 1.0258E-01 8.2986E-02 6.6272E-02 5.4395E-02 2.8222E-02 7.7234E-03 7.7307E-04 0
 0 2.6983E-04 2.0347E-03 5.8573E-03 1.1190E-02 3.3847E-02 3.1056E-02 4.7680E-02 4.0348E-02 4.7011E-02 6.2614E-02 6.5368E-02 7.3433E-02 8.2809E-02 9.1771E-02 1.0866E-01 1.1878E-01 1.0395E-01 8.2632E-02 6.6357E-02 5.3703E-02 2.7685E-02 7.6376E-03 7.2943E-04 0
 0 3.0902E-04 2.0605E-03 5.5708E-03 1.1335E-02 3.2633E-02 3.1918E-02 4.7530E-02 4.0725E-02 4.7566E-02 6.2388E-02 6.7426E-02 7.4704E-02 8.3358E-02 9.1700E-02 1.1123E-01 1.2143E-01 1.0293E-01 8.4633E-02 6.6055E-02 5.3228E-02 2.7183E-02 7.4660E-03 7.0325E-04 0
 0 3.1706E-04 2.0399E-03 5.8310E-03 1.0961E-02 3.3278E-02 3.1598E-02 4.7269E-02 4.0293E-02 4.6876E-02 6.2953E-02 6.5112E-02 7.5037E-02 8.2289E-02 9.1856E-02 1.1255E-01 1.2290E-01 1.0063E-01 8.3442E-02 6.6492E-02 5.4115E-02 2.7636E-02 7.6030E-03 7.3961E-04 0
 0 2.8088E-04 1.9583E-03 5.7690E-03 1.0622E-02 3.2928E-02 3.0939E-02 4.7839E-02 3.9897E-02 4.5630E-02 6.4045E-02 6.5460E-02 7.5312E-02 8.3439E-02 9.1582E-02 1.1225E-01 1.2200E-01 1.0318E-01 8.3808E-02 6.6307E-02 5.4170E-02 2.7435E-02 7.6963E-03 7.0834E-04 0
 0 2.9847E-04 1.9573E-03 5.8464E-03 1.0555E-02 3.3281E-02 3.0219E-02 4.6248E-02 3.9270E-02 4.6286E-02 6.3458E-02 6.6422E-02 7.5708E-02 8.1586E-02 9.2606E-02 1.1320E-01 1.1976E-01 1.0262E-01 8.3059E-02 6.7453E-02 5.4127E-02 2.6682E-02 7.5924E-03 6.9452E-04 0
 0 2.7686E-04 2.0502E-03 5.6839E-03 1.0838E-02 3.2783E-02 3.0831E-02 4.6416E-02 3.9494E-02 4.5706E-02 6.2518E-02 6.6159E-02 7.5561E-02 8.4476E-02 9.2496E-02 1.1143E-01 1.2208E-01 1.0349E-01 8.4438E-02 6.6311E-02 5.3377E-02 2.6874E-02 7.4720E-03 7.0034E-04 0
 0 2.8792E-04 1.9098E-03 5.4640E-03 1.0316E-02 3.2857E-02 3.0388E-02 4.6239E-02 3.9154E-02 4.6490E-02 6.3268E-02 6.6510E-02 7.6620E-02 8.3479E-02 8.9951E-02 1.1375E-01 1.2160E-01 1.0396E-01 8.2773E-02 6.5261E-02 5.3164E-02 2.7213E-02 7.5443E-03 6.7053E-04 0
 0 3.1857E-04 1.9728E-03 5.6452E-03 1.0346E-02 3.3143E-02 3.0222E-02 4.6125E-02 3.8988E-02 4.5737E-02 6.3803E-02 6.6315E-02 7.5279E-02 8.3369E-02 9.2020E-02 1.1171E-01 1.2408E-01 1.0389E-01 8.3703E-02 6.6186E-02 5.3530E-02 2.6772E-02 7.5232E-03 7.0616E-04 0
 0 2.6832E-04 1.8830E-03 5.7086E-03 1.0402E-02 3.2456E-02 3.0210E-02 4.6089E-02 3.9157E-02 4.5903E-02 6.2518E-02 6.5825E-02 7.6319E-02 8.3642E-02 9.3665E-02 1.1405E-01 1.2354E-01 1.0313E-01 8.3233E-02 6.6749E-02 5.4066E-02 2.7131E-02 7.5789E-03 6.9016E-04 0
 0 2.8340E-04 1.9356E-03 5.5058E-03 1.0675E-02 3.2113E-02 3.0299E-02 4.5774E-02 3.9172E-02 4.5938E-02 6.2763E-02 6.6720E-02 7.5898E-02 8.4057E-02 9.3370E-02 1.1378E-01 1.2177E-01 1.0609E-01 8.4257E-02 6.6610E-02 5.3127E-02 2.7293E-02 7.5051E-03 6.2980E-04 0
 0 2.9244E-04 2.0223E-03 5.3974E-03 1.0395E-02 3.2116E-02 2.9293E-02 4.6281E-02 3.8242E-02 4.5135E-02 6.3325E-02 6.5900E-02 7.6444E-02 8.3093E-02 9.1803E-02 1.1505E-01 1.2220E-01 1.0307E-01 8.3352E-02 6.4852E-02 5.3039E-02 2.6767E-02 7.5714E-03 6.7853E-04 0
 0 2.8088E-04 1.9707E-03 5.4129E-03 1.0265E-02 3.2000E-02 2.9676E-02 4.4819E-02 3.8245E-02 4.4912E-02 6.4553E-02 6.6510E-02 7.6015E-02 8.3191E-02 9.2457E-02 1.1452E-01 1.2299E-01 1.0434E-01 8.4528E-02 6.6962E-02 5.3557E-02 2.6399E-02 7.3636E-03 6.8798E-04 0
 0 2.7887E-04 1.9387E-03 5.3618E-03 1.0269E-02 3.2232E-02 2.9507E-02 4.4897E-02 3.8837E-02 4.5668E-02 6.3155E-02 6.7142E-02 7.8030E-02 8.5455E-02 9.3946E-02 1.1386E-01 1.2275E-01 1.0514E-01 8.4829E-02 6.5126E-02 5.2036E-02 2.5737E-02 7.3320E-03 7.9852E-04 0
 0 2.8641E-04 1.9614E-03 5.4454E-03 1.0267E-02 3.1658E-02 2.9448E-02 4.5378E-02 3.8457E-02 4.4927E-02 6.3839E-02 6.6542E-02 7.8572E-02 8.3580E-02 9.2599E-02 1.1467E-01 1.2355E-01 1.0482E-01 8.4159E-02 6.7001E-02 5.3127E-02 2.5925E-02 7.2672E-03 7.0471E-04 0
 0 2.7837E-04 1.9253E-03 5.3634E-03 1.0006E-02 3.1104E-02 2.8572E-02 4.4801E-02 3.8245E-02 4.4579E-02 6.3524E-02 6.6262E-02 7.8525E-02 8.2856E-02 9.5222E-02 1.1595E-01 1.2335E-01 1.0490E-01 8.4514E-02 6.6592E-02 5.2938E-02 2.5831E-02 7.2838E-03 6.8362E-04 0
 0 2.7485E-04 1.8386E-03 5.2488E-03 9.7891E-03 3.1335E-02 2.8542E-02 4.4456E-02 3.7434E-02 4.5163E-02 6.2800E-02 6.7167E-02 7.6748E-02 8.6259E-02 9.4369E-02 1.1508E-01 1.2472E-01 1.0517E-01 8.4648E-02 6.6453E-02 5.3026E-02 2.5341E-02 7.2371E-03 6.8143E-04 0
 0 2.8541E-04 1.9377E-03 5.2380E-03 9.7769E-03 3.0793E-02 2.9045E-02 4.4876E-02 3.6992E-02 4.2904E-02 6.1870E-02 6.6560E-02 7.6971E-02 8.3624E-02 9.3317E-02 1.1371E-01 1.2456E-01 1.0548E-01 8.4456E-02 6.4877E-02 5.3347E-02 2.5984E-02 7.0911E-03 6.9307E-04 0
 0 2.7134E-04 1.9108E-03 5.1327E-03 9.7850E-03 3.0742E-02 2.8389E-02 4.4780E-02 3.7453E-02 4.4212E-02 6.2900E-02 6.7036E-02 7.8151E-02 8.4450E-02 9.3317E-02 1.1294E-01 1.2456E-01 1.0481E-01 8.5144E-02 6.5756E-02 5.2984E-02 2.5419E-02 7.0595E-03 7.2071E-04 0
 0 2.5576E-04 1.8675E-03 5.0212E-03 9.9790E-03 3.1067E-02 2.8183E-02 4.5023E-02 3.6740E-02 4.3491E-02 6.2800E-02 6.6851E-02 7.8492E-02 8.5724E-02 9.4092E-02 1.1411E-01 1.2357E-01 1.0689E-01 8.4930E-02 6.4479E-02 5.2630E-02 2.5513E-02 7.2958E-03 6.6107E-04 0
 0 2.7887E-04 1.9377E-03 5.1156E-03 9.9095E-03 3.0697E-02 2.8494E-02 4.4849E-02 3.7054E-02 4.4112E-02 6.3268E-02 6.7827E-02 7.8070E-02 8.5513E-02 9.4142E-02 1.1559E-01 1.2286E-01 1.0709E-01 8.4213E-02 6.6290E-02 5.3630E-02 2.5639E-02 7.2085E-03 6.6762E-04 0
 0 2.7234E-04 1.9563E-03 5.2612E-03 9.2542E-03 2.9981E-02 2.7885E-02 4.3865E-02 3.6446E-02 4.2317E-02 6.3115E-02 6.6961E-02 7.9521E-02 8.6150E-02 9.5304E-02 1.1229E-01 1.2334E-01 1.0456E-01 8.4829E-02 6.5322E-02 5.2837E-02 2.5028E-02 7.1092E-03 6.9234E-04 0
 0 2.4822E-04 1.7735E-03 5.0754E-03 9.2889E-03 2.9949E-02 2.7554E-02 4.3973E-02 3.6314E-02 4.2942E-02 6.3096E-02 6.7057E-02 7.7319E-02 8.4454E-02 9.6082E-02 1.1492E-01 1.2427E-01 1.0505E-01 8.4340E-02 6.4568E-02 5.2770E-02 2.4509E-02 7.2085E-03 6.5598E-04 0
 0 2.6832E-04 1.8613E-03 5.0878E-03 9.6686E-03 3.0232E-02 2.7499E-02 4.4225E-02 3.5835E-02 4.3908E-02 6.3444E-02 6.7121E-02 7.8140E-02 8.5604E-02 9.5915E-02 1.1415E-01 1.2693E-01 1.0860E-01 8.3453E-02 6.5144E-02 5.2627E-02 2.4941E-02 6.9797E-03 6.6762E-04 0
 0 2.9244E-04 1.8747E-03 5.0676E-03 9.2910E-03 3.0724E-02 2.6873E-02 4.3516E-02 3.5933E-02 4.2374E-02 6.2245E-02 6.8249E-02 7.9459E-02 8.7151E-02 9.6854E-02 1.1513E-01 1.2439E-01 1.0682E-01 8.3768E-02 6.5044E-02 5.2825E-02 2.4055E-02 6.7885E-03 6.5598E-04 0
 0 2.6883E-04 1.8510E-03 4.8942E-03 9.0766E-03 2.9954E-02 2.7107E-02 4.3423E-02 3.6004E-02 4.2207E-02 6.2421E-02 6.8097E-02 7.8473E-02 8.6783E-02 9.5261E-02 1.1454E-01 1.2561E-01 1.0604E-01 8.3794E-02 6.5450E-02 5.1990E-02 2.4808E-02 6.9782E-03 6.4653E-04 0
 0 2.7988E-04 1.9036E-03 4.9329E-03 8.8908E-03 2.8841E-02 2.6956E-02 4.2787E-02 3.6172E-02 4.2891E-02 6.3046E-02 6.6273E-02 7.8766E-02 8.6623E-02 9.5802E-02 1.1534E-01 1.2251E-01 1.0712E-01 8.5400E-02 6.4564E-02 5.2356E-02 2.5090E-02 6.7764E-03 6.7634E-04 0
 0 2.4973E-04 1.7994E-03 5.1156E-03 8.9704E-03 2.9311E-02 2.6717E-02 4.3883E-02 3.5908E-02 4.1705E-02 6.2737E-02 6.6209E-02 7.8726E-02 8.7183E-02 9.4554E-02 1.1617E-01 1.2314E-01 1.0603E-01 8.5990E-02 6.4628E-02 5.2752E-02 2.4568E-02 7.0264E-03 6.6980E-04 0
 0 2.8842E-04 1.7735E-03 5.0227E-03 9.1644E-03 2.9358E-02 2.6447E-02 4.2084E-02 3.5552E-02 4.2283E-02 6.2993E-02 6.7422E-02 7.8796E-02 8.7005E-02 9.7042E-02 1.1623E-01 1.2395E-01 1.0802E-01 8.6327E-02 6.4450E-02 5.2584E-02 2.4236E-02 6.8547E-03 6.1235E-04 0
 0 2.6430E-04 1.8045E-03 4.8044E-03 9.0378E-03 2.9875E-02 2.6114E-02 4.3210E-02 3.6080E-02 4.1919E-02 6.3929E-02 6.6588E-02 7.7971E-02 8.7209E-02 9.5613E-02 1.1471E-01 1.2557E-01 1.0774E-01 8.5078E-02 6.4536E-02 5.2688E-02 2.3696E-02 6.8352E-03 6.4434E-04 0
 0 2.9244E-04 1.8035E-03 4.6465E-03 8.8663E-03 2.9020E-02 2.6456E-02 4.1286E-02 3.4981E-02 4.1341E-02 6.2803E-02 6.8398E-02 7.9660E-02 8.7231E-02 9.5013E-02 1.1494E-01 1.2434E-01 1.0850E-01 8.5665E-02 6.4208E-02 5.1612E-02 2.3898E-02 6.5130E-03 6.6543E-04 0
 0 2.8691E-04 1.8210E-03 4.7549E-03 8.8847E-03 2.8112E-02 2.5758E-02 4.3495E-02 3.5565E-02 4.2032E-02 6.2478E-02 6.6138E-02 7.9916E-02 8.7485E-02 9.6633E-02 1.1568E-01 1.2461E-01 1.0621E-01 8.4145E-02 6.4842E-02 5.1658E-02 2.3907E-02 6.8758E-03 6.3780E-04 0
 0 2.8440E-04 1.8283E-03 4.7255E-03 8.8561E-03 2.9119E-02 2.6272E-02 4.2381E-02 3.4714E-02 4.0833E-02 6.1983E-02 6.7139E-02 8.0257E-02 8.6543E-02 9.5642E-02 1.1372E-01 1.2623E-01 1.0942E-01 8.5893E-02 6.4543E-02 5.1658E-02 2.3801E-02 6.8367E-03 6.8434E-04 0
 0 2.7586E-04 1.7560E-03 4.4808E-03 8.6275E-03 2.8427E-02 2.6047E-02 4.1643E-02 3.5055E-02 4.1037E-02 6.2000E-02 6.6674E-02 7.9466E-02 8.7118E-02 9.4849E-02 1.1614E-01 1.2608E-01 1.1001E-01 8.5668E-02 6.4286E-02 5.1557E-02 2.3483E-02 6.6214E-03 6.2325E-04 0
 0 2.6531E-04 1.7983E-03 4.6929E-03 8.6111E-03 2.7348E-02 2.5897E-02 4.2697E-02 3.5215E-02 4.1928E-02 6.2328E-02 6.6223E-02 7.9155E-02 8.8817E-02 9.5180E-02 1.1447E-01 1.2528E-01 1.0765E-01 8.4713E-02 6.4041E-02 5.2304E-02 2.2582E-02 6.9631E-03 6.2980E-04 0
 0 2.4873E-04 1.8169E-03 4.5397E-03 8.6458E-03 2.7144E-02 2.5616E-02 4.1049E-02 3.4739E-02 3.9817E-02 6.3172E-02 6.8267E-02 7.8667E-02 8.8101E-02 9.4924E-02 1.1593E-01 1.2477E-01 1.0821E-01 8.5256E-02 6.4592E-02 5.1612E-02 2.3108E-02 6.8035E-03 6.3853E-04 0
 0 2.7837E-04 1.9470E-03 4.5939E-03 8.6887E-03 2.7560E-02 2.5479E-02 4.1145E-02 3.3848E-02 4.0651E-02 6.1864E-02 6.7469E-02 7.8858E-02 8.8541E-02 9.6936E-02 1.1545E-01 1.2486E-01 1.0850E-01 8.4767E-02 6.4002E-02 5.1356E-02 2.2589E-02 7.0580E-03 5.8835E-04 0
 0 2.4672E-04 1.8303E-03 4.5846E-03 8.4009E-03 2.7250E-02 2.5744E-02 4.1985E-02 3.4330E-02 4.0723E-02 6.2292E-02 6.7813E-02 7.9532E-02 8.7715E-02 9.6491E-02 1.1250E-01 1.2677E-01 1.0980E-01 8.4955E-02 6.4436E-02 5.1222E-02 2.2278E-02 6.5386E-03 6.6543E-04 0
 0 2.6983E-04 1.8314E-03 4.7239E-03 8.4131E-03 2.6954E-02 2.5282E-02 4.1015E-02 3.4352E-02 3.9650E-02 6.1661E-02 6.6887E-02 7.9297E-02 8.9261E-02 9.5663E-02 1.1503E-01 1.2332E-01 1.0750E-01 8.3996E-02 6.2497E-02 5.1804E-02 2.3110E-02 6.6545E-03 6.2980E-04 0
 0 2.7033E-04 1.8530E-03 4.6759E-03 8.4417E-03 2.6688E-02 2.4907E-02 4.1052E-02 3.3808E-02 3.9490E-02 6.2020E-02 6.8047E-02 7.8957E-02 8.7336E-02 9.5691E-02 1.1533E-01 1.2483E-01 1.0767E-01 8.4517E-02 6.4176E-02 5.0673E-02 2.3067E-02 6.7614E-03 6.3925E-04 0
 0 2.4571E-04 1.7384E-03 4.4561E-03 7.9456E-03 2.7560E-02 2.4375E-02 4.0895E-02 3.4079E-02 3.9349E-02 6.1850E-02 6.7749E-02 8.0334E-02 8.8232E-02 9.6491E-02 1.1649E-01 1.2487E-01 1.1067E-01 8.4192E-02 6.2685E-02 5.0767E-02 2.2431E-02 6.5551E-03 6.0144E-04 0
 0 2.3918E-04 1.6858E-03 4.5443E-03 8.0967E-03 2.6898E-02 2.4584E-02 4.0769E-02 3.3756E-02 3.8515E-02 6.0768E-02 6.6727E-02 8.0290E-02 8.7485E-02 9.7398E-02 1.1552E-01 1.2517E-01 1.0952E-01 8.4427E-02 6.3208E-02 5.0722E-02 2.2470E-02 6.6199E-03 6.5089E-04 0
 0 2.6531E-04 1.7674E-03 4.5242E-03 8.4192E-03 2.7006E-02 2.4706E-02 3.9998E-02 3.3796E-02 3.8941E-02 6.1615E-02 6.7206E-02 7.9733E-02 8.7223E-02 9.6498E-02 1.1606E-01 1.2555E-01 1.0818E-01 8.4944E-02 6.2073E-02 5.1155E-02 2.2307E-02 6.4904E-03 5.7453E-04 0
 0 2.4521E-04 1.7188E-03 4.2950E-03 8.1559E-03 2.6110E-02 2.4434E-02 3.9610E-02 3.3744E-02 3.9807E-02 6.2305E-02 6.6897E-02 8.0579E-02 8.7671E-02 9.7135E-02 1.1493E-01 1.2190E-01 1.0795E-01 8.5049E-02 6.3340E-02 5.0469E-02 2.1792E-02 6.3218E-03 6.1744E-04 0
 0 2.5425E-04 1.7095E-03 4.3415E-03 8.2457E-03 2.6676E-02 2.4172E-02 4.0709E-02 3.3167E-02 3.9955E-02 6.1804E-02 6.7032E-02 7.9920E-02 9.0615E-02 9.6705E-02 1.1505E-01 1.2623E-01 1.0820E-01 8.6095E-02 6.3262E-02 5.0554E-02 2.2493E-02 6.4076E-03 6.6398E-04 0
 0 2.6430E-04 1.8128E-03 4.3446E-03 7.8170E-03 2.7006E-02 2.3516E-02 3.9457E-02 3.2706E-02 3.9123E-02 6.0957E-02 6.6777E-02 7.9019E-02 8.8792E-02 9.7515E-02 1.1534E-01 1.2490E-01 1.0841E-01 8.4293E-02 6.2749E-02 5.0112E-02 2.2413E-02 6.3037E-03 6.4071E-04 0
 0 2.6280E-04 1.7488E-03 4.2764E-03 8.0640E-03 2.6489E-02 2.4503E-02 3.9947E-02 3.2694E-02 3.8562E-02 6.1070E-02 6.5705E-02 7.8609E-02 8.9778E-02 9.6854E-02 1.1559E-01 1.2404E-01 1.0833E-01 8.5234E-02 6.2724E-02 5.0008E-02 2.2268E-02 6.3398E-03 6.3780E-04 0
 0 2.4420E-04 1.5661E-03 4.3817E-03 8.0558E-03 2.6541E-02 2.4055E-02 3.9598E-02 3.2359E-02 3.8559E-02 6.1854E-02 6.8366E-02 8.1136E-02 8.7558E-02 9.6129E-02 1.1349E-01 1.2529E-01 1.0790E-01 8.5896E-02 6.3258E-02 4.9002E-02 2.1470E-02 6.5536E-03 6.1307E-04 0
 0 2.6933E-04 1.6817E-03 4.2997E-03 7.8476E-03 2.5657E-02 2.3950E-02 3.8878E-02 3.2583E-02 3.8672E-02 6.0562E-02 6.6812E-02 8.1180E-02 8.6761E-02 9.6513E-02 1.1517E-01 1.2440E-01 1.0840E-01 8.3037E-02 6.1536E-02 5.0511E-02 2.1703E-02 6.2856E-03 6.0144E-04 0
 0 2.6430E-04 1.7312E-03 4.3105E-03 7.7333E-03 2.5696E-02 2.3736E-02 3.9382E-02 3.1217E-02 3.8122E-02 6.1087E-02 6.6507E-02 8.0166E-02 8.9120E-02 9.5688E-02 1.1545E-01 1.2323E-01 1.0852E-01 8.4727E-02 6.1572E-02 4.9749E-02 2.1449E-02 6.2088E-03 5.9198E-04 0
 0 2.4621E-04 1.7219E-03 4.1696E-03 7.8476E-03 2.5317E-02 2.3619E-02 3.9271E-02 3.2246E-02 3.7395E-02 6.0499E-02 6.6500E-02 8.0733E-02 8.7445E-02 9.5005E-02 1.1417E-01 1.2435E-01 1.0935E-01 8.4192E-02 6.1789E-02 5.0011E-02 2.1001E-02 6.2149E-03 6.2616E-04 0
 0 2.4822E-04 1.6579E-03 4.1123E-03 7.6210E-03 2.5521E-02 2.3007E-02 3.8650E-02 3.1979E-02 3.7595E-02 6.0505E-02 6.4683E-02 8.0385E-02 8.8461E-02 9.8201E-02 1.1579E-01 1.2369E-01 1.1039E-01 8.4601E-02 6.1967E-02 4.9264E-02 2.1685E-02 6.3760E-03 6.2107E-04 0
 0 2.6983E-04 1.6982E-03 4.1727E-03 7.7904E-03 2.5896E-02 2.3733E-02 3.8557E-02 3.1070E-02 3.7344E-02 5.9745E-02 6.7994E-02 7.9257E-02 8.9473E-02 9.5567E-02 1.1621E-01 1.2401E-01 1.0828E-01 8.4311E-02 6.1358E-02 4.9219E-02 2.1289E-02 6.2826E-03 6.1016E-04 0
 0 2.1908E-04 1.7261E-03 3.9993E-03 7.5210E-03 2.4965E-02 2.3024E-02 3.7860E-02 3.2065E-02 3.7300E-02 6.0698E-02 6.6876E-02 7.9905E-02 8.8454E-02 9.5834E-02 1.1507E-01 1.2211E-01 1.0744E-01 8.3786E-02 6.1177E-02 4.8914E-02 2.0758E-02 6.1200E-03 6.1380E-04 0
 0 2.6430E-04 1.6342E-03 4.1263E-03 7.5700E-03 2.5147E-02 2.2559E-02 3.8446E-02 3.1119E-02 3.7533E-02 5.9951E-02 6.7099E-02 8.0122E-02 8.8737E-02 9.7689E-02 1.1508E-01 1.2421E-01 1.0963E-01 8.3055E-02 6.1291E-02 4.9249E-02 2.0555E-02 6.2676E-03 6.0289E-04 0
 0 2.6330E-04 1.6559E-03 4.2687E-03 7.5638E-03 2.4275E-02 2.2517E-02 3.7986E-02 3.1451E-02 3.7382E-02 6.0286E-02 6.6116E-02 8.0858E-02 8.7813E-02 9.6299E-02 1.1412E-01 1.2308E-01 1.0886E-01 8.4698E-02 6.1397E-02 4.8560E-02 2.0873E-02 6.0944E-03 6.0798E-04 0
 0 2.5425E-04 1.6042E-03 4.1727E-03 7.5393E-03 2.4546E-02 2.2634E-02 3.7752E-02 3.1202E-02 3.6770E-02 5.9665E-02 6.6195E-02 7.9525E-02 8.7959E-02 9.5620E-02 1.1291E-01 1.2309E-01 1.1093E-01 8.3088E-02 6.1408E-02 4.8328E-02 2.0937E-02 6.0764E-03 5.9416E-04 0
 0 2.5023E-04 1.6383E-03 3.9978E-03 7.4761E-03 2.4164E-02 2.2659E-02 3.7497E-02 3.0947E-02 3.7370E-02 5.9031E-02 6.5574E-02 8.0305E-02 8.9229E-02 9.7014E-02 1.1348E-01 1.2417E-01 1.0829E-01 8.4930E-02 6.1031E-02 4.8444E-02 2.0511E-02 5.9770E-03 5.4907E-04 0
 0 2.3968E-04 1.5867E-03 4.0334E-03 7.3454E-03 2.4588E-02 2.2579E-02 3.7644E-02 2.9916E-02 3.6987E-02 5.8915E-02 6.4931E-02 7.8279E-02 8.8370E-02 9.8183E-02 1.1459E-01 1.2394E-01 1.0745E-01 8.4626E-02 6.1248E-02 4.8517E-02 2.0047E-02 6.1381E-03 6.3707E-04 0
 0 2.6380E-04 1.6528E-03 4.0488E-03 7.4393E-03 2.4494E-02 2.2328E-02 3.6764E-02 3.0999E-02 3.6221E-02 5.9114E-02 6.6379E-02 8.1133E-02 8.9367E-02 9.7586E-02 1.1477E-01 1.2311E-01 1.0846E-01 8.5277E-02 5.9889E-02 4.7895E-02 2.0285E-02 6.2977E-03 5.9707E-04 0
 0 2.4772E-04 1.5815E-03 3.9792E-03 7.2597E-03 2.4130E-02 2.2075E-02 3.6641E-02 3.1463E-02 3.6789E-02 5.8696E-02 6.6063E-02 8.0664E-02 9.0211E-02 9.6619E-02 1.1362E-01 1.2210E-01 1.0934E-01 8.5328E-02 6.0483E-02 4.7377E-02 2.0145E-02 5.9951E-03 5.4253E-04 0
 0 2.4672E-04 1.5526E-03 3.9900E-03 7.3495E-03 2.4369E-02 2.2337E-02 3.7059E-02 3.1260E-02 3.6102E-02 5.8613E-02 6.5882E-02 7.8631E-02 8.8279E-02 9.6769E-02 1.1329E-01 1.2249E-01 1.0914E-01 8.3956E-02 6.1116E-02 4.8088E-02 2.0255E-02 6.0131E-03 5.9126E-04 0
 0 2.2159E-04 1.5650E-03 4.0442E-03 7.1515E-03 2.3438E-02 2.1321E-02 3.7443E-02 3.1239E-02 3.5431E-02 6.0688E-02 6.5279E-02 8.0700E-02 8.8337E-02 9.6737E-02 1.1226E-01 1.2103E-01 1.0871E-01 8.4192E-02 6.0760E-02 4.7972E-02 1.9635E-02 6.0553E-03 5.8180E-04 0
 0 2.5375E-04 1.6342E-03 3.7980E-03 7.1331E-03 2.2953E-02 2.1772E-02 3.6662E-02 3.0579E-02 3.5801E-02 5.8835E-02 6.4225E-02 7.9898E-02 8.7260E-02 9.8073E-02 1.1157E-01 1.2384E-01 1.0725E-01 8.2672E-02 5.9117E-02 4.7667E-02 1.9566E-02 5.9107E-03 5.5053E-04 0
 0 2.3968E-04 1.6001E-03 3.8429E-03 7.1004E-03 2.3381E-02 2.1402E-02 3.5335E-02 2.9676E-02 3.6024E-02 5.8855E-02 6.5712E-02 8.0385E-02 8.7515E-02 9.6776E-02 1.1264E-01 1.2052E-01 1.0805E-01 8.4995E-02 6.0355E-02 4.7450E-02 1.9335E-02 5.6924E-03 5.7598E-04 0
 0 2.4119E-04 1.6032E-03 3.9002E-03 7.1392E-03 2.2945E-02 2.1327E-02 3.6599E-02 2.9796E-02 3.5139E-02 5.8231E-02 6.4165E-02 7.8759E-02 8.8726E-02 9.5887E-02 1.1177E-01 1.2128E-01 1.1057E-01 8.4546E-02 6.1515E-02 4.7624E-02 1.9488E-02 5.5916E-03 5.9635E-04 0
 0 2.4018E-04 1.6321E-03 3.7887E-03 7.2801E-03 2.3583E-02 2.1224E-02 3.5609E-02 3.0020E-02 3.4784E-02 5.8101E-02 6.4594E-02 7.8935E-02 8.8057E-02 9.5205E-02 1.1172E-01 1.2186E-01 1.0885E-01 8.4879E-02 5.8985E-02 4.6969E-02 1.9941E-02 5.7632E-03 6.1016E-04 0
 0 2.1506E-04 1.5619E-03 3.8352E-03 6.6697E-03 2.3551E-02 2.1408E-02 3.6194E-02 3.0035E-02 3.4157E-02 5.7235E-02 6.5165E-02 7.9664E-02 8.9727E-02 9.6466E-02 1.1290E-01 1.2366E-01 1.0770E-01 8.3399E-02 5.8743E-02 4.7734E-02 1.8877E-02 5.7436E-03 5.8907E-04 0
 0 2.5576E-04 1.6590E-03 3.8352E-03 7.1290E-03 2.2721E-02 2.1180E-02 3.4987E-02 2.9200E-02 3.4583E-02 5.7633E-02 6.4158E-02 7.8785E-02 8.8479E-02 9.6708E-02 1.1210E-01 1.1987E-01 1.0966E-01 8.4441E-02 5.8238E-02 4.6103E-02 1.9461E-02 5.6834E-03 5.7962E-04 0
 0 2.3817E-04 1.6022E-03 3.7748E-03 7.0494E-03 2.2768E-02 2.0863E-02 3.5582E-02 2.9590E-02 3.4643E-02 5.6866E-02 6.5659E-02 7.9081E-02 8.7813E-02 9.5521E-02 1.1169E-01 1.1971E-01 1.1009E-01 8.3895E-02 5.8715E-02 4.6072E-02 1.9218E-02 5.7828E-03 5.5998E-04 0
 0 2.5023E-04 1.5537E-03 3.7314E-03 6.7493E-03 2.2958E-02 2.1024E-02 3.4768E-02 2.8918E-02 3.5045E-02 5.7075E-02 6.5283E-02 7.8528E-02 8.9123E-02 9.7586E-02 1.1089E-01 1.1871E-01 1.0790E-01 8.2136E-02 5.8647E-02 4.5749E-02 1.8596E-02 5.6819E-03 5.5635E-04 0
 0 2.3415E-04 1.6476E-03 3.6447E-03 6.6492E-03 2.2463E-02 2.0570E-02 3.4411E-02 2.8310E-02 3.4323E-02 5.7158E-02 6.5570E-02 7.9832E-02 8.7587E-02 9.7359E-02 1.1189E-01 1.1940E-01 1.0785E-01 8.3837E-02 5.8583E-02 4.5292E-02 1.8143E-02 5.6940E-03 5.1780E-04 0
 0 2.2662E-04 1.6332E-03 3.7810E-03 6.5696E-03 2.2135E-02 2.0490E-02 3.5636E-02 2.8555E-02 3.4276E-02 5.5790E-02 6.4754E-02 7.8609E-02 8.7769E-02 9.6114E-02 1.1147E-01 1.2054E-01 1.0772E-01 8.3374E-02 5.9188E-02 4.6027E-02 1.8454E-02 5.8806E-03 5.8689E-04 0
 0 2.3415E-04 1.6455E-03 3.7020E-03 6.7391E-03 2.2416E-02 2.0740E-02 3.5729E-02 2.9108E-02 3.3445E-02 5.7314E-02 6.5464E-02 7.9623E-02 8.8592E-02 9.5293E-02 1.0966E-01 1.1615E-01 1.0689E-01 8.3946E-02 5.7412E-02 4.5841E-02 1.8083E-02 5.6488E-03 5.5635E-04 0
 0 2.4672E-04 1.4989E-03 3.8228E-03 6.6737E-03 2.1704E-02 2.0490E-02 3.4984E-02 2.8878E-02 3.3617E-02 5.5896E-02 6.3011E-02 7.9107E-02 8.6910E-02 9.6712E-02 1.1168E-01 1.1873E-01 1.0777E-01 8.3348E-02 5.7636E-02 4.6027E-02 1.8694E-02 5.3221E-03 5.7089E-04 0
 0 2.3717E-04 1.5454E-03 3.6525E-03 6.8105E-03 2.1480E-02 2.0426E-02 3.5627E-02 2.8512E-02 3.3288E-02 5.7756E-02 6.2947E-02 7.9957E-02 9.0579E-02 9.4760E-02 1.0944E-01 1.1849E-01 1.0747E-01 8.2389E-02 5.7985E-02 4.5505E-02 1.8285E-02 5.6322E-03 5.2798E-04 0
 0 2.4621E-04 1.5898E-03 3.6649E-03 6.4206E-03 2.1788E-02 1.9803E-02 3.4159E-02 2.8439E-02 3.2278E-02 5.5169E-02 6.3980E-02 7.8576E-02 8.6976E-02 9.4529E-02 1.1107E-01 1.1803E-01 1.0759E-01 8.3732E-02 5.7757E-02 4.5164E-02 1.8294E-02 5.5389E-03 5.8762E-04 0
 0 2.4119E-04 1.5475E-03 3.4140E-03 6.2736E-03 2.1739E-02 1.9897E-02 3.4198E-02 2.7846E-02 3.3636E-02 5.4621E-02 6.4016E-02 7.8162E-02 8.6870E-02 9.5475E-02 1.0979E-01 1.1914E-01 1.0767E-01 8.1872E-02 5.8601E-02 4.5289E-02 1.8127E-02 5.5780E-03 5.3671E-04 0
 0 2.4521E-04 1.5237E-03 3.6339E-03 6.5145E-03 2.1502E-02 1.9828E-02 3.2913E-02 2.7499E-02 3.2805E-02 5.6471E-02 6.3742E-02 7.9664E-02 8.7354E-02 9.4518E-02 1.0951E-01 1.1628E-01 1.0861E-01 8.3077E-02 5.7971E-02 4.4743E-02 1.7896E-02 5.4380E-03 5.6217E-04 0
 0 2.5777E-04 1.5000E-03 3.6618E-03 6.8044E-03 2.1490E-02 1.9302E-02 3.3084E-02 2.7901E-02 3.2092E-02 5.4070E-02 6.4197E-02 7.8026E-02 8.7271E-02 9.4248E-02 1.1007E-01 1.1630E-01 1.0800E-01 8.0153E-02 5.7875E-02 4.5941E-02 1.8214E-02 5.4862E-03 5.2508E-04 0
 0 2.3717E-04 1.5826E-03 3.4311E-03 6.2185E-03 2.1200E-02 1.8977E-02 3.3141E-02 2.7573E-02 3.3278E-02 5.4754E-02 6.3760E-02 7.7345E-02 8.7493E-02 9.6545E-02 1.0901E-01 1.1733E-01 1.0678E-01 8.2950E-02 5.6925E-02 4.3688E-02 1.7722E-02 5.3567E-03 5.6071E-04 0
 0 2.3315E-04 1.5020E-03 3.5023E-03 6.2838E-03 2.0377E-02 1.9416E-02 3.3117E-02 2.7779E-02 3.2218E-02 5.5428E-02 6.4399E-02 7.8536E-02 8.6099E-02 9.4863E-02 1.0883E-01 1.1686E-01 1.0781E-01 8.2375E-02 5.6409E-02 4.4240E-02 1.7539E-02 5.5554E-03 5.8398E-04 0
 0 2.0401E-04 1.4721E-03 3.4187E-03 6.4267E-03 2.0985E-02 1.9375E-02 3.3282E-02 2.7490E-02 3.2503E-02 5.5096E-02 6.3657E-02 7.7111E-02 8.7409E-02 9.6303E-02 1.0872E-01 1.1680E-01 1.0757E-01 8.1553E-02 5.7014E-02 4.3264E-02 1.7601E-02 5.2483E-03 5.4107E-04 0
 0 2.3918E-04 1.4907E-03 3.4342E-03 6.2369E-03 2.1140E-02 1.8749E-02 3.3348E-02 2.7591E-02 3.2798E-02 5.5461E-02 6.2475E-02 7.7048E-02 8.7595E-02 9.4508E-02 1.0970E-01 1.1668E-01 1.0431E-01 8.1246E-02 5.6021E-02 4.3828E-02 1.7385E-02 5.2634E-03 5.1489E-04 0
 0 2.4370E-04 1.5650E-03 3.3304E-03 6.3695E-03 2.0296E-02 1.9213E-02 3.3177E-02 2.8030E-02 3.1343E-02 5.3486E-02 6.3437E-02 7.8455E-02 8.7289E-02 9.4806E-02 1.0899E-01 1.1442E-01 1.0700E-01 8.1289E-02 5.7181E-02 4.3844E-02 1.7241E-02 5.4591E-03 5.7307E-04 0
 0 2.3466E-04 1.5516E-03 3.3103E-03 6.3369E-03 2.0685E-02 1.9038E-02 3.2255E-02 2.7413E-02 3.1895E-02 5.5448E-02 6.2153E-02 7.7323E-02 8.5615E-02 9.3470E-02 1.1193E-01 1.1412E-01 1.0575E-01 8.1673E-02 5.6971E-02 4.3426E-02 1.6578E-02 5.4380E-03 5.7962E-04 0
 0 2.3064E-04 1.5279E-03 3.4032E-03 6.0266E-03 2.0739E-02 1.8223E-02 3.2970E-02 2.7097E-02 3.1663E-02 5.5093E-02 6.2575E-02 7.7506E-02 8.6117E-02 9.5165E-02 1.0783E-01 1.1522E-01 1.0658E-01 8.0399E-02 5.6043E-02 4.2926E-02 1.7326E-02 5.1776E-03 5.3526E-04 0
 0 2.3064E-04 1.4907E-03 3.2623E-03 6.0347E-03 1.9737E-02 1.8852E-02 3.1838E-02 2.7097E-02 3.1976E-02 5.3429E-02 6.2610E-02 7.6645E-02 8.6612E-02 9.3516E-02 1.0786E-01 1.1410E-01 1.0569E-01 8.2628E-02 5.5206E-02 4.3435E-02 1.6807E-02 5.2107E-03 5.0471E-04 0
 0 2.4420E-04 1.4886E-03 3.3521E-03 6.1593E-03 1.9683E-02 1.8126E-02 3.2057E-02 2.7051E-02 3.1418E-02 5.4319E-02 6.1517E-02 7.6092E-02 8.4119E-02 9.3904E-02 1.0732E-01 1.1561E-01 1.0377E-01 7.8933E-02 5.6491E-02 4.2542E-02 1.6745E-02 5.0601E-03 5.6217E-04 0
 0 2.0551E-04 1.4349E-03 3.2654E-03 6.1511E-03 2.0062E-02 1.8643E-02 3.1508E-02 2.6910E-02 3.2074E-02 5.3426E-02 6.1134E-02 7.8228E-02 8.6037E-02 9.3754E-02 1.0956E-01 1.1374E-01 1.0447E-01 8.1785E-02 5.5189E-02 4.2743E-02 1.6640E-02 5.1354E-03 5.2289E-04 0
 0 2.3114E-04 1.4515E-03 3.3366E-03 6.0449E-03 1.9966E-02 1.8415E-02 3.2555E-02 2.6649E-02 3.0577E-02 5.2058E-02 6.1241E-02 7.6506E-02 8.5615E-02 9.4821E-02 1.0773E-01 1.1352E-01 1.0442E-01 8.1275E-02 5.5829E-02 4.2868E-02 1.6841E-02 5.1640E-03 5.3962E-04 0
 0 2.3516E-04 1.4143E-03 3.1725E-03 6.2450E-03 1.9641E-02 1.8218E-02 3.1610E-02 2.5534E-02 3.0800E-02 5.1802E-02 6.2124E-02 7.5678E-02 8.4905E-02 9.5144E-02 1.0642E-01 1.1462E-01 1.0497E-01 8.0145E-02 5.5370E-02 4.2807E-02 1.6571E-02 5.0255E-03 5.2217E-04 0
 0 2.2310E-04 1.4504E-03 3.3010E-03 5.9531E-03 1.9542E-02 1.8307E-02 3.1267E-02 2.6333E-02 3.0298E-02 5.2413E-02 6.2990E-02 7.7107E-02 8.6088E-02 9.4184E-02 1.0804E-01 1.1383E-01 1.0475E-01 7.9780E-02 5.4171E-02 4.2225E-02 1.5907E-02 5.0722E-03 4.5817E-04 0
 0 2.2812E-04 1.4484E-03 3.1462E-03 5.9510E-03 1.9542E-02 1.8443E-02 3.2075E-02 2.6710E-02 3.0216E-02 5.2141E-02 6.1482E-02 7.5342E-02 8.5113E-02 9.4060E-02 1.0559E-01 1.1201E-01 1.0335E-01 7.9917E-02 5.5616E-02 4.2478E-02 1.5749E-02 5.0601E-03 4.9962E-04 0
 0 2.3164E-04 1.5020E-03 3.3335E-03 5.8551E-03 1.9148E-02 1.7925E-02 3.1084E-02 2.5734E-02 3.0072E-02 5.2124E-02 6.0829E-02 7.5426E-02 8.6055E-02 9.2791E-02 1.0613E-01 1.1234E-01 1.0451E-01 7.9791E-02 5.4715E-02 4.0993E-02 1.6555E-02 5.0029E-03 5.1344E-04 0
 0 2.4420E-04 1.4638E-03 3.0502E-03 5.7244E-03 1.8685E-02 1.8115E-02 3.0715E-02 2.5786E-02 3.0078E-02 5.2174E-02 6.0981E-02 7.5477E-02 8.5284E-02 9.3534E-02 1.0569E-01 1.0997E-01 1.0463E-01 7.9360E-02 5.4078E-02 4.1829E-02 1.6214E-02 5.0556E-03 5.2217E-04 0
 0 2.1807E-04 1.5051E-03 3.1864E-03 5.6999E-03 1.8634E-02 1.7283E-02 3.1234E-02 2.5550E-02 2.9987E-02 5.1875E-02 6.0456E-02 7.5195E-02 8.4097E-02 9.3459E-02 1.0702E-01 1.1216E-01 1.0510E-01 7.9660E-02 5.3193E-02 4.1298E-02 1.5832E-02 4.8599E-03 5.2944E-04 0
 0 2.4571E-04 1.4742E-03 3.1539E-03 5.8224E-03 1.8634E-02 1.7472E-02 3.0850E-02 2.5277E-02 3.0241E-02 5.2380E-02 6.0747E-02 7.4906E-02 8.5189E-02 9.2723E-02 1.0411E-01 1.1012E-01 1.0258E-01 7.8694E-02 5.4150E-02 4.1200E-02 1.5500E-02 4.9924E-03 5.3598E-04 0
 0 2.2611E-04 1.4824E-03 3.1524E-03 5.7020E-03 1.8353E-02 1.7472E-02 3.0649E-02 2.5399E-02 3.0241E-02 5.1055E-02 6.2365E-02 7.5693E-02 8.5211E-02 9.2528E-02 1.0487E-01 1.1151E-01 1.0236E-01 7.9356E-02 5.5527E-02 4.0768E-02 1.5502E-02 5.1414E-03 5.1853E-04 0
 0 2.4521E-04 1.5237E-03 3.1617E-03 5.5836E-03 1.8491E-02 1.7747E-02 2.9532E-02 2.5071E-02 2.9153E-02 5.1898E-02 5.9739E-02 7.5407E-02 8.4418E-02 9.2027E-02 1.0300E-01 1.0998E-01 1.0334E-01 7.8951E-02 5.4505E-02 3.9987E-02 1.5363E-02 5.1896E-03 5.2580E-04 0
 0 2.3164E-04 1.4504E-03 3.0301E-03 5.7122E-03 1.7833E-02 1.7111E-02 2.9205E-02 2.5019E-02 2.9463E-02 4.9959E-02 6.0176E-02 7.5309E-02 8.4454E-02 9.2851E-02 1.0425E-01 1.0931E-01 1.0243E-01 7.8343E-02 5.4110E-02 3.9871E-02 1.5688E-02 4.9442E-03 4.9162E-04 0
 0 2.3214E-04 1.4029E-03 3.1570E-03 5.9265E-03 1.8018E-02 1.7030E-02 3.0121E-02 2.4822E-02 2.9680E-02 5.0896E-02 5.9718E-02 7.4202E-02 8.2998E-02 9.2443E-02 1.0441E-01 1.0969E-01 1.0226E-01 7.9812E-02 5.4875E-02 4.0399E-02 1.5482E-02 5.0797E-03 5.0471E-04 0
 0 2.2611E-04 1.4329E-03 3.0285E-03 5.8592E-03 1.8417E-02 1.7864E-02 2.9938E-02 2.4675E-02 2.9485E-02 5.0022E-02 5.8590E-02 7.3451E-02 8.5939E-02 9.0168E-02 1.0387E-01 1.1027E-01 1.0128E-01 7.7883E-02 5.4139E-02 3.9886E-02 1.5537E-02 4.6100E-03 5.3962E-04 0
 0 2.0752E-04 1.2987E-03 3.1044E-03 5.6101E-03 1.7883E-02 1.7455E-02 2.9616E-02 2.5221E-02 2.9030E-02 5.0613E-02 6.0318E-02 7.3067E-02 8.4439E-02 9.2393E-02 1.0262E-01 1.0866E-01 1.0262E-01 7.8900E-02 5.2666E-02 3.9560E-02 1.5228E-02 4.8358E-03 4.9962E-04 0
 0 2.3114E-04 1.5733E-03 2.9898E-03 5.5039E-03 1.7875E-02 1.6613E-02 2.9283E-02 2.4282E-02 2.8205E-02 5.0288E-02 5.9817E-02 7.4741E-02 8.3570E-02 9.0811E-02 1.0199E-01 1.1051E-01 1.0160E-01 7.7767E-02 5.1680E-02 3.8786E-02 1.5020E-02 4.6581E-03 5.0980E-04 0
 0 2.2863E-04 1.3472E-03 3.0115E-03 5.6713E-03 1.7801E-02 1.6476E-02 2.9556E-02 2.5169E-02 2.8431E-02 5.0221E-02 5.8714E-02 7.4268E-02 8.3704E-02 9.0260E-02 1.0263E-01 1.0840E-01 9.9892E-02 7.7167E-02 5.3128E-02 3.9676E-02 1.4598E-02 4.8132E-03 5.1053E-04 0
 0 2.2310E-04 1.3400E-03 3.0904E-03 5.7857E-03 1.7346E-02 1.6593E-02 2.9301E-02 2.4368E-02 2.9055E-02 5.0052E-02 5.9008E-02 7.4155E-02 8.3824E-02 9.0527E-02 1.0228E-01 1.0701E-01 1.0126E-01 7.5846E-02 5.1495E-02 3.9085E-02 1.5376E-02 4.7545E-03 4.4871E-04 0
 0 2.2360E-04 1.4102E-03 3.0579E-03 5.5101E-03 1.7673E-02 1.6727E-02 2.9229E-02 2.4859E-02 2.9187E-02 4.9982E-02 5.7617E-02 7.3657E-02 8.3082E-02 8.9773E-02 1.0144E-01 1.0665E-01 1.0213E-01 7.5274E-02 5.1787E-02 3.9088E-02 1.4466E-02 4.7063E-03 4.9526E-04 0
 0 2.0752E-04 1.4060E-03 2.8427E-03 5.2488E-03 1.7166E-02 1.6374E-02 2.9169E-02 2.4690E-02 2.8638E-02 4.9511E-02 5.7798E-02 7.4210E-02 8.2208E-02 9.1309E-02 1.0246E-01 1.0603E-01 1.0193E-01 7.6338E-02 5.1421E-02 3.8304E-02 1.4324E-02 4.9367E-03 4.8217E-04 0
 0 2.1607E-04 1.4453E-03 2.9108E-03 5.4978E-03 1.7361E-02 1.5898E-02 2.8511E-02 2.3072E-02 2.8171E-02 4.8780E-02 5.7639E-02 7.4426E-02 8.2794E-02 8.9571E-02 1.0115E-01 1.0734E-01 9.9480E-02 7.6548E-02 5.1865E-02 3.9289E-02 1.4919E-02 4.6596E-03 5.2071E-04 0
 0 2.2511E-04 1.3895E-03 3.0068E-03 5.5039E-03 1.7151E-02 1.6457E-02 2.8406E-02 2.3729E-02 2.7374E-02 4.7987E-02 5.8380E-02 7.2745E-02 8.1986E-02 9.0154E-02 1.0026E-01 1.0573E-01 9.9860E-02 7.7655E-02 5.1545E-02 3.8444E-02 1.4736E-02 4.6973E-03 4.8726E-04 0
 0 2.2511E-04 1.4257E-03 3.0239E-03 5.2263E-03 1.6440E-02 1.6115E-02 2.8298E-02 2.3447E-02 2.7346E-02 4.7678E-02 5.7621E-02 7.2213E-02 8.1484E-02 8.9805E-02 1.0071E-01 1.0657E-01 1.0011E-01 7.6269E-02 5.0649E-02 3.8728E-02 1.4550E-02 4.6612E-03 5.0326E-04 0
 0 2.5124E-04 1.3833E-03 2.9619E-03 5.1610E-03 1.7168E-02 1.5717E-02 2.8400E-02 2.3671E-02 2.7741E-02 4.7535E-02 5.7394E-02 7.2730E-02 8.0869E-02 8.9763E-02 9.9078E-02 1.0545E-01 9.9987E-02 7.6135E-02 5.1559E-02 3.7838E-02 1.4383E-02 4.3886E-03 5.0544E-04 0
 0 2.2561E-04 1.3059E-03 2.9015E-03 5.2385E-03 1.7173E-02 1.6051E-02 2.7839E-02 2.3741E-02 2.7631E-02 4.8086E-02 5.6386E-02 7.2093E-02 8.1502E-02 8.9642E-02 1.0154E-01 1.0508E-01 9.8675E-02 7.6280E-02 4.9983E-02 3.7344E-02 1.4045E-02 4.5287E-03 4.5017E-04 0
 0 2.4018E-04 1.3751E-03 2.9883E-03 5.2916E-03 1.7053E-02 1.5895E-02 2.7989E-02 2.3204E-02 2.7000E-02 4.7947E-02 5.7397E-02 7.0946E-02 8.1579E-02 9.0058E-02 1.0077E-01 1.0270E-01 9.7690E-02 7.5552E-02 5.0453E-02 3.8383E-02 1.4285E-02 4.5889E-03 4.9817E-04 0
 0 2.3717E-04 1.2863E-03 2.6817E-03 5.3202E-03 1.6686E-02 1.5801E-02 2.7659E-02 2.2667E-02 2.7182E-02 4.6828E-02 5.7262E-02 7.1367E-02 8.1684E-02 8.8120E-02 9.9883E-02 1.0307E-01 9.9621E-02 7.4069E-02 5.1140E-02 3.7652E-02 1.4303E-02 4.5287E-03 5.0326E-04 0
 0 2.0250E-04 1.2976E-03 2.8009E-03 5.1058E-03 1.6683E-02 1.5967E-02 2.7794E-02 2.3649E-02 2.6401E-02 4.6887E-02 5.5545E-02 7.1565E-02 8.0320E-02 8.8572E-02 9.8070E-02 1.0372E-01 9.7746E-02 7.6128E-02 5.0168E-02 3.7341E-02 1.3759E-02 4.6220E-03 4.9817E-04 0
 0 2.3064E-04 1.3348E-03 2.9139E-03 5.1671E-03 1.6513E-02 1.5492E-02 2.7031E-02 2.3278E-02 2.7069E-02 4.6180E-02 5.6120E-02 7.1767E-02 7.9399E-02 8.7349E-02 9.6806E-02 1.0317E-01 9.7553E-02 7.4934E-02 5.0773E-02 3.6374E-02 1.3827E-02 4.3299E-03 4.7344E-04 0
 0 2.2360E-04 1.3420E-03 2.8071E-03 5.0773E-03 1.6435E-02 1.6026E-02 2.6752E-02 2.3456E-02 2.7302E-02 4.6290E-02 5.6776E-02 7.0126E-02 7.9497E-02 8.7189E-02 9.8353E-02 1.0231E-01 9.8372E-02 7.5444E-02 4.8766E-02 3.7106E-02 1.3729E-02 4.5362E-03 4.9453E-04 0
 0 2.1556E-04 1.3782E-03 2.7034E-03 5.1671E-03 1.6075E-02 1.4975E-02 2.7121E-02 2.2415E-02 2.6887E-02 4.5934E-02 5.6003E-02 7.0558E-02 8.0152E-02 8.8213E-02 9.6761E-02 1.0300E-01 9.9491E-02 7.5277E-02 4.9820E-02 3.5978E-02 1.3340E-02 4.5347E-03 5.2362E-04 0
 0 2.1154E-04 1.3121E-03 2.9093E-03 5.1344E-03 1.5954E-02 1.5812E-02 2.6158E-02 2.2013E-02 2.7132E-02 4.5310E-02 5.4700E-02 7.0598E-02 7.9872E-02 8.6695E-02 9.7282E-02 1.0232E-01 9.9364E-02 7.4166E-02 5.0161E-02 3.6694E-02 1.3413E-02 4.4549E-03 4.8144E-04 0
 0 2.2812E-04 1.3131E-03 2.8071E-03 4.6588E-03 1.5930E-02 1.5311E-02 2.6818E-02 2.2774E-02 2.5974E-02 4.6243E-02 5.4562E-02 7.1184E-02 8.0429E-02 8.6912E-02 9.5109E-02 1.0273E-01 9.7883E-02 7.4380E-02 4.8606E-02 3.6701E-02 1.3457E-02 4.3977E-03 4.5817E-04 0
 0 2.0853E-04 1.3844E-03 2.7777E-03 4.9609E-03 1.5698E-02 1.5047E-02 2.5999E-02 2.2357E-02 2.6442E-02 4.6034E-02 5.4611E-02 6.9254E-02 7.9257E-02 8.7648E-02 9.8059E-02 9.8276E-02 9.8822E-02 7.3902E-02 5.0150E-02 3.5368E-02 1.3367E-02 4.2923E-03 4.5453E-04 0
 0 2.0451E-04 1.3555E-03 2.8148E-03 4.9262E-03 1.5841E-02 1.5453E-02 2.5527E-02 2.2274E-02 2.6113E-02 4.4776E-02 5.5030E-02 6.9774E-02 8.0258E-02 8.7154E-02 9.6894E-02 9.9983E-02 9.5573E-02 7.3605E-02 4.9293E-02 3.5103E-02 1.3303E-02 4.4067E-03 4.7053E-04 0
 0 2.1657E-04 1.3462E-03 2.7111E-03 4.9956E-03 1.5423E-02 1.5141E-02 2.6221E-02 2.1948E-02 2.5639E-02 4.5974E-02 5.5577E-02 6.7964E-02 7.9446E-02 8.8184E-02 9.6309E-02 1.0026E-01 9.5991E-02 7.4159E-02 4.7674E-02 3.5265E-02 1.3285E-02 4.3736E-03 4.5017E-04 0
 0 2.4270E-04 1.3307E-03 2.8334E-03 4.9262E-03 1.5393E-02 1.4874E-02 2.5611E-02 2.1169E-02 2.5516E-02 4.3241E-02 5.3707E-02 6.8792E-02 7.8176E-02 8.6706E-02 9.5956E-02 9.8890E-02 9.6645E-02 7.2422E-02 4.8226E-02 3.4746E-02 1.3557E-02 4.2592E-03 4.6835E-04 0
 0 1.9094E-04 1.2460E-03 2.6677E-03 4.8629E-03 1.5474E-02 1.4769E-02 2.5768E-02 2.1718E-02 2.5573E-02 4.4062E-02 5.3806E-02 7.0049E-02 7.8038E-02 8.5529E-02 9.4930E-02 9.8994E-02 9.4050E-02 7.2907E-02 4.8293E-02 3.5402E-02 1.2894E-02 4.2878E-03 4.4435E-04 0
 0 2.2109E-04 1.2409E-03 2.6259E-03 4.6833E-03 1.4997E-02 1.5611E-02 2.5506E-02 2.1777E-02 2.5297E-02 4.3859E-02 5.4477E-02 6.8891E-02 7.8176E-02 8.5863E-02 9.6299E-02 9.6803E-02 9.5696E-02 7.3204E-02 4.6955E-02 3.4228E-02 1.2553E-02 4.3706E-03 4.7853E-04 0
 0 2.1456E-04 1.3327E-03 2.5841E-03 5.1140E-03 1.4745E-02 1.4894E-02 2.5945E-02 2.1979E-02 2.5360E-02 4.3813E-02 5.4817E-02 6.8261E-02 7.8081E-02 8.6197E-02 9.5081E-02 9.8698E-02 9.4236E-02 7.3131E-02 4.8005E-02 3.4451E-02 1.2715E-02 4.3525E-03 4.8144E-04 0
 0 2.1054E-04 1.2801E-03 2.5609E-03 4.8813E-03 1.5299E-02 1.4338E-02 2.4873E-02 2.1159E-02 2.5275E-02 4.4145E-02 5.3384E-02 6.7118E-02 7.7310E-02 8.4751E-02 9.3362E-02 9.7029E-02 9.5295E-02 7.1785E-02 4.8318E-02 3.4749E-02 1.2759E-02 4.0830E-03 4.3562E-04 0
 0 2.0803E-04 1.3173E-03 2.5392E-03 4.7955E-03 1.5230E-02 1.4568E-02 2.5494E-02 2.1261E-02 2.4920E-02 4.3278E-02 5.3891E-02 6.8452E-02 7.5956E-02 8.5710E-02 9.4118E-02 9.6420E-02 9.4321E-02 7.2487E-02 4.6962E-02 3.4225E-02 1.2578E-02 4.1553E-03 4.9889E-04 0
 0 2.2360E-04 1.2491E-03 2.7281E-03 4.7588E-03 1.4462E-02 1.4710E-02 2.5203E-02 2.1675E-02 2.4603E-02 4.3673E-02 5.3465E-02 6.7558E-02 7.5942E-02 8.6013E-02 9.4248E-02 9.5256E-02 9.3702E-02 7.2219E-02 4.7510E-02 3.3740E-02 1.2686E-02 3.9957E-03 4.2835E-04 0
 0 2.1506E-04 1.2945E-03 2.6105E-03 4.7710E-03 1.4287E-02 1.4098E-02 2.4996E-02 2.1451E-02 2.4829E-02 4.2684E-02 5.2802E-02 6.6602E-02 7.5676E-02 8.4338E-02 9.3758E-02 9.5594E-02 9.3069E-02 7.1235E-02 4.5400E-02 3.4076E-02 1.2242E-02 4.0604E-03 4.4799E-04 0
 0 2.2461E-04 1.3049E-03 2.7359E-03 4.8364E-03 1.4438E-02 1.4251E-02 2.4519E-02 2.0981E-02 2.4930E-02 4.3218E-02 5.2411E-02 6.7884E-02 7.6775E-02 8.5717E-02 9.2687E-02 9.6312E-02 9.3037E-02 7.0670E-02 4.6329E-02 3.3365E-02 1.2496E-02 4.1342E-03 4.8362E-04 0
 0 2.1556E-04 1.3224E-03 2.5810E-03 4.6751E-03 1.4021E-02 1.4877E-02 2.4314E-02 2.0865E-02 2.3829E-02 4.3042E-02 5.2042E-02 6.8001E-02 7.4919E-02 8.3187E-02 9.1651E-02 9.5598E-02 9.1964E-02 7.0536E-02 4.6265E-02 3.3490E-02 1.2168E-02 4.0484E-03 4.1526E-04 0
 0 2.2310E-04 1.2192E-03 2.6043E-03 4.6363E-03 1.4255E-02 1.4265E-02 2.4870E-02 2.0763E-02 2.4092E-02 4.1833E-02 5.2017E-02 6.5759E-02 7.4719E-02 8.3123E-02 9.1147E-02 9.4458E-02 9.0526E-02 6.9950E-02 4.7030E-02 3.3426E-02 1.2022E-02 4.0499E-03 4.8362E-04 0
 0 2.0200E-04 1.2760E-03 2.7792E-03 4.7567E-03 1.4408E-02 1.4452E-02 2.4263E-02 2.0794E-02 2.4083E-02 4.2956E-02 5.2024E-02 6.5943E-02 7.6153E-02 8.2899E-02 9.0013E-02 9.4566E-02 9.2865E-02 7.1926E-02 4.6407E-02 3.2737E-02 1.1894E-02 3.9460E-03 4.5162E-04 0
 0 2.0652E-04 1.3193E-03 2.5253E-03 4.4852E-03 1.4090E-02 1.3837E-02 2.3681E-02 2.0334E-02 2.3860E-02 4.2541E-02 5.1875E-02 6.5705E-02 7.4933E-02 8.3208E-02 8.9337E-02 9.3316E-02 9.1503E-02 7.0152E-02 4.6361E-02 3.2810E-02 1.1953E-02 4.2245E-03 4.8071E-04 0
 0 2.3114E-04 1.2068E-03 2.5361E-03 4.4730E-03 1.4044E-02 1.3982E-02 2.3591E-02 2.0119E-02 2.3295E-02 4.1847E-02 5.1130E-02 6.5067E-02 7.3834E-02 8.3524E-02 9.0930E-02 9.3229E-02 9.1493E-02 7.0091E-02 4.5521E-02 3.2042E-02 1.1995E-02 3.9551E-03 4.2835E-04 0
 0 2.2812E-04 1.1738E-03 2.4587E-03 4.4750E-03 1.3970E-02 1.3512E-02 2.4008E-02 2.0131E-02 2.3540E-02 4.1073E-02 5.0740E-02 6.4983E-02 7.4639E-02 8.2845E-02 8.9519E-02 9.2309E-02 9.1222E-02 6.9990E-02 4.5888E-02 3.2557E-02 1.1711E-02 3.9400E-03 4.9817E-04 0
 0 2.3315E-04 1.3369E-03 2.5516E-03 4.6281E-03 1.3780E-02 1.3656E-02 2.3903E-02 2.0849E-02 2.4258E-02 4.0768E-02 5.1112E-02 6.4847E-02 7.4744E-02 8.2437E-02 8.8487E-02 9.1839E-02 9.1359E-02 6.8173E-02 4.6069E-02 3.1966E-02 1.1567E-02 4.2230E-03 4.5017E-04 0
 0 2.0099E-04 1.1913E-03 2.4185E-03 4.2525E-03 1.3645E-02 1.3231E-02 2.3726E-02 1.9713E-02 2.3844E-02 4.1634E-02 5.0704E-02 6.4181E-02 7.3769E-02 8.3002E-02 8.9047E-02 9.2124E-02 8.9798E-02 6.9078E-02 4.5215E-02 3.2048E-02 1.1468E-02 3.8000E-03 5.0399E-04 0
 0 2.2109E-04 1.2512E-03 2.4711E-03 4.6526E-03 1.3635E-02 1.3270E-02 2.3345E-02 1.9707E-02 2.3210E-02 4.0708E-02 4.9917E-02 6.4818E-02 7.3056E-02 8.2330E-02 8.7710E-02 9.0905E-02 8.8060E-02 6.8444E-02 4.4956E-02 3.2021E-02 1.1386E-02 3.9129E-03 4.4217E-04 0
 0 2.0250E-04 1.2243E-03 2.3798E-03 4.4158E-03 1.3310E-02 1.3645E-02 2.2894E-02 1.9704E-02 2.3455E-02 3.9834E-02 5.0186E-02 6.4873E-02 7.3205E-02 8.1143E-02 8.8032E-02 9.1776E-02 8.8584E-02 6.8158E-02 4.3842E-02 3.2350E-02 1.1443E-02 3.8753E-03 4.7344E-04 0
 0 2.2812E-04 1.2058E-03 2.3039E-03 4.5995E-03 1.3519E-02 1.3400E-02 2.2849E-02 1.9677E-02 2.2326E-02 4.0459E-02 4.8107E-02 6.3705E-02 7.2408E-02 8.0393E-02 8.7598E-02 9.2030E-02 8.8500E-02 6.7409E-02 4.4842E-02 3.0990E-02 1.1400E-02 3.8391E-03 4.5380E-04 0
 0 2.2109E-04 1.2367E-03 2.4727E-03 4.3770E-03 1.3256E-02 1.3436E-02 2.2982E-02 1.9904E-02 2.2718E-02 4.0140E-02 4.9434E-02 6.3738E-02 7.2302E-02 7.9785E-02 8.8074E-02 9.0348E-02 8.9597E-02 6.8415E-02 4.4130E-02 3.0923E-02 1.1141E-02 3.7428E-03 4.7344E-04 0
 0 2.2461E-04 1.1397E-03 2.3503E-03 4.2362E-03 1.2999E-02 1.3698E-02 2.2756E-02 1.9532E-02 2.2639E-02 3.9416E-02 4.9132E-02 6.2628E-02 7.1665E-02 8.0624E-02 8.6139E-02 8.9864E-02 8.8324E-02 6.7351E-02 4.4411E-02 3.0877E-02 1.1626E-02 3.6856E-03 4.3635E-04 0
 0 2.1104E-04 1.1572E-03 2.3426E-03 4.3076E-03 1.2955E-02 1.3122E-02 2.2768E-02 1.9904E-02 2.2668E-02 3.8719E-02 4.9622E-02 6.2595E-02 7.1942E-02 7.9430E-02 8.5558E-02 8.9216E-02 8.8524E-02 6.7076E-02 4.4244E-02 3.0457E-02 1.0917E-02 3.8060E-03 4.4144E-04 0
 0 1.9396E-04 1.1603E-03 2.3333E-03 4.5669E-03 1.2810E-02 1.3512E-02 2.2988E-02 1.9591E-02 2.2376E-02 3.8692E-02 4.8965E-02 6.2961E-02 7.0828E-02 7.8541E-02 8.6951E-02 8.7233E-02 8.6741E-02 6.6584E-02 4.4219E-02 3.0728E-02 1.1056E-02 4.0379E-03 3.9562E-04 0
 0 1.9546E-04 1.2770E-03 2.3689E-03 4.2504E-03 1.2253E-02 1.3231E-02 2.1826E-02 1.9185E-02 2.2379E-02 3.8420E-02 4.8454E-02 6.1657E-02 7.2353E-02 8.1097E-02 8.5075E-02 8.6450E-02 8.6397E-02 6.6642E-02 4.3589E-02 3.0039E-02 1.0933E-02 3.8271E-03 4.5308E-04 0
 0 1.9345E-04 1.1789E-03 2.2946E-03 4.4750E-03 1.3029E-02 1.3086E-02 2.2258E-02 1.9290E-02 2.2589E-02 3.7882E-02 4.8447E-02 6.1727E-02 7.2532E-02 7.9341E-02 8.4893E-02 8.6923E-02 8.8352E-02 6.7141E-02 4.2981E-02 3.0914E-02 1.1331E-02 3.7172E-03 4.7199E-04 0
 0 1.9195E-04 1.2873E-03 2.2729E-03 4.2423E-03 1.2970E-02 1.3072E-02 2.1877E-02 1.9305E-02 2.2128E-02 3.7948E-02 4.7922E-02 6.2089E-02 7.1538E-02 7.7869E-02 8.3213E-02 8.7819E-02 8.5007E-02 6.6193E-02 4.3490E-02 2.9195E-02 1.0750E-02 3.8241E-03 4.4726E-04 0
 0 1.9647E-04 1.1645E-03 2.4742E-03 4.5056E-03 1.2726E-02 1.3044E-02 2.1907E-02 1.9311E-02 2.2250E-02 3.7845E-02 4.8167E-02 6.1452E-02 6.9973E-02 7.7325E-02 8.3685E-02 8.6073E-02 8.5053E-02 6.6902E-02 4.2081E-02 2.9829E-02 1.0866E-02 3.5802E-03 4.4435E-04 0
 0 2.3164E-04 1.1913E-03 2.2621E-03 4.1075E-03 1.2359E-02 1.2975E-02 2.1943E-02 1.8568E-02 2.1570E-02 3.7417E-02 4.7031E-02 5.9840E-02 7.0756E-02 7.7105E-02 8.4277E-02 8.5349E-02 8.5633E-02 6.4666E-02 4.1341E-02 2.9478E-02 1.0420E-02 3.6329E-03 4.5017E-04 0
 0 1.8692E-04 1.1913E-03 2.2698E-03 4.2035E-03 1.1756E-02 1.2583E-02 2.1829E-02 1.8872E-02 2.2222E-02 3.8334E-02 4.5935E-02 6.0111E-02 7.0541E-02 7.8804E-02 8.4336E-02 8.5770E-02 8.5795E-02 6.5281E-02 4.2259E-02 2.8588E-02 1.0800E-02 3.7262E-03 4.3926E-04 0
 0 1.9697E-04 1.1975E-03 2.2667E-03 4.0912E-03 1.2303E-02 1.2583E-02 2.1580E-02 1.9299E-02 2.1300E-02 3.7271E-02 4.6804E-02 6.0298E-02 7.0159E-02 7.7745E-02 8.3804E-02 8.5453E-02 8.3720E-02 6.5006E-02 4.2778E-02 2.9073E-02 1.0420E-02 3.6660E-03 4.4290E-04 0
 0 2.1858E-04 1.0963E-03 2.4045E-03 4.0259E-03 1.2177E-02 1.2655E-02 2.1252E-02 1.8372E-02 2.1441E-02 3.6550E-02 4.6581E-02 5.9448E-02 6.8845E-02 7.7755E-02 8.1837E-02 8.4973E-02 8.6186E-02 6.6106E-02 4.1483E-02 2.8603E-02 1.0317E-02 3.4537E-03 4.5380E-04 0
 0 2.3817E-04 1.2378E-03 2.2791E-03 4.2076E-03 1.2241E-02 1.2391E-02 2.0931E-02 1.9023E-02 2.1632E-02 3.6876E-02 4.6836E-02 5.9012E-02 6.8714E-02 7.9230E-02 8.2026E-02 8.4227E-02 8.4079E-02 6.4076E-02 4.1650E-02 2.8582E-02 1.0336E-02 3.6464E-03 4.1308E-04 0
 0 2.0149E-04 1.1480E-03 2.4076E-03 4.3362E-03 1.2172E-02 1.2605E-02 2.0778E-02 1.8046E-02 2.1852E-02 3.6706E-02 4.6609E-02 5.8430E-02 6.8823E-02 7.6021E-02 8.3090E-02 8.4694E-02 8.4610E-02 6.4007E-02 4.1131E-02 2.7643E-02 1.0125E-02 3.6419E-03 4.2181E-04 0
 0 2.0099E-04 1.1283E-03 2.2327E-03 4.1116E-03 1.1918E-02 1.2633E-02 2.1204E-02 1.8765E-02 2.1209E-02 3.6524E-02 4.6155E-02 5.9027E-02 6.8193E-02 7.7041E-02 8.2180E-02 8.4551E-02 8.2728E-02 6.4572E-02 4.1469E-02 2.7509E-02 1.0178E-02 3.5591E-03 4.1744E-04 0
 0 2.2109E-04 1.0778E-03 2.2280E-03 4.3525E-03 1.1830E-02 1.2405E-02 2.0436E-02 1.8246E-02 2.1061E-02 3.6677E-02 4.5633E-02 5.8686E-02 6.6614E-02 7.6152E-02 8.0994E-02 8.2541E-02 8.3101E-02 6.3938E-02 4.1262E-02 2.7817E-02 1.0169E-02 3.4748E-03 4.2544E-04 0
 0 2.0300E-04 1.0788E-03 2.2528E-03 4.0198E-03 1.1591E-02 1.2288E-02 2.0475E-02 1.8231E-02 2.0832E-02 3.6544E-02 4.5122E-02 5.9287E-02 6.7287E-02 7.5175E-02 7.9293E-02 8.3276E-02 8.2644E-02 6.4445E-02 4.0145E-02 2.8115E-02 1.0196E-02 3.5546E-03 3.8762E-04 0
 0 2.3566E-04 1.1129E-03 2.1289E-03 4.0177E-03 1.1074E-02 1.2380E-02 2.1024E-02 1.8013E-02 2.0584E-02 3.5033E-02 4.5463E-02 5.8320E-02 6.8645E-02 7.5235E-02 7.9779E-02 8.2746E-02 8.1765E-02 6.2194E-02 4.0590E-02 2.7335E-02 9.9329E-03 3.4116E-03 3.7963E-04 0
 0 2.0953E-04 1.1149E-03 2.2946E-03 4.1647E-03 1.1741E-02 1.1935E-02 2.0949E-02 1.8151E-02 2.0867E-02 3.5159E-02 4.5062E-02 5.8551E-02 6.7688E-02 7.6234E-02 7.9034E-02 8.3739E-02 8.0639E-02 6.3265E-02 4.0715E-02 2.6777E-02 9.7796E-03 3.4477E-03 4.3853E-04 0
 0 1.8391E-04 1.1366E-03 2.2249E-03 3.9544E-03 1.1470E-02 1.1567E-02 2.0670E-02 1.7684E-02 2.0264E-02 3.4983E-02 4.4306E-02 5.7350E-02 6.6771E-02 7.4421E-02 8.0007E-02 8.0284E-02 7.9978E-02 6.3287E-02 3.9935E-02 2.7786E-02 9.6538E-03 3.3679E-03 4.4944E-04 0
 0 2.0551E-04 1.1469E-03 2.2729E-03 3.8054E-03 1.1640E-02 1.1979E-02 2.0120E-02 1.8052E-02 2.0164E-02 3.4475E-02 4.3763E-02 5.7577E-02 6.7149E-02 7.4887E-02 7.8950E-02 8.1168E-02 8.1860E-02 6.2838E-02 3.9658E-02 2.6493E-02 1.0413E-02 3.5576E-03 4.0799E-04 0
 0 1.9647E-04 1.0592E-03 2.2311E-03 4.0871E-03 1.1204E-02 1.1990E-02 1.9949E-02 1.7709E-02 2.0741E-02 3.4302E-02 4.5846E-02 5.6756E-02 6.5944E-02 7.4179E-02 7.9023E-02 8.0886E-02 7.9257E-02 6.2085E-02 3.9498E-02 2.6942E-02 9.9146E-03 3.3528E-03 4.1162E-04 0
 0 1.9094E-04 1.1376E-03 2.2064E-03 4.2096E-03 1.1581E-02 1.1773E-02 2.0502E-02 1.7785E-02 1.9995E-02 3.4233E-02 4.3987E-02 5.6188E-02 6.6352E-02 7.3828E-02 7.7802E-02 8.0848E-02 8.0734E-02 6.1640E-02 3.8832E-02 2.7006E-02 9.8437E-03 3.5395E-03 4.1890E-04 0
 0 1.7587E-04 1.0695E-03 2.0778E-03 4.0320E-03 1.1029E-02 1.1690E-02 1.9334E-02 1.6947E-02 2.0566E-02 3.3851E-02 4.2933E-02 5.5584E-02 6.5540E-02 7.4414E-02 7.7581E-02 8.0364E-02 8.0477E-02 6.0261E-02 3.9434E-02 2.6518E-02 9.4844E-03 3.3845E-03 4.1090E-04 0
 0 2.0551E-04 1.1892E-03 2.1491E-03 4.0157E-03 1.0707E-02 1.2012E-02 2.0274E-02 1.7669E-02 1.9885E-02 3.4674E-02 4.4100E-02 5.6166E-02 6.5471E-02 7.3916E-02 7.7697E-02 7.8901E-02 7.9496E-02 6.1350E-02 3.8615E-02 2.6807E-02 9.2831E-03 3.3814E-03 4.1235E-04 0
 0 1.8994E-04 1.0860E-03 2.1336E-03 3.9524E-03 1.0978E-02 1.1629E-02 1.9736E-02 1.7092E-02 1.9825E-02 3.2755E-02 4.3153E-02 5.5969E-02 6.5464E-02 7.2175E-02 7.6857E-02 7.8357E-02 7.8758E-02 5.9892E-02 3.8181E-02 2.6402E-02 9.3677E-03 3.4281E-03 4.4944E-04 0
 0 2.0250E-04 1.1500E-03 2.1584E-03 3.8707E-03 1.0443E-02 1.1409E-02 1.9193E-02 1.7055E-02 2.0199E-02 3.3572E-02 4.2911E-02 5.6375E-02 6.5049E-02 7.2982E-02 7.6185E-02 7.9371E-02 7.8290E-02 6.0612E-02 3.9868E-02 2.6231E-02 9.3311E-03 3.3814E-03 4.2326E-04 0
 0 2.1908E-04 1.1572E-03 2.0763E-03 3.8646E-03 1.0456E-02 1.1398E-02 1.9826E-02 1.7881E-02 2.0343E-02 3.2971E-02 4.2503E-02 5.4218E-02 6.4128E-02 7.2402E-02 7.6699E-02 7.7068E-02 7.7713E-02 6.0192E-02 3.7822E-02 2.5875E-02 8.8964E-03 3.4371E-03 4.0653E-04 0
 0 1.9898E-04 1.0230E-03 2.0933E-03 3.9136E-03 1.0569E-02 1.1551E-02 1.9112E-02 1.7681E-02 2.0067E-02 3.2858E-02 4.2351E-02 5.4789E-02 6.2705E-02 7.1450E-02 7.7067E-02 7.6027E-02 7.7112E-02 5.9620E-02 3.7793E-02 2.5131E-02 9.1183E-03 3.3333E-03 4.1744E-04 0
 0 1.8592E-04 1.0643E-03 2.1057E-03 3.9258E-03 1.0483E-02 1.1387E-02 1.8878E-02 1.7386E-02 1.9471E-02 3.2592E-02 4.2187E-02 5.4460E-02 6.2927E-02 7.1350E-02 7.5657E-02 7.7821E-02 7.7323E-02 6.0315E-02 3.7388E-02 2.5371E-02 9.2442E-03 3.1917E-03 4.2981E-04 0
 0 1.8190E-04 1.0757E-03 1.9834E-03 3.9912E-03 1.0249E-02 1.1117E-02 1.9304E-02 1.7156E-02 1.9828E-02 3.3004E-02 4.2248E-02 5.3921E-02 6.3357E-02 7.1642E-02 7.5181E-02 7.5762E-02 7.7361E-02 5.9975E-02 3.7046E-02 2.5472E-02 9.0268E-03 3.2444E-03 3.7308E-04 0
 0 2.0551E-04 1.0891E-03 2.1785E-03 3.6217E-03 1.0633E-02 1.1217E-02 1.8517E-02 1.6932E-02 1.9163E-02 3.2071E-02 4.0952E-02 5.4566E-02 6.3408E-02 7.0333E-02 7.4572E-02 7.6148E-02 7.6148E-02 5.9114E-02 3.7872E-02 2.4734E-02 9.0749E-03 3.1752E-03 4.2399E-04 0
 0 2.1305E-04 1.0829E-03 1.9586E-03 3.8544E-03 1.0365E-02 1.0978E-02 1.8772E-02 1.6831E-02 1.8501E-02 3.2336E-02 4.1062E-02 5.4229E-02 6.2371E-02 7.1208E-02 7.3322E-02 7.4027E-02 7.5237E-02 5.9041E-02 3.5868E-02 2.4231E-02 8.7316E-03 3.4281E-03 4.0435E-04 0
 0 1.9496E-04 1.0478E-03 2.0562E-03 3.9544E-03 1.0404E-02 1.1284E-02 1.8601E-02 1.6358E-02 1.8689E-02 3.2326E-02 4.1655E-02 5.2786E-02 6.1603E-02 7.1066E-02 7.3952E-02 7.5065E-02 7.5343E-02 5.8361E-02 3.7854E-02 2.4896E-02 8.8369E-03 3.2083E-03 4.2908E-04 0
 0 1.9245E-04 1.0963E-03 2.0020E-03 3.7319E-03 1.0281E-02 1.1050E-02 1.8454E-02 1.6259E-02 1.9116E-02 3.2157E-02 4.0094E-02 5.1826E-02 6.1028E-02 6.9399E-02 7.3812E-02 7.4710E-02 7.5262E-02 5.9338E-02 3.7452E-02 2.4646E-02 8.5028E-03 3.1044E-03 4.1744E-04 0
 0 1.8290E-04 9.8278E-04 2.0871E-03 3.5808E-03 9.6997E-03 1.1083E-02 1.8022E-02 1.6342E-02 1.8602E-02 3.1656E-02 4.0654E-02 5.3108E-02 6.1868E-02 6.9768E-02 7.2433E-02 7.3595E-02 7.5933E-02 5.8176E-02 3.6783E-02 2.4042E-02 8.6515E-03 3.2309E-03 3.8981E-04 0
 0 1.7185E-04 1.0778E-03 2.0097E-03 3.5543E-03 1.0099E-02 1.0488E-02 1.8271E-02 1.6517E-02 1.8363E-02 3.0842E-02 4.0264E-02 5.1800E-02 6.2694E-02 7.0664E-02 7.1747E-02 7.2707E-02 7.3697E-02 5.8462E-02 3.6303E-02 2.4192E-02 8.5371E-03 3.2053E-03 4.1453E-04 0
 0 1.8592E-04 1.0468E-03 2.0438E-03 3.6747E-03 9.7736E-03 1.1270E-02 1.8406E-02 1.6702E-02 1.8614E-02 3.1251E-02 4.0640E-02 5.1196E-02 6.1191E-02 6.8734E-02 7.2580E-02 7.4253E-02 7.3827E-02 5.7380E-02 3.6110E-02 2.4009E-02 8.3312E-03 3.2203E-03 4.3926E-04 0
 0 1.7838E-04 1.0788E-03 2.0175E-03 3.8830E-03 9.5446E-03 1.0691E-02 1.7665E-02 1.6321E-02 1.8627E-02 3.1420E-02 4.0012E-02 5.2101E-02 5.9852E-02 6.7796E-02 7.2139E-02 7.3100E-02 7.2086E-02 5.7185E-02 3.7302E-02 2.3372E-02 8.7454E-03 3.0698E-03 4.0726E-04 0
 0 2.1556E-04 1.0550E-03 2.0175E-03 3.5972E-03 9.6333E-03 1.1017E-02 1.7668E-02 1.6333E-02 1.8398E-02 3.0493E-02 3.9054E-02 4.9786E-02 5.9648E-02 6.6822E-02 7.0358E-02 7.2620E-02 7.4006E-02 5.6989E-02 3.6267E-02 2.3682E-02 8.4845E-03 3.1059E-03 3.8253E-04 0
 0 1.9245E-04 1.0313E-03 2.0082E-03 3.6584E-03 9.6653E-03 1.0928E-02 1.7812E-02 1.6441E-02 1.8542E-02 3.0191E-02 4.0225E-02 5.2240E-02 5.9619E-02 6.8236E-02 7.1142E-02 7.2790E-02 7.2736E-02 5.7528E-02 3.5420E-02 2.3777E-02 7.9445E-03 3.0562E-03 3.9926E-04 0
 0 2.0602E-04 1.0406E-03 1.9633E-03 3.6421E-03 9.1186E-03 1.0274E-02 1.7355E-02 1.5842E-02 1.7579E-02 2.9650E-02 3.8887E-02 4.9577E-02 5.9437E-02 6.6612E-02 7.0165E-02 7.1393E-02 7.2346E-02 5.5693E-02 3.5114E-02 2.3408E-02 8.3129E-03 3.0156E-03 4.0072E-04 0
 0 1.9094E-04 9.8485E-04 1.8735E-03 3.5175E-03 9.2590E-03 1.0588E-02 1.7259E-02 1.6106E-02 1.8319E-02 2.9726E-02 3.9174E-02 4.9815E-02 5.8069E-02 6.6527E-02 7.0442E-02 7.1902E-02 7.0682E-02 5.5328E-02 3.5548E-02 2.3347E-02 8.5051E-03 3.0502E-03 3.6072E-04 0
 0 1.9345E-04 9.9001E-04 2.0608E-03 3.5849E-03 9.6160E-03 1.0394E-02 1.7818E-02 1.5986E-02 1.8194E-02 2.8996E-02 3.8490E-02 5.0079E-02 6.0504E-02 6.7010E-02 6.9427E-02 6.9247E-02 7.2240E-02 5.5064E-02 3.5342E-02 2.2381E-02 8.2511E-03 3.1285E-03 4.2035E-04 0
 0 1.8692E-04 9.9001E-04 2.0484E-03 3.7054E-03 9.1137E-03 1.0530E-02 1.7425E-02 1.6127E-02 1.8002E-02 2.9687E-02 3.8404E-02 4.8962E-02 5.8167E-02 6.4277E-02 6.8485E-02 7.0240E-02 7.0707E-02 5.5198E-02 3.4915E-02 2.2506E-02 7.9788E-03 3.0427E-03 4.4290E-04 0
 0 2.3516E-04 9.8691E-04 1.9555E-03 3.5380E-03 9.1383E-03 1.0118E-02 1.7172E-02 1.5219E-02 1.7369E-02 2.9105E-02 3.7549E-02 4.8343E-02 5.9226E-02 6.5414E-02 6.7974E-02 6.8815E-02 7.1224E-02 5.6055E-02 3.4431E-02 2.2942E-02 7.9514E-03 3.0066E-03 3.8762E-04 0
 0 1.8742E-04 1.0303E-03 1.8766E-03 3.5788E-03 9.1014E-03 1.0171E-02 1.7052E-02 1.5627E-02 1.7755E-02 2.8461E-02 3.7588E-02 4.8855E-02 5.6981E-02 6.4735E-02 6.8254E-02 6.8206E-02 7.2103E-02 5.4564E-02 3.4274E-02 2.2676E-02 8.2648E-03 2.9358E-03 3.9417E-04 0
 0 1.9647E-04 9.7968E-04 1.9369E-03 3.5665E-03 8.9782E-03 1.0207E-02 1.6575E-02 1.5351E-02 1.8159E-02 2.8946E-02 3.6825E-02 4.9104E-02 5.6355E-02 6.6807E-02 6.7824E-02 6.8951E-02 7.0042E-02 5.3102E-02 3.4595E-02 2.3201E-02 7.8187E-03 2.7702E-03 3.8908E-04 0
 0 1.8793E-04 9.9517E-04 1.9803E-03 3.6319E-03 9.2885E-03 1.0310E-02 1.7163E-02 1.5338E-02 1.7253E-02 2.8103E-02 3.6378E-02 4.9159E-02 5.6704E-02 6.4941E-02 6.7260E-02 6.8370E-02 7.1002E-02 5.4781E-02 3.3374E-02 2.1990E-02 7.7592E-03 3.0141E-03 4.0508E-04 0
 0 1.7436E-04 1.0705E-03 1.9354E-03 3.3726E-03 8.7665E-03 1.0013E-02 1.6173E-02 1.5403E-02 1.7089E-02 2.7990E-02 3.7045E-02 4.7980E-02 5.6963E-02 6.5179E-02 6.7285E-02 6.6896E-02 7.0271E-02 5.4720E-02 3.4413E-02 2.2804E-02 7.5464E-03 2.8711E-03 4.1671E-04 0
 0 2.1205E-04 9.8175E-04 1.8115E-03 3.4114E-03 8.6433E-03 1.0093E-02 1.6596E-02 1.5200E-02 1.7701E-02 2.8020E-02 3.6598E-02 4.7581E-02 5.7192E-02 6.3032E-02 6.6963E-02 6.6920E-02 6.8829E-02 5.4307E-02 3.3670E-02 2.2311E-02 7.5990E-03 2.9749E-03 3.6363E-04 0
 0 2.1757E-04 9.8072E-04 1.8146E-03 3.5808E-03 8.4784E-03 9.8653E-03 1.6734E-02 1.5338E-02 1.7256E-02 2.7697E-02 3.5803E-02 4.7123E-02 5.6821E-02 6.3548E-02 6.6662E-02 6.7342E-02 6.8523E-02 5.3580E-02 3.3620E-02 2.1792E-02 7.7866E-03 2.8831E-03 3.7308E-04 0
 0 1.9546E-04 1.0034E-03 1.8332E-03 3.5135E-03 8.8871E-03 1.0207E-02 1.6785E-02 1.5655E-02 1.6926E-02 2.7359E-02 3.6169E-02 4.5833E-02 5.4997E-02 6.3633E-02 6.6662E-02 6.8220E-02 6.8136E-02 5.2328E-02 3.3598E-02 2.2274E-02 7.9720E-03 2.7566E-03 4.1671E-04 0
 0 1.9898E-04 9.4768E-04 1.7264E-03 3.2971E-03 8.4710E-03 1.0168E-02 1.6068E-02 1.4645E-02 1.6540E-02 2.6994E-02 3.5203E-02 4.7485E-02 5.5660E-02 6.2631E-02 6.6361E-02 6.6791E-02 6.7151E-02 5.1520E-02 3.3075E-02 2.0692E-02 7.8736E-03 2.8394E-03 4.0653E-04 0
 0 1.7587E-04 1.0138E-03 1.8595E-03 3.2031E-03 8.8009E-03 9.9571E-03 1.6140E-02 1.4694E-02 1.6907E-02 2.6957E-02 3.6467E-02 4.6852E-02 5.5911E-02 6.3633E-02 6.4887E-02 6.5774E-02 6.8087E-02 5.2541E-02 3.3115E-02 2.1469E-02 7.6127E-03 2.7581E-03 4.1453E-04 0
 0 1.9898E-04 1.0189E-03 1.8177E-03 3.3522E-03 8.1681E-03 9.6038E-03 1.6056E-02 1.5108E-02 1.6597E-02 2.7402E-02 3.5225E-02 4.6123E-02 5.4692E-02 6.1842E-02 6.4093E-02 6.5712E-02 6.7236E-02 5.2910E-02 3.2962E-02 2.1356E-02 7.5464E-03 2.7130E-03 4.2399E-04 0
 0 2.1506E-04 9.5904E-04 1.8905E-03 3.1991E-03 8.6187E-03 9.7457E-03 1.5413E-02 1.4672E-02 1.7202E-02 2.6635E-02 3.5746E-02 4.4951E-02 5.5689E-02 6.1909E-02 6.4296E-02 6.6015E-02 6.5882E-02 5.1082E-02 3.2314E-02 2.0820E-02 7.4228E-03 2.8304E-03 3.8762E-04 0
 0 1.7788E-04 9.3942E-04 1.9602E-03 3.3358E-03 8.5916E-03 1.0099E-02 1.5644E-02 1.4746E-02 1.6343E-02 2.6864E-02 3.4700E-02 4.4691E-02 5.4488E-02 6.2133E-02 6.5703E-02 6.2820E-02 6.7313E-02 5.1101E-02 3.2531E-02 2.0820E-02 7.3976E-03 2.7747E-03 4.0290E-04 0
 0 2.1958E-04 9.7452E-04 1.8920E-03 3.3338E-03 8.1287E-03 9.6233E-03 1.5536E-02 1.4663E-02 1.6446E-02 2.7156E-02 3.4976E-02 4.4431E-02 5.4146E-02 6.1166E-02 6.3096E-02 6.2733E-02 6.6814E-02 5.1484E-02 3.2919E-02 2.0805E-02 7.3725E-03 2.7476E-03 3.8690E-04 0
 0 1.9647E-04 1.0396E-03 1.7651E-03 3.1991E-03 8.2567E-03 9.5816E-03 1.5920E-02 1.4270E-02 1.6368E-02 2.6479E-02 3.4774E-02 4.5669E-02 5.3720E-02 6.0839E-02 6.2823E-02 6.3587E-02 6.5122E-02 5.1054E-02 3.1980E-02 1.9899E-02 7.2787E-03 2.7687E-03 3.8908E-04 0
 0 1.8441E-04 1.0138E-03 1.8394E-03 3.3318E-03 8.0031E-03 9.9098E-03 1.5494E-02 1.4335E-02 1.6735E-02 2.6047E-02 3.4611E-02 4.3793E-02 5.3607E-02 6.0562E-02 6.1353E-02 6.3548E-02 6.5259E-02 5.0185E-02 3.2300E-02 2.0329E-02 7.0590E-03 2.8696E-03 3.9199E-04 0
 0 1.9597E-04 9.7762E-04 1.9168E-03 3.1848E-03 7.8233E-03 9.5148E-03 1.5791E-02 1.4064E-02 1.6311E-02 2.5778E-02 3.3493E-02 4.3826E-02 5.2228E-02 6.0807E-02 6.2735E-02 6.2629E-02 6.5115E-02 4.9577E-02 3.2367E-02 2.0420E-02 7.0178E-03 2.7265E-03 4.1017E-04 0
 0 2.2913E-04 1.0158E-03 1.7186E-03 3.2297E-03 8.3011E-03 9.4147E-03 1.5695E-02 1.4513E-02 1.5812E-02 2.5214E-02 3.3571E-02 4.4266E-02 5.2472E-02 6.0125E-02 6.1514E-02 6.2472E-02 6.4573E-02 5.0373E-02 3.1674E-02 1.9750E-02 7.0590E-03 2.6227E-03 3.5563E-04 0
 0 2.0652E-04 9.8485E-04 1.7496E-03 3.3379E-03 7.6485E-03 9.3479E-03 1.5278E-02 1.4061E-02 1.5938E-02 2.4945E-02 3.3649E-02 4.3119E-02 5.2137E-02 5.9346E-02 6.0548E-02 6.1329E-02 6.3022E-02 5.0105E-02 3.1723E-02 1.9936E-02 6.8096E-03 2.6768E-03 3.8908E-04 0
 0 1.9446E-04 1.0168E-03 1.7930E-03 3.4563E-03 7.9391E-03 9.3340E-03 1.4639E-02 1.4249E-02 1.6537E-02 2.5363E-02 3.3397E-02 4.4269E-02 5.2879E-02 5.8582E-02 6.0744E-02 6.1089E-02 6.3370E-02 4.9816E-02 3.1247E-02 1.9902E-02 6.7135E-03 2.8214E-03 4.0072E-04 0
 0 2.0953E-04 1.0034E-03 1.7264E-03 3.2317E-03 7.8012E-03 9.1533E-03 1.5392E-02 1.3981E-02 1.5499E-02 2.5303E-02 3.3227E-02 4.3119E-02 5.1558E-02 5.8806E-02 6.1136E-02 6.1604E-02 6.1510E-02 4.8744E-02 3.1478E-02 1.9366E-02 6.7386E-03 2.6723E-03 3.9344E-04 0
 0 1.9597E-04 9.3426E-04 1.7264E-03 3.3032E-03 7.6928E-03 9.0893E-03 1.4936E-02 1.3868E-02 1.5637E-02 2.5004E-02 3.2734E-02 4.3636E-02 5.0412E-02 5.8220E-02 6.0359E-02 6.0047E-02 6.2889E-02 4.9486E-02 3.1307E-02 1.9241E-02 6.8050E-03 2.7491E-03 3.8326E-04 0
 0 2.0501E-04 9.2497E-04 1.8100E-03 3.3542E-03 8.1090E-03 9.3897E-03 1.4302E-02 1.3911E-02 1.5511E-02 2.4832E-02 3.2844E-02 4.2233E-02 5.0980E-02 5.7736E-02 5.9382E-02 6.1145E-02 6.1425E-02 4.8846E-02 3.1304E-02 1.9881E-02 7.0842E-03 2.5895E-03 3.7890E-04 0
 0 1.9496E-04 9.8381E-04 1.6350E-03 3.3726E-03 7.9341E-03 9.2951E-03 1.4248E-02 1.3499E-02 1.5568E-02 2.3932E-02 3.1878E-02 4.2332E-02 5.0357E-02 5.8312E-02 5.9662E-02 6.0605E-02 6.0381E-02 4.8039E-02 3.0072E-02 1.9070E-02 6.8485E-03 2.6347E-03 3.8908E-04 0
 0 2.0049E-04 9.4149E-04 1.7589E-03 3.2746E-03 7.7174E-03 8.7444E-03 1.4702E-02 1.3693E-02 1.5411E-02 2.3613E-02 3.2577E-02 4.1709E-02 5.0583E-02 5.6592E-02 5.9410E-02 6.0403E-02 6.0061E-02 4.8611E-02 3.1318E-02 1.8737E-02 6.4412E-03 2.8681E-03 3.6726E-04 0
 0 1.9094E-04 9.4562E-04 1.6691E-03 3.1684E-03 7.6239E-03 9.3980E-03 1.4560E-02 1.4141E-02 1.5254E-02 2.3736E-02 3.2826E-02 4.1324E-02 4.9848E-02 5.6933E-02 5.9312E-02 5.8783E-02 6.0272E-02 4.8477E-02 3.0211E-02 1.8423E-02 6.4160E-03 2.5790E-03 4.0799E-04 0
 0 1.9747E-04 9.6110E-04 1.7372E-03 3.1031E-03 7.5722E-03 8.9363E-03 1.4083E-02 1.3570E-02 1.4554E-02 2.3218E-02 3.1321E-02 4.2031E-02 5.0041E-02 5.7143E-02 6.0499E-02 5.9762E-02 6.0972E-02 4.7684E-02 3.0275E-02 1.8777E-02 6.9400E-03 2.5745E-03 3.6581E-04 0
 0 2.0602E-04 9.4871E-04 1.6582E-03 3.0929E-03 7.6411E-03 9.2784E-03 1.3858E-02 1.2984E-02 1.4956E-02 2.3430E-02 3.1971E-02 4.1464E-02 5.0470E-02 5.6830E-02 5.7590E-02 5.9810E-02 5.9969E-02 4.6891E-02 3.0624E-02 1.8109E-02 6.6357E-03 2.6076E-03 3.5781E-04 0
 0 2.0250E-04 9.3736E-04 1.6118E-03 3.2011E-03 7.5820E-03 9.2478E-03 1.4554E-02 1.3558E-02 1.4812E-02 2.3294E-02 3.0700E-02 4.0918E-02 4.9426E-02 5.6307E-02 5.8021E-02 5.8786E-02 6.1084E-02 4.6920E-02 3.0065E-02 1.8936E-02 6.3474E-03 2.4284E-03 3.7090E-04 0
 0 1.8290E-04 8.5787E-04 1.6954E-03 3.0929E-03 7.2126E-03 8.8529E-03 1.3498E-02 1.3460E-02 1.4476E-02 2.3334E-02 3.1023E-02 4.0416E-02 4.7915E-02 5.6048E-02 5.7968E-02 5.7522E-02 5.9041E-02 4.6468E-02 2.9670E-02 1.8204E-02 6.3954E-03 2.4872E-03 3.7381E-04 0
 0 1.8139E-04 8.6406E-04 1.6970E-03 3.0827E-03 7.3949E-03 8.9335E-03 1.3948E-02 1.3146E-02 1.4862E-02 2.3092E-02 3.0782E-02 4.0328E-02 4.6940E-02 5.5628E-02 5.7233E-02 5.6943E-02 5.7873E-02 4.6258E-02 2.9432E-02 1.7814E-02 6.2147E-03 2.3607E-03 3.7526E-04 0
 0 2.2561E-04 9.2084E-04 1.5313E-03 3.2583E-03 6.8925E-03 8.7388E-03 1.3915E-02 1.2990E-02 1.4887E-02 2.2584E-02 3.0317E-02 3.9196E-02 4.7832E-02 5.4957E-02 5.7219E-02 5.7083E-02 5.8928E-02 4.6388E-02 2.8998E-02 1.7698E-02 6.3771E-03 2.4450E-03 3.8690E-04 0
 0 2.1054E-04 9.0432E-04 1.6552E-03 3.0949E-03 7.1732E-03 8.6137E-03 1.3582E-02 1.2732E-02 1.4576E-02 2.2235E-02 3.0299E-02 3.9797E-02 4.7631E-02 5.5337E-02 5.6064E-02 5.6630E-02 5.8464E-02 4.5473E-02 2.8582E-02 1.8216E-02 6.2124E-03 2.5925E-03 3.6653E-04 0
 0 1.7285E-04 8.4755E-04 1.6443E-03 2.9725E-03 6.6832E-03 8.8418E-03 1.3720E-02 1.3404E-02 1.4206E-02 2.3095E-02 3.0253E-02 3.9185E-02 4.6714E-02 5.4096E-02 5.5151E-02 5.6508E-02 5.7782E-02 4.5588E-02 2.8987E-02 1.7500E-02 6.2284E-03 2.4766E-03 4.0217E-04 0
 0 2.0099E-04 9.5697E-04 1.6892E-03 3.0133E-03 6.8383E-03 8.1687E-03 1.3531E-02 1.3331E-02 1.3949E-02 2.1807E-02 2.9071E-02 3.8812E-02 4.6503E-02 5.3712E-02 5.5987E-02 5.6588E-02 5.7500E-02 4.4962E-02 2.8731E-02 1.7673E-02 6.2467E-03 2.5835E-03 3.4254E-04 0
 0 1.8139E-04 9.5491E-04 1.7155E-03 3.0357E-03 6.9713E-03 8.5887E-03 1.3906E-02 1.2864E-02 1.4507E-02 2.2803E-02 2.9593E-02 3.8420E-02 4.7984E-02 5.3823E-02 5.4706E-02 5.4616E-02 5.7515E-02 4.4857E-02 2.8062E-02 1.7366E-02 5.8760E-03 2.3938E-03 3.4981E-04 0
 0 1.9647E-04 9.5078E-04 1.5855E-03 3.0072E-03 7.1979E-03 8.6387E-03 1.3255E-02 1.3097E-02 1.4231E-02 2.1893E-02 3.0242E-02 3.8676E-02 4.6572E-02 5.3670E-02 5.5753E-02 5.4979E-02 5.5541E-02 4.5310E-02 2.8592E-02 1.7359E-02 5.7593E-03 2.5353E-03 3.8035E-04 0
 0 1.9999E-04 8.9297E-04 1.6598E-03 2.7887E-03 6.7817E-03 8.5024E-03 1.3267E-02 1.3088E-02 1.4551E-02 2.2072E-02 2.8961E-02 3.8273E-02 4.5557E-02 5.2593E-02 5.3677E-02 5.4947E-02 5.7237E-02 4.4966E-02 2.7856E-02 1.7216E-02 6.0110E-03 2.2583E-03 3.7090E-04 0
 0 1.9044E-04 8.8471E-04 1.5994E-03 2.9255E-03 6.5921E-03 8.8084E-03 1.2870E-02 1.2861E-02 1.4008E-02 2.2056E-02 2.9462E-02 3.8544E-02 4.5612E-02 5.2959E-02 5.4297E-02 5.3704E-02 5.6294E-02 4.4832E-02 2.7770E-02 1.6667E-02 6.0636E-03 2.5037E-03 3.8253E-04 0
 0 1.9446E-04 9.3013E-04 1.6552E-03 2.8765E-03 6.9418E-03 8.2410E-03 1.2867E-02 1.2241E-02 1.4482E-02 2.2291E-02 2.8461E-02 3.7405E-02 4.5324E-02 5.2938E-02 5.3891E-02 5.3616E-02 5.5714E-02 4.4152E-02 2.7888E-02 1.7344E-02 6.0522E-03 2.3622E-03 3.8544E-04 0
 0 2.0953E-04 8.6200E-04 1.5762E-03 2.9418E-03 6.7004E-03 8.4913E-03 1.2522E-02 1.2981E-02 1.3861E-02 2.1242E-02 2.8873E-02 3.6947E-02 4.5637E-02 5.2188E-02 5.4325E-02 5.3254E-02 5.5999E-02 4.3746E-02 2.7667E-02 1.7292E-02 5.8646E-03 2.4450E-03 3.3817E-04 0
 0 1.9446E-04 8.1658E-04 1.4941E-03 2.7316E-03 6.9171E-03 8.0018E-03 1.2801E-02 1.2588E-02 1.4281E-02 2.1279E-02 2.8596E-02 3.6090E-02 4.4895E-02 5.1864E-02 5.3586E-02 5.2240E-02 5.4075E-02 4.3533E-02 2.8251E-02 1.6518E-02 5.8669E-03 2.3215E-03 3.4108E-04 0
 0 1.7838E-04 9.1568E-04 1.5684E-03 2.9480E-03 6.3926E-03 8.2354E-03 1.2747E-02 1.2535E-02 1.3936E-02 2.0638E-02 2.8312E-02 3.7427E-02 4.4822E-02 5.1438E-02 5.2001E-02 5.3164E-02 5.3801E-02 4.4155E-02 2.7329E-02 1.7204E-02 6.0819E-03 2.4104E-03 3.7890E-04 0
 0 1.9496E-04 8.8884E-04 1.5839E-03 3.2072E-03 6.4960E-03 8.2466E-03 1.2756E-02 1.2959E-02 1.3896E-02 2.0518E-02 2.8074E-02 3.6856E-02 4.4436E-02 5.0645E-02 5.2323E-02 5.0603E-02 5.3101E-02 4.2870E-02 2.7749E-02 1.6164E-02 5.8714E-03 2.2824E-03 3.8908E-04 0
 0 2.1456E-04 8.5890E-04 1.6335E-03 2.8336E-03 6.3729E-03 8.1603E-03 1.2756E-02 1.2357E-02 1.3717E-02 2.0385E-02 2.8571E-02 3.6255E-02 4.4018E-02 4.9760E-02 5.1906E-02 5.2296E-02 5.2566E-02 4.3160E-02 2.7094E-02 1.5859E-02 5.7227E-03 2.4375E-03 3.4908E-04 0
 0 1.8692E-04 8.1658E-04 1.4771E-03 2.7806E-03 6.7472E-03 8.3328E-03 1.2705E-02 1.2225E-02 1.3657E-02 2.0787E-02 2.7261E-02 3.5691E-02 4.2653E-02 5.1768E-02 5.2918E-02 5.2017E-02 5.3333E-02 4.2870E-02 2.6251E-02 1.6332E-02 5.7708E-03 2.2553E-03 3.6435E-04 0
 0 1.7888E-04 8.8368E-04 1.6799E-03 2.8990E-03 6.3138E-03 8.0519E-03 1.2477E-02 1.2505E-02 1.3874E-02 2.0525E-02 2.7286E-02 3.5783E-02 4.3574E-02 5.0904E-02 5.1714E-02 5.0680E-02 5.2077E-02 4.2244E-02 2.6031E-02 1.5658E-02 5.6060E-03 2.3788E-03 3.4763E-04 0
 0 1.7486E-04 9.1465E-04 1.5715E-03 2.8867E-03 6.3311E-03 8.3022E-03 1.2306E-02 1.2124E-02 1.3481E-02 2.0010E-02 2.7041E-02 3.5548E-02 4.2474E-02 5.0862E-02 5.0682E-02 5.1209E-02 5.3983E-02 4.1777E-02 2.7034E-02 1.5963E-02 5.6609E-03 2.2357E-03 3.7817E-04 0
 0 1.6381E-04 8.7542E-04 1.6025E-03 2.9357E-03 5.9715E-03 7.7487E-03 1.2240E-02 1.1970E-02 1.3117E-02 2.0256E-02 2.7300E-02 3.5043E-02 4.2755E-02 4.9184E-02 5.0458E-02 5.1035E-02 5.2461E-02 4.1973E-02 2.6319E-02 1.5082E-02 5.5053E-03 2.5007E-03 3.5054E-04 0
 0 1.8340E-04 8.7645E-04 1.5638E-03 3.0398E-03 6.0626E-03 8.0852E-03 1.2051E-02 1.1455E-02 1.3761E-02 2.0077E-02 2.6488E-02 3.4380E-02 4.3664E-02 4.9163E-02 5.0087E-02 4.9715E-02 5.1564E-02 4.1307E-02 2.5262E-02 1.5701E-02 5.5168E-03 2.1875E-03 3.3454E-04 0
 0 1.7989E-04 8.3516E-04 1.4740E-03 2.8336E-03 6.1341E-03 7.8600E-03 1.2015E-02 1.2195E-02 1.3557E-02 1.9781E-02 2.6797E-02 3.3508E-02 4.2700E-02 4.9977E-02 5.0451E-02 4.9366E-02 5.2612E-02 4.1821E-02 2.5305E-02 1.5363E-02 5.5831E-03 2.2101E-03 3.7890E-04 0
 0 1.6883E-04 8.6200E-04 1.5282E-03 2.8949E-03 5.8533E-03 7.9017E-03 1.1856E-02 1.2047E-02 1.3095E-02 1.9260E-02 2.6126E-02 3.3896E-02 4.2445E-02 4.8395E-02 5.0213E-02 4.8297E-02 5.2190E-02 4.0634E-02 2.6087E-02 1.4942E-02 5.5671E-03 2.2914E-03 3.6508E-04 0
 0 1.7989E-04 8.3000E-04 1.5561E-03 2.7969E-03 5.9346E-03 7.9323E-03 1.1654E-02 1.1728E-02 1.2622E-02 1.9316E-02 2.6438E-02 3.3764E-02 4.2547E-02 4.7919E-02 4.9534E-02 4.8412E-02 5.0646E-02 4.0239E-02 2.5803E-02 1.4969E-02 5.4596E-03 2.3667E-03 3.7453E-04 0
 0 1.8240E-04 8.1658E-04 1.4709E-03 2.7846E-03 6.1808E-03 7.9350E-03 1.1558E-02 1.1562E-02 1.3205E-02 1.9117E-02 2.6541E-02 3.4024E-02 4.1223E-02 4.7677E-02 4.8722E-02 4.9136E-02 5.1265E-02 4.0518E-02 2.6073E-02 1.5338E-02 5.4573E-03 2.3411E-03 3.6726E-04 0
 0 2.1657E-04 8.0212E-04 1.4245E-03 2.9051E-03 5.6440E-03 7.7626E-03 1.1940E-02 1.1838E-02 1.3221E-02 1.9479E-02 2.6388E-02 3.3372E-02 4.0648E-02 4.7645E-02 4.8354E-02 4.8785E-02 5.0885E-02 3.9649E-02 2.5049E-02 1.5329E-02 5.5236E-03 2.3607E-03 3.9272E-04 0
 0 1.9345E-04 8.4445E-04 1.6149E-03 2.8234E-03 5.9395E-03 7.8739E-03 1.1907E-02 1.1869E-02 1.2785E-02 1.9273E-02 2.5508E-02 3.3409E-02 4.1113E-02 4.7222E-02 4.8029E-02 4.7666E-02 5.0188E-02 4.0221E-02 2.4728E-02 1.4856E-02 5.2010E-03 2.2809E-03 3.6435E-04 0
 0 1.9245E-04 8.7645E-04 1.4910E-03 2.8153E-03 6.0331E-03 7.8627E-03 1.1838E-02 1.1694E-02 1.2716E-02 1.9476E-02 2.4561E-02 3.2951E-02 4.1321E-02 4.6881E-02 4.7934E-02 4.7419E-02 4.8458E-02 3.9859E-02 2.5066E-02 1.4628E-02 5.5076E-03 2.2207E-03 3.5926E-04 0
 0 1.9094E-04 8.4548E-04 1.5421E-03 2.8357E-03 5.4790E-03 7.8516E-03 1.1534E-02 1.1507E-02 1.2801E-02 1.8297E-02 2.5161E-02 3.3431E-02 4.0058E-02 4.6319E-02 4.8155E-02 4.7513E-02 4.8929E-02 3.9624E-02 2.4465E-02 1.4741E-02 5.4458E-03 2.0987E-03 3.8981E-04 0
 0 1.6481E-04 8.4032E-04 1.5328E-03 2.7397E-03 5.5431E-03 7.5735E-03 1.1696E-02 1.1485E-02 1.2465E-02 1.7520E-02 2.5444E-02 3.2442E-02 3.9079E-02 4.6387E-02 4.7402E-02 4.6562E-02 4.8666E-02 3.8256E-02 2.5707E-02 1.4344E-02 5.2536E-03 2.1258E-03 3.3599E-04 0
 0 1.8843E-04 8.6303E-04 1.6273E-03 2.8091E-03 5.5849E-03 7.6569E-03 1.1444E-02 1.1283E-02 1.2659E-02 1.8539E-02 2.4252E-02 3.1662E-02 3.8387E-02 4.6159E-02 4.7598E-02 4.7154E-02 4.8166E-02 3.9447E-02 2.3946E-02 1.4295E-02 5.0614E-03 2.1981E-03 3.7453E-04 0
 0 2.1104E-04 8.0728E-04 1.5266E-03 2.7071E-03 5.6662E-03 7.4984E-03 1.1603E-02 1.1599E-02 1.2336E-02 1.8207E-02 2.5001E-02 3.0915E-02 3.9392E-02 4.5665E-02 4.7059E-02 4.6893E-02 4.8275E-02 3.7981E-02 2.4469E-02 1.4509E-02 5.1072E-03 2.2297E-03 3.6799E-04 0
 0 1.8642E-04 8.6613E-04 1.3703E-03 2.5744E-03 5.6810E-03 7.6152E-03 1.1051E-02 1.1556E-02 1.2490E-02 1.8144E-02 2.3872E-02 3.2131E-02 3.7943E-02 4.5736E-02 4.7070E-02 4.6684E-02 4.7765E-02 3.8679E-02 2.5027E-02 1.4283E-02 5.1552E-03 2.2146E-03 3.4544E-04 0
 0 1.8642E-04 8.0728E-04 1.4306E-03 2.7091E-03 5.5923E-03 7.5651E-03 1.0964E-02 1.1412E-02 1.2261E-02 1.6846E-02 2.4355E-02 3.0709E-02 3.8428E-02 4.4929E-02 4.7000E-02 4.6019E-02 4.6643E-02 3.8690E-02 2.3988E-02 1.3856E-02 5.0568E-03 2.0009E-03 3.5344E-04 0
 0 1.7285E-04 7.9593E-04 1.5127E-03 2.7479E-03 5.5160E-03 7.5179E-03 1.1345E-02 1.1559E-02 1.2032E-02 1.7297E-02 2.3808E-02 3.0669E-02 3.9228E-02 4.4986E-02 4.5792E-02 4.4869E-02 4.6904E-02 3.7528E-02 2.3785E-02 1.4265E-02 4.9493E-03 2.1544E-03 3.4181E-04 0
 0 1.8692E-04 7.9180E-04 1.5855E-03 2.7295E-03 5.4692E-03 7.7598E-03 1.1318E-02 1.1255E-02 1.1649E-02 1.7795E-02 2.3407E-02 3.1112E-02 3.8668E-02 4.4762E-02 4.4483E-02 4.4848E-02 4.7157E-02 3.7257E-02 2.3291E-02 1.3795E-02 4.9150E-03 2.1153E-03 3.6726E-04 0
 0 1.9848E-04 8.0625E-04 1.3672E-03 2.6029E-03 5.3067E-03 7.5095E-03 1.1018E-02 1.0902E-02 1.2170E-02 1.7467E-02 2.3780E-02 3.1182E-02 3.8256E-02 4.3006E-02 4.4644E-02 4.4670E-02 4.6031E-02 3.6989E-02 2.3750E-02 1.3689E-02 4.9493E-03 2.0611E-03 3.6435E-04 0
 0 1.8692E-04 7.9799E-04 1.5375E-03 2.5846E-03 5.2402E-03 7.1563E-03 1.1150E-02 1.1228E-02 1.2408E-02 1.7736E-02 2.3138E-02 3.0523E-02 3.7969E-02 4.4009E-02 4.4847E-02 4.4082E-02 4.5975E-02 3.6566E-02 2.4415E-02 1.4006E-02 4.8006E-03 2.1921E-03 3.1781E-04 0
 0 1.6933E-04 8.7232E-04 1.3950E-03 2.7050E-03 5.1909E-03 7.0534E-03 1.1486E-02 1.1025E-02 1.2107E-02 1.7287E-02 2.3241E-02 2.9878E-02 3.7423E-02 4.3884E-02 4.4105E-02 4.3423E-02 4.5877E-02 3.6975E-02 2.3536E-02 1.3308E-02 4.7342E-03 2.0942E-03 3.4981E-04 0
 0 1.7436E-04 8.0935E-04 1.3857E-03 2.6724E-03 5.1811E-03 7.3204E-03 1.0505E-02 1.1031E-02 1.1706E-02 1.7284E-02 2.4816E-02 3.0717E-02 3.6226E-02 4.3273E-02 4.5012E-02 4.3524E-02 4.5184E-02 3.6395E-02 2.3390E-02 1.3317E-02 4.7365E-03 2.0370E-03 3.1635E-04 0
 0 1.8943E-04 8.4651E-04 1.3765E-03 2.5927E-03 5.1737E-03 7.3844E-03 1.0982E-02 1.0979E-02 1.1376E-02 1.6444E-02 2.3312E-02 2.9918E-02 3.5738E-02 4.1940E-02 4.4221E-02 4.2779E-02 4.3773E-02 3.6935E-02 2.3871E-02 1.3222E-02 4.6793E-03 2.0837E-03 3.3672E-04 0
 0 1.9345E-04 8.3929E-04 1.4477E-03 2.4131E-03 5.4643E-03 6.9143E-03 1.0327E-02 1.0371E-02 1.2273E-02 1.6175E-02 2.2758E-02 2.9849E-02 3.6335E-02 4.2594E-02 4.3195E-02 4.3664E-02 4.4459E-02 3.5527E-02 2.3191E-02 1.3201E-02 4.5374E-03 1.9647E-03 3.1635E-04 0
 0 1.9546E-04 7.9593E-04 1.4059E-03 2.5907E-03 5.3239E-03 7.1841E-03 1.0757E-02 1.0414E-02 1.1605E-02 1.6251E-02 2.1949E-02 2.8574E-02 3.5902E-02 4.1869E-02 4.2628E-02 4.2483E-02 4.4463E-02 3.5465E-02 2.2391E-02 1.3012E-02 4.6793E-03 1.9421E-03 3.5853E-04 0
 0 1.8240E-04 8.4961E-04 1.4337E-03 2.7295E-03 4.7526E-03 6.7224E-03 1.0030E-02 1.0405E-02 1.1404E-02 1.6062E-02 2.2357E-02 2.9416E-02 3.5789E-02 4.1691E-02 4.3318E-02 4.2803E-02 4.3594E-02 3.5552E-02 2.2803E-02 1.2957E-02 4.5489E-03 1.9783E-03 3.3890E-04 0
 0 1.7134E-04 8.2380E-04 1.4291E-03 2.6928E-03 5.0259E-03 7.2008E-03 1.0715E-02 1.0589E-02 1.1797E-02 1.6271E-02 2.2442E-02 2.9043E-02 3.5312E-02 4.2135E-02 4.2208E-02 4.1992E-02 4.2609E-02 3.6175E-02 2.2081E-02 1.2847E-02 4.4871E-03 1.9301E-03 3.5708E-04 0
 0 1.7637E-04 7.4431E-04 1.5096E-03 2.6724E-03 4.8166E-03 7.1897E-03 1.0610E-02 1.0813E-02 1.1248E-02 1.6022E-02 2.1715E-02 2.9167E-02 3.5218E-02 4.1794E-02 4.1151E-02 4.1908E-02 4.3573E-02 3.5907E-02 2.2711E-02 1.2930E-02 4.5443E-03 2.0776E-03 3.1708E-04 0
 0 1.7386E-04 8.3309E-04 1.3161E-03 2.6846E-03 5.1269E-03 6.8281E-03 9.9371E-03 1.0592E-02 1.1445E-02 1.5909E-02 2.1601E-02 2.7911E-02 3.4279E-02 4.0411E-02 4.2156E-02 4.1978E-02 4.2173E-02 3.5730E-02 2.2782E-02 1.2936E-02 4.4184E-03 1.8879E-03 3.3890E-04 0
 0 1.6431E-04 7.8767E-04 1.3857E-03 2.4172E-03 4.8191E-03 7.1034E-03 9.9942E-03 1.0426E-02 1.0921E-02 1.5999E-02 2.1956E-02 2.8625E-02 3.5421E-02 4.1456E-02 4.1305E-02 4.2556E-02 4.4304E-02 3.4463E-02 2.1693E-02 1.2689E-02 4.6129E-03 1.9948E-03 3.6872E-04 0
 0 1.7486E-04 8.2587E-04 1.4012E-03 2.5662E-03 4.8314E-03 7.1813E-03 9.9852E-03 1.0322E-02 1.1194E-02 1.5491E-02 2.1026E-02 2.7772E-02 3.4424E-02 3.9946E-02 4.0966E-02 4.0354E-02 4.2001E-02 3.4202E-02 2.1786E-02 1.2844E-02 4.5443E-03 1.9497E-03 3.0035E-04 0
 0 1.7587E-04 7.5051E-04 1.2789E-03 2.5703E-03 5.0580E-03 6.8976E-03 1.0309E-02 1.0574E-02 1.1028E-02 1.5487E-02 2.1779E-02 2.8072E-02 3.4977E-02 4.0362E-02 4.1435E-02 4.0515E-02 4.1828E-02 3.3265E-02 2.1441E-02 1.2119E-02 4.4871E-03 2.0641E-03 3.2145E-04 0
 0 1.7486E-04 8.4858E-04 1.3439E-03 2.6560E-03 4.6221E-03 6.6751E-03 9.7360E-03 1.0270E-02 1.0786E-02 1.5418E-02 2.0682E-02 2.7439E-02 3.4333E-02 3.9967E-02 4.1358E-02 4.0427E-02 4.2546E-02 3.4336E-02 2.2305E-02 1.2619E-02 4.6793E-03 1.9181E-03 2.9890E-04 0
 0 1.7436E-04 7.9799E-04 1.2975E-03 2.3845E-03 4.5999E-03 6.9338E-03 9.7390E-03 1.0448E-02 1.0965E-02 1.5189E-02 2.1076E-02 2.7208E-02 3.3336E-02 3.9633E-02 3.9786E-02 4.0058E-02 4.1209E-02 3.2385E-02 2.1426E-02 1.1917E-02 4.6473E-03 2.0927E-03 3.3163E-04 0
 0 1.7536E-04 7.4225E-04 1.2526E-03 2.5029E-03 4.8683E-03 6.5388E-03 9.7000E-03 1.0131E-02 1.0934E-02 1.4737E-02 2.1573E-02 2.6428E-02 3.4166E-02 3.9576E-02 3.8925E-02 3.9992E-02 4.1030E-02 3.3753E-02 2.1668E-02 1.1960E-02 4.2743E-03 1.9662E-03 3.5853E-04 0
 0 1.7587E-04 7.4638E-04 1.3424E-03 2.6213E-03 4.6516E-03 6.8893E-03 9.6850E-03 1.0178E-02 1.1066E-02 1.5112E-02 2.0852E-02 2.6512E-02 3.3263E-02 3.9249E-02 4.0588E-02 3.9452E-02 4.0791E-02 3.3496E-02 2.1110E-02 1.1616E-02 4.4001E-03 1.8593E-03 3.4035E-04 0
 0 1.6180E-04 8.1451E-04 1.3548E-03 2.3865E-03 4.5950E-03 6.7474E-03 9.8321E-03 1.0383E-02 1.1160E-02 1.4777E-02 2.0192E-02 2.6746E-02 3.2565E-02 3.9288E-02 4.0077E-02 3.8846E-02 4.1266E-02 3.3178E-02 2.1053E-02 1.1896E-02 4.1851E-03 1.9617E-03 3.4035E-04 0
 0 1.8240E-04 7.9593E-04 1.3068E-03 2.5335E-03 4.6443E-03 6.2774E-03 9.3157E-03 9.5881E-03 1.0937E-02 1.4544E-02 2.1260E-02 2.6724E-02 3.2619E-02 3.8144E-02 3.9062E-02 3.8282E-02 3.9926E-02 3.2834E-02 2.1469E-02 1.2180E-02 4.3544E-03 1.8985E-03 3.3381E-04 0
 0 1.7134E-04 7.5877E-04 1.3346E-03 2.5621E-03 4.4817E-03 6.6473E-03 9.5198E-03 9.6249E-03 1.0934E-02 1.5059E-02 2.0299E-02 2.6834E-02 3.2303E-02 3.7984E-02 3.9779E-02 3.8877E-02 3.9996E-02 3.2881E-02 2.0323E-02 1.1591E-02 4.3818E-03 1.8307E-03 3.3308E-04 0
 0 1.6431E-04 7.5773E-04 1.3192E-03 2.4008E-03 4.6861E-03 6.5917E-03 9.6159E-03 9.9565E-03 1.0218E-02 1.4724E-02 2.0089E-02 2.5387E-02 3.1837E-02 3.7792E-02 3.9359E-02 3.8201E-02 3.9078E-02 3.1075E-02 2.0523E-02 1.1820E-02 4.0455E-03 1.8142E-03 3.1926E-04 0
 0 1.9144E-04 7.1747E-04 1.2897E-03 2.4947E-03 4.3758E-03 6.6112E-03 9.1416E-03 9.8275E-03 1.0940E-02 1.4229E-02 2.0153E-02 2.4710E-02 3.2434E-02 3.8030E-02 3.7652E-02 3.8414E-02 3.9310E-02 3.2121E-02 2.1590E-02 1.1387E-02 4.0752E-03 1.7253E-03 3.1272E-04 0
 0 1.5426E-04 7.5257E-04 1.3548E-03 2.6499E-03 4.4276E-03 6.5889E-03 9.4058E-03 9.5236E-03 1.0338E-02 1.4186E-02 1.9671E-02 2.5512E-02 3.1928E-02 3.6551E-02 3.7939E-02 3.7905E-02 3.8828E-02 3.2450E-02 2.0818E-02 1.1088E-02 3.8487E-03 1.8548E-03 3.5344E-04 0
 0 1.8843E-04 7.6186E-04 1.3625E-03 2.4376E-03 4.4448E-03 6.6946E-03 9.3337E-03 1.0003E-02 1.0686E-02 1.4232E-02 1.8776E-02 2.4669E-02 3.1822E-02 3.7582E-02 3.7848E-02 3.6742E-02 3.9127E-02 3.1900E-02 2.0953E-02 1.1207E-02 4.2651E-03 1.8864E-03 3.0981E-04 0
 0 1.7938E-04 7.7219E-04 1.3145E-03 2.3906E-03 4.2749E-03 6.1967E-03 9.3127E-03 9.6372E-03 9.9110E-03 1.4156E-02 1.9735E-02 2.4798E-02 3.2182E-02 3.6302E-02 3.7459E-02 3.5895E-02 3.8083E-02 3.1680E-02 2.0181E-02 1.1436E-02 3.9700E-03 1.8774E-03 3.3890E-04 0
 0 1.8994E-04 7.3399E-04 1.4043E-03 2.5315E-03 4.3094E-03 6.4471E-03 9.2466E-03 9.2196E-03 1.0520E-02 1.3821E-02 1.9465E-02 2.4398E-02 3.0301E-02 3.6459E-02 3.7067E-02 3.6676E-02 3.8449E-02 3.1929E-02 2.0487E-02 1.1201E-02 3.8945E-03 1.8488E-03 3.3090E-04 0
 0 1.6079E-04 6.5760E-04 1.1845E-03 2.3661E-03 4.2035E-03 6.6000E-03 9.3998E-03 9.5635E-03 1.0256E-02 1.3475E-02 1.9305E-02 2.4281E-02 3.0978E-02 3.7052E-02 3.7326E-02 3.6773E-02 3.7699E-02 3.1734E-02 1.9665E-02 1.0881E-02 4.1873E-03 1.8051E-03 3.1126E-04 0
 0 1.8340E-04 7.0199E-04 1.2696E-03 2.3661E-03 4.4916E-03 6.2802E-03 9.2256E-03 9.3946E-03 9.9361E-03 1.3512E-02 1.9199E-02 2.4512E-02 3.0679E-02 3.6544E-02 3.7529E-02 3.6393E-02 3.7344E-02 3.1379E-02 2.0000E-02 1.1067E-02 4.0272E-03 1.7555E-03 3.0181E-04 0
 0 1.5225E-04 7.5877E-04 1.2108E-03 2.2640E-03 4.4620E-03 6.2691E-03 9.4748E-03 9.3824E-03 9.9267E-03 1.3970E-02 1.8673E-02 2.3636E-02 3.0359E-02 3.5862E-02 3.6938E-02 3.5070E-02 3.7967E-02 2.9902E-02 1.8890E-02 1.1192E-02 3.9128E-03 1.8353E-03 3.3454E-04 0
 0 1.8039E-04 7.3089E-04 1.2263E-03 2.1783E-03 4.2798E-03 6.4637E-03 9.0185E-03 9.8091E-03 9.6004E-03 1.3050E-02 1.8638E-02 2.3728E-02 3.0246E-02 3.5819E-02 3.6213E-02 3.5031E-02 3.6475E-02 3.0644E-02 1.9711E-02 1.0777E-02 3.7846E-03 1.6757E-03 3.3017E-04 0
 0 1.5074E-04 7.3399E-04 1.3703E-03 2.4723E-03 4.2330E-03 6.1995E-03 9.2707E-03 9.4131E-03 9.8734E-03 1.3253E-02 1.8390E-02 2.4285E-02 3.0385E-02 3.6107E-02 3.5279E-02 3.4164E-02 3.5399E-02 3.0141E-02 1.9964E-02 1.0640E-02 3.8784E-03 1.7434E-03 3.2508E-04 0
 0 1.5979E-04 7.4638E-04 1.4214E-03 2.5192E-03 4.0212E-03 6.4026E-03 8.3580E-03 9.2196E-03 1.0021E-02 1.3200E-02 1.8198E-02 2.3094E-02 3.0297E-02 3.5876E-02 3.6105E-02 3.4749E-02 3.6310E-02 2.9649E-02 1.9779E-02 1.0610E-02 3.8029E-03 1.6952E-03 3.0326E-04 0
 0 1.7989E-04 7.2057E-04 1.2712E-03 2.2988E-03 3.9498E-03 5.9881E-03 8.6852E-03 9.9473E-03 9.8232E-03 1.3093E-02 1.7893E-02 2.3102E-02 2.9959E-02 3.5304E-02 3.5457E-02 3.5111E-02 3.6243E-02 2.8998E-02 1.9466E-02 1.0744E-02 3.9128E-03 1.7675E-03 2.9236E-04 0
 0 1.7938E-04 7.0612E-04 1.2356E-03 2.2865E-03 4.1936E-03 6.1689E-03 8.7333E-03 8.8144E-03 9.7949E-03 1.2599E-02 1.8020E-02 2.2930E-02 2.8387E-02 3.4753E-02 3.5555E-02 3.4843E-02 3.5614E-02 2.8918E-02 1.8865E-02 1.0835E-02 3.9974E-03 1.7284E-03 3.4254E-04 0
 0 1.8893E-04 7.2676E-04 1.2758E-03 2.2110E-03 3.9449E-03 6.1995E-03 8.6582E-03 9.2933E-03 9.9424E-03 1.3136E-02 1.8280E-02 2.2706E-02 2.8943E-02 3.4394E-02 3.4701E-02 3.3819E-02 3.5357E-02 2.9338E-02 1.9107E-02 1.0171E-02 3.6725E-03 1.6907E-03 2.9672E-04 0
 0 1.7335E-04 6.6069E-04 1.3316E-03 2.1232E-03 3.9154E-03 6.1105E-03 8.8984E-03 9.3854E-03 9.7416E-03 1.3080E-02 1.7534E-02 2.3823E-02 2.8503E-02 3.4788E-02 3.4729E-02 3.3812E-02 3.4812E-02 2.9175E-02 1.9281E-02 1.0292E-02 3.5878E-03 1.7284E-03 3.0545E-04 0
 0 1.5979E-04 7.3709E-04 1.2417E-03 2.2089E-03 3.9966E-03 6.1940E-03 8.6522E-03 9.4775E-03 9.8012E-03 1.2828E-02 1.7133E-02 2.2974E-02 2.8394E-02 3.3853E-02 3.3991E-02 3.3478E-02 3.4738E-02 2.9016E-02 1.9334E-02 1.0488E-02 3.6016E-03 1.7284E-03 2.9163E-04 0
 0 1.6180E-04 6.9166E-04 1.2417E-03 2.3437E-03 3.8809E-03 6.1439E-03 8.4271E-03 8.8942E-03 9.9550E-03 1.2705E-02 1.7407E-02 2.2387E-02 2.7375E-02 3.3462E-02 3.3634E-02 3.3819E-02 3.4010E-02 2.9037E-02 1.8847E-02 1.0808E-02 3.8121E-03 1.6109E-03 3.2217E-04 0
 0 1.5577E-04 7.0095E-04 1.2526E-03 2.2865E-03 3.8464E-03 6.3581E-03 8.2289E-03 9.0416E-03 9.6789E-03 1.2363E-02 1.6864E-02 2.2658E-02 2.7866E-02 3.3029E-02 3.2783E-02 3.2736E-02 3.4133E-02 2.7568E-02 1.7893E-02 1.0155E-02 3.7411E-03 1.5944E-03 3.0472E-04 0
 0 1.7084E-04 7.5980E-04 1.2882E-03 2.2110E-03 4.0188E-03 6.0688E-03 8.3910E-03 8.4982E-03 9.4216E-03 1.2210E-02 1.7438E-02 2.2314E-02 2.7353E-02 3.3004E-02 3.3357E-02 3.3007E-02 3.4671E-02 2.8335E-02 1.8399E-02 1.0082E-02 3.7389E-03 1.7148E-03 2.9236E-04 0
 0 1.7034E-04 7.0715E-04 1.2340E-03 2.3457E-03 3.8218E-03 5.9742E-03 8.4030E-03 9.2872E-03 9.0890E-03 1.2273E-02 1.6704E-02 2.2259E-02 2.7182E-02 3.2791E-02 3.3378E-02 3.2746E-02 3.3454E-02 2.8429E-02 1.8527E-02 9.8108E-03 3.7480E-03 1.6651E-03 3.0617E-04 0
 0 1.6883E-04 7.0095E-04 1.1752E-03 2.3090E-03 3.6765E-03 6.2607E-03 8.1118E-03 8.7561E-03 9.7667E-03 1.2376E-02 1.6704E-02 2.1820E-02 2.7884E-02 3.3135E-02 3.3102E-02 3.3875E-02 3.3099E-02 2.8339E-02 1.8359E-02 9.5486E-03 3.6542E-03 1.4739E-03 3.1199E-04 0
 0 1.5577E-04 6.7618E-04 1.2464E-03 2.2396E-03 3.6740E-03 5.9548E-03 8.6882E-03 8.8328E-03 9.5283E-03 1.1865E-02 1.6349E-02 2.1347E-02 2.7331E-02 3.2591E-02 3.2507E-02 3.1945E-02 3.3250E-02 2.7709E-02 1.7883E-02 9.7681E-03 3.5261E-03 1.5522E-03 3.4763E-04 0
 0 1.6933E-04 6.5450E-04 1.3439E-03 2.2722E-03 3.7602E-03 6.1550E-03 8.4601E-03 8.6793E-03 8.7878E-03 1.1901E-02 1.5984E-02 2.1571E-02 2.7357E-02 3.1802E-02 3.3021E-02 3.2122E-02 3.2649E-02 2.7467E-02 1.7765E-02 9.6431E-03 3.6405E-03 1.6305E-03 3.2726E-04 0
 0 1.5426E-04 6.6792E-04 1.2294E-03 2.1661E-03 3.6543E-03 6.0994E-03 8.3220E-03 8.9188E-03 9.1424E-03 1.1533E-02 1.6679E-02 2.1061E-02 2.7364E-02 3.1852E-02 3.1999E-02 3.1488E-02 3.3152E-02 2.6149E-02 1.7637E-02 9.5974E-03 3.4162E-03 1.6772E-03 3.0908E-04 0
 0 1.5527E-04 6.7205E-04 1.0962E-03 2.2212E-03 3.8218E-03 6.0382E-03 8.0308E-03 8.5811E-03 8.9980E-03 1.1978E-02 1.6757E-02 2.1193E-02 2.6563E-02 3.2183E-02 3.1576E-02 3.1725E-02 3.2427E-02 2.7210E-02 1.8160E-02 9.5578E-03 3.4986E-03 1.5040E-03 2.9599E-04 0
 0 1.5979E-04 6.7515E-04 1.2789E-03 2.0966E-03 3.7873E-03 6.0716E-03 7.9677E-03 8.3262E-03 9.2083E-03 1.1553E-02 1.6615E-02 2.0820E-02 2.6552E-02 3.1205E-02 3.2776E-02 3.1433E-02 3.3475E-02 2.7427E-02 1.8221E-02 9.2651E-03 3.2812E-03 1.4604E-03 3.2581E-04 0
 0 1.7084E-04 6.8237E-04 1.1396E-03 2.1946E-03 3.6913E-03 5.5932E-03 8.0038E-03 8.3876E-03 9.2396E-03 1.1559E-02 1.6001E-02 1.9750E-02 2.5563E-02 3.0612E-02 3.1775E-02 3.1788E-02 3.2410E-02 2.6710E-02 1.8160E-02 9.2651E-03 3.4643E-03 1.5673E-03 2.6981E-04 0
 0 1.6280E-04 7.2986E-04 1.1256E-03 2.2783E-03 3.5361E-03 5.7350E-03 8.1629E-03 8.9587E-03 9.0545E-03 1.1616E-02 1.5987E-02 2.1116E-02 2.5544E-02 3.2346E-02 3.1852E-02 3.1565E-02 3.1763E-02 2.6023E-02 1.7278E-02 9.1584E-03 3.2675E-03 1.6079E-03 2.8290E-04 0
 0 1.5728E-04 6.7928E-04 1.3408E-03 2.3518E-03 3.6346E-03 5.9047E-03 7.5174E-03 8.4337E-03 9.1643E-03 1.1058E-02 1.5824E-02 2.0237E-02 2.5755E-02 3.1237E-02 3.1856E-02 3.1070E-02 3.1562E-02 2.6464E-02 1.6783E-02 9.0578E-03 3.6542E-03 1.6034E-03 2.8654E-04 0
 0 1.5677E-04 7.0921E-04 1.2185E-03 2.2477E-03 3.6593E-03 5.9270E-03 8.0038E-03 8.6670E-03 8.6623E-03 1.1313E-02 1.5323E-02 2.0047E-02 2.5286E-02 3.0025E-02 3.1292E-02 3.0673E-02 3.1101E-02 2.5795E-02 1.7328E-02 8.9876E-03 3.3499E-03 1.6200E-03 2.8654E-04 0
 0 1.5024E-04 6.6998E-04 1.2077E-03 2.1456E-03 3.5608E-03 5.5376E-03 7.7996E-03 8.7929E-03 8.4114E-03 1.0955E-02 1.5022E-02 2.0296E-02 2.5694E-02 2.9876E-02 3.1026E-02 2.9959E-02 3.0940E-02 2.5661E-02 1.6901E-02 8.9175E-03 3.1966E-03 1.5341E-03 3.0035E-04 0
 0 1.8089E-04 6.8960E-04 1.2170E-03 2.1130E-03 3.3293E-03 5.6488E-03 7.5774E-03 8.2126E-03 9.2177E-03 1.1104E-02 1.5394E-02 1.9985E-02 2.5235E-02 2.9417E-02 3.0571E-02 2.9520E-02 2.9842E-02 2.5762E-02 1.7228E-02 8.8261E-03 3.3682E-03 1.5507E-03 3.3090E-04 0
 0 1.5929E-04 6.5140E-04 1.1891E-03 2.3110E-03 3.5509E-03 5.4875E-03 7.6885E-03 8.1543E-03 8.7094E-03 1.1207E-02 1.4993E-02 2.0069E-02 2.5038E-02 2.9840E-02 3.0207E-02 2.9416E-02 3.0788E-02 2.6113E-02 1.6741E-02 9.1401E-03 3.4254E-03 1.5628E-03 3.1054E-04 0
 0 1.6330E-04 6.4727E-04 1.1070E-03 2.2028E-03 3.4647E-03 5.7768E-03 7.5174E-03 8.4183E-03 8.6247E-03 1.0238E-02 1.4692E-02 1.9743E-02 2.4118E-02 3.0487E-02 3.0029E-02 2.8879E-02 3.0335E-02 2.5795E-02 1.7182E-02 8.8047E-03 3.3705E-03 1.6335E-03 2.7126E-04 0
 0 1.6381E-04 6.5966E-04 1.1519E-03 2.3171E-03 3.5287E-03 5.5709E-03 7.6255E-03 8.2925E-03 8.6341E-03 1.0467E-02 1.4905E-02 1.9432E-02 2.4907E-02 2.9343E-02 2.9189E-02 2.9332E-02 2.9786E-02 2.4788E-02 1.6769E-02 8.9145E-03 3.1966E-03 1.5161E-03 2.6836E-04 0
 0 1.6230E-04 6.2663E-04 1.2232E-03 2.1579E-03 3.3490E-03 5.7017E-03 7.6165E-03 8.0346E-03 8.6812E-03 1.0354E-02 1.4564E-02 1.9377E-02 2.4675E-02 2.9218E-02 2.8499E-02 2.9562E-02 2.9554E-02 2.4401E-02 1.6367E-02 8.4450E-03 3.0890E-03 1.5402E-03 3.0690E-04 0
 0 1.3919E-04 6.5760E-04 1.1318E-03 2.1946E-03 3.3539E-03 5.7184E-03 7.4093E-03 8.2986E-03 8.4772E-03 1.0440E-02 1.4759E-02 1.9424E-02 2.3401E-02 2.8187E-02 2.9493E-02 2.8883E-02 2.9406E-02 2.4705E-02 1.6726E-02 8.8139E-03 3.1737E-03 1.5251E-03 3.1126E-04 0
 0 1.5677E-04 6.3695E-04 1.0327E-03 2.1558E-03 3.1003E-03 5.8824E-03 7.5504E-03 8.0653E-03 8.4835E-03 1.0862E-02 1.4692E-02 1.8955E-02 2.3386E-02 2.8795E-02 2.8678E-02 2.9123E-02 2.9209E-02 2.4394E-02 1.6011E-02 8.7224E-03 3.3156E-03 1.4890E-03 2.9963E-04 0
 0 1.6431E-04 6.5656E-04 1.1117E-03 2.0966E-03 3.2628E-03 5.3707E-03 7.1752E-03 8.2495E-03 8.6184E-03 1.0091E-02 1.5032E-02 1.8406E-02 2.4445E-02 2.8713E-02 2.9339E-02 2.8081E-02 2.7943E-02 2.4231E-02 1.5901E-02 8.7773E-03 3.1737E-03 1.4227E-03 3.0763E-04 0
 0 1.7335E-04 6.6173E-04 1.1287E-03 2.1946E-03 3.3071E-03 5.6294E-03 7.3583E-03 7.8749E-03 8.5619E-03 1.0075E-02 1.4465E-02 1.8545E-02 2.3761E-02 2.8436E-02 2.8545E-02 2.8280E-02 2.8710E-02 2.4198E-02 1.5926E-02 8.1980E-03 3.0867E-03 1.5025E-03 3.0908E-04 0
 0 1.3969E-04 6.5966E-04 1.0374E-03 2.0579E-03 3.3194E-03 5.4319E-03 7.2532E-03 7.7091E-03 8.4019E-03 9.7859E-03 1.3709E-02 1.8314E-02 2.3452E-02 2.8482E-02 2.7617E-02 2.8371E-02 2.8038E-02 2.3381E-02 1.6171E-02 8.3870E-03 3.2583E-03 1.4995E-03 2.8363E-04 0
 0 1.5074E-04 6.4624E-04 1.1009E-03 2.0476E-03 3.3835E-03 5.2316E-03 7.0461E-03 8.0284E-03 8.5055E-03 1.0218E-02 1.4298E-02 1.8153E-02 2.3444E-02 2.8202E-02 2.7691E-02 2.8768E-02 2.7672E-02 2.4151E-02 1.6203E-02 8.3535E-03 2.9883E-03 1.4559E-03 3.0035E-04 0
 0 1.5577E-04 6.2146E-04 1.0947E-03 1.9762E-03 3.2603E-03 5.1983E-03 7.1631E-03 8.0315E-03 8.1509E-03 9.6265E-03 1.3702E-02 1.7915E-02 2.2906E-02 2.7491E-02 2.7173E-02 2.7771E-02 2.8042E-02 2.3645E-02 1.5481E-02 7.8657E-03 2.8442E-03 1.4212E-03 2.9599E-04 0
 0 1.6984E-04 6.8753E-04 1.1365E-03 2.1293E-03 3.1347E-03 5.2539E-03 7.5084E-03 7.8534E-03 8.0537E-03 9.8324E-03 1.3748E-02 1.7845E-02 2.2964E-02 2.7253E-02 2.8366E-02 2.7942E-02 2.7486E-02 2.3717E-02 1.5798E-02 7.9541E-03 2.9311E-03 1.3384E-03 3.0908E-04 0
 0 1.5326E-04 6.5140E-04 1.2263E-03 2.0640E-03 3.0510E-03 5.3457E-03 7.0791E-03 7.9916E-03 8.1290E-03 9.5170E-03 1.3230E-02 1.7054E-02 2.2163E-02 2.6926E-02 2.7169E-02 2.7967E-02 2.7915E-02 2.3670E-02 1.5396E-02 8.4419E-03 2.8991E-03 1.3911E-03 2.8581E-04 0
 0 1.7436E-04 5.9153E-04 1.0962E-03 1.9619E-03 3.2948E-03 5.1760E-03 6.8299E-03 7.6999E-03 8.0725E-03 9.7992E-03 1.3279E-02 1.7677E-02 2.2728E-02 2.6709E-02 2.7505E-02 2.6587E-02 2.6969E-02 2.3967E-02 1.5577E-02 7.8413E-03 3.0478E-03 1.4363E-03 2.8436E-04 0
 0 1.5728E-04 6.2869E-04 1.0529E-03 2.1538E-03 3.1495E-03 5.3902E-03 7.0281E-03 7.6324E-03 8.1666E-03 9.1417E-03 1.3482E-02 1.7373E-02 2.2444E-02 2.6844E-02 2.7306E-02 2.7103E-02 2.6976E-02 2.3091E-02 1.5228E-02 7.8322E-03 3.0867E-03 1.3881E-03 2.7636E-04 0
 0 1.6029E-04 5.9566E-04 1.1473E-03 2.0334E-03 3.0978E-03 5.1204E-03 6.7579E-03 7.7521E-03 8.0443E-03 9.3875E-03 1.3687E-02 1.7534E-02 2.2284E-02 2.6730E-02 2.7208E-02 2.6775E-02 2.7532E-02 2.3037E-02 1.5342E-02 8.0578E-03 2.9815E-03 1.4498E-03 3.0035E-04 0
 0 1.6029E-04 6.0288E-04 1.0792E-03 2.0293E-03 3.1914E-03 5.0202E-03 6.5867E-03 7.6201E-03 7.7901E-03 9.3742E-03 1.3510E-02 1.7435E-02 2.2080E-02 2.6037E-02 2.6469E-02 2.5803E-02 2.6431E-02 2.2306E-02 1.4695E-02 8.0425E-03 2.8236E-03 1.4664E-03 3.3235E-04 0
 0 1.5979E-04 6.7824E-04 1.1566E-03 2.0231E-03 3.0486E-03 5.3735E-03 6.7308E-03 7.6447E-03 7.7400E-03 9.6564E-03 1.3081E-02 1.6794E-02 2.1410E-02 2.6183E-02 2.7173E-02 2.6336E-02 2.6483E-02 2.2794E-02 1.5214E-02 7.5486E-03 2.7961E-03 1.3791E-03 2.9672E-04 0
 0 1.6381E-04 6.1114E-04 1.0467E-03 2.1028E-03 3.0855E-03 5.2984E-03 6.8599E-03 7.8197E-03 7.8529E-03 9.0255E-03 1.3017E-02 1.6384E-02 2.1756E-02 2.6485E-02 2.6368E-02 2.5765E-02 2.5819E-02 2.2791E-02 1.4307E-02 8.0181E-03 2.7755E-03 1.5387E-03 2.9236E-04 0
 0 1.6180E-04 5.9153E-04 1.0250E-03 1.8925E-03 3.0732E-03 5.1843E-03 6.7819E-03 7.5065E-03 7.9062E-03 9.1517E-03 1.2978E-02 1.7007E-02 2.1155E-02 2.5980E-02 2.5867E-02 2.5678E-02 2.6248E-02 2.2063E-02 1.5118E-02 7.8352E-03 2.9037E-03 1.3565E-03 2.9454E-04 0
 0 1.6531E-04 6.9683E-04 1.1039E-03 1.9435E-03 2.8860E-03 5.5014E-03 6.7248E-03 7.5587E-03 7.6364E-03 9.2347E-03 1.2754E-02 1.6461E-02 2.1465E-02 2.6353E-02 2.5657E-02 2.4619E-02 2.5544E-02 2.2262E-02 1.4947E-02 7.3322E-03 3.1096E-03 1.3565E-03 2.7854E-04 0
 0 1.6682E-04 6.6586E-04 1.0606E-03 1.9619E-03 2.9821E-03 5.2205E-03 6.9710E-03 7.4819E-03 7.5392E-03 9.0255E-03 1.2502E-02 1.6281E-02 2.0842E-02 2.5689E-02 2.5213E-02 2.5417E-02 2.5713E-02 2.2005E-02 1.4901E-02 7.8139E-03 2.8099E-03 1.4257E-03 2.5236E-04 0
 0 1.4622E-04 6.0701E-04 1.0699E-03 2.0538E-03 2.8614E-03 5.1565E-03 6.7038E-03 7.8473E-03 7.8403E-03 9.2115E-03 1.2701E-02 1.6487E-02 2.1035E-02 2.5980E-02 2.5776E-02 2.4943E-02 2.5414E-02 2.0872E-02 1.4289E-02 7.3200E-03 2.8762E-03 1.4047E-03 3.1126E-04 0
 0 1.7737E-04 6.4521E-04 9.8008E-04 2.0150E-03 2.9673E-03 5.1065E-03 6.5057E-03 7.3162E-03 7.5548E-03 8.9259E-03 1.2176E-02 1.5622E-02 2.0995E-02 2.5163E-02 2.5161E-02 2.4298E-02 2.5281E-02 2.1958E-02 1.4737E-02 7.0913E-03 2.8991E-03 1.2451E-03 3.2581E-04 0
 0 1.6029E-04 5.6469E-04 1.0621E-03 2.1089E-03 2.6841E-03 4.6670E-03 6.6678E-03 7.4451E-03 7.7180E-03 9.3775E-03 1.1771E-02 1.6578E-02 2.0216E-02 2.4448E-02 2.5290E-02 2.4789E-02 2.4968E-02 2.0862E-02 1.4040E-02 7.2407E-03 2.6863E-03 1.2857E-03 2.9745E-04 0
 0 1.5828E-04 6.2456E-04 1.0637E-03 2.0150E-03 2.8737E-03 5.0953E-03 6.6438E-03 7.5219E-03 7.5392E-03 8.6768E-03 1.2211E-02 1.5662E-02 2.0100E-02 2.4345E-02 2.4415E-02 2.4532E-02 2.4493E-02 2.1314E-02 1.4300E-02 7.1523E-03 2.7801E-03 1.3279E-03 2.6472E-04 0
 0 1.4220E-04 6.1011E-04 9.3518E-04 1.9435E-03 2.9451E-03 4.9257E-03 6.3406E-03 7.3591E-03 7.6333E-03 8.6503E-03 1.1686E-02 1.5655E-02 2.0751E-02 2.4548E-02 2.5318E-02 2.4619E-02 2.4546E-02 2.1017E-02 1.3816E-02 6.9237E-03 2.8648E-03 1.3460E-03 2.9308E-04 0
 0 1.4924E-04 6.7824E-04 1.0018E-03 1.9129E-03 2.6570E-03 5.1176E-03 6.3946E-03 7.2701E-03 7.1595E-03 8.6436E-03 1.1675E-02 1.5838E-02 2.0085E-02 2.4476E-02 2.4177E-02 2.3831E-02 2.4398E-02 2.0261E-02 1.3791E-02 7.6157E-03 2.4849E-03 1.3505E-03 2.5890E-04 0
 0 1.5778E-04 5.9049E-04 1.0560E-03 1.9231E-03 2.5462E-03 5.0481E-03 6.5357E-03 7.6784E-03 7.3101E-03 8.5573E-03 1.2374E-02 1.5219E-02 1.9863E-02 2.4356E-02 2.4513E-02 2.3525E-02 2.4022E-02 2.0634E-02 1.3332E-02 6.8688E-03 2.4781E-03 1.3580E-03 2.8872E-04 0
 0 1.5577E-04 6.3798E-04 9.6770E-04 1.9884E-03 2.7555E-03 4.8478E-03 6.6378E-03 6.9877E-03 7.2474E-03 8.2418E-03 1.2048E-02 1.4912E-02 1.9620E-02 2.3997E-02 2.3915E-02 2.3852E-02 2.3659E-02 2.1187E-02 1.3923E-02 7.1371E-03 2.7183E-03 1.1698E-03 2.5672E-04 0
 0 1.6280E-04 5.9359E-04 9.5376E-04 1.9129E-03 2.7038E-03 5.0453E-03 6.3135E-03 7.3315E-03 7.3195E-03 8.2584E-03 1.2158E-02 1.4879E-02 1.9874E-02 2.3460E-02 2.4041E-02 2.3462E-02 2.3420E-02 2.0532E-02 1.3851E-02 7.0456E-03 2.6909E-03 1.2631E-03 2.8945E-04 0
 0 1.5476E-04 6.0908E-04 1.0064E-03 1.8578E-03 2.6496E-03 4.9869E-03 6.3916E-03 7.2148E-03 7.3101E-03 8.1157E-03 1.1888E-02 1.5278E-02 1.9812E-02 2.2799E-02 2.3365E-02 2.3842E-02 2.3740E-02 2.0706E-02 1.3503E-02 6.9176E-03 2.5696E-03 1.2421E-03 2.7708E-04 0
 0 1.6431E-04 5.8327E-04 1.0250E-03 2.0048E-03 2.5462E-03 4.7977E-03 6.1965E-03 7.2793E-03 7.0184E-03 8.2518E-03 1.1736E-02 1.4516E-02 1.9958E-02 2.2749E-02 2.3652E-02 2.2884E-02 2.3237E-02 2.0876E-02 1.3588E-02 6.9084E-03 2.6428E-03 1.2677E-03 2.8072E-04 0
 0 1.4471E-04 6.3901E-04 1.0327E-03 1.8231E-03 2.6275E-03 4.8895E-03 5.9593E-03 7.0644E-03 7.6803E-03 7.8566E-03 1.1328E-02 1.4575E-02 1.9292E-02 2.3499E-02 2.3537E-02 2.3375E-02 2.2172E-02 2.0579E-02 1.3094E-02 7.1340E-03 2.4186E-03 1.2240E-03 2.9672E-04 0
 0 1.5778E-04 5.6882E-04 1.0590E-03 1.9946E-03 2.5585E-03 4.7783E-03 6.0343E-03 6.9877E-03 7.7337E-03 7.8699E-03 1.0760E-02 1.4380E-02 1.9052E-02 2.3058E-02 2.2907E-02 2.3333E-02 2.2379E-02 2.0149E-02 1.3855E-02 6.8718E-03 2.3934E-03 1.2481E-03 2.9672E-04 0
 0 1.6933E-04 6.2043E-04 1.0745E-03 1.9456E-03 2.5807E-03 4.7894E-03 6.1904E-03 6.8648E-03 6.8176E-03 7.9729E-03 1.0958E-02 1.4999E-02 1.8601E-02 2.2546E-02 2.2791E-02 2.2954E-02 2.2727E-02 2.0109E-02 1.3666E-02 6.9999E-03 2.4575E-03 1.2842E-03 2.7563E-04 0
 0 1.3466E-04 6.4005E-04 1.0730E-03 1.9782E-03 2.5905E-03 4.4807E-03 6.1484E-03 6.8833E-03 7.0434E-03 7.8168E-03 1.1001E-02 1.4794E-02 1.8491E-02 2.2127E-02 2.2893E-02 2.2860E-02 2.2720E-02 1.9128E-02 1.3279E-02 6.8840E-03 2.3957E-03 1.2692E-03 2.7781E-04 0
 0 1.6933E-04 5.8327E-04 1.0281E-03 1.7782E-03 2.4477E-03 4.8311E-03 5.7131E-03 6.8096E-03 7.0936E-03 8.0094E-03 1.0845E-02 1.4069E-02 1.8222E-02 2.2319E-02 2.2578E-02 2.2253E-02 2.3255E-02 1.9468E-02 1.2745E-02 6.6401E-03 2.4186E-03 1.2616E-03 2.9017E-04 0
 0 1.7386E-04 5.9359E-04 9.4447E-04 1.6965E-03 2.6866E-03 4.5891E-03 6.0433E-03 6.7021E-03 6.8991E-03 7.6043E-03 1.0770E-02 1.3619E-02 1.8207E-02 2.2646E-02 2.2252E-02 2.2487E-02 2.2643E-02 1.9801E-02 1.3364E-02 6.5883E-03 2.4140E-03 1.2014E-03 2.9308E-04 0
 0 1.5074E-04 5.6159E-04 9.7389E-04 1.9578E-03 2.4034E-03 4.5586E-03 6.0614E-03 6.9109E-03 7.0905E-03 7.9994E-03 1.1015E-02 1.3787E-02 1.8197E-02 2.2532E-02 2.2273E-02 2.2706E-02 2.1876E-02 1.9388E-02 1.2538E-02 6.2529E-03 2.4621E-03 1.2767E-03 3.0545E-04 0
 0 1.6330E-04 5.7707E-04 9.4602E-04 1.9149E-03 2.3295E-03 4.8033E-03 5.7611E-03 6.9048E-03 6.7736E-03 7.9463E-03 1.1008E-02 1.3901E-02 1.7807E-02 2.1839E-02 2.2312E-02 2.1849E-02 2.2045E-02 1.8538E-02 1.3200E-02 6.5731E-03 2.6222E-03 1.3068E-03 3.0835E-04 0
 0 1.5426E-04 5.7707E-04 1.0761E-03 1.9394E-03 2.6324E-03 4.6225E-03 5.7371E-03 7.0122E-03 7.0089E-03 7.6209E-03 1.0373E-02 1.3644E-02 1.7854E-02 2.1963E-02 2.2151E-02 2.1247E-02 2.1454E-02 1.8227E-02 1.2784E-02 6.6249E-03 2.2584E-03 1.1954E-03 2.7781E-04 0
 0 1.5878E-04 6.0495E-04 9.5067E-04 2.0334E-03 2.3763E-03 4.7087E-03 5.6951E-03 6.6315E-03 6.7768E-03 7.8367E-03 1.0529E-02 1.3153E-02 1.7854E-02 2.0325E-02 2.1535E-02 2.1281E-02 2.1760E-02 1.8882E-02 1.2926E-02 6.4694E-03 2.3225E-03 1.2722E-03 2.8872E-04 0
 0 1.7034E-04 5.3991E-04 9.6925E-04 1.8108E-03 2.5832E-03 4.4918E-03 5.5150E-03 6.6530E-03 6.8332E-03 7.4482E-03 1.1139E-02 1.3124E-02 1.7709E-02 2.0862E-02 2.1563E-02 2.1058E-02 2.1292E-02 1.8965E-02 1.3236E-02 6.2865E-03 2.3454E-03 1.1397E-03 2.9454E-04 0
 0 1.5979E-04 6.0392E-04 1.0606E-03 1.9149E-03 2.4231E-03 4.6726E-03 5.6290E-03 6.7390E-03 6.9242E-03 7.4316E-03 1.0359E-02 1.3549E-02 1.7829E-02 2.1235E-02 2.1587E-02 2.1149E-02 2.0698E-02 1.7970E-02 1.2108E-02 6.0456E-03 2.3866E-03 1.1578E-03 2.6545E-04 0
 0 1.6079E-04 5.5333E-04 9.3054E-04 1.9374E-03 2.3344E-03 4.6642E-03 5.5510E-03 6.6806E-03 6.8019E-03 7.6541E-03 1.0295E-02 1.2761E-02 1.7116E-02 2.1146E-02 2.1097E-02 2.1539E-02 2.0786E-02 1.8028E-02 1.2460E-02 6.4054E-03 2.4003E-03 1.2451E-03 2.8945E-04 0
 0 1.6783E-04 5.3165E-04 9.9557E-04 1.8129E-03 2.3074E-03 4.6364E-03 5.6951E-03 6.7574E-03 6.8552E-03 7.3154E-03 1.0277E-02 1.3007E-02 1.7145E-02 2.1153E-02 2.1234E-02 2.0741E-02 2.1106E-02 1.8618E-02 1.2482E-02 6.1157E-03 2.3568E-03 1.1487E-03 2.8217E-04 0
 0 1.6481E-04 5.3991E-04 1.0033E-03 1.9007E-03 2.5413E-03 4.3472E-03 5.3619E-03 6.6346E-03 6.8740E-03 7.3884E-03 1.0025E-02 1.2542E-02 1.6326E-02 2.0229E-02 2.0509E-02 2.0337E-02 2.0286E-02 1.8147E-02 1.2190E-02 6.1706E-03 2.2905E-03 1.1743E-03 2.8945E-04 0
 0 1.6079E-04 6.0804E-04 9.2589E-04 1.8231E-03 2.3886E-03 4.4167E-03 5.4159E-03 6.3736E-03 6.4693E-03 7.0066E-03 9.9578E-03 1.2454E-02 1.6322E-02 1.9976E-02 2.0562E-02 2.0407E-02 2.0772E-02 1.7716E-02 1.2777E-02 6.1401E-03 2.4026E-03 1.1698E-03 2.6836E-04 0
 0 1.5326E-04 5.8224E-04 9.0267E-04 1.9884E-03 2.4083E-03 4.5252E-03 5.3018E-03 6.3859E-03 6.6293E-03 6.8438E-03 1.0039E-02 1.2380E-02 1.6381E-02 2.0279E-02 2.0513E-02 2.0616E-02 2.0501E-02 1.8006E-02 1.2193E-02 6.2865E-03 2.1715E-03 1.2662E-03 2.3636E-04 0
 0 1.5878E-04 5.6159E-04 9.4602E-04 1.7190E-03 2.3591E-03 4.3750E-03 5.4699E-03 6.2385E-03 6.8364E-03 6.8804E-03 9.7200E-03 1.2648E-02 1.6472E-02 2.0677E-02 2.0219E-02 1.9972E-02 2.0758E-02 1.7977E-02 1.2503E-02 6.0151E-03 2.0982E-03 1.1216E-03 2.8145E-04 0
 0 1.5326E-04 6.1837E-04 1.0560E-03 1.8108E-03 2.1276E-03 4.5780E-03 5.6020E-03 6.5609E-03 6.8991E-03 6.4387E-03 1.0125E-02 1.2501E-02 1.6428E-02 2.0094E-02 2.0439E-02 1.9588E-02 2.0336E-02 1.7202E-02 1.1685E-02 5.9511E-03 2.2859E-03 1.1111E-03 2.8145E-04 0
 0 1.4170E-04 5.3578E-04 8.9338E-04 1.8394E-03 2.3172E-03 4.7032E-03 5.5510E-03 6.3521E-03 6.6921E-03 6.7243E-03 9.4467E-03 1.2271E-02 1.6828E-02 2.0001E-02 2.0002E-02 2.0515E-02 1.9808E-02 1.6841E-02 1.2314E-02 5.9420E-03 2.2470E-03 1.0870E-03 2.7854E-04 0
 0 1.5527E-04 5.6778E-04 9.9247E-04 1.7557E-03 2.4059E-03 4.3472E-03 5.6110E-03 6.5855E-03 6.6262E-03 6.7276E-03 9.6951E-03 1.2186E-02 1.6828E-02 1.9543E-02 2.0275E-02 1.9860E-02 1.9555E-02 1.7257E-02 1.2200E-02 5.7255E-03 2.1715E-03 1.0885E-03 2.7417E-04 0
 0 1.5125E-04 5.9049E-04 9.6925E-04 1.7598E-03 2.1177E-03 4.4862E-03 5.0917E-03 6.5947E-03 6.4975E-03 6.6479E-03 9.8158E-03 1.1919E-02 1.6057E-02 1.9767E-02 1.9473E-02 1.9059E-02 1.8982E-02 1.6833E-02 1.1845E-02 6.0212E-03 2.0891E-03 1.0990E-03 2.9890E-04 0
 0 1.4019E-04 5.4507E-04 1.0126E-03 1.8496E-03 2.0857E-03 4.2053E-03 5.5180E-03 6.2815E-03 6.2528E-03 7.0099E-03 9.0919E-03 1.1849E-02 1.5274E-02 1.9475E-02 1.9575E-02 1.9209E-02 1.9013E-02 1.7221E-02 1.1966E-02 5.9907E-03 2.0731E-03 1.1758E-03 2.4872E-04 0
 0 1.4170E-04 6.1630E-04 9.7544E-04 1.8700E-03 2.0956E-03 4.2276E-03 5.1157E-03 6.2969E-03 6.3093E-03 6.4985E-03 8.8044E-03 1.1644E-02 1.5784E-02 1.8398E-02 1.9043E-02 1.8453E-02 1.8654E-02 1.6978E-02 1.1681E-02 5.4969E-03 2.0479E-03 1.1352E-03 2.9308E-04 0
 0 1.4421E-04 5.3372E-04 9.4292E-04 1.7618E-03 2.3246E-03 4.4139E-03 5.1157E-03 6.3337E-03 6.3344E-03 6.8837E-03 9.3545E-03 1.2095E-02 1.5285E-02 1.8967E-02 1.8752E-02 1.8871E-02 1.8320E-02 1.6750E-02 1.1987E-02 5.8688E-03 2.1532E-03 1.0238E-03 2.7272E-04 0
 0 1.5476E-04 5.3268E-04 9.2899E-04 1.7108E-03 2.0882E-03 4.2359E-03 5.3528E-03 6.3736E-03 6.3971E-03 6.3092E-03 9.6419E-03 1.1564E-02 1.5347E-02 1.8587E-02 1.9246E-02 1.8940E-02 1.8524E-02 1.6178E-02 1.1368E-02 5.7164E-03 2.1440E-03 1.1713E-03 2.4290E-04 0
 0 1.5225E-04 5.4507E-04 9.2744E-04 1.7394E-03 1.9774E-03 4.3082E-03 5.3558E-03 6.1925E-03 6.2058E-03 6.6114E-03 9.2870E-03 1.2018E-02 1.5471E-02 1.8235E-02 1.9064E-02 1.9254E-02 1.8095E-02 1.6269E-02 1.1951E-02 5.6432E-03 2.1097E-03 1.0208E-03 2.6908E-04 0
 0 1.6381E-04 5.3991E-04 8.9028E-04 1.7475E-03 2.1473E-03 4.3750E-03 5.0676E-03 6.0973E-03 6.5258E-03 6.2661E-03 9.0067E-03 1.1483E-02 1.4605E-02 1.8270E-02 1.9228E-02 1.8397E-02 1.8162E-02 1.6435E-02 1.1660E-02 5.7347E-03 2.0548E-03 1.1126E-03 2.3999E-04 0
 0 1.5929E-04 5.6675E-04 9.3828E-04 1.7884E-03 2.1054E-03 4.2860E-03 5.2568E-03 6.1035E-03 6.1367E-03 5.9606E-03 9.0138E-03 1.1934E-02 1.4728E-02 1.8306E-02 1.9137E-02 1.9449E-02 1.8025E-02 1.5577E-02 1.1738E-02 5.1981E-03 2.1120E-03 1.1427E-03 2.8436E-04 0
 0 1.6933E-04 5.5952E-04 9.0112E-04 1.8782E-03 2.1596E-03 4.0301E-03 4.7464E-03 5.9223E-03 6.1054E-03 6.1432E-03 9.2728E-03 1.1718E-02 1.5114E-02 1.8157E-02 1.9274E-02 1.8474E-02 1.8141E-02 1.5860E-02 1.1475E-02 5.7103E-03 2.0868E-03 1.0719E-03 2.8217E-04 0
 0 1.4220E-04 5.3785E-04 9.0267E-04 1.5536E-03 2.0365E-03 4.2165E-03 5.1367E-03 6.1495E-03 6.0144E-03 6.3922E-03 8.8009E-03 1.1685E-02 1.4710E-02 1.7965E-02 1.8626E-02 1.8637E-02 1.7628E-02 1.5693E-02 1.0877E-02 5.2834E-03 2.0708E-03 1.1683E-03 2.8363E-04 0
 0 1.5426E-04 5.4714E-04 8.5003E-04 1.7700E-03 2.0611E-03 4.5975E-03 5.1997E-03 6.1434E-03 6.3469E-03 5.9008E-03 8.8257E-03 1.1172E-02 1.4481E-02 1.7954E-02 1.8654E-02 1.8049E-02 1.8619E-02 1.5277E-02 1.1250E-02 5.3962E-03 1.9427E-03 1.0930E-03 2.6181E-04 0
 0 1.4270E-04 5.2752E-04 9.1970E-04 1.7965E-03 1.9922E-03 4.1636E-03 5.2147E-03 6.0881E-03 6.0991E-03 5.9473E-03 8.6589E-03 1.0714E-02 1.4397E-02 1.8761E-02 1.7933E-02 1.8324E-02 1.7652E-02 1.5487E-02 1.1062E-02 5.2651E-03 1.9152E-03 1.0930E-03 2.6399E-04 0
 0 1.6431E-04 5.5540E-04 8.7944E-04 1.8823E-03 1.9872E-03 4.2526E-03 5.1097E-03 5.4986E-03 5.7446E-03 6.0170E-03 8.6660E-03 1.0860E-02 1.4364E-02 1.7933E-02 1.7846E-02 1.8063E-02 1.7399E-02 1.5114E-02 1.0745E-02 5.4847E-03 2.0662E-03 1.1472E-03 2.7417E-04 0
 0 1.5175E-04 5.5849E-04 8.4538E-04 1.7047E-03 1.9207E-03 4.2276E-03 4.8065E-03 5.7228E-03 5.8293E-03 6.0070E-03 8.8257E-03 1.0326E-02 1.4721E-02 1.7982E-02 1.7422E-02 1.7345E-02 1.7603E-02 1.5415E-02 1.1073E-02 5.4054E-03 1.9907E-03 1.1111E-03 2.4436E-04 0
 0 1.5074E-04 5.2959E-04 8.5467E-04 1.6985E-03 1.9823E-03 4.2526E-03 4.8635E-03 6.1464E-03 6.0897E-03 5.4791E-03 8.6305E-03 1.0461E-02 1.4288E-02 1.7200E-02 1.7951E-02 1.6802E-02 1.6400E-02 1.5371E-02 1.0720E-02 5.1280E-03 1.8923E-03 9.7258E-04 2.2472E-04 0
 0 1.4672E-04 5.0584E-04 9.1041E-04 1.7006E-03 1.9749E-03 3.9995E-03 4.8245E-03 5.8302E-03 5.7885E-03 5.9141E-03 8.6021E-03 1.0223E-02 1.4142E-02 1.7563E-02 1.8311E-02 1.7662E-02 1.6935E-02 1.5635E-02 1.0731E-02 4.9786E-03 2.0067E-03 9.8312E-04 3.0763E-04 0
 0 1.4672E-04 5.3991E-04 9.6305E-04 1.6740E-03 2.1276E-03 4.2721E-03 5.0586E-03 6.0451E-03 6.0332E-03 5.8510E-03 8.0166E-03 1.0263E-02 1.3793E-02 1.6731E-02 1.7639E-02 1.7220E-02 1.6393E-02 1.5396E-02 1.0934E-02 4.9816E-03 1.9587E-03 1.0750E-03 2.6254E-04 0
 0 1.5074E-04 5.0688E-04 9.4757E-04 1.6251E-03 2.0365E-03 4.1274E-03 4.7434E-03 5.8701E-03 5.8952E-03 6.1731E-03 8.3963E-03 9.9593E-03 1.4128E-02 1.7154E-02 1.7349E-02 1.7167E-02 1.6917E-02 1.4973E-02 1.0681E-02 4.8048E-03 2.1234E-03 1.0464E-03 2.7054E-04 0
 0 1.5426E-04 4.9758E-04 8.7170E-04 1.6251E-03 1.7755E-03 4.0329E-03 4.9446E-03 5.7197E-03 5.9454E-03 5.6451E-03 8.2366E-03 1.0359E-02 1.3600E-02 1.6870E-02 1.7282E-02 1.7366E-02 1.6622E-02 1.4767E-02 1.0717E-02 4.7774E-03 1.8832E-03 1.0132E-03 2.6908E-04 0
 0 1.7737E-04 4.9758E-04 8.8873E-04 1.6863E-03 1.9774E-03 4.3666E-03 4.7194E-03 5.9162E-03 5.8293E-03 5.7248E-03 8.1195E-03 1.0238E-02 1.3527E-02 1.6532E-02 1.6908E-02 1.7160E-02 1.6681E-02 1.4162E-02 1.1080E-02 5.0152E-03 1.8397E-03 1.0102E-03 2.4945E-04 0
 0 1.4270E-04 4.9758E-04 9.7699E-04 1.7720E-03 2.0094E-03 3.9634E-03 4.6263E-03 5.6706E-03 5.7665E-03 5.5455E-03 7.7646E-03 1.0051E-02 1.3476E-02 1.5818E-02 1.7643E-02 1.6627E-02 1.6161E-02 1.4615E-02 1.0382E-02 5.0761E-03 1.7070E-03 1.0298E-03 2.2981E-04 0
 0 1.4120E-04 5.3062E-04 9.1196E-04 1.6087E-03 1.9035E-03 3.8076E-03 4.3862E-03 5.7166E-03 5.5344E-03 5.8842E-03 8.1231E-03 9.8897E-03 1.3222E-02 1.5843E-02 1.7090E-02 1.6568E-02 1.5911E-02 1.4767E-02 1.0468E-02 5.1493E-03 1.9747E-03 1.0102E-03 2.4508E-04 0
 0 1.4974E-04 4.8210E-04 8.4693E-04 1.6414E-03 1.7631E-03 4.0134E-03 4.9265E-03 5.5171E-03 5.5720E-03 5.4990E-03 8.0130E-03 9.9813E-03 1.3094E-02 1.6354E-02 1.6586E-02 1.6237E-02 1.6105E-02 1.3999E-02 9.8806E-03 4.8170E-03 1.9884E-03 9.2440E-04 2.6617E-04 0
 0 1.7285E-04 5.1513E-04 8.4848E-04 1.8557E-03 1.8690E-03 4.0329E-03 4.2661E-03 5.7719E-03 5.8293E-03 5.0407E-03 7.8498E-03 1.0022E-02 1.2639E-02 1.6728E-02 1.6323E-02 1.6662E-02 1.5282E-02 1.4184E-02 1.0204E-02 5.2316E-03 1.9655E-03 1.1457E-03 2.5672E-04 0
 0 1.2964E-04 4.7797E-04 7.8809E-04 1.7537E-03 1.7828E-03 3.8354E-03 4.3681E-03 5.2929E-03 5.8418E-03 5.3197E-03 7.6866E-03 1.0007E-02 1.2909E-02 1.5789E-02 1.6463E-02 1.6324E-02 1.6126E-02 1.4068E-02 9.8166E-03 4.8566E-03 1.8443E-03 9.2440E-04 2.7199E-04 0
 0 1.5929E-04 5.3578E-04 8.9648E-04 1.6373E-03 1.9380E-03 4.0245E-03 4.7224E-03 5.6184E-03 5.5312E-03 5.5521E-03 7.8214E-03 9.5821E-03 1.3382E-02 1.5853E-02 1.5949E-02 1.6087E-02 1.5718E-02 1.3826E-02 1.0503E-02 4.8231E-03 1.9381E-03 1.0147E-03 2.6763E-04 0
 0 1.6230E-04 4.9862E-04 8.1441E-04 1.5863E-03 1.7878E-03 4.4000E-03 4.5303E-03 5.2776E-03 5.7665E-03 5.3960E-03 7.3672E-03 9.4575E-03 1.2734E-02 1.5800E-02 1.6348E-02 1.5791E-02 1.5946E-02 1.4065E-02 1.0140E-02 4.9267E-03 1.8717E-03 1.0734E-03 2.5890E-04 0
 0 1.6381E-04 5.7811E-04 8.8099E-04 1.6883E-03 1.7779E-03 3.8104E-03 4.3081E-03 5.7596E-03 5.6567E-03 5.2765E-03 7.4169E-03 9.9630E-03 1.2050E-02 1.5899E-02 1.6390E-02 1.6366E-02 1.5078E-02 1.3804E-02 1.0030E-02 4.7408E-03 1.8168E-03 9.8312E-04 2.3563E-04 0
 0 1.4522E-04 5.5023E-04 8.7170E-04 1.6740E-03 1.8789E-03 4.0329E-03 4.4642E-03 5.7350E-03 5.5814E-03 5.2466E-03 7.7291E-03 9.7615E-03 1.2599E-02 1.5427E-02 1.6040E-02 1.5850E-02 1.5552E-02 1.3978E-02 1.0105E-02 4.5030E-03 1.9060E-03 1.0102E-03 2.4799E-04 0
 0 1.4723E-04 5.0275E-04 8.6706E-04 1.7190E-03 1.6646E-03 4.2137E-03 4.3111E-03 5.8087E-03 5.2049E-03 5.4126E-03 7.1330E-03 9.5491E-03 1.2468E-02 1.5466E-02 1.6082E-02 1.5115E-02 1.5053E-02 1.3732E-02 9.6031E-03 4.5670E-03 1.8054E-03 1.0373E-03 2.6254E-04 0
 0 1.5979E-04 5.1617E-04 9.8628E-04 1.5761E-03 1.8567E-03 3.7826E-03 4.5303E-03 5.4864E-03 5.3681E-03 5.5588E-03 7.4346E-03 9.2780E-03 1.2057E-02 1.5252E-02 1.5182E-02 1.5506E-02 1.5232E-02 1.3970E-02 9.4359E-03 4.4024E-03 1.6841E-03 9.0935E-04 2.6326E-04 0
 0 1.5376E-04 5.4301E-04 8.6551E-04 1.6598E-03 1.7090E-03 3.9411E-03 4.3862E-03 5.4741E-03 5.5061E-03 5.0640E-03 7.1188E-03 9.1279E-03 1.2683E-02 1.4758E-02 1.5343E-02 1.5331E-02 1.5113E-02 1.3543E-02 9.6850E-03 4.8688E-03 1.7138E-03 8.6569E-04 2.4363E-04 0
 0 1.3466E-04 5.0688E-04 8.9338E-04 1.5556E-03 1.7755E-03 4.0162E-03 4.4222E-03 5.5815E-03 5.6222E-03 5.3662E-03 6.7568E-03 9.2231E-03 1.1922E-02 1.4730E-02 1.5238E-02 1.5495E-02 1.4504E-02 1.3782E-02 1.0005E-02 4.6645E-03 1.6200E-03 9.7710E-04 2.6108E-04 0
 0 1.3667E-04 4.7178E-04 7.9893E-04 1.5148E-03 1.6646E-03 3.6824E-03 4.3561E-03 5.4372E-03 5.5501E-03 5.1868E-03 7.6227E-03 9.0290E-03 1.2148E-02 1.4677E-02 1.4811E-02 1.4847E-02 1.4620E-02 1.3359E-02 9.7170E-03 4.7377E-03 1.8054E-03 9.8161E-04 2.8217E-04 0
 0 1.4321E-04 5.1513E-04 9.1351E-04 1.5985E-03 1.6991E-03 3.6880E-03 4.1640E-03 5.4403E-03 5.2175E-03 5.1835E-03 7.3210E-03 9.0729E-03 1.2443E-02 1.4904E-02 1.5571E-02 1.5213E-02 1.4719E-02 1.2888E-02 9.5248E-03 4.5517E-03 1.5971E-03 1.0268E-03 2.4217E-04 0
 0 1.5929E-04 4.7900E-04 8.0203E-04 1.5597E-03 1.6819E-03 3.8243E-03 4.0199E-03 5.5232E-03 5.3304E-03 4.9577E-03 6.7390E-03 9.0436E-03 1.1464E-02 1.4805E-02 1.4479E-02 1.4527E-02 1.4198E-02 1.3033E-02 9.2722E-03 4.3048E-03 1.9038E-03 9.9215E-04 2.5163E-04 0
 0 1.5175E-04 5.5643E-04 8.8873E-04 1.4985E-03 1.6277E-03 3.8577E-03 4.3291E-03 5.6613E-03 5.4622E-03 5.0839E-03 6.9875E-03 8.5784E-03 1.1730E-02 1.4673E-02 1.4878E-02 1.4447E-02 1.3847E-02 1.2964E-02 9.6743E-03 4.3475E-03 1.8031E-03 9.8763E-04 2.5454E-04 0
 0 1.4723E-04 5.3785E-04 8.3145E-04 1.4821E-03 1.5514E-03 3.8799E-03 4.2240E-03 5.1057E-03 5.1767E-03 5.0109E-03 6.7994E-03 8.5381E-03 1.2166E-02 1.4510E-02 1.4738E-02 1.4366E-02 1.3857E-02 1.2725E-02 9.4715E-03 4.4024E-03 1.6955E-03 9.8763E-04 2.7126E-04 0
 0 1.5979E-04 5.0894E-04 7.9274E-04 1.6006E-03 1.5982E-03 3.8410E-03 4.1940E-03 5.4741E-03 5.1296E-03 4.5592E-03 6.8562E-03 8.3147E-03 1.1216E-02 1.4517E-02 1.4745E-02 1.4945E-02 1.3379E-02 1.2707E-02 9.2117E-03 4.5030E-03 1.7230E-03 9.4247E-04 2.6545E-04 0
 0 1.6330E-04 5.7191E-04 7.6796E-04 1.6638E-03 1.6129E-03 3.6379E-03 4.4792E-03 5.0750E-03 5.0983E-03 4.7054E-03 6.8100E-03 8.7433E-03 1.1602E-02 1.4584E-02 1.4794E-02 1.4861E-02 1.3794E-02 1.3163E-02 8.8986E-03 4.3200E-03 1.5651E-03 8.9279E-04 2.6254E-04 0
 0 1.3517E-04 4.4287E-04 9.1815E-04 1.6577E-03 1.5464E-03 3.7103E-03 4.3351E-03 5.3175E-03 5.3210E-03 4.5592E-03 6.3380E-03 8.6077E-03 1.1544E-02 1.3948E-02 1.4409E-02 1.4217E-02 1.3790E-02 1.3080E-02 9.2722E-03 4.2072E-03 1.7367E-03 8.7924E-04 2.7272E-04 0
 0 1.4823E-04 5.1410E-04 8.5777E-04 1.6148E-03 1.6376E-03 3.6491E-03 4.0469E-03 5.0473E-03 5.1892E-03 4.7585E-03 6.9236E-03 8.5894E-03 1.1009E-02 1.3688E-02 1.3660E-02 1.3851E-02 1.3685E-02 1.2302E-02 9.0267E-03 4.3688E-03 1.6017E-03 8.7321E-04 2.5817E-04 0
 0 1.4471E-04 4.6249E-04 9.0422E-04 1.6046E-03 1.6548E-03 3.7408E-03 3.8007E-03 4.9767E-03 5.3367E-03 4.8183E-03 6.8845E-03 7.7616E-03 1.1213E-02 1.3479E-02 1.3968E-02 1.3673E-02 1.3389E-02 1.2591E-02 8.9769E-03 4.1219E-03 1.5445E-03 8.4009E-04 2.6545E-04 0
 0 1.6833E-04 5.3062E-04 8.9802E-04 1.6251E-03 1.6917E-03 3.3237E-03 3.9388E-03 5.2684E-03 5.1673E-03 4.5526E-03 6.6503E-03 8.2378E-03 1.1060E-02 1.3784E-02 1.3779E-02 1.3684E-02 1.3379E-02 1.2686E-02 8.8666E-03 4.2652E-03 1.6818E-03 9.6204E-04 2.2545E-04 0
 0 1.4270E-04 5.2443E-04 7.4474E-04 1.6598E-03 1.5637E-03 3.7603E-03 4.0379E-03 5.1486E-03 5.3744E-03 4.5260E-03 6.5332E-03 7.9484E-03 1.1267E-02 1.3440E-02 1.3789E-02 1.3840E-02 1.3017E-02 1.2182E-02 8.7599E-03 4.1585E-03 1.5216E-03 9.6656E-04 2.3636E-04 0
 0 1.3617E-04 4.9552E-04 7.8809E-04 1.5924E-03 1.6523E-03 3.6101E-03 3.9298E-03 5.2407E-03 5.2834E-03 4.5626E-03 6.6184E-03 7.9631E-03 1.1369E-02 1.3625E-02 1.4311E-02 1.3962E-02 1.3059E-02 1.2327E-02 8.8702E-03 4.2133E-03 1.5033E-03 9.1838E-04 2.5745E-04 0
 0 1.6230E-04 4.5010E-04 8.0203E-04 1.5475E-03 1.5563E-03 3.4961E-03 3.8278E-03 5.1763E-03 5.0700E-03 4.4430E-03 6.4197E-03 8.0327E-03 1.0696E-02 1.3255E-02 1.3618E-02 1.3715E-02 1.2535E-02 1.1726E-02 8.9307E-03 4.0640E-03 1.5926E-03 8.9730E-04 2.7854E-04 0
 0 1.4371E-04 4.4803E-04 8.4074E-04 1.7353E-03 1.5711E-03 3.7687E-03 4.0679E-03 5.1057E-03 5.1673E-03 4.3467E-03 6.4374E-03 7.9191E-03 1.0678E-02 1.3440E-02 1.3600E-02 1.3123E-02 1.3010E-02 1.1980E-02 8.5286E-03 4.1829E-03 1.5765E-03 8.6870E-04 2.2836E-04 0
 0 1.5125E-04 5.0584E-04 7.4939E-04 1.6026E-03 1.6400E-03 3.5712E-03 4.2451E-03 5.0473E-03 5.1830E-03 4.4829E-03 6.5013E-03 7.9924E-03 1.0681E-02 1.3056E-02 1.3208E-02 1.3454E-02 1.3129E-02 1.2135E-02 8.8702E-03 3.9816E-03 1.5079E-03 9.1988E-04 2.8290E-04 0
 0 1.4371E-04 5.2546E-04 7.9738E-04 1.4617E-03 1.5292E-03 3.6936E-03 4.1520E-03 5.1763E-03 5.0198E-03 4.4629E-03 6.3629E-03 7.9631E-03 1.1005E-02 1.3052E-02 1.2907E-02 1.3694E-02 1.2732E-02 1.1379E-02 8.5393E-03 4.1036E-03 1.5720E-03 9.2741E-04 2.6181E-04 0
 0 1.5074E-04 5.0791E-04 7.9429E-04 1.4536E-03 1.6252E-03 3.4711E-03 3.8938E-03 5.0043E-03 4.7532E-03 4.6290E-03 6.4197E-03 7.7982E-03 1.0703E-02 1.3315E-02 1.3453E-02 1.3398E-02 1.2327E-02 1.1365E-02 8.5250E-03 3.8658E-03 1.4118E-03 8.4160E-04 2.6108E-04 0
 0 1.5476E-04 5.1307E-04 8.1441E-04 1.6904E-03 1.5563E-03 3.6546E-03 4.0229E-03 4.8815E-03 4.6277E-03 4.4629E-03 5.9477E-03 7.2635E-03 1.0361E-02 1.2452E-02 1.3142E-02 1.3238E-02 1.2644E-02 1.1889E-02 8.7456E-03 3.6859E-03 1.4255E-03 8.2202E-04 2.3199E-04 0
 0 1.5627E-04 5.0997E-04 8.0667E-04 1.6169E-03 1.4800E-03 3.6769E-03 3.9779E-03 4.9675E-03 4.9665E-03 4.2239E-03 6.0116E-03 8.0510E-03 1.0212E-02 1.3024E-02 1.2753E-02 1.3018E-02 1.2264E-02 1.1404E-02 8.1016E-03 3.7560E-03 1.6177E-03 8.4009E-04 2.3199E-04 0
 0 1.5677E-04 4.7281E-04 7.4474E-04 1.5189E-03 1.4873E-03 3.6463E-03 3.7437E-03 4.9706E-03 5.1202E-03 4.0645E-03 5.8377E-03 7.3953E-03 1.0539E-02 1.2811E-02 1.2684E-02 1.3050E-02 1.2173E-02 1.1263E-02 8.1479E-03 3.8201E-03 1.4896E-03 9.0182E-04 2.4727E-04 0
 0 1.4321E-04 4.6971E-04 8.1596E-04 1.5066E-03 1.5169E-03 3.7047E-03 3.7797E-03 4.9552E-03 4.9037E-03 4.3301E-03 5.9441E-03 7.4539E-03 1.0034E-02 1.2199E-02 1.2907E-02 1.3057E-02 1.2345E-02 1.1205E-02 8.0981E-03 3.5548E-03 1.4759E-03 8.4912E-04 2.5599E-04 0
 0 1.4622E-04 4.7281E-04 7.1997E-04 1.4617E-03 1.5194E-03 3.5573E-03 3.8998E-03 4.8877E-03 4.8253E-03 4.0512E-03 5.6957E-03 7.1279E-03 1.0004E-02 1.2398E-02 1.3072E-02 1.2736E-02 1.1237E-02 1.1223E-02 7.7672E-03 3.6951E-03 1.4415E-03 7.9191E-04 2.6036E-04 0
 0 1.4924E-04 5.5849E-04 7.1532E-04 1.4066E-03 1.5538E-03 3.3626E-03 3.7257E-03 5.0842E-03 5.0010E-03 3.9350E-03 5.7560E-03 7.0986E-03 9.2075E-03 1.1812E-02 1.1634E-02 1.3105E-02 1.1986E-02 1.1412E-02 7.9202E-03 3.8109E-03 1.3889E-03 8.6418E-04 2.4508E-04 0
 0 1.5225E-04 4.4907E-04 7.9274E-04 1.5536E-03 1.3839E-03 3.6352E-03 3.7977E-03 4.8785E-03 4.7281E-03 4.0080E-03 5.7773E-03 7.1609E-03 9.8043E-03 1.1918E-02 1.2516E-02 1.2837E-02 1.1715E-02 1.1115E-02 7.8490E-03 3.7499E-03 1.6223E-03 8.4009E-04 2.4436E-04 0
 0 1.4924E-04 4.9346E-04 8.0822E-04 1.4474E-03 1.4603E-03 3.5740E-03 3.9628E-03 4.9583E-03 4.7343E-03 3.9117E-03 5.6567E-03 7.2488E-03 9.8261E-03 1.1812E-02 1.2176E-02 1.2576E-02 1.1441E-02 1.0923E-02 8.1621E-03 3.6127E-03 1.3683E-03 8.1901E-04 2.4363E-04 0
 0 1.3868E-04 4.5216E-04 8.0977E-04 1.5311E-03 1.4627E-03 3.4794E-03 3.8458E-03 4.7956E-03 4.7155E-03 4.0412E-03 5.8164E-03 6.8532E-03 1.0121E-02 1.2697E-02 1.2498E-02 1.2604E-02 1.1529E-02 1.0626E-02 8.0020E-03 4.0121E-03 1.4530E-03 8.3708E-04 2.4290E-04 0
 0 1.4371E-04 4.9965E-04 7.0603E-04 1.5271E-03 1.4159E-03 3.3598E-03 3.6356E-03 4.8171E-03 4.6935E-03 4.0180E-03 5.6531E-03 6.9888E-03 9.6114E-03 1.2043E-02 1.2204E-02 1.2196E-02 1.1807E-02 1.0326E-02 8.0518E-03 3.6920E-03 1.4026E-03 8.2805E-04 2.7417E-04 0
 0 1.5024E-04 4.1603E-04 7.3081E-04 1.4393E-03 1.2263E-03 3.3181E-03 3.6836E-03 4.8416E-03 4.7124E-03 4.0977E-03 5.5644E-03 7.2561E-03 9.7970E-03 1.1215E-02 1.2019E-02 1.2266E-02 1.1916E-02 1.0463E-02 7.9024E-03 3.5152E-03 1.4919E-03 9.6806E-04 2.3636E-04 0
 0 1.5577E-04 4.8107E-04 7.7261E-04 1.5618E-03 1.3519E-03 3.3848E-03 3.5606E-03 4.6175E-03 4.5743E-03 3.9815E-03 5.8554E-03 6.8019E-03 9.2220E-03 1.1762E-02 1.1788E-02 1.2123E-02 1.1810E-02 1.0196E-02 8.1550E-03 3.4573E-03 1.5971E-03 8.6117E-04 2.5672E-04 0
 0 1.4974E-04 4.6145E-04 7.3390E-04 1.5087E-03 1.4110E-03 3.4905E-03 3.6867E-03 4.5561E-03 4.8347E-03 3.7025E-03 5.2947E-03 6.7617E-03 9.7788E-03 1.1399E-02 1.1511E-02 1.1806E-02 1.1202E-02 9.9747E-03 7.7174E-03 3.6463E-03 1.3523E-03 8.1901E-04 2.6181E-04 0
 0 1.3617E-04 4.3358E-04 7.9119E-04 1.5883E-03 1.3913E-03 3.4071E-03 3.3984E-03 4.7864E-03 4.7626E-03 3.6793E-03 5.4757E-03 7.0144E-03 9.1529E-03 1.1325E-02 1.2001E-02 1.1754E-02 1.1114E-02 1.1075E-02 7.7921E-03 3.3536E-03 1.3843E-03 7.6331E-04 2.3636E-04 0
 0 1.3366E-04 4.6042E-04 7.6796E-04 1.4454E-03 1.4578E-03 3.5017E-03 3.7227E-03 4.3535E-03 4.3735E-03 4.0147E-03 5.6354E-03 6.9301E-03 9.3712E-03 1.1328E-02 1.2015E-02 1.1663E-02 1.0935E-02 9.9783E-03 8.0340E-03 3.7103E-03 1.1784E-03 8.4762E-04 2.5672E-04 0
 0 1.2512E-04 4.5629E-04 7.7880E-04 1.4679E-03 1.5144E-03 3.5795E-03 3.5215E-03 4.5254E-03 4.4739E-03 3.8752E-03 5.2521E-03 6.9814E-03 8.7635E-03 1.1232E-02 1.1634E-02 1.1809E-02 1.1205E-02 1.0619E-02 8.1123E-03 3.6707E-03 1.3111E-03 7.9944E-04 2.1018E-04 0
 0 1.3919E-04 4.3358E-04 8.4074E-04 1.4311E-03 1.2854E-03 3.2819E-03 3.7017E-03 4.5807E-03 4.4614E-03 3.8254E-03 5.1599E-03 6.3954E-03 8.8435E-03 1.1211E-02 1.2197E-02 1.1733E-02 1.0935E-02 1.0503E-02 7.4968E-03 3.3353E-03 1.4484E-03 8.2052E-04 2.3054E-04 0
 0 1.3215E-04 4.5526E-04 7.7571E-04 1.4454E-03 1.1992E-03 3.4516E-03 3.3894E-03 4.4732E-03 4.2669E-03 3.8287E-03 5.3692E-03 6.3880E-03 8.6616E-03 1.1222E-02 1.1707E-02 1.1890E-02 1.0562E-02 1.0308E-02 7.6213E-03 3.4694E-03 1.3226E-03 7.2266E-04 2.3417E-04 0
 0 1.4522E-04 4.1087E-04 8.5157E-04 1.5944E-03 1.2879E-03 3.5350E-03 3.5786E-03 4.7311E-03 4.3327E-03 3.6859E-03 5.3479E-03 6.4576E-03 9.0619E-03 1.0546E-02 1.1098E-02 1.1346E-02 1.1191E-02 9.6997E-03 7.5573E-03 3.3780E-03 1.3432E-03 8.8225E-04 2.1818E-04 0
 0 1.4019E-04 4.3874E-04 7.3390E-04 1.5230E-03 1.1672E-03 3.4961E-03 3.4315E-03 4.4149E-03 4.2951E-03 3.3206E-03 5.2202E-03 6.5675E-03 8.7453E-03 1.1168E-02 1.1102E-02 1.2182E-02 1.0899E-02 9.8915E-03 7.6498E-03 3.4054E-03 1.3798E-03 7.4374E-04 2.1599E-04 0
 0 1.5627E-04 4.9449E-04 7.6332E-04 1.4515E-03 1.3174E-03 3.3376E-03 3.5065E-03 4.3995E-03 4.5210E-03 3.6162E-03 4.9753E-03 6.3844E-03 9.0146E-03 1.0578E-02 1.1042E-02 1.1318E-02 1.0038E-02 9.9023E-03 7.5217E-03 3.2774E-03 1.3523E-03 8.1600E-04 2.2908E-04 0
 0 1.3115E-04 4.2429E-04 7.1687E-04 1.3331E-03 1.4233E-03 3.3014E-03 3.4975E-03 4.3688E-03 4.4300E-03 3.5697E-03 5.2379E-03 6.0694E-03 8.4323E-03 1.0401E-02 1.1424E-02 1.1391E-02 1.0182E-02 9.4391E-03 6.9524E-03 3.2926E-03 1.3065E-03 8.1299E-04 2.2545E-04 0
 0 1.4522E-04 4.6352E-04 7.3545E-04 1.4331E-03 1.1130E-03 3.1985E-03 3.4135E-03 4.4824E-03 4.4676E-03 3.7689E-03 5.0179E-03 6.5822E-03 8.5233E-03 1.0642E-02 1.0405E-02 1.0994E-02 1.0646E-02 9.3775E-03 7.2797E-03 3.3749E-03 1.3637E-03 8.2504E-04 2.0872E-04 0
 0 1.5527E-04 4.2739E-04 7.2152E-04 1.4617E-03 1.2903E-03 3.3237E-03 3.5936E-03 4.4394E-03 4.6026E-03 3.5232E-03 5.2024E-03 6.5932E-03 8.4032E-03 1.0706E-02 1.1238E-02 1.0743E-02 9.9568E-03 9.5911E-03 7.2014E-03 3.3597E-03 1.2951E-03 8.0998E-04 2.3127E-04 0
 0 1.2210E-04 4.5836E-04 8.8254E-04 1.3760E-03 1.3347E-03 3.3014E-03 3.3894E-03 4.3842E-03 4.5147E-03 3.3871E-03 5.0569E-03 6.3844E-03 8.8035E-03 1.0425E-02 1.0689E-02 1.0771E-02 1.0298E-02 9.7286E-03 7.2797E-03 3.4786E-03 1.3111E-03 7.0459E-04 2.2472E-04 0
 0 1.4823E-04 5.0481E-04 7.2771E-04 1.3923E-03 1.2509E-03 3.2124E-03 3.2363E-03 4.2522E-03 4.2574E-03 3.5896E-03 5.1315E-03 5.7287E-03 8.9127E-03 1.0450E-02 1.0850E-02 1.0865E-02 1.0031E-02 9.2074E-03 6.9204E-03 3.3231E-03 1.3935E-03 7.4524E-04 2.2472E-04 0
 0 1.3416E-04 4.3564E-04 7.8500E-04 1.4270E-03 1.3027E-03 3.2124E-03 3.4255E-03 4.2767E-03 4.0190E-03 3.3970E-03 4.7518E-03 6.0401E-03 8.1848E-03 1.0262E-02 1.0510E-02 1.0824E-02 9.9287E-03 9.1568E-03 7.1872E-03 3.1585E-03 1.2104E-03 7.8740E-04 2.3781E-04 0
 0 1.5476E-04 4.7797E-04 6.8126E-04 1.4434E-03 1.1426E-03 3.2068E-03 3.1703E-03 4.6206E-03 4.1821E-03 3.4136E-03 4.6453E-03 5.8936E-03 8.4796E-03 1.0344E-02 1.0818E-02 1.0705E-02 9.6086E-03 9.1785E-03 7.1303E-03 3.0914E-03 1.2242E-03 6.9857E-04 2.4145E-04 0
 0 1.4270E-04 4.5319E-04 7.5093E-04 1.3923E-03 1.2140E-03 3.1596E-03 3.3474E-03 4.5622E-03 4.2198E-03 3.3904E-03 5.0428E-03 5.8349E-03 8.2940E-03 1.0351E-02 1.0178E-02 1.0294E-02 9.7774E-03 9.4753E-03 7.3722E-03 3.0975E-03 1.2173E-03 7.0158E-04 2.1236E-04 0
 0 1.4321E-04 4.4494E-04 6.2087E-04 1.3699E-03 1.1648E-03 3.2847E-03 3.4195E-03 4.4425E-03 4.1068E-03 3.3505E-03 4.9576E-03 5.8496E-03 7.9483E-03 9.5439E-03 1.0377E-02 1.0437E-02 9.4644E-03 9.3884E-03 7.1054E-03 3.1493E-03 1.1372E-03 8.2353E-04 2.4945E-04 0
 0 1.4321E-04 4.6249E-04 6.8745E-04 1.4515E-03 1.2386E-03 3.0094E-03 3.5816E-03 4.3412E-03 4.3327E-03 3.3007E-03 5.0605E-03 5.8240E-03 8.0429E-03 9.7003E-03 1.0447E-02 1.0015E-02 9.7950E-03 8.8709E-03 7.2299E-03 3.0914E-03 1.2470E-03 7.5879E-04 2.4581E-04 0
 0 1.3969E-04 4.0571E-04 7.5093E-04 1.3372E-03 1.2189E-03 3.0650E-03 3.4255E-03 4.2736E-03 4.2480E-03 3.4966E-03 4.7979E-03 5.7800E-03 7.9956E-03 1.0233E-02 1.0874E-02 1.0587E-02 9.6719E-03 9.1857E-03 6.9986E-03 3.1432E-03 1.1418E-03 7.4524E-04 2.3999E-04 0
 0 1.3416E-04 3.8816E-04 6.8900E-04 1.4719E-03 1.1845E-03 3.2847E-03 3.0322E-03 4.2153E-03 4.1476E-03 3.4601E-03 4.9505E-03 5.5566E-03 7.5807E-03 9.7110E-03 1.0433E-02 9.8865E-03 9.5066E-03 9.0518E-03 6.9844E-03 3.0762E-03 1.1441E-03 7.4073E-04 2.3417E-04 0
 0 1.3416E-04 4.5939E-04 7.1997E-04 1.4372E-03 1.1130E-03 3.0177E-03 3.3174E-03 4.3350E-03 4.0472E-03 3.0982E-03 4.6595E-03 5.5712E-03 8.2503E-03 9.1885E-03 9.9396E-03 1.0698E-02 8.9509E-03 8.9722E-03 6.7318E-03 3.0670E-03 1.2104E-03 7.3320E-04 2.0508E-04 0
 0 1.3617E-04 4.8416E-04 7.1997E-04 1.3903E-03 1.0786E-03 3.1457E-03 3.2063E-03 4.3964E-03 3.9625E-03 3.2310E-03 4.7695E-03 5.7251E-03 7.9301E-03 9.4053E-03 9.6561E-03 1.0106E-02 9.3167E-03 8.5162E-03 6.7211E-03 2.9878E-03 1.1853E-03 7.6783E-04 2.3417E-04 0
 0 1.2914E-04 4.4597E-04 7.1997E-04 1.5066E-03 1.1697E-03 3.1317E-03 3.3054E-03 4.2890E-03 4.3735E-03 3.1314E-03 4.5992E-03 5.6078E-03 7.7372E-03 9.6008E-03 1.0241E-02 1.0155E-02 9.2991E-03 8.9939E-03 6.4756E-03 2.9024E-03 1.1853E-03 8.1450E-04 2.2763E-04 0
 0 1.3416E-04 4.3461E-04 6.8590E-04 1.3984E-03 1.2534E-03 3.1067E-03 3.1343E-03 4.2399E-03 4.0221E-03 3.0816E-03 4.6382E-03 5.7067E-03 7.3769E-03 9.3413E-03 1.0003E-02 9.9039E-03 9.2850E-03 8.8781E-03 7.1588E-03 2.9603E-03 1.2562E-03 8.6870E-04 2.2472E-04 0
 0 1.1909E-04 4.1500E-04 7.0139E-04 1.3944E-03 1.1204E-03 3.2041E-03 3.0202E-03 4.3013E-03 3.9343E-03 3.2609E-03 4.4324E-03 5.4430E-03 7.6462E-03 9.7465E-03 9.9956E-03 9.7959E-03 9.3519E-03 8.7623E-03 7.0378E-03 2.8475E-03 1.1670E-03 7.0610E-04 2.5236E-04 0
 0 1.3868E-04 4.2635E-04 7.1532E-04 1.4434E-03 1.2682E-03 3.3014E-03 2.9992E-03 4.2583E-03 4.1570E-03 3.1048E-03 4.4750E-03 5.3148E-03 7.6098E-03 8.6944E-03 9.6596E-03 1.0123E-02 9.1127E-03 8.5632E-03 6.9382E-03 3.0426E-03 1.3065E-03 7.2868E-04 2.2618E-04 0
 0 1.4873E-04 4.1397E-04 6.8900E-04 1.3842E-03 1.0564E-03 3.0038E-03 3.0772E-03 4.4855E-03 4.0974E-03 3.1114E-03 4.4821E-03 5.1317E-03 7.1767E-03 8.9396E-03 9.6771E-03 9.8064E-03 8.6168E-03 7.9516E-03 6.2088E-03 2.9817E-03 1.2196E-03 7.0911E-04 2.3199E-04 0
 0 1.5024E-04 4.5939E-04 7.4939E-04 1.3944E-03 1.0712E-03 2.9927E-03 3.0022E-03 4.1324E-03 4.1037E-03 3.2974E-03 4.1804E-03 5.4027E-03 7.6972E-03 9.2524E-03 1.0199E-02 9.3744E-03 8.4304E-03 8.6356E-03 6.3938E-03 2.9451E-03 1.1372E-03 7.6632E-04 1.9854E-04 0
 0 1.5728E-04 4.2429E-04 6.9055E-04 1.2698E-03 1.1254E-03 3.3042E-03 3.1943E-03 4.0925E-03 3.9249E-03 3.0583E-03 4.0065E-03 5.3405E-03 6.9511E-03 8.9005E-03 9.4356E-03 9.6009E-03 8.8208E-03 8.6573E-03 6.5966E-03 2.6585E-03 1.2196E-03 6.8201E-04 1.9927E-04 0
 0 1.3919E-04 4.4494E-04 6.9210E-04 1.4107E-03 1.0145E-03 3.0872E-03 3.1583E-03 4.2460E-03 3.9876E-03 3.3372E-03 4.4608E-03 5.2123E-03 7.2932E-03 8.9787E-03 9.3061E-03 9.1341E-03 8.6485E-03 8.4727E-03 6.5432E-03 2.8536E-03 1.2082E-03 6.5792E-04 2.1090E-04 0
 0 1.4220E-04 4.1810E-04 7.3235E-04 1.4331E-03 1.1081E-03 3.1095E-03 3.0202E-03 4.3750E-03 3.7774E-03 2.8325E-03 4.2230E-03 5.1134E-03 7.2495E-03 9.1067E-03 9.6806E-03 9.2072E-03 8.1455E-03 8.0420E-03 6.0309E-03 2.7865E-03 1.1967E-03 6.4889E-04 2.2181E-04 0
 0 1.4873E-04 4.2739E-04 7.1377E-04 1.4168E-03 1.1254E-03 3.0622E-03 2.9091E-03 4.4179E-03 4.1539E-03 2.8093E-03 4.2265E-03 5.2269E-03 7.3441E-03 9.0285E-03 9.4776E-03 9.9283E-03 8.3390E-03 8.4402E-03 6.2906E-03 2.9603E-03 1.2104E-03 7.6933E-04 2.3490E-04 0
 0 1.4572E-04 4.4494E-04 6.7816E-04 1.3392E-03 1.0096E-03 2.9704E-03 3.0922E-03 4.1048E-03 4.0253E-03 2.9753E-03 4.3153E-03 5.2269E-03 7.0348E-03 8.7548E-03 9.3586E-03 9.3326E-03 8.0681E-03 7.7778E-03 6.3724E-03 2.7896E-03 1.2310E-03 6.9405E-04 2.4145E-04 0
 0 1.4672E-04 4.0055E-04 7.7261E-04 1.3576E-03 9.8007E-04 3.1290E-03 2.8340E-03 4.1201E-03 3.6959E-03 2.9919E-03 4.3188E-03 5.0877E-03 7.2932E-03 8.6055E-03 9.3096E-03 9.4615E-03 8.0013E-03 8.1651E-03 6.3155E-03 2.6585E-03 1.1395E-03 7.0158E-04 2.0872E-04 0
 0 1.5275E-04 4.0674E-04 7.1223E-04 1.4454E-03 1.0441E-03 2.7952E-03 2.7140E-03 4.0219E-03 3.9876E-03 2.9155E-03 4.1343E-03 5.0621E-03 6.6891E-03 8.3851E-03 9.0751E-03 9.3326E-03 8.2229E-03 8.0782E-03 6.2265E-03 2.8597E-03 1.1441E-03 6.8954E-04 2.3127E-04 0
 0 1.3064E-04 4.6249E-04 6.5649E-04 1.4576E-03 1.0884E-03 3.1735E-03 2.9811E-03 3.9820E-03 3.8151E-03 2.8690E-03 3.9143E-03 4.7727E-03 7.0857E-03 8.4065E-03 9.1626E-03 9.3849E-03 8.4761E-03 7.6113E-03 6.0771E-03 2.5731E-03 1.1304E-03 6.8803E-04 2.2763E-04 0
 0 1.2210E-04 4.7487E-04 7.6796E-04 1.4311E-03 9.9485E-04 2.9371E-03 2.9901E-03 3.8438E-03 3.5076E-03 2.7196E-03 3.9710E-03 4.6445E-03 6.7618E-03 8.6731E-03 9.1556E-03 8.7961E-03 8.1948E-03 8.1398E-03 6.3155E-03 2.7347E-03 1.0526E-03 6.4738E-04 2.3417E-04 0
 0 1.2461E-04 4.5423E-04 6.8281E-04 1.3923E-03 1.0466E-03 2.8953E-03 2.9541E-03 4.0127E-03 4.0692E-03 2.7063E-03 3.7084E-03 4.6811E-03 6.5180E-03 8.1754E-03 9.0961E-03 8.6289E-03 8.2545E-03 7.4340E-03 5.9206E-03 2.6554E-03 1.0114E-03 7.2718E-04 2.4581E-04 0
 0 1.4572E-04 4.1706E-04 6.4100E-04 1.3658E-03 9.8253E-04 2.7590E-03 2.9121E-03 3.7517E-03 3.6927E-03 2.7163E-03 3.9285E-03 4.6738E-03 6.7946E-03 8.4456E-03 8.5782E-03 9.1480E-03 7.8290E-03 7.8538E-03 6.0273E-03 2.6311E-03 1.2242E-03 7.0610E-04 2.1745E-04 0
 0 1.2009E-04 4.3977E-04 7.1223E-04 1.3535E-03 1.0416E-03 2.9621E-03 2.9631E-03 4.1109E-03 3.6676E-03 2.8192E-03 4.0881E-03 4.6811E-03 6.8601E-03 8.3212E-03 8.4802E-03 8.8275E-03 8.3882E-03 7.4955E-03 6.0913E-03 2.6128E-03 1.0571E-03 6.0071E-04 2.5381E-04 0
 0 1.3818E-04 3.8713E-04 6.7971E-04 1.4046E-03 1.0145E-03 3.0121E-03 2.8040E-03 3.8622E-03 3.6833E-03 2.7130E-03 3.9001E-03 4.6628E-03 6.9256E-03 8.3176E-03 8.6272E-03 9.0191E-03 7.8079E-03 7.6656E-03 5.9490E-03 2.6219E-03 1.1555E-03 6.8050E-04 2.5017E-04 0
 0 1.4069E-04 3.7577E-04 5.3727E-04 1.2392E-03 9.7761E-04 2.9037E-03 2.8641E-03 3.7671E-03 3.3915E-03 2.4739E-03 3.9710E-03 4.7581E-03 6.4379E-03 7.9515E-03 8.5887E-03 8.7787E-03 7.4456E-03 7.6512E-03 6.3368E-03 2.4176E-03 1.1166E-03 6.5943E-04 2.1963E-04 0
 0 1.5275E-04 4.2429E-04 7.2461E-04 1.4107E-03 1.0392E-03 2.9676E-03 2.8911E-03 3.7793E-03 3.5955E-03 2.5303E-03 3.6375E-03 4.4394E-03 6.6272E-03 8.1790E-03 8.5012E-03 8.6045E-03 7.6813E-03 7.4883E-03 5.9277E-03 2.4603E-03 1.0365E-03 6.6394E-04 2.3054E-04 0
 0 1.4924E-04 4.2945E-04 6.2242E-04 1.2862E-03 8.9881E-04 2.9398E-03 3.0052E-03 3.6504E-03 3.7931E-03 2.5104E-03 3.8433E-03 4.6152E-03 6.4525E-03 7.9017E-03 8.3682E-03 8.8310E-03 7.8008E-03 7.7597E-03 5.7498E-03 2.6737E-03 9.8620E-04 6.5642E-04 2.7854E-04 0
 0 1.3818E-04 3.4170E-04 6.4100E-04 1.1922E-03 1.0047E-03 2.8397E-03 2.9181E-03 4.0403E-03 3.7398E-03 2.6930E-03 3.8610E-03 4.4577E-03 6.4270E-03 7.8413E-03 8.4977E-03 8.4826E-03 7.5406E-03 7.3580E-03 5.9099E-03 2.6128E-03 1.1464E-03 6.3684E-04 2.1308E-04 0
 0 1.4421E-04 4.6145E-04 6.2552E-04 1.3556E-03 9.7515E-04 2.9092E-03 2.7770E-03 3.7456E-03 3.5202E-03 2.5602E-03 3.8397E-03 4.4357E-03 6.7436E-03 7.8413E-03 8.1267E-03 8.0925E-03 7.4878E-03 7.1662E-03 5.7071E-03 2.5914E-03 1.1876E-03 6.3082E-04 2.0290E-04 0
 0 1.4120E-04 3.9538E-04 5.7907E-04 1.2984E-03 9.3575E-04 2.9037E-03 2.6599E-03 3.7272E-03 3.7335E-03 2.5735E-03 3.7475E-03 4.5346E-03 6.4379E-03 7.4005E-03 8.4487E-03 8.2213E-03 7.6602E-03 7.7272E-03 5.9490E-03 2.6219E-03 9.7247E-04 6.3233E-04 2.2254E-04 0
 0 1.4522E-04 3.7267E-04 6.6887E-04 1.3984E-03 9.2343E-04 2.8258E-03 2.7019E-03 3.6565E-03 3.4605E-03 2.6200E-03 3.7971E-03 4.7214E-03 5.9903E-03 7.5534E-03 7.9937E-03 8.5105E-03 7.3366E-03 7.3001E-03 5.9419E-03 2.5274E-03 9.9078E-04 6.5190E-04 2.1890E-04 0
 0 1.4974E-04 3.8816E-04 6.1933E-04 1.3086E-03 9.9977E-04 2.9760E-03 2.8370E-03 3.8162E-03 3.8339E-03 2.4340E-03 3.5949E-03 4.5749E-03 6.2887E-03 7.4361E-03 7.8572E-03 8.1726E-03 7.3014E-03 7.1589E-03 5.6146E-03 2.6768E-03 9.3815E-04 6.4136E-04 2.2036E-04 0
 0 1.3818E-04 4.0055E-04 6.3326E-04 1.3025E-03 9.8253E-04 2.8703E-03 2.8581E-03 3.8346E-03 3.4323E-03 2.5602E-03 3.8007E-03 4.3845E-03 6.2487E-03 7.3117E-03 7.9447E-03 8.0750E-03 7.1326E-03 7.4231E-03 5.4616E-03 2.4054E-03 1.0114E-03 5.9017E-04 2.0872E-04 0
 0 1.4220E-04 3.9745E-04 6.5029E-04 1.2474E-03 9.9238E-04 2.8508E-03 2.7710E-03 3.9666E-03 3.5264E-03 2.5503E-03 3.4920E-03 4.0475E-03 6.0485E-03 7.3330E-03 7.9727E-03 7.7685E-03 7.4034E-03 7.1119E-03 5.8565E-03 2.4634E-03 9.6561E-04 6.0974E-04 1.9927E-04 0
 0 1.2662E-04 3.9332E-04 6.5184E-04 1.4576E-03 9.6530E-04 2.7952E-03 2.7230E-03 3.9144E-03 3.3225E-03 2.5337E-03 3.8894E-03 4.0328E-03 6.0849E-03 7.5925E-03 7.7557E-03 7.9775E-03 7.2627E-03 6.8042E-03 5.5612E-03 2.2774E-03 9.2213E-04 7.2416E-04 2.0436E-04 0
 0 1.2713E-04 4.2945E-04 6.7971E-04 1.3290E-03 1.0244E-03 2.8369E-03 2.6689E-03 3.7763E-03 3.5735E-03 2.3577E-03 3.3819E-03 4.2013E-03 5.9175E-03 7.6316E-03 8.0182E-03 8.1621E-03 6.7317E-03 7.2675E-03 5.5221E-03 2.3414E-03 1.1487E-03 6.2329E-04 2.6181E-04 0
 0 1.3115E-04 3.9332E-04 6.4255E-04 1.2433E-03 9.6530E-04 2.8647E-03 2.5188E-03 3.6136E-03 3.3884E-03 2.5004E-03 3.5132E-03 4.5456E-03 5.9030E-03 7.1482E-03 7.7942E-03 8.1099E-03 7.0939E-03 7.2784E-03 5.5825E-03 2.3628E-03 9.9764E-04 5.8867E-04 2.1236E-04 0
 0 1.5175E-04 4.3977E-04 6.7816E-04 1.2923E-03 9.1851E-04 2.7646E-03 2.5668E-03 3.8960E-03 3.7900E-03 2.5934E-03 3.4245E-03 4.0292E-03 5.7683E-03 7.8022E-03 7.8292E-03 7.8765E-03 6.9462E-03 6.7753E-03 5.5327E-03 2.4817E-03 1.0137E-03 5.9168E-04 2.1454E-04 0
 0 1.3265E-04 4.1500E-04 6.1004E-04 1.2637E-03 9.0127E-04 2.6645E-03 2.6539E-03 3.7179E-03 3.3664E-03 2.4473E-03 3.5062E-03 4.0621E-03 5.9976E-03 7.5640E-03 7.7557E-03 7.7929E-03 6.8548E-03 6.6341E-03 5.2872E-03 2.2865E-03 9.3586E-04 6.3383E-04 2.0145E-04 0
 0 1.2160E-04 3.2415E-04 6.0230E-04 1.1882E-03 8.2986E-04 2.8870E-03 2.7980E-03 3.5982E-03 3.4041E-03 2.5071E-03 3.5345E-03 4.2233E-03 5.6955E-03 7.3685E-03 7.4687E-03 7.5177E-03 6.8583E-03 7.1119E-03 5.7284E-03 2.5884E-03 9.2671E-04 6.3534E-04 2.1308E-04 0
 0 1.4019E-04 3.9022E-04 6.6578E-04 1.3086E-03 9.7268E-04 2.7924E-03 2.7320E-03 3.6535E-03 3.6739E-03 2.4573E-03 3.4458E-03 3.9852E-03 5.4481E-03 7.1268E-03 7.5702E-03 7.7859E-03 7.0728E-03 6.7391E-03 5.5434E-03 2.3780E-03 9.1298E-04 6.0523E-04 2.2545E-04 0
 0 1.3215E-04 3.9229E-04 5.9610E-04 1.3107E-03 8.9142E-04 2.6311E-03 2.6359E-03 3.5552E-03 3.2472E-03 2.5104E-03 3.4032E-03 4.1500E-03 5.4808E-03 6.8496E-03 7.1992E-03 7.5525E-03 6.7281E-03 6.9635E-03 5.4118E-03 2.2073E-03 9.1527E-04 7.0309E-04 2.1454E-04 0
 0 1.2361E-04 4.2739E-04 6.1623E-04 1.2065E-03 9.1851E-04 2.8091E-03 2.7530E-03 3.3833E-03 3.4354E-03 2.2979E-03 3.6055E-03 4.3735E-03 5.6082E-03 6.8531E-03 7.2447E-03 7.5560E-03 7.0552E-03 6.5979E-03 5.3869E-03 2.4481E-03 8.8781E-04 5.6307E-04 2.3490E-04 0
 0 1.3064E-04 3.9022E-04 6.1933E-04 1.2494E-03 8.6680E-04 2.6450E-03 2.3897E-03 3.7272E-03 3.3978E-03 2.2614E-03 3.2613E-03 3.8936E-03 5.6337E-03 6.9207E-03 7.4477E-03 7.3922E-03 6.5628E-03 6.5726E-03 5.3477E-03 2.3414E-03 1.0548E-03 5.9770E-04 2.0508E-04 0
 0 1.4672E-04 4.2326E-04 6.1623E-04 1.3004E-03 8.8650E-04 2.7896E-03 2.7230E-03 3.5061E-03 3.4605E-03 2.1020E-03 3.1016E-03 3.8753E-03 5.6482E-03 7.2264E-03 7.6542E-03 7.3748E-03 6.2850E-03 6.8477E-03 5.4153E-03 2.1920E-03 9.0154E-04 6.1426E-04 2.1818E-04 0
 0 1.2612E-04 3.8506E-04 5.7288E-04 1.2902E-03 8.4217E-04 2.7257E-03 2.6389E-03 3.4263E-03 3.3978E-03 2.3543E-03 3.3323E-03 3.7251E-03 5.4626E-03 6.8211E-03 7.4022E-03 7.4062E-03 6.8759E-03 6.4278E-03 5.5292E-03 2.1829E-03 9.1527E-04 5.9168E-04 2.0218E-04 0
 0 1.4572E-04 3.9435E-04 6.2087E-04 1.1739E-03 9.6037E-04 2.9398E-03 2.5038E-03 3.3557E-03 3.2974E-03 2.2813E-03 3.0980E-03 4.1867E-03 5.4990E-03 6.9100E-03 7.4547E-03 6.8279E-03 6.5206E-03 6.6341E-03 5.5114E-03 2.1585E-03 1.0045E-03 5.9318E-04 1.9490E-04 0
 0 1.4823E-04 3.5925E-04 6.3945E-04 1.3739E-03 7.8800E-04 2.5477E-03 2.3987E-03 3.5429E-03 3.3915E-03 2.4008E-03 3.2755E-03 3.5823E-03 5.4189E-03 6.8069E-03 6.9752E-03 7.2599E-03 6.0951E-03 6.0044E-03 5.0346E-03 2.2439E-03 9.6789E-04 5.7361E-04 2.1890E-04 0
 0 1.3014E-04 4.1603E-04 6.3326E-04 1.2698E-03 9.2590E-04 2.5560E-03 2.4167E-03 3.2697E-03 3.1719E-03 2.1883E-03 3.3110E-03 3.8900E-03 5.7101E-03 6.8851E-03 7.3007E-03 7.2599E-03 6.1549E-03 6.5183E-03 5.1876E-03 2.1737E-03 9.1984E-04 5.7361E-04 2.0436E-04 0
 0 1.3115E-04 4.2222E-04 5.5739E-04 1.2433E-03 8.1508E-04 2.5922E-03 2.5158E-03 3.6381E-03 3.5045E-03 2.1119E-03 3.3216E-03 4.0585E-03 5.3025E-03 6.7003E-03 6.8562E-03 7.3261E-03 6.1162E-03 6.2686E-03 5.3691E-03 2.4298E-03 8.9696E-04 5.7813E-04 2.3927E-04 0
 0 1.4924E-04 3.8506E-04 5.8217E-04 1.1167E-03 8.6433E-04 2.6395E-03 2.3507E-03 3.3741E-03 3.1719E-03 2.1651E-03 3.3678E-03 3.6116E-03 5.1678E-03 6.4053E-03 6.6497E-03 6.9254E-03 6.2674E-03 6.0297E-03 5.0737E-03 2.2103E-03 9.0154E-04 5.7060E-04 1.8545E-04 0
 0 1.2260E-04 3.6338E-04 6.5649E-04 1.1494E-03 9.6776E-04 2.7730E-03 2.2456E-03 3.3465E-03 3.1939E-03 2.2580E-03 3.0413E-03 3.8790E-03 5.1096E-03 6.5617E-03 6.9262E-03 7.1832E-03 6.1971E-03 6.1853E-03 5.1378E-03 2.2865E-03 9.0154E-04 6.5340E-04 1.8618E-04 0
 0 1.2813E-04 3.6751E-04 5.4346E-04 1.1678E-03 7.6583E-04 2.6534E-03 2.3267E-03 3.5798E-03 3.4198E-03 2.2514E-03 2.9880E-03 3.5566E-03 5.2370E-03 6.3342E-03 6.9507E-03 6.8523E-03 6.2920E-03 6.0261E-03 4.8105E-03 2.0274E-03 9.5188E-04 6.1125E-04 2.2254E-04 0
 0 1.3265E-04 3.7577E-04 6.0075E-04 1.3433E-03 8.5695E-04 2.6534E-03 2.5338E-03 3.8776E-03 3.4731E-03 2.0588E-03 3.3358E-03 3.6995E-03 5.1169E-03 6.6150E-03 6.9472E-03 6.8279E-03 5.8700E-03 6.0297E-03 5.3406E-03 2.1737E-03 8.8094E-04 6.2781E-04 1.8981E-04 0
 0 1.5527E-04 3.6958E-04 6.6732E-04 1.3249E-03 7.7568E-04 2.6617E-03 2.2276E-03 3.2022E-03 3.3539E-03 2.0455E-03 3.1016E-03 3.6372E-03 4.9859E-03 6.8958E-03 6.7652E-03 6.9777E-03 6.0845E-03 6.1347E-03 4.9030E-03 2.2591E-03 9.4501E-04 5.8114E-04 2.3417E-04 0
 0 1.2512E-04 3.9125E-04 5.7752E-04 1.0820E-03 8.2247E-04 2.7034E-03 2.5789E-03 3.2513E-03 3.1625E-03 2.2680E-03 2.8674E-03 3.6299E-03 5.0441E-03 6.4550E-03 6.4922E-03 6.5318E-03 5.9509E-03 6.1853E-03 5.0275E-03 2.1402E-03 8.2832E-04 5.5103E-04 2.2545E-04 0
 0 1.1607E-04 3.7990E-04 6.1313E-04 1.1290E-03 6.8457E-04 2.5560E-03 2.3057E-03 3.2666E-03 3.2284E-03 2.1684E-03 2.9135E-03 3.6482E-03 4.8476E-03 6.0285E-03 6.6847E-03 6.4447E-03 6.0564E-03 6.3084E-03 4.8887E-03 2.2042E-03 8.2145E-04 6.0222E-04 1.9199E-04 0
 0 1.3366E-04 4.1190E-04 5.7133E-04 1.2065E-03 7.4613E-04 2.5866E-03 2.2906E-03 3.5460E-03 3.1782E-03 1.8828E-03 3.0590E-03 3.1537E-03 4.8876E-03 6.2489E-03 6.8772E-03 6.6816E-03 5.8981E-03 5.7185E-03 4.9492E-03 2.1554E-03 9.7705E-04 5.3597E-04 2.0436E-04 0
 0 1.3014E-04 3.9229E-04 5.6514E-04 1.2106E-03 8.7418E-04 2.6506E-03 2.3567E-03 3.4079E-03 3.1186E-03 2.0156E-03 2.8496E-03 3.6519E-03 5.1715E-03 6.0285E-03 6.5692E-03 6.7373E-03 5.8629E-03 5.5592E-03 4.7535E-03 2.1189E-03 8.3747E-04 5.7813E-04 1.9272E-04 0
 0 1.3316E-04 4.1500E-04 5.0320E-04 1.2127E-03 7.4613E-04 2.5755E-03 2.2096E-03 3.1684E-03 3.2911E-03 2.3610E-03 3.0768E-03 3.4175E-03 5.1387E-03 6.3662E-03 6.1983E-03 6.5144E-03 5.6519E-03 5.5013E-03 4.9563E-03 1.9634E-03 9.9993E-04 5.8114E-04 1.9854E-04 0
 0 1.4170E-04 3.8816E-04 6.5803E-04 1.2310E-03 8.0277E-04 2.5171E-03 2.5038E-03 3.2513E-03 3.1154E-03 1.8928E-03 2.5977E-03 3.4321E-03 4.8585E-03 6.1671E-03 6.3243E-03 6.7025E-03 5.8243E-03 5.8198E-03 5.1058E-03 2.1067E-03 8.9696E-04 5.8264E-04 2.1090E-04 0
 0 1.5627E-04 4.2119E-04 5.8217E-04 1.2902E-03 8.9881E-04 2.7479E-03 2.3147E-03 3.4601E-03 3.1343E-03 2.1983E-03 2.8141E-03 3.4541E-03 5.0441E-03 6.0925E-03 6.5377E-03 6.9115E-03 5.8207E-03 5.6967E-03 4.6824E-03 1.9908E-03 7.8942E-04 5.5856E-04 1.8618E-04 0
 0 1.3567E-04 3.6545E-04 6.2242E-04 1.2310E-03 6.5502E-04 2.5560E-03 2.3297E-03 3.2851E-03 3.3570E-03 1.9094E-03 2.8425E-03 3.2746E-03 4.5200E-03 5.9716E-03 6.4887E-03 6.2914E-03 5.9931E-03 5.6533E-03 5.1805E-03 1.9573E-03 7.6425E-04 5.3447E-04 2.2036E-04 0
 0 1.4974E-04 3.7370E-04 6.0230E-04 1.1820E-03 7.9046E-04 2.6979E-03 2.3987E-03 3.3096E-03 3.0401E-03 2.0123E-03 2.7574E-03 3.2306E-03 4.6947E-03 6.4621E-03 6.3767E-03 6.3193E-03 5.7715E-03 5.8343E-03 4.7108E-03 2.0000E-03 8.8323E-04 5.6458E-04 2.4217E-04 0
 0 1.3818E-04 3.6441E-04 6.0539E-04 1.1085E-03 7.2397E-04 2.6367E-03 2.4017E-03 3.3925E-03 3.0276E-03 2.0289E-03 2.8212E-03 3.2856E-03 4.7639E-03 5.9254E-03 6.3627E-03 6.3750E-03 5.2967E-03 5.7474E-03 4.6539E-03 1.9542E-03 8.1687E-04 5.8867E-04 2.2908E-04 0
 0 1.2461E-04 3.4686E-04 6.1933E-04 1.2331E-03 8.2001E-04 2.4642E-03 2.2006E-03 3.1592E-03 3.2158E-03 1.8728E-03 2.8603E-03 3.2490E-03 4.5928E-03 5.7690E-03 6.2438E-03 6.1869E-03 5.8243E-03 5.6714E-03 4.6575E-03 1.8231E-03 8.0086E-04 5.3597E-04 2.0727E-04 0
 0 1.4270E-04 4.0467E-04 6.1468E-04 1.1657E-03 7.0427E-04 2.5254E-03 2.1766E-03 3.5552E-03 3.0088E-03 1.9725E-03 2.9100E-03 3.0768E-03 4.7166E-03 5.7263E-03 6.0583E-03 6.4935E-03 5.1701E-03 5.4470E-03 4.5116E-03 2.0365E-03 7.9857E-04 5.1188E-04 2.0654E-04 0
 0 1.2110E-04 3.7061E-04 6.0384E-04 1.1473E-03 6.8703E-04 2.3780E-03 2.3087E-03 3.4447E-03 3.1531E-03 2.0223E-03 2.9100E-03 3.2270E-03 4.8112E-03 5.5273E-03 6.1703E-03 6.6502E-03 5.2475E-03 5.1756E-03 4.7464E-03 1.8231E-03 8.2603E-04 5.8566E-04 2.0290E-04 0
 0 1.4120E-04 3.7887E-04 5.5894E-04 1.2555E-03 7.2397E-04 2.4392E-03 2.2246E-03 3.2666E-03 2.9648E-03 1.9725E-03 2.7112E-03 3.2893E-03 4.3490E-03 5.8188E-03 6.2718E-03 6.0267E-03 5.3283E-03 5.2516E-03 4.7855E-03 1.9725E-03 7.9628E-04 5.5404E-04 2.0872E-04 0
 0 1.4823E-04 3.7783E-04 4.7224E-04 1.2739E-03 6.9935E-04 2.5727E-03 2.3117E-03 3.3004E-03 3.1217E-03 2.0057E-03 2.6012E-03 3.1281E-03 4.7602E-03 5.4526E-03 5.8903E-03 6.1103E-03 5.4198E-03 4.9512E-03 4.3764E-03 1.9329E-03 8.3976E-04 5.6458E-04 2.2036E-04 0
 0 1.4120E-04 3.4273E-04 5.3881E-04 1.3801E-03 7.4121E-04 2.5783E-03 2.1165E-03 3.0794E-03 2.9178E-03 2.0820E-03 2.6970E-03 3.2270E-03 4.3526E-03 5.7619E-03 5.9953E-03 6.0720E-03 5.3108E-03 5.0634E-03 4.3870E-03 1.8323E-03 7.6425E-04 6.1878E-04 2.1381E-04 0
 0 1.6029E-04 3.4686E-04 5.7597E-04 1.2494E-03 7.6830E-04 2.4169E-03 2.2366E-03 3.3342E-03 2.9586E-03 1.9426E-03 2.5693E-03 2.9486E-03 4.3199E-03 5.2500E-03 6.0058E-03 5.8490E-03 5.2650E-03 5.3131E-03 4.4938E-03 1.9847E-03 7.8255E-04 6.1727E-04 1.8472E-04 0
 0 1.2914E-04 3.8609E-04 6.4410E-04 1.2310E-03 7.3382E-04 2.3891E-03 2.2516E-03 3.1469E-03 2.9931E-03 1.8596E-03 2.4841E-03 3.3515E-03 4.0979E-03 5.6268E-03 6.0688E-03 6.2531E-03 5.3565E-03 5.5484E-03 4.3586E-03 2.0305E-03 8.8781E-04 4.8930E-04 2.0799E-04 0
 0 1.2763E-04 3.5512E-04 5.8217E-04 1.2515E-03 7.5845E-04 2.4642E-03 2.1946E-03 3.1131E-03 3.0684E-03 1.8961E-03 2.4096E-03 3.1427E-03 4.9968E-03 5.4846E-03 5.7993E-03 6.4064E-03 5.1525E-03 5.2118E-03 4.4404E-03 1.8109E-03 7.0704E-04 4.8478E-04 1.7599E-04 0
 0 1.3316E-04 4.0674E-04 6.4255E-04 1.2045E-03 7.4860E-04 2.4559E-03 2.0445E-03 3.3158E-03 3.2503E-03 1.9094E-03 2.5586E-03 3.1977E-03 4.0105E-03 5.3780E-03 5.7153E-03 5.8142E-03 5.0857E-03 4.9620E-03 4.3479E-03 1.7439E-03 7.9170E-04 4.7726E-04 2.1454E-04 0
 0 1.2612E-04 3.4996E-04 5.5894E-04 1.1004E-03 6.9196E-04 2.3335E-03 2.2186E-03 2.9811E-03 2.8017E-03 1.9060E-03 2.7077E-03 3.0036E-03 4.0506E-03 5.2465E-03 5.5473E-03 6.2496E-03 5.1068E-03 4.9548E-03 4.6610E-03 1.8170E-03 8.0772E-04 5.7211E-04 2.1018E-04 0
 0 1.3466E-04 3.9642E-04 5.6049E-04 1.1718E-03 6.8703E-04 2.4197E-03 2.1165E-03 3.2820E-03 3.0872E-03 1.7566E-03 2.4877E-03 2.8973E-03 4.2070E-03 5.4562E-03 5.3933E-03 5.5250E-03 5.0153E-03 4.9584E-03 4.3088E-03 1.8536E-03 7.9170E-04 5.5705E-04 2.2618E-04 0
 0 1.1557E-04 4.0467E-04 5.1559E-04 1.2106E-03 6.9935E-04 2.2584E-03 2.1435E-03 2.8829E-03 2.8205E-03 1.8596E-03 2.5977E-03 2.7508E-03 4.1015E-03 5.0261E-03 5.4913E-03 5.9256E-03 4.9028E-03 5.0778E-03 4.4084E-03 1.8445E-03 7.6425E-04 5.6006E-04 2.2690E-04 0
 0 1.4622E-04 3.5203E-04 5.4965E-04 1.2188E-03 6.0085E-04 2.2584E-03 2.0265E-03 3.3465E-03 2.9241E-03 1.6504E-03 2.4841E-03 2.8314E-03 4.5637E-03 5.2607E-03 6.0338E-03 5.8351E-03 4.8958E-03 4.8535E-03 4.3123E-03 1.8201E-03 8.2603E-04 5.2844E-04 2.0654E-04 0
 0 1.2763E-04 3.1073E-04 5.6204E-04 1.2004E-03 7.0673E-04 2.3419E-03 2.1405E-03 3.3096E-03 2.8111E-03 1.7135E-03 2.5267E-03 3.1171E-03 4.0105E-03 5.3993E-03 5.6278E-03 5.7097E-03 4.8641E-03 5.1575E-03 4.3479E-03 1.7896E-03 8.2374E-04 5.0436E-04 1.9709E-04 0
 0 1.2562E-04 3.4170E-04 5.4036E-04 1.1453E-03 7.6583E-04 2.5004E-03 2.0805E-03 3.2666E-03 2.9460E-03 1.6437E-03 2.4699E-03 2.7215E-03 3.8067E-03 5.1398E-03 5.3653E-03 5.9883E-03 4.5124E-03 5.0706E-03 4.1842E-03 1.9603E-03 7.0933E-04 5.2995E-04 1.9418E-04 0
 0 1.3014E-04 3.4893E-04 5.9301E-04 1.1943E-03 7.1658E-04 2.4336E-03 2.1105E-03 3.2083E-03 2.8111E-03 1.5341E-03 2.5409E-03 2.8863E-03 3.9559E-03 5.3176E-03 5.5473E-03 5.5041E-03 4.8676E-03 5.3963E-03 4.4653E-03 1.9329E-03 8.2374E-04 5.2242E-04 2.0436E-04 0
 0 1.3215E-04 3.9125E-04 5.2023E-04 1.1943E-03 6.1808E-04 2.2723E-03 2.0895E-03 3.1991E-03 2.8644E-03 1.8762E-03 2.3564E-03 2.8351E-03 4.4618E-03 5.0510E-03 5.6523E-03 5.4588E-03 4.9204E-03 4.8173E-03 4.3693E-03 1.5609E-03 7.3908E-04 4.9683E-04 2.0290E-04 0
 0 1.4572E-04 3.4893E-04 5.4346E-04 1.1412E-03 6.4517E-04 2.2556E-03 1.9424E-03 3.1008E-03 2.7138E-03 1.8396E-03 2.3777E-03 3.0072E-03 4.2580E-03 5.2216E-03 5.4073E-03 5.5215E-03 4.3436E-03 4.9114E-03 4.1914E-03 1.6097E-03 7.3679E-04 5.3296E-04 2.0581E-04 0
 0 1.2512E-04 3.4686E-04 6.0384E-04 1.1004E-03 7.7322E-04 2.4197E-03 1.9874E-03 3.0333E-03 2.9397E-03 1.5175E-03 2.3280E-03 2.7215E-03 4.0615E-03 4.8946E-03 5.2253E-03 5.6051E-03 4.4350E-03 4.8245E-03 4.2839E-03 1.7561E-03 7.6196E-04 5.4199E-04 2.0145E-04 0
 0 1.2612E-04 3.5616E-04 5.3727E-04 1.1453E-03 6.9688E-04 2.5393E-03 2.0505E-03 2.8982E-03 2.5287E-03 1.5474E-03 2.2499E-03 2.6080E-03 3.9923E-03 4.7098E-03 5.4143E-03 5.5215E-03 4.7023E-03 4.5711E-03 3.8711E-03 1.7195E-03 7.8255E-04 5.0737E-04 1.7890E-04 0
 0 1.3014E-04 3.4996E-04 5.9301E-04 1.1371E-03 6.5010E-04 2.3446E-03 1.9754E-03 2.9596E-03 2.7076E-03 1.5839E-03 2.2215E-03 2.8937E-03 3.7703E-03 4.8519E-03 5.2463E-03 5.4902E-03 4.8852E-03 4.5639E-03 4.0811E-03 1.8994E-03 7.4594E-04 5.0737E-04 1.8618E-04 0
 0 1.3014E-04 3.4583E-04 5.5585E-04 1.2025E-03 6.5502E-04 2.2417E-03 1.8763E-03 3.0302E-03 2.8017E-03 1.8463E-03 2.4344E-03 2.6702E-03 3.6284E-03 4.8626E-03 5.1728E-03 5.5424E-03 4.3541E-03 4.8354E-03 4.1700E-03 1.6463E-03 7.3450E-04 4.6672E-04 1.9636E-04 0
 0 1.3115E-04 3.4996E-04 5.9301E-04 1.0922E-03 5.5406E-04 2.2139E-03 2.2546E-03 2.9750E-03 2.6887E-03 1.8529E-03 2.2251E-03 2.5640E-03 3.8540E-03 4.6529E-03 5.1448E-03 5.3230E-03 4.7129E-03 4.5024E-03 4.3693E-03 1.6311E-03 6.8645E-04 4.8779E-04 2.1963E-04 0
 0 1.3265E-04 3.7990E-04 4.8307E-04 1.1984E-03 6.5748E-04 2.5143E-03 1.8163E-03 2.7785E-03 2.6197E-03 1.6570E-03 2.1647E-03 2.5823E-03 3.7885E-03 4.6742E-03 5.1448E-03 5.2951E-03 4.6496E-03 4.5422E-03 4.2447E-03 1.6250E-03 6.9560E-04 5.1188E-04 1.9418E-04 0
 0 1.3567E-04 3.4996E-04 6.2242E-04 1.0861E-03 6.1316E-04 2.1861E-03 2.0775E-03 3.0794E-03 2.9146E-03 1.7234E-03 2.1967E-03 2.6483E-03 4.0069E-03 4.6742E-03 4.7983E-03 5.0896E-03 4.7375E-03 4.8824E-03 4.0739E-03 1.7561E-03 7.6196E-04 5.0737E-04 1.6509E-04 0
 0 1.3165E-04 3.4686E-04 5.9920E-04 1.0820E-03 6.6980E-04 2.3836E-03 2.0625E-03 2.9412E-03 2.6699E-03 1.6238E-03 2.2499E-03 2.4651E-03 3.8540E-03 4.8448E-03 5.0993E-03 5.2881E-03 4.3787E-03 4.5096E-03 3.9316E-03 1.6189E-03 6.8416E-04 5.2694E-04 2.0727E-04 0
 0 1.3517E-04 3.7577E-04 5.5894E-04 1.0310E-03 5.7622E-04 2.2695E-03 1.8794E-03 2.9197E-03 2.5852E-03 1.5839E-03 2.0973E-03 2.5347E-03 3.6466E-03 4.6813E-03 4.7423E-03 5.0513E-03 4.3436E-03 4.7087E-03 4.0170E-03 1.6859E-03 6.8416E-04 4.5016E-04 2.0145E-04 0
 0 1.3215E-04 3.9332E-04 5.7288E-04 1.1902E-03 6.3532E-04 2.2167E-03 1.9694E-03 2.8675E-03 2.6636E-03 1.6504E-03 2.1399E-03 2.5457E-03 3.5119E-03 4.7915E-03 5.0888E-03 5.3787E-03 4.0095E-03 4.6001E-03 3.8783E-03 1.4573E-03 7.0475E-04 5.2543E-04 1.8618E-04 0
 0 1.3014E-04 3.3138E-04 5.2178E-04 1.0269E-03 5.6637E-04 2.2389E-03 1.9094E-03 2.7509E-03 2.7986E-03 1.4943E-03 2.1647E-03 2.2490E-03 3.5229E-03 4.4645E-03 4.9628E-03 4.9851E-03 4.1185E-03 4.5784E-03 3.7217E-03 1.6555E-03 7.0475E-04 4.7876E-04 1.9418E-04 0
 0 1.2512E-04 3.2931E-04 5.0475E-04 1.0330E-03 5.8115E-04 2.3307E-03 1.9544E-03 2.9412E-03 2.8456E-03 1.5972E-03 2.1150E-03 2.6006E-03 3.9341E-03 4.5711E-03 4.9418E-03 4.9189E-03 3.9919E-03 4.5313E-03 3.8960E-03 1.5305E-03 6.6814E-04 4.7726E-04 2.1163E-04 0
 0 1.2813E-04 3.4480E-04 5.9765E-04 1.0922E-03 6.1562E-04 2.3001E-03 2.0084E-03 2.9780E-03 2.5884E-03 1.4544E-03 2.1754E-03 2.2637E-03 3.7157E-03 4.4218E-03 5.0678E-03 4.8353E-03 3.9813E-03 4.6833E-03 3.9530E-03 1.5762E-03 6.8874E-04 4.6371E-04 1.9636E-04 0
 0 1.2713E-04 3.2725E-04 5.1559E-04 1.1126E-03 5.6637E-04 2.3168E-03 1.9244E-03 2.9842E-03 2.8613E-03 1.6437E-03 2.2925E-03 2.5420E-03 3.5702E-03 4.5747E-03 4.8298E-03 5.2219E-03 4.5827E-03 4.3793E-03 3.8498E-03 1.4878E-03 7.8255E-04 5.0285E-04 1.9563E-04 0
 0 1.3215E-04 3.5719E-04 4.9856E-04 1.0596E-03 6.0823E-04 2.1499E-03 1.9034E-03 2.8307E-03 2.5476E-03 1.5906E-03 2.1363E-03 2.1977E-03 3.3373E-03 4.5711E-03 4.8158E-03 5.1627E-03 3.8653E-03 4.4553E-03 4.0099E-03 1.6158E-03 7.0704E-04 5.1791E-04 1.8472E-04 0
 0 1.2260E-04 3.3035E-04 5.6514E-04 1.0514E-03 6.4517E-04 2.1527E-03 1.7923E-03 2.8368E-03 2.4691E-03 1.6869E-03 2.0938E-03 2.3149E-03 3.5774E-03 4.5996E-03 4.9313E-03 5.2080E-03 4.2943E-03 4.3287E-03 3.9636E-03 1.5457E-03 6.4297E-04 4.4263E-04 1.9636E-04 0
 0 1.2914E-04 3.3344E-04 5.4191E-04 1.2515E-03 6.0823E-04 2.1527E-03 1.7743E-03 2.7509E-03 2.6982E-03 1.3183E-03 2.2641E-03 2.2124E-03 3.6721E-03 4.3685E-03 4.7808E-03 4.8875E-03 3.8934E-03 4.3106E-03 3.8320E-03 1.4573E-03 6.4984E-04 5.1941E-04 1.8109E-04 0
 0 1.3868E-04 3.3861E-04 5.8062E-04 1.1269E-03 5.5406E-04 2.1360E-03 1.6872E-03 2.8245E-03 2.6793E-03 1.5175E-03 2.1434E-03 2.3332E-03 3.4974E-03 4.3436E-03 4.5778E-03 4.9572E-03 4.2697E-03 4.1006E-03 3.7680E-03 1.5670E-03 6.6357E-04 5.1489E-04 1.7963E-04 0
 0 1.2863E-04 3.2519E-04 5.5585E-04 1.1310E-03 5.1712E-04 2.2445E-03 1.8673E-03 2.9074E-03 2.6731E-03 1.5341E-03 2.2322E-03 2.2893E-03 3.0570E-03 4.2797E-03 4.6023E-03 4.6715E-03 3.7457E-03 4.0283E-03 3.4869E-03 1.5396E-03 6.6814E-04 4.6521E-04 1.8909E-04 0
 0 1.3366E-04 3.1073E-04 5.1559E-04 9.7381E-04 5.3929E-04 2.2751E-03 1.7683E-03 2.7570E-03 2.3938E-03 1.4876E-03 2.1292E-03 2.2600E-03 3.3627E-03 4.5071E-03 4.7738E-03 4.8597E-03 3.9883E-03 4.0717E-03 3.7003E-03 1.4451E-03 6.4984E-04 5.2393E-04 1.8109E-04 0
 0 1.1909E-04 3.4996E-04 5.7133E-04 1.0493E-03 5.0727E-04 2.2389E-03 1.9334E-03 2.7938E-03 2.4001E-03 1.5009E-03 1.9944E-03 2.1538E-03 3.3373E-03 4.2761E-03 4.8403E-03 4.8318E-03 4.0306E-03 3.9450E-03 3.5545E-03 1.5274E-03 6.2238E-04 4.4865E-04 2.0145E-04 0
 0 1.4120E-04 3.2519E-04 5.5739E-04 1.0840E-03 5.8361E-04 2.2612E-03 1.8854E-03 2.8030E-03 2.6887E-03 1.5375E-03 2.1079E-03 2.4578E-03 3.4064E-03 4.2512E-03 4.6863E-03 4.9711E-03 3.9883E-03 4.1260E-03 3.4798E-03 1.4481E-03 6.2009E-04 4.9833E-04 1.9054E-04 0
 0 1.3567E-04 3.1383E-04 4.9236E-04 1.0963E-03 6.0577E-04 2.2389E-03 1.8373E-03 2.8276E-03 2.4974E-03 1.5906E-03 1.9305E-03 2.5567E-03 3.2426E-03 3.8531E-03 4.5918E-03 4.4486E-03 3.9743E-03 3.7677E-03 3.7430E-03 1.5000E-03 6.7958E-04 4.9382E-04 1.9854E-04 0
 0 1.3567E-04 3.4686E-04 5.2488E-04 1.0391E-03 4.8019E-04 2.2417E-03 1.8824E-03 2.8307E-03 2.4566E-03 1.3980E-03 1.8028E-03 2.3516E-03 3.3154E-03 4.0308E-03 4.6303E-03 4.7551E-03 3.9250E-03 4.0138E-03 3.3268E-03 1.4238E-03 5.8119E-04 4.2607E-04 1.9054E-04 0
 0 1.1607E-04 3.7680E-04 5.2952E-04 1.0106E-03 5.7869E-04 2.1805E-03 2.0355E-03 2.7017E-03 2.3907E-03 1.5009E-03 2.0334E-03 2.3332E-03 3.1334E-03 4.2583E-03 4.4868E-03 4.7029E-03 3.6155E-03 3.9667E-03 3.7181E-03 1.4359E-03 6.4297E-04 4.5768E-04 2.0508E-04 0
 0 1.2512E-04 3.1280E-04 6.0230E-04 1.0963E-03 6.2301E-04 2.1388E-03 1.6692E-03 2.7294E-03 2.6762E-03 1.3183E-03 2.0370E-03 2.1794E-03 3.2681E-03 4.0131E-03 4.8193E-03 4.4834E-03 3.8582E-03 3.9450E-03 3.6363E-03 1.4573E-03 6.9560E-04 4.1252E-04 1.6945E-04 0
 0 1.1306E-04 3.0660E-04 5.4965E-04 1.0310E-03 6.0823E-04 2.1388E-03 1.8043E-03 2.6495E-03 2.3844E-03 1.4013E-03 1.9518E-03 2.2673E-03 3.1516E-03 4.1197E-03 4.5113E-03 4.5601E-03 3.7246E-03 4.1622E-03 3.5794E-03 1.4359E-03 6.8874E-04 4.6973E-04 1.6945E-04 0
 0 1.3919E-04 3.4583E-04 4.8307E-04 1.0718E-03 5.6391E-04 2.2223E-03 1.9604E-03 2.6066E-03 2.3530E-03 1.4212E-03 1.7069E-03 2.2930E-03 3.0134E-03 4.1908E-03 4.3363E-03 4.6506E-03 3.7246E-03 3.8111E-03 3.5794E-03 1.5518E-03 6.2238E-04 4.6672E-04 1.9272E-04 0
 0 1.2713E-04 3.4583E-04 4.8927E-04 1.0616E-03 6.3040E-04 2.1110E-03 1.8013E-03 2.6864E-03 2.4315E-03 1.4378E-03 1.6998E-03 2.3772E-03 3.0934E-03 3.9775E-03 4.0423E-03 4.3545E-03 3.8301E-03 4.0608E-03 3.4513E-03 1.4939E-03 5.6975E-04 4.5919E-04 1.7018E-04 0
 0 1.1456E-04 3.4790E-04 4.9236E-04 1.0473E-03 5.0235E-04 1.9692E-03 1.8493E-03 2.7908E-03 2.4001E-03 1.3216E-03 1.7637E-03 2.1574E-03 2.9187E-03 4.1695E-03 4.2033E-03 4.5322E-03 3.7422E-03 4.0717E-03 3.3979E-03 1.3780E-03 6.8416E-04 4.4865E-04 1.8327E-04 0
 0 1.3919E-04 3.0454E-04 5.8062E-04 1.0412E-03 4.5310E-04 2.0665E-03 1.7653E-03 2.7601E-03 2.5382E-03 1.3913E-03 1.8666E-03 2.1245E-03 3.2681E-03 4.0166E-03 4.1648E-03 4.4068E-03 3.5346E-03 3.7640E-03 3.2485E-03 1.4756E-03 5.4229E-04 4.5016E-04 1.8618E-04 0
 0 1.2210E-04 3.0764E-04 5.3417E-04 9.5952E-04 5.3929E-04 2.0999E-03 1.8043E-03 2.7631E-03 2.5444E-03 1.2353E-03 1.8524E-03 2.2343E-03 2.9333E-03 4.0095E-03 4.2383E-03 4.3301E-03 3.6155E-03 3.9848E-03 3.8178E-03 1.3201E-03 6.0865E-04 4.6521E-04 1.6363E-04 0
 0 1.6431E-04 3.1280E-04 5.9301E-04 1.1984E-03 5.8361E-04 2.0721E-03 1.7563E-03 2.6956E-03 2.3311E-03 1.3847E-03 1.9305E-03 2.2930E-03 2.9078E-03 3.8602E-03 4.1263E-03 4.4660E-03 3.7351E-03 3.6591E-03 3.3659E-03 1.5396E-03 7.0018E-04 4.4263E-04 1.9709E-04 0
 0 1.1808E-04 2.8699E-04 5.6823E-04 1.0391E-03 5.6145E-04 2.1583E-03 1.5551E-03 2.5789E-03 2.4095E-03 1.3415E-03 1.9270E-03 2.2343E-03 3.0243E-03 3.7074E-03 4.2873E-03 4.3232E-03 3.5663E-03 3.6265E-03 3.4406E-03 1.2866E-03 6.3382E-04 4.4564E-04 1.9709E-04 0
 0 1.0954E-04 3.6132E-04 5.2643E-04 1.1902E-03 5.7869E-04 2.1694E-03 1.6992E-03 2.6894E-03 2.3154E-03 1.2154E-03 1.8170E-03 1.8900E-03 3.2936E-03 4.0202E-03 4.1438E-03 4.3824E-03 3.5417E-03 3.7640E-03 3.7644E-03 1.3933E-03 6.3153E-04 4.3811E-04 1.8836E-04 0
 0 1.3567E-04 3.4067E-04 5.6359E-04 9.7993E-04 5.2944E-04 2.1805E-03 1.7563E-03 2.6127E-03 2.6919E-03 1.3017E-03 1.8986E-03 2.1355E-03 3.1080E-03 3.9064E-03 4.3293E-03 4.6646E-03 3.6366E-03 3.3515E-03 3.4264E-03 1.4359E-03 6.2696E-04 4.0198E-04 1.9345E-04 0
 0 1.2562E-04 3.1693E-04 5.1249E-04 1.0412E-03 6.2547E-04 2.0971E-03 1.7533E-03 2.8737E-03 2.2464E-03 1.2618E-03 1.7318E-03 1.9596E-03 2.9952E-03 3.5403E-03 3.9513E-03 4.2152E-03 3.5311E-03 3.2972E-03 3.4299E-03 1.4329E-03 6.8187E-04 4.5016E-04 1.7309E-04 0
 0 1.1306E-04 3.4170E-04 4.9236E-04 9.4114E-04 4.8019E-04 2.1166E-03 1.7382E-03 2.6066E-03 2.2840E-03 1.2386E-03 1.8382E-03 1.8937E-03 3.0352E-03 3.6043E-03 4.0843E-03 4.1803E-03 3.4502E-03 3.6699E-03 3.2449E-03 1.5670E-03 6.3153E-04 4.5166E-04 1.8618E-04 0
 0 1.2512E-04 3.1899E-04 5.1404E-04 1.0922E-03 4.9250E-04 2.2556E-03 1.7683E-03 2.5298E-03 2.2997E-03 1.2486E-03 1.8205E-03 1.9633E-03 3.0425E-03 3.4408E-03 4.0143E-03 4.3336E-03 3.3060E-03 3.5795E-03 3.5367E-03 1.2012E-03 5.9263E-04 4.4413E-04 1.8763E-04 0
 0 1.1507E-04 3.4377E-04 4.6604E-04 1.0983E-03 5.1959E-04 2.1805E-03 1.7623E-03 2.5359E-03 2.3844E-03 1.3980E-03 1.7744E-03 1.9010E-03 2.8896E-03 3.6612E-03 4.1263E-03 4.1594E-03 3.2005E-03 3.6482E-03 3.2271E-03 1.4481E-03 5.9721E-04 4.3811E-04 1.7090E-04 0
 0 1.2110E-04 3.2209E-04 5.6514E-04 1.0024E-03 4.9742E-04 2.0748E-03 1.6062E-03 2.7416E-03 2.4974E-03 1.2751E-03 1.5579E-03 2.2087E-03 2.7295E-03 3.3946E-03 4.1718E-03 4.0793E-03 3.2779E-03 3.6880E-03 3.4513E-03 1.3750E-03 6.2238E-04 4.2456E-04 1.8472E-04 0
 0 1.1356E-04 3.3551E-04 5.3572E-04 1.0473E-03 5.2451E-04 2.1249E-03 1.5641E-03 2.5267E-03 2.4440E-03 1.2917E-03 1.8241E-03 1.9743E-03 2.8205E-03 3.6256E-03 3.9968E-03 4.2152E-03 3.3131E-03 3.4636E-03 3.4193E-03 1.3536E-03 5.8806E-04 4.0800E-04 1.8836E-04 0
 0 1.1657E-04 3.1486E-04 5.4036E-04 1.0473E-03 4.9250E-04 2.1110E-03 1.7683E-03 2.7601E-03 2.2652E-03 1.1689E-03 1.7992E-03 2.1208E-03 2.7477E-03 3.4977E-03 3.8393E-03 4.0131E-03 3.2990E-03 3.4600E-03 3.4726E-03 1.3414E-03 5.5145E-04 4.1854E-04 1.7599E-04 0
 0 1.3064E-04 3.2725E-04 4.7688E-04 1.0391E-03 5.0235E-04 2.0498E-03 1.5611E-03 2.6004E-03 2.1491E-03 1.2486E-03 1.6431E-03 1.9560E-03 2.8277E-03 3.3768E-03 3.8288E-03 4.1734E-03 3.2814E-03 3.6953E-03 3.2129E-03 1.4451E-03 6.8187E-04 3.6735E-04 2.1527E-04 0
 0 1.3014E-04 3.2312E-04 5.6359E-04 1.0310E-03 4.5556E-04 2.0971E-03 1.5791E-03 2.5421E-03 2.3028E-03 1.2087E-03 1.4727E-03 2.1208E-03 2.7659E-03 3.2702E-03 3.9898E-03 4.1455E-03 3.4432E-03 3.6627E-03 3.2307E-03 1.4725E-03 5.3085E-04 4.2155E-04 2.0218E-04 0
 0 1.2411E-04 3.2415E-04 5.0011E-04 1.0269E-03 4.9250E-04 2.1054E-03 1.6632E-03 2.6127E-03 2.5005E-03 1.1323E-03 1.8099E-03 1.9340E-03 2.8823E-03 3.2915E-03 3.8708E-03 3.9887E-03 3.0563E-03 3.2972E-03 3.0421E-03 1.1981E-03 4.8509E-04 4.3962E-04 1.8690E-04 0
 0 1.4622E-04 3.1176E-04 4.8927E-04 9.6564E-04 4.9742E-04 2.1110E-03 1.5461E-03 2.6219E-03 2.2872E-03 1.2220E-03 1.7140E-03 2.0475E-03 2.7622E-03 3.3555E-03 3.8009E-03 3.9435E-03 3.1900E-03 3.4130E-03 3.2805E-03 1.2317E-03 6.0179E-04 4.0499E-04 1.8763E-04 0
 0 1.2411E-04 3.2209E-04 5.0320E-04 1.0616E-03 4.8757E-04 2.1555E-03 1.6332E-03 2.5789E-03 2.3091E-03 1.1589E-03 1.5437E-03 1.8607E-03 2.5621E-03 3.3057E-03 3.5734E-03 4.0131E-03 3.2216E-03 3.6699E-03 3.0386E-03 1.3231E-03 5.4001E-04 3.5230E-04 1.9418E-04 0
 0 1.1959E-04 3.2519E-04 5.5120E-04 1.0575E-03 4.2601E-04 2.2417E-03 1.6272E-03 2.5114E-03 2.3123E-03 1.1124E-03 1.5260E-03 1.7765E-03 2.7986E-03 3.3341E-03 3.8463E-03 3.8842E-03 3.2955E-03 3.6482E-03 3.0848E-03 1.3841E-03 5.3314E-04 3.9596E-04 1.6654E-04 0
 0 1.2863E-04 2.8596E-04 4.9856E-04 1.0840E-03 4.8265E-04 1.9080E-03 1.4530E-03 2.5789E-03 2.1648E-03 1.2585E-03 1.8170E-03 1.8388E-03 2.7004E-03 3.1351E-03 3.8743E-03 3.8773E-03 2.8910E-03 3.4709E-03 3.1097E-03 1.3414E-03 6.0179E-04 4.6371E-04 2.0072E-04 0
 0 1.2813E-04 2.9318E-04 4.6759E-04 9.7381E-04 4.5310E-04 1.9330E-03 1.5371E-03 2.6280E-03 2.1742E-03 1.2253E-03 1.5331E-03 1.8424E-03 2.5257E-03 3.5048E-03 3.9583E-03 3.8494E-03 2.9790E-03 3.2429E-03 3.1417E-03 1.1402E-03 6.0636E-04 4.2757E-04 1.7018E-04 0
 0 1.1758E-04 2.9318E-04 5.4036E-04 1.0759E-03 4.1124E-04 1.9831E-03 1.5341E-03 2.3302E-03 2.0519E-03 1.3050E-03 1.7531E-03 1.8864E-03 2.5475E-03 3.2773E-03 3.9303E-03 3.6752E-03 2.9578E-03 3.4275E-03 3.0599E-03 1.3445E-03 5.0111E-04 3.6886E-04 1.8545E-04 0
 0 1.2059E-04 2.9009E-04 5.1249E-04 1.0351E-03 4.7280E-04 1.9358E-03 1.5641E-03 2.4254E-03 2.2370E-03 1.1556E-03 1.4834E-03 1.8314E-03 2.6203E-03 3.0747E-03 3.6154E-03 3.7379E-03 2.7925E-03 3.1705E-03 3.2378E-03 1.3567E-03 5.6746E-04 4.2607E-04 1.7381E-04 0
 0 1.2311E-04 2.9422E-04 4.7224E-04 1.0493E-03 4.9989E-04 2.0220E-03 1.5911E-03 2.3272E-03 2.2746E-03 1.1423E-03 1.5153E-03 1.6996E-03 2.4420E-03 3.1564E-03 3.4614E-03 3.7414E-03 3.2885E-03 3.3659E-03 2.9816E-03 1.1646E-03 5.8119E-04 3.7940E-04 1.8763E-04 0
 0 1.4572E-04 2.9009E-04 4.5211E-04 1.0085E-03 4.4325E-04 2.0081E-03 1.4861E-03 2.6250E-03 2.0519E-03 1.1921E-03 1.7282E-03 1.7289E-03 2.3983E-03 3.5083E-03 3.5139E-03 3.9365E-03 2.9121E-03 3.2935E-03 3.1453E-03 1.2561E-03 6.4526E-04 4.1553E-04 2.2327E-04 0
 0 1.1959E-04 3.1796E-04 5.2488E-04 9.9830E-04 4.6295E-04 2.0971E-03 1.5251E-03 2.4346E-03 2.2872E-03 1.0726E-03 1.5295E-03 1.7875E-03 2.4529E-03 3.0533E-03 3.4089E-03 3.9295E-03 2.9121E-03 3.0474E-03 3.1346E-03 1.2012E-03 5.4687E-04 4.1703E-04 1.8545E-04 0
 0 1.2411E-04 3.2828E-04 4.7533E-04 9.6972E-04 5.9100E-04 2.0582E-03 1.6002E-03 2.2259E-03 2.2244E-03 1.2618E-03 1.5472E-03 1.6410E-03 2.5694E-03 3.4195E-03 3.5594E-03 3.5637E-03 2.8875E-03 2.9244E-03 3.0136E-03 1.1768E-03 5.1026E-04 4.2908E-04 1.6727E-04 0
 0 1.3667E-04 3.4377E-04 4.2424E-04 1.0922E-03 5.3436E-04 1.9719E-03 1.6782E-03 2.4254E-03 2.2621E-03 1.2818E-03 1.7140E-03 1.7911E-03 2.7950E-03 3.0391E-03 3.3494E-03 3.8006E-03 2.9086E-03 3.0004E-03 3.0101E-03 1.1128E-03 4.9882E-04 3.5230E-04 1.8618E-04 0
 0 1.2612E-04 3.1693E-04 5.2798E-04 9.7381E-04 5.4175E-04 2.0721E-03 1.4951E-03 2.3210E-03 2.0487E-03 1.2087E-03 1.6253E-03 1.6849E-03 2.6640E-03 3.0995E-03 3.4124E-03 3.5498E-03 2.9473E-03 2.9280E-03 3.0136E-03 1.2256E-03 5.7433E-04 3.4778E-04 2.0290E-04 0
 0 1.2763E-04 3.3861E-04 4.9236E-04 1.0187E-03 4.4571E-04 2.1054E-03 1.4831E-03 2.3702E-03 2.2087E-03 1.0161E-03 1.5863E-03 1.8607E-03 2.3037E-03 3.1386E-03 3.3074E-03 3.7832E-03 2.8981E-03 3.0945E-03 2.8357E-03 1.1555E-03 5.0568E-04 4.3811E-04 1.8036E-04 0
 0 1.1557E-04 2.7150E-04 5.4346E-04 9.6156E-04 5.3682E-04 1.9247E-03 1.4861E-03 2.3886E-03 2.2307E-03 1.0128E-03 1.3521E-03 1.6080E-03 2.3110E-03 3.2808E-03 3.4579E-03 3.7902E-03 2.6870E-03 3.0474E-03 2.9069E-03 1.2927E-03 5.1713E-04 3.9746E-04 1.8981E-04 0
 0 1.2562E-04 2.7563E-04 4.5830E-04 1.0412E-03 3.9646E-04 1.8857E-03 1.4350E-03 2.4162E-03 2.1899E-03 1.0692E-03 1.2953E-03 1.6813E-03 2.2054E-03 2.9503E-03 3.3389E-03 3.7205E-03 3.0282E-03 3.1307E-03 2.7859E-03 1.0914E-03 4.9424E-04 4.5016E-04 1.5709E-04 0
 0 1.2662E-04 3.3448E-04 5.0785E-04 1.0289E-03 4.9742E-04 1.8885E-03 1.5251E-03 2.3180E-03 2.1554E-03 1.1821E-03 1.6466E-03 1.6007E-03 2.6239E-03 3.2097E-03 3.2059E-03 3.8355E-03 2.7820E-03 3.2754E-03 2.9496E-03 1.1890E-03 5.4458E-04 3.1917E-04 1.7672E-04 0
 0 1.3165E-04 3.1280E-04 4.7843E-04 9.8197E-04 4.8265E-04 2.0331E-03 1.5791E-03 2.5973E-03 2.3342E-03 1.0925E-03 1.3698E-03 1.6190E-03 2.2964E-03 2.8436E-03 3.3704E-03 3.4906E-03 2.7785E-03 2.6457E-03 2.6436E-03 1.2774E-03 4.7594E-04 4.0047E-04 1.8399E-04 0
 0 1.2361E-04 2.6737E-04 4.5985E-04 1.0126E-03 3.9400E-04 2.0943E-03 1.4741E-03 2.4438E-03 2.0864E-03 1.0759E-03 1.3024E-03 1.7435E-03 2.4893E-03 2.9538E-03 3.2094E-03 3.2920E-03 2.5675E-03 3.0185E-03 2.9674E-03 1.2134E-03 5.2170E-04 4.2005E-04 1.5200E-04 0
 0 1.2964E-04 2.8596E-04 5.0475E-04 9.4522E-04 3.9154E-04 1.9608E-03 1.3870E-03 2.4162E-03 2.0770E-03 1.0095E-03 1.4266E-03 1.6520E-03 2.2127E-03 2.7761E-03 3.2549E-03 3.4139E-03 2.8031E-03 3.0366E-03 3.0136E-03 1.0030E-03 4.4390E-04 4.0800E-04 1.9418E-04 0
 0 1.2512E-04 3.0970E-04 5.5430E-04 1.0003E-03 4.4079E-04 1.8412E-03 1.5191E-03 2.4346E-03 2.0770E-03 9.3974E-04 1.3592E-03 1.6373E-03 2.4238E-03 3.1315E-03 3.3284E-03 3.5428E-03 2.7328E-03 2.7036E-03 3.0350E-03 1.1616E-03 5.6518E-04 3.4025E-04 1.8472E-04 0
 0 1.1657E-04 3.1693E-04 4.7069E-04 1.0269E-03 4.2847E-04 2.0192E-03 1.3390E-03 2.3364E-03 2.2244E-03 9.9287E-04 1.4940E-03 1.6593E-03 2.2673E-03 3.0107E-03 3.4159E-03 3.5881E-03 2.6835E-03 3.0112E-03 3.0030E-03 1.1250E-03 4.8738E-04 4.2005E-04 1.9927E-04 0
 0 1.2210E-04 3.0351E-04 4.8617E-04 9.5135E-04 3.6937E-04 1.8078E-03 1.4741E-03 2.2903E-03 2.0456E-03 1.0460E-03 1.3769E-03 1.5421E-03 2.3656E-03 2.6979E-03 3.1114E-03 3.4418E-03 2.4338E-03 2.8918E-03 2.7112E-03 1.1402E-03 5.8119E-04 3.6886E-04 1.6800E-04 0
 0 1.2160E-04 2.8286E-04 4.8153E-04 1.0759E-03 5.0974E-04 1.8663E-03 1.5401E-03 2.2535E-03 2.2119E-03 9.9287E-04 1.5153E-03 1.5421E-03 2.3947E-03 3.0178E-03 3.2094E-03 3.4767E-03 2.5745E-03 3.0040E-03 3.0350E-03 9.9998E-04 4.5763E-04 3.4627E-04 1.9199E-04 0
 0 1.3567E-04 2.7976E-04 4.7378E-04 9.9014E-04 3.8415E-04 1.7745E-03 1.5821E-03 2.3149E-03 2.0926E-03 9.3974E-04 1.3734E-03 1.4798E-03 2.3401E-03 2.9041E-03 3.0029E-03 3.5150E-03 2.7503E-03 2.8628E-03 2.3341E-03 1.0640E-03 4.5992E-04 3.5982E-04 1.8399E-04 0
 0 1.1004E-04 2.7047E-04 4.6295E-04 1.0024E-03 4.2109E-04 1.9719E-03 1.3990E-03 2.1614E-03 1.9232E-03 9.0654E-04 1.4053E-03 1.6813E-03 2.1035E-03 3.0391E-03 3.3879E-03 3.1701E-03 2.6659E-03 2.7253E-03 2.8927E-03 1.0640E-03 5.6060E-04 3.4778E-04 1.5127E-04 0
 0 1.1657E-04 3.0247E-04 5.0785E-04 1.0146E-03 4.8019E-04 1.8218E-03 1.5491E-03 2.3978E-03 2.0895E-03 1.0228E-03 1.3592E-03 1.4505E-03 2.2491E-03 2.5806E-03 3.0029E-03 3.3617E-03 2.8312E-03 2.7289E-03 2.6934E-03 1.0427E-03 5.1026E-04 3.1616E-04 1.9490E-04 0
 0 1.2210E-04 3.1796E-04 4.6449E-04 9.5543E-04 4.1370E-04 1.8746E-03 1.4590E-03 2.1184E-03 2.1554E-03 9.7295E-04 1.4479E-03 1.4981E-03 2.3219E-03 2.6552E-03 2.8734E-03 3.4592E-03 2.5569E-03 2.8701E-03 2.6934E-03 1.0792E-03 5.2857E-04 3.5832E-04 1.8181E-04 0
 0 1.2713E-04 2.8079E-04 5.7133E-04 1.0922E-03 4.0139E-04 1.8440E-03 1.3420E-03 2.2750E-03 2.0362E-03 9.2978E-04 1.3308E-03 1.5201E-03 2.0962E-03 2.6908E-03 3.0519E-03 3.3652E-03 2.5077E-03 2.7326E-03 2.7575E-03 1.1433E-03 4.3475E-04 3.8993E-04 1.8618E-04 0
 0 1.2914E-04 2.7563E-04 4.5211E-04 9.6156E-04 4.0385E-04 1.9302E-03 1.5581E-03 2.4653E-03 2.0017E-03 1.0261E-03 1.2740E-03 1.5714E-03 2.3546E-03 2.5806E-03 3.1569E-03 3.3687E-03 2.6870E-03 2.9352E-03 2.6863E-03 9.6645E-04 4.1873E-04 3.2971E-04 1.8036E-04 0
 0 1.1858E-04 2.9215E-04 5.0165E-04 9.8401E-04 3.7676E-04 1.9219E-03 1.2969E-03 2.2596E-03 1.8228E-03 1.0792E-03 1.2633E-03 1.5091E-03 2.1326E-03 2.8081E-03 2.9959E-03 3.0900E-03 2.3740E-03 2.7253E-03 2.7290E-03 1.0640E-03 4.9882E-04 3.1917E-04 1.7309E-04 0
 0 1.4120E-04 2.6531E-04 4.3663E-04 9.8810E-04 4.0631E-04 1.8746E-03 1.3300E-03 2.3824E-03 1.9577E-03 8.2020E-04 1.3698E-03 1.3772E-03 2.0016E-03 2.6801E-03 3.0274E-03 3.3791E-03 2.3670E-03 2.7941E-03 2.9318E-03 1.0152E-03 4.4619E-04 3.5380E-04 1.8254E-04 0
 0 1.4170E-04 3.2002E-04 4.5056E-04 9.7993E-04 4.5310E-04 1.9108E-03 1.3450E-03 2.1276E-03 1.8950E-03 7.8699E-04 1.3982E-03 1.4798E-03 2.1763E-03 2.7334E-03 3.1219E-03 2.9646E-03 2.5006E-03 2.7543E-03 2.6721E-03 1.0671E-03 5.9950E-04 3.4627E-04 1.6872E-04 0
 0 1.3768E-04 2.6841E-04 4.5675E-04 8.7377E-04 3.6199E-04 1.8301E-03 1.4260E-03 2.2166E-03 2.0362E-03 1.0626E-03 1.3272E-03 1.4908E-03 2.1472E-03 2.7903E-03 3.0029E-03 3.1631E-03 2.3599E-03 2.6312E-03 2.6650E-03 1.0671E-03 4.8509E-04 3.1616E-04 1.9999E-04 0
 0 1.3215E-04 2.5499E-04 4.0566E-04 9.5952E-04 4.5310E-04 1.7467E-03 1.3390E-03 1.9802E-03 1.9169E-03 9.5302E-04 1.2917E-03 1.3003E-03 1.9252E-03 2.7903E-03 2.7229E-03 3.2955E-03 2.4057E-03 2.7579E-03 2.6009E-03 1.1158E-03 5.7204E-04 3.4025E-04 1.7236E-04 0
 0 1.2461E-04 2.7770E-04 4.2734E-04 1.0085E-03 3.4475E-04 1.7328E-03 1.4080E-03 2.2074E-03 2.0268E-03 1.0294E-03 1.3663E-03 1.4871E-03 2.0125E-03 2.3958E-03 2.8699E-03 3.0308E-03 2.1630E-03 2.8194E-03 2.7254E-03 1.0122E-03 4.6450E-04 3.3272E-04 1.5781E-04 0
 0 1.2914E-04 2.8389E-04 5.0785E-04 9.9626E-04 4.3586E-04 1.7828E-03 1.4050E-03 2.2105E-03 2.0111E-03 9.1318E-04 1.2421E-03 1.4615E-03 2.0635E-03 2.6339E-03 2.8419E-03 3.2537E-03 2.7081E-03 2.5335E-03 2.7112E-03 1.1433E-03 4.7594E-04 3.6886E-04 1.8618E-04 0
 0 1.2763E-04 2.8596E-04 4.8462E-04 8.4519E-04 3.8169E-04 1.8829E-03 1.3209E-03 2.2443E-03 2.0236E-03 9.8291E-04 1.3201E-03 1.4175E-03 1.9034E-03 2.5557E-03 2.9329E-03 3.3129E-03 2.2791E-03 2.6348E-03 2.7041E-03 9.2376E-04 4.7594E-04 3.3724E-04 1.7454E-04 0
 0 1.2562E-04 2.5705E-04 4.9082E-04 9.9830E-04 4.8019E-04 1.7133E-03 1.3390E-03 2.1123E-03 1.7883E-03 9.5967E-04 1.2350E-03 1.3919E-03 1.8852E-03 2.6232E-03 2.8104E-03 2.9262E-03 2.0962E-03 2.6131E-03 2.7397E-03 1.0030E-03 5.2399E-04 3.4778E-04 1.8109E-04 0
 0 1.2311E-04 2.3847E-04 4.5211E-04 9.2277E-04 3.2997E-04 1.7049E-03 1.3209E-03 2.0816E-03 1.9703E-03 8.6005E-04 1.4088E-03 1.3406E-03 1.9106E-03 2.4100E-03 2.9539E-03 2.8426E-03 2.3635E-03 2.5407E-03 2.6614E-03 1.0305E-03 4.2560E-04 3.3574E-04 2.0145E-04 0
 0 1.1205E-04 2.7150E-04 4.4592E-04 9.0235E-04 4.2601E-04 1.8134E-03 1.4621E-03 2.0877E-03 2.0519E-03 9.8955E-04 1.3556E-03 1.2087E-03 1.9871E-03 2.6943E-03 2.6844E-03 2.9646E-03 2.5041E-03 2.5661E-03 2.6258E-03 1.0671E-03 4.8509E-04 3.9445E-04 1.8109E-04 0
 0 1.1959E-04 2.7770E-04 4.4437E-04 9.4114E-04 4.0631E-04 1.7689E-03 1.2489E-03 2.1982E-03 2.0079E-03 8.7001E-04 1.1853E-03 1.2637E-03 2.1144E-03 2.4668E-03 3.0134E-03 3.1039E-03 2.2861E-03 2.3923E-03 2.3198E-03 9.0852E-04 4.6221E-04 3.3122E-04 1.7381E-04 0
 0 1.1255E-04 2.4673E-04 4.6914E-04 9.9218E-04 3.6445E-04 1.8607E-03 1.2969E-03 2.2934E-03 1.9295E-03 8.2352E-04 1.1462E-03 1.3662E-03 1.8633E-03 2.3460E-03 2.9609E-03 2.7103E-03 2.2404E-03 2.5480E-03 2.7859E-03 1.1128E-03 4.8280E-04 3.6284E-04 1.7454E-04 0
 0 1.2160E-04 2.8802E-04 5.2643E-04 9.9218E-04 3.9646E-04 1.8190E-03 1.3029E-03 2.3180E-03 1.8009E-03 8.3016E-04 1.0824E-03 1.4358E-03 1.9361E-03 2.5628E-03 2.7614E-03 3.1527E-03 2.2404E-03 2.3417E-03 2.6401E-03 1.0549E-03 4.9424E-04 3.7187E-04 1.8763E-04 0
 0 1.1858E-04 2.8492E-04 4.3043E-04 1.0555E-03 3.6937E-04 1.6771E-03 1.2129E-03 2.2873E-03 1.8573E-03 8.9989E-04 1.1143E-03 1.3113E-03 2.0307E-03 2.2536E-03 2.7404E-03 3.1666E-03 2.0997E-03 2.4430E-03 2.5653E-03 1.1219E-03 5.4458E-04 3.5832E-04 1.7818E-04 0
 0 1.3215E-04 2.6015E-04 4.6140E-04 9.2685E-04 4.2355E-04 1.7884E-03 1.1949E-03 2.1430E-03 1.6565E-03 9.0654E-04 1.1179E-03 1.3076E-03 2.0671E-03 2.4420E-03 2.6284E-03 2.8601E-03 2.3705E-03 2.4611E-03 2.6578E-03 9.5120E-04 4.1416E-04 3.4176E-04 1.7090E-04 0
 0 1.1758E-04 2.7667E-04 4.7998E-04 9.6972E-04 3.3490E-04 1.8523E-03 1.4110E-03 2.2504E-03 1.7256E-03 8.8329E-04 1.1391E-03 1.2161E-03 1.7978E-03 2.4313E-03 2.7404E-03 2.8217E-03 2.2896E-03 2.4322E-03 2.8642E-03 9.7559E-04 5.1713E-04 3.2520E-04 1.6727E-04 0
 0 1.0904E-04 2.9422E-04 4.3198E-04 9.6156E-04 3.5214E-04 1.7967E-03 1.4050E-03 2.4254E-03 1.9954E-03 7.8367E-04 1.0895E-03 1.3443E-03 1.8415E-03 2.4668E-03 2.7299E-03 2.9541E-03 2.2122E-03 2.6167E-03 2.3554E-03 9.0547E-04 4.3704E-04 3.1767E-04 1.9127E-04 0
 0 1.0251E-04 2.3847E-04 4.8617E-04 1.0146E-03 3.7430E-04 1.8162E-03 1.2099E-03 2.2074E-03 1.8479E-03 8.7001E-04 1.0504E-03 1.3003E-03 1.9507E-03 2.5024E-03 2.6389E-03 2.8844E-03 2.3424E-03 2.4756E-03 2.5618E-03 1.0488E-03 4.0958E-04 3.1315E-04 1.8181E-04 0
 0 1.1758E-04 2.9318E-04 4.9236E-04 9.7176E-04 3.5214E-04 1.5381E-03 1.3330E-03 2.1798E-03 1.8793E-03 7.5379E-04 9.9365E-04 1.2124E-03 1.8015E-03 2.4349E-03 2.7299E-03 2.9332E-03 2.0153E-03 2.3742E-03 2.6507E-03 9.9084E-04 3.9585E-04 3.4477E-04 1.4909E-04 0
 0 1.1708E-04 2.6325E-04 4.6914E-04 8.9419E-04 4.2109E-04 1.6382E-03 1.2279E-03 2.1153E-03 1.8636E-03 7.8035E-04 1.1249E-03 1.2857E-03 1.8087E-03 2.2536E-03 2.6389E-03 2.8392E-03 1.8851E-03 2.3236E-03 2.4764E-03 9.8474E-04 4.7823E-04 3.1767E-04 1.6363E-04 0
 0 1.0452E-04 2.7976E-04 5.0630E-04 1.0310E-03 3.9646E-04 1.6020E-03 1.3029E-03 2.2289E-03 1.7632E-03 9.5302E-04 1.0469E-03 1.2417E-03 1.8269E-03 2.5273E-03 2.7159E-03 2.6615E-03 2.2157E-03 2.4213E-03 2.5511E-03 9.3291E-04 5.2628E-04 3.6284E-04 1.7454E-04 0
 0 1.1557E-04 2.6325E-04 4.9701E-04 9.1664E-04 3.5214E-04 1.7939E-03 1.4140E-03 2.0109E-03 1.8322E-03 8.6005E-04 1.1604E-03 1.1465E-03 1.7287E-03 2.2749E-03 2.6739E-03 2.9019E-03 2.3564E-03 2.5335E-03 2.1490E-03 9.6035E-04 4.8280E-04 3.5380E-04 1.9781E-04 0
 0 1.2160E-04 2.9731E-04 4.2114E-04 1.1024E-03 3.3736E-04 1.8496E-03 1.2069E-03 2.0816E-03 1.9232E-03 7.3718E-04 1.1108E-03 1.1941E-03 1.8087E-03 2.2500E-03 2.3624E-03 2.6824E-03 2.1700E-03 2.5697E-03 2.2273E-03 9.5425E-04 4.3246E-04 3.7337E-04 1.7599E-04 0
 0 1.3868E-04 2.7770E-04 4.8307E-04 1.0003E-03 3.2751E-04 1.7328E-03 1.3119E-03 2.1921E-03 1.7507E-03 8.8993E-04 1.2137E-03 1.2600E-03 1.8997E-03 2.2074E-03 2.4149E-03 2.5988E-03 2.1454E-03 2.1933E-03 2.4728E-03 9.2072E-04 5.1026E-04 3.5531E-04 1.7163E-04 0
 0 1.3366E-04 2.7667E-04 4.8617E-04 8.6969E-04 3.7676E-04 1.7467E-03 1.2129E-03 2.1276E-03 1.9483E-03 8.5008E-04 9.9719E-04 1.2014E-03 1.6122E-03 2.2465E-03 2.6004E-03 2.8357E-03 2.1982E-03 2.3562E-03 2.4230E-03 1.0335E-03 3.9585E-04 3.3724E-04 1.8618E-04 0
 0 1.1557E-04 2.4879E-04 4.3508E-04 8.3294E-04 3.6445E-04 1.7467E-03 1.2159E-03 2.0693E-03 1.8730E-03 7.8699E-04 1.0788E-03 1.1941E-03 2.1072E-03 2.1576E-03 2.6354E-03 2.8635E-03 1.8851E-03 2.2295E-03 2.5333E-03 9.1462E-04 3.6153E-04 3.3272E-04 1.5709E-04 0
 0 1.3718E-04 3.0970E-04 4.5521E-04 9.1256E-04 3.2997E-04 1.5659E-03 1.2549E-03 2.0232E-03 1.5907E-03 7.7039E-04 1.1108E-03 1.3736E-03 1.7141E-03 2.1043E-03 2.2994E-03 2.6998E-03 2.0434E-03 2.1860E-03 2.2807E-03 9.2681E-04 4.1645E-04 3.1616E-04 1.6945E-04 0
 0 1.3617E-04 2.7563E-04 5.0320E-04 9.1664E-04 3.7922E-04 1.5436E-03 1.1378E-03 2.1614E-03 1.7758E-03 6.9401E-04 1.1959E-03 1.1611E-03 1.6886E-03 2.1825E-03 2.2854E-03 2.9889E-03 2.0751E-03 2.1933E-03 2.4622E-03 9.1767E-04 4.1187E-04 3.1165E-04 1.8981E-04 0
 0 1.2914E-04 2.5808E-04 4.1340E-04 8.7581E-04 3.1027E-04 1.6910E-03 1.3089E-03 2.0416E-03 1.7224E-03 7.8367E-04 9.9010E-04 1.1355E-03 1.9470E-03 2.2749E-03 2.3379E-03 2.6719E-03 2.1102E-03 2.4032E-03 2.5013E-03 9.5120E-04 4.7365E-04 4.0198E-04 1.8399E-04 0
 0 1.2110E-04 2.5499E-04 4.5675E-04 8.4519E-04 3.5214E-04 1.9135E-03 1.1558E-03 2.1430E-03 1.8511E-03 8.1024E-04 1.0433E-03 1.0989E-03 1.6959E-03 1.9976E-03 2.4429E-03 2.6789E-03 2.0540E-03 2.2222E-03 2.5618E-03 8.2925E-04 4.7136E-04 2.2282E-04 1.7818E-04 0
 0 1.5074E-04 2.2608E-04 4.9391E-04 9.4931E-04 3.6937E-04 1.7300E-03 1.2159E-03 2.0140E-03 1.8071E-03 8.0360E-04 1.0646E-03 1.1794E-03 1.7287E-03 2.1007E-03 2.3309E-03 2.7242E-03 1.8640E-03 2.0883E-03 2.3056E-03 1.0183E-03 4.2102E-04 3.3724E-04 1.9054E-04 0
 0 1.3215E-04 2.8183E-04 4.3508E-04 9.1256E-04 3.5214E-04 1.8162E-03 1.1108E-03 2.0754E-03 1.7507E-03 7.9695E-04 1.0114E-03 1.0329E-03 1.7178E-03 2.1043E-03 2.5899E-03 2.7312E-03 1.9379E-03 2.1426E-03 2.2700E-03 8.5974E-04 4.0729E-04 3.0864E-04 1.6800E-04 0
 0 1.1858E-04 2.7976E-04 4.9856E-04 8.3907E-04 3.0781E-04 1.7383E-03 1.3300E-03 2.1123E-03 1.6252E-03 6.2760E-04 9.8300E-04 1.1941E-03 1.6704E-03 2.0403E-03 2.3939E-03 2.4629E-03 1.8992E-03 2.2259E-03 1.9569E-03 8.9023E-04 4.3475E-04 2.6498E-04 1.6363E-04 0
 0 1.2411E-04 2.5395E-04 4.0566E-04 9.0235E-04 2.9796E-04 1.6159E-03 1.1378E-03 2.0079E-03 1.5718E-03 6.6745E-04 1.0433E-03 1.0915E-03 1.6777E-03 2.2785E-03 2.4709E-03 2.6754E-03 1.9414E-03 2.1679E-03 2.3554E-03 9.1767E-04 4.3704E-04 2.8455E-04 1.7527E-04 0
 0 1.1356E-04 2.7873E-04 3.9327E-04 8.4519E-04 3.0042E-04 1.6215E-03 1.1498E-03 2.0232E-03 1.8856E-03 7.0066E-04 1.0007E-03 9.0839E-04 1.7105E-03 1.9905E-03 2.4149E-03 2.6963E-03 1.9344E-03 2.2367E-03 2.2167E-03 9.0547E-04 4.8509E-04 2.8455E-04 1.6800E-04 0
 0 1.2461E-04 2.7770E-04 3.8863E-04 8.8602E-04 3.2997E-04 1.6938E-03 1.1408E-03 2.0754E-03 1.8166E-03 7.8035E-04 1.0646E-03 1.0512E-03 1.6850E-03 2.1896E-03 2.5234E-03 2.4560E-03 1.9344E-03 2.3598E-03 2.2629E-03 9.9998E-04 4.3246E-04 2.6949E-04 2.0145E-04 0
 0 1.0904E-04 2.6944E-04 4.8153E-04 9.5135E-04 2.7826E-04 1.7467E-03 1.3209E-03 2.1184E-03 1.6942E-03 6.5417E-04 9.7235E-04 1.0696E-03 1.8051E-03 1.9763E-03 2.3519E-03 2.3480E-03 1.8640E-03 1.9725E-03 2.1597E-03 8.1706E-04 4.5306E-04 2.9358E-04 1.8036E-04 0
 0 1.2160E-04 2.9009E-04 4.0101E-04 9.2277E-04 2.6841E-04 1.6048E-03 1.3810E-03 2.2688E-03 1.9452E-03 7.3054E-04 1.0398E-03 1.2161E-03 1.6850E-03 2.2287E-03 2.2084E-03 2.7033E-03 1.6882E-03 2.0377E-03 2.0957E-03 8.3840E-04 3.3407E-04 3.1466E-04 1.6218E-04 0
 0 1.3316E-04 2.3950E-04 3.4527E-04 9.5952E-04 3.7184E-04 1.5798E-03 1.2039E-03 1.9434E-03 1.8040E-03 6.8405E-04 1.0682E-03 1.1501E-03 1.7287E-03 1.9372E-03 2.5269E-03 2.5570E-03 1.7656E-03 2.0123E-03 2.2451E-03 9.1157E-04 3.1348E-04 2.9659E-04 1.6363E-04 0
 0 1.0954E-04 2.5499E-04 3.5766E-04 9.2073E-04 3.6937E-04 1.8273E-03 1.0387E-03 1.9710E-03 1.7130E-03 7.3386E-04 1.0149E-03 1.0989E-03 1.7287E-03 2.1078E-03 2.1069E-03 2.4142E-03 1.9168E-03 1.9978E-03 2.2593E-03 8.2925E-04 3.3636E-04 2.7551E-04 1.7454E-04 0
 0 1.1909E-04 2.7667E-04 4.3817E-04 8.8398E-04 3.4721E-04 1.7606E-03 1.1288E-03 1.9434E-03 1.8040E-03 8.3016E-04 9.9365E-04 1.1025E-03 1.7505E-03 2.0687E-03 2.5584E-03 2.5152E-03 1.7867E-03 1.8784E-03 2.2273E-03 9.0242E-04 3.5467E-04 2.9057E-04 1.6800E-04 0
 0 1.1657E-04 2.3537E-04 4.4901E-04 9.4114E-04 3.3982E-04 1.6688E-03 1.2039E-03 1.9096E-03 1.8103E-03 6.5417E-04 9.1203E-04 1.0219E-03 1.4994E-03 1.9692E-03 2.2224E-03 2.5361E-03 1.7058E-03 1.9074E-03 2.2843E-03 8.1096E-04 3.8212E-04 2.9207E-04 1.7963E-04 0
 0 1.2612E-04 2.7254E-04 4.7998E-04 8.8194E-04 3.0289E-04 1.6521E-03 1.1498E-03 1.9895E-03 1.5216E-03 7.5047E-04 9.5461E-04 1.0622E-03 1.5977E-03 2.0865E-03 2.4499E-03 2.3758E-03 1.8605E-03 2.0340E-03 2.3483E-03 9.0852E-04 4.5077E-04 3.1917E-04 1.7381E-04 0
 0 1.4371E-04 2.7667E-04 4.5675E-04 9.0848E-04 3.7922E-04 1.6382E-03 1.2129E-03 2.0785E-03 1.7193E-03 7.0066E-04 1.0966E-03 9.4868E-04 1.5030E-03 1.8981E-03 2.1909E-03 2.4594E-03 1.7198E-03 1.9363E-03 2.0210E-03 9.2681E-04 4.0501E-04 2.5745E-04 1.7381E-04 0
 0 1.2562E-04 2.7873E-04 4.3043E-04 9.5543E-04 2.8319E-04 1.5742E-03 1.2069E-03 1.9219E-03 1.6503E-03 7.4382E-04 1.0078E-03 1.0256E-03 1.5176E-03 1.8164E-03 2.2609E-03 2.5639E-03 1.7304E-03 2.0340E-03 1.9285E-03 8.7194E-04 4.2102E-04 3.0713E-04 1.8036E-04 0
 0 1.2160E-04 2.1473E-04 4.8462E-04 8.6561E-04 3.2505E-04 1.6437E-03 1.0087E-03 1.9649E-03 1.5969E-03 7.8367E-04 9.4396E-04 9.4502E-04 1.5576E-03 1.8910E-03 2.2679E-03 2.4420E-03 1.9168E-03 1.8386E-03 2.0992E-03 8.1706E-04 4.1187E-04 2.5444E-04 1.6800E-04 0
 0 1.2009E-04 2.6325E-04 4.2269E-04 8.3090E-04 3.2997E-04 1.7383E-03 1.1798E-03 1.8912E-03 1.7569E-03 6.7409E-04 9.0138E-04 1.1978E-03 1.4339E-03 1.8235E-03 2.0719E-03 2.5465E-03 1.6987E-03 1.9761E-03 2.1348E-03 8.1706E-04 4.5763E-04 3.1767E-04 1.7527E-04 0
 0 1.0653E-04 2.4982E-04 4.4127E-04 8.7377E-04 3.3982E-04 1.5770E-03 1.2159E-03 2.2136E-03 1.7413E-03 7.0398E-04 9.5816E-04 1.0952E-03 1.4776E-03 2.0474E-03 2.0824E-03 2.2330E-03 1.9414E-03 1.9363E-03 2.1384E-03 9.2986E-04 4.0043E-04 2.6196E-04 1.8399E-04 0
 0 1.3818E-04 2.6015E-04 4.1340E-04 9.0235E-04 2.9550E-04 1.6660E-03 1.0538E-03 2.1061E-03 1.8260E-03 7.3054E-04 9.4396E-04 1.0329E-03 1.5394E-03 1.8803E-03 1.9879E-03 2.3584E-03 1.8043E-03 2.0883E-03 2.1277E-03 8.4450E-04 4.4162E-04 3.1466E-04 1.5272E-04 0
 0 1.3768E-04 2.5499E-04 4.3817E-04 9.3298E-04 3.1520E-04 1.7411E-03 9.7570E-04 2.0816E-03 1.6409E-03 7.0066E-04 9.4041E-04 1.0512E-03 1.4448E-03 1.7879E-03 2.3589E-03 2.2713E-03 1.8007E-03 2.1462E-03 2.1633E-03 8.8413E-04 4.1873E-04 2.8455E-04 1.7890E-04 0
 0 1.2361E-04 2.6841E-04 4.2734E-04 9.4114E-04 2.8319E-04 1.5186E-03 1.1648E-03 1.8359E-03 1.5812E-03 7.1062E-04 9.3687E-04 9.9630E-04 1.5722E-03 1.8839E-03 2.1314E-03 2.2016E-03 1.6847E-03 1.8856E-03 2.1597E-03 7.6523E-04 3.7068E-04 3.4778E-04 1.6290E-04 0
 0 1.0753E-04 2.5705E-04 4.2734E-04 8.0028E-04 2.8319E-04 1.8162E-03 1.1408E-03 2.0171E-03 1.6220E-03 5.5455E-04 9.4041E-04 1.0366E-03 1.5722E-03 1.7986E-03 2.2049E-03 2.3062E-03 1.6741E-03 1.6830E-03 2.1740E-03 7.5913E-04 3.8441E-04 2.5895E-04 1.7309E-04 0
 0 1.1356E-04 2.9009E-04 4.7843E-04 8.6561E-04 2.3640E-04 1.5492E-03 1.1678E-03 1.8697E-03 1.6565E-03 7.0066E-04 8.9428E-04 1.1685E-03 1.4375E-03 1.7488E-03 2.1769E-03 2.2539E-03 1.5686E-03 1.7336E-03 2.0743E-03 7.4389E-04 3.9585E-04 2.8304E-04 1.8399E-04 0
 0 1.2964E-04 2.6737E-04 4.4437E-04 8.6561E-04 3.0289E-04 1.6410E-03 1.0628E-03 2.0017E-03 1.5624E-03 7.0398E-04 7.5943E-04 9.7799E-04 1.4594E-03 1.8484E-03 2.1104E-03 2.1912E-03 1.7515E-03 1.8603E-03 1.9462E-03 6.7377E-04 3.4551E-04 3.2520E-04 1.8690E-04 0
 0 1.0602E-04 2.9938E-04 4.1805E-04 8.9419E-04 3.5460E-04 1.4352E-03 1.0748E-03 1.9772E-03 1.6095E-03 6.8405E-04 8.8364E-04 1.0146E-03 1.5758E-03 1.6422E-03 1.9774E-03 2.3096E-03 1.7093E-03 1.8965E-03 1.8858E-03 8.0181E-04 3.3407E-04 3.7337E-04 1.4836E-04 0
 0 1.1708E-04 2.2298E-04 4.1185E-04 8.6356E-04 3.4229E-04 1.6577E-03 1.2519E-03 1.9281E-03 1.5028E-03 6.5749E-04 9.3687E-04 8.6077E-04 1.5249E-03 1.7453E-03 2.1034E-03 2.2156E-03 1.7023E-03 1.9834E-03 1.9142E-03 7.3169E-04 3.7526E-04 3.0713E-04 1.7527E-04 0
 0 1.2260E-04 2.4363E-04 4.3198E-04 8.9623E-04 2.9796E-04 1.6382E-03 1.0478E-03 1.9096E-03 1.6754E-03 6.9734E-04 8.6944E-04 8.4612E-04 1.4193E-03 1.7488E-03 2.0999E-03 2.4107E-03 1.7128E-03 1.9870E-03 2.1170E-03 7.8047E-04 3.2263E-04 2.8455E-04 1.7454E-04 0
 0 1.1858E-04 2.5808E-04 4.5211E-04 8.5540E-04 2.8072E-04 1.4852E-03 1.1318E-03 1.9434E-03 1.6377E-03 6.1764E-04 9.6526E-04 9.1205E-04 1.3429E-03 1.6315E-03 2.1349E-03 2.3410E-03 1.6847E-03 1.9689E-03 2.1348E-03 7.4694E-04 3.5009E-04 3.4477E-04 1.6218E-04 0
 0 1.0100E-04 2.3537E-04 4.5675E-04 8.8806E-04 3.1027E-04 1.5297E-03 1.0778E-03 1.7715E-03 1.6001E-03 5.6783E-04 8.6589E-04 9.5601E-04 1.4448E-03 1.6244E-03 1.8654E-03 2.3131E-03 1.6565E-03 1.7662E-03 1.8715E-03 7.5608E-04 3.2263E-04 3.0261E-04 1.5200E-04 0
 0 1.1708E-04 2.2402E-04 4.4901E-04 8.5744E-04 3.9154E-04 1.4268E-03 1.0628E-03 1.9649E-03 1.4777E-03 6.1432E-04 8.5170E-04 8.7909E-04 1.3611E-03 1.9976E-03 2.1559E-03 2.2922E-03 1.6073E-03 1.7373E-03 1.9391E-03 8.6279E-04 3.7526E-04 2.7551E-04 1.8181E-04 0
 0 1.4321E-04 2.4879E-04 4.4901E-04 7.8394E-04 2.4871E-04 1.5269E-03 1.0598E-03 1.8421E-03 1.5938E-03 6.9069E-04 8.0911E-04 1.0256E-03 1.5103E-03 1.7879E-03 2.0194E-03 2.2330E-03 1.6319E-03 1.8856E-03 2.1348E-03 6.6462E-04 3.8441E-04 2.7852E-04 1.5854E-04 0
 0 1.1255E-04 2.8596E-04 3.8089E-04 7.9619E-04 2.5117E-04 1.5019E-03 1.1498E-03 1.9281E-03 1.4746E-03 5.7447E-04 8.2331E-04 6.7030E-04 1.4048E-03 1.7915E-03 2.2189E-03 2.1633E-03 1.6460E-03 1.9508E-03 1.8395E-03 7.5608E-04 3.7297E-04 2.8154E-04 1.5345E-04 0
 0 1.0803E-04 2.6634E-04 4.3043E-04 9.1052E-04 2.8565E-04 1.5325E-03 1.0417E-03 1.7930E-03 1.6816E-03 6.7077E-04 9.6171E-04 8.5711E-04 1.5795E-03 1.6493E-03 2.0194E-03 2.0275E-03 1.4666E-03 1.7771E-03 1.8680E-03 7.8962E-04 3.1348E-04 2.8756E-04 1.7090E-04 0
 0 1.1607E-04 2.3228E-04 4.6140E-04 8.2478E-04 3.6937E-04 1.5603E-03 1.0748E-03 1.9802E-03 1.9075E-03 5.9772E-04 8.6944E-04 9.7432E-04 1.3866E-03 1.4360E-03 1.9354E-03 2.0310E-03 1.5581E-03 1.8314E-03 1.9676E-03 6.6157E-04 3.7068E-04 2.6347E-04 1.9490E-04 0
 0 1.2059E-04 2.4363E-04 3.9637E-04 9.0235E-04 2.7334E-04 1.6521E-03 1.0568E-03 1.7101E-03 1.5593E-03 5.8111E-04 7.0265E-04 9.7799E-04 1.2374E-03 1.6066E-03 1.9844E-03 2.2678E-03 1.5440E-03 1.6395E-03 1.9285E-03 7.4694E-04 3.0204E-04 3.2670E-04 1.4690E-04 0
 0 1.4522E-04 2.2918E-04 4.3663E-04 8.7581E-04 2.9057E-04 1.6298E-03 1.0207E-03 1.8206E-03 1.3522E-03 6.1432E-04 8.3750E-04 9.1205E-04 1.4011E-03 1.6920E-03 2.0824E-03 1.8150E-03 1.6987E-03 1.7192E-03 1.8253E-03 7.7133E-04 3.3865E-04 2.8154E-04 1.5563E-04 0
 0 1.2863E-04 2.6944E-04 4.0876E-04 8.5540E-04 2.8319E-04 1.7049E-03 1.0177E-03 1.7561E-03 1.5624E-03 7.1726E-04 8.2331E-04 8.9740E-04 1.3793E-03 1.6920E-03 1.9774E-03 2.1076E-03 1.3998E-03 1.5418E-03 1.9961E-03 8.1706E-04 3.4094E-04 2.4390E-04 1.7381E-04 0
 0 1.3165E-04 2.4260E-04 3.4837E-04 8.7990E-04 2.8811E-04 1.5242E-03 9.5469E-04 1.7807E-03 1.5561E-03 7.3718E-04 8.6234E-04 8.7543E-04 1.4011E-03 1.5462E-03 1.9319E-03 2.1320E-03 1.5123E-03 1.6178E-03 1.7897E-03 7.2255E-04 2.9975E-04 2.6046E-04 1.6436E-04 0
 0 1.2361E-04 2.7357E-04 3.7934E-04 8.7173E-04 2.6349E-04 1.6076E-03 1.0718E-03 1.7193E-03 1.6409E-03 6.3424E-04 9.0493E-04 9.0839E-04 1.3757E-03 1.6386E-03 1.9074E-03 1.9543E-03 1.4807E-03 1.6902E-03 1.7434E-03 7.9267E-04 3.5009E-04 2.6347E-04 1.9927E-04 0
 0 1.2914E-04 2.3124E-04 4.2734E-04 9.1052E-04 2.8072E-04 1.5714E-03 1.1138E-03 1.6640E-03 1.6377E-03 6.7077E-04 7.3814E-04 7.6920E-04 1.1136E-03 1.6102E-03 1.9354E-03 2.0623E-03 1.3892E-03 1.6395E-03 1.8466E-03 7.2255E-04 3.5695E-04 2.8154E-04 1.5345E-04 0
 0 1.2311E-04 2.7047E-04 3.9947E-04 8.2682E-04 2.6349E-04 1.6437E-03 1.1168E-03 1.8175E-03 1.4212E-03 6.0104E-04 9.3332E-04 8.2415E-04 1.2665E-03 1.7702E-03 1.8724E-03 1.9822E-03 1.4420E-03 1.7264E-03 1.9498E-03 6.2499E-04 3.2263E-04 2.6196E-04 1.6436E-04 0
 0 1.2863E-04 2.5705E-04 3.7314E-04 8.9827E-04 3.1766E-04 1.6326E-03 1.0267E-03 1.9004E-03 1.4432E-03 6.5417E-04 8.3750E-04 8.0949E-04 1.3065E-03 1.5995E-03 1.8794E-03 2.0240E-03 1.3541E-03 1.4513E-03 1.9676E-03 7.5608E-04 3.3865E-04 2.6347E-04 1.4545E-04 0
 0 1.2662E-04 2.6015E-04 3.9172E-04 8.2478E-04 3.0781E-04 1.4824E-03 1.0748E-03 1.7162E-03 1.4150E-03 6.1764E-04 6.9200E-04 8.0949E-04 1.2774E-03 1.4929E-03 1.8654E-03 1.9264E-03 1.3857E-03 1.5852E-03 1.8786E-03 6.7987E-04 2.9975E-04 2.1981E-04 1.5563E-04 0
 0 1.1406E-04 2.4260E-04 4.4282E-04 8.3702E-04 2.8072E-04 1.4212E-03 9.8771E-04 1.6517E-03 1.5122E-03 6.1100E-04 7.4523E-04 7.2158E-04 1.3029E-03 1.5995E-03 1.7464E-03 2.2051E-03 1.3787E-03 1.5310E-03 1.8573E-03 7.2255E-04 3.3865E-04 2.6196E-04 1.8036E-04 0
 0 1.1858E-04 2.2711E-04 4.1650E-04 9.5747E-04 2.5364E-04 1.4546E-03 8.7963E-04 1.7623E-03 1.5028E-03 5.4791E-04 7.3104E-04 7.4722E-04 1.1245E-03 1.4716E-03 1.8129E-03 2.0310E-03 1.3963E-03 1.6287E-03 1.7790E-03 6.9206E-04 3.5924E-04 2.7551E-04 1.5781E-04 0
 0 1.0753E-04 2.4570E-04 4.4592E-04 8.3907E-04 2.8811E-04 1.5798E-03 1.0357E-03 1.6333E-03 1.7350E-03 5.3130E-04 7.3459E-04 9.3769E-04 1.2519E-03 1.5036E-03 1.7709E-03 2.1250E-03 1.4666E-03 1.5889E-03 1.6829E-03 7.1950E-04 3.4094E-04 2.8455E-04 1.7527E-04 0
 0 1.0351E-04 2.1266E-04 3.9792E-04 9.0848E-04 2.7826E-04 1.4296E-03 9.4868E-04 1.6487E-03 1.3805E-03 6.0104E-04 8.0201E-04 8.2048E-04 1.0845E-03 1.6529E-03 1.7849E-03 2.0867E-03 1.3646E-03 1.6432E-03 1.8039E-03 7.6218E-04 3.3865E-04 3.0713E-04 1.8109E-04 0
 0 1.1306E-04 2.2608E-04 4.4592E-04 8.0232E-04 3.0289E-04 1.5325E-03 9.8171E-04 1.6947E-03 1.3114E-03 5.5455E-04 6.7071E-04 7.7286E-04 1.2119E-03 1.5995E-03 1.7219E-03 2.2226E-03 1.5721E-03 1.5671E-03 1.7648E-03 7.3779E-04 3.6839E-04 2.6799E-04 1.4690E-04 0
 0 1.1054E-04 2.4879E-04 3.7469E-04 8.6765E-04 1.9454E-04 1.5214E-03 1.2339E-03 1.7070E-03 1.5342E-03 5.1138E-04 6.7781E-04 8.7543E-04 1.2810E-03 1.6315E-03 1.6519E-03 1.9578E-03 1.3787E-03 1.5020E-03 1.9391E-03 7.9572E-04 3.2034E-04 2.2282E-04 1.6072E-04 0
 0 1.1808E-04 2.4879E-04 4.0566E-04 7.8599E-04 2.9304E-04 1.5269E-03 1.1228E-03 1.6609E-03 1.4463E-03 5.6119E-04 7.3104E-04 8.3880E-04 1.1755E-03 1.5107E-03 1.7604E-03 2.1180E-03 1.2661E-03 1.6432E-03 1.7790E-03 6.7987E-04 3.2492E-04 2.5143E-04 1.6581E-04 0
 0 1.0452E-04 2.4260E-04 3.5147E-04 8.6561E-04 2.5364E-04 1.4657E-03 9.9672E-04 1.6794E-03 1.5185E-03 5.4459E-04 7.5943E-04 8.9374E-04 1.3211E-03 1.4502E-03 1.9529E-03 1.9334E-03 1.2626E-03 1.7264E-03 1.8004E-03 6.9206E-04 3.2721E-04 2.7702E-04 1.9199E-04 0
 0 1.2914E-04 2.4673E-04 3.9482E-04 8.9010E-04 2.6349E-04 1.6048E-03 9.7570E-04 1.8544E-03 1.5342E-03 4.8481E-04 6.1748E-04 7.3624E-04 1.1755E-03 1.3827E-03 1.7709E-03 1.9369E-03 1.3611E-03 1.5527E-03 1.7826E-03 6.4023E-04 3.8212E-04 2.6046E-04 1.6363E-04 0
 0 1.0401E-04 2.3228E-04 4.5366E-04 8.7990E-04 2.8565E-04 1.4769E-03 1.0688E-03 1.7285E-03 1.5499E-03 4.8481E-04 7.8072E-04 6.7030E-04 1.1355E-03 1.5498E-03 1.7184E-03 1.9891E-03 1.5370E-03 1.6757E-03 1.7541E-03 6.5852E-04 3.0661E-04 2.5143E-04 1.7527E-04 0
 0 1.2210E-04 2.2711E-04 3.9637E-04 9.2277E-04 2.0439E-04 1.4546E-03 1.1798E-03 1.6824E-03 1.4244E-03 5.2466E-04 7.3814E-04 7.4722E-04 1.1937E-03 1.6315E-03 1.7989E-03 1.8568E-03 1.3435E-03 1.6287E-03 1.7185E-03 6.7072E-04 3.3407E-04 2.3788E-04 1.6800E-04 0
 0 1.1959E-04 2.7873E-04 3.6695E-04 8.6765E-04 3.0289E-04 1.4157E-03 9.6069E-04 1.6886E-03 1.3554E-03 4.8813E-04 8.0911E-04 8.5711E-04 1.3211E-03 1.5818E-03 1.8024E-03 1.8916E-03 1.2169E-03 1.5671E-03 1.8644E-03 7.1340E-04 3.1805E-04 2.2734E-04 1.6290E-04 0
 0 1.1557E-04 2.3537E-04 4.1185E-04 8.2069E-04 2.6349E-04 1.5631E-03 9.3367E-04 1.6671E-03 1.4495E-03 5.0474E-04 7.0975E-04 7.9851E-04 1.0700E-03 1.4040E-03 1.5469E-03 1.9160E-03 1.2450E-03 1.7011E-03 1.7399E-03 5.9450E-04 3.5009E-04 2.4841E-04 1.7745E-04 0
 0 1.1607E-04 2.3434E-04 3.9482E-04 8.0436E-04 2.3886E-04 1.4741E-03 1.0297E-03 1.7377E-03 1.4526E-03 6.6081E-04 7.3104E-04 6.4833E-04 1.1209E-03 1.4502E-03 1.6519E-03 1.8533E-03 1.3154E-03 1.4115E-03 1.7790E-03 6.5852E-04 3.2721E-04 2.7250E-04 1.6363E-04 0
 0 1.0251E-04 2.3228E-04 3.7624E-04 8.2682E-04 3.0535E-04 1.5492E-03 8.9164E-04 1.5044E-03 1.6001E-03 7.0398E-04 6.7781E-04 7.8385E-04 1.1318E-03 1.5640E-03 1.5539E-03 1.8707E-03 1.2978E-03 1.4803E-03 1.6403E-03 6.4023E-04 2.8602E-04 2.5293E-04 1.5636E-04 0
 0 9.9993E-05 2.1782E-04 3.8553E-04 8.5948E-04 3.0535E-04 1.5075E-03 9.4268E-04 1.7070E-03 1.5122E-03 4.6157E-04 7.1684E-04 7.2525E-04 1.2374E-03 1.3472E-03 1.7149E-03 1.6478E-03 1.2732E-03 1.6612E-03 1.6687E-03 6.3413E-04 3.3636E-04 2.8003E-04 1.4327E-04 0
 0 1.0954E-04 2.4260E-04 3.3289E-04 8.3907E-04 2.4379E-04 1.3517E-03 8.4661E-04 1.7960E-03 1.4746E-03 5.0806E-04 7.2039E-04 7.5821E-04 1.0299E-03 1.5889E-03 1.4979E-03 1.7941E-03 1.4490E-03 1.4405E-03 1.7577E-03 7.7742E-04 3.1348E-04 2.6799E-04 1.3963E-04 0
 0 1.1105E-04 2.4466E-04 3.4063E-04 7.1045E-04 2.5610E-04 1.3740E-03 1.0598E-03 1.6272E-03 1.4150E-03 5.6783E-04 6.9910E-04 7.0693E-04 1.0700E-03 1.3401E-03 1.6064E-03 1.6791E-03 1.1571E-03 1.4622E-03 1.6972E-03 6.6462E-04 3.4094E-04 2.7401E-04 1.3672E-04 0
 0 1.2713E-04 2.3744E-04 3.6231E-04 7.7578E-04 2.4871E-04 1.5214E-03 9.8771E-04 1.6302E-03 1.4056E-03 6.2428E-04 7.0620E-04 6.3001E-04 9.5350E-04 1.3436E-03 1.8234E-03 1.6478E-03 1.2415E-03 1.6251E-03 1.7079E-03 6.7072E-04 3.5009E-04 2.3938E-04 1.5781E-04 0
 0 1.0803E-04 2.4879E-04 3.6076E-04 8.2069E-04 2.0192E-04 1.4435E-03 1.0448E-03 1.6886E-03 1.4746E-03 6.6745E-04 7.0265E-04 7.3257E-04 1.0554E-03 1.2938E-03 1.5574E-03 1.8045E-03 1.5475E-03 1.6251E-03 1.5904E-03 7.5304E-04 2.4941E-04 2.8154E-04 1.7381E-04 0
 0 1.1205E-04 2.4466E-04 3.5302E-04 9.0031E-04 2.6841E-04 1.4797E-03 7.3853E-04 1.6640E-03 1.5718E-03 5.1138E-04 6.9555E-04 7.5455E-04 1.2992E-03 1.2725E-03 1.5294E-03 1.6547E-03 1.2837E-03 1.4079E-03 1.9747E-03 7.4694E-04 3.1119E-04 2.4540E-04 1.5709E-04 0
 0 1.2311E-04 2.0853E-04 4.2424E-04 7.2474E-04 2.4625E-04 1.4797E-03 1.0838E-03 1.6180E-03 1.3146E-03 6.2428E-04 6.3877E-04 7.4722E-04 1.0809E-03 1.4431E-03 1.5469E-03 1.8672E-03 1.2415E-03 1.4296E-03 1.7897E-03 8.5364E-04 3.0204E-04 2.5143E-04 1.8327E-04 0
 0 1.0602E-04 2.3537E-04 4.2579E-04 8.8194E-04 2.4379E-04 1.3489E-03 9.6970E-04 1.7531E-03 1.5248E-03 4.7153E-04 6.6006E-04 6.3734E-04 9.7534E-04 1.3436E-03 1.6204E-03 1.7662E-03 1.1008E-03 1.5020E-03 1.6794E-03 6.0670E-04 2.9289E-04 2.7702E-04 1.4618E-04 0
 0 1.1105E-04 2.3744E-04 3.8708E-04 8.9010E-04 2.9057E-04 1.3044E-03 9.0665E-04 1.6548E-03 1.4840E-03 4.5825E-04 7.5943E-04 8.8275E-04 1.1064E-03 1.1979E-03 1.4384E-03 1.6512E-03 1.1782E-03 1.5744E-03 1.7790E-03 6.9206E-04 3.0204E-04 3.0864E-04 1.4763E-04 0
 0 1.0853E-04 2.1163E-04 4.1495E-04 7.9007E-04 2.7580E-04 1.3684E-03 8.7363E-04 1.6947E-03 1.4432E-03 4.9810E-04 6.7426E-04 7.8385E-04 1.0590E-03 1.3934E-03 1.6589E-03 1.7105E-03 1.0973E-03 1.4188E-03 1.7399E-03 6.0670E-04 3.1577E-04 2.4239E-04 1.6145E-04 0
 0 1.2914E-04 2.6118E-04 3.8863E-04 8.2273E-04 1.9207E-04 1.4379E-03 9.5168E-04 1.6057E-03 1.3146E-03 5.2466E-04 5.8909E-04 6.9228E-04 8.9163E-04 1.2156E-03 1.3929E-03 1.6338E-03 1.1079E-03 1.3174E-03 1.6260E-03 6.2804E-04 2.7229E-04 2.6046E-04 1.5854E-04 0
 0 1.0803E-04 2.2092E-04 4.4746E-04 8.5540E-04 3.1027E-04 1.4324E-03 8.6762E-04 1.4706E-03 1.4840E-03 6.0768E-04 6.8136E-04 7.1060E-04 1.0882E-03 1.2690E-03 1.6659E-03 1.9125E-03 1.1395E-03 1.5056E-03 1.7256E-03 6.1584E-04 2.4255E-04 2.2131E-04 1.7963E-04 0
 0 1.0904E-04 2.4879E-04 3.2515E-04 8.0232E-04 2.4379E-04 1.5381E-03 9.0965E-04 1.6180E-03 1.2455E-03 4.5161E-04 6.2458E-04 6.9228E-04 1.1355E-03 1.3081E-03 1.6939E-03 1.7105E-03 1.1571E-03 1.4151E-03 1.6225E-03 5.8231E-04 3.3865E-04 2.4390E-04 1.3600E-04 0
 0 1.1657E-04 2.0647E-04 3.4527E-04 8.4519E-04 2.2409E-04 1.4518E-03 7.5054E-04 1.4798E-03 1.3428E-03 4.7817E-04 7.2749E-04 7.1792E-04 1.0736E-03 1.4893E-03 1.5294E-03 1.8045E-03 1.1255E-03 1.2559E-03 1.6474E-03 5.7621E-04 3.0890E-04 2.3035E-04 1.5709E-04 0
 0 1.1507E-04 2.2298E-04 3.9792E-04 8.0844E-04 2.1177E-04 1.5047E-03 1.0117E-03 1.6395E-03 1.2612E-03 4.3500E-04 5.6425E-04 7.5821E-04 1.1391E-03 1.4396E-03 1.5539E-03 1.5328E-03 1.1008E-03 1.1545E-03 1.6260E-03 7.5304E-04 2.4941E-04 2.5895E-04 1.5563E-04 0
 0 1.0301E-04 2.5086E-04 3.7005E-04 7.3903E-04 2.5856E-04 1.4852E-03 9.4568E-04 1.6456E-03 1.2957E-03 4.5493E-04 6.1038E-04 7.4722E-04 9.8625E-04 1.2299E-03 1.5574E-03 1.7105E-03 9.7423E-04 1.4043E-03 1.7150E-03 5.9450E-04 3.0433E-04 2.6498E-04 1.6363E-04 0
 0 9.6978E-05 2.3434E-04 4.1650E-04 7.7578E-04 2.7087E-04 1.4963E-03 9.7870E-04 1.5965E-03 1.3020E-03 5.1802E-04 5.3586E-04 6.8129E-04 1.0445E-03 1.2796E-03 1.4629E-03 1.8219E-03 1.1571E-03 1.3572E-03 1.5477E-03 5.7621E-04 2.5627E-04 2.3788E-04 1.7090E-04 0
 0 1.0251E-04 2.1473E-04 4.1650E-04 8.8194E-04 1.9454E-04 1.4212E-03 1.0448E-03 1.5351E-03 1.3020E-03 5.3794E-04 5.8199E-04 7.5821E-04 1.0627E-03 1.1161E-03 1.6274E-03 1.6930E-03 1.2872E-03 1.3174E-03 1.6082E-03 7.1645E-04 2.5856E-04 2.4841E-04 1.4981E-04 0
 0 1.1456E-04 2.4466E-04 4.0411E-04 8.6152E-04 2.1670E-04 1.4240E-03 8.4661E-04 1.7101E-03 1.3334E-03 4.3168E-04 6.2103E-04 6.6298E-04 1.0700E-03 1.2654E-03 1.5749E-03 1.8080E-03 1.1255E-03 1.2776E-03 1.6260E-03 7.1035E-04 2.5627E-04 2.2884E-04 1.5200E-04 0
 0 1.1406E-04 1.9614E-04 3.9018E-04 7.9824E-04 2.4379E-04 1.3907E-03 1.0057E-03 1.6763E-03 1.3961E-03 5.5123E-04 7.2749E-04 6.7397E-04 1.1427E-03 1.1588E-03 1.4454E-03 1.4805E-03 1.2275E-03 1.4079E-03 1.6972E-03 6.6462E-04 2.9975E-04 2.9057E-04 1.4109E-04 0
 0 1.1607E-04 2.5086E-04 4.3508E-04 8.3294E-04 2.0685E-04 1.3823E-03 7.9557E-04 1.5013E-03 1.3522E-03 4.6489E-04 6.4232E-04 6.5565E-04 9.8261E-04 1.2619E-03 1.5504E-03 1.7000E-03 1.1817E-03 1.4369E-03 1.5904E-03 6.0975E-04 2.5399E-04 2.5444E-04 1.2654E-04 0
 0 9.7983E-05 1.9511E-04 4.1495E-04 7.6965E-04 2.4379E-04 1.3851E-03 7.1151E-04 1.5535E-03 1.3616E-03 5.2466E-04 5.2521E-04 7.2891E-04 1.0445E-03 1.2761E-03 1.5574E-03 1.7000E-03 1.1571E-03 1.1582E-03 1.6687E-03 6.5852E-04 2.4712E-04 1.9873E-04 1.6509E-04 0
 0 1.0853E-04 2.2402E-04 3.3134E-04 8.8194E-04 2.0931E-04 1.3211E-03 7.5955E-04 1.4890E-03 1.4934E-03 4.9146E-04 5.5360E-04 6.4833E-04 9.0619E-04 1.1943E-03 1.6029E-03 1.5607E-03 1.2064E-03 1.4151E-03 1.4695E-03 6.0365E-04 2.7458E-04 2.1529E-04 1.5127E-04 0
 0 9.9993E-05 2.3537E-04 3.6076E-04 7.8599E-04 2.2162E-04 1.3322E-03 1.0748E-03 1.5289E-03 1.4118E-03 4.8813E-04 5.8554E-04 6.9228E-04 8.4432E-04 1.0735E-03 1.5329E-03 1.5223E-03 1.1290E-03 1.3102E-03 1.4125E-03 4.8475E-04 3.0433E-04 2.1078E-04 1.4909E-04 0
 0 1.1708E-04 2.5912E-04 3.5147E-04 7.7782E-04 2.1424E-04 1.2711E-03 7.6855E-04 1.5228E-03 1.2236E-03 5.1802E-04 4.7198E-04 6.0437E-04 1.0372E-03 1.3223E-03 1.5329E-03 1.4631E-03 1.0727E-03 1.4260E-03 1.5904E-03 5.9755E-04 2.7916E-04 2.5444E-04 1.3600E-04 0
 0 1.2110E-04 2.2711E-04 3.5766E-04 8.2069E-04 1.8961E-04 1.4685E-03 8.0158E-04 1.5074E-03 1.2863E-03 4.6157E-04 6.4587E-04 6.0804E-04 1.0045E-03 1.1765E-03 1.4769E-03 1.5816E-03 9.9533E-04 1.3391E-03 1.4944E-03 6.4938E-04 2.9975E-04 2.0776E-04 1.5563E-04 0
 0 1.1255E-04 2.1060E-04 3.5302E-04 8.2069E-04 2.2162E-04 1.5492E-03 9.0065E-04 1.5228E-03 1.4526E-03 4.9810E-04 7.2039E-04 6.6664E-04 1.0809E-03 1.1090E-03 1.3544E-03 1.5746E-03 9.8126E-04 1.2740E-03 1.3912E-03 6.2499E-04 2.7687E-04 2.2282E-04 1.4909E-04 0
 0 1.2662E-04 2.3331E-04 3.6231E-04 7.7782E-04 2.0192E-04 1.4379E-03 8.4961E-04 1.4614E-03 1.2204E-03 4.5161E-04 4.9327E-04 6.1536E-04 1.0263E-03 1.1268E-03 1.3544E-03 1.6791E-03 1.0199E-03 1.1582E-03 1.3841E-03 6.0060E-04 3.2492E-04 2.3185E-04 1.5490E-04 0
 0 1.1054E-04 2.1369E-04 3.5302E-04 7.4924E-04 2.2655E-04 1.2766E-03 7.1752E-04 1.5289E-03 1.4118E-03 4.1508E-04 6.9200E-04 6.8862E-04 9.7898E-04 1.2405E-03 1.3054E-03 1.7627E-03 1.0973E-03 1.1365E-03 1.5015E-03 4.9084E-04 2.4026E-04 2.3486E-04 1.5636E-04 0
 0 1.0703E-04 2.1782E-04 4.3353E-04 8.2682E-04 1.6991E-04 1.5436E-03 7.8056E-04 1.5228E-03 1.3491E-03 4.5161E-04 6.7426E-04 5.4210E-04 8.9163E-04 1.2014E-03 1.3894E-03 1.5363E-03 1.0903E-03 1.3862E-03 1.5726E-03 5.7621E-04 2.8144E-04 2.4390E-04 1.7018E-04 0
 0 1.1255E-04 2.0853E-04 4.1185E-04 7.2474E-04 2.1670E-04 1.2377E-03 9.7270E-04 1.5474E-03 1.2581E-03 4.4497E-04 4.8973E-04 5.7141E-04 1.0554E-03 1.1161E-03 1.2145E-03 1.4318E-03 9.4609E-04 1.3428E-03 1.5122E-03 4.9999E-04 2.6314E-04 2.4841E-04 1.5563E-04 0
 0 1.0803E-04 2.1989E-04 4.0876E-04 8.2682E-04 2.0192E-04 1.4046E-03 8.6462E-04 1.4092E-03 1.2801E-03 4.1840E-04 5.2876E-04 5.7873E-04 9.1711E-04 1.2085E-03 1.4909E-03 1.5223E-03 1.0833E-03 1.2306E-03 1.5406E-03 6.0670E-04 2.5627E-04 2.0776E-04 1.5345E-04 0
 0 1.0502E-04 2.0337E-04 4.1805E-04 7.1657E-04 2.4132E-04 1.3434E-03 1.0147E-03 1.6702E-03 1.2957E-03 4.1508E-04 4.5069E-04 6.1170E-04 1.0117E-03 1.1979E-03 1.4839E-03 1.6512E-03 9.7423E-04 1.3283E-03 1.5015E-03 3.8719E-04 2.6772E-04 1.9873E-04 1.5418E-04 0
 0 1.1054E-04 2.0750E-04 3.8553E-04 8.0844E-04 2.0931E-04 1.4185E-03 8.2559E-04 1.4552E-03 1.3522E-03 3.7523E-04 6.0683E-04 5.6774E-04 9.1711E-04 1.1303E-03 1.3544E-03 1.5607E-03 9.2499E-04 1.1437E-03 1.5798E-03 5.7926E-04 2.9746E-04 2.2282E-04 1.6509E-04 0
 0 1.1456E-04 2.3744E-04 3.7934E-04 8.0028E-04 2.1424E-04 1.4518E-03 8.1959E-04 1.4798E-03 1.2487E-03 4.3500E-04 5.1102E-04 6.8129E-04 8.8435E-04 9.8105E-04 1.3719E-03 1.5293E-03 9.8829E-04 1.2704E-03 1.4552E-03 6.3109E-04 2.8831E-04 1.8819E-04 1.3745E-04 0
 0 9.5973E-05 2.2298E-04 3.8553E-04 8.1865E-04 2.3394E-04 1.3712E-03 8.5261E-04 1.4645E-03 1.2832E-03 4.1176E-04 5.7490E-04 6.0071E-04 9.5350E-04 9.8460E-04 1.3544E-03 1.5537E-03 1.0094E-03 1.1292E-03 1.3770E-03 6.2194E-04 2.1051E-04 2.3336E-04 1.6436E-04 0
 0 9.6476E-05 2.5499E-04 3.8243E-04 8.1253E-04 2.8072E-04 1.3907E-03 7.7155E-04 1.5074E-03 1.4307E-03 4.2504E-04 5.8199E-04 7.5455E-04 9.8625E-04 1.0130E-03 1.3439E-03 1.3412E-03 1.0973E-03 1.2631E-03 1.3378E-03 6.5243E-04 2.8831E-04 2.4089E-04 1.4181E-04 0
 0 1.1607E-04 2.4673E-04 3.6850E-04 7.7578E-04 1.9700E-04 1.2933E-03 8.5862E-04 1.4460E-03 1.2455E-03 4.5493E-04 3.6552E-04 6.0071E-04 7.8609E-04 1.1268E-03 1.2949E-03 1.5154E-03 8.2299E-04 1.3029E-03 1.3841E-03 4.9999E-04 2.1051E-04 2.5594E-04 1.5854E-04 0
 0 1.0200E-04 1.9408E-04 3.9482E-04 7.3903E-04 2.3394E-04 1.4240E-03 8.2259E-04 1.6241E-03 1.2142E-03 4.7153E-04 5.7490E-04 6.5565E-04 8.4068E-04 1.0735E-03 1.4524E-03 1.4631E-03 8.7223E-04 1.1726E-03 1.4125E-03 5.8840E-04 3.1577E-04 2.4390E-04 1.5272E-04 0
 0 1.0602E-04 2.3950E-04 3.9637E-04 7.7374E-04 2.0931E-04 1.2738E-03 7.5654E-04 1.5412E-03 1.2738E-03 4.3832E-04 5.3231E-04 5.5309E-04 8.8435E-04 1.0166E-03 1.1305E-03 1.3969E-03 9.3906E-04 1.1437E-03 1.4730E-03 5.8840E-04 2.9517E-04 2.2884E-04 1.7018E-04 0
 0 1.0703E-04 2.1060E-04 3.0502E-04 7.4924E-04 2.3640E-04 1.2738E-03 7.0851E-04 1.5412E-03 1.2550E-03 4.5161E-04 4.5779E-04 5.1280E-04 8.7707E-04 1.0592E-03 1.2355E-03 1.5711E-03 1.0797E-03 1.1545E-03 1.3094E-03 5.3048E-04 2.5627E-04 2.1078E-04 1.5200E-04 0
 0 1.0251E-04 2.3228E-04 3.7779E-04 8.0640E-04 2.0192E-04 1.2933E-03 7.9257E-04 1.5013E-03 1.1577E-03 3.9184E-04 5.8554E-04 5.4577E-04 8.5524E-04 9.3840E-04 1.2075E-03 1.4666E-03 1.0446E-03 1.0424E-03 1.5406E-03 5.2133E-04 2.5399E-04 2.3637E-04 1.6727E-04 0
 0 1.1858E-04 2.5602E-04 4.1650E-04 7.9824E-04 1.9700E-04 1.3044E-03 8.2259E-04 1.4245E-03 1.3114E-03 4.0844E-04 5.1812E-04 6.3368E-04 7.9337E-04 1.0699E-03 1.1655E-03 1.4945E-03 9.7071E-04 1.0604E-03 1.3805E-03 5.3962E-04 2.7000E-04 2.3185E-04 1.5490E-04 0
 0 1.2964E-04 2.1369E-04 4.1185E-04 8.1661E-04 1.9700E-04 1.2154E-03 8.1959E-04 1.5934E-03 1.2518E-03 4.1508E-04 5.5715E-04 5.5309E-04 8.8435E-04 1.0024E-03 1.0955E-03 1.5816E-03 8.0541E-04 1.1545E-03 1.2951E-03 5.9145E-04 2.7687E-04 2.3938E-04 1.4545E-04 0
 0 1.0351E-04 2.3744E-04 3.5611E-04 7.1862E-04 2.0931E-04 1.4435E-03 8.1058E-04 1.5535E-03 1.2079E-03 4.0844E-04 6.1038E-04 6.0804E-04 8.1157E-04 9.4550E-04 1.3334E-03 1.4492E-03 8.2651E-04 1.0424E-03 1.4873E-03 5.4877E-04 2.9746E-04 2.2433E-04 1.5272E-04 0
 0 1.3064E-04 2.3228E-04 3.3289E-04 7.9007E-04 2.0931E-04 1.2321E-03 8.0158E-04 1.4706E-03 1.1765E-03 3.6195E-04 5.4651E-04 5.3112E-04 8.2612E-04 1.0877E-03 1.2110E-03 1.4701E-03 1.1114E-03 1.3355E-03 1.3805E-03 6.1584E-04 2.6085E-04 2.2734E-04 1.5054E-04 0
 0 8.9943E-05 2.3744E-04 4.2114E-04 8.3294E-04 2.0439E-04 1.1403E-03 7.5955E-04 1.5044E-03 1.2644E-03 3.6195E-04 5.4651E-04 5.2013E-04 9.2075E-04 1.1694E-03 1.1900E-03 1.4144E-03 9.7071E-04 1.1401E-03 1.5122E-03 5.6706E-04 2.6314E-04 1.9572E-04 1.5272E-04 0
 0 9.8988E-05 2.2815E-04 3.7005E-04 7.6965E-04 2.3886E-04 1.3044E-03 7.8657E-04 1.4184E-03 1.1671E-03 3.7191E-04 4.5779E-04 5.9338E-04 7.7881E-04 1.1659E-03 1.2320E-03 1.2715E-03 1.0164E-03 1.0243E-03 1.4908E-03 6.4023E-04 3.0433E-04 2.1078E-04 1.5127E-04 0
 0 9.0948E-05 1.9098E-04 3.9792E-04 7.3087E-04 2.0685E-04 1.2989E-03 7.9557E-04 1.3601E-03 1.1640E-03 3.9184E-04 5.5715E-04 6.0804E-04 9.7534E-04 9.8816E-04 1.1620E-03 1.2889E-03 9.3554E-04 1.0568E-03 1.4623E-03 6.0365E-04 2.1738E-04 2.4239E-04 1.5781E-04 0
 0 1.0602E-04 2.0234E-04 3.4682E-04 8.8806E-04 2.1177E-04 1.5047E-03 7.8657E-04 1.4338E-03 1.1608E-03 3.3206E-04 5.3586E-04 5.8240E-04 7.6062E-04 8.1399E-04 1.3999E-03 1.4492E-03 9.6016E-04 1.1039E-03 1.5798E-03 5.4572E-04 2.6772E-04 2.4540E-04 1.6945E-04 0
 0 1.1909E-04 1.9098E-04 3.9482E-04 6.5125E-04 2.0192E-04 1.3100E-03 8.8263E-04 1.5289E-03 1.1953E-03 4.0844E-04 4.6843E-04 5.7507E-04 8.6980E-04 1.0059E-03 1.1655E-03 1.3621E-03 8.1596E-04 1.0568E-03 1.4908E-03 4.4816E-04 2.9289E-04 2.3336E-04 1.3672E-04 0
 0 1.0502E-04 1.9924E-04 3.2360E-04 7.3495E-04 2.0439E-04 1.2516E-03 6.9050E-04 1.3601E-03 1.1922E-03 4.2836E-04 5.6070E-04 4.4321E-04 7.8609E-04 1.1303E-03 1.1725E-03 1.4910E-03 8.8278E-04 1.0460E-03 1.3521E-03 5.9755E-04 2.5399E-04 1.9873E-04 1.3672E-04 0
 0 1.0301E-04 2.3228E-04 3.1276E-04 7.6965E-04 1.9207E-04 1.4574E-03 7.3553E-04 1.4491E-03 1.2173E-03 4.2504E-04 5.3941E-04 4.3222E-04 8.7344E-04 9.7750E-04 1.0675E-03 1.4701E-03 8.4410E-04 1.0315E-03 1.4730E-03 5.0304E-04 2.5627E-04 2.1981E-04 1.6509E-04 0
 0 1.0502E-04 1.8376E-04 3.3444E-04 7.5945E-04 2.4871E-04 1.2043E-03 8.3760E-04 1.4829E-03 1.1326E-03 3.8519E-04 4.0810E-04 4.6152E-04 9.0619E-04 1.0877E-03 1.3159E-03 1.4840E-03 7.8430E-04 1.0713E-03 1.3271E-03 4.4511E-04 1.9678E-04 2.1981E-04 1.5709E-04 0
 0 1.0200E-04 2.1679E-04 3.4527E-04 7.9007E-04 2.0192E-04 1.2126E-03 7.8056E-04 1.7009E-03 1.2518E-03 3.2210E-04 5.9974E-04 6.3734E-04 8.0065E-04 1.1303E-03 1.3789E-03 1.2262E-03 9.3906E-04 1.0496E-03 1.3200E-03 5.6097E-04 2.6085E-04 1.6410E-04 1.7527E-04 0
 0 9.9993E-05 1.8892E-04 4.0256E-04 7.2882E-04 1.8961E-04 1.2405E-03 7.7756E-04 1.3539E-03 1.1608E-03 4.4497E-04 5.0392E-04 6.0804E-04 7.4606E-04 8.6731E-04 1.2145E-03 1.3516E-03 9.1444E-04 1.0496E-03 1.3947E-03 5.2133E-04 2.1051E-04 1.8518E-04 1.4909E-04 0
 0 8.9441E-05 2.1473E-04 3.7624E-04 7.4924E-04 1.8222E-04 1.1932E-03 8.4961E-04 1.5504E-03 1.1514E-03 3.2542E-04 4.1520E-04 5.1646E-04 9.3530E-04 1.1339E-03 1.3509E-03 1.3621E-03 8.6168E-04 9.7721E-04 1.3876E-03 5.0304E-04 3.0433E-04 1.8669E-04 1.2654E-04 0
 0 1.1306E-04 2.0647E-04 3.2515E-04 7.0433E-04 2.0685E-04 1.3128E-03 7.9257E-04 1.5566E-03 1.2236E-03 3.7523E-04 6.1393E-04 4.7984E-04 8.0429E-04 1.0983E-03 1.2495E-03 1.2924E-03 9.6016E-04 9.8806E-04 1.2346E-03 5.7316E-04 2.2653E-04 2.1680E-04 1.3672E-04 0
 0 8.8436E-05 2.0956E-04 3.3598E-04 8.5540E-04 1.5021E-04 1.2099E-03 8.1058E-04 1.3386E-03 1.1797E-03 3.8852E-04 5.8909E-04 5.1280E-04 6.5872E-04 9.3484E-04 1.2005E-03 1.3795E-03 9.0740E-04 1.1437E-03 1.6367E-03 3.7499E-04 2.6085E-04 1.9572E-04 1.4181E-04 0
 0 9.4466E-05 2.0440E-04 3.7469E-04 8.4111E-04 1.9700E-04 1.2933E-03 7.9257E-04 1.3417E-03 1.2487E-03 3.6527E-04 5.3231E-04 4.7984E-04 7.5334E-04 9.0641E-04 1.1340E-03 1.4109E-03 7.2100E-04 1.0930E-03 1.3947E-03 5.0609E-04 2.0365E-04 2.4992E-04 1.6072E-04 0
 0 1.0653E-04 2.1060E-04 3.2824E-04 7.2678E-04 1.9700E-04 1.2405E-03 8.3460E-04 1.3478E-03 1.2016E-03 3.8187E-04 4.3649E-04 5.5309E-04 8.4796E-04 9.0996E-04 1.0815E-03 1.3900E-03 7.9837E-04 9.1568E-04 1.2097E-03 5.7621E-04 2.7458E-04 2.2583E-04 1.5563E-04 0
 0 1.1959E-04 1.8066E-04 4.0256E-04 7.9619E-04 2.3886E-04 1.3211E-03 7.6555E-04 1.4982E-03 1.0134E-03 4.5161E-04 4.8618E-04 5.8606E-04 8.1157E-04 9.4906E-04 1.1515E-03 1.4387E-03 7.5617E-04 1.1075E-03 1.3307E-03 4.8170E-04 2.0136E-04 1.8669E-04 1.5781E-04 0
 0 1.1255E-04 2.1885E-04 3.5302E-04 7.0228E-04 1.6745E-04 1.1904E-03 7.7155E-04 1.5320E-03 1.0636E-03 2.6233E-04 4.2230E-04 5.1280E-04 7.6062E-04 9.1707E-04 1.0675E-03 1.2924E-03 7.3858E-04 1.0677E-03 1.3698E-03 4.7865E-04 2.2195E-04 1.8669E-04 1.6000E-04 0
 0 9.4466E-05 2.0750E-04 3.9327E-04 6.9003E-04 2.0931E-04 1.2432E-03 6.9350E-04 1.2987E-03 1.1797E-03 3.6859E-04 5.1812E-04 4.5053E-04 8.2976E-04 8.9930E-04 1.2739E-03 1.3586E-03 8.0189E-04 1.0460E-03 1.1670E-03 5.8231E-04 2.4941E-04 2.2583E-04 1.4036E-04 0
 0 1.0401E-04 2.0337E-04 3.4992E-04 7.4516E-04 1.6006E-04 1.3406E-03 7.0250E-04 1.2557E-03 1.1169E-03 3.7191E-04 5.9619E-04 5.8972E-04 6.6236E-04 9.5972E-04 1.0780E-03 1.1879E-03 7.2803E-04 9.5911E-04 1.1706E-03 4.3902E-04 2.7229E-04 2.0174E-04 1.4109E-04 0
 0 1.0954E-04 2.3021E-04 3.8243E-04 7.0841E-04 1.8715E-04 1.1403E-03 7.4454E-04 1.5443E-03 1.1797E-03 4.5825E-04 5.3941E-04 5.1280E-04 7.3514E-04 9.3129E-04 9.9396E-04 1.2053E-03 6.9286E-04 1.0243E-03 1.2168E-03 5.0609E-04 1.8992E-04 2.0475E-04 1.4836E-04 0
 0 1.2311E-04 2.1266E-04 3.4992E-04 7.0228E-04 1.8715E-04 1.3573E-03 7.3853E-04 1.3693E-03 1.2048E-03 3.6195E-04 4.7198E-04 4.6152E-04 7.3514E-04 7.9621E-04 1.0255E-03 1.2228E-03 7.7727E-04 9.5911E-04 1.3271E-03 5.0914E-04 2.1738E-04 1.9723E-04 1.4036E-04 0
 0 1.1155E-04 2.0131E-04 3.2205E-04 8.0232E-04 1.7237E-04 1.2154E-03 7.8957E-04 1.3079E-03 1.2142E-03 3.6195E-04 5.2166E-04 4.5786E-04 7.7517E-04 9.2062E-04 1.1445E-03 1.3516E-03 9.7071E-04 1.0025E-03 1.3556E-03 4.2377E-04 2.5399E-04 2.1228E-04 1.4400E-04 0
 0 1.0602E-04 2.2711E-04 3.4218E-04 7.8599E-04 1.7976E-04 1.1320E-03 6.2145E-04 1.2219E-03 1.1420E-03 3.2210E-04 4.5424E-04 4.9815E-04 7.6426E-04 9.2062E-04 1.1025E-03 1.2437E-03 8.6520E-04 9.6635E-04 1.3947E-03 5.0609E-04 2.7229E-04 1.9271E-04 1.4254E-04 0
 0 1.0301E-04 2.0543E-04 3.3908E-04 7.1249E-04 1.6499E-04 1.2154E-03 7.0250E-04 1.2987E-03 1.1138E-03 3.9516E-04 3.7262E-04 4.4687E-04 7.7153E-04 8.8508E-04 1.2600E-03 1.2332E-03 7.9134E-04 1.0496E-03 1.2311E-03 4.5731E-04 2.1966E-04 1.9873E-04 1.5418E-04 0
 0 1.0200E-04 2.2092E-04 3.3289E-04 7.4720E-04 1.8222E-04 1.2599E-03 7.3553E-04 1.3601E-03 1.2016E-03 4.1508E-04 4.6134E-04 4.9082E-04 6.9511E-04 8.7086E-04 1.0640E-03 1.2506E-03 9.0037E-04 9.7359E-04 1.0994E-03 5.1828E-04 2.4483E-04 1.8669E-04 1.2945E-04 0
 0 1.1155E-04 2.3847E-04 3.5147E-04 7.9211E-04 1.5760E-04 1.0986E-03 7.6555E-04 1.3601E-03 1.1295E-03 4.2172E-04 4.3295E-04 4.8350E-04 6.3688E-04 8.0688E-04 1.1165E-03 1.3691E-03 8.1596E-04 9.0120E-04 1.3414E-03 5.0304E-04 2.1509E-04 1.8819E-04 1.5563E-04 0
 0 1.2461E-04 2.3124E-04 3.8553E-04 7.6557E-04 1.6499E-04 1.2905E-03 7.7155E-04 1.2987E-03 1.2487E-03 4.2172E-04 5.6070E-04 5.2013E-04 7.0603E-04 8.8863E-04 1.0080E-03 1.2715E-03 7.2451E-04 9.0120E-04 1.3022E-03 4.4207E-04 3.0890E-04 2.2884E-04 1.4618E-04 0
 0 9.7480E-05 2.1060E-04 3.7934E-04 7.5128E-04 1.4775E-04 1.3907E-03 7.5654E-04 1.2710E-03 1.1232E-03 2.9886E-04 4.4714E-04 3.5530E-04 7.1331E-04 1.0379E-03 8.8547E-04 1.3273E-03 8.1948E-04 9.4825E-04 1.2809E-03 5.2438E-04 2.7000E-04 2.0475E-04 1.5054E-04 0
 0 1.0653E-04 2.4466E-04 3.9947E-04 7.5128E-04 1.5760E-04 1.1904E-03 7.4153E-04 1.2281E-03 1.1734E-03 3.1214E-04 4.1165E-04 3.7728E-04 7.2786E-04 7.8555E-04 1.0220E-03 1.2053E-03 8.3003E-04 8.7587E-04 1.3770E-03 5.2743E-04 2.2424E-04 1.8217E-04 1.7454E-04 0
 0 1.0552E-04 2.0956E-04 3.8243E-04 7.0841E-04 1.6252E-04 1.2432E-03 6.7248E-04 1.3846E-03 1.1389E-03 3.0882E-04 4.5779E-04 4.6885E-04 6.9511E-04 8.7086E-04 1.0150E-03 1.2088E-03 7.6320E-04 8.8310E-04 1.1350E-03 4.6036E-04 2.6085E-04 2.3788E-04 1.4109E-04 0
 0 1.1557E-04 2.2092E-04 3.4992E-04 7.8599E-04 1.2559E-04 1.2432E-03 7.4153E-04 1.3171E-03 1.1263E-03 4.4497E-04 3.5487E-04 4.3588E-04 7.4242E-04 8.2821E-04 1.2495E-03 1.0834E-03 8.9685E-04 9.6997E-04 1.2453E-03 4.3902E-04 2.3797E-04 1.4303E-04 1.4618E-04 0
 0 1.0753E-04 2.2711E-04 3.7469E-04 7.7986E-04 1.7730E-04 1.1765E-03 6.8449E-04 1.3754E-03 1.0291E-03 3.8852E-04 4.0101E-04 4.7617E-04 6.8783E-04 7.7133E-04 8.3297E-04 1.2262E-03 6.4714E-04 1.1690E-03 1.1492E-03 4.6645E-04 2.1738E-04 1.6410E-04 1.4472E-04 0
 0 1.0251E-04 2.1989E-04 3.9018E-04 8.0640E-04 1.4529E-04 1.2488E-03 6.5447E-04 1.3570E-03 1.2424E-03 3.7855E-04 3.4068E-04 4.1390E-04 6.5872E-04 7.6778E-04 1.1375E-03 1.1566E-03 7.0693E-04 1.0243E-03 1.1884E-03 5.4267E-04 1.8076E-04 2.2884E-04 1.4836E-04 0
 0 9.3461E-05 1.8376E-04 3.5147E-04 7.3699E-04 1.7484E-04 1.2627E-03 6.3346E-04 1.2803E-03 1.0228E-03 3.1546E-04 4.8263E-04 4.5420E-04 7.4242E-04 7.0380E-04 1.1130E-03 1.2053E-03 7.5265E-04 8.9034E-04 1.1706E-03 5.0914E-04 2.0822E-04 2.0475E-04 1.2072E-04 0
 0 1.2562E-04 1.9305E-04 3.5147E-04 7.6149E-04 1.6252E-04 1.2488E-03 6.5747E-04 1.2925E-03 1.1295E-03 3.1878E-04 4.5424E-04 4.9449E-04 6.4780E-04 8.4598E-04 9.6946E-04 1.1775E-03 7.3155E-04 9.1206E-04 1.2489E-03 4.2987E-04 2.2653E-04 2.0174E-04 1.3163E-04 0
 0 1.0251E-04 2.1473E-04 3.7934E-04 6.7779E-04 1.5021E-04 1.3239E-03 6.8449E-04 1.3908E-03 1.0291E-03 3.9184E-04 4.1875E-04 5.2013E-04 7.3514E-04 7.3579E-04 9.9746E-04 1.1357E-03 7.2803E-04 9.6273E-04 1.3236E-03 4.9694E-04 2.3797E-04 1.8518E-04 1.4909E-04 0
 0 9.7983E-05 2.3228E-04 3.4063E-04 7.5128E-04 2.0439E-04 1.1264E-03 6.8449E-04 1.4552E-03 1.1608E-03 3.0882E-04 4.4004E-04 4.1390E-04 6.0413E-04 7.8555E-04 9.7296E-04 1.2332E-03 7.8782E-04 8.9396E-04 1.0567E-03 5.1219E-04 1.8992E-04 2.0174E-04 1.4545E-04 0
 0 1.2009E-04 2.0440E-04 3.3753E-04 6.9616E-04 1.6252E-04 1.3156E-03 7.1752E-04 1.1759E-03 1.0197E-03 3.6859E-04 5.2166E-04 5.3844E-04 7.7517E-04 7.5356E-04 9.5546E-04 1.1357E-03 8.2299E-04 9.8082E-04 1.1243E-03 5.1523E-04 2.3568E-04 2.1379E-04 1.3672E-04 0
 0 9.5471E-05 2.0750E-04 3.3134E-04 8.1457E-04 2.0685E-04 1.2850E-03 7.3253E-04 1.4860E-03 1.1953E-03 3.7523E-04 4.4004E-04 4.9815E-04 7.1694E-04 8.3887E-04 1.0325E-03 1.1705E-03 6.9638E-04 8.4329E-04 1.2595E-03 4.9999E-04 2.1051E-04 1.5959E-04 1.3600E-04 0
 0 1.0803E-04 2.1885E-04 3.6695E-04 7.7782E-04 1.8715E-04 1.1709E-03 8.3460E-04 1.3601E-03 1.1734E-03 3.0218E-04 4.1520E-04 3.6262E-04 7.8609E-04 9.3840E-04 1.0080E-03 1.1635E-03 6.8583E-04 9.5549E-04 1.2275E-03 3.8109E-04 2.3797E-04 2.2131E-04 1.6145E-04 0
 0 1.0703E-04 2.0131E-04 3.5611E-04 7.1862E-04 1.4282E-04 1.1487E-03 6.1244E-04 1.2495E-03 1.0542E-03 3.3539E-04 3.0874E-04 4.3222E-04 7.1331E-04 7.0380E-04 9.9746E-04 1.1670E-03 7.1396E-04 9.0482E-04 1.1386E-03 4.3597E-04 2.3339E-04 2.0626E-04 1.4254E-04 0
 0 1.1004E-04 1.9305E-04 3.3908E-04 6.5737E-04 1.7730E-04 1.2349E-03 7.1151E-04 1.3324E-03 1.2581E-03 3.1214E-04 3.5487E-04 4.5053E-04 7.7517E-04 7.3223E-04 1.0290E-03 1.0730E-03 6.6121E-04 7.8900E-04 1.1386E-03 4.7560E-04 2.1509E-04 2.1078E-04 1.6290E-04 0
 0 1.2964E-04 2.0234E-04 4.0256E-04 6.9820E-04 1.4036E-04 1.2516E-03 6.7849E-04 1.2342E-03 1.1389E-03 3.3539E-04 3.5842E-04 3.4431E-04 6.9147E-04 8.7797E-04 9.2396E-04 1.0451E-03 7.6320E-04 7.3471E-04 1.2168E-03 4.6341E-04 2.3797E-04 2.2282E-04 1.3091E-04 0
 0 1.1507E-04 1.8892E-04 3.5302E-04 7.6965E-04 2.3394E-04 1.2154E-03 6.3946E-04 1.1636E-03 1.1044E-03 2.6233E-04 4.6488E-04 4.8716E-04 6.1868E-04 9.2418E-04 9.5196E-04 1.0904E-03 7.1748E-04 9.1206E-04 1.1208E-03 4.3902E-04 2.1051E-04 1.6260E-04 1.3381E-04 0
 0 9.3461E-05 2.4776E-04 3.2360E-04 7.2066E-04 1.2559E-04 1.2182E-03 7.3853E-04 1.2465E-03 1.0950E-03 2.8890E-04 3.9746E-04 4.4687E-04 6.5872E-04 6.0072E-04 8.7847E-04 1.0590E-03 6.6824E-04 8.6139E-04 1.1421E-03 5.9450E-04 2.6085E-04 2.0927E-04 1.3672E-04 0
 0 1.2311E-04 1.7756E-04 3.3444E-04 6.7779E-04 1.8469E-04 1.1709E-03 8.1358E-04 1.2311E-03 1.0197E-03 3.3206E-04 3.3358E-04 4.2489E-04 5.2406E-04 7.6778E-04 8.3297E-04 1.1078E-03 6.5769E-04 8.4329E-04 1.1884E-03 4.1158E-04 2.4712E-04 1.8970E-04 1.2000E-04 0
 0 1.0301E-04 1.9718E-04 3.1586E-04 6.8391E-04 1.8469E-04 1.2126E-03 6.6348E-04 1.2281E-03 1.1483E-03 3.9848E-04 4.7198E-04 4.6518E-04 5.7865E-04 8.0332E-04 8.9596E-04 1.0904E-03 5.8032E-04 7.9624E-04 1.0710E-03 5.0304E-04 2.5170E-04 2.0475E-04 1.4181E-04 0
 0 1.0853E-04 2.2505E-04 3.7624E-04 6.7370E-04 1.5760E-04 1.1876E-03 7.0851E-04 1.3601E-03 1.0134E-03 3.7855E-04 4.7908E-04 3.3332E-04 5.8957E-04 8.1754E-04 1.0185E-03 1.0207E-03 6.7879E-04 9.9892E-04 1.1243E-03 4.7560E-04 1.9678E-04 1.7615E-04 1.3963E-04 0
 0 1.0853E-04 1.9821E-04 3.5611E-04 7.8394E-04 1.6991E-04 1.1431E-03 7.0851E-04 1.2649E-03 1.0259E-03 2.8890E-04 4.2585E-04 3.5530E-04 5.5318E-04 7.5001E-04 9.0996E-04 1.0730E-03 7.4210E-04 8.3243E-04 1.1492E-03 4.4511E-04 2.2653E-04 1.9271E-04 1.4545E-04 0
 0 1.1406E-04 2.0543E-04 3.4837E-04 8.4111E-04 1.7237E-04 1.0764E-03 6.7849E-04 1.2311E-03 9.5377E-04 3.7191E-04 4.2230E-04 4.1757E-04 6.6963E-04 9.2773E-04 8.9946E-04 1.0625E-03 6.0142E-04 9.2292E-04 1.1457E-03 4.1768E-04 2.0593E-04 1.7464E-04 1.5127E-04 0
 0 1.1406E-04 2.1885E-04 3.1586E-04 7.4107E-04 1.7976E-04 1.0958E-03 7.6855E-04 1.2250E-03 1.1232E-03 3.2210E-04 3.0519E-04 4.0292E-04 6.4780E-04 8.1754E-04 1.1725E-03 1.1357E-03 6.4362E-04 8.1796E-04 1.1919E-03 4.3292E-04 1.7390E-04 1.7013E-04 1.5854E-04 0
 0 1.1105E-04 1.7756E-04 3.1740E-04 7.0433E-04 1.9700E-04 1.0819E-03 7.6855E-04 1.3386E-03 9.5691E-04 2.9554E-04 4.7198E-04 4.1757E-04 5.3134E-04 8.9930E-04 1.0080E-03 9.4058E-04 6.8583E-04 8.6501E-04 1.0639E-03 3.9024E-04 2.4026E-04 1.9723E-04 1.3454E-04 0
 0 1.0351E-04 2.1369E-04 3.5147E-04 7.4924E-04 1.5021E-04 1.2182E-03 6.3646E-04 1.2772E-03 9.2867E-04 3.3871E-04 3.5842E-04 3.7361E-04 5.3134E-04 6.0427E-04 8.6097E-04 1.0521E-03 5.6273E-04 8.3243E-04 1.1208E-03 4.7255E-04 2.1738E-04 2.2282E-04 1.5418E-04 0
 0 1.0200E-04 1.8892E-04 3.7624E-04 6.9616E-04 1.6252E-04 1.1542E-03 6.6948E-04 1.3785E-03 1.0604E-03 3.0550E-04 3.9391E-04 5.0181E-04 6.2232E-04 8.0332E-04 8.2247E-04 1.0207E-03 6.7528E-04 8.5777E-04 1.1172E-03 3.9633E-04 1.7161E-04 2.0174E-04 1.2727E-04 0
 0 1.0452E-04 1.9614E-04 2.9883E-04 7.4924E-04 1.4775E-04 1.1765E-03 7.2052E-04 1.2895E-03 1.0573E-03 2.8890E-04 3.8326E-04 4.7617E-04 6.4780E-04 7.5356E-04 9.5896E-04 1.0277E-03 7.1045E-04 7.2024E-04 1.0745E-03 4.5121E-04 1.9907E-04 1.8066E-04 1.3163E-04 0
 0 1.1708E-04 2.1060E-04 3.2515E-04 6.3287E-04 1.6745E-04 1.1876E-03 6.0944E-04 1.1482E-03 1.0134E-03 3.0550E-04 3.0164E-04 3.9925E-04 6.2232E-04 6.2204E-04 8.0147E-04 1.0730E-03 5.8735E-04 7.6005E-04 9.7846E-04 4.1463E-04 2.4026E-04 1.9421E-04 1.6363E-04 0
 0 1.0803E-04 2.0647E-04 3.1431E-04 7.3087E-04 1.3544E-04 1.1654E-03 6.4847E-04 1.4276E-03 1.0228E-03 3.6527E-04 4.3295E-04 4.8716E-04 6.8419E-04 7.3223E-04 9.3096E-04 1.0625E-03 6.6121E-04 8.1434E-04 1.0603E-03 4.4511E-04 1.9907E-04 1.8368E-04 1.3600E-04 0
 0 1.2059E-04 2.3331E-04 3.1431E-04 6.2675E-04 1.4529E-04 1.1125E-03 5.8542E-04 1.1175E-03 1.0102E-03 2.3577E-04 4.0101E-04 2.9669E-04 5.8229E-04 7.6067E-04 9.1346E-04 1.0312E-03 6.7528E-04 7.8538E-04 1.1777E-03 4.1158E-04 2.1280E-04 1.8970E-04 1.3527E-04 0
 0 1.0150E-04 2.0647E-04 3.7624E-04 7.4311E-04 1.4036E-04 1.3378E-03 6.9650E-04 1.2772E-03 1.0824E-03 3.2542E-04 4.4359E-04 3.9559E-04 5.8957E-04 7.6067E-04 8.7147E-04 1.0521E-03 6.6121E-04 7.9986E-04 1.0389E-03 4.4816E-04 2.1280E-04 1.8970E-04 1.3745E-04 0
 0 1.0552E-04 1.8685E-04 3.0192E-04 7.4311E-04 1.5021E-04 1.2571E-03 7.1151E-04 1.1974E-03 9.8200E-04 2.3245E-04 4.3649E-04 3.2966E-04 4.6583E-04 5.9005E-04 1.0185E-03 1.0381E-03 5.5921E-04 8.7587E-04 1.0461E-03 5.1828E-04 2.4255E-04 2.1529E-04 1.3600E-04 0
 0 1.1306E-04 1.6827E-04 3.1740E-04 6.9412E-04 1.4775E-04 1.2293E-03 6.4847E-04 1.2495E-03 1.1420E-03 3.1878E-04 4.1520E-04 3.7728E-04 5.1678E-04 6.8958E-04 8.6797E-04 1.0277E-03 6.5417E-04 8.2881E-04 1.0212E-03 3.9938E-04 1.9678E-04 1.8217E-04 1.4981E-04 0
 0 1.0904E-04 2.0750E-04 3.0811E-04 6.6145E-04 1.9946E-04 1.2460E-03 6.5147E-04 1.2403E-03 8.8475E-04 2.7561E-04 3.9746E-04 3.3698E-04 4.8767E-04 6.3271E-04 8.0497E-04 1.0555E-03 5.5921E-04 7.2386E-04 1.0283E-03 4.1158E-04 1.6475E-04 1.7464E-04 1.4181E-04 0
 0 9.0446E-05 1.6001E-04 3.5302E-04 7.5945E-04 1.4282E-04 1.1737E-03 6.6648E-04 1.2680E-03 1.1075E-03 2.6897E-04 3.7617E-04 3.2966E-04 5.3134E-04 7.5001E-04 9.0296E-04 9.0574E-04 5.9438E-04 8.0348E-04 1.0959E-03 3.7194E-04 2.5170E-04 2.2583E-04 1.3890E-04 0
 0 1.1456E-04 1.9821E-04 2.9108E-04 6.7166E-04 1.5021E-04 1.3267E-03 6.6648E-04 1.1789E-03 9.6632E-04 3.2542E-04 3.2648E-04 3.1134E-04 5.2770E-04 7.1091E-04 8.0847E-04 1.0172E-03 6.1900E-04 7.6005E-04 1.0781E-03 3.4451E-04 1.6017E-04 1.8066E-04 1.4181E-04 0
 0 1.0301E-04 2.2402E-04 3.4992E-04 6.5941E-04 1.3790E-04 1.1848E-03 7.0851E-04 1.1789E-03 9.1298E-04 3.2542E-04 3.3358E-04 3.7361E-04 6.0049E-04 7.0380E-04 8.1197E-04 1.0068E-03 5.5921E-04 8.6501E-04 1.0140E-03 3.8109E-04 1.6704E-04 1.9120E-04 1.4109E-04 0
 0 9.5471E-05 1.8892E-04 3.3598E-04 6.8391E-04 1.5760E-04 1.1209E-03 6.1544E-04 1.1145E-03 1.0667E-03 2.5569E-04 3.1229E-04 3.8094E-04 6.0777E-04 6.5759E-04 8.2597E-04 9.6845E-04 6.0493E-04 7.2386E-04 1.0888E-03 4.5426E-04 1.8992E-04 2.1379E-04 1.4618E-04 0
 0 1.0753E-04 1.5072E-04 3.2669E-04 6.9208E-04 1.1820E-04 1.2766E-03 6.1844E-04 1.2956E-03 1.0353E-03 3.2542E-04 3.5842E-04 3.5164E-04 5.0586E-04 7.2157E-04 7.7347E-04 9.3013E-04 7.0693E-04 8.2158E-04 1.1670E-03 3.5365E-04 2.1738E-04 1.8066E-04 1.3236E-04 0
 0 1.0150E-04 1.8479E-04 3.0347E-04 7.3291E-04 1.5021E-04 1.1348E-03 7.2052E-04 1.2772E-03 1.0510E-03 2.5237E-04 2.4841E-04 4.0292E-04 5.8593E-04 6.7181E-04 7.9097E-04 1.0312E-03 5.5218E-04 7.3109E-04 9.7134E-04 3.5975E-04 1.7619E-04 1.8518E-04 1.3818E-04 0
 0 1.2160E-04 1.9098E-04 3.4218E-04 6.6758E-04 2.0192E-04 1.1876E-03 5.6140E-04 1.1175E-03 9.2553E-04 2.8225E-04 3.4423E-04 2.9303E-04 5.7865E-04 6.9313E-04 8.5747E-04 8.5349E-04 4.9942E-04 8.0348E-04 1.0247E-03 3.9938E-04 2.3339E-04 2.0325E-04 1.4400E-04 0
 0 1.1306E-04 2.0337E-04 3.4063E-04 7.4311E-04 1.6745E-04 1.0569E-03 6.2145E-04 1.2710E-03 9.6318E-04 2.9222E-04 2.8745E-04 2.7838E-04 6.5872E-04 6.6114E-04 9.5546E-04 9.5451E-04 6.4362E-04 7.3471E-04 1.0567E-03 3.9938E-04 2.1051E-04 1.6561E-04 1.4400E-04 0
 0 1.1557E-04 2.3640E-04 2.9883E-04 6.0021E-04 1.5267E-04 1.0291E-03 5.8842E-04 1.1605E-03 9.5691E-04 2.9222E-04 3.0164E-04 3.0036E-04 6.2960E-04 7.4645E-04 8.4347E-04 1.0312E-03 5.3811E-04 7.6005E-04 1.0710E-03 4.1463E-04 2.1051E-04 1.7013E-04 1.5345E-04 0
 0 9.6978E-05 2.2505E-04 3.5147E-04 6.7983E-04 1.6252E-04 1.1097E-03 5.7341E-04 1.1974E-03 1.1106E-03 2.8890E-04 3.0519E-04 3.5530E-04 5.3134E-04 6.2560E-04 7.2447E-04 1.0973E-03 5.6273E-04 6.7319E-04 9.1797E-04 4.0243E-04 2.0593E-04 2.0475E-04 1.4763E-04 0
 0 1.2009E-04 2.2505E-04 3.0192E-04 6.8799E-04 1.6499E-04 1.2321E-03 6.9350E-04 1.3263E-03 9.7887E-04 2.8558E-04 2.5906E-04 3.4065E-04 5.1678E-04 6.7181E-04 7.9447E-04 9.6148E-04 6.8231E-04 8.3967E-04 1.1243E-03 3.8109E-04 2.2424E-04 1.7013E-04 1.4545E-04 0
 0 1.1255E-04 2.1266E-04 3.0966E-04 7.2270E-04 1.9454E-04 1.1348E-03 6.2445E-04 1.1360E-03 9.9455E-04 2.9222E-04 3.4068E-04 2.7838E-04 4.1124E-04 6.0427E-04 7.8397E-04 9.5800E-04 5.7328E-04 7.6367E-04 1.0710E-03 3.5365E-04 2.2653E-04 1.8066E-04 1.5418E-04 0
 0 1.1205E-04 1.9821E-04 2.9728E-04 6.3491E-04 1.2066E-04 1.1264E-03 5.9143E-04 1.1482E-03 8.3141E-04 3.0550E-04 3.9036E-04 3.6262E-04 4.6219E-04 7.1091E-04 6.6847E-04 9.5103E-04 6.1549E-04 8.5415E-04 9.4999E-04 4.6341E-04 2.1509E-04 1.5357E-04 1.5200E-04 0
 0 1.0301E-04 2.2505E-04 3.3134E-04 6.8799E-04 1.3297E-04 1.1765E-03 6.0644E-04 1.1360E-03 1.0228E-03 2.7229E-04 3.5842E-04 2.5640E-04 4.8039E-04 6.6470E-04 9.0646E-04 1.0242E-03 5.4163E-04 6.8766E-04 9.5711E-04 3.9938E-04 2.2195E-04 1.7314E-04 1.4618E-04 0
 0 1.0301E-04 1.6724E-04 3.2669E-04 6.9208E-04 1.0835E-04 1.0903E-03 6.1244E-04 1.1759E-03 1.0542E-03 2.7561E-04 2.9455E-04 2.9303E-04 6.0413E-04 6.1849E-04 7.4197E-04 9.6496E-04 5.1701E-04 7.3109E-04 1.0105E-03 4.2682E-04 2.1051E-04 1.7765E-04 1.6945E-04 0
 0 1.0853E-04 1.8788E-04 4.1650E-04 7.7782E-04 1.3544E-04 1.0346E-03 4.4132E-04 1.2188E-03 1.0855E-03 2.7893E-04 2.6970E-04 3.4797E-04 6.0413E-04 6.7181E-04 8.3997E-04 8.3607E-04 4.8535E-04 6.8766E-04 9.8913E-04 3.9938E-04 1.9221E-04 1.8368E-04 1.3890E-04 0
 0 1.0200E-04 1.8376E-04 3.1276E-04 7.0433E-04 1.1327E-04 1.0207E-03 5.5840E-04 1.1145E-03 9.6004E-04 2.4905E-04 2.5196E-04 3.4431E-04 5.2042E-04 7.1446E-04 6.9297E-04 9.4755E-04 5.5570E-04 7.6367E-04 9.7846E-04 3.6280E-04 1.8763E-04 1.6862E-04 1.3600E-04 0
 0 1.0200E-04 1.9201E-04 3.4063E-04 6.7370E-04 1.2312E-04 1.0124E-03 7.1752E-04 1.1513E-03 8.9416E-04 2.3909E-04 3.0874E-04 3.8460E-04 5.6773E-04 5.5451E-04 8.4697E-04 9.2316E-04 6.5769E-04 7.1662E-04 1.0674E-03 3.3841E-04 1.8076E-04 1.8669E-04 1.4400E-04 0
 0 1.0904E-04 2.1885E-04 2.8334E-04 6.7166E-04 1.5267E-04 9.9292E-04 6.3045E-04 1.0684E-03 7.9062E-04 2.0588E-04 3.5132E-04 3.9559E-04 4.1488E-04 6.0072E-04 7.9797E-04 8.1168E-04 5.6625E-04 7.3471E-04 1.0105E-03 4.1158E-04 1.9907E-04 1.8368E-04 1.5127E-04 0
 0 1.0502E-04 1.8272E-04 3.2515E-04 6.0633E-04 1.0589E-04 9.9849E-04 5.7041E-04 1.1175E-03 8.9416E-04 2.3577E-04 3.3713E-04 3.5530E-04 4.4400E-04 5.9005E-04 8.1897E-04 8.2213E-04 4.3260E-04 6.2252E-04 9.2153E-04 4.3902E-04 2.1738E-04 1.8217E-04 1.5272E-04 0
 0 1.1004E-04 1.7446E-04 3.5302E-04 7.5945E-04 1.3051E-04 1.1654E-03 5.2838E-04 1.1206E-03 9.4749E-04 2.5901E-04 3.7617E-04 3.0402E-04 5.4226E-04 6.0427E-04 6.9647E-04 8.5697E-04 5.2053E-04 6.8042E-04 9.9269E-04 3.6890E-04 1.9907E-04 1.7615E-04 1.3890E-04 0
 0 9.4968E-05 2.3331E-04 3.0192E-04 6.7370E-04 1.5760E-04 1.1070E-03 6.3045E-04 1.1022E-03 1.1138E-03 2.1584E-04 3.4068E-04 2.8937E-04 4.9131E-04 5.4740E-04 6.8947E-04 1.0312E-03 5.9087E-04 5.6461E-04 1.0140E-03 2.8353E-04 1.7390E-04 1.3550E-04 1.8399E-04 0
 0 1.1105E-04 1.7963E-04 3.0811E-04 7.7986E-04 1.7976E-04 1.0486E-03 5.8542E-04 1.0531E-03 9.3494E-04 2.7561E-04 3.4778E-04 2.9669E-04 4.4400E-04 5.4029E-04 8.8197E-04 9.8935E-04 6.5417E-04 7.0576E-04 1.0781E-03 3.4451E-04 1.5788E-04 1.7916E-04 1.3890E-04 0
 0 1.0703E-04 1.8169E-04 3.0347E-04 7.5332E-04 1.2312E-04 1.0986E-03 6.0944E-04 1.0776E-03 8.5023E-04 3.1546E-04 3.2648E-04 3.6629E-04 4.8039E-04 6.1493E-04 7.9797E-04 9.3709E-04 5.1701E-04 6.7319E-04 9.6778E-04 3.0487E-04 1.8534E-04 1.6109E-04 1.5200E-04 0
 0 1.0502E-04 1.8272E-04 3.3908E-04 6.5941E-04 1.5760E-04 1.0847E-03 6.0644E-04 1.3355E-03 8.7533E-04 2.4905E-04 3.0164E-04 2.9669E-04 4.9495E-04 6.1493E-04 7.3847E-04 8.0472E-04 5.0997E-04 5.4289E-04 9.5711E-04 3.9024E-04 1.5331E-04 1.5808E-04 1.3672E-04 0
 0 9.8485E-05 2.0543E-04 3.4063E-04 7.1045E-04 1.4529E-04 9.7902E-04 6.1844E-04 1.1697E-03 1.0134E-03 2.4573E-04 2.9100E-04 3.7361E-04 4.4036E-04 5.1896E-04 6.2998E-04 9.6148E-04 5.6976E-04 6.5509E-04 9.5355E-04 4.2987E-04 1.6246E-04 1.7916E-04 1.1054E-04 0
 0 1.0050E-04 2.2402E-04 3.2360E-04 6.6349E-04 1.5760E-04 1.1320E-03 6.4246E-04 1.2250E-03 8.7220E-04 2.7229E-04 3.1939E-04 3.5530E-04 4.6583E-04 6.5048E-04 9.0646E-04 9.2316E-04 5.8383E-04 6.6957E-04 8.9307E-04 4.3902E-04 1.5560E-04 2.0626E-04 1.3745E-04 0
 0 1.1356E-04 1.9098E-04 3.0347E-04 7.1249E-04 1.2559E-04 1.1209E-03 6.3346E-04 1.2526E-03 8.3141E-04 2.3909E-04 2.6970E-04 3.3698E-04 5.6409E-04 5.7939E-04 6.8947E-04 9.6148E-04 5.2053E-04 6.8404E-04 1.0639E-03 3.1097E-04 2.2653E-04 2.1228E-04 1.4836E-04 0
 0 1.0753E-04 1.9821E-04 2.9573E-04 6.3695E-04 1.3297E-04 1.1125E-03 6.5447E-04 1.0868E-03 9.5377E-04 2.8558E-04 3.1939E-04 3.6629E-04 5.2770E-04 6.8602E-04 7.3147E-04 7.6291E-04 5.4866E-04 6.0442E-04 9.9625E-04 3.6280E-04 1.5788E-04 1.6711E-04 1.3600E-04 0
 0 9.9993E-05 1.9305E-04 3.0192E-04 6.5941E-04 1.4775E-04 1.0040E-03 5.1037E-04 1.0684E-03 8.6278E-04 2.1916E-04 3.4423E-04 2.5274E-04 4.9859E-04 5.6162E-04 6.6497E-04 8.8832E-04 6.2604E-04 6.0080E-04 1.0496E-03 4.3292E-04 2.2195E-04 1.8368E-04 1.4109E-04 0
 0 9.4466E-05 1.5691E-04 2.2760E-04 6.9616E-04 1.3544E-04 1.0513E-03 6.6047E-04 1.0807E-03 8.3141E-04 2.1252E-04 2.6616E-04 3.6995E-04 4.0760E-04 4.6920E-04 7.1747E-04 8.5349E-04 5.8032E-04 8.1796E-04 9.2865E-04 3.8414E-04 2.2195E-04 1.4905E-04 1.3818E-04 0
 0 9.7983E-05 2.3434E-04 3.1586E-04 6.5941E-04 1.3297E-04 1.0541E-03 6.5447E-04 1.0684E-03 8.2200E-04 2.2912E-04 3.8326E-04 3.3698E-04 4.9859E-04 6.7892E-04 7.7697E-04 8.9529E-04 4.5018E-04 8.0348E-04 9.0374E-04 3.7499E-04 1.8076E-04 1.7314E-04 1.3890E-04 0
 0 1.0452E-04 2.0027E-04 2.7560E-04 7.6761E-04 1.2805E-04 1.0680E-03 6.2745E-04 1.1605E-03 9.1612E-04 2.1252E-04 2.9809E-04 3.0036E-04 5.2770E-04 5.2252E-04 7.3497E-04 8.6394E-04 4.9591E-04 6.9852E-04 9.3576E-04 4.0243E-04 1.3271E-04 1.7013E-04 1.5490E-04 0
 0 9.6978E-05 1.7550E-04 3.2205E-04 6.2675E-04 1.6991E-04 1.0013E-03 5.3438E-04 1.0561E-03 1.0071E-03 2.4905E-04 3.4068E-04 3.6262E-04 4.4400E-04 6.1493E-04 6.0198E-04 7.9427E-04 5.2404E-04 6.1890E-04 7.5430E-04 3.8719E-04 1.7619E-04 1.6561E-04 1.3163E-04 0
 0 9.8988E-05 1.9098E-04 2.6321E-04 6.0021E-04 1.1820E-04 1.2126E-03 5.1937E-04 1.2004E-03 9.3494E-04 2.6897E-04 3.7971E-04 3.2966E-04 4.8767E-04 5.2252E-04 6.4047E-04 8.8832E-04 6.0142E-04 7.0938E-04 9.7134E-04 4.0548E-04 1.9678E-04 1.8217E-04 1.3745E-04 0
 0 1.0904E-04 1.6930E-04 3.0037E-04 7.5740E-04 1.4529E-04 1.0764E-03 5.8842E-04 1.0899E-03 9.1612E-04 2.4573E-04 2.5196E-04 2.3809E-04 4.5491E-04 5.2252E-04 7.7347E-04 8.1865E-04 5.7328E-04 6.2614E-04 8.8595E-04 2.8963E-04 1.8992E-04 1.8819E-04 1.4545E-04 0
 0 1.0602E-04 2.0956E-04 2.8489E-04 6.3900E-04 1.5760E-04 1.0847E-03 5.8242E-04 1.1390E-03 8.9102E-04 2.3577E-04 3.4778E-04 2.7838E-04 4.3672E-04 5.1896E-04 6.5447E-04 8.3955E-04 4.8887E-04 5.3927E-04 9.9981E-04 3.3841E-04 1.9221E-04 1.7013E-04 1.3745E-04 0
 0 1.0552E-04 1.7963E-04 3.7779E-04 6.0021E-04 1.1574E-04 1.0096E-03 6.1544E-04 1.0469E-03 8.5337E-04 2.2580E-04 3.4068E-04 3.1867E-04 4.1124E-04 6.4337E-04 7.6647E-04 8.5000E-04 4.1853E-04 5.8270E-04 8.9307E-04 3.4451E-04 1.7390E-04 1.7615E-04 1.3672E-04 0
 0 1.0251E-04 1.8479E-04 2.8799E-04 7.9619E-04 1.3790E-04 1.0513E-03 5.9143E-04 1.0162E-03 8.1572E-04 2.5569E-04 3.5132E-04 3.6629E-04 3.7121E-04 6.9669E-04 6.1948E-04 7.1763E-04 5.1349E-04 7.3109E-04 8.8595E-04 3.9633E-04 2.1738E-04 1.9421E-04 1.1854E-04 0
 0 1.1155E-04 1.9305E-04 2.9418E-04 7.4720E-04 1.5760E-04 1.1376E-03 5.6140E-04 1.1114E-03 9.7259E-04 2.0920E-04 3.0519E-04 2.7838E-04 4.9495E-04 5.6162E-04 7.9797E-04 9.2316E-04 5.4866E-04 6.8404E-04 8.7172E-04 3.1097E-04 1.8076E-04 1.5959E-04 1.3454E-04 0
 0 1.0853E-04 2.0027E-04 2.7250E-04 6.7983E-04 1.7484E-04 1.1570E-03 5.4339E-04 1.0009E-03 9.1612E-04 2.3245E-04 3.1229E-04 2.3809E-04 5.0950E-04 5.4740E-04 6.7197E-04 8.4304E-04 4.5722E-04 6.9128E-04 9.2865E-04 3.7499E-04 1.7390E-04 1.8217E-04 1.2945E-04 0
 0 9.5471E-05 2.0956E-04 3.2515E-04 6.6554E-04 1.1820E-04 9.7902E-04 6.0043E-04 1.1053E-03 8.7220E-04 1.7931E-04 2.7325E-04 3.7361E-04 3.5301E-04 5.5806E-04 6.7547E-04 7.7336E-04 5.5921E-04 6.2975E-04 9.0374E-04 3.5060E-04 1.7390E-04 1.6260E-04 1.4254E-04 0
 0 9.9490E-05 1.7653E-04 2.9728E-04 7.0433E-04 1.3790E-04 1.0680E-03 5.3739E-04 1.0684E-03 9.6318E-04 2.2580E-04 2.5551E-04 3.0402E-04 4.4400E-04 5.2962E-04 7.4197E-04 8.9877E-04 5.1701E-04 7.6729E-04 9.0730E-04 3.1402E-04 1.3958E-04 1.4604E-04 1.4327E-04 0
 0 1.1004E-04 2.0543E-04 2.9573E-04 6.4308E-04 1.5760E-04 1.0847E-03 5.3138E-04 1.1574E-03 9.4436E-04 2.1584E-04 3.1229E-04 2.7472E-04 3.9305E-04 4.7986E-04 6.5797E-04 8.7787E-04 5.0646E-04 6.6957E-04 7.8632E-04 2.6524E-04 1.5331E-04 1.5808E-04 1.3818E-04 0
 0 1.0803E-04 1.9408E-04 3.2669E-04 6.5737E-04 1.0096E-04 9.6511E-04 6.1844E-04 9.9780E-04 8.9729E-04 2.5901E-04 2.6970E-04 2.6373E-04 4.7675E-04 6.2560E-04 7.5947E-04 8.8832E-04 4.3963E-04 5.6099E-04 9.0730E-04 3.4146E-04 1.8763E-04 1.6561E-04 1.4545E-04 0
 0 8.1904E-05 2.0131E-04 2.9728E-04 7.5740E-04 1.4775E-04 1.0569E-03 6.9950E-04 1.1605E-03 9.7573E-04 2.3909E-04 3.3713E-04 2.8570E-04 4.6219E-04 5.2607E-04 5.9498E-04 7.8381E-04 4.6074E-04 6.0442E-04 1.0247E-03 2.8353E-04 1.9907E-04 1.5055E-04 1.3745E-04 0
 0 9.7983E-05 2.3537E-04 3.1586E-04 6.1246E-04 1.4282E-04 1.0680E-03 5.5840E-04 1.0623E-03 7.7807E-04 2.6897E-04 3.0519E-04 2.2710E-04 4.2216E-04 6.1138E-04 7.9797E-04 8.1517E-04 5.0997E-04 5.6099E-04 8.6816E-04 3.6890E-04 1.3729E-04 1.7163E-04 1.4109E-04 0
 0 1.2361E-04 1.7343E-04 2.8489E-04 7.5945E-04 1.3051E-04 1.0402E-03 5.2538E-04 1.0746E-03 8.2513E-04 2.5569E-04 3.2648E-04 3.1501E-04 4.8039E-04 4.9763E-04 5.9148E-04 7.3504E-04 3.9039E-04 6.9852E-04 7.9344E-04 2.9878E-04 1.8305E-04 1.3249E-04 1.5054E-04 0
 0 1.0200E-04 1.9408E-04 3.2360E-04 7.0841E-04 1.2066E-04 1.0152E-03 4.9536E-04 1.2557E-03 7.6239E-04 2.5237E-04 3.3358E-04 2.6006E-04 4.0396E-04 5.6162E-04 6.5797E-04 7.3853E-04 4.8535E-04 5.1394E-04 7.9700E-04 4.0243E-04 1.4187E-04 1.7916E-04 1.3381E-04 0
 0 8.9441E-05 1.7446E-04 3.1121E-04 7.8190E-04 1.1327E-04 1.0736E-03 4.8635E-04 1.0469E-03 8.2513E-04 2.2912E-04 3.3358E-04 2.1611E-04 4.4400E-04 4.9053E-04 7.1047E-04 7.5246E-04 5.3811E-04 6.7319E-04 7.4007E-04 3.0182E-04 2.2882E-04 1.8669E-04 1.3963E-04 0
 0 1.0703E-04 1.7963E-04 3.5302E-04 6.6962E-04 1.3790E-04 1.0541E-03 5.6140E-04 1.1083E-03 1.0228E-03 1.9924E-04 3.0164E-04 2.2710E-04 4.5855E-04 5.1185E-04 7.1047E-04 8.0123E-04 5.1701E-04 6.2975E-04 8.1479E-04 3.0792E-04 1.8763E-04 1.7765E-04 1.0618E-04 0
 0 1.1255E-04 1.7446E-04 3.3908E-04 6.0225E-04 1.5267E-04 1.2182E-03 5.5840E-04 1.0500E-03 8.9102E-04 2.1584E-04 3.1229E-04 2.1611E-04 4.6947E-04 5.0119E-04 6.6147E-04 7.8381E-04 4.9591E-04 6.9128E-04 7.9344E-04 3.4146E-04 1.6932E-04 1.5206E-04 1.3818E-04 0
 0 1.0351E-04 1.6104E-04 2.5702E-04 6.1450E-04 1.4036E-04 1.0875E-03 5.1037E-04 1.1329E-03 9.6318E-04 1.9260E-04 3.5132E-04 3.2600E-04 3.6029E-04 5.7583E-04 5.4948E-04 7.3853E-04 4.6425E-04 5.1032E-04 8.0056E-04 3.9329E-04 2.1966E-04 1.7314E-04 1.4545E-04 0
 0 9.5973E-05 2.0234E-04 3.2360E-04 7.5128E-04 6.8950E-05 1.1320E-03 5.1937E-04 1.0807E-03 8.6906E-04 2.4573E-04 3.2293E-04 2.9303E-04 4.5855E-04 4.3365E-04 6.3348E-04 7.7336E-04 3.7281E-04 6.4423E-04 8.7527E-04 3.9024E-04 1.6246E-04 1.6711E-04 1.2654E-04 0
 0 8.3914E-05 1.9718E-04 2.7405E-04 6.6758E-04 1.3051E-04 1.0875E-03 5.7641E-04 9.8859E-04 8.8788E-04 2.0920E-04 3.2648E-04 2.8204E-04 3.3482E-04 4.8697E-04 5.1448E-04 8.4304E-04 4.8887E-04 5.8270E-04 8.7883E-04 2.8048E-04 1.3729E-04 1.4152E-04 1.4036E-04 0
 0 1.0803E-04 1.4866E-04 3.0192E-04 7.4516E-04 1.3544E-04 1.0458E-03 5.6741E-04 1.1083E-03 7.5297E-04 2.3909E-04 2.9455E-04 2.4541E-04 3.8941E-04 5.2252E-04 6.1248E-04 7.4201E-04 4.7832E-04 6.9490E-04 9.4644E-04 3.0792E-04 1.9221E-04 1.9120E-04 1.5127E-04 0
 0 1.0050E-04 1.6724E-04 2.7715E-04 6.3083E-04 1.0589E-04 9.7624E-04 6.1544E-04 1.0254E-03 1.0102E-03 2.9222E-04 3.3003E-04 2.4907E-04 4.7311E-04 4.9763E-04 5.3898E-04 7.5246E-04 5.7328E-04 4.8136E-04 1.0069E-03 3.5060E-04 1.4644E-04 1.6109E-04 1.5345E-04 0
 0 1.0200E-04 2.0131E-04 3.1740E-04 6.8595E-04 9.3575E-05 1.0597E-03 5.8842E-04 1.0807E-03 9.4749E-04 2.3909E-04 1.9518E-04 2.7838E-04 4.0760E-04 4.6920E-04 5.5298E-04 7.4898E-04 4.1853E-04 5.5737E-04 8.9307E-04 3.3231E-04 1.4873E-04 1.6410E-04 1.4181E-04 0
 0 9.0948E-05 1.8272E-04 3.2205E-04 6.2062E-04 1.3544E-04 1.0235E-03 5.7041E-04 1.1421E-03 8.0945E-04 2.6565E-04 2.5906E-04 2.2710E-04 3.9305E-04 4.9408E-04 5.6698E-04 7.8033E-04 3.9743E-04 5.6461E-04 9.5711E-04 2.9268E-04 2.0365E-04 1.6260E-04 1.3672E-04 0
 0 1.0502E-04 1.7137E-04 2.8025E-04 7.3903E-04 1.5021E-04 1.0986E-03 5.1337E-04 1.1851E-03 8.0317E-04 2.3577E-04 2.3777E-04 2.2710E-04 4.2216E-04 3.7323E-04 5.7048E-04 8.6742E-04 4.8184E-04 5.6461E-04 7.4007E-04 3.3841E-04 1.6932E-04 1.5206E-04 1.7018E-04 0
 0 1.0452E-04 1.6414E-04 3.1740E-04 5.9612E-04 1.0342E-04 9.0114E-04 4.5933E-04 1.2649E-03 8.3768E-04 2.6897E-04 3.1229E-04 2.9669E-04 3.9305E-04 4.0166E-04 6.5797E-04 7.2808E-04 4.6777E-04 6.2252E-04 7.7921E-04 3.4755E-04 1.6704E-04 1.6260E-04 1.4909E-04 0
 0 9.2456E-05 2.0027E-04 3.3908E-04 6.1858E-04 1.0096E-04 1.1598E-03 5.2538E-04 1.1912E-03 7.7494E-04 2.1916E-04 2.7680E-04 3.0768E-04 4.4764E-04 4.6920E-04 7.0697E-04 6.4099E-04 5.3811E-04 5.5013E-04 8.2546E-04 3.3536E-04 1.6932E-04 1.8217E-04 1.2945E-04 0
 0 1.0552E-04 1.8892E-04 2.6786E-04 6.4920E-04 1.3297E-04 9.9014E-04 5.1937E-04 1.0653E-03 8.3141E-04 2.0920E-04 2.8745E-04 2.6006E-04 3.1298E-04 4.7986E-04 6.8947E-04 7.8730E-04 3.7633E-04 4.3431E-04 8.4681E-04 2.7743E-04 1.5560E-04 1.5959E-04 1.1709E-04 0
 0 9.4466E-05 2.0440E-04 3.1740E-04 6.8595E-04 1.4282E-04 9.0392E-04 4.9536E-04 1.0684E-03 8.9102E-04 2.0256E-04 2.9100E-04 2.2343E-04 4.4764E-04 4.6564E-04 5.4248E-04 7.9427E-04 3.5171E-04 5.8270E-04 8.8239E-04 3.1402E-04 1.8305E-04 1.9271E-04 1.3527E-04 0
 0 9.6978E-05 2.0647E-04 3.3289E-04 5.8388E-04 1.0096E-04 9.0392E-04 6.1844E-04 1.1267E-03 8.8475E-04 2.4905E-04 3.5487E-04 2.7838E-04 4.0032E-04 4.9763E-04 5.8448E-04 1.0068E-03 2.8137E-04 5.5375E-04 7.7209E-04 3.5365E-04 1.4644E-04 1.6711E-04 1.2072E-04 0
 0 9.4968E-05 1.8169E-04 3.3908E-04 6.8799E-04 1.1574E-04 1.1042E-03 5.7341E-04 1.0899E-03 7.9690E-04 2.1252E-04 2.2712E-04 2.1611E-04 4.4036E-04 3.6967E-04 6.6147E-04 8.2213E-04 4.0446E-04 4.5965E-04 1.0069E-03 3.1097E-04 1.4873E-04 1.7314E-04 1.4763E-04 0
 0 9.0446E-05 1.9305E-04 3.3753E-04 7.0637E-04 1.0835E-04 9.7067E-04 4.8035E-04 9.9780E-04 7.9062E-04 1.8264E-04 1.8453E-04 2.0512E-04 4.6947E-04 4.7986E-04 5.6348E-04 5.9222E-04 4.8184E-04 5.8632E-04 7.5430E-04 3.4755E-04 1.7161E-04 1.4002E-04 1.2509E-04 0
 0 8.8436E-05 1.7859E-04 3.2360E-04 6.9820E-04 1.0342E-04 9.5955E-04 6.1844E-04 1.0377E-03 8.5023E-04 2.1252E-04 2.6970E-04 2.7105E-04 3.3482E-04 5.2962E-04 6.0198E-04 7.0718E-04 5.0294E-04 6.4423E-04 9.2509E-04 3.0487E-04 1.4644E-04 1.9421E-04 1.2800E-04 0
 0 9.4968E-05 1.8995E-04 3.2205E-04 6.6554E-04 1.5021E-04 1.0736E-03 6.1544E-04 1.0715E-03 7.5611E-04 1.6271E-04 2.4841E-04 2.3809E-04 3.6029E-04 5.0830E-04 6.4047E-04 7.3156E-04 4.3963E-04 5.2118E-04 7.1161E-04 3.1707E-04 1.4644E-04 1.6711E-04 1.3745E-04 0
 0 1.0452E-04 1.7137E-04 3.3134E-04 7.0637E-04 1.5760E-04 1.0152E-03 4.5633E-04 9.5789E-04 7.3729E-04 2.3909E-04 3.0164E-04 2.8204E-04 3.6029E-04 4.0877E-04 6.0548E-04 7.2111E-04 3.7984E-04 6.5871E-04 7.7921E-04 2.3475E-04 1.8305E-04 1.2948E-04 1.3963E-04 0
 0 9.6476E-05 1.6930E-04 2.8334E-04 6.2471E-04 1.4775E-04 9.0670E-04 4.5333E-04 8.9648E-04 9.2553E-04 2.5237E-04 1.8453E-04 2.5640E-04 4.0760E-04 5.0474E-04 4.5148E-04 6.6537E-04 4.3963E-04 5.4651E-04 8.5748E-04 2.9573E-04 1.5788E-04 1.2948E-04 1.4109E-04 0
 0 1.1004E-04 1.7550E-04 2.9263E-04 6.9003E-04 1.2066E-04 9.9014E-04 5.2838E-04 1.0500E-03 7.7807E-04 2.0920E-04 2.3777E-04 2.7838E-04 3.3482E-04 5.0830E-04 6.0898E-04 6.6189E-04 3.5171E-04 5.5013E-04 6.5112E-04 2.8963E-04 2.0136E-04 1.4002E-04 1.4036E-04 0
 0 1.0703E-04 1.5382E-04 3.0502E-04 6.5125E-04 1.3051E-04 9.0949E-04 5.1337E-04 1.0438E-03 8.1886E-04 1.7267E-04 2.6616E-04 2.8937E-04 3.8213E-04 4.5853E-04 5.2848E-04 6.2705E-04 3.2357E-04 5.4289E-04 8.2902E-04 3.1707E-04 1.2814E-04 1.6862E-04 1.1127E-04 0
 0 8.8938E-05 1.5588E-04 2.5083E-04 6.5737E-04 9.3575E-05 1.2071E-03 5.1037E-04 1.1053E-03 7.1219E-04 2.5237E-04 3.0164E-04 2.8570E-04 3.9669E-04 4.0166E-04 5.2848E-04 6.8627E-04 5.0997E-04 4.6327E-04 6.9382E-04 2.8353E-04 1.5560E-04 1.3399E-04 1.3091E-04 0
 0 9.7983E-05 1.9098E-04 2.5238E-04 6.2471E-04 1.7976E-04 9.9014E-04 4.8635E-04 9.7631E-04 8.5651E-04 1.7931E-04 2.6616E-04 2.3442E-04 3.4210E-04 5.1541E-04 6.6847E-04 7.5246E-04 3.5522E-04 4.5965E-04 7.3295E-04 2.8658E-04 1.3500E-04 1.7314E-04 1.2727E-04 0
 0 8.6426E-05 1.9821E-04 2.7715E-04 6.4104E-04 1.0342E-04 9.7902E-04 5.0436E-04 1.0991E-03 8.0004E-04 1.9592E-04 2.7325E-04 2.0512E-04 3.5665E-04 4.4076E-04 5.6698E-04 7.1066E-04 3.6577E-04 5.2480E-04 8.0411E-04 2.8048E-04 1.4873E-04 1.2496E-04 1.3091E-04 0
 0 9.7480E-05 1.7343E-04 2.9108E-04 6.5329E-04 1.4529E-04 1.0207E-03 4.8035E-04 1.0438E-03 7.3415E-04 2.0920E-04 2.8745E-04 3.1134E-04 4.5491E-04 4.3365E-04 6.4397E-04 7.3504E-04 4.0798E-04 5.3565E-04 7.2228E-04 2.9573E-04 1.5102E-04 1.7163E-04 1.3309E-04 0
 0 1.0853E-04 1.6414E-04 3.6076E-04 7.0433E-04 1.3297E-04 9.7067E-04 5.8842E-04 9.6096E-04 7.7807E-04 2.1584E-04 2.5551E-04 3.3332E-04 4.2944E-04 5.1896E-04 6.2298E-04 6.8279E-04 4.5018E-04 5.4651E-04 7.5430E-04 3.0182E-04 1.6704E-04 1.6711E-04 1.2072E-04 0
 0 1.0301E-04 1.5691E-04 2.5857E-04 6.9820E-04 1.4529E-04 9.2895E-04 5.2538E-04 9.3639E-04 8.4082E-04 1.9260E-04 2.3067E-04 2.3442E-04 3.7485E-04 3.6612E-04 5.6698E-04 7.1763E-04 3.3764E-04 5.7185E-04 8.2902E-04 2.4695E-04 1.8992E-04 1.8669E-04 1.2291E-04 0
 0 1.2260E-04 1.7653E-04 2.6631E-04 6.0633E-04 1.5514E-04 1.0513E-03 4.8635E-04 1.0254E-03 8.4710E-04 2.5237E-04 2.1292E-04 3.1501E-04 3.8213E-04 4.1588E-04 6.1248E-04 7.6988E-04 2.9543E-04 4.9584E-04 8.2190E-04 2.3780E-04 1.4415E-04 1.7013E-04 1.3091E-04 0
 0 1.0803E-04 2.0543E-04 3.0966E-04 6.6962E-04 1.2312E-04 1.0458E-03 5.1337E-04 9.6403E-04 7.9690E-04 1.5275E-04 1.6324E-04 2.7105E-04 3.4573E-04 4.3010E-04 5.5998E-04 6.2357E-04 4.1150E-04 6.2975E-04 6.6535E-04 3.1402E-04 1.7390E-04 1.3249E-04 1.4836E-04 0
 0 8.1904E-05 1.8892E-04 3.1895E-04 6.0225E-04 9.1112E-05 1.0374E-03 5.2838E-04 1.0193E-03 8.3141E-04 1.7931E-04 1.8453E-04 1.9779E-04 2.8751E-04 4.6564E-04 6.0898E-04 7.1066E-04 4.8184E-04 5.6823E-04 7.9344E-04 2.6829E-04 1.3958E-04 1.4152E-04 1.2654E-04 0
 0 8.7431E-05 1.7653E-04 3.1121E-04 6.2266E-04 1.3790E-04 9.2061E-04 4.2030E-04 1.1298E-03 8.4082E-04 2.3909E-04 2.5551E-04 2.4175E-04 4.3308E-04 4.2299E-04 5.1448E-04 6.2357E-04 4.3963E-04 4.9584E-04 7.5786E-04 3.2621E-04 1.5788E-04 1.5507E-04 1.3818E-04 0
 0 1.1155E-04 1.5795E-04 3.3134E-04 6.8799E-04 9.3575E-05 9.5677E-04 5.1937E-04 9.0262E-04 8.2200E-04 1.8928E-04 2.3422E-04 1.9047E-04 4.0032E-04 4.5143E-04 4.8998E-04 6.7234E-04 4.8184E-04 3.8726E-04 7.4363E-04 2.7134E-04 1.3729E-04 1.4604E-04 1.5636E-04 0
 0 9.6476E-05 1.7756E-04 2.9728E-04 5.6958E-04 1.3544E-04 9.2339E-04 4.3531E-04 1.0623E-03 7.4356E-04 1.9924E-04 2.4131E-04 1.9779E-04 2.9478E-04 4.3365E-04 5.1798E-04 7.7336E-04 3.2005E-04 5.6099E-04 7.1516E-04 3.1402E-04 1.3043E-04 1.3851E-04 1.3381E-04 0
 0 9.4466E-05 2.0131E-04 2.8025E-04 6.2471E-04 1.3297E-04 1.0986E-03 5.2838E-04 9.8245E-04 7.3415E-04 2.0588E-04 2.5196E-04 2.2343E-04 4.3672E-04 3.5545E-04 4.9698E-04 6.2357E-04 3.2357E-04 5.4289E-04 6.9382E-04 2.5000E-04 1.6246E-04 1.7615E-04 1.3309E-04 0
 0 9.4466E-05 1.6930E-04 2.9418E-04 6.5737E-04 1.5021E-04 9.5677E-04 4.7734E-04 8.9034E-04 6.9964E-04 2.0588E-04 1.8453E-04 1.7948E-04 3.7849E-04 4.3010E-04 5.3198E-04 8.8136E-04 2.8137E-04 4.0898E-04 7.6853E-04 2.8353E-04 2.1051E-04 1.6109E-04 1.5927E-04 0
 0 1.0351E-04 1.8685E-04 2.7250E-04 6.0429E-04 7.6337E-05 9.8180E-04 4.5333E-04 9.3025E-04 8.5023E-04 1.6935E-04 2.5196E-04 1.6849E-04 3.4573E-04 3.8389E-04 5.1448E-04 6.6189E-04 3.5522E-04 4.1260E-04 6.5468E-04 2.4085E-04 1.9678E-04 1.6260E-04 1.3890E-04 0
 0 1.0452E-04 1.7137E-04 3.1276E-04 5.9000E-04 9.6037E-05 1.1403E-03 4.6233E-04 9.5175E-04 9.2553E-04 1.9924E-04 2.3067E-04 1.5750E-04 4.2944E-04 3.9100E-04 5.5648E-04 5.6435E-04 2.6730E-04 5.5013E-04 6.6891E-04 3.5975E-04 1.4873E-04 1.7163E-04 1.2872E-04 0
 0 9.5471E-05 2.1369E-04 3.0037E-04 6.7370E-04 1.0835E-04 1.0207E-03 4.8935E-04 1.0101E-03 9.7259E-04 2.0588E-04 1.8099E-04 2.3809E-04 3.1298E-04 3.5545E-04 4.4448E-04 5.8873E-04 3.0950E-04 4.9222E-04 8.4681E-04 2.7743E-04 1.1670E-04 1.5658E-04 1.2654E-04 0
 0 9.5973E-05 1.8066E-04 3.0966E-04 6.1858E-04 1.0342E-04 1.0569E-03 5.3138E-04 1.0838E-03 7.7494E-04 1.2951E-04 1.8453E-04 1.7215E-04 3.4937E-04 4.2654E-04 5.6348E-04 6.4099E-04 2.4619E-04 4.7413E-04 7.5074E-04 2.5609E-04 1.3500E-04 1.5959E-04 1.2436E-04 0
 0 9.7480E-05 1.8995E-04 3.2824E-04 6.2266E-04 1.0342E-04 9.8458E-04 4.5933E-04 1.0254E-03 7.1846E-04 1.6935E-04 2.4841E-04 2.7472E-04 4.0032E-04 3.9455E-04 5.4948E-04 6.3750E-04 4.2205E-04 5.4651E-04 8.9662E-04 2.8048E-04 1.5560E-04 1.4303E-04 1.1418E-04 0
 0 9.2456E-05 1.8479E-04 2.9883E-04 6.5329E-04 9.3575E-05 1.0986E-03 4.4132E-04 1.0285E-03 8.0317E-04 1.4943E-04 2.3777E-04 2.3442E-04 3.7121E-04 2.9858E-04 5.5648E-04 5.9570E-04 3.2005E-04 4.8136E-04 8.1123E-04 3.3536E-04 1.6246E-04 1.7916E-04 1.3091E-04 0
 0 9.6978E-05 1.4246E-04 2.8179E-04 6.2675E-04 1.3544E-04 1.0931E-03 4.0529E-04 1.0285E-03 7.1533E-04 2.0256E-04 2.8390E-04 1.9413E-04 3.4937E-04 4.1233E-04 4.9348E-04 5.8525E-04 3.4819E-04 5.5013E-04 8.5393E-04 3.3536E-04 1.3958E-04 1.8669E-04 1.2727E-04 0
 0 1.0050E-04 1.7653E-04 2.9263E-04 6.9003E-04 9.8500E-05 1.0040E-03 4.9836E-04 1.0623E-03 7.1219E-04 1.4611E-04 2.2002E-04 2.4907E-04 3.6029E-04 4.0522E-04 5.1798E-04 6.2705E-04 2.8488E-04 4.0174E-04 7.2940E-04 3.2316E-04 1.7390E-04 1.7464E-04 1.2291E-04 0
 0 1.0602E-04 1.7240E-04 2.8489E-04 6.6758E-04 1.5760E-04 8.6220E-04 4.9235E-04 1.0193E-03 7.0905E-04 1.5607E-04 2.0583E-04 1.7948E-04 3.1298E-04 3.4834E-04 4.7248E-04 6.7582E-04 3.0598E-04 4.8860E-04 7.7209E-04 2.3170E-04 1.7390E-04 1.6711E-04 1.3672E-04 0
 0 9.6476E-05 1.7446E-04 3.0657E-04 6.5125E-04 1.3297E-04 9.4564E-04 4.1430E-04 1.0438E-03 7.6552E-04 1.8928E-04 1.7389E-04 2.7472E-04 3.2754E-04 4.1943E-04 4.9698E-04 6.1660E-04 3.8336E-04 3.4745E-04 8.2546E-04 2.7743E-04 1.5102E-04 1.2195E-04 1.2727E-04 0
 0 8.9441E-05 1.4143E-04 2.9418E-04 6.9003E-04 8.3725E-05 8.8445E-04 4.2631E-04 9.4868E-04 8.4396E-04 1.5607E-04 1.5969E-04 1.5018E-04 3.3118E-04 3.2702E-04 5.1098E-04 5.9918E-04 4.6425E-04 4.5965E-04 7.2940E-04 2.5914E-04 1.4415E-04 1.4453E-04 1.2581E-04 0
 0 8.8938E-05 1.6311E-04 3.1276E-04 6.0225E-04 1.2066E-04 8.9558E-04 5.1337E-04 9.3946E-04 8.7533E-04 1.5939E-04 2.6970E-04 2.6373E-04 3.7121E-04 3.9100E-04 5.1098E-04 5.6086E-04 3.7984E-04 4.3793E-04 6.1554E-04 3.1402E-04 1.1212E-04 1.4453E-04 1.3018E-04 0
 0 7.9391E-05 1.6208E-04 3.1431E-04 6.3900E-04 1.1081E-04 8.9280E-04 5.1637E-04 8.6578E-04 7.4356E-04 1.9924E-04 2.7680E-04 2.0878E-04 3.3846E-04 4.0166E-04 4.7598E-04 5.6086E-04 2.9192E-04 4.8498E-04 7.3295E-04 2.6219E-04 1.5788E-04 1.3098E-04 1.3672E-04 0
 0 9.4466E-05 1.8169E-04 2.6941E-04 6.8391E-04 1.1081E-04 9.5399E-04 5.0436E-04 1.0346E-03 8.0004E-04 1.9260E-04 1.9163E-04 2.3076E-04 2.9115E-04 4.6564E-04 4.9698E-04 6.7234E-04 2.7785E-04 4.7051E-04 7.8988E-04 3.4755E-04 1.3271E-04 1.3550E-04 1.0327E-04 0
 0 8.6928E-05 1.8272E-04 2.4463E-04 5.9204E-04 1.0342E-04 9.7067E-04 6.0644E-04 9.9473E-04 8.0004E-04 1.9924E-04 2.6970E-04 2.6006E-04 3.2390E-04 3.4834E-04 5.4248E-04 7.3853E-04 3.7281E-04 3.9088E-04 7.6142E-04 2.6219E-04 1.6475E-04 1.8217E-04 1.3309E-04 0
 0 1.0502E-04 1.6311E-04 3.1586E-04 6.1654E-04 1.4775E-04 9.0949E-04 5.1637E-04 9.9166E-04 8.1259E-04 1.3947E-04 1.8453E-04 1.8681E-04 3.8213E-04 3.8744E-04 4.7598E-04 6.1312E-04 2.8488E-04 4.7774E-04 7.2940E-04 3.1707E-04 1.3043E-04 1.7615E-04 1.3091E-04 0
 0 9.4968E-05 1.9098E-04 3.1276E-04 6.0633E-04 1.1081E-04 9.1783E-04 4.4432E-04 1.0193E-03 8.8475E-04 2.3909E-04 1.9518E-04 1.8314E-04 3.7121E-04 3.7678E-04 4.9698E-04 6.4447E-04 3.2357E-04 3.6555E-04 8.3258E-04 3.2926E-04 1.5102E-04 1.2948E-04 1.1927E-04 0
 0 8.3914E-05 1.6517E-04 2.6321E-04 6.0837E-04 8.8650E-05 9.1505E-04 4.6834E-04 8.7192E-04 7.7494E-04 1.3283E-04 2.2712E-04 2.2343E-04 2.7295E-04 4.0877E-04 5.1098E-04 5.9570E-04 3.6577E-04 4.0898E-04 8.2902E-04 3.8719E-04 1.0297E-04 1.7765E-04 1.3309E-04 0
 0 7.8889E-05 1.8685E-04 2.8954E-04 6.8187E-04 1.1081E-04 9.9014E-04 4.2931E-04 1.0408E-03 6.0238E-04 1.9924E-04 2.2002E-04 2.1245E-04 3.8577E-04 3.5190E-04 5.8798E-04 6.1660E-04 2.9895E-04 4.8498E-04 6.4400E-04 2.8963E-04 1.7390E-04 1.7916E-04 1.5272E-04 0
 0 9.6476E-05 1.5795E-04 2.5547E-04 5.8388E-04 1.0589E-04 9.9571E-04 4.4132E-04 9.3639E-04 7.9376E-04 1.1954E-04 1.4905E-04 2.5274E-04 2.6567E-04 3.7678E-04 4.7598E-04 5.6086E-04 3.1302E-04 5.4651E-04 6.7247E-04 2.7134E-04 1.5560E-04 1.5658E-04 1.3018E-04 0
 0 1.0351E-04 1.9098E-04 2.8644E-04 6.6758E-04 1.1574E-04 9.7067E-04 4.0529E-04 1.0039E-03 7.4984E-04 1.7267E-04 2.2357E-04 1.9413E-04 3.3482E-04 4.3721E-04 5.9148E-04 6.6537E-04 3.0950E-04 4.8860E-04 7.0093E-04 2.2865E-04 1.6246E-04 1.5206E-04 1.3454E-04 0
 0 1.0251E-04 2.1163E-04 2.8334E-04 6.4104E-04 8.8650E-05 9.1783E-04 5.5840E-04 9.9780E-04 8.7220E-04 1.4943E-04 2.0228E-04 1.3919E-04 3.3118E-04 2.7725E-04 5.2848E-04 5.6086E-04 3.0247E-04 4.1984E-04 7.6142E-04 2.9573E-04 1.8992E-04 1.5357E-04 1.2872E-04 0
 0 9.3461E-05 1.5175E-04 2.6941E-04 6.4920E-04 8.6187E-05 9.7067E-04 4.5633E-04 9.7324E-04 8.1259E-04 1.1622E-04 1.9518E-04 2.0146E-04 3.5665E-04 4.2654E-04 5.4598E-04 6.4447E-04 3.0598E-04 4.0174E-04 8.0056E-04 2.5609E-04 1.1670E-04 1.6109E-04 1.1927E-04 0
 0 8.6928E-05 1.4762E-04 2.5702E-04 5.4509E-04 9.8500E-05 8.3161E-04 4.1430E-04 1.0500E-03 8.1886E-04 1.3947E-04 1.9518E-04 1.8681E-04 3.0570E-04 3.9811E-04 5.2848E-04 5.6086E-04 3.7984E-04 4.4517E-04 6.7958E-04 2.7743E-04 1.7619E-04 1.5507E-04 1.4036E-04 0
 0 1.0050E-04 1.8892E-04 3.2205E-04 5.9817E-04 9.8500E-05 9.5120E-04 3.4225E-04 1.0254E-03 7.9690E-04 1.6935E-04 2.4841E-04 2.1245E-04 2.9842E-04 4.0166E-04 3.7099E-04 5.8525E-04 3.0247E-04 5.4289E-04 6.4756E-04 2.8353E-04 1.9449E-04 1.5357E-04 1.5854E-04 0
 0 1.0452E-04 2.0543E-04 3.1431E-04 6.3083E-04 1.0342E-04 9.7624E-04 5.2838E-04 1.0746E-03 7.5925E-04 1.3615E-04 1.9163E-04 2.1611E-04 3.9669E-04 3.7323E-04 4.1648E-04 6.2705E-04 3.0247E-04 4.0174E-04 6.2265E-04 2.8963E-04 1.2356E-04 1.4754E-04 1.3600E-04 0
 0 9.6476E-05 1.8169E-04 2.8799E-04 6.0837E-04 6.4025E-05 9.7067E-04 4.9536E-04 1.0991E-03 7.5925E-04 1.8596E-04 2.2002E-04 1.9779E-04 3.0934E-04 3.5545E-04 3.8848E-04 5.1209E-04 3.0950E-04 4.8136E-04 7.8277E-04 3.1097E-04 1.4415E-04 1.2797E-04 1.3527E-04 0
 0 9.5471E-05 1.7240E-04 2.7405E-04 6.1654E-04 9.8500E-05 9.2617E-04 5.0436E-04 1.0684E-03 6.1179E-04 1.7931E-04 2.6261E-04 1.5018E-04 3.2390E-04 3.4834E-04 5.4248E-04 6.4795E-04 3.8688E-04 4.1260E-04 7.5786E-04 2.5609E-04 1.0983E-04 1.7013E-04 1.3672E-04 0
 0 8.6928E-05 1.6104E-04 3.0192E-04 6.2675E-04 6.1562E-05 8.9002E-04 3.8127E-04 9.1490E-04 8.4710E-04 1.9592E-04 1.8808E-04 1.9779E-04 2.6203E-04 3.2346E-04 4.1998E-04 6.1312E-04 2.8137E-04 4.4879E-04 6.5468E-04 3.3841E-04 1.2585E-04 1.1141E-04 1.2509E-04 0
 0 8.8436E-05 1.9098E-04 2.9418E-04 6.3491E-04 7.6337E-05 8.6498E-04 4.4732E-04 9.0876E-04 7.5611E-04 1.8596E-04 1.8453E-04 2.4541E-04 3.0934E-04 3.8744E-04 4.5498E-04 5.6086E-04 2.8840E-04 4.8136E-04 6.8314E-04 2.4695E-04 1.3500E-04 1.4453E-04 1.2000E-04 0
 0 1.0502E-04 1.7343E-04 2.9418E-04 6.5329E-04 9.1112E-05 9.5120E-04 4.9235E-04 9.0569E-04 7.5611E-04 1.2286E-04 1.9873E-04 2.4541E-04 2.9842E-04 2.9858E-04 4.8298E-04 5.4345E-04 3.2005E-04 3.8726E-04 7.6142E-04 2.3475E-04 1.6017E-04 1.4152E-04 1.2654E-04 0
 0 1.0753E-04 1.4866E-04 3.3134E-04 6.4920E-04 7.3875E-05 9.3452E-04 3.8728E-04 8.8420E-04 6.1493E-04 1.3615E-04 2.3067E-04 2.1611E-04 2.1836E-04 3.9455E-04 4.4098E-04 6.6189E-04 2.9543E-04 4.1622E-04 6.0131E-04 2.7743E-04 1.8992E-04 1.3851E-04 1.2727E-04 0
 0 1.0653E-04 1.6208E-04 2.6167E-04 6.3491E-04 1.2066E-04 9.2895E-04 5.3739E-04 1.0193E-03 7.0905E-04 1.5939E-04 2.1647E-04 1.5750E-04 3.2390E-04 3.8033E-04 4.1648E-04 5.9918E-04 2.5675E-04 4.8498E-04 7.1516E-04 2.9268E-04 1.6704E-04 1.8819E-04 1.5127E-04 0
 0 9.5973E-05 1.6827E-04 3.0966E-04 5.4509E-04 6.6487E-05 7.1201E-04 4.2931E-04 9.0262E-04 6.6199E-04 1.7267E-04 1.4550E-04 1.5384E-04 2.4747E-04 3.6256E-04 4.7248E-04 7.0718E-04 2.7785E-04 4.6327E-04 7.2228E-04 2.5914E-04 1.4415E-04 1.3249E-04 1.1781E-04 0
 0 9.7480E-05 1.8685E-04 3.1276E-04 6.0633E-04 8.3725E-05 8.1214E-04 4.8635E-04 9.2104E-04 7.3729E-04 1.5275E-04 1.9518E-04 2.3442E-04 3.0206E-04 3.1635E-04 4.3748E-04 5.3996E-04 3.0950E-04 4.1622E-04 7.1872E-04 2.5304E-04 1.4644E-04 1.6260E-04 1.3018E-04 0
 0 9.4466E-05 2.0337E-04 3.0192E-04 5.9000E-04 9.1112E-05 8.3439E-04 4.2631E-04 9.5175E-04 5.8669E-04 1.3615E-04 2.5551E-04 1.7948E-04 3.0206E-04 3.2346E-04 3.2899E-04 5.7828E-04 3.4116E-04 3.9812E-04 6.7247E-04 2.9878E-04 1.1441E-04 1.3700E-04 1.3163E-04 0
 0 9.9993E-05 1.7343E-04 2.3999E-04 6.3287E-04 8.6187E-05 9.9014E-04 4.2631E-04 9.7324E-04 7.4042E-04 1.1954E-04 1.9873E-04 1.6849E-04 2.9478E-04 3.1280E-04 5.2498E-04 6.2357E-04 2.9192E-04 3.8726E-04 6.6535E-04 2.4695E-04 1.3500E-04 1.4453E-04 1.3381E-04 0
 0 9.8988E-05 1.8376E-04 2.9728E-04 6.2266E-04 1.0589E-04 9.2061E-04 3.2724E-04 8.9341E-04 6.4317E-04 1.2951E-04 2.1647E-04 1.7582E-04 3.1298E-04 3.7323E-04 4.3748E-04 5.2603E-04 2.6026E-04 4.1984E-04 6.5468E-04 1.9817E-04 1.4644E-04 1.6410E-04 1.2509E-04 0
 0 9.8988E-05 1.4556E-04 2.2451E-04 6.0225E-04 9.8500E-05 8.7889E-04 4.2631E-04 9.8552E-04 7.1533E-04 1.4279E-04 2.0583E-04 1.5750E-04 3.4573E-04 3.8744E-04 3.6749E-04 5.4345E-04 2.7081E-04 4.3793E-04 6.1554E-04 2.9573E-04 1.4873E-04 1.4905E-04 1.4181E-04 0
 0 8.6928E-05 1.7137E-04 2.3844E-04 5.9612E-04 1.1081E-04 8.5108E-04 5.5840E-04 9.3639E-04 7.1533E-04 1.2286E-04 2.4486E-04 1.6849E-04 3.2390E-04 3.9455E-04 4.4448E-04 5.3996E-04 3.5171E-04 3.7640E-04 5.5149E-04 2.6829E-04 1.2356E-04 1.8970E-04 1.3018E-04 0
 0 8.6928E-05 1.9924E-04 3.0037E-04 5.9204E-04 1.0835E-04 1.0207E-03 4.1130E-04 9.1490E-04 6.5572E-04 1.1954E-04 1.3485E-04 1.9779E-04 2.9115E-04 2.9858E-04 4.4098E-04 5.1558E-04 2.7081E-04 3.4745E-04 6.2977E-04 2.5609E-04 1.0068E-04 1.5507E-04 1.4690E-04 0
 0 7.8386E-05 1.6930E-04 2.7250E-04 5.5529E-04 9.6037E-05 9.5955E-04 4.0829E-04 9.0262E-04 7.1533E-04 1.9924E-04 2.5196E-04 1.8681E-04 2.9478E-04 3.5901E-04 4.5148E-04 5.8525E-04 3.2005E-04 4.8860E-04 6.9382E-04 2.4390E-04 1.4644E-04 1.2345E-04 1.3818E-04 0
 0 9.3461E-05 1.7653E-04 2.4463E-04 6.3287E-04 8.1262E-05 9.6789E-04 3.9028E-04 9.1490E-04 7.8749E-04 1.6271E-04 1.6324E-04 1.6483E-04 2.7659E-04 2.5593E-04 3.8848E-04 6.0963E-04 3.0950E-04 4.9584E-04 6.3689E-04 3.0792E-04 1.3271E-04 1.6711E-04 1.3381E-04 0
 0 9.3963E-05 1.7859E-04 2.6012E-04 6.5329E-04 8.8650E-05 8.8167E-04 5.1037E-04 9.0876E-04 7.1846E-04 1.6271E-04 1.9518E-04 1.6117E-04 2.4747E-04 2.8792E-04 3.7449E-04 5.5390E-04 2.9543E-04 3.5469E-04 6.2265E-04 2.5000E-04 1.0754E-04 1.4754E-04 1.1418E-04 0
 0 1.0954E-04 1.7756E-04 2.8334E-04 5.9612E-04 7.8800E-05 9.8458E-04 4.7134E-04 9.8552E-04 7.6866E-04 1.6935E-04 2.1647E-04 1.5750E-04 2.6567E-04 2.9503E-04 3.7799E-04 5.0861E-04 1.8992E-04 4.4155E-04 7.4007E-04 2.7439E-04 1.4415E-04 1.2195E-04 1.4327E-04 0
 0 7.6879E-05 1.6621E-04 3.0966E-04 5.7775E-04 8.6187E-05 8.7611E-04 4.7734E-04 9.5482E-04 7.2160E-04 1.4943E-04 1.8808E-04 1.9047E-04 2.5111E-04 2.9503E-04 3.4299E-04 5.5738E-04 4.0095E-04 3.9088E-04 7.8277E-04 2.6829E-04 1.1898E-04 1.3098E-04 1.1709E-04 0
 0 1.0150E-04 1.8892E-04 2.8489E-04 5.9817E-04 1.2805E-04 8.6220E-04 4.3832E-04 9.0569E-04 7.4670E-04 1.9592E-04 1.7744E-04 2.0512E-04 2.5111E-04 2.9858E-04 4.6198E-04 5.0513E-04 2.8840E-04 3.5107E-04 6.2977E-04 2.8658E-04 1.7619E-04 1.4002E-04 1.4109E-04 0
 0 9.0948E-05 1.7963E-04 3.0037E-04 6.9412E-04 8.1262E-05 8.6498E-04 3.3024E-04 9.6710E-04 6.0238E-04 1.6935E-04 2.6616E-04 1.2820E-04 3.7121E-04 3.3768E-04 3.2199E-04 5.0164E-04 3.5874E-04 4.4155E-04 6.0486E-04 2.7439E-04 1.4415E-04 1.4303E-04 1.3163E-04 0
 0 8.6426E-05 1.7240E-04 2.5857E-04 6.0021E-04 1.0835E-04 1.0180E-03 4.2631E-04 9.5482E-04 7.3101E-04 1.3615E-04 1.8808E-04 2.1611E-04 2.4747E-04 2.8792E-04 3.5699E-04 4.9119E-04 2.3564E-04 5.1756E-04 6.9382E-04 2.2865E-04 1.1441E-04 1.4152E-04 1.4254E-04 0
 0 9.4466E-05 1.5072E-04 2.4463E-04 5.8592E-04 1.1574E-04 8.9002E-04 4.2631E-04 8.0438E-04 6.3062E-04 1.8928E-04 1.7389E-04 1.9779E-04 2.8023E-04 3.2702E-04 4.7948E-04 5.4345E-04 2.4268E-04 3.5107E-04 6.1910E-04 3.1402E-04 1.2585E-04 1.2647E-04 1.2145E-04 0
 0 1.1004E-04 1.6311E-04 2.5857E-04 5.1242E-04 8.3725E-05 9.3174E-04 3.3924E-04 8.5657E-04 7.1533E-04 2.0256E-04 1.6324E-04 1.7948E-04 3.2390E-04 2.5593E-04 4.4098E-04 4.6681E-04 3.6929E-04 3.6917E-04 6.1910E-04 2.5609E-04 1.3043E-04 1.3851E-04 1.5781E-04 0
 0 9.2958E-05 1.4969E-04 2.6631E-04 5.5121E-04 9.8500E-05 9.6233E-04 3.9028E-04 7.5833E-04 7.5297E-04 1.2951E-04 1.6324E-04 1.9779E-04 2.8751E-04 2.6304E-04 4.0598E-04 5.7131E-04 3.4116E-04 3.6193E-04 6.2265E-04 2.5000E-04 1.5560E-04 1.2948E-04 1.2581E-04 0
 0 8.7933E-05 1.6930E-04 2.4773E-04 6.2062E-04 1.0589E-04 8.0658E-04 4.2631E-04 8.9341E-04 7.6239E-04 1.4943E-04 2.1292E-04 1.3553E-04 2.8387E-04 3.3768E-04 4.0598E-04 5.5390E-04 3.3060E-04 3.4745E-04 6.1198E-04 3.0487E-04 1.3729E-04 1.4303E-04 1.2000E-04 0
 0 9.0948E-05 1.3937E-04 2.4618E-04 6.2266E-04 9.8500E-05 7.5929E-04 4.5032E-04 1.0193E-03 7.4356E-04 1.5939E-04 1.8099E-04 1.8314E-04 2.4747E-04 3.5545E-04 4.1998E-04 5.0513E-04 2.9192E-04 4.2707E-04 6.8314E-04 2.4695E-04 1.2127E-04 1.4002E-04 1.3381E-04 0
 0 9.4968E-05 1.6001E-04 2.6167E-04 5.4100E-04 6.6487E-05 8.5386E-04 3.6626E-04 9.7017E-04 6.0238E-04 1.4611E-04 2.1292E-04 1.4285E-04 2.5839E-04 3.3413E-04 4.0948E-04 5.4693E-04 2.5675E-04 4.0174E-04 5.6573E-04 2.5914E-04 1.0754E-04 1.4604E-04 1.1781E-04 0
 0 9.7480E-05 1.6104E-04 2.8954E-04 6.2879E-04 1.0589E-04 9.0949E-04 4.3531E-04 9.9473E-04 6.9964E-04 1.2286E-04 2.2002E-04 1.6849E-04 2.8387E-04 3.1635E-04 3.7449E-04 6.3750E-04 2.4619E-04 3.9450E-04 5.9063E-04 2.3475E-04 1.2356E-04 1.1894E-04 1.5272E-04 0
 0 1.0502E-04 1.4556E-04 2.4773E-04 6.4716E-04 6.8950E-05 8.7055E-04 4.0229E-04 1.0561E-03 6.4317E-04 1.1954E-04 1.8453E-04 1.7948E-04 2.9842E-04 2.7014E-04 3.7449E-04 6.1660E-04 2.7433E-04 3.8002E-04 6.9026E-04 2.7439E-04 1.2585E-04 1.2345E-04 1.4036E-04 0
 0 1.0552E-04 1.6930E-04 2.8489E-04 6.3695E-04 1.1081E-04 9.3730E-04 4.1130E-04 9.8859E-04 6.7140E-04 1.5939E-04 2.4486E-04 1.7215E-04 1.9288E-04 3.0214E-04 4.8298E-04 5.2951E-04 2.7785E-04 3.9088E-04 6.5468E-04 2.9573E-04 1.3958E-04 1.2496E-04 1.3527E-04 0
 0 1.0200E-04 1.5795E-04 2.5083E-04 5.3080E-04 8.8650E-05 9.1505E-04 4.7434E-04 8.4122E-04 6.6826E-04 1.2286E-04 1.3485E-04 2.2710E-04 3.6029E-04 2.7370E-04 4.8998E-04 5.5738E-04 3.2357E-04 3.6917E-04 6.8670E-04 2.7439E-04 1.3958E-04 1.5808E-04 1.3163E-04 0
 0 8.7933E-05 1.8479E-04 2.9728E-04 5.5938E-04 5.9100E-05 9.6233E-04 4.4732E-04 9.1797E-04 6.8709E-04 1.6935E-04 1.7389E-04 1.7582E-04 2.1836E-04 3.1991E-04 3.4299E-04 4.2152E-04 3.0950E-04 2.8592E-04 5.9775E-04 2.1646E-04 1.0526E-04 1.4453E-04 1.2727E-04 0
 0 9.5973E-05 1.6208E-04 2.4773E-04 5.5121E-04 1.0096E-04 9.3730E-04 4.5633E-04 9.4868E-04 6.4630E-04 1.7599E-04 1.6324E-04 1.4651E-04 3.3482E-04 3.0924E-04 3.6399E-04 4.8422E-04 2.3564E-04 3.5831E-04 5.7284E-04 2.5000E-04 1.2814E-04 1.4152E-04 1.5200E-04 0
 0 9.5973E-05 1.6104E-04 2.7405E-04 6.5737E-04 8.6187E-05 9.5955E-04 4.5633E-04 8.9341E-04 6.4317E-04 1.7599E-04 1.4905E-04 1.4285E-04 2.0380E-04 2.9858E-04 4.5848E-04 5.0513E-04 2.3564E-04 3.8364E-04 5.6573E-04 1.9512E-04 1.5102E-04 1.2647E-04 1.4400E-04 0
 0 9.4466E-05 1.6311E-04 2.9573E-04 6.2062E-04 8.6187E-05 8.2883E-04 4.3531E-04 8.4736E-04 6.7140E-04 1.2951E-04 1.8808E-04 1.0256E-04 3.0206E-04 3.8744E-04 3.6399E-04 5.1906E-04 2.6026E-04 4.0536E-04 7.4363E-04 2.8658E-04 1.2814E-04 1.5658E-04 1.3890E-04 0
 0 8.0396E-05 1.5691E-04 2.6012E-04 5.9000E-04 9.8500E-05 9.4842E-04 4.1730E-04 7.7368E-04 6.5885E-04 1.6271E-04 2.0938E-04 1.5384E-04 2.4019E-04 3.5545E-04 4.5498E-04 4.9119E-04 2.6026E-04 3.7640E-04 7.0449E-04 2.2561E-04 9.3815E-05 1.3851E-04 1.3236E-04 0
 0 9.5973E-05 1.7756E-04 2.8644E-04 5.9204E-04 7.3875E-05 8.4552E-04 4.4432E-04 9.3639E-04 7.4042E-04 1.1954E-04 1.7744E-04 1.5750E-04 2.4019E-04 2.8436E-04 4.9698E-04 5.0513E-04 2.1454E-04 4.4879E-04 6.1554E-04 2.0426E-04 1.0754E-04 1.4303E-04 1.4836E-04 0
 0 9.3461E-05 1.6001E-04 2.4309E-04 5.6550E-04 8.6187E-05 7.8711E-04 3.9929E-04 9.4560E-04 7.3415E-04 9.6299E-05 2.3422E-04 1.5750E-04 2.3292E-04 4.0166E-04 4.3398E-04 5.5041E-04 3.3060E-04 3.4383E-04 5.3726E-04 2.1951E-04 1.2356E-04 1.2948E-04 1.2218E-04 0
 0 9.1451E-05 1.7653E-04 2.1522E-04 5.6754E-04 1.0589E-04 8.1770E-04 3.9028E-04 9.4868E-04 5.7414E-04 1.9260E-04 1.4550E-04 1.9779E-04 2.2564E-04 2.2394E-04 3.7099E-04 5.1209E-04 2.8137E-04 3.7640E-04 5.4794E-04 2.2561E-04 1.1212E-04 1.3098E-04 1.2291E-04 0
 0 1.0050E-04 1.6311E-04 2.8489E-04 6.0021E-04 1.0096E-04 7.2036E-04 5.0436E-04 8.7499E-04 8.3141E-04 1.4611E-04 2.5906E-04 1.3553E-04 2.9478E-04 3.2702E-04 3.4649E-04 5.0861E-04 2.3213E-04 4.0898E-04 5.8352E-04 2.5000E-04 1.5331E-04 1.3550E-04 9.6724E-05 0
 0 8.1904E-05 1.7137E-04 2.4773E-04 6.0429E-04 5.1712E-05 7.9267E-04 3.8127E-04 8.9341E-04 6.7768E-04 1.1290E-04 1.9163E-04 1.2454E-04 2.1472E-04 2.4882E-04 4.3398E-04 4.3197E-04 2.4619E-04 3.6193E-04 5.8352E-04 2.0122E-04 9.3815E-05 1.0840E-04 1.2727E-04 0
 0 7.9894E-05 1.7859E-04 2.6941E-04 6.1246E-04 9.3575E-05 7.7598E-04 3.6927E-04 8.2894E-04 6.9650E-04 1.1954E-04 1.5969E-04 1.5018E-04 3.0206E-04 3.1991E-04 4.8298E-04 4.4939E-04 3.1654E-04 3.8726E-04 4.8389E-04 2.2256E-04 1.5331E-04 1.1894E-04 1.2872E-04 0
 0 9.6978E-05 1.7343E-04 2.8179E-04 5.7163E-04 8.6187E-05 7.6208E-04 4.1430E-04 7.8903E-04 5.9924E-04 1.4279E-04 1.4550E-04 1.7215E-04 3.3118E-04 2.2394E-04 4.4448E-04 5.1906E-04 2.2157E-04 4.1260E-04 6.0486E-04 2.7134E-04 1.1441E-04 1.1442E-04 1.2363E-04 0
 0 9.4466E-05 1.6724E-04 2.4773E-04 5.8592E-04 9.1112E-05 8.0658E-04 4.0529E-04 9.3639E-04 6.9023E-04 1.1954E-04 1.5969E-04 1.6117E-04 2.2928E-04 2.9147E-04 3.2549E-04 4.6332E-04 2.1454E-04 4.0898E-04 5.5505E-04 1.9512E-04 1.3958E-04 1.1442E-04 1.4254E-04 0
 0 8.8436E-05 1.4866E-04 2.5857E-04 6.4716E-04 9.6037E-05 8.2048E-04 5.0136E-04 8.0745E-04 7.9376E-04 1.3615E-04 1.8453E-04 1.7582E-04 2.6203E-04 2.1683E-04 3.7449E-04 4.3894E-04 2.3564E-04 3.9088E-04 6.1554E-04 2.1036E-04 1.3729E-04 1.5507E-04 1.3018E-04 0
 0 8.7933E-05 1.4659E-04 2.7560E-04 6.1042E-04 8.3725E-05 8.3717E-04 4.2931E-04 7.7982E-04 6.9023E-04 1.8928E-04 2.0938E-04 1.6849E-04 2.6931E-04 3.0569E-04 3.8498E-04 5.3299E-04 2.9192E-04 3.4383E-04 5.0524E-04 2.3475E-04 1.1212E-04 1.8217E-04 1.2291E-04 0
 0 9.1451E-05 1.6414E-04 2.6012E-04 6.3695E-04 8.3725E-05 8.7611E-04 4.2931E-04 8.4736E-04 6.2748E-04 1.3615E-04 1.8808E-04 1.3553E-04 3.4573E-04 2.5948E-04 4.0248E-04 5.2254E-04 2.0047E-04 3.4745E-04 6.1554E-04 2.0122E-04 1.0983E-04 1.4754E-04 1.2581E-04 0
 0 8.5924E-05 1.7963E-04 2.1986E-04 5.6958E-04 5.9100E-05 9.2339E-04 4.1730E-04 8.9341E-04 6.6826E-04 9.9619E-05 2.3067E-04 1.8314E-04 2.6567E-04 2.3460E-04 3.8498E-04 3.9365E-04 1.9696E-04 3.9088E-04 6.5468E-04 2.1036E-04 1.2585E-04 1.4152E-04 1.3381E-04 0
 0 1.0100E-04 1.7550E-04 2.5392E-04 6.0429E-04 8.6187E-05 8.4552E-04 4.0229E-04 9.2104E-04 6.3375E-04 1.1954E-04 1.6324E-04 1.0622E-04 2.3656E-04 2.3104E-04 4.3048E-04 5.1209E-04 3.7281E-04 3.0402E-04 6.6179E-04 2.1646E-04 1.2127E-04 1.4604E-04 1.5272E-04 0
 0 1.0050E-04 1.8892E-04 2.5547E-04 5.6550E-04 6.4025E-05 8.1214E-04 3.5726E-04 8.2894E-04 7.7807E-04 1.3283E-04 2.5551E-04 1.7215E-04 2.1108E-04 2.9147E-04 3.7799E-04 4.6681E-04 1.9696E-04 3.3659E-04 5.2659E-04 2.0731E-04 1.5102E-04 1.4905E-04 1.3163E-04 0
 0 8.8436E-05 1.8066E-04 3.0502E-04 5.3692E-04 7.1412E-05 8.5386E-04 4.2030E-04 8.2587E-04 5.9297E-04 1.5275E-04 2.2357E-04 2.1245E-04 2.1108E-04 2.7370E-04 4.0248E-04 4.1803E-04 3.2005E-04 2.8954E-04 4.9812E-04 1.9817E-04 1.3043E-04 1.3851E-04 1.4036E-04 0
 0 9.8485E-05 1.3317E-04 2.6012E-04 6.1654E-04 8.1262E-05 8.1492E-04 3.4525E-04 9.3639E-04 6.4317E-04 9.6299E-05 1.3840E-04 1.7215E-04 2.0744E-04 3.1991E-04 3.5349E-04 5.0513E-04 3.3764E-04 3.6193E-04 5.7640E-04 2.6219E-04 1.2814E-04 1.2345E-04 1.4327E-04 0
 0 8.2909E-05 1.6930E-04 2.9418E-04 5.4304E-04 1.0835E-04 8.0936E-04 4.8335E-04 9.8245E-04 6.8395E-04 1.0958E-04 1.9163E-04 1.2087E-04 2.8751E-04 2.6304E-04 3.7099E-04 6.0963E-04 3.5171E-04 2.8230E-04 5.6573E-04 2.1951E-04 1.4415E-04 1.0388E-04 1.3963E-04 0
 0 8.6928E-05 1.4969E-04 2.5857E-04 5.7979E-04 7.1412E-05 8.5942E-04 3.8428E-04 9.3946E-04 6.4003E-04 1.4611E-04 1.7034E-04 1.6849E-04 2.5475E-04 1.9905E-04 4.3398E-04 4.1803E-04 2.9895E-04 3.4745E-04 5.6573E-04 2.2561E-04 1.0983E-04 1.2797E-04 1.4690E-04 0
 0 9.0446E-05 1.7963E-04 2.4463E-04 5.8592E-04 5.9100E-05 8.4273E-04 3.4225E-04 7.8903E-04 6.3375E-04 1.7599E-04 1.8099E-04 1.0256E-04 2.0016E-04 2.3460E-04 3.7799E-04 4.6681E-04 2.3213E-04 4.4879E-04 5.5861E-04 1.9512E-04 1.2585E-04 1.0689E-04 1.1927E-04 0
 0 8.3914E-05 1.2801E-04 2.3380E-04 5.7163E-04 4.9250E-05 8.9002E-04 3.9929E-04 9.3639E-04 6.6513E-04 1.5939E-04 1.4550E-04 2.0146E-04 2.0380E-04 2.3104E-04 4.4098E-04 4.2152E-04 2.9543E-04 3.5469E-04 5.0524E-04 1.5548E-04 1.0754E-04 1.0990E-04 1.2581E-04 0
 0 9.1953E-05 1.4866E-04 2.8644E-04 6.1858E-04 9.6037E-05 9.4008E-04 4.2030E-04 8.1666E-04 6.1493E-04 1.6603E-04 1.5614E-04 1.5018E-04 2.6203E-04 2.1683E-04 3.2899E-04 4.9119E-04 2.8488E-04 3.9088E-04 5.9063E-04 1.9207E-04 1.4644E-04 1.2496E-04 1.2218E-04 0
 0 9.9993E-05 1.5691E-04 2.8179E-04 5.7979E-04 1.0589E-04 8.7611E-04 3.4225E-04 7.7982E-04 6.4317E-04 1.0958E-04 2.3067E-04 1.9413E-04 1.7833E-04 2.9858E-04 3.0099E-04 4.2152E-04 2.5323E-04 3.8364E-04 5.2659E-04 2.2256E-04 1.3271E-04 1.1743E-04 1.4472E-04 0
 0 1.0050E-04 1.3937E-04 2.8954E-04 5.0221E-04 8.3725E-05 8.1214E-04 3.9328E-04 8.4736E-04 6.0865E-04 1.5275E-04 1.5260E-04 1.2820E-04 2.9115E-04 2.8436E-04 3.7799E-04 4.4590E-04 3.0950E-04 3.0040E-04 6.3333E-04 1.8292E-04 1.0983E-04 1.2345E-04 1.3454E-04 0
 0 1.0602E-04 1.6414E-04 2.7405E-04 5.2059E-04 1.0342E-04 9.4008E-04 3.7527E-04 8.5964E-04 5.8356E-04 1.2951E-04 1.8808E-04 1.0256E-04 1.9652E-04 2.2749E-04 4.5498E-04 4.9816E-04 1.9696E-04 3.3659E-04 5.5861E-04 1.7683E-04 1.4187E-04 1.1292E-04 1.4400E-04 0
 0 9.3461E-05 1.5382E-04 2.8025E-04 5.6958E-04 7.3875E-05 8.6498E-04 3.7827E-04 7.9517E-04 6.9023E-04 1.1290E-04 9.9365E-05 1.1721E-04 2.1108E-04 2.8436E-04 3.6049E-04 4.5984E-04 2.3213E-04 4.3431E-04 4.8389E-04 2.2865E-04 1.0297E-04 1.2345E-04 1.4400E-04 0
 0 9.9993E-05 1.5175E-04 2.6631E-04 5.9612E-04 8.3725E-05 9.5677E-04 4.2030E-04 7.8903E-04 6.5572E-04 1.1290E-04 1.3840E-04 1.6849E-04 2.1836E-04 2.5948E-04 3.7099E-04 4.5287E-04 2.4971E-04 3.8002E-04 5.2659E-04 2.1341E-04 1.0297E-04 1.1141E-04 1.3163E-04 0
 0 9.3963E-05 1.4659E-04 2.8179E-04 5.5325E-04 9.6037E-05 8.2883E-04 4.0229E-04 9.5789E-04 7.1846E-04 1.2286E-04 1.5969E-04 1.3553E-04 2.2564E-04 2.2394E-04 3.6049E-04 4.5635E-04 2.1454E-04 3.0764E-04 5.5149E-04 2.1036E-04 1.0983E-04 1.4754E-04 1.1709E-04 0
 0 8.9943E-05 1.4866E-04 2.5083E-04 5.7979E-04 1.1081E-04 7.8433E-04 3.4525E-04 8.9648E-04 5.9924E-04 6.3092E-05 1.3485E-04 1.7948E-04 2.3656E-04 2.2038E-04 2.7649E-04 4.3197E-04 2.1454E-04 3.8002E-04 5.8707E-04 2.8048E-04 8.2374E-05 1.3098E-04 1.4618E-04 0
 0 9.4968E-05 1.6517E-04 2.7250E-04 5.8388E-04 9.6037E-05 9.6233E-04 4.7434E-04 9.0876E-04 5.7414E-04 1.1290E-04 1.7744E-04 1.5384E-04 1.8924E-04 2.4526E-04 3.9548E-04 3.8668E-04 2.3213E-04 2.9316E-04 5.9419E-04 1.8292E-04 9.8391E-05 1.1442E-04 1.2581E-04 0
 0 9.0948E-05 1.5588E-04 2.3689E-04 5.7163E-04 8.1262E-05 8.9836E-04 4.2631E-04 8.0745E-04 5.8042E-04 1.7599E-04 1.5969E-04 2.0146E-04 2.5475E-04 2.6304E-04 3.1149E-04 5.3996E-04 2.3916E-04 4.0174E-04 6.1910E-04 1.8597E-04 1.2814E-04 1.3851E-04 1.2363E-04 0
 0 9.6476E-05 1.8066E-04 2.4463E-04 5.6754E-04 1.1327E-04 8.6777E-04 3.6626E-04 8.9648E-04 6.8709E-04 1.2618E-04 1.7744E-04 1.0989E-04 2.2564E-04 1.9550E-04 3.5699E-04 4.2849E-04 1.8992E-04 3.6555E-04 6.1198E-04 1.3719E-04 1.2585E-04 1.1442E-04 1.3381E-04 0
 0 9.8485E-05 1.6104E-04 2.7560E-04 5.6550E-04 8.8650E-05 8.5108E-04 3.7227E-04 8.2280E-04 5.8042E-04 7.3054E-05 1.6679E-04 1.3553E-04 2.9478E-04 2.3460E-04 3.9198E-04 4.2849E-04 3.0950E-04 4.0536E-04 6.2265E-04 2.2561E-04 1.1898E-04 1.3399E-04 1.3890E-04 0
 0 9.1451E-05 1.6621E-04 2.6631E-04 5.7163E-04 6.1562E-05 6.5639E-04 4.1730E-04 8.7192E-04 7.6866E-04 9.2978E-05 2.0228E-04 1.5750E-04 2.1836E-04 2.3104E-04 3.3949E-04 5.0513E-04 2.2157E-04 3.1850E-04 5.3726E-04 2.3170E-04 1.4873E-04 1.2647E-04 1.5054E-04 0
 0 9.4466E-05 1.5795E-04 2.6012E-04 5.5734E-04 9.3575E-05 7.7320E-04 3.8127E-04 7.5219E-04 6.8395E-04 9.9619E-05 1.4550E-04 1.0256E-04 2.0744E-04 3.3413E-04 3.6749E-04 4.7377E-04 2.4268E-04 3.2212E-04 5.1236E-04 2.1646E-04 1.3043E-04 1.4604E-04 1.3600E-04 0
 0 8.9441E-05 1.8892E-04 2.5857E-04 6.6554E-04 8.3725E-05 8.1492E-04 4.0529E-04 8.5043E-04 6.8709E-04 7.6375E-05 1.0646E-04 1.5750E-04 1.2374E-04 2.7370E-04 3.1499E-04 4.9119E-04 1.9696E-04 2.8592E-04 5.2659E-04 2.4695E-04 1.3271E-04 1.5206E-04 1.2363E-04 0
 0 8.5421E-05 1.5382E-04 2.4309E-04 5.0630E-04 7.8800E-05 8.5386E-04 3.8127E-04 8.6578E-04 6.2434E-04 9.9619E-05 1.0291E-04 1.4651E-04 1.5649E-04 2.0616E-04 3.4299E-04 4.4590E-04 2.3916E-04 3.5107E-04 6.5468E-04 2.5000E-04 1.4187E-04 1.2496E-04 1.4327E-04 0
 0 7.5874E-05 1.4453E-04 2.6786E-04 6.1246E-04 1.1327E-04 8.9836E-04 3.6026E-04 9.3025E-04 6.4317E-04 1.8264E-04 2.0583E-04 1.3186E-04 1.7833E-04 2.5593E-04 3.3249E-04 3.9017E-04 2.4971E-04 2.7868E-04 5.0880E-04 2.1951E-04 1.0983E-04 1.2195E-04 1.3745E-04 0
 0 1.0251E-04 1.3627E-04 2.5083E-04 5.5529E-04 7.8800E-05 8.2605E-04 4.2631E-04 8.8113E-04 5.7414E-04 1.0958E-04 1.4550E-04 1.2087E-04 2.8023E-04 1.9550E-04 4.1648E-04 4.2152E-04 2.3916E-04 3.1850E-04 5.4794E-04 2.3780E-04 1.0983E-04 1.1442E-04 1.2872E-04 0
 0 1.0050E-04 1.6930E-04 2.9263E-04 6.0633E-04 1.0835E-04 7.7320E-04 4.0229E-04 7.6754E-04 6.2748E-04 1.1290E-04 1.5969E-04 1.6117E-04 2.8387E-04 2.1327E-04 3.3599E-04 3.8320E-04 2.4971E-04 2.7868E-04 5.8707E-04 1.7073E-04 9.6103E-05 1.2496E-04 1.2072E-04 0
 0 8.5924E-05 1.6104E-04 2.3380E-04 5.9612E-04 7.6337E-05 8.2883E-04 4.4732E-04 8.7192E-04 6.9023E-04 1.1954E-04 9.9365E-05 1.9047E-04 1.9288E-04 2.2394E-04 2.9399E-04 4.4939E-04 2.7433E-04 3.0040E-04 5.3726E-04 1.3719E-04 7.7798E-05 1.1894E-04 1.2654E-04 0
 0 8.9441E-05 1.7137E-04 2.5547E-04 4.8792E-04 6.1562E-05 8.3995E-04 3.1823E-04 8.0131E-04 6.2748E-04 1.0626E-04 2.0228E-04 1.5018E-04 1.8561E-04 2.0616E-04 3.7799E-04 4.9119E-04 1.4420E-04 2.8592E-04 6.0486E-04 2.3475E-04 8.0086E-05 1.6862E-04 1.2654E-04 0
 0 9.6476E-05 1.3317E-04 2.5083E-04 5.3080E-04 1.1327E-04 8.0658E-04 4.2330E-04 6.9692E-04 6.3062E-04 1.0626E-04 1.4195E-04 1.4651E-04 2.5111E-04 1.9550E-04 2.5899E-04 4.6332E-04 2.4268E-04 3.9812E-04 5.4794E-04 1.7073E-04 1.0526E-04 1.7314E-04 1.2872E-04 0
 0 8.2406E-05 1.6724E-04 2.9263E-04 5.5529E-04 6.6487E-05 7.1758E-04 3.8428E-04 8.8113E-04 7.0278E-04 1.3615E-04 1.3840E-04 1.2087E-04 2.2928E-04 1.8128E-04 3.2199E-04 4.4590E-04 2.0047E-04 2.6783E-04 5.1236E-04 2.0426E-04 1.3043E-04 1.1442E-04 1.2581E-04 0
 0 1.0853E-04 1.2801E-04 2.5392E-04 5.2671E-04 6.1562E-05 8.0658E-04 3.3924E-04 8.3815E-04 6.5572E-04 1.5939E-04 1.3485E-04 1.3553E-04 2.1108E-04 2.7014E-04 3.9548E-04 4.7726E-04 1.8640E-04 3.1126E-04 3.8427E-04 2.1036E-04 1.1670E-04 1.0840E-04 1.1491E-04 0
 0 8.7933E-05 1.9408E-04 2.3999E-04 5.6346E-04 8.6187E-05 8.4273E-04 3.6626E-04 7.9824E-04 6.4944E-04 1.4279E-04 1.8808E-04 9.8897E-05 1.6741E-04 2.7014E-04 3.8498E-04 4.1107E-04 1.9344E-04 3.4021E-04 5.9063E-04 2.1036E-04 1.2356E-04 1.3851E-04 1.4400E-04 0
 0 8.6928E-05 1.5279E-04 2.6321E-04 5.7775E-04 9.8500E-05 9.0114E-04 2.9721E-04 7.5833E-04 6.0865E-04 2.0256E-04 1.4905E-04 1.0256E-04 1.6741E-04 2.7014E-04 3.5699E-04 4.3894E-04 1.6178E-04 2.8592E-04 5.1591E-04 2.1951E-04 7.3221E-05 1.1141E-04 1.1272E-04 0
 0 8.1904E-05 1.4969E-04 2.5083E-04 5.7979E-04 7.1412E-05 7.6486E-04 3.7527E-04 8.1666E-04 7.1219E-04 1.6271E-04 1.1356E-04 1.3186E-04 1.8561E-04 1.5995E-04 4.0598E-04 4.3894E-04 2.2861E-04 2.9678E-04 5.3370E-04 1.6158E-04 1.0983E-04 1.4905E-04 1.1200E-04 0
 0 8.1904E-05 1.2904E-04 2.3070E-04 5.0426E-04 8.1262E-05 7.8433E-04 4.4432E-04 8.1052E-04 6.8395E-04 8.6337E-05 1.1356E-04 1.2454E-04 2.0744E-04 3.2346E-04 2.7649E-04 4.7029E-04 2.2157E-04 2.5697E-04 6.0842E-04 2.1341E-04 1.2814E-04 1.2345E-04 1.4690E-04 0
 0 1.0401E-04 1.5382E-04 2.6167E-04 5.5529E-04 8.3725E-05 7.9823E-04 3.9028E-04 8.7806E-04 6.1807E-04 1.2286E-04 9.5816E-05 1.3186E-04 2.0744E-04 2.7370E-04 3.6399E-04 4.3197E-04 1.9344E-04 2.4973E-04 6.2621E-04 2.7134E-04 1.1441E-04 1.4754E-04 1.3672E-04 0
 0 1.0401E-04 1.4453E-04 2.6476E-04 5.2467E-04 5.4175E-05 8.2883E-04 3.0922E-04 8.3815E-04 5.7728E-04 1.1290E-04 2.1647E-04 1.1355E-04 2.9842E-04 1.9194E-04 3.1499E-04 4.1107E-04 2.2861E-04 3.2212E-04 5.8707E-04 1.9817E-04 1.3500E-04 1.0689E-04 1.3890E-04 0
 0 9.8988E-05 1.6104E-04 2.5238E-04 5.7979E-04 6.1562E-05 8.9836E-04 3.6326E-04 6.7850E-04 7.0591E-04 1.2951E-04 1.2421E-04 9.1572E-05 1.9652E-04 1.5995E-04 4.0248E-04 3.5185E-04 1.7585E-04 3.6917E-04 4.5899E-04 1.4329E-04 1.1212E-04 1.0238E-04 1.2291E-04 0
 0 9.9490E-05 1.9305E-04 2.3534E-04 5.6142E-04 7.3875E-05 7.5929E-04 3.6326E-04 7.6754E-04 5.8983E-04 1.3283E-04 1.6324E-04 1.1355E-04 2.0744E-04 2.1327E-04 3.1149E-04 3.8320E-04 1.9696E-04 2.7145E-04 3.8783E-04 1.9817E-04 1.1898E-04 1.1743E-04 1.2727E-04 0
 0 8.6426E-05 1.4349E-04 2.7870E-04 6.1042E-04 8.1262E-05 9.0392E-04 3.8428E-04 8.3201E-04 6.3062E-04 1.0626E-04 1.4550E-04 1.3553E-04 2.6203E-04 2.7014E-04 3.3249E-04 4.6681E-04 2.1454E-04 2.3525E-04 5.2303E-04 1.7683E-04 1.0526E-04 1.2948E-04 1.4545E-04 0
 0 9.6978E-05 1.5382E-04 2.3070E-04 5.8388E-04 6.6487E-05 7.7876E-04 3.6626E-04 7.7982E-04 5.7101E-04 1.5939E-04 1.4195E-04 1.2820E-04 2.0744E-04 2.5593E-04 3.1849E-04 4.6332E-04 2.3213E-04 3.2574E-04 4.8745E-04 2.2561E-04 1.1212E-04 1.2496E-04 1.3818E-04 0
 0 9.1953E-05 1.5279E-04 2.7715E-04 5.2875E-04 8.8650E-05 7.5929E-04 3.6026E-04 7.7675E-04 6.1493E-04 1.3947E-04 1.1711E-04 1.3553E-04 2.2564E-04 1.6706E-04 3.2549E-04 5.2254E-04 2.7785E-04 2.5697E-04 4.9457E-04 2.2865E-04 1.2814E-04 1.4002E-04 1.5200E-04 0
 0 9.8988E-05 1.5072E-04 2.2451E-04 5.5734E-04 6.4025E-05 8.0101E-04 3.6026E-04 8.1666E-04 5.9297E-04 1.1954E-04 1.2775E-04 1.4285E-04 1.8197E-04 2.1327E-04 3.1849E-04 3.9017E-04 2.2509E-04 3.6917E-04 5.3370E-04 2.1341E-04 1.0983E-04 1.5959E-04 1.1200E-04 0
 0 1.0602E-04 1.4349E-04 2.3844E-04 5.6958E-04 9.1112E-05 7.1479E-04 3.1823E-04 9.6403E-04 6.9964E-04 1.2286E-04 1.7034E-04 1.4285E-04 2.0380E-04 2.8081E-04 3.6399E-04 3.2398E-04 1.4068E-04 2.9678E-04 5.1947E-04 2.0731E-04 1.1670E-04 1.5206E-04 1.3381E-04 0
 0 1.0753E-04 1.3317E-04 2.5238E-04 5.4917E-04 8.1262E-05 7.7598E-04 2.6719E-04 8.1359E-04 5.5218E-04 1.5275E-04 1.3485E-04 1.0989E-04 1.7469E-04 2.5237E-04 3.0799E-04 4.3894E-04 1.7585E-04 3.0764E-04 5.5149E-04 2.0731E-04 7.5509E-05 1.6561E-04 1.3163E-04 0
 0 8.7933E-05 1.5898E-04 2.5392E-04 5.6142E-04 7.1412E-05 7.6486E-04 3.6026E-04 7.8289E-04 5.9610E-04 1.0958E-04 1.6324E-04 7.6920E-05 1.7833E-04 2.2394E-04 3.5349E-04 3.3791E-04 2.4268E-04 3.2212E-04 5.0524E-04 1.4329E-04 1.0297E-04 1.1593E-04 1.4181E-04 0
 0 9.3963E-05 1.6827E-04 2.6631E-04 5.0017E-04 9.3575E-05 7.8989E-04 3.1222E-04 8.6885E-04 5.5846E-04 1.1622E-04 1.5614E-04 1.0256E-04 1.8197E-04 2.5237E-04 3.4649E-04 4.3894E-04 1.9696E-04 2.4611E-04 5.0524E-04 2.1951E-04 8.2374E-05 1.0689E-04 1.3527E-04 0
 0 1.1105E-04 1.3317E-04 2.3070E-04 5.8796E-04 1.0096E-04 8.1214E-04 3.5125E-04 7.1227E-04 5.7101E-04 1.2618E-04 1.5969E-04 1.1721E-04 1.9652E-04 1.4929E-04 3.2199E-04 4.3545E-04 1.3365E-04 2.5335E-04 5.5861E-04 1.4329E-04 1.0983E-04 1.2647E-04 1.2072E-04 0
 0 8.5924E-05 1.5898E-04 2.3689E-04 5.8796E-04 5.9100E-05 8.4552E-04 3.9328E-04 8.1359E-04 6.7140E-04 1.5275E-04 1.5260E-04 1.5018E-04 2.7659E-04 2.4526E-04 2.9749E-04 3.2398E-04 1.7585E-04 2.6783E-04 4.9101E-04 2.1951E-04 1.2127E-04 1.4754E-04 1.3091E-04 0
 0 1.0853E-04 1.5485E-04 2.3689E-04 5.6958E-04 7.1412E-05 7.2592E-04 3.7227E-04 7.2455E-04 5.3022E-04 1.2951E-04 1.5614E-04 1.5018E-04 1.8561E-04 1.6706E-04 2.8699E-04 3.7275E-04 2.0751E-04 2.8954E-04 4.8745E-04 2.1036E-04 1.0526E-04 1.3098E-04 1.3963E-04 0
 0 8.9441E-05 1.3111E-04 2.5392E-04 6.2266E-04 5.6637E-05 7.6208E-04 4.0229E-04 8.3201E-04 5.8669E-04 1.2951E-04 1.9518E-04 1.4651E-04 2.0380E-04 2.4171E-04 3.2199E-04 3.1353E-04 1.7585E-04 2.4611E-04 5.1236E-04 2.2256E-04 1.0526E-04 1.1743E-04 1.4690E-04 0
 0 1.1306E-04 1.4246E-04 2.3689E-04 5.2263E-04 7.8800E-05 7.8155E-04 4.4432E-04 7.4298E-04 5.6473E-04 6.9734E-05 1.6679E-04 1.3186E-04 2.6203E-04 2.2038E-04 2.7649E-04 4.0758E-04 2.3916E-04 2.7145E-04 5.2659E-04 2.1341E-04 1.0754E-04 1.1442E-04 1.1854E-04 0
 0 9.6978E-05 1.4040E-04 2.9573E-04 5.1855E-04 6.6487E-05 7.5929E-04 3.4525E-04 8.4429E-04 5.7101E-04 1.3283E-04 1.2775E-04 1.1721E-04 2.0380E-04 1.4929E-04 2.9399E-04 4.3197E-04 2.2157E-04 3.1488E-04 5.5149E-04 2.3475E-04 7.5509E-05 1.0087E-04 1.3454E-04 0
 0 9.2456E-05 1.4866E-04 2.3999E-04 5.2059E-04 6.4025E-05 8.2048E-04 3.0922E-04 8.4429E-04 5.6159E-04 9.2978E-05 1.6679E-04 1.2087E-04 1.3102E-04 2.2394E-04 3.0449E-04 2.7521E-04 1.5475E-04 2.5697E-04 4.5899E-04 1.5244E-04 1.0754E-04 1.3700E-04 1.2291E-04 0
 0 9.8988E-05 1.2904E-04 2.8179E-04 5.1038E-04 8.3725E-05 8.6777E-04 4.4132E-04 7.7675E-04 6.4003E-04 9.6299E-05 1.4905E-04 1.4651E-04 2.1108E-04 3.0569E-04 2.2399E-04 2.9959E-04 2.3916E-04 3.0040E-04 5.3726E-04 1.7683E-04 1.1898E-04 1.5357E-04 1.4618E-04 0
 0 7.2859E-05 1.5279E-04 2.3689E-04 6.4104E-04 6.6487E-05 7.8711E-04 3.5726E-04 7.5526E-04 6.4944E-04 8.9657E-05 1.5614E-04 1.5384E-04 1.9288E-04 2.4526E-04 2.7999E-04 3.5881E-04 2.4268E-04 2.4611E-04 4.5187E-04 1.9207E-04 1.3271E-04 1.1442E-04 1.0909E-04 0
 0 9.2958E-05 1.5795E-04 2.5857E-04 5.6754E-04 4.4325E-05 9.2617E-04 3.8728E-04 7.7675E-04 6.0552E-04 1.1954E-04 1.9518E-04 1.2087E-04 1.0918E-04 2.8081E-04 4.1648E-04 3.4488E-04 2.4619E-04 3.6555E-04 5.5861E-04 1.7987E-04 1.1441E-04 1.2044E-04 1.3963E-04 0
 0 1.1004E-04 1.3833E-04 2.5392E-04 5.2875E-04 7.8800E-05 8.0658E-04 3.5125E-04 8.6885E-04 4.4551E-04 1.5607E-04 1.5260E-04 1.0989E-04 1.6377E-04 1.6351E-04 3.0449E-04 4.1107E-04 1.4420E-04 3.0402E-04 5.7640E-04 1.7073E-04 1.2127E-04 1.4152E-04 1.1491E-04 0
 0 9.2456E-05 1.3317E-04 2.4773E-04 5.7979E-04 6.1562E-05 8.2326E-04 4.1730E-04 8.2894E-04 5.6787E-04 1.5939E-04 9.5816E-05 1.1721E-04 1.0918E-04 2.0261E-04 3.2899E-04 3.2746E-04 2.4619E-04 3.0402E-04 4.7322E-04 1.7073E-04 1.3043E-04 1.5357E-04 1.2436E-04 0
 0 8.7431E-05 1.2698E-04 2.5702E-04 4.9813E-04 1.0342E-04 8.5942E-04 4.0229E-04 7.2148E-04 5.3963E-04 1.9260E-04 1.1711E-04 1.2820E-04 1.5285E-04 2.1327E-04 3.0099E-04 4.1107E-04 1.8992E-04 2.5335E-04 4.2341E-04 1.7378E-04 1.0297E-04 1.1743E-04 1.2509E-04 0
 0 8.5924E-05 1.4143E-04 2.5702E-04 5.5938E-04 7.1412E-05 7.8155E-04 3.9929E-04 7.7982E-04 5.6159E-04 1.3615E-04 1.8099E-04 1.2820E-04 1.6741E-04 1.9194E-04 2.8349E-04 2.8914E-04 2.2861E-04 2.7868E-04 4.6254E-04 1.6463E-04 8.6950E-05 1.5808E-04 1.5709E-04 0
 0 1.0050E-04 1.3420E-04 2.1831E-04 5.4304E-04 8.1262E-05 7.8989E-04 3.5726E-04 8.2894E-04 5.8983E-04 8.6337E-05 1.4195E-04 8.4246E-05 1.6013E-04 1.7773E-04 2.5549E-04 3.3094E-04 1.8992E-04 2.2078E-04 5.1947E-04 1.6768E-04 9.6103E-05 1.2948E-04 1.3818E-04 0
 0 9.8988E-05 1.7137E-04 2.6012E-04 6.2062E-04 8.1262E-05 7.9823E-04 3.3324E-04 7.2762E-04 5.3963E-04 1.3947E-04 9.9365E-05 9.8897E-05 2.1472E-04 2.3460E-04 2.7649E-04 4.0410E-04 2.1102E-04 2.8230E-04 4.9812E-04 2.3170E-04 1.1670E-04 1.1141E-04 1.2800E-04 0
 0 9.7983E-05 1.4659E-04 2.3999E-04 5.0834E-04 7.8800E-05 8.4552E-04 2.9721E-04 7.8903E-04 4.8002E-04 1.0626E-04 1.3840E-04 1.6483E-04 1.0918E-04 2.3104E-04 2.7999E-04 3.7623E-04 2.1102E-04 2.7507E-04 4.5543E-04 1.0671E-04 9.8391E-05 1.3851E-04 1.2872E-04 0
 0 9.3461E-05 1.2594E-04 2.5857E-04 5.7775E-04 6.4025E-05 8.6498E-04 2.9721E-04 8.0745E-04 5.0198E-04 1.0294E-04 1.2066E-04 9.1572E-05 1.6013E-04 1.7417E-04 2.6249E-04 3.3443E-04 1.8992E-04 3.1488E-04 4.5187E-04 1.4024E-04 1.0297E-04 1.2195E-04 1.2727E-04 0
 0 1.0351E-04 1.4453E-04 2.6476E-04 5.9817E-04 5.1712E-05 8.2326E-04 2.3717E-04 7.4912E-04 5.4591E-04 9.6299E-05 1.1356E-04 1.1721E-04 2.4747E-04 2.0616E-04 2.9049E-04 3.5185E-04 2.1454E-04 2.3887E-04 5.0880E-04 1.8597E-04 7.5509E-05 1.0087E-04 1.3091E-04 0
 0 8.4919E-05 1.3420E-04 2.5547E-04 4.7159E-04 7.6337E-05 7.6208E-04 3.0022E-04 7.2455E-04 5.6159E-04 9.6299E-05 1.1711E-04 1.1355E-04 1.4557E-04 2.2394E-04 2.9749E-04 3.3443E-04 1.4068E-04 2.8954E-04 4.9101E-04 1.9817E-04 1.2814E-04 1.2797E-04 1.2072E-04 0
 0 1.0703E-04 1.2285E-04 2.4154E-04 5.5734E-04 7.8800E-05 7.9545E-04 3.8127E-04 7.1841E-04 5.5218E-04 1.0626E-04 1.6679E-04 6.5932E-05 1.4193E-04 2.1683E-04 3.3249E-04 3.3443E-04 2.2157E-04 2.6783E-04 5.6217E-04 1.8902E-04 8.2374E-05 1.0238E-04 1.2800E-04 0
 0 7.9894E-05 1.2491E-04 2.1831E-04 6.0429E-04 7.1412E-05 8.6220E-04 3.6026E-04 7.8903E-04 4.3924E-04 1.2618E-04 1.0646E-04 1.0622E-04 1.8924E-04 1.6351E-04 2.8699E-04 3.3094E-04 2.1806E-04 2.7145E-04 4.8745E-04 1.7073E-04 5.9492E-05 1.4152E-04 1.2800E-04 0
 0 9.6476E-05 1.4762E-04 2.1522E-04 5.9000E-04 5.4175E-05 7.5929E-04 3.4525E-04 7.4298E-04 6.1807E-04 9.9619E-05 1.5260E-04 6.9594E-05 2.4019E-04 1.8484E-04 2.9749E-04 4.0410E-04 1.8992E-04 3.0040E-04 5.1947E-04 1.9512E-04 9.1527E-05 1.1141E-04 1.2436E-04 0
 0 9.6476E-05 1.6930E-04 2.5238E-04 5.7775E-04 7.8800E-05 7.7598E-04 3.2423E-04 8.0131E-04 5.4277E-04 1.5275E-04 1.2775E-04 1.2820E-04 1.8197E-04 1.7417E-04 3.1499E-04 3.1353E-04 1.7234E-04 2.5697E-04 4.4475E-04 1.9512E-04 1.1670E-04 1.3550E-04 1.1418E-04 0
 0 9.5973E-05 1.5588E-04 2.8025E-04 6.3083E-04 7.6337E-05 7.9267E-04 3.4525E-04 7.0613E-04 5.3649E-04 1.0294E-04 9.5816E-05 8.0583E-05 2.6567E-04 1.3863E-04 3.3949E-04 3.3791E-04 2.0399E-04 1.9906E-04 4.8745E-04 2.1951E-04 9.6103E-05 1.1743E-04 1.1418E-04 0
 0 7.8386E-05 1.5175E-04 2.5857E-04 4.6955E-04 7.1412E-05 7.7876E-04 3.2123E-04 7.6140E-04 5.8669E-04 1.1290E-04 1.3130E-04 1.2087E-04 2.0744E-04 1.7062E-04 2.1699E-04 3.6926E-04 1.5475E-04 2.7145E-04 5.7996E-04 1.6768E-04 8.2374E-05 1.4754E-04 1.4618E-04 0
 0 9.1953E-05 1.2904E-04 2.2451E-04 5.9612E-04 8.8650E-05 8.1770E-04 3.5125E-04 7.6447E-04 6.0865E-04 7.3054E-05 1.1356E-04 9.5235E-05 1.5649E-04 2.6659E-04 3.2899E-04 3.6926E-04 2.0751E-04 2.3163E-04 4.7322E-04 1.9817E-04 9.1527E-05 1.1743E-04 1.2436E-04 0
 0 7.4869E-05 1.6930E-04 2.1367E-04 5.7367E-04 7.3875E-05 7.9823E-04 4.0829E-04 7.1227E-04 5.3336E-04 1.2951E-04 1.2421E-04 1.1355E-04 1.5285E-04 2.1327E-04 3.0449E-04 3.9017E-04 1.7234E-04 2.7507E-04 4.2341E-04 1.7683E-04 1.2814E-04 1.4754E-04 1.1418E-04 0
 0 1.1808E-04 1.3214E-04 2.3070E-04 5.1651E-04 6.8950E-05 8.0936E-04 3.0322E-04 7.9517E-04 5.3649E-04 1.3615E-04 9.2267E-05 1.0622E-04 1.6377E-04 1.6706E-04 2.7999E-04 3.5185E-04 1.7234E-04 2.2801E-04 4.9457E-04 1.4939E-04 7.5509E-05 1.2647E-04 1.3818E-04 0
 0 9.2456E-05 1.3317E-04 2.7870E-04 4.7567E-04 7.1412E-05 8.1770E-04 3.3624E-04 6.6929E-04 4.9885E-04 8.3016E-05 8.5170E-05 1.3919E-04 1.6377E-04 2.0972E-04 3.6399E-04 3.9017E-04 2.1454E-04 2.8954E-04 4.8389E-04 1.2195E-04 8.9238E-05 1.1141E-04 1.5054E-04 0
 0 8.9441E-05 1.5898E-04 2.2605E-04 6.1654E-04 7.3875E-05 7.1201E-04 3.6927E-04 7.6754E-04 5.7728E-04 1.1290E-04 1.4195E-04 1.4651E-04 1.7469E-04 1.7417E-04 3.0799E-04 3.7971E-04 1.7234E-04 2.9678E-04 4.2696E-04 2.1951E-04 9.6103E-05 1.2195E-04 1.1272E-04 0
 0 1.0653E-04 1.5898E-04 2.4618E-04 6.0021E-04 8.1262E-05 7.7598E-04 3.6626E-04 8.0438E-04 5.9610E-04 1.2618E-04 1.1001E-04 7.6920E-05 2.1108E-04 1.7773E-04 2.6599E-04 4.1107E-04 1.8289E-04 2.0992E-04 5.3726E-04 9.7559E-05 8.4662E-05 1.2496E-04 1.4036E-04 0
 0 1.0301E-04 1.4659E-04 2.2915E-04 5.2875E-04 5.4175E-05 7.2314E-04 3.2724E-04 6.7236E-04 5.4591E-04 1.2951E-04 9.2267E-05 8.0583E-05 2.2928E-04 2.2394E-04 3.7449E-04 3.9017E-04 1.9344E-04 2.8954E-04 5.1236E-04 2.1951E-04 8.6950E-05 9.7860E-05 1.2945E-04 0
 0 1.0954E-04 1.5072E-04 2.3225E-04 5.0017E-04 7.1412E-05 7.3148E-04 3.0322E-04 6.9385E-04 5.2708E-04 9.9619E-05 1.3485E-04 1.5384E-04 1.6741E-04 1.7062E-04 2.4849E-04 2.9611E-04 1.7937E-04 2.4973E-04 3.3445E-04 1.8902E-04 9.1527E-05 1.1593E-04 1.1200E-04 0
 0 9.0948E-05 1.3111E-04 2.6012E-04 5.3692E-04 8.3725E-05 7.6486E-04 3.5425E-04 7.2455E-04 5.3649E-04 1.0626E-04 1.6679E-04 1.6117E-04 2.0016E-04 2.5593E-04 3.2199E-04 3.1701E-04 1.7234E-04 1.8820E-04 4.5543E-04 1.2805E-04 8.6950E-05 1.0840E-04 1.3454E-04 0
 0 1.0401E-04 1.4556E-04 2.0902E-04 4.5730E-04 5.9100E-05 7.1758E-04 2.4618E-04 7.0306E-04 6.3375E-04 7.9695E-05 1.1711E-04 1.6483E-04 2.0016E-04 1.6706E-04 2.6249E-04 4.1107E-04 1.7585E-04 2.7868E-04 5.1591E-04 2.0731E-04 1.2127E-04 1.2496E-04 1.4181E-04 0
 0 8.5924E-05 1.5072E-04 2.8334E-04 5.3896E-04 5.4175E-05 7.1758E-04 3.4525E-04 7.4298E-04 5.2394E-04 1.3947E-04 9.2267E-05 1.0622E-04 1.2374E-04 1.5640E-04 2.7999E-04 3.1004E-04 1.1958E-04 3.1850E-04 4.3052E-04 2.0731E-04 7.3221E-05 9.7860E-05 1.2000E-04 0
 0 8.6426E-05 1.2285E-04 2.5392E-04 5.2059E-04 7.8800E-05 8.8723E-04 3.4225E-04 7.0613E-04 5.1453E-04 1.4611E-04 1.1001E-04 1.0256E-04 1.7833E-04 1.8839E-04 2.4499E-04 3.1353E-04 1.9696E-04 2.2440E-04 4.4475E-04 1.6768E-04 9.1527E-05 9.7860E-05 1.3454E-04 0
 0 9.0446E-05 1.2491E-04 2.1522E-04 5.5734E-04 7.1412E-05 7.1479E-04 3.3624E-04 7.3376E-04 5.5846E-04 1.0294E-04 1.2421E-04 1.3186E-04 2.0016E-04 2.2394E-04 2.3099E-04 3.1353E-04 1.9696E-04 2.7145E-04 3.8071E-04 1.0975E-04 9.3815E-05 1.3851E-04 1.3745E-04 0
 0 1.0150E-04 1.2491E-04 2.5702E-04 4.7363E-04 4.6787E-05 8.1770E-04 3.3924E-04 8.0745E-04 5.1767E-04 9.6299E-05 1.3840E-04 9.5235E-05 1.6377E-04 1.5995E-04 2.5899E-04 3.9017E-04 1.8992E-04 1.9544E-04 4.7322E-04 1.6463E-04 8.4662E-05 1.0238E-04 1.2000E-04 0
 0 9.1953E-05 1.3111E-04 2.3534E-04 5.6550E-04 4.9250E-05 7.7042E-04 3.9929E-04 6.9385E-04 6.0238E-04 9.6299E-05 1.1001E-04 7.3257E-05 1.2374E-04 1.7062E-04 2.6249E-04 3.4139E-04 1.1958E-04 2.1716E-04 5.2303E-04 1.7987E-04 1.0068E-04 1.0990E-04 1.1127E-04 0
 0 9.0948E-05 1.1252E-04 2.6631E-04 5.0017E-04 6.1562E-05 6.8142E-04 3.6026E-04 7.3069E-04 5.9297E-04 1.0294E-04 1.2775E-04 1.1355E-04 1.6377E-04 1.8839E-04 2.5899E-04 3.6926E-04 1.4068E-04 2.2440E-04 5.0880E-04 1.3719E-04 9.1527E-05 1.3098E-04 1.3818E-04 0
 0 8.0396E-05 1.2078E-04 2.8334E-04 4.9201E-04 5.6637E-05 7.1201E-04 4.1130E-04 7.1841E-04 5.1453E-04 8.3016E-05 1.1711E-04 6.2269E-05 1.6741E-04 2.2749E-04 2.3099E-04 2.9611E-04 1.5123E-04 1.8820E-04 4.9457E-04 1.1585E-04 9.6103E-05 1.1141E-04 1.0254E-04 0
 0 1.0954E-04 1.2388E-04 2.1676E-04 5.3080E-04 8.3725E-05 8.3439E-04 2.4618E-04 6.7850E-04 5.4591E-04 6.6413E-05 1.3130E-04 1.2454E-04 2.1472E-04 1.8128E-04 2.9049E-04 3.5881E-04 1.8992E-04 2.5697E-04 4.8389E-04 1.6768E-04 1.2585E-04 1.1593E-04 1.2872E-04 0
 0 9.1451E-05 1.6827E-04 2.6941E-04 5.3284E-04 2.4625E-05 7.2314E-04 3.5125E-04 6.6315E-04 5.8042E-04 1.2286E-04 1.0646E-04 6.2269E-05 1.6741E-04 2.3460E-04 2.3799E-04 2.3340E-04 1.5123E-04 1.5563E-04 4.0562E-04 1.6463E-04 1.2356E-04 1.1743E-04 1.0182E-04 0
 0 9.2456E-05 1.5382E-04 2.4154E-04 4.8792E-04 6.1562E-05 7.6764E-04 3.2724E-04 7.4298E-04 6.3062E-04 1.1622E-04 1.1001E-04 8.7909E-05 2.0380E-04 1.4574E-04 2.4499E-04 3.1701E-04 1.6178E-04 1.8096E-04 3.9850E-04 2.3475E-04 8.2374E-05 1.0840E-04 1.1418E-04 0
 0 9.3963E-05 1.2698E-04 2.6167E-04 5.3488E-04 5.9100E-05 7.2314E-04 3.6927E-04 7.1841E-04 5.0198E-04 1.3283E-04 1.1001E-04 1.0989E-04 1.3465E-04 2.0261E-04 2.7299E-04 4.0062E-04 2.2861E-04 2.4611E-04 5.3015E-04 1.9817E-04 1.0754E-04 7.2266E-05 1.2363E-04 0
 0 1.0401E-04 1.4556E-04 2.4309E-04 5.7163E-04 5.9100E-05 6.6195E-04 2.7620E-04 7.5219E-04 7.0278E-04 7.3054E-05 1.0646E-04 1.2454E-04 1.0190E-04 1.8484E-04 3.2549E-04 3.2746E-04 1.2661E-04 2.7145E-04 4.0562E-04 1.5548E-04 1.5331E-04 1.0840E-04 1.2727E-04 0
 0 8.7431E-05 1.2388E-04 2.3689E-04 4.9813E-04 7.3875E-05 8.4273E-04 3.7827E-04 6.9078E-04 5.6159E-04 6.3092E-05 8.8718E-05 1.0622E-04 1.6377E-04 1.9550E-04 2.1349E-04 3.3094E-04 1.5827E-04 2.8954E-04 3.5580E-04 1.5853E-04 1.3500E-04 1.0087E-04 1.1927E-04 0
 0 9.7480E-05 1.2904E-04 2.6012E-04 5.3692E-04 3.4475E-05 6.2857E-04 2.4918E-04 7.9517E-04 4.9885E-04 9.2978E-05 9.2267E-05 5.1280E-05 1.3102E-04 2.0616E-04 2.2049E-04 3.6230E-04 1.5827E-04 1.9906E-04 3.3801E-04 1.8597E-04 8.0086E-05 1.2797E-04 1.2436E-04 0
 0 9.1953E-05 1.3007E-04 2.5547E-04 5.7571E-04 5.6637E-05 7.3426E-04 3.6326E-04 7.5219E-04 5.6473E-04 1.0626E-04 1.0291E-04 1.0622E-04 1.2374E-04 1.3507E-04 1.9249E-04 3.3094E-04 1.4068E-04 2.9678E-04 4.6610E-04 1.3414E-04 8.4662E-05 1.2195E-04 1.1491E-04 0
 0 9.7480E-05 1.2698E-04 2.2760E-04 4.8588E-04 7.3875E-05 7.7598E-04 3.6626E-04 6.6929E-04 5.4277E-04 6.9734E-05 9.5816E-05 1.0256E-04 1.3102E-04 1.8128E-04 2.7299E-04 3.6230E-04 1.3717E-04 2.2078E-04 4.5543E-04 1.5548E-04 1.2127E-04 1.0840E-04 1.1563E-04 0
 0 9.3963E-05 1.7446E-04 2.5238E-04 5.6346E-04 6.6487E-05 7.8711E-04 2.8521E-04 6.9385E-04 5.2394E-04 7.9695E-05 1.3485E-04 1.1355E-04 1.6741E-04 1.7773E-04 2.5549E-04 3.3443E-04 2.2861E-04 2.2078E-04 5.3370E-04 2.1951E-04 1.0068E-04 1.0388E-04 1.2000E-04 0
 0 1.0853E-04 1.1356E-04 1.8270E-04 4.6751E-04 5.4175E-05 8.1214E-04 3.2724E-04 7.4298E-04 5.1140E-04 5.6451E-05 9.5816E-05 1.1355E-04 1.4193E-04 1.8839E-04 2.6249E-04 3.3094E-04 1.7234E-04 3.1488E-04 4.9101E-04 1.7987E-04 5.9492E-05 1.2195E-04 1.1781E-04 0
 0 1.0301E-04 1.2698E-04 2.3689E-04 5.2467E-04 2.7087E-05 7.5095E-04 3.4225E-04 8.1973E-04 5.0512E-04 5.3130E-05 1.4195E-04 9.5235E-05 1.3829E-04 2.3460E-04 2.7649E-04 2.8914E-04 1.3365E-04 2.4611E-04 4.1629E-04 1.7378E-04 8.4662E-05 1.0840E-04 1.1781E-04 0
 0 1.0050E-04 1.4349E-04 2.1676E-04 5.4100E-04 8.1262E-05 8.0658E-04 3.5125E-04 8.1666E-04 4.9571E-04 9.9619E-05 7.0975E-05 1.3553E-04 1.8197E-04 1.8484E-04 2.3449E-04 3.5881E-04 1.6882E-04 2.2078E-04 3.7359E-04 1.4939E-04 9.8391E-05 9.9366E-05 1.2509E-04 0
 0 9.9490E-05 1.5485E-04 2.1522E-04 4.5322E-04 3.4475E-05 6.6751E-04 3.4525E-04 6.2631E-04 6.0238E-04 9.9619E-05 1.0646E-04 8.0583E-05 1.8197E-04 1.3507E-04 2.6949E-04 2.3340E-04 2.5323E-04 2.3163E-04 3.8783E-04 2.0426E-04 1.3271E-04 1.1593E-04 1.2291E-04 0
 0 9.6978E-05 1.3111E-04 3.1121E-04 4.5934E-04 7.3875E-05 8.0658E-04 3.5125E-04 8.1973E-04 4.4237E-04 1.0626E-04 1.3130E-04 7.6920E-05 1.9288E-04 1.7773E-04 3.3949E-04 3.2049E-04 1.7585E-04 2.0268E-04 3.6648E-04 1.4634E-04 9.6103E-05 1.1894E-04 1.1345E-04 0
 0 9.7983E-05 1.3730E-04 2.3070E-04 5.4509E-04 5.6637E-05 7.5095E-04 3.5125E-04 8.7192E-04 5.3336E-04 6.9734E-05 1.2421E-04 5.8606E-05 2.3656E-04 1.9905E-04 2.6249E-04 2.6476E-04 1.8640E-04 2.0992E-04 4.0206E-04 1.5548E-04 7.5509E-05 8.7321E-05 1.3309E-04 0
 0 8.0899E-05 1.3111E-04 2.5857E-04 5.6754E-04 5.6637E-05 8.0658E-04 3.0622E-04 7.5219E-04 4.7061E-04 1.1290E-04 7.4523E-05 1.2454E-04 1.6377E-04 2.0616E-04 3.3949E-04 4.1455E-04 1.4772E-04 1.9182E-04 4.0562E-04 2.4390E-04 9.6103E-05 1.2797E-04 1.0182E-04 0
 0 9.2958E-05 1.3833E-04 2.5547E-04 5.1855E-04 5.4175E-05 7.7598E-04 3.1523E-04 6.9078E-04 5.4591E-04 9.2978E-05 1.0291E-04 9.5235E-05 1.4557E-04 2.0616E-04 2.4499E-04 3.1353E-04 1.3365E-04 2.0992E-04 4.4120E-04 1.6158E-04 1.2585E-04 9.6355E-05 1.2218E-04 0
 0 9.2456E-05 1.1356E-04 2.2451E-04 5.7163E-04 5.6637E-05 7.8711E-04 3.0022E-04 7.7061E-04 6.7140E-04 9.6299E-05 9.2267E-05 6.5932E-05 1.6377E-04 1.4218E-04 2.8349E-04 3.3094E-04 1.6178E-04 2.2440E-04 4.2341E-04 1.7683E-04 9.3815E-05 9.6355E-05 1.3818E-04 0
 0 9.5471E-05 1.1872E-04 2.7870E-04 5.2875E-04 2.2162E-05 7.4539E-04 3.5726E-04 7.7368E-04 4.2669E-04 7.9695E-05 1.0291E-04 7.3257E-05 1.4921E-04 1.8484E-04 2.4499E-04 3.2746E-04 1.6178E-04 2.3525E-04 4.8745E-04 1.7987E-04 9.8391E-05 1.0840E-04 1.1491E-04 0
 0 9.0446E-05 1.3937E-04 2.5702E-04 5.6346E-04 5.4175E-05 7.2592E-04 2.8220E-04 7.5833E-04 5.6159E-04 6.6413E-05 1.0646E-04 1.2820E-04 1.7833E-04 2.0261E-04 2.5549E-04 3.0656E-04 1.3013E-04 2.7868E-04 4.3764E-04 1.6768E-04 7.7798E-05 9.9366E-05 1.3163E-04 0
 0 8.4416E-05 1.3833E-04 2.4463E-04 5.0426E-04 5.9100E-05 7.2036E-04 2.9421E-04 6.6622E-04 5.7101E-04 1.1622E-04 1.2066E-04 8.4246E-05 1.4921E-04 1.7062E-04 2.6949E-04 2.7521E-04 1.3013E-04 2.7145E-04 4.0917E-04 1.5548E-04 6.8645E-05 1.0990E-04 1.2291E-04 0
 0 8.8938E-05 1.5175E-04 2.4463E-04 5.2671E-04 6.8950E-05 6.9811E-04 3.2724E-04 7.1841E-04 4.4237E-04 1.0958E-04 9.2267E-05 1.3553E-04 1.7833E-04 2.2394E-04 2.2049E-04 2.4037E-04 1.5123E-04 1.9544E-04 4.1985E-04 1.3110E-04 1.0297E-04 9.6355E-05 1.2581E-04 0
 0 9.3461E-05 1.5175E-04 2.4928E-04 5.1855E-04 5.4175E-05 7.9545E-04 3.5425E-04 7.2148E-04 5.3022E-04 7.3054E-05 8.8718E-05 8.4246E-05 1.8924E-04 2.2394E-04 2.2049E-04 3.4836E-04 9.1444E-05 2.0630E-04 4.2696E-04 1.0366E-04 1.2127E-04 1.1442E-04 1.3091E-04 0
 0 9.0948E-05 1.5382E-04 2.9573E-04 6.1450E-04 5.6637E-05 7.1758E-04 3.3624E-04 6.9078E-04 4.0472E-04 7.9695E-05 1.5969E-04 6.2269E-05 8.7344E-05 1.9550E-04 1.5399E-04 3.6230E-04 1.1958E-04 2.3525E-04 3.9494E-04 1.4329E-04 1.0754E-04 9.3343E-05 1.1854E-04 0
 0 8.8938E-05 1.4866E-04 1.9664E-04 5.0426E-04 7.6337E-05 7.5651E-04 3.3624E-04 7.6140E-04 5.9297E-04 1.0626E-04 4.9682E-05 1.1355E-04 2.0016E-04 1.9194E-04 1.8549E-04 2.9959E-04 1.4068E-04 1.9544E-04 4.2696E-04 1.7987E-04 9.3815E-05 9.3343E-05 1.0182E-04 0
 0 8.3411E-05 1.4556E-04 2.5857E-04 5.2671E-04 3.9400E-05 6.2857E-04 3.3924E-04 7.7368E-04 5.7101E-04 9.2978E-05 1.6324E-04 1.0989E-04 1.7469E-04 1.6706E-04 2.0649E-04 3.3443E-04 1.2661E-04 2.4611E-04 3.7715E-04 1.8902E-04 9.1527E-05 1.1593E-04 1.2509E-04 0
 0 1.0653E-04 1.3420E-04 2.1367E-04 5.0426E-04 5.1712E-05 8.1492E-04 3.1823E-04 7.5526E-04 6.0552E-04 1.3615E-04 8.5170E-05 6.9594E-05 1.5649E-04 2.1327E-04 2.3099E-04 2.6824E-04 1.4772E-04 2.1716E-04 4.7322E-04 1.6768E-04 7.7798E-05 1.0990E-04 1.3236E-04 0
 0 7.4869E-05 1.3214E-04 2.2296E-04 5.0017E-04 6.1562E-05 7.4539E-04 2.6419E-04 6.8464E-04 5.2394E-04 4.6489E-05 7.4523E-05 9.1572E-05 1.3102E-04 1.5995E-04 2.3799E-04 3.3791E-04 1.4420E-04 1.8096E-04 3.8427E-04 1.6768E-04 7.5509E-05 1.0087E-04 1.2291E-04 0
 0 8.9441E-05 1.5072E-04 2.2141E-04 5.7163E-04 6.1562E-05 7.2036E-04 3.8127E-04 6.2324E-04 5.3336E-04 6.3092E-05 8.8718E-05 5.1280E-05 1.2010E-04 1.7773E-04 1.9599E-04 3.5533E-04 1.5475E-04 2.6421E-04 4.0562E-04 9.7559E-05 7.7798E-05 9.3343E-05 1.2291E-04 0
 0 9.2958E-05 1.5072E-04 2.6786E-04 5.5529E-04 7.6337E-05 7.2870E-04 2.7620E-04 6.6008E-04 5.2708E-04 5.3130E-05 7.0975E-05 9.1572E-05 1.5649E-04 1.6706E-04 1.7849E-04 3.4836E-04 1.0903E-04 1.6649E-04 4.5187E-04 1.3719E-04 7.0933E-05 1.2647E-04 1.2727E-04 0
 0 1.0552E-04 1.3317E-04 2.8179E-04 5.4509E-04 6.6487E-05 8.6498E-04 3.2724E-04 6.9999E-04 5.5218E-04 6.9734E-05 1.3130E-04 8.0583E-05 1.2374E-04 1.9550E-04 1.7849E-04 4.5984E-04 1.3717E-04 2.0268E-04 5.1236E-04 1.6768E-04 8.4662E-05 1.1442E-04 1.2727E-04 0
 0 9.7983E-05 1.2491E-04 1.8735E-04 4.9609E-04 4.6787E-05 6.7864E-04 3.6626E-04 7.3069E-04 5.8669E-04 6.6413E-05 1.2421E-04 5.4943E-05 1.2738E-04 1.9905E-04 3.1149E-04 3.3443E-04 1.3365E-04 2.2801E-04 5.0524E-04 1.6158E-04 8.2374E-05 1.2044E-04 1.1636E-04 0
 0 8.7431E-05 1.2388E-04 2.3225E-04 5.5529E-04 3.6937E-05 7.2314E-04 3.7227E-04 6.7543E-04 5.6159E-04 8.3016E-05 1.2066E-04 7.3257E-05 1.8197E-04 1.5995E-04 2.2049E-04 3.1004E-04 1.8289E-04 2.2440E-04 3.6648E-04 1.5548E-04 7.0933E-05 1.1593E-04 1.3890E-04 0
 0 8.8938E-05 1.3833E-04 2.0902E-04 5.2671E-04 7.1412E-05 7.4261E-04 3.6326E-04 6.6315E-04 4.5178E-04 6.3092E-05 9.2267E-05 1.2454E-04 1.3829E-04 1.2441E-04 2.6599E-04 3.6926E-04 1.5475E-04 1.5925E-04 3.8783E-04 1.5853E-04 7.7798E-05 1.2345E-04 1.5345E-04 0
 0 1.0251E-04 1.5175E-04 2.5392E-04 5.4100E-04 5.9100E-05 6.5917E-04 2.8821E-04 7.7675E-04 4.7688E-04 5.3130E-05 1.2421E-04 1.1721E-04 1.6013E-04 2.0261E-04 2.3099E-04 2.7172E-04 1.1958E-04 2.4249E-04 3.7715E-04 1.8292E-04 9.3815E-05 1.5357E-04 1.2800E-04 0
 0 8.7933E-05 1.4349E-04 2.1367E-04 6.0021E-04 5.9100E-05 6.6751E-04 3.2123E-04 6.6622E-04 5.7101E-04 9.9619E-05 1.0291E-04 1.2454E-04 1.2374E-04 1.5284E-04 1.7499E-04 2.4734E-04 1.5475E-04 2.6783E-04 5.0880E-04 1.6158E-04 6.1780E-05 9.7860E-05 1.3745E-04 0
 0 9.9993E-05 1.4349E-04 2.2141E-04 5.2059E-04 6.4025E-05 7.5651E-04 2.3417E-04 8.0438E-04 5.4277E-04 7.9695E-05 9.9365E-05 9.8897E-05 1.6377E-04 1.8128E-04 2.5549E-04 2.7521E-04 1.8640E-04 2.1716E-04 3.0955E-04 1.3414E-04 7.5509E-05 1.2195E-04 1.2436E-04 0
 0 8.7933E-05 1.4659E-04 2.6786E-04 5.8592E-04 5.4175E-05 8.3995E-04 3.3624E-04 6.5087E-04 5.5846E-04 8.9657E-05 8.5170E-05 6.5932E-05 1.0190E-04 1.9194E-04 2.4499E-04 2.3689E-04 1.4772E-04 2.5335E-04 4.0562E-04 1.3414E-04 1.1670E-04 1.0990E-04 1.4109E-04 0
 0 9.8485E-05 1.2904E-04 2.5083E-04 4.9813E-04 4.6787E-05 6.8420E-04 2.6719E-04 8.5964E-04 5.7414E-04 1.3615E-04 8.5170E-05 6.9594E-05 1.5649E-04 1.1374E-04 2.3099E-04 2.9959E-04 1.3365E-04 1.8096E-04 3.9494E-04 1.7683E-04 7.0933E-05 1.1743E-04 1.3600E-04 0
 0 9.5471E-05 1.1459E-04 2.1522E-04 5.1242E-04 5.9100E-05 6.6195E-04 3.8127E-04 6.1403E-04 4.5492E-04 8.9657E-05 1.1711E-04 8.4246E-05 1.9652E-04 1.8484E-04 2.0299E-04 2.5430E-04 1.6530E-04 1.7734E-04 3.9850E-04 1.3719E-04 6.6357E-05 1.1743E-04 1.2072E-04 0
 0 8.2406E-05 1.4866E-04 2.5392E-04 4.5526E-04 7.3875E-05 7.5929E-04 3.4525E-04 7.0613E-04 5.2081E-04 1.1622E-04 5.3231E-05 9.1572E-05 1.6741E-04 2.0616E-04 2.3799E-04 2.2992E-04 1.2310E-04 1.8820E-04 4.2341E-04 1.4634E-04 6.1780E-05 1.0539E-04 1.2509E-04 0
 0 8.3411E-05 1.2801E-04 2.4928E-04 4.8180E-04 5.4175E-05 7.7320E-04 3.2123E-04 6.9692E-04 5.5532E-04 8.6337E-05 7.0975E-05 9.5235E-05 1.3102E-04 2.1327E-04 2.0999E-04 2.7172E-04 1.1606E-04 2.1716E-04 4.0917E-04 9.4510E-05 1.0754E-04 1.0539E-04 1.3745E-04 0
 0 9.3963E-05 1.4762E-04 2.2605E-04 4.7772E-04 7.1412E-05 7.7876E-04 2.5819E-04 6.6929E-04 5.5532E-04 7.9695E-05 8.5170E-05 7.6920E-05 1.4193E-04 1.1374E-04 2.7999E-04 2.4734E-04 1.7234E-04 2.4611E-04 3.5224E-04 1.8292E-04 1.0983E-04 1.1292E-04 1.0981E-04 0
 0 8.9943E-05 1.4349E-04 2.1831E-04 5.2059E-04 5.6637E-05 7.5373E-04 3.0622E-04 8.6885E-04 5.0512E-04 7.6375E-05 9.2267E-05 8.4246E-05 1.5285E-04 1.9905E-04 2.0649E-04 3.5533E-04 1.7937E-04 1.8458E-04 3.8071E-04 1.7987E-04 8.0086E-05 1.1743E-04 1.2800E-04 0
 0 9.0948E-05 1.4040E-04 2.4154E-04 5.6142E-04 6.4025E-05 8.2605E-04 2.6419E-04 6.9999E-04 4.4551E-04 9.6299E-05 9.2267E-05 1.0256E-04 1.2374E-04 1.7062E-04 1.8549E-04 2.9611E-04 1.4068E-04 1.8096E-04 3.5936E-04 1.5244E-04 7.3221E-05 1.0388E-04 1.0400E-04 0
 0 1.0301E-04 1.3937E-04 2.2296E-04 4.9813E-04 9.1112E-05 8.1214E-04 2.7320E-04 6.1403E-04 5.0198E-04 8.3016E-05 1.6679E-04 7.3257E-05 1.2374E-04 1.7062E-04 1.7849E-04 2.5779E-04 1.3365E-04 1.9544E-04 3.9850E-04 1.8292E-04 6.1780E-05 9.3343E-05 1.3381E-04 0
 0 7.4869E-05 1.4969E-04 2.6012E-04 4.6955E-04 5.4175E-05 6.6473E-04 3.6326E-04 7.4912E-04 3.9217E-04 8.9657E-05 1.2775E-04 1.2454E-04 1.2738E-04 1.9194E-04 1.9599E-04 2.6127E-04 1.0551E-04 1.3391E-04 4.0206E-04 1.9207E-04 1.1670E-04 1.0840E-04 1.3381E-04 0
 0 9.5973E-05 1.4349E-04 2.8025E-04 5.3284E-04 8.6187E-05 7.2870E-04 3.6326E-04 7.3684E-04 4.3924E-04 7.9695E-05 7.8072E-05 1.0256E-04 1.3829E-04 1.6706E-04 1.9949E-04 2.4734E-04 1.4420E-04 2.1716E-04 4.0562E-04 1.4939E-04 9.1527E-05 1.3399E-04 1.1709E-04 0
 0 9.1953E-05 1.5485E-04 2.1057E-04 4.9201E-04 7.1412E-05 6.5082E-04 3.6626E-04 6.3245E-04 4.3924E-04 9.9619E-05 6.7426E-05 7.6920E-05 1.1282E-04 1.8839E-04 2.2049E-04 2.4734E-04 1.0903E-04 2.2801E-04 4.1273E-04 1.2500E-04 6.1780E-05 1.2948E-04 1.2509E-04 0
 0 8.3411E-05 1.2388E-04 2.4773E-04 5.4713E-04 5.9100E-05 7.8155E-04 2.5518E-04 5.8333E-04 5.6159E-04 8.9657E-05 1.1001E-04 9.1572E-05 1.4921E-04 2.1327E-04 1.8899E-04 2.4385E-04 1.6530E-04 1.9906E-04 4.4831E-04 1.3414E-04 9.8391E-05 1.2948E-04 1.2291E-04 0
 0 8.4416E-05 1.2078E-04 2.1986E-04 5.1855E-04 5.9100E-05 7.0089E-04 2.8220E-04 6.1403E-04 5.0826E-04 9.6299E-05 7.0975E-05 1.2087E-04 1.2738E-04 1.4574E-04 2.4499E-04 3.3443E-04 1.3365E-04 2.1354E-04 4.5187E-04 1.0366E-04 7.7798E-05 8.7321E-05 1.2872E-04 0
 0 9.4466E-05 1.2285E-04 2.7250E-04 5.6550E-04 6.1562E-05 6.3136E-04 3.0922E-04 7.1841E-04 4.4551E-04 9.6299E-05 8.1621E-05 9.1572E-05 1.0554E-04 1.1019E-04 2.6249E-04 2.0902E-04 9.8478E-05 2.2078E-04 4.7678E-04 1.2195E-04 8.9238E-05 9.6355E-05 1.1781E-04 0
 0 9.4466E-05 1.1356E-04 2.8179E-04 5.3488E-04 4.6787E-05 7.0089E-04 3.0922E-04 6.2631E-04 3.7649E-04 9.2978E-05 6.0329E-05 5.8606E-05 1.4921E-04 1.2796E-04 3.0099E-04 2.3689E-04 1.4420E-04 2.5335E-04 4.3052E-04 1.6158E-04 8.6950E-05 1.2948E-04 1.1200E-04 0
 0 8.6928E-05 1.5898E-04 2.0747E-04 5.3284E-04 7.1412E-05 8.2326E-04 3.0922E-04 6.7236E-04 5.3649E-04 1.2286E-04 1.0646E-04 1.0989E-04 1.0190E-04 1.7062E-04 2.6249E-04 3.1004E-04 1.3365E-04 2.9316E-04 4.1985E-04 2.0426E-04 7.3221E-05 1.0087E-04 1.1709E-04 0
 0 8.0899E-05 1.5898E-04 2.2141E-04 5.1855E-04 3.9400E-05 7.2036E-04 2.8521E-04 6.7236E-04 4.8943E-04 8.9657E-05 1.2775E-04 6.2269E-05 1.2010E-04 1.5995E-04 2.0999E-04 2.8914E-04 1.2310E-04 1.5201E-04 4.3408E-04 1.4329E-04 6.6357E-05 1.1442E-04 1.0981E-04 0
 0 9.2958E-05 1.3111E-04 2.1522E-04 5.1855E-04 3.6937E-05 7.1758E-04 2.9121E-04 7.1534E-04 4.6120E-04 5.6451E-05 1.0646E-04 5.1280E-05 1.7469E-04 1.4218E-04 2.2399E-04 2.9262E-04 1.5827E-04 1.9544E-04 4.0917E-04 1.5244E-04 7.5509E-05 7.6783E-05 1.3454E-04 0
 0 9.0948E-05 1.5279E-04 2.6786E-04 4.8792E-04 4.4325E-05 6.3136E-04 2.8521E-04 5.5263E-04 5.3649E-04 5.6451E-05 6.7426E-05 1.1355E-04 1.5649E-04 1.7062E-04 1.8199E-04 3.4836E-04 1.0903E-04 2.4973E-04 4.2341E-04 1.7073E-04 9.8391E-05 9.9366E-05 1.2072E-04 0
 0 9.1451E-05 1.4659E-04 2.1212E-04 5.1855E-04 3.9400E-05 7.6208E-04 2.7920E-04 7.2148E-04 4.7688E-04 6.6413E-05 1.1001E-04 9.8897E-05 1.4193E-04 1.1730E-04 1.8899E-04 2.8914E-04 1.5475E-04 2.3163E-04 2.9532E-04 1.6768E-04 7.7798E-05 1.1442E-04 1.4109E-04 0
 0 8.5421E-05 1.2491E-04 2.1676E-04 4.5934E-04 6.6487E-05 7.2314E-04 2.7019E-04 7.2455E-04 4.0159E-04 9.6299E-05 1.0291E-04 8.4246E-05 1.5649E-04 1.7773E-04 2.4849E-04 2.7521E-04 1.5827E-04 1.8820E-04 3.8427E-04 1.5548E-04 1.0068E-04 7.3771E-05 1.2000E-04 0
 0 1.0703E-04 1.3317E-04 2.2605E-04 4.7363E-04 6.4025E-05 7.2314E-04 3.0022E-04 6.5087E-04 4.7061E-04 9.2978E-05 8.5170E-05 5.4943E-05 1.6741E-04 1.1019E-04 2.0299E-04 2.6127E-04 1.6530E-04 1.5563E-04 3.4157E-04 1.2500E-04 9.6103E-05 1.1292E-04 1.3309E-04 0
 0 9.0446E-05 1.2285E-04 2.0283E-04 4.6751E-04 4.6787E-05 6.8976E-04 3.1222E-04 6.1403E-04 5.7101E-04 9.2978E-05 1.1356E-04 5.8606E-05 1.7469E-04 1.3507E-04 1.8549E-04 3.1701E-04 1.2310E-04 2.3887E-04 3.7359E-04 1.7987E-04 7.3221E-05 1.1894E-04 1.0254E-04 0
 0 9.7983E-05 1.5588E-04 2.1522E-04 4.8792E-04 3.9400E-05 7.6208E-04 2.4918E-04 6.8464E-04 5.0198E-04 7.9695E-05 9.2267E-05 5.4943E-05 1.4557E-04 1.3863E-04 2.5199E-04 3.5881E-04 1.3365E-04 2.0992E-04 4.2341E-04 1.6158E-04 8.9238E-05 1.1442E-04 1.1345E-04 0
 0 8.5924E-05 1.2904E-04 2.3689E-04 4.8997E-04 7.3875E-05 7.1758E-04 3.0322E-04 6.9078E-04 5.3649E-04 8.3016E-05 1.0646E-04 8.4246E-05 1.5285E-04 1.5284E-04 1.6099E-04 2.1250E-04 1.7234E-04 2.1354E-04 4.0917E-04 1.1890E-04 6.8645E-05 1.0840E-04 1.3454E-04 0
 0 9.2456E-05 1.7343E-04 2.1986E-04 4.7363E-04 4.9250E-05 7.1479E-04 2.4017E-04 6.3552E-04 4.9571E-04 1.0626E-04 8.8718E-05 8.7909E-05 1.4557E-04 1.5284E-04 2.4849E-04 3.1353E-04 1.4420E-04 1.7011E-04 4.0206E-04 1.2195E-04 8.2374E-05 1.2647E-04 1.3818E-04 0
 0 7.8386E-05 1.2698E-04 2.3534E-04 4.5730E-04 5.1712E-05 7.3704E-04 2.4918E-04 5.9868E-04 4.2041E-04 8.3016E-05 7.4523E-05 8.7909E-05 1.7105E-04 1.2796E-04 1.9949E-04 2.5430E-04 1.3717E-04 1.4839E-04 4.1273E-04 9.7559E-05 1.2127E-04 9.4849E-05 1.2800E-04 0
 0 9.5471E-05 1.4143E-04 2.1367E-04 5.0834E-04 6.6487E-05 6.8420E-04 2.8821E-04 5.7412E-04 3.9531E-04 1.1622E-04 6.0329E-05 6.9594E-05 8.0065E-05 1.4929E-04 2.5199E-04 2.9262E-04 1.2661E-04 1.4477E-04 3.2734E-04 2.1036E-04 5.4916E-05 1.1292E-04 1.3672E-04 0
 0 8.7933E-05 1.3214E-04 2.4309E-04 4.4505E-04 6.6487E-05 6.8142E-04 2.6719E-04 6.7236E-04 4.6433E-04 1.1622E-04 8.5170E-05 7.3257E-05 1.6377E-04 1.3507E-04 1.8899E-04 3.0308E-04 1.7234E-04 1.8820E-04 3.8071E-04 1.6158E-04 1.0526E-04 1.0539E-04 1.0327E-04 0
 0 1.0552E-04 1.3524E-04 2.6476E-04 5.3692E-04 6.8950E-05 7.9267E-04 2.7019E-04 6.4473E-04 4.7061E-04 1.4279E-04 8.5170E-05 4.0292E-05 1.0918E-04 1.1019E-04 2.0299E-04 3.2746E-04 1.3013E-04 1.7373E-04 3.6648E-04 1.3719E-04 6.8645E-05 1.1743E-04 1.1781E-04 0
 0 8.9943E-05 8.8781E-05 2.0593E-04 4.6138E-04 4.4325E-05 6.8976E-04 2.5518E-04 6.5701E-04 4.8943E-04 1.0626E-04 7.0975E-05 6.2269E-05 1.2374E-04 1.5284E-04 2.2399E-04 2.5779E-04 1.3365E-04 2.0992E-04 3.5224E-04 1.2500E-04 8.4662E-05 1.0840E-04 1.2509E-04 0
 0 1.0753E-04 1.5588E-04 2.1831E-04 4.8384E-04 6.6487E-05 7.0645E-04 2.8220E-04 7.8596E-04 4.4551E-04 7.3054E-05 6.7426E-05 8.4246E-05 1.4193E-04 1.9194E-04 2.6599E-04 2.9611E-04 1.0903E-04 1.9906E-04 4.1273E-04 1.5548E-04 6.1780E-05 9.3343E-05 9.4543E-05 0
 0 7.8386E-05 1.0220E-04 2.8179E-04 5.2059E-04 5.9100E-05 7.3426E-04 2.7620E-04 6.4473E-04 4.8630E-04 1.0626E-04 7.4523E-05 1.2820E-04 1.0554E-04 1.4218E-04 2.5549E-04 3.2746E-04 6.3307E-05 1.4477E-04 3.9138E-04 1.5853E-04 4.8051E-05 1.3249E-04 1.1709E-04 0
 0 9.3963E-05 1.3937E-04 2.5238E-04 5.1855E-04 4.6787E-05 6.2301E-04 3.1222E-04 6.3859E-04 4.5492E-04 4.3168E-05 8.8718E-05 1.1355E-04 1.3102E-04 1.2441E-04 1.7849E-04 2.9262E-04 9.4961E-05 2.0630E-04 4.1629E-04 1.7683E-04 1.0068E-04 7.9794E-05 1.2872E-04 0
 0 8.9943E-05 1.4762E-04 2.4463E-04 4.6751E-04 4.6787E-05 7.3148E-04 2.6419E-04 6.6315E-04 4.8943E-04 6.3092E-05 5.6780E-05 5.1280E-05 1.4193E-04 1.7417E-04 2.0649E-04 3.1353E-04 1.0903E-04 1.8096E-04 3.8071E-04 1.3110E-04 1.2127E-04 7.2266E-05 9.8906E-05 0
 0 9.7983E-05 1.4143E-04 2.4463E-04 4.2872E-04 4.1862E-05 6.3970E-04 3.0322E-04 5.4035E-04 5.0512E-04 8.9657E-05 3.9036E-05 5.4943E-05 8.7344E-05 1.5640E-04 2.6599E-04 2.7521E-04 7.0341E-05 2.3887E-04 4.3408E-04 1.2500E-04 1.0983E-04 8.5816E-05 1.2145E-04 0
 0 9.9993E-05 1.1562E-04 2.2915E-04 5.1038E-04 4.6787E-05 6.8698E-04 2.7620E-04 6.7236E-04 4.9257E-04 6.6413E-05 1.1356E-04 9.1572E-05 1.7469E-04 8.5309E-05 2.1699E-04 3.0308E-04 1.2310E-04 1.6287E-04 4.4475E-04 1.7683E-04 7.7798E-05 1.0840E-04 1.3745E-04 0
 0 1.0401E-04 1.2801E-04 2.1522E-04 4.9609E-04 6.1562E-05 6.9533E-04 2.8220E-04 6.7236E-04 4.9885E-04 7.3054E-05 6.3877E-05 8.0583E-05 1.4557E-04 1.6351E-04 1.6799E-04 2.6476E-04 8.4410E-05 1.7373E-04 3.3445E-04 1.3414E-04 6.8645E-05 1.1743E-04 1.2872E-04 0
 0 8.2406E-05 1.2388E-04 2.3534E-04 4.7159E-04 7.6337E-05 7.0367E-04 3.4525E-04 6.4473E-04 5.0826E-04 6.9734E-05 8.1621E-05 5.8606E-05 1.2738E-04 1.1730E-04 2.1349E-04 1.8812E-04 1.4420E-04 2.3525E-04 3.8783E-04 1.6158E-04 6.1780E-05 1.0539E-04 1.3163E-04 0
 0 9.7983E-05 1.2904E-04 2.1676E-04 5.3080E-04 7.3875E-05 6.2023E-04 2.9421E-04 6.7543E-04 4.7688E-04 7.6375E-05 7.8072E-05 5.1280E-05 1.0190E-04 1.7062E-04 2.1349E-04 2.0902E-04 1.7234E-04 2.3887E-04 3.5936E-04 1.3414E-04 1.0297E-04 9.6355E-05 1.0836E-04 0
 0 1.0602E-04 1.2801E-04 2.3070E-04 4.3076E-04 3.6937E-05 6.7029E-04 3.2123E-04 5.6491E-04 5.8983E-04 5.3130E-05 5.6780E-05 9.1572E-05 1.6377E-04 1.1730E-04 1.7149E-04 2.4037E-04 1.1255E-04 1.8820E-04 4.0562E-04 1.7073E-04 6.4069E-05 1.1894E-04 1.2436E-04 0
 0 8.2909E-05 1.3317E-04 2.3225E-04 5.3080E-04 7.1412E-05 6.7029E-04 2.9121E-04 6.6315E-04 3.7962E-04 6.9734E-05 8.5170E-05 1.0622E-04 1.3465E-04 1.6351E-04 1.5399E-04 2.5082E-04 9.8478E-05 1.3029E-04 3.0243E-04 1.2805E-04 5.4916E-05 1.0840E-04 1.3163E-04 0
 0 1.1054E-04 1.4969E-04 2.2451E-04 4.4505E-04 6.8950E-05 6.7864E-04 2.5819E-04 6.9385E-04 4.2041E-04 1.0294E-04 7.8072E-05 1.0989E-04 1.3465E-04 1.6351E-04 1.5399E-04 2.2644E-04 1.1958E-04 1.5201E-04 3.6648E-04 8.5364E-05 9.6103E-05 9.3343E-05 1.2363E-04 0
 0 1.0703E-04 1.3524E-04 2.3534E-04 4.5730E-04 3.6937E-05 5.5348E-04 2.2816E-04 6.4473E-04 4.3610E-04 7.9695E-05 7.8072E-05 9.1572E-05 1.0190E-04 1.7773E-04 2.0649E-04 2.3340E-04 1.2310E-04 1.8820E-04 3.7359E-04 1.2500E-04 8.6950E-05 8.4310E-05 9.9633E-05 0
 0 1.0301E-04 1.1459E-04 1.8580E-04 5.2263E-04 4.1862E-05 6.3970E-04 2.0114E-04 7.1227E-04 4.9885E-04 6.9734E-05 9.5816E-05 6.9594E-05 9.4622E-05 1.0664E-04 1.5399E-04 2.5082E-04 1.5123E-04 2.3525E-04 3.3445E-04 1.3110E-04 7.5509E-05 9.0332E-05 1.1781E-04 0
 0 9.9490E-05 1.3730E-04 2.4773E-04 4.6955E-04 4.9250E-05 6.9811E-04 2.5218E-04 6.5394E-04 4.7375E-04 5.6451E-05 6.7426E-05 7.6920E-05 1.6013E-04 1.2441E-04 2.2049E-04 2.3689E-04 1.5123E-04 1.7011E-04 3.7359E-04 1.3414E-04 7.3221E-05 1.0238E-04 1.2363E-04 0
 0 9.4466E-05 1.6001E-04 2.3844E-04 4.3280E-04 4.1862E-05 6.3414E-04 2.8821E-04 7.1534E-04 4.7061E-04 5.9772E-05 7.0975E-05 8.7909E-05 1.2738E-04 1.2441E-04 1.6799E-04 2.6824E-04 8.0892E-05 1.9182E-04 4.3408E-04 1.2195E-04 8.2374E-05 1.0689E-04 1.1345E-04 0
 0 9.3461E-05 1.2904E-04 2.4773E-04 5.0426E-04 3.9400E-05 5.8964E-04 2.7620E-04 6.4166E-04 5.2394E-04 9.2978E-05 8.8718E-05 6.2269E-05 1.1646E-04 1.0308E-04 2.0649E-04 2.1947E-04 1.0551E-04 1.5925E-04 3.9138E-04 1.5244E-04 1.3500E-04 9.0332E-05 1.3600E-04 0
 0 1.1105E-04 1.2285E-04 2.1676E-04 5.2875E-04 3.9400E-05 7.9267E-04 2.9721E-04 6.1403E-04 4.2669E-04 6.6413E-05 6.7426E-05 7.6920E-05 1.6741E-04 1.5640E-04 1.9949E-04 2.1598E-04 1.6530E-04 1.5563E-04 4.0917E-04 1.5853E-04 7.7798E-05 7.6783E-05 1.1927E-04 0
 0 9.6978E-05 1.0840E-04 2.2451E-04 5.0834E-04 3.9400E-05 7.5651E-04 2.2516E-04 5.6491E-04 5.0826E-04 5.6451E-05 8.5170E-05 1.0622E-04 1.6377E-04 1.2085E-04 2.2749E-04 3.3791E-04 1.1958E-04 1.4477E-04 3.2022E-04 1.4939E-04 8.2374E-05 8.8827E-05 1.1854E-04 0
 0 9.6978E-05 1.4762E-04 1.9199E-04 5.2059E-04 4.9250E-05 6.6195E-04 2.7019E-04 6.0482E-04 5.1767E-04 4.9810E-05 1.4195E-04 8.0583E-05 9.8261E-05 1.4929E-04 1.7849E-04 3.1004E-04 1.1958E-04 1.4839E-04 4.2341E-04 1.4939E-04 7.0933E-05 8.1299E-05 1.1854E-04 0
 0 1.0150E-04 1.3111E-04 2.0593E-04 5.3896E-04 5.9100E-05 7.0089E-04 2.9721E-04 6.3552E-04 4.7688E-04 5.3130E-05 8.8718E-05 4.3954E-05 1.3829E-04 9.2418E-05 1.9249E-04 2.3340E-04 1.0199E-04 1.7011E-04 3.5580E-04 1.5244E-04 9.1527E-05 9.4849E-05 1.0763E-04 0
 0 9.2456E-05 1.3214E-04 2.1522E-04 4.4097E-04 4.4325E-05 6.7307E-04 2.4918E-04 5.5570E-04 4.8002E-04 1.1622E-04 7.8072E-05 6.2269E-05 7.6426E-05 1.4574E-04 1.2949E-04 2.2295E-04 1.6882E-04 1.9906E-04 4.0562E-04 1.7378E-04 5.4916E-05 9.3343E-05 1.2509E-04 0
 0 1.1708E-04 1.1665E-04 2.0438E-04 5.0426E-04 7.8800E-05 7.0645E-04 2.8521E-04 5.4649E-04 4.8630E-04 8.3016E-05 6.3877E-05 5.4943E-05 9.4622E-05 1.4929E-04 1.6449E-04 2.7521E-04 9.8478E-05 1.9544E-04 3.7359E-04 1.1890E-04 1.3043E-04 9.9366E-05 1.1418E-04 0
 0 1.1758E-04 1.5382E-04 2.2451E-04 5.0221E-04 5.4175E-05 6.5361E-04 2.7019E-04 6.4473E-04 5.2081E-04 9.6299E-05 7.4523E-05 5.8606E-05 5.4590E-05 1.2441E-04 1.7499E-04 2.9611E-04 9.8478E-05 1.3391E-04 3.4869E-04 1.1585E-04 7.3221E-05 7.3771E-05 1.2727E-04 0
 0 1.0853E-04 1.3524E-04 2.3689E-04 4.9201E-04 3.9400E-05 7.1758E-04 2.9121E-04 5.5263E-04 4.7375E-04 9.9619E-05 7.8072E-05 8.0583E-05 1.3102E-04 1.3152E-04 2.0649E-04 2.1947E-04 1.0551E-04 1.9182E-04 3.6648E-04 1.4939E-04 8.9238E-05 8.8827E-05 1.2509E-04 0
 0 9.6978E-05 1.3833E-04 2.2296E-04 5.0017E-04 6.6487E-05 6.5361E-04 2.5819E-04 6.4780E-04 4.7688E-04 7.3054E-05 9.9365E-05 5.4943E-05 1.1646E-04 1.0664E-04 2.0999E-04 2.5430E-04 1.6882E-04 1.3753E-04 3.5224E-04 1.2195E-04 5.0340E-05 1.1141E-04 1.3672E-04 0
 0 1.0853E-04 1.5279E-04 1.9199E-04 4.3484E-04 6.8950E-05 6.7307E-04 2.5218E-04 6.6622E-04 4.7061E-04 5.9772E-05 8.8718E-05 8.7909E-05 1.0554E-04 1.5640E-04 1.6799E-04 2.6476E-04 1.1958E-04 1.8096E-04 3.9494E-04 1.2805E-04 7.3221E-05 1.1743E-04 1.4327E-04 0
 0 1.0050E-04 1.2904E-04 1.9818E-04 4.4301E-04 4.4325E-05 7.0367E-04 2.4317E-04 5.9561E-04 3.7649E-04 8.9657E-05 1.1356E-04 7.6920E-05 1.3102E-04 1.6351E-04 2.2749E-04 2.2644E-04 1.0199E-04 2.4249E-04 4.3052E-04 1.4329E-04 8.6950E-05 1.0539E-04 1.1272E-04 0
 0 1.0452E-04 1.1149E-04 2.0902E-04 5.3896E-04 7.8800E-05 7.8155E-04 3.3324E-04 7.0613E-04 4.5492E-04 7.3054E-05 8.1621E-05 6.2269E-05 1.2374E-04 1.7773E-04 1.5749E-04 2.8914E-04 1.2310E-04 2.4249E-04 4.0206E-04 1.2805E-04 7.5509E-05 8.5816E-05 1.2072E-04 0
 0 1.0452E-04 1.2182E-04 2.1212E-04 4.1647E-04 4.6787E-05 7.0923E-04 2.7620E-04 6.6315E-04 5.3963E-04 6.3092E-05 7.8072E-05 8.0583E-05 1.3465E-04 1.2441E-04 1.8899E-04 2.4734E-04 8.7927E-05 1.4477E-04 3.6292E-04 1.4634E-04 9.8391E-05 1.0388E-04 1.0327E-04 0
 0 1.0251E-04 1.0633E-04 2.3534E-04 4.8384E-04 4.9250E-05 6.6473E-04 2.7320E-04 6.6929E-04 4.8943E-04 7.6375E-05 9.2267E-05 5.1280E-05 9.4622E-05 1.1374E-04 1.5049E-04 2.6824E-04 1.2661E-04 1.4839E-04 3.8427E-04 1.4634E-04 7.0933E-05 1.1743E-04 1.1854E-04 0
 0 9.7480E-05 1.2904E-04 2.3999E-04 5.3080E-04 4.9250E-05 6.0076E-04 2.3417E-04 6.8464E-04 5.0826E-04 5.6451E-05 1.4905E-04 8.4246E-05 1.0190E-04 1.2085E-04 2.6949E-04 2.1947E-04 1.2310E-04 1.8458E-04 2.8464E-04 1.8292E-04 5.4916E-05 8.2805E-05 1.1709E-04 0
 0 8.9441E-05 1.2285E-04 2.1676E-04 4.4709E-04 5.4175E-05 7.6208E-04 2.8220E-04 6.4166E-04 5.1140E-04 4.3168E-05 1.1356E-04 1.0989E-04 9.0983E-05 1.2796E-04 1.9249E-04 2.4385E-04 1.1606E-04 1.4115E-04 3.2022E-04 1.7073E-04 7.7798E-05 1.0087E-04 1.3672E-04 0
 0 1.0602E-04 1.0220E-04 2.1831E-04 4.5934E-04 4.6787E-05 6.9811E-04 2.4317E-04 6.8157E-04 5.0512E-04 6.6413E-05 8.8718E-05 6.5932E-05 8.7344E-05 1.2441E-04 1.6099E-04 2.3689E-04 6.6824E-05 1.9906E-04 2.6685E-04 1.4634E-04 7.5509E-05 7.0760E-05 1.1563E-04 0
 0 8.0899E-05 1.5072E-04 2.0902E-04 4.7976E-04 3.4475E-05 6.8698E-04 2.5218E-04 6.7236E-04 4.1100E-04 1.1622E-04 9.2267E-05 7.6920E-05 1.1282E-04 1.1730E-04 1.3299E-04 2.6476E-04 1.2310E-04 1.5925E-04 3.1666E-04 1.2805E-04 8.6950E-05 8.1299E-05 1.2581E-04 0
 0 9.9993E-05 1.3317E-04 2.0747E-04 4.7363E-04 4.1862E-05 6.5082E-04 2.7019E-04 6.2017E-04 4.5806E-04 4.9810E-05 1.2421E-04 7.6920E-05 1.2738E-04 9.2418E-05 2.3099E-04 3.0656E-04 8.7927E-05 1.9182E-04 3.2378E-04 1.5244E-04 7.3221E-05 9.1838E-05 1.3018E-04 0
 0 9.8988E-05 1.1252E-04 2.7096E-04 4.5526E-04 6.6487E-05 7.4261E-04 2.3117E-04 5.6184E-04 4.7688E-04 8.3016E-05 8.5170E-05 9.1572E-05 9.8261E-05 7.8200E-05 1.9599E-04 3.7275E-04 8.4410E-05 1.5563E-04 3.4513E-04 1.5548E-04 7.0933E-05 8.1299E-05 1.1781E-04 0
 0 1.0502E-04 1.2904E-04 2.6631E-04 5.0630E-04 5.6637E-05 6.4526E-04 2.3717E-04 6.9078E-04 4.1414E-04 3.9848E-05 7.0975E-05 6.5932E-05 2.1108E-04 1.3507E-04 1.9249E-04 2.6127E-04 1.2661E-04 1.7734E-04 2.9176E-04 1.1890E-04 8.9238E-05 9.7860E-05 1.1491E-04 0
 0 8.5421E-05 1.2388E-04 2.1986E-04 4.9201E-04 6.1562E-05 6.4804E-04 2.1015E-04 5.9254E-04 4.0159E-04 6.9734E-05 9.9365E-05 5.1280E-05 2.0016E-04 1.2796E-04 1.9249E-04 2.3689E-04 1.2661E-04 1.7373E-04 3.8783E-04 1.4634E-04 8.2374E-05 1.0840E-04 1.2581E-04 0
 0 9.3963E-05 1.2698E-04 2.3225E-04 4.5526E-04 6.1562E-05 6.7586E-04 2.5518E-04 6.4166E-04 4.6747E-04 6.6413E-05 7.4523E-05 2.5640E-05 1.6741E-04 1.3507E-04 1.8199E-04 2.2295E-04 1.3365E-04 1.7011E-04 3.2734E-04 1.0975E-04 9.6103E-05 7.3771E-05 1.1127E-04 0
 0 1.0251E-04 1.1975E-04 2.4773E-04 5.2467E-04 7.3875E-05 6.9533E-04 2.6719E-04 5.7719E-04 4.3610E-04 8.9657E-05 6.3877E-05 4.3954E-05 1.2374E-04 1.1019E-04 1.9949E-04 2.7521E-04 9.8478E-05 1.9906E-04 3.4513E-04 1.2500E-04 4.5763E-05 1.0087E-04 1.5636E-04 0
 0 8.2406E-05 1.0323E-04 2.7405E-04 5.4713E-04 4.1862E-05 6.4526E-04 2.7320E-04 6.6622E-04 4.6433E-04 8.3016E-05 8.1621E-05 1.0256E-04 7.2786E-05 1.3152E-04 1.8549E-04 3.1004E-04 1.4772E-04 2.2078E-04 3.5580E-04 1.4024E-04 8.6950E-05 1.0840E-04 1.4400E-04 0
 0 1.1205E-04 1.3420E-04 2.0902E-04 5.1038E-04 5.4175E-05 6.2301E-04 2.0415E-04 5.6184E-04 4.4551E-04 6.9734E-05 1.4195E-04 8.0583E-05 7.2786E-05 1.4218E-04 1.5049E-04 2.5779E-04 9.4961E-05 1.5925E-04 4.0206E-04 1.5548E-04 7.3221E-05 8.2805E-05 1.2727E-04 0
 0 8.3411E-05 1.3007E-04 2.0438E-04 4.4709E-04 5.1712E-05 7.4539E-04 3.1523E-04 6.8771E-04 4.8943E-04 8.6337E-05 6.0329E-05 6.2269E-05 1.0190E-04 1.0664E-04 1.6799E-04 2.4385E-04 1.1606E-04 1.6649E-04 3.0955E-04 1.3110E-04 5.9492E-05 9.3343E-05 1.3745E-04 0
 0 1.1406E-04 1.1665E-04 2.1676E-04 4.6751E-04 4.1862E-05 6.8420E-04 2.5218E-04 6.9999E-04 5.2708E-04 7.6375E-05 9.9365E-05 5.8606E-05 8.0065E-05 1.5995E-04 1.6799E-04 1.9857E-04 1.6530E-04 1.5925E-04 3.5936E-04 1.2195E-04 1.0754E-04 1.1593E-04 1.2145E-04 0
 0 1.0653E-04 1.3627E-04 2.3534E-04 5.0426E-04 6.1562E-05 7.0089E-04 1.7112E-04 6.2631E-04 5.9610E-04 2.9886E-05 5.6780E-05 8.7909E-05 8.0065E-05 6.7536E-05 1.6449E-04 2.0902E-04 1.0199E-04 1.7011E-04 2.9532E-04 1.6463E-04 4.3475E-05 9.1838E-05 8.9452E-05 0
 0 1.0954E-04 1.0736E-04 2.5083E-04 4.5322E-04 4.6787E-05 6.3692E-04 3.0922E-04 6.1710E-04 4.9257E-04 1.0626E-04 6.3877E-05 6.2269E-05 1.2374E-04 8.8863E-05 1.6799E-04 2.6127E-04 1.0903E-04 1.1944E-04 3.8783E-04 1.2500E-04 9.6103E-05 7.9794E-05 1.2291E-04 0
 0 1.0050E-04 1.3937E-04 2.1676E-04 5.2875E-04 5.6637E-05 7.4261E-04 2.8821E-04 5.9254E-04 4.5806E-04 6.9734E-05 1.2066E-04 5.1280E-05 1.0190E-04 1.6706E-04 1.4349E-04 2.0902E-04 1.2661E-04 2.0992E-04 4.0917E-04 1.2500E-04 4.8051E-05 9.4849E-05 1.3091E-04 0
 0 9.6978E-05 1.2388E-04 2.0902E-04 5.4509E-04 3.6937E-05 6.5639E-04 2.1916E-04 6.7850E-04 4.5178E-04 3.6527E-05 9.9365E-05 7.3257E-05 9.8261E-05 1.4218E-04 2.4499E-04 3.0656E-04 1.6178E-04 1.5925E-04 4.1629E-04 1.1890E-04 9.1527E-05 8.7321E-05 1.0400E-04 0
 0 1.0502E-04 1.1459E-04 2.1522E-04 4.4913E-04 6.8950E-05 6.2857E-04 2.3117E-04 6.5394E-04 3.4198E-04 5.9772E-05 7.8072E-05 6.5932E-05 1.0918E-04 1.6351E-04 1.3649E-04 2.7521E-04 8.0892E-05 1.4477E-04 3.2734E-04 1.5244E-04 7.0933E-05 9.4849E-05 1.2581E-04 0
 0 9.3461E-05 1.4246E-04 1.9509E-04 4.7976E-04 3.9400E-05 5.9520E-04 2.3717E-04 5.5263E-04 4.0786E-04 5.6451E-05 1.1356E-04 3.6629E-05 1.4193E-04 1.2796E-04 1.8549E-04 3.4139E-04 8.7927E-05 1.4839E-04 2.7397E-04 1.2195E-04 7.3221E-05 7.6783E-05 1.3381E-04 0
 0 1.0904E-04 1.4762E-04 2.1831E-04 5.1855E-04 5.1712E-05 6.5639E-04 2.4017E-04 6.3245E-04 3.9845E-04 6.6413E-05 5.3231E-05 4.3954E-05 9.4622E-05 1.5284E-04 1.9599E-04 2.9611E-04 9.8478E-05 9.4101E-05 3.4869E-04 1.6768E-04 6.8645E-05 8.1299E-05 1.2291E-04 0
 0 9.5973E-05 1.2078E-04 2.2760E-04 4.7159E-04 3.4475E-05 7.1201E-04 2.7320E-04 5.3728E-04 5.1453E-04 9.2978E-05 8.5170E-05 6.9594E-05 8.7344E-05 1.3152E-04 1.9249E-04 2.3689E-04 1.1606E-04 1.6287E-04 3.0243E-04 1.2195E-04 8.2374E-05 7.6783E-05 1.3236E-04 0
 0 1.0100E-04 1.4453E-04 2.1986E-04 4.9201E-04 1.1574E-04 6.7307E-04 2.5218E-04 4.8815E-04 4.7688E-04 8.9657E-05 6.7426E-05 4.0292E-05 1.1282E-04 1.5640E-04 1.7849E-04 1.9160E-04 1.3717E-04 1.4115E-04 3.7359E-04 9.1462E-05 9.1527E-05 8.8827E-05 1.2145E-04 0
 0 1.0050E-04 1.2904E-04 2.0283E-04 5.2671E-04 3.4475E-05 6.8142E-04 2.0715E-04 6.7543E-04 4.6120E-04 8.3016E-05 5.3231E-05 7.6920E-05 1.5649E-04 1.3863E-04 1.7849E-04 2.1598E-04 1.1255E-04 1.7734E-04 3.1311E-04 9.1462E-05 1.0297E-04 1.0840E-04 1.3163E-04 0
 0 9.0948E-05 1.2078E-04 2.2451E-04 4.6343E-04 2.9550E-05 6.0076E-04 2.7019E-04 6.3245E-04 5.1767E-04 5.9772E-05 6.3877E-05 9.1572E-05 1.0918E-04 1.1019E-04 1.7499E-04 2.0902E-04 7.7375E-05 1.7373E-04 3.5936E-04 8.5364E-05 9.6103E-05 1.1743E-04 1.3454E-04 0
 0 9.5471E-05 1.1562E-04 2.6012E-04 4.6138E-04 7.1412E-05 6.6751E-04 2.6119E-04 5.7719E-04 4.2355E-04 5.3130E-05 7.0975E-05 5.4943E-05 9.0983E-05 1.0664E-04 1.7499E-04 2.1250E-04 9.8478E-05 1.1220E-04 3.2378E-04 1.1890E-04 5.7204E-05 9.3343E-05 1.2872E-04 0
 0 9.0446E-05 1.2491E-04 2.1367E-04 4.8180E-04 5.1712E-05 6.7586E-04 2.4317E-04 5.8947E-04 4.4551E-04 7.3054E-05 4.9682E-05 6.2269E-05 8.7344E-05 1.2441E-04 1.3649E-04 2.2992E-04 1.1255E-04 1.8820E-04 3.9138E-04 1.2500E-04 5.9492E-05 7.3771E-05 1.3672E-04 0
 0 1.1255E-04 1.6001E-04 1.7031E-04 5.1446E-04 4.9250E-05 6.0632E-04 1.9514E-04 5.7719E-04 4.5492E-04 6.6413E-05 8.8718E-05 8.7909E-05 6.5508E-05 1.4929E-04 1.6799E-04 2.6476E-04 1.0199E-04 1.7011E-04 3.5580E-04 1.3719E-04 7.5509E-05 1.0388E-04 1.1491E-04 0
 0 1.0853E-04 1.1665E-04 2.1986E-04 5.0630E-04 5.4175E-05 6.2023E-04 2.5819E-04 6.0482E-04 4.7375E-04 5.3130E-05 4.2585E-05 4.7617E-05 1.3465E-04 9.9527E-05 1.3999E-04 2.0902E-04 1.2310E-04 1.4115E-04 3.0243E-04 1.4329E-04 8.6950E-05 9.4849E-05 1.2218E-04 0
 0 1.0753E-04 1.1459E-04 2.1676E-04 4.5934E-04 5.4175E-05 6.8420E-04 2.5218E-04 7.5219E-04 4.2669E-04 4.9810E-05 6.7426E-05 6.2269E-05 1.4193E-04 6.0427E-05 1.7149E-04 1.9857E-04 9.8478E-05 1.4839E-04 3.8071E-04 1.2805E-04 7.0933E-05 8.1299E-05 1.2800E-04 0
 0 1.0452E-04 1.5588E-04 1.9973E-04 3.9197E-04 6.1562E-05 6.9811E-04 2.8521E-04 6.4473E-04 3.7962E-04 4.9810E-05 4.6134E-05 4.7617E-05 1.3102E-04 1.3152E-04 1.4349E-04 2.5430E-04 1.0551E-04 1.4839E-04 3.8427E-04 8.8413E-05 9.6103E-05 8.7321E-05 1.0763E-04 0
 0 9.2958E-05 1.2182E-04 2.1212E-04 5.2467E-04 2.4625E-05 6.7864E-04 3.1222E-04 5.2499E-04 4.7688E-04 1.1290E-04 7.0975E-05 8.0583E-05 7.2786E-05 1.4218E-04 1.8199E-04 2.3689E-04 9.1444E-05 1.2306E-04 3.5224E-04 1.0671E-04 6.6357E-05 9.0332E-05 1.0400E-04 0
 0 1.0502E-04 1.3524E-04 1.9973E-04 4.4913E-04 4.4325E-05 6.5082E-04 2.6419E-04 6.2938E-04 4.9571E-04 4.9810E-05 4.2585E-05 6.2269E-05 1.3102E-04 1.1374E-04 1.3999E-04 2.2644E-04 1.3013E-04 2.1354E-04 4.2696E-04 1.4024E-04 8.2374E-05 9.3343E-05 1.1563E-04 0
 0 9.8988E-05 1.1459E-04 2.1986E-04 4.8180E-04 3.9400E-05 7.0367E-04 2.7320E-04 5.0657E-04 4.5806E-04 6.6413E-05 5.6780E-05 6.9594E-05 1.1282E-04 1.0664E-04 1.7849E-04 3.0656E-04 1.0903E-04 1.9182E-04 2.6685E-04 1.3414E-04 8.4662E-05 7.5277E-05 1.3454E-04 0
 0 1.1657E-04 1.4349E-04 2.0283E-04 5.1038E-04 6.6487E-05 6.5082E-04 2.2516E-04 7.1841E-04 4.1414E-04 4.3168E-05 1.0646E-04 4.3954E-05 7.6426E-05 1.4574E-04 1.1900E-04 1.9508E-04 1.2310E-04 1.6649E-04 3.8783E-04 1.3110E-04 5.7204E-05 1.0689E-04 9.5270E-05 0
 0 1.0100E-04 1.4866E-04 2.2605E-04 4.9813E-04 5.9100E-05 7.4261E-04 2.1015E-04 5.5263E-04 4.3610E-04 3.6527E-05 7.0975E-05 5.4943E-05 1.6377E-04 1.5284E-04 1.9249E-04 1.9508E-04 8.7927E-05 1.5563E-04 3.3445E-04 1.0671E-04 5.9492E-05 9.4849E-05 1.1781E-04 0
 0 9.9490E-05 1.3317E-04 2.3689E-04 5.0221E-04 4.6787E-05 7.2036E-04 3.2724E-04 5.9868E-04 4.2355E-04 4.6489E-05 5.6780E-05 5.1280E-05 8.3704E-05 1.0664E-04 1.7149E-04 1.9160E-04 7.3858E-05 1.6649E-04 2.9176E-04 1.3414E-04 9.8391E-05 1.0539E-04 1.2581E-04 0
 0 1.0954E-04 1.2182E-04 2.3380E-04 5.2467E-04 4.4325E-05 6.9533E-04 2.9121E-04 5.8640E-04 3.9531E-04 1.0958E-04 8.1621E-05 5.1280E-05 1.2374E-04 1.2441E-04 1.4349E-04 2.0553E-04 7.7375E-05 7.9624E-05 3.0955E-04 1.5244E-04 8.6950E-05 8.8827E-05 1.0909E-04 0
 0 1.1507E-04 1.2801E-04 2.0283E-04 4.4505E-04 5.4175E-05 5.4513E-04 1.9214E-04 6.4780E-04 4.4865E-04 4.6489E-05 1.1356E-04 5.4943E-05 1.7833E-04 7.1091E-05 1.7499E-04 2.1250E-04 6.6824E-05 1.1944E-04 3.3801E-04 1.0975E-04 9.1527E-05 9.0332E-05 1.1563E-04 0
 0 1.0301E-04 1.1975E-04 2.2760E-04 4.8997E-04 5.1712E-05 6.8976E-04 2.4918E-04 6.5701E-04 4.3610E-04 9.2978E-05 1.0291E-04 5.8606E-05 1.0554E-04 1.8128E-04 2.1349E-04 2.2992E-04 1.0551E-04 1.8458E-04 2.9887E-04 1.0975E-04 8.2374E-05 7.6783E-05 1.4690E-04 0
 0 8.7431E-05 1.4040E-04 1.9199E-04 4.2464E-04 2.4625E-05 6.6195E-04 2.2516E-04 6.1403E-04 3.9217E-04 7.3054E-05 9.9365E-05 6.9594E-05 1.1646E-04 1.2796E-04 1.6799E-04 2.8566E-04 8.4410E-05 1.8820E-04 2.5618E-04 1.2195E-04 5.7204E-05 1.0840E-04 1.0763E-04 0
 0 9.4466E-05 1.3111E-04 2.4463E-04 4.3689E-04 4.1862E-05 6.5639E-04 2.3117E-04 6.7850E-04 4.7061E-04 5.3130E-05 8.1621E-05 6.2269E-05 1.3102E-04 1.3507E-04 1.6799E-04 1.5676E-04 1.4420E-04 1.3391E-04 3.2378E-04 1.3719E-04 4.1187E-05 1.0990E-04 1.2072E-04 0
 0 1.0853E-04 1.3317E-04 2.2915E-04 4.7159E-04 3.2012E-05 6.5082E-04 2.1916E-04 5.9561E-04 4.6120E-04 1.5607E-04 9.2267E-05 4.7617E-05 1.3465E-04 7.4645E-05 1.6799E-04 2.5082E-04 1.2310E-04 1.5563E-04 2.8108E-04 7.3169E-05 1.0297E-04 9.3343E-05 1.4400E-04 0
 0 9.9993E-05 1.2698E-04 2.1057E-04 4.4097E-04 4.4325E-05 5.5348E-04 2.4918E-04 5.9868E-04 4.1414E-04 6.6413E-05 8.5170E-05 5.8606E-05 1.1282E-04 1.5995E-04 2.1349E-04 2.2295E-04 1.1255E-04 1.7734E-04 2.4906E-04 7.6218E-05 6.4069E-05 7.5277E-05 1.3018E-04 0
 0 9.8485E-05 1.1975E-04 2.1057E-04 4.8997E-04 6.8950E-05 6.3136E-04 2.1916E-04 6.1403E-04 4.4865E-04 3.9848E-05 6.7426E-05 4.0292E-05 8.7344E-05 5.3318E-05 2.0299E-04 2.2992E-04 8.4410E-05 1.5925E-04 3.6648E-04 1.1890E-04 8.2374E-05 8.1299E-05 1.3236E-04 0
 0 9.1451E-05 1.1872E-04 2.1212E-04 5.3284E-04 6.4025E-05 6.6195E-04 2.5518E-04 5.0964E-04 4.5806E-04 4.6489E-05 8.1621E-05 9.1572E-05 1.2010E-04 7.8200E-05 1.4699E-04 2.8566E-04 1.3013E-04 1.1944E-04 2.6329E-04 1.1280E-04 8.9238E-05 1.0689E-04 1.0763E-04 0
 0 9.9993E-05 1.3937E-04 2.3225E-04 4.8180E-04 4.1862E-05 7.1201E-04 2.2816E-04 5.4035E-04 4.3296E-04 3.9848E-05 4.2585E-05 4.0292E-05 9.8261E-05 1.5284E-04 1.5049E-04 1.8463E-04 1.0551E-04 2.2801E-04 2.7041E-04 1.4024E-04 8.0086E-05 7.0760E-05 1.1709E-04 0
 0 8.6426E-05 9.9104E-05 2.0593E-04 4.6955E-04 3.2012E-05 6.5361E-04 2.7320E-04 5.9254E-04 4.6433E-04 8.6337E-05 6.0329E-05 6.5932E-05 8.7344E-05 8.5309E-05 1.7499E-04 1.7418E-04 8.0892E-05 1.3753E-04 3.3090E-04 1.5548E-04 8.0086E-05 7.8288E-05 1.4909E-04 0
 0 1.1507E-04 1.3627E-04 1.9044E-04 4.4505E-04 3.4475E-05 6.9254E-04 2.1916E-04 5.5877E-04 4.2669E-04 6.3092E-05 3.1939E-05 4.3954E-05 1.0554E-04 1.1019E-04 1.7849E-04 2.2295E-04 1.3365E-04 1.3753E-04 3.0243E-04 1.4939E-04 7.5509E-05 7.9794E-05 1.3527E-04 0
 0 8.9943E-05 1.2182E-04 2.2296E-04 4.5322E-04 4.4325E-05 7.2592E-04 2.4017E-04 5.4956E-04 3.9845E-04 7.9695E-05 1.1711E-04 5.8606E-05 1.1282E-04 1.5995E-04 1.9249E-04 1.8115E-04 1.5827E-04 1.7373E-04 2.9887E-04 1.0061E-04 5.0340E-05 7.0760E-05 1.1563E-04 0
 0 9.4466E-05 1.0943E-04 2.6321E-04 5.1651E-04 5.6637E-05 6.0632E-04 2.3717E-04 6.0789E-04 4.1414E-04 6.6413E-05 7.8072E-05 6.5932E-05 1.1646E-04 9.2418E-05 1.4699E-04 2.0205E-04 9.4961E-05 2.0268E-04 2.9532E-04 1.3110E-04 9.3815E-05 9.0332E-05 1.1491E-04 0
 0 8.3411E-05 1.3317E-04 2.8644E-04 4.5934E-04 5.9100E-05 6.3692E-04 2.1916E-04 6.1403E-04 5.2394E-04 8.3016E-05 7.4523E-05 4.0292E-05 8.3704E-05 7.8200E-05 1.1200E-04 2.4385E-04 1.0551E-04 1.4477E-04 4.2341E-04 1.2500E-04 6.6357E-05 1.1593E-04 1.2291E-04 0
 0 9.4466E-05 1.3730E-04 1.5174E-04 4.4301E-04 5.4175E-05 6.7864E-04 2.2516E-04 4.6973E-04 4.2355E-04 6.3092E-05 4.6134E-05 6.9594E-05 8.7344E-05 9.5972E-05 1.8899E-04 2.1947E-04 1.0199E-04 1.4839E-04 2.5974E-04 1.0671E-04 8.2374E-05 9.0332E-05 1.0618E-04 0
 0 9.8988E-05 1.0323E-04 2.1522E-04 4.3280E-04 2.7087E-05 6.8976E-04 2.3117E-04 6.1096E-04 4.4237E-04 9.6299E-05 5.6780E-05 3.6629E-05 9.8261E-05 1.1019E-04 1.6099E-04 2.1598E-04 1.2310E-04 2.0992E-04 3.0243E-04 9.1462E-05 8.4662E-05 7.8288E-05 1.1927E-04 0
 0 1.0653E-04 1.2801E-04 2.5083E-04 4.6751E-04 3.4475E-05 6.5361E-04 2.0114E-04 6.1710E-04 4.5492E-04 4.9810E-05 5.3231E-05 7.3257E-05 7.6426E-05 6.7536E-05 1.3649E-04 2.2644E-04 9.1444E-05 1.7011E-04 3.5224E-04 1.2195E-04 8.0086E-05 1.0840E-04 1.4036E-04 0
 0 7.9894E-05 1.1252E-04 2.0593E-04 4.4709E-04 3.2012E-05 7.4261E-04 2.3117E-04 5.6491E-04 3.9217E-04 5.9772E-05 6.0329E-05 2.9303E-05 7.2786E-05 1.1019E-04 1.1550E-04 1.9160E-04 6.3307E-05 1.8096E-04 2.4195E-04 7.3169E-05 8.9238E-05 9.6355E-05 1.1272E-04 0
 0 1.0050E-04 1.1562E-04 1.9509E-04 5.0017E-04 6.1562E-05 6.8142E-04 2.4317E-04 6.0175E-04 3.8904E-04 5.9772E-05 1.1356E-04 7.6920E-05 1.0554E-04 9.5972E-05 1.4699E-04 2.1250E-04 9.4961E-05 1.4115E-04 3.0955E-04 1.2805E-04 5.9492E-05 1.0388E-04 1.1272E-04 0
 0 9.2958E-05 1.3317E-04 2.0438E-04 5.1651E-04 2.7087E-05 5.2288E-04 2.2816E-04 6.3245E-04 4.2041E-04 6.9734E-05 9.9365E-05 8.4246E-05 1.3102E-04 1.1374E-04 1.3649E-04 2.2992E-04 8.4410E-05 1.7011E-04 2.5618E-04 8.5364E-05 7.3221E-05 7.8288E-05 1.0691E-04 0
 0 8.7431E-05 1.3214E-04 1.8735E-04 5.6958E-04 4.1862E-05 6.6473E-04 2.4618E-04 6.5701E-04 3.7962E-04 4.6489E-05 9.9365E-05 6.9594E-05 6.9147E-05 9.5972E-05 9.7996E-05 2.1250E-04 9.1444E-05 1.1944E-04 3.9850E-04 1.3110E-04 1.0297E-04 7.0760E-05 1.1927E-04 0
 0 9.2958E-05 1.4143E-04 2.1676E-04 4.7976E-04 3.2012E-05 7.2870E-04 2.5218E-04 5.9868E-04 4.3924E-04 6.9734E-05 8.5170E-05 9.8897E-05 1.2738E-04 6.7536E-05 1.9599E-04 2.1947E-04 7.3858E-05 1.4115E-04 2.5974E-04 1.4939E-04 5.7204E-05 9.1838E-05 1.0400E-04 0
 0 1.1607E-04 1.4556E-04 2.0902E-04 4.5526E-04 2.2162E-05 5.7295E-04 2.2216E-04 5.8026E-04 4.3610E-04 6.9734E-05 6.7426E-05 5.1280E-05 1.2374E-04 7.4645E-05 1.2949E-04 1.7418E-04 1.0551E-04 1.2667E-04 3.9494E-04 1.4329E-04 9.3815E-05 9.4849E-05 1.0545E-04 0
 0 8.8938E-05 1.0220E-04 1.9354E-04 5.0221E-04 4.6787E-05 5.8407E-04 2.4017E-04 5.8640E-04 3.4511E-04 8.9657E-05 7.4523E-05 5.8606E-05 7.2786E-05 9.5972E-05 1.7849E-04 1.9508E-04 7.3858E-05 1.8820E-04 2.9887E-04 1.1890E-04 5.9492E-05 7.8288E-05 1.1709E-04 0
 0 9.0446E-05 1.2182E-04 1.8735E-04 4.6751E-04 4.9250E-05 6.0910E-04 1.9814E-04 5.4035E-04 3.8590E-04 6.6413E-05 6.3877E-05 1.0622E-04 6.5508E-05 7.8200E-05 9.0996E-05 2.1947E-04 9.8478E-05 9.7721E-05 3.2378E-04 1.3414E-04 6.1780E-05 1.0388E-04 1.0909E-04 0
 0 8.8436E-05 1.2491E-04 2.0283E-04 4.4097E-04 4.6787E-05 5.7573E-04 2.4017E-04 6.3859E-04 4.9257E-04 5.9772E-05 3.1939E-05 6.9594E-05 5.0950E-05 1.0308E-04 1.5399E-04 2.8914E-04 8.4410E-05 1.0858E-04 2.8464E-04 1.1280E-04 8.0086E-05 9.4849E-05 1.4181E-04 0
 0 9.3963E-05 1.2491E-04 2.0128E-04 5.1855E-04 4.9250E-05 6.0354E-04 2.2816E-04 6.3859E-04 4.1414E-04 4.9810E-05 7.4523E-05 8.7909E-05 5.4590E-05 1.1019E-04 1.7849E-04 2.5779E-04 9.4961E-05 1.6649E-04 3.8071E-04 1.5548E-04 5.7204E-05 9.9366E-05 1.2363E-04 0
 0 1.0904E-04 9.1878E-05 1.8889E-04 5.8796E-04 4.6787E-05 6.6195E-04 2.0415E-04 6.1403E-04 4.2041E-04 7.9695E-05 9.9365E-05 6.5932E-05 9.8261E-05 9.5972E-05 1.5049E-04 1.9857E-04 1.0551E-04 1.5201E-04 2.7753E-04 1.0671E-04 7.5509E-05 1.2647E-04 1.2945E-04 0
 0 1.0100E-04 1.2182E-04 1.9664E-04 4.4097E-04 2.2162E-05 6.0910E-04 2.6719E-04 6.1710E-04 4.1100E-04 7.9695E-05 6.7426E-05 4.7617E-05 9.0983E-05 8.8863E-05 1.9599E-04 1.8812E-04 9.8478E-05 1.9182E-04 3.5224E-04 1.1585E-04 6.8645E-05 7.8288E-05 9.3815E-05 0
 0 8.8436E-05 1.3007E-04 1.7806E-04 4.7159E-04 8.8650E-05 6.5082E-04 2.4918E-04 7.3376E-04 3.7335E-04 7.6375E-05 1.2421E-04 6.9594E-05 1.2374E-04 9.2418E-05 1.5399E-04 2.0902E-04 7.7375E-05 1.5201E-04 2.6329E-04 9.1462E-05 5.9492E-05 7.6783E-05 1.2291E-04 0
 0 1.0401E-04 1.3007E-04 2.4309E-04 4.7567E-04 3.6937E-05 7.6208E-04 2.3717E-04 5.3728E-04 4.5492E-04 9.2978E-05 4.9682E-05 4.7617E-05 8.0065E-05 1.0308E-04 1.5399E-04 1.9857E-04 8.4410E-05 1.5201E-04 3.4513E-04 1.3110E-04 9.6103E-05 8.4310E-05 1.0763E-04 0
 0 1.0552E-04 1.2594E-04 1.9818E-04 4.8792E-04 4.1862E-05 7.1201E-04 1.8914E-04 6.7543E-04 3.8904E-04 6.9734E-05 9.5816E-05 2.9303E-05 5.8229E-05 1.0308E-04 1.2600E-04 2.1598E-04 6.3307E-05 9.0482E-05 2.5974E-04 9.4510E-05 7.7798E-05 8.4310E-05 1.1781E-04 0
 0 8.8436E-05 1.0736E-04 2.2605E-04 4.7363E-04 3.2012E-05 6.1189E-04 2.3717E-04 6.1096E-04 4.2982E-04 7.6375E-05 3.1939E-05 7.6920E-05 8.0065E-05 1.4574E-04 1.3299E-04 1.4283E-04 8.0892E-05 1.6649E-04 2.7753E-04 1.1890E-04 5.4916E-05 9.6355E-05 1.3672E-04 0
 0 9.9993E-05 1.3214E-04 1.9664E-04 6.0837E-04 7.6337E-05 6.0632E-04 2.2816E-04 5.9868E-04 4.4237E-04 6.9734E-05 8.5170E-05 5.4943E-05 1.2738E-04 1.2796E-04 1.3649E-04 2.4037E-04 1.1958E-04 1.1220E-04 3.7715E-04 1.6158E-04 6.4069E-05 7.0760E-05 1.1127E-04 0
 0 9.5471E-05 1.3627E-04 2.3534E-04 5.0017E-04 5.6637E-05 5.4792E-04 2.5819E-04 5.7412E-04 4.5806E-04 5.9772E-05 7.4523E-05 4.0292E-05 7.2786E-05 7.1091E-05 2.0299E-04 2.0205E-04 5.9790E-05 8.6863E-05 2.5974E-04 1.0671E-04 9.1527E-05 8.8827E-05 1.2072E-04 0
 0 1.1004E-04 1.1252E-04 2.3070E-04 4.5322E-04 6.1562E-05 5.2845E-04 2.1916E-04 5.3421E-04 4.6433E-04 9.2978E-05 8.5170E-05 6.9594E-05 1.1646E-04 9.9527E-05 1.4349E-04 1.5676E-04 8.7927E-05 1.3029E-04 2.7397E-04 1.3414E-04 7.5509E-05 8.5816E-05 1.0836E-04 0
 0 8.9943E-05 1.2698E-04 2.0747E-04 4.9609E-04 3.6937E-05 6.3692E-04 2.5218E-04 5.2192E-04 4.4237E-04 7.3054E-05 1.4195E-05 3.2966E-05 9.4622E-05 7.4645E-05 1.6799E-04 1.6721E-04 1.0199E-04 1.4115E-04 3.1666E-04 1.2500E-04 1.1212E-04 1.2044E-04 1.1636E-04 0
 0 9.4466E-05 1.2078E-04 2.3380E-04 5.2263E-04 4.6787E-05 6.5082E-04 2.4317E-04 7.2762E-04 4.8002E-04 3.6527E-05 5.3231E-05 9.8897E-05 5.8229E-05 6.7536E-05 1.5049E-04 1.6721E-04 1.2661E-04 1.3391E-04 3.1666E-04 1.0061E-04 8.0086E-05 8.1299E-05 1.2727E-04 0
 0 9.0446E-05 1.4349E-04 2.3380E-04 5.0426E-04 4.6787E-05 7.6208E-04 2.7620E-04 4.8508E-04 3.6708E-04 4.6489E-05 4.9682E-05 4.0292E-05 7.6426E-05 9.5972E-05 1.9249E-04 2.0205E-04 1.0551E-04 1.2667E-04 2.7397E-04 1.0671E-04 8.0086E-05 8.8827E-05 1.2654E-04 0
 0 9.7983E-05 1.2491E-04 1.8735E-04 5.2059E-04 4.1862E-05 5.9520E-04 2.5518E-04 5.5263E-04 3.7021E-04 7.6375E-05 4.9682E-05 5.1280E-05 8.3704E-05 1.3507E-04 1.5049E-04 2.3689E-04 1.1606E-04 1.6287E-04 3.3445E-04 1.2500E-04 4.8051E-05 1.0689E-04 1.3454E-04 0
 0 1.0100E-04 1.3214E-04 1.7960E-04 4.5934E-04 2.4625E-05 6.8698E-04 2.1916E-04 5.1885E-04 4.0159E-04 6.9734E-05 6.7426E-05 2.9303E-05 8.3704E-05 1.2796E-04 1.3649E-04 1.7418E-04 5.2756E-05 1.2306E-04 3.3090E-04 1.1585E-04 8.0086E-05 7.6783E-05 1.3890E-04 0
 0 1.0100E-04 1.1562E-04 2.0902E-04 4.5730E-04 2.9550E-05 5.7851E-04 2.3117E-04 6.1096E-04 4.6120E-04 9.2978E-05 4.2585E-05 5.4943E-05 1.2738E-04 9.5972E-05 1.4349E-04 1.3238E-04 7.3858E-05 1.0858E-04 2.3839E-04 9.4510E-05 4.3475E-05 9.7860E-05 1.3236E-04 0
 0 1.0401E-04 1.2594E-04 1.8580E-04 4.6955E-04 6.8950E-05 6.4248E-04 2.3417E-04 5.6798E-04 3.6080E-04 7.3054E-05 7.0975E-05 1.0256E-04 1.0190E-04 7.8200E-05 1.4699E-04 1.6373E-04 7.3858E-05 1.9906E-04 2.7397E-04 9.4510E-05 6.1780E-05 9.9366E-05 9.8179E-05 0
 0 1.0803E-04 1.2491E-04 2.4928E-04 5.2875E-04 4.6787E-05 6.7307E-04 2.0715E-04 5.9868E-04 4.7375E-04 6.3092E-05 7.4523E-05 8.4246E-05 5.8229E-05 9.2418E-05 1.7499E-04 2.2295E-04 8.4410E-05 1.7734E-04 2.2060E-04 1.9207E-04 7.5509E-05 7.9794E-05 1.2218E-04 0
 0 7.7884E-05 1.2594E-04 2.0747E-04 4.7363E-04 6.6487E-05 6.5639E-04 2.6419E-04 5.3114E-04 4.4551E-04 5.3130E-05 1.2775E-04 5.8606E-05 1.0190E-04 9.9527E-05 1.1550E-04 1.8115E-04 1.0903E-04 1.7373E-04 3.0243E-04 1.0671E-04 7.0933E-05 8.8827E-05 1.1781E-04 0
 0 1.0200E-04 1.4969E-04 2.2141E-04 4.2464E-04 3.6937E-05 6.5917E-04 3.0922E-04 5.8640E-04 5.0198E-04 6.6413E-05 5.3231E-05 8.7909E-05 8.7344E-05 9.2418E-05 1.7149E-04 1.9857E-04 5.9790E-05 1.3753E-04 2.5974E-04 1.3719E-04 5.9492E-05 1.0539E-04 1.1491E-04 0
 0 9.6978E-05 1.3627E-04 2.1522E-04 4.6138E-04 2.4625E-05 6.5082E-04 2.8821E-04 5.7412E-04 3.7649E-04 7.3054E-05 5.6780E-05 4.0292E-05 7.6426E-05 8.5309E-05 1.6799E-04 1.6025E-04 1.1255E-04 1.3391E-04 3.3090E-04 1.1585E-04 9.3815E-05 7.2266E-05 1.1563E-04 0
 0 9.3963E-05 1.3627E-04 1.9973E-04 4.0830E-04 4.4325E-05 5.6182E-04 1.8313E-04 5.6491E-04 4.8630E-04 3.9848E-05 5.3231E-05 5.4943E-05 8.0065E-05 1.2796E-04 1.5049E-04 1.2889E-04 9.1444E-05 1.3391E-04 3.2022E-04 1.4329E-04 9.1527E-05 6.6244E-05 1.4909E-04 0
 0 8.7431E-05 1.2388E-04 2.0128E-04 4.5730E-04 2.7087E-05 6.1745E-04 2.4618E-04 5.5263E-04 3.7021E-04 7.6375E-05 8.8718E-05 1.8314E-05 9.4622E-05 6.7536E-05 1.2250E-04 2.0205E-04 7.3858E-05 1.2306E-04 2.5262E-04 1.2195E-04 6.8645E-05 1.0238E-04 1.1636E-04 0
 0 9.2958E-05 1.2182E-04 2.2605E-04 4.3893E-04 3.2012E-05 6.3970E-04 2.1315E-04 5.5263E-04 4.5806E-04 6.3092E-05 7.4523E-05 4.0292E-05 8.0065E-05 9.9527E-05 1.2600E-04 1.7766E-04 1.0199E-04 1.9544E-04 2.4195E-04 8.8413E-05 5.9492E-05 1.0087E-04 1.1781E-04 0
 0 1.0200E-04 1.3524E-04 1.9509E-04 4.4913E-04 3.6937E-05 6.2023E-04 2.3717E-04 5.6491E-04 4.5178E-04 4.3168E-05 5.6780E-05 1.1721E-04 9.0983E-05 9.9527E-05 1.8899E-04 2.1947E-04 7.3858E-05 9.7721E-05 3.7359E-04 1.4329E-04 6.1780E-05 6.6244E-05 1.0254E-04 0
 0 8.4919E-05 1.3730E-04 1.7960E-04 4.7976E-04 1.4775E-05 5.5070E-04 2.6719E-04 5.3421E-04 4.0159E-04 3.6527E-05 7.4523E-05 5.4943E-05 8.0065E-05 1.0308E-04 1.7499E-04 2.0902E-04 1.3717E-04 1.7373E-04 3.1311E-04 1.1280E-04 7.7798E-05 7.6783E-05 1.0472E-04 0
 0 9.3963E-05 1.1975E-04 1.9509E-04 5.1446E-04 4.4325E-05 7.2036E-04 2.0415E-04 5.5877E-04 3.9845E-04 7.3054E-05 6.3877E-05 4.7617E-05 9.8261E-05 9.9527E-05 1.3999E-04 2.1598E-04 1.1606E-04 1.6287E-04 3.5580E-04 1.2500E-04 5.4916E-05 8.4310E-05 1.2291E-04 0
 0 8.9943E-05 1.1872E-04 1.8580E-04 4.7159E-04 4.4325E-05 6.6751E-04 2.2516E-04 6.3859E-04 3.5139E-04 7.9695E-05 8.1621E-05 4.0292E-05 1.2010E-04 9.5972E-05 1.4349E-04 1.8812E-04 8.0892E-05 1.6649E-04 2.6685E-04 8.5364E-05 5.0340E-05 7.5277E-05 1.2291E-04 0
 0 9.8988E-05 1.3420E-04 1.7960E-04 4.3689E-04 3.2012E-05 6.3692E-04 2.2816E-04 5.2807E-04 3.4511E-04 4.9810E-05 8.8718E-05 6.2269E-05 1.2010E-04 8.8863E-05 1.5049E-04 2.4734E-04 6.6824E-05 1.3029E-04 3.2734E-04 1.3719E-04 8.2374E-05 6.9255E-05 1.0836E-04 0
 0 1.0753E-04 1.0633E-04 2.1986E-04 4.6343E-04 3.6937E-05 7.5095E-04 2.3717E-04 5.6184E-04 3.6708E-04 5.9772E-05 4.9682E-05 4.0292E-05 1.3102E-04 1.2085E-04 1.4349E-04 1.5676E-04 1.5123E-04 1.4839E-04 3.0955E-04 1.1585E-04 5.0340E-05 8.7321E-05 1.1563E-04 0
 0 9.6978E-05 1.2904E-04 2.1367E-04 4.8997E-04 3.4475E-05 5.8685E-04 3.0022E-04 5.1271E-04 3.7962E-04 5.3130E-05 4.2585E-05 4.3954E-05 6.1868E-05 7.1091E-05 1.7149E-04 1.3934E-04 6.6824E-05 1.4839E-04 3.4869E-04 1.3414E-04 4.3475E-05 7.6783E-05 1.1272E-04 0
 0 1.0653E-04 1.1665E-04 1.7496E-04 4.5322E-04 3.4475E-05 6.3970E-04 2.6419E-04 5.7105E-04 3.7335E-04 4.3168E-05 7.4523E-05 2.9303E-05 8.0065E-05 5.6872E-05 1.2250E-04 1.6721E-04 7.0341E-05 1.5201E-04 3.2378E-04 1.0061E-04 8.2374E-05 9.9366E-05 1.1418E-04 0
 0 9.6978E-05 1.2491E-04 2.0593E-04 4.6751E-04 5.4175E-05 6.9533E-04 2.3417E-04 5.2807E-04 3.4825E-04 6.3092E-05 7.8072E-05 5.4943E-05 9.8261E-05 5.6872E-05 1.5749E-04 2.1598E-04 7.3858E-05 1.0858E-04 3.0243E-04 9.4510E-05 4.1187E-05 8.8827E-05 1.3745E-04 0
 0 9.2958E-05 1.1356E-04 1.9818E-04 5.0426E-04 3.2012E-05 6.5917E-04 2.9121E-04 5.7719E-04 3.7335E-04 7.9695E-05 6.3877E-05 9.5235E-05 1.0190E-04 1.3152E-04 1.7149E-04 1.2541E-04 7.7375E-05 1.4839E-04 2.5618E-04 7.6218E-05 7.3221E-05 6.3233E-05 1.0981E-04 0
 0 1.0351E-04 1.0427E-04 2.4773E-04 4.1239E-04 4.4325E-05 7.2314E-04 1.5011E-04 6.5394E-04 3.8590E-04 7.9695E-05 6.0329E-05 5.4943E-05 7.6426E-05 1.0664E-04 1.8899E-04 1.9857E-04 7.0341E-05 1.4477E-04 3.0955E-04 1.3110E-04 4.8051E-05 5.4199E-05 1.0109E-04 0
 0 9.5973E-05 1.3627E-04 2.2451E-04 3.6952E-04 4.9250E-05 5.3123E-04 2.0415E-04 5.6184E-04 3.8904E-04 1.0294E-04 5.3231E-05 4.3954E-05 9.0983E-05 7.1091E-05 1.5049E-04 1.5676E-04 9.4961E-05 9.4101E-05 2.7753E-04 1.4329E-04 8.0086E-05 8.8827E-05 1.2291E-04 0
 0 9.5471E-05 1.2904E-04 1.9044E-04 4.8997E-04 4.6787E-05 6.3692E-04 2.6119E-04 5.8947E-04 4.0472E-04 5.6451E-05 5.6780E-05 5.8606E-05 9.0983E-05 6.0427E-05 1.6449E-04 1.8463E-04 1.1606E-04 1.5201E-04 3.4157E-04 1.0671E-04 8.6950E-05 6.6244E-05 9.3088E-05 0
 0 8.9943E-05 1.2078E-04 1.9818E-04 4.8180E-04 2.7087E-05 5.8129E-04 2.3417E-04 7.0306E-04 4.1100E-04 9.6299E-05 4.6134E-05 4.0292E-05 9.4622E-05 1.1730E-04 1.3299E-04 2.0553E-04 7.0341E-05 1.6287E-04 3.4513E-04 9.1462E-05 6.4069E-05 8.8827E-05 1.2945E-04 0
 0 1.0904E-04 1.0220E-04 2.2141E-04 4.5526E-04 5.1712E-05 6.9811E-04 2.5518E-04 5.4956E-04 3.6394E-04 3.6527E-05 5.3231E-05 3.2966E-05 8.7344E-05 7.1091E-05 1.3299E-04 1.4980E-04 9.4961E-05 7.9624E-05 2.9532E-04 1.2195E-04 4.8051E-05 9.0332E-05 9.9633E-05 0
 0 1.0904E-04 1.0117E-04 2.0747E-04 4.7976E-04 4.6787E-05 6.5917E-04 2.9721E-04 5.9561E-04 4.4237E-04 5.3130E-05 8.1621E-05 5.8606E-05 9.8261E-05 6.7536E-05 1.1900E-04 1.4980E-04 8.0892E-05 1.2306E-04 2.8108E-04 1.4024E-04 6.1780E-05 8.4310E-05 1.0836E-04 0
 0 1.2210E-04 1.1872E-04 2.2296E-04 4.9201E-04 2.9550E-05 6.7307E-04 2.4317E-04 6.6929E-04 4.2982E-04 5.9772E-05 5.3231E-05 8.0583E-05 1.1646E-04 1.0308E-04 1.0850E-04 2.3689E-04 7.7375E-05 1.6649E-04 2.8820E-04 1.1585E-04 1.1212E-04 6.4738E-05 1.0909E-04 0
 0 9.6476E-05 1.3627E-04 2.0747E-04 4.8588E-04 2.2162E-05 6.1189E-04 2.3717E-04 5.8947E-04 3.9531E-04 3.9848E-05 7.0975E-05 2.9303E-05 7.6426E-05 4.6209E-05 1.3299E-04 1.8812E-04 5.6273E-05 1.1944E-04 3.0955E-04 7.3169E-05 9.6103E-05 6.7749E-05 1.0909E-04 0
 0 9.7480E-05 1.3007E-04 1.9818E-04 4.6751E-04 2.4625E-05 5.7573E-04 1.4711E-04 5.2192E-04 4.1727E-04 3.6527E-05 9.2267E-05 4.7617E-05 7.6426E-05 6.0427E-05 1.1900E-04 2.1598E-04 5.2756E-05 1.1220E-04 2.7753E-04 9.4510E-05 8.2374E-05 7.0760E-05 1.2291E-04 0
 0 1.1255E-04 1.4349E-04 2.1831E-04 4.7159E-04 3.9400E-05 6.1467E-04 2.1916E-04 4.9429E-04 3.6080E-04 6.6413E-05 4.9682E-05 3.6629E-05 8.3704E-05 4.9763E-05 1.4699E-04 1.8115E-04 1.0903E-04 1.0496E-04 2.9176E-04 1.4939E-04 7.0933E-05 7.5277E-05 1.2145E-04 0
 0 1.0502E-04 1.1356E-04 2.0128E-04 4.8997E-04 5.4175E-05 6.0910E-04 1.8313E-04 5.5570E-04 3.6394E-04 4.6489E-05 5.3231E-05 4.0292E-05 9.0983E-05 8.5309E-05 1.6099E-04 2.0205E-04 1.4068E-04 1.2667E-04 2.4550E-04 1.1280E-04 6.6357E-05 8.8827E-05 1.0691E-04 0
 0 9.6978E-05 1.0840E-04 2.2451E-04 4.7159E-04 2.2162E-05 5.9798E-04 2.3417E-04 6.5701E-04 5.0198E-04 5.3130E-05 9.2267E-05 3.2966E-05 1.4193E-04 8.8863E-05 1.9949E-04 1.4980E-04 1.1255E-04 1.5201E-04 2.6685E-04 1.8597E-04 8.9238E-05 6.6244E-05 1.2000E-04 0
 0 8.8938E-05 1.3007E-04 2.1831E-04 4.8384E-04 4.1862E-05 5.1454E-04 1.8914E-04 5.3421E-04 4.0786E-04 4.6489E-05 4.9682E-05 5.1280E-05 4.3672E-05 1.0664E-04 1.6799E-04 1.7766E-04 9.1444E-05 1.2667E-04 3.3090E-04 1.1890E-04 3.6611E-05 1.0539E-04 1.2363E-04 0
 0 1.0954E-04 1.3007E-04 1.9199E-04 4.4709E-04 4.6787E-05 5.0063E-04 2.2516E-04 4.9122E-04 4.2041E-04 4.6489E-05 6.0329E-05 7.6920E-05 8.0065E-05 1.0308E-04 1.7149E-04 1.7766E-04 8.4410E-05 8.6863E-05 3.2734E-04 9.1462E-05 9.1527E-05 8.2805E-05 1.1127E-04 0
 0 1.0452E-04 1.5485E-04 1.8270E-04 4.6138E-04 2.2162E-05 5.5070E-04 2.4017E-04 4.8815E-04 4.6120E-04 3.3206E-05 9.9365E-05 5.1280E-05 7.2786E-05 6.3982E-05 1.2250E-04 2.1598E-04 7.7375E-05 1.3029E-04 3.3445E-04 1.2500E-04 5.0340E-05 6.4738E-05 1.1345E-04 0
 0 1.1406E-04 1.1872E-04 1.8115E-04 4.2055E-04 2.9550E-05 5.9520E-04 2.5518E-04 5.8640E-04 2.9805E-04 3.6527E-05 4.2585E-05 5.8606E-05 7.6426E-05 9.9527E-05 1.0850E-04 1.6373E-04 7.0341E-05 1.0134E-04 2.8464E-04 1.1280E-04 8.6950E-05 8.7321E-05 1.2072E-04 0
 0 1.0401E-04 1.2698E-04 1.9199E-04 4.7159E-04 3.9400E-05 5.4513E-04 2.5218E-04 6.0789E-04 3.8276E-04 7.6375E-05 9.5816E-05 4.3954E-05 5.8229E-05 1.2796E-04 1.0500E-04 1.3238E-04 7.0341E-05 1.6287E-04 2.8464E-04 1.0975E-04 6.8645E-05 1.0539E-04 1.0400E-04 0
 0 9.2456E-05 1.3214E-04 2.0747E-04 4.5322E-04 2.9550E-05 6.1189E-04 2.0114E-04 5.2499E-04 3.8590E-04 5.3130E-05 6.0329E-05 4.3954E-05 4.7311E-05 8.8863E-05 1.5399E-04 1.8812E-04 5.9790E-05 1.3391E-04 2.8820E-04 8.5364E-05 6.4069E-05 5.7211E-05 1.0618E-04 0
 0 9.2958E-05 1.3214E-04 1.9509E-04 4.5730E-04 4.6787E-05 4.7838E-04 2.5218E-04 6.2631E-04 4.1727E-04 3.9848E-05 9.2267E-05 3.2966E-05 9.8261E-05 6.7536E-05 1.7849E-04 2.0902E-04 7.3858E-05 1.3029E-04 3.1666E-04 1.0671E-04 6.1780E-05 1.0539E-04 1.3454E-04 0
 0 1.0251E-04 1.1252E-04 2.2451E-04 4.8792E-04 5.1712E-05 6.3970E-04 1.9214E-04 5.4956E-04 3.9845E-04 5.6451E-05 6.0329E-05 6.9594E-05 7.2786E-05 9.2418E-05 8.3997E-05 1.9160E-04 6.6824E-05 8.3243E-05 2.7041E-04 1.2195E-04 7.7798E-05 9.3343E-05 1.1781E-04 0
 0 9.7983E-05 1.0427E-04 2.2296E-04 4.5526E-04 3.4475E-05 5.9242E-04 2.1015E-04 5.8947E-04 3.2315E-04 9.6299E-05 6.7426E-05 3.6629E-05 1.1282E-04 6.7536E-05 9.4496E-05 1.7070E-04 8.0892E-05 1.3753E-04 2.7397E-04 7.6218E-05 9.3815E-05 6.0222E-05 1.2581E-04 0
 0 9.9993E-05 1.0220E-04 1.9509E-04 4.0626E-04 3.2012E-05 6.5361E-04 2.1015E-04 5.7719E-04 5.1453E-04 2.9886E-05 5.3231E-05 5.1280E-05 5.8229E-05 1.0308E-04 1.7499E-04 1.5676E-04 1.4068E-04 1.2306E-04 2.3127E-04 1.1890E-04 7.3221E-05 9.3343E-05 1.1709E-04 0
 0 1.2713E-04 1.1149E-04 1.9818E-04 4.6955E-04 3.6937E-05 6.2579E-04 2.5218E-04 5.1578E-04 3.7649E-04 8.9657E-05 7.0975E-05 4.0292E-05 6.1868E-05 7.8200E-05 1.2949E-04 1.4980E-04 7.3858E-05 1.0134E-04 2.9176E-04 9.7559E-05 6.8645E-05 9.4849E-05 1.4254E-04 0
 0 1.0351E-04 1.2491E-04 1.8115E-04 4.9201E-04 7.3875E-05 6.0076E-04 1.8313E-04 4.6666E-04 4.1100E-04 4.6489E-05 2.8390E-05 4.3954E-05 1.1282E-04 9.2418E-05 1.5749E-04 2.1947E-04 8.7927E-05 9.0482E-05 3.0599E-04 1.7073E-04 5.2628E-05 7.9794E-05 1.1272E-04 0
 0 1.1406E-04 1.3007E-04 2.3844E-04 4.8384E-04 5.4175E-05 6.4248E-04 2.5218E-04 5.4956E-04 3.7335E-04 5.3130E-05 3.5487E-05 6.5932E-05 7.6426E-05 6.7536E-05 1.0150E-04 1.9857E-04 7.7375E-05 1.1582E-04 2.9887E-04 1.1890E-04 6.6357E-05 8.4310E-05 1.1709E-04 0
 0 1.1205E-04 1.0323E-04 2.1676E-04 4.9405E-04 2.9550E-05 7.5929E-04 1.8013E-04 5.3114E-04 3.7962E-04 4.9810E-05 6.3877E-05 2.9303E-05 1.0554E-04 9.9527E-05 1.6099E-04 1.7070E-04 3.8688E-05 1.1220E-04 2.5974E-04 1.3719E-04 6.6357E-05 7.5277E-05 1.1781E-04 0
 0 9.8485E-05 1.1046E-04 2.2296E-04 4.7772E-04 4.4325E-05 5.5904E-04 1.7112E-04 5.9868E-04 3.7335E-04 2.9886E-05 3.5487E-05 5.4943E-05 7.2786E-05 7.4645E-05 1.1550E-04 1.9857E-04 1.0551E-04 8.6863E-05 3.3445E-04 8.2316E-05 5.9492E-05 8.4310E-05 1.2291E-04 0
 0 1.1557E-04 1.3317E-04 2.0128E-04 4.8997E-04 3.2012E-05 5.6182E-04 2.2816E-04 5.8947E-04 3.8904E-04 3.3206E-05 3.5487E-05 2.5640E-05 7.6426E-05 8.5309E-05 1.2949E-04 1.6721E-04 8.4410E-05 1.6287E-04 2.1704E-04 1.0366E-04 6.1780E-05 8.4310E-05 1.2581E-04 0
 0 1.1959E-04 1.5795E-04 2.0128E-04 4.2872E-04 2.4625E-05 6.7029E-04 2.7320E-04 4.7280E-04 4.1414E-04 3.6527E-05 5.6780E-05 3.2966E-05 7.6426E-05 1.2085E-04 1.5399E-04 2.0205E-04 5.6273E-05 1.4115E-04 2.5618E-04 1.4634E-04 6.8645E-05 7.3771E-05 1.2218E-04 0
 0 1.0050E-04 1.3007E-04 2.4154E-04 4.5118E-04 1.9700E-05 5.8129E-04 2.1916E-04 5.3421E-04 3.9845E-04 4.3168E-05 7.0975E-05 9.1572E-05 8.0065E-05 1.4218E-04 1.0850E-04 1.6373E-04 8.0892E-05 1.2667E-04 2.8820E-04 1.0671E-04 6.4069E-05 5.2694E-05 1.2581E-04 0
 0 1.0301E-04 9.4975E-05 1.7960E-04 3.9197E-04 4.6787E-05 6.5917E-04 2.3117E-04 5.4342E-04 3.7335E-04 7.3054E-05 7.0975E-05 5.4943E-05 7.6426E-05 5.3318E-05 1.1550E-04 1.6373E-04 6.6824E-05 1.0134E-04 3.1666E-04 1.1280E-04 4.1187E-05 8.2805E-05 1.0763E-04 0
 0 9.0446E-05 8.1554E-05 1.7960E-04 4.7363E-04 3.9400E-05 4.9229E-04 2.2516E-04 5.3114E-04 3.9217E-04 9.2978E-05 8.5170E-05 4.0292E-05 7.2786E-05 8.5309E-05 1.0150E-04 1.6373E-04 6.6824E-05 1.4839E-04 3.2378E-04 8.8413E-05 5.0340E-05 8.7321E-05 1.3018E-04 0
 0 1.2361E-04 9.9104E-05 1.6877E-04 4.7363E-04 4.1862E-05 4.5891E-04 1.9814E-04 5.0964E-04 4.1727E-04 5.6451E-05 3.9036E-05 4.3954E-05 5.4590E-05 8.5309E-05 1.7499E-04 2.0205E-04 6.3307E-05 9.4101E-05 2.7397E-04 1.0061E-04 6.4069E-05 7.5277E-05 9.5270E-05 0
 0 1.1004E-04 1.1769E-04 1.8270E-04 5.1038E-04 2.7087E-05 7.1201E-04 1.7112E-04 4.5131E-04 3.9845E-04 2.6565E-05 9.5816E-05 4.7617E-05 8.7344E-05 9.5972E-05 1.5399E-04 1.9160E-04 6.3307E-05 1.9544E-04 2.7753E-04 1.2195E-04 5.9492E-05 8.1299E-05 1.2291E-04 0
 0 1.0653E-04 1.0736E-04 2.1367E-04 5.3284E-04 4.4325E-05 6.8976E-04 1.8313E-04 5.2499E-04 3.6708E-04 4.9810E-05 8.8718E-05 4.7617E-05 9.0983E-05 9.5972E-05 1.6099E-04 1.8812E-04 8.4410E-05 1.0496E-04 2.7041E-04 1.1280E-04 5.0340E-05 8.8827E-05 1.0472E-04 0
 0 1.1155E-04 1.1459E-04 2.1831E-04 4.0422E-04 2.4625E-05 5.3401E-04 2.3117E-04 5.4649E-04 3.7649E-04 3.9848E-05 5.6780E-05 6.2269E-05 1.1282E-04 9.2418E-05 1.6099E-04 1.5676E-04 6.3307E-05 8.3243E-05 2.3839E-04 1.1585E-04 7.7798E-05 6.1727E-05 1.1200E-04 0
 0 1.1306E-04 1.2801E-04 2.1057E-04 4.5118E-04 4.4325E-05 5.3123E-04 1.8914E-04 6.9078E-04 4.2669E-04 5.9772E-05 4.9682E-05 8.4246E-05 1.0918E-04 8.1754E-05 1.3999E-04 1.6025E-04 7.0341E-05 9.0482E-05 3.2022E-04 1.3719E-04 6.1780E-05 8.8827E-05 1.3091E-04 0
 0 1.0602E-04 1.2904E-04 2.2605E-04 4.6343E-04 4.1862E-05 5.1732E-04 1.9514E-04 4.3903E-04 4.1727E-04 6.9734E-05 7.4523E-05 2.9303E-05 8.7344E-05 6.0427E-05 1.0150E-04 2.0553E-04 7.3858E-05 1.5563E-04 3.2734E-04 1.3110E-04 8.4662E-05 6.4738E-05 1.1636E-04 0
 0 1.0100E-04 1.2182E-04 1.9199E-04 4.5526E-04 2.9550E-05 6.0076E-04 2.2216E-04 6.0482E-04 3.3884E-04 5.3130E-05 3.5487E-05 2.9303E-05 8.0065E-05 9.9527E-05 1.3299E-04 2.8217E-04 8.7927E-05 1.3029E-04 2.5262E-04 1.3110E-04 5.9492E-05 9.3343E-05 1.1345E-04 0
 0 1.0653E-04 1.1975E-04 1.9973E-04 5.3080E-04 2.4625E-05 6.0632E-04 1.5911E-04 5.7412E-04 3.2315E-04 4.9810E-05 6.0329E-05 6.2269E-05 5.8229E-05 1.2441E-04 1.1200E-04 2.1947E-04 5.9790E-05 9.7721E-05 2.3839E-04 1.0671E-04 1.0068E-04 9.0332E-05 1.1854E-04 0
 0 1.0502E-04 1.4143E-04 2.3225E-04 4.9609E-04 8.1262E-05 6.5361E-04 2.0415E-04 4.5438E-04 3.7649E-04 5.9772E-05 5.6780E-05 2.5640E-05 7.6426E-05 5.6872E-05 1.3649E-04 1.8463E-04 6.3307E-05 9.7721E-05 3.7359E-04 1.2195E-04 6.6357E-05 7.8288E-05 9.1634E-05 0
 0 1.1356E-04 1.2182E-04 2.3689E-04 4.2464E-04 3.2012E-05 5.8129E-04 2.5218E-04 6.4473E-04 3.5139E-04 3.6527E-05 7.4523E-05 4.3954E-05 8.0065E-05 8.5309E-05 1.3649E-04 2.0902E-04 8.7927E-05 1.5201E-04 2.4550E-04 1.0975E-04 5.9492E-05 8.2805E-05 1.1781E-04 0
 0 1.0251E-04 1.0633E-04 2.0902E-04 4.9405E-04 4.6787E-05 5.9520E-04 1.4410E-04 6.1096E-04 4.2355E-04 5.9772E-05 6.7426E-05 4.0292E-05 6.5508E-05 4.9763E-05 1.3299E-04 1.7070E-04 9.8478E-05 1.3753E-04 2.8820E-04 1.2500E-04 5.9492E-05 1.2647E-04 1.0836E-04 0
 0 1.1205E-04 1.1769E-04 1.9199E-04 4.2668E-04 3.4475E-05 5.7851E-04 2.1015E-04 5.8640E-04 4.0786E-04 5.3130E-05 6.0329E-05 5.4943E-05 9.4622E-05 7.8200E-05 1.7849E-04 1.8812E-04 8.7927E-05 1.3391E-04 2.8820E-04 1.0061E-04 4.5763E-05 7.5277E-05 1.0836E-04 0
 0 1.0502E-04 1.0840E-04 2.1057E-04 4.3893E-04 1.9700E-05 6.1745E-04 2.4317E-04 5.3728E-04 3.2629E-04 4.9810E-05 3.9036E-05 4.7617E-05 9.0983E-05 9.2418E-05 1.3299E-04 1.3934E-04 5.9790E-05 1.3753E-04 2.2416E-04 1.0671E-04 8.9238E-05 9.7860E-05 1.2945E-04 0
 0 1.1406E-04 1.4556E-04 2.1831E-04 4.4709E-04 3.9400E-05 5.4792E-04 1.9214E-04 4.8815E-04 3.3570E-04 4.6489E-05 7.8072E-05 6.9594E-05 8.7344E-05 9.9527E-05 1.0850E-04 1.5328E-04 4.9239E-05 1.2306E-04 2.4550E-04 6.7072E-05 7.3221E-05 7.2266E-05 9.7452E-05 0
 0 9.7480E-05 1.2491E-04 1.9509E-04 4.5934E-04 3.4475E-05 7.2314E-04 2.6419E-04 5.6798E-04 3.9845E-04 4.9810E-05 4.2585E-05 5.1280E-05 5.4590E-05 8.1754E-05 1.2250E-04 1.8812E-04 4.5722E-05 1.1944E-04 3.0243E-04 1.3719E-04 6.1780E-05 8.4310E-05 1.0400E-04 0
 0 1.3165E-04 1.1459E-04 1.8580E-04 4.4913E-04 2.2162E-05 6.9254E-04 1.9214E-04 6.2938E-04 3.5139E-04 6.3092E-05 4.6134E-05 3.2966E-05 8.3704E-05 6.0427E-05 1.2949E-04 1.6025E-04 5.6273E-05 9.0482E-05 2.7753E-04 1.0671E-04 1.0983E-04 8.8827E-05 1.1054E-04 0
 0 1.0301E-04 1.0117E-04 1.6722E-04 5.6142E-04 3.9400E-05 5.7017E-04 1.9214E-04 4.7894E-04 4.2982E-04 6.6413E-05 3.5487E-05 3.2966E-05 9.4622E-05 8.5309E-05 9.4496E-05 2.2295E-04 6.6824E-05 1.1944E-04 3.3090E-04 6.0975E-05 5.9492E-05 1.0087E-04 1.1709E-04 0
 0 1.0602E-04 1.2285E-04 2.0128E-04 4.7772E-04 2.7087E-05 5.2010E-04 2.0715E-04 5.7105E-04 4.2355E-04 1.9924E-05 3.1939E-05 4.0292E-05 8.3704E-05 8.8863E-05 1.3299E-04 2.0553E-04 1.1958E-04 1.0134E-04 2.6685E-04 9.7559E-05 4.5763E-05 7.3771E-05 1.1054E-04 0
 0 1.0401E-04 1.4246E-04 1.6877E-04 5.5325E-04 4.1862E-05 5.8129E-04 1.9214E-04 5.0350E-04 3.0746E-04 3.9848E-05 8.1621E-05 4.7617E-05 9.0983E-05 8.5309E-05 1.1550E-04 1.3238E-04 5.9790E-05 1.4839E-04 3.1666E-04 1.0671E-04 8.9238E-05 8.5816E-05 9.5270E-05 0
 0 9.6476E-05 1.1665E-04 1.6102E-04 4.4301E-04 3.2012E-05 6.3692E-04 1.5611E-04 4.9736E-04 3.6708E-04 3.3206E-05 6.3877E-05 6.2269E-05 4.0032E-05 1.0664E-04 1.2250E-04 1.6373E-04 7.7375E-05 1.3391E-04 2.7397E-04 1.0061E-04 7.0933E-05 5.7211E-05 1.2509E-04 0
 0 1.0050E-04 1.1149E-04 1.8580E-04 4.3280E-04 4.6787E-05 5.4792E-04 1.4410E-04 4.6052E-04 3.8590E-04 4.9810E-05 6.0329E-05 5.8606E-05 6.1868E-05 6.3982E-05 8.3997E-05 1.8812E-04 6.3307E-05 1.2667E-04 2.4906E-04 9.4510E-05 6.8645E-05 7.9794E-05 1.0836E-04 0
 0 1.0552E-04 1.2285E-04 1.9354E-04 4.5934E-04 3.4475E-05 5.7851E-04 1.9514E-04 5.2499E-04 4.4865E-04 4.3168E-05 4.6134E-05 6.2269E-05 7.2786E-05 6.0427E-05 7.3497E-05 1.1496E-04 6.3307E-05 1.2306E-04 2.2416E-04 1.1585E-04 7.7798E-05 8.4310E-05 9.8179E-05 0
 0 1.1557E-04 1.0736E-04 1.8580E-04 4.3893E-04 4.9250E-05 5.4235E-04 1.9514E-04 6.1096E-04 3.6394E-04 3.9848E-05 6.0329E-05 4.3954E-05 9.4622E-05 7.4645E-05 1.8199E-04 1.6721E-04 6.6824E-05 1.1944E-04 2.3483E-04 1.0061E-04 4.8051E-05 6.9255E-05 1.0836E-04 0
 0 9.1953E-05 1.1356E-04 1.8425E-04 4.5934E-04 2.7087E-05 6.0354E-04 1.7112E-04 5.8333E-04 3.9845E-04 2.3245E-05 5.3231E-05 5.1280E-05 9.0983E-05 9.5972E-05 9.0996E-05 1.0451E-04 6.6824E-05 1.1944E-04 3.5936E-04 1.0061E-04 6.6357E-05 7.8288E-05 9.9633E-05 0
 0 1.0653E-04 1.0840E-04 1.9199E-04 4.4097E-04 4.1862E-05 6.3970E-04 2.7620E-04 5.6184E-04 3.4825E-04 4.3168E-05 8.5170E-05 5.8606E-05 6.1868E-05 5.6872E-05 6.6497E-05 2.2644E-04 5.2756E-05 2.1354E-04 1.9569E-04 1.4024E-04 5.0340E-05 6.4738E-05 1.0691E-04 0
 0 9.3461E-05 1.3111E-04 1.4709E-04 4.7159E-04 2.4625E-05 6.2857E-04 1.8613E-04 5.8026E-04 3.3256E-04 3.9848E-05 8.8718E-05 4.3954E-05 7.6426E-05 6.0427E-05 9.0996E-05 1.6025E-04 5.6273E-05 6.5147E-05 2.3483E-04 1.1585E-04 7.0933E-05 8.2805E-05 1.0981E-04 0
 0 1.0552E-04 1.5279E-04 1.8425E-04 4.3280E-04 4.1862E-05 6.0632E-04 2.1916E-04 5.9561E-04 3.4511E-04 5.9772E-05 6.3877E-05 4.0292E-05 6.1868E-05 1.2441E-04 1.0150E-04 1.7418E-04 5.6273E-05 1.5925E-04 3.5936E-04 7.9267E-05 5.4916E-05 6.7749E-05 1.0909E-04 0
 0 1.0301E-04 1.0323E-04 2.2296E-04 4.6751E-04 3.4475E-05 5.4792E-04 2.1916E-04 5.5263E-04 3.8276E-04 4.3168E-05 6.0329E-05 3.6629E-05 3.2754E-05 6.7536E-05 1.3999E-04 1.6025E-04 4.5722E-05 1.2667E-04 3.4157E-04 7.3169E-05 5.7204E-05 8.1299E-05 1.2072E-04 0
 0 1.1105E-04 1.3111E-04 2.0128E-04 4.3076E-04 4.9250E-05 5.9242E-04 1.8613E-04 5.2499E-04 3.3256E-04 5.9772E-05 4.2585E-05 4.0292E-05 4.7311E-05 9.5972E-05 1.5399E-04 1.3586E-04 8.0892E-05 1.5925E-04 2.3483E-04 1.2805E-04 5.0340E-05 7.0760E-05 1.2000E-04 0
 0 1.0853E-04 1.3007E-04 1.9664E-04 4.5934E-04 3.4475E-05 6.0076E-04 1.8914E-04 5.0350E-04 2.7923E-04 5.9772E-05 4.2585E-05 3.2966E-05 6.5508E-05 9.9527E-05 1.3299E-04 1.3586E-04 7.7375E-05 1.2667E-04 2.4195E-04 1.0061E-04 6.8645E-05 7.2266E-05 1.2072E-04 0
 0 1.0904E-04 1.2285E-04 1.8270E-04 4.1647E-04 3.4475E-05 5.7851E-04 2.1015E-04 6.3552E-04 3.4825E-04 3.3206E-05 6.3877E-05 2.9303E-05 1.0190E-04 6.7536E-05 1.0150E-04 1.3586E-04 6.3307E-05 1.0134E-04 2.4550E-04 1.1585E-04 6.6357E-05 1.0539E-04 9.3088E-05 0
 0 1.1356E-04 1.3524E-04 1.9354E-04 4.6955E-04 5.9100E-05 6.7586E-04 1.7713E-04 5.5263E-04 3.9845E-04 8.6337E-05 3.1939E-05 3.2966E-05 9.0983E-05 8.1754E-05 1.2600E-04 1.9508E-04 5.9790E-05 1.8458E-04 2.4906E-04 9.7559E-05 2.9746E-05 8.2805E-05 1.0400E-04 0
 0 1.0954E-04 1.2285E-04 2.1057E-04 3.7156E-04 4.9250E-05 5.9242E-04 2.7019E-04 4.6666E-04 3.2943E-04 4.6489E-05 5.6780E-05 4.7617E-05 6.5508E-05 7.4645E-05 1.3299E-04 1.9508E-04 5.9790E-05 1.4115E-04 2.4906E-04 9.7559E-05 7.5509E-05 5.7211E-05 1.0981E-04 0
 0 9.8485E-05 1.1459E-04 2.1676E-04 4.2464E-04 5.9100E-05 6.0910E-04 1.5311E-04 5.3421E-04 3.6394E-04 7.9695E-05 7.0975E-05 6.2269E-05 9.4622E-05 7.4645E-05 1.0850E-04 1.6373E-04 5.2756E-05 1.1944E-04 2.6685E-04 1.1585E-04 5.2628E-05 9.0332E-05 1.2872E-04 0
 0 1.2210E-04 1.2904E-04 1.7186E-04 4.2055E-04 2.9550E-05 5.5904E-04 2.1015E-04 5.6184E-04 3.3570E-04 7.3054E-05 4.9682E-05 4.3954E-05 6.5508E-05 2.4882E-05 1.1900E-04 1.5328E-04 5.2756E-05 1.0134E-04 2.5974E-04 1.2500E-04 5.4916E-05 7.3771E-05 1.1491E-04 0
 0 9.8485E-05 1.0323E-04 1.9044E-04 4.2872E-04 3.9400E-05 5.4792E-04 1.7413E-04 5.4956E-04 3.9845E-04 3.3206E-05 4.9682E-05 2.9303E-05 6.5508E-05 8.8863E-05 8.0497E-05 1.6721E-04 7.3858E-05 1.4115E-04 2.4195E-04 1.0061E-04 6.8645E-05 8.1299E-05 1.1127E-04 0
 0 9.2456E-05 1.2698E-04 2.0283E-04 5.1651E-04 2.9550E-05 6.9811E-04 2.4017E-04 5.3421E-04 3.2943E-04 2.6565E-05 6.7426E-05 5.8606E-05 5.4590E-05 1.1019E-04 1.0150E-04 1.2541E-04 4.2205E-05 7.6005E-05 2.5974E-04 1.3110E-04 8.0086E-05 7.9794E-05 1.2581E-04 0
 0 1.2210E-04 1.0323E-04 1.9818E-04 4.5526E-04 2.4625E-05 5.8129E-04 2.1916E-04 4.3596E-04 3.8904E-04 4.3168E-05 7.8072E-05 3.6629E-05 1.0190E-04 9.2418E-05 1.3649E-04 1.9508E-04 9.8478E-05 1.1220E-04 2.4550E-04 1.0366E-04 5.4916E-05 8.7321E-05 1.1200E-04 0
 0 1.0050E-04 1.3007E-04 1.9199E-04 4.8588E-04 2.2162E-05 6.2579E-04 2.2816E-04 4.5745E-04 3.5766E-04 4.9810E-05 3.9036E-05 8.0583E-05 4.7311E-05 8.8863E-05 1.0850E-04 1.4980E-04 1.1255E-04 1.2306E-04 2.5974E-04 1.2500E-04 1.0297E-04 1.0990E-04 1.0618E-04 0
 0 1.0552E-04 1.1769E-04 2.0283E-04 4.4913E-04 2.7087E-05 6.1745E-04 1.9514E-04 5.2499E-04 3.6080E-04 2.3245E-05 4.9682E-05 4.0292E-05 8.3704E-05 8.1754E-05 1.0850E-04 1.2541E-04 7.3858E-05 1.3753E-04 3.2734E-04 9.7559E-05 5.2628E-05 6.0222E-05 1.0327E-04 0
 0 9.4968E-05 1.0840E-04 1.8580E-04 4.9405E-04 3.4475E-05 6.0354E-04 1.8313E-04 5.7105E-04 2.6668E-04 3.9848E-05 5.3231E-05 5.8606E-05 8.7344E-05 9.5972E-05 1.0850E-04 2.1947E-04 3.5171E-05 1.1220E-04 1.8858E-04 7.3169E-05 7.3221E-05 7.6783E-05 1.2436E-04 0
 0 9.6978E-05 1.2388E-04 2.0438E-04 4.8384E-04 2.2162E-05 6.1745E-04 2.6719E-04 5.5877E-04 3.5453E-04 4.9810E-05 3.1939E-05 4.0292E-05 1.2374E-04 3.1991E-05 9.4496E-05 2.6127E-04 4.9239E-05 7.6005E-05 2.3839E-04 1.0975E-04 5.7204E-05 7.9794E-05 1.0836E-04 0
 0 1.0351E-04 1.1975E-04 2.2451E-04 4.5526E-04 5.1712E-05 6.4526E-04 2.3717E-04 4.6359E-04 3.6080E-04 5.3130E-05 8.5170E-05 4.7617E-05 4.3672E-05 7.8200E-05 1.1900E-04 1.7070E-04 1.1958E-04 1.0496E-04 2.2060E-04 1.4329E-04 6.4069E-05 3.6133E-05 1.2145E-04 0
 0 9.0446E-05 1.2182E-04 1.6257E-04 4.4301E-04 1.4775E-05 5.4235E-04 1.8013E-04 5.5570E-04 3.6708E-04 6.3092E-05 6.3877E-05 4.7617E-05 5.0950E-05 7.8200E-05 1.4349E-04 1.4980E-04 6.3307E-05 9.0482E-05 2.4550E-04 9.7559E-05 6.8645E-05 5.5705E-05 9.3088E-05 0
 0 1.0351E-04 1.3111E-04 1.9973E-04 3.9606E-04 3.6937E-05 6.3136E-04 2.3717E-04 4.8201E-04 3.2001E-04 3.6527E-05 8.5170E-05 6.5932E-05 6.1868E-05 6.3982E-05 1.0850E-04 1.6373E-04 4.9239E-05 9.4101E-05 2.5974E-04 1.3414E-04 6.6357E-05 6.6244E-05 1.0327E-04 0
 0 1.0351E-04 1.2078E-04 2.2605E-04 4.6547E-04 9.8500E-06 6.5639E-04 1.9814E-04 5.0657E-04 3.2001E-04 4.9810E-05 5.3231E-05 2.5640E-05 1.2374E-04 8.1754E-05 1.3999E-04 1.4631E-04 6.3307E-05 1.1220E-04 3.3445E-04 8.2316E-05 5.9492E-05 7.3771E-05 1.0691E-04 0
 0 1.0200E-04 1.1046E-04 2.1057E-04 4.5526E-04 3.6937E-05 5.3957E-04 2.5518E-04 4.5131E-04 3.8276E-04 4.9810E-05 6.3877E-05 4.3954E-05 1.0918E-04 5.6872E-05 1.0850E-04 1.5328E-04 1.0903E-04 7.2386E-05 3.2734E-04 1.1585E-04 5.0340E-05 8.2805E-05 1.0400E-04 0
 0 1.0853E-04 1.0323E-04 1.9664E-04 5.0426E-04 3.2012E-05 6.4526E-04 2.3717E-04 4.3596E-04 3.6080E-04 7.3054E-05 7.0975E-05 4.0292E-05 7.6426E-05 6.3982E-05 1.1550E-04 1.5676E-04 7.7375E-05 7.2386E-05 2.3127E-04 1.0671E-04 2.9746E-05 9.6355E-05 1.0981E-04 0
 0 1.0602E-04 1.1665E-04 1.8270E-04 4.2055E-04 3.2012E-05 5.4792E-04 1.5911E-04 5.0043E-04 2.9805E-04 5.6451E-05 2.8390E-05 6.2269E-05 9.0983E-05 7.1091E-05 1.1200E-04 1.4631E-04 1.1255E-04 7.2386E-05 2.2416E-04 8.2316E-05 5.0340E-05 6.1727E-05 1.2000E-04 0
 0 1.0502E-04 9.8072E-05 2.1522E-04 4.2464E-04 3.2012E-05 6.1189E-04 2.0415E-04 5.9254E-04 3.8276E-04 5.3130E-05 3.9036E-05 2.1977E-05 9.8261E-05 7.8200E-05 1.8549E-04 1.4631E-04 9.4961E-05 1.1220E-04 3.0243E-04 1.3719E-04 5.9492E-05 7.2266E-05 1.0472E-04 0
 0 1.0050E-04 1.1252E-04 2.1522E-04 4.6751E-04 3.9400E-05 4.3110E-04 1.9514E-04 5.5570E-04 4.3610E-04 2.6565E-05 3.9036E-05 4.3954E-05 6.1868E-05 8.1754E-05 1.1200E-04 1.7418E-04 8.7927E-05 8.3243E-05 2.4906E-04 1.3719E-04 6.4069E-05 6.4738E-05 1.1272E-04 0
 0 1.0100E-04 1.0530E-04 1.9664E-04 4.1443E-04 3.6937E-05 5.7573E-04 2.0415E-04 4.6973E-04 3.0119E-04 2.9886E-05 4.9682E-05 3.6629E-05 6.1868E-05 1.0308E-04 1.0150E-04 1.8115E-04 1.3365E-04 1.3391E-04 2.2416E-04 1.2500E-04 9.8391E-05 5.7211E-05 1.0836E-04 0
 0 1.0150E-04 1.1046E-04 1.9818E-04 4.2055E-04 3.9400E-05 5.7573E-04 2.0715E-04 5.0964E-04 3.4825E-04 2.6565E-05 3.5487E-05 1.0989E-05 6.1868E-05 8.5309E-05 5.9498E-05 1.0103E-04 7.7375E-05 1.1582E-04 2.9176E-04 5.7926E-05 6.8645E-05 7.3771E-05 1.2363E-04 0
 0 1.0753E-04 1.1046E-04 1.8889E-04 4.1239E-04 2.2162E-05 5.8129E-04 2.0415E-04 5.8026E-04 3.4511E-04 4.6489E-05 3.5487E-05 5.4943E-05 3.6393E-05 7.4645E-05 1.2600E-04 1.4283E-04 9.1444E-05 8.6863E-05 2.3127E-04 1.0366E-04 7.0933E-05 8.1299E-05 1.1563E-04 0
 0 9.3963E-05 1.0943E-04 1.6567E-04 4.8588E-04 3.9400E-05 6.0632E-04 1.9814E-04 4.7280E-04 3.6394E-04 3.9848E-05 4.6134E-05 7.6920E-05 5.0950E-05 6.3982E-05 1.6099E-04 1.3238E-04 4.9239E-05 1.0496E-04 2.7041E-04 9.4510E-05 8.4662E-05 5.8716E-05 1.2218E-04 0
 0 9.2958E-05 1.0427E-04 2.0593E-04 4.4097E-04 3.2012E-05 6.6195E-04 1.5011E-04 5.6184E-04 3.4825E-04 4.6489E-05 6.7426E-05 5.4943E-05 6.1868E-05 6.7536E-05 1.2949E-04 1.9857E-04 3.8688E-05 8.6863E-05 2.8464E-04 5.4877E-05 7.5509E-05 7.0760E-05 1.0981E-04 0
 0 9.5973E-05 1.0323E-04 1.9354E-04 4.7159E-04 1.4775E-05 6.0910E-04 1.6812E-04 5.0964E-04 3.7649E-04 4.6489E-05 4.9682E-05 2.9303E-05 5.8229E-05 4.6209E-05 7.6997E-05 1.4283E-04 7.3858E-05 9.0482E-05 2.4906E-04 8.2316E-05 4.1187E-05 8.1299E-05 1.1491E-04 0
 0 1.0803E-04 1.2285E-04 1.7186E-04 4.4097E-04 2.9550E-05 5.5626E-04 2.5518E-04 5.9254E-04 4.3296E-04 4.6489E-05 3.5487E-05 3.2966E-05 3.2754E-05 7.8200E-05 1.1550E-04 1.5676E-04 4.9239E-05 6.5147E-05 2.8108E-04 1.0061E-04 5.2628E-05 7.8288E-05 1.1418E-04 0
 0 1.0351E-04 1.2904E-04 1.8735E-04 4.3893E-04 2.2162E-05 5.6460E-04 1.6812E-04 4.8815E-04 2.7295E-04 3.9848E-05 4.2585E-05 3.2966E-05 8.3704E-05 7.8200E-05 1.1900E-04 1.6025E-04 5.9790E-05 7.2386E-05 2.7753E-04 1.0061E-04 4.8051E-05 6.6244E-05 1.3091E-04 0
 0 1.1054E-04 9.8072E-05 1.8425E-04 4.8180E-04 7.1412E-05 6.2023E-04 1.8313E-04 5.6184E-04 3.6708E-04 3.6527E-05 6.3877E-05 4.7617E-05 5.4590E-05 1.0664E-04 9.7996E-05 1.4980E-04 5.9790E-05 6.8766E-05 2.1348E-04 7.9267E-05 4.8051E-05 6.1727E-05 1.1636E-04 0
 0 1.0200E-04 1.4040E-04 1.9354E-04 5.0834E-04 2.9550E-05 5.1176E-04 2.1015E-04 4.5745E-04 3.6080E-04 4.6489E-05 6.7426E-05 5.1280E-05 1.2374E-04 5.3318E-05 1.0850E-04 1.5328E-04 4.9239E-05 1.2667E-04 2.5262E-04 7.3169E-05 8.9238E-05 7.9794E-05 1.1491E-04 0
 0 8.9441E-05 1.4143E-04 1.6567E-04 4.6138E-04 4.1862E-05 6.1467E-04 2.0114E-04 5.0657E-04 3.1060E-04 3.6527E-05 7.0975E-05 5.4943E-05 6.5508E-05 5.3318E-05 8.7497E-05 1.6373E-04 3.8688E-05 8.3243E-05 3.3090E-04 1.0975E-04 7.3221E-05 4.2155E-05 1.0472E-04 0
 0 9.2958E-05 1.4246E-04 1.9509E-04 4.3893E-04 2.4625E-05 6.9254E-04 1.7713E-04 5.0043E-04 3.5453E-04 5.6451E-05 6.3877E-05 3.2966E-05 8.3704E-05 7.8200E-05 7.6997E-05 1.1844E-04 5.9790E-05 7.9624E-05 3.3801E-04 1.0061E-04 6.4069E-05 4.9683E-05 1.0109E-04 0
 0 1.0452E-04 1.4040E-04 1.8425E-04 4.6138E-04 3.2012E-05 5.7295E-04 1.9214E-04 5.1885E-04 4.2041E-04 5.9772E-05 5.6780E-05 4.7617E-05 9.8261E-05 9.5972E-05 8.0497E-05 1.1496E-04 5.6273E-05 1.1582E-04 2.4906E-04 1.0671E-04 5.2628E-05 7.0760E-05 1.1854E-04 0
 0 1.0150E-04 1.0014E-04 1.9354E-04 4.4097E-04 4.6787E-05 6.1745E-04 2.2216E-04 5.4342E-04 3.7649E-04 4.3168E-05 7.0975E-05 2.5640E-05 5.4590E-05 7.4645E-05 1.0500E-04 1.5676E-04 7.3858E-05 1.5563E-04 2.2771E-04 1.0366E-04 6.1780E-05 8.2805E-05 9.3815E-05 0
 0 1.3215E-04 1.0736E-04 2.1212E-04 4.6547E-04 2.2162E-05 6.7586E-04 1.9814E-04 4.6666E-04 3.7962E-04 5.6451E-05 5.3231E-05 3.6629E-05 9.4622E-05 9.9527E-05 1.6099E-04 1.2541E-04 5.9790E-05 6.5147E-05 2.3127E-04 8.5364E-05 4.5763E-05 7.9794E-05 9.8906E-05 0
 0 1.0200E-04 1.2078E-04 1.8580E-04 4.4709E-04 2.7087E-05 6.5639E-04 2.2816E-04 4.2675E-04 3.2001E-04 2.9886E-05 7.4523E-05 2.1977E-05 6.1868E-05 1.2085E-04 9.4496E-05 1.5676E-04 7.3858E-05 6.5147E-05 2.2416E-04 6.4023E-05 7.5509E-05 7.8288E-05 1.2000E-04 0
 0 1.0452E-04 1.1872E-04 2.0283E-04 4.3484E-04 3.4475E-05 5.4513E-04 2.2216E-04 4.4517E-04 3.9217E-04 2.6565E-05 5.6780E-05 5.4943E-05 5.4590E-05 5.6872E-05 1.3649E-04 1.3934E-04 7.0341E-05 6.5147E-05 2.2416E-04 5.4877E-05 4.5763E-05 9.9366E-05 1.0182E-04 0
 0 1.0301E-04 1.1769E-04 1.9973E-04 4.5934E-04 3.2012E-05 5.6182E-04 2.3117E-04 4.4210E-04 3.5453E-04 3.3206E-05 6.7426E-05 5.1280E-05 7.2786E-05 7.4645E-05 5.9498E-05 1.7766E-04 7.7375E-05 1.0496E-04 2.8820E-04 1.1585E-04 4.5763E-05 7.3771E-05 1.2800E-04 0
 0 1.1808E-04 1.2078E-04 1.6412E-04 3.9606E-04 3.4475E-05 5.7573E-04 2.3717E-04 4.7894E-04 3.8904E-04 4.6489E-05 5.6780E-05 4.0292E-05 4.7311E-05 4.9763E-05 1.2250E-04 1.1496E-04 4.9239E-05 9.0482E-05 2.5974E-04 7.3169E-05 4.5763E-05 6.7749E-05 1.0836E-04 0
 0 9.5973E-05 1.3111E-04 1.5948E-04 4.6138E-04 3.2012E-05 5.5904E-04 2.1015E-04 5.1885E-04 3.3884E-04 5.9772E-05 5.6780E-05 4.0292E-05 6.9147E-05 8.1754E-05 1.0150E-04 1.6721E-04 3.1654E-05 1.2306E-04 1.5655E-04 6.0975E-05 3.2034E-05 5.5705E-05 1.0909E-04 0
 0 9.8485E-05 1.1769E-04 1.6412E-04 4.5322E-04 2.2162E-05 5.3401E-04 1.9814E-04 5.9561E-04 3.4198E-04 5.9772E-05 7.8072E-05 3.6629E-05 8.3704E-05 5.3318E-05 1.0500E-04 1.4283E-04 5.2756E-05 6.8766E-05 2.3127E-04 8.5364E-05 5.2628E-05 6.0222E-05 9.0906E-05 0
 0 1.0954E-04 1.0530E-04 1.7960E-04 4.8588E-04 3.4475E-05 5.5626E-04 1.7713E-04 5.1885E-04 3.8904E-04 5.6451E-05 4.6134E-05 5.8606E-05 1.0918E-04 6.0427E-05 1.2250E-04 1.4631E-04 7.0341E-05 1.1582E-04 2.7753E-04 8.2316E-05 5.7204E-05 5.8716E-05 1.1781E-04 0
 0 9.0446E-05 1.0323E-04 2.1057E-04 5.1651E-04 3.2012E-05 4.8951E-04 2.2216E-04 5.6491E-04 3.4198E-04 5.9772E-05 4.9682E-05 4.3954E-05 4.7311E-05 1.1730E-04 1.3999E-04 1.4980E-04 4.5722E-05 1.1220E-04 2.3127E-04 9.1462E-05 5.2628E-05 6.4738E-05 1.0618E-04 0
 0 9.9993E-05 1.0530E-04 2.1057E-04 5.1651E-04 3.6937E-05 5.6739E-04 2.0415E-04 5.9254E-04 4.4551E-04 4.6489E-05 7.0975E-05 3.2966E-05 5.4590E-05 6.3982E-05 1.1550E-04 1.3238E-04 7.3858E-05 1.4115E-04 2.4195E-04 8.8413E-05 3.6611E-05 7.6783E-05 1.1127E-04 0
 0 1.0853E-04 1.0840E-04 2.0283E-04 4.3280E-04 2.4625E-05 6.6195E-04 1.8013E-04 6.3552E-04 3.7649E-04 3.6527E-05 2.8390E-05 2.5640E-05 5.0950E-05 4.6209E-05 1.2949E-04 1.1148E-04 4.5722E-05 7.9624E-05 2.3127E-04 6.7072E-05 5.4916E-05 8.5816E-05 1.0036E-04 0
 0 1.1105E-04 1.0736E-04 1.8735E-04 4.5118E-04 4.4325E-05 5.2288E-04 1.8313E-04 5.2192E-04 3.5766E-04 5.9772E-05 6.3877E-05 1.8314E-05 5.8229E-05 5.6872E-05 8.0497E-05 1.3934E-04 8.7927E-05 1.1582E-04 2.3839E-04 7.6218E-05 5.9492E-05 8.2805E-05 1.1781E-04 0
 0 1.1155E-04 1.4453E-04 1.9664E-04 4.0014E-04 2.4625E-05 5.7573E-04 1.9814E-04 4.6666E-04 3.7962E-04 4.3168E-05 5.6780E-05 3.2966E-05 8.7344E-05 3.1991E-05 1.0500E-04 1.8115E-04 9.4961E-05 1.4115E-04 2.0281E-04 8.5364E-05 4.1187E-05 6.4738E-05 1.0909E-04 0
 0 1.0753E-04 1.0427E-04 2.1522E-04 5.1038E-04 1.7237E-05 6.3692E-04 2.1616E-04 4.5438E-04 3.8904E-04 4.9810E-05 3.9036E-05 2.9303E-05 8.7344E-05 8.8863E-05 9.7996E-05 1.3238E-04 8.0892E-05 8.6863E-05 2.8820E-04 1.1890E-04 6.1780E-05 6.4738E-05 9.7452E-05 0
 0 1.0301E-04 1.0736E-04 2.1212E-04 4.6547E-04 4.9250E-05 6.2857E-04 1.6812E-04 4.7280E-04 3.2943E-04 8.9657E-05 6.0329E-05 1.0989E-05 5.4590E-05 1.1019E-04 1.0850E-04 1.2193E-04 7.7375E-05 5.0670E-05 1.8146E-04 8.5364E-05 6.8645E-05 7.2266E-05 1.1563E-04 0
 0 1.0150E-04 1.2594E-04 1.8270E-04 4.6343E-04 9.8500E-06 6.2857E-04 2.1916E-04 5.8333E-04 3.7335E-04 3.9848E-05 2.4841E-05 7.3257E-05 6.5508E-05 8.8863E-05 1.5049E-04 1.5328E-04 5.2756E-05 1.2667E-04 2.0992E-04 1.0975E-04 4.5763E-05 5.8716E-05 1.0109E-04 0
 0 1.1105E-04 1.2491E-04 1.9354E-04 5.0426E-04 6.1562E-05 6.5082E-04 1.7112E-04 6.2324E-04 3.3256E-04 4.9810E-05 3.1939E-05 5.1280E-05 3.2754E-05 4.9763E-05 8.7497E-05 6.2705E-05 6.3307E-05 1.1220E-04 2.2060E-04 6.4023E-05 7.0933E-05 6.3233E-05 1.0691E-04 0
 0 9.4968E-05 1.0530E-04 1.7806E-04 4.1647E-04 2.4625E-05 5.3957E-04 1.2909E-04 4.9736E-04 3.3256E-04 5.3130E-05 6.3877E-05 4.7617E-05 9.4622E-05 6.0427E-05 1.1200E-04 1.2889E-04 5.9790E-05 7.9624E-05 2.6685E-04 6.7072E-05 6.8645E-05 6.3233E-05 1.1127E-04 0
 0 9.4466E-05 1.3730E-04 1.9354E-04 4.2260E-04 3.4475E-05 5.9242E-04 1.8914E-04 5.2192E-04 3.6394E-04 2.9886E-05 3.5487E-05 3.2966E-05 3.2754E-05 8.1754E-05 1.1550E-04 1.7766E-04 5.6273E-05 9.7721E-05 2.7397E-04 9.7559E-05 4.1187E-05 1.0238E-04 1.1418E-04 0
 0 9.7480E-05 1.0840E-04 1.9973E-04 4.1851E-04 3.9400E-05 6.0354E-04 2.0415E-04 5.1271E-04 3.3256E-04 6.3092E-05 7.8072E-05 4.3954E-05 4.7311E-05 8.5309E-05 1.0850E-04 1.6721E-04 5.9790E-05 9.7721E-05 2.6685E-04 8.2316E-05 4.8051E-05 5.7211E-05 1.1491E-04 0
 0 1.1306E-04 1.2801E-04 1.8889E-04 3.9197E-04 2.4625E-05 4.8395E-04 1.8013E-04 6.1403E-04 3.4511E-04 5.3130E-05 6.7426E-05 5.1280E-05 5.8229E-05 2.8436E-05 9.4496E-05 1.9508E-04 5.6273E-05 1.5563E-04 2.6329E-04 1.6463E-04 2.7458E-05 7.2266E-05 1.1127E-04 0
 0 1.0552E-04 1.1769E-04 1.7341E-04 4.6343E-04 1.7237E-05 6.4526E-04 2.2516E-04 4.8508E-04 4.0786E-04 7.6375E-05 4.9682E-05 2.1977E-05 8.7344E-05 7.8200E-05 1.1900E-04 1.7766E-04 6.6824E-05 1.3391E-04 2.2060E-04 1.1280E-04 5.0340E-05 9.4849E-05 9.8906E-05 0
 0 9.8988E-05 1.1149E-04 2.2296E-04 4.7159E-04 1.2312E-05 6.3970E-04 2.7019E-04 4.6973E-04 3.8590E-04 3.9848E-05 7.0975E-05 3.6629E-05 7.6426E-05 6.0427E-05 1.0500E-04 1.4631E-04 5.9790E-05 9.0482E-05 2.3483E-04 1.1585E-04 6.4069E-05 7.5277E-05 1.1272E-04 0
 0 1.2260E-04 9.3942E-05 2.0902E-04 4.5934E-04 2.9550E-05 5.5070E-04 1.1708E-04 5.0043E-04 3.8904E-04 5.6451E-05 5.6780E-05 4.7617E-05 5.0950E-05 8.1754E-05 9.4496E-05 1.8812E-04 9.4961E-05 6.5147E-05 2.2416E-04 6.0975E-05 2.9746E-05 7.5277E-05 1.0836E-04 0
 0 9.8485E-05 1.2801E-04 2.2915E-04 4.2055E-04 2.9550E-05 5.4792E-04 1.5311E-04 5.0657E-04 4.3296E-04 4.6489E-05 2.8390E-05 4.3954E-05 2.9115E-05 8.8863E-05 1.2949E-04 1.9508E-04 8.0892E-05 1.0496E-04 3.0955E-04 7.9267E-05 5.4916E-05 8.7321E-05 9.3815E-05 0
 0 9.2456E-05 1.3317E-04 1.9199E-04 4.4505E-04 2.4625E-05 6.1467E-04 2.3117E-04 5.2499E-04 3.2001E-04 3.6527E-05 2.8390E-05 6.9594E-05 4.0032E-05 7.4645E-05 1.2250E-04 1.1148E-04 4.2205E-05 8.3243E-05 2.6685E-04 1.4634E-04 8.0086E-05 8.7321E-05 1.2145E-04 0
 0 1.2411E-04 1.2491E-04 2.2605E-04 4.5934E-04 2.9550E-05 6.3692E-04 1.2909E-04 3.8377E-04 3.9845E-04 4.9810E-05 5.6780E-05 3.6629E-05 6.9147E-05 9.9527E-05 8.0497E-05 1.7418E-04 6.3307E-05 1.5925E-04 2.5974E-04 1.1585E-04 4.3475E-05 6.1727E-05 9.7452E-05 0
 0 1.0853E-04 1.3627E-04 1.8735E-04 4.5322E-04 2.9550E-05 5.7295E-04 2.0415E-04 5.2499E-04 4.0472E-04 3.3206E-05 3.5487E-05 4.3954E-05 5.4590E-05 5.6872E-05 1.0500E-04 1.2889E-04 3.5171E-05 1.2306E-04 2.1348E-04 7.6218E-05 5.2628E-05 6.6244E-05 1.0109E-04 0
 0 1.2461E-04 1.2388E-04 2.1522E-04 3.7360E-04 1.7237E-05 6.1745E-04 2.2216E-04 4.8508E-04 3.3884E-04 3.3206E-05 4.9682E-05 4.7617E-05 1.0918E-04 4.2654E-05 8.3997E-05 1.2541E-04 6.6824E-05 7.2386E-05 1.9925E-04 1.0366E-04 3.8899E-05 8.8827E-05 1.1636E-04 0
 0 1.0602E-04 9.7039E-05 2.1057E-04 5.0426E-04 2.7087E-05 4.5613E-04 2.0715E-04 5.1271E-04 3.5453E-04 5.9772E-05 4.2585E-05 5.4943E-05 7.6426E-05 6.0427E-05 9.4496E-05 1.9160E-04 6.3307E-05 1.4839E-04 2.3127E-04 1.2805E-04 8.2374E-05 6.0222E-05 1.2654E-04 0
 0 1.0853E-04 1.0840E-04 1.7960E-04 4.7976E-04 3.2012E-05 5.2288E-04 2.8220E-04 4.8201E-04 3.6394E-04 2.3245E-05 4.9682E-05 1.0989E-05 1.0190E-04 8.1754E-05 1.0850E-04 1.7766E-04 3.5171E-05 6.8766E-05 2.3839E-04 1.3719E-04 5.9492E-05 9.4849E-05 1.1127E-04 0
 0 1.0200E-04 1.2491E-04 1.7186E-04 4.7159E-04 3.2012E-05 5.5626E-04 2.0715E-04 5.1885E-04 3.2315E-04 5.3130E-05 6.0329E-05 3.6629E-05 9.4622E-05 8.8863E-05 1.1900E-04 1.5676E-04 6.3307E-05 1.0134E-04 2.3127E-04 9.4510E-05 5.7204E-05 6.3233E-05 1.0836E-04 0
 0 8.9943E-05 1.1562E-04 2.1212E-04 4.2464E-04 1.9700E-05 5.6739E-04 1.8914E-04 5.5877E-04 3.5139E-04 6.6413E-05 4.6134E-05 1.4651E-05 5.4590E-05 7.8200E-05 9.7996E-05 1.4980E-04 6.6824E-05 1.0858E-04 2.1704E-04 8.8413E-05 6.4069E-05 6.1727E-05 1.0182E-04 0
 0 1.1054E-04 9.8072E-05 1.9199E-04 4.6955E-04 3.9400E-05 5.7295E-04 1.6212E-04 5.0964E-04 3.5766E-04 3.9848E-05 3.5487E-05 2.9303E-05 5.8229E-05 4.6209E-05 1.0500E-04 1.4980E-04 6.3307E-05 1.0496E-04 1.9569E-04 7.9267E-05 5.7204E-05 7.0760E-05 1.1636E-04 0
 0 1.1306E-04 1.1769E-04 1.9818E-04 4.9813E-04 2.4625E-05 5.5070E-04 1.5311E-04 4.7587E-04 3.0746E-04 3.9848E-05 6.3877E-05 4.0292E-05 6.5508E-05 7.1091E-05 1.0850E-04 1.4980E-04 5.2756E-05 1.1220E-04 2.8464E-04 9.7559E-05 7.7798E-05 8.8827E-05 1.0981E-04 0
 0 9.7480E-05 1.1769E-04 1.6102E-04 4.1647E-04 3.2012E-05 6.4804E-04 2.1315E-04 4.9736E-04 3.7649E-04 1.9924E-05 4.2585E-05 4.3954E-05 2.1836E-05 7.1091E-05 1.0150E-04 1.4980E-04 4.9239E-05 1.7373E-04 2.3483E-04 9.1462E-05 7.5509E-05 6.7749E-05 1.0691E-04 0
 0 1.0753E-04 1.3007E-04 2.0438E-04 4.8997E-04 3.6937E-05 5.6182E-04 1.8613E-04 4.6973E-04 3.8590E-04 2.9886E-05 5.6780E-05 2.9303E-05 8.0065E-05 9.5972E-05 8.3997E-05 1.9160E-04 5.6273E-05 7.6005E-05 2.2060E-04 8.5364E-05 2.2882E-05 6.9255E-05 1.0545E-04 0
 0 1.0703E-04 1.1356E-04 1.7806E-04 3.7360E-04 3.4475E-05 5.4235E-04 1.5011E-04 5.0964E-04 3.6080E-04 4.3168E-05 3.5487E-05 2.9303E-05 5.4590E-05 8.1754E-05 1.6099E-04 1.6373E-04 4.9239E-05 7.6005E-05 2.5974E-04 7.6218E-05 6.1780E-05 5.8716E-05 1.1418E-04 0
 0 1.0502E-04 1.1665E-04 1.9199E-04 4.4301E-04 2.9550E-05 5.2567E-04 2.1015E-04 4.0526E-04 2.9178E-04 3.9848E-05 5.3231E-05 4.7617E-05 9.0983E-05 7.4645E-05 9.4496E-05 1.1496E-04 7.0341E-06 6.1528E-05 2.2771E-04 8.2316E-05 5.0340E-05 9.6355E-05 1.1272E-04 0
 0 1.0050E-04 1.1562E-04 1.8425E-04 4.7772E-04 2.2162E-05 5.9798E-04 2.1315E-04 5.5263E-04 3.4825E-04 5.3130E-05 6.0329E-05 4.0292E-05 6.5508E-05 4.2654E-05 1.0500E-04 1.7766E-04 8.0892E-05 6.8766E-05 2.9532E-04 1.0671E-04 6.1780E-05 9.3343E-05 1.1054E-04 0
 0 1.2411E-04 1.0736E-04 1.9354E-04 4.0218E-04 1.7237E-05 5.9520E-04 1.8914E-04 6.0175E-04 3.3256E-04 6.3092E-05 4.6134E-05 6.2269E-05 5.0950E-05 5.3318E-05 9.7996E-05 1.4283E-04 5.9790E-05 9.7721E-05 2.5974E-04 1.6158E-04 7.7798E-05 7.6783E-05 8.8725E-05 0
 0 9.4466E-05 1.1562E-04 1.7341E-04 4.2055E-04 3.9400E-05 5.0620E-04 1.5311E-04 5.0043E-04 3.6394E-04 5.9772E-05 6.3877E-05 2.5640E-05 5.0950E-05 6.0427E-05 1.0500E-04 1.6025E-04 6.6824E-05 8.3243E-05 2.2060E-04 8.8413E-05 5.7204E-05 7.8288E-05 1.0981E-04 0
 0 1.1507E-04 1.3007E-04 1.5638E-04 4.1443E-04 3.4475E-05 6.1745E-04 2.1315E-04 4.0219E-04 3.5766E-04 4.6489E-05 6.0329E-05 3.2966E-05 3.6393E-05 3.1991E-05 1.5399E-04 1.1496E-04 5.2756E-05 5.7908E-05 3.3445E-04 8.8413E-05 5.2628E-05 9.4849E-05 1.0836E-04 0
 0 1.1004E-04 1.2801E-04 2.3999E-04 4.1035E-04 3.6937E-05 5.6182E-04 2.1015E-04 5.2807E-04 3.9217E-04 3.6527E-05 2.1292E-05 4.7617E-05 1.3829E-04 2.4882E-05 1.2250E-04 1.2889E-04 5.6273E-05 1.1582E-04 2.0992E-04 4.2682E-05 7.0933E-05 7.5277E-05 1.1709E-04 0
 0 1.1255E-04 1.2285E-04 2.1986E-04 4.3893E-04 1.9700E-05 5.1454E-04 1.8313E-04 4.6666E-04 3.2315E-04 7.3054E-05 2.4841E-05 1.0989E-05 5.0950E-05 7.1091E-05 1.2949E-04 7.6640E-05 7.0341E-05 1.1944E-04 2.0281E-04 1.1585E-04 6.1780E-05 6.4738E-05 1.0909E-04 0
 0 1.2009E-04 1.4246E-04 2.1522E-04 4.5526E-04 4.6787E-05 5.5348E-04 2.1616E-04 4.5131E-04 3.9217E-04 4.9810E-05 4.2585E-05 1.4651E-05 5.0950E-05 5.3318E-05 1.0500E-04 1.0103E-04 4.2205E-05 1.1582E-04 3.1311E-04 8.8413E-05 6.4069E-05 6.3233E-05 1.0254E-04 0
 0 8.8938E-05 1.2388E-04 1.9509E-04 4.6343E-04 2.7087E-05 5.6182E-04 2.2516E-04 5.6184E-04 3.8590E-04 5.9772E-05 3.1939E-05 3.2966E-05 7.6426E-05 6.0427E-05 8.0497E-05 1.0799E-04 5.6273E-05 1.0496E-04 2.9887E-04 9.4510E-05 3.4322E-05 5.5705E-05 1.0182E-04 0
 0 1.2110E-04 1.1252E-04 1.9664E-04 4.3893E-04 2.7087E-05 6.9254E-04 2.0715E-04 4.4210E-04 3.3884E-04 3.3206E-05 2.1292E-05 5.1280E-05 4.3672E-05 4.6209E-05 3.8498E-05 1.1844E-04 3.5171E-05 1.1220E-04 2.7397E-04 7.0121E-05 6.8645E-05 1.0840E-04 1.0836E-04 0
 0 1.0602E-04 1.3524E-04 1.7031E-04 3.8381E-04 2.7087E-05 5.4235E-04 2.1315E-04 5.1885E-04 3.8904E-04 1.6603E-05 4.2585E-05 5.8606E-05 8.0065E-05 6.7536E-05 9.7996E-05 1.3238E-04 4.2205E-05 8.6863E-05 2.4550E-04 5.4877E-05 3.8899E-05 5.7211E-05 1.0472E-04 0
 0 1.2612E-04 1.3833E-04 1.5174E-04 4.4709E-04 1.9700E-05 5.6739E-04 1.9814E-04 4.3903E-04 3.3884E-04 2.3245E-05 3.1939E-05 2.5640E-05 7.6426E-05 7.1091E-05 8.0497E-05 1.2193E-04 7.3858E-05 6.5147E-05 2.0637E-04 6.7072E-05 4.5763E-05 7.5277E-05 1.1563E-04 0
 0 1.1205E-04 1.3007E-04 1.9509E-04 4.9609E-04 3.2012E-05 5.2010E-04 2.1015E-04 4.4210E-04 3.1688E-04 3.3206E-05 4.6134E-05 2.9303E-05 4.0032E-05 5.3318E-05 6.9997E-05 1.4283E-04 6.6824E-05 7.2386E-05 2.3483E-04 1.0366E-04 5.0340E-05 6.6244E-05 1.2872E-04 0
 0 1.0602E-04 1.0117E-04 1.9818E-04 4.7567E-04 2.2162E-05 6.9811E-04 1.8613E-04 4.8201E-04 3.1688E-04 7.3054E-05 4.6134E-05 4.0292E-05 5.4590E-05 6.7536E-05 1.0150E-04 1.0799E-04 3.8688E-05 6.8766E-05 2.9532E-04 7.3169E-05 5.0340E-05 5.2694E-05 1.0545E-04 0
 0 9.3461E-05 1.0736E-04 1.7806E-04 3.8993E-04 4.9250E-05 5.7573E-04 1.5911E-04 4.4517E-04 3.8590E-04 3.3206E-05 4.9682E-05 4.3954E-05 4.0032E-05 4.6209E-05 1.3649E-04 1.6721E-04 3.5171E-05 5.4289E-05 2.2060E-04 5.4877E-05 5.7204E-05 9.7860E-05 1.0109E-04 0
 0 9.6978E-05 1.1872E-04 1.7496E-04 3.9810E-04 3.2012E-05 5.5348E-04 1.6212E-04 5.0964E-04 3.1060E-04 3.3206E-05 4.6134E-05 3.2966E-05 5.0950E-05 8.5309E-05 9.7996E-05 1.2541E-04 7.0341E-05 1.1944E-04 1.9569E-04 1.3719E-04 6.4069E-05 5.5705E-05 1.1781E-04 0
 0 1.1406E-04 9.6007E-05 2.1522E-04 4.5730E-04 3.4475E-05 5.4513E-04 1.7713E-04 4.5438E-04 3.6080E-04 1.9924E-05 1.4195E-05 3.2966E-05 6.9147E-05 4.2654E-05 8.0497E-05 1.1148E-04 4.5722E-05 8.3243E-05 1.7790E-04 9.1462E-05 6.8645E-05 6.1727E-05 1.1127E-04 0
 0 1.1255E-04 1.2182E-04 1.9044E-04 4.0422E-04 2.4625E-05 5.1176E-04 2.1916E-04 4.8201E-04 3.5453E-04 5.3130E-05 6.0329E-05 2.9303E-05 4.0032E-05 1.1374E-04 1.3299E-04 1.7070E-04 5.2756E-05 7.6005E-05 2.0992E-04 9.1462E-05 5.4916E-05 4.0650E-05 1.0836E-04 0
 0 1.0853E-04 1.2388E-04 1.7186E-04 5.1446E-04 1.4775E-05 5.5904E-04 2.1315E-04 3.9298E-04 3.0433E-04 2.3245E-05 2.1292E-05 2.5640E-05 8.0065E-05 6.7536E-05 1.0850E-04 1.3586E-04 5.6273E-05 6.5147E-05 1.8858E-04 1.1585E-04 5.9492E-05 5.5705E-05 1.0545E-04 0
 0 9.8485E-05 1.1769E-04 1.5328E-04 5.0630E-04 6.8950E-05 5.2567E-04 1.4110E-04 6.0175E-04 3.0746E-04 2.6565E-05 6.7426E-05 1.8314E-05 4.3672E-05 4.6209E-05 1.2600E-04 1.9508E-04 9.8478E-05 5.4289E-05 2.0637E-04 7.9267E-05 5.0340E-05 7.8288E-05 1.0109E-04 0
 0 9.9490E-05 1.1562E-04 1.9664E-04 3.9197E-04 3.4475E-05 5.5626E-04 2.2516E-04 4.8508E-04 3.2315E-04 4.6489E-05 4.9682E-05 1.4651E-05 5.8229E-05 6.0427E-05 1.0500E-04 1.3934E-04 3.1654E-05 9.4101E-05 2.4906E-04 7.9267E-05 6.1780E-05 6.9255E-05 9.3815E-05 0
 0 1.0602E-04 1.1665E-04 1.9199E-04 4.6343E-04 2.2162E-05 6.0354E-04 2.3417E-04 4.8815E-04 3.5766E-04 3.3206E-05 4.6134E-05 7.3257E-06 5.8229E-05 6.0427E-05 1.0500E-04 8.3607E-05 3.5171E-05 3.6193E-05 1.9569E-04 7.9267E-05 2.7458E-05 5.1188E-05 8.8725E-05 0
 0 1.0452E-04 1.0427E-04 1.6412E-04 4.7363E-04 1.7237E-05 5.9242E-04 1.4410E-04 5.0964E-04 2.7295E-04 2.3245E-05 3.5487E-05 2.5640E-05 3.6393E-05 1.1730E-04 1.0850E-04 6.9672E-05 4.5722E-05 4.7051E-05 2.0281E-04 7.3169E-05 4.5763E-05 7.9794E-05 1.0254E-04 0
 0 1.0653E-04 1.1872E-04 1.8115E-04 4.1239E-04 1.7237E-05 6.0076E-04 1.6512E-04 4.8508E-04 2.5413E-04 6.6413E-05 3.1939E-05 2.5640E-05 5.0950E-05 9.5972E-05 6.6497E-05 1.3934E-04 9.8478E-05 1.0134E-04 2.7397E-04 4.8780E-05 5.4916E-05 6.3233E-05 9.9633E-05 0
 0 1.0351E-04 1.0736E-04 1.9509E-04 4.3689E-04 3.4475E-05 5.4513E-04 1.7112E-04 5.4956E-04 3.4825E-04 4.3168E-05 2.8390E-05 6.2269E-05 5.0950E-05 7.8200E-05 1.2250E-04 2.0902E-04 1.1606E-04 1.4839E-04 2.4550E-04 8.2316E-05 4.8051E-05 5.1188E-05 1.0618E-04 0
 0 1.1356E-04 1.0840E-04 1.4399E-04 4.5118E-04 3.9400E-05 4.8951E-04 2.3117E-04 4.9122E-04 3.0119E-04 2.6565E-05 7.0975E-05 7.3257E-06 9.8261E-05 3.1991E-05 6.9997E-05 1.3586E-04 7.0341E-05 1.2667E-04 2.5618E-04 9.1462E-05 5.7204E-05 9.1838E-05 1.0400E-04 0
 0 1.2160E-04 1.1872E-04 1.7031E-04 3.9197E-04 9.8500E-06 4.7282E-04 1.9814E-04 4.2675E-04 3.1374E-04 4.3168E-05 2.8390E-05 4.3954E-05 5.0950E-05 7.1091E-05 1.0500E-04 1.3934E-04 4.9239E-05 7.2386E-05 2.2060E-04 5.7926E-05 4.8051E-05 9.0332E-05 1.0472E-04 0
 0 1.0552E-04 1.3420E-04 1.8115E-04 4.3280E-04 2.7087E-05 5.8129E-04 2.1015E-04 5.4649E-04 3.7649E-04 5.3130E-05 8.1621E-05 3.2966E-05 5.8229E-05 6.3982E-05 8.7497E-05 1.3586E-04 3.8688E-05 7.2386E-05 1.9925E-04 1.1280E-04 3.4322E-05 6.4738E-05 9.3815E-05 0
 0 1.1758E-04 1.1252E-04 1.9199E-04 4.2055E-04 3.4475E-05 4.3666E-04 1.7112E-04 4.3289E-04 3.5766E-04 6.6413E-05 7.0975E-05 6.2269E-05 4.3672E-05 4.6209E-05 7.6997E-05 1.1496E-04 1.4068E-05 1.1220E-04 2.2771E-04 1.0975E-04 6.1780E-05 7.5277E-05 1.0618E-04 0
 0 1.0853E-04 1.2594E-04 1.9199E-04 4.5526E-04 3.4475E-05 5.1732E-04 1.9514E-04 4.1447E-04 3.4198E-04 2.6565E-05 8.5170E-05 3.6629E-06 4.3672E-05 5.3318E-05 5.9498E-05 1.5676E-04 1.0199E-04 6.1528E-05 2.2060E-04 5.7926E-05 5.4916E-05 7.9794E-05 9.5997E-05 0
 0 1.2110E-04 1.3007E-04 1.8735E-04 4.4913E-04 3.6937E-05 4.7838E-04 1.5611E-04 5.4956E-04 3.0433E-04 3.9848E-05 4.9682E-05 3.6629E-05 9.0983E-05 6.3982E-05 9.0996E-05 1.5676E-04 7.7375E-05 7.6005E-05 1.6723E-04 7.6218E-05 4.3475E-05 6.3233E-05 1.0618E-04 0
 0 1.0401E-04 1.3937E-04 1.7960E-04 3.9810E-04 2.2162E-05 5.4235E-04 1.8914E-04 5.7105E-04 3.2315E-04 2.3245E-05 7.0975E-05 7.3257E-05 5.4590E-05 1.0308E-04 4.8998E-05 1.2541E-04 4.5722E-05 8.6863E-05 2.7041E-04 7.9267E-05 6.1780E-05 4.0650E-05 1.1200E-04 0
 0 9.6476E-05 9.7039E-05 1.9973E-04 4.0830E-04 1.4775E-05 5.9798E-04 1.6512E-04 4.3903E-04 2.6668E-04 5.6451E-05 4.9682E-05 2.9303E-05 4.7311E-05 5.6872E-05 1.0150E-04 1.1496E-04 4.2205E-05 1.0858E-04 2.1704E-04 1.0061E-04 3.8899E-05 6.9255E-05 8.7270E-05 0
 0 1.0050E-04 1.1665E-04 1.9973E-04 4.3076E-04 2.9550E-05 5.5070E-04 1.2909E-04 4.0219E-04 3.2943E-04 8.3016E-05 6.0329E-05 3.2966E-05 6.5508E-05 4.9763E-05 1.1200E-04 1.3586E-04 7.0341E-05 8.6863E-05 2.5262E-04 1.0061E-04 5.2628E-05 7.0760E-05 1.1781E-04 0
 0 1.0653E-04 1.0427E-04 1.9354E-04 4.2464E-04 3.2012E-05 6.5361E-04 1.8914E-04 5.0964E-04 3.6708E-04 5.3130E-05 4.9682E-05 4.7617E-05 9.8261E-05 8.5309E-05 8.0497E-05 1.6373E-04 2.1102E-05 2.1716E-05 2.5974E-04 7.9267E-05 4.8051E-05 6.9255E-05 1.2291E-04 0
 0 1.1808E-04 1.3111E-04 1.9664E-04 4.0014E-04 9.8500E-06 6.3970E-04 1.2009E-04 4.1754E-04 3.1688E-04 3.9848E-05 3.5487E-05 4.0292E-05 1.0918E-04 5.3318E-05 6.2998E-05 1.1496E-04 3.8688E-05 9.7721E-05 1.7790E-04 1.3110E-04 7.3221E-05 7.3771E-05 9.3088E-05 0
 0 1.0653E-04 1.4349E-04 2.0902E-04 4.5322E-04 2.7087E-05 4.2554E-04 1.7413E-04 5.3728E-04 3.5139E-04 3.6527E-05 5.6780E-05 5.8606E-05 6.9147E-05 4.6209E-05 5.9498E-05 8.7091E-05 6.3307E-05 9.0482E-05 2.0637E-04 7.3169E-05 2.9746E-05 6.6244E-05 1.1127E-04 0
 0 9.3461E-05 9.3942E-05 1.6257E-04 4.2055E-04 4.4325E-05 5.3679E-04 2.1015E-04 4.3596E-04 3.3570E-04 7.3054E-05 4.9682E-05 2.1977E-05 9.0983E-05 3.5545E-05 8.7497E-05 1.3238E-04 4.9239E-05 1.5925E-04 2.0281E-04 5.1828E-05 7.5509E-05 6.3233E-05 9.7452E-05 0
 0 9.3461E-05 1.1769E-04 1.6567E-04 4.2464E-04 1.4775E-05 5.4513E-04 1.6812E-04 5.0043E-04 4.4551E-04 2.9886E-05 5.6780E-05 4.7617E-05 5.0950E-05 5.3318E-05 1.0500E-04 1.3934E-04 3.1654E-05 1.1220E-04 1.9213E-04 7.6218E-05 4.5763E-05 6.7749E-05 1.2145E-04 0
 0 9.3461E-05 1.2594E-04 2.1057E-04 3.9401E-04 1.2312E-05 5.7295E-04 1.4110E-04 3.9605E-04 3.5139E-04 3.9848E-05 2.8390E-05 6.2269E-05 6.1868E-05 3.9100E-05 9.7996E-05 1.2193E-04 4.9239E-05 1.0134E-04 2.5974E-04 8.5364E-05 4.8051E-05 6.9255E-05 1.1491E-04 0
 0 9.8988E-05 1.0117E-04 1.6257E-04 4.4301E-04 1.7237E-05 6.0632E-04 2.1015E-04 5.0350E-04 3.5139E-04 4.6489E-05 4.6134E-05 2.5640E-05 5.8229E-05 7.4645E-05 6.9997E-05 1.1844E-04 2.4619E-05 1.0496E-04 2.7397E-04 9.7559E-05 8.9238E-05 4.5166E-05 9.1634E-05 0
 0 1.0552E-04 1.0633E-04 2.0128E-04 4.0626E-04 3.4475E-05 5.4235E-04 2.0114E-04 5.4342E-04 2.9805E-04 4.6489E-05 5.3231E-05 5.4943E-05 2.9115E-05 6.0427E-05 1.0500E-04 1.5676E-04 3.8688E-05 9.0482E-05 1.8502E-04 7.3169E-05 4.8051E-05 6.4738E-05 1.1418E-04 0
 0 1.0301E-04 1.1252E-04 1.9973E-04 3.6747E-04 3.9400E-05 4.9785E-04 1.6812E-04 5.3421E-04 3.3256E-04 2.9886E-05 4.6134E-05 2.1977E-05 9.8261E-05 5.6872E-05 9.0996E-05 1.6025E-04 8.0892E-05 5.4289E-05 2.3483E-04 4.8780E-05 3.4322E-05 6.3233E-05 1.2000E-04 0
 0 9.9993E-05 1.2388E-04 2.0747E-04 3.8585E-04 4.1862E-05 5.2845E-04 1.7713E-04 5.0964E-04 3.3256E-04 6.6413E-05 4.9682E-05 3.6629E-05 4.7311E-05 7.4645E-05 1.0500E-04 1.6721E-04 4.5722E-05 3.6193E-05 1.9925E-04 1.3719E-04 9.1527E-05 5.2694E-05 1.2145E-04 0
 0 1.0200E-04 1.0220E-04 1.7960E-04 3.9810E-04 4.4325E-05 5.5348E-04 1.4410E-04 4.4824E-04 3.4198E-04 2.9886E-05 4.6134E-05 3.2966E-05 8.3704E-05 6.3982E-05 1.1200E-04 1.7070E-04 3.8688E-05 9.4101E-05 1.6723E-04 9.4510E-05 7.0933E-05 5.5705E-05 1.2727E-04 0
 0 1.1456E-04 1.4246E-04 1.9818E-04 4.2464E-04 3.4475E-05 4.9785E-04 2.0715E-04 4.2061E-04 3.3256E-04 3.3206E-05 3.9036E-05 1.0989E-05 8.3704E-05 8.8863E-05 8.0497E-05 1.5676E-04 6.6824E-05 5.7908E-05 1.6723E-04 6.4023E-05 5.4916E-05 5.4199E-05 1.0254E-04 0
 0 9.9993E-05 1.1665E-04 1.6412E-04 4.5118E-04 3.4475E-05 4.6448E-04 2.1315E-04 4.6666E-04 3.2629E-04 3.3206E-05 1.7744E-05 1.4651E-05 4.0032E-05 2.8436E-05 1.2949E-04 1.1148E-04 6.6824E-05 1.2667E-04 1.8858E-04 7.0121E-05 4.3475E-05 6.0222E-05 1.2072E-04 0
 0 1.0904E-04 1.3833E-04 1.5019E-04 4.4709E-04 4.9250E-05 5.0342E-04 1.8013E-04 4.8201E-04 3.3884E-04 3.6527E-05 7.0975E-05 4.0292E-05 7.6426E-05 3.9100E-05 8.7497E-05 1.3934E-04 4.9239E-05 1.4477E-04 2.5262E-04 1.1280E-04 3.8899E-05 6.3233E-05 9.4543E-05 0
 0 1.1858E-04 1.1769E-04 1.7960E-04 4.2260E-04 2.4625E-05 5.2845E-04 2.1015E-04 4.5438E-04 3.5453E-04 4.6489E-05 4.6134E-05 1.4651E-05 6.1868E-05 5.6872E-05 1.4349E-04 1.5328E-04 5.2756E-05 6.8766E-05 2.4906E-04 9.7559E-05 6.1780E-05 4.8177E-05 1.0400E-04 0
 0 8.9943E-05 1.0117E-04 1.8425E-04 4.0422E-04 2.2162E-05 5.3401E-04 1.8613E-04 4.5745E-04 3.6394E-04 3.3206E-05 3.5487E-05 2.9303E-05 5.0950E-05 8.1754E-05 9.0996E-05 1.1844E-04 4.2205E-05 4.7051E-05 2.0637E-04 9.1462E-05 4.5763E-05 8.4310E-05 9.5270E-05 0
 0 1.1205E-04 1.1975E-04 1.8889E-04 4.8792E-04 2.2162E-05 6.1189E-04 1.6212E-04 5.0657E-04 3.2629E-04 3.6527E-05 4.9682E-05 2.9303E-05 4.7311E-05 1.3863E-04 6.6497E-05 1.1148E-04 5.9790E-05 5.7908E-05 1.7434E-04 5.7926E-05 6.6357E-05 7.5277E-05 9.8179E-05 0
 0 1.1657E-04 1.3214E-04 1.5948E-04 3.8381E-04 3.9400E-05 5.4513E-04 2.1015E-04 4.6052E-04 3.2315E-04 7.3054E-05 3.9036E-05 2.9303E-05 6.1868E-05 3.9100E-05 1.0150E-04 1.4631E-04 4.9239E-05 5.4289E-05 2.2060E-04 6.4023E-05 4.5763E-05 6.1727E-05 9.7452E-05 0
 0 1.0100E-04 1.1665E-04 2.0902E-04 4.5118E-04 1.2312E-05 5.2845E-04 2.0114E-04 3.8991E-04 3.2001E-04 9.9619E-06 3.5487E-05 3.6629E-05 5.8229E-05 4.6209E-05 6.9997E-05 1.1844E-04 5.9790E-05 5.0670E-05 2.5974E-04 8.8413E-05 4.1187E-05 4.6672E-05 1.2654E-04 0
 0 1.0904E-04 1.2801E-04 1.6877E-04 4.6751E-04 4.9250E-05 4.9229E-04 1.4711E-04 5.0657E-04 3.4198E-04 3.9848E-05 3.5487E-05 4.3954E-05 6.5508E-05 4.6209E-05 8.0497E-05 1.4283E-04 2.4619E-05 1.0496E-04 2.2060E-04 1.3719E-04 6.4069E-05 6.0222E-05 1.1781E-04 0
 0 1.0351E-04 1.1252E-04 1.9509E-04 4.2872E-04 2.2162E-05 5.0620E-04 1.2909E-04 4.6052E-04 2.8864E-04 2.3245E-05 6.3877E-05 2.9303E-05 5.4590E-05 8.1754E-05 1.0850E-04 1.6373E-04 4.5722E-05 5.0670E-05 2.3127E-04 8.5364E-05 2.9746E-05 6.4738E-05 1.1272E-04 0
 0 1.3014E-04 1.1769E-04 1.7960E-04 4.4097E-04 5.1712E-05 4.7838E-04 1.8313E-04 4.7280E-04 3.2629E-04 3.6527E-05 6.3877E-05 1.0989E-05 4.7311E-05 3.5545E-05 8.7497E-05 1.4980E-04 7.0341E-05 7.2386E-05 1.7079E-04 1.2805E-04 4.1187E-05 8.7321E-05 8.5088E-05 0
 0 1.1557E-04 1.2388E-04 1.8270E-04 4.4505E-04 9.8500E-06 5.1176E-04 1.6812E-04 4.8508E-04 4.7688E-04 3.9848E-05 5.3231E-05 3.6629E-05 6.9147E-05 2.1327E-05 9.4496E-05 1.2193E-04 3.8688E-05 8.3243E-05 2.7041E-04 9.7559E-05 3.6611E-05 6.1727E-05 1.2218E-04 0
 0 9.9490E-05 1.0323E-04 1.5483E-04 3.6543E-04 1.4775E-05 4.9507E-04 1.7413E-04 4.3596E-04 4.0159E-04 3.3206E-05 4.2585E-05 4.3954E-05 4.0032E-05 3.5545E-05 9.0996E-05 1.2541E-04 7.7375E-05 9.7721E-05 2.4906E-04 7.9267E-05 3.8899E-05 7.2266E-05 1.2436E-04 0
 0 1.0653E-04 1.3007E-04 1.9509E-04 4.9201E-04 2.7087E-05 5.2845E-04 2.0715E-04 4.4517E-04 3.6708E-04 7.3054E-05 4.9682E-05 2.1977E-05 6.5508E-05 4.6209E-05 6.6497E-05 1.7070E-04 6.6824E-05 7.2386E-05 2.1704E-04 9.4510E-05 3.8899E-05 5.4199E-05 1.0618E-04 0
 0 1.2160E-04 1.2285E-04 1.6722E-04 4.2464E-04 3.9400E-05 4.9507E-04 1.6212E-04 4.3596E-04 3.5453E-04 4.6489E-05 2.8390E-05 2.9303E-05 4.3672E-05 4.6209E-05 6.9997E-05 1.0451E-04 3.8688E-05 1.3029E-04 2.9176E-04 5.1828E-05 5.9492E-05 5.7211E-05 9.9633E-05 0
 0 1.1406E-04 1.2698E-04 1.9199E-04 3.8993E-04 3.4475E-05 5.6739E-04 1.5311E-04 5.2192E-04 3.2943E-04 2.6565E-05 4.6134E-05 4.0292E-05 6.5508E-05 7.1091E-05 1.0500E-04 9.4058E-05 5.6273E-05 7.9624E-05 1.6011E-04 7.9267E-05 7.7798E-05 6.9255E-05 1.1127E-04 0
 0 9.0948E-05 1.1665E-04 1.8580E-04 3.7156E-04 4.4325E-05 5.6182E-04 1.6512E-04 4.5745E-04 3.5453E-04 4.3168E-05 4.2585E-05 1.8314E-05 7.2786E-05 5.6872E-05 9.7996E-05 8.7091E-05 4.9239E-05 8.3243E-05 2.4550E-04 1.1280E-04 4.1187E-05 5.1188E-05 1.0109E-04 0
 0 1.0954E-04 1.4969E-04 2.2141E-04 4.2464E-04 2.7087E-05 5.6739E-04 1.3810E-04 5.1578E-04 3.5766E-04 3.9848E-05 2.8390E-05 4.3954E-05 6.5508E-05 7.1091E-05 6.9997E-05 9.0574E-05 3.1654E-05 1.1944E-04 3.2734E-04 1.1280E-04 5.0340E-05 9.0332E-05 1.0400E-04 0
 0 9.4466E-05 1.1046E-04 1.9973E-04 4.0218E-04 1.9700E-05 5.4235E-04 1.9814E-04 5.4342E-04 3.1374E-04 5.6451E-05 2.8390E-05 1.0989E-05 6.9147E-05 4.2654E-05 8.7497E-05 1.3586E-04 4.2205E-05 8.3243E-05 2.3483E-04 8.2316E-05 6.6357E-05 6.1727E-05 1.1345E-04 0
 0 1.1054E-04 1.1665E-04 1.5328E-04 4.1851E-04 2.2162E-05 5.5348E-04 1.7112E-04 5.0043E-04 3.0746E-04 5.3130E-05 5.3231E-05 2.9303E-05 6.1868E-05 4.2654E-05 9.4496E-05 1.3586E-04 4.5722E-05 9.4101E-05 2.3483E-04 1.1890E-04 5.0340E-05 6.6244E-05 1.0472E-04 0
 0 1.2009E-04 1.0633E-04 2.0128E-04 4.1647E-04 3.4475E-05 5.0063E-04 1.9214E-04 3.6842E-04 3.2315E-04 2.9886E-05 5.3231E-05 2.5640E-05 6.5508E-05 4.2654E-05 8.0497E-05 1.7070E-04 8.4410E-05 9.7721E-05 2.8108E-04 9.7559E-05 6.4069E-05 7.9794E-05 9.5997E-05 0
 0 1.1205E-04 1.2388E-04 1.8580E-04 3.8993E-04 1.7237E-05 5.8407E-04 2.3717E-04 4.1140E-04 3.9217E-04 2.3245E-05 3.5487E-05 4.3954E-05 7.6426E-05 4.9763E-05 1.1900E-04 1.2889E-04 6.6824E-05 7.2386E-05 1.9213E-04 6.0975E-05 6.4069E-05 5.5705E-05 9.9633E-05 0
 0 8.3914E-05 9.8072E-05 2.0902E-04 4.1647E-04 2.9550E-05 5.4792E-04 2.0114E-04 4.2061E-04 3.3884E-04 4.9810E-05 3.9036E-05 1.4651E-05 8.3704E-05 8.5309E-05 8.7497E-05 1.0451E-04 5.6273E-05 6.8766E-05 3.1311E-04 4.5731E-05 5.0340E-05 6.3233E-05 1.1054E-04 0
 0 1.1054E-04 1.3317E-04 1.8580E-04 4.8180E-04 4.4325E-05 5.4792E-04 1.6212E-04 4.4210E-04 3.2629E-04 3.6527E-05 3.5487E-05 1.8314E-05 8.3704E-05 6.0427E-05 8.7497E-05 1.0799E-04 3.1654E-05 6.1528E-05 2.2771E-04 6.4023E-05 5.9492E-05 6.9255E-05 1.0400E-04 0
 0 1.0251E-04 1.0014E-04 1.7806E-04 4.2872E-04 1.9700E-05 5.2010E-04 1.7713E-04 4.7280E-04 4.1100E-04 6.6413E-05 5.6780E-05 3.6629E-05 6.5508E-05 8.1754E-05 7.6997E-05 1.7766E-04 5.9790E-05 6.5147E-05 1.9213E-04 1.0366E-04 2.7458E-05 5.7211E-05 1.1709E-04 0
 0 1.1406E-04 1.3007E-04 2.1367E-04 5.0221E-04 2.9550E-05 4.8395E-04 1.9814E-04 5.1885E-04 3.1688E-04 7.3054E-05 5.6780E-05 4.0292E-05 5.0950E-05 7.1091E-05 1.3299E-04 1.2541E-04 7.7375E-05 8.3243E-05 2.7397E-04 9.4510E-05 4.8051E-05 7.0760E-05 9.8179E-05 0
 0 1.1255E-04 1.0633E-04 1.8889E-04 4.4913E-04 2.2162E-05 4.7282E-04 2.2816E-04 4.6666E-04 3.2629E-04 5.9772E-05 4.6134E-05 2.5640E-05 6.9147E-05 3.9100E-05 8.3997E-05 1.2889E-04 3.8688E-05 1.1944E-04 2.2771E-04 8.2316E-05 5.0340E-05 3.7638E-05 1.1418E-04 0
 0 1.1255E-04 1.0014E-04 2.1522E-04 4.3484E-04 3.2012E-05 5.3679E-04 1.6212E-04 4.8201E-04 2.8237E-04 4.9810E-05 4.2585E-05 4.0292E-05 5.0950E-05 4.2654E-05 1.1550E-04 1.1496E-04 1.7585E-05 9.0482E-05 1.4232E-04 1.0671E-04 4.5763E-05 6.6244E-05 1.0472E-04 0
 0 9.6978E-05 1.2698E-04 1.7960E-04 3.8176E-04 3.2012E-05 5.1176E-04 1.5011E-04 4.6052E-04 2.9178E-04 4.6489E-05 4.9682E-05 4.7617E-05 7.2786E-05 5.6872E-05 8.3997E-05 1.8812E-04 4.5722E-05 7.9624E-05 1.7079E-04 7.6218E-05 6.1780E-05 4.2155E-05 1.1345E-04 0
 0 1.0200E-04 1.1459E-04 1.9354E-04 4.2260E-04 4.6787E-05 4.6726E-04 1.6212E-04 4.9736E-04 3.1374E-04 1.9924E-05 4.6134E-05 3.6629E-05 6.9147E-05 7.8200E-05 9.4496E-05 1.2541E-04 6.3307E-05 3.9812E-05 1.8146E-04 6.4023E-05 6.6357E-05 7.6783E-05 1.0545E-04 0
 0 9.6476E-05 1.2388E-04 1.7960E-04 4.7159E-04 2.2162E-05 5.5904E-04 2.0715E-04 3.8070E-04 3.7021E-04 3.3206E-05 4.2585E-05 4.7617E-05 5.0950E-05 7.1091E-05 1.2600E-04 8.7091E-05 2.8137E-05 1.1220E-04 1.5655E-04 6.4023E-05 6.6357E-05 6.7749E-05 1.1272E-04 0
 0 1.1356E-04 1.5279E-04 1.9354E-04 3.7360E-04 3.6937E-05 5.7017E-04 1.7413E-04 4.5745E-04 3.8904E-04 3.6527E-05 6.0329E-05 1.8314E-05 3.6393E-05 6.7536E-05 4.8998E-05 1.5676E-04 1.0903E-04 7.6005E-05 2.4195E-04 7.9267E-05 6.6357E-05 6.9255E-05 1.2581E-04 0
 0 1.0653E-04 1.0323E-04 1.3470E-04 4.0830E-04 9.8500E-06 5.9242E-04 1.4410E-04 4.1140E-04 2.5727E-04 3.3206E-05 5.6780E-05 5.1280E-05 8.0065E-05 6.3982E-05 9.4496E-05 1.0799E-04 7.3858E-05 6.1528E-05 1.8502E-04 1.0975E-04 4.8051E-05 4.9683E-05 9.9633E-05 0
 0 1.0452E-04 9.4975E-05 1.7341E-04 4.7772E-04 3.2012E-05 5.6182E-04 1.9214E-04 4.0526E-04 4.1727E-04 3.6527E-05 6.7426E-05 4.0292E-05 2.9115E-05 4.9763E-05 8.7497E-05 1.2889E-04 2.4619E-05 1.0858E-04 2.2771E-04 6.4023E-05 5.4916E-05 6.3233E-05 1.0472E-04 0
 0 1.0351E-04 1.0633E-04 1.3935E-04 4.1443E-04 4.6787E-05 6.0076E-04 1.2909E-04 4.2982E-04 3.3884E-04 2.6565E-05 2.4841E-05 3.2966E-05 6.1868E-05 3.9100E-05 8.0497E-05 1.0799E-04 4.2205E-05 9.7721E-05 1.6723E-04 7.0121E-05 5.7204E-05 9.4849E-05 9.9633E-05 0
 0 1.0904E-04 1.1149E-04 1.8580E-04 3.9606E-04 3.4475E-05 5.1732E-04 1.5011E-04 4.1447E-04 3.7335E-04 3.6527E-05 2.1292E-05 2.9303E-05 8.7344E-05 7.8200E-05 7.6997E-05 7.3156E-05 8.0892E-05 6.5147E-05 2.7397E-04 9.4510E-05 5.4916E-05 6.7749E-05 1.0909E-04 0
 0 1.2562E-04 1.0530E-04 1.8270E-04 4.0626E-04 3.4475E-05 5.4235E-04 1.9214E-04 4.4824E-04 3.0433E-04 4.6489E-05 2.8390E-05 2.5640E-05 6.9147E-05 4.6209E-05 1.1900E-04 8.3607E-05 7.7375E-05 9.0482E-05 2.9532E-04 1.0671E-04 4.8051E-05 9.4849E-05 1.1054E-04 0
 0 1.2562E-04 1.2285E-04 2.0128E-04 4.3484E-04 3.6937E-05 5.8964E-04 1.6512E-04 4.2675E-04 3.5453E-04 0.0000E+00 3.5487E-05 4.0292E-05 5.8229E-05 5.3318E-05 8.0497E-05 1.0451E-04 3.1654E-05 1.0858E-04 2.7397E-04 1.0061E-04 4.8051E-05 6.4738E-05 9.8179E-05 0
 0 1.0703E-04 1.1769E-04 1.9973E-04 5.2875E-04 3.4475E-05 4.6726E-04 1.8013E-04 5.0043E-04 3.3570E-04 3.6527E-05 2.8390E-05 3.6629E-05 6.5508E-05 4.6209E-05 1.0150E-04 1.2541E-04 3.8688E-05 3.6193E-05 1.9925E-04 7.0121E-05 6.8645E-05 7.3771E-05 1.1054E-04 0
 0 1.0301E-04 8.6716E-05 1.9664E-04 4.6955E-04 2.4625E-05 5.8685E-04 1.9814E-04 5.0350E-04 3.5139E-04 4.9810E-05 4.9682E-05 4.0292E-05 5.0950E-05 4.6209E-05 1.0500E-04 1.0451E-04 6.6824E-05 5.7908E-05 2.3127E-04 1.0975E-04 5.2628E-05 5.4199E-05 1.0836E-04 0
 0 9.7480E-05 1.1356E-04 2.1367E-04 4.3280E-04 2.9550E-05 5.8407E-04 1.7713E-04 4.5438E-04 3.6394E-04 3.9848E-05 5.3231E-05 3.2966E-05 4.7311E-05 1.7773E-05 5.9498E-05 9.7541E-05 7.0341E-05 7.9624E-05 2.4550E-04 6.7072E-05 4.8051E-05 6.6244E-05 1.1709E-04 0
 0 9.0948E-05 1.2182E-04 1.7186E-04 3.5931E-04 1.7237E-05 5.8129E-04 1.3510E-04 4.0833E-04 3.2315E-04 3.3206E-05 2.1292E-05 4.7617E-05 7.6426E-05 3.9100E-05 7.3497E-05 1.0103E-04 8.4410E-05 1.2306E-04 2.0637E-04 1.2500E-04 3.6611E-05 4.8177E-05 8.7997E-05 0
 0 9.7983E-05 1.0736E-04 1.8425E-04 3.8381E-04 4.6787E-05 5.4235E-04 1.9214E-04 4.3289E-04 2.0707E-04 1.6603E-05 1.4195E-05 2.5640E-05 5.0950E-05 3.9100E-05 9.4496E-05 1.2889E-04 1.0551E-05 8.6863E-05 2.2771E-04 1.5244E-04 2.9746E-05 5.4199E-05 1.2218E-04 0
 0 9.2958E-05 1.1975E-04 1.6567E-04 3.9401E-04 2.2162E-05 6.0076E-04 1.5911E-04 4.5438E-04 4.0786E-04 3.6527E-05 4.9682E-05 1.0989E-05 5.0950E-05 3.9100E-05 8.7497E-05 1.2541E-04 4.9239E-05 9.0482E-05 2.0637E-04 1.1890E-04 2.7458E-05 6.9255E-05 1.2145E-04 0
 0 1.0100E-04 1.1149E-04 1.6567E-04 4.1035E-04 1.2312E-05 4.9229E-04 1.4711E-04 4.3289E-04 2.5413E-04 4.9810E-05 1.7744E-05 4.0292E-05 5.0950E-05 9.5972E-05 6.2998E-05 1.1496E-04 4.9239E-05 5.0670E-05 2.3839E-04 5.7926E-05 3.8899E-05 7.2266E-05 9.7452E-05 0
 0 9.1953E-05 1.1252E-04 1.4245E-04 4.2260E-04 2.7087E-05 5.5626E-04 1.4110E-04 3.4386E-04 3.6394E-04 1.9924E-05 4.9682E-05 4.0292E-05 3.2754E-05 4.6209E-05 1.4349E-04 8.3607E-05 4.5722E-05 7.6005E-05 2.3483E-04 9.4510E-05 5.4916E-05 7.5277E-05 9.0906E-05 0
 0 1.0803E-04 1.0840E-04 2.0902E-04 3.9606E-04 2.4625E-05 5.5348E-04 1.9214E-04 3.9912E-04 2.1648E-04 5.9772E-05 3.5487E-05 2.5640E-05 5.0950E-05 9.2418E-05 3.1499E-05 8.7091E-05 6.3307E-05 9.7721E-05 2.5974E-04 7.3169E-05 6.4069E-05 5.4199E-05 1.0618E-04 0
 0 8.8938E-05 9.1878E-05 1.6257E-04 4.3689E-04 3.2012E-05 5.3957E-04 1.6812E-04 4.4210E-04 2.5099E-04 4.3168E-05 2.8390E-05 4.0292E-05 6.1868E-05 5.6872E-05 1.3299E-04 1.1148E-04 1.7585E-05 1.0496E-04 1.8858E-04 7.6218E-05 6.8645E-05 7.0760E-05 1.0545E-04 0
 0 1.1105E-04 1.0427E-04 1.8270E-04 4.6547E-04 1.9700E-05 6.0632E-04 1.5611E-04 3.9298E-04 2.9805E-04 4.6489E-05 7.4523E-05 2.1977E-05 3.6393E-05 2.8436E-05 8.7497E-05 1.2193E-04 5.6273E-05 8.3243E-05 2.0992E-04 7.9267E-05 5.9492E-05 6.3233E-05 1.1491E-04 0
 0 9.9490E-05 1.3317E-04 1.5328E-04 3.7768E-04 9.8500E-06 4.8951E-04 2.1616E-04 4.6359E-04 3.0119E-04 4.3168E-05 2.4841E-05 4.0292E-05 4.3672E-05 6.3982E-05 6.6497E-05 9.7541E-05 2.1102E-05 6.1528E-05 2.7753E-04 7.0121E-05 5.0340E-05 6.0222E-05 1.0472E-04 0
 0 1.1255E-04 8.9813E-05 1.8425E-04 4.4097E-04 4.6787E-05 6.1467E-04 1.6512E-04 4.5131E-04 3.5453E-04 2.3245E-05 4.9682E-05 4.7617E-05 3.2754E-05 2.4882E-05 5.9498E-05 1.1148E-04 5.6273E-05 7.2386E-05 2.3839E-04 1.1280E-04 4.3475E-05 4.3661E-05 1.1636E-04 0
 0 1.0251E-04 1.1665E-04 1.9509E-04 3.9197E-04 1.2312E-05 4.8395E-04 1.6512E-04 4.3596E-04 4.0472E-04 4.6489E-05 4.2585E-05 2.1977E-05 5.0950E-05 9.2418E-05 9.4496E-05 1.4631E-04 5.2756E-05 8.3243E-05 2.7397E-04 4.2682E-05 3.8899E-05 8.8827E-05 1.1272E-04 0
 0 1.1657E-04 1.1665E-04 1.2541E-04 4.8792E-04 1.7237E-05 5.2010E-04 2.1315E-04 5.0043E-04 2.8237E-04 3.6527E-05 6.0329E-05 2.9303E-05 3.6393E-05 7.1091E-05 7.3497E-05 1.4631E-04 8.7927E-05 5.0670E-05 2.3839E-04 8.5364E-05 4.8051E-05 8.4310E-05 1.0472E-04 0
 0 9.1953E-05 9.8072E-05 2.0128E-04 4.0422E-04 1.9700E-05 5.6182E-04 1.9214E-04 3.8991E-04 2.7295E-04 1.9924E-05 2.4841E-05 3.2966E-05 5.4590E-05 5.6872E-05 1.0850E-04 1.1844E-04 7.3858E-05 6.5147E-05 1.9569E-04 9.4510E-05 4.3475E-05 6.4738E-05 1.1709E-04 0
 0 1.0401E-04 1.4556E-04 1.9664E-04 4.7567E-04 1.9700E-05 6.0354E-04 1.7112E-04 5.5877E-04 3.1060E-04 5.3130E-05 6.0329E-05 1.8314E-05 3.2754E-05 8.8863E-05 5.5998E-05 1.0103E-04 3.5171E-05 1.1582E-04 2.1348E-04 1.1280E-04 4.8051E-05 5.7211E-05 1.1054E-04 0
 0 1.0452E-04 1.0323E-04 1.7341E-04 4.3484E-04 3.4475E-05 4.6726E-04 1.7112E-04 5.0657E-04 2.3844E-04 2.6565E-05 3.9036E-05 4.0292E-05 4.3672E-05 4.9763E-05 7.3497E-05 1.1148E-04 4.2205E-05 4.3431E-05 1.9925E-04 1.1585E-04 5.2628E-05 6.3233E-05 1.0472E-04 0
 0 1.0301E-04 1.1356E-04 2.2141E-04 4.0014E-04 3.6937E-05 5.2845E-04 1.4410E-04 4.4517E-04 2.7923E-04 5.9772E-05 4.6134E-05 4.7617E-05 5.8229E-05 4.2654E-05 5.5998E-05 1.3238E-04 7.3858E-05 2.5335E-05 1.8146E-04 9.1462E-05 3.6611E-05 9.4849E-05 9.5270E-05 0
 0 9.6476E-05 1.1769E-04 1.7496E-04 3.9401E-04 1.4775E-05 5.3957E-04 1.8613E-04 5.4649E-04 4.1100E-04 3.9848E-05 4.9682E-05 3.2966E-05 5.8229E-05 3.1991E-05 1.1900E-04 1.2193E-04 4.5722E-05 7.2386E-05 1.8858E-04 1.2500E-04 4.1187E-05 9.4849E-05 1.1781E-04 0
 0 1.1255E-04 9.6007E-05 2.1831E-04 4.7976E-04 2.7087E-05 4.5613E-04 1.8013E-04 4.5131E-04 3.0746E-04 2.6565E-05 4.6134E-05 5.4943E-05 4.7311E-05 2.4882E-05 1.0500E-04 1.2541E-04 7.0341E-05 7.6005E-05 1.9213E-04 5.7926E-05 3.8899E-05 6.9255E-05 1.0618E-04 0
 0 9.5973E-05 1.2388E-04 1.9354E-04 3.8381E-04 3.2012E-05 4.7838E-04 1.9214E-04 4.3596E-04 2.4158E-04 2.6565E-05 2.1292E-05 2.1977E-05 5.0950E-05 7.1091E-05 1.2250E-04 1.1148E-04 3.8688E-05 7.6005E-05 2.4195E-04 9.4510E-05 4.8051E-05 6.7749E-05 1.0472E-04 0
 0 1.1456E-04 1.1872E-04 1.9044E-04 4.8792E-04 4.1862E-05 5.5626E-04 1.3810E-04 5.8333E-04 3.5139E-04 3.6527E-05 5.6780E-05 8.7909E-05 5.0950E-05 9.5972E-05 6.9997E-05 1.5328E-04 9.1444E-05 5.7908E-05 2.3483E-04 6.7072E-05 3.4322E-05 6.3233E-05 1.1054E-04 0
 0 9.5973E-05 1.0427E-04 1.4864E-04 4.3076E-04 2.4625E-05 5.4792E-04 2.2516E-04 4.4210E-04 4.1100E-04 1.3283E-05 4.6134E-05 1.8314E-05 4.0032E-05 4.2654E-05 9.4496E-05 1.5328E-04 9.4961E-05 1.3391E-04 2.0281E-04 5.1828E-05 5.7204E-05 7.5277E-05 1.0545E-04 0
 0 9.9993E-05 1.3420E-04 1.5793E-04 4.3484E-04 4.1862E-05 5.1176E-04 1.3510E-04 4.0833E-04 3.1374E-04 2.3245E-05 2.1292E-05 3.6629E-06 5.4590E-05 6.3982E-05 1.0500E-04 1.0103E-04 4.5722E-05 6.5147E-05 2.2060E-04 4.2682E-05 2.9746E-05 7.0760E-05 1.0691E-04 0
 0 1.2763E-04 1.0220E-04 1.8115E-04 4.5526E-04 2.7087E-05 5.6182E-04 1.7112E-04 4.2675E-04 3.1060E-04 4.3168E-05 1.0646E-05 2.9303E-05 7.2786E-05 4.2654E-05 6.6497E-05 1.4980E-04 5.2756E-05 9.4101E-05 1.9213E-04 4.8780E-05 6.4069E-05 8.5816E-05 1.4981E-04 0
 0 1.0200E-04 1.1356E-04 1.5483E-04 4.2464E-04 1.9700E-05 4.7004E-04 1.1708E-04 3.8684E-04 3.1688E-04 2.3245E-05 4.9682E-05 1.8314E-05 6.1868E-05 2.4882E-05 7.3497E-05 8.0123E-05 9.1444E-05 3.2574E-05 2.3127E-04 7.9267E-05 5.4916E-05 6.3233E-05 1.1491E-04 0
 0 9.0948E-05 1.0427E-04 1.8425E-04 3.8176E-04 1.7237E-05 5.6739E-04 1.9814E-04 5.0043E-04 3.5139E-04 3.6527E-05 3.1939E-05 4.3954E-05 5.4590E-05 6.7536E-05 7.6997E-05 1.8115E-04 4.9239E-05 6.5147E-05 2.2416E-04 6.7072E-05 5.9492E-05 7.5277E-05 9.9633E-05 0
 0 1.0904E-04 1.0117E-04 1.6567E-04 4.1239E-04 2.7087E-05 5.6460E-04 1.4711E-04 5.2192E-04 3.0746E-04 5.6451E-05 5.3231E-05 2.9303E-05 4.0032E-05 3.9100E-05 5.5998E-05 1.3586E-04 2.8137E-05 5.7908E-05 2.6329E-04 8.5364E-05 5.0340E-05 4.6672E-05 1.2000E-04 0
 0 1.0452E-04 1.0943E-04 1.9354E-04 3.8993E-04 2.2162E-05 5.5904E-04 1.9214E-04 3.9912E-04 2.8864E-04 1.3283E-05 3.1939E-05 2.1977E-05 2.9115E-05 2.4882E-05 7.6997E-05 1.0799E-04 4.2205E-05 8.6863E-05 2.0637E-04 7.6218E-05 5.0340E-05 5.2694E-05 9.5270E-05 0
 0 1.0100E-04 1.2182E-04 2.1212E-04 3.6952E-04 2.4625E-05 5.1176E-04 1.7112E-04 4.5745E-04 3.3570E-04 3.3206E-05 1.4195E-05 1.8314E-05 4.7311E-05 4.2654E-05 1.4699E-04 5.9222E-05 7.7375E-05 7.2386E-05 2.2060E-04 1.2500E-04 3.8899E-05 4.6672E-05 1.2291E-04 0
 0 1.0853E-04 1.1459E-04 2.1676E-04 4.3484E-04 1.4775E-05 5.5904E-04 1.5011E-04 4.1140E-04 2.2589E-04 2.9886E-05 3.9036E-05 4.3954E-05 3.2754E-05 3.1991E-05 9.7996E-05 9.4058E-05 1.4068E-05 5.7908E-05 1.7790E-04 6.4023E-05 5.0340E-05 7.0760E-05 1.0836E-04 0
 0 1.0251E-04 1.1769E-04 1.9973E-04 4.2260E-04 9.8500E-06 5.7851E-04 1.4410E-04 5.4035E-04 3.3884E-04 5.9772E-05 3.5487E-05 1.4651E-05 4.7311E-05 6.7536E-05 1.1550E-04 1.1844E-04 6.3307E-05 1.2667E-04 1.8146E-04 5.1828E-05 3.6611E-05 6.1727E-05 1.2072E-04 0
 0 1.2110E-04 1.1562E-04 2.0902E-04 3.8789E-04 2.7087E-05 4.7004E-04 1.6212E-04 4.9429E-04 3.4198E-04 5.6451E-05 2.4841E-05 2.9303E-05 6.1868E-05 9.2418E-05 7.3497E-05 1.3586E-04 2.4619E-05 1.0134E-04 1.8146E-04 7.3169E-05 5.4916E-05 6.9255E-05 1.1345E-04 0
 0 1.2260E-04 1.0530E-04 1.8580E-04 4.0830E-04 1.4775E-05 5.7017E-04 1.7713E-04 3.7456E-04 3.8590E-04 2.6565E-05 2.4841E-05 4.7617E-05 6.9147E-05 8.5309E-05 9.4496E-05 1.3934E-04 6.3307E-05 1.0134E-04 2.1704E-04 8.2316E-05 5.0340E-05 6.0222E-05 1.2072E-04 0
 0 8.5924E-05 1.1975E-04 1.8735E-04 3.7972E-04 6.1562E-05 5.7295E-04 1.3209E-04 3.8070E-04 4.2669E-04 2.9886E-05 6.0329E-05 2.1977E-05 2.1836E-05 3.5545E-05 9.0996E-05 5.2254E-05 6.3307E-05 8.6863E-05 2.5618E-04 1.0975E-04 6.6357E-05 5.2694E-05 1.2000E-04 0
 0 9.8485E-05 9.3942E-05 1.6257E-04 4.0218E-04 1.7237E-05 5.3401E-04 1.0508E-04 4.0833E-04 3.1060E-04 5.9772E-05 4.6134E-05 2.5640E-05 6.1868E-05 3.9100E-05 1.5049E-04 1.0451E-04 5.2756E-05 5.7908E-05 1.8858E-04 7.6218E-05 4.8051E-05 6.7749E-05 1.0618E-04 0
 0 9.2958E-05 9.9104E-05 1.8580E-04 4.2055E-04 3.6937E-05 5.5626E-04 1.5911E-04 4.9122E-04 2.6982E-04 1.6603E-05 5.6780E-05 3.2966E-05 4.7311E-05 3.9100E-05 9.0996E-05 1.1496E-04 1.7585E-05 9.0482E-05 1.9925E-04 7.9267E-05 4.1187E-05 4.3661E-05 1.1418E-04 0
 0 1.0552E-04 1.2388E-04 1.8735E-04 4.6138E-04 2.2162E-05 5.6460E-04 1.4711E-04 4.7894E-04 2.6668E-04 3.6527E-05 2.8390E-05 4.0292E-05 5.8229E-05 4.2654E-05 7.3497E-05 1.0451E-04 8.7927E-05 6.8766E-05 1.9213E-04 1.1280E-04 4.1187E-05 5.4199E-05 1.1854E-04 0
 0 9.3963E-05 1.2491E-04 2.0593E-04 4.4301E-04 1.9700E-05 5.9798E-04 1.9514E-04 4.3903E-04 2.3530E-04 2.6565E-05 3.9036E-05 4.0292E-05 2.9115E-05 8.8863E-05 7.3497E-05 1.3238E-04 3.1654E-05 7.9624E-05 1.6011E-04 7.9267E-05 4.3475E-05 9.9366E-05 1.0327E-04 0
 0 1.0452E-04 1.0840E-04 1.4864E-04 3.8789E-04 2.2162E-05 4.8673E-04 1.9814E-04 4.2368E-04 3.4825E-04 1.6603E-05 4.6134E-05 5.8606E-05 3.2754E-05 3.1991E-05 4.8998E-05 9.7541E-05 1.4068E-05 1.0134E-04 2.3127E-04 5.4877E-05 5.7204E-05 6.6244E-05 1.0691E-04 0
 0 9.0948E-05 9.7039E-05 2.0747E-04 3.9401E-04 7.3875E-06 4.8395E-04 1.9814E-04 4.6973E-04 2.5099E-04 2.6565E-05 4.2585E-05 2.1977E-05 4.7311E-05 4.2654E-05 5.2498E-05 9.4058E-05 2.8137E-05 6.5147E-05 2.2416E-04 7.0121E-05 6.4069E-05 7.5277E-05 1.1854E-04 0
 0 1.0251E-04 9.8072E-05 1.7651E-04 4.3484E-04 1.4775E-05 5.1732E-04 1.8613E-04 5.0964E-04 2.9492E-04 1.6603E-05 4.2585E-05 1.8314E-05 3.2754E-05 7.1091E-05 5.9498E-05 1.1844E-04 2.8137E-05 6.1528E-05 2.4906E-04 1.0366E-04 3.2034E-05 5.8716E-05 1.0691E-04 0
 0 8.5924E-05 1.2904E-04 1.6102E-04 4.4709E-04 3.9400E-05 4.6726E-04 1.3209E-04 5.0964E-04 3.3884E-04 4.9810E-05 3.1939E-05 3.2966E-05 2.9115E-05 6.0427E-05 1.0500E-04 1.5328E-04 4.5722E-05 6.5147E-05 1.9569E-04 9.4510E-05 6.8645E-05 7.6783E-05 1.2291E-04 0
 0 1.0552E-04 9.8072E-05 1.6877E-04 3.6952E-04 1.9700E-05 5.6739E-04 1.1108E-04 4.1447E-04 3.5453E-04 3.6527E-05 3.9036E-05 2.1977E-05 3.6393E-05 5.3318E-05 5.2498E-05 1.3238E-04 5.6273E-05 1.1220E-04 1.8146E-04 7.9267E-05 5.0340E-05 9.4849E-05 1.0909E-04 0
 0 9.7480E-05 1.2182E-04 1.5019E-04 4.5118E-04 2.9550E-05 5.5070E-04 1.8313E-04 4.6666E-04 3.7649E-04 3.6527E-05 2.1292E-05 4.3954E-05 1.0918E-05 7.1091E-05 1.0850E-04 6.2705E-05 4.9239E-05 4.3431E-05 2.8108E-04 6.7072E-05 5.7204E-05 7.9794E-05 1.0327E-04 0
 0 1.1406E-04 1.0323E-04 2.1522E-04 4.2668E-04 1.2312E-05 4.8395E-04 1.0207E-04 3.9605E-04 4.2041E-04 2.6565E-05 6.0329E-05 2.1977E-05 6.1868E-05 3.5545E-05 7.6997E-05 8.7091E-05 4.9239E-05 1.1220E-04 2.2771E-04 9.7559E-05 6.6357E-05 5.8716E-05 9.8179E-05 0
 0 1.1758E-04 9.9104E-05 2.1676E-04 4.3076E-04 3.4475E-05 4.2276E-04 1.5011E-04 4.9122E-04 3.0746E-04 4.3168E-05 4.2585E-05 1.8314E-05 2.5475E-05 3.5545E-05 1.2250E-04 9.0574E-05 4.9239E-05 9.4101E-05 1.7790E-04 7.3169E-05 7.3221E-05 7.0760E-05 1.0545E-04 0
 0 9.9993E-05 1.0736E-04 1.6877E-04 3.7156E-04 2.2162E-05 5.1454E-04 1.6812E-04 6.6622E-04 2.9805E-04 4.6489E-05 4.9682E-05 1.0989E-05 4.3672E-05 6.3982E-05 4.8998E-05 8.7091E-05 4.5722E-05 7.2386E-05 2.0992E-04 5.4877E-05 5.4916E-05 5.2694E-05 1.0763E-04 0
 0 1.1004E-04 1.1046E-04 1.9664E-04 4.7363E-04 1.2312E-05 4.3388E-04 1.3510E-04 4.4517E-04 2.4785E-04 3.3206E-05 1.4195E-05 3.2966E-05 3.2754E-05 7.4645E-05 8.3997E-05 2.1250E-04 2.1102E-05 8.3243E-05 1.5300E-04 6.7072E-05 5.4916E-05 7.0760E-05 1.2000E-04 0
 0 1.0351E-04 1.0117E-04 1.5638E-04 4.2668E-04 2.7087E-05 5.1732E-04 1.2309E-04 3.3465E-04 3.0119E-04 2.6565E-05 2.1292E-05 6.2269E-05 5.0950E-05 1.7773E-05 7.6997E-05 7.3156E-05 3.5171E-05 6.8766E-05 1.6367E-04 8.2316E-05 4.3475E-05 6.3233E-05 1.0036E-04 0
 0 9.4968E-05 1.1872E-04 1.3625E-04 4.0422E-04 2.2162E-05 5.0620E-04 1.6512E-04 4.6052E-04 2.3530E-04 9.9619E-06 4.2585E-05 1.0989E-05 4.7311E-05 3.5545E-05 8.0497E-05 9.7541E-05 4.9239E-05 1.0134E-04 2.5262E-04 4.2682E-05 2.2882E-05 5.5705E-05 9.9633E-05 0
 0 1.0452E-04 1.1562E-04 1.7031E-04 3.7564E-04 1.2312E-05 5.2010E-04 1.4711E-04 4.0833E-04 2.8864E-04 2.6565E-05 2.8390E-05 4.3954E-05 4.0032E-05 4.6209E-05 1.1900E-04 1.1148E-04 4.2205E-05 8.3243E-05 2.4195E-04 6.4023E-05 6.6357E-05 7.5277E-05 1.2436E-04 0
 0 1.0050E-04 1.1665E-04 1.6102E-04 4.1851E-04 9.8500E-06 4.7560E-04 1.2009E-04 4.2368E-04 2.6354E-04 9.9619E-06 3.5487E-05 2.5640E-05 5.4590E-05 7.4645E-05 8.3997E-05 1.0799E-04 4.5722E-05 5.7908E-05 2.0992E-04 8.8413E-05 4.5763E-05 6.6244E-05 1.1272E-04 0
 0 8.9441E-05 9.2910E-05 1.6567E-04 3.8585E-04 4.1862E-05 4.7004E-04 1.1708E-04 4.6973E-04 2.9178E-04 3.3206E-05 4.9682E-05 5.1280E-05 7.2786E-05 5.6872E-05 8.7497E-05 1.4631E-04 2.4619E-05 6.5147E-05 1.9213E-04 9.1462E-05 6.6357E-05 5.7211E-05 1.1418E-04 0
 0 1.0301E-04 1.1252E-04 1.9199E-04 4.1851E-04 1.9700E-05 6.2857E-04 2.5218E-04 5.1885E-04 3.5139E-04 2.3245E-05 3.5487E-05 1.4651E-05 2.9115E-05 3.1991E-05 7.6997E-05 1.2193E-04 5.9790E-05 7.6005E-05 1.8146E-04 8.2316E-05 5.0340E-05 4.8177E-05 1.2072E-04 0
 0 9.3963E-05 1.1975E-04 1.7031E-04 3.7564E-04 2.9550E-05 3.8382E-04 1.4110E-04 4.2368E-04 3.2629E-04 6.3092E-05 3.1939E-05 1.4651E-05 4.0032E-05 7.8200E-05 4.8998E-05 9.4058E-05 2.8137E-05 9.0482E-05 1.8146E-04 4.5731E-05 2.2882E-05 5.1188E-05 9.6724E-05 0
 0 1.1105E-04 1.1975E-04 1.6102E-04 4.1851E-04 2.2162E-05 4.6726E-04 1.9514E-04 5.2192E-04 2.6668E-04 3.3206E-05 2.8390E-05 0.0000E+00 5.8229E-05 2.4882E-05 7.6997E-05 1.0799E-04 3.5171E-05 5.7908E-05 2.2416E-04 9.7559E-05 5.2628E-05 5.5705E-05 1.1272E-04 0
 0 1.0351E-04 9.2910E-05 1.7341E-04 3.8993E-04 1.2312E-05 5.4513E-04 1.4410E-04 4.6666E-04 3.0746E-04 1.6603E-05 4.9682E-05 2.1977E-05 6.1868E-05 6.0427E-05 7.6997E-05 8.3607E-05 3.5171E-05 5.0670E-05 2.1704E-04 9.4510E-05 5.9492E-05 7.5277E-05 9.7452E-05 0
 0 1.2964E-04 1.1252E-04 1.8425E-04 4.0218E-04 1.7237E-05 4.1720E-04 1.4711E-04 4.6359E-04 2.6040E-04 2.9886E-05 2.4841E-05 3.2966E-05 3.2754E-05 2.4882E-05 8.3997E-05 5.2254E-05 4.9239E-05 7.9624E-05 2.5262E-04 9.7559E-05 2.9746E-05 4.6672E-05 1.0691E-04 0
 0 1.0050E-04 1.2182E-04 2.0283E-04 4.0014E-04 2.4625E-05 5.2288E-04 1.2609E-04 4.5131E-04 3.1374E-04 8.6337E-05 2.4841E-05 4.0292E-05 6.1868E-05 8.5309E-05 6.6497E-05 1.7070E-04 5.6273E-05 7.9624E-05 1.7434E-04 1.5244E-04 5.7204E-05 3.9144E-05 1.2509E-04 0
 0 1.2009E-04 1.0840E-04 2.0283E-04 4.4301E-04 3.2012E-05 5.1454E-04 1.7713E-04 4.6973E-04 2.6668E-04 5.6451E-05 2.1292E-05 2.5640E-05 5.0950E-05 3.9100E-05 6.6497E-05 1.2889E-04 3.5171E-05 3.6193E-05 2.5262E-04 9.1462E-05 6.6357E-05 5.7211E-05 1.0109E-04 0
 0 1.0602E-04 9.8072E-05 1.8270E-04 3.9401E-04 2.4625E-05 5.3123E-04 1.7112E-04 4.2675E-04 2.7609E-04 1.3283E-05 4.9682E-05 2.1977E-05 5.4590E-05 5.3318E-05 4.1998E-05 1.2889E-04 3.8688E-05 3.9812E-05 1.6367E-04 8.8413E-05 4.1187E-05 6.4738E-05 1.1054E-04 0
 0 1.0401E-04 1.1252E-04 2.1676E-04 3.9401E-04 3.2012E-05 5.4513E-04 2.0415E-04 4.3903E-04 2.6982E-04 3.6527E-05 2.4841E-05 2.9303E-05 4.3672E-05 9.2418E-05 9.4496E-05 1.0451E-04 5.9790E-05 1.0858E-04 2.4550E-04 7.9267E-05 3.4322E-05 6.3233E-05 1.2872E-04 0
 0 9.5973E-05 1.1252E-04 1.5483E-04 4.5730E-04 1.2312E-05 5.0898E-04 1.6212E-04 3.8070E-04 3.5139E-04 1.3283E-05 4.6134E-05 1.0989E-05 4.3672E-05 9.9527E-05 7.6997E-05 1.7766E-04 2.8137E-05 8.3243E-05 1.8502E-04 6.7072E-05 3.8899E-05 5.5705E-05 1.1927E-04 0
 0 1.0653E-04 1.1769E-04 1.7031E-04 3.7768E-04 3.4475E-05 5.4513E-04 1.5611E-04 4.2368E-04 3.0433E-04 1.9924E-05 2.8390E-05 1.4651E-05 3.6393E-05 6.3982E-05 8.3997E-05 1.1496E-04 4.2205E-05 1.3391E-04 2.6329E-04 1.0061E-04 1.1441E-05 5.4199E-05 9.7452E-05 0
 0 1.0703E-04 1.4040E-04 1.8425E-04 3.8789E-04 1.7237E-05 5.2567E-04 1.6812E-04 4.6359E-04 3.0433E-04 2.9886E-05 2.8390E-05 1.4651E-05 6.1868E-05 5.3318E-05 9.0996E-05 7.3156E-05 2.1102E-05 6.1528E-05 2.3483E-04 7.9267E-05 3.6611E-05 9.3343E-05 1.0109E-04 0
 0 1.0150E-04 1.2388E-04 1.8889E-04 3.5114E-04 2.2162E-05 5.2288E-04 1.0808E-04 4.2368E-04 2.6982E-04 4.6489E-05 3.5487E-05 3.2966E-05 8.7344E-05 1.4218E-05 5.9498E-05 1.3238E-04 3.8688E-05 7.6005E-05 1.8858E-04 8.2316E-05 3.4322E-05 4.2155E-05 9.6724E-05 0
 0 1.1507E-04 1.0633E-04 2.0283E-04 4.1851E-04 4.6787E-05 4.4223E-04 9.0065E-05 4.9429E-04 4.0472E-04 3.9848E-05 3.5487E-05 2.5640E-05 4.0032E-05 3.1991E-05 5.5998E-05 1.4980E-04 3.8688E-05 7.9624E-05 2.0637E-04 1.2500E-04 4.5763E-05 7.2266E-05 1.1709E-04 0
 0 1.0703E-04 1.0736E-04 1.7341E-04 3.9810E-04 4.9250E-06 5.8964E-04 1.3510E-04 3.7456E-04 3.4825E-04 1.9924E-05 3.1939E-05 1.0989E-05 4.3672E-05 2.4882E-05 9.7996E-05 9.7541E-05 4.9239E-05 9.0482E-05 1.7079E-04 6.4023E-05 7.0933E-05 4.5166E-05 1.2727E-04 0
 0 8.2406E-05 1.2078E-04 1.7031E-04 5.0630E-04 1.2312E-05 4.8951E-04 1.9514E-04 4.6973E-04 3.6080E-04 3.6527E-05 3.5487E-05 2.1977E-05 1.8197E-05 1.4218E-05 6.2998E-05 8.7091E-05 2.1102E-05 1.0858E-04 1.5300E-04 8.5364E-05 3.6611E-05 8.4310E-05 1.1491E-04 0
 0 1.0904E-04 1.0427E-04 1.4090E-04 3.6135E-04 2.2162E-05 5.3957E-04 1.3510E-04 4.2675E-04 3.5139E-04 2.6565E-05 7.4523E-05 2.5640E-05 7.2786E-05 2.1327E-05 1.0850E-04 1.1148E-04 3.5171E-05 4.3431E-05 1.6011E-04 9.1462E-05 6.1780E-05 6.7749E-05 1.2291E-04 0
 0 1.1004E-04 1.0943E-04 1.7341E-04 4.3893E-04 1.9700E-05 4.5613E-04 1.5311E-04 3.6842E-04 3.1060E-04 2.9886E-05 3.5487E-05 1.8314E-05 3.6393E-05 6.3982E-05 5.2498E-05 1.3934E-04 3.5171E-05 4.7051E-05 2.4906E-04 5.4877E-05 1.3729E-05 5.2694E-05 1.1200E-04 0
 0 9.3461E-05 1.0117E-04 1.3006E-04 4.2464E-04 1.2312E-05 5.3401E-04 2.0715E-04 5.4342E-04 2.8237E-04 2.3245E-05 3.5487E-05 1.0989E-05 5.0950E-05 7.1091E-06 7.6997E-05 1.7418E-04 4.2205E-05 8.6863E-05 1.6723E-04 7.9267E-05 4.5763E-05 6.1727E-05 1.2218E-04 0
 0 1.0502E-04 8.8781E-05 1.9664E-04 4.2464E-04 1.9700E-05 5.0342E-04 1.2609E-04 3.7456E-04 3.7021E-04 3.6527E-05 4.2585E-05 2.5640E-05 2.9115E-05 3.1991E-05 7.3497E-05 1.4980E-04 5.9790E-05 1.2306E-04 1.4232E-04 1.2195E-04 3.6611E-05 6.3233E-05 1.1927E-04 0
 0 9.9490E-05 9.8072E-05 1.5793E-04 3.8789E-04 1.7237E-05 5.0063E-04 1.5911E-04 3.1008E-04 3.4825E-04 2.9886E-05 3.5487E-05 7.6920E-05 2.5475E-05 4.2654E-05 9.4496E-05 1.5328E-04 4.5722E-05 3.2574E-05 1.7079E-04 3.6585E-05 4.5763E-05 6.6244E-05 1.2363E-04 0
 0 1.1858E-04 1.1459E-04 1.8889E-04 4.3076E-04 3.4475E-05 4.9785E-04 1.9514E-04 4.8508E-04 2.8550E-04 1.6603E-05 6.7426E-05 3.6629E-05 2.1836E-05 6.0427E-05 1.1550E-04 7.6640E-05 5.6273E-05 7.6005E-05 1.8502E-04 1.0975E-04 3.6611E-05 6.6244E-05 1.2145E-04 0
 0 1.1758E-04 8.2587E-05 1.2851E-04 5.0221E-04 1.4775E-05 5.4792E-04 1.8914E-04 3.6535E-04 4.0786E-04 1.3283E-05 6.0329E-05 1.0989E-05 7.2786E-05 4.2654E-05 5.9498E-05 1.0799E-04 5.6273E-05 6.1528E-05 2.1348E-04 4.8780E-05 2.7458E-05 6.4738E-05 1.0981E-04 0
 0 1.0803E-04 1.0427E-04 1.9044E-04 3.7360E-04 2.2162E-05 5.2845E-04 1.7112E-04 3.1008E-04 3.3884E-04 6.6413E-06 1.7744E-05 3.2966E-05 6.5508E-05 2.8436E-05 9.0996E-05 1.0103E-04 5.6273E-05 8.3243E-05 1.5300E-04 6.0975E-05 4.3475E-05 6.0222E-05 1.1418E-04 0
 0 9.8485E-05 1.1356E-04 1.8115E-04 4.2055E-04 3.2012E-05 3.8104E-04 1.2909E-04 4.2982E-04 3.4198E-04 4.6489E-05 3.5487E-05 1.0989E-05 3.2754E-05 2.4882E-05 9.4496E-05 1.2889E-04 3.1654E-05 4.7051E-05 1.2453E-04 5.7926E-05 5.7204E-05 9.3343E-05 9.9633E-05 0
 0 9.3963E-05 1.1356E-04 1.6257E-04 3.6952E-04 2.7087E-05 6.1467E-04 1.7713E-04 4.5438E-04 2.9178E-04 4.3168E-05 6.3877E-05 2.5640E-05 7.2786E-05 6.3982E-05 6.6497E-05 1.2541E-04 1.4068E-05 1.2667E-04 1.9925E-04 7.9267E-05 2.7458E-05 7.2266E-05 1.2145E-04 0
 0 1.0401E-04 1.1252E-04 1.9199E-04 4.5526E-04 4.1862E-05 4.8395E-04 1.5611E-04 3.8070E-04 3.4511E-04 2.9886E-05 6.3877E-05 1.4651E-05 2.9115E-05 8.1754E-05 5.9498E-05 1.7766E-04 5.9790E-05 6.1528E-05 1.9213E-04 7.0121E-05 4.1187E-05 4.2155E-05 1.1927E-04 0
 0 9.8485E-05 1.3317E-04 1.9973E-04 4.5526E-04 2.2162E-05 5.3679E-04 2.0415E-04 5.4649E-04 3.1060E-04 9.9619E-06 4.6134E-05 7.3257E-06 4.3672E-05 4.6209E-05 4.5498E-05 1.1496E-04 1.4068E-05 5.4289E-05 1.7434E-04 5.1828E-05 7.0933E-05 4.5166E-05 1.0909E-04 0
 0 9.5973E-05 1.0220E-04 1.3161E-04 3.6747E-04 1.7237E-05 5.6182E-04 1.7413E-04 4.8508E-04 3.0119E-04 1.9924E-05 4.2585E-05 2.9303E-05 4.0032E-05 4.9763E-05 5.5998E-05 1.0799E-04 4.2205E-05 5.0670E-05 1.8502E-04 4.8780E-05 5.0340E-05 5.5705E-05 1.0763E-04 0
 0 1.1105E-04 1.2491E-04 1.6102E-04 3.7156E-04 2.4625E-05 5.4513E-04 2.0114E-04 4.1140E-04 2.6040E-04 2.9886E-05 2.1292E-05 2.1977E-05 2.5475E-05 4.9763E-05 7.6997E-05 5.9222E-05 4.5722E-05 3.9812E-05 1.6011E-04 7.6218E-05 4.1187E-05 4.0650E-05 1.1854E-04 0
 0 1.1155E-04 1.1459E-04 1.4245E-04 3.6952E-04 3.2012E-05 4.7004E-04 1.6812E-04 4.7587E-04 2.8237E-04 2.6565E-05 2.4841E-05 4.0292E-05 2.5475E-05 5.6872E-05 9.4496E-05 1.0103E-04 6.6824E-05 5.4289E-05 1.2809E-04 8.8413E-05 4.1187E-05 8.4310E-05 1.2145E-04 0
 0 1.0904E-04 1.1356E-04 1.7341E-04 4.3893E-04 1.7237E-05 5.3679E-04 2.1916E-04 4.7587E-04 2.8237E-04 4.9810E-05 5.6780E-05 4.3954E-05 6.5508E-05 7.4645E-05 8.3997E-05 8.0123E-05 4.2205E-05 6.5147E-05 1.8858E-04 7.6218E-05 4.8051E-05 6.0222E-05 1.2654E-04 0
 0 9.5973E-05 1.3730E-04 1.8425E-04 4.3689E-04 4.9250E-06 4.2554E-04 1.5611E-04 5.2192E-04 3.6394E-04 1.9924E-05 7.4523E-05 4.0292E-05 2.9115E-05 3.5545E-05 4.8998E-05 8.0123E-05 5.2756E-05 6.5147E-05 1.3521E-04 7.9267E-05 3.4322E-05 5.4199E-05 1.0981E-04 0
 0 1.1808E-04 7.1231E-05 1.9973E-04 4.1443E-04 2.2162E-05 4.1720E-04 1.8013E-04 4.1447E-04 2.7609E-04 2.6565E-05 4.2585E-05 3.6629E-06 5.8229E-05 4.2654E-05 6.9997E-05 1.2193E-04 2.4619E-05 5.0670E-05 1.6367E-04 8.8413E-05 8.9238E-05 4.8177E-05 1.0981E-04 0
 0 1.1507E-04 8.4651E-05 1.6722E-04 4.6955E-04 3.2012E-05 4.5891E-04 1.3209E-04 4.6973E-04 3.1374E-04 3.6527E-05 3.9036E-05 4.7617E-05 8.3704E-05 4.6209E-05 9.4496E-05 1.0451E-04 3.5171E-05 1.3391E-04 1.5300E-04 8.2316E-05 6.8645E-05 3.7638E-05 1.0327E-04 0
 0 1.2110E-04 1.3007E-04 1.8735E-04 4.5730E-04 2.9550E-05 5.7851E-04 1.6812E-04 3.9605E-04 3.4511E-04 3.9848E-05 6.0329E-05 5.1280E-05 5.0950E-05 2.8436E-05 7.3497E-05 7.6640E-05 5.9790E-05 4.7051E-05 2.5618E-04 3.0487E-05 5.0340E-05 5.1188E-05 1.0981E-04 0
 0 9.5471E-05 1.1252E-04 1.6102E-04 4.5730E-04 3.4475E-05 4.0329E-04 1.5311E-04 5.4035E-04 2.9178E-04 1.9924E-05 4.2585E-05 5.4943E-05 2.9115E-05 6.7536E-05 4.8998E-05 1.7418E-04 2.4619E-05 3.6193E-05 1.9925E-04 9.7559E-05 4.8051E-05 6.1727E-05 9.8179E-05 0
 0 1.1909E-04 9.4975E-05 2.3225E-04 4.1443E-04 1.9700E-05 5.7017E-04 1.6512E-04 4.0219E-04 3.3884E-04 1.9924E-05 2.4841E-05 3.2966E-05 3.2754E-05 3.5545E-05 6.6497E-05 1.1148E-04 1.0551E-05 8.3243E-05 9.9625E-05 7.3169E-05 2.9746E-05 6.9255E-05 1.1927E-04 0
 0 9.7983E-05 1.4659E-04 1.7651E-04 3.6747E-04 3.4475E-05 5.1454E-04 1.9814E-04 3.8070E-04 3.9845E-04 2.3245E-05 5.6780E-05 3.2966E-05 4.7311E-05 3.1991E-05 9.0996E-05 1.1496E-04 5.2756E-05 6.1528E-05 2.4195E-04 7.0121E-05 5.9492E-05 6.9255E-05 1.2000E-04 0
 0 9.4466E-05 1.4659E-04 1.6877E-04 4.1239E-04 2.7087E-05 5.1732E-04 1.2609E-04 4.1447E-04 3.5139E-04 4.3168E-05 3.5487E-05 2.1977E-05 5.0950E-05 6.0427E-05 7.3497E-05 9.7541E-05 1.7585E-05 4.3431E-05 2.1704E-04 6.0975E-05 3.4322E-05 4.8177E-05 1.3454E-04 0
 0 9.4968E-05 1.0220E-04 1.5328E-04 4.0830E-04 1.7237E-05 5.8964E-04 2.1015E-04 4.0526E-04 3.3256E-04 3.3206E-05 1.7744E-05 2.1977E-05 5.0950E-05 3.5545E-05 3.8498E-05 8.3607E-05 6.3307E-05 5.0670E-05 1.7079E-04 1.0061E-04 4.5763E-05 4.2155E-05 1.3381E-04 0
 0 1.0954E-04 1.1046E-04 1.7031E-04 4.0218E-04 4.6787E-05 5.5904E-04 1.6512E-04 4.4824E-04 2.5099E-04 7.6375E-05 3.1939E-05 3.6629E-05 5.8229E-05 4.2654E-05 8.3997E-05 6.9672E-05 2.8137E-05 9.4101E-05 1.7079E-04 9.4510E-05 4.1187E-05 6.6244E-05 9.5270E-05 0
 0 1.1105E-04 1.0014E-04 1.6257E-04 3.8176E-04 2.4625E-05 5.4235E-04 1.4110E-04 4.7587E-04 3.3570E-04 2.9886E-05 2.4841E-05 2.5640E-05 2.9115E-05 6.7536E-05 7.3497E-05 7.6640E-05 3.8688E-05 5.7908E-05 1.7434E-04 5.4877E-05 5.4916E-05 4.0650E-05 1.0763E-04 0
 0 1.1255E-04 1.0530E-04 1.5019E-04 4.0422E-04 4.9250E-05 4.8951E-04 1.6812E-04 4.7894E-04 3.2629E-04 5.9772E-05 2.8390E-05 3.2966E-05 4.7311E-05 4.6209E-05 3.4999E-05 1.5328E-04 7.3858E-05 5.0670E-05 1.8146E-04 9.7559E-05 3.8899E-05 7.3771E-05 1.1345E-04 0
 0 1.1004E-04 1.2078E-04 1.8735E-04 4.6751E-04 1.4775E-05 5.4235E-04 1.7112E-04 4.8508E-04 3.2315E-04 9.9619E-06 1.7744E-05 4.3954E-05 5.4590E-05 5.3318E-05 6.9997E-05 1.2889E-04 1.7585E-05 3.9812E-05 2.6329E-04 1.2805E-04 1.6017E-05 7.2266E-05 9.8179E-05 0
 0 1.1004E-04 9.6007E-05 1.9509E-04 4.0830E-04 9.8500E-06 5.7017E-04 1.6812E-04 4.2675E-04 3.0746E-04 3.6527E-05 0.0000E+00 2.9303E-05 2.5475E-05 7.1091E-06 4.1998E-05 1.0799E-04 4.9239E-05 3.6193E-05 1.9925E-04 4.8780E-05 1.3729E-05 4.6672E-05 1.2509E-04 0
 0 9.6978E-05 9.8072E-05 1.8425E-04 4.0626E-04 3.2012E-05 5.2288E-04 1.4110E-04 4.6359E-04 2.2903E-04 1.3283E-05 2.1292E-05 2.1977E-05 4.3672E-05 4.9763E-05 8.0497E-05 1.4631E-04 3.8688E-05 5.4289E-05 1.7790E-04 7.6218E-05 3.2034E-05 8.5816E-05 1.1781E-04 0
 0 9.5471E-05 1.0427E-04 1.9818E-04 4.0422E-04 3.2012E-05 5.1176E-04 1.4110E-04 5.1271E-04 2.6982E-04 4.9810E-05 4.2585E-05 5.1280E-05 5.0950E-05 5.3318E-05 1.0150E-04 8.0123E-05 5.9790E-05 9.4101E-05 2.1704E-04 1.0671E-04 2.7458E-05 7.2266E-05 1.2581E-04 0
 0 1.1708E-04 1.1149E-04 1.5638E-04 4.1239E-04 3.4475E-05 4.5335E-04 1.3510E-04 3.7149E-04 2.6354E-04 1.9924E-05 2.8390E-05 2.5640E-05 6.1868E-05 5.3318E-05 4.8998E-05 1.6025E-04 3.1654E-05 9.0482E-05 2.1348E-04 6.4023E-05 2.7458E-05 7.5277E-05 1.0327E-04 0
 0 9.6978E-05 9.8072E-05 1.7496E-04 3.5727E-04 4.4325E-05 5.0898E-04 1.2909E-04 4.2061E-04 3.3256E-04 9.9619E-06 6.7426E-05 1.8314E-05 5.4590E-05 2.8436E-05 5.5998E-05 9.0574E-05 5.2756E-05 7.2386E-05 2.4195E-04 5.1828E-05 6.6357E-05 5.2694E-05 1.1491E-04 0
 0 1.0351E-04 1.0633E-04 1.7341E-04 3.8176E-04 1.4775E-05 6.3136E-04 1.8313E-04 4.6359E-04 3.6394E-04 2.3245E-05 3.9036E-05 2.9303E-05 6.1868E-05 5.6872E-05 1.0150E-04 1.3238E-04 6.6824E-05 7.6005E-05 2.0992E-04 8.2316E-05 6.4069E-05 6.3233E-05 9.7452E-05 0
 0 1.1607E-04 1.1769E-04 1.5793E-04 4.2260E-04 3.9400E-05 5.2288E-04 1.2009E-04 3.5921E-04 2.6668E-04 1.3283E-05 3.9036E-05 2.5640E-05 2.1836E-05 4.6209E-05 8.0497E-05 1.2193E-04 2.8137E-05 3.6193E-05 2.3127E-04 6.7072E-05 5.4916E-05 5.8716E-05 1.1054E-04 0
 0 8.6426E-05 1.1562E-04 1.9664E-04 3.7360E-04 7.3875E-06 5.2010E-04 1.4110E-04 4.5438E-04 3.1374E-04 1.3283E-05 3.9036E-05 1.0989E-05 2.9115E-05 2.8436E-05 6.9997E-05 9.0574E-05 1.7585E-05 7.9624E-05 2.5618E-04 7.0121E-05 4.3475E-05 6.3233E-05 1.3454E-04 0
 0 9.8988E-05 1.0117E-04 1.5174E-04 3.4910E-04 3.4475E-05 5.0342E-04 1.4711E-04 4.6052E-04 3.4198E-04 6.6413E-05 4.2585E-05 1.8314E-05 3.6393E-05 3.1991E-05 5.9498E-05 9.0574E-05 3.1654E-05 1.2306E-04 2.1348E-04 4.8780E-05 3.8899E-05 8.2805E-05 1.1418E-04 0
 0 8.5924E-05 1.0840E-04 1.8889E-04 4.4097E-04 2.4625E-05 4.3110E-04 1.8313E-04 4.1447E-04 3.9531E-04 1.9924E-05 3.9036E-05 2.9303E-05 6.1868E-05 7.1091E-05 6.6497E-05 1.6025E-04 4.5722E-05 2.8954E-05 2.1348E-04 8.2316E-05 4.3475E-05 6.9255E-05 9.5270E-05 0
 0 1.2964E-04 1.0736E-04 2.0128E-04 3.8176E-04 4.1862E-05 4.9785E-04 1.7112E-04 4.1140E-04 3.2001E-04 5.3130E-05 7.0975E-06 4.0292E-05 4.3672E-05 5.3318E-05 5.2498E-05 5.5738E-05 4.2205E-05 5.0670E-05 2.0992E-04 4.8780E-05 4.5763E-05 7.0760E-05 1.1345E-04 0
 0 1.0452E-04 1.1046E-04 1.9509E-04 4.2055E-04 7.3875E-06 4.8673E-04 1.0508E-04 4.3289E-04 2.1648E-04 2.6565E-05 3.1939E-05 5.1280E-05 1.8197E-05 5.6872E-05 9.4496E-05 1.2889E-04 4.2205E-05 1.6287E-04 2.1348E-04 9.7559E-05 2.5170E-05 6.7749E-05 9.8179E-05 0
 0 1.0452E-04 1.2388E-04 1.6102E-04 3.9401E-04 1.2312E-05 4.9229E-04 1.7713E-04 3.5000E-04 3.2629E-04 1.9924E-05 4.6134E-05 3.2966E-05 8.3704E-05 6.3982E-05 1.0150E-04 8.0123E-05 3.1654E-05 7.2386E-05 1.2809E-04 6.4023E-05 2.7458E-05 5.5705E-05 1.0545E-04 0
 0 1.1507E-04 1.0323E-04 1.8115E-04 4.6955E-04 2.4625E-05 4.9229E-04 1.5311E-04 4.3289E-04 2.7609E-04 4.9810E-05 3.9036E-05 7.3257E-06 5.0950E-05 7.1091E-05 8.3997E-05 1.0799E-04 6.6824E-05 6.5147E-05 1.9569E-04 6.0975E-05 2.9746E-05 7.8288E-05 1.0981E-04 0
 0 1.1255E-04 9.3942E-05 1.9664E-04 4.6751E-04 3.4475E-05 5.6739E-04 1.0808E-04 4.2982E-04 2.8550E-04 1.3283E-05 1.4195E-05 3.6629E-06 6.5508E-05 3.5545E-05 5.9498E-05 6.9672E-05 7.7375E-05 1.0858E-04 1.6723E-04 6.4023E-05 4.3475E-05 9.4849E-05 1.1345E-04 0
 0 1.0753E-04 1.1459E-04 1.4554E-04 3.9810E-04 1.4775E-05 5.0620E-04 1.5611E-04 4.1447E-04 2.6668E-04 1.6603E-05 1.7744E-05 4.0292E-05 6.9147E-05 3.9100E-05 1.0500E-04 1.6025E-04 2.1102E-05 6.1528E-05 1.5655E-04 5.1828E-05 5.2628E-05 3.7638E-05 9.7452E-05 0
 0 1.0803E-04 8.3619E-05 1.5638E-04 5.4100E-04 1.4775E-05 4.8395E-04 1.2609E-04 4.4824E-04 3.0746E-04 6.9734E-05 3.9036E-05 2.9303E-05 4.3672E-05 5.3318E-05 1.1550E-04 1.4283E-04 3.8688E-05 7.2386E-05 1.8858E-04 7.9267E-05 5.2628E-05 5.5705E-05 1.0836E-04 0
 0 1.1004E-04 9.8072E-05 1.6102E-04 3.6543E-04 5.1712E-05 5.8685E-04 8.1058E-05 4.0219E-04 3.1374E-04 6.6413E-06 2.8390E-05 3.6629E-05 4.7311E-05 6.7536E-05 7.6997E-05 6.2705E-05 3.1654E-05 7.9624E-05 1.2453E-04 8.5364E-05 4.3475E-05 4.9683E-05 1.0109E-04 0
 0 1.0954E-04 9.1878E-05 1.2541E-04 4.1443E-04 9.8500E-06 4.7282E-04 1.9514E-04 4.2982E-04 2.5413E-04 3.6527E-05 3.1939E-05 1.0989E-05 6.1868E-05 5.6872E-05 9.0996E-05 1.1844E-04 3.5171E-05 6.1528E-05 1.7790E-04 8.5364E-05 9.3815E-05 7.9794E-05 1.4109E-04 0
 0 1.0954E-04 1.2388E-04 1.3006E-04 4.3280E-04 1.7237E-05 3.7826E-04 1.0508E-04 3.6535E-04 2.4158E-04 3.9848E-05 6.7426E-05 3.2966E-05 4.7311E-05 5.6872E-05 9.7996E-05 1.3934E-04 3.8688E-05 6.5147E-05 1.2453E-04 6.7072E-05 4.3475E-05 6.0222E-05 9.8179E-05 0
 0 1.0502E-04 1.2182E-04 1.6722E-04 4.1239E-04 1.2312E-05 4.6448E-04 1.6812E-04 4.4210E-04 3.3570E-04 3.6527E-05 4.6134E-05 7.3257E-05 3.2754E-05 2.4882E-05 3.8498E-05 1.4980E-04 2.8137E-05 9.0482E-05 8.5393E-05 1.3414E-04 5.4916E-05 7.6783E-05 1.2509E-04 0
 0 9.9490E-05 1.1562E-04 1.6567E-04 3.9810E-04 2.4625E-05 4.9507E-04 1.4711E-04 3.9912E-04 3.0119E-04 3.9848E-05 2.1292E-05 3.6629E-05 1.8197E-05 5.6872E-05 6.6497E-05 1.3586E-04 4.2205E-05 5.4289E-05 1.9569E-04 5.7926E-05 4.3475E-05 5.4199E-05 1.0981E-04 0
 0 1.1557E-04 1.1149E-04 1.4245E-04 4.3280E-04 9.8500E-06 5.1454E-04 1.5611E-04 3.7763E-04 2.8237E-04 4.3168E-05 3.1939E-05 2.1977E-05 5.8229E-05 6.0427E-05 2.7999E-05 1.0799E-04 3.8688E-05 5.7908E-05 2.0992E-04 3.9633E-05 5.9492E-05 4.5166E-05 9.8906E-05 0
 0 9.4968E-05 9.2910E-05 1.8115E-04 3.3889E-04 1.4775E-05 5.0620E-04 1.8313E-04 5.1271E-04 2.3530E-04 3.9848E-05 4.9682E-05 1.8314E-05 2.5475E-05 6.3982E-05 6.2998E-05 1.0799E-04 1.7585E-05 4.7051E-05 1.3165E-04 8.2316E-05 3.4322E-05 6.9255E-05 9.3815E-05 0
 0 1.0150E-04 8.0522E-05 1.6257E-04 3.7768E-04 2.4625E-05 4.6170E-04 2.5518E-04 5.5877E-04 2.8864E-04 2.9886E-05 3.1939E-05 4.7617E-05 4.0032E-05 3.5545E-05 8.0497E-05 1.0451E-04 3.1654E-05 6.5147E-05 2.0281E-04 7.9267E-05 3.2034E-05 6.4738E-05 9.4543E-05 0
 0 1.0703E-04 1.1149E-04 2.5702E-04 4.7976E-04 1.4775E-05 3.8660E-04 2.1616E-04 3.6842E-04 3.5766E-04 6.6413E-06 3.5487E-05 2.5640E-05 2.9115E-05 2.4882E-05 5.2498E-05 1.4283E-04 3.5171E-05 6.8766E-05 9.9625E-05 1.1890E-04 2.9746E-05 4.8177E-05 1.0400E-04 0
 0 7.9391E-05 1.3524E-04 1.9199E-04 3.9401E-04 9.8500E-06 5.7295E-04 2.4618E-04 4.4210E-04 3.2629E-04 3.9848E-05 3.1939E-05 1.0989E-05 4.0032E-05 4.9763E-05 9.7996E-05 9.7541E-05 3.8688E-05 5.4289E-05 1.4588E-04 3.6585E-05 7.0933E-05 6.7749E-05 9.4543E-05 0
 0 1.0351E-04 1.1252E-04 2.1367E-04 3.9401E-04 1.2312E-05 4.5057E-04 1.3510E-04 4.9429E-04 3.1688E-04 1.9924E-05 2.8390E-05 4.0292E-05 8.3704E-05 6.7536E-05 9.0996E-05 1.0103E-04 4.5722E-05 2.8954E-05 2.7753E-04 6.4023E-05 6.8645E-05 6.3233E-05 9.8179E-05 0
 0 1.0753E-04 9.0845E-05 1.8425E-04 3.8381E-04 2.2162E-05 4.8951E-04 1.5311E-04 4.5745E-04 3.1060E-04 9.9619E-06 2.8390E-05 4.3954E-05 8.0065E-05 2.4882E-05 6.9997E-05 8.7091E-05 1.4068E-05 4.7051E-05 1.6723E-04 5.1828E-05 2.5170E-05 6.1727E-05 9.9633E-05 0
 0 1.1858E-04 1.0014E-04 1.8580E-04 3.6135E-04 2.4625E-05 6.0354E-04 1.3810E-04 4.7280E-04 3.1688E-04 2.9886E-05 2.8390E-05 1.8314E-05 5.8229E-05 4.9763E-05 2.0999E-05 7.6640E-05 2.1102E-05 5.7908E-05 2.9532E-04 7.3169E-05 5.4916E-05 6.1727E-05 1.1781E-04 0
 0 1.0100E-04 8.4651E-05 1.5328E-04 3.4502E-04 1.4775E-05 5.2010E-04 1.6812E-04 4.7280E-04 2.8550E-04 4.6489E-05 4.6134E-05 1.8314E-05 3.6393E-06 6.0427E-05 4.8998E-05 8.3607E-05 5.6273E-05 6.1528E-05 1.8146E-04 3.6585E-05 5.2628E-05 7.6783E-05 1.0109E-04 0
 0 1.0452E-04 1.1459E-04 1.5483E-04 3.9197E-04 7.3875E-06 5.1454E-04 1.3510E-04 5.0657E-04 2.7295E-04 9.9619E-06 3.9036E-05 2.9303E-05 4.3672E-05 3.9100E-05 1.0850E-04 6.2705E-05 5.9790E-05 6.1528E-05 1.7790E-04 5.1828E-05 2.2882E-05 4.2155E-05 1.3745E-04 0
 0 1.0351E-04 9.0845E-05 1.7651E-04 3.9606E-04 7.3875E-06 3.7269E-04 1.4711E-04 3.4079E-04 2.5099E-04 2.3245E-05 3.5487E-05 4.3954E-05 5.0950E-05 4.6209E-05 5.2498E-05 1.4631E-04 2.8137E-05 6.1528E-05 1.9925E-04 9.7559E-05 5.7204E-05 6.4738E-05 8.7997E-05 0
 0 9.7480E-05 9.7039E-05 1.8889E-04 4.3280E-04 2.7087E-05 6.6195E-04 1.3810E-04 4.9122E-04 2.5099E-04 1.9924E-05 4.2585E-05 1.8314E-05 4.3672E-05 2.1327E-05 4.5498E-05 6.9672E-05 2.8137E-05 5.7908E-05 2.2416E-04 6.7072E-05 4.8051E-05 3.7638E-05 1.2945E-04 0
 0 1.0904E-04 1.0117E-04 1.8425E-04 4.4097E-04 7.3875E-06 4.3110E-04 1.5011E-04 3.8991E-04 3.0119E-04 2.6565E-05 1.7744E-05 2.9303E-05 9.8261E-05 1.7773E-05 5.2498E-05 1.4631E-04 4.2205E-05 6.1528E-05 1.6723E-04 6.0975E-05 4.5763E-05 5.2694E-05 1.0836E-04 0
 0 1.1808E-04 9.7039E-05 1.2077E-04 3.8381E-04 3.9400E-05 5.1176E-04 1.4110E-04 4.1140E-04 3.0433E-04 2.3245E-05 2.1292E-05 1.4651E-05 3.2754E-05 8.8863E-05 4.8998E-05 1.4980E-04 2.8137E-05 1.4477E-05 1.3876E-04 4.2682E-05 3.6611E-05 7.2266E-05 1.2072E-04 0
 0 1.0401E-04 1.1252E-04 2.4618E-04 3.4298E-04 2.7087E-05 4.8395E-04 2.3417E-04 4.6052E-04 3.2943E-04 1.6603E-05 4.6134E-05 2.1977E-05 2.5475E-05 6.3982E-05 6.2998E-05 5.5738E-05 8.0892E-05 1.0134E-04 2.3839E-04 7.3169E-05 4.5763E-05 7.0760E-05 1.2581E-04 0
 0 1.0803E-04 9.2910E-05 1.6722E-04 4.0014E-04 2.2162E-05 4.3388E-04 1.5611E-04 3.8684E-04 2.5413E-04 1.9924E-05 2.4841E-05 1.4651E-05 4.0032E-05 1.7773E-05 9.0996E-05 6.6189E-05 5.2756E-05 9.0482E-05 1.5655E-04 5.4877E-05 4.1187E-05 6.1727E-05 1.0545E-04 0
 0 1.1909E-04 9.7039E-05 1.7496E-04 3.6339E-04 2.7087E-05 5.0342E-04 1.4410E-04 4.5131E-04 2.4158E-04 1.3283E-05 3.5487E-05 3.6629E-05 5.8229E-05 5.3318E-05 6.9997E-05 8.0123E-05 6.6824E-05 4.7051E-05 1.7079E-04 5.4877E-05 3.4322E-05 5.8716E-05 9.5997E-05 0
 0 9.1953E-05 1.0840E-04 1.7186E-04 4.0422E-04 2.9550E-05 5.0620E-04 1.3810E-04 4.7280E-04 2.9492E-04 3.3206E-05 2.8390E-05 1.8314E-05 2.5475E-05 4.9763E-05 3.8498E-05 1.1148E-04 1.7585E-05 6.1528E-05 1.2097E-04 4.2682E-05 2.9746E-05 6.4738E-05 1.0691E-04 0
 0 1.1205E-04 8.2587E-05 1.7651E-04 4.2055E-04 5.4175E-05 4.3945E-04 1.4410E-04 4.4824E-04 2.7295E-04 1.6603E-05 2.4841E-05 1.0989E-05 3.2754E-05 2.8436E-05 5.5998E-05 1.4631E-04 5.6273E-05 9.7721E-05 1.3876E-04 1.0366E-04 5.4916E-05 7.2266E-05 1.0254E-04 0
 0 9.9993E-05 1.1459E-04 1.8425E-04 4.7363E-04 2.2162E-05 5.0620E-04 1.4711E-04 3.8684E-04 2.8864E-04 1.9924E-05 2.4841E-05 2.5640E-05 4.0032E-05 2.8436E-05 5.2498E-05 9.4058E-05 3.8688E-05 3.2574E-05 2.7753E-04 3.3536E-05 3.6611E-05 6.4738E-05 1.1563E-04 0
 0 9.9490E-05 1.0840E-04 1.7341E-04 3.9810E-04 3.2012E-05 4.3945E-04 1.4410E-04 4.0833E-04 2.7609E-04 3.3206E-05 3.9036E-05 1.0989E-05 6.5508E-05 1.7773E-05 5.5998E-05 1.3934E-04 2.4619E-05 5.0670E-05 1.6367E-04 6.7072E-05 4.8051E-05 5.2694E-05 1.0472E-04 0
 0 1.0351E-04 1.1252E-04 1.8425E-04 3.8176E-04 3.6937E-05 4.5891E-04 1.5911E-04 4.8508E-04 2.4158E-04 1.9924E-05 4.9682E-05 3.6629E-06 5.4590E-05 2.4882E-05 4.5498E-05 6.9672E-05 5.6273E-05 8.3243E-05 1.6011E-04 7.6218E-05 5.7204E-05 4.9683E-05 1.0691E-04 0
 0 1.0251E-04 8.5684E-05 1.9664E-04 4.1239E-04 4.1862E-05 4.6170E-04 1.2309E-04 4.5131E-04 2.8864E-04 4.3168E-05 3.5487E-05 3.2966E-05 6.9147E-05 1.4218E-05 3.8498E-05 1.4283E-04 4.9239E-05 5.7908E-05 2.5618E-04 9.7559E-05 4.5763E-05 4.5166E-05 9.7452E-05 0
 0 8.6928E-05 1.4040E-04 1.5483E-04 3.8585E-04 1.9700E-05 5.2845E-04 1.9514E-04 3.4693E-04 2.0707E-04 1.3283E-05 2.8390E-05 2.1977E-05 2.1836E-05 3.9100E-05 5.9498E-05 9.4058E-05 2.4619E-05 6.8766E-05 1.5655E-04 5.4877E-05 4.8051E-05 3.7638E-05 8.4361E-05 0
 0 1.0904E-04 1.0220E-04 1.5948E-04 3.8176E-04 7.3875E-06 5.2567E-04 1.6812E-04 4.1140E-04 2.1334E-04 1.6603E-05 2.4841E-05 4.0292E-05 8.3704E-05 6.3982E-05 6.9997E-05 1.4631E-04 1.7585E-05 1.0496E-04 1.8146E-04 6.4023E-05 6.1780E-05 5.1188E-05 1.0909E-04 0
 0 9.5973E-05 1.2491E-04 1.9509E-04 3.9810E-04 1.9700E-05 4.9229E-04 1.5311E-04 3.6535E-04 2.6982E-04 1.9924E-05 2.1292E-05 2.9303E-05 2.5475E-05 2.4882E-05 6.9997E-05 6.6189E-05 2.4619E-05 3.6193E-05 1.5300E-04 7.6218E-05 4.5763E-05 5.4199E-05 1.1418E-04 0
 0 1.2160E-04 1.0736E-04 1.6257E-04 4.6955E-04 1.7237E-05 5.4513E-04 1.5911E-04 3.6842E-04 2.6354E-04 2.9886E-05 2.4841E-05 3.2966E-05 6.5508E-05 6.7536E-05 5.2498E-05 8.3607E-05 5.2756E-05 5.7908E-05 2.0992E-04 1.1585E-04 2.7458E-05 6.3233E-05 1.0763E-04 0
 0 1.1105E-04 1.1252E-04 1.5328E-04 4.3484E-04 2.7087E-05 5.1176E-04 1.6512E-04 4.4517E-04 2.8864E-04 2.3245E-05 1.4195E-05 2.5640E-05 5.4590E-05 4.6209E-05 1.1200E-04 9.0574E-05 3.5171E-05 6.5147E-05 2.0992E-04 1.0671E-04 3.2034E-05 2.7100E-05 1.0327E-04 0
 0 1.0200E-04 1.1459E-04 2.1367E-04 4.4301E-04 1.4775E-05 4.5057E-04 1.6812E-04 3.8991E-04 2.2275E-04 2.6565E-05 5.6780E-05 3.6629E-05 2.5475E-05 3.9100E-05 5.2498E-05 1.2889E-04 2.1102E-05 7.2386E-05 1.8502E-04 5.7926E-05 5.2628E-05 5.2694E-05 1.0763E-04 0
 0 1.2461E-04 1.0323E-04 1.7651E-04 4.1851E-04 9.8500E-06 4.7282E-04 1.6812E-04 3.5614E-04 3.1060E-04 3.3206E-06 2.8390E-05 1.0989E-05 2.5475E-05 4.2654E-05 6.2998E-05 1.4980E-04 3.8688E-05 3.2574E-05 1.7434E-04 6.0975E-05 5.0340E-05 5.8716E-05 1.0981E-04 0
 0 2.0099E-06 0.0000E+00 3.0966E-06 0.0000E+00 0.0000E+00 2.7813E-06 3.0022E-06 0.0000E+00 0.0000E+00 0.0000E+00 0.0000E+00 0.0000E+00 0.0000E+00 0.0000E+00 0.0000E+00 6.9672E-06 0.0000E+00 0.0000E+00 0.0000E+00 6.0975E-06 2.2882E-06 0.0000E+00 0.0000E+00 0
