 0 4.4313E-03 6.3163E-03 6.7034E-03 2.5986E-02 8.2223E-04 2.3399E-03 0.0000E+00 0.0000E+00 0.0000E+00 0.0000E+00 0.0000E+00 0.0000E+00 0.0000E+00 0.0000E+00 0.0000E+00 0.0000E+00 0.0000E+00 0.0000E+00 1.7560E-03 3.2027E-03 1.2139E-03 0.0000E+00 4.4346E-03 0
 0 4.8746E-03 7.1962E-03 5.9471E-03 2.6127E-02 5.2123E-04 2.5032E-03 0.0000E+00 0.0000E+00 0.0000E+00 0.0000E+00 0.0000E+00 0.0000E+00 0.0000E+00 0.0000E+00 0.0000E+00 0.0000E+00 0.0000E+00 0.0000E+00 2.9006E-03 4.1103E-03 6.3133E-04 5.3905E-06 4.5119E-03 0
 0 4.5911E-03 6.9309E-03 6.6819E-03 2.5955E-02 7.4147E-04 3.1247E-03 0.0000E+00 0.0000E+00 0.0000E+00 0.0000E+00 0.0000E+00 0.0000E+00 0.0000E+00 0.0000E+00 0.0000E+00 0.0000E+00 0.0000E+00 0.0000E+00 2.7653E-03 2.9839E-03 3.4352E-04 0.0000E+00 4.4873E-03 0
 0 4.8115E-03 7.3109E-03 8.1622E-03 2.2111E-02 5.8241E-04 4.2360E-03 0.0000E+00 0.0000E+00 0.0000E+00 0.0000E+00 0.0000E+00 0.0000E+00 0.0000E+00 0.0000E+00 0.0000E+00 0.0000E+00 0.0000E+00 0.0000E+00 2.5601E-03 4.8154E-03 4.7814E-04 0.0000E+00 4.3985E-03 0
 0 4.6460E-03 7.0163E-03 6.9434E-03 2.2877E-02 7.7084E-04 3.5744E-03 0.0000E+00 0.0000E+00 0.0000E+00 0.0000E+00 0.0000E+00 0.0000E+00 0.0000E+00 0.0000E+00 0.0000E+00 0.0000E+00 0.0000E+00 0.0000E+00 2.1375E-03 5.3672E-03 1.2766E-03 0.0000E+00 4.7183E-03 0
 0 4.6180E-03 7.5950E-03 7.3398E-03 2.2747E-02 9.5437E-04 3.5887E-03 7.2156E-04 0.0000E+00 0.0000E+00 0.0000E+00 0.0000E+00 0.0000E+00 0.0000E+00 0.0000E+00 0.0000E+00 0.0000E+00 0.0000E+00 0.0000E+00 2.7899E-03 5.4162E-03 1.4599E-03 0.0000E+00 4.9188E-03 0
 0 4.6449E-03 8.3220E-03 5.9390E-03 2.2834E-02 1.3532E-03 3.9438E-03 0.0000E+00 0.0000E+00 0.0000E+00 0.0000E+00 0.0000E+00 0.0000E+00 0.0000E+00 0.0000E+00 0.0000E+00 0.0000E+00 0.0000E+00 0.0000E+00 2.9294E-03 5.1974E-03 1.8452E-03 1.2129E-05 5.1569E-03 0
 0 4.6340E-03 8.7477E-03 6.8854E-03 2.0804E-02 2.1608E-03 5.2899E-03 1.6484E-04 0.0000E+00 0.0000E+00 0.0000E+00 0.0000E+00 0.0000E+00 0.0000E+00 0.0000E+00 0.0000E+00 0.0000E+00 0.0000E+00 0.0000E+00 2.0021E-03 5.9842E-03 2.1377E-03 0.0000E+00 5.3797E-03 0
 0 4.9443E-03 8.8961E-03 6.4230E-03 1.8430E-02 1.7962E-03 6.0890E-03 1.8101E-03 0.0000E+00 0.0000E+00 0.0000E+00 0.0000E+00 0.0000E+00 0.0000E+00 0.0000E+00 0.0000E+00 0.0000E+00 0.0000E+00 0.0000E+00 1.8175E-03 3.4769E-03 2.1006E-03 0.0000E+00 5.9639E-03 0
 0 4.6394E-03 9.4733E-03 6.9245E-03 1.8799E-02 1.4707E-03 5.1267E-03 2.6437E-03 0.0000E+00 0.0000E+00 0.0000E+00 0.0000E+00 0.0000E+00 0.0000E+00 0.0000E+00 0.0000E+00 0.0000E+00 0.0000E+00 0.0000E+00 1.8791E-03 4.2800E-03 1.9497E-03 1.4824E-05 5.9742E-03 0
 0 4.8191E-03 1.0100E-02 6.6117E-03 1.7026E-02 1.6249E-03 4.0928E-03 8.8018E-04 0.0000E+00 0.0000E+00 0.0000E+00 0.0000E+00 0.0000E+00 0.0000E+00 0.0000E+00 0.0000E+00 0.0000E+00 0.0000E+00 0.0000E+00 2.8883E-03 5.2366E-03 2.7156E-03 5.3905E-06 6.4749E-03 0
 0 4.7291E-03 1.0677E-02 7.6458E-03 1.5136E-02 2.3272E-03 5.9716E-03 0.0000E+00 0.0000E+00 0.0000E+00 0.0000E+00 0.0000E+00 0.0000E+00 0.0000E+00 0.0000E+00 0.0000E+00 0.0000E+00 0.0000E+00 0.0000E+00 1.8709E-03 5.0799E-03 4.1106E-03 3.9081E-05 6.6473E-03 0
 0 4.7749E-03 1.1115E-02 8.0530E-03 1.6868E-02 2.2318E-03 6.6217E-03 0.0000E+00 0.0000E+00 0.0000E+00 0.0000E+00 0.0000E+00 0.0000E+00 0.0000E+00 0.0000E+00 0.0000E+00 0.0000E+00 0.0000E+00 0.0000E+00 2.6955E-03 4.1756E-03 4.1872E-03 2.3314E-04 7.0738E-03 0
 0 4.5559E-03 1.1543E-02 7.2265E-03 1.5660E-02 2.5597E-03 8.4748E-03 0.0000E+00 0.0000E+00 0.0000E+00 0.0000E+00 0.0000E+00 0.0000E+00 0.0000E+00 0.0000E+00 0.0000E+00 0.0000E+00 0.0000E+00 0.0000E+00 2.3919E-03 4.6718E-03 6.9632E-03 1.2533E-04 7.3713E-03 0
 0 4.8172E-03 1.2008E-02 7.4261E-03 1.4422E-02 2.2513E-03 8.2113E-03 0.0000E+00 0.0000E+00 0.0000E+00 0.0000E+00 0.0000E+00 0.0000E+00 0.0000E+00 0.0000E+00 0.0000E+00 0.0000E+00 0.0000E+00 0.0000E+00 2.0555E-03 5.4847E-03 7.7454E-03 2.7087E-04 7.6004E-03 0
 0 4.8555E-03 1.2357E-02 6.5551E-03 1.4367E-02 3.1078E-03 7.3578E-03 5.4428E-04 0.0000E+00 0.0000E+00 0.0000E+00 0.0000E+00 0.0000E+00 0.0000E+00 0.0000E+00 0.0000E+00 0.0000E+00 0.0000E+00 0.0000E+00 1.3334E-03 3.2092E-03 7.8313E-03 3.2882E-04 7.9126E-03 0
 0 4.8548E-03 1.2465E-02 6.5632E-03 1.4714E-02 3.2767E-03 1.1370E-02 9.9526E-04 0.0000E+00 0.0000E+00 0.0000E+00 0.0000E+00 0.0000E+00 0.0000E+00 0.0000E+00 0.0000E+00 0.0000E+00 0.0000E+00 0.0000E+00 1.1611E-03 5.3019E-03 9.7485E-03 7.6006E-04 8.1873E-03 0
 0 4.7708E-03 1.2748E-02 6.8746E-03 1.1984E-02 4.4562E-03 7.6614E-03 2.0061E-03 0.0000E+00 0.0000E+00 0.0000E+00 0.0000E+00 0.0000E+00 0.0000E+00 0.0000E+00 0.0000E+00 0.0000E+00 0.0000E+00 0.0000E+00 5.5387E-04 4.6359E-03 1.0867E-02 1.1603E-03 8.4472E-03 0
 0 4.7619E-03 1.3549E-02 6.9340E-03 1.1539E-02 4.8379E-03 1.1797E-02 9.2995E-04 0.0000E+00 0.0000E+00 0.0000E+00 0.0000E+00 0.0000E+00 0.0000E+00 0.0000E+00 0.0000E+00 0.0000E+00 0.0000E+00 0.0000E+00 4.3079E-04 5.2235E-03 1.2141E-02 1.8705E-03 8.5307E-03 0
 0 4.7512E-03 1.3040E-02 7.6903E-03 1.1676E-02 6.2181E-03 1.0926E-02 7.7755E-05 0.0000E+00 0.0000E+00 0.0000E+00 0.0000E+00 0.0000E+00 0.0000E+00 0.0000E+00 0.0000E+00 0.0000E+00 0.0000E+00 0.0000E+00 2.1745E-04 5.7590E-03 1.4662E-02 2.7828E-03 9.0877E-03 0
 0 4.8273E-03 1.3531E-02 7.6782E-03 1.0895E-02 5.6308E-03 1.1780E-02 1.0170E-03 0.0000E+00 0.0000E+00 0.0000E+00 0.0000E+00 0.0000E+00 0.0000E+00 0.0000E+00 0.0000E+00 0.0000E+00 0.0000E+00 0.0000E+00 1.0134E-03 7.6231E-03 1.7148E-02 3.9957E-03 9.1484E-03 0
 0 4.8771E-03 1.3528E-02 7.9694E-03 1.1206E-02 5.4081E-03 1.2333E-02 0.0000E+00 0.0000E+00 0.0000E+00 0.0000E+00 0.0000E+00 0.0000E+00 0.0000E+00 0.0000E+00 0.0000E+00 0.0000E+00 0.0000E+00 0.0000E+00 3.1591E-04 5.6022E-03 1.9838E-02 4.9727E-03 9.4959E-03 0
 0 4.7105E-03 1.3594E-02 7.5717E-03 1.1102E-02 4.6935E-03 1.0219E-02 2.4881E-04 0.0000E+00 0.0000E+00 0.0000E+00 0.0000E+00 0.0000E+00 0.0000E+00 0.0000E+00 0.0000E+00 0.0000E+00 0.0000E+00 0.0000E+00 4.9233E-04 3.6042E-03 2.1191E-02 7.3405E-03 9.6737E-03 0
 0 4.8530E-03 1.2901E-02 7.7780E-03 1.0687E-02 7.5518E-03 1.3770E-02 0.0000E+00 0.0000E+00 0.0000E+00 0.0000E+00 0.0000E+00 0.0000E+00 0.0000E+00 0.0000E+00 0.0000E+00 0.0000E+00 0.0000E+00 0.0000E+00 4.6771E-04 4.6947E-03 2.4049E-02 1.0175E-02 9.8376E-03 0
 0 4.8455E-03 1.3216E-02 7.3101E-03 1.0217E-02 7.2092E-03 1.3538E-02 1.8039E-04 0.0000E+00 0.0000E+00 0.0000E+00 0.0000E+00 0.0000E+00 0.0000E+00 0.0000E+00 0.0000E+00 0.0000E+00 0.0000E+00 0.0000E+00 1.2513E-03 3.8948E-03 2.6265E-02 1.1298E-02 9.9792E-03 0
 0 4.6324E-03 1.3498E-02 7.4342E-03 1.0105E-02 8.1464E-03 1.4088E-02 2.2082E-04 0.0000E+00 0.0000E+00 0.0000E+00 0.0000E+00 0.0000E+00 0.0000E+00 0.0000E+00 0.0000E+00 0.0000E+00 0.0000E+00 0.0000E+00 1.1734E-03 6.0593E-03 2.6968E-02 1.4941E-02 9.7353E-03 0
 0 4.6132E-03 1.3297E-02 7.7186E-03 1.0107E-02 9.4580E-03 1.4106E-02 0.0000E+00 0.0000E+00 0.0000E+00 0.0000E+00 0.0000E+00 0.0000E+00 0.0000E+00 0.0000E+00 0.0000E+00 0.0000E+00 0.0000E+00 0.0000E+00 1.2678E-03 5.9091E-03 2.6302E-02 1.6502E-02 9.8403E-03 0
 0 4.6062E-03 1.2765E-02 8.2296E-03 9.7134E-03 8.1170E-03 1.5011E-02 0.0000E+00 0.0000E+00 0.0000E+00 0.0000E+00 0.0000E+00 0.0000E+00 0.0000E+00 0.0000E+00 0.0000E+00 0.0000E+00 0.0000E+00 0.0000E+00 1.0790E-03 5.7590E-03 2.6994E-02 2.0954E-02 1.0112E-02 0
 0 4.6661E-03 1.2352E-02 7.4423E-03 9.7914E-03 9.7933E-03 1.4220E-02 0.0000E+00 0.0000E+00 0.0000E+00 0.0000E+00 0.0000E+00 0.0000E+00 0.0000E+00 0.0000E+00 0.0000E+00 0.0000E+00 0.0000E+00 0.0000E+00 1.1611E-03 5.3443E-03 3.1021E-02 2.4370E-02 9.9716E-03 0
 0 4.5736E-03 1.2664E-02 8.4750E-03 1.0238E-02 1.0530E-02 1.3642E-02 0.0000E+00 0.0000E+00 0.0000E+00 0.0000E+00 0.0000E+00 0.0000E+00 0.0000E+00 0.0000E+00 0.0000E+00 0.0000E+00 0.0000E+00 0.0000E+00 9.5184E-04 5.5827E-03 2.9050E-02 2.7289E-02 1.0033E-02 0
 0 4.6155E-03 1.2385E-02 8.2633E-03 9.7037E-03 8.4303E-03 1.5363E-02 0.0000E+00 0.0000E+00 0.0000E+00 0.0000E+00 0.0000E+00 0.0000E+00 0.0000E+00 0.0000E+00 0.0000E+00 0.0000E+00 0.0000E+00 0.0000E+00 1.4647E-03 5.9777E-03 2.9299E-02 2.9472E-02 1.0055E-02 0
 0 4.6590E-03 1.1881E-02 7.9640E-03 9.7973E-03 9.5828E-03 1.4492E-02 0.0000E+00 0.0000E+00 0.0000E+00 0.0000E+00 0.0000E+00 0.0000E+00 0.0000E+00 0.0000E+00 0.0000E+00 0.0000E+00 0.0000E+00 0.0000E+00 1.2883E-03 6.2389E-03 2.7751E-02 3.6119E-02 9.8965E-03 0
 0 4.5288E-03 1.1446E-02 7.9829E-03 9.5106E-03 1.2084E-02 1.5987E-02 0.0000E+00 0.0000E+00 0.0000E+00 0.0000E+00 0.0000E+00 0.0000E+00 0.0000E+00 0.0000E+00 0.0000E+00 0.0000E+00 0.0000E+00 0.0000E+00 2.3673E-03 8.0638E-03 2.7639E-02 3.4541E-02 9.9899E-03 0
 0 4.4743E-03 1.1182E-02 8.6193E-03 9.4072E-03 1.1631E-02 1.5804E-02 0.0000E+00 0.0000E+00 0.0000E+00 0.0000E+00 0.0000E+00 0.0000E+00 0.0000E+00 0.0000E+00 0.0000E+00 0.0000E+00 0.0000E+00 0.0000E+00 2.3468E-03 6.7351E-03 2.8542E-02 3.7352E-02 9.9519E-03 0
 0 4.4987E-03 1.0911E-02 8.8606E-03 9.5827E-03 1.1609E-02 1.4830E-02 0.0000E+00 0.0000E+00 0.0000E+00 0.0000E+00 0.0000E+00 3.9255E-04 0.0000E+00 0.0000E+00 0.0000E+00 0.0000E+00 0.0000E+00 0.0000E+00 2.1252E-03 8.5274E-03 2.8593E-02 4.2079E-02 9.7148E-03 0
 0 4.5452E-03 1.0436E-02 8.9199E-03 9.4716E-03 1.1435E-02 1.5409E-02 0.0000E+00 0.0000E+00 0.0000E+00 0.0000E+00 0.0000E+00 2.2776E-03 0.0000E+00 0.0000E+00 0.0000E+00 0.0000E+00 0.0000E+00 0.0000E+00 2.7735E-03 6.6959E-03 2.7440E-02 4.1120E-02 9.9430E-03 0
 0 4.4026E-03 1.0378E-02 8.3901E-03 9.4696E-03 1.2583E-02 1.6417E-02 0.0000E+00 0.0000E+00 0.0000E+00 0.0000E+00 0.0000E+00 5.5086E-03 0.0000E+00 0.0000E+00 0.0000E+00 0.0000E+00 0.0000E+00 0.0000E+00 2.1211E-03 7.5088E-03 2.7045E-02 4.2459E-02 9.7429E-03 0
 0 4.4343E-03 1.0577E-02 9.0858E-03 9.5905E-03 1.2358E-02 1.5122E-02 0.0000E+00 0.0000E+00 0.0000E+00 0.0000E+00 0.0000E+00 3.7659E-03 0.0000E+00 0.0000E+00 0.0000E+00 0.0000E+00 0.0000E+00 0.0000E+00 2.2811E-03 7.5219E-03 2.7551E-02 4.2951E-02 9.5714E-03 0
 0 4.3944E-03 9.9747E-03 8.5613E-03 9.1634E-03 1.3530E-02 1.6635E-02 0.0000E+00 0.0000E+00 0.0000E+00 0.0000E+00 0.0000E+00 4.3137E-05 0.0000E+00 0.0000E+00 0.0000E+00 0.0000E+00 0.0000E+00 4.7165E-05 1.5919E-03 7.8027E-03 2.6590E-02 4.3934E-02 9.6147E-03 0
 0 4.4076E-03 9.6262E-03 9.2421E-03 9.0152E-03 1.2899E-02 1.6878E-02 0.0000E+00 0.0000E+00 0.0000E+00 0.0000E+00 0.0000E+00 1.3761E-03 0.0000E+00 0.0000E+00 0.0000E+00 0.0000E+00 0.0000E+00 1.5093E-04 2.4863E-03 8.2271E-03 2.5703E-02 4.3724E-02 9.4410E-03 0
 0 4.4058E-03 9.4598E-03 8.9442E-03 9.8188E-03 1.2194E-02 1.7044E-02 0.0000E+00 0.0000E+00 0.0000E+00 0.0000E+00 0.0000E+00 7.9372E-04 0.0000E+00 0.0000E+00 0.0000E+00 0.0000E+00 0.0000E+00 3.1695E-03 2.8719E-03 9.7745E-03 2.6121E-02 4.2788E-02 9.4236E-03 0
 0 4.3819E-03 9.2094E-03 9.4107E-03 9.8324E-03 1.2703E-02 1.7087E-02 0.0000E+00 0.0000E+00 0.0000E+00 0.0000E+00 0.0000E+00 1.3890E-03 0.0000E+00 0.0000E+00 0.0000E+00 0.0000E+00 0.0000E+00 5.4712E-03 3.6556E-03 8.2532E-03 2.2607E-02 4.1764E-02 9.1359E-03 0
 0 4.3673E-03 9.0153E-03 8.8148E-03 9.4345E-03 1.3369E-02 1.6766E-02 0.0000E+00 0.0000E+00 0.0000E+00 0.0000E+00 0.0000E+00 0.0000E+00 0.0000E+00 0.0000E+00 0.0000E+00 0.0000E+00 0.0000E+00 1.2263E-04 3.2453E-03 9.0661E-03 2.2261E-02 4.1702E-02 9.3204E-03 0
 0 4.3705E-03 8.5214E-03 9.4727E-03 9.6920E-03 1.3537E-02 1.8052E-02 0.0000E+00 0.0000E+00 0.0000E+00 0.0000E+00 0.0000E+00 5.8235E-04 0.0000E+00 0.0000E+00 0.0000E+00 0.0000E+00 0.0000E+00 0.0000E+00 3.5284E-03 8.8767E-03 2.1277E-02 4.0795E-02 9.1560E-03 0
 0 4.3967E-03 8.3940E-03 8.9577E-03 9.5535E-03 1.2632E-02 1.9146E-02 0.0000E+00 0.0000E+00 0.0000E+00 0.0000E+00 0.0000E+00 7.8941E-04 0.0000E+00 0.0000E+00 0.0000E+00 0.0000E+00 0.0000E+00 5.1882E-05 3.9181E-03 9.2522E-03 2.0377E-02 3.9479E-02 9.2793E-03 0
 0 4.3241E-03 8.2590E-03 8.9752E-03 9.2648E-03 1.3939E-02 1.7477E-02 0.0000E+00 0.0000E+00 0.0000E+00 0.0000E+00 0.0000E+00 3.3647E-04 0.0000E+00 0.0000E+00 0.0000E+00 0.0000E+00 0.0000E+00 5.0467E-04 2.9376E-03 9.1379E-03 1.8870E-02 3.7764E-02 9.1435E-03 0
 0 4.4147E-03 8.6113E-03 9.6385E-03 9.7602E-03 1.4083E-02 1.7442E-02 0.0000E+00 0.0000E+00 0.0000E+00 0.0000E+00 0.0000E+00 0.0000E+00 0.0000E+00 0.0000E+00 0.0000E+00 0.0000E+00 0.0000E+00 7.6408E-04 4.9356E-03 8.6645E-03 1.8469E-02 3.6715E-02 9.1154E-03 0
 0 4.3544E-03 8.0956E-03 1.0418E-02 9.6705E-03 1.3241E-02 2.0020E-02 0.0000E+00 0.0000E+00 0.0000E+00 0.0000E+00 0.0000E+00 0.0000E+00 0.0000E+00 0.0000E+00 0.0000E+00 0.0000E+00 0.0000E+00 3.8204E-04 3.8648E-03 8.1455E-03 1.8942E-02 3.4677E-02 9.0788E-03 0
 0 4.3842E-03 7.9540E-03 9.7828E-03 1.0043E-02 1.3503E-02 1.9842E-02 0.0000E+00 0.0000E+00 0.0000E+00 0.0000E+00 0.0000E+00 0.0000E+00 0.0000E+00 0.0000E+00 0.0000E+00 0.0000E+00 0.0000E+00 1.1084E-03 4.9561E-03 1.1933E-02 1.7459E-02 3.3234E-02 8.9541E-03 0
 0 4.3202E-03 7.9855E-03 1.0028E-02 1.0406E-02 1.4174E-02 1.6557E-02 0.0000E+00 0.0000E+00 0.0000E+00 0.0000E+00 0.0000E+00 0.0000E+00 0.0000E+00 0.0000E+00 0.0000E+00 0.0000E+00 0.0000E+00 1.4150E-04 4.0289E-03 9.4024E-03 1.6250E-02 3.2552E-02 8.8671E-03 0
 0 4.4350E-03 7.9352E-03 1.0117E-02 1.0226E-02 1.4196E-02 1.7119E-02 0.0000E+00 0.0000E+00 0.0000E+00 0.0000E+00 0.0000E+00 0.0000E+00 0.0000E+00 0.0000E+00 0.0000E+00 0.0000E+00 0.0000E+00 2.4526E-04 4.2628E-03 9.7321E-03 1.5475E-02 3.0820E-02 9.0895E-03 0
 0 4.4914E-03 7.5013E-03 1.0563E-02 1.0626E-02 1.4979E-02 1.7396E-02 0.0000E+00 0.0000E+00 0.0000E+00 0.0000E+00 0.0000E+00 0.0000E+00 0.0000E+00 0.0000E+00 0.0000E+00 0.0000E+00 0.0000E+00 3.4902E-04 5.1038E-03 1.0578E-02 1.5180E-02 2.9246E-02 9.0332E-03 0
 0 4.4967E-03 7.3476E-03 1.0127E-02 1.0371E-02 1.3941E-02 1.7113E-02 0.0000E+00 0.0000E+00 0.0000E+00 0.0000E+00 0.0000E+00 0.0000E+00 0.0000E+00 0.0000E+00 0.0000E+00 0.0000E+00 0.0000E+00 1.2876E-03 3.9468E-03 9.2979E-03 1.4488E-02 2.7349E-02 9.0930E-03 0
 0 4.4293E-03 7.2569E-03 1.0550E-02 1.0441E-02 1.4648E-02 1.8021E-02 2.0527E-04 0.0000E+00 0.0000E+00 0.0000E+00 0.0000E+00 0.0000E+00 0.0000E+00 0.0000E+00 0.0000E+00 0.0000E+00 0.0000E+00 6.3673E-04 4.6607E-03 1.1929E-02 1.3007E-02 2.7144E-02 8.9792E-03 0
 0 4.4962E-03 7.3319E-03 1.0113E-02 1.0679E-02 1.3520E-02 1.8525E-02 0.0000E+00 0.0000E+00 0.0000E+00 0.0000E+00 0.0000E+00 7.7647E-05 0.0000E+00 0.0000E+00 0.0000E+00 0.0000E+00 0.0000E+00 1.7970E-03 6.6793E-03 1.0793E-02 1.3379E-02 2.5420E-02 9.1560E-03 0
 0 4.6483E-03 7.2075E-03 1.0853E-02 1.0804E-02 1.4778E-02 1.9072E-02 4.3543E-05 0.0000E+00 0.0000E+00 0.0000E+00 0.0000E+00 0.0000E+00 0.0000E+00 0.0000E+00 0.0000E+00 0.0000E+00 0.0000E+00 1.4527E-03 6.9090E-03 9.5134E-03 1.2260E-02 2.4011E-02 9.1958E-03 0
 0 4.6326E-03 7.3401E-03 1.0960E-02 1.0823E-02 1.4369E-02 1.9585E-02 2.4881E-04 0.0000E+00 0.0000E+00 0.0000E+00 0.0000E+00 4.3137E-06 0.0000E+00 0.0000E+00 0.0000E+00 0.0000E+00 0.0000E+00 1.4668E-03 5.6167E-03 1.0581E-02 1.2738E-02 2.2335E-02 9.0886E-03 0
 0 4.6941E-03 7.1512E-03 1.1038E-02 1.0839E-02 1.4041E-02 1.8236E-02 9.0195E-05 0.0000E+00 0.0000E+00 0.0000E+00 0.0000E+00 1.9757E-03 0.0000E+00 0.0000E+00 0.0000E+00 0.0000E+00 0.0000E+00 6.6503E-04 7.2291E-03 1.1071E-02 1.0322E-02 2.2300E-02 9.2315E-03 0
 0 4.6982E-03 7.0013E-03 1.1123E-02 1.1247E-02 1.5402E-02 1.8611E-02 6.2204E-06 0.0000E+00 0.0000E+00 0.0000E+00 0.0000E+00 6.6862E-04 0.0000E+00 0.0000E+00 0.0000E+00 0.0000E+00 0.0000E+00 6.4616E-04 7.8486E-03 9.6440E-03 1.1074E-02 2.1162E-02 9.2244E-03 0
 0 4.6230E-03 6.9579E-03 1.1142E-02 1.1289E-02 1.4736E-02 1.9817E-02 0.0000E+00 0.0000E+00 0.0000E+00 0.0000E+00 0.0000E+00 1.0353E-04 0.0000E+00 0.0000E+00 0.0000E+00 0.0000E+00 0.0000E+00 2.3960E-03 7.5121E-03 1.0871E-02 1.0953E-02 1.9877E-02 9.2261E-03 0
 0 4.7551E-03 7.2232E-03 1.1521E-02 1.1592E-02 1.3652E-02 1.8173E-02 1.5551E-05 0.0000E+00 0.0000E+00 0.0000E+00 0.0000E+00 1.1345E-03 0.0000E+00 0.0000E+00 0.0000E+00 0.0000E+00 0.0000E+00 1.9762E-03 8.1563E-03 1.0578E-02 9.5605E-03 1.8969E-02 9.2105E-03 0
 0 4.7221E-03 7.2052E-03 1.1240E-02 1.2001E-02 1.5245E-02 1.8488E-02 8.0865E-05 2.8786E-05 0.0000E+00 0.0000E+00 0.0000E+00 1.0957E-03 0.0000E+00 0.0000E+00 0.0000E+00 0.0000E+00 0.0000E+00 1.8064E-03 8.8004E-03 1.1283E-02 9.2634E-03 1.7522E-02 9.3508E-03 0
 0 4.7287E-03 7.2719E-03 1.1922E-02 1.1865E-02 1.5047E-02 1.8954E-02 3.2035E-04 7.0365E-05 0.0000E+00 0.0000E+00 0.0000E+00 3.9255E-04 0.0000E+00 0.0000E+00 0.0000E+00 0.0000E+00 0.0000E+00 2.2639E-03 8.9112E-03 9.3991E-03 1.0055E-02 1.7396E-02 9.4026E-03 0
 0 4.8705E-03 6.9181E-03 1.2197E-02 1.1717E-02 1.5674E-02 2.0086E-02 3.9810E-04 0.0000E+00 0.0000E+00 0.0000E+00 0.0000E+00 6.6431E-04 0.0000E+00 0.0000E+00 0.0000E+00 0.0000E+00 0.0000E+00 2.6554E-03 9.8999E-03 1.1240E-02 8.5183E-03 1.6035E-02 9.4240E-03 0
 0 4.9566E-03 7.2682E-03 1.1669E-02 1.2175E-02 1.4015E-02 2.0189E-02 2.8614E-04 0.0000E+00 0.0000E+00 0.0000E+00 0.0000E+00 1.0871E-03 0.0000E+00 0.0000E+00 0.0000E+00 0.0000E+00 0.0000E+00 3.4100E-03 1.0171E-02 1.0411E-02 7.7361E-03 1.5839E-02 9.5379E-03 0
 0 4.9618E-03 7.1910E-03 1.2343E-02 1.2245E-02 1.5436E-02 1.8808E-02 4.6342E-04 7.6762E-05 0.0000E+00 0.0000E+00 2.4676E-04 1.4235E-03 0.0000E+00 0.0000E+00 0.0000E+00 0.0000E+00 0.0000E+00 6.4616E-03 1.0577E-02 1.1152E-02 7.8522E-03 1.4973E-02 9.6210E-03 0
 0 4.9322E-03 7.0965E-03 1.2431E-02 1.2577E-02 1.5980E-02 2.0232E-02 6.9046E-04 8.9556E-05 0.0000E+00 0.0000E+00 8.8520E-04 1.3157E-03 0.0000E+00 0.0000E+00 0.0000E+00 0.0000E+00 0.0000E+00 4.3769E-03 1.0294E-02 1.1492E-02 8.0448E-03 1.4461E-02 9.7961E-03 0
 0 5.0267E-03 7.0823E-03 1.2611E-02 1.2620E-02 1.5811E-02 1.8857E-02 8.6152E-04 2.3668E-04 0.0000E+00 0.0000E+00 3.7993E-04 1.3976E-03 0.0000E+00 0.0000E+00 0.0000E+00 0.0000E+00 0.0000E+00 6.5843E-03 1.1890E-02 1.0871E-02 7.7709E-03 1.3953E-02 9.8948E-03 0
 0 5.1269E-03 7.5155E-03 1.2622E-02 1.3357E-02 1.6259E-02 2.0232E-02 1.1788E-03 2.7506E-04 0.0000E+00 0.0000E+00 1.2025E-03 1.4020E-03 0.0000E+00 0.0000E+00 0.0000E+00 0.0000E+00 0.0000E+00 5.4334E-03 1.0856E-02 1.2053E-02 7.3856E-03 1.3227E-02 9.9394E-03 0
 0 5.1016E-03 7.4833E-03 1.3290E-02 1.3055E-02 1.5395E-02 2.0206E-02 1.4400E-03 1.8871E-04 0.0000E+00 0.0000E+00 8.5778E-04 8.6274E-04 0.0000E+00 0.0000E+00 0.0000E+00 0.0000E+00 0.0000E+00 6.6786E-03 1.0757E-02 1.1547E-02 6.8146E-03 1.2602E-02 1.0054E-02 0
 0 5.1676E-03 7.4031E-03 1.2792E-02 1.2930E-02 1.5921E-02 1.9882E-02 1.5240E-03 8.3159E-05 0.0000E+00 0.0000E+00 1.2181E-03 5.2627E-04 0.0000E+00 0.0000E+00 0.0000E+00 0.0000E+00 0.0000E+00 8.1832E-03 1.2099E-02 1.1113E-02 7.6224E-03 1.2041E-02 1.0213E-02 0
 0 5.3336E-03 7.3776E-03 1.3139E-02 1.3694E-02 1.5906E-02 1.9739E-02 1.9967E-03 2.1749E-04 6.5886E-06 0.0000E+00 1.4061E-03 7.2902E-04 0.0000E+00 0.0000E+00 0.0000E+00 0.0000E+00 9.9849E-05 1.1037E-02 1.2476E-02 1.2011E-02 7.0003E-03 1.1836E-02 1.0447E-02 0
 0 5.3441E-03 7.4833E-03 1.3606E-02 1.3571E-02 1.5561E-02 2.1243E-02 1.2565E-03 3.7422E-04 1.3507E-04 0.0000E+00 1.2847E-03 9.6196E-04 0.0000E+00 0.0000E+00 0.0000E+00 0.0000E+00 0.0000E+00 9.1784E-03 1.3736E-02 1.0953E-02 6.2529E-03 1.1522E-02 1.0533E-02 0
 0 5.4208E-03 7.8161E-03 1.3393E-02 1.4418E-02 1.6985E-02 2.0229E-02 2.6094E-03 6.3329E-04 6.5886E-06 0.0000E+00 9.8312E-04 1.2035E-03 0.0000E+00 0.0000E+00 0.0000E+00 0.0000E+00 3.5446E-04 1.1136E-02 1.4926E-02 1.1880E-02 6.2947E-03 1.1296E-02 1.0806E-02 0
 0 5.4581E-03 7.9000E-03 1.3721E-02 1.4558E-02 1.5666E-02 2.0452E-02 3.0324E-03 6.3009E-04 1.6801E-04 0.0000E+00 1.3004E-03 6.0392E-04 0.0000E+00 0.0000E+00 0.0000E+00 0.0000E+00 4.0938E-04 9.1736E-03 1.5110E-02 1.1502E-02 6.4665E-03 1.0629E-02 1.0892E-02 0
 0 5.5162E-03 7.7966E-03 1.3844E-02 1.4607E-02 1.6239E-02 2.1286E-02 3.2377E-03 9.1155E-04 2.1413E-04 0.0000E+00 2.2561E-03 8.4117E-04 0.0000E+00 1.2581E-03 0.0000E+00 0.0000E+00 7.2890E-04 1.0051E-02 1.5032E-02 1.1795E-02 5.9210E-03 1.0579E-02 1.0715E-02 0
 0 5.6617E-03 7.7509E-03 1.4356E-02 1.4759E-02 1.6694E-02 2.0289E-02 3.2284E-03 1.5224E-03 0.0000E+00 0.0000E+00 4.6257E-03 1.6090E-03 0.0000E+00 2.0002E-03 2.2359E-03 0.0000E+00 6.9395E-04 9.4048E-03 1.4310E-02 1.1981E-02 6.5779E-03 1.0127E-02 1.1120E-02 0
 0 5.6690E-03 8.0035E-03 1.4448E-02 1.5153E-02 1.6383E-02 2.1257E-02 4.5004E-03 9.9151E-04 9.5535E-05 0.0000E+00 4.3711E-03 1.3718E-03 0.0000E+00 2.5850E-03 0.0000E+00 0.0000E+00 1.0983E-03 1.2697E-02 1.7039E-02 1.2905E-02 5.7562E-03 1.0153E-02 1.1319E-02 0
 0 5.7127E-03 8.2388E-03 1.4708E-02 1.5391E-02 1.6650E-02 2.2308E-02 5.3775E-03 1.3433E-03 4.9415E-04 0.0000E+00 4.5161E-03 1.5270E-03 0.0000E+00 2.9978E-04 3.3363E-03 0.0000E+00 3.0454E-03 1.4315E-02 1.6555E-02 1.1005E-02 5.4058E-03 9.5694E-03 1.1544E-02 0
 0 5.9775E-03 8.4352E-03 1.5191E-02 1.5257E-02 1.7494E-02 2.2033E-02 6.4474E-03 1.9670E-03 3.3602E-04 0.0000E+00 5.2642E-03 2.1396E-03 0.0000E+00 2.3343E-03 3.0650E-03 0.0000E+00 5.5067E-03 1.3414E-02 1.7063E-02 1.1916E-02 6.0905E-03 9.4522E-03 1.1823E-02 0
 0 5.8948E-03 8.1706E-03 1.5216E-02 1.5811E-02 1.7357E-02 2.1612E-02 7.1876E-03 2.2933E-03 5.7321E-04 0.0000E+00 6.8622E-03 2.3553E-03 0.0000E+00 2.1378E-03 2.3213E-03 0.0000E+00 6.2456E-03 1.3584E-02 1.7790E-02 1.2266E-02 5.5218E-03 9.3121E-03 1.1886E-02 0
 0 6.0005E-03 8.6001E-03 1.5448E-02 1.5941E-02 1.7671E-02 2.1850E-02 7.5764E-03 2.6195E-03 7.7416E-04 0.0000E+00 5.6363E-03 2.4329E-03 0.0000E+00 2.5899E-03 4.8537E-03 0.0000E+00 7.2540E-03 1.6206E-02 1.9250E-02 1.1900E-02 5.9350E-03 8.7420E-03 1.2014E-02 0
 0 6.1243E-03 8.7140E-03 1.6186E-02 1.6722E-02 1.8150E-02 2.2426E-02 8.7614E-03 3.2944E-03 7.2145E-04 0.0000E+00 7.7944E-03 2.9851E-03 0.0000E+00 4.2313E-03 7.1700E-03 0.0000E+00 7.2840E-03 1.3999E-02 1.8717E-02 1.2690E-02 5.2038E-03 9.2352E-03 1.2043E-02 0
 0 6.2081E-03 9.2147E-03 1.6261E-02 1.6922E-02 1.8209E-02 2.1541E-02 1.1747E-02 4.5801E-03 1.1892E-03 0.0000E+00 8.0529E-03 3.0843E-03 0.0000E+00 5.0225E-03 5.6677E-03 0.0000E+00 6.7548E-03 1.6687E-02 2.1002E-02 1.2703E-02 5.1922E-03 8.9644E-03 1.2211E-02 0
 0 6.2493E-03 9.1113E-03 1.6609E-02 1.7229E-02 1.8109E-02 2.1566E-02 1.1057E-02 4.6793E-03 2.0128E-03 0.0000E+00 1.0117E-02 3.8866E-03 0.0000E+00 2.7226E-03 8.2604E-03 0.0000E+00 9.7453E-03 1.9390E-02 2.0165E-02 1.3343E-02 5.4777E-03 8.8377E-03 1.2599E-02 0
 0 6.2696E-03 9.3001E-03 1.6769E-02 1.7217E-02 1.8458E-02 2.2139E-02 1.3318E-02 5.3478E-03 1.9799E-03 0.0000E+00 6.9288E-03 4.4302E-03 0.0000E+00 6.5853E-03 5.0647E-03 0.0000E+00 1.3475E-02 2.1507E-02 2.1597E-02 1.2576E-02 5.3547E-03 8.6140E-03 1.3047E-02 0
 0 6.5870E-03 9.5527E-03 1.6765E-02 1.7601E-02 1.8456E-02 2.3222E-02 1.4326E-02 6.8574E-03 2.9451E-03 0.0000E+00 8.5778E-03 5.2023E-03 0.0000E+00 5.3715E-03 5.5773E-03 0.0000E+00 1.3934E-02 1.8423E-02 2.0858E-02 1.3650E-02 5.5497E-03 8.7582E-03 1.2819E-02 0
 0 6.4825E-03 9.7746E-03 1.6966E-02 1.7995E-02 1.8879E-02 2.3926E-02 1.5196E-02 7.3436E-03 3.4162E-03 0.0000E+00 9.7058E-03 7.0227E-03 0.0000E+00 6.6345E-03 6.6626E-03 0.0000E+00 1.0973E-02 2.2521E-02 2.2143E-02 1.3738E-02 5.2317E-03 8.2838E-03 1.3237E-02 0
 0 6.7395E-03 9.7356E-03 1.7530E-02 1.8235E-02 1.8578E-02 2.4834E-02 1.8565E-02 9.6017E-03 3.5216E-03 0.0000E+00 1.0626E-02 6.5353E-03 0.0000E+00 6.3887E-03 5.8385E-03 0.0000E+00 1.4528E-02 2.2092E-02 2.1605E-02 1.4250E-02 5.1806E-03 8.3782E-03 1.3153E-02 0
 0 6.7616E-03 1.0526E-02 1.7359E-02 1.8949E-02 1.9878E-02 2.3588E-02 2.1653E-02 1.0587E-02 4.6483E-03 0.0000E+00 8.9616E-03 7.4066E-03 0.0000E+00 1.1672E-02 3.6629E-03 0.0000E+00 1.4423E-02 2.2271E-02 2.2426E-02 1.2706E-02 5.3384E-03 8.4294E-03 1.3544E-02 0
 0 6.7896E-03 1.0269E-02 1.8212E-02 1.8461E-02 1.9513E-02 2.3806E-02 1.9541E-02 1.1223E-02 6.2526E-03 0.0000E+00 8.3310E-03 6.9105E-03 0.0000E+00 1.5706E-02 7.3258E-03 0.0000E+00 1.3450E-02 2.4031E-02 2.2565E-02 1.4322E-02 5.3060E-03 8.3970E-03 1.3944E-02 0
 0 6.9046E-03 1.0560E-02 1.8376E-02 1.9454E-02 1.9966E-02 2.3892E-02 2.0984E-02 1.2826E-02 6.2328E-03 0.0000E+00 1.0599E-02 8.4117E-03 0.0000E+00 1.9761E-02 3.2961E-03 0.0000E+00 1.8237E-02 2.3880E-02 2.2048E-02 1.3222E-02 5.4615E-03 8.3229E-03 1.4008E-02 0
 0 7.0360E-03 1.0969E-02 1.8620E-02 1.9671E-02 2.0404E-02 2.5327E-02 2.5121E-02 1.4396E-02 7.9129E-03 3.5540E-06 1.2036E-02 9.6497E-03 0.0000E+00 1.8975E-02 4.4919E-03 0.0000E+00 1.7848E-02 2.3106E-02 2.5224E-02 1.3715E-02 5.0158E-03 8.4145E-03 1.4208E-02 0
 0 7.1575E-03 1.0970E-02 1.8914E-02 1.9753E-02 2.0406E-02 2.3173E-02 2.6486E-02 1.6462E-02 9.2175E-03 2.1324E-05 1.3149E-02 9.9776E-03 0.0000E+00 2.1383E-02 3.1052E-03 0.0000E+00 1.8078E-02 3.0238E-02 2.2934E-02 1.4133E-02 5.2502E-03 8.0884E-03 1.4442E-02 0
 0 7.1544E-03 1.1345E-02 1.9402E-02 2.0564E-02 2.0957E-02 2.5356E-02 2.8670E-02 1.8042E-02 1.1632E-02 1.7770E-05 1.6125E-02 1.2212E-02 0.0000E+00 2.6720E-02 2.3766E-03 0.0000E+00 1.7484E-02 2.8252E-02 2.4801E-02 1.4319E-02 5.5265E-03 8.4914E-03 1.4437E-02 0
 0 7.2370E-03 1.1729E-02 1.9504E-02 2.1069E-02 2.1221E-02 2.4663E-02 3.2178E-02 2.0435E-02 1.2452E-02 0.0000E+00 1.4555E-02 1.3053E-02 2.3355E-05 2.2085E-02 5.6174E-03 0.0000E+00 2.0100E-02 2.6568E-02 2.6085E-02 1.3728E-02 5.2386E-03 8.7514E-03 1.5006E-02 0
 0 7.4906E-03 1.1693E-02 2.0063E-02 2.1186E-02 2.2396E-02 2.4806E-02 3.4153E-02 2.3656E-02 1.4175E-02 7.1080E-06 1.6572E-02 1.5538E-02 4.6709E-05 3.4907E-02 3.1001E-03 0.0000E+00 2.2801E-02 2.8403E-02 2.5999E-02 1.3731E-02 5.1203E-03 8.3323E-03 1.5254E-02 0
 0 7.5571E-03 1.2382E-02 2.0273E-02 2.1627E-02 2.1456E-02 2.4118E-02 3.3142E-02 2.5661E-02 1.7035E-02 1.2794E-04 1.9968E-02 1.5374E-02 2.1953E-04 3.5556E-02 4.9894E-03 0.0000E+00 1.7728E-02 3.2780E-02 2.7792E-02 1.4280E-02 5.1435E-03 8.4725E-03 1.5330E-02 0
 0 7.7183E-03 1.2667E-02 2.0303E-02 2.1892E-02 2.2621E-02 2.5109E-02 3.6585E-02 2.7369E-02 1.7911E-02 1.1373E-04 2.1217E-02 1.9386E-02 3.2229E-04 4.2706E-02 2.4821E-03 0.0000E+00 2.0933E-02 3.4629E-02 2.7944E-02 1.5259E-02 5.5822E-03 8.3687E-03 1.5709E-02 0
 0 7.8281E-03 1.2657E-02 2.1119E-02 2.1506E-02 2.2976E-02 2.4906E-02 3.8523E-02 3.0673E-02 2.1387E-02 4.6913E-04 1.9893E-02 1.8281E-02 7.8472E-04 3.3148E-02 7.9438E-03 0.0000E+00 2.2815E-02 3.7558E-02 2.7759E-02 1.4593E-02 5.7748E-03 8.6261E-03 1.5871E-02 0
 0 7.8725E-03 1.2869E-02 2.1001E-02 2.2358E-02 2.1593E-02 2.5940E-02 3.9876E-02 3.3363E-02 2.2457E-02 6.6815E-04 2.2122E-02 1.9351E-02 1.0790E-03 3.9168E-02 7.9338E-03 0.0000E+00 1.8936E-02 3.5841E-02 3.0061E-02 1.4659E-02 5.5706E-03 8.7447E-03 1.6053E-02 0
 0 8.0740E-03 1.3259E-02 2.1224E-02 2.3100E-02 2.3235E-02 2.6212E-02 4.2700E-02 3.3807E-02 2.5458E-02 9.3826E-04 2.2917E-02 2.1042E-02 2.1019E-03 4.8545E-02 1.0341E-02 0.0000E+00 2.3959E-02 3.4539E-02 2.8805E-02 1.4936E-02 5.2711E-03 8.8606E-03 1.6228E-02 0
 0 8.0862E-03 1.3743E-02 2.2054E-02 2.2988E-02 2.3845E-02 2.6384E-02 4.5754E-02 3.6638E-02 3.0868E-02 1.5602E-03 2.4496E-02 2.3393E-02 3.7181E-03 3.8308E-02 9.2100E-03 0.0000E+00 1.9256E-02 4.1425E-02 3.1427E-02 1.4930E-02 6.0464E-03 8.5156E-03 1.6884E-02 0
 0 8.1293E-03 1.4069E-02 2.2118E-02 2.3942E-02 2.3071E-02 2.7002E-02 4.7458E-02 3.8311E-02 3.2479E-02 2.2746E-03 2.5259E-02 2.6620E-02 4.2552E-03 4.6579E-02 7.1298E-03 0.0000E+00 2.1537E-02 3.7520E-02 2.9893E-02 1.6075E-02 5.8305E-03 8.7366E-03 1.6753E-02 0
 0 8.3276E-03 1.4558E-02 2.2262E-02 2.3868E-02 2.4175E-02 2.6186E-02 5.1265E-02 4.2852E-02 3.5262E-02 4.2328E-03 2.6227E-02 2.6098E-02 5.9554E-03 4.5576E-02 8.6020E-03 0.0000E+00 1.9785E-02 3.9741E-02 3.3442E-02 1.6928E-02 5.9048E-03 9.1490E-03 1.7044E-02 0
 0 8.4608E-03 1.4669E-02 2.3142E-02 2.4937E-02 2.3637E-02 2.7080E-02 5.5610E-02 4.6665E-02 3.7773E-02 4.6806E-03 2.8651E-02 2.7375E-02 9.1457E-03 4.0632E-02 9.0693E-03 0.0000E+00 2.1712E-02 3.9058E-02 3.2371E-02 1.5305E-02 5.6866E-03 9.1449E-03 1.7442E-02 0
 0 8.5648E-03 1.5310E-02 2.3660E-02 2.4726E-02 2.4752E-02 2.7601E-02 5.5962E-02 4.9080E-02 4.0299E-02 6.9658E-03 2.8432E-02 2.8151E-02 1.2616E-02 4.1016E-02 5.8436E-03 0.0000E+00 2.1323E-02 3.9675E-02 3.2855E-02 1.5644E-02 5.9396E-03 9.0156E-03 1.7265E-02 0
 0 8.6482E-03 1.5416E-02 2.3635E-02 2.5317E-02 2.5249E-02 2.7750E-02 5.6755E-02 5.1344E-02 4.3073E-02 9.5567E-03 2.9803E-02 2.8850E-02 1.5825E-02 3.8662E-02 9.4009E-03 0.0000E+00 2.0494E-02 4.0576E-02 3.3458E-02 1.6748E-02 5.9930E-03 9.2069E-03 1.7642E-02 0
 0 8.7192E-03 1.6060E-02 2.4239E-02 2.5596E-02 2.5653E-02 2.8019E-02 5.8126E-02 5.2534E-02 4.4803E-02 1.2809E-02 3.0817E-02 3.2297E-02 2.3985E-02 4.1719E-02 8.6322E-03 0.0000E+00 1.9451E-02 4.1015E-02 3.5234E-02 1.7172E-02 6.6359E-03 9.6422E-03 1.7865E-02 0
 0 8.7722E-03 1.6349E-02 2.4860E-02 2.5996E-02 2.5687E-02 2.8326E-02 6.2851E-02 5.5480E-02 5.0307E-02 1.6196E-02 3.3171E-02 3.2616E-02 2.8324E-02 5.0412E-02 7.2956E-03 0.0000E+00 1.9610E-02 4.3298E-02 3.3015E-02 1.6167E-02 6.3319E-03 1.0006E-02 1.8365E-02 0
 0 8.9667E-03 1.6619E-02 2.5056E-02 2.6614E-02 2.5660E-02 2.8741E-02 6.2851E-02 5.6311E-02 5.2162E-02 2.2042E-02 3.3665E-02 3.5019E-02 3.7003E-02 4.0696E-02 5.2507E-03 0.0000E+00 2.3874E-02 4.4232E-02 3.4041E-02 1.7381E-02 6.2367E-03 1.0016E-02 1.8248E-02 0
 0 9.0878E-03 1.7187E-02 2.5107E-02 2.7003E-02 2.6810E-02 2.7776E-02 6.4477E-02 6.0070E-02 5.6797E-02 2.7320E-02 3.1107E-02 3.7344E-02 4.3570E-02 4.4402E-02 8.1347E-03 0.0000E+00 1.7988E-02 4.4175E-02 3.4631E-02 1.7326E-02 6.7821E-03 1.0327E-02 1.8703E-02 0
 0 9.2713E-03 1.7456E-02 2.6011E-02 2.7947E-02 2.6531E-02 2.9892E-02 6.6524E-02 6.1918E-02 6.1073E-02 3.2878E-02 3.5279E-02 3.9742E-02 5.0423E-02 4.8196E-02 5.3562E-03 0.0000E+00 2.0189E-02 4.5354E-02 3.5050E-02 1.7156E-02 6.7752E-03 1.0086E-02 1.8917E-02 0
 0 9.2613E-03 1.7801E-02 2.5662E-02 2.7674E-02 2.7542E-02 2.9108E-02 7.0085E-02 6.8513E-02 6.4055E-02 3.8255E-02 3.5330E-02 3.9104E-02 6.0348E-02 4.2544E-02 8.7176E-03 0.0000E+00 1.8327E-02 4.5830E-02 3.5735E-02 1.7296E-02 6.7566E-03 1.0498E-02 1.9219E-02 0
 0 9.3984E-03 1.8414E-02 2.6270E-02 2.8920E-02 2.7674E-02 2.9534E-02 6.9251E-02 6.9342E-02 6.8027E-02 4.7414E-02 3.7750E-02 4.1627E-02 6.5804E-02 4.5124E-02 1.1265E-02 0.0000E+00 1.8217E-02 4.9377E-02 3.5755E-02 1.8237E-02 7.0955E-03 1.1013E-02 1.9387E-02 0
 0 9.6217E-03 1.8616E-02 2.7334E-02 2.8668E-02 2.7983E-02 2.9397E-02 7.0915E-02 7.1498E-02 6.7784E-02 5.2823E-02 3.8428E-02 4.3957E-02 7.5356E-02 4.5016E-02 8.5669E-03 0.0000E+00 1.9720E-02 4.6076E-02 3.7011E-02 1.8961E-02 6.9818E-03 1.1211E-02 1.9561E-02 0
 0 9.7916E-03 1.8992E-02 2.7651E-02 2.9731E-02 2.9169E-02 3.1396E-02 7.2480E-02 7.5342E-02 7.4178E-02 5.7660E-02 4.0508E-02 4.1933E-02 8.6010E-02 4.0529E-02 8.8683E-03 0.0000E+00 1.6375E-02 4.6920E-02 3.5821E-02 1.8289E-02 7.3717E-03 1.1344E-02 1.9671E-02 0
 0 9.9008E-03 1.9111E-02 2.8104E-02 2.9848E-02 2.8917E-02 3.1213E-02 7.5462E-02 7.8006E-02 7.4698E-02 6.6989E-02 4.4628E-02 4.5742E-02 1.0131E-01 4.6176E-02 7.0494E-03 0.0000E+00 1.6136E-02 4.8354E-02 3.7171E-02 1.8550E-02 7.7152E-03 1.1080E-02 1.9991E-02 0
 0 9.8724E-03 2.0159E-02 2.7966E-02 3.0032E-02 3.0209E-02 3.1662E-02 7.6451E-02 7.9359E-02 7.3081E-02 7.7566E-02 4.2799E-02 4.5941E-02 9.9070E-02 4.1124E-02 9.5718E-03 0.0000E+00 1.6400E-02 4.8137E-02 3.6071E-02 1.8468E-02 7.6781E-03 1.1669E-02 2.0196E-02 0
 0 1.0092E-02 2.0407E-02 2.8403E-02 3.1005E-02 3.0300E-02 3.1963E-02 7.9017E-02 8.3533E-02 8.0375E-02 8.4489E-02 4.4009E-02 4.8434E-02 1.1108E-01 4.2131E-02 6.9540E-03 0.0000E+00 1.7259E-02 4.8580E-02 3.7622E-02 1.8589E-02 7.7663E-03 1.2145E-02 2.0671E-02 0
 0 1.0211E-02 2.0703E-02 2.9418E-02 3.0905E-02 2.9967E-02 3.1112E-02 7.7136E-02 8.3178E-02 7.8592E-02 9.4174E-02 4.5952E-02 5.0401E-02 1.1438E-01 3.9831E-02 7.5017E-03 0.0000E+00 1.5472E-02 5.0929E-02 3.7372E-02 1.8495E-02 7.8011E-03 1.2110E-02 2.0794E-02 0
 0 1.0250E-02 2.1594E-02 2.9346E-02 3.2136E-02 3.0420E-02 3.1840E-02 7.8003E-02 8.6070E-02 8.5945E-02 9.7472E-02 4.5909E-02 5.0923E-02 1.2054E-01 3.7836E-02 1.0632E-02 0.0000E+00 1.6066E-02 4.8429E-02 3.7023E-02 1.9996E-02 8.2026E-03 1.2453E-02 2.0714E-02 0
 0 1.0363E-02 2.1830E-02 3.0494E-02 3.2288E-02 3.1670E-02 3.2184E-02 7.8013E-02 8.8238E-02 8.6377E-02 1.0305E-01 4.9234E-02 5.2851E-02 1.2432E-01 4.0903E-02 8.6221E-03 0.0000E+00 1.5866E-02 5.0684E-02 3.7983E-02 1.9530E-02 8.6808E-03 1.3069E-02 2.0996E-02 0
 0 1.0361E-02 2.1924E-02 3.0283E-02 3.3076E-02 3.1457E-02 3.2633E-02 8.6373E-02 8.9220E-02 8.9905E-02 1.1178E-01 5.0503E-02 5.3542E-02 1.2980E-01 4.0858E-02 8.7779E-03 0.0000E+00 1.6720E-02 5.0693E-02 3.7909E-02 2.0685E-02 8.9477E-03 1.3416E-02 2.1266E-02 0
 0 1.0553E-02 2.2876E-02 3.0264E-02 3.3047E-02 3.2417E-02 3.3899E-02 8.2488E-02 9.1222E-02 9.3236E-02 1.1565E-01 4.8764E-02 5.9684E-02 1.3030E-01 3.8362E-02 8.1548E-03 0.0000E+00 1.4114E-02 4.9722E-02 3.7557E-02 2.0535E-02 9.0336E-03 1.3302E-02 2.1635E-02 0
 0 1.0611E-02 2.3417E-02 3.1055E-02 3.3546E-02 3.2914E-02 3.3681E-02 8.6273E-02 9.4261E-02 9.4309E-02 1.1606E-01 5.3707E-02 5.8494E-02 1.3144E-01 3.5394E-02 8.4814E-03 0.0000E+00 1.4793E-02 5.2278E-02 3.9304E-02 2.0303E-02 8.9222E-03 1.3748E-02 2.1812E-02 0
 0 1.0774E-02 2.4108E-02 3.1818E-02 3.4042E-02 3.3261E-02 3.3830E-02 8.5617E-02 9.3950E-02 9.3789E-02 1.2852E-01 5.2736E-02 5.8550E-02 1.3250E-01 3.3762E-02 7.1650E-03 0.0000E+00 1.4323E-02 5.2014E-02 4.0355E-02 2.0153E-02 9.4862E-03 1.4534E-02 2.1932E-02 0
 0 1.0890E-02 2.4288E-02 3.2089E-02 3.5321E-02 3.3951E-02 3.4406E-02 8.5204E-02 9.5921E-02 9.4965E-02 1.2736E-01 5.2426E-02 5.8753E-02 1.2924E-01 3.4121E-02 7.5067E-03 0.0000E+00 1.4483E-02 4.9778E-02 3.9772E-02 2.0274E-02 9.6324E-03 1.4449E-02 2.1894E-02 0
 0 1.0987E-02 2.4959E-02 3.1859E-02 3.4469E-02 3.3648E-02 3.4707E-02 8.6429E-02 9.6532E-02 9.9877E-02 1.3046E-01 5.5485E-02 6.1841E-02 1.3045E-01 3.4018E-02 9.8431E-03 0.0000E+00 1.6245E-02 5.5787E-02 4.1294E-02 2.0378E-02 9.8065E-03 1.5154E-02 2.2394E-02 0
 0 1.1105E-02 2.4878E-02 3.3571E-02 3.4738E-02 3.4957E-02 3.6036E-02 9.0236E-02 9.7821E-02 9.9505E-02 1.3285E-01 5.4800E-02 5.8166E-02 1.2591E-01 3.2981E-02 7.6675E-03 0.0000E+00 1.4688E-02 5.2353E-02 4.1097E-02 2.2017E-02 1.0289E-02 1.5050E-02 2.2320E-02 0
 0 1.1248E-02 2.5481E-02 3.3703E-02 3.5600E-02 3.6254E-02 3.5202E-02 8.6528E-02 9.7360E-02 1.0031E-01 1.3538E-01 5.6535E-02 6.2290E-02 1.2859E-01 3.6696E-02 8.8533E-03 0.0000E+00 1.4448E-02 4.9920E-02 4.2775E-02 2.1736E-02 1.0712E-02 1.5684E-02 2.2372E-02 0
 0 1.1262E-02 2.6307E-02 3.3971E-02 3.6517E-02 3.5532E-02 3.5234E-02 8.6575E-02 9.8156E-02 1.0096E-01 1.3479E-01 5.8564E-02 6.2281E-02 1.1807E-01 3.1226E-02 7.3710E-03 0.0000E+00 1.4608E-02 5.2816E-02 4.0174E-02 2.0842E-02 1.0948E-02 1.6201E-02 2.2618E-02 0
 0 1.1317E-02 2.6670E-02 3.4455E-02 3.7248E-02 3.7132E-02 3.6411E-02 8.5981E-02 1.0140E-01 1.0008E-01 1.3316E-01 5.8129E-02 6.2605E-02 1.2071E-01 2.7167E-02 7.8936E-03 0.0000E+00 1.2905E-02 5.2089E-02 4.1159E-02 2.2145E-02 1.1438E-02 1.6715E-02 2.2815E-02 0
 0 1.1385E-02 2.7462E-02 3.5503E-02 3.7615E-02 3.6234E-02 3.6929E-02 8.9797E-02 1.0151E-01 1.0250E-01 1.3762E-01 5.9571E-02 6.2501E-02 1.1675E-01 2.9762E-02 7.9488E-03 0.0000E+00 1.5227E-02 5.4504E-02 4.0855E-02 2.2990E-02 1.1394E-02 1.6760E-02 2.2848E-02 0
 0 1.1436E-02 2.7811E-02 3.4760E-02 3.8760E-02 3.7996E-02 3.7001E-02 8.5894E-02 1.0410E-01 1.0310E-01 1.3010E-01 5.8850E-02 6.2713E-02 1.1018E-01 3.0361E-02 9.0542E-03 0.0000E+00 1.4848E-02 5.2655E-02 4.1233E-02 2.1890E-02 1.1494E-02 1.7518E-02 2.3330E-02 0
 0 1.1698E-02 2.7989E-02 3.5940E-02 3.9273E-02 3.7908E-02 3.7379E-02 8.9480E-02 1.0147E-01 1.0545E-01 1.3369E-01 6.1224E-02 6.5111E-02 1.0698E-01 2.7978E-02 7.5720E-03 0.0000E+00 1.2706E-02 5.1316E-02 4.1528E-02 2.3033E-02 1.1947E-02 1.8255E-02 2.3528E-02 0
 0 1.1849E-02 2.8543E-02 3.6284E-02 3.9066E-02 3.9139E-02 3.7224E-02 8.9066E-02 1.0141E-01 1.0224E-01 1.3602E-01 6.3816E-02 6.5482E-02 1.0236E-01 2.8872E-02 7.8885E-03 0.0000E+00 1.2816E-02 5.2924E-02 4.2837E-02 2.3068E-02 1.2374E-02 1.8555E-02 2.3198E-02 0
 0 1.1909E-02 2.9084E-02 3.7414E-02 4.0008E-02 3.9281E-02 3.8101E-02 8.8880E-02 1.0358E-01 1.0221E-01 1.2944E-01 6.3860E-02 6.6176E-02 9.9430E-02 2.2474E-02 6.2907E-03 0.0000E+00 1.4863E-02 5.3000E-02 4.1159E-02 2.3803E-02 1.2759E-02 1.9328E-02 2.3568E-02 0
 0 1.1894E-02 2.9687E-02 3.7904E-02 4.0937E-02 3.9885E-02 3.8622E-02 8.7144E-02 1.0222E-01 1.0561E-01 1.2944E-01 6.4733E-02 6.5767E-02 1.0095E-01 2.9079E-02 7.3610E-03 0.0000E+00 1.4179E-02 5.0264E-02 4.3465E-02 2.4936E-02 1.3188E-02 1.9869E-02 2.3702E-02 0
 0 1.1886E-02 2.9955E-02 3.7980E-02 4.1551E-02 4.0243E-02 3.9215E-02 8.6050E-02 1.0158E-01 1.0676E-01 1.2681E-01 6.4815E-02 6.8312E-02 8.6814E-02 2.8106E-02 6.9540E-03 0.0000E+00 1.2606E-02 5.1891E-02 4.3169E-02 2.4815E-02 1.3606E-02 2.0257E-02 2.3897E-02 0
 0 1.2154E-02 3.0905E-02 3.8386E-02 4.1360E-02 4.1133E-02 3.9143E-02 8.8217E-02 1.0224E-01 1.0375E-01 1.2497E-01 6.5559E-02 6.5806E-02 8.6445E-02 2.6892E-02 9.0542E-03 0.0000E+00 1.3160E-02 5.0401E-02 4.4006E-02 2.5638E-02 1.4374E-02 2.0792E-02 2.4054E-02 0
 0 1.2119E-02 3.1075E-02 3.9738E-02 4.2649E-02 4.1150E-02 3.9172E-02 8.5039E-02 1.0425E-01 1.0034E-01 1.1925E-01 6.6065E-02 6.5909E-02 8.1596E-02 2.7644E-02 7.5619E-03 0.0000E+00 1.3530E-02 4.8901E-02 4.2459E-02 2.5047E-02 1.4634E-02 2.1314E-02 2.4068E-02 0
 0 1.2157E-02 3.1192E-02 3.9390E-02 4.2796E-02 4.1341E-02 4.0839E-02 8.7070E-02 1.0454E-01 1.0384E-01 1.1833E-01 6.6543E-02 6.8769E-02 7.7691E-02 2.3393E-02 9.1799E-03 0.0000E+00 1.2466E-02 5.0316E-02 4.2648E-02 2.6131E-02 1.5468E-02 2.2078E-02 2.3989E-02 0
 0 1.2223E-02 3.1800E-02 3.9758E-02 4.3564E-02 4.2200E-02 4.0355E-02 8.4995E-02 1.0385E-01 1.0313E-01 1.1387E-01 6.9508E-02 6.8411E-02 7.3777E-02 2.3968E-02 1.1089E-02 0.0000E+00 1.1088E-02 5.0259E-02 4.4544E-02 2.6268E-02 1.5085E-02 2.2601E-02 2.4278E-02 0
 0 1.2210E-02 3.2547E-02 4.0665E-02 4.2727E-02 4.2949E-02 4.1575E-02 8.7962E-02 1.0383E-01 1.0254E-01 1.1012E-01 6.9511E-02 6.7156E-02 6.9284E-02 2.5314E-02 7.2605E-03 0.0000E+00 1.3510E-02 4.7302E-02 4.3703E-02 2.7815E-02 1.5598E-02 2.3457E-02 2.4316E-02 0
 0 1.2445E-02 3.3302E-02 4.1232E-02 4.4846E-02 4.2604E-02 4.1400E-02 8.6143E-02 1.0167E-01 9.8276E-02 1.0836E-01 6.8372E-02 6.7820E-02 6.7364E-02 2.1850E-02 7.8684E-03 0.0000E+00 1.2831E-02 5.1632E-02 4.4051E-02 2.6983E-02 1.6410E-02 2.3973E-02 2.4257E-02 0
 0 1.2445E-02 3.3673E-02 4.1768E-02 4.5439E-02 4.3595E-02 4.2383E-02 8.8074E-02 1.0386E-01 9.9198E-02 1.0795E-01 6.9018E-02 6.8592E-02 6.5598E-02 2.3899E-02 1.0366E-02 0.0000E+00 1.2985E-02 5.1405E-02 4.3465E-02 2.7662E-02 1.6951E-02 2.4544E-02 2.4400E-02 0
 0 1.2480E-02 3.4253E-02 4.1851E-02 4.4828E-02 4.4344E-02 4.2557E-02 8.7315E-02 9.8831E-02 9.9106E-02 1.0396E-01 6.9598E-02 6.7160E-02 6.1488E-02 2.4302E-02 7.7278E-03 0.0000E+00 1.1383E-02 5.1410E-02 4.4892E-02 2.7348E-02 1.7264E-02 2.4781E-02 2.4426E-02 0
 0 1.2679E-02 3.3746E-02 4.2143E-02 4.5121E-02 4.4378E-02 4.2110E-02 8.5627E-02 1.0039E-01 1.0210E-01 1.0024E-01 6.9558E-02 6.7440E-02 5.6873E-02 2.3894E-02 8.1800E-03 0.0000E+00 1.1647E-02 5.0000E-02 4.5245E-02 2.8276E-02 1.7663E-02 2.5781E-02 2.4468E-02 0
 0 1.2544E-02 3.5063E-02 4.2616E-02 4.6765E-02 4.5883E-02 4.2918E-02 8.3316E-02 9.9989E-02 9.8879E-02 9.8432E-02 7.1341E-02 6.9843E-02 5.5154E-02 2.3614E-02 8.9337E-03 0.0000E+00 1.2351E-02 5.2094E-02 4.4646E-02 2.9027E-02 1.8385E-02 2.6630E-02 2.4621E-02 0
 0 1.2725E-02 3.5648E-02 4.3512E-02 4.7169E-02 4.6686E-02 4.3374E-02 8.3680E-02 1.0038E-01 9.9900E-02 9.5023E-02 7.3746E-02 7.0205E-02 5.0432E-02 2.1068E-02 8.1046E-03 0.0000E+00 1.2701E-02 4.7646E-02 4.4626E-02 2.9105E-02 1.8610E-02 2.7192E-02 2.4669E-02 0
 0 1.2660E-02 3.5508E-02 4.4581E-02 4.7582E-02 4.6957E-02 4.3975E-02 8.3580E-02 9.8121E-02 9.8309E-02 9.2074E-02 7.2641E-02 7.1551E-02 5.0161E-02 2.3476E-02 8.7578E-03 0.0000E+00 1.1867E-02 4.7458E-02 4.4913E-02 2.8690E-02 1.9611E-02 2.8324E-02 2.5026E-02 0
 0 1.2747E-02 3.6545E-02 4.3908E-02 4.8635E-02 4.6696E-02 4.3938E-02 8.2137E-02 9.8316E-02 9.7423E-02 8.8473E-02 7.1791E-02 6.9580E-02 4.6205E-02 2.2149E-02 9.0844E-03 0.0000E+00 1.2316E-02 4.7585E-02 4.5385E-02 2.9072E-02 1.9490E-02 2.8927E-02 2.4874E-02 0
 0 1.2958E-02 3.6675E-02 4.5618E-02 4.9392E-02 4.8198E-02 4.5178E-02 8.1098E-02 9.7363E-02 9.7073E-02 8.7855E-02 7.1956E-02 6.7151E-02 4.3225E-02 2.4965E-02 9.4763E-03 0.0000E+00 1.2072E-02 5.0066E-02 4.5015E-02 2.9676E-02 2.1013E-02 2.9730E-02 2.4621E-02 0
 0 1.2829E-02 3.7753E-02 4.5318E-02 4.9033E-02 4.8440E-02 4.5842E-02 8.5079E-02 9.6695E-02 9.8273E-02 8.5726E-02 7.3405E-02 6.6815E-02 4.2174E-02 2.1540E-02 9.2954E-03 0.0000E+00 1.2341E-02 4.7255E-02 4.5360E-02 3.0607E-02 2.1495E-02 3.0625E-02 2.4847E-02 0
 0 1.3022E-02 3.7753E-02 4.6122E-02 4.9361E-02 4.9216E-02 4.4897E-02 8.2516E-02 9.7830E-02 9.2903E-02 8.1756E-02 7.4623E-02 7.0404E-02 4.1011E-02 2.1899E-02 8.8784E-03 0.0000E+00 1.2980E-02 4.8132E-02 4.3637E-02 3.1553E-02 2.1978E-02 3.0369E-02 2.4930E-02 0
 0 1.2984E-02 3.8134E-02 4.5773E-02 4.9693E-02 4.9045E-02 4.6882E-02 7.9773E-02 9.6119E-02 9.3384E-02 8.0253E-02 7.5332E-02 6.7151E-02 3.8685E-02 2.1432E-02 8.6272E-03 0.0000E+00 1.2696E-02 4.6679E-02 4.5799E-02 3.1939E-02 2.3594E-02 3.1625E-02 2.5159E-02 0
 0 1.2941E-02 3.8921E-02 4.6412E-02 5.1161E-02 4.9608E-02 4.6991E-02 7.8890E-02 9.4792E-02 9.2738E-02 7.8149E-02 7.6327E-02 6.6893E-02 3.6601E-02 2.1594E-02 8.7879E-03 0.0000E+00 1.2421E-02 4.6279E-02 4.6234E-02 3.1655E-02 2.3533E-02 3.2672E-02 2.5115E-02 0
 0 1.3043E-02 3.8540E-02 4.7324E-02 5.1107E-02 5.0151E-02 4.7329E-02 8.1546E-02 9.2901E-02 9.1641E-02 7.5992E-02 7.4051E-02 6.7009E-02 3.6699E-02 2.0110E-02 9.0794E-03 0.0000E+00 1.3250E-02 4.7844E-02 4.6410E-02 3.2343E-02 2.3540E-02 3.3511E-02 2.4581E-02 0
 0 1.2916E-02 3.9638E-02 4.7661E-02 5.1799E-02 5.1458E-02 4.7412E-02 7.5509E-02 9.3583E-02 9.3189E-02 7.4293E-02 7.4576E-02 6.8885E-02 3.3332E-02 2.0719E-02 1.0758E-02 0.0000E+00 1.2491E-02 4.5628E-02 4.5602E-02 3.2944E-02 2.4777E-02 3.4139E-02 2.4989E-02 0
 0 1.3016E-02 3.9604E-02 4.8039E-02 5.2665E-02 5.3139E-02 4.6902E-02 7.8327E-02 9.2841E-02 8.9203E-02 7.0224E-02 7.2982E-02 6.8165E-02 3.1347E-02 2.0228E-02 1.0803E-02 0.0000E+00 1.2371E-02 4.7321E-02 4.5807E-02 3.3029E-02 2.6191E-02 3.4713E-02 2.4920E-02 0
 0 1.2957E-02 3.9877E-02 4.8882E-02 5.2000E-02 5.2931E-02 4.8970E-02 7.8246E-02 9.2805E-02 9.0281E-02 7.2345E-02 7.5465E-02 6.6685E-02 3.1692E-02 2.0282E-02 8.9990E-03 0.0000E+00 1.2152E-02 4.6745E-02 4.5130E-02 3.3398E-02 2.6110E-02 3.6407E-02 2.4920E-02 0
 0 1.3049E-02 4.0137E-02 4.9494E-02 5.3541E-02 5.3210E-02 4.9672E-02 7.8510E-02 9.2153E-02 8.7912E-02 6.9182E-02 7.3213E-02 6.5974E-02 3.0637E-02 2.1383E-02 9.5014E-03 0.0000E+00 1.2781E-02 4.4486E-02 4.7137E-02 3.4609E-02 2.8064E-02 3.7104E-02 2.4920E-02 0
 0 1.3130E-02 4.0643E-02 4.9646E-02 5.4220E-02 5.4355E-02 4.9981E-02 7.7537E-02 9.0394E-02 8.7945E-02 6.7729E-02 7.2794E-02 6.6780E-02 2.9660E-02 2.0704E-02 9.5969E-03 0.0000E+00 1.1942E-02 4.6411E-02 4.5368E-02 3.5370E-02 2.7774E-02 3.7902E-02 2.5126E-02 0
 0 1.3074E-02 4.1063E-02 5.0462E-02 5.3783E-02 5.4000E-02 4.9841E-02 7.7475E-02 8.9326E-02 8.9230E-02 6.5696E-02 7.4172E-02 6.5767E-02 2.7231E-02 2.0026E-02 9.9687E-03 0.0000E+00 1.2851E-02 4.3996E-02 4.5914E-02 3.5478E-02 2.9324E-02 3.8425E-02 2.5031E-02 0
 0 1.2990E-02 4.1243E-02 5.0555E-02 5.4682E-02 5.4306E-02 5.1364E-02 7.3487E-02 8.8011E-02 8.7151E-02 6.4832E-02 7.3201E-02 6.5978E-02 2.6367E-02 1.9894E-02 1.0627E-02 0.0000E+00 1.4313E-02 4.4864E-02 4.6004E-02 3.6209E-02 2.9972E-02 4.0001E-02 2.4865E-02 0
 0 1.2995E-02 4.1041E-02 5.1718E-02 5.4781E-02 5.5909E-02 5.0800E-02 7.5406E-02 8.7090E-02 8.5899E-02 6.4711E-02 7.3988E-02 6.4352E-02 2.6816E-02 2.0292E-02 1.0617E-02 0.0000E+00 1.3365E-02 4.3883E-02 4.8080E-02 3.6522E-02 3.0949E-02 4.0802E-02 2.4651E-02 0
 0 1.3180E-02 4.1659E-02 5.1139E-02 5.6055E-02 5.5701E-02 5.2295E-02 7.5341E-02 8.5535E-02 8.3293E-02 6.0127E-02 7.3334E-02 6.5637E-02 2.6092E-02 2.0817E-02 9.3708E-03 0.0000E+00 1.2551E-02 4.2812E-02 4.6160E-02 3.7267E-02 3.1360E-02 4.1310E-02 2.4832E-02 0
 0 1.2996E-02 4.2037E-02 5.1360E-02 5.6168E-02 5.7756E-02 5.1499E-02 7.4825E-02 8.5104E-02 8.5800E-02 5.9153E-02 7.5328E-02 6.3498E-02 2.3920E-02 2.0213E-02 1.1134E-02 0.0000E+00 1.2706E-02 4.4694E-02 4.7338E-02 3.7894E-02 3.2407E-02 4.2136E-02 2.4521E-02 0
 0 1.3095E-02 4.2373E-02 5.1989E-02 5.7935E-02 5.7864E-02 5.3647E-02 7.2669E-02 8.3776E-02 8.3507E-02 6.0123E-02 7.4599E-02 6.4291E-02 2.3719E-02 1.9417E-02 1.0928E-02 0.0000E+00 1.3809E-02 4.3104E-02 4.7604E-02 3.7965E-02 3.2908E-02 4.4063E-02 2.4410E-02 0
 0 1.2955E-02 4.2385E-02 5.2201E-02 5.6900E-02 5.8804E-02 5.2653E-02 7.3637E-02 8.4163E-02 8.0888E-02 5.8037E-02 7.7036E-02 6.3010E-02 2.3107E-02 2.0007E-02 1.0823E-02 0.0000E+00 1.4089E-02 4.3005E-02 4.6718E-02 3.8573E-02 3.3426E-02 4.3996E-02 2.4803E-02 0
 0 1.3009E-02 4.3113E-02 5.2839E-02 5.7342E-02 5.9166E-02 5.3469E-02 7.2393E-02 8.2078E-02 8.3218E-02 5.6836E-02 7.4047E-02 6.3860E-02 2.3210E-02 2.0980E-02 9.9486E-03 0.0000E+00 1.3105E-02 4.5430E-02 4.5081E-02 3.9594E-02 3.5215E-02 4.4924E-02 2.4599E-02 0
 0 1.2981E-02 4.3626E-02 5.4262E-02 5.8834E-02 5.8620E-02 5.3959E-02 7.2582E-02 8.0875E-02 7.9432E-02 5.5577E-02 7.2057E-02 6.2769E-02 2.0659E-02 1.9682E-02 1.1310E-02 0.0000E+00 1.4223E-02 4.2241E-02 4.6283E-02 3.9761E-02 3.6670E-02 4.5679E-02 2.4456E-02 0
 0 1.3013E-02 4.3354E-02 5.2812E-02 5.9919E-02 6.1026E-02 5.5348E-02 7.1512E-02 8.1896E-02 7.8108E-02 5.5144E-02 7.4051E-02 6.2833E-02 2.1117E-02 2.0046E-02 1.2064E-02 0.0000E+00 1.3709E-02 4.1850E-02 4.7982E-02 4.0734E-02 3.8602E-02 4.7544E-02 2.4504E-02 0
 0 1.3082E-02 4.4061E-02 5.4234E-02 6.0362E-02 5.9961E-02 5.4569E-02 7.1127E-02 7.9174E-02 7.8177E-02 5.5236E-02 7.2621E-02 6.1893E-02 2.1136E-02 1.9132E-02 1.1657E-02 0.0000E+00 1.3789E-02 4.2868E-02 4.9262E-02 4.1067E-02 3.8353E-02 4.7754E-02 2.4657E-02 0
 0 1.3049E-02 4.4757E-02 5.4773E-02 6.0422E-02 6.1351E-02 5.6096E-02 7.1335E-02 8.0392E-02 7.8945E-02 5.4412E-02 7.3977E-02 6.1315E-02 2.0099E-02 1.9771E-02 1.2210E-02 0.0000E+00 1.5651E-02 4.2208E-02 4.8540E-02 4.3610E-02 3.9590E-02 4.9338E-02 2.4326E-02 0
 0 1.2899E-02 4.4002E-02 5.5284E-02 6.0723E-02 6.0857E-02 5.6565E-02 7.0583E-02 7.8265E-02 7.7192E-02 5.3378E-02 7.4513E-02 6.0405E-02 2.0038E-02 2.0439E-02 1.3084E-02 0.0000E+00 1.4418E-02 4.1010E-02 4.8589E-02 4.1563E-02 3.9881E-02 4.9008E-02 2.4239E-02 0
 0 1.2804E-02 4.4406E-02 5.6251E-02 6.1559E-02 6.2306E-02 5.6362E-02 6.9603E-02 7.7117E-02 7.5690E-02 5.3303E-02 7.5132E-02 6.0897E-02 1.9800E-02 1.9014E-02 1.1371E-02 0.0000E+00 1.4818E-02 4.2807E-02 4.7715E-02 4.3120E-02 4.1473E-02 5.0867E-02 2.4396E-02 0
 0 1.2840E-02 4.5062E-02 5.5454E-02 6.1353E-02 6.2741E-02 5.6998E-02 7.1248E-02 7.6036E-02 7.7311E-02 5.1082E-02 7.5571E-02 6.1190E-02 1.8193E-02 2.0090E-02 1.2953E-02 0.0000E+00 1.4952E-02 4.1336E-02 4.7567E-02 4.4514E-02 4.3227E-02 5.2937E-02 2.3738E-02 0
 0 1.2934E-02 4.4508E-02 5.5852E-02 6.1858E-02 6.4173E-02 5.7926E-02 6.9497E-02 7.6305E-02 7.5305E-02 5.1647E-02 7.4478E-02 6.0702E-02 1.9352E-02 2.0739E-02 1.2973E-02 0.0000E+00 1.4403E-02 4.2902E-02 5.0156E-02 4.4805E-02 4.3357E-02 5.3258E-02 2.3826E-02 0
 0 1.2853E-02 4.4618E-02 5.5624E-02 6.3890E-02 6.3644E-02 5.7760E-02 6.6857E-02 7.6458E-02 7.3394E-02 5.0246E-02 7.2664E-02 6.1203E-02 1.7446E-02 1.9820E-02 1.2335E-02 0.0000E+00 1.6345E-02 4.2765E-02 4.6168E-02 4.5187E-02 4.4613E-02 5.4814E-02 2.3857E-02 0
 0 1.2822E-02 4.5469E-02 5.6712E-02 6.3646E-02 6.3789E-02 6.0051E-02 6.7855E-02 7.4574E-02 7.0933E-02 5.1757E-02 7.4940E-02 5.9154E-02 1.8665E-02 2.1471E-02 1.1702E-02 0.0000E+00 1.6041E-02 3.9921E-02 5.0234E-02 4.4736E-02 4.6052E-02 5.5011E-02 2.3776E-02 0
 0 1.2825E-02 4.4392E-02 5.7268E-02 6.3545E-02 6.4777E-02 5.9261E-02 6.6197E-02 7.3212E-02 7.2429E-02 4.9191E-02 7.4635E-02 6.0935E-02 1.8259E-02 2.1584E-02 1.3044E-02 0.0000E+00 1.6041E-02 4.2053E-02 5.0132E-02 4.6627E-02 4.7062E-02 5.5527E-02 2.3745E-02 0
 0 1.2607E-02 4.5150E-02 5.8202E-02 6.5119E-02 6.5220E-02 5.8997E-02 6.8673E-02 7.1302E-02 7.2471E-02 4.9507E-02 7.2982E-02 5.8554E-02 1.7904E-02 2.0179E-02 1.3717E-02 0.0000E+00 1.6390E-02 4.2020E-02 4.8228E-02 4.6447E-02 4.8538E-02 5.7297E-02 2.3648E-02 0
 0 1.2706E-02 4.5262E-02 5.8024E-02 6.5043E-02 6.5453E-02 6.0552E-02 6.5482E-02 7.1757E-02 7.0485E-02 4.9575E-02 7.3397E-02 5.7998E-02 1.7978E-02 2.0419E-02 1.3345E-02 0.0000E+00 1.6760E-02 4.2689E-02 5.0624E-02 4.8089E-02 4.9209E-02 5.7526E-02 2.3493E-02 0
 0 1.2557E-02 4.5174E-02 5.8543E-02 6.5076E-02 6.6400E-02 6.0532E-02 6.6552E-02 7.2422E-02 6.9306E-02 4.8590E-02 7.2606E-02 5.7817E-02 1.6974E-02 2.1053E-02 1.3637E-02 0.0000E+00 1.6071E-02 4.0274E-02 5.0464E-02 4.9082E-02 5.1562E-02 5.9278E-02 2.3136E-02 0
 0 1.2598E-02 4.4898E-02 5.9047E-02 6.5252E-02 6.6958E-02 6.0753E-02 6.7911E-02 7.1328E-02 7.0436E-02 4.8477E-02 7.4078E-02 5.8011E-02 1.7198E-02 2.0454E-02 1.2833E-02 0.0000E+00 1.7304E-02 4.3090E-02 5.0644E-02 5.0492E-02 5.1899E-02 5.9457E-02 2.3279E-02 0
 0 1.2555E-02 4.5395E-02 5.8876E-02 6.6658E-02 6.8370E-02 6.0512E-02 6.5563E-02 7.0605E-02 6.8627E-02 4.8079E-02 7.1815E-02 5.7389E-02 1.7026E-02 2.0439E-02 1.4355E-02 0.0000E+00 1.5831E-02 4.2354E-02 5.0948E-02 5.1171E-02 5.2584E-02 6.1821E-02 2.3092E-02 0
 0 1.2323E-02 4.5092E-02 5.9642E-02 6.7501E-02 6.9503E-02 6.1950E-02 6.4033E-02 6.9946E-02 6.9948E-02 4.6902E-02 7.1380E-02 5.7752E-02 1.7301E-02 2.1830E-02 1.4702E-02 0.0000E+00 1.6989E-02 4.1024E-02 4.8938E-02 5.1755E-02 5.5072E-02 6.2061E-02 2.3014E-02 0
 0 1.2552E-02 4.5423E-02 5.9956E-02 6.7147E-02 6.8414E-02 6.2371E-02 6.3544E-02 6.8267E-02 6.8100E-02 4.8562E-02 7.0690E-02 5.8796E-02 1.6316E-02 2.1225E-02 1.4390E-02 0.0000E+00 1.7319E-02 4.0779E-02 5.1481E-02 5.2301E-02 5.6885E-02 6.3350E-02 2.2862E-02 0
 0 1.2499E-02 4.5981E-02 5.9396E-02 6.7945E-02 6.9980E-02 6.2846E-02 6.4051E-02 6.8152E-02 6.9289E-02 4.7570E-02 7.2860E-02 5.8041E-02 1.7105E-02 2.2410E-02 1.3998E-02 0.0000E+00 1.8302E-02 4.0425E-02 5.0205E-02 5.1507E-02 5.7718E-02 6.2683E-02 2.2670E-02 0
 0 1.2325E-02 4.5336E-02 6.0596E-02 6.8076E-02 6.9728E-02 6.3259E-02 6.2969E-02 6.7397E-02 6.6265E-02 4.5594E-02 7.0929E-02 5.6906E-02 1.5713E-02 2.2852E-02 1.4843E-02 0.0000E+00 1.8322E-02 4.1854E-02 4.8851E-02 5.3528E-02 5.8010E-02 6.3777E-02 2.2795E-02 0
 0 1.2370E-02 4.6078E-02 6.1458E-02 6.8132E-02 7.0467E-02 6.4771E-02 6.4225E-02 6.6630E-02 6.5998E-02 4.7588E-02 7.0064E-02 5.7415E-02 1.6535E-02 2.2557E-02 1.4013E-02 0.0000E+00 1.8787E-02 4.1048E-02 5.2113E-02 5.4606E-02 6.0102E-02 6.5327E-02 2.2781E-02 0
 0 1.2267E-02 4.5909E-02 6.0316E-02 6.9591E-02 7.0555E-02 6.4791E-02 6.3165E-02 6.5289E-02 6.6459E-02 4.6408E-02 7.0377E-02 5.6609E-02 1.7142E-02 2.2149E-02 1.5873E-02 0.0000E+00 1.8397E-02 3.9973E-02 5.3775E-02 5.3698E-02 6.1367E-02 6.6311E-02 2.2568E-02 0
 0 1.2221E-02 4.5389E-02 6.0990E-02 6.9439E-02 7.1793E-02 6.5226E-02 6.3351E-02 6.7029E-02 6.7290E-02 4.5271E-02 6.9300E-02 5.4957E-02 1.6096E-02 2.2665E-02 1.5521E-02 0.0000E+00 1.8572E-02 4.0991E-02 5.0620E-02 5.5376E-02 6.3474E-02 6.7225E-02 2.2477E-02 0
 0 1.2088E-02 4.5824E-02 6.1184E-02 6.8384E-02 7.2136E-02 6.6080E-02 6.2959E-02 6.6089E-02 6.2615E-02 4.6778E-02 7.0017E-02 5.7286E-02 1.7161E-02 2.3230E-02 1.6551E-02 0.0000E+00 1.8187E-02 3.9553E-02 5.2511E-02 5.5960E-02 6.4270E-02 6.8334E-02 2.1808E-02 0
 0 1.2016E-02 4.5559E-02 6.2166E-02 7.1023E-02 7.2632E-02 6.5997E-02 6.1840E-02 6.5021E-02 6.5023E-02 4.6547E-02 7.0816E-02 5.5802E-02 1.6512E-02 2.1992E-02 1.5054E-02 0.0000E+00 1.9341E-02 4.1411E-02 5.1965E-02 5.7612E-02 6.3776E-02 6.9183E-02 2.1589E-02 0
 0 1.2068E-02 4.5593E-02 6.1980E-02 7.0563E-02 7.3800E-02 6.6784E-02 6.3199E-02 6.3735E-02 6.4374E-02 4.6252E-02 6.9621E-02 5.3969E-02 1.6175E-02 2.3461E-02 1.6551E-02 0.0000E+00 2.0254E-02 3.8940E-02 5.0452E-02 5.6950E-02 6.7063E-02 7.0450E-02 2.1485E-02 0
 0 1.1908E-02 4.5443E-02 6.2105E-02 6.8866E-02 7.2865E-02 6.5834E-02 6.1532E-02 6.4023E-02 6.3070E-02 4.5129E-02 7.1059E-02 5.6026E-02 1.6339E-02 2.2611E-02 1.7495E-02 0.0000E+00 2.0364E-02 4.0529E-02 5.2474E-02 5.8686E-02 6.8100E-02 7.0789E-02 2.1329E-02 0
 0 1.1715E-02 4.5576E-02 6.2723E-02 7.1717E-02 7.4066E-02 6.8002E-02 6.0894E-02 6.4122E-02 6.3788E-02 4.7346E-02 6.9257E-02 5.4573E-02 1.6348E-02 2.3324E-02 1.6626E-02 0.0000E+00 2.0784E-02 3.9223E-02 5.2954E-02 5.9826E-02 7.0468E-02 7.0288E-02 2.1278E-02 0
 0 1.1750E-02 4.5202E-02 6.2882E-02 7.3112E-02 7.4399E-02 6.8509E-02 6.2344E-02 6.3425E-02 6.3294E-02 4.6906E-02 6.9398E-02 5.5362E-02 1.6890E-02 2.3427E-02 1.7139E-02 0.0000E+00 2.0913E-02 3.9152E-02 5.3122E-02 6.0812E-02 7.1456E-02 7.2910E-02 2.1294E-02 0
 0 1.1735E-02 4.4777E-02 6.2434E-02 7.0996E-02 7.5256E-02 6.9376E-02 5.9818E-02 6.2795E-02 6.2516E-02 4.6945E-02 6.7588E-02 5.4918E-02 1.6694E-02 2.3697E-02 1.7058E-02 0.0000E+00 2.0749E-02 4.0685E-02 5.3746E-02 6.0724E-02 7.2663E-02 7.3180E-02 2.1271E-02 0
 0 1.1641E-02 4.4981E-02 6.3308E-02 7.2293E-02 7.5750E-02 7.0977E-02 6.1028E-02 6.0508E-02 6.1795E-02 4.8015E-02 7.0839E-02 5.4754E-02 1.6867E-02 2.3545E-02 1.9174E-02 0.0000E+00 2.1178E-02 4.0156E-02 5.3114E-02 6.1788E-02 7.4330E-02 7.4080E-02 2.1017E-02 0
 0 1.1526E-02 4.4979E-02 6.3290E-02 7.3522E-02 7.7235E-02 7.1083E-02 6.1258E-02 6.1624E-02 6.0497E-02 4.6351E-02 6.8716E-02 5.6428E-02 1.6904E-02 2.4149E-02 1.9018E-02 0.0000E+00 2.1912E-02 3.9411E-02 5.4308E-02 6.3335E-02 7.5711E-02 7.3748E-02 2.1109E-02 0
 0 1.1355E-02 4.4929E-02 6.3038E-02 7.2242E-02 7.7654E-02 7.0253E-02 6.0916E-02 6.0716E-02 6.0418E-02 4.6479E-02 6.9038E-02 5.5017E-02 1.7110E-02 2.5029E-02 1.8490E-02 0.0000E+00 2.0169E-02 4.0105E-02 5.4357E-02 6.4334E-02 7.7572E-02 7.4941E-02 2.0740E-02 0
 0 1.1332E-02 4.4595E-02 6.3494E-02 7.3793E-02 7.7394E-02 7.1218E-02 6.0782E-02 6.0127E-02 5.9739E-02 4.6305E-02 6.8615E-02 5.3158E-02 1.6717E-02 2.6494E-02 2.0867E-02 0.0000E+00 2.2236E-02 3.9576E-02 5.4304E-02 6.5095E-02 7.8461E-02 7.5937E-02 2.0331E-02 0
 0 1.1268E-02 4.4547E-02 6.4289E-02 7.3972E-02 7.7566E-02 7.2753E-02 5.9706E-02 6.0034E-02 6.2104E-02 4.5541E-02 6.9539E-02 5.4443E-02 1.6918E-02 2.4837E-02 1.9937E-02 0.0000E+00 2.1912E-02 3.9053E-02 5.5162E-02 6.5719E-02 7.9784E-02 7.7181E-02 2.0330E-02 0
 0 1.1103E-02 4.4099E-02 6.3616E-02 7.4394E-02 7.9709E-02 7.1098E-02 6.0285E-02 5.8633E-02 5.9607E-02 4.6852E-02 6.9320E-02 5.5276E-02 1.8941E-02 2.4867E-02 1.9309E-02 0.0000E+00 2.2776E-02 3.9435E-02 5.5051E-02 6.5340E-02 8.0787E-02 7.8361E-02 2.0155E-02 0
 0 1.1010E-02 4.4434E-02 6.3463E-02 7.6492E-02 7.9173E-02 7.2092E-02 5.9638E-02 5.9033E-02 5.8978E-02 4.7311E-02 6.7310E-02 5.3149E-02 1.7366E-02 2.4995E-02 1.9958E-02 0.0000E+00 2.2776E-02 4.0567E-02 5.5453E-02 6.6969E-02 8.3461E-02 7.8359E-02 2.0156E-02 0
 0 1.1182E-02 4.3639E-02 6.4885E-02 7.5361E-02 7.9452E-02 7.4036E-02 6.0223E-02 5.8464E-02 5.8896E-02 4.6966E-02 6.7099E-02 5.5116E-02 1.7530E-02 2.6096E-02 2.0731E-02 0.0000E+00 2.5067E-02 4.1571E-02 5.3459E-02 6.7279E-02 8.4633E-02 8.0612E-02 1.9946E-02 0
 0 1.0952E-02 4.3920E-02 6.3878E-02 7.4795E-02 7.9408E-02 7.4812E-02 6.0064E-02 5.7920E-02 6.0177E-02 4.6685E-02 6.6758E-02 5.4702E-02 1.7488E-02 2.7216E-02 2.1892E-02 0.0000E+00 2.4238E-02 4.0034E-02 5.5424E-02 6.7870E-02 8.4958E-02 7.9353E-02 1.9808E-02 0
 0 1.0833E-02 4.3830E-02 6.4261E-02 7.5045E-02 8.0284E-02 7.3896E-02 5.8422E-02 5.8742E-02 5.9133E-02 4.8107E-02 6.6139E-02 5.4240E-02 1.8684E-02 2.6902E-02 2.1817E-02 0.0000E+00 2.4703E-02 3.9411E-02 5.6093E-02 7.1233E-02 8.6362E-02 8.0090E-02 1.9617E-02 0
 0 1.0825E-02 4.3248E-02 6.4500E-02 7.6186E-02 8.0265E-02 7.3916E-02 5.9495E-02 5.8285E-02 5.9377E-02 4.7951E-02 6.7796E-02 5.3611E-02 1.6965E-02 2.7339E-02 2.1585E-02 0.0000E+00 2.5222E-02 3.9987E-02 5.4948E-02 7.0002E-02 8.8850E-02 8.1345E-02 1.9582E-02 0
 0 1.0567E-02 4.3395E-02 6.4814E-02 7.6048E-02 7.9695E-02 7.5566E-02 5.8328E-02 5.8269E-02 5.8405E-02 4.7933E-02 6.6919E-02 5.3753E-02 1.8245E-02 2.6862E-02 2.2751E-02 0.0000E+00 2.6610E-02 4.1694E-02 5.7332E-02 7.2369E-02 9.0162E-02 8.1908E-02 1.9253E-02 0
 0 1.0538E-02 4.3333E-02 6.4229E-02 7.7261E-02 8.1611E-02 7.6322E-02 5.9905E-02 5.7015E-02 5.8026E-02 4.7119E-02 6.5732E-02 5.2403E-02 1.9366E-02 2.7958E-02 2.2113E-02 0.0000E+00 2.7319E-02 4.1383E-02 5.7250E-02 7.2069E-02 9.0661E-02 8.1799E-02 1.8929E-02 0
 0 1.0559E-02 4.3053E-02 6.4800E-02 7.6473E-02 8.1359E-02 7.6179E-02 5.9094E-02 5.7242E-02 5.7673E-02 4.8260E-02 6.7819E-02 5.2757E-02 1.8586E-02 2.7555E-02 2.1505E-02 0.0000E+00 2.6610E-02 4.0666E-02 5.7028E-02 7.4148E-02 9.2915E-02 8.1765E-02 1.8847E-02 0
 0 1.0411E-02 4.3258E-02 6.4709E-02 7.7579E-02 8.2766E-02 7.5990E-02 5.8164E-02 5.6689E-02 5.8009E-02 4.8121E-02 6.6503E-02 5.3921E-02 1.9445E-02 2.7668E-02 2.2781E-02 0.0000E+00 2.7608E-02 4.1373E-02 5.9256E-02 7.5523E-02 9.3349E-02 8.2902E-02 1.8903E-02 0
 0 1.0071E-02 4.2559E-02 6.4886E-02 7.7261E-02 8.2504E-02 7.6794E-02 5.9787E-02 5.7923E-02 5.7548E-02 5.0055E-02 6.6049E-02 5.3197E-02 2.0071E-02 3.0543E-02 2.4369E-02 0.0000E+00 2.7518E-02 4.0633E-02 5.8866E-02 7.4178E-02 9.5974E-02 8.2928E-02 1.8586E-02 0
 0 1.0175E-02 4.2610E-02 6.4443E-02 7.7083E-02 8.2526E-02 7.7261E-02 6.0104E-02 5.5557E-02 5.7469E-02 5.0332E-02 6.7322E-02 5.3192E-02 2.0477E-02 2.8366E-02 2.4248E-02 0.0000E+00 2.7828E-02 4.2104E-02 5.8497E-02 7.6812E-02 9.6190E-02 8.3783E-02 1.8368E-02 0
 0 1.0213E-02 4.2030E-02 6.4068E-02 7.7462E-02 8.2455E-02 7.8115E-02 5.8755E-02 5.5992E-02 5.7977E-02 4.9664E-02 6.5732E-02 5.4279E-02 1.9968E-02 2.9860E-02 2.5223E-02 0.0000E+00 2.8462E-02 4.2001E-02 5.8534E-02 7.7508E-02 9.7923E-02 8.3985E-02 1.8089E-02 0
 0 9.9459E-03 4.1809E-02 6.5311E-02 7.8019E-02 8.3275E-02 7.7742E-02 5.7342E-02 5.6865E-02 5.7608E-02 5.0442E-02 6.6382E-02 5.2446E-02 1.9823E-02 3.0509E-02 2.5223E-02 0.0000E+00 2.9061E-02 4.2090E-02 5.7192E-02 7.8418E-02 1.0039E-01 8.4815E-02 1.7679E-02 0
 0 9.9687E-03 4.1464E-02 6.5213E-02 7.7824E-02 8.4170E-02 7.8043E-02 5.7765E-02 5.6008E-02 5.6695E-02 5.0143E-02 6.6264E-02 5.3481E-02 2.0898E-02 3.1777E-02 2.5952E-02 0.0000E+00 2.9276E-02 4.0855E-02 5.8062E-02 8.0733E-02 1.0064E-01 8.4457E-02 1.7893E-02 0
 0 9.7303E-03 4.1026E-02 6.5561E-02 7.9590E-02 8.5196E-02 8.0787E-02 5.8661E-02 5.5896E-02 5.7838E-02 5.0154E-02 6.6723E-02 5.3184E-02 2.1706E-02 3.0460E-02 2.5982E-02 0.0000E+00 3.0104E-02 4.1260E-02 6.0622E-02 7.9969E-02 1.0380E-01 8.5618E-02 1.7802E-02 0
 0 9.7087E-03 4.0798E-02 6.5299E-02 7.9063E-02 8.4493E-02 7.9890E-02 5.8232E-02 5.6190E-02 5.7064E-02 5.0033E-02 6.6304E-02 5.4806E-02 2.1201E-02 3.0578E-02 2.5947E-02 0.0000E+00 2.9715E-02 4.1897E-02 5.9203E-02 8.0119E-02 1.0380E-01 8.4141E-02 1.7590E-02 0
 0 9.7144E-03 4.1367E-02 6.5396E-02 8.0050E-02 8.4038E-02 8.1268E-02 5.9233E-02 5.4891E-02 5.7252E-02 5.1377E-02 6.5865E-02 5.5034E-02 2.2112E-02 3.2519E-02 2.6017E-02 0.0000E+00 3.1313E-02 4.2279E-02 6.0651E-02 8.1712E-02 1.0386E-01 8.5683E-02 1.7626E-02 0
 0 9.4942E-03 4.1010E-02 6.6024E-02 7.9699E-02 8.6943E-02 7.9925E-02 5.7937E-02 5.5573E-02 5.6227E-02 5.0033E-02 6.7737E-02 5.3882E-02 2.2023E-02 3.2514E-02 2.8575E-02 0.0000E+00 3.0514E-02 4.2930E-02 6.1250E-02 8.1154E-02 1.0652E-01 8.5372E-02 1.7431E-02 0
 0 9.5461E-03 3.9900E-02 6.5534E-02 7.9172E-02 8.6659E-02 8.1434E-02 5.9423E-02 5.5099E-02 5.7314E-02 5.1924E-02 6.4956E-02 5.3964E-02 2.2934E-02 3.2592E-02 2.6625E-02 0.0000E+00 3.0579E-02 4.2213E-02 6.1229E-02 8.3870E-02 1.0627E-01 8.5228E-02 1.7222E-02 0
 0 9.3526E-03 4.0237E-02 6.5516E-02 8.0456E-02 8.5394E-02 8.1302E-02 5.7560E-02 5.4619E-02 5.6847E-02 5.3314E-02 6.8015E-02 5.2606E-02 2.4149E-02 3.2853E-02 2.8419E-02 0.0000E+00 3.2571E-02 4.4383E-02 6.1045E-02 8.5816E-02 1.0907E-01 8.6496E-02 1.7074E-02 0
 0 9.2451E-03 3.9688E-02 6.4989E-02 8.0177E-02 8.6789E-02 8.2462E-02 5.8067E-02 5.5026E-02 5.6254E-02 5.3619E-02 6.6511E-02 5.3908E-02 2.3294E-02 3.4450E-02 3.0715E-02 0.0000E+00 3.3929E-02 4.1883E-02 6.2169E-02 8.6205E-02 1.0866E-01 8.6191E-02 1.6874E-02 0
 0 9.1397E-03 3.9172E-02 6.5226E-02 7.9088E-02 8.6605E-02 8.2938E-02 5.8783E-02 5.4412E-02 5.4811E-02 5.4550E-02 6.6472E-02 5.5181E-02 2.4378E-02 3.4367E-02 2.9308E-02 0.0000E+00 3.4608E-02 4.3958E-02 6.2259E-02 8.7677E-02 1.1029E-01 8.6322E-02 1.6492E-02 0
 0 9.1686E-03 3.8850E-02 6.4464E-02 7.9211E-02 8.8223E-02 8.3766E-02 5.8739E-02 5.3724E-02 5.7054E-02 5.4053E-02 6.7169E-02 5.5276E-02 2.5088E-02 3.4676E-02 3.0313E-02 0.0000E+00 3.4138E-02 4.3835E-02 6.3223E-02 8.7641E-02 1.1149E-01 8.6338E-02 1.6629E-02 0
 0 9.0664E-03 3.8497E-02 6.5563E-02 8.0469E-02 8.7616E-02 8.3700E-02 5.8817E-02 5.5505E-02 5.6138E-02 5.3491E-02 6.4600E-02 5.5189E-02 2.5718E-02 3.6308E-02 3.1137E-02 0.0000E+00 3.5202E-02 4.3071E-02 6.2350E-02 8.9698E-02 1.1263E-01 8.5625E-02 1.6304E-02 0
 0 8.8066E-03 3.9228E-02 6.4846E-02 7.9625E-02 8.8712E-02 8.5192E-02 5.7426E-02 5.4338E-02 5.5871E-02 5.3744E-02 6.3914E-02 5.5319E-02 2.5821E-02 3.5212E-02 3.1956E-02 0.0000E+00 3.5481E-02 4.4449E-02 6.2682E-02 9.1131E-02 1.1510E-01 8.7423E-02 1.6316E-02 0
 0 8.7076E-03 3.8495E-02 6.5613E-02 7.9713E-02 8.8487E-02 8.3597E-02 5.8891E-02 5.3276E-02 5.6366E-02 5.2937E-02 6.5939E-02 5.3589E-02 2.5975E-02 3.6952E-02 3.2117E-02 0.0000E+00 3.7094E-02 4.4241E-02 6.3162E-02 9.0641E-02 1.1619E-01 8.6452E-02 1.5885E-02 0
 0 8.6527E-03 3.7646E-02 6.4932E-02 8.0645E-02 8.9111E-02 8.5026E-02 5.9401E-02 5.2972E-02 5.8303E-02 5.4529E-02 6.6817E-02 5.5500E-02 2.6620E-02 3.7119E-02 3.3649E-02 0.0000E+00 3.7114E-02 4.5845E-02 6.4069E-02 9.0175E-02 1.1810E-01 8.6327E-02 1.5803E-02 0
 0 8.7297E-03 3.8499E-02 6.4779E-02 8.1195E-02 8.8460E-02 8.5304E-02 6.0272E-02 5.3682E-02 5.5654E-02 5.6519E-02 6.7502E-02 5.5634E-02 2.6993E-02 3.7581E-02 3.3006E-02 0.0000E+00 3.7109E-02 4.5241E-02 6.3921E-02 9.3041E-02 1.1863E-01 8.6745E-02 1.5792E-02 0
 0 8.6190E-03 3.7605E-02 6.4710E-02 8.0859E-02 9.0398E-02 8.6042E-02 5.9122E-02 5.3254E-02 5.5878E-02 5.6786E-02 6.6989E-02 5.5487E-02 2.7105E-02 3.8834E-02 3.3695E-02 0.0000E+00 3.8637E-02 4.6911E-02 6.5008E-02 9.5183E-02 1.1822E-01 8.8277E-02 1.5767E-02 0
 0 8.4503E-03 3.6905E-02 6.4520E-02 8.1435E-02 8.9838E-02 8.5109E-02 5.9162E-02 5.3078E-02 5.6326E-02 5.6839E-02 6.5101E-02 5.4965E-02 2.7834E-02 3.9109E-02 3.3996E-02 0.0000E+00 3.9296E-02 4.6406E-02 6.4454E-02 9.4569E-02 1.2053E-01 8.7363E-02 1.5465E-02 0
 0 8.3358E-03 3.6530E-02 6.5131E-02 8.0424E-02 8.8915E-02 8.7592E-02 5.7899E-02 5.3561E-02 5.6497E-02 5.6733E-02 6.7345E-02 5.5858E-02 2.9161E-02 4.0161E-02 3.5212E-02 0.0000E+00 4.0444E-02 4.6095E-02 6.7187E-02 9.7631E-02 1.1990E-01 8.6919E-02 1.5212E-02 0
 0 8.1573E-03 3.6851E-02 6.4966E-02 8.0050E-02 8.9880E-02 8.7397E-02 5.9731E-02 5.3628E-02 5.4389E-02 5.8904E-02 6.7874E-02 5.5315E-02 3.0384E-02 4.0318E-02 3.5483E-02 0.0000E+00 4.0953E-02 4.6029E-02 6.6678E-02 9.7507E-02 1.2185E-01 8.6930E-02 1.4979E-02 0
 0 8.2235E-03 3.6274E-02 6.5167E-02 8.2002E-02 8.9618E-02 8.7457E-02 5.8313E-02 5.3670E-02 5.6458E-02 5.8915E-02 6.7490E-02 5.6186E-02 3.0581E-02 4.0726E-02 3.7538E-02 0.0000E+00 4.1597E-02 4.7297E-02 6.8007E-02 9.9035E-02 1.2358E-01 8.6063E-02 1.5174E-02 0
 0 8.0163E-03 3.5994E-02 6.4331E-02 8.1210E-02 8.9618E-02 8.8783E-02 6.0602E-02 5.4958E-02 5.5381E-02 5.8574E-02 6.5548E-02 5.6393E-02 3.0146E-02 4.1374E-02 3.7282E-02 0.0000E+00 4.1607E-02 4.6293E-02 6.7909E-02 9.8473E-02 1.2337E-01 8.5205E-02 1.4861E-02 0
 0 7.8117E-03 3.5741E-02 6.3362E-02 8.0815E-02 9.1247E-02 8.8738E-02 5.9781E-02 5.4591E-02 5.5983E-02 5.8847E-02 6.7984E-02 5.6406E-02 3.0823E-02 4.3188E-02 3.7413E-02 0.0000E+00 4.2051E-02 4.7854E-02 6.8233E-02 9.9352E-02 1.2489E-01 8.7098E-02 1.4373E-02 0
 0 7.9062E-03 3.5182E-02 6.4575E-02 7.9949E-02 9.1238E-02 8.7938E-02 5.9725E-02 5.4104E-02 5.5740E-02 5.9707E-02 6.8548E-02 5.7446E-02 3.2099E-02 4.1674E-02 3.9568E-02 5.0516E-05 4.3290E-02 4.8609E-02 6.9226E-02 1.0147E-01 1.2445E-01 8.7013E-02 1.4352E-02 0
 0 7.7994E-03 3.5135E-02 6.4405E-02 8.1380E-02 9.1409E-02 9.0098E-02 5.9125E-02 5.4181E-02 5.6583E-02 5.8730E-02 6.7173E-02 5.8252E-02 3.2851E-02 4.4358E-02 3.9634E-02 2.5258E-05 4.3070E-02 4.8830E-02 6.8561E-02 1.0183E-01 1.2708E-01 8.6036E-02 1.4229E-02 0
 0 7.6493E-03 3.4364E-02 6.3910E-02 8.0836E-02 9.2004E-02 9.0496E-02 6.1034E-02 5.4552E-02 5.8342E-02 6.0027E-02 6.6178E-02 5.8472E-02 3.3649E-02 4.3615E-02 4.0292E-02 8.0825E-05 4.5052E-02 4.9552E-02 6.9562E-02 1.0263E-01 1.2835E-01 8.5249E-02 1.4172E-02 0
 0 7.6370E-03 3.4597E-02 6.4086E-02 7.9835E-02 9.0978E-02 8.9582E-02 6.0555E-02 5.4293E-02 5.6277E-02 6.0606E-02 6.8235E-02 5.7450E-02 3.3827E-02 4.4559E-02 4.1282E-02 9.5980E-05 4.4952E-02 4.7948E-02 6.9665E-02 1.0216E-01 1.2845E-01 8.5558E-02 1.3809E-02 0
 0 7.5150E-03 3.4227E-02 6.2971E-02 8.1365E-02 9.1433E-02 9.0485E-02 6.0098E-02 5.3449E-02 5.6705E-02 6.2383E-02 6.7972E-02 5.8511E-02 3.4924E-02 4.6240E-02 4.2910E-02 7.0722E-05 4.6580E-02 4.9382E-02 7.0288E-02 1.0287E-01 1.2884E-01 8.5264E-02 1.3767E-02 0
 0 7.4624E-03 3.3863E-02 6.2933E-02 8.1725E-02 9.0978E-02 9.0407E-02 6.0627E-02 5.4875E-02 5.7967E-02 6.2444E-02 6.7725E-02 5.8300E-02 3.7153E-02 4.5350E-02 4.1473E-02 1.9701E-04 4.6749E-02 5.1858E-02 6.9993E-02 1.0631E-01 1.2939E-01 8.5326E-02 1.3716E-02 0
 0 7.2702E-03 3.2809E-02 6.3019E-02 8.1226E-02 9.3261E-02 9.0519E-02 6.0733E-02 5.1738E-02 5.7176E-02 6.4299E-02 6.7812E-02 5.8153E-02 3.6443E-02 4.7827E-02 4.2824E-02 3.2835E-04 4.7378E-02 5.2910E-02 7.1618E-02 1.0409E-01 1.3275E-01 8.3737E-02 1.3419E-02 0
 0 7.2054E-03 3.2856E-02 6.2423E-02 8.1177E-02 9.2980E-02 9.1198E-02 6.1016E-02 5.4380E-02 5.7403E-02 6.2561E-02 6.7463E-02 6.0547E-02 3.8124E-02 4.7650E-02 4.3211E-02 4.6474E-04 4.8557E-02 4.9901E-02 7.2286E-02 1.0810E-01 1.3032E-01 8.3353E-02 1.3257E-02 0
 0 7.1844E-03 3.2420E-02 6.2167E-02 8.1761E-02 9.1203E-02 9.1859E-02 5.9691E-02 5.5643E-02 5.7057E-02 6.4910E-02 6.9014E-02 5.9137E-02 3.7237E-02 4.7979E-02 4.5909E-02 4.0412E-04 5.0688E-02 5.1905E-02 7.3928E-02 1.0637E-01 1.3081E-01 8.3494E-02 1.3250E-02 0
 0 7.0180E-03 3.2224E-02 6.2085E-02 8.1088E-02 9.1935E-02 9.2885E-02 6.1725E-02 5.4207E-02 5.7476E-02 6.4917E-02 7.0357E-02 5.9516E-02 3.7867E-02 4.8854E-02 4.6095E-02 8.1330E-04 5.0778E-02 5.2401E-02 7.2885E-02 1.0809E-01 1.3268E-01 8.3097E-02 1.3008E-02 0
 0 7.0239E-03 3.2293E-02 6.2187E-02 8.0383E-02 9.3609E-02 9.1584E-02 6.0879E-02 5.4559E-02 5.7621E-02 6.5266E-02 6.8779E-02 5.9413E-02 3.9932E-02 4.9046E-02 4.5960E-02 1.0457E-03 5.0184E-02 5.2391E-02 7.5913E-02 1.1064E-01 1.3107E-01 8.3067E-02 1.2827E-02 0
 0 6.9262E-03 3.1895E-02 6.2767E-02 8.1710E-02 9.3080E-02 9.2931E-02 6.1681E-02 5.5256E-02 5.7884E-02 6.6502E-02 6.8803E-02 6.0137E-02 4.0660E-02 5.0496E-02 4.8366E-02 1.3286E-03 5.1827E-02 5.4853E-02 7.4248E-02 1.1020E-01 1.3377E-01 8.3702E-02 1.2892E-02 0
 0 6.7678E-03 3.1509E-02 6.2132E-02 8.1058E-02 9.2143E-02 9.2028E-02 6.1152E-02 5.5509E-02 5.6758E-02 6.6662E-02 6.8548E-02 6.0935E-02 4.0749E-02 5.1862E-02 4.8854E-02 1.9701E-03 5.2810E-02 5.3207E-02 7.4129E-02 1.0923E-01 1.3324E-01 8.1837E-02 1.2499E-02 0
 0 6.7188E-03 3.0517E-02 6.2334E-02 8.0898E-02 9.3499E-02 9.3549E-02 6.2614E-02 5.4802E-02 5.9120E-02 6.6780E-02 7.0495E-02 6.0133E-02 4.2155E-02 5.3341E-02 4.9185E-02 2.7683E-03 5.1842E-02 5.3438E-02 7.6344E-02 1.1267E-01 1.3439E-01 8.1137E-02 1.2555E-02 0
 0 6.7873E-03 3.0273E-02 6.1280E-02 8.1150E-02 9.2231E-02 9.3460E-02 6.2680E-02 5.6347E-02 5.8497E-02 6.5984E-02 6.8677E-02 6.1919E-02 4.4299E-02 5.2855E-02 5.1547E-02 3.5613E-03 5.3125E-02 5.3844E-02 7.5725E-02 1.1505E-01 1.3463E-01 8.0943E-02 1.2506E-02 0
 0 6.5660E-03 3.0351E-02 6.1099E-02 8.1051E-02 9.3225E-02 9.3669E-02 6.2505E-02 5.4530E-02 5.9248E-02 6.9427E-02 6.8803E-02 6.3144E-02 4.4827E-02 5.4039E-02 4.9944E-02 4.3746E-03 5.6619E-02 5.4207E-02 7.6586E-02 1.1276E-01 1.3421E-01 7.9570E-02 1.2219E-02 0
 0 6.5940E-03 3.0189E-02 6.0956E-02 8.0588E-02 9.4412E-02 9.3936E-02 6.2456E-02 5.4703E-02 5.9011E-02 6.9619E-02 6.9829E-02 6.3204E-02 4.5336E-02 5.4049E-02 5.3049E-02 5.1728E-03 5.6969E-02 5.5075E-02 7.8002E-02 1.1499E-01 1.3472E-01 8.0631E-02 1.2191E-02 0
 0 6.4467E-03 2.9873E-02 6.0596E-02 8.0637E-02 9.3247E-02 9.3506E-02 6.4477E-02 5.6644E-02 5.8415E-02 6.9616E-02 7.0169E-02 6.4287E-02 4.6817E-02 5.4938E-02 5.4431E-02 7.1480E-03 5.6055E-02 5.7560E-02 7.7312E-02 1.1618E-01 1.3654E-01 8.0623E-02 1.1869E-02 0
 0 6.3522E-03 2.9673E-02 6.0050E-02 8.0257E-02 9.4377E-02 9.5961E-02 6.2092E-02 5.7226E-02 6.0167E-02 7.0515E-02 7.1251E-02 6.4037E-02 4.7508E-02 5.6653E-02 5.3195E-02 8.0673E-03 5.8716E-02 5.7386E-02 7.9520E-02 1.1716E-01 1.3700E-01 7.9212E-02 1.1906E-02 0
 0 6.3313E-03 2.8918E-02 6.0514E-02 8.0009E-02 9.5672E-02 9.5213E-02 6.3970E-02 5.5173E-02 6.0964E-02 7.0266E-02 6.9903E-02 6.4999E-02 4.8811E-02 5.8103E-02 5.4577E-02 1.0522E-02 5.9790E-02 5.6839E-02 7.8884E-02 1.1627E-01 1.3683E-01 7.9333E-02 1.1728E-02 0
 0 6.3415E-03 2.8953E-02 5.9624E-02 8.0499E-02 9.3100E-02 9.6574E-02 6.3162E-02 5.6100E-02 6.0780E-02 7.2534E-02 7.0957E-02 6.4542E-02 4.8610E-02 5.8752E-02 5.5607E-02 1.3538E-02 5.8991E-02 5.6565E-02 7.9602E-02 1.1997E-01 1.3794E-01 7.8139E-02 1.1648E-02 0
 0 6.2468E-03 2.8232E-02 5.9558E-02 8.1499E-02 9.4399E-02 9.5460E-02 6.5034E-02 5.8048E-02 6.1403E-02 7.2893E-02 7.1431E-02 6.4887E-02 4.9946E-02 5.7857E-02 5.7596E-02 1.6705E-02 6.1647E-02 5.9004E-02 8.1353E-02 1.1862E-01 1.3869E-01 7.8758E-02 1.1463E-02 0
 0 6.1164E-03 2.7767E-02 6.0072E-02 7.9428E-02 9.3599E-02 9.4835E-02 6.4253E-02 5.4885E-02 6.0059E-02 7.2008E-02 7.1493E-02 6.5749E-02 5.1623E-02 6.0909E-02 5.6898E-02 2.0115E-02 6.1402E-02 5.8192E-02 8.2486E-02 1.2031E-01 1.3519E-01 7.7498E-02 1.1265E-02 0
 0 5.9982E-03 2.7795E-02 5.8259E-02 8.0395E-02 9.3680E-02 9.6350E-02 6.4645E-02 5.6663E-02 6.1136E-02 7.3358E-02 7.1924E-02 6.7557E-02 5.0236E-02 5.9995E-02 5.8732E-02 2.3616E-02 6.2411E-02 5.9640E-02 8.1924E-02 1.2137E-01 1.3872E-01 7.6764E-02 1.1095E-02 0
 0 5.9210E-03 2.7719E-02 5.8019E-02 8.0046E-02 9.4434E-02 9.5998E-02 6.4742E-02 5.7588E-02 6.1946E-02 7.3607E-02 7.2990E-02 6.7138E-02 5.4304E-02 6.3219E-02 5.8697E-02 2.7097E-02 6.3973E-02 6.1258E-02 8.1817E-02 1.2288E-01 1.3780E-01 7.6131E-02 1.1110E-02 0
 0 5.7284E-03 2.7349E-02 5.8571E-02 8.0793E-02 9.3117E-02 9.7321E-02 6.4213E-02 5.6839E-02 6.0793E-02 7.5967E-02 7.3710E-02 6.6621E-02 5.4024E-02 6.2964E-02 6.0420E-02 3.3901E-02 6.4892E-02 6.1565E-02 8.3122E-02 1.2389E-01 1.3853E-01 7.6388E-02 1.0818E-02 0
 0 5.7339E-03 2.6938E-02 5.8040E-02 8.0093E-02 9.3264E-02 9.7104E-02 6.5354E-02 5.6507E-02 6.1472E-02 7.5572E-02 7.2488E-02 6.6638E-02 5.6471E-02 6.3730E-02 6.1892E-02 3.8286E-02 6.5022E-02 6.1867E-02 8.3155E-02 1.2320E-01 1.3836E-01 7.4668E-02 1.0679E-02 0
 0 5.6972E-03 2.6370E-02 5.7795E-02 8.0721E-02 9.4262E-02 9.6820E-02 6.6657E-02 5.8464E-02 6.2131E-02 7.6383E-02 7.3910E-02 6.7371E-02 5.5528E-02 6.3774E-02 6.4254E-02 4.5040E-02 6.7573E-02 6.2296E-02 8.5477E-02 1.2475E-01 1.3845E-01 7.5641E-02 1.0499E-02 0
 0 5.6025E-03 2.6398E-02 5.7388E-02 7.9652E-02 9.3582E-02 9.6379E-02 6.6779E-02 5.7939E-02 6.1518E-02 7.7118E-02 7.5124E-02 6.8230E-02 5.7695E-02 6.5190E-02 6.4214E-02 4.9596E-02 6.6060E-02 6.1555E-02 8.7261E-02 1.2688E-01 1.3808E-01 7.3874E-02 1.0574E-02 0
 0 5.5210E-03 2.6037E-02 5.7037E-02 7.8152E-02 9.5234E-02 9.7837E-02 6.5871E-02 5.8777E-02 6.2213E-02 7.7751E-02 7.4658E-02 6.8825E-02 5.8606E-02 6.6659E-02 6.5194E-02 5.7350E-02 6.8521E-02 6.4956E-02 8.5198E-02 1.2717E-01 1.4004E-01 7.2905E-02 1.0412E-02 0
 0 5.4194E-03 2.5474E-02 5.7249E-02 7.9625E-02 9.4355E-02 9.7768E-02 6.4969E-02 5.7965E-02 6.2091E-02 7.8025E-02 7.4560E-02 6.9783E-02 5.9909E-02 6.6546E-02 6.5445E-02 6.6281E-02 7.0064E-02 6.5616E-02 8.6002E-02 1.2684E-01 1.3837E-01 7.1951E-02 1.0433E-02 0
 0 5.3949E-03 2.5503E-02 5.6967E-02 7.8236E-02 9.2248E-02 9.8200E-02 6.6157E-02 5.7408E-02 6.2724E-02 7.8348E-02 7.4576E-02 6.9925E-02 6.2534E-02 6.9357E-02 6.7706E-02 7.4965E-02 7.0608E-02 6.4932E-02 8.7430E-02 1.2671E-01 1.3875E-01 7.1662E-02 1.0037E-02 0
 0 5.4065E-03 2.5217E-02 5.5790E-02 7.7789E-02 9.4140E-02 9.7633E-02 6.7115E-02 5.8630E-02 6.3636E-02 8.0523E-02 7.5782E-02 7.0551E-02 6.4113E-02 7.0532E-02 6.7836E-02 8.3937E-02 7.1063E-02 6.5857E-02 8.7930E-02 1.2615E-01 1.3856E-01 7.1929E-02 9.9568E-03 0
 0 5.2280E-03 2.5166E-02 5.5863E-02 7.8841E-02 9.3885E-02 9.8255E-02 6.8010E-02 5.8640E-02 6.3053E-02 7.9499E-02 7.7149E-02 7.1107E-02 6.2922E-02 6.9436E-02 6.9866E-02 9.0211E-02 7.2515E-02 6.7692E-02 8.7815E-02 1.2798E-01 1.3865E-01 7.0280E-02 9.9796E-03 0
 0 5.2268E-03 2.4619E-02 5.5985E-02 7.7388E-02 9.3778E-02 9.9504E-02 6.8433E-02 5.8637E-02 6.2707E-02 8.1262E-02 7.6194E-02 7.1646E-02 6.5066E-02 7.1849E-02 7.0424E-02 1.0091E-01 7.3898E-02 6.8654E-02 8.9842E-02 1.2923E-01 1.3814E-01 6.8483E-02 1.0062E-02 0
 0 5.1631E-03 2.4347E-02 5.6126E-02 7.7161E-02 9.3455E-02 9.9590E-02 7.0138E-02 5.9942E-02 6.3593E-02 8.1934E-02 7.7999E-02 7.3199E-02 6.7612E-02 7.2498E-02 7.0987E-02 1.1140E-01 7.4532E-02 6.7442E-02 9.0819E-02 1.3076E-01 1.3717E-01 6.9106E-02 9.7474E-03 0
 0 5.1146E-03 2.3989E-02 5.4558E-02 7.6705E-02 9.2067E-02 9.9907E-02 6.8729E-02 6.0383E-02 6.4420E-02 8.2897E-02 7.7960E-02 7.2625E-02 6.7303E-02 7.5549E-02 7.2956E-02 1.1979E-01 7.6170E-02 7.0922E-02 9.1914E-02 1.3183E-01 1.3693E-01 6.9791E-02 9.7139E-03 0
 0 5.0524E-03 2.3244E-02 5.4653E-02 7.6828E-02 9.3477E-02 1.0037E-01 7.0094E-02 6.0181E-02 6.5369E-02 8.3615E-02 7.8379E-02 7.3738E-02 6.8854E-02 7.4822E-02 7.2625E-02 1.3118E-01 7.6829E-02 6.9880E-02 9.1208E-02 1.3310E-01 1.3726E-01 6.8098E-02 9.4588E-03 0
 0 4.8910E-03 2.3433E-02 5.4691E-02 7.7528E-02 9.4069E-02 1.0083E-01 6.9208E-02 6.1003E-02 6.5293E-02 8.3889E-02 7.8195E-02 7.5792E-02 6.9676E-02 7.4675E-02 7.3896E-02 1.3856E-01 7.7383E-02 6.9423E-02 9.2332E-02 1.3113E-01 1.3597E-01 6.6544E-02 9.5299E-03 0
 0 4.8150E-03 2.3042E-02 5.4567E-02 7.6313E-02 9.3506E-02 9.9824E-02 7.0051E-02 6.1614E-02 6.6571E-02 8.2847E-02 7.8645E-02 7.5460E-02 7.1755E-02 7.8149E-02 7.5157E-02 1.4591E-01 8.0149E-02 7.2064E-02 9.2964E-02 1.3113E-01 1.3737E-01 6.6300E-02 9.1319E-03 0
 0 4.8553E-03 2.2652E-02 5.3987E-02 7.7077E-02 9.3305E-02 1.0040E-01 7.0604E-02 6.0629E-02 6.5125E-02 8.4990E-02 7.8410E-02 7.5386E-02 7.3049E-02 7.7343E-02 7.7026E-02 1.5963E-01 8.2470E-02 7.0720E-02 9.6033E-02 1.3137E-01 1.3642E-01 6.5830E-02 9.2601E-03 0
 0 4.6451E-03 2.2657E-02 5.3409E-02 7.7009E-02 9.3445E-02 1.0042E-01 7.0704E-02 6.1090E-02 6.5705E-02 8.5175E-02 7.8536E-02 7.5960E-02 7.3875E-02 7.8267E-02 7.8569E-02 1.7036E-01 8.3119E-02 7.3243E-02 9.4975E-02 1.3415E-01 1.3631E-01 6.4732E-02 9.0511E-03 0
 0 4.6850E-03 2.2061E-02 5.3076E-02 7.6490E-02 9.3964E-02 9.8911E-02 7.0415E-02 6.1685E-02 6.6222E-02 8.5662E-02 8.0071E-02 7.6469E-02 7.5762E-02 8.1196E-02 8.1026E-02 1.7568E-01 8.2810E-02 7.5342E-02 9.4175E-02 1.3370E-01 1.3529E-01 6.3517E-02 8.9434E-03 0
 0 4.5269E-03 2.2053E-02 5.2671E-02 7.5938E-02 9.2231E-02 9.8911E-02 7.1317E-02 6.1899E-02 6.7128E-02 8.6739E-02 7.8375E-02 7.8669E-02 7.7939E-02 8.1442E-02 8.1041E-02 1.7920E-01 8.7068E-02 7.4215E-02 9.6571E-02 1.3507E-01 1.3404E-01 6.4152E-02 8.8827E-03 0
 0 4.4737E-03 2.1607E-02 5.2197E-02 7.4799E-02 9.3504E-02 1.0047E-01 7.1904E-02 6.3239E-02 6.8825E-02 8.5303E-02 8.1912E-02 7.8143E-02 7.6566E-02 8.3324E-02 8.2247E-02 1.9145E-01 8.5650E-02 7.6177E-02 9.7018E-02 1.3682E-01 1.3505E-01 6.2406E-02 8.6527E-03 0
 0 4.4126E-03 2.1170E-02 5.2468E-02 7.5753E-02 9.4289E-02 1.0011E-01 7.1435E-02 6.2695E-02 6.8363E-02 8.9504E-02 8.0255E-02 7.9527E-02 8.0629E-02 8.3609E-02 8.4814E-02 2.0802E-01 8.7453E-02 7.6710E-02 9.7444E-02 1.3846E-01 1.3487E-01 6.2480E-02 8.7759E-03 0
 0 4.3448E-03 2.1011E-02 5.1190E-02 7.4653E-02 9.2576E-02 1.0046E-01 7.1052E-02 6.3748E-02 6.8064E-02 8.9070E-02 8.3538E-02 7.8941E-02 8.2278E-02 8.2823E-02 8.5844E-02 2.0784E-01 8.6834E-02 7.6021E-02 9.8995E-02 1.3709E-01 1.3420E-01 6.1756E-02 8.6272E-03 0
 0 4.2660E-03 2.0839E-02 5.0996E-02 7.3418E-02 9.2420E-02 1.0214E-01 7.2747E-02 6.2286E-02 6.7372E-02 8.9902E-02 8.2053E-02 7.9756E-02 8.3437E-02 8.4484E-02 8.6925E-02 2.2322E-01 8.8401E-02 7.7776E-02 1.0000E-01 1.3501E-01 1.3439E-01 6.1365E-02 8.3360E-03 0
 0 4.2747E-03 2.0552E-02 5.1099E-02 7.4838E-02 9.2395E-02 1.0149E-01 7.2163E-02 6.3639E-02 6.9833E-02 9.0990E-02 8.2292E-02 8.0476E-02 8.5492E-02 8.7880E-02 8.7176E-02 2.2625E-01 8.8641E-02 8.0384E-02 1.0140E-01 1.3858E-01 1.3383E-01 6.0887E-02 8.3083E-03 0
 0 4.2565E-03 2.0126E-02 5.0497E-02 7.4173E-02 9.2496E-02 1.0042E-01 7.3142E-02 6.2584E-02 7.0215E-02 9.0432E-02 8.5316E-02 8.2465E-02 8.5081E-02 8.9197E-02 8.9347E-02 2.3727E-01 9.0433E-02 7.8917E-02 1.0064E-01 1.3779E-01 1.3365E-01 6.0015E-02 8.2735E-03 0
 0 4.1385E-03 1.9856E-02 5.0473E-02 7.4670E-02 9.2486E-02 1.0128E-01 7.2191E-02 6.4653E-02 6.9645E-02 9.1412E-02 8.2942E-02 8.4139E-02 8.6337E-02 8.8347E-02 8.8874E-02 2.4083E-01 9.2395E-02 7.9648E-02 1.0178E-01 1.3999E-01 1.3224E-01 5.8522E-02 8.0841E-03 0
 0 4.0217E-03 1.9633E-02 5.0396E-02 7.3695E-02 9.2640E-02 1.0136E-01 7.3932E-02 6.4819E-02 6.9872E-02 9.1718E-02 8.4677E-02 8.3388E-02 8.8280E-02 9.1909E-02 9.0417E-02 2.5315E-01 9.4762E-02 8.1181E-02 1.0431E-01 1.3966E-01 1.3070E-01 5.8651E-02 8.1145E-03 0
 0 4.0597E-03 1.9719E-02 4.9928E-02 7.3178E-02 9.2075E-02 1.0128E-01 7.4501E-02 6.5126E-02 7.0676E-02 9.5006E-02 8.4732E-02 8.4898E-02 8.9229E-02 9.2878E-02 9.5828E-02 2.4875E-01 9.5905E-02 8.2421E-02 1.0367E-01 1.3983E-01 1.3180E-01 5.7940E-02 7.7947E-03 0
 0 3.9990E-03 1.9129E-02 4.9823E-02 7.3734E-02 9.1801E-02 9.9965E-02 7.3195E-02 6.6025E-02 6.9164E-02 9.2059E-02 8.5711E-02 8.5019E-02 9.1246E-02 9.3924E-02 9.8175E-02 2.6125E-01 9.6724E-02 8.3317E-02 1.0496E-01 1.4101E-01 1.3043E-01 5.6791E-02 7.9488E-03 0
 0 3.9368E-03 1.9165E-02 4.9298E-02 7.3736E-02 9.1345E-02 1.0150E-01 7.4788E-02 6.5932E-02 7.2010E-02 9.3684E-02 8.6244E-02 8.5290E-02 9.3582E-02 9.5217E-02 9.6190E-02 2.5865E-01 9.8920E-02 8.4765E-02 1.0541E-01 1.4153E-01 1.2929E-01 5.6042E-02 7.8108E-03 0
 0 3.9088E-03 1.8524E-02 4.8964E-02 7.2225E-02 9.2356E-02 1.0157E-01 7.5350E-02 6.6348E-02 7.2313E-02 9.3612E-02 8.5641E-02 8.6645E-02 9.7347E-02 9.4534E-02 9.8476E-02 2.6378E-01 9.9664E-02 8.6426E-02 1.0788E-01 1.4117E-01 1.2806E-01 5.6472E-02 7.5620E-03 0
 0 3.8576E-03 1.8739E-02 4.8380E-02 7.1474E-02 9.0592E-02 1.0054E-01 7.6874E-02 6.7276E-02 7.4389E-02 9.4643E-02 8.7599E-02 8.7292E-02 9.6104E-02 9.8451E-02 9.7722E-02 2.6408E-01 1.0166E-01 8.6765E-02 1.0674E-01 1.4049E-01 1.2811E-01 5.5778E-02 7.4798E-03 0
 0 3.8460E-03 1.8660E-02 4.8687E-02 7.2293E-02 9.2344E-02 1.0157E-01 7.6651E-02 6.8453E-02 7.3433E-02 9.6036E-02 8.9107E-02 8.7943E-02 9.6711E-02 9.9183E-02 1.0112E-01 2.6637E-01 1.0317E-01 8.8161E-02 1.0752E-01 1.4185E-01 1.2722E-01 5.4499E-02 7.3190E-03 0
 0 3.7430E-03 1.7955E-02 4.7502E-02 7.1546E-02 9.0540E-02 1.0134E-01 7.6420E-02 6.6332E-02 7.2554E-02 9.5816E-02 8.8637E-02 8.8457E-02 9.9790E-02 9.7743E-02 1.0039E-01 2.7418E-01 1.0291E-01 8.8694E-02 1.0865E-01 1.4142E-01 1.2769E-01 5.3952E-02 7.4267E-03 0
 0 3.7162E-03 1.7769E-02 4.7541E-02 7.0580E-02 9.0787E-02 1.0345E-01 7.7671E-02 6.8750E-02 7.3107E-02 9.8417E-02 8.8806E-02 9.2218E-02 1.0092E-01 9.9655E-02 1.0270E-01 2.7676E-01 1.0435E-01 9.0883E-02 1.0977E-01 1.4117E-01 1.2826E-01 5.2763E-02 7.2105E-03 0
 0 3.6201E-03 1.7634E-02 4.6869E-02 7.2084E-02 9.0863E-02 1.0131E-01 7.7549E-02 6.6946E-02 7.4181E-02 1.0016E-01 8.9276E-02 9.0769E-02 1.0248E-01 1.0285E-01 1.0475E-01 2.7377E-01 1.0409E-01 9.2137E-02 1.1067E-01 1.4403E-01 1.2689E-01 5.2251E-02 7.2029E-03 0
 0 3.6092E-03 1.7279E-02 4.6870E-02 7.0438E-02 9.0058E-02 1.0403E-01 7.7584E-02 6.9009E-02 7.4165E-02 9.7198E-02 9.0842E-02 9.2814E-02 1.0702E-01 1.0541E-01 1.0589E-01 2.7011E-01 1.0671E-01 9.0925E-02 1.0999E-01 1.4173E-01 1.2370E-01 5.1172E-02 6.9510E-03 0
 0 3.5356E-03 1.7146E-02 4.6193E-02 7.0182E-02 9.0413E-02 1.0207E-01 7.7658E-02 6.9454E-02 7.5980E-02 1.0019E-01 9.1465E-02 9.2917E-02 1.0541E-01 1.0613E-01 1.0731E-01 2.8218E-01 1.0967E-01 9.2236E-02 1.1296E-01 1.4464E-01 1.2397E-01 5.1157E-02 6.9206E-03 0
 0 3.4587E-03 1.6803E-02 4.5542E-02 7.1286E-02 9.0188E-02 1.0094E-01 7.8035E-02 6.9937E-02 7.5255E-02 1.0023E-01 8.9981E-02 9.3176E-02 1.0710E-01 1.0315E-01 1.0931E-01 2.7321E-01 1.0948E-01 9.4354E-02 1.1347E-01 1.4623E-01 1.2309E-01 5.0059E-02 6.8947E-03 0
 0 3.4418E-03 1.6479E-02 4.5643E-02 6.9599E-02 8.9263E-02 1.0138E-01 7.8974E-02 6.9473E-02 7.6174E-02 1.0115E-01 9.3294E-02 9.3719E-02 1.1091E-01 1.0787E-01 1.0794E-01 2.7598E-01 1.1154E-01 9.4227E-02 1.1181E-01 1.4376E-01 1.2202E-01 4.8929E-02 6.9447E-03 0
 0 3.3911E-03 1.6810E-02 4.5406E-02 6.9868E-02 9.1098E-02 1.0180E-01 7.9817E-02 6.9508E-02 7.6171E-02 1.0054E-01 9.3001E-02 9.6006E-02 1.1245E-01 1.0816E-01 1.1232E-01 2.7578E-01 1.1282E-01 9.5623E-02 1.1426E-01 1.4362E-01 1.2216E-01 4.9305E-02 6.7326E-03 0
 0 3.3130E-03 1.6152E-02 4.4236E-02 6.9289E-02 8.8893E-02 1.0046E-01 8.1011E-02 7.1107E-02 7.5763E-02 9.9604E-02 9.3326E-02 9.7235E-02 1.1177E-01 1.0847E-01 1.1239E-01 2.7163E-01 1.1418E-01 9.8424E-02 1.1422E-01 1.4529E-01 1.2025E-01 4.8036E-02 6.7987E-03 0
 0 3.3325E-03 1.6023E-02 4.4730E-02 6.8827E-02 8.8509E-02 1.0214E-01 8.0010E-02 7.0039E-02 7.7383E-02 1.0105E-01 9.3106E-02 9.7459E-02 1.1561E-01 1.1091E-01 1.1588E-01 2.6809E-01 1.1730E-01 9.7208E-02 1.1714E-01 1.4447E-01 1.2015E-01 4.7483E-02 6.5437E-03 0
 0 3.2581E-03 1.5466E-02 4.4050E-02 6.6835E-02 8.9493E-02 9.9902E-02 8.0678E-02 7.1264E-02 7.6998E-02 1.0291E-01 9.3279E-02 9.7283E-02 1.1521E-01 1.1360E-01 1.1627E-01 2.6963E-01 1.1541E-01 9.7991E-02 1.1440E-01 1.4406E-01 1.2091E-01 4.7204E-02 6.6500E-03 0
 0 3.2804E-03 1.5430E-02 4.3246E-02 6.8761E-02 8.9547E-02 1.0092E-01 8.0828E-02 7.1651E-02 7.7472E-02 1.0299E-01 9.5010E-02 9.8413E-02 1.1901E-01 1.1580E-01 1.1750E-01 2.6855E-01 1.1742E-01 1.0089E-01 1.1768E-01 1.4706E-01 1.1805E-01 4.5820E-02 6.5169E-03 0
 0 3.2162E-03 1.5494E-02 4.3400E-02 6.7754E-02 8.7951E-02 1.0218E-01 8.2575E-02 7.2288E-02 7.8945E-02 1.0284E-01 9.6917E-02 9.9858E-02 1.2116E-01 1.1398E-01 1.1940E-01 2.6496E-01 1.1683E-01 9.9141E-02 1.1842E-01 1.4378E-01 1.1668E-01 4.5250E-02 6.3132E-03 0
 0 3.1165E-03 1.5208E-02 4.3001E-02 6.7327E-02 8.8531E-02 1.0128E-01 8.2635E-02 7.3842E-02 7.9169E-02 1.0521E-01 9.5731E-02 1.0186E-01 1.2116E-01 1.1608E-01 1.1728E-01 2.6515E-01 1.1999E-01 1.0202E-01 1.2031E-01 1.4661E-01 1.1619E-01 4.5316E-02 6.4369E-03 0
 0 3.0630E-03 1.4894E-02 4.2127E-02 6.7446E-02 8.6236E-02 1.0091E-01 8.2523E-02 7.3167E-02 8.1376E-02 1.0425E-01 9.6714E-02 1.0129E-01 1.2506E-01 1.1746E-01 1.2205E-01 2.6280E-01 1.2218E-01 1.0267E-01 1.2053E-01 1.4676E-01 1.1724E-01 4.4135E-02 6.2265E-03 0
 0 3.0363E-03 1.4711E-02 4.1706E-02 6.6397E-02 8.7420E-02 1.0278E-01 8.0482E-02 7.5195E-02 8.0193E-02 1.0424E-01 9.7399E-02 1.0287E-01 1.2404E-01 1.1719E-01 1.2458E-01 2.5740E-01 1.2178E-01 1.0403E-01 1.2058E-01 1.4636E-01 1.1388E-01 4.3745E-02 6.2480E-03 0
 0 2.9851E-03 1.4619E-02 4.1752E-02 6.5626E-02 8.6963E-02 1.0027E-01 8.2849E-02 7.3778E-02 8.0935E-02 1.0605E-01 9.7763E-02 1.0475E-01 1.2792E-01 1.1976E-01 1.2735E-01 2.5645E-01 1.2590E-01 1.0620E-01 1.2238E-01 1.4647E-01 1.1572E-01 4.2808E-02 6.1010E-03 0
 0 2.9969E-03 1.4302E-02 4.1842E-02 6.5741E-02 8.6938E-02 1.0105E-01 8.3648E-02 7.4095E-02 8.0523E-02 1.0730E-01 9.9228E-02 1.0565E-01 1.2719E-01 1.2015E-01 1.2747E-01 2.5199E-01 1.2718E-01 1.0634E-01 1.2360E-01 1.4496E-01 1.1365E-01 4.2640E-02 6.0805E-03 0
 0 2.9127E-03 1.4117E-02 4.0812E-02 6.5394E-02 8.6285E-02 1.0147E-01 8.3337E-02 7.7271E-02 8.2443E-02 1.0718E-01 1.0077E-01 1.0591E-01 1.2938E-01 1.2263E-01 1.2877E-01 2.4869E-01 1.2801E-01 1.0771E-01 1.2476E-01 1.4700E-01 1.1250E-01 4.2317E-02 5.9327E-03 0
 0 2.9072E-03 1.3986E-02 4.0576E-02 6.7005E-02 8.5658E-02 1.0059E-01 8.3104E-02 7.5636E-02 8.1864E-02 1.0849E-01 1.0018E-01 1.0400E-01 1.3012E-01 1.2491E-01 1.3255E-01 2.4527E-01 1.2951E-01 1.0909E-01 1.2550E-01 1.4795E-01 1.1118E-01 4.2290E-02 5.8657E-03 0
 0 2.7868E-03 1.3832E-02 4.0245E-02 6.5817E-02 8.5786E-02 1.0073E-01 8.5048E-02 7.6676E-02 8.2766E-02 1.0817E-01 1.0113E-01 1.0630E-01 1.3257E-01 1.2664E-01 1.3115E-01 2.4357E-01 1.2770E-01 1.1109E-01 1.2599E-01 1.4619E-01 1.1105E-01 4.0811E-02 5.7866E-03 0
 0 2.8112E-03 1.3584E-02 3.9970E-02 6.5462E-02 8.5568E-02 1.0173E-01 8.3953E-02 7.6701E-02 8.1985E-02 1.0963E-01 1.0146E-01 1.0794E-01 1.3139E-01 1.2576E-01 1.3411E-01 2.3972E-01 1.3195E-01 1.1174E-01 1.2483E-01 1.4776E-01 1.1033E-01 3.9912E-02 5.8447E-03 0
 0 2.7394E-03 1.3176E-02 3.9368E-02 6.3798E-02 8.6231E-02 9.9180E-02 8.5885E-02 7.7239E-02 8.1817E-02 1.0896E-01 1.0307E-01 1.0920E-01 1.3688E-01 1.2916E-01 1.3408E-01 2.3540E-01 1.3368E-01 1.1206E-01 1.2737E-01 1.4659E-01 1.1008E-01 3.9461E-02 5.6870E-03 0
 0 2.7226E-03 1.3028E-02 3.9652E-02 6.3683E-02 8.5822E-02 1.0027E-01 8.5216E-02 7.7946E-02 8.5069E-02 1.0942E-01 1.0300E-01 1.1073E-01 1.3737E-01 1.3239E-01 1.3845E-01 2.3063E-01 1.3435E-01 1.1494E-01 1.2823E-01 1.4513E-01 1.0908E-01 3.9333E-02 5.6160E-03 0
 0 2.6493E-03 1.3012E-02 3.9347E-02 6.3313E-02 8.4158E-02 9.8865E-02 8.6158E-02 7.7581E-02 8.4123E-02 1.1118E-01 1.0233E-01 1.1099E-01 1.3696E-01 1.3175E-01 1.3715E-01 2.2946E-01 1.3681E-01 1.1338E-01 1.2854E-01 1.4443E-01 1.0793E-01 3.8857E-02 5.5365E-03 0
 0 2.5987E-03 1.3015E-02 3.8462E-02 6.2698E-02 8.4843E-02 9.9446E-02 8.7219E-02 7.9100E-02 8.5421E-02 1.1189E-01 1.0399E-01 1.1229E-01 1.4062E-01 1.3292E-01 1.3974E-01 2.2456E-01 1.3821E-01 1.1679E-01 1.3007E-01 1.4598E-01 1.0739E-01 3.7910E-02 5.4615E-03 0
 0 2.5844E-03 1.2408E-02 3.8441E-02 6.1889E-02 8.4168E-02 1.0116E-01 8.5835E-02 7.9881E-02 8.4888E-02 1.1180E-01 1.0186E-01 1.1408E-01 1.4461E-01 1.3239E-01 1.4178E-01 2.2502E-01 1.3973E-01 1.1786E-01 1.3250E-01 1.4614E-01 1.0357E-01 3.7363E-02 5.3869E-03 0
 0 2.5534E-03 1.2471E-02 3.7924E-02 6.2897E-02 8.3204E-02 1.0006E-01 8.6479E-02 7.8876E-02 8.7355E-02 1.1215E-01 1.0680E-01 1.1392E-01 1.4632E-01 1.3461E-01 1.4432E-01 2.2054E-01 1.4004E-01 1.1804E-01 1.3143E-01 1.4407E-01 1.0296E-01 3.6824E-02 5.2350E-03 0
 0 2.5334E-03 1.2262E-02 3.7381E-02 6.2102E-02 8.4031E-02 9.9907E-02 8.7657E-02 7.9708E-02 8.7069E-02 1.1244E-01 1.0783E-01 1.1462E-01 1.4439E-01 1.3493E-01 1.4500E-01 2.1686E-01 1.3911E-01 1.2044E-01 1.3099E-01 1.4478E-01 1.0462E-01 3.6162E-02 5.3042E-03 0
 0 2.4423E-03 1.2147E-02 3.7933E-02 6.0377E-02 8.3319E-02 9.9521E-02 8.8295E-02 8.1377E-02 8.7174E-02 1.1371E-01 1.0870E-01 1.1624E-01 1.4669E-01 1.3781E-01 1.4411E-01 2.1464E-01 1.4248E-01 1.2345E-01 1.3347E-01 1.4549E-01 1.0384E-01 3.5486E-02 5.2801E-03 0
 0 2.4860E-03 1.2130E-02 3.7103E-02 6.1037E-02 8.3622E-02 9.9718E-02 8.8591E-02 8.0178E-02 8.7223E-02 1.1446E-01 1.0754E-01 1.1716E-01 1.4889E-01 1.3896E-01 1.4693E-01 2.0579E-01 1.4565E-01 1.2186E-01 1.3511E-01 1.4530E-01 1.0252E-01 3.5636E-02 5.1555E-03 0
 0 2.4405E-03 1.1738E-02 3.6842E-02 6.0914E-02 8.2506E-02 1.0049E-01 8.9835E-02 8.2922E-02 8.9246E-02 1.1363E-01 1.0944E-01 1.1737E-01 1.5237E-01 1.4136E-01 1.4650E-01 2.0477E-01 1.4500E-01 1.2467E-01 1.3478E-01 1.4570E-01 1.0038E-01 3.4915E-02 5.0997E-03 0
 0 2.3733E-03 1.1885E-02 3.5552E-02 6.1091E-02 8.3067E-02 9.7983E-02 8.9042E-02 8.2513E-02 8.8656E-02 1.1517E-01 1.0777E-01 1.1942E-01 1.5090E-01 1.4193E-01 1.4982E-01 2.0414E-01 1.4773E-01 1.2414E-01 1.3718E-01 1.4496E-01 9.9685E-02 3.3938E-02 5.0188E-03 0
 0 2.3301E-03 1.1385E-02 3.5562E-02 6.1267E-02 8.2548E-02 1.0040E-01 8.8675E-02 8.2359E-02 8.9862E-02 1.1342E-01 1.1175E-01 1.2011E-01 1.5387E-01 1.4577E-01 1.5133E-01 2.0083E-01 1.4878E-01 1.2487E-01 1.3560E-01 1.4428E-01 9.7315E-02 3.3715E-02 4.9384E-03 0
 0 2.3663E-03 1.1421E-02 3.5597E-02 5.9527E-02 8.1364E-02 9.9157E-02 9.0373E-02 8.2692E-02 8.9753E-02 1.1703E-01 1.1159E-01 1.2053E-01 1.5551E-01 1.4358E-01 1.5323E-01 1.9685E-01 1.4930E-01 1.2653E-01 1.3703E-01 1.4437E-01 9.8364E-02 3.2855E-02 4.9210E-03 0
 0 2.2788E-03 1.1298E-02 3.5116E-02 5.8450E-02 8.1586E-02 9.9223E-02 8.9993E-02 8.4490E-02 9.0320E-02 1.1773E-01 1.1295E-01 1.2137E-01 1.5406E-01 1.4735E-01 1.5534E-01 1.9112E-01 1.5222E-01 1.3079E-01 1.3758E-01 1.4382E-01 9.6192E-02 3.2731E-02 4.9313E-03 0
 0 2.2620E-03 1.1201E-02 3.5115E-02 5.8072E-02 8.0688E-02 9.7986E-02 9.0998E-02 8.3949E-02 9.1569E-02 1.1716E-01 1.1274E-01 1.2244E-01 1.5660E-01 1.4641E-01 1.5753E-01 1.8999E-01 1.5274E-01 1.2844E-01 1.3784E-01 1.4367E-01 9.5944E-02 3.2205E-02 4.7741E-03 0
 0 2.1932E-03 1.1172E-02 3.4327E-02 5.6794E-02 8.0226E-02 9.8369E-02 9.1387E-02 8.4579E-02 9.2320E-02 1.1697E-01 1.1313E-01 1.2367E-01 1.5957E-01 1.5035E-01 1.5789E-01 1.8647E-01 1.5216E-01 1.3295E-01 1.4118E-01 1.4492E-01 9.5677E-02 3.1926E-02 4.7736E-03 0
 0 2.1923E-03 1.1011E-02 3.4007E-02 5.8704E-02 8.0390E-02 9.9501E-02 9.0239E-02 8.5359E-02 9.3183E-02 1.1757E-01 1.1199E-01 1.2505E-01 1.6170E-01 1.4963E-01 1.5825E-01 1.8376E-01 1.5473E-01 1.3152E-01 1.4147E-01 1.4150E-01 9.5709E-02 3.1015E-02 4.6669E-03 0
 0 2.1859E-03 1.0891E-02 3.3990E-02 5.8386E-02 8.0468E-02 9.7516E-02 9.1813E-02 8.5910E-02 9.1644E-02 1.1999E-01 1.1703E-01 1.2640E-01 1.6465E-01 1.5066E-01 1.5905E-01 1.8380E-01 1.5360E-01 1.3334E-01 1.4440E-01 1.4387E-01 9.3873E-02 3.0691E-02 4.6213E-03 0
 0 2.1497E-03 1.0358E-02 3.3340E-02 5.6968E-02 8.0040E-02 9.8693E-02 9.2603E-02 8.6882E-02 9.1990E-02 1.1772E-01 1.1578E-01 1.2617E-01 1.6546E-01 1.5419E-01 1.6200E-01 1.7836E-01 1.5696E-01 1.3707E-01 1.4274E-01 1.4563E-01 9.1350E-02 2.9772E-02 4.6204E-03 0
 0 2.1097E-03 1.0254E-02 3.3125E-02 5.6621E-02 7.9751E-02 9.7390E-02 9.2721E-02 8.5091E-02 9.2863E-02 1.1885E-01 1.1638E-01 1.2887E-01 1.6587E-01 1.5286E-01 1.6392E-01 1.7604E-01 1.5894E-01 1.3548E-01 1.4122E-01 1.4187E-01 9.0891E-02 3.0094E-02 4.5981E-03 0
 0 2.0496E-03 9.9050E-03 3.2594E-02 5.5850E-02 7.8540E-02 9.8604E-02 9.2366E-02 8.7937E-02 9.4573E-02 1.2059E-01 1.1834E-01 1.2783E-01 1.6941E-01 1.5432E-01 1.6367E-01 1.7239E-01 1.5984E-01 1.4092E-01 1.4258E-01 1.4087E-01 9.1090E-02 2.8962E-02 4.4909E-03 0
 0 2.0603E-03 1.0017E-02 3.2677E-02 5.5429E-02 7.8875E-02 9.7659E-02 9.2948E-02 8.6492E-02 9.5334E-02 1.1918E-01 1.1627E-01 1.2976E-01 1.7029E-01 1.5714E-01 1.6731E-01 1.7025E-01 1.6100E-01 1.3663E-01 1.4445E-01 1.4352E-01 9.0069E-02 2.9114E-02 4.4748E-03 0
 0 2.0291E-03 1.0024E-02 3.2292E-02 5.5339E-02 7.7972E-02 9.6336E-02 9.1953E-02 8.7707E-02 9.5423E-02 1.2132E-01 1.1679E-01 1.3032E-01 1.7260E-01 1.5455E-01 1.6613E-01 1.7160E-01 1.6324E-01 1.4086E-01 1.4588E-01 1.4132E-01 8.8474E-02 2.8230E-02 4.2797E-03 0
 0 1.9742E-03 1.0017E-02 3.1808E-02 5.5946E-02 7.8393E-02 9.6754E-02 9.3190E-02 8.8577E-02 9.5499E-02 1.1835E-01 1.1989E-01 1.3235E-01 1.7399E-01 1.6013E-01 1.7126E-01 1.6711E-01 1.6348E-01 1.4322E-01 1.4597E-01 1.4073E-01 8.8263E-02 2.7920E-02 4.2234E-03 0
 0 1.9396E-03 9.6951E-03 3.2131E-02 5.4294E-02 7.7546E-02 9.7702E-02 9.3837E-02 8.9210E-02 9.6200E-02 1.2095E-01 1.2040E-01 1.3271E-01 1.7015E-01 1.6000E-01 1.7317E-01 1.6465E-01 1.6604E-01 1.4477E-01 1.4800E-01 1.4206E-01 8.6594E-02 2.7583E-02 4.2435E-03 0
 0 1.9558E-03 9.3841E-03 3.1487E-02 5.5234E-02 7.6956E-02 9.7238E-02 9.4680E-02 9.0503E-02 9.5624E-02 1.1880E-01 1.2211E-01 1.3412E-01 1.7622E-01 1.6280E-01 1.7431E-01 1.6064E-01 1.6566E-01 1.4254E-01 1.4820E-01 1.4229E-01 8.6546E-02 2.7068E-02 4.2609E-03 0
 0 1.9348E-03 9.3931E-03 3.0869E-02 5.3701E-02 7.7979E-02 9.6786E-02 9.4403E-02 8.9249E-02 9.8184E-02 1.2056E-01 1.2056E-01 1.3713E-01 1.7656E-01 1.6354E-01 1.7345E-01 1.6168E-01 1.6638E-01 1.4533E-01 1.4941E-01 1.4077E-01 8.4949E-02 2.6544E-02 4.1082E-03 0
 0 1.8838E-03 9.5033E-03 3.0273E-02 5.3215E-02 7.8319E-02 9.4950E-02 9.4021E-02 8.9591E-02 9.9320E-02 1.2245E-01 1.2207E-01 1.3660E-01 1.7722E-01 1.6415E-01 1.7463E-01 1.5717E-01 1.6828E-01 1.4553E-01 1.4988E-01 1.4036E-01 8.4568E-02 2.6296E-02 4.0693E-03 0
 0 1.8219E-03 9.1652E-03 3.0531E-02 5.2751E-02 7.5566E-02 9.3976E-02 9.5047E-02 9.1139E-02 9.7222E-02 1.2297E-01 1.2323E-01 1.3557E-01 1.8103E-01 1.6449E-01 1.7673E-01 1.5542E-01 1.7259E-01 1.4658E-01 1.4933E-01 1.4115E-01 8.3145E-02 2.5713E-02 4.0836E-03 0
 0 1.8513E-03 9.0026E-03 3.0151E-02 5.3437E-02 7.5407E-02 9.5548E-02 9.5464E-02 9.1280E-02 9.8012E-02 1.2388E-01 1.2453E-01 1.3831E-01 1.7955E-01 1.6593E-01 1.7780E-01 1.5489E-01 1.7288E-01 1.4850E-01 1.4933E-01 1.4128E-01 8.2354E-02 2.4970E-02 4.0979E-03 0
 0 1.8221E-03 8.9246E-03 2.9889E-02 5.2802E-02 7.4837E-02 9.4079E-02 9.5134E-02 9.0646E-02 9.8796E-02 1.2618E-01 1.2454E-01 1.4042E-01 1.7795E-01 1.6748E-01 1.7806E-01 1.5210E-01 1.7119E-01 1.4904E-01 1.5246E-01 1.3810E-01 8.1437E-02 2.4618E-02 3.9889E-03 0
 0 1.8214E-03 8.7297E-03 2.9769E-02 5.3348E-02 7.4896E-02 9.4698E-02 9.5212E-02 9.2124E-02 1.0010E-01 1.2405E-01 1.2554E-01 1.3840E-01 1.8102E-01 1.6678E-01 1.8299E-01 1.4910E-01 1.7441E-01 1.4910E-01 1.5254E-01 1.3895E-01 8.1346E-02 2.5229E-02 3.9478E-03 0
 0 1.7381E-03 8.5034E-03 2.9387E-02 5.1384E-02 7.5146E-02 9.4927E-02 9.6637E-02 9.1619E-02 9.9416E-02 1.2279E-01 1.2707E-01 1.4083E-01 1.8219E-01 1.7096E-01 1.8524E-01 1.4897E-01 1.7543E-01 1.5114E-01 1.5478E-01 1.3819E-01 7.9037E-02 2.4440E-02 3.8415E-03 0
 0 1.7481E-03 8.6286E-03 2.9001E-02 5.1023E-02 7.3778E-02 9.4185E-02 9.6845E-02 9.2079E-02 9.8289E-02 1.2674E-01 1.2775E-01 1.4018E-01 1.8708E-01 1.7298E-01 1.8292E-01 1.4692E-01 1.7729E-01 1.5418E-01 1.5240E-01 1.3805E-01 7.9039E-02 2.3714E-02 3.9090E-03 0
 0 1.6712E-03 8.5259E-03 2.8090E-02 5.1339E-02 7.4671E-02 9.3572E-02 9.6528E-02 9.4110E-02 1.0074E-01 1.2458E-01 1.2805E-01 1.4307E-01 1.8403E-01 1.7044E-01 1.8258E-01 1.4145E-01 1.7983E-01 1.5589E-01 1.5259E-01 1.3801E-01 7.7475E-02 2.3480E-02 3.7401E-03 0
 0 1.7090E-03 8.3123E-03 2.8374E-02 5.0787E-02 7.4561E-02 9.2982E-02 9.7109E-02 9.3445E-02 1.0123E-01 1.2500E-01 1.2900E-01 1.4281E-01 1.8836E-01 1.7265E-01 1.8577E-01 1.4272E-01 1.7831E-01 1.5633E-01 1.5520E-01 1.3829E-01 7.7342E-02 2.3566E-02 3.7048E-03 0
 0 1.6375E-03 8.2860E-03 2.8262E-02 5.0555E-02 7.4027E-02 9.4343E-02 9.8503E-02 9.5527E-02 1.0145E-01 1.2371E-01 1.2788E-01 1.4492E-01 1.8759E-01 1.7377E-01 1.9061E-01 1.4412E-01 1.8017E-01 1.5836E-01 1.5520E-01 1.3636E-01 7.6433E-02 2.2085E-02 3.7205E-03 0
 0 1.6120E-03 8.0859E-03 2.8147E-02 4.9724E-02 7.2919E-02 9.2650E-02 9.9137E-02 9.6352E-02 1.0258E-01 1.2512E-01 1.2881E-01 1.4510E-01 1.9010E-01 1.7741E-01 1.8749E-01 1.4263E-01 1.8247E-01 1.5524E-01 1.5386E-01 1.3975E-01 7.5671E-02 2.2540E-02 3.7066E-03 0
 0 1.6397E-03 7.9390E-03 2.7414E-02 5.0527E-02 7.2101E-02 9.2515E-02 9.6960E-02 9.5562E-02 1.0338E-01 1.2615E-01 1.2927E-01 1.4765E-01 1.9205E-01 1.7651E-01 1.9214E-01 1.4059E-01 1.8307E-01 1.5937E-01 1.5423E-01 1.3522E-01 7.3729E-02 2.1819E-02 3.5990E-03 0
 0 1.6152E-03 7.8183E-03 2.7555E-02 4.8903E-02 7.0484E-02 9.2532E-02 9.7277E-02 9.4206E-02 1.0400E-01 1.2528E-01 1.3364E-01 1.5200E-01 1.9026E-01 1.7889E-01 1.9281E-01 1.3734E-01 1.8588E-01 1.5801E-01 1.5388E-01 1.3476E-01 7.3784E-02 2.1629E-02 3.5883E-03 0
 0 1.5564E-03 7.8948E-03 2.7008E-02 4.9546E-02 7.2442E-02 9.1441E-02 9.8347E-02 9.6368E-02 1.0288E-01 1.2495E-01 1.3132E-01 1.4831E-01 1.9464E-01 1.7775E-01 1.9106E-01 1.3769E-01 1.8234E-01 1.6081E-01 1.5482E-01 1.3512E-01 7.2243E-02 2.1081E-02 3.5016E-03 0
 0 1.5698E-03 7.7906E-03 2.6272E-02 4.7808E-02 7.1705E-02 9.1702E-02 9.8294E-02 9.7040E-02 1.0365E-01 1.2493E-01 1.3237E-01 1.5059E-01 1.9164E-01 1.8261E-01 1.9477E-01 1.3777E-01 1.8373E-01 1.6270E-01 1.5541E-01 1.3182E-01 7.2429E-02 2.0899E-02 3.4650E-03 0
 0 1.5045E-03 7.6354E-03 2.6489E-02 4.8472E-02 7.1078E-02 9.0321E-02 9.8307E-02 9.6157E-02 1.0395E-01 1.2600E-01 1.3285E-01 1.4899E-01 1.9400E-01 1.8066E-01 1.9621E-01 1.3417E-01 1.8712E-01 1.6603E-01 1.6124E-01 1.3516E-01 7.0973E-02 2.0263E-02 3.4708E-03 0
 0 1.5132E-03 7.2464E-03 2.6192E-02 4.8503E-02 7.0643E-02 9.1401E-02 9.9818E-02 9.6755E-02 1.0387E-01 1.2857E-01 1.3345E-01 1.5193E-01 1.9725E-01 1.8342E-01 1.9864E-01 1.3308E-01 1.8830E-01 1.6295E-01 1.6025E-01 1.3362E-01 7.0994E-02 1.9755E-02 3.4395E-03 0
 0 1.5334E-03 7.2045E-03 2.5374E-02 4.7171E-02 6.9723E-02 8.9608E-02 9.9069E-02 9.7792E-02 1.0499E-01 1.2825E-01 1.3369E-01 1.5194E-01 1.9260E-01 1.8724E-01 1.9714E-01 1.3297E-01 1.8995E-01 1.6705E-01 1.5886E-01 1.2926E-01 6.9671E-02 1.9844E-02 3.4458E-03 0
 0 1.4196E-03 7.2239E-03 2.4909E-02 4.7943E-02 6.9919E-02 9.0711E-02 9.9853E-02 9.8038E-02 1.0566E-01 1.2686E-01 1.3596E-01 1.5232E-01 1.9603E-01 1.8669E-01 2.0165E-01 1.2985E-01 1.9057E-01 1.6611E-01 1.5939E-01 1.3261E-01 6.8279E-02 1.9466E-02 3.4252E-03 0
 0 1.4540E-03 7.2142E-03 2.4794E-02 4.7565E-02 6.9539E-02 8.9422E-02 9.9423E-02 9.7996E-02 1.0484E-01 1.2926E-01 1.3140E-01 1.5567E-01 1.9716E-01 1.8768E-01 1.9963E-01 1.3221E-01 1.9042E-01 1.6824E-01 1.6225E-01 1.3313E-01 6.7216E-02 1.9121E-02 3.3600E-03 0
 0 1.4225E-03 6.9586E-03 2.4952E-02 4.6915E-02 6.8029E-02 9.0032E-02 9.9983E-02 9.9695E-02 1.0660E-01 1.2797E-01 1.3393E-01 1.5558E-01 1.9721E-01 1.8580E-01 2.0023E-01 1.3060E-01 1.9335E-01 1.6976E-01 1.6205E-01 1.3080E-01 6.7601E-02 1.8648E-02 3.3239E-03 0
 0 1.4071E-03 6.9773E-03 2.4615E-02 4.6806E-02 6.8301E-02 8.9614E-02 1.0038E-01 9.8412E-02 1.0699E-01 1.2783E-01 1.3718E-01 1.5559E-01 2.0057E-01 1.8790E-01 2.0275E-01 1.2721E-01 1.9450E-01 1.6941E-01 1.6525E-01 1.2862E-01 6.5375E-02 1.8853E-02 3.2323E-03 0
 0 1.3841E-03 6.8867E-03 2.4518E-02 4.6576E-02 6.7151E-02 8.7669E-02 1.0011E-01 1.0019E-01 1.0698E-01 1.2856E-01 1.3645E-01 1.5508E-01 1.9879E-01 1.9122E-01 2.0342E-01 1.2871E-01 1.9557E-01 1.7118E-01 1.6389E-01 1.2860E-01 6.4929E-02 1.8247E-02 3.1774E-03 0
 0 1.4102E-03 6.6978E-03 2.4415E-02 4.5132E-02 6.8808E-02 8.9230E-02 1.0063E-01 1.0126E-01 1.0644E-01 1.2883E-01 1.3999E-01 1.5742E-01 2.0210E-01 1.8948E-01 2.0548E-01 1.2861E-01 1.9527E-01 1.7383E-01 1.6210E-01 1.2896E-01 6.4911E-02 1.8177E-02 3.0550E-03 0
 0 1.3431E-03 6.8634E-03 2.3761E-02 4.5050E-02 6.7210E-02 8.7864E-02 1.0132E-01 1.0097E-01 1.0626E-01 1.3024E-01 1.3918E-01 1.5616E-01 2.0445E-01 1.8967E-01 2.0810E-01 1.2901E-01 1.9709E-01 1.7333E-01 1.6183E-01 1.2881E-01 6.4470E-02 1.7643E-02 3.0929E-03 0
 0 1.3246E-03 6.4827E-03 2.3616E-02 4.5201E-02 6.8274E-02 8.8291E-02 1.0056E-01 1.0182E-01 1.0659E-01 1.3091E-01 1.3946E-01 1.5780E-01 2.0314E-01 1.9335E-01 2.0738E-01 1.2725E-01 1.9459E-01 1.7450E-01 1.6206E-01 1.2708E-01 6.3045E-02 1.7337E-02 3.1206E-03 0
 0 1.2859E-03 6.6258E-03 2.2890E-02 4.4046E-02 6.5335E-02 8.8322E-02 1.0195E-01 1.0119E-01 1.0614E-01 1.2880E-01 1.3896E-01 1.6089E-01 2.0418E-01 1.9227E-01 2.0788E-01 1.2480E-01 1.9732E-01 1.7551E-01 1.6324E-01 1.2619E-01 6.1429E-02 1.7477E-02 3.0282E-03 0
 0 1.2723E-03 6.3335E-03 2.3523E-02 4.3816E-02 6.6353E-02 8.9027E-02 1.0095E-01 1.0266E-01 1.0841E-01 1.2771E-01 1.3932E-01 1.6100E-01 2.0630E-01 1.9470E-01 2.0898E-01 1.2661E-01 1.9994E-01 1.8068E-01 1.6462E-01 1.2414E-01 6.1139E-02 1.7224E-02 2.8938E-03 0
 0 1.2821E-03 6.3567E-03 2.2289E-02 4.2710E-02 6.5702E-02 8.7873E-02 1.0183E-01 1.0245E-01 1.0875E-01 1.3035E-01 1.3980E-01 1.6095E-01 2.0463E-01 1.9650E-01 2.1013E-01 1.2617E-01 2.0258E-01 1.8090E-01 1.6428E-01 1.2704E-01 6.0886E-02 1.6684E-02 2.9241E-03 0
 0 1.3082E-03 6.3695E-03 2.2486E-02 4.2940E-02 6.5254E-02 8.8354E-02 9.9470E-02 1.0112E-01 1.0904E-01 1.2822E-01 1.4166E-01 1.6293E-01 2.0654E-01 1.9601E-01 2.1064E-01 1.2584E-01 1.9947E-01 1.8028E-01 1.6409E-01 1.2434E-01 6.0399E-02 1.6371E-02 2.9581E-03 0
 0 1.2711E-03 6.2098E-03 2.2137E-02 4.3361E-02 6.5460E-02 8.6254E-02 1.0298E-01 1.0289E-01 1.1110E-01 1.2892E-01 1.4156E-01 1.6380E-01 2.0717E-01 1.9618E-01 2.1117E-01 1.2548E-01 2.0079E-01 1.8006E-01 1.6608E-01 1.2396E-01 5.8377E-02 1.5832E-02 2.9406E-03 0
 0 1.2536E-03 6.1589E-03 2.2443E-02 4.2066E-02 6.4914E-02 8.5673E-02 1.0146E-01 1.0175E-01 1.0985E-01 1.2996E-01 1.4431E-01 1.6660E-01 2.0842E-01 1.9660E-01 2.1236E-01 1.2410E-01 2.0353E-01 1.8152E-01 1.6818E-01 1.2425E-01 5.7853E-02 1.5859E-02 2.8460E-03 0
 0 1.2017E-03 5.9423E-03 2.1774E-02 4.2136E-02 6.3213E-02 8.4991E-02 1.0208E-01 1.0280E-01 1.0880E-01 1.2723E-01 1.4186E-01 1.6534E-01 2.0605E-01 1.9984E-01 2.1446E-01 1.2337E-01 2.0534E-01 1.8170E-01 1.6624E-01 1.2441E-01 5.7950E-02 1.5417E-02 2.8763E-03 0
 0 1.2133E-03 5.9040E-03 2.1547E-02 4.2359E-02 6.3314E-02 8.5550E-02 1.0090E-01 1.0296E-01 1.1034E-01 1.2938E-01 1.4408E-01 1.6619E-01 2.0950E-01 1.9701E-01 2.1456E-01 1.2539E-01 2.0783E-01 1.8326E-01 1.6594E-01 1.2075E-01 5.6246E-02 1.5309E-02 2.8187E-03 0
 0 1.1962E-03 5.7062E-03 2.1880E-02 4.1678E-02 6.3174E-02 8.5450E-02 1.0205E-01 1.0340E-01 1.1053E-01 1.2891E-01 1.4406E-01 1.6612E-01 2.1022E-01 1.9769E-01 2.1341E-01 1.2414E-01 2.0411E-01 1.8297E-01 1.6563E-01 1.2088E-01 5.6882E-02 1.4944E-02 2.7736E-03 0
 0 1.1641E-03 5.8381E-03 2.1138E-02 4.1660E-02 6.3135E-02 8.4470E-02 1.0028E-01 1.0354E-01 1.1094E-01 1.2760E-01 1.4402E-01 1.6632E-01 2.1233E-01 2.0148E-01 2.1637E-01 1.2462E-01 2.0847E-01 1.8634E-01 1.6746E-01 1.2116E-01 5.6664E-02 1.4924E-02 2.8031E-03 0
 0 1.1814E-03 5.7294E-03 2.1055E-02 4.0666E-02 6.2186E-02 8.3519E-02 1.0160E-01 1.0547E-01 1.0931E-01 1.2864E-01 1.4527E-01 1.6751E-01 2.1154E-01 2.0127E-01 2.1898E-01 1.2470E-01 2.0685E-01 1.8341E-01 1.6749E-01 1.2160E-01 5.4566E-02 1.4606E-02 2.7374E-03 0
 0 1.1225E-03 5.5975E-03 2.0691E-02 4.0609E-02 6.2775E-02 8.3233E-02 1.0051E-01 1.0469E-01 1.1174E-01 1.2948E-01 1.4517E-01 1.6749E-01 2.0865E-01 2.0289E-01 2.1763E-01 1.2373E-01 2.0832E-01 1.8887E-01 1.6907E-01 1.1961E-01 5.3990E-02 1.4541E-02 2.6905E-03 0
 0 1.1386E-03 5.5960E-03 2.0798E-02 4.0242E-02 6.1430E-02 8.2752E-02 1.0152E-01 1.0516E-01 1.1175E-01 1.3033E-01 1.4642E-01 1.7120E-01 2.1344E-01 2.0206E-01 2.1931E-01 1.2513E-01 2.0946E-01 1.8618E-01 1.6540E-01 1.1911E-01 5.3436E-02 1.4146E-02 2.6910E-03 0
 0 1.0690E-03 5.5443E-03 2.0140E-02 3.9010E-02 6.1170E-02 8.2606E-02 1.0231E-01 1.0650E-01 1.1158E-01 1.2979E-01 1.4701E-01 1.7166E-01 2.1595E-01 2.0315E-01 2.2177E-01 1.2456E-01 2.0931E-01 1.8856E-01 1.6653E-01 1.1972E-01 5.2758E-02 1.3863E-02 2.6829E-03 0
 0 1.0865E-03 5.3951E-03 1.9974E-02 3.9644E-02 6.1097E-02 8.2222E-02 1.0188E-01 1.0439E-01 1.1214E-01 1.2765E-01 1.4576E-01 1.6982E-01 2.0980E-01 2.0506E-01 2.2072E-01 1.2266E-01 2.1498E-01 1.8788E-01 1.6793E-01 1.1650E-01 5.1507E-02 1.3486E-02 2.5338E-03 0
 0 1.0669E-03 5.3824E-03 1.9355E-02 3.8826E-02 6.0284E-02 8.1927E-02 1.0330E-01 1.0575E-01 1.1192E-01 1.2908E-01 1.4670E-01 1.6898E-01 2.1260E-01 2.0572E-01 2.2181E-01 1.2420E-01 2.0768E-01 1.8941E-01 1.6567E-01 1.1621E-01 5.1760E-02 1.3370E-02 2.6030E-03 0
 0 1.1227E-03 5.2587E-03 1.9315E-02 3.9792E-02 6.0221E-02 8.0950E-02 1.0183E-01 1.0477E-01 1.1315E-01 1.2962E-01 1.4832E-01 1.7131E-01 2.1184E-01 2.0611E-01 2.2144E-01 1.2443E-01 2.1317E-01 1.9233E-01 1.6794E-01 1.1536E-01 4.9796E-02 1.3084E-02 2.6092E-03 0
 0 1.0200E-03 5.0795E-03 1.9421E-02 3.8836E-02 5.9863E-02 8.0068E-02 1.0260E-01 1.0467E-01 1.1218E-01 1.3079E-01 1.4782E-01 1.7246E-01 2.1273E-01 2.0747E-01 2.2051E-01 1.2215E-01 2.0961E-01 1.9228E-01 1.6897E-01 1.1391E-01 5.0581E-02 1.2717E-02 2.4065E-03 0
 0 1.0412E-03 5.1380E-03 1.8560E-02 3.8643E-02 5.8667E-02 8.0412E-02 1.0147E-01 1.0765E-01 1.1404E-01 1.2882E-01 1.4651E-01 1.7294E-01 2.1246E-01 2.0602E-01 2.2366E-01 1.2441E-01 2.1199E-01 1.9319E-01 1.6877E-01 1.1418E-01 4.8510E-02 1.3000E-02 2.5105E-03 0
 0 1.0195E-03 4.8944E-03 1.8896E-02 3.7972E-02 5.8931E-02 8.0280E-02 1.0168E-01 1.0642E-01 1.1176E-01 1.2907E-01 1.5004E-01 1.7487E-01 2.1156E-01 2.0619E-01 2.2471E-01 1.2612E-01 2.1643E-01 1.9177E-01 1.6914E-01 1.1395E-01 4.9016E-02 1.2847E-02 2.3975E-03 0
 0 1.0164E-03 4.9214E-03 1.8370E-02 3.7986E-02 5.8586E-02 7.9472E-02 1.0169E-01 1.0666E-01 1.1175E-01 1.2896E-01 1.4973E-01 1.7376E-01 2.1204E-01 2.0959E-01 2.2415E-01 1.2461E-01 2.1285E-01 1.9057E-01 1.7212E-01 1.1449E-01 4.8232E-02 1.2340E-02 2.3841E-03 0
 0 9.8380E-04 4.7835E-03 1.8441E-02 3.7564E-02 5.8816E-02 8.0205E-02 1.0161E-01 1.0729E-01 1.1213E-01 1.2901E-01 1.4749E-01 1.7421E-01 2.1128E-01 2.1033E-01 2.2629E-01 1.2516E-01 2.1493E-01 1.9514E-01 1.6811E-01 1.1265E-01 4.7391E-02 1.2028E-02 2.3828E-03 0
 0 9.8061E-04 4.7498E-03 1.8451E-02 3.6839E-02 5.7588E-02 7.8224E-02 1.0019E-01 1.0747E-01 1.1243E-01 1.2867E-01 1.5029E-01 1.7331E-01 2.0936E-01 2.1060E-01 2.2623E-01 1.2563E-01 2.1573E-01 1.9597E-01 1.6867E-01 1.0954E-01 4.6985E-02 1.1904E-02 2.4141E-03 0
 0 9.8016E-04 4.7453E-03 1.8234E-02 3.6895E-02 5.7194E-02 7.8719E-02 1.0151E-01 1.0699E-01 1.1306E-01 1.2763E-01 1.4929E-01 1.7321E-01 2.1242E-01 2.0792E-01 2.2823E-01 1.2552E-01 2.1734E-01 1.9330E-01 1.6928E-01 1.1014E-01 4.5451E-02 1.1751E-02 2.3029E-03 0
 0 9.7378E-04 4.6868E-03 1.7718E-02 3.5985E-02 5.6313E-02 7.8014E-02 1.0339E-01 1.0856E-01 1.1347E-01 1.2795E-01 1.5096E-01 1.7554E-01 2.1226E-01 2.1225E-01 2.2765E-01 1.2615E-01 2.1520E-01 1.9859E-01 1.6789E-01 1.1173E-01 4.5423E-02 1.1262E-02 2.3623E-03 0
 0 9.5102E-04 4.6216E-03 1.7890E-02 3.6576E-02 5.6758E-02 7.8261E-02 1.0218E-01 1.0640E-01 1.1474E-01 1.2776E-01 1.5062E-01 1.7506E-01 2.0995E-01 2.1152E-01 2.2547E-01 1.2750E-01 2.2038E-01 1.9781E-01 1.7010E-01 1.0850E-01 4.4156E-02 1.1305E-02 2.2792E-03 0
 0 9.3713E-04 4.5451E-03 1.7480E-02 3.5193E-02 5.5926E-02 7.7553E-02 1.0164E-01 1.0742E-01 1.1229E-01 1.2760E-01 1.5320E-01 1.7859E-01 2.1092E-01 2.0903E-01 2.2907E-01 1.2680E-01 2.1390E-01 1.9895E-01 1.6942E-01 1.1040E-01 4.4307E-02 1.0914E-02 2.2439E-03 0
 0 9.0821E-04 4.5301E-03 1.7178E-02 3.5202E-02 5.5160E-02 7.6611E-02 1.0146E-01 1.0855E-01 1.1405E-01 1.2897E-01 1.5220E-01 1.7879E-01 2.1055E-01 2.0989E-01 2.2830E-01 1.2497E-01 2.1701E-01 1.9858E-01 1.6889E-01 1.0675E-01 4.3859E-02 1.0763E-02 2.2341E-03 0
 0 9.4669E-04 4.4394E-03 1.7249E-02 3.5378E-02 5.6374E-02 7.5649E-02 1.0090E-01 1.0678E-01 1.1360E-01 1.2679E-01 1.5282E-01 1.7778E-01 2.0902E-01 2.1330E-01 2.2303E-01 1.3048E-01 2.1936E-01 1.9811E-01 1.6975E-01 1.0777E-01 4.3230E-02 1.0966E-02 2.2805E-03 0
 0 9.1163E-04 4.4125E-03 1.6992E-02 3.5146E-02 5.4543E-02 7.6474E-02 1.0146E-01 1.0828E-01 1.1409E-01 1.2677E-01 1.4939E-01 1.7948E-01 2.1371E-01 2.1019E-01 2.3076E-01 1.3075E-01 2.1947E-01 1.9876E-01 1.6856E-01 1.0704E-01 4.2612E-02 1.0530E-02 2.2064E-03 0
 0 8.5289E-04 4.3465E-03 1.6217E-02 3.4329E-02 5.4844E-02 7.5792E-02 1.0154E-01 1.0762E-01 1.1212E-01 1.2994E-01 1.5155E-01 1.7690E-01 2.1334E-01 2.1039E-01 2.2610E-01 1.2987E-01 2.1751E-01 2.0043E-01 1.6983E-01 1.0500E-01 4.1621E-02 1.0413E-02 2.2180E-03 0
 0 8.9523E-04 4.2401E-03 1.6175E-02 3.3907E-02 5.4389E-02 7.5872E-02 1.0099E-01 1.0944E-01 1.1287E-01 1.2758E-01 1.5201E-01 1.7817E-01 2.1190E-01 2.1281E-01 2.2774E-01 1.2976E-01 2.1837E-01 2.0037E-01 1.6889E-01 1.0373E-01 4.1559E-02 1.0435E-02 2.1577E-03 0
 0 9.0115E-04 4.2363E-03 1.6296E-02 3.4048E-02 5.3227E-02 7.5763E-02 1.0051E-01 1.0762E-01 1.1359E-01 1.2788E-01 1.5284E-01 1.7912E-01 2.1015E-01 2.1194E-01 2.3012E-01 1.3089E-01 2.1860E-01 1.9926E-01 1.6910E-01 1.0445E-01 4.0380E-02 9.7783E-03 2.0996E-03 0
 0 8.4651E-04 4.2671E-03 1.6137E-02 3.4221E-02 5.3060E-02 7.4200E-02 1.0017E-01 1.0847E-01 1.1286E-01 1.2600E-01 1.5124E-01 1.7975E-01 2.1183E-01 2.1300E-01 2.3036E-01 1.3099E-01 2.1862E-01 2.0077E-01 1.6847E-01 1.0403E-01 4.0751E-02 9.7379E-03 2.0527E-03 0
 0 8.2078E-04 4.0684E-03 1.5958E-02 3.3656E-02 5.3684E-02 7.4366E-02 1.0149E-01 1.0835E-01 1.1424E-01 1.2593E-01 1.5336E-01 1.7882E-01 2.0852E-01 2.1132E-01 2.2752E-01 1.3314E-01 2.2047E-01 2.0246E-01 1.6701E-01 1.0275E-01 4.0124E-02 9.6517E-03 2.0242E-03 0
 0 8.6177E-04 4.0474E-03 1.5870E-02 3.3158E-02 5.2938E-02 7.3959E-02 1.0127E-01 1.0746E-01 1.1424E-01 1.2761E-01 1.5211E-01 1.8071E-01 2.1026E-01 2.1118E-01 2.2947E-01 1.3250E-01 2.1770E-01 2.0231E-01 1.6882E-01 1.0115E-01 3.8985E-02 9.2784E-03 2.0809E-03 0
 0 8.1737E-04 3.8721E-03 1.5301E-02 3.3268E-02 5.2850E-02 7.2550E-02 1.0075E-01 1.0781E-01 1.1328E-01 1.2611E-01 1.5332E-01 1.7980E-01 2.0746E-01 2.1713E-01 2.2721E-01 1.3094E-01 2.2164E-01 2.0328E-01 1.6919E-01 1.0052E-01 3.8163E-02 9.5304E-03 2.0295E-03 0
 0 7.9346E-04 3.8653E-03 1.5297E-02 3.2538E-02 5.1680E-02 7.2289E-02 1.0037E-01 1.0783E-01 1.1355E-01 1.2659E-01 1.5321E-01 1.7868E-01 2.0606E-01 2.1383E-01 2.3008E-01 1.3391E-01 2.1864E-01 2.0269E-01 1.6653E-01 9.9946E-02 3.8808E-02 8.8781E-03 2.0108E-03 0
 0 8.2169E-04 3.8990E-03 1.5083E-02 3.2086E-02 5.2057E-02 7.2636E-02 1.0049E-01 1.0923E-01 1.1291E-01 1.2576E-01 1.5427E-01 1.8089E-01 2.0641E-01 2.1493E-01 2.2760E-01 1.3342E-01 2.1787E-01 2.0152E-01 1.6841E-01 9.8666E-02 3.7529E-02 9.2864E-03 1.9344E-03 0
 0 7.8458E-04 3.9463E-03 1.5211E-02 3.1578E-02 5.0905E-02 7.2699E-02 1.0058E-01 1.0941E-01 1.1244E-01 1.2504E-01 1.5337E-01 1.8216E-01 2.0940E-01 2.1753E-01 2.2991E-01 1.3632E-01 2.2240E-01 2.0184E-01 1.6792E-01 9.8937E-02 3.7297E-02 9.0156E-03 2.0380E-03 0
 0 7.6318E-04 3.8908E-03 1.4682E-02 3.1446E-02 4.9945E-02 7.1587E-02 9.9495E-02 1.0734E-01 1.1340E-01 1.2512E-01 1.5285E-01 1.8085E-01 2.0444E-01 2.1535E-01 2.2798E-01 1.3600E-01 2.2042E-01 2.0264E-01 1.6779E-01 9.7008E-02 3.6543E-02 8.8175E-03 2.0192E-03 0
 0 7.8208E-04 3.8256E-03 1.4394E-02 3.1902E-02 5.0449E-02 7.1209E-02 1.0049E-01 1.0778E-01 1.1340E-01 1.2544E-01 1.5229E-01 1.7916E-01 2.0649E-01 2.1441E-01 2.2845E-01 1.3483E-01 2.2186E-01 1.9987E-01 1.6800E-01 9.7399E-02 3.6821E-02 8.6369E-03 1.9451E-03 0
 0 7.5885E-04 3.7559E-03 1.4206E-02 3.1028E-02 4.9387E-02 7.0877E-02 9.9930E-02 1.0836E-01 1.1242E-01 1.2425E-01 1.5092E-01 1.8086E-01 2.0886E-01 2.1522E-01 2.2920E-01 1.3742E-01 2.1874E-01 2.0458E-01 1.6534E-01 9.7305E-02 3.5227E-02 8.9118E-03 1.9290E-03 0
 0 7.1241E-04 3.5767E-03 1.4171E-02 3.1867E-02 4.9928E-02 7.1441E-02 9.9657E-02 1.0946E-01 1.1480E-01 1.2443E-01 1.5097E-01 1.8112E-01 2.0969E-01 2.1468E-01 2.3059E-01 1.3828E-01 2.2094E-01 2.0328E-01 1.6780E-01 9.5258E-02 3.5816E-02 7.9860E-03 1.9402E-03 0
 0 7.6773E-04 3.7701E-03 1.4134E-02 3.0402E-02 4.9382E-02 7.1361E-02 9.9551E-02 1.0923E-01 1.1319E-01 1.2648E-01 1.5408E-01 1.8244E-01 2.0924E-01 2.1668E-01 2.3044E-01 1.3869E-01 2.2104E-01 2.0352E-01 1.6748E-01 9.5490E-02 3.4828E-02 8.1437E-03 1.8808E-03 0
 0 7.3449E-04 3.5910E-03 1.4276E-02 3.0400E-02 4.9067E-02 6.7950E-02 9.8450E-02 1.0794E-01 1.1156E-01 1.2488E-01 1.5144E-01 1.8084E-01 2.0612E-01 2.1401E-01 2.3110E-01 1.3743E-01 2.2052E-01 2.0298E-01 1.6602E-01 9.4308E-02 3.4145E-02 8.0709E-03 1.8924E-03 0
 0 7.4246E-04 3.5430E-03 1.3776E-02 2.9967E-02 4.8201E-02 6.9242E-02 9.7825E-02 1.0783E-01 1.1314E-01 1.2170E-01 1.5186E-01 1.8240E-01 2.0567E-01 2.1576E-01 2.2928E-01 1.4217E-01 2.2113E-01 2.0706E-01 1.6542E-01 9.2904E-02 3.3959E-02 7.8903E-03 1.8504E-03 0
 0 7.2539E-04 3.4965E-03 1.3819E-02 2.9074E-02 4.7882E-02 6.7609E-02 9.7483E-02 1.0837E-01 1.1294E-01 1.2111E-01 1.5318E-01 1.7983E-01 2.0550E-01 2.1545E-01 2.2961E-01 1.4360E-01 2.1993E-01 2.0166E-01 1.6250E-01 9.4207E-02 3.3551E-02 7.7906E-03 1.7830E-03 0
 0 7.2926E-04 3.6202E-03 1.3286E-02 2.9292E-02 4.7430E-02 6.9379E-02 9.7675E-02 1.0790E-01 1.1292E-01 1.2203E-01 1.5272E-01 1.8081E-01 2.0539E-01 2.1794E-01 2.2852E-01 1.4197E-01 2.2065E-01 2.0356E-01 1.6312E-01 9.0612E-02 3.3047E-02 7.7623E-03 1.7915E-03 0
 0 6.8600E-04 3.4253E-03 1.3252E-02 2.9501E-02 4.7138E-02 6.7426E-02 9.6366E-02 1.0663E-01 1.1108E-01 1.2164E-01 1.5366E-01 1.8037E-01 2.0195E-01 2.1336E-01 2.2716E-01 1.4368E-01 2.2116E-01 2.0491E-01 1.6303E-01 9.1915E-02 3.2818E-02 7.7394E-03 1.8379E-03 0
 0 6.9738E-04 3.3849E-03 1.3232E-02 2.8733E-02 4.6468E-02 6.7440E-02 9.6385E-02 1.0794E-01 1.1260E-01 1.1972E-01 1.5268E-01 1.8052E-01 2.0598E-01 2.1641E-01 2.2716E-01 1.4276E-01 2.2228E-01 2.0315E-01 1.6463E-01 9.0775E-02 3.2409E-02 7.3432E-03 1.7901E-03 0
 0 6.9647E-04 3.1660E-03 1.3033E-02 2.8023E-02 4.5656E-02 6.6438E-02 9.7084E-02 1.0547E-01 1.1233E-01 1.2149E-01 1.5169E-01 1.8126E-01 2.0234E-01 2.1546E-01 2.3043E-01 1.4447E-01 2.1931E-01 2.0224E-01 1.6441E-01 8.9097E-02 3.1339E-02 7.3445E-03 1.7825E-03 0
 0 7.0080E-04 3.3009E-03 1.2622E-02 2.8321E-02 4.6128E-02 6.6713E-02 9.5983E-02 1.0681E-01 1.1148E-01 1.2015E-01 1.5261E-01 1.7979E-01 2.0523E-01 2.1441E-01 2.2642E-01 1.4427E-01 2.2215E-01 2.0450E-01 1.6172E-01 8.8852E-02 3.1652E-02 7.5076E-03 1.7173E-03 0
 0 6.5594E-04 3.1960E-03 1.2613E-02 2.8481E-02 4.6032E-02 6.6300E-02 9.7722E-02 1.0763E-01 1.1269E-01 1.1969E-01 1.5113E-01 1.8147E-01 2.0248E-01 2.1236E-01 2.2759E-01 1.4673E-01 2.2155E-01 2.0495E-01 1.6188E-01 8.7383E-02 3.1267E-02 7.1195E-03 1.7061E-03 0
 0 6.5025E-04 3.0925E-03 1.2299E-02 2.8046E-02 4.5979E-02 6.5487E-02 9.7619E-02 1.0734E-01 1.1190E-01 1.2031E-01 1.5081E-01 1.8022E-01 2.0273E-01 2.1772E-01 2.2801E-01 1.4831E-01 2.1925E-01 2.0532E-01 1.6287E-01 8.8245E-02 3.0935E-02 7.0710E-03 1.7379E-03 0
 0 6.4137E-04 3.1105E-03 1.2126E-02 2.7139E-02 4.5511E-02 6.5281E-02 9.5682E-02 1.0727E-01 1.1085E-01 1.1948E-01 1.5206E-01 1.8057E-01 1.9971E-01 2.1559E-01 2.3019E-01 1.4878E-01 2.1989E-01 2.0390E-01 1.6196E-01 8.7902E-02 3.0313E-02 6.8971E-03 1.7240E-03 0
 0 6.2043E-04 3.1180E-03 1.2591E-02 2.7328E-02 4.5066E-02 6.4863E-02 9.5990E-02 1.0804E-01 1.0919E-01 1.2008E-01 1.5064E-01 1.8223E-01 2.0182E-01 2.1232E-01 2.3021E-01 1.4972E-01 2.1990E-01 2.0401E-01 1.6157E-01 8.5568E-02 2.9614E-02 6.6060E-03 1.6932E-03 0
 0 6.4001E-04 3.0791E-03 1.2405E-02 2.7324E-02 4.5266E-02 6.4671E-02 9.4739E-02 1.0553E-01 1.1027E-01 1.2013E-01 1.5120E-01 1.8168E-01 1.9916E-01 2.1354E-01 2.2734E-01 1.5130E-01 2.1671E-01 2.0510E-01 1.6132E-01 8.4030E-02 2.9317E-02 6.7880E-03 1.6325E-03 0
 0 6.1701E-04 2.9531E-03 1.1959E-02 2.7531E-02 4.4187E-02 6.2861E-02 9.4926E-02 1.0613E-01 1.0972E-01 1.1808E-01 1.4941E-01 1.8091E-01 1.9855E-01 2.1540E-01 2.2937E-01 1.5154E-01 2.1870E-01 2.0545E-01 1.6148E-01 8.4644E-02 2.8835E-02 6.5791E-03 1.6365E-03 0
 0 6.0494E-04 3.0213E-03 1.1723E-02 2.6913E-02 4.4696E-02 6.4044E-02 9.5246E-02 1.0474E-01 1.1054E-01 1.1821E-01 1.5218E-01 1.7958E-01 1.9867E-01 2.1454E-01 2.2793E-01 1.5426E-01 2.2011E-01 2.0497E-01 1.6118E-01 8.3116E-02 2.8672E-02 6.4564E-03 1.6776E-03 0
 0 6.0062E-04 2.9022E-03 1.1672E-02 2.6302E-02 4.2883E-02 6.3247E-02 9.4192E-02 1.0550E-01 1.1080E-01 1.1640E-01 1.4813E-01 1.7939E-01 2.0025E-01 2.1317E-01 2.2350E-01 1.5237E-01 2.1932E-01 2.0077E-01 1.5954E-01 8.2930E-02 2.8324E-02 6.3796E-03 1.5565E-03 0
 0 6.0881E-04 2.8505E-03 1.1653E-02 2.5746E-02 4.3923E-02 6.2792E-02 9.4403E-02 1.0555E-01 1.0875E-01 1.1661E-01 1.5105E-01 1.7768E-01 1.9498E-01 2.1244E-01 2.2605E-01 1.5715E-01 2.1696E-01 2.0032E-01 1.6023E-01 8.2427E-02 2.7581E-02 6.1438E-03 1.5592E-03 0
 0 5.8104E-04 2.8332E-03 1.1348E-02 2.5832E-02 4.3622E-02 6.1732E-02 9.4120E-02 1.0567E-01 1.0912E-01 1.1680E-01 1.5028E-01 1.7843E-01 2.0032E-01 2.1508E-01 2.2399E-01 1.5954E-01 2.1627E-01 2.0140E-01 1.5778E-01 8.1938E-02 2.7507E-02 6.4174E-03 1.5815E-03 0
 0 6.4205E-04 2.8774E-03 1.0960E-02 2.5161E-02 4.2469E-02 6.2471E-02 9.3001E-02 1.0441E-01 1.0974E-01 1.1648E-01 1.4962E-01 1.7867E-01 1.9520E-01 2.1279E-01 2.2406E-01 1.5804E-01 2.1635E-01 1.9875E-01 1.5609E-01 8.1396E-02 2.7001E-02 5.9053E-03 1.4824E-03 0
 0 5.6783E-04 2.7860E-03 1.1362E-02 2.5105E-02 4.2839E-02 6.2165E-02 9.3023E-02 1.0517E-01 1.0784E-01 1.1582E-01 1.4964E-01 1.7790E-01 1.9664E-01 2.1051E-01 2.2504E-01 1.5970E-01 2.1813E-01 1.9821E-01 1.5727E-01 7.9463E-02 2.6312E-02 5.8500E-03 1.5275E-03 0
 0 5.5417E-04 2.7545E-03 1.1109E-02 2.5007E-02 4.2058E-02 6.1993E-02 9.1760E-02 1.0474E-01 1.0680E-01 1.1573E-01 1.4828E-01 1.7733E-01 1.9248E-01 2.0785E-01 2.2618E-01 1.5778E-01 2.1760E-01 2.0031E-01 1.5640E-01 8.0377E-02 2.6249E-02 5.9511E-03 1.5092E-03 0
 0 5.6874E-04 2.6856E-03 1.0855E-02 2.5009E-02 4.1515E-02 6.0546E-02 9.2883E-02 1.0374E-01 1.0702E-01 1.1384E-01 1.4867E-01 1.7784E-01 1.9466E-01 2.1062E-01 2.2663E-01 1.6165E-01 2.1540E-01 2.0091E-01 1.5577E-01 7.7455E-02 2.5003E-02 5.6573E-03 1.5123E-03 0
 0 5.5235E-04 2.6458E-03 1.0702E-02 2.4492E-02 4.1400E-02 6.1174E-02 9.1763E-02 1.0359E-01 1.0904E-01 1.1324E-01 1.4682E-01 1.7591E-01 1.9168E-01 2.1019E-01 2.2586E-01 1.6110E-01 2.1635E-01 2.0108E-01 1.5317E-01 7.7501E-02 2.5409E-02 5.5333E-03 1.4239E-03 0
 0 5.5690E-04 2.7170E-03 1.0681E-02 2.4229E-02 4.0989E-02 5.9146E-02 9.0967E-02 1.0422E-01 1.0741E-01 1.1193E-01 1.4925E-01 1.7417E-01 1.9077E-01 2.0775E-01 2.2306E-01 1.6542E-01 2.1453E-01 1.9860E-01 1.5494E-01 7.7083E-02 2.5283E-02 5.6250E-03 1.4967E-03 0
 0 5.3026E-04 2.6848E-03 1.0445E-02 2.4112E-02 4.0250E-02 6.0483E-02 9.0575E-02 1.0401E-01 1.0603E-01 1.1235E-01 1.4761E-01 1.7610E-01 1.9051E-01 2.0881E-01 2.1989E-01 1.6418E-01 2.1452E-01 1.9683E-01 1.5359E-01 7.6753E-02 2.4406E-02 5.5225E-03 1.4404E-03 0
 0 5.4142E-04 2.6863E-03 1.0275E-02 2.4010E-02 3.9778E-02 5.9043E-02 9.0307E-02 1.0350E-01 1.0731E-01 1.1207E-01 1.4734E-01 1.7604E-01 1.8842E-01 2.0780E-01 2.2079E-01 1.6581E-01 2.1283E-01 1.9810E-01 1.5085E-01 7.5673E-02 2.4743E-02 5.4296E-03 1.4502E-03 0
 0 5.7011E-04 2.6908E-03 1.0530E-02 2.3897E-02 4.0323E-02 5.8685E-02 9.0618E-02 1.0127E-01 1.0685E-01 1.1087E-01 1.4680E-01 1.7573E-01 1.8586E-01 2.0751E-01 2.2016E-01 1.6528E-01 2.1377E-01 2.0012E-01 1.5206E-01 7.5258E-02 2.3619E-02 5.5576E-03 1.3868E-03 0
 0 5.1478E-04 2.5896E-03 1.0108E-02 2.3638E-02 3.9790E-02 5.9029E-02 9.1492E-02 1.0153E-01 1.0624E-01 1.1086E-01 1.4700E-01 1.7415E-01 1.9019E-01 2.0744E-01 2.1911E-01 1.6837E-01 2.1467E-01 1.9559E-01 1.5169E-01 7.4037E-02 2.3798E-02 5.1600E-03 1.3948E-03 0
 0 5.2116E-04 2.5679E-03 9.8246E-03 2.3326E-02 4.0247E-02 5.7296E-02 8.9975E-02 1.0122E-01 1.0561E-01 1.1096E-01 1.4522E-01 1.7366E-01 1.8363E-01 2.0740E-01 2.2093E-01 1.7078E-01 2.1380E-01 2.0033E-01 1.5035E-01 7.3201E-02 2.2705E-02 5.0603E-03 1.3194E-03 0
 0 4.9680E-04 2.3887E-03 1.0101E-02 2.2762E-02 3.9203E-02 5.8418E-02 8.9144E-02 1.0266E-01 1.0497E-01 1.1074E-01 1.4536E-01 1.7304E-01 1.8545E-01 2.0788E-01 2.1701E-01 1.7194E-01 2.1366E-01 1.9693E-01 1.5056E-01 7.2607E-02 2.3178E-02 5.0441E-03 1.3037E-03 0
 0 5.0340E-04 2.4832E-03 1.0086E-02 2.3412E-02 3.7815E-02 5.7118E-02 8.8133E-02 1.0124E-01 1.0471E-01 1.1028E-01 1.4428E-01 1.7227E-01 1.8519E-01 2.0466E-01 2.1751E-01 1.7134E-01 2.1116E-01 1.9789E-01 1.5052E-01 7.2379E-02 2.2814E-02 4.8757E-03 1.3814E-03 0
 0 5.1228E-04 2.3588E-03 9.7787E-03 2.2477E-02 3.8490E-02 5.6196E-02 8.7670E-02 1.0120E-01 1.0348E-01 1.0881E-01 1.4310E-01 1.6966E-01 1.8314E-01 2.0701E-01 2.1861E-01 1.7262E-01 2.1045E-01 1.9733E-01 1.4952E-01 7.1256E-02 2.3285E-02 5.0549E-03 1.3457E-03 0
 0 5.0385E-04 2.3663E-03 9.3379E-03 2.2768E-02 3.8282E-02 5.6580E-02 8.7748E-02 9.9928E-02 1.0267E-01 1.0870E-01 1.4307E-01 1.7150E-01 1.7893E-01 2.0529E-01 2.1814E-01 1.7449E-01 2.0951E-01 1.9680E-01 1.4871E-01 7.2542E-02 2.2268E-02 4.8002E-03 1.3314E-03 0
 0 5.0431E-04 2.3228E-03 9.2368E-03 2.2569E-02 3.7644E-02 5.5096E-02 8.8289E-02 9.9954E-02 1.0260E-01 1.0931E-01 1.4212E-01 1.7137E-01 1.8457E-01 2.0320E-01 2.1904E-01 1.7575E-01 2.1142E-01 1.9516E-01 1.4549E-01 6.9365E-02 2.1688E-02 4.9350E-03 1.2984E-03 0
 0 4.9156E-04 2.3753E-03 9.2610E-03 2.2136E-02 3.7859E-02 5.5199E-02 8.5953E-02 1.0022E-01 1.0207E-01 1.0715E-01 1.4252E-01 1.6933E-01 1.7718E-01 2.0276E-01 2.1593E-01 1.7525E-01 2.0586E-01 1.9737E-01 1.4475E-01 6.9013E-02 2.1533E-02 4.6210E-03 1.3301E-03 0
 0 4.9088E-04 2.3985E-03 9.4107E-03 2.1719E-02 3.7228E-02 5.4323E-02 8.5611E-02 9.9826E-02 1.0271E-01 1.0810E-01 1.4194E-01 1.7002E-01 1.7475E-01 2.0216E-01 2.1092E-01 1.7763E-01 2.1178E-01 1.9506E-01 1.4600E-01 7.0234E-02 2.1361E-02 4.6452E-03 1.2787E-03 0
 0 4.7357E-04 2.2658E-03 9.3729E-03 2.1769E-02 3.6946E-02 5.4326E-02 8.5045E-02 9.8767E-02 1.0081E-01 1.0717E-01 1.4073E-01 1.6917E-01 1.7595E-01 2.0046E-01 2.1394E-01 1.7864E-01 2.0809E-01 1.9415E-01 1.4495E-01 6.8497E-02 2.1509E-02 4.5509E-03 1.2961E-03 0
 0 4.5194E-04 2.1954E-03 9.3338E-03 2.1176E-02 3.7171E-02 5.4177E-02 8.4809E-02 9.8499E-02 1.0188E-01 1.0664E-01 1.4025E-01 1.6838E-01 1.7756E-01 1.9871E-01 2.1466E-01 1.8296E-01 2.0586E-01 1.9208E-01 1.4387E-01 6.7449E-02 2.0908E-02 4.4984E-03 1.2162E-03 0
 0 4.6401E-04 2.1894E-03 8.9995E-03 2.1272E-02 3.6459E-02 5.4168E-02 8.5238E-02 9.7062E-02 1.0075E-01 1.0676E-01 1.3883E-01 1.6729E-01 1.7431E-01 1.9982E-01 2.0956E-01 1.8110E-01 2.0802E-01 1.9196E-01 1.4252E-01 6.6130E-02 2.0915E-02 4.4768E-03 1.3006E-03 0
 0 4.4830E-04 2.1324E-03 9.0129E-03 2.0940E-02 3.6308E-02 5.3882E-02 8.4572E-02 9.6519E-02 1.0019E-01 1.0534E-01 1.3944E-01 1.6667E-01 1.7542E-01 2.0055E-01 2.0829E-01 1.8481E-01 2.0810E-01 1.9090E-01 1.4313E-01 6.5755E-02 2.0193E-02 4.4067E-03 1.2533E-03 0
 0 4.2234E-04 2.0649E-03 8.6948E-03 2.0582E-02 3.5488E-02 5.2613E-02 8.3179E-02 9.6397E-02 9.9791E-02 1.0417E-01 1.3853E-01 1.6463E-01 1.7396E-01 1.9714E-01 2.0766E-01 1.8426E-01 2.0386E-01 1.8940E-01 1.4138E-01 6.5454E-02 2.0091E-02 4.1453E-03 1.1889E-03 0
 0 4.7767E-04 2.0717E-03 8.6826E-03 2.0650E-02 3.5772E-02 5.1665E-02 8.3838E-02 9.4734E-02 9.7788E-02 1.0243E-01 1.3780E-01 1.6609E-01 1.7438E-01 1.9891E-01 2.0963E-01 1.8126E-01 2.0435E-01 1.9138E-01 1.3946E-01 6.4762E-02 1.9892E-02 4.2935E-03 1.2649E-03 0
 0 4.2986E-04 2.2014E-03 8.3159E-03 2.0018E-02 3.5074E-02 5.1986E-02 8.4174E-02 9.4964E-02 9.7591E-02 1.0438E-01 1.3684E-01 1.6312E-01 1.6989E-01 1.9613E-01 2.0440E-01 1.8591E-01 2.0259E-01 1.8934E-01 1.3940E-01 6.5151E-02 1.9334E-02 4.1965E-03 1.2148E-03 0
 0 4.6173E-04 2.0799E-03 8.6085E-03 2.0706E-02 3.4994E-02 5.1900E-02 8.1238E-02 9.4344E-02 9.9103E-02 1.0211E-01 1.3809E-01 1.6320E-01 1.7049E-01 1.9574E-01 2.0853E-01 1.8299E-01 2.0364E-01 1.8979E-01 1.3745E-01 6.5049E-02 1.9044E-02 4.0024E-03 1.2591E-03 0
 0 4.2622E-04 2.0275E-03 8.1191E-03 2.0305E-02 3.4450E-02 5.0491E-02 8.1558E-02 9.4254E-02 9.7014E-02 1.0083E-01 1.3573E-01 1.6050E-01 1.6877E-01 1.9648E-01 2.0635E-01 1.8640E-01 2.0043E-01 1.9001E-01 1.3703E-01 6.1860E-02 1.8622E-02 4.0523E-03 1.1983E-03 0
 0 4.3669E-04 2.1864E-03 8.0436E-03 1.9604E-02 3.3841E-02 5.1410E-02 8.0911E-02 9.2239E-02 9.6520E-02 1.0115E-01 1.3499E-01 1.6270E-01 1.6792E-01 1.9689E-01 2.0722E-01 1.8785E-01 2.0069E-01 1.8789E-01 1.3598E-01 6.1272E-02 1.8529E-02 3.9728E-03 1.1729E-03 0
 0 4.2212E-04 1.9285E-03 7.9438E-03 1.9396E-02 3.3909E-02 5.0875E-02 8.0417E-02 9.4043E-02 9.6102E-02 1.0005E-01 1.3426E-01 1.6049E-01 1.6718E-01 1.9463E-01 2.0452E-01 1.8963E-01 1.9851E-01 1.8685E-01 1.3702E-01 6.2085E-02 1.8336E-02 3.9687E-03 1.2162E-03 0
 0 4.2189E-04 1.9480E-03 8.1137E-03 1.9368E-02 3.3359E-02 4.9846E-02 8.1179E-02 9.3480E-02 9.6335E-02 9.8773E-02 1.3241E-01 1.5900E-01 1.6672E-01 1.9332E-01 2.0477E-01 1.9069E-01 1.9770E-01 1.8277E-01 1.3685E-01 6.1364E-02 1.8401E-02 3.8919E-03 1.1260E-03 0
 0 4.2735E-04 1.9450E-03 7.9155E-03 1.9364E-02 3.3151E-02 5.0522E-02 8.1655E-02 9.3394E-02 9.5746E-02 1.0016E-01 1.3339E-01 1.6026E-01 1.6129E-01 1.9226E-01 2.0385E-01 1.9167E-01 2.0045E-01 1.8494E-01 1.3334E-01 6.0146E-02 1.7981E-02 3.7343E-03 1.1144E-03 0
 0 4.1096E-04 1.9832E-03 7.9128E-03 1.9015E-02 3.3347E-02 4.9110E-02 8.0003E-02 9.3061E-02 9.4300E-02 9.8258E-02 1.3256E-01 1.5747E-01 1.6406E-01 1.9280E-01 1.9963E-01 1.9085E-01 1.9623E-01 1.8332E-01 1.3372E-01 5.9108E-02 1.7758E-02 3.6413E-03 1.1416E-03 0
 0 4.1005E-04 1.9008E-03 7.6472E-03 1.9177E-02 3.2713E-02 4.9348E-02 7.9313E-02 9.1651E-02 9.5815E-02 9.6765E-02 1.2997E-01 1.5726E-01 1.6269E-01 1.9039E-01 2.0266E-01 1.9267E-01 1.9570E-01 1.8246E-01 1.3255E-01 5.9271E-02 1.7109E-02 3.7572E-03 1.1237E-03 0
 0 4.1164E-04 1.9345E-03 7.5461E-03 1.8506E-02 3.2544E-02 4.7959E-02 7.9008E-02 9.1545E-02 9.2649E-02 9.7916E-02 1.3102E-01 1.5653E-01 1.6069E-01 1.8947E-01 1.9941E-01 1.9373E-01 1.9353E-01 1.8468E-01 1.3089E-01 5.8990E-02 1.7213E-02 3.7006E-03 1.0706E-03 0
 0 4.1142E-04 1.8521E-03 7.3411E-03 1.8260E-02 3.2113E-02 4.8062E-02 7.8249E-02 9.0551E-02 9.1905E-02 9.6996E-02 1.3040E-01 1.5729E-01 1.5706E-01 1.8889E-01 1.9923E-01 1.9322E-01 1.9319E-01 1.7937E-01 1.2942E-01 5.8079E-02 1.6986E-02 3.7194E-03 1.0925E-03 0
 0 4.0140E-04 1.7704E-03 7.4085E-03 1.8060E-02 3.1617E-02 4.8231E-02 7.7437E-02 9.1385E-02 9.3736E-02 9.5286E-02 1.2965E-01 1.5591E-01 1.5810E-01 1.8794E-01 1.9901E-01 1.9736E-01 1.9345E-01 1.8067E-01 1.2908E-01 5.7051E-02 1.6628E-02 3.5011E-03 1.0782E-03 0
 0 4.0026E-04 1.8483E-03 7.4112E-03 1.8052E-02 3.1849E-02 4.7426E-02 7.5742E-02 8.9805E-02 9.1799E-02 9.5290E-02 1.2766E-01 1.5370E-01 1.5733E-01 1.8770E-01 1.9847E-01 2.0009E-01 1.8957E-01 1.7811E-01 1.3015E-01 5.5500E-02 1.5802E-02 3.5591E-03 1.0893E-03 0
 0 4.0550E-04 1.7599E-03 7.1429E-03 1.7629E-02 3.1093E-02 4.6707E-02 7.7226E-02 8.7378E-02 9.1737E-02 9.3883E-02 1.2820E-01 1.5386E-01 1.5589E-01 1.8598E-01 1.9764E-01 1.9985E-01 1.8998E-01 1.7691E-01 1.2721E-01 5.5102E-02 1.6419E-02 3.4310E-03 1.0733E-03 0
 0 3.6952E-04 1.8011E-03 7.1079E-03 1.7884E-02 3.1249E-02 4.6306E-02 7.7465E-02 8.8443E-02 9.1111E-02 9.4359E-02 1.2611E-01 1.5122E-01 1.5568E-01 1.8498E-01 1.9597E-01 2.0129E-01 1.9219E-01 1.7870E-01 1.2618E-01 5.4886E-02 1.6185E-02 3.2761E-03 1.0523E-03 0
 0 3.9275E-04 1.7479E-03 7.2090E-03 1.7980E-02 3.0831E-02 4.6513E-02 7.6231E-02 8.8283E-02 9.0953E-02 9.3893E-02 1.2609E-01 1.5059E-01 1.5569E-01 1.8407E-01 1.9351E-01 2.0067E-01 1.8881E-01 1.7697E-01 1.2438E-01 5.4899E-02 1.6001E-02 3.5092E-03 1.0103E-03 0
 0 3.7909E-04 1.8079E-03 6.9043E-03 1.7521E-02 3.1103E-02 4.5748E-02 7.5811E-02 8.7317E-02 8.9065E-02 9.2251E-02 1.2475E-01 1.4816E-01 1.5420E-01 1.8497E-01 1.9102E-01 2.0167E-01 1.8774E-01 1.7489E-01 1.2513E-01 5.4126E-02 1.5229E-02 3.2774E-03 1.0532E-03 0
 0 3.6816E-04 1.7299E-03 7.2117E-03 1.7469E-02 3.0855E-02 4.5046E-02 7.3236E-02 8.7566E-02 8.8587E-02 9.1775E-02 1.2197E-01 1.4913E-01 1.5081E-01 1.8243E-01 1.9044E-01 2.0281E-01 1.9008E-01 1.7480E-01 1.2245E-01 5.3486E-02 1.5514E-02 3.1467E-03 1.0304E-03 0
 0 3.7749E-04 1.7082E-03 7.1281E-03 1.7543E-02 3.0545E-02 4.5244E-02 7.4651E-02 8.5535E-02 8.7500E-02 9.1341E-02 1.2336E-01 1.4896E-01 1.5058E-01 1.8147E-01 1.8927E-01 2.0578E-01 1.8677E-01 1.7166E-01 1.2242E-01 5.2921E-02 1.5015E-02 3.0726E-03 1.0259E-03 0
 0 3.7180E-04 1.6227E-03 6.8436E-03 1.6753E-02 2.9216E-02 4.5373E-02 7.3587E-02 8.5273E-02 8.5909E-02 9.1245E-02 1.1881E-01 1.4669E-01 1.4875E-01 1.8045E-01 1.8728E-01 2.0438E-01 1.8586E-01 1.7359E-01 1.2137E-01 5.1671E-02 1.4565E-02 2.9904E-03 1.0174E-03 0
 0 3.6884E-04 1.6527E-03 6.6562E-03 1.6805E-02 2.9837E-02 4.5063E-02 7.1873E-02 8.5785E-02 8.5804E-02 9.0975E-02 1.2021E-01 1.4671E-01 1.4933E-01 1.7743E-01 1.8825E-01 2.0547E-01 1.8577E-01 1.7196E-01 1.1973E-01 5.2248E-02 1.4732E-02 3.0847E-03 1.0076E-03 0
 0 3.6838E-04 1.7187E-03 6.7439E-03 1.6803E-02 2.9243E-02 4.4576E-02 7.0480E-02 8.5935E-02 8.5741E-02 8.9145E-02 1.1902E-01 1.4512E-01 1.4694E-01 1.7927E-01 1.8701E-01 2.0044E-01 1.8310E-01 1.7049E-01 1.2031E-01 5.1814E-02 1.4497E-02 3.1103E-03 9.5267E-04 0
 0 3.2945E-04 1.6842E-03 6.6549E-03 1.6729E-02 2.8834E-02 4.3156E-02 7.1879E-02 8.3220E-02 8.5425E-02 8.9529E-02 1.1989E-01 1.4421E-01 1.4481E-01 1.7689E-01 1.8456E-01 2.0385E-01 1.7984E-01 1.6895E-01 1.1912E-01 5.0534E-02 1.4056E-02 2.9904E-03 9.7634E-04 0
 0 3.3856E-04 1.5560E-03 6.3785E-03 1.6548E-02 2.8670E-02 4.3614E-02 7.0813E-02 8.2762E-02 8.5636E-02 8.9014E-02 1.1898E-01 1.4605E-01 1.4504E-01 1.7762E-01 1.8347E-01 2.0848E-01 1.8291E-01 1.6804E-01 1.1699E-01 5.1054E-02 1.4451E-02 2.8394E-03 9.6205E-04 0
 0 3.3788E-04 1.6909E-03 6.3327E-03 1.6138E-02 2.8259E-02 4.3955E-02 7.0467E-02 8.2423E-02 8.4002E-02 8.8701E-02 1.1686E-01 1.4166E-01 1.4412E-01 1.7399E-01 1.8399E-01 2.1163E-01 1.8032E-01 1.6702E-01 1.1763E-01 5.0270E-02 1.3854E-02 2.8637E-03 9.7456E-04 0
 0 3.3287E-04 1.6542E-03 6.2814E-03 1.5762E-02 2.8293E-02 4.3362E-02 6.9898E-02 8.1397E-02 8.3181E-02 8.6522E-02 1.1746E-01 1.4220E-01 1.4105E-01 1.7434E-01 1.8066E-01 2.0764E-01 1.8111E-01 1.6637E-01 1.1658E-01 4.9121E-02 1.3601E-02 2.7734E-03 9.6875E-04 0
 0 3.3879E-04 1.5710E-03 6.1749E-03 1.5896E-02 2.7794E-02 4.2686E-02 6.8399E-02 8.0981E-02 8.2885E-02 8.5008E-02 1.1620E-01 1.4031E-01 1.4190E-01 1.7354E-01 1.8408E-01 2.0934E-01 1.7944E-01 1.6351E-01 1.1549E-01 4.8292E-02 1.3502E-02 2.8125E-03 9.4061E-04 0
 0 3.4197E-04 1.6797E-03 6.4257E-03 1.5735E-02 2.8565E-02 4.1669E-02 6.9696E-02 8.0463E-02 8.2279E-02 8.5527E-02 1.1710E-01 1.3936E-01 1.4197E-01 1.7150E-01 1.7863E-01 2.0936E-01 1.7635E-01 1.6380E-01 1.1341E-01 4.8279E-02 1.3088E-02 2.7276E-03 9.4865E-04 0
 0 3.4607E-04 1.6295E-03 6.3448E-03 1.5454E-02 2.8090E-02 4.1629E-02 6.9351E-02 7.8249E-02 8.2190E-02 8.4653E-02 1.1584E-01 1.3847E-01 1.3934E-01 1.7158E-01 1.7868E-01 2.1011E-01 1.7515E-01 1.6204E-01 1.1361E-01 4.7870E-02 1.3216E-02 2.6063E-03 9.2721E-04 0
 0 3.0577E-04 1.5598E-03 5.8675E-03 1.5304E-02 2.7141E-02 4.2199E-02 6.7304E-02 7.9500E-02 8.1458E-02 8.5612E-02 1.1349E-01 1.3753E-01 1.3726E-01 1.6894E-01 1.7663E-01 2.0977E-01 1.7446E-01 1.6108E-01 1.0974E-01 4.7208E-02 1.2926E-02 2.6912E-03 9.2141E-04 0
 0 3.2217E-04 1.3529E-03 5.7637E-03 1.5555E-02 2.6730E-02 4.1457E-02 6.5930E-02 7.9222E-02 8.1053E-02 8.3053E-02 1.1295E-01 1.3639E-01 1.3961E-01 1.7020E-01 1.7827E-01 2.0700E-01 1.7364E-01 1.6066E-01 1.0912E-01 4.6545E-02 1.2497E-02 2.7060E-03 9.1203E-04 0
 0 3.1989E-04 1.5560E-03 5.8446E-03 1.5417E-02 2.6698E-02 4.0922E-02 6.6546E-02 7.9196E-02 7.9871E-02 8.3693E-02 1.1113E-01 1.3552E-01 1.3609E-01 1.6604E-01 1.7221E-01 2.1119E-01 1.7305E-01 1.5897E-01 1.1000E-01 4.6248E-02 1.2796E-02 2.4971E-03 8.9059E-04 0
 0 3.0213E-04 1.4736E-03 5.8486E-03 1.4919E-02 2.6255E-02 4.1102E-02 6.5784E-02 7.8003E-02 7.8619E-02 8.1707E-02 1.0964E-01 1.3322E-01 1.3371E-01 1.6919E-01 1.7046E-01 2.1103E-01 1.7244E-01 1.5861E-01 1.1119E-01 4.6013E-02 1.2659E-02 2.5295E-03 8.8032E-04 0
 0 3.0099E-04 1.4893E-03 5.4792E-03 1.4806E-02 2.6375E-02 3.9891E-02 6.5541E-02 7.7405E-02 7.6224E-02 8.1262E-02 1.0859E-01 1.3338E-01 1.3344E-01 1.6468E-01 1.7129E-01 2.1445E-01 1.7055E-01 1.5879E-01 1.0737E-01 4.4142E-02 1.2151E-02 2.5349E-03 9.0310E-04 0
 0 2.8961E-04 1.4826E-03 5.8379E-03 1.4455E-02 2.5545E-02 3.9281E-02 6.4866E-02 7.5524E-02 7.7212E-02 7.8963E-02 1.0671E-01 1.3347E-01 1.3213E-01 1.6479E-01 1.7455E-01 2.0995E-01 1.6705E-01 1.5421E-01 1.0764E-01 4.3992E-02 1.2100E-02 2.5025E-03 8.9327E-04 0
 0 2.9940E-04 1.4548E-03 5.5871E-03 1.4510E-02 2.5587E-02 3.9730E-02 6.5130E-02 7.4562E-02 7.7538E-02 8.1291E-02 1.0601E-01 1.2845E-01 1.3313E-01 1.6336E-01 1.6929E-01 2.0963E-01 1.7038E-01 1.5406E-01 1.0537E-01 4.3594E-02 1.2028E-02 2.5079E-03 8.7585E-04 0
 0 3.1260E-04 1.3724E-03 5.4374E-03 1.4340E-02 2.5743E-02 3.8825E-02 6.3404E-02 7.4629E-02 7.4109E-02 7.8703E-02 1.0494E-01 1.2857E-01 1.3188E-01 1.6400E-01 1.6903E-01 2.0890E-01 1.6607E-01 1.5246E-01 1.0554E-01 4.3555E-02 1.2074E-02 2.3556E-03 8.9014E-04 0
 0 3.0281E-04 1.3926E-03 5.5547E-03 1.4619E-02 2.6128E-02 3.9095E-02 6.2795E-02 7.3580E-02 7.5199E-02 7.8774E-02 1.0588E-01 1.2648E-01 1.2800E-01 1.5967E-01 1.6989E-01 2.1192E-01 1.6738E-01 1.5179E-01 1.0422E-01 4.2755E-02 1.1682E-02 2.3058E-03 8.0886E-04 0
 0 2.8232E-04 1.3207E-03 5.4671E-03 1.3854E-02 2.5210E-02 3.8061E-02 6.2316E-02 7.2108E-02 7.4718E-02 7.7349E-02 1.0383E-01 1.2757E-01 1.2764E-01 1.6174E-01 1.6592E-01 2.1318E-01 1.6438E-01 1.5116E-01 1.0203E-01 4.1207E-02 1.1926E-02 2.3583E-03 8.5575E-04 0
 0 3.0076E-04 1.2929E-03 5.4334E-03 1.3458E-02 2.5232E-02 3.7651E-02 6.1802E-02 7.2969E-02 7.3572E-02 7.7712E-02 1.0205E-01 1.2545E-01 1.2503E-01 1.6041E-01 1.6344E-01 2.1149E-01 1.6323E-01 1.4882E-01 1.0309E-01 4.2095E-02 1.1580E-02 2.3502E-03 8.1645E-04 0
 0 2.9735E-04 1.3971E-03 5.4725E-03 1.3776E-02 2.4669E-02 3.8129E-02 6.1529E-02 7.2387E-02 7.3437E-02 7.6724E-02 1.0142E-01 1.2425E-01 1.2549E-01 1.5878E-01 1.6157E-01 2.1140E-01 1.6200E-01 1.4706E-01 1.0070E-01 4.1504E-02 1.1253E-02 2.3974E-03 8.2092E-04 0
 0 3.0463E-04 1.3971E-03 5.3134E-03 1.3729E-02 2.4520E-02 3.6901E-02 6.1072E-02 7.1456E-02 7.3354E-02 7.5878E-02 1.0159E-01 1.2337E-01 1.2410E-01 1.5743E-01 1.6438E-01 2.1596E-01 1.6083E-01 1.4757E-01 1.0031E-01 4.1129E-02 1.0684E-02 2.1616E-03 8.5531E-04 0
 0 2.6616E-04 1.3746E-03 5.3026E-03 1.3589E-02 2.4449E-02 3.7368E-02 6.0403E-02 6.9886E-02 7.1322E-02 7.3404E-02 1.0106E-01 1.2288E-01 1.2347E-01 1.5444E-01 1.6129E-01 2.1293E-01 1.6210E-01 1.4692E-01 9.7592E-02 4.0580E-02 1.1071E-02 2.2748E-03 8.2538E-04 0
 0 2.6593E-04 1.3529E-03 4.8631E-03 1.3665E-02 2.4128E-02 3.6823E-02 6.1168E-02 7.0125E-02 7.0393E-02 7.4410E-02 9.8727E-02 1.2195E-01 1.2408E-01 1.5535E-01 1.5888E-01 2.1085E-01 1.5920E-01 1.4234E-01 9.7974E-02 3.9829E-02 1.1090E-02 2.0026E-03 8.1332E-04 0
 0 2.8050E-04 1.2742E-03 4.9790E-03 1.3497E-02 2.4089E-02 3.6689E-02 5.9097E-02 6.9291E-02 7.1127E-02 7.4495E-02 9.8367E-02 1.2059E-01 1.1901E-01 1.5306E-01 1.5757E-01 2.1327E-01 1.5832E-01 1.4356E-01 9.6731E-02 3.8984E-02 1.0872E-02 2.2087E-03 8.3789E-04 0
 0 2.8414E-04 1.2427E-03 5.0006E-03 1.3357E-02 2.3656E-02 3.5890E-02 5.8711E-02 6.9134E-02 7.0287E-02 7.3358E-02 9.6651E-02 1.2049E-01 1.1892E-01 1.5271E-01 1.5912E-01 2.1345E-01 1.5859E-01 1.4304E-01 9.5200E-02 3.9640E-02 1.0589E-02 2.1966E-03 8.0618E-04 0
 0 2.6866E-04 1.2270E-03 5.0559E-03 1.3287E-02 2.3272E-02 3.5830E-02 5.8108E-02 6.7557E-02 6.8591E-02 7.2160E-02 9.7027E-02 1.2053E-01 1.1679E-01 1.5131E-01 1.5746E-01 2.0996E-01 1.5503E-01 1.4172E-01 9.5221E-02 3.8305E-02 1.0647E-02 2.0578E-03 7.9367E-04 0
 0 2.6843E-04 1.1962E-03 4.7849E-03 1.2980E-02 2.3355E-02 3.5976E-02 5.8216E-02 6.7583E-02 6.9045E-02 7.1574E-02 9.5754E-02 1.1714E-01 1.1780E-01 1.4724E-01 1.5547E-01 2.0923E-01 1.5402E-01 1.3961E-01 9.3284E-02 3.8671E-02 1.0352E-02 2.0443E-03 7.4097E-04 0
 0 2.8300E-04 1.2247E-03 4.6406E-03 1.2555E-02 2.3123E-02 3.4819E-02 5.7517E-02 6.7420E-02 6.8762E-02 7.0746E-02 9.5789E-02 1.1611E-01 1.1843E-01 1.4800E-01 1.5601E-01 2.1338E-01 1.5278E-01 1.3909E-01 9.2443E-02 3.8148E-02 9.9620E-03 1.9177E-03 7.3114E-04 0
 0 2.5659E-04 1.2547E-03 4.6312E-03 1.2450E-02 2.2658E-02 3.4658E-02 5.6170E-02 6.7851E-02 6.7747E-02 7.1208E-02 9.4066E-02 1.1536E-01 1.1450E-01 1.4637E-01 1.5301E-01 2.1016E-01 1.5114E-01 1.3850E-01 9.2829E-02 3.7698E-02 9.5930E-03 1.9621E-03 7.7849E-04 0
 0 2.5750E-04 1.2360E-03 4.6622E-03 1.2629E-02 2.2489E-02 3.4300E-02 5.6885E-02 6.5785E-02 6.6258E-02 6.9683E-02 9.3165E-02 1.1470E-01 1.1556E-01 1.4697E-01 1.5200E-01 2.1303E-01 1.5139E-01 1.3504E-01 9.0252E-02 3.7165E-02 9.6278E-03 2.0282E-03 7.7402E-04 0
 0 2.5819E-04 1.2232E-03 4.6312E-03 1.3010E-02 2.2482E-02 3.4902E-02 5.5691E-02 6.5139E-02 6.6146E-02 7.0156E-02 9.2499E-02 1.1078E-01 1.1446E-01 1.4419E-01 1.4979E-01 2.1194E-01 1.4607E-01 1.3345E-01 8.8242E-02 3.6637E-02 1.0199E-02 2.0403E-03 7.4945E-04 0
 0 2.3496E-04 1.1265E-03 4.7431E-03 1.2339E-02 2.2650E-02 3.4048E-02 5.5725E-02 6.4960E-02 6.4825E-02 6.7256E-02 9.1775E-02 1.1343E-01 1.1422E-01 1.4277E-01 1.4790E-01 2.1175E-01 1.4897E-01 1.3524E-01 8.8923E-02 3.6405E-02 9.6881E-03 1.8799E-03 7.7402E-04 0
 0 2.5159E-04 1.1550E-03 4.5098E-03 1.2298E-02 2.1943E-02 3.3945E-02 5.4481E-02 6.2833E-02 6.4941E-02 6.7814E-02 9.0282E-02 1.1068E-01 1.1421E-01 1.4386E-01 1.4924E-01 2.1052E-01 1.4820E-01 1.3399E-01 8.9161E-02 3.5327E-02 9.4374E-03 1.8058E-03 7.4275E-04 0
 0 2.4794E-04 1.1798E-03 4.4249E-03 1.1894E-02 2.2584E-02 3.3913E-02 5.2680E-02 6.3450E-02 6.4377E-02 6.7921E-02 8.9687E-02 1.0930E-01 1.0990E-01 1.4109E-01 1.4596E-01 2.0901E-01 1.4758E-01 1.3164E-01 8.6539E-02 3.5151E-02 9.3307E-03 1.8152E-03 7.3338E-04 0
 0 2.2495E-04 1.1445E-03 4.4707E-03 1.1882E-02 2.1251E-02 3.2897E-02 5.3209E-02 6.2881E-02 6.3623E-02 6.6392E-02 8.7674E-02 1.0903E-01 1.0843E-01 1.4131E-01 1.4673E-01 2.0925E-01 1.4692E-01 1.3097E-01 8.5862E-02 3.5092E-02 9.5442E-03 1.9096E-03 7.7983E-04 0
 0 2.4180E-04 1.1723E-03 4.3804E-03 1.1853E-02 2.1226E-02 3.3518E-02 5.3990E-02 6.1595E-02 6.1946E-02 6.6382E-02 8.8516E-02 1.0587E-01 1.0706E-01 1.4037E-01 1.4455E-01 2.1019E-01 1.4150E-01 1.3084E-01 8.4074E-02 3.4818E-02 9.2959E-03 1.8853E-03 6.9854E-04 0
 0 2.3087E-04 1.1745E-03 4.2685E-03 1.1871E-02 2.1791E-02 3.2189E-02 5.2515E-02 6.0489E-02 6.2002E-02 6.4843E-02 8.5061E-02 1.0802E-01 1.0947E-01 1.4032E-01 1.4337E-01 2.1007E-01 1.4411E-01 1.2682E-01 8.4320E-02 3.3689E-02 8.6785E-03 1.7694E-03 6.7263E-04 0
 0 2.2267E-04 1.1415E-03 4.4559E-03 1.1471E-02 2.1138E-02 3.2811E-02 5.1981E-02 6.1016E-02 6.1297E-02 6.3798E-02 8.5057E-02 1.0453E-01 1.0623E-01 1.3695E-01 1.4245E-01 2.0740E-01 1.4300E-01 1.2741E-01 8.2966E-02 3.3992E-02 9.1473E-03 1.7802E-03 7.4231E-04 0
 0 2.3132E-04 1.1543E-03 4.0663E-03 1.1576E-02 2.0507E-02 3.2312E-02 5.1492E-02 5.9580E-02 6.0549E-02 6.3503E-02 8.3067E-02 1.0363E-01 1.0447E-01 1.3629E-01 1.4019E-01 2.0673E-01 1.4165E-01 1.2628E-01 8.0037E-02 3.3196E-02 8.8665E-03 1.6670E-03 6.4449E-04 0
 0 2.3428E-04 1.0958E-03 4.0959E-03 1.1383E-02 2.1153E-02 3.2146E-02 5.0873E-02 5.8787E-02 5.9429E-02 6.3585E-02 8.2198E-02 1.0212E-01 1.0506E-01 1.3456E-01 1.3894E-01 2.0678E-01 1.3851E-01 1.2617E-01 8.0599E-02 3.2810E-02 8.7086E-03 1.6940E-03 6.9005E-04 0
 0 2.2927E-04 1.0741E-03 4.0932E-03 1.1483E-02 2.0519E-02 3.1333E-02 5.0015E-02 5.8685E-02 5.9917E-02 6.2216E-02 8.0028E-02 1.0351E-01 1.0189E-01 1.3268E-01 1.4009E-01 2.0469E-01 1.3787E-01 1.2240E-01 8.1706E-02 3.2608E-02 8.6877E-03 1.6549E-03 7.1462E-04 0
 0 2.3701E-04 1.0906E-03 4.0056E-03 1.1223E-02 1.9937E-02 3.1806E-02 5.0724E-02 5.7095E-02 5.8434E-02 6.1235E-02 8.0467E-02 1.0077E-01 1.0383E-01 1.3279E-01 1.3793E-01 2.0470E-01 1.3617E-01 1.2037E-01 8.0947E-02 3.1459E-02 8.0471E-03 1.6171E-03 6.7576E-04 0
 0 2.1584E-04 1.0171E-03 4.1108E-03 1.1061E-02 2.0375E-02 3.0837E-02 4.9455E-02 5.7191E-02 5.6794E-02 6.1921E-02 7.8736E-02 9.9370E-02 1.0153E-01 1.3056E-01 1.3616E-01 2.0243E-01 1.3789E-01 1.2286E-01 7.7579E-02 3.1341E-02 8.7643E-03 1.6158E-03 7.1194E-04 0
 0 2.2130E-04 1.0756E-03 3.8182E-03 1.1009E-02 1.9760E-02 2.9678E-02 4.9073E-02 5.6750E-02 5.6359E-02 6.1427E-02 8.1011E-02 9.6213E-02 9.9617E-02 1.2937E-01 1.3629E-01 2.0364E-01 1.3478E-01 1.1926E-01 7.6282E-02 3.0914E-02 8.3698E-03 1.5996E-03 7.0568E-04 0
 0 1.9694E-04 1.0876E-03 4.1350E-03 1.1182E-02 1.9976E-02 3.0388E-02 4.7197E-02 5.5422E-02 5.7647E-02 5.9647E-02 7.7952E-02 9.4867E-02 9.7977E-02 1.2897E-01 1.3272E-01 2.0140E-01 1.3020E-01 1.1793E-01 7.6467E-02 3.0773E-02 8.1585E-03 1.4986E-03 6.7308E-04 0
 0 2.2313E-04 1.0074E-03 3.9989E-03 1.0973E-02 1.9799E-02 2.9617E-02 4.7791E-02 5.5457E-02 5.7265E-02 5.9377E-02 7.7376E-02 9.6903E-02 9.6207E-02 1.2809E-01 1.3170E-01 1.9967E-01 1.3186E-01 1.1662E-01 7.5569E-02 3.0313E-02 7.9079E-03 1.6603E-03 6.6951E-04 0
 0 2.2221E-04 1.0059E-03 4.0002E-03 1.1247E-02 1.9369E-02 2.9720E-02 4.7695E-02 5.4136E-02 5.5193E-02 5.8719E-02 7.7094E-02 9.4988E-02 9.6861E-02 1.2722E-01 1.3330E-01 1.9895E-01 1.3072E-01 1.1713E-01 7.3649E-02 3.1253E-02 7.8638E-03 1.6522E-03 6.2708E-04 0
 0 2.2381E-04 1.0194E-03 3.7818E-03 1.0825E-02 1.9293E-02 2.9761E-02 4.6870E-02 5.4373E-02 5.5058E-02 5.8296E-02 7.6131E-02 9.4263E-02 9.7034E-02 1.2549E-01 1.3139E-01 2.0032E-01 1.3016E-01 1.1293E-01 7.3882E-02 3.0199E-02 7.7686E-03 1.4514E-03 6.6549E-04 0
 0 2.1311E-04 1.0284E-03 3.6443E-03 1.0265E-02 1.9349E-02 2.9162E-02 4.6973E-02 5.2822E-02 5.3434E-02 5.6548E-02 7.3636E-02 9.2688E-02 9.4325E-02 1.2331E-01 1.3091E-01 1.9966E-01 1.2939E-01 1.1426E-01 7.2381E-02 3.0525E-02 7.6711E-03 1.6131E-03 6.4941E-04 0
 0 2.0719E-04 1.0216E-03 3.7387E-03 1.0320E-02 1.8828E-02 2.8730E-02 4.5760E-02 5.3177E-02 5.4527E-02 5.6654E-02 7.4827E-02 9.3245E-02 9.3012E-02 1.2265E-01 1.2781E-01 1.9634E-01 1.2692E-01 1.1224E-01 7.2172E-02 2.9085E-02 7.4645E-03 1.5147E-03 6.4494E-04 0
 0 2.1994E-04 9.6764E-04 3.7427E-03 1.0281E-02 1.8586E-02 2.8535E-02 4.5063E-02 5.2320E-02 5.2765E-02 5.6093E-02 7.3706E-02 9.0363E-02 9.2377E-02 1.2188E-01 1.2666E-01 1.9604E-01 1.2641E-01 1.1187E-01 7.1367E-02 2.8997E-02 7.2881E-03 1.4527E-03 6.5566E-04 0
 0 2.1015E-04 9.7963E-04 3.7063E-03 1.0488E-02 1.8395E-02 2.8406E-02 4.5213E-02 5.1786E-02 5.2501E-02 5.5848E-02 7.1591E-02 8.8099E-02 9.2246E-02 1.1925E-01 1.2649E-01 1.9609E-01 1.2556E-01 1.0867E-01 7.1138E-02 2.8576E-02 7.5551E-03 1.4002E-03 6.3288E-04 0
 0 1.8875E-04 9.9013E-04 3.8546E-03 1.0324E-02 1.9007E-02 2.7956E-02 4.4544E-02 5.1140E-02 5.1431E-02 5.3953E-02 7.0052E-02 8.7245E-02 9.0233E-02 1.1965E-01 1.2454E-01 1.9436E-01 1.2464E-01 1.0870E-01 6.8770E-02 2.8596E-02 7.3438E-03 1.4810E-03 5.9536E-04 0
 0 1.9740E-04 9.5190E-04 3.5512E-03 1.0035E-02 1.8145E-02 2.7624E-02 4.3490E-02 4.9767E-02 5.1052E-02 5.3776E-02 7.0718E-02 8.7749E-02 8.9738E-02 1.1981E-01 1.2411E-01 1.9153E-01 1.2055E-01 1.0892E-01 6.8680E-02 2.7208E-02 7.3833E-03 1.4258E-03 6.2127E-04 0
 0 2.0810E-04 9.1742E-04 3.4488E-03 1.0072E-02 1.8534E-02 2.7403E-02 4.3322E-02 5.0122E-02 5.0874E-02 5.2343E-02 6.9786E-02 8.4605E-02 8.9397E-02 1.1871E-01 1.2431E-01 1.9328E-01 1.2323E-01 1.0721E-01 6.8003E-02 2.7505E-02 7.3972E-03 1.4069E-03 6.0608E-04 0
 0 2.1538E-04 9.7513E-04 3.6281E-03 9.6666E-03 1.8143E-02 2.7080E-02 4.3406E-02 4.8674E-02 5.0090E-02 5.2642E-02 6.9147E-02 8.6300E-02 8.7122E-02 1.1525E-01 1.2204E-01 1.8946E-01 1.2176E-01 1.0443E-01 6.4766E-02 2.7695E-02 6.7450E-03 1.3907E-03 6.2931E-04 0
 0 1.9467E-04 9.1742E-04 3.6187E-03 1.0055E-02 1.8424E-02 2.6977E-02 4.2777E-02 4.8933E-02 4.8555E-02 5.2549E-02 6.7165E-02 8.3910E-02 8.8939E-02 1.1639E-01 1.2009E-01 1.8836E-01 1.1984E-01 1.0510E-01 6.5291E-02 2.7140E-02 6.7589E-03 1.3436E-03 5.9849E-04 0
 0 1.9945E-04 8.8219E-04 3.2789E-03 9.4326E-03 1.7837E-02 2.7094E-02 4.0974E-02 4.8082E-02 4.8759E-02 5.2240E-02 6.6977E-02 8.2685E-02 8.6057E-02 1.1238E-01 1.1796E-01 1.8743E-01 1.2003E-01 1.0359E-01 6.4241E-02 2.6503E-02 7.1025E-03 1.2425E-03 6.2708E-04 0
 0 2.0537E-04 9.0843E-04 3.4232E-03 9.4013E-03 1.7531E-02 2.6985E-02 4.1356E-02 4.7285E-02 4.8851E-02 5.1025E-02 6.4392E-02 8.2370E-02 8.7183E-02 1.1162E-01 1.1658E-01 1.8570E-01 1.1647E-01 1.0177E-01 6.2990E-02 2.6562E-02 6.8541E-03 1.4891E-03 6.0474E-04 0
 0 1.9489E-04 8.8969E-04 3.2789E-03 9.2024E-03 1.7382E-02 2.6997E-02 4.0644E-02 4.6815E-02 4.7514E-02 5.0687E-02 6.4921E-02 8.1827E-02 8.4866E-02 1.1101E-01 1.1456E-01 1.8429E-01 1.1680E-01 1.0076E-01 6.4532E-02 2.6669E-02 6.9423E-03 1.3382E-03 6.0742E-04 0
 0 1.6006E-04 8.5146E-04 3.3072E-03 9.1049E-03 1.7164E-02 2.6292E-02 4.0958E-02 4.7090E-02 4.6865E-02 4.9912E-02 6.2410E-02 8.0601E-02 8.3301E-02 1.1196E-01 1.1561E-01 1.8220E-01 1.1560E-01 1.0040E-01 6.2112E-02 2.5945E-02 6.3736E-03 1.4069E-03 6.1636E-04 0
 0 1.8875E-04 8.7994E-04 3.3247E-03 9.1283E-03 1.7264E-02 2.6424E-02 3.9804E-02 4.5641E-02 4.5919E-02 4.9219E-02 6.3719E-02 7.8613E-02 8.3806E-02 1.0864E-01 1.1356E-01 1.8293E-01 1.1410E-01 9.7774E-02 6.1697E-02 2.5292E-02 6.4433E-03 1.2573E-03 5.9581E-04 0
 0 1.8784E-04 8.9344E-04 3.3167E-03 9.1595E-03 1.7120E-02 2.5513E-02 4.0034E-02 4.4157E-02 4.5751E-02 4.8658E-02 6.1110E-02 7.7815E-02 8.2806E-02 1.0932E-01 1.1189E-01 1.7933E-01 1.1240E-01 9.7708E-02 6.1303E-02 2.5099E-02 6.3156E-03 1.2209E-03 6.0340E-04 0
 0 1.7645E-04 7.7576E-04 3.1225E-03 9.0288E-03 1.6687E-02 2.5158E-02 3.9092E-02 4.4065E-02 4.4928E-02 4.7965E-02 6.1423E-02 7.5339E-02 8.0812E-02 1.0631E-01 1.1111E-01 1.7843E-01 1.1092E-01 9.7552E-02 6.0749E-02 2.4433E-02 6.3690E-03 1.2802E-03 5.6544E-04 0
 0 1.9239E-04 8.2448E-04 3.1198E-03 9.0210E-03 1.6131E-02 2.5138E-02 3.8576E-02 4.4356E-02 4.4862E-02 4.7215E-02 6.0103E-02 7.5054E-02 8.1008E-02 1.0621E-01 1.1043E-01 1.7681E-01 1.1184E-01 9.5859E-02 5.9465E-02 2.4593E-02 6.3365E-03 1.1495E-03 5.7661E-04 0
 0 1.7622E-04 8.4622E-04 3.0133E-03 8.7869E-03 1.6212E-02 2.4708E-02 3.8358E-02 4.2491E-02 4.4121E-02 4.7606E-02 5.9712E-02 7.4498E-02 7.9490E-02 1.0366E-01 1.1070E-01 1.7743E-01 1.1137E-01 9.4708E-02 5.7549E-02 2.4159E-02 6.0858E-03 1.2641E-03 5.6008E-04 0
 0 1.8829E-04 8.2073E-04 3.1481E-03 9.1965E-03 1.6371E-02 2.4737E-02 3.7562E-02 4.3223E-02 4.2813E-02 4.6422E-02 5.7851E-02 7.2932E-02 7.8976E-02 1.0432E-01 1.0833E-01 1.7466E-01 1.0837E-01 9.4727E-02 5.8317E-02 2.3992E-02 6.0324E-03 1.2385E-03 5.6321E-04 0
 0 1.7440E-04 7.7201E-04 3.1414E-03 8.6173E-03 1.6002E-02 2.4737E-02 3.7017E-02 4.2792E-02 4.3867E-02 4.5193E-02 5.8208E-02 7.2763E-02 7.7276E-02 1.0407E-01 1.0716E-01 1.7271E-01 1.0835E-01 9.1491E-02 5.6909E-02 2.3832E-02 6.3203E-03 1.1131E-03 5.5115E-04 0
 0 1.7076E-04 8.8069E-04 3.0308E-03 8.4476E-03 1.6099E-02 2.4860E-02 3.6283E-02 4.2133E-02 4.2385E-02 4.5392E-02 5.7530E-02 7.2220E-02 7.6500E-02 1.0228E-01 1.0593E-01 1.7176E-01 1.0730E-01 9.0123E-02 5.5781E-02 2.3140E-02 5.9767E-03 1.1549E-03 5.6231E-04 0
 0 1.6279E-04 7.8925E-04 3.0497E-03 8.7518E-03 1.5529E-02 2.3778E-02 3.6271E-02 4.0345E-02 4.1179E-02 4.4606E-02 5.5975E-02 7.0960E-02 7.4959E-02 1.0217E-01 1.0444E-01 1.6870E-01 1.0567E-01 8.9817E-02 5.4005E-02 2.2895E-02 5.8050E-03 1.0633E-03 5.1944E-04 0
 0 1.7577E-04 8.2523E-04 2.9027E-03 8.7616E-03 1.5466E-02 2.3732E-02 3.5739E-02 3.9894E-02 4.0896E-02 4.5182E-02 5.5873E-02 6.9563E-02 7.4487E-02 1.0049E-01 1.0372E-01 1.7007E-01 1.0357E-01 8.9270E-02 5.4595E-02 2.2145E-02 5.8909E-03 1.2331E-03 5.4088E-04 0
 0 1.8192E-04 7.7801E-04 2.8542E-03 8.7791E-03 1.5674E-02 2.3720E-02 3.4791E-02 4.0159E-02 3.9914E-02 4.3832E-02 5.4682E-02 6.7794E-02 7.4585E-02 9.9030E-02 1.0371E-01 1.6642E-01 1.0468E-01 8.6529E-02 5.3303E-02 2.2445E-02 5.9350E-03 1.1428E-03 5.9358E-04 0
 0 1.6689E-04 7.8475E-04 2.8758E-03 8.0789E-03 1.5348E-02 2.2967E-02 3.4352E-02 3.9437E-02 4.0309E-02 4.2979E-02 5.3018E-02 6.8148E-02 7.3310E-02 9.7109E-02 1.0045E-01 1.6444E-01 1.0360E-01 8.7388E-02 5.1855E-02 2.1697E-02 5.7098E-03 1.1104E-03 5.1854E-04 0
 0 1.7076E-04 7.7951E-04 2.9405E-03 8.2135E-03 1.5148E-02 2.3030E-02 3.4097E-02 3.9497E-02 3.9456E-02 4.2843E-02 5.3155E-02 6.6759E-02 7.3095E-02 9.7379E-02 1.0059E-01 1.6218E-01 1.0181E-01 8.5945E-02 5.2265E-02 2.1769E-02 5.6704E-03 1.1563E-03 5.2926E-04 0
 0 1.7008E-04 8.0124E-04 2.7841E-03 8.1862E-03 1.5148E-02 2.2913E-02 3.3935E-02 3.8362E-02 3.9024E-02 4.2968E-02 5.1788E-02 6.6806E-02 7.1517E-02 9.5487E-02 1.0073E-01 1.6098E-01 1.0150E-01 8.1921E-02 5.0308E-02 2.2011E-02 5.4011E-03 1.1886E-03 5.4177E-04 0
 0 1.6848E-04 7.6527E-04 2.7989E-03 7.9755E-03 1.5128E-02 2.2895E-02 3.3926E-02 3.7636E-02 3.9001E-02 4.1745E-02 5.2062E-02 6.5810E-02 6.9461E-02 9.3261E-02 9.9652E-02 1.5757E-01 1.0051E-01 8.3200E-02 5.0333E-02 2.1870E-02 5.6704E-03 1.1131E-03 4.8594E-04 0
 0 1.5755E-04 7.0905E-04 2.6533E-03 7.9131E-03 1.4944E-02 2.2394E-02 3.2545E-02 3.6724E-02 3.7384E-02 4.1610E-02 5.1984E-02 6.4162E-02 6.9891E-02 9.2524E-02 9.9436E-02 1.5615E-01 9.8201E-02 8.2766E-02 5.0415E-02 2.1606E-02 5.6170E-03 9.9993E-04 5.1408E-04 0
 0 1.7349E-04 7.4878E-04 2.7706E-03 7.7395E-03 1.4746E-02 2.2397E-02 3.3360E-02 3.6670E-02 3.6649E-02 4.1173E-02 5.0233E-02 6.2066E-02 6.9083E-02 9.4052E-02 9.4642E-02 1.5606E-01 9.9579E-02 8.1935E-02 4.8712E-02 2.0728E-02 5.3872E-03 1.0565E-03 5.2212E-04 0
 0 1.6120E-04 7.9600E-04 2.7221E-03 8.1667E-03 1.3794E-02 2.2815E-02 3.3425E-02 3.6168E-02 3.7021E-02 4.0491E-02 4.8784E-02 6.1733E-02 6.8807E-02 8.8622E-02 9.7089E-02 1.5181E-01 9.5810E-02 8.0120E-02 4.8343E-02 2.1443E-02 5.3988E-03 1.1064E-03 4.9398E-04 0
 0 1.7167E-04 7.3828E-04 2.5819E-03 8.0984E-03 1.4435E-02 2.1506E-02 3.2072E-02 3.5378E-02 3.6531E-02 3.9915E-02 4.8494E-02 6.1841E-02 6.7560E-02 9.0656E-02 9.4431E-02 1.5237E-01 9.5251E-02 7.7827E-02 4.6197E-02 2.0597E-02 4.9532E-03 1.0269E-03 5.0827E-04 0
 0 1.6029E-04 7.6752E-04 2.7059E-03 7.8858E-03 1.4391E-02 2.1776E-02 3.1876E-02 3.4668E-02 3.5249E-02 3.9492E-02 4.8349E-02 5.9827E-02 6.6762E-02 8.8170E-02 9.4642E-02 1.5050E-01 9.4667E-02 7.8143E-02 4.7046E-02 1.9689E-02 5.2897E-03 9.9320E-04 5.0872E-04 0
 0 1.5254E-04 7.2704E-04 2.6560E-03 7.7415E-03 1.4039E-02 2.1039E-02 3.1559E-02 3.5985E-02 3.5516E-02 3.8660E-02 4.7848E-02 6.1220E-02 6.6439E-02 8.7398E-02 9.1949E-02 1.4824E-01 9.3593E-02 7.6516E-02 4.5114E-02 1.9964E-02 5.0344E-03 9.5007E-04 4.9041E-04 0
 0 1.5664E-04 6.7607E-04 2.5468E-03 7.4957E-03 1.3807E-02 2.1415E-02 3.1211E-02 3.4322E-02 3.4880E-02 3.7456E-02 4.7284E-02 6.0068E-02 6.5178E-02 8.9256E-02 9.3406E-02 1.4796E-01 9.2091E-02 7.5922E-02 4.4581E-02 2.0117E-02 4.8998E-03 1.0309E-03 4.7031E-04 0
 0 1.6325E-04 7.1655E-04 2.5778E-03 7.4392E-03 1.3665E-02 2.1426E-02 3.0651E-02 3.3337E-02 3.4159E-02 3.7907E-02 4.5748E-02 5.7497E-02 6.5150E-02 8.5658E-02 9.1567E-02 1.4559E-01 9.0643E-02 7.5309E-02 4.5286E-02 1.9474E-02 4.8116E-03 9.2042E-04 5.1452E-04 0
 0 1.6279E-04 7.3154E-04 2.5980E-03 7.7200E-03 1.4245E-02 2.0833E-02 2.9796E-02 3.2582E-02 3.3777E-02 3.7793E-02 4.4185E-02 5.6242E-02 6.3347E-02 8.5865E-02 9.0924E-02 1.4558E-01 9.1027E-02 7.3644E-02 4.3986E-02 1.8939E-02 4.9810E-03 1.0363E-03 5.0157E-04 0
 0 1.5619E-04 6.7982E-04 2.3500E-03 7.5698E-03 1.3339E-02 2.0312E-02 2.9914E-02 3.2832E-02 3.3414E-02 3.6222E-02 4.4013E-02 5.6091E-02 6.1969E-02 8.4007E-02 8.8085E-02 1.4300E-01 8.8970E-02 7.3380E-02 4.4084E-02 1.8315E-02 4.8951E-03 9.8107E-04 5.0514E-04 0
 0 1.4845E-04 6.8357E-04 2.3311E-03 7.5113E-03 1.3572E-02 2.0641E-02 2.9245E-02 3.1511E-02 3.2432E-02 3.6404E-02 4.3069E-02 5.5310E-02 6.2460E-02 8.3771E-02 8.7704E-02 1.3957E-01 8.8361E-02 7.3644E-02 4.2779E-02 1.8354E-02 4.7837E-03 8.9347E-04 5.0380E-04 0
 0 1.4480E-04 6.7907E-04 2.3608E-03 6.8755E-03 1.3161E-02 2.0429E-02 2.8831E-02 3.2173E-02 3.2232E-02 3.4954E-02 4.3426E-02 5.4284E-02 6.2142E-02 8.1909E-02 8.7829E-02 1.3745E-01 8.7627E-02 7.0036E-02 4.2898E-02 1.8367E-02 4.7767E-03 9.6759E-04 4.6718E-04 0
 0 1.5323E-04 6.9331E-04 2.4026E-03 7.1758E-03 1.2904E-02 2.0258E-02 2.8794E-02 3.0970E-02 3.1704E-02 3.4303E-02 4.2376E-02 5.4357E-02 6.0409E-02 8.1152E-02 8.7724E-02 1.3372E-01 8.5511E-02 7.1257E-02 4.1676E-02 1.8364E-02 4.7257E-03 9.8915E-04 5.0246E-04 0
 0 1.5254E-04 6.9031E-04 2.3891E-03 7.3358E-03 1.2977E-02 1.9567E-02 2.7264E-02 3.0938E-02 3.2073E-02 3.4307E-02 4.2313E-02 5.4033E-02 6.0213E-02 8.0017E-02 8.4382E-02 1.3443E-01 8.4832E-02 6.9507E-02 4.1147E-02 1.7600E-02 4.3984E-03 9.3929E-04 4.3860E-04 0
 0 1.5505E-04 6.2885E-04 2.2745E-03 7.0276E-03 1.3148E-02 2.0246E-02 2.7279E-02 2.9848E-02 3.1309E-02 3.3614E-02 4.1107E-02 5.2459E-02 6.0260E-02 7.9727E-02 8.2865E-02 1.3145E-01 8.3868E-02 6.9088E-02 4.0519E-02 1.8060E-02 4.2708E-03 9.1773E-04 4.7343E-04 0
 0 1.4480E-04 6.4234E-04 2.3850E-03 7.1778E-03 1.3364E-02 1.9931E-02 2.7009E-02 3.0526E-02 3.0957E-02 3.3855E-02 3.9524E-02 5.1549E-02 5.9839E-02 7.7761E-02 8.2347E-02 1.3203E-01 8.4203E-02 6.8555E-02 3.9887E-02 1.7221E-02 4.3868E-03 9.0291E-04 5.1274E-04 0
 0 1.4776E-04 6.7308E-04 2.2138E-03 7.1758E-03 1.3070E-02 1.9756E-02 2.6636E-02 2.9362E-02 2.9586E-02 3.3550E-02 3.9035E-02 5.0932E-02 5.8569E-02 7.7535E-02 8.2247E-02 1.2792E-01 8.2855E-02 6.6810E-02 3.9218E-02 1.7025E-02 4.5516E-03 9.8241E-04 4.7299E-04 0
 0 1.4298E-04 6.3410E-04 2.3891E-03 6.7331E-03 1.2730E-02 1.9063E-02 2.6368E-02 2.9045E-02 3.0495E-02 3.2292E-02 3.8671E-02 4.9759E-02 5.7957E-02 7.6267E-02 8.1543E-02 1.2499E-01 8.2061E-02 6.5739E-02 3.7540E-02 1.6650E-02 4.2243E-03 8.6787E-04 4.6450E-04 0
 0 1.3228E-04 5.9812E-04 2.2623E-03 6.5244E-03 1.2536E-02 1.9006E-02 2.5902E-02 2.8610E-02 2.8871E-02 3.1968E-02 3.7554E-02 4.9655E-02 5.7093E-02 7.5952E-02 8.1347E-02 1.2515E-01 8.0773E-02 6.4852E-02 3.8849E-02 1.7114E-02 4.4356E-03 8.5978E-04 4.3860E-04 0
 0 1.4025E-04 6.3785E-04 2.1936E-03 7.0061E-03 1.2324E-02 1.8407E-02 2.6032E-02 2.7938E-02 2.8740E-02 3.1901E-02 3.7304E-02 4.8503E-02 5.6724E-02 7.5200E-02 7.8911E-02 1.2550E-01 8.0304E-02 6.3437E-02 3.7704E-02 1.6232E-02 4.4495E-03 8.7056E-04 4.6316E-04 0
 0 1.2955E-04 6.4160E-04 2.3419E-03 6.8638E-03 1.1961E-02 1.9370E-02 2.6912E-02 2.7414E-02 2.8782E-02 3.1378E-02 3.6959E-02 4.7869E-02 5.5869E-02 7.4100E-02 7.9704E-02 1.2195E-01 7.7573E-02 6.2348E-02 3.5797E-02 1.6366E-02 4.3125E-03 9.3794E-04 4.5155E-04 0
 0 1.3433E-04 6.0412E-04 2.0426E-03 6.7155E-03 1.2302E-02 1.8774E-02 2.5656E-02 2.7641E-02 2.7165E-02 3.1357E-02 3.7088E-02 4.7688E-02 5.4879E-02 7.4385E-02 7.7288E-02 1.1954E-01 7.6729E-02 6.3616E-02 3.5275E-02 1.6382E-02 4.3079E-03 8.4765E-04 4.4530E-04 0
 0 1.3251E-04 5.8313E-04 2.1558E-03 6.6375E-03 1.2015E-02 1.7880E-02 2.5351E-02 2.6339E-02 2.7840E-02 3.0248E-02 3.5506E-02 4.5052E-02 5.3702E-02 7.2768E-02 7.7951E-02 1.2074E-01 7.6524E-02 6.0320E-02 3.5870E-02 1.5491E-02 4.1269E-03 8.3957E-04 4.3681E-04 0
 0 1.2454E-04 5.5840E-04 2.0722E-03 6.7740E-03 1.2294E-02 1.7963E-02 2.4309E-02 2.6160E-02 2.5729E-02 3.0042E-02 3.5149E-02 4.5121E-02 5.3263E-02 7.1180E-02 7.7408E-02 1.1821E-01 7.6374E-02 6.1437E-02 3.4939E-02 1.5471E-02 4.0619E-03 8.0453E-04 4.5601E-04 0
 0 1.3888E-04 6.2735E-04 2.0534E-03 6.4737E-03 1.2062E-02 1.8279E-02 2.4524E-02 2.5840E-02 2.7020E-02 2.9591E-02 3.5659E-02 4.5859E-02 5.2926E-02 7.0763E-02 7.5213E-02 1.1406E-01 7.5825E-02 6.0249E-02 3.4516E-02 1.6203E-02 4.2684E-03 8.1666E-04 4.4530E-04 0
 0 1.2204E-04 5.8088E-04 2.2286E-03 6.3586E-03 1.2607E-02 1.7359E-02 2.3311E-02 2.5331E-02 2.6078E-02 2.9626E-02 3.4143E-02 4.3172E-02 5.1768E-02 6.9013E-02 7.4539E-02 1.1384E-01 7.3204E-02 5.8551E-02 3.4287E-02 1.5481E-02 4.0178E-03 8.0318E-04 4.0688E-04 0
 0 1.3046E-04 6.1386E-04 2.0682E-03 6.2494E-03 1.1472E-02 1.7588E-02 2.3970E-02 2.4714E-02 2.4760E-02 2.7874E-02 3.3399E-02 4.3564E-02 5.1488E-02 6.8556E-02 7.3509E-02 1.1166E-01 7.4577E-02 5.7985E-02 3.3396E-02 1.5445E-02 4.1918E-03 8.1531E-04 4.2520E-04 0
 0 1.3570E-04 5.6215E-04 2.0749E-03 6.2747E-03 1.1626E-02 1.7723E-02 2.3155E-02 2.4884E-02 2.5254E-02 2.8471E-02 3.3246E-02 4.3107E-02 5.1684E-02 6.7839E-02 7.3700E-02 1.1054E-01 7.1058E-02 5.6400E-02 3.3003E-02 1.4867E-02 3.8623E-03 7.2637E-04 4.4753E-04 0
 0 1.2727E-04 5.4116E-04 2.0871E-03 6.2338E-03 1.1247E-02 1.7368E-02 2.3339E-02 2.4589E-02 2.4793E-02 2.8691E-02 3.2764E-02 4.1929E-02 5.0507E-02 6.7863E-02 7.3554E-02 1.0678E-01 7.2840E-02 5.6122E-02 3.1616E-02 1.4583E-02 4.0688E-03 7.6410E-04 3.9304E-04 0
 0 1.1566E-04 5.8688E-04 2.0170E-03 6.0660E-03 1.1257E-02 1.6970E-02 2.1896E-02 2.3700E-02 2.4968E-02 2.7906E-02 3.2118E-02 4.2050E-02 5.0918E-02 6.6320E-02 7.2027E-02 1.0763E-01 7.1177E-02 5.5688E-02 3.2157E-02 1.4544E-02 3.9458E-03 8.1531E-04 3.8768E-04 0
 0 1.2909E-04 5.8538E-04 2.0534E-03 6.2494E-03 1.1374E-02 1.6887E-02 2.2353E-02 2.3742E-02 2.4272E-02 2.7867E-02 3.0872E-02 4.0596E-02 4.8405E-02 6.4517E-02 7.1861E-02 1.0647E-01 7.0488E-02 5.6608E-02 3.1464E-02 1.4071E-02 4.0828E-03 7.9240E-04 4.1403E-04 0
 0 1.2295E-04 5.2917E-04 1.9307E-03 5.9821E-03 1.1440E-02 1.6735E-02 2.1364E-02 2.3505E-02 2.4052E-02 2.7064E-02 3.0289E-02 4.0497E-02 4.9115E-02 6.4708E-02 7.0414E-02 1.0300E-01 6.8971E-02 5.4433E-02 2.9999E-02 1.4074E-02 3.6580E-03 7.1424E-04 4.2341E-04 0
 0 1.3410E-04 5.5390E-04 1.8471E-03 5.9217E-03 1.0623E-02 1.6746E-02 2.1970E-02 2.2942E-02 2.3255E-02 2.5749E-02 2.9791E-02 3.8461E-02 4.6901E-02 6.3863E-02 6.9148E-02 1.0182E-01 6.8491E-02 5.2405E-02 3.0381E-02 1.4025E-02 3.8646E-03 7.4793E-04 3.8813E-04 0
 0 1.2818E-04 5.7264E-04 1.8687E-03 6.1518E-03 1.1156E-02 1.6609E-02 2.1625E-02 2.3166E-02 2.2948E-02 2.5329E-02 2.8945E-02 3.8849E-02 4.7144E-02 6.4541E-02 6.8228E-02 9.7303E-02 6.8052E-02 5.1556E-02 3.0139E-02 1.3451E-02 3.8298E-03 6.9941E-04 4.3368E-04 0
 0 1.1817E-04 6.0037E-04 1.9347E-03 5.9392E-03 1.0728E-02 1.5864E-02 2.0913E-02 2.2811E-02 2.2586E-02 2.5507E-02 2.9819E-02 3.7460E-02 4.7097E-02 6.1838E-02 6.7429E-02 9.8733E-02 6.6609E-02 5.1467E-02 2.8613E-02 1.3705E-02 3.6046E-03 6.7111E-04 4.2073E-04 0
 0 1.2249E-04 5.4940E-04 1.9051E-03 5.7169E-03 1.0567E-02 1.6397E-02 2.0888E-02 2.1848E-02 2.2293E-02 2.5010E-02 2.8338E-02 3.6451E-02 4.5527E-02 6.1686E-02 6.7641E-02 9.7157E-02 6.6170E-02 5.1820E-02 2.9105E-02 1.3480E-02 3.6534E-03 7.4523E-04 4.2073E-04 0
 0 1.0268E-04 5.5540E-04 1.9549E-03 5.6798E-03 1.0486E-02 1.6228E-02 2.0282E-02 2.1135E-02 2.1700E-02 2.4882E-02 2.7982E-02 3.6533E-02 4.5490E-02 6.1460E-02 6.5937E-02 9.4186E-02 6.4612E-02 4.9646E-02 2.7648E-02 1.3519E-02 3.4329E-03 6.9402E-04 3.7517E-04 0
 0 1.2682E-04 5.2692E-04 1.8336E-03 5.6896E-03 1.0917E-02 1.5741E-02 2.0002E-02 2.0479E-02 2.1509E-02 2.4711E-02 2.8127E-02 3.6748E-02 4.4420E-02 6.0462E-02 6.3726E-02 9.2848E-02 6.5845E-02 5.0707E-02 2.8128E-02 1.3467E-02 3.3841E-03 6.5494E-04 3.9572E-04 0
 0 1.0746E-04 5.2617E-04 1.8255E-03 5.8066E-03 1.0430E-02 1.5449E-02 2.0064E-02 2.1039E-02 2.1248E-02 2.4388E-02 2.7351E-02 3.5623E-02 4.4691E-02 5.8590E-02 6.3631E-02 9.0216E-02 6.2735E-02 4.8415E-02 2.6889E-02 1.2772E-02 3.6232E-03 6.7785E-04 3.7607E-04 0
 0 1.1794E-04 5.2767E-04 1.8282E-03 5.8359E-03 1.0361E-02 1.5443E-02 2.0123E-02 2.0060E-02 2.1031E-02 2.4199E-02 2.6211E-02 3.4799E-02 4.3612E-02 5.8924E-02 6.3008E-02 9.0670E-02 6.3304E-02 4.7076E-02 2.7173E-02 1.3078E-02 3.3655E-03 5.9834E-04 3.8857E-04 0
 0 1.0792E-04 5.9288E-04 1.6354E-03 5.7754E-03 9.9842E-03 1.5308E-02 1.9551E-02 1.9801E-02 2.0655E-02 2.3400E-02 2.5917E-02 3.4277E-02 4.3776E-02 5.7681E-02 6.1209E-02 8.8134E-02 6.2600E-02 4.6279E-02 2.6385E-02 1.3085E-02 3.4329E-03 6.4147E-04 4.0644E-04 0
 0 1.0633E-04 4.8270E-04 1.6880E-03 5.4828E-03 1.0116E-02 1.4741E-02 1.9149E-02 1.9565E-02 2.0270E-02 2.3250E-02 2.6164E-02 3.3505E-02 4.2309E-02 5.7612E-02 6.1561E-02 8.5674E-02 6.0913E-02 4.6953E-02 2.6520E-02 1.2657E-02 3.1590E-03 6.4551E-04 3.6981E-04 0
 0 1.1042E-04 5.4715E-04 1.7365E-03 5.4965E-03 9.9793E-03 1.4879E-02 1.9383E-02 1.9239E-02 1.9021E-02 2.3073E-02 2.5679E-02 3.3034E-02 4.2594E-02 5.6363E-02 6.0872E-02 8.3154E-02 6.0543E-02 4.6571E-02 2.5552E-02 1.2543E-02 3.2820E-03 6.4012E-04 3.6222E-04 0
 0 1.1384E-04 5.3816E-04 1.7446E-03 5.5374E-03 1.0158E-02 1.4349E-02 1.8869E-02 1.9594E-02 1.9888E-02 2.3432E-02 2.4468E-02 3.2681E-02 4.1613E-02 5.6418E-02 5.9370E-02 8.3866E-02 6.0309E-02 4.5090E-02 2.5199E-02 1.2481E-02 3.4584E-03 6.5090E-04 3.8277E-04 0
 0 1.2272E-04 4.6546E-04 1.7042E-03 5.4711E-03 1.0222E-02 1.4822E-02 1.8135E-02 1.8439E-02 1.8923E-02 2.2369E-02 2.3967E-02 3.2284E-02 4.1613E-02 5.4570E-02 5.9461E-02 8.1244E-02 5.8931E-02 4.4383E-02 2.5006E-02 1.1662E-02 3.3168E-03 6.3877E-04 3.5374E-04 0
 0 1.1908E-04 5.0518E-04 1.6206E-03 5.2878E-03 9.4434E-03 1.4564E-02 1.7905E-02 1.8615E-02 1.8804E-02 2.2276E-02 2.3712E-02 3.1046E-02 4.0600E-02 5.3764E-02 5.9591E-02 7.8941E-02 5.7838E-02 4.3982E-02 2.4067E-02 1.2079E-02 3.2472E-03 5.9430E-04 3.9438E-04 0
 0 1.0655E-04 4.7895E-04 1.7082E-03 5.3365E-03 9.5633E-03 1.4329E-02 1.7927E-02 1.7742E-02 1.8870E-02 2.1207E-02 2.3211E-02 3.0964E-02 4.0492E-02 5.2973E-02 5.8722E-02 7.8228E-02 5.8771E-02 4.3699E-02 2.3451E-02 1.1913E-02 3.2031E-03 5.9969E-04 4.0420E-04 0
 0 1.0974E-04 4.6845E-04 1.7028E-03 5.2702E-03 9.4042E-03 1.4352E-02 1.7237E-02 1.8145E-02 1.7377E-02 2.0841E-02 2.2565E-02 3.1343E-02 4.0786E-02 5.3508E-02 5.7315E-02 7.8951E-02 5.7393E-02 4.2670E-02 2.3968E-02 1.1609E-02 3.2379E-03 6.4416E-04 3.6803E-04 0
 0 1.0086E-04 5.5840E-04 1.5545E-03 5.1961E-03 9.3308E-03 1.4163E-02 1.6991E-02 1.7595E-02 1.8280E-02 2.0972E-02 2.2890E-02 2.9954E-02 3.9675E-02 5.2653E-02 5.8310E-02 7.6193E-02 5.7583E-02 4.2670E-02 2.3193E-02 1.1622E-02 3.1102E-03 6.3877E-04 3.6133E-04 0
 0 1.1589E-04 5.0443E-04 1.5828E-03 5.1337E-03 9.2867E-03 1.3951E-02 1.7473E-02 1.6757E-02 1.7684E-02 2.0926E-02 2.2189E-02 2.8647E-02 3.8932E-02 5.0820E-02 5.5783E-02 7.4950E-02 5.6789E-02 4.0798E-02 2.3140E-02 1.1074E-02 3.3145E-03 6.2664E-04 3.5508E-04 0
 0 1.1293E-04 4.5196E-04 1.6192E-03 5.3599E-03 9.1693E-03 1.3392E-02 1.6714E-02 1.6811E-02 1.8023E-02 2.1004E-02 2.1421E-02 2.8897E-02 3.7718E-02 4.9685E-02 5.5240E-02 7.1540E-02 5.5291E-02 4.0930E-02 2.1679E-02 1.1195E-02 3.0127E-03 5.9430E-04 4.0197E-04 0
 0 1.0018E-04 4.6471E-04 1.6031E-03 4.9620E-03 9.4874E-03 1.3862E-02 1.6823E-02 1.6021E-02 1.7091E-02 1.9661E-02 2.0833E-02 2.7918E-02 3.9353E-02 4.9370E-02 5.3893E-02 7.0560E-02 5.3948E-02 4.0392E-02 2.2401E-02 1.1329E-02 2.8944E-03 5.9700E-04 3.7071E-04 0
 0 1.1111E-04 4.4447E-04 1.5195E-03 4.7884E-03 9.5461E-03 1.3833E-02 1.6366E-02 1.6513E-02 1.7121E-02 2.0151E-02 2.1711E-02 2.7867E-02 3.8040E-02 4.7812E-02 5.5848E-02 6.9393E-02 5.5331E-02 3.9468E-02 2.1445E-02 1.0976E-02 2.8804E-03 5.9969E-04 3.7785E-04 0
 0 1.0359E-04 4.5047E-04 1.4494E-03 4.8099E-03 8.9442E-03 1.3189E-02 1.5846E-02 1.5813E-02 1.6841E-02 1.8818E-02 2.0794E-02 2.6874E-02 3.6410E-02 4.8982E-02 5.4838E-02 6.7206E-02 5.3314E-02 3.8553E-02 2.1141E-02 1.0584E-02 3.0615E-03 5.4174E-04 3.9215E-04 0
 0 9.7902E-05 4.5646E-04 1.5734E-03 4.9542E-03 9.1766E-03 1.3112E-02 1.5818E-02 1.5675E-02 1.6669E-02 1.9071E-02 2.0132E-02 2.7612E-02 3.6251E-02 4.9090E-02 5.2145E-02 6.7327E-02 5.3869E-02 3.9086E-02 2.1064E-02 1.0917E-02 3.2216E-03 6.1317E-04 3.5106E-04 0
 0 9.5170E-05 4.8719E-04 1.6502E-03 4.7650E-03 8.9784E-03 1.3252E-02 1.5822E-02 1.5180E-02 1.6215E-02 1.8897E-02 1.9314E-02 2.6495E-02 3.5354E-02 4.6967E-02 5.2944E-02 6.5706E-02 5.1507E-02 3.8256E-02 2.0752E-02 1.0885E-02 2.9083E-03 5.8621E-04 3.6311E-04 0
 0 1.0246E-04 4.7595E-04 1.4615E-03 4.9308E-03 8.7851E-03 1.3046E-02 1.5420E-02 1.5404E-02 1.5767E-02 1.7724E-02 1.9298E-02 2.6477E-02 3.5606E-02 4.6161E-02 5.2371E-02 6.3756E-02 5.0853E-02 3.6402E-02 1.9874E-02 1.0496E-02 2.7621E-03 4.8784E-04 3.4123E-04 0
 0 8.5152E-05 4.3847E-04 1.5019E-03 4.8021E-03 8.5306E-03 1.2931E-02 1.5277E-02 1.4706E-02 1.5068E-02 1.8186E-02 1.8562E-02 2.5239E-02 3.4882E-02 4.5930E-02 5.1371E-02 6.2619E-02 5.0823E-02 3.6954E-02 2.0571E-02 1.0819E-02 2.7226E-03 5.5118E-04 3.5374E-04 0
 0 9.9951E-05 4.5346E-04 1.3428E-03 4.7904E-03 8.7435E-03 1.2608E-02 1.4910E-02 1.4847E-02 1.5137E-02 1.7713E-02 1.8859E-02 2.4756E-02 3.4481E-02 4.5390E-02 4.9421E-02 6.1508E-02 4.9865E-02 3.7411E-02 1.9816E-02 1.0124E-02 2.7249E-03 5.0266E-04 3.6981E-04 0
 0 9.9951E-05 4.6770E-04 1.3779E-03 4.5524E-03 8.5967E-03 1.2725E-02 1.4913E-02 1.4268E-02 1.5180E-02 1.7336E-02 1.8295E-02 2.4868E-02 3.4574E-02 4.6053E-02 4.9045E-02 6.0538E-02 4.9226E-02 3.4879E-02 1.8836E-02 1.0346E-02 2.6483E-03 5.2692E-04 3.4972E-04 0
 0 1.0542E-04 4.7595E-04 1.4413E-03 4.6246E-03 8.3104E-03 1.2977E-02 1.5091E-02 1.4159E-02 1.4851E-02 1.7582E-02 1.7532E-02 2.4605E-02 3.3332E-02 4.4166E-02 4.8432E-02 6.0194E-02 4.8237E-02 3.5237E-02 1.8544E-02 9.8953E-03 2.7389E-03 5.0671E-04 3.2694E-04 0
 0 9.6081E-05 4.2873E-04 1.4076E-03 4.4296E-03 8.7141E-03 1.2840E-02 1.4064E-02 1.3654E-02 1.4258E-02 1.7020E-02 1.7872E-02 2.4774E-02 3.3570E-02 4.3124E-02 4.8427E-02 5.7664E-02 4.7753E-02 3.3185E-02 1.8483E-02 9.9965E-03 2.6414E-03 4.7167E-04 3.7875E-04 0
 0 9.7219E-05 4.5346E-04 1.5249E-03 4.4042E-03 8.2834E-03 1.2238E-02 1.4322E-02 1.3587E-02 1.4742E-02 1.6149E-02 1.7022E-02 2.2518E-02 3.3154E-02 4.3886E-02 4.7361E-02 5.8295E-02 4.6669E-02 3.4086E-02 1.8315E-02 9.6080E-03 2.7690E-03 5.4983E-04 3.5597E-04 0
 0 1.0519E-04 3.9200E-04 1.4574E-03 4.2969E-03 8.2100E-03 1.2513E-02 1.3567E-02 1.3501E-02 1.3892E-02 1.5950E-02 1.7140E-02 2.2863E-02 3.2533E-02 4.2421E-02 4.7879E-02 5.5496E-02 4.6784E-02 3.3270E-02 1.8097E-02 9.5362E-03 2.6135E-03 5.5522E-04 3.3676E-04 0
 0 1.0200E-04 3.8826E-04 1.4035E-03 4.4744E-03 7.9237E-03 1.1915E-02 1.3200E-02 1.2998E-02 1.3694E-02 1.6135E-02 1.6924E-02 2.2932E-02 3.1856E-02 4.1040E-02 4.6326E-02 5.5022E-02 4.5696E-02 3.3082E-02 1.7904E-02 9.2750E-03 2.5253E-03 4.8919E-04 3.3453E-04 0
 0 1.0154E-04 4.1149E-04 1.4898E-03 4.4003E-03 8.2125E-03 1.1926E-02 1.3343E-02 1.2976E-02 1.2970E-02 1.6000E-02 1.6780E-02 2.1499E-02 3.1519E-02 4.0387E-02 4.6251E-02 5.3486E-02 4.4822E-02 3.2275E-02 1.6731E-02 9.1673E-03 2.6390E-03 4.5954E-04 2.9701E-04 0
 0 9.6991E-05 4.1674E-04 1.3927E-03 4.2794E-03 8.2957E-03 1.2052E-02 1.2808E-02 1.2474E-02 1.2693E-02 1.5193E-02 1.5840E-02 2.1767E-02 3.1814E-02 4.2067E-02 4.5774E-02 5.1107E-02 4.4103E-02 3.1134E-02 1.6948E-02 9.2163E-03 2.5694E-03 4.6358E-04 3.3855E-04 0
 0 9.6308E-05 4.2198E-04 1.3739E-03 4.2111E-03 8.3936E-03 1.1717E-02 1.2752E-02 1.2739E-02 1.3309E-02 1.5463E-02 1.5663E-02 2.1068E-02 3.0637E-02 4.1704E-02 4.4442E-02 5.1122E-02 4.3185E-02 3.1077E-02 1.6050E-02 9.1804E-03 2.6808E-03 5.0805E-04 3.3721E-04 0
 0 9.3121E-05 4.2423E-04 1.2970E-03 4.3925E-03 7.8136E-03 1.1783E-02 1.2503E-02 1.1965E-02 1.2943E-02 1.4852E-02 1.5550E-02 2.1129E-02 3.0721E-02 4.0308E-02 4.4935E-02 4.9505E-02 4.4353E-02 3.1308E-02 1.6411E-02 9.0237E-03 2.4835E-03 4.6089E-04 3.3319E-04 0
 0 9.7674E-05 4.1899E-04 1.2444E-03 4.1740E-03 7.6839E-03 1.1164E-02 1.3274E-02 1.1869E-02 1.2469E-02 1.4216E-02 1.4978E-02 2.0456E-02 2.9450E-02 3.7802E-02 4.3573E-02 4.8682E-02 4.2116E-02 3.0535E-02 1.6358E-02 8.4393E-03 2.4835E-03 4.5684E-04 3.1130E-04 0
 0 8.7884E-05 3.7401E-04 1.2646E-03 4.3223E-03 7.6154E-03 1.1061E-02 1.2780E-02 1.1626E-02 1.2189E-02 1.4479E-02 1.4473E-02 2.0300E-02 2.9450E-02 3.8662E-02 4.2221E-02 4.7565E-02 4.3404E-02 3.1205E-02 1.5213E-02 9.0628E-03 2.4696E-03 4.6897E-04 3.3989E-04 0
 0 9.3804E-05 3.8526E-04 1.2498E-03 4.4257E-03 7.8992E-03 1.1525E-02 1.2313E-02 1.1581E-02 1.2077E-02 1.3939E-02 1.4222E-02 1.9144E-02 2.9226E-02 3.8893E-02 4.2307E-02 4.7601E-02 4.1163E-02 2.9912E-02 1.5590E-02 8.3609E-03 2.1934E-03 4.7975E-04 3.1979E-04 0
 0 9.1527E-05 3.9500E-04 1.3145E-03 4.2345E-03 7.9384E-03 1.1087E-02 1.2105E-02 1.1316E-02 1.1830E-02 1.4191E-02 1.4382E-02 1.8890E-02 2.8530E-02 3.8018E-02 4.2704E-02 4.4908E-02 4.0634E-02 2.8167E-02 1.5209E-02 8.6515E-03 2.3814E-03 4.1507E-04 2.9612E-04 0
 0 8.9478E-05 3.6727E-04 1.3186E-03 4.1955E-03 7.4049E-03 1.0666E-02 1.2064E-02 1.1156E-02 1.1006E-02 1.3622E-02 1.4332E-02 1.8614E-02 2.8357E-02 3.7040E-02 4.1669E-02 4.3539E-02 4.1043E-02 2.9294E-02 1.5172E-02 8.1455E-03 2.2746E-03 4.6628E-04 3.2381E-04 0
 0 9.2210E-05 3.8601E-04 1.2781E-03 3.9614E-03 7.6668E-03 1.0752E-02 1.1582E-02 1.1073E-02 1.0749E-02 1.3566E-02 1.4034E-02 1.8381E-02 2.9506E-02 3.6937E-02 4.0081E-02 4.2554E-02 3.9430E-02 2.7285E-02 1.5024E-02 7.9365E-03 2.3489E-03 5.0671E-04 3.1443E-04 0
 0 8.9933E-05 3.8001E-04 1.2215E-03 3.9244E-03 7.7255E-03 1.0411E-02 1.1495E-02 1.1370E-02 1.1477E-02 1.3338E-02 1.3254E-02 1.8954E-02 2.8021E-02 3.6357E-02 3.9146E-02 4.2347E-02 4.0084E-02 2.7884E-02 1.3633E-02 8.4230E-03 2.1493E-03 4.5415E-04 2.8987E-04 0
 0 8.4924E-05 3.4703E-04 1.2053E-03 4.1682E-03 7.5469E-03 1.0706E-02 1.1172E-02 1.0449E-02 1.1342E-02 1.2762E-02 1.3016E-02 1.7393E-02 2.7591E-02 3.5271E-02 4.0448E-02 4.0973E-02 3.8971E-02 2.6002E-02 1.3523E-02 8.1846E-03 2.2607E-03 4.3932E-04 3.1577E-04 0
 0 8.3103E-05 3.8076E-04 1.1851E-03 4.0551E-03 7.3437E-03 1.0838E-02 1.1032E-02 1.0344E-02 1.1066E-02 1.3534E-02 1.3012E-02 1.7738E-02 2.7507E-02 3.4770E-02 4.0814E-02 4.0685E-02 3.8627E-02 2.6064E-02 1.3350E-02 8.1259E-03 2.2329E-03 4.3798E-04 3.3676E-04 0
 0 9.4259E-05 3.8526E-04 1.1918E-03 4.0980E-03 7.4857E-03 1.0377E-02 1.1035E-02 9.9983E-03 1.0598E-02 1.2919E-02 1.2044E-02 1.6944E-02 2.6788E-02 3.5521E-02 3.8945E-02 4.0195E-02 3.8092E-02 2.7158E-02 1.3777E-02 7.8027E-03 2.3837E-03 4.4337E-04 2.6932E-04 0
 0 8.1281E-05 3.7551E-04 1.0691E-03 4.0141E-03 7.2067E-03 1.0904E-02 1.0957E-02 9.7936E-03 1.0558E-02 1.2329E-02 1.2428E-02 1.6880E-02 2.6498E-02 3.4096E-02 3.9257E-02 3.8665E-02 3.7069E-02 2.5408E-02 1.3129E-02 7.3587E-03 2.3582E-03 4.6628E-04 3.2024E-04 0
 0 8.1281E-05 4.0400E-04 1.2741E-03 3.9341E-03 7.0305E-03 1.0282E-02 1.1458E-02 9.8128E-03 1.0265E-02 1.1739E-02 1.1954E-02 1.6578E-02 2.6321E-02 3.2971E-02 3.8367E-02 3.8043E-02 3.7668E-02 2.5549E-02 1.2825E-02 7.7472E-03 2.3303E-03 4.0833E-04 2.9076E-04 0
 0 8.6973E-05 3.5228E-04 1.0799E-03 3.6942E-03 7.0574E-03 1.0216E-02 1.0264E-02 9.4257E-03 9.9093E-03 1.2222E-02 1.1696E-02 1.6353E-02 2.6073E-02 3.3015E-02 3.7569E-02 3.6432E-02 3.6350E-02 2.5389E-02 1.2838E-02 7.6427E-03 2.1284E-03 3.8138E-04 2.9344E-04 0
 0 9.0844E-05 3.3954E-04 1.1082E-03 3.9497E-03 7.0648E-03 1.0173E-02 1.0531E-02 9.4034E-03 1.0232E-02 1.2286E-02 1.1621E-02 1.5792E-02 2.5606E-02 3.2592E-02 3.7378E-02 3.5048E-02 3.6690E-02 2.4710E-02 1.2567E-02 7.6296E-03 2.1725E-03 4.2854E-04 2.7468E-04 0
 0 8.3786E-05 3.6802E-04 1.1056E-03 4.1038E-03 7.1847E-03 9.7779E-03 1.0341E-02 9.0739E-03 9.6787E-03 1.1458E-02 1.1406E-02 1.5715E-02 2.5064E-02 3.2278E-02 3.7604E-02 3.6164E-02 3.5776E-02 2.4106E-02 1.2103E-02 7.2411E-03 2.3025E-03 4.3124E-04 2.9433E-04 0
 0 8.4014E-05 3.8601E-04 1.1231E-03 3.7800E-03 6.8029E-03 9.8753E-03 9.5047E-03 8.8308E-03 9.5930E-03 1.1380E-02 1.1367E-02 1.5417E-02 2.5195E-02 3.1369E-02 3.6564E-02 3.4669E-02 3.5711E-02 2.3691E-02 1.2005E-02 7.3750E-03 2.1052E-03 4.4202E-04 2.5816E-04 0
 0 8.0598E-05 4.0549E-04 1.1244E-03 3.6825E-03 7.3976E-03 9.6405E-03 9.6260E-03 8.9396E-03 9.2010E-03 1.1291E-02 1.0869E-02 1.4718E-02 2.4195E-02 3.1231E-02 3.5890E-02 3.2320E-02 3.5327E-02 2.3097E-02 1.1960E-02 7.0191E-03 1.9729E-03 4.5954E-04 2.6396E-04 0
 0 8.1737E-05 3.3654E-04 1.0638E-03 3.6942E-03 6.8837E-03 9.9269E-03 9.6789E-03 8.8148E-03 8.6212E-03 1.1096E-02 1.0160E-02 1.4429E-02 2.4074E-02 3.1344E-02 3.5102E-02 3.1845E-02 3.4807E-02 2.2767E-02 1.1787E-02 7.4044E-03 2.1423E-03 4.1911E-04 2.7870E-04 0
 0 9.2665E-05 3.5603E-04 1.1163E-03 3.6201E-03 7.1676E-03 9.7722E-03 9.2497E-03 8.4214E-03 9.1022E-03 1.0381E-02 9.8860E-03 1.4438E-02 2.3999E-02 3.0007E-02 3.4720E-02 3.0405E-02 3.3744E-02 2.2177E-02 1.1644E-02 6.6796E-03 1.9845E-03 4.4876E-04 2.7870E-04 0
 0 8.9022E-05 3.7102E-04 1.0894E-03 3.6630E-03 6.7858E-03 9.5946E-03 9.3679E-03 8.3799E-03 8.8452E-03 1.0740E-02 1.0031E-02 1.3925E-02 2.3859E-02 2.9816E-02 3.4262E-02 3.1209E-02 3.3320E-02 2.2658E-02 1.1159E-02 7.3652E-03 1.9915E-03 3.5038E-04 2.9031E-04 0
 0 8.2192E-05 3.3429E-04 1.0314E-03 3.6572E-03 6.9228E-03 9.4285E-03 8.8423E-03 8.1848E-03 8.8683E-03 1.0516E-02 1.0227E-02 1.4110E-02 2.3565E-02 2.9727E-02 3.3489E-02 2.9198E-02 3.3005E-02 2.2276E-02 1.0269E-02 6.9310E-03 2.0727E-03 3.7329E-04 2.7870E-04 0
 0 8.0826E-05 3.8826E-04 1.0718E-03 3.5889E-03 6.3943E-03 9.8009E-03 8.7458E-03 8.0728E-03 8.9012E-03 9.9512E-03 9.6236E-03 1.3459E-02 2.4177E-02 2.7997E-02 3.3554E-02 2.9208E-02 3.1627E-02 2.0616E-02 1.0548E-02 6.7155E-03 2.0077E-03 3.3556E-04 2.9389E-04 0
 0 7.4679E-05 3.0506E-04 1.0314E-03 3.5733E-03 6.6879E-03 9.0447E-03 8.7614E-03 8.1240E-03 8.3577E-03 9.9334E-03 9.2436E-03 1.3696E-02 2.2738E-02 2.8813E-02 3.2835E-02 2.7516E-02 3.2716E-02 2.0342E-02 1.0080E-02 6.4739E-03 1.9149E-03 4.5145E-04 2.7825E-04 0
 0 7.3540E-05 3.5603E-04 1.0543E-03 3.4602E-03 6.2842E-03 9.2681E-03 9.1097E-03 7.8297E-03 7.9953E-03 1.0239E-02 9.3494E-03 1.3364E-02 2.2626E-02 2.8061E-02 3.1846E-02 2.7859E-02 3.1717E-02 2.0592E-02 1.0310E-02 6.0691E-03 2.1307E-03 3.2612E-04 2.7245E-04 0
 0 8.2420E-05 3.5752E-04 9.9230E-04 3.2417E-03 6.4922E-03 8.6581E-03 8.6432E-03 8.0280E-03 7.9656E-03 9.9939E-03 8.9225E-03 1.2648E-02 2.1351E-02 2.6425E-02 3.2735E-02 2.7031E-02 3.0818E-02 2.0154E-02 1.0647E-02 6.3956E-03 1.8986E-03 3.8138E-04 2.8674E-04 0
 0 7.9915E-05 3.7102E-04 1.0570E-03 3.3860E-03 6.3845E-03 9.1135E-03 8.2886E-03 7.1293E-03 7.7054E-03 9.5070E-03 8.9656E-03 1.2277E-02 2.1935E-02 2.6936E-02 3.1429E-02 2.6172E-02 3.0119E-02 1.9875E-02 9.8753E-03 6.3237E-03 1.9822E-03 3.9350E-04 2.8808E-04 0
 0 8.4924E-05 3.3504E-04 9.7208E-04 3.3685E-03 6.6072E-03 8.5435E-03 7.9776E-03 7.4299E-03 8.0183E-03 9.1871E-03 8.6522E-03 1.2251E-02 2.0664E-02 2.7069E-02 3.1243E-02 2.5733E-02 2.9975E-02 1.9404E-02 9.2230E-03 6.3629E-03 1.8174E-03 3.6251E-04 2.5950E-04 0
 0 7.6500E-05 3.2904E-04 1.0543E-03 3.3353E-03 5.7482E-03 8.7068E-03 8.2047E-03 7.0781E-03 7.7416E-03 9.4501E-03 8.6444E-03 1.2445E-02 2.1028E-02 2.6012E-02 3.0353E-02 2.4833E-02 2.9980E-02 1.8942E-02 9.0712E-03 6.4054E-03 1.8174E-03 3.6116E-04 2.7602E-04 0
 0 7.3313E-05 3.5677E-04 1.0098E-03 3.4270E-03 6.1471E-03 8.8872E-03 8.0740E-03 6.8478E-03 7.2640E-03 8.9490E-03 8.6052E-03 1.1682E-02 2.1626E-02 2.6440E-02 2.9343E-02 2.4540E-02 2.9241E-02 1.9809E-02 9.6456E-03 6.2323E-03 1.7733E-03 3.4095E-04 2.5950E-04 0
 0 7.0580E-05 3.2305E-04 9.0601E-04 3.3548E-03 6.1447E-03 8.4204E-03 8.0367E-03 6.9342E-03 7.5275E-03 8.9987E-03 8.1665E-03 1.1949E-02 2.1397E-02 2.6169E-02 2.8816E-02 2.3894E-02 3.0314E-02 1.8824E-02 9.4979E-03 5.6708E-03 1.8058E-03 3.5577E-04 2.4922E-04 0
 0 7.7183E-05 3.0881E-04 9.8691E-04 3.2690E-03 5.9734E-03 8.6037E-03 7.5204E-03 6.6143E-03 7.4353E-03 9.1196E-03 8.2370E-03 1.1336E-02 2.0744E-02 2.5737E-02 3.0012E-02 2.3682E-02 2.9016E-02 1.8522E-02 9.1779E-03 6.0528E-03 1.7501E-03 3.8542E-04 2.5235E-04 0
 0 6.8304E-05 3.5153E-04 9.3028E-04 3.1890E-03 5.8681E-03 8.9273E-03 7.7164E-03 6.7199E-03 6.7138E-03 8.8388E-03 7.7827E-03 1.1263E-02 1.9426E-02 2.4606E-02 3.0062E-02 2.3010E-02 2.7978E-02 1.7711E-02 8.7676E-03 6.2291E-03 1.8499E-03 3.5847E-04 2.5012E-04 0
 0 6.5344E-05 3.4103E-04 9.4511E-04 3.2476E-03 5.7458E-03 8.1970E-03 7.5609E-03 6.4960E-03 6.8752E-03 8.5154E-03 7.8493E-03 1.1190E-02 2.0206E-02 2.4430E-02 2.9223E-02 2.2116E-02 2.7274E-02 1.8616E-02 8.8661E-03 5.8177E-03 1.8476E-03 3.4903E-04 2.5771E-04 0
 0 7.9688E-05 3.0281E-04 9.9365E-04 3.2164E-03 5.6039E-03 8.0137E-03 7.4147E-03 6.4096E-03 6.5721E-03 8.3306E-03 7.3558E-03 1.0741E-02 1.9571E-02 2.4602E-02 2.8364E-02 2.1565E-02 2.8392E-02 1.7159E-02 8.5912E-03 5.8177E-03 1.8569E-03 3.5308E-04 2.5905E-04 0
 0 6.9670E-05 3.1030E-04 9.2084E-04 3.1637E-03 5.6552E-03 8.4118E-03 7.3991E-03 6.3713E-03 6.4601E-03 8.2062E-03 7.1482E-03 1.0357E-02 1.9772E-02 2.3486E-02 2.7334E-02 2.0247E-02 2.7938E-02 1.7244E-02 7.8157E-03 5.5239E-03 1.7872E-03 3.2747E-04 2.4297E-04 0
 0 7.3540E-05 3.1030E-04 9.5859E-04 3.2105E-03 5.7115E-03 8.2256E-03 7.1939E-03 6.3777E-03 6.4107E-03 8.2097E-03 6.9445E-03 1.0862E-02 1.9324E-02 2.3329E-02 2.8474E-02 2.0908E-02 2.7648E-02 1.6871E-02 8.1686E-03 5.9091E-03 1.9984E-03 3.4230E-04 2.6664E-04 0
 0 6.3522E-05 2.8407E-04 8.7366E-04 3.0486E-03 5.6675E-03 8.0710E-03 7.1192E-03 5.8051E-03 6.2822E-03 7.8579E-03 6.9797E-03 9.9345E-03 1.9506E-02 2.3221E-02 2.7499E-02 1.8898E-02 2.6839E-02 1.6777E-02 8.3696E-03 5.8047E-03 1.7315E-03 3.6116E-04 2.5235E-04 0
 0 6.6027E-05 2.6383E-04 8.7770E-04 3.0389E-03 5.8681E-03 7.9507E-03 6.9108E-03 5.8787E-03 6.2229E-03 7.9610E-03 6.9327E-03 9.7101E-03 1.9450E-02 2.2754E-02 2.7298E-02 1.9327E-02 2.6265E-02 1.5682E-02 8.1111E-03 5.5827E-03 1.8383E-03 3.2478E-04 2.7379E-04 0
 0 6.6027E-05 2.9307E-04 8.7770E-04 3.0194E-03 5.8804E-03 7.9048E-03 7.1752E-03 5.8211E-03 6.0714E-03 7.6304E-03 6.6546E-03 9.8439E-03 1.9095E-02 2.2872E-02 2.7409E-02 1.8575E-02 2.5961E-02 1.6192E-02 7.4301E-03 5.2758E-03 1.7524E-03 3.1804E-04 2.5860E-04 0
 0 7.0125E-05 2.8707E-04 9.2354E-04 2.9511E-03 5.5353E-03 7.8733E-03 6.6682E-03 5.7028E-03 5.9561E-03 7.2431E-03 6.6546E-03 9.3003E-03 1.7908E-02 2.2007E-02 2.6268E-02 1.8120E-02 2.5786E-02 1.5168E-02 7.3891E-03 5.5174E-03 1.6967E-03 3.1669E-04 2.6084E-04 0
 0 7.2857E-05 3.2829E-04 8.7096E-04 3.1266E-03 5.3714E-03 7.8189E-03 6.6278E-03 5.7508E-03 6.0385E-03 7.2182E-03 6.4941E-03 9.6066E-03 1.7913E-02 2.1579E-02 2.5791E-02 1.7367E-02 2.5836E-02 1.5480E-02 7.4547E-03 5.1876E-03 1.6062E-03 3.2747E-04 2.5726E-04 0
 0 5.9197E-05 2.9157E-04 8.7905E-04 2.9394E-03 5.5451E-03 7.4495E-03 6.5718E-03 5.6516E-03 5.7552E-03 7.2395E-03 6.3648E-03 9.5074E-03 1.7787E-02 2.1741E-02 2.6685E-02 1.7347E-02 2.5217E-02 1.5154E-02 7.4547E-03 5.2692E-03 1.7454E-03 3.5173E-04 2.4520E-04 0
 0 6.6938E-05 2.4659E-04 8.3860E-04 3.0603E-03 5.8094E-03 8.0538E-03 6.5501E-03 5.3638E-03 5.5608E-03 7.3959E-03 6.0710E-03 8.7094E-03 1.8679E-02 2.1161E-02 2.5962E-02 1.6246E-02 2.5347E-02 1.5300E-02 7.3973E-03 5.3280E-03 1.5598E-03 2.8839E-04 2.3850E-04 0
 0 6.3522E-05 2.9681E-04 8.8579E-04 2.9589E-03 5.4962E-03 7.3950E-03 6.4319E-03 5.2486E-03 5.3796E-03 6.8059E-03 6.3021E-03 8.9337E-03 1.7792E-02 2.0955E-02 2.5826E-02 1.5847E-02 2.4348E-02 1.4942E-02 7.3809E-03 4.9460E-03 1.6108E-03 3.4903E-04 2.4744E-04 0
 0 7.1491E-05 3.2754E-04 8.6961E-04 2.9491E-03 5.3910E-03 7.1401E-03 5.7943E-03 5.1015E-03 5.6036E-03 6.7775E-03 5.9105E-03 8.5454E-03 1.7689E-02 2.1481E-02 2.4037E-02 1.5326E-02 2.4413E-02 1.4645E-02 6.8065E-03 5.0113E-03 1.8058E-03 3.0726E-04 2.3850E-04 0
 0 6.3295E-05 3.0281E-04 8.9253E-04 3.0096E-03 5.1634E-03 7.2833E-03 6.0835E-03 4.9160E-03 5.6102E-03 6.5927E-03 5.6989E-03 8.4117E-03 1.7446E-02 1.9835E-02 2.4907E-02 1.5756E-02 2.2965E-02 1.4164E-02 6.8803E-03 4.8383E-03 1.6805E-03 2.8839E-04 2.3895E-04 0
 0 6.8076E-05 2.6608E-04 8.1973E-04 2.8770E-03 5.0582E-03 7.2461E-03 6.0897E-03 4.9959E-03 5.2709E-03 6.3439E-03 5.7029E-03 8.1443E-03 1.5713E-02 2.0537E-02 2.4731E-02 1.4993E-02 2.2486E-02 1.4461E-02 6.1541E-03 5.1778E-03 1.4460E-03 3.4903E-04 2.5637E-04 0
 0 6.4205E-05 2.9456E-04 8.1838E-04 2.8672E-03 5.1609E-03 7.2747E-03 5.8440E-03 4.8552E-03 5.0139E-03 6.4683E-03 5.6049E-03 8.1874E-03 1.6227E-02 1.9903E-02 2.3073E-02 1.4432E-02 2.2466E-02 1.3367E-02 6.4865E-03 4.8024E-03 1.5505E-03 3.4364E-04 2.3984E-04 0
 0 6.1473E-05 2.5859E-04 7.9950E-04 2.7716E-03 4.7229E-03 6.9568E-03 5.8347E-03 4.9544E-03 5.0666E-03 6.7633E-03 5.5344E-03 7.4929E-03 1.6456E-02 1.9889E-02 2.3535E-02 1.4756E-02 2.2771E-02 1.3319E-02 6.1664E-03 4.9297E-03 1.5133E-03 2.8570E-04 2.2957E-04 0
 0 5.8741E-05 2.6608E-04 7.5906E-04 2.8321E-03 4.9945E-03 6.9368E-03 5.9311E-03 4.5929E-03 4.7603E-03 6.3865E-03 5.4013E-03 7.7733E-03 1.5778E-02 1.9137E-02 2.3063E-02 1.3387E-02 2.2541E-02 1.3145E-02 6.0310E-03 4.6587E-03 1.4692E-03 3.0726E-04 2.3850E-04 0
 0 6.6938E-05 2.6908E-04 7.9411E-04 2.6312E-03 5.1438E-03 6.8480E-03 5.1816E-03 4.3371E-03 5.0238E-03 6.0631E-03 5.1232E-03 7.5964E-03 1.5657E-02 1.8478E-02 2.2610E-02 1.2563E-02 2.1488E-02 1.2654E-02 6.0885E-03 5.0015E-03 1.5110E-03 3.2073E-04 2.3895E-04 0
 0 6.8304E-05 2.7583E-04 7.8602E-04 2.7248E-03 5.2197E-03 6.7220E-03 5.5983E-03 4.5098E-03 4.6680E-03 5.9068E-03 5.1114E-03 6.9062E-03 1.5638E-02 1.8287E-02 2.2736E-02 1.2725E-02 2.1792E-02 1.2631E-02 5.9326E-03 4.7273E-03 1.4042E-03 2.8839E-04 2.1974E-04 0
 0 6.0790E-05 2.7058E-04 8.2107E-04 2.6917E-03 4.8991E-03 6.8365E-03 5.3309E-03 4.4362E-03 4.5857E-03 6.0916E-03 5.1075E-03 7.7302E-03 1.5101E-02 1.7623E-02 2.2892E-02 1.2684E-02 2.1293E-02 1.2919E-02 5.8136E-03 4.4204E-03 1.4019E-03 2.6683E-04 2.5771E-04 0
 0 6.3295E-05 2.9981E-04 7.4962E-04 2.7131E-03 5.1463E-03 6.6704E-03 5.4117E-03 4.5226E-03 4.3584E-03 5.8108E-03 4.9822E-03 7.1435E-03 1.5199E-02 1.8429E-02 2.1379E-02 1.2205E-02 2.1198E-02 1.2060E-02 5.9285E-03 4.4629E-03 1.5365E-03 3.2612E-04 2.2823E-04 0
 0 6.1246E-05 2.7208E-04 8.2916E-04 2.7541E-03 4.8404E-03 6.8881E-03 5.2127E-03 3.9341E-03 4.3946E-03 5.6473E-03 4.6375E-03 7.0443E-03 1.4938E-02 1.7599E-02 2.1485E-02 1.1588E-02 2.0234E-02 1.1999E-02 5.6946E-03 4.4824E-03 1.4507E-03 3.1130E-04 2.3538E-04 0
 0 5.5781E-05 2.6383E-04 7.1996E-04 2.6390E-03 4.6715E-03 6.7678E-03 4.9732E-03 4.1484E-03 4.4341E-03 5.5478E-03 4.5474E-03 6.8329E-03 1.4307E-02 1.7977E-02 2.1736E-02 1.1250E-02 2.0075E-02 1.2230E-02 5.7110E-03 4.2768E-03 1.4042E-03 2.5740E-04 2.1662E-04 0
 0 5.3960E-05 2.3460E-04 8.7500E-04 2.8360E-03 4.5810E-03 6.6332E-03 5.1069E-03 4.0268E-03 4.3880E-03 5.6260E-03 4.6962E-03 6.4145E-03 1.4536E-02 1.7166E-02 2.1294E-02 1.1159E-02 2.0214E-02 1.2027E-02 5.5880E-03 4.5837E-03 1.3532E-03 3.0726E-04 2.1483E-04 0
 0 6.6255E-05 2.5559E-04 7.5501E-04 2.6078E-03 4.5589E-03 6.4356E-03 5.1722E-03 4.1036E-03 4.3452E-03 4.8725E-03 4.5200E-03 6.2333E-03 1.4111E-02 1.6429E-02 2.0902E-02 1.1376E-02 1.9535E-02 1.1744E-02 5.2228E-03 4.5510E-03 1.2882E-03 2.7761E-04 2.0411E-04 0
 0 5.6692E-05 2.4435E-04 7.4153E-04 2.6468E-03 4.5834E-03 6.4241E-03 5.1598E-03 3.8733E-03 4.1673E-03 5.1853E-03 4.3594E-03 6.2549E-03 1.3719E-02 1.7279E-02 2.0952E-02 1.0467E-02 1.9331E-02 1.1206E-02 5.1325E-03 4.4204E-03 1.3671E-03 2.8570E-04 2.7289E-04 0
 0 5.8514E-05 2.4734E-04 6.9299E-04 2.6488E-03 4.5859E-03 6.1234E-03 4.4631E-03 3.7613E-03 3.9038E-03 5.0360E-03 4.0539E-03 5.7286E-03 1.3854E-02 1.6021E-02 1.9334E-02 9.6636E-03 1.9141E-02 1.0725E-02 4.8905E-03 4.2376E-03 1.3276E-03 2.5335E-04 2.2421E-04 0
 0 5.8058E-05 2.6908E-04 7.1591E-04 2.4381E-03 4.6201E-03 6.2437E-03 4.5595E-03 3.8765E-03 3.9268E-03 5.4056E-03 4.0108E-03 5.7157E-03 1.4181E-02 1.6188E-02 2.0314E-02 1.0522E-02 1.8812E-02 1.0683E-02 4.9725E-03 4.2213E-03 1.4158E-03 2.9782E-04 2.1171E-04 0
 0 5.1683E-05 2.7583E-04 6.4311E-04 2.5161E-03 4.7718E-03 6.2866E-03 4.7741E-03 3.4351E-03 3.6204E-03 4.7872E-03 3.8620E-03 5.9270E-03 1.3915E-02 1.5544E-02 1.9827E-02 9.4060E-03 1.8267E-02 1.0419E-02 5.1038E-03 4.1462E-03 1.4251E-03 2.5066E-04 2.1572E-04 0
 0 6.6938E-05 2.3535E-04 6.6063E-04 2.4635E-03 4.4219E-03 5.8112E-03 4.3294E-03 3.4159E-03 3.7357E-03 5.0111E-03 3.7993E-03 6.3972E-03 1.3041E-02 1.6129E-02 1.9254E-02 8.8049E-03 1.8652E-02 1.0211E-02 4.6936E-03 3.8752E-03 1.2348E-03 2.6279E-04 2.0813E-04 0
 0 6.1701E-05 2.5184E-04 7.0917E-04 2.4264E-03 4.2971E-03 6.1177E-03 4.8488E-03 3.6078E-03 3.6666E-03 4.8086E-03 3.7484E-03 5.5819E-03 1.3686E-02 1.4881E-02 1.9284E-02 9.2443E-03 1.8602E-02 1.0499E-02 4.6279E-03 4.0450E-03 1.4158E-03 2.7491E-04 1.9920E-04 0
 0 5.6692E-05 2.4435E-04 6.9164E-04 2.4986E-03 4.2800E-03 6.1205E-03 4.6000E-03 3.4063E-03 3.6040E-03 4.7019E-03 3.7484E-03 5.5000E-03 1.3807E-02 1.4842E-02 1.9133E-02 8.5523E-03 1.7898E-02 9.9613E-03 4.6074E-03 3.9144E-03 1.2302E-03 2.0484E-04 2.1528E-04 0
 0 5.8058E-05 2.4360E-04 7.5906E-04 2.4576E-03 4.4709E-03 5.6480E-03 4.2174E-03 3.3296E-03 3.5842E-03 4.8868E-03 3.6896E-03 5.5776E-03 1.2696E-02 1.4291E-02 1.8460E-02 8.3401E-03 1.7389E-02 1.0065E-02 4.5171E-03 3.6793E-03 1.2835E-03 2.4527E-04 2.1662E-04 0
 0 6.5344E-05 2.3160E-04 6.8221E-04 2.2977E-03 4.6862E-03 5.8742E-03 4.0930E-03 2.9010E-03 3.5381E-03 4.8050E-03 3.7640E-03 5.5129E-03 1.3205E-02 1.4429E-02 1.8335E-02 7.7592E-03 1.6700E-02 9.8764E-03 4.4638E-03 3.8556E-03 1.2998E-03 2.4527E-04 2.0545E-04 0
 0 6.3295E-05 2.3985E-04 5.8783E-04 2.1670E-03 4.3999E-03 5.7224E-03 4.5844E-03 3.3296E-03 3.2877E-03 4.2648E-03 3.7053E-03 5.3706E-03 1.3116E-02 1.4650E-02 1.8093E-02 7.6986E-03 1.7119E-02 9.7821E-03 4.2546E-03 4.0907E-03 1.2441E-03 2.5605E-04 2.0635E-04 0
 0 5.9197E-05 2.2711E-04 6.9569E-04 2.3269E-03 4.2898E-03 5.3214E-03 4.2610E-03 3.0705E-03 3.2811E-03 4.2577E-03 3.2000E-03 5.2239E-03 1.2443E-02 1.3554E-02 1.7611E-02 7.5218E-03 1.6171E-02 9.7443E-03 3.8730E-03 3.9862E-03 1.2394E-03 2.3583E-04 2.2734E-04 0
 0 6.0335E-05 2.3760E-04 6.3771E-04 2.2626E-03 4.4782E-03 5.7854E-03 4.0215E-03 3.0513E-03 3.3404E-03 4.2612E-03 3.2627E-03 5.3576E-03 1.2135E-02 1.4419E-02 1.7717E-02 7.4510E-03 1.7039E-02 9.1548E-03 4.1151E-03 3.6206E-03 1.1884E-03 2.5200E-04 2.0590E-04 0
 0 5.9197E-05 2.3685E-04 7.0108E-04 2.2684E-03 3.9619E-03 5.8313E-03 4.0308E-03 3.0129E-03 3.0604E-03 4.2968E-03 3.3136E-03 4.7753E-03 1.2551E-02 1.3289E-02 1.7923E-02 7.4561E-03 1.6565E-02 9.3859E-03 4.0822E-03 3.7969E-03 1.2952E-03 2.9513E-04 2.1662E-04 0
 0 5.9652E-05 2.5334E-04 6.9164E-04 2.4323E-03 4.2041E-03 5.3157E-03 4.0775E-03 3.0033E-03 2.8825E-03 4.6131E-03 2.9454E-03 4.9047E-03 1.2429E-02 1.3451E-02 1.7380E-02 7.4561E-03 1.6265E-02 9.2161E-03 3.8197E-03 3.8948E-03 1.1420E-03 2.8300E-04 2.1349E-04 0
 0 5.8058E-05 2.3535E-04 6.2828E-04 2.2801E-03 4.2457E-03 5.6164E-03 3.9748E-03 2.9713E-03 3.2120E-03 4.0835E-03 3.0982E-03 4.6157E-03 1.1210E-02 1.3977E-02 1.6928E-02 6.9964E-03 1.6001E-02 8.6454E-03 3.8935E-03 3.5455E-03 1.1884E-03 2.7357E-04 1.9652E-04 0
 0 5.5098E-05 1.9937E-04 6.4985E-04 2.3113E-03 4.1625E-03 5.6852E-03 3.8224E-03 2.7858E-03 3.0736E-03 4.2150E-03 2.9885E-03 4.4862E-03 1.2182E-02 1.3475E-02 1.6752E-02 6.9459E-03 1.5731E-02 8.7444E-03 3.4873E-03 3.3137E-03 1.1118E-03 2.3179E-04 1.8982E-04 0
 0 5.4188E-05 2.1886E-04 5.8783E-04 2.2528E-03 4.0230E-03 5.2298E-03 3.5860E-03 2.8402E-03 3.0209E-03 4.1049E-03 2.8906E-03 4.2749E-03 1.1673E-02 1.2945E-02 1.6953E-02 6.2690E-03 1.5891E-02 7.8955E-03 3.8730E-03 3.6467E-03 1.1582E-03 2.6009E-04 2.0903E-04 0
 0 6.3750E-05 2.1436E-04 5.9862E-04 2.2743E-03 4.3289E-03 5.5849E-03 3.4025E-03 2.7858E-03 2.9023E-03 3.7601E-03 2.8123E-03 4.6286E-03 1.1481E-02 1.2232E-02 1.5797E-02 5.9204E-03 1.5282E-02 8.3671E-03 3.5899E-03 3.4573E-03 1.0468E-03 2.4122E-04 2.0635E-04 0
 0 4.9634E-05 2.3985E-04 7.0917E-04 2.1260E-03 4.4244E-03 5.3415E-03 3.5332E-03 2.6451E-03 2.9550E-03 3.5576E-03 2.8083E-03 4.3266E-03 1.2037E-02 1.2674E-02 1.5772E-02 6.0518E-03 1.5082E-02 8.1643E-03 4.0371E-03 3.4541E-03 1.1118E-03 2.1697E-04 2.0009E-04 0
 0 5.5781E-05 2.3235E-04 6.2423E-04 2.1670E-03 4.1087E-03 5.2155E-03 3.7167E-03 2.6899E-03 2.4510E-03 3.7104E-03 2.8005E-03 4.5121E-03 1.1271E-02 1.2065E-02 1.5938E-02 5.6123E-03 1.4748E-02 8.0700E-03 3.3478E-03 3.5944E-03 1.2186E-03 2.1831E-04 2.0858E-04 0
 0 5.4871E-05 2.6233E-04 5.8109E-04 2.3074E-03 3.6168E-03 5.2613E-03 3.3963E-03 2.3924E-03 2.6420E-03 3.4971E-03 2.8201E-03 3.7184E-03 1.0780E-02 1.2139E-02 1.6561E-02 5.7285E-03 1.4383E-02 7.9473E-03 3.4463E-03 3.4573E-03 1.1257E-03 2.2910E-04 1.9339E-04 0
 0 5.1911E-05 2.2111E-04 6.0805E-04 2.2938E-03 3.8297E-03 5.1811E-03 3.4181E-03 2.5747E-03 2.7507E-03 3.3692E-03 2.7927E-03 3.9600E-03 1.0566E-02 1.1495E-02 1.5154E-02 5.3041E-03 1.4248E-02 7.6596E-03 3.3355E-03 3.3724E-03 1.2650E-03 2.1427E-04 1.9295E-04 0
 0 5.6692E-05 2.3010E-04 5.9187E-04 2.3484E-03 3.8052E-03 4.9090E-03 3.4647E-03 2.6003E-03 2.6651E-03 3.2981E-03 2.4245E-03 3.9255E-03 1.0309E-02 1.1401E-02 1.5270E-02 5.0970E-03 1.4184E-02 7.6596E-03 3.2043E-03 3.3365E-03 1.1327E-03 2.3179E-04 1.8446E-04 0
 0 5.9197E-05 2.3085E-04 6.3502E-04 2.1572E-03 3.9496E-03 5.2728E-03 3.1444E-03 2.4500E-03 2.4971E-03 3.4758E-03 2.5929E-03 3.8047E-03 1.0393E-02 1.1873E-02 1.5576E-02 5.4254E-03 1.3395E-02 7.3672E-03 3.1222E-03 3.3920E-03 1.1443E-03 2.2505E-04 1.9786E-04 0
 0 4.5536E-05 2.0912E-04 5.7974E-04 2.1338E-03 3.9374E-03 5.1782E-03 3.1693E-03 2.1333E-03 2.5926E-03 3.4118E-03 2.3618E-03 3.9859E-03 1.0346E-02 1.0979E-02 1.4606E-02 5.1677E-03 1.3699E-02 7.5936E-03 2.9253E-03 3.1504E-03 1.0584E-03 2.3853E-04 2.0367E-04 0
 0 5.7603E-05 2.1661E-04 6.1479E-04 2.0714E-03 3.6021E-03 5.0264E-03 3.1133E-03 2.5204E-03 2.5597E-03 3.4296E-03 2.3814E-03 3.8737E-03 1.0463E-02 1.2094E-02 1.4501E-02 4.3949E-03 1.3155E-02 7.2823E-03 3.2084E-03 3.2255E-03 1.2070E-03 2.0349E-04 2.0277E-04 0
 0 5.0545E-05 2.3460E-04 6.2558E-04 1.9700E-03 3.6951E-03 5.0379E-03 3.0075E-03 2.1717E-03 2.4378E-03 3.0067E-03 2.3932E-03 3.6106E-03 9.6128E-03 1.1456E-02 1.4461E-02 4.5464E-03 1.3505E-02 7.1974E-03 2.8473E-03 3.1766E-03 1.1002E-03 1.9810E-04 2.1662E-04 0
 0 5.3277E-05 2.2786E-04 5.5547E-04 2.0636E-03 3.7734E-03 5.0035E-03 3.0387E-03 2.3540E-03 2.5234E-03 3.1204E-03 2.3305E-03 3.6149E-03 9.9491E-03 1.1229E-02 1.4792E-02 4.3443E-03 1.3225E-02 6.5890E-03 2.9581E-03 3.0688E-03 1.0282E-03 2.3449E-04 1.8357E-04 0
 0 4.9634E-05 1.8288E-04 5.8109E-04 2.0032E-03 3.8077E-03 4.9663E-03 2.9733E-03 2.1270E-03 2.3653E-03 3.1488E-03 2.2678E-03 3.1835E-03 1.0117E-02 1.0954E-02 1.4074E-02 4.3191E-03 1.2411E-02 7.5559E-03 3.0073E-03 2.8044E-03 1.0306E-03 1.7654E-04 1.7195E-04 0
 0 4.6447E-05 2.2861E-04 5.4334E-04 2.1065E-03 3.6290E-03 4.5739E-03 2.8396E-03 2.0342E-03 2.3917E-03 3.0387E-03 2.3031E-03 3.5027E-03 9.5987E-03 1.0433E-02 1.3652E-02 4.1069E-03 1.2811E-02 6.6031E-03 2.6258E-03 3.2321E-03 1.0839E-03 1.9945E-04 2.0411E-04 0
 0 4.3714E-05 2.0987E-04 5.8513E-04 2.0480E-03 3.6584E-03 4.7515E-03 2.9391E-03 1.9926E-03 2.2204E-03 2.8396E-03 2.0681E-03 3.1361E-03 9.6922E-03 1.0527E-02 1.3823E-02 4.1019E-03 1.2736E-02 6.1928E-03 2.5396E-03 2.7522E-03 1.0979E-03 2.2775E-04 1.7240E-04 0
 0 5.4415E-05 1.9788E-04 5.5412E-04 2.0188E-03 3.3207E-03 4.9147E-03 2.6779E-03 2.2133E-03 2.4147E-03 2.7295E-03 2.0328E-03 3.2957E-03 9.6735E-03 1.0153E-02 1.3878E-02 3.7735E-03 1.2646E-02 6.4899E-03 2.8514E-03 2.8893E-03 1.1350E-03 1.9406E-04 1.9429E-04 0
 0 5.3277E-05 2.1736E-04 5.4064E-04 2.1436E-03 3.6609E-03 4.8002E-03 2.6499E-03 1.8999E-03 2.2368E-03 3.0031E-03 2.1190E-03 3.1274E-03 9.6128E-03 9.8976E-03 1.3843E-02 3.8594E-03 1.1887E-02 5.9475E-03 2.5765E-03 2.8729E-03 1.0375E-03 2.3988E-04 1.7821E-04 0
 0 5.1683E-05 1.7989E-04 5.5143E-04 1.8569E-03 3.5385E-03 4.4594E-03 2.6032E-03 1.9031E-03 2.0326E-03 2.8539E-03 1.8605E-03 3.2698E-03 9.3792E-03 9.7994E-03 1.3039E-02 3.4755E-03 1.2231E-02 6.9616E-03 2.3632E-03 3.0035E-03 1.0747E-03 2.3583E-04 2.0277E-04 0
 0 4.9634E-05 1.8588E-04 5.5278E-04 1.9563E-03 3.3378E-03 4.5396E-03 3.0387E-03 1.8583E-03 2.1808E-03 2.6442E-03 1.9584E-03 2.9808E-03 9.5287E-03 1.0158E-02 1.2280E-02 3.6927E-03 1.1722E-02 6.1692E-03 2.6340E-03 3.0394E-03 1.0955E-03 2.3314E-04 1.6927E-04 0
 0 5.4415E-05 2.3685E-04 5.1772E-04 2.0422E-03 3.4675E-03 4.5138E-03 2.7276E-03 1.8807E-03 2.1413E-03 2.5162E-03 1.9662E-03 2.8427E-03 9.0196E-03 9.9959E-03 1.2506E-02 3.3593E-03 1.2306E-02 5.9806E-03 2.5642E-03 2.7391E-03 1.0027E-03 2.2101E-04 1.9339E-04 0
 0 5.4415E-05 2.0387E-04 5.0289E-04 1.8881E-03 3.5679E-03 4.2818E-03 2.7712E-03 2.0150E-03 1.7394E-03 2.8325E-03 1.9349E-03 2.9376E-03 8.2956E-03 9.0769E-03 1.2938E-02 3.2279E-03 1.1448E-02 5.6740E-03 2.3755E-03 2.8207E-03 1.0422E-03 2.5200E-04 1.8669E-04 0
 0 4.9634E-05 2.1212E-04 5.3795E-04 1.9914E-03 3.3354E-03 4.3448E-03 2.7028E-03 1.7687E-03 1.9403E-03 2.5376E-03 1.7195E-03 2.7090E-03 8.2442E-03 1.0030E-02 1.2320E-02 3.1421E-03 1.1498E-02 5.2259E-03 2.6258E-03 2.8599E-03 8.5415E-04 1.9675E-04 1.9116E-04 0
 0 5.3277E-05 2.1062E-04 5.1637E-04 1.9271E-03 3.3085E-03 4.5682E-03 2.5597E-03 1.7335E-03 1.8448E-03 2.4309E-03 1.7939E-03 3.0153E-03 8.8327E-03 9.1654E-03 1.2712E-02 2.9299E-03 1.1243E-02 6.0513E-03 2.2360E-03 2.6836E-03 9.9574E-04 1.8867E-04 1.8089E-04 0
 0 4.6902E-05 2.1886E-04 5.9592E-04 1.9446E-03 3.2816E-03 4.2331E-03 2.5628E-03 1.6984E-03 1.8646E-03 2.5873E-03 1.7978E-03 2.6227E-03 8.6926E-03 8.9344E-03 1.2476E-02 3.4351E-03 1.1128E-02 5.7117E-03 2.6914E-03 2.7097E-03 9.9574E-04 2.2505E-04 1.7731E-04 0
 0 4.5536E-05 2.1586E-04 5.5817E-04 1.8413E-03 3.3672E-03 4.2990E-03 2.6312E-03 1.7112E-03 1.9140E-03 2.4132E-03 1.6960E-03 2.5278E-03 8.1321E-03 8.8214E-03 1.2240E-02 2.8541E-03 1.1168E-02 5.2967E-03 2.3057E-03 2.4877E-03 9.6556E-04 1.9675E-04 1.6481E-04 0
 0 4.7130E-05 2.2411E-04 5.0289E-04 1.7691E-03 3.2057E-03 3.9782E-03 2.6094E-03 1.6728E-03 2.0754E-03 2.3883E-03 1.6059E-03 2.6055E-03 8.1975E-03 8.6494E-03 1.2466E-02 2.9602E-03 1.0494E-02 5.1693E-03 2.2524E-03 2.5073E-03 9.4932E-04 2.0619E-04 1.8446E-04 0
 0 4.8951E-05 2.3460E-04 4.9211E-04 1.7788E-03 3.3770E-03 4.3104E-03 2.3762E-03 1.4457E-03 1.7888E-03 2.5020E-03 1.6411E-03 2.5106E-03 8.2769E-03 8.4037E-03 1.1672E-02 2.8238E-03 1.0284E-02 5.2684E-03 2.1868E-03 2.5138E-03 9.8877E-04 2.0619E-04 1.6659E-04 0
 0 5.1000E-05 1.9788E-04 5.2177E-04 1.9446E-03 3.1886E-03 4.0154E-03 2.3482E-03 1.4393E-03 1.7229E-03 2.4558E-03 1.4375E-03 2.4200E-03 7.9686E-03 8.7772E-03 1.2074E-02 2.7733E-03 1.0479E-02 5.3485E-03 2.0924E-03 2.6248E-03 9.5396E-04 2.0214E-04 1.8669E-04 0
 0 4.9862E-05 2.1436E-04 4.6110E-04 1.7652E-03 3.2987E-03 4.0727E-03 2.4415E-03 1.4457E-03 1.6241E-03 2.3314E-03 1.6921E-03 2.4459E-03 7.9826E-03 8.3349E-03 1.1622E-02 2.4601E-03 1.0230E-02 5.0561E-03 2.0924E-03 2.5922E-03 9.0289E-04 1.9675E-04 1.5096E-04 0
 0 5.0545E-05 1.5290E-04 5.0020E-04 1.6638E-03 3.2326E-03 4.1300E-03 2.3606E-03 1.5448E-03 1.6274E-03 2.0649E-03 1.5667E-03 2.3768E-03 7.5435E-03 7.9024E-03 1.0838E-02 2.6167E-03 1.0254E-02 5.4665E-03 1.9406E-03 2.4649E-03 8.8897E-04 1.8732E-04 1.8669E-04 0
 0 3.9388E-05 1.9713E-04 4.6784E-04 1.8101E-03 3.0442E-03 4.1443E-03 2.3295E-03 1.4201E-03 1.6373E-03 2.0542E-03 1.4414E-03 2.4761E-03 7.8191E-03 8.2267E-03 1.0722E-02 2.3843E-03 1.0324E-02 4.9052E-03 1.9447E-03 2.3865E-03 8.9361E-04 1.9675E-04 1.6124E-04 0
 0 4.7357E-05 2.0012E-04 4.1795E-04 1.8705E-03 2.8851E-03 3.9324E-03 2.0123E-03 1.2730E-03 1.7262E-03 2.1182E-03 1.4806E-03 2.3682E-03 7.5015E-03 7.6518E-03 1.1456E-02 2.2126E-03 9.3558E-03 4.9995E-03 2.1704E-03 2.2984E-03 8.5183E-04 1.6980E-04 1.8401E-04 0
 0 3.8705E-05 1.6490E-04 4.8941E-04 1.7398E-03 3.1005E-03 4.0641E-03 2.1025E-03 1.3561E-03 1.6109E-03 2.0755E-03 1.4257E-03 2.0274E-03 7.6229E-03 7.9810E-03 1.0672E-02 2.0257E-03 9.9150E-03 4.7543E-03 1.9324E-03 2.3016E-03 9.9342E-04 1.7250E-04 1.6124E-04 0
 0 4.9406E-05 1.7839E-04 4.0986E-04 1.6755E-03 3.1054E-03 4.0555E-03 2.0869E-03 1.5832E-03 1.4363E-03 2.0400E-03 1.3630E-03 2.0533E-03 7.3333E-03 8.1776E-03 1.0672E-02 2.1570E-03 9.2011E-03 4.6552E-03 1.8585E-03 2.4224E-03 9.2146E-04 1.6441E-04 1.5543E-04 0
 0 5.2138E-05 1.9413E-04 4.7593E-04 1.6891E-03 2.9928E-03 3.9496E-03 2.2518E-03 1.2762E-03 1.3671E-03 1.8410E-03 1.5080E-03 2.2474E-03 7.3614E-03 7.1603E-03 1.0456E-02 2.3136E-03 1.0030E-02 4.4948E-03 1.7437E-03 2.2233E-03 9.1914E-04 1.5498E-04 1.6526E-04 0
 0 4.2804E-05 1.9488E-04 4.8806E-04 1.7203E-03 3.0173E-03 3.9381E-03 2.0652E-03 1.3273E-03 1.3968E-03 1.9973E-03 1.5393E-03 1.9498E-03 7.2633E-03 7.4748E-03 1.0878E-02 2.0509E-03 9.3309E-03 4.6694E-03 1.5385E-03 2.2886E-03 8.7736E-04 1.9945E-04 1.6213E-04 0
 0 4.6902E-05 1.6490E-04 4.8671E-04 1.8471E-03 3.2277E-03 3.8064E-03 1.9221E-03 1.1258E-03 1.3902E-03 1.7308E-03 1.2847E-03 1.9455E-03 6.9457E-03 7.5485E-03 1.0024E-02 2.2530E-03 8.9614E-03 4.2449E-03 1.8093E-03 2.2135E-03 8.2166E-04 1.6710E-04 1.6570E-04 0
 0 4.1438E-05 1.9788E-04 4.9750E-04 1.5916E-03 2.9659E-03 3.9009E-03 1.8412E-03 1.2442E-03 1.4429E-03 1.8125E-03 1.3395E-03 2.0533E-03 7.0157E-03 7.8680E-03 1.0396E-02 2.0661E-03 9.0863E-03 4.2920E-03 1.7396E-03 2.2820E-03 7.6131E-04 1.8867E-04 1.8178E-04 0
 0 4.1893E-05 1.7539E-04 4.4627E-04 1.7554E-03 2.9341E-03 3.7920E-03 2.0061E-03 1.1386E-03 1.3803E-03 1.8907E-03 1.1985E-03 2.0318E-03 6.9316E-03 6.6492E-03 9.9938E-03 1.7883E-03 8.5371E-03 3.9996E-03 1.8216E-03 2.3571E-03 8.6808E-04 2.0214E-04 1.6659E-04 0
 0 4.2348E-05 1.5515E-04 4.8806E-04 1.5428E-03 3.0760E-03 3.6202E-03 1.7946E-03 1.1067E-03 1.2782E-03 1.8623E-03 1.2769E-03 1.7859E-03 7.1465E-03 7.2045E-03 9.7275E-03 1.8943E-03 8.8017E-03 4.0892E-03 1.5919E-03 2.2559E-03 8.8433E-04 1.8732E-04 1.6749E-04 0
 0 5.3505E-05 1.6714E-04 4.6649E-04 1.6638E-03 2.8900E-03 3.4197E-03 1.6639E-03 1.1482E-03 1.3078E-03 1.8303E-03 1.0850E-03 1.8506E-03 6.4319E-03 6.6148E-03 9.7577E-03 1.7175E-03 9.1961E-03 4.0468E-03 1.4360E-03 2.2233E-03 7.7756E-04 1.5228E-04 1.5856E-04 0
 0 4.3259E-05 1.8888E-04 4.6919E-04 1.6794E-03 2.7799E-03 3.3195E-03 1.6733E-03 1.0683E-03 1.1234E-03 1.6419E-03 1.1320E-03 1.7859E-03 6.4926E-03 6.3494E-03 9.5517E-03 1.7579E-03 8.2975E-03 3.8864E-03 1.5755E-03 2.2167E-03 7.9845E-04 1.3476E-04 1.4873E-04 0
 0 5.0317E-05 1.9862E-04 4.6379E-04 1.6560E-03 2.8925E-03 3.4999E-03 1.8257E-03 1.1099E-03 1.3111E-03 1.5567E-03 9.9487E-04 1.8851E-03 6.8289E-03 6.4723E-03 9.2904E-03 1.4144E-03 8.3873E-03 3.8062E-03 1.4688E-03 2.2592E-03 9.7717E-04 1.7115E-04 1.8714E-04 0
 0 4.6219E-05 2.1886E-04 4.5031E-04 1.6423E-03 2.8044E-03 3.7663E-03 1.8226E-03 1.2090E-03 1.2057E-03 1.6917E-03 1.2064E-03 1.7600E-03 6.7308E-03 6.4575E-03 9.2452E-03 1.7024E-03 8.4971E-03 3.6506E-03 1.3457E-03 2.0959E-03 9.2843E-04 1.7384E-04 1.6883E-04 0
 0 4.3714E-05 2.3160E-04 4.2200E-04 1.5896E-03 2.7530E-03 3.5715E-03 1.6702E-03 1.1290E-03 1.1761E-03 1.6668E-03 1.1006E-03 1.7514E-03 6.1423E-03 6.6443E-03 9.5517E-03 1.5205E-03 8.5071E-03 4.0232E-03 1.4852E-03 2.0959E-03 7.8452E-04 1.4150E-04 1.4918E-04 0
 0 4.0982E-05 1.7689E-04 4.5031E-04 1.6560E-03 2.7921E-03 3.5257E-03 1.6266E-03 1.0331E-03 9.6523E-04 1.6206E-03 1.1359E-03 1.4796E-03 6.4692E-03 6.2561E-03 8.6272E-03 1.5963E-03 7.5436E-03 3.8204E-03 1.4319E-03 2.1025E-03 8.8200E-04 1.3072E-04 1.8089E-04 0
 0 4.6447E-05 1.6265E-04 3.9638E-04 1.4609E-03 2.9047E-03 3.5686E-03 1.5862E-03 1.1386E-03 1.2683E-03 1.4714E-03 8.5386E-04 1.6220E-03 6.0395E-03 6.0054E-03 9.2100E-03 1.2881E-03 8.1527E-03 3.3959E-03 1.3088E-03 2.1514E-03 7.8220E-04 1.5767E-04 1.5900E-04 0
 0 4.8268E-05 1.8513E-04 4.6919E-04 1.5565E-03 2.7359E-03 3.4627E-03 1.5800E-03 1.0651E-03 1.1860E-03 1.4180E-03 9.7137E-04 1.6263E-03 6.3618E-03 6.4084E-03 8.9588E-03 1.1669E-03 7.7633E-03 3.2450E-03 1.3744E-03 2.0600E-03 8.4719E-04 1.7250E-04 1.5632E-04 0
 0 4.2348E-05 1.7464E-04 4.3548E-04 1.5214E-03 2.8607E-03 3.5257E-03 1.6919E-03 9.2754E-04 1.0311E-03 1.4678E-03 9.2045E-04 1.4494E-03 6.3758E-03 5.4353E-03 8.4764E-03 1.1518E-03 7.7732E-03 3.2450E-03 1.3744E-03 1.8968E-03 7.3114E-04 1.7789E-04 1.6258E-04 0
 0 4.5308E-05 1.8288E-04 3.8829E-04 1.5350E-03 2.7530E-03 3.4283E-03 1.6017E-03 1.0139E-03 1.0344E-03 1.4607E-03 8.9695E-04 1.3114E-03 5.9881E-03 5.8776E-03 8.5317E-03 1.2275E-03 7.5835E-03 3.3629E-03 1.2062E-03 1.9947E-03 8.3790E-04 1.5902E-04 1.8357E-04 0
 0 4.1438E-05 1.6040E-04 4.2335E-04 1.6345E-03 2.5719E-03 3.2765E-03 1.5333E-03 8.6357E-04 1.0707E-03 1.5424E-03 8.6561E-04 1.4149E-03 5.8200E-03 6.0005E-03 8.9085E-03 1.2982E-03 7.9380E-03 3.3440E-03 1.4113E-03 1.8935E-03 7.8916E-04 1.5767E-04 1.4650E-04 0
 0 4.3259E-05 1.8438E-04 4.2200E-04 1.6404E-03 2.6820E-03 3.3624E-03 1.5333E-03 8.9556E-04 9.6853E-04 1.3470E-03 8.5386E-04 1.4623E-03 5.8760E-03 5.8875E-03 8.1046E-03 1.2225E-03 7.7383E-03 3.4336E-03 1.0503E-03 2.0568E-03 8.8200E-04 1.8328E-04 1.5364E-04 0
 0 4.0982E-05 1.6340E-04 4.1795E-04 1.5799E-03 2.5058E-03 3.0474E-03 1.3778E-03 8.8916E-04 9.2570E-04 1.3967E-03 7.7553E-04 1.6047E-03 6.1703E-03 6.1332E-03 8.1197E-03 1.3336E-03 7.4288E-03 3.3299E-03 1.2390E-03 1.8511E-03 7.5899E-04 1.4959E-04 1.7999E-04 0
 0 4.4397E-05 1.6265E-04 4.1526E-04 1.5799E-03 2.6649E-03 3.1906E-03 1.4804E-03 1.0043E-03 9.2570E-04 1.4465E-03 8.1469E-04 1.3286E-03 5.8760E-03 5.3665E-03 7.6021E-03 1.1518E-03 6.7648E-03 3.2544E-03 1.1775E-03 1.7662E-03 7.7988E-04 1.4689E-04 1.5677E-04 0
 0 4.0527E-05 1.7014E-04 4.4492E-04 1.3809E-03 2.7554E-03 3.1820E-03 1.6142E-03 8.7957E-04 8.8617E-04 1.3363E-03 9.0086E-04 1.3416E-03 5.7733E-03 5.3272E-03 8.7829E-03 1.1619E-03 7.0194E-03 3.0186E-03 1.1775E-03 1.7825E-03 7.3346E-04 1.4824E-04 1.4739E-04 0
 0 3.1875E-05 1.9188E-04 3.9234E-04 1.5136E-03 2.6355E-03 3.3252E-03 1.5178E-03 8.3479E-04 9.8170E-04 1.1657E-03 8.8520E-04 1.2639E-03 5.8246E-03 5.5435E-03 7.5720E-03 9.8505E-04 6.8047E-03 2.9856E-03 1.2472E-03 1.8935E-03 7.6827E-04 1.2802E-04 1.7821E-04 0
 0 4.3259E-05 1.6490E-04 3.8964E-04 1.4531E-03 2.5181E-03 3.2078E-03 1.3685E-03 7.8041E-04 8.2358E-04 1.0626E-03 7.3244E-04 1.4365E-03 5.6471E-03 5.4943E-03 7.7177E-03 1.1012E-03 6.7548E-03 3.2025E-03 1.1365E-03 1.7140E-03 8.0773E-04 1.5498E-04 1.4605E-04 0
 0 3.5518E-05 1.6265E-04 3.5593E-04 1.4278E-03 2.6551E-03 3.1075E-03 1.3654E-03 8.0600E-04 7.7416E-04 1.1941E-03 6.7369E-04 1.3890E-03 5.6285E-03 4.9832E-03 7.9438E-03 1.0810E-03 6.3504E-03 3.0139E-03 1.0462E-03 1.8282E-03 7.2417E-04 1.2533E-04 1.5275E-04 0
 0 4.0299E-05 1.6415E-04 3.5998E-04 1.4395E-03 2.5670E-03 2.9987E-03 1.3187E-03 8.5718E-04 8.0052E-04 1.2865E-03 7.0111E-04 1.0957E-03 5.5117E-03 4.8898E-03 7.2303E-03 9.0423E-04 6.7148E-03 2.8912E-03 9.9697E-04 1.9523E-03 7.3810E-04 1.4150E-04 1.5856E-04 0
 0 3.7795E-05 1.4766E-04 3.5054E-04 1.3965E-03 2.2685E-03 3.2221E-03 1.4929E-03 7.3244E-04 8.9276E-04 1.3292E-03 7.1286E-04 1.1604E-03 5.1427E-03 5.2339E-03 7.5921E-03 1.0053E-03 6.7198E-03 2.7827E-03 8.9030E-04 1.8609E-03 6.4293E-04 1.2263E-04 1.6436E-04 0
 0 3.5973E-05 1.6864E-04 4.4627E-04 1.4551E-03 2.3786E-03 2.9615E-03 1.3592E-03 6.1730E-04 7.9393E-04 1.0413E-03 8.1078E-04 1.3157E-03 5.3155E-03 5.0275E-03 7.5117E-03 8.5371E-04 6.5551E-03 2.7686E-03 1.1077E-03 1.7597E-03 7.2417E-04 1.0646E-04 1.4471E-04 0
 0 3.6429E-05 1.9038E-04 3.5189E-04 1.5116E-03 2.6943E-03 2.8956E-03 1.2285E-03 6.4928E-04 8.0711E-04 1.3008E-03 8.1861E-04 1.2725E-03 5.0446E-03 4.7670E-03 7.6675E-03 1.0406E-03 6.1757E-03 2.6743E-03 1.0134E-03 1.7042E-03 7.0096E-04 1.7789E-04 1.5632E-04 0
 0 4.4170E-05 1.7089E-04 3.8290E-04 1.4726E-03 2.4055E-03 2.9070E-03 1.2721E-03 7.0365E-04 8.5652E-04 1.1479E-03 7.5594E-04 1.1561E-03 5.2034E-03 4.5852E-03 7.3007E-03 7.8299E-04 6.2805E-03 2.8252E-03 9.8466E-04 1.7989E-03 6.9400E-04 1.4150E-04 1.3354E-04 0
 0 3.7795E-05 1.5665E-04 3.6402E-04 1.4863E-03 2.5866E-03 2.7466E-03 1.2472E-03 6.2689E-04 7.3793E-04 1.1835E-03 7.0111E-04 1.1604E-03 5.2221E-03 4.3591E-03 7.4464E-03 7.5773E-04 5.8112E-03 2.3252E-03 9.5184E-04 1.6617E-03 7.0560E-04 1.7923E-04 1.4292E-04 0
 0 3.5518E-05 1.5290E-04 3.4380E-04 1.5623E-03 2.3419E-03 2.6722E-03 1.2192E-03 7.4843E-04 9.4217E-04 1.2013E-03 6.6194E-04 1.1561E-03 4.8624E-03 4.7129E-03 6.8434E-03 8.7897E-04 6.1008E-03 2.5847E-03 9.3543E-04 1.4952E-03 7.3578E-04 1.7654E-04 1.5498E-04 0
 0 3.6429E-05 1.3866E-04 4.0043E-04 1.3809E-03 2.3296E-03 2.8011E-03 1.2783E-03 6.3009E-04 8.4005E-04 9.4536E-04 6.5411E-04 1.0698E-03 4.6663E-03 4.4918E-03 7.2203E-03 8.4361E-04 5.9360E-03 2.1507E-03 1.0298E-03 1.7597E-03 6.7543E-04 1.5498E-04 1.6883E-04 0
 0 3.5063E-05 1.8064E-04 3.2897E-04 1.4356E-03 2.2905E-03 2.5404E-03 1.2347E-03 5.9810E-04 8.5323E-04 9.9512E-04 7.4811E-04 1.0957E-03 4.9839E-03 4.5999E-03 6.5822E-03 6.9711E-04 5.6365E-03 2.7120E-03 8.5748E-04 1.7107E-03 7.2417E-04 1.3746E-04 1.6258E-04 0
 0 4.1210E-05 1.6939E-04 3.5189E-04 1.3458E-03 2.2587E-03 2.7982E-03 1.2099E-03 6.7167E-04 8.3017E-04 1.0058E-03 5.5227E-04 8.5843E-04 4.6195E-03 4.6982E-03 6.5771E-03 7.0722E-04 6.1407E-03 2.5799E-03 8.1235E-04 1.9262E-03 6.5454E-04 1.2668E-04 1.5990E-04 0
 0 3.3241E-05 1.4016E-04 3.3167E-04 1.4044E-03 2.5279E-03 2.9156E-03 1.1881E-03 6.2369E-04 6.7204E-04 8.2453E-04 6.7369E-04 1.0396E-03 4.9885E-03 4.4426E-03 6.4867E-03 6.0114E-04 5.8811E-03 2.2498E-03 7.1798E-04 1.7466E-03 6.7311E-04 1.4150E-04 1.5096E-04 0
 0 4.3031E-05 1.6190E-04 3.8425E-04 1.3614E-03 2.2856E-03 2.6607E-03 1.2316E-03 4.7976E-04 7.6428E-04 8.6007E-04 5.8360E-04 8.2823E-04 4.8858E-03 4.0986E-03 5.9792E-03 5.8598E-04 6.1557E-03 2.4998E-03 8.3696E-04 1.5116E-03 6.0116E-04 1.2263E-04 1.4337E-04 0
 0 4.0527E-05 1.3491E-04 4.4087E-04 1.3068E-03 2.2856E-03 2.7295E-03 1.1819E-03 5.6932E-04 7.7087E-04 8.9561E-04 4.5435E-04 9.2313E-04 4.7223E-03 4.0888E-03 6.1902E-03 5.5062E-04 5.6215E-03 2.5092E-03 8.9440E-04 1.7368E-03 6.5918E-04 1.4959E-04 1.3444E-04 0
 0 3.9161E-05 1.4391E-04 3.8290E-04 1.2171E-03 2.2318E-03 2.8297E-03 1.0233E-03 5.3094E-04 6.4568E-04 9.1693E-04 5.9144E-04 9.6627E-04 4.9045E-03 4.2510E-03 6.4716E-03 7.4763E-04 5.7613E-03 2.4290E-03 7.9183E-04 1.5671E-03 6.4990E-04 1.2263E-04 1.4828E-04 0
 0 3.8705E-05 1.5365E-04 3.2088E-04 1.2386E-03 2.2489E-03 2.6722E-03 1.0046E-03 6.0770E-04 6.5227E-04 8.1387E-04 6.1102E-04 1.0051E-03 4.3953E-03 3.7546E-03 6.3711E-03 6.6175E-04 5.4018E-03 2.3205E-03 8.4517E-04 1.6389E-03 6.6150E-04 1.4285E-04 1.2863E-04 0
 0 4.0072E-05 1.6640E-04 3.3841E-04 1.3653E-03 2.3859E-03 2.4746E-03 9.8282E-04 5.9810E-04 6.6874E-04 1.0626E-03 4.7002E-04 7.8509E-04 4.4467E-03 3.9414E-03 6.2505E-03 6.1629E-04 5.0024E-03 1.9574E-03 6.9747E-04 1.5964E-03 6.4990E-04 1.4959E-04 1.4516E-04 0
 0 3.8250E-05 1.3866E-04 3.5189E-04 1.3322E-03 2.0898E-03 2.6722E-03 8.5841E-04 5.3094E-04 6.0286E-04 7.6411E-04 6.1885E-04 9.2313E-04 4.3066E-03 3.8332E-03 6.1249E-03 6.2639E-04 5.1272E-03 1.9574E-03 7.9183E-04 1.4854E-03 7.3810E-04 1.2129E-04 1.4069E-04 0
 0 3.6201E-05 1.3117E-04 3.0605E-04 1.2912E-03 2.1950E-03 2.6779E-03 8.8951E-04 5.7572E-04 5.9298E-04 8.4941E-04 4.8177E-04 8.0666E-04 4.5028E-03 4.0790E-03 5.8988E-03 6.3144E-04 5.0823E-03 1.9998E-03 5.7849E-04 1.3451E-03 6.5918E-04 1.4015E-04 1.3131E-04 0
 0 4.1893E-05 1.5065E-04 3.3436E-04 1.2249E-03 2.2318E-03 2.6149E-03 9.8282E-04 5.2454E-04 5.9298E-04 7.8188E-04 4.3476E-04 8.7137E-04 4.3206E-03 4.1281E-03 5.7883E-03 3.8897E-04 5.3319E-03 2.2969E-03 8.0414E-04 1.3940E-03 6.2901E-04 1.1724E-04 1.2506E-04 0
 0 3.6201E-05 1.8963E-04 3.1414E-04 1.2717E-03 2.2734E-03 2.6235E-03 8.8951E-04 5.2774E-04 5.1062E-04 7.6056E-04 3.7210E-04 7.6352E-04 4.1431E-03 3.4892E-03 6.1149E-03 5.2031E-04 4.9176E-03 2.0140E-03 7.2208E-04 1.3940E-03 6.1276E-04 1.3072E-04 1.4069E-04 0
 0 3.1647E-05 1.4616E-04 3.1549E-04 1.2425E-03 2.2831E-03 2.5748E-03 9.3617E-04 5.0535E-04 4.7109E-04 8.3874E-04 3.7210E-04 7.5058E-04 4.3720E-03 3.8332E-03 5.8737E-03 5.8093E-04 4.8177E-03 2.0847E-03 7.6721E-04 1.4528E-03 7.2417E-04 1.2668E-04 1.2729E-04 0
 0 3.3924E-05 1.2292E-04 3.8425E-04 1.1839E-03 2.0238E-03 2.4345E-03 9.7971E-04 5.2774E-04 5.2380E-04 7.3568E-04 4.6610E-04 7.2902E-04 4.3580E-03 3.6662E-03 5.9340E-03 4.1928E-04 4.8177E-03 1.9338E-03 6.7285E-04 1.4071E-03 6.8471E-04 1.4150E-04 1.6436E-04 0
 0 3.4152E-05 1.4616E-04 3.4650E-04 1.3146E-03 2.2195E-03 2.4746E-03 9.0195E-04 5.0215E-04 5.3038E-04 8.0676E-04 5.3660E-04 9.0156E-04 3.9936E-03 3.6465E-03 5.7079E-03 3.8897E-04 4.6530E-03 1.8819E-03 7.1798E-04 1.3744E-03 6.0580E-04 1.1724E-04 1.3980E-04 0
 0 4.0527E-05 1.2817E-04 3.1549E-04 1.2074E-03 2.1999E-03 2.4545E-03 9.4550E-04 3.7741E-04 5.8309E-04 7.3923E-04 3.4468E-04 8.2392E-04 4.1851E-03 3.6711E-03 5.4918E-03 3.7382E-04 4.7578E-03 1.9385E-03 6.8106E-04 1.4463E-03 6.9400E-04 1.1994E-04 1.2997E-04 0
 0 3.6656E-05 1.0493E-04 2.9257E-04 1.2483E-03 2.1486E-03 2.4431E-03 9.9837E-04 4.3499E-04 5.5674E-04 7.5345E-04 3.4076E-04 6.1255E-04 3.8955E-03 3.3516E-03 5.0698E-03 4.8495E-04 4.8726E-03 1.9102E-03 6.8516E-04 1.3091E-03 5.8955E-04 1.2129E-04 1.5052E-04 0
 0 3.6201E-05 1.4391E-04 3.6942E-04 1.2327E-03 2.0947E-03 2.3686E-03 8.8951E-04 4.6697E-04 4.5791E-04 8.3164E-04 3.6035E-04 6.0823E-04 3.9189E-03 3.6367E-03 5.4567E-03 4.1928E-04 4.5531E-03 1.7781E-03 6.1131E-04 1.2569E-03 6.2205E-04 1.4015E-04 1.5409E-04 0
 0 3.9161E-05 1.4316E-04 2.6965E-04 1.1020E-03 1.9381E-03 2.3084E-03 1.0077E-03 4.6377E-04 6.2592E-04 6.8592E-04 4.0735E-04 6.5137E-04 4.0964E-03 3.2877E-03 5.1552E-03 3.4351E-04 4.3983E-03 1.9904E-03 5.8669E-04 1.4234E-03 6.3365E-04 1.5767E-04 1.2952E-04 0
 0 3.5518E-05 1.1468E-04 2.4808E-04 1.2522E-03 1.8745E-03 2.3715E-03 8.8329E-04 3.7102E-04 4.2826E-04 7.6056E-04 3.4860E-04 6.2549E-04 4.0544E-03 3.2386E-03 5.5471E-03 3.5361E-04 4.4383E-03 1.7262E-03 6.7285E-04 1.2928E-03 5.8259E-04 1.1859E-04 1.2863E-04 0
 0 3.7339E-05 1.3117E-04 3.0066E-04 1.1722E-03 2.0433E-03 2.2483E-03 1.0077E-03 4.6377E-04 4.2826E-04 7.2146E-04 2.8201E-04 5.8235E-04 3.7508E-03 3.1010E-03 5.2909E-03 3.3340E-04 4.5781E-03 1.4433E-03 4.9233E-04 1.3059E-03 6.3829E-04 1.2937E-04 1.5320E-04 0
 0 3.2330E-05 1.3417E-04 3.2897E-04 1.1469E-03 1.9797E-03 2.3972E-03 8.3353E-04 3.7102E-04 4.5132E-04 5.8996E-04 3.8385E-04 5.8235E-04 3.5406E-03 3.1354E-03 5.3260E-03 3.3340E-04 4.1387E-03 1.6932E-03 5.6208E-04 1.2439E-03 6.6615E-04 1.4824E-04 1.4248E-04 0
 0 3.3013E-05 1.4991E-04 2.4673E-04 1.1274E-03 2.0066E-03 2.3514E-03 9.5794E-04 3.6142E-04 5.3697E-04 6.1484E-04 3.2118E-04 5.4353E-04 3.9423E-03 2.9388E-03 4.9994E-03 2.7784E-04 4.2685E-03 1.6225E-03 5.0464E-04 1.1655E-03 6.1508E-04 1.2533E-04 1.4694E-04 0
 0 3.9844E-05 1.5290E-04 3.2897E-04 1.0377E-03 2.0605E-03 2.2082E-03 6.8113E-04 4.0620E-04 5.1391E-04 6.7526E-04 2.7809E-04 5.9529E-04 3.6760E-03 3.0175E-03 5.0497E-03 2.8794E-04 4.1188E-03 1.5565E-03 5.9490E-04 1.1753E-03 5.8955E-04 1.2398E-04 1.1657E-04 0
 0 3.3013E-05 1.4016E-04 3.1684E-04 1.1079E-03 2.0115E-03 2.3084E-03 7.8999E-04 3.4543E-04 4.4473E-04 7.8543E-04 2.6243E-04 5.3490E-04 3.7134E-03 2.9929E-03 5.4265E-03 2.3237E-04 3.9590E-03 1.4810E-03 5.4567E-04 1.3157E-03 5.3384E-04 1.2533E-04 1.2461E-04 0
 0 3.6884E-05 1.3716E-04 2.7774E-04 1.0474E-03 1.9675E-03 2.2569E-03 7.4022E-04 3.5183E-04 4.4473E-04 5.4732E-04 2.8984E-04 6.7294E-04 3.8442E-03 3.0519E-03 4.9291E-03 3.3845E-04 3.9940E-03 1.4621E-03 5.4567E-04 1.1818E-03 5.5473E-04 1.3072E-04 1.3622E-04 0
 0 3.3924E-05 1.4166E-04 2.7908E-04 1.1020E-03 1.9479E-03 2.1738E-03 7.3089E-04 4.4138E-04 3.5579E-04 5.1888E-04 2.7809E-04 7.2902E-04 3.5032E-03 2.6734E-03 5.0748E-03 2.3237E-04 3.7443E-03 1.4150E-03 5.7439E-04 1.3451E-03 4.9207E-04 1.4150E-04 1.2908E-04 0
 0 3.7795E-05 1.3941E-04 3.0066E-04 1.0767E-03 1.7301E-03 2.1423E-03 7.3711E-04 2.9745E-04 4.9415E-04 5.5798E-04 3.2118E-04 7.0313E-04 3.1529E-03 2.8356E-03 4.6779E-03 2.6268E-04 3.9840E-03 1.4951E-03 5.7028E-04 1.2210E-03 5.5473E-04 1.0511E-04 1.3131E-04 0
 0 3.2330E-05 1.3941E-04 3.3976E-04 1.0552E-03 1.9381E-03 2.0765E-03 7.8066E-04 3.8381E-04 3.3602E-04 5.4376E-04 3.2509E-04 4.7882E-04 3.2650E-03 2.5408E-03 4.4216E-03 2.8289E-04 3.7693E-03 1.4150E-03 4.9643E-04 1.2079E-03 5.5241E-04 1.1590E-04 1.3935E-04 0
 0 2.7549E-05 1.3117E-04 2.8178E-04 1.2405E-03 1.7864E-03 2.1080E-03 7.7444E-04 3.0385E-04 4.1508E-04 5.3310E-04 3.0551E-04 4.7019E-04 3.3257E-03 2.6980E-03 4.7482E-03 2.4753E-04 3.9440E-03 1.4668E-03 5.5387E-04 1.1916E-03 5.5009E-04 9.4333E-05 1.3444E-04 0
 0 3.6884E-05 1.4541E-04 3.1279E-04 1.1488E-03 1.9552E-03 2.1108E-03 6.6247E-04 2.6547E-04 4.0849E-04 5.4021E-04 2.6243E-04 5.4784E-04 3.3771E-03 2.6292E-03 4.7281E-03 2.5258E-04 3.7943E-03 1.1603E-03 5.3336E-04 1.2112E-03 5.3617E-04 1.1050E-04 1.2952E-04 0
 0 2.9371E-05 1.2817E-04 2.6965E-04 1.1332E-03 1.8598E-03 2.0765E-03 6.6869E-04 3.7422E-04 4.3485E-04 5.5442E-04 2.6243E-04 5.7804E-04 3.4378E-03 2.6587E-03 4.6025E-03 3.2835E-04 3.4648E-03 1.4338E-03 4.2669E-04 1.2798E-03 5.2456E-04 1.0107E-04 1.2148E-04 0
 0 2.9371E-05 1.2292E-04 2.4268E-04 1.1176E-03 1.8353E-03 2.0736E-03 5.2562E-04 3.4543E-04 3.2284E-04 5.2599E-04 2.1151E-04 3.4510E-04 3.3164E-03 2.8798E-03 4.4116E-03 2.6773E-04 3.6395E-03 1.2357E-03 4.5951E-04 1.2602E-03 5.3849E-04 1.1724E-04 1.2148E-04 0
 0 3.4835E-05 1.1618E-04 3.1279E-04 1.0708E-03 1.7595E-03 2.1652E-03 7.4644E-04 2.8786E-04 3.8214E-04 5.3665E-04 2.5459E-04 5.1764E-04 3.1435E-03 2.6587E-03 4.5472E-03 1.4650E-04 3.4797E-03 1.2546E-03 4.4310E-04 1.1296E-03 5.9883E-04 9.8376E-05 1.2952E-04 0
 0 2.8232E-05 1.3566E-04 2.4808E-04 1.0240E-03 1.7913E-03 2.3428E-03 6.0960E-04 3.7102E-04 2.8002E-04 4.8690E-04 2.6243E-04 4.9176E-04 3.0454E-03 2.8602E-03 4.4166E-03 3.7887E-04 3.8092E-03 1.3584E-03 4.1848E-04 1.1492E-03 4.5725E-04 1.2668E-04 1.2952E-04 0
 0 3.1875E-05 1.1468E-04 2.4942E-04 1.0747E-03 1.7644E-03 2.0879E-03 6.5625E-04 2.7826E-04 3.4261E-04 4.8690E-04 2.5068E-04 4.8745E-04 3.3584E-03 2.9044E-03 4.1402E-03 1.7680E-04 3.2251E-03 1.4999E-03 3.4053E-04 1.0382E-03 4.8278E-04 1.1320E-04 1.2416E-04 0
 0 3.0509E-05 1.1243E-04 2.6291E-04 1.1332E-03 1.8451E-03 2.1652E-03 5.9094E-04 3.0705E-04 3.2284E-04 4.7979E-04 2.6243E-04 4.1412E-04 3.2323E-03 2.7816E-03 4.3312E-03 1.9196E-04 3.5047E-03 1.3159E-03 3.4053E-04 9.6635E-04 5.7562E-04 1.6037E-04 1.3533E-04 0
 0 3.8478E-05 1.0493E-04 2.5077E-04 1.0650E-03 1.7032E-03 2.0249E-03 6.0649E-04 2.9106E-04 3.7885E-04 4.9401E-04 2.3109E-04 3.9255E-04 3.0781E-03 2.5457E-03 4.0548E-03 2.3742E-04 3.4548E-03 1.3301E-03 5.3746E-04 1.0610E-03 4.1779E-04 8.2205E-05 1.2014E-04 0
 0 3.7339E-05 1.1917E-04 2.4268E-04 1.1781E-03 1.6885E-03 2.0306E-03 4.9763E-04 3.1984E-04 3.2943E-04 5.4021E-04 2.7026E-04 3.4078E-04 3.0221E-03 2.6882E-03 3.6880E-03 1.8691E-04 3.2850E-03 1.1650E-03 4.1438E-04 1.0806E-03 4.9207E-04 1.1050E-04 1.3980E-04 0
 0 2.9371E-05 1.2817E-04 2.7774E-04 1.0416E-03 1.7105E-03 1.8531E-03 5.5050E-04 2.6547E-04 3.2284E-04 4.4425E-04 2.1542E-04 3.7098E-04 3.1482E-03 2.4474E-03 4.1051E-03 2.1217E-04 3.0803E-03 1.1886E-03 4.0207E-04 1.0545E-03 5.0367E-04 1.0916E-04 1.2863E-04 0
 0 3.7339E-05 1.2217E-04 2.7504E-04 9.9085E-04 1.8304E-03 1.9819E-03 5.3495E-04 2.6867E-04 3.5579E-04 4.1226E-04 2.8593E-04 4.5294E-04 2.7932E-03 2.2017E-03 4.0548E-03 1.9196E-04 3.5347E-03 1.2499E-03 3.8156E-04 1.0219E-03 5.5706E-04 9.5681E-05 1.3265E-04 0
 0 3.3924E-05 1.1168E-04 2.1032E-04 1.0357E-03 1.5588E-03 2.0793E-03 6.3759E-04 2.3029E-04 3.1625E-04 4.0516E-04 1.9192E-04 3.4941E-04 2.8866E-03 2.2999E-03 3.7533E-03 1.7175E-04 3.1353E-03 1.0990E-03 3.6925E-04 8.3903E-04 4.5725E-04 8.2205E-05 1.1166E-04 0
 0 2.9371E-05 1.3192E-04 2.2920E-04 9.4794E-04 1.6004E-03 1.7815E-03 6.1271E-04 2.6867E-04 2.8002E-04 4.3003E-04 2.6634E-04 3.8823E-04 2.8820E-03 2.4326E-03 3.7533E-03 1.7175E-04 3.2301E-03 1.1791E-03 3.8566E-04 1.0414E-03 4.0619E-04 1.0781E-04 1.0809E-04 0
 0 3.3469E-05 9.9687E-05 2.5077E-04 9.4013E-04 1.6934E-03 1.9418E-03 6.0027E-04 2.5587E-04 3.4261E-04 3.7672E-04 1.8801E-04 4.5294E-04 3.0314E-03 2.2950E-03 3.3765E-03 2.1722E-04 3.1702E-03 1.1225E-03 3.7745E-04 1.0349E-03 5.2224E-04 7.9510E-05 1.2327E-04 0
 0 3.0964E-05 1.2292E-04 2.7100E-04 1.0923E-03 1.7790E-03 1.9733E-03 5.3184E-04 3.2944E-04 2.9319E-04 4.2293E-04 1.4492E-04 4.1412E-04 2.9147E-03 2.1771E-03 3.6629E-03 1.4144E-04 3.4747E-03 1.0612E-03 2.5437E-04 1.0480E-03 5.0599E-04 1.1859E-04 1.2059E-04 0
 0 3.0509E-05 1.1318E-04 2.4403E-04 8.6992E-04 1.5417E-03 1.8645E-03 5.2562E-04 1.5992E-04 3.1296E-04 4.0871E-04 1.9976E-04 3.7961E-04 2.7372E-03 2.1083E-03 3.6177E-03 1.1113E-04 2.7958E-03 9.3859E-04 3.8156E-04 8.8800E-04 5.1528E-04 1.0107E-04 1.1925E-04 0
 0 3.3924E-05 1.2367E-04 2.5077E-04 1.0084E-03 1.7032E-03 1.7041E-03 5.4117E-04 1.7271E-04 2.4378E-04 4.1226E-04 1.6059E-04 3.3647E-04 2.4896E-03 2.2606E-03 3.6428E-03 1.5155E-04 3.1802E-03 1.1084E-03 3.2822E-04 9.8268E-04 5.5009E-04 8.0857E-05 1.0407E-04 0
 0 2.9826E-05 1.1018E-04 2.6021E-04 9.9865E-04 1.5637E-03 1.9819E-03 4.1676E-04 2.5268E-04 2.6025E-04 3.7317E-04 2.3109E-04 3.6666E-04 2.6297E-03 2.1230E-03 3.6880E-03 1.1113E-04 2.9406E-03 1.1886E-03 2.7078E-04 1.0349E-03 5.1063E-04 8.2205E-05 1.0853E-04 0
 0 2.8915E-05 1.1393E-04 2.6291E-04 9.1673E-04 1.5319E-03 1.7872E-03 5.3495E-04 2.0470E-04 2.1742E-04 4.5136E-04 2.3109E-04 3.8823E-04 2.6858E-03 1.8970E-03 3.7483E-03 1.2124E-04 2.9106E-03 1.0046E-03 3.4463E-04 8.4230E-04 4.6885E-04 9.4333E-05 1.1166E-04 0
 0 2.6411E-05 1.1618E-04 2.8987E-04 9.8890E-04 1.6836E-03 1.8702E-03 6.0027E-04 1.9830E-04 3.0967E-04 3.4829E-04 1.5667E-04 4.1843E-04 2.5970E-03 1.8134E-03 3.5222E-03 1.4144E-04 2.9006E-03 1.0376E-03 2.5847E-04 8.2597E-04 5.2688E-04 7.4119E-05 1.2238E-04 0
 0 3.1420E-05 1.3192E-04 2.6965E-04 9.5769E-04 1.5074E-03 1.7929E-03 5.2251E-04 1.7911E-04 2.2072E-04 3.7672E-04 1.9192E-04 3.5804E-04 2.9193E-03 2.1673E-03 3.5775E-03 8.0825E-05 2.8207E-03 8.3482E-04 2.6668E-04 9.4677E-04 5.0599E-04 1.0646E-04 1.3220E-04 0
 0 3.4152E-05 1.3641E-04 2.5077E-04 9.4989E-04 1.5784E-03 1.8960E-03 3.9499E-04 1.5352E-04 2.8002E-04 3.6251E-04 1.6059E-04 3.5804E-04 2.1813E-03 2.1427E-03 3.3564E-03 1.2124E-04 3.0204E-03 8.8671E-04 3.1181E-04 9.1412E-04 4.2708E-04 5.7948E-05 1.1880E-04 0
 0 2.5955E-05 1.3791E-04 2.7639E-04 9.8305E-04 1.6640E-03 1.8731E-03 4.1988E-04 1.9510E-04 2.7013E-04 3.5540E-04 1.5276E-04 4.0549E-04 2.4009E-03 1.9805E-03 3.4217E-03 1.4144E-04 3.1203E-03 9.4331E-04 2.3386E-04 8.8474E-04 5.3384E-04 1.0781E-04 1.1211E-04 0
 0 2.7094E-05 1.2367E-04 2.7774E-04 9.2063E-04 1.5906E-03 1.8445E-03 4.5720E-04 1.5352E-04 2.1742E-04 3.6606E-04 1.3709E-04 2.8470E-04 2.4849E-03 1.7741E-03 3.3464E-03 1.3639E-04 2.5711E-03 1.0990E-03 3.1181E-04 8.3903E-04 4.8510E-04 1.0242E-04 1.2684E-04 0
 0 3.6201E-05 1.3566E-04 2.4403E-04 8.6797E-04 1.6861E-03 1.6468E-03 4.9141E-04 1.8551E-04 2.0095E-04 2.3812E-04 1.2925E-04 2.6745E-04 2.5316E-03 1.8429E-03 3.1504E-03 1.0608E-04 2.8058E-03 8.3954E-04 2.7078E-04 9.2391E-04 4.4332E-04 1.1050E-04 1.1970E-04 0
 0 3.4152E-05 1.2817E-04 2.6560E-04 9.3038E-04 1.6420E-03 1.8244E-03 4.4165E-04 2.2709E-04 2.2072E-04 2.5589E-04 1.9976E-04 3.1490E-04 2.3121E-03 1.8675E-03 3.1454E-03 9.0928E-05 2.7009E-03 8.6312E-04 2.7899E-04 7.7047E-04 5.5009E-04 6.8729E-05 1.0987E-04 0
 0 2.9826E-05 1.0643E-04 2.3190E-04 1.0240E-03 1.4756E-03 1.7099E-03 4.2299E-04 1.9830E-04 1.9107E-04 2.7721E-04 1.4100E-04 2.7176E-04 2.5176E-03 1.8626E-03 3.0399E-03 7.0722E-05 2.3614E-03 8.2539E-04 2.3796E-04 9.3044E-04 4.6189E-04 9.4333E-05 1.1702E-04 0
 0 3.0281E-05 1.1168E-04 2.2785E-04 9.2648E-04 1.6126E-03 1.6382E-03 3.6078E-04 1.7271E-04 2.4378E-04 2.7721E-04 1.7234E-04 2.3725E-04 2.4896E-03 1.4547E-03 3.3715E-03 3.0309E-05 2.8107E-03 7.7823E-04 2.1745E-04 7.9332E-04 4.4100E-04 1.0781E-04 1.2014E-04 0
 0 3.1420E-05 1.1093E-04 2.4538E-04 9.9085E-04 1.5392E-03 1.7643E-03 4.5409E-04 1.5352E-04 1.9107E-04 3.1986E-04 1.5667E-04 2.8470E-04 2.2934E-03 1.9314E-03 3.1403E-03 9.5980E-05 2.2566E-03 7.8766E-04 2.3386E-04 8.2597E-04 4.6189E-04 8.6248E-05 1.1255E-04 0
 0 2.8688E-05 9.9687E-05 2.2920E-04 9.3038E-04 1.5931E-03 1.6612E-03 3.5456E-04 1.1514E-04 2.1742E-04 2.9143E-04 1.4884E-04 2.7176E-04 2.1066E-03 1.7397E-03 3.2057E-03 9.5980E-05 2.4413E-03 8.0653E-04 2.4206E-04 8.3903E-04 4.0619E-04 1.2533E-04 1.1970E-04 0
 0 3.0281E-05 1.0269E-04 2.6021E-04 8.9722E-04 1.5661E-03 1.7099E-03 3.8566E-04 2.0470E-04 2.2072E-04 3.0564E-04 2.2326E-04 2.5451E-04 2.1066E-03 1.7938E-03 2.7786E-03 1.5660E-04 2.5461E-03 6.7918E-04 3.1181E-04 8.2924E-04 4.4100E-04 9.8376E-05 1.2104E-04 0
 0 2.5272E-05 9.5939E-05 2.1572E-04 9.0503E-04 1.3679E-03 1.4893E-03 3.8566E-04 1.9830E-04 2.5696E-04 2.7366E-04 1.4100E-04 2.8902E-04 2.2140E-03 1.9510E-03 3.0800E-03 9.5980E-05 2.3415E-03 9.7632E-04 1.7232E-04 7.6721E-04 4.2940E-04 9.1638E-05 1.1613E-04 0
 0 2.6411E-05 1.1018E-04 1.8336E-04 7.8410E-04 1.4267E-03 1.7127E-03 3.1413E-04 1.4713E-04 1.8778E-04 2.3812E-04 1.4100E-04 2.7608E-04 2.0412E-03 1.7348E-03 3.1604E-03 5.5567E-05 2.6360E-03 7.7351E-04 2.0103E-04 8.2924E-04 4.5029E-04 1.0646E-04 1.2461E-04 0
 0 2.3451E-05 1.0119E-04 2.6425E-04 9.9085E-04 1.4340E-03 1.5036E-03 5.0696E-04 2.0790E-04 1.2848E-04 2.6300E-04 1.4884E-04 4.0980E-04 2.1440E-03 1.5874E-03 2.8087E-03 8.5876E-05 2.2266E-03 5.5183E-04 3.3643E-04 7.1824E-04 4.7814E-04 7.0076E-05 9.6027E-05 0
 0 3.5518E-05 9.2192E-05 1.7662E-04 9.2063E-04 1.5148E-03 1.5294E-03 3.7011E-04 1.5992E-04 2.5696E-04 2.6300E-04 1.1750E-04 2.6745E-04 2.0132E-03 1.6365E-03 3.0147E-03 5.0516E-05 2.4263E-03 6.8390E-04 2.1745E-04 9.5330E-04 4.8278E-04 6.1991E-05 1.1970E-04 0
 0 2.0263E-05 1.0194E-04 2.2650E-04 7.6459E-04 1.4854E-03 1.4979E-03 3.3279E-04 9.5953E-05 1.6801E-04 2.5233E-04 1.0184E-04 2.1137E-04 2.1019E-03 1.5874E-03 2.6228E-03 4.5464E-05 2.2416E-03 6.5560E-04 1.7642E-04 6.3662E-04 4.0619E-04 8.7595E-05 1.1747E-04 0
 0 2.8005E-05 1.1393E-04 1.5774E-04 7.8995E-04 1.4193E-03 1.5466E-03 4.2299E-04 1.0875E-04 1.8448E-04 2.3101E-04 1.4492E-04 2.8902E-04 1.9524E-03 1.5775E-03 3.0147E-03 1.3639E-04 2.3115E-03 6.4616E-04 2.0514E-04 7.6394E-04 4.0851E-04 1.0377E-04 1.0719E-04 0
 0 3.5973E-05 8.5446E-05 2.1976E-04 7.8410E-04 1.4022E-03 1.7099E-03 3.3901E-04 1.4713E-04 1.8119E-04 2.2746E-04 1.0575E-04 1.6823E-04 2.0085E-03 1.4596E-03 2.6831E-03 6.5670E-05 2.3115E-03 6.4145E-04 1.8052E-04 7.3456E-04 3.9458E-04 9.7029E-05 1.1255E-04 0
 0 2.4817E-05 1.0269E-04 2.2246E-04 8.3286E-04 1.4560E-03 1.5724E-03 4.3854E-04 1.6952E-04 2.3390E-04 2.1679E-04 8.6170E-05 1.8549E-04 1.8590E-03 1.4842E-03 2.5173E-03 9.0928E-05 2.1717E-03 7.0276E-04 2.0924E-04 8.3903E-04 4.4332E-04 5.9295E-05 1.0317E-04 0
 0 3.2330E-05 1.1543E-04 2.4268E-04 7.6264E-04 1.2945E-03 1.6182E-03 4.0121E-04 1.7911E-04 1.7460E-04 2.3812E-04 8.2253E-05 2.5451E-04 2.0085E-03 1.3711E-03 2.6530E-03 3.5361E-05 2.1018E-03 7.7351E-04 1.8873E-04 8.1291E-04 4.4332E-04 8.0857E-05 1.0183E-04 0
 0 2.3451E-05 1.2817E-04 2.1302E-04 9.0308E-04 1.3484E-03 1.3776E-03 3.0169E-04 1.4393E-04 1.3177E-04 2.1679E-04 6.6586E-05 2.3294E-04 2.0038E-03 1.4448E-03 2.9595E-03 3.5361E-05 2.1717E-03 6.0372E-04 2.3796E-04 6.7253E-04 4.0154E-04 9.5681E-05 1.0407E-04 0
 0 3.2330E-05 9.8188E-05 2.0628E-04 7.5484E-04 1.3704E-03 1.4950E-03 2.3326E-04 1.6952E-04 1.2518E-04 2.3456E-04 9.4003E-05 2.3725E-04 2.0365E-03 1.4498E-03 2.6479E-03 5.0516E-05 2.2017E-03 6.6031E-04 2.5027E-04 8.5862E-04 4.6421E-04 7.0076E-05 1.0943E-04 0
 0 3.5063E-05 1.0568E-04 2.2516E-04 7.6654E-04 1.2970E-03 1.5953E-03 3.7011E-04 1.1194E-04 1.5483E-04 2.5233E-04 9.7920E-05 2.5882E-04 1.9665E-03 1.5628E-03 2.5173E-03 6.0619E-05 1.9221E-03 6.4145E-04 2.0924E-04 7.4762E-04 4.4100E-04 7.8162E-05 1.0764E-04 0
 0 2.5045E-05 1.3491E-04 1.9684E-04 7.8800E-04 1.3386E-03 1.3862E-03 4.2921E-04 8.6357E-05 1.5483E-04 1.7415E-04 1.2142E-04 2.6314E-04 2.0459E-03 1.3122E-03 2.7736E-03 1.0103E-05 1.7973E-03 5.8957E-04 9.4363E-05 7.4435E-04 4.6421E-04 6.3338E-05 1.0228E-04 0
 0 2.5045E-05 1.1393E-04 1.6179E-04 8.7187E-04 1.2358E-03 1.4549E-03 3.1413E-04 1.1514E-04 1.8778E-04 2.3812E-04 1.2925E-04 1.6392E-04 1.7096E-03 1.4203E-03 2.4118E-03 3.5361E-05 2.1218E-03 6.5088E-04 1.7642E-04 6.9538E-04 4.4100E-04 7.2771E-05 1.1032E-04 0
 0 2.3223E-05 1.0568E-04 2.0224E-04 7.7044E-04 1.3704E-03 1.3919E-03 3.0169E-04 1.2154E-04 1.8778E-04 2.2035E-04 9.0086E-05 9.9215E-05 1.7750E-03 1.4104E-03 2.6228E-03 5.0516E-05 1.7174E-03 5.5183E-04 1.4360E-04 8.4230E-04 3.9226E-04 6.7381E-05 1.1434E-04 0
 0 2.8005E-05 1.4466E-04 1.9280E-04 7.8995E-04 1.1403E-03 1.4234E-03 2.3637E-04 1.3433E-04 1.0871E-04 1.8836E-04 7.4419E-05 1.6823E-04 2.0038E-03 1.2777E-03 2.4721E-03 4.5464E-05 2.2716E-03 6.4616E-04 1.8462E-04 6.8232E-04 4.4100E-04 9.7029E-05 8.6647E-05 0
 0 2.6411E-05 9.8188E-05 2.0763E-04 8.9137E-04 1.2700E-03 1.4005E-03 2.8925E-04 1.0875E-04 1.8778E-04 2.3456E-04 6.6586E-05 2.0274E-04 1.8777E-03 1.1745E-03 2.4721E-03 6.0619E-05 1.9021E-03 5.3768E-04 1.7232E-04 7.2150E-04 3.4120E-04 7.6814E-05 1.0853E-04 0
 0 2.6411E-05 9.8938E-05 2.2516E-04 7.6459E-04 1.3802E-03 1.4063E-03 3.2968E-04 1.0875E-04 1.5154E-04 1.8836E-04 1.2534E-04 1.8118E-04 1.8403E-03 1.2433E-03 2.5977E-03 5.5567E-05 1.7324E-03 6.2730E-04 1.6411E-04 7.6068E-04 4.1779E-04 6.7381E-05 1.1925E-04 0
 0 2.5272E-05 9.9687E-05 1.7527E-04 7.9970E-04 1.3875E-03 1.3089E-03 3.1724E-04 1.2474E-04 1.3836E-04 1.9547E-04 8.6170E-05 1.2078E-04 2.1019E-03 1.4498E-03 2.4972E-03 6.0619E-05 1.7823E-03 6.0372E-04 2.1334E-04 6.6274E-04 3.3655E-04 8.6248E-05 1.0183E-04 0
 0 2.5272E-05 9.8188E-05 1.9684E-04 8.2701E-04 1.3214E-03 1.3547E-03 2.2393E-04 1.3433E-04 1.5813E-04 2.1679E-04 5.0918E-05 1.4235E-04 1.6955E-03 1.1401E-03 2.3264E-03 1.0103E-05 1.8422E-03 4.7637E-04 1.4770E-04 6.3988E-04 3.8530E-04 1.0107E-04 1.0630E-04 0
 0 2.3906E-05 1.2292E-04 1.9280E-04 7.1193E-04 1.3484E-03 1.2917E-03 3.0791E-04 9.9151E-05 1.4824E-04 2.3456E-04 7.4419E-05 1.3804E-04 1.8217E-03 1.1696E-03 2.2610E-03 3.5361E-05 1.6375E-03 5.7542E-04 1.6411E-04 6.3009E-04 4.0387E-04 7.1424E-05 9.8706E-05 0
 0 2.3223E-05 1.1768E-04 1.8336E-04 8.1920E-04 1.2603E-03 1.3003E-03 3.0480E-04 9.5953E-05 1.0212E-04 2.0258E-04 4.3085E-05 1.3372E-04 1.7656E-03 1.1991E-03 2.4570E-03 2.5258E-05 1.7973E-03 6.0843E-04 9.4363E-05 6.7580E-04 3.9226E-04 8.6248E-05 1.0005E-04 0
 0 3.1420E-05 1.1093E-04 2.1302E-04 6.6512E-04 1.3214E-03 1.3261E-03 2.7370E-04 8.9556E-05 1.2848E-04 1.6704E-04 9.7920E-05 1.8980E-04 1.6535E-03 1.1598E-03 2.3314E-03 1.0103E-05 1.7823E-03 5.0938E-04 1.4360E-04 5.6480E-04 3.9226E-04 7.0076E-05 1.0675E-04 0
 0 2.7321E-05 9.6689E-05 1.7662E-04 7.6654E-04 1.3165E-03 1.2373E-03 3.1102E-04 1.1514E-04 1.1860E-04 2.1324E-04 1.3317E-04 1.8980E-04 1.7236E-03 1.4350E-03 2.3113E-03 6.0619E-05 1.6825E-03 5.5655E-04 1.5180E-04 5.9418E-04 3.6441E-04 6.1991E-05 1.1121E-04 0
 0 2.2085E-05 8.3947E-05 2.1167E-04 7.6849E-04 1.2407E-03 1.2802E-03 2.5193E-04 1.0235E-04 1.5154E-04 1.6704E-04 7.8336E-05 1.7686E-04 1.6488E-03 1.2974E-03 2.2409E-03 4.5464E-05 1.6076E-03 5.2825E-04 1.1077E-04 6.3988E-04 3.7601E-04 6.7381E-05 8.9774E-05 0
 0 2.5045E-05 8.6945E-05 1.8471E-04 7.5289E-04 1.1501E-03 1.2774E-03 2.6748E-04 7.0365E-05 1.3177E-04 1.9547E-04 6.2669E-05 1.5098E-04 1.6722E-03 9.3374E-04 1.8842E-03 2.0206E-05 1.8472E-03 4.8109E-04 1.1488E-04 5.9091E-04 3.8994E-04 6.8729E-05 1.0630E-04 0
 0 2.6183E-05 1.1018E-04 1.7123E-04 7.4509E-04 1.1819E-03 1.3003E-03 2.3326E-04 1.2794E-04 1.0212E-04 1.7415E-04 9.0086E-05 1.2078E-04 1.6488E-03 1.0664E-03 2.1656E-03 4.5464E-05 1.5077E-03 4.1977E-04 1.6001E-04 5.8765E-04 3.3423E-04 8.6248E-05 1.0943E-04 0
 0 2.2085E-05 9.9687E-05 1.9415E-04 6.9242E-04 1.1624E-03 1.2487E-03 2.4881E-04 9.2754E-05 6.9180E-05 1.6704E-04 2.3501E-05 1.6392E-04 1.7142E-03 1.0664E-03 1.9596E-03 3.5361E-05 1.4428E-03 4.4807E-04 2.2565E-04 6.6927E-04 3.5976E-04 6.8729E-05 1.0139E-04 0
 0 2.7777E-05 1.0718E-04 1.7797E-04 7.2168E-04 1.2040E-03 1.2029E-03 2.4881E-04 6.7167E-05 1.1201E-04 1.3505E-04 7.8336E-05 1.9412E-04 1.7750E-03 1.3515E-03 2.2108E-03 4.0412E-05 1.7124E-03 4.2920E-04 7.3850E-05 7.2150E-04 3.6209E-04 9.0291E-05 9.1114E-05 0
 0 2.5045E-05 8.5446E-05 1.6988E-04 6.2416E-04 1.1893E-03 1.1886E-03 2.5504E-04 8.6357E-05 1.0212E-04 1.1017E-04 6.6586E-05 1.2941E-04 1.5694E-03 1.0075E-03 1.9596E-03 4.5464E-05 1.3729E-03 4.2920E-04 1.3949E-04 5.6153E-04 3.9458E-04 8.4900E-05 1.0094E-04 0
 0 2.2540E-05 9.9687E-05 1.6044E-04 7.3533E-04 1.2529E-03 1.1800E-03 2.0838E-04 1.2154E-04 1.3507E-04 1.1373E-04 5.0918E-05 1.3372E-04 1.6302E-03 9.2883E-04 1.9947E-03 1.0103E-05 1.8522E-03 3.7261E-04 9.0261E-05 5.5827E-04 3.1334E-04 7.6814E-05 1.0139E-04 0
 0 2.6866E-05 8.3198E-05 2.0493E-04 7.0413E-04 1.1575E-03 1.2086E-03 2.5815E-04 6.3968E-05 1.3177E-04 1.2084E-04 5.8752E-05 1.7255E-04 1.5648E-03 9.9763E-04 2.1505E-03 5.0516E-06 1.6375E-03 3.7732E-04 1.7642E-04 6.9212E-04 3.8298E-04 8.2205E-05 1.0139E-04 0
 0 2.5272E-05 9.0693E-05 2.1437E-04 6.9242E-04 1.1599E-03 1.1599E-03 2.8925E-04 1.0875E-04 8.5652E-05 1.7059E-04 3.9168E-05 1.2510E-04 1.4480E-03 9.7306E-04 2.2962E-03 1.5155E-05 1.6325E-03 3.0186E-04 9.8466E-05 6.5621E-04 3.2959E-04 7.9510E-05 8.6647E-05 0
 0 2.5272E-05 1.0044E-04 1.5640E-04 6.7877E-04 1.2138E-03 1.1342E-03 2.4881E-04 1.0555E-04 8.5652E-05 1.5282E-04 5.8752E-05 9.0588E-05 1.7609E-03 9.4848E-04 1.9646E-03 2.5258E-05 1.5576E-03 5.5655E-04 1.3539E-04 5.7132E-04 3.4352E-04 7.9510E-05 9.3793E-05 0
 0 2.3679E-05 7.9450E-05 1.7527E-04 7.6069E-04 1.1061E-03 1.1657E-03 1.8972E-04 8.3159E-05 8.2358E-05 1.3505E-04 5.4835E-05 8.6274E-05 1.4807E-03 8.9442E-04 1.7184E-03 2.0206E-05 1.3679E-03 4.5750E-04 6.5644E-05 5.4847E-04 3.2495E-04 7.1424E-05 1.0362E-04 0
 0 1.8897E-05 1.0044E-04 1.4022E-04 7.4314E-04 1.2162E-03 1.3175E-03 2.6126E-04 5.4373E-05 9.5535E-05 1.8836E-04 5.4835E-05 1.7686E-04 1.2752E-03 8.8951E-04 1.8289E-03 2.5258E-05 1.4228E-03 4.5279E-04 1.2308E-04 5.8765E-04 3.5512E-04 8.0857E-05 1.0809E-04 0
 0 2.1857E-05 9.5939E-05 1.6718E-04 6.9242E-04 1.1966E-03 1.2860E-03 2.3326E-04 4.1579E-05 6.5886E-05 1.5993E-04 5.8752E-05 8.6274E-05 1.4013E-03 8.9442E-04 1.9194E-03 1.0103E-05 1.2781E-03 3.3016E-04 9.8466E-05 5.9091E-04 3.6209E-04 5.1210E-05 9.6027E-05 0
 0 2.8688E-05 8.6196E-05 1.9415E-04 7.5679E-04 1.2040E-03 1.1514E-03 2.3948E-04 8.6357E-05 8.2358E-05 1.7059E-04 4.3085E-05 1.2510E-04 1.3639E-03 9.1900E-04 1.8390E-03 5.0516E-06 1.3979E-03 4.5279E-04 9.0261E-05 5.2562E-04 3.6673E-04 7.6814E-05 8.5307E-05 0
 0 2.5955E-05 8.6945E-05 1.8336E-04 6.7487E-04 1.1550E-03 1.2115E-03 1.9905E-04 5.4373E-05 6.5886E-05 1.0662E-04 3.5251E-05 1.2510E-04 1.3312E-03 1.0222E-03 1.6229E-03 2.0206E-05 1.5327E-03 3.4431E-04 1.0667E-04 5.4847E-04 3.8298E-04 5.6600E-05 1.0273E-04 0
 0 2.3906E-05 1.1018E-04 1.7932E-04 6.7877E-04 1.1355E-03 1.1113E-03 1.7417E-04 5.7572E-05 7.5769E-05 1.1017E-04 3.1334E-05 1.0784E-04 1.3639E-03 8.1579E-04 2.1706E-03 4.0412E-05 1.4578E-03 3.4431E-04 9.0261E-05 5.4521E-04 3.8530E-04 5.2557E-05 1.0943E-04 0
 0 2.1402E-05 9.4440E-05 1.5909E-04 6.4951E-04 1.1428E-03 1.0855E-03 1.8350E-04 4.7976E-05 2.6354E-05 8.1742E-05 3.9168E-05 9.4901E-05 1.3406E-03 8.1579E-04 1.8842E-03 1.5155E-05 1.3929E-03 2.8771E-04 1.1488E-04 5.3541E-04 3.1566E-04 7.6814E-05 9.2454E-05 0
 0 2.5728E-05 9.2941E-05 1.7257E-04 7.0998E-04 1.1452E-03 1.1485E-03 2.0527E-04 6.0770E-05 4.9415E-05 1.3861E-04 4.7002E-05 1.0784E-04 1.4200E-03 8.1579E-04 2.0148E-03 1.5155E-05 1.3280E-03 4.1034E-04 9.4363E-05 5.3868E-04 3.5976E-04 8.2205E-05 9.2007E-05 0
 0 2.2768E-05 9.3691E-05 1.6583E-04 7.6069E-04 1.1428E-03 1.1199E-03 2.1460E-04 6.7167E-05 1.1530E-04 1.5638E-04 4.7002E-05 9.0588E-05 1.5087E-03 8.8460E-04 1.8691E-03 1.0103E-05 1.3180E-03 2.9714E-04 9.0261E-05 4.9297E-04 3.8065E-04 4.9862E-05 1.0049E-04 0
 0 2.0263E-05 1.1393E-04 1.7392E-04 6.8072E-04 1.1697E-03 1.0425E-03 2.0527E-04 9.9151E-05 8.5652E-05 1.1728E-04 1.0575E-04 6.4706E-05 1.4480E-03 8.1579E-04 1.9998E-03 2.5258E-05 1.3480E-03 4.2920E-04 8.2055E-05 4.7991E-04 2.9245E-04 9.2986E-05 9.5133E-05 0
 0 2.2768E-05 8.4697E-05 1.7662E-04 7.3338E-04 9.3479E-04 1.1170E-03 1.5240E-04 4.4778E-05 7.2475E-05 1.3505E-04 5.4835E-05 4.7451E-05 1.3779E-03 7.4208E-04 2.0249E-03 1.0103E-05 1.0035E-03 4.0562E-04 8.2055E-05 5.9744E-04 3.2959E-04 6.7381E-05 9.6027E-05 0
 0 2.2313E-05 6.6708E-05 1.4291E-04 7.5484E-04 1.0547E-03 9.9956E-04 1.9594E-04 7.6762E-05 9.8829E-05 7.4634E-05 3.9168E-05 9.4901E-05 1.3826E-03 7.6665E-04 1.7737E-03 2.0206E-05 1.2431E-03 4.3392E-04 9.0261E-05 5.2235E-04 3.5048E-04 9.9724E-05 8.7987E-05 0
 0 2.9371E-05 8.3947E-05 1.6314E-04 6.6317E-04 9.0298E-04 1.1657E-03 1.9283E-04 2.5587E-05 5.6003E-05 1.6348E-04 2.3501E-05 1.1216E-04 1.4854E-03 7.7648E-04 1.4320E-03 5.0516E-06 1.3679E-03 4.4335E-04 4.9233E-05 4.9624E-04 3.2727E-04 9.0291E-05 9.7366E-05 0
 0 2.1402E-05 1.0793E-04 1.6448E-04 6.7682E-04 1.0816E-03 1.0311E-03 2.0216E-04 9.5953E-05 7.9063E-05 7.8188E-05 5.4835E-05 8.1960E-05 1.1490E-03 7.2242E-04 1.8088E-03 5.0516E-06 1.2281E-03 3.0657E-04 4.5130E-05 5.6806E-04 3.5976E-04 7.4119E-05 9.7813E-05 0
 0 2.6866E-05 6.3710E-05 1.5505E-04 7.0608E-04 1.0816E-03 1.1456E-03 1.5551E-04 5.1175E-05 6.2592E-05 1.1728E-04 5.8752E-05 9.9215E-05 1.3546E-03 8.3545E-04 1.7636E-03 2.0206E-05 1.3330E-03 2.2639E-04 9.0261E-05 3.5912E-04 3.1334E-04 6.8729E-05 9.6920E-05 0
 0 2.1857E-05 9.5190E-05 1.4696E-04 5.7344E-04 1.1012E-03 1.0339E-03 1.7106E-04 4.7976E-05 6.5886E-05 1.3505E-04 3.9168E-05 6.0392E-05 1.1817E-03 8.1579E-04 1.5325E-03 4.0412E-05 1.4678E-03 3.1601E-04 9.8466E-05 4.7012E-04 2.9710E-04 8.2205E-05 1.0183E-04 0
 0 2.0491E-05 7.6452E-05 1.4561E-04 5.9685E-04 1.0841E-03 9.4801E-04 1.3685E-04 5.1175E-05 8.2358E-05 9.5958E-05 4.3085E-05 7.3333E-05 1.0977E-03 7.8139E-04 1.7435E-03 1.5155E-05 1.1183E-03 2.7827E-04 7.3850E-05 5.2235E-04 3.1799E-04 7.2771E-05 8.7541E-05 0
 0 1.6848E-05 7.5702E-05 1.6988E-04 6.0660E-04 9.8863E-04 9.6519E-04 1.6795E-04 4.1579E-05 6.9180E-05 8.5296E-05 3.1334E-05 8.1960E-05 1.1911E-03 6.9785E-04 1.2109E-03 2.5258E-05 1.2082E-03 3.0657E-04 7.7952E-05 5.3541E-04 2.7853E-04 4.4471E-05 8.7094E-05 0
 0 2.4589E-05 9.7439E-05 1.5909E-04 6.7097E-04 1.0131E-03 1.0167E-03 1.7417E-04 7.0365E-05 8.5652E-05 6.3972E-05 6.2669E-05 6.4706E-05 1.2051E-03 7.4699E-04 1.7837E-03 0.0000E+00 9.2860E-04 1.9338E-04 8.6158E-05 5.1909E-04 3.1102E-04 5.7948E-05 9.5133E-05 0
 0 2.2768E-05 1.0194E-04 1.4831E-04 6.4561E-04 9.6905E-04 9.3082E-04 1.3996E-04 5.7572E-05 1.3177E-05 9.5958E-05 2.7418E-05 7.3333E-05 1.1584E-03 7.3716E-04 1.6380E-03 2.5258E-05 1.0933E-03 4.1505E-04 8.2055E-05 5.1909E-04 3.1102E-04 8.8943E-05 1.0094E-04 0
 0 2.4817E-05 6.3710E-05 1.8201E-04 6.0270E-04 1.1232E-03 7.6757E-04 1.8350E-04 5.4373E-05 6.5886E-05 1.0307E-04 2.7418E-05 6.4706E-05 1.0977E-03 7.3225E-04 1.6631E-03 0.0000E+00 1.0484E-03 3.0657E-04 5.3336E-05 5.0929E-04 3.4584E-04 5.7948E-05 9.3793E-05 0
 0 2.2313E-05 9.2192E-05 1.8471E-04 6.5341E-04 1.1134E-03 1.0454E-03 1.7417E-04 6.3968E-05 6.5886E-05 1.1017E-04 3.5251E-05 3.0196E-05 1.1257E-03 6.4870E-04 1.3868E-03 1.5155E-05 1.1982E-03 2.4054E-04 5.7439E-05 4.0809E-04 3.5048E-04 7.0076E-05 8.8434E-05 0
 0 2.3906E-05 9.7439E-05 1.3887E-04 6.6317E-04 9.8129E-04 1.0196E-03 1.7417E-04 5.7572E-05 7.5769E-05 6.7526E-05 4.3085E-05 4.7451E-05 1.2565E-03 6.9293E-04 1.4873E-03 5.0516E-06 1.0584E-03 3.0657E-04 4.1028E-05 5.3541E-04 2.9013E-04 7.9510E-05 1.0541E-04 0
 0 2.3679E-05 8.4697E-05 1.6044E-04 5.8905E-04 9.5192E-04 9.7665E-04 1.4929E-04 4.1579E-05 6.2592E-05 5.3310E-05 1.1750E-05 1.2078E-04 1.0323E-03 7.2733E-04 1.4320E-03 0.0000E+00 1.1632E-03 2.5941E-04 4.1028E-05 4.7338E-04 2.9245E-04 7.2771E-05 1.0183E-04 0
 0 1.6621E-05 9.2941E-05 1.3752E-04 5.8125E-04 9.5926E-04 9.2223E-04 2.0216E-04 5.1175E-05 8.8946E-05 8.1742E-05 3.1334E-05 7.7647E-05 1.0977E-03 6.2413E-04 1.5023E-03 1.0103E-05 9.6854E-04 3.5374E-04 8.6158E-05 5.3215E-04 3.2031E-04 6.8729E-05 8.6647E-05 0
 0 1.9353E-05 8.9943E-05 1.3617E-04 6.0855E-04 9.6416E-04 9.3655E-04 1.4929E-04 2.8786E-05 5.9298E-05 7.8188E-05 5.4835E-05 4.7451E-05 1.0323E-03 6.4379E-04 1.3868E-03 5.0516E-06 1.0384E-03 2.4998E-04 6.9747E-05 4.4727E-04 2.8085E-04 7.6814E-05 9.4240E-05 0
 0 2.3679E-05 9.5190E-05 1.6314E-04 6.2416E-04 1.0180E-03 8.8213E-04 1.5551E-04 2.8786E-05 8.8946E-05 5.3310E-05 5.4835E-05 8.6274E-05 1.0510E-03 6.4870E-04 1.4521E-03 2.0206E-05 1.1632E-03 2.7356E-04 1.2719E-04 4.1788E-04 3.1799E-04 6.6033E-05 8.1734E-05 0
 0 2.0946E-05 1.0643E-04 1.6314E-04 6.5146E-04 9.6171E-04 9.0505E-04 1.1508E-04 5.1175E-05 6.2592E-05 7.4634E-05 2.3501E-05 7.3333E-05 1.0790E-03 5.5533E-04 1.4722E-03 1.5155E-05 1.0484E-03 1.9338E-04 7.3850E-05 4.9950E-04 3.4816E-04 5.7948E-05 9.0220E-05 0
 0 2.2540E-05 1.0194E-04 1.3617E-04 6.1050E-04 8.7606E-04 9.4228E-04 1.3063E-04 3.8381E-05 5.9298E-05 8.8850E-05 1.9584E-05 3.8823E-05 1.1817E-03 6.8310E-04 1.1607E-03 0.0000E+00 1.1083E-03 2.1696E-04 6.5644E-05 3.7218E-04 2.8781E-04 5.6600E-05 9.9600E-05 0
 0 2.0946E-05 8.5446E-05 1.2134E-04 6.3976E-04 8.6138E-04 9.5087E-04 2.0216E-04 2.8786E-05 9.8829E-05 3.9094E-05 1.9584E-05 5.1764E-05 1.1584E-03 6.5362E-04 1.4270E-03 1.0103E-05 1.1033E-03 3.2544E-04 4.1028E-05 4.0809E-04 2.7621E-04 5.5252E-05 8.7094E-05 0
 0 2.7094E-05 8.4697E-05 1.4561E-04 5.7929E-04 9.5437E-04 8.7927E-04 1.4618E-04 2.8786E-05 3.6237E-05 9.2404E-05 2.7418E-05 9.4901E-05 1.1677E-03 4.7670E-04 1.3014E-03 0.0000E+00 9.5855E-04 1.5565E-04 3.6925E-05 4.4074E-04 2.8549E-04 7.5467E-05 9.0667E-05 0
 0 2.0946E-05 1.1168E-04 1.4831E-04 6.5341E-04 8.9564E-04 9.7951E-04 1.1819E-04 5.1175E-05 5.9298E-05 7.4634E-05 1.5667E-05 3.4510E-05 9.9958E-04 5.3076E-04 1.3717E-03 1.0103E-05 9.2360E-04 2.3583E-04 5.3336E-05 4.0482E-04 2.9245E-04 5.1210E-05 8.6201E-05 0
 0 2.2085E-05 7.4203E-05 1.1730E-04 5.4419E-04 9.0298E-04 9.8810E-04 1.1197E-04 2.8786E-05 8.8946E-05 5.6864E-05 3.1334E-05 5.1764E-05 1.0136E-03 5.6516E-04 1.3265E-03 0.0000E+00 9.7852E-04 2.8771E-04 2.4617E-05 3.9503E-04 3.0174E-04 6.7381E-05 8.5754E-05 0
 0 2.2768E-05 7.5702E-05 1.4561E-04 5.7149E-04 9.8373E-04 9.2796E-04 1.1197E-04 6.7167E-05 1.9766E-05 8.1742E-05 4.7002E-05 3.0196E-05 1.0556E-03 5.0127E-04 1.2411E-03 0.0000E+00 9.9849E-04 3.0657E-04 7.7952E-05 3.4932E-04 2.8085E-04 5.1210E-05 8.2181E-05 0
 0 2.0946E-05 7.9450E-05 1.3617E-04 6.0075E-04 9.8129E-04 8.9073E-04 1.1197E-04 4.4778E-05 3.2943E-05 4.6202E-05 3.9168E-05 3.8823E-05 8.3142E-04 5.5533E-04 1.4320E-03 0.0000E+00 8.3873E-04 1.9809E-04 4.1028E-05 4.3747E-04 2.9013E-04 3.6386E-05 9.2454E-05 0
 0 2.8232E-05 7.5702E-05 1.4561E-04 6.2416E-04 9.5192E-04 9.0791E-04 1.3996E-04 4.4778E-05 1.3177E-05 1.4216E-05 3.5251E-05 4.7451E-05 9.6221E-04 5.4550E-04 1.3516E-03 2.0206E-05 7.6384E-04 2.3111E-04 8.2055E-05 4.2441E-04 2.5996E-04 6.0643E-05 9.6473E-05 0
 0 2.2996E-05 6.8957E-05 1.4965E-04 5.2858E-04 9.5192E-04 7.7903E-04 1.2130E-04 3.8381E-05 2.6354E-05 1.1017E-04 3.5251E-05 6.9019E-05 9.7155E-04 6.2413E-04 1.1808E-03 0.0000E+00 7.6384E-04 2.4526E-04 4.1028E-05 5.5500E-04 2.8317E-04 7.8162E-05 8.2628E-05 0
 0 2.0263E-05 7.7951E-05 1.3348E-04 5.7734E-04 9.7639E-04 9.3655E-04 9.9526E-05 5.4373E-05 2.6354E-05 6.7526E-05 0.0000E+00 2.5882E-05 1.0136E-03 4.3738E-04 1.2963E-03 0.0000E+00 9.4357E-04 1.8394E-04 4.9233E-05 4.3094E-04 2.6924E-04 6.3338E-05 7.3248E-05 0
 0 1.4571E-05 7.5702E-05 1.5640E-04 5.9685E-04 8.6872E-04 8.5922E-04 1.0264E-04 2.5587E-05 8.8946E-05 7.1080E-05 1.1750E-05 8.6274E-06 9.5754E-04 6.4870E-04 1.0954E-03 1.0103E-05 1.1233E-03 1.6508E-04 6.1541E-05 4.4727E-04 3.2959E-04 6.6033E-05 7.8608E-05 0
 0 2.0263E-05 7.3454E-05 1.3752E-04 5.2663E-04 8.0999E-04 7.5612E-04 1.5862E-04 5.4373E-05 2.9649E-05 7.4634E-05 2.7418E-05 8.1960E-05 1.0790E-03 5.7990E-04 1.2360E-03 0.0000E+00 8.3873E-04 2.7356E-04 3.6925E-05 3.8197E-04 3.0638E-04 5.5252E-05 8.8880E-05 0
 0 2.0491E-05 8.4697E-05 1.3752E-04 5.6174E-04 8.9809E-04 7.9908E-04 1.3374E-04 1.9191E-05 4.9415E-05 4.6202E-05 1.1750E-05 6.4706E-05 8.8748E-04 5.2584E-04 1.1908E-03 2.5258E-05 8.1377E-04 1.6036E-04 6.1541E-05 4.0809E-04 3.3423E-04 6.8729E-05 8.6201E-05 0
 0 1.7759E-05 6.4459E-05 1.3213E-04 5.3833E-04 8.0510E-04 8.9073E-04 1.1197E-04 4.4778E-05 5.9298E-05 4.2648E-05 1.1750E-05 4.3137E-05 9.0149E-04 4.4230E-04 1.1908E-03 0.0000E+00 8.5870E-04 1.7923E-04 7.3850E-05 3.9829E-04 2.9710E-04 6.7381E-05 7.8161E-05 0
 0 2.0719E-05 6.8957E-05 1.2404E-04 5.1493E-04 7.4637E-04 7.7044E-04 1.2752E-04 1.5992E-05 4.2826E-05 6.3972E-05 3.9168E-06 4.3137E-05 9.0616E-04 5.2093E-04 1.3918E-03 5.0516E-06 6.3903E-04 2.0281E-04 2.4617E-05 4.0482E-04 2.6228E-04 8.3552E-05 8.6647E-05 0
 0 2.1402E-05 6.0712E-05 1.3752E-04 5.3833E-04 7.9286E-04 7.7616E-04 1.2130E-04 2.2389E-05 2.3060E-05 5.6864E-05 7.8336E-06 2.1569E-05 8.1274E-04 5.3076E-04 1.1858E-03 3.5361E-05 5.7413E-04 1.8394E-04 5.7439E-05 3.6565E-04 2.4139E-04 5.7948E-05 8.3521E-05 0
 0 2.0946E-05 7.8700E-05 1.1460E-04 5.1493E-04 8.3936E-04 8.2199E-04 9.9526E-05 5.1175E-05 3.9532E-05 2.4878E-05 1.5667E-05 3.8823E-05 9.5287E-04 4.9144E-04 1.2662E-03 0.0000E+00 8.4872E-04 1.5093E-04 4.1028E-05 4.7338E-04 2.7621E-04 4.8514E-05 8.7987E-05 0
 0 1.9353E-05 7.1205E-05 1.5909E-04 5.0518E-04 8.3201E-04 8.2772E-04 1.3374E-04 3.1984E-05 1.9766E-05 6.0418E-05 7.8336E-06 4.7451E-05 7.8004E-04 4.3738E-04 1.1205E-03 0.0000E+00 8.0878E-04 1.6036E-04 5.3336E-05 3.6891E-04 2.3907E-04 5.1210E-05 7.3248E-05 0
 0 2.2768E-05 8.6945E-05 1.2269E-04 5.9685E-04 8.8096E-04 7.9908E-04 9.0195E-05 1.2794E-05 4.2826E-05 3.1986E-05 1.5667E-05 3.8823E-05 9.3886E-04 3.6858E-04 1.2461E-03 0.0000E+00 9.0863E-04 1.8394E-04 6.1541E-05 4.3094E-04 2.2514E-04 6.0643E-05 8.2628E-05 0
 0 2.0719E-05 6.5209E-05 1.1999E-04 6.3781E-04 8.5404E-04 7.6471E-04 9.3306E-05 1.9191E-05 2.9649E-05 4.6202E-05 1.9584E-05 3.8823E-05 9.2484E-04 6.4379E-04 9.1949E-04 0.0000E+00 7.0394E-04 1.5093E-04 2.8719E-05 3.4606E-04 2.6228E-04 6.3338E-05 8.7541E-05 0
 0 2.2085E-05 8.3198E-05 1.3348E-04 4.7592E-04 8.5893E-04 7.7616E-04 1.2752E-04 2.8786E-05 4.2826E-05 3.5540E-05 3.5251E-05 3.8823E-05 8.4077E-04 5.0619E-04 1.1456E-03 0.0000E+00 6.5900E-04 1.3678E-04 8.6158E-05 3.6891E-04 2.7621E-04 6.7381E-05 8.6201E-05 0
 0 2.2085E-05 5.9962E-05 9.7073E-05 4.7007E-04 7.7084E-04 8.0767E-04 1.3374E-04 1.9191E-05 3.2943E-05 7.1080E-05 1.1750E-05 2.1569E-05 9.8089E-04 3.5875E-04 1.0903E-03 0.0000E+00 8.2375E-04 1.9809E-04 8.2055E-06 4.5053E-04 3.2031E-04 5.1210E-05 9.5133E-05 0
 0 1.7304E-05 7.7201E-05 1.2808E-04 5.5004E-04 6.9008E-04 7.1602E-04 1.1819E-04 2.5587E-05 4.2826E-05 5.6864E-05 3.1334E-05 4.3137E-05 6.8663E-04 5.5041E-04 8.3408E-04 5.0516E-06 7.6884E-04 2.0281E-04 2.4617E-05 4.8644E-04 3.0870E-04 4.3124E-05 7.5035E-05 0
 0 2.1857E-05 6.8957E-05 1.2269E-04 5.6564E-04 7.6594E-04 8.7354E-04 8.3975E-05 1.9191E-05 4.2826E-05 4.6202E-05 7.8336E-06 6.0392E-05 7.1932E-04 3.7350E-04 1.2310E-03 0.0000E+00 7.4387E-04 1.5565E-04 4.1028E-05 3.1015E-04 2.2746E-04 6.1991E-05 7.7268E-05 0
 0 2.0719E-05 6.8957E-05 9.5725E-05 5.7734E-04 7.4881E-04 6.7306E-04 1.1508E-04 9.5953E-06 2.9649E-05 4.2648E-05 3.9168E-06 1.7255E-05 8.2675E-04 4.3738E-04 1.0351E-03 0.0000E+00 7.8881E-04 1.4621E-04 3.2822E-05 4.3094E-04 2.5996E-04 5.2557E-05 8.1734E-05 0
 0 1.9125E-05 6.6708E-05 1.4696E-04 4.8957E-04 8.6627E-04 8.3345E-04 7.7755E-05 4.1579E-05 1.3177E-05 4.6202E-05 7.8336E-06 3.0196E-05 9.0149E-04 5.0127E-04 1.2310E-03 1.0103E-05 7.8381E-04 1.5093E-04 3.2822E-05 3.1341E-04 2.5996E-04 5.2557E-05 9.3347E-05 0
 0 1.7304E-05 7.3454E-05 1.2808E-04 5.8125E-04 8.2223E-04 6.9311E-04 1.1508E-04 1.5992E-05 3.2943E-05 3.1986E-05 1.5667E-05 3.4510E-05 7.6136E-04 4.8653E-04 8.4915E-04 0.0000E+00 7.1392E-04 1.6979E-04 2.8719E-05 2.7097E-04 2.5996E-04 4.9862E-05 8.0394E-05 0
 0 2.3679E-05 7.9450E-05 1.0381E-04 5.3638E-04 8.5404E-04 6.6446E-04 1.1508E-04 4.4778E-05 4.6120E-05 3.1986E-05 3.9168E-05 5.1764E-05 7.8472E-04 4.0298E-04 1.0602E-03 0.0000E+00 7.0394E-04 1.2263E-04 1.2308E-05 3.4932E-04 2.3443E-04 7.2771E-05 8.9774E-05 0
 0 1.8670E-05 9.2941E-05 1.2673E-04 4.4276E-04 8.4180E-04 7.6757E-04 1.1197E-04 1.9191E-05 2.9649E-05 4.6202E-05 7.8336E-06 4.3137E-05 7.2399E-04 5.5533E-04 1.1355E-03 0.0000E+00 5.9909E-04 1.6036E-04 6.5644E-05 3.7871E-04 3.0638E-04 4.9862E-05 7.8161E-05 0
 0 1.7076E-05 8.8444E-05 1.0651E-04 5.0323E-04 7.4637E-04 7.2747E-04 5.9094E-05 6.3968E-06 5.2709E-05 5.3310E-05 1.5667E-05 3.0196E-05 8.7346E-04 3.8824E-04 1.0401E-03 5.0516E-06 7.2890E-04 1.3206E-04 2.4617E-05 3.0688E-04 2.4603E-04 6.8729E-05 8.2181E-05 0
 0 1.6621E-05 6.8207E-05 1.2404E-04 4.7007E-04 7.9041E-04 7.4466E-04 1.3996E-04 2.5587E-05 2.3060E-05 8.5296E-05 1.9584E-05 4.7451E-05 8.2675E-04 3.9315E-04 9.2954E-04 5.0516E-06 6.7897E-04 1.6036E-04 3.6925E-05 4.0809E-04 2.2979E-04 5.2557E-05 7.4588E-05 0
 0 1.6165E-05 7.1205E-05 1.4965E-04 4.9152E-04 8.3201E-04 7.4466E-04 1.1508E-04 1.2794E-05 1.9766E-05 4.9756E-05 1.1750E-05 1.7255E-05 7.7070E-04 4.9636E-04 8.2905E-04 0.0000E+00 6.4902E-04 1.4150E-04 2.4617E-05 2.9382E-04 2.2746E-04 5.1210E-05 8.6201E-05 0
 0 1.3205E-05 7.6452E-05 1.2269E-04 5.3833E-04 6.8764E-04 8.3631E-04 9.3306E-05 1.9191E-05 1.9766E-05 2.1324E-05 1.5667E-05 2.1569E-05 7.8472E-04 4.5213E-04 9.5969E-04 0.0000E+00 5.7912E-04 1.1320E-04 8.2055E-06 2.6771E-04 2.5764E-04 2.6952E-05 7.2802E-05 0
 0 1.8670E-05 7.7201E-05 1.4156E-04 4.3691E-04 8.1978E-04 7.7616E-04 9.0195E-05 2.2389E-05 2.9649E-05 2.4878E-05 2.3501E-05 4.3137E-05 7.4735E-04 3.9315E-04 1.0150E-03 5.0516E-06 6.1906E-04 1.2263E-04 1.6411E-05 3.1994E-04 2.2746E-04 5.1210E-05 8.8434E-05 0
 0 2.1402E-05 6.9706E-05 1.3078E-04 5.1688E-04 8.0754E-04 7.2175E-04 7.7755E-05 2.5587E-05 2.9649E-05 3.1986E-05 2.7418E-05 1.2941E-05 7.7537E-04 4.1281E-04 8.2403E-04 0.0000E+00 8.5371E-04 1.4150E-04 2.8719E-05 3.6891E-04 2.4835E-04 5.3905E-05 1.0273E-04 0
 0 1.8442E-05 8.0199E-05 1.2673E-04 4.3691E-04 9.0543E-04 6.9311E-04 8.7085E-05 3.1984E-05 1.9766E-05 1.4216E-05 0.0000E+00 8.6274E-06 6.4459E-04 4.3738E-04 9.4462E-04 0.0000E+00 6.3404E-04 6.1315E-05 2.0514E-05 2.8403E-04 2.5067E-04 3.9081E-05 7.4141E-05 0
 0 1.7759E-05 7.1955E-05 1.1999E-04 5.1103E-04 7.7818E-04 5.9000E-04 8.3975E-05 1.5992E-05 6.5886E-06 2.8432E-05 7.8336E-06 8.6274E-06 5.8854E-04 2.7521E-04 1.0200E-03 5.0516E-06 6.5900E-04 9.9047E-05 2.0514E-05 2.4159E-04 2.0657E-04 3.9081E-05 7.7268E-05 0
 0 2.2768E-05 7.8700E-05 1.3348E-04 4.1740E-04 7.2679E-04 6.7879E-04 6.8424E-05 1.5992E-05 2.9649E-05 6.3972E-05 0.0000E+00 3.8823E-05 7.1932E-04 3.1944E-04 9.8481E-04 0.0000E+00 5.8412E-04 1.8866E-04 4.1028E-06 2.9382E-04 2.3907E-04 5.9295E-05 7.9948E-05 0
 0 1.8442E-05 6.8957E-05 1.0516E-04 4.5251E-04 7.1700E-04 6.9311E-04 7.1534E-05 1.2794E-05 2.3060E-05 1.7770E-05 4.7002E-05 4.7451E-05 7.7070E-04 2.6538E-04 9.1949E-04 0.0000E+00 5.7413E-04 1.1320E-04 4.9233E-05 2.3506E-04 2.6692E-04 5.7948E-05 7.5481E-05 0
 0 2.0491E-05 8.6945E-05 1.0112E-04 4.7202E-04 7.8797E-04 6.3010E-04 7.7755E-05 9.5953E-06 2.9649E-05 1.7770E-05 1.1750E-05 3.4510E-05 6.9597E-04 3.3418E-04 7.8885E-04 0.0000E+00 7.2391E-04 1.7923E-04 2.0514E-05 3.4279E-04 1.8104E-04 4.9862E-05 7.6821E-05 0
 0 1.9125E-05 5.8463E-05 1.2943E-04 4.8177E-04 7.6350E-04 6.2437E-04 9.3306E-05 2.8786E-05 1.3177E-05 4.9756E-05 7.8336E-06 8.6274E-06 7.3801E-04 3.3909E-04 8.6422E-04 0.0000E+00 5.4917E-04 1.2263E-04 2.8719E-05 3.3627E-04 2.3907E-04 6.6033E-05 8.8880E-05 0
 0 1.8214E-05 7.6452E-05 1.0112E-04 5.0128E-04 7.7818E-04 7.5612E-04 5.2873E-05 6.3968E-06 3.9532E-05 2.8432E-05 7.8336E-06 2.1569E-05 7.6136E-04 4.1281E-04 8.3408E-04 0.0000E+00 4.9924E-04 6.6031E-05 3.2822E-05 3.3627E-04 2.3211E-04 5.6600E-05 7.9948E-05 0
 0 1.3433E-05 6.5958E-05 1.2134E-04 5.0908E-04 6.9498E-04 5.4704E-04 7.7755E-05 9.5953E-06 0.0000E+00 2.4878E-05 3.9168E-06 1.7255E-05 6.4926E-04 3.7841E-04 8.7930E-04 0.0000E+00 6.8896E-04 8.9614E-05 8.2055E-06 3.5585E-04 2.4603E-04 4.9862E-05 9.1114E-05 0
 0 1.9125E-05 7.4203E-05 1.1730E-04 4.9737E-04 6.8519E-04 6.2723E-04 5.2873E-05 4.1579E-05 3.2943E-06 1.0662E-05 1.1750E-05 1.2941E-05 6.2590E-04 2.7029E-04 8.6422E-04 0.0000E+00 6.0409E-04 1.0848E-04 2.8719E-05 2.7750E-04 1.8104E-04 5.6600E-05 8.0841E-05 0
 0 2.0946E-05 5.3216E-05 1.0381E-04 4.7787E-04 7.0232E-04 6.6160E-04 9.0195E-05 0.0000E+00 3.2943E-05 2.8432E-05 1.5667E-05 1.7255E-05 6.3992E-04 3.2927E-04 7.5368E-04 0.0000E+00 5.5416E-04 5.6598E-05 4.1028E-06 3.4606E-04 3.0638E-04 4.8514E-05 8.0841E-05 0
 0 1.6848E-05 7.1205E-05 1.1864E-04 4.9152E-04 6.4848E-04 6.5014E-04 6.8424E-05 2.8786E-05 1.6472E-05 3.1986E-05 2.3501E-05 6.4706E-05 6.3057E-04 3.2927E-04 7.3358E-04 0.0000E+00 7.0394E-04 1.2263E-04 1.2308E-05 3.1341E-04 2.3675E-04 5.6600E-05 7.2802E-05 0
 0 1.8670E-05 6.4459E-05 1.1325E-04 4.2716E-04 7.5126E-04 7.7044E-04 8.7085E-05 6.3968E-06 6.5886E-06 2.4878E-05 7.8336E-06 4.3137E-06 5.0913E-04 3.4892E-04 7.8885E-04 0.0000E+00 5.1422E-04 1.2263E-04 4.1028E-06 3.2647E-04 2.0890E-04 6.0643E-05 7.3248E-05 0
 0 1.5710E-05 5.6964E-05 1.2134E-04 5.1103E-04 6.9498E-04 6.9597E-04 3.7322E-05 3.5183E-05 3.9532E-05 2.4878E-05 0.0000E+00 2.1569E-05 5.6985E-04 3.4401E-04 7.6876E-04 0.0000E+00 5.9410E-04 1.0376E-04 2.4617E-05 2.8403E-04 2.1122E-04 3.2343E-05 7.5481E-05 0
 0 1.7531E-05 6.9706E-05 1.6314E-04 4.9932E-04 7.4147E-04 5.6995E-04 6.8424E-05 1.2794E-05 1.6472E-05 1.4216E-05 3.9168E-06 2.1569E-05 6.3525E-04 3.1452E-04 6.7329E-04 0.0000E+00 5.6415E-04 1.1320E-04 1.2308E-05 3.1015E-04 2.2050E-04 4.9862E-05 8.6201E-05 0
 0 1.7304E-05 7.3454E-05 1.1460E-04 4.0375E-04 6.1667E-04 6.7879E-04 1.0575E-04 1.5992E-05 2.3060E-05 3.5540E-06 1.1750E-05 1.2941E-05 7.4735E-04 3.5875E-04 7.9890E-04 0.0000E+00 5.4917E-04 9.4331E-05 2.8719E-05 2.5465E-04 2.3211E-04 5.6600E-05 7.1462E-05 0
 0 1.7759E-05 8.2448E-05 1.0247E-04 3.8230E-04 7.0476E-04 6.3296E-04 3.4212E-05 1.5992E-05 6.5886E-06 3.1986E-05 7.8336E-06 2.5882E-05 6.8195E-04 2.8995E-04 8.2905E-04 0.0000E+00 5.3918E-04 8.4897E-05 1.2308E-05 3.0035E-04 1.7872E-04 5.6600E-05 6.9675E-05 0
 0 1.9125E-05 7.4953E-05 1.0516E-04 4.3301E-04 7.1211E-04 5.4990E-04 5.9094E-05 3.1984E-06 9.8829E-06 2.1324E-05 1.1750E-05 1.2941E-05 7.0531E-04 3.4401E-04 8.2403E-04 0.0000E+00 5.4418E-04 1.1791E-04 3.6925E-05 2.0241E-04 2.3907E-04 3.5038E-05 7.9501E-05 0
 0 2.0491E-05 6.0712E-05 1.0381E-04 4.3106E-04 6.8274E-04 5.6995E-04 7.1534E-05 1.2794E-05 1.3177E-05 1.0662E-05 7.8336E-06 1.2941E-05 6.3057E-04 2.5555E-04 6.2807E-04 0.0000E+00 4.2935E-04 7.5464E-05 4.1028E-06 2.9056E-04 2.2746E-04 4.9862E-05 7.5035E-05 0
 0 1.5254E-05 7.9450E-05 7.6849E-05 4.5641E-04 7.2679E-04 6.2150E-04 4.9763E-05 1.2794E-05 1.9766E-05 2.1324E-05 2.7418E-05 4.3137E-06 7.0064E-04 2.9487E-04 7.1349E-04 0.0000E+00 5.0923E-04 8.0181E-05 2.8719E-05 2.4485E-04 2.2050E-04 4.0429E-05 7.5035E-05 0
 0 1.9353E-05 7.1955E-05 8.6287E-05 4.4666E-04 6.5338E-04 6.0718E-04 8.0865E-05 0.0000E+00 6.5886E-06 2.4878E-05 0.0000E+00 4.3137E-06 5.2781E-04 2.8995E-04 5.9290E-04 0.0000E+00 4.3434E-04 4.2449E-05 0.0000E+00 3.3627E-04 1.7872E-04 6.7381E-05 7.1015E-05 0
 0 1.6848E-05 6.2960E-05 9.9769E-05 4.1350E-04 7.0966E-04 6.4728E-04 5.9094E-05 6.3968E-06 2.9649E-05 2.4878E-05 3.9168E-06 1.7255E-05 5.3716E-04 3.0469E-04 7.5871E-04 0.0000E+00 4.4433E-04 7.5464E-05 3.2822E-05 3.0688E-04 1.8104E-04 5.7948E-05 8.0394E-05 0
 0 1.5254E-05 5.9213E-05 1.1056E-04 4.3106E-04 7.1211E-04 6.4155E-04 5.9094E-05 9.5953E-06 2.6354E-05 2.4878E-05 3.9168E-06 1.7255E-05 5.6051E-04 2.5555E-04 7.2354E-04 0.0000E+00 4.4433E-04 1.0848E-04 2.0514E-05 2.9709E-04 1.9265E-04 3.9081E-05 7.4588E-05 0
 0 1.5938E-05 5.9213E-05 1.0381E-04 4.7007E-04 6.4848E-04 5.1267E-04 4.3543E-05 1.2794E-05 9.8829E-06 7.1080E-06 3.9168E-06 2.5882E-05 5.1380E-04 2.7521E-04 8.0393E-04 0.0000E+00 6.1906E-04 1.1320E-04 2.4617E-05 2.9056E-04 2.4371E-04 5.5252E-05 6.4315E-05 0
 0 2.0036E-05 7.2704E-05 9.7073E-05 4.4276E-04 7.2924E-04 6.2437E-04 3.7322E-05 1.5992E-05 6.5886E-06 6.3972E-05 1.9584E-05 0.0000E+00 6.4459E-04 2.5064E-04 7.3358E-04 0.0000E+00 5.3918E-04 5.6598E-05 0.0000E+00 2.8077E-04 2.1586E-04 3.3690E-05 7.5035E-05 0
 0 1.5482E-05 7.1205E-05 1.0786E-04 4.1740E-04 6.6316E-04 5.8141E-04 7.4644E-05 6.3968E-06 9.8829E-06 1.7770E-05 7.8336E-06 0.0000E+00 5.5117E-04 2.0641E-04 7.5368E-04 0.0000E+00 5.8412E-04 5.1882E-05 2.8719E-05 2.6444E-04 2.1122E-04 5.7948E-05 6.5209E-05 0
 0 2.0719E-05 5.9962E-05 1.1460E-04 4.1350E-04 6.5093E-04 6.2723E-04 5.5983E-05 1.9191E-05 2.6354E-05 1.0662E-05 7.8336E-06 3.8823E-05 6.3992E-04 2.9487E-04 7.9890E-04 0.0000E+00 5.3918E-04 9.9047E-05 8.2055E-06 2.4159E-04 1.8336E-04 6.0643E-05 6.6995E-05 0
 0 1.7304E-05 7.5702E-05 7.9546E-05 4.3106E-04 6.5582E-04 5.4704E-04 6.8424E-05 3.1984E-06 9.8829E-06 2.1324E-05 0.0000E+00 8.6274E-06 5.8854E-04 1.6218E-04 6.4314E-04 0.0000E+00 3.4947E-04 1.1320E-04 2.4617E-05 2.3179E-04 2.4371E-04 6.7381E-05 7.0122E-05 0
 0 1.9125E-05 5.6964E-05 1.0516E-04 4.0960E-04 6.6316E-04 5.2985E-04 9.6416E-05 2.5587E-05 9.8829E-06 1.4216E-05 0.0000E+00 2.5882E-05 5.0446E-04 2.1623E-04 6.5319E-04 0.0000E+00 3.6944E-04 1.1320E-04 1.2308E-05 2.4159E-04 2.1122E-04 4.7167E-05 5.4490E-05 0
 0 1.6393E-05 4.6471E-05 9.7073E-05 4.6422E-04 6.7785E-04 4.2102E-04 7.7755E-05 6.3968E-06 2.3060E-05 2.4878E-05 0.0000E+00 4.3137E-06 5.8854E-04 1.4252E-04 5.4265E-04 0.0000E+00 4.8926E-04 6.1315E-05 1.2308E-05 2.5138E-04 2.4835E-04 3.5038E-05 9.2007E-05 0
 0 1.4116E-05 7.8700E-05 1.1190E-04 5.0518E-04 6.3869E-04 4.4680E-04 1.8661E-05 1.2794E-05 2.6354E-05 1.7770E-05 1.1750E-05 4.3137E-06 5.5117E-04 2.2606E-04 6.9339E-04 0.0000E+00 4.4433E-04 1.4150E-04 2.0514E-05 2.1547E-04 2.3211E-04 3.2343E-05 7.8608E-05 0
 0 1.8214E-05 7.4953E-05 7.1456E-05 4.7982E-04 6.0443E-04 5.2126E-04 4.6653E-05 9.5953E-06 6.5886E-06 2.8432E-05 0.0000E+00 4.3137E-06 5.0913E-04 2.7029E-04 5.3260E-04 2.0206E-05 4.6929E-04 2.8299E-05 1.6411E-05 2.1221E-04 2.2979E-04 3.3690E-05 8.3074E-05 0
 0 1.4344E-05 6.9706E-05 1.0112E-04 4.3301E-04 6.7540E-04 5.9573E-04 3.4212E-05 6.3968E-06 9.8829E-06 1.4216E-05 7.8336E-06 8.6274E-06 5.4650E-04 2.8012E-04 6.5822E-04 0.0000E+00 3.3449E-04 9.9047E-05 0.0000E+00 2.6771E-04 2.1354E-04 4.5819E-05 7.7268E-05 0
 0 1.5710E-05 7.7951E-05 1.0112E-04 3.7449E-04 6.0443E-04 5.2413E-04 4.6653E-05 3.1984E-06 1.3177E-05 1.7770E-05 7.8336E-06 0.0000E+00 4.6709E-04 1.8675E-04 5.6275E-04 0.0000E+00 3.7943E-04 7.5464E-05 4.1028E-06 2.9382E-04 2.1354E-04 5.6600E-05 6.4762E-05 0
 0 1.9353E-05 6.2960E-05 9.1680E-05 4.6031E-04 6.2890E-04 4.9835E-04 5.9094E-05 6.3968E-06 3.6237E-05 1.0662E-05 3.9168E-06 0.0000E+00 5.6985E-04 2.8504E-04 6.2304E-04 5.0516E-06 4.3434E-04 8.4897E-05 2.8719E-05 2.5465E-04 2.6228E-04 6.4686E-05 8.7094E-05 0
 0 2.2996E-05 6.5209E-05 1.2539E-04 4.1350E-04 6.1912E-04 5.0980E-04 5.9094E-05 1.2794E-05 1.3177E-05 7.1080E-06 0.0000E+00 8.6274E-06 4.0170E-04 2.6538E-04 5.4768E-04 0.0000E+00 3.8442E-04 4.2449E-05 1.2308E-05 1.8282E-04 2.2050E-04 3.7733E-05 6.6995E-05 0
 0 1.2295E-05 6.5209E-05 1.0921E-04 4.5056E-04 6.0933E-04 4.3534E-04 2.7992E-05 3.1984E-06 3.2943E-06 1.4216E-05 7.8336E-06 0.0000E+00 5.0913E-04 1.2286E-04 5.8285E-04 0.0000E+00 4.1437E-04 7.5464E-05 1.2308E-05 2.7097E-04 1.8104E-04 4.9862E-05 8.4861E-05 0
 0 1.8897E-05 6.2211E-05 1.1999E-04 4.0180E-04 6.6316E-04 4.9262E-04 4.0432E-05 6.3968E-06 2.9649E-05 3.1986E-05 0.0000E+00 1.7255E-05 4.2505E-04 1.9166E-04 7.3358E-04 0.0000E+00 3.6944E-04 6.1315E-05 4.1028E-06 2.8077E-04 1.8801E-04 3.5038E-05 7.4588E-05 0
 0 1.1156E-05 5.6964E-05 9.9769E-05 3.1988E-04 5.8241E-04 4.9835E-04 6.2204E-05 9.5953E-06 0.0000E+00 1.4216E-05 0.0000E+00 0.0000E+00 4.7643E-04 2.7029E-04 6.3812E-04 0.0000E+00 4.2935E-04 3.7732E-05 2.8719E-05 2.3179E-04 1.6247E-04 4.9862E-05 7.3248E-05 0
 0 1.8670E-05 5.3966E-05 8.7635E-05 4.0180E-04 5.7507E-04 5.8713E-04 4.6653E-05 0.0000E+00 9.8829E-06 1.4216E-05 1.1750E-05 4.3137E-06 7.6136E-04 1.6709E-04 6.2304E-04 0.0000E+00 3.4448E-04 6.1315E-05 3.6925E-05 1.7303E-04 1.3926E-04 4.4471E-05 6.3869E-05 0
 0 1.7987E-05 4.9469E-05 9.1680E-05 3.4719E-04 5.6283E-04 6.0718E-04 3.7322E-05 3.1984E-06 1.3177E-05 2.8432E-05 7.8336E-06 0.0000E+00 5.4183E-04 2.0149E-04 6.8836E-04 0.0000E+00 4.8427E-04 8.4897E-05 1.2308E-05 2.5138E-04 2.2050E-04 3.9081E-05 6.2976E-05 0
 0 1.7987E-05 8.5446E-05 7.0108E-05 4.1155E-04 6.3380E-04 4.6684E-04 3.1102E-05 6.3968E-06 2.3060E-05 1.4216E-05 0.0000E+00 0.0000E+00 5.1380E-04 2.4081E-04 5.3260E-04 0.0000E+00 4.2935E-04 5.1882E-05 4.1028E-06 1.8609E-04 2.3907E-04 6.1991E-05 6.1189E-05 0
 0 1.4799E-05 5.9213E-05 8.6287E-05 4.1155E-04 6.6072E-04 5.3558E-04 7.1534E-05 3.1984E-06 1.3177E-05 3.5540E-06 7.8336E-06 2.5882E-05 5.3249E-04 1.6709E-04 5.8285E-04 0.0000E+00 3.8442E-04 6.1315E-05 1.2308E-05 1.6650E-04 1.8104E-04 5.3905E-05 6.6995E-05 0
 0 1.7076E-05 5.5465E-05 1.2269E-04 4.0375E-04 5.4081E-04 4.4680E-04 1.8661E-05 9.5953E-06 3.2943E-06 1.0662E-05 7.8336E-06 2.1569E-05 5.0913E-04 2.1132E-04 5.0246E-04 0.0000E+00 3.3449E-04 4.2449E-05 0.0000E+00 1.8282E-04 1.9497E-04 4.5819E-05 6.6995E-05 0
 0 1.8670E-05 5.5465E-05 8.6287E-05 4.3886E-04 5.9465E-04 4.0956E-04 2.7992E-05 9.5953E-06 2.6354E-05 2.8432E-05 0.0000E+00 8.6274E-06 5.7919E-04 2.2115E-04 5.1250E-04 0.0000E+00 3.2451E-04 8.9614E-05 8.2055E-06 2.2527E-04 1.8801E-04 4.4471E-05 7.5481E-05 0
 0 1.8897E-05 6.0712E-05 9.0332E-05 4.2326E-04 5.4815E-04 3.8951E-04 3.7322E-05 9.5953E-06 1.3177E-05 1.0662E-05 0.0000E+00 2.5882E-05 5.6518E-04 1.8183E-04 4.4719E-04 0.0000E+00 3.6445E-04 4.7165E-05 2.4617E-05 2.4485E-04 2.3443E-04 3.5038E-05 7.9054E-05 0
 0 1.6393E-05 5.6964E-05 7.5501E-05 3.8815E-04 6.0933E-04 4.2675E-04 4.0432E-05 0.0000E+00 0.0000E+00 1.4216E-05 0.0000E+00 0.0000E+00 3.9703E-04 1.5726E-04 5.6275E-04 0.0000E+00 3.3449E-04 4.2449E-05 2.4617E-05 2.1547E-04 1.8569E-04 4.1776E-05 6.5655E-05 0
 0 1.7304E-05 6.8207E-05 9.0332E-05 3.8230E-04 5.4081E-04 4.4680E-04 5.9094E-05 6.3968E-06 1.6472E-05 7.1080E-06 3.9168E-06 4.3137E-06 3.7834E-04 3.0469E-04 4.1201E-04 0.0000E+00 4.0938E-04 6.1315E-05 8.2055E-06 2.7424E-04 1.7408E-04 5.7948E-05 7.6375E-05 0
 0 1.6393E-05 4.9469E-05 9.0332E-05 4.1155E-04 6.5827E-04 5.2126E-04 2.4881E-05 2.2389E-05 4.2826E-05 7.1080E-06 1.1750E-05 4.3137E-06 3.6900E-04 1.2777E-04 4.9743E-04 0.0000E+00 3.3949E-04 7.0748E-05 4.1028E-06 1.8935E-04 1.8104E-04 3.0995E-05 6.3422E-05 0
 0 1.3888E-05 4.1974E-05 9.4376E-05 4.2326E-04 5.3347E-04 4.9262E-04 3.7322E-05 6.3968E-06 9.8829E-06 1.7770E-05 3.9168E-06 2.5882E-05 4.0170E-04 1.8675E-04 5.5773E-04 0.0000E+00 2.7458E-04 6.6031E-05 1.2308E-05 2.3832E-04 2.0657E-04 3.2343E-05 6.8782E-05 0
 0 1.6848E-05 7.3454E-05 9.0332E-05 3.5694E-04 5.7262E-04 4.5825E-04 3.7322E-05 6.3968E-06 1.9766E-05 3.5540E-06 0.0000E+00 1.2941E-05 5.0446E-04 2.2606E-04 4.6728E-04 0.0000E+00 2.7958E-04 5.1882E-05 0.0000E+00 1.4365E-04 1.8801E-04 2.8300E-05 6.0296E-05 0
 0 1.2978E-05 5.3216E-05 9.5725E-05 4.0375E-04 6.1178E-04 5.0121E-04 2.4881E-05 9.5953E-06 0.0000E+00 3.1986E-05 3.9168E-06 4.3137E-06 3.7834E-04 2.9978E-04 4.6226E-04 0.0000E+00 3.1452E-04 7.5464E-05 8.2055E-06 1.9588E-04 1.9729E-04 5.2557E-05 6.7442E-05 0
 0 1.8897E-05 5.8463E-05 8.0894E-05 4.1545E-04 5.7507E-04 4.4393E-04 4.6653E-05 0.0000E+00 9.8829E-06 1.0662E-05 3.9168E-06 4.3137E-06 4.9979E-04 2.4572E-04 5.2255E-04 0.0000E+00 2.9455E-04 1.4150E-05 8.2055E-06 1.9588E-04 1.9729E-04 4.7167E-05 6.3869E-05 0
 0 1.2295E-05 5.6215E-05 8.3591E-05 3.3353E-04 5.5060E-04 4.0670E-04 9.3306E-06 6.3968E-06 1.9766E-05 3.5540E-06 0.0000E+00 8.6274E-06 3.6433E-04 1.7692E-04 5.0246E-04 0.0000E+00 2.6460E-04 1.8866E-05 2.0514E-05 1.3385E-04 1.8104E-04 3.7733E-05 7.0122E-05 0
 0 1.4571E-05 7.6452E-05 7.1456E-05 3.6669E-04 5.2857E-04 4.6684E-04 5.2873E-05 1.9191E-05 6.5886E-06 0.0000E+00 7.8336E-06 0.0000E+00 3.5499E-04 2.4572E-04 5.0246E-04 0.0000E+00 2.5461E-04 2.8299E-05 8.2055E-06 1.9588E-04 1.9265E-04 3.7733E-05 6.9228E-05 0
 0 1.5938E-05 5.4715E-05 6.8760E-05 3.8425E-04 6.1667E-04 4.7830E-04 2.1771E-05 0.0000E+00 6.5886E-06 1.4216E-05 3.9168E-06 1.2941E-05 4.6242E-04 2.1132E-04 4.6226E-04 0.0000E+00 3.0454E-04 5.1882E-05 8.2055E-06 2.1547E-04 1.8336E-04 3.0995E-05 7.3248E-05 0
 0 1.7076E-05 6.1461E-05 1.0651E-04 2.9062E-04 5.1879E-04 4.7830E-04 2.4881E-05 1.2794E-05 2.3060E-05 3.9094E-05 0.0000E+00 4.3137E-06 3.8302E-04 1.3760E-04 5.4265E-04 0.0000E+00 3.1952E-04 7.0748E-05 1.6411E-05 2.1547E-04 1.9497E-04 3.9081E-05 5.7169E-05 0
 0 1.4799E-05 6.8957E-05 6.6063E-05 3.2183E-04 5.2368E-04 3.6087E-04 5.5983E-05 6.3968E-06 6.5886E-06 3.5540E-06 7.8336E-06 0.0000E+00 4.5308E-04 1.8183E-04 4.7231E-04 5.0516E-06 3.2950E-04 4.7165E-05 1.6411E-05 1.8609E-04 1.6480E-04 4.3124E-05 6.0742E-05 0
 0 1.5938E-05 4.6471E-05 9.7073E-05 3.4134E-04 4.9676E-04 4.8116E-04 3.4212E-05 6.3968E-06 1.3177E-05 1.7770E-05 0.0000E+00 2.1569E-05 3.7834E-04 1.5235E-04 3.5674E-04 0.0000E+00 3.1452E-04 7.0748E-05 8.2055E-06 2.0894E-04 1.2302E-04 4.0429E-05 7.0122E-05 0
 0 1.6393E-05 6.4459E-05 6.4715E-05 3.8230E-04 5.5304E-04 4.5539E-04 5.2873E-05 6.3968E-06 6.5886E-06 0.0000E+00 3.9168E-06 1.2941E-05 3.8769E-04 1.3760E-04 4.5723E-04 0.0000E+00 2.6959E-04 3.3016E-05 1.2308E-05 1.9915E-04 2.2979E-04 4.0429E-05 6.3422E-05 0
 0 1.6165E-05 7.3454E-05 1.1190E-04 3.6474E-04 5.1879E-04 4.6684E-04 3.4212E-05 3.1984E-06 1.6472E-05 3.5540E-06 7.8336E-06 0.0000E+00 3.5499E-04 1.8675E-04 4.3211E-04 0.0000E+00 2.3465E-04 2.3583E-05 1.2308E-05 1.7629E-04 2.1354E-04 6.3338E-05 6.4762E-05 0
 0 1.3205E-05 4.4222E-05 1.1056E-04 3.2768E-04 4.5761E-04 3.8951E-04 5.2873E-05 0.0000E+00 6.5886E-06 1.0662E-05 7.8336E-06 4.3137E-06 2.8960E-04 1.8675E-04 4.8236E-04 0.0000E+00 3.0454E-04 2.3583E-05 0.0000E+00 1.6324E-04 1.7872E-04 3.7733E-05 7.1908E-05 0
 0 1.3433E-05 5.9213E-05 8.6287E-05 3.2573E-04 5.8730E-04 4.8976E-04 2.4881E-05 1.5992E-05 0.0000E+00 3.5540E-06 7.8336E-06 4.3137E-06 5.0446E-04 1.5235E-04 4.1704E-04 0.0000E+00 2.8457E-04 1.4150E-05 8.2055E-06 1.7629E-04 1.6015E-04 3.3690E-05 7.0568E-05 0
 0 1.5254E-05 5.8463E-05 8.6287E-05 3.1013E-04 5.2613E-04 4.4966E-04 2.7992E-05 0.0000E+00 3.2943E-06 1.4216E-05 3.9168E-06 8.6274E-06 4.4841E-04 1.8183E-04 5.1753E-04 0.0000E+00 2.2965E-04 3.3016E-05 1.6411E-05 2.4485E-04 1.8104E-04 2.4257E-05 7.4141E-05 0
 0 1.8214E-05 4.7970E-05 9.7073E-05 3.4329E-04 5.2857E-04 4.5539E-04 3.4212E-05 3.1984E-06 9.8829E-06 7.1080E-06 3.9168E-06 0.0000E+00 3.4098E-04 1.5726E-04 3.7182E-04 0.0000E+00 3.4947E-04 3.3016E-05 8.2055E-06 2.1221E-04 1.7640E-04 4.4471E-05 6.2976E-05 0
 0 1.0473E-05 6.3710E-05 6.3367E-05 3.4329E-04 6.0688E-04 3.8379E-04 3.1102E-05 1.2794E-05 0.0000E+00 7.1080E-06 1.5667E-05 4.3137E-06 3.1762E-04 1.1303E-04 4.1201E-04 0.0000E+00 3.0953E-04 6.6031E-05 0.0000E+00 1.8282E-04 1.8336E-04 4.7167E-05 6.7889E-05 0
 0 1.7759E-05 6.5209E-05 7.6849E-05 3.5109E-04 5.0410E-04 3.7519E-04 4.3543E-05 0.0000E+00 1.6472E-05 7.1080E-06 0.0000E+00 0.0000E+00 4.2505E-04 1.0812E-04 3.8187E-04 0.0000E+00 3.3449E-04 2.8299E-05 0.0000E+00 1.7303E-04 1.9265E-04 5.3905E-05 6.5209E-05 0
 0 1.5482E-05 6.3710E-05 8.7635E-05 3.7839E-04 4.6250E-04 4.6971E-04 2.7992E-05 0.0000E+00 1.3177E-05 1.0662E-05 7.8336E-06 4.3137E-06 2.8493E-04 2.0149E-04 3.9694E-04 0.0000E+00 3.1952E-04 3.3016E-05 0.0000E+00 1.4691E-04 1.8801E-04 4.7167E-05 5.5383E-05 0
 0 1.7759E-05 5.1717E-05 7.4153E-05 3.6474E-04 4.9431E-04 3.8665E-04 2.1771E-05 3.1984E-06 1.3177E-05 1.0662E-05 0.0000E+00 8.6274E-06 4.1571E-04 1.3269E-04 4.5723E-04 0.0000E+00 1.9471E-04 3.3016E-05 4.1028E-06 2.0568E-04 1.6712E-04 2.2910E-05 7.4588E-05 0
 0 1.5482E-05 4.9469E-05 1.1190E-04 3.2183E-04 4.6005E-04 3.9811E-04 4.3543E-05 3.1984E-06 3.2943E-06 7.1080E-06 1.1750E-05 0.0000E+00 4.2038E-04 1.7692E-04 3.5674E-04 0.0000E+00 2.7958E-04 3.3016E-05 0.0000E+00 1.2406E-04 1.5087E-04 3.9081E-05 5.5829E-05 0
 0 1.0701E-05 5.2467E-05 9.8421E-05 3.3548E-04 4.8208E-04 4.6684E-04 2.7992E-05 3.1984E-06 3.2943E-06 0.0000E+00 3.9168E-06 2.1569E-05 3.0828E-04 1.1303E-04 5.0748E-04 0.0000E+00 2.5461E-04 1.8866E-05 4.1028E-06 1.9588E-04 2.0657E-04 5.9295E-05 6.6995E-05 0
 0 1.5482E-05 6.5209E-05 7.5501E-05 3.4329E-04 5.0900E-04 4.4107E-04 3.1102E-05 3.1984E-06 3.2943E-06 1.7770E-05 0.0000E+00 0.0000E+00 3.1295E-04 1.1795E-04 4.2709E-04 0.0000E+00 2.3465E-04 2.8299E-05 4.1028E-06 1.4365E-04 2.2979E-04 4.4471E-05 5.6723E-05 0
 0 1.6165E-05 4.8719E-05 8.6287E-05 2.7502E-04 5.7017E-04 3.9238E-04 1.2441E-05 3.1984E-06 0.0000E+00 7.1080E-06 0.0000E+00 0.0000E+00 3.1295E-04 1.6218E-04 3.4669E-04 0.0000E+00 2.8956E-04 9.4331E-05 4.1028E-06 2.1221E-04 1.6480E-04 4.7167E-05 5.8956E-05 0
 0 1.5482E-05 5.9962E-05 7.0108E-05 4.0570E-04 4.6250E-04 4.0956E-04 3.4212E-05 0.0000E+00 1.6472E-05 1.0662E-05 0.0000E+00 0.0000E+00 4.2038E-04 1.0320E-04 3.9694E-04 0.0000E+00 1.9970E-04 2.3583E-05 8.2055E-06 2.3179E-04 1.9729E-04 4.0429E-05 7.7268E-05 0
 0 1.1839E-05 5.7714E-05 6.8760E-05 2.8672E-04 4.5027E-04 4.3820E-04 5.5983E-05 0.0000E+00 9.8829E-06 7.1080E-06 3.9168E-06 0.0000E+00 3.5032E-04 1.0812E-04 3.8689E-04 0.0000E+00 2.8956E-04 0.0000E+00 0.0000E+00 1.7956E-04 1.2534E-04 5.3905E-05 6.5209E-05 0
 0 1.2522E-05 5.9962E-05 8.3591E-05 3.1793E-04 4.4048E-04 3.4655E-04 1.5551E-05 3.1984E-06 1.6472E-05 1.7770E-05 0.0000E+00 8.6274E-06 3.2696E-04 1.2286E-04 3.9694E-04 0.0000E+00 3.1952E-04 1.8866E-05 4.1028E-06 1.7629E-04 1.8104E-04 5.5252E-05 6.9675E-05 0
 0 1.3205E-05 6.6708E-05 9.4376E-05 3.2963E-04 4.9187E-04 3.6660E-04 9.3306E-06 1.2794E-05 6.5886E-06 0.0000E+00 0.0000E+00 1.2941E-05 2.9427E-04 1.0320E-04 4.6728E-04 0.0000E+00 2.3964E-04 5.6598E-05 1.6411E-05 1.7956E-04 1.9729E-04 4.4471E-05 5.8509E-05 0
 0 1.8897E-05 5.3966E-05 7.6849E-05 3.1013E-04 5.2368E-04 3.6947E-04 2.4881E-05 9.5953E-06 0.0000E+00 0.0000E+00 0.0000E+00 0.0000E+00 3.4565E-04 1.2286E-04 2.6630E-04 0.0000E+00 1.6475E-04 8.0181E-05 8.2055E-06 1.9262E-04 1.3926E-04 3.6386E-05 6.1636E-05 0
 0 1.6393E-05 5.5465E-05 6.7412E-05 2.5746E-04 4.6984E-04 3.8665E-04 3.4212E-05 0.0000E+00 9.8829E-06 2.8432E-05 0.0000E+00 0.0000E+00 3.0361E-04 1.6218E-04 3.0650E-04 0.0000E+00 2.3465E-04 1.4150E-05 1.6411E-05 1.6976E-04 1.7872E-04 3.9081E-05 5.8063E-05 0
 0 1.4571E-05 5.2467E-05 7.6849E-05 3.3938E-04 4.6740E-04 4.0670E-04 6.2204E-06 0.0000E+00 0.0000E+00 1.0662E-05 0.0000E+00 0.0000E+00 3.8302E-04 1.4252E-04 3.6177E-04 0.0000E+00 2.3465E-04 2.8299E-05 0.0000E+00 1.2406E-04 1.4623E-04 3.6386E-05 6.3422E-05 0
 0 1.5027E-05 5.8463E-05 8.2242E-05 3.6669E-04 4.6740E-04 3.0646E-04 4.3543E-05 0.0000E+00 0.0000E+00 0.0000E+00 7.8336E-06 0.0000E+00 3.4098E-04 1.7200E-04 3.0650E-04 0.0000E+00 2.3964E-04 4.7165E-05 8.2055E-06 1.7629E-04 1.4623E-04 3.9081E-05 5.3150E-05 0
 0 1.4116E-05 6.6708E-05 6.3367E-05 3.7449E-04 5.1389E-04 3.6374E-04 3.1102E-05 6.3968E-06 3.2943E-06 0.0000E+00 0.0000E+00 4.3137E-06 2.7091E-04 9.8288E-05 3.2157E-04 0.0000E+00 2.5961E-04 1.4150E-05 4.1028E-06 1.6324E-04 1.6480E-04 4.3124E-05 5.9402E-05 0
 0 1.2978E-05 7.1205E-05 8.3591E-05 3.8620E-04 4.8453E-04 3.8951E-04 9.3306E-06 6.3968E-06 0.0000E+00 7.1080E-06 7.8336E-06 0.0000E+00 2.4756E-04 7.8631E-05 4.4216E-04 0.0000E+00 2.6460E-04 5.1882E-05 0.0000E+00 1.5344E-04 1.7408E-04 2.2910E-05 6.3422E-05 0
 0 1.2978E-05 5.6215E-05 6.6063E-05 4.0570E-04 4.6495E-04 3.2650E-04 2.4881E-05 0.0000E+00 0.0000E+00 3.5540E-06 0.0000E+00 4.3137E-06 3.7367E-04 1.0320E-04 3.6679E-04 0.0000E+00 1.6974E-04 4.7165E-05 2.4617E-05 1.5018E-04 1.5551E-04 2.8300E-05 5.2256E-05 0
 0 1.0246E-05 6.6708E-05 9.3028E-05 2.6917E-04 4.5027E-04 3.4369E-04 1.8661E-05 9.5953E-06 0.0000E+00 0.0000E+00 0.0000E+00 8.6274E-06 3.8302E-04 8.8460E-05 3.4669E-04 0.0000E+00 1.6475E-04 5.6598E-05 8.2055E-06 1.5997E-04 1.4623E-04 2.9648E-05 5.2256E-05 0
 0 1.5710E-05 5.5465E-05 7.6849E-05 2.9452E-04 4.5271E-04 3.7233E-04 2.4881E-05 3.1984E-06 0.0000E+00 7.1080E-06 0.0000E+00 4.3137E-06 2.0552E-04 1.2286E-04 3.1152E-04 0.0000E+00 3.1452E-04 4.2449E-05 1.2308E-05 1.7956E-04 1.8336E-04 3.9081E-05 5.8509E-05 0
 0 1.5482E-05 3.0731E-05 6.7412E-05 2.9062E-04 5.2613E-04 4.0670E-04 9.3306E-06 0.0000E+00 3.2943E-06 0.0000E+00 7.8336E-06 0.0000E+00 3.2696E-04 1.1303E-04 2.9142E-04 0.0000E+00 1.8472E-04 5.1882E-05 0.0000E+00 1.2079E-04 1.4855E-04 3.7733E-05 6.9228E-05 0
 0 1.1156E-05 5.3966E-05 7.6849E-05 3.6864E-04 4.7718E-04 3.4942E-04 9.3306E-06 6.3968E-06 9.8829E-06 0.0000E+00 0.0000E+00 4.3137E-06 3.3631E-04 1.2286E-04 3.7182E-04 0.0000E+00 2.2965E-04 3.3016E-05 0.0000E+00 1.4691E-04 1.7176E-04 3.5038E-05 6.1189E-05 0
 0 1.3205E-05 5.9962E-05 8.3591E-05 2.7112E-04 4.8942E-04 3.8092E-04 1.5551E-05 0.0000E+00 9.8829E-06 2.4878E-05 0.0000E+00 8.6274E-06 2.3355E-04 6.3887E-05 2.8640E-04 0.0000E+00 3.2451E-04 5.1882E-05 4.1028E-06 1.5997E-04 1.7640E-04 4.5819E-05 5.8956E-05 0
 0 1.3888E-05 6.8957E-05 5.7974E-05 3.1208E-04 4.3069E-04 3.4082E-04 2.1771E-05 0.0000E+00 0.0000E+00 1.0662E-05 0.0000E+00 0.0000E+00 2.7558E-04 1.0320E-04 4.3211E-04 0.0000E+00 2.7958E-04 0.0000E+00 4.1028E-06 2.0894E-04 1.6247E-04 4.1776E-05 6.8335E-05 0
 0 1.2978E-05 4.2723E-05 7.9546E-05 3.1403E-04 4.6005E-04 3.4942E-04 2.1771E-05 0.0000E+00 1.3177E-05 0.0000E+00 0.0000E+00 0.0000E+00 2.7558E-04 1.0320E-04 3.9694E-04 0.0000E+00 1.0983E-04 3.7732E-05 1.6411E-05 1.2406E-04 1.3926E-04 3.3690E-05 4.7790E-05 0
 0 1.8897E-05 5.3216E-05 6.2019E-05 3.4524E-04 4.3803E-04 3.7233E-04 2.1771E-05 6.3968E-06 3.2943E-06 3.5540E-06 0.0000E+00 0.0000E+00 3.2696E-04 7.8631E-05 3.3162E-04 0.0000E+00 2.0469E-04 2.3583E-05 1.6411E-05 1.5671E-04 1.4855E-04 3.5038E-05 6.1636E-05 0
 0 1.1384E-05 4.9469E-05 5.3929E-05 3.1598E-04 3.7685E-04 2.7782E-04 1.2441E-05 0.0000E+00 3.2943E-06 7.1080E-06 0.0000E+00 0.0000E+00 3.5966E-04 1.1303E-04 3.7684E-04 0.0000E+00 2.1468E-04 5.1882E-05 8.2055E-06 9.1412E-05 1.5087E-04 2.2910E-05 5.1363E-05 0
 0 1.5027E-05 5.3216E-05 7.9546E-05 3.4719E-04 3.7685E-04 3.4655E-04 1.8661E-05 0.0000E+00 0.0000E+00 3.5540E-06 0.0000E+00 0.0000E+00 2.6624E-04 8.8460E-05 3.3162E-04 0.0000E+00 1.5976E-04 3.7732E-05 8.2055E-06 1.2406E-04 1.9497E-04 3.9081E-05 5.3150E-05 0
 0 1.8214E-05 4.6471E-05 7.9546E-05 3.1208E-04 3.8909E-04 3.4082E-04 5.2873E-05 0.0000E+00 3.2943E-06 0.0000E+00 0.0000E+00 0.0000E+00 2.3355E-04 7.8631E-05 2.6630E-04 0.0000E+00 1.6974E-04 6.1315E-05 0.0000E+00 1.5018E-04 1.3230E-04 3.7733E-05 6.1636E-05 0
 0 1.5938E-05 4.4972E-05 6.2019E-05 2.7892E-04 4.0377E-04 3.3796E-04 2.4881E-05 0.0000E+00 3.2943E-06 0.0000E+00 0.0000E+00 4.3137E-06 2.9894E-04 1.8183E-04 2.9645E-04 0.0000E+00 1.2980E-04 4.7165E-06 8.2055E-06 1.4038E-04 1.8336E-04 3.3690E-05 7.4141E-05 0
 0 1.1612E-05 4.8719E-05 3.7751E-05 2.5161E-04 4.5761E-04 3.0359E-04 0.0000E+00 0.0000E+00 3.2943E-06 1.0662E-05 0.0000E+00 8.6274E-06 2.4289E-04 6.3887E-05 3.3162E-04 0.0000E+00 1.8472E-04 1.8866E-05 4.1028E-06 1.4365E-04 1.8569E-04 4.4471E-05 6.0296E-05 0
 0 1.1384E-05 5.9962E-05 7.5501E-05 3.2573E-04 4.4293E-04 3.2650E-04 1.2441E-05 0.0000E+00 0.0000E+00 3.5540E-06 0.0000E+00 0.0000E+00 3.3164E-04 1.2777E-04 4.0196E-04 0.0000E+00 1.7973E-04 1.8866E-05 0.0000E+00 1.3712E-04 1.0445E-04 2.8300E-05 6.0742E-05 0
 0 1.2750E-05 5.6215E-05 6.6063E-05 2.9842E-04 4.5271E-04 2.7495E-04 1.8661E-05 0.0000E+00 3.2943E-06 7.1080E-06 0.0000E+00 0.0000E+00 2.1953E-04 1.7200E-04 2.3615E-04 0.0000E+00 2.8457E-04 3.7732E-05 0.0000E+00 1.7956E-04 1.7408E-04 2.6952E-05 6.0742E-05 0
 0 1.2750E-05 6.2960E-05 5.7974E-05 2.0285E-04 4.1356E-04 3.4655E-04 9.3306E-06 0.0000E+00 0.0000E+00 0.0000E+00 0.0000E+00 0.0000E+00 1.9151E-04 7.3716E-05 2.4620E-04 0.0000E+00 1.8472E-04 3.7732E-05 0.0000E+00 1.3712E-04 1.3926E-04 3.3690E-05 6.3422E-05 0
 0 1.4571E-05 6.0712E-05 6.0671E-05 2.6722E-04 3.6951E-04 2.9500E-04 1.8661E-05 0.0000E+00 0.0000E+00 0.0000E+00 0.0000E+00 0.0000E+00 2.3822E-04 7.8631E-05 3.4167E-04 0.0000E+00 1.9970E-04 1.8866E-05 8.2055E-06 1.2406E-04 1.6480E-04 2.8300E-05 5.1810E-05 0
 0 1.2750E-05 4.9469E-05 7.5501E-05 2.6527E-04 4.0867E-04 3.3223E-04 2.1771E-05 0.0000E+00 3.2943E-06 0.0000E+00 3.9168E-06 1.7255E-05 3.4565E-04 9.8288E-05 3.9694E-04 0.0000E+00 1.8971E-04 4.7165E-06 0.0000E+00 1.4038E-04 1.5551E-04 3.7733E-05 7.2802E-05 0
 0 1.6848E-05 4.8719E-05 7.0108E-05 3.0428E-04 4.1111E-04 2.6636E-04 1.8661E-05 0.0000E+00 0.0000E+00 1.4216E-05 0.0000E+00 8.6274E-06 2.6624E-04 7.8631E-05 3.3162E-04 0.0000E+00 2.0469E-04 2.8299E-05 2.8719E-05 1.1426E-04 1.5551E-04 2.4257E-05 6.2529E-05 0
 0 1.2522E-05 5.2467E-05 5.6626E-05 2.7307E-04 4.2090E-04 2.6063E-04 1.2441E-05 0.0000E+00 0.0000E+00 7.1080E-06 3.9168E-06 4.3137E-06 1.8684E-04 9.3374E-05 2.7133E-04 0.0000E+00 1.3979E-04 9.4331E-06 0.0000E+00 1.5344E-04 1.2302E-04 4.3124E-05 4.9577E-05 0
 0 1.4571E-05 4.3473E-05 6.4715E-05 3.5304E-04 3.6462E-04 3.2650E-04 9.3306E-06 0.0000E+00 3.2943E-06 0.0000E+00 0.0000E+00 0.0000E+00 3.0361E-04 5.4059E-05 3.0650E-04 0.0000E+00 1.1483E-04 1.4150E-05 0.0000E+00 1.3385E-04 1.5783E-04 2.9648E-05 5.6723E-05 0
 0 1.6848E-05 4.7970E-05 6.8760E-05 3.5499E-04 4.4048E-04 3.2364E-04 9.3306E-06 6.3968E-06 0.0000E+00 3.5540E-06 0.0000E+00 0.0000E+00 2.1019E-04 1.3760E-04 2.4620E-04 0.0000E+00 1.7474E-04 5.6598E-05 0.0000E+00 1.5997E-04 1.3230E-04 3.7733E-05 6.5209E-05 0
 0 1.4571E-05 5.1717E-05 7.0108E-05 2.9062E-04 4.5027E-04 2.9500E-04 6.2204E-06 0.0000E+00 0.0000E+00 7.1080E-06 0.0000E+00 4.3137E-06 3.0361E-04 1.7200E-04 2.6630E-04 0.0000E+00 1.7474E-04 9.4331E-06 0.0000E+00 1.2406E-04 1.1141E-04 4.0429E-05 5.7616E-05 0
 0 1.3888E-05 4.6471E-05 6.4715E-05 2.5941E-04 4.1845E-04 3.1218E-04 1.2441E-05 0.0000E+00 1.3177E-05 0.0000E+00 7.8336E-06 0.0000E+00 2.2888E-04 9.3374E-05 2.5625E-04 0.0000E+00 1.1982E-04 1.8866E-05 0.0000E+00 1.3059E-04 1.3694E-04 3.2343E-05 5.8956E-05 0
 0 9.3348E-06 5.3966E-05 7.0108E-05 3.1793E-04 4.4293E-04 3.2078E-04 9.3306E-06 0.0000E+00 0.0000E+00 0.0000E+00 0.0000E+00 8.6274E-06 2.1953E-04 8.3545E-05 1.7083E-04 0.0000E+00 1.9471E-04 4.7165E-06 4.1028E-06 1.0121E-04 1.1141E-04 3.9081E-05 5.1810E-05 0
 0 1.4116E-05 4.6471E-05 6.8760E-05 2.9257E-04 3.8664E-04 2.5777E-04 0.0000E+00 0.0000E+00 0.0000E+00 3.5540E-06 0.0000E+00 0.0000E+00 2.0085E-04 7.8631E-05 2.4620E-04 0.0000E+00 7.4887E-05 1.4150E-05 0.0000E+00 1.1753E-04 1.4158E-04 1.7519E-05 5.2703E-05 0
 0 1.1839E-05 5.7714E-05 5.7974E-05 2.6332E-04 4.6005E-04 2.8068E-04 3.1102E-05 3.1984E-06 3.2943E-06 0.0000E+00 0.0000E+00 4.3137E-06 2.1953E-04 1.4252E-04 2.1103E-04 0.0000E+00 1.7973E-04 9.4331E-06 0.0000E+00 1.1100E-04 1.1141E-04 2.2910E-05 6.0296E-05 0
 0 1.5482E-05 5.3216E-05 7.1456E-05 2.4186E-04 3.9398E-04 2.5777E-04 9.3306E-06 3.1984E-06 0.0000E+00 3.5540E-06 0.0000E+00 0.0000E+00 2.7091E-04 1.5235E-04 2.8640E-04 0.0000E+00 1.9471E-04 2.3583E-05 4.1028E-06 1.1426E-04 1.3462E-04 4.9862E-05 6.7442E-05 0
 0 1.3433E-05 4.8719E-05 7.8198E-05 2.4186E-04 3.9398E-04 2.8641E-04 2.4881E-05 0.0000E+00 0.0000E+00 2.1324E-05 0.0000E+00 4.3137E-06 2.1486E-04 5.8973E-05 2.0601E-04 0.0000E+00 1.7474E-04 1.4150E-05 4.1028E-06 9.7941E-05 1.3926E-04 4.8514E-05 6.2529E-05 0
 0 1.6165E-05 4.0474E-05 7.0108E-05 3.0818E-04 3.6217E-04 3.1505E-04 6.2204E-06 0.0000E+00 0.0000E+00 1.0662E-05 0.0000E+00 0.0000E+00 1.8684E-04 3.9315E-05 3.3162E-04 0.0000E+00 1.2980E-04 2.3583E-05 0.0000E+00 7.1824E-05 1.9033E-04 2.9648E-05 5.5383E-05 0
 0 1.5027E-05 4.7970E-05 6.6063E-05 2.9452E-04 3.7685E-04 2.6922E-04 9.3306E-06 3.1984E-06 0.0000E+00 3.5540E-06 0.0000E+00 0.0000E+00 2.1019E-04 6.8802E-05 2.2108E-04 0.0000E+00 1.1982E-04 2.3583E-05 0.0000E+00 1.1426E-04 1.4158E-04 4.9862E-05 6.2082E-05 0
 0 1.5027E-05 4.4972E-05 6.4715E-05 3.2183E-04 4.3069E-04 3.9811E-04 2.1771E-05 0.0000E+00 3.2943E-06 3.5540E-06 0.0000E+00 0.0000E+00 2.2888E-04 8.8460E-05 3.0147E-04 0.0000E+00 1.7474E-04 1.4150E-05 4.1028E-06 1.2079E-04 1.0909E-04 2.8300E-05 5.8509E-05 0
 0 1.5710E-05 3.2979E-05 5.6626E-05 2.3211E-04 4.0132E-04 2.5490E-04 6.2204E-06 3.1984E-06 3.2943E-06 3.5540E-06 0.0000E+00 0.0000E+00 2.0085E-04 9.3374E-05 2.3615E-04 0.0000E+00 1.5477E-04 2.3583E-05 0.0000E+00 9.7941E-05 1.5319E-04 3.6386E-05 5.4490E-05 0
 0 1.0018E-05 3.6727E-05 3.9099E-05 2.6527E-04 4.1845E-04 3.0359E-04 6.2204E-06 0.0000E+00 1.6472E-05 0.0000E+00 0.0000E+00 0.0000E+00 2.2888E-04 5.4059E-05 2.0098E-04 0.0000E+00 1.9471E-04 2.3583E-05 0.0000E+00 1.2406E-04 1.6015E-04 2.8300E-05 5.0916E-05 0
 0 1.1384E-05 4.2723E-05 8.2242E-05 2.4966E-04 3.1568E-04 2.9500E-04 3.1102E-05 0.0000E+00 0.0000E+00 0.0000E+00 3.9168E-06 4.3137E-06 1.4947E-04 7.3716E-05 1.7083E-04 0.0000E+00 1.4478E-04 1.8866E-05 0.0000E+00 9.4677E-05 1.2070E-04 2.5605E-05 5.0023E-05 0
 0 1.2978E-05 4.9469E-05 7.6849E-05 2.8867E-04 3.4015E-04 2.4058E-04 9.3306E-06 0.0000E+00 0.0000E+00 3.5540E-06 0.0000E+00 8.6274E-06 2.2888E-04 4.4230E-05 2.9142E-04 0.0000E+00 1.5477E-04 4.7165E-06 8.2055E-06 8.8147E-05 1.6015E-04 5.5252E-05 5.8509E-05 0
 0 1.6621E-05 3.8226E-05 4.7188E-05 2.3601E-04 4.2090E-04 3.0646E-04 6.2204E-06 0.0000E+00 9.8829E-06 3.5540E-06 0.0000E+00 0.0000E+00 1.4947E-04 9.3374E-05 2.8640E-04 0.0000E+00 1.5477E-04 9.4331E-06 4.1028E-06 1.4365E-04 1.1141E-04 5.3905E-05 5.7169E-05 0
 0 1.2978E-05 5.0218E-05 7.1456E-05 2.6722E-04 3.7196E-04 3.0073E-04 1.5551E-05 0.0000E+00 1.3177E-05 3.5540E-06 0.0000E+00 0.0000E+00 1.9151E-04 8.8460E-05 2.8137E-04 0.0000E+00 1.8971E-04 1.4150E-05 8.2055E-06 1.9262E-04 1.6480E-04 2.2910E-05 5.6723E-05 0
 0 1.3433E-05 4.2723E-05 6.3367E-05 2.6917E-04 3.5238E-04 3.0073E-04 3.1102E-06 0.0000E+00 0.0000E+00 0.0000E+00 0.0000E+00 0.0000E+00 2.0552E-04 3.9315E-05 2.4620E-04 0.0000E+00 1.3979E-04 4.7165E-06 0.0000E+00 1.1753E-04 1.2534E-04 2.2910E-05 5.5829E-05 0
 0 1.4344E-05 2.3985E-05 5.9322E-05 2.9062E-04 3.5238E-04 2.7495E-04 2.1771E-05 0.0000E+00 0.0000E+00 0.0000E+00 0.0000E+00 0.0000E+00 2.4756E-04 8.3545E-05 2.1606E-04 0.0000E+00 7.9879E-05 4.7165E-06 8.2055E-06 8.4882E-05 1.1373E-04 3.9081E-05 5.4490E-05 0
 0 1.2295E-05 3.4478E-05 5.2581E-05 2.7892E-04 3.4994E-04 2.7782E-04 3.7322E-05 0.0000E+00 0.0000E+00 0.0000E+00 0.0000E+00 0.0000E+00 1.9151E-04 7.3716E-05 1.4069E-04 0.0000E+00 1.2980E-04 1.8866E-05 0.0000E+00 1.0447E-04 1.2766E-04 3.2343E-05 5.4936E-05 0
 0 1.4571E-05 2.7733E-05 5.6626E-05 2.4966E-04 3.9888E-04 2.8354E-04 9.3306E-06 0.0000E+00 6.5886E-06 0.0000E+00 0.0000E+00 4.3137E-06 2.1019E-04 6.3887E-05 2.5625E-04 0.0000E+00 1.4977E-04 1.4150E-05 0.0000E+00 1.2406E-04 1.2766E-04 1.7519E-05 5.6276E-05 0
 0 1.5482E-05 4.4222E-05 3.9099E-05 3.0428E-04 3.7685E-04 3.0073E-04 0.0000E+00 0.0000E+00 0.0000E+00 3.5540E-06 0.0000E+00 0.0000E+00 1.1677E-04 7.3716E-05 2.2610E-04 0.0000E+00 7.4887E-05 9.4331E-06 0.0000E+00 9.7941E-05 1.3462E-04 3.3690E-05 5.7169E-05 0
 0 1.2978E-05 4.3473E-05 4.8536E-05 2.5941E-04 4.3314E-04 2.6349E-04 9.3306E-06 3.1984E-06 0.0000E+00 0.0000E+00 0.0000E+00 0.0000E+00 2.8493E-04 6.3887E-05 2.2610E-04 0.0000E+00 1.0484E-04 2.8299E-05 0.0000E+00 8.1618E-05 1.1373E-04 2.6952E-05 5.6276E-05 0
 0 1.5027E-05 5.8463E-05 6.7412E-05 2.3601E-04 3.7685E-04 2.6922E-04 2.7992E-05 0.0000E+00 6.5886E-06 0.0000E+00 0.0000E+00 0.0000E+00 2.1019E-04 6.8802E-05 1.8591E-04 0.0000E+00 1.1483E-04 2.3583E-05 0.0000E+00 1.0774E-04 1.9265E-04 3.0995E-05 5.0470E-05 0
 0 1.4116E-05 4.4972E-05 7.4153E-05 2.5356E-04 3.9154E-04 2.4631E-04 1.5551E-05 0.0000E+00 3.2943E-06 7.1080E-06 0.0000E+00 0.0000E+00 1.9618E-04 8.3545E-05 1.5576E-04 0.0000E+00 1.0983E-04 0.0000E+00 0.0000E+00 1.0774E-04 1.1837E-04 4.1776E-05 5.9402E-05 0
 0 1.0246E-05 4.4972E-05 3.7751E-05 2.5161E-04 3.5972E-04 2.2053E-04 2.1771E-05 0.0000E+00 6.5886E-06 0.0000E+00 0.0000E+00 4.3137E-06 1.9151E-04 4.9144E-05 2.1606E-04 0.0000E+00 2.0968E-04 2.3583E-05 0.0000E+00 1.2406E-04 1.1605E-04 9.4333E-06 5.5829E-05 0
 0 1.0473E-05 5.0218E-05 5.9322E-05 2.6722E-04 2.6429E-04 2.9500E-04 6.2204E-06 0.0000E+00 0.0000E+00 7.1080E-06 0.0000E+00 1.2941E-05 2.7558E-04 2.9487E-05 2.5123E-04 0.0000E+00 1.8472E-04 0.0000E+00 0.0000E+00 1.0447E-04 1.5319E-04 3.7733E-05 6.2529E-05 0
 0 1.0929E-05 4.2723E-05 6.4715E-05 2.3016E-04 4.0377E-04 3.1505E-04 0.0000E+00 0.0000E+00 9.8829E-06 0.0000E+00 0.0000E+00 4.3137E-06 1.4947E-04 4.9144E-05 2.2610E-04 0.0000E+00 1.3480E-04 4.7165E-06 0.0000E+00 1.0121E-04 1.2302E-04 4.3124E-05 5.6276E-05 0
 0 1.1156E-05 4.1224E-05 6.8760E-05 2.5941E-04 3.4749E-04 3.0073E-04 0.0000E+00 0.0000E+00 0.0000E+00 0.0000E+00 0.0000E+00 0.0000E+00 1.4947E-04 4.4230E-05 1.4069E-04 0.0000E+00 1.3480E-04 9.4331E-06 0.0000E+00 9.7941E-05 1.5319E-04 3.3690E-05 5.2256E-05 0
 0 1.2295E-05 4.1974E-05 6.2019E-05 2.5941E-04 3.7685E-04 2.9214E-04 1.5551E-05 0.0000E+00 0.0000E+00 1.0662E-05 0.0000E+00 4.3137E-06 1.8217E-04 3.4401E-05 3.2157E-04 0.0000E+00 1.1483E-04 2.8299E-05 0.0000E+00 1.4038E-04 1.0445E-04 2.9648E-05 5.4936E-05 0
 0 1.2978E-05 4.9469E-05 6.6063E-05 2.2236E-04 3.9154E-04 2.4631E-04 9.3306E-06 0.0000E+00 0.0000E+00 3.5540E-06 0.0000E+00 0.0000E+00 2.3355E-04 9.3374E-05 2.1606E-04 0.0000E+00 7.9879E-05 4.7165E-06 0.0000E+00 9.7941E-05 1.1605E-04 1.8867E-05 5.2256E-05 0
 0 1.2295E-05 4.3473E-05 5.5278E-05 2.4966E-04 3.5483E-04 2.5490E-04 2.4881E-05 0.0000E+00 0.0000E+00 3.5540E-06 0.0000E+00 4.3137E-06 1.6348E-04 4.4230E-05 2.5625E-04 0.0000E+00 3.9940E-05 2.8299E-05 0.0000E+00 8.4882E-05 1.2070E-04 3.6386E-05 5.0023E-05 0
 0 1.0246E-05 5.8463E-05 6.2019E-05 3.2183E-04 3.5483E-04 2.6063E-04 1.5551E-05 0.0000E+00 1.3177E-05 1.4216E-05 0.0000E+00 4.3137E-06 1.5414E-04 5.8973E-05 1.9596E-04 0.0000E+00 1.4478E-04 1.4150E-05 0.0000E+00 8.4882E-05 1.2998E-04 3.3690E-05 5.3596E-05 0
 0 1.4571E-05 5.3966E-05 6.3367E-05 2.5356E-04 2.7408E-04 1.5752E-04 6.2204E-06 0.0000E+00 0.0000E+00 3.5540E-06 0.0000E+00 0.0000E+00 1.7282E-04 5.8973E-05 2.5625E-04 0.0000E+00 1.0484E-04 9.4331E-06 4.1028E-06 1.5344E-04 1.2766E-04 3.5038E-05 4.2430E-05 0
 0 9.7902E-06 4.6471E-05 5.7974E-05 2.5356E-04 3.6217E-04 2.1194E-04 1.2441E-05 0.0000E+00 0.0000E+00 0.0000E+00 0.0000E+00 0.0000E+00 1.5881E-04 4.4230E-05 2.5123E-04 0.0000E+00 1.3979E-04 4.7165E-06 0.0000E+00 7.8353E-05 8.3558E-05 2.8300E-05 6.0296E-05 0
 0 1.4116E-05 4.2723E-05 6.2019E-05 2.5356E-04 3.8664E-04 2.7209E-04 9.3306E-06 3.1984E-06 3.2943E-06 1.4216E-05 0.0000E+00 0.0000E+00 1.6348E-04 6.3887E-05 1.9596E-04 0.0000E+00 1.4478E-04 2.8299E-05 0.0000E+00 1.0447E-04 1.0445E-04 2.8300E-05 4.6897E-05 0
 0 1.2295E-05 4.5721E-05 7.5501E-05 2.3991E-04 3.9154E-04 2.9500E-04 6.2204E-06 1.5992E-05 0.0000E+00 0.0000E+00 0.0000E+00 0.0000E+00 1.2144E-04 6.8802E-05 2.0098E-04 0.0000E+00 1.2481E-04 1.4150E-05 8.2055E-06 6.5294E-05 1.4623E-04 2.2910E-05 5.0023E-05 0
 0 9.3348E-06 3.7476E-05 6.2019E-05 2.4966E-04 3.6217E-04 2.0049E-04 3.1102E-06 3.1984E-06 0.0000E+00 0.0000E+00 0.0000E+00 0.0000E+00 2.0552E-04 5.4059E-05 2.0601E-04 0.0000E+00 1.4478E-04 1.4150E-05 0.0000E+00 1.2079E-04 1.5551E-04 2.5605E-05 5.4490E-05 0
 0 1.3661E-05 5.6215E-05 4.0447E-05 2.5941E-04 3.5972E-04 2.0621E-04 0.0000E+00 0.0000E+00 0.0000E+00 0.0000E+00 0.0000E+00 0.0000E+00 1.1210E-04 5.8973E-05 1.3566E-04 0.0000E+00 1.4977E-04 3.7732E-05 8.2055E-06 1.1100E-04 9.0522E-05 2.8300E-05 5.1810E-05 0
 0 1.0018E-05 3.9725E-05 4.5840E-05 2.1455E-04 3.0099E-04 2.1194E-04 1.2441E-05 0.0000E+00 0.0000E+00 0.0000E+00 0.0000E+00 8.6274E-06 1.6348E-04 9.3374E-05 1.8591E-04 0.0000E+00 1.1483E-04 3.3016E-05 4.1028E-06 9.1412E-05 1.5783E-04 2.2910E-05 5.8509E-05 0
 0 1.3433E-05 5.5465E-05 6.2019E-05 2.8282E-04 3.1568E-04 2.0335E-04 1.8661E-05 6.3968E-06 6.5886E-06 3.5540E-06 0.0000E+00 0.0000E+00 1.0276E-04 4.9144E-05 2.3113E-04 0.0000E+00 1.0983E-04 4.7165E-05 0.0000E+00 1.2079E-04 9.7485E-05 4.3124E-05 4.5110E-05 0
 0 1.4571E-05 4.4222E-05 6.4715E-05 2.2821E-04 3.1812E-04 2.8354E-04 6.2204E-06 3.1984E-06 0.0000E+00 0.0000E+00 0.0000E+00 0.0000E+00 1.6815E-04 3.4401E-05 2.1103E-04 0.0000E+00 8.9864E-05 4.7165E-06 0.0000E+00 1.1426E-04 1.3230E-04 2.9648E-05 5.0916E-05 0
 0 9.3348E-06 4.1224E-05 7.1456E-05 1.9115E-04 3.2791E-04 2.5490E-04 9.3306E-06 0.0000E+00 0.0000E+00 0.0000E+00 0.0000E+00 0.0000E+00 1.7750E-04 2.9487E-05 2.0098E-04 0.0000E+00 4.9924E-05 2.3583E-05 0.0000E+00 8.8147E-05 9.7485E-05 2.8300E-05 5.3150E-05 0
 0 1.6165E-05 4.3473E-05 3.2358E-05 2.7502E-04 3.5483E-04 2.0908E-04 0.0000E+00 0.0000E+00 0.0000E+00 0.0000E+00 0.0000E+00 0.0000E+00 1.8684E-04 7.8631E-05 2.5123E-04 0.0000E+00 7.9879E-05 2.3583E-05 0.0000E+00 1.1753E-04 1.3230E-04 3.2343E-05 5.8956E-05 0
 0 1.0473E-05 4.2723E-05 6.6063E-05 2.2041E-04 3.0344E-04 2.3199E-04 9.3306E-06 0.0000E+00 3.2943E-06 0.0000E+00 0.0000E+00 0.0000E+00 1.7750E-04 3.4401E-05 2.1103E-04 0.0000E+00 1.1982E-04 2.8299E-05 0.0000E+00 1.1753E-04 1.3462E-04 3.0995E-05 5.3150E-05 0
 0 1.3661E-05 3.8226E-05 5.9322E-05 2.1455E-04 3.6951E-04 2.2053E-04 9.3306E-06 0.0000E+00 6.5886E-06 3.5540E-06 0.0000E+00 0.0000E+00 1.4947E-04 6.8802E-05 1.2561E-04 0.0000E+00 1.0484E-04 9.4331E-06 0.0000E+00 8.4882E-05 1.3926E-04 3.2343E-05 5.9402E-05 0
 0 1.0473E-05 5.0218E-05 3.7751E-05 2.0870E-04 3.0833E-04 2.3199E-04 9.3306E-06 0.0000E+00 3.2943E-06 0.0000E+00 0.0000E+00 4.3137E-06 2.0085E-04 3.9315E-05 1.4571E-04 0.0000E+00 1.2980E-04 9.4331E-06 0.0000E+00 1.0774E-04 1.1373E-04 3.2343E-05 4.6897E-05 0
 0 1.1156E-05 5.9962E-05 5.3929E-05 2.5161E-04 3.4749E-04 1.7184E-04 9.3306E-06 0.0000E+00 6.5886E-06 0.0000E+00 0.0000E+00 0.0000E+00 2.0552E-04 6.8802E-05 1.7586E-04 0.0000E+00 8.4872E-05 4.7165E-06 0.0000E+00 1.1753E-04 1.4391E-04 2.9648E-05 5.3150E-05 0
 0 1.0018E-05 4.1974E-05 5.2581E-05 1.8140E-04 3.3525E-04 2.1767E-04 1.2441E-05 3.1984E-06 3.2943E-06 0.0000E+00 0.0000E+00 0.0000E+00 1.3546E-04 5.8973E-05 1.3566E-04 0.0000E+00 8.4872E-05 4.7165E-06 0.0000E+00 1.1426E-04 7.8916E-05 2.8300E-05 5.3150E-05 0
 0 9.1072E-06 3.5977E-05 4.1795E-05 2.4381E-04 3.6707E-04 2.1481E-04 9.3306E-06 0.0000E+00 0.0000E+00 0.0000E+00 0.0000E+00 0.0000E+00 1.6815E-04 7.8631E-05 1.8088E-04 0.0000E+00 1.0983E-04 0.0000E+00 0.0000E+00 4.5706E-05 1.3230E-04 4.5819E-05 5.5829E-05 0
 0 1.3205E-05 3.9725E-05 6.6063E-05 2.3991E-04 2.9120E-04 2.2626E-04 2.1771E-05 0.0000E+00 0.0000E+00 0.0000E+00 0.0000E+00 0.0000E+00 1.5414E-04 9.3374E-05 2.3615E-04 0.0000E+00 1.1483E-04 4.7165E-06 0.0000E+00 6.8559E-05 1.2302E-04 2.6952E-05 4.6003E-05 0
 0 1.0246E-05 3.5228E-05 5.2581E-05 2.5356E-04 3.0344E-04 1.6039E-04 9.3306E-06 0.0000E+00 0.0000E+00 0.0000E+00 0.0000E+00 0.0000E+00 1.7282E-04 1.4743E-05 1.4069E-04 0.0000E+00 1.0983E-04 1.4150E-05 0.0000E+00 7.5088E-05 1.2302E-04 3.9081E-05 5.6276E-05 0
 0 1.0018E-05 4.1974E-05 5.6626E-05 1.9505E-04 3.3036E-04 2.2340E-04 2.1771E-05 0.0000E+00 0.0000E+00 0.0000E+00 0.0000E+00 0.0000E+00 1.4480E-04 4.9144E-05 1.8088E-04 0.0000E+00 1.1483E-04 4.7165E-06 0.0000E+00 9.1412E-05 1.1837E-04 2.5605E-05 5.6723E-05 0
 0 8.6518E-06 3.4478E-05 6.0671E-05 1.6969E-04 3.6462E-04 3.1505E-04 0.0000E+00 9.5953E-06 0.0000E+00 0.0000E+00 0.0000E+00 0.0000E+00 1.2144E-04 3.4401E-05 1.4571E-04 0.0000E+00 3.4947E-05 9.4331E-06 0.0000E+00 1.0121E-04 9.0522E-05 2.4257E-05 6.5209E-05 0
 0 1.1156E-05 4.4222E-05 4.5840E-05 2.1845E-04 3.3281E-04 2.3199E-04 9.3306E-06 0.0000E+00 3.2943E-06 0.0000E+00 0.0000E+00 0.0000E+00 1.7750E-04 7.8631E-05 1.4069E-04 0.0000E+00 3.9940E-05 9.4331E-06 0.0000E+00 6.8559E-05 1.0909E-04 2.1562E-05 4.1984E-05 0
 0 1.2750E-05 4.4972E-05 4.7188E-05 2.2431E-04 3.7685E-04 2.4917E-04 9.3306E-06 0.0000E+00 0.0000E+00 7.1080E-06 0.0000E+00 0.0000E+00 1.5414E-04 8.8460E-05 1.5074E-04 0.0000E+00 9.9849E-05 0.0000E+00 0.0000E+00 6.5294E-05 1.4391E-04 3.0995E-05 5.4490E-05 0
 0 1.0246E-05 4.7970E-05 4.8536E-05 2.5941E-04 3.1568E-04 1.6325E-04 3.1102E-06 0.0000E+00 6.5886E-06 3.5540E-06 0.0000E+00 0.0000E+00 1.1210E-04 4.4230E-05 1.5576E-04 0.0000E+00 8.4872E-05 9.4331E-06 0.0000E+00 6.8559E-05 1.1605E-04 2.4257E-05 5.0916E-05 0
 0 1.1839E-05 4.7220E-05 5.9322E-05 1.8335E-04 2.9365E-04 1.9476E-04 6.2204E-06 0.0000E+00 0.0000E+00 0.0000E+00 0.0000E+00 4.3137E-06 1.6348E-04 2.9487E-05 2.2108E-04 0.0000E+00 6.9894E-05 0.0000E+00 0.0000E+00 1.0774E-04 1.0909E-04 2.1562E-05 6.0742E-05 0
 0 1.4344E-05 4.1974E-05 4.8536E-05 2.2626E-04 3.2791E-04 2.3485E-04 3.1102E-06 0.0000E+00 6.5886E-06 0.0000E+00 0.0000E+00 0.0000E+00 1.2611E-04 2.9487E-05 1.6581E-04 0.0000E+00 6.4902E-05 2.8299E-05 0.0000E+00 9.1412E-05 1.1373E-04 3.2343E-05 4.9130E-05 0
 0 1.0018E-05 3.8226E-05 5.9322E-05 2.5551E-04 3.5238E-04 2.2053E-04 9.3306E-06 0.0000E+00 0.0000E+00 0.0000E+00 0.0000E+00 0.0000E+00 1.3079E-04 3.9315E-05 1.0049E-04 0.0000E+00 6.9894E-05 1.8866E-05 0.0000E+00 1.5997E-04 9.5164E-05 2.6952E-05 4.9577E-05 0
 0 1.1839E-05 5.5465E-05 3.3706E-05 2.4186E-04 3.3036E-04 2.3772E-04 1.8661E-05 0.0000E+00 0.0000E+00 0.0000E+00 0.0000E+00 0.0000E+00 1.1677E-04 4.4230E-05 9.0442E-05 0.0000E+00 4.4932E-05 4.7165E-06 4.1028E-06 1.0121E-04 1.1837E-04 1.8867E-05 5.8509E-05 0
 0 1.1839E-05 4.0474E-05 5.5278E-05 2.1260E-04 3.5238E-04 1.7471E-04 3.1102E-06 0.0000E+00 0.0000E+00 0.0000E+00 0.0000E+00 0.0000E+00 1.3079E-04 4.4230E-05 1.9093E-04 0.0000E+00 9.4857E-05 1.4150E-05 4.1028E-06 9.1412E-05 9.9806E-05 2.5605E-05 6.0742E-05 0
 0 1.0246E-05 4.8719E-05 4.1795E-05 2.4576E-04 3.0589E-04 3.1218E-04 3.1102E-06 0.0000E+00 0.0000E+00 0.0000E+00 0.0000E+00 0.0000E+00 1.2611E-04 1.9658E-05 1.1556E-04 0.0000E+00 1.2481E-04 0.0000E+00 0.0000E+00 8.1618E-05 9.7485E-05 2.2910E-05 4.7343E-05 0
 0 1.3205E-05 4.3473E-05 4.9885E-05 2.3991E-04 3.5238E-04 2.0335E-04 1.5551E-05 0.0000E+00 0.0000E+00 0.0000E+00 0.0000E+00 0.0000E+00 1.4013E-04 9.8288E-06 1.1054E-04 0.0000E+00 1.0983E-04 0.0000E+00 0.0000E+00 6.8559E-05 1.2070E-04 3.3690E-05 5.6723E-05 0
 0 1.0473E-05 3.6727E-05 4.0447E-05 2.4186E-04 3.1568E-04 2.3199E-04 0.0000E+00 0.0000E+00 0.0000E+00 0.0000E+00 0.0000E+00 0.0000E+00 1.2144E-04 5.4059E-05 1.1054E-04 0.0000E+00 6.4902E-05 9.4331E-06 0.0000E+00 7.8353E-05 1.2998E-04 3.6386E-05 5.8509E-05 0
 0 1.3888E-05 5.4715E-05 6.6063E-05 2.3016E-04 3.2302E-04 2.1194E-04 0.0000E+00 0.0000E+00 0.0000E+00 0.0000E+00 0.0000E+00 0.0000E+00 1.7750E-04 5.4059E-05 1.0049E-04 0.0000E+00 8.9864E-05 0.0000E+00 0.0000E+00 7.5088E-05 1.1373E-04 2.0214E-05 4.1537E-05 0
 0 1.0018E-05 4.6471E-05 5.7974E-05 2.0480E-04 3.2546E-04 2.2626E-04 1.5551E-05 0.0000E+00 0.0000E+00 0.0000E+00 0.0000E+00 0.0000E+00 1.8684E-04 9.8288E-06 1.4571E-04 0.0000E+00 7.9879E-05 1.4150E-05 0.0000E+00 9.4677E-05 1.0677E-04 2.0214E-05 5.0916E-05 0
 0 9.3348E-06 4.4972E-05 4.5840E-05 1.7749E-04 2.2269E-04 2.4917E-04 9.3306E-06 0.0000E+00 0.0000E+00 0.0000E+00 0.0000E+00 0.0000E+00 1.4480E-04 5.8973E-05 1.0049E-04 0.0000E+00 4.4932E-05 4.7165E-06 0.0000E+00 7.5088E-05 9.9806E-05 3.6386E-05 4.8237E-05 0
 0 1.2067E-05 4.1974E-05 5.9322E-05 1.8140E-04 3.3770E-04 1.7184E-04 3.1102E-06 3.1984E-06 0.0000E+00 0.0000E+00 0.0000E+00 0.0000E+00 1.6348E-04 5.8973E-05 2.1103E-04 0.0000E+00 9.4857E-05 0.0000E+00 0.0000E+00 7.1824E-05 1.2998E-04 3.9081E-05 4.9130E-05 0
 0 1.0018E-05 3.7476E-05 4.5840E-05 2.5356E-04 2.9365E-04 1.8044E-04 3.1102E-06 0.0000E+00 0.0000E+00 0.0000E+00 0.0000E+00 0.0000E+00 1.5414E-04 2.9487E-05 1.4571E-04 0.0000E+00 7.9879E-05 1.8866E-05 1.2308E-05 1.1426E-04 1.1837E-04 3.9081E-05 5.4936E-05 0
 0 1.0473E-05 2.6983E-05 4.8536E-05 2.4771E-04 3.2057E-04 1.5752E-04 2.7992E-05 3.1984E-06 0.0000E+00 0.0000E+00 0.0000E+00 0.0000E+00 1.2611E-04 6.3887E-05 1.2059E-04 0.0000E+00 5.9909E-05 1.4150E-05 0.0000E+00 8.1618E-05 9.5164E-05 3.3690E-05 5.6276E-05 0
 0 1.2750E-05 3.8975E-05 3.9099E-05 2.7112E-04 2.2513E-04 2.4058E-04 0.0000E+00 0.0000E+00 0.0000E+00 0.0000E+00 0.0000E+00 0.0000E+00 1.0743E-04 2.9487E-05 1.4571E-04 0.0000E+00 9.4857E-05 0.0000E+00 0.0000E+00 1.0447E-04 1.2302E-04 2.5605E-05 5.5383E-05 0
 0 1.0929E-05 4.6471E-05 5.6626E-05 1.9700E-04 2.3982E-04 1.8044E-04 0.0000E+00 0.0000E+00 0.0000E+00 0.0000E+00 0.0000E+00 0.0000E+00 7.0064E-05 2.4572E-05 8.5417E-05 0.0000E+00 3.9940E-05 0.0000E+00 0.0000E+00 7.8353E-05 1.0909E-04 2.2910E-05 4.7343E-05 0
 0 1.2067E-05 4.4222E-05 3.3706E-05 1.8725E-04 2.4960E-04 1.8616E-04 1.5551E-05 3.1984E-06 0.0000E+00 0.0000E+00 0.0000E+00 0.0000E+00 1.0743E-04 2.9487E-05 2.0601E-04 0.0000E+00 8.9864E-05 1.4150E-05 0.0000E+00 8.1618E-05 9.9806E-05 3.2343E-05 5.3150E-05 0
 0 1.0018E-05 4.1974E-05 4.3144E-05 1.8725E-04 3.2546E-04 2.0908E-04 0.0000E+00 0.0000E+00 0.0000E+00 0.0000E+00 0.0000E+00 0.0000E+00 1.3079E-04 3.9315E-05 1.1556E-04 0.0000E+00 7.4887E-05 9.4331E-06 0.0000E+00 9.1412E-05 1.2302E-04 2.9648E-05 5.4490E-05 0
 0 1.2067E-05 4.7970E-05 6.0671E-05 2.1650E-04 2.5205E-04 1.9189E-04 3.1102E-06 0.0000E+00 0.0000E+00 0.0000E+00 0.0000E+00 8.6274E-06 1.1677E-04 2.9487E-05 1.3566E-04 0.0000E+00 7.4887E-05 4.7165E-06 0.0000E+00 7.5088E-05 1.0213E-04 3.7733E-05 5.0023E-05 0
 0 1.1612E-05 3.8226E-05 3.3706E-05 2.6722E-04 2.8631E-04 1.6898E-04 6.2204E-06 0.0000E+00 0.0000E+00 7.1080E-06 0.0000E+00 0.0000E+00 1.0743E-04 3.4401E-05 9.5466E-05 0.0000E+00 7.9879E-05 4.7165E-06 8.2055E-06 8.1618E-05 9.0522E-05 2.1562E-05 5.4936E-05 0
 0 1.0701E-05 3.7476E-05 4.0447E-05 2.1650E-04 1.8353E-04 2.0049E-04 6.2204E-06 0.0000E+00 0.0000E+00 0.0000E+00 0.0000E+00 0.0000E+00 9.8089E-05 4.9144E-05 1.3566E-04 0.0000E+00 8.9864E-05 1.4150E-05 0.0000E+00 5.5500E-05 9.2843E-05 2.5605E-05 4.4664E-05 0
 0 1.1156E-05 4.4222E-05 3.2358E-05 2.1065E-04 2.7897E-04 2.3199E-04 9.3306E-06 3.1984E-06 0.0000E+00 7.1080E-06 0.0000E+00 0.0000E+00 9.3418E-05 4.9144E-06 1.5074E-04 0.0000E+00 6.9894E-05 9.4331E-06 0.0000E+00 7.8353E-05 1.0909E-04 1.7519E-05 4.2877E-05 0
 0 1.4571E-05 4.7220E-05 4.1795E-05 2.1845E-04 2.3003E-04 2.0908E-04 3.1102E-06 0.0000E+00 0.0000E+00 0.0000E+00 0.0000E+00 0.0000E+00 1.0276E-04 1.4743E-05 8.5417E-05 0.0000E+00 5.4917E-05 0.0000E+00 0.0000E+00 1.0121E-04 8.3558E-05 2.9648E-05 5.2703E-05 0
 0 8.8795E-06 4.0474E-05 4.4492E-05 2.1650E-04 2.7163E-04 1.8330E-04 6.2204E-06 0.0000E+00 0.0000E+00 7.1080E-06 0.0000E+00 0.0000E+00 1.2144E-04 7.3716E-05 1.1556E-04 0.0000E+00 5.4917E-05 1.8866E-05 0.0000E+00 7.1824E-05 1.3462E-04 1.7519E-05 4.9130E-05 0
 0 1.0246E-05 2.9232E-05 3.3706E-05 2.0675E-04 2.5939E-04 1.8903E-04 0.0000E+00 0.0000E+00 0.0000E+00 0.0000E+00 0.0000E+00 0.0000E+00 1.5881E-04 3.4401E-05 1.8088E-04 0.0000E+00 6.9894E-05 0.0000E+00 0.0000E+00 5.8765E-05 1.0677E-04 4.3124E-05 5.1810E-05 0
 0 1.1612E-05 3.7476E-05 2.6965E-05 2.0285E-04 2.3982E-04 1.2888E-04 6.2204E-06 0.0000E+00 0.0000E+00 3.5540E-06 0.0000E+00 0.0000E+00 1.0743E-04 2.9487E-05 1.7586E-04 0.0000E+00 7.9879E-05 9.4331E-06 0.0000E+00 7.8353E-05 8.5879E-05 3.6386E-05 4.2877E-05 0
 0 8.6518E-06 3.8226E-05 3.2358E-05 2.2626E-04 2.4471E-04 2.2626E-04 0.0000E+00 0.0000E+00 0.0000E+00 0.0000E+00 0.0000E+00 0.0000E+00 5.6051E-05 3.4401E-05 1.5576E-04 0.0000E+00 6.4902E-05 0.0000E+00 0.0000E+00 7.5088E-05 9.7485E-05 3.9081E-05 4.4217E-05 0
 0 1.0018E-05 3.9725E-05 5.5278E-05 1.9115E-04 2.8386E-04 1.9476E-04 3.1102E-06 0.0000E+00 3.2943E-06 0.0000E+00 0.0000E+00 0.0000E+00 1.3079E-04 9.8288E-06 1.7586E-04 0.0000E+00 1.0484E-04 9.4331E-06 0.0000E+00 5.5500E-05 9.2843E-05 2.4257E-05 5.0470E-05 0
 0 9.7902E-06 3.8226E-05 4.5840E-05 1.8920E-04 2.7897E-04 2.1767E-04 6.2204E-06 0.0000E+00 3.2943E-06 0.0000E+00 0.0000E+00 0.0000E+00 8.8748E-05 2.9487E-05 1.1556E-04 0.0000E+00 7.4887E-05 4.7165E-06 0.0000E+00 8.1618E-05 8.1237E-05 2.9648E-05 4.4217E-05 0
 0 1.0929E-05 4.4222E-05 3.6402E-05 1.9310E-04 2.3003E-04 1.6612E-04 6.2204E-06 0.0000E+00 0.0000E+00 0.0000E+00 0.0000E+00 0.0000E+00 1.0276E-04 2.4572E-05 9.0442E-05 0.0000E+00 6.4902E-05 2.8299E-05 0.0000E+00 4.2441E-05 6.9632E-05 3.3690E-05 4.7343E-05 0
 0 1.0473E-05 3.5977E-05 4.4492E-05 1.8530E-04 3.0344E-04 1.8330E-04 3.1102E-06 6.3968E-06 0.0000E+00 0.0000E+00 0.0000E+00 0.0000E+00 1.2611E-04 9.8288E-06 6.5319E-05 0.0000E+00 4.9924E-05 1.4150E-05 0.0000E+00 5.2235E-05 9.0522E-05 2.9648E-05 5.1810E-05 0
 0 8.4241E-06 2.9232E-05 2.8313E-05 2.1065E-04 2.3737E-04 2.4631E-04 1.5551E-05 0.0000E+00 0.0000E+00 0.0000E+00 0.0000E+00 0.0000E+00 1.3079E-04 3.9315E-05 1.1054E-04 0.0000E+00 1.0983E-04 4.7165E-06 0.0000E+00 7.8353E-05 7.4274E-05 3.9081E-05 4.2430E-05 0
 0 1.0246E-05 4.3473E-05 5.6626E-05 1.7359E-04 2.7408E-04 1.7184E-04 3.1102E-06 3.1984E-06 0.0000E+00 1.4216E-05 0.0000E+00 0.0000E+00 4.6709E-05 1.9658E-05 1.3566E-04 0.0000E+00 2.9955E-05 0.0000E+00 0.0000E+00 8.8147E-05 6.9632E-05 2.6952E-05 3.5731E-05 0
 0 9.1072E-06 3.1480E-05 3.5054E-05 1.5994E-04 2.3492E-04 1.6325E-04 1.2441E-05 0.0000E+00 6.5886E-06 0.0000E+00 0.0000E+00 0.0000E+00 9.8089E-05 9.8288E-06 1.0049E-04 0.0000E+00 4.9924E-05 4.7165E-06 0.0000E+00 9.1412E-05 9.0522E-05 1.8867E-05 4.1090E-05 0
 0 1.1384E-05 3.0731E-05 5.6626E-05 2.2626E-04 2.2758E-04 1.4607E-04 3.1102E-06 0.0000E+00 0.0000E+00 0.0000E+00 0.0000E+00 0.0000E+00 9.3418E-05 2.9487E-05 1.6079E-04 0.0000E+00 9.4857E-05 0.0000E+00 0.0000E+00 8.1618E-05 9.0522E-05 1.7519E-05 4.1090E-05 0
 0 9.5625E-06 4.4222E-05 4.9885E-05 1.8920E-04 2.5695E-04 1.6325E-04 3.1102E-06 0.0000E+00 0.0000E+00 3.5540E-06 0.0000E+00 0.0000E+00 7.4735E-05 0.0000E+00 1.4571E-04 0.0000E+00 2.4962E-05 4.7165E-06 0.0000E+00 6.5294E-05 9.9806E-05 2.8300E-05 5.7616E-05 0
 0 1.5254E-05 5.6215E-05 2.9661E-05 2.3406E-04 2.8631E-04 1.8903E-04 6.2204E-06 0.0000E+00 0.0000E+00 0.0000E+00 0.0000E+00 0.0000E+00 6.5393E-05 1.4743E-05 1.2561E-04 0.0000E+00 8.9864E-05 4.7165E-06 0.0000E+00 4.5706E-05 1.0213E-04 2.8300E-05 4.1984E-05 0
 0 1.0929E-05 4.2723E-05 2.6965E-05 1.7944E-04 2.6184E-04 2.1194E-04 9.3306E-06 0.0000E+00 0.0000E+00 0.0000E+00 0.0000E+00 4.3137E-06 1.4013E-04 3.9315E-05 1.5074E-04 0.0000E+00 2.4962E-05 1.8866E-05 0.0000E+00 1.2079E-04 9.7485E-05 2.6952E-05 5.3150E-05 0
 0 1.0473E-05 2.6983E-05 4.5840E-05 1.6189E-04 2.6429E-04 1.7471E-04 6.2204E-06 0.0000E+00 3.2943E-06 0.0000E+00 0.0000E+00 0.0000E+00 1.0276E-04 2.4572E-05 7.0344E-05 0.0000E+00 7.4887E-05 0.0000E+00 0.0000E+00 6.5294E-05 8.5879E-05 3.0995E-05 4.0644E-05 0
 0 1.1384E-05 5.6215E-05 3.6402E-05 2.0285E-04 2.6429E-04 1.4893E-04 9.3306E-06 0.0000E+00 0.0000E+00 0.0000E+00 0.0000E+00 0.0000E+00 4.6709E-05 3.9315E-05 1.3064E-04 0.0000E+00 6.4902E-05 0.0000E+00 0.0000E+00 5.8765E-05 7.8916E-05 2.5605E-05 3.6177E-05 0
 0 1.1384E-05 4.4222E-05 6.4715E-05 1.7164E-04 2.6673E-04 1.6898E-04 0.0000E+00 0.0000E+00 0.0000E+00 0.0000E+00 0.0000E+00 0.0000E+00 1.4480E-04 9.8288E-06 8.5417E-05 0.0000E+00 3.4947E-05 0.0000E+00 0.0000E+00 1.0121E-04 1.2070E-04 2.0214E-05 4.5557E-05 0
 0 1.0929E-05 4.6471E-05 4.3144E-05 1.7749E-04 2.7897E-04 1.5180E-04 3.1102E-06 0.0000E+00 9.8829E-06 0.0000E+00 0.0000E+00 0.0000E+00 1.3546E-04 3.4401E-05 8.0393E-05 0.0000E+00 3.4947E-05 4.7165E-06 0.0000E+00 4.5706E-05 7.8916E-05 2.9648E-05 4.7343E-05 0
 0 7.5134E-06 3.5228E-05 3.9099E-05 2.2041E-04 2.8142E-04 1.7757E-04 0.0000E+00 0.0000E+00 0.0000E+00 0.0000E+00 0.0000E+00 0.0000E+00 6.5393E-05 1.9658E-05 9.5466E-05 0.0000E+00 8.9864E-05 0.0000E+00 0.0000E+00 2.9382E-05 6.4990E-05 2.0214E-05 5.6723E-05 0
 0 8.8795E-06 4.3473E-05 4.4492E-05 1.6384E-04 2.3982E-04 1.4034E-04 3.1102E-06 0.0000E+00 0.0000E+00 0.0000E+00 0.0000E+00 0.0000E+00 1.4480E-04 2.9487E-05 1.8088E-04 0.0000E+00 4.9924E-05 9.4331E-06 0.0000E+00 7.5088E-05 8.5879E-05 2.1562E-05 4.1984E-05 0
 0 9.5625E-06 3.8975E-05 4.3144E-05 1.8140E-04 2.9365E-04 1.4607E-04 2.1771E-05 0.0000E+00 0.0000E+00 0.0000E+00 0.0000E+00 4.3137E-06 1.1210E-04 9.8288E-06 9.5466E-05 0.0000E+00 3.9940E-05 9.4331E-06 0.0000E+00 4.2441E-05 1.0445E-04 4.0429E-05 5.5829E-05 0
 0 1.0701E-05 3.2979E-05 4.0447E-05 1.8140E-04 2.3003E-04 1.8330E-04 0.0000E+00 0.0000E+00 0.0000E+00 0.0000E+00 0.0000E+00 2.1569E-05 8.4077E-05 4.9144E-06 1.0552E-04 0.0000E+00 7.4887E-05 4.7165E-06 0.0000E+00 4.8971E-05 1.0213E-04 3.3690E-05 4.0644E-05 0
 0 8.4241E-06 3.7476E-05 3.3706E-05 1.9310E-04 2.3492E-04 1.0024E-04 0.0000E+00 3.1984E-06 0.0000E+00 0.0000E+00 0.0000E+00 0.0000E+00 1.1210E-04 1.9658E-05 1.2059E-04 0.0000E+00 6.4902E-05 4.7165E-06 0.0000E+00 6.2030E-05 6.0348E-05 4.1776E-05 5.0470E-05 0
 0 1.0246E-05 4.6471E-05 3.1009E-05 1.6969E-04 2.4226E-04 1.7184E-04 0.0000E+00 0.0000E+00 0.0000E+00 0.0000E+00 0.0000E+00 0.0000E+00 1.3079E-04 0.0000E+00 1.0049E-04 0.0000E+00 6.9894E-05 3.3016E-05 0.0000E+00 4.2441E-05 8.3558E-05 3.2343E-05 4.0197E-05 0
 0 9.1072E-06 4.1974E-05 3.2358E-05 1.7944E-04 2.5939E-04 1.6039E-04 0.0000E+00 0.0000E+00 6.5886E-06 0.0000E+00 0.0000E+00 0.0000E+00 1.0743E-04 3.9315E-05 1.0552E-04 0.0000E+00 3.9940E-05 0.0000E+00 0.0000E+00 4.2441E-05 9.7485E-05 3.5038E-05 4.8683E-05 0
 0 7.5134E-06 4.7220E-05 3.7751E-05 1.8725E-04 2.5939E-04 1.5180E-04 1.2441E-05 0.0000E+00 0.0000E+00 0.0000E+00 0.0000E+00 0.0000E+00 9.8089E-05 1.9658E-05 1.0049E-04 0.0000E+00 3.4947E-05 0.0000E+00 0.0000E+00 3.9177E-05 7.6595E-05 1.6171E-05 5.0470E-05 0
 0 1.2522E-05 3.4478E-05 3.6402E-05 1.6774E-04 1.9332E-04 1.0311E-04 6.2204E-06 0.0000E+00 0.0000E+00 0.0000E+00 0.0000E+00 0.0000E+00 7.4735E-05 9.8288E-06 1.0049E-04 0.0000E+00 1.4977E-05 0.0000E+00 0.0000E+00 2.2853E-05 1.1141E-04 2.0214E-05 4.1537E-05 0
 0 1.0018E-05 2.9232E-05 4.8536E-05 1.6774E-04 2.7897E-04 1.4034E-04 3.1102E-06 0.0000E+00 0.0000E+00 0.0000E+00 0.0000E+00 0.0000E+00 8.4077E-05 1.9658E-05 8.0393E-05 0.0000E+00 4.4932E-05 1.4150E-05 0.0000E+00 4.5706E-05 9.2843E-05 2.9648E-05 3.3498E-05 0
 0 9.7902E-06 3.6727E-05 3.7751E-05 1.5799E-04 1.9822E-04 1.3748E-04 9.3306E-06 0.0000E+00 0.0000E+00 0.0000E+00 0.0000E+00 0.0000E+00 9.8089E-05 2.9487E-05 8.0393E-05 0.0000E+00 3.9940E-05 4.7165E-06 0.0000E+00 3.2647E-05 9.0522E-05 2.8300E-05 4.3324E-05 0
 0 1.0701E-05 3.8975E-05 3.7751E-05 1.5994E-04 2.9855E-04 1.4034E-04 3.1102E-06 0.0000E+00 0.0000E+00 0.0000E+00 0.0000E+00 0.0000E+00 6.0722E-05 0.0000E+00 2.0601E-04 0.0000E+00 1.4977E-05 4.7165E-06 0.0000E+00 8.1618E-05 6.0348E-05 3.3690E-05 4.8237E-05 0
 0 1.1156E-05 3.4478E-05 3.1009E-05 1.9505E-04 2.8386E-04 1.5466E-04 0.0000E+00 0.0000E+00 0.0000E+00 0.0000E+00 0.0000E+00 0.0000E+00 7.9406E-05 2.4572E-05 7.5368E-05 0.0000E+00 3.9940E-05 9.4331E-06 0.0000E+00 2.6118E-05 1.0445E-04 1.7519E-05 5.1363E-05 0
 0 1.0018E-05 3.8975E-05 3.7751E-05 1.9310E-04 2.5205E-04 1.8044E-04 3.1102E-06 0.0000E+00 0.0000E+00 0.0000E+00 0.0000E+00 0.0000E+00 7.9406E-05 1.9658E-05 9.5466E-05 0.0000E+00 5.9909E-05 0.0000E+00 0.0000E+00 4.2441E-05 1.1837E-04 2.1562E-05 4.1090E-05 0
 0 1.4571E-05 3.2230E-05 3.7751E-05 1.9895E-04 2.0066E-04 1.4320E-04 0.0000E+00 0.0000E+00 0.0000E+00 0.0000E+00 0.0000E+00 0.0000E+00 6.0722E-05 4.9144E-06 1.1054E-04 0.0000E+00 5.9909E-05 1.4150E-05 0.0000E+00 5.5500E-05 6.2669E-05 2.9648E-05 4.3770E-05 0
 0 1.0929E-05 4.1974E-05 4.7188E-05 1.5409E-04 1.9822E-04 1.2888E-04 9.3306E-06 0.0000E+00 0.0000E+00 0.0000E+00 0.0000E+00 0.0000E+00 1.1677E-04 0.0000E+00 1.1054E-04 0.0000E+00 7.4887E-05 9.4331E-06 0.0000E+00 5.5500E-05 8.5879E-05 2.6952E-05 5.3150E-05 0
 0 4.5536E-06 2.9981E-05 2.6965E-05 1.3458E-04 2.6673E-04 1.5752E-04 6.2204E-06 0.0000E+00 0.0000E+00 0.0000E+00 0.0000E+00 0.0000E+00 1.2611E-04 1.9658E-05 7.0344E-05 0.0000E+00 7.9879E-05 0.0000E+00 0.0000E+00 8.4882E-05 1.2534E-04 1.2129E-05 4.3770E-05 0
 0 1.0018E-05 2.9232E-05 4.5840E-05 1.5409E-04 2.3737E-04 1.4320E-04 6.2204E-06 0.0000E+00 0.0000E+00 0.0000E+00 0.0000E+00 0.0000E+00 6.5393E-05 4.9144E-06 7.5368E-05 0.0000E+00 4.4932E-05 4.7165E-06 4.1028E-06 7.8353E-05 9.7485E-05 2.1562E-05 4.4217E-05 0
 0 1.0701E-05 3.1480E-05 3.2358E-05 1.6774E-04 2.2024E-04 1.1170E-04 3.1102E-06 0.0000E+00 0.0000E+00 0.0000E+00 0.0000E+00 0.0000E+00 8.8748E-05 1.4743E-05 1.2059E-04 0.0000E+00 4.9924E-05 9.4331E-06 0.0000E+00 4.8971E-05 1.3230E-04 3.3690E-05 4.9577E-05 0
 0 1.0246E-05 3.4478E-05 4.7188E-05 1.9895E-04 1.9332E-04 9.4514E-05 3.1102E-06 0.0000E+00 0.0000E+00 0.0000E+00 0.0000E+00 0.0000E+00 6.5393E-05 9.8288E-06 1.2561E-04 0.0000E+00 2.9955E-05 4.7165E-06 0.0000E+00 8.8147E-05 1.0677E-04 2.4257E-05 5.0470E-05 0
 0 8.4241E-06 5.1717E-05 3.7751E-05 2.0090E-04 2.0556E-04 1.4893E-04 0.0000E+00 3.1984E-06 0.0000E+00 0.0000E+00 0.0000E+00 0.0000E+00 7.0064E-05 9.8288E-06 1.0552E-04 0.0000E+00 2.9955E-05 0.0000E+00 0.0000E+00 4.5706E-05 9.2843E-05 2.2910E-05 4.5110E-05 0
 0 1.0018E-05 3.1480E-05 3.7751E-05 1.6969E-04 2.4960E-04 1.2602E-04 3.1102E-06 0.0000E+00 0.0000E+00 0.0000E+00 0.0000E+00 0.0000E+00 8.8748E-05 2.4572E-05 6.0295E-05 0.0000E+00 5.9909E-05 4.7165E-06 0.0000E+00 6.2030E-05 1.1837E-04 3.2343E-05 4.9577E-05 0
 0 1.0473E-05 2.4734E-05 4.4492E-05 1.6969E-04 2.3247E-04 1.6039E-04 0.0000E+00 0.0000E+00 0.0000E+00 0.0000E+00 0.0000E+00 0.0000E+00 7.9406E-05 2.4572E-05 1.1054E-04 0.0000E+00 7.9879E-05 0.0000E+00 0.0000E+00 3.9177E-05 9.2843E-05 3.6386E-05 4.3770E-05 0
 0 8.6518E-06 3.7476E-05 4.1795E-05 2.1650E-04 2.4716E-04 1.2888E-04 0.0000E+00 0.0000E+00 3.2943E-06 0.0000E+00 0.0000E+00 0.0000E+00 1.0743E-04 1.9658E-05 1.0049E-04 0.0000E+00 1.9970E-05 9.4331E-06 0.0000E+00 4.5706E-05 7.1953E-05 2.0214E-05 4.9130E-05 0
 0 7.0580E-06 4.7970E-05 3.6402E-05 2.1845E-04 1.5661E-04 1.6039E-04 0.0000E+00 0.0000E+00 0.0000E+00 0.0000E+00 0.0000E+00 0.0000E+00 8.4077E-05 4.4230E-05 1.5576E-04 0.0000E+00 6.4902E-05 9.4331E-06 0.0000E+00 5.2235E-05 1.1373E-04 4.3124E-05 4.8683E-05 0
 0 1.0473E-05 3.2979E-05 5.6626E-05 1.3848E-04 2.1045E-04 1.5180E-04 0.0000E+00 0.0000E+00 0.0000E+00 0.0000E+00 0.0000E+00 4.3137E-06 5.1380E-05 3.4401E-05 8.5417E-05 0.0000E+00 2.9955E-05 9.4331E-06 0.0000E+00 6.2030E-05 8.5879E-05 2.5605E-05 4.5110E-05 0
 0 7.5134E-06 3.4478E-05 4.7188E-05 1.7359E-04 2.2513E-04 1.2029E-04 9.3306E-06 0.0000E+00 0.0000E+00 0.0000E+00 0.0000E+00 0.0000E+00 7.4735E-05 2.4572E-05 7.0344E-05 0.0000E+00 9.9849E-06 4.7165E-06 4.1028E-06 5.2235E-05 1.0213E-04 4.5819E-05 5.2256E-05 0
 0 1.1384E-05 4.1974E-05 3.7751E-05 1.6579E-04 2.1045E-04 1.3748E-04 0.0000E+00 0.0000E+00 0.0000E+00 0.0000E+00 0.0000E+00 0.0000E+00 7.0064E-05 1.4743E-05 8.5417E-05 0.0000E+00 3.9940E-05 4.7165E-06 0.0000E+00 3.2647E-05 6.9632E-05 2.2910E-05 4.1090E-05 0
 0 8.1964E-06 3.5977E-05 3.1009E-05 2.2041E-04 2.6673E-04 1.4034E-04 0.0000E+00 0.0000E+00 0.0000E+00 0.0000E+00 0.0000E+00 0.0000E+00 6.5393E-05 1.9658E-05 1.1054E-04 0.0000E+00 3.9940E-05 4.7165E-06 4.1028E-06 2.9382E-05 5.3384E-05 1.4824E-05 4.3770E-05 0
 0 1.0018E-05 5.2467E-05 3.2358E-05 1.8530E-04 1.8598E-04 1.6612E-04 1.5551E-05 0.0000E+00 0.0000E+00 0.0000E+00 0.0000E+00 0.0000E+00 6.0722E-05 0.0000E+00 5.5270E-05 0.0000E+00 6.4902E-05 4.7165E-06 0.0000E+00 7.5088E-05 8.3558E-05 2.0214E-05 5.1363E-05 0
 0 1.1156E-05 4.4222E-05 4.3144E-05 1.9895E-04 2.3982E-04 1.4607E-04 6.2204E-06 0.0000E+00 0.0000E+00 0.0000E+00 0.0000E+00 0.0000E+00 4.6709E-05 9.8288E-06 2.5123E-05 0.0000E+00 1.9970E-05 0.0000E+00 0.0000E+00 5.8765E-05 7.8916E-05 2.1562E-05 5.1363E-05 0
 0 9.5625E-06 3.0731E-05 4.9885E-05 2.1260E-04 2.1534E-04 1.2602E-04 3.1102E-06 0.0000E+00 0.0000E+00 0.0000E+00 0.0000E+00 0.0000E+00 4.2038E-05 1.4743E-05 9.5466E-05 0.0000E+00 6.9894E-05 9.4331E-06 0.0000E+00 6.8559E-05 8.8200E-05 2.5605E-05 4.2877E-05 0
 0 9.7902E-06 4.1974E-05 2.6965E-05 1.4239E-04 2.3492E-04 1.4607E-04 0.0000E+00 0.0000E+00 0.0000E+00 0.0000E+00 0.0000E+00 0.0000E+00 6.5393E-05 9.8288E-06 8.0393E-05 0.0000E+00 5.4917E-05 4.7165E-06 0.0000E+00 3.2647E-05 8.8200E-05 3.5038E-05 5.0470E-05 0
 0 1.0701E-05 3.8226E-05 2.0224E-05 1.6189E-04 2.4226E-04 1.2029E-04 0.0000E+00 0.0000E+00 0.0000E+00 0.0000E+00 0.0000E+00 0.0000E+00 9.3418E-05 4.9144E-06 7.0344E-05 0.0000E+00 3.9940E-05 0.0000E+00 0.0000E+00 3.2647E-05 7.1953E-05 2.4257E-05 4.4217E-05 0
 0 8.4241E-06 2.8482E-05 4.0447E-05 1.8725E-04 1.8353E-04 1.3175E-04 6.2204E-06 0.0000E+00 0.0000E+00 0.0000E+00 0.0000E+00 0.0000E+00 8.8748E-05 0.0000E+00 1.1556E-04 0.0000E+00 3.9940E-05 0.0000E+00 0.0000E+00 2.9382E-05 7.4274E-05 3.6386E-05 4.0644E-05 0
 0 9.3348E-06 2.3985E-05 2.8313E-05 1.6189E-04 2.6429E-04 1.2316E-04 0.0000E+00 0.0000E+00 0.0000E+00 0.0000E+00 0.0000E+00 0.0000E+00 8.4077E-05 4.9144E-06 8.5417E-05 0.0000E+00 3.4947E-05 0.0000E+00 0.0000E+00 6.2030E-05 9.0522E-05 2.8300E-05 5.2256E-05 0
 0 7.5134E-06 3.2230E-05 4.5840E-05 2.2626E-04 2.2513E-04 1.2316E-04 6.2204E-06 0.0000E+00 0.0000E+00 0.0000E+00 0.0000E+00 0.0000E+00 6.5393E-05 1.9658E-05 3.0147E-05 0.0000E+00 6.4902E-05 4.7165E-06 0.0000E+00 5.8765E-05 8.5879E-05 2.6952E-05 5.6723E-05 0
 0 9.5625E-06 4.0474E-05 3.2358E-05 1.5799E-04 2.4471E-04 1.3461E-04 0.0000E+00 0.0000E+00 0.0000E+00 0.0000E+00 0.0000E+00 0.0000E+00 7.9406E-05 4.9144E-06 6.5319E-05 0.0000E+00 6.4902E-05 4.7165E-06 0.0000E+00 4.2441E-05 9.0522E-05 2.4257E-05 5.1363E-05 0
 0 7.9688E-06 3.8226E-05 3.3706E-05 1.9310E-04 2.2024E-04 1.0883E-04 0.0000E+00 0.0000E+00 0.0000E+00 0.0000E+00 0.0000E+00 0.0000E+00 4.6709E-05 0.0000E+00 5.0246E-05 0.0000E+00 2.9955E-05 0.0000E+00 0.0000E+00 2.2853E-05 6.2669E-05 2.4257E-05 4.3324E-05 0
 0 9.5625E-06 3.4478E-05 3.2358E-05 1.8920E-04 2.6673E-04 1.2888E-04 9.3306E-06 0.0000E+00 0.0000E+00 0.0000E+00 0.0000E+00 0.0000E+00 4.2038E-05 9.8288E-06 8.5417E-05 0.0000E+00 6.9894E-05 0.0000E+00 0.0000E+00 4.2441E-05 8.8200E-05 2.9648E-05 5.0470E-05 0
 0 9.7902E-06 2.3235E-05 4.0447E-05 1.7749E-04 1.8353E-04 1.0883E-04 3.1102E-06 0.0000E+00 0.0000E+00 0.0000E+00 0.0000E+00 0.0000E+00 4.2038E-05 1.9658E-05 9.0442E-05 0.0000E+00 1.9970E-05 0.0000E+00 0.0000E+00 5.5500E-05 8.8200E-05 2.1562E-05 4.7343E-05 0
 0 7.7411E-06 2.7733E-05 3.3706E-05 1.7944E-04 1.8109E-04 1.0597E-04 6.2204E-06 0.0000E+00 0.0000E+00 0.0000E+00 0.0000E+00 0.0000E+00 1.0276E-04 9.8288E-06 6.5319E-05 0.0000E+00 4.4932E-05 4.7165E-06 0.0000E+00 3.5912E-05 6.9632E-05 2.1562E-05 4.9130E-05 0
 0 9.3348E-06 3.7476E-05 3.6402E-05 1.7944E-04 1.9577E-04 1.2602E-04 3.1102E-06 0.0000E+00 3.2943E-06 0.0000E+00 0.0000E+00 0.0000E+00 8.4077E-05 1.4743E-05 9.0442E-05 0.0000E+00 3.9940E-05 0.0000E+00 0.0000E+00 6.8559E-05 1.2302E-04 1.6171E-05 4.9130E-05 0
 0 7.0580E-06 2.4734E-05 2.9661E-05 1.7164E-04 1.7374E-04 1.2316E-04 0.0000E+00 0.0000E+00 0.0000E+00 0.0000E+00 0.0000E+00 0.0000E+00 7.0064E-05 2.4572E-05 9.0442E-05 0.0000E+00 1.9970E-05 0.0000E+00 0.0000E+00 4.2441E-05 6.9632E-05 3.6386E-05 3.9751E-05 0
 0 7.5134E-06 5.0218E-05 2.2920E-05 1.8530E-04 1.8353E-04 1.4893E-04 3.1102E-06 0.0000E+00 0.0000E+00 0.0000E+00 0.0000E+00 0.0000E+00 6.0722E-05 1.9658E-05 6.0295E-05 0.0000E+00 4.9924E-05 0.0000E+00 0.0000E+00 5.5500E-05 5.8027E-05 2.5605E-05 4.7343E-05 0
 0 1.0246E-05 3.0731E-05 2.0224E-05 1.4629E-04 1.9577E-04 1.2029E-04 1.2441E-05 0.0000E+00 0.0000E+00 0.0000E+00 0.0000E+00 0.0000E+00 8.4077E-05 1.4743E-05 5.5270E-05 0.0000E+00 1.4977E-05 9.4331E-06 0.0000E+00 5.5500E-05 7.1953E-05 2.6952E-05 3.8857E-05 0
 0 8.6518E-06 3.2230E-05 3.2358E-05 1.4044E-04 1.7864E-04 1.0883E-04 0.0000E+00 0.0000E+00 0.0000E+00 0.0000E+00 0.0000E+00 0.0000E+00 6.0722E-05 4.9144E-06 3.0147E-05 0.0000E+00 2.9955E-05 9.4331E-06 0.0000E+00 4.5706E-05 8.8200E-05 2.1562E-05 4.5110E-05 0
 0 1.2978E-05 4.7220E-05 2.5616E-05 1.2483E-04 2.0066E-04 1.0024E-04 0.0000E+00 0.0000E+00 0.0000E+00 0.0000E+00 0.0000E+00 0.0000E+00 8.4077E-05 2.4572E-05 5.0246E-05 0.0000E+00 3.4947E-05 0.0000E+00 0.0000E+00 5.2235E-05 8.8200E-05 3.0995E-05 4.4664E-05 0
 0 8.8795E-06 4.1224E-05 4.7188E-05 1.6969E-04 2.0800E-04 1.1456E-04 3.1102E-06 0.0000E+00 0.0000E+00 0.0000E+00 0.0000E+00 0.0000E+00 5.6051E-05 4.9144E-06 7.0344E-05 0.0000E+00 3.9940E-05 0.0000E+00 0.0000E+00 1.0774E-04 8.1237E-05 1.4824E-05 4.9130E-05 0
 0 1.0018E-05 3.2230E-05 2.6965E-05 1.5994E-04 2.2513E-04 1.3461E-04 0.0000E+00 0.0000E+00 0.0000E+00 0.0000E+00 0.0000E+00 0.0000E+00 1.0276E-04 1.4743E-05 3.0147E-05 0.0000E+00 2.9955E-05 0.0000E+00 0.0000E+00 4.5706E-05 7.8916E-05 3.0995E-05 3.8411E-05 0
 0 1.1156E-05 2.2486E-05 4.0447E-05 1.7359E-04 1.8598E-04 1.3461E-04 0.0000E+00 0.0000E+00 0.0000E+00 0.0000E+00 0.0000E+00 0.0000E+00 9.3418E-05 9.8288E-06 8.5417E-05 0.0000E+00 6.9894E-05 0.0000E+00 0.0000E+00 2.9382E-05 8.1237E-05 2.9648E-05 4.6003E-05 0
 0 8.1964E-06 4.7220E-05 1.6179E-05 1.6969E-04 1.9577E-04 1.6325E-04 0.0000E+00 0.0000E+00 0.0000E+00 0.0000E+00 0.0000E+00 0.0000E+00 6.5393E-05 1.4743E-05 8.5417E-05 0.0000E+00 4.4932E-05 0.0000E+00 0.0000E+00 3.2647E-05 7.1953E-05 1.6171E-05 4.2877E-05 0
 0 1.0246E-05 3.0731E-05 4.0447E-05 1.3458E-04 2.1779E-04 7.7330E-05 0.0000E+00 0.0000E+00 0.0000E+00 0.0000E+00 0.0000E+00 0.0000E+00 5.1380E-05 0.0000E+00 4.5221E-05 0.0000E+00 1.9970E-05 0.0000E+00 0.0000E+00 5.2235E-05 9.5164E-05 1.4824E-05 4.6003E-05 0
 0 8.6518E-06 2.8482E-05 3.2358E-05 1.4824E-04 2.1290E-04 8.8786E-05 3.1102E-06 0.0000E+00 0.0000E+00 0.0000E+00 0.0000E+00 0.0000E+00 3.7367E-05 4.9144E-06 9.0442E-05 0.0000E+00 4.9924E-05 0.0000E+00 0.0000E+00 5.2235E-05 4.6421E-05 1.4824E-05 4.6003E-05 0
 0 7.9688E-06 2.9981E-05 2.2920E-05 2.0480E-04 1.6151E-04 1.5466E-04 9.3306E-06 0.0000E+00 0.0000E+00 0.0000E+00 0.0000E+00 0.0000E+00 5.1380E-05 2.4572E-05 4.5221E-05 0.0000E+00 2.9955E-05 0.0000E+00 0.0000E+00 3.9177E-05 9.9806E-05 3.0995E-05 4.1090E-05 0
 0 1.0246E-05 3.5977E-05 3.5054E-05 1.2288E-04 2.2024E-04 8.8786E-05 0.0000E+00 0.0000E+00 0.0000E+00 0.0000E+00 0.0000E+00 0.0000E+00 3.7367E-05 4.9144E-06 8.0393E-05 0.0000E+00 4.4932E-05 0.0000E+00 0.0000E+00 3.5912E-05 7.4274E-05 9.4333E-06 3.8857E-05 0
 0 9.7902E-06 3.1480E-05 2.1572E-05 1.7749E-04 1.8598E-04 1.0883E-04 0.0000E+00 0.0000E+00 0.0000E+00 0.0000E+00 0.0000E+00 0.0000E+00 3.2696E-05 4.9144E-06 2.5123E-05 0.0000E+00 3.4947E-05 4.7165E-06 0.0000E+00 4.5706E-05 7.1953E-05 2.6952E-05 4.4217E-05 0
 0 1.1612E-05 3.8975E-05 4.5840E-05 1.6189E-04 2.0066E-04 1.1743E-04 3.1102E-06 0.0000E+00 0.0000E+00 0.0000E+00 0.0000E+00 0.0000E+00 5.1380E-05 9.8288E-06 1.1054E-04 0.0000E+00 4.4932E-05 0.0000E+00 0.0000E+00 3.9177E-05 1.0213E-04 2.5605E-05 3.7964E-05 0
 0 1.3433E-05 3.5977E-05 3.7751E-05 1.7164E-04 2.1290E-04 1.0597E-04 3.1102E-06 0.0000E+00 0.0000E+00 0.0000E+00 0.0000E+00 0.0000E+00 7.4735E-05 1.4743E-05 5.5270E-05 0.0000E+00 3.9940E-05 0.0000E+00 0.0000E+00 2.2853E-05 6.7311E-05 1.8867E-05 4.1537E-05 0
 0 9.5625E-06 3.2979E-05 3.1009E-05 1.4044E-04 1.7130E-04 1.0024E-04 3.1102E-06 0.0000E+00 0.0000E+00 0.0000E+00 0.0000E+00 0.0000E+00 4.2038E-05 1.4743E-05 6.5319E-05 0.0000E+00 2.4962E-05 9.4331E-06 0.0000E+00 8.8147E-05 6.2669E-05 4.3124E-05 5.1363E-05 0
 0 5.0089E-06 2.8482E-05 4.5840E-05 1.5799E-04 1.7130E-04 7.7330E-05 0.0000E+00 0.0000E+00 0.0000E+00 0.0000E+00 0.0000E+00 0.0000E+00 4.2038E-05 0.0000E+00 8.0393E-05 0.0000E+00 5.4917E-05 0.0000E+00 0.0000E+00 2.6118E-05 8.8200E-05 3.0995E-05 4.1090E-05 0
 0 1.0246E-05 2.4734E-05 2.1572E-05 1.5799E-04 2.3247E-04 1.6325E-04 6.2204E-06 0.0000E+00 0.0000E+00 0.0000E+00 0.0000E+00 0.0000E+00 5.1380E-05 1.4743E-05 6.5319E-05 0.0000E+00 1.4977E-05 0.0000E+00 0.0000E+00 3.2647E-05 8.3558E-05 1.7519E-05 4.8683E-05 0
 0 7.2857E-06 3.5228E-05 3.3706E-05 1.3458E-04 1.5661E-04 1.0883E-04 6.2204E-06 0.0000E+00 0.0000E+00 0.0000E+00 0.0000E+00 0.0000E+00 8.4077E-05 4.9144E-06 5.5270E-05 0.0000E+00 2.4962E-05 0.0000E+00 0.0000E+00 3.9177E-05 6.2669E-05 3.6386E-05 3.3944E-05 0
 0 9.3348E-06 3.0731E-05 3.5054E-05 1.7554E-04 2.1534E-04 1.0883E-04 0.0000E+00 0.0000E+00 0.0000E+00 0.0000E+00 0.0000E+00 0.0000E+00 3.7367E-05 3.4401E-05 8.0393E-05 0.0000E+00 3.4947E-05 4.7165E-06 0.0000E+00 3.9177E-05 6.4990E-05 1.7519E-05 4.1090E-05 0
 0 1.2522E-05 4.2723E-05 2.5616E-05 1.3653E-04 1.9822E-04 1.2888E-04 0.0000E+00 0.0000E+00 0.0000E+00 0.0000E+00 0.0000E+00 0.0000E+00 3.2696E-05 2.4572E-05 9.5466E-05 0.0000E+00 1.4977E-05 0.0000E+00 0.0000E+00 4.5706E-05 8.8200E-05 2.0214E-05 5.0916E-05 0
 0 1.0018E-05 1.4241E-05 2.5616E-05 1.6579E-04 2.0311E-04 1.1456E-04 6.2204E-06 0.0000E+00 0.0000E+00 0.0000E+00 0.0000E+00 4.3137E-06 5.6051E-05 1.9658E-05 7.0344E-05 0.0000E+00 1.9970E-05 0.0000E+00 0.0000E+00 3.9177E-05 5.1063E-05 3.2343E-05 4.8237E-05 0
 0 1.1156E-05 3.3729E-05 2.9661E-05 1.6969E-04 1.8843E-04 1.1456E-04 0.0000E+00 0.0000E+00 0.0000E+00 0.0000E+00 0.0000E+00 0.0000E+00 5.1380E-05 3.4401E-05 1.4571E-04 0.0000E+00 4.9924E-06 0.0000E+00 0.0000E+00 1.9588E-05 1.0445E-04 1.6171E-05 4.3770E-05 0
 0 8.4241E-06 3.5977E-05 4.5840E-05 1.3068E-04 1.9087E-04 1.0883E-04 9.3306E-06 0.0000E+00 0.0000E+00 0.0000E+00 0.0000E+00 0.0000E+00 3.7367E-05 9.8288E-06 1.0049E-04 0.0000E+00 3.9940E-05 0.0000E+00 0.0000E+00 4.5706E-05 6.7311E-05 2.0214E-05 3.8411E-05 0
 0 7.2857E-06 4.4222E-05 2.5616E-05 1.7749E-04 2.0556E-04 9.1650E-05 0.0000E+00 0.0000E+00 0.0000E+00 0.0000E+00 0.0000E+00 0.0000E+00 6.5393E-05 4.9144E-06 5.5270E-05 0.0000E+00 2.9955E-05 0.0000E+00 0.0000E+00 4.5706E-05 6.7311E-05 2.0214E-05 4.3324E-05 0
 0 6.3750E-06 3.8975E-05 3.3706E-05 1.4239E-04 1.8109E-04 1.0024E-04 0.0000E+00 0.0000E+00 0.0000E+00 0.0000E+00 0.0000E+00 0.0000E+00 1.0743E-04 9.8288E-06 4.0196E-05 0.0000E+00 1.4977E-05 0.0000E+00 0.0000E+00 3.9177E-05 5.8027E-05 1.7519E-05 4.6897E-05 0
 0 7.0580E-06 3.6727E-05 4.0447E-05 1.4434E-04 1.9332E-04 1.0597E-04 0.0000E+00 0.0000E+00 0.0000E+00 0.0000E+00 0.0000E+00 0.0000E+00 6.0722E-05 2.9487E-05 5.0246E-06 0.0000E+00 2.9955E-05 0.0000E+00 0.0000E+00 4.8971E-05 6.0348E-05 1.0781E-05 4.5557E-05 0
