 0 7.7680E-04 1.0917E-03 7.1247E-04 3.2863E-04 7.9401E-04 0.0000E+00 0.0000E+00 0.0000E+00 0.0000E+00 0.0000E+00 0.0000E+00 0.0000E+00 0.0000E+00 0.0000E+00 0.0000E+00 0.0000E+00 0.0000E+00 0.0000E+00 0.0000E+00 4.5533E-03 4.9967E-03 1.2817E-02 0.0000E+00 0
 0 8.9381E-04 1.3420E-03 4.5655E-04 1.2582E-04 3.1712E-04 0.0000E+00 0.0000E+00 0.0000E+00 0.0000E+00 0.0000E+00 0.0000E+00 0.0000E+00 0.0000E+00 0.0000E+00 0.0000E+00 0.0000E+00 0.0000E+00 0.0000E+00 0.0000E+00 1.6471E-03 4.0412E-03 1.2380E-02 0.0000E+00 0
 0 8.0750E-04 9.9089E-04 4.9899E-04 1.0892E-04 1.7914E-04 0.0000E+00 0.0000E+00 0.0000E+00 0.0000E+00 0.0000E+00 0.0000E+00 0.0000E+00 0.0000E+00 0.0000E+00 0.0000E+00 0.0000E+00 0.0000E+00 0.0000E+00 0.0000E+00 2.5213E-03 5.8132E-03 1.1089E-02 0.0000E+00 0
 0 7.8597E-04 1.4832E-03 4.5397E-04 0.0000E+00 3.8490E-04 0.0000E+00 0.0000E+00 0.0000E+00 0.0000E+00 0.0000E+00 0.0000E+00 0.0000E+00 0.0000E+00 0.0000E+00 0.0000E+00 0.0000E+00 0.0000E+00 0.0000E+00 0.0000E+00 2.7105E-03 5.8155E-03 8.5231E-03 0.0000E+00 0
 0 9.1454E-04 2.0524E-03 1.0198E-03 5.4458E-05 3.3164E-04 0.0000E+00 0.0000E+00 0.0000E+00 0.0000E+00 0.0000E+00 0.0000E+00 0.0000E+00 0.0000E+00 0.0000E+00 0.0000E+00 0.0000E+00 0.0000E+00 0.0000E+00 0.0000E+00 1.0927E-03 4.3422E-03 9.6842E-03 0.0000E+00 0
 0 7.6922E-04 1.4016E-03 6.9832E-04 2.1783E-04 4.3332E-04 0.0000E+00 0.0000E+00 0.0000E+00 0.0000E+00 0.0000E+00 0.0000E+00 0.0000E+00 0.0000E+00 0.0000E+00 0.0000E+00 0.0000E+00 0.0000E+00 0.0000E+00 0.0000E+00 5.2187E-04 4.0891E-03 6.0874E-03 0.0000E+00 0
 0 7.3932E-04 1.8378E-03 3.2023E-04 2.0657E-05 4.1879E-04 0.0000E+00 0.0000E+00 0.0000E+00 0.0000E+00 0.0000E+00 0.0000E+00 0.0000E+00 0.0000E+00 0.0000E+00 0.0000E+00 0.0000E+00 0.0000E+00 0.0000E+00 0.0000E+00 0.0000E+00 4.0412E-03 7.4449E-03 0.0000E+00 0
 0 9.1235E-04 2.5215E-03 7.0090E-04 1.3521E-04 1.1571E-03 0.0000E+00 0.0000E+00 0.0000E+00 0.0000E+00 0.0000E+00 0.0000E+00 0.0000E+00 0.0000E+00 0.0000E+00 0.0000E+00 0.0000E+00 0.0000E+00 0.0000E+00 0.0000E+00 0.0000E+00 4.5999E-03 6.3553E-03 0.0000E+00 0
 0 7.1481E-04 1.5957E-03 9.2595E-04 4.2628E-04 5.7614E-04 0.0000E+00 0.0000E+00 0.0000E+00 0.0000E+00 0.0000E+00 0.0000E+00 0.0000E+00 0.0000E+00 0.0000E+00 0.0000E+00 0.0000E+00 0.0000E+00 0.0000E+00 0.0000E+00 0.0000E+00 4.2555E-03 5.5145E-03 0.0000E+00 0
 0 7.1122E-04 2.0202E-03 6.7775E-04 4.5257E-04 1.8664E-03 0.0000E+00 0.0000E+00 0.0000E+00 0.0000E+00 0.0000E+00 0.0000E+00 0.0000E+00 0.0000E+00 0.0000E+00 0.0000E+00 0.0000E+00 0.0000E+00 0.0000E+00 0.0000E+00 0.0000E+00 3.3570E-03 3.0635E-03 0.0000E+00 0
 0 6.6418E-04 2.1368E-03 5.0156E-04 6.8354E-04 2.3723E-03 0.0000E+00 0.0000E+00 0.0000E+00 0.0000E+00 0.0000E+00 0.0000E+00 0.0000E+00 0.0000E+00 0.0000E+00 0.0000E+00 0.0000E+00 0.0000E+00 0.0000E+00 3.7700E-04 8.5456E-04 3.2293E-03 2.9129E-03 0.0000E+00 0
 0 6.6876E-04 1.4298E-03 1.0456E-03 1.2093E-03 2.0068E-03 0.0000E+00 0.0000E+00 0.0000E+00 0.0000E+00 0.0000E+00 0.0000E+00 0.0000E+00 0.0000E+00 0.0000E+00 0.0000E+00 0.0000E+00 0.0000E+00 0.0000E+00 3.7742E-03 1.0274E-03 2.2669E-03 2.0504E-03 0.0000E+00 0
 0 6.1355E-04 1.9955E-03 5.7615E-04 1.5023E-04 2.9073E-03 0.0000E+00 0.0000E+00 0.0000E+00 0.0000E+00 0.0000E+00 0.0000E+00 0.0000E+00 0.0000E+00 0.0000E+00 0.0000E+00 0.0000E+00 0.0000E+00 0.0000E+00 4.1346E-03 3.9205E-03 1.8746E-03 2.0236E-03 0.0000E+00 0
 0 6.3348E-04 2.1800E-03 6.4045E-04 6.5538E-04 1.1547E-03 0.0000E+00 1.1584E-03 0.0000E+00 0.0000E+00 0.0000E+00 0.0000E+00 0.0000E+00 0.0000E+00 0.0000E+00 0.0000E+00 0.0000E+00 0.0000E+00 0.0000E+00 0.0000E+00 7.2083E-04 1.4641E-03 1.3321E-03 0.0000E+00 0
 0 5.8365E-04 1.3379E-03 6.3659E-04 9.6147E-04 4.5922E-03 0.0000E+00 5.1201E-03 0.0000E+00 0.0000E+00 0.0000E+00 0.0000E+00 0.0000E+00 0.0000E+00 0.0000E+00 0.0000E+00 0.0000E+00 0.0000E+00 0.0000E+00 0.0000E+00 0.0000E+00 1.8655E-03 1.3155E-03 0.0000E+00 0
 0 6.0358E-04 2.0298E-03 5.4914E-04 2.8168E-04 3.0114E-03 0.0000E+00 0.0000E+00 0.0000E+00 0.0000E+00 0.0000E+00 0.0000E+00 0.0000E+00 0.0000E+00 0.0000E+00 0.0000E+00 0.0000E+00 0.0000E+00 0.0000E+00 0.0000E+00 0.0000E+00 2.0001E-03 1.3678E-03 0.0000E+00 0
 0 5.6650E-04 1.7610E-03 1.4404E-03 1.1530E-03 2.7427E-03 0.0000E+00 0.0000E+00 0.0000E+00 0.0000E+00 0.0000E+00 0.0000E+00 0.0000E+00 0.0000E+00 0.0000E+00 0.0000E+00 0.0000E+00 0.0000E+00 0.0000E+00 0.0000E+00 0.0000E+00 1.8929E-03 1.1521E-03 0.0000E+00 0
 0 4.2976E-04 2.3000E-03 8.9252E-04 1.6056E-03 3.0816E-03 0.0000E+00 0.0000E+00 0.0000E+00 0.0000E+00 0.0000E+00 0.0000E+00 0.0000E+00 0.0000E+00 0.0000E+00 0.0000E+00 0.0000E+00 0.0000E+00 0.0000E+00 0.0000E+00 2.4854E-03 9.2135E-04 7.9872E-04 0.0000E+00 0
 0 3.5621E-04 1.8933E-03 8.1921E-04 8.6194E-04 2.2247E-03 0.0000E+00 0.0000E+00 0.0000E+00 0.0000E+00 0.0000E+00 0.0000E+00 0.0000E+00 0.0000E+00 0.0000E+00 0.0000E+00 0.0000E+00 0.0000E+00 0.0000E+00 0.0000E+00 2.7170E-03 8.2557E-04 8.1403E-04 0.0000E+00 0
 0 4.7939E-04 1.9797E-03 9.7482E-04 1.1586E-03 2.6943E-03 0.0000E+00 0.0000E+00 0.0000E+00 0.0000E+00 0.0000E+00 0.0000E+00 0.0000E+00 0.0000E+00 0.0000E+00 0.0000E+00 0.0000E+00 0.0000E+00 0.0000E+00 0.0000E+00 9.0022E-04 4.9260E-04 9.4162E-04 0.0000E+00 0
 0 3.5262E-04 1.8522E-03 9.6968E-04 7.8870E-04 1.9342E-03 0.0000E+00 0.0000E+00 0.0000E+00 0.0000E+00 0.0000E+00 0.0000E+00 0.0000E+00 0.0000E+00 0.0000E+00 0.0000E+00 0.0000E+00 0.0000E+00 0.0000E+00 0.0000E+00 2.1853E-04 9.8977E-04 7.5789E-04 0.0000E+00 0
 0 3.9548E-04 1.9057E-03 9.5682E-04 1.1079E-03 2.9461E-03 0.0000E+00 0.0000E+00 0.0000E+00 0.0000E+00 0.0000E+00 0.0000E+00 0.0000E+00 0.0000E+00 0.0000E+00 0.0000E+00 0.0000E+00 0.0000E+00 0.0000E+00 0.0000E+00 2.0222E-04 1.3136E-03 8.7783E-04 0.0000E+00 0
 0 3.9906E-04 2.4090E-03 1.3388E-03 7.3237E-04 2.8250E-03 0.0000E+00 0.0000E+00 0.0000E+00 0.0000E+00 0.0000E+00 0.0000E+00 0.0000E+00 0.0000E+00 0.0000E+00 0.0000E+00 0.0000E+00 0.0000E+00 0.0000E+00 0.0000E+00 0.0000E+00 1.1654E-03 9.0717E-04 0.0000E+00 0
 0 4.2697E-04 2.0586E-03 1.6127E-03 1.4253E-03 4.2654E-03 0.0000E+00 0.0000E+00 0.0000E+00 0.0000E+00 0.0000E+00 0.0000E+00 0.0000E+00 0.0000E+00 0.0000E+00 0.0000E+00 0.0000E+00 0.0000E+00 0.0000E+00 0.0000E+00 0.0000E+00 1.0605E-03 1.0858E-03 6.9944E-06 0
 0 4.2159E-04 2.0915E-03 1.4738E-03 8.8448E-04 4.2920E-03 0.0000E+00 0.0000E+00 0.0000E+00 0.0000E+00 0.0000E+00 0.0000E+00 0.0000E+00 0.0000E+00 0.0000E+00 0.0000E+00 0.0000E+00 0.0000E+00 0.0000E+00 3.9772E-04 5.8710E-05 7.6627E-04 1.0041E-03 2.3315E-06 0
 0 4.1820E-04 2.2170E-03 9.9797E-04 8.9386E-04 4.5946E-03 0.0000E+00 0.0000E+00 0.0000E+00 0.0000E+00 0.0000E+00 0.0000E+00 0.0000E+00 0.0000E+00 0.0000E+00 0.0000E+00 0.0000E+00 0.0000E+00 0.0000E+00 6.0486E-03 6.5234E-06 4.5155E-04 1.0348E-03 2.3315E-06 0
 0 3.6916E-04 2.0305E-03 1.0584E-03 8.2063E-04 3.6529E-03 0.0000E+00 0.0000E+00 0.0000E+00 0.0000E+00 0.0000E+00 0.0000E+00 0.0000E+00 0.0000E+00 0.0000E+00 0.0000E+00 0.0000E+00 0.0000E+00 0.0000E+00 1.8394E-03 2.6811E-03 8.7802E-04 5.0143E-04 3.1086E-06 0
 0 3.5621E-04 2.1889E-03 1.1999E-03 8.3753E-04 3.7812E-03 0.0000E+00 0.0000E+00 0.0000E+00 0.0000E+00 0.0000E+00 0.0000E+00 0.0000E+00 0.0000E+00 0.0000E+00 0.0000E+00 0.0000E+00 0.0000E+00 0.0000E+00 0.0000E+00 1.3438E-03 9.8065E-04 8.8931E-04 2.1372E-05 0
 0 3.4106E-04 2.0545E-03 1.5664E-03 9.1264E-04 3.5561E-03 0.0000E+00 0.0000E+00 0.0000E+00 0.0000E+00 0.0000E+00 0.0000E+00 0.0000E+00 0.0000E+00 0.0000E+00 0.0000E+00 0.0000E+00 0.0000E+00 0.0000E+00 0.0000E+00 2.4332E-03 7.3206E-04 5.8564E-04 0.0000E+00 0
 0 2.8425E-04 2.1779E-03 1.1137E-03 1.3164E-03 3.8103E-03 0.0000E+00 0.0000E+00 0.0000E+00 0.0000E+00 0.0000E+00 0.0000E+00 0.0000E+00 0.0000E+00 0.0000E+00 0.0000E+00 0.0000E+00 0.0000E+00 0.0000E+00 0.0000E+00 0.0000E+00 9.3275E-04 6.7879E-04 5.0515E-05 0
 0 3.6976E-04 2.0901E-03 1.3761E-03 1.0347E-03 3.0380E-03 0.0000E+00 0.0000E+00 0.0000E+00 0.0000E+00 0.0000E+00 0.0000E+00 0.0000E+00 0.0000E+00 0.0000E+00 0.0000E+00 0.0000E+00 0.0000E+00 0.0000E+00 0.0000E+00 0.0000E+00 6.2716E-04 7.7065E-04 2.1372E-05 0
 0 3.5421E-04 1.9934E-03 1.3272E-03 1.3314E-03 2.9654E-03 0.0000E+00 0.0000E+00 0.0000E+00 0.0000E+00 0.0000E+00 0.0000E+00 0.0000E+00 0.0000E+00 0.0000E+00 0.0000E+00 0.0000E+00 0.0000E+00 0.0000E+00 0.0000E+00 0.0000E+00 2.2122E-04 6.0606E-04 4.3910E-05 0
 0 2.9920E-04 2.0757E-03 1.7194E-03 1.0497E-03 3.2583E-03 0.0000E+00 0.0000E+00 0.0000E+00 0.0000E+00 0.0000E+00 0.0000E+00 0.0000E+00 0.0000E+00 0.0000E+00 0.0000E+00 0.0000E+00 0.0000E+00 0.0000E+00 0.0000E+00 0.0000E+00 3.8314E-04 9.0079E-04 3.4584E-05 0
 0 3.1255E-04 2.1285E-03 1.7825E-03 1.8178E-03 2.9872E-03 0.0000E+00 0.0000E+00 0.0000E+00 0.0000E+00 0.0000E+00 0.0000E+00 0.0000E+00 0.0000E+00 0.0000E+00 0.0000E+00 0.0000E+00 0.0000E+00 0.0000E+00 0.0000E+00 0.0000E+00 5.2681E-04 8.9314E-04 1.0220E-04 0
 0 3.4903E-04 1.3331E-03 2.0165E-03 1.2187E-03 3.7207E-03 0.0000E+00 0.0000E+00 0.0000E+00 0.0000E+00 0.0000E+00 0.0000E+00 0.0000E+00 0.0000E+00 0.0000E+00 0.0000E+00 0.0000E+00 0.0000E+00 0.0000E+00 0.0000E+00 0.0000E+00 3.4437E-04 7.7193E-04 1.1891E-04 0
 0 3.3767E-04 1.1555E-03 1.9381E-03 1.0741E-03 2.9848E-03 0.0000E+00 0.0000E+00 0.0000E+00 0.0000E+00 0.0000E+00 0.0000E+00 0.0000E+00 0.0000E+00 0.0000E+00 0.0000E+00 0.0000E+00 0.0000E+00 0.0000E+00 0.0000E+00 0.0000E+00 3.3524E-04 7.4003E-04 1.3289E-04 0
 0 2.9920E-04 1.5381E-03 2.1001E-03 9.2579E-04 3.8514E-03 0.0000E+00 0.0000E+00 0.0000E+00 0.0000E+00 0.0000E+00 0.0000E+00 0.0000E+00 0.0000E+00 0.0000E+00 0.0000E+00 0.0000E+00 0.0000E+00 0.0000E+00 0.0000E+00 0.0000E+00 2.9875E-04 5.8692E-04 1.6942E-04 0
 0 3.3568E-04 1.3338E-03 1.6693E-03 1.2901E-03 2.8105E-03 0.0000E+00 0.0000E+00 0.0000E+00 0.0000E+00 0.0000E+00 0.0000E+00 0.0000E+00 0.0000E+00 0.0000E+00 0.0000E+00 0.0000E+00 0.0000E+00 0.0000E+00 0.0000E+00 0.0000E+00 2.6455E-04 8.0893E-04 1.7370E-04 0
 0 2.9800E-04 1.4716E-03 1.7027E-03 1.1549E-03 2.8468E-03 0.0000E+00 0.0000E+00 0.0000E+00 0.0000E+00 0.0000E+00 0.0000E+00 0.0000E+00 0.0000E+00 0.0000E+00 0.0000E+00 0.0000E+00 0.0000E+00 0.0000E+00 0.0000E+00 0.0000E+00 2.8051E-04 6.3540E-04 2.1955E-04 0
 0 3.4106E-04 1.2405E-03 2.0783E-03 9.5959E-04 3.4375E-03 0.0000E+00 0.0000E+00 0.0000E+00 0.0000E+00 0.0000E+00 0.0000E+00 0.0000E+00 0.0000E+00 0.0000E+00 0.0000E+00 0.0000E+00 0.0000E+00 0.0000E+00 0.0000E+00 0.0000E+00 1.0719E-04 7.9107E-04 2.5063E-04 0
 0 3.2312E-04 1.0320E-03 2.0307E-03 1.4535E-03 2.7645E-03 0.0000E+00 0.0000E+00 0.0000E+00 0.0000E+00 0.0000E+00 0.0000E+00 0.0000E+00 0.0000E+00 0.0000E+00 0.0000E+00 0.0000E+00 0.0000E+00 0.0000E+00 0.0000E+00 0.0000E+00 1.5508E-04 9.4673E-04 3.2174E-04 0
 0 2.7767E-04 1.0204E-03 2.2274E-03 1.7201E-03 3.1373E-03 0.0000E+00 0.0000E+00 0.0000E+00 0.0000E+00 0.0000E+00 0.0000E+00 0.0000E+00 0.0000E+00 0.0000E+00 0.0000E+00 0.0000E+00 0.0000E+00 0.0000E+00 0.0000E+00 0.0000E+00 7.2978E-05 6.8516E-04 3.5672E-04 0
 0 3.0019E-04 9.6895E-04 2.0937E-03 1.6751E-03 3.1978E-03 0.0000E+00 0.0000E+00 0.0000E+00 0.0000E+00 0.0000E+00 0.0000E+00 0.0000E+00 0.0000E+00 0.0000E+00 0.0000E+00 0.0000E+00 0.0000E+00 0.0000E+00 0.0000E+00 0.0000E+00 2.8735E-04 9.5693E-04 4.7212E-04 0
 0 3.3867E-04 1.0800E-03 2.2712E-03 1.5455E-03 2.5297E-03 0.0000E+00 0.0000E+00 0.0000E+00 0.0000E+00 0.0000E+00 0.0000E+00 0.0000E+00 0.0000E+00 0.0000E+00 0.0000E+00 0.0000E+00 0.0000E+00 0.0000E+00 0.0000E+00 0.0000E+00 1.1403E-04 1.1573E-03 5.1370E-04 0
 0 3.1594E-04 9.7169E-04 2.4049E-03 2.2290E-03 2.1690E-03 0.0000E+00 0.0000E+00 0.0000E+00 0.0000E+00 0.0000E+00 0.0000E+00 0.0000E+00 0.0000E+00 0.0000E+00 0.0000E+00 0.0000E+00 0.0000E+00 0.0000E+00 0.0000E+00 0.0000E+00 1.9157E-04 7.6938E-04 5.8792E-04 0
 0 3.1913E-04 1.0574E-03 2.2634E-03 2.0018E-03 3.7231E-03 0.0000E+00 0.0000E+00 0.0000E+00 0.0000E+00 0.0000E+00 0.0000E+00 0.0000E+00 0.0000E+00 0.0000E+00 0.0000E+00 0.0000E+00 0.0000E+00 0.0000E+00 6.2143E-05 0.0000E+00 1.5736E-04 9.4545E-04 6.0735E-04 0
 0 3.3468E-04 9.0037E-04 2.4332E-03 2.6084E-03 2.7379E-03 0.0000E+00 0.0000E+00 0.0000E+00 0.0000E+00 0.0000E+00 0.0000E+00 0.0000E+00 0.0000E+00 0.0000E+00 0.0000E+00 0.0000E+00 0.0000E+00 0.0000E+00 5.3443E-04 0.0000E+00 1.2543E-04 1.0501E-03 7.3325E-04 0
 0 3.3209E-04 9.5249E-04 2.8254E-03 2.1408E-03 2.5999E-03 0.0000E+00 0.0000E+00 0.0000E+00 0.0000E+00 0.0000E+00 0.0000E+00 0.0000E+00 0.0000E+00 0.0000E+00 0.0000E+00 0.0000E+00 0.0000E+00 0.0000E+00 5.8829E-04 0.0000E+00 1.5964E-04 1.1190E-03 7.4568E-04 0
 0 3.4345E-04 9.6483E-04 2.4473E-03 2.0675E-03 2.5127E-03 0.0000E+00 0.0000E+00 0.0000E+00 0.0000E+00 0.0000E+00 0.0000E+00 0.0000E+00 0.0000E+00 0.0000E+00 0.0000E+00 0.0000E+00 0.0000E+00 0.0000E+00 1.5370E-03 0.0000E+00 1.5736E-04 1.1266E-03 7.8221E-04 0
 0 3.6478E-04 7.3580E-04 2.6145E-03 2.4788E-03 3.0066E-03 0.0000E+00 0.0000E+00 0.0000E+00 0.0000E+00 0.0000E+00 0.0000E+00 0.0000E+00 0.0000E+00 0.0000E+00 0.0000E+00 0.0000E+00 0.0000E+00 0.0000E+00 3.6872E-04 0.0000E+00 1.5280E-04 1.0820E-03 8.8868E-04 0
 0 3.7694E-04 6.7957E-04 2.7856E-03 3.0722E-03 3.6650E-03 0.0000E+00 0.0000E+00 0.0000E+00 0.0000E+00 0.0000E+00 0.0000E+00 0.0000E+00 0.0000E+00 0.0000E+00 0.0000E+00 0.0000E+00 0.0000E+00 0.0000E+00 1.1310E-03 0.0000E+00 9.8065E-05 1.1343E-03 9.4775E-04 0
 0 4.0305E-04 7.6391E-04 2.4049E-03 2.9445E-03 3.5004E-03 0.0000E+00 0.0000E+00 0.0000E+00 0.0000E+00 0.0000E+00 0.0000E+00 0.0000E+00 0.0000E+00 0.0000E+00 0.0000E+00 0.0000E+00 0.0000E+00 0.0000E+00 8.0786E-04 0.0000E+00 1.4140E-04 1.2440E-03 1.1257E-03 0
 0 3.8292E-04 8.0917E-04 2.8885E-03 2.1107E-03 3.2898E-03 0.0000E+00 0.0000E+00 0.0000E+00 0.0000E+00 0.0000E+00 0.0000E+00 0.0000E+00 0.0000E+00 0.0000E+00 0.0000E+00 0.0000E+00 0.0000E+00 0.0000E+00 1.1269E-03 0.0000E+00 1.9157E-04 1.2734E-03 1.2306E-03 0
 0 4.1322E-04 8.4620E-04 2.9785E-03 2.9501E-03 3.7667E-03 0.0000E+00 0.0000E+00 0.0000E+00 0.0000E+00 0.0000E+00 0.0000E+00 0.0000E+00 0.0000E+00 0.0000E+00 0.0000E+00 0.0000E+00 0.0000E+00 0.0000E+00 1.4086E-03 0.0000E+00 1.4824E-04 1.2580E-03 1.2839E-03 0
 0 3.9069E-04 7.8585E-04 2.8293E-03 2.5558E-03 3.5851E-03 0.0000E+00 0.0000E+00 0.0000E+00 0.0000E+00 0.0000E+00 0.0000E+00 0.0000E+00 0.0000E+00 0.0000E+00 0.0000E+00 0.0000E+00 0.0000E+00 1.4784E-03 7.2086E-04 0.0000E+00 1.3227E-04 1.3053E-03 1.2481E-03 0
 0 3.9647E-04 7.8105E-04 2.9785E-03 3.0271E-03 4.1758E-03 0.0000E+00 0.0000E+00 0.0000E+00 0.0000E+00 0.0000E+00 0.0000E+00 0.0000E+00 0.0000E+00 0.0000E+00 0.0000E+00 0.0000E+00 0.0000E+00 2.5262E-03 0.0000E+00 0.0000E+00 9.5784E-05 1.3104E-03 1.3740E-03 0
 0 4.5428E-04 6.8231E-04 3.2794E-03 3.2168E-03 3.4544E-03 0.0000E+00 0.0000E+00 0.0000E+00 0.0000E+00 0.0000E+00 0.0000E+00 0.0000E+00 0.0000E+00 0.0000E+00 0.0000E+00 0.0000E+00 0.0000E+00 5.7413E-05 0.0000E+00 0.0000E+00 1.0947E-04 1.4762E-03 1.5026E-03 0
 0 4.3534E-04 7.9065E-04 3.4312E-03 3.4928E-03 3.6529E-03 0.0000E+00 0.0000E+00 0.0000E+00 0.0000E+00 0.0000E+00 0.0000E+00 0.0000E+00 0.0000E+00 0.0000E+00 0.0000E+00 0.0000E+00 0.0000E+00 9.4253E-04 0.0000E+00 0.0000E+00 1.0491E-04 1.4290E-03 1.6631E-03 0
 0 4.3156E-04 7.9408E-04 3.2781E-03 3.3201E-03 3.0066E-03 0.0000E+00 0.0000E+00 0.0000E+00 0.0000E+00 0.0000E+00 0.0000E+00 0.0000E+00 0.0000E+00 0.0000E+00 0.0000E+00 0.0000E+00 0.0000E+00 2.1578E-03 0.0000E+00 0.0000E+00 8.4381E-05 1.4915E-03 1.5905E-03 0
 0 5.0172E-04 7.8585E-04 3.4453E-03 3.7069E-03 3.2825E-03 0.0000E+00 0.0000E+00 0.0000E+00 0.0000E+00 0.0000E+00 0.0000E+00 0.0000E+00 0.0000E+00 0.0000E+00 0.0000E+00 0.0000E+00 0.0000E+00 5.6217E-03 0.0000E+00 0.0000E+00 1.2315E-04 1.5336E-03 1.7855E-03 0
 0 5.0072E-04 7.8860E-04 3.4698E-03 3.5773E-03 3.6868E-03 0.0000E+00 0.0000E+00 0.0000E+00 0.0000E+00 0.0000E+00 0.0000E+00 0.0000E+00 0.0000E+00 0.0000E+00 0.0000E+00 0.0000E+00 0.0000E+00 3.0668E-03 0.0000E+00 2.4463E-04 1.1403E-04 1.7059E-03 1.8710E-03 0
 0 5.2165E-04 6.9122E-04 3.5173E-03 3.1210E-03 3.9870E-03 0.0000E+00 0.0000E+00 0.0000E+00 0.0000E+00 0.0000E+00 0.0000E+00 0.0000E+00 0.0000E+00 0.0000E+00 0.0000E+00 0.0000E+00 0.0000E+00 8.6119E-05 0.0000E+00 5.0230E-04 1.5964E-04 1.6051E-03 1.9068E-03 0
 0 5.1209E-04 6.7477E-04 3.4993E-03 3.2337E-03 3.3164E-03 0.0000E+00 0.0000E+00 0.0000E+00 0.0000E+00 0.0000E+00 0.0000E+00 0.0000E+00 0.0000E+00 0.0000E+00 0.0000E+00 0.0000E+00 0.0000E+00 0.0000E+00 0.0000E+00 9.7850E-06 1.4368E-04 1.4979E-03 2.0886E-03 0
 0 5.8006E-04 6.7614E-04 3.7565E-03 3.5924E-03 3.7933E-03 0.0000E+00 0.0000E+00 0.0000E+00 0.0000E+00 0.0000E+00 0.0000E+00 0.0000E+00 0.0000E+00 0.0000E+00 0.0000E+00 0.0000E+00 0.0000E+00 3.4448E-04 0.0000E+00 3.5878E-05 1.2771E-04 1.7123E-03 2.1795E-03 0
 0 5.9680E-04 6.5831E-04 4.1436E-03 4.3397E-03 4.3259E-03 0.0000E+00 0.0000E+00 0.0000E+00 0.0000E+00 0.0000E+00 0.0000E+00 0.0000E+00 0.0000E+00 0.0000E+00 0.0000E+00 0.0000E+00 0.0000E+00 3.0190E-03 0.0000E+00 1.6308E-05 1.4140E-04 1.5821E-03 2.2312E-03 0
 0 6.0019E-04 6.5968E-04 4.0176E-03 4.1144E-03 4.0136E-03 4.8564E-05 0.0000E+00 0.0000E+00 0.0000E+00 0.0000E+00 0.0000E+00 0.0000E+00 0.0000E+00 0.0000E+00 0.0000E+00 0.0000E+00 0.0000E+00 2.4544E-03 0.0000E+00 4.5664E-05 1.7560E-04 1.9190E-03 2.3490E-03 0
 0 6.3667E-04 6.1236E-04 4.2079E-03 4.6759E-03 4.0693E-03 2.8567E-06 0.0000E+00 0.0000E+00 0.0000E+00 0.0000E+00 0.0000E+00 0.0000E+00 0.0000E+00 0.0000E+00 0.0000E+00 0.0000E+00 0.0000E+00 2.8563E-03 0.0000E+00 0.0000E+00 1.5508E-04 1.8399E-03 2.3505E-03 0
 0 6.2790E-04 7.1180E-04 4.2272E-03 4.6045E-03 4.4130E-03 1.9997E-05 0.0000E+00 0.0000E+00 0.0000E+00 0.0000E+00 0.0000E+00 0.0000E+00 0.0000E+00 0.0000E+00 0.0000E+00 0.0000E+00 0.0000E+00 2.0908E-03 0.0000E+00 6.5234E-06 1.4824E-04 2.0695E-03 2.4718E-03 0
 0 6.6418E-04 7.0219E-04 4.7314E-03 4.4149E-03 3.4472E-03 2.8567E-05 0.0000E+00 0.0000E+00 0.0000E+00 0.0000E+00 0.0000E+00 0.0000E+00 0.0000E+00 0.0000E+00 0.0000E+00 0.0000E+00 0.0000E+00 1.3348E-03 0.0000E+00 3.2617E-06 1.2999E-04 1.9343E-03 2.6287E-03 0
 0 6.9926E-04 7.1865E-04 4.5115E-03 5.3951E-03 4.7955E-03 2.8567E-06 0.0000E+00 0.0000E+00 0.0000E+00 0.0000E+00 0.0000E+00 0.0000E+00 0.0000E+00 0.0000E+00 0.0000E+00 0.0000E+00 0.0000E+00 6.6981E-04 0.0000E+00 7.1757E-05 2.1893E-04 2.1703E-03 2.7022E-03 0
 0 6.8929E-04 7.1591E-04 4.5835E-03 5.0609E-03 4.1540E-03 2.8567E-05 0.0000E+00 0.0000E+00 0.0000E+00 0.0000E+00 0.0000E+00 0.0000E+00 0.0000E+00 0.0000E+00 0.0000E+00 0.0000E+00 0.0000E+00 0.0000E+00 0.0000E+00 6.8495E-05 1.7104E-04 2.2507E-03 2.7644E-03 0
 0 7.3693E-04 8.0643E-04 4.7301E-03 5.3463E-03 5.2869E-03 5.7134E-05 0.0000E+00 0.0000E+00 0.0000E+00 0.0000E+00 0.0000E+00 0.0000E+00 0.0000E+00 0.0000E+00 0.0000E+00 0.0000E+00 0.0000E+00 0.0000E+00 0.0000E+00 6.0993E-04 1.9157E-04 2.2966E-03 2.8747E-03 0
 0 7.7640E-04 7.7283E-04 4.9706E-03 5.2599E-03 5.3547E-03 3.1424E-05 0.0000E+00 0.0000E+00 0.0000E+00 0.0000E+00 0.0000E+00 0.0000E+00 0.0000E+00 0.0000E+00 0.0000E+00 0.0000E+00 0.0000E+00 0.0000E+00 0.0000E+00 3.4248E-04 2.3034E-04 2.1971E-03 2.9128E-03 0
 0 8.1268E-04 7.9888E-04 5.1660E-03 5.6036E-03 3.9846E-03 1.4283E-04 0.0000E+00 0.0000E+00 0.0000E+00 0.0000E+00 0.0000E+00 0.0000E+00 0.0000E+00 0.0000E+00 0.0000E+00 0.0000E+00 0.0000E+00 0.0000E+00 0.0000E+00 6.5886E-04 2.3262E-04 2.3285E-03 3.0333E-03 0
 0 8.3221E-04 9.1066E-04 5.1352E-03 5.8665E-03 4.1443E-03 1.3998E-04 0.0000E+00 0.0000E+00 0.0000E+00 0.0000E+00 0.0000E+00 0.0000E+00 0.0000E+00 0.0000E+00 0.0000E+00 0.0000E+00 0.0000E+00 0.0000E+00 0.0000E+00 3.9466E-04 2.2578E-04 2.5289E-03 3.0776E-03 0
 0 8.9480E-04 8.1054E-04 5.5583E-03 5.6956E-03 4.8802E-03 1.5997E-04 0.0000E+00 0.0000E+00 0.0000E+00 0.0000E+00 0.0000E+00 0.0000E+00 0.0000E+00 0.0000E+00 0.0000E+00 0.0000E+00 0.0000E+00 0.0000E+00 0.0000E+00 6.8169E-04 2.2350E-04 2.5378E-03 3.2198E-03 0
 0 9.2211E-04 7.9683E-04 5.6149E-03 5.8777E-03 5.0376E-03 1.9426E-04 0.0000E+00 0.0000E+00 0.0000E+00 0.0000E+00 0.0000E+00 0.0000E+00 0.0000E+00 0.0000E+00 0.0000E+00 0.0000E+00 0.0000E+00 0.0000E+00 0.0000E+00 5.9036E-04 2.4858E-04 2.6794E-03 3.3216E-03 0
 0 9.7892E-04 9.1477E-04 5.9724E-03 6.3960E-03 5.2434E-03 2.1425E-04 0.0000E+00 0.0000E+00 0.0000E+00 0.0000E+00 0.0000E+00 0.0000E+00 0.0000E+00 0.0000E+00 0.0000E+00 0.0000E+00 0.0000E+00 0.0000E+00 0.0000E+00 4.5011E-04 2.4858E-04 2.7879E-03 3.5116E-03 0
 0 9.8371E-04 9.6003E-04 6.2708E-03 5.8852E-03 5.6331E-03 2.8853E-04 0.0000E+00 0.0000E+00 0.0000E+00 0.0000E+00 0.0000E+00 0.0000E+00 0.0000E+00 0.0000E+00 0.0000E+00 0.0000E+00 0.0000E+00 0.0000E+00 0.0000E+00 4.8925E-04 2.9875E-04 2.7100E-03 3.5442E-03 0
 0 1.0489E-03 9.4357E-04 5.9017E-03 6.5688E-03 5.5363E-03 7.8845E-04 0.0000E+00 0.0000E+00 0.0000E+00 0.0000E+00 0.0000E+00 0.0000E+00 0.0000E+00 0.0000E+00 0.0000E+00 0.0000E+00 0.0000E+00 0.0000E+00 0.0000E+00 3.7183E-04 3.3524E-04 3.0941E-03 3.6795E-03 0
 0 1.1139E-03 9.3123E-04 6.6476E-03 7.1847E-03 5.6355E-03 7.1703E-04 0.0000E+00 0.0000E+00 0.0000E+00 0.0000E+00 0.0000E+00 0.0000E+00 0.0000E+00 0.0000E+00 0.0000E+00 0.0000E+00 0.0000E+00 0.0000E+00 0.0000E+00 2.3810E-04 2.6455E-04 3.0941E-03 3.7416E-03 0
 0 1.1452E-03 9.4426E-04 6.7685E-03 7.6692E-03 5.8122E-03 8.6272E-04 0.0000E+00 0.0000E+00 0.0000E+00 0.0000E+00 0.0000E+00 0.0000E+00 0.0000E+00 0.0000E+00 0.0000E+00 0.0000E+00 0.0000E+00 0.0000E+00 0.0000E+00 7.3062E-04 1.9385E-04 3.0558E-03 3.7607E-03 0
 0 1.1587E-03 1.0087E-03 6.7466E-03 7.4889E-03 6.6885E-03 1.1798E-03 0.0000E+00 0.0000E+00 0.0000E+00 0.0000E+00 0.0000E+00 0.0000E+00 0.0000E+00 0.0000E+00 0.0000E+00 0.0000E+00 0.0000E+00 0.0000E+00 0.0000E+00 6.0341E-04 3.5805E-04 3.2013E-03 3.8881E-03 0
 0 1.2831E-03 1.0794E-03 6.7132E-03 7.4908E-03 6.5554E-03 1.4712E-03 0.0000E+00 0.0000E+00 0.0000E+00 0.0000E+00 0.0000E+00 0.0000E+00 0.0000E+00 0.0000E+00 0.0000E+00 0.0000E+00 0.0000E+00 0.0000E+00 0.0000E+00 6.6212E-04 3.9226E-04 3.3646E-03 4.1022E-03 0
 0 1.2773E-03 1.2426E-03 6.8109E-03 8.0091E-03 6.5457E-03 1.5826E-03 0.0000E+00 0.0000E+00 0.0000E+00 0.0000E+00 0.0000E+00 0.0000E+00 0.0000E+00 0.0000E+00 0.0000E+00 0.0000E+00 0.0000E+00 0.0000E+00 0.0000E+00 1.0307E-03 3.4437E-04 3.5292E-03 4.3758E-03 0
 0 1.4264E-03 1.1733E-03 7.0527E-03 8.1424E-03 6.6716E-03 2.2939E-03 0.0000E+00 0.0000E+00 0.0000E+00 0.0000E+00 0.0000E+00 0.0000E+00 0.0000E+00 0.0000E+00 0.0000E+00 0.0000E+00 0.0000E+00 0.0000E+00 0.0000E+00 4.5011E-04 4.5839E-04 3.5356E-03 4.2923E-03 0
 0 1.4808E-03 1.2234E-03 7.4784E-03 8.1800E-03 6.9742E-03 2.5282E-03 0.0000E+00 0.0000E+00 0.0000E+00 0.0000E+00 0.0000E+00 0.0000E+00 0.0000E+00 0.0000E+00 0.0000E+00 0.0000E+00 0.0000E+00 7.7029E-04 0.0000E+00 7.5019E-04 3.6945E-04 3.5509E-03 4.3614E-03 0
 0 1.5574E-03 1.3893E-03 7.2636E-03 8.5649E-03 7.2284E-03 3.4652E-03 0.0000E+00 0.0000E+00 0.0000E+00 0.0000E+00 0.0000E+00 0.0000E+00 0.0000E+00 0.0000E+00 0.0000E+00 0.0000E+00 0.0000E+00 4.4973E-04 0.0000E+00 5.3818E-04 3.6033E-04 3.8915E-03 4.5044E-03 0
 0 1.5943E-03 1.3708E-03 7.5928E-03 9.2748E-03 8.0756E-03 4.0651E-03 0.0000E+00 0.0000E+00 0.0000E+00 0.0000E+00 0.0000E+00 0.0000E+00 0.0000E+00 0.0000E+00 0.0000E+00 0.0000E+00 0.0000E+00 1.2392E-03 0.0000E+00 1.0927E-03 4.0594E-04 4.1021E-03 4.6987E-03 0
 0 1.6915E-03 1.4064E-03 8.0018E-03 9.0776E-03 8.2524E-03 4.8707E-03 0.0000E+00 0.0000E+00 0.0000E+00 0.0000E+00 0.0000E+00 0.0000E+00 0.0000E+00 0.0000E+00 0.0000E+00 0.0000E+00 0.0000E+00 8.1335E-05 0.0000E+00 6.2298E-04 4.7208E-04 4.0268E-03 4.7430E-03 0
 0 1.7194E-03 1.5038E-03 8.6049E-03 9.4250E-03 8.1991E-03 4.9735E-03 0.0000E+00 0.0000E+00 0.0000E+00 0.0000E+00 0.0000E+00 0.0000E+00 0.0000E+00 0.0000E+00 0.0000E+00 0.0000E+00 0.0000E+00 1.0430E-03 0.0000E+00 4.2076E-04 6.3400E-04 4.0676E-03 4.9933E-03 0
 0 1.8169E-03 1.6033E-03 8.5856E-03 9.7442E-03 9.1045E-03 5.8819E-03 0.0000E+00 0.0000E+00 0.0000E+00 0.0000E+00 0.0000E+00 0.0000E+00 0.0000E+00 0.0000E+00 0.0000E+00 0.0000E+00 0.0000E+00 9.9037E-04 0.0000E+00 8.7087E-04 5.8383E-04 4.4836E-03 4.9350E-03 0
 0 1.8927E-03 1.7253E-03 8.4866E-03 1.0426E-02 8.8672E-03 5.9933E-03 0.0000E+00 0.0000E+00 0.0000E+00 0.0000E+00 0.0000E+00 0.0000E+00 0.0000E+00 0.0000E+00 0.0000E+00 0.0000E+00 0.0000E+00 6.0283E-04 0.0000E+00 1.2851E-03 5.4050E-04 4.5869E-03 5.1868E-03 0
 0 2.0535E-03 1.7761E-03 8.7708E-03 1.0488E-02 9.7847E-03 8.0359E-03 0.0000E+00 0.0000E+00 0.0000E+00 0.0000E+00 0.0000E+00 0.0000E+00 0.0000E+00 0.0000E+00 0.0000E+00 0.0000E+00 0.0000E+00 1.6602E-03 0.0000E+00 1.1709E-03 7.6399E-04 4.6469E-03 5.3344E-03 0
 0 2.0924E-03 1.8138E-03 9.1168E-03 1.0405E-02 9.3514E-03 9.1386E-03 0.0000E+00 0.0000E+00 0.0000E+00 0.0000E+00 0.0000E+00 0.0000E+00 0.0000E+00 0.0000E+00 0.0000E+00 0.0000E+00 0.0000E+00 9.0903E-04 7.4572E-05 9.5567E-04 6.3856E-04 4.8765E-03 5.4362E-03 0
 0 2.1954E-03 1.9976E-03 9.0988E-03 1.1046E-02 1.0816E-02 1.0613E-02 0.0000E+00 0.0000E+00 0.0000E+00 0.0000E+00 0.0000E+00 0.0000E+00 0.0000E+00 0.0000E+00 0.0000E+00 0.0000E+00 0.0000E+00 3.9232E-04 3.9772E-04 1.0307E-03 8.8486E-04 4.9263E-03 5.6457E-03 0
 0 2.2941E-03 2.0696E-03 9.7097E-03 1.1307E-02 1.0680E-02 1.1535E-02 0.0000E+00 0.0000E+00 0.0000E+00 0.0000E+00 0.0000E+00 0.0000E+00 0.0000E+00 0.0000E+00 0.0000E+00 0.0000E+00 0.0000E+00 2.3539E-03 0.0000E+00 1.2525E-03 8.7118E-04 5.2172E-03 5.6461E-03 0
 0 2.4201E-03 2.1683E-03 9.6659E-03 1.1665E-02 9.8743E-03 1.3147E-02 0.0000E+00 0.0000E+00 0.0000E+00 0.0000E+00 0.0000E+00 0.0000E+00 0.0000E+00 0.0000E+00 0.0000E+00 0.0000E+00 0.0000E+00 2.8706E-04 4.5572E-05 8.6761E-04 8.9626E-04 5.6166E-03 5.9045E-03 0
 0 2.5104E-03 2.2814E-03 1.0269E-02 1.2073E-02 1.2314E-02 1.4818E-02 0.0000E+00 0.0000E+00 0.0000E+00 0.0000E+00 0.0000E+00 0.0000E+00 0.0000E+00 0.0000E+00 0.0000E+00 0.0000E+00 0.0000E+00 3.1099E-04 3.7286E-05 2.1201E-03 9.7152E-04 5.5400E-03 6.0172E-03 0
 0 2.6061E-03 2.3836E-03 1.1048E-02 1.2255E-02 1.1390E-02 1.5346E-02 2.5114E-05 0.0000E+00 0.0000E+00 0.0000E+00 0.0000E+00 0.0000E+00 0.0000E+00 0.0000E+00 0.0000E+00 0.0000E+00 0.0000E+00 1.2200E-03 0.0000E+00 1.5199E-03 9.7152E-04 5.6293E-03 6.3622E-03 0
 0 2.7315E-03 2.4872E-03 1.0763E-02 1.2758E-02 1.2607E-02 1.5729E-02 2.5114E-05 0.0000E+00 0.0000E+00 0.0000E+00 0.0000E+00 0.0000E+00 0.0000E+00 0.0000E+00 0.0000E+00 0.0000E+00 0.0000E+00 7.3680E-04 0.0000E+00 1.7156E-03 1.0012E-03 5.8028E-03 6.4306E-03 0
 0 2.7747E-03 2.7059E-03 1.1244E-02 1.2854E-02 1.2651E-02 1.9834E-02 3.1392E-05 0.0000E+00 0.0000E+00 0.0000E+00 0.0000E+00 0.0000E+00 0.0000E+00 0.0000E+00 0.0000E+00 0.0000E+00 0.0000E+00 4.2581E-04 2.0300E-04 1.7385E-03 1.1471E-03 6.4702E-03 6.3529E-03 0
 0 3.0681E-03 2.7841E-03 1.1369E-02 1.3517E-02 1.2750E-02 2.0388E-02 1.2557E-05 0.0000E+00 0.0000E+00 0.0000E+00 0.0000E+00 0.0000E+00 0.0000E+00 0.0000E+00 0.0000E+00 0.0000E+00 0.0000E+00 9.7123E-04 8.7000E-05 1.3764E-03 1.1745E-03 6.6080E-03 6.6824E-03 0
 0 3.1431E-03 2.8582E-03 1.1853E-02 1.3827E-02 1.3285E-02 2.3362E-02 4.3949E-05 0.0000E+00 0.0000E+00 0.0000E+00 0.0000E+00 0.0000E+00 0.0000E+00 0.0000E+00 0.0000E+00 0.0000E+00 0.0000E+00 2.1051E-04 1.4086E-04 1.7613E-03 1.2885E-03 6.8338E-03 6.8036E-03 0
 0 3.2328E-03 3.1791E-03 1.2214E-02 1.3958E-02 1.4694E-02 2.4116E-02 9.4177E-06 0.0000E+00 0.0000E+00 0.0000E+00 0.0000E+00 0.0000E+00 0.0000E+00 0.0000E+00 0.0000E+00 0.0000E+00 0.0000E+00 8.6119E-05 2.4443E-04 1.7841E-03 1.3615E-03 6.7738E-03 7.1705E-03 0
 0 3.4036E-03 3.2710E-03 1.2651E-02 1.4745E-02 1.4370E-02 2.5879E-02 3.4532E-05 0.0000E+00 0.0000E+00 0.0000E+00 0.0000E+00 0.0000E+00 0.0000E+00 0.0000E+00 0.0000E+00 0.0000E+00 0.0000E+00 2.0573E-04 1.1186E-04 2.5669E-03 1.4368E-03 7.1502E-03 7.3601E-03 0
 0 3.5172E-03 3.5171E-03 1.2669E-02 1.4674E-02 1.5418E-02 2.8587E-02 0.0000E+00 0.0000E+00 0.0000E+00 0.0000E+00 0.0000E+00 0.0000E+00 0.0000E+00 0.0000E+00 0.0000E+00 0.0000E+00 0.0000E+00 3.3969E-04 4.4743E-04 2.5669E-03 1.5029E-03 7.4360E-03 7.2777E-03 0
 0 3.6093E-03 3.6104E-03 1.3030E-02 1.5370E-02 1.5106E-02 2.9644E-02 9.4177E-06 0.0000E+00 0.0000E+00 0.0000E+00 0.0000E+00 0.0000E+00 0.0000E+00 0.0000E+00 0.0000E+00 0.0000E+00 0.0000E+00 7.5593E-04 1.0357E-04 2.8116E-03 1.7355E-03 7.7269E-03 7.4728E-03 0
 0 3.7479E-03 3.9450E-03 1.3145E-02 1.5092E-02 1.5314E-02 2.8330E-02 2.8253E-05 0.0000E+00 0.0000E+00 0.0000E+00 0.0000E+00 0.0000E+00 0.0000E+00 0.0000E+00 0.0000E+00 0.0000E+00 0.0000E+00 4.5452E-04 4.5572E-04 2.9583E-03 1.9408E-03 7.9260E-03 7.8493E-03 0
 0 4.0528E-03 4.0342E-03 1.3668E-02 1.5840E-02 1.5684E-02 3.3892E-02 1.9149E-04 0.0000E+00 0.0000E+00 0.0000E+00 0.0000E+00 0.0000E+00 0.0000E+00 0.0000E+00 0.0000E+00 0.0000E+00 0.0000E+00 0.0000E+00 1.3257E-04 2.8801E-03 1.9567E-03 8.1620E-03 8.1823E-03 0
 0 4.2364E-03 4.2838E-03 1.3695E-02 1.6311E-02 1.7362E-02 3.4360E-02 2.2916E-04 0.0000E+00 0.0000E+00 0.0000E+00 0.0000E+00 0.0000E+00 0.0000E+00 0.0000E+00 0.0000E+00 0.0000E+00 0.0000E+00 5.2628E-05 5.5515E-04 3.0888E-03 2.0229E-03 8.3738E-03 8.2321E-03 0
 0 4.2284E-03 4.5464E-03 1.4757E-02 1.6929E-02 1.7417E-02 3.7406E-02 1.4440E-04 0.0000E+00 0.0000E+00 0.0000E+00 0.0000E+00 0.0000E+00 0.0000E+00 0.0000E+00 0.0000E+00 0.0000E+00 0.0000E+00 0.0000E+00 7.3743E-04 3.0464E-03 2.4265E-03 8.8536E-03 8.3704E-03 0
 0 4.5500E-03 4.7871E-03 1.4772E-02 1.7385E-02 1.8427E-02 3.9182E-02 4.2380E-04 0.0000E+00 0.0000E+00 0.0000E+00 0.0000E+00 0.0000E+00 0.0000E+00 0.0000E+00 0.0000E+00 0.0000E+00 0.0000E+00 0.0000E+00 6.8357E-04 3.6531E-03 2.3946E-03 9.0437E-03 8.6712E-03 0
 0 4.5856E-03 4.9435E-03 1.5219E-02 1.7864E-02 1.8562E-02 4.0968E-02 6.9691E-04 0.0000E+00 0.0000E+00 0.0000E+00 0.0000E+00 0.0000E+00 0.0000E+00 0.0000E+00 0.0000E+00 0.0000E+00 0.0000E+00 2.2487E-04 8.7829E-04 3.2421E-03 2.5679E-03 9.5043E-03 8.7469E-03 0
 0 4.8691E-03 5.3145E-03 1.5575E-02 1.8300E-02 1.9819E-02 4.2330E-02 9.4805E-04 0.0000E+00 0.0000E+00 0.0000E+00 0.0000E+00 0.0000E+00 0.0000E+00 0.0000E+00 0.0000E+00 0.0000E+00 0.0000E+00 5.2628E-05 1.2843E-03 4.2695E-03 2.5907E-03 9.6025E-03 9.0866E-03 0
 0 5.0164E-03 5.4893E-03 1.6442E-02 1.9166E-02 2.1438E-02 4.2473E-02 1.2463E-03 0.0000E+00 0.0000E+00 0.0000E+00 0.0000E+00 0.0000E+00 0.0000E+00 0.0000E+00 0.0000E+00 0.0000E+00 0.0000E+00 0.0000E+00 1.3464E-03 3.9010E-03 2.9739E-03 9.9764E-03 9.1056E-03 0
 0 5.1984E-03 5.6669E-03 1.6710E-02 1.9331E-02 2.1257E-02 4.4136E-02 1.5476E-03 0.0000E+00 0.0000E+00 0.0000E+00 0.0000E+00 0.0000E+00 0.0000E+00 0.0000E+00 0.0000E+00 0.0000E+00 0.0000E+00 5.7413E-05 1.6406E-03 4.7881E-03 3.0811E-03 1.0057E-02 9.4161E-03 0
 0 5.4358E-03 6.1757E-03 1.6710E-02 1.9727E-02 2.1855E-02 4.9284E-02 2.4203E-03 0.0000E+00 0.0000E+00 0.0000E+00 0.0000E+00 0.0000E+00 0.0000E+00 0.0000E+00 0.0000E+00 0.0000E+00 0.0000E+00 5.8848E-04 1.9720E-03 5.0654E-03 3.4710E-03 1.0857E-02 9.6947E-03 0
 0 5.5580E-03 6.6708E-03 1.7174E-02 2.0138E-02 2.2620E-02 4.9327E-02 2.3544E-03 0.0000E+00 0.0000E+00 0.0000E+00 0.0000E+00 0.0000E+00 0.0000E+00 0.0000E+00 0.0000E+00 0.0000E+00 0.0000E+00 2.2965E-04 2.5562E-03 5.0099E-03 3.5645E-03 1.1325E-02 9.9356E-03 0
 0 5.7533E-03 6.9102E-03 1.7648E-02 2.0412E-02 2.4847E-02 5.2572E-02 3.4343E-03 0.0000E+00 0.0000E+00 0.0000E+00 0.0000E+00 0.0000E+00 0.0000E+00 0.0000E+00 0.0000E+00 0.0000E+00 0.0000E+00 1.8659E-04 2.1170E-03 5.3818E-03 3.8268E-03 1.1629E-02 1.0141E-02 0
 0 6.0966E-03 7.2448E-03 1.8142E-02 2.0711E-02 2.4554E-02 5.4483E-02 3.2962E-03 0.0000E+00 0.0000E+00 0.0000E+00 0.0000E+00 0.0000E+00 0.0000E+00 0.0000E+00 0.0000E+00 0.0000E+00 0.0000E+00 5.4064E-04 2.9373E-03 5.6982E-03 3.8952E-03 1.1964E-02 1.0488E-02 0
 0 6.1996E-03 7.4917E-03 1.8676E-02 2.1840E-02 2.5302E-02 5.4491E-02 3.9994E-03 0.0000E+00 0.0000E+00 0.0000E+00 0.0000E+00 0.0000E+00 0.0000E+00 0.0000E+00 0.0000E+00 0.0000E+00 0.0000E+00 6.1719E-04 3.3723E-03 5.7047E-03 4.2441E-03 1.2572E-02 1.0756E-02 0
 0 6.3988E-03 7.9882E-03 1.8913E-02 2.2303E-02 2.7020E-02 5.6228E-02 5.3775E-03 0.0000E+00 0.0000E+00 0.0000E+00 0.0000E+00 0.0000E+00 0.0000E+00 0.0000E+00 0.0000E+00 0.0000E+00 0.0000E+00 4.6409E-04 2.9622E-03 6.0635E-03 4.5634E-03 1.2540E-02 1.1120E-02 0
 0 6.6545E-03 8.6890E-03 1.9265E-02 2.3034E-02 2.6188E-02 5.8237E-02 6.7337E-03 0.0000E+00 0.0000E+00 0.0000E+00 0.0000E+00 0.0000E+00 0.0000E+00 0.0000E+00 0.0000E+00 0.0000E+00 0.0000E+00 1.3731E-03 3.5214E-03 7.3323E-03 4.8029E-03 1.3250E-02 1.1110E-02 0
 0 6.8899E-03 8.6170E-03 1.9293E-02 2.3220E-02 2.7004E-02 5.7731E-02 7.2736E-03 0.0000E+00 0.0000E+00 0.0000E+00 0.0000E+00 0.0000E+00 0.0000E+00 0.0000E+00 0.0000E+00 0.0000E+00 0.0000E+00 8.0378E-04 5.2035E-03 7.4921E-03 5.0674E-03 1.3440E-02 1.1468E-02 0
 0 7.0671E-03 9.3391E-03 2.0410E-02 2.3655E-02 2.8473E-02 6.0905E-02 8.9845E-03 0.0000E+00 0.0000E+00 0.0000E+00 0.0000E+00 0.0000E+00 0.0000E+00 0.0000E+00 0.0000E+00 0.0000E+00 0.0000E+00 2.3826E-03 5.3112E-03 8.0727E-03 5.1655E-03 1.4113E-02 1.1713E-02 0
 0 7.1802E-03 9.8760E-03 2.0966E-02 2.4198E-02 3.0240E-02 6.1325E-02 1.0620E-02 0.0000E+00 0.0000E+00 0.0000E+00 0.0000E+00 0.0000E+00 0.0000E+00 0.0000E+00 0.0000E+00 0.0000E+00 0.0000E+00 2.6171E-03 4.8430E-03 7.8770E-03 5.4871E-03 1.4616E-02 1.1972E-02 0
 0 7.4160E-03 1.0449E-02 2.1370E-02 2.5285E-02 2.9163E-02 6.5367E-02 1.1198E-02 0.0000E+00 0.0000E+00 0.0000E+00 0.0000E+00 0.0000E+00 0.0000E+00 0.0000E+00 0.0000E+00 0.0000E+00 0.0000E+00 2.8228E-03 5.6177E-03 7.4432E-03 5.5965E-03 1.5237E-02 1.2225E-02 0
 0 7.5936E-03 1.0927E-02 2.1791E-02 2.5327E-02 2.9630E-02 6.5367E-02 1.3508E-02 0.0000E+00 0.0000E+00 0.0000E+00 0.0000E+00 0.0000E+00 0.0000E+00 0.0000E+00 0.0000E+00 0.0000E+00 0.0000E+00 3.3395E-03 8.0910E-03 8.3532E-03 6.3240E-03 1.5708E-02 1.2182E-02 0
 0 7.8266E-03 1.1583E-02 2.2322E-02 2.7084E-02 3.1874E-02 6.4556E-02 1.4896E-02 0.0000E+00 0.0000E+00 0.0000E+00 0.0000E+00 0.0000E+00 0.0000E+00 0.0000E+00 0.0000E+00 0.0000E+00 2.9969E-04 3.6409E-03 6.6079E-03 9.2306E-03 6.7756E-03 1.5444E-02 1.2848E-02 0
 0 8.1272E-03 1.1820E-02 2.3218E-02 2.6549E-02 3.3017E-02 6.7372E-02 1.7837E-02 0.0000E+00 0.0000E+00 0.0000E+00 0.0000E+00 0.0000E+00 0.0000E+00 0.0000E+00 0.0000E+00 0.0000E+00 2.9461E-04 3.2055E-03 9.5162E-03 1.0535E-02 6.9147E-03 1.6362E-02 1.3198E-02 0
 0 8.4071E-03 1.2400E-02 2.2778E-02 2.7471E-02 3.3261E-02 6.7784E-02 1.9024E-02 0.0000E+00 0.0000E+00 0.0000E+00 0.0000E+00 0.0000E+00 0.0000E+00 0.0000E+00 0.0000E+00 0.0000E+00 4.0636E-05 6.9087E-03 1.0162E-02 1.0666E-02 7.0219E-03 1.7018E-02 1.3398E-02 0
 0 8.6090E-03 1.2816E-02 2.3755E-02 2.7586E-02 3.5512E-02 6.6755E-02 2.3522E-02 0.0000E+00 0.0000E+00 0.0000E+00 0.0000E+00 0.0000E+00 0.0000E+00 0.0000E+00 0.0000E+00 0.0000E+00 3.3779E-03 9.7458E-03 1.1571E-02 9.7002E-03 7.7517E-03 1.8043E-02 1.3853E-02 0
 0 8.7854E-03 1.3469E-02 2.4733E-02 2.8307E-02 3.5266E-02 7.0983E-02 2.6423E-02 0.0000E+00 0.0000E+00 0.0000E+00 0.0000E+00 0.0000E+00 0.0000E+00 0.0000E+00 0.0000E+00 0.0000E+00 3.9621E-03 8.8320E-03 1.2482E-02 1.1925E-02 7.9660E-03 1.8010E-02 1.3911E-02 0
 0 8.9458E-03 1.3879E-02 2.4695E-02 2.8902E-02 3.6766E-02 7.0377E-02 2.9873E-02 0.0000E+00 0.0000E+00 0.0000E+00 0.0000E+00 0.0000E+00 0.0000E+00 0.0000E+00 0.0000E+00 0.0000E+00 2.1944E-03 1.1018E-02 1.3576E-02 1.1729E-02 8.9991E-03 1.8585E-02 1.4366E-02 0
 0 9.2999E-03 1.4967E-02 2.5264E-02 2.9627E-02 3.6604E-02 7.0740E-02 3.3361E-02 0.0000E+00 0.0000E+00 0.0000E+00 0.0000E+00 0.0000E+00 0.0000E+00 0.0000E+00 0.0000E+00 0.0000E+00 3.9671E-03 1.0530E-02 1.3663E-02 1.2750E-02 8.9855E-03 1.9456E-02 1.4705E-02 0
 0 9.5189E-03 1.5540E-02 2.5753E-02 2.9295E-02 3.7933E-02 7.1903E-02 3.9583E-02 0.0000E+00 0.0000E+00 0.0000E+00 0.0000E+00 0.0000E+00 0.0000E+00 0.0000E+00 0.0000E+00 0.0000E+00 5.3386E-03 1.2927E-02 1.5478E-02 1.3370E-02 9.8338E-03 2.0409E-02 1.5012E-02 0
 0 9.7207E-03 1.6102E-02 2.7109E-02 3.0020E-02 3.9148E-02 7.3157E-02 4.2063E-02 0.0000E+00 0.0000E+00 0.0000E+00 0.0000E+00 0.0000E+00 0.0000E+00 0.0000E+00 0.0000E+00 0.0000E+00 9.5394E-03 1.6889E-02 1.6580E-02 1.3888E-02 1.0281E-02 2.0809E-02 1.5115E-02 0
 0 9.9746E-03 1.6594E-02 2.6913E-02 3.0750E-02 3.9289E-02 7.4348E-02 4.7223E-02 0.0000E+00 0.0000E+00 0.0000E+00 0.0000E+00 0.0000E+00 0.0000E+00 3.9961E-04 0.0000E+00 0.0000E+00 5.6231E-03 1.7664E-02 1.8896E-02 1.4068E-02 1.0297E-02 2.0970E-02 1.5308E-02 0
 0 1.0155E-02 1.7676E-02 2.7957E-02 3.1163E-02 4.2189E-02 7.2063E-02 5.3128E-02 0.0000E+00 0.0000E+00 0.0000E+00 0.0000E+00 0.0000E+00 0.0000E+00 3.9961E-04 3.5801E-05 0.0000E+00 8.3762E-03 1.9286E-02 1.9675E-02 1.4606E-02 1.1211E-02 2.1790E-02 1.6097E-02 0
 0 1.0454E-02 1.7927E-02 2.7678E-02 3.2232E-02 4.2278E-02 7.4285E-02 5.6676E-02 0.0000E+00 0.0000E+00 0.0000E+00 0.0000E+00 0.0000E+00 0.0000E+00 2.4976E-04 6.4953E-04 0.0000E+00 7.7971E-03 2.2046E-02 2.0942E-02 1.5177E-02 1.1389E-02 2.2767E-02 1.5976E-02 0
 0 1.0626E-02 1.8668E-02 2.8864E-02 3.3496E-02 4.3607E-02 7.5531E-02 6.4954E-02 0.0000E+00 0.0000E+00 0.0000E+00 0.0000E+00 0.0000E+00 0.0000E+00 1.7483E-04 2.0458E-05 0.0000E+00 1.0769E-02 2.3429E-02 2.3130E-02 1.6087E-02 1.2406E-02 2.3165E-02 1.6641E-02 0
 0 1.0811E-02 1.9583E-02 2.9119E-02 3.3642E-02 4.5462E-02 7.4834E-02 6.7556E-02 0.0000E+00 0.0000E+00 0.0000E+00 0.0000E+00 0.0000E+00 0.0000E+00 6.8933E-04 6.6487E-05 0.0000E+00 9.0873E-03 2.7888E-02 2.5943E-02 1.5875E-02 1.2637E-02 2.3280E-02 1.6603E-02 0
 0 1.1245E-02 1.9732E-02 2.9620E-02 3.4275E-02 4.5058E-02 7.6222E-02 7.3844E-02 0.0000E+00 0.0000E+00 0.0000E+00 0.0000E+00 2.6270E-05 0.0000E+00 1.6284E-03 2.1992E-04 0.0000E+00 1.0550E-02 2.8644E-02 2.7355E-02 1.7238E-02 1.3478E-02 2.4421E-02 1.7409E-02 0
 0 1.1215E-02 2.1059E-02 3.0276E-02 3.4772E-02 4.6527E-02 7.5380E-02 8.2260E-02 0.0000E+00 0.0000E+00 3.6024E-05 0.0000E+00 3.9405E-05 0.0000E+00 2.5775E-03 2.4549E-04 0.0000E+00 1.1404E-02 3.5495E-02 2.8387E-02 1.8207E-02 1.4511E-02 2.5925E-02 1.7488E-02 0
 0 1.1602E-02 2.1773E-02 3.1154E-02 3.5826E-02 4.7524E-02 7.6945E-02 8.8960E-02 9.7059E-06 0.0000E+00 0.0000E+00 0.0000E+00 2.3205E-04 0.0000E+00 2.1529E-03 4.6030E-04 0.0000E+00 1.7789E-02 3.9959E-02 3.1324E-02 1.8536E-02 1.4402E-02 2.5586E-02 1.7788E-02 0
 0 1.1875E-02 2.2819E-02 3.1696E-02 3.6346E-02 4.8413E-02 7.5997E-02 9.2789E-02 8.4118E-05 0.0000E+00 4.6831E-05 0.0000E+00 5.1227E-04 0.0000E+00 4.1260E-03 1.5855E-04 0.0000E+00 1.5269E-02 3.9739E-02 3.2252E-02 1.8376E-02 1.5296E-02 2.6991E-02 1.8003E-02 0
 0 1.2124E-02 2.3167E-02 3.2066E-02 3.6643E-02 4.8819E-02 7.5071E-02 9.9978E-02 5.5000E-05 3.3345E-06 5.4036E-05 0.0000E+00 1.0596E-03 2.4186E-04 5.4147E-03 6.9045E-04 0.0000E+00 1.9572E-02 4.5571E-02 3.6544E-02 1.8663E-02 1.5823E-02 2.7709E-02 1.8318E-02 0
 0 1.2290E-02 2.4205E-02 3.2768E-02 3.6618E-02 5.0666E-02 7.8305E-02 1.0564E-01 2.4912E-04 0.0000E+00 9.3662E-05 1.5895E-05 1.1865E-03 2.5609E-04 8.5617E-03 1.6826E-03 0.0000E+00 1.8769E-02 4.7897E-02 3.6333E-02 1.9397E-02 1.6869E-02 2.8569E-02 1.8724E-02 0
 0 1.2251E-02 2.4918E-02 3.3742E-02 3.8429E-02 5.2821E-02 7.8348E-02 1.1360E-01 5.3383E-04 1.0004E-05 2.3776E-04 4.3712E-05 1.9309E-03 6.6394E-05 1.4001E-02 2.7055E-03 0.0000E+00 2.2401E-02 5.2518E-02 3.6205E-02 2.0522E-02 1.7770E-02 2.9095E-02 1.8915E-02 0
 0 1.2717E-02 2.5598E-02 3.4115E-02 3.9221E-02 5.1090E-02 7.8522E-02 1.1745E-01 1.3394E-03 3.3345E-05 3.9266E-04 0.0000E+00 3.1305E-03 3.9836E-04 1.8162E-02 4.1836E-03 0.0000E+00 2.0618E-02 5.7791E-02 4.0389E-02 2.1892E-02 1.8459E-02 2.9882E-02 1.9242E-02 0
 0 1.2890E-02 2.6932E-02 3.5092E-02 3.9383E-02 5.3804E-02 7.8016E-02 1.2595E-01 2.7500E-03 4.0014E-05 6.0520E-04 2.7817E-05 3.5027E-03 4.0785E-04 1.7633E-02 2.8948E-03 0.0000E+00 2.7988E-02 5.9350E-02 4.1010E-02 2.2564E-02 1.9472E-02 3.0863E-02 1.9836E-02 0
 0 1.2939E-02 2.7729E-02 3.5546E-02 3.9614E-02 5.3499E-02 7.5454E-02 1.3004E-01 5.2380E-03 1.7339E-04 1.1888E-03 5.1660E-05 5.5955E-03 1.4844E-03 2.4007E-02 5.8509E-03 0.0000E+00 2.4473E-02 6.6599E-02 4.4478E-02 2.3324E-02 2.0190E-02 3.1738E-02 2.0158E-02 0
 0 1.3268E-02 2.8315E-02 3.6007E-02 4.0874E-02 5.4344E-02 7.7102E-02 1.3783E-01 9.0718E-03 4.9351E-04 1.5815E-03 7.1529E-05 8.3014E-03 2.1957E-03 3.0131E-02 5.8765E-03 0.0000E+00 2.8740E-02 6.5312E-02 4.7730E-02 2.3187E-02 2.0913E-02 3.2431E-02 2.0158E-02 0
 0 1.3282E-02 2.9498E-02 3.6260E-02 4.0960E-02 5.3566E-02 8.0664E-02 1.4225E-01 1.4433E-02 9.6701E-04 2.8279E-03 1.7485E-04 1.0517E-02 4.3962E-03 3.9072E-02 8.3212E-03 0.0000E+00 3.5222E-02 7.4761E-02 4.8778E-02 2.5797E-02 2.1282E-02 3.2620E-02 2.0715E-02 0
 0 1.3689E-02 3.0520E-02 3.7537E-02 4.2383E-02 5.6885E-02 7.8236E-02 1.4677E-01 2.3427E-02 2.0007E-03 4.6651E-03 3.4572E-04 1.7185E-02 7.3650E-03 4.1839E-02 9.1599E-03 0.0000E+00 3.2006E-02 7.5000E-02 4.9955E-02 2.5281E-02 2.2831E-02 3.4016E-02 2.0888E-02 0
 0 1.3851E-02 3.1106E-02 3.8333E-02 4.2387E-02 5.8248E-02 7.8999E-02 1.5140E-01 3.5847E-02 4.2915E-03 6.7149E-03 8.5040E-04 1.9541E-02 9.8453E-03 4.9477E-02 1.0858E-02 0.0000E+00 3.8686E-02 7.8306E-02 5.4193E-02 2.5193E-02 2.3554E-02 3.4331E-02 2.1124E-02 0
 0 1.3939E-02 3.1296E-02 3.8081E-02 4.2853E-02 5.8960E-02 7.8102E-02 1.6114E-01 5.3328E-02 7.6960E-03 9.7625E-03 1.4028E-03 2.5587E-02 1.4830E-02 5.9137E-02 1.2704E-02 0.0000E+00 3.6918E-02 8.0258E-02 5.5038E-02 2.7398E-02 2.4892E-02 3.5528E-02 2.1436E-02 0
 0 1.4121E-02 3.2702E-02 3.8980E-02 4.3946E-02 6.1770E-02 7.9302E-02 1.6063E-01 7.1478E-02 1.2021E-02 1.4431E-02 2.0267E-03 3.0719E-02 2.1350E-02 7.0272E-02 1.8535E-02 0.0000E+00 4.5457E-02 8.8152E-02 5.4620E-02 2.6367E-02 2.4922E-02 3.7051E-02 2.1697E-02 0
 0 1.4321E-02 3.2813E-02 3.9219E-02 4.3469E-02 5.8631E-02 7.8730E-02 1.6763E-01 9.7344E-02 1.9534E-02 2.0242E-02 3.6400E-03 4.0044E-02 2.7871E-02 7.4762E-02 1.7895E-02 0.0000E+00 4.1845E-02 9.0090E-02 5.7105E-02 2.8240E-02 2.5679E-02 3.7582E-02 2.1826E-02 0
 0 1.4469E-02 3.4583E-02 4.0764E-02 4.5037E-02 6.0979E-02 7.9036E-02 1.7378E-01 1.2825E-01 3.1324E-02 2.5962E-02 5.8853E-03 4.5491E-02 3.2144E-02 8.5247E-02 2.0923E-02 0.0000E+00 3.7568E-02 9.3922E-02 5.9102E-02 2.8618E-02 2.7289E-02 3.8692E-02 2.2199E-02 0
 0 1.4616E-02 3.5180E-02 4.1126E-02 4.4581E-02 6.3230E-02 7.7491E-02 1.7559E-01 1.6406E-01 4.7173E-02 3.5840E-02 8.8140E-03 5.3635E-02 5.0047E-02 8.7904E-02 2.1588E-02 0.0000E+00 4.2282E-02 9.5913E-02 6.2702E-02 2.8706E-02 2.7709E-02 3.9162E-02 2.2798E-02 0
 0 1.4789E-02 3.6485E-02 4.2119E-02 4.6404E-02 6.3620E-02 7.7942E-02 1.8310E-01 2.0123E-01 6.7154E-02 4.8993E-02 1.3992E-02 6.5973E-02 5.7023E-02 9.1995E-02 1.9864E-02 0.0000E+00 4.3755E-02 1.0106E-01 6.2984E-02 2.9998E-02 2.9073E-02 4.0246E-02 2.3105E-02 0
 0 1.4869E-02 3.7202E-02 4.2568E-02 4.6631E-02 6.4157E-02 7.9053E-02 1.8526E-01 2.4201E-01 8.9501E-02 5.7988E-02 1.9901E-02 7.4112E-02 7.2156E-02 9.2909E-02 2.5833E-02 0.0000E+00 4.1094E-02 1.0366E-01 6.7852E-02 3.1739E-02 2.9985E-02 4.1336E-02 2.3259E-02 0
 0 1.5112E-02 3.7817E-02 4.3347E-02 4.7551E-02 6.3676E-02 7.7148E-02 1.8872E-01 2.8099E-01 1.1774E-01 7.0812E-02 2.6955E-02 8.2515E-02 8.5582E-02 1.0587E-01 2.4421E-02 0.0000E+00 4.8723E-02 1.0250E-01 6.8908E-02 3.2897E-02 3.0678E-02 4.2351E-02 2.3539E-02 0
 0 1.5316E-02 3.8881E-02 4.2847E-02 4.7981E-02 6.5765E-02 7.7639E-02 1.8977E-01 3.2486E-01 1.5491E-01 8.8943E-02 3.7227E-02 9.3859E-02 1.0122E-01 1.1048E-01 2.8421E-02 0.0000E+00 5.0755E-02 1.0489E-01 6.8407E-02 3.1981E-02 3.2459E-02 4.2964E-02 2.3912E-02 0
 0 1.5233E-02 3.9952E-02 4.4417E-02 4.8372E-02 6.6641E-02 7.5765E-02 1.9249E-01 3.6059E-01 1.9385E-01 9.9459E-02 4.8056E-02 1.0749E-01 1.1887E-01 1.1294E-01 2.8538E-02 0.0000E+00 4.8769E-02 1.0835E-01 7.0636E-02 3.3599E-02 3.3276E-02 4.3690E-02 2.3857E-02 0
 0 1.5391E-02 4.0499E-02 4.5292E-02 4.9108E-02 6.6738E-02 7.7148E-02 1.9628E-01 3.9724E-01 2.3120E-01 1.2187E-01 6.0196E-02 1.1657E-01 1.3900E-01 1.1164E-01 2.6922E-02 0.0000E+00 5.3798E-02 1.1128E-01 7.0387E-02 3.4049E-02 3.5584E-02 4.4711E-02 2.4356E-02 0
 0 1.5465E-02 4.1316E-02 4.5282E-02 4.9777E-02 6.7316E-02 7.8073E-02 1.9648E-01 4.2791E-01 2.7255E-01 1.4008E-01 7.6663E-02 1.2419E-01 1.5192E-01 1.2165E-01 2.6309E-02 0.0000E+00 4.4477E-02 1.1176E-01 7.3727E-02 3.4828E-02 3.5107E-02 4.5624E-02 2.4327E-02 0
 0 1.5629E-02 4.1438E-02 4.5902E-02 5.0612E-02 6.7980E-02 7.7925E-02 1.9857E-01 4.5692E-01 3.2032E-01 1.5614E-01 9.4085E-02 1.3158E-01 1.6705E-01 1.2127E-01 3.0589E-02 0.0000E+00 5.0460E-02 1.1074E-01 7.6241E-02 3.7085E-02 3.6843E-02 4.6353E-02 2.4869E-02 0
 0 1.5576E-02 4.3160E-02 4.7172E-02 5.0828E-02 6.9418E-02 7.7202E-02 1.9761E-01 4.7241E-01 3.5332E-01 1.7896E-01 1.0932E-01 1.4953E-01 1.7518E-01 1.1879E-01 3.1730E-02 0.0000E+00 5.2462E-02 1.1614E-01 7.7174E-02 3.8096E-02 3.8022E-02 4.7105E-02 2.5548E-02 0
 0 1.5763E-02 4.3729E-02 4.6774E-02 5.2163E-02 7.0367E-02 7.6782E-02 1.9837E-01 4.9718E-01 3.9156E-01 1.9421E-01 1.2720E-01 1.5622E-01 1.9393E-01 1.2125E-01 3.1024E-02 0.0000E+00 4.7220E-02 1.1305E-01 7.8673E-02 3.8961E-02 3.9812E-02 4.9139E-02 2.5236E-02 0
 0 1.5993E-02 4.4676E-02 4.7663E-02 5.2990E-02 6.9737E-02 7.7959E-02 1.9809E-01 5.0412E-01 4.2536E-01 2.1882E-01 1.4946E-01 1.6273E-01 2.0179E-01 1.1740E-01 3.3888E-02 0.0000E+00 5.4199E-02 1.1770E-01 7.9738E-02 3.8031E-02 3.9785E-02 4.9711E-02 2.5842E-02 0
 0 1.5912E-02 4.5209E-02 4.8422E-02 5.3038E-02 6.9589E-02 7.5260E-02 1.9962E-01 5.0264E-01 4.5925E-01 2.3582E-01 1.6913E-01 1.6998E-01 2.0385E-01 1.1644E-01 3.1203E-02 0.0000E+00 4.4121E-02 1.1940E-01 8.1768E-02 3.8974E-02 4.2090E-02 5.0064E-02 2.5514E-02 0
 0 1.5843E-02 4.6551E-02 4.8496E-02 5.4789E-02 7.0630E-02 7.7111E-02 1.9730E-01 5.0187E-01 4.7631E-01 2.5068E-01 1.9432E-01 1.7425E-01 2.0753E-01 1.2209E-01 3.3811E-02 0.0000E+00 4.7738E-02 1.1456E-01 8.5787E-02 3.9920E-02 4.3707E-02 5.2004E-02 2.5909E-02 0
 0 1.5910E-02 4.6588E-02 4.9774E-02 5.4345E-02 7.1654E-02 7.6959E-02 1.9696E-01 4.9000E-01 4.9253E-01 2.6397E-01 2.1289E-01 1.8253E-01 2.1559E-01 1.1308E-01 3.0758E-02 0.0000E+00 5.1745E-02 1.1933E-01 8.1954E-02 4.0582E-02 4.4369E-02 5.2898E-02 2.6402E-02 0
 0 1.6029E-02 4.7631E-02 5.0201E-02 5.5230E-02 7.2705E-02 7.4988E-02 1.9523E-01 4.8285E-01 5.0659E-01 2.8147E-01 2.2837E-01 1.8618E-01 2.1968E-01 1.0962E-01 2.9771E-02 0.0000E+00 5.0166E-02 1.1178E-01 8.5637E-02 4.2715E-02 4.6129E-02 5.4073E-02 2.6134E-02 0
 0 1.6170E-02 4.8281E-02 5.0818E-02 5.6477E-02 7.4262E-02 7.7245E-02 1.9508E-01 4.6943E-01 5.0529E-01 2.9569E-01 2.3926E-01 1.8675E-01 2.2303E-01 1.0589E-01 3.0589E-02 0.0000E+00 4.3786E-02 1.1469E-01 8.8111E-02 4.1935E-02 4.7180E-02 5.3625E-02 2.6406E-02 0
 0 1.6204E-02 4.8943E-02 5.1529E-02 5.6511E-02 7.4675E-02 7.5540E-02 1.8993E-01 4.5129E-01 5.0124E-01 3.0401E-01 2.5605E-01 1.8677E-01 2.2117E-01 9.8774E-02 3.0891E-02 0.0000E+00 4.6930E-02 1.1604E-01 8.6072E-02 4.3185E-02 4.8613E-02 5.4983E-02 2.6550E-02 0
 0 1.6074E-02 4.9706E-02 5.3213E-02 5.6860E-02 7.4475E-02 7.6628E-02 1.9210E-01 4.2893E-01 5.0378E-01 3.0650E-01 2.6988E-01 1.9069E-01 2.1423E-01 1.0489E-01 2.9270E-02 0.0000E+00 4.7621E-02 1.1201E-01 8.8537E-02 4.3847E-02 4.9612E-02 5.6616E-02 2.6798E-02 0
 0 1.6372E-02 5.0256E-02 5.2057E-02 5.8830E-02 7.4830E-02 7.4334E-02 1.8651E-01 4.0806E-01 4.8997E-01 3.2039E-01 2.7582E-01 1.9567E-01 2.2233E-01 9.1696E-02 2.8012E-02 0.0000E+00 4.4944E-02 1.1337E-01 8.7249E-02 4.5628E-02 5.1333E-02 5.6698E-02 2.7027E-02 0
 0 1.6347E-02 5.0273E-02 5.2948E-02 5.7628E-02 7.5293E-02 7.4971E-02 1.8350E-01 3.8455E-01 4.7518E-01 3.2345E-01 2.8697E-01 1.8882E-01 2.1298E-01 8.7874E-02 2.6846E-02 0.0000E+00 4.3994E-02 1.1160E-01 8.7415E-02 4.6009E-02 5.1926E-02 5.8553E-02 2.7251E-02 0
 0 1.6303E-02 5.1517E-02 5.2947E-02 5.9643E-02 7.5329E-02 7.5165E-02 1.8654E-01 3.5858E-01 4.5747E-01 3.2400E-01 2.8843E-01 1.9341E-01 2.0952E-01 9.4563E-02 2.4759E-02 0.0000E+00 4.1144E-02 1.1027E-01 8.8579E-02 4.8853E-02 5.4129E-02 5.8522E-02 2.7451E-02 0
 0 1.6353E-02 5.1976E-02 5.4626E-02 5.9647E-02 7.6685E-02 7.4103E-02 1.8128E-01 3.3857E-01 4.3829E-01 3.2574E-01 2.8876E-01 1.8472E-01 1.9716E-01 8.6056E-02 2.3583E-02 0.0000E+00 3.9544E-02 1.0761E-01 8.8653E-02 5.0037E-02 5.4380E-02 6.0472E-02 2.7540E-02 0
 0 1.6236E-02 5.2773E-02 5.4487E-02 5.9791E-02 7.7895E-02 7.3754E-02 1.8112E-01 3.2081E-01 4.1970E-01 3.2572E-01 2.9236E-01 1.9163E-01 1.9492E-01 7.8109E-02 2.3179E-02 0.0000E+00 4.1155E-02 1.0572E-01 8.8703E-02 5.0403E-02 5.6670E-02 6.0061E-02 2.7597E-02 0
 0 1.6299E-02 5.2898E-02 5.4976E-02 6.2261E-02 7.7617E-02 7.5208E-02 1.7743E-01 2.9425E-01 3.8644E-01 3.2547E-01 2.9096E-01 1.8208E-01 1.8158E-01 7.5147E-02 2.5613E-02 0.0000E+00 3.7010E-02 1.0741E-01 9.1512E-02 5.0227E-02 5.7628E-02 6.1824E-02 2.7881E-02 0
 0 1.6293E-02 5.2900E-02 5.6333E-02 6.1667E-02 7.9197E-02 7.5588E-02 1.7429E-01 2.7187E-01 3.6407E-01 3.1870E-01 2.8962E-01 1.8365E-01 1.7483E-01 7.2634E-02 2.7884E-02 0.0000E+00 3.6329E-02 1.0906E-01 8.9768E-02 5.0977E-02 6.0043E-02 6.2150E-02 2.7570E-02 0
 0 1.6280E-02 5.3554E-02 5.6329E-02 6.1879E-02 7.8069E-02 7.4568E-02 1.7011E-01 2.5385E-01 3.4548E-01 3.1379E-01 2.8946E-01 1.7566E-01 1.7089E-01 7.2040E-02 2.1777E-02 0.0000E+00 3.6781E-02 1.0405E-01 8.7473E-02 5.2758E-02 5.9384E-02 6.2747E-02 2.8192E-02 0
 0 1.6173E-02 5.4601E-02 5.7484E-02 6.2848E-02 7.7169E-02 7.3808E-02 1.6729E-01 2.2931E-01 3.2309E-01 3.0647E-01 2.8186E-01 1.7429E-01 1.6288E-01 6.6305E-02 2.0693E-02 0.0000E+00 3.9433E-02 9.7405E-02 9.0460E-02 5.2924E-02 6.2734E-02 6.4289E-02 2.8279E-02 0
 0 1.6098E-02 5.4560E-02 5.7723E-02 6.4431E-02 7.8917E-02 7.3351E-02 1.6405E-01 2.1335E-01 3.0016E-01 2.9733E-01 2.7208E-01 1.6954E-01 1.5188E-01 5.9532E-02 2.0719E-02 0.0000E+00 3.8153E-02 9.8353E-02 8.7473E-02 5.3563E-02 6.3477E-02 6.5138E-02 2.8231E-02 0
 0 1.6073E-02 5.4823E-02 5.7988E-02 6.3876E-02 7.9243E-02 7.5000E-02 1.6372E-01 1.9822E-01 2.7588E-01 2.9078E-01 2.6318E-01 1.6326E-01 1.4812E-01 6.0301E-02 1.9271E-02 0.0000E+00 3.3490E-02 9.7252E-02 8.9097E-02 5.4643E-02 6.4424E-02 6.5665E-02 2.8498E-02 0
 0 1.6119E-02 5.5253E-02 5.8992E-02 6.4048E-02 7.9154E-02 7.2700E-02 1.5851E-01 1.8179E-01 2.5396E-01 2.8448E-01 2.6476E-01 1.5947E-01 1.3683E-01 5.6090E-02 2.2488E-02 0.0000E+00 3.3957E-02 9.2061E-02 8.9399E-02 5.6597E-02 6.5642E-02 6.6110E-02 2.8412E-02 0
 0 1.6041E-02 5.5735E-02 5.9692E-02 6.5652E-02 7.9699E-02 7.4080E-02 1.5575E-01 1.6424E-01 2.3834E-01 2.7069E-01 2.4778E-01 1.5491E-01 1.3049E-01 5.3523E-02 2.0381E-02 0.0000E+00 3.4566E-02 9.0669E-02 8.8914E-02 5.7513E-02 6.7395E-02 6.7547E-02 2.8339E-02 0
 0 1.6069E-02 5.6006E-02 5.9742E-02 6.5761E-02 8.0076E-02 7.4105E-02 1.5293E-01 1.5418E-01 2.1444E-01 2.6078E-01 2.4060E-01 1.4997E-01 1.1839E-01 4.8703E-02 2.2237E-02 0.0000E+00 3.1437E-02 8.7172E-02 9.0369E-02 5.8214E-02 6.8451E-02 6.8473E-02 2.8389E-02 0
 0 1.5886E-02 5.6004E-02 5.9846E-02 6.5660E-02 7.8389E-02 7.3223E-02 1.4741E-01 1.4134E-01 1.9943E-01 2.5400E-01 2.3376E-01 1.4523E-01 1.1129E-01 4.8822E-02 2.0657E-02 0.0000E+00 3.2738E-02 8.8396E-02 9.0820E-02 5.7901E-02 7.1396E-02 6.9146E-02 2.8547E-02 0
 0 1.5707E-02 5.6280E-02 5.9687E-02 6.6424E-02 8.1168E-02 7.2826E-02 1.4664E-01 1.2627E-01 1.8321E-01 2.4538E-01 2.2805E-01 1.4540E-01 1.1011E-01 4.4612E-02 1.9435E-02 0.0000E+00 3.3363E-02 8.2564E-02 8.8355E-02 5.7758E-02 7.1633E-02 7.0104E-02 2.8698E-02 0
 0 1.5824E-02 5.6655E-02 6.0929E-02 6.6644E-02 8.1584E-02 7.3197E-02 1.4438E-01 1.1627E-01 1.7004E-01 2.3480E-01 2.1525E-01 1.3867E-01 1.0013E-01 4.0276E-02 1.8540E-02 0.0000E+00 2.7719E-02 8.3689E-02 8.8314E-02 5.9793E-02 7.2559E-02 7.0444E-02 2.8428E-02 0
 0 1.5827E-02 5.6677E-02 6.1885E-02 6.8505E-02 8.2465E-02 7.1589E-02 1.4007E-01 1.0807E-01 1.5427E-01 2.2254E-01 2.0155E-01 1.3325E-01 9.3857E-02 4.3158E-02 1.6760E-02 0.0000E+00 2.6698E-02 8.0650E-02 8.9619E-02 6.1473E-02 7.5284E-02 7.1191E-02 2.8425E-02 0
 0 1.5753E-02 5.6801E-02 6.1002E-02 6.9137E-02 8.2252E-02 7.3320E-02 1.3566E-01 9.9382E-02 1.4050E-01 2.1382E-01 1.9359E-01 1.2684E-01 8.7005E-02 3.9372E-02 2.0304E-02 0.0000E+00 2.7084E-02 8.0469E-02 9.0712E-02 6.0974E-02 7.4730E-02 7.2278E-02 2.8398E-02 0
 0 1.5673E-02 5.7328E-02 6.2769E-02 6.8736E-02 8.3083E-02 7.2443E-02 1.3373E-01 8.9152E-02 1.2925E-01 2.0554E-01 1.8465E-01 1.2199E-01 8.2675E-02 3.8652E-02 1.7200E-02 0.0000E+00 2.6749E-02 7.9407E-02 8.7841E-02 6.3854E-02 7.7870E-02 7.2568E-02 2.8635E-02 0
 0 1.5528E-02 5.7860E-02 6.2400E-02 6.8409E-02 8.3557E-02 7.2129E-02 1.2926E-01 8.2976E-02 1.1694E-01 1.9507E-01 1.7626E-01 1.2125E-01 7.4205E-02 3.6105E-02 1.6208E-02 0.0000E+00 2.5530E-02 7.6904E-02 8.8123E-02 6.4125E-02 7.9254E-02 7.3860E-02 2.8662E-02 0
 0 1.5414E-02 5.7420E-02 6.2830E-02 7.0820E-02 8.3109E-02 7.1106E-02 1.2422E-01 7.6796E-02 1.1059E-01 1.8668E-01 1.6775E-01 1.1562E-01 7.5087E-02 3.1579E-02 1.5456E-02 0.0000E+00 2.4275E-02 7.4436E-02 8.6607E-02 6.6098E-02 8.0290E-02 7.3929E-02 2.8673E-02 0
 0 1.5042E-02 5.7886E-02 6.3644E-02 7.1464E-02 8.2642E-02 7.2829E-02 1.2163E-01 6.9737E-02 9.7121E-02 1.8004E-01 1.5971E-01 1.1281E-01 6.8817E-02 3.1789E-02 1.6233E-02 0.0000E+00 2.3229E-02 7.1862E-02 8.8372E-02 6.5945E-02 8.1505E-02 7.5991E-02 2.8466E-02 0
 0 1.5142E-02 5.7816E-02 6.3845E-02 7.0735E-02 8.3371E-02 7.3123E-02 1.1738E-01 6.5301E-02 9.2276E-02 1.6972E-01 1.5156E-01 1.1177E-01 6.6072E-02 3.0176E-02 1.6151E-02 0.0000E+00 2.2497E-02 7.1838E-02 8.7850E-02 6.6933E-02 8.3727E-02 7.5461E-02 2.8501E-02 0
 0 1.5004E-02 5.8449E-02 6.4135E-02 7.1832E-02 8.3995E-02 7.0626E-02 1.1462E-01 6.0471E-02 8.3236E-02 1.6252E-01 1.4381E-01 1.0452E-01 6.1429E-02 2.7913E-02 1.3794E-02 0.0000E+00 2.2411E-02 6.8240E-02 8.8455E-02 6.7745E-02 8.5360E-02 7.5195E-02 2.8582E-02 0
 0 1.4965E-02 5.7531E-02 6.4247E-02 7.2181E-02 8.4409E-02 7.2506E-02 1.1241E-01 5.4612E-02 7.8121E-02 1.5601E-01 1.3634E-01 1.0132E-01 5.6625E-02 2.7233E-02 1.5522E-02 0.0000E+00 2.0918E-02 6.9326E-02 8.5008E-02 6.6838E-02 8.6525E-02 7.6923E-02 2.8366E-02 0
 0 1.4853E-02 5.7489E-02 6.5113E-02 7.2662E-02 8.4879E-02 7.1912E-02 1.0941E-01 4.9232E-02 7.0061E-02 1.4548E-01 1.3163E-01 9.3964E-02 5.3561E-02 2.7438E-02 1.2633E-02 0.0000E+00 2.2330E-02 6.5264E-02 8.4585E-02 6.9457E-02 8.7141E-02 7.7482E-02 2.8236E-02 0
 0 1.4855E-02 5.7828E-02 6.5165E-02 7.3141E-02 8.4281E-02 7.3406E-02 1.0915E-01 4.7954E-02 6.4949E-02 1.3954E-01 1.2558E-01 9.2769E-02 4.8273E-02 2.6739E-02 1.2167E-02 0.0000E+00 2.3244E-02 6.6144E-02 8.3951E-02 6.8789E-02 8.8824E-02 7.7651E-02 2.8336E-02 0
 0 1.4895E-02 5.7205E-02 6.5689E-02 7.3633E-02 8.5160E-02 7.1429E-02 1.0539E-01 4.4971E-02 6.0305E-02 1.3476E-01 1.2053E-01 8.9279E-02 4.6481E-02 2.7189E-02 1.6474E-02 0.0000E+00 2.0400E-02 6.1920E-02 8.7108E-02 6.9878E-02 9.0260E-02 7.8087E-02 2.8092E-02 0
 0 1.4629E-02 5.7740E-02 6.5469E-02 7.4217E-02 8.4148E-02 7.1949E-02 1.0020E-01 4.1198E-02 5.6323E-02 1.3055E-01 1.1221E-01 8.6748E-02 4.7088E-02 2.6329E-02 1.1288E-02 0.0000E+00 2.1852E-02 6.2943E-02 8.5439E-02 7.2324E-02 8.9800E-02 7.8693E-02 2.8107E-02 0
 0 1.4253E-02 5.7127E-02 6.6444E-02 7.3853E-02 8.2737E-02 7.1195E-02 9.9310E-02 3.8720E-02 5.1705E-02 1.2047E-01 1.0386E-01 8.5229E-02 4.0946E-02 2.4022E-02 1.3451E-02 0.0000E+00 2.1903E-02 6.0302E-02 8.5530E-02 7.1617E-02 9.3373E-02 7.9464E-02 2.7953E-02 0
 0 1.4318E-02 5.6859E-02 6.6240E-02 7.4277E-02 8.4402E-02 7.1846E-02 9.6698E-02 3.5355E-02 4.8597E-02 1.1511E-01 1.0124E-01 8.2803E-02 3.9955E-02 2.1724E-02 1.1656E-02 0.0000E+00 1.7677E-02 5.7618E-02 8.2199E-02 7.4337E-02 9.2776E-02 8.0014E-02 2.7972E-02 0
 0 1.4325E-02 5.6365E-02 6.7003E-02 7.4987E-02 8.5363E-02 7.3340E-02 9.4977E-02 3.3660E-02 4.4656E-02 1.0924E-01 9.7530E-02 7.9642E-02 4.0567E-02 2.2838E-02 1.3257E-02 0.0000E+00 1.6636E-02 5.9633E-02 8.3355E-02 7.3753E-02 9.4940E-02 8.0657E-02 2.7841E-02 0
 0 1.3992E-02 5.6526E-02 6.6892E-02 7.5364E-02 8.3787E-02 7.2066E-02 9.1600E-02 3.1829E-02 4.2372E-02 1.0532E-01 9.2062E-02 7.7703E-02 3.7508E-02 2.2278E-02 1.1201E-02 0.0000E+00 1.7362E-02 5.6485E-02 8.4316E-02 7.4334E-02 9.6142E-02 8.0927E-02 2.7525E-02 0
 0 1.3807E-02 5.6707E-02 6.7359E-02 7.5973E-02 8.4368E-02 7.1734E-02 8.8332E-02 2.9645E-02 3.8654E-02 1.0099E-01 8.7846E-02 7.5697E-02 3.6104E-02 1.9326E-02 1.1195E-02 0.0000E+00 1.6859E-02 5.4360E-02 8.2534E-02 7.6852E-02 9.6069E-02 8.1906E-02 2.7850E-02 0
 0 1.3850E-02 5.5754E-02 6.7343E-02 7.7802E-02 8.3928E-02 7.1712E-02 8.7553E-02 2.7367E-02 3.6066E-02 9.4109E-02 8.2251E-02 7.1144E-02 3.4302E-02 2.0215E-02 1.0863E-02 0.0000E+00 1.6803E-02 5.1490E-02 8.2149E-02 7.6369E-02 9.8484E-02 8.2948E-02 2.7241E-02 0
 0 1.3700E-02 5.5135E-02 6.7506E-02 7.6670E-02 8.4412E-02 7.2072E-02 8.3400E-02 2.6995E-02 3.4142E-02 8.9098E-02 8.0419E-02 7.0347E-02 3.1722E-02 1.9201E-02 1.1886E-02 0.0000E+00 1.7565E-02 5.2246E-02 8.1553E-02 7.6783E-02 1.0014E-01 8.1892E-02 2.7506E-02 0
 0 1.3541E-02 5.5004E-02 6.8348E-02 7.8532E-02 8.4545E-02 7.3520E-02 8.4075E-02 2.5320E-02 3.0511E-02 8.6717E-02 7.4812E-02 6.9607E-02 2.8132E-02 1.9976E-02 1.1605E-02 0.0000E+00 1.4848E-02 4.9978E-02 7.7575E-02 7.9128E-02 1.0175E-01 8.1422E-02 2.7312E-02 0
 0 1.3516E-02 5.5393E-02 6.8249E-02 7.6808E-02 8.3768E-02 7.3043E-02 8.1331E-02 2.3090E-02 2.9027E-02 8.3594E-02 7.2256E-02 6.5062E-02 2.9242E-02 1.8272E-02 1.1247E-02 0.0000E+00 1.5030E-02 4.9313E-02 7.9581E-02 8.0319E-02 1.0311E-01 8.2974E-02 2.7044E-02 0
 0 1.3257E-02 5.5683E-02 6.8742E-02 7.8072E-02 8.5482E-02 7.3434E-02 7.6779E-02 2.3110E-02 2.7760E-02 7.9919E-02 6.8887E-02 6.4082E-02 2.8872E-02 1.6889E-02 1.1201E-02 0.0000E+00 1.6544E-02 4.7380E-02 8.0123E-02 7.9748E-02 1.0372E-01 8.2914E-02 2.6909E-02 0
 0 1.3148E-02 5.5450E-02 6.8042E-02 7.7588E-02 8.5448E-02 7.1117E-02 7.6038E-02 2.1887E-02 2.5902E-02 7.4782E-02 7.0067E-02 6.2300E-02 2.7321E-02 1.8047E-02 1.0674E-02 0.0000E+00 1.6265E-02 4.6102E-02 7.8566E-02 8.1281E-02 1.0393E-01 8.3970E-02 2.6907E-02 0
 0 1.2996E-02 5.4148E-02 6.8767E-02 7.9081E-02 8.4630E-02 7.0869E-02 7.4745E-02 2.0302E-02 2.4755E-02 7.3330E-02 6.4555E-02 6.2033E-02 2.5595E-02 1.8022E-02 1.0556E-02 0.0000E+00 1.5726E-02 4.4586E-02 7.5823E-02 8.1333E-02 1.0489E-01 8.3174E-02 2.6679E-02 0
 0 1.2665E-02 5.4316E-02 6.8717E-02 7.9064E-02 8.4470E-02 7.1820E-02 7.3411E-02 1.9460E-02 2.3602E-02 6.9746E-02 6.2191E-02 6.0159E-02 2.4926E-02 1.6384E-02 1.0546E-02 0.0000E+00 1.5376E-02 4.3251E-02 7.8980E-02 8.2002E-02 1.0769E-01 8.3525E-02 2.6331E-02 0
 0 1.2589E-02 5.4072E-02 7.0465E-02 7.8461E-02 8.2507E-02 7.1297E-02 6.9132E-02 1.8072E-02 2.2301E-02 6.8399E-02 5.9929E-02 5.7790E-02 2.4310E-02 1.6958E-02 1.0587E-02 0.0000E+00 1.5025E-02 4.4820E-02 7.6995E-02 8.4370E-02 1.0837E-01 8.4067E-02 2.6434E-02 0
 0 1.2490E-02 5.3287E-02 6.7687E-02 7.9426E-02 8.3826E-02 7.0857E-02 6.8495E-02 1.7571E-02 2.0200E-02 6.5232E-02 5.7466E-02 5.5154E-02 2.2873E-02 1.6899E-02 1.1221E-02 0.0000E+00 1.5518E-02 4.2528E-02 7.8827E-02 8.2331E-02 1.0830E-01 8.4478E-02 2.6149E-02 0
 0 1.2445E-02 5.3009E-02 6.9209E-02 8.0508E-02 8.5385E-02 7.1420E-02 6.6169E-02 1.6807E-02 2.0344E-02 6.1525E-02 5.5379E-02 5.5088E-02 2.1962E-02 1.4766E-02 1.0837E-02 0.0000E+00 1.5020E-02 4.1973E-02 7.4609E-02 8.5339E-02 1.1117E-01 8.4944E-02 2.5815E-02 0
 0 1.2078E-02 5.2361E-02 6.9638E-02 8.0395E-02 8.5680E-02 7.1254E-02 6.3883E-02 1.6102E-02 1.9450E-02 5.9594E-02 5.3595E-02 5.3639E-02 2.2067E-02 1.5260E-02 9.8401E-03 0.0000E+00 1.5452E-02 3.8797E-02 7.6581E-02 8.6839E-02 1.1197E-01 8.5647E-02 2.5748E-02 0
 0 1.2154E-02 5.1905E-02 6.9405E-02 8.0136E-02 8.2911E-02 7.1383E-02 6.3356E-02 1.5481E-02 1.7970E-02 5.8769E-02 5.1676E-02 5.1030E-02 2.1493E-02 1.4686E-02 1.0930E-02 0.0000E+00 1.3913E-02 4.0773E-02 7.4580E-02 8.5834E-02 1.1263E-01 8.4698E-02 2.5718E-02 0
 0 1.1893E-02 5.1205E-02 6.9809E-02 8.0010E-02 8.5162E-02 7.2049E-02 6.1749E-02 1.5261E-02 1.7663E-02 5.4868E-02 5.0166E-02 5.0557E-02 2.0189E-02 1.5025E-02 1.0127E-02 0.0000E+00 1.4700E-02 3.7395E-02 7.4497E-02 8.6598E-02 1.1329E-01 8.5179E-02 2.5177E-02 0
 0 1.1734E-02 5.0863E-02 6.9236E-02 8.0681E-02 8.4068E-02 7.1452E-02 6.1783E-02 1.4258E-02 1.6806E-02 5.2984E-02 4.7245E-02 4.8867E-02 1.9231E-02 1.4471E-02 1.0321E-02 0.0000E+00 1.3893E-02 3.8596E-02 7.5678E-02 8.7358E-02 1.1422E-01 8.4217E-02 2.5140E-02 0
 0 1.1677E-02 5.0507E-02 6.9836E-02 8.2102E-02 8.4707E-02 7.1580E-02 5.9115E-02 1.4255E-02 1.5662E-02 5.1370E-02 4.6760E-02 4.9926E-02 1.9311E-02 1.4386E-02 1.0157E-02 0.0000E+00 1.3380E-02 3.7543E-02 7.1456E-02 8.8962E-02 1.1525E-01 8.5467E-02 2.5047E-02 0
 0 1.1378E-02 5.0505E-02 7.0002E-02 8.1704E-02 8.5504E-02 7.1777E-02 5.8186E-02 1.3326E-02 1.4979E-02 5.0127E-02 4.5894E-02 4.5898E-02 2.0193E-02 1.4766E-02 1.0285E-02 0.0000E+00 1.5691E-02 3.6715E-02 7.2662E-02 8.8946E-02 1.1589E-01 8.4612E-02 2.4920E-02 0
 0 1.1429E-02 4.9754E-02 7.0005E-02 8.2878E-02 8.2737E-02 7.2223E-02 5.7304E-02 1.3472E-02 1.5255E-02 4.8856E-02 4.3331E-02 4.6472E-02 1.6665E-02 1.4681E-02 9.9782E-03 0.0000E+00 1.2775E-02 3.4912E-02 7.2272E-02 8.9980E-02 1.1770E-01 8.5329E-02 2.4374E-02 0
 0 1.1226E-02 4.9174E-02 6.9790E-02 8.2808E-02 8.3596E-02 7.0200E-02 5.4987E-02 1.2951E-02 1.4538E-02 4.5927E-02 4.2441E-02 4.5916E-02 1.7206E-02 1.4196E-02 1.0653E-02 0.0000E+00 1.3187E-02 3.4562E-02 7.1804E-02 9.1647E-02 1.1766E-01 8.4011E-02 2.4435E-02 0
 0 1.1012E-02 4.8124E-02 7.0838E-02 8.1984E-02 8.4097E-02 7.2280E-02 5.4940E-02 1.2695E-02 1.4005E-02 4.4472E-02 4.1860E-02 4.5049E-02 1.7751E-02 1.3447E-02 9.8043E-03 0.0000E+00 1.3573E-02 3.4352E-02 7.2591E-02 9.1738E-02 1.1878E-01 8.4983E-02 2.3912E-02 0
 0 1.0981E-02 4.7947E-02 6.9179E-02 8.3845E-02 8.3303E-02 7.1237E-02 5.1766E-02 1.1967E-02 1.4008E-02 4.4075E-02 4.0958E-02 4.4230E-02 1.6584E-02 1.4361E-02 9.0372E-03 0.0000E+00 1.3684E-02 3.3687E-02 7.3797E-02 9.4106E-02 1.1887E-01 8.5175E-02 2.3896E-02 0
 0 1.0782E-02 4.8475E-02 6.9722E-02 8.3548E-02 8.3652E-02 7.3100E-02 5.1474E-02 1.2013E-02 1.3401E-02 4.2285E-02 3.8944E-02 4.2190E-02 1.6096E-02 1.3477E-02 1.0735E-02 0.0000E+00 1.4329E-02 3.3873E-02 7.0077E-02 9.5029E-02 1.1968E-01 8.4862E-02 2.3769E-02 0
 0 1.0394E-02 4.7136E-02 7.0528E-02 8.2669E-02 8.3117E-02 7.1960E-02 5.0036E-02 1.1718E-02 1.3218E-02 4.1345E-02 3.9301E-02 4.3092E-02 1.6314E-02 1.3652E-02 9.8913E-03 0.0000E+00 1.3725E-02 3.2438E-02 7.1717E-02 9.5003E-02 1.1971E-01 8.4902E-02 2.3362E-02 0
 0 1.0476E-02 4.6797E-02 7.0896E-02 8.2763E-02 8.3983E-02 7.3291E-02 5.0523E-02 1.1557E-02 1.2818E-02 4.0930E-02 3.8451E-02 4.2137E-02 1.6048E-02 1.5055E-02 1.0295E-02 0.0000E+00 1.4035E-02 3.3103E-02 7.0321E-02 9.5606E-02 1.2123E-01 8.5680E-02 2.3041E-02 0
 0 1.0339E-02 4.5968E-02 7.0270E-02 8.3184E-02 8.2468E-02 7.1717E-02 4.8338E-02 1.1230E-02 1.2258E-02 3.8812E-02 3.8332E-02 4.1222E-02 1.6537E-02 1.3577E-02 1.0316E-02 0.0000E+00 1.3755E-02 3.2041E-02 6.9459E-02 9.4386E-02 1.2345E-01 8.5512E-02 2.2940E-02 0
 0 1.0170E-02 4.5049E-02 7.0460E-02 8.4172E-02 8.2945E-02 7.2817E-02 4.7675E-02 1.1078E-02 1.2271E-02 3.8798E-02 3.6989E-02 4.0999E-02 1.5536E-02 1.3187E-02 1.0623E-02 0.0000E+00 1.2643E-02 3.2290E-02 7.1589E-02 9.6428E-02 1.2332E-01 8.5852E-02 2.2554E-02 0
 0 9.9100E-03 4.5264E-02 7.0500E-02 8.3924E-02 8.2303E-02 7.3463E-02 4.8077E-02 1.0515E-02 1.1531E-02 3.6424E-02 3.6977E-02 4.1695E-02 1.5982E-02 1.3107E-02 9.8095E-03 0.0000E+00 1.3796E-02 3.2716E-02 7.0827E-02 9.8102E-02 1.2521E-01 8.5057E-02 2.2488E-02 0
 0 1.0022E-02 4.4521E-02 6.9660E-02 8.3896E-02 8.3993E-02 7.3266E-02 4.6056E-02 1.0389E-02 1.1071E-02 3.6276E-02 3.5824E-02 4.0793E-02 1.5285E-02 1.3487E-02 1.0669E-02 0.0000E+00 1.3862E-02 2.9926E-02 6.9874E-02 9.8118E-02 1.2442E-01 8.3571E-02 2.2355E-02 0
 0 9.6423E-03 4.4378E-02 6.9439E-02 8.5139E-02 8.1928E-02 7.3234E-02 4.3120E-02 9.8580E-03 1.1334E-02 3.5512E-02 3.5093E-02 3.8981E-02 1.4517E-02 1.3047E-02 1.0019E-02 0.0000E+00 1.4421E-02 2.9625E-02 7.0296E-02 9.9491E-02 1.2529E-01 8.4830E-02 2.2044E-02 0
 0 9.6017E-03 4.3710E-02 6.9916E-02 8.4237E-02 8.3015E-02 7.2620E-02 4.3946E-02 1.0567E-02 1.1604E-02 3.5574E-02 3.4632E-02 4.0119E-02 1.5399E-02 1.3082E-02 1.1139E-02 0.0000E+00 1.3842E-02 3.0228E-02 6.7848E-02 1.0031E-01 1.2584E-01 8.3757E-02 2.1814E-02 0
 0 9.5413E-03 4.3358E-02 6.9646E-02 8.3604E-02 8.2221E-02 7.1832E-02 4.1912E-02 1.0211E-02 1.1551E-02 3.3618E-02 3.5232E-02 3.8700E-02 1.4725E-02 1.3037E-02 1.1635E-02 0.0000E+00 1.3954E-02 3.0716E-02 7.0218E-02 1.0027E-01 1.2716E-01 8.4495E-02 2.1552E-02 0
 0 9.2997E-03 4.2400E-02 6.9286E-02 8.4151E-02 8.0885E-02 7.2869E-02 4.1680E-02 9.9033E-03 1.0987E-02 3.3304E-02 3.3913E-02 4.0014E-02 1.4806E-02 1.3487E-02 1.1134E-02 0.0000E+00 1.4751E-02 2.9730E-02 6.9696E-02 1.0214E-01 1.2503E-01 8.3714E-02 2.1415E-02 0
 0 9.1492E-03 4.2014E-02 6.9528E-02 8.5280E-02 8.1805E-02 7.3457E-02 4.1259E-02 9.9453E-03 1.0887E-02 3.2879E-02 3.2860E-02 3.7842E-02 1.4142E-02 1.3852E-02 1.0239E-02 0.0000E+00 1.4319E-02 2.9405E-02 6.6696E-02 1.0056E-01 1.2635E-01 8.3348E-02 2.0878E-02 0
 0 9.1237E-03 4.1533E-02 6.9722E-02 8.4115E-02 8.2260E-02 7.3120E-02 4.1265E-02 9.8127E-03 1.0614E-02 3.3329E-02 3.3738E-02 3.8591E-02 1.4431E-02 1.4461E-02 1.1415E-02 0.0000E+00 1.4035E-02 2.9405E-02 6.6833E-02 1.0389E-01 1.2657E-01 8.2922E-02 2.1181E-02 0
 0 8.8743E-03 4.1007E-02 6.9974E-02 8.4277E-02 8.1875E-02 7.1466E-02 3.9928E-02 9.8159E-03 1.1091E-02 3.2998E-02 3.3042E-02 3.7531E-02 1.4697E-02 1.3632E-02 1.1267E-02 0.0000E+00 1.3634E-02 2.8190E-02 6.8009E-02 1.0420E-01 1.2843E-01 8.3470E-02 2.0498E-02 0
 0 8.7926E-03 4.0826E-02 6.8675E-02 8.4046E-02 8.1369E-02 7.2806E-02 3.9061E-02 9.5636E-03 1.0810E-02 3.1914E-02 3.3607E-02 3.8109E-02 1.4493E-02 1.4531E-02 1.1871E-02 0.0000E+00 1.4304E-02 3.0505E-02 6.5457E-02 1.0481E-01 1.2817E-01 8.3049E-02 2.0482E-02 0
 0 8.6762E-03 3.9575E-02 6.8688E-02 8.4466E-02 8.1083E-02 7.4620E-02 3.8192E-02 9.2627E-03 1.0567E-02 3.0703E-02 3.2605E-02 3.7825E-02 1.4659E-02 1.3951E-02 1.1236E-02 0.0000E+00 1.3730E-02 2.8840E-02 6.7856E-02 1.0606E-01 1.2805E-01 8.2281E-02 2.0309E-02 0
 0 8.5452E-03 3.9145E-02 6.8729E-02 8.4848E-02 8.1751E-02 7.3146E-02 3.7448E-02 9.4374E-03 1.0177E-02 2.9871E-02 3.2132E-02 3.7593E-02 1.4901E-02 1.3996E-02 1.2275E-02 0.0000E+00 1.5289E-02 2.8481E-02 6.9211E-02 1.0656E-01 1.2766E-01 8.1772E-02 2.0074E-02 0
 0 8.4270E-03 3.8821E-02 6.7910E-02 8.4966E-02 8.0848E-02 7.4323E-02 3.7818E-02 9.7836E-03 1.0230E-02 2.9889E-02 3.1660E-02 3.5964E-02 1.4104E-02 1.4126E-02 1.2126E-02 0.0000E+00 1.4858E-02 2.8376E-02 6.9700E-02 1.0727E-01 1.2867E-01 8.1919E-02 1.9814E-02 0
 0 8.1780E-03 3.7679E-02 6.8253E-02 8.4329E-02 8.1446E-02 7.3577E-02 3.7131E-02 9.5765E-03 1.0100E-02 2.9295E-02 3.0885E-02 3.6419E-02 1.5252E-02 1.4776E-02 1.2755E-02 0.0000E+00 1.5726E-02 2.7544E-02 6.7409E-02 1.0639E-01 1.2953E-01 8.0171E-02 1.9338E-02 0
 0 8.2432E-03 3.7817E-02 6.8333E-02 8.5693E-02 8.1962E-02 7.4274E-02 3.6381E-02 9.6380E-03 1.0640E-02 2.9968E-02 3.1902E-02 3.9020E-02 1.5726E-02 1.5909E-02 1.2438E-02 0.0000E+00 1.5152E-02 2.8812E-02 6.6717E-02 1.0962E-01 1.3092E-01 8.1976E-02 1.9225E-02 0
 0 7.9932E-03 3.7372E-02 6.7768E-02 8.4699E-02 8.0974E-02 7.5325E-02 3.6054E-02 9.6477E-03 1.0717E-02 2.9352E-02 3.1095E-02 3.7514E-02 1.4996E-02 1.4026E-02 1.3149E-02 0.0000E+00 1.5208E-02 2.7338E-02 6.7073E-02 1.0956E-01 1.3018E-01 8.0722E-02 1.9056E-02 0
 0 7.8262E-03 3.6020E-02 6.7187E-02 8.4211E-02 8.1570E-02 7.3280E-02 3.6321E-02 9.5830E-03 1.0507E-02 2.8697E-02 3.1600E-02 3.7199E-02 1.5162E-02 1.5020E-02 1.2996E-02 0.0000E+00 1.5838E-02 2.9161E-02 6.7367E-02 1.1060E-01 1.3005E-01 7.9149E-02 1.8754E-02 0
 0 7.6877E-03 3.6230E-02 6.7802E-02 8.5465E-02 8.0599E-02 7.4471E-02 3.3546E-02 9.4244E-03 1.0734E-02 2.8671E-02 3.1568E-02 3.6489E-02 1.5228E-02 1.4626E-02 1.3282E-02 0.0000E+00 1.6503E-02 2.7132E-02 6.6862E-02 1.1095E-01 1.3082E-01 7.9244E-02 1.8154E-02 0
 0 7.6452E-03 3.5286E-02 6.6240E-02 8.5105E-02 8.0952E-02 7.5068E-02 3.4230E-02 9.6606E-03 1.0624E-02 2.7987E-02 3.1612E-02 3.6901E-02 1.6470E-02 1.5420E-02 1.3308E-02 0.0000E+00 1.6509E-02 2.7017E-02 6.7736E-02 1.0837E-01 1.2963E-01 7.8936E-02 1.8003E-02 0
 0 7.4672E-03 3.5194E-02 6.6943E-02 8.5002E-02 8.1984E-02 7.4880E-02 3.3053E-02 9.8644E-03 1.0074E-02 2.8646E-02 3.2037E-02 3.7093E-02 1.6295E-02 1.5010E-02 1.3783E-02 0.0000E+00 1.6534E-02 2.8783E-02 6.7023E-02 1.1259E-01 1.3067E-01 7.8375E-02 1.8076E-02 0
 0 7.3574E-03 3.4525E-02 6.6655E-02 8.5725E-02 8.0991E-02 7.5137E-02 3.3489E-02 9.4083E-03 1.0174E-02 2.7461E-02 3.1417E-02 3.7720E-02 1.5854E-02 1.5140E-02 1.5036E-02 0.0000E+00 1.6712E-02 2.6740E-02 6.6974E-02 1.1196E-01 1.3093E-01 7.7648E-02 1.7854E-02 0
 0 7.2200E-03 3.4224E-02 6.6298E-02 8.5584E-02 8.0650E-02 7.5382E-02 3.3204E-02 9.6283E-03 1.0787E-02 2.7764E-02 3.1191E-02 3.6498E-02 1.5508E-02 1.6209E-02 1.5435E-02 0.0000E+00 1.7149E-02 2.7721E-02 6.6800E-02 1.1334E-01 1.3095E-01 7.6846E-02 1.7443E-02 0
 0 7.1550E-03 3.3333E-02 6.7070E-02 8.4865E-02 8.0231E-02 7.4905E-02 3.1769E-02 9.9777E-03 1.0757E-02 2.7339E-02 3.1135E-02 3.8368E-02 1.6807E-02 1.6064E-02 1.5967E-02 0.0000E+00 1.8119E-02 2.7793E-02 6.6145E-02 1.1445E-01 1.3324E-01 7.6534E-02 1.7396E-02 0
 0 7.0065E-03 3.3144E-02 6.6242E-02 8.5422E-02 8.0045E-02 7.4814E-02 3.2664E-02 9.9647E-03 1.0860E-02 2.6607E-02 3.1997E-02 3.7102E-02 1.6850E-02 1.7403E-02 1.5885E-02 0.0000E+00 1.7687E-02 2.7678E-02 6.6870E-02 1.1333E-01 1.3099E-01 7.6187E-02 1.6944E-02 0
 0 6.9422E-03 3.2295E-02 6.4779E-02 8.5293E-02 7.9764E-02 7.6768E-02 3.1116E-02 1.0013E-02 1.0847E-02 2.7638E-02 3.2427E-02 3.6835E-02 1.7310E-02 1.6784E-02 1.5798E-02 0.0000E+00 1.8241E-02 2.6864E-02 6.6373E-02 1.1596E-01 1.3108E-01 7.5808E-02 1.6698E-02 0
 0 6.8688E-03 3.1768E-02 6.4805E-02 8.3828E-02 7.9248E-02 7.5791E-02 3.1822E-02 9.8709E-03 1.0994E-02 2.7746E-02 3.1656E-02 3.7693E-02 1.7191E-02 1.7038E-02 1.6013E-02 0.0000E+00 1.7519E-02 2.6946E-02 6.7458E-02 1.1469E-01 1.3241E-01 7.5577E-02 1.6423E-02 0
 0 6.7400E-03 3.1225E-02 6.4922E-02 8.4600E-02 8.0398E-02 7.5954E-02 3.1851E-02 1.0379E-02 1.0977E-02 2.7774E-02 3.2462E-02 3.7496E-02 1.7049E-02 1.6879E-02 1.7082E-02 0.0000E+00 1.9236E-02 2.7807E-02 6.6907E-02 1.1561E-01 1.3187E-01 7.4765E-02 1.6483E-02 0
 0 6.6497E-03 3.1132E-02 6.5332E-02 8.4814E-02 7.9137E-02 7.6751E-02 3.1019E-02 1.0372E-02 1.0977E-02 2.7317E-02 3.3150E-02 3.7855E-02 1.7068E-02 1.8337E-02 1.7016E-02 0.0000E+00 1.8606E-02 2.8151E-02 6.6046E-02 1.1873E-01 1.3207E-01 7.5045E-02 1.6151E-02 0
 0 6.6081E-03 3.0026E-02 6.4812E-02 8.5509E-02 7.9863E-02 7.5085E-02 3.1471E-02 1.0492E-02 1.1651E-02 2.7562E-02 3.2319E-02 3.7404E-02 1.8211E-02 1.7558E-02 1.7169E-02 0.0000E+00 1.9409E-02 2.7807E-02 6.6725E-02 1.1754E-01 1.3275E-01 7.3153E-02 1.5741E-02 0
 0 6.3689E-03 3.0260E-02 6.4295E-02 8.4921E-02 7.9096E-02 7.6031E-02 3.0733E-02 1.0563E-02 1.1634E-02 2.6697E-02 3.3058E-02 3.9182E-02 1.7357E-02 1.8257E-02 1.7537E-02 0.0000E+00 1.9683E-02 2.8257E-02 6.6878E-02 1.1871E-01 1.3276E-01 7.2515E-02 1.5640E-02 0
 0 6.1859E-03 2.9701E-02 6.4275E-02 8.3216E-02 7.9108E-02 7.7599E-02 3.0350E-02 1.0625E-02 1.1667E-02 2.7364E-02 3.3913E-02 3.9471E-02 1.7893E-02 1.9091E-02 1.8974E-02 0.0000E+00 2.0181E-02 2.8840E-02 6.6634E-02 1.1932E-01 1.3173E-01 7.3405E-02 1.5127E-02 0
 0 6.1353E-03 2.8737E-02 6.2556E-02 8.4172E-02 7.9180E-02 7.5874E-02 3.0344E-02 1.1136E-02 1.1751E-02 2.7490E-02 3.3309E-02 3.8792E-02 1.8709E-02 1.8922E-02 1.8105E-02 0.0000E+00 2.1664E-02 2.8888E-02 6.7342E-02 1.1856E-01 1.3178E-01 7.2365E-02 1.5056E-02 0
 0 6.0790E-03 2.8627E-02 6.2858E-02 8.3976E-02 7.8934E-02 7.7896E-02 2.9798E-02 1.1447E-02 1.1724E-02 2.8041E-02 3.3360E-02 4.0671E-02 1.8666E-02 2.0210E-02 1.9721E-02 0.0000E+00 2.0212E-02 2.9060E-02 6.6688E-02 1.2110E-01 1.3262E-01 7.2298E-02 1.4887E-02 0
 0 5.8821E-03 2.7849E-02 6.3021E-02 8.4051E-02 7.9277E-02 7.7696E-02 3.0281E-02 1.1398E-02 1.1331E-02 2.7497E-02 3.3766E-02 3.9353E-02 1.9283E-02 2.0955E-02 1.9307E-02 0.0000E+00 2.1730E-02 2.8362E-02 6.7666E-02 1.2367E-01 1.3116E-01 7.0823E-02 1.4468E-02 0
 0 5.8684E-03 2.7630E-02 6.2498E-02 8.3708E-02 7.7450E-02 7.7376E-02 2.9898E-02 1.1065E-02 1.2654E-02 2.7724E-02 3.3865E-02 3.9926E-02 2.0008E-02 2.0235E-02 2.0268E-02 0.0000E+00 2.2761E-02 2.9840E-02 6.8652E-02 1.2070E-01 1.2941E-01 7.0518E-02 1.4620E-02 0
 0 5.6762E-03 2.7388E-02 6.2592E-02 8.4635E-02 7.8324E-02 7.8393E-02 2.9531E-02 1.1398E-02 1.2154E-02 2.6978E-02 3.4354E-02 3.9002E-02 2.0279E-02 2.0930E-02 2.1112E-02 0.0000E+00 2.2254E-02 2.8328E-02 6.8473E-02 1.2310E-01 1.3134E-01 6.9897E-02 1.4314E-02 0
 0 5.7523E-03 2.6738E-02 6.1819E-02 8.3494E-02 7.7953E-02 7.8188E-02 2.9521E-02 1.1757E-02 1.2544E-02 2.8509E-02 3.5542E-02 4.0841E-02 2.0198E-02 2.2833E-02 2.1409E-02 0.0000E+00 2.2767E-02 2.8711E-02 6.9058E-02 1.2287E-01 1.3117E-01 6.9190E-02 1.3956E-02 0
 0 5.6048E-03 2.6449E-02 6.1591E-02 8.2504E-02 7.9074E-02 7.8545E-02 2.9437E-02 1.2365E-02 1.2548E-02 2.7194E-02 3.5117E-02 3.9615E-02 1.9212E-02 2.1784E-02 2.1470E-02 0.0000E+00 2.3666E-02 2.9247E-02 6.9198E-02 1.2344E-01 1.3012E-01 6.7899E-02 1.3833E-02 0
 0 5.4852E-03 2.5952E-02 6.1948E-02 8.4104E-02 7.8759E-02 7.8216E-02 2.9327E-02 1.2090E-02 1.2751E-02 2.8012E-02 3.5987E-02 4.0053E-02 2.1483E-02 2.2973E-02 2.2739E-02 0.0000E+00 2.4184E-02 2.8984E-02 6.8855E-02 1.2158E-01 1.3057E-01 6.7404E-02 1.3636E-02 0
 0 5.3373E-03 2.5518E-02 6.1681E-02 8.2974E-02 7.7706E-02 7.6537E-02 2.8539E-02 1.2446E-02 1.3411E-02 2.7335E-02 3.6675E-02 4.0767E-02 2.2588E-02 2.3872E-02 2.3460E-02 0.0000E+00 2.4499E-02 2.9185E-02 6.9140E-02 1.2457E-01 1.2914E-01 6.7285E-02 1.3613E-02 0
 0 5.2422E-03 2.4736E-02 6.0794E-02 8.3956E-02 7.8212E-02 7.7633E-02 2.9854E-02 1.2437E-02 1.3872E-02 2.8535E-02 3.6365E-02 4.2689E-02 2.1839E-02 2.2463E-02 2.4125E-02 0.0000E+00 2.4946E-02 2.9185E-02 7.0222E-02 1.2550E-01 1.2922E-01 6.6913E-02 1.3366E-02 0
 0 5.1641E-03 2.4681E-02 6.0595E-02 8.3471E-02 7.7791E-02 7.8956E-02 2.9189E-02 1.2961E-02 1.4048E-02 2.7692E-02 3.8356E-02 4.2606E-02 2.2095E-02 2.3607E-02 2.4585E-02 0.0000E+00 2.6231E-02 2.9247E-02 6.9716E-02 1.2445E-01 1.3007E-01 6.6423E-02 1.3078E-02 0
 0 5.0288E-03 2.4169E-02 6.0330E-02 8.1828E-02 7.8340E-02 7.8856E-02 2.9170E-02 1.2663E-02 1.3808E-02 2.8754E-02 3.6710E-02 4.2190E-02 2.3138E-02 2.4806E-02 2.5608E-02 0.0000E+00 2.6693E-02 3.0285E-02 7.1141E-02 1.2764E-01 1.2882E-01 6.5961E-02 1.2745E-02 0
 0 4.9514E-03 2.3813E-02 6.0268E-02 8.2694E-02 7.7273E-02 7.8828E-02 2.8416E-02 1.2737E-02 1.4135E-02 2.8852E-02 3.6647E-02 4.3061E-02 2.3413E-02 2.5520E-02 2.6385E-02 0.0000E+00 2.7115E-02 3.1596E-02 7.0180E-02 1.2859E-01 1.2931E-01 6.5440E-02 1.2535E-02 0
 0 4.9712E-03 2.3505E-02 5.8873E-02 8.1986E-02 7.7740E-02 7.8839E-02 2.8881E-02 1.3274E-02 1.4765E-02 2.9489E-02 3.8093E-02 4.2601E-02 2.3703E-02 2.5985E-02 2.6303E-02 0.0000E+00 2.8202E-02 3.1233E-02 7.1866E-02 1.2789E-01 1.2846E-01 6.4354E-02 1.2459E-02 0
 0 4.8494E-03 2.3205E-02 5.8771E-02 8.2102E-02 7.7060E-02 7.9379E-02 2.8950E-02 1.3058E-02 1.4405E-02 2.9698E-02 3.7720E-02 4.3149E-02 2.5031E-02 2.7258E-02 2.8150E-02 0.0000E+00 2.8110E-02 3.1343E-02 7.1460E-02 1.2956E-01 1.2963E-01 6.3274E-02 1.2306E-02 0
 0 4.7910E-03 2.2450E-02 5.8554E-02 8.2833E-02 7.7900E-02 8.0265E-02 2.8297E-02 1.3815E-02 1.5275E-02 2.9399E-02 3.8928E-02 4.4970E-02 2.4959E-02 2.7538E-02 2.8206E-02 0.0000E+00 2.9248E-02 3.1740E-02 7.2873E-02 1.2825E-01 1.2632E-01 6.3634E-02 1.1804E-02 0
 0 4.6945E-03 2.1996E-02 5.8491E-02 8.1644E-02 7.7513E-02 8.0202E-02 2.9088E-02 1.4161E-02 1.5539E-02 2.9738E-02 4.0593E-02 4.6104E-02 2.6117E-02 2.8712E-02 2.9689E-02 0.0000E+00 2.9959E-02 3.0658E-02 7.1717E-02 1.2866E-01 1.2755E-01 6.2405E-02 1.1647E-02 0
 0 4.6650E-03 2.2115E-02 5.7338E-02 8.0521E-02 7.7372E-02 7.9559E-02 2.8040E-02 1.4446E-02 1.5532E-02 3.0545E-02 3.9707E-02 4.6551E-02 2.7226E-02 2.9027E-02 3.0988E-02 0.0000E+00 3.0889E-02 3.1142E-02 7.2194E-02 1.3108E-01 1.2683E-01 6.1586E-02 1.1408E-02 0
 0 4.5195E-03 2.1274E-02 5.7588E-02 8.1991E-02 7.6835E-02 7.8091E-02 2.8589E-02 1.5371E-02 1.5762E-02 3.1409E-02 4.0573E-02 4.7295E-02 2.7449E-02 2.9981E-02 3.2686E-02 0.0000E+00 3.1778E-02 3.3606E-02 7.2003E-02 1.3035E-01 1.2766E-01 6.1625E-02 1.1452E-02 0
 0 4.4756E-03 2.1337E-02 5.6465E-02 7.9991E-02 7.6702E-02 7.9496E-02 2.8711E-02 1.5306E-02 1.6196E-02 3.1586E-02 4.2429E-02 4.8206E-02 2.8161E-02 3.0161E-02 3.2200E-02 0.0000E+00 3.2428E-02 3.4204E-02 7.2666E-02 1.3121E-01 1.2534E-01 6.0998E-02 1.1267E-02 0
 0 4.2978E-03 2.0683E-02 5.6257E-02 8.0758E-02 7.7605E-02 8.0570E-02 2.9342E-02 1.4779E-02 1.7069E-02 3.0602E-02 4.2532E-02 4.7584E-02 2.8440E-02 3.1594E-02 3.3014E-02 0.0000E+00 3.3383E-02 3.3357E-02 7.2811E-02 1.3177E-01 1.2520E-01 5.9260E-02 1.1042E-02 0
 0 4.2910E-03 2.0433E-02 5.5877E-02 8.0006E-02 7.5922E-02 8.1210E-02 2.8156E-02 1.6050E-02 1.7276E-02 3.0494E-02 4.2512E-02 4.7492E-02 2.8900E-02 3.1514E-02 3.4635E-02 0.0000E+00 3.2789E-02 3.4256E-02 7.4452E-02 1.3308E-01 1.2559E-01 5.9658E-02 1.0811E-02 0
 0 4.2607E-03 1.9986E-02 5.6235E-02 8.0309E-02 7.6130E-02 8.0067E-02 2.8878E-02 1.5853E-02 1.7796E-02 3.1172E-02 4.3434E-02 4.9537E-02 2.9526E-02 3.2983E-02 3.4978E-02 0.0000E+00 3.5227E-02 3.3658E-02 7.4737E-02 1.3436E-01 1.2594E-01 5.8923E-02 1.0635E-02 0
 0 4.1926E-03 1.9731E-02 5.5507E-02 8.0375E-02 7.6017E-02 7.9696E-02 2.8109E-02 1.6646E-02 1.7850E-02 3.2022E-02 4.3307E-02 5.0723E-02 3.0119E-02 3.2219E-02 3.6865E-02 0.0000E+00 3.6354E-02 3.6026E-02 7.4953E-02 1.3482E-01 1.2569E-01 5.8043E-02 1.0469E-02 0
 0 4.0606E-03 1.9187E-02 5.4886E-02 7.9086E-02 7.5760E-02 8.1042E-02 2.8906E-02 1.7289E-02 1.7850E-02 3.1373E-02 4.4861E-02 5.0018E-02 3.1513E-02 3.4177E-02 3.7836E-02 0.0000E+00 3.7350E-02 3.5883E-02 7.5015E-02 1.3320E-01 1.2312E-01 5.7662E-02 1.0262E-02 0
 0 3.9637E-03 1.9133E-02 5.4182E-02 7.9653E-02 7.5068E-02 8.2236E-02 2.8561E-02 1.7176E-02 1.8973E-02 3.3016E-02 4.5326E-02 5.1879E-02 3.2543E-02 3.5396E-02 3.8757E-02 0.0000E+00 3.6420E-02 3.5529E-02 7.7691E-02 1.3561E-01 1.2104E-01 5.6689E-02 1.0122E-02 0
 0 3.8734E-03 1.8940E-02 5.3968E-02 7.8844E-02 7.6808E-02 7.9862E-02 2.8978E-02 1.7882E-02 1.8670E-02 3.3192E-02 4.6025E-02 5.1152E-02 3.3311E-02 3.5181E-02 4.0204E-02 0.0000E+00 3.8407E-02 3.8232E-02 7.5645E-02 1.3410E-01 1.2199E-01 5.6390E-02 9.9037E-03 0
 0 3.8944E-03 1.8374E-02 5.3590E-02 7.9255E-02 7.6450E-02 8.0713E-02 2.9798E-02 1.7820E-02 2.0771E-02 3.2915E-02 4.7313E-02 5.3390E-02 3.3268E-02 3.8932E-02 3.9841E-02 0.0000E+00 4.0052E-02 3.6026E-02 7.4584E-02 1.3601E-01 1.2186E-01 5.5685E-02 9.8124E-03 0
 0 3.7528E-03 1.7988E-02 5.3388E-02 7.8508E-02 7.6692E-02 8.1781E-02 2.8777E-02 1.7907E-02 2.1164E-02 3.4734E-02 4.7730E-02 5.3381E-02 3.5023E-02 3.7454E-02 4.4189E-02 0.0000E+00 4.0718E-02 3.8749E-02 7.9415E-02 1.3519E-01 1.2210E-01 5.5537E-02 9.7172E-03 0
 0 3.7490E-03 1.7499E-02 5.3147E-02 7.9197E-02 7.4264E-02 8.2227E-02 2.8718E-02 1.8108E-02 2.0421E-02 3.5149E-02 4.9518E-02 5.2895E-02 3.5853E-02 3.8607E-02 4.4889E-02 0.0000E+00 4.0880E-02 3.8864E-02 7.8889E-02 1.3566E-01 1.2145E-01 5.4002E-02 9.5859E-03 0
 0 3.6320E-03 1.7347E-02 5.2049E-02 7.7150E-02 7.5194E-02 8.1676E-02 2.9151E-02 1.8736E-02 2.1404E-02 3.5163E-02 5.0567E-02 5.5242E-02 3.6588E-02 3.9427E-02 4.7027E-02 0.0000E+00 4.2450E-02 3.9581E-02 7.8851E-02 1.3877E-01 1.2132E-01 5.4220E-02 9.4448E-03 0
 0 3.6356E-03 1.7284E-02 5.1955E-02 7.8119E-02 7.5862E-02 8.1681E-02 2.9126E-02 1.9308E-02 2.1287E-02 3.6917E-02 5.0571E-02 5.6494E-02 3.7835E-02 4.0895E-02 4.6654E-02 0.0000E+00 4.3882E-02 4.0208E-02 7.9411E-02 1.3583E-01 1.1975E-01 5.3116E-02 9.3469E-03 0
 0 3.5451E-03 1.6774E-02 5.1024E-02 7.6647E-02 7.5276E-02 8.3490E-02 2.9625E-02 1.9764E-02 2.1884E-02 3.5577E-02 5.0869E-02 5.5093E-02 4.0258E-02 4.3078E-02 4.7196E-02 0.0000E+00 4.6788E-02 4.1117E-02 8.0608E-02 1.3763E-01 1.1969E-01 5.2649E-02 9.1157E-03 0
 0 3.4590E-03 1.6608E-02 5.1032E-02 7.7368E-02 7.7067E-02 8.2678E-02 3.0265E-02 2.0421E-02 2.2611E-02 3.6100E-02 5.2673E-02 5.7330E-02 3.9334E-02 4.4137E-02 4.9283E-02 0.0000E+00 4.7169E-02 4.0409E-02 8.1031E-02 1.3950E-01 1.1866E-01 5.1697E-02 8.9086E-03 0
 0 3.3603E-03 1.6198E-02 5.0500E-02 7.6439E-02 7.4985E-02 8.2510E-02 3.1000E-02 2.0777E-02 2.3005E-02 3.7105E-02 5.4827E-02 5.7904E-02 4.1444E-02 4.4776E-02 5.0224E-02 0.0000E+00 4.7021E-02 4.2079E-02 8.2091E-02 1.3893E-01 1.1748E-01 5.1375E-02 8.8670E-03 0
 0 3.3877E-03 1.6242E-02 5.0203E-02 7.6119E-02 7.4634E-02 8.2356E-02 3.0253E-02 2.1615E-02 2.3472E-02 3.6561E-02 5.3548E-02 5.8657E-02 4.3341E-02 4.5521E-02 5.0014E-02 0.0000E+00 4.9536E-02 4.4040E-02 8.1499E-02 1.4009E-01 1.1674E-01 5.0894E-02 8.5946E-03 0
 0 3.2948E-03 1.5798E-02 4.9797E-02 7.6095E-02 7.4934E-02 8.1430E-02 3.0080E-02 2.1732E-02 2.3815E-02 3.8553E-02 5.4167E-02 6.1472E-02 4.3773E-02 4.6794E-02 5.3834E-02 0.0000E+00 5.0999E-02 4.3643E-02 8.2526E-02 1.3957E-01 1.1618E-01 5.0406E-02 8.4341E-03 0
 0 3.2778E-03 1.5351E-02 4.9640E-02 7.5997E-02 7.4961E-02 8.3067E-02 3.1747E-02 2.2553E-02 2.5226E-02 4.0051E-02 5.5292E-02 6.2413E-02 4.4446E-02 4.8388E-02 5.5006E-02 0.0000E+00 5.1370E-02 4.3356E-02 8.4523E-02 1.4073E-01 1.1572E-01 4.8790E-02 8.2216E-03 0
 0 3.2079E-03 1.5258E-02 4.8984E-02 7.6080E-02 7.4934E-02 8.1656E-02 3.1565E-02 2.2961E-02 2.5276E-02 3.8074E-02 5.6643E-02 6.2926E-02 4.5243E-02 4.8073E-02 5.6617E-02 0.0000E+00 5.3777E-02 4.5447E-02 8.3703E-02 1.3944E-01 1.1547E-01 4.9051E-02 8.2095E-03 0
 0 3.1403E-03 1.4979E-02 4.8894E-02 7.5132E-02 7.4044E-02 8.4035E-02 3.0670E-02 2.3462E-02 2.6256E-02 3.9565E-02 5.8634E-02 6.3613E-02 4.7998E-02 5.1260E-02 5.8304E-02 0.0000E+00 5.4946E-02 4.4744E-02 8.4196E-02 1.3987E-01 1.1503E-01 4.8139E-02 8.0114E-03 0
 0 3.1012E-03 1.4579E-02 4.8076E-02 7.5100E-02 7.4763E-02 8.3821E-02 3.1725E-02 2.4313E-02 2.6246E-02 4.1150E-02 6.0172E-02 6.5281E-02 4.8264E-02 5.4302E-02 6.0110E-02 0.0000E+00 5.6236E-02 4.7184E-02 8.6338E-02 1.4146E-01 1.1452E-01 4.8356E-02 7.8489E-03 0
 0 2.9990E-03 1.4257E-02 4.7526E-02 7.4833E-02 7.5203E-02 8.3147E-02 3.1110E-02 2.4990E-02 2.5889E-02 4.1251E-02 5.9250E-02 6.5347E-02 4.9454E-02 5.3977E-02 6.2365E-02 0.0000E+00 5.8425E-02 4.7232E-02 8.8024E-02 1.4192E-01 1.1339E-01 4.7196E-02 7.6737E-03 0
 0 3.0111E-03 1.4047E-02 4.7685E-02 7.4309E-02 7.4596E-02 8.4658E-02 3.2331E-02 2.4821E-02 2.7633E-02 4.1064E-02 6.0522E-02 6.5890E-02 5.1318E-02 5.4222E-02 6.3040E-02 0.0000E+00 5.9019E-02 4.8141E-02 8.6876E-02 1.4148E-01 1.1146E-01 4.7151E-02 7.5691E-03 0
 0 2.8955E-03 1.3881E-02 4.6577E-02 7.4121E-02 7.5152E-02 8.4295E-02 3.1540E-02 2.5255E-02 2.8920E-02 4.1943E-02 6.1992E-02 6.6949E-02 5.1707E-02 5.6695E-02 6.3900E-02 0.0000E+00 6.2270E-02 4.9456E-02 8.8595E-02 1.4203E-01 1.1179E-01 4.5963E-02 7.3473E-03 0
 0 2.8867E-03 1.3597E-02 4.6141E-02 7.3184E-02 7.4395E-02 8.4472E-02 3.1405E-02 2.6614E-02 2.9684E-02 4.3182E-02 6.2842E-02 6.8386E-02 5.3898E-02 5.8468E-02 6.6406E-02 0.0000E+00 6.2062E-02 5.0447E-02 8.8446E-02 1.4323E-01 1.1207E-01 4.5306E-02 7.4040E-03 0
 0 2.8469E-03 1.3501E-02 4.6097E-02 7.3366E-02 7.3472E-02 8.3790E-02 3.2011E-02 2.6811E-02 3.0204E-02 4.3740E-02 6.4424E-02 6.8819E-02 5.4666E-02 5.9917E-02 6.9490E-02 0.0000E+00 6.3144E-02 5.2030E-02 8.9975E-02 1.4262E-01 1.1017E-01 4.4616E-02 7.1293E-03 0
 0 2.7984E-03 1.3300E-02 4.5639E-02 7.2551E-02 7.5111E-02 8.4947E-02 3.2431E-02 2.7814E-02 3.1361E-02 4.3953E-02 6.5107E-02 7.1621E-02 5.6776E-02 6.1830E-02 6.9791E-02 0.0000E+00 6.7390E-02 5.1595E-02 9.1019E-02 1.4357E-01 1.1034E-01 4.4874E-02 7.0652E-03 0
 0 2.7057E-03 1.3084E-02 4.5424E-02 7.2187E-02 7.4354E-02 8.4658E-02 3.2670E-02 2.8306E-02 3.1054E-02 4.4162E-02 6.6947E-02 7.3456E-02 5.7730E-02 6.2294E-02 7.3597E-02 0.0000E+00 6.8422E-02 5.1241E-02 9.3049E-02 1.4399E-01 1.0913E-01 4.3649E-02 6.9428E-03 0
 0 2.6738E-03 1.2838E-02 4.4738E-02 7.2191E-02 7.5186E-02 8.4721E-02 3.3430E-02 2.8995E-02 3.2488E-02 4.6662E-02 6.8175E-02 7.3675E-02 5.9010E-02 6.4792E-02 7.3806E-02 0.0000E+00 7.0291E-02 5.3949E-02 9.2573E-02 1.4255E-01 1.0804E-01 4.3435E-02 6.8670E-03 0
 0 2.6107E-03 1.2478E-02 4.5145E-02 7.1780E-02 7.4019E-02 8.5135E-02 3.4076E-02 2.9157E-02 3.1558E-02 4.7213E-02 6.9375E-02 7.4669E-02 5.8915E-02 6.7249E-02 7.7903E-02 0.0000E+00 7.2175E-02 5.6977E-02 9.5183E-02 1.4394E-01 1.0753E-01 4.2659E-02 6.8954E-03 0
 0 2.5580E-03 1.2300E-02 4.4384E-02 7.1994E-02 7.3826E-02 8.5761E-02 3.4472E-02 2.9506E-02 3.3792E-02 4.6010E-02 7.0158E-02 7.5176E-02 6.3477E-02 6.8298E-02 8.1524E-02 0.0000E+00 7.4390E-02 5.5389E-02 9.4362E-02 1.4516E-01 1.0739E-01 4.1878E-02 6.6902E-03 0
 0 2.5517E-03 1.2324E-02 4.3583E-02 7.1380E-02 7.3601E-02 8.4230E-02 3.4123E-02 3.0548E-02 3.4102E-02 4.7415E-02 7.0373E-02 7.5750E-02 6.4293E-02 7.0321E-02 8.0455E-02 0.0000E+00 7.4050E-02 5.7508E-02 9.4855E-02 1.4480E-01 1.0645E-01 4.1105E-02 6.5009E-03 0
 0 2.5062E-03 1.2120E-02 4.3274E-02 7.0764E-02 7.2826E-02 8.5444E-02 3.4827E-02 3.2725E-02 3.5172E-02 4.8474E-02 7.1255E-02 7.7466E-02 6.5806E-02 7.1935E-02 8.3692E-02 0.0000E+00 7.6666E-02 5.7972E-02 9.5381E-02 1.4550E-01 1.0592E-01 4.0894E-02 6.4081E-03 0
 0 2.4498E-03 1.1539E-02 4.2307E-02 6.9936E-02 7.2826E-02 8.6312E-02 3.5163E-02 3.2961E-02 3.5916E-02 4.9205E-02 7.5467E-02 7.9787E-02 6.8419E-02 7.3488E-02 8.6516E-02 0.0000E+00 7.7839E-02 6.1786E-02 9.8273E-02 1.4532E-01 1.0483E-01 4.0343E-02 6.2282E-03 0
 0 2.4111E-03 1.1691E-02 4.3045E-02 7.0298E-02 7.3852E-02 8.5869E-02 3.5709E-02 3.3207E-02 3.6199E-02 4.9951E-02 7.4569E-02 8.1810E-02 6.8950E-02 7.6106E-02 8.7600E-02 0.0000E+00 7.9353E-02 6.0657E-02 9.7300E-02 1.4521E-01 1.0368E-01 3.9723E-02 6.1085E-03 0
 0 2.3880E-03 1.1265E-02 4.1501E-02 6.9870E-02 7.2235E-02 8.4701E-02 3.7099E-02 3.3909E-02 3.7790E-02 5.2393E-02 7.6433E-02 8.2624E-02 7.1013E-02 7.6725E-02 8.8633E-02 5.1439E-06 8.1801E-02 6.2312E-02 1.0134E-01 1.4561E-01 1.0364E-01 3.9663E-02 6.0937E-03 0
 0 2.3529E-03 1.1129E-02 4.2010E-02 6.9391E-02 7.2155E-02 8.6295E-02 3.6129E-02 3.3867E-02 3.8700E-02 5.2228E-02 7.7335E-02 8.2335E-02 7.3920E-02 7.8583E-02 9.1190E-02 0.0000E+00 8.4747E-02 6.5288E-02 9.9835E-02 1.4516E-01 1.0183E-01 3.9044E-02 5.9876E-03 0
 0 2.3380E-03 1.0954E-02 4.1170E-02 6.8679E-02 7.4218E-02 8.4898E-02 3.6406E-02 3.5973E-02 3.8797E-02 5.3254E-02 7.8571E-02 8.4844E-02 7.5120E-02 8.2884E-02 9.3154E-02 0.0000E+00 8.7226E-02 6.4872E-02 1.0226E-01 1.4495E-01 9.9768E-02 3.8684E-02 5.8314E-03 0
 0 2.2684E-03 1.0904E-02 4.0697E-02 6.7844E-02 7.3121E-02 8.5738E-02 3.6556E-02 3.6100E-02 4.0037E-02 5.4303E-02 8.1174E-02 8.5903E-02 7.7634E-02 8.3339E-02 9.7404E-02 1.0288E-05 8.8877E-02 6.7359E-02 1.0229E-01 1.4876E-01 1.0114E-01 3.7320E-02 5.7863E-03 0
 0 2.1793E-03 1.0486E-02 4.0117E-02 6.8255E-02 7.3552E-02 8.5815E-02 3.7545E-02 3.8115E-02 4.1244E-02 5.2739E-02 8.3784E-02 8.7869E-02 7.7856E-02 8.6086E-02 1.0086E-01 1.0288E-05 9.3601E-02 6.7608E-02 1.0612E-01 1.4713E-01 1.0001E-01 3.7295E-02 5.5575E-03 0
 0 2.2060E-03 1.0462E-02 4.0210E-02 6.8114E-02 7.3930E-02 8.4667E-02 3.7401E-02 3.8633E-02 4.1161E-02 5.5491E-02 8.3602E-02 8.8815E-02 8.0228E-02 8.8009E-02 1.0250E-01 2.5719E-05 9.3545E-02 6.9599E-02 1.0528E-01 1.4729E-01 1.0004E-01 3.6242E-02 5.5497E-03 0
 0 2.1624E-03 1.0229E-02 3.9741E-02 6.7177E-02 7.3196E-02 8.7292E-02 3.7643E-02 3.8908E-02 4.3168E-02 5.7635E-02 8.5124E-02 9.1963E-02 8.2442E-02 8.9138E-02 1.0254E-01 6.1726E-05 9.7030E-02 6.9412E-02 1.0791E-01 1.4697E-01 9.8861E-02 3.6228E-02 5.4883E-03 0
 0 2.1123E-03 1.0036E-02 3.9422E-02 6.5861E-02 7.4310E-02 8.5518E-02 3.9061E-02 3.9911E-02 4.3442E-02 5.6078E-02 8.5887E-02 9.0781E-02 8.3694E-02 9.2765E-02 1.0719E-01 6.1726E-05 9.7147E-02 7.3378E-02 1.0722E-01 1.4618E-01 9.8277E-02 3.5760E-02 5.3741E-03 0
 0 2.0727E-03 9.9884E-03 3.9496E-02 6.6225E-02 7.2424E-02 8.7301E-02 3.8923E-02 3.9610E-02 4.4609E-02 5.9220E-02 8.7838E-02 9.4380E-02 8.4771E-02 9.4168E-02 1.1026E-01 1.5432E-04 1.0169E-01 7.3211E-02 1.0748E-01 1.4792E-01 9.7665E-02 3.5219E-02 5.2365E-03 0
 0 2.0356E-03 9.7052E-03 3.8651E-02 6.5810E-02 7.3322E-02 8.7155E-02 4.0279E-02 4.0082E-02 4.6150E-02 6.0394E-02 8.8088E-02 9.6420E-02 8.8650E-02 9.6601E-02 1.1156E-01 2.2633E-04 1.0427E-01 7.3206E-02 1.0889E-01 1.4822E-01 9.6302E-02 3.5024E-02 5.1277E-03 0
 0 1.9971E-03 9.6072E-03 3.8406E-02 6.5470E-02 7.3724E-02 8.6429E-02 3.9890E-02 4.2111E-02 4.6806E-02 6.1900E-02 9.0874E-02 9.6670E-02 8.9907E-02 9.8649E-02 1.1440E-01 2.6234E-04 1.0498E-01 7.5770E-02 1.1076E-01 1.4660E-01 9.6231E-02 3.4693E-02 4.9929E-03 0
 0 1.9311E-03 9.3651E-03 3.7438E-02 6.4745E-02 7.3300E-02 8.6798E-02 4.0471E-02 4.3434E-02 4.8274E-02 6.2462E-02 9.2233E-02 9.8504E-02 9.0803E-02 1.0124E-01 1.1772E-01 3.6007E-04 1.0692E-01 7.9325E-02 1.1346E-01 1.4680E-01 9.5303E-02 3.3786E-02 4.9769E-03 0
 0 2.0025E-03 9.0126E-03 3.7483E-02 6.4593E-02 7.2809E-02 8.6909E-02 4.0123E-02 4.4599E-02 4.7870E-02 6.1976E-02 9.2741E-02 9.9432E-02 9.6618E-02 1.0084E-01 1.2049E-01 5.4525E-04 1.0886E-01 7.7923E-02 1.1223E-01 1.4749E-01 9.4099E-02 3.2871E-02 4.8763E-03 0
 0 1.8947E-03 9.1155E-03 3.7182E-02 6.4234E-02 7.2611E-02 8.7632E-02 4.1545E-02 4.4935E-02 5.0088E-02 6.3957E-02 9.5468E-02 1.0222E-01 9.8263E-02 1.0627E-01 1.2479E-01 9.0018E-04 1.1110E-01 8.0961E-02 1.1464E-01 1.4868E-01 9.2753E-02 3.2708E-02 4.8429E-03 0
 0 1.8771E-03 8.9262E-03 3.6917E-02 6.4172E-02 7.3194E-02 8.7775E-02 4.1108E-02 4.6093E-02 5.1525E-02 6.4288E-02 9.5849E-02 1.0452E-01 1.0103E-01 1.0750E-01 1.2751E-01 1.1317E-03 1.1367E-01 8.3722E-02 1.1681E-01 1.4816E-01 9.1469E-02 3.2379E-02 4.7294E-03 0
 0 1.8604E-03 8.6883E-03 3.6175E-02 6.2912E-02 7.2661E-02 8.7292E-02 4.2081E-02 4.7472E-02 5.1581E-02 6.6446E-02 9.8027E-02 1.0550E-01 1.0122E-01 1.1166E-01 1.3121E-01 1.6152E-03 1.1864E-01 8.4272E-02 1.1646E-01 1.4777E-01 9.2112E-02 3.2538E-02 4.7741E-03 0
 0 1.8058E-03 8.5258E-03 3.5109E-02 6.3538E-02 7.2083E-02 8.7061E-02 4.2989E-02 4.7730E-02 5.3295E-02 6.6850E-02 9.8917E-02 1.0575E-01 1.0348E-01 1.1305E-01 1.3329E-01 2.5668E-03 1.2133E-01 8.6545E-02 1.1781E-01 1.4610E-01 9.0885E-02 3.1620E-02 4.5748E-03 0
 0 1.7914E-03 8.4798E-03 3.6048E-02 6.2986E-02 7.2364E-02 8.6321E-02 4.4216E-02 4.8711E-02 5.5043E-02 6.7509E-02 1.0077E-01 1.0738E-01 1.0784E-01 1.1468E-01 1.3599E-01 3.3641E-03 1.2174E-01 8.9114E-02 1.1970E-01 1.4840E-01 8.9868E-02 3.0522E-02 4.4391E-03 0
 0 1.7687E-03 8.4373E-03 3.4822E-02 6.2353E-02 7.2523E-02 8.7143E-02 4.3811E-02 5.0383E-02 5.5003E-02 6.8391E-02 1.0434E-01 1.0737E-01 1.0783E-01 1.1794E-01 1.3835E-01 4.2643E-03 1.2816E-01 8.9640E-02 1.2326E-01 1.4899E-01 8.9914E-02 3.0401E-02 4.4022E-03 0
 0 1.7717E-03 8.2240E-03 3.5100E-02 6.1940E-02 7.1986E-02 8.6815E-02 4.3868E-02 5.1377E-02 5.5519E-02 7.1025E-02 1.0307E-01 1.1140E-01 1.0914E-01 1.1854E-01 1.4296E-01 5.8640E-03 1.3002E-01 9.2401E-02 1.2297E-01 1.4922E-01 8.9020E-02 3.0046E-02 4.3770E-03 0
 0 1.7292E-03 8.0794E-03 3.5090E-02 6.1053E-02 7.2180E-02 8.7246E-02 4.5544E-02 5.2347E-02 5.6913E-02 7.1482E-02 1.0452E-01 1.1355E-01 1.1296E-01 1.2170E-01 1.4452E-01 7.7209E-03 1.3233E-01 9.3554E-02 1.2389E-01 1.4883E-01 8.7095E-02 2.9540E-02 4.3062E-03 0
 0 1.7017E-03 7.8565E-03 3.4271E-02 6.1138E-02 7.2628E-02 8.7743E-02 4.4944E-02 5.2092E-02 5.9184E-02 7.2671E-02 1.0683E-01 1.1368E-01 1.1535E-01 1.2525E-01 1.5043E-01 1.0241E-02 1.3247E-01 9.4664E-02 1.2366E-01 1.4711E-01 8.7706E-02 2.9497E-02 4.1928E-03 0
 0 1.6395E-03 7.7331E-03 3.3676E-02 6.1102E-02 7.2446E-02 8.7666E-02 4.7123E-02 5.4276E-02 6.0061E-02 7.2725E-02 1.0781E-01 1.1724E-01 1.2143E-01 1.2840E-01 1.4945E-01 1.3652E-02 1.3814E-01 9.8358E-02 1.2593E-01 1.4801E-01 8.7036E-02 2.8777E-02 3.9930E-03 0
 0 1.6511E-03 7.6048E-03 3.3314E-02 5.9979E-02 7.2030E-02 8.7726E-02 4.7449E-02 5.4528E-02 6.0945E-02 7.5121E-02 1.1009E-01 1.2131E-01 1.2101E-01 1.2882E-01 1.5170E-01 1.7237E-02 1.4288E-01 9.8965E-02 1.2719E-01 1.4785E-01 8.5163E-02 2.8471E-02 3.9837E-03 0
 0 1.6024E-03 7.5472E-03 3.3998E-02 6.0203E-02 7.2180E-02 8.6718E-02 4.8002E-02 5.5964E-02 6.2475E-02 7.6479E-02 1.1184E-01 1.2157E-01 1.2356E-01 1.3518E-01 1.5516E-01 2.2402E-02 1.4139E-01 9.9822E-02 1.2833E-01 1.4917E-01 8.4326E-02 2.8389E-02 4.0882E-03 0
 0 1.5801E-03 7.2318E-03 3.2446E-02 5.9194E-02 7.2015E-02 8.6675E-02 4.8106E-02 5.7068E-02 6.3636E-02 7.7650E-02 1.1315E-01 1.1994E-01 1.2630E-01 1.3579E-01 1.6132E-01 2.7797E-02 1.4671E-01 1.0231E-01 1.2876E-01 1.4791E-01 8.2855E-02 2.7470E-02 3.9235E-03 0
 0 1.5498E-03 7.2263E-03 3.2242E-02 5.8912E-02 7.2102E-02 8.8160E-02 4.8985E-02 5.8617E-02 6.4293E-02 7.7322E-02 1.1417E-01 1.2340E-01 1.2903E-01 1.3973E-01 1.6209E-01 3.4932E-02 1.4531E-01 1.0572E-01 1.3192E-01 1.4831E-01 8.2600E-02 2.7413E-02 3.9048E-03 0
 0 1.5578E-03 7.1728E-03 3.2010E-02 5.8541E-02 7.1826E-02 8.8072E-02 4.9233E-02 6.0753E-02 6.6097E-02 8.0114E-02 1.1800E-01 1.2565E-01 1.2991E-01 1.4198E-01 1.6460E-01 4.1650E-02 1.5327E-01 1.0729E-01 1.3368E-01 1.4833E-01 8.2762E-02 2.6928E-02 3.7607E-03 0
 0 1.5056E-03 7.3010E-03 3.1251E-02 5.8753E-02 7.1654E-02 8.7883E-02 5.0717E-02 6.0898E-02 6.5420E-02 7.9926E-02 1.1782E-01 1.2739E-01 1.3310E-01 1.4447E-01 1.7114E-01 5.3198E-02 1.5607E-01 1.0794E-01 1.3433E-01 1.4903E-01 8.1836E-02 2.6387E-02 3.6204E-03 0
 0 1.4920E-03 6.8430E-03 3.1444E-02 5.7759E-02 7.1148E-02 8.9043E-02 5.0548E-02 6.1658E-02 6.6763E-02 8.2016E-02 1.1910E-01 1.2879E-01 1.3714E-01 1.4860E-01 1.7150E-01 6.2786E-02 1.5758E-01 1.1134E-01 1.3541E-01 1.4848E-01 8.0643E-02 2.5855E-02 3.5975E-03 0
 0 1.4699E-03 6.8622E-03 3.0542E-02 5.7793E-02 7.2039E-02 8.7169E-02 5.1483E-02 6.2788E-02 6.9014E-02 8.4836E-02 1.2078E-01 1.3269E-01 1.3920E-01 1.4921E-01 1.7540E-01 7.4051E-02 1.5966E-01 1.1292E-01 1.3835E-01 1.4766E-01 8.0196E-02 2.5995E-02 3.5019E-03 0
 0 1.4161E-03 6.7970E-03 3.0730E-02 5.7136E-02 7.2158E-02 8.8797E-02 5.1857E-02 6.4421E-02 7.0411E-02 8.4408E-02 1.2231E-01 1.3003E-01 1.4333E-01 1.5424E-01 1.8092E-01 8.8860E-02 1.6202E-01 1.1633E-01 1.3899E-01 1.4666E-01 7.9261E-02 2.5923E-02 3.5030E-03 0
 0 1.4133E-03 6.6571E-03 2.9922E-02 5.7087E-02 7.1657E-02 8.5929E-02 5.2199E-02 6.5214E-02 7.2602E-02 8.4458E-02 1.2504E-01 1.3412E-01 1.4516E-01 1.5779E-01 1.8167E-01 1.0506E-01 1.6753E-01 1.1809E-01 1.3792E-01 1.4835E-01 7.8069E-02 2.5100E-02 3.4451E-03 0
 0 1.3433E-03 6.3780E-03 2.9766E-02 5.6830E-02 7.1715E-02 8.9692E-02 5.3784E-02 6.6861E-02 7.4226E-02 8.7639E-02 1.2449E-01 1.3639E-01 1.4854E-01 1.5954E-01 1.8535E-01 1.2458E-01 1.7085E-01 1.2321E-01 1.4237E-01 1.4725E-01 7.7530E-02 2.5019E-02 3.3025E-03 0
 0 1.3565E-03 6.4158E-03 3.0059E-02 5.5846E-02 7.0894E-02 8.7823E-02 5.5514E-02 6.7873E-02 7.4426E-02 8.7236E-02 1.2583E-01 1.3787E-01 1.4858E-01 1.6089E-01 1.8787E-01 1.4260E-01 1.7479E-01 1.2135E-01 1.4318E-01 1.4724E-01 7.7893E-02 2.4375E-02 3.3130E-03 0
 0 1.3465E-03 6.4233E-03 2.8681E-02 5.5838E-02 7.0793E-02 8.7772E-02 5.4384E-02 6.9155E-02 7.6760E-02 9.1108E-02 1.2849E-01 1.4062E-01 1.5008E-01 1.6508E-01 1.9193E-01 1.6332E-01 1.7414E-01 1.2332E-01 1.4530E-01 1.4717E-01 7.7521E-02 2.4071E-02 3.2314E-03 0
 0 1.2899E-03 6.2690E-03 2.8217E-02 5.5189E-02 7.1078E-02 8.8603E-02 5.6214E-02 6.9989E-02 7.8754E-02 9.1663E-02 1.3050E-01 1.4061E-01 1.5586E-01 1.6838E-01 1.9408E-01 1.8851E-01 1.7961E-01 1.2675E-01 1.4436E-01 1.4725E-01 7.5507E-02 2.3500E-02 3.2202E-03 0
 0 1.2811E-03 6.1147E-03 2.7982E-02 5.5314E-02 6.9660E-02 8.7675E-02 5.6685E-02 7.1258E-02 7.9068E-02 9.1386E-02 1.3090E-01 1.4368E-01 1.6086E-01 1.7084E-01 1.9797E-01 2.0920E-01 1.8238E-01 1.3015E-01 1.4674E-01 1.4534E-01 7.4997E-02 2.3356E-02 3.1805E-03 0
 0 1.2919E-03 5.9063E-03 2.8307E-02 5.4526E-02 7.1645E-02 8.6898E-02 5.7978E-02 7.3574E-02 7.9691E-02 9.2297E-02 1.3476E-01 1.4481E-01 1.6001E-01 1.7361E-01 2.0381E-01 2.3618E-01 1.8577E-01 1.2940E-01 1.4929E-01 1.4577E-01 7.4128E-02 2.3239E-02 3.0772E-03 0
 0 1.2042E-03 5.9083E-03 2.7812E-02 5.4693E-02 7.0635E-02 8.7600E-02 5.6930E-02 7.4069E-02 8.1155E-02 9.3987E-02 1.3548E-01 1.4623E-01 1.6252E-01 1.7849E-01 2.0591E-01 2.6397E-01 1.8861E-01 1.3434E-01 1.5288E-01 1.4708E-01 7.2650E-02 2.2626E-02 2.9975E-03 0
 0 1.2199E-03 5.7190E-03 2.7519E-02 5.4995E-02 7.0974E-02 8.6349E-02 5.8679E-02 7.5033E-02 8.3756E-02 9.7031E-02 1.3674E-01 1.4840E-01 1.6664E-01 1.8016E-01 2.0791E-01 2.9326E-01 1.9522E-01 1.3867E-01 1.5228E-01 1.4747E-01 7.3145E-02 2.2165E-02 3.0364E-03 0
 0 1.2283E-03 5.7965E-03 2.7422E-02 5.2284E-02 7.0623E-02 8.6066E-02 6.0571E-02 7.6098E-02 8.2956E-02 9.7178E-02 1.3938E-01 1.5077E-01 1.6926E-01 1.8344E-01 2.1244E-01 3.2806E-01 1.9594E-01 1.3880E-01 1.5325E-01 1.4555E-01 7.2192E-02 2.2105E-02 3.0127E-03 0
 0 1.2295E-03 5.6882E-03 2.7431E-02 5.2584E-02 7.0747E-02 8.6663E-02 6.1020E-02 7.7560E-02 8.5077E-02 9.9736E-02 1.4082E-01 1.5237E-01 1.7257E-01 1.8552E-01 2.1479E-01 3.5666E-01 1.9628E-01 1.4258E-01 1.5215E-01 1.4532E-01 7.1715E-02 2.1336E-02 2.9101E-03 0
 0 1.1812E-03 5.6470E-03 2.6905E-02 5.2308E-02 7.0374E-02 8.7261E-02 6.0320E-02 7.9883E-02 8.5603E-02 9.9268E-02 1.4292E-01 1.5382E-01 1.7481E-01 1.8858E-01 2.1561E-01 3.8730E-01 2.0070E-01 1.4623E-01 1.5596E-01 1.4409E-01 7.0440E-02 2.1129E-02 2.7982E-03 0
 0 1.1561E-03 5.4187E-03 2.6502E-02 5.1902E-02 7.0325E-02 8.9249E-02 6.3525E-02 8.0973E-02 8.8955E-02 1.0175E-01 1.4146E-01 1.5633E-01 1.7737E-01 1.9513E-01 2.2233E-01 4.2376E-01 2.0322E-01 1.4895E-01 1.5800E-01 1.4483E-01 6.8869E-02 2.0870E-02 2.8518E-03 0
 0 1.1509E-03 5.4338E-03 2.5784E-02 5.1085E-02 7.0386E-02 8.7241E-02 6.4389E-02 8.1297E-02 9.0585E-02 1.0272E-01 1.4216E-01 1.5802E-01 1.7844E-01 1.9594E-01 2.2351E-01 4.5236E-01 2.0747E-01 1.5143E-01 1.6117E-01 1.4274E-01 6.8809E-02 2.0508E-02 2.7014E-03 0
 0 1.1412E-03 5.1862E-03 2.5583E-02 5.1983E-02 7.0108E-02 8.7275E-02 6.3792E-02 8.2830E-02 8.9541E-02 1.0345E-01 1.4670E-01 1.6158E-01 1.8296E-01 1.9924E-01 2.2600E-01 4.8172E-01 2.0860E-01 1.5330E-01 1.6077E-01 1.4281E-01 6.8798E-02 2.0287E-02 2.6353E-03 0
 0 1.1332E-03 5.2959E-03 2.5250E-02 5.0391E-02 7.0974E-02 8.6901E-02 6.6834E-02 8.3665E-02 9.0812E-02 1.0542E-01 1.4735E-01 1.6313E-01 1.8704E-01 2.0044E-01 2.3108E-01 5.1471E-01 2.1139E-01 1.5600E-01 1.6144E-01 1.4346E-01 6.7797E-02 2.0043E-02 2.6591E-03 0
 0 1.1025E-03 5.1842E-03 2.5325E-02 5.0432E-02 6.9737E-02 8.8066E-02 6.5440E-02 8.5364E-02 9.3663E-02 1.0756E-01 1.4799E-01 1.6422E-01 1.8767E-01 2.0532E-01 2.3287E-01 5.5233E-01 2.1627E-01 1.5989E-01 1.6386E-01 1.4460E-01 6.7281E-02 1.9412E-02 2.6692E-03 0
 0 1.0710E-03 5.1245E-03 2.4997E-02 4.9959E-02 6.9510E-02 8.6026E-02 6.7550E-02 8.7263E-02 9.5437E-02 1.0827E-01 1.5143E-01 1.6603E-01 1.9428E-01 2.0818E-01 2.3599E-01 5.8092E-01 2.1531E-01 1.6305E-01 1.6419E-01 1.4324E-01 6.5758E-02 1.9543E-02 2.5736E-03 0
 0 1.0591E-03 5.1060E-03 2.4704E-02 4.9724E-02 6.8735E-02 8.5555E-02 6.7785E-02 8.7518E-02 9.6190E-02 1.0905E-01 1.5273E-01 1.6904E-01 1.9044E-01 2.0939E-01 2.4228E-01 6.0883E-01 2.2005E-01 1.6510E-01 1.6589E-01 1.4366E-01 6.5954E-02 1.9538E-02 2.4931E-03 0
 0 1.0389E-03 4.9867E-03 2.4715E-02 4.9148E-02 6.8926E-02 8.6224E-02 6.9085E-02 8.8722E-02 9.7461E-02 1.1078E-01 1.5411E-01 1.6912E-01 1.9547E-01 2.1379E-01 2.4106E-01 6.3612E-01 2.2558E-01 1.6503E-01 1.6776E-01 1.4095E-01 6.5514E-02 1.8866E-02 2.4617E-03 0
 0 1.0365E-03 4.8783E-03 2.4293E-02 4.8988E-02 7.0183E-02 8.8795E-02 6.8718E-02 9.1818E-02 9.8988E-02 1.1290E-01 1.5753E-01 1.7082E-01 1.9876E-01 2.1341E-01 2.4370E-01 6.6523E-01 2.2944E-01 1.6981E-01 1.6949E-01 1.4237E-01 6.4146E-02 1.8751E-02 2.4170E-03 0
 0 1.0036E-03 4.8482E-03 2.3985E-02 4.8109E-02 6.9885E-02 8.7849E-02 7.0469E-02 9.1459E-02 1.0050E-01 1.1345E-01 1.5721E-01 1.7156E-01 2.0334E-01 2.1518E-01 2.4774E-01 6.9572E-01 2.3088E-01 1.7158E-01 1.7057E-01 1.4243E-01 6.3769E-02 1.8242E-02 2.4185E-03 0
 0 9.9367E-04 4.8221E-03 2.3146E-02 4.7636E-02 6.8440E-02 8.7083E-02 7.2636E-02 9.2853E-02 1.0082E-01 1.1524E-01 1.6017E-01 1.7480E-01 2.0356E-01 2.2164E-01 2.5283E-01 7.1066E-01 2.2993E-01 1.7510E-01 1.7089E-01 1.4023E-01 6.3416E-02 1.7831E-02 2.3369E-03 0
 0 9.6636E-04 4.6212E-03 2.3472E-02 4.8231E-02 6.9057E-02 8.6892E-02 7.2783E-02 9.5302E-02 1.0459E-01 1.1614E-01 1.5966E-01 1.7544E-01 2.0739E-01 2.2489E-01 2.5496E-01 7.3774E-01 2.3727E-01 1.7957E-01 1.7309E-01 1.3927E-01 6.1913E-02 1.7627E-02 2.2363E-03 0
 0 9.9347E-04 4.5464E-03 2.3245E-02 4.6590E-02 6.9335E-02 8.6446E-02 7.3832E-02 9.5497E-02 1.0369E-01 1.1846E-01 1.6183E-01 1.7989E-01 2.0986E-01 2.2839E-01 2.5382E-01 7.5874E-01 2.3876E-01 1.8222E-01 1.7268E-01 1.4051E-01 6.1450E-02 1.7221E-02 2.2258E-03 0
 0 9.3786E-04 4.4703E-03 2.2616E-02 4.7172E-02 6.9013E-02 8.6344E-02 7.5288E-02 9.6406E-02 1.0534E-01 1.1810E-01 1.6094E-01 1.8012E-01 2.1415E-01 2.3151E-01 2.6086E-01 7.7611E-01 2.4238E-01 1.8316E-01 1.7388E-01 1.3957E-01 6.0976E-02 1.7295E-02 2.1675E-03 0
 0 9.6337E-04 4.4141E-03 2.2385E-02 4.6274E-02 6.8440E-02 8.5327E-02 7.5232E-02 9.8473E-02 1.0583E-01 1.1823E-01 1.6489E-01 1.8177E-01 2.1363E-01 2.3000E-01 2.6086E-01 7.8657E-01 2.4562E-01 1.8539E-01 1.7766E-01 1.3967E-01 6.0442E-02 1.6905E-02 2.2336E-03 0
 0 9.2749E-04 4.4209E-03 2.2431E-02 4.6541E-02 6.9638E-02 8.6458E-02 7.7093E-02 1.0041E-01 1.0880E-01 1.2284E-01 1.6446E-01 1.8099E-01 2.1883E-01 2.3850E-01 2.6389E-01 8.0754E-01 2.4756E-01 1.8962E-01 1.7949E-01 1.3891E-01 6.0093E-02 1.6558E-02 2.2203E-03 0
 0 9.1434E-04 4.4079E-03 2.1813E-02 4.5658E-02 6.8597E-02 8.7286E-02 7.9030E-02 1.0029E-01 1.0949E-01 1.2319E-01 1.6427E-01 1.8599E-01 2.2440E-01 2.3554E-01 2.6683E-01 8.0833E-01 2.5014E-01 1.9123E-01 1.8114E-01 1.3936E-01 5.9188E-02 1.6231E-02 2.1959E-03 0
 0 9.1055E-04 4.3085E-03 2.1231E-02 4.4975E-02 6.8396E-02 8.6426E-02 7.9520E-02 1.0340E-01 1.1106E-01 1.2527E-01 1.6984E-01 1.8915E-01 2.2430E-01 2.3640E-01 2.7276E-01 8.3342E-01 2.5122E-01 1.9467E-01 1.8014E-01 1.3919E-01 5.9226E-02 1.5704E-02 2.0634E-03 0
 0 8.9122E-04 4.1919E-03 2.1086E-02 4.5059E-02 6.8306E-02 8.6875E-02 7.9259E-02 1.0216E-01 1.1239E-01 1.2606E-01 1.6793E-01 1.8846E-01 2.2555E-01 2.4244E-01 2.7384E-01 8.2884E-01 2.5440E-01 2.0081E-01 1.8326E-01 1.3917E-01 5.7917E-02 1.5700E-02 2.0968E-03 0
 0 8.6610E-04 4.1419E-03 2.1081E-02 4.4511E-02 6.8338E-02 8.5478E-02 8.0816E-02 1.0439E-01 1.1264E-01 1.2938E-01 1.7036E-01 1.8907E-01 2.2776E-01 2.4497E-01 2.7422E-01 8.3945E-01 2.5541E-01 2.0322E-01 1.8384E-01 1.3589E-01 5.6647E-02 1.5672E-02 2.0315E-03 0
 0 8.7427E-04 4.0932E-03 2.0857E-02 4.3886E-02 6.7382E-02 8.5558E-02 8.2838E-02 1.0388E-01 1.1403E-01 1.2877E-01 1.7200E-01 1.9171E-01 2.3031E-01 2.4799E-01 2.8077E-01 8.4768E-01 2.6192E-01 2.0366E-01 1.8644E-01 1.3661E-01 5.6896E-02 1.5571E-02 1.9853E-03 0
 0 8.6052E-04 4.0301E-03 2.0910E-02 4.2954E-02 6.8575E-02 8.6504E-02 8.2345E-02 1.0594E-01 1.1609E-01 1.2809E-01 1.7122E-01 1.9408E-01 2.3607E-01 2.5260E-01 2.8278E-01 8.3432E-01 2.6204E-01 2.0778E-01 1.8621E-01 1.3437E-01 5.6665E-02 1.5308E-02 1.8757E-03 0
 0 8.0411E-04 4.0314E-03 2.0101E-02 4.3529E-02 6.8265E-02 8.6081E-02 8.4178E-02 1.0813E-01 1.1626E-01 1.2889E-01 1.7175E-01 1.9379E-01 2.3508E-01 2.5367E-01 2.8658E-01 8.3801E-01 2.6739E-01 2.0902E-01 1.8794E-01 1.3363E-01 5.5664E-02 1.5150E-02 1.9262E-03 0
 0 8.4059E-04 3.8676E-03 2.0037E-02 4.3779E-02 6.8585E-02 8.6024E-02 8.5202E-02 1.0833E-01 1.1893E-01 1.3251E-01 1.7553E-01 1.9715E-01 2.3807E-01 2.5602E-01 2.8347E-01 8.3779E-01 2.6779E-01 2.1097E-01 1.8936E-01 1.3589E-01 5.4909E-02 1.4442E-02 1.8566E-03 0
 0 7.7540E-04 3.8655E-03 1.9948E-02 4.2224E-02 6.6738E-02 8.4512E-02 8.4897E-02 1.1102E-01 1.1869E-01 1.3242E-01 1.7678E-01 1.9675E-01 2.3969E-01 2.5757E-01 2.8724E-01 8.3238E-01 2.7126E-01 2.1739E-01 1.9105E-01 1.3437E-01 5.4006E-02 1.4655E-02 1.8733E-03 0
 0 8.2105E-04 3.8065E-03 1.9297E-02 4.2464E-02 6.7215E-02 8.4678E-02 8.7148E-02 1.1160E-01 1.1943E-01 1.3487E-01 1.7779E-01 1.9905E-01 2.4327E-01 2.6368E-01 2.9327E-01 8.2947E-01 2.7409E-01 2.1406E-01 1.9073E-01 1.3304E-01 5.3719E-02 1.4377E-02 1.8170E-03 0
 0 7.8138E-04 3.7812E-03 1.9545E-02 4.2340E-02 6.7684E-02 8.3987E-02 8.8391E-02 1.1276E-01 1.2196E-01 1.3731E-01 1.7714E-01 2.0126E-01 2.4386E-01 2.6492E-01 2.9301E-01 8.1601E-01 2.7535E-01 2.2037E-01 1.9105E-01 1.3244E-01 5.3251E-02 1.4542E-02 1.8011E-03 0
 0 7.8497E-04 3.7743E-03 1.9364E-02 4.2074E-02 6.7791E-02 8.3921E-02 8.8341E-02 1.1323E-01 1.2296E-01 1.3957E-01 1.7495E-01 2.0265E-01 2.4536E-01 2.6392E-01 2.9545E-01 8.0153E-01 2.8107E-01 2.2483E-01 1.9425E-01 1.3124E-01 5.2366E-02 1.3849E-02 1.8287E-03 0
 0 7.7002E-04 3.5267E-03 1.8880E-02 4.1501E-02 6.6183E-02 8.4564E-02 9.0840E-02 1.1462E-01 1.2305E-01 1.3830E-01 1.7860E-01 2.0643E-01 2.4714E-01 2.7029E-01 2.9793E-01 8.0198E-01 2.7998E-01 2.2822E-01 1.9759E-01 1.3148E-01 5.2059E-02 1.3924E-02 1.7673E-03 0
 0 7.5288E-04 3.7215E-03 1.8489E-02 4.0261E-02 6.6656E-02 8.4798E-02 9.2319E-02 1.1485E-01 1.2501E-01 1.3984E-01 1.8079E-01 2.0651E-01 2.5006E-01 2.6888E-01 2.9548E-01 7.8510E-01 2.8185E-01 2.2977E-01 1.9658E-01 1.3325E-01 5.0994E-02 1.3706E-02 1.6534E-03 0
 0 7.5069E-04 3.6186E-03 1.8685E-02 3.9865E-02 6.6910E-02 8.3393E-02 9.2701E-02 1.1704E-01 1.2547E-01 1.4018E-01 1.8266E-01 2.0519E-01 2.5413E-01 2.7242E-01 3.0057E-01 7.8218E-01 2.8644E-01 2.3371E-01 1.9707E-01 1.3056E-01 5.0517E-02 1.3294E-02 1.6806E-03 0
 0 7.2776E-04 3.5981E-03 1.8428E-02 3.9822E-02 6.7137E-02 8.2833E-02 9.4962E-02 1.1717E-01 1.2682E-01 1.4009E-01 1.8186E-01 2.1072E-01 2.5275E-01 2.7406E-01 3.0124E-01 7.6021E-01 2.8915E-01 2.3417E-01 1.9694E-01 1.2940E-01 4.9758E-02 1.3173E-02 1.6585E-03 0
 0 7.0643E-04 3.6207E-03 1.8244E-02 3.9792E-02 6.6689E-02 8.3184E-02 9.4403E-02 1.1892E-01 1.2794E-01 1.4172E-01 1.8401E-01 2.1035E-01 2.5694E-01 2.7757E-01 3.0392E-01 7.4793E-01 2.8759E-01 2.3709E-01 2.0022E-01 1.2845E-01 4.9324E-02 1.3110E-02 1.6348E-03 0
 0 6.9148E-04 3.3745E-03 1.7781E-02 4.0059E-02 6.5687E-02 8.2707E-02 9.5109E-02 1.2055E-01 1.2953E-01 1.4263E-01 1.8391E-01 2.1309E-01 2.5847E-01 2.7803E-01 3.0347E-01 7.2435E-01 2.9177E-01 2.4034E-01 2.0188E-01 1.2730E-01 4.9101E-02 1.2529E-02 1.6227E-03 0
 0 7.0524E-04 3.4246E-03 1.7517E-02 3.9861E-02 6.6467E-02 8.2716E-02 9.6610E-02 1.2118E-01 1.3042E-01 1.4323E-01 1.8630E-01 2.1299E-01 2.6164E-01 2.8074E-01 3.0800E-01 7.1140E-01 2.9278E-01 2.4558E-01 2.0070E-01 1.2764E-01 4.8081E-02 1.2321E-02 1.6009E-03 0
 0 6.8610E-04 3.3203E-03 1.7038E-02 3.8812E-02 6.5520E-02 8.2344E-02 9.8751E-02 1.2193E-01 1.3085E-01 1.4701E-01 1.8356E-01 2.1370E-01 2.6400E-01 2.7862E-01 3.0976E-01 7.0039E-01 2.9344E-01 2.4647E-01 2.0166E-01 1.2532E-01 4.7066E-02 1.2106E-02 1.5792E-03 0
 0 7.2059E-04 3.3581E-03 1.7374E-02 3.8416E-02 6.6193E-02 8.1236E-02 9.9655E-02 1.2434E-01 1.3381E-01 1.4549E-01 1.8734E-01 2.1354E-01 2.6115E-01 2.8366E-01 3.0736E-01 6.8094E-01 3.0146E-01 2.4544E-01 2.0355E-01 1.2689E-01 4.7203E-02 1.1745E-02 1.5442E-03 0
 0 6.7653E-04 3.1455E-03 1.7050E-02 3.8275E-02 6.5130E-02 8.1430E-02 9.9850E-02 1.2191E-01 1.3376E-01 1.4970E-01 1.8582E-01 2.1553E-01 2.6496E-01 2.8661E-01 3.1487E-01 6.6092E-01 3.0170E-01 2.5020E-01 2.0366E-01 1.2693E-01 4.6863E-02 1.1861E-02 1.4766E-03 0
 0 6.4464E-04 3.2387E-03 1.6976E-02 3.8025E-02 6.5845E-02 8.2307E-02 1.0043E-01 1.2618E-01 1.3230E-01 1.4824E-01 1.8718E-01 2.1852E-01 2.6939E-01 2.8602E-01 3.1339E-01 6.4991E-01 2.9652E-01 2.5615E-01 2.0437E-01 1.2602E-01 4.5976E-02 1.1625E-02 1.5061E-03 0
 0 6.6717E-04 3.2092E-03 1.6846E-02 3.7240E-02 6.5133E-02 8.1170E-02 1.0171E-01 1.2549E-01 1.3564E-01 1.4767E-01 1.8907E-01 2.1743E-01 2.6974E-01 2.9007E-01 3.1683E-01 6.2710E-01 2.9977E-01 2.5445E-01 2.0554E-01 1.2362E-01 4.5580E-02 1.1953E-02 1.4805E-03 0
 0 6.1414E-04 3.0673E-03 1.6575E-02 3.7026E-02 6.4801E-02 8.1673E-02 1.0320E-01 1.2680E-01 1.3649E-01 1.5173E-01 1.8924E-01 2.1826E-01 2.7279E-01 2.9019E-01 3.1773E-01 6.1485E-01 3.0375E-01 2.5513E-01 2.0599E-01 1.2248E-01 4.5251E-02 1.1821E-02 1.3686E-03 0
 0 6.2870E-04 3.1516E-03 1.5993E-02 3.6079E-02 6.4690E-02 8.1641E-02 1.0386E-01 1.2637E-01 1.3868E-01 1.5264E-01 1.8874E-01 2.1876E-01 2.6890E-01 2.9378E-01 3.1253E-01 5.9570E-01 3.0459E-01 2.6002E-01 2.0380E-01 1.2240E-01 4.4197E-02 1.1382E-02 1.4117E-03 0
 0 6.5720E-04 3.0550E-03 1.6034E-02 3.6742E-02 6.4295E-02 8.1333E-02 1.0541E-01 1.2690E-01 1.3548E-01 1.5179E-01 1.8971E-01 2.1770E-01 2.7199E-01 2.9244E-01 3.1677E-01 5.8569E-01 3.0354E-01 2.6114E-01 2.1062E-01 1.2351E-01 4.4266E-02 1.0820E-02 1.4098E-03 0
 0 6.3288E-04 2.9631E-03 1.5722E-02 3.6382E-02 6.3528E-02 8.1984E-02 1.0571E-01 1.2758E-01 1.3827E-01 1.5271E-01 1.9068E-01 2.2226E-01 2.7274E-01 2.9478E-01 3.2047E-01 5.6662E-01 3.1038E-01 2.6437E-01 2.0837E-01 1.2028E-01 4.3158E-02 1.0862E-02 1.3247E-03 0
 0 6.4125E-04 2.9514E-03 1.5233E-02 3.5340E-02 6.3939E-02 8.0633E-02 1.0570E-01 1.2890E-01 1.3890E-01 1.5074E-01 1.8896E-01 2.2379E-01 2.7370E-01 2.9540E-01 3.2113E-01 5.4931E-01 3.0827E-01 2.6751E-01 2.0835E-01 1.1946E-01 4.3361E-02 1.0623E-02 1.3713E-03 0
 0 5.9700E-04 2.8931E-03 1.5421E-02 3.5368E-02 6.4220E-02 8.1541E-02 1.0743E-01 1.2908E-01 1.3891E-01 1.5312E-01 1.9238E-01 2.2199E-01 2.7359E-01 3.0018E-01 3.2276E-01 5.2996E-01 3.1028E-01 2.6913E-01 2.0800E-01 1.2004E-01 4.2380E-02 1.0403E-02 1.3596E-03 0
 0 5.8983E-04 2.8211E-03 1.5153E-02 3.5484E-02 6.4319E-02 7.9719E-02 1.0927E-01 1.3036E-01 1.3980E-01 1.5444E-01 1.9319E-01 2.2278E-01 2.7648E-01 2.9742E-01 3.1876E-01 5.1213E-01 3.1116E-01 2.7352E-01 2.1103E-01 1.1999E-01 4.1714E-02 1.0220E-02 1.3017E-03 0
 0 5.9182E-04 2.8678E-03 1.5124E-02 3.4579E-02 6.3552E-02 8.0125E-02 1.0920E-01 1.3123E-01 1.3956E-01 1.5561E-01 1.9238E-01 2.2494E-01 2.7729E-01 2.9808E-01 3.2192E-01 4.9824E-01 3.1220E-01 2.7439E-01 2.1072E-01 1.1772E-01 4.1582E-02 1.0219E-02 1.2551E-03 0
 0 5.5195E-04 2.7361E-03 1.4952E-02 3.4761E-02 6.3354E-02 7.9773E-02 1.0930E-01 1.3258E-01 1.4192E-01 1.5488E-01 1.9108E-01 2.2462E-01 2.8377E-01 2.9936E-01 3.2277E-01 4.8042E-01 3.1215E-01 2.7352E-01 2.1038E-01 1.1842E-01 4.1034E-02 1.0184E-02 1.2357E-03 0
 0 5.4438E-04 2.8362E-03 1.4814E-02 3.4029E-02 6.2501E-02 7.9110E-02 1.1050E-01 1.3269E-01 1.4174E-01 1.5673E-01 1.9310E-01 2.2607E-01 2.7917E-01 3.0117E-01 3.2313E-01 4.6635E-01 3.1656E-01 2.7437E-01 2.1340E-01 1.1592E-01 4.0875E-02 1.0057E-02 1.2252E-03 0
 0 5.5474E-04 2.8156E-03 1.4435E-02 3.3503E-02 6.3375E-02 7.9996E-02 1.1325E-01 1.3444E-01 1.4247E-01 1.5774E-01 1.9253E-01 2.2736E-01 2.7951E-01 3.0203E-01 3.2539E-01 4.5007E-01 3.1379E-01 2.7749E-01 2.1166E-01 1.1679E-01 3.9769E-02 9.8768E-03 1.2594E-03 0
 0 5.7089E-04 2.7807E-03 1.4355E-02 3.3184E-02 6.2422E-02 7.9050E-02 1.1338E-01 1.3405E-01 1.4466E-01 1.5811E-01 1.9106E-01 2.2627E-01 2.8062E-01 3.0630E-01 3.2468E-01 4.3448E-01 3.1425E-01 2.8183E-01 2.1487E-01 1.1532E-01 3.9354E-02 9.7033E-03 1.1817E-03 0
 0 5.3620E-04 2.7039E-03 1.4249E-02 3.2742E-02 6.1582E-02 7.8005E-02 1.1303E-01 1.3494E-01 1.4569E-01 1.5972E-01 1.9243E-01 2.2878E-01 2.8409E-01 3.0241E-01 3.2629E-01 4.1831E-01 3.1839E-01 2.8118E-01 2.1567E-01 1.1484E-01 3.9721E-02 9.3894E-03 1.1778E-03 0
 0 5.6929E-04 2.5859E-03 1.4126E-02 3.2765E-02 6.2601E-02 7.7673E-02 1.1518E-01 1.3590E-01 1.4406E-01 1.5826E-01 1.9320E-01 2.2700E-01 2.8236E-01 3.0631E-01 3.2519E-01 4.0724E-01 3.1996E-01 2.8519E-01 2.1447E-01 1.1458E-01 3.9406E-02 9.1445E-03 1.2186E-03 0
 0 5.0411E-04 2.6120E-03 1.3659E-02 3.2900E-02 6.1502E-02 7.7359E-02 1.1569E-01 1.3625E-01 1.4424E-01 1.6030E-01 1.9122E-01 2.2876E-01 2.8285E-01 3.0722E-01 3.2631E-01 3.8972E-01 3.2013E-01 2.8513E-01 2.1272E-01 1.1355E-01 3.7905E-02 9.1776E-03 1.1518E-03 0
 0 5.2863E-04 2.5715E-03 1.3729E-02 3.1929E-02 6.1514E-02 7.8313E-02 1.1812E-01 1.3610E-01 1.4520E-01 1.6059E-01 1.9194E-01 2.3079E-01 2.8168E-01 3.0997E-01 3.3091E-01 3.8219E-01 3.1784E-01 2.8670E-01 2.1479E-01 1.1331E-01 3.6729E-02 9.4226E-03 1.1288E-03 0
 0 5.1149E-04 2.5269E-03 1.3628E-02 3.1492E-02 6.1218E-02 7.8165E-02 1.1742E-01 1.3631E-01 1.4583E-01 1.6166E-01 1.9074E-01 2.2677E-01 2.8430E-01 3.0785E-01 3.2530E-01 3.6779E-01 3.1528E-01 2.8782E-01 2.1477E-01 1.1208E-01 3.6749E-02 9.0284E-03 1.1541E-03 0
 0 5.3162E-04 2.4501E-03 1.3312E-02 3.1266E-02 6.1110E-02 7.7599E-02 1.1999E-01 1.3792E-01 1.4516E-01 1.6130E-01 1.9040E-01 2.2888E-01 2.8344E-01 3.0789E-01 3.2821E-01 3.5622E-01 3.1917E-01 2.9192E-01 2.1275E-01 1.1039E-01 3.7098E-02 8.9161E-03 1.1490E-03 0
 0 5.0292E-04 2.4899E-03 1.3425E-02 3.1214E-02 6.0938E-02 7.6637E-02 1.1871E-01 1.3754E-01 1.4650E-01 1.6217E-01 1.9132E-01 2.2993E-01 2.8564E-01 3.0915E-01 3.2529E-01 3.4189E-01 3.2059E-01 2.9225E-01 2.1743E-01 1.0917E-01 3.6678E-02 8.6724E-03 1.1211E-03 0
 0 5.1248E-04 2.4337E-03 1.2914E-02 3.1261E-02 6.0122E-02 7.5457E-02 1.2017E-01 1.3911E-01 1.4718E-01 1.6058E-01 1.9142E-01 2.3038E-01 2.8608E-01 3.0690E-01 3.3054E-01 3.3040E-01 3.1765E-01 2.9351E-01 2.1502E-01 1.0959E-01 3.6051E-02 8.6711E-03 1.0849E-03 0
 0 4.7361E-04 2.3850E-03 1.3077E-02 3.1111E-02 5.9660E-02 7.6617E-02 1.2084E-01 1.3857E-01 1.4673E-01 1.6383E-01 1.9211E-01 2.3108E-01 2.8401E-01 3.1162E-01 3.2319E-01 3.1479E-01 3.1938E-01 2.9522E-01 2.1373E-01 1.0878E-01 3.5572E-02 8.6201E-03 1.0787E-03 0
 0 5.0192E-04 2.4179E-03 1.2724E-02 3.0799E-02 6.0180E-02 7.6896E-02 1.2159E-01 1.3867E-01 1.4648E-01 1.6350E-01 1.8982E-01 2.2783E-01 2.8515E-01 3.0736E-01 3.2372E-01 3.0818E-01 3.2079E-01 2.9418E-01 2.1241E-01 1.0577E-01 3.5267E-02 8.4810E-03 1.0336E-03 0
 0 4.7082E-04 2.2568E-03 1.2671E-02 3.0482E-02 6.0052E-02 7.6157E-02 1.2367E-01 1.3842E-01 1.4728E-01 1.6459E-01 1.9250E-01 2.3086E-01 2.8766E-01 3.0938E-01 3.2454E-01 2.9506E-01 3.2435E-01 2.9721E-01 2.1466E-01 1.0664E-01 3.4348E-02 8.2079E-03 1.0169E-03 0
 0 4.6285E-04 2.2842E-03 1.2248E-02 2.9745E-02 6.0817E-02 7.5234E-02 1.2455E-01 1.3983E-01 1.4760E-01 1.6271E-01 1.9048E-01 2.2908E-01 2.8794E-01 3.1016E-01 3.2423E-01 2.8877E-01 3.1986E-01 2.9935E-01 2.1371E-01 1.0439E-01 3.4149E-02 8.1071E-03 9.9515E-04 0
 0 4.6883E-04 2.1998E-03 1.1879E-02 2.9909E-02 5.9860E-02 7.4994E-02 1.2480E-01 1.4148E-01 1.4657E-01 1.6282E-01 1.9025E-01 2.3299E-01 2.8456E-01 3.0741E-01 3.2684E-01 2.7589E-01 3.1967E-01 2.9850E-01 2.1447E-01 1.0362E-01 3.3944E-02 7.6784E-03 9.8466E-04 0
 0 4.7880E-04 2.2945E-03 1.2001E-02 2.9668E-02 5.8965E-02 7.4571E-02 1.2582E-01 1.4032E-01 1.4661E-01 1.6334E-01 1.8902E-01 2.2807E-01 2.8447E-01 3.0820E-01 3.2616E-01 2.6564E-01 3.1816E-01 2.9908E-01 2.1306E-01 1.0360E-01 3.3887E-02 7.8507E-03 9.6873E-04 0
 0 4.6245E-04 2.2574E-03 1.1859E-02 2.8934E-02 5.8754E-02 7.4831E-02 1.2453E-01 1.3980E-01 1.4699E-01 1.6188E-01 1.8909E-01 2.3149E-01 2.8579E-01 3.1050E-01 3.2474E-01 2.5744E-01 3.2038E-01 3.0246E-01 2.1349E-01 1.0256E-01 3.2466E-02 7.7984E-03 1.0115E-03 0
 0 4.6345E-04 2.2211E-03 1.1610E-02 2.8829E-02 5.8795E-02 7.3760E-02 1.2635E-01 1.4118E-01 1.4709E-01 1.6333E-01 1.8960E-01 2.2813E-01 2.8485E-01 3.0936E-01 3.2219E-01 2.4977E-01 3.2107E-01 3.0101E-01 2.1329E-01 1.0216E-01 3.2886E-02 7.7461E-03 9.5668E-04 0
 0 4.4770E-04 2.2273E-03 1.1653E-02 2.8521E-02 5.8115E-02 7.3614E-02 1.2729E-01 1.4003E-01 1.4960E-01 1.6512E-01 1.9006E-01 2.3018E-01 2.8503E-01 3.0597E-01 3.2378E-01 2.4084E-01 3.2109E-01 3.0099E-01 2.1475E-01 1.0118E-01 3.2092E-02 7.3607E-03 9.6834E-04 0
 0 4.3435E-04 2.1464E-03 1.1511E-02 2.8072E-02 5.7953E-02 7.3786E-02 1.2673E-01 1.4007E-01 1.4759E-01 1.6179E-01 1.8961E-01 2.2861E-01 2.8293E-01 3.0525E-01 3.2244E-01 2.3376E-01 3.1753E-01 3.0287E-01 2.1156E-01 1.0014E-01 3.1892E-02 7.5687E-03 9.6135E-04 0
 0 4.4431E-04 2.0456E-03 1.1448E-02 2.7391E-02 5.7532E-02 7.2092E-02 1.2796E-01 1.4044E-01 1.4843E-01 1.6136E-01 1.8804E-01 2.2696E-01 2.8081E-01 3.0325E-01 3.1855E-01 2.2371E-01 3.1889E-01 3.0406E-01 2.1018E-01 9.9605E-02 3.1556E-02 7.4768E-03 9.0578E-04 0
 0 4.3235E-04 2.1731E-03 1.1315E-02 2.8067E-02 5.7297E-02 7.2337E-02 1.2857E-01 1.3934E-01 1.4853E-01 1.6343E-01 1.8752E-01 2.2876E-01 2.8585E-01 3.0884E-01 3.2162E-01 2.1544E-01 3.1661E-01 3.0395E-01 2.1343E-01 9.9648E-02 3.0870E-02 7.1081E-03 8.6032E-04 0
 0 4.2637E-04 2.0414E-03 1.0881E-02 2.7240E-02 5.6999E-02 7.2623E-02 1.2809E-01 1.4051E-01 1.4794E-01 1.6118E-01 1.8615E-01 2.2575E-01 2.8374E-01 3.0690E-01 3.1923E-01 2.0799E-01 3.1395E-01 3.0494E-01 2.1060E-01 9.8199E-02 3.0206E-02 7.2140E-03 9.1472E-04 0
 0 4.0803E-04 2.0318E-03 1.1020E-02 2.6726E-02 5.7362E-02 7.2497E-02 1.2799E-01 1.4086E-01 1.4730E-01 1.6248E-01 1.8587E-01 2.2487E-01 2.8084E-01 3.0540E-01 3.1860E-01 2.0128E-01 3.1872E-01 3.0226E-01 2.0934E-01 9.5802E-02 3.0051E-02 6.9091E-03 8.6614E-04 0
 0 4.2896E-04 1.8810E-03 1.0573E-02 2.6872E-02 5.6926E-02 7.2949E-02 1.2947E-01 1.4103E-01 1.4679E-01 1.6166E-01 1.8391E-01 2.2789E-01 2.7955E-01 3.0562E-01 3.1710E-01 1.9446E-01 3.1738E-01 3.0525E-01 2.0867E-01 9.5509E-02 2.9602E-02 6.7738E-03 8.5410E-04 0
 0 4.0783E-04 2.1820E-03 1.0652E-02 2.6574E-02 5.6433E-02 7.0469E-02 1.2874E-01 1.3953E-01 1.4735E-01 1.6399E-01 1.8569E-01 2.2346E-01 2.8290E-01 3.0593E-01 3.1542E-01 1.8725E-01 3.1406E-01 3.0665E-01 2.0623E-01 9.3943E-02 2.9848E-02 6.9205E-03 8.6886E-04 0
 0 4.1242E-04 1.9537E-03 1.0587E-02 2.6884E-02 5.5588E-02 7.1403E-02 1.2925E-01 1.4074E-01 1.4630E-01 1.6241E-01 1.8414E-01 2.2699E-01 2.7931E-01 3.0242E-01 3.1761E-01 1.8165E-01 3.1646E-01 3.0300E-01 2.0737E-01 9.2593E-02 2.9385E-02 6.8095E-03 8.2379E-04 0
 0 4.0385E-04 1.9976E-03 1.0553E-02 2.5622E-02 5.6174E-02 7.0357E-02 1.3122E-01 1.3815E-01 1.4749E-01 1.6178E-01 1.8266E-01 2.2591E-01 2.7845E-01 3.0214E-01 3.1385E-01 1.7800E-01 3.1384E-01 3.0627E-01 2.0815E-01 9.4165E-02 2.8633E-02 6.5301E-03 8.0630E-04 0
 0 4.0644E-04 2.0606E-03 1.0120E-02 2.5554E-02 5.5513E-02 7.0635E-02 1.3088E-01 1.3834E-01 1.4622E-01 1.6071E-01 1.8120E-01 2.2452E-01 2.7879E-01 2.9989E-01 3.1344E-01 1.7298E-01 3.1264E-01 3.0445E-01 2.0814E-01 9.2880E-02 2.8530E-02 6.6577E-03 8.0902E-04 0
 0 3.7774E-04 1.9907E-03 1.0026E-02 2.5935E-02 5.5578E-02 7.0189E-02 1.3170E-01 1.3982E-01 1.4649E-01 1.6187E-01 1.8344E-01 2.2355E-01 2.7440E-01 2.9828E-01 3.1036E-01 1.6543E-01 3.1243E-01 3.0788E-01 2.0603E-01 9.1252E-02 2.8382E-02 6.4944E-03 8.1252E-04 0
 0 3.8571E-04 1.9063E-03 1.0285E-02 2.4936E-02 5.4833E-02 6.9449E-02 1.3113E-01 1.3915E-01 1.4471E-01 1.5892E-01 1.8187E-01 2.2260E-01 2.7231E-01 3.0075E-01 3.0839E-01 1.6057E-01 3.0938E-01 3.0245E-01 2.0668E-01 9.1020E-02 2.7757E-02 6.1754E-03 7.6162E-04 0
 0 3.7973E-04 1.8302E-03 9.9514E-03 2.5357E-02 5.3729E-02 6.9889E-02 1.3318E-01 1.3873E-01 1.4569E-01 1.6062E-01 1.7874E-01 2.2254E-01 2.7519E-01 2.9917E-01 3.0993E-01 1.5683E-01 3.1315E-01 3.0630E-01 2.0429E-01 8.8724E-02 2.7980E-02 6.0810E-03 7.8143E-04 0
 0 3.8332E-04 1.8775E-03 9.7148E-03 2.4316E-02 5.3852E-02 6.9486E-02 1.3313E-01 1.3780E-01 1.4335E-01 1.5870E-01 1.7672E-01 2.2096E-01 2.7214E-01 2.9785E-01 3.0482E-01 1.5085E-01 3.0406E-01 3.0144E-01 2.0228E-01 8.9360E-02 2.6760E-02 6.1690E-03 7.7833E-04 0
 0 3.7694E-04 1.8268E-03 9.5901E-03 2.4363E-02 5.4227E-02 6.7869E-02 1.3491E-01 1.3575E-01 1.4455E-01 1.5931E-01 1.7801E-01 2.1902E-01 2.7047E-01 2.9312E-01 3.0651E-01 1.4712E-01 3.0907E-01 3.0291E-01 2.0251E-01 8.7837E-02 2.6703E-02 5.8883E-03 7.3636E-04 0
 0 3.7036E-04 1.9036E-03 9.4923E-03 2.4448E-02 5.4438E-02 6.8892E-02 1.3218E-01 1.3708E-01 1.4267E-01 1.5775E-01 1.7801E-01 2.2084E-01 2.6871E-01 2.9472E-01 3.0569E-01 1.4166E-01 3.0611E-01 3.0438E-01 2.0332E-01 8.6731E-02 2.6753E-02 5.7812E-03 7.4568E-04 0
 0 3.5521E-04 1.7795E-03 9.4023E-03 2.4131E-02 5.3881E-02 6.8112E-02 1.3347E-01 1.3663E-01 1.4232E-01 1.5846E-01 1.7781E-01 2.2082E-01 2.6583E-01 2.9645E-01 3.0080E-01 1.3607E-01 3.0441E-01 2.9779E-01 1.9986E-01 8.6614E-02 2.6304E-02 5.7097E-03 7.7055E-04 0
 0 3.5322E-04 1.7281E-03 9.0936E-03 2.3667E-02 5.3462E-02 6.8338E-02 1.3224E-01 1.3654E-01 1.4126E-01 1.5757E-01 1.7356E-01 2.1844E-01 2.7086E-01 2.9307E-01 2.9951E-01 1.3595E-01 3.0088E-01 2.9798E-01 1.9767E-01 8.5511E-02 2.5973E-02 5.7467E-03 6.9906E-04 0
 0 3.4205E-04 1.8028E-03 9.0049E-03 2.3586E-02 5.2700E-02 6.7192E-02 1.3277E-01 1.3773E-01 1.4056E-01 1.5879E-01 1.7450E-01 2.1874E-01 2.6724E-01 2.9356E-01 2.9592E-01 1.3066E-01 3.0115E-01 2.9817E-01 1.9745E-01 8.5531E-02 2.5428E-02 5.6332E-03 7.3752E-04 0
 0 3.4863E-04 1.7829E-03 8.9740E-03 2.3252E-02 5.2434E-02 6.6367E-02 1.3156E-01 1.3662E-01 1.4157E-01 1.5586E-01 1.7225E-01 2.1556E-01 2.6148E-01 2.9084E-01 2.9459E-01 1.2500E-01 3.0084E-01 2.9918E-01 1.9913E-01 8.3284E-02 2.4970E-02 5.4813E-03 7.2470E-04 0
 0 3.4066E-04 1.6986E-03 8.7631E-03 2.2739E-02 5.1814E-02 6.6592E-02 1.3289E-01 1.3586E-01 1.4156E-01 1.5580E-01 1.7350E-01 2.1330E-01 2.6138E-01 2.8472E-01 2.9639E-01 1.2190E-01 2.9545E-01 2.9666E-01 1.9621E-01 8.3346E-02 2.5524E-02 5.6497E-03 7.1227E-04 0
 0 3.3906E-04 1.7418E-03 8.9162E-03 2.2685E-02 5.1848E-02 6.4867E-02 1.3204E-01 1.3448E-01 1.4226E-01 1.5328E-01 1.7124E-01 2.1333E-01 2.6026E-01 2.8903E-01 2.9296E-01 1.1697E-01 2.9604E-01 2.9480E-01 1.9691E-01 8.2087E-02 2.5223E-02 5.5757E-03 6.9362E-04 0
 0 3.4485E-04 1.6924E-03 8.5625E-03 2.2302E-02 5.2039E-02 6.5095E-02 1.3248E-01 1.3407E-01 1.4014E-01 1.5263E-01 1.6919E-01 2.1181E-01 2.5879E-01 2.8396E-01 2.9424E-01 1.1659E-01 2.9095E-01 2.9481E-01 1.9294E-01 8.0893E-02 2.4541E-02 5.2542E-03 6.7419E-04 0
 0 3.4305E-04 1.6554E-03 8.5715E-03 2.2555E-02 5.1971E-02 6.5587E-02 1.3208E-01 1.3293E-01 1.3880E-01 1.5208E-01 1.6927E-01 2.1138E-01 2.6150E-01 2.8303E-01 2.9146E-01 1.1472E-01 2.9139E-01 2.9046E-01 1.9057E-01 8.0309E-02 2.3855E-02 5.1738E-03 6.6525E-04 0
 0 3.4385E-04 1.5943E-03 8.5625E-03 2.1964E-02 5.0366E-02 6.3941E-02 1.3243E-01 1.3498E-01 1.3825E-01 1.5271E-01 1.6753E-01 2.0841E-01 2.5486E-01 2.8433E-01 2.8980E-01 1.0973E-01 2.9003E-01 2.9138E-01 1.9213E-01 7.8297E-02 2.3326E-02 5.3027E-03 6.6253E-04 0
 0 3.2093E-04 1.6341E-03 8.4378E-03 2.2168E-02 5.0432E-02 6.2716E-02 1.3162E-01 1.3295E-01 1.3671E-01 1.5026E-01 1.6651E-01 2.0812E-01 2.5691E-01 2.8047E-01 2.8694E-01 1.0621E-01 2.8669E-01 2.9362E-01 1.9090E-01 7.8222E-02 2.3180E-02 5.1011E-03 6.6991E-04 0
 0 3.3348E-04 1.5786E-03 8.2744E-03 2.1654E-02 5.0870E-02 6.3787E-02 1.3076E-01 1.3207E-01 1.3544E-01 1.5021E-01 1.6479E-01 2.0766E-01 2.5220E-01 2.8075E-01 2.7974E-01 1.0259E-01 2.8625E-01 2.8842E-01 1.8791E-01 7.7546E-02 2.3253E-02 5.1330E-03 6.6097E-04 0
 0 3.0518E-04 1.5786E-03 8.2410E-03 2.1436E-02 5.0182E-02 6.2964E-02 1.3117E-01 1.3077E-01 1.3562E-01 1.5033E-01 1.6407E-01 2.0610E-01 2.4945E-01 2.7638E-01 2.8147E-01 1.0001E-01 2.8396E-01 2.8943E-01 1.8770E-01 7.6366E-02 2.2733E-02 4.9135E-03 6.2095E-04 0
 0 3.1016E-04 1.6410E-03 8.3053E-03 2.1310E-02 4.9601E-02 6.2773E-02 1.3154E-01 1.3101E-01 1.3460E-01 1.4971E-01 1.6246E-01 2.0411E-01 2.4993E-01 2.7429E-01 2.8284E-01 9.8891E-02 2.8036E-01 2.8737E-01 1.8629E-01 7.5912E-02 2.2169E-02 4.9084E-03 6.2950E-04 0
 0 3.0737E-04 1.4620E-03 8.1934E-03 2.1282E-02 4.8742E-02 6.3327E-02 1.3058E-01 1.2932E-01 1.3481E-01 1.4730E-01 1.6143E-01 2.0418E-01 2.4881E-01 2.7493E-01 2.7507E-01 9.4760E-02 2.8313E-01 2.8361E-01 1.8399E-01 7.5397E-02 2.2361E-02 5.0883E-03 6.0735E-04 0
 0 2.9222E-04 1.4970E-03 8.0635E-03 2.0702E-02 4.9238E-02 6.3256E-02 1.3108E-01 1.2910E-01 1.3431E-01 1.4618E-01 1.6011E-01 2.0284E-01 2.4575E-01 2.7154E-01 2.7636E-01 9.2888E-02 2.7804E-01 2.8004E-01 1.8178E-01 7.5544E-02 2.1542E-02 4.7005E-03 5.9802E-04 0
 0 3.0737E-04 1.5580E-03 7.8423E-03 2.1049E-02 4.8522E-02 6.1802E-02 1.2995E-01 1.2762E-01 1.3241E-01 1.4652E-01 1.5860E-01 1.9925E-01 2.4089E-01 2.6545E-01 2.7362E-01 8.9848E-02 2.7916E-01 2.8057E-01 1.7824E-01 7.2452E-02 2.2065E-02 4.7847E-03 5.8209E-04 0
 0 3.1754E-04 1.6321E-03 7.7279E-03 2.0379E-02 4.8296E-02 6.2179E-02 1.3117E-01 1.2809E-01 1.3092E-01 1.4506E-01 1.5733E-01 2.0110E-01 2.4017E-01 2.6941E-01 2.7335E-01 9.1674E-02 2.7835E-01 2.7871E-01 1.7988E-01 7.2771E-02 2.1823E-02 4.6635E-03 6.2328E-04 0
 0 3.0239E-04 1.4174E-03 7.6648E-03 2.0161E-02 4.8127E-02 6.0036E-02 1.2825E-01 1.2503E-01 1.3039E-01 1.4369E-01 1.5658E-01 1.9741E-01 2.3897E-01 2.6312E-01 2.6755E-01 8.7502E-02 2.7287E-01 2.7817E-01 1.7765E-01 7.0080E-02 2.0511E-02 4.5410E-03 5.9142E-04 0
 0 2.9282E-04 1.4846E-03 7.6996E-03 2.0557E-02 4.8277E-02 6.1507E-02 1.2910E-01 1.2426E-01 1.3142E-01 1.4327E-01 1.5413E-01 1.9390E-01 2.3705E-01 2.6053E-01 2.6716E-01 8.5229E-02 2.7012E-01 2.7212E-01 1.7727E-01 6.9608E-02 2.0352E-02 4.4363E-03 5.8986E-04 0
 0 2.9182E-04 1.5319E-03 7.6250E-03 1.9892E-02 4.7730E-02 6.1062E-02 1.2856E-01 1.2438E-01 1.3013E-01 1.4143E-01 1.5403E-01 1.9576E-01 2.3312E-01 2.5951E-01 2.6376E-01 8.4756E-02 2.6777E-01 2.7592E-01 1.7307E-01 6.8838E-02 2.0835E-02 4.4453E-03 5.6694E-04 0
 0 3.0059E-04 1.4318E-03 7.5594E-03 1.9299E-02 4.7771E-02 5.9573E-02 1.2844E-01 1.2357E-01 1.2833E-01 1.4007E-01 1.5193E-01 1.9344E-01 2.3172E-01 2.5579E-01 2.6304E-01 8.1530E-02 2.6618E-01 2.7072E-01 1.7252E-01 6.8910E-02 2.0327E-02 4.3942E-03 5.2808E-04 0
 0 2.7927E-04 1.4318E-03 7.1273E-03 1.9252E-02 4.7074E-02 6.0422E-02 1.2804E-01 1.2221E-01 1.2774E-01 1.3883E-01 1.4994E-01 1.9268E-01 2.3078E-01 2.5784E-01 2.5959E-01 7.9735E-02 2.6229E-01 2.7042E-01 1.7379E-01 6.7957E-02 2.0115E-02 4.5422E-03 5.4090E-04 0
 0 2.9182E-04 1.4215E-03 7.2044E-03 1.8980E-02 4.6406E-02 5.9079E-02 1.2600E-01 1.2225E-01 1.2761E-01 1.3768E-01 1.4919E-01 1.8886E-01 2.2792E-01 2.5371E-01 2.5781E-01 7.7318E-02 2.6284E-01 2.6907E-01 1.6960E-01 6.7562E-02 2.0281E-02 4.2934E-03 5.5683E-04 0
 0 2.8186E-04 1.4894E-03 6.9987E-03 1.8916E-02 4.6261E-02 5.8497E-02 1.2604E-01 1.2077E-01 1.2462E-01 1.3706E-01 1.4928E-01 1.8742E-01 2.2672E-01 2.5160E-01 2.5386E-01 7.7019E-02 2.6170E-01 2.6386E-01 1.7016E-01 6.6215E-02 1.9617E-02 4.1289E-03 5.2730E-04 0
 0 2.8365E-04 1.3262E-03 7.0334E-03 1.9000E-02 4.6048E-02 5.8856E-02 1.2422E-01 1.1971E-01 1.2339E-01 1.3617E-01 1.4514E-01 1.8574E-01 2.2354E-01 2.4931E-01 2.5451E-01 7.6026E-02 2.5378E-01 2.6323E-01 1.6718E-01 6.6072E-02 1.9118E-02 4.2207E-03 5.4518E-04 0
 0 2.8106E-04 1.3098E-03 7.1903E-03 1.8463E-02 4.5283E-02 5.8214E-02 1.2408E-01 1.1966E-01 1.2177E-01 1.3621E-01 1.4418E-01 1.8321E-01 2.2473E-01 2.4763E-01 2.4991E-01 7.3192E-02 2.5809E-01 2.6012E-01 1.6458E-01 6.4842E-02 1.8573E-02 3.9260E-03 5.2381E-04 0
 0 2.6531E-04 1.4071E-03 6.7054E-03 1.8251E-02 4.5125E-02 5.8008E-02 1.2479E-01 1.1888E-01 1.2141E-01 1.3559E-01 1.4379E-01 1.8298E-01 2.2149E-01 2.4416E-01 2.4879E-01 7.0538E-02 2.5299E-01 2.5328E-01 1.6443E-01 6.4226E-02 1.8641E-02 4.1391E-03 5.0749E-04 0
 0 2.5515E-04 1.3831E-03 6.8212E-03 1.7545E-02 4.3949E-02 5.7608E-02 1.2454E-01 1.1744E-01 1.2075E-01 1.3262E-01 1.4214E-01 1.8315E-01 2.1754E-01 2.4388E-01 2.4952E-01 7.0692E-02 2.5121E-01 2.5543E-01 1.6122E-01 6.3498E-02 1.8710E-02 3.9834E-03 5.0904E-04 0
 0 2.6511E-04 1.3996E-03 6.6141E-03 1.7890E-02 4.4506E-02 5.7297E-02 1.2172E-01 1.1708E-01 1.2024E-01 1.3202E-01 1.3961E-01 1.7855E-01 2.1579E-01 2.4051E-01 2.4467E-01 6.7493E-02 2.4955E-01 2.5297E-01 1.5882E-01 6.1943E-02 1.7864E-02 3.9911E-03 4.9933E-04 0
 0 2.6990E-04 1.3008E-03 6.6823E-03 1.7808E-02 4.3612E-02 5.7282E-02 1.2172E-01 1.1596E-01 1.1921E-01 1.3124E-01 1.3848E-01 1.7773E-01 2.1472E-01 2.4171E-01 2.4076E-01 6.7945E-02 2.4554E-01 2.5224E-01 1.6016E-01 6.2631E-02 1.8085E-02 3.8265E-03 5.1798E-04 0
 0 2.6970E-04 1.3948E-03 6.4405E-03 1.7678E-02 4.3256E-02 5.5714E-02 1.2059E-01 1.1439E-01 1.1820E-01 1.3121E-01 1.3710E-01 1.7853E-01 2.1051E-01 2.3724E-01 2.3715E-01 6.7729E-02 2.4239E-01 2.4962E-01 1.5694E-01 6.0325E-02 1.7814E-02 3.8239E-03 4.7368E-04 0
 0 2.6412E-04 1.3612E-03 6.4855E-03 1.7783E-02 4.2591E-02 5.6663E-02 1.2027E-01 1.1304E-01 1.1521E-01 1.2747E-01 1.3496E-01 1.7656E-01 2.0801E-01 2.3524E-01 2.3807E-01 6.4885E-02 2.3820E-01 2.4297E-01 1.5426E-01 5.9604E-02 1.7843E-02 3.7614E-03 4.8378E-04 0
 0 2.5495E-04 1.3461E-03 6.3171E-03 1.7261E-02 4.2632E-02 5.4766E-02 1.1819E-01 1.1364E-01 1.1532E-01 1.2745E-01 1.3431E-01 1.7230E-01 2.0429E-01 2.3228E-01 2.3513E-01 6.3650E-02 2.4239E-01 2.4187E-01 1.5196E-01 5.7725E-02 1.7802E-02 3.5968E-03 4.4959E-04 0
 0 2.4817E-04 1.2227E-03 6.1126E-03 1.7006E-02 4.2603E-02 5.4023E-02 1.1829E-01 1.1361E-01 1.1382E-01 1.2482E-01 1.3353E-01 1.7050E-01 2.0499E-01 2.2885E-01 2.3391E-01 6.1927E-02 2.3490E-01 2.3861E-01 1.5004E-01 5.8358E-02 1.6778E-02 3.6542E-03 4.6319E-04 0
 0 2.4558E-04 1.3365E-03 6.2142E-03 1.6685E-02 4.2165E-02 5.4934E-02 1.1723E-01 1.1053E-01 1.1283E-01 1.2502E-01 1.3232E-01 1.6840E-01 2.0020E-01 2.2921E-01 2.2790E-01 6.1109E-02 2.3650E-01 2.3580E-01 1.4809E-01 5.7660E-02 1.7278E-02 3.6491E-03 4.4454E-04 0
 0 2.3541E-04 1.2391E-03 6.0740E-03 1.6516E-02 4.1814E-02 5.4423E-02 1.1751E-01 1.0873E-01 1.1016E-01 1.2242E-01 1.2908E-01 1.6688E-01 1.9944E-01 2.2552E-01 2.2408E-01 6.1665E-02 2.3189E-01 2.3557E-01 1.4805E-01 5.7115E-02 1.6990E-02 3.4807E-03 4.6474E-04 0
 0 2.2724E-04 1.2487E-03 6.0650E-03 1.6304E-02 4.2022E-02 5.2860E-02 1.1546E-01 1.0863E-01 1.1113E-01 1.2130E-01 1.2806E-01 1.6497E-01 1.9848E-01 2.2431E-01 2.2008E-01 5.9978E-02 2.3059E-01 2.3191E-01 1.4609E-01 5.5119E-02 1.6742E-02 3.4616E-03 4.5464E-04 0
 0 2.5495E-04 1.2954E-03 5.8438E-03 1.6187E-02 4.1390E-02 5.2960E-02 1.1503E-01 1.0757E-01 1.1049E-01 1.2112E-01 1.2837E-01 1.6425E-01 1.9700E-01 2.2222E-01 2.2211E-01 5.8388E-02 2.2862E-01 2.2818E-01 1.4140E-01 5.4411E-02 1.6671E-02 3.4462E-03 4.4920E-04 0
 0 2.4518E-04 1.2405E-03 5.8554E-03 1.5868E-02 4.1635E-02 5.2300E-02 1.1329E-01 1.0613E-01 1.0880E-01 1.1815E-01 1.2636E-01 1.6156E-01 1.9101E-01 2.1872E-01 2.2256E-01 5.7606E-02 2.2259E-01 2.2595E-01 1.3875E-01 5.4770E-02 1.6105E-02 3.5024E-03 4.4998E-04 0
 0 2.3083E-04 1.2021E-03 5.8772E-03 1.6076E-02 4.0804E-02 5.0841E-02 1.1281E-01 1.0556E-01 1.0711E-01 1.1753E-01 1.2539E-01 1.6012E-01 1.8940E-01 2.1155E-01 2.1773E-01 5.6891E-02 2.2335E-01 2.2436E-01 1.3836E-01 5.4389E-02 1.5364E-02 3.4309E-03 4.2200E-04 0
 0 2.3701E-04 1.1644E-03 5.7499E-03 1.5891E-02 3.9698E-02 5.2063E-02 1.1254E-01 1.0344E-01 1.0734E-01 1.1567E-01 1.2252E-01 1.5717E-01 1.9052E-01 2.1565E-01 2.1362E-01 5.5852E-02 2.1883E-01 2.2228E-01 1.3640E-01 5.3257E-02 1.5481E-02 3.2293E-03 4.4454E-04 0
 0 2.3501E-04 1.1788E-03 5.8785E-03 1.6014E-02 3.9921E-02 5.1998E-02 1.1092E-01 1.0210E-01 1.0431E-01 1.1387E-01 1.2347E-01 1.5749E-01 1.8363E-01 2.1149E-01 2.1336E-01 5.5075E-02 2.2087E-01 2.1857E-01 1.3348E-01 5.1890E-02 1.5613E-02 3.3097E-03 4.1578E-04 0
 0 2.2465E-04 1.2158E-03 5.8515E-03 1.5030E-02 3.9124E-02 5.0869E-02 1.0901E-01 1.0141E-01 1.0459E-01 1.1511E-01 1.1960E-01 1.5394E-01 1.8350E-01 2.0784E-01 2.0881E-01 5.6099E-02 2.1423E-01 2.1474E-01 1.3225E-01 5.1143E-02 1.5490E-02 3.1553E-03 4.2822E-04 0
 0 2.2564E-04 1.1397E-03 5.6380E-03 1.5410E-02 3.8679E-02 5.1275E-02 1.0709E-01 9.9903E-02 1.0122E-01 1.1315E-01 1.1803E-01 1.5268E-01 1.8175E-01 2.0614E-01 2.0879E-01 5.5060E-02 2.1399E-01 2.1435E-01 1.2932E-01 5.0908E-02 1.5052E-02 3.2064E-03 4.3171E-04 0
 0 2.4378E-04 1.1843E-03 5.4091E-03 1.4963E-02 3.9366E-02 4.9592E-02 1.0794E-01 9.8311E-02 1.0154E-01 1.1106E-01 1.1720E-01 1.4887E-01 1.7723E-01 2.0363E-01 2.0597E-01 5.3208E-02 2.0773E-01 2.0861E-01 1.3070E-01 4.9300E-02 1.5405E-02 3.2038E-03 4.5580E-04 0
 0 2.3402E-04 1.1534E-03 5.1455E-03 1.4991E-02 3.8722E-02 4.9526E-02 1.0641E-01 9.7541E-02 9.9922E-02 1.0855E-01 1.1704E-01 1.4905E-01 1.7877E-01 2.0001E-01 2.0407E-01 5.1922E-02 2.0785E-01 2.0515E-01 1.2725E-01 5.0165E-02 1.4566E-02 3.0622E-03 4.0956E-04 0
 0 2.1907E-04 1.1904E-03 5.2188E-03 1.5111E-02 3.7984E-02 5.1589E-02 1.0646E-01 9.7027E-02 9.9375E-02 1.0750E-01 1.1302E-01 1.4537E-01 1.7546E-01 1.9870E-01 1.9929E-01 5.2359E-02 2.0835E-01 2.0183E-01 1.2578E-01 4.9437E-02 1.4431E-02 3.1617E-03 4.1384E-04 0
 0 1.9176E-04 1.1020E-03 5.1995E-03 1.4552E-02 3.8166E-02 4.8895E-02 1.0411E-01 9.5571E-02 9.5897E-02 1.0742E-01 1.1188E-01 1.4376E-01 1.7156E-01 1.9640E-01 1.9680E-01 5.0729E-02 2.0482E-01 2.0104E-01 1.2378E-01 4.8305E-02 1.4317E-02 3.0035E-03 3.9480E-04 0
 0 2.0471E-04 1.0677E-03 5.1956E-03 1.4503E-02 3.7694E-02 4.9327E-02 1.0279E-01 9.5374E-02 9.6557E-02 1.0704E-01 1.1079E-01 1.4301E-01 1.6734E-01 1.9519E-01 1.9564E-01 5.0729E-02 2.0353E-01 1.9588E-01 1.2130E-01 4.8077E-02 1.4349E-02 2.8580E-03 3.9091E-04 0
 0 2.1109E-04 1.1623E-03 5.1313E-03 1.4159E-02 3.6595E-02 4.7918E-02 1.0306E-01 9.4665E-02 9.5320E-02 1.0550E-01 1.0963E-01 1.4049E-01 1.6845E-01 1.9238E-01 1.9283E-01 5.1392E-02 1.9585E-01 1.9290E-01 1.1893E-01 4.6466E-02 1.3916E-02 2.9040E-03 3.7032E-04 0
 0 2.1089E-04 1.0149E-03 5.0747E-03 1.4090E-02 3.6841E-02 4.7195E-02 9.9909E-02 9.2879E-02 9.2976E-02 1.0153E-01 1.0926E-01 1.3848E-01 1.6536E-01 1.8778E-01 1.8920E-01 5.0086E-02 1.9702E-01 1.9272E-01 1.1680E-01 4.6769E-02 1.4060E-02 2.9091E-03 3.9013E-04 0
 0 2.0651E-04 1.0142E-03 5.0554E-03 1.3973E-02 3.5972E-02 4.7247E-02 9.9269E-02 9.1598E-02 9.2816E-02 1.0149E-01 1.0794E-01 1.3719E-01 1.6121E-01 1.8458E-01 1.8828E-01 4.9258E-02 1.9195E-01 1.9080E-01 1.1648E-01 4.5602E-02 1.3713E-02 2.7802E-03 3.4817E-04 0
 0 1.9614E-04 1.0944E-03 5.2857E-03 1.3846E-02 3.5893E-02 4.6404E-02 9.8503E-02 9.0382E-02 9.1422E-02 9.9938E-02 1.0685E-01 1.3526E-01 1.5931E-01 1.8311E-01 1.8530E-01 4.8147E-02 1.8881E-01 1.8617E-01 1.1198E-01 4.4323E-02 1.3211E-02 2.7726E-03 3.6099E-04 0
 0 1.9873E-04 1.0869E-03 4.8921E-03 1.3652E-02 3.5459E-02 4.6807E-02 9.6506E-02 8.9207E-02 9.1832E-02 9.9408E-02 1.0340E-01 1.3376E-01 1.5750E-01 1.8240E-01 1.8412E-01 4.8851E-02 1.8663E-01 1.8062E-01 1.1202E-01 4.4157E-02 1.3355E-02 2.8045E-03 3.7692E-04 0
 0 1.9873E-04 1.1527E-03 4.7687E-03 1.3447E-02 3.4810E-02 4.7175E-02 9.5128E-02 8.8414E-02 8.9351E-02 9.7427E-02 1.0258E-01 1.3192E-01 1.5728E-01 1.8132E-01 1.8349E-01 4.8373E-02 1.8706E-01 1.8145E-01 1.1026E-01 4.3472E-02 1.3132E-02 2.6935E-03 3.5244E-04 0
 0 2.1089E-04 1.0718E-03 4.8098E-03 1.3404E-02 3.4343E-02 4.5619E-02 9.3015E-02 8.7069E-02 8.8925E-02 9.7175E-02 1.0174E-01 1.3067E-01 1.5494E-01 1.7520E-01 1.7993E-01 4.7262E-02 1.8259E-01 1.7630E-01 1.0870E-01 4.2095E-02 1.3070E-02 2.7879E-03 3.5128E-04 0
 0 2.0452E-04 1.0615E-03 4.8278E-03 1.3429E-02 3.4522E-02 4.5750E-02 9.3147E-02 8.5872E-02 8.7457E-02 9.3270E-02 9.8178E-02 1.2815E-01 1.5257E-01 1.7381E-01 1.7803E-01 4.6830E-02 1.8144E-01 1.7605E-01 1.0856E-01 4.1877E-02 1.2913E-02 2.6998E-03 3.6021E-04 0
 0 1.8638E-04 1.0656E-03 4.6092E-03 1.3012E-02 3.4186E-02 4.5101E-02 9.1440E-02 8.4244E-02 8.5904E-02 9.4541E-02 9.8420E-02 1.2627E-01 1.4955E-01 1.7346E-01 1.7540E-01 4.6624E-02 1.7797E-01 1.7178E-01 1.0435E-01 4.0973E-02 1.2593E-02 2.6271E-03 3.5244E-04 0
 0 1.8877E-04 9.9295E-04 4.7455E-03 1.3158E-02 3.3440E-02 4.5547E-02 9.1857E-02 8.2898E-02 8.2612E-02 9.1324E-02 9.5698E-02 1.2401E-01 1.4591E-01 1.6933E-01 1.7260E-01 4.6912E-02 1.7747E-01 1.6760E-01 1.0315E-01 4.0846E-02 1.2575E-02 2.7024E-03 3.7032E-04 0
 0 1.8638E-04 9.8609E-04 4.4716E-03 1.2670E-02 3.3600E-02 4.5030E-02 8.9612E-02 8.2542E-02 8.3423E-02 8.9610E-02 9.5170E-02 1.2300E-01 1.4569E-01 1.6763E-01 1.7298E-01 4.5060E-02 1.7390E-01 1.6434E-01 9.8861E-02 4.0243E-02 1.1822E-02 2.6335E-03 3.4389E-04 0
 0 1.9694E-04 9.9363E-04 4.5217E-03 1.2920E-02 3.3041E-02 4.4273E-02 8.6872E-02 8.1135E-02 8.1839E-02 8.9844E-02 9.4359E-02 1.2116E-01 1.4227E-01 1.6507E-01 1.6926E-01 4.5528E-02 1.7127E-01 1.6288E-01 9.7726E-02 3.8863E-02 1.2192E-02 2.4765E-03 3.2408E-04 0
 0 1.8538E-04 1.0142E-03 4.3854E-03 1.2989E-02 3.2484E-02 4.3185E-02 8.6957E-02 8.0481E-02 8.1255E-02 8.8529E-02 9.2658E-02 1.2012E-01 1.3932E-01 1.6493E-01 1.6787E-01 4.4325E-02 1.6931E-01 1.5856E-01 9.9122E-02 3.9421E-02 1.1816E-02 2.7011E-03 3.4428E-04 0
 0 1.8917E-04 9.5935E-04 4.4677E-03 1.2426E-02 3.2501E-02 4.3405E-02 8.5083E-02 7.9430E-02 8.0788E-02 8.7214E-02 9.1406E-02 1.1652E-01 1.3829E-01 1.6008E-01 1.6308E-01 4.5379E-02 1.6743E-01 1.5477E-01 9.6616E-02 3.8677E-02 1.1784E-02 2.5110E-03 3.4001E-04 0
 0 1.9036E-04 1.0512E-03 4.4536E-03 1.2293E-02 3.3145E-02 4.2636E-02 8.4430E-02 7.6686E-02 7.9171E-02 8.5928E-02 8.9260E-02 1.1505E-01 1.3515E-01 1.5847E-01 1.6278E-01 4.5451E-02 1.6472E-01 1.5442E-01 9.5427E-02 3.7676E-02 1.2092E-02 2.6207E-03 3.4817E-04 0
 0 1.9933E-04 9.3192E-04 4.4549E-03 1.2257E-02 3.2097E-02 4.3105E-02 8.2414E-02 7.6311E-02 7.8818E-02 8.3839E-02 8.8148E-02 1.1408E-01 1.3432E-01 1.5613E-01 1.6166E-01 4.4299E-02 1.6381E-01 1.5177E-01 9.1437E-02 3.6563E-02 1.1540E-02 2.4434E-03 3.4700E-04 0
 0 1.8976E-04 9.7786E-04 4.2542E-03 1.2454E-02 3.1509E-02 4.2759E-02 8.2662E-02 7.5936E-02 7.6450E-02 8.2498E-02 8.6455E-02 1.1200E-01 1.3167E-01 1.5438E-01 1.5666E-01 4.4356E-02 1.5904E-01 1.4978E-01 9.0874E-02 3.6515E-02 1.1444E-02 2.3247E-03 3.2485E-04 0
 0 1.8757E-04 9.4563E-04 4.2157E-03 1.2139E-02 3.1034E-02 4.1579E-02 8.0509E-02 7.5308E-02 7.6163E-02 8.1252E-02 8.4996E-02 1.0872E-01 1.2957E-01 1.5060E-01 1.5585E-01 4.2221E-02 1.5710E-01 1.4645E-01 8.9180E-02 3.5575E-02 1.1442E-02 2.3107E-03 3.2524E-04 0
 0 1.9654E-04 9.2849E-04 4.0961E-03 1.1847E-02 3.0245E-02 4.2753E-02 8.0126E-02 7.2536E-02 7.3946E-02 7.8363E-02 8.4019E-02 1.0943E-01 1.2834E-01 1.4823E-01 1.5148E-01 4.4006E-02 1.5556E-01 1.4150E-01 8.6106E-02 3.5376E-02 1.0876E-02 2.2698E-03 3.0970E-04 0
 0 1.6246E-04 9.4975E-04 4.0536E-03 1.1478E-02 2.9983E-02 4.0228E-02 7.7765E-02 7.0662E-02 7.2492E-02 7.8226E-02 8.3002E-02 1.0607E-01 1.2779E-01 1.4933E-01 1.5195E-01 4.2956E-02 1.5329E-01 1.4114E-01 8.5567E-02 3.4939E-02 1.1063E-02 2.3132E-03 3.1669E-04 0
 0 1.8697E-04 9.0723E-04 4.1848E-03 1.1812E-02 3.0325E-02 4.0916E-02 7.6848E-02 7.1675E-02 7.0875E-02 7.8467E-02 8.1690E-02 1.0468E-01 1.2346E-01 1.4357E-01 1.5158E-01 4.2926E-02 1.5133E-01 1.3865E-01 8.3491E-02 3.4045E-02 1.0910E-02 2.2762E-03 3.2136E-04 0
 0 1.7402E-04 9.4220E-04 3.8851E-03 1.1549E-02 3.0756E-02 4.0851E-02 7.5800E-02 6.9921E-02 7.0158E-02 7.7722E-02 7.9278E-02 1.0183E-01 1.2181E-01 1.4158E-01 1.4799E-01 4.2195E-02 1.5051E-01 1.3458E-01 8.1536E-02 3.3621E-02 1.0949E-02 2.3081E-03 3.1825E-04 0
 0 1.6963E-04 8.2014E-04 4.0279E-03 1.1423E-02 2.9981E-02 4.0028E-02 7.4428E-02 6.8414E-02 7.0218E-02 7.4678E-02 7.9544E-02 1.0277E-01 1.1897E-01 1.4191E-01 1.4408E-01 4.2560E-02 1.4677E-01 1.3189E-01 8.1329E-02 3.3321E-02 1.0696E-02 2.2073E-03 2.8949E-04 0
 0 1.7501E-04 9.4220E-04 3.9752E-03 1.1164E-02 2.8654E-02 3.9380E-02 7.3675E-02 6.8275E-02 6.7340E-02 7.3193E-02 7.7041E-02 1.0208E-01 1.1934E-01 1.3924E-01 1.4351E-01 4.1532E-02 1.4520E-01 1.2998E-01 7.9021E-02 3.2411E-02 1.0491E-02 2.0797E-03 3.0037E-04 0
 0 1.7222E-04 9.1546E-04 3.8556E-03 1.1143E-02 2.9514E-02 3.9322E-02 7.2409E-02 6.6657E-02 6.7290E-02 7.2469E-02 7.7553E-02 9.9406E-02 1.1550E-01 1.3732E-01 1.4215E-01 4.2385E-02 1.4050E-01 1.2747E-01 7.5123E-02 3.2095E-02 1.0295E-02 2.1997E-03 2.9415E-04 0
 0 1.6006E-04 8.6677E-04 3.8093E-03 1.1119E-02 2.8468E-02 3.8348E-02 7.0391E-02 6.5741E-02 6.7160E-02 7.1043E-02 7.4903E-02 9.8706E-02 1.1302E-01 1.3478E-01 1.3853E-01 4.1151E-02 1.4131E-01 1.2372E-01 7.4671E-02 3.2304E-02 9.5966E-03 2.1448E-03 2.7628E-04 0
 0 1.7641E-04 8.9832E-04 3.7926E-03 1.0593E-02 2.8328E-02 3.8088E-02 6.8749E-02 6.4845E-02 6.4336E-02 6.9166E-02 7.3619E-02 9.4870E-02 1.1108E-01 1.3233E-01 1.3668E-01 4.0868E-02 1.3749E-01 1.2231E-01 7.4833E-02 3.0885E-02 1.0146E-02 1.9547E-03 2.8910E-04 0
 0 1.6246E-04 8.9832E-04 3.9057E-03 1.0773E-02 2.7938E-02 3.7740E-02 6.7148E-02 6.4483E-02 6.4093E-02 6.8071E-02 7.1303E-02 9.2699E-02 1.1024E-01 1.2941E-01 1.3564E-01 4.1362E-02 1.3662E-01 1.1927E-01 7.2616E-02 3.0435E-02 9.8749E-03 2.0351E-03 2.8289E-04 0
 0 1.6784E-04 9.1957E-04 3.7321E-03 1.0574E-02 2.7263E-02 3.8028E-02 6.7054E-02 6.3263E-02 6.2209E-02 6.6057E-02 7.1338E-02 9.0072E-02 1.0630E-01 1.2905E-01 1.3300E-01 4.1197E-02 1.3159E-01 1.1694E-01 7.0400E-02 3.0030E-02 9.5830E-03 2.0670E-03 2.7667E-04 0
 0 1.4571E-04 9.3260E-04 3.6704E-03 1.0661E-02 2.7735E-02 3.7008E-02 6.4062E-02 6.0953E-02 6.1678E-02 6.4645E-02 7.0428E-02 9.2007E-02 1.0548E-01 1.2661E-01 1.3074E-01 4.0544E-02 1.3238E-01 1.1294E-01 6.9459E-02 2.9169E-02 9.6172E-03 1.9981E-03 2.6851E-04 0
 0 1.5707E-04 8.9557E-04 3.6382E-03 1.0420E-02 2.7476E-02 3.7763E-02 6.4875E-02 6.1083E-02 6.0044E-02 6.4141E-02 6.9216E-02 8.8145E-02 1.0473E-01 1.2448E-01 1.2891E-01 3.9978E-02 1.2914E-01 1.1075E-01 6.7264E-02 2.8951E-02 9.3253E-03 2.0478E-03 2.7239E-04 0
 0 1.6046E-04 8.9352E-04 3.5456E-03 1.0392E-02 2.7183E-02 3.6263E-02 6.2659E-02 5.9281E-02 5.9994E-02 6.4047E-02 6.8394E-02 8.6770E-02 1.0217E-01 1.2127E-01 1.2737E-01 4.0436E-02 1.2882E-01 1.0907E-01 6.5549E-02 2.8579E-02 9.5191E-03 1.9598E-03 2.6890E-04 0
 0 1.6086E-04 8.9763E-04 3.6215E-03 1.0413E-02 2.6420E-02 3.6597E-02 6.1874E-02 5.7569E-02 5.8647E-02 6.2934E-02 6.7420E-02 8.4288E-02 1.0038E-01 1.1913E-01 1.2569E-01 4.0359E-02 1.2582E-01 1.0711E-01 6.3954E-02 2.8174E-02 9.3549E-03 1.9215E-03 2.5102E-04 0
 0 1.4910E-04 7.8860E-04 3.4492E-03 9.8588E-03 2.5982E-02 3.6060E-02 6.0421E-02 5.7783E-02 5.7977E-02 6.2682E-02 6.6621E-02 8.5781E-02 9.9259E-02 1.1961E-01 1.2299E-01 4.0997E-02 1.2504E-01 1.0498E-01 6.3013E-02 2.7897E-02 9.4963E-03 2.0415E-03 2.8444E-04 0
 0 1.5448E-04 8.1123E-04 3.3231E-03 9.7198E-03 2.5026E-02 3.5929E-02 5.9815E-02 5.6990E-02 5.7003E-02 6.0675E-02 6.4305E-02 8.2374E-02 9.8382E-02 1.1610E-01 1.1923E-01 3.9670E-02 1.2487E-01 1.0258E-01 6.0855E-02 2.7326E-02 9.0562E-03 1.9521E-03 2.4908E-04 0
 0 1.5149E-04 8.2426E-04 3.4800E-03 9.6241E-03 2.5399E-02 3.5692E-02 5.8324E-02 5.4544E-02 5.4639E-02 5.8593E-02 6.2914E-02 7.9936E-02 9.6376E-02 1.1433E-01 1.1928E-01 3.9243E-02 1.2084E-01 1.0040E-01 5.8311E-02 2.6025E-02 8.7004E-03 1.8628E-03 2.5802E-04 0
 0 1.4771E-04 8.4346E-04 3.3373E-03 9.9395E-03 2.5125E-02 3.4609E-02 5.7605E-02 5.4615E-02 5.4636E-02 5.8881E-02 6.3808E-02 7.8114E-02 9.2790E-02 1.1445E-01 1.1808E-01 4.0225E-02 1.1815E-01 9.7908E-02 5.9699E-02 2.5934E-02 8.9376E-03 1.8067E-03 2.5530E-04 0
 0 1.4950E-04 8.4483E-04 3.2511E-03 9.7048E-03 2.4053E-02 3.4809E-02 5.7015E-02 5.2826E-02 5.3229E-02 5.7138E-02 6.1881E-02 7.7260E-02 9.3037E-02 1.0972E-01 1.1697E-01 3.9068E-02 1.1494E-01 9.5272E-02 5.8456E-02 2.5702E-02 8.7163E-03 1.9228E-03 2.6268E-04 0
 0 1.4432E-04 8.3523E-04 3.2511E-03 9.8588E-03 2.4096E-02 3.4512E-02 5.4591E-02 5.1435E-02 5.2215E-02 5.6032E-02 5.9818E-02 7.6363E-02 8.9551E-02 1.0938E-01 1.1406E-01 3.9634E-02 1.1424E-01 9.3889E-02 5.5593E-02 2.5307E-02 8.7756E-03 1.8743E-03 2.5685E-04 0
 0 1.5508E-04 7.9408E-04 3.3540E-03 9.3405E-03 2.4026E-02 3.3920E-02 5.2887E-02 5.2289E-02 5.1301E-02 5.5585E-02 5.9008E-02 7.4957E-02 8.8100E-02 1.0650E-01 1.1483E-01 3.9140E-02 1.1214E-01 9.0813E-02 5.4939E-02 2.3986E-02 8.8988E-03 1.8360E-03 2.5996E-04 0
 0 1.4432E-04 8.3180E-04 3.2833E-03 9.3480E-03 2.3554E-02 3.3958E-02 5.2475E-02 4.9591E-02 5.0644E-02 5.3542E-02 5.8169E-02 7.4568E-02 8.6032E-02 1.0665E-01 1.0954E-01 3.9057E-02 1.1223E-01 8.9487E-02 5.2958E-02 2.4231E-02 8.4450E-03 1.6753E-03 2.3431E-04 0
 0 1.4192E-04 7.8243E-04 3.1495E-03 9.4982E-03 2.3048E-02 3.3498E-02 4.9917E-02 4.9730E-02 4.9281E-02 5.2890E-02 5.6635E-02 7.2506E-02 8.6056E-02 1.0602E-01 1.0934E-01 4.0096E-02 1.0836E-01 8.6937E-02 5.1620E-02 2.4228E-02 8.3560E-03 1.7735E-03 2.2110E-04 0
 0 1.4192E-04 7.8037E-04 3.1470E-03 9.0983E-03 2.3513E-02 3.3549E-02 4.9995E-02 4.9368E-02 4.8770E-02 5.1572E-02 5.5201E-02 7.0360E-02 8.3505E-02 1.0323E-01 1.0809E-01 4.0390E-02 1.0809E-01 8.5770E-02 5.1144E-02 2.2926E-02 8.0709E-03 1.6434E-03 2.5219E-04 0
 0 1.3654E-04 7.7145E-04 3.0672E-03 9.0776E-03 2.3467E-02 3.3583E-02 4.7735E-02 4.7912E-02 4.8070E-02 5.0837E-02 5.5213E-02 6.9086E-02 8.1314E-02 1.0064E-01 1.0630E-01 4.0251E-02 1.0622E-01 8.3531E-02 4.8973E-02 2.3465E-02 7.7608E-03 1.6459E-03 2.1644E-04 0
 0 1.3674E-04 7.6460E-04 3.1958E-03 9.0138E-03 2.2089E-02 3.2495E-02 4.9258E-02 4.7976E-02 4.6366E-02 5.0361E-02 5.3961E-02 6.7681E-02 8.0010E-02 9.6971E-02 1.0516E-01 3.9916E-02 1.0507E-01 8.1105E-02 4.8513E-02 2.2587E-02 7.8383E-03 1.6970E-03 2.3431E-04 0
 0 1.3016E-04 7.1591E-04 3.0878E-03 8.6138E-03 2.1978E-02 3.1512E-02 4.6530E-02 4.6618E-02 4.5859E-02 4.8290E-02 5.3214E-02 6.7904E-02 7.7420E-02 9.5872E-02 1.0134E-01 3.9706E-02 1.0213E-01 7.8387E-02 4.5460E-02 2.1309E-02 8.0846E-03 1.6549E-03 2.1100E-04 0
 0 1.4631E-04 7.6048E-04 3.0839E-03 8.6307E-03 2.2155E-02 3.1329E-02 4.5020E-02 4.5731E-02 4.5002E-02 4.8640E-02 5.3011E-02 6.6074E-02 7.7909E-02 9.5207E-02 1.0141E-01 3.9191E-02 1.0145E-01 7.7057E-02 4.7001E-02 2.1410E-02 7.9136E-03 1.5821E-03 2.4209E-04 0
 0 1.2658E-04 7.8105E-04 2.9515E-03 8.4936E-03 2.1627E-02 3.1495E-02 4.4392E-02 4.4993E-02 4.4679E-02 4.6593E-02 5.1910E-02 6.4725E-02 7.6107E-02 9.2125E-02 1.0020E-01 3.9402E-02 9.8437E-02 7.5526E-02 4.4544E-02 2.1452E-02 7.6901E-03 1.6676E-03 2.5685E-04 0
 0 1.3036E-04 7.6048E-04 3.0312E-03 8.5330E-03 2.1063E-02 3.1187E-02 4.3905E-02 4.4000E-02 4.3199E-02 4.5898E-02 5.0011E-02 6.3845E-02 7.4802E-02 9.1016E-02 9.7230E-02 3.9423E-02 9.7507E-02 7.3550E-02 4.4159E-02 2.0689E-02 7.5897E-03 1.5553E-03 2.2810E-04 0
 0 1.2977E-04 7.8380E-04 2.9888E-03 8.2307E-03 2.1356E-02 2.9927E-02 4.3249E-02 4.2454E-02 4.2495E-02 4.4565E-02 4.8870E-02 6.2501E-02 7.2867E-02 8.9203E-02 9.7583E-02 3.9459E-02 9.4703E-02 7.1110E-02 4.3670E-02 2.0509E-02 7.5236E-03 1.5885E-03 2.1955E-04 0
 0 1.3714E-04 7.3100E-04 2.7238E-03 8.3396E-03 2.0998E-02 2.9981E-02 4.1231E-02 4.1761E-02 4.1335E-02 4.3639E-02 4.7543E-02 5.9480E-02 7.0885E-02 8.7834E-02 9.3686E-02 3.9618E-02 9.5445E-02 6.9178E-02 4.1085E-02 2.0584E-02 7.4643E-03 1.5400E-03 2.3626E-04 0
 0 1.2638E-04 7.4882E-04 2.8332E-03 8.4542E-03 2.1090E-02 2.9541E-02 4.0496E-02 4.0940E-02 4.0948E-02 4.4072E-02 4.7162E-02 5.8723E-02 7.0250E-02 8.8039E-02 9.3758E-02 3.9330E-02 9.2026E-02 6.7709E-02 3.9465E-02 1.9655E-02 7.3617E-03 1.5911E-03 2.4714E-04 0
 0 1.2518E-04 7.7283E-04 2.7586E-03 8.5349E-03 2.0673E-02 3.0561E-02 3.8685E-02 4.0318E-02 4.0661E-02 4.2234E-02 4.6514E-02 5.8311E-02 6.9837E-02 8.5881E-02 9.1620E-02 3.8841E-02 9.0147E-02 6.6192E-02 3.9755E-02 1.9475E-02 7.4506E-03 1.4750E-03 2.2343E-04 0
 0 1.3535E-04 7.1111E-04 2.8139E-03 7.9715E-03 1.9995E-02 2.9347E-02 3.8365E-02 4.0063E-02 3.8674E-02 4.2191E-02 4.6061E-02 5.7593E-02 6.7286E-02 8.4672E-02 9.1159E-02 3.8970E-02 8.9436E-02 6.3685E-02 3.9154E-02 1.9312E-02 6.9193E-03 1.4801E-03 2.0867E-04 0
 0 1.3216E-04 6.6791E-04 2.8833E-03 8.0767E-03 1.9884E-02 2.9115E-02 3.7454E-02 3.9791E-02 3.8097E-02 4.0696E-02 4.4960E-02 5.5631E-02 6.7006E-02 8.2075E-02 8.7794E-02 3.9222E-02 8.7236E-02 6.4202E-02 3.6544E-02 1.8559E-02 6.8691E-03 1.5655E-03 2.1178E-04 0
 0 1.3016E-04 6.8985E-04 2.7791E-03 8.1387E-03 1.9444E-02 2.8661E-02 3.6311E-02 3.7830E-02 3.7720E-02 4.0163E-02 4.4304E-02 5.3937E-02 6.5204E-02 8.0272E-02 8.7114E-02 3.8512E-02 8.6032E-02 6.0690E-02 3.6652E-02 1.8278E-02 7.2340E-03 1.4941E-03 2.0711E-04 0
 0 1.3634E-04 7.2071E-04 2.7290E-03 8.0298E-03 1.9354E-02 2.8150E-02 3.6399E-02 3.7575E-02 3.6473E-02 3.8106E-02 4.2341E-02 5.4165E-02 6.3297E-02 8.1231E-02 8.6746E-02 3.9140E-02 8.3290E-02 5.9824E-02 3.5620E-02 1.7887E-02 6.8622E-03 1.4175E-03 2.0400E-04 0
 0 1.3515E-04 6.9054E-04 2.5515E-03 7.6598E-03 1.9056E-02 2.8690E-02 3.4346E-02 3.6815E-02 3.5399E-02 3.7494E-02 4.2003E-02 5.2330E-02 6.1704E-02 7.7724E-02 8.4153E-02 3.9515E-02 8.3036E-02 5.7274E-02 3.5243E-02 1.7926E-02 6.6273E-03 1.3780E-03 2.0828E-04 0
 0 1.2618E-04 6.9191E-04 2.5952E-03 7.8025E-03 1.8812E-02 2.7878E-02 3.4701E-02 3.5990E-02 3.4696E-02 3.7847E-02 4.1141E-02 5.0439E-02 6.1021E-02 7.6865E-02 8.3851E-02 3.9649E-02 8.3051E-02 5.6202E-02 3.3305E-02 1.7042E-02 6.6433E-03 1.3856E-03 2.1566E-04 0
 0 1.2618E-04 7.1180E-04 2.6634E-03 7.4814E-03 1.8548E-02 2.7056E-02 3.3722E-02 3.5168E-02 3.4605E-02 3.7112E-02 3.9766E-02 5.0045E-02 6.0338E-02 7.5951E-02 8.1253E-02 3.9448E-02 8.0856E-02 5.5078E-02 3.2712E-02 1.6602E-02 6.4198E-03 1.3997E-03 1.9934E-04 0
 0 1.3096E-04 6.8848E-04 2.6505E-03 7.5021E-03 1.8311E-02 2.6456E-02 3.1782E-02 3.5097E-02 3.4192E-02 3.5433E-02 3.9305E-02 4.8722E-02 5.8479E-02 7.4437E-02 8.0061E-02 3.9011E-02 7.9602E-02 5.4666E-02 3.2662E-02 1.6719E-02 6.7094E-03 1.5311E-03 2.0750E-04 0
 0 1.2199E-04 6.6722E-04 2.4975E-03 7.2335E-03 1.8102E-02 2.6747E-02 3.2237E-02 3.3511E-02 3.3632E-02 3.4907E-02 3.9484E-02 4.8162E-02 5.6601E-02 7.1345E-02 7.8849E-02 3.9448E-02 7.7011E-02 5.2863E-02 3.0881E-02 1.6909E-02 6.3628E-03 1.3295E-03 1.9351E-04 0
 0 1.2398E-04 6.3431E-04 2.5116E-03 7.6692E-03 1.7696E-02 2.6299E-02 3.0711E-02 3.2706E-02 3.2458E-02 3.3481E-02 3.7485E-02 4.6756E-02 5.6824E-02 7.0072E-02 7.8818E-02 4.0132E-02 7.6351E-02 5.1188E-02 2.9820E-02 1.5878E-02 6.3924E-03 1.2925E-03 1.9157E-04 0
 0 1.3216E-04 6.8642E-04 2.4512E-03 7.2955E-03 1.7553E-02 2.6462E-02 2.9465E-02 3.2583E-02 3.2431E-02 3.3801E-02 3.7048E-02 4.6638E-02 5.5728E-02 6.8728E-02 7.8159E-02 3.9227E-02 7.5147E-02 4.8318E-02 2.9199E-02 1.5180E-02 6.1963E-03 1.4112E-03 1.9312E-04 0
 0 1.1681E-04 7.1180E-04 2.5682E-03 7.3612E-03 1.7035E-02 2.5924E-02 2.9430E-02 3.1217E-02 3.1221E-02 3.2749E-02 3.6130E-02 4.6222E-02 5.4211E-02 6.8713E-02 7.5458E-02 4.0256E-02 7.2963E-02 4.7595E-02 2.8814E-02 1.5457E-02 6.2510E-03 1.3691E-03 2.0789E-04 0
 0 1.1482E-04 5.6985E-04 2.3419E-03 7.1415E-03 1.6372E-02 2.6430E-02 2.8288E-02 3.1111E-02 3.0811E-02 3.2094E-02 3.5069E-02 4.3175E-02 5.2257E-02 6.5881E-02 7.3106E-02 3.9973E-02 7.2907E-02 4.6825E-02 2.6970E-02 1.5216E-02 6.2693E-03 1.3499E-03 2.0711E-04 0
 0 1.1940E-04 6.9259E-04 2.4010E-03 7.1453E-03 1.6209E-02 2.4702E-02 2.7305E-02 3.0447E-02 2.9197E-02 3.0930E-02 3.5339E-02 4.3407E-02 5.2024E-02 6.5981E-02 7.2226E-02 4.0935E-02 7.1728E-02 4.4524E-02 2.6038E-02 1.4655E-02 6.3468E-03 1.2874E-03 1.8224E-04 0
 0 1.2199E-04 6.7545E-04 2.4178E-03 7.2279E-03 1.6526E-02 2.5390E-02 2.6247E-02 2.9732E-02 2.8270E-02 3.0401E-02 3.3448E-02 4.1507E-02 5.2200E-02 6.4717E-02 7.1980E-02 3.9423E-02 7.0713E-02 4.3375E-02 2.5702E-02 1.5004E-02 5.8839E-03 1.2542E-03 1.7098E-04 0
 0 1.0923E-04 6.4116E-04 2.3252E-03 6.7979E-03 1.6301E-02 2.4928E-02 2.6043E-02 2.9014E-02 2.8683E-02 2.8589E-02 3.3766E-02 4.1319E-02 4.9198E-02 6.2294E-02 6.9832E-02 3.8533E-02 6.7396E-02 4.3098E-02 2.5412E-02 1.4061E-02 5.8314E-03 1.3869E-03 1.7991E-04 0
 0 1.2478E-04 6.5282E-04 2.3573E-03 6.6833E-03 1.6236E-02 2.4388E-02 2.5145E-02 2.8082E-02 2.7440E-02 2.9309E-02 3.2721E-02 4.0290E-02 4.8069E-02 6.2085E-02 6.8523E-02 4.0019E-02 6.7528E-02 4.1246E-02 2.4294E-02 1.4090E-02 6.0253E-03 1.3142E-03 2.0867E-04 0
 0 1.0784E-04 6.5351E-04 2.2917E-03 6.7847E-03 1.5943E-02 2.4373E-02 2.4747E-02 2.8131E-02 2.7416E-02 2.8149E-02 3.1985E-02 3.8525E-02 4.6922E-02 6.1125E-02 6.7577E-02 3.9253E-02 6.5003E-02 3.9907E-02 2.4103E-02 1.3347E-02 5.7858E-03 1.1930E-03 1.9468E-04 0
 0 1.1442E-04 6.5762E-04 2.1901E-03 6.7885E-03 1.5578E-02 2.3676E-02 2.4203E-02 2.7600E-02 2.5932E-02 2.7983E-02 3.1560E-02 3.7374E-02 4.6632E-02 6.1345E-02 6.5940E-02 3.9232E-02 6.4597E-02 3.9395E-02 2.2479E-02 1.3458E-02 5.6991E-03 1.2313E-03 2.0128E-04 0
 0 1.0186E-04 6.3842E-04 2.3265E-03 6.5988E-03 1.5505E-02 2.3956E-02 2.3092E-02 2.6779E-02 2.6159E-02 2.7508E-02 3.1179E-02 3.7001E-02 4.5461E-02 5.8188E-02 6.6170E-02 4.0030E-02 6.3337E-02 3.6601E-02 2.2301E-02 1.3311E-02 5.4757E-03 1.1407E-03 1.7797E-04 0
 0 1.0066E-04 6.2676E-04 2.2892E-03 6.7791E-03 1.5299E-02 2.3476E-02 2.2103E-02 2.6183E-02 2.5596E-02 2.5829E-02 3.0750E-02 3.6870E-02 4.4460E-02 5.7364E-02 6.5465E-02 4.0667E-02 6.2286E-02 3.6878E-02 2.2148E-02 1.3092E-02 5.5395E-03 1.1866E-03 1.9040E-04 0
 0 1.0744E-04 6.4116E-04 2.0422E-03 6.4204E-03 1.4733E-02 2.3179E-02 2.1984E-02 2.5190E-02 2.4805E-02 2.6175E-02 2.9414E-02 3.6126E-02 4.2739E-02 5.4951E-02 6.3265E-02 4.0415E-02 6.1092E-02 3.5170E-02 2.1050E-02 1.2721E-02 5.3365E-03 1.1407E-03 1.4999E-04 0
 0 1.1501E-04 6.4185E-04 2.0165E-03 6.2364E-03 1.4462E-02 2.3328E-02 2.1105E-02 2.4647E-02 2.4999E-02 2.4810E-02 2.8512E-02 3.4615E-02 4.2791E-02 5.4372E-02 6.1736E-02 3.9068E-02 6.1036E-02 3.4859E-02 2.1162E-02 1.2424E-02 5.3297E-03 1.1113E-03 1.8535E-04 0
 0 1.1143E-04 6.2471E-04 2.1528E-03 6.5707E-03 1.4384E-02 2.2808E-02 2.0248E-02 2.4313E-02 2.3545E-02 2.4878E-02 2.8123E-02 3.3963E-02 4.0785E-02 5.4212E-02 6.0601E-02 4.0817E-02 5.8867E-02 3.3065E-02 1.9749E-02 1.2420E-02 5.4209E-03 1.1917E-03 1.7486E-04 0
 0 1.1402E-04 6.3568E-04 2.2249E-03 6.3941E-03 1.3583E-02 2.2628E-02 1.9812E-02 2.4391E-02 2.3115E-02 2.3639E-02 2.7241E-02 3.3394E-02 4.0676E-02 5.3942E-02 5.9956E-02 4.0585E-02 5.7292E-02 3.2543E-02 1.9873E-02 1.1670E-02 5.4004E-03 1.1432E-03 1.7991E-04 0
 0 1.1043E-04 6.2128E-04 2.0680E-03 6.1725E-03 1.3701E-02 2.2499E-02 1.9586E-02 2.3226E-02 2.2214E-02 2.3192E-02 2.7797E-02 3.1962E-02 3.9372E-02 5.1725E-02 5.8535E-02 4.0714E-02 5.8105E-02 3.1988E-02 1.8444E-02 1.1713E-02 5.2453E-03 1.1407E-03 1.5893E-04 0
 0 1.0325E-04 5.7396E-04 2.0525E-03 6.0787E-03 1.3699E-02 2.1934E-02 1.8747E-02 2.2912E-02 2.2755E-02 2.2238E-02 2.6462E-02 3.1191E-02 3.8765E-02 5.0146E-02 5.9772E-02 4.0899E-02 5.5677E-02 3.0749E-02 1.7910E-02 1.1109E-02 5.2157E-03 1.1100E-03 1.7020E-04 0
 0 1.0624E-04 5.6642E-04 2.0422E-03 5.9510E-03 1.3072E-02 2.1908E-02 1.7664E-02 2.3132E-02 2.1358E-02 2.2065E-02 2.5202E-02 3.1402E-02 3.8219E-02 4.9442E-02 5.7829E-02 4.0683E-02 5.3569E-02 2.9266E-02 1.7143E-02 1.1739E-02 5.0583E-03 9.9521E-04 1.5465E-04 0
 0 1.0903E-04 5.9659E-04 1.9831E-03 5.8420E-03 1.3815E-02 2.1020E-02 1.7413E-02 2.1858E-02 2.1021E-02 2.1712E-02 2.4705E-02 2.9917E-02 3.5834E-02 4.9292E-02 5.6565E-02 4.1233E-02 5.3625E-02 2.8984E-02 1.6253E-02 1.1184E-02 4.9443E-03 1.0399E-03 1.5621E-04 0
 0 9.6676E-05 6.1853E-04 2.1040E-03 5.9209E-03 1.2924E-02 2.1228E-02 1.7551E-02 2.1534E-02 2.0627E-02 2.0339E-02 2.4745E-02 3.0014E-02 3.5886E-02 4.8043E-02 5.4136E-02 4.0498E-02 5.3742E-02 2.8185E-02 1.6178E-02 1.0969E-02 4.9443E-03 1.0871E-03 1.4999E-04 0
 0 1.1242E-04 5.4585E-04 2.0358E-03 5.6054E-03 1.2794E-02 2.0522E-02 1.6660E-02 2.0991E-02 1.9954E-02 2.0620E-02 2.4972E-02 2.8350E-02 3.5706E-02 4.7159E-02 5.4740E-02 4.1804E-02 5.2177E-02 2.6702E-02 1.6302E-02 1.0398E-02 4.9420E-03 1.0590E-03 1.8108E-04 0
 0 1.0804E-04 5.8836E-04 1.9754E-03 5.8158E-03 1.2210E-02 2.0748E-02 1.5410E-02 2.0166E-02 1.9293E-02 1.9961E-02 2.3875E-02 2.7667E-02 3.5274E-02 4.6530E-02 5.3819E-02 4.0251E-02 5.0460E-02 2.6663E-02 1.5192E-02 1.0114E-02 4.8006E-03 1.0475E-03 1.7680E-04 0
 0 1.0046E-04 5.8356E-04 1.9638E-03 5.7838E-03 1.2532E-02 2.0174E-02 1.5476E-02 1.9664E-02 1.8386E-02 1.9075E-02 2.3052E-02 2.8109E-02 3.1660E-02 4.4926E-02 5.2551E-02 4.0503E-02 5.0272E-02 2.5391E-02 1.5080E-02 1.0043E-02 4.8941E-03 9.5949E-04 1.6243E-04 0
 0 1.0445E-04 5.9453E-04 1.8699E-03 5.6749E-03 1.2208E-02 2.0291E-02 1.5574E-02 1.9632E-02 1.8750E-02 1.9334E-02 2.2591E-02 2.7163E-02 3.3026E-02 4.4152E-02 5.0536E-02 4.1511E-02 4.7844E-02 2.3984E-02 1.4529E-02 9.9612E-03 4.9352E-03 1.0131E-03 1.4844E-04 0
 0 1.0684E-04 5.4036E-04 1.8982E-03 5.6411E-03 1.1893E-02 1.9077E-02 1.4585E-02 1.8927E-02 1.8840E-02 1.8790E-02 2.2826E-02 2.6852E-02 3.2078E-02 4.4492E-02 5.0459E-02 4.1470E-02 4.7519E-02 2.4022E-02 1.3995E-02 9.6220E-03 4.8097E-03 1.0450E-03 1.4572E-04 0
 0 1.0026E-04 5.3556E-04 1.9895E-03 5.5190E-03 1.1837E-02 1.9543E-02 1.4528E-02 1.8383E-02 1.7326E-02 1.7529E-02 2.1987E-02 2.6161E-02 3.1428E-02 4.2978E-02 4.9917E-02 4.0338E-02 4.7687E-02 2.3405E-02 1.3133E-02 9.3121E-03 4.6889E-03 9.7225E-04 1.4999E-04 0
 0 8.9899E-05 5.3213E-04 1.8275E-03 5.5773E-03 1.1903E-02 1.9754E-02 1.3467E-02 1.8370E-02 1.7109E-02 1.7198E-02 2.1157E-02 2.5219E-02 3.1120E-02 4.0980E-02 4.7718E-02 4.1048E-02 4.6006E-02 2.1826E-02 1.2975E-02 9.3643E-03 4.8029E-03 1.0258E-03 1.6204E-04 0
 0 9.7474E-05 5.7053E-04 1.8789E-03 5.6167E-03 1.1782E-02 1.8768E-02 1.3091E-02 1.7519E-02 1.7289E-02 1.7212E-02 2.1196E-02 2.4878E-02 2.9356E-02 4.0376E-02 4.7958E-02 4.0873E-02 4.5919E-02 2.1358E-02 1.3543E-02 8.7511E-03 4.6159E-03 1.0054E-03 1.5737E-04 0
 0 9.0098E-05 6.0276E-04 1.8223E-03 5.3838E-03 1.1225E-02 1.8743E-02 1.2720E-02 1.7464E-02 1.6432E-02 1.7255E-02 1.9969E-02 2.4147E-02 2.9370E-02 3.9397E-02 4.6700E-02 4.1089E-02 4.3191E-02 2.1305E-02 1.2731E-02 8.6532E-03 4.3103E-03 8.8548E-04 1.6864E-04 0
 0 1.0066E-04 5.6848E-04 1.8352E-03 5.2449E-03 1.1428E-02 1.8600E-02 1.2042E-02 1.6947E-02 1.6006E-02 1.6773E-02 1.9512E-02 2.3888E-02 2.8516E-02 3.9437E-02 4.5176E-02 4.2910E-02 4.3618E-02 2.0917E-02 1.1815E-02 8.3923E-03 4.1917E-03 9.3397E-04 1.5232E-04 0
 0 9.2889E-05 5.6230E-04 1.6513E-03 5.0458E-03 1.1060E-02 1.8206E-02 1.1756E-02 1.5843E-02 1.5886E-02 1.6157E-02 1.9810E-02 2.2654E-02 2.8981E-02 3.8547E-02 4.5948E-02 4.0796E-02 4.2612E-02 1.9602E-02 1.1658E-02 8.5847E-03 4.2099E-03 9.3780E-04 1.5155E-04 0
 0 9.2690E-05 5.7259E-04 1.7979E-03 5.3745E-03 1.0494E-02 1.8066E-02 1.1556E-02 1.6005E-02 1.5929E-02 1.5407E-02 1.8820E-02 2.2220E-02 2.7274E-02 3.7583E-02 4.5355E-02 4.1357E-02 4.1795E-02 1.8870E-02 1.1260E-02 8.4869E-03 4.1826E-03 8.7655E-04 1.4883E-04 0
 0 8.7906E-05 5.4105E-04 1.7002E-03 5.1641E-03 1.0351E-02 1.8106E-02 1.1364E-02 1.5394E-02 1.4505E-02 1.5137E-02 1.8375E-02 2.1760E-02 2.6619E-02 3.6849E-02 4.3861E-02 4.1352E-02 4.2313E-02 1.8956E-02 1.0726E-02 8.3010E-03 4.1119E-03 9.6587E-04 1.4999E-04 0
 0 9.4484E-05 5.0950E-04 1.6757E-03 5.1735E-03 1.0409E-02 1.7969E-02 1.0953E-02 1.5306E-02 1.4905E-02 1.5101E-02 1.8117E-02 2.1274E-02 2.5922E-02 3.5920E-02 4.2020E-02 4.2036E-02 3.9565E-02 1.8133E-02 1.0709E-02 8.1868E-03 4.2236E-03 8.8804E-04 1.5971E-04 0
 0 9.7075E-05 5.5819E-04 1.5844E-03 5.1003E-03 9.8428E-03 1.7494E-02 1.0918E-02 1.4915E-02 1.4115E-02 1.4853E-02 1.7548E-02 2.0810E-02 2.5998E-02 3.5955E-02 4.2373E-02 4.2494E-02 3.9549E-02 1.7516E-02 9.8062E-03 7.8052E-03 3.8770E-03 8.7272E-04 1.3600E-04 0
 0 8.8504E-05 5.2459E-04 1.8095E-03 4.9519E-03 9.9808E-03 1.7240E-02 1.0407E-02 1.4190E-02 1.3741E-02 1.4003E-02 1.7545E-02 2.0425E-02 2.5443E-02 3.3258E-02 4.1519E-02 4.1192E-02 3.8224E-02 1.7487E-02 9.8642E-03 7.8117E-03 4.1826E-03 8.8038E-04 1.4649E-04 0
 0 9.6278E-05 4.9442E-04 1.7259E-03 4.8261E-03 9.6104E-03 1.6969E-02 9.7913E-03 1.3938E-02 1.3832E-02 1.3711E-02 1.6352E-02 1.9186E-02 2.4665E-02 3.3747E-02 4.0286E-02 4.1876E-02 3.8686E-02 1.6846E-02 9.2966E-03 7.6389E-03 3.8519E-03 8.7400E-04 1.4028E-04 0
 0 9.8072E-05 4.9716E-04 1.6101E-03 4.9275E-03 9.6080E-03 1.6880E-02 9.8666E-03 1.3391E-02 1.3311E-02 1.3188E-02 1.6090E-02 1.8761E-02 2.4120E-02 3.2523E-02 4.1002E-02 4.1650E-02 3.8229E-02 1.5056E-02 9.2138E-03 6.9539E-03 4.1643E-03 8.8293E-04 1.4611E-04 0
 0 8.8304E-05 5.2322E-04 1.6629E-03 5.0327E-03 9.4022E-03 1.7097E-02 9.3015E-03 1.3161E-02 1.3135E-02 1.2882E-02 1.5732E-02 1.8879E-02 2.2394E-02 3.2648E-02 3.9054E-02 4.2180E-02 3.7375E-02 1.5243E-02 8.4929E-03 6.9409E-03 3.9500E-03 9.4673E-04 1.3212E-04 0
 0 8.8105E-05 5.1910E-04 1.6024E-03 4.7641E-03 9.5499E-03 1.6486E-02 8.7616E-03 1.2951E-02 1.2548E-02 1.2590E-02 1.5577E-02 1.8788E-02 2.3707E-02 3.0680E-02 3.7755E-02 4.2967E-02 3.6304E-02 1.4841E-02 8.5219E-03 7.0159E-03 3.7835E-03 9.4418E-04 1.3561E-04 0
 0 9.3088E-05 5.3556E-04 1.5677E-03 4.7003E-03 9.3369E-03 1.6652E-02 8.2468E-03 1.2359E-02 1.2221E-02 1.1866E-02 1.4962E-02 1.7527E-02 2.1938E-02 3.0345E-02 3.8062E-02 4.2355E-02 3.5328E-02 1.4119E-02 7.9502E-03 6.7582E-03 3.7743E-03 8.3317E-04 1.4649E-04 0
 0 8.0530E-05 5.4379E-04 1.5535E-03 4.5482E-03 8.9834E-03 1.6023E-02 8.1275E-03 1.2288E-02 1.1988E-02 1.2046E-02 1.4854E-02 1.7715E-02 2.0634E-02 3.0126E-02 3.7453E-02 4.1979E-02 3.4490E-02 1.3726E-02 7.7762E-03 6.4679E-03 3.4916E-03 8.5996E-04 1.3678E-04 0
 0 7.9534E-05 5.1019E-04 1.5625E-03 4.3792E-03 9.0827E-03 1.6163E-02 7.6660E-03 1.2275E-02 1.1264E-02 1.1265E-02 1.4624E-02 1.6458E-02 2.0715E-02 2.9301E-02 3.7289E-02 4.2977E-02 3.2545E-02 1.3750E-02 7.5898E-03 6.3472E-03 3.5166E-03 8.5103E-04 1.3212E-04 0
 0 9.0298E-05 4.7659E-04 1.6063E-03 4.6796E-03 8.7559E-03 1.6012E-02 7.6315E-03 1.1592E-02 1.1127E-02 1.1038E-02 1.4302E-02 1.6178E-02 2.0796E-02 2.8737E-02 3.5959E-02 4.1804E-02 3.3337E-02 1.3286E-02 7.5235E-03 6.0243E-03 3.7447E-03 7.6427E-04 1.4028E-04 0
 0 9.1693E-05 4.8002E-04 1.5355E-03 4.4975E-03 8.8164E-03 1.5600E-02 7.5467E-03 1.1909E-02 1.0747E-02 1.0688E-02 1.3738E-02 1.5399E-02 1.9994E-02 2.7863E-02 3.5954E-02 4.1753E-02 3.2006E-02 1.2985E-02 6.9145E-03 6.0406E-03 3.4756E-03 7.7831E-04 1.3717E-04 0
 0 8.0730E-05 4.9304E-04 1.4892E-03 4.3097E-03 8.5186E-03 1.5212E-02 6.8467E-03 1.1139E-02 1.0380E-02 1.0587E-02 1.3662E-02 1.5337E-02 2.0070E-02 2.8277E-02 3.5095E-02 4.2031E-02 3.0569E-02 1.1483E-02 6.6617E-03 5.6558E-03 3.8063E-03 8.6762E-04 1.3484E-04 0
 0 9.7474E-05 5.1842E-04 1.4545E-03 4.5313E-03 8.2741E-03 1.4966E-02 7.0790E-03 1.0997E-02 1.0580E-02 1.0479E-02 1.3447E-02 1.4720E-02 1.9406E-02 2.7313E-02 3.4180E-02 4.2226E-02 3.1366E-02 1.0975E-02 6.6990E-03 6.0048E-03 3.5417E-03 8.8166E-04 1.2396E-04 0
 0 8.1328E-05 5.1499E-04 1.5098E-03 4.2984E-03 8.3443E-03 1.4709E-02 6.5170E-03 1.0068E-02 9.7034E-03 9.6076E-03 1.2621E-02 1.5206E-02 1.8571E-02 2.6669E-02 3.4313E-02 4.2092E-02 3.0640E-02 1.0727E-02 6.5416E-03 5.8547E-03 3.5417E-03 7.3875E-04 1.4067E-04 0
 0 7.7939E-05 5.0333E-04 1.5060E-03 4.3247E-03 8.3250E-03 1.5318E-02 6.2220E-03 1.0777E-02 9.8268E-03 9.8598E-03 1.2565E-02 1.4269E-02 1.8311E-02 2.5970E-02 3.3121E-02 4.2972E-02 3.0406E-02 1.0837E-02 6.1480E-03 5.8710E-03 3.5759E-03 6.8516E-04 1.2124E-04 0
 0 8.2125E-05 4.4367E-04 1.5381E-03 4.3285E-03 7.8868E-03 1.4563E-02 6.0964E-03 9.8968E-03 8.9431E-03 9.4707E-03 1.2382E-02 1.3595E-02 1.8026E-02 2.6219E-02 3.2129E-02 4.2946E-02 2.9416E-02 1.0301E-02 5.6799E-03 5.5644E-03 3.4756E-03 8.2807E-04 1.2085E-04 0
 0 9.4284E-05 4.8687E-04 1.4095E-03 4.3454E-03 7.5382E-03 1.4578E-02 5.6851E-03 1.0029E-02 9.1365E-03 8.7070E-03 1.2228E-02 1.3525E-02 1.7324E-02 2.5460E-02 3.1888E-02 4.2884E-02 2.8872E-02 1.0650E-02 5.5183E-03 5.3524E-03 3.4186E-03 7.6300E-04 1.2357E-04 0
 0 8.9102E-05 4.7796E-04 1.4519E-03 4.3172E-03 7.5213E-03 1.4698E-02 5.7134E-03 9.7706E-03 8.8464E-03 8.8079E-03 1.1774E-02 1.3074E-02 1.7253E-02 2.4916E-02 3.0594E-02 4.2890E-02 2.7607E-02 9.3918E-03 5.6509E-03 5.3720E-03 3.1860E-03 8.1148E-04 1.2279E-04 0
 0 8.0730E-05 5.1225E-04 1.4892E-03 4.1501E-03 7.4777E-03 1.3381E-02 5.8390E-03 9.2659E-03 8.3929E-03 8.5053E-03 1.1361E-02 1.2505E-02 1.6271E-02 2.4546E-02 3.1285E-02 4.3162E-02 2.7465E-02 9.2387E-03 5.3899E-03 5.2970E-03 3.2270E-03 7.4641E-04 1.0841E-04 0
 0 8.3520E-05 4.6013E-04 1.3902E-03 4.1501E-03 7.3494E-03 1.4189E-02 5.4058E-03 8.9715E-03 8.3963E-03 8.6277E-03 1.1306E-02 1.2583E-02 1.6717E-02 2.4201E-02 2.9894E-02 4.2308E-02 2.6647E-02 8.8942E-03 5.2780E-03 5.1176E-03 2.9898E-03 7.7831E-04 1.2473E-04 0
 0 8.6311E-05 4.7727E-04 1.3156E-03 4.1013E-03 7.1340E-03 1.3995E-02 4.9663E-03 8.8033E-03 8.2696E-03 8.2027E-03 1.0972E-02 1.2238E-02 1.6063E-02 2.2708E-02 2.9459E-02 4.2406E-02 2.7023E-02 8.6119E-03 4.8845E-03 4.8175E-03 3.3091E-03 7.1068E-04 1.1424E-04 0
 0 8.6510E-05 4.8619E-04 1.3388E-03 3.8440E-03 6.9839E-03 1.3144E-02 4.8784E-03 8.7386E-03 8.1128E-03 7.8928E-03 1.0245E-02 1.1423E-02 1.4768E-02 2.2248E-02 2.8937E-02 4.2627E-02 2.5931E-02 8.9468E-03 4.5199E-03 5.1111E-03 2.9260E-03 7.4386E-04 1.1463E-04 0
 0 7.3554E-05 4.8619E-04 1.3786E-03 3.8553E-03 7.0759E-03 1.3101E-02 4.7183E-03 8.3244E-03 7.5326E-03 7.7812E-03 1.1321E-02 1.1625E-02 1.5152E-02 2.1984E-02 2.7746E-02 4.2843E-02 2.5845E-02 7.8129E-03 4.5903E-03 4.7229E-03 3.0218E-03 6.8261E-04 1.1891E-04 0
 0 8.1328E-05 4.2927E-04 1.3825E-03 3.9323E-03 7.1558E-03 1.2909E-02 4.4703E-03 8.1724E-03 7.5893E-03 7.1796E-03 1.0121E-02 1.1563E-02 1.4512E-02 2.1649E-02 2.7424E-02 4.2298E-02 2.5901E-02 8.0617E-03 4.5779E-03 4.7001E-03 3.1495E-03 6.8772E-04 9.5202E-05 0
 0 8.5514E-05 4.7864E-04 1.2732E-03 3.8327E-03 6.7902E-03 1.2975E-02 4.4138E-03 7.8036E-03 7.3192E-03 7.4209E-03 1.0109E-02 1.0666E-02 1.3805E-02 2.1005E-02 2.6590E-02 4.2699E-02 2.3747E-02 7.2484E-03 4.2837E-03 4.8175E-03 3.3023E-03 7.8724E-04 1.1463E-04 0
 0 6.9168E-05 4.5739E-04 1.3015E-03 3.7726E-03 6.4271E-03 1.2595E-02 4.1846E-03 7.7647E-03 7.0458E-03 7.0463E-03 9.8035E-03 1.0162E-02 1.3592E-02 2.0235E-02 2.6769E-02 4.2365E-02 2.4163E-02 7.3727E-03 4.1594E-03 4.5598E-03 3.0742E-03 6.0606E-04 1.1230E-04 0
 0 7.0564E-05 4.6150E-04 1.3079E-03 3.5886E-03 6.7999E-03 1.2404E-02 4.2160E-03 7.8812E-03 7.1392E-03 7.1868E-03 9.5094E-03 1.0657E-02 1.3644E-02 2.0070E-02 2.5930E-02 4.2668E-02 2.3782E-02 6.8847E-03 3.9109E-03 4.3837E-03 2.9579E-03 7.0813E-04 9.7534E-05 0
 0 6.9766E-05 4.2310E-04 1.2590E-03 3.7032E-03 6.4053E-03 1.2761E-02 3.7451E-03 7.0206E-03 6.4156E-03 6.4627E-03 9.0405E-03 9.6981E-03 1.2914E-02 2.0230E-02 2.6416E-02 4.2704E-02 2.3005E-02 6.8273E-03 3.8239E-03 4.3348E-03 2.9533E-03 7.2599E-04 1.1036E-04 0
 0 7.5148E-05 4.2379E-04 1.3015E-03 3.7595E-03 6.5239E-03 1.2838E-02 3.6949E-03 7.0724E-03 6.7924E-03 6.0808E-03 9.0286E-03 1.0026E-02 1.2662E-02 1.8832E-02 2.5823E-02 4.2663E-02 2.2670E-02 6.6455E-03 3.5836E-03 3.7705E-03 2.8530E-03 6.7368E-04 1.1813E-04 0
 0 8.0331E-05 4.2653E-04 1.3375E-03 3.6431E-03 6.1608E-03 1.2387E-02 3.6290E-03 6.8200E-03 6.5856E-03 6.5600E-03 8.9769E-03 9.6981E-03 1.2330E-02 1.8402E-02 2.4831E-02 4.2545E-02 2.2533E-02 6.1432E-03 3.2190E-03 4.1065E-03 2.9944E-03 6.9665E-04 1.3367E-04 0
 0 7.6743E-05 4.5944E-04 1.3491E-03 3.4966E-03 5.7517E-03 1.1672E-02 3.4657E-03 6.6583E-03 6.0488E-03 6.3438E-03 8.4404E-03 9.7243E-03 1.1614E-02 1.7568E-02 2.4759E-02 4.3136E-02 2.1090E-02 6.4637E-03 3.2190E-03 4.0412E-03 2.8325E-03 6.5709E-04 1.0958E-04 0
 0 7.2756E-05 4.4504E-04 1.3105E-03 3.5717E-03 6.0470E-03 1.1850E-02 3.2114E-03 6.3283E-03 6.0555E-03 6.1961E-03 7.7172E-03 8.2050E-03 1.1771E-02 1.7633E-02 2.3695E-02 4.2545E-02 2.1791E-02 5.6886E-03 3.5173E-03 3.8325E-03 2.7321E-03 5.9330E-04 1.0686E-04 0
 0 7.7142E-05 4.5876E-04 1.2307E-03 3.4064E-03 5.6500E-03 1.1590E-02 3.2020E-03 6.4803E-03 5.8587E-03 5.5837E-03 8.3252E-03 9.0676E-03 1.1761E-02 1.7503E-02 2.3803E-02 4.1732E-02 2.0770E-02 6.2341E-03 3.0657E-03 3.8716E-03 2.8507E-03 6.3030E-04 1.1230E-04 0
 0 8.6710E-05 3.9910E-04 1.2102E-03 3.3557E-03 5.7130E-03 1.1018E-02 3.0953E-03 6.2830E-03 5.5353E-03 5.6017E-03 8.1543E-03 8.5947E-03 1.1652E-02 1.6374E-02 2.2994E-02 4.1727E-02 1.9759E-02 5.3633E-03 3.0367E-03 3.6107E-03 2.6865E-03 6.9154E-04 1.0686E-04 0
 0 7.8338E-05 4.4573E-04 1.1960E-03 3.5079E-03 5.4757E-03 1.1167E-02 2.7719E-03 5.9109E-03 5.3419E-03 5.3063E-03 8.0152E-03 8.2401E-03 1.1159E-02 1.6904E-02 2.2115E-02 4.2900E-02 2.0394E-02 4.9710E-03 2.8917E-03 3.5487E-03 2.8279E-03 5.8820E-04 9.5979E-05 0
 0 7.5547E-05 4.6493E-04 1.1484E-03 3.5792E-03 5.3983E-03 1.1127E-02 2.7374E-03 5.8397E-03 5.1752E-03 4.9533E-03 7.4231E-03 8.1131E-03 1.1609E-02 1.6948E-02 2.1619E-02 4.2694E-02 1.9495E-02 5.0045E-03 2.6763E-03 3.5748E-03 2.6728E-03 6.3030E-04 9.2093E-05 0
 0 8.3720E-05 4.4573E-04 1.1754E-03 3.5567E-03 5.5338E-03 1.1098E-02 2.6181E-03 5.6747E-03 5.2285E-03 5.2487E-03 7.3158E-03 8.3101E-03 1.0723E-02 1.6059E-02 2.2002E-02 4.2674E-02 1.9221E-02 5.2006E-03 2.9000E-03 3.4835E-03 2.6500E-03 6.6220E-04 1.1113E-04 0
 0 6.8570E-05 4.3133E-04 1.1664E-03 3.3689E-03 5.4733E-03 1.1193E-02 2.6558E-03 5.3415E-03 5.1551E-03 4.9101E-03 7.3715E-03 7.3600E-03 1.0614E-02 1.5585E-02 2.1926E-02 4.2962E-02 1.8439E-02 4.6935E-03 2.5852E-03 3.4117E-03 2.6591E-03 5.9202E-04 1.1230E-04 0
 0 6.7574E-05 4.2447E-04 1.1497E-03 3.3032E-03 5.0545E-03 1.0607E-02 2.4988E-03 5.4871E-03 4.5049E-03 4.8668E-03 7.0059E-03 6.9703E-03 9.7647E-03 1.5515E-02 2.1440E-02 4.3610E-02 1.7387E-02 4.8418E-03 2.4443E-03 3.1508E-03 2.5314E-03 6.0095E-04 9.8311E-05 0
 0 6.7972E-05 4.0733E-04 1.1150E-03 3.2468E-03 5.3813E-03 1.0784E-02 2.3011E-03 5.6586E-03 4.7150E-03 4.2832E-03 6.6363E-03 7.3119E-03 9.8785E-03 1.4930E-02 2.0325E-02 4.3368E-02 1.8164E-02 4.1481E-03 2.4236E-03 3.2943E-03 2.5725E-03 5.9330E-04 1.1113E-04 0
 0 7.7740E-05 4.3339E-04 1.0867E-03 3.4252E-03 5.0691E-03 1.0130E-02 2.4957E-03 5.0374E-03 5.0018E-03 4.6939E-03 6.5767E-03 7.1061E-03 9.4943E-03 1.4681E-02 2.1215E-02 4.2159E-02 1.7367E-02 4.0332E-03 2.2247E-03 3.3824E-03 2.4835E-03 6.8516E-04 1.0841E-04 0
 0 7.7142E-05 4.0664E-04 1.0430E-03 3.3295E-03 4.8730E-03 1.0775E-02 2.2132E-03 5.0988E-03 4.5549E-03 4.1716E-03 6.3542E-03 6.7689E-03 9.1387E-03 1.4171E-02 2.0243E-02 4.3353E-02 1.7164E-02 3.9615E-03 2.2413E-03 3.0464E-03 2.5588E-03 5.4481E-04 1.0336E-04 0
 0 7.8736E-05 4.3681E-04 1.0970E-03 3.2374E-03 4.8609E-03 1.0675E-02 2.0436E-03 4.8562E-03 4.2382E-03 4.1428E-03 6.2469E-03 6.3924E-03 9.3995E-03 1.3991E-02 1.9046E-02 4.2231E-02 1.6427E-02 3.9663E-03 1.9720E-03 2.9225E-03 2.5679E-03 5.1802E-04 1.0841E-04 0
 0 6.2590E-05 4.1693E-04 1.1703E-03 3.0928E-03 4.8391E-03 1.0318E-02 2.1221E-03 4.7883E-03 4.3449E-03 3.8293E-03 6.0522E-03 6.1560E-03 8.5269E-03 1.3542E-02 1.9322E-02 4.2056E-02 1.6488E-02 3.6888E-03 2.1626E-03 2.7333E-03 2.3444E-03 5.8437E-04 9.1705E-05 0
 0 7.1560E-05 4.2721E-04 1.0931E-03 3.0816E-03 4.5970E-03 1.0170E-02 2.1692E-03 4.4550E-03 3.9547E-03 3.9230E-03 5.8296E-03 5.7181E-03 8.4890E-03 1.3382E-02 1.9215E-02 4.3635E-02 1.5879E-02 3.1721E-03 2.0217E-03 2.9290E-03 2.2623E-03 6.0478E-04 1.0025E-04 0
 0 7.6344E-05 4.3750E-04 1.1304E-03 3.0346E-03 4.6333E-03 1.0261E-02 1.8051E-03 4.3515E-03 4.1081E-03 4.0311E-03 5.9806E-03 6.0903E-03 7.9009E-03 1.3387E-02 1.8698E-02 4.1887E-02 1.5508E-02 3.5022E-03 1.9389E-03 2.7920E-03 2.4311E-03 5.4992E-04 1.0414E-04 0
 0 6.8969E-05 3.9293E-04 1.0841E-03 3.2018E-03 4.3743E-03 9.9184E-03 1.7611E-03 4.3127E-03 3.9547E-03 3.6312E-03 6.1952E-03 5.8714E-03 8.5648E-03 1.2877E-02 1.8090E-02 4.2740E-02 1.5112E-02 3.2725E-03 1.7980E-03 2.5800E-03 2.1392E-03 4.8612E-04 8.8596E-05 0
 0 7.7341E-05 4.2653E-04 9.6196E-04 3.1285E-03 4.3380E-03 9.7556E-03 1.5571E-03 4.2868E-03 3.4946E-03 3.6636E-03 5.6309E-03 5.3591E-03 7.9341E-03 1.2408E-02 1.8274E-02 4.2272E-02 1.4502E-02 2.8324E-03 1.8104E-03 2.7529E-03 2.0890E-03 5.2440E-04 9.5591E-05 0
 0 6.3986E-05 4.1967E-04 1.1369E-03 2.9595E-03 4.0039E-03 9.3985E-03 1.6544E-03 4.3030E-03 3.5679E-03 3.3646E-03 5.3011E-03 5.9852E-03 7.9531E-03 1.2373E-02 1.6913E-02 4.2195E-02 1.4543E-02 3.1625E-03 1.7483E-03 2.4626E-03 2.2578E-03 5.9330E-04 9.4036E-05 0
 0 7.3952E-05 4.4436E-04 1.0558E-03 2.8112E-03 4.1153E-03 9.3585E-03 1.6763E-03 3.9665E-03 3.6413E-03 3.3538E-03 5.2812E-03 5.5518E-03 7.4266E-03 1.1674E-02 1.7624E-02 4.2586E-02 1.4431E-02 2.8276E-03 1.7442E-03 2.6517E-03 2.1551E-03 5.6140E-04 8.4322E-05 0
 0 6.6776E-05 3.8607E-04 1.0520E-03 2.9013E-03 4.1129E-03 9.2728E-03 1.5665E-03 3.8177E-03 3.3879E-03 3.4295E-03 5.1620E-03 5.2409E-03 7.0804E-03 1.2313E-02 1.6934E-02 4.3234E-02 1.3888E-02 2.7558E-03 1.4583E-03 2.6517E-03 2.1483E-03 5.3461E-04 8.1990E-05 0
 0 6.8570E-05 3.8813E-04 9.4267E-04 2.9276E-03 4.2775E-03 9.2557E-03 1.4440E-03 3.6559E-03 3.4245E-03 2.9071E-03 5.1263E-03 4.8687E-03 7.0662E-03 1.1449E-02 1.6924E-02 4.1542E-02 1.3943E-02 2.5405E-03 1.3879E-03 2.3027E-03 2.2008E-03 5.3588E-04 1.0220E-04 0
 0 6.9766E-05 3.6001E-04 1.0083E-03 2.9182E-03 4.2630E-03 8.7929E-03 1.2839E-03 3.4585E-03 3.1778E-03 3.1269E-03 4.5262E-03 4.9125E-03 6.8718E-03 1.0974E-02 1.5701E-02 4.1624E-02 1.2750E-02 2.5453E-03 1.4541E-03 2.5017E-03 2.0981E-03 5.1292E-04 9.0539E-05 0
 0 6.1594E-05 4.1144E-04 9.0666E-04 2.7530E-03 3.7667E-03 8.6215E-03 1.2996E-03 3.3356E-03 3.0544E-03 3.1917E-03 4.8719E-03 4.5579E-03 6.9050E-03 1.0964E-02 1.6320E-02 4.1758E-02 1.3623E-02 2.6410E-03 1.3796E-03 2.3451E-03 2.2281E-03 5.3588E-04 9.5591E-05 0
 0 6.7574E-05 3.8196E-04 9.8640E-04 2.8994E-03 3.8345E-03 8.9957E-03 1.4346E-03 3.4941E-03 3.1278E-03 2.8711E-03 4.6653E-03 5.0482E-03 6.6868E-03 1.0710E-02 1.6177E-02 4.2679E-02 1.3207E-02 2.4448E-03 1.4624E-03 2.3158E-03 2.1392E-03 4.9378E-04 9.4036E-05 0
 0 6.1594E-05 3.6344E-04 9.3881E-04 2.8318E-03 3.8926E-03 8.8615E-03 1.3091E-03 3.2935E-03 3.1244E-03 2.5973E-03 4.3792E-03 4.7593E-03 6.4023E-03 1.0165E-02 1.5200E-02 4.1429E-02 1.3364E-02 2.4161E-03 1.1103E-03 2.3125E-03 2.1050E-03 5.4099E-04 9.7534E-05 0
 0 5.9002E-05 3.8264E-04 9.1052E-04 2.8055E-03 3.6360E-03 7.9730E-03 1.0893E-03 3.2709E-03 3.0511E-03 2.6370E-03 4.3831E-03 4.5316E-03 6.1841E-03 1.0145E-02 1.4377E-02 4.0276E-02 1.2994E-02 2.2822E-03 1.2263E-03 2.2799E-03 1.9567E-03 5.0909E-04 9.1316E-05 0
 0 6.4384E-05 3.9087E-04 9.7354E-04 2.7361E-03 3.7280E-03 8.3844E-03 1.0736E-03 3.0282E-03 2.7343E-03 2.7054E-03 4.2997E-03 4.4397E-03 6.0845E-03 9.4608E-03 1.5001E-02 4.1593E-02 1.2110E-02 2.0716E-03 1.1807E-03 2.2799E-03 1.8838E-03 4.6443E-04 9.3259E-05 0
 0 5.9800E-05 4.2859E-04 9.7482E-04 2.6591E-03 3.5512E-03 8.3158E-03 1.0203E-03 3.0865E-03 2.7943E-03 2.4100E-03 4.1487E-03 4.1726E-03 6.0324E-03 9.4758E-03 1.4586E-02 4.2185E-02 1.2394E-02 2.0047E-03 1.1559E-03 1.9929E-03 2.0183E-03 4.9378E-04 8.4322E-05 0
 0 6.4584E-05 4.0116E-04 9.8511E-04 2.5220E-03 3.3624E-03 8.2673E-03 1.0297E-03 2.9830E-03 2.7910E-03 2.3776E-03 3.7036E-03 4.2120E-03 5.7289E-03 9.2010E-03 1.4274E-02 4.1815E-02 1.1663E-02 1.7989E-03 1.0109E-03 1.7939E-03 2.0502E-03 5.3588E-04 1.0025E-04 0
 0 7.0364E-05 3.4287E-04 9.5682E-04 2.6403E-03 3.3891E-03 8.2273E-03 8.8212E-04 2.7824E-03 2.5542E-03 2.4604E-03 3.9937E-03 4.2339E-03 5.6862E-03 9.3709E-03 1.4443E-02 4.1665E-02 1.1749E-02 1.7511E-03 1.1393E-03 2.0973E-03 1.9499E-03 4.8229E-04 7.6550E-05 0
 0 6.5979E-05 3.5453E-04 9.0795E-04 2.5633E-03 2.9340E-03 7.9045E-03 9.0724E-04 2.5494E-03 2.6709E-03 2.4352E-03 3.7155E-03 4.1375E-03 5.6245E-03 8.8264E-03 1.4213E-02 4.1218E-02 1.0677E-02 1.7989E-03 8.4100E-04 1.9766E-03 1.9362E-03 4.9761E-04 9.0151E-05 0
 0 6.1992E-05 3.4973E-04 9.5425E-04 2.6271E-03 3.1276E-03 7.8159E-03 8.6329E-04 2.9991E-03 2.2941E-03 2.0714E-03 4.1527E-03 4.0018E-03 5.5060E-03 9.1611E-03 1.3011E-02 4.2355E-02 1.0769E-02 1.7654E-03 7.9129E-04 1.8135E-03 1.8792E-03 5.0909E-04 8.5488E-05 0
 0 6.9966E-05 3.6138E-04 8.7194E-04 2.4938E-03 3.3285E-03 7.7045E-03 7.8795E-04 2.4815E-03 2.3742E-03 2.0750E-03 3.5168E-03 4.0150E-03 5.4870E-03 8.5966E-03 1.2853E-02 4.0395E-02 1.0962E-02 1.5071E-03 8.9900E-04 1.8396E-03 1.9385E-03 4.9761E-04 9.5979E-05 0
 0 6.8371E-05 3.4493E-04 1.0173E-03 2.6121E-03 3.2123E-03 7.2189E-03 8.4445E-04 2.4880E-03 2.0040E-03 1.9021E-03 3.6162E-03 3.4545E-03 5.3589E-03 8.8364E-03 1.2602E-02 4.0349E-02 1.0251E-02 1.5597E-03 9.1972E-04 1.7841E-03 1.8267E-03 4.6954E-04 8.5099E-05 0
 0 6.8371E-05 3.5727E-04 8.3850E-04 2.5652E-03 2.8371E-03 7.2360E-03 7.5655E-04 2.4071E-03 2.2141E-03 1.9021E-03 3.5208E-03 3.1305E-03 5.1218E-03 8.4218E-03 1.3303E-02 4.0734E-02 1.0601E-02 1.6937E-03 6.9186E-04 1.8363E-03 1.9225E-03 4.3253E-04 9.0928E-05 0
 0 5.9002E-05 4.0733E-04 9.1309E-04 2.4957E-03 2.9606E-03 7.1017E-03 7.0947E-04 2.2324E-03 2.0807E-03 1.8588E-03 3.4096E-03 2.9291E-03 4.8562E-03 7.8723E-03 1.2162E-02 4.1305E-02 1.0256E-02 1.6123E-03 6.3800E-04 1.5819E-03 1.8427E-03 4.7209E-04 8.8985E-05 0
 0 5.3820E-05 3.7853E-04 8.7580E-04 2.4431E-03 3.0792E-03 7.3017E-03 6.6552E-04 2.5332E-03 2.1741E-03 2.0426E-03 3.4255E-03 3.3100E-03 4.4958E-03 7.1430E-03 1.2643E-02 4.0786E-02 9.9102E-03 1.5119E-03 6.6286E-04 1.4710E-03 1.7697E-03 4.3764E-04 9.5979E-05 0
 0 5.8803E-05 3.6207E-04 9.6196E-04 2.5877E-03 2.9315E-03 7.4331E-03 7.0633E-04 2.2647E-03 1.7339E-03 1.8480E-03 3.1751E-03 2.9729E-03 4.4437E-03 7.9672E-03 1.1763E-02 4.0637E-02 9.6105E-03 1.4401E-03 7.0843E-04 1.6993E-03 1.6694E-03 5.0271E-04 8.5488E-05 0
 0 5.6411E-05 3.4218E-04 8.2693E-04 2.3248E-03 2.8565E-03 7.4331E-03 6.9063E-04 2.2162E-03 1.9073E-03 1.7940E-03 3.1473E-03 3.0824E-03 4.3346E-03 7.6725E-03 1.1835E-02 4.0477E-02 9.8289E-03 1.4257E-03 8.0372E-04 1.6308E-03 1.6124E-03 4.1850E-04 8.1213E-05 0
 0 6.2192E-05 3.2710E-04 8.5008E-04 2.2854E-03 2.7718E-03 6.9960E-03 4.8972E-04 2.2485E-03 1.7773E-03 1.7580E-03 2.9565E-03 2.6620E-03 4.2445E-03 7.3079E-03 1.1303E-02 4.0878E-02 9.3819E-03 1.3779E-03 6.1729E-04 1.5395E-03 1.7857E-03 4.4912E-04 8.9762E-05 0
 0 6.2192E-05 3.4904E-04 8.4750E-04 2.4149E-03 2.6072E-03 6.9646E-03 6.4040E-04 2.1321E-03 1.6906E-03 1.6571E-03 3.0161E-03 2.9729E-03 4.0880E-03 7.3079E-03 1.1114E-02 4.0148E-02 9.0365E-03 1.3014E-03 6.7115E-04 1.7385E-03 1.7629E-03 4.3253E-04 8.5099E-05 0
 0 5.9202E-05 3.8813E-04 8.4236E-04 2.1952E-03 2.6386E-03 6.7989E-03 6.3412E-04 1.8765E-03 1.7640E-03 1.5923E-03 2.7221E-03 2.7102E-03 4.1307E-03 7.1181E-03 1.1548E-02 4.0349E-02 8.9705E-03 1.0813E-03 5.5929E-04 1.4971E-03 1.7150E-03 4.6060E-04 8.0047E-05 0
 0 5.4617E-05 3.4424E-04 8.5522E-04 2.2009E-03 2.5248E-03 6.5675E-03 4.4577E-04 2.0124E-03 1.6406E-03 1.6679E-03 2.6029E-03 2.9072E-03 3.5568E-03 6.4437E-03 1.0751E-02 4.0127E-02 8.4219E-03 1.1530E-03 5.0543E-04 1.5787E-03 1.7492E-03 4.7847E-04 8.8985E-05 0
 0 4.9833E-05 3.8333E-04 8.1278E-04 2.2159E-03 2.3602E-03 6.6161E-03 5.6192E-04 1.7665E-03 1.8273E-03 1.5923E-03 2.7062E-03 2.5920E-03 4.3536E-03 6.6335E-03 1.0285E-02 4.0225E-02 8.8283E-03 1.1339E-03 5.7172E-04 1.3014E-03 1.5622E-03 4.2105E-04 9.0928E-05 0
 0 6.0996E-05 3.5315E-04 8.3336E-04 2.2797E-03 2.3917E-03 6.3619E-03 4.9286E-04 1.8765E-03 1.5872E-03 1.3473E-03 2.6744E-03 2.4694E-03 3.8461E-03 7.0431E-03 1.0889E-02 3.9160E-02 8.5032E-03 1.0813E-03 3.7700E-04 1.3634E-03 1.6603E-03 4.0829E-04 7.8105E-05 0
 0 6.2192E-05 3.3875E-04 7.8963E-04 2.0131E-03 2.2876E-03 6.5847E-03 4.8972E-04 1.8700E-03 1.6239E-03 1.5454E-03 2.4360E-03 2.4081E-03 3.6944E-03 6.4637E-03 1.0602E-02 3.9052E-02 8.5489E-03 9.6166E-04 4.9715E-04 1.3014E-03 1.6876E-03 4.2871E-04 7.9659E-05 0
 0 6.6776E-05 3.8127E-04 7.9349E-04 2.0957E-03 2.3990E-03 6.3190E-03 5.0856E-04 1.9412E-03 1.4605E-03 1.3869E-03 2.7141E-03 2.4431E-03 3.8888E-03 6.3788E-03 1.0756E-02 4.0683E-02 8.0206E-03 9.6645E-04 4.1843E-04 1.2981E-03 1.7401E-03 4.2233E-04 9.5591E-05 0
 0 5.9999E-05 3.6687E-04 7.5234E-04 2.2666E-03 2.3990E-03 6.1419E-03 3.7671E-04 1.7503E-03 1.5172E-03 1.2356E-03 2.2889E-03 2.3774E-03 3.7370E-03 6.1340E-03 9.4872E-03 3.9140E-02 7.8581E-03 9.6166E-04 4.5572E-04 1.2199E-03 1.5576E-03 4.4019E-04 7.8882E-05 0
 0 5.9600E-05 3.6275E-04 7.9092E-04 2.0187E-03 2.2319E-03 6.1619E-03 3.1706E-04 1.6079E-03 1.5339E-03 1.2464E-03 2.3684E-03 1.9484E-03 3.6327E-03 6.0641E-03 9.6305E-03 3.9536E-02 7.5127E-03 9.7602E-04 4.6400E-04 1.1840E-03 1.6055E-03 3.8405E-04 8.1213E-05 0
 0 6.0198E-05 3.4424E-04 8.3979E-04 2.2309E-03 2.0940E-03 6.2076E-03 4.3007E-04 1.4429E-03 1.5072E-03 1.2212E-03 2.5154E-03 2.4081E-03 3.4240E-03 6.0591E-03 9.6305E-03 3.8605E-02 7.3400E-03 9.2817E-04 4.1014E-04 1.1514E-03 1.6762E-03 4.3764E-04 7.5773E-05 0
 0 5.3421E-05 3.2435E-04 8.4365E-04 2.1013E-03 2.2731E-03 5.9076E-03 3.6729E-04 1.4591E-03 1.2471E-03 1.1239E-03 2.4399E-03 2.1104E-03 3.0209E-03 5.3248E-03 9.3134E-03 3.8008E-02 7.3450E-03 9.7123E-04 3.9357E-04 1.0731E-03 1.6534E-03 4.2871E-04 6.8779E-05 0
 0 5.0431E-05 3.7098E-04 7.7291E-04 2.1389E-03 1.9318E-03 5.8819E-03 2.6997E-04 1.4688E-03 1.2038E-03 1.0627E-03 2.2810E-03 1.9790E-03 2.8360E-03 6.1090E-03 9.3747E-03 3.7602E-02 7.0860E-03 7.3201E-04 3.2729E-04 1.2851E-03 1.5143E-03 3.9553E-04 6.1396E-05 0
 0 5.5016E-05 3.4561E-04 7.7806E-04 2.0581E-03 2.0068E-03 5.7448E-03 3.3276E-04 1.3071E-03 1.1971E-03 1.1203E-03 2.1141E-03 1.8477E-03 2.7791E-03 5.6795E-03 8.9093E-03 3.8312E-02 7.5127E-03 6.9852E-04 3.1072E-04 1.0829E-03 1.6032E-03 3.8022E-04 9.0151E-05 0
 0 5.9401E-05 3.6344E-04 8.2950E-04 2.0262E-03 2.1182E-03 5.6191E-03 3.7043E-04 1.3718E-03 1.2771E-03 1.1528E-03 2.0664E-03 1.9133E-03 3.2533E-03 5.4347E-03 9.0423E-03 3.8095E-02 6.8879E-03 7.7029E-04 3.6043E-04 1.1840E-03 1.3911E-03 3.6491E-04 7.1110E-05 0
 0 5.8006E-05 3.5247E-04 7.4205E-04 1.9718E-03 2.1133E-03 5.5620E-03 2.7939E-04 1.2100E-03 1.2438E-03 1.0195E-03 2.1657E-03 2.1717E-03 3.1869E-03 4.8852E-03 8.8173E-03 3.8095E-02 6.9031E-03 6.4589E-04 3.5214E-04 1.1090E-03 1.4413E-03 3.8915E-04 7.1887E-05 0
 0 5.5016E-05 2.8047E-04 7.0861E-04 1.9286E-03 2.0189E-03 5.5306E-03 2.9509E-04 1.2003E-03 1.1004E-03 8.8619E-04 2.1181E-03 1.6813E-03 2.6368E-03 5.0101E-03 8.7661E-03 3.7396E-02 6.9031E-03 7.4637E-04 3.0657E-04 1.0242E-03 1.5371E-03 3.6236E-04 8.1990E-05 0
 0 5.7208E-05 3.4835E-04 6.7903E-04 1.9793E-03 1.8277E-03 5.6391E-03 3.7671E-04 1.2747E-03 1.0637E-03 9.7265E-04 1.8995E-03 1.6944E-03 2.8312E-03 5.1200E-03 8.7201E-03 3.7473E-02 6.2631E-03 7.0809E-04 2.9829E-04 1.0470E-03 1.3296E-03 3.5598E-04 7.9270E-05 0
 0 6.0996E-05 3.0858E-04 7.0090E-04 1.9887E-03 1.8277E-03 5.3877E-03 2.5428E-04 1.1550E-03 9.0699E-04 8.9339E-04 1.9512E-03 1.6200E-03 2.7364E-03 4.7753E-03 8.6741E-03 3.6882E-02 6.1615E-03 6.6025E-04 3.4800E-04 9.0675E-04 1.4550E-03 4.0574E-04 7.8105E-05 0
 0 5.1826E-05 3.2847E-04 7.0218E-04 1.8215E-03 1.8010E-03 5.3620E-03 2.7311E-04 1.3006E-03 1.0204E-03 1.0195E-03 1.7882E-03 1.3529E-03 2.5894E-03 4.7454E-03 8.1677E-03 3.7499E-02 5.9482E-03 5.5499E-04 2.9829E-04 9.4915E-04 1.3889E-03 3.8788E-04 7.1499E-05 0
 0 5.8604E-05 3.2230E-04 6.6489E-04 1.7840E-03 1.7720E-03 5.2135E-03 1.9149E-04 1.2132E-03 1.0004E-03 8.8619E-04 1.6094E-03 1.6331E-03 2.6890E-03 5.0001E-03 8.0961E-03 3.6984E-02 6.5780E-03 5.8848E-04 2.4029E-04 9.4915E-04 1.4162E-03 3.5470E-04 8.8208E-05 0
 0 5.1228E-05 3.5727E-04 6.8418E-04 1.8535E-03 1.6582E-03 5.0049E-03 2.6056E-04 1.0741E-03 1.0170E-03 7.0967E-04 1.6174E-03 1.7513E-03 2.6178E-03 4.6904E-03 7.6767E-03 3.6547E-02 6.3799E-03 7.7507E-04 3.9357E-04 8.9696E-04 1.4254E-03 3.5470E-04 6.8779E-05 0
 0 4.8836E-05 3.3875E-04 6.9318E-04 1.9361E-03 1.6122E-03 5.3963E-03 1.8208E-04 9.2853E-04 9.9035E-04 8.7178E-04 1.7445E-03 1.5149E-03 2.6652E-03 4.6605E-03 7.9325E-03 3.6357E-02 6.3494E-03 4.5930E-04 1.3257E-04 9.2306E-04 1.5029E-03 3.3939E-04 8.5488E-05 0
 0 4.8039E-05 3.1544E-04 6.3273E-04 1.8873E-03 1.7405E-03 5.5563E-03 1.8835E-04 1.0224E-03 9.4033E-04 7.2768E-04 1.8637E-03 1.1428E-03 2.8360E-03 4.3558E-03 7.9171E-03 3.7015E-02 5.5012E-03 4.8322E-04 3.0657E-04 8.3499E-04 1.4459E-03 3.5726E-04 8.0047E-05 0
 0 5.8006E-05 3.0790E-04 6.7389E-04 1.9642E-03 1.7284E-03 5.2163E-03 1.9777E-04 9.3177E-04 8.9365E-04 6.8085E-04 1.4465E-03 1.3748E-03 2.2100E-03 4.4507E-03 7.1602E-03 3.7026E-02 5.5570E-03 4.5452E-04 2.0300E-04 8.8392E-04 1.2954E-03 4.2615E-04 7.0722E-05 0
 0 4.7840E-05 3.1750E-04 5.9801E-04 1.8478E-03 1.6267E-03 4.6850E-03 1.4754E-04 1.0062E-03 9.7368E-04 7.6371E-04 1.5856E-03 1.5324E-03 2.2432E-03 4.3757E-03 7.5540E-03 3.5539E-02 5.6942E-03 4.1146E-04 1.7814E-04 8.9044E-04 1.3729E-03 3.8405E-04 6.7224E-05 0
 0 5.0630E-05 3.2092E-04 6.2502E-04 1.7070E-03 1.5420E-03 4.8707E-03 1.4754E-04 8.5736E-04 7.2025E-04 7.4930E-04 1.4425E-03 1.3048E-03 2.1151E-03 4.0660E-03 7.1500E-03 3.5904E-02 5.6688E-03 5.0715E-04 1.7814E-04 7.6323E-04 1.4732E-03 3.2281E-04 8.3545E-05 0
 0 5.1428E-05 3.3875E-04 7.1118E-04 1.7746E-03 1.5396E-03 5.0021E-03 2.2602E-04 1.0418E-03 7.9028E-04 6.5924E-04 1.4425E-03 1.3048E-03 1.9586E-03 4.0261E-03 7.0221E-03 3.5498E-02 5.3996E-03 5.2628E-04 3.4386E-04 7.0778E-04 1.3433E-03 3.3684E-04 6.8390E-05 0
 0 4.8836E-05 3.2092E-04 6.6103E-04 1.7727E-03 1.5420E-03 4.8478E-03 2.0405E-04 9.3177E-04 6.7690E-04 6.1601E-04 1.3710E-03 1.2960E-03 1.9112E-03 3.9811E-03 6.7613E-03 3.5693E-02 5.0491E-03 4.0189E-04 1.1600E-04 7.4366E-04 1.2201E-03 3.3812E-04 6.8779E-05 0
 0 4.8637E-05 3.0721E-04 6.5203E-04 1.8046E-03 1.5565E-03 4.8335E-03 1.3813E-04 8.1530E-04 7.8361E-04 5.7278E-04 1.5180E-03 1.2435E-03 2.0013E-03 3.5216E-03 6.8994E-03 3.5524E-02 5.1304E-03 3.5405E-04 1.9886E-04 7.2083E-04 1.2269E-03 3.4705E-04 6.9556E-05 0
 0 5.2823E-05 3.0584E-04 5.9801E-04 1.8272E-03 1.3024E-03 4.2393E-03 1.7266E-04 8.8971E-04 7.0358E-04 6.7365E-04 1.1961E-03 1.1471E-03 2.1056E-03 3.5116E-03 6.8636E-03 3.4479E-02 5.2269E-03 3.2534E-04 2.4443E-04 6.9800E-04 1.3022E-03 3.3812E-04 6.7613E-05 0
 0 4.9235E-05 3.1064E-04 6.1216E-04 1.7483E-03 1.4113E-03 4.3565E-03 1.1615E-04 8.7677E-04 6.1021E-04 6.7365E-04 1.5180E-03 1.1209E-03 2.0250E-03 3.7863E-03 6.9965E-03 3.4001E-02 4.5919E-03 2.9663E-04 1.7400E-04 6.9474E-04 1.1517E-03 3.3301E-04 6.6836E-05 0
 0 4.9235E-05 3.0310E-04 6.0830E-04 1.7840E-03 1.4403E-03 4.5307E-03 1.7266E-04 7.7324E-04 7.4026E-04 5.9440E-04 1.1286E-03 1.1209E-03 1.7168E-03 3.7963E-03 6.0964E-03 3.4922E-02 4.7951E-03 3.7318E-04 1.3257E-04 7.4692E-04 1.2087E-03 3.0367E-04 6.7224E-05 0
 0 4.8637E-05 3.2504E-04 5.7486E-04 1.8234E-03 1.4040E-03 4.1479E-03 1.4127E-04 7.7971E-04 6.5023E-04 5.6558E-04 1.2518E-03 1.1865E-03 1.8922E-03 3.6914E-03 6.7306E-03 3.3584E-02 4.7951E-03 2.6793E-04 1.9472E-04 6.4255E-04 1.1448E-03 3.7257E-04 6.0618E-05 0
 0 5.1627E-05 3.1201E-04 6.3659E-04 1.6938E-03 1.3314E-03 4.2165E-03 1.0673E-04 7.3765E-04 6.7690E-04 5.0434E-04 1.0968E-03 1.0333E-03 1.5318E-03 3.6365E-03 6.0862E-03 3.4016E-02 4.3684E-03 2.3922E-04 1.4086E-04 6.8495E-04 1.0559E-03 3.2025E-04 7.4607E-05 0
 0 4.4651E-05 2.8047E-04 6.8032E-04 1.8159E-03 1.2249E-03 4.0422E-03 1.5068E-04 8.8971E-04 5.6020E-04 5.1874E-04 1.1127E-03 9.7200E-04 1.9159E-03 3.2269E-03 6.3010E-03 3.3528E-02 4.2567E-03 4.0667E-04 1.1186E-04 8.0237E-04 1.1152E-03 2.7432E-04 6.3339E-05 0
 0 4.9036E-05 3.0721E-04 6.0187E-04 1.6131E-03 1.2854E-03 4.3136E-03 1.5382E-04 7.4412E-04 5.2018E-04 4.7552E-04 1.1564E-03 1.0289E-03 1.5840E-03 3.3168E-03 6.0299E-03 3.3132E-02 4.3227E-03 3.8754E-04 1.5743E-04 5.6101E-04 1.2406E-03 3.4450E-04 6.1396E-05 0
 0 5.1428E-05 3.2710E-04 5.9415E-04 1.7295E-03 1.2225E-03 4.0994E-03 9.4177E-05 7.8941E-04 5.9021E-04 4.2869E-04 1.0809E-03 1.0815E-03 1.7547E-03 2.8922E-03 5.6003E-03 3.2808E-02 4.1195E-03 3.1099E-04 1.5329E-04 6.9474E-04 1.0833E-03 3.2919E-04 6.6836E-05 0
 0 4.9833E-05 2.9007E-04 5.8129E-04 1.5060E-03 1.2322E-03 4.2422E-03 4.3949E-05 6.8265E-04 5.0684E-04 5.2595E-04 1.0570E-03 8.0124E-04 1.8306E-03 3.0520E-03 5.4929E-03 3.2391E-02 4.5716E-03 2.2008E-04 1.0771E-04 7.2083E-04 1.1243E-03 3.2153E-04 7.5384E-05 0
 0 4.7043E-05 3.0035E-04 6.3402E-04 1.6732E-03 1.2346E-03 4.0222E-03 7.2202E-05 7.2147E-04 5.1351E-04 4.4309E-04 9.7359E-04 7.7059E-04 1.6551E-03 3.0720E-03 5.7640E-03 3.2057E-02 4.1297E-03 2.1530E-04 1.0771E-04 5.5449E-04 1.0491E-03 2.5646E-04 7.3442E-05 0
 0 4.2657E-05 2.7567E-04 5.0156E-04 1.5229E-03 1.1087E-03 3.8794E-03 9.7316E-05 5.3383E-04 4.6350E-04 3.8185E-04 9.4180E-04 9.1946E-04 1.5318E-03 2.9022E-03 5.4571E-03 3.3142E-02 4.3735E-03 1.5310E-04 1.3671E-04 5.2513E-04 1.0833E-03 3.2536E-04 7.6550E-05 0
 0 4.2059E-05 2.6538E-04 6.1216E-04 1.4816E-03 1.1305E-03 3.8622E-03 8.7898E-05 5.0471E-04 4.4349E-04 3.5303E-04 9.6167E-04 9.6762E-04 1.4038E-03 2.7373E-03 5.5543E-03 3.2015E-02 4.2770E-03 2.2487E-04 9.9429E-05 4.3054E-04 1.0787E-03 2.9984E-04 6.6447E-05 0
 0 4.3654E-05 2.9350E-04 5.6843E-04 1.5849E-03 9.7072E-04 3.7280E-03 1.0046E-04 7.0853E-04 4.3682E-04 3.6744E-04 9.8949E-04 7.2681E-04 1.4132E-03 2.6075E-03 5.1042E-03 3.1743E-02 3.8859E-03 2.9185E-04 1.3257E-04 5.5449E-04 1.1015E-03 3.0622E-04 7.5384E-05 0
 0 4.7840E-05 2.6469E-04 5.6329E-04 1.5060E-03 1.0312E-03 3.7423E-03 9.4177E-05 5.5971E-04 4.3682E-04 3.8185E-04 8.5040E-04 7.8810E-04 1.3421E-03 2.8922E-03 5.1349E-03 3.1516E-02 3.5201E-03 1.8181E-04 1.5329E-04 5.8384E-04 1.1015E-03 3.1770E-04 6.6447E-05 0
 0 4.8238E-05 2.8732E-04 5.6586E-04 1.5060E-03 1.0216E-03 3.5623E-03 5.6506E-05 5.6294E-04 3.8013E-04 3.0620E-04 9.4180E-04 7.6621E-04 1.3089E-03 2.6274E-03 5.0633E-03 3.1712E-02 3.4998E-03 2.3922E-04 1.6986E-04 5.3818E-04 1.0627E-03 3.2536E-04 5.6733E-05 0
 0 5.0630E-05 2.8664E-04 5.4528E-04 1.4009E-03 1.1087E-03 3.6766E-03 7.8481E-05 5.9530E-04 4.1681E-04 4.3229E-04 8.5835E-04 7.3119E-04 1.3042E-03 2.4726E-03 4.9814E-03 3.0663E-02 3.4998E-03 1.3396E-04 9.9429E-05 3.5878E-04 1.0263E-03 3.2408E-04 5.5567E-05 0
 0 4.1661E-05 2.8115E-04 5.3371E-04 1.5417E-03 9.6830E-04 3.7794E-03 5.3367E-05 5.2735E-04 4.4015E-04 3.9987E-04 8.1066E-04 6.4800E-04 1.4939E-03 2.5625E-03 4.9814E-03 3.1100E-02 3.5811E-03 1.7224E-04 1.0771E-04 4.4033E-04 1.0764E-03 3.0367E-04 5.0515E-05 0
 0 4.5448E-05 3.0447E-04 5.2857E-04 1.4272E-03 1.0240E-03 3.5766E-03 3.4532E-05 4.5941E-04 3.8013E-04 3.4223E-04 8.7027E-04 6.0859E-04 1.0528E-03 2.4176E-03 5.1093E-03 3.1630E-02 3.6522E-03 1.8659E-04 8.2858E-05 4.7947E-04 1.0673E-03 3.0877E-04 6.1007E-05 0
 0 5.0032E-05 2.7567E-04 5.5300E-04 1.5004E-03 9.7314E-04 3.5080E-03 6.9063E-05 5.5324E-04 3.7680E-04 3.0620E-04 6.9940E-04 5.9108E-04 1.1714E-03 2.3827E-03 5.1604E-03 3.0534E-02 3.7182E-03 1.9616E-04 9.5286E-05 3.6205E-04 1.0080E-03 3.2153E-04 7.1499E-05 0
 0 4.9036E-05 3.0035E-04 4.7584E-04 1.4253E-03 9.3925E-04 3.4423E-03 4.7088E-05 4.5618E-04 4.5349E-04 2.5577E-04 8.6630E-04 5.5605E-04 1.1382E-03 2.4376E-03 4.4342E-03 3.0086E-02 3.3068E-03 1.5788E-04 5.8000E-05 4.4359E-04 9.3047E-04 2.2584E-04 5.2458E-05 0
 0 3.9069E-05 2.3452E-04 5.1442E-04 1.4347E-03 1.0216E-03 3.3966E-03 6.2785E-05 4.9500E-04 3.8013E-04 2.4136E-04 8.0669E-04 6.6551E-04 1.3231E-03 2.4976E-03 4.6950E-03 3.0025E-02 3.2916E-03 1.7702E-04 2.9000E-05 4.6968E-04 9.2819E-04 2.6667E-04 5.8287E-05 0
 0 4.6445E-05 2.6675E-04 5.4014E-04 1.4460E-03 9.0536E-04 3.2995E-03 5.0228E-05 4.1088E-04 3.0344E-04 2.5577E-04 7.0734E-04 6.5675E-04 1.0908E-03 2.1179E-03 4.7155E-03 2.9227E-02 3.2154E-03 9.5688E-05 6.2143E-05 3.8488E-04 1.0331E-03 2.9984E-04 7.6939E-05 0
 0 4.6245E-05 2.8321E-04 5.4400E-04 1.4629E-03 8.6663E-04 3.1966E-03 4.7088E-05 4.3030E-04 2.8343E-04 2.9900E-04 6.7953E-04 7.3994E-04 1.2567E-03 2.2378E-03 4.3524E-03 2.8867E-02 3.1239E-03 1.6745E-04 6.2143E-05 4.9904E-04 9.3960E-04 2.7560E-04 4.5464E-05 0
 0 4.6843E-05 2.8390E-04 5.2857E-04 1.3953E-03 8.1579E-04 3.1252E-03 3.7671E-05 4.2706E-04 3.8680E-04 3.0620E-04 6.0402E-04 5.4729E-04 1.2046E-03 2.2178E-03 4.4956E-03 2.9073E-02 2.8699E-03 1.0526E-04 5.8000E-05 4.0445E-04 1.0285E-03 3.0367E-04 6.4893E-05 0
 0 3.9269E-05 2.7292E-04 5.0284E-04 1.2732E-03 8.8358E-04 3.4195E-03 5.3367E-05 3.5265E-04 3.1678E-04 3.0981E-04 6.4376E-04 5.6481E-04 1.2093E-03 1.9531E-03 4.3575E-03 2.8950E-02 2.6972E-03 1.1004E-04 9.1143E-05 4.4033E-04 9.4416E-04 2.8453E-04 6.2950E-05 0
 0 4.4651E-05 2.6264E-04 5.5043E-04 1.3464E-03 7.7464E-04 3.1595E-03 2.8253E-05 4.7235E-04 2.7009E-04 2.5577E-04 7.3119E-04 6.1297E-04 1.0813E-03 2.0930E-03 4.2450E-03 2.9269E-02 2.8699E-03 1.5310E-04 7.4572E-05 3.6857E-04 9.3047E-04 2.3987E-04 5.4401E-05 0
 0 3.8870E-05 2.7361E-04 4.3340E-04 1.3277E-03 8.0369E-04 3.0652E-03 1.5696E-05 2.8471E-04 2.7009E-04 2.9540E-04 5.6031E-04 5.2102E-04 9.1055E-04 2.1429E-03 4.1069E-03 2.8883E-02 2.9258E-03 1.6267E-04 6.6286E-05 3.2617E-04 1.0627E-03 2.4370E-04 6.1396E-05 0
 0 4.4451E-05 2.8047E-04 5.6457E-04 1.2169E-03 8.2306E-04 3.1681E-03 1.5696E-05 3.8824E-04 3.4345E-04 2.2695E-04 5.8415E-04 4.1157E-04 8.8683E-04 2.1030E-03 4.2654E-03 2.8775E-02 2.7938E-03 1.0526E-04 8.2858E-05 4.1750E-04 9.9889E-04 2.5773E-04 5.3624E-05 0
 0 4.5249E-05 2.8938E-04 5.4786E-04 1.2413E-03 6.8507E-04 2.9624E-03 3.7671E-05 3.4294E-04 2.9010E-04 2.8819E-04 5.4442E-04 4.3346E-04 8.3467E-04 1.8932E-03 4.0762E-03 2.7921E-02 2.6617E-03 1.4353E-04 4.5572E-05 3.6857E-04 9.6240E-04 2.6411E-04 5.9064E-05 0
 0 3.9069E-05 2.7155E-04 4.8998E-04 1.2976E-03 7.0686E-04 2.9881E-03 4.0810E-05 2.8471E-04 2.3675E-04 1.4770E-04 6.4774E-04 5.1665E-04 8.2044E-04 1.6934E-03 3.9739E-03 2.7180E-02 2.3925E-03 1.0047E-04 5.3857E-05 3.3921E-04 9.2819E-04 2.6539E-04 5.7510E-05 0
 0 4.0465E-05 2.8664E-04 5.0413E-04 1.2826E-03 6.6087E-04 3.1309E-03 4.0810E-05 3.4618E-04 1.8340E-04 1.6931E-04 5.0865E-04 4.3346E-04 8.4890E-04 1.8232E-03 3.8460E-03 2.6728E-02 2.6769E-03 1.6745E-04 5.3857E-05 3.7509E-04 7.7083E-04 3.0749E-04 4.9350E-05 0
 0 4.8039E-05 2.5647E-04 5.1185E-04 1.2807E-03 7.7222E-04 3.0081E-03 2.5114E-05 2.8147E-04 2.6009E-04 1.8012E-04 5.0865E-04 4.6411E-04 8.6786E-04 1.7083E-03 3.8205E-03 2.7227E-02 2.9004E-03 5.7413E-05 1.2429E-05 3.0007E-04 9.4416E-04 2.6922E-04 5.2458E-05 0
 0 4.5049E-05 2.9350E-04 5.0413E-04 1.3108E-03 7.3591E-04 2.8396E-03 1.5696E-05 2.4912E-04 1.8673E-04 2.1614E-04 6.0800E-04 4.8162E-04 8.4415E-04 1.8382E-03 3.6977E-03 2.6974E-02 2.4433E-03 8.1335E-05 5.3857E-05 2.9029E-04 8.9626E-04 2.5773E-04 5.5178E-05 0
 0 4.6445E-05 2.6401E-04 5.3885E-04 1.2338E-03 6.8265E-04 2.9281E-03 4.3949E-05 3.4294E-04 3.1011E-04 1.6931E-04 4.4110E-04 5.0789E-04 7.8724E-04 1.6684E-03 3.3806E-03 2.6614E-02 2.4483E-03 1.1004E-04 4.1429E-05 3.0660E-04 8.8486E-04 2.7942E-04 5.4790E-05 0
 0 4.4651E-05 2.7155E-04 4.6298E-04 1.2619E-03 6.2698E-04 2.5739E-03 1.5696E-05 2.9118E-04 2.5009E-04 2.1254E-04 4.5302E-04 4.4221E-04 9.0580E-04 1.8332E-03 3.7847E-03 2.6553E-02 2.4585E-03 7.1766E-05 2.0714E-05 2.8703E-04 8.2785E-04 2.3222E-04 5.5567E-05 0
 0 4.0664E-05 2.9007E-04 4.6040E-04 1.2751E-03 6.5845E-04 2.6539E-03 2.5114E-05 2.2647E-04 2.4675E-04 1.7652E-04 4.7686E-04 3.4589E-04 9.1055E-04 1.5835E-03 3.6108E-03 2.5869E-02 2.4229E-03 9.0903E-05 1.6572E-05 3.7183E-04 8.2557E-04 2.5135E-04 4.4298E-05 0
 0 4.1063E-05 2.5372E-04 4.6298E-04 1.2187E-03 6.6087E-04 2.8167E-03 2.8253E-05 2.4588E-04 2.0007E-04 1.3689E-04 4.8481E-04 3.7216E-04 7.5879E-04 1.5984E-03 3.6466E-03 2.5797E-02 2.4890E-03 5.7413E-05 1.2429E-05 3.5552E-04 8.5978E-04 2.3732E-04 5.3235E-05 0
 0 3.2691E-05 2.5989E-04 4.3340E-04 1.2638E-03 6.1971E-04 2.5767E-03 1.8835E-05 2.2647E-04 2.1007E-04 1.6931E-04 6.0005E-04 4.9475E-04 7.3033E-04 1.4686E-03 3.4420E-03 2.5416E-02 2.3722E-03 6.6981E-05 2.9000E-05 2.8050E-04 8.6890E-04 2.9601E-04 5.6733E-05 0
 0 4.5249E-05 2.5784E-04 4.4497E-04 1.1568E-03 5.3015E-04 2.6167E-03 3.1392E-05 2.1677E-04 1.7673E-04 1.7291E-04 5.4839E-04 4.4221E-04 5.3115E-04 1.3787E-03 3.2988E-03 2.4737E-02 2.2401E-03 5.2628E-05 2.0714E-05 2.8703E-04 8.0960E-04 2.1691E-04 6.3339E-05 0
 0 3.8073E-05 2.7224E-04 4.6169E-04 1.1023E-03 5.7372E-04 2.4796E-03 1.8835E-05 2.3618E-04 2.0674E-04 1.1888E-04 3.6957E-04 3.6340E-04 7.2559E-04 1.3437E-03 3.4164E-03 2.4696E-02 2.2756E-03 6.2197E-05 1.6572E-05 2.6420E-04 8.1644E-04 2.4115E-04 5.0127E-05 0
 0 4.2458E-05 2.3795E-04 4.8870E-04 1.1324E-03 5.7130E-04 2.6253E-03 3.1392E-06 2.1029E-04 1.8340E-04 1.4410E-04 4.4904E-04 3.4151E-04 6.4023E-04 1.4885E-03 3.2681E-03 2.5282E-02 2.1029E-03 1.9138E-05 2.9000E-05 2.9029E-04 8.2101E-04 2.5008E-04 5.2070E-05 0
 0 4.2059E-05 2.4824E-04 4.3983E-04 1.1962E-03 5.4467E-04 2.4539E-03 3.1392E-05 2.2000E-04 1.6339E-04 1.8732E-04 3.5367E-04 3.0649E-04 5.5486E-04 1.3587E-03 3.0329E-03 2.4264E-02 2.2350E-03 6.2197E-05 3.7286E-05 2.6093E-04 7.9364E-04 2.3222E-04 5.7898E-05 0
 0 4.2059E-05 2.6881E-04 4.3468E-04 9.7837E-04 5.2288E-04 2.3168E-03 1.2557E-05 2.2324E-04 1.8006E-04 1.3329E-04 3.9341E-04 3.8530E-04 5.7858E-04 1.2937E-03 3.0993E-03 2.4649E-02 2.0471E-03 3.3491E-05 4.1429E-05 2.5441E-04 6.8189E-04 2.7942E-04 5.4401E-05 0
 0 4.0664E-05 2.5715E-04 4.8355E-04 1.0328E-03 5.4467E-04 2.3425E-03 3.1392E-06 2.1353E-04 2.0340E-04 1.8372E-04 4.7289E-04 2.8897E-04 7.1611E-04 1.3087E-03 3.0789E-03 2.3693E-02 1.9404E-03 3.3491E-05 2.4857E-05 2.4136E-04 7.1838E-04 2.5135E-04 4.8961E-05 0
 0 3.9269E-05 2.7772E-04 4.7841E-04 9.8776E-04 6.0519E-04 2.3311E-03 2.8253E-05 1.9412E-04 1.5339E-04 1.2969E-04 3.9341E-04 3.3713E-04 5.6435E-04 1.0740E-03 2.9919E-03 2.4053E-02 1.9607E-03 8.1335E-05 2.0714E-05 3.5878E-04 8.8714E-04 2.1691E-04 5.4790E-05 0
 0 3.5083E-05 2.3452E-04 4.4369E-04 1.1267E-03 5.3257E-04 2.2711E-03 1.5696E-05 1.3912E-04 1.8673E-04 1.1528E-04 3.4970E-04 3.0211E-04 5.6435E-04 1.1689E-03 2.8641E-03 2.4027E-02 1.7220E-03 3.8275E-05 0.0000E+00 2.1201E-04 6.7733E-04 2.7305E-04 6.5670E-05 0
 0 3.8671E-05 2.6607E-04 3.9610E-04 1.0009E-03 5.7614E-04 2.1539E-03 2.1975E-05 2.0706E-04 1.5005E-04 1.0087E-04 3.5765E-04 3.4151E-04 5.0270E-04 1.1689E-03 2.9152E-03 2.3585E-02 2.0217E-03 5.7413E-05 0.0000E+00 2.7072E-04 8.1416E-04 2.5008E-04 5.6344E-05 0
 0 3.9069E-05 2.5304E-04 4.0382E-04 9.9151E-04 4.4058E-04 2.0482E-03 1.8835E-05 1.6824E-04 1.4338E-04 1.1888E-04 3.0599E-04 2.9335E-04 5.5961E-04 1.2738E-03 2.8283E-03 2.2911E-02 1.7270E-03 2.8706E-05 3.3143E-05 2.5115E-04 6.9786E-04 2.0925E-04 5.3235E-05 0
 0 4.4053E-05 2.5304E-04 4.0510E-04 9.8212E-04 4.8173E-04 2.0054E-03 3.7671E-05 1.5206E-04 1.5339E-04 9.0060E-05 3.0996E-04 1.9703E-04 5.9280E-04 1.0740E-03 2.9306E-03 2.2216E-02 1.6915E-03 8.1335E-05 3.7286E-05 2.7724E-04 7.2978E-04 2.0159E-04 5.4401E-05 0
 0 4.8039E-05 2.6264E-04 3.6524E-04 1.1192E-03 4.6963E-04 2.2854E-03 1.5696E-05 8.4118E-05 1.7339E-04 1.0447E-04 3.8149E-04 2.3205E-04 6.3549E-04 1.1189E-03 2.7362E-03 2.2144E-02 1.9302E-03 2.3922E-05 2.4857E-05 2.1853E-04 7.4803E-04 2.1180E-04 6.1396E-05 0
 0 4.2657E-05 2.6949E-04 4.0253E-04 1.0309E-03 4.7689E-04 2.2711E-03 3.1392E-06 2.0059E-04 1.0337E-04 5.7638E-05 2.7817E-04 2.4081E-04 5.5486E-04 1.2438E-03 2.6748E-03 2.1357E-02 1.7270E-03 5.7413E-05 2.9000E-05 1.9244E-04 6.4540E-04 2.2711E-04 4.9350E-05 0
 0 4.0863E-05 2.0229E-04 4.1539E-04 1.0441E-03 3.8732E-04 2.2539E-03 1.2557E-05 1.4235E-04 1.6673E-04 7.5650E-05 2.4638E-04 3.1524E-04 5.6435E-04 1.0540E-03 2.9101E-03 2.1568E-02 1.8591E-03 5.2628E-05 4.1429E-06 1.8592E-04 7.6171E-04 2.1053E-04 5.4013E-05 0
 0 3.7674E-05 2.5235E-04 3.8453E-04 9.9151E-04 3.8732E-04 2.1911E-03 1.8835E-05 1.2294E-04 1.1004E-04 7.5650E-05 2.1061E-04 2.5394E-04 4.9321E-04 1.2138E-03 2.4549E-03 2.1280E-02 1.5645E-03 1.4353E-05 1.6572E-05 1.9244E-04 6.4768E-04 2.1946E-04 5.3624E-05 0
 0 3.8073E-05 2.5647E-04 3.9739E-04 9.5583E-04 4.1637E-04 2.0682E-03 3.1392E-06 1.5206E-04 8.3363E-05 1.1528E-04 2.6227E-04 1.9265E-04 4.1733E-04 8.3918E-04 2.9306E-03 2.1723E-02 1.6712E-03 4.7844E-05 8.2858E-06 1.7287E-04 6.3628E-04 2.1435E-04 6.4504E-05 0
 0 3.7873E-05 2.3384E-04 4.4240E-04 1.0309E-03 3.5101E-04 1.9883E-03 3.1392E-06 1.4235E-04 7.3359E-05 5.0434E-05 3.2983E-04 1.2259E-04 3.2723E-04 8.3419E-04 2.6084E-03 2.0869E-02 1.3969E-03 1.9138E-05 2.4857E-05 1.7613E-04 6.6365E-04 2.0032E-04 4.7407E-05 0
 0 3.2292E-05 2.4275E-04 3.3180E-04 1.0103E-03 4.0185E-04 1.9111E-03 9.4177E-06 1.1324E-04 1.3671E-04 5.7638E-05 2.9406E-04 1.4886E-04 5.2641E-04 1.0440E-03 2.4038E-03 2.0941E-02 1.3207E-03 2.8706E-05 0.0000E+00 1.9896E-04 7.2066E-04 2.2328E-04 6.1784E-05 0
 0 3.7674E-05 2.3384E-04 4.1025E-04 1.0234E-03 3.7038E-04 1.7654E-03 3.1392E-06 1.0353E-04 1.0337E-04 6.8446E-05 2.6227E-04 1.8389E-04 4.5527E-04 9.2410E-04 2.4293E-03 2.0910E-02 1.2547E-03 2.3922E-05 2.0714E-05 1.5982E-04 6.7733E-04 2.2584E-04 5.3624E-05 0
 0 4.1661E-05 2.3795E-04 3.8967E-04 9.2767E-04 4.4058E-04 1.8597E-03 9.4177E-06 9.3824E-05 9.0032E-05 5.4036E-05 2.9406E-04 1.8827E-04 3.9836E-04 9.6906E-04 2.1787E-03 2.0833E-02 1.3308E-03 3.3491E-05 0.0000E+00 2.0549E-04 6.5909E-04 2.5646E-04 4.8184E-05 0
 0 3.4684E-05 2.1326E-04 4.2440E-04 9.8025E-04 3.5585E-04 1.9940E-03 6.2785E-06 1.5206E-04 1.1004E-04 5.0434E-05 2.3446E-04 1.5324E-04 4.0785E-04 9.7905E-04 2.3577E-03 1.9763E-02 1.2648E-03 1.4353E-05 1.6572E-05 1.6961E-04 6.8645E-04 1.9904E-04 4.8184E-05 0
 0 3.8671E-05 2.7361E-04 3.5495E-04 9.6710E-04 2.7112E-04 1.9311E-03 0.0000E+00 1.1324E-04 9.0032E-05 7.5650E-05 2.5830E-04 2.3205E-04 3.4145E-04 8.9413E-04 2.5316E-03 1.9866E-02 1.5239E-03 9.5688E-06 0.0000E+00 1.6961E-04 6.1804E-04 2.2966E-04 4.3132E-05 0
 0 3.7873E-05 2.1669E-04 3.2923E-04 9.9902E-04 3.4617E-04 1.6969E-03 3.1392E-06 1.1971E-04 1.1337E-04 7.9253E-05 1.6293E-04 2.2767E-04 4.6476E-04 8.6416E-04 2.3577E-03 1.9598E-02 1.4426E-03 1.9138E-05 1.2429E-05 1.8265E-04 5.7242E-04 1.9139E-04 3.8469E-05 0
 0 4.3255E-05 2.4549E-04 3.5238E-04 8.8072E-04 3.3649E-04 1.6683E-03 6.2785E-06 1.1324E-04 1.2338E-04 1.2969E-04 2.0664E-04 1.6638E-04 3.3671E-04 8.6416E-04 2.3066E-03 1.9665E-02 1.4832E-03 9.5688E-06 1.6572E-05 1.9244E-04 6.6593E-04 2.2839E-04 4.6630E-05 0
 0 3.8471E-05 2.4207E-04 3.9482E-04 8.9762E-04 3.6311E-04 1.7169E-03 9.4177E-06 1.0677E-04 5.3352E-05 8.2855E-05 2.5830E-04 1.7513E-04 3.3197E-04 8.0422E-04 2.4089E-03 1.9742E-02 1.3004E-03 4.7844E-06 0.0000E+00 1.4351E-04 6.3400E-04 2.1180E-04 4.8184E-05 0
 0 3.9667E-05 2.3658E-04 3.5109E-04 9.5396E-04 3.1470E-04 1.8768E-03 3.1392E-06 1.0353E-04 1.0670E-04 7.2048E-05 1.7088E-04 2.0578E-04 3.2723E-04 8.2420E-04 2.1123E-03 1.9084E-02 1.5086E-03 9.5688E-06 1.6572E-05 1.2721E-04 7.4347E-04 2.2711E-04 4.8184E-05 0
 0 3.5083E-05 2.3658E-04 3.5366E-04 8.9199E-04 3.4133E-04 1.6826E-03 3.1392E-06 1.1000E-04 1.1004E-04 4.6831E-05 1.6690E-04 1.0946E-04 2.9877E-04 8.8414E-04 2.2759E-03 1.8965E-02 1.3715E-03 2.3922E-05 0.0000E+00 7.8280E-05 6.7733E-04 2.0159E-04 4.1967E-05 0
 0 3.7475E-05 2.1601E-04 3.8324E-04 9.5020E-04 2.7839E-04 1.6255E-03 0.0000E+00 8.7353E-05 8.0028E-05 3.9626E-05 2.7420E-04 1.3135E-04 4.1733E-04 7.9922E-04 2.1787E-03 1.7968E-02 1.2800E-03 1.9138E-05 4.1429E-06 1.5656E-04 6.2488E-04 2.2073E-04 4.8572E-05 0
 0 3.3089E-05 2.1944E-04 3.0994E-04 9.0325E-04 2.7112E-04 1.6797E-03 3.1392E-06 8.0883E-05 8.0028E-05 6.8446E-05 2.0267E-04 1.0070E-04 3.5568E-04 8.6416E-04 2.0202E-03 1.8194E-02 1.0362E-03 3.8275E-05 1.2429E-05 1.7939E-04 5.3821E-04 1.7735E-04 4.7407E-05 0
 0 3.9269E-05 2.4618E-04 3.9353E-04 9.2203E-04 3.6069E-04 1.6740E-03 3.1392E-06 9.3824E-05 6.3356E-05 5.4036E-05 1.7485E-04 1.4886E-04 3.1300E-04 7.3428E-04 1.9384E-03 1.8466E-02 1.4274E-03 2.8706E-05 0.0000E+00 1.6635E-04 5.9523E-04 2.2328E-04 5.6344E-05 0
 0 4.1262E-05 2.5235E-04 3.5623E-04 8.9386E-04 2.7597E-04 1.7083E-03 0.0000E+00 9.3824E-05 7.6694E-05 5.0434E-05 1.7882E-04 1.6638E-04 2.9403E-04 7.7924E-04 1.9793E-03 1.7757E-02 1.1835E-03 2.8706E-05 0.0000E+00 1.2721E-04 6.4312E-04 1.9266E-04 4.1578E-05 0
 0 3.5282E-05 2.2286E-04 3.4595E-04 8.9950E-04 2.4934E-04 1.6226E-03 0.0000E+00 7.4412E-05 6.3356E-05 6.4843E-05 2.1856E-04 1.3573E-04 3.0352E-04 8.2420E-04 2.1890E-03 1.7793E-02 1.3156E-03 5.7413E-05 0.0000E+00 1.1742E-04 5.9979E-04 1.7608E-04 4.7407E-05 0
 0 3.6079E-05 2.1121E-04 3.5881E-04 9.0513E-04 2.7355E-04 1.5826E-03 0.0000E+00 6.1471E-05 8.0028E-05 3.6024E-05 1.9869E-04 1.1822E-04 3.2249E-04 7.1930E-04 1.7287E-03 1.7710E-02 1.1277E-03 1.4353E-05 0.0000E+00 1.1090E-04 5.4050E-04 2.1818E-04 4.9350E-05 0
 0 3.0299E-05 2.2835E-04 3.1894E-04 8.9011E-04 2.7597E-04 1.7512E-03 1.2557E-05 7.7647E-05 6.3356E-05 4.6831E-05 2.1061E-04 1.6200E-04 2.2764E-04 8.0921E-04 1.6264E-03 1.6949E-02 1.0108E-03 0.0000E+00 4.1429E-06 1.2068E-04 6.5224E-04 1.8118E-04 4.5075E-05 0
 0 2.9701E-05 2.1189E-04 3.8196E-04 8.2251E-04 2.4934E-04 1.5112E-03 0.0000E+00 4.2059E-05 6.6690E-05 6.4843E-05 2.3446E-04 1.3135E-04 2.3238E-04 7.1930E-04 1.6878E-03 1.7330E-02 1.0616E-03 4.7844E-06 0.0000E+00 9.7850E-05 5.7014E-04 1.8373E-04 5.2458E-05 0
 0 3.3089E-05 2.3795E-04 3.0093E-04 8.5067E-04 2.6628E-04 1.5712E-03 0.0000E+00 6.4706E-05 6.6690E-05 4.3229E-05 1.8677E-04 1.0508E-04 3.1774E-04 6.2439E-04 1.6468E-03 1.6548E-02 1.1023E-03 1.9138E-05 0.0000E+00 1.0437E-04 6.1575E-04 1.9011E-04 4.6241E-05 0
 0 3.7275E-05 2.1601E-04 3.4080E-04 7.9434E-04 2.4450E-04 1.5083E-03 1.5696E-05 5.1765E-05 4.6683E-05 1.8012E-05 9.5372E-05 1.3135E-04 2.8455E-04 6.2939E-04 2.1634E-03 1.6141E-02 9.2956E-04 2.3922E-05 8.2858E-06 1.5656E-04 5.3137E-04 1.9521E-04 5.0127E-05 0
 0 3.9667E-05 2.0915E-04 2.7907E-04 8.9950E-04 2.9291E-04 1.2684E-03 3.1392E-06 7.1177E-05 4.3349E-05 3.6024E-05 1.1127E-04 7.0054E-05 2.0392E-04 6.9932E-04 1.7287E-03 1.5982E-02 1.0972E-03 4.7844E-06 8.2858E-06 1.1742E-04 6.2032E-04 1.8373E-04 3.8469E-05 0
 0 2.8704E-05 2.2492E-04 3.1251E-04 7.9809E-04 2.5660E-04 1.5512E-03 3.1392E-06 7.1177E-05 6.6690E-05 1.8012E-05 1.4703E-04 1.1384E-04 2.0867E-04 5.4447E-04 1.9486E-03 1.5838E-02 9.9051E-04 9.5688E-06 0.0000E+00 1.4351E-04 5.8383E-04 1.5056E-04 5.2070E-05 0
 0 3.3089E-05 2.1395E-04 3.5238E-04 8.1875E-04 2.4934E-04 1.4598E-03 6.2785E-06 6.4706E-05 3.0011E-05 3.6024E-05 1.2716E-04 8.7567E-05 1.3753E-04 6.5436E-04 1.6520E-03 1.5308E-02 9.9051E-04 2.8706E-05 8.2858E-06 1.0111E-04 5.9523E-04 1.7097E-04 4.4298E-05 0
 0 2.9302E-05 2.0778E-04 3.3566E-04 7.4364E-04 1.9850E-04 1.4712E-03 0.0000E+00 3.8824E-05 7.6694E-05 3.6024E-05 1.1524E-04 9.1946E-05 2.4661E-04 6.9432E-04 1.8616E-03 1.5601E-02 1.0312E-03 2.3922E-05 8.2858E-06 1.0437E-04 5.5646E-04 2.0925E-04 4.1189E-05 0
 0 3.9867E-05 2.1395E-04 3.6781E-04 7.7744E-04 2.1061E-04 1.4341E-03 0.0000E+00 4.5294E-05 4.3349E-05 2.8819E-05 1.5101E-04 9.1946E-05 1.6599E-04 5.6445E-04 1.6213E-03 1.4814E-02 9.4480E-04 4.7844E-06 0.0000E+00 5.2187E-05 5.0401E-04 2.2073E-04 4.4298E-05 0
 0 3.4086E-05 2.0229E-04 2.7650E-04 8.1687E-04 1.8882E-04 1.4455E-03 0.0000E+00 8.0883E-05 2.3342E-05 3.6024E-05 1.0332E-04 1.2697E-04 2.0867E-04 6.5936E-04 1.4627E-03 1.5411E-02 1.0819E-03 0.0000E+00 0.0000E+00 1.2394E-04 4.8576E-04 1.8501E-04 5.0515E-05 0
 0 3.4684E-05 2.2972E-04 3.4980E-04 8.0748E-04 2.4450E-04 1.2912E-03 0.0000E+00 3.5588E-05 5.0018E-05 3.6024E-05 1.3908E-04 1.0946E-04 2.1815E-04 6.2439E-04 1.5701E-03 1.5334E-02 9.5496E-04 1.9138E-05 0.0000E+00 6.1972E-05 6.0891E-04 1.9649E-04 3.6915E-05 0
 0 3.4684E-05 2.0504E-04 3.4080E-04 7.6805E-04 1.7187E-04 1.3284E-03 0.0000E+00 5.1765E-05 4.0014E-05 3.6024E-05 7.9477E-05 1.4449E-04 2.0867E-04 6.1440E-04 1.7594E-03 1.4583E-02 8.3813E-04 3.3491E-05 1.6572E-05 9.7850E-05 4.9945E-04 1.7863E-04 5.2458E-05 0
 0 4.3056E-05 2.1464E-04 3.2666E-04 7.5678E-04 1.8398E-04 1.2512E-03 3.1392E-06 7.7647E-05 2.6676E-05 2.5217E-05 8.3451E-05 9.1946E-05 1.5650E-04 4.9951E-04 1.4730E-03 1.4701E-02 8.0765E-04 4.7844E-06 0.0000E+00 7.5019E-05 4.7892E-04 1.6204E-04 4.6241E-05 0
 0 3.7475E-05 2.1121E-04 3.1765E-04 7.4551E-04 2.1303E-04 1.3398E-03 3.1392E-06 4.2059E-05 4.0014E-05 3.6024E-06 9.1398E-05 4.8162E-05 2.1815E-04 5.6945E-04 1.5752E-03 1.4192E-02 8.8892E-04 0.0000E+00 0.0000E+00 5.8710E-05 5.1997E-04 1.4928E-04 4.1967E-05 0
 0 3.1694E-05 2.2492E-04 3.3566E-04 7.0796E-04 1.8640E-04 1.1770E-03 0.0000E+00 3.5588E-05 4.6683E-05 2.8819E-05 1.5895E-04 1.2259E-04 1.7547E-04 3.9961E-04 1.3758E-03 1.4068E-02 7.7209E-04 0.0000E+00 0.0000E+00 1.0764E-04 5.3137E-04 2.1563E-04 4.8572E-05 0
 0 3.5681E-05 2.2561E-04 3.2537E-04 7.7744E-04 1.9608E-04 1.3169E-03 3.1392E-06 3.5588E-05 5.0018E-05 7.2048E-06 9.9346E-05 5.6919E-05 1.4227E-04 4.3957E-04 1.5241E-03 1.4017E-02 8.3813E-04 0.0000E+00 1.6572E-05 9.4589E-05 4.8804E-04 1.5694E-04 4.7795E-05 0
 0 3.5083E-05 2.0229E-04 3.5881E-04 7.1922E-04 1.6219E-04 1.3141E-03 3.1392E-06 5.5000E-05 1.6673E-05 2.8819E-05 1.5895E-04 7.8810E-05 1.5650E-04 4.2958E-04 1.3604E-03 1.3580E-02 7.4162E-04 4.7844E-06 4.1429E-06 6.5234E-05 4.3331E-04 1.5821E-04 4.4298E-05 0
 0 3.4285E-05 2.2629E-04 2.8293E-04 7.7368E-04 1.2588E-04 1.2741E-03 0.0000E+00 2.5882E-05 1.3338E-05 2.5217E-05 7.5503E-05 6.1297E-05 1.7547E-04 4.3957E-04 1.6571E-03 1.3467E-02 7.5177E-04 0.0000E+00 0.0000E+00 6.1972E-05 4.4699E-04 1.7352E-04 4.1189E-05 0
 0 3.3488E-05 2.1052E-04 3.1122E-04 6.1782E-04 1.8156E-04 1.1370E-03 0.0000E+00 2.9118E-05 6.0021E-05 5.4036E-05 1.3114E-04 3.0649E-05 1.2330E-04 3.8962E-04 1.3911E-03 1.3328E-02 7.9749E-04 9.5688E-06 4.1429E-06 9.4589E-05 4.4699E-04 2.1180E-04 4.2355E-05 0
 0 2.9900E-05 1.8446E-04 2.8679E-04 6.4974E-04 1.3556E-04 1.0798E-03 0.0000E+00 3.8824E-05 3.6680E-05 2.8819E-05 5.9608E-05 6.1297E-05 2.1815E-04 4.8453E-04 1.3809E-03 1.2947E-02 7.6701E-04 0.0000E+00 1.2429E-05 9.7850E-05 5.0173E-04 1.6459E-04 3.8858E-05 0
 0 3.0299E-05 2.1464E-04 2.8036E-04 7.2486E-04 1.9850E-04 1.1227E-03 0.0000E+00 2.2647E-05 3.3345E-05 1.0807E-05 8.7424E-05 1.0508E-04 2.1341E-04 5.4447E-04 1.3911E-03 1.3184E-02 7.3146E-04 0.0000E+00 1.2429E-05 7.1757E-05 5.0173E-04 1.7990E-04 5.2847E-05 0
 0 3.3488E-05 2.0846E-04 3.0351E-04 7.1359E-04 1.0893E-04 1.1770E-03 0.0000E+00 3.5588E-05 2.3342E-05 2.5217E-05 1.1922E-04 8.3189E-05 1.9444E-04 5.5945E-04 1.2326E-03 1.2927E-02 7.1114E-04 4.7844E-06 0.0000E+00 8.1542E-05 4.4471E-04 1.7735E-04 4.3132E-05 0
 0 3.7475E-05 2.2218E-04 3.1637E-04 7.0044E-04 1.5735E-04 1.1684E-03 0.0000E+00 1.6177E-05 2.3342E-05 1.0807E-05 8.7424E-05 6.1297E-05 1.4702E-04 4.1460E-04 1.4474E-03 1.2263E-02 7.1622E-04 1.4353E-05 1.2429E-05 1.1090E-04 4.6068E-04 1.4163E-04 5.1293E-05 0
 0 2.6312E-05 1.8309E-04 3.2408E-04 6.7415E-04 1.5251E-04 1.1855E-03 0.0000E+00 3.5588E-05 2.3342E-05 1.4410E-05 1.1127E-04 4.3784E-06 1.3753E-04 4.6455E-04 1.2939E-03 1.2474E-02 7.8733E-04 1.4353E-05 4.1429E-06 4.8925E-05 5.1085E-04 1.5566E-04 4.6241E-05 0
 0 3.2292E-05 1.6252E-04 2.9322E-04 7.3988E-04 1.0167E-04 1.1455E-03 0.0000E+00 3.2353E-05 1.0004E-05 3.2422E-05 5.5634E-05 5.6919E-05 1.4702E-04 4.1959E-04 1.2326E-03 1.2212E-02 7.7717E-04 0.0000E+00 0.0000E+00 2.9355E-05 5.4962E-04 1.6842E-04 4.0801E-05 0
 0 3.0299E-05 1.7966E-04 2.2377E-04 6.1594E-04 1.1862E-04 9.6842E-04 0.0000E+00 3.2353E-05 4.0014E-05 2.8819E-05 8.3451E-05 3.5027E-05 1.4227E-04 3.5965E-04 1.2530E-03 1.1764E-02 6.4002E-04 0.0000E+00 4.1429E-06 8.1542E-05 4.4243E-04 1.7608E-04 3.8858E-05 0
 0 3.5083E-05 2.3109E-04 3.0351E-04 7.3988E-04 1.5251E-04 1.1627E-03 0.0000E+00 3.2353E-05 1.0004E-05 2.8819E-05 5.9608E-05 4.3784E-05 1.2330E-04 2.9471E-04 1.3707E-03 1.2011E-02 7.8733E-04 9.5688E-06 0.0000E+00 6.8495E-05 5.2909E-04 2.0670E-04 3.7692E-05 0
 0 3.1893E-05 1.8035E-04 2.5078E-04 5.7463E-04 1.5735E-04 1.1084E-03 0.0000E+00 5.1765E-05 2.6676E-05 0.0000E+00 1.1127E-04 3.5027E-05 1.4702E-04 5.2948E-04 1.0945E-03 1.1800E-02 6.7050E-04 0.0000E+00 2.0714E-05 7.8280E-05 4.8120E-04 1.5949E-04 4.1189E-05 0
 0 3.6279E-05 2.0024E-04 3.0737E-04 6.4974E-04 1.3314E-04 1.1027E-03 0.0000E+00 4.2059E-05 3.3345E-06 3.6024E-06 4.3712E-05 5.2540E-05 1.4227E-04 3.2968E-04 1.2991E-03 1.1605E-02 7.1114E-04 9.5688E-06 0.0000E+00 3.9140E-05 4.6296E-04 1.3142E-04 4.0801E-05 0
 0 3.4485E-05 2.0641E-04 2.6493E-04 6.5538E-04 7.0202E-05 8.8557E-04 0.0000E+00 2.5882E-05 6.6690E-06 1.0807E-05 7.5503E-05 3.5027E-05 1.8495E-04 2.8972E-04 1.0075E-03 1.1996E-02 5.0796E-04 0.0000E+00 4.1429E-06 6.8495E-05 4.6524E-04 1.5311E-04 3.4584E-05 0
 0 3.0299E-05 1.8995E-04 2.6750E-04 6.5162E-04 1.4040E-04 1.0284E-03 0.0000E+00 1.9412E-05 2.3342E-05 0.0000E+00 5.9608E-05 2.1892E-05 7.1136E-05 4.0461E-04 1.0229E-03 1.1404E-02 5.0288E-04 0.0000E+00 0.0000E+00 7.8280E-05 4.2191E-04 1.6204E-04 4.6630E-05 0
 0 3.7076E-05 2.1944E-04 2.6235E-04 5.9716E-04 1.5735E-04 1.0541E-03 0.0000E+00 1.6177E-05 4.3349E-05 2.5217E-05 7.1529E-05 5.2540E-05 1.3279E-04 5.5446E-04 9.1037E-04 1.0982E-02 6.6542E-04 0.0000E+00 0.0000E+00 6.1972E-05 4.6524E-04 1.4801E-04 4.2744E-05 0
 0 2.9501E-05 1.7966E-04 2.3406E-04 6.4974E-04 1.1862E-04 9.7699E-04 0.0000E+00 2.5882E-05 1.3338E-05 3.6024E-06 8.7424E-05 1.3135E-05 1.4227E-04 3.0470E-04 1.2530E-03 1.0442E-02 5.9939E-04 4.7844E-06 0.0000E+00 2.9355E-05 4.7664E-04 1.8246E-04 4.5464E-05 0
 0 3.6877E-05 1.6252E-04 2.4692E-04 5.5021E-04 8.9568E-05 9.1129E-04 0.0000E+00 4.5294E-05 1.3338E-05 7.2048E-06 1.0332E-04 3.9405E-05 1.6599E-04 3.6964E-04 1.1201E-03 9.9482E-03 6.2987E-04 4.7844E-06 0.0000E+00 5.8710E-05 4.3103E-04 1.4673E-04 3.6915E-05 0
 0 2.8903E-05 2.0778E-04 2.4178E-04 5.8214E-04 1.5735E-04 8.2844E-04 0.0000E+00 1.9412E-05 1.3338E-05 7.2048E-06 9.5372E-05 1.3135E-05 1.1856E-04 2.4976E-04 1.2019E-03 1.0730E-02 5.4351E-04 0.0000E+00 0.0000E+00 1.6308E-05 4.7664E-04 1.6459E-04 3.5749E-05 0
 0 2.9302E-05 2.0298E-04 2.8679E-04 6.5538E-04 9.4409E-05 8.9700E-04 0.0000E+00 1.6177E-05 3.3345E-06 7.2048E-06 3.5765E-05 3.9405E-05 8.5364E-05 2.5475E-04 1.0331E-03 9.9225E-03 6.0955E-04 0.0000E+00 0.0000E+00 7.1757E-05 4.5839E-04 1.3014E-04 3.8469E-05 0
 0 3.1694E-05 2.0984E-04 2.5078E-04 5.8777E-04 1.1135E-04 1.0256E-03 0.0000E+00 1.9412E-05 1.3338E-05 3.6024E-06 6.7555E-05 5.6919E-05 5.2167E-05 2.9971E-04 1.0945E-03 9.7528E-03 4.9780E-04 4.7844E-06 0.0000E+00 6.1972E-05 3.5577E-04 1.7863E-04 3.5361E-05 0
 0 2.7508E-05 1.7006E-04 2.4306E-04 5.7463E-04 8.9568E-05 8.1701E-04 0.0000E+00 9.7059E-06 1.0004E-05 0.0000E+00 6.3581E-05 5.6919E-05 1.2330E-04 3.2468E-04 9.7685E-04 9.9585E-03 5.6383E-04 4.7844E-06 0.0000E+00 4.8925E-05 4.4699E-04 1.8373E-04 4.1189E-05 0
 0 2.7907E-05 1.8858E-04 2.7007E-04 6.6101E-04 1.4525E-04 8.0844E-04 0.0000E+00 1.2941E-05 1.3338E-05 3.6024E-06 6.7555E-05 3.9405E-05 6.6394E-05 3.0470E-04 8.9502E-04 9.8968E-03 4.8256E-04 9.5688E-06 0.0000E+00 4.2402E-05 4.0366E-04 1.4801E-04 4.8572E-05 0
 0 2.9302E-05 1.8721E-04 2.5207E-04 6.4786E-04 5.0836E-05 9.7413E-04 0.0000E+00 9.7059E-06 6.6690E-06 2.1614E-05 5.9608E-05 4.3784E-05 1.7547E-04 2.1979E-04 1.0689E-03 9.8762E-03 4.8764E-04 0.0000E+00 0.0000E+00 2.2832E-05 4.2419E-04 1.7863E-04 4.5075E-05 0
 0 2.5913E-05 1.7761E-04 2.8293E-04 5.4646E-04 1.4767E-04 9.2271E-04 0.0000E+00 1.2941E-05 3.3345E-06 1.0807E-05 3.5765E-05 4.3784E-05 1.5176E-04 2.9971E-04 9.1548E-04 9.3670E-03 4.8764E-04 0.0000E+00 0.0000E+00 3.2617E-05 3.8770E-04 1.5183E-04 4.4298E-05 0
 0 2.7707E-05 2.3109E-04 2.7907E-04 6.3847E-04 1.0893E-04 8.4272E-04 0.0000E+00 2.5882E-05 1.3338E-05 1.4410E-05 7.5503E-05 4.3784E-05 1.3279E-04 3.1969E-04 1.0178E-03 9.7528E-03 4.4700E-04 0.0000E+00 0.0000E+00 5.5449E-05 3.5577E-04 1.7608E-04 4.2744E-05 0
 0 3.0897E-05 1.8515E-04 2.3920E-04 5.6524E-04 7.2623E-05 9.2843E-04 0.0000E+00 1.9412E-05 6.6690E-06 3.6024E-06 5.5634E-05 4.3784E-05 4.2682E-05 2.9471E-04 8.4388E-04 9.0429E-03 4.5716E-04 0.0000E+00 0.0000E+00 5.5449E-05 3.3524E-04 1.4035E-04 3.8081E-05 0
 0 3.2691E-05 1.8103E-04 2.7779E-04 5.4458E-04 1.4767E-04 8.6272E-04 0.0000E+00 2.9118E-05 2.0007E-05 3.6024E-06 7.1529E-05 7.8810E-05 7.1136E-05 3.1469E-04 9.2571E-04 9.0326E-03 4.3684E-04 0.0000E+00 0.0000E+00 5.2187E-05 4.1050E-04 1.3907E-04 3.4584E-05 0
 0 2.3322E-05 1.8652E-04 2.4306E-04 5.8026E-04 7.5043E-05 7.6559E-04 0.0000E+00 1.2941E-05 6.6690E-06 1.0807E-05 5.9608E-05 2.1892E-05 8.0621E-05 2.2478E-04 8.8479E-04 8.8886E-03 4.4700E-04 0.0000E+00 0.0000E+00 3.9140E-05 4.1734E-04 1.6076E-04 3.8858E-05 0
 0 2.7707E-05 2.0435E-04 2.4949E-04 5.5585E-04 8.9568E-05 7.2560E-04 0.0000E+00 2.2647E-05 3.6680E-05 2.1614E-05 4.7686E-05 3.0649E-05 1.5650E-04 3.4466E-04 8.5411E-04 8.9246E-03 5.0796E-04 0.0000E+00 0.0000E+00 2.2832E-05 4.1278E-04 1.2887E-04 2.9921E-05 0
 0 2.7309E-05 1.9818E-04 2.3020E-04 5.3331E-04 6.7781E-05 7.1703E-04 0.0000E+00 9.7059E-06 3.3345E-06 3.6024E-06 2.3843E-05 1.3135E-05 7.5879E-05 1.7483E-04 8.2342E-04 8.9555E-03 5.2319E-04 0.0000E+00 0.0000E+00 3.2617E-05 3.6033E-04 1.2632E-04 3.3806E-05 0
 0 3.0299E-05 2.0092E-04 2.5978E-04 4.5820E-04 9.1989E-05 8.2844E-04 0.0000E+00 1.2941E-05 1.0004E-05 7.2048E-06 6.3581E-05 6.5675E-05 8.5364E-05 2.6474E-04 1.0024E-03 7.9987E-03 4.9272E-04 0.0000E+00 0.0000E+00 4.2402E-05 3.9226E-04 1.6076E-04 4.2744E-05 0
 0 2.8106E-05 2.1875E-04 2.4563E-04 6.5725E-04 1.2104E-04 8.0273E-04 0.0000E+00 3.2353E-06 6.6690E-06 0.0000E+00 3.5765E-05 3.0649E-05 5.6909E-05 2.5475E-04 8.6945E-04 8.8577E-03 4.2160E-04 4.7844E-06 0.0000E+00 4.2402E-05 3.7401E-04 1.4673E-04 3.7304E-05 0
 0 2.9501E-05 1.8103E-04 2.0705E-04 5.6148E-04 5.0836E-05 7.2560E-04 0.0000E+00 2.2647E-05 1.6673E-05 7.2048E-06 9.1398E-05 8.7567E-06 6.6394E-05 2.1979E-04 7.1602E-04 7.8856E-03 4.2160E-04 0.0000E+00 0.0000E+00 6.5234E-06 3.3296E-04 1.4928E-04 4.3132E-05 0
 0 2.5315E-05 1.7349E-04 2.4435E-04 5.6899E-04 6.7781E-05 6.6561E-04 0.0000E+00 1.2941E-05 1.6673E-05 0.0000E+00 2.7817E-05 2.1892E-05 9.0106E-05 2.0480E-04 8.4388E-04 8.1633E-03 5.0796E-04 1.4353E-05 4.1429E-06 1.9570E-05 3.4893E-04 1.3014E-04 4.4298E-05 0
 0 3.5083E-05 1.9886E-04 2.4435E-04 5.1641E-04 8.7147E-05 7.5988E-04 0.0000E+00 1.6177E-05 6.6690E-06 0.0000E+00 3.5765E-05 1.7513E-05 4.2682E-05 2.1979E-04 1.0280E-03 7.7724E-03 4.1144E-04 0.0000E+00 0.0000E+00 1.9570E-05 3.6945E-04 1.5949E-04 4.1578E-05 0
 0 2.7109E-05 2.0709E-04 2.2120E-04 5.9341E-04 9.4409E-05 6.5418E-04 0.0000E+00 6.4706E-06 2.0007E-05 3.6024E-06 3.5765E-05 3.9405E-05 9.9591E-05 1.4985E-04 8.3365E-04 7.6026E-03 4.9272E-04 0.0000E+00 0.0000E+00 1.6308E-05 3.8314E-04 1.5694E-04 2.9532E-05 0
 0 2.9501E-05 1.9269E-04 2.4692E-04 5.6899E-04 5.3257E-05 6.3704E-04 0.0000E+00 9.7059E-06 1.0004E-05 0.0000E+00 1.1922E-05 1.7513E-05 3.7939E-05 2.0980E-04 7.8762E-04 7.6129E-03 4.5208E-04 0.0000E+00 0.0000E+00 1.9570E-05 3.2156E-04 1.4418E-04 4.7795E-05 0
 0 3.0099E-05 1.9886E-04 2.3920E-04 5.0139E-04 7.0202E-05 7.3988E-04 0.0000E+00 6.4706E-06 1.3338E-05 3.6024E-06 3.5765E-05 4.3784E-05 4.2682E-05 2.3477E-04 6.7510E-04 7.4380E-03 3.5557E-04 0.0000E+00 0.0000E+00 9.7850E-06 3.3981E-04 1.4163E-04 3.4972E-05 0
 0 2.6910E-05 1.9132E-04 2.4178E-04 5.1641E-04 7.5043E-05 6.8846E-04 0.0000E+00 9.7059E-06 6.6690E-06 3.6024E-06 1.5895E-05 3.0649E-05 3.7939E-05 1.8982E-04 7.9274E-04 7.1037E-03 3.5049E-04 0.0000E+00 0.0000E+00 6.5234E-05 3.4665E-04 1.0207E-04 3.5361E-05 0
 0 2.9900E-05 1.6252E-04 2.3792E-04 4.3942E-04 9.1989E-05 7.0560E-04 0.0000E+00 9.7059E-06 3.3345E-06 0.0000E+00 1.9869E-05 1.3135E-05 9.9591E-05 2.3477E-04 6.3419E-04 7.3712E-03 3.0985E-04 0.0000E+00 0.0000E+00 6.5234E-06 3.7401E-04 1.1738E-04 3.7304E-05 0
 0 3.1096E-05 1.7418E-04 2.5464E-04 4.6196E-04 4.1153E-05 6.3704E-04 0.0000E+00 3.2353E-06 3.3345E-06 7.2048E-06 3.1791E-05 6.1297E-05 3.3197E-05 2.5475E-04 6.6487E-04 7.2220E-03 4.4192E-04 0.0000E+00 0.0000E+00 2.6093E-05 3.5577E-04 1.4928E-04 3.3418E-05 0
 0 2.7309E-05 1.8446E-04 2.0963E-04 4.6947E-04 5.5677E-05 7.7416E-04 0.0000E+00 9.7059E-06 1.3338E-05 3.6024E-06 1.9869E-05 3.9405E-05 7.5879E-05 2.0980E-04 7.5693E-04 6.7642E-03 4.1652E-04 4.7844E-06 0.0000E+00 1.6308E-05 3.4893E-04 1.3907E-04 3.4195E-05 0
 0 2.6711E-05 1.6595E-04 2.4178E-04 4.5820E-04 6.7781E-05 6.9703E-04 0.0000E+00 1.9412E-05 6.6690E-06 0.0000E+00 3.1791E-05 2.6270E-05 5.6909E-05 2.0980E-04 6.0862E-04 6.8053E-03 3.5557E-04 0.0000E+00 0.0000E+00 2.9355E-05 3.4665E-04 1.1994E-04 3.1864E-05 0
 0 2.6910E-05 1.6663E-04 2.0320E-04 4.9763E-04 7.9885E-05 6.4847E-04 0.0000E+00 1.9412E-05 0.0000E+00 3.6024E-06 3.9738E-06 3.9405E-05 7.5879E-05 2.6974E-04 7.2625E-04 7.1551E-03 2.4382E-04 0.0000E+00 0.0000E+00 2.6093E-05 3.8542E-04 1.4928E-04 3.2252E-05 0
 0 2.9103E-05 1.6046E-04 1.8005E-04 5.1454E-04 5.0836E-05 6.3990E-04 0.0000E+00 1.6177E-05 1.0004E-05 0.0000E+00 3.1791E-05 1.3135E-05 4.2682E-05 1.4486E-04 7.0579E-04 7.0677E-03 1.9810E-04 0.0000E+00 0.0000E+00 1.6308E-05 2.8279E-04 1.4163E-04 4.0024E-05 0
 0 2.3123E-05 1.7829E-04 2.3920E-04 4.4130E-04 3.3891E-05 6.4847E-04 0.0000E+00 0.0000E+00 1.6673E-05 3.6024E-06 3.9738E-05 4.3784E-06 2.8455E-05 1.8982E-04 5.7282E-04 6.9082E-03 2.5906E-04 0.0000E+00 0.0000E+00 2.9355E-05 3.1472E-04 9.6969E-05 3.1086E-05 0
 0 3.0299E-05 1.6046E-04 2.1734E-04 4.4505E-04 7.9885E-05 5.1706E-04 0.0000E+00 0.0000E+00 0.0000E+00 0.0000E+00 2.3843E-05 8.7567E-06 9.0106E-05 1.8482E-04 7.1602E-04 6.6047E-03 2.7430E-04 0.0000E+00 0.0000E+00 1.9570E-05 3.6489E-04 1.5439E-04 3.7304E-05 0
 0 3.1096E-05 1.4126E-04 2.3149E-04 4.2815E-04 5.0836E-05 6.6847E-04 0.0000E+00 6.4706E-06 0.0000E+00 0.0000E+00 3.1791E-05 2.1892E-05 3.7939E-05 1.6484E-04 6.8533E-04 6.3527E-03 3.6065E-04 0.0000E+00 0.0000E+00 2.6093E-05 3.3752E-04 1.2504E-04 2.6423E-05 0
 0 2.9900E-05 1.9475E-04 1.9805E-04 4.0937E-04 7.5043E-05 6.5133E-04 0.0000E+00 0.0000E+00 0.0000E+00 7.2048E-06 4.3712E-05 4.3784E-06 8.0621E-05 9.4908E-05 5.8816E-04 6.2292E-03 2.7938E-04 0.0000E+00 0.0000E+00 3.2617E-05 3.1016E-04 1.3907E-04 4.0412E-05 0
 0 2.5515E-05 1.8583E-04 2.1477E-04 4.3942E-04 4.1153E-05 6.5990E-04 0.0000E+00 1.6177E-05 3.3345E-06 0.0000E+00 1.9869E-05 0.0000E+00 9.4849E-06 9.4908E-05 5.6770E-04 5.8794E-03 3.8097E-04 0.0000E+00 0.0000E+00 1.6308E-05 3.5121E-04 1.2121E-04 3.3418E-05 0
 0 2.7508E-05 1.5909E-04 2.2120E-04 4.9388E-04 3.6311E-05 6.6275E-04 0.0000E+00 9.7059E-06 1.0004E-05 0.0000E+00 2.7817E-05 8.7567E-06 6.1652E-05 1.7982E-04 6.2396E-04 5.8692E-03 2.5398E-04 0.0000E+00 0.0000E+00 9.7850E-06 3.4209E-04 1.0590E-04 3.1086E-05 0
 0 2.5913E-05 1.7623E-04 1.9934E-04 4.9012E-04 5.5677E-05 6.2562E-04 0.0000E+00 6.4706E-06 6.6690E-06 0.0000E+00 1.9869E-05 1.3135E-05 4.2682E-05 1.1489E-04 6.0350E-04 5.6222E-03 2.7430E-04 0.0000E+00 4.1429E-06 1.9570E-05 3.2156E-04 1.2759E-04 3.4584E-05 0
 0 3.2292E-05 1.6046E-04 2.1220E-04 4.1313E-04 6.7781E-05 5.9419E-04 0.0000E+00 0.0000E+00 0.0000E+00 0.0000E+00 3.5765E-05 1.3135E-05 2.8455E-05 1.0989E-04 6.4442E-04 5.3908E-03 2.4382E-04 0.0000E+00 0.0000E+00 9.7850E-06 2.9875E-04 1.4673E-04 2.9921E-05 0
 0 2.6113E-05 1.5703E-04 1.5690E-04 4.1501E-04 3.8732E-05 5.9991E-04 0.0000E+00 0.0000E+00 6.6690E-06 0.0000E+00 1.9869E-05 1.7513E-05 5.6909E-05 1.7982E-04 5.6770E-04 5.7817E-03 2.6414E-04 0.0000E+00 0.0000E+00 0.0000E+00 2.6911E-04 1.1228E-04 4.1967E-05 0
 0 3.0498E-05 1.5703E-04 1.8519E-04 4.0750E-04 3.6311E-05 5.3134E-04 0.0000E+00 3.2353E-06 3.3345E-06 0.0000E+00 2.3843E-05 8.7567E-06 3.7939E-05 1.7982E-04 6.1884E-04 5.4268E-03 2.5398E-04 0.0000E+00 0.0000E+00 1.6308E-05 3.5577E-04 1.0718E-04 3.3029E-05 0
 0 2.7707E-05 1.4675E-04 1.9934E-04 4.3754E-04 3.8732E-05 5.6848E-04 0.0000E+00 3.2353E-06 0.0000E+00 0.0000E+00 3.9738E-06 8.7567E-06 5.6909E-05 1.2987E-04 5.8816E-04 5.4114E-03 2.6922E-04 0.0000E+00 0.0000E+00 9.7850E-06 3.7401E-04 1.1228E-04 3.6527E-05 0
 0 2.7907E-05 1.4880E-04 2.1734E-04 4.6571E-04 3.6311E-05 6.0562E-04 0.0000E+00 1.2941E-05 3.3345E-06 0.0000E+00 3.5765E-05 8.7567E-06 4.2682E-05 1.4985E-04 5.5747E-04 5.1284E-03 2.0318E-04 0.0000E+00 0.0000E+00 9.7850E-06 2.8735E-04 1.2249E-04 3.7692E-05 0
 0 2.4717E-05 1.6801E-04 1.8005E-04 4.0562E-04 4.1153E-05 4.8564E-04 0.0000E+00 0.0000E+00 0.0000E+00 1.0807E-05 1.1922E-05 1.3135E-05 4.7424E-05 1.6484E-04 4.6541E-04 5.0358E-03 3.5557E-04 0.0000E+00 0.0000E+00 2.6093E-05 2.6911E-04 1.1100E-04 3.8469E-05 0
 0 2.4119E-05 1.5086E-04 2.0191E-04 4.8449E-04 1.2104E-05 4.8849E-04 0.0000E+00 0.0000E+00 0.0000E+00 0.0000E+00 7.9477E-06 5.6919E-05 1.4227E-05 8.4917E-05 5.6770E-04 5.4628E-03 2.8953E-04 0.0000E+00 0.0000E+00 9.7850E-06 2.7139E-04 1.2759E-04 3.6138E-05 0
 0 2.4518E-05 1.7555E-04 1.7876E-04 4.7886E-04 2.6628E-05 5.2563E-04 0.0000E+00 6.4706E-06 3.3345E-06 0.0000E+00 1.9869E-05 2.1892E-05 5.2167E-05 8.9912E-05 4.3473E-04 4.9690E-03 2.5906E-04 0.0000E+00 0.0000E+00 3.2617E-06 3.1472E-04 1.2887E-04 3.3029E-05 0
 0 2.5515E-05 1.3440E-04 2.3020E-04 3.6243E-04 3.3891E-05 5.1420E-04 0.0000E+00 6.4706E-06 3.3345E-06 0.0000E+00 2.7817E-05 1.3135E-05 1.4227E-05 1.2488E-04 6.0350E-04 5.0667E-03 3.2001E-04 0.0000E+00 4.1429E-06 9.7850E-06 3.3524E-04 1.6076E-04 2.9143E-05 0
 0 2.2525E-05 2.0709E-04 1.9934E-04 4.1876E-04 3.3891E-05 5.6563E-04 0.0000E+00 3.2353E-06 0.0000E+00 0.0000E+00 2.3843E-05 1.3135E-05 3.7939E-05 9.4908E-05 4.5518E-04 5.1027E-03 2.0826E-04 0.0000E+00 0.0000E+00 1.9570E-05 2.3946E-04 9.6969E-05 3.7692E-05 0
 0 2.2126E-05 1.7075E-04 1.9419E-04 3.8684E-04 4.5994E-05 4.3136E-04 0.0000E+00 6.4706E-06 3.3345E-06 0.0000E+00 1.5895E-05 4.3784E-06 1.4227E-05 1.1988E-04 5.7282E-04 4.5832E-03 2.2858E-04 0.0000E+00 0.0000E+00 1.3047E-05 3.1700E-04 1.0080E-04 4.0412E-05 0
 0 2.6312E-05 1.5086E-04 1.9291E-04 3.9811E-04 4.8415E-05 5.1420E-04 0.0000E+00 6.4706E-06 0.0000E+00 0.0000E+00 3.9738E-06 2.1892E-05 1.8970E-05 1.3487E-04 5.0121E-04 4.8095E-03 1.6763E-04 9.5688E-06 0.0000E+00 6.5234E-06 2.9419E-04 1.4545E-04 3.7692E-05 0
 0 2.3721E-05 1.4469E-04 2.0320E-04 4.2064E-04 3.3891E-05 4.7992E-04 0.0000E+00 3.2353E-06 0.0000E+00 3.6024E-06 1.1922E-05 4.3784E-06 3.3197E-05 1.5485E-04 5.8816E-04 4.5009E-03 2.3366E-04 0.0000E+00 0.0000E+00 9.7850E-06 2.5542E-04 1.0845E-04 2.9532E-05 0
 0 2.7109E-05 1.8309E-04 1.7362E-04 4.0937E-04 2.9049E-05 4.6850E-04 0.0000E+00 6.4706E-06 0.0000E+00 3.6024E-06 1.9869E-05 4.3784E-06 4.2682E-05 1.0989E-04 4.4495E-04 4.9381E-03 3.2001E-04 0.0000E+00 0.0000E+00 1.3047E-05 2.7595E-04 9.3142E-05 4.0801E-05 0
 0 2.9302E-05 1.5772E-04 1.8133E-04 3.3238E-04 5.8098E-05 4.8849E-04 0.0000E+00 0.0000E+00 0.0000E+00 0.0000E+00 2.7817E-05 8.7567E-06 1.4227E-05 9.9903E-05 5.2679E-04 4.4392E-03 3.4033E-04 0.0000E+00 0.0000E+00 2.2832E-05 2.9191E-04 1.0718E-04 2.7978E-05 0
 0 2.7707E-05 1.6595E-04 1.8005E-04 4.0562E-04 1.9366E-05 4.1708E-04 0.0000E+00 3.2353E-06 0.0000E+00 0.0000E+00 1.5895E-05 4.3784E-06 9.4849E-06 9.4908E-05 3.7335E-04 4.3414E-03 1.6763E-04 0.0000E+00 0.0000E+00 6.5234E-06 2.1893E-04 1.1228E-04 3.7304E-05 0
 0 2.7309E-05 1.7006E-04 1.8133E-04 3.8684E-04 5.5677E-05 3.8565E-04 0.0000E+00 9.7059E-06 0.0000E+00 0.0000E+00 1.5895E-05 4.3784E-06 2.8455E-05 8.4917E-05 4.4495E-04 4.3260E-03 2.2350E-04 0.0000E+00 0.0000E+00 1.3047E-05 2.6683E-04 1.1228E-04 2.9921E-05 0
 0 2.3721E-05 1.5909E-04 1.7876E-04 3.8121E-04 4.3574E-05 4.2279E-04 0.0000E+00 0.0000E+00 0.0000E+00 0.0000E+00 3.5765E-05 1.3135E-05 9.4849E-06 1.2488E-04 4.3473E-04 4.3723E-03 2.3366E-04 0.0000E+00 0.0000E+00 0.0000E+00 2.9191E-04 9.6969E-05 2.5258E-05 0
 0 2.2126E-05 1.7006E-04 2.2506E-04 4.0186E-04 1.4525E-05 4.7135E-04 0.0000E+00 0.0000E+00 0.0000E+00 0.0000E+00 0.0000E+00 4.3784E-06 1.8970E-05 1.0989E-04 5.2167E-04 4.0122E-03 1.7778E-04 0.0000E+00 0.0000E+00 1.6308E-05 2.4174E-04 9.5693E-05 2.4092E-05 0
 0 2.6910E-05 1.4880E-04 2.1091E-04 3.6243E-04 1.6945E-05 4.3993E-04 0.0000E+00 6.4706E-06 0.0000E+00 0.0000E+00 1.5895E-05 2.1892E-05 5.6909E-05 1.0989E-04 3.3755E-04 4.2591E-03 2.1334E-04 0.0000E+00 0.0000E+00 0.0000E+00 2.1437E-04 9.3142E-05 2.5258E-05 0
 0 2.3920E-05 1.5635E-04 2.1734E-04 4.6571E-04 1.2104E-05 4.3136E-04 0.0000E+00 2.5882E-05 6.6690E-06 1.0807E-05 1.1922E-05 1.7513E-05 1.4227E-05 1.3986E-04 3.7847E-04 4.3260E-03 2.0826E-04 0.0000E+00 0.0000E+00 3.2617E-06 1.8701E-04 1.1228E-04 2.9143E-05 0
 0 2.5315E-05 1.8309E-04 2.1734E-04 4.7886E-04 4.8415E-06 4.3136E-04 0.0000E+00 9.7059E-06 0.0000E+00 0.0000E+00 3.9738E-06 1.3135E-05 3.7939E-05 1.3487E-04 5.5236E-04 3.8579E-03 2.5906E-04 0.0000E+00 0.0000E+00 3.5878E-05 2.3262E-04 1.4035E-04 3.4195E-05 0
 0 2.7907E-05 1.6389E-04 1.8005E-04 3.7745E-04 2.4208E-05 3.7423E-04 0.0000E+00 3.2353E-06 0.0000E+00 0.0000E+00 3.9738E-06 2.6270E-05 2.3712E-05 1.0490E-04 4.3473E-04 3.9916E-03 1.3715E-04 0.0000E+00 0.0000E+00 1.6308E-05 2.3490E-04 9.6969E-05 3.4584E-05 0
 0 2.0930E-05 1.6663E-04 2.1220E-04 3.5867E-04 2.1787E-05 4.3136E-04 0.0000E+00 0.0000E+00 3.3345E-06 3.6024E-06 1.9869E-05 1.3135E-05 2.8455E-05 6.9932E-05 4.4495E-04 4.0328E-03 1.8794E-04 0.0000E+00 0.0000E+00 0.0000E+00 2.1209E-04 1.0590E-04 3.5749E-05 0
 0 2.1129E-05 1.8652E-04 1.8262E-04 4.2440E-04 3.1470E-05 3.6280E-04 0.0000E+00 9.7059E-06 0.0000E+00 0.0000E+00 3.9738E-06 1.3135E-05 2.3712E-05 1.0989E-04 5.4213E-04 3.6984E-03 2.0318E-04 0.0000E+00 0.0000E+00 6.5234E-06 2.5999E-04 1.1866E-04 3.2641E-05 0
 0 2.9900E-05 1.6046E-04 2.0705E-04 3.5492E-04 3.1470E-05 3.9137E-04 0.0000E+00 0.0000E+00 0.0000E+00 0.0000E+00 7.9477E-06 8.7567E-06 4.7424E-06 1.3986E-04 3.5801E-04 3.7242E-03 1.2191E-04 0.0000E+00 0.0000E+00 2.2832E-05 2.5086E-04 8.5486E-05 3.4972E-05 0
 0 2.0531E-05 1.6389E-04 1.8390E-04 3.8308E-04 3.3891E-05 3.9708E-04 0.0000E+00 0.0000E+00 0.0000E+00 3.6024E-06 1.5895E-05 0.0000E+00 1.4227E-05 8.9912E-05 4.1938E-04 3.3589E-03 2.1334E-04 0.0000E+00 0.0000E+00 9.7850E-06 2.7367E-04 1.1356E-04 4.1189E-05 0
 0 3.1096E-05 1.5909E-04 1.6333E-04 3.4928E-04 1.4525E-05 4.3422E-04 0.0000E+00 6.4706E-06 0.0000E+00 3.6024E-06 3.9738E-06 8.7567E-06 9.4849E-06 4.9951E-05 4.1427E-04 3.3487E-03 1.2699E-04 0.0000E+00 0.0000E+00 1.9570E-05 2.6683E-04 1.1228E-04 3.8469E-05 0
 0 3.2093E-05 1.4332E-04 1.5690E-04 3.6994E-04 2.6628E-05 3.8565E-04 0.0000E+00 0.0000E+00 0.0000E+00 0.0000E+00 2.3843E-05 4.3784E-06 1.8970E-05 1.1489E-04 3.3244E-04 3.5698E-03 2.4382E-04 0.0000E+00 0.0000E+00 9.7850E-06 2.4402E-04 1.1228E-04 2.8755E-05 0
 0 2.3721E-05 1.3852E-04 1.5561E-04 3.9060E-04 1.9366E-05 3.4852E-04 0.0000E+00 3.2353E-06 3.3345E-06 0.0000E+00 7.9477E-06 0.0000E+00 1.8970E-05 1.1489E-04 3.8870E-04 3.1583E-03 1.0159E-04 0.0000E+00 0.0000E+00 0.0000E+00 2.3490E-04 1.0718E-04 3.2252E-05 0
 0 2.3721E-05 1.7281E-04 1.5047E-04 3.4177E-04 2.6628E-05 3.8851E-04 0.0000E+00 0.0000E+00 0.0000E+00 3.6024E-06 0.0000E+00 8.7567E-06 1.4227E-05 7.4927E-05 4.6541E-04 3.3744E-03 1.1175E-04 0.0000E+00 0.0000E+00 9.7850E-06 2.1437E-04 9.6969E-05 3.2641E-05 0
 0 2.1927E-05 1.3920E-04 1.4532E-04 4.0374E-04 2.4208E-05 3.0281E-04 0.0000E+00 1.2941E-05 0.0000E+00 0.0000E+00 3.9738E-06 0.0000E+00 3.7939E-05 8.4917E-05 3.9381E-04 3.4978E-03 1.7778E-04 0.0000E+00 0.0000E+00 9.7850E-06 2.2350E-04 1.5439E-04 2.4869E-05 0
 0 2.3521E-05 1.5292E-04 1.5175E-04 3.5304E-04 9.6830E-06 3.3995E-04 0.0000E+00 6.4706E-06 0.0000E+00 0.0000E+00 0.0000E+00 0.0000E+00 2.8455E-05 9.4908E-05 3.6824E-04 3.1583E-03 6.6034E-05 0.0000E+00 0.0000E+00 3.2617E-06 1.9157E-04 1.0590E-04 3.0309E-05 0
 0 2.8903E-05 1.6869E-04 1.6076E-04 3.0609E-04 2.1787E-05 3.7708E-04 0.0000E+00 0.0000E+00 0.0000E+00 0.0000E+00 7.9477E-06 0.0000E+00 0.0000E+00 1.3986E-04 3.9892E-04 2.9474E-03 2.0826E-04 0.0000E+00 0.0000E+00 3.2617E-06 2.3490E-04 1.0080E-04 3.7692E-05 0
 0 2.3721E-05 1.4195E-04 1.6076E-04 3.6431E-04 3.6311E-05 2.9424E-04 0.0000E+00 9.7059E-06 0.0000E+00 0.0000E+00 1.1922E-05 8.7567E-06 9.4849E-06 2.9971E-05 4.9098E-04 3.3178E-03 1.7778E-04 0.0000E+00 0.0000E+00 2.2832E-05 2.2122E-04 9.3142E-05 3.6527E-05 0
 0 2.4917E-05 1.5703E-04 1.4404E-04 3.9060E-04 2.1787E-05 3.7994E-04 0.0000E+00 0.0000E+00 0.0000E+00 0.0000E+00 3.9738E-06 1.7513E-05 4.7424E-06 6.9932E-05 3.6312E-04 2.8909E-03 1.1683E-04 0.0000E+00 0.0000E+00 3.2617E-06 1.8473E-04 1.0718E-04 3.5361E-05 0
 0 2.4717E-05 1.4606E-04 1.8005E-04 3.8496E-04 9.6830E-06 2.6282E-04 0.0000E+00 0.0000E+00 0.0000E+00 0.0000E+00 0.0000E+00 8.7567E-06 4.7424E-06 7.4927E-05 3.3755E-04 2.9577E-03 1.9302E-04 0.0000E+00 8.2858E-06 3.2617E-06 2.2806E-04 7.7831E-05 3.3029E-05 0
 0 2.3521E-05 1.5978E-04 1.3503E-04 3.3426E-04 1.6945E-05 3.2852E-04 0.0000E+00 0.0000E+00 0.0000E+00 0.0000E+00 7.9477E-06 8.7567E-06 9.4849E-06 9.9903E-05 2.7106E-04 2.9577E-03 1.3715E-04 0.0000E+00 0.0000E+00 9.7850E-06 1.9613E-04 8.5486E-05 3.8081E-05 0
 0 2.4917E-05 1.7349E-04 1.4404E-04 3.1924E-04 9.6830E-06 3.2281E-04 0.0000E+00 0.0000E+00 0.0000E+00 0.0000E+00 3.9738E-06 4.3784E-06 2.8455E-05 8.9912E-05 2.9152E-04 2.7674E-03 1.3715E-04 0.0000E+00 0.0000E+00 2.6093E-05 1.9157E-04 8.2934E-05 2.9143E-05 0
 0 2.0133E-05 1.6938E-04 1.4018E-04 3.7370E-04 3.8732E-05 3.8565E-04 0.0000E+00 0.0000E+00 0.0000E+00 0.0000E+00 0.0000E+00 4.3784E-06 1.8970E-05 9.9903E-05 3.4778E-04 2.8960E-03 1.9302E-04 0.0000E+00 0.0000E+00 3.2617E-06 1.9385E-04 9.9521E-05 2.8366E-05 0
 0 2.4319E-05 1.4675E-04 1.6847E-04 3.3802E-04 2.1787E-05 3.3995E-04 0.0000E+00 0.0000E+00 0.0000E+00 0.0000E+00 0.0000E+00 4.3784E-06 4.7424E-06 9.9903E-05 2.6084E-04 2.7777E-03 1.5747E-04 0.0000E+00 0.0000E+00 3.2617E-06 2.1665E-04 8.6762E-05 2.8366E-05 0
 0 2.7508E-05 1.2138E-04 1.4790E-04 2.6102E-04 4.1153E-05 2.9138E-04 0.0000E+00 0.0000E+00 0.0000E+00 0.0000E+00 0.0000E+00 8.7567E-06 1.4227E-05 9.4908E-05 2.7618E-04 2.6594E-03 1.0159E-04 0.0000E+00 0.0000E+00 9.7850E-06 2.3490E-04 8.5486E-05 3.0309E-05 0
 0 2.2525E-05 1.3166E-04 1.7876E-04 3.1924E-04 3.8732E-05 3.9994E-04 0.0000E+00 0.0000E+00 0.0000E+00 3.6024E-06 0.0000E+00 4.3784E-06 0.0000E+00 8.4917E-05 2.6084E-04 2.7314E-03 1.3715E-04 0.0000E+00 0.0000E+00 3.2617E-06 2.0525E-04 7.7831E-05 2.7978E-05 0
 0 2.6910E-05 1.6458E-04 1.4790E-04 3.2112E-04 4.8415E-06 2.7139E-04 0.0000E+00 6.4706E-06 0.0000E+00 0.0000E+00 0.0000E+00 4.3784E-06 9.4849E-06 3.9961E-05 2.9664E-04 2.4999E-03 7.1114E-05 0.0000E+00 0.0000E+00 6.5234E-06 2.4402E-04 1.0718E-04 2.9532E-05 0
 0 1.8937E-05 1.6046E-04 1.5561E-04 2.7792E-04 1.6945E-05 2.3711E-04 0.0000E+00 0.0000E+00 0.0000E+00 0.0000E+00 0.0000E+00 4.3784E-06 4.7424E-06 5.4946E-05 2.2503E-04 2.4742E-03 1.4223E-04 0.0000E+00 0.0000E+00 0.0000E+00 2.0525E-04 1.0718E-04 3.3418E-05 0
 0 2.7309E-05 1.6595E-04 1.5690E-04 3.0797E-04 2.4208E-05 3.0567E-04 0.0000E+00 0.0000E+00 0.0000E+00 7.2048E-06 0.0000E+00 0.0000E+00 0.0000E+00 2.4976E-05 2.6595E-04 2.0524E-03 1.0667E-04 0.0000E+00 0.0000E+00 3.2617E-06 2.7139E-04 9.8245E-05 2.9532E-05 0
 0 2.3322E-05 1.3989E-04 1.7747E-04 2.7605E-04 1.6945E-05 3.1709E-04 0.0000E+00 0.0000E+00 0.0000E+00 0.0000E+00 3.9738E-06 4.3784E-06 4.7424E-06 5.4946E-05 3.4267E-04 2.4999E-03 1.1683E-04 0.0000E+00 0.0000E+00 3.2617E-06 1.9841E-04 8.6762E-05 3.5749E-05 0
 0 1.9734E-05 1.4263E-04 1.7233E-04 2.5539E-04 2.6628E-05 2.1711E-04 0.0000E+00 0.0000E+00 0.0000E+00 0.0000E+00 1.1922E-05 0.0000E+00 0.0000E+00 6.4937E-05 2.4549E-04 2.0833E-03 1.3207E-04 0.0000E+00 0.0000E+00 1.3047E-05 2.0069E-04 8.8038E-05 2.3315E-05 0
 0 2.0133E-05 1.4743E-04 1.2989E-04 3.1924E-04 2.1787E-05 3.1709E-04 0.0000E+00 0.0000E+00 0.0000E+00 1.0807E-05 0.0000E+00 4.3784E-06 0.0000E+00 1.4985E-05 2.7106E-04 2.2222E-03 9.6512E-05 0.0000E+00 0.0000E+00 0.0000E+00 1.7332E-04 8.2934E-05 2.4092E-05 0
 0 2.5315E-05 1.2892E-04 1.3889E-04 3.1360E-04 1.9366E-05 2.8853E-04 0.0000E+00 0.0000E+00 0.0000E+00 0.0000E+00 0.0000E+00 0.0000E+00 1.4227E-05 3.4966E-05 2.6084E-04 2.1038E-03 1.7270E-04 0.0000E+00 0.0000E+00 6.5234E-06 2.3718E-04 9.3142E-05 2.2538E-05 0
 0 2.3920E-05 1.4949E-04 1.5304E-04 3.2863E-04 7.2623E-06 2.9138E-04 0.0000E+00 0.0000E+00 0.0000E+00 0.0000E+00 0.0000E+00 0.0000E+00 9.4849E-06 2.9971E-05 3.3755E-04 2.3045E-03 7.6193E-05 0.0000E+00 0.0000E+00 3.2617E-06 2.2350E-04 1.3780E-04 2.9532E-05 0
 0 2.4917E-05 1.4263E-04 1.3118E-04 2.4600E-04 1.2104E-05 2.5139E-04 0.0000E+00 0.0000E+00 0.0000E+00 0.0000E+00 3.9738E-06 0.0000E+00 2.8455E-05 3.9961E-05 2.0458E-04 1.9495E-03 9.6512E-05 0.0000E+00 0.0000E+00 6.5234E-06 2.0297E-04 8.9314E-05 1.9429E-05 0
 0 2.6511E-05 1.3235E-04 1.3632E-04 2.4976E-04 4.8415E-06 3.1138E-04 0.0000E+00 0.0000E+00 0.0000E+00 0.0000E+00 0.0000E+00 8.7567E-06 0.0000E+00 2.4976E-05 2.6084E-04 1.9187E-03 8.6352E-05 0.0000E+00 0.0000E+00 1.9570E-05 2.4174E-04 7.9107E-05 2.7201E-05 0
 0 2.6910E-05 1.5155E-04 1.5690E-04 2.7792E-04 1.2104E-05 2.5425E-04 0.0000E+00 3.2353E-06 0.0000E+00 0.0000E+00 1.9869E-05 0.0000E+00 2.3712E-05 7.9922E-05 2.3015E-04 2.1861E-03 6.6034E-05 0.0000E+00 0.0000E+00 3.2617E-06 1.9613E-04 8.4210E-05 3.1086E-05 0
 0 2.4119E-05 1.3578E-04 1.2603E-04 2.7041E-04 1.2104E-05 2.6853E-04 0.0000E+00 3.2353E-06 0.0000E+00 0.0000E+00 3.9738E-06 8.7567E-06 4.7424E-06 4.4956E-05 2.6084E-04 1.8364E-03 1.8794E-04 0.0000E+00 0.0000E+00 0.0000E+00 1.2543E-04 9.6969E-05 3.0309E-05 0
 0 2.1727E-05 1.4880E-04 1.8519E-04 2.9107E-04 7.2623E-06 2.4282E-04 0.0000E+00 0.0000E+00 0.0000E+00 0.0000E+00 0.0000E+00 0.0000E+00 1.4227E-05 3.4966E-05 1.8923E-04 2.0010E-03 1.1175E-04 0.0000E+00 0.0000E+00 0.0000E+00 1.7104E-04 1.0207E-04 2.3315E-05 0
 0 2.5913E-05 1.4400E-04 1.6076E-04 2.7229E-04 2.1787E-05 2.9424E-04 0.0000E+00 0.0000E+00 0.0000E+00 0.0000E+00 0.0000E+00 0.0000E+00 9.4849E-06 4.9951E-05 3.3755E-04 1.9032E-03 8.1273E-05 0.0000E+00 0.0000E+00 3.2617E-06 1.9385E-04 9.9521E-05 2.9143E-05 0
 0 2.3123E-05 1.4949E-04 1.6719E-04 3.1736E-04 1.2104E-05 3.2281E-04 0.0000E+00 0.0000E+00 0.0000E+00 0.0000E+00 0.0000E+00 0.0000E+00 9.4849E-06 6.4937E-05 2.7618E-04 1.8621E-03 5.5875E-05 0.0000E+00 0.0000E+00 1.6308E-05 1.9613E-04 8.8038E-05 3.1475E-05 0
 0 2.3322E-05 1.5703E-04 1.4661E-04 2.6853E-04 2.4208E-06 2.5139E-04 0.0000E+00 0.0000E+00 0.0000E+00 0.0000E+00 3.9738E-06 1.3135E-05 1.4227E-05 4.4956E-05 2.9152E-04 1.8621E-03 1.3715E-04 0.0000E+00 0.0000E+00 3.2617E-06 1.8929E-04 8.5486E-05 3.1864E-05 0
 0 2.0731E-05 1.4606E-04 1.2603E-04 2.5539E-04 1.2104E-05 2.0568E-04 0.0000E+00 9.7059E-06 0.0000E+00 0.0000E+00 3.9738E-06 0.0000E+00 1.8970E-05 5.4946E-05 1.7900E-04 2.0215E-03 6.0955E-05 0.0000E+00 0.0000E+00 3.2617E-06 1.5280E-04 8.1658E-05 3.1086E-05 0
 0 2.7707E-05 1.6046E-04 1.3889E-04 3.0421E-04 2.1787E-05 2.6567E-04 0.0000E+00 0.0000E+00 0.0000E+00 0.0000E+00 0.0000E+00 4.3784E-06 0.0000E+00 6.4937E-05 2.4038E-04 1.7438E-03 6.0955E-05 0.0000E+00 0.0000E+00 6.5234E-06 1.8473E-04 8.2934E-05 3.1864E-05 0
 0 2.2325E-05 1.4058E-04 1.5947E-04 3.1173E-04 1.2104E-05 2.4568E-04 0.0000E+00 0.0000E+00 0.0000E+00 3.6024E-06 0.0000E+00 0.0000E+00 4.7424E-06 1.9981E-05 3.0687E-04 1.7335E-03 7.1114E-05 0.0000E+00 0.0000E+00 0.0000E+00 1.8473E-04 7.4003E-05 2.8366E-05 0
 0 2.2923E-05 1.3098E-04 1.3118E-04 2.3849E-04 1.2104E-05 2.4568E-04 0.0000E+00 0.0000E+00 0.0000E+00 0.0000E+00 0.0000E+00 0.0000E+00 1.8970E-05 3.4966E-05 2.2503E-04 1.7489E-03 6.0955E-05 0.0000E+00 0.0000E+00 6.5234E-06 2.3718E-04 8.4210E-05 2.4092E-05 0
 0 2.1329E-05 1.4812E-04 1.3375E-04 2.8919E-04 1.2104E-05 2.1425E-04 0.0000E+00 0.0000E+00 0.0000E+00 0.0000E+00 1.1922E-05 0.0000E+00 4.7424E-06 3.4966E-05 2.4549E-04 1.8827E-03 8.1273E-05 0.0000E+00 0.0000E+00 0.0000E+00 2.2806E-04 8.1658E-05 1.9818E-05 0
 0 2.1727E-05 1.3852E-04 1.4147E-04 2.6666E-04 4.8415E-06 2.5425E-04 0.0000E+00 0.0000E+00 0.0000E+00 0.0000E+00 0.0000E+00 4.3784E-06 9.4849E-06 3.9961E-05 1.5343E-04 1.4351E-03 1.2191E-04 0.0000E+00 0.0000E+00 3.2617E-06 1.3455E-04 8.8038E-05 3.3418E-05 0
 0 2.1927E-05 1.4400E-04 1.4918E-04 2.7792E-04 9.6830E-06 2.1425E-04 0.0000E+00 0.0000E+00 0.0000E+00 0.0000E+00 0.0000E+00 0.0000E+00 2.3712E-05 3.4966E-05 2.4549E-04 1.7952E-03 4.5716E-05 0.0000E+00 0.0000E+00 0.0000E+00 1.5964E-04 8.8038E-05 3.4195E-05 0
 0 2.2724E-05 1.3166E-04 1.7233E-04 2.9483E-04 0.0000E+00 2.5139E-04 0.0000E+00 0.0000E+00 0.0000E+00 0.0000E+00 7.9477E-06 0.0000E+00 1.8970E-05 1.4985E-05 2.4549E-04 1.7335E-03 1.1683E-04 0.0000E+00 0.0000E+00 6.5234E-06 1.5052E-04 8.2934E-05 3.1475E-05 0
 0 2.9103E-05 1.5086E-04 1.2346E-04 2.3661E-04 0.0000E+00 1.5712E-04 0.0000E+00 0.0000E+00 0.0000E+00 3.6024E-06 3.9738E-06 0.0000E+00 0.0000E+00 1.4985E-05 1.6878E-04 1.5740E-03 5.5875E-05 0.0000E+00 0.0000E+00 3.2617E-06 2.0069E-04 9.4418E-05 2.2149E-05 0
 0 2.2923E-05 1.4263E-04 1.2860E-04 2.7041E-04 4.8415E-06 1.7711E-04 0.0000E+00 0.0000E+00 0.0000E+00 0.0000E+00 0.0000E+00 0.0000E+00 4.7424E-06 4.9951E-06 2.1481E-04 1.3683E-03 8.6352E-05 0.0000E+00 0.0000E+00 0.0000E+00 1.6192E-04 8.9314E-05 2.9143E-05 0
 0 2.5116E-05 1.2618E-04 1.4275E-04 2.7041E-04 1.9366E-05 1.7997E-04 0.0000E+00 0.0000E+00 0.0000E+00 0.0000E+00 0.0000E+00 4.3784E-06 0.0000E+00 4.9951E-05 2.0969E-04 1.3580E-03 1.0667E-04 0.0000E+00 0.0000E+00 3.2617E-06 1.6648E-04 5.4864E-05 2.6035E-05 0
 0 2.3123E-05 1.4812E-04 1.7747E-04 1.9342E-04 7.2623E-06 1.8283E-04 0.0000E+00 0.0000E+00 0.0000E+00 0.0000E+00 0.0000E+00 0.0000E+00 4.7424E-06 2.9971E-05 1.8923E-04 1.5020E-03 1.1683E-04 0.0000E+00 0.0000E+00 3.2617E-06 1.5736E-04 7.2727E-05 3.0698E-05 0
 0 2.3721E-05 1.6252E-04 1.5690E-04 2.5351E-04 9.6830E-06 1.7997E-04 0.0000E+00 0.0000E+00 0.0000E+00 0.0000E+00 0.0000E+00 0.0000E+00 4.7424E-06 1.9981E-05 1.7389E-04 1.3065E-03 9.1432E-05 0.0000E+00 0.0000E+00 1.3047E-05 1.7332E-04 9.6969E-05 2.4092E-05 0
 0 1.8139E-05 1.2412E-04 8.7451E-05 2.2722E-04 4.8415E-06 1.9711E-04 0.0000E+00 0.0000E+00 0.0000E+00 0.0000E+00 0.0000E+00 0.0000E+00 0.0000E+00 5.9942E-05 2.5572E-04 1.5483E-03 7.6193E-05 0.0000E+00 0.0000E+00 6.5234E-06 1.5508E-04 5.7416E-05 3.1475E-05 0
 0 2.4319E-05 1.5635E-04 1.4275E-04 2.1032E-04 1.4525E-05 2.4568E-04 0.0000E+00 0.0000E+00 0.0000E+00 0.0000E+00 3.9738E-06 0.0000E+00 9.4849E-06 1.9981E-05 1.4832E-04 1.2808E-03 8.1273E-05 0.0000E+00 0.0000E+00 0.0000E+00 1.7332E-04 8.2934E-05 3.8081E-05 0
 0 2.1927E-05 1.3715E-04 1.5175E-04 2.1783E-04 9.6830E-06 1.9711E-04 0.0000E+00 0.0000E+00 0.0000E+00 0.0000E+00 0.0000E+00 0.0000E+00 4.7424E-06 5.4946E-05 2.1481E-04 1.3323E-03 8.6352E-05 0.0000E+00 0.0000E+00 0.0000E+00 1.6648E-04 8.9314E-05 3.1086E-05 0
 0 2.1927E-05 1.2755E-04 1.2732E-04 2.4412E-04 7.2623E-06 1.9711E-04 0.0000E+00 0.0000E+00 0.0000E+00 0.0000E+00 3.9738E-06 0.0000E+00 1.8970E-05 3.9961E-05 1.5343E-04 1.4300E-03 8.6352E-05 0.0000E+00 0.0000E+00 0.0000E+00 1.8245E-04 6.8899E-05 3.0698E-05 0
 0 2.4717E-05 1.2823E-04 1.3503E-04 3.0421E-04 1.2104E-05 2.5139E-04 0.0000E+00 0.0000E+00 0.0000E+00 0.0000E+00 0.0000E+00 0.0000E+00 9.4849E-06 3.4966E-05 1.4320E-04 1.2705E-03 7.1114E-05 0.0000E+00 0.0000E+00 0.0000E+00 1.6648E-04 8.8038E-05 2.2538E-05 0
 0 2.2325E-05 1.2823E-04 1.0031E-04 2.8356E-04 4.8415E-06 1.7711E-04 0.0000E+00 0.0000E+00 0.0000E+00 0.0000E+00 0.0000E+00 0.0000E+00 0.0000E+00 2.4976E-05 2.5572E-04 1.1471E-03 7.1114E-05 0.0000E+00 0.0000E+00 0.0000E+00 1.4824E-04 9.1866E-05 2.9921E-05 0
 0 2.3721E-05 1.4812E-04 1.4147E-04 2.5351E-04 7.2623E-06 2.0568E-04 0.0000E+00 0.0000E+00 0.0000E+00 0.0000E+00 7.9477E-06 0.0000E+00 4.7424E-06 4.9951E-05 2.0969E-04 1.2088E-03 8.1273E-05 0.0000E+00 0.0000E+00 3.2617E-06 1.4596E-04 5.8692E-05 2.8755E-05 0
 0 2.0930E-05 1.2755E-04 1.1574E-04 2.1595E-04 4.8415E-06 2.7424E-04 0.0000E+00 0.0000E+00 0.0000E+00 0.0000E+00 0.0000E+00 8.7567E-06 4.7424E-06 2.4976E-05 2.6084E-04 1.1419E-03 7.1114E-05 0.0000E+00 0.0000E+00 9.7850E-06 1.6192E-04 8.8038E-05 2.2926E-05 0
 0 2.0930E-05 1.3989E-04 1.3761E-04 2.0093E-04 4.8415E-06 1.4855E-04 0.0000E+00 0.0000E+00 0.0000E+00 0.0000E+00 0.0000E+00 0.0000E+00 0.0000E+00 2.4976E-05 1.8412E-04 1.2654E-03 6.0955E-05 0.0000E+00 0.0000E+00 0.0000E+00 1.8929E-04 8.8038E-05 1.9818E-05 0
 0 2.1927E-05 1.2960E-04 1.2475E-04 1.8215E-04 7.2623E-06 1.5997E-04 0.0000E+00 0.0000E+00 0.0000E+00 0.0000E+00 7.9477E-06 0.0000E+00 4.7424E-06 3.4966E-05 1.3297E-04 1.1419E-03 9.6512E-05 0.0000E+00 0.0000E+00 0.0000E+00 1.7560E-04 9.0590E-05 2.2926E-05 0
 0 2.3721E-05 1.2823E-04 1.1832E-04 2.4600E-04 1.9366E-05 1.8569E-04 0.0000E+00 0.0000E+00 0.0000E+00 0.0000E+00 3.9738E-06 0.0000E+00 0.0000E+00 2.9971E-05 1.5343E-04 1.2345E-03 6.0955E-05 0.0000E+00 0.0000E+00 6.5234E-06 1.3911E-04 1.0845E-04 3.1086E-05 0
 0 2.0531E-05 1.3509E-04 1.2217E-04 2.1032E-04 2.4208E-06 1.4569E-04 0.0000E+00 0.0000E+00 0.0000E+00 0.0000E+00 0.0000E+00 0.0000E+00 4.7424E-06 3.4966E-05 1.5343E-04 9.2075E-04 4.5716E-05 0.0000E+00 0.0000E+00 0.0000E+00 1.3227E-04 8.5486E-05 1.9429E-05 0
 0 1.9734E-05 1.4126E-04 1.3632E-04 2.6102E-04 9.6830E-06 1.7711E-04 0.0000E+00 0.0000E+00 0.0000E+00 0.0000E+00 0.0000E+00 0.0000E+00 9.4849E-06 3.9961E-05 1.7900E-04 1.0956E-03 6.6034E-05 0.0000E+00 0.0000E+00 3.2617E-06 1.3227E-04 7.9107E-05 2.2926E-05 0
 0 2.4518E-05 1.3029E-04 9.7740E-05 2.1408E-04 0.0000E+00 1.7140E-04 0.0000E+00 0.0000E+00 0.0000E+00 0.0000E+00 7.9477E-06 0.0000E+00 0.0000E+00 3.9961E-05 1.8412E-04 1.1677E-03 4.0636E-05 0.0000E+00 0.0000E+00 3.2617E-06 1.2087E-04 8.0382E-05 2.4481E-05 0
 0 1.6943E-05 1.2138E-04 1.1960E-04 2.2159E-04 0.0000E+00 1.5426E-04 0.0000E+00 0.0000E+00 0.0000E+00 0.0000E+00 0.0000E+00 0.0000E+00 0.0000E+00 2.9971E-05 1.8923E-04 1.1008E-03 1.5239E-05 0.0000E+00 0.0000E+00 0.0000E+00 1.2543E-04 8.1658E-05 3.0698E-05 0
 0 1.6943E-05 1.1040E-04 1.0288E-04 2.1595E-04 7.2623E-06 1.5712E-04 0.0000E+00 0.0000E+00 0.0000E+00 7.2048E-06 0.0000E+00 0.0000E+00 4.7424E-06 2.9971E-05 1.9435E-04 9.6190E-04 6.0955E-05 0.0000E+00 0.0000E+00 0.0000E+00 1.1859E-04 6.2520E-05 2.2926E-05 0
 0 1.8937E-05 1.4400E-04 1.1703E-04 2.3849E-04 0.0000E+00 1.6283E-04 0.0000E+00 0.0000E+00 0.0000E+00 0.0000E+00 0.0000E+00 0.0000E+00 0.0000E+00 1.4985E-05 2.6595E-04 8.9503E-04 4.5716E-05 0.0000E+00 0.0000E+00 3.2617E-06 1.4596E-04 7.4003E-05 1.8652E-05 0
 0 1.8339E-05 1.4812E-04 1.1703E-04 2.0844E-04 4.8415E-06 1.5712E-04 0.0000E+00 0.0000E+00 0.0000E+00 0.0000E+00 0.0000E+00 0.0000E+00 4.7424E-06 1.9981E-05 1.8412E-04 9.6190E-04 5.0796E-05 0.0000E+00 0.0000E+00 0.0000E+00 1.0491E-04 9.1866E-05 2.6812E-05 0
 0 2.5515E-05 1.3029E-04 1.1317E-04 2.1220E-04 7.2623E-06 2.0568E-04 0.0000E+00 0.0000E+00 0.0000E+00 0.0000E+00 0.0000E+00 0.0000E+00 4.7424E-06 1.4985E-05 2.0969E-04 1.0956E-03 9.1432E-05 0.0000E+00 0.0000E+00 0.0000E+00 1.3683E-04 9.6969E-05 3.6138E-05 0
 0 2.0133E-05 1.1932E-04 1.4275E-04 2.0844E-04 7.2623E-06 1.0284E-04 0.0000E+00 0.0000E+00 0.0000E+00 0.0000E+00 0.0000E+00 4.3784E-06 0.0000E+00 2.4976E-05 9.7174E-05 9.5162E-04 7.6193E-05 0.0000E+00 0.0000E+00 0.0000E+00 1.2771E-04 7.9107E-05 2.9532E-05 0
 0 2.2325E-05 1.5703E-04 1.0674E-04 2.1408E-04 0.0000E+00 1.1712E-04 0.0000E+00 0.0000E+00 0.0000E+00 0.0000E+00 0.0000E+00 0.0000E+00 0.0000E+00 4.9951E-05 1.5343E-04 9.9791E-04 7.6193E-05 0.0000E+00 0.0000E+00 3.2617E-06 1.1631E-04 7.0175E-05 2.7978E-05 0
 0 2.0930E-05 1.3235E-04 1.4790E-04 1.9154E-04 4.8415E-06 1.1712E-04 0.0000E+00 0.0000E+00 0.0000E+00 0.0000E+00 0.0000E+00 0.0000E+00 0.0000E+00 3.4966E-05 1.5343E-04 1.0288E-03 5.5875E-05 0.0000E+00 0.0000E+00 0.0000E+00 1.5052E-04 5.8692E-05 2.8366E-05 0
 0 1.7741E-05 1.2686E-04 1.0160E-04 1.8591E-04 4.8415E-06 1.5426E-04 0.0000E+00 0.0000E+00 0.0000E+00 0.0000E+00 3.9738E-06 0.0000E+00 0.0000E+00 9.9903E-06 1.5855E-04 1.1111E-03 5.5875E-05 0.0000E+00 0.0000E+00 0.0000E+00 1.6192E-04 7.6555E-05 2.6423E-05 0
 0 2.1727E-05 1.1520E-04 8.1021E-05 2.6853E-04 4.8415E-06 1.7711E-04 0.0000E+00 0.0000E+00 0.0000E+00 0.0000E+00 0.0000E+00 0.0000E+00 4.7424E-06 1.4985E-05 1.2786E-04 9.8762E-04 7.6193E-05 0.0000E+00 0.0000E+00 0.0000E+00 1.3227E-04 5.4864E-05 2.1372E-05 0
 0 1.8737E-05 1.4126E-04 1.1574E-04 2.2722E-04 0.0000E+00 1.5997E-04 0.0000E+00 0.0000E+00 0.0000E+00 0.0000E+00 0.0000E+00 4.3784E-06 0.0000E+00 4.9951E-06 1.8923E-04 7.7158E-04 5.5875E-05 0.0000E+00 0.0000E+00 0.0000E+00 1.7332E-04 8.4210E-05 2.5646E-05 0
 0 1.6146E-05 1.4675E-04 8.7451E-05 1.9342E-04 2.4208E-06 1.5712E-04 0.0000E+00 0.0000E+00 0.0000E+00 0.0000E+00 0.0000E+00 0.0000E+00 9.4849E-06 9.9903E-06 6.1373E-05 7.6644E-04 5.0796E-05 0.0000E+00 0.0000E+00 3.2617E-06 1.4596E-04 6.6347E-05 2.2538E-05 0
 0 1.9734E-05 1.3166E-04 1.3375E-04 2.1032E-04 0.0000E+00 1.3141E-04 0.0000E+00 0.0000E+00 0.0000E+00 0.0000E+00 0.0000E+00 0.0000E+00 4.7424E-06 2.9971E-05 1.3809E-04 8.4359E-04 2.5398E-05 0.0000E+00 0.0000E+00 0.0000E+00 1.3227E-04 4.8485E-05 2.7589E-05 0
 0 2.7109E-05 1.4606E-04 1.2732E-04 1.7276E-04 1.6945E-05 1.7140E-04 0.0000E+00 0.0000E+00 0.0000E+00 0.0000E+00 0.0000E+00 4.3784E-06 0.0000E+00 1.9981E-05 1.3809E-04 7.8701E-04 4.5716E-05 0.0000E+00 0.0000E+00 0.0000E+00 1.2999E-04 6.2520E-05 2.3703E-05 0
 0 2.1528E-05 1.1040E-04 1.2217E-04 2.1220E-04 0.0000E+00 1.2855E-04 0.0000E+00 0.0000E+00 0.0000E+00 0.0000E+00 3.9738E-06 0.0000E+00 0.0000E+00 9.9903E-06 1.2275E-04 8.4874E-04 4.5716E-05 0.0000E+00 0.0000E+00 0.0000E+00 1.2771E-04 4.2105E-05 2.9143E-05 0
 0 2.0731E-05 1.1589E-04 8.6165E-05 1.7840E-04 2.4208E-06 1.3712E-04 0.0000E+00 0.0000E+00 0.0000E+00 0.0000E+00 0.0000E+00 0.0000E+00 0.0000E+00 3.9961E-05 1.3809E-04 6.9442E-04 6.0955E-05 0.0000E+00 0.0000E+00 0.0000E+00 1.3455E-04 5.3588E-05 2.9143E-05 0
 0 1.8538E-05 1.1178E-04 1.1189E-04 1.8591E-04 9.6830E-06 1.3426E-04 0.0000E+00 0.0000E+00 0.0000E+00 0.0000E+00 0.0000E+00 0.0000E+00 0.0000E+00 1.4985E-05 2.0969E-04 6.6356E-04 6.6034E-05 0.0000E+00 0.0000E+00 0.0000E+00 1.0491E-04 3.3174E-05 2.8755E-05 0
 0 1.7940E-05 1.0560E-04 1.2603E-04 1.7089E-04 2.4208E-06 1.2284E-04 0.0000E+00 0.0000E+00 0.0000E+00 0.0000E+00 0.0000E+00 0.0000E+00 0.0000E+00 3.4966E-05 1.0229E-04 6.0183E-04 4.0636E-05 0.0000E+00 0.0000E+00 0.0000E+00 1.2087E-04 7.9107E-05 2.4481E-05 0
 0 2.0531E-05 1.2412E-04 1.1317E-04 1.8403E-04 1.2104E-05 1.6569E-04 0.0000E+00 0.0000E+00 0.0000E+00 0.0000E+00 0.0000E+00 0.0000E+00 0.0000E+00 2.9971E-05 2.4549E-04 7.5615E-04 4.0636E-05 0.0000E+00 0.0000E+00 0.0000E+00 8.8942E-05 7.5279E-05 2.3315E-05 0
 0 1.8937E-05 1.1863E-04 1.2860E-04 1.8028E-04 0.0000E+00 1.5712E-04 0.0000E+00 0.0000E+00 0.0000E+00 0.0000E+00 0.0000E+00 0.0000E+00 9.4849E-06 4.9951E-06 1.2786E-04 5.8640E-04 4.0636E-05 0.0000E+00 0.0000E+00 0.0000E+00 1.2315E-04 5.7416E-05 3.2252E-05 0
 0 2.2525E-05 1.2000E-04 8.6165E-05 1.8779E-04 4.8415E-06 1.1427E-04 0.0000E+00 0.0000E+00 0.0000E+00 0.0000E+00 3.9738E-06 0.0000E+00 4.7424E-06 1.4985E-05 1.7389E-04 8.5903E-04 4.0636E-05 0.0000E+00 0.0000E+00 0.0000E+00 1.0035E-04 5.8692E-05 1.9818E-05 0
 0 2.0731E-05 1.1589E-04 9.3881E-05 1.9342E-04 9.6830E-06 8.2844E-05 0.0000E+00 0.0000E+00 0.0000E+00 0.0000E+00 0.0000E+00 0.0000E+00 0.0000E+00 1.9981E-05 1.5855E-04 6.2241E-04 1.5239E-05 0.0000E+00 0.0000E+00 3.2617E-06 1.3455E-04 9.0590E-05 3.0309E-05 0
 0 1.4551E-05 1.1658E-04 8.3593E-05 1.7652E-04 2.4208E-06 1.5426E-04 0.0000E+00 0.0000E+00 0.0000E+00 0.0000E+00 0.0000E+00 0.0000E+00 0.0000E+00 2.9971E-05 1.0229E-04 6.8413E-04 2.5398E-05 0.0000E+00 0.0000E+00 0.0000E+00 1.2087E-04 6.3796E-05 2.5258E-05 0
 0 2.1528E-05 1.1863E-04 1.0803E-04 1.6713E-04 0.0000E+00 8.5701E-05 0.0000E+00 0.0000E+00 0.0000E+00 0.0000E+00 0.0000E+00 0.0000E+00 0.0000E+00 4.9951E-06 1.1252E-04 6.8928E-04 4.5716E-05 0.0000E+00 0.0000E+00 0.0000E+00 1.4140E-04 8.1658E-05 2.4092E-05 0
 0 1.9535E-05 1.2686E-04 1.1060E-04 1.9154E-04 1.4525E-05 1.3712E-04 0.0000E+00 0.0000E+00 0.0000E+00 0.0000E+00 0.0000E+00 0.0000E+00 4.7424E-06 2.4976E-05 1.2786E-04 6.1726E-04 1.0159E-05 0.0000E+00 0.0000E+00 0.0000E+00 8.4381E-05 6.1244E-05 2.7589E-05 0
 0 1.6545E-05 1.1658E-04 1.1960E-04 2.0844E-04 9.6830E-06 8.2844E-05 0.0000E+00 0.0000E+00 0.0000E+00 0.0000E+00 0.0000E+00 0.0000E+00 0.0000E+00 1.9981E-05 1.0740E-04 6.0698E-04 2.5398E-05 0.0000E+00 0.0000E+00 3.2617E-06 1.3227E-04 4.7209E-05 3.6527E-05 0
 0 1.6345E-05 1.2343E-04 1.0674E-04 1.8779E-04 0.0000E+00 1.0855E-04 0.0000E+00 0.0000E+00 0.0000E+00 0.0000E+00 0.0000E+00 4.3784E-06 1.4227E-05 4.4956E-05 1.3297E-04 5.0924E-04 5.0796E-05 0.0000E+00 0.0000E+00 0.0000E+00 9.3503E-05 6.5072E-05 2.5258E-05 0
 0 1.9136E-05 1.2412E-04 1.0031E-04 1.6901E-04 0.0000E+00 7.7131E-05 0.0000E+00 0.0000E+00 0.0000E+00 0.0000E+00 0.0000E+00 8.7567E-06 4.7424E-06 1.9981E-05 1.4320E-04 5.7097E-04 4.0636E-05 0.0000E+00 0.0000E+00 9.7850E-06 9.1223E-05 6.8899E-05 1.8652E-05 0
 0 1.4551E-05 1.1520E-04 1.0031E-04 1.8779E-04 4.8415E-06 7.4274E-05 0.0000E+00 0.0000E+00 0.0000E+00 0.0000E+00 0.0000E+00 0.0000E+00 9.4849E-06 2.9971E-05 1.2786E-04 5.7611E-04 4.0636E-05 0.0000E+00 0.0000E+00 0.0000E+00 1.0491E-04 4.7209E-05 2.2926E-05 0
 0 2.1528E-05 1.4263E-04 9.2595E-05 1.2957E-04 0.0000E+00 1.4569E-04 0.0000E+00 0.0000E+00 0.0000E+00 0.0000E+00 0.0000E+00 0.0000E+00 0.0000E+00 4.9951E-06 1.2275E-04 4.8867E-04 4.5716E-05 0.0000E+00 0.0000E+00 0.0000E+00 9.5784E-05 5.2312E-05 2.5258E-05 0
 0 1.6146E-05 1.2480E-04 1.1703E-04 1.5023E-04 0.0000E+00 8.2844E-05 0.0000E+00 0.0000E+00 0.0000E+00 0.0000E+00 0.0000E+00 0.0000E+00 0.0000E+00 9.9903E-06 1.2786E-04 5.0924E-04 3.0477E-05 0.0000E+00 0.0000E+00 0.0000E+00 1.1403E-04 5.9968E-05 2.6035E-05 0
 0 1.8737E-05 1.0492E-04 8.4879E-05 1.5962E-04 0.0000E+00 9.1414E-05 0.0000E+00 0.0000E+00 0.0000E+00 0.0000E+00 0.0000E+00 0.0000E+00 4.7424E-06 0.0000E+00 1.2275E-04 4.1151E-04 3.0477E-05 0.0000E+00 0.0000E+00 0.0000E+00 1.1631E-04 5.4864E-05 2.4869E-05 0
 0 1.8937E-05 1.0835E-04 1.3375E-04 1.7652E-04 2.4208E-06 1.2569E-04 0.0000E+00 0.0000E+00 0.0000E+00 0.0000E+00 0.0000E+00 0.0000E+00 0.0000E+00 1.9981E-05 1.0740E-04 4.9381E-04 4.0636E-05 0.0000E+00 0.0000E+00 3.2617E-06 1.2999E-04 7.4003E-05 2.8755E-05 0
 0 1.9734E-05 1.1452E-04 1.1446E-04 1.3896E-04 0.0000E+00 1.3712E-04 0.0000E+00 0.0000E+00 0.0000E+00 0.0000E+00 0.0000E+00 0.0000E+00 9.4849E-06 9.9903E-06 1.6366E-04 4.5266E-04 7.1114E-05 0.0000E+00 0.0000E+00 3.2617E-06 1.0491E-04 7.1451E-05 2.3315E-05 0
 0 1.7741E-05 1.0903E-04 1.0803E-04 1.9342E-04 0.0000E+00 8.2844E-05 0.0000E+00 0.0000E+00 0.0000E+00 0.0000E+00 0.0000E+00 0.0000E+00 0.0000E+00 9.9903E-06 8.1831E-05 5.6583E-04 2.5398E-05 0.0000E+00 0.0000E+00 6.5234E-06 1.2999E-04 4.4657E-05 2.1372E-05 0
 0 1.9933E-05 1.1520E-04 7.7163E-05 1.7276E-04 0.0000E+00 1.2284E-04 0.0000E+00 0.0000E+00 0.0000E+00 0.0000E+00 0.0000E+00 0.0000E+00 0.0000E+00 1.4985E-05 9.7174E-05 4.4237E-04 1.5239E-05 0.0000E+00 0.0000E+00 3.2617E-06 1.2315E-04 5.1036E-05 2.0206E-05 0
 0 1.4950E-05 9.5317E-05 7.3305E-05 1.5586E-04 2.4208E-06 8.5701E-05 0.0000E+00 0.0000E+00 0.0000E+00 0.0000E+00 0.0000E+00 0.0000E+00 0.0000E+00 1.4985E-05 8.6945E-05 5.0924E-04 5.0796E-06 0.0000E+00 0.0000E+00 0.0000E+00 8.8942E-05 8.2934E-05 2.1760E-05 0
 0 2.3920E-05 1.2480E-04 6.8160E-05 1.2206E-04 2.4208E-06 1.0855E-04 0.0000E+00 0.0000E+00 0.0000E+00 0.0000E+00 0.0000E+00 0.0000E+00 0.0000E+00 0.0000E+00 1.2275E-04 5.2982E-04 2.5398E-05 0.0000E+00 0.0000E+00 0.0000E+00 9.8065E-05 4.9761E-05 2.1760E-05 0
 0 1.6146E-05 1.0903E-04 9.0023E-05 2.1220E-04 2.4208E-06 7.4274E-05 0.0000E+00 0.0000E+00 0.0000E+00 0.0000E+00 0.0000E+00 0.0000E+00 0.0000E+00 7.4927E-05 1.0229E-04 4.8352E-04 3.5557E-05 0.0000E+00 0.0000E+00 0.0000E+00 1.2543E-04 4.4657E-05 2.9921E-05 0
 0 2.2126E-05 1.1863E-04 7.9735E-05 1.7464E-04 2.4208E-06 1.1998E-04 0.0000E+00 0.0000E+00 0.0000E+00 0.0000E+00 0.0000E+00 0.0000E+00 0.0000E+00 4.9951E-06 9.7174E-05 4.2694E-04 3.5557E-05 0.0000E+00 0.0000E+00 6.5234E-06 7.7539E-05 4.7209E-05 2.4481E-05 0
 0 1.8937E-05 1.2823E-04 9.5167E-05 1.4084E-04 0.0000E+00 1.1141E-04 0.0000E+00 0.0000E+00 0.0000E+00 0.0000E+00 0.0000E+00 0.0000E+00 0.0000E+00 2.4976E-05 9.2060E-05 4.5266E-04 4.0636E-05 0.0000E+00 0.0000E+00 3.2617E-06 1.1175E-04 7.7831E-05 1.7486E-05 0
 0 1.9136E-05 1.2343E-04 1.0803E-04 1.6525E-04 7.2623E-06 8.8557E-05 0.0000E+00 0.0000E+00 0.0000E+00 0.0000E+00 0.0000E+00 0.0000E+00 0.0000E+00 9.9903E-06 1.0229E-04 4.1665E-04 1.0159E-05 0.0000E+00 0.0000E+00 3.2617E-06 1.3455E-04 7.7831E-05 2.2926E-05 0
 0 1.8538E-05 1.2686E-04 9.2595E-05 1.4460E-04 0.0000E+00 1.4283E-04 0.0000E+00 0.0000E+00 0.0000E+00 0.0000E+00 0.0000E+00 0.0000E+00 0.0000E+00 0.0000E+00 7.6716E-05 4.4752E-04 1.0159E-05 0.0000E+00 0.0000E+00 3.2617E-06 1.1631E-04 7.7831E-05 1.9818E-05 0
 0 1.6146E-05 1.2275E-04 1.0160E-04 1.9342E-04 2.4208E-06 1.1141E-04 0.0000E+00 0.0000E+00 0.0000E+00 0.0000E+00 0.0000E+00 0.0000E+00 0.0000E+00 1.9981E-05 8.1831E-05 3.4978E-04 5.0796E-05 0.0000E+00 0.0000E+00 0.0000E+00 1.0263E-04 6.2520E-05 2.9921E-05 0
 0 1.5548E-05 1.2000E-04 8.1021E-05 1.5399E-04 2.4208E-06 8.5701E-05 0.0000E+00 0.0000E+00 0.0000E+00 0.0000E+00 0.0000E+00 0.0000E+00 4.7424E-06 4.9951E-06 9.7174E-05 3.6521E-04 3.0477E-05 0.0000E+00 0.0000E+00 3.2617E-06 1.1631E-04 7.5279E-05 2.5258E-05 0
 0 1.9734E-05 1.2549E-04 9.3881E-05 1.8215E-04 2.4208E-06 8.2844E-05 0.0000E+00 0.0000E+00 0.0000E+00 0.0000E+00 0.0000E+00 0.0000E+00 0.0000E+00 4.9951E-06 9.7174E-05 4.7324E-04 5.0796E-06 0.0000E+00 0.0000E+00 0.0000E+00 1.4824E-04 5.6140E-05 1.9429E-05 0
 0 1.9136E-05 1.1246E-04 8.8737E-05 1.3333E-04 0.0000E+00 1.5997E-04 0.0000E+00 0.0000E+00 0.0000E+00 0.0000E+00 0.0000E+00 0.0000E+00 0.0000E+00 2.4976E-05 9.7174E-05 3.6007E-04 3.0477E-05 0.0000E+00 0.0000E+00 9.7850E-06 1.2087E-04 5.6140E-05 2.2149E-05 0
 0 1.7342E-05 1.2412E-04 1.0031E-04 1.2769E-04 0.0000E+00 1.1427E-04 0.0000E+00 0.0000E+00 0.0000E+00 0.0000E+00 0.0000E+00 0.0000E+00 0.0000E+00 1.9981E-05 5.6259E-05 4.1151E-04 2.0318E-05 0.0000E+00 0.0000E+00 0.0000E+00 1.9613E-04 5.9968E-05 2.0206E-05 0
 0 1.9335E-05 9.8060E-05 8.6165E-05 1.6150E-04 0.0000E+00 1.0284E-04 0.0000E+00 0.0000E+00 0.0000E+00 0.0000E+00 0.0000E+00 0.0000E+00 0.0000E+00 0.0000E+00 1.1252E-04 3.2921E-04 2.5398E-05 0.0000E+00 0.0000E+00 0.0000E+00 1.1631E-04 6.1244E-05 2.1760E-05 0
 0 1.8937E-05 8.1603E-05 1.0160E-04 1.2206E-04 0.0000E+00 1.1141E-04 0.0000E+00 0.0000E+00 0.0000E+00 0.0000E+00 0.0000E+00 0.0000E+00 1.4227E-05 4.9951E-06 5.1144E-05 3.4978E-04 1.0159E-05 0.0000E+00 0.0000E+00 0.0000E+00 1.0719E-04 5.8692E-05 2.2538E-05 0
 0 1.9136E-05 1.1178E-04 9.3881E-05 1.6150E-04 0.0000E+00 7.1417E-05 0.0000E+00 0.0000E+00 0.0000E+00 0.0000E+00 0.0000E+00 0.0000E+00 0.0000E+00 1.4985E-05 1.3809E-04 3.7036E-04 3.0477E-05 0.0000E+00 0.0000E+00 0.0000E+00 1.2315E-04 7.5279E-05 2.2926E-05 0
 0 1.7143E-05 1.0492E-04 9.3881E-05 1.7276E-04 0.0000E+00 1.0284E-04 0.0000E+00 0.0000E+00 0.0000E+00 0.0000E+00 0.0000E+00 8.7567E-06 0.0000E+00 4.9951E-06 8.6945E-05 4.2694E-04 1.0159E-05 0.0000E+00 0.0000E+00 0.0000E+00 6.8417E-05 5.4864E-05 2.0206E-05 0
 0 2.1727E-05 1.0217E-04 9.0023E-05 1.3145E-04 0.0000E+00 8.8557E-05 0.0000E+00 0.0000E+00 0.0000E+00 0.0000E+00 0.0000E+00 0.0000E+00 0.0000E+00 4.9951E-06 5.6259E-05 3.2406E-04 3.0477E-05 0.0000E+00 0.0000E+00 0.0000E+00 1.2087E-04 5.6140E-05 2.2538E-05 0
 0 1.7940E-05 1.1383E-04 6.9447E-05 1.2206E-04 2.4208E-06 9.1414E-05 0.0000E+00 0.0000E+00 0.0000E+00 0.0000E+00 0.0000E+00 0.0000E+00 4.7424E-06 4.9951E-06 8.1831E-05 5.0410E-04 4.0636E-05 0.0000E+00 0.0000E+00 0.0000E+00 1.1175E-04 5.9968E-05 2.0983E-05 0
 0 1.6146E-05 1.0286E-04 1.0031E-04 1.1455E-04 4.8415E-06 5.7134E-05 0.0000E+00 0.0000E+00 0.0000E+00 0.0000E+00 0.0000E+00 0.0000E+00 0.0000E+00 1.4985E-05 8.1831E-05 4.8352E-04 1.5239E-05 0.0000E+00 0.0000E+00 0.0000E+00 6.1575E-05 6.7623E-05 2.2149E-05 0
 0 1.8937E-05 1.0835E-04 7.4591E-05 1.2582E-04 7.2623E-06 1.0284E-04 0.0000E+00 0.0000E+00 0.0000E+00 0.0000E+00 0.0000E+00 0.0000E+00 0.0000E+00 1.9981E-05 4.6030E-05 2.4691E-04 1.0159E-05 0.0000E+00 0.0000E+00 0.0000E+00 8.2101E-05 6.6347E-05 2.0983E-05 0
 0 1.7143E-05 1.1726E-04 8.8737E-05 1.5586E-04 4.8415E-06 9.7128E-05 0.0000E+00 0.0000E+00 0.0000E+00 0.0000E+00 0.0000E+00 0.0000E+00 0.0000E+00 0.0000E+00 6.6487E-05 2.5205E-04 2.0318E-05 0.0000E+00 0.0000E+00 0.0000E+00 7.7539E-05 4.9761E-05 2.2926E-05 0
 0 1.9335E-05 1.0423E-04 1.0546E-04 1.9154E-04 0.0000E+00 1.2284E-04 0.0000E+00 0.0000E+00 0.0000E+00 0.0000E+00 0.0000E+00 4.3784E-06 0.0000E+00 0.0000E+00 1.0229E-04 2.4691E-04 2.0318E-05 0.0000E+00 0.0000E+00 0.0000E+00 8.8942E-05 5.7416E-05 2.2926E-05 0
 0 1.6943E-05 1.1246E-04 8.7451E-05 1.6150E-04 4.8415E-06 7.9987E-05 0.0000E+00 0.0000E+00 0.0000E+00 0.0000E+00 0.0000E+00 0.0000E+00 0.0000E+00 2.4976E-05 8.6945E-05 2.2119E-04 3.0477E-05 0.0000E+00 0.0000E+00 6.5234E-06 1.0719E-04 5.2312E-05 1.8652E-05 0
 0 2.1528E-05 1.0286E-04 9.5167E-05 1.7089E-04 0.0000E+00 5.7134E-05 0.0000E+00 0.0000E+00 0.0000E+00 0.0000E+00 0.0000E+00 0.0000E+00 0.0000E+00 9.9903E-06 5.6259E-05 3.0863E-04 2.5398E-05 0.0000E+00 0.0000E+00 0.0000E+00 6.3856E-05 5.1036E-05 1.7098E-05 0
 0 1.8339E-05 9.8746E-05 9.3881E-05 1.3521E-04 0.0000E+00 5.9991E-05 0.0000E+00 0.0000E+00 0.0000E+00 0.0000E+00 0.0000E+00 0.0000E+00 0.0000E+00 0.0000E+00 7.1602E-05 3.3435E-04 5.0796E-06 0.0000E+00 0.0000E+00 0.0000E+00 8.6662E-05 5.9968E-05 2.6035E-05 0
 0 1.8139E-05 1.1109E-04 8.2307E-05 1.6337E-04 0.0000E+00 5.9991E-05 0.0000E+00 0.0000E+00 0.0000E+00 0.0000E+00 0.0000E+00 0.0000E+00 0.0000E+00 9.9903E-06 6.1373E-05 2.4691E-04 2.0318E-05 0.0000E+00 0.0000E+00 0.0000E+00 7.0698E-05 5.8692E-05 2.2149E-05 0
 0 1.9535E-05 1.2480E-04 8.2307E-05 1.5399E-04 4.8415E-06 5.1420E-05 0.0000E+00 0.0000E+00 0.0000E+00 0.0000E+00 0.0000E+00 0.0000E+00 0.0000E+00 4.9951E-06 1.0740E-04 2.4176E-04 5.0796E-06 0.0000E+00 0.0000E+00 0.0000E+00 8.2101E-05 5.6140E-05 2.8366E-05 0
 0 1.6345E-05 1.0560E-04 8.1021E-05 9.3893E-05 0.0000E+00 6.2847E-05 0.0000E+00 0.0000E+00 0.0000E+00 0.0000E+00 0.0000E+00 0.0000E+00 4.7424E-06 4.9951E-06 5.6259E-05 2.6748E-04 2.5398E-05 0.0000E+00 0.0000E+00 0.0000E+00 8.4381E-05 7.4003E-05 2.2149E-05 0
 0 2.1727E-05 1.0903E-04 1.1317E-04 1.6901E-04 0.0000E+00 7.4274E-05 0.0000E+00 0.0000E+00 0.0000E+00 0.0000E+00 0.0000E+00 0.0000E+00 0.0000E+00 9.9903E-06 7.1602E-05 2.1604E-04 5.0796E-06 0.0000E+00 0.0000E+00 0.0000E+00 7.5259E-05 5.3588E-05 2.5646E-05 0
 0 2.0332E-05 1.2412E-04 9.3881E-05 1.2957E-04 2.4208E-06 1.0855E-04 0.0000E+00 0.0000E+00 0.0000E+00 0.0000E+00 0.0000E+00 0.0000E+00 0.0000E+00 9.9903E-06 7.6716E-05 3.2921E-04 3.5557E-05 0.0000E+00 0.0000E+00 0.0000E+00 8.8942E-05 4.4657E-05 2.2926E-05 0
 0 1.6545E-05 9.2574E-05 8.4879E-05 1.5211E-04 4.8415E-06 3.7137E-05 0.0000E+00 0.0000E+00 0.0000E+00 0.0000E+00 0.0000E+00 0.0000E+00 0.0000E+00 0.0000E+00 8.6945E-05 2.0061E-04 3.0477E-05 0.0000E+00 0.0000E+00 0.0000E+00 6.6137E-05 6.2520E-05 2.0983E-05 0
 0 1.9136E-05 1.0972E-04 9.0023E-05 1.5211E-04 0.0000E+00 6.5704E-05 0.0000E+00 0.0000E+00 0.0000E+00 0.0000E+00 0.0000E+00 0.0000E+00 0.0000E+00 0.0000E+00 6.1373E-05 2.5205E-04 4.5716E-05 0.0000E+00 0.0000E+00 0.0000E+00 9.1223E-05 5.6140E-05 2.9532E-05 0
 0 1.4950E-05 1.0149E-04 7.8449E-05 1.2582E-04 2.4208E-06 6.2847E-05 0.0000E+00 0.0000E+00 0.0000E+00 0.0000E+00 0.0000E+00 0.0000E+00 0.0000E+00 1.4985E-05 6.6487E-05 2.8806E-04 4.5716E-05 0.0000E+00 0.0000E+00 0.0000E+00 1.0263E-04 5.6140E-05 1.8652E-05 0
 0 1.5349E-05 1.0629E-04 9.1309E-05 1.3145E-04 0.0000E+00 4.5707E-05 0.0000E+00 0.0000E+00 0.0000E+00 0.0000E+00 0.0000E+00 0.0000E+00 0.0000E+00 9.9903E-06 4.6030E-05 1.8518E-04 1.5239E-05 0.0000E+00 0.0000E+00 0.0000E+00 8.8942E-05 5.4864E-05 2.1760E-05 0
 0 1.8937E-05 1.1589E-04 9.0023E-05 1.0704E-04 7.2623E-06 9.1414E-05 0.0000E+00 0.0000E+00 0.0000E+00 0.0000E+00 0.0000E+00 0.0000E+00 9.4849E-06 4.9951E-06 1.0740E-04 2.5205E-04 5.0796E-06 0.0000E+00 0.0000E+00 0.0000E+00 1.0947E-04 5.7416E-05 2.0206E-05 0
 0 1.5548E-05 9.1889E-05 7.5877E-05 1.1831E-04 2.4208E-06 5.9991E-05 0.0000E+00 0.0000E+00 0.0000E+00 0.0000E+00 0.0000E+00 0.0000E+00 0.0000E+00 0.0000E+00 6.1373E-05 2.6234E-04 0.0000E+00 0.0000E+00 0.0000E+00 0.0000E+00 9.5784E-05 6.2520E-05 2.2538E-05 0
 0 1.6146E-05 1.1795E-04 8.1021E-05 1.1643E-04 0.0000E+00 6.2847E-05 0.0000E+00 0.0000E+00 0.0000E+00 0.0000E+00 0.0000E+00 0.0000E+00 0.0000E+00 2.4976E-05 4.6030E-05 2.7777E-04 2.5398E-05 0.0000E+00 0.0000E+00 0.0000E+00 7.0698E-05 3.7001E-05 2.4092E-05 0
 0 2.0531E-05 1.0355E-04 8.2307E-05 1.1643E-04 2.4208E-06 8.5701E-05 0.0000E+00 0.0000E+00 0.0000E+00 0.0000E+00 0.0000E+00 0.0000E+00 1.4227E-05 4.9951E-06 8.6945E-05 2.4691E-04 6.0955E-05 0.0000E+00 0.0000E+00 0.0000E+00 1.0263E-04 6.8899E-05 2.6812E-05 0
 0 1.7940E-05 1.0286E-04 8.4879E-05 1.1079E-04 0.0000E+00 8.5701E-05 0.0000E+00 0.0000E+00 0.0000E+00 0.0000E+00 0.0000E+00 4.3784E-06 0.0000E+00 0.0000E+00 8.1831E-05 2.9834E-04 5.0796E-06 0.0000E+00 0.0000E+00 0.0000E+00 7.9820E-05 5.2312E-05 2.4481E-05 0
 0 1.7741E-05 1.0903E-04 7.4591E-05 1.4835E-04 0.0000E+00 6.5704E-05 0.0000E+00 0.0000E+00 0.0000E+00 0.0000E+00 0.0000E+00 0.0000E+00 0.0000E+00 9.9903E-06 6.6487E-05 2.0061E-04 2.0318E-05 0.0000E+00 0.0000E+00 0.0000E+00 7.0698E-05 6.6347E-05 1.9040E-05 0
 0 1.6345E-05 1.1795E-04 6.0444E-05 1.2018E-04 0.0000E+00 7.7131E-05 0.0000E+00 0.0000E+00 0.0000E+00 0.0000E+00 0.0000E+00 0.0000E+00 0.0000E+00 0.0000E+00 9.2060E-05 2.0061E-04 2.0318E-05 0.0000E+00 0.0000E+00 3.2617E-06 8.8942E-05 5.9968E-05 1.6709E-05 0
 0 1.7741E-05 9.8060E-05 8.8737E-05 1.1831E-04 0.0000E+00 5.9991E-05 0.0000E+00 0.0000E+00 0.0000E+00 0.0000E+00 0.0000E+00 0.0000E+00 0.0000E+00 2.4976E-05 3.5801E-05 2.1604E-04 2.5398E-05 0.0000E+00 0.0000E+00 0.0000E+00 1.0719E-04 4.9761E-05 1.9040E-05 0
 0 1.9535E-05 1.0286E-04 7.4591E-05 1.0704E-04 0.0000E+00 5.9991E-05 0.0000E+00 0.0000E+00 0.0000E+00 0.0000E+00 0.0000E+00 8.7567E-06 0.0000E+00 1.9981E-05 7.6716E-05 1.3888E-04 4.5716E-05 0.0000E+00 0.0000E+00 0.0000E+00 6.3856E-05 4.5933E-05 2.0206E-05 0
 0 1.4153E-05 1.1863E-04 9.0023E-05 1.3708E-04 0.0000E+00 4.8564E-05 0.0000E+00 0.0000E+00 0.0000E+00 0.0000E+00 0.0000E+00 0.0000E+00 9.4849E-06 4.9951E-06 5.6259E-05 2.1090E-04 5.0796E-06 0.0000E+00 0.0000E+00 0.0000E+00 7.0698E-05 7.1451E-05 2.6423E-05 0
 0 1.8538E-05 9.1203E-05 8.8737E-05 1.3896E-04 0.0000E+00 6.8561E-05 0.0000E+00 0.0000E+00 0.0000E+00 0.0000E+00 0.0000E+00 0.0000E+00 0.0000E+00 0.0000E+00 7.6716E-05 1.5946E-04 0.0000E+00 0.0000E+00 0.0000E+00 0.0000E+00 1.0719E-04 3.9553E-05 2.4481E-05 0
 0 1.5149E-05 1.0972E-04 7.4591E-05 1.1079E-04 0.0000E+00 3.4280E-05 0.0000E+00 0.0000E+00 0.0000E+00 0.0000E+00 0.0000E+00 0.0000E+00 0.0000E+00 4.9951E-06 4.0915E-05 1.8004E-04 5.0796E-05 0.0000E+00 0.0000E+00 0.0000E+00 7.7539E-05 5.9968E-05 2.2926E-05 0
 0 1.7741E-05 9.1889E-05 7.3305E-05 1.0892E-04 2.4208E-06 6.2847E-05 0.0000E+00 0.0000E+00 0.0000E+00 0.0000E+00 0.0000E+00 2.6270E-05 0.0000E+00 0.0000E+00 7.6716E-05 1.9032E-04 0.0000E+00 0.0000E+00 0.0000E+00 0.0000E+00 1.0263E-04 3.4450E-05 2.0595E-05 0
 0 2.3322E-05 1.0012E-04 8.3593E-05 1.2206E-04 0.0000E+00 4.8564E-05 0.0000E+00 0.0000E+00 0.0000E+00 0.0000E+00 0.0000E+00 0.0000E+00 0.0000E+00 0.0000E+00 7.1602E-05 1.8004E-04 0.0000E+00 0.0000E+00 0.0000E+00 0.0000E+00 7.9820E-05 4.2105E-05 1.9040E-05 0
 0 1.8339E-05 9.4632E-05 6.6874E-05 1.0328E-04 0.0000E+00 5.7134E-05 0.0000E+00 0.0000E+00 0.0000E+00 0.0000E+00 0.0000E+00 0.0000E+00 0.0000E+00 0.0000E+00 6.6487E-05 2.0061E-04 5.0796E-06 0.0000E+00 0.0000E+00 0.0000E+00 9.5784E-05 6.1244E-05 1.8263E-05 0
 0 1.9136E-05 9.8746E-05 8.2307E-05 1.3896E-04 2.4208E-06 6.8561E-05 0.0000E+00 0.0000E+00 0.0000E+00 0.0000E+00 0.0000E+00 0.0000E+00 0.0000E+00 0.0000E+00 3.0687E-05 1.9032E-04 1.0159E-05 0.0000E+00 0.0000E+00 0.0000E+00 1.2087E-04 4.2105E-05 2.0595E-05 0
 0 1.5947E-05 1.1452E-04 8.3593E-05 1.1643E-04 2.4208E-06 7.1417E-05 0.0000E+00 0.0000E+00 0.0000E+00 0.0000E+00 0.0000E+00 0.0000E+00 0.0000E+00 1.4985E-05 2.5572E-05 1.8004E-04 5.0796E-06 0.0000E+00 0.0000E+00 0.0000E+00 7.0698E-05 5.6140E-05 1.7098E-05 0
 0 1.7541E-05 1.0697E-04 8.3593E-05 1.1079E-04 4.8415E-06 6.8561E-05 0.0000E+00 0.0000E+00 0.0000E+00 0.0000E+00 0.0000E+00 4.3784E-06 0.0000E+00 0.0000E+00 5.6259E-05 1.3888E-04 5.0796E-06 0.0000E+00 0.0000E+00 0.0000E+00 8.6662E-05 5.6140E-05 2.0983E-05 0
 0 1.7741E-05 8.9146E-05 6.6874E-05 1.4460E-04 0.0000E+00 6.2847E-05 0.0000E+00 0.0000E+00 0.0000E+00 0.0000E+00 0.0000E+00 0.0000E+00 0.0000E+00 1.4985E-05 6.6487E-05 1.3888E-04 5.0796E-06 0.0000E+00 0.0000E+00 0.0000E+00 8.2101E-05 4.9761E-05 2.2926E-05 0
 0 1.9535E-05 1.0355E-04 6.5588E-05 1.0892E-04 0.0000E+00 6.8561E-05 0.0000E+00 0.0000E+00 0.0000E+00 0.0000E+00 0.0000E+00 0.0000E+00 0.0000E+00 0.0000E+00 8.1831E-05 1.5946E-04 2.5398E-05 0.0000E+00 0.0000E+00 0.0000E+00 8.8942E-05 5.4864E-05 1.8263E-05 0
 0 1.7541E-05 8.7774E-05 7.3305E-05 1.3896E-04 2.4208E-06 4.5707E-05 0.0000E+00 0.0000E+00 0.0000E+00 0.0000E+00 0.0000E+00 0.0000E+00 0.0000E+00 0.0000E+00 2.5572E-05 2.2633E-04 5.0796E-06 0.0000E+00 0.0000E+00 0.0000E+00 5.9295E-05 5.9968E-05 2.0595E-05 0
 0 1.5947E-05 9.6003E-05 8.1021E-05 9.9527E-05 2.4208E-06 5.1420E-05 0.0000E+00 0.0000E+00 0.0000E+00 0.0000E+00 0.0000E+00 0.0000E+00 4.7424E-06 0.0000E+00 5.6259E-05 1.7489E-04 1.0159E-05 0.0000E+00 0.0000E+00 0.0000E+00 5.9295E-05 5.8692E-05 2.4481E-05 0
 0 2.0930E-05 1.1040E-04 6.3016E-05 1.3333E-04 2.4208E-06 7.7131E-05 0.0000E+00 0.0000E+00 0.0000E+00 0.0000E+00 0.0000E+00 0.0000E+00 0.0000E+00 9.9903E-06 5.1144E-05 1.5432E-04 5.0796E-06 0.0000E+00 0.0000E+00 0.0000E+00 5.2453E-05 5.2312E-05 2.3703E-05 0
 0 1.4751E-05 9.1889E-05 7.5877E-05 8.6382E-05 4.8415E-06 5.7134E-05 0.0000E+00 0.0000E+00 0.0000E+00 0.0000E+00 0.0000E+00 0.0000E+00 0.0000E+00 4.9951E-06 4.0915E-05 1.3888E-04 5.0796E-06 0.0000E+00 0.0000E+00 0.0000E+00 6.1575E-05 4.4657E-05 2.1760E-05 0
 0 1.8538E-05 1.0492E-04 7.9735E-05 1.3708E-04 2.4208E-06 6.2847E-05 0.0000E+00 0.0000E+00 0.0000E+00 0.0000E+00 0.0000E+00 0.0000E+00 0.0000E+00 1.9981E-05 7.6716E-05 1.3888E-04 5.0796E-06 0.0000E+00 0.0000E+00 0.0000E+00 8.8942E-05 5.3588E-05 1.9818E-05 0
 0 1.4551E-05 9.7375E-05 8.2307E-05 8.4504E-05 0.0000E+00 3.7137E-05 0.0000E+00 0.0000E+00 0.0000E+00 0.0000E+00 0.0000E+00 0.0000E+00 0.0000E+00 0.0000E+00 4.0915E-05 1.5946E-04 0.0000E+00 0.0000E+00 0.0000E+00 0.0000E+00 5.7014E-05 4.7209E-05 2.1760E-05 0
 0 1.6345E-05 1.1315E-04 7.9735E-05 9.0138E-05 0.0000E+00 3.7137E-05 0.0000E+00 0.0000E+00 0.0000E+00 0.0000E+00 0.0000E+00 0.0000E+00 0.0000E+00 0.0000E+00 4.6030E-05 1.3888E-04 1.5239E-05 0.0000E+00 0.0000E+00 9.7850E-06 8.2101E-05 4.8485E-05 1.9429E-05 0
 0 1.6744E-05 1.0835E-04 7.7163E-05 1.1831E-04 0.0000E+00 4.2850E-05 0.0000E+00 0.0000E+00 0.0000E+00 0.0000E+00 0.0000E+00 0.0000E+00 0.0000E+00 0.0000E+00 7.1602E-05 1.8004E-04 2.5398E-05 0.0000E+00 0.0000E+00 0.0000E+00 7.5259E-05 5.2312E-05 1.5543E-05 0
 0 1.5947E-05 9.7375E-05 6.0444E-05 1.0892E-04 0.0000E+00 3.1424E-05 0.0000E+00 0.0000E+00 0.0000E+00 0.0000E+00 0.0000E+00 0.0000E+00 0.0000E+00 0.0000E+00 5.1144E-05 9.7734E-05 0.0000E+00 0.0000E+00 0.0000E+00 0.0000E+00 5.7014E-05 7.4003E-05 1.8263E-05 0
 0 1.8937E-05 1.0149E-04 6.8160E-05 1.1079E-04 0.0000E+00 2.8567E-05 0.0000E+00 0.0000E+00 0.0000E+00 0.0000E+00 0.0000E+00 0.0000E+00 0.0000E+00 0.0000E+00 2.0458E-05 1.3888E-04 1.5239E-05 0.0000E+00 0.0000E+00 0.0000E+00 1.0035E-04 5.4864E-05 1.7098E-05 0
 0 2.0731E-05 1.1795E-04 8.3593E-05 1.3145E-04 0.0000E+00 3.7137E-05 0.0000E+00 0.0000E+00 0.0000E+00 0.0000E+00 0.0000E+00 0.0000E+00 0.0000E+00 4.9951E-06 5.6259E-05 1.2345E-04 1.5239E-05 0.0000E+00 0.0000E+00 0.0000E+00 6.1575E-05 4.9761E-05 2.2926E-05 0
 0 1.7342E-05 1.0423E-04 7.5877E-05 1.0140E-04 0.0000E+00 1.7140E-05 0.0000E+00 0.0000E+00 0.0000E+00 0.0000E+00 0.0000E+00 0.0000E+00 0.0000E+00 0.0000E+00 3.5801E-05 1.1831E-04 5.0796E-06 0.0000E+00 0.0000E+00 0.0000E+00 7.5259E-05 6.3796E-05 2.6812E-05 0
 0 1.4751E-05 1.2000E-04 5.6586E-05 8.6382E-05 0.0000E+00 5.1420E-05 0.0000E+00 0.0000E+00 0.0000E+00 0.0000E+00 0.0000E+00 0.0000E+00 0.0000E+00 4.9951E-06 3.0687E-05 8.2302E-05 5.0796E-06 0.0000E+00 0.0000E+00 0.0000E+00 5.2453E-05 6.2520E-05 1.9040E-05 0
 0 1.6545E-05 1.0012E-04 7.4591E-05 1.2582E-04 0.0000E+00 3.4280E-05 0.0000E+00 0.0000E+00 0.0000E+00 0.0000E+00 0.0000E+00 0.0000E+00 0.0000E+00 0.0000E+00 2.0458E-05 9.7734E-05 1.0159E-05 0.0000E+00 0.0000E+00 0.0000E+00 6.1575E-05 5.4864E-05 2.4869E-05 0
 0 1.5548E-05 8.0231E-05 4.8870E-05 9.2015E-05 0.0000E+00 5.1420E-05 0.0000E+00 0.0000E+00 0.0000E+00 0.0000E+00 0.0000E+00 0.0000E+00 0.0000E+00 0.0000E+00 2.0458E-05 9.2590E-05 0.0000E+00 0.0000E+00 0.0000E+00 0.0000E+00 5.4734E-05 4.2105E-05 1.5155E-05 0
 0 2.0133E-05 9.1889E-05 6.1730E-05 9.3893E-05 0.0000E+00 7.9987E-05 0.0000E+00 0.0000E+00 0.0000E+00 0.0000E+00 0.0000E+00 0.0000E+00 0.0000E+00 0.0000E+00 5.6259E-05 1.5946E-04 5.0796E-06 0.0000E+00 0.0000E+00 0.0000E+00 8.6662E-05 6.8899E-05 2.2926E-05 0
 0 1.5149E-05 1.0492E-04 8.8737E-05 1.1079E-04 0.0000E+00 3.1424E-05 0.0000E+00 0.0000E+00 0.0000E+00 0.0000E+00 0.0000E+00 0.0000E+00 0.0000E+00 0.0000E+00 6.1373E-05 1.2860E-04 1.5239E-05 0.0000E+00 0.0000E+00 0.0000E+00 5.4734E-05 4.9761E-05 2.1760E-05 0
 0 1.7940E-05 8.9832E-05 6.9447E-05 6.5725E-05 0.0000E+00 3.1424E-05 0.0000E+00 0.0000E+00 0.0000E+00 0.0000E+00 0.0000E+00 0.0000E+00 0.0000E+00 4.9951E-06 4.0915E-05 1.9032E-04 1.0159E-05 0.0000E+00 0.0000E+00 0.0000E+00 6.3856E-05 4.3381E-05 2.0595E-05 0
 0 1.8737E-05 9.9432E-05 8.1021E-05 1.1643E-04 0.0000E+00 2.2854E-05 0.0000E+00 0.0000E+00 0.0000E+00 0.0000E+00 0.0000E+00 0.0000E+00 4.7424E-06 0.0000E+00 2.5572E-05 1.8004E-04 2.0318E-05 0.0000E+00 0.0000E+00 0.0000E+00 6.8417E-05 4.4657E-05 1.0492E-05 0
 0 1.7342E-05 1.0629E-04 7.3305E-05 8.2626E-05 0.0000E+00 4.2850E-05 0.0000E+00 0.0000E+00 0.0000E+00 0.0000E+00 0.0000E+00 0.0000E+00 0.0000E+00 0.0000E+00 4.0915E-05 6.6870E-05 0.0000E+00 0.0000E+00 0.0000E+00 0.0000E+00 4.7892E-05 4.3381E-05 2.4869E-05 0
 0 1.3156E-05 9.8746E-05 7.2019E-05 6.9481E-05 0.0000E+00 2.8567E-05 0.0000E+00 0.0000E+00 0.0000E+00 0.0000E+00 0.0000E+00 0.0000E+00 0.0000E+00 0.0000E+00 4.0915E-05 8.7446E-05 3.0477E-05 0.0000E+00 0.0000E+00 0.0000E+00 7.5259E-05 4.2105E-05 1.8652E-05 0
 0 1.3555E-05 9.6689E-05 6.1730E-05 9.2015E-05 0.0000E+00 1.1427E-05 0.0000E+00 0.0000E+00 0.0000E+00 0.0000E+00 0.0000E+00 0.0000E+00 0.0000E+00 0.0000E+00 5.6259E-05 4.6295E-05 0.0000E+00 0.0000E+00 0.0000E+00 0.0000E+00 8.2101E-05 5.1036E-05 1.8652E-05 0
 0 1.5548E-05 9.8060E-05 5.9158E-05 8.6382E-05 0.0000E+00 3.7137E-05 0.0000E+00 0.0000E+00 0.0000E+00 0.0000E+00 0.0000E+00 0.0000E+00 0.0000E+00 0.0000E+00 5.1144E-06 1.1831E-04 5.0796E-06 0.0000E+00 0.0000E+00 0.0000E+00 4.7892E-05 4.0829E-05 2.1372E-05 0
 0 1.5747E-05 1.0355E-04 5.7872E-05 1.3521E-04 0.0000E+00 3.4280E-05 0.0000E+00 0.0000E+00 0.0000E+00 0.0000E+00 0.0000E+00 0.0000E+00 0.0000E+00 0.0000E+00 4.6030E-05 1.2345E-04 1.0159E-05 0.0000E+00 0.0000E+00 0.0000E+00 5.7014E-05 3.7001E-05 2.7978E-05 0
 0 1.2558E-05 8.0917E-05 7.3305E-05 1.1643E-04 0.0000E+00 5.4277E-05 0.0000E+00 0.0000E+00 0.0000E+00 0.0000E+00 0.0000E+00 0.0000E+00 4.7424E-06 0.0000E+00 6.6487E-05 1.8004E-04 4.0636E-05 0.0000E+00 0.0000E+00 0.0000E+00 3.8770E-05 3.5726E-05 1.5155E-05 0
 0 1.6943E-05 1.0560E-04 5.2728E-05 7.6993E-05 0.0000E+00 3.4280E-05 0.0000E+00 0.0000E+00 0.0000E+00 0.0000E+00 0.0000E+00 0.0000E+00 0.0000E+00 0.0000E+00 6.1373E-05 8.2302E-05 1.5239E-05 0.0000E+00 0.0000E+00 0.0000E+00 6.1575E-05 3.7001E-05 1.3989E-05 0
 0 1.6146E-05 9.1889E-05 5.7872E-05 8.6382E-05 0.0000E+00 1.9997E-05 0.0000E+00 0.0000E+00 0.0000E+00 0.0000E+00 0.0000E+00 0.0000E+00 0.0000E+00 4.9951E-06 5.1144E-06 6.1726E-05 1.5239E-05 0.0000E+00 0.0000E+00 0.0000E+00 7.5259E-05 3.7001E-05 1.9040E-05 0
 0 1.1960E-05 9.3260E-05 5.4014E-05 1.1831E-04 0.0000E+00 2.5710E-05 0.0000E+00 0.0000E+00 0.0000E+00 0.0000E+00 0.0000E+00 0.0000E+00 0.0000E+00 4.9951E-06 2.0458E-05 5.6583E-05 0.0000E+00 0.0000E+00 0.0000E+00 0.0000E+00 5.7014E-05 5.3588E-05 1.5932E-05 0
 0 1.6345E-05 9.7375E-05 5.0156E-05 6.9481E-05 4.8415E-06 3.9994E-05 0.0000E+00 0.0000E+00 0.0000E+00 0.0000E+00 0.0000E+00 0.0000E+00 0.0000E+00 4.9951E-06 3.5801E-05 4.6295E-05 0.0000E+00 0.0000E+00 0.0000E+00 0.0000E+00 7.0698E-05 4.8485E-05 1.5155E-05 0
 0 1.2957E-05 9.6003E-05 6.0444E-05 1.0892E-04 0.0000E+00 4.8564E-05 0.0000E+00 0.0000E+00 0.0000E+00 0.0000E+00 0.0000E+00 0.0000E+00 0.0000E+00 0.0000E+00 4.0915E-05 1.5946E-04 5.0796E-06 0.0000E+00 0.0000E+00 0.0000E+00 5.9295E-05 3.5726E-05 1.9429E-05 0
 0 1.6744E-05 8.2288E-05 5.5300E-05 9.9527E-05 0.0000E+00 1.9997E-05 0.0000E+00 0.0000E+00 0.0000E+00 0.0000E+00 0.0000E+00 0.0000E+00 0.0000E+00 4.9951E-06 4.6030E-05 6.6870E-05 2.5398E-05 0.0000E+00 0.0000E+00 3.2617E-06 4.1050E-05 4.8485E-05 1.4766E-05 0
 0 1.7342E-05 7.8860E-05 6.4302E-05 9.0138E-05 0.0000E+00 2.8567E-05 0.0000E+00 0.0000E+00 0.0000E+00 0.0000E+00 0.0000E+00 0.0000E+00 0.0000E+00 0.0000E+00 5.6259E-05 9.7734E-05 5.0796E-06 0.0000E+00 0.0000E+00 0.0000E+00 5.2453E-05 6.7623E-05 2.4869E-05 0
 0 1.4551E-05 8.5717E-05 8.3593E-05 1.1079E-04 0.0000E+00 4.8564E-05 0.0000E+00 0.0000E+00 0.0000E+00 0.0000E+00 0.0000E+00 0.0000E+00 0.0000E+00 4.9951E-06 4.6030E-05 4.6295E-05 0.0000E+00 0.0000E+00 0.0000E+00 0.0000E+00 6.1575E-05 4.3381E-05 2.1372E-05 0
 0 1.3355E-05 1.0149E-04 7.4591E-05 8.4504E-05 0.0000E+00 2.5710E-05 0.0000E+00 0.0000E+00 0.0000E+00 0.0000E+00 0.0000E+00 0.0000E+00 0.0000E+00 0.0000E+00 5.1144E-05 2.0575E-05 5.0796E-06 0.0000E+00 0.0000E+00 0.0000E+00 4.7892E-05 5.4864E-05 2.2926E-05 0
 0 1.7741E-05 8.5717E-05 7.4591E-05 1.1643E-04 0.0000E+00 1.1427E-05 0.0000E+00 0.0000E+00 0.0000E+00 0.0000E+00 0.0000E+00 0.0000E+00 0.0000E+00 0.0000E+00 2.0458E-05 1.3888E-04 5.0796E-06 0.0000E+00 0.0000E+00 0.0000E+00 5.9295E-05 4.8485E-05 2.0206E-05 0
 0 1.8538E-05 8.7774E-05 6.4302E-05 5.8214E-05 0.0000E+00 4.8564E-05 0.0000E+00 0.0000E+00 0.0000E+00 0.0000E+00 0.0000E+00 0.0000E+00 0.0000E+00 0.0000E+00 3.0687E-05 7.2014E-05 0.0000E+00 0.0000E+00 0.0000E+00 0.0000E+00 6.3856E-05 3.9553E-05 1.8263E-05 0
 0 1.5548E-05 9.4632E-05 4.5012E-05 9.2015E-05 0.0000E+00 3.9994E-05 0.0000E+00 0.0000E+00 0.0000E+00 0.0000E+00 0.0000E+00 0.0000E+00 0.0000E+00 0.0000E+00 2.5572E-05 5.6583E-05 1.5239E-05 0.0000E+00 0.0000E+00 0.0000E+00 6.3856E-05 4.4657E-05 2.2926E-05 0
 0 1.7940E-05 7.9545E-05 6.5588E-05 1.2206E-04 0.0000E+00 1.7140E-05 0.0000E+00 0.0000E+00 0.0000E+00 0.0000E+00 0.0000E+00 0.0000E+00 0.0000E+00 0.0000E+00 2.5572E-05 8.7446E-05 2.0318E-05 0.0000E+00 0.0000E+00 0.0000E+00 4.3331E-05 4.2105E-05 2.0595E-05 0
 0 1.4153E-05 9.6689E-05 8.1021E-05 9.3893E-05 0.0000E+00 1.4283E-05 0.0000E+00 0.0000E+00 0.0000E+00 0.0000E+00 0.0000E+00 0.0000E+00 0.0000E+00 0.0000E+00 5.1144E-05 8.2302E-05 0.0000E+00 0.0000E+00 0.0000E+00 0.0000E+00 5.4734E-05 5.7416E-05 2.1760E-05 0
 0 1.9734E-05 1.0423E-04 6.0444E-05 1.1079E-04 0.0000E+00 4.2850E-05 0.0000E+00 0.0000E+00 0.0000E+00 0.0000E+00 0.0000E+00 0.0000E+00 0.0000E+00 0.0000E+00 5.1144E-06 5.1439E-05 0.0000E+00 0.0000E+00 0.0000E+00 0.0000E+00 3.8770E-05 4.7209E-05 1.7098E-05 0
 0 1.8937E-05 8.5031E-05 4.1153E-05 1.0140E-04 0.0000E+00 3.4280E-05 0.0000E+00 0.0000E+00 0.0000E+00 0.0000E+00 0.0000E+00 0.0000E+00 0.0000E+00 0.0000E+00 6.1373E-05 6.1726E-05 1.5239E-05 0.0000E+00 0.0000E+00 0.0000E+00 4.1050E-05 5.2312E-05 1.5543E-05 0
 0 1.4950E-05 7.2688E-05 6.5588E-05 6.1970E-05 0.0000E+00 4.2850E-05 0.0000E+00 0.0000E+00 0.0000E+00 0.0000E+00 0.0000E+00 0.0000E+00 0.0000E+00 0.0000E+00 2.0458E-05 5.6583E-05 1.0159E-05 0.0000E+00 0.0000E+00 0.0000E+00 5.2453E-05 4.2105E-05 2.0595E-05 0
 0 1.5149E-05 1.0355E-04 4.8870E-05 9.7649E-05 0.0000E+00 1.1427E-05 0.0000E+00 0.0000E+00 0.0000E+00 0.0000E+00 0.0000E+00 0.0000E+00 0.0000E+00 9.9903E-06 3.5801E-05 5.1439E-05 0.0000E+00 0.0000E+00 0.0000E+00 0.0000E+00 3.6489E-05 3.0622E-05 1.5932E-05 0
 0 1.4352E-05 1.1109E-04 6.4302E-05 6.9481E-05 0.0000E+00 2.5710E-05 0.0000E+00 0.0000E+00 0.0000E+00 0.0000E+00 0.0000E+00 0.0000E+00 0.0000E+00 0.0000E+00 4.0915E-05 3.0863E-05 1.5239E-05 0.0000E+00 0.0000E+00 0.0000E+00 7.7539E-05 2.8070E-05 2.5646E-05 0
 0 1.5149E-05 9.5317E-05 5.4014E-05 6.5725E-05 0.0000E+00 1.1427E-05 0.0000E+00 0.0000E+00 0.0000E+00 0.0000E+00 0.0000E+00 0.0000E+00 0.0000E+00 0.0000E+00 4.6030E-05 6.6870E-05 2.0318E-05 0.0000E+00 0.0000E+00 0.0000E+00 3.6489E-05 2.9346E-05 1.3989E-05 0
 0 1.6345E-05 1.1589E-04 6.6874E-05 5.4458E-05 0.0000E+00 1.1427E-05 0.0000E+00 0.0000E+00 0.0000E+00 0.0000E+00 0.0000E+00 0.0000E+00 0.0000E+00 4.9951E-06 2.0458E-05 5.6583E-05 0.0000E+00 0.0000E+00 0.0000E+00 0.0000E+00 5.9295E-05 3.9553E-05 1.8263E-05 0
 0 1.5747E-05 9.6689E-05 5.7872E-05 1.2206E-04 0.0000E+00 3.7137E-05 0.0000E+00 0.0000E+00 0.0000E+00 0.0000E+00 0.0000E+00 0.0000E+00 0.0000E+00 0.0000E+00 1.5343E-05 6.6870E-05 1.5239E-05 0.0000E+00 0.0000E+00 0.0000E+00 5.7014E-05 6.3796E-05 1.9429E-05 0
 0 1.5747E-05 6.5145E-05 7.9735E-05 7.6993E-05 0.0000E+00 3.1424E-05 0.0000E+00 0.0000E+00 0.0000E+00 0.0000E+00 0.0000E+00 8.7567E-06 0.0000E+00 0.0000E+00 3.0687E-05 2.5719E-05 5.0796E-06 0.0000E+00 0.0000E+00 0.0000E+00 7.7539E-05 4.9761E-05 1.8652E-05 0
 0 1.1362E-05 9.3260E-05 5.5300E-05 1.0140E-04 0.0000E+00 2.8567E-05 0.0000E+00 0.0000E+00 0.0000E+00 0.0000E+00 0.0000E+00 0.0000E+00 0.0000E+00 9.9903E-06 2.5572E-05 2.0575E-05 5.0796E-06 0.0000E+00 0.0000E+00 0.0000E+00 5.2453E-05 5.1036E-05 1.5155E-05 0
 0 1.3953E-05 9.1889E-05 4.5012E-05 7.8870E-05 0.0000E+00 1.4283E-05 0.0000E+00 0.0000E+00 0.0000E+00 0.0000E+00 0.0000E+00 0.0000E+00 0.0000E+00 0.0000E+00 2.0458E-05 9.2590E-05 0.0000E+00 0.0000E+00 0.0000E+00 0.0000E+00 8.8942E-05 3.5726E-05 1.8652E-05 0
 0 1.6744E-05 7.9545E-05 5.6586E-05 8.2626E-05 2.4208E-06 1.1427E-05 0.0000E+00 0.0000E+00 0.0000E+00 0.0000E+00 0.0000E+00 0.0000E+00 0.0000E+00 4.9951E-06 5.1144E-06 5.1439E-05 1.0159E-05 0.0000E+00 0.0000E+00 0.0000E+00 5.4734E-05 5.2312E-05 1.5543E-05 0
 0 1.3555E-05 8.2288E-05 6.4302E-05 8.0748E-05 0.0000E+00 2.2854E-05 0.0000E+00 0.0000E+00 0.0000E+00 0.0000E+00 0.0000E+00 0.0000E+00 0.0000E+00 0.0000E+00 3.0687E-05 2.5719E-05 1.5239E-05 0.0000E+00 0.0000E+00 0.0000E+00 7.5259E-05 3.3174E-05 1.5932E-05 0
 0 1.6545E-05 8.5031E-05 5.4014E-05 5.8214E-05 0.0000E+00 3.9994E-05 0.0000E+00 0.0000E+00 0.0000E+00 0.0000E+00 0.0000E+00 0.0000E+00 0.0000E+00 0.0000E+00 5.1144E-05 5.6583E-05 0.0000E+00 0.0000E+00 0.0000E+00 0.0000E+00 3.1928E-05 4.7209E-05 2.4481E-05 0
 0 1.5548E-05 1.1178E-04 6.5588E-05 6.9481E-05 0.0000E+00 8.5701E-06 0.0000E+00 0.0000E+00 0.0000E+00 0.0000E+00 0.0000E+00 0.0000E+00 0.0000E+00 0.0000E+00 1.5343E-05 6.6870E-05 0.0000E+00 0.0000E+00 0.0000E+00 0.0000E+00 3.4209E-05 3.7001E-05 1.7486E-05 0
 0 1.6146E-05 8.6403E-05 4.2440E-05 8.8260E-05 0.0000E+00 1.1427E-05 0.0000E+00 0.0000E+00 0.0000E+00 0.0000E+00 0.0000E+00 0.0000E+00 0.0000E+00 0.0000E+00 4.0915E-05 3.0863E-05 1.5239E-05 0.0000E+00 0.0000E+00 0.0000E+00 3.6489E-05 3.0622E-05 1.7486E-05 0
 0 1.5349E-05 8.9146E-05 5.7872E-05 7.3237E-05 4.8415E-06 5.7134E-06 0.0000E+00 0.0000E+00 0.0000E+00 0.0000E+00 0.0000E+00 0.0000E+00 0.0000E+00 0.0000E+00 3.0687E-05 4.6295E-05 5.0796E-06 0.0000E+00 0.0000E+00 0.0000E+00 4.3331E-05 5.3588E-05 1.7875E-05 0
 0 1.5349E-05 6.6516E-05 4.2440E-05 9.2015E-05 0.0000E+00 2.5710E-05 0.0000E+00 0.0000E+00 0.0000E+00 0.0000E+00 0.0000E+00 0.0000E+00 0.0000E+00 0.0000E+00 3.5801E-05 5.6583E-05 1.0159E-05 0.0000E+00 0.0000E+00 0.0000E+00 6.3856E-05 5.2312E-05 1.8652E-05 0
 0 1.2159E-05 9.6003E-05 7.5877E-05 6.5725E-05 0.0000E+00 1.4283E-05 0.0000E+00 0.0000E+00 0.0000E+00 0.0000E+00 0.0000E+00 0.0000E+00 0.0000E+00 0.0000E+00 2.0458E-05 4.6295E-05 1.0159E-05 0.0000E+00 0.0000E+00 0.0000E+00 4.3331E-05 4.0829E-05 1.8652E-05 0
 0 1.6744E-05 9.1889E-05 5.7872E-05 1.0140E-04 0.0000E+00 3.4280E-05 0.0000E+00 0.0000E+00 0.0000E+00 0.0000E+00 0.0000E+00 0.0000E+00 0.0000E+00 0.0000E+00 1.5343E-05 6.1726E-05 5.0796E-06 0.0000E+00 0.0000E+00 0.0000E+00 3.8770E-05 3.8277E-05 1.8652E-05 0
 0 1.5149E-05 9.0517E-05 5.5300E-05 7.5115E-05 0.0000E+00 0.0000E+00 0.0000E+00 0.0000E+00 0.0000E+00 0.0000E+00 0.0000E+00 0.0000E+00 0.0000E+00 0.0000E+00 1.5343E-05 3.0863E-05 0.0000E+00 0.0000E+00 0.0000E+00 0.0000E+00 3.1928E-05 3.5726E-05 2.2149E-05 0
 0 1.4751E-05 7.3374E-05 6.4302E-05 6.0092E-05 0.0000E+00 5.7134E-06 0.0000E+00 0.0000E+00 0.0000E+00 0.0000E+00 0.0000E+00 4.3784E-06 0.0000E+00 9.9903E-06 1.0229E-05 2.5719E-05 0.0000E+00 0.0000E+00 0.0000E+00 0.0000E+00 5.0173E-05 4.8485E-05 2.2926E-05 0
 0 1.3555E-05 9.8060E-05 6.3016E-05 9.9527E-05 0.0000E+00 1.9997E-05 0.0000E+00 0.0000E+00 0.0000E+00 0.0000E+00 0.0000E+00 0.0000E+00 0.0000E+00 4.9951E-06 1.0229E-05 2.5719E-05 5.0796E-06 0.0000E+00 0.0000E+00 0.0000E+00 5.2453E-05 3.9553E-05 2.5258E-05 0
 0 1.3754E-05 8.2974E-05 4.7584E-05 6.5725E-05 0.0000E+00 3.4280E-05 0.0000E+00 0.0000E+00 0.0000E+00 0.0000E+00 0.0000E+00 0.0000E+00 0.0000E+00 0.0000E+00 1.0229E-05 3.0863E-05 0.0000E+00 0.0000E+00 0.0000E+00 0.0000E+00 5.2453E-05 4.3381E-05 1.8652E-05 0
 0 1.3156E-05 9.4632E-05 5.0156E-05 9.0138E-05 0.0000E+00 1.7140E-05 0.0000E+00 0.0000E+00 0.0000E+00 0.0000E+00 0.0000E+00 0.0000E+00 0.0000E+00 0.0000E+00 1.0229E-05 1.5432E-05 5.0796E-06 0.0000E+00 0.0000E+00 0.0000E+00 6.8417E-05 3.5726E-05 2.2538E-05 0
 0 1.5548E-05 9.0517E-05 4.3726E-05 7.1359E-05 0.0000E+00 1.4283E-05 0.0000E+00 0.0000E+00 0.0000E+00 0.0000E+00 0.0000E+00 4.3784E-06 0.0000E+00 4.9951E-06 3.5801E-05 2.5719E-05 5.0796E-06 0.0000E+00 0.0000E+00 0.0000E+00 4.7892E-05 4.3381E-05 1.8263E-05 0
 0 1.7541E-05 8.2288E-05 6.8160E-05 8.0748E-05 0.0000E+00 3.4280E-05 0.0000E+00 0.0000E+00 0.0000E+00 0.0000E+00 0.0000E+00 0.0000E+00 0.0000E+00 9.9903E-06 1.0229E-05 1.5432E-05 0.0000E+00 0.0000E+00 0.0000E+00 0.0000E+00 7.0698E-05 3.4450E-05 1.7486E-05 0
 0 1.4751E-05 9.6003E-05 6.6874E-05 7.3237E-05 0.0000E+00 5.7134E-06 0.0000E+00 0.0000E+00 0.0000E+00 0.0000E+00 0.0000E+00 0.0000E+00 0.0000E+00 0.0000E+00 3.5801E-05 4.1151E-05 0.0000E+00 0.0000E+00 0.0000E+00 0.0000E+00 2.5086E-05 3.1898E-05 1.6709E-05 0
 0 1.5548E-05 8.5717E-05 5.4014E-05 7.6993E-05 0.0000E+00 1.9997E-05 0.0000E+00 0.0000E+00 0.0000E+00 0.0000E+00 0.0000E+00 0.0000E+00 0.0000E+00 0.0000E+00 1.5343E-05 2.5719E-05 5.0796E-06 0.0000E+00 0.0000E+00 0.0000E+00 4.3331E-05 4.4657E-05 1.9429E-05 0
 0 1.2757E-05 1.0012E-04 7.5877E-05 9.0138E-05 0.0000E+00 1.4283E-05 0.0000E+00 0.0000E+00 0.0000E+00 0.0000E+00 0.0000E+00 0.0000E+00 0.0000E+00 0.0000E+00 1.0229E-05 4.1151E-05 5.0796E-06 0.0000E+00 0.0000E+00 0.0000E+00 7.0698E-05 2.4242E-05 1.8263E-05 0
 0 1.9734E-05 9.2574E-05 5.7872E-05 6.0092E-05 0.0000E+00 1.1427E-05 0.0000E+00 0.0000E+00 0.0000E+00 0.0000E+00 0.0000E+00 0.0000E+00 0.0000E+00 4.9951E-06 3.5801E-05 2.0575E-05 5.0796E-06 0.0000E+00 0.0000E+00 0.0000E+00 7.0698E-05 2.1691E-05 1.9040E-05 0
 0 1.3156E-05 8.3660E-05 3.7295E-05 8.8260E-05 0.0000E+00 1.7140E-05 0.0000E+00 0.0000E+00 0.0000E+00 0.0000E+00 0.0000E+00 0.0000E+00 0.0000E+00 0.0000E+00 3.5801E-05 2.5719E-05 0.0000E+00 0.0000E+00 0.0000E+00 0.0000E+00 4.5611E-05 3.8277E-05 1.3600E-05 0
 0 1.4551E-05 8.0231E-05 4.7584E-05 7.3237E-05 0.0000E+00 2.8567E-05 0.0000E+00 0.0000E+00 0.0000E+00 0.0000E+00 0.0000E+00 0.0000E+00 0.0000E+00 0.0000E+00 1.0229E-05 3.0863E-05 0.0000E+00 0.0000E+00 0.0000E+00 0.0000E+00 3.1928E-05 3.5726E-05 1.9040E-05 0
 0 1.1561E-05 1.0217E-04 7.7163E-05 9.3893E-05 0.0000E+00 1.9997E-05 0.0000E+00 0.0000E+00 0.0000E+00 0.0000E+00 0.0000E+00 0.0000E+00 0.0000E+00 9.9903E-06 2.0458E-05 6.1726E-05 1.5239E-05 0.0000E+00 0.0000E+00 0.0000E+00 3.8770E-05 3.3174E-05 1.7098E-05 0
 0 1.6545E-05 9.5317E-05 6.0444E-05 6.3847E-05 0.0000E+00 1.7140E-05 0.0000E+00 0.0000E+00 0.0000E+00 0.0000E+00 0.0000E+00 0.0000E+00 0.0000E+00 0.0000E+00 3.0687E-05 3.6007E-05 5.0796E-06 0.0000E+00 0.0000E+00 0.0000E+00 2.5086E-05 3.9553E-05 1.8263E-05 0
 0 1.4153E-05 9.6003E-05 4.7584E-05 7.1359E-05 0.0000E+00 5.7134E-06 0.0000E+00 0.0000E+00 0.0000E+00 0.0000E+00 0.0000E+00 0.0000E+00 0.0000E+00 9.9903E-06 1.0229E-05 3.0863E-05 2.0318E-05 0.0000E+00 0.0000E+00 0.0000E+00 4.1050E-05 4.7209E-05 1.5932E-05 0
 0 1.5548E-05 7.7488E-05 6.1730E-05 4.6947E-05 0.0000E+00 1.7140E-05 0.0000E+00 0.0000E+00 0.0000E+00 0.0000E+00 0.0000E+00 0.0000E+00 0.0000E+00 0.0000E+00 1.0229E-05 4.1151E-05 5.0796E-06 0.0000E+00 0.0000E+00 0.0000E+00 5.7014E-05 5.3588E-05 2.0983E-05 0
 0 1.3355E-05 6.5831E-05 6.0444E-05 7.1359E-05 0.0000E+00 2.5710E-05 0.0000E+00 0.0000E+00 0.0000E+00 0.0000E+00 0.0000E+00 0.0000E+00 0.0000E+00 0.0000E+00 1.0229E-05 1.0288E-05 0.0000E+00 0.0000E+00 0.0000E+00 0.0000E+00 4.5611E-05 4.2105E-05 1.6709E-05 0
 0 1.2757E-05 7.9545E-05 4.8870E-05 5.6336E-05 0.0000E+00 1.4283E-05 0.0000E+00 0.0000E+00 0.0000E+00 0.0000E+00 0.0000E+00 0.0000E+00 0.0000E+00 0.0000E+00 1.5343E-05 3.0863E-05 0.0000E+00 0.0000E+00 0.0000E+00 0.0000E+00 5.0173E-05 4.3381E-05 2.0206E-05 0
 0 1.4352E-05 9.1203E-05 4.2440E-05 6.3847E-05 0.0000E+00 1.9997E-05 0.0000E+00 0.0000E+00 0.0000E+00 0.0000E+00 0.0000E+00 0.0000E+00 0.0000E+00 0.0000E+00 2.0458E-05 5.1439E-06 0.0000E+00 0.0000E+00 0.0000E+00 0.0000E+00 4.1050E-05 4.5933E-05 1.8652E-05 0
 0 1.7143E-05 7.8860E-05 3.8581E-05 4.3191E-05 0.0000E+00 1.7140E-05 0.0000E+00 0.0000E+00 0.0000E+00 0.0000E+00 0.0000E+00 0.0000E+00 0.0000E+00 4.9951E-06 3.5801E-05 1.0288E-05 0.0000E+00 0.0000E+00 0.0000E+00 0.0000E+00 4.3331E-05 3.7001E-05 1.6320E-05 0
 0 1.1561E-05 8.0917E-05 5.2728E-05 8.4504E-05 0.0000E+00 8.5701E-06 0.0000E+00 0.0000E+00 0.0000E+00 0.0000E+00 0.0000E+00 0.0000E+00 0.0000E+00 0.0000E+00 2.0458E-05 5.1439E-06 5.0796E-06 0.0000E+00 0.0000E+00 0.0000E+00 4.1050E-05 4.4657E-05 1.6709E-05 0
 0 1.0764E-05 6.8574E-05 4.6298E-05 6.9481E-05 0.0000E+00 2.8567E-05 0.0000E+00 0.0000E+00 0.0000E+00 0.0000E+00 0.0000E+00 0.0000E+00 0.0000E+00 0.0000E+00 1.5343E-05 2.0575E-05 0.0000E+00 0.0000E+00 0.0000E+00 0.0000E+00 4.5611E-05 4.4657E-05 1.8263E-05 0
 0 1.3156E-05 9.6689E-05 6.3016E-05 3.9435E-05 0.0000E+00 1.4283E-05 0.0000E+00 0.0000E+00 0.0000E+00 0.0000E+00 0.0000E+00 0.0000E+00 0.0000E+00 0.0000E+00 1.0229E-05 2.5719E-05 0.0000E+00 0.0000E+00 0.0000E+00 0.0000E+00 1.5964E-05 3.3174E-05 1.8263E-05 0
 0 1.9535E-05 7.4060E-05 6.3016E-05 6.9481E-05 0.0000E+00 5.7134E-06 0.0000E+00 0.0000E+00 0.0000E+00 0.0000E+00 0.0000E+00 0.0000E+00 0.0000E+00 0.0000E+00 3.5801E-05 1.5432E-05 5.0796E-06 0.0000E+00 0.0000E+00 0.0000E+00 3.4209E-05 4.7209E-05 1.7098E-05 0
 0 1.6943E-05 9.4632E-05 4.2440E-05 4.8825E-05 0.0000E+00 1.1427E-05 0.0000E+00 0.0000E+00 0.0000E+00 0.0000E+00 0.0000E+00 0.0000E+00 0.0000E+00 0.0000E+00 1.0229E-05 2.5719E-05 5.0796E-06 0.0000E+00 0.0000E+00 0.0000E+00 6.6137E-05 2.4242E-05 2.2149E-05 0
 0 1.5349E-05 9.1889E-05 3.0865E-05 6.1970E-05 0.0000E+00 1.1427E-05 0.0000E+00 0.0000E+00 0.0000E+00 0.0000E+00 0.0000E+00 0.0000E+00 0.0000E+00 0.0000E+00 2.0458E-05 5.1439E-06 0.0000E+00 0.0000E+00 0.0000E+00 0.0000E+00 5.4734E-05 4.0829E-05 2.0206E-05 0
 0 1.6744E-05 8.6403E-05 7.0733E-05 7.8870E-05 0.0000E+00 1.1427E-05 0.0000E+00 0.0000E+00 0.0000E+00 0.0000E+00 0.0000E+00 0.0000E+00 0.0000E+00 0.0000E+00 3.0687E-05 0.0000E+00 0.0000E+00 0.0000E+00 0.0000E+00 0.0000E+00 4.3331E-05 2.1691E-05 1.8652E-05 0
 0 1.3953E-05 7.8860E-05 7.2019E-05 6.7603E-05 0.0000E+00 2.2854E-05 0.0000E+00 0.0000E+00 0.0000E+00 0.0000E+00 0.0000E+00 0.0000E+00 0.0000E+00 4.9951E-06 2.5572E-05 4.6295E-05 0.0000E+00 0.0000E+00 0.0000E+00 0.0000E+00 6.1575E-05 3.7001E-05 2.0983E-05 0
 0 1.0565E-05 8.6403E-05 3.4723E-05 6.1970E-05 0.0000E+00 1.7140E-05 0.0000E+00 0.0000E+00 0.0000E+00 0.0000E+00 0.0000E+00 0.0000E+00 0.0000E+00 0.0000E+00 0.0000E+00 2.0575E-05 5.0796E-06 0.0000E+00 0.0000E+00 0.0000E+00 5.4734E-05 6.1244E-05 2.3703E-05 0
 0 1.2159E-05 8.6403E-05 6.9447E-05 8.0748E-05 0.0000E+00 2.8567E-05 0.0000E+00 0.0000E+00 0.0000E+00 0.0000E+00 0.0000E+00 0.0000E+00 0.0000E+00 0.0000E+00 0.0000E+00 1.0288E-05 5.0796E-06 0.0000E+00 0.0000E+00 0.0000E+00 4.3331E-05 3.1898E-05 2.2149E-05 0
 0 1.2957E-05 8.5717E-05 4.8870E-05 7.3237E-05 0.0000E+00 2.2854E-05 0.0000E+00 0.0000E+00 0.0000E+00 0.0000E+00 0.0000E+00 0.0000E+00 0.0000E+00 0.0000E+00 0.0000E+00 2.5719E-05 5.0796E-06 0.0000E+00 0.0000E+00 0.0000E+00 4.7892E-05 3.8277E-05 1.8263E-05 0
 0 1.5349E-05 8.9146E-05 5.0156E-05 6.5725E-05 0.0000E+00 5.7134E-06 0.0000E+00 0.0000E+00 0.0000E+00 0.0000E+00 0.0000E+00 0.0000E+00 0.0000E+00 0.0000E+00 5.1144E-06 3.6007E-05 0.0000E+00 0.0000E+00 0.0000E+00 0.0000E+00 6.3856E-05 2.9346E-05 1.9040E-05 0
 0 1.3953E-05 9.5317E-05 4.1153E-05 6.0092E-05 0.0000E+00 1.4283E-05 0.0000E+00 0.0000E+00 0.0000E+00 0.0000E+00 0.0000E+00 0.0000E+00 0.0000E+00 0.0000E+00 0.0000E+00 2.0575E-05 0.0000E+00 0.0000E+00 0.0000E+00 0.0000E+00 4.7892E-05 2.2966E-05 1.3212E-05 0
 0 1.0365E-05 8.7089E-05 4.3726E-05 6.0092E-05 0.0000E+00 5.7134E-06 0.0000E+00 0.0000E+00 0.0000E+00 0.0000E+00 0.0000E+00 0.0000E+00 0.0000E+00 0.0000E+00 1.0229E-05 1.0288E-05 5.0796E-06 0.0000E+00 0.0000E+00 0.0000E+00 1.5964E-05 3.8277E-05 1.7098E-05 0
 0 1.6345E-05 7.8174E-05 5.0156E-05 7.3237E-05 0.0000E+00 0.0000E+00 0.0000E+00 0.0000E+00 0.0000E+00 0.0000E+00 0.0000E+00 0.0000E+00 0.0000E+00 0.0000E+00 2.0458E-05 2.5719E-05 0.0000E+00 0.0000E+00 0.0000E+00 0.0000E+00 4.3331E-05 3.1898E-05 8.9373E-06 0
 0 1.3754E-05 8.4346E-05 5.0156E-05 7.8870E-05 0.0000E+00 1.7140E-05 0.0000E+00 0.0000E+00 0.0000E+00 0.0000E+00 0.0000E+00 0.0000E+00 0.0000E+00 0.0000E+00 2.0458E-05 2.5719E-05 5.0796E-06 0.0000E+00 0.0000E+00 0.0000E+00 3.1928E-05 4.4657E-05 1.5155E-05 0
 0 1.7741E-05 8.7774E-05 4.5012E-05 4.8825E-05 0.0000E+00 3.1424E-05 0.0000E+00 0.0000E+00 0.0000E+00 0.0000E+00 0.0000E+00 0.0000E+00 0.0000E+00 0.0000E+00 1.0229E-05 2.0575E-05 0.0000E+00 0.0000E+00 0.0000E+00 0.0000E+00 1.1403E-05 3.4450E-05 1.8263E-05 0
 0 1.4153E-05 6.1716E-05 3.4723E-05 7.3237E-05 0.0000E+00 2.2854E-05 0.0000E+00 0.0000E+00 0.0000E+00 0.0000E+00 0.0000E+00 0.0000E+00 0.0000E+00 0.0000E+00 5.1144E-06 1.0288E-05 0.0000E+00 0.0000E+00 0.0000E+00 0.0000E+00 2.0525E-05 3.4450E-05 1.6320E-05 0
 0 1.7143E-05 7.7488E-05 3.9867E-05 5.4458E-05 0.0000E+00 2.2854E-05 0.0000E+00 0.0000E+00 0.0000E+00 0.0000E+00 0.0000E+00 0.0000E+00 0.0000E+00 0.0000E+00 5.1144E-06 1.5432E-05 1.0159E-05 0.0000E+00 0.0000E+00 0.0000E+00 3.4209E-05 2.9346E-05 1.7875E-05 0
 0 1.5747E-05 8.8460E-05 3.8581E-05 6.1970E-05 0.0000E+00 8.5701E-06 0.0000E+00 0.0000E+00 0.0000E+00 0.0000E+00 0.0000E+00 0.0000E+00 0.0000E+00 0.0000E+00 1.5343E-05 2.0575E-05 0.0000E+00 0.0000E+00 0.0000E+00 0.0000E+00 4.3331E-05 3.1898E-05 1.3212E-05 0
 0 1.2359E-05 6.6516E-05 4.1153E-05 5.2580E-05 0.0000E+00 2.2854E-05 0.0000E+00 0.0000E+00 0.0000E+00 0.0000E+00 0.0000E+00 0.0000E+00 0.0000E+00 0.0000E+00 0.0000E+00 3.0863E-05 0.0000E+00 0.0000E+00 0.0000E+00 0.0000E+00 3.8770E-05 3.8277E-05 1.2823E-05 0
 0 1.1163E-05 8.1603E-05 6.4302E-05 5.2580E-05 0.0000E+00 1.1427E-05 0.0000E+00 0.0000E+00 0.0000E+00 0.0000E+00 0.0000E+00 0.0000E+00 0.0000E+00 0.0000E+00 1.0229E-05 1.0288E-05 5.0796E-06 0.0000E+00 0.0000E+00 0.0000E+00 6.8417E-05 3.0622E-05 1.9429E-05 0
 0 1.0565E-05 7.8174E-05 2.1863E-05 5.2580E-05 0.0000E+00 0.0000E+00 0.0000E+00 0.0000E+00 0.0000E+00 0.0000E+00 0.0000E+00 0.0000E+00 0.0000E+00 0.0000E+00 5.1144E-06 3.6007E-05 5.0796E-06 0.0000E+00 0.0000E+00 0.0000E+00 4.1050E-05 3.0622E-05 2.3315E-05 0
 0 1.3953E-05 8.5717E-05 5.5300E-05 6.5725E-05 0.0000E+00 1.1427E-05 0.0000E+00 0.0000E+00 0.0000E+00 0.0000E+00 0.0000E+00 0.0000E+00 0.0000E+00 0.0000E+00 1.5343E-05 3.6007E-05 5.0796E-06 0.0000E+00 0.0000E+00 0.0000E+00 3.4209E-05 4.5933E-05 1.3212E-05 0
 0 1.9335E-05 8.8460E-05 5.4014E-05 6.1970E-05 0.0000E+00 2.2854E-05 0.0000E+00 0.0000E+00 0.0000E+00 0.0000E+00 0.0000E+00 0.0000E+00 0.0000E+00 0.0000E+00 1.0229E-05 2.0575E-05 0.0000E+00 0.0000E+00 0.0000E+00 0.0000E+00 3.1928E-05 3.7001E-05 1.8652E-05 0
 0 1.6943E-05 6.3088E-05 4.5012E-05 5.4458E-05 0.0000E+00 1.4283E-05 0.0000E+00 0.0000E+00 0.0000E+00 0.0000E+00 0.0000E+00 0.0000E+00 0.0000E+00 0.0000E+00 1.0229E-05 2.0575E-05 5.0796E-06 0.0000E+00 0.0000E+00 0.0000E+00 2.9647E-05 3.7001E-05 1.0880E-05 0
 0 1.2159E-05 9.5317E-05 6.1730E-05 4.5069E-05 0.0000E+00 1.9997E-05 0.0000E+00 0.0000E+00 0.0000E+00 0.0000E+00 0.0000E+00 0.0000E+00 0.0000E+00 0.0000E+00 2.5572E-05 0.0000E+00 5.0796E-06 0.0000E+00 0.0000E+00 0.0000E+00 2.5086E-05 2.9346E-05 1.1657E-05 0
 0 1.1362E-05 8.2288E-05 4.8870E-05 5.2580E-05 0.0000E+00 8.5701E-06 0.0000E+00 0.0000E+00 0.0000E+00 0.0000E+00 0.0000E+00 0.0000E+00 0.0000E+00 0.0000E+00 4.0915E-05 0.0000E+00 0.0000E+00 0.0000E+00 0.0000E+00 0.0000E+00 2.5086E-05 3.1898E-05 1.6320E-05 0
 0 1.2558E-05 7.9545E-05 6.0444E-05 5.8214E-05 0.0000E+00 8.5701E-06 0.0000E+00 0.0000E+00 0.0000E+00 0.0000E+00 0.0000E+00 0.0000E+00 0.0000E+00 0.0000E+00 2.5572E-05 2.5719E-05 1.5239E-05 0.0000E+00 0.0000E+00 0.0000E+00 2.5086E-05 3.4450E-05 7.3830E-06 0
 0 1.3754E-05 8.1603E-05 2.8293E-05 4.3191E-05 0.0000E+00 0.0000E+00 0.0000E+00 0.0000E+00 0.0000E+00 0.0000E+00 0.0000E+00 0.0000E+00 0.0000E+00 0.0000E+00 0.0000E+00 1.0288E-05 0.0000E+00 0.0000E+00 0.0000E+00 0.0000E+00 1.5964E-05 3.7001E-05 1.9429E-05 0
 0 1.6146E-05 7.6117E-05 3.0865E-05 5.0702E-05 0.0000E+00 0.0000E+00 0.0000E+00 0.0000E+00 0.0000E+00 0.0000E+00 0.0000E+00 0.0000E+00 0.0000E+00 0.0000E+00 5.1144E-06 1.0288E-05 1.5239E-05 0.0000E+00 0.0000E+00 0.0000E+00 4.7892E-05 4.5933E-05 1.6320E-05 0
 0 1.3355E-05 6.8574E-05 5.0156E-05 4.6947E-05 0.0000E+00 1.1427E-05 0.0000E+00 0.0000E+00 0.0000E+00 0.0000E+00 0.0000E+00 0.0000E+00 0.0000E+00 0.0000E+00 3.0687E-05 1.5432E-05 0.0000E+00 0.0000E+00 0.0000E+00 0.0000E+00 3.6489E-05 4.9761E-05 9.3259E-06 0
 0 1.2159E-05 6.9945E-05 5.4014E-05 7.3237E-05 0.0000E+00 8.5701E-06 0.0000E+00 0.0000E+00 0.0000E+00 0.0000E+00 0.0000E+00 0.0000E+00 0.0000E+00 0.0000E+00 5.1144E-06 1.0288E-05 0.0000E+00 0.0000E+00 0.0000E+00 0.0000E+00 2.0525E-05 2.0415E-05 1.4377E-05 0
 0 1.1561E-05 6.6516E-05 4.8870E-05 6.0092E-05 0.0000E+00 5.7134E-06 0.0000E+00 0.0000E+00 0.0000E+00 0.0000E+00 0.0000E+00 0.0000E+00 0.0000E+00 0.0000E+00 5.1144E-06 0.0000E+00 0.0000E+00 0.0000E+00 0.0000E+00 0.0000E+00 5.2453E-05 3.5726E-05 1.7098E-05 0
 0 1.3754E-05 8.6403E-05 5.2728E-05 5.0702E-05 0.0000E+00 5.7134E-06 0.0000E+00 0.0000E+00 0.0000E+00 0.0000E+00 0.0000E+00 0.0000E+00 0.0000E+00 4.9951E-06 1.0229E-05 0.0000E+00 1.0159E-05 0.0000E+00 0.0000E+00 0.0000E+00 2.9647E-05 4.2105E-05 1.7486E-05 0
 0 1.6345E-05 7.4060E-05 5.7872E-05 4.5069E-05 0.0000E+00 1.1427E-05 0.0000E+00 0.0000E+00 0.0000E+00 0.0000E+00 0.0000E+00 0.0000E+00 0.0000E+00 0.0000E+00 1.0229E-05 0.0000E+00 5.0796E-06 0.0000E+00 0.0000E+00 0.0000E+00 2.0525E-05 3.3174E-05 1.6320E-05 0
 0 1.1163E-05 8.0917E-05 2.9579E-05 4.8825E-05 0.0000E+00 0.0000E+00 0.0000E+00 0.0000E+00 0.0000E+00 0.0000E+00 0.0000E+00 0.0000E+00 0.0000E+00 0.0000E+00 1.0229E-05 5.1439E-06 5.0796E-06 0.0000E+00 0.0000E+00 0.0000E+00 4.3331E-05 4.8485E-05 1.3212E-05 0
 0 1.8139E-05 7.8174E-05 4.6298E-05 4.5069E-05 0.0000E+00 1.7140E-05 0.0000E+00 0.0000E+00 0.0000E+00 0.0000E+00 0.0000E+00 0.0000E+00 0.0000E+00 0.0000E+00 0.0000E+00 0.0000E+00 1.0159E-05 0.0000E+00 0.0000E+00 0.0000E+00 1.8245E-05 2.2966E-05 1.3212E-05 0
 0 1.7143E-05 6.8574E-05 5.4014E-05 6.5725E-05 0.0000E+00 5.7134E-06 0.0000E+00 0.0000E+00 0.0000E+00 0.0000E+00 0.0000E+00 0.0000E+00 0.0000E+00 0.0000E+00 5.1144E-06 5.1439E-06 0.0000E+00 0.0000E+00 0.0000E+00 0.0000E+00 3.8770E-05 3.1898E-05 1.4377E-05 0
 0 1.1761E-05 8.1603E-05 5.5300E-05 4.8825E-05 0.0000E+00 8.5701E-06 0.0000E+00 0.0000E+00 0.0000E+00 0.0000E+00 0.0000E+00 0.0000E+00 0.0000E+00 0.0000E+00 1.5343E-05 0.0000E+00 0.0000E+00 0.0000E+00 0.0000E+00 0.0000E+00 2.0525E-05 4.5933E-05 9.7145E-06 0
 0 1.3156E-05 8.6403E-05 5.2728E-05 4.5069E-05 0.0000E+00 5.7134E-06 0.0000E+00 0.0000E+00 0.0000E+00 0.0000E+00 0.0000E+00 0.0000E+00 0.0000E+00 0.0000E+00 0.0000E+00 2.0575E-05 1.5239E-05 0.0000E+00 0.0000E+00 0.0000E+00 3.8770E-05 3.1898E-05 1.5543E-05 0
 0 1.3754E-05 7.4745E-05 5.5300E-05 6.3847E-05 0.0000E+00 5.7134E-06 0.0000E+00 0.0000E+00 0.0000E+00 0.0000E+00 0.0000E+00 0.0000E+00 0.0000E+00 0.0000E+00 1.5343E-05 5.1439E-06 0.0000E+00 0.0000E+00 0.0000E+00 0.0000E+00 4.1050E-05 3.3174E-05 1.7098E-05 0
 0 1.0365E-05 8.2974E-05 5.7872E-05 4.8825E-05 0.0000E+00 3.1424E-05 0.0000E+00 0.0000E+00 0.0000E+00 0.0000E+00 0.0000E+00 0.0000E+00 0.0000E+00 0.0000E+00 1.0229E-05 2.0575E-05 0.0000E+00 0.0000E+00 0.0000E+00 0.0000E+00 4.3331E-05 3.8277E-05 1.3989E-05 0
 0 1.5349E-05 8.7774E-05 5.9158E-05 5.2580E-05 0.0000E+00 1.1427E-05 0.0000E+00 0.0000E+00 0.0000E+00 0.0000E+00 0.0000E+00 0.0000E+00 0.0000E+00 0.0000E+00 2.5572E-05 1.5432E-05 1.0159E-05 0.0000E+00 0.0000E+00 0.0000E+00 3.4209E-05 3.9553E-05 1.5543E-05 0
 0 1.1362E-05 7.1317E-05 4.8870E-05 5.2580E-05 0.0000E+00 8.5701E-06 0.0000E+00 0.0000E+00 0.0000E+00 0.0000E+00 0.0000E+00 0.0000E+00 0.0000E+00 0.0000E+00 1.0229E-05 1.0288E-05 1.0159E-05 0.0000E+00 0.0000E+00 0.0000E+00 3.8770E-05 2.1691E-05 1.8652E-05 0
 0 1.0565E-05 7.0631E-05 4.3726E-05 5.8214E-05 0.0000E+00 1.1427E-05 0.0000E+00 0.0000E+00 0.0000E+00 0.0000E+00 0.0000E+00 0.0000E+00 0.0000E+00 0.0000E+00 1.0229E-05 1.0288E-05 0.0000E+00 0.0000E+00 0.0000E+00 0.0000E+00 2.7367E-05 3.8277E-05 1.4377E-05 0
 0 1.2359E-05 8.0231E-05 3.8581E-05 4.3191E-05 0.0000E+00 2.8567E-06 0.0000E+00 0.0000E+00 0.0000E+00 0.0000E+00 0.0000E+00 0.0000E+00 0.0000E+00 0.0000E+00 0.0000E+00 0.0000E+00 0.0000E+00 0.0000E+00 0.0000E+00 0.0000E+00 4.3331E-05 2.8070E-05 1.7486E-05 0
 0 1.4551E-05 8.2288E-05 3.7295E-05 3.3802E-05 0.0000E+00 3.7137E-05 0.0000E+00 0.0000E+00 0.0000E+00 0.0000E+00 0.0000E+00 0.0000E+00 0.0000E+00 4.9951E-06 0.0000E+00 1.5432E-05 0.0000E+00 0.0000E+00 0.0000E+00 0.0000E+00 3.8770E-05 2.2966E-05 1.0103E-05 0
 0 1.1163E-05 8.5031E-05 4.5012E-05 4.5069E-05 0.0000E+00 1.7140E-05 0.0000E+00 0.0000E+00 0.0000E+00 0.0000E+00 0.0000E+00 0.0000E+00 0.0000E+00 4.9951E-06 1.0229E-05 1.0288E-05 1.0159E-05 0.0000E+00 0.0000E+00 0.0000E+00 4.5611E-05 3.8277E-05 1.4766E-05 0
 0 1.4551E-05 1.0012E-04 3.8581E-05 5.2580E-05 0.0000E+00 1.1427E-05 0.0000E+00 0.0000E+00 0.0000E+00 0.0000E+00 0.0000E+00 0.0000E+00 0.0000E+00 0.0000E+00 1.0229E-05 0.0000E+00 0.0000E+00 0.0000E+00 0.0000E+00 0.0000E+00 3.4209E-05 3.3174E-05 1.3989E-05 0
 0 1.5149E-05 7.2002E-05 4.6298E-05 4.6947E-05 0.0000E+00 2.8567E-06 0.0000E+00 0.0000E+00 0.0000E+00 0.0000E+00 0.0000E+00 0.0000E+00 0.0000E+00 0.0000E+00 2.5572E-05 5.1439E-06 0.0000E+00 0.0000E+00 0.0000E+00 0.0000E+00 3.1928E-05 2.5518E-05 1.7098E-05 0
 0 1.2957E-05 7.4745E-05 3.3437E-05 5.6336E-05 0.0000E+00 1.1427E-05 0.0000E+00 0.0000E+00 0.0000E+00 0.0000E+00 0.0000E+00 0.0000E+00 0.0000E+00 0.0000E+00 1.5343E-05 5.1439E-06 0.0000E+00 0.0000E+00 0.0000E+00 0.0000E+00 2.0525E-05 2.8070E-05 1.6709E-05 0
 0 1.1761E-05 7.1317E-05 4.7584E-05 5.2580E-05 0.0000E+00 2.5710E-05 0.0000E+00 0.0000E+00 0.0000E+00 0.0000E+00 0.0000E+00 0.0000E+00 0.0000E+00 0.0000E+00 2.5572E-05 0.0000E+00 0.0000E+00 0.0000E+00 0.0000E+00 0.0000E+00 3.4209E-05 3.0622E-05 1.3989E-05 0
 0 8.9700E-06 6.9259E-05 4.6298E-05 4.8825E-05 0.0000E+00 2.8567E-06 0.0000E+00 0.0000E+00 0.0000E+00 0.0000E+00 0.0000E+00 0.0000E+00 0.0000E+00 0.0000E+00 1.5343E-05 2.0575E-05 0.0000E+00 0.0000E+00 0.0000E+00 0.0000E+00 2.2806E-05 3.9553E-05 1.0880E-05 0
 0 1.5947E-05 8.5031E-05 4.2440E-05 4.5069E-05 0.0000E+00 2.8567E-06 0.0000E+00 0.0000E+00 0.0000E+00 0.0000E+00 0.0000E+00 0.0000E+00 0.0000E+00 0.0000E+00 5.1144E-06 5.1439E-06 0.0000E+00 0.0000E+00 0.0000E+00 0.0000E+00 2.9647E-05 3.8277E-05 1.7098E-05 0
 0 9.5680E-06 7.4060E-05 2.9579E-05 5.4458E-05 0.0000E+00 8.5701E-06 0.0000E+00 0.0000E+00 0.0000E+00 0.0000E+00 0.0000E+00 0.0000E+00 0.0000E+00 0.0000E+00 0.0000E+00 0.0000E+00 0.0000E+00 0.0000E+00 0.0000E+00 0.0000E+00 4.1050E-05 2.9346E-05 2.4092E-05 0
 0 1.3754E-05 8.8460E-05 2.9579E-05 4.6947E-05 0.0000E+00 8.5701E-06 0.0000E+00 0.0000E+00 0.0000E+00 0.0000E+00 0.0000E+00 0.0000E+00 0.0000E+00 0.0000E+00 0.0000E+00 0.0000E+00 0.0000E+00 0.0000E+00 0.0000E+00 0.0000E+00 5.9295E-05 4.7209E-05 1.3600E-05 0
 0 1.2359E-05 6.5831E-05 3.2151E-05 3.9435E-05 0.0000E+00 5.7134E-06 0.0000E+00 0.0000E+00 0.0000E+00 0.0000E+00 0.0000E+00 0.0000E+00 0.0000E+00 0.0000E+00 5.1144E-06 0.0000E+00 0.0000E+00 0.0000E+00 0.0000E+00 0.0000E+00 2.9647E-05 3.3174E-05 1.2435E-05 0
 0 8.5713E-06 6.4459E-05 3.4723E-05 2.8168E-05 0.0000E+00 0.0000E+00 0.0000E+00 0.0000E+00 0.0000E+00 0.0000E+00 0.0000E+00 0.0000E+00 0.0000E+00 0.0000E+00 1.0229E-05 1.0288E-05 0.0000E+00 0.0000E+00 0.0000E+00 0.0000E+00 5.4734E-05 2.4242E-05 1.5155E-05 0
 0 9.7673E-06 9.2574E-05 4.6298E-05 7.8870E-05 0.0000E+00 1.9997E-05 0.0000E+00 0.0000E+00 0.0000E+00 0.0000E+00 0.0000E+00 0.0000E+00 0.0000E+00 0.0000E+00 3.0687E-05 5.1439E-06 0.0000E+00 0.0000E+00 0.0000E+00 0.0000E+00 2.2806E-05 2.2966E-05 1.5543E-05 0
 0 1.1362E-05 7.8174E-05 4.5012E-05 6.0092E-05 0.0000E+00 1.1427E-05 0.0000E+00 0.0000E+00 0.0000E+00 0.0000E+00 0.0000E+00 0.0000E+00 0.0000E+00 0.0000E+00 5.1144E-06 5.1439E-06 5.0796E-06 0.0000E+00 0.0000E+00 0.0000E+00 3.4209E-05 3.9553E-05 2.2149E-05 0
 0 1.2359E-05 8.8460E-05 3.8581E-05 7.6993E-05 0.0000E+00 5.7134E-06 0.0000E+00 0.0000E+00 0.0000E+00 0.0000E+00 0.0000E+00 0.0000E+00 0.0000E+00 0.0000E+00 0.0000E+00 0.0000E+00 0.0000E+00 0.0000E+00 0.0000E+00 0.0000E+00 2.2806E-05 3.3174E-05 1.9040E-05 0
 0 9.9666E-06 7.4745E-05 4.6298E-05 5.2580E-05 0.0000E+00 3.1424E-05 0.0000E+00 0.0000E+00 0.0000E+00 0.0000E+00 0.0000E+00 0.0000E+00 0.0000E+00 0.0000E+00 3.0687E-05 0.0000E+00 0.0000E+00 0.0000E+00 0.0000E+00 0.0000E+00 2.7367E-05 2.2966E-05 1.7098E-05 0
 0 1.4153E-05 1.0423E-04 4.2440E-05 6.9481E-05 0.0000E+00 1.7140E-05 0.0000E+00 0.0000E+00 0.0000E+00 0.0000E+00 0.0000E+00 0.0000E+00 0.0000E+00 0.0000E+00 4.0915E-05 5.1439E-06 1.0159E-05 0.0000E+00 0.0000E+00 0.0000E+00 1.8245E-05 3.3174E-05 1.5155E-05 0
 0 1.1761E-05 7.2002E-05 3.2151E-05 3.1924E-05 0.0000E+00 5.7134E-06 0.0000E+00 0.0000E+00 0.0000E+00 0.0000E+00 0.0000E+00 0.0000E+00 0.0000E+00 0.0000E+00 0.0000E+00 5.1439E-06 0.0000E+00 0.0000E+00 0.0000E+00 0.0000E+00 2.2806E-05 1.2759E-05 2.0595E-05 0
 0 9.7673E-06 6.1716E-05 4.5012E-05 5.8214E-05 0.0000E+00 5.7134E-06 0.0000E+00 0.0000E+00 0.0000E+00 0.0000E+00 0.0000E+00 0.0000E+00 0.0000E+00 0.0000E+00 1.5343E-05 1.0288E-05 0.0000E+00 0.0000E+00 0.0000E+00 0.0000E+00 2.0525E-05 3.5726E-05 1.3989E-05 0
 0 1.1362E-05 7.0631E-05 2.7007E-05 4.5069E-05 0.0000E+00 1.1427E-05 0.0000E+00 0.0000E+00 0.0000E+00 0.0000E+00 0.0000E+00 0.0000E+00 0.0000E+00 0.0000E+00 2.5572E-05 5.1439E-06 1.0159E-05 0.0000E+00 0.0000E+00 0.0000E+00 1.5964E-05 2.4242E-05 1.2823E-05 0
 0 1.0166E-05 7.1317E-05 4.1153E-05 4.5069E-05 0.0000E+00 2.8567E-06 0.0000E+00 0.0000E+00 0.0000E+00 0.0000E+00 0.0000E+00 0.0000E+00 0.0000E+00 0.0000E+00 5.1144E-06 0.0000E+00 0.0000E+00 0.0000E+00 0.0000E+00 0.0000E+00 2.2806E-05 3.8277E-05 1.5932E-05 0
 0 1.3754E-05 7.4745E-05 3.7295E-05 5.4458E-05 0.0000E+00 0.0000E+00 0.0000E+00 0.0000E+00 0.0000E+00 0.0000E+00 0.0000E+00 1.3135E-05 0.0000E+00 0.0000E+00 0.0000E+00 1.0288E-05 0.0000E+00 0.0000E+00 0.0000E+00 0.0000E+00 2.5086E-05 4.0829E-05 1.2435E-05 0
 0 1.2558E-05 7.2688E-05 4.7584E-05 6.3847E-05 0.0000E+00 5.7134E-06 0.0000E+00 0.0000E+00 0.0000E+00 0.0000E+00 0.0000E+00 0.0000E+00 0.0000E+00 0.0000E+00 4.0915E-05 0.0000E+00 0.0000E+00 0.0000E+00 0.0000E+00 0.0000E+00 2.0525E-05 2.5518E-05 1.7098E-05 0
 0 9.1693E-06 7.6117E-05 5.5300E-05 2.6290E-05 0.0000E+00 8.5701E-06 0.0000E+00 0.0000E+00 0.0000E+00 0.0000E+00 0.0000E+00 0.0000E+00 0.0000E+00 0.0000E+00 2.0458E-05 5.1439E-06 0.0000E+00 0.0000E+00 0.0000E+00 0.0000E+00 2.5086E-05 3.0622E-05 1.3989E-05 0
 0 1.2957E-05 6.5145E-05 3.0865E-05 5.8214E-05 0.0000E+00 1.4283E-05 0.0000E+00 0.0000E+00 0.0000E+00 0.0000E+00 0.0000E+00 0.0000E+00 0.0000E+00 0.0000E+00 2.0458E-05 0.0000E+00 0.0000E+00 0.0000E+00 0.0000E+00 0.0000E+00 2.0525E-05 2.5518E-05 9.3259E-06 0
 0 1.3156E-05 7.6117E-05 5.1442E-05 2.6290E-05 0.0000E+00 8.5701E-06 0.0000E+00 0.0000E+00 0.0000E+00 0.0000E+00 0.0000E+00 0.0000E+00 0.0000E+00 0.0000E+00 1.0229E-05 1.0288E-05 5.0796E-06 0.0000E+00 0.0000E+00 0.0000E+00 3.6489E-05 2.4242E-05 1.2435E-05 0
 0 1.5747E-05 8.2974E-05 4.8870E-05 4.1313E-05 0.0000E+00 8.5701E-06 0.0000E+00 0.0000E+00 0.0000E+00 0.0000E+00 0.0000E+00 0.0000E+00 0.0000E+00 0.0000E+00 1.5343E-05 0.0000E+00 0.0000E+00 0.0000E+00 0.0000E+00 0.0000E+00 2.0525E-05 3.0622E-05 1.5932E-05 0
 0 1.2757E-05 6.6516E-05 2.3149E-05 4.8825E-05 0.0000E+00 1.1427E-05 0.0000E+00 0.0000E+00 0.0000E+00 0.0000E+00 0.0000E+00 0.0000E+00 0.0000E+00 0.0000E+00 0.0000E+00 5.1439E-06 5.0796E-06 0.0000E+00 0.0000E+00 0.0000E+00 3.4209E-05 1.7863E-05 1.5155E-05 0
 0 1.0764E-05 6.0345E-05 4.8870E-05 4.6947E-05 0.0000E+00 2.8567E-06 0.0000E+00 0.0000E+00 0.0000E+00 0.0000E+00 0.0000E+00 0.0000E+00 0.0000E+00 0.0000E+00 1.5343E-05 0.0000E+00 0.0000E+00 0.0000E+00 0.0000E+00 0.0000E+00 2.5086E-05 2.4242E-05 1.4377E-05 0
 0 1.2558E-05 6.2402E-05 3.0865E-05 5.4458E-05 0.0000E+00 2.8567E-06 0.0000E+00 0.0000E+00 0.0000E+00 0.0000E+00 0.0000E+00 0.0000E+00 0.0000E+00 0.0000E+00 0.0000E+00 0.0000E+00 0.0000E+00 0.0000E+00 0.0000E+00 0.0000E+00 2.0525E-05 4.0829E-05 1.6709E-05 0
 0 1.2957E-05 5.8973E-05 5.4014E-05 3.9435E-05 0.0000E+00 2.8567E-06 0.0000E+00 0.0000E+00 0.0000E+00 0.0000E+00 0.0000E+00 0.0000E+00 0.0000E+00 0.0000E+00 5.1144E-06 0.0000E+00 5.0796E-06 0.0000E+00 0.0000E+00 0.0000E+00 1.3683E-05 3.0622E-05 1.3212E-05 0
 0 1.0764E-05 7.6117E-05 2.7007E-05 5.4458E-05 0.0000E+00 2.8567E-06 0.0000E+00 0.0000E+00 0.0000E+00 0.0000E+00 0.0000E+00 0.0000E+00 0.0000E+00 0.0000E+00 5.1144E-06 0.0000E+00 0.0000E+00 0.0000E+00 0.0000E+00 0.0000E+00 4.5611E-05 4.9761E-05 9.7145E-06 0
 0 1.0764E-05 8.4346E-05 3.7295E-05 4.3191E-05 0.0000E+00 0.0000E+00 0.0000E+00 0.0000E+00 0.0000E+00 0.0000E+00 0.0000E+00 0.0000E+00 0.0000E+00 0.0000E+00 2.5572E-05 0.0000E+00 3.5557E-05 0.0000E+00 0.0000E+00 0.0000E+00 3.8770E-05 2.8070E-05 1.4377E-05 0
 0 1.0963E-05 9.2574E-05 3.3437E-05 4.6947E-05 0.0000E+00 1.1427E-05 0.0000E+00 0.0000E+00 0.0000E+00 0.0000E+00 0.0000E+00 0.0000E+00 0.0000E+00 0.0000E+00 0.0000E+00 1.5432E-05 5.0796E-06 0.0000E+00 0.0000E+00 0.0000E+00 2.0525E-05 3.9553E-05 1.7486E-05 0
 0 1.4751E-05 6.9259E-05 4.3726E-05 4.3191E-05 0.0000E+00 2.8567E-06 0.0000E+00 0.0000E+00 0.0000E+00 0.0000E+00 0.0000E+00 0.0000E+00 0.0000E+00 0.0000E+00 1.5343E-05 5.1439E-06 0.0000E+00 0.0000E+00 0.0000E+00 0.0000E+00 2.7367E-05 4.2105E-05 1.2823E-05 0
 0 1.1561E-05 7.8174E-05 4.8870E-05 4.1313E-05 0.0000E+00 5.7134E-06 0.0000E+00 0.0000E+00 0.0000E+00 0.0000E+00 0.0000E+00 0.0000E+00 0.0000E+00 0.0000E+00 1.5343E-05 0.0000E+00 0.0000E+00 0.0000E+00 0.0000E+00 0.0000E+00 2.5086E-05 3.9553E-05 1.5932E-05 0
 0 1.0963E-05 7.2688E-05 5.1442E-05 7.5115E-05 0.0000E+00 2.2854E-05 0.0000E+00 0.0000E+00 0.0000E+00 0.0000E+00 0.0000E+00 0.0000E+00 0.0000E+00 0.0000E+00 0.0000E+00 0.0000E+00 0.0000E+00 0.0000E+00 0.0000E+00 0.0000E+00 2.7367E-05 3.7001E-05 1.6320E-05 0
 0 1.3754E-05 8.9146E-05 4.5012E-05 7.6993E-05 0.0000E+00 8.5701E-06 0.0000E+00 0.0000E+00 0.0000E+00 0.0000E+00 0.0000E+00 0.0000E+00 0.0000E+00 0.0000E+00 0.0000E+00 0.0000E+00 1.0159E-05 0.0000E+00 0.0000E+00 0.0000E+00 1.8245E-05 2.6794E-05 1.1657E-05 0
 0 9.9666E-06 8.4346E-05 3.4723E-05 4.6947E-05 0.0000E+00 2.8567E-06 0.0000E+00 0.0000E+00 0.0000E+00 0.0000E+00 0.0000E+00 0.0000E+00 0.0000E+00 0.0000E+00 1.5343E-05 0.0000E+00 0.0000E+00 0.0000E+00 0.0000E+00 0.0000E+00 2.0525E-05 1.9139E-05 1.4377E-05 0
 0 1.2159E-05 7.8174E-05 4.7584E-05 2.8168E-05 0.0000E+00 2.8567E-06 0.0000E+00 0.0000E+00 0.0000E+00 0.0000E+00 0.0000E+00 0.0000E+00 0.0000E+00 0.0000E+00 0.0000E+00 0.0000E+00 0.0000E+00 0.0000E+00 0.0000E+00 0.0000E+00 1.8245E-05 3.4450E-05 1.0492E-05 0
 0 1.2558E-05 6.7888E-05 3.3437E-05 3.0046E-05 0.0000E+00 1.4283E-05 0.0000E+00 0.0000E+00 0.0000E+00 0.0000E+00 0.0000E+00 0.0000E+00 0.0000E+00 0.0000E+00 3.5801E-05 1.0288E-05 0.0000E+00 0.0000E+00 0.0000E+00 0.0000E+00 2.2806E-05 3.5726E-05 1.5932E-05 0
 0 1.0764E-05 6.7888E-05 4.3726E-05 3.3802E-05 0.0000E+00 2.8567E-06 0.0000E+00 0.0000E+00 0.0000E+00 0.0000E+00 0.0000E+00 0.0000E+00 0.0000E+00 0.0000E+00 2.0458E-05 0.0000E+00 0.0000E+00 0.0000E+00 0.0000E+00 0.0000E+00 5.0173E-05 3.9553E-05 1.2435E-05 0
 0 1.1163E-05 7.2688E-05 3.4723E-05 5.8214E-05 0.0000E+00 2.8567E-06 0.0000E+00 0.0000E+00 0.0000E+00 0.0000E+00 0.0000E+00 0.0000E+00 0.0000E+00 0.0000E+00 0.0000E+00 0.0000E+00 0.0000E+00 0.0000E+00 0.0000E+00 0.0000E+00 2.7367E-05 3.3174E-05 1.4766E-05 0
 0 1.2957E-05 7.6803E-05 3.0865E-05 4.1313E-05 0.0000E+00 1.1427E-05 0.0000E+00 0.0000E+00 0.0000E+00 0.0000E+00 0.0000E+00 0.0000E+00 0.0000E+00 0.0000E+00 0.0000E+00 0.0000E+00 0.0000E+00 0.0000E+00 0.0000E+00 0.0000E+00 2.7367E-05 2.6794E-05 1.5932E-05 0
 0 8.3720E-06 8.0917E-05 2.9579E-05 2.4412E-05 0.0000E+00 1.7140E-05 0.0000E+00 0.0000E+00 0.0000E+00 0.0000E+00 0.0000E+00 0.0000E+00 0.0000E+00 0.0000E+00 5.1144E-06 0.0000E+00 0.0000E+00 0.0000E+00 0.0000E+00 0.0000E+00 2.7367E-05 4.0829E-05 2.0983E-05 0
 0 1.2359E-05 7.6117E-05 3.8581E-05 4.3191E-05 0.0000E+00 1.7140E-05 0.0000E+00 0.0000E+00 0.0000E+00 0.0000E+00 0.0000E+00 0.0000E+00 0.0000E+00 0.0000E+00 0.0000E+00 0.0000E+00 0.0000E+00 0.0000E+00 0.0000E+00 0.0000E+00 2.0525E-05 3.0622E-05 1.5155E-05 0
 0 1.2558E-05 8.0231E-05 3.4723E-05 3.9435E-05 0.0000E+00 2.2854E-05 0.0000E+00 0.0000E+00 0.0000E+00 0.0000E+00 0.0000E+00 0.0000E+00 0.0000E+00 0.0000E+00 3.5801E-05 0.0000E+00 0.0000E+00 0.0000E+00 0.0000E+00 0.0000E+00 2.5086E-05 2.8070E-05 1.4377E-05 0
 0 1.0365E-05 7.9545E-05 5.4014E-05 5.0702E-05 0.0000E+00 1.1427E-05 0.0000E+00 0.0000E+00 0.0000E+00 0.0000E+00 0.0000E+00 0.0000E+00 0.0000E+00 0.0000E+00 1.0229E-05 0.0000E+00 0.0000E+00 0.0000E+00 0.0000E+00 0.0000E+00 2.9647E-05 4.3381E-05 1.4766E-05 0
 0 1.2757E-05 6.7888E-05 2.9579E-05 4.8825E-05 0.0000E+00 2.2854E-05 0.0000E+00 0.0000E+00 0.0000E+00 0.0000E+00 0.0000E+00 0.0000E+00 0.0000E+00 0.0000E+00 3.0687E-05 0.0000E+00 0.0000E+00 0.0000E+00 0.0000E+00 0.0000E+00 2.0525E-05 2.4242E-05 1.3600E-05 0
 0 1.2558E-05 6.8574E-05 2.1863E-05 4.5069E-05 0.0000E+00 5.7134E-06 0.0000E+00 0.0000E+00 0.0000E+00 0.0000E+00 0.0000E+00 0.0000E+00 0.0000E+00 0.0000E+00 5.1144E-06 0.0000E+00 0.0000E+00 0.0000E+00 0.0000E+00 0.0000E+00 2.5086E-05 3.5726E-05 1.5155E-05 0
 0 1.2757E-05 9.1889E-05 4.6298E-05 4.1313E-05 0.0000E+00 8.5701E-06 0.0000E+00 0.0000E+00 0.0000E+00 0.0000E+00 0.0000E+00 0.0000E+00 0.0000E+00 0.0000E+00 1.0229E-05 1.5432E-05 1.0159E-05 0.0000E+00 0.0000E+00 0.0000E+00 1.8245E-05 3.0622E-05 1.7875E-05 0
 0 1.1362E-05 6.0345E-05 3.9867E-05 2.2534E-05 0.0000E+00 5.7134E-06 0.0000E+00 0.0000E+00 0.0000E+00 0.0000E+00 0.0000E+00 0.0000E+00 0.0000E+00 0.0000E+00 5.1144E-06 2.0575E-05 0.0000E+00 0.0000E+00 0.0000E+00 0.0000E+00 3.4209E-05 2.9346E-05 1.6320E-05 0
 0 1.1163E-05 6.3774E-05 3.6009E-05 1.6901E-05 0.0000E+00 8.5701E-06 0.0000E+00 0.0000E+00 0.0000E+00 0.0000E+00 0.0000E+00 0.0000E+00 0.0000E+00 0.0000E+00 0.0000E+00 0.0000E+00 0.0000E+00 0.0000E+00 0.0000E+00 0.0000E+00 2.9647E-05 3.0622E-05 1.6320E-05 0
 0 1.2359E-05 6.9945E-05 3.3437E-05 2.4412E-05 0.0000E+00 0.0000E+00 0.0000E+00 0.0000E+00 0.0000E+00 0.0000E+00 0.0000E+00 0.0000E+00 0.0000E+00 0.0000E+00 5.1144E-06 1.0288E-05 0.0000E+00 0.0000E+00 0.0000E+00 0.0000E+00 2.5086E-05 3.1898E-05 1.4377E-05 0
 0 1.3555E-05 6.1716E-05 3.2151E-05 4.6947E-05 0.0000E+00 8.5701E-06 0.0000E+00 0.0000E+00 0.0000E+00 0.0000E+00 0.0000E+00 0.0000E+00 0.0000E+00 0.0000E+00 0.0000E+00 1.0288E-05 0.0000E+00 0.0000E+00 0.0000E+00 0.0000E+00 2.0525E-05 2.8070E-05 1.5543E-05 0
 0 1.3953E-05 8.6403E-05 3.4723E-05 4.6947E-05 0.0000E+00 0.0000E+00 0.0000E+00 0.0000E+00 0.0000E+00 0.0000E+00 0.0000E+00 0.0000E+00 0.0000E+00 0.0000E+00 5.1144E-06 0.0000E+00 0.0000E+00 0.0000E+00 0.0000E+00 0.0000E+00 2.5086E-05 1.7863E-05 2.3315E-05 0
