 0 0.0000E+00 2.8467E-04 1.4908E-04 9.0056E-04 0.0000E+00 0.0000E+00 0.0000E+00 2.3679E-04 0.0000E+00 0.0000E+00 0.0000E+00 0.0000E+00 0.0000E+00 0.0000E+00 1.4974E-04 0.0000E+00 0.0000E+00 2.0264E-03 5.3464E-04 0.0000E+00 1.0950E-03 4.9086E-06 0.0000E+00 0
 0 0.0000E+00 2.5511E-04 1.8761E-04 9.7963E-04 0.0000E+00 0.0000E+00 0.0000E+00 2.5347E-04 0.0000E+00 0.0000E+00 0.0000E+00 0.0000E+00 0.0000E+00 0.0000E+00 8.9844E-05 0.0000E+00 0.0000E+00 2.2074E-03 6.5734E-04 3.7996E-05 1.2119E-03 1.3090E-05 0.0000E+00 0
 0 0.0000E+00 3.0547E-04 1.4573E-04 9.4009E-04 0.0000E+00 0.0000E+00 0.0000E+00 2.7682E-04 0.0000E+00 0.0000E+00 0.0000E+00 0.0000E+00 0.0000E+00 0.0000E+00 1.7969E-04 0.0000E+00 0.0000E+00 2.9113E-03 6.1790E-04 2.7633E-05 1.1509E-03 3.2724E-06 0.0000E+00 0
 0 2.0740E-06 3.2189E-04 2.1943E-04 1.1312E-03 0.0000E+00 0.0000E+00 0.0000E+00 2.2012E-04 0.0000E+00 0.0000E+00 0.0000E+00 0.0000E+00 0.0000E+00 0.0000E+00 1.9965E-05 0.0000E+00 0.0000E+00 2.5694E-03 7.1431E-04 5.1813E-05 1.2144E-03 4.9086E-06 0.0000E+00 0
 0 0.0000E+00 4.0401E-04 1.9598E-04 1.0367E-03 0.0000E+00 0.0000E+00 0.0000E+00 2.1678E-04 0.0000E+00 0.0000E+00 0.0000E+00 0.0000E+00 0.0000E+00 0.0000E+00 2.6454E-04 0.0000E+00 0.0000E+00 2.5191E-03 6.1352E-04 0.0000E+00 1.2017E-03 0.0000E+00 0.0000E+00 0
 0 1.0370E-06 4.5328E-04 2.4121E-04 1.1905E-03 0.0000E+00 0.0000E+00 0.0000E+00 3.5686E-04 0.0000E+00 0.0000E+00 0.0000E+00 0.0000E+00 0.0000E+00 0.0000E+00 6.4887E-05 0.0000E+00 0.0000E+00 2.7756E-03 8.1510E-04 0.0000E+00 1.3618E-03 2.4543E-05 0.0000E+00 0
 0 5.1851E-07 5.5182E-04 3.0989E-04 1.1268E-03 0.0000E+00 3.0291E-06 0.0000E+00 3.1017E-04 0.0000E+00 0.0000E+00 0.0000E+00 0.0000E+00 0.0000E+00 5.0455E-06 2.6953E-04 0.0000E+00 0.0000E+00 3.7510E-03 6.4858E-04 2.4179E-05 1.4812E-03 2.1271E-05 0.0000E+00 0
 0 5.1851E-06 5.9342E-04 3.5847E-04 1.4123E-03 0.0000E+00 1.5145E-05 0.0000E+00 3.0683E-04 0.0000E+00 0.0000E+00 0.0000E+00 0.0000E+00 1.9718E-05 0.0000E+00 1.8468E-04 0.0000E+00 0.0000E+00 4.0175E-03 1.0605E-03 0.0000E+00 1.6463E-03 9.8172E-06 0.0000E+00 0
 0 7.7776E-06 7.4342E-04 4.3887E-04 1.3926E-03 0.0000E+00 0.0000E+00 0.0000E+00 4.0689E-04 0.0000E+00 0.0000E+00 0.0000E+00 0.0000E+00 0.0000E+00 0.0000E+00 2.0964E-04 0.0000E+00 0.0000E+00 3.8818E-03 1.0211E-03 4.4904E-05 1.5650E-03 1.9634E-05 0.0000E+00 0
 0 9.8517E-06 8.8138E-04 4.6399E-04 1.7330E-03 0.0000E+00 3.0291E-05 0.0000E+00 4.4357E-04 0.0000E+00 0.0000E+00 0.0000E+00 0.0000E+00 4.9295E-06 0.0000E+00 1.2478E-04 0.0000E+00 0.0000E+00 5.2142E-03 1.1569E-03 2.0725E-05 1.8089E-03 1.6362E-05 0.0000E+00 0
 0 2.5407E-05 1.1551E-03 6.1475E-04 1.9022E-03 1.3290E-05 2.7262E-05 0.0000E+00 5.0360E-04 0.0000E+00 0.0000E+00 0.0000E+00 0.0000E+00 3.4507E-05 0.0000E+00 4.9913E-04 0.0000E+00 0.0000E+00 6.8937E-03 1.7179E-03 0.0000E+00 2.2383E-03 1.4726E-05 1.5144E-06 0
 0 5.7036E-05 1.2941E-03 7.2028E-04 2.0976E-03 0.0000E+00 1.2116E-05 0.0000E+00 7.9376E-04 0.0000E+00 0.0000E+00 0.0000E+00 0.0000E+00 0.0000E+00 1.5136E-05 1.2977E-04 0.0000E+00 0.0000E+00 6.3556E-03 1.8362E-03 3.7996E-05 2.1240E-03 5.8903E-05 4.5432E-06 0
 0 1.3066E-04 1.5766E-03 8.5596E-04 2.6687E-03 7.9738E-06 3.0291E-06 0.0000E+00 6.4034E-04 0.0000E+00 0.0000E+00 0.0000E+00 0.0000E+00 9.8591E-06 5.0455E-06 2.6454E-04 0.0000E+00 0.0000E+00 6.6071E-03 1.9063E-03 7.2538E-05 3.0157E-03 4.5814E-05 5.3004E-06 0
 0 2.5874E-04 2.0551E-03 1.0737E-03 2.6841E-03 0.0000E+00 3.9378E-05 0.0000E+00 6.9371E-04 0.0000E+00 0.0000E+00 0.0000E+00 0.0000E+00 2.4648E-05 1.3623E-04 4.6419E-04 0.0000E+00 0.0000E+00 8.2412E-03 2.6206E-03 7.9446E-05 3.1758E-03 8.6718E-05 9.8435E-06 0
 0 4.2570E-04 2.4996E-03 1.2580E-03 2.8972E-03 5.3159E-06 4.5436E-05 0.0000E+00 9.4050E-04 0.0000E+00 0.0000E+00 0.0000E+00 0.0000E+00 1.6760E-04 5.0455E-05 5.1411E-04 0.0000E+00 0.0000E+00 9.7798E-03 3.2955E-03 5.5267E-05 3.6534E-03 1.0963E-04 1.3629E-05 0
 0 8.6332E-04 3.0887E-03 1.6298E-03 3.2486E-03 7.9738E-06 3.6349E-05 0.0000E+00 9.7386E-04 0.0000E+00 0.0000E+00 0.0000E+00 0.0000E+00 1.4789E-05 6.0546E-05 4.5920E-04 0.0000E+00 0.0000E+00 1.1580E-02 3.6022E-03 1.0017E-04 3.8567E-03 2.0452E-04 3.5588E-05 0
 0 1.5560E-03 3.6711E-03 1.9347E-03 3.5825E-03 1.0632E-05 3.6349E-05 0.0000E+00 1.1339E-03 0.0000E+00 0.0000E+00 0.0000E+00 0.0000E+00 1.0845E-04 9.0819E-05 7.5868E-04 0.0000E+00 0.0000E+00 1.2254E-02 4.1500E-03 1.5544E-04 4.3953E-03 3.1415E-04 5.1489E-05 0
 0 2.8041E-03 4.2459E-03 2.2295E-03 3.9537E-03 4.2527E-05 1.0602E-04 0.0000E+00 1.3374E-03 0.0000E+00 0.0000E+00 0.0000E+00 0.0000E+00 2.6620E-04 2.3714E-04 6.9380E-04 0.0000E+00 0.0000E+00 1.3028E-02 4.9958E-03 2.3834E-04 4.7078E-03 3.2724E-04 1.0449E-04 0
 0 4.6780E-03 5.2390E-03 2.6265E-03 4.3337E-03 3.7211E-05 7.8756E-05 0.0000E+00 1.5842E-03 0.0000E+00 0.0000E+00 0.0000E+00 0.0000E+00 4.0422E-04 1.6650E-04 4.2925E-04 0.0000E+00 0.0000E+00 1.4099E-02 5.9336E-03 3.2469E-04 5.7774E-03 4.3032E-04 2.2034E-04 0
 0 7.4987E-03 6.4970E-03 3.4171E-03 4.9377E-03 9.0370E-05 1.1511E-04 0.0000E+00 1.6542E-03 0.0000E+00 0.0000E+00 0.0000E+00 0.0000E+00 3.7465E-04 5.7014E-04 8.9345E-04 0.0000E+00 0.0000E+00 1.5789E-02 7.4017E-03 4.3177E-04 6.4812E-03 4.8759E-04 4.7930E-04 0
 0 1.1729E-02 7.2963E-03 3.9297E-03 5.5022E-03 7.7080E-05 1.4843E-04 0.0000E+00 1.9444E-03 2.0538E-05 0.0000E+00 0.0000E+00 0.0000E+00 6.4084E-04 4.5409E-04 9.0343E-04 0.0000E+00 7.5241E-05 1.7106E-02 8.0502E-03 4.7668E-04 6.9766E-03 7.7556E-04 6.9435E-04 0
 0 1.7358E-02 8.6846E-03 4.6232E-03 5.7767E-03 8.7712E-05 1.3934E-04 0.0000E+00 2.0311E-03 3.4229E-06 0.0000E+00 1.2227E-05 9.1123E-06 6.0140E-04 6.6600E-04 1.4774E-03 0.0000E+00 4.5145E-05 2.0249E-02 8.0415E-03 4.4213E-04 7.4339E-03 9.7517E-04 1.1063E-03 0
 0 2.5348E-02 1.0143E-02 5.1827E-03 6.7256E-03 1.2758E-04 3.2714E-04 0.0000E+00 2.2946E-03 1.0269E-05 0.0000E+00 2.4453E-05 0.0000E+00 7.3943E-04 6.4078E-04 1.1480E-03 0.0000E+00 1.0032E-05 2.2496E-02 1.0298E-02 5.4576E-04 8.0894E-03 1.1110E-03 1.8635E-03 0
 0 3.5455E-02 1.1852E-02 6.4624E-03 7.1825E-03 1.5948E-04 3.3320E-04 0.0000E+00 2.7548E-03 1.0269E-05 0.0000E+00 4.0755E-06 5.9230E-05 1.2324E-03 8.5773E-04 1.0731E-03 0.0000E+00 3.0097E-05 2.5040E-02 1.1736E-02 9.1190E-04 8.7753E-03 1.5298E-03 2.8902E-03 0
 0 4.6954E-02 1.3172E-02 7.4675E-03 7.9974E-03 2.4187E-04 4.9677E-04 0.0000E+00 2.8449E-03 3.4229E-06 0.0000E+00 4.0755E-05 1.3668E-05 1.4986E-03 1.1504E-03 1.0282E-03 0.0000E+00 2.1068E-04 2.7213E-02 1.3568E-02 9.3263E-04 9.4410E-03 1.6804E-03 4.4553E-03 0
 0 6.1750E-02 1.5287E-02 7.7137E-03 8.4718E-03 3.0300E-04 6.6034E-04 0.0000E+00 3.0316E-03 1.7115E-05 0.0000E+00 1.2227E-05 4.5561E-05 1.6169E-03 1.6196E-03 1.3477E-03 0.0000E+00 3.0097E-05 2.8349E-02 1.4093E-02 1.3989E-03 1.0406E-02 2.1761E-03 6.6353E-03 0
 0 7.7548E-02 1.7014E-02 9.2548E-03 9.0561E-03 3.6945E-04 8.1179E-04 0.0000E+00 3.3718E-03 2.0538E-05 0.0000E+00 4.8907E-05 1.0479E-04 2.4598E-03 2.0535E-03 1.3027E-03 0.0000E+00 1.0534E-04 3.2085E-02 1.5995E-02 1.5302E-03 1.1291E-02 2.5836E-03 9.1204E-03 0
 0 9.4365E-02 1.9356E-02 1.0050E-02 1.0310E-02 6.6448E-04 1.0390E-03 0.0000E+00 3.6753E-03 2.3961E-05 0.0000E+00 1.2634E-04 7.2898E-05 2.8049E-03 2.0232E-03 1.8967E-03 0.0000E+00 4.5145E-05 3.4685E-02 1.7314E-02 1.8860E-03 1.1796E-02 3.0711E-03 1.2560E-02 0
 0 1.1238E-01 2.1304E-02 1.1392E-02 1.1037E-02 5.3159E-04 1.0814E-03 0.0000E+00 4.3056E-03 3.7652E-05 0.0000E+00 8.9662E-05 1.1390E-04 2.9429E-03 2.9819E-03 1.9915E-03 0.0000E+00 1.6051E-04 3.6248E-02 1.9111E-02 2.3661E-03 1.3336E-02 3.8402E-03 1.7262E-02 0
 0 1.3041E-01 2.3776E-02 1.3441E-02 1.1163E-02 7.6283E-04 1.2964E-03 0.0000E+00 4.6158E-03 4.1075E-05 0.0000E+00 3.4235E-04 2.3692E-04 4.0028E-03 3.5520E-03 2.2062E-03 0.0000E+00 4.5646E-04 3.8677E-02 2.0627E-02 2.4456E-03 1.3907E-02 4.5012E-03 2.2271E-02 0
 0 1.4762E-01 2.6162E-02 1.4292E-02 1.2114E-02 8.1067E-04 1.7448E-03 0.0000E+00 5.0694E-03 2.0880E-04 0.0000E+00 1.9155E-04 1.2757E-04 5.1908E-03 4.6519E-03 2.1712E-03 0.0000E+00 4.4142E-04 3.9039E-02 2.3252E-02 3.0949E-03 1.4832E-02 5.0477E-03 2.8432E-02 0
 0 1.6403E-01 2.9157E-02 1.5875E-02 1.3166E-02 9.6217E-04 1.9750E-03 0.0000E+00 5.2161E-03 2.0880E-04 0.0000E+00 2.9751E-04 4.3739E-04 5.9549E-03 4.8638E-03 2.6254E-03 0.0000E+00 2.1068E-04 4.5113E-02 2.5075E-02 3.4369E-03 1.5475E-02 5.9607E-03 3.5680E-02 0
 0 1.7746E-01 3.1410E-02 1.7796E-02 1.4066E-02 1.2094E-03 1.9598E-03 0.0000E+00 5.7631E-03 1.8484E-04 0.0000E+00 2.8529E-04 5.9230E-04 6.6943E-03 5.1111E-03 2.4957E-03 0.0000E+00 6.4708E-04 4.7441E-02 2.8143E-02 4.1865E-03 1.6634E-02 6.6381E-03 4.4582E-02 0
 0 1.8972E-01 3.4223E-02 1.9166E-02 1.4850E-02 1.5363E-03 2.3839E-03 0.0000E+00 6.0799E-03 3.2860E-04 0.0000E+00 4.0348E-04 6.9253E-04 8.0006E-03 6.5389E-03 2.5855E-03 4.9434E-06 4.7151E-04 5.1564E-02 2.9900E-02 4.9326E-03 1.8857E-02 8.0305E-03 5.3334E-02 0
 0 1.9793E-01 3.6837E-02 2.1309E-02 1.5450E-02 1.7569E-03 2.7898E-03 0.0000E+00 6.8603E-03 3.5256E-04 0.0000E+00 6.3986E-04 1.0889E-03 1.0465E-02 7.6590E-03 2.6654E-03 0.0000E+00 8.2264E-04 5.1911E-02 3.1776E-02 5.1329E-03 1.9144E-02 9.3492E-03 6.2996E-02 0
 0 2.0431E-01 4.0743E-02 2.2696E-02 1.6909E-02 1.9748E-03 3.0563E-03 0.0000E+00 6.8137E-03 4.2102E-04 0.0000E+00 8.1511E-04 1.2620E-03 1.0756E-02 8.1939E-03 3.0797E-03 0.0000E+00 1.1838E-03 5.3349E-02 3.5891E-02 6.6182E-03 2.0742E-02 1.0364E-02 7.3393E-02 0
 0 2.0751E-01 4.3237E-02 2.5511E-02 1.7618E-02 2.5357E-03 4.2225E-03 0.0000E+00 8.3345E-03 5.8190E-04 1.8433E-05 1.0311E-03 1.6858E-03 1.1969E-02 9.3241E-03 3.0297E-03 4.9434E-06 1.3895E-03 5.8282E-02 3.8152E-02 6.4800E-03 2.1588E-02 1.1597E-02 8.3696E-02 0
 0 2.0911E-01 4.6232E-02 2.6609E-02 1.9417E-02 2.7749E-03 4.3013E-03 0.0000E+00 8.8047E-03 8.1808E-04 2.2120E-05 1.1819E-03 2.1778E-03 1.4444E-02 1.1231E-02 3.2044E-03 0.0000E+00 9.1293E-04 5.9147E-02 3.9147E-02 7.4161E-03 2.2518E-02 1.3363E-02 9.5812E-02 0
 0 2.0734E-01 4.9578E-02 2.8518E-02 1.9850E-02 3.2108E-03 5.1949E-03 0.0000E+00 8.7747E-03 7.1539E-04 0.0000E+00 1.5039E-03 3.3989E-03 1.5351E-02 1.3275E-02 3.6237E-03 6.4264E-05 1.1687E-03 6.3235E-02 4.1356E-02 8.1760E-03 2.4184E-02 1.4713E-02 1.0653E-01 0
 0 2.0399E-01 5.3151E-02 3.0446E-02 2.0752E-02 3.7796E-03 5.4554E-03 3.2498E-06 8.8347E-03 9.0023E-04 0.0000E+00 1.7688E-03 4.2008E-03 2.0941E-02 1.5873E-02 3.9831E-03 1.4830E-05 1.9312E-03 6.7157E-02 4.5269E-02 9.8997E-03 2.5198E-02 1.7254E-02 1.1716E-01 0
 0 1.9797E-01 5.5848E-02 3.2912E-02 2.2290E-02 4.5796E-03 6.2823E-03 0.0000E+00 9.2650E-03 9.4131E-04 0.0000E+00 2.2945E-03 4.3648E-03 2.0398E-02 1.5611E-02 5.0662E-03 0.0000E+00 2.1669E-03 6.8394E-02 4.7824E-02 1.1644E-02 2.6595E-02 1.8195E-02 1.2832E-01 0
 0 1.9163E-01 5.9238E-02 3.6083E-02 2.3136E-02 4.6434E-03 6.9124E-03 2.5999E-05 1.0806E-02 1.6841E-03 0.0000E+00 2.7877E-03 6.5517E-03 2.2410E-02 1.6963E-02 4.6020E-03 0.0000E+00 2.3676E-03 7.1059E-02 4.8893E-02 1.1989E-02 2.7972E-02 2.0677E-02 1.3806E-01 0
 0 1.8368E-01 6.3958E-02 3.7644E-02 2.4895E-02 5.5949E-03 7.2728E-03 2.2749E-05 1.1169E-02 2.1222E-03 1.1060E-05 3.1056E-03 7.1212E-03 2.4835E-02 1.8966E-02 4.7518E-03 2.4717E-05 2.1669E-03 7.6906E-02 5.2048E-02 1.3129E-02 2.9758E-02 2.2655E-02 1.4604E-01 0
 0 1.7350E-01 6.5822E-02 3.9734E-02 2.5426E-02 6.2142E-03 8.4602E-03 6.4997E-06 1.1516E-02 1.9340E-03 4.4239E-05 3.9125E-03 9.8276E-03 2.6994E-02 2.0273E-02 5.4106E-03 4.9434E-06 2.5080E-03 7.5845E-02 5.3446E-02 1.3730E-02 3.0744E-02 2.5279E-02 1.5473E-01 0
 0 1.6535E-01 6.9205E-02 4.1964E-02 2.7135E-02 7.0807E-03 9.0903E-03 3.5748E-05 1.2463E-02 2.4508E-03 1.2166E-04 4.0674E-03 1.0762E-02 3.1840E-02 2.3371E-02 5.1860E-03 0.0000E+00 3.2404E-03 7.8018E-02 5.6225E-02 1.5654E-02 3.2114E-02 2.7153E-02 1.6262E-01 0
 0 1.5404E-01 7.2663E-02 4.4260E-02 2.7977E-02 7.9632E-03 1.0596E-02 3.5748E-05 1.3100E-02 2.5467E-03 1.1428E-04 5.4938E-03 1.2789E-02 3.4172E-02 2.5581E-02 6.4738E-03 0.0000E+00 2.9294E-03 8.1683E-02 6.0226E-02 1.8148E-02 3.3892E-02 2.9586E-02 1.6766E-01 0
 0 1.4427E-01 7.5932E-02 4.6512E-02 2.9016E-02 8.5878E-03 1.1592E-02 1.1374E-04 1.3684E-02 3.3990E-03 1.9908E-04 5.4123E-03 1.5505E-02 3.6858E-02 2.5601E-02 6.5536E-03 9.8868E-06 4.0731E-03 8.2126E-02 6.2128E-02 1.8058E-02 3.4888E-02 3.1778E-02 1.7375E-01 0
 0 1.3494E-01 7.8688E-02 4.9306E-02 3.0621E-02 9.4994E-03 1.2262E-02 1.0724E-04 1.4471E-02 3.4777E-03 1.6221E-04 7.0262E-03 1.7368E-02 3.9924E-02 2.8855E-02 6.6485E-03 0.0000E+00 4.4894E-03 8.5836E-02 6.6076E-02 2.0117E-02 3.5859E-02 3.4141E-02 1.7938E-01 0
 0 1.2569E-01 8.2348E-02 5.1555E-02 3.1779E-02 1.1171E-02 1.3464E-02 1.8524E-04 1.5979E-02 3.8816E-03 3.2073E-04 8.6238E-03 1.9705E-02 4.3459E-02 3.2468E-02 6.4887E-03 1.9774E-05 5.0311E-03 9.2016E-02 6.7316E-02 2.2608E-02 3.7988E-02 3.6785E-02 1.8060E-01 0
 0 1.1674E-01 8.5003E-02 5.4006E-02 3.2609E-02 1.1519E-02 1.4022E-02 2.7624E-04 1.7229E-02 4.9769E-03 2.9861E-04 9.3167E-03 2.2913E-02 4.7432E-02 3.3472E-02 6.9280E-03 9.8868E-06 5.5929E-03 9.1644E-02 7.0274E-02 2.4787E-02 3.9631E-02 3.8966E-02 1.8362E-01 0
 0 1.0738E-01 8.7906E-02 5.5800E-02 3.4204E-02 1.3069E-02 1.5530E-02 2.6974E-04 1.7216E-02 6.1510E-03 5.7511E-04 1.1094E-02 2.6448E-02 4.8157E-02 3.4405E-02 7.8264E-03 1.4830E-05 5.6080E-03 9.2710E-02 7.1769E-02 2.6732E-02 4.0394E-02 4.2302E-02 1.8516E-01 0
 0 9.9454E-02 9.0770E-02 5.8309E-02 3.6174E-02 1.3508E-02 1.7663E-02 3.4123E-04 1.8407E-02 6.1784E-03 5.9723E-04 1.1301E-02 2.9451E-02 5.5526E-02 3.8638E-02 7.9911E-03 3.9547E-05 6.4407E-03 9.3685E-02 7.6252E-02 2.8915E-02 4.0653E-02 4.5769E-02 1.8450E-01 0
 0 9.1030E-02 9.3765E-02 6.0877E-02 3.8430E-02 1.6022E-02 1.8792E-02 5.3297E-04 1.8857E-02 7.2429E-03 1.1945E-03 1.3661E-02 3.4239E-02 5.7809E-02 3.9219E-02 8.5951E-03 3.9547E-05 8.2916E-03 9.6079E-02 7.8793E-02 3.1198E-02 4.3854E-02 4.8117E-02 1.8367E-01 0
 0 8.3739E-02 9.6280E-02 6.3190E-02 3.7960E-02 1.6591E-02 2.0483E-02 5.3297E-04 1.9771E-02 7.7769E-03 1.0875E-03 1.4709E-02 3.9019E-02 6.2980E-02 4.4335E-02 8.8596E-03 0.0000E+00 8.6227E-03 9.6451E-02 8.0783E-02 3.1803E-02 4.4362E-02 5.1843E-02 1.8175E-01 0
 0 7.6795E-02 9.8169E-02 6.6273E-02 4.0815E-02 1.8505E-02 2.1803E-02 7.2471E-04 2.1565E-02 8.3554E-03 1.4525E-03 1.6750E-02 4.1980E-02 6.3798E-02 4.6580E-02 8.7997E-03 7.9094E-05 8.3919E-03 1.0075E-01 8.4184E-02 3.3025E-02 4.5033E-02 5.3324E-02 1.7996E-01 0
 0 7.0755E-02 9.9976E-02 6.8693E-02 4.1986E-02 1.9512E-02 2.3403E-02 1.2999E-03 2.2089E-02 9.5192E-03 1.8396E-03 1.8858E-02 4.7183E-02 6.8348E-02 4.8961E-02 9.5484E-03 7.4151E-05 9.5105E-03 1.0385E-01 8.5266E-02 3.6404E-02 4.7078E-02 5.7128E-02 1.7842E-01 0
 0 6.4437E-02 1.0279E-01 7.1529E-02 4.2027E-02 2.1636E-02 2.5496E-02 1.2577E-03 2.3199E-02 1.1101E-02 2.4737E-03 2.0696E-02 5.1935E-02 7.4717E-02 5.0975E-02 9.8828E-03 3.4604E-05 9.9469E-03 1.0310E-01 8.8627E-02 3.7802E-02 4.8346E-02 5.9405E-02 1.7477E-01 0
 0 5.9517E-02 1.0551E-01 7.2847E-02 4.4048E-02 2.2452E-02 2.6550E-02 1.6054E-03 2.3556E-02 1.2768E-02 3.0857E-03 2.2958E-02 5.5375E-02 7.4638E-02 5.2751E-02 1.0642E-02 2.9660E-05 1.1662E-02 1.0577E-01 9.4381E-02 3.9979E-02 5.1051E-02 6.3219E-02 1.7043E-01 0
 0 5.4703E-02 1.0759E-01 7.6110E-02 4.6196E-02 2.4780E-02 2.7737E-02 1.8817E-03 2.3129E-02 1.3901E-02 3.8046E-03 2.6658E-02 6.1991E-02 7.8764E-02 5.5097E-02 1.0851E-02 5.4377E-05 1.2997E-02 1.0902E-01 9.4342E-02 4.2621E-02 5.2223E-02 6.7061E-02 1.6540E-01 0
 0 5.0172E-02 1.1036E-01 7.8306E-02 4.6124E-02 2.5559E-02 3.0473E-02 2.2976E-03 2.6024E-02 1.5619E-02 5.1133E-03 2.7742E-02 6.7426E-02 8.3186E-02 6.1696E-02 1.2788E-02 6.4264E-05 1.4612E-02 1.1319E-01 9.5766E-02 4.4445E-02 5.3287E-02 7.0155E-02 1.6226E-01 0
 0 4.6079E-02 1.1200E-01 7.9859E-02 4.8386E-02 2.8012E-02 3.1978E-02 2.8241E-03 2.6201E-02 1.5513E-02 4.9548E-03 3.1948E-02 7.3545E-02 8.6952E-02 5.9759E-02 1.2813E-02 4.9434E-05 1.6177E-02 1.0963E-01 9.8601E-02 4.7436E-02 5.4575E-02 7.3336E-02 1.5595E-01 0
 0 4.2578E-02 1.1284E-01 8.2268E-02 4.9698E-02 2.9689E-02 3.3126E-02 4.0915E-03 2.7608E-02 1.7580E-02 6.2930E-03 3.3228E-02 7.8671E-02 9.0842E-02 6.3154E-02 1.2329E-02 1.0875E-04 1.6834E-02 1.1504E-01 1.0062E-01 5.0655E-02 5.7007E-02 7.5974E-02 1.5138E-01 0
 0 3.8872E-02 1.1443E-01 8.3615E-02 4.9597E-02 3.0747E-02 3.6407E-02 4.8455E-03 2.9222E-02 1.8378E-02 7.5280E-03 3.6831E-02 8.5979E-02 9.4741E-02 6.7478E-02 1.2169E-02 2.9660E-04 1.8128E-02 1.1479E-01 1.0095E-01 5.2196E-02 5.8328E-02 7.9162E-02 1.4562E-01 0
 0 3.5774E-02 1.1502E-01 8.4849E-02 5.3392E-02 3.3960E-02 3.7373E-02 5.2550E-03 3.0957E-02 2.0935E-02 9.2128E-03 3.9883E-02 9.1318E-02 9.9168E-02 6.6484E-02 1.3756E-02 1.4336E-04 1.9006E-02 1.1563E-01 1.0525E-01 5.5616E-02 5.9921E-02 8.1939E-02 1.4099E-01 0
 0 3.3046E-02 1.1774E-01 8.7099E-02 5.3032E-02 3.5085E-02 3.9069E-02 6.3404E-03 3.1043E-02 2.3231E-02 1.1170E-02 4.3323E-02 9.4581E-02 1.0132E-01 7.0647E-02 1.4310E-02 7.9094E-05 1.9944E-02 1.1559E-01 1.0875E-01 5.8914E-02 6.1117E-02 8.5922E-02 1.3616E-01 0
 0 3.0187E-02 1.1839E-01 8.8863E-02 5.5663E-02 3.6876E-02 4.1723E-02 8.2773E-03 3.2377E-02 2.4139E-02 1.3854E-02 4.5255E-02 1.0204E-01 1.1086E-01 7.3472E-02 1.3706E-02 2.4223E-04 2.1278E-02 1.2047E-01 1.0991E-01 6.1225E-02 6.2919E-02 8.9575E-02 1.3028E-01 0
 0 2.8435E-02 1.1934E-01 9.1258E-02 5.5707E-02 3.9351E-02 4.3122E-02 8.6218E-03 3.2734E-02 2.6713E-02 1.4053E-02 4.8809E-02 1.0486E-01 1.1247E-01 7.4123E-02 1.4655E-02 3.0155E-04 2.4539E-02 1.2227E-01 1.1213E-01 6.2393E-02 6.4883E-02 9.2432E-02 1.2493E-01 0
 0 2.5838E-02 1.2070E-01 9.2030E-02 5.9562E-02 4.1963E-02 4.5645E-02 1.0760E-02 3.4565E-02 2.8547E-02 1.7474E-02 5.1918E-02 1.1372E-01 1.1403E-01 7.5395E-02 1.6222E-02 1.2359E-04 2.5316E-02 1.2045E-01 1.1358E-01 6.6213E-02 6.5373E-02 9.4039E-02 1.2024E-01 0
 0 2.4124E-02 1.2173E-01 9.3856E-02 5.9751E-02 4.3912E-02 4.6805E-02 1.2730E-02 3.5412E-02 3.1686E-02 1.9366E-02 5.6267E-02 1.1685E-01 1.1708E-01 7.7600E-02 1.5293E-02 3.5593E-04 2.4208E-02 1.2173E-01 1.1602E-01 6.8700E-02 6.6758E-02 9.7696E-02 1.1524E-01 0
 0 2.2492E-02 1.2203E-01 9.5772E-02 5.9338E-02 4.5974E-02 4.7666E-02 1.4371E-02 3.6410E-02 3.3476E-02 2.3111E-02 6.0742E-02 1.2569E-01 1.1858E-01 7.7009E-02 1.6851E-02 3.5098E-04 2.8662E-02 1.2283E-01 1.1557E-01 6.7989E-02 7.0022E-02 9.9590E-02 1.0998E-01 0
 0 2.0655E-02 1.2233E-01 9.8382E-02 6.2130E-02 4.7957E-02 5.1267E-02 1.6044E-02 3.8701E-02 3.4175E-02 2.5356E-02 6.3888E-02 1.2983E-01 1.2076E-01 8.2196E-02 1.7110E-02 3.6087E-04 2.9224E-02 1.2063E-01 1.1676E-01 7.2306E-02 6.9598E-02 1.0077E-01 1.0603E-01 0
 0 1.9254E-02 1.2264E-01 9.9836E-02 6.4019E-02 5.0006E-02 5.1055E-02 1.7998E-02 3.9248E-02 3.6738E-02 2.6245E-02 6.7573E-02 1.3427E-01 1.2567E-01 8.3811E-02 1.8124E-02 3.7570E-04 3.3051E-02 1.2595E-01 1.1922E-01 7.3926E-02 7.0584E-02 1.0450E-01 1.0150E-01 0
 0 1.7868E-02 1.2289E-01 1.0118E-01 6.4754E-02 5.1596E-02 5.3151E-02 2.1355E-02 3.9688E-02 3.9288E-02 3.2689E-02 7.2369E-02 1.3732E-01 1.3205E-01 8.5793E-02 1.8972E-02 5.2894E-04 3.3588E-02 1.2359E-01 1.2145E-01 7.4862E-02 7.1295E-02 1.0735E-01 9.6067E-02 0
 0 1.6552E-02 1.2296E-01 1.0299E-01 6.6665E-02 5.3977E-02 5.4205E-02 2.3197E-02 4.1442E-02 4.0973E-02 3.5771E-02 7.2439E-02 1.4107E-01 1.3318E-01 8.7620E-02 2.0849E-02 5.4377E-04 3.4641E-02 1.2510E-01 1.2246E-01 7.8800E-02 7.2921E-02 1.1052E-01 9.2417E-02 0
 0 1.5665E-02 1.2446E-01 1.0535E-01 6.8967E-02 5.6340E-02 5.8907E-02 2.6857E-02 4.3497E-02 4.5224E-02 4.1282E-02 7.8303E-02 1.4874E-01 1.3425E-01 8.7685E-02 2.0380E-02 6.0310E-04 3.5990E-02 1.2542E-01 1.2269E-01 8.5000E-02 7.5429E-02 1.1336E-01 8.7703E-02 0
 0 1.4421E-02 1.2354E-01 1.0496E-01 6.8456E-02 5.8546E-02 5.9555E-02 2.9593E-02 4.4887E-02 4.7503E-02 4.4180E-02 8.0215E-02 1.4747E-01 1.3959E-01 9.2267E-02 1.9546E-02 7.3657E-04 3.8729E-02 1.2702E-01 1.2862E-01 8.5284E-02 7.4786E-02 1.1518E-01 8.3487E-02 0
 0 1.3458E-02 1.2285E-01 1.0639E-01 6.9850E-02 5.9639E-02 6.1436E-02 3.2989E-02 4.4961E-02 4.7733E-02 4.8420E-02 8.5574E-02 1.5631E-01 1.3744E-01 9.1949E-02 2.1363E-02 8.4038E-04 3.9507E-02 1.2785E-01 1.2849E-01 8.6334E-02 7.9184E-02 1.1752E-01 8.0113E-02 0
 0 1.2818E-02 1.2240E-01 1.0676E-01 7.0327E-02 6.3038E-02 6.3305E-02 3.4614E-02 4.6842E-02 5.0170E-02 5.3257E-02 8.8924E-02 1.5566E-01 1.4022E-01 9.3488E-02 2.2112E-02 1.0727E-03 4.3028E-02 1.2783E-01 1.2836E-01 8.9322E-02 7.8277E-02 1.1950E-01 7.6925E-02 0
 0 1.1914E-02 1.2212E-01 1.0763E-01 7.1851E-02 6.5619E-02 6.8248E-02 3.9304E-02 4.8383E-02 5.3589E-02 5.6766E-02 9.1447E-02 1.6098E-01 1.4470E-01 9.4441E-02 2.2201E-02 8.9476E-04 4.3199E-02 1.2930E-01 1.3036E-01 9.1715E-02 8.1971E-02 1.2153E-01 7.2672E-02 0
 0 1.1231E-02 1.2112E-01 1.1081E-01 7.4353E-02 6.7081E-02 6.9187E-02 4.3070E-02 4.9330E-02 5.6543E-02 6.0139E-02 9.4577E-02 1.6782E-01 1.5063E-01 9.8281E-02 2.3100E-02 9.8374E-04 4.6309E-02 1.2897E-01 1.3165E-01 9.4969E-02 8.0518E-02 1.2328E-01 6.8658E-02 0
 0 1.0513E-02 1.1991E-01 1.1041E-01 7.5833E-02 6.9733E-02 7.0714E-02 4.6778E-02 5.1181E-02 5.9491E-02 6.6023E-02 9.4447E-02 1.6714E-01 1.5168E-01 9.9724E-02 2.3624E-02 1.0678E-03 4.7307E-02 1.2940E-01 1.3092E-01 9.6016E-02 8.2357E-02 1.2507E-01 6.5812E-02 0
 0 9.9828E-03 1.2080E-01 1.1171E-01 7.7580E-02 7.1732E-02 7.1756E-02 4.9872E-02 5.1688E-02 6.2441E-02 7.2043E-02 1.0153E-01 1.7015E-01 1.5171E-01 9.9235E-02 2.5835E-02 1.3693E-03 4.7563E-02 1.2756E-01 1.3172E-01 9.6150E-02 8.3993E-02 1.2720E-01 6.3004E-02 0
 0 9.6261E-03 1.1946E-01 1.1173E-01 7.8731E-02 7.4781E-02 7.4116E-02 5.7145E-02 5.2562E-02 6.5306E-02 7.6493E-02 1.0526E-01 1.7680E-01 1.5385E-01 1.0623E-01 2.4003E-02 1.3743E-03 4.9238E-02 1.2782E-01 1.2960E-01 1.0262E-01 8.5713E-02 1.2829E-01 6.0498E-02 0
 0 8.8608E-03 1.1919E-01 1.1278E-01 8.0352E-02 7.5387E-02 7.5548E-02 6.1451E-02 5.5110E-02 6.7021E-02 7.9907E-02 1.0698E-01 1.7385E-01 1.5452E-01 1.0210E-01 2.5675E-02 1.2012E-03 5.3682E-02 1.2681E-01 1.3404E-01 1.0283E-01 8.5924E-02 1.2819E-01 5.7183E-02 0
 0 8.4367E-03 1.1797E-01 1.1377E-01 8.0494E-02 7.7540E-02 7.6827E-02 6.5435E-02 5.6897E-02 7.0824E-02 8.8191E-02 1.1021E-01 1.7715E-01 1.5786E-01 1.0363E-01 2.6284E-02 1.7549E-03 5.3707E-02 1.3053E-01 1.2960E-01 1.0477E-01 8.6354E-02 1.3018E-01 5.5383E-02 0
 0 8.1567E-03 1.1696E-01 1.1511E-01 8.2267E-02 7.9677E-02 8.0186E-02 6.9488E-02 5.7811E-02 7.1844E-02 9.5232E-02 1.1357E-01 1.7709E-01 1.6108E-01 1.0389E-01 2.8161E-02 1.8933E-03 5.8227E-02 1.3019E-01 1.3426E-01 1.0813E-01 8.7322E-02 1.3193E-01 5.2037E-02 0
 0 7.5946E-03 1.1578E-01 1.1586E-01 8.2864E-02 8.0408E-02 8.1307E-02 7.4304E-02 5.8962E-02 7.4904E-02 9.4270E-02 1.1723E-01 1.8186E-01 1.5249E-01 1.0233E-01 2.9080E-02 2.2295E-03 5.7108E-02 1.3095E-01 1.3302E-01 1.0878E-01 8.9397E-02 1.3225E-01 4.9442E-02 0
 0 7.3794E-03 1.1553E-01 1.1510E-01 8.4938E-02 8.4131E-02 8.2982E-02 7.6407E-02 6.0436E-02 7.7793E-02 1.0001E-01 1.2111E-01 1.7856E-01 1.5916E-01 1.0669E-01 2.9010E-02 2.4025E-03 6.0940E-02 1.3081E-01 1.3806E-01 1.0959E-01 9.1115E-02 1.3308E-01 4.7726E-02 0
 0 6.9848E-03 1.1303E-01 1.1566E-01 8.4914E-02 8.5094E-02 8.5190E-02 8.3319E-02 6.1863E-02 7.8361E-02 1.0537E-01 1.2375E-01 1.8143E-01 1.6075E-01 1.0455E-01 2.9938E-02 2.2295E-03 6.4376E-02 1.3084E-01 1.3684E-01 1.1272E-01 9.1298E-02 1.3385E-01 4.5477E-02 0
 0 6.6239E-03 1.1289E-01 1.1673E-01 8.5432E-02 8.8158E-02 8.6695E-02 8.6491E-02 6.3524E-02 8.3222E-02 1.1154E-01 1.2641E-01 1.8131E-01 1.6315E-01 1.0669E-01 3.1505E-02 2.7683E-03 6.6343E-02 1.2945E-01 1.3472E-01 1.1517E-01 9.2446E-02 1.3549E-01 4.3508E-02 0
 0 6.2620E-03 1.1122E-01 1.1675E-01 8.8395E-02 8.9118E-02 8.5766E-02 9.4044E-02 6.5589E-02 8.3773E-02 1.1590E-01 1.2579E-01 1.8290E-01 1.5636E-01 1.0889E-01 3.1306E-02 2.6843E-03 6.4873E-02 1.2857E-01 1.3695E-01 1.1738E-01 9.3190E-02 1.3658E-01 4.1405E-02 0
 0 6.0023E-03 1.1103E-01 1.1684E-01 8.8063E-02 9.1653E-02 8.8434E-02 9.4508E-02 6.5789E-02 8.7672E-02 1.2055E-01 1.2798E-01 1.8077E-01 1.6419E-01 1.0852E-01 3.2728E-02 3.2775E-03 6.4943E-02 1.2950E-01 1.3822E-01 1.1778E-01 9.4618E-02 1.3566E-01 3.9942E-02 0
 0 5.9836E-03 1.0946E-01 1.1613E-01 9.0640E-02 9.3596E-02 8.7744E-02 1.0192E-01 6.7099E-02 8.9441E-02 1.2534E-01 1.3296E-01 1.8309E-01 1.6671E-01 1.0804E-01 3.2653E-02 3.4307E-03 6.8640E-02 1.2951E-01 1.3723E-01 1.1804E-01 9.6138E-02 1.3732E-01 3.7906E-02 0
 0 5.6606E-03 1.0628E-01 1.1720E-01 9.0607E-02 9.4989E-02 9.1775E-02 1.0585E-01 6.8677E-02 9.0379E-02 1.3026E-01 1.3071E-01 1.8433E-01 1.6455E-01 1.0946E-01 3.3098E-02 3.8064E-03 7.2944E-02 1.2881E-01 1.3860E-01 1.1717E-01 9.5850E-02 1.3713E-01 3.6386E-02 0
 0 5.3759E-03 1.0623E-01 1.1695E-01 9.0682E-02 9.7012E-02 9.4038E-02 1.1002E-01 7.0601E-02 9.4011E-02 1.3369E-01 1.3493E-01 1.7718E-01 1.6357E-01 1.0953E-01 3.6137E-02 3.7422E-03 7.0606E-02 1.2629E-01 1.4023E-01 1.1924E-01 9.4468E-02 1.3799E-01 3.4973E-02 0
 0 5.2286E-03 1.0570E-01 1.1754E-01 9.2883E-02 1.0029E-01 9.4265E-02 1.1447E-01 7.1608E-02 9.6510E-02 1.4025E-01 1.3576E-01 1.8325E-01 1.6436E-01 1.1118E-01 3.5364E-02 4.1080E-03 7.5276E-02 1.3048E-01 1.3908E-01 1.2212E-01 9.7322E-02 1.3808E-01 3.3064E-02 0
 0 4.8885E-03 1.0403E-01 1.1645E-01 9.2518E-02 9.9098E-02 9.5868E-02 1.1968E-01 6.9617E-02 9.8365E-02 1.3908E-01 1.4010E-01 1.8202E-01 1.6321E-01 1.0870E-01 3.5688E-02 4.6468E-03 7.5623E-02 1.2998E-01 1.3658E-01 1.2636E-01 9.6851E-02 1.3754E-01 3.1879E-02 0
 0 4.8828E-03 1.0299E-01 1.1616E-01 9.4824E-02 1.0081E-01 9.6125E-02 1.2217E-01 7.3943E-02 1.0038E-01 1.4376E-01 1.3950E-01 1.8358E-01 1.6388E-01 1.1273E-01 3.7121E-02 5.1659E-03 7.6525E-02 1.2964E-01 1.3873E-01 1.2387E-01 9.7078E-02 1.3690E-01 3.0441E-02 0
 0 4.6412E-03 1.0110E-01 1.1635E-01 9.4095E-02 1.0392E-01 9.7640E-02 1.2677E-01 7.3893E-02 1.0211E-01 1.4776E-01 1.4524E-01 1.8051E-01 1.6410E-01 1.1049E-01 3.7715E-02 5.3043E-03 7.7800E-02 1.2735E-01 1.3482E-01 1.2567E-01 1.0023E-01 1.3693E-01 2.9052E-02 0
 0 4.4415E-03 1.0009E-01 1.1528E-01 9.5437E-02 1.0423E-01 9.9518E-02 1.3041E-01 7.5631E-02 1.0409E-01 1.5387E-01 1.4760E-01 1.8117E-01 1.6299E-01 1.1120E-01 3.9157E-02 5.1955E-03 7.9490E-02 1.2713E-01 1.3859E-01 1.2570E-01 9.9174E-02 1.3656E-01 2.7966E-02 0
 0 4.2782E-03 9.7980E-02 1.1586E-01 9.5861E-02 1.0480E-01 1.0188E-01 1.3702E-01 7.7665E-02 1.0565E-01 1.5752E-01 1.4410E-01 1.7609E-01 1.6746E-01 1.1472E-01 3.9906E-02 6.6934E-03 8.0598E-02 1.2623E-01 1.3903E-01 1.2549E-01 9.9514E-02 1.3836E-01 2.7293E-02 0
 0 4.0910E-03 9.6084E-02 1.1603E-01 9.7726E-02 1.0676E-01 1.0130E-01 1.3584E-01 8.0153E-02 1.0820E-01 1.5965E-01 1.4612E-01 1.7805E-01 1.6515E-01 1.1100E-01 3.8713E-02 6.0211E-03 8.1732E-02 1.3084E-01 1.3806E-01 1.2706E-01 9.9491E-02 1.3616E-01 2.5860E-02 0
 0 4.1107E-03 9.5352E-02 1.1633E-01 9.8655E-02 1.0585E-01 1.0234E-01 1.4058E-01 8.0383E-02 1.0978E-01 1.6235E-01 1.5007E-01 1.7945E-01 1.6385E-01 1.1158E-01 4.0105E-02 7.4003E-03 8.4386E-02 1.2720E-01 1.3827E-01 1.2797E-01 1.0365E-01 1.3598E-01 2.4828E-02 0
 0 3.9282E-03 9.2933E-02 1.1552E-01 9.9646E-02 1.0983E-01 1.0325E-01 1.4770E-01 7.9783E-02 1.1331E-01 1.6376E-01 1.4915E-01 1.7766E-01 1.6390E-01 1.0966E-01 4.2486E-02 8.0231E-03 8.6964E-02 1.2680E-01 1.3858E-01 1.2808E-01 1.0205E-01 1.3469E-01 2.3989E-02 0
 0 3.7991E-03 9.2119E-02 1.1591E-01 1.0014E-01 1.1009E-01 1.0276E-01 1.4515E-01 8.3095E-02 1.1392E-01 1.7028E-01 1.4882E-01 1.7375E-01 1.6459E-01 1.0936E-01 4.2077E-02 8.3049E-03 8.9031E-02 1.2771E-01 1.3501E-01 1.2842E-01 1.0455E-01 1.3559E-01 2.2778E-02 0
 0 3.5876E-03 9.0942E-02 1.1481E-01 1.0056E-01 1.1146E-01 1.0259E-01 1.5012E-01 8.2548E-02 1.1426E-01 1.6631E-01 1.5201E-01 1.7244E-01 1.5772E-01 1.1129E-01 4.2666E-02 8.2258E-03 8.7957E-02 1.2420E-01 1.3676E-01 1.2983E-01 1.0388E-01 1.3397E-01 2.2168E-02 0
 0 3.6576E-03 8.9541E-02 1.1477E-01 1.0131E-01 1.1232E-01 1.0610E-01 1.5248E-01 8.5026E-02 1.1808E-01 1.6714E-01 1.5357E-01 1.7013E-01 1.6726E-01 1.1213E-01 4.3664E-02 9.1700E-03 8.7009E-02 1.2568E-01 1.3536E-01 1.3336E-01 1.0425E-01 1.3341E-01 2.1254E-02 0
 0 3.6052E-03 8.8391E-02 1.1470E-01 1.0171E-01 1.1252E-01 1.0735E-01 1.5330E-01 8.6556E-02 1.2064E-01 1.7110E-01 1.5054E-01 1.7178E-01 1.6249E-01 1.1339E-01 4.3919E-02 9.5853E-03 9.0044E-02 1.2390E-01 1.3777E-01 1.3278E-01 1.0516E-01 1.3470E-01 2.0659E-02 0
 0 3.4527E-03 8.6580E-02 1.1294E-01 1.0264E-01 1.1320E-01 1.0817E-01 1.5546E-01 8.6977E-02 1.1921E-01 1.7324E-01 1.5341E-01 1.6722E-01 1.5770E-01 1.1195E-01 4.5246E-02 1.0292E-02 9.0987E-02 1.2683E-01 1.3459E-01 1.3410E-01 1.0514E-01 1.3273E-01 1.9915E-02 0
 0 3.3968E-03 8.4930E-02 1.1329E-01 1.0293E-01 1.1552E-01 1.0848E-01 1.5706E-01 8.8321E-02 1.2109E-01 1.7617E-01 1.5267E-01 1.6836E-01 1.5903E-01 1.1075E-01 4.5122E-02 1.1123E-02 9.2597E-02 1.2195E-01 1.3398E-01 1.3315E-01 1.0803E-01 1.3123E-01 1.8727E-02 0
 0 3.2469E-03 8.3527E-02 1.1333E-01 1.0441E-01 1.1679E-01 1.0990E-01 1.6136E-01 8.9388E-02 1.2283E-01 1.7331E-01 1.5369E-01 1.6159E-01 1.5974E-01 1.1294E-01 4.8241E-02 1.1993E-02 9.3620E-02 1.2224E-01 1.3510E-01 1.3319E-01 1.0707E-01 1.3039E-01 1.8267E-02 0
 0 3.1489E-03 8.2310E-02 1.1196E-01 1.0522E-01 1.1910E-01 1.0976E-01 1.6238E-01 9.0549E-02 1.2361E-01 1.7434E-01 1.5099E-01 1.6131E-01 1.5991E-01 1.1021E-01 4.9175E-02 1.2551E-02 9.4654E-02 1.2566E-01 1.3570E-01 1.3388E-01 1.0742E-01 1.3011E-01 1.7703E-02 0
 0 3.0048E-03 8.0247E-02 1.1145E-01 1.0668E-01 1.1845E-01 1.0968E-01 1.6067E-01 9.1659E-02 1.2474E-01 1.7944E-01 1.5366E-01 1.5831E-01 1.5694E-01 1.1085E-01 4.8890E-02 1.2897E-02 9.5551E-02 1.2450E-01 1.3388E-01 1.3434E-01 1.0563E-01 1.2921E-01 1.7290E-02 0
 0 3.0831E-03 7.9383E-02 1.1130E-01 1.0434E-01 1.1861E-01 1.1030E-01 1.6231E-01 9.3243E-02 1.2672E-01 1.8070E-01 1.5238E-01 1.6066E-01 1.5541E-01 1.0818E-01 4.9609E-02 1.3827E-02 9.8802E-02 1.2390E-01 1.3312E-01 1.3487E-01 1.0700E-01 1.2916E-01 1.6418E-02 0
 0 2.9934E-03 7.7385E-02 1.1095E-01 1.0609E-01 1.1930E-01 1.1221E-01 1.6333E-01 9.2970E-02 1.2734E-01 1.7519E-01 1.4949E-01 1.5609E-01 1.5659E-01 1.1003E-01 4.8970E-02 1.4173E-02 9.6881E-02 1.2315E-01 1.3333E-01 1.3353E-01 1.0990E-01 1.2601E-01 1.6223E-02 0
 0 2.8782E-03 7.6545E-02 1.1062E-01 1.0675E-01 1.1751E-01 1.1269E-01 1.6603E-01 9.4451E-02 1.2749E-01 1.7841E-01 1.5465E-01 1.5592E-01 1.5548E-01 1.1420E-01 5.2110E-02 1.5171E-02 9.9640E-02 1.2230E-01 1.3209E-01 1.3426E-01 1.0853E-01 1.2562E-01 1.5475E-02 0
 0 2.8585E-03 7.5398E-02 1.0914E-01 1.0590E-01 1.2080E-01 1.1087E-01 1.6349E-01 9.4788E-02 1.2619E-01 1.7853E-01 1.5390E-01 1.5653E-01 1.5304E-01 1.1233E-01 5.2953E-02 1.4593E-02 1.0005E-01 1.2314E-01 1.3110E-01 1.3490E-01 1.0795E-01 1.2483E-01 1.4945E-02 0
 0 2.8378E-03 7.2679E-02 1.0849E-01 1.0757E-01 1.2076E-01 1.1243E-01 1.6575E-01 9.5468E-02 1.2808E-01 1.7515E-01 1.5172E-01 1.5167E-01 1.5150E-01 1.1127E-01 5.3537E-02 1.6728E-02 9.5877E-02 1.2396E-01 1.3281E-01 1.3288E-01 1.0839E-01 1.2311E-01 1.4785E-02 0
 0 2.6677E-03 7.1624E-02 1.0701E-01 1.0692E-01 1.2133E-01 1.1338E-01 1.6716E-01 9.6925E-02 1.3058E-01 1.7738E-01 1.5257E-01 1.4997E-01 1.5094E-01 1.0892E-01 5.3936E-02 1.7248E-02 1.0443E-01 1.2038E-01 1.3042E-01 1.3314E-01 1.0955E-01 1.2133E-01 1.4205E-02 0
 0 2.6620E-03 7.0927E-02 1.0738E-01 1.0787E-01 1.2178E-01 1.1149E-01 1.6592E-01 9.7682E-02 1.3155E-01 1.7947E-01 1.5264E-01 1.5240E-01 1.4785E-01 1.1192E-01 5.4545E-02 1.8310E-02 1.0318E-01 1.1963E-01 1.2877E-01 1.3516E-01 1.0866E-01 1.2009E-01 1.3730E-02 0
 0 2.7481E-03 6.9790E-02 1.0878E-01 1.0813E-01 1.2170E-01 1.1172E-01 1.6487E-01 9.9997E-02 1.2978E-01 1.7607E-01 1.5289E-01 1.4804E-01 1.5150E-01 1.1153E-01 5.7181E-02 2.0149E-02 1.0212E-01 1.2100E-01 1.2949E-01 1.3614E-01 1.0840E-01 1.1953E-01 1.3263E-02 0
 0 2.7014E-03 6.8510E-02 1.0628E-01 1.0820E-01 1.2475E-01 1.1346E-01 1.6554E-01 1.0216E-01 1.3299E-01 1.7518E-01 1.5387E-01 1.4504E-01 1.4813E-01 1.0955E-01 5.8698E-02 1.9798E-02 1.0351E-01 1.1899E-01 1.2743E-01 1.3266E-01 1.1133E-01 1.1981E-01 1.2882E-02 0
 0 2.5241E-03 6.6842E-02 1.0401E-01 1.1012E-01 1.2165E-01 1.1445E-01 1.6807E-01 1.0200E-01 1.3422E-01 1.7601E-01 1.4560E-01 1.4509E-01 1.4644E-01 1.0897E-01 5.6891E-02 2.0619E-02 1.0446E-01 1.1662E-01 1.2959E-01 1.3248E-01 1.0830E-01 1.1714E-01 1.2541E-02 0
 0 2.6091E-03 6.5704E-02 1.0362E-01 1.0813E-01 1.2146E-01 1.1536E-01 1.6457E-01 1.0210E-01 1.3297E-01 1.7649E-01 1.5011E-01 1.4312E-01 1.4484E-01 1.0938E-01 5.9367E-02 2.2774E-02 1.0127E-01 1.1794E-01 1.2723E-01 1.3342E-01 1.1141E-01 1.1606E-01 1.2083E-02 0
 0 2.5785E-03 6.4115E-02 1.0362E-01 1.0881E-01 1.2466E-01 1.1536E-01 1.6623E-01 1.0357E-01 1.3481E-01 1.7261E-01 1.4895E-01 1.3960E-01 1.4472E-01 1.1179E-01 6.1683E-02 2.3822E-02 1.0514E-01 1.1971E-01 1.2801E-01 1.3199E-01 1.0965E-01 1.1648E-01 1.2076E-02 0
 0 2.5433E-03 6.3118E-02 1.0184E-01 1.0940E-01 1.2473E-01 1.1425E-01 1.6283E-01 1.0366E-01 1.3091E-01 1.7145E-01 1.4912E-01 1.3885E-01 1.4245E-01 1.0853E-01 6.0545E-02 2.3842E-02 1.0471E-01 1.1852E-01 1.2835E-01 1.3282E-01 1.0809E-01 1.1470E-01 1.1525E-02 0
 0 2.4702E-03 6.1745E-02 1.0135E-01 1.1041E-01 1.2527E-01 1.1315E-01 1.6345E-01 1.0680E-01 1.3404E-01 1.7072E-01 1.4757E-01 1.3818E-01 1.4055E-01 1.0771E-01 6.1593E-02 2.4336E-02 1.0186E-01 1.1857E-01 1.2699E-01 1.3238E-01 1.0921E-01 1.1322E-01 1.1296E-02 0
 0 2.3618E-03 6.0942E-02 1.0071E-01 1.1048E-01 1.2292E-01 1.1577E-01 1.6332E-01 1.0710E-01 1.3403E-01 1.6675E-01 1.4872E-01 1.3713E-01 1.4188E-01 1.0832E-01 6.3814E-02 2.7233E-02 1.0735E-01 1.1725E-01 1.2901E-01 1.3139E-01 1.1050E-01 1.1133E-01 1.1023E-02 0
 0 2.4396E-03 5.9131E-02 1.0068E-01 1.0957E-01 1.2334E-01 1.1411E-01 1.6210E-01 1.0856E-01 1.3428E-01 1.6421E-01 1.4912E-01 1.3360E-01 1.4156E-01 1.0736E-01 6.1418E-02 2.6121E-02 1.0726E-01 1.1546E-01 1.2573E-01 1.3583E-01 1.1022E-01 1.0966E-01 1.0720E-02 0
 0 2.3001E-03 5.7948E-02 9.9653E-02 1.0938E-01 1.2535E-01 1.1468E-01 1.6360E-01 1.0579E-01 1.3391E-01 1.6656E-01 1.4554E-01 1.3292E-01 1.4195E-01 1.0827E-01 6.3620E-02 2.8850E-02 1.0501E-01 1.1763E-01 1.2369E-01 1.3217E-01 1.0941E-01 1.0879E-01 1.0213E-02 0
 0 2.3074E-03 5.6356E-02 1.0008E-01 1.1200E-01 1.2307E-01 1.1650E-01 1.5869E-01 1.0949E-01 1.3424E-01 1.6384E-01 1.4716E-01 1.3222E-01 1.3882E-01 1.0619E-01 6.4204E-02 3.0209E-02 1.0467E-01 1.1463E-01 1.2603E-01 1.3113E-01 1.1174E-01 1.0802E-01 1.0204E-02 0
 0 2.3566E-03 5.6038E-02 9.6802E-02 1.0945E-01 1.2379E-01 1.1551E-01 1.6054E-01 1.1013E-01 1.3381E-01 1.6096E-01 1.4427E-01 1.2749E-01 1.3749E-01 1.0819E-01 6.6869E-02 3.1781E-02 1.0805E-01 1.1704E-01 1.2497E-01 1.3008E-01 1.1044E-01 1.0697E-01 9.9844E-03 0
 0 2.2306E-03 5.4661E-02 9.7670E-02 1.1066E-01 1.2365E-01 1.1489E-01 1.5736E-01 1.0903E-01 1.3353E-01 1.6020E-01 1.4234E-01 1.2764E-01 1.3595E-01 1.0461E-01 6.6245E-02 3.1900E-02 1.0666E-01 1.1597E-01 1.2525E-01 1.3219E-01 1.1211E-01 1.0585E-01 9.6035E-03 0
 0 2.2348E-03 5.4003E-02 9.7194E-02 1.0922E-01 1.2206E-01 1.1567E-01 1.5495E-01 1.0996E-01 1.3413E-01 1.5901E-01 1.4207E-01 1.2771E-01 1.3513E-01 1.0550E-01 6.6809E-02 3.2770E-02 1.0865E-01 1.1458E-01 1.2121E-01 1.3079E-01 1.1020E-01 1.0427E-01 9.4566E-03 0
 0 2.3157E-03 5.3183E-02 9.5888E-02 1.0881E-01 1.2538E-01 1.1523E-01 1.5647E-01 1.1407E-01 1.3463E-01 1.5672E-01 1.3999E-01 1.2469E-01 1.3300E-01 1.0190E-01 6.8177E-02 3.4085E-02 1.0852E-01 1.1429E-01 1.2595E-01 1.2777E-01 1.0986E-01 1.0293E-01 9.0644E-03 0
 0 2.2451E-03 5.2250E-02 9.3963E-02 1.0757E-01 1.2444E-01 1.1592E-01 1.5267E-01 1.1072E-01 1.3296E-01 1.5646E-01 1.4249E-01 1.2153E-01 1.3273E-01 1.0564E-01 6.9839E-02 3.6552E-02 1.0657E-01 1.1498E-01 1.2320E-01 1.3061E-01 1.1197E-01 1.0180E-01 8.9879E-03 0
 0 2.1601E-03 5.0783E-02 9.4553E-02 1.1070E-01 1.2343E-01 1.1617E-01 1.4927E-01 1.1296E-01 1.3309E-01 1.5059E-01 1.3964E-01 1.2052E-01 1.3394E-01 1.0407E-01 6.8756E-02 3.7768E-02 1.1015E-01 1.1415E-01 1.2146E-01 1.2892E-01 1.1043E-01 1.0042E-01 8.8031E-03 0
 0 2.1834E-03 4.9616E-02 9.3010E-02 1.1047E-01 1.2623E-01 1.1584E-01 1.5031E-01 1.1388E-01 1.3323E-01 1.5297E-01 1.3973E-01 1.2079E-01 1.3229E-01 1.0416E-01 7.1701E-02 3.8025E-02 1.0688E-01 1.1137E-01 1.2205E-01 1.2825E-01 1.1017E-01 9.9481E-02 8.5252E-03 0
 0 2.1554E-03 4.8432E-02 9.1879E-02 1.0973E-01 1.2321E-01 1.1399E-01 1.4897E-01 1.1530E-01 1.3314E-01 1.5101E-01 1.3637E-01 1.1757E-01 1.2969E-01 1.0603E-01 7.2574E-02 3.9399E-02 1.0967E-01 1.1143E-01 1.2210E-01 1.2879E-01 1.0930E-01 9.7759E-02 8.1762E-03 0
 0 2.1036E-03 4.7673E-02 9.2842E-02 1.1191E-01 1.2295E-01 1.1549E-01 1.4766E-01 1.1466E-01 1.3181E-01 1.4754E-01 1.3615E-01 1.1940E-01 1.2588E-01 1.0328E-01 7.1880E-02 4.2355E-02 1.0991E-01 1.1372E-01 1.2066E-01 1.2618E-01 1.1183E-01 9.6755E-02 8.0952E-03 0
 0 2.1674E-03 4.6621E-02 9.1169E-02 1.0983E-01 1.2306E-01 1.1496E-01 1.4944E-01 1.1744E-01 1.3246E-01 1.4516E-01 1.3539E-01 1.1680E-01 1.2558E-01 1.0454E-01 7.4915E-02 4.1347E-02 1.0911E-01 1.1198E-01 1.1943E-01 1.2775E-01 1.0944E-01 9.4554E-02 8.0452E-03 0
 0 2.1285E-03 4.5926E-02 8.8914E-02 1.1017E-01 1.2290E-01 1.1631E-01 1.4507E-01 1.1613E-01 1.3283E-01 1.4527E-01 1.3413E-01 1.1559E-01 1.2806E-01 1.0365E-01 7.4990E-02 4.3566E-02 1.0904E-01 1.1434E-01 1.1946E-01 1.2643E-01 1.1188E-01 9.5124E-02 7.8877E-03 0
 0 2.1041E-03 4.4490E-02 9.0139E-02 1.0946E-01 1.2368E-01 1.1415E-01 1.4377E-01 1.1616E-01 1.3481E-01 1.4122E-01 1.3551E-01 1.1547E-01 1.2851E-01 1.0359E-01 7.4610E-02 4.6977E-02 1.0893E-01 1.0794E-01 1.1724E-01 1.2543E-01 1.1168E-01 9.3250E-02 7.6439E-03 0
 0 2.0787E-03 4.4244E-02 8.8538E-02 1.1033E-01 1.2318E-01 1.1389E-01 1.3931E-01 1.1851E-01 1.3333E-01 1.4144E-01 1.3269E-01 1.1319E-01 1.2575E-01 1.0079E-01 7.5180E-02 4.9058E-02 1.1049E-01 1.1227E-01 1.1934E-01 1.2648E-01 1.0989E-01 9.1099E-02 7.6204E-03 0
 0 2.1306E-03 4.3233E-02 8.7898E-02 1.1026E-01 1.2264E-01 1.1250E-01 1.4208E-01 1.1566E-01 1.2971E-01 1.4179E-01 1.3250E-01 1.1205E-01 1.2598E-01 1.0214E-01 7.7391E-02 4.9849E-02 1.0673E-01 1.1149E-01 1.1731E-01 1.2445E-01 1.1013E-01 9.0541E-02 7.5212E-03 0
 0 2.0346E-03 4.2381E-02 8.7526E-02 1.0839E-01 1.2397E-01 1.1235E-01 1.3788E-01 1.2045E-01 1.3021E-01 1.3825E-01 1.3338E-01 1.1132E-01 1.2126E-01 1.0359E-01 7.7695E-02 4.9004E-02 1.0826E-01 1.1010E-01 1.1706E-01 1.2242E-01 1.0981E-01 8.9696E-02 7.2373E-03 0
 0 1.9942E-03 4.1506E-02 8.7090E-02 1.1066E-01 1.2185E-01 1.1310E-01 1.3826E-01 1.1806E-01 1.2985E-01 1.3567E-01 1.2826E-01 1.0946E-01 1.2304E-01 1.0359E-01 7.6877E-02 4.9508E-02 1.0993E-01 1.0893E-01 1.1525E-01 1.2445E-01 1.1245E-01 8.8394E-02 7.1684E-03 0
 0 1.9636E-03 4.0388E-02 8.5030E-02 1.0957E-01 1.2159E-01 1.1387E-01 1.3607E-01 1.1855E-01 1.2908E-01 1.3276E-01 1.2623E-01 1.0816E-01 1.2019E-01 1.0122E-01 8.0790E-02 5.3072E-02 1.0841E-01 1.1143E-01 1.1510E-01 1.2514E-01 1.1085E-01 8.7267E-02 6.9692E-03 0
 0 1.9926E-03 4.0333E-02 8.5960E-02 1.0895E-01 1.2352E-01 1.1461E-01 1.3413E-01 1.1949E-01 1.3053E-01 1.3155E-01 1.2743E-01 1.0737E-01 1.2053E-01 1.0056E-01 8.0640E-02 5.4872E-02 1.0782E-01 1.1158E-01 1.1694E-01 1.2472E-01 1.0990E-01 8.5301E-02 7.0707E-03 0
 0 1.9631E-03 3.9417E-02 8.3827E-02 1.1006E-01 1.2295E-01 1.1161E-01 1.3253E-01 1.1981E-01 1.2983E-01 1.3016E-01 1.2886E-01 1.0805E-01 1.1723E-01 1.0157E-01 8.0001E-02 5.5188E-02 1.1127E-01 1.1035E-01 1.1638E-01 1.2314E-01 1.1088E-01 8.4513E-02 6.7943E-03 0
 0 1.9869E-03 3.8379E-02 8.2139E-02 1.0802E-01 1.2093E-01 1.1322E-01 1.3053E-01 1.1991E-01 1.3031E-01 1.2937E-01 1.2670E-01 1.0773E-01 1.1754E-01 1.0065E-01 8.1214E-02 5.6177E-02 1.0951E-01 1.0979E-01 1.1424E-01 1.2497E-01 1.0751E-01 8.4860E-02 6.7110E-03 0
 0 1.9408E-03 3.7754E-02 8.2809E-02 1.0904E-01 1.1992E-01 1.1509E-01 1.3151E-01 1.2046E-01 1.2735E-01 1.2634E-01 1.2739E-01 1.0600E-01 1.1757E-01 1.0042E-01 8.2771E-02 5.7467E-02 1.0976E-01 1.0975E-01 1.1422E-01 1.2018E-01 1.1022E-01 8.3448E-02 6.6171E-03 0
 0 1.9734E-03 3.6511E-02 8.1541E-02 1.0787E-01 1.1958E-01 1.1261E-01 1.2474E-01 1.2179E-01 1.2757E-01 1.2651E-01 1.2583E-01 1.0366E-01 1.1848E-01 9.9946E-02 8.5197E-02 6.1239E-02 1.0665E-01 1.0802E-01 1.1288E-01 1.2032E-01 1.0811E-01 8.2765E-02 6.4990E-03 0
 0 1.9335E-03 3.6193E-02 8.0630E-02 1.0789E-01 1.1971E-01 1.1352E-01 1.2583E-01 1.2271E-01 1.2688E-01 1.2399E-01 1.2319E-01 1.0375E-01 1.1605E-01 1.0232E-01 8.5502E-02 6.2391E-02 1.0987E-01 1.0978E-01 1.1458E-01 1.2027E-01 1.0803E-01 8.0234E-02 6.5353E-03 0
 0 1.9320E-03 3.5543E-02 8.0150E-02 1.0737E-01 1.2093E-01 1.1194E-01 1.2655E-01 1.2177E-01 1.2438E-01 1.2403E-01 1.2245E-01 1.0124E-01 1.1353E-01 9.8891E-02 8.4868E-02 6.2188E-02 1.0825E-01 1.0699E-01 1.1061E-01 1.1904E-01 1.0785E-01 7.9251E-02 6.3339E-03 0
 0 1.9423E-03 3.4659E-02 7.8217E-02 1.0816E-01 1.2173E-01 1.1196E-01 1.2473E-01 1.2152E-01 1.2700E-01 1.2120E-01 1.2190E-01 1.0037E-01 1.1315E-01 1.0022E-01 8.3934E-02 6.4225E-02 1.0996E-01 1.0845E-01 1.1280E-01 1.1886E-01 1.0708E-01 7.8467E-02 6.3014E-03 0
 0 1.8780E-03 3.4001E-02 7.7862E-02 1.0825E-01 1.1953E-01 1.1041E-01 1.2009E-01 1.2328E-01 1.2682E-01 1.1874E-01 1.2162E-01 1.0095E-01 1.1398E-01 1.0128E-01 8.4663E-02 6.6568E-02 1.0839E-01 1.0554E-01 1.1147E-01 1.1748E-01 1.0686E-01 7.7322E-02 6.1287E-03 0
 0 1.9439E-03 3.3329E-02 7.5618E-02 1.0838E-01 1.1754E-01 1.1033E-01 1.2308E-01 1.2334E-01 1.2296E-01 1.1804E-01 1.2078E-01 1.0052E-01 1.1406E-01 9.8528E-02 8.7164E-02 6.9203E-02 1.0940E-01 1.0613E-01 1.1157E-01 1.1919E-01 1.0703E-01 7.7359E-02 6.0848E-03 0
 0 1.9200E-03 3.2192E-02 7.7410E-02 1.0660E-01 1.1736E-01 1.1120E-01 1.1976E-01 1.2394E-01 1.2534E-01 1.1615E-01 1.1925E-01 9.8453E-02 1.1143E-01 9.9820E-02 8.8017E-02 6.8768E-02 1.0735E-01 1.0735E-01 1.1244E-01 1.1818E-01 1.0689E-01 7.5568E-02 5.8122E-03 0
 0 1.8589E-03 3.1504E-02 7.5951E-02 1.0621E-01 1.1791E-01 1.0917E-01 1.1629E-01 1.2339E-01 1.2394E-01 1.1459E-01 1.1902E-01 9.7875E-02 1.0973E-01 9.9729E-02 8.9155E-02 7.1457E-02 1.0833E-01 1.0584E-01 1.1049E-01 1.1459E-01 1.0767E-01 7.4743E-02 5.7403E-03 0
 0 1.8568E-03 3.1976E-02 7.4743E-02 1.0543E-01 1.1589E-01 1.1321E-01 1.1633E-01 1.2327E-01 1.2391E-01 1.1383E-01 1.1692E-01 9.7929E-02 1.1013E-01 9.9421E-02 8.8951E-02 7.1679E-02 1.1003E-01 1.0802E-01 1.0818E-01 1.1580E-01 1.0538E-01 7.3706E-02 5.7812E-03 0
 0 1.8454E-03 3.0262E-02 7.3896E-02 1.0551E-01 1.1676E-01 1.0794E-01 1.1537E-01 1.2561E-01 1.2361E-01 1.1091E-01 1.1651E-01 9.3706E-02 1.0749E-01 9.9401E-02 9.0473E-02 7.4517E-02 1.1036E-01 1.0610E-01 1.0929E-01 1.1594E-01 1.0585E-01 7.2443E-02 5.5586E-03 0
 0 1.8926E-03 3.0499E-02 7.3867E-02 1.0573E-01 1.1668E-01 1.1021E-01 1.1493E-01 1.2346E-01 1.2132E-01 1.0972E-01 1.1511E-01 9.5455E-02 1.0872E-01 9.8967E-02 9.1137E-02 7.4453E-02 1.0603E-01 1.0527E-01 1.0832E-01 1.1445E-01 1.0731E-01 7.1191E-02 5.5699E-03 0
 0 1.8972E-03 2.9471E-02 7.3005E-02 1.0419E-01 1.1757E-01 1.1056E-01 1.1270E-01 1.2404E-01 1.2329E-01 1.0952E-01 1.1409E-01 9.5524E-02 1.1005E-01 9.8533E-02 9.0618E-02 7.6277E-02 1.0921E-01 1.0735E-01 1.0827E-01 1.1460E-01 1.0570E-01 7.0797E-02 5.5374E-03 0
 0 1.8194E-03 2.8872E-02 7.1797E-02 1.0396E-01 1.1421E-01 1.0943E-01 1.0986E-01 1.2763E-01 1.2215E-01 1.0712E-01 1.1522E-01 9.5219E-02 1.0686E-01 9.8014E-02 9.3882E-02 7.8610E-02 1.0694E-01 1.0803E-01 1.0699E-01 1.1417E-01 1.0678E-01 6.9574E-02 5.5570E-03 0
 0 1.8692E-03 2.8685E-02 7.1936E-02 1.0378E-01 1.1515E-01 1.0760E-01 1.0995E-01 1.2641E-01 1.2049E-01 1.0629E-01 1.1470E-01 9.4626E-02 1.0756E-01 9.7751E-02 9.4067E-02 8.1700E-02 1.0938E-01 1.0669E-01 1.0711E-01 1.1366E-01 1.0528E-01 6.8735E-02 5.3473E-03 0
 0 1.8697E-03 2.8152E-02 7.1067E-02 1.0424E-01 1.1412E-01 1.0844E-01 1.0972E-01 1.2506E-01 1.1939E-01 1.0446E-01 1.1315E-01 9.2644E-02 1.0442E-01 9.7963E-02 9.3977E-02 7.9762E-02 1.0663E-01 1.0481E-01 1.0811E-01 1.1500E-01 1.0324E-01 6.6955E-02 5.2436E-03 0
 0 1.8392E-03 2.7631E-02 7.0593E-02 1.0268E-01 1.1450E-01 1.0665E-01 1.0803E-01 1.2428E-01 1.1772E-01 1.0554E-01 1.1431E-01 9.2417E-02 1.0327E-01 1.0027E-01 9.4241E-02 8.2130E-02 1.0660E-01 1.0474E-01 1.0719E-01 1.1250E-01 1.0504E-01 6.6472E-02 5.1588E-03 0
 0 1.8376E-03 2.7045E-02 6.9996E-02 1.0182E-01 1.1364E-01 1.0823E-01 1.0490E-01 1.2559E-01 1.1960E-01 1.0304E-01 1.1264E-01 9.1082E-02 1.0592E-01 9.7433E-02 9.4865E-02 8.3633E-02 1.0638E-01 1.0419E-01 1.0468E-01 1.1287E-01 1.0462E-01 6.5860E-02 5.1171E-03 0
 0 1.7790E-03 2.6423E-02 6.8686E-02 1.0221E-01 1.1389E-01 1.0873E-01 1.0464E-01 1.2706E-01 1.1952E-01 1.0046E-01 1.0954E-01 8.8557E-02 1.0396E-01 9.7898E-02 9.6602E-02 8.4419E-02 1.0886E-01 1.0410E-01 1.0635E-01 1.1043E-01 1.0382E-01 6.4105E-02 5.1262E-03 0
 0 1.8220E-03 2.5825E-02 6.7544E-02 1.0204E-01 1.1346E-01 1.0870E-01 1.0386E-01 1.2441E-01 1.1775E-01 9.8521E-02 1.1086E-01 8.9915E-02 1.0575E-01 9.5708E-02 9.6193E-02 8.8284E-02 1.0787E-01 1.0497E-01 1.0556E-01 1.1004E-01 1.0320E-01 6.4029E-02 4.9998E-03 0
 0 1.8169E-03 2.5676E-02 6.7762E-02 1.0271E-01 1.1118E-01 1.0761E-01 1.0116E-01 1.2539E-01 1.1725E-01 9.9785E-02 1.0811E-01 8.9806E-02 1.0349E-01 9.6409E-02 9.7391E-02 8.8502E-02 1.0635E-01 1.0405E-01 1.0391E-01 1.0843E-01 1.0480E-01 6.2812E-02 4.8771E-03 0
 0 1.7515E-03 2.4830E-02 6.6242E-02 1.0177E-01 1.1164E-01 1.0777E-01 1.0058E-01 1.2584E-01 1.1589E-01 9.6338E-02 1.0882E-01 9.0608E-02 1.0110E-01 9.8947E-02 9.8534E-02 9.0014E-02 1.0645E-01 1.0460E-01 1.0551E-01 1.1029E-01 1.0299E-01 6.2661E-02 4.9134E-03 0
 0 1.8008E-03 2.4829E-02 6.5792E-02 1.0026E-01 1.1184E-01 1.0718E-01 1.0002E-01 1.2657E-01 1.1584E-01 9.7979E-02 1.0637E-01 8.9642E-02 1.0079E-01 9.8301E-02 9.9837E-02 9.2892E-02 1.0783E-01 1.0437E-01 1.0361E-01 1.1032E-01 1.0380E-01 6.1799E-02 4.9013E-03 0
 0 1.8366E-03 2.3701E-02 6.5132E-02 1.0097E-01 1.1039E-01 1.0916E-01 9.8087E-02 1.2636E-01 1.1532E-01 9.6051E-02 1.0857E-01 8.7664E-02 1.0133E-01 9.7887E-02 1.0021E-01 9.3460E-02 1.0730E-01 1.0477E-01 1.0460E-01 1.1012E-01 1.0314E-01 6.1557E-02 4.8286E-03 0
 0 1.7837E-03 2.3417E-02 6.4912E-02 9.8853E-02 1.0953E-01 1.0564E-01 9.7739E-02 1.2596E-01 1.1321E-01 9.5796E-02 1.0541E-01 8.9560E-02 1.0085E-01 9.8982E-02 1.0102E-01 9.5922E-02 1.0684E-01 1.0316E-01 1.0544E-01 1.0736E-01 1.0148E-01 5.9801E-02 4.6348E-03 0
 0 1.7977E-03 2.3649E-02 6.3842E-02 9.9707E-02 1.0858E-01 1.0538E-01 9.6969E-02 1.2585E-01 1.1355E-01 9.3555E-02 1.0653E-01 8.5263E-02 1.0156E-01 9.8558E-02 9.9208E-02 9.5081E-02 1.0468E-01 1.0233E-01 1.0201E-01 1.0510E-01 1.0184E-01 5.9106E-02 4.6689E-03 0
 0 1.7749E-03 2.2711E-02 6.2641E-02 9.7779E-02 1.0981E-01 1.0458E-01 9.4612E-02 1.2571E-01 1.1281E-01 9.2452E-02 1.0658E-01 8.7122E-02 9.8650E-02 9.7383E-02 1.0315E-01 9.8838E-02 1.0731E-01 1.0222E-01 1.0166E-01 1.0743E-01 1.0037E-01 5.8404E-02 4.6371E-03 0
 0 1.7240E-03 2.1880E-02 6.3304E-02 9.8413E-02 1.1033E-01 1.0516E-01 9.4258E-02 1.2345E-01 1.1312E-01 9.2626E-02 1.0296E-01 8.5578E-02 9.8704E-02 9.4255E-02 1.0364E-01 1.0079E-01 1.0725E-01 1.0416E-01 1.0311E-01 1.0637E-01 1.0117E-01 5.7900E-02 4.5803E-03 0
 0 1.7894E-03 2.1960E-02 6.1993E-02 9.7871E-02 1.0923E-01 1.0528E-01 9.3677E-02 1.2575E-01 1.1351E-01 9.0384E-02 1.0389E-01 8.7259E-02 9.7570E-02 9.7691E-02 1.0184E-01 9.9975E-02 1.0529E-01 1.0451E-01 1.0390E-01 1.0693E-01 1.0045E-01 5.6706E-02 4.5735E-03 0
 0 1.7360E-03 2.1213E-02 6.2107E-02 9.8084E-02 1.0780E-01 1.0384E-01 9.2819E-02 1.2495E-01 1.1100E-01 9.0211E-02 1.0460E-01 8.7724E-02 9.9503E-02 9.8352E-02 1.0313E-01 1.0026E-01 1.0476E-01 1.0539E-01 1.0385E-01 1.0478E-01 1.0090E-01 5.5794E-02 4.4780E-03 0
 0 1.7178E-03 2.1275E-02 6.0711E-02 9.7550E-02 1.0941E-01 1.0401E-01 9.3400E-02 1.2640E-01 1.0962E-01 9.0056E-02 1.0175E-01 8.6453E-02 9.6486E-02 9.8609E-02 1.0466E-01 9.9748E-02 1.0547E-01 1.0228E-01 1.0297E-01 1.0660E-01 9.9252E-02 5.4942E-02 4.4758E-03 0
 0 1.7972E-03 2.0599E-02 5.9698E-02 9.7170E-02 1.0546E-01 1.0370E-01 9.0960E-02 1.2566E-01 1.1175E-01 8.8334E-02 1.0322E-01 8.5865E-02 9.9286E-02 9.7267E-02 1.0626E-01 1.0460E-01 1.0728E-01 1.0492E-01 1.0198E-01 1.0509E-01 9.8422E-02 5.4696E-02 4.5576E-03 0
 0 1.7702E-03 2.0722E-02 5.9495E-02 9.6366E-02 1.0726E-01 1.0346E-01 9.0976E-02 1.2729E-01 1.0963E-01 8.8755E-02 1.0229E-01 8.5491E-02 9.5051E-02 9.5965E-02 1.0259E-01 1.0596E-01 1.0402E-01 1.0309E-01 1.0237E-01 1.0411E-01 9.8942E-02 5.3397E-02 4.4894E-03 0
 0 1.7826E-03 1.9821E-02 5.9060E-02 9.6542E-02 1.0689E-01 1.0272E-01 8.9302E-02 1.2795E-01 1.0911E-01 8.7000E-02 1.0199E-01 8.4662E-02 9.5613E-02 9.7353E-02 1.0822E-01 1.0559E-01 1.0656E-01 1.0400E-01 1.0179E-01 1.0280E-01 1.0045E-01 5.3196E-02 4.5038E-03 0
 0 1.7396E-03 1.9904E-02 5.8286E-02 9.4662E-02 1.0575E-01 1.0228E-01 8.7863E-02 1.2726E-01 1.1045E-01 8.6064E-02 9.9541E-02 8.5409E-02 9.5574E-02 9.5693E-02 1.0592E-01 1.0717E-01 1.0800E-01 1.0366E-01 1.0053E-01 1.0264E-01 9.5904E-02 5.2263E-02 4.3932E-03 0
 0 1.7821E-03 1.9365E-02 5.8031E-02 9.5015E-02 1.0654E-01 1.0302E-01 8.7352E-02 1.2397E-01 1.0883E-01 8.5293E-02 1.0187E-01 8.5869E-02 9.7723E-02 9.8049E-02 1.0751E-01 1.1051E-01 1.0441E-01 1.0123E-01 9.9828E-02 1.0339E-01 9.7731E-02 5.1256E-02 4.2698E-03 0
 0 1.7526E-03 1.8658E-02 5.7085E-02 9.2564E-02 1.0558E-01 1.0307E-01 8.8152E-02 1.2553E-01 1.0831E-01 8.4206E-02 9.9256E-02 8.4006E-02 9.4716E-02 9.8321E-02 1.0822E-01 1.1338E-01 1.0452E-01 1.0093E-01 9.9381E-02 1.0294E-01 9.7479E-02 5.0239E-02 4.1994E-03 0
 0 1.7448E-03 1.8594E-02 5.6622E-02 9.2995E-02 1.0345E-01 1.0194E-01 8.5471E-02 1.2528E-01 1.0779E-01 8.2993E-02 1.0027E-01 8.5455E-02 9.5574E-02 9.7716E-02 1.1038E-01 1.1224E-01 1.0402E-01 1.0310E-01 9.8847E-02 1.0197E-01 9.6341E-02 5.1090E-02 4.1176E-03 0
 0 1.7469E-03 1.8032E-02 5.5483E-02 9.3120E-02 1.0384E-01 1.0117E-01 8.4967E-02 1.2462E-01 1.0720E-01 8.4375E-02 9.7797E-02 8.3792E-02 9.2907E-02 9.8654E-02 1.0903E-01 1.1414E-01 1.0433E-01 1.0267E-01 9.9587E-02 1.0051E-01 9.7100E-02 4.9699E-02 4.2600E-03 0
 0 1.7401E-03 1.8271E-02 5.5240E-02 9.2557E-02 1.0365E-01 1.0110E-01 8.4259E-02 1.2495E-01 1.0654E-01 8.2683E-02 9.9264E-02 8.3518E-02 9.5308E-02 9.9002E-02 1.0743E-01 1.1720E-01 1.0484E-01 9.9880E-02 9.9517E-02 9.9214E-02 9.5083E-02 4.9436E-02 4.1964E-03 0
 0 1.7339E-03 1.7721E-02 5.5359E-02 9.1027E-02 1.0172E-01 1.0090E-01 8.3716E-02 1.2520E-01 1.0590E-01 8.1186E-02 9.8620E-02 8.3054E-02 9.2232E-02 1.0114E-01 1.0979E-01 1.1880E-01 1.0220E-01 1.0236E-01 9.6730E-02 9.9625E-02 9.4336E-02 4.8418E-02 4.0025E-03 0
 0 1.6597E-03 1.7421E-02 5.3875E-02 9.0464E-02 1.0277E-01 1.0033E-01 8.4054E-02 1.2343E-01 1.0473E-01 8.0924E-02 9.6941E-02 8.3696E-02 9.1990E-02 9.7766E-02 1.1380E-01 1.1716E-01 1.0261E-01 1.0360E-01 1.0078E-01 1.0008E-01 9.5083E-02 4.8009E-02 4.1017E-03 0
 0 1.7546E-03 1.6847E-02 5.3503E-02 9.1396E-02 1.0204E-01 9.9933E-02 8.1681E-02 1.2515E-01 1.0539E-01 8.1219E-02 9.7589E-02 8.1960E-02 9.3459E-02 9.9467E-02 1.1362E-01 1.1588E-01 1.0307E-01 1.0039E-01 9.9675E-02 9.9618E-02 9.4999E-02 4.8219E-02 3.8738E-03 0
 0 1.7178E-03 1.6688E-02 5.2718E-02 8.9375E-02 1.0073E-01 9.9402E-02 8.1031E-02 1.2430E-01 1.0590E-01 8.0180E-02 9.4659E-02 8.1527E-02 9.2621E-02 9.6934E-02 1.1257E-01 1.2034E-01 1.0202E-01 1.0129E-01 9.8536E-02 1.0013E-01 9.5076E-02 4.7337E-02 3.9980E-03 0
 0 1.6478E-03 1.6348E-02 5.2031E-02 8.8551E-02 9.9415E-02 9.7818E-02 8.1386E-02 1.2350E-01 1.0268E-01 7.9638E-02 9.6627E-02 8.1131E-02 9.2794E-02 9.6293E-02 1.1366E-01 1.2091E-01 1.0323E-01 1.0280E-01 9.7414E-02 9.8112E-02 9.3772E-02 4.6173E-02 3.8950E-03 0
 0 1.7448E-03 1.6357E-02 5.1544E-02 8.7811E-02 9.9715E-02 9.8733E-02 8.1152E-02 1.2401E-01 1.0320E-01 7.8547E-02 9.5103E-02 8.2015E-02 9.1685E-02 9.6021E-02 1.1487E-01 1.2052E-01 1.0331E-01 1.0228E-01 9.9346E-02 9.8033E-02 9.4733E-02 4.4971E-02 3.8534E-03 0
 0 1.6732E-03 1.6066E-02 5.0719E-02 8.8288E-02 9.8684E-02 9.9717E-02 8.0284E-02 1.2427E-01 1.0273E-01 7.8945E-02 9.5767E-02 8.2388E-02 9.1665E-02 9.8210E-02 1.1489E-01 1.2232E-01 1.0096E-01 1.0103E-01 9.7287E-02 9.8023E-02 9.4552E-02 4.4793E-02 3.9927E-03 0
 0 1.6292E-03 1.5801E-02 5.0756E-02 8.8990E-02 1.0022E-01 9.9469E-02 7.9296E-02 1.2558E-01 1.0206E-01 7.7256E-02 9.3187E-02 8.0807E-02 8.9856E-02 9.7983E-02 1.1640E-01 1.2316E-01 1.0277E-01 1.0253E-01 9.7484E-02 9.6990E-02 9.3315E-02 4.4477E-02 3.9124E-03 0
 0 1.7266E-03 1.5366E-02 5.0575E-02 8.7205E-02 9.9409E-02 9.7388E-02 7.8386E-02 1.2341E-01 1.0272E-01 7.8502E-02 9.2507E-02 8.2707E-02 9.2892E-02 9.8538E-02 1.1775E-01 1.2802E-01 1.0332E-01 1.0135E-01 9.9329E-02 9.6610E-02 9.2705E-02 4.3997E-02 3.8942E-03 0
 0 1.6950E-03 1.5379E-02 5.0389E-02 8.7934E-02 9.8333E-02 9.8176E-02 7.9163E-02 1.2186E-01 1.0142E-01 7.7625E-02 9.4019E-02 8.1559E-02 9.0142E-02 9.7509E-02 1.1563E-01 1.2585E-01 1.0210E-01 1.0136E-01 9.7659E-02 9.6434E-02 9.2245E-02 4.3294E-02 3.8973E-03 0
 0 1.6743E-03 1.4649E-02 4.9733E-02 8.6803E-02 9.8362E-02 9.6740E-02 7.9257E-02 1.2246E-01 1.0333E-01 7.5291E-02 9.3081E-02 8.1710E-02 9.0935E-02 9.8791E-02 1.1758E-01 1.2811E-01 1.0380E-01 1.0239E-01 9.7777E-02 9.3846E-02 9.1486E-02 4.2926E-02 3.6898E-03 0
 0 1.6494E-03 1.5046E-02 4.8651E-02 8.6337E-02 9.5906E-02 9.7128E-02 7.7255E-02 1.2400E-01 9.9323E-02 7.4812E-02 9.3913E-02 8.1664E-02 9.0102E-02 1.0006E-01 1.1633E-01 1.2882E-01 1.0298E-01 9.9226E-02 9.4552E-02 9.5646E-02 9.1094E-02 4.1985E-02 3.7322E-03 0
 0 1.6862E-03 1.4389E-02 4.7775E-02 8.4507E-02 9.5773E-02 9.5071E-02 7.6374E-02 1.2256E-01 1.0057E-01 7.4860E-02 9.2873E-02 8.1300E-02 8.8027E-02 9.8468E-02 1.1707E-01 1.2881E-01 1.0254E-01 1.0181E-01 9.7076E-02 9.5494E-02 9.1636E-02 4.1219E-02 3.7746E-03 0
 0 1.6546E-03 1.4016E-02 4.8160E-02 8.5254E-02 9.6775E-02 9.7758E-02 7.7577E-02 1.2366E-01 9.8358E-02 7.5398E-02 9.3122E-02 8.0170E-02 9.0151E-02 9.8256E-02 1.1784E-01 1.3093E-01 1.0101E-01 1.0250E-01 9.8080E-02 9.5045E-02 9.1557E-02 4.0934E-02 3.6739E-03 0
 0 1.6172E-03 1.3868E-02 4.7498E-02 8.4068E-02 9.5810E-02 9.7767E-02 7.7353E-02 1.2291E-01 9.9422E-02 7.3374E-02 9.1626E-02 8.2912E-02 9.0206E-02 9.8720E-02 1.1828E-01 1.2941E-01 1.0244E-01 1.0081E-01 9.4881E-02 9.4921E-02 9.0073E-02 4.0448E-02 3.6353E-03 0
 0 1.6603E-03 1.3968E-02 4.5892E-02 8.4264E-02 9.5284E-02 9.7252E-02 7.4658E-02 1.2112E-01 1.0001E-01 7.3916E-02 9.1545E-02 8.1190E-02 9.0334E-02 9.9800E-02 1.1646E-01 1.3092E-01 1.0230E-01 1.0202E-01 9.5569E-02 9.3536E-02 9.0784E-02 4.0506E-02 3.6527E-03 0
 0 1.6577E-03 1.3356E-02 4.7075E-02 8.2836E-02 9.4226E-02 9.7358E-02 7.4837E-02 1.2243E-01 9.9984E-02 7.6106E-02 9.0913E-02 7.8880E-02 8.9284E-02 9.7978E-02 1.1814E-01 1.3474E-01 1.0146E-01 1.0096E-01 9.6143E-02 9.5339E-02 9.0569E-02 3.9581E-02 3.6754E-03 0
 0 1.6504E-03 1.3243E-02 4.6101E-02 8.2263E-02 9.3594E-02 9.4353E-02 7.4766E-02 1.2183E-01 9.7081E-02 7.3691E-02 9.1423E-02 8.0634E-02 8.9032E-02 1.0002E-01 1.1953E-01 1.3255E-01 1.0231E-01 1.0208E-01 9.3803E-02 9.3853E-02 9.0769E-02 3.9254E-02 3.7769E-03 0
 0 1.6043E-03 1.3297E-02 4.5776E-02 8.0850E-02 9.3291E-02 9.4535E-02 7.3599E-02 1.2135E-01 9.6845E-02 7.4278E-02 8.9633E-02 8.0958E-02 8.8747E-02 1.0074E-01 1.2263E-01 1.3384E-01 1.0170E-01 1.0114E-01 9.5236E-02 9.2340E-02 8.9115E-02 3.8973E-02 3.6497E-03 0
 0 1.6172E-03 1.2541E-02 4.5453E-02 8.1551E-02 9.3466E-02 9.3247E-02 7.4386E-02 1.2082E-01 9.6403E-02 7.2283E-02 8.9214E-02 8.1637E-02 8.8086E-02 9.9921E-02 1.2005E-01 1.3792E-01 9.9268E-02 1.0233E-01 9.5271E-02 9.2834E-02 8.9021E-02 3.8235E-02 3.6111E-03 0
 0 1.6463E-03 1.2620E-02 4.4812E-02 8.1643E-02 9.4816E-02 9.6067E-02 7.2998E-02 1.2191E-01 9.7050E-02 7.1745E-02 8.9491E-02 8.2625E-02 8.8633E-02 9.9265E-02 1.2054E-01 1.3682E-01 1.0031E-01 1.0180E-01 9.6384E-02 9.3567E-02 8.8650E-02 3.7793E-02 3.5861E-03 0
 0 1.6385E-03 1.2464E-02 4.3577E-02 7.9554E-02 9.2908E-02 9.4462E-02 7.2068E-02 1.1899E-01 9.6260E-02 7.2043E-02 8.8659E-02 8.2634E-02 9.0516E-02 9.7519E-02 1.2150E-01 1.3673E-01 1.0282E-01 1.0371E-01 9.6651E-02 9.2745E-02 8.6061E-02 3.6877E-02 3.5671E-03 0
 0 1.5457E-03 1.2374E-02 4.4029E-02 8.0180E-02 9.2169E-02 9.4874E-02 7.2439E-02 1.2115E-01 9.6236E-02 7.1052E-02 9.1178E-02 8.0949E-02 8.9801E-02 9.9134E-02 1.2200E-01 1.3766E-01 1.0165E-01 1.0355E-01 9.4719E-02 9.2807E-02 8.6585E-02 3.7112E-02 3.5565E-03 0
 0 1.6074E-03 1.2281E-02 4.2579E-02 7.9416E-02 9.1151E-02 9.6049E-02 7.2449E-02 1.2125E-01 9.5863E-02 7.1443E-02 9.0481E-02 8.0498E-02 8.8214E-02 9.9033E-02 1.2181E-01 1.3765E-01 1.0193E-01 1.0185E-01 9.3939E-02 9.2233E-02 8.5810E-02 3.6055E-02 3.4104E-03 0
 0 1.6146E-03 1.1963E-02 4.3917E-02 7.8608E-02 8.9506E-02 9.3568E-02 7.1457E-02 1.1999E-01 9.6352E-02 7.0713E-02 9.0461E-02 8.0593E-02 8.8273E-02 9.9507E-02 1.2455E-01 1.4019E-01 9.9835E-02 1.0386E-01 9.4048E-02 9.1190E-02 8.5962E-02 3.5792E-02 3.4634E-03 0
 0 1.6048E-03 1.1631E-02 4.2403E-02 7.9005E-02 9.0622E-02 9.2878E-02 7.0859E-02 1.1906E-01 9.5069E-02 7.1454E-02 8.9756E-02 8.1495E-02 8.6681E-02 9.9381E-02 1.2290E-01 1.4508E-01 9.9449E-02 1.0114E-01 9.4219E-02 9.1024E-02 8.6148E-02 3.5276E-02 3.5172E-03 0
 0 1.6556E-03 1.1639E-02 4.2393E-02 7.7755E-02 8.8132E-02 9.2987E-02 7.2309E-02 1.1805E-01 9.4565E-02 7.1811E-02 8.9572E-02 8.1026E-02 8.9343E-02 9.9573E-02 1.2353E-01 1.4134E-01 1.0274E-01 1.0290E-01 9.1051E-02 9.0430E-02 8.6011E-02 3.4949E-02 3.3718E-03 0
 0 1.6349E-03 1.1432E-02 4.1964E-02 7.8199E-02 8.9623E-02 9.3865E-02 7.0742E-02 1.1823E-01 9.3860E-02 6.9183E-02 8.8782E-02 8.0520E-02 8.8313E-02 9.9441E-02 1.2612E-01 1.4076E-01 1.0003E-01 1.0068E-01 9.4570E-02 9.1211E-02 8.5185E-02 3.4478E-02 3.2908E-03 0
 0 1.5944E-03 1.1307E-02 4.1033E-02 7.6209E-02 8.8116E-02 9.3414E-02 7.1038E-02 1.1802E-01 9.4268E-02 6.9942E-02 8.8729E-02 8.2010E-02 8.6627E-02 1.0168E-01 1.2270E-01 1.4452E-01 1.0300E-01 1.0150E-01 9.3115E-02 9.0444E-02 8.5881E-02 3.4267E-02 3.3498E-03 0
 0 1.6416E-03 1.0988E-02 4.1885E-02 7.7079E-02 8.9580E-02 9.2118E-02 7.1158E-02 1.1839E-01 9.2570E-02 7.0831E-02 8.6992E-02 8.2361E-02 8.7465E-02 1.0116E-01 1.2477E-01 1.4424E-01 1.0363E-01 9.9428E-02 9.5152E-02 8.8969E-02 8.4146E-02 3.4529E-02 3.3483E-03 0
 0 1.5669E-03 1.0833E-02 4.0126E-02 7.6433E-02 8.8174E-02 9.2339E-02 6.8975E-02 1.1970E-01 9.2748E-02 6.9688E-02 8.8288E-02 8.0352E-02 8.6528E-02 9.9043E-02 1.2630E-01 1.4133E-01 1.0009E-01 1.0427E-01 9.2260E-02 8.8703E-02 8.5348E-02 3.3990E-02 3.3748E-03 0
 0 1.5975E-03 1.0874E-02 4.0250E-02 7.5673E-02 8.7890E-02 9.2442E-02 7.0083E-02 1.2054E-01 9.2388E-02 6.9157E-02 8.7233E-02 8.0958E-02 8.6346E-02 1.0071E-01 1.2543E-01 1.4370E-01 1.0140E-01 1.0326E-01 9.2116E-02 8.9847E-02 8.3559E-02 3.3665E-02 3.2544E-03 0
 0 1.5955E-03 1.0554E-02 3.9153E-02 7.4834E-02 8.6999E-02 9.1515E-02 7.0122E-02 1.1824E-01 9.2210E-02 6.7664E-02 8.7441E-02 8.1842E-02 8.7514E-02 1.0084E-01 1.2803E-01 1.4604E-01 1.0387E-01 1.0248E-01 9.4219E-02 8.9221E-02 8.4151E-02 3.2608E-02 3.2930E-03 0
 0 1.5763E-03 1.0300E-02 3.9461E-02 7.4483E-02 8.7858E-02 9.1609E-02 6.9277E-02 1.1699E-01 8.9445E-02 6.9905E-02 8.7808E-02 8.1090E-02 8.7095E-02 1.0115E-01 1.2649E-01 1.4605E-01 1.0362E-01 1.0009E-01 9.3159E-02 8.8396E-02 8.3714E-02 3.2426E-02 3.2749E-03 0
 0 1.6281E-03 1.0258E-02 3.8803E-02 7.4127E-02 8.7223E-02 9.2414E-02 6.9023E-02 1.1633E-01 9.1389E-02 6.8287E-02 8.6524E-02 8.1500E-02 8.7795E-02 1.0047E-01 1.2443E-01 1.4807E-01 1.0162E-01 1.0231E-01 9.2795E-02 8.7346E-02 8.2736E-02 3.2413E-02 3.2620E-03 0
 0 1.6146E-03 1.0174E-02 3.7681E-02 7.3481E-02 8.5766E-02 9.2411E-02 7.0079E-02 1.1658E-01 9.2217E-02 6.8718E-02 8.5974E-02 8.1915E-02 8.6494E-02 1.0286E-01 1.2826E-01 1.4582E-01 1.0038E-01 1.0057E-01 9.4136E-02 8.6807E-02 8.1887E-02 3.1809E-02 3.1901E-03 0
 0 1.5633E-03 9.8649E-03 3.8225E-02 7.1902E-02 8.4272E-02 9.1409E-02 6.8227E-02 1.1870E-01 9.0715E-02 6.8272E-02 8.6728E-02 8.1400E-02 8.7376E-02 1.0257E-01 1.2554E-01 1.4963E-01 1.0076E-01 1.0246E-01 9.2663E-02 8.7453E-02 8.0825E-02 3.1004E-02 3.1234E-03 0
 0 1.6074E-03 9.7565E-03 3.7584E-02 7.2370E-02 8.3977E-02 9.0255E-02 6.8656E-02 1.1672E-01 8.9078E-02 6.7752E-02 8.7319E-02 8.0698E-02 8.7159E-02 1.0183E-01 1.2875E-01 1.4883E-01 9.9484E-02 1.0044E-01 9.2510E-02 8.7391E-02 8.0495E-02 3.1507E-02 3.3203E-03 0
 0 1.5488E-03 9.5616E-03 3.8038E-02 7.1864E-02 8.5240E-02 9.0530E-02 6.8325E-02 1.1482E-01 9.1071E-02 6.8567E-02 8.6768E-02 8.3231E-02 8.7356E-02 1.0097E-01 1.2763E-01 1.5089E-01 1.0254E-01 1.0137E-01 9.2909E-02 8.6575E-02 8.1930E-02 3.1137E-02 3.1779E-03 0
 0 1.5483E-03 9.4028E-03 3.7113E-02 7.1568E-02 8.2845E-02 8.9509E-02 6.8724E-02 1.1425E-01 9.0677E-02 6.7922E-02 8.7054E-02 8.2083E-02 8.6750E-02 1.0139E-01 1.2797E-01 1.4901E-01 1.0409E-01 1.0098E-01 9.0051E-02 8.6206E-02 8.0309E-02 3.0369E-02 3.1454E-03 0
 0 1.5503E-03 9.3251E-03 3.6756E-02 7.1298E-02 8.4060E-02 9.0124E-02 6.7431E-02 1.1499E-01 9.1194E-02 6.8515E-02 8.7506E-02 8.3641E-02 8.7687E-02 1.0308E-01 1.2611E-01 1.4806E-01 1.0271E-01 1.0127E-01 9.1511E-02 8.7847E-02 8.1913E-02 3.0270E-02 3.0469E-03 0
 0 1.5161E-03 9.5879E-03 3.7205E-02 7.0760E-02 8.3082E-02 9.0539E-02 6.7343E-02 1.1255E-01 9.0112E-02 6.8818E-02 8.5590E-02 8.0844E-02 8.5532E-02 1.0326E-01 1.2794E-01 1.5142E-01 1.0247E-01 1.0265E-01 9.2361E-02 8.6724E-02 7.9796E-02 3.0435E-02 3.2574E-03 0
 0 1.5706E-03 8.9441E-03 3.5746E-02 6.9068E-02 8.2348E-02 8.9785E-02 6.8497E-02 1.1401E-01 8.9274E-02 6.9061E-02 8.5578E-02 8.1236E-02 8.5276E-02 1.0306E-01 1.2912E-01 1.5040E-01 1.0158E-01 1.0153E-01 9.3895E-02 8.4962E-02 7.8361E-02 2.9668E-02 3.1938E-03 0
 0 1.5410E-03 9.1017E-03 3.6130E-02 6.8820E-02 8.1048E-02 8.9079E-02 6.8022E-02 1.1256E-01 8.8356E-02 6.7789E-02 8.6100E-02 8.1363E-02 8.6306E-02 1.0309E-01 1.3024E-01 1.4975E-01 1.0194E-01 1.0196E-01 9.0661E-02 8.6517E-02 7.9674E-02 2.9006E-02 3.0977E-03 0
 0 1.5379E-03 9.0404E-03 3.5587E-02 6.8462E-02 8.0947E-02 9.1094E-02 6.7018E-02 1.1362E-01 8.8510E-02 6.8733E-02 8.4665E-02 8.2439E-02 8.7302E-02 1.0374E-01 1.2977E-01 1.4943E-01 1.0140E-01 1.0213E-01 9.0744E-02 8.7142E-02 7.8747E-02 2.8061E-02 3.0212E-03 0
 0 1.5415E-03 8.6933E-03 3.5674E-02 6.8425E-02 8.2167E-02 8.8764E-02 6.7275E-02 1.1215E-01 8.8781E-02 6.7940E-02 8.4246E-02 8.3031E-02 8.6696E-02 1.0171E-01 1.3088E-01 1.5391E-01 1.0183E-01 1.0199E-01 9.2869E-02 8.6562E-02 7.8620E-02 2.8822E-02 3.0235E-03 0
 0 1.5078E-03 8.7941E-03 3.4510E-02 6.8482E-02 7.9857E-02 9.0863E-02 6.7967E-02 1.1214E-01 8.8496E-02 6.7291E-02 8.5619E-02 8.3104E-02 8.5542E-02 1.0085E-01 1.3036E-01 1.4954E-01 9.9996E-02 1.0227E-01 9.3851E-02 8.6783E-02 7.7378E-02 2.8187E-02 3.0144E-03 0
 0 1.5680E-03 8.5455E-03 3.4267E-02 6.6911E-02 8.0612E-02 8.9170E-02 6.7190E-02 1.1155E-01 8.8004E-02 6.7420E-02 8.5362E-02 8.2753E-02 8.5572E-02 1.0372E-01 1.3302E-01 1.5318E-01 1.0304E-01 1.0313E-01 9.3075E-02 8.5125E-02 7.7909E-02 2.7686E-02 2.9992E-03 0
 0 1.5006E-03 8.5751E-03 3.3672E-02 6.7263E-02 8.1027E-02 8.9016E-02 6.7506E-02 1.1160E-01 8.6867E-02 6.7413E-02 8.5582E-02 8.2056E-02 8.5616E-02 1.0506E-01 1.3090E-01 1.5304E-01 1.0174E-01 1.0164E-01 9.3176E-02 8.3798E-02 7.7548E-02 2.7365E-02 3.0962E-03 0
 0 1.5032E-03 8.3747E-03 3.3394E-02 6.6815E-02 8.0347E-02 8.9143E-02 6.7496E-02 1.1057E-01 8.7186E-02 6.8036E-02 8.5970E-02 8.4106E-02 8.5922E-02 1.0371E-01 1.2999E-01 1.5341E-01 9.8471E-02 1.0215E-01 9.1537E-02 8.4254E-02 7.5497E-02 2.7300E-02 2.9939E-03 0
 0 1.5182E-03 8.0178E-03 3.3081E-02 6.8040E-02 8.0272E-02 8.7750E-02 6.5406E-02 1.0953E-01 8.6569E-02 6.6938E-02 8.5721E-02 8.2876E-02 8.7637E-02 1.0548E-01 1.3218E-01 1.5373E-01 1.0264E-01 1.0349E-01 9.1910E-02 8.6313E-02 7.5182E-02 2.7099E-02 3.0583E-03 0
 0 1.5291E-03 8.0342E-03 3.3344E-02 6.5295E-02 7.9318E-02 8.8210E-02 6.6852E-02 1.0719E-01 8.8555E-02 6.7439E-02 8.6369E-02 8.2657E-02 8.4956E-02 1.0676E-01 1.3197E-01 1.5428E-01 1.0260E-01 1.0470E-01 9.1577E-02 8.4724E-02 7.5853E-02 2.6891E-02 2.9652E-03 0
 0 1.4777E-03 8.1371E-03 3.3429E-02 6.5561E-02 7.8441E-02 8.8355E-02 6.6339E-02 1.1086E-01 8.7583E-02 6.6790E-02 8.5085E-02 8.2552E-02 8.6109E-02 1.0679E-01 1.3332E-01 1.5581E-01 1.0265E-01 1.0243E-01 9.0477E-02 8.4807E-02 7.6880E-02 2.6657E-02 2.9069E-03 0
 0 1.4793E-03 7.8218E-03 3.2528E-02 6.4080E-02 7.9576E-02 8.7874E-02 6.7470E-02 1.0969E-01 8.5693E-02 6.6934E-02 8.3850E-02 8.3587E-02 8.7465E-02 1.0615E-01 1.3540E-01 1.5311E-01 1.0327E-01 1.0166E-01 9.0880E-02 8.4586E-02 7.4410E-02 2.6164E-02 2.9591E-03 0
 0 1.5472E-03 7.6017E-03 3.1754E-02 6.3434E-02 7.8061E-02 8.7262E-02 6.7168E-02 1.0806E-01 8.7055E-02 6.7454E-02 8.4299E-02 8.6320E-02 8.8189E-02 1.0409E-01 1.3343E-01 1.5616E-01 1.0268E-01 1.0240E-01 9.0595E-02 8.4040E-02 7.4712E-02 2.5886E-02 2.9220E-03 0
 0 1.5104E-03 7.6204E-03 3.2001E-02 6.3239E-02 7.8473E-02 8.6159E-02 6.6651E-02 1.0608E-01 8.7589E-02 6.7575E-02 8.4967E-02 8.4512E-02 8.5291E-02 1.0361E-01 1.3501E-01 1.5497E-01 1.0360E-01 1.0272E-01 9.3522E-02 8.4503E-02 7.5327E-02 2.6094E-02 2.8826E-03 0
 0 1.5026E-03 7.5240E-03 3.1664E-02 6.2073E-02 7.7526E-02 8.6265E-02 6.6024E-02 1.0740E-01 8.4851E-02 6.6337E-02 8.4967E-02 8.3441E-02 8.5187E-02 1.0352E-01 1.3420E-01 1.5530E-01 1.0037E-01 1.0073E-01 9.1073E-02 8.2917E-02 7.4230E-02 2.5417E-02 2.9023E-03 0
 0 1.4508E-03 7.3390E-03 3.1052E-02 6.2909E-02 7.6851E-02 8.6056E-02 6.6297E-02 1.0710E-01 8.6172E-02 6.7361E-02 8.4290E-02 8.3400E-02 8.6573E-02 1.0568E-01 1.3611E-01 1.5408E-01 1.0267E-01 1.0085E-01 9.2238E-02 8.3373E-02 7.3391E-02 2.5494E-02 2.8342E-03 0
 0 1.4498E-03 7.3061E-03 3.1103E-02 6.2872E-02 7.6883E-02 8.7083E-02 6.6895E-02 1.0662E-01 8.6193E-02 6.7951E-02 8.5427E-02 8.4389E-02 8.8101E-02 1.0556E-01 1.3239E-01 1.5608E-01 1.0150E-01 1.0227E-01 9.1541E-02 8.2330E-02 7.3018E-02 2.5122E-02 2.8448E-03 0
 0 1.4389E-03 7.2766E-03 3.0664E-02 6.0735E-02 7.6700E-02 8.6065E-02 6.5868E-02 1.0527E-01 8.4581E-02 6.7509E-02 8.3308E-02 8.5323E-02 8.7874E-02 1.0581E-01 1.3506E-01 1.5777E-01 1.0076E-01 1.0390E-01 9.1191E-02 8.1988E-02 7.2931E-02 2.4707E-02 2.7880E-03 0
 0 1.4943E-03 7.1879E-03 2.9800E-02 6.0318E-02 7.5525E-02 8.6486E-02 6.6953E-02 1.0712E-01 8.5279E-02 6.6749E-02 8.4568E-02 8.6325E-02 8.6553E-02 1.0508E-01 1.3272E-01 1.5647E-01 1.0370E-01 1.0293E-01 9.1445E-02 8.4589E-02 7.3013E-02 2.4032E-02 2.8857E-03 0
 0 1.4233E-03 6.9908E-03 3.0073E-02 6.0906E-02 7.5480E-02 8.5962E-02 6.6004E-02 1.0649E-01 8.4553E-02 6.8209E-02 8.4555E-02 8.3983E-02 8.7361E-02 1.0543E-01 1.3251E-01 1.5748E-01 1.0215E-01 1.0126E-01 9.0665E-02 8.3215E-02 7.2743E-02 2.4119E-02 2.7956E-03 0
 0 1.4223E-03 7.1277E-03 2.9828E-02 5.9911E-02 7.5275E-02 8.3712E-02 6.6180E-02 1.0463E-01 8.3660E-02 6.7675E-02 8.6153E-02 8.4247E-02 8.7416E-02 1.0701E-01 1.3893E-01 1.5510E-01 1.0421E-01 1.0378E-01 9.0915E-02 8.2006E-02 7.1293E-02 2.3638E-02 2.7857E-03 0
 0 1.4570E-03 6.9317E-03 2.9766E-02 6.0368E-02 7.5432E-02 8.4433E-02 6.6947E-02 1.0474E-01 8.2907E-02 6.6897E-02 8.4201E-02 8.5008E-02 8.4749E-02 1.0573E-01 1.3450E-01 1.5431E-01 1.0265E-01 1.0112E-01 9.1774E-02 8.2531E-02 7.1359E-02 2.3982E-02 2.7774E-03 0
 0 1.4425E-03 6.8003E-03 2.9243E-02 5.8554E-02 7.4403E-02 8.4042E-02 6.5461E-02 1.0361E-01 8.4731E-02 6.6749E-02 8.4771E-02 8.7172E-02 8.6439E-02 1.0639E-01 1.3734E-01 1.5649E-01 1.0303E-01 1.0327E-01 9.1138E-02 8.1643E-02 7.1516E-02 2.3740E-02 2.6684E-03 0
 0 1.5089E-03 6.6251E-03 2.9403E-02 5.8505E-02 7.2880E-02 8.5208E-02 6.6440E-02 1.0315E-01 8.3828E-02 6.7350E-02 8.4633E-02 8.5897E-02 8.7682E-02 1.0767E-01 1.3576E-01 1.5342E-01 1.0421E-01 1.0294E-01 9.2440E-02 8.2303E-02 7.0010E-02 2.3283E-02 2.7600E-03 0
 0 1.3984E-03 6.6612E-03 2.8473E-02 5.6704E-02 7.3154E-02 8.5281E-02 6.5825E-02 1.0208E-01 8.4642E-02 6.7461E-02 8.6165E-02 8.4329E-02 8.8037E-02 1.0753E-01 1.3460E-01 1.5758E-01 1.0191E-01 1.0328E-01 9.0937E-02 8.2030E-02 6.9446E-02 2.2961E-02 2.7978E-03 0
 0 1.4809E-03 6.6196E-03 2.8940E-02 5.8020E-02 7.1421E-02 8.4639E-02 6.5474E-02 1.0524E-01 8.3324E-02 6.7693E-02 8.4731E-02 8.6525E-02 8.6124E-02 1.0821E-01 1.3589E-01 1.5734E-01 1.0586E-01 1.0398E-01 9.1029E-02 8.0313E-02 6.9723E-02 2.2956E-02 2.6668E-03 0
 0 1.4181E-03 6.3853E-03 2.7520E-02 5.7554E-02 7.2112E-02 8.4251E-02 6.6449E-02 1.0385E-01 8.3496E-02 6.7207E-02 8.3031E-02 8.6703E-02 8.7218E-02 1.0660E-01 1.3742E-01 1.5834E-01 1.0296E-01 1.0347E-01 9.0989E-02 8.0254E-02 6.8694E-02 2.2368E-02 2.7229E-03 0
 0 1.4472E-03 6.4280E-03 2.7743E-02 5.7532E-02 7.2320E-02 8.4118E-02 6.7785E-02 1.0248E-01 8.4307E-02 6.8136E-02 8.5330E-02 8.5678E-02 8.7189E-02 1.0811E-01 1.3723E-01 1.6052E-01 1.0279E-01 9.9890E-02 9.1112E-02 8.0092E-02 6.9103E-02 2.2296E-02 2.6631E-03 0
 0 1.4715E-03 6.3799E-03 2.7768E-02 5.5854E-02 7.1365E-02 8.3260E-02 6.5783E-02 1.0095E-01 8.3352E-02 6.9555E-02 8.3655E-02 8.5673E-02 8.8530E-02 1.0807E-01 1.3688E-01 1.5870E-01 1.0208E-01 1.0529E-01 9.0332E-02 8.0316E-02 6.7896E-02 2.2360E-02 2.7282E-03 0
 0 1.4238E-03 6.1631E-03 2.7585E-02 5.6592E-02 7.1272E-02 8.2679E-02 6.6521E-02 1.0106E-01 8.3790E-02 6.8324E-02 8.3610E-02 8.6097E-02 8.7347E-02 1.1063E-01 1.3717E-01 1.5569E-01 1.0305E-01 1.0290E-01 9.0139E-02 7.9598E-02 6.8109E-02 2.2130E-02 2.6328E-03 0
 0 1.4363E-03 6.3514E-03 2.7483E-02 5.5450E-02 7.0478E-02 8.2876E-02 6.6596E-02 1.0087E-01 8.3335E-02 6.8290E-02 8.4136E-02 8.5933E-02 8.6257E-02 1.1015E-01 1.3683E-01 1.5772E-01 1.0441E-01 1.0292E-01 9.2028E-02 7.9322E-02 6.6930E-02 2.1902E-02 2.6517E-03 0
 0 1.3803E-03 6.2758E-03 2.6950E-02 5.4974E-02 7.1429E-02 8.2982E-02 6.6579E-02 9.8313E-02 8.2301E-02 6.9721E-02 8.5179E-02 8.8366E-02 8.8007E-02 1.0769E-01 1.3792E-01 1.5919E-01 1.0516E-01 1.0460E-01 9.0301E-02 8.1729E-02 6.7804E-02 2.1460E-02 2.6078E-03 0
 0 1.4000E-03 6.2178E-03 2.6603E-02 5.4976E-02 7.0799E-02 8.1873E-02 6.6082E-02 9.8299E-02 8.1757E-02 6.9367E-02 8.5737E-02 8.7769E-02 8.7692E-02 1.0866E-01 1.3787E-01 1.5781E-01 1.0604E-01 1.0298E-01 8.9271E-02 8.0797E-02 6.6681E-02 2.1339E-02 2.6426E-03 0
 0 1.3834E-03 6.0054E-03 2.6248E-02 5.4363E-02 6.9688E-02 8.3176E-02 6.6037E-02 9.9457E-02 8.2811E-02 6.8508E-02 8.6817E-02 8.8466E-02 8.6656E-02 1.0910E-01 1.3917E-01 1.5476E-01 1.0547E-01 1.0388E-01 8.9929E-02 8.0810E-02 6.7426E-02 2.1577E-02 2.6502E-03 0
 0 1.3253E-03 5.9977E-03 2.6079E-02 5.3322E-02 6.8981E-02 8.1667E-02 6.7034E-02 9.9353E-02 8.1510E-02 6.9691E-02 8.4629E-02 8.7546E-02 8.5666E-02 1.0948E-01 1.3755E-01 1.5771E-01 1.0280E-01 1.0391E-01 9.0179E-02 8.0251E-02 6.6194E-02 2.1179E-02 2.6517E-03 0
 0 1.3948E-03 6.0175E-03 2.5863E-02 5.3957E-02 6.9332E-02 8.2218E-02 6.5101E-02 1.0038E-01 8.0446E-02 6.8305E-02 8.5260E-02 8.8061E-02 8.7884E-02 1.0822E-01 1.3800E-01 1.5685E-01 1.0402E-01 1.0578E-01 9.0012E-02 8.0451E-02 6.6303E-02 2.0860E-02 2.5669E-03 0
 0 1.3600E-03 5.7339E-03 2.5535E-02 5.3346E-02 6.8322E-02 8.0816E-02 6.6228E-02 9.8826E-02 8.1168E-02 6.9363E-02 8.3479E-02 9.0075E-02 8.6893E-02 1.1004E-01 1.3675E-01 1.5638E-01 1.0529E-01 1.0383E-01 9.1616E-02 7.9415E-02 6.4819E-02 2.0534E-02 2.6297E-03 0
 0 1.3585E-03 5.9463E-03 2.5665E-02 5.2109E-02 6.9069E-02 8.1897E-02 6.6414E-02 9.6939E-02 8.3160E-02 6.9135E-02 8.3129E-02 8.7888E-02 8.7332E-02 1.0928E-01 1.3847E-01 1.5487E-01 1.0483E-01 1.0379E-01 9.0043E-02 7.9363E-02 6.4517E-02 2.0461E-02 2.6085E-03 0
 0 1.4243E-03 5.8839E-03 2.5302E-02 5.2621E-02 6.7145E-02 8.1452E-02 6.6732E-02 9.6428E-02 8.0528E-02 6.9514E-02 8.4987E-02 8.8712E-02 8.7751E-02 1.1033E-01 1.3924E-01 1.5803E-01 1.0381E-01 1.0302E-01 8.9850E-02 8.0686E-02 6.3958E-02 1.9967E-02 2.5957E-03 0
 0 1.3709E-03 5.5970E-03 2.4783E-02 5.1670E-02 6.7129E-02 8.2294E-02 6.5907E-02 9.6975E-02 7.9727E-02 7.0598E-02 8.4845E-02 8.9542E-02 8.6262E-02 1.1106E-01 1.3716E-01 1.5581E-01 1.0266E-01 1.0511E-01 9.0906E-02 7.8396E-02 6.4054E-02 1.9834E-02 2.5124E-03 0
 0 1.3891E-03 5.5653E-03 2.4590E-02 5.0881E-02 6.6103E-02 8.0849E-02 6.7148E-02 9.6208E-02 8.2253E-02 6.9393E-02 8.3536E-02 8.8881E-02 8.8796E-02 1.1113E-01 1.3786E-01 1.5588E-01 1.0612E-01 1.0271E-01 9.0218E-02 7.9194E-02 6.4420E-02 1.9683E-02 2.5926E-03 0
 0 1.2906E-03 5.4131E-03 2.4736E-02 5.1617E-02 6.6778E-02 8.0725E-02 6.6046E-02 9.5688E-02 8.0922E-02 7.0152E-02 8.4853E-02 8.9332E-02 8.8239E-02 1.1054E-01 1.3753E-01 1.5732E-01 1.0727E-01 1.0310E-01 8.9587E-02 7.7857E-02 6.4303E-02 1.9875E-02 2.4389E-03 0
 0 1.3383E-03 5.2280E-03 2.3972E-02 5.0605E-02 6.6432E-02 7.9759E-02 6.8061E-02 9.7339E-02 8.0781E-02 6.9728E-02 8.4062E-02 9.0084E-02 8.9013E-02 1.1025E-01 1.3836E-01 1.5507E-01 1.0520E-01 1.0395E-01 9.0257E-02 7.6855E-02 6.4204E-02 2.0001E-02 2.4798E-03 0
 0 1.3849E-03 5.3343E-03 2.3881E-02 4.9849E-02 6.5834E-02 8.0292E-02 6.8013E-02 9.3877E-02 8.1408E-02 7.0381E-02 8.4286E-02 8.9523E-02 8.8204E-02 1.1286E-01 1.3893E-01 1.5587E-01 1.0434E-01 1.0301E-01 9.0209E-02 7.8496E-02 6.2647E-02 1.8954E-02 2.5714E-03 0
 0 1.3533E-03 5.3178E-03 2.3747E-02 4.9577E-02 6.5146E-02 7.9108E-02 6.6823E-02 9.3624E-02 8.0915E-02 7.0812E-02 8.4148E-02 8.9277E-02 8.7489E-02 1.1030E-01 1.3879E-01 1.5615E-01 1.0497E-01 1.0294E-01 9.1314E-02 7.8855E-02 6.3882E-02 1.9111E-02 2.4745E-03 0
 0 1.3222E-03 5.1700E-03 2.4119E-02 4.9157E-02 6.5127E-02 7.8117E-02 6.6092E-02 9.2510E-02 7.9460E-02 6.9570E-02 8.4665E-02 8.9646E-02 8.8791E-02 1.1187E-01 1.3795E-01 1.5531E-01 1.0492E-01 1.0341E-01 8.9473E-02 7.7215E-02 6.3038E-02 1.8672E-02 2.4465E-03 0
 0 1.2569E-03 5.1832E-03 2.3384E-02 4.8487E-02 6.5125E-02 7.8808E-02 6.6453E-02 9.4884E-02 7.8772E-02 7.0322E-02 8.3638E-02 8.8762E-02 8.8628E-02 1.1058E-01 1.3905E-01 1.5708E-01 1.0363E-01 1.0438E-01 9.0297E-02 7.8458E-02 6.2014E-02 1.8788E-02 2.4760E-03 0
 0 1.2760E-03 5.0025E-03 2.3026E-02 4.8309E-02 6.4962E-02 7.9644E-02 6.6599E-02 9.4958E-02 8.0768E-02 7.0204E-02 8.5236E-02 9.1587E-02 8.7859E-02 1.1087E-01 1.3809E-01 1.5599E-01 1.0529E-01 1.0321E-01 8.9565E-02 7.7135E-02 6.0990E-02 1.8432E-02 2.4503E-03 0
 0 1.3932E-03 4.9784E-03 2.2727E-02 4.8195E-02 6.3610E-02 7.9504E-02 6.7151E-02 9.3747E-02 8.0021E-02 6.9887E-02 8.2990E-02 9.0015E-02 8.8860E-02 1.1298E-01 1.3954E-01 1.5476E-01 1.0552E-01 1.0298E-01 9.0696E-02 7.7677E-02 6.0741E-02 1.8532E-02 2.4495E-03 0
 0 1.3450E-03 4.9127E-03 2.2845E-02 4.8516E-02 6.3657E-02 7.9517E-02 6.6225E-02 9.3847E-02 8.0162E-02 7.0628E-02 8.4115E-02 8.9095E-02 8.9368E-02 1.1004E-01 1.3855E-01 1.5481E-01 1.0489E-01 1.0251E-01 8.9942E-02 7.8019E-02 6.0996E-02 1.8289E-02 2.4473E-03 0
 0 1.2958E-03 4.9281E-03 2.2273E-02 4.6583E-02 6.2568E-02 7.8832E-02 6.6820E-02 9.1746E-02 7.7851E-02 7.1822E-02 8.2611E-02 9.0480E-02 8.9792E-02 1.1206E-01 1.3871E-01 1.5133E-01 1.0810E-01 1.0381E-01 9.0420E-02 7.6776E-02 6.1041E-02 1.8286E-02 2.5169E-03 0
 0 1.3383E-03 5.0321E-03 2.2530E-02 4.6633E-02 6.3769E-02 7.7127E-02 6.6449E-02 9.2253E-02 7.9022E-02 7.1273E-02 8.4070E-02 9.0576E-02 8.8820E-02 1.1322E-01 1.3871E-01 1.5543E-01 1.0560E-01 1.0382E-01 8.9670E-02 7.7753E-02 6.1079E-02 1.7954E-02 2.4632E-03 0
 0 1.3720E-03 4.8131E-03 2.2687E-02 4.5788E-02 6.2884E-02 7.7448E-02 6.6895E-02 9.1136E-02 7.8745E-02 7.1336E-02 8.5786E-02 8.9095E-02 9.0230E-02 1.1247E-01 1.4038E-01 1.5547E-01 1.0599E-01 1.0211E-01 8.9184E-02 7.7719E-02 5.9847E-02 1.8278E-02 2.4094E-03 0
 0 1.3129E-03 4.8098E-03 2.2200E-02 4.6449E-02 6.1778E-02 7.7578E-02 6.6836E-02 9.1056E-02 7.9604E-02 7.1306E-02 8.4722E-02 9.2653E-02 8.8742E-02 1.1338E-01 1.3825E-01 1.5735E-01 1.0772E-01 1.0319E-01 8.9767E-02 7.6596E-02 6.0127E-02 1.7584E-02 2.3223E-03 0
 0 1.2864E-03 4.8744E-03 2.2138E-02 4.6789E-02 6.3413E-02 7.7472E-02 6.7142E-02 9.0599E-02 7.7954E-02 7.1686E-02 8.5105E-02 9.0881E-02 8.9126E-02 1.1286E-01 1.3743E-01 1.5597E-01 1.0509E-01 1.0542E-01 9.0240E-02 7.7380E-02 5.8851E-02 1.7205E-02 2.2723E-03 0
 0 1.3066E-03 4.6894E-03 2.1193E-02 4.5606E-02 6.2230E-02 7.6781E-02 6.7489E-02 8.8854E-02 7.7389E-02 7.1431E-02 8.2819E-02 9.2749E-02 9.0240E-02 1.0941E-01 1.3976E-01 1.5330E-01 1.0715E-01 1.0617E-01 8.9762E-02 7.5937E-02 5.8757E-02 1.7277E-02 2.3965E-03 0
 0 1.2978E-03 4.6708E-03 2.1649E-02 4.5311E-02 6.2764E-02 7.6872E-02 6.7697E-02 9.0252E-02 7.7909E-02 7.0668E-02 8.4678E-02 9.1824E-02 8.8194E-02 1.1177E-01 1.3893E-01 1.5592E-01 1.0631E-01 1.0562E-01 8.9666E-02 7.6427E-02 5.9103E-02 1.7288E-02 2.3882E-03 0
 0 1.2973E-03 4.4135E-03 2.1320E-02 4.5445E-02 6.2124E-02 7.5648E-02 6.7665E-02 8.8881E-02 7.8122E-02 7.2482E-02 8.3651E-02 9.2462E-02 8.8904E-02 1.1472E-01 1.3730E-01 1.5523E-01 1.0802E-01 1.0497E-01 8.9631E-02 7.5992E-02 5.7962E-02 1.6869E-02 2.3942E-03 0
 0 1.2797E-03 4.5229E-03 2.1092E-02 4.5283E-02 6.1598E-02 7.7372E-02 6.8360E-02 8.7770E-02 7.8611E-02 7.3607E-02 8.3655E-02 9.2817E-02 8.9747E-02 1.1493E-01 1.4037E-01 1.5256E-01 1.0618E-01 1.0638E-01 9.0236E-02 7.4925E-02 5.8020E-02 1.6557E-02 2.3125E-03 0
 0 1.2294E-03 4.7047E-03 2.0962E-02 4.4690E-02 5.9878E-02 7.7681E-02 6.8126E-02 8.7804E-02 7.8529E-02 7.1221E-02 8.5635E-02 9.3218E-02 8.9481E-02 1.1322E-01 1.3779E-01 1.5380E-01 1.0614E-01 1.0270E-01 8.8014E-02 7.6842E-02 5.6760E-02 1.6486E-02 2.2845E-03 0
 0 1.2766E-03 4.4813E-03 2.0391E-02 4.4156E-02 5.9939E-02 7.7214E-02 6.8403E-02 8.9695E-02 7.8443E-02 7.1590E-02 8.4042E-02 9.2763E-02 8.9530E-02 1.1442E-01 1.3867E-01 1.5328E-01 1.0654E-01 1.0428E-01 8.8654E-02 7.6296E-02 5.7949E-02 1.6151E-02 2.3004E-03 0
 0 1.2766E-03 4.4792E-03 2.0329E-02 4.3769E-02 5.9599E-02 7.7002E-02 6.7876E-02 8.7667E-02 7.6482E-02 7.2548E-02 8.5195E-02 9.4025E-02 8.7307E-02 1.1276E-01 1.3775E-01 1.5455E-01 1.0818E-01 1.0250E-01 9.0008E-02 7.7526E-02 5.7893E-02 1.5991E-02 2.2496E-03 0
 0 1.2600E-03 4.4047E-03 2.0170E-02 4.3501E-02 5.9761E-02 7.6539E-02 6.8214E-02 8.7937E-02 7.9083E-02 7.2582E-02 8.3956E-02 9.2070E-02 8.8249E-02 1.1371E-01 1.3884E-01 1.5508E-01 1.0782E-01 1.0454E-01 8.9911E-02 7.7187E-02 5.6420E-02 1.6177E-02 2.2920E-03 0
 0 1.2574E-03 4.2799E-03 2.0399E-02 4.2603E-02 5.9099E-02 7.6745E-02 6.7801E-02 8.6210E-02 7.6383E-02 7.2685E-02 8.4808E-02 9.2913E-02 8.6932E-02 1.1117E-01 1.4009E-01 1.5340E-01 1.0765E-01 1.0562E-01 9.0937E-02 7.5387E-02 5.6024E-02 1.6117E-02 2.2905E-03 0
 0 1.1978E-03 4.3598E-03 1.9848E-02 4.2506E-02 5.8605E-02 7.5267E-02 6.7493E-02 8.3695E-02 7.7742E-02 7.3264E-02 8.4437E-02 9.2120E-02 8.9516E-02 1.1672E-01 1.4036E-01 1.5100E-01 1.0878E-01 1.0545E-01 9.0516E-02 7.6209E-02 5.6440E-02 1.6058E-02 2.2436E-03 0
 0 1.2543E-03 4.1978E-03 1.9536E-02 4.2388E-02 5.8054E-02 7.3964E-02 6.8484E-02 8.4732E-02 7.6985E-02 7.3404E-02 8.3064E-02 9.1072E-02 8.9442E-02 1.1357E-01 1.3743E-01 1.5106E-01 1.0983E-01 1.0404E-01 8.8811E-02 7.4254E-02 5.5254E-02 1.5801E-02 2.2920E-03 0
 0 1.2361E-03 4.3697E-03 1.9625E-02 4.2175E-02 5.8974E-02 7.4634E-02 6.8292E-02 8.5022E-02 7.6290E-02 7.4502E-02 8.4898E-02 9.2713E-02 9.1428E-02 1.1498E-01 1.3855E-01 1.5118E-01 1.0905E-01 1.0557E-01 8.9350E-02 7.5512E-02 5.4763E-02 1.5223E-02 2.3102E-03 0
 0 1.2097E-03 4.2065E-03 1.9387E-02 4.2069E-02 5.8100E-02 7.4646E-02 6.8958E-02 8.5473E-02 7.7625E-02 7.2390E-02 8.5256E-02 9.3396E-02 9.0161E-02 1.1411E-01 1.3794E-01 1.5226E-01 1.0834E-01 1.0468E-01 8.8075E-02 7.4935E-02 5.4382E-02 1.5456E-02 2.2315E-03 0
 0 1.2880E-03 4.1463E-03 1.9543E-02 4.0923E-02 5.7887E-02 7.5324E-02 6.9030E-02 8.4138E-02 7.6958E-02 7.4454E-02 8.4335E-02 9.4079E-02 8.9979E-02 1.1268E-01 1.3877E-01 1.5051E-01 1.0782E-01 1.0393E-01 8.9548E-02 7.5933E-02 5.4558E-02 1.5140E-02 2.1762E-03 0
 0 1.2429E-03 4.2547E-03 1.8762E-02 4.0817E-02 5.6162E-02 7.4934E-02 6.8136E-02 8.4272E-02 7.7362E-02 7.4045E-02 8.3634E-02 9.3669E-02 9.0718E-02 1.1320E-01 1.3744E-01 1.5092E-01 1.1138E-01 1.0155E-01 9.0174E-02 7.4645E-02 5.3780E-02 1.5377E-02 2.2269E-03 0
 0 1.1972E-03 3.9908E-03 1.8572E-02 4.0406E-02 5.6521E-02 7.4546E-02 6.7938E-02 8.2631E-02 7.7338E-02 7.4447E-02 8.4633E-02 9.2266E-02 8.9353E-02 1.1375E-01 1.3790E-01 1.5307E-01 1.0939E-01 1.0444E-01 8.9201E-02 7.4261E-02 5.3806E-02 1.5086E-02 2.3094E-03 0
 0 1.1801E-03 3.9416E-03 1.8600E-02 4.0251E-02 5.6024E-02 7.2547E-02 6.8399E-02 8.3548E-02 7.6509E-02 7.4631E-02 8.3276E-02 9.4818E-02 9.0018E-02 1.1215E-01 1.3876E-01 1.4960E-01 1.0597E-01 1.0278E-01 8.9495E-02 7.4610E-02 5.3452E-02 1.4880E-02 2.1754E-03 0
 0 1.1946E-03 3.9755E-03 1.8587E-02 3.9978E-02 5.6329E-02 7.2531E-02 6.9287E-02 8.2714E-02 7.7067E-02 7.4440E-02 8.5696E-02 9.3086E-02 9.0467E-02 1.1670E-01 1.3852E-01 1.5073E-01 1.0865E-01 1.0490E-01 8.8093E-02 7.5163E-02 5.3211E-02 1.4830E-02 2.1111E-03 0
 0 1.1848E-03 4.0292E-03 1.8357E-02 3.9695E-02 5.5436E-02 7.3346E-02 6.9043E-02 8.2231E-02 7.7683E-02 7.4189E-02 8.4197E-02 9.3774E-02 9.1916E-02 1.1772E-01 1.3905E-01 1.4945E-01 1.1028E-01 1.0551E-01 8.9933E-02 7.4710E-02 5.3020E-02 1.4464E-02 2.1966E-03 0
 0 1.1729E-03 3.7828E-03 1.8123E-02 3.9462E-02 5.4934E-02 7.3143E-02 6.9036E-02 8.0433E-02 7.6968E-02 7.3610E-02 8.4918E-02 9.4740E-02 8.9511E-02 1.1483E-01 1.3820E-01 1.4893E-01 1.0929E-01 1.0448E-01 9.0385E-02 7.3857E-02 5.2489E-02 1.4768E-02 2.1731E-03 0
 0 1.1501E-03 3.6832E-03 1.8505E-02 3.8845E-02 5.5256E-02 7.2168E-02 6.8760E-02 8.0623E-02 7.5818E-02 7.5100E-02 8.6365E-02 9.5127E-02 9.3149E-02 1.1447E-01 1.3661E-01 1.5118E-01 1.1085E-01 1.0499E-01 8.9846E-02 7.3384E-02 5.0960E-02 1.4541E-02 2.1731E-03 0
 0 1.1972E-03 3.8233E-03 1.7930E-02 3.8513E-02 5.4655E-02 7.2774E-02 6.9300E-02 8.1247E-02 7.6342E-02 7.5391E-02 8.4963E-02 9.3091E-02 9.0580E-02 1.1427E-01 1.3748E-01 1.4688E-01 1.0894E-01 1.0682E-01 8.7860E-02 7.3961E-02 5.1643E-02 1.4258E-02 2.1792E-03 0
 0 1.1464E-03 3.8956E-03 1.7722E-02 3.8397E-02 5.4745E-02 7.2077E-02 7.0239E-02 8.1701E-02 7.5537E-02 7.5457E-02 8.5232E-02 9.4749E-02 9.1512E-02 1.1516E-01 1.3848E-01 1.4941E-01 1.0989E-01 1.0262E-01 8.8952E-02 7.3795E-02 5.0312E-02 1.4287E-02 2.1625E-03 0
 0 1.1786E-03 3.7883E-03 1.7231E-02 3.8351E-02 5.5067E-02 7.1644E-02 6.8825E-02 8.0840E-02 7.5291E-02 7.5660E-02 8.3646E-02 9.4011E-02 9.1167E-02 1.1562E-01 1.3549E-01 1.5014E-01 1.1051E-01 1.0475E-01 8.9477E-02 7.3830E-02 5.1834E-02 1.4176E-02 2.1035E-03 0
 0 1.1889E-03 3.6416E-03 1.7704E-02 3.7215E-02 5.4158E-02 7.2498E-02 6.9371E-02 8.1164E-02 7.5284E-02 7.5664E-02 8.4462E-02 9.6189E-02 9.1132E-02 1.1632E-01 1.3878E-01 1.5125E-01 1.1077E-01 1.0450E-01 8.8500E-02 7.3899E-02 5.1481E-02 1.4117E-02 2.1201E-03 0
 0 1.1511E-03 3.5430E-03 1.7411E-02 3.8175E-02 5.3749E-02 7.2092E-02 6.9365E-02 7.9656E-02 7.4702E-02 7.6913E-02 8.4914E-02 9.4239E-02 9.2784E-02 1.1504E-01 1.3695E-01 1.4924E-01 1.1130E-01 1.0355E-01 8.9583E-02 7.2496E-02 5.0988E-02 1.3955E-02 2.1550E-03 0
 0 1.2325E-03 3.6613E-03 1.7076E-02 3.6721E-02 5.4589E-02 7.0460E-02 6.9644E-02 7.8926E-02 7.4483E-02 7.6054E-02 8.6137E-02 9.4831E-02 9.1300E-02 1.1425E-01 1.3766E-01 1.4983E-01 1.0961E-01 1.0527E-01 8.8224E-02 7.1059E-02 5.0566E-02 1.3747E-02 2.1572E-03 0
 0 1.1998E-03 3.5584E-03 1.6754E-02 3.7103E-02 5.3087E-02 7.0981E-02 6.9186E-02 7.7568E-02 7.5808E-02 7.5535E-02 8.7123E-02 9.5847E-02 9.1024E-02 1.1669E-01 1.3637E-01 1.4737E-01 1.1010E-01 1.0447E-01 8.9784E-02 7.2064E-02 4.9771E-02 1.3736E-02 2.0444E-03 0
 0 1.1599E-03 3.6383E-03 1.6972E-02 3.6688E-02 5.2991E-02 7.0984E-02 6.9007E-02 7.7905E-02 7.3234E-02 7.5667E-02 8.4315E-02 9.4544E-02 9.1591E-02 1.1415E-01 1.3883E-01 1.4518E-01 1.1116E-01 1.0280E-01 8.7264E-02 7.4545E-02 5.0043E-02 1.3489E-02 2.0891E-03 0
 0 1.1521E-03 3.5354E-03 1.7020E-02 3.5989E-02 5.3850E-02 7.1283E-02 6.9436E-02 7.7115E-02 7.4832E-02 7.6113E-02 8.4690E-02 9.6203E-02 9.1453E-02 1.1588E-01 1.3549E-01 1.4844E-01 1.1000E-01 1.0266E-01 8.9122E-02 7.2973E-02 4.9647E-02 1.3472E-02 2.1580E-03 0
 0 1.1402E-03 3.4938E-03 1.6597E-02 3.4944E-02 5.2914E-02 7.0917E-02 6.9917E-02 7.7058E-02 7.5595E-02 7.7183E-02 8.5631E-02 9.6353E-02 9.2621E-02 1.1652E-01 1.3658E-01 1.4587E-01 1.1026E-01 1.0373E-01 8.8110E-02 7.3280E-02 4.9309E-02 1.3513E-02 2.1921E-03 0
 0 1.1195E-03 3.4609E-03 1.6627E-02 3.6378E-02 5.2146E-02 6.9878E-02 7.0681E-02 7.7008E-02 7.2761E-02 7.6541E-02 8.4519E-02 9.6622E-02 9.2656E-02 1.1670E-01 1.3475E-01 1.4875E-01 1.1274E-01 1.0363E-01 8.8908E-02 7.2071E-02 4.9024E-02 1.3103E-02 2.0285E-03 0
 0 1.1112E-03 3.5266E-03 1.6091E-02 3.5434E-02 5.2085E-02 6.9354E-02 6.9810E-02 7.5734E-02 7.4726E-02 7.7124E-02 8.6524E-02 9.6412E-02 9.3380E-02 1.1666E-01 1.3472E-01 1.4658E-01 1.1169E-01 1.0260E-01 9.0244E-02 7.0365E-02 4.8369E-02 1.3148E-02 2.1277E-03 0
 0 1.1490E-03 3.3657E-03 1.6546E-02 3.5473E-02 5.0825E-02 7.0244E-02 7.0226E-02 7.7198E-02 7.4743E-02 7.6313E-02 8.5330E-02 9.6572E-02 9.1275E-02 1.1555E-01 1.3774E-01 1.4558E-01 1.1044E-01 1.0373E-01 8.9105E-02 7.2348E-02 4.8559E-02 1.3080E-02 2.0664E-03 0
 0 1.1755E-03 3.3843E-03 1.6620E-02 3.4518E-02 5.0825E-02 6.8167E-02 7.0755E-02 7.5414E-02 7.3473E-02 7.6788E-02 8.4885E-02 9.7251E-02 9.2320E-02 1.1652E-01 1.3542E-01 1.4674E-01 1.1028E-01 1.0484E-01 8.8570E-02 7.0365E-02 4.8178E-02 1.3258E-02 2.0028E-03 0
 0 1.0811E-03 3.2715E-03 1.6104E-02 3.4285E-02 5.0517E-02 6.8903E-02 7.0177E-02 7.3956E-02 7.2546E-02 7.8373E-02 8.4217E-02 9.5055E-02 9.3080E-02 1.1197E-01 1.3794E-01 1.4386E-01 1.1088E-01 1.0435E-01 8.8553E-02 7.3591E-02 4.7761E-02 1.3004E-02 1.9573E-03 0
 0 1.1163E-03 3.4281E-03 1.5431E-02 3.4190E-02 5.1099E-02 6.8400E-02 7.1581E-02 7.5030E-02 7.3997E-02 7.7396E-02 8.4747E-02 9.5724E-02 9.0920E-02 1.1440E-01 1.3815E-01 1.4540E-01 1.1294E-01 1.0208E-01 8.8982E-02 7.2037E-02 4.7975E-02 1.2754E-02 2.0088E-03 0
 0 1.0904E-03 3.3569E-03 1.5925E-02 3.3791E-02 5.0482E-02 6.7473E-02 7.0031E-02 7.3953E-02 7.3720E-02 7.9671E-02 8.4323E-02 9.6084E-02 9.1645E-02 1.1742E-01 1.3498E-01 1.4435E-01 1.1148E-01 1.0392E-01 8.7707E-02 7.0379E-02 4.7660E-02 1.2520E-02 2.0194E-03 0
 0 1.0655E-03 3.2529E-03 1.5573E-02 3.3474E-02 5.0437E-02 6.7406E-02 7.0642E-02 7.3856E-02 7.5219E-02 7.8451E-02 8.4103E-02 9.6740E-02 9.1936E-02 1.1598E-01 1.3532E-01 1.4455E-01 1.1169E-01 1.0056E-01 8.8816E-02 7.1218E-02 4.7098E-02 1.2481E-02 1.9710E-03 0
 0 1.1081E-03 3.2814E-03 1.5220E-02 3.3477E-02 5.0392E-02 6.8400E-02 6.9326E-02 7.3109E-02 7.4326E-02 7.8351E-02 8.5664E-02 9.4795E-02 9.2946E-02 1.1596E-01 1.3822E-01 1.4620E-01 1.1097E-01 1.0152E-01 8.9048E-02 7.0230E-02 4.6765E-02 1.2175E-02 1.9498E-03 0
 0 1.0904E-03 3.1664E-03 1.5416E-02 3.3437E-02 4.9977E-02 6.8463E-02 6.9339E-02 7.2135E-02 7.2529E-02 7.6991E-02 8.5248E-02 9.6918E-02 9.3873E-02 1.1587E-01 1.3665E-01 1.4538E-01 1.1195E-01 1.0200E-01 8.7475E-02 7.1716E-02 4.6435E-02 1.2118E-02 1.8953E-03 0
 0 1.0987E-03 3.1270E-03 1.5196E-02 3.2545E-02 4.9456E-02 6.7567E-02 7.0781E-02 7.2289E-02 7.3555E-02 7.8451E-02 8.5623E-02 9.5155E-02 9.2458E-02 1.1813E-01 1.3687E-01 1.4276E-01 1.1386E-01 1.0330E-01 8.7786E-02 7.0514E-02 4.6199E-02 1.2162E-02 1.9467E-03 0
 0 1.1081E-03 3.1741E-03 1.4886E-02 3.2857E-02 4.9127E-02 6.7243E-02 7.0112E-02 7.2856E-02 7.3319E-02 7.8137E-02 8.5269E-02 9.5542E-02 9.2828E-02 1.1649E-01 1.3615E-01 1.4150E-01 1.1224E-01 1.0419E-01 8.7755E-02 7.0113E-02 4.6412E-02 1.2183E-02 1.8771E-03 0
 0 1.0738E-03 3.1478E-03 1.4786E-02 3.2591E-02 4.8212E-02 6.7876E-02 7.1929E-02 7.2629E-02 7.2679E-02 7.9044E-02 8.4319E-02 9.7018E-02 9.2813E-02 1.1731E-01 1.3413E-01 1.4202E-01 1.1250E-01 1.0456E-01 8.8356E-02 7.1819E-02 4.6085E-02 1.2109E-02 2.0240E-03 0
 0 1.0775E-03 3.2157E-03 1.4829E-02 3.2222E-02 4.8967E-02 6.6916E-02 7.0466E-02 7.1909E-02 7.3511E-02 7.8786E-02 8.3777E-02 9.6704E-02 9.2606E-02 1.1629E-01 1.3330E-01 1.4436E-01 1.1315E-01 1.0190E-01 8.7711E-02 7.0026E-02 4.4390E-02 1.2415E-02 1.9172E-03 0
 0 1.0935E-03 3.0503E-03 1.4826E-02 3.1875E-02 4.7481E-02 6.7025E-02 7.0934E-02 7.1025E-02 7.4137E-02 7.8547E-02 8.5619E-02 9.5519E-02 9.3982E-02 1.1369E-01 1.3562E-01 1.4247E-01 1.1054E-01 1.0214E-01 8.8605E-02 6.9809E-02 4.4913E-02 1.1997E-02 1.9286E-03 0
 0 1.0733E-03 3.0876E-03 1.4955E-02 3.1675E-02 4.7744E-02 6.6119E-02 6.9394E-02 7.1972E-02 7.2443E-02 7.9229E-02 8.3952E-02 9.6285E-02 9.5781E-02 1.1800E-01 1.3614E-01 1.4214E-01 1.1315E-01 1.0375E-01 8.7225E-02 7.0178E-02 4.3790E-02 1.1717E-02 1.9520E-03 0
 0 1.0873E-03 3.1226E-03 1.4313E-02 3.0722E-02 4.7853E-02 6.6340E-02 7.0135E-02 7.1168E-02 7.2142E-02 7.9682E-02 8.4172E-02 9.6089E-02 9.3513E-02 1.1515E-01 1.3292E-01 1.4271E-01 1.1264E-01 1.0528E-01 8.7115E-02 6.9919E-02 4.4456E-02 1.1655E-02 1.9043E-03 0
 0 9.5561E-04 3.0241E-03 1.4221E-02 3.0751E-02 4.7912E-02 6.6476E-02 7.0518E-02 6.9931E-02 7.1741E-02 7.9594E-02 8.4462E-02 9.3665E-02 9.2389E-02 1.1456E-01 1.3724E-01 1.4170E-01 1.1219E-01 1.0298E-01 8.8816E-02 7.0531E-02 4.4453E-02 1.1545E-02 1.8105E-03 0
 0 1.0759E-03 2.9463E-03 1.4272E-02 3.0867E-02 4.7024E-02 6.5546E-02 6.9459E-02 6.8647E-02 7.2645E-02 8.0132E-02 8.3589E-02 9.7232E-02 9.4031E-02 1.1687E-01 1.3428E-01 1.4094E-01 1.1416E-01 1.0273E-01 8.7264E-02 6.9819E-02 4.3094E-02 1.1709E-02 1.8604E-03 0
 0 1.0593E-03 2.9606E-03 1.4230E-02 3.0362E-02 4.6660E-02 6.6794E-02 7.1048E-02 6.9084E-02 7.3949E-02 8.0711E-02 8.5114E-02 9.7966E-02 9.2991E-02 1.1466E-01 1.3404E-01 1.3927E-01 1.1420E-01 1.0202E-01 8.7177E-02 6.9495E-02 4.2860E-02 1.1072E-02 1.9104E-03 0
 0 1.0308E-03 2.9507E-03 1.3473E-02 2.9330E-02 4.6248E-02 6.4108E-02 7.0469E-02 6.9674E-02 7.2532E-02 8.0453E-02 8.5387E-02 9.4594E-02 9.4504E-02 1.1609E-01 1.3317E-01 1.4034E-01 1.1414E-01 1.0295E-01 8.7418E-02 7.0714E-02 4.3290E-02 1.1846E-02 1.8688E-03 0
 0 1.0552E-03 3.0525E-03 1.3506E-02 3.0063E-02 4.5735E-02 6.3938E-02 7.0983E-02 6.9787E-02 7.0232E-02 8.1544E-02 8.5974E-02 9.7843E-02 9.3770E-02 1.1771E-01 1.3464E-01 1.3917E-01 1.1372E-01 1.0203E-01 8.7212E-02 6.8900E-02 4.2632E-02 1.1174E-02 1.8619E-03 0
 0 9.9657E-04 2.8401E-03 1.3844E-02 2.9644E-02 4.6014E-02 6.4635E-02 7.0811E-02 6.7943E-02 7.1337E-02 7.8207E-02 8.3161E-02 9.5756E-02 9.5850E-02 1.1769E-01 1.3387E-01 1.4012E-01 1.1502E-01 1.0092E-01 8.8456E-02 6.8966E-02 4.2815E-02 1.1573E-02 1.7817E-03 0
 0 1.0375E-03 2.8730E-03 1.3506E-02 2.9321E-02 4.4991E-02 6.3883E-02 7.1714E-02 6.7723E-02 7.0834E-02 8.0294E-02 8.5379E-02 9.6216E-02 9.2616E-02 1.1586E-01 1.3461E-01 1.3865E-01 1.1267E-01 1.0214E-01 8.6489E-02 6.7401E-02 4.2479E-02 1.1185E-02 1.8324E-03 0
 0 9.7687E-04 2.8160E-03 1.3700E-02 2.9123E-02 4.4946E-02 6.3129E-02 6.9553E-02 6.7980E-02 7.1471E-02 8.0183E-02 8.5411E-02 9.6758E-02 9.4578E-02 1.1599E-01 1.3413E-01 1.3792E-01 1.1439E-01 1.0279E-01 8.6458E-02 6.8596E-02 4.1415E-02 1.0941E-02 1.8930E-03 0
 0 1.0126E-03 2.8237E-03 1.3208E-02 2.9020E-02 4.5084E-02 6.3105E-02 7.0343E-02 6.5965E-02 7.1793E-02 7.9424E-02 8.3500E-02 9.5301E-02 9.4839E-02 1.1558E-01 1.3239E-01 1.3712E-01 1.1428E-01 1.0104E-01 8.5082E-02 6.8282E-02 4.1918E-02 1.1190E-02 1.8392E-03 0
 0 9.8828E-04 2.8138E-03 1.3466E-02 2.9253E-02 4.4980E-02 6.2705E-02 7.2117E-02 6.7016E-02 7.1382E-02 8.0519E-02 8.3536E-02 9.5009E-02 9.4761E-02 1.1479E-01 1.3118E-01 1.3542E-01 1.1343E-01 1.0053E-01 8.5866E-02 6.8541E-02 4.2545E-02 1.0751E-02 1.7786E-03 0
 0 9.6546E-04 2.7273E-03 1.3519E-02 2.9066E-02 4.3930E-02 6.3111E-02 7.0993E-02 6.6299E-02 7.2080E-02 7.9855E-02 8.3887E-02 9.5501E-02 9.4805E-02 1.1715E-01 1.3289E-01 1.3556E-01 1.1501E-01 1.0179E-01 8.6331E-02 6.8904E-02 4.2096E-02 1.0673E-02 1.8301E-03 0
 0 1.0028E-03 2.7854E-03 1.2975E-02 2.8763E-02 4.3268E-02 6.2896E-02 6.9472E-02 6.6085E-02 7.1758E-02 8.0279E-02 8.4975E-02 9.6950E-02 9.6042E-02 1.1669E-01 1.3151E-01 1.3712E-01 1.1306E-01 1.0080E-01 8.6068E-02 6.8020E-02 4.0970E-02 1.0655E-02 1.7991E-03 0
 0 9.6235E-04 2.7536E-03 1.2940E-02 2.8420E-02 4.4255E-02 6.3484E-02 7.0369E-02 6.5425E-02 7.1765E-02 8.1164E-02 8.4188E-02 9.7738E-02 9.3962E-02 1.1698E-01 1.3312E-01 1.3511E-01 1.1446E-01 1.0143E-01 8.6226E-02 6.8797E-02 4.1699E-02 1.0830E-02 1.7491E-03 0
 0 9.6339E-04 2.6748E-03 1.2948E-02 2.8240E-02 4.3779E-02 6.2042E-02 7.0466E-02 6.5265E-02 7.1125E-02 7.9844E-02 8.4274E-02 9.6945E-02 9.3454E-02 1.1552E-01 1.3347E-01 1.3423E-01 1.1332E-01 1.0239E-01 8.7611E-02 6.7536E-02 4.0622E-02 1.0732E-02 1.7749E-03 0
 0 1.0298E-03 2.7569E-03 1.2451E-02 2.7269E-02 4.4031E-02 6.3138E-02 7.0508E-02 6.5842E-02 6.9756E-02 8.1348E-02 8.4951E-02 9.6604E-02 9.6683E-02 1.1556E-01 1.3006E-01 1.3400E-01 1.1404E-01 1.0112E-01 8.7422E-02 6.6576E-02 4.0950E-02 1.0437E-02 1.7749E-03 0
 0 9.5198E-04 2.6617E-03 1.2298E-02 2.7764E-02 4.2957E-02 6.2457E-02 7.0395E-02 6.4761E-02 6.9458E-02 8.2171E-02 8.5965E-02 9.7898E-02 9.4987E-02 1.1406E-01 1.3238E-01 1.3268E-01 1.1619E-01 1.0192E-01 8.5639E-02 6.7225E-02 4.0094E-02 1.0544E-02 1.8218E-03 0
 0 9.7894E-04 2.5489E-03 1.2543E-02 2.6606E-02 4.3569E-02 6.2114E-02 7.0941E-02 6.3774E-02 6.9355E-02 8.0456E-02 8.3618E-02 9.5560E-02 9.4667E-02 1.1330E-01 1.3173E-01 1.3551E-01 1.1217E-01 1.0082E-01 8.5529E-02 6.7951E-02 3.9461E-02 1.0517E-02 1.7590E-03 0
 0 9.7998E-04 2.5971E-03 1.2427E-02 2.6942E-02 4.3303E-02 6.0515E-02 7.0310E-02 6.4218E-02 7.0410E-02 8.0408E-02 8.4368E-02 9.5478E-02 9.4149E-02 1.1622E-01 1.2868E-01 1.3347E-01 1.1380E-01 1.0076E-01 8.5788E-02 6.7792E-02 3.8971E-02 1.0262E-02 1.6976E-03 0
 0 9.6080E-04 2.5336E-03 1.2417E-02 2.6663E-02 4.2684E-02 6.1178E-02 7.0151E-02 6.3491E-02 6.8667E-02 8.0663E-02 8.5187E-02 9.6102E-02 9.4933E-02 1.1375E-01 1.3069E-01 1.3275E-01 1.1261E-01 1.0070E-01 8.4942E-02 6.7823E-02 3.9299E-02 1.0499E-02 1.6348E-03 0
 0 9.9917E-04 2.5894E-03 1.2161E-02 2.7050E-02 4.2620E-02 6.1472E-02 7.0580E-02 6.2824E-02 6.9770E-02 8.2554E-02 8.4767E-02 9.5724E-02 9.3927E-02 1.1428E-01 1.2946E-01 1.3215E-01 1.1367E-01 1.0028E-01 8.5538E-02 6.7591E-02 3.8897E-02 1.0068E-02 1.7272E-03 0
 0 9.3487E-04 2.6310E-03 1.2076E-02 2.6173E-02 4.2062E-02 6.1772E-02 7.0833E-02 6.2784E-02 6.8188E-02 8.1201E-02 8.2693E-02 9.7437E-02 9.4953E-02 1.1554E-01 1.2917E-01 1.3129E-01 1.1367E-01 9.9951E-02 8.4328E-02 6.6441E-02 3.8574E-02 1.0202E-02 1.7468E-03 0
 0 9.6961E-04 2.4744E-03 1.1890E-02 2.5703E-02 4.2524E-02 5.9646E-02 7.1236E-02 6.2604E-02 6.9451E-02 8.0512E-02 8.5240E-02 9.7957E-02 9.3681E-02 1.1702E-01 1.2920E-01 1.3578E-01 1.1406E-01 9.8779E-02 8.5192E-02 6.6811E-02 3.8734E-02 9.8303E-03 1.6840E-03 0
 0 1.0018E-03 2.5182E-03 1.2049E-02 2.5468E-02 4.2040E-02 6.0406E-02 7.1126E-02 6.2197E-02 6.8483E-02 8.1975E-02 8.3341E-02 9.3542E-02 9.3247E-02 1.1628E-01 1.2805E-01 1.3226E-01 1.1543E-01 1.0131E-01 8.6178E-02 6.6894E-02 3.7952E-02 1.0045E-02 1.6817E-03 0
 0 9.6028E-04 2.5138E-03 1.1514E-02 2.5918E-02 4.1344E-02 5.9849E-02 7.1357E-02 6.2307E-02 6.9718E-02 8.2543E-02 8.3830E-02 9.6271E-02 9.6382E-02 1.1471E-01 1.2999E-01 1.3121E-01 1.1389E-01 9.9629E-02 8.7006E-02 6.5654E-02 3.8102E-02 9.9104E-03 1.6787E-03 0
 0 9.5457E-04 2.5314E-03 1.1764E-02 2.5703E-02 4.0382E-02 5.9216E-02 6.9891E-02 6.2267E-02 6.7603E-02 8.1057E-02 8.3479E-02 9.7301E-02 9.5687E-02 1.1427E-01 1.2708E-01 1.3254E-01 1.1522E-01 1.0012E-01 8.5485E-02 6.8130E-02 3.7642E-02 9.9923E-03 1.6757E-03 0
 0 9.0998E-04 2.4832E-03 1.1664E-02 2.5694E-02 4.1501E-02 6.0127E-02 7.0710E-02 6.1586E-02 6.8236E-02 8.1839E-02 8.2428E-02 9.8130E-02 9.4647E-02 1.1468E-01 1.2787E-01 1.3167E-01 1.1712E-01 9.9649E-02 8.5744E-02 6.7160E-02 3.6854E-02 9.4949E-03 1.5575E-03 0
 0 9.6028E-04 2.4591E-03 1.1494E-02 2.5137E-02 4.0494E-02 5.8946E-02 6.9521E-02 6.0446E-02 6.9154E-02 8.2746E-02 8.1393E-02 9.6859E-02 9.3568E-02 1.1429E-01 1.2993E-01 1.2860E-01 1.1355E-01 9.9408E-02 8.6554E-02 6.4389E-02 3.6517E-02 9.3443E-03 1.6514E-03 0
 0 9.7843E-04 2.4700E-03 1.1327E-02 2.4625E-02 4.0560E-02 5.9552E-02 7.1230E-02 6.0126E-02 6.8281E-02 8.1529E-02 8.3357E-02 9.5237E-02 9.3878E-02 1.1763E-01 1.2798E-01 1.2952E-01 1.1660E-01 9.7597E-02 8.5498E-02 6.5688E-02 3.6819E-02 9.5439E-03 1.6007E-03 0
 0 9.0221E-04 2.3617E-03 1.1591E-02 2.4592E-02 4.0975E-02 5.8779E-02 6.9261E-02 5.8882E-02 6.9013E-02 8.1540E-02 8.2676E-02 9.5182E-02 9.5027E-02 1.1298E-01 1.2704E-01 1.2843E-01 1.1560E-01 9.8643E-02 8.3662E-02 6.5940E-02 3.6837E-02 9.7272E-03 1.6492E-03 0
 0 9.0480E-04 2.3934E-03 1.1230E-02 2.4838E-02 4.0111E-02 5.9425E-02 7.0408E-02 5.9632E-02 6.7558E-02 8.2089E-02 8.3186E-02 9.5975E-02 9.4312E-02 1.1479E-01 1.2767E-01 1.2879E-01 1.1489E-01 1.0014E-01 8.4149E-02 6.4859E-02 3.6412E-02 9.6159E-03 1.6575E-03 0
 0 9.3383E-04 2.4777E-03 1.1275E-02 2.4390E-02 3.9632E-02 5.8595E-02 7.0310E-02 6.0182E-02 6.7760E-02 8.0180E-02 8.5550E-02 9.5287E-02 9.4435E-02 1.1473E-01 1.2736E-01 1.2970E-01 1.1471E-01 9.8809E-02 8.4394E-02 6.5139E-02 3.6821E-02 9.5128E-03 1.5697E-03 0
 0 9.2554E-04 2.3058E-03 1.1015E-02 2.4462E-02 3.9659E-02 5.8334E-02 7.1363E-02 5.7698E-02 6.8178E-02 8.1735E-02 8.2065E-02 9.5574E-02 9.6259E-02 1.1490E-01 1.2549E-01 1.2901E-01 1.1177E-01 9.8482E-02 8.5284E-02 6.5902E-02 3.6583E-02 9.2069E-03 1.6901E-03 0
 0 9.0065E-04 2.3332E-03 1.0556E-02 2.3696E-02 3.8867E-02 5.8419E-02 7.1045E-02 5.8098E-02 6.8240E-02 8.0626E-02 8.2562E-02 9.6494E-02 9.3513E-02 1.1392E-01 1.2777E-01 1.2873E-01 1.1719E-01 9.9578E-02 8.5498E-02 6.4541E-02 3.5950E-02 9.5848E-03 1.6795E-03 0
 0 9.1309E-04 2.3321E-03 1.0766E-02 2.4111E-02 3.9050E-02 5.7068E-02 6.9878E-02 5.8215E-02 6.7247E-02 8.2200E-02 8.2371E-02 9.4102E-02 9.6146E-02 1.1267E-01 1.2663E-01 1.2889E-01 1.1572E-01 9.8804E-02 8.4626E-02 6.4431E-02 3.5886E-02 9.0253E-03 1.5962E-03 0
 0 9.0895E-04 2.3036E-03 1.0555E-02 2.3748E-02 3.7190E-02 5.7825E-02 7.0508E-02 5.8368E-02 6.6747E-02 8.2115E-02 8.3133E-02 9.2540E-02 9.4894E-02 1.1335E-01 1.2461E-01 1.2779E-01 1.1642E-01 9.7713E-02 8.3496E-02 6.4065E-02 3.5226E-02 9.0465E-03 1.5931E-03 0
 0 9.1206E-04 2.2861E-03 1.0665E-02 2.3436E-02 3.9069E-02 5.6886E-02 6.9498E-02 5.7574E-02 6.6552E-02 8.2093E-02 8.2338E-02 9.5679E-02 9.4529E-02 1.1332E-01 1.2420E-01 1.2598E-01 1.1573E-01 9.7738E-02 8.2444E-02 6.4061E-02 3.4456E-02 8.6440E-03 1.5931E-03 0
 0 9.4887E-04 2.3332E-03 1.0533E-02 2.3419E-02 3.7868E-02 5.6923E-02 6.9283E-02 5.5180E-02 6.6662E-02 8.1566E-02 8.1368E-02 9.4057E-02 9.4534E-02 1.1241E-01 1.2480E-01 1.2540E-01 1.1477E-01 9.8171E-02 8.3382E-02 6.4334E-02 3.5460E-02 8.9533E-03 1.5522E-03 0
 0 8.5139E-04 2.2620E-03 1.0831E-02 2.3182E-02 3.7522E-02 5.6935E-02 6.9423E-02 5.6720E-02 6.5056E-02 8.2045E-02 8.3862E-02 9.4722E-02 9.5653E-02 1.1334E-01 1.2448E-01 1.2775E-01 1.1540E-01 9.7250E-02 8.3719E-02 6.3885E-02 3.4982E-02 8.8600E-03 1.4667E-03 0
 0 8.5658E-04 2.3058E-03 1.0506E-02 2.2756E-02 3.7915E-02 5.6362E-02 6.8438E-02 5.7214E-02 6.7230E-02 8.0124E-02 8.2061E-02 9.4038E-02 9.4386E-02 1.1371E-01 1.2426E-01 1.2525E-01 1.1561E-01 9.7447E-02 8.3706E-02 6.4040E-02 3.3801E-02 8.9974E-03 1.6431E-03 0
 0 8.8509E-04 2.3365E-03 1.0251E-02 2.3120E-02 3.7456E-02 5.6520E-02 6.9650E-02 5.5453E-02 6.4485E-02 8.1356E-02 8.1201E-02 9.4417E-02 9.6432E-02 1.1196E-01 1.2255E-01 1.2563E-01 1.1598E-01 9.8176E-02 8.1922E-02 6.2724E-02 3.3338E-02 8.6358E-03 1.5810E-03 0
 0 8.5191E-04 2.0989E-03 1.0258E-02 2.2176E-02 3.6900E-02 5.4769E-02 6.9124E-02 5.6183E-02 6.5874E-02 8.2565E-02 8.1910E-02 9.2070E-02 9.4554E-02 1.1308E-01 1.2379E-01 1.2554E-01 1.1425E-01 9.5460E-02 8.2588E-02 6.3132E-02 3.4207E-02 8.8764E-03 1.5303E-03 0
 0 8.1198E-04 2.2062E-03 1.0179E-02 2.2261E-02 3.6961E-02 5.4614E-02 6.9654E-02 5.6097E-02 6.4974E-02 8.1901E-02 8.2220E-02 9.5100E-02 9.6018E-02 1.1142E-01 1.2328E-01 1.2568E-01 1.1592E-01 9.7884E-02 8.2479E-02 6.2524E-02 3.3277E-02 8.8436E-03 1.5825E-03 0
 0 8.8821E-04 2.2631E-03 1.0179E-02 2.2338E-02 3.7060E-02 5.5338E-02 6.9153E-02 5.4119E-02 6.4409E-02 8.1942E-02 8.2016E-02 9.6016E-02 9.3908E-02 1.1200E-01 1.2325E-01 1.1981E-01 1.1643E-01 9.7804E-02 8.2321E-02 6.4223E-02 3.2929E-02 8.4935E-03 1.5363E-03 0
 0 8.5295E-04 2.0945E-03 1.0186E-02 2.1941E-02 3.5996E-02 5.5381E-02 6.8367E-02 5.4399E-02 6.6001E-02 8.1820E-02 8.2073E-02 9.3246E-02 9.4356E-02 1.1171E-01 1.2263E-01 1.2524E-01 1.1713E-01 9.7547E-02 8.3154E-02 6.3681E-02 3.3506E-02 8.4804E-03 1.5553E-03 0
 0 8.8043E-04 2.2522E-03 9.9533E-03 2.1297E-02 3.6695E-02 5.4448E-02 6.9940E-02 5.4893E-02 6.4666E-02 8.1109E-02 8.3247E-02 9.5305E-02 9.5756E-02 1.1359E-01 1.2222E-01 1.2441E-01 1.1472E-01 9.7849E-02 8.2255E-02 6.1778E-02 3.3262E-02 8.4002E-03 1.5568E-03 0
 0 8.7265E-04 2.1503E-03 1.0000E-02 2.1363E-02 3.6238E-02 5.4396E-02 6.8689E-02 5.4206E-02 6.4310E-02 8.1629E-02 8.1458E-02 9.3323E-02 9.4623E-02 1.1166E-01 1.2210E-01 1.2268E-01 1.1589E-01 9.4978E-02 8.2461E-02 6.2766E-02 3.2439E-02 8.4526E-03 1.5916E-03 0
 0 8.2443E-04 2.1733E-03 9.8176E-03 2.1455E-02 3.6233E-02 5.3100E-02 6.9764E-02 5.3902E-02 6.5183E-02 7.9542E-02 8.1759E-02 9.4471E-02 9.3602E-02 1.1200E-01 1.2040E-01 1.2234E-01 1.1546E-01 9.6205E-02 8.1624E-02 6.2334E-02 3.3038E-02 8.1810E-03 1.5121E-03 0
 0 8.3584E-04 2.1503E-03 9.9131E-03 2.1205E-02 3.5531E-02 5.3833E-02 6.8611E-02 5.3912E-02 6.5833E-02 8.1595E-02 8.1572E-02 9.3515E-02 9.4120E-02 1.1020E-01 1.1972E-01 1.2211E-01 1.1600E-01 9.6451E-02 8.2488E-02 6.2072E-02 3.2723E-02 8.5851E-03 1.4644E-03 0
 0 8.3998E-04 2.2106E-03 9.9884E-03 2.1108E-02 3.5635E-02 5.3724E-02 6.8741E-02 5.2451E-02 6.3697E-02 8.0666E-02 8.0851E-02 9.3938E-02 9.6634E-02 1.1095E-01 1.2226E-01 1.2187E-01 1.1523E-01 9.5873E-02 8.0647E-02 6.1470E-02 3.2020E-02 8.1957E-03 1.4690E-03 0
 0 8.2702E-04 2.0617E-03 9.4608E-03 2.0640E-02 3.5305E-02 5.2736E-02 6.8679E-02 5.3675E-02 6.3680E-02 8.1153E-02 8.1087E-02 9.4285E-02 9.4519E-02 1.0886E-01 1.2166E-01 1.2032E-01 1.1780E-01 9.5169E-02 8.1120E-02 6.1671E-02 3.1674E-02 7.9830E-03 1.5409E-03 0
 0 8.7109E-04 2.0989E-03 9.6987E-03 2.0212E-02 3.4667E-02 5.3124E-02 6.8575E-02 5.4182E-02 6.5642E-02 8.1658E-02 7.9498E-02 9.2813E-02 9.3020E-02 1.0850E-01 1.1928E-01 1.2143E-01 1.1428E-01 9.7406E-02 8.2339E-02 6.1118E-02 3.1837E-02 8.2317E-03 1.5235E-03 0
 0 8.7369E-04 2.1175E-03 9.6199E-03 2.0979E-02 3.4792E-02 5.3363E-02 6.8081E-02 5.3312E-02 6.4550E-02 8.1982E-02 8.0916E-02 9.3947E-02 9.3459E-02 1.0939E-01 1.2133E-01 1.1805E-01 1.1534E-01 9.5978E-02 8.0989E-02 6.0790E-02 3.1052E-02 7.9454E-03 1.4833E-03 0
 0 8.5295E-04 2.2062E-03 9.5077E-03 2.0267E-02 3.5103E-02 5.2864E-02 6.8617E-02 5.2788E-02 6.3762E-02 8.0416E-02 8.0622E-02 9.1947E-02 9.3809E-02 1.0738E-01 1.2086E-01 1.2140E-01 1.1574E-01 9.4932E-02 7.9701E-02 6.0907E-02 3.1560E-02 7.9290E-03 1.4977E-03 0
 0 7.7776E-04 1.9303E-03 9.2363E-03 2.0524E-02 3.3548E-02 5.2979E-02 6.8588E-02 5.2321E-02 6.3680E-02 8.2392E-02 8.0916E-02 9.3975E-02 9.2473E-02 1.0822E-01 1.1840E-01 1.2039E-01 1.1591E-01 9.6828E-02 8.0857E-02 6.0417E-02 3.1407E-02 8.0092E-03 1.4213E-03 0
 0 8.3947E-04 2.0310E-03 9.4575E-03 2.0704E-02 3.4782E-02 5.1473E-02 6.8104E-02 5.1871E-02 6.3129E-02 8.0688E-02 7.9877E-02 9.1829E-02 9.3114E-02 1.1138E-01 1.1917E-01 1.1837E-01 1.1508E-01 9.5038E-02 8.3281E-02 5.9920E-02 3.0693E-02 7.7981E-03 1.4606E-03 0
 0 8.3947E-04 1.9784E-03 9.0822E-03 1.9959E-02 3.3532E-02 5.1628E-02 6.8650E-02 5.1217E-02 6.3376E-02 8.2012E-02 7.9538E-02 9.2435E-02 9.3602E-02 1.0776E-01 1.1832E-01 1.2062E-01 1.1513E-01 9.5078E-02 7.9928E-02 5.9992E-02 3.1115E-02 7.7916E-03 1.4803E-03 0
 0 8.1561E-04 1.9752E-03 9.1375E-03 1.9757E-02 3.3934E-02 5.0740E-02 6.7561E-02 4.9720E-02 6.3536E-02 8.0685E-02 7.9363E-02 9.2093E-02 9.4371E-02 1.0947E-01 1.1773E-01 1.1706E-01 1.1633E-01 9.3791E-02 7.9972E-02 5.9557E-02 3.0239E-02 7.8341E-03 1.4970E-03 0
 0 8.2910E-04 1.9117E-03 8.8477E-03 1.9492E-02 3.4332E-02 5.1428E-02 6.7801E-02 5.1324E-02 6.2441E-02 7.9306E-02 8.1621E-02 9.2170E-02 9.4573E-02 1.0811E-01 1.1786E-01 1.2011E-01 1.1498E-01 9.4299E-02 7.9977E-02 5.9906E-02 3.0846E-02 7.5920E-03 1.4319E-03 0
 0 7.8502E-04 1.9478E-03 8.8863E-03 1.9459E-02 3.3155E-02 5.1806E-02 6.8221E-02 5.0577E-02 6.2465E-02 7.9955E-02 7.9090E-02 9.1528E-02 9.2251E-02 1.0797E-01 1.1825E-01 1.1700E-01 1.1429E-01 9.3660E-02 7.9389E-02 5.9964E-02 2.9997E-02 7.6427E-03 1.4349E-03 0
 0 8.2806E-04 2.0113E-03 8.7924E-03 1.9509E-02 3.2988E-02 4.9959E-02 6.6709E-02 4.9697E-02 6.2547E-02 8.1046E-02 7.9241E-02 9.3360E-02 9.1961E-02 1.0847E-01 1.1743E-01 1.1658E-01 1.1632E-01 9.4445E-02 7.9928E-02 5.9695E-02 2.9733E-02 7.3743E-03 1.4235E-03 0
 0 8.3947E-04 1.8569E-03 8.8695E-03 1.9239E-02 3.2865E-02 5.1228E-02 6.7220E-02 4.9490E-02 6.1356E-02 8.0276E-02 7.7712E-02 9.0207E-02 9.4987E-02 1.0918E-01 1.1800E-01 1.1513E-01 1.1509E-01 9.3525E-02 7.9814E-02 5.8655E-02 2.9438E-02 7.6181E-03 1.4500E-03 0
 0 8.4102E-04 1.9128E-03 8.7187E-03 1.8835E-02 3.3267E-02 5.0359E-02 6.6982E-02 4.8866E-02 6.1565E-02 7.9903E-02 7.8515E-02 9.1606E-02 9.3341E-02 1.0861E-01 1.1742E-01 1.1678E-01 1.1587E-01 9.4384E-02 7.8443E-02 6.0203E-02 3.0439E-02 7.5969E-03 1.3993E-03 0
 0 7.5702E-04 1.8668E-03 8.5981E-03 1.9123E-02 3.2940E-02 5.0119E-02 6.5946E-02 4.9800E-02 6.1216E-02 8.1142E-02 7.8528E-02 9.1018E-02 9.4169E-02 1.1119E-01 1.1535E-01 1.1567E-01 1.1401E-01 9.4616E-02 7.9885E-02 5.8279E-02 2.9703E-02 7.4218E-03 1.4462E-03 0
 0 7.6273E-04 1.9500E-03 8.6333E-03 1.8396E-02 3.2342E-02 4.9907E-02 6.6878E-02 4.8756E-02 6.0610E-02 8.0659E-02 7.8010E-02 9.0512E-02 9.3154E-02 1.0754E-01 1.1716E-01 1.1694E-01 1.1757E-01 9.2981E-02 7.8246E-02 5.8545E-02 2.9370E-02 7.6443E-03 1.3985E-03 0
 0 8.0369E-04 1.8306E-03 8.4457E-03 1.8215E-02 3.2017E-02 4.9162E-02 6.6121E-02 4.8760E-02 6.1294E-02 7.9022E-02 7.7924E-02 9.1492E-02 9.2380E-02 1.0637E-01 1.1486E-01 1.1717E-01 1.1593E-01 9.3635E-02 7.8013E-02 5.8331E-02 2.9004E-02 7.3678E-03 1.3334E-03 0
 0 7.6428E-04 1.8635E-03 8.7439E-03 1.8156E-02 3.1768E-02 4.8620E-02 6.6189E-02 4.7959E-02 6.0689E-02 7.9560E-02 7.8495E-02 8.8794E-02 8.9767E-02 1.0646E-01 1.1438E-01 1.1244E-01 1.1359E-01 9.3871E-02 7.9889E-02 5.9305E-02 2.9108E-02 7.6050E-03 1.3819E-03 0
 0 7.6636E-04 1.9160E-03 8.2380E-03 1.7882E-02 3.1244E-02 4.8514E-02 6.6654E-02 4.8796E-02 6.1004E-02 7.9542E-02 7.8299E-02 8.9045E-02 9.1566E-02 1.0632E-01 1.1422E-01 1.1303E-01 1.1423E-01 9.2876E-02 7.7860E-02 5.8376E-02 2.8493E-02 7.5461E-03 1.5068E-03 0
 0 7.3680E-04 1.8438E-03 8.4290E-03 1.8075E-02 3.2217E-02 4.8998E-02 6.6635E-02 4.7829E-02 6.0726E-02 8.0578E-02 7.8263E-02 9.0562E-02 8.9821E-02 1.0565E-01 1.1288E-01 1.1420E-01 1.1345E-01 9.2780E-02 7.8491E-02 5.8068E-02 2.8630E-02 7.1600E-03 1.3334E-03 0
 0 7.4510E-04 1.8843E-03 8.4524E-03 1.7589E-02 3.1297E-02 4.8038E-02 6.6999E-02 4.8112E-02 5.9949E-02 8.0552E-02 7.7847E-02 8.9068E-02 9.0220E-02 1.0841E-01 1.1376E-01 1.1448E-01 1.1393E-01 9.3801E-02 7.8237E-02 5.7640E-02 2.7634E-02 7.1747E-03 1.3236E-03 0
 0 7.4976E-04 1.8416E-03 8.2447E-03 1.7458E-02 3.0893E-02 4.9201E-02 6.5926E-02 4.7162E-02 6.0497E-02 7.8860E-02 7.7162E-02 9.0234E-02 9.2345E-02 1.0657E-01 1.1353E-01 1.1320E-01 1.1088E-01 9.2036E-02 7.7654E-02 5.7909E-02 2.8102E-02 7.1731E-03 1.3804E-03 0
 0 7.4458E-04 1.8591E-03 8.4122E-03 1.7455E-02 3.0909E-02 4.7584E-02 6.5543E-02 4.7902E-02 6.0244E-02 7.9321E-02 7.7350E-02 8.9897E-02 9.1196E-02 1.0380E-01 1.1367E-01 1.1368E-01 1.1370E-01 9.2388E-02 7.7295E-02 5.6562E-02 2.9014E-02 7.0880E-03 1.3380E-03 0
 0 7.7828E-04 1.7847E-03 8.2229E-03 1.7513E-02 3.0803E-02 4.8241E-02 6.4649E-02 4.5988E-02 6.0226E-02 7.9048E-02 7.7203E-02 8.9359E-02 9.2399E-02 1.0355E-01 1.1390E-01 1.1076E-01 1.1318E-01 9.1639E-02 7.7019E-02 5.6990E-02 2.7332E-02 6.9080E-03 1.3417E-03 0
 0 7.5650E-04 1.7091E-03 7.8896E-03 1.7422E-02 3.0609E-02 4.7863E-02 6.6384E-02 4.6055E-02 5.9621E-02 7.8819E-02 7.6445E-02 8.8480E-02 8.9506E-02 1.0451E-01 1.1254E-01 1.1021E-01 1.1292E-01 9.1438E-02 7.7124E-02 5.6914E-02 2.8188E-02 6.9980E-03 1.2986E-03 0
 0 7.1710E-04 1.7814E-03 7.7891E-03 1.7473E-02 3.0229E-02 4.7602E-02 6.4493E-02 4.5885E-02 5.8522E-02 7.8344E-02 7.6437E-02 8.9204E-02 9.1956E-02 1.0356E-01 1.1174E-01 1.1101E-01 1.1445E-01 9.0668E-02 7.6116E-02 5.7405E-02 2.7612E-02 6.7444E-03 1.3478E-03 0
 0 7.5650E-04 1.7901E-03 8.0269E-03 1.6898E-02 3.0867E-02 4.7233E-02 6.4971E-02 4.6121E-02 5.9703E-02 7.9734E-02 7.5671E-02 8.9569E-02 9.1369E-02 1.0426E-01 1.1088E-01 1.1261E-01 1.1315E-01 8.9849E-02 7.6085E-02 5.5847E-02 2.6623E-02 6.9031E-03 1.3296E-03 0
 0 7.2176E-04 1.7912E-03 7.6802E-03 1.6966E-02 3.0319E-02 4.6887E-02 6.5517E-02 4.4954E-02 5.7954E-02 7.8171E-02 7.6355E-02 8.8311E-02 9.0896E-02 1.0353E-01 1.0966E-01 1.1105E-01 1.1442E-01 9.0749E-02 7.5809E-02 5.6624E-02 2.6646E-02 6.6790E-03 1.3304E-03 0
 0 7.4406E-04 1.7452E-03 8.0571E-03 1.6880E-02 2.9258E-02 4.5921E-02 6.3554E-02 4.4544E-02 6.0244E-02 7.9966E-02 7.6029E-02 8.9523E-02 9.2099E-02 1.0405E-01 1.1197E-01 1.0921E-01 1.1468E-01 8.9115E-02 7.7093E-02 5.7889E-02 2.6445E-02 6.8737E-03 1.3773E-03 0
 0 7.3473E-04 1.7912E-03 7.7690E-03 1.6425E-02 3.0013E-02 4.6009E-02 6.4090E-02 4.5808E-02 5.8351E-02 7.8650E-02 7.6632E-02 8.4726E-02 9.1177E-02 1.0284E-01 1.1045E-01 1.1103E-01 1.1326E-01 8.9512E-02 7.5607E-02 5.5799E-02 2.6146E-02 6.6331E-03 1.2948E-03 0
 0 7.2747E-04 1.7639E-03 7.7690E-03 1.6810E-02 2.9615E-02 4.5573E-02 6.4077E-02 4.4644E-02 5.8368E-02 7.6980E-02 7.7533E-02 8.7232E-02 9.0861E-02 1.0471E-01 1.1142E-01 1.1115E-01 1.1321E-01 8.8939E-02 7.5774E-02 5.5339E-02 2.6303E-02 6.8164E-03 1.3410E-03 0
 0 7.0258E-04 1.7398E-03 7.5814E-03 1.6638E-02 2.9875E-02 4.5464E-02 6.3859E-02 4.3480E-02 5.7837E-02 7.7382E-02 7.5141E-02 8.5965E-02 9.0861E-02 1.0372E-01 1.1114E-01 1.1059E-01 1.1354E-01 9.0965E-02 7.4472E-02 5.4952E-02 2.6542E-02 6.7199E-03 1.3667E-03 0
 0 7.0413E-04 1.7299E-03 7.6299E-03 1.6509E-02 2.8496E-02 4.5972E-02 6.3993E-02 4.3637E-02 5.8073E-02 7.7382E-02 7.6041E-02 8.8512E-02 9.0250E-02 1.0308E-01 1.0986E-01 1.0983E-01 1.1414E-01 8.6641E-02 7.5095E-02 5.4932E-02 2.6189E-02 6.5072E-03 1.3607E-03 0
 0 7.3058E-04 1.6193E-03 7.4440E-03 1.6142E-02 2.8666E-02 4.6091E-02 6.3612E-02 4.4200E-02 5.7895E-02 7.8289E-02 7.5850E-02 8.7172E-02 8.9989E-02 1.0163E-01 1.0929E-01 1.0764E-01 1.1065E-01 8.8361E-02 7.6155E-02 5.4631E-02 2.5610E-02 6.7068E-03 1.2986E-03 0
 0 7.1347E-04 1.6817E-03 7.5294E-03 1.6166E-02 2.8700E-02 4.4770E-02 6.2364E-02 4.5038E-02 5.6407E-02 7.6987E-02 7.4582E-02 8.6070E-02 9.1034E-02 1.0378E-01 1.0741E-01 1.0811E-01 1.1309E-01 8.8391E-02 7.5068E-02 5.4389E-02 2.5828E-02 6.5791E-03 1.3327E-03 0
 0 6.9428E-04 1.6774E-03 7.4222E-03 1.5597E-02 2.8796E-02 4.3943E-02 6.3317E-02 4.3480E-02 5.6352E-02 7.7360E-02 7.5320E-02 8.6357E-02 9.2202E-02 1.0420E-01 1.0813E-01 1.0622E-01 1.1060E-01 8.7782E-02 7.4963E-02 5.4531E-02 2.5361E-02 6.6184E-03 1.2978E-03 0
 0 7.0776E-04 1.7671E-03 7.5964E-03 1.6032E-02 2.8209E-02 4.3295E-02 6.3031E-02 4.2359E-02 5.7331E-02 7.6220E-02 7.4436E-02 8.6972E-02 8.9491E-02 1.0142E-01 1.0636E-01 1.0775E-01 1.1178E-01 8.9085E-02 7.4705E-02 5.3712E-02 2.4906E-02 6.1832E-03 1.3274E-03 0
 0 7.2021E-04 1.6478E-03 7.3954E-03 1.5782E-02 2.8161E-02 4.3146E-02 6.2615E-02 4.2263E-02 5.6516E-02 7.6862E-02 7.6033E-02 8.5336E-02 8.9407E-02 1.0113E-01 1.0751E-01 1.0504E-01 1.1202E-01 8.7093E-02 7.4416E-02 5.2345E-02 2.5033E-02 6.7002E-03 1.2812E-03 0
 0 6.9532E-04 1.6379E-03 7.0537E-03 1.5720E-02 2.7401E-02 4.2813E-02 6.1591E-02 4.2606E-02 5.6242E-02 7.5594E-02 7.4036E-02 8.5619E-02 9.0906E-02 1.0094E-01 1.0765E-01 1.0490E-01 1.1229E-01 8.6867E-02 7.4100E-02 5.3702E-02 2.4916E-02 6.1292E-03 1.3470E-03 0
 0 6.6473E-04 1.5142E-03 7.0219E-03 1.5626E-02 2.7417E-02 4.3246E-02 6.2946E-02 4.2113E-02 5.7608E-02 7.7599E-02 7.3804E-02 8.6525E-02 9.0753E-02 9.8972E-02 1.0680E-01 1.0625E-01 1.1002E-01 8.6369E-02 7.3280E-02 5.3854E-02 2.4670E-02 6.3419E-03 1.2668E-03 0
 0 7.2280E-04 1.6226E-03 7.2966E-03 1.5463E-02 2.7948E-02 4.3370E-02 6.0765E-02 4.1212E-02 5.6769E-02 7.6578E-02 7.3009E-02 8.5268E-02 9.1132E-02 1.0046E-01 1.0518E-01 1.0495E-01 1.1102E-01 8.7370E-02 7.4319E-02 5.3643E-02 2.4156E-02 6.3354E-03 1.2827E-03 0
 0 6.9169E-04 1.6664E-03 7.0169E-03 1.5338E-02 2.6991E-02 4.2919E-02 6.1474E-02 4.1019E-02 5.6465E-02 7.6508E-02 7.3959E-02 8.4926E-02 8.8017E-02 1.0204E-01 1.0468E-01 1.0643E-01 1.1027E-01 8.6359E-02 7.3692E-02 5.2448E-02 2.4202E-02 6.1341E-03 1.2463E-03 0
 0 6.9014E-04 1.6598E-03 6.9700E-03 1.4855E-02 2.7831E-02 4.3086E-02 6.1334E-02 4.1499E-02 5.5178E-02 7.6054E-02 7.4260E-02 8.6152E-02 9.0492E-02 1.0035E-01 1.0591E-01 1.0546E-01 1.1197E-01 8.6455E-02 7.2330E-02 5.4027E-02 2.4189E-02 6.1079E-03 1.2055E-03 0
 0 6.6369E-04 1.5635E-03 6.9264E-03 1.5257E-02 2.6228E-02 4.2859E-02 6.0795E-02 4.1282E-02 5.5794E-02 7.6084E-02 7.3861E-02 8.4065E-02 8.9077E-02 1.0007E-01 1.0581E-01 1.0407E-01 1.1221E-01 8.6666E-02 7.2544E-02 5.2980E-02 2.4136E-02 6.1963E-03 1.2933E-03 0
 0 6.4347E-04 1.6248E-03 6.8778E-03 1.4767E-02 2.7092E-02 4.1526E-02 6.0489E-02 4.1669E-02 5.3966E-02 7.5483E-02 7.2292E-02 8.4616E-02 8.9516E-02 9.9583E-02 1.0431E-01 1.0549E-01 1.1037E-01 8.4645E-02 7.3482E-02 5.2973E-02 2.3425E-02 6.2765E-03 1.2736E-03 0
 0 6.7873E-04 1.5744E-03 6.7706E-03 1.4145E-02 2.6922E-02 4.1941E-02 6.0908E-02 4.0912E-02 5.5496E-02 7.5044E-02 7.1709E-02 8.3824E-02 8.7164E-02 9.6883E-02 1.0403E-01 1.0301E-01 1.0996E-01 8.6405E-02 7.3447E-02 5.2852E-02 2.4156E-02 6.1341E-03 1.1911E-03 0
 0 6.8080E-04 1.5471E-03 6.9013E-03 1.4549E-02 2.6282E-02 4.1620E-02 6.0353E-02 4.0452E-02 5.4750E-02 7.4348E-02 7.2019E-02 8.4534E-02 8.8170E-02 9.9679E-02 1.0472E-01 1.0213E-01 1.1166E-01 8.7159E-02 7.3228E-02 5.2431E-02 2.2906E-02 6.0703E-03 1.2289E-03 0
 0 6.8132E-04 1.6084E-03 6.5077E-03 1.4749E-02 2.5870E-02 4.1632E-02 5.9287E-02 4.0769E-02 5.4760E-02 7.3994E-02 7.1721E-02 8.3445E-02 8.8682E-02 9.7933E-02 1.0286E-01 1.0354E-01 1.1210E-01 8.5590E-02 7.1940E-02 5.1408E-02 2.3343E-02 5.9394E-03 1.2463E-03 0
 0 6.4865E-04 1.4759E-03 6.7891E-03 1.4088E-02 2.5556E-02 4.1498E-02 6.1172E-02 3.9421E-02 5.5003E-02 7.4878E-02 7.2369E-02 8.3591E-02 8.9782E-02 9.7504E-02 1.0202E-01 1.0175E-01 1.0953E-01 8.5303E-02 7.0826E-02 5.0649E-02 2.2917E-02 6.0850E-03 1.2100E-03 0
 0 6.6577E-04 1.5920E-03 6.5747E-03 1.4464E-02 2.5963E-02 4.1347E-02 6.0421E-02 4.0862E-02 5.3788E-02 7.3555E-02 7.0030E-02 8.2115E-02 8.7514E-02 9.7398E-02 1.0165E-01 1.0249E-01 1.1157E-01 8.5293E-02 7.1054E-02 5.1370E-02 2.2162E-02 6.0785E-03 1.2486E-03 0
 0 6.2791E-04 1.5558E-03 6.5948E-03 1.4049E-02 2.5450E-02 4.1444E-02 5.9228E-02 4.0185E-02 5.3980E-02 7.3754E-02 7.2622E-02 8.2452E-02 8.7603E-02 9.5597E-02 1.0272E-01 1.0260E-01 1.0810E-01 8.3317E-02 7.1010E-02 5.1502E-02 2.2680E-02 5.8543E-03 1.2267E-03 0
 0 6.3103E-04 1.5547E-03 6.6216E-03 1.4093E-02 2.5067E-02 4.0771E-02 5.8556E-02 3.9841E-02 5.3805E-02 7.2265E-02 7.1738E-02 8.2179E-02 8.6982E-02 9.7479E-02 1.0235E-01 1.0008E-01 1.0937E-01 8.5037E-02 7.2663E-02 5.1989E-02 2.2464E-02 5.7905E-03 1.2282E-03 0
 0 7.0725E-04 1.5985E-03 6.4775E-03 1.4194E-02 2.4910E-02 3.9875E-02 5.9644E-02 3.9951E-02 5.3179E-02 7.2847E-02 7.1086E-02 8.1382E-02 8.6854E-02 9.7201E-02 1.0272E-01 1.0231E-01 1.0771E-01 8.3890E-02 6.9731E-02 5.1446E-02 2.2950E-02 5.9165E-03 1.1600E-03 0
 0 6.6991E-04 1.5733E-03 6.2832E-03 1.3684E-02 2.5928E-02 4.0363E-02 5.9124E-02 3.9071E-02 5.4295E-02 7.3131E-02 7.1452E-02 8.0379E-02 8.7347E-02 9.5148E-02 1.0131E-01 1.0056E-01 1.0971E-01 8.2427E-02 7.1606E-02 4.9139E-02 2.2251E-02 5.7921E-03 1.2327E-03 0
 0 6.1340E-04 1.4879E-03 6.6752E-03 1.3464E-02 2.4884E-02 4.0211E-02 5.8689E-02 3.9191E-02 5.3832E-02 7.3101E-02 7.2206E-02 8.0060E-02 8.7652E-02 9.5894E-02 1.0001E-01 1.0060E-01 1.0842E-01 8.2825E-02 7.0980E-02 5.0120E-02 2.2650E-02 5.6138E-03 1.1350E-03 0
 0 6.1495E-04 1.5098E-03 6.1525E-03 1.3502E-02 2.4650E-02 3.9742E-02 5.8432E-02 3.8451E-02 5.2785E-02 7.2073E-02 6.9500E-02 8.1181E-02 9.0038E-02 9.6833E-02 1.0022E-01 9.8107E-02 1.0956E-01 8.2643E-02 6.9946E-02 4.9277E-02 2.1382E-02 5.7332E-03 1.1600E-03 0
 0 6.9014E-04 1.5153E-03 6.0504E-03 1.3203E-02 2.4735E-02 3.9636E-02 5.8023E-02 3.7634E-02 5.0998E-02 7.3057E-02 6.9822E-02 7.8985E-02 8.6982E-02 9.5763E-02 1.0031E-01 9.8448E-02 1.0801E-01 8.4217E-02 7.0068E-02 4.9816E-02 2.2081E-02 5.6432E-03 1.2017E-03 0
 0 6.4969E-04 1.5076E-03 6.2631E-03 1.3407E-02 2.4865E-02 3.9208E-02 5.7265E-02 3.8187E-02 5.2946E-02 7.2176E-02 6.9867E-02 8.0347E-02 8.4685E-02 9.4250E-02 1.0013E-01 9.9877E-02 1.0667E-01 8.1708E-02 7.0563E-02 4.8991E-02 2.1400E-02 5.6105E-03 1.1593E-03 0
 0 6.2791E-04 1.4463E-03 6.1324E-03 1.3431E-02 2.4530E-02 3.8606E-02 5.6394E-02 3.9118E-02 5.2213E-02 7.3879E-02 6.9843E-02 8.0056E-02 8.5720E-02 9.4124E-02 9.9442E-02 9.9224E-02 1.0820E-01 8.2925E-02 7.0436E-02 4.8334E-02 2.1235E-02 5.6645E-03 1.1184E-03 0
 0 6.1858E-04 1.5197E-03 6.1592E-03 1.3328E-02 2.3682E-02 3.8666E-02 5.7535E-02 3.6876E-02 5.1772E-02 7.2674E-02 7.0393E-02 7.9418E-02 8.7139E-02 9.3377E-02 9.9333E-02 9.6614E-02 1.0609E-01 8.2995E-02 7.0125E-02 4.9042E-02 2.1804E-02 5.5843E-03 1.1373E-03 0
 0 6.3206E-04 1.5175E-03 6.1827E-03 1.3269E-02 2.3788E-02 3.7776E-02 5.5683E-02 3.7073E-02 5.1926E-02 7.0196E-02 7.0099E-02 7.9167E-02 8.6011E-02 9.4532E-02 9.8569E-02 9.7009E-02 1.1066E-01 8.1532E-02 6.8162E-02 4.8863E-02 2.1644E-02 5.4289E-03 1.1358E-03 0
 0 6.4917E-04 1.4463E-03 5.9767E-03 1.3383E-02 2.3948E-02 3.8018E-02 5.7376E-02 3.6563E-02 5.0848E-02 7.1096E-02 6.8237E-02 7.9240E-02 8.5182E-02 9.5279E-02 9.6627E-02 9.6411E-02 1.0669E-01 8.0889E-02 6.7540E-02 4.9029E-02 2.0912E-02 5.5336E-03 1.1577E-03 0
 0 6.6317E-04 1.4266E-03 6.1090E-03 1.3273E-02 2.3597E-02 3.7561E-02 5.6879E-02 3.6533E-02 5.1053E-02 7.0403E-02 6.9337E-02 8.0088E-02 8.6094E-02 9.4431E-02 9.6288E-02 9.5190E-02 1.0789E-01 8.2181E-02 6.9595E-02 4.7858E-02 2.0556E-02 5.4142E-03 1.1146E-03 0
 0 6.1288E-04 1.4190E-03 5.8560E-03 1.2737E-02 2.3376E-02 3.7939E-02 5.5865E-02 3.6213E-02 5.0817E-02 6.9688E-02 6.8221E-02 7.9450E-02 8.6213E-02 9.2327E-02 9.7281E-02 9.5235E-02 1.0971E-01 8.1311E-02 6.8543E-02 4.8707E-02 2.0513E-02 5.4600E-03 1.1744E-03 0
 0 6.2688E-04 1.3982E-03 5.7890E-03 1.2516E-02 2.3305E-02 3.7379E-02 5.7542E-02 3.6936E-02 5.0779E-02 6.9467E-02 6.7405E-02 7.9345E-02 8.5853E-02 9.0748E-02 9.7506E-02 9.7113E-02 1.0495E-01 7.8214E-02 6.7351E-02 4.8179E-02 2.0035E-02 5.2326E-03 1.0866E-03 0
 0 6.0199E-04 1.5098E-03 5.9649E-03 1.2313E-02 2.3608E-02 3.7661E-02 5.5530E-02 3.6229E-02 5.1056E-02 6.9076E-02 6.6859E-02 7.7741E-02 8.5370E-02 9.2428E-02 9.7895E-02 9.6332E-02 1.0700E-01 7.9280E-02 6.8201E-02 4.9360E-02 2.0729E-02 5.2080E-03 1.1774E-03 0
 0 5.5999E-04 1.3916E-03 5.8276E-03 1.2533E-02 2.3140E-02 3.7761E-02 5.5202E-02 3.5859E-02 5.1344E-02 6.9430E-02 6.7304E-02 7.6507E-02 8.3960E-02 9.2353E-02 9.6148E-02 9.4637E-02 1.0475E-01 7.7736E-02 6.6882E-02 4.6631E-02 2.0086E-02 5.2849E-03 1.1055E-03 0
 0 6.1651E-04 1.4288E-03 5.9733E-03 1.2500E-02 2.3039E-02 3.6619E-02 5.4653E-02 3.6893E-02 5.0368E-02 6.8825E-02 6.6105E-02 7.6944E-02 8.3980E-02 9.1480E-02 9.6782E-02 9.3168E-02 1.0684E-01 8.1588E-02 6.6988E-02 4.7896E-02 2.0140E-02 5.2882E-03 1.1237E-03 0
 0 6.5643E-04 1.3631E-03 5.9214E-03 1.2608E-02 2.3145E-02 3.6885E-02 5.5377E-02 3.5626E-02 4.9971E-02 6.8486E-02 6.6872E-02 7.5992E-02 8.5306E-02 9.1929E-02 9.8234E-02 9.6990E-02 1.0689E-01 7.7741E-02 6.6694E-02 4.6946E-02 2.0678E-02 5.1507E-03 1.1017E-03 0
 0 5.7243E-04 1.3390E-03 5.7405E-03 1.2557E-02 2.2385E-02 3.6155E-02 5.4376E-02 3.5276E-02 4.9656E-02 6.7863E-02 6.6627E-02 7.6757E-02 8.4576E-02 8.8523E-02 9.4566E-02 9.2402E-02 1.0544E-01 7.9295E-02 6.7229E-02 4.7409E-02 1.9830E-02 5.2358E-03 1.1085E-03 0
 0 5.9058E-04 1.4288E-03 5.7120E-03 1.1960E-02 2.2571E-02 3.6064E-02 5.4360E-02 3.5452E-02 4.8814E-02 6.8711E-02 6.7063E-02 7.5162E-02 8.2772E-02 8.9956E-02 9.2839E-02 9.3836E-02 1.0407E-01 7.8163E-02 6.7465E-02 4.7353E-02 1.9822E-02 5.1737E-03 1.0926E-03 0
 0 5.6725E-04 1.2460E-03 5.7003E-03 1.2158E-02 2.2677E-02 3.5783E-02 5.3288E-02 3.4689E-02 4.8753E-02 6.7863E-02 6.5645E-02 7.4834E-02 8.3994E-02 9.1727E-02 9.3328E-02 9.2244E-02 1.0465E-01 7.7263E-02 6.6576E-02 4.6542E-02 1.9550E-02 5.1033E-03 1.0873E-03 0
 0 5.9577E-04 1.2952E-03 5.4256E-03 1.1727E-02 2.2393E-02 3.6034E-02 5.3746E-02 3.4929E-02 4.8684E-02 6.7354E-02 6.5865E-02 7.4333E-02 8.3092E-02 9.0264E-02 9.2914E-02 9.3455E-02 1.0477E-01 7.7273E-02 6.7426E-02 4.6552E-02 1.9794E-02 5.1589E-03 1.1638E-03 0
 0 5.8591E-04 1.3226E-03 5.4507E-03 1.2158E-02 2.2720E-02 3.5198E-02 5.3622E-02 3.4965E-02 4.8195E-02 6.7922E-02 6.5009E-02 7.5791E-02 8.3570E-02 9.0607E-02 9.4211E-02 9.0998E-02 1.0353E-01 7.8616E-02 6.5704E-02 4.5595E-02 1.9095E-02 5.1671E-03 1.0699E-03 0
 0 6.0666E-04 1.3204E-03 5.4725E-03 1.1683E-02 2.2728E-02 3.4856E-02 5.2865E-02 3.4655E-02 4.8061E-02 6.7026E-02 6.4296E-02 7.4743E-02 8.3590E-02 8.9234E-02 9.1706E-02 9.3252E-02 1.0488E-01 7.5081E-02 6.5046E-02 4.5775E-02 1.9502E-02 5.1033E-03 1.0480E-03 0
 0 5.9110E-04 1.2887E-03 5.3217E-03 1.1584E-02 2.1766E-02 3.4950E-02 5.2508E-02 3.3405E-02 4.8876E-02 6.6595E-02 6.3721E-02 7.4511E-02 8.1682E-02 8.9234E-02 9.2874E-02 9.0687E-02 1.0479E-01 7.6901E-02 6.4932E-02 4.5174E-02 1.9177E-02 4.9724E-03 1.0487E-03 0
 0 6.1495E-04 1.3347E-03 5.6601E-03 1.1650E-02 2.1779E-02 3.4792E-02 5.2891E-02 3.4058E-02 4.7069E-02 6.6016E-02 6.4141E-02 7.2228E-02 8.1347E-02 8.8851E-02 9.1122E-02 9.1181E-02 1.0281E-01 7.6881E-02 6.5349E-02 4.4628E-02 1.8775E-02 5.0035E-03 1.0729E-03 0
 0 5.8125E-04 1.3412E-03 5.4256E-03 1.1237E-02 2.1609E-02 3.4613E-02 5.2563E-02 3.3922E-02 4.8092E-02 6.6517E-02 6.5531E-02 7.4301E-02 8.1850E-02 8.6934E-02 9.0922E-02 9.1636E-02 1.0392E-01 7.5911E-02 6.5011E-02 4.4058E-02 1.8984E-02 4.8955E-03 1.0760E-03 0
 0 5.8125E-04 1.3062E-03 5.4256E-03 1.1556E-02 2.0889E-02 3.4089E-02 5.1682E-02 3.3518E-02 4.6192E-02 6.4976E-02 6.4736E-02 7.4124E-02 8.0470E-02 8.8064E-02 9.0907E-02 9.1745E-02 1.0323E-01 7.6373E-02 6.4761E-02 4.3160E-02 1.8935E-02 4.7237E-03 1.0767E-03 0
 0 5.9214E-04 1.3631E-03 5.5579E-03 1.1580E-02 2.2000E-02 3.4862E-02 5.1100E-02 3.3011E-02 4.7319E-02 6.6429E-02 6.4279E-02 7.3317E-02 8.1697E-02 8.5491E-02 9.0228E-02 9.0395E-02 1.0381E-01 7.6529E-02 6.4853E-02 4.3530E-02 1.8051E-02 4.7581E-03 1.0525E-03 0
 0 5.5273E-04 1.3106E-03 5.4591E-03 1.1343E-02 2.1032E-02 3.3947E-02 5.1146E-02 3.3518E-02 4.6278E-02 6.5647E-02 6.4088E-02 7.4247E-02 8.1209E-02 8.7569E-02 8.9834E-02 9.1102E-02 1.0149E-01 7.6147E-02 6.4424E-02 4.4117E-02 1.8229E-02 4.8890E-03 1.0063E-03 0
 0 5.6621E-04 1.2920E-03 5.1894E-03 1.1090E-02 2.0102E-02 3.4274E-02 5.1269E-02 3.3121E-02 4.6436E-02 6.3686E-02 6.5486E-02 7.2670E-02 8.0618E-02 8.6767E-02 8.9540E-02 9.0178E-02 1.0120E-01 7.4649E-02 6.3929E-02 4.4096E-02 1.8463E-02 4.9233E-03 1.0116E-03 0
 0 5.6880E-04 1.2854E-03 5.2396E-03 1.1239E-02 2.0027E-02 3.3629E-02 5.0788E-02 3.2878E-02 4.6069E-02 6.5474E-02 6.2254E-02 7.2005E-02 7.9178E-02 8.6681E-02 8.8946E-02 8.9110E-02 9.9549E-02 7.4729E-02 6.5016E-02 4.4915E-02 1.7546E-02 5.0542E-03 1.0745E-03 0
 0 5.9784E-04 1.3336E-03 5.2128E-03 1.0813E-02 2.0594E-02 3.2620E-02 5.0353E-02 3.1804E-02 4.6744E-02 6.4217E-02 6.2943E-02 7.2811E-02 8.0938E-02 8.6263E-02 8.8736E-02 8.8779E-02 1.0314E-01 7.4749E-02 6.3162E-02 4.3768E-02 1.7508E-02 4.6566E-03 1.0199E-03 0
 0 5.7243E-04 1.3051E-03 5.1592E-03 1.0837E-02 2.0413E-02 3.3293E-02 5.0558E-02 3.3041E-02 4.7343E-02 6.4191E-02 6.2095E-02 7.1891E-02 7.9794E-02 8.5763E-02 8.9165E-02 8.8813E-02 9.9966E-02 7.3874E-02 6.3306E-02 4.2839E-02 1.7792E-02 4.7630E-03 1.0722E-03 0
 0 5.9525E-04 1.3445E-03 5.2564E-03 1.0811E-02 2.0214E-02 3.2754E-02 4.9134E-02 3.2164E-02 4.5898E-02 6.4888E-02 6.3493E-02 7.1850E-02 7.9395E-02 8.5491E-02 8.8052E-02 8.6574E-02 1.0050E-01 7.6298E-02 6.3556E-02 4.4030E-02 1.7490E-02 4.8464E-03 1.0540E-03 0
 0 5.6051E-04 1.3007E-03 4.8242E-03 1.0822E-02 2.0533E-02 3.2390E-02 4.9466E-02 3.1860E-02 4.4584E-02 6.3715E-02 6.1793E-02 7.0465E-02 7.9642E-02 8.4244E-02 8.7992E-02 8.7039E-02 1.0287E-01 7.4493E-02 6.2355E-02 4.2179E-02 1.7271E-02 4.7630E-03 1.0040E-03 0
 0 5.5169E-04 1.3018E-03 5.3016E-03 1.0552E-02 2.0477E-02 3.2354E-02 4.8793E-02 3.1967E-02 4.4217E-02 6.2079E-02 6.2527E-02 7.1171E-02 8.1106E-02 8.2776E-02 8.7134E-02 8.5318E-02 1.0005E-01 7.2517E-02 6.1405E-02 4.2707E-02 1.7177E-02 4.6583E-03 1.0449E-03 0
 0 5.4029E-04 1.2920E-03 5.2631E-03 1.0543E-02 2.0131E-02 3.2123E-02 4.9290E-02 3.1607E-02 4.5340E-02 6.2720E-02 6.2062E-02 6.9012E-02 7.8237E-02 8.4865E-02 8.6899E-02 8.6114E-02 1.0177E-01 7.3140E-02 6.1558E-02 4.1823E-02 1.6872E-02 4.8611E-03 9.9117E-04 0
 0 5.5792E-04 1.2722E-03 4.9934E-03 1.0574E-02 1.9594E-02 3.1818E-02 4.8871E-02 3.1077E-02 4.5029E-02 6.2436E-02 6.1386E-02 7.1367E-02 8.0692E-02 8.2302E-02 8.7728E-02 8.5729E-02 9.7698E-02 7.2894E-02 6.1554E-02 4.1989E-02 1.6956E-02 4.6795E-03 9.3362E-04 0
 0 5.5843E-04 1.2766E-03 5.2446E-03 1.0563E-02 1.9802E-02 3.1000E-02 4.8783E-02 3.1110E-02 4.4892E-02 6.2702E-02 6.0697E-02 6.9713E-02 7.8074E-02 8.3982E-02 8.7927E-02 8.6070E-02 9.9369E-02 7.1657E-02 6.2057E-02 4.1982E-02 1.7142E-02 4.6026E-03 9.5634E-04 0
 0 5.7710E-04 1.2941E-03 5.0738E-03 1.0427E-02 2.0118E-02 3.0557E-02 4.8007E-02 3.0696E-02 4.4543E-02 6.0947E-02 6.0163E-02 7.0369E-02 7.8577E-02 8.2130E-02 8.5387E-02 8.7597E-02 9.8737E-02 7.2647E-02 6.1295E-02 4.1578E-02 1.6865E-02 4.5617E-03 9.6769E-04 0
 0 5.1955E-04 1.3347E-03 4.9666E-03 1.0187E-02 1.9161E-02 3.1103E-02 4.8488E-02 3.0773E-02 4.3968E-02 6.1758E-02 6.1308E-02 6.8684E-02 7.8217E-02 8.2817E-02 8.4224E-02 8.5313E-02 9.8115E-02 7.3955E-02 6.1050E-02 4.2649E-02 1.7096E-02 4.4521E-03 9.7905E-04 0
 0 5.4392E-04 1.1781E-03 4.8393E-03 1.0262E-02 1.9071E-02 3.0842E-02 4.8364E-02 3.0513E-02 4.4447E-02 6.0799E-02 6.0342E-02 6.9668E-02 7.9287E-02 8.1207E-02 8.4244E-02 8.5130E-02 9.6876E-02 7.2084E-02 5.9297E-02 4.1364E-02 1.7096E-02 4.5683E-03 9.8359E-04 0
 0 5.2888E-04 1.1409E-03 5.0972E-03 1.0345E-02 1.9647E-02 3.1378E-02 4.7474E-02 3.0246E-02 4.3201E-02 6.0309E-02 5.9862E-02 6.8488E-02 7.8572E-02 8.1106E-02 8.3375E-02 8.4468E-02 9.9013E-02 7.2245E-02 6.1019E-02 4.1395E-02 1.6379E-02 4.2819E-03 9.6315E-04 0
 0 4.9777E-04 1.3467E-03 4.6868E-03 1.0139E-02 1.9238E-02 3.1194E-02 4.6492E-02 2.9773E-02 4.3625E-02 6.0456E-02 5.9116E-02 6.8743E-02 7.6363E-02 8.2140E-02 8.4169E-02 8.4285E-02 1.0045E-01 7.1933E-02 5.9700E-02 4.1827E-02 1.5958E-02 4.5634E-03 1.0025E-03 0
 0 5.2162E-04 1.2372E-03 4.7053E-03 9.9017E-03 1.9283E-02 3.0869E-02 4.7178E-02 2.9539E-02 4.3037E-02 5.9693E-02 5.9821E-02 6.7968E-02 7.7162E-02 8.3336E-02 8.4364E-02 8.3628E-02 9.9148E-02 7.3014E-02 5.9380E-02 4.1046E-02 1.6191E-02 4.5241E-03 9.2453E-04 0
 0 5.3977E-04 1.2372E-03 4.6081E-03 1.0354E-02 1.8757E-02 3.0121E-02 4.7373E-02 3.0313E-02 4.4454E-02 5.9996E-02 5.9674E-02 6.7950E-02 7.6250E-02 8.0188E-02 8.3246E-02 8.3193E-02 9.5361E-02 7.3065E-02 5.9958E-02 3.9906E-02 1.6265E-02 4.2427E-03 9.3741E-04 0
 0 5.2421E-04 1.2931E-03 4.6835E-03 9.7128E-03 1.9169E-02 3.0264E-02 4.6531E-02 3.0089E-02 4.3225E-02 5.8532E-02 5.7979E-02 6.7207E-02 7.6758E-02 7.8689E-02 8.2766E-02 8.3311E-02 9.5095E-02 7.0259E-02 6.0138E-02 3.9851E-02 1.6270E-02 4.5306E-03 1.0434E-03 0
 0 5.0555E-04 1.2164E-03 4.5646E-03 9.6755E-03 1.8385E-02 3.0024E-02 4.5403E-02 2.9422E-02 4.2085E-02 5.9229E-02 5.9988E-02 6.6633E-02 7.5466E-02 8.1535E-02 8.3350E-02 8.2832E-02 9.5998E-02 6.9993E-02 5.8464E-02 4.0362E-02 1.6171E-02 4.6288E-03 1.0207E-03 0
 0 5.4288E-04 1.1595E-03 4.6617E-03 9.6711E-03 1.8946E-02 2.9455E-02 4.4926E-02 3.0530E-02 4.2215E-02 5.8761E-02 5.7172E-02 6.7485E-02 7.5821E-02 7.9335E-02 8.2392E-02 8.2738E-02 9.4950E-02 6.9932E-02 5.9323E-02 4.0317E-02 1.6062E-02 4.2394E-03 9.6997E-04 0
 0 4.9466E-04 1.1781E-03 4.8493E-03 9.4097E-03 1.8239E-02 3.0155E-02 4.5416E-02 2.9746E-02 4.1955E-02 5.8856E-02 5.7697E-02 6.6825E-02 7.6359E-02 8.0334E-02 8.0690E-02 8.2080E-02 9.4754E-02 6.9258E-02 5.9757E-02 3.9153E-02 1.6143E-02 4.4308E-03 9.6315E-04 0
 0 5.3769E-04 1.1332E-03 4.6768E-03 9.8249E-03 1.8010E-02 2.8819E-02 4.4520E-02 2.8635E-02 4.1428E-02 5.7998E-02 5.8052E-02 6.5317E-02 7.5728E-02 8.0253E-02 8.2936E-02 8.2782E-02 9.2717E-02 6.9057E-02 5.9660E-02 3.9751E-02 1.6184E-02 4.3556E-03 9.9344E-04 0
 0 5.3821E-04 1.1858E-03 4.4842E-03 9.7128E-03 1.7853E-02 2.9149E-02 4.4217E-02 2.9052E-02 4.2506E-02 5.8584E-02 5.7400E-02 6.6724E-02 7.4880E-02 8.0228E-02 8.1224E-02 8.0998E-02 9.5005E-02 6.9887E-02 5.9099E-02 3.9105E-02 1.5244E-02 4.1739E-03 9.8208E-04 0
 0 4.7495E-04 1.1299E-03 4.5244E-03 9.1945E-03 1.8414E-02 2.9222E-02 4.4893E-02 2.8792E-02 4.1318E-02 5.7345E-02 5.7424E-02 6.5567E-02 7.4076E-02 7.9552E-02 8.1598E-02 8.0983E-02 9.4162E-02 6.8806E-02 5.8539E-02 3.9067E-02 1.5068E-02 4.2050E-03 9.2226E-04 0
 0 4.9155E-04 1.2077E-03 4.4892E-03 9.2406E-03 1.7784E-02 2.8831E-02 4.4097E-02 2.9079E-02 4.1715E-02 5.7625E-02 5.6459E-02 6.5371E-02 7.4816E-02 7.6868E-02 7.9991E-02 8.2416E-02 9.4558E-02 6.7106E-02 5.8319E-02 3.9032E-02 1.5170E-02 4.1690E-03 9.2378E-04 0
 0 4.9362E-04 1.1584E-03 4.1910E-03 9.4493E-03 1.7782E-02 2.8634E-02 4.4000E-02 2.7538E-02 4.1352E-02 5.6497E-02 5.5142E-02 6.4305E-02 7.3297E-02 7.6353E-02 8.1349E-02 8.0019E-02 9.5140E-02 6.7680E-02 5.7855E-02 3.7954E-02 1.5079E-02 4.0021E-03 9.4498E-04 0
 0 4.9673E-04 1.2000E-03 4.4406E-03 9.3943E-03 1.7048E-02 2.8177E-02 4.3558E-02 2.7762E-02 4.0083E-02 5.6939E-02 5.6536E-02 6.6078E-02 7.4490E-02 7.6762E-02 7.9801E-02 7.9159E-02 9.4628E-02 6.8409E-02 5.6886E-02 3.7689E-02 1.5025E-02 4.1543E-03 9.2302E-04 0
 0 5.0140E-04 1.1004E-03 4.3602E-03 9.0078E-03 1.7997E-02 2.8994E-02 4.3593E-02 2.7648E-02 4.0733E-02 5.6010E-02 5.6707E-02 6.3180E-02 7.5969E-02 7.6389E-02 8.0071E-02 7.9109E-02 9.4082E-02 6.8796E-02 5.6124E-02 3.8241E-02 1.5137E-02 4.1101E-03 8.9727E-04 0
 0 5.1021E-04 1.2098E-03 4.2078E-03 9.1901E-03 1.7431E-02 2.8019E-02 4.3116E-02 2.7615E-02 4.0743E-02 5.6217E-02 5.5334E-02 6.5253E-02 7.2306E-02 7.5965E-02 7.9996E-02 7.8274E-02 9.2311E-02 6.6664E-02 5.6216E-02 3.7464E-02 1.5135E-02 4.0512E-03 8.9879E-04 0
 0 5.0192E-04 1.2547E-03 4.4607E-03 8.9485E-03 1.7362E-02 2.8040E-02 4.2817E-02 2.7308E-02 3.9555E-02 5.6405E-02 5.5737E-02 6.4629E-02 7.1927E-02 7.5001E-02 7.8758E-02 7.8081E-02 9.2557E-02 6.7805E-02 5.7623E-02 3.8120E-02 1.4471E-02 4.3032E-03 8.7380E-04 0
 0 4.9466E-04 1.1091E-03 4.2547E-03 9.0912E-03 1.7803E-02 2.7398E-02 4.3379E-02 2.7688E-02 4.0493E-02 5.6033E-02 5.5268E-02 6.2733E-02 7.4175E-02 7.6212E-02 7.9003E-02 7.9050E-02 9.2928E-02 6.7795E-02 5.5629E-02 3.7374E-02 1.4649E-02 4.1216E-03 8.7532E-04 0
 0 4.7236E-04 1.1179E-03 4.2279E-03 9.0539E-03 1.7258E-02 2.7380E-02 4.2443E-02 2.6758E-02 3.9959E-02 5.5424E-02 5.4755E-02 6.3403E-02 7.3071E-02 7.5657E-02 7.7156E-02 7.7503E-02 9.2431E-02 6.6226E-02 5.6023E-02 3.7074E-02 1.4469E-02 3.8762E-03 8.7380E-04 0
 0 4.6666E-04 1.1091E-03 4.2329E-03 8.6651E-03 1.7176E-02 2.7695E-02 4.2014E-02 2.7611E-02 3.8908E-02 5.3673E-02 5.5040E-02 6.1562E-02 7.2228E-02 7.3215E-02 7.7346E-02 7.8897E-02 9.1714E-02 6.6533E-02 5.5576E-02 3.7257E-02 1.4543E-02 3.8843E-03 9.0485E-04 0
 0 4.6614E-04 1.1036E-03 4.1877E-03 8.9221E-03 1.6857E-02 2.7207E-02 4.2095E-02 2.7198E-02 3.9846E-02 5.5273E-02 5.4751E-02 6.2310E-02 7.1809E-02 7.4517E-02 7.7790E-02 7.7839E-02 9.1177E-02 6.5553E-02 5.5217E-02 3.6846E-02 1.4311E-02 4.0496E-03 9.5028E-04 0
 0 4.8636E-04 1.1179E-03 4.1156E-03 8.8496E-03 1.7133E-02 2.6877E-02 4.1335E-02 2.6671E-02 4.0055E-02 5.3957E-02 5.4951E-02 6.2004E-02 7.2696E-02 7.2529E-02 7.6392E-02 7.7330E-02 9.1338E-02 6.6684E-02 5.5646E-02 3.6431E-02 1.3923E-02 3.9318E-03 8.7077E-04 0
 0 4.6718E-04 1.1639E-03 4.1173E-03 8.6827E-03 1.6583E-02 2.6623E-02 4.1429E-02 2.6074E-02 3.8563E-02 5.3183E-02 5.3936E-02 6.3152E-02 7.2459E-02 7.5102E-02 7.6887E-02 7.7048E-02 8.8875E-02 6.3888E-02 5.4533E-02 3.6562E-02 1.4001E-02 4.0889E-03 9.1015E-04 0
 0 4.8169E-04 1.0960E-03 4.0821E-03 8.6871E-03 1.6322E-02 2.6810E-02 4.0636E-02 2.6061E-02 3.9312E-02 5.2630E-02 5.4054E-02 6.0323E-02 7.2543E-02 7.4456E-02 7.7021E-02 7.5708E-02 8.9331E-02 6.5367E-02 5.5598E-02 3.5523E-02 1.3679E-02 3.9056E-03 8.6093E-04 0
 0 4.6147E-04 1.1420E-03 4.1089E-03 8.8716E-03 1.6431E-02 2.6465E-02 4.0688E-02 2.6714E-02 3.8843E-02 5.2844E-02 5.3002E-02 6.1225E-02 7.1552E-02 7.5036E-02 7.4041E-02 7.5768E-02 8.9036E-02 6.5236E-02 5.5716E-02 3.6210E-02 1.3656E-02 3.9301E-03 8.6472E-04 0
 0 4.5110E-04 1.1376E-03 3.9867E-03 8.4477E-03 1.6474E-02 2.6080E-02 3.9690E-02 2.6728E-02 3.8121E-02 5.3094E-02 5.2656E-02 6.0679E-02 7.1015E-02 7.2509E-02 7.5838E-02 7.6821E-02 8.9918E-02 6.4316E-02 5.4586E-02 3.5274E-02 1.3979E-02 3.9858E-03 9.3968E-04 0
 0 4.7703E-04 1.0325E-03 4.0285E-03 8.6388E-03 1.5979E-02 2.6008E-02 3.9784E-02 2.5934E-02 3.7474E-02 5.2423E-02 5.3740E-02 6.0209E-02 7.0685E-02 7.2065E-02 7.4441E-02 7.5718E-02 9.0460E-02 6.5372E-02 5.4327E-02 3.5930E-02 1.3689E-02 3.7485E-03 8.7002E-04 0
 0 4.8325E-04 1.1179E-03 3.8962E-03 8.1402E-03 1.6508E-02 2.5535E-02 3.9226E-02 2.5624E-02 3.7851E-02 5.2468E-02 5.2053E-02 6.0018E-02 7.1133E-02 7.1939E-02 7.4740E-02 7.5896E-02 8.9873E-02 6.3320E-02 5.3249E-02 3.5461E-02 1.3575E-02 3.8974E-03 9.0560E-04 0
 0 4.6044E-04 1.0763E-03 3.9950E-03 8.1292E-03 1.6001E-02 2.6123E-02 3.9447E-02 2.5420E-02 3.6933E-02 5.0779E-02 5.2420E-02 5.9102E-02 7.0108E-02 7.1893E-02 7.3822E-02 7.5827E-02 8.7832E-02 6.3999E-02 5.3056E-02 3.5032E-02 1.3272E-02 3.8303E-03 8.6547E-04 0
 0 4.7703E-04 1.0872E-03 3.8326E-03 8.2456E-03 1.5809E-02 2.5378E-02 3.8397E-02 2.5254E-02 3.7430E-02 5.1697E-02 5.2701E-02 5.8988E-02 7.0098E-02 7.1777E-02 7.4660E-02 7.4156E-02 8.9773E-02 6.4004E-02 5.2728E-02 3.3827E-02 1.3394E-02 3.7927E-03 8.1853E-04 0
 0 4.6355E-04 1.0686E-03 3.8259E-03 8.0523E-03 1.5841E-02 2.5096E-02 3.8358E-02 2.5297E-02 3.7231E-02 4.9883E-02 5.2346E-02 5.9152E-02 7.0152E-02 7.0919E-02 7.2724E-02 7.3607E-02 8.8549E-02 6.1254E-02 5.2368E-02 3.4901E-02 1.3882E-02 3.6913E-03 8.4427E-04 0
 0 4.9310E-04 1.0927E-03 3.9599E-03 8.1050E-03 1.5971E-02 2.4857E-02 3.8777E-02 2.5043E-02 3.6423E-02 5.1163E-02 5.1287E-02 5.8874E-02 6.9753E-02 7.0647E-02 7.3363E-02 7.3503E-02 8.8258E-02 6.2033E-02 5.1978E-02 3.3930E-02 1.3102E-02 3.7551E-03 8.7910E-04 0
 0 4.5266E-04 1.0456E-03 3.8929E-03 8.1775E-03 1.5150E-02 2.4330E-02 3.9346E-02 2.5781E-02 3.6759E-02 5.0134E-02 5.0814E-02 5.8505E-02 7.0724E-02 7.0975E-02 7.4156E-02 7.4344E-02 8.7751E-02 6.2616E-02 5.0940E-02 3.5208E-02 1.3285E-02 3.6144E-03 8.5942E-04 0
 0 4.1273E-04 1.0369E-03 3.8041E-03 8.0874E-03 1.5594E-02 2.4475E-02 3.7029E-02 2.3743E-02 3.5667E-02 5.0160E-02 5.0463E-02 5.6678E-02 6.6771E-02 6.9915E-02 7.3822E-02 7.1971E-02 8.6989E-02 6.1500E-02 5.2539E-02 3.3222E-02 1.3404E-02 3.7420E-03 8.0187E-04 0
 0 4.6458E-04 1.1321E-03 3.8845E-03 7.8546E-03 1.5405E-02 2.4545E-02 3.7055E-02 2.4650E-02 3.5941E-02 5.0816E-02 5.0333E-02 5.8136E-02 6.6662E-02 7.0571E-02 7.3078E-02 7.1877E-02 8.7305E-02 6.1067E-02 5.1128E-02 3.4372E-02 1.2535E-02 3.6847E-03 8.7532E-04 0
 0 4.6251E-04 1.0905E-03 3.7354E-03 7.7755E-03 1.4903E-02 2.4445E-02 3.7958E-02 2.4480E-02 3.6492E-02 5.0031E-02 5.0610E-02 5.6979E-02 6.8466E-02 7.0778E-02 7.2105E-02 7.1758E-02 8.6879E-02 6.1223E-02 5.1777E-02 3.3685E-02 1.2978E-02 3.6634E-03 8.8743E-04 0
 0 4.6095E-04 1.0445E-03 3.6282E-03 8.2434E-03 1.5589E-02 2.3836E-02 3.6661E-02 2.4783E-02 3.5605E-02 4.8453E-02 4.9783E-02 5.7612E-02 6.8417E-02 6.9845E-02 7.0697E-02 7.2090E-02 8.6994E-02 6.0650E-02 5.1636E-02 3.3657E-02 1.2375E-02 3.7060E-03 8.4276E-04 0
 0 4.5836E-04 1.1201E-03 3.7857E-03 8.1709E-03 1.5187E-02 2.4154E-02 3.6918E-02 2.4350E-02 3.5729E-02 4.8501E-02 5.0679E-02 5.6769E-02 6.8861E-02 6.9143E-02 6.9779E-02 7.3578E-02 8.5083E-02 6.0796E-02 5.1365E-02 3.3284E-02 1.2599E-02 3.5440E-03 7.9430E-04 0
 0 4.4281E-04 1.0675E-03 3.7622E-03 7.9996E-03 1.5113E-02 2.3457E-02 3.7142E-02 2.4820E-02 3.5773E-02 4.7089E-02 4.9787E-02 5.6291E-02 6.8097E-02 6.8185E-02 6.8841E-02 7.1348E-02 8.4727E-02 6.1238E-02 5.2180E-02 3.2773E-02 1.2508E-02 3.6340E-03 8.3821E-04 0
 0 4.1584E-04 1.0401E-03 3.7002E-03 7.8085E-03 1.4456E-02 2.3654E-02 3.6333E-02 2.4163E-02 3.5725E-02 4.8811E-02 4.8805E-02 5.6460E-02 6.6899E-02 6.7771E-02 7.1546E-02 7.0765E-02 8.4130E-02 6.2501E-02 4.9818E-02 3.2849E-02 1.2563E-02 3.6095E-03 8.1701E-04 0
 0 4.1014E-04 1.0029E-03 3.6651E-03 7.7316E-03 1.4658E-02 2.4151E-02 3.5823E-02 2.4113E-02 3.5126E-02 4.8272E-02 4.9306E-02 5.4974E-02 6.7249E-02 6.8164E-02 6.9889E-02 6.8199E-02 8.3367E-02 5.9911E-02 5.1027E-02 3.2310E-02 1.2144E-02 3.5718E-03 8.5411E-04 0
 0 4.1999E-04 1.0007E-03 3.6416E-03 7.6855E-03 1.4555E-02 2.3409E-02 3.5485E-02 2.4366E-02 3.4999E-02 4.7572E-02 4.9053E-02 5.7394E-02 6.6973E-02 6.7705E-02 6.9724E-02 7.0898E-02 8.4561E-02 5.8930E-02 5.1251E-02 3.2207E-02 1.2330E-02 3.5129E-03 8.6396E-04 0
 0 4.1688E-04 1.0128E-03 3.7455E-03 7.9710E-03 1.4058E-02 2.3251E-02 3.4910E-02 2.3606E-02 3.4257E-02 4.6989E-02 4.7598E-02 5.5817E-02 6.6623E-02 6.7872E-02 7.0443E-02 6.9707E-02 8.4315E-02 5.9720E-02 4.9945E-02 3.2341E-02 1.2411E-02 3.2511E-03 8.3518E-04 0
 0 4.1636E-04 1.1025E-03 3.6383E-03 7.6965E-03 1.4547E-02 2.3018E-02 3.5553E-02 2.3703E-02 3.3264E-02 4.7646E-02 4.7264E-02 5.5598E-02 6.5952E-02 6.7100E-02 6.8970E-02 6.9687E-02 8.4065E-02 5.9056E-02 4.8889E-02 3.2300E-02 1.2322E-02 3.4131E-03 8.0187E-04 0
 0 4.3140E-04 1.0423E-03 3.5679E-03 7.5976E-03 1.3933E-02 2.2770E-02 3.4591E-02 2.3619E-02 3.3959E-02 4.6274E-02 4.7916E-02 5.4888E-02 6.6085E-02 6.6989E-02 6.8711E-02 7.0577E-02 8.2244E-02 5.9614E-02 4.8494E-02 3.1775E-02 1.2147E-02 3.6111E-03 8.1323E-04 0
 0 4.0392E-04 1.0785E-03 3.6148E-03 7.3011E-03 1.3500E-02 2.2633E-02 3.4575E-02 2.2582E-02 3.4007E-02 4.6573E-02 4.8218E-02 5.5881E-02 6.5459E-02 6.4451E-02 6.8890E-02 6.9920E-02 8.2068E-02 5.7905E-02 4.9257E-02 3.1744E-02 1.1372E-02 3.4704E-03 8.0035E-04 0
 0 4.3710E-04 9.7444E-04 3.5109E-03 7.1561E-03 1.4324E-02 2.2058E-02 3.4624E-02 2.3056E-02 3.3887E-02 4.5839E-02 4.7647E-02 5.5052E-02 6.5755E-02 6.5268E-02 6.7747E-02 6.8560E-02 8.3177E-02 5.8322E-02 4.8819E-02 3.1737E-02 1.1722E-02 3.4197E-03 8.2231E-04 0
 0 4.1221E-04 1.0270E-03 3.6567E-03 7.1122E-03 1.4355E-02 2.2149E-02 3.4630E-02 2.3469E-02 3.3387E-02 4.5091E-02 4.6490E-02 5.3630E-02 6.4355E-02 6.6247E-02 6.5651E-02 6.6083E-02 8.2936E-02 5.7296E-02 4.8394E-02 3.0583E-02 1.1601E-02 3.2855E-03 8.3746E-04 0
 0 4.6873E-04 1.0040E-03 3.6450E-03 7.3362E-03 1.3975E-02 2.2355E-02 3.3207E-02 2.2505E-02 3.3562E-02 4.4475E-02 4.6416E-02 5.2906E-02 6.5592E-02 6.4199E-02 6.7633E-02 6.8995E-02 8.2796E-02 5.7965E-02 4.8512E-02 3.0165E-02 1.1552E-02 3.3198E-03 8.4579E-04 0
 0 4.1170E-04 9.8539E-04 3.4892E-03 6.8816E-03 1.3973E-02 2.1867E-02 3.3782E-02 2.2722E-02 3.2911E-02 4.5102E-02 4.6127E-02 5.3648E-02 6.4197E-02 6.5667E-02 6.5576E-02 6.8862E-02 8.2138E-02 5.6743E-02 4.8420E-02 3.0780E-02 1.1537E-02 3.3362E-03 7.4281E-04 0
 0 3.8162E-04 1.0850E-03 3.5780E-03 7.2154E-03 1.3587E-02 2.1812E-02 3.3493E-02 2.2309E-02 3.3517E-02 4.4036E-02 4.6710E-02 5.3525E-02 6.5011E-02 6.3543E-02 6.5017E-02 6.7655E-02 8.1080E-02 5.5999E-02 4.7903E-02 3.0659E-02 1.1230E-02 3.3951E-03 8.1020E-04 0
 0 4.0910E-04 1.0128E-03 3.3351E-03 6.7871E-03 1.3723E-02 2.1128E-02 3.3655E-02 2.1938E-02 3.2121E-02 4.4302E-02 4.5744E-02 5.2118E-02 6.4897E-02 6.3689E-02 6.5821E-02 6.6454E-02 7.9997E-02 5.7337E-02 4.8104E-02 2.9789E-02 1.1783E-02 3.3787E-03 7.6779E-04 0
 0 4.1688E-04 8.7590E-04 3.4255E-03 7.3736E-03 1.3399E-02 2.1376E-02 3.2817E-02 2.2719E-02 3.3654E-02 4.3682E-02 4.4990E-02 5.1653E-02 6.4143E-02 6.3215E-02 6.6744E-02 6.7211E-02 8.1025E-02 5.6778E-02 4.6570E-02 3.0217E-02 1.1016E-02 3.3018E-03 8.1701E-04 0
 0 4.1221E-04 9.9634E-04 3.3753E-03 7.1078E-03 1.3521E-02 2.1719E-02 3.2147E-02 2.2215E-02 3.2590E-02 4.3211E-02 4.4285E-02 5.2733E-02 6.3330E-02 6.2503E-02 6.5691E-02 6.6153E-02 7.9826E-02 5.7372E-02 4.6654E-02 3.0234E-02 1.1120E-02 3.2462E-03 7.8672E-04 0
 0 4.1221E-04 9.3722E-04 3.3686E-03 6.8772E-03 1.3221E-02 2.1137E-02 3.2047E-02 2.1215E-02 3.2004E-02 4.3115E-02 4.4941E-02 5.1976E-02 6.1683E-02 6.2281E-02 6.4179E-02 6.6538E-02 8.0423E-02 5.5647E-02 4.6943E-02 2.9968E-02 1.1331E-02 3.3886E-03 7.6249E-04 0
 0 3.7747E-04 9.8430E-04 3.3116E-03 7.3209E-03 1.3640E-02 2.0301E-02 3.2794E-02 2.1835E-02 3.1779E-02 4.2971E-02 4.4807E-02 5.2245E-02 6.2916E-02 6.2761E-02 6.4683E-02 6.5678E-02 8.0182E-02 5.4717E-02 4.7517E-02 3.0041E-02 1.0968E-02 3.1611E-03 7.9127E-04 0
 0 3.9407E-04 1.0018E-03 3.0989E-03 7.1144E-03 1.3728E-02 2.1058E-02 3.1946E-02 2.2028E-02 3.1891E-02 4.3472E-02 4.3979E-02 5.0960E-02 6.3000E-02 6.2731E-02 6.4258E-02 6.5668E-02 8.0167E-02 5.5320E-02 4.6338E-02 2.9333E-02 1.1131E-02 3.4164E-03 7.2842E-04 0
 0 3.9459E-04 9.4160E-04 3.2094E-03 6.6641E-03 1.2886E-02 2.0755E-02 3.1569E-02 2.1952E-02 3.1392E-02 4.1795E-02 4.4472E-02 4.9042E-02 6.1733E-02 6.1822E-02 6.3570E-02 6.4630E-02 7.7574E-02 5.6185E-02 4.5975E-02 2.9416E-02 1.0983E-02 3.1284E-03 7.9505E-04 0
 0 4.0910E-04 9.1641E-04 3.2027E-03 6.5257E-03 1.2763E-02 2.0558E-02 3.1306E-02 2.1885E-02 3.1378E-02 4.2355E-02 4.3343E-02 5.1361E-02 6.2600E-02 6.2660E-02 6.2856E-02 6.6286E-02 7.8828E-02 5.4315E-02 4.5953E-02 2.8981E-02 1.0917E-02 3.0204E-03 7.5114E-04 0
 0 4.2155E-04 9.6130E-04 3.2279E-03 6.8552E-03 1.2963E-02 2.0495E-02 3.1039E-02 2.1338E-02 3.1176E-02 4.1518E-02 4.2577E-02 5.1088E-02 6.1368E-02 6.2004E-02 6.3185E-02 6.4660E-02 7.6355E-02 5.4430E-02 4.4883E-02 2.8728E-02 1.1131E-02 3.2249E-03 7.4811E-04 0
 0 3.9355E-04 1.0401E-03 3.4942E-03 6.5235E-03 1.2790E-02 2.0658E-02 3.1208E-02 2.1241E-02 3.1186E-02 4.1883E-02 4.3641E-02 5.0632E-02 6.1979E-02 6.1156E-02 6.2786E-02 6.5283E-02 7.7860E-02 5.4491E-02 4.5729E-02 2.8628E-02 1.0805E-02 3.1988E-03 7.2691E-04 0
 0 3.6659E-04 9.5254E-04 3.1843E-03 6.7498E-03 1.2641E-02 2.0564E-02 3.0535E-02 2.1138E-02 3.0817E-02 4.2027E-02 4.4053E-02 5.0136E-02 6.1141E-02 6.0657E-02 6.3440E-02 6.2994E-02 7.7363E-02 5.4345E-02 4.4344E-02 2.8459E-02 1.0305E-02 3.1660E-03 7.1176E-04 0
 0 3.8421E-04 9.7444E-04 3.3133E-03 6.6597E-03 1.2718E-02 2.0649E-02 3.0604E-02 2.0444E-02 3.0820E-02 4.0306E-02 4.2520E-02 4.9461E-02 6.1397E-02 6.0642E-02 6.1453E-02 6.4175E-02 7.5873E-02 5.3405E-02 4.4322E-02 2.8632E-02 1.0366E-02 3.0499E-03 7.6779E-04 0
 0 3.9718E-04 9.2079E-04 3.2882E-03 6.5148E-03 1.2718E-02 1.9728E-02 3.0789E-02 2.0718E-02 3.0016E-02 4.0228E-02 4.3718E-02 4.9147E-02 5.9726E-02 6.1837E-02 6.2691E-02 6.3745E-02 7.4985E-02 5.2942E-02 4.5168E-02 2.7854E-02 1.0577E-02 3.1350E-03 7.4735E-04 0
 0 3.6659E-04 9.0546E-04 2.9364E-03 6.3720E-03 1.2455E-02 1.9965E-02 2.9570E-02 2.1011E-02 2.9766E-02 4.0154E-02 4.1587E-02 4.9060E-02 6.0850E-02 6.0420E-02 6.2771E-02 6.2440E-02 7.6475E-02 5.3264E-02 4.3722E-02 2.8017E-02 1.0160E-02 2.9828E-03 7.3145E-04 0
 0 3.6503E-04 9.0328E-04 3.2245E-03 6.2929E-03 1.2147E-02 1.9738E-02 2.9583E-02 2.0498E-02 2.9643E-02 3.9988E-02 4.2805E-02 4.8605E-02 5.8321E-02 5.8982E-02 6.2107E-02 6.3404E-02 7.5628E-02 5.4310E-02 4.3972E-02 2.7374E-02 1.0102E-02 3.1759E-03 7.6174E-04 0
 0 4.0392E-04 9.0109E-04 3.1558E-03 6.4862E-03 1.2157E-02 1.9783E-02 2.9307E-02 2.0261E-02 3.0242E-02 3.9565E-02 4.1571E-02 4.7516E-02 5.8617E-02 5.8518E-02 6.1987E-02 6.3508E-02 7.3405E-02 5.3153E-02 4.3551E-02 2.7540E-02 1.0378E-02 3.0122E-03 6.9889E-04 0
 0 3.8007E-04 9.6021E-04 3.2161E-03 6.2929E-03 1.1783E-02 1.9038E-02 2.8209E-02 2.0077E-02 2.9800E-02 3.8857E-02 4.1978E-02 4.7835E-02 5.9150E-02 5.9572E-02 6.0280E-02 6.1798E-02 7.5567E-02 5.3641E-02 4.3534E-02 2.8034E-02 1.0320E-02 2.8813E-03 6.8375E-04 0
 0 3.6503E-04 9.4598E-04 3.2496E-03 6.2731E-03 1.2107E-02 1.9568E-02 2.9411E-02 2.0127E-02 2.8948E-02 3.9329E-02 4.1848E-02 4.7935E-02 5.9105E-02 5.8906E-02 6.1084E-02 6.1466E-02 7.4263E-02 5.3068E-02 4.2964E-02 2.7323E-02 9.7967E-03 3.1840E-03 7.3826E-04 0
 0 3.8836E-04 9.1860E-04 3.0252E-03 5.9107E-03 1.1990E-02 1.9174E-02 2.8556E-02 2.0291E-02 2.8321E-02 3.8798E-02 4.0617E-02 4.7019E-02 5.9874E-02 6.0324E-02 6.0395E-02 6.0661E-02 7.6114E-02 5.1831E-02 4.2815E-02 2.6141E-02 9.8043E-03 3.1251E-03 7.1631E-04 0
 0 3.9096E-04 9.2079E-04 3.1190E-03 6.0030E-03 1.1788E-02 1.8789E-02 2.9453E-02 1.9787E-02 2.9129E-02 3.7902E-02 4.1436E-02 4.7270E-02 5.9071E-02 5.8462E-02 5.9038E-02 6.1600E-02 7.4188E-02 5.3098E-02 4.2188E-02 2.7202E-02 1.0010E-02 2.9255E-03 7.8748E-04 0
 0 3.6659E-04 8.7262E-04 3.0671E-03 6.5323E-03 1.1527E-02 1.9104E-02 2.8179E-02 1.9824E-02 2.7945E-02 3.7858E-02 4.0107E-02 4.7926E-02 5.7474E-02 5.8563E-02 5.9397E-02 6.0255E-02 7.3436E-02 5.1811E-02 4.2407E-02 2.6732E-02 9.6620E-03 2.9664E-03 7.5795E-04 0
 0 3.6762E-04 8.7700E-04 2.8158E-03 6.0337E-03 1.1610E-02 1.8814E-02 2.7594E-02 1.9641E-02 2.8633E-02 3.8411E-02 4.0817E-02 4.5826E-02 5.8104E-02 5.8422E-02 5.9901E-02 6.0270E-02 7.2232E-02 5.1660E-02 4.3240E-02 2.6452E-02 9.5985E-03 2.8584E-03 7.0419E-04 0
 0 3.5051E-04 8.4306E-04 2.9934E-03 5.9898E-03 1.1620E-02 1.8447E-02 2.7936E-02 1.9527E-02 2.8397E-02 3.7710E-02 3.9321E-02 4.6140E-02 5.8060E-02 5.7402E-02 5.9901E-02 5.8995E-02 7.3937E-02 5.1499E-02 4.2276E-02 2.5741E-02 9.6798E-03 3.0106E-03 7.0495E-04 0
 0 3.6140E-04 9.7116E-04 3.1826E-03 5.8273E-03 1.1684E-02 1.8150E-02 2.7289E-02 1.9147E-02 2.7572E-02 3.6350E-02 4.0034E-02 4.6290E-02 5.8538E-02 5.6550E-02 5.9127E-02 6.1353E-02 7.2894E-02 5.1695E-02 4.2661E-02 2.6076E-02 9.4791E-03 2.8568E-03 6.9586E-04 0
 0 3.5466E-04 9.2189E-04 3.0520E-03 5.8800E-03 1.1828E-02 1.8377E-02 2.7185E-02 1.9190E-02 2.7976E-02 3.6822E-02 4.0804E-02 4.5616E-02 5.5714E-02 5.6494E-02 5.8823E-02 5.8906E-02 7.2949E-02 5.0342E-02 4.0146E-02 2.5630E-02 9.3597E-03 2.8453E-03 7.4432E-04 0
 0 3.7229E-04 8.4525E-04 3.0218E-03 6.1128E-03 1.1426E-02 1.8168E-02 2.6610E-02 1.9057E-02 2.7462E-02 3.6575E-02 3.9247E-02 4.5005E-02 5.6241E-02 5.6388E-02 5.8049E-02 5.9207E-02 7.1559E-02 4.9920E-02 4.1930E-02 2.5547E-02 9.6773E-03 2.8355E-03 6.6557E-04 0
 0 3.6192E-04 9.0328E-04 3.0855E-03 5.9063E-03 1.1458E-02 1.7987E-02 2.7191E-02 1.8700E-02 2.7698E-02 3.6770E-02 3.9109E-02 4.5962E-02 5.6483E-02 5.6131E-02 5.6158E-02 5.9103E-02 6.9663E-02 4.9598E-02 4.0799E-02 2.5678E-02 9.9720E-03 2.8535E-03 7.2161E-04 0
 0 3.5673E-04 8.9561E-04 2.8392E-03 5.8163E-03 1.1403E-02 1.8038E-02 2.6619E-02 1.8610E-02 2.8027E-02 3.6103E-02 3.9745E-02 4.4632E-02 5.7715E-02 5.6081E-02 5.6577E-02 5.8485E-02 7.0757E-02 4.9015E-02 4.0764E-02 2.5008E-02 9.3521E-03 2.8781E-03 7.4281E-04 0
 0 3.4066E-04 8.9671E-04 2.9800E-03 5.7899E-03 1.0890E-02 1.7623E-02 2.6847E-02 1.9024E-02 2.7722E-02 3.6217E-02 3.9439E-02 4.4163E-02 5.6310E-02 5.6782E-02 5.8069E-02 5.9741E-02 7.0787E-02 4.9115E-02 4.1136E-02 2.4808E-02 8.9913E-03 2.7799E-03 7.1025E-04 0
 0 3.5725E-04 8.9780E-04 2.9096E-03 5.6625E-03 1.1607E-02 1.7796E-02 2.5947E-02 1.8747E-02 2.7120E-02 3.5926E-02 3.8779E-02 4.4728E-02 5.5359E-02 5.5611E-02 5.7281E-02 5.7610E-02 7.1093E-02 4.9000E-02 4.0909E-02 2.4988E-02 9.1844E-03 2.9370E-03 7.3448E-04 0
 0 3.7022E-04 8.3539E-04 2.7840E-03 5.5813E-03 1.1355E-02 1.7717E-02 2.6265E-02 1.8730E-02 2.6411E-02 3.4731E-02 3.8355E-02 4.4035E-02 5.4831E-02 5.3820E-02 5.5873E-02 5.8352E-02 6.9036E-02 4.8492E-02 3.9874E-02 2.5198E-02 9.1996E-03 2.7995E-03 6.8753E-04 0
 0 3.4325E-04 8.1897E-04 2.8962E-03 5.6845E-03 1.0892E-02 1.7381E-02 2.5813E-02 1.8910E-02 2.6579E-02 3.5550E-02 3.8388E-02 4.3424E-02 5.5433E-02 5.3558E-02 5.7206E-02 5.6760E-02 7.0346E-02 4.9915E-02 4.0291E-02 2.4794E-02 8.8592E-03 2.5426E-03 7.0495E-04 0
 0 3.7281E-04 9.1860E-04 2.9414E-03 5.6208E-03 1.1033E-02 1.7859E-02 2.5696E-02 1.8937E-02 2.6237E-02 3.4938E-02 3.8000E-02 4.2987E-02 5.4363E-02 5.5046E-02 5.6138E-02 5.7096E-02 6.8189E-02 4.7758E-02 3.9554E-02 2.4770E-02 8.7601E-03 2.8061E-03 6.8147E-04 0
 0 3.6140E-04 8.2006E-04 2.8660E-03 5.7065E-03 1.0919E-02 1.7348E-02 2.4780E-02 1.8196E-02 2.5925E-02 3.4370E-02 3.7405E-02 4.2691E-02 5.4693E-02 5.5425E-02 5.5713E-02 5.6543E-02 6.7441E-02 4.8346E-02 3.9585E-02 2.3647E-02 9.1869E-03 2.5983E-03 6.8526E-04 0
 0 3.6503E-04 8.8685E-04 2.7270E-03 5.6581E-03 1.0900E-02 1.7081E-02 2.5222E-02 1.8823E-02 2.6038E-02 3.2431E-02 3.6578E-02 4.3128E-02 5.3845E-02 5.3381E-02 5.5758E-02 5.7245E-02 6.8896E-02 4.8688E-02 3.8700E-02 2.3927E-02 8.3739E-03 2.6997E-03 6.5573E-04 0
 0 3.4844E-04 8.8904E-04 2.8610E-03 5.4011E-03 1.0943E-02 1.7426E-02 2.4494E-02 1.8253E-02 2.6541E-02 3.4462E-02 3.6594E-02 4.2645E-02 5.2071E-02 5.5304E-02 5.3687E-02 5.7067E-02 6.8806E-02 4.7522E-02 3.9305E-02 2.3962E-02 8.9278E-03 2.6768E-03 6.9435E-04 0
 0 3.5622E-04 8.5729E-04 2.8258E-03 5.5395E-03 1.0985E-02 1.6736E-02 2.4761E-02 1.8006E-02 2.5330E-02 3.3139E-02 3.7393E-02 4.3716E-02 5.4402E-02 5.4153E-02 5.3662E-02 5.5910E-02 6.7416E-02 4.7305E-02 3.8674E-02 2.4867E-02 9.1590E-03 2.7308E-03 6.8753E-04 0
 0 3.4170E-04 8.8685E-04 2.7856E-03 5.4319E-03 1.0786E-02 1.6406E-02 2.4533E-02 1.7569E-02 2.5556E-02 3.3039E-02 3.6570E-02 4.2531E-02 5.2120E-02 5.2786E-02 5.4171E-02 5.5954E-02 6.7105E-02 4.7014E-02 3.8367E-02 2.4449E-02 8.5950E-03 2.5983E-03 6.9510E-04 0
 0 3.4377E-04 9.3722E-04 2.8644E-03 5.5417E-03 1.0874E-02 1.6536E-02 2.4289E-02 1.7836E-02 2.4703E-02 3.3109E-02 3.6843E-02 4.1324E-02 5.2786E-02 5.2024E-02 5.4920E-02 5.6404E-02 6.7130E-02 4.6189E-02 3.9340E-02 2.3713E-02 8.5162E-03 2.7554E-03 6.2090E-04 0
 0 3.4844E-04 7.9160E-04 2.6600E-03 5.3682E-03 1.0268E-02 1.6066E-02 2.4546E-02 1.7439E-02 2.6216E-02 3.2958E-02 3.6301E-02 4.0540E-02 5.3002E-02 5.1403E-02 5.2793E-02 5.5465E-02 6.4527E-02 4.5842E-02 3.8520E-02 2.3975E-02 8.7017E-03 2.6326E-03 7.0495E-04 0
 0 3.3859E-04 8.8466E-04 2.6885E-03 5.4692E-03 1.0414E-02 1.6442E-02 2.4117E-02 1.7836E-02 2.4696E-02 3.2844E-02 3.6126E-02 4.0855E-02 5.2302E-02 5.0440E-02 5.2374E-02 5.5203E-02 6.5686E-02 4.6616E-02 3.8244E-02 2.3205E-02 8.6788E-03 2.8175E-03 6.4740E-04 0
 0 3.4740E-04 8.3977E-04 2.6583E-03 5.3374E-03 1.0536E-02 1.5933E-02 2.4124E-02 1.7800E-02 2.4710E-02 3.2217E-02 3.6464E-02 4.1597E-02 5.2534E-02 5.1757E-02 5.2259E-02 5.4412E-02 6.6453E-02 4.6305E-02 3.7802E-02 2.2463E-02 8.6331E-03 2.6932E-03 6.4361E-04 0
 0 3.2148E-04 7.8284E-04 2.6935E-03 5.3221E-03 1.0241E-02 1.5672E-02 2.4338E-02 1.7196E-02 2.4703E-02 3.2763E-02 3.5791E-02 4.1347E-02 5.2534E-02 5.0722E-02 5.2983E-02 5.5346E-02 6.3950E-02 4.6747E-02 3.7512E-02 2.2190E-02 8.0563E-03 2.7014E-03 6.7693E-04 0
 0 3.5518E-04 8.3977E-04 2.5980E-03 5.2496E-03 1.0387E-02 1.5782E-02 2.3288E-02 1.7219E-02 2.4837E-02 3.1498E-02 3.4446E-02 4.0654E-02 5.2440E-02 5.1277E-02 5.2858E-02 5.4076E-02 6.4126E-02 4.4922E-02 3.7333E-02 2.2804E-02 8.4603E-03 2.5934E-03 6.4740E-04 0
 0 3.6088E-04 8.7371E-04 2.8426E-03 5.2847E-03 1.0092E-02 1.5421E-02 2.2287E-02 1.7083E-02 2.3868E-02 3.1391E-02 3.4569E-02 4.0691E-02 5.1859E-02 5.0414E-02 5.2948E-02 5.4130E-02 6.4728E-02 4.5103E-02 3.7626E-02 2.2380E-02 7.9471E-03 2.5786E-03 6.5649E-04 0
 0 3.3340E-04 8.0583E-04 2.5880E-03 5.1793E-03 9.9061E-03 1.5706E-02 2.2674E-02 1.7076E-02 2.3882E-02 3.0167E-02 3.4968E-02 4.0263E-02 5.1001E-02 5.1086E-02 5.2020E-02 5.4007E-02 6.3669E-02 4.6435E-02 3.7924E-02 2.2649E-02 8.1681E-03 2.4903E-03 6.6254E-04 0
 0 3.5051E-04 7.9817E-04 2.6248E-03 5.1156E-03 9.9061E-03 1.5285E-02 2.2573E-02 1.7129E-02 2.4224E-02 3.1189E-02 3.3623E-02 4.0103E-02 5.0937E-02 5.0980E-02 5.0762E-02 5.4906E-02 6.4703E-02 4.4852E-02 3.6965E-02 2.2438E-02 8.1224E-03 2.5901E-03 6.6330E-04 0
 0 3.5933E-04 7.9269E-04 2.5327E-03 5.2232E-03 1.0307E-02 1.5103E-02 2.2414E-02 1.6909E-02 2.3567E-02 3.0602E-02 3.4777E-02 3.9643E-02 5.0686E-02 4.9733E-02 5.0837E-02 5.3680E-02 6.3494E-02 4.5319E-02 3.5878E-02 2.2100E-02 8.2647E-03 2.4641E-03 6.5043E-04 0
 0 3.3236E-04 8.8685E-04 2.5562E-03 5.0870E-03 9.7732E-03 1.4967E-02 2.2443E-02 1.6542E-02 2.4050E-02 3.0208E-02 3.3994E-02 3.9661E-02 5.0267E-02 4.8497E-02 5.1316E-02 5.3063E-02 6.3945E-02 4.5244E-02 3.6491E-02 2.2024E-02 7.8226E-03 2.5786E-03 6.4134E-04 0
 0 3.4273E-04 8.1021E-04 2.5980E-03 5.0892E-03 9.8689E-03 1.4985E-02 2.2310E-02 1.7042E-02 2.3225E-02 3.0366E-02 3.4108E-02 3.9597E-02 4.9443E-02 4.9688E-02 5.1700E-02 5.3483E-02 6.2902E-02 4.4560E-02 3.4953E-02 2.1730E-02 7.9649E-03 2.7308E-03 6.7012E-04 0
 0 3.4999E-04 8.7043E-04 2.5796E-03 5.0168E-03 9.9380E-03 1.5033E-02 2.1738E-02 1.6569E-02 2.3824E-02 3.0083E-02 3.4349E-02 3.8636E-02 5.0148E-02 4.9607E-02 5.1471E-02 5.1856E-02 6.2074E-02 4.2710E-02 3.5234E-02 2.1782E-02 8.0487E-03 2.4199E-03 6.7845E-04 0
 0 3.3029E-04 7.7736E-04 2.4523E-03 5.2562E-03 9.5898E-03 1.5039E-02 2.2102E-02 1.6646E-02 2.3430E-02 2.9743E-02 3.2886E-02 3.9041E-02 4.9783E-02 4.9390E-02 5.0542E-02 5.3082E-02 6.3574E-02 4.2257E-02 3.6298E-02 2.1913E-02 7.5381E-03 2.4527E-03 6.3529E-04 0
 0 3.1940E-04 8.6714E-04 2.6265E-03 4.8806E-03 9.6855E-03 1.4921E-02 2.2144E-02 1.6772E-02 2.3409E-02 3.0481E-02 3.2886E-02 3.9069E-02 5.0055E-02 4.8139E-02 5.0742E-02 5.2909E-02 6.3253E-02 4.3831E-02 3.5413E-02 2.1222E-02 7.3780E-03 2.4298E-03 6.5346E-04 0
 0 3.2822E-04 8.2006E-04 2.4188E-03 4.7356E-03 9.5526E-03 1.4222E-02 2.0838E-02 1.6552E-02 2.2506E-02 2.9036E-02 3.3289E-02 3.8417E-02 4.9093E-02 4.7942E-02 4.8671E-02 5.1214E-02 6.1648E-02 4.3715E-02 3.4090E-02 2.1613E-02 7.7566E-03 2.3250E-03 6.5876E-04 0
 0 3.2096E-04 8.0255E-04 2.5461E-03 4.9333E-03 9.6695E-03 1.4527E-02 2.1494E-02 1.6209E-02 2.3136E-02 2.9474E-02 3.2515E-02 3.8408E-02 4.8295E-02 4.7972E-02 4.9863E-02 5.0709E-02 6.0755E-02 4.3278E-02 3.4366E-02 2.0849E-02 7.6016E-03 2.5557E-03 6.5422E-04 0
 0 3.3807E-04 8.5072E-04 2.5377E-03 4.9047E-03 9.3719E-03 1.4655E-02 2.0874E-02 1.6082E-02 2.2913E-02 2.7738E-02 3.3102E-02 3.7615E-02 4.7575E-02 4.6812E-02 4.9045E-02 5.1051E-02 6.0695E-02 4.2704E-02 3.4598E-02 2.0110E-02 7.2281E-03 2.5296E-03 6.0424E-04 0
 0 3.2666E-04 7.6423E-04 2.4758E-03 4.9135E-03 9.6403E-03 1.4146E-02 2.0510E-02 1.6069E-02 2.1873E-02 2.8980E-02 3.2327E-02 3.7802E-02 4.8093E-02 4.7609E-02 4.9764E-02 5.1555E-02 5.9225E-02 4.2136E-02 3.5457E-02 2.0393E-02 7.5813E-03 2.4543E-03 6.4437E-04 0
 0 2.9918E-04 7.7736E-04 2.3501E-03 4.9640E-03 9.3533E-03 1.4833E-02 2.0506E-02 1.6212E-02 2.3170E-02 2.8306E-02 3.2462E-02 3.8035E-02 4.7486E-02 4.7453E-02 4.8705E-02 5.0512E-02 5.9125E-02 4.2312E-02 3.3700E-02 2.0656E-02 7.6168E-03 2.4167E-03 6.0273E-04 0
 0 3.2510E-04 7.9050E-04 2.4356E-03 4.7466E-03 8.9811E-03 1.4055E-02 2.0601E-02 1.5879E-02 2.2013E-02 2.8000E-02 3.2079E-02 3.6964E-02 4.7402E-02 4.7443E-02 4.8191E-02 4.9538E-02 5.9270E-02 4.3745E-02 3.3354E-02 2.0228E-02 7.3170E-03 2.4150E-03 6.1938E-04 0
 0 3.4325E-04 8.6495E-04 2.3267E-03 4.7927E-03 9.1858E-03 1.4128E-02 1.9834E-02 1.6145E-02 2.2687E-02 2.7896E-02 3.1822E-02 3.8080E-02 4.8088E-02 4.6923E-02 4.7438E-02 4.9113E-02 6.0529E-02 4.1558E-02 3.4011E-02 2.1178E-02 7.0884E-03 2.4199E-03 6.1257E-04 0
 0 3.4792E-04 8.3101E-04 2.4272E-03 4.7071E-03 9.4250E-03 1.4058E-02 1.9860E-02 1.5945E-02 2.1517E-02 2.6750E-02 3.0685E-02 3.6385E-02 4.7437E-02 4.6444E-02 4.8860E-02 4.9335E-02 5.8478E-02 4.2518E-02 3.3748E-02 2.0034E-02 6.9385E-03 2.3905E-03 6.2014E-04 0
 0 3.1888E-04 8.2992E-04 2.3853E-03 4.6280E-03 9.1725E-03 1.3813E-02 2.0071E-02 1.5382E-02 2.2383E-02 2.7712E-02 3.0126E-02 3.6791E-02 4.6776E-02 4.5838E-02 4.6719E-02 4.8569E-02 5.8648E-02 4.2604E-02 3.4015E-02 2.0383E-02 7.1697E-03 2.3807E-03 6.2090E-04 0
 0 3.2148E-04 7.6423E-04 2.2479E-03 4.5116E-03 9.1406E-03 1.3267E-02 2.0042E-02 1.5148E-02 2.1674E-02 2.6772E-02 3.0905E-02 3.5775E-02 4.6348E-02 4.5177E-02 4.8506E-02 4.9053E-02 5.8553E-02 4.1739E-02 3.3700E-02 2.0497E-02 7.2306E-03 2.3283E-03 5.8758E-04 0
 0 3.2562E-04 7.8831E-04 2.4389E-03 4.6126E-03 8.8217E-03 1.3355E-02 1.9255E-02 1.5161E-02 2.1277E-02 2.6879E-02 3.0811E-02 3.6896E-02 4.6860E-02 4.6282E-02 4.6070E-02 4.8791E-02 5.7359E-02 4.0889E-02 3.3371E-02 2.0134E-02 7.2103E-03 2.4216E-03 6.7390E-04 0
 0 2.9555E-04 7.7955E-04 2.3451E-03 4.7993E-03 9.0024E-03 1.3192E-02 1.9606E-02 1.5151E-02 2.1250E-02 2.6838E-02 3.0889E-02 3.6098E-02 4.6535E-02 4.4799E-02 4.6549E-02 4.9301E-02 5.6516E-02 4.1870E-02 3.3454E-02 1.9433E-02 7.3729E-03 2.5296E-03 6.0803E-04 0
 0 2.9762E-04 7.5985E-04 2.2195E-03 4.6983E-03 8.9599E-03 1.3258E-02 1.8947E-02 1.5628E-02 2.0787E-02 2.6558E-02 2.9833E-02 3.4891E-02 4.5938E-02 4.5561E-02 4.6070E-02 4.9241E-02 5.6622E-02 4.0542E-02 3.2372E-02 1.9858E-02 7.3526E-03 2.2661E-03 5.5805E-04 0
 0 3.0333E-04 7.8612E-04 2.4908E-03 4.5269E-03 8.8057E-03 1.3470E-02 1.8849E-02 1.4875E-02 2.0380E-02 2.6326E-02 3.0322E-02 3.5848E-02 4.6145E-02 4.5172E-02 4.6844E-02 4.7249E-02 5.7911E-02 4.0291E-02 3.2692E-02 1.8984E-02 6.9944E-03 2.3610E-03 6.5043E-04 0
 0 2.9140E-04 7.1605E-04 2.3803E-03 4.6258E-03 9.2549E-03 1.2616E-02 1.9317E-02 1.5031E-02 2.0579E-02 2.5633E-02 3.0717E-02 3.6098E-02 4.6264E-02 4.5142E-02 4.4807E-02 4.8322E-02 5.7173E-02 3.9512E-02 3.1986E-02 1.8932E-02 6.7860E-03 2.3741E-03 6.2241E-04 0
 0 3.2407E-04 7.9817E-04 2.2278E-03 4.3051E-03 8.6648E-03 1.3255E-02 1.8657E-02 1.4685E-02 2.0253E-02 2.5456E-02 3.0615E-02 3.5725E-02 4.4908E-02 4.3911E-02 4.6539E-02 4.7284E-02 5.7138E-02 4.0422E-02 3.2666E-02 1.8919E-02 7.0426E-03 2.1565E-03 6.3756E-04 0
 0 3.3133E-04 6.4160E-04 2.2865E-03 4.4896E-03 9.1831E-03 1.3122E-02 1.8258E-02 1.4975E-02 1.9976E-02 2.5404E-02 2.9572E-02 3.4608E-02 4.4671E-02 4.5172E-02 4.6180E-02 4.6923E-02 5.5704E-02 4.0286E-02 3.2030E-02 1.8877E-02 6.8089E-03 2.3299E-03 6.1636E-04 0
 0 3.0436E-04 8.0145E-04 2.1223E-03 4.5006E-03 8.7738E-03 1.2783E-02 1.8378E-02 1.4858E-02 2.0726E-02 2.5637E-02 2.8985E-02 3.4617E-02 4.4252E-02 4.4330E-02 4.5157E-02 4.7205E-02 5.5373E-02 4.0050E-02 3.2508E-02 1.8946E-02 6.9207E-03 2.1598E-03 5.6411E-04 0
 0 2.9607E-04 8.0145E-04 2.2446E-03 4.5533E-03 8.7286E-03 1.2783E-02 1.8004E-02 1.4805E-02 2.0370E-02 2.6175E-02 2.9209E-02 3.4663E-02 4.3434E-02 4.3043E-02 4.5137E-02 4.7373E-02 5.4811E-02 3.9637E-02 3.1609E-02 1.8746E-02 7.0528E-03 2.3283E-03 5.5957E-04 0
 0 2.8518E-04 7.0839E-04 2.3903E-03 4.4325E-03 8.3512E-03 1.2556E-02 1.7806E-02 1.4785E-02 1.9319E-02 2.4582E-02 2.9588E-02 3.3551E-02 4.3888E-02 4.4113E-02 4.4608E-02 4.6542E-02 5.5819E-02 3.8752E-02 3.1105E-02 1.8404E-02 6.5701E-03 2.1254E-03 6.0727E-04 0
 0 3.1266E-04 7.4561E-04 2.2027E-03 4.3600E-03 8.9094E-03 1.1717E-02 1.7890E-02 1.4735E-02 1.9651E-02 2.3277E-02 2.9572E-02 3.3948E-02 4.4060E-02 4.4264E-02 4.5266E-02 4.7615E-02 5.5077E-02 3.8928E-02 3.1132E-02 1.7972E-02 6.7810E-03 2.2056E-03 5.7471E-04 0
 0 3.1733E-04 7.0291E-04 2.2061E-03 4.1865E-03 8.3858E-03 1.2580E-02 1.7507E-02 1.4841E-02 1.9648E-02 2.3524E-02 2.9540E-02 3.4631E-02 4.3730E-02 4.2236E-02 4.4882E-02 4.5262E-02 5.3968E-02 4.0175E-02 3.0527E-02 1.8366E-02 6.4176E-03 2.2056E-03 6.0348E-04 0
 0 3.0074E-04 7.3795E-04 2.1742E-03 4.2194E-03 8.1147E-03 1.2210E-02 1.6603E-02 1.3857E-02 1.9179E-02 2.3723E-02 2.7987E-02 3.4440E-02 4.3735E-02 4.2342E-02 4.4158E-02 4.5084E-02 5.3667E-02 3.8747E-02 3.0864E-02 1.8255E-02 6.5955E-03 2.1647E-03 5.8531E-04 0
 0 2.7792E-04 8.1459E-04 2.1407E-03 4.5226E-03 8.2981E-03 1.2201E-02 1.6902E-02 1.4658E-02 1.9244E-02 2.2842E-02 2.8561E-02 3.4062E-02 4.2779E-02 4.2786E-02 4.4682E-02 4.7338E-02 5.3883E-02 3.7173E-02 3.0273E-02 1.8490E-02 6.4202E-03 2.2596E-03 6.0803E-04 0
 0 3.0436E-04 7.3904E-04 2.1876E-03 4.3996E-03 8.2476E-03 1.2035E-02 1.6854E-02 1.4258E-02 1.9569E-02 2.3318E-02 2.7763E-02 3.2891E-02 4.3104E-02 4.1131E-02 4.3155E-02 4.6730E-02 5.3893E-02 3.8229E-02 3.0492E-02 1.7886E-02 6.3643E-03 2.2383E-03 5.8228E-04 0
 0 3.0281E-04 7.1386E-04 2.0034E-03 4.3820E-03 7.9924E-03 1.2380E-02 1.7143E-02 1.4331E-02 1.8539E-02 2.3952E-02 2.7913E-02 3.2276E-02 4.2226E-02 4.2412E-02 4.3874E-02 4.6137E-02 5.2549E-02 3.8622E-02 2.9984E-02 1.8221E-02 6.6082E-03 2.2661E-03 5.7698E-04 0
 0 3.0696E-04 6.9196E-04 1.9984E-03 4.3886E-03 8.0774E-03 1.1974E-02 1.7114E-02 1.4014E-02 1.9062E-02 2.3056E-02 2.8085E-02 3.2667E-02 4.2005E-02 4.0848E-02 4.3385E-02 4.4416E-02 5.1756E-02 3.6872E-02 3.0479E-02 1.8107E-02 6.1331E-03 2.1123E-03 6.1030E-04 0
 0 3.0125E-04 6.9306E-04 2.1692E-03 4.2282E-03 7.9977E-03 1.1898E-02 1.6031E-02 1.3827E-02 1.8987E-02 2.3439E-02 2.7225E-02 3.2139E-02 4.0284E-02 4.2503E-02 4.3100E-02 4.4797E-02 5.1616E-02 3.8013E-02 2.9734E-02 1.8086E-02 6.2652E-03 2.2890E-03 5.9440E-04 0
 0 2.7274E-04 7.3576E-04 2.1123E-03 4.2590E-03 8.0509E-03 1.1562E-02 1.6792E-02 1.4064E-02 1.8706E-02 2.2341E-02 2.7701E-02 3.2061E-02 4.2991E-02 4.1277E-02 4.3240E-02 4.4145E-02 5.1500E-02 3.7410E-02 2.9686E-02 1.7226E-02 6.1560E-03 2.0911E-03 5.8152E-04 0
 0 3.0696E-04 7.2262E-04 2.0520E-03 4.2282E-03 8.0987E-03 1.1904E-02 1.6347E-02 1.3294E-02 1.8302E-02 2.3038E-02 2.7184E-02 3.2052E-02 4.2552E-02 4.0707E-02 4.2741E-02 4.4308E-02 5.0387E-02 3.6314E-02 2.9098E-02 1.7616E-02 6.2550E-03 2.0387E-03 6.0348E-04 0
 0 2.8777E-04 6.6240E-04 2.2195E-03 4.0679E-03 8.0402E-03 1.1892E-02 1.6265E-02 1.4288E-02 1.8631E-02 2.3638E-02 2.7791E-02 3.1884E-02 4.1955E-02 4.1166E-02 4.1413E-02 4.4940E-02 5.1034E-02 3.6439E-02 2.9493E-02 1.7036E-02 6.1585E-03 2.1860E-03 5.8001E-04 0
 0 2.9555E-04 6.7883E-04 2.0151E-03 4.0371E-03 7.6628E-03 1.1374E-02 1.5966E-02 1.3787E-02 1.8634E-02 2.1902E-02 2.6515E-02 3.1442E-02 4.0550E-02 3.9400E-02 4.2307E-02 4.4372E-02 5.1470E-02 3.5761E-02 2.8196E-02 1.7316E-02 6.4710E-03 2.2514E-03 6.0348E-04 0
 0 3.1318E-04 6.5693E-04 2.0185E-03 4.0986E-03 7.6734E-03 1.1202E-02 1.6145E-02 1.3917E-02 1.8337E-02 2.1769E-02 2.7163E-02 3.1542E-02 4.0777E-02 3.9299E-02 4.1758E-02 4.3210E-02 5.1089E-02 3.6138E-02 2.8884E-02 1.6580E-02 5.9959E-03 2.0289E-03 5.9818E-04 0
 0 2.6548E-04 6.9525E-04 2.0570E-03 4.0569E-03 7.4821E-03 1.1629E-02 1.5079E-02 1.3864E-02 1.7549E-02 2.1592E-02 2.6136E-02 3.1720E-02 3.9993E-02 4.0076E-02 4.0814E-02 4.3462E-02 5.0231E-02 3.6052E-02 2.9493E-02 1.6449E-02 6.2068E-03 2.1516E-03 5.8152E-04 0
 0 2.7274E-04 6.7664E-04 2.1056E-03 3.7626E-03 7.5273E-03 1.1265E-02 1.5063E-02 1.3167E-02 1.8200E-02 2.1519E-02 2.6511E-02 3.0859E-02 4.0457E-02 3.9930E-02 4.0440E-02 4.3482E-02 4.9298E-02 3.6837E-02 2.8371E-02 1.6715E-02 5.8866E-03 2.0894E-03 5.4745E-04 0
 0 2.9711E-04 6.9415E-04 2.1575E-03 3.9603E-03 7.7558E-03 1.1032E-02 1.5355E-02 1.3454E-02 1.7700E-02 2.1419E-02 2.6075E-02 3.1219E-02 3.9939E-02 4.0006E-02 4.2332E-02 4.3897E-02 4.8496E-02 3.5625E-02 2.8770E-02 1.6811E-02 6.0086E-03 2.0305E-03 5.7168E-04 0
 0 2.9192E-04 6.5255E-04 2.0252E-03 3.8966E-03 7.5246E-03 1.0714E-02 1.5394E-02 1.2977E-02 1.7604E-02 2.1526E-02 2.6650E-02 3.1064E-02 4.0782E-02 3.8976E-02 4.0784E-02 4.1722E-02 4.8686E-02 3.5851E-02 2.7608E-02 1.6307E-02 5.9527E-03 1.9880E-03 5.1111E-04 0
 0 2.8207E-04 7.0948E-04 2.0168E-03 4.0877E-03 7.0701E-03 1.0974E-02 1.5134E-02 1.3257E-02 1.7584E-02 2.0855E-02 2.6153E-02 3.0025E-02 4.0151E-02 3.8951E-02 4.0649E-02 4.2859E-02 4.8014E-02 3.4931E-02 2.7578E-02 1.6366E-02 5.4776E-03 2.1221E-03 5.3685E-04 0
 0 2.7896E-04 7.1167E-04 2.0386E-03 4.0152E-03 7.3226E-03 1.0614E-02 1.4758E-02 1.3034E-02 1.7529E-02 2.0667E-02 2.5228E-02 3.0344E-02 3.8657E-02 3.9552E-02 4.0095E-02 4.2864E-02 5.0372E-02 3.4825E-02 2.6960E-02 1.6483E-02 5.8816E-03 2.0665E-03 5.2322E-04 0
 0 2.9348E-04 7.0072E-04 2.0503E-03 3.7494E-03 7.1286E-03 1.1126E-02 1.4868E-02 1.3160E-02 1.7543E-02 2.0663E-02 2.5179E-02 2.9829E-02 3.9150E-02 3.9219E-02 3.9876E-02 4.2805E-02 4.7698E-02 3.4991E-02 2.7898E-02 1.6331E-02 5.8739E-03 2.0387E-03 5.6941E-04 0
 0 3.1577E-04 6.8211E-04 2.0587E-03 4.0459E-03 7.0462E-03 1.0438E-02 1.4732E-02 1.2567E-02 1.6813E-02 2.0722E-02 2.4857E-02 2.9423E-02 3.7997E-02 3.7902E-02 3.9362E-02 4.1436E-02 4.8099E-02 3.5781E-02 2.7341E-02 1.6169E-02 5.5945E-03 2.0862E-03 5.3382E-04 0
 0 2.8829E-04 7.0839E-04 1.9096E-03 3.6044E-03 7.6097E-03 1.0417E-02 1.4917E-02 1.2363E-02 1.6714E-02 2.0442E-02 2.5317E-02 2.9269E-02 3.8741E-02 3.8048E-02 3.9776E-02 4.2320E-02 4.6991E-02 3.5223E-02 2.6714E-02 1.6166E-02 5.7164E-03 1.9585E-03 5.2322E-04 0
 0 2.9866E-04 7.4561E-04 1.9565E-03 3.9998E-03 7.4874E-03 1.0735E-02 1.4667E-02 1.2850E-02 1.7053E-02 2.0575E-02 2.5024E-02 2.9273E-02 3.7524E-02 3.7034E-02 4.0055E-02 4.1885E-02 4.7402E-02 3.4126E-02 2.6456E-02 1.5654E-02 5.4801E-03 2.0551E-03 5.4821E-04 0
 0 3.1266E-04 7.0510E-04 1.8861E-03 3.8153E-03 7.4103E-03 1.0526E-02 1.4264E-02 1.2567E-02 1.6995E-02 2.0048E-02 2.4624E-02 3.0007E-02 3.9737E-02 3.8285E-02 3.8972E-02 4.1460E-02 4.6459E-02 3.4544E-02 2.7345E-02 1.5419E-02 5.5157E-03 1.9340E-03 5.4064E-04 0
 0 2.5407E-04 6.3612E-04 1.7739E-03 3.7736E-03 7.4103E-03 1.1062E-02 1.4260E-02 1.2480E-02 1.6714E-02 1.9568E-02 2.4058E-02 2.9009E-02 3.7716E-02 3.7589E-02 3.8977E-02 3.9878E-02 4.6810E-02 3.4152E-02 2.6758E-02 1.5368E-02 5.4624E-03 1.9454E-03 5.3231E-04 0
 0 2.6703E-04 7.1496E-04 1.8124E-03 3.6527E-03 7.0196E-03 1.0465E-02 1.3523E-02 1.2767E-02 1.6755E-02 1.9447E-02 2.4967E-02 2.9328E-02 3.7805E-02 3.7599E-02 3.7465E-02 4.0096E-02 4.6579E-02 3.4373E-02 2.6412E-02 1.5115E-02 5.8866E-03 1.9291E-03 4.9218E-04 0
 0 2.6911E-04 6.2518E-04 2.0352E-03 3.7648E-03 7.4289E-03 1.0381E-02 1.3955E-02 1.2140E-02 1.6588E-02 1.9487E-02 2.4050E-02 2.7797E-02 3.6262E-02 3.7326E-02 3.9012E-02 3.8910E-02 4.5777E-02 3.3402E-02 2.7126E-02 1.5001E-02 5.4801E-03 1.9618E-03 5.2549E-04 0
 0 3.0022E-04 6.6131E-04 1.9180E-03 3.7582E-03 7.2987E-03 1.0290E-02 1.3350E-02 1.2517E-02 1.6437E-02 1.9012E-02 2.4294E-02 2.8335E-02 3.7174E-02 3.7190E-02 3.8124E-02 4.0689E-02 4.4924E-02 3.3895E-02 2.6167E-02 1.5399E-02 5.6682E-03 1.9340E-03 5.5199E-04 0
 0 2.8829E-04 7.0510E-04 1.9598E-03 3.7538E-03 6.9292E-03 1.0211E-02 1.3698E-02 1.2467E-02 1.5995E-02 1.9251E-02 2.4274E-02 2.8462E-02 3.7489E-02 3.6857E-02 3.7435E-02 4.0373E-02 4.5175E-02 3.3508E-02 2.6044E-02 1.4062E-02 5.3811E-03 2.0305E-03 5.3836E-04 0
 0 2.7948E-04 6.8868E-04 1.9280E-03 3.8307E-03 7.0887E-03 1.0023E-02 1.3646E-02 1.2303E-02 1.6101E-02 1.8614E-02 2.3284E-02 2.8075E-02 3.6212E-02 3.6988E-02 3.6691E-02 3.8771E-02 4.5807E-02 3.2925E-02 2.5847E-02 1.4321E-02 5.3861E-03 2.0256E-03 5.4064E-04 0
 0 2.7170E-04 6.7773E-04 1.9347E-03 3.5210E-03 6.6581E-03 9.9142E-03 1.3272E-02 1.1923E-02 1.5687E-02 1.8835E-02 2.3809E-02 2.8280E-02 3.7711E-02 3.6257E-02 3.7680E-02 3.9557E-02 4.5972E-02 3.2020E-02 2.5772E-02 1.5216E-02 5.3938E-03 1.8685E-03 5.5351E-04 0
 0 2.6444E-04 6.9415E-04 2.0520E-03 3.4726E-03 7.1419E-03 9.8597E-03 1.3539E-02 1.2640E-02 1.5886E-02 1.8367E-02 2.2799E-02 2.7569E-02 3.6355E-02 3.6368E-02 3.7001E-02 3.9819E-02 4.4006E-02 3.3614E-02 2.5334E-02 1.4774E-02 5.2540E-03 2.0371E-03 5.3761E-04 0
 0 2.7533E-04 6.2518E-04 1.8208E-03 3.6571E-03 6.9133E-03 1.0123E-02 1.3370E-02 1.2480E-02 1.5502E-02 1.8407E-02 2.3895E-02 2.7660E-02 3.6720E-02 3.5142E-02 3.6806E-02 3.9379E-02 4.3986E-02 3.3251E-02 2.4265E-02 1.4183E-02 5.3252E-03 1.9945E-03 4.9748E-04 0
 0 2.5459E-04 6.9744E-04 1.7672E-03 3.6725E-03 6.7565E-03 1.0026E-02 1.2704E-02 1.2030E-02 1.5639E-02 1.8555E-02 2.2925E-02 2.7628E-02 3.6321E-02 3.5328E-02 3.7505E-02 3.9058E-02 4.4006E-02 3.3221E-02 2.6609E-02 1.4235E-02 5.1041E-03 1.8816E-03 5.2549E-04 0
 0 2.6651E-04 6.6459E-04 1.8794E-03 3.4836E-03 6.6422E-03 9.9990E-03 1.2603E-02 1.1933E-02 1.5455E-02 1.8204E-02 2.2864E-02 2.6972E-02 3.6094E-02 3.5288E-02 3.6427E-02 3.8544E-02 4.4422E-02 3.2673E-02 2.5005E-02 1.4632E-02 4.9390E-03 1.8342E-03 5.2398E-04 0
 0 2.6651E-04 6.7773E-04 1.9180E-03 3.6154E-03 6.9345E-03 9.3902E-03 1.2177E-02 1.1956E-02 1.5923E-02 1.7603E-02 2.2591E-02 2.6467E-02 3.5108E-02 3.5364E-02 3.6936E-02 3.8479E-02 4.3234E-02 3.2492E-02 2.4190E-02 1.4314E-02 5.0457E-03 1.7638E-03 5.3836E-04 0
 0 2.7066E-04 6.9196E-04 1.8258E-03 3.3343E-03 6.5119E-03 9.5356E-03 1.2596E-02 1.1583E-02 1.5150E-02 1.7692E-02 2.2073E-02 2.7328E-02 3.5103E-02 3.4662E-02 3.6402E-02 3.8247E-02 4.4427E-02 3.1522E-02 2.5514E-02 1.4034E-02 5.1981E-03 2.0125E-03 5.3988E-04 0
 0 2.9088E-04 6.6240E-04 1.9012E-03 3.4331E-03 6.7458E-03 9.3084E-03 1.2005E-02 1.1873E-02 1.4982E-02 1.7356E-02 2.2652E-02 2.6339E-02 3.6395E-02 3.5626E-02 3.6512E-02 3.8410E-02 4.2822E-02 3.2532E-02 2.4891E-02 1.4318E-02 4.8831E-03 1.8064E-03 5.1944E-04 0
 0 2.5666E-04 6.7554E-04 1.7488E-03 3.5825E-03 6.3551E-03 9.3871E-03 1.2697E-02 1.1500E-02 1.5030E-02 1.7003E-02 2.2411E-02 2.5779E-02 3.5291E-02 3.4451E-02 3.5414E-02 3.7431E-02 4.2898E-02 3.1537E-02 2.4523E-02 1.3969E-02 5.0736E-03 1.9045E-03 5.3988E-04 0
 0 2.7844E-04 6.3941E-04 1.8108E-03 3.4375E-03 6.6368E-03 9.4901E-03 1.1852E-02 1.1520E-02 1.4975E-02 1.6862E-02 2.1841E-02 2.6763E-02 3.3881E-02 3.3870E-02 3.6532E-02 3.7466E-02 4.1794E-02 3.1351E-02 2.4611E-02 1.4086E-02 4.8170E-03 1.6935E-03 5.2776E-04 0
 0 2.7222E-04 6.2408E-04 1.8627E-03 3.3233E-03 6.7485E-03 9.1600E-03 1.1859E-02 1.1389E-02 1.4568E-02 1.6601E-02 2.1739E-02 2.5783E-02 3.4876E-02 3.4920E-02 3.4675E-02 3.7313E-02 4.2602E-02 3.0300E-02 2.4550E-02 1.3761E-02 5.0355E-03 1.8162E-03 5.3685E-04 0
 0 2.8311E-04 6.0766E-04 1.7689E-03 3.5407E-03 6.4721E-03 9.3932E-03 1.1729E-02 1.2013E-02 1.4612E-02 1.6789E-02 2.1527E-02 2.5687E-02 3.4738E-02 3.4057E-02 3.6532E-02 3.7871E-02 4.2135E-02 3.0662E-02 2.3388E-02 1.4034E-02 5.0000E-03 1.8424E-03 5.1489E-04 0
 0 2.6703E-04 6.9634E-04 1.7337E-03 3.5451E-03 6.4481E-03 9.1690E-03 1.1816E-02 1.1159E-02 1.4609E-02 1.5919E-02 2.1878E-02 2.6088E-02 3.4591E-02 3.3537E-02 3.4490E-02 3.7006E-02 4.1132E-02 3.1572E-02 2.3327E-02 1.3419E-02 5.0762E-03 1.7000E-03 5.2776E-04 0
 0 2.7274E-04 6.8101E-04 1.7605E-03 3.3452E-03 6.0867E-03 8.7177E-03 1.1911E-02 1.1520E-02 1.4458E-02 1.6442E-02 2.1450E-02 2.6029E-02 3.4734E-02 3.3593E-02 3.4785E-02 3.7550E-02 4.2100E-02 3.0129E-02 2.4168E-02 1.3026E-02 4.7688E-03 1.7425E-03 5.3231E-04 0
 0 2.5459E-04 7.1277E-04 1.7907E-03 3.3299E-03 6.0734E-03 8.8146E-03 1.1511E-02 1.1076E-02 1.4760E-02 1.6210E-02 2.1755E-02 2.5624E-02 3.3817E-02 3.2619E-02 3.4909E-02 3.7041E-02 4.1629E-02 3.0823E-02 2.3441E-02 1.3271E-02 4.7967E-03 1.6902E-03 5.3609E-04 0
 0 2.5925E-04 6.3831E-04 1.8292E-03 3.3892E-03 6.2754E-03 9.2448E-03 1.1504E-02 1.1303E-02 1.4215E-02 1.6287E-02 2.0985E-02 2.5232E-02 3.3831E-02 3.3749E-02 3.4186E-02 3.6028E-02 4.0936E-02 3.0727E-02 2.3612E-02 1.2822E-02 4.9263E-03 1.7246E-03 4.7022E-04 0
 0 2.5977E-04 6.5364E-04 1.6767E-03 3.2156E-03 6.0973E-03 8.8056E-03 1.1036E-02 1.1259E-02 1.4342E-02 1.6251E-02 2.0687E-02 2.5150E-02 3.4374E-02 3.4466E-02 3.4280E-02 3.7293E-02 4.0028E-02 3.0214E-02 2.2902E-02 1.2704E-02 4.7840E-03 1.8276E-03 5.2852E-04 0
 0 2.7014E-04 6.9196E-04 1.7622E-03 3.2859E-03 6.1744E-03 8.7692E-03 1.1313E-02 1.1550E-02 1.3976E-02 1.5513E-02 2.1270E-02 2.4548E-02 3.2648E-02 3.2922E-02 3.4535E-02 3.7431E-02 4.0921E-02 3.0536E-02 2.2862E-02 1.2991E-02 4.9009E-03 1.6247E-03 4.8763E-04 0
 0 2.6755E-04 6.7335E-04 1.5645E-03 3.0158E-03 6.1744E-03 8.8661E-03 1.1079E-02 1.0772E-02 1.4455E-02 1.5594E-02 2.1401E-02 2.4580E-02 3.2357E-02 3.3199E-02 3.3941E-02 3.6161E-02 4.0991E-02 2.9128E-02 2.2867E-02 1.2915E-02 4.5096E-03 1.7835E-03 5.2625E-04 0
 0 2.7429E-04 6.6240E-04 1.6667E-03 3.1212E-03 6.2408E-03 8.5935E-03 1.0637E-02 1.0822E-02 1.3124E-02 1.5613E-02 2.0549E-02 2.4662E-02 3.3191E-02 3.3028E-02 3.3846E-02 3.5919E-02 3.9978E-02 2.9133E-02 2.3318E-02 1.3381E-02 4.5731E-03 1.7098E-03 5.0656E-04 0
 0 2.6029E-04 6.4379E-04 1.7303E-03 3.3672E-03 5.9325E-03 8.1846E-03 1.0942E-02 1.0486E-02 1.4058E-02 1.5528E-02 2.0406E-02 2.5296E-02 3.3220E-02 3.2957E-02 3.3871E-02 3.4648E-02 3.9191E-02 2.9893E-02 2.3103E-02 1.2055E-02 4.5985E-03 1.8587E-03 5.4291E-04 0
 0 2.4785E-04 6.9963E-04 1.5025E-03 3.2047E-03 5.9830E-03 8.4724E-03 1.1023E-02 1.1123E-02 1.3565E-02 1.5635E-02 2.0871E-02 2.4676E-02 3.2491E-02 3.2044E-02 3.3751E-02 3.5390E-02 3.9386E-02 2.8937E-02 2.2157E-02 1.2863E-02 4.7688E-03 1.7965E-03 4.5735E-04 0
 0 2.7222E-04 6.6021E-04 1.7706E-03 3.3233E-03 6.2275E-03 8.8116E-03 1.0520E-02 1.0809E-02 1.3459E-02 1.4728E-02 2.0255E-02 2.4544E-02 3.2841E-02 3.2417E-02 3.2414E-02 3.5266E-02 3.8980E-02 2.8892E-02 2.2814E-02 1.1951E-02 4.6214E-03 1.7098E-03 5.0732E-04 0
 0 2.5044E-04 6.4269E-04 1.7437E-03 3.0839E-03 6.1026E-03 8.2573E-03 1.0799E-02 1.0829E-02 1.3243E-02 1.5277E-02 2.0170E-02 2.3596E-02 3.2160E-02 3.1625E-02 3.3147E-02 3.5177E-02 3.8383E-02 2.8983E-02 2.2104E-02 1.2238E-02 4.6011E-03 1.6967E-03 4.8309E-04 0
 0 2.6081E-04 6.7445E-04 1.5578E-03 3.3343E-03 5.6454E-03 8.1816E-03 1.0877E-02 1.0676E-02 1.3384E-02 1.5027E-02 2.0170E-02 2.3583E-02 3.2569E-02 3.1287E-02 3.2608E-02 3.4836E-02 3.8373E-02 2.9345E-02 2.2735E-02 1.2400E-02 4.4486E-03 1.8080E-03 4.4372E-04 0
 0 2.4059E-04 5.9561E-04 1.6030E-03 3.1893E-03 5.9245E-03 8.6147E-03 1.0438E-02 1.0479E-02 1.2668E-02 1.3924E-02 1.9652E-02 2.3095E-02 3.1135E-02 3.1292E-02 3.2229E-02 3.4208E-02 3.9567E-02 2.8887E-02 2.2240E-02 1.2646E-02 4.5147E-03 1.8227E-03 5.1262E-04 0
 0 2.6237E-04 6.2518E-04 1.6684E-03 3.0926E-03 6.0654E-03 8.0150E-03 1.0026E-02 1.0806E-02 1.3740E-02 1.4525E-02 1.9644E-02 2.3765E-02 3.1515E-02 3.0646E-02 3.2678E-02 3.4742E-02 3.8860E-02 2.8218E-02 2.2161E-02 1.2604E-02 4.3191E-03 1.6869E-03 4.7325E-04 0
 0 2.3385E-04 5.9561E-04 1.5193E-03 3.1190E-03 5.8501E-03 7.9544E-03 9.7008E-03 1.0496E-02 1.2976E-02 1.4680E-02 1.8825E-02 2.3232E-02 3.2180E-02 3.1645E-02 3.2628E-02 3.3640E-02 3.7917E-02 2.9103E-02 2.1350E-02 1.2190E-02 4.4893E-03 1.5298E-03 4.7022E-04 0
 0 2.4785E-04 6.0656E-04 1.7102E-03 3.1410E-03 5.7810E-03 7.9241E-03 1.0243E-02 1.0599E-02 1.3370E-02 1.4463E-02 1.9118E-02 2.3487E-02 3.1574E-02 3.0979E-02 3.2354E-02 3.4767E-02 3.8283E-02 2.8631E-02 2.0974E-02 1.1865E-02 4.3648E-03 1.7671E-03 4.8385E-04 0
 0 2.5407E-04 6.4269E-04 1.5511E-03 3.0707E-03 5.8873E-03 7.9816E-03 1.0065E-02 1.0606E-02 1.3103E-02 1.4592E-02 1.9122E-02 2.3031E-02 3.1618E-02 2.9889E-02 3.1840E-02 3.3546E-02 3.6492E-02 2.8399E-02 2.0763E-02 1.1668E-02 4.2530E-03 1.8489E-03 4.8688E-04 0
 0 2.4007E-04 6.4707E-04 1.5310E-03 3.0619E-03 5.7544E-03 7.9120E-03 9.4993E-03 1.0686E-02 1.2839E-02 1.3205E-02 1.9131E-02 2.3646E-02 3.1613E-02 3.0666E-02 3.1979E-02 3.3956E-02 3.6813E-02 2.7997E-02 2.1990E-02 1.1250E-02 4.4741E-03 1.5528E-03 4.9369E-04 0
 0 2.7222E-04 6.0437E-04 1.5746E-03 3.1739E-03 5.7411E-03 7.8484E-03 9.8438E-03 1.0349E-02 1.3243E-02 1.3615E-02 1.8299E-02 2.2986E-02 3.1352E-02 3.0424E-02 3.2109E-02 3.3793E-02 3.5674E-02 2.8067E-02 2.2109E-02 1.2010E-02 4.1412E-03 1.6787E-03 4.7022E-04 0
 0 2.5925E-04 6.2408E-04 1.5829E-03 3.0992E-03 5.8793E-03 7.7060E-03 9.9672E-03 1.0142E-02 1.2579E-02 1.3913E-02 1.8768E-02 2.3081E-02 2.9981E-02 2.9768E-02 3.1211E-02 3.3116E-02 3.6853E-02 2.8128E-02 2.1491E-02 1.1827E-02 4.2708E-03 1.6640E-03 4.4599E-04 0
 0 2.4888E-04 5.9123E-04 1.7019E-03 2.9982E-03 5.6082E-03 7.2759E-03 9.5318E-03 1.0309E-02 1.2456E-02 1.3769E-02 1.9021E-02 2.2995E-02 2.9686E-02 2.9430E-02 3.0687E-02 3.3175E-02 3.6005E-02 2.7112E-02 2.0562E-02 1.2059E-02 4.2276E-03 1.7327E-03 4.9066E-04 0
 0 2.7014E-04 5.8467E-04 1.6349E-03 3.0839E-03 5.7650E-03 7.4909E-03 9.6033E-03 9.8920E-03 1.2939E-02 1.3298E-02 1.8756E-02 2.2270E-02 3.1076E-02 2.8986E-02 3.0128E-02 3.3200E-02 3.6467E-02 2.7917E-02 1.9992E-02 1.1786E-02 4.3572E-03 1.5757E-03 5.0808E-04 0
 0 2.6081E-04 5.8467E-04 1.6583E-03 3.0817E-03 5.7837E-03 7.6151E-03 9.4148E-03 1.0039E-02 1.2487E-02 1.3821E-02 1.8116E-02 2.2029E-02 3.0055E-02 2.9940E-02 3.0851E-02 3.1766E-02 3.5494E-02 2.7695E-02 2.0763E-02 1.0570E-02 4.0472E-03 1.5102E-03 5.0505E-04 0
 0 2.4422E-04 6.4598E-04 1.5997E-03 3.0948E-03 5.6162E-03 7.6363E-03 9.5740E-03 9.7286E-03 1.2384E-02 1.3592E-02 1.8743E-02 2.2006E-02 2.9065E-02 3.0560E-02 3.0497E-02 3.2898E-02 3.5519E-02 2.7102E-02 2.0798E-02 1.0960E-02 4.1743E-03 1.6280E-03 4.8763E-04 0
 0 2.4681E-04 6.2080E-04 1.5578E-03 3.0773E-03 5.6614E-03 7.4455E-03 9.2750E-03 1.0099E-02 1.2466E-02 1.3334E-02 1.8299E-02 2.2562E-02 3.0233E-02 2.9057E-02 3.0652E-02 3.3022E-02 3.5133E-02 2.5870E-02 2.0194E-02 1.0601E-02 4.1260E-03 1.5789E-03 4.9520E-04 0
 0 2.3696E-04 5.9123E-04 1.4456E-03 2.8466E-03 5.2468E-03 7.6121E-03 9.2490E-03 9.5818E-03 1.2025E-02 1.2877E-02 1.8218E-02 2.1961E-02 2.8626E-02 2.9299E-02 3.0921E-02 3.1939E-02 3.5077E-02 2.6127E-02 2.0180E-02 1.0608E-02 4.0091E-03 1.6836E-03 4.8915E-04 0
 0 2.5718E-04 5.9561E-04 1.5846E-03 2.7917E-03 5.6640E-03 7.3879E-03 8.9630E-03 1.0072E-02 1.1665E-02 1.3187E-02 1.8214E-02 2.1883E-02 2.8996E-02 2.9309E-02 3.0916E-02 3.2681E-02 3.5694E-02 2.6252E-02 2.0505E-02 1.1354E-02 3.8643E-03 1.5544E-03 4.7022E-04 0
 0 2.5977E-04 6.5474E-04 1.5126E-03 3.0202E-03 5.4009E-03 7.1547E-03 8.9468E-03 9.8653E-03 1.1306E-02 1.2726E-02 1.7492E-02 2.0607E-02 2.8754E-02 2.8850E-02 2.9858E-02 3.1148E-02 3.5143E-02 2.5614E-02 1.9637E-02 1.0981E-02 3.9100E-03 1.5724E-03 4.7627E-04 0
 0 2.4629E-04 6.0985E-04 1.4456E-03 2.7961E-03 5.3664E-03 7.3819E-03 9.1028E-03 1.0025E-02 1.1333E-02 1.2966E-02 1.7403E-02 2.1938E-02 2.8404E-02 2.9541E-02 2.8980E-02 3.1020E-02 3.4521E-02 2.6448E-02 1.9707E-02 1.0839E-02 4.1285E-03 1.5658E-03 5.0732E-04 0
 0 2.5303E-04 5.7043E-04 1.5796E-03 2.8598E-03 5.3079E-03 7.1335E-03 8.7421E-03 9.6285E-03 1.1392E-02 1.2527E-02 1.7704E-02 2.1920E-02 2.8636E-02 2.8007E-02 2.8720E-02 3.1999E-02 3.3272E-02 2.6046E-02 1.9716E-02 1.1026E-02 4.0549E-03 1.6378E-03 4.9823E-04 0
 0 2.2244E-04 5.6934E-04 1.4690E-03 2.8400E-03 5.3079E-03 7.0911E-03 8.8201E-03 9.5351E-03 1.2014E-02 1.2863E-02 1.7427E-02 2.1464E-02 2.8153E-02 2.8134E-02 2.8720E-02 3.1489E-02 3.3543E-02 2.5754E-02 1.9611E-02 1.0483E-02 4.0167E-03 1.5528E-03 4.8082E-04 0
 0 2.5822E-04 5.8904E-04 1.4138E-03 2.6555E-03 5.1909E-03 7.3758E-03 8.5438E-03 9.4617E-03 1.1453E-02 1.2483E-02 1.7778E-02 2.0115E-02 2.8808E-02 2.8007E-02 2.9539E-02 3.2078E-02 3.4059E-02 2.6685E-02 1.9742E-02 1.0988E-02 3.8338E-03 1.5937E-03 4.8839E-04 0
 0 2.3177E-04 6.1861E-04 1.4506E-03 2.6533E-03 5.2388E-03 7.0820E-03 8.6056E-03 9.6819E-03 1.1234E-02 1.1543E-02 1.7032E-02 2.0320E-02 2.8675E-02 2.8603E-02 2.8336E-02 3.1598E-02 3.3357E-02 2.6006E-02 1.9352E-02 1.0701E-02 4.0117E-03 1.5609E-03 4.7703E-04 0
 0 2.1985E-04 5.5948E-04 1.4489E-03 2.8225E-03 5.2414E-03 7.1062E-03 7.9848E-03 9.3183E-03 1.1350E-02 1.2276E-02 1.7064E-02 2.1227E-02 2.7793E-02 2.7780E-02 2.8371E-02 3.1040E-02 3.2911E-02 2.5498E-02 1.8804E-02 1.0207E-02 3.7042E-03 1.5086E-03 5.2701E-04 0
 0 2.4214E-04 6.3175E-04 1.5863E-03 2.8994E-03 5.1697E-03 6.9396E-03 8.6641E-03 9.3050E-03 1.1326E-02 1.2284E-02 1.6583E-02 2.0680E-02 2.7423E-02 2.8204E-02 2.8605E-02 3.0802E-02 3.3021E-02 2.5040E-02 1.8984E-02 1.0601E-02 3.7093E-03 1.6395E-03 4.0283E-04 0
 0 2.5407E-04 5.8686E-04 1.4255E-03 2.8005E-03 5.0580E-03 7.1729E-03 8.9371E-03 9.3917E-03 1.0837E-02 1.1922E-02 1.7354E-02 2.0366E-02 2.6555E-02 2.7458E-02 2.8880E-02 3.0545E-02 3.3141E-02 2.5594E-02 1.8029E-02 1.0159E-02 3.6661E-03 1.6182E-03 4.7097E-04 0
 0 2.3644E-04 6.2846E-04 1.4858E-03 2.8554E-03 5.1431E-03 6.8154E-03 8.1603E-03 9.0449E-03 1.1303E-02 1.1841E-02 1.6624E-02 2.0061E-02 2.8646E-02 2.6403E-02 2.8441E-02 3.0600E-02 3.1687E-02 2.4678E-02 1.8406E-02 1.0211E-02 3.9939E-03 1.4709E-03 4.6492E-04 0
 0 2.3074E-04 5.0255E-04 1.4841E-03 2.7522E-03 5.4833E-03 6.9639E-03 7.6956E-03 9.0348E-03 1.1070E-02 1.2048E-02 1.6261E-02 1.9824E-02 2.6866E-02 2.7584E-02 2.8021E-02 2.9947E-02 3.1556E-02 2.5775E-02 1.8173E-02 1.0535E-02 3.7881E-03 1.5691E-03 4.4523E-04 0
 0 2.3748E-04 5.4853E-04 1.4489E-03 2.7807E-03 5.1723E-03 6.5459E-03 7.8874E-03 9.0182E-03 1.0532E-02 1.1122E-02 1.6836E-02 2.0452E-02 2.7310E-02 2.6691E-02 2.8251E-02 3.0254E-02 3.2198E-02 2.5015E-02 1.8638E-02 9.9584E-03 3.4934E-03 1.5986E-03 4.3236E-04 0
 0 2.2607E-04 5.5839E-04 1.3836E-03 2.7127E-03 4.7524E-03 6.6791E-03 8.0108E-03 9.3484E-03 1.0912E-02 1.1200E-02 1.6824E-02 1.9532E-02 2.6541E-02 2.7079E-02 2.7442E-02 3.0471E-02 3.1767E-02 2.4462E-02 1.8927E-02 1.0249E-02 3.8237E-03 1.4709E-03 4.7476E-04 0
 0 2.2503E-04 5.8248E-04 1.3736E-03 2.6006E-03 4.7710E-03 6.3490E-03 7.9946E-03 8.7180E-03 1.0854E-02 1.1075E-02 1.5935E-02 2.0320E-02 2.7295E-02 2.7114E-02 2.6808E-02 2.9636E-02 3.1652E-02 2.3949E-02 1.7639E-02 1.0010E-02 3.5086E-03 1.4938E-03 4.8915E-04 0
 0 2.2970E-04 5.2116E-04 1.4389E-03 2.6841E-03 4.9650E-03 6.5822E-03 7.5884E-03 8.9148E-03 1.0782E-02 1.1889E-02 1.5772E-02 1.9938E-02 2.6171E-02 2.6792E-02 2.7298E-02 2.8390E-02 3.1511E-02 2.5825E-02 1.8537E-02 1.0404E-02 3.9177E-03 1.4219E-03 4.2403E-04 0
 0 2.2400E-04 5.4744E-04 1.4808E-03 2.8313E-03 5.1325E-03 6.7458E-03 8.1343E-03 8.8047E-03 1.0067E-02 1.0993E-02 1.6196E-02 1.9491E-02 2.6738E-02 2.5212E-02 2.7632E-02 2.9448E-02 3.0292E-02 2.4829E-02 1.7994E-02 9.5992E-03 3.5620E-03 1.5364E-03 4.8763E-04 0
 0 2.1414E-04 5.6058E-04 1.4188E-03 2.4051E-03 4.8268E-03 6.3368E-03 7.6274E-03 8.6980E-03 1.0621E-02 1.0942E-02 1.5499E-02 1.9623E-02 2.6437E-02 2.5727E-02 2.7123E-02 2.9047E-02 3.0367E-02 2.3758E-02 1.7897E-02 9.4230E-03 3.5925E-03 1.4808E-03 4.4826E-04 0
 0 2.4681E-04 6.0218E-04 1.4741E-03 2.6621E-03 4.9703E-03 6.3217E-03 7.9459E-03 8.6847E-03 1.0457E-02 1.0949E-02 1.5153E-02 1.9259E-02 2.5796E-02 2.4985E-02 2.7632E-02 2.8593E-02 3.0463E-02 2.4326E-02 1.7871E-02 9.6371E-03 3.5772E-03 1.3924E-03 4.9369E-04 0
 0 2.3540E-04 5.6386E-04 1.3803E-03 2.6402E-03 4.7338E-03 6.4853E-03 7.5266E-03 8.6947E-03 1.0447E-02 1.1045E-02 1.5695E-02 1.9058E-02 2.5801E-02 2.6358E-02 2.6399E-02 2.8489E-02 3.0453E-02 2.4211E-02 1.7292E-02 9.9066E-03 3.5747E-03 1.4055E-03 4.4977E-04 0
 0 2.4007E-04 5.3211E-04 1.4188E-03 2.5435E-03 4.7763E-03 6.3823E-03 7.5299E-03 8.9081E-03 1.0433E-02 1.0599E-02 1.5181E-02 1.9509E-02 2.5599E-02 2.5041E-02 2.6903E-02 2.8662E-02 3.0428E-02 2.4055E-02 1.7380E-02 9.3401E-03 3.8643E-03 1.3057E-03 4.6037E-04 0
 0 2.3125E-04 6.1423E-04 1.3367E-03 2.5128E-03 4.7763E-03 6.2581E-03 7.0229E-03 9.1549E-03 9.9470E-03 1.0322E-02 1.5324E-02 1.8584E-02 2.5496E-02 2.5238E-02 2.6664E-02 2.9225E-02 3.1125E-02 2.3899E-02 1.7227E-02 9.0603E-03 3.6712E-03 1.4284E-03 4.2630E-04 0
 0 2.2970E-04 5.1240E-04 1.4054E-03 2.5897E-03 4.8188E-03 6.1581E-03 7.4064E-03 8.3612E-03 1.0053E-02 1.0547E-02 1.5658E-02 1.8912E-02 2.5456E-02 2.5661E-02 2.6419E-02 2.8785E-02 3.0092E-02 2.3220E-02 1.6881E-02 9.7650E-03 3.4426E-03 1.4693E-03 4.5659E-04 0
 0 2.5303E-04 5.9780E-04 1.3669E-03 2.6687E-03 4.9517E-03 6.2066E-03 7.1984E-03 8.7547E-03 1.0135E-02 1.0411E-02 1.5234E-02 1.8557E-02 2.5589E-02 2.5712E-02 2.6928E-02 2.8405E-02 3.0282E-02 2.3467E-02 1.6578E-02 9.1190E-03 3.4730E-03 1.3548E-03 4.6946E-04 0
 0 2.4474E-04 5.7919E-04 1.4623E-03 2.6973E-03 4.6992E-03 6.1188E-03 7.0944E-03 8.9048E-03 9.7485E-03 1.0267E-02 1.5128E-02 1.8534E-02 2.5412E-02 2.4556E-02 2.5486E-02 2.7569E-02 2.9781E-02 2.3150E-02 1.7271E-02 9.2330E-03 3.4680E-03 1.3908E-03 4.3387E-04 0
 0 2.2244E-04 5.9999E-04 1.3585E-03 2.5369E-03 4.5504E-03 5.9158E-03 6.8962E-03 8.7480E-03 9.8786E-03 1.0241E-02 1.4484E-02 1.8525E-02 2.5032E-02 2.5757E-02 2.6190E-02 2.8632E-02 2.9113E-02 2.3145E-02 1.6933E-02 9.1881E-03 3.4476E-03 1.5037E-03 4.5053E-04 0
 0 2.3592E-04 5.9452E-04 1.4439E-03 2.6270E-03 4.5238E-03 6.1612E-03 6.9839E-03 8.7514E-03 9.7964E-03 1.0381E-02 1.4423E-02 1.8758E-02 2.4934E-02 2.5349E-02 2.4972E-02 2.7970E-02 2.9289E-02 2.2919E-02 1.7179E-02 8.9014E-03 3.2825E-03 1.4235E-03 4.1191E-04 0
 0 2.1363E-04 5.6496E-04 1.3853E-03 2.4359E-03 4.4414E-03 6.2732E-03 6.7857E-03 8.3145E-03 9.9094E-03 1.0393E-02 1.4509E-02 1.8179E-02 2.5072E-02 2.4607E-02 2.5371E-02 2.7471E-02 2.8873E-02 2.2476E-02 1.6429E-02 8.7080E-03 3.4527E-03 1.3171E-03 4.3463E-04 0
 0 2.3125E-04 5.0802E-04 1.3334E-03 2.5391E-03 4.4839E-03 5.6614E-03 6.9871E-03 8.3678E-03 9.6972E-03 9.8874E-03 1.4847E-02 1.7719E-02 2.4934E-02 2.4572E-02 2.4797E-02 2.7031E-02 2.8717E-02 2.3582E-02 1.6762E-02 8.7218E-03 2.9979E-03 1.4284E-03 4.3690E-04 0
 0 2.0792E-04 5.4415E-04 1.3652E-03 2.6160E-03 4.7577E-03 5.8946E-03 6.7922E-03 8.1711E-03 9.2659E-03 9.7142E-03 1.5218E-02 1.8439E-02 2.4579E-02 2.4052E-02 2.5626E-02 2.7520E-02 2.7493E-02 2.2687E-02 1.6793E-02 8.7874E-03 3.3130E-03 1.4219E-03 4.5204E-04 0
 0 2.3800E-04 5.3211E-04 1.3920E-03 2.4139E-03 4.4866E-03 6.0430E-03 6.6492E-03 8.3745E-03 9.7964E-03 9.7068E-03 1.4529E-02 1.7928E-02 2.4032E-02 2.4516E-02 2.4652E-02 2.7955E-02 2.8105E-02 2.1797E-02 1.6403E-02 8.8081E-03 3.3231E-03 1.4922E-03 4.4447E-04 0
 0 2.1933E-04 5.4744E-04 1.1524E-03 2.3151E-03 4.4361E-03 6.1097E-03 6.4802E-03 8.2878E-03 9.1187E-03 9.3824E-03 1.4366E-02 1.7842E-02 2.3770E-02 2.4375E-02 2.5561E-02 2.7317E-02 2.7985E-02 2.2149E-02 1.6640E-02 8.8945E-03 3.3282E-03 1.2402E-03 4.2479E-04 0
 0 2.2451E-04 5.4306E-04 1.3350E-03 2.4337E-03 4.3882E-03 5.8128E-03 6.9059E-03 7.8475E-03 9.8615E-03 9.5040E-03 1.4615E-02 1.7532E-02 2.3366E-02 2.4092E-02 2.5870E-02 2.7322E-02 2.6485E-02 2.2159E-02 1.5899E-02 8.5145E-03 3.2622E-03 1.4562E-03 3.9828E-04 0
 0 2.1829E-04 5.5839E-04 1.3769E-03 2.4447E-03 4.3058E-03 5.6311E-03 6.6524E-03 8.3678E-03 9.4473E-03 9.3934E-03 1.4085E-02 1.8225E-02 2.4199E-02 2.4319E-02 2.4587E-02 2.7782E-02 2.7824E-02 2.2024E-02 1.6508E-02 8.2727E-03 3.4019E-03 1.4071E-03 4.2933E-04 0
 0 2.2037E-04 5.5948E-04 1.2781E-03 2.3656E-03 4.2208E-03 6.0309E-03 6.4542E-03 8.1877E-03 9.2693E-03 9.2718E-03 1.3820E-02 1.7769E-02 2.3805E-02 2.4092E-02 2.5156E-02 2.7144E-02 2.7839E-02 2.2245E-02 1.6311E-02 8.3556E-03 3.4273E-03 1.4562E-03 4.6416E-04 0
 0 2.2088E-04 5.3211E-04 1.3585E-03 2.2075E-03 4.1783E-03 5.3918E-03 6.5289E-03 7.9743E-03 9.1392E-03 9.3234E-03 1.4448E-02 1.7186E-02 2.2602E-02 2.3340E-02 2.4547E-02 2.7075E-02 2.7167E-02 2.1234E-02 1.5680E-02 8.0793E-03 3.0386E-03 1.3695E-03 4.1873E-04 0
 0 2.1466E-04 5.7810E-04 1.2731E-03 2.4073E-03 4.3138E-03 5.8522E-03 6.0772E-03 8.1477E-03 8.9236E-03 9.0727E-03 1.3641E-02 1.6844E-02 2.3627E-02 2.3658E-02 2.4612E-02 2.6437E-02 2.6921E-02 2.1139E-02 1.6539E-02 7.9135E-03 3.2368E-03 1.3597E-03 4.2100E-04 0
 0 2.1518E-04 5.5072E-04 1.2044E-03 2.4117E-03 4.2660E-03 5.7583E-03 6.0577E-03 8.0877E-03 8.8757E-03 9.6183E-03 1.3824E-02 1.6894E-02 2.3332E-02 2.2801E-02 2.4532E-02 2.6596E-02 2.7017E-02 2.1601E-02 1.5689E-02 8.7149E-03 3.2571E-03 1.2795E-03 4.4220E-04 0
 0 2.1622E-04 5.9671E-04 1.3133E-03 2.3568E-03 4.1916E-03 5.5493E-03 6.0934E-03 7.9142E-03 8.5573E-03 8.7593E-03 1.3889E-02 1.7218E-02 2.3938E-02 2.3275E-02 2.4333E-02 2.6190E-02 2.6635E-02 2.2074E-02 1.4987E-02 8.1346E-03 3.2622E-03 1.2550E-03 4.2024E-04 0
 0 2.2918E-04 5.6277E-04 1.1893E-03 2.2580E-03 4.2979E-03 5.7553E-03 6.0024E-03 7.6341E-03 9.0742E-03 8.2617E-03 1.4293E-02 1.7341E-02 2.3514E-02 2.2997E-02 2.4363E-02 2.5992E-02 2.6595E-02 2.1606E-02 1.5097E-02 7.9653E-03 3.0716E-03 1.3335E-03 3.7708E-04 0
 0 2.4733E-04 5.2116E-04 1.2463E-03 2.3173E-03 4.2580E-03 5.5765E-03 5.9537E-03 8.0643E-03 9.0400E-03 8.5898E-03 1.3107E-02 1.6680E-02 2.3238E-02 2.3315E-02 2.4198E-02 2.4742E-02 2.6821E-02 2.1712E-02 1.5101E-02 7.9861E-03 3.1504E-03 1.2697E-03 4.1873E-04 0
 0 2.3437E-04 5.1897E-04 1.2278E-03 2.4469E-03 4.2341E-03 5.0343E-03 6.1812E-03 8.1444E-03 8.7182E-03 8.9289E-03 1.3290E-02 1.6757E-02 2.2464E-02 2.2705E-02 2.3819E-02 2.5340E-02 2.6119E-02 2.1249E-02 1.5325E-02 8.2727E-03 2.8582E-03 1.3253E-03 4.0737E-04 0
 0 2.3177E-04 5.2445E-04 1.2731E-03 2.2119E-03 4.0852E-03 5.5190E-03 5.8140E-03 7.5440E-03 8.5608E-03 8.5529E-03 1.3535E-02 1.6133E-02 2.2439E-02 2.2695E-02 2.3664E-02 2.4603E-02 2.6495E-02 1.9721E-02 1.5877E-02 8.3971E-03 2.9243E-03 1.3122E-03 4.0586E-04 0
 0 2.2918E-04 6.0766E-04 1.1910E-03 2.3766E-03 4.1038E-03 5.5190E-03 6.1097E-03 7.7675E-03 8.6395E-03 8.1216E-03 1.3074E-02 1.6238E-02 2.2641E-02 2.2457E-02 2.2970E-02 2.5142E-02 2.5798E-02 2.0269E-02 1.5448E-02 8.3211E-03 3.1707E-03 1.2370E-03 3.7481E-04 0
 0 2.3229E-04 5.4525E-04 1.2278E-03 2.2646E-03 4.0161E-03 5.4039E-03 5.6677E-03 8.0010E-03 8.6908E-03 8.1216E-03 1.2630E-02 1.6835E-02 2.3223E-02 2.2659E-02 2.3384E-02 2.5350E-02 2.5256E-02 2.1194E-02 1.5071E-02 7.8617E-03 3.0513E-03 1.3891E-03 4.2857E-04 0
 0 2.2451E-04 4.9270E-04 1.1608E-03 2.1591E-03 3.9816E-03 5.1313E-03 5.7977E-03 8.0910E-03 8.1397E-03 7.8488E-03 1.2769E-02 1.5801E-02 2.2084E-02 2.1948E-02 2.3320E-02 2.4742E-02 2.6134E-02 2.0560E-02 1.4983E-02 7.6648E-03 3.0437E-03 1.2484E-03 3.8844E-04 0
 0 2.0222E-04 5.4306E-04 1.2798E-03 2.3239E-03 4.1676E-03 5.7189E-03 5.8140E-03 7.8242E-03 8.2869E-03 8.1289E-03 1.2830E-02 1.6202E-02 2.2188E-02 2.1943E-02 2.3639E-02 2.4811E-02 2.5487E-02 2.0782E-02 1.5009E-02 7.4610E-03 3.0894E-03 1.3613E-03 4.1343E-04 0
 0 2.1155E-04 5.0036E-04 1.2546E-03 2.3173E-03 4.2022E-03 5.4463E-03 5.7132E-03 7.7442E-03 8.3793E-03 8.1584E-03 1.2475E-02 1.6584E-02 2.1922E-02 2.1332E-02 2.3010E-02 2.5182E-02 2.4694E-02 1.9897E-02 1.5136E-02 8.2002E-03 2.7032E-03 1.3384E-03 4.1721E-04 0
 0 2.0326E-04 4.8394E-04 1.2965E-03 2.3327E-03 4.0693E-03 5.1404E-03 5.6970E-03 7.6341E-03 8.2698E-03 8.3428E-03 1.2801E-02 1.5477E-02 2.2375E-02 2.2336E-02 2.3379E-02 2.4272E-02 2.5161E-02 1.9550E-02 1.4987E-02 8.2244E-03 3.0259E-03 1.1682E-03 3.9753E-04 0
 0 2.1518E-04 4.5985E-04 1.1256E-03 2.2075E-03 4.1198E-03 5.1797E-03 5.7295E-03 7.5140E-03 8.0576E-03 8.5345E-03 1.2561E-02 1.5600E-02 2.1912E-02 2.2357E-02 2.2581E-02 2.4396E-02 2.4950E-02 2.0500E-02 1.4264E-02 7.9204E-03 2.9852E-03 1.2926E-03 3.8011E-04 0
 0 1.9859E-04 5.3211E-04 1.2144E-03 2.2602E-03 4.1411E-03 4.9889E-03 5.4565E-03 7.5874E-03 8.3211E-03 8.0073E-03 1.2773E-02 1.5486E-02 2.2198E-02 2.1161E-02 2.2930E-02 2.4188E-02 2.4378E-02 2.0641E-02 1.4356E-02 7.5681E-03 2.8125E-03 1.2861E-03 3.9450E-04 0
 0 2.1259E-04 5.3540E-04 1.1843E-03 2.3107E-03 3.9417E-03 4.9738E-03 5.5995E-03 7.7942E-03 7.9994E-03 7.7160E-03 1.2736E-02 1.5883E-02 2.0655E-02 2.1701E-02 2.1687E-02 2.4435E-02 2.4263E-02 2.0455E-02 1.4470E-02 7.3298E-03 2.8938E-03 1.2157E-03 3.3922E-04 0
 0 1.8096E-04 5.2554E-04 1.1809E-03 2.1460E-03 3.9577E-03 5.0283E-03 5.0372E-03 7.7375E-03 7.8317E-03 7.7640E-03 1.2369E-02 1.5778E-02 2.0729E-02 2.1403E-02 2.2162E-02 2.4183E-02 2.3395E-02 1.9630E-02 1.3879E-02 7.1743E-03 2.8252E-03 1.3319E-03 4.0661E-04 0
 0 2.1570E-04 5.3978E-04 1.1457E-03 2.1086E-03 4.0932E-03 4.8829E-03 5.2420E-03 7.3573E-03 7.6503E-03 7.7234E-03 1.2092E-02 1.5609E-02 2.0793E-02 2.0656E-02 2.2246E-02 2.3397E-02 2.4112E-02 1.9776E-02 1.4238E-02 7.5543E-03 2.7591E-03 1.2451E-03 3.7027E-04 0
 0 1.9548E-04 4.3248E-04 1.1910E-03 2.1482E-03 4.0587E-03 4.7133E-03 5.4565E-03 7.4073E-03 7.5510E-03 7.8414E-03 1.1782E-02 1.4716E-02 2.1241E-02 2.1655E-02 2.1842E-02 2.4040E-02 2.4087E-02 1.9384E-02 1.3730E-02 7.2261E-03 2.7566E-03 1.2026E-03 4.0434E-04 0
 0 2.0326E-04 5.2773E-04 1.1139E-03 2.0976E-03 4.0135E-03 4.8799E-03 5.1380E-03 7.6274E-03 7.9207E-03 7.4690E-03 1.2520E-02 1.4730E-02 2.1049E-02 2.1352E-02 2.1328E-02 2.3605E-02 2.3530E-02 1.9474E-02 1.4054E-02 7.3159E-03 2.7286E-03 1.1846E-03 4.2706E-04 0
 0 1.9703E-04 4.8065E-04 1.1977E-03 2.2184E-03 3.7424E-03 4.9859E-03 5.2680E-03 7.3373E-03 8.0028E-03 7.8414E-03 1.1770E-02 1.5751E-02 2.0822E-02 2.0697E-02 2.1857E-02 2.4045E-02 2.3791E-02 1.9208E-02 1.4313E-02 7.2158E-03 2.6016E-03 1.2877E-03 4.1646E-04 0
 0 2.2814E-04 5.1240E-04 1.1357E-03 2.1306E-03 3.7796E-03 5.1464E-03 5.3655E-03 7.4206E-03 7.8933E-03 7.6497E-03 1.1941E-02 1.4589E-02 2.1493E-02 2.1368E-02 2.1598E-02 2.3452E-02 2.3154E-02 1.9444E-02 1.4001E-02 7.3608E-03 2.9268E-03 1.2042E-03 3.8087E-04 0
 0 2.0222E-04 4.8613E-04 1.0821E-03 2.0845E-03 3.7929E-03 4.8374E-03 5.1412E-03 6.9837E-03 7.6092E-03 7.5833E-03 1.1807E-02 1.4739E-02 2.0453E-02 2.0555E-02 2.1083E-02 2.3016E-02 2.2728E-02 1.9711E-02 1.3252E-02 7.0672E-03 2.7769E-03 1.2141E-03 3.9753E-04 0
 0 1.9444E-04 5.2007E-04 1.2161E-03 2.2756E-03 3.8035E-03 4.6799E-03 5.0112E-03 7.3039E-03 7.5544E-03 7.5207E-03 1.2072E-02 1.4853E-02 1.9896E-02 2.0414E-02 2.1103E-02 2.2680E-02 2.3350E-02 1.9173E-02 1.3370E-02 6.9084E-03 2.5940E-03 1.2141E-03 4.2024E-04 0
 0 2.0066E-04 4.8065E-04 1.1072E-03 2.0867E-03 3.7822E-03 4.7072E-03 4.7058E-03 7.2105E-03 7.6776E-03 7.6313E-03 1.1742E-02 1.5017E-02 1.9989E-02 2.0126E-02 2.1488E-02 2.2468E-02 2.3209E-02 1.8257E-02 1.3572E-02 6.5975E-03 2.6169E-03 1.3008E-03 3.6648E-04 0
 0 2.0948E-04 4.9051E-04 1.1809E-03 2.1284E-03 3.5085E-03 4.7314E-03 4.9138E-03 7.1105E-03 7.5133E-03 7.4432E-03 1.1897E-02 1.5217E-02 1.9205E-02 2.0046E-02 2.2211E-02 2.2987E-02 2.2883E-02 1.8715E-02 1.2731E-02 7.1536E-03 2.6067E-03 1.2582E-03 3.9147E-04 0
 0 2.1933E-04 5.0255E-04 1.1106E-03 2.0427E-03 3.7663E-03 4.7405E-03 4.7870E-03 7.0738E-03 7.5681E-03 7.0193E-03 1.1509E-02 1.4593E-02 2.0379E-02 2.0338E-02 2.1637E-02 2.2601E-02 2.2297E-02 1.9112E-02 1.3309E-02 7.0016E-03 2.5584E-03 1.1895E-03 3.5134E-04 0
 0 1.8874E-04 5.6386E-04 1.1759E-03 2.0295E-03 3.8141E-03 4.4225E-03 4.2735E-03 7.2172E-03 7.5578E-03 7.2147E-03 1.1204E-02 1.3527E-02 2.0083E-02 1.9990E-02 2.1717E-02 2.2473E-02 2.1669E-02 1.8428E-02 1.2915E-02 6.8082E-03 2.5965E-03 1.1355E-03 3.8541E-04 0
 0 1.7837E-04 5.2883E-04 1.0838E-03 2.2031E-03 3.7025E-03 4.6406E-03 5.1217E-03 6.9604E-03 7.4620E-03 7.5207E-03 1.1791E-02 1.4830E-02 2.0157E-02 2.0106E-02 2.0669E-02 2.2389E-02 2.1313E-02 1.8981E-02 1.3186E-02 6.5422E-03 2.6270E-03 1.1961E-03 3.8087E-04 0
 0 2.0274E-04 4.5328E-04 1.1206E-03 2.1240E-03 3.6865E-03 4.5709E-03 4.8878E-03 6.8337E-03 7.4380E-03 6.9566E-03 1.1416E-02 1.4302E-02 1.9215E-02 1.9793E-02 2.1493E-02 2.2601E-02 2.2628E-02 1.7724E-02 1.3546E-02 6.8565E-03 2.5991E-03 1.1388E-03 3.9147E-04 0
 0 1.9651E-04 5.1569E-04 1.1256E-03 2.0427E-03 3.5430E-03 4.3074E-03 4.9138E-03 6.6135E-03 7.0136E-03 6.5843E-03 1.1163E-02 1.3413E-02 1.8427E-02 1.9385E-02 2.0509E-02 2.1380E-02 2.1358E-02 1.8016E-02 1.2538E-02 6.3246E-03 2.5228E-03 1.2091E-03 3.7860E-04 0
 0 1.9289E-04 5.2554E-04 1.0469E-03 2.0647E-03 3.7184E-03 4.4103E-03 4.6375E-03 7.1338E-03 6.8938E-03 7.2036E-03 1.0947E-02 1.3586E-02 1.8915E-02 1.9526E-02 2.0435E-02 2.2048E-02 2.1830E-02 1.7689E-02 1.2950E-02 6.7425E-03 2.7566E-03 1.2746E-03 3.7860E-04 0
 0 2.0326E-04 4.7956E-04 1.1089E-03 1.9878E-03 3.6600E-03 4.1105E-03 4.7220E-03 6.9737E-03 7.1300E-03 7.0488E-03 1.1416E-02 1.3618E-02 1.9915E-02 1.9985E-02 2.1163E-02 2.2097E-02 2.1940E-02 1.7669E-02 1.2647E-02 6.7495E-03 2.5178E-03 1.1028E-03 4.1494E-04 0
 0 2.0481E-04 5.2226E-04 1.1658E-03 2.0295E-03 3.7955E-03 4.2437E-03 4.7025E-03 6.8270E-03 7.2840E-03 6.8386E-03 1.1220E-02 1.3992E-02 1.9319E-02 1.9375E-02 1.9466E-02 2.2043E-02 2.1434E-02 1.7704E-02 1.2582E-02 6.3177E-03 2.4466E-03 1.1699E-03 3.6800E-04 0
 0 1.9600E-04 5.2116E-04 1.0988E-03 2.0230E-03 3.4527E-03 4.2104E-03 4.4035E-03 6.7103E-03 7.0581E-03 6.7649E-03 1.1061E-02 1.3855E-02 1.8619E-02 1.9163E-02 2.0050E-02 2.1825E-02 2.1228E-02 1.6950E-02 1.3199E-02 6.1899E-03 2.3577E-03 1.1732E-03 3.5285E-04 0
 0 1.9807E-04 5.0802E-04 1.0302E-03 1.9768E-03 3.5005E-03 4.4073E-03 4.7838E-03 6.6436E-03 7.0512E-03 6.7059E-03 1.0686E-02 1.4160E-02 1.8974E-02 1.9768E-02 1.9861E-02 2.1800E-02 2.1183E-02 1.8016E-02 1.2507E-02 6.4593E-03 2.5838E-03 1.1126E-03 3.7860E-04 0
 0 2.0170E-04 5.6824E-04 1.1072E-03 1.9702E-03 3.6547E-03 4.2135E-03 4.3580E-03 6.8037E-03 6.9451E-03 6.5105E-03 1.0507E-02 1.3135E-02 1.8274E-02 1.9410E-02 2.0569E-02 2.1524E-02 2.1328E-02 1.7483E-02 1.2227E-02 6.4351E-03 2.4085E-03 1.1437E-03 3.5967E-04 0
 0 1.8511E-04 4.4343E-04 1.0251E-03 1.9373E-03 3.6626E-03 4.3437E-03 4.4555E-03 6.7503E-03 6.9828E-03 6.1824E-03 1.0111E-02 1.3869E-02 1.9063E-02 1.8623E-02 1.9656E-02 2.2364E-02 2.0451E-02 1.8484E-02 1.2831E-02 6.4109E-03 2.6270E-03 1.1552E-03 3.7784E-04 0
 0 2.0377E-04 4.8941E-04 1.1039E-03 1.9483E-03 3.4686E-03 4.5043E-03 4.7415E-03 6.8537E-03 6.6302E-03 6.3078E-03 1.0515E-02 1.3372E-02 1.9329E-02 1.8653E-02 1.9821E-02 2.1257E-02 2.0757E-02 1.7111E-02 1.2380E-02 6.0172E-03 2.3704E-03 1.2304E-03 3.7935E-04 0
 0 2.0014E-04 5.4306E-04 1.0285E-03 1.9812E-03 3.5962E-03 4.0650E-03 4.2573E-03 6.6869E-03 6.7226E-03 6.2156E-03 1.1090E-02 1.3987E-02 1.8190E-02 1.9243E-02 1.9945E-02 2.1148E-02 1.9874E-02 1.7921E-02 1.2748E-02 6.5837E-03 2.5660E-03 1.0881E-03 4.0586E-04 0
 0 1.9548E-04 5.0693E-04 1.0938E-03 1.8670E-03 3.4792E-03 4.1953E-03 4.6083E-03 6.6369E-03 6.6850E-03 6.3225E-03 1.0303E-02 1.3431E-02 1.8372E-02 1.8572E-02 1.9451E-02 2.1375E-02 1.9969E-02 1.7136E-02 1.1880E-02 5.9964E-03 2.2764E-03 1.0488E-03 3.9601E-04 0
 0 1.8874E-04 4.4781E-04 1.1340E-03 2.1152E-03 3.3995E-03 4.3619E-03 4.0948E-03 6.3334E-03 6.6713E-03 6.3151E-03 1.0580E-02 1.2876E-02 1.8160E-02 1.8300E-02 1.9227E-02 2.0387E-02 1.9939E-02 1.7136E-02 1.1907E-02 6.2935E-03 2.4822E-03 1.0504E-03 3.6572E-04 0
 0 1.8874E-04 4.6861E-04 1.0235E-03 1.9856E-03 3.1178E-03 4.0711E-03 4.0590E-03 6.3101E-03 6.4625E-03 6.4220E-03 1.0723E-02 1.2543E-02 1.8141E-02 1.8406E-02 1.9167E-02 2.0629E-02 2.0295E-02 1.7031E-02 1.1841E-02 6.1208E-03 2.4517E-03 1.0423E-03 3.7330E-04 0
 0 2.0170E-04 5.3868E-04 1.0134E-03 1.9285E-03 3.6334E-03 4.1771E-03 4.2183E-03 6.5168E-03 6.4865E-03 6.1013E-03 1.0173E-02 1.2876E-02 1.8032E-02 1.7831E-02 1.9346E-02 2.0614E-02 2.0165E-02 1.6648E-02 1.2643E-02 5.7339E-03 2.3069E-03 1.0423E-03 3.6270E-04 0
 0 1.8926E-04 4.8394E-04 9.5312E-04 1.7616E-03 3.3011E-03 4.5376E-03 4.2508E-03 6.6536E-03 6.4077E-03 6.0681E-03 9.4675E-03 1.3322E-02 1.7968E-02 1.8053E-02 1.8318E-02 2.0970E-02 2.0335E-02 1.6704E-02 1.1543E-02 5.9066E-03 2.3806E-03 1.0995E-03 3.9374E-04 0
 0 1.6126E-04 5.1897E-04 1.0402E-03 1.7594E-03 3.4420E-03 3.8893E-03 4.1468E-03 6.4635E-03 6.2605E-03 5.6479E-03 1.0083E-02 1.2192E-02 1.7460E-02 1.7800E-02 1.8727E-02 2.1321E-02 1.9322E-02 1.6734E-02 1.1915E-02 6.2382E-03 2.2917E-03 1.1273E-03 3.7557E-04 0
 0 1.8355E-04 4.3795E-04 9.7992E-04 1.7945E-03 3.2746E-03 3.7803E-03 3.8218E-03 6.2500E-03 6.4009E-03 5.8654E-03 9.8221E-03 1.2725E-02 1.7322E-02 1.8381E-02 1.9277E-02 2.0515E-02 1.9001E-02 1.6412E-02 1.2012E-02 5.9343E-03 2.3348E-03 1.1617E-03 3.7027E-04 0
 0 1.9081E-04 5.2445E-04 1.0369E-03 1.7572E-03 3.2267E-03 3.9651E-03 3.9940E-03 6.0266E-03 6.4180E-03 6.1640E-03 9.6550E-03 1.2265E-02 1.7431E-02 1.7609E-02 1.9401E-02 2.0718E-02 1.8735E-02 1.6880E-02 1.1670E-02 5.9654E-03 2.2307E-03 1.0733E-03 3.7178E-04 0
 0 1.8044E-04 4.9270E-04 1.1139E-03 2.0274E-03 3.4340E-03 3.9984E-03 3.4643E-03 6.3567E-03 6.2297E-03 5.9059E-03 9.7813E-03 1.2816E-02 1.7525E-02 1.7377E-02 1.8997E-02 2.0283E-02 1.9518E-02 1.7232E-02 1.1258E-02 5.7028E-03 2.2967E-03 1.1502E-03 3.6194E-04 0
 0 1.8096E-04 4.8941E-04 1.0670E-03 1.8846E-03 3.3543E-03 4.1105E-03 3.8771E-03 6.2367E-03 6.4899E-03 5.9502E-03 9.8139E-03 1.2598E-02 1.6908E-02 1.7775E-02 1.9267E-02 2.0214E-02 1.8886E-02 1.6905E-02 1.1517E-02 5.6752E-03 2.4314E-03 1.0553E-03 3.4225E-04 0
 0 1.7059E-04 5.0036E-04 1.0302E-03 1.7462E-03 3.1045E-03 3.5349E-03 3.8673E-03 6.0866E-03 6.6953E-03 5.4709E-03 9.5286E-03 1.2192E-02 1.6282E-02 1.7962E-02 1.8473E-02 1.9610E-02 1.9202E-02 1.6181E-02 1.1626E-02 6.0414E-03 2.1900E-03 1.0750E-03 3.5891E-04 0
 0 1.7785E-04 5.0693E-04 1.0452E-03 1.7967E-03 3.3330E-03 4.0802E-03 3.6626E-03 5.9298E-03 6.5891E-03 5.7363E-03 9.6020E-03 1.2466E-02 1.7046E-02 1.7200E-02 1.8663E-02 2.0322E-02 1.8876E-02 1.6930E-02 1.0750E-02 5.5232E-03 2.3552E-03 1.0488E-03 3.4755E-04 0
 0 1.7266E-04 5.0145E-04 9.2631E-04 1.9856E-03 3.3224E-03 3.9681E-03 3.7406E-03 6.4635E-03 6.3975E-03 5.8433E-03 1.0042E-02 1.2242E-02 1.6287E-02 1.7422E-02 1.7919E-02 1.9779E-02 1.8916E-02 1.5572E-02 1.1030E-02 5.1225E-03 2.2561E-03 1.0864E-03 3.6497E-04 0
 0 1.9496E-04 4.5109E-04 9.9834E-04 1.7704E-03 3.0327E-03 4.0711E-03 3.9616E-03 6.3601E-03 5.7403E-03 5.2645E-03 9.7650E-03 1.1604E-02 1.6065E-02 1.7447E-02 1.8338E-02 1.9314E-02 1.8650E-02 1.5919E-02 1.0960E-02 5.2538E-03 2.2383E-03 1.1192E-03 3.4074E-04 0
 0 1.8511E-04 4.4452E-04 9.1961E-04 1.9285E-03 3.3198E-03 3.7227E-03 3.8576E-03 6.1200E-03 5.6923E-03 5.5410E-03 9.4471E-03 1.2106E-02 1.5952E-02 1.6620E-02 1.7789E-02 1.9803E-02 1.7672E-02 1.6492E-02 1.1337E-02 5.7270E-03 2.3399E-03 1.1257E-03 3.4377E-04 0
 0 1.6540E-04 4.6094E-04 9.9164E-04 1.7330E-03 3.0805E-03 3.9318E-03 3.5781E-03 6.5402E-03 5.9011E-03 5.5557E-03 9.5123E-03 1.1764E-02 1.6401E-02 1.7245E-02 1.7335E-02 1.8711E-02 1.8108E-02 1.5341E-02 1.0929E-02 5.2365E-03 2.2866E-03 1.0341E-03 3.3468E-04 0
 0 1.5970E-04 5.0802E-04 9.5647E-04 1.7791E-03 3.4792E-03 4.0226E-03 3.5911E-03 6.0766E-03 6.0175E-03 5.4820E-03 9.3289E-03 1.2133E-02 1.5735E-02 1.7377E-02 1.7984E-02 1.9185E-02 1.7968E-02 1.6523E-02 1.0846E-02 5.7167E-03 2.2256E-03 1.0406E-03 3.6118E-04 0
 0 1.8407E-04 4.5985E-04 9.3469E-04 1.6056E-03 3.1018E-03 3.8015E-03 3.5488E-03 6.0432E-03 6.2879E-03 5.1354E-03 8.8317E-03 1.2056E-02 1.6460E-02 1.6292E-02 1.8089E-02 1.8904E-02 1.8976E-02 1.5401E-02 1.0522E-02 5.6269E-03 2.1926E-03 9.6863E-04 3.6421E-04 0
 0 1.6437E-04 4.1058E-04 1.0369E-03 1.8143E-03 3.0460E-03 3.8076E-03 3.4091E-03 6.1066E-03 5.8977E-03 5.5594E-03 9.0396E-03 1.2142E-02 1.6272E-02 1.6680E-02 1.7639E-02 1.9190E-02 1.7571E-02 1.5643E-02 1.0671E-02 5.6027E-03 2.1367E-03 1.0210E-03 3.8011E-04 0
 0 1.6540E-04 5.1678E-04 9.4809E-04 1.7352E-03 2.8147E-03 3.5683E-03 3.6626E-03 5.7498E-03 5.8121E-03 5.0469E-03 8.7461E-03 1.1732E-02 1.6332E-02 1.6812E-02 1.7919E-02 1.9289E-02 1.7366E-02 1.5225E-02 1.0561E-02 5.1744E-03 2.0122E-03 9.3263E-04 3.9298E-04 0
 0 1.7111E-04 5.0583E-04 1.0570E-03 1.6693E-03 2.9742E-03 3.9651E-03 3.5683E-03 5.9098E-03 5.6821E-03 5.5336E-03 9.2596E-03 1.1267E-02 1.6065E-02 1.6998E-02 1.7614E-02 1.9472E-02 1.7832E-02 1.5623E-02 1.0737E-02 5.3816E-03 1.9563E-03 9.7354E-04 3.6270E-04 0
 0 1.9600E-04 4.5437E-04 1.0218E-03 1.7682E-03 3.1284E-03 3.7076E-03 3.2986E-03 6.2900E-03 5.5862E-03 5.0359E-03 8.8154E-03 1.1700E-02 1.6420E-02 1.6625E-02 1.7325E-02 1.7945E-02 1.7702E-02 1.5763E-02 1.0846E-02 5.1502E-03 2.1418E-03 1.1224E-03 3.4074E-04 0
 0 1.7370E-04 4.5109E-04 1.0034E-03 1.8407E-03 3.1284E-03 3.5895E-03 3.5488E-03 5.5530E-03 5.9662E-03 4.7262E-03 9.0681E-03 1.0898E-02 1.5065E-02 1.6468E-02 1.7624E-02 1.8582E-02 1.7591E-02 1.5613E-02 1.0092E-02 5.0569E-03 2.0808E-03 1.0570E-03 3.5285E-04 0
 0 1.6955E-04 5.1897E-04 8.6434E-04 1.7682E-03 3.1045E-03 3.6410E-03 3.1816E-03 5.8698E-03 5.6855E-03 5.1354E-03 8.5423E-03 1.1222E-02 1.5656E-02 1.6146E-02 1.6881E-02 1.8686E-02 1.7431E-02 1.5039E-02 1.0728E-02 5.3574E-03 2.1240E-03 1.0177E-03 3.5664E-04 0
 0 1.7370E-04 4.2481E-04 9.3469E-04 1.8934E-03 3.1204E-03 3.4925E-03 3.3246E-03 5.6697E-03 5.5794E-03 5.2608E-03 8.4445E-03 1.1700E-02 1.5686E-02 1.6312E-02 1.6741E-02 1.8933E-02 1.7902E-02 1.5014E-02 1.0680E-02 5.1122E-03 2.0452E-03 1.0226E-03 3.5891E-04 0
 0 1.6644E-04 4.7737E-04 8.8109E-04 1.6803E-03 3.1284E-03 3.4380E-03 3.2791E-03 5.6530E-03 5.4322E-03 5.1723E-03 9.3045E-03 1.1176E-02 1.5291E-02 1.6004E-02 1.6786E-02 1.8127E-02 1.7601E-02 1.4828E-02 1.0430E-02 5.1398E-03 1.9995E-03 1.0226E-03 3.2256E-04 0
 0 2.0222E-04 4.2591E-04 1.0184E-03 1.8099E-03 3.0061E-03 3.5198E-03 3.2271E-03 5.6864E-03 5.3945E-03 4.6746E-03 8.5220E-03 1.1390E-02 1.5582E-02 1.6408E-02 1.7035E-02 1.8152E-02 1.7421E-02 1.4200E-02 1.0101E-02 5.0845E-03 1.9792E-03 9.7026E-04 3.7254E-04 0
 0 1.7214E-04 4.6751E-04 8.2246E-04 1.9131E-03 2.9662E-03 3.4562E-03 3.4123E-03 5.8832E-03 5.1070E-03 4.6820E-03 8.7665E-03 1.1304E-02 1.5267E-02 1.6206E-02 1.6831E-02 1.8058E-02 1.6046E-02 1.4315E-02 1.0373E-02 4.7599E-03 2.1189E-03 1.0406E-03 3.2862E-04 0
 0 1.7733E-04 4.8065E-04 8.7941E-04 1.7330E-03 2.9609E-03 3.4410E-03 3.3278E-03 5.9465E-03 5.3261E-03 4.7520E-03 8.6850E-03 1.0853E-02 1.5607E-02 1.5273E-02 1.6656E-02 1.7959E-02 1.6453E-02 1.5240E-02 9.6498E-03 5.1156E-03 1.9944E-03 9.8990E-04 3.0894E-04 0
 0 1.8044E-04 4.4781E-04 8.3754E-04 1.7220E-03 2.8520E-03 3.5198E-03 3.2011E-03 5.5797E-03 5.3808E-03 4.9253E-03 8.8725E-03 1.0511E-02 1.5203E-02 1.5666E-02 1.6526E-02 1.7475E-02 1.6378E-02 1.4647E-02 1.0417E-02 5.0915E-03 1.9741E-03 1.0603E-03 3.3165E-04 0
 0 1.6748E-04 4.7627E-04 9.4642E-04 1.6188E-03 3.0832E-03 3.4441E-03 3.0093E-03 5.9565E-03 5.4630E-03 4.8331E-03 8.8806E-03 1.0680E-02 1.5070E-02 1.5944E-02 1.6277E-02 1.8320E-02 1.6142E-02 1.4280E-02 1.0123E-02 4.6148E-03 2.2307E-03 9.7517E-04 3.6270E-04 0
 0 1.8977E-04 4.6861E-04 9.3134E-04 1.6408E-03 2.7988E-03 3.4350E-03 3.1231E-03 5.2361E-03 5.0009E-03 4.3797E-03 8.3426E-03 1.1409E-02 1.4996E-02 1.6045E-02 1.5957E-02 1.7470E-02 1.6362E-02 1.4280E-02 9.6454E-03 4.5008E-03 1.8547E-03 9.8499E-04 3.6118E-04 0
 0 1.8200E-04 4.4233E-04 9.8327E-04 1.7638E-03 2.8360E-03 3.5380E-03 2.9541E-03 5.5430E-03 5.5246E-03 4.6746E-03 8.5342E-03 1.0807E-02 1.4892E-02 1.5954E-02 1.6971E-02 1.7490E-02 1.6453E-02 1.4431E-02 9.9215E-03 4.9602E-03 1.9487E-03 1.0570E-03 3.3847E-04 0
 0 1.8770E-04 4.7956E-04 9.9499E-04 1.7967E-03 2.7297E-03 3.3047E-03 3.0126E-03 5.3028E-03 5.3364E-03 4.5824E-03 8.7583E-03 1.0757E-02 1.4103E-02 1.5005E-02 1.6377E-02 1.7702E-02 1.5806E-02 1.4511E-02 9.4876E-03 4.5871E-03 1.9741E-03 9.3263E-04 3.4604E-04 0
 0 1.6903E-04 4.2481E-04 9.8829E-04 1.5859E-03 2.8387E-03 3.0351E-03 3.1393E-03 5.2995E-03 4.8434E-03 4.6488E-03 7.6579E-03 1.0957E-02 1.4813E-02 1.6166E-02 1.6007E-02 1.7287E-02 1.6127E-02 1.4144E-02 9.7681E-03 4.8635E-03 2.0249E-03 9.8663E-04 3.3847E-04 0
 0 1.5037E-04 4.9270E-04 1.0687E-03 1.6254E-03 2.8573E-03 3.2108E-03 2.8469E-03 5.5130E-03 4.9701E-03 4.7668E-03 8.1552E-03 1.0807E-02 1.4680E-02 1.5152E-02 1.6042E-02 1.6654E-02 1.5740E-02 1.4074E-02 9.6585E-03 4.3039E-03 2.1036E-03 9.9972E-04 3.3544E-04 0
 0 1.8563E-04 4.9051E-04 9.2631E-04 1.5375E-03 2.8121E-03 3.2017E-03 3.0873E-03 5.4463E-03 5.3329E-03 4.2027E-03 8.7543E-03 1.0871E-02 1.4759E-02 1.5419E-02 1.5623E-02 1.7658E-02 1.4873E-02 1.3943E-02 9.1064E-03 5.0984E-03 1.8293E-03 9.1300E-04 3.2786E-04 0
 0 1.7007E-04 4.2153E-04 9.7322E-04 1.5881E-03 2.7058E-03 3.2866E-03 2.8794E-03 5.4029E-03 5.0043E-03 4.2838E-03 7.6783E-03 1.0397E-02 1.4281E-02 1.5626E-02 1.6292E-02 1.7035E-02 1.5274E-02 1.4748E-02 9.3343E-03 4.6735E-03 1.8623E-03 9.7845E-04 3.5134E-04 0
 0 1.7837E-04 4.1605E-04 9.0286E-04 1.6034E-03 3.0327E-03 3.3683E-03 3.0548E-03 5.4763E-03 4.9153E-03 4.1732E-03 7.7639E-03 1.0229E-02 1.4108E-02 1.5464E-02 1.6706E-02 1.6981E-02 1.5620E-02 1.4190E-02 9.5052E-03 4.5768E-03 1.8724E-03 1.0308E-03 3.2332E-04 0
 0 1.5918E-04 4.5109E-04 9.7489E-04 1.6671E-03 2.7669E-03 3.0594E-03 2.9541E-03 5.4563E-03 5.0420E-03 4.0036E-03 7.6620E-03 1.0178E-02 1.4335E-02 1.4889E-02 1.5383E-02 1.7025E-02 1.5480E-02 1.4220E-02 9.3956E-03 4.8048E-03 1.8521E-03 9.3590E-04 3.2862E-04 0
 0 1.7163E-04 4.3467E-04 9.6652E-04 1.6056E-03 2.7616E-03 3.1048E-03 2.8989E-03 5.2862E-03 4.9872E-03 4.3649E-03 7.9514E-03 1.0033E-02 1.4784E-02 1.4899E-02 1.6182E-02 1.6116E-02 1.5204E-02 1.3817E-02 9.5008E-03 4.6562E-03 1.7048E-03 9.2936E-04 3.1726E-04 0
 0 1.6333E-04 3.8540E-04 9.0454E-04 1.4870E-03 2.7935E-03 2.9291E-03 3.0126E-03 5.4496E-03 5.0933E-03 4.2138E-03 7.7721E-03 9.7091E-03 1.3852E-02 1.4904E-02 1.5992E-02 1.7178E-02 1.4602E-02 1.3692E-02 9.6717E-03 4.4801E-03 1.9182E-03 9.9154E-04 3.4149E-04 0
 0 1.6540E-04 4.4343E-04 9.2631E-04 1.5837E-03 2.7749E-03 3.0988E-03 2.7234E-03 5.5997E-03 4.8743E-03 4.1990E-03 7.8576E-03 1.0383E-02 1.4039E-02 1.4677E-02 1.5079E-02 1.7089E-02 1.4722E-02 1.3913E-02 8.9004E-03 4.6666E-03 1.9156E-03 9.3918E-04 3.3468E-04 0
 0 1.5711E-04 3.8759E-04 8.5429E-04 1.5419E-03 2.6207E-03 3.1260E-03 2.7234E-03 5.3462E-03 4.9324E-03 4.2949E-03 8.0329E-03 1.0087E-02 1.4232E-02 1.4814E-02 1.5249E-02 1.6185E-02 1.4617E-02 1.4305E-02 8.9092E-03 4.2797E-03 1.8166E-03 1.0128E-03 3.3619E-04 0
 0 1.7422E-04 4.4014E-04 9.1794E-04 1.4804E-03 2.9689E-03 3.0382E-03 2.6551E-03 5.3229E-03 5.1686E-03 3.9705E-03 7.7639E-03 9.9324E-03 1.3758E-02 1.4536E-02 1.5433E-02 1.6897E-02 1.4928E-02 1.3938E-02 9.0056E-03 4.1416E-03 1.9487E-03 9.9972E-04 3.2711E-04 0
 0 1.5503E-04 4.2591E-04 8.9281E-04 1.6298E-03 2.5144E-03 3.1139E-03 3.0613E-03 5.0127E-03 4.7955E-03 4.1917E-03 7.5968E-03 9.9734E-03 1.3566E-02 1.4743E-02 1.5423E-02 1.5517E-02 1.4682E-02 1.3129E-02 9.0845E-03 4.2832E-03 1.8648E-03 1.0030E-03 3.3241E-04 0
 0 1.6540E-04 3.7664E-04 9.1794E-04 1.6693E-03 2.9237E-03 3.0200E-03 2.6779E-03 5.2562E-03 4.7681E-03 3.9963E-03 7.5846E-03 9.6317E-03 1.3581E-02 1.4814E-02 1.4969E-02 1.5700E-02 1.5103E-02 1.3913E-02 9.0626E-03 4.1416E-03 1.7835E-03 9.0482E-04 3.2256E-04 0
 0 1.7318E-04 4.3138E-04 9.7154E-04 1.5881E-03 2.5676E-03 2.9473E-03 2.6519E-03 5.1928E-03 4.6483E-03 3.9299E-03 7.1567E-03 9.9278E-03 1.2910E-02 1.4940E-02 1.4789E-02 1.5661E-02 1.4632E-02 1.3476E-02 9.1546E-03 4.2659E-03 1.8013E-03 9.5227E-04 3.1651E-04 0
 0 1.6177E-04 4.3029E-04 8.5931E-04 1.6693E-03 2.6845E-03 3.1684E-03 2.6551E-03 5.3062E-03 4.3950E-03 4.1364E-03 7.4786E-03 9.3674E-03 1.2851E-02 1.4526E-02 1.4989E-02 1.5596E-02 1.4140E-02 1.3003E-02 8.8084E-03 4.2659E-03 1.9741E-03 8.5737E-04 3.3468E-04 0
 0 1.7007E-04 4.9270E-04 8.6434E-04 1.6583E-03 2.7031E-03 2.9503E-03 2.8501E-03 5.2328E-03 4.3642E-03 3.6387E-03 7.5724E-03 9.9825E-03 1.2654E-02 1.3774E-02 1.5303E-02 1.5137E-02 1.4070E-02 1.3234E-02 8.9311E-03 4.0172E-03 1.8470E-03 8.5737E-04 3.0818E-04 0
 0 1.7992E-04 4.3138E-04 9.0956E-04 1.5793E-03 2.7324E-03 2.8807E-03 2.7721E-03 5.2495E-03 4.6415E-03 3.8636E-03 7.6906E-03 9.8549E-03 1.2960E-02 1.4309E-02 1.4235E-02 1.5888E-02 1.4226E-02 1.2636E-02 8.7426E-03 4.0932E-03 1.7784E-03 8.8845E-04 3.4301E-04 0
 0 1.5503E-04 4.0948E-04 8.6601E-04 1.6078E-03 2.7908E-03 3.0321E-03 2.6129E-03 4.8493E-03 4.5970E-03 3.8377E-03 7.3156E-03 9.5496E-03 1.2659E-02 1.4021E-02 1.4675E-02 1.6051E-02 1.4577E-02 1.3606E-02 8.6243E-03 4.1968E-03 1.8750E-03 8.4919E-04 3.0439E-04 0
 0 1.5089E-04 4.3576E-04 9.1626E-04 1.4716E-03 2.4772E-03 2.8776E-03 2.5186E-03 5.1161E-03 4.7339E-03 3.9115E-03 7.6253E-03 9.4312E-03 1.3379E-02 1.3340E-02 1.4580E-02 1.6254E-02 1.4170E-02 1.3279E-02 8.6199E-03 3.9723E-03 1.6971E-03 9.0645E-04 3.2181E-04 0
 0 1.5296E-04 3.8649E-04 8.0068E-04 1.5771E-03 2.5303E-03 2.7171E-03 2.3789E-03 5.0494E-03 4.7613E-03 3.5723E-03 7.5601E-03 1.0010E-02 1.3660E-02 1.3582E-02 1.4774E-02 1.5265E-02 1.3995E-02 1.3119E-02 8.8566E-03 3.8376E-03 1.7073E-03 9.4572E-04 3.5058E-04 0
 0 1.5763E-04 4.3029E-04 7.0856E-04 1.4936E-03 2.7563E-03 2.8352E-03 2.5414E-03 5.1428E-03 4.7613E-03 3.5096E-03 7.2585E-03 9.2854E-03 1.2615E-02 1.3048E-02 1.3956E-02 1.5967E-02 1.3423E-02 1.2938E-02 8.3526E-03 3.8376E-03 1.8674E-03 9.7681E-04 3.1575E-04 0
 0 1.5866E-04 4.5656E-04 8.6434E-04 1.5112E-03 2.3363E-03 2.9412E-03 2.7526E-03 5.2095E-03 4.4122E-03 3.8193E-03 7.0507E-03 9.4403E-03 1.2250E-02 1.3830E-02 1.4265E-02 1.4954E-02 1.3784E-02 1.2299E-02 8.4578E-03 3.9619E-03 1.6489E-03 9.5390E-04 3.4377E-04 0
 0 1.8874E-04 4.6094E-04 7.9231E-04 1.4914E-03 2.7377E-03 2.9140E-03 2.4764E-03 4.8226E-03 4.4875E-03 3.6055E-03 7.0914E-03 9.6317E-03 1.2329E-02 1.3860E-02 1.4305E-02 1.5344E-02 1.3579E-02 1.3219E-02 7.9232E-03 4.0138E-03 1.6844E-03 9.3100E-04 3.1196E-04 0
 0 1.6955E-04 4.4124E-04 8.1911E-04 1.4277E-03 2.4798E-03 2.6535E-03 2.4471E-03 5.0427E-03 4.3197E-03 3.5207E-03 7.3278E-03 9.0758E-03 1.2422E-02 1.3845E-02 1.4455E-02 1.5003E-02 1.4261E-02 1.2133E-02 8.6419E-03 4.1726E-03 1.7124E-03 9.2282E-04 3.2938E-04 0
 0 1.7422E-04 4.3905E-04 8.6099E-04 1.7001E-03 2.5782E-03 2.6504E-03 2.3886E-03 4.5491E-03 4.2444E-03 3.7308E-03 7.2626E-03 9.1350E-03 1.2235E-02 1.3658E-02 1.3736E-02 1.5483E-02 1.3087E-02 1.1882E-02 8.4052E-03 3.8687E-03 1.7124E-03 8.7864E-04 3.2181E-04 0
 0 1.5970E-04 4.1715E-04 7.8058E-04 1.4014E-03 2.4533E-03 2.9019E-03 2.3106E-03 4.7826E-03 4.2889E-03 3.6165E-03 7.2056E-03 8.8890E-03 1.2491E-02 1.3219E-02 1.4515E-02 1.5122E-02 1.2776E-02 1.2691E-02 8.2606E-03 4.0345E-03 1.6412E-03 9.7845E-04 3.3014E-04 0
 0 1.5244E-04 4.1386E-04 8.5764E-04 1.4431E-03 2.5862E-03 2.6414E-03 2.6616E-03 4.6625E-03 4.5012E-03 3.4875E-03 7.2422E-03 9.2170E-03 1.2482E-02 1.3249E-02 1.3556E-02 1.5448E-02 1.3072E-02 1.2731E-02 8.3570E-03 4.0068E-03 1.7911E-03 8.7864E-04 3.3392E-04 0
 0 1.7059E-04 3.7116E-04 8.0738E-04 1.5661E-03 2.3629E-03 2.7716E-03 2.2391E-03 4.9493E-03 4.0185E-03 3.6682E-03 6.6676E-03 8.5154E-03 1.2521E-02 1.3290E-02 1.3816E-02 1.4761E-02 1.2866E-02 1.2560E-02 8.5805E-03 3.9861E-03 1.5574E-03 8.6391E-04 3.1499E-04 0
 0 1.5244E-04 4.4890E-04 8.0571E-04 1.4409E-03 2.6260E-03 2.5626E-03 2.4211E-03 4.7959E-03 4.0493E-03 3.3106E-03 6.8551E-03 9.5314E-03 1.2487E-02 1.3749E-02 1.3966E-02 1.4509E-02 1.3498E-02 1.2555E-02 8.3000E-03 3.8134E-03 1.5523E-03 8.2955E-04 2.9909E-04 0
 0 1.4777E-04 4.5766E-04 8.6434E-04 1.4716E-03 2.6234E-03 2.7231E-03 2.2781E-03 5.3395E-03 4.4190E-03 3.4396E-03 6.4271E-03 9.3856E-03 1.2531E-02 1.3537E-02 1.4076E-02 1.4830E-02 1.3177E-02 1.2198E-02 7.5419E-03 3.6580E-03 1.5803E-03 8.9500E-04 3.0288E-04 0
 0 1.5555E-04 3.8430E-04 7.6216E-04 1.4453E-03 2.4958E-03 2.5202E-03 2.2326E-03 4.7092E-03 4.1897E-03 3.4027E-03 6.9040E-03 9.2991E-03 1.2432E-02 1.3254E-02 1.3546E-02 1.4553E-02 1.2896E-02 1.1681E-02 8.2343E-03 3.6891E-03 1.5396E-03 8.9336E-04 3.4225E-04 0
 0 1.5037E-04 4.4452E-04 7.7891E-04 1.5397E-03 2.4320E-03 2.6868E-03 2.1611E-03 4.6392E-03 3.9603E-03 3.3695E-03 6.5086E-03 9.2535E-03 1.2156E-02 1.3613E-02 1.3367E-02 1.4613E-02 1.2575E-02 1.1932E-02 7.7084E-03 4.1277E-03 1.5142E-03 8.1155E-04 2.8092E-04 0
 0 1.5244E-04 4.6094E-04 8.7271E-04 1.3970E-03 2.3470E-03 2.5293E-03 2.1514E-03 4.8126E-03 4.2821E-03 3.1225E-03 6.8510E-03 8.8981E-03 1.2038E-02 1.3098E-02 1.3541E-02 1.4672E-02 1.2701E-02 1.1786E-02 8.0196E-03 3.7167E-03 1.6006E-03 8.6064E-04 3.1348E-04 0
 0 1.6748E-04 4.2372E-04 8.3921E-04 1.3882E-03 2.3948E-03 2.4990E-03 2.3204E-03 5.0727E-03 4.4122E-03 3.3732E-03 6.3986E-03 8.3878E-03 1.1742E-02 1.2543E-02 1.3816E-02 1.4578E-02 1.2194E-02 1.2022E-02 7.9407E-03 3.8169E-03 1.7149E-03 8.1973E-04 3.0061E-04 0
 0 1.5452E-04 4.2262E-04 7.6551E-04 1.2718E-03 2.3842E-03 2.4475E-03 2.1741E-03 4.8426E-03 3.9877E-03 3.2811E-03 6.1867E-03 8.5929E-03 1.1624E-02 1.3487E-02 1.3467E-02 1.4880E-02 1.2490E-02 1.2364E-02 8.3176E-03 3.7409E-03 1.7225E-03 8.7373E-04 3.0515E-04 0
 0 1.5763E-04 4.5000E-04 7.6216E-04 1.5595E-03 2.6287E-03 2.5232E-03 2.2164E-03 4.8026E-03 4.1212E-03 3.2479E-03 6.3212E-03 8.9118E-03 1.1545E-02 1.2876E-02 1.3836E-02 1.4717E-02 1.2931E-02 1.1575E-02 7.9933E-03 3.5543E-03 1.6311E-03 8.3937E-04 3.3922E-04 0
 0 1.6852E-04 4.7627E-04 7.9733E-04 1.4694E-03 2.3124E-03 2.5626E-03 2.3301E-03 4.5658E-03 3.9295E-03 3.5096E-03 6.6024E-03 8.7660E-03 1.1668E-02 1.3451E-02 1.3307E-02 1.3787E-02 1.2806E-02 1.1872E-02 7.4849E-03 3.9067E-03 1.5549E-03 9.2772E-04 3.1121E-04 0
 0 1.3896E-04 4.0620E-04 6.8343E-04 1.5156E-03 2.1981E-03 2.5111E-03 2.3009E-03 4.7726E-03 3.9364E-03 3.2589E-03 6.7369E-03 8.7159E-03 1.1545E-02 1.2821E-02 1.3142E-02 1.4108E-02 1.2615E-02 1.2465E-02 7.2877E-03 3.4196E-03 1.5371E-03 8.3282E-04 3.1726E-04 0
 0 1.5815E-04 4.0182E-04 7.3536E-04 1.3728E-03 2.3310E-03 2.5141E-03 2.2131E-03 4.4757E-03 4.1589E-03 3.3142E-03 6.5739E-03 8.2511E-03 1.1589E-02 1.2679E-02 1.2708E-02 1.3955E-02 1.1908E-02 1.1927E-02 7.4937E-03 3.2676E-03 1.5345E-03 7.9846E-04 2.7638E-04 0
 0 1.5192E-04 4.2372E-04 8.1073E-04 1.3135E-03 2.3549E-03 2.4960E-03 2.0474E-03 4.6758E-03 4.0938E-03 3.0599E-03 6.6472E-03 8.4061E-03 1.1333E-02 1.2185E-02 1.3556E-02 1.4331E-02 1.2560E-02 1.1977E-02 7.3710E-03 3.4334E-03 1.5549E-03 8.3282E-04 3.1272E-04 0
 0 1.5866E-04 4.6313E-04 7.8896E-04 1.4585E-03 2.2778E-03 2.4960E-03 2.2391E-03 4.5191E-03 3.6831E-03 3.1373E-03 6.6268E-03 8.9938E-03 1.1101E-02 1.2402E-02 1.2898E-02 1.3352E-02 1.1853E-02 1.0961E-02 7.6339E-03 3.6234E-03 1.6133E-03 7.9519E-04 3.1348E-04 0
 0 1.6229E-04 4.0401E-04 7.5043E-04 1.4387E-03 2.2885E-03 2.5626E-03 2.2164E-03 4.8459E-03 3.5359E-03 3.1484E-03 6.0970E-03 8.6430E-03 1.1486E-02 1.2432E-02 1.3112E-02 1.4202E-02 1.2390E-02 1.0625E-02 7.2571E-03 3.6580E-03 1.6285E-03 8.6228E-04 3.1499E-04 0
 0 1.6022E-04 4.2591E-04 8.5596E-04 1.3882E-03 2.3337E-03 2.4445E-03 1.9889E-03 4.5991E-03 3.5907E-03 3.0857E-03 6.4190E-03 8.1965E-03 1.1525E-02 1.2281E-02 1.3197E-02 1.3619E-02 1.1652E-02 1.1153E-02 7.2439E-03 3.5509E-03 1.5422E-03 8.3937E-04 2.9001E-04 0
 0 1.3170E-04 3.8868E-04 7.5881E-04 1.3860E-03 2.4001E-03 2.4414E-03 2.0604E-03 4.9326E-03 4.0083E-03 3.0378E-03 6.1541E-03 8.2739E-03 1.1160E-02 1.1721E-02 1.3127E-02 1.3649E-02 1.1763E-02 1.1263E-02 7.4806E-03 3.5094E-03 1.5879E-03 8.8191E-04 2.9909E-04 0
 0 1.5607E-04 4.2262E-04 7.8561E-04 1.2915E-03 2.1210E-03 2.3536E-03 1.9012E-03 4.7792E-03 3.6865E-03 2.9124E-03 6.4271E-03 8.3286E-03 1.1604E-02 1.1685E-02 1.3197E-02 1.3565E-02 1.0970E-02 1.1625E-02 7.2702E-03 3.2676E-03 1.4634E-03 8.5900E-04 2.7713E-04 0
 0 1.5244E-04 4.0511E-04 7.5713E-04 1.4782E-03 2.2752E-03 2.4778E-03 2.1026E-03 4.3757E-03 3.6797E-03 2.7944E-03 6.2478E-03 8.0871E-03 1.0776E-02 1.1948E-02 1.2938E-02 1.3100E-02 1.1432E-02 1.0755E-02 7.8268E-03 3.4127E-03 1.6133E-03 8.2464E-04 3.1348E-04 0
 0 1.3066E-04 3.7773E-04 8.5094E-04 1.3157E-03 2.1848E-03 2.4505E-03 1.6932E-03 4.3757E-03 3.7173E-03 3.0083E-03 6.0522E-03 7.7272E-03 1.1244E-02 1.1877E-02 1.2563E-02 1.2892E-02 1.1126E-02 1.1243E-02 6.9678E-03 3.4265E-03 1.5320E-03 9.2445E-04 3.0439E-04 0
 0 1.5555E-04 4.4124E-04 7.3871E-04 1.3025E-03 2.3097E-03 2.2021E-03 1.9662E-03 4.5858E-03 3.8268E-03 2.9566E-03 5.7424E-03 7.8639E-03 1.1313E-02 1.1892E-02 1.2758E-02 1.3253E-02 1.1166E-02 1.1263E-02 6.7925E-03 3.4300E-03 1.5345E-03 8.6555E-04 3.0288E-04 0
 0 1.5711E-04 4.5766E-04 7.0688E-04 1.2652E-03 2.1662E-03 2.4990E-03 1.9239E-03 4.6325E-03 3.7550E-03 2.9308E-03 6.3089E-03 7.5358E-03 1.0741E-02 1.1337E-02 1.2144E-02 1.3846E-02 1.0950E-02 1.1369E-02 7.0861E-03 3.4576E-03 1.4863E-03 9.3100E-04 3.2256E-04 0
 0 1.5296E-04 3.9635E-04 7.7388E-04 1.2871E-03 2.1449E-03 2.3536E-03 1.6997E-03 4.4290E-03 3.5941E-03 2.6617E-03 6.1908E-03 7.6543E-03 1.0692E-02 1.1948E-02 1.1795E-02 1.3021E-02 1.1301E-02 1.1223E-02 7.2965E-03 2.9291E-03 1.5625E-03 8.0010E-04 2.7638E-04 0
 0 1.3222E-04 4.3248E-04 7.9901E-04 1.2586E-03 2.3363E-03 2.3415E-03 1.8134E-03 4.2523E-03 3.5838E-03 3.0378E-03 5.5916E-03 7.9778E-03 1.0347E-02 1.1615E-02 1.2339E-02 1.2541E-02 1.1296E-02 1.0866E-02 7.2439E-03 3.2331E-03 1.5777E-03 8.4755E-04 2.8243E-04 0
 0 1.4518E-04 3.9963E-04 7.4541E-04 1.3596E-03 2.1317E-03 2.4021E-03 1.9629E-03 4.3824E-03 3.6386E-03 2.7281E-03 5.7628E-03 8.1099E-03 1.0870E-02 1.1539E-02 1.2633E-02 1.4079E-02 1.1045E-02 1.0650E-02 7.3228E-03 3.3056E-03 1.4202E-03 7.6247E-04 2.8925E-04 0
 0 1.6489E-04 3.9854E-04 7.4038E-04 1.4189E-03 2.0439E-03 2.5141E-03 1.9109E-03 4.3757E-03 3.6112E-03 2.7981E-03 5.4816E-03 7.9368E-03 1.0549E-02 1.1756E-02 1.2668E-02 1.3619E-02 1.1040E-02 1.0926E-02 7.3578E-03 3.3851E-03 1.5269E-03 7.3138E-04 3.1045E-04 0
 0 1.5607E-04 3.4817E-04 7.6383E-04 1.3728E-03 2.0652E-03 2.1991E-03 1.6184E-03 4.3690E-03 3.4195E-03 2.7944E-03 5.6079E-03 7.9003E-03 1.0682E-02 1.1388E-02 1.2498E-02 1.2818E-02 1.1316E-02 1.0660E-02 6.9678E-03 3.1675E-03 1.5041E-03 8.2792E-04 3.2105E-04 0
 0 1.6385E-04 3.7664E-04 7.7556E-04 1.3816E-03 2.1157E-03 2.3960E-03 1.8459E-03 4.0922E-03 3.5941E-03 2.8645E-03 5.5998E-03 7.8411E-03 1.1082E-02 1.1529E-02 1.2364E-02 1.3322E-02 1.0423E-02 1.0665E-02 7.0642E-03 2.9291E-03 1.2271E-03 8.4264E-04 3.0212E-04 0
 0 1.5503E-04 3.9525E-04 7.7556E-04 1.2015E-03 2.0812E-03 2.1688E-03 1.6964E-03 4.2556E-03 3.3545E-03 2.7502E-03 5.8647E-03 7.8365E-03 1.0884E-02 1.0999E-02 1.2079E-02 1.2383E-02 1.0504E-02 1.0398E-02 6.5822E-03 3.1018E-03 1.3846E-03 7.5101E-04 2.8622E-04 0
 0 1.6385E-04 3.8102E-04 8.4256E-04 1.1949E-03 2.1104E-03 2.2143E-03 1.7484E-03 4.3357E-03 3.3819E-03 2.5032E-03 5.7098E-03 7.6406E-03 1.0480E-02 1.1151E-02 1.1874E-02 1.2660E-02 1.0163E-02 1.0549E-02 6.8495E-03 3.1606E-03 1.2983E-03 7.8047E-04 3.0061E-04 0
 0 1.2755E-04 3.7007E-04 7.5546E-04 1.3618E-03 2.2114E-03 2.1234E-03 1.6672E-03 4.3757E-03 3.2244E-03 2.8977E-03 5.6935E-03 7.4219E-03 9.9380E-03 1.1352E-02 1.2309E-02 1.2724E-02 1.0870E-02 1.0107E-02 6.3981E-03 2.9671E-03 1.4253E-03 9.0973E-04 3.1348E-04 0
 0 1.3740E-04 4.0511E-04 7.4038E-04 1.3508E-03 2.2778E-03 2.2264E-03 1.8167E-03 4.0155E-03 3.3955E-03 2.5216E-03 5.5142E-03 7.6133E-03 1.0155E-02 1.0843E-02 1.1605E-02 1.2383E-02 1.0569E-02 1.0675E-02 6.3192E-03 2.9602E-03 1.4609E-03 7.4774E-04 2.8243E-04 0
 0 1.4207E-04 3.9963E-04 7.5881E-04 1.2652E-03 2.0493E-03 2.1749E-03 1.6867E-03 4.2189E-03 3.0978E-03 2.5179E-03 5.3960E-03 7.7363E-03 1.0086E-02 1.1125E-02 1.1884E-02 1.2413E-02 9.7713E-03 1.0323E-02 6.8232E-03 3.1157E-03 1.3846E-03 7.8537E-04 3.2181E-04 0
 0 1.6333E-04 3.8649E-04 7.2028E-04 1.3157E-03 2.0174E-03 2.0234E-03 1.6672E-03 3.9221E-03 3.6386E-03 2.4590E-03 5.6079E-03 7.6816E-03 9.8492E-03 1.1206E-02 1.1415E-02 1.2235E-02 1.0168E-02 1.0252E-02 6.4814E-03 2.9948E-03 1.4710E-03 8.3446E-04 2.9001E-04 0
 0 1.4415E-04 3.8868E-04 6.6500E-04 1.3003E-03 2.2406E-03 2.2021E-03 1.7582E-03 4.1989E-03 3.4127E-03 2.6691E-03 5.4205E-03 7.5131E-03 9.9478E-03 1.0530E-02 1.1350E-02 1.2354E-02 1.0092E-02 1.0876E-02 6.6698E-03 2.9430E-03 1.2525E-03 8.6718E-04 2.8243E-04 0
 0 1.4933E-04 4.2481E-04 6.9515E-04 1.2696E-03 2.2300E-03 2.1840E-03 1.8134E-03 4.2256E-03 3.4709E-03 2.5216E-03 5.4857E-03 7.4584E-03 9.9577E-03 1.1241E-02 1.1525E-02 1.2403E-02 1.0428E-02 1.1077E-02 6.2798E-03 2.9775E-03 1.3618E-03 9.4081E-04 2.8395E-04 0
 0 1.6592E-04 3.6788E-04 7.3368E-04 1.3508E-03 1.9616E-03 2.2415E-03 1.8427E-03 4.3657E-03 3.5496E-03 2.3299E-03 5.6487E-03 7.1212E-03 9.6126E-03 1.0696E-02 1.1460E-02 1.2581E-02 9.3801E-03 1.0469E-02 6.5077E-03 3.0189E-03 1.4532E-03 7.4611E-04 2.9606E-04 0
 0 1.4933E-04 3.8102E-04 7.1358E-04 1.2718E-03 2.0705E-03 2.1234E-03 1.5989E-03 4.2590E-03 3.4127E-03 2.5843E-03 5.2208E-03 7.2488E-03 1.0431E-02 1.1685E-02 1.1515E-02 1.2171E-02 1.0047E-02 1.0333E-02 6.3937E-03 2.9119E-03 1.2703E-03 8.0337E-04 2.4760E-04 0
 0 1.3222E-04 4.0073E-04 7.3871E-04 1.2827E-03 2.0307E-03 2.1658E-03 1.6769E-03 3.9288E-03 2.9951E-03 2.2451E-03 5.5427E-03 7.2351E-03 9.8147E-03 1.1090E-02 1.1201E-02 1.1528E-02 1.0484E-02 1.0061E-02 6.9371E-03 3.0777E-03 1.3694E-03 7.9356E-04 2.8470E-04 0
 0 1.4933E-04 4.1167E-04 7.0185E-04 1.1971E-03 2.0280E-03 1.9447E-03 1.5047E-03 4.0322E-03 3.1868E-03 2.3705E-03 5.3756E-03 7.3764E-03 1.0214E-02 1.1115E-02 1.0931E-02 1.1914E-02 9.7513E-03 9.7899E-03 6.4288E-03 2.9360E-03 1.2983E-03 7.7392E-04 2.5820E-04 0
 0 1.4466E-04 3.7554E-04 7.0353E-04 1.2871E-03 2.0599E-03 2.0628E-03 1.7062E-03 4.2089E-03 3.4332E-03 2.2304E-03 5.0781E-03 7.0028E-03 9.1542E-03 1.1211E-02 1.1415E-02 1.2195E-02 1.0122E-02 1.0097E-02 6.5603E-03 2.8670E-03 1.3008E-03 7.1829E-04 3.2862E-04 0
 0 1.4570E-04 3.7883E-04 7.1861E-04 1.2476E-03 1.9775E-03 2.1991E-03 1.5762E-03 3.8988E-03 3.0190E-03 2.2709E-03 5.6854E-03 7.1349E-03 9.3513E-03 1.0131E-02 1.1101E-02 1.1805E-02 1.0107E-02 1.0102E-02 6.0782E-03 2.6977E-03 1.3186E-03 8.1973E-04 2.8698E-04 0
 0 1.4311E-04 3.6131E-04 7.0856E-04 1.2498E-03 2.1024E-03 2.0689E-03 1.6054E-03 4.0488E-03 3.0019E-03 2.5659E-03 5.4164E-03 7.1850E-03 9.5288E-03 1.0237E-02 1.1001E-02 1.1444E-02 9.4302E-03 1.0212E-02 6.2798E-03 2.8877E-03 1.4405E-03 7.6083E-04 2.5593E-04 0
 0 1.4466E-04 4.0620E-04 6.7840E-04 1.1993E-03 2.0253E-03 1.9901E-03 1.5827E-03 4.0722E-03 3.1799E-03 2.4332E-03 5.0088E-03 6.7932E-03 9.2478E-03 1.0681E-02 1.1176E-02 1.1879E-02 9.2848E-03 9.9810E-03 6.2579E-03 2.7150E-03 1.2043E-03 7.4938E-04 2.7789E-04 0
 0 1.5970E-04 3.9416E-04 6.5160E-04 1.1795E-03 1.9934E-03 2.1446E-03 1.4364E-03 4.2523E-03 3.1594E-03 2.3742E-03 4.8866E-03 7.4447E-03 9.0408E-03 1.1337E-02 1.1510E-02 1.1874E-02 9.3851E-03 9.4631E-03 6.2754E-03 2.8013E-03 1.2500E-03 7.4120E-04 2.9985E-04 0
 0 1.2600E-04 4.0839E-04 6.2648E-04 1.1883E-03 1.9748E-03 2.0961E-03 1.6282E-03 4.1722E-03 2.6528E-03 2.5032E-03 5.1556E-03 7.1850E-03 9.3908E-03 1.0232E-02 1.1081E-02 1.1839E-02 9.3299E-03 9.4379E-03 6.0388E-03 3.0397E-03 1.3338E-03 7.7228E-04 2.7335E-04 0
 0 1.5452E-04 3.7992E-04 7.2028E-04 1.0631E-03 1.9084E-03 1.9689E-03 1.5339E-03 3.8387E-03 3.1217E-03 2.3926E-03 5.1678E-03 6.6884E-03 9.0999E-03 1.0535E-02 1.1250E-02 1.1587E-02 9.4704E-03 1.0263E-02 6.1089E-03 2.9153E-03 1.1941E-03 7.1338E-04 2.7562E-04 0
 0 1.5866E-04 4.0511E-04 7.1693E-04 1.2937E-03 1.9562E-03 1.9931E-03 1.6379E-03 3.8354E-03 3.2929E-03 2.2673E-03 5.2085E-03 6.6975E-03 9.5682E-03 1.0348E-02 1.0572E-02 1.1320E-02 9.4202E-03 9.5335E-03 5.9862E-03 2.9499E-03 1.1484E-03 7.9519E-04 2.8622E-04 0
 0 1.3740E-04 3.9854E-04 6.5663E-04 1.1751E-03 2.1370E-03 1.9962E-03 1.5112E-03 4.0422E-03 3.2312E-03 2.1935E-03 5.1841E-03 6.6337E-03 9.1049E-03 1.0434E-02 1.0806E-02 1.1459E-02 9.2697E-03 9.5435E-03 6.0037E-03 2.8531E-03 1.2678E-03 6.9702E-04 2.6275E-04 0
 0 1.4622E-04 3.5803E-04 7.5546E-04 1.2542E-03 2.0174E-03 1.9901E-03 1.5762E-03 3.9421E-03 2.8890E-03 2.1235E-03 4.7602E-03 7.1440E-03 9.3661E-03 1.0328E-02 1.1111E-02 1.1241E-02 9.3400E-03 9.8955E-03 6.1220E-03 2.6563E-03 1.2856E-03 7.7719E-04 2.7108E-04 0
 0 1.4622E-04 3.5365E-04 6.6500E-04 1.2212E-03 2.0466E-03 1.9144E-03 1.3747E-03 3.8587E-03 2.9745E-03 2.2746E-03 4.8825E-03 6.9390E-03 9.5978E-03 1.0439E-02 1.1260E-02 1.1849E-02 9.3249E-03 9.2569E-03 6.0738E-03 2.7668E-03 1.1966E-03 7.6083E-04 2.6350E-04 0
 0 1.5140E-04 3.5365E-04 7.0018E-04 1.1224E-03 1.7197E-03 2.0477E-03 1.6119E-03 3.8721E-03 3.0053E-03 2.1014E-03 4.8051E-03 6.6793E-03 9.2478E-03 1.0424E-02 1.0916E-02 1.1928E-02 9.0139E-03 9.2217E-03 6.0826E-03 2.5595E-03 1.2271E-03 7.6410E-04 2.4079E-04 0
 0 1.4829E-04 3.8321E-04 6.9180E-04 1.2388E-03 1.9589E-03 1.9114E-03 1.4137E-03 3.9455E-03 2.8547E-03 2.0829E-03 4.8947E-03 6.6292E-03 9.2774E-03 1.0394E-02 1.0856E-02 1.1103E-02 8.6778E-03 9.1865E-03 5.7627E-03 2.6355E-03 1.3338E-03 7.8210E-04 2.5366E-04 0
 0 1.4000E-04 4.0620E-04 6.5328E-04 1.1993E-03 1.9429E-03 1.9659E-03 1.4494E-03 3.9188E-03 2.9300E-03 2.2378E-03 4.7521E-03 6.7977E-03 8.9816E-03 1.0081E-02 1.0307E-02 1.1602E-02 8.5825E-03 9.2670E-03 5.6663E-03 2.8739E-03 1.2627E-03 7.2974E-04 2.4987E-04 0
 0 1.4829E-04 3.7445E-04 6.5160E-04 1.1553E-03 1.9270E-03 1.6993E-03 1.3714E-03 3.6786E-03 3.0806E-03 1.9133E-03 4.5972E-03 6.7659E-03 8.5182E-03 9.8740E-03 1.0761E-02 1.0732E-02 8.9136E-03 9.7949E-03 6.0125E-03 2.8152E-03 1.1890E-03 7.9192E-04 2.8016E-04 0
 0 1.4829E-04 4.0620E-04 6.5495E-04 1.0653E-03 1.8526E-03 1.8780E-03 1.4884E-03 3.6753E-03 2.9095E-03 2.1087E-03 4.5116E-03 6.3285E-03 9.1837E-03 1.0136E-02 1.0936E-02 1.1014E-02 8.0659E-03 8.9653E-03 5.6575E-03 2.6424E-03 1.1128E-03 7.0193E-04 2.8016E-04 0
 0 1.4881E-04 4.2153E-04 6.6835E-04 1.1400E-03 1.8499E-03 2.0053E-03 1.4137E-03 3.8054E-03 2.8787E-03 1.9576E-03 4.6950E-03 6.9253E-03 8.7697E-03 9.9547E-03 1.0517E-02 1.0277E-02 9.1192E-03 9.5435E-03 5.5217E-03 2.5941E-03 1.3211E-03 7.3629E-04 2.9909E-04 0
 0 1.5244E-04 3.8321E-04 7.2196E-04 1.0236E-03 1.8366E-03 2.0355E-03 1.3649E-03 3.8321E-03 2.7110E-03 2.2156E-03 4.6339E-03 6.7248E-03 8.9323E-03 9.5360E-03 1.0237E-02 1.0964E-02 8.9637E-03 8.9854E-03 5.5655E-03 2.4732E-03 1.1687E-03 7.4283E-04 2.5139E-04 0
 0 1.5089E-04 3.5803E-04 6.8678E-04 1.0521E-03 1.8659E-03 1.8114E-03 1.2512E-03 3.7687E-03 2.8479E-03 2.0571E-03 4.8499E-03 6.7157E-03 8.9274E-03 9.8437E-03 1.0232E-02 1.0707E-02 8.6076E-03 9.0407E-03 5.9599E-03 2.7806E-03 1.1839E-03 7.6083E-04 2.5517E-04 0
 0 1.3896E-04 3.4489E-04 5.8125E-04 1.2015E-03 1.7755E-03 1.6569E-03 1.4267E-03 3.6386E-03 2.7828E-03 2.0497E-03 4.6624E-03 6.7340E-03 8.6908E-03 1.0035E-02 9.9328E-03 1.0653E-02 8.5775E-03 8.6535E-03 5.3990E-03 2.4110E-03 1.2068E-03 7.1502E-04 2.5215E-04 0
 0 1.5296E-04 3.7664E-04 5.9130E-04 1.1641E-03 1.9376E-03 1.8720E-03 1.2967E-03 3.8654E-03 2.8034E-03 2.0829E-03 4.7195E-03 6.5563E-03 9.0063E-03 9.9648E-03 1.0287E-02 1.0737E-02 8.7230E-03 9.5737E-03 5.4998E-03 2.3281E-03 1.2627E-03 6.4630E-04 2.4079E-04 0
 0 1.5970E-04 4.4124E-04 6.6333E-04 1.1092E-03 1.9828E-03 1.7902E-03 1.4852E-03 3.6753E-03 2.6973E-03 1.9060E-03 4.3690E-03 6.2875E-03 8.7844E-03 1.0232E-02 1.0172E-02 1.0455E-02 9.2246E-03 9.3223E-03 5.3113E-03 2.3419E-03 1.1966E-03 7.3465E-04 2.7713E-04 0
 0 1.4103E-04 3.6788E-04 6.7170E-04 1.0917E-03 1.8845E-03 1.9326E-03 1.3357E-03 3.4752E-03 2.7897E-03 2.0534E-03 4.3323E-03 6.4743E-03 8.2028E-03 1.0237E-02 1.0162E-02 1.0213E-02 8.6828E-03 8.4423E-03 5.5743E-03 2.5941E-03 9.9339E-04 6.6266E-04 2.5517E-04 0
 0 1.4000E-04 4.2153E-04 5.8963E-04 1.1334E-03 1.8340E-03 1.8659E-03 1.3942E-03 3.7053E-03 2.7828E-03 1.9318E-03 4.6298E-03 6.2875E-03 8.4739E-03 9.7681E-03 9.8379E-03 1.0421E-02 7.7749E-03 9.3726E-03 5.5129E-03 2.3039E-03 1.1204E-03 7.6410E-04 2.6199E-04 0
 0 1.3326E-04 4.0511E-04 6.8678E-04 1.0345E-03 1.7914E-03 1.7629E-03 1.2512E-03 3.5486E-03 2.6596E-03 1.8802E-03 4.2712E-03 6.5016E-03 7.9464E-03 9.7277E-03 9.8379E-03 1.0470E-02 8.3016E-03 8.9100E-03 5.2938E-03 2.6079E-03 1.1890E-03 6.9538E-04 3.0666E-04 0
 0 1.2341E-04 3.7554E-04 6.0805E-04 1.1114E-03 1.6958E-03 1.9386E-03 1.2772E-03 3.6553E-03 2.7623E-03 1.9797E-03 4.6217E-03 6.6337E-03 7.8084E-03 1.0051E-02 1.0462E-02 1.0109E-02 8.3016E-03 8.7491E-03 5.5611E-03 2.4939E-03 1.1662E-03 7.2974E-04 2.7638E-04 0
 0 1.4103E-04 4.1167E-04 6.7003E-04 1.1026E-03 1.8233E-03 1.7902E-03 1.2414E-03 3.4785E-03 2.5912E-03 1.8322E-03 4.2060E-03 6.1462E-03 8.3851E-03 9.4048E-03 1.0237E-02 1.0440E-02 8.5173E-03 8.6887E-03 4.9564E-03 2.2901E-03 1.0036E-03 6.9375E-04 2.5517E-04 0
 0 1.4829E-04 3.5693E-04 6.5663E-04 1.1773E-03 1.8287E-03 1.7902E-03 1.2024E-03 3.6586E-03 2.5535E-03 1.8359E-03 4.5809E-03 5.7772E-03 8.4344E-03 9.6924E-03 9.9078E-03 9.7533E-03 8.0960E-03 8.6988E-03 4.9607E-03 2.2901E-03 1.2246E-03 6.5121E-04 2.5139E-04 0
 0 1.2963E-04 3.4051E-04 6.2815E-04 1.0917E-03 1.7144E-03 1.7175E-03 1.3292E-03 4.0055E-03 2.5672E-03 2.1050E-03 4.0959E-03 6.0779E-03 8.4837E-03 9.5763E-03 1.0127E-02 1.0005E-02 8.2113E-03 8.5027E-03 5.1536E-03 2.3592E-03 1.1153E-03 6.4466E-04 2.9606E-04 0
 0 1.3533E-04 3.4379E-04 6.4155E-04 1.0280E-03 1.8127E-03 1.6145E-03 1.1179E-03 3.6086E-03 2.6288E-03 1.9060E-03 4.1326E-03 6.1644E-03 8.2323E-03 9.5107E-03 9.3088E-03 1.0628E-02 8.0107E-03 8.4071E-03 5.3113E-03 2.4041E-03 1.0645E-03 6.9538E-04 2.5442E-04 0
 0 1.4466E-04 3.8321E-04 5.7957E-04 1.0960E-03 1.7888E-03 1.8417E-03 1.1797E-03 3.6886E-03 2.7418E-03 1.8544E-03 4.2915E-03 6.5745E-03 7.7049E-03 9.3543E-03 9.7331E-03 9.8522E-03 7.9405E-03 8.9251E-03 5.5523E-03 2.3696E-03 1.0112E-03 6.7902E-04 2.4230E-04 0
 0 1.3585E-04 3.8540E-04 6.9180E-04 1.1290E-03 1.8260E-03 1.7387E-03 1.1374E-03 3.7287E-03 2.5912E-03 1.8101E-03 4.3282E-03 6.0460E-03 8.2964E-03 9.4451E-03 9.4736E-03 1.0144E-02 8.2816E-03 8.0904E-03 5.3551E-03 2.3178E-03 1.0798E-03 6.1521E-04 2.6805E-04 0
 0 1.4777E-04 3.4927E-04 6.2145E-04 1.0895E-03 1.9456E-03 1.6660E-03 1.1894E-03 3.4985E-03 2.5261E-03 1.8986E-03 4.6013E-03 6.0050E-03 8.1288E-03 9.3997E-03 9.7131E-03 9.8720E-03 7.4940E-03 8.6787E-03 4.8468E-03 2.4145E-03 9.4766E-04 7.4938E-04 3.0666E-04 0
 0 1.2289E-04 3.6788E-04 6.2145E-04 1.0126E-03 1.7303E-03 1.7326E-03 1.1732E-03 3.7754E-03 2.3721E-03 1.8765E-03 4.1367E-03 5.8501E-03 8.2028E-03 8.7438E-03 9.3837E-03 1.0351E-02 7.4890E-03 8.5329E-03 5.0966E-03 2.2349E-03 1.0772E-03 6.9538E-04 3.0363E-04 0
 0 1.2600E-04 3.3394E-04 6.0973E-04 1.0280E-03 1.6718E-03 1.6811E-03 1.2544E-03 3.4185E-03 2.6083E-03 1.7438E-03 3.8066E-03 5.9412E-03 7.7985E-03 9.2786E-03 9.7231E-03 9.5754E-03 7.8702E-03 8.3468E-03 5.4954E-03 2.2452E-03 1.0594E-03 6.6920E-04 2.7335E-04 0
 0 1.2029E-04 4.1605E-04 5.7622E-04 1.0675E-03 1.6213E-03 1.6266E-03 1.1959E-03 3.1717E-03 2.8068E-03 1.7511E-03 4.1693E-03 5.7954E-03 7.7591E-03 9.3442E-03 9.6932E-03 1.0035E-02 7.4790E-03 8.3770E-03 5.0221E-03 2.3316E-03 1.1433E-03 7.5429E-04 2.5669E-04 0
 0 1.2703E-04 3.3722E-04 5.9968E-04 1.1971E-03 1.6851E-03 1.5176E-03 1.1244E-03 3.4519E-03 2.5843E-03 1.6368E-03 3.9411E-03 6.0551E-03 8.1781E-03 9.0415E-03 9.7381E-03 1.0030E-02 7.7800E-03 8.8195E-03 4.9432E-03 2.1381E-03 1.0061E-03 6.8066E-04 2.6123E-04 0
 0 1.3896E-04 3.7664E-04 6.2480E-04 9.8842E-04 1.6878E-03 1.4994E-03 1.1537E-03 3.4185E-03 2.4371E-03 1.8617E-03 4.1163E-03 6.0278E-03 7.8626E-03 9.0667E-03 9.1491E-03 1.0233E-02 7.3235E-03 7.7082E-03 5.0966E-03 2.2590E-03 9.9847E-04 6.4630E-04 2.5517E-04 0
 0 1.4155E-04 3.5912E-04 6.5830E-04 1.0477E-03 1.7702E-03 1.6781E-03 1.0692E-03 3.7620E-03 2.3550E-03 1.8101E-03 4.3608E-03 5.7316E-03 7.7492E-03 9.4906E-03 9.1491E-03 9.1651E-03 7.4940E-03 8.3921E-03 4.7022E-03 2.4628E-03 1.0620E-03 6.0539E-04 2.6426E-04 0
 0 1.2444E-04 3.8978E-04 6.3653E-04 1.1070E-03 1.7808E-03 1.6206E-03 1.0789E-03 3.3285E-03 2.3755E-03 1.8765E-03 4.2671E-03 5.8637E-03 7.8035E-03 8.7136E-03 9.4486E-03 9.5803E-03 6.9072E-03 8.4725E-03 4.8074E-03 2.1692E-03 1.0010E-03 7.0684E-04 2.7183E-04 0
 0 1.4466E-04 3.6459E-04 6.1140E-04 1.1993E-03 1.7622E-03 1.5660E-03 1.0659E-03 3.5919E-03 2.4987E-03 1.7253E-03 4.0022E-03 5.8227E-03 7.8380E-03 8.6227E-03 8.7848E-03 9.7286E-03 7.4890E-03 8.3720E-03 4.7548E-03 2.2349E-03 1.0188E-03 6.5775E-04 2.4609E-04 0
 0 1.3533E-04 3.4051E-04 7.0688E-04 1.0609E-03 1.6692E-03 1.6448E-03 1.1212E-03 3.5552E-03 2.5501E-03 1.7069E-03 4.5442E-03 5.5585E-03 7.4042E-03 8.9356E-03 9.3338E-03 9.5655E-03 7.1580E-03 8.5027E-03 4.9914E-03 2.1520E-03 9.6290E-04 7.5265E-04 2.6956E-04 0
 0 1.2652E-04 3.4270E-04 5.9633E-04 1.0609E-03 1.6612E-03 1.4267E-03 1.1309E-03 3.5652E-03 2.3481E-03 1.6848E-03 3.8718E-03 5.4491E-03 7.4584E-03 8.5622E-03 9.0892E-03 9.2985E-03 7.0376E-03 8.3217E-03 4.6978E-03 2.1140E-03 9.6798E-04 7.0520E-04 2.4912E-04 0
 0 1.3066E-04 3.5584E-04 6.4993E-04 1.0016E-03 1.6532E-03 1.5812E-03 1.1212E-03 3.3818E-03 2.5535E-03 1.6811E-03 3.9370E-03 5.4901E-03 7.7443E-03 8.3805E-03 9.1341E-03 9.2738E-03 7.2583E-03 8.0250E-03 5.0396E-03 2.3039E-03 9.9847E-04 6.6430E-04 2.4760E-04 0
 0 1.2859E-04 4.1824E-04 6.2480E-04 1.0829E-03 1.6107E-03 1.5842E-03 1.2934E-03 3.4519E-03 2.2352E-03 1.6442E-03 3.9288E-03 5.4810E-03 7.2859E-03 8.9154E-03 9.0443E-03 8.8438E-03 7.2232E-03 7.6831E-03 5.0572E-03 2.2763E-03 8.5619E-04 6.7902E-04 2.6653E-04 0
 0 1.1926E-04 4.0730E-04 5.8125E-04 9.7084E-04 1.6612E-03 1.6933E-03 1.0789E-03 3.3952E-03 2.3584E-03 1.5299E-03 4.0348E-03 5.5266E-03 7.2957E-03 9.0516E-03 8.8746E-03 9.1058E-03 6.5159E-03 7.9295E-03 4.6627E-03 2.1243E-03 9.6798E-04 6.9375E-04 2.4003E-04 0
 0 1.2859E-04 3.8102E-04 6.7840E-04 1.0653E-03 1.4858E-03 1.5024E-03 9.5870E-04 3.4685E-03 2.1907E-03 1.6221E-03 4.1081E-03 5.2988E-03 7.2957E-03 8.4209E-03 8.1708E-03 9.0909E-03 7.0376E-03 7.6680E-03 4.8643E-03 2.0656E-03 9.8323E-04 6.2503E-04 2.5215E-04 0
 0 1.1044E-04 3.4489E-04 5.7957E-04 1.0697E-03 1.5868E-03 1.5176E-03 1.1277E-03 3.3551E-03 2.2557E-03 1.5521E-03 3.8881E-03 5.4856E-03 7.3746E-03 8.3503E-03 8.7748E-03 9.2837E-03 6.7165E-03 7.8842E-03 5.0046E-03 2.1450E-03 9.8323E-04 6.7575E-04 2.4306E-04 0
 0 1.2237E-04 3.9635E-04 5.5445E-04 1.0521E-03 1.7037E-03 1.5388E-03 1.1764E-03 3.1183E-03 2.0640E-03 1.6737E-03 3.8595E-03 5.6131E-03 7.2267E-03 8.4007E-03 8.7049E-03 9.4765E-03 6.9974E-03 8.2362E-03 4.5050E-03 1.9171E-03 1.0137E-03 7.2974E-04 2.2337E-04 0
 0 1.3637E-04 3.3941E-04 5.7790E-04 1.0960E-03 1.6399E-03 1.5145E-03 1.0594E-03 3.3385E-03 2.3105E-03 1.4968E-03 3.9777E-03 5.3033E-03 7.3499E-03 8.2292E-03 8.9395E-03 8.9921E-03 7.0225E-03 7.8540E-03 4.7942E-03 2.0241E-03 9.9339E-04 6.9211E-04 2.4533E-04 0
 0 1.4000E-04 3.7992E-04 5.7455E-04 9.6425E-04 1.5044E-03 1.4843E-03 9.2620E-04 3.2317E-03 2.1667E-03 1.4931E-03 3.8432E-03 5.4172E-03 7.2267E-03 8.5723E-03 8.4104E-03 8.7301E-03 6.6463E-03 7.8691E-03 4.7855E-03 2.0656E-03 1.0061E-03 6.2666E-04 2.4306E-04 0
 0 1.2392E-04 3.5912E-04 6.5160E-04 9.5547E-04 1.5575E-03 1.4964E-03 9.4245E-04 3.3251E-03 2.1291E-03 1.6627E-03 3.3990E-03 5.5448E-03 6.9507E-03 8.4461E-03 8.7298E-03 9.2244E-03 7.1228E-03 7.4417E-03 4.8950E-03 1.8514E-03 9.9847E-04 6.7575E-04 2.3246E-04 0
 0 1.3740E-04 3.3175E-04 6.4658E-04 9.5327E-04 1.6187E-03 1.4812E-03 9.1645E-04 3.3785E-03 2.4132E-03 1.8138E-03 3.8799E-03 5.5585E-03 7.1232E-03 8.2998E-03 8.4853E-03 8.9673E-03 6.5711E-03 7.8038E-03 4.5663E-03 2.1036E-03 9.4258E-04 6.5939E-04 2.7713E-04 0
 0 1.3222E-04 3.5365E-04 5.9633E-04 8.0391E-04 1.4938E-03 1.5872E-03 9.1970E-04 3.1484E-03 2.2009E-03 1.6258E-03 3.6395E-03 5.3307E-03 7.3647E-03 8.4815E-03 8.7099E-03 9.1601E-03 6.5861E-03 8.4725E-03 4.5882E-03 2.0656E-03 9.7560E-04 6.6102E-04 2.7638E-04 0
 0 1.1615E-04 3.2956E-04 5.4942E-04 1.0653E-03 1.6426E-03 1.5569E-03 9.8145E-04 3.1650E-03 2.1188E-03 1.3972E-03 3.9737E-03 5.4810E-03 7.0788E-03 8.1182E-03 8.5502E-03 8.9624E-03 6.2250E-03 7.5976E-03 4.3165E-03 1.9447E-03 9.8323E-04 5.9721E-04 2.4987E-04 0
 0 1.3689E-04 3.2408E-04 5.7957E-04 1.0192E-03 1.5629E-03 1.5509E-03 1.0789E-03 3.2017E-03 2.2968E-03 1.5815E-03 3.5743E-03 5.4400E-03 7.1725E-03 7.7095E-03 8.6749E-03 8.8487E-03 6.6915E-03 7.5775E-03 4.6321E-03 1.9412E-03 9.1971E-04 6.7411E-04 2.7183E-04 0
 0 1.2600E-04 3.0657E-04 6.3318E-04 1.0455E-03 1.5310E-03 1.4843E-03 9.4895E-04 3.4052E-03 2.0743E-03 1.4562E-03 3.5294E-03 5.0710E-03 6.9556E-03 8.8246E-03 8.1409E-03 8.9822E-03 5.8839E-03 7.9999E-03 4.7241E-03 1.9931E-03 9.6798E-04 6.9866E-04 2.6199E-04 0
 0 1.2859E-04 3.5036E-04 5.7120E-04 9.5767E-04 1.4379E-03 1.4843E-03 1.0139E-03 3.2084E-03 2.0298E-03 1.4157E-03 3.7250E-03 5.3717E-03 6.5760E-03 8.2695E-03 8.1259E-03 8.9031E-03 6.4808E-03 7.8792E-03 4.6189E-03 1.9067E-03 1.0849E-03 6.9702E-04 2.7486E-04 0
 0 1.4000E-04 3.0219E-04 6.0805E-04 9.6865E-04 1.6585E-03 1.3873E-03 9.3270E-04 3.2051E-03 1.9853E-03 1.4120E-03 3.7413E-03 5.1575E-03 7.0345E-03 8.4260E-03 8.2107E-03 8.8141E-03 6.3554E-03 7.0998E-03 4.3779E-03 1.8653E-03 9.8831E-04 6.9211E-04 2.5139E-04 0
 0 1.3326E-04 3.3722E-04 5.8795E-04 1.0148E-03 1.6532E-03 1.3601E-03 1.0692E-03 3.1117E-03 1.9819E-03 1.3124E-03 3.8269E-03 5.2122E-03 7.0443E-03 7.7852E-03 8.0011E-03 9.2985E-03 6.4657E-03 6.8132E-03 4.4130E-03 2.0241E-03 9.2733E-04 6.0867E-04 2.2337E-04 0
 0 1.2600E-04 3.5146E-04 6.4155E-04 1.0016E-03 1.5336E-03 1.3116E-03 9.6520E-04 3.2384E-03 2.0948E-03 1.5521E-03 3.6924E-03 5.3033E-03 6.9408E-03 7.8659E-03 8.6799E-03 8.8141E-03 5.8588E-03 7.9194E-03 4.3998E-03 2.0172E-03 9.6290E-04 7.3792E-04 2.5442E-04 0
 0 1.1303E-04 3.1314E-04 6.1140E-04 9.2033E-04 1.5894E-03 1.3540E-03 8.8071E-04 3.1684E-03 2.0914E-03 1.2903E-03 3.6558E-03 5.2623E-03 6.9556E-03 7.9012E-03 8.1259E-03 8.7647E-03 5.9942E-03 7.1803E-03 4.2596E-03 1.9205E-03 8.9938E-04 6.0539E-04 2.4685E-04 0
 0 1.2911E-04 3.5803E-04 5.3100E-04 9.3790E-04 1.6160E-03 1.2934E-03 1.0009E-03 3.0650E-03 2.0298E-03 1.2608E-03 3.1789E-03 5.2578E-03 6.6450E-03 7.7398E-03 8.2008E-03 8.3544E-03 6.3905E-03 7.2859E-03 4.4787E-03 1.7305E-03 9.1209E-04 6.5284E-04 2.4457E-04 0
 0 1.2703E-04 3.3065E-04 5.9298E-04 1.0807E-03 1.5283E-03 1.4721E-03 8.4171E-04 2.9716E-03 2.0777E-03 1.4267E-03 3.6354E-03 4.6518E-03 6.7140E-03 7.9719E-03 8.4603E-03 8.8141E-03 6.4005E-03 7.3814E-03 4.3648E-03 1.8549E-03 8.8414E-04 6.7411E-04 2.5745E-04 0
 0 1.3637E-04 3.4598E-04 6.1643E-04 9.4009E-04 1.6054E-03 1.3207E-03 8.8071E-04 3.1350E-03 1.8758E-03 1.2682E-03 3.7006E-03 5.1985E-03 6.9309E-03 7.9466E-03 8.1209E-03 8.3148E-03 6.0594E-03 7.6881E-03 4.3297E-03 1.9171E-03 8.9938E-04 6.6430E-04 2.5745E-04 0
 0 1.2859E-04 3.0876E-04 5.2095E-04 9.3570E-04 1.5097E-03 1.3934E-03 9.8795E-04 3.2351E-03 2.2318E-03 1.2756E-03 3.6272E-03 4.9070E-03 6.3788E-03 7.7801E-03 7.8713E-03 8.5422E-03 6.5360E-03 7.4317E-03 4.2815E-03 1.6718E-03 8.0284E-04 6.7575E-04 2.6199E-04 0
 0 1.1926E-04 3.7007E-04 5.8125E-04 9.4449E-04 1.4911E-03 1.5600E-03 8.3196E-04 3.2417E-03 2.0401E-03 1.4894E-03 3.4846E-03 5.0710E-03 6.7929E-03 7.7095E-03 8.0710E-03 8.3642E-03 5.8638E-03 7.4065E-03 4.1982E-03 1.7754E-03 9.0447E-04 5.7921E-04 2.1731E-04 0
 0 1.1926E-04 3.5255E-04 5.8460E-04 9.5108E-04 1.5097E-03 1.2843E-03 9.8145E-04 2.9716E-03 1.8689E-03 1.3751E-03 3.5620E-03 4.8204E-03 6.8422E-03 8.1686E-03 7.7765E-03 8.8042E-03 6.3353E-03 7.0495E-03 4.2552E-03 1.7962E-03 9.2479E-04 6.2012E-04 2.5290E-04 0
 0 1.3689E-04 3.4708E-04 5.3770E-04 9.3350E-04 1.4619E-03 1.3177E-03 8.8396E-04 2.9949E-03 2.0093E-03 1.2055E-03 3.5865E-03 5.0755E-03 6.5612E-03 7.4673E-03 7.7066E-03 8.3148E-03 6.0996E-03 7.0345E-03 4.1632E-03 1.8134E-03 7.9268E-04 6.8229E-04 2.3473E-04 0
 0 1.3274E-04 3.7116E-04 6.4323E-04 9.9940E-04 1.4300E-03 1.4418E-03 8.3846E-04 2.7281E-03 2.1667E-03 1.3345E-03 3.4194E-03 4.9753E-03 6.6845E-03 7.5329E-03 8.3305E-03 8.1517E-03 5.9491E-03 6.8384E-03 4.2070E-03 1.7375E-03 7.8760E-04 5.7921E-04 2.6653E-04 0
 0 1.4052E-04 3.2846E-04 5.5612E-04 9.6865E-04 1.5097E-03 1.3298E-03 8.8396E-04 3.1584E-03 2.0332E-03 1.4378E-03 3.1422E-03 4.7156E-03 6.5908E-03 7.9971E-03 7.8364E-03 8.1467E-03 5.9742E-03 6.8585E-03 4.1851E-03 1.7720E-03 8.5873E-04 5.8249E-04 2.5215E-04 0
 0 1.1407E-04 2.9671E-04 5.8963E-04 9.3570E-04 1.4406E-03 1.3328E-03 8.3846E-04 2.9216E-03 2.0093E-03 1.4599E-03 3.4072E-03 4.5470E-03 6.3295E-03 7.8356E-03 8.2207E-03 7.8897E-03 5.9340E-03 6.9842E-03 4.3428E-03 1.5475E-03 8.6636E-04 5.7758E-04 2.1580E-04 0
 0 1.1874E-04 3.5693E-04 5.6617E-04 9.4888E-04 1.3449E-03 1.4237E-03 9.6195E-04 3.1350E-03 1.9476E-03 1.5484E-03 3.2686E-03 4.4286E-03 5.9450E-03 7.2403E-03 7.8514E-03 8.0429E-03 5.5628E-03 6.8032E-03 3.7074E-03 1.8273E-03 7.7997E-04 6.3484E-04 2.5745E-04 0
 0 1.2185E-04 3.4489E-04 6.2313E-04 9.2252E-04 1.4539E-03 1.3358E-03 8.3196E-04 3.2918E-03 1.8689E-03 1.3714E-03 3.5294E-03 4.4103E-03 6.8176E-03 7.5985E-03 7.7765E-03 8.1368E-03 5.7635E-03 6.8836E-03 4.3604E-03 1.7962E-03 8.6127E-04 5.5303E-04 2.4609E-04 0
 0 1.3170E-04 3.2846E-04 4.8242E-04 8.3686E-04 1.4273E-03 1.2147E-03 8.5471E-04 2.8415E-03 1.9340E-03 1.1207E-03 3.3990E-03 4.8751E-03 6.8077E-03 7.3916E-03 7.4920E-03 8.0380E-03 5.6080E-03 6.7730E-03 4.0054E-03 1.9067E-03 8.7144E-04 6.0212E-04 2.5593E-04 0
 0 1.1874E-04 3.1642E-04 5.4272E-04 8.4564E-04 1.3555E-03 1.2328E-03 9.1645E-04 3.1950E-03 1.8005E-03 1.3862E-03 3.2034E-03 4.5971E-03 5.9352E-03 7.3967E-03 7.7515E-03 7.6969E-03 5.5628E-03 6.9439E-03 3.8433E-03 1.8065E-03 9.3749E-04 6.6102E-04 2.6123E-04 0
 0 1.3118E-04 3.8430E-04 5.6450E-04 9.7084E-04 1.4007E-03 1.2874E-03 8.5471E-04 3.0850E-03 2.0435E-03 1.4783E-03 3.1545E-03 5.0163E-03 6.3591E-03 7.5682E-03 7.8663E-03 7.8452E-03 5.5779E-03 6.6674E-03 3.9528E-03 1.9343E-03 7.6727E-04 6.2012E-04 2.5063E-04 0
 0 1.3222E-04 3.6350E-04 4.9415E-04 8.9836E-04 1.3741E-03 1.2116E-03 8.0921E-04 3.0817E-03 1.8450E-03 1.2829E-03 3.2849E-03 4.7475E-03 6.1422E-03 7.6338E-03 7.5319E-03 8.0380E-03 5.7835E-03 6.9389E-03 3.9353E-03 1.7029E-03 7.9776E-04 5.5958E-04 2.5139E-04 0
 0 1.1718E-04 3.8211E-04 5.5780E-04 8.8079E-04 1.3104E-03 1.2843E-03 7.2796E-04 2.8582E-03 1.8278E-03 1.2092E-03 3.0322E-03 4.6791E-03 6.5859E-03 7.3967E-03 7.9811E-03 7.7463E-03 5.9290E-03 6.7881E-03 3.8608E-03 1.7962E-03 9.4766E-04 5.9721E-04 2.4836E-04 0
 0 1.1666E-04 3.3394E-04 5.6450E-04 9.5327E-04 1.5070E-03 1.3025E-03 8.5146E-04 2.9016E-03 1.7902E-03 1.2055E-03 3.0689E-03 4.6473E-03 5.7676E-03 7.4875E-03 7.4720E-03 7.5041E-03 5.5478E-03 6.7730E-03 3.9835E-03 1.6338E-03 8.4857E-04 5.9558E-04 2.5593E-04 0
 0 1.2600E-04 3.3941E-04 5.4942E-04 9.5327E-04 1.4087E-03 1.3843E-03 7.4421E-04 2.8715E-03 1.9134E-03 1.2608E-03 2.6695E-03 4.8796E-03 5.9549E-03 7.7448E-03 7.7466E-03 7.9539E-03 5.3522E-03 6.5417E-03 4.0711E-03 1.5682E-03 9.2987E-04 5.7431E-04 2.4912E-04 0
 0 1.1978E-04 3.2956E-04 5.4775E-04 8.5882E-04 1.3795E-03 1.1935E-03 7.6696E-04 2.5180E-03 1.8415E-03 1.2940E-03 3.3419E-03 4.5516E-03 6.0584E-03 7.4270E-03 7.3123E-03 8.0330E-03 5.2619E-03 7.2456E-03 3.8126E-03 1.7133E-03 8.2825E-04 6.0376E-04 2.7259E-04 0
 0 1.3429E-04 3.3722E-04 5.7957E-04 9.0934E-04 1.2864E-03 1.2147E-03 8.2871E-04 3.0483E-03 1.8997E-03 1.1428E-03 3.1382E-03 4.4559E-03 6.1176E-03 7.2050E-03 7.4620E-03 7.4250E-03 5.8688E-03 6.7780E-03 3.7907E-03 1.7444E-03 8.5111E-04 5.8903E-04 2.3094E-04 0
 0 1.3585E-04 3.2956E-04 5.6282E-04 8.3247E-04 1.4087E-03 1.1541E-03 7.2796E-04 2.6748E-03 1.8655E-03 1.0691E-03 2.9466E-03 4.2919E-03 6.3000E-03 7.0889E-03 7.9911E-03 7.6227E-03 5.4224E-03 6.6624E-03 3.7337E-03 1.5993E-03 8.5111E-04 5.4649E-04 2.2564E-04 0
 0 1.2392E-04 3.3722E-04 5.6450E-04 9.0934E-04 1.4300E-03 1.2177E-03 7.2471E-04 2.9583E-03 1.4787E-03 1.1576E-03 3.1463E-03 4.2873E-03 6.1176E-03 7.0586E-03 7.4121E-03 7.8155E-03 5.5679E-03 6.8333E-03 3.9791E-03 1.7098E-03 7.5457E-04 6.2830E-04 2.3700E-04 0
 0 1.3015E-04 3.1751E-04 5.1760E-04 8.5663E-04 1.4486E-03 1.1329E-03 7.3121E-04 2.7215E-03 1.6875E-03 1.2645E-03 2.9792E-03 4.1643E-03 6.2112E-03 7.2050E-03 7.4970E-03 7.9836E-03 5.0512E-03 6.6523E-03 3.5014E-03 1.7133E-03 8.4603E-04 5.6122E-04 2.3397E-04 0
 0 1.1926E-04 3.4708E-04 5.8795E-04 8.5663E-04 1.4034E-03 1.0753E-03 7.6046E-04 2.9249E-03 1.7183E-03 1.2571E-03 2.8692E-03 4.6062E-03 6.0338E-03 6.4380E-03 7.8064E-03 7.2470E-03 5.1866E-03 6.6423E-03 3.7249E-03 1.5578E-03 7.6473E-04 5.6285E-04 2.3776E-04 0
 0 1.1822E-04 3.3832E-04 5.3937E-04 8.4345E-04 1.4831E-03 1.2268E-03 7.4421E-04 2.8349E-03 1.7423E-03 1.1834E-03 3.0241E-03 4.7338E-03 5.9352E-03 6.9123E-03 7.0627E-03 7.1927E-03 5.2468E-03 6.4914E-03 3.7118E-03 1.5578E-03 8.8414E-04 6.0539E-04 2.6956E-04 0
 0 1.2652E-04 3.2627E-04 4.3384E-04 9.3350E-04 1.4778E-03 1.2843E-03 7.6371E-04 2.8582E-03 1.8552E-03 1.2203E-03 2.9262E-03 4.5470E-03 5.7429E-03 6.6651E-03 7.4920E-03 7.8748E-03 5.3672E-03 6.2752E-03 3.6198E-03 1.6822E-03 7.9268E-04 6.2175E-04 2.4685E-04 0
 0 1.3637E-04 3.2299E-04 5.5612E-04 9.2472E-04 1.3449E-03 1.3358E-03 7.2146E-04 2.9349E-03 1.6567E-03 1.2608E-03 2.9955E-03 4.4559E-03 5.9352E-03 6.6045E-03 7.0278E-03 7.3508E-03 5.1515E-03 6.4914E-03 3.7556E-03 1.5613E-03 8.5619E-04 5.6940E-04 2.3549E-04 0
 0 1.2703E-04 3.3941E-04 5.3602E-04 9.9281E-04 1.3768E-03 1.2964E-03 7.7671E-04 2.7548E-03 1.7217E-03 1.2166E-03 2.6654E-03 4.2828E-03 5.6591E-03 6.9123E-03 6.9579E-03 7.8056E-03 5.1716E-03 6.1093E-03 4.0624E-03 1.6545E-03 7.7743E-04 5.8249E-04 2.6426E-04 0
 0 1.2185E-04 3.1861E-04 5.7957E-04 8.8299E-04 1.2599E-03 1.2995E-03 6.8247E-04 2.9382E-03 1.7320E-03 1.2203E-03 2.5350E-03 4.5516E-03 5.9992E-03 6.7054E-03 7.1326E-03 7.5684E-03 5.3070E-03 6.8735E-03 3.9616E-03 1.5509E-03 8.1808E-04 4.8922E-04 2.6123E-04 0
 0 9.9035E-05 3.5803E-04 5.0587E-04 9.1813E-04 1.2971E-03 1.1965E-03 7.2471E-04 2.7815E-03 1.7594E-03 1.1392E-03 2.8244E-03 4.4513E-03 5.7281E-03 6.7509E-03 7.1626E-03 6.9999E-03 5.2518E-03 6.2149E-03 3.6636E-03 1.5855E-03 8.6636E-04 5.6776E-04 2.2867E-04 0
 0 1.2341E-04 3.1533E-04 5.2430E-04 8.6981E-04 1.3236E-03 1.1783E-03 7.9946E-04 2.8715E-03 1.8450E-03 1.2203E-03 3.1830E-03 4.2554E-03 5.5457E-03 6.9022E-03 7.2724E-03 6.9900E-03 5.0612E-03 6.7680E-03 3.8213E-03 1.6753E-03 8.2062E-04 5.4649E-04 2.1353E-04 0
 0 1.3170E-04 3.0219E-04 5.5612E-04 8.5443E-04 1.3688E-03 1.1238E-03 6.5972E-04 2.9416E-03 1.6772E-03 1.2387E-03 3.3582E-03 4.2372E-03 5.8070E-03 6.8467E-03 7.3423E-03 7.1086E-03 4.9007E-03 6.4763E-03 3.5540E-03 1.3575E-03 8.2571E-04 6.2994E-04 2.2792E-04 0
 0 1.3274E-04 3.3832E-04 5.2262E-04 9.4668E-04 1.3183E-03 1.2450E-03 6.5972E-04 2.5514E-03 1.5574E-03 1.0875E-03 2.9018E-03 4.1689E-03 5.6739E-03 7.0637E-03 7.1676E-03 6.8614E-03 4.8706E-03 6.1445E-03 3.5979E-03 1.3126E-03 6.9105E-04 5.7103E-04 2.5593E-04 0
 0 1.2029E-04 3.2080E-04 5.3602E-04 8.5443E-04 1.2918E-03 1.2116E-03 6.6622E-04 2.7448E-03 1.5814E-03 1.0175E-03 2.9996E-03 4.3420E-03 5.7971E-03 7.3462E-03 6.7932E-03 6.8961E-03 5.0612E-03 6.1193E-03 3.6986E-03 1.4508E-03 8.3841E-04 5.6940E-04 2.3094E-04 0
 0 1.1303E-04 3.2408E-04 5.3602E-04 7.6218E-04 1.3210E-03 1.2025E-03 5.9472E-04 2.9549E-03 1.7115E-03 1.0138E-03 2.7062E-03 3.9775E-03 5.9845E-03 6.4935E-03 7.1127E-03 7.3410E-03 4.8255E-03 6.1243E-03 3.3086E-03 1.7098E-03 7.1138E-04 5.5958E-04 2.4836E-04 0
 0 1.2237E-04 3.3941E-04 5.5277E-04 8.1050E-04 1.4725E-03 1.1662E-03 7.3771E-04 2.6381E-03 1.9134E-03 1.0765E-03 2.8773E-03 3.9638E-03 5.4028E-03 6.5490E-03 6.9330E-03 6.7922E-03 5.0261E-03 6.1042E-03 3.6767E-03 1.5440E-03 7.8252E-04 6.4630E-04 2.3700E-04 0
 0 1.1407E-04 3.4270E-04 5.0420E-04 8.0611E-04 1.2200E-03 1.2177E-03 6.7272E-04 2.8082E-03 1.8210E-03 9.6220E-04 2.8040E-03 3.9593E-03 5.5457E-03 6.9729E-03 6.8281E-03 7.0196E-03 4.9609E-03 6.0791E-03 3.3744E-03 1.4542E-03 7.2154E-04 5.8085E-04 2.1277E-04 0
 0 1.3274E-04 3.2737E-04 4.5059E-04 8.4125E-04 1.3369E-03 1.1662E-03 7.2471E-04 2.7548E-03 1.6875E-03 1.1023E-03 2.8407E-03 3.9866E-03 5.5556E-03 6.2968E-03 7.0228E-03 6.6439E-03 5.2418E-03 6.4009E-03 3.4883E-03 1.3748E-03 7.4186E-04 5.5467E-04 2.2489E-04 0
 0 1.1303E-04 3.3503E-04 5.3435E-04 8.2148E-04 1.4193E-03 1.2086E-03 7.8321E-04 2.5981E-03 1.6122E-03 9.2165E-04 2.7062E-03 4.1825E-03 5.3091E-03 7.0385E-03 6.8431E-03 6.8713E-03 4.8706E-03 6.1998E-03 3.4138E-03 1.6856E-03 6.8089E-04 4.9577E-04 2.2262E-04 0
 0 1.2029E-04 3.4708E-04 5.1760E-04 8.2368E-04 1.2891E-03 1.3964E-03 7.3446E-04 2.5614E-03 1.4890E-03 1.1945E-03 2.8244E-03 4.1780E-03 5.3387E-03 6.6550E-03 6.9230E-03 7.0888E-03 4.7553E-03 5.9081E-03 3.4839E-03 1.5337E-03 6.3516E-04 5.9394E-04 2.3776E-04 0
 0 1.1926E-04 3.4270E-04 4.4557E-04 8.4564E-04 1.2519E-03 1.1086E-03 7.9946E-04 2.6181E-03 1.7902E-03 9.3271E-04 2.7958E-03 4.3192E-03 5.1169E-03 7.0586E-03 6.8880E-03 7.1581E-03 4.6700E-03 5.9886E-03 3.5102E-03 1.3402E-03 7.2154E-04 5.3831E-04 2.4154E-04 0
 0 1.4000E-04 3.6459E-04 4.7740E-04 8.8738E-04 1.1589E-03 1.0238E-03 6.6297E-04 2.6014E-03 1.7457E-03 1.0359E-03 2.7102E-03 3.9775E-03 5.2549E-03 6.7105E-03 6.8831E-03 6.9010E-03 4.5646E-03 6.1998E-03 3.3349E-03 1.3989E-03 7.3678E-04 5.3994E-04 2.2110E-04 0
 0 1.3792E-04 3.0000E-04 5.2262E-04 8.9177E-04 1.2173E-03 1.0178E-03 7.8971E-04 2.8649E-03 1.4753E-03 9.7326E-04 2.6817E-03 3.8955E-03 5.5211E-03 6.2413E-03 6.7283E-03 7.1333E-03 4.5998E-03 6.2450E-03 3.4839E-03 1.3437E-03 6.6565E-04 5.0886E-04 2.3776E-04 0
 0 1.1770E-04 2.6606E-04 5.5110E-04 8.4345E-04 1.2705E-03 1.1813E-03 5.8497E-04 2.6214E-03 1.6807E-03 8.7372E-04 2.8325E-03 3.9274E-03 5.1218E-03 6.7509E-03 6.9130E-03 6.9455E-03 4.7452E-03 6.0590E-03 3.2210E-03 1.4058E-03 6.8343E-04 5.7758E-04 2.2640E-04 0
 0 1.1978E-04 3.3065E-04 5.3937E-04 8.1270E-04 1.2997E-03 1.0572E-03 6.2397E-04 2.5214E-03 1.6464E-03 8.8847E-04 2.7062E-03 3.9729E-03 5.5112E-03 6.6752E-03 6.4738E-03 6.9949E-03 4.6098E-03 5.8377E-03 3.1772E-03 1.4300E-03 8.5111E-04 5.8412E-04 2.5290E-04 0
 0 1.3015E-04 3.3284E-04 4.6902E-04 8.1050E-04 1.3529E-03 9.5719E-04 5.6872E-04 2.8015E-03 1.5129E-03 1.0212E-03 2.6369E-03 3.7770E-03 4.9345E-03 6.5036E-03 6.6135E-03 6.9257E-03 4.7603E-03 5.7120E-03 3.2999E-03 1.1986E-03 7.2154E-04 5.6285E-04 2.4306E-04 0
 0 1.2807E-04 3.3941E-04 4.9582E-04 8.0611E-04 1.2359E-03 1.0117E-03 5.9472E-04 2.5781E-03 1.6430E-03 9.5114E-04 2.6002E-03 3.9274E-03 5.3338E-03 6.3220E-03 6.5436E-03 6.3770E-03 4.3841E-03 5.5813E-03 3.2911E-03 1.4991E-03 7.2154E-04 6.1030E-04 2.5745E-04 0
 0 1.3326E-04 3.1204E-04 5.0755E-04 7.5339E-04 1.2226E-03 1.0935E-03 7.0196E-04 2.4813E-03 1.6978E-03 1.0359E-03 2.5105E-03 3.8727E-03 4.9148E-03 6.6146E-03 6.3290E-03 6.5500E-03 4.3540E-03 5.7724E-03 3.1991E-03 1.2573E-03 7.5203E-04 5.2686E-04 2.5669E-04 0
 0 1.1926E-04 3.2518E-04 4.5059E-04 7.5120E-04 1.2067E-03 1.0996E-03 5.8497E-04 2.7448E-03 1.4034E-03 1.0875E-03 2.6980E-03 4.0868E-03 4.8802E-03 6.5743E-03 6.0645E-03 6.7774E-03 4.1784E-03 5.5009E-03 3.1596E-03 1.4438E-03 6.4532E-04 5.0722E-04 2.5669E-04 0
 0 1.3792E-04 2.7262E-04 4.6064E-04 7.6438E-04 1.0711E-03 9.3296E-04 7.7996E-04 2.7682E-03 1.6327E-03 9.2534E-04 2.5146E-03 4.1506E-03 5.1366E-03 6.5238E-03 6.6435E-03 6.0606E-03 4.3289E-03 5.6869E-03 3.3875E-03 1.4646E-03 7.4186E-04 5.4322E-04 2.3094E-04 0
 0 1.1718E-04 3.2408E-04 4.0704E-04 8.9836E-04 1.2625E-03 9.9051E-04 6.1097E-04 2.4780E-03 1.5027E-03 9.5851E-04 2.4861E-03 3.4991E-03 5.1760E-03 6.2362E-03 6.4738E-03 6.6934E-03 4.4091E-03 5.5863E-03 3.1903E-03 1.1399E-03 7.1392E-04 5.5140E-04 2.3246E-04 0
 0 1.2963E-04 3.1861E-04 5.3435E-04 8.3466E-04 1.0898E-03 9.2387E-04 6.0772E-04 2.6114E-03 1.6464E-03 9.6589E-04 2.6491E-03 3.9866E-03 5.1366E-03 6.9073E-03 6.1793E-03 6.9257E-03 4.3690E-03 6.0037E-03 3.0632E-03 1.2608E-03 7.5965E-04 5.7431E-04 2.2792E-04 0
 0 1.2029E-04 3.1533E-04 5.3435E-04 7.7096E-04 1.2280E-03 1.2177E-03 5.3622E-04 2.6514E-03 1.5198E-03 8.3317E-04 2.8203E-03 4.1233E-03 5.0774E-03 6.2816E-03 6.4937E-03 6.6884E-03 4.3991E-03 5.8076E-03 3.2122E-03 1.4128E-03 6.8597E-04 5.7921E-04 2.1959E-04 0
 0 1.3066E-04 3.0985E-04 4.9582E-04 7.9513E-04 1.1004E-03 1.0420E-03 6.8897E-04 2.4313E-03 1.5403E-03 8.8478E-04 2.7388E-03 3.6905E-03 4.9788E-03 5.8679E-03 6.2192E-03 6.2633E-03 4.3941E-03 5.7724E-03 3.1947E-03 1.1951E-03 7.7489E-04 6.0703E-04 2.3927E-04 0
 0 1.2963E-04 2.8905E-04 4.3719E-04 7.7975E-04 1.1987E-03 1.1571E-03 6.8572E-04 2.5347E-03 1.5027E-03 1.0138E-03 2.6206E-03 3.8909E-03 5.2697E-03 6.2968E-03 6.1393E-03 6.1891E-03 4.2687E-03 5.7824E-03 3.1859E-03 1.2021E-03 6.1229E-04 5.5303E-04 2.2943E-04 0
 0 1.1770E-04 3.2080E-04 5.2765E-04 7.2484E-04 1.2094E-03 9.2993E-04 5.8172E-04 2.4213E-03 1.4068E-03 9.0690E-04 2.5309E-03 3.7132E-03 4.6732E-03 6.0092E-03 5.9746E-03 6.2781E-03 4.5546E-03 5.7020E-03 3.1640E-03 1.3160E-03 6.3262E-04 4.9413E-04 2.4609E-04 0
 0 1.3222E-04 3.2627E-04 4.9247E-04 7.9293E-04 1.2386E-03 1.0026E-03 5.5897E-04 2.4213E-03 1.5437E-03 8.6266E-04 2.2782E-03 3.7451E-03 5.2647E-03 6.4330E-03 6.2142E-03 6.3918E-03 4.1784E-03 5.3349E-03 3.0588E-03 1.3022E-03 7.2154E-04 5.5140E-04 2.5290E-04 0
 0 1.1511E-04 2.9014E-04 4.6232E-04 8.3247E-04 1.1376E-03 1.0208E-03 6.2072E-04 2.5814E-03 1.4992E-03 8.1474E-04 2.6939E-03 3.8727E-03 4.8655E-03 6.2059E-03 6.2991E-03 6.6439E-03 4.5596E-03 5.7070E-03 3.0501E-03 1.1917E-03 6.5040E-04 5.2686E-04 2.3019E-04 0
 0 1.2859E-04 2.8467E-04 4.9750E-04 7.5998E-04 1.1695E-03 1.0541E-03 5.2972E-04 2.5781E-03 1.3178E-03 8.8110E-04 2.3108E-03 3.6859E-03 4.5943E-03 6.0546E-03 6.6185E-03 6.6341E-03 4.1333E-03 5.4858E-03 2.9274E-03 1.3609E-03 6.4278E-04 5.8249E-04 2.0293E-04 0
 0 1.2133E-04 3.5146E-04 4.4054E-04 7.6438E-04 1.1456E-03 9.7234E-04 5.9147E-04 2.3679E-03 1.6396E-03 6.1566E-04 2.4331E-03 3.8545E-03 4.7570E-03 6.1858E-03 6.4638E-03 6.4215E-03 4.5797E-03 5.8428E-03 3.0413E-03 1.2677E-03 5.8943E-04 4.7941E-04 2.7410E-04 0
 0 1.0785E-04 3.0766E-04 4.6232E-04 8.1929E-04 1.3050E-03 9.6931E-04 5.6872E-04 2.4780E-03 1.3692E-03 9.0322E-04 2.4616E-03 3.5674E-03 5.1267E-03 6.4532E-03 6.2691E-03 6.2287E-03 4.0580E-03 5.8930E-03 2.9449E-03 1.2642E-03 8.1554E-04 5.0068E-04 2.3397E-04 0
 0 1.1355E-04 2.8576E-04 4.3217E-04 8.3466E-04 1.2466E-03 9.7234E-04 5.5572E-04 2.3112E-03 1.4205E-03 8.7741E-04 2.1071E-03 3.6768E-03 4.5845E-03 5.7569E-03 5.8349E-03 6.2584E-03 4.1082E-03 5.6366E-03 3.1070E-03 1.3748E-03 7.0884E-04 5.5958E-04 2.1731E-04 0
 0 1.1563E-04 3.3065E-04 4.6902E-04 7.4461E-04 1.0844E-03 9.4507E-04 5.4272E-04 2.5414E-03 1.2528E-03 7.8893E-04 2.4942E-03 3.6768E-03 5.2500E-03 6.1202E-03 5.9447E-03 6.3671E-03 3.9778E-03 5.4254E-03 3.0676E-03 1.2331E-03 6.4786E-04 5.3176E-04 2.5745E-04 0
 0 1.3274E-04 2.9343E-04 5.1425E-04 7.9293E-04 1.2599E-03 9.2993E-04 6.0447E-04 2.3713E-03 1.3829E-03 7.8524E-04 2.4902E-03 3.6358E-03 4.5500E-03 6.0949E-03 6.3989E-03 6.2386E-03 3.7821E-03 5.2545E-03 3.0150E-03 1.0673E-03 6.4786E-04 5.2358E-04 2.3094E-04 0
 0 1.3066E-04 3.1533E-04 5.2430E-04 7.0946E-04 1.1216E-03 9.2690E-04 5.6547E-04 2.5080E-03 1.2596E-03 9.2902E-04 2.5757E-03 3.6221E-03 4.5993E-03 5.9638E-03 6.2192E-03 6.1842E-03 4.0630E-03 5.2344E-03 2.8835E-03 1.2850E-03 7.0884E-04 5.1213E-04 2.1807E-04 0
 0 1.2652E-04 2.8467E-04 4.8410E-04 7.1166E-04 1.1695E-03 1.0450E-03 6.0447E-04 2.5914E-03 1.3521E-03 7.3732E-04 2.2619E-03 3.4672E-03 4.3626E-03 5.8275E-03 6.0944E-03 5.9469E-03 3.9426E-03 5.5210E-03 3.1027E-03 1.1330E-03 6.7327E-04 5.0231E-04 2.5820E-04 0
 0 1.1874E-04 3.2846E-04 5.1425E-04 7.2923E-04 1.2014E-03 1.0087E-03 4.7773E-04 2.3946E-03 1.4684E-03 9.4008E-04 2.3068E-03 3.5766E-03 4.3725E-03 5.7569E-03 5.7350E-03 6.1644E-03 3.5113E-03 5.3349E-03 2.9011E-03 1.2677E-03 6.4532E-04 4.9904E-04 2.3322E-04 0
 0 1.3326E-04 2.9890E-04 4.8242E-04 8.3466E-04 1.1376E-03 8.7843E-04 5.3622E-04 2.2079E-03 1.2288E-03 7.4838E-04 2.3068E-03 3.6768E-03 5.0084E-03 5.6661E-03 6.2392E-03 5.9074E-03 3.6567E-03 5.5059E-03 3.1465E-03 1.1364E-03 6.9359E-04 4.9740E-04 2.1656E-04 0
 0 1.2548E-04 2.6715E-04 4.0537E-04 7.8854E-04 1.1137E-03 1.0420E-03 5.0372E-04 2.3179E-03 1.2528E-03 1.0028E-03 2.4983E-03 3.5082E-03 4.7521E-03 5.4037E-03 6.1843E-03 5.5811E-03 3.9577E-03 5.3198E-03 2.7345E-03 1.2780E-03 6.8089E-04 5.2195E-04 2.3549E-04 0
 0 1.1252E-04 2.9014E-04 4.6734E-04 7.0287E-04 1.1668E-03 9.3599E-04 5.1997E-04 2.4080E-03 1.3760E-03 8.5160E-04 2.4209E-03 3.5037E-03 4.5943E-03 5.7216E-03 6.1992E-03 5.7195E-03 3.6918E-03 5.2243E-03 2.6338E-03 1.2884E-03 7.0121E-04 4.7286E-04 2.1353E-04 0
 0 1.2081E-04 3.2299E-04 4.6902E-04 7.1825E-04 1.1403E-03 1.0541E-03 5.5572E-04 2.4747E-03 1.3110E-03 7.7050E-04 2.2212E-03 3.3806E-03 4.9148E-03 5.3936E-03 6.0844E-03 5.7047E-03 3.9778E-03 5.1137E-03 2.7170E-03 1.2608E-03 6.6056E-04 4.6959E-04 2.3094E-04 0
 0 1.1615E-04 3.2846E-04 4.6902E-04 8.3686E-04 1.1270E-03 9.8445E-04 4.9073E-04 2.6681E-03 1.3384E-03 8.9953E-04 2.3760E-03 3.3214E-03 4.4760E-03 5.9133E-03 5.8249E-03 6.0557E-03 3.6868E-03 5.3550E-03 3.0895E-03 1.2021E-03 6.8851E-04 5.2195E-04 2.1883E-04 0
 0 1.1044E-04 3.2299E-04 4.6064E-04 8.0172E-04 1.1509E-03 9.0873E-04 5.1347E-04 2.5680E-03 1.2904E-03 7.0045E-04 2.4698E-03 3.5811E-03 4.3429E-03 5.5299E-03 5.8149E-03 5.8134E-03 3.6969E-03 5.1087E-03 3.0062E-03 1.1779E-03 6.2500E-04 4.8595E-04 2.5063E-04 0
 0 1.3378E-04 3.2080E-04 4.5394E-04 8.0172E-04 1.1403E-03 8.6329E-04 4.6473E-04 2.3112E-03 1.2049E-03 7.4838E-04 2.1356E-03 3.4946E-03 4.5894E-03 5.6560E-03 6.1893E-03 5.8233E-03 3.5263E-03 4.7265E-03 2.5636E-03 1.1468E-03 5.7926E-04 5.5794E-04 2.3094E-04 0
 0 1.2081E-04 2.9781E-04 4.3217E-04 7.7755E-04 1.0791E-03 9.0873E-04 5.8172E-04 2.1445E-03 1.3144E-03 7.9630E-04 2.0622E-03 3.7816E-03 4.6584E-03 5.6257E-03 6.0245E-03 5.9964E-03 3.5514E-03 5.0232E-03 3.1596E-03 1.1537E-03 6.1483E-04 4.9250E-04 2.4306E-04 0
 0 1.2081E-04 3.3941E-04 5.1592E-04 7.9073E-04 1.1456E-03 7.6030E-04 4.9722E-04 2.2145E-03 1.1706E-03 9.1428E-04 2.2823E-03 3.2121E-03 4.3133E-03 5.8023E-03 5.7001E-03 6.0161E-03 3.8473E-03 5.4506E-03 2.8485E-03 1.2677E-03 6.1229E-04 4.5650E-04 2.0520E-04 0
 0 1.1978E-04 3.3284E-04 4.7572E-04 8.3247E-04 1.0499E-03 8.9358E-04 4.5823E-04 2.3413E-03 1.2631E-03 8.0736E-04 2.0908E-03 3.2485E-03 4.3528E-03 5.6409E-03 5.5653E-03 5.6058E-03 3.5664E-03 4.8874E-03 2.8879E-03 1.1088E-03 5.6402E-04 5.2358E-04 2.0899E-04 0
 0 1.3066E-04 3.1970E-04 4.8745E-04 6.9189E-04 1.1828E-03 9.7537E-04 4.9722E-04 2.3379E-03 1.2836E-03 7.4101E-04 2.2171E-03 3.5492E-03 4.5697E-03 5.3381E-03 5.5753E-03 5.7788E-03 3.4862E-03 5.0232E-03 2.7784E-03 1.0950E-03 6.2754E-04 4.3850E-04 2.0066E-04 0
 0 1.2807E-04 3.6569E-04 4.4389E-04 6.8091E-04 1.1004E-03 1.0390E-03 6.0122E-04 2.3212E-03 1.1501E-03 7.2995E-04 2.2823E-03 3.5037E-03 4.1802E-03 5.2675E-03 5.7301E-03 5.9667E-03 3.5113E-03 4.8723E-03 2.6338E-03 1.0535E-03 5.9451E-04 5.0886E-04 2.2186E-04 0
 0 1.1148E-04 3.0766E-04 4.4892E-04 6.8530E-04 1.1270E-03 7.9059E-04 4.6148E-04 2.2045E-03 1.2665E-03 8.2948E-04 2.1071E-03 3.4171E-03 4.5253E-03 5.6358E-03 6.0096E-03 5.7492E-03 3.7069E-03 5.0835E-03 2.7082E-03 1.3368E-03 5.4370E-04 5.6122E-04 2.0747E-04 0
 0 1.3326E-04 3.2408E-04 4.2379E-04 7.9513E-04 1.0393E-03 8.6632E-04 4.6148E-04 2.3879E-03 1.2323E-03 8.7372E-04 2.3271E-03 3.1346E-03 4.8704E-03 5.8376E-03 5.5304E-03 5.7047E-03 3.4962E-03 5.1388E-03 2.7521E-03 1.1157E-03 5.7164E-04 5.8903E-04 2.0444E-04 0
 0 1.3118E-04 2.9124E-04 4.5729E-04 7.5559E-04 1.0738E-03 7.9362E-04 4.9073E-04 2.3279E-03 1.1741E-03 6.3041E-04 2.2334E-03 3.3077E-03 3.9633E-03 5.5551E-03 5.4306E-03 5.5020E-03 3.6216E-03 4.6863E-03 2.7565E-03 1.0639E-03 5.7418E-04 4.9086E-04 2.2640E-04 0
 0 1.2392E-04 2.8467E-04 4.3217E-04 7.5998E-04 1.0074E-03 8.8449E-04 5.6222E-04 2.2145E-03 1.1261E-03 7.5575E-04 2.0663E-03 3.1574E-03 3.8007E-03 5.1918E-03 5.6352E-03 5.7887E-03 3.1601E-03 5.6819E-03 2.6425E-03 1.1192E-03 5.3607E-04 5.3176E-04 2.2943E-04 0
 0 9.9554E-05 2.6715E-04 4.6567E-04 6.8091E-04 1.0552E-03 7.2092E-04 5.8172E-04 2.2412E-03 1.2836E-03 6.8571E-04 2.1234E-03 3.2166E-03 3.9091E-03 5.5954E-03 5.4156E-03 5.4625E-03 4.0079E-03 5.0433E-03 2.5593E-03 1.0155E-03 5.8181E-04 4.6468E-04 2.1050E-04 0
 0 1.1926E-04 3.0766E-04 4.7740E-04 7.5339E-04 1.2625E-03 8.6632E-04 4.6473E-04 2.3046E-03 1.2459E-03 6.5621E-04 2.0826E-03 3.2531E-03 4.2788E-03 5.5299E-03 5.5603E-03 5.5762E-03 3.7871E-03 4.8220E-03 2.8003E-03 1.1261E-03 6.4024E-04 5.0558E-04 2.1201E-04 0
 0 1.1666E-04 3.0438E-04 4.6399E-04 7.5559E-04 1.0658E-03 8.3300E-04 4.8098E-04 2.2879E-03 1.1638E-03 7.5944E-04 2.1804E-03 3.4946E-03 4.3873E-03 5.4794E-03 5.7350E-03 5.8530E-03 3.6166E-03 4.8623E-03 2.7389E-03 1.1053E-03 5.4370E-04 5.0395E-04 2.2716E-04 0
 0 1.1615E-04 2.6168E-04 4.5059E-04 7.0507E-04 1.1349E-03 1.0057E-03 5.3622E-04 2.3746E-03 1.2049E-03 7.0045E-04 1.8299E-03 3.2394E-03 4.0324E-03 5.6762E-03 5.3557E-03 5.2598E-03 3.2805E-03 4.7265E-03 2.6732E-03 1.0432E-03 6.1737E-04 5.0886E-04 2.0899E-04 0
 0 1.1252E-04 2.8248E-04 4.5394E-04 6.8530E-04 9.6217E-04 8.0574E-04 4.5173E-04 2.2746E-03 1.3041E-03 7.0783E-04 2.2782E-03 3.2759E-03 4.2246E-03 5.5147E-03 5.3108E-03 5.3537E-03 3.4461E-03 4.9477E-03 2.6644E-03 1.1537E-03 5.9705E-04 4.4995E-04 2.3322E-04 0
 0 1.0266E-04 3.5912E-04 4.3049E-04 7.6877E-04 9.6217E-04 7.4213E-04 4.7773E-04 2.3179E-03 1.0851E-03 7.2257E-04 2.2252E-03 3.2804E-03 4.1704E-03 5.0606E-03 5.1161E-03 5.4130E-03 3.3558E-03 4.9276E-03 2.4146E-03 1.0501E-03 4.5731E-04 5.5631E-04 2.1807E-04 0
 0 1.2600E-04 3.3175E-04 4.6064E-04 7.9952E-04 9.8609E-04 8.3906E-04 4.6148E-04 2.2846E-03 1.1775E-03 7.8893E-04 2.1315E-03 3.4535E-03 4.1211E-03 5.0758E-03 5.1960E-03 5.6849E-03 3.0397E-03 4.7567E-03 2.6118E-03 1.0501E-03 6.3770E-04 5.0558E-04 2.0141E-04 0
 0 1.1718E-04 3.4270E-04 4.2379E-04 7.0287E-04 1.1004E-03 9.1175E-04 4.8748E-04 2.2779E-03 1.2631E-03 7.1889E-04 1.9481E-03 3.2986E-03 4.0866E-03 5.2978E-03 5.4455E-03 5.2054E-03 3.5765E-03 4.9176E-03 2.4848E-03 1.0328E-03 5.2591E-04 4.3196E-04 2.1656E-04 0
 0 1.2341E-04 2.6058E-04 5.0420E-04 7.2264E-04 9.9407E-04 8.7238E-04 3.8673E-04 2.3946E-03 1.2631E-03 5.8248E-04 1.9033E-03 3.1847E-03 4.1359E-03 5.4945E-03 5.7700E-03 5.3438E-03 3.4912E-03 4.5757E-03 2.6338E-03 1.0086E-03 5.6910E-04 4.7122E-04 2.1504E-04 0
 0 9.4369E-05 3.0219E-04 4.7405E-04 6.2160E-04 1.0153E-03 8.7238E-04 4.7448E-04 2.2045E-03 1.2562E-03 7.7418E-04 2.0581E-03 3.2440E-03 4.1753E-03 5.3482E-03 5.3307E-03 5.3636E-03 3.1250E-03 4.4701E-03 2.6294E-03 1.0363E-03 5.7926E-04 5.0722E-04 1.9611E-04 0
 0 1.2237E-04 2.7262E-04 4.0202E-04 7.3802E-04 9.1699E-04 8.4814E-04 3.4773E-04 2.0611E-03 1.2254E-03 6.7096E-04 2.0581E-03 3.1893E-03 4.2443E-03 5.3684E-03 5.1960E-03 5.0917E-03 3.4160E-03 5.0081E-03 2.3664E-03 1.0086E-03 6.1483E-04 5.2686E-04 2.3700E-04 0
 0 1.3326E-04 3.0328E-04 4.4892E-04 7.1386E-04 1.0339E-03 8.7541E-04 4.6148E-04 2.3346E-03 1.1706E-03 6.4147E-04 2.1071E-03 3.4125E-03 4.2246E-03 5.3028E-03 5.3757E-03 5.4229E-03 3.3307E-03 4.9477E-03 2.8222E-03 1.0121E-03 6.3770E-04 4.5159E-04 2.0596E-04 0
 0 1.1252E-04 3.0000E-04 3.9029E-04 7.4021E-04 1.0525E-03 6.9972E-04 4.4848E-04 2.2245E-03 1.1980E-03 7.7418E-04 2.0622E-03 3.0070E-03 4.1014E-03 5.1514E-03 5.2309E-03 5.8036E-03 3.3507E-03 4.8070E-03 2.5768E-03 9.6717E-04 5.3353E-04 4.8595E-04 2.0596E-04 0
 0 1.1563E-04 2.8029E-04 4.2882E-04 7.0507E-04 9.8609E-04 8.3603E-04 4.3873E-04 2.2079E-03 1.1604E-03 6.5621E-04 1.8218E-03 3.3533E-03 3.9190E-03 5.1514E-03 5.5104E-03 5.0077E-03 3.0648E-03 4.5555E-03 2.7214E-03 1.1606E-03 5.3861E-04 5.2358E-04 2.2943E-04 0
 0 1.1511E-04 2.8029E-04 4.6902E-04 6.7871E-04 9.1433E-04 7.3304E-04 4.4523E-04 2.2512E-03 9.4473E-04 6.0091E-04 2.0418E-03 3.0617E-03 4.0176E-03 5.2574E-03 5.4655E-03 5.1461E-03 3.2605E-03 4.5053E-03 2.4409E-03 9.3954E-04 6.1991E-04 4.7613E-04 2.0217E-04 0
 0 1.3222E-04 3.2299E-04 3.8359E-04 7.1605E-04 9.9141E-04 6.0885E-04 4.5823E-04 2.1945E-03 1.0474E-03 5.8986E-04 2.0867E-03 2.8020E-03 3.9781E-03 5.0404E-03 5.1461E-03 5.5811E-03 3.3006E-03 4.9679E-03 2.4760E-03 9.1190E-04 5.1575E-04 4.8268E-04 2.0974E-04 0
 0 1.1770E-04 2.8576E-04 4.3049E-04 7.4021E-04 1.1775E-03 8.2391E-04 5.2322E-04 2.3279E-03 1.0680E-03 5.7880E-04 2.0092E-03 2.6334E-03 3.8598E-03 5.1010E-03 5.4855E-03 5.3784E-03 3.0799E-03 4.5304E-03 2.5286E-03 9.3954E-04 5.8689E-04 4.9577E-04 2.2564E-04 0
 0 9.9554E-05 2.6168E-04 3.8024E-04 7.1825E-04 1.1243E-03 8.1482E-04 4.6148E-04 1.9544E-03 1.0166E-03 5.8617E-04 2.0459E-03 3.1209E-03 3.8795E-03 4.9748E-03 5.3357E-03 4.9385E-03 3.4360E-03 4.7868E-03 2.6250E-03 1.0742E-03 4.7764E-04 4.4505E-04 1.8778E-04 0
 0 9.9554E-05 3.2189E-04 3.7187E-04 7.5998E-04 9.6483E-04 8.5117E-04 4.3548E-04 2.1011E-03 1.0714E-03 7.1151E-04 1.9074E-03 3.1847E-03 4.1112E-03 4.8689E-03 5.0163E-03 4.9879E-03 2.8642E-03 4.8070E-03 2.7608E-03 9.6026E-04 4.6240E-04 5.1704E-04 1.9914E-04 0
 0 1.1200E-04 2.4854E-04 4.1374E-04 6.5675E-04 1.0127E-03 8.2997E-04 3.9973E-04 2.1211E-03 1.1193E-03 6.4147E-04 1.8055E-03 3.0845E-03 4.1852E-03 4.9042E-03 5.3807E-03 5.1609E-03 3.0698E-03 5.0131E-03 2.3840E-03 1.0328E-03 5.2337E-04 5.1377E-04 2.0520E-04 0
 0 1.2029E-04 2.6058E-04 4.1877E-04 6.3918E-04 9.7546E-04 7.4213E-04 4.8098E-04 2.2379E-03 1.1193E-03 6.3409E-04 2.0255E-03 3.0982E-03 3.7859E-03 4.9093E-03 5.0962E-03 5.1757E-03 3.2805E-03 4.2187E-03 2.6557E-03 1.0086E-03 5.4370E-04 4.8431E-04 2.0293E-04 0
 0 1.2807E-04 3.2408E-04 4.4054E-04 6.4577E-04 1.0127E-03 7.7242E-04 4.2898E-04 2.1812E-03 1.0748E-03 7.1889E-04 1.7443E-03 3.0253E-03 4.0077E-03 4.9446E-03 5.4006E-03 5.1510E-03 2.9394E-03 4.3243E-03 2.4103E-03 9.8789E-04 5.2337E-04 4.8759E-04 2.1050E-04 0
 0 1.2341E-04 2.7481E-04 4.4222E-04 7.4021E-04 8.7977E-04 6.6034E-04 3.8673E-04 2.0411E-03 1.1433E-03 6.3409E-04 1.8055E-03 2.9387E-03 3.6035E-03 4.8437E-03 4.8266E-03 4.8000E-03 3.0347E-03 4.8070E-03 2.5768E-03 1.0190E-03 5.8181E-04 5.1049E-04 1.9460E-04 0
 0 1.0992E-04 3.4379E-04 3.7857E-04 6.3698E-04 9.9938E-04 8.2997E-04 3.9648E-04 2.0544E-03 9.8238E-04 7.1151E-04 1.8299E-03 2.6426E-03 3.8500E-03 4.9496E-03 5.0113E-03 5.0719E-03 3.0197E-03 4.4399E-03 2.3007E-03 1.0259E-03 5.6656E-04 4.5650E-04 1.8930E-04 0
 0 9.7480E-05 2.9452E-04 3.8192E-04 7.2923E-04 9.9141E-04 6.9366E-04 3.1198E-04 2.1345E-03 1.0098E-03 6.4515E-04 1.8911E-03 3.0344E-03 3.6528E-03 4.7478E-03 4.9015E-03 5.3191E-03 2.9595E-03 4.2941E-03 2.3445E-03 9.1881E-04 5.1321E-04 4.3032E-04 2.1731E-04 0
 0 1.1563E-04 2.8357E-04 3.6852E-04 6.9409E-04 9.8875E-04 7.8150E-04 3.5098E-04 2.1878E-03 9.0365E-04 6.4884E-04 1.9929E-03 2.9114E-03 3.9436E-03 4.8033E-03 5.0512E-03 5.1263E-03 3.2103E-03 4.7215E-03 2.1517E-03 9.1881E-04 5.8435E-04 5.1704E-04 2.0066E-04 0
 0 1.0111E-04 2.6825E-04 4.6902E-04 7.0287E-04 8.9838E-04 7.1184E-04 3.0873E-04 2.2045E-03 9.9950E-04 6.0091E-04 2.0622E-03 2.6836E-03 3.5443E-03 4.8285E-03 5.1810E-03 5.0868E-03 3.0046E-03 4.4701E-03 2.4103E-03 8.4627E-04 6.0975E-04 4.8104E-04 2.1504E-04 0
 0 1.2081E-04 2.9452E-04 4.0034E-04 6.1721E-04 9.5685E-04 6.5428E-04 3.5423E-04 2.0177E-03 1.0474E-03 6.1197E-04 1.7484E-03 2.9524E-03 3.5296E-03 4.9799E-03 5.1411E-03 4.8544E-03 2.8742E-03 4.5204E-03 2.3051E-03 9.4990E-04 5.6148E-04 4.0414E-04 2.0747E-04 0
 0 1.1874E-04 2.8138E-04 4.2212E-04 6.3698E-04 1.0233E-03 7.2092E-04 3.8023E-04 2.0144E-03 1.0508E-03 5.9354E-04 1.9318E-03 2.9478E-03 3.9239E-03 4.9748E-03 4.6320E-03 4.8198E-03 3.1050E-03 4.2740E-03 2.6863E-03 8.2900E-04 5.6656E-04 4.1887E-04 2.0444E-04 0
 0 1.2341E-04 3.0876E-04 3.8527E-04 6.8969E-04 1.0020E-03 8.0271E-04 3.4448E-04 1.8977E-03 1.0611E-03 5.1981E-04 1.7769E-03 2.9159E-03 3.3718E-03 4.5914E-03 4.5721E-03 4.9830E-03 2.9545E-03 4.4751E-03 2.3489E-03 8.9463E-04 4.4715E-04 4.3032E-04 2.0596E-04 0
 0 1.0992E-04 3.2189E-04 4.3719E-04 7.6657E-04 9.2762E-04 7.0578E-04 3.7698E-04 2.1011E-03 1.1672E-03 6.1197E-04 1.7525E-03 2.5195E-03 3.4260E-03 4.9143E-03 4.9814E-03 4.9187E-03 3.0849E-03 4.3494E-03 2.3314E-03 1.0466E-03 5.3861E-04 4.9577E-04 2.1050E-04 0
 0 1.0681E-04 3.0876E-04 4.1374E-04 6.9628E-04 8.9306E-04 5.8158E-04 3.9323E-04 2.0144E-03 9.3104E-04 5.2350E-04 1.8788E-03 2.9296E-03 3.6972E-03 4.6721E-03 4.6619E-03 4.7704E-03 2.9043E-03 4.5555E-03 2.1692E-03 9.1536E-04 4.9288E-04 4.7777E-04 1.8703E-04 0
 0 1.1044E-04 2.6606E-04 4.2547E-04 6.6334E-04 9.6749E-04 6.0885E-04 4.0298E-04 1.9277E-03 1.1125E-03 6.5990E-04 1.8258E-03 3.0982E-03 3.8993E-03 4.7226E-03 4.9464E-03 4.9879E-03 2.7288E-03 4.6662E-03 2.3182E-03 8.5664E-04 5.0305E-04 4.7286E-04 2.2110E-04 0
 0 1.0889E-04 2.7044E-04 3.7857E-04 7.0068E-04 9.5951E-04 6.6943E-04 3.1198E-04 2.1712E-03 1.0303E-03 5.7880E-04 1.8625E-03 2.7246E-03 3.5296E-03 4.8033E-03 4.9414E-03 4.8050E-03 3.0347E-03 4.1533E-03 2.0378E-03 9.2226E-04 6.1991E-04 4.5977E-04 1.9536E-04 0
 0 1.1355E-04 2.8576E-04 4.1542E-04 6.3259E-04 1.0047E-03 7.8453E-04 3.8348E-04 2.2379E-03 1.0680E-03 5.4930E-04 1.8258E-03 2.9296E-03 3.6725E-03 4.8184E-03 4.7368E-03 4.6913E-03 2.4880E-03 4.3544E-03 2.1780E-03 8.9809E-04 5.5132E-04 4.4341E-04 1.9838E-04 0
 0 1.0889E-04 2.6934E-04 3.9867E-04 6.6334E-04 8.5585E-04 6.8154E-04 3.2823E-04 2.1378E-03 9.0023E-04 5.1244E-04 1.5569E-03 2.8521E-03 3.7070E-03 4.7327E-03 4.8017E-03 4.3106E-03 2.7187E-03 4.2388E-03 2.1473E-03 8.2900E-04 4.7510E-04 4.7613E-04 2.1580E-04 0
 0 1.1148E-04 2.9014E-04 4.1877E-04 7.1605E-04 9.0104E-04 6.9063E-04 3.0873E-04 2.0344E-03 1.0029E-03 6.3041E-04 1.6750E-03 2.9524E-03 3.4260E-03 4.8941E-03 5.1810E-03 4.6567E-03 2.7839E-03 4.2891E-03 2.1342E-03 9.3608E-04 4.5223E-04 4.5977E-04 1.9990E-04 0
 0 1.0992E-04 3.5146E-04 4.5897E-04 6.1062E-04 1.0074E-03 7.1486E-04 3.3148E-04 2.0444E-03 9.6184E-04 5.9354E-04 1.6261E-03 2.8476E-03 3.6429E-03 4.6873E-03 4.7717E-03 4.5529E-03 2.3525E-03 3.9874E-03 2.1999E-03 9.0154E-04 5.2083E-04 4.4014E-04 2.0444E-04 0
 0 1.1096E-04 2.9452E-04 4.1709E-04 6.3259E-04 9.6749E-04 7.3910E-04 3.6723E-04 2.0177E-03 8.7285E-04 6.0460E-04 1.6791E-03 2.8886E-03 3.4162E-03 4.4552E-03 5.1311E-03 4.6765E-03 2.6635E-03 4.3745E-03 2.3577E-03 7.5992E-04 4.9034E-04 4.6304E-04 1.8400E-04 0
 0 9.7998E-05 2.8248E-04 4.2547E-04 6.6114E-04 9.8609E-04 7.3910E-04 3.1523E-04 2.0411E-03 1.0440E-03 5.6405E-04 1.7688E-03 2.7063E-03 3.5838E-03 4.9244E-03 4.8316E-03 4.6616E-03 2.7237E-03 4.2840E-03 2.1561E-03 9.6371E-04 5.4115E-04 4.1559E-04 1.8097E-04 0
 0 1.0474E-04 2.3540E-04 4.4892E-04 6.6993E-04 8.4788E-04 7.4213E-04 4.2248E-04 2.1311E-03 1.0098E-03 5.3824E-04 1.6547E-03 3.0480E-03 3.5197E-03 4.3391E-03 4.6020E-03 4.9236E-03 2.9294E-03 4.5958E-03 2.2876E-03 8.6354E-04 5.6148E-04 4.6632E-04 2.1429E-04 0
 0 1.1615E-04 3.1204E-04 4.3049E-04 6.8091E-04 1.0127E-03 7.3607E-04 2.9574E-04 1.8143E-03 9.8923E-04 6.0829E-04 1.7729E-03 2.7063E-03 3.3767E-03 4.5157E-03 4.7118E-03 4.7012E-03 2.4278E-03 4.4298E-03 2.0991E-03 9.4990E-04 5.3607E-04 4.0905E-04 2.1731E-04 0
 0 1.0681E-04 2.6934E-04 3.9532E-04 6.5016E-04 9.5154E-04 7.3607E-04 3.9648E-04 2.1345E-03 9.5500E-04 5.2718E-04 1.5243E-03 2.6744E-03 3.4753E-03 4.7226E-03 4.1728E-03 4.3897E-03 2.4779E-03 4.1382E-03 2.1386E-03 8.7391E-04 5.5386E-04 4.8595E-04 1.9687E-04 0
 0 1.1044E-04 2.6277E-04 3.7857E-04 6.1501E-04 9.3028E-04 6.7852E-04 3.2823E-04 1.7509E-03 9.6184E-04 5.5668E-04 1.7321E-03 2.6881E-03 3.7021E-03 4.2887E-03 4.3674E-03 5.2005E-03 2.6736E-03 4.2287E-03 2.2087E-03 9.4644E-04 4.5223E-04 4.8268E-04 2.1126E-04 0
 0 1.1563E-04 2.9781E-04 3.8359E-04 5.8426E-04 9.0635E-04 6.6943E-04 3.1848E-04 2.0911E-03 9.2419E-04 5.8617E-04 1.6506E-03 2.7519E-03 3.3570E-03 4.5914E-03 4.5571E-03 4.4392E-03 2.5131E-03 4.0628E-03 1.9808E-03 8.8427E-04 4.4461E-04 3.9923E-04 2.0293E-04 0
 0 9.8517E-05 2.5949E-04 4.0202E-04 5.7548E-04 8.6383E-04 6.6034E-04 2.9574E-04 1.9210E-03 9.3104E-04 5.3824E-04 1.7892E-03 2.6107E-03 3.2288E-03 4.8134E-03 4.8116E-03 4.3304E-03 2.8040E-03 4.2136E-03 2.1210E-03 8.4282E-04 5.0050E-04 4.8104E-04 1.8627E-04 0
 0 9.9554E-05 2.7700E-04 3.5009E-04 5.9744E-04 8.4788E-04 6.9063E-04 3.8348E-04 2.0444E-03 9.7554E-04 4.0184E-04 1.6669E-03 2.5970E-03 3.5591E-03 4.7983E-03 4.5421E-03 4.5034E-03 2.8592E-03 4.1181E-03 2.1473E-03 9.2572E-04 4.6494E-04 4.4177E-04 2.1429E-04 0
 0 1.0266E-04 2.2773E-04 4.0034E-04 7.4680E-04 9.2762E-04 6.1490E-04 3.1523E-04 1.8843E-03 9.2419E-04 5.0875E-04 1.7606E-03 2.8339E-03 3.6035E-03 4.5964E-03 5.0013E-03 4.7803E-03 2.6334E-03 4.1181E-03 2.2525E-03 7.8755E-04 5.0559E-04 4.3523E-04 1.8854E-04 0
 0 1.1044E-04 3.2518E-04 3.9364E-04 6.4796E-04 7.5485E-04 7.4516E-04 3.7373E-04 1.9477E-03 8.4889E-04 5.4193E-04 1.6058E-03 2.7792E-03 3.5936E-03 4.2735E-03 4.5471E-03 4.6320E-03 2.6385E-03 4.2589E-03 1.9545E-03 8.9118E-04 5.1575E-04 4.3686E-04 1.6053E-04 0
 0 1.1563E-04 2.5839E-04 4.5562E-04 6.9848E-04 9.5951E-04 7.0881E-04 3.0223E-04 2.0044E-03 1.0406E-03 6.2672E-04 1.6506E-03 2.4512E-03 3.7465E-03 4.5611E-03 4.6020E-03 4.4441E-03 2.5030E-03 4.0728E-03 1.9589E-03 7.8410E-04 5.5894E-04 4.2214E-04 1.7340E-04 0
 0 1.0733E-04 3.0657E-04 3.5344E-04 6.4137E-04 8.5054E-04 5.9370E-04 3.3798E-04 1.9711E-03 8.4204E-04 5.2718E-04 1.5691E-03 2.4147E-03 3.3570E-03 4.0313E-03 5.0812E-03 4.2859E-03 2.6184E-03 4.3745E-03 2.3971E-03 9.2226E-04 5.1321E-04 4.6795E-04 2.0293E-04 0
 0 1.0215E-04 2.9671E-04 4.3552E-04 6.5016E-04 9.1433E-04 6.2096E-04 3.6723E-04 2.0644E-03 8.0097E-04 5.4562E-04 1.7036E-03 2.5332E-03 3.2683E-03 4.7629E-03 4.6120E-03 4.3650E-03 2.4328E-03 3.8315E-03 2.2218E-03 8.9463E-04 5.1067E-04 4.1559E-04 2.0444E-04 0
 0 1.2859E-04 2.7372E-04 3.9197E-04 6.7652E-04 9.8875E-04 6.8154E-04 3.6073E-04 1.9410E-03 8.5573E-04 5.0506E-04 1.4957E-03 2.6289E-03 3.3718E-03 4.2029E-03 4.4024E-03 4.3749E-03 2.6334E-03 3.8466E-03 1.9896E-03 7.0811E-04 5.2083E-04 4.3523E-04 1.7794E-04 0
 0 1.0266E-04 2.9562E-04 3.7689E-04 5.6669E-04 8.5851E-04 7.8150E-04 3.5098E-04 2.1345E-03 1.0303E-03 4.2027E-04 1.6832E-03 2.3829E-03 3.2436E-03 4.3643E-03 4.4173E-03 4.3502E-03 2.5281E-03 3.9672E-03 2.0158E-03 8.4973E-04 4.9796E-04 4.5977E-04 2.0823E-04 0
 0 1.2911E-04 2.9562E-04 3.4004E-04 7.0507E-04 8.4788E-04 6.0279E-04 2.9898E-04 2.0144E-03 1.0132E-03 5.5299E-04 1.4998E-03 2.7109E-03 3.2239E-03 4.3997E-03 4.6519E-03 4.2760E-03 2.9846E-03 3.8516E-03 2.0509E-03 7.9791E-04 3.7601E-04 4.7450E-04 1.9460E-04 0
 0 9.6443E-05 2.7919E-04 3.9197E-04 6.0843E-04 8.4522E-04 6.2096E-04 3.0223E-04 2.0945E-03 8.0097E-04 5.0506E-04 1.7647E-03 2.6243E-03 3.0563E-03 4.6671E-03 4.5621E-03 4.5677E-03 2.8491E-03 4.0829E-03 2.0684E-03 6.8047E-04 4.9288E-04 5.1213E-04 1.8173E-04 0
 0 1.2133E-04 2.7591E-04 4.1374E-04 6.4796E-04 7.9206E-04 5.1494E-04 3.0873E-04 1.9344E-03 8.3862E-04 5.1244E-04 1.5772E-03 2.1915E-03 3.0711E-03 4.2735E-03 4.5421E-03 4.5628E-03 2.7538E-03 3.8717E-03 2.2043E-03 6.4248E-04 5.1829E-04 4.5486E-04 2.0823E-04 0
 0 1.0785E-04 2.9343E-04 3.8192E-04 5.8646E-04 1.0206E-03 6.5125E-04 2.9249E-04 1.8610E-03 9.2761E-04 5.2350E-04 1.7729E-03 2.7838E-03 3.3028E-03 4.5813E-03 4.6170E-03 4.1426E-03 2.4428E-03 3.8466E-03 2.1035E-03 7.4265E-04 4.4207E-04 4.6468E-04 1.9687E-04 0
 0 1.2911E-04 3.1095E-04 3.8024E-04 5.5571E-04 9.5154E-04 5.8764E-04 3.5098E-04 1.8977E-03 8.8996E-04 5.4562E-04 1.4550E-03 2.4785E-03 3.3225E-03 4.1524E-03 4.4722E-03 4.4342E-03 2.6334E-03 4.0075E-03 1.9194E-03 8.4282E-04 5.8943E-04 4.1396E-04 2.0596E-04 0
 0 1.2029E-04 2.6715E-04 4.2044E-04 5.4033E-04 8.2396E-04 6.5125E-04 3.5748E-04 1.8176E-03 8.8654E-04 4.9769E-04 1.4550E-03 2.5924E-03 3.1894E-03 4.3795E-03 4.4273E-03 4.1080E-03 2.3676E-03 3.7711E-03 1.8931E-03 8.7045E-04 5.3607E-04 4.0578E-04 1.8703E-04 0
 0 1.0526E-04 3.2627E-04 3.8527E-04 6.0623E-04 8.7712E-04 5.8158E-04 2.7299E-04 1.6976E-03 7.7016E-04 4.1659E-04 1.5609E-03 2.4785E-03 2.7803E-03 4.2029E-03 4.2027E-03 4.0437E-03 2.3927E-03 3.7711E-03 2.0465E-03 6.9084E-04 3.9888E-04 3.9923E-04 2.0444E-04 0
 0 9.2813E-05 3.0766E-04 3.5009E-04 6.4137E-04 9.0104E-04 7.2395E-04 3.4448E-04 1.9944E-03 7.3593E-04 4.2027E-04 1.5080E-03 2.4330E-03 3.2486E-03 4.1978E-03 4.2127E-03 4.1327E-03 2.4479E-03 3.9572E-03 1.9589E-03 7.8755E-04 4.1158E-04 4.3196E-04 2.1429E-04 0
 0 9.7998E-05 2.7481E-04 3.5847E-04 5.5571E-04 8.6383E-04 6.1188E-04 3.4123E-04 1.6642E-03 9.6869E-04 5.3087E-04 1.7688E-03 2.2598E-03 3.0021E-03 4.4602E-03 4.1927E-03 4.2068E-03 2.4729E-03 3.9270E-03 1.9983E-03 8.3246E-04 4.4969E-04 4.4832E-04 2.0520E-04 0
 0 1.1563E-04 2.6606E-04 3.5344E-04 6.9628E-04 9.4622E-04 7.3304E-04 2.2749E-04 1.6976E-03 7.2224E-04 4.3870E-04 1.4998E-03 2.6289E-03 2.7211E-03 3.9910E-03 4.5222E-03 4.2662E-03 2.7087E-03 3.9421E-03 1.9151E-03 7.4610E-04 4.3445E-04 4.2868E-04 2.1807E-04 0
 0 1.0422E-04 2.7481E-04 3.9532E-04 6.3478E-04 7.9206E-04 5.7250E-04 2.7299E-04 1.7776E-03 8.4546E-04 4.4976E-04 1.6058E-03 2.7018E-03 3.5493E-03 4.1474E-03 4.0330E-03 3.9696E-03 2.2873E-03 3.7862E-03 1.7529E-03 7.0120E-04 5.2337E-04 4.4668E-04 1.8703E-04 0
 0 1.1718E-04 2.8467E-04 3.6349E-04 6.7871E-04 8.9572E-04 6.6034E-04 3.2498E-04 1.9477E-03 8.5573E-04 5.2350E-04 1.5895E-03 2.2690E-03 2.9035E-03 3.9910E-03 4.1328E-03 4.1673E-03 2.3927E-03 3.9270E-03 2.0465E-03 7.7028E-04 5.2591E-04 4.1069E-04 1.9914E-04 0
 0 1.1978E-04 2.5949E-04 3.6349E-04 5.7328E-04 8.7180E-04 6.6034E-04 3.1523E-04 1.7943E-03 8.7627E-04 4.0921E-04 1.5691E-03 2.5970E-03 3.0465E-03 4.5157E-03 4.4972E-03 4.2118E-03 2.5582E-03 3.5298E-03 1.8669E-03 6.9774E-04 5.4878E-04 4.1396E-04 1.7794E-04 0
 0 1.0266E-04 2.7810E-04 3.6852E-04 5.7108E-04 6.9106E-04 7.3001E-04 3.8023E-04 1.8143E-03 9.0023E-04 4.7557E-04 1.4590E-03 2.5514E-03 3.2584E-03 4.2079E-03 4.2975E-03 4.1080E-03 2.2673E-03 3.7008E-03 1.9063E-03 8.0828E-04 4.7256E-04 4.3196E-04 2.1201E-04 0
 0 1.0629E-04 2.7810E-04 3.5176E-04 5.7548E-04 8.6914E-04 6.1188E-04 3.2823E-04 1.9811E-03 8.9681E-04 4.7557E-04 1.5080E-03 2.3464E-03 2.7803E-03 4.1373E-03 4.0829E-03 4.3700E-03 2.4779E-03 4.1533E-03 1.8449E-03 7.1501E-04 4.5223E-04 3.8778E-04 2.2110E-04 0
 0 9.9554E-05 2.9014E-04 3.9867E-04 6.4357E-04 8.2927E-04 5.9067E-04 2.7624E-04 1.7143E-03 8.5231E-04 4.8294E-04 1.3898E-03 2.4102E-03 3.0070E-03 4.0263E-03 4.2476E-03 4.0981E-03 2.4880E-03 3.6354E-03 1.7354E-03 7.7028E-04 4.9542E-04 4.6795E-04 1.9687E-04 0
 0 9.9554E-05 2.9014E-04 3.8192E-04 6.8091E-04 7.7080E-04 6.1188E-04 2.8599E-04 1.7710E-03 7.8727E-04 4.0921E-04 1.3898E-03 2.4694E-03 2.8296E-03 3.8598E-03 3.9981E-03 3.8756E-03 2.2221E-03 3.7510E-03 1.9633E-03 6.9429E-04 4.7002E-04 3.8287E-04 2.2110E-04 0
 0 9.9035E-05 2.5182E-04 3.4674E-04 5.7548E-04 8.3459E-04 5.9673E-04 2.8274E-04 1.6576E-03 7.5305E-04 4.9769E-04 1.6424E-03 2.4649E-03 3.2239E-03 3.8800E-03 4.3924E-03 4.0882E-03 2.2221E-03 3.7008E-03 1.8055E-03 7.1501E-04 4.3699E-04 4.1559E-04 1.7567E-04 0
 0 1.1407E-04 2.8686E-04 3.1324E-04 5.9964E-04 7.2030E-04 5.4221E-04 3.0873E-04 1.8877E-03 8.1466E-04 4.9769E-04 1.6669E-03 2.4740E-03 3.0760E-03 4.0011E-03 3.9731E-03 3.6136E-03 2.3576E-03 3.4192E-03 1.7792E-03 6.8393E-04 4.2175E-04 3.9923E-04 1.7340E-04 0
 0 1.0422E-04 2.5620E-04 4.1039E-04 5.9305E-04 8.0004E-04 5.0889E-04 2.6974E-04 1.8243E-03 8.1808E-04 4.4608E-04 1.5732E-03 2.4922E-03 3.0021E-03 3.8043E-03 4.1428E-03 4.2563E-03 2.2572E-03 3.6505E-03 1.8230E-03 6.3557E-04 4.4207E-04 4.1232E-04 1.9384E-04 0
 0 1.0941E-04 3.0766E-04 3.3501E-04 5.7108E-04 9.2496E-04 5.5129E-04 2.7299E-04 1.8710E-03 7.7358E-04 3.9815E-04 1.5202E-03 2.4193E-03 2.8246E-03 4.0818E-03 3.8433E-03 3.9498E-03 2.1669E-03 3.6907E-03 1.8493E-03 7.3229E-04 4.6748E-04 4.3196E-04 1.5825E-04 0
 0 1.0163E-04 2.7919E-04 3.4841E-04 5.5571E-04 8.1598E-04 5.6644E-04 2.7299E-04 1.9144E-03 8.1123E-04 4.4239E-04 1.6628E-03 2.2872E-03 3.1401E-03 4.0717E-03 4.3325E-03 3.9794E-03 2.0867E-03 3.6102E-03 1.9720E-03 6.3211E-04 3.9634E-04 4.1396E-04 1.8627E-04 0
 0 9.3332E-05 2.8905E-04 3.2664E-04 5.9525E-04 8.6383E-04 6.3308E-04 2.4049E-04 1.9010E-03 7.4278E-04 5.0875E-04 1.4794E-03 2.5514E-03 2.8739E-03 3.8749E-03 4.2476E-03 3.9102E-03 2.2171E-03 3.6706E-03 1.9939E-03 6.5975E-04 4.9796E-04 3.4033E-04 1.8021E-04 0
 0 1.0733E-04 2.5182E-04 3.4841E-04 6.2600E-04 8.0004E-04 6.6337E-04 2.3399E-04 1.6375E-03 7.8385E-04 3.7235E-04 1.5202E-03 2.1869E-03 2.8493E-03 3.9002E-03 3.8683E-03 4.0734E-03 2.3576E-03 3.7762E-03 1.7661E-03 7.5646E-04 3.8618E-04 4.2050E-04 2.2034E-04 0
 0 1.2289E-04 2.4525E-04 3.7187E-04 5.8426E-04 8.1067E-04 5.9370E-04 2.9574E-04 1.8343E-03 8.6258E-04 3.9815E-04 1.3449E-03 2.4876E-03 2.6422E-03 3.7286E-03 4.6070E-03 3.6581E-03 2.4077E-03 3.3186E-03 1.7967E-03 7.3229E-04 4.2175E-04 3.3869E-04 2.0899E-04 0
 0 9.9035E-05 2.6715E-04 3.4506E-04 5.6010E-04 8.2396E-04 5.6341E-04 2.2099E-04 1.7810E-03 7.5305E-04 4.9032E-04 1.5039E-03 2.4102E-03 2.9183E-03 3.8548E-03 4.2826E-03 3.7916E-03 2.3576E-03 3.7561E-03 1.6434E-03 7.0120E-04 3.7601E-04 3.8287E-04 1.8778E-04 0
 0 1.0681E-04 2.3978E-04 3.2831E-04 5.7987E-04 7.6283E-04 5.8461E-04 2.4699E-04 1.6075E-03 8.9339E-04 4.6082E-04 1.4020E-03 2.3282E-03 2.6817E-03 3.8548E-03 4.0130E-03 3.7471E-03 2.1068E-03 3.3438E-03 1.6390E-03 6.4248E-04 3.5569E-04 4.2868E-04 2.0217E-04 0
 0 9.7998E-05 2.3868E-04 3.5512E-04 5.5132E-04 8.4256E-04 5.5129E-04 2.2749E-04 1.7343E-03 7.3935E-04 3.3179E-04 1.3449E-03 2.1778E-03 2.8493E-03 4.0364E-03 3.7685E-03 3.9844E-03 2.2221E-03 3.6605E-03 1.8844E-03 6.4938E-04 3.7855E-04 4.0578E-04 2.1201E-04 0
 0 1.0681E-04 2.8576E-04 3.3501E-04 5.2057E-04 7.8941E-04 5.7250E-04 2.8274E-04 1.6609E-03 7.7016E-04 3.7235E-04 1.4061E-03 2.2735E-03 2.7458E-03 3.8194E-03 3.8833E-03 3.7718E-03 2.1820E-03 3.4845E-03 1.8099E-03 6.6666E-04 3.4807E-04 4.6632E-04 1.9233E-04 0
 0 1.0785E-04 2.9562E-04 3.5176E-04 5.9305E-04 8.3459E-04 5.6947E-04 2.1124E-04 1.7509E-03 6.4351E-04 4.0921E-04 1.5202E-03 2.0822E-03 2.7605E-03 3.8447E-03 3.8533E-03 3.5246E-03 2.3325E-03 3.4695E-03 1.8230E-03 7.1156E-04 4.2937E-04 4.9086E-04 1.8854E-04 0
 0 1.1563E-04 2.7044E-04 4.3049E-04 5.5571E-04 7.3625E-04 6.0279E-04 2.5674E-04 1.7710E-03 7.7016E-04 4.3502E-04 1.3205E-03 2.2234E-03 2.8887E-03 3.9658E-03 4.3924E-03 3.8460E-03 2.1870E-03 3.3538E-03 1.7003E-03 6.2175E-04 4.1158E-04 3.9105E-04 1.8021E-04 0
 0 1.0111E-04 2.5839E-04 3.2999E-04 5.6230E-04 7.3625E-04 6.6034E-04 2.9574E-04 1.8010E-03 6.8459E-04 5.2718E-04 1.3205E-03 2.4558E-03 2.8986E-03 3.9607E-03 4.0679E-03 3.4900E-03 2.1318E-03 3.2180E-03 1.7354E-03 6.2175E-04 4.0650E-04 3.4524E-04 1.9990E-04 0
 0 1.0215E-04 2.2445E-04 3.3836E-04 6.3698E-04 7.4688E-04 5.3918E-04 2.4049E-04 1.7409E-03 7.1539E-04 3.6497E-04 1.4509E-03 2.2234E-03 2.8690E-03 3.5520E-03 4.0679E-03 3.6532E-03 1.9212E-03 3.4192E-03 1.9238E-03 7.3229E-04 3.6585E-04 3.6651E-04 2.1277E-04 0
 0 8.8146E-05 2.9671E-04 3.7689E-04 5.4912E-04 7.2561E-04 5.2100E-04 2.1774E-04 1.6609E-03 7.3593E-04 2.8755E-04 1.3490E-03 2.0685E-03 3.0070E-03 3.5672E-03 3.8234E-03 3.4950E-03 2.2322E-03 3.3287E-03 1.8230E-03 5.3540E-04 3.6839E-04 4.2050E-04 2.1126E-04 0
 0 9.6443E-05 2.6496E-04 3.5679E-04 6.2160E-04 8.2662E-04 5.6947E-04 2.2424E-04 1.6275E-03 7.3935E-04 3.1336E-04 1.4264E-03 2.2006E-03 2.8296E-03 3.8648E-03 4.0929E-03 3.7125E-03 2.0265E-03 3.4242E-03 1.6258E-03 7.1156E-04 4.0650E-04 3.9269E-04 1.7567E-04 0
 0 9.5924E-05 2.4963E-04 3.8024E-04 6.0403E-04 8.0004E-04 5.8764E-04 1.9499E-04 1.7810E-03 7.3251E-04 4.1290E-04 1.2227E-03 2.2735E-03 2.7359E-03 3.8144E-03 3.7984E-03 3.3615E-03 2.0666E-03 3.3890E-03 1.8011E-03 7.4265E-04 5.0559E-04 3.5015E-04 1.9006E-04 0
 0 9.8517E-05 2.4963E-04 3.5847E-04 5.1398E-04 8.5585E-04 5.0283E-04 2.6324E-04 1.7710E-03 7.6674E-04 2.6912E-04 1.3694E-03 2.2052E-03 2.6767E-03 4.1928E-03 3.8932E-03 3.6186E-03 2.1569E-03 3.2935E-03 1.6346E-03 5.9066E-04 4.1412E-04 3.9269E-04 1.7945E-04 0
 0 1.0318E-04 2.5073E-04 3.2664E-04 4.9201E-04 7.5485E-04 5.2403E-04 2.5674E-04 1.7910E-03 7.3593E-04 3.9815E-04 1.4101E-03 2.1414E-03 2.7014E-03 3.7437E-03 3.9931E-03 3.6334E-03 1.9613E-03 3.5399E-03 1.5908E-03 7.1847E-04 4.2429E-04 3.8123E-04 2.1050E-04 0
 0 9.5406E-05 2.8029E-04 3.4339E-04 6.0403E-04 8.4522E-04 4.6042E-04 1.9174E-04 1.6209E-03 7.4278E-04 3.8709E-04 1.3205E-03 2.2690E-03 2.7901E-03 3.6277E-03 3.6836E-03 3.3665E-03 1.8710E-03 3.6656E-03 1.7967E-03 6.5629E-04 3.9380E-04 3.6814E-04 2.0217E-04 0
 0 1.0992E-04 2.1898E-04 3.4171E-04 5.1398E-04 8.3459E-04 5.8764E-04 2.4049E-04 1.6842E-03 7.5647E-04 5.0506E-04 1.2145E-03 2.3236E-03 2.8739E-03 3.6327E-03 3.6187E-03 3.6631E-03 1.9011E-03 3.1627E-03 1.6477E-03 6.7356E-04 4.6748E-04 3.7960E-04 1.7491E-04 0
 0 9.8517E-05 3.0876E-04 3.8024E-04 6.1941E-04 8.3459E-04 5.4826E-04 2.4049E-04 1.4341E-03 7.0512E-04 3.2073E-04 1.2064E-03 2.1414E-03 2.9084E-03 3.8800E-03 4.1079E-03 3.6977E-03 1.9763E-03 3.4896E-03 1.7222E-03 7.0465E-04 4.2175E-04 3.9596E-04 1.8021E-04 0
 0 1.0474E-04 2.3649E-04 3.7522E-04 6.2160E-04 8.8243E-04 5.3918E-04 1.8849E-04 1.7209E-03 6.6063E-04 4.3133E-04 1.3327E-03 2.0184E-03 2.6620E-03 4.0263E-03 3.8084E-03 3.5840E-03 2.0415E-03 3.2784E-03 1.6959E-03 5.4921E-04 4.2175E-04 3.5342E-04 1.8930E-04 0
 0 9.7998E-05 3.0000E-04 3.7689E-04 4.9860E-04 8.1067E-04 5.5129E-04 2.3399E-04 1.7443E-03 6.9143E-04 3.2073E-04 1.4061E-03 2.2006E-03 2.5634E-03 3.7337E-03 3.8583E-03 3.5444E-03 2.0566E-03 3.4292E-03 1.6872E-03 6.8393E-04 3.9888E-04 3.7469E-04 1.5977E-04 0
 0 8.2443E-05 2.8467E-04 3.5679E-04 5.4912E-04 7.5751E-04 5.2403E-04 2.1774E-04 1.7243E-03 7.3935E-04 4.1659E-04 1.1901E-03 2.2507E-03 2.6570E-03 3.7942E-03 3.8833E-03 3.3368E-03 2.0064E-03 3.3236E-03 1.5119E-03 6.2866E-04 4.4207E-04 4.0087E-04 1.8476E-04 0
 0 9.7998E-05 2.7262E-04 4.0369E-04 4.6126E-04 8.4256E-04 4.8465E-04 2.8924E-04 1.5608E-03 6.8116E-04 4.3133E-04 1.1982E-03 2.2416E-03 2.4993E-03 3.6327E-03 3.8833E-03 3.5593E-03 2.1519E-03 3.1527E-03 1.7354E-03 7.4265E-04 4.1158E-04 3.6324E-04 1.8627E-04 0
 0 8.9184E-05 2.3868E-04 2.9984E-04 5.4912E-04 7.8675E-04 6.2096E-04 2.0474E-04 1.5775E-03 7.9754E-04 2.9493E-04 1.2145E-03 2.1824E-03 2.4401E-03 3.8295E-03 3.7535E-03 3.3121E-03 1.8911E-03 3.3588E-03 1.5689E-03 5.5612E-04 3.5315E-04 3.5015E-04 2.0293E-04 0
 0 1.1096E-04 2.9671E-04 3.0151E-04 4.7664E-04 7.9472E-04 5.2706E-04 1.8524E-04 1.7443E-03 6.1955E-04 4.3502E-04 1.3164E-03 1.9956E-03 2.7556E-03 3.6731E-03 3.8184E-03 3.2775E-03 1.9563E-03 3.1778E-03 1.7135E-03 5.2503E-04 3.8110E-04 3.7633E-04 1.9006E-04 0
 0 9.1776E-05 2.7262E-04 3.3501E-04 5.5132E-04 6.5119E-04 5.2403E-04 3.0548E-04 1.7109E-03 7.4962E-04 4.3133E-04 1.4346E-03 2.1140E-03 2.5781E-03 3.7488E-03 3.7884E-03 2.9957E-03 1.9864E-03 3.1829E-03 1.6696E-03 5.1467E-04 4.2175E-04 4.1723E-04 1.6961E-04 0
 0 1.1615E-04 2.6606E-04 4.0034E-04 5.4692E-04 7.3093E-04 5.1192E-04 2.3724E-04 1.6275E-03 6.1270E-04 3.6129E-04 1.2349E-03 2.1869E-03 2.4648E-03 3.6782E-03 3.5638E-03 3.3170E-03 1.9462E-03 3.3588E-03 1.4593E-03 4.9740E-04 3.7855E-04 3.6651E-04 1.9536E-04 0
 0 7.9332E-05 2.7591E-04 3.0319E-04 5.5132E-04 6.5917E-04 4.9374E-04 1.9174E-04 1.7143E-03 7.7016E-04 2.9861E-04 1.1819E-03 1.8225E-03 2.8197E-03 3.6580E-03 3.7834E-03 3.8756E-03 1.9763E-03 3.7611E-03 1.6477E-03 6.2175E-04 3.9126E-04 3.5015E-04 1.8930E-04 0
 0 1.0578E-04 2.6387E-04 3.5176E-04 5.6450E-04 7.4422E-04 4.6042E-04 2.1449E-04 1.4441E-03 7.2566E-04 2.8387E-04 1.3368E-03 2.0366E-03 2.7950E-03 3.8699E-03 3.6387E-03 3.3813E-03 1.9513E-03 3.2633E-03 1.5075E-03 5.3194E-04 3.4807E-04 3.8451E-04 1.9006E-04 0
 0 8.5035E-05 3.0219E-04 3.4339E-04 4.7224E-04 7.6548E-04 4.6951E-04 2.1124E-04 1.7409E-03 5.9559E-04 3.2811E-04 1.1126E-03 1.9865E-03 2.4796E-03 3.3199E-03 3.5139E-03 3.3022E-03 1.8509E-03 3.2985E-03 1.6171E-03 5.8030E-04 3.7855E-04 3.5669E-04 1.7113E-04 0
 0 8.0369E-05 2.6496E-04 3.0151E-04 5.6010E-04 7.0967E-04 5.4221E-04 2.2749E-04 1.6776E-03 7.2908E-04 4.2027E-04 1.3694E-03 2.3555E-03 2.6915E-03 3.4612E-03 3.9182E-03 3.6433E-03 1.7757E-03 2.9767E-03 1.5995E-03 6.5629E-04 3.9126E-04 3.7960E-04 1.9611E-04 0
 0 9.5406E-05 2.8905E-04 2.9314E-04 5.1178E-04 6.8309E-04 4.3316E-04 1.7224E-04 1.5742E-03 6.4009E-04 3.2073E-04 1.1778E-03 2.0730E-03 2.4401E-03 3.6731E-03 3.7585E-03 2.9858E-03 1.9262E-03 3.3940E-03 1.6390E-03 5.5958E-04 4.6748E-04 4.3523E-04 1.9838E-04 0
 0 9.9035E-05 2.6715E-04 3.6349E-04 5.5351E-04 7.9472E-04 4.9071E-04 1.9174E-04 1.6309E-03 7.4962E-04 3.2442E-04 1.1656E-03 2.0411E-03 2.5634E-03 3.8447E-03 3.5339E-03 3.2280E-03 1.9212E-03 3.2734E-03 1.4987E-03 5.5612E-04 4.4207E-04 3.2560E-04 1.8400E-04 0
 0 1.0474E-04 2.5949E-04 3.0319E-04 4.7664E-04 7.7080E-04 5.6947E-04 2.5999E-04 1.6776E-03 7.7016E-04 3.5760E-04 1.1208E-03 1.9136E-03 2.4500E-03 3.7337E-03 3.8234E-03 3.3714E-03 1.9864E-03 3.1728E-03 1.5995E-03 5.4576E-04 4.0142E-04 3.6160E-04 1.7491E-04 0
 0 1.1666E-04 2.4197E-04 3.4506E-04 5.4692E-04 7.8675E-04 4.8162E-04 2.4374E-04 1.7042E-03 8.1808E-04 2.6175E-04 1.2390E-03 2.0822E-03 2.6077E-03 3.6681E-03 3.7335E-03 3.4802E-03 1.7406E-03 3.2482E-03 1.5382E-03 5.2503E-04 4.0142E-04 3.9432E-04 1.7264E-04 0
 0 1.0163E-04 2.7481E-04 3.2664E-04 5.8866E-04 7.3093E-04 5.2100E-04 2.4049E-04 1.6642E-03 7.3935E-04 4.2396E-04 1.2308E-03 1.9910E-03 2.6767E-03 3.3855E-03 3.5788E-03 3.2874E-03 1.6653E-03 3.2482E-03 1.6916E-03 5.5612E-04 4.3953E-04 3.5342E-04 1.8703E-04 0
 0 1.0163E-04 3.0000E-04 3.2831E-04 4.8982E-04 6.5385E-04 4.4528E-04 1.9824E-04 1.4341E-03 4.9975E-04 3.9815E-04 1.2512E-03 2.0548E-03 2.3366E-03 3.2897E-03 3.6537E-03 3.2528E-03 1.8810E-03 3.2130E-03 1.4724E-03 6.4248E-04 3.4299E-04 4.0905E-04 1.7945E-04 0
 0 1.0318E-04 2.8686E-04 3.2664E-04 4.3051E-04 8.2662E-04 4.9980E-04 2.3724E-04 1.6442E-03 6.2982E-04 3.5391E-04 1.1004E-03 2.0184E-03 2.3415E-03 3.6882E-03 3.3392E-03 3.2033E-03 1.9713E-03 3.0823E-03 1.5557E-03 5.3194E-04 4.2683E-04 3.4687E-04 2.1050E-04 0
 0 1.0889E-04 2.7481E-04 2.9984E-04 5.0080E-04 6.9106E-04 4.9677E-04 2.3724E-04 1.7843E-03 7.4278E-04 3.0967E-04 1.2634E-03 2.1733E-03 2.3859E-03 3.6277E-03 3.5738E-03 3.5197E-03 1.6854E-03 3.1376E-03 1.5645E-03 4.3868E-04 3.7601E-04 3.6324E-04 1.8476E-04 0
 0 9.9035E-05 2.7153E-04 3.1826E-04 4.8542E-04 6.5385E-04 4.9677E-04 2.1124E-04 1.6242E-03 6.1613E-04 3.6129E-04 1.2797E-03 1.9227E-03 2.5289E-03 3.3704E-03 3.9182E-03 3.2577E-03 1.8208E-03 3.0421E-03 1.6258E-03 4.3868E-04 2.8201E-04 3.7305E-04 1.6128E-04 0
 0 8.7109E-05 2.4744E-04 4.1039E-04 5.2716E-04 7.5219E-04 4.9374E-04 2.6649E-04 1.6309E-03 6.1613E-04 3.1705E-04 1.0719E-03 2.1004E-03 2.1789E-03 3.4562E-03 3.4141E-03 3.2379E-03 1.8108E-03 2.8912E-03 1.4067E-03 4.8704E-04 3.1250E-04 3.2069E-04 2.0974E-04 0
 0 8.9702E-05 2.7591E-04 3.2664E-04 4.7664E-04 7.3093E-04 4.6345E-04 2.3399E-04 1.6175E-03 5.8874E-04 3.4285E-04 1.1615E-03 2.0275E-03 2.4401E-03 3.5772E-03 3.6387E-03 3.4357E-03 1.8359E-03 3.1627E-03 1.7924E-03 5.5267E-04 3.6839E-04 3.8287E-04 2.0747E-04 0
 0 9.1258E-05 2.2883E-04 3.2329E-04 5.2716E-04 7.1498E-04 5.1192E-04 2.0149E-04 1.6809E-03 5.9559E-04 3.3179E-04 1.2838E-03 1.9956E-03 2.4549E-03 3.5117E-03 3.5289E-03 3.1638E-03 1.8259E-03 3.0320E-03 1.3804E-03 5.5612E-04 3.5315E-04 3.4360E-04 1.7643E-04 0
 0 9.1776E-05 2.5511E-04 3.1826E-04 4.5028E-04 7.0435E-04 5.9673E-04 2.4374E-04 1.6042E-03 5.8532E-04 3.2811E-04 1.2308E-03 1.8635E-03 2.7458E-03 3.8093E-03 3.8533E-03 3.0600E-03 1.6503E-03 3.1074E-03 1.4242E-03 5.4921E-04 3.7093E-04 3.7305E-04 1.7415E-04 0
 0 1.0526E-04 2.7591E-04 3.8192E-04 5.1617E-04 8.1333E-04 5.3615E-04 3.1523E-04 1.4341E-03 6.0244E-04 3.9815E-04 1.0841E-03 2.1459E-03 2.5190E-03 3.3502E-03 3.4340E-03 2.9957E-03 1.7005E-03 2.9918E-03 1.5557E-03 4.5595E-04 4.7764E-04 3.7469E-04 1.8400E-04 0
 0 8.6072E-05 2.4963E-04 2.9314E-04 5.0519E-04 7.7346E-04 4.7254E-04 2.5024E-04 1.3841E-03 6.3667E-04 3.3548E-04 1.0311E-03 2.1505E-03 2.4204E-03 3.4461E-03 3.3891E-03 3.2626E-03 1.5801E-03 3.0823E-03 1.5031E-03 5.4231E-04 3.4299E-04 3.4524E-04 1.9233E-04 0
 0 1.0370E-04 2.4416E-04 3.1826E-04 5.2496E-04 6.1132E-04 4.9980E-04 2.2099E-04 1.4675E-03 6.4351E-04 2.6912E-04 1.0841E-03 1.8999E-03 2.3465E-03 3.2947E-03 3.3741E-03 3.1934E-03 1.6653E-03 3.0923E-03 1.3234E-03 5.0431E-04 3.6077E-04 3.8778E-04 1.7491E-04 0
 0 9.0739E-05 2.2773E-04 3.4506E-04 5.1617E-04 6.6980E-04 4.4225E-04 1.8849E-04 1.6309E-03 5.6821E-04 3.0599E-04 1.0189E-03 1.9728E-03 2.2035E-03 3.3653E-03 3.5638E-03 3.1489E-03 1.5500E-03 2.9164E-03 1.5338E-03 6.8393E-04 3.7347E-04 3.6324E-04 1.5068E-04 0
 0 8.7109E-05 2.6825E-04 3.0654E-04 5.2935E-04 7.1233E-04 4.8162E-04 2.1449E-04 1.4541E-03 5.4767E-04 2.2488E-04 1.2104E-03 1.8817E-03 2.2922E-03 3.2594E-03 3.3093E-03 3.1193E-03 1.5751E-03 2.7454E-03 1.4593E-03 4.8704E-04 2.8709E-04 3.4524E-04 1.7643E-04 0
 0 1.0266E-04 2.5073E-04 3.5344E-04 5.1617E-04 8.1598E-04 5.3918E-04 1.6249E-04 1.5075E-03 7.0855E-04 2.6175E-04 1.1534E-03 1.8361E-03 2.4105E-03 3.1585E-03 3.2344E-03 3.1341E-03 1.7907E-03 2.9164E-03 1.4900E-03 6.0793E-04 3.1250E-04 3.8451E-04 1.8021E-04 0
 0 1.0318E-04 2.1131E-04 2.8811E-04 5.5791E-04 5.6880E-04 5.2706E-04 2.1449E-04 1.4841E-03 5.7848E-04 2.4700E-04 1.1575E-03 1.8225E-03 2.3563E-03 3.5167E-03 3.5788E-03 3.3319E-03 1.8158E-03 2.7655E-03 1.5645E-03 5.9412E-04 3.8364E-04 3.6324E-04 1.8476E-04 0
 0 1.0370E-04 2.4854E-04 3.2161E-04 5.6010E-04 6.9106E-04 4.3922E-04 1.8849E-04 1.3841E-03 5.9901E-04 2.8755E-04 1.1371E-03 2.1687E-03 2.5091E-03 3.2039E-03 3.3093E-03 3.0649E-03 1.6152E-03 3.3940E-03 1.4637E-03 5.7685E-04 3.5569E-04 3.6978E-04 1.7945E-04 0
 0 1.0526E-04 2.9233E-04 3.1994E-04 5.3155E-04 6.7511E-04 4.6345E-04 2.2099E-04 1.4308E-03 6.0244E-04 3.3179E-04 9.8628E-04 2.0047E-03 2.1739E-03 3.4309E-03 3.4390E-03 3.2775E-03 1.7356E-03 2.9214E-03 1.5250E-03 5.3194E-04 3.5315E-04 3.7796E-04 1.9914E-04 0
 0 9.3332E-05 2.6496E-04 3.2161E-04 5.2496E-04 6.8309E-04 4.7254E-04 2.0799E-04 1.5942E-03 6.1613E-04 3.6497E-04 1.1289E-03 1.9181E-03 2.4007E-03 3.4208E-03 3.3642E-03 3.1143E-03 1.6453E-03 2.9968E-03 1.3015E-03 5.1813E-04 4.4715E-04 3.2888E-04 1.9460E-04 0
 0 9.2813E-05 2.7372E-04 3.1994E-04 5.1178E-04 5.9803E-04 5.2100E-04 1.9174E-04 1.4074E-03 5.4767E-04 3.0230E-04 1.1126E-03 1.7313E-03 2.3662E-03 3.1887E-03 3.3292E-03 3.1292E-03 1.5650E-03 3.1426E-03 1.3497E-03 5.6994E-04 4.1412E-04 3.3706E-04 1.7718E-04 0
 0 1.0266E-04 2.9014E-04 3.2161E-04 4.3930E-04 6.7777E-04 4.5739E-04 1.6249E-04 1.4541E-03 6.0586E-04 2.7649E-04 1.1697E-03 1.8225E-03 2.1345E-03 3.2947E-03 3.1346E-03 3.1638E-03 1.5550E-03 3.0320E-03 1.4286E-03 5.4576E-04 3.8618E-04 3.3869E-04 1.4765E-04 0
 0 9.7480E-05 2.7372E-04 3.3166E-04 4.9640E-04 6.8043E-04 4.8465E-04 1.9499E-04 1.6009E-03 5.3398E-04 2.8387E-04 1.0556E-03 1.8088E-03 2.0951E-03 3.1787E-03 3.1795E-03 3.0402E-03 1.4797E-03 3.2432E-03 1.3454E-03 5.1122E-04 3.8872E-04 3.9760E-04 1.6734E-04 0
 0 9.9035E-05 2.6606E-04 2.9146E-04 5.2276E-04 5.7145E-04 4.2710E-04 1.5924E-04 1.5742E-03 6.0244E-04 2.8387E-04 1.1126E-03 1.7222E-03 2.1098E-03 3.4713E-03 3.4041E-03 2.8276E-03 1.6754E-03 2.9314E-03 1.3454E-03 5.4231E-04 3.6077E-04 3.8123E-04 1.5220E-04 0
 0 1.0629E-04 2.4744E-04 3.4171E-04 5.5791E-04 6.6182E-04 4.1801E-04 2.1124E-04 1.4741E-03 6.2297E-04 2.5806E-04 1.0882E-03 1.9409E-03 2.3218E-03 3.2291E-03 3.1895E-03 2.9562E-03 1.3242E-03 3.0169E-03 1.3015E-03 5.2158E-04 3.2774E-04 3.5996E-04 1.7794E-04 0
 0 1.0837E-04 2.7481E-04 2.8141E-04 4.3930E-04 6.9904E-04 4.7254E-04 2.4374E-04 1.5442E-03 5.1686E-04 2.2488E-04 1.1534E-03 1.8407E-03 2.4500E-03 3.1433E-03 3.0048E-03 2.9710E-03 1.6804E-03 2.8359E-03 1.5031E-03 4.5941E-04 2.7185E-04 3.1906E-04 1.6885E-04 0
 0 9.1776E-05 2.9781E-04 3.2161E-04 5.0519E-04 7.2827E-04 5.6341E-04 1.7549E-04 1.5008E-03 6.1955E-04 3.0599E-04 9.1292E-04 1.8543E-03 2.1887E-03 3.2897E-03 3.4390E-03 2.8919E-03 1.7255E-03 2.8862E-03 1.3015E-03 5.0086E-04 2.8201E-04 3.0433E-04 1.8778E-04 0
 0 8.7109E-05 2.4087E-04 3.3166E-04 4.7005E-04 7.6814E-04 5.2403E-04 1.3974E-04 1.3174E-03 6.4693E-04 2.8387E-04 1.1778E-03 1.7359E-03 2.3908E-03 3.2442E-03 3.0697E-03 3.1193E-03 1.5700E-03 3.0773E-03 1.4111E-03 4.9740E-04 3.5569E-04 3.4687E-04 1.8476E-04 0
 0 9.9035E-05 2.5182E-04 3.1826E-04 4.7444E-04 7.4954E-04 5.0889E-04 1.2999E-04 1.4108E-03 4.7236E-04 3.3548E-04 1.0841E-03 1.9637E-03 2.1098E-03 3.1080E-03 2.9499E-03 3.0451E-03 1.4747E-03 2.9013E-03 1.4549E-03 4.1105E-04 3.5061E-04 3.6487E-04 1.9081E-04 0
 0 9.4887E-05 2.3868E-04 3.1826E-04 4.8762E-04 6.4056E-04 4.6345E-04 1.6249E-04 1.4041E-03 5.2713E-04 1.8802E-04 1.2553E-03 1.6812E-03 2.2577E-03 3.3300E-03 3.2144E-03 2.8672E-03 1.5349E-03 2.9415E-03 1.3322E-03 5.1467E-04 3.1504E-04 3.2724E-04 1.8854E-04 0
 0 8.2961E-05 2.7044E-04 3.1156E-04 4.8982E-04 7.0435E-04 5.7250E-04 2.0799E-04 1.5608E-03 5.8190E-04 2.1014E-04 9.4145E-04 1.9637E-03 2.3317E-03 3.2190E-03 3.3991E-03 2.7337E-03 1.5098E-03 3.0823E-03 1.4242E-03 4.4904E-04 3.8110E-04 3.3378E-04 1.6053E-04 0
 0 1.0007E-04 2.3211E-04 3.2664E-04 4.6126E-04 7.3359E-04 4.3922E-04 1.2349E-04 1.4941E-03 6.3667E-04 3.1705E-04 1.0107E-03 1.7906E-03 2.2774E-03 3.3956E-03 3.3093E-03 3.2676E-03 1.3092E-03 2.7806E-03 1.1569E-03 5.1813E-04 3.0488E-04 3.5015E-04 1.6734E-04 0
 0 1.0007E-04 2.8029E-04 3.3501E-04 4.2831E-04 6.5651E-04 4.3619E-04 1.2674E-04 1.5008E-03 6.5378E-04 2.2857E-04 9.2515E-04 1.9591E-03 2.1296E-03 3.1484E-03 3.2494E-03 2.9166E-03 1.5349E-03 2.9264E-03 1.2489E-03 4.4904E-04 3.1504E-04 3.3542E-04 1.5825E-04 0
 0 9.9035E-05 2.9671E-04 2.6634E-04 4.4149E-04 6.5119E-04 4.4528E-04 1.7224E-04 1.3040E-03 6.1955E-04 2.5438E-04 1.1085E-03 1.8179E-03 2.4500E-03 2.9768E-03 3.1046E-03 2.9562E-03 1.5600E-03 3.0471E-03 1.3147E-03 4.9395E-04 2.6169E-04 2.9615E-04 1.7037E-04 0
 0 8.8665E-05 2.2773E-04 3.0654E-04 5.4473E-04 6.7777E-04 3.9681E-04 1.4624E-04 1.4141E-03 5.1686E-04 2.6543E-04 1.0107E-03 1.5673E-03 2.2528E-03 3.2089E-03 3.1046E-03 3.1638E-03 1.5901E-03 2.7303E-03 1.4023E-03 4.9395E-04 2.9725E-04 3.5342E-04 1.6128E-04 0
 0 9.3850E-05 2.4963E-04 3.0821E-04 4.3930E-04 6.7511E-04 3.7258E-04 1.7549E-04 1.5008E-03 5.1686E-04 2.8755E-04 1.1126E-03 1.8817E-03 2.2627E-03 3.0979E-03 3.2693E-03 2.8721E-03 1.4747E-03 2.5694E-03 1.2314E-03 4.6977E-04 3.2266E-04 3.6814E-04 1.6734E-04 0
 0 7.8295E-05 2.5511E-04 2.6131E-04 5.0299E-04 5.9803E-04 4.6951E-04 1.9824E-04 1.3407E-03 4.4840E-04 2.7281E-04 9.7405E-04 1.8316E-03 2.3218E-03 3.0677E-03 2.8550E-03 2.8820E-03 1.4496E-03 2.9164E-03 1.2972E-03 5.8376E-04 3.7855E-04 3.5833E-04 1.7870E-04 0
 0 8.9702E-05 2.7372E-04 2.9146E-04 6.1062E-04 7.2827E-04 4.0590E-04 1.5599E-04 1.4808E-03 6.1270E-04 2.3594E-04 1.0311E-03 1.6630E-03 2.3415E-03 3.1232E-03 2.9998E-03 2.9809E-03 1.7005E-03 2.5946E-03 1.2972E-03 5.4231E-04 3.0234E-04 3.5833E-04 1.7113E-04 0
 0 9.1258E-05 2.3540E-04 2.8141E-04 4.9201E-04 6.9638E-04 4.2710E-04 1.7549E-04 1.5542E-03 5.7163E-04 2.7649E-04 1.0393E-03 1.7769E-03 1.9521E-03 2.9365E-03 3.2344E-03 2.8079E-03 1.6252E-03 2.8208E-03 1.2928E-03 4.8358E-04 3.0488E-04 3.9105E-04 1.8854E-04 0
 0 8.2961E-05 2.7700E-04 2.8141E-04 4.6126E-04 5.9272E-04 4.1801E-04 1.6249E-04 1.3207E-03 4.5525E-04 1.8802E-04 1.0515E-03 1.7814E-03 2.2331E-03 2.7548E-03 3.0896E-03 2.8771E-03 1.4547E-03 2.8158E-03 1.2358E-03 5.2503E-04 3.2012E-04 3.8778E-04 1.5674E-04 0
 0 9.6961E-05 2.5839E-04 2.6299E-04 4.5247E-04 5.6614E-04 3.5137E-04 1.7549E-04 1.4708E-03 4.0391E-04 2.9124E-04 1.1901E-03 1.8270E-03 2.1986E-03 3.2392E-03 3.0198E-03 3.0105E-03 1.4496E-03 2.9113E-03 1.3454E-03 4.1105E-04 3.4553E-04 3.5342E-04 1.7945E-04 0
 0 1.0681E-04 2.5620E-04 3.4004E-04 4.5028E-04 6.3525E-04 3.9075E-04 1.8199E-04 1.3140E-03 5.0659E-04 2.7649E-04 8.5994E-04 1.8498E-03 2.0063E-03 3.1887E-03 3.0647E-03 2.9957E-03 1.4998E-03 2.7152E-03 1.4812E-03 4.9740E-04 3.1758E-04 2.7815E-04 1.9157E-04 0
 0 8.0887E-05 2.2773E-04 2.9984E-04 4.3490E-04 6.9372E-04 3.9984E-04 1.5599E-04 1.4041E-03 5.8874E-04 2.2488E-04 9.5368E-04 1.8270E-03 2.0458E-03 3.0323E-03 2.9000E-03 2.6991E-03 1.5299E-03 2.8208E-03 1.3234E-03 5.3885E-04 3.9380E-04 3.2397E-04 1.8173E-04 0
 0 8.5554E-05 2.5511E-04 2.9984E-04 5.2057E-04 6.0601E-04 4.1196E-04 1.9174E-04 1.4508E-03 4.8948E-04 2.4332E-04 1.1452E-03 1.7632E-03 2.0852E-03 2.8911E-03 2.8251E-03 2.7139E-03 1.4296E-03 2.8912E-03 1.4418E-03 4.1796E-04 3.2520E-04 2.8470E-04 1.5522E-04 0
 0 9.1776E-05 2.3978E-04 3.2496E-04 4.5687E-04 5.9006E-04 5.0283E-04 1.3974E-04 1.5141E-03 4.8948E-04 2.6912E-04 8.8032E-04 1.6812E-03 1.9915E-03 3.1080E-03 3.0247E-03 2.6843E-03 1.5851E-03 2.6700E-03 1.2533E-03 5.9066E-04 3.1504E-04 3.5505E-04 1.9006E-04 0
 0 9.1776E-05 2.4197E-04 2.8309E-04 4.3710E-04 7.4688E-04 3.4834E-04 1.3649E-04 1.3441E-03 6.8116E-04 2.3594E-04 8.9254E-04 1.8771E-03 2.1936E-03 3.2291E-03 3.1645E-03 2.7980E-03 1.5550E-03 2.7404E-03 1.1876E-03 4.3523E-04 3.4807E-04 3.7305E-04 1.7340E-04 0
 0 9.3850E-05 2.7153E-04 3.0151E-04 5.0519E-04 6.4056E-04 4.3619E-04 1.8524E-04 1.2640E-03 5.1344E-04 2.1382E-04 1.0800E-03 1.7404E-03 2.1000E-03 3.3199E-03 3.0198E-03 2.8227E-03 1.3945E-03 2.6700E-03 1.2709E-03 4.0068E-04 3.0742E-04 3.4687E-04 1.5674E-04 0
 0 8.5554E-05 2.2664E-04 2.9649E-04 4.5467E-04 6.9638E-04 4.3316E-04 1.2024E-04 1.5141E-03 6.1270E-04 2.5069E-04 8.8439E-04 1.6038E-03 2.2922E-03 2.9112E-03 3.1346E-03 2.4371E-03 1.3293E-03 2.5895E-03 1.3497E-03 4.6631E-04 3.2774E-04 3.5178E-04 1.6734E-04 0
 0 7.7776E-05 2.7810E-04 3.1659E-04 4.2392E-04 6.4588E-04 4.3013E-04 1.5924E-04 1.4408E-03 6.6747E-04 1.8064E-04 1.0311E-03 1.8498E-03 2.3415E-03 3.1988E-03 3.0497E-03 2.6991E-03 1.3443E-03 2.7353E-03 1.1745E-03 4.2486E-04 3.2774E-04 3.4524E-04 1.6355E-04 0
 0 8.3480E-05 2.7591E-04 3.2831E-04 4.8323E-04 5.9803E-04 4.6648E-04 1.8199E-04 1.3841E-03 4.4156E-04 2.3963E-04 1.2919E-03 1.7177E-03 2.0310E-03 2.8810E-03 2.9050E-03 2.4074E-03 1.3995E-03 2.4035E-03 1.2007E-03 5.3194E-04 3.6585E-04 3.3051E-04 1.6734E-04 0
 0 8.7628E-05 2.4635E-04 3.4506E-04 4.8103E-04 5.9538E-04 3.5137E-04 1.7224E-04 1.2974E-03 5.7505E-04 2.6543E-04 9.9443E-04 1.4261E-03 1.9521E-03 3.1232E-03 2.9149E-03 2.4865E-03 1.6954E-03 2.3985E-03 1.2446E-03 4.7322E-04 2.9217E-04 3.6978E-04 1.7415E-04 0
 0 8.2961E-05 2.7372E-04 3.0319E-04 5.2276E-04 5.6880E-04 4.3316E-04 1.4949E-04 1.3774E-03 5.1002E-04 1.9170E-04 1.0230E-03 1.7860E-03 2.3120E-03 3.0828E-03 3.0797E-03 2.6843E-03 1.3744E-03 2.8158E-03 1.2972E-03 5.0086E-04 2.7439E-04 3.2724E-04 1.3024E-04 0
 0 8.2961E-05 2.3540E-04 2.9146E-04 4.8103E-04 7.1233E-04 4.3922E-04 1.5274E-04 1.5275E-03 4.4840E-04 2.5806E-04 9.9851E-04 1.6721E-03 2.0556E-03 3.2089E-03 2.7502E-03 2.7090E-03 1.6352E-03 2.6398E-03 1.2402E-03 4.5595E-04 3.2266E-04 3.6814E-04 1.8400E-04 0
 0 9.5924E-05 2.4525E-04 2.5796E-04 5.0739E-04 6.3259E-04 4.0893E-04 1.2674E-04 1.4775E-03 5.4767E-04 2.8387E-04 8.8439E-04 1.5764E-03 1.9225E-03 3.0475E-03 3.0597E-03 2.7930E-03 1.3443E-03 2.5242E-03 1.2227E-03 4.0759E-04 3.0996E-04 3.3542E-04 1.9536E-04 0
 0 8.8665E-05 2.6168E-04 2.7974E-04 4.1733E-04 6.5385E-04 3.7561E-04 2.1124E-04 1.3407E-03 5.8190E-04 1.9539E-04 9.8221E-04 1.6949E-03 1.7303E-03 2.8103E-03 2.9449E-03 2.8029E-03 1.4095E-03 2.9264E-03 1.2446E-03 4.7322E-04 3.2520E-04 3.6324E-04 1.4235E-04 0
 0 7.3110E-05 2.5949E-04 3.1659E-04 4.5247E-04 5.9006E-04 4.0893E-04 1.6899E-04 1.2874E-03 4.9975E-04 2.1014E-04 8.9254E-04 1.6721E-03 2.0260E-03 3.1232E-03 2.8550E-03 2.7683E-03 1.2289E-03 2.6197E-03 1.2402E-03 4.5595E-04 3.3282E-04 3.1906E-04 1.8930E-04 0
 0 8.7109E-05 2.5511E-04 2.8979E-04 4.7444E-04 5.6880E-04 3.3320E-04 2.6324E-04 1.3707E-03 5.5794E-04 2.1751E-04 8.2326E-04 1.6220E-03 2.1493E-03 3.0828E-03 3.0797E-03 2.8079E-03 1.3042E-03 2.4135E-03 1.3629E-03 4.8704E-04 2.6677E-04 3.1415E-04 1.6280E-04 0
 0 8.5035E-05 2.3211E-04 3.2831E-04 5.0739E-04 6.4322E-04 3.2714E-04 1.6899E-04 1.2940E-03 5.7163E-04 2.7649E-04 9.4553E-04 1.7268E-03 1.9225E-03 2.8759E-03 3.1196E-03 2.4519E-03 1.4196E-03 2.7957E-03 1.2095E-03 4.5941E-04 3.0234E-04 3.1251E-04 2.1353E-04 0
 0 9.9035E-05 2.7044E-04 3.0151E-04 5.0958E-04 6.0069E-04 3.9075E-04 8.7746E-05 1.3040E-03 4.5867E-04 1.9170E-04 9.1700E-04 1.7678E-03 2.0408E-03 2.8406E-03 2.9549E-03 2.3185E-03 1.3493E-03 2.3834E-03 1.1525E-03 3.8341E-04 3.0742E-04 3.5996E-04 1.7188E-04 0
 0 7.5184E-05 2.6715E-04 2.9481E-04 5.2716E-04 6.5119E-04 3.6046E-04 1.8524E-04 1.5308E-03 4.4840E-04 2.3963E-04 9.0070E-04 1.5992E-03 1.9521E-03 2.8810E-03 2.9499E-03 2.6991E-03 1.4898E-03 2.8510E-03 1.3015E-03 4.8704E-04 4.1920E-04 3.7469E-04 1.6355E-04 0
 0 8.8665E-05 2.6496E-04 3.3501E-04 4.3930E-04 5.2893E-04 3.6955E-04 1.5274E-04 1.4775E-03 3.5598E-04 2.3963E-04 1.0107E-03 1.6994E-03 2.0063E-03 3.0777E-03 2.7902E-03 2.6348E-03 1.3644E-03 2.8258E-03 1.2007E-03 4.6631E-04 3.2012E-04 3.3378E-04 1.8173E-04 0
 0 9.5924E-05 2.4525E-04 2.9816E-04 5.6669E-04 5.8740E-04 3.5440E-04 1.6899E-04 1.3874E-03 5.2713E-04 2.8755E-04 8.7217E-04 1.6812E-03 1.9570E-03 2.7195E-03 3.0198E-03 2.3580E-03 1.4496E-03 2.5744E-03 1.0824E-03 3.4542E-04 2.7185E-04 2.8306E-04 1.9308E-04 0
 0 9.2813E-05 2.2664E-04 2.5964E-04 3.9097E-04 5.3690E-04 4.3922E-04 1.0399E-04 1.3874E-03 4.6552E-04 2.6912E-04 7.2545E-04 1.6858E-03 2.0260E-03 3.1030E-03 3.1945E-03 2.5755E-03 1.2691E-03 2.6649E-03 1.0868E-03 4.1105E-04 3.4807E-04 3.1415E-04 1.5295E-04 0
 0 8.9702E-05 2.6825E-04 2.9481E-04 4.6565E-04 5.5817E-04 4.7254E-04 1.8199E-04 1.3707E-03 4.3129E-04 2.2488E-04 8.3549E-04 1.7906E-03 1.9521E-03 2.9567E-03 2.9000E-03 2.5508E-03 1.1086E-03 2.6649E-03 1.2665E-03 4.6977E-04 3.2520E-04 2.5361E-04 1.4084E-04 0
 0 7.9850E-05 2.4744E-04 2.9816E-04 4.4149E-04 5.5551E-04 4.1801E-04 1.5274E-04 1.3007E-03 5.5109E-04 1.5484E-04 1.0352E-03 1.7404E-03 1.8782E-03 2.9567E-03 2.8251E-03 2.5607E-03 1.2440E-03 2.4336E-03 1.2928E-03 4.5941E-04 2.5406E-04 3.2724E-04 1.4538E-04 0
 0 7.7776E-05 2.5839E-04 2.9649E-04 4.1953E-04 6.8043E-04 4.0893E-04 1.5599E-04 1.3674E-03 4.5867E-04 2.4332E-04 9.2107E-04 1.5035E-03 1.9422E-03 2.8810E-03 2.9998E-03 2.6546E-03 1.2340E-03 2.3884E-03 1.2402E-03 3.6960E-04 2.6677E-04 3.1088E-04 1.6810E-04 0
 0 8.2443E-05 2.3430E-04 2.6801E-04 3.9097E-04 6.2461E-04 4.1196E-04 1.4299E-04 1.2106E-03 4.1417E-04 2.7281E-04 1.0148E-03 1.5628E-03 2.0162E-03 2.7397E-03 2.6205E-03 2.5014E-03 1.3242E-03 2.4739E-03 1.0780E-03 3.8687E-04 3.3536E-04 3.8287E-04 1.8627E-04 0
 0 8.6591E-05 2.4197E-04 2.8309E-04 4.0855E-04 6.4056E-04 3.5743E-04 1.5599E-04 1.2440E-03 4.7921E-04 2.1382E-04 8.1511E-04 1.5309E-03 2.0507E-03 2.9617E-03 2.6254E-03 2.5656E-03 1.4145E-03 2.6901E-03 1.2928E-03 3.9723E-04 3.8618E-04 3.8614E-04 1.9763E-04 0
 0 1.0163E-04 2.1788E-04 3.2329E-04 3.9976E-04 5.4222E-04 3.7561E-04 1.3649E-04 1.4041E-03 4.7579E-04 2.3226E-04 9.1700E-04 1.6129E-03 1.6958E-03 2.9567E-03 3.0148E-03 2.5211E-03 1.1838E-03 2.3331E-03 1.1920E-03 4.5250E-04 3.0742E-04 3.3215E-04 1.5598E-04 0
 0 9.7998E-05 2.3649E-04 2.7136E-04 4.1513E-04 5.9006E-04 3.9984E-04 1.0399E-04 1.3240E-03 4.8606E-04 2.5069E-04 8.8032E-04 1.5081E-03 2.1838E-03 2.9012E-03 2.7802E-03 2.5162E-03 1.0734E-03 2.4890E-03 1.2402E-03 4.9740E-04 3.2774E-04 3.5505E-04 1.5674E-04 0
 0 1.0059E-04 2.3430E-04 2.7136E-04 5.0519E-04 5.1032E-04 3.5137E-04 1.0724E-04 1.3207E-03 4.5183E-04 2.6912E-04 8.8439E-04 1.5901E-03 1.9570E-03 3.1433E-03 2.5356E-03 2.1751E-03 1.4045E-03 2.1269E-03 1.1306E-03 4.0414E-04 3.3028E-04 3.0433E-04 1.7340E-04 0
 0 8.1924E-05 2.6058E-04 2.6801E-04 3.8438E-04 6.4322E-04 3.8166E-04 1.5274E-04 1.2673E-03 3.6968E-04 1.9908E-04 8.5586E-04 1.7769E-03 1.6958E-03 3.0122E-03 2.4408E-03 2.6200E-03 1.3293E-03 2.3230E-03 1.2358E-03 4.3177E-04 2.7439E-04 3.1415E-04 1.7415E-04 0
 0 7.6739E-05 2.6606E-04 2.2446E-04 4.9201E-04 5.7677E-04 3.1805E-04 1.4949E-04 1.3674E-03 3.7995E-04 2.8018E-04 9.0477E-04 1.5628E-03 1.7303E-03 2.8709E-03 2.8051E-03 2.5557E-03 1.2440E-03 2.3884E-03 1.2227E-03 3.6960E-04 1.8038E-04 3.1088E-04 1.8551E-04 0
 0 9.6961E-05 2.2555E-04 3.0654E-04 4.8103E-04 5.2627E-04 3.5743E-04 1.5274E-04 1.3007E-03 4.7236E-04 1.7327E-04 1.0026E-03 1.6083E-03 1.8535E-03 2.7599E-03 2.7552E-03 2.4025E-03 1.3042E-03 2.6901E-03 1.0298E-03 4.5595E-04 2.2866E-04 3.3215E-04 1.6204E-04 0
 0 8.6591E-05 2.0803E-04 2.8141E-04 3.9097E-04 6.1930E-04 3.8772E-04 1.1699E-04 1.2273E-03 4.5183E-04 2.4332E-04 8.5994E-04 1.6675E-03 1.8634E-03 2.5833E-03 2.7353E-03 2.7238E-03 1.0885E-03 2.5744E-03 1.2314E-03 4.1450E-04 2.7693E-04 3.2560E-04 1.6885E-04 0
 0 9.2295E-05 2.3102E-04 2.4456E-04 4.2392E-04 6.2727E-04 3.0897E-04 1.6899E-04 1.3107E-03 4.3129E-04 1.6221E-04 8.3956E-04 1.4170E-03 1.8141E-03 2.8204E-03 2.6604E-03 2.3333E-03 1.2440E-03 2.5091E-03 1.1876E-03 3.5233E-04 2.9979E-04 3.0761E-04 1.5522E-04 0
 0 7.3628E-05 2.4416E-04 3.0151E-04 4.5247E-04 5.4488E-04 3.6652E-04 1.3649E-04 1.3641E-03 5.3055E-04 2.1382E-04 1.0189E-03 1.5536E-03 2.0162E-03 2.8658E-03 2.5106E-03 2.3283E-03 1.2039E-03 2.3230E-03 1.1175E-03 3.7996E-04 2.6423E-04 3.5833E-04 1.4462E-04 0
 0 8.9702E-05 2.5730E-04 2.8979E-04 4.5906E-04 5.7677E-04 3.8772E-04 1.6249E-04 1.3707E-03 5.5452E-04 2.4332E-04 9.0477E-04 1.5035E-03 1.7746E-03 3.0374E-03 2.6105E-03 2.5310E-03 1.3142E-03 2.3683E-03 1.2577E-03 3.6614E-04 3.0488E-04 3.4851E-04 1.6280E-04 0
 0 9.1776E-05 2.4087E-04 2.9146E-04 4.9640E-04 6.3259E-04 3.0594E-04 1.4624E-04 1.2907E-03 4.7579E-04 1.7696E-04 9.2107E-04 1.5673E-03 1.6514E-03 2.5934E-03 2.7153E-03 2.3976E-03 1.3242E-03 2.7303E-03 1.1219E-03 3.6614E-04 2.4390E-04 2.8143E-04 1.4765E-04 0
 0 8.8665E-05 2.6168E-04 3.2496E-04 4.2831E-04 5.5019E-04 3.1805E-04 1.3974E-04 1.2573E-03 4.7236E-04 1.8433E-04 6.6024E-04 1.4762E-03 1.7648E-03 2.7044E-03 2.7053E-03 2.5459E-03 1.1537E-03 2.4890E-03 1.1219E-03 3.8341E-04 2.7947E-04 3.2069E-04 1.3932E-04 0
 0 7.6739E-05 2.7153E-04 3.0486E-04 4.7883E-04 5.6880E-04 4.2104E-04 1.2349E-04 1.4408E-03 4.7579E-04 2.1751E-04 8.9662E-04 1.4990E-03 1.9521E-03 2.9012E-03 2.7552E-03 2.5755E-03 1.1988E-03 2.3130E-03 1.1219E-03 3.5923E-04 2.0325E-04 3.7142E-04 1.7415E-04 0
 0 8.3480E-05 2.3868E-04 3.1324E-04 4.4808E-04 4.7311E-04 3.9681E-04 1.6899E-04 1.2807E-03 4.3814E-04 1.5484E-04 8.7217E-04 1.3942E-03 1.7845E-03 2.4975E-03 2.7353E-03 2.6002E-03 1.2089E-03 2.1370E-03 1.0474E-03 3.7996E-04 3.5315E-04 3.2397E-04 1.5901E-04 0
 0 6.2740E-05 2.4087E-04 3.0151E-04 4.0196E-04 5.6348E-04 4.1498E-04 1.3324E-04 1.3040E-03 4.8263E-04 2.0645E-04 8.2734E-04 1.4580E-03 1.5824E-03 2.8154E-03 2.4058E-03 2.4074E-03 1.2390E-03 2.5594E-03 1.1482E-03 3.6614E-04 2.9471E-04 3.0924E-04 1.7188E-04 0
 0 8.3998E-05 2.0912E-04 2.6634E-04 4.3051E-04 5.6082E-04 3.3926E-04 9.7495E-05 1.3641E-03 4.8948E-04 2.2857E-04 9.4145E-04 1.1937E-03 1.6169E-03 2.5429E-03 2.5805E-03 2.3086E-03 1.1938E-03 2.4387E-03 1.2051E-03 3.4196E-04 2.6677E-04 2.6179E-04 1.5901E-04 0
 0 7.7258E-05 2.4087E-04 3.0989E-04 3.9537E-04 5.9538E-04 3.1200E-04 1.1374E-04 1.4041E-03 4.2444E-04 1.7696E-04 8.4364E-04 1.5992E-03 1.6711E-03 2.4824E-03 2.8101E-03 2.1356E-03 1.1537E-03 2.4990E-03 1.1219E-03 4.5595E-04 2.6169E-04 3.5505E-04 1.7567E-04 0
 0 7.8295E-05 2.4416E-04 2.9984E-04 4.3271E-04 6.0601E-04 3.2714E-04 1.2674E-04 1.2673E-03 5.4082E-04 1.9539E-04 7.2545E-04 1.2712E-03 1.8634E-03 2.8356E-03 2.8051E-03 2.3333E-03 1.0785E-03 2.3029E-03 1.0167E-03 3.6269E-04 2.8201E-04 3.1088E-04 1.7870E-04 0
 0 7.8295E-05 2.5401E-04 3.0821E-04 4.7005E-04 6.2461E-04 4.3013E-04 1.4624E-04 1.1940E-03 4.0733E-04 1.9908E-04 7.9881E-04 1.6038E-03 1.8436E-03 2.6186E-03 2.8600E-03 2.2295E-03 1.0433E-03 2.4839E-03 1.0430E-03 4.0068E-04 2.7439E-04 2.8633E-04 1.8703E-04 0
 0 9.6443E-05 2.3321E-04 2.5964E-04 4.0196E-04 6.1398E-04 2.9988E-04 1.1699E-04 1.2407E-03 4.9633E-04 2.6543E-04 8.0696E-04 1.6083E-03 1.7155E-03 2.6085E-03 2.4108E-03 2.0317E-03 1.2289E-03 2.4487E-03 1.0167E-03 4.7668E-04 2.9979E-04 3.4687E-04 1.5825E-04 0
 0 8.6072E-05 2.5949E-04 2.5629E-04 4.7444E-04 5.7943E-04 3.3623E-04 1.0724E-04 1.2340E-03 3.4914E-04 2.1014E-04 8.7624E-04 1.4625E-03 1.8634E-03 2.7195E-03 2.8900E-03 2.2690E-03 1.1738E-03 2.4085E-03 1.0649E-03 2.6252E-04 3.0234E-04 2.7815E-04 1.8248E-04 0
 0 9.4369E-05 2.2117E-04 2.3954E-04 3.9097E-04 5.6082E-04 3.7864E-04 1.5274E-04 1.3541E-03 3.7652E-04 2.1382E-04 9.2107E-04 1.5445E-03 1.8091E-03 2.8002E-03 2.6005E-03 2.1553E-03 1.0835E-03 2.2275E-03 1.1394E-03 3.7996E-04 2.3374E-04 3.4360E-04 1.5447E-04 0
 0 8.6072E-05 1.9379E-04 2.7471E-04 4.9201E-04 5.6880E-04 3.5743E-04 1.3649E-04 1.1906E-03 3.9021E-04 1.6958E-04 8.1511E-04 1.3805E-03 1.6415E-03 2.7952E-03 2.9000E-03 2.5706E-03 1.1988E-03 2.0766E-03 9.5095E-04 4.3868E-04 2.5152E-04 2.7652E-04 1.7113E-04 0
 0 8.9702E-05 2.4525E-04 2.4624E-04 3.4485E-04 6.1664E-04 2.9382E-04 1.1374E-04 1.2540E-03 4.6894E-04 1.8064E-04 8.5994E-04 1.4534E-03 1.7894E-03 2.7094E-03 2.6953E-03 2.0812E-03 1.0333E-03 2.4739E-03 1.0868E-03 3.5923E-04 2.6677E-04 2.9288E-04 1.5977E-04 0
 0 7.9332E-05 2.0146E-04 2.4959E-04 3.6901E-04 6.0601E-04 4.3922E-04 1.2999E-04 1.2607E-03 4.3471E-04 1.6958E-04 7.4990E-04 1.3577E-03 1.5331E-03 2.4420E-03 2.6654E-03 2.0663E-03 1.1487E-03 2.2627E-03 1.0780E-03 3.7996E-04 3.0234E-04 3.3706E-04 1.7264E-04 0
 0 9.3850E-05 2.2773E-04 2.8644E-04 3.8438E-04 5.8740E-04 3.1502E-04 1.4949E-04 1.2106E-03 3.6625E-04 1.5484E-04 8.1103E-04 1.4033E-03 1.7451E-03 2.7750E-03 2.5755E-03 2.2987E-03 1.1236E-03 2.2627E-03 9.2028E-04 3.7305E-04 2.2104E-04 2.6016E-04 1.5674E-04 0
 0 7.8813E-05 2.0255E-04 2.7471E-04 4.0855E-04 5.8740E-04 3.3017E-04 1.3649E-04 1.3007E-03 3.8679E-04 1.9539E-04 7.4990E-04 1.4306E-03 1.7993E-03 2.7094E-03 2.5456E-03 2.4074E-03 1.0333E-03 2.6800E-03 8.3702E-04 3.5923E-04 2.0833E-04 3.0270E-04 1.6204E-04 0
 0 8.3998E-05 2.4963E-04 2.5294E-04 4.2612E-04 5.0501E-04 2.9685E-04 1.2024E-04 1.0005E-03 5.3398E-04 1.9170E-04 1.0148E-03 1.3851E-03 1.7451E-03 2.6590E-03 2.6005E-03 2.2394E-03 1.0734E-03 2.1772E-03 1.0298E-03 3.2124E-04 2.1595E-04 3.1415E-04 1.7264E-04 0
 0 7.4147E-05 2.4416E-04 2.5796E-04 3.9097E-04 5.6880E-04 2.6959E-04 8.4496E-05 1.3874E-03 4.0048E-04 1.3640E-04 8.3956E-04 1.5628E-03 1.9324E-03 2.6287E-03 2.6903E-03 2.1998E-03 1.1387E-03 2.4990E-03 1.0561E-03 3.0742E-04 3.2520E-04 2.5525E-04 1.4841E-04 0
