 0 9.7267E-04 2.1178E-03 1.9662E-02 0.0000E+00 5.0493E-03 4.1757E-03 0.0000E+00 0.0000E+00 0.0000E+00 0.0000E+00 0.0000E+00 0.0000E+00 0.0000E+00 0.0000E+00 0.0000E+00 0.0000E+00 0.0000E+00 0.0000E+00 0.0000E+00 0.0000E+00 1.0982E-02 2.6763E-03 7.5689E-04 0
 0 9.9119E-04 1.7358E-03 2.0902E-02 0.0000E+00 4.3463E-03 5.5525E-03 0.0000E+00 0.0000E+00 0.0000E+00 0.0000E+00 0.0000E+00 0.0000E+00 0.0000E+00 0.0000E+00 0.0000E+00 0.0000E+00 0.0000E+00 0.0000E+00 0.0000E+00 0.0000E+00 1.3461E-02 2.8149E-03 7.6126E-04 0
 0 9.6331E-04 1.9850E-03 1.8358E-02 0.0000E+00 5.5009E-03 4.1863E-03 0.0000E+00 0.0000E+00 0.0000E+00 0.0000E+00 0.0000E+00 0.0000E+00 0.0000E+00 0.0000E+00 0.0000E+00 0.0000E+00 0.0000E+00 0.0000E+00 0.0000E+00 2.9628E-06 1.1223E-02 3.5973E-03 8.0414E-04 0
 0 9.7059E-04 2.3034E-03 1.7539E-02 0.0000E+00 4.4347E-03 3.6441E-03 0.0000E+00 0.0000E+00 0.0000E+00 0.0000E+00 0.0000E+00 0.0000E+00 0.0000E+00 0.0000E+00 0.0000E+00 0.0000E+00 0.0000E+00 0.0000E+00 0.0000E+00 8.8885E-06 9.1747E-03 3.5280E-03 7.5729E-04 0
 0 9.8723E-04 2.2449E-03 1.7070E-02 0.0000E+00 4.4417E-03 5.1910E-03 0.0000E+00 0.0000E+00 0.0000E+00 0.0000E+00 0.0000E+00 0.0000E+00 0.0000E+00 0.0000E+00 0.0000E+00 0.0000E+00 0.0000E+00 0.0000E+00 0.0000E+00 0.0000E+00 1.0467E-02 3.5759E-03 9.1613E-04 0
 0 9.9223E-04 2.4412E-03 1.4777E-02 0.0000E+00 6.0294E-03 2.7696E-03 0.0000E+00 0.0000E+00 0.0000E+00 0.0000E+00 0.0000E+00 0.0000E+00 0.0000E+00 0.0000E+00 0.0000E+00 0.0000E+00 0.0000E+00 0.0000E+00 0.0000E+00 1.9555E-04 9.0704E-03 3.6692E-03 8.0613E-04 0
 0 1.0455E-03 2.2634E-03 1.3414E-02 0.0000E+00 4.5674E-03 2.8095E-03 0.0000E+00 0.0000E+00 0.0000E+00 0.0000E+00 0.0000E+00 0.0000E+00 0.0000E+00 0.0000E+00 0.0000E+00 0.0000E+00 0.0000E+00 0.0000E+00 0.0000E+00 0.0000E+00 1.2549E-02 3.8254E-03 9.0620E-04 0
 0 1.0453E-03 2.3884E-03 1.3145E-02 0.0000E+00 5.7361E-03 2.8945E-03 0.0000E+00 0.0000E+00 0.0000E+00 0.0000E+00 0.0000E+00 0.0000E+00 0.0000E+00 0.0000E+00 0.0000E+00 0.0000E+00 0.0000E+00 0.0000E+00 0.0000E+00 0.0000E+00 9.4919E-03 3.6137E-03 9.4909E-04 0
 0 1.0592E-03 2.4798E-03 1.1641E-02 0.0000E+00 5.0423E-03 1.6267E-03 0.0000E+00 0.0000E+00 0.0000E+00 0.0000E+00 0.0000E+00 0.0000E+00 0.0000E+00 0.0000E+00 0.0000E+00 0.0000E+00 0.0000E+00 0.0000E+00 1.1200E-04 0.0000E+00 8.1623E-03 3.4638E-03 1.0456E-03 0
 0 1.1193E-03 2.7990E-03 1.0653E-02 0.0000E+00 5.0400E-03 4.2820E-03 0.0000E+00 0.0000E+00 0.0000E+00 0.0000E+00 0.0000E+00 0.0000E+00 0.0000E+00 0.0000E+00 0.0000E+00 0.0000E+00 0.0000E+00 0.0000E+00 2.9259E-03 0.0000E+00 9.9394E-03 4.1316E-03 1.0269E-03 0
 0 1.1248E-03 2.7782E-03 9.5355E-03 0.0000E+00 5.3799E-03 2.0998E-03 0.0000E+00 0.0000E+00 0.0000E+00 0.0000E+00 0.0000E+00 0.0000E+00 0.0000E+00 0.0000E+00 0.0000E+00 0.0000E+00 0.0000E+00 0.0000E+00 2.7614E-03 0.0000E+00 7.7951E-03 3.9716E-03 1.1870E-03 0
 0 1.2429E-03 3.3116E-03 8.3277E-03 0.0000E+00 4.6280E-03 1.5124E-03 0.0000E+00 0.0000E+00 0.0000E+00 0.0000E+00 0.0000E+00 0.0000E+00 0.0000E+00 0.0000E+00 0.0000E+00 0.0000E+00 0.0000E+00 0.0000E+00 9.4497E-04 0.0000E+00 6.4307E-03 4.5512E-03 1.2410E-03 0
 0 1.2044E-03 3.5123E-03 7.7791E-03 0.0000E+00 5.7873E-03 1.6851E-03 0.0000E+00 0.0000E+00 0.0000E+00 0.0000E+00 0.0000E+00 0.0000E+00 0.0000E+00 0.0000E+00 0.0000E+00 0.0000E+00 0.0000E+00 0.0000E+00 2.5549E-04 0.0000E+00 7.2976E-03 4.0610E-03 1.3835E-03 0
 0 1.2633E-03 3.7386E-03 7.0490E-03 0.0000E+00 6.2948E-03 1.3768E-03 0.0000E+00 0.0000E+00 0.0000E+00 0.0000E+00 0.0000E+00 0.0000E+00 0.0000E+00 0.0000E+00 0.0000E+00 0.0000E+00 0.0000E+00 0.0000E+00 9.1347E-04 5.3331E-05 6.3286E-03 4.4390E-03 1.5054E-03 0
 0 1.3443E-03 3.9892E-03 6.2338E-03 0.0000E+00 3.8853E-03 2.1848E-03 2.2828E-05 0.0000E+00 0.0000E+00 0.0000E+00 0.0000E+00 0.0000E+00 0.0000E+00 0.0000E+00 0.0000E+00 0.0000E+00 0.0000E+00 0.0000E+00 3.0379E-03 4.4442E-05 5.9941E-03 4.2853E-03 1.5257E-03 0
 0 1.3332E-03 4.2270E-03 5.8758E-03 0.0000E+00 5.5428E-03 1.6107E-03 1.7121E-05 0.0000E+00 0.0000E+00 0.0000E+00 0.0000E+00 0.0000E+00 0.0000E+00 0.0000E+00 0.0000E+00 0.0000E+00 0.0000E+00 0.0000E+00 3.4614E-03 0.0000E+00 6.1353E-03 4.4037E-03 1.7354E-03 0
 0 1.4021E-03 4.0792E-03 5.1689E-03 0.0000E+00 5.1285E-03 1.1589E-03 1.2613E-03 0.0000E+00 0.0000E+00 0.0000E+00 0.0000E+00 0.0000E+00 0.0000E+00 0.0000E+00 0.0000E+00 0.0000E+00 0.0000E+00 0.0000E+00 4.0984E-03 0.0000E+00 5.7964E-03 5.0035E-03 1.7207E-03 0
 0 1.4882E-03 4.5669E-03 4.8328E-03 0.0000E+00 5.6592E-03 1.2094E-03 2.2828E-04 0.0000E+00 0.0000E+00 0.0000E+00 0.0000E+00 0.0000E+00 0.0000E+00 0.0000E+00 0.0000E+00 0.0000E+00 0.0000E+00 0.0000E+00 2.0579E-03 1.4814E-05 4.8600E-03 5.1509E-03 2.0511E-03 0
 0 1.5638E-03 5.0760E-03 4.3460E-03 9.2824E-06 5.7337E-03 1.2333E-03 7.4763E-04 0.0000E+00 0.0000E+00 0.0000E+00 0.0000E+00 0.0000E+00 0.0000E+00 0.0000E+00 0.0000E+00 0.0000E+00 0.0000E+00 0.0000E+00 4.3049E-04 1.0074E-04 5.0012E-03 5.3500E-03 2.1182E-03 0
 0 1.6093E-03 5.2159E-03 3.9031E-03 2.2278E-05 5.7291E-03 5.9804E-04 1.4097E-03 0.0000E+00 0.0000E+00 0.0000E+00 0.0000E+00 0.0000E+00 0.0000E+00 0.0000E+00 0.0000E+00 0.0000E+00 0.0000E+00 0.0000E+00 0.0000E+00 3.1406E-04 5.0447E-03 5.2127E-03 2.2639E-03 0
 0 1.6006E-03 5.3244E-03 3.8258E-03 3.5273E-05 5.8594E-03 9.7281E-04 6.1351E-04 0.0000E+00 0.0000E+00 0.0000E+00 0.0000E+00 3.5585E-03 0.0000E+00 0.0000E+00 0.0000E+00 0.0000E+00 0.0000E+00 0.0000E+00 0.0000E+00 2.1629E-04 4.5537E-03 5.3626E-03 2.3874E-03 0
 0 1.6882E-03 5.7800E-03 3.2244E-03 2.5991E-05 5.5172E-03 1.1482E-03 4.8510E-05 0.0000E+00 0.0000E+00 0.0000E+00 0.0000E+00 8.5822E-03 0.0000E+00 0.0000E+00 0.0000E+00 0.0000E+00 0.0000E+00 0.0000E+00 0.0000E+00 1.5703E-04 4.8491E-03 5.3777E-03 2.5887E-03 0
 0 1.8195E-03 5.8200E-03 3.2785E-03 5.5694E-05 6.5625E-03 1.0393E-03 7.4192E-05 0.0000E+00 0.0000E+00 0.0000E+00 0.0000E+00 1.9886E-03 0.0000E+00 0.0000E+00 0.0000E+00 0.0000E+00 0.0000E+00 0.0000E+00 1.0150E-03 5.6294E-05 4.0475E-03 6.1350E-03 2.7269E-03 0
 0 1.8590E-03 6.1863E-03 3.2051E-03 1.1139E-04 6.7022E-03 5.3425E-04 0.0000E+00 0.0000E+00 0.0000E+00 0.0000E+00 0.0000E+00 3.0677E-04 0.0000E+00 0.0000E+00 0.0000E+00 0.0000E+00 0.0000E+00 0.0000E+00 1.4000E-04 1.6592E-04 4.0627E-03 6.2408E-03 2.8286E-03 0
 0 1.8623E-03 6.1698E-03 2.8999E-03 2.7476E-04 5.8851E-03 1.2253E-03 4.0520E-04 0.0000E+00 0.0000E+00 0.0000E+00 0.0000E+00 0.0000E+00 0.0000E+00 0.0000E+00 0.0000E+00 0.0000E+00 0.0000E+00 0.0000E+00 7.2798E-04 2.9628E-04 3.8389E-03 6.4689E-03 2.9100E-03 0
 0 1.9052E-03 6.5090E-03 2.6089E-03 2.2835E-04 5.7547E-03 9.9674E-04 8.2753E-05 0.0000E+00 0.0000E+00 0.0000E+00 0.0000E+00 0.0000E+00 0.0000E+00 0.0000E+00 0.0000E+00 0.0000E+00 0.0000E+00 0.0000E+00 6.8598E-04 4.5627E-04 4.5689E-03 6.4235E-03 3.1066E-03 0
 0 1.9160E-03 7.0174E-03 2.5741E-03 2.4320E-04 5.8478E-03 1.6240E-03 3.0818E-04 0.0000E+00 0.0000E+00 0.0000E+00 0.0000E+00 0.0000E+00 0.0000E+00 0.0000E+00 0.0000E+00 0.0000E+00 0.0000E+00 0.0000E+00 5.5998E-05 5.2146E-04 4.1822E-03 7.0183E-03 3.3917E-03 0
 0 2.0929E-03 7.2544E-03 2.2934E-03 4.0285E-04 5.6616E-03 1.8978E-03 4.2803E-04 0.0000E+00 0.0000E+00 0.0000E+00 0.0000E+00 0.0000E+00 0.0000E+00 0.0000E+00 0.0000E+00 0.0000E+00 0.0000E+00 0.0000E+00 1.8969E-03 3.7332E-04 3.7802E-03 6.8330E-03 3.6478E-03 0
 0 2.1288E-03 7.4751E-03 2.5239E-03 3.8058E-04 6.4880E-03 2.5490E-03 4.4515E-04 0.0000E+00 0.0000E+00 0.0000E+00 0.0000E+00 1.4869E-03 0.0000E+00 0.0000E+00 0.0000E+00 0.0000E+00 0.0000E+00 0.0000E+00 5.6698E-04 6.1034E-04 4.1278E-03 6.8431E-03 3.6995E-03 0
 0 2.2146E-03 7.5450E-03 2.4789E-03 7.3516E-04 6.8791E-03 1.3157E-03 5.3076E-04 0.0000E+00 0.0000E+00 0.0000E+00 0.0000E+00 4.3669E-04 0.0000E+00 0.0000E+00 0.0000E+00 0.0000E+00 0.0000E+00 0.0000E+00 3.4299E-04 7.7033E-04 3.6282E-03 7.2640E-03 3.9171E-03 0
 0 2.3188E-03 7.9335E-03 2.3990E-03 6.1821E-04 6.5229E-03 1.8579E-03 6.0495E-04 0.0000E+00 0.0000E+00 0.0000E+00 0.0000E+00 2.1185E-03 0.0000E+00 0.0000E+00 0.0000E+00 0.0000E+00 0.0000E+00 0.0000E+00 0.0000E+00 1.2888E-03 3.8563E-03 7.0674E-03 4.1589E-03 0
 0 2.2766E-03 8.4104E-03 2.5381E-03 1.0081E-03 6.8907E-03 1.4034E-03 5.5644E-04 0.0000E+00 0.0000E+00 0.0000E+00 0.0000E+00 2.7645E-03 0.0000E+00 0.0000E+00 0.0000E+00 0.0000E+00 0.0000E+00 0.0000E+00 1.5260E-03 1.2740E-03 3.7781E-03 7.3862E-03 4.3102E-03 0
 0 2.4072E-03 8.2898E-03 2.5690E-03 1.2587E-03 7.3051E-03 1.6745E-03 6.5632E-04 0.0000E+00 0.0000E+00 0.0000E+00 0.0000E+00 4.1143E-04 0.0000E+00 0.0000E+00 0.0000E+00 0.0000E+00 0.0000E+00 0.0000E+00 4.1999E-05 8.5922E-04 3.6781E-03 7.6281E-03 4.3626E-03 0
 0 2.4484E-03 8.6304E-03 2.2445E-03 1.6114E-03 6.6696E-03 1.4087E-03 3.4243E-04 0.0000E+00 0.0000E+00 0.0000E+00 0.0000E+00 0.0000E+00 0.0000E+00 0.0000E+00 0.0000E+00 0.0000E+00 0.0000E+00 0.0000E+00 0.0000E+00 1.1318E-03 4.0366E-03 7.2917E-03 4.4087E-03 0
 0 2.5485E-03 8.6561E-03 2.3836E-03 1.7228E-03 7.0420E-03 1.4220E-03 8.5321E-04 0.0000E+00 0.0000E+00 0.0000E+00 0.0000E+00 0.0000E+00 0.0000E+00 0.0000E+00 0.0000E+00 0.0000E+00 0.0000E+00 0.0000E+00 0.0000E+00 2.1006E-03 3.9345E-03 7.9708E-03 4.6756E-03 0
 0 2.6207E-03 9.4565E-03 2.3282E-03 2.7123E-03 7.2702E-03 1.8287E-03 2.4826E-04 0.0000E+00 0.0000E+00 0.0000E+00 0.0000E+00 0.0000E+00 0.0000E+00 0.0000E+00 0.0000E+00 0.0000E+00 0.0000E+00 0.0000E+00 0.0000E+00 1.3214E-03 3.9084E-03 8.3488E-03 4.7693E-03 0
 0 2.7091E-03 9.3579E-03 2.2728E-03 2.6325E-03 7.4006E-03 2.7537E-03 5.9925E-04 0.0000E+00 0.0000E+00 0.0000E+00 0.0000E+00 0.0000E+00 0.0000E+00 0.0000E+00 0.0000E+00 0.0000E+00 0.0000E+00 0.0000E+00 0.0000E+00 1.6918E-03 3.9410E-03 8.5063E-03 5.1024E-03 0
 0 2.7580E-03 9.9106E-03 2.3398E-03 3.4233E-03 7.5402E-03 2.3284E-03 9.0172E-04 0.0000E+00 0.0000E+00 0.0000E+00 0.0000E+00 0.0000E+00 0.0000E+00 0.0000E+00 0.0000E+00 0.0000E+00 0.0000E+00 0.0000E+00 0.0000E+00 2.4029E-03 4.0409E-03 8.5769E-03 5.0528E-03 0
 0 2.8920E-03 9.8913E-03 2.4557E-03 3.8373E-03 7.1259E-03 2.2221E-03 6.4490E-04 0.0000E+00 0.0000E+00 0.0000E+00 0.0000E+00 0.0000E+00 0.0000E+00 0.0000E+00 0.0000E+00 0.0000E+00 0.0000E+00 0.0000E+00 0.0000E+00 3.0606E-03 3.7064E-03 8.7042E-03 5.3355E-03 0
 0 2.8708E-03 1.0300E-02 2.3475E-03 4.5001E-03 7.8568E-03 1.7968E-03 1.0102E-03 0.0000E+00 0.0000E+00 0.0000E+00 0.0000E+00 0.0000E+00 0.0000E+00 0.0000E+00 0.0000E+00 0.0000E+00 0.0000E+00 0.0000E+00 0.0000E+00 3.0576E-03 3.9345E-03 8.7155E-03 5.4956E-03 0
 0 3.0408E-03 1.0508E-02 2.3411E-03 5.1963E-03 8.4574E-03 1.6346E-03 1.2156E-03 0.0000E+00 0.0000E+00 0.0000E+00 0.0000E+00 0.0000E+00 0.0000E+00 0.0000E+00 0.0000E+00 0.0000E+00 0.0000E+00 0.0000E+00 0.0000E+00 3.1880E-03 3.7585E-03 9.2245E-03 5.6227E-03 0
 0 3.1217E-03 1.0600E-02 2.5007E-03 6.1394E-03 8.0850E-03 2.7696E-03 9.2740E-04 0.0000E+00 0.0000E+00 1.5206E-04 0.0000E+00 0.0000E+00 0.0000E+00 0.0000E+00 0.0000E+00 0.0000E+00 0.0000E+00 0.0000E+00 0.0000E+00 3.3835E-03 3.6282E-03 9.4249E-03 5.6425E-03 0
 0 3.1862E-03 1.0797E-02 2.4595E-03 7.0472E-03 8.9021E-03 3.0965E-03 4.5942E-04 0.0000E+00 0.0000E+00 6.6525E-05 9.4859E-04 0.0000E+00 0.0000E+00 0.0000E+00 0.0000E+00 0.0000E+00 0.0000E+00 0.0000E+00 0.0000E+00 3.1436E-03 3.8628E-03 9.2598E-03 5.8569E-03 0
 0 3.3285E-03 1.1302E-02 2.5226E-03 8.5788E-03 8.4179E-03 3.4049E-03 6.6488E-04 0.0000E+00 0.0000E+00 0.0000E+00 1.1220E-04 0.0000E+00 0.0000E+00 0.0000E+00 0.0000E+00 0.0000E+00 0.0000E+00 0.0000E+00 0.0000E+00 4.9924E-03 3.7237E-03 9.6693E-03 6.1123E-03 0
 0 3.4334E-03 1.1241E-02 2.5316E-03 9.3306E-03 8.2223E-03 2.4560E-03 1.1557E-03 0.0000E+00 0.0000E+00 8.5532E-05 9.9619E-04 0.0000E+00 0.0000E+00 0.0000E+00 0.0000E+00 0.0000E+00 0.0000E+00 0.0000E+00 0.0000E+00 4.7672E-03 3.8367E-03 1.0306E-02 6.2652E-03 0
 0 3.4789E-03 1.1555E-02 2.8665E-03 9.9526E-03 8.5878E-03 3.4447E-03 1.2099E-03 0.0000E+00 0.0000E+00 4.4983E-04 1.6422E-03 0.0000E+00 0.0000E+00 0.0000E+00 0.0000E+00 0.0000E+00 0.0000E+00 0.0000E+00 0.0000E+00 4.0976E-03 3.8280E-03 1.0064E-02 6.4010E-03 0
 0 3.5397E-03 1.1658E-02 2.6604E-03 1.0654E-02 9.0022E-03 2.5835E-03 1.1272E-03 0.0000E+00 0.0000E+00 7.1277E-04 9.4179E-04 0.0000E+00 0.0000E+00 0.0000E+00 0.0000E+00 0.0000E+00 0.0000E+00 0.0000E+00 0.0000E+00 5.5109E-03 4.2017E-03 1.0343E-02 6.5380E-03 0
 0 3.6256E-03 1.1416E-02 2.8974E-03 1.1475E-02 8.8136E-03 3.4367E-03 8.7604E-04 0.0000E+00 0.0000E+00 8.5532E-04 5.6780E-04 0.0000E+00 0.0000E+00 0.0000E+00 0.0000E+00 0.0000E+00 0.0000E+00 0.0000E+00 0.0000E+00 5.1494E-03 4.2582E-03 1.0091E-02 6.8946E-03 0
 0 3.7147E-03 1.1825E-02 2.9862E-03 1.2113E-02 9.7564E-03 3.3889E-03 1.6636E-03 0.0000E+00 0.0000E+00 6.7792E-04 1.4280E-04 0.0000E+00 0.0000E+00 0.0000E+00 0.0000E+00 0.0000E+00 0.0000E+00 0.0000E+00 3.1499E-05 5.5879E-03 4.2039E-03 1.0550E-02 7.0121E-03 0
 0 3.8626E-03 1.1993E-02 2.9605E-03 1.3506E-02 9.8239E-03 4.6568E-03 2.2828E-03 0.0000E+00 0.0000E+00 3.0728E-04 1.4756E-03 0.0000E+00 0.0000E+00 0.0000E+00 0.0000E+00 0.0000E+00 0.0000E+00 0.0000E+00 1.1200E-04 6.0234E-03 3.9801E-03 1.0784E-02 7.0610E-03 0
 0 3.8357E-03 1.2359E-02 3.1704E-03 1.4234E-02 9.4864E-03 3.8168E-03 2.0431E-03 0.0000E+00 7.7640E-05 6.4307E-04 3.4000E-04 0.0000E+00 0.0000E+00 0.0000E+00 0.0000E+00 0.0000E+00 0.0000E+00 0.0000E+00 2.4499E-04 6.0086E-03 4.3755E-03 1.1093E-02 7.2572E-03 0
 0 4.1322E-03 1.2606E-02 3.1317E-03 1.6207E-02 1.0420E-02 4.5265E-03 1.3155E-03 0.0000E+00 8.3612E-05 5.3220E-04 8.2619E-04 0.0000E+00 0.0000E+00 0.0000E+00 0.0000E+00 0.0000E+00 0.0000E+00 0.0000E+00 0.0000E+00 8.0944E-03 4.3994E-03 1.1084E-02 7.4327E-03 0
 0 4.2271E-03 1.3002E-02 3.4343E-03 1.7592E-02 1.0420E-02 5.0687E-03 1.3668E-03 0.0000E+00 5.9723E-04 4.7835E-04 1.1594E-03 0.0000E+00 0.0000E+00 0.0000E+00 0.0000E+00 0.0000E+00 0.0000E+00 0.0000E+00 0.0000E+00 8.0826E-03 4.2582E-03 1.0881E-02 7.7241E-03 0
 0 4.2656E-03 1.3064E-02 3.4343E-03 1.7854E-02 1.0592E-02 5.1139E-03 1.9261E-03 0.0000E+00 0.0000E+00 7.1277E-04 8.8059E-04 0.0000E+00 0.0000E+00 0.0000E+00 0.0000E+00 0.0000E+00 0.0000E+00 0.0000E+00 2.4499E-05 9.2262E-03 4.5732E-03 1.1282E-02 7.6705E-03 0
 0 4.4114E-03 1.3255E-02 3.4189E-03 1.8884E-02 1.0448E-02 5.5286E-03 2.0888E-03 0.0000E+00 2.5681E-04 2.4076E-04 4.4880E-04 0.0000E+00 0.0000E+00 0.0000E+00 0.0000E+00 0.0000E+00 0.0000E+00 0.0000E+00 7.3498E-05 8.7700E-03 4.6340E-03 1.1828E-02 7.9644E-03 0
 0 4.4732E-03 1.3818E-02 3.3661E-03 1.9820E-02 1.1521E-02 5.0023E-03 2.5140E-03 0.0000E+00 3.8521E-04 3.6113E-04 3.1620E-04 0.0000E+00 0.0000E+00 0.0000E+00 0.0000E+00 0.0000E+00 0.0000E+00 0.0000E+00 1.4000E-05 9.3655E-03 4.6558E-03 1.1931E-02 8.0605E-03 0
 0 4.6274E-03 1.3610E-02 3.5657E-03 2.1346E-02 1.1603E-02 5.8768E-03 2.3570E-03 0.0000E+00 8.0327E-04 5.8605E-04 2.3120E-04 0.0000E+00 0.0000E+00 0.0000E+00 0.0000E+00 0.0000E+00 0.0000E+00 0.0000E+00 1.2950E-04 8.7640E-03 4.9969E-03 1.2172E-02 8.1546E-03 0
 0 4.7427E-03 1.3655E-02 3.7782E-03 2.2189E-02 1.2129E-02 6.6316E-03 2.8935E-03 0.0000E+00 6.3306E-04 5.8605E-04 9.6559E-04 0.0000E+00 0.0000E+00 0.0000E+00 0.0000E+00 0.0000E+00 0.0000E+00 0.0000E+00 1.0500E-04 9.5640E-03 4.9664E-03 1.2409E-02 8.5120E-03 0
 0 4.8001E-03 1.4429E-02 3.7730E-03 2.2747E-02 1.2373E-02 6.3552E-03 3.0504E-03 0.0000E+00 1.6722E-04 1.4382E-03 7.3099E-04 0.0000E+00 0.0000E+00 0.0000E+00 0.0000E+00 0.0000E+00 0.0000E+00 0.0000E+00 0.0000E+00 9.8988E-03 5.1946E-03 1.2943E-02 8.6351E-03 0
 0 5.0521E-03 1.4670E-02 4.2263E-03 2.4413E-02 1.1987E-02 6.7512E-03 2.7679E-03 0.0000E+00 6.5994E-04 8.0463E-04 1.8020E-04 0.0000E+00 2.3208E-04 0.0000E+00 0.0000E+00 0.0000E+00 0.0000E+00 0.0000E+00 1.1200E-04 1.0183E-02 5.5943E-03 1.3098E-02 8.7098E-03 0
 0 5.1118E-03 1.4555E-02 4.3087E-03 2.5673E-02 1.2685E-02 8.0722E-03 2.8735E-03 0.0000E+00 6.1813E-04 9.6619E-04 4.7940E-04 0.0000E+00 0.0000E+00 0.0000E+00 0.0000E+00 0.0000E+00 0.0000E+00 0.0000E+00 0.0000E+00 1.0957E-02 5.4401E-03 1.3337E-02 8.7435E-03 0
 0 5.1852E-03 1.4697E-02 4.3860E-03 2.6512E-02 1.3141E-02 7.2908E-03 3.2131E-03 0.0000E+00 3.8223E-04 1.4192E-03 1.1356E-03 0.0000E+00 1.2652E-03 0.0000E+00 0.0000E+00 0.0000E+00 0.0000E+00 0.0000E+00 8.0497E-05 1.1339E-02 5.6704E-03 1.3522E-02 9.1831E-03 0
 0 5.4592E-03 1.5269E-02 4.8482E-03 2.8209E-02 1.3085E-02 7.7294E-03 3.1104E-03 0.0000E+00 6.9279E-04 1.2988E-03 2.2440E-04 0.0000E+00 1.6657E-03 0.0000E+00 0.0000E+00 0.0000E+00 0.0000E+00 0.0000E+00 1.6099E-04 1.2882E-02 5.2967E-03 1.3361E-02 9.1891E-03 0
 0 5.4686E-03 1.5419E-02 4.6306E-03 2.8241E-02 1.3190E-02 8.8032E-03 4.3802E-03 0.0000E+00 8.1223E-04 1.5998E-03 1.0574E-03 0.0000E+00 1.7331E-03 0.0000E+00 0.0000E+00 0.0000E+00 0.0000E+00 0.0000E+00 0.0000E+00 1.3433E-02 5.4987E-03 1.4265E-02 9.5111E-03 0
 0 5.4538E-03 1.5309E-02 4.9255E-03 2.8395E-02 1.3374E-02 9.5740E-03 4.2261E-03 0.0000E+00 7.7043E-04 1.5237E-03 8.1599E-04 0.0000E+00 2.2123E-03 0.0000E+00 0.0000E+00 0.0000E+00 0.0000E+00 0.0000E+00 1.0150E-04 1.3620E-02 5.9810E-03 1.4218E-02 9.3841E-03 0
 0 5.6371E-03 1.5483E-02 5.1058E-03 2.9557E-02 1.3770E-02 8.9095E-03 4.1776E-03 0.0000E+00 1.4961E-03 1.5744E-03 7.2420E-04 0.0000E+00 2.0213E-04 0.0000E+00 0.0000E+00 0.0000E+00 0.0000E+00 0.0000E+00 0.0000E+00 1.4174E-02 6.4720E-03 1.4563E-02 9.6323E-03 0
 0 5.8063E-03 1.5920E-02 5.3324E-03 3.0307E-02 1.3954E-02 9.8531E-03 4.4715E-03 0.0000E+00 6.5695E-04 1.9546E-03 5.4400E-04 1.6962E-04 1.2390E-03 0.0000E+00 0.0000E+00 0.0000E+00 0.0000E+00 0.0000E+00 0.0000E+00 1.5078E-02 6.2765E-03 1.5070E-02 1.0027E-02 0
 0 5.8953E-03 1.6357E-02 5.5565E-03 3.1618E-02 1.4699E-02 1.0770E-02 5.1392E-03 0.0000E+00 1.0690E-03 1.8912E-03 9.7919E-04 0.0000E+00 8.0854E-04 0.0000E+00 0.0000E+00 0.0000E+00 0.0000E+00 0.0000E+00 1.2600E-04 1.5718E-02 6.4112E-03 1.5351E-02 1.0110E-02 0
 0 6.0898E-03 1.5903E-02 5.8166E-03 3.2535E-02 1.5285E-02 1.1788E-02 6.1779E-03 0.0000E+00 1.6543E-03 1.4129E-03 1.4688E-03 0.0000E+00 1.8267E-03 0.0000E+00 0.0000E+00 0.0000E+00 0.0000E+00 0.0000E+00 3.1499E-05 1.6933E-02 6.5611E-03 1.5155E-02 1.0137E-02 0
 0 6.3050E-03 1.6200E-02 5.8153E-03 3.3275E-02 1.5609E-02 1.1804E-02 6.3919E-03 0.0000E+00 1.7111E-03 1.6980E-03 1.6252E-03 1.2271E-04 1.3026E-03 0.0000E+00 0.0000E+00 0.0000E+00 0.0000E+00 0.0000E+00 0.0000E+00 1.7682E-02 7.0803E-03 1.6584E-02 1.0421E-02 0
 0 6.2661E-03 1.6803E-02 6.5455E-03 3.3346E-02 1.6328E-02 1.2920E-02 6.4005E-03 5.8345E-06 2.1351E-03 2.2112E-03 1.6014E-03 8.3007E-05 1.5609E-03 0.0000E+00 0.0000E+00 0.0000E+00 0.0000E+00 0.0000E+00 3.4999E-04 1.7173E-02 7.0999E-03 1.6117E-02 1.0656E-02 0
 0 6.4868E-03 1.6839E-02 6.5776E-03 3.4653E-02 1.5977E-02 1.2798E-02 6.9570E-03 5.8345E-06 2.1500E-03 2.5818E-03 3.0770E-03 5.0526E-05 1.1379E-03 0.0000E+00 0.0000E+00 0.0000E+00 0.0000E+00 0.0000E+00 3.3599E-04 1.8307E-02 7.4540E-03 1.6412E-02 1.0705E-02 0
 0 6.6541E-03 1.7300E-02 6.9768E-03 3.5130E-02 1.6589E-02 1.3510E-02 7.3393E-03 5.8345E-06 1.6693E-03 3.4941E-03 2.4276E-03 1.6962E-04 1.6957E-03 0.0000E+00 0.0000E+00 0.0000E+00 0.0000E+00 0.0000E+00 3.3599E-04 1.8334E-02 7.5322E-03 1.7124E-02 1.1006E-02 0
 0 6.8228E-03 1.7392E-02 7.3258E-03 3.4562E-02 1.7320E-02 1.4026E-02 7.9871E-03 2.6255E-05 2.9533E-03 3.5036E-03 2.7642E-03 5.8105E-04 1.3813E-03 0.0000E+00 0.0000E+00 0.0000E+00 0.0000E+00 0.0000E+00 5.2498E-04 1.9809E-02 7.8407E-03 1.6659E-02 1.1153E-02 0
 0 6.9460E-03 1.7605E-02 7.5640E-03 3.6043E-02 1.6961E-02 1.4324E-02 7.8501E-03 5.5428E-05 4.0134E-03 3.0126E-03 2.6316E-03 7.5789E-04 2.5229E-03 0.0000E+00 0.0000E+00 0.0000E+00 0.0000E+00 0.0000E+00 4.5499E-04 2.0245E-02 8.1840E-03 1.7335E-02 1.1150E-02 0
 0 7.0421E-03 1.7724E-02 7.6992E-03 3.5574E-02 1.7772E-02 1.4502E-02 8.5435E-03 1.8962E-04 3.5565E-03 3.5860E-03 2.8492E-03 5.8827E-04 3.7994E-03 0.0000E+00 0.0000E+00 0.0000E+00 0.0000E+00 3.0694E-04 3.3599E-04 2.0011E-02 8.6076E-03 1.7502E-02 1.1387E-02 0
 0 7.1522E-03 1.8084E-02 8.1036E-03 3.6183E-02 1.8717E-02 1.6001E-02 9.3768E-03 1.2836E-04 4.1836E-03 3.8648E-03 3.1824E-03 3.6451E-04 4.4732E-03 9.3870E-04 0.0000E+00 0.0000E+00 0.0000E+00 9.7322E-05 9.7997E-04 2.1172E-02 8.5685E-03 1.7588E-02 1.1823E-02 0
 0 7.3016E-03 1.8490E-02 8.2362E-03 3.7458E-02 1.8377E-02 1.6312E-02 1.0096E-02 2.1004E-04 4.0731E-03 4.7201E-03 4.6852E-03 9.7082E-04 4.1700E-03 1.2579E-03 0.0000E+00 0.0000E+00 0.0000E+00 1.3850E-04 1.5295E-03 2.2977E-02 8.6402E-03 1.8604E-02 1.2159E-02 0
 0 7.4137E-03 1.8481E-02 8.6985E-03 3.8169E-02 1.9061E-02 1.7665E-02 9.7734E-03 4.7551E-04 5.8081E-03 4.7613E-03 4.1956E-03 8.4812E-04 3.2192E-03 4.2565E-04 0.0000E+00 0.0000E+00 0.0000E+00 1.6470E-04 1.6379E-03 2.1208E-02 9.2246E-03 1.8663E-02 1.1781E-02 0
 0 7.4661E-03 1.9024E-02 9.2909E-03 3.7811E-02 1.9822E-02 1.7912E-02 1.0013E-02 5.5428E-04 5.3900E-03 5.3061E-03 5.9874E-03 1.2307E-03 3.6571E-03 8.9310E-04 0.0000E+00 0.0000E+00 0.0000E+00 1.0032E-03 2.5829E-03 2.3122E-02 9.6722E-03 1.9297E-02 1.2253E-02 0
 0 7.6877E-03 1.9265E-02 9.4596E-03 3.8683E-02 1.9438E-02 1.8071E-02 1.1323E-02 7.4099E-04 6.6740E-03 5.5089E-03 5.4298E-03 1.5122E-03 4.6117E-03 1.9268E-03 0.0000E+00 0.0000E+00 0.0000E+00 1.1042E-03 2.5094E-03 2.2701E-02 1.0022E-02 1.9388E-02 1.2485E-02 0
 0 7.8286E-03 1.9464E-02 9.7789E-03 3.8914E-02 1.9802E-02 1.9967E-02 1.1554E-02 9.5686E-04 6.3605E-03 6.4054E-03 4.9436E-03 7.7233E-04 2.7625E-03 9.5771E-04 0.0000E+00 0.0000E+00 0.0000E+00 7.4489E-04 2.9889E-03 2.3166E-02 1.0821E-02 2.0287E-02 1.2616E-02 0
 0 7.8669E-03 1.9768E-02 1.0539E-02 3.8737E-02 2.0607E-02 1.9783E-02 1.2987E-02 1.0736E-03 7.9820E-03 6.5353E-03 5.6712E-03 1.3137E-03 4.7314E-03 2.8275E-03 0.0000E+00 0.0000E+00 0.0000E+00 1.0406E-03 3.1219E-03 2.4977E-02 1.0643E-02 1.9946E-02 1.2618E-02 0
 0 8.0593E-03 1.9646E-02 1.0630E-02 3.8798E-02 2.1575E-02 2.1684E-02 1.4662E-02 2.2025E-03 7.8685E-03 6.8616E-03 7.3507E-03 1.6024E-03 7.9843E-03 1.6038E-03 0.0000E+00 0.0000E+00 0.0000E+00 1.3138E-03 3.4719E-03 2.3637E-02 1.1415E-02 2.0760E-02 1.2991E-02 0
 0 8.4143E-03 1.9681E-02 1.1130E-02 3.9701E-02 2.1785E-02 2.1274E-02 1.4045E-02 2.9523E-03 9.0659E-03 7.4635E-03 7.4221E-03 1.6710E-03 7.3667E-03 3.3520E-03 0.0000E+00 0.0000E+00 0.0000E+00 2.4592E-03 3.4649E-03 2.4920E-02 1.1369E-02 2.1113E-02 1.3158E-02 0
 0 8.4548E-03 2.0350E-02 1.1681E-02 3.9664E-02 2.1771E-02 2.1519E-02 1.6425E-02 3.4628E-03 9.9379E-03 8.4930E-03 7.3303E-03 2.5046E-03 5.2630E-03 5.1990E-03 0.0000E+00 0.0000E+00 0.0000E+00 1.5684E-03 5.0888E-03 2.5297E-02 1.1584E-02 2.1132E-02 1.3611E-02 0
 0 8.3242E-03 2.0415E-02 1.2052E-02 4.0172E-02 2.2365E-02 2.1636E-02 1.5846E-02 4.7289E-03 1.1724E-02 9.4117E-03 9.8021E-03 3.9446E-03 6.8314E-03 3.4394E-03 0.0000E+00 0.0000E+00 0.0000E+00 2.1074E-03 5.6698E-03 2.5753E-02 1.2349E-02 2.1534E-02 1.3546E-02 0
 0 8.4919E-03 2.0722E-02 1.2488E-02 3.9608E-02 2.2758E-02 2.4397E-02 1.6485E-02 5.4436E-03 1.1986E-02 9.1804E-03 9.8463E-03 3.8003E-03 7.3255E-03 2.1396E-03 0.0000E+00 0.0000E+00 4.1164E-04 2.0962E-03 5.5228E-03 2.6470E-02 1.2069E-02 2.2092E-02 1.3616E-02 0
 0 8.7661E-03 2.0547E-02 1.2922E-02 4.0841E-02 2.4045E-02 2.5115E-02 1.8223E-02 6.4588E-03 1.2715E-02 8.9840E-03 1.1611E-02 6.4962E-03 8.1041E-03 2.3829E-03 0.0000E+00 0.0000E+00 1.2959E-03 2.0737E-03 8.6692E-03 2.7868E-02 1.2729E-02 2.2709E-02 1.3899E-02 0
 0 8.9604E-03 2.1272E-02 1.3527E-02 4.0659E-02 2.4881E-02 2.5168E-02 1.8908E-02 9.2098E-03 1.3826E-02 1.1040E-02 1.2393E-02 5.9837E-03 9.6014E-03 2.3791E-03 0.0000E+00 0.0000E+00 1.9438E-04 2.5379E-03 7.2483E-03 2.7842E-02 1.3163E-02 2.3099E-02 1.4313E-02 0
 0 8.9800E-03 2.1148E-02 1.4216E-02 4.0815E-02 2.3994E-02 2.5482E-02 2.0157E-02 9.3761E-03 1.5211E-02 1.1458E-02 1.2104E-02 5.8574E-03 8.8003E-03 3.2912E-03 0.0000E+00 0.0000E+00 1.0596E-03 3.9902E-03 9.2432E-03 2.9216E-02 1.3650E-02 2.3954E-02 1.4015E-02 0
 0 9.1194E-03 2.1431E-02 1.4375E-02 4.0315E-02 2.5908E-02 2.7140E-02 2.0523E-02 1.2121E-02 1.5334E-02 1.2614E-02 1.3682E-02 7.2397E-03 6.4084E-03 3.0935E-03 0.0000E+00 0.0000E+00 1.1549E-03 1.9053E-03 1.0601E-02 3.0757E-02 1.4324E-02 2.4229E-02 1.4376E-02 0
 0 9.3320E-03 2.2070E-02 1.4864E-02 4.1685E-02 2.6073E-02 2.7941E-02 2.1804E-02 1.4335E-02 1.7818E-02 1.2811E-02 1.4426E-02 8.6797E-03 6.7865E-03 2.3525E-03 0.0000E+00 0.0000E+00 1.0481E-03 1.6769E-03 1.1700E-02 2.9406E-02 1.4693E-02 2.4098E-02 1.4565E-02 0
 0 9.4217E-03 2.1693E-02 1.5820E-02 4.1938E-02 2.6790E-02 2.8605E-02 2.3391E-02 1.6649E-02 1.8744E-02 1.5095E-02 1.6357E-02 8.2899E-03 1.0058E-02 3.2912E-03 0.0000E+00 0.0000E+00 2.1115E-03 3.2303E-03 1.3013E-02 3.1601E-02 1.5280E-02 2.5079E-02 1.4848E-02 0
 0 9.5147E-03 2.2509E-02 1.6193E-02 4.1130E-02 2.7372E-02 2.9727E-02 2.5063E-02 1.8994E-02 1.9840E-02 1.4091E-02 1.6561E-02 1.0748E-02 1.0455E-02 1.9420E-03 0.0000E+00 0.0000E+00 7.6229E-04 4.3645E-03 1.4091E-02 3.1785E-02 1.5488E-02 2.4719E-02 1.5136E-02 0
 0 9.7171E-03 2.2789E-02 1.6953E-02 4.1901E-02 2.7423E-02 2.9883E-02 2.7648E-02 2.2536E-02 2.1016E-02 1.6023E-02 1.6816E-02 1.0524E-02 1.2540E-02 1.9648E-03 0.0000E+00 0.0000E+00 1.2616E-03 5.0607E-03 1.4234E-02 3.2345E-02 1.6735E-02 2.5697E-02 1.5359E-02 0
 0 9.8465E-03 2.3135E-02 1.7955E-02 4.1665E-02 2.8115E-02 3.1391E-02 2.5579E-02 2.6241E-02 2.2656E-02 1.6615E-02 1.8894E-02 1.0029E-02 1.0649E-02 2.2689E-03 0.0000E+00 0.0000E+00 1.7761E-03 5.7869E-03 1.6950E-02 3.2787E-02 1.6637E-02 2.6605E-02 1.5462E-02 0
 0 9.9085E-03 2.3220E-02 1.8085E-02 4.1216E-02 2.8310E-02 3.1579E-02 2.6578E-02 2.7180E-02 2.3761E-02 1.7566E-02 1.9264E-02 1.3191E-02 1.3030E-02 3.3292E-03 0.0000E+00 0.0000E+00 2.0620E-03 6.8612E-03 1.8808E-02 3.2236E-02 1.7482E-02 2.6634E-02 1.5663E-02 0
 0 1.0010E-02 2.3595E-02 1.8807E-02 4.1522E-02 2.9251E-02 3.3573E-02 2.9734E-02 3.3123E-02 2.5394E-02 1.7468E-02 2.1559E-02 1.3122E-02 1.2076E-02 1.2465E-03 0.0000E+00 0.0000E+00 6.8987E-04 5.3078E-03 2.1367E-02 3.3827E-02 1.7693E-02 2.7385E-02 1.5831E-02 0
 0 1.0265E-02 2.3870E-02 1.9465E-02 4.2413E-02 2.9504E-02 3.3427E-02 2.8730E-02 3.4050E-02 2.6478E-02 1.9017E-02 2.2630E-02 1.5937E-02 1.3614E-02 2.7933E-03 0.0000E+00 0.0000E+00 1.9858E-03 9.6685E-03 2.3197E-02 3.4861E-02 1.8675E-02 2.7315E-02 1.5986E-02 0
 0 1.0283E-02 2.3592E-02 2.0354E-02 4.2175E-02 3.0461E-02 3.4644E-02 3.0439E-02 3.8097E-02 2.8837E-02 2.1760E-02 2.3677E-02 1.6973E-02 1.3756E-02 2.6983E-03 0.0000E+00 0.0000E+00 8.3852E-05 1.0095E-02 2.3222E-02 3.4721E-02 1.8630E-02 2.8544E-02 1.6096E-02 0
 0 1.0540E-02 2.4183E-02 2.0752E-02 4.2478E-02 3.1292E-02 3.4992E-02 3.3298E-02 4.0040E-02 3.0611E-02 2.2704E-02 2.3378E-02 2.0109E-02 1.5980E-02 4.0855E-03 0.0000E+00 0.0000E+00 1.2159E-03 9.2456E-03 2.6015E-02 3.5314E-02 1.9998E-02 2.8758E-02 1.6438E-02 0
 0 1.0545E-02 2.4791E-02 2.1825E-02 4.1830E-02 3.1758E-02 3.6015E-02 3.4217E-02 4.4077E-02 3.0539E-02 2.3357E-02 2.5367E-02 1.9871E-02 1.7904E-02 3.8878E-03 0.0000E+00 0.0000E+00 3.0263E-03 1.0653E-02 2.8503E-02 3.6511E-02 2.0665E-02 2.9304E-02 1.6632E-02 0
 0 1.0805E-02 2.4489E-02 2.2341E-02 4.1858E-02 3.2258E-02 3.6523E-02 3.5940E-02 4.7403E-02 3.3469E-02 2.4335E-02 2.5435E-02 2.1788E-02 1.6163E-02 2.4247E-03 0.0000E+00 0.0000E+00 2.1039E-03 1.0166E-02 2.9746E-02 3.7204E-02 2.0885E-02 3.0425E-02 1.6926E-02 0
 0 1.0734E-02 2.4911E-02 2.2964E-02 4.3720E-02 3.3490E-02 3.8405E-02 3.8129E-02 5.3491E-02 3.5959E-02 2.5067E-02 2.8529E-02 2.2271E-02 1.6324E-02 1.8318E-03 0.0000E+00 0.0000E+00 2.0582E-04 1.1533E-02 3.2223E-02 3.6425E-02 2.1841E-02 3.0175E-02 1.7089E-02 0
 0 1.0819E-02 2.5299E-02 2.4039E-02 4.2012E-02 3.3017E-02 3.8979E-02 3.5869E-02 5.7666E-02 3.6577E-02 2.7662E-02 3.1402E-02 2.6371E-02 1.8267E-02 3.1734E-03 0.0000E+00 0.0000E+00 3.6704E-03 1.4355E-02 3.3532E-02 3.7613E-02 2.2697E-02 3.0795E-02 1.7200E-02 0
 0 1.1018E-02 2.5672E-02 2.5090E-02 4.2916E-02 3.3967E-02 3.8923E-02 3.9365E-02 5.7234E-02 3.8895E-02 2.8815E-02 3.0579E-02 2.7284E-02 1.9240E-02 4.4123E-03 0.0000E+00 0.0000E+00 1.1434E-03 1.4347E-02 3.4666E-02 3.7986E-02 2.3155E-02 3.1963E-02 1.7465E-02 0
 0 1.1040E-02 2.6067E-02 2.5794E-02 4.3102E-02 3.4963E-02 4.0869E-02 4.0198E-02 6.0507E-02 4.0895E-02 2.9781E-02 3.1120E-02 2.8269E-02 2.0614E-02 6.0845E-03 0.0000E+00 0.0000E+00 3.9601E-03 1.5351E-02 3.7918E-02 3.9388E-02 2.3739E-02 3.1844E-02 1.7728E-02 0
 0 1.1218E-02 2.6279E-02 2.5702E-02 4.2979E-02 3.5448E-02 3.9896E-02 4.1719E-02 6.2896E-02 4.1582E-02 3.0706E-02 3.2983E-02 3.1167E-02 2.0509E-02 4.2299E-03 0.0000E+00 0.0000E+00 8.2365E-03 1.5388E-02 3.9573E-02 3.7829E-02 2.4191E-02 3.2792E-02 1.7910E-02 0
 0 1.1437E-02 2.6105E-02 2.7405E-02 4.2383E-02 3.5499E-02 4.1512E-02 4.1859E-02 6.5361E-02 4.3135E-02 3.3719E-02 3.4058E-02 2.9688E-02 2.2448E-02 5.1800E-03 0.0000E+00 0.0000E+00 2.8548E-03 1.6043E-02 4.2226E-02 3.8875E-02 2.4954E-02 3.3361E-02 1.8046E-02 0
 0 1.1419E-02 2.6427E-02 2.8216E-02 4.2864E-02 3.6607E-02 4.3375E-02 4.3460E-02 6.8022E-02 4.4894E-02 3.4954E-02 3.5146E-02 3.2160E-02 2.2665E-02 5.5904E-03 0.0000E+00 0.0000E+00 2.3593E-03 1.5549E-02 4.4767E-02 4.0336E-02 2.6438E-02 3.3301E-02 1.7931E-02 0
 0 1.1612E-02 2.6569E-02 2.9279E-02 4.3247E-02 3.7112E-02 4.2174E-02 4.4144E-02 7.1677E-02 4.6918E-02 3.4647E-02 3.9817E-02 3.5054E-02 2.6678E-02 4.1235E-03 0.0000E+00 0.0000E+00 4.2307E-03 1.7267E-02 4.5905E-02 3.9080E-02 2.6442E-02 3.4117E-02 1.8384E-02 0
 0 1.1735E-02 2.7273E-02 2.9580E-02 4.3495E-02 3.8285E-02 4.3750E-02 4.6530E-02 7.4227E-02 4.9776E-02 3.7495E-02 4.0378E-02 3.8934E-02 2.5825E-02 5.2636E-03 0.0000E+00 0.0000E+00 6.7425E-03 1.9827E-02 4.9201E-02 4.0360E-02 2.7202E-02 3.5016E-02 1.8369E-02 0
 0 1.1665E-02 2.7504E-02 3.0518E-02 4.4477E-02 3.8369E-02 4.5600E-02 4.5702E-02 7.3611E-02 4.8767E-02 3.9246E-02 3.8954E-02 3.6126E-02 2.8374E-02 5.3358E-03 0.0000E+00 0.0000E+00 5.1150E-03 1.8229E-02 5.2463E-02 4.0923E-02 2.8415E-02 3.5584E-02 1.8652E-02 0
 0 1.1873E-02 2.7295E-02 3.1393E-02 4.3538E-02 3.9685E-02 4.5845E-02 4.8202E-02 7.5683E-02 5.2144E-02 4.0628E-02 4.1623E-02 3.5895E-02 2.3620E-02 6.0693E-03 0.0000E+00 0.0000E+00 3.9067E-03 1.7537E-02 5.4528E-02 4.1100E-02 2.9612E-02 3.6365E-02 1.8755E-02 0
 0 1.1874E-02 2.8066E-02 3.2640E-02 4.4815E-02 4.0446E-02 4.7415E-02 5.1615E-02 7.9548E-02 5.2774E-02 4.1423E-02 4.4074E-02 3.9934E-02 2.3859E-02 5.8792E-03 0.0000E+00 0.0000E+00 4.8825E-03 2.2867E-02 5.2547E-02 4.1506E-02 2.9232E-02 3.6063E-02 1.9263E-02 0
 0 1.2044E-02 2.8354E-02 3.2949E-02 4.3649E-02 4.0716E-02 4.7229E-02 5.1547E-02 7.9606E-02 5.2759E-02 4.4939E-02 4.5889E-02 4.2088E-02 2.6176E-02 8.2127E-03 0.0000E+00 0.0000E+00 2.7824E-03 2.0475E-02 5.4486E-02 4.3263E-02 3.1682E-02 3.7041E-02 1.9245E-02 0
 0 1.2045E-02 2.8439E-02 3.4704E-02 4.5188E-02 4.0923E-02 4.8229E-02 5.3219E-02 8.3959E-02 5.6593E-02 4.5322E-02 4.8722E-02 4.5123E-02 2.6206E-02 7.9315E-03 4.5820E-05 0.0000E+00 8.3471E-04 2.3567E-02 5.7475E-02 4.3097E-02 3.2167E-02 3.7497E-02 1.9432E-02 0
 0 1.2300E-02 2.8728E-02 3.4936E-02 4.4104E-02 4.0979E-02 4.9066E-02 5.3056E-02 8.4881E-02 5.7818E-02 4.5931E-02 4.6355E-02 4.6531E-02 3.0062E-02 8.1025E-03 0.0000E+00 0.0000E+00 9.7954E-04 2.3155E-02 5.8732E-02 4.4588E-02 3.2614E-02 3.8486E-02 1.9533E-02 0
 0 1.2286E-02 2.8906E-02 3.5780E-02 4.4372E-02 4.2036E-02 5.0145E-02 5.4925E-02 8.5870E-02 5.9505E-02 4.8484E-02 4.6318E-02 4.6433E-02 3.2124E-02 5.8336E-03 6.6438E-04 0.0000E+00 1.4445E-03 2.0542E-02 6.1056E-02 4.4673E-02 3.3127E-02 3.8472E-02 1.9816E-02 0
 0 1.2357E-02 2.9295E-02 3.7017E-02 4.4331E-02 4.4287E-02 5.0366E-02 5.5490E-02 8.6337E-02 6.2336E-02 5.0654E-02 4.9640E-02 4.7946E-02 3.0260E-02 7.0384E-03 1.0844E-03 0.0000E+00 1.8257E-03 2.4896E-02 6.3477E-02 4.5441E-02 3.3970E-02 3.9471E-02 1.9812E-02 0
 0 1.2365E-02 2.9741E-02 3.8035E-02 4.5042E-02 4.4098E-02 5.0855E-02 5.8201E-02 8.6573E-02 6.1771E-02 5.1364E-02 5.1952E-02 5.0681E-02 3.0915E-02 9.4668E-03 1.1837E-04 0.0000E+00 3.3503E-03 2.5584E-02 6.4293E-02 4.6395E-02 3.4985E-02 4.0181E-02 1.9953E-02 0
 0 1.2540E-02 3.0049E-02 3.9091E-02 4.4986E-02 4.5269E-02 5.1939E-02 5.9568E-02 8.4440E-02 6.3608E-02 5.3952E-02 5.3250E-02 5.4261E-02 3.2109E-02 6.2897E-03 4.9638E-04 0.0000E+00 1.6237E-03 2.5539E-02 6.5280E-02 4.5100E-02 3.5814E-02 4.0599E-02 2.0244E-02 0
 0 1.2664E-02 2.9873E-02 3.9820E-02 4.5083E-02 4.5928E-02 5.3173E-02 6.1468E-02 8.8872E-02 6.3378E-02 5.4566E-02 5.1476E-02 5.4738E-02 3.5561E-02 1.0463E-02 7.7893E-04 0.0000E+00 1.9896E-03 2.7542E-02 6.7320E-02 4.4916E-02 3.8204E-02 4.1110E-02 2.0219E-02 0
 0 1.2594E-02 3.0716E-02 4.0654E-02 4.4782E-02 4.6782E-02 5.3449E-02 6.2179E-02 8.7503E-02 6.6376E-02 5.9122E-02 5.5273E-02 5.7113E-02 3.2121E-02 1.0706E-02 1.2906E-03 0.0000E+00 1.2692E-03 2.7228E-02 6.8706E-02 4.5550E-02 3.8319E-02 4.1539E-02 2.0716E-02 0
 0 1.2681E-02 3.0846E-02 4.1629E-02 4.5580E-02 4.6005E-02 5.4680E-02 6.4168E-02 8.7824E-02 6.8944E-02 5.8688E-02 5.8000E-02 5.4002E-02 3.2794E-02 1.1637E-02 3.5739E-03 0.0000E+00 1.6809E-03 2.6378E-02 7.1972E-02 4.8573E-02 3.8437E-02 4.2121E-02 2.0659E-02 0
 0 1.2697E-02 3.0963E-02 4.2631E-02 4.6132E-02 4.6983E-02 5.4751E-02 6.3620E-02 9.0520E-02 6.8678E-02 5.9283E-02 5.6606E-02 5.7791E-02 3.2431E-02 1.1295E-02 1.0577E-03 0.0000E+00 2.4660E-03 3.4953E-02 7.3655E-02 4.7408E-02 4.0629E-02 4.3091E-02 2.0847E-02 0
 0 1.2955E-02 3.0561E-02 4.3062E-02 4.6815E-02 4.8680E-02 5.5509E-02 6.5152E-02 8.8224E-02 7.0793E-02 6.1675E-02 5.8340E-02 5.7048E-02 3.4793E-02 1.1949E-02 0.0000E+00 0.0000E+00 1.2425E-03 3.0870E-02 7.2861E-02 4.7918E-02 4.1943E-02 4.3835E-02 2.1121E-02 0
 0 1.3040E-02 3.1488E-02 4.4879E-02 4.5983E-02 4.9448E-02 5.7242E-02 6.5863E-02 8.9204E-02 7.1264E-02 6.2099E-02 5.7004E-02 6.1602E-02 3.5336E-02 1.3647E-02 7.1020E-04 0.0000E+00 1.7380E-03 3.0537E-02 7.5290E-02 4.9064E-02 4.3327E-02 4.4200E-02 2.1198E-02 0
 0 1.3071E-02 3.1922E-02 4.5607E-02 4.6692E-02 4.9515E-02 5.7566E-02 6.5466E-02 8.7431E-02 7.3343E-02 6.3341E-02 5.9510E-02 6.1580E-02 3.3790E-02 1.3233E-02 1.3020E-03 0.0000E+00 2.7099E-03 3.1738E-02 7.7040E-02 4.8072E-02 4.3457E-02 4.4981E-02 2.1505E-02 0
 0 1.2969E-02 3.1992E-02 4.6570E-02 4.6828E-02 5.0316E-02 5.8398E-02 6.8828E-02 8.9373E-02 7.3190E-02 6.5413E-02 6.3648E-02 6.1086E-02 3.6163E-02 1.1827E-02 1.6190E-03 0.0000E+00 1.8638E-03 3.0975E-02 7.4551E-02 4.9467E-02 4.5354E-02 4.5843E-02 2.1566E-02 0
 0 1.2963E-02 3.2607E-02 4.7472E-02 4.7557E-02 5.1732E-02 5.8356E-02 6.9518E-02 8.6620E-02 7.4009E-02 6.5993E-02 6.1686E-02 6.1451E-02 4.0311E-02 1.4134E-02 8.0184E-04 0.0000E+00 2.4431E-03 3.4287E-02 7.8653E-02 4.8878E-02 4.5934E-02 4.6035E-02 2.1671E-02 0
 0 1.2905E-02 3.2611E-02 4.8217E-02 4.7138E-02 5.0279E-02 5.8906E-02 6.9216E-02 8.7352E-02 7.6607E-02 6.7957E-02 6.3535E-02 6.4966E-02 3.9712E-02 1.2500E-02 6.1475E-04 0.0000E+00 1.8524E-03 3.6664E-02 7.7607E-02 5.0202E-02 4.7879E-02 4.6775E-02 2.1796E-02 0
 0 1.3054E-02 3.2799E-02 4.9238E-02 4.7091E-02 5.3028E-02 5.9889E-02 7.0725E-02 8.6730E-02 7.6051E-02 6.8302E-02 6.3569E-02 6.3230E-02 3.3704E-02 1.2568E-02 4.7729E-04 0.0000E+00 2.2564E-03 3.6050E-02 7.8076E-02 5.0860E-02 4.8120E-02 4.7504E-02 2.1827E-02 0
 0 1.3165E-02 3.3237E-02 5.0281E-02 4.8374E-02 5.3862E-02 6.0291E-02 7.3242E-02 8.8227E-02 7.6341E-02 6.9994E-02 6.1778E-02 6.6305E-02 3.4808E-02 1.3868E-02 2.0161E-03 0.0000E+00 3.8801E-03 3.3400E-02 7.7897E-02 5.1509E-02 4.8502E-02 4.7491E-02 2.2068E-02 0
 0 1.3137E-02 3.3447E-02 5.1955E-02 4.8502E-02 5.3964E-02 6.0394E-02 7.3019E-02 8.7080E-02 7.6672E-02 7.4254E-02 6.5133E-02 6.4865E-02 3.8507E-02 1.4438E-02 1.6610E-03 0.0000E+00 3.0797E-03 3.3411E-02 7.6917E-02 5.2045E-02 4.9775E-02 4.8227E-02 2.1868E-02 0
 0 1.3181E-02 3.3685E-02 5.2737E-02 4.7810E-02 5.4933E-02 6.1242E-02 7.3790E-02 8.5380E-02 7.8058E-02 7.3364E-02 6.5633E-02 6.1555E-02 3.7885E-02 1.4236E-02 2.6308E-03 0.0000E+00 3.3808E-03 3.4066E-02 7.9108E-02 5.1192E-02 5.0499E-02 4.9731E-02 2.1999E-02 0
 0 1.3308E-02 3.3505E-02 5.2937E-02 4.8272E-02 5.5950E-02 6.1845E-02 7.6056E-02 8.6144E-02 8.0641E-02 7.3323E-02 6.6912E-02 6.7658E-02 3.8559E-02 1.3575E-02 3.1272E-03 0.0000E+00 2.9920E-03 3.6537E-02 7.6725E-02 5.1900E-02 5.1863E-02 4.9142E-02 2.2269E-02 0
 0 1.3419E-02 3.3827E-02 5.4613E-02 4.8313E-02 5.6714E-02 6.3180E-02 7.4195E-02 8.4744E-02 8.1743E-02 7.4983E-02 6.6402E-02 6.6391E-02 3.9143E-02 1.5053E-02 3.3448E-03 0.0000E+00 3.5408E-03 3.5878E-02 7.6987E-02 5.2140E-02 5.3334E-02 4.9924E-02 2.2620E-02 0
 0 1.3312E-02 3.4485E-02 5.6350E-02 4.8478E-02 5.6634E-02 6.1957E-02 7.6321E-02 8.3154E-02 8.1943E-02 7.5826E-02 6.8122E-02 6.5034E-02 3.8926E-02 1.3864E-02 2.9515E-03 0.0000E+00 3.3998E-03 3.6189E-02 8.1232E-02 5.3180E-02 5.3929E-02 4.9744E-02 2.2598E-02 0
 0 1.3395E-02 3.4073E-02 5.5820E-02 4.8983E-02 5.7619E-02 6.3951E-02 7.8804E-02 8.3139E-02 8.1184E-02 7.7859E-02 6.8125E-02 6.7460E-02 4.0214E-02 1.5099E-02 4.1620E-03 0.0000E+00 1.9781E-03 3.7828E-02 8.0679E-02 5.3192E-02 5.5170E-02 5.1338E-02 2.2942E-02 0
 0 1.3382E-02 3.4897E-02 5.7341E-02 5.0530E-02 5.8660E-02 6.4278E-02 7.9371E-02 8.1462E-02 8.1050E-02 7.9551E-02 6.8683E-02 6.8203E-02 3.8873E-02 1.4791E-02 7.1670E-03 0.0000E+00 3.5637E-03 3.7465E-02 7.9822E-02 5.3793E-02 5.6641E-02 5.1972E-02 2.3257E-02 0
 0 1.3304E-02 3.5788E-02 5.7793E-02 4.9932E-02 5.9160E-02 6.6011E-02 7.7554E-02 8.3944E-02 8.2692E-02 7.8696E-02 6.9798E-02 6.8993E-02 4.0573E-02 1.7949E-02 2.3903E-03 0.0000E+00 3.8305E-03 3.6945E-02 7.9311E-02 5.5511E-02 5.8474E-02 5.2847E-02 2.2883E-02 0
 0 1.3318E-02 3.5148E-02 5.9062E-02 5.0685E-02 5.9880E-02 6.4615E-02 7.9520E-02 8.2573E-02 8.1614E-02 8.1898E-02 7.0730E-02 6.6821E-02 3.7601E-02 1.7744E-02 4.9982E-03 0.0000E+00 3.5256E-03 3.8461E-02 7.7407E-02 5.5363E-02 5.9849E-02 5.3382E-02 2.2817E-02 0
 0 1.3511E-02 3.5182E-02 5.9950E-02 5.0322E-02 6.1153E-02 6.6058E-02 7.9486E-02 8.1249E-02 8.3316E-02 8.2399E-02 6.9652E-02 6.5521E-02 3.8368E-02 1.7569E-02 8.6790E-03 0.0000E+00 2.8395E-03 3.5717E-02 7.6133E-02 5.4089E-02 6.1768E-02 5.4083E-02 2.2928E-02 0
 0 1.3302E-02 3.5390E-02 6.1030E-02 5.0990E-02 6.1837E-02 6.6135E-02 8.3107E-02 8.0966E-02 8.2567E-02 8.2329E-02 7.0764E-02 6.7272E-02 4.2081E-02 1.6368E-02 4.0359E-03 0.0000E+00 4.3451E-03 3.5751E-02 7.8457E-02 5.7150E-02 6.0692E-02 5.4463E-02 2.3245E-02 0
 0 1.3266E-02 3.5532E-02 6.1792E-02 5.0808E-02 6.1325E-02 6.5761E-02 8.2816E-02 8.0099E-02 8.3290E-02 8.3739E-02 7.2120E-02 6.7921E-02 3.8305E-02 1.6102E-02 3.8718E-03 0.0000E+00 3.1978E-03 4.0059E-02 7.9052E-02 5.6548E-02 6.2591E-02 5.4436E-02 2.3443E-02 0
 0 1.3451E-02 3.6184E-02 6.2915E-02 5.1432E-02 6.2082E-02 6.7433E-02 8.2299E-02 8.1584E-02 8.1865E-02 8.4338E-02 7.0944E-02 6.6557E-02 3.9315E-02 2.1427E-02 7.6710E-03 0.0000E+00 4.5509E-03 3.9805E-02 7.9160E-02 5.5292E-02 6.3617E-02 5.5306E-02 2.3609E-02 0
 0 1.3515E-02 3.6086E-02 6.3314E-02 5.1983E-02 6.3732E-02 6.8028E-02 8.4397E-02 7.9043E-02 8.4293E-02 8.3606E-02 6.9523E-02 6.8235E-02 3.9169E-02 1.7619E-02 4.9676E-03 0.0000E+00 3.8191E-03 3.8491E-02 7.9433E-02 5.6729E-02 6.6571E-02 5.5762E-02 2.3465E-02 0
 0 1.3467E-02 3.6481E-02 6.3963E-02 5.2362E-02 6.3965E-02 6.8113E-02 8.2870E-02 7.8288E-02 8.5028E-02 8.6121E-02 7.0553E-02 6.5114E-02 3.9865E-02 1.7611E-02 6.6973E-03 0.0000E+00 3.6781E-03 3.7978E-02 7.8013E-02 5.8519E-02 6.5815E-02 5.6863E-02 2.3572E-02 0
 0 1.3368E-02 3.6878E-02 6.5194E-02 5.3006E-02 6.5066E-02 6.8892E-02 8.4322E-02 7.7830E-02 8.4693E-02 8.4502E-02 7.1699E-02 6.6070E-02 3.8447E-02 1.7429E-02 5.9260E-03 0.0000E+00 6.3537E-03 3.7098E-02 7.5118E-02 5.9034E-02 6.7243E-02 5.7366E-02 2.3558E-02 0
 0 1.3316E-02 3.6684E-02 6.6073E-02 5.2653E-02 6.6980E-02 6.9570E-02 8.4865E-02 7.7217E-02 8.5544E-02 8.6077E-02 7.2963E-02 6.7597E-02 3.8840E-02 1.7984E-02 6.5102E-03 0.0000E+00 4.4746E-03 3.8371E-02 7.4135E-02 5.8018E-02 6.8083E-02 5.7445E-02 2.3699E-02 0
 0 1.3207E-02 3.6856E-02 6.7036E-02 5.2718E-02 6.7396E-02 7.0295E-02 8.5116E-02 7.8358E-02 8.5311E-02 8.7458E-02 7.3878E-02 6.7600E-02 3.6463E-02 1.9086E-02 8.4728E-03 0.0000E+00 2.8243E-03 3.9509E-02 7.5860E-02 5.8679E-02 7.0017E-02 5.8626E-02 2.3520E-02 0
 0 1.3248E-02 3.7029E-02 6.7570E-02 5.3797E-02 6.7182E-02 7.0824E-02 8.5267E-02 7.6202E-02 8.4863E-02 8.7211E-02 7.3184E-02 6.7669E-02 3.9821E-02 1.8405E-02 8.1521E-03 0.0000E+00 5.8506E-03 4.1444E-02 7.7351E-02 5.9316E-02 7.1766E-02 5.8570E-02 2.3638E-02 0
 0 1.3229E-02 3.7506E-02 6.8973E-02 5.3927E-02 6.8242E-02 7.2036E-02 8.5021E-02 7.5257E-02 8.6813E-02 8.9048E-02 7.5728E-02 6.5817E-02 3.8342E-02 1.9367E-02 6.9417E-03 0.0000E+00 3.9220E-03 4.0666E-02 7.4040E-02 6.0904E-02 7.1581E-02 5.9185E-02 2.3885E-02 0
 0 1.3189E-02 3.7427E-02 6.9833E-02 5.4398E-02 6.7604E-02 7.0502E-02 8.5652E-02 7.4361E-02 8.5126E-02 8.8557E-02 7.5173E-02 6.5229E-02 3.8114E-02 1.8417E-02 5.9298E-03 0.0000E+00 5.0921E-03 4.0415E-02 7.4856E-02 6.0415E-02 7.3215E-02 6.0134E-02 2.3962E-02 0
 0 1.3300E-02 3.7493E-02 6.9302E-02 5.4138E-02 6.9315E-02 7.2416E-02 8.6283E-02 7.6033E-02 8.5389E-02 8.9387E-02 7.2651E-02 6.5186E-02 3.8024E-02 1.9686E-02 5.5442E-03 0.0000E+00 3.8839E-03 3.4901E-02 7.3295E-02 6.0599E-02 7.4323E-02 6.0377E-02 2.3994E-02 0
 0 1.3197E-02 3.7371E-02 7.0576E-02 5.4959E-02 7.0786E-02 7.2491E-02 8.5016E-02 7.3967E-02 8.6700E-02 8.7848E-02 7.4130E-02 6.4139E-02 3.6459E-02 1.8987E-02 5.0516E-03 0.0000E+00 4.3184E-03 3.7270E-02 7.2122E-02 6.1434E-02 7.6020E-02 6.1645E-02 2.4051E-02 0
 0 1.3263E-02 3.7766E-02 7.0887E-02 5.5492E-02 6.9368E-02 7.2174E-02 8.5875E-02 7.4119E-02 8.6682E-02 9.0436E-02 7.3756E-02 6.3428E-02 3.6478E-02 2.0537E-02 5.8229E-03 0.0000E+00 4.8405E-03 3.9973E-02 7.1366E-02 6.2924E-02 7.7799E-02 6.1053E-02 2.3908E-02 0
 0 1.3183E-02 3.8254E-02 7.2229E-02 5.5380E-02 7.1747E-02 7.2701E-02 8.6502E-02 7.1208E-02 8.5774E-02 9.0499E-02 7.6554E-02 6.4045E-02 3.6901E-02 2.0556E-02 5.5365E-03 0.0000E+00 5.8087E-03 3.7821E-02 7.2269E-02 6.1342E-02 7.7049E-02 6.2333E-02 2.4075E-02 0
 0 1.3139E-02 3.7982E-02 7.2395E-02 5.6309E-02 7.2748E-02 7.4715E-02 8.7641E-02 7.3378E-02 8.5831E-02 9.2140E-02 7.4830E-02 6.2281E-02 3.6556E-02 1.8295E-02 4.8492E-03 0.0000E+00 5.3513E-03 3.7686E-02 7.0547E-02 6.0593E-02 7.8212E-02 6.1838E-02 2.4185E-02 0
 0 1.3220E-02 3.8062E-02 7.3646E-02 5.6621E-02 7.4157E-02 7.4234E-02 8.8123E-02 7.2695E-02 8.6852E-02 9.0109E-02 7.6608E-02 6.4468E-02 3.6961E-02 1.8626E-02 7.5221E-03 0.0000E+00 5.4275E-03 3.9281E-02 7.2329E-02 6.4113E-02 7.9020E-02 6.2625E-02 2.4279E-02 0
 0 1.3282E-02 3.8691E-02 7.3969E-02 5.6762E-02 7.4865E-02 7.4867E-02 8.9444E-02 7.3536E-02 8.7494E-02 9.0734E-02 7.4585E-02 6.4450E-02 3.5198E-02 2.0074E-02 6.3613E-03 0.0000E+00 3.4989E-03 3.7068E-02 7.1447E-02 6.1686E-02 8.0662E-02 6.2647E-02 2.4122E-02 0
 0 1.2928E-02 3.8324E-02 7.4447E-02 5.7673E-02 7.4236E-02 7.3814E-02 9.0777E-02 7.0843E-02 8.4750E-02 9.0300E-02 7.4385E-02 6.1981E-02 3.6324E-02 2.0203E-02 5.0974E-03 0.0000E+00 4.4060E-03 3.8667E-02 6.8237E-02 6.3849E-02 8.4095E-02 6.4253E-02 2.4012E-02 0
 0 1.2908E-02 3.8879E-02 7.5160E-02 5.7668E-02 7.5940E-02 7.5470E-02 9.0221E-02 7.0435E-02 8.7679E-02 8.9390E-02 7.4782E-02 6.1761E-02 3.6332E-02 1.8975E-02 4.8836E-03 0.0000E+00 7.5352E-03 3.7405E-02 6.8850E-02 6.4673E-02 8.3085E-02 6.4263E-02 2.3989E-02 0
 0 1.2957E-02 3.8713E-02 7.5559E-02 5.7540E-02 7.6499E-02 7.5361E-02 8.8928E-02 7.0618E-02 8.5147E-02 8.9875E-02 7.3565E-02 6.1967E-02 3.7694E-02 2.0017E-02 4.9829E-03 0.0000E+00 5.5114E-03 3.8139E-02 6.8269E-02 6.3917E-02 8.4412E-02 6.4235E-02 2.4211E-02 0
 0 1.2768E-02 3.8816E-02 7.5719E-02 5.8497E-02 7.6678E-02 7.6653E-02 8.7630E-02 6.9168E-02 8.6061E-02 9.3474E-02 7.5646E-02 5.9502E-02 3.6628E-02 2.0195E-02 4.6125E-03 0.0000E+00 5.0654E-03 3.7151E-02 6.9102E-02 6.5567E-02 8.5179E-02 6.4901E-02 2.4463E-02 0
 0 1.2746E-02 3.9020E-02 7.6351E-02 5.9439E-02 7.7265E-02 7.7302E-02 8.7684E-02 6.9691E-02 8.7103E-02 9.0220E-02 7.4565E-02 5.8192E-02 3.5430E-02 1.9648E-02 5.5174E-03 0.0000E+00 6.0564E-03 3.7836E-02 6.8059E-02 6.4998E-02 8.7717E-02 6.5087E-02 2.4223E-02 0
 0 1.2742E-02 3.8943E-02 7.6990E-02 5.9125E-02 7.7879E-02 7.6145E-02 8.8548E-02 7.0823E-02 8.5882E-02 9.4554E-02 7.3453E-02 6.0029E-02 3.4838E-02 1.8155E-02 5.9566E-03 0.0000E+00 6.1174E-03 3.7113E-02 6.6162E-02 6.5345E-02 8.6952E-02 6.4903E-02 2.4405E-02 0
 0 1.2706E-02 3.8788E-02 7.7528E-02 6.0050E-02 7.8093E-02 7.6621E-02 9.0238E-02 6.9087E-02 8.4350E-02 8.9682E-02 7.3317E-02 5.7704E-02 3.4385E-02 1.8842E-02 3.1921E-03 0.0000E+00 6.6891E-03 3.6559E-02 6.4286E-02 6.6400E-02 8.8473E-02 6.6171E-02 2.3936E-02 0
 0 1.2748E-02 3.9280E-02 7.8406E-02 5.9702E-02 7.8964E-02 7.6603E-02 8.7316E-02 6.9551E-02 8.5792E-02 9.1060E-02 7.5265E-02 5.8820E-02 3.3214E-02 2.0693E-02 4.2498E-03 0.0000E+00 6.3689E-03 3.7813E-02 6.5059E-02 6.7259E-02 8.9539E-02 6.6444E-02 2.4426E-02 0
 0 1.2732E-02 3.9026E-02 7.8339E-02 6.0324E-02 8.0093E-02 7.9845E-02 8.8554E-02 6.8591E-02 8.5923E-02 9.1323E-02 7.1199E-02 5.7192E-02 3.5123E-02 1.9538E-02 4.3949E-03 0.0000E+00 6.6243E-03 3.6720E-02 6.2256E-02 6.6509E-02 9.0628E-02 6.6914E-02 2.4112E-02 0
 0 1.2542E-02 3.8880E-02 7.8708E-02 6.0978E-02 7.8752E-02 7.8593E-02 8.7321E-02 6.8290E-02 8.3779E-02 8.8846E-02 7.4969E-02 5.9285E-02 3.4771E-02 1.9895E-02 3.3945E-03 0.0000E+00 7.9354E-03 3.4347E-02 6.2718E-02 6.6311E-02 9.1471E-02 6.7162E-02 2.4044E-02 0
 0 1.2461E-02 3.9251E-02 7.9187E-02 6.1642E-02 7.9960E-02 7.8091E-02 8.9039E-02 6.8074E-02 8.5296E-02 9.3268E-02 7.3055E-02 5.8762E-02 3.4318E-02 1.9238E-02 3.9023E-03 0.0000E+00 6.6167E-03 3.6275E-02 6.3449E-02 6.8038E-02 9.3478E-02 6.6209E-02 2.4295E-02 0
 0 1.2549E-02 3.9010E-02 7.9909E-02 6.1566E-02 8.2198E-02 8.0483E-02 8.8066E-02 6.9023E-02 8.5538E-02 8.9283E-02 7.2780E-02 5.7279E-02 3.4183E-02 2.0290E-02 3.6961E-03 0.0000E+00 6.9826E-03 3.7218E-02 6.1010E-02 6.8663E-02 9.4691E-02 6.7791E-02 2.4057E-02 0
 0 1.2290E-02 3.9471E-02 7.9883E-02 6.2543E-02 8.2086E-02 8.0252E-02 8.9242E-02 6.6353E-02 8.6598E-02 8.9669E-02 7.4140E-02 5.5543E-02 3.5389E-02 2.0135E-02 3.4136E-03 0.0000E+00 7.1846E-03 3.5886E-02 6.1077E-02 6.7849E-02 9.4814E-02 6.8238E-02 2.3869E-02 0
 0 1.2266E-02 3.9902E-02 8.0965E-02 6.2268E-02 8.1876E-02 8.1775E-02 8.6722E-02 6.7123E-02 8.4272E-02 9.0056E-02 7.3147E-02 5.6445E-02 3.3584E-02 1.9732E-02 3.0470E-03 0.0000E+00 6.8263E-03 3.5163E-02 6.0846E-02 6.9742E-02 9.6609E-02 6.8591E-02 2.3995E-02 0
 0 1.2212E-02 3.9517E-02 8.0418E-02 6.2803E-02 8.1786E-02 7.9755E-02 8.7139E-02 6.8142E-02 8.4971E-02 9.0746E-02 7.3021E-02 5.6066E-02 3.5108E-02 2.0203E-02 4.5858E-03 0.0000E+00 8.1718E-03 3.6698E-02 6.1630E-02 6.8812E-02 9.5379E-02 6.9079E-02 2.3884E-02 0
 0 1.2188E-02 3.9852E-02 8.0464E-02 6.3230E-02 8.3399E-02 8.0560E-02 8.8346E-02 6.8060E-02 8.3985E-02 8.9653E-02 7.0594E-02 5.6246E-02 3.3906E-02 2.0937E-02 3.4517E-03 0.0000E+00 8.6444E-03 3.6492E-02 6.0545E-02 7.0506E-02 9.8132E-02 6.8227E-02 2.3600E-02 0
 0 1.2128E-02 3.9707E-02 8.1744E-02 6.4472E-02 8.4174E-02 8.0911E-02 8.8509E-02 6.8416E-02 8.5198E-02 9.0578E-02 7.2464E-02 5.6445E-02 3.4441E-02 2.0975E-02 3.5319E-03 0.0000E+00 9.2199E-03 3.3643E-02 5.9638E-02 7.0814E-02 9.7109E-02 6.8431E-02 2.3580E-02 0
 0 1.1975E-02 3.9625E-02 8.2300E-02 6.3998E-02 8.4979E-02 8.1568E-02 8.8774E-02 6.7182E-02 8.5553E-02 8.9701E-02 7.2222E-02 5.3817E-02 3.2884E-02 1.9428E-02 2.8065E-03 0.0000E+00 9.0484E-03 3.3875E-02 5.8277E-02 6.9976E-02 9.7947E-02 6.9296E-02 2.3785E-02 0
 0 1.1958E-02 3.9502E-02 8.1147E-02 6.4061E-02 8.4789E-02 8.1584E-02 8.7213E-02 6.7158E-02 8.2355E-02 8.9634E-02 7.1661E-02 5.3839E-02 3.2937E-02 1.8934E-02 3.0126E-03 0.0000E+00 6.7234E-03 3.4662E-02 5.9043E-02 7.1259E-02 9.9692E-02 6.8587E-02 2.3728E-02 0
 0 1.1704E-02 4.0226E-02 8.1442E-02 6.4598E-02 8.6679E-02 8.1126E-02 8.6463E-02 6.6983E-02 8.4571E-02 8.8668E-02 7.3470E-02 5.2504E-02 3.2566E-02 1.9686E-02 1.9168E-03 0.0000E+00 9.2580E-03 3.4119E-02 5.8077E-02 7.1585E-02 1.0106E-01 6.9846E-02 2.3397E-02 0
 0 1.1856E-02 3.9520E-02 8.2526E-02 6.5459E-02 8.6302E-02 8.2442E-02 9.0555E-02 6.6875E-02 8.3403E-02 9.0509E-02 7.2352E-02 5.3049E-02 3.1511E-02 1.9945E-02 1.8061E-03 0.0000E+00 8.3013E-03 3.5290E-02 5.6632E-02 7.1955E-02 1.0104E-01 6.9975E-02 2.3707E-02 0
 0 1.1683E-02 3.9930E-02 8.1843E-02 6.5517E-02 8.6015E-02 8.2599E-02 8.9390E-02 6.6391E-02 8.3552E-02 9.0562E-02 7.1060E-02 5.2150E-02 3.2540E-02 1.8812E-02 1.8213E-03 0.0000E+00 9.0636E-03 3.3396E-02 5.5939E-02 7.5048E-02 1.0200E-01 7.0170E-02 2.3197E-02 0
 0 1.1715E-02 4.0132E-02 8.2873E-02 6.7446E-02 8.7177E-02 8.3534E-02 8.8802E-02 6.7768E-02 8.2286E-02 8.8934E-02 7.1332E-02 5.1742E-02 3.1316E-02 1.9348E-02 2.5124E-03 0.0000E+00 9.1094E-03 3.3389E-02 5.4686E-02 7.2628E-02 1.0181E-01 7.0117E-02 2.3319E-02 0
 0 1.1585E-02 3.9247E-02 8.2315E-02 6.6573E-02 8.8043E-02 8.2299E-02 8.8917E-02 6.7167E-02 8.3009E-02 8.7575E-02 7.1947E-02 5.1861E-02 2.9688E-02 1.9067E-02 3.0088E-03 0.0000E+00 9.4219E-03 3.3430E-02 5.5855E-02 7.3540E-02 1.0328E-01 7.0261E-02 2.3272E-02 0
 0 1.1456E-02 3.9544E-02 8.2321E-02 6.7368E-02 8.9186E-02 8.4749E-02 8.8149E-02 6.5192E-02 8.1871E-02 8.8757E-02 7.1957E-02 5.1847E-02 2.9733E-02 1.8394E-02 3.0623E-03 0.0000E+00 7.6496E-03 3.3449E-02 5.5799E-02 7.3837E-02 1.0524E-01 7.1543E-02 2.3066E-02 0
 0 1.1443E-02 3.9564E-02 8.1501E-02 6.7405E-02 8.7002E-02 8.3628E-02 8.8939E-02 6.7112E-02 8.1698E-02 8.7683E-02 7.0512E-02 4.9555E-02 3.1170E-02 1.9462E-02 3.0508E-03 0.0000E+00 9.4943E-03 3.4968E-02 5.5617E-02 7.5116E-02 1.0493E-01 6.9947E-02 2.2979E-02 0
 0 1.1316E-02 3.9640E-02 8.2389E-02 6.7275E-02 8.9302E-02 8.5438E-02 8.8600E-02 6.6537E-02 8.3836E-02 8.8231E-02 7.1668E-02 4.9671E-02 3.1103E-02 1.8500E-02 3.3105E-03 0.0000E+00 8.6215E-03 3.2228E-02 5.4451E-02 7.4669E-02 1.0494E-01 7.0651E-02 2.2762E-02 0
 0 1.1181E-02 3.9442E-02 8.3036E-02 6.7455E-02 8.9181E-02 8.4675E-02 8.7247E-02 6.7990E-02 8.2029E-02 8.8155E-02 6.9506E-02 5.1475E-02 3.0114E-02 1.8367E-02 3.1043E-03 0.0000E+00 9.7078E-03 3.3393E-02 5.4217E-02 7.3602E-02 1.0766E-01 7.1053E-02 2.3186E-02 0
 0 1.1090E-02 3.9853E-02 8.3408E-02 6.8417E-02 9.0811E-02 8.5158E-02 8.6077E-02 6.3941E-02 8.3499E-02 8.6517E-02 6.9907E-02 5.1912E-02 3.2162E-02 1.8664E-02 2.4628E-03 0.0000E+00 8.7015E-03 3.2876E-02 5.4066E-02 7.6242E-02 1.0510E-01 7.1145E-02 2.2911E-02 0
 0 1.1084E-02 3.9529E-02 8.2787E-02 6.9349E-02 8.9938E-02 8.4720E-02 8.8249E-02 6.7474E-02 8.1507E-02 8.7319E-02 6.8955E-02 4.8805E-02 3.0792E-02 1.9656E-02 1.3708E-03 0.0000E+00 1.0352E-02 3.3808E-02 5.4231E-02 7.5359E-02 1.0702E-01 7.1765E-02 2.2690E-02 0
 0 1.0814E-02 3.9205E-02 8.2459E-02 6.9005E-02 9.0934E-02 8.4744E-02 8.4505E-02 6.6522E-02 8.2570E-02 8.3926E-02 7.1032E-02 5.0356E-02 3.1439E-02 1.6995E-02 1.9588E-03 0.0000E+00 9.7268E-03 3.1558E-02 5.3051E-02 7.6340E-02 1.1070E-01 7.1410E-02 2.2391E-02 0
 0 1.0937E-02 3.9301E-02 8.2487E-02 6.9172E-02 9.2550E-02 8.6105E-02 8.9405E-02 6.7088E-02 8.2725E-02 8.4879E-02 6.8802E-02 4.8833E-02 3.1260E-02 1.7919E-02 2.2604E-03 0.0000E+00 9.3724E-03 3.0948E-02 5.3387E-02 7.6180E-02 1.0978E-01 7.1610E-02 2.2452E-02 0
 0 1.0907E-02 3.9537E-02 8.1882E-02 7.0938E-02 9.0203E-02 8.6102E-02 8.5883E-02 6.6417E-02 8.0817E-02 8.5019E-02 7.0216E-02 4.8050E-02 3.0197E-02 1.7946E-02 1.2944E-03 0.0000E+00 1.0817E-02 3.1697E-02 5.4014E-02 7.7350E-02 1.0909E-01 7.1310E-02 2.2226E-02 0
 0 1.0685E-02 3.9275E-02 8.3010E-02 7.0964E-02 9.1749E-02 8.4776E-02 8.4699E-02 6.5259E-02 8.1253E-02 8.6495E-02 6.8425E-02 4.8043E-02 3.0316E-02 1.9147E-02 1.7411E-03 0.0000E+00 1.0664E-02 3.1397E-02 5.3814E-02 7.7798E-02 1.1039E-01 7.0670E-02 2.2161E-02 0
 0 1.0513E-02 3.9427E-02 8.1895E-02 7.1495E-02 9.3102E-02 8.5887E-02 8.6597E-02 6.6770E-02 8.0483E-02 8.4490E-02 6.8085E-02 4.8657E-02 3.0084E-02 1.8941E-02 2.0008E-03 0.0000E+00 1.1800E-02 3.2101E-02 5.0731E-02 7.7958E-02 1.0924E-01 7.1533E-02 2.2077E-02 0
 0 1.0557E-02 3.8965E-02 8.1521E-02 7.1652E-02 9.3777E-02 8.7256E-02 8.6231E-02 6.6272E-02 8.0656E-02 8.4813E-02 6.8873E-02 4.9664E-02 2.9860E-02 1.7246E-02 1.3135E-03 0.0000E+00 9.6963E-03 3.0428E-02 5.2456E-02 7.7339E-02 1.1016E-01 7.2293E-02 2.2024E-02 0
 0 1.0532E-02 3.9135E-02 8.1716E-02 7.2161E-02 9.2648E-02 8.7694E-02 8.5569E-02 6.7864E-02 8.0632E-02 8.4800E-02 6.8547E-02 4.7531E-02 3.0713E-02 1.7919E-02 1.9512E-03 0.0000E+00 9.9517E-03 3.2374E-02 5.0864E-02 7.9060E-02 1.0855E-01 7.1759E-02 2.1638E-02 0
 0 1.0267E-02 3.8708E-02 8.1805E-02 7.2458E-02 9.3046E-02 8.7420E-02 8.4080E-02 6.6692E-02 7.7992E-02 8.4680E-02 6.9241E-02 4.6466E-02 3.1121E-02 1.6695E-02 2.1535E-03 0.0000E+00 9.9669E-03 3.0915E-02 5.1525E-02 7.8091E-02 1.1095E-01 7.1284E-02 2.1569E-02 0
 0 1.0085E-02 3.8802E-02 8.1143E-02 7.2438E-02 9.3497E-02 8.7646E-02 8.3415E-02 6.7331E-02 7.9154E-02 8.4629E-02 6.8523E-02 4.8361E-02 2.8276E-02 1.7999E-02 1.5044E-03 0.0000E+00 1.0577E-02 3.1128E-02 5.1231E-02 7.9555E-02 1.1144E-01 7.1727E-02 2.1397E-02 0
 0 1.0252E-02 3.8678E-02 8.1009E-02 7.3442E-02 9.4270E-02 8.8069E-02 8.4736E-02 6.7500E-02 8.0142E-02 8.4030E-02 6.7850E-02 4.6022E-02 3.0567E-02 1.6802E-02 1.6075E-03 0.0000E+00 1.1411E-02 3.1551E-02 4.9740E-02 7.9736E-02 1.1159E-01 7.2046E-02 2.1374E-02 0
 0 1.0054E-02 3.8724E-02 8.0096E-02 7.3479E-02 9.4228E-02 8.7601E-02 8.5989E-02 6.6365E-02 8.0351E-02 8.4911E-02 6.7211E-02 4.7264E-02 3.0230E-02 1.8827E-02 1.6610E-03 0.0000E+00 1.0866E-02 3.2034E-02 4.9831E-02 8.0103E-02 1.1311E-01 7.1089E-02 2.1150E-02 0
 0 9.9789E-03 3.8464E-02 8.1031E-02 7.5228E-02 9.5963E-02 8.7503E-02 8.4379E-02 6.7841E-02 8.0190E-02 8.2789E-02 6.9230E-02 4.5993E-02 2.8980E-02 1.6665E-02 1.0997E-03 0.0000E+00 1.1286E-02 3.0357E-02 4.8228E-02 7.9688E-02 1.1165E-01 7.1463E-02 2.1266E-02 0
 0 9.7956E-03 3.8539E-02 8.0320E-02 7.4324E-02 9.5486E-02 8.8784E-02 8.2388E-02 6.7453E-02 7.7335E-02 8.2706E-02 6.8860E-02 4.6856E-02 2.9257E-02 1.5859E-02 1.3899E-03 0.0000E+00 1.0946E-02 3.1450E-02 4.9394E-02 8.1655E-02 1.1517E-01 7.1977E-02 2.1164E-02 0
 0 9.8270E-03 3.7764E-02 8.0173E-02 7.5000E-02 9.4738E-02 8.7763E-02 8.6026E-02 6.7692E-02 7.8342E-02 8.3175E-02 6.7782E-02 4.3911E-02 2.8306E-02 1.7041E-02 1.2142E-03 0.0000E+00 1.1290E-02 3.0518E-02 5.2103E-02 8.1330E-02 1.1285E-01 7.0370E-02 2.0948E-02 0
 0 9.6624E-03 3.7599E-02 7.9191E-02 7.4604E-02 9.4194E-02 8.7925E-02 8.5655E-02 6.7526E-02 8.0483E-02 8.0907E-02 6.7554E-02 4.5271E-02 2.8366E-02 1.7246E-02 1.7106E-03 0.0000E+00 1.0733E-02 2.9313E-02 4.9730E-02 8.1472E-02 1.1441E-01 7.0864E-02 2.0751E-02 0
 0 9.4718E-03 3.8139E-02 7.9429E-02 7.6477E-02 9.7124E-02 8.8848E-02 8.4448E-02 6.8010E-02 7.9112E-02 8.0831E-02 6.8737E-02 4.6361E-02 3.0418E-02 1.7068E-02 1.3899E-03 0.0000E+00 1.1873E-02 3.0046E-02 4.7682E-02 8.2784E-02 1.1363E-01 7.0572E-02 2.0364E-02 0
 0 9.4383E-03 3.8118E-02 7.9227E-02 7.5618E-02 9.4384E-02 8.9797E-02 8.4485E-02 6.9209E-02 7.9306E-02 8.0657E-02 6.7194E-02 4.6271E-02 2.8819E-02 1.6581E-02 1.5540E-03 0.0000E+00 1.1838E-02 3.1978E-02 4.8057E-02 8.2633E-02 1.1545E-01 7.0523E-02 2.0577E-02 0
 0 9.2896E-03 3.7223E-02 7.8619E-02 7.6370E-02 9.7406E-02 8.8967E-02 8.4320E-02 6.9125E-02 7.6714E-02 8.1094E-02 6.9315E-02 4.5076E-02 2.9033E-02 1.7961E-02 1.6839E-03 0.0000E+00 1.0161E-02 3.0933E-02 4.8652E-02 8.3350E-02 1.1391E-01 7.1795E-02 2.0318E-02 0
 0 9.3755E-03 3.7702E-02 7.8525E-02 7.6353E-02 9.6214E-02 9.1522E-02 8.4114E-02 6.8279E-02 7.8574E-02 7.9903E-02 6.7843E-02 4.5362E-02 2.8696E-02 1.7577E-02 8.7057E-04 0.0000E+00 1.3142E-02 3.0117E-02 4.8631E-02 8.5320E-02 1.1510E-01 7.1092E-02 1.9737E-02 0
 0 9.1088E-03 3.7290E-02 7.8690E-02 7.7103E-02 9.6722E-02 9.1325E-02 8.2799E-02 6.9075E-02 7.7858E-02 8.0577E-02 6.7520E-02 4.5708E-02 2.8426E-02 1.7421E-02 2.0657E-03 0.0000E+00 1.1983E-02 2.9893E-02 4.9506E-02 8.5214E-02 1.1632E-01 7.0282E-02 1.9939E-02 0
 0 9.1641E-03 3.6841E-02 7.8458E-02 7.6030E-02 9.7697E-02 8.9640E-02 8.3264E-02 6.9939E-02 7.9288E-02 8.0166E-02 6.8190E-02 4.6008E-02 2.8553E-02 1.8037E-02 1.7030E-03 0.0000E+00 1.2364E-02 2.9459E-02 4.8571E-02 8.4132E-02 1.1583E-01 6.9944E-02 1.9612E-02 0
 0 9.0203E-03 3.7059E-02 7.6483E-02 7.6316E-02 9.7276E-02 9.0650E-02 8.4759E-02 6.8923E-02 7.7311E-02 7.9408E-02 6.8343E-02 4.5990E-02 2.9070E-02 1.7018E-02 1.6304E-03 0.0000E+00 1.0924E-02 2.9810E-02 4.8288E-02 8.5943E-02 1.1409E-01 7.0204E-02 1.9733E-02 0
 0 8.8520E-03 3.6890E-02 7.7285E-02 7.7174E-02 9.6999E-02 9.0660E-02 8.1748E-02 7.0192E-02 7.8703E-02 7.9592E-02 6.6096E-02 4.5268E-02 2.8561E-02 1.7136E-02 1.3555E-03 0.0000E+00 1.1945E-02 3.0903E-02 4.8480E-02 8.7614E-02 1.1438E-01 7.1196E-02 1.9381E-02 0
 0 8.7611E-03 3.6822E-02 7.6587E-02 7.7638E-02 9.8689E-02 9.0429E-02 8.2819E-02 6.9209E-02 7.7726E-02 7.9282E-02 6.5929E-02 4.4290E-02 2.9519E-02 1.7125E-02 1.4280E-03 0.0000E+00 1.0550E-02 2.9739E-02 4.7203E-02 8.6058E-02 1.1697E-01 7.0310E-02 1.9112E-02 0
 0 8.6696E-03 3.5985E-02 7.5767E-02 7.8482E-02 9.8237E-02 9.0458E-02 8.2527E-02 7.0782E-02 7.8395E-02 7.9298E-02 6.8244E-02 4.5369E-02 2.9175E-02 1.7471E-02 1.1760E-03 0.0000E+00 1.2124E-02 2.8238E-02 4.8806E-02 8.7383E-02 1.1480E-01 6.9821E-02 1.9155E-02 0
 0 8.5472E-03 3.6187E-02 7.5836E-02 7.8945E-02 9.8512E-02 8.9797E-02 8.3221E-02 7.0671E-02 7.7069E-02 7.9332E-02 6.6334E-02 4.3759E-02 2.9568E-02 1.7596E-02 1.5502E-03 0.0000E+00 1.2928E-02 2.9852E-02 4.7647E-02 8.5486E-02 1.1511E-01 6.9976E-02 1.8886E-02 0
 0 8.6075E-03 3.5989E-02 7.5321E-02 7.8690E-02 9.9243E-02 9.1902E-02 8.2550E-02 7.1111E-02 7.7613E-02 7.8483E-02 6.5793E-02 4.4539E-02 2.8100E-02 1.7440E-02 1.3440E-03 0.0000E+00 1.1633E-02 3.1154E-02 4.7654E-02 8.8322E-02 1.1565E-01 6.9055E-02 1.8899E-02 0
 0 8.4220E-03 3.6271E-02 7.4799E-02 7.8716E-02 9.7199E-02 9.0754E-02 8.3483E-02 7.0645E-02 7.8619E-02 7.8338E-02 6.6252E-02 4.4564E-02 2.8269E-02 1.7319E-02 1.5502E-03 0.0000E+00 1.2189E-02 2.9986E-02 4.8522E-02 8.7131E-02 1.1549E-01 6.9162E-02 1.8449E-02 0
 0 8.4488E-03 3.5632E-02 7.3974E-02 7.8371E-02 9.8782E-02 9.2189E-02 8.3700E-02 7.0102E-02 7.8909E-02 7.7150E-02 6.5429E-02 4.4319E-02 2.9115E-02 1.6589E-02 1.8519E-03 0.0000E+00 1.2208E-02 3.0159E-02 4.8662E-02 8.7919E-02 1.1465E-01 6.7784E-02 1.8122E-02 0
 0 8.1018E-03 3.5757E-02 7.3999E-02 7.9463E-02 9.9143E-02 9.1344E-02 8.0861E-02 7.1581E-02 7.9199E-02 7.7942E-02 6.6198E-02 4.4694E-02 2.7917E-02 1.5973E-02 1.9817E-03 0.0000E+00 1.1533E-02 3.0552E-02 4.8977E-02 8.9258E-02 1.1588E-01 6.8031E-02 1.8350E-02 0
 0 8.1224E-03 3.5128E-02 7.3664E-02 7.9353E-02 9.9210E-02 9.2681E-02 8.2610E-02 7.2903E-02 7.8467E-02 7.6893E-02 6.7126E-02 4.5495E-02 2.8890E-02 1.7862E-02 1.2677E-03 0.0000E+00 1.2643E-02 2.9833E-02 4.7444E-02 8.8911E-02 1.1432E-01 6.8025E-02 1.8299E-02 0
 0 8.0431E-03 3.4992E-02 7.3105E-02 7.9537E-02 9.8824E-02 9.2457E-02 8.2396E-02 7.2911E-02 7.7344E-02 7.7286E-02 6.6827E-02 4.5571E-02 2.9164E-02 1.7326E-02 1.4433E-03 0.0000E+00 1.2429E-02 2.9728E-02 4.8557E-02 8.9113E-02 1.1500E-01 6.7561E-02 1.7851E-02 0
 0 7.9842E-03 3.4883E-02 7.3308E-02 8.0131E-02 9.9250E-02 9.2590E-02 8.0033E-02 7.2305E-02 7.6547E-02 7.8959E-02 6.6337E-02 4.4467E-02 3.0114E-02 1.7459E-02 1.7030E-03 0.0000E+00 1.2932E-02 2.9511E-02 4.8473E-02 8.9542E-02 1.1596E-01 6.7675E-02 1.7725E-02 0
 0 7.9022E-03 3.4818E-02 7.2064E-02 8.0686E-02 9.7224E-02 9.2221E-02 8.0185E-02 7.3355E-02 7.7490E-02 7.6367E-02 6.6585E-02 4.4679E-02 2.9489E-02 1.7075E-02 1.3020E-03 0.0000E+00 1.2948E-02 2.9110E-02 4.8361E-02 8.9276E-02 1.1498E-01 6.6574E-02 1.7706E-02 0
 0 7.9214E-03 3.4379E-02 7.1795E-02 8.1094E-02 9.9783E-02 9.2835E-02 7.9965E-02 7.2818E-02 7.8085E-02 7.5886E-02 6.7190E-02 4.3640E-02 2.9953E-02 1.7763E-02 1.3708E-03 0.0000E+00 1.1937E-02 2.9114E-02 4.8890E-02 9.1776E-02 1.1475E-01 6.6709E-02 1.7534E-02 0
 0 7.7402E-03 3.4107E-02 7.1130E-02 8.1106E-02 9.9753E-02 9.3263E-02 8.2091E-02 7.3232E-02 7.7849E-02 7.6418E-02 6.6742E-02 4.4261E-02 2.9665E-02 1.7550E-02 1.3899E-03 0.0000E+00 1.1362E-02 3.0724E-02 4.8981E-02 8.9839E-02 1.1304E-01 6.6903E-02 1.7246E-02 0
 0 7.6170E-03 3.3450E-02 7.0763E-02 8.1269E-02 9.8414E-02 9.2516E-02 8.1283E-02 7.3404E-02 7.6938E-02 7.7147E-02 6.5494E-02 4.2644E-02 2.9396E-02 1.8067E-02 1.9741E-03 0.0000E+00 1.3039E-02 2.9563E-02 4.9369E-02 8.9667E-02 1.1335E-01 6.7025E-02 1.6972E-02 0
 0 7.6451E-03 3.3630E-02 6.9844E-02 8.0109E-02 9.9573E-02 9.3685E-02 8.2279E-02 7.2290E-02 7.7556E-02 7.6567E-02 6.6306E-02 4.4391E-02 2.9594E-02 1.7607E-02 1.1608E-03 0.0000E+00 1.4057E-02 2.9810E-02 4.7966E-02 9.2467E-02 1.1311E-01 6.6117E-02 1.6741E-02 0
 0 7.3675E-03 3.3463E-02 6.9009E-02 8.1520E-02 9.8442E-02 9.3449E-02 7.9774E-02 7.5989E-02 7.6798E-02 7.7524E-02 6.7139E-02 4.4939E-02 2.9429E-02 1.7353E-02 1.7106E-03 0.0000E+00 1.3214E-02 3.0282E-02 4.8662E-02 9.3021E-02 1.1397E-01 6.5761E-02 1.6954E-02 0
 0 7.3659E-03 3.3237E-02 6.8786E-02 8.0989E-02 9.9874E-02 9.4804E-02 8.0667E-02 7.4414E-02 7.7538E-02 7.4942E-02 6.6385E-02 4.5307E-02 2.9029E-02 1.7630E-02 1.6113E-03 0.0000E+00 1.2345E-02 2.9163E-02 4.8368E-02 9.1951E-02 1.1487E-01 6.4791E-02 1.6478E-02 0
 0 7.2475E-03 3.2674E-02 6.7696E-02 8.2491E-02 9.9378E-02 9.3361E-02 7.8972E-02 7.4843E-02 7.7502E-02 7.5122E-02 6.6361E-02 4.5611E-02 3.0170E-02 1.7429E-02 2.0428E-03 0.0000E+00 1.1690E-02 2.9792E-02 4.9429E-02 9.1735E-02 1.1187E-01 6.5114E-02 1.6415E-02 0
 0 7.1330E-03 3.3057E-02 6.7811E-02 8.1976E-02 9.9306E-02 9.4095E-02 8.0910E-02 7.4685E-02 7.6072E-02 7.3656E-02 6.6881E-02 4.4831E-02 3.1320E-02 1.7448E-02 1.5579E-03 0.0000E+00 1.2357E-02 3.0492E-02 4.8606E-02 9.4363E-02 1.1420E-01 6.4781E-02 1.6319E-02 0
 0 7.0998E-03 3.1946E-02 6.7507E-02 8.1934E-02 1.0056E-01 9.4900E-02 8.0784E-02 7.4390E-02 7.8097E-02 7.5141E-02 6.6402E-02 4.5044E-02 2.9747E-02 1.7349E-02 1.4968E-03 0.0000E+00 1.1648E-02 3.1300E-02 4.8099E-02 9.3071E-02 1.1273E-01 6.4371E-02 1.6246E-02 0
 0 7.0276E-03 3.1994E-02 6.6449E-02 8.1211E-02 9.9885E-02 9.4903E-02 8.0065E-02 7.4472E-02 7.6415E-02 7.5883E-02 6.5688E-02 4.4102E-02 2.9500E-02 1.7444E-02 1.6762E-03 0.0000E+00 1.1960E-02 3.0630E-02 4.9614E-02 9.2559E-02 1.1266E-01 6.4702E-02 1.5839E-02 0
 0 6.9976E-03 3.2042E-02 6.7149E-02 8.2426E-02 9.8854E-02 9.4350E-02 8.0473E-02 7.5266E-02 7.8109E-02 7.5414E-02 6.6245E-02 4.5831E-02 3.0680E-02 1.6239E-02 2.0390E-03 0.0000E+00 1.1301E-02 2.9934E-02 4.8652E-02 9.5003E-02 1.1299E-01 6.3806E-02 1.5788E-02 0
 0 6.8484E-03 3.2022E-02 6.5815E-02 8.2056E-02 9.9748E-02 9.2659E-02 7.9894E-02 7.6430E-02 7.6932E-02 7.3900E-02 6.6595E-02 4.4459E-02 3.0724E-02 1.7737E-02 1.3860E-03 0.0000E+00 1.2380E-02 3.0009E-02 4.8659E-02 9.5379E-02 1.1093E-01 6.3353E-02 1.5496E-02 0
 0 6.7234E-03 3.1458E-02 6.5713E-02 8.2981E-02 9.9813E-02 9.3462E-02 7.8655E-02 7.6491E-02 7.7906E-02 7.4308E-02 6.6470E-02 4.4824E-02 3.0777E-02 1.7847E-02 2.1306E-03 0.0000E+00 1.1179E-02 2.9698E-02 4.9660E-02 9.5560E-02 1.1328E-01 6.2577E-02 1.5343E-02 0
 0 6.6566E-03 3.1334E-02 6.3873E-02 8.2158E-02 9.8742E-02 9.3999E-02 8.0981E-02 7.5572E-02 7.6902E-02 7.5411E-02 6.5392E-02 4.5665E-02 3.1039E-02 1.7178E-02 2.0886E-03 0.0000E+00 1.2734E-02 3.1469E-02 4.9184E-02 9.2544E-02 1.0989E-01 6.2914E-02 1.5370E-02 0
 0 6.5732E-03 3.1223E-02 6.5225E-02 8.2500E-02 9.8412E-02 9.3260E-02 7.9560E-02 7.7074E-02 7.7664E-02 7.4907E-02 6.6786E-02 4.6062E-02 3.1477E-02 1.7676E-02 2.1459E-03 0.0000E+00 1.2418E-02 3.0510E-02 4.9758E-02 9.5779E-02 1.1093E-01 6.2270E-02 1.5246E-02 0
 0 6.5313E-03 3.0936E-02 6.3166E-02 8.1809E-02 9.8656E-02 9.5410E-02 7.9705E-02 7.6698E-02 7.7147E-02 7.4970E-02 6.6368E-02 4.6639E-02 3.0691E-02 1.7615E-02 1.6801E-03 0.0000E+00 1.3047E-02 3.0286E-02 4.9961E-02 9.4881E-02 1.0954E-01 6.2276E-02 1.4799E-02 0
 0 6.3021E-03 3.0296E-02 6.3376E-02 8.2554E-02 9.8945E-02 9.3462E-02 7.8941E-02 7.7068E-02 7.8580E-02 7.3263E-02 6.6432E-02 4.5683E-02 3.1447E-02 1.7744E-02 2.0810E-03 0.0000E+00 1.3298E-02 3.1132E-02 4.9282E-02 9.4828E-02 1.0993E-01 6.1407E-02 1.4792E-02 0
 0 6.3324E-03 3.0097E-02 6.2661E-02 8.2923E-02 9.8070E-02 9.5612E-02 8.0162E-02 7.7556E-02 7.7705E-02 7.3985E-02 6.6058E-02 4.5932E-02 3.0522E-02 1.6657E-02 2.1764E-03 0.0000E+00 1.2513E-02 3.1472E-02 5.0853E-02 9.7453E-02 1.0948E-01 6.0680E-02 1.4573E-02 0
 0 6.2846E-03 3.0122E-02 6.1692E-02 8.3023E-02 9.8151E-02 9.5817E-02 7.9254E-02 7.9003E-02 7.7738E-02 7.4539E-02 6.7207E-02 4.5380E-02 3.1664E-02 1.7197E-02 1.9817E-03 0.0000E+00 1.2056E-02 3.2150E-02 4.9275E-02 9.6550E-02 1.0855E-01 6.0361E-02 1.4496E-02 0
 0 6.1625E-03 2.9797E-02 6.2285E-02 8.2361E-02 9.8421E-02 9.3558E-02 7.8541E-02 7.8787E-02 7.7583E-02 7.4492E-02 6.7228E-02 4.6083E-02 3.1956E-02 1.7839E-02 2.1803E-03 0.0000E+00 1.2353E-02 2.9870E-02 5.0552E-02 9.8555E-02 1.0843E-01 6.0294E-02 1.4243E-02 0
 0 6.0391E-03 2.9580E-02 6.0353E-02 8.2411E-02 9.8300E-02 9.3571E-02 7.8358E-02 7.9484E-02 7.8342E-02 7.4479E-02 6.6925E-02 4.6278E-02 3.1005E-02 1.6646E-02 2.1230E-03 0.0000E+00 1.2570E-02 3.1555E-02 5.1599E-02 9.5732E-02 1.0927E-01 5.9175E-02 1.4133E-02 0
 0 6.1385E-03 2.8924E-02 5.9562E-02 8.1997E-02 9.8663E-02 9.3547E-02 7.8969E-02 7.8460E-02 7.7496E-02 7.3976E-02 6.6470E-02 4.7520E-02 3.2480E-02 1.7645E-02 2.0619E-03 0.0000E+00 1.2231E-02 3.2345E-02 5.0447E-02 9.6727E-02 1.0923E-01 5.9478E-02 1.3789E-02 0
 0 5.9097E-03 2.9320E-02 5.8919E-02 8.2704E-02 9.7148E-02 9.5291E-02 7.9192E-02 8.0035E-02 7.7828E-02 7.1362E-02 6.9091E-02 4.8339E-02 3.2289E-02 1.9101E-02 2.3406E-03 0.0000E+00 1.3050E-02 3.1240E-02 5.0258E-02 9.7720E-02 1.0918E-01 5.9145E-02 1.3635E-02 0
 0 5.8454E-03 2.8978E-02 5.8748E-02 8.3111E-02 9.8477E-02 9.5025E-02 7.8744E-02 7.8521E-02 7.8646E-02 7.3890E-02 6.6765E-02 4.6773E-02 3.2832E-02 1.8569E-02 2.1917E-03 0.0000E+00 1.2246E-02 3.1944E-02 5.1595E-02 9.7827E-02 1.0593E-01 5.8764E-02 1.3479E-02 0
 0 5.8117E-03 2.8164E-02 5.9049E-02 8.2511E-02 1.0046E-01 9.6258E-02 7.8478E-02 7.9341E-02 7.7526E-02 7.3900E-02 6.7194E-02 4.7722E-02 3.2836E-02 1.8322E-02 1.8977E-03 0.0000E+00 1.3500E-02 3.2906E-02 5.0762E-02 9.7228E-02 1.0735E-01 5.8829E-02 1.3311E-02 0
 0 5.6442E-03 2.7827E-02 5.8191E-02 8.3007E-02 9.8777E-02 9.5346E-02 7.9206E-02 8.0067E-02 7.7768E-02 7.2281E-02 6.9030E-02 4.7873E-02 3.2050E-02 1.8155E-02 2.2566E-03 0.0000E+00 1.2056E-02 3.2906E-02 5.1046E-02 9.7477E-02 1.0596E-01 5.7359E-02 1.3229E-02 0
 0 5.7224E-03 2.7922E-02 5.7513E-02 8.2086E-02 9.8568E-02 9.5062E-02 7.8533E-02 8.0730E-02 7.7419E-02 7.4479E-02 6.8724E-02 4.9032E-02 3.2993E-02 1.9454E-02 2.9286E-03 0.0000E+00 1.3515E-02 3.2356E-02 5.2225E-02 9.8469E-02 1.0578E-01 5.7561E-02 1.3126E-02 0
 0 5.5782E-03 2.7401E-02 5.7020E-02 8.3094E-02 9.8558E-02 9.6370E-02 7.8079E-02 8.1663E-02 7.8135E-02 7.2056E-02 6.7673E-02 4.7231E-02 3.3824E-02 1.8497E-02 2.4552E-03 0.0000E+00 1.1964E-02 3.2520E-02 5.1966E-02 1.0007E-01 1.0490E-01 5.6364E-02 1.2848E-02 0
 0 5.4738E-03 2.7297E-02 5.6251E-02 8.3259E-02 9.6722E-02 9.3930E-02 7.8824E-02 8.1660E-02 7.9769E-02 7.3238E-02 6.8833E-02 4.8931E-02 3.3573E-02 1.8303E-02 2.5774E-03 0.0000E+00 1.3481E-02 3.3314E-02 5.2117E-02 9.8467E-02 1.0494E-01 5.6280E-02 1.2862E-02 0
 0 5.4253E-03 2.6977E-02 5.5592E-02 8.3133E-02 9.7872E-02 9.4911E-02 7.7656E-02 8.2060E-02 7.9231E-02 7.2322E-02 6.7289E-02 4.8574E-02 3.4224E-02 1.9196E-02 2.6117E-03 0.0000E+00 1.3085E-02 3.3183E-02 5.1907E-02 9.8786E-02 1.0389E-01 5.5340E-02 1.2559E-02 0
 0 5.4107E-03 2.6721E-02 5.5488E-02 8.2491E-02 9.6379E-02 9.5740E-02 7.8901E-02 8.2556E-02 7.8276E-02 7.3614E-02 6.8921E-02 4.8032E-02 3.2510E-02 1.9386E-02 2.7492E-03 0.0000E+00 1.3028E-02 3.2595E-02 5.2722E-02 1.0066E-01 1.0517E-01 5.5536E-02 1.2651E-02 0
 0 5.2820E-03 2.6809E-02 5.4718E-02 8.1733E-02 9.7415E-02 9.5838E-02 7.8624E-02 8.2162E-02 7.8374E-02 7.3757E-02 6.8115E-02 4.9104E-02 3.3285E-02 1.8622E-02 2.7606E-03 0.0000E+00 1.4129E-02 3.3456E-02 5.4259E-02 1.0136E-01 1.0324E-01 5.4467E-02 1.2347E-02 0
 0 5.1800E-03 2.6381E-02 5.3628E-02 8.1291E-02 9.7129E-02 9.5381E-02 7.7948E-02 8.3122E-02 7.8294E-02 7.3028E-02 6.7731E-02 4.9714E-02 3.5239E-02 1.9154E-02 2.9477E-03 0.0000E+00 1.3374E-02 3.4403E-02 5.3209E-02 1.0015E-01 1.0393E-01 5.4193E-02 1.2113E-02 0
 0 5.1709E-03 2.5598E-02 5.3481E-02 8.2860E-02 9.5132E-02 9.4929E-02 7.7868E-02 8.2909E-02 7.9963E-02 7.3089E-02 6.9666E-02 4.9541E-02 3.5576E-02 1.9188E-02 2.8637E-03 0.0000E+00 1.4156E-02 3.4063E-02 5.4049E-02 1.0080E-01 1.0263E-01 5.4537E-02 1.1924E-02 0
 0 5.1018E-03 2.5845E-02 5.3177E-02 8.2700E-02 9.5462E-02 9.4150E-02 7.8772E-02 8.1269E-02 7.8963E-02 7.2889E-02 6.8809E-02 4.8999E-02 3.5347E-02 1.9998E-02 3.1081E-03 0.0000E+00 1.3851E-02 3.3479E-02 5.3982E-02 9.9317E-02 1.0092E-01 5.3214E-02 1.1876E-02 0
 0 5.0121E-03 2.5424E-02 5.2509E-02 8.2303E-02 9.4324E-02 9.4823E-02 7.8527E-02 8.4163E-02 8.0629E-02 7.3637E-02 6.9768E-02 5.0169E-02 3.5714E-02 1.8922E-02 3.3983E-03 0.0000E+00 1.3958E-02 3.5032E-02 5.4710E-02 1.0025E-01 1.0130E-01 5.3394E-02 1.1582E-02 0
 0 4.9509E-03 2.5080E-02 5.1169E-02 8.1237E-02 9.4796E-02 9.6715E-02 7.7776E-02 8.5100E-02 7.9921E-02 7.3269E-02 6.9839E-02 5.0472E-02 3.6448E-02 1.9181E-02 3.3983E-03 0.0000E+00 1.3782E-02 3.4055E-02 5.5344E-02 1.0329E-01 9.9007E-02 5.2496E-02 1.1511E-02 0
 0 4.9199E-03 2.5189E-02 5.1261E-02 8.0584E-02 9.5122E-02 9.4079E-02 7.9885E-02 8.3758E-02 7.9999E-02 7.3421E-02 7.0159E-02 5.1085E-02 3.5471E-02 1.9363E-02 2.9095E-03 0.0000E+00 1.4274E-02 3.4815E-02 5.6254E-02 1.0186E-01 1.0079E-01 5.2312E-02 1.1221E-02 0
 0 4.7872E-03 2.4589E-02 5.0120E-02 8.0627E-02 9.5758E-02 9.5681E-02 7.9115E-02 8.4099E-02 7.9124E-02 7.2873E-02 7.1077E-02 4.9840E-02 3.6059E-02 2.0104E-02 3.5319E-03 0.0000E+00 1.3569E-02 3.5309E-02 5.6446E-02 1.0298E-01 9.9266E-02 5.1764E-02 1.1131E-02 0
 0 4.7402E-03 2.4323E-02 4.9796E-02 8.0617E-02 9.4126E-02 9.5570E-02 7.8821E-02 8.5345E-02 7.8461E-02 7.4574E-02 6.9526E-02 5.0486E-02 3.6148E-02 2.0070E-02 3.2990E-03 0.0000E+00 1.4747E-02 3.5725E-02 5.6359E-02 1.0196E-01 9.8655E-02 5.1340E-02 1.1027E-02 0
 0 4.7148E-03 2.4102E-02 4.9695E-02 8.1952E-02 9.4608E-02 9.5761E-02 7.7842E-02 8.5260E-02 8.0545E-02 7.4258E-02 7.0988E-02 5.1212E-02 3.7118E-02 2.0458E-02 3.2608E-03 0.0000E+00 1.3771E-02 3.5769E-02 5.6898E-02 1.0164E-01 9.6702E-02 5.1024E-02 1.0815E-02 0
 0 4.6370E-03 2.3708E-02 4.8645E-02 8.0803E-02 9.4345E-02 9.4448E-02 7.7970E-02 8.5269E-02 7.8849E-02 7.3260E-02 7.0662E-02 5.0927E-02 3.7399E-02 2.0222E-02 3.3105E-03 0.0000E+00 1.3386E-02 3.6694E-02 5.6282E-02 1.0275E-01 9.8599E-02 4.9642E-02 1.0553E-02 0
 0 4.4905E-03 2.3518E-02 4.9124E-02 8.0595E-02 9.4005E-02 9.5599E-02 7.8989E-02 8.4627E-02 8.0417E-02 7.3276E-02 7.0590E-02 5.1237E-02 3.7432E-02 2.1598E-02 3.6274E-03 0.0000E+00 1.5200E-02 3.6125E-02 5.7489E-02 1.0126E-01 9.7828E-02 4.9684E-02 1.0648E-02 0
 0 4.4951E-03 2.3834E-02 4.7913E-02 8.0801E-02 9.4675E-02 9.4634E-02 7.7574E-02 8.6468E-02 7.9942E-02 7.2582E-02 6.9553E-02 5.2818E-02 3.7627E-02 1.9185E-02 3.7648E-03 0.0000E+00 1.4053E-02 3.6735E-02 5.6807E-02 1.0360E-01 9.7258E-02 4.9952E-02 1.0264E-02 0
 0 4.4173E-03 2.3290E-02 4.6669E-02 7.8642E-02 9.3800E-02 9.5753E-02 7.8789E-02 8.7442E-02 8.1187E-02 7.2842E-02 7.2209E-02 5.1750E-02 3.8211E-02 2.0268E-02 3.7267E-03 0.0000E+00 1.4724E-02 3.6432E-02 5.7783E-02 1.0352E-01 9.6305E-02 4.8770E-02 1.0204E-02 0
 0 4.3640E-03 2.2893E-02 4.6544E-02 8.0662E-02 9.1146E-02 9.4778E-02 7.8855E-02 8.5879E-02 7.9673E-02 7.3044E-02 7.1413E-02 5.2518E-02 3.8293E-02 2.2468E-02 3.8679E-03 0.0000E+00 1.4499E-02 3.6642E-02 5.7934E-02 1.0093E-01 9.4528E-02 4.8289E-02 1.0351E-02 0
 0 4.2616E-03 2.2499E-02 4.5865E-02 7.9218E-02 9.1561E-02 9.4950E-02 7.7477E-02 8.6938E-02 7.9924E-02 7.3763E-02 7.2059E-02 5.2695E-02 3.9442E-02 2.1879E-02 4.3987E-03 0.0000E+00 1.5307E-02 3.7076E-02 5.8658E-02 1.0356E-01 9.5360E-02 4.7427E-02 9.9738E-03 0
 0 4.2731E-03 2.2436E-02 4.5680E-02 8.0079E-02 9.2133E-02 9.5129E-02 7.7360E-02 8.6792E-02 8.1181E-02 7.3241E-02 7.2263E-02 5.3229E-02 3.8316E-02 2.1491E-02 4.0550E-03 0.0000E+00 1.4026E-02 3.8865E-02 5.9152E-02 1.0303E-01 9.3537E-02 4.7426E-02 9.6696E-03 0
 0 4.1152E-03 2.1889E-02 4.5253E-02 7.9281E-02 9.2422E-02 9.4663E-02 7.8344E-02 8.6217E-02 8.2164E-02 7.4365E-02 7.3004E-02 5.4850E-02 3.8750E-02 2.2711E-02 4.0550E-03 0.0000E+00 1.4453E-02 3.6975E-02 5.9418E-02 1.0257E-01 9.2666E-02 4.7069E-02 9.6751E-03 0
 0 4.0898E-03 2.1915E-02 4.4483E-02 7.8297E-02 9.2296E-02 9.5612E-02 7.9038E-02 8.7617E-02 8.0229E-02 7.4261E-02 7.3123E-02 5.4510E-02 3.9225E-02 2.0914E-02 4.7805E-03 0.0000E+00 1.5684E-02 3.7525E-02 5.9883E-02 1.0395E-01 9.2955E-02 4.6802E-02 9.6426E-03 0
 0 4.1202E-03 2.1343E-02 4.3884E-02 8.0062E-02 9.0892E-02 9.6553E-02 7.8270E-02 8.7868E-02 8.0506E-02 7.3947E-02 7.1903E-02 5.3854E-02 4.0345E-02 2.2563E-02 4.2918E-03 0.0000E+00 1.6138E-02 3.7398E-02 5.9806E-02 1.0405E-01 9.2813E-02 4.6222E-02 9.5362E-03 0
 0 4.0126E-03 2.1373E-02 4.4198E-02 7.8893E-02 9.1293E-02 9.5525E-02 7.8901E-02 8.8495E-02 7.9721E-02 7.3285E-02 7.2797E-02 5.5254E-02 3.9648E-02 2.1556E-02 4.5094E-03 0.0000E+00 1.6111E-02 3.8397E-02 6.0321E-02 1.0197E-01 9.1284E-02 4.5348E-02 9.3944E-03 0
 0 3.8651E-03 2.0765E-02 4.3047E-02 7.7848E-02 9.1442E-02 9.4536E-02 7.8943E-02 8.8355E-02 8.0605E-02 7.3402E-02 7.4031E-02 5.4615E-02 3.8765E-02 2.2472E-02 4.9752E-03 0.0000E+00 1.5814E-02 3.9831E-02 6.1959E-02 1.0444E-01 9.0389E-02 4.4800E-02 9.0215E-03 0
 0 3.8285E-03 2.0712E-02 4.3214E-02 7.8072E-02 9.0732E-02 9.4222E-02 7.8881E-02 8.8148E-02 8.0883E-02 7.5800E-02 7.3079E-02 5.7019E-02 4.1198E-02 2.3517E-02 4.9829E-03 0.0000E+00 1.6256E-02 3.8921E-02 6.2998E-02 1.0352E-01 9.0404E-02 4.4839E-02 8.9580E-03 0
 0 3.7817E-03 2.0488E-02 4.2158E-02 7.8625E-02 8.9731E-02 9.3818E-02 7.8179E-02 8.8921E-02 8.0638E-02 7.5503E-02 7.4459E-02 5.6019E-02 4.1191E-02 2.3293E-02 5.3838E-03 0.0000E+00 1.6690E-02 3.8719E-02 6.2568E-02 1.0322E-01 8.8384E-02 4.4017E-02 9.0060E-03 0
 0 3.7390E-03 2.0331E-02 4.1553E-02 7.8766E-02 9.0574E-02 9.3539E-02 7.9577E-02 8.8702E-02 8.2310E-02 7.3627E-02 7.3596E-02 5.7762E-02 4.1131E-02 2.3490E-02 5.3838E-03 0.0000E+00 1.5520E-02 3.8749E-02 6.3071E-02 1.0506E-01 8.8775E-02 4.4007E-02 8.7626E-03 0
 0 3.6805E-03 2.0148E-02 4.1212E-02 7.6745E-02 8.9857E-02 9.2356E-02 7.8241E-02 8.9181E-02 8.0259E-02 7.4815E-02 7.3620E-02 5.7517E-02 4.3455E-02 2.4471E-02 5.9604E-03 0.0000E+00 1.6885E-02 4.0954E-02 6.2865E-02 1.0439E-01 8.7875E-02 4.3729E-02 8.6454E-03 0
 0 3.6337E-03 1.9428E-02 4.1455E-02 7.6912E-02 8.9924E-02 9.3388E-02 7.9146E-02 8.9105E-02 8.1364E-02 7.5138E-02 7.5479E-02 5.8877E-02 4.2212E-02 2.4676E-02 5.5824E-03 0.0000E+00 1.7285E-02 4.0295E-02 6.4650E-02 1.0368E-01 8.6746E-02 4.3637E-02 8.5922E-03 0
 0 3.5305E-03 1.9256E-02 4.0531E-02 7.6160E-02 8.8839E-02 9.3031E-02 7.8564E-02 8.9820E-02 8.0668E-02 7.4029E-02 7.6149E-02 5.8296E-02 4.3530E-02 2.4391E-02 5.6893E-03 0.0000E+00 1.6946E-02 4.1066E-02 6.4139E-02 1.0536E-01 8.7873E-02 4.1997E-02 8.3567E-03 0
 0 3.5232E-03 1.9214E-02 3.9731E-02 7.7395E-02 8.7259E-02 9.3497E-02 7.7933E-02 9.0683E-02 8.0984E-02 7.4315E-02 7.4827E-02 5.8134E-02 4.3418E-02 2.4087E-02 6.2735E-03 0.0000E+00 1.6690E-02 4.1598E-02 6.4944E-02 1.0430E-01 8.7719E-02 4.1985E-02 8.2595E-03 0
 0 3.5018E-03 1.8846E-02 3.9646E-02 7.6591E-02 8.8592E-02 9.4610E-02 7.8296E-02 8.8052E-02 7.9972E-02 7.4144E-02 7.5143E-02 5.7300E-02 4.4608E-02 2.5733E-02 6.7011E-03 0.0000E+00 1.8459E-02 4.2627E-02 6.6106E-02 1.0331E-01 8.6281E-02 4.2181E-02 8.1776E-03 0
 0 3.4473E-03 1.8614E-02 3.9241E-02 7.5490E-02 8.8010E-02 9.3956E-02 7.9785E-02 9.1865E-02 8.3597E-02 7.4999E-02 7.6693E-02 5.8989E-02 4.3612E-02 2.5007E-02 6.6782E-03 0.0000E+00 1.7643E-02 4.3649E-02 6.5689E-02 1.0379E-01 8.4803E-02 4.1356E-02 8.1451E-03 0
 0 3.4290E-03 1.8469E-02 3.8304E-02 7.5638E-02 8.6844E-02 9.2625E-02 7.8884E-02 9.1063E-02 8.3116E-02 7.5303E-02 7.4837E-02 5.9556E-02 4.6270E-02 2.5600E-02 7.1402E-03 0.0000E+00 1.7296E-02 4.2683E-02 6.6036E-02 1.0525E-01 8.4947E-02 3.9582E-02 7.9187E-03 0
 0 3.2998E-03 1.8329E-02 3.8112E-02 7.4758E-02 8.5429E-02 9.3220E-02 7.9063E-02 9.1311E-02 8.2665E-02 7.4736E-02 7.7125E-02 6.1432E-02 4.6001E-02 2.6056E-02 6.4911E-03 0.0000E+00 1.7594E-02 4.4139E-02 6.6522E-02 1.0472E-01 8.3348E-02 3.9813E-02 7.9350E-03 0
 0 3.2509E-03 1.8110E-02 3.7147E-02 7.4513E-02 8.6486E-02 9.3518E-02 7.8672E-02 9.0923E-02 8.3104E-02 7.5579E-02 7.5983E-02 5.9671E-02 4.6031E-02 2.7317E-02 6.7966E-03 0.0000E+00 1.8143E-02 4.3308E-02 6.7030E-02 1.0687E-01 8.2546E-02 3.9296E-02 7.6570E-03 0
 0 3.2890E-03 1.7661E-02 3.7296E-02 7.4751E-02 8.5692E-02 9.5014E-02 8.1021E-02 9.2259E-02 8.2388E-02 7.5927E-02 7.6992E-02 6.1920E-02 4.6532E-02 2.6960E-02 7.7893E-03 0.0000E+00 1.8573E-02 4.3398E-02 6.6967E-02 1.0530E-01 8.1138E-02 3.9459E-02 7.6944E-03 0
 0 3.2303E-03 1.7513E-02 3.6693E-02 7.3587E-02 8.5706E-02 9.3130E-02 7.9477E-02 9.2714E-02 8.4627E-02 7.5534E-02 7.6027E-02 6.1956E-02 4.6622E-02 2.6626E-02 7.6862E-03 0.0000E+00 1.8916E-02 4.4293E-02 6.7583E-02 1.0501E-01 8.2237E-02 3.8837E-02 7.5867E-03 0
 0 3.1240E-03 1.7309E-02 3.6539E-02 7.2499E-02 8.6006E-02 9.2449E-02 7.9015E-02 9.3046E-02 8.3735E-02 7.6244E-02 7.7859E-02 6.2086E-02 4.6839E-02 2.7827E-02 7.9726E-03 0.0000E+00 1.9640E-02 4.5180E-02 6.8024E-02 1.0491E-01 8.0701E-02 3.8849E-02 7.2869E-03 0
 0 3.1067E-03 1.7274E-02 3.5715E-02 7.3927E-02 8.5678E-02 9.1548E-02 7.8062E-02 9.1308E-02 8.3642E-02 7.6611E-02 7.7676E-02 6.2367E-02 4.6570E-02 2.7834E-02 8.0261E-03 0.0000E+00 1.8886E-02 4.5524E-02 6.8629E-02 1.0600E-01 7.9976E-02 3.8117E-02 7.2981E-03 0
 0 3.0632E-03 1.6928E-02 3.4717E-02 7.2675E-02 8.4626E-02 9.3034E-02 8.0016E-02 9.2320E-02 8.3929E-02 7.6364E-02 7.8335E-02 6.3757E-02 4.8123E-02 2.8055E-02 8.5797E-03 0.0000E+00 2.0071E-02 4.6726E-02 6.8640E-02 1.0629E-01 7.9941E-02 3.7521E-02 7.0908E-03 0
 0 3.0158E-03 1.6605E-02 3.5157E-02 7.2961E-02 8.3371E-02 9.2292E-02 7.9434E-02 9.1970E-02 8.3648E-02 7.6108E-02 7.8060E-02 6.2815E-02 4.8348E-02 2.7526E-02 8.4728E-03 0.0000E+00 2.1020E-02 4.6677E-02 7.0176E-02 1.0629E-01 7.8890E-02 3.6663E-02 7.1035E-03 0
 0 2.9690E-03 1.6537E-02 3.4542E-02 7.2052E-02 8.3639E-02 9.0969E-02 7.8113E-02 9.3566E-02 8.3051E-02 7.6985E-02 7.8767E-02 6.4724E-02 4.8108E-02 2.8264E-02 8.4041E-03 0.0000E+00 1.9999E-02 4.7388E-02 7.1142E-02 1.0503E-01 7.9756E-02 3.6395E-02 6.9502E-03 0
 0 2.8479E-03 1.6347E-02 3.3855E-02 7.2798E-02 8.3867E-02 9.2941E-02 7.7928E-02 9.1952E-02 8.3606E-02 7.5588E-02 7.8573E-02 6.5312E-02 4.9965E-02 2.8446E-02 9.3968E-03 0.0000E+00 1.9172E-02 4.7463E-02 7.2444E-02 1.0469E-01 7.8542E-02 3.6267E-02 6.8084E-03 0
 0 2.9448E-03 1.5915E-02 3.3967E-02 7.1803E-02 8.2596E-02 9.1546E-02 7.9420E-02 9.3598E-02 8.3072E-02 7.6805E-02 8.0600E-02 6.4309E-02 5.1005E-02 2.9316E-02 9.5419E-03 0.0000E+00 2.0456E-02 4.6456E-02 7.1100E-02 1.0490E-01 7.7447E-02 3.5894E-02 6.7218E-03 0
 0 2.8806E-03 1.6012E-02 3.3147E-02 7.1177E-02 8.2153E-02 9.3063E-02 8.0898E-02 9.1774E-02 8.4699E-02 7.7707E-02 8.0596E-02 6.4572E-02 4.9572E-02 2.9826E-02 1.0439E-02 0.0000E+00 2.0239E-02 4.8897E-02 7.2840E-02 1.0514E-01 7.6463E-02 3.5400E-02 6.6670E-03 0
 0 2.7973E-03 1.5532E-02 3.2602E-02 7.0761E-02 8.2582E-02 9.1870E-02 7.9988E-02 9.1375E-02 8.4451E-02 7.6000E-02 8.0267E-02 6.6907E-02 5.1013E-02 3.0745E-02 1.0298E-02 0.0000E+00 2.1485E-02 4.8343E-02 7.3921E-02 1.0634E-01 7.7171E-02 3.5101E-02 6.5384E-03 0
 0 2.7378E-03 1.5135E-02 3.2539E-02 6.9835E-02 8.2093E-02 9.1777E-02 7.8709E-02 9.3145E-02 8.5864E-02 7.8971E-02 7.9495E-02 6.6103E-02 5.2566E-02 3.0301E-02 1.0210E-02 0.0000E+00 2.2091E-02 4.7834E-02 7.2325E-02 1.0445E-01 7.5370E-02 3.4785E-02 6.3756E-03 0
 0 2.7285E-03 1.5256E-02 3.2199E-02 6.9664E-02 7.9702E-02 9.0214E-02 7.9192E-02 9.3262E-02 8.5849E-02 7.7441E-02 8.1423E-02 6.6113E-02 5.1687E-02 3.0647E-02 1.0493E-02 0.0000E+00 2.1413E-02 5.0143E-02 7.4065E-02 1.0666E-01 7.6159E-02 3.4054E-02 6.3144E-03 0
 0 2.6430E-03 1.4963E-02 3.1407E-02 6.9065E-02 8.0934E-02 9.0645E-02 7.9058E-02 9.1982E-02 8.4484E-02 7.8119E-02 8.1389E-02 6.7860E-02 5.2596E-02 3.2000E-02 1.0871E-02 0.0000E+00 2.2796E-02 4.9537E-02 7.5398E-02 1.0625E-01 7.3956E-02 3.3707E-02 6.3057E-03 0
 0 2.5785E-03 1.4802E-02 3.1161E-02 6.8990E-02 8.1979E-02 9.0759E-02 8.0781E-02 9.5573E-02 8.3051E-02 7.8974E-02 8.2589E-02 6.8697E-02 5.3573E-02 3.1863E-02 1.2112E-02 0.0000E+00 2.1840E-02 5.0001E-02 7.6746E-02 1.0587E-01 7.4416E-02 3.3232E-02 6.1873E-03 0
 0 2.6648E-03 1.4592E-02 3.0864E-02 6.7804E-02 7.9385E-02 9.0517E-02 7.8669E-02 9.4598E-02 8.4574E-02 7.8553E-02 8.1739E-02 6.8387E-02 5.5127E-02 3.2471E-02 1.2016E-02 0.0000E+00 2.4210E-02 5.0551E-02 7.6000E-02 1.0608E-01 7.2756E-02 3.2935E-02 6.0682E-03 0
 0 2.5947E-03 1.4330E-02 3.0111E-02 6.7576E-02 7.9499E-02 9.0020E-02 8.1066E-02 9.4435E-02 8.5974E-02 7.7939E-02 8.1905E-02 6.9477E-02 5.5449E-02 3.2520E-02 1.2616E-02 0.0000E+00 2.3860E-02 5.2363E-02 7.6812E-02 1.0653E-01 7.2365E-02 3.2220E-02 5.8593E-03 0
 0 2.5410E-03 1.3986E-02 2.9973E-02 6.7539E-02 7.9600E-02 9.0365E-02 8.0393E-02 9.3846E-02 8.5935E-02 7.7844E-02 8.3007E-02 6.9502E-02 5.6261E-02 3.3470E-02 1.3437E-02 0.0000E+00 2.4382E-02 4.9941E-02 7.6508E-02 1.0614E-01 7.1336E-02 3.2479E-02 5.9110E-03 0
 0 2.4353E-03 1.3956E-02 2.9852E-02 6.7240E-02 7.7863E-02 9.0211E-02 7.9351E-02 9.3784E-02 8.5523E-02 7.9624E-02 8.3357E-02 7.0300E-02 5.6957E-02 3.4253E-02 1.3078E-02 0.0000E+00 2.4134E-02 5.4276E-02 7.9727E-02 1.0641E-01 7.1746E-02 3.1818E-02 5.9022E-03 0
 0 2.4642E-03 1.3888E-02 2.8453E-02 6.6883E-02 7.8212E-02 8.9682E-02 7.9774E-02 9.3878E-02 8.4117E-02 7.9789E-02 8.2480E-02 7.1357E-02 5.7343E-02 3.4109E-02 1.3376E-02 0.0000E+00 2.4329E-02 5.3594E-02 7.9167E-02 1.0609E-01 6.9608E-02 3.0735E-02 5.7712E-03 0
 0 2.4493E-03 1.3626E-02 2.8792E-02 6.5593E-02 7.7560E-02 8.8505E-02 7.8983E-02 9.4700E-02 8.5314E-02 8.0419E-02 8.4330E-02 7.1007E-02 5.7717E-02 3.4139E-02 1.3486E-02 0.0000E+00 2.4698E-02 5.3145E-02 7.9381E-02 1.0496E-01 6.9196E-02 3.1265E-02 5.5810E-03 0
 0 2.3431E-03 1.3265E-02 2.8486E-02 6.6469E-02 7.7369E-02 8.8901E-02 7.8567E-02 9.5523E-02 8.5240E-02 7.9275E-02 8.4319E-02 7.2664E-02 5.8559E-02 3.5127E-02 1.4613E-02 0.0000E+00 2.5986E-02 5.5357E-02 7.9727E-02 1.0545E-01 6.8083E-02 3.0468E-02 5.4900E-03 0
 0 2.2874E-03 1.3216E-02 2.8160E-02 6.3710E-02 7.7658E-02 8.9518E-02 8.0053E-02 9.4575E-02 8.5490E-02 7.8002E-02 8.4309E-02 7.1375E-02 5.9341E-02 3.5747E-02 1.4334E-02 0.0000E+00 2.5236E-02 5.4729E-02 7.9570E-02 1.0554E-01 6.7421E-02 3.0355E-02 5.4527E-03 0
 0 2.3017E-03 1.3092E-02 2.7498E-02 6.4566E-02 7.5614E-02 8.9116E-02 8.1383E-02 9.5129E-02 8.5607E-02 7.9032E-02 8.3925E-02 7.2458E-02 6.0023E-02 3.5469E-02 1.5880E-02 0.0000E+00 2.6524E-02 5.5380E-02 8.0777E-02 1.0549E-01 6.7794E-02 2.9830E-02 5.3189E-03 0
 0 2.2782E-03 1.2779E-02 2.7906E-02 6.4785E-02 7.6022E-02 8.8696E-02 8.0005E-02 9.5850E-02 8.6733E-02 8.0387E-02 8.5496E-02 7.2682E-02 5.9353E-02 3.6913E-02 1.5464E-02 0.0000E+00 2.7141E-02 5.5522E-02 8.1180E-02 1.0488E-01 6.7505E-02 2.9381E-02 5.2482E-03 0
 0 2.2870E-03 1.2518E-02 2.7485E-02 6.4598E-02 7.5423E-02 8.9209E-02 8.1771E-02 9.4969E-02 8.6921E-02 7.9820E-02 8.5438E-02 7.6092E-02 5.9933E-02 3.6856E-02 1.5865E-02 0.0000E+00 2.6593E-02 5.5851E-02 8.0931E-02 1.0593E-01 6.6358E-02 2.9213E-02 5.1803E-03 0
 0 2.1996E-03 1.2530E-02 2.7027E-02 6.3625E-02 7.5807E-02 8.8388E-02 8.0676E-02 9.4003E-02 8.8154E-02 8.0932E-02 8.5326E-02 7.5266E-02 6.1513E-02 3.8817E-02 1.7240E-02 0.0000E+00 2.8216E-02 5.7465E-02 8.1285E-02 1.0429E-01 6.5520E-02 2.8892E-02 5.0774E-03 0
 0 2.2071E-03 1.2343E-02 2.6228E-02 6.3200E-02 7.4390E-02 9.0023E-02 8.1132E-02 9.5298E-02 8.5762E-02 7.9532E-02 8.5611E-02 7.5670E-02 6.1037E-02 3.8111E-02 1.6583E-02 0.0000E+00 2.9127E-02 5.7618E-02 8.3588E-02 1.0631E-01 6.6182E-02 2.8586E-02 4.9627E-03 0
 0 2.0766E-03 1.2238E-02 2.5738E-02 6.2621E-02 7.5244E-02 8.6966E-02 7.9000E-02 9.3032E-02 8.6270E-02 8.1113E-02 8.6594E-02 7.6269E-02 6.2093E-02 3.9722E-02 1.8782E-02 0.0000E+00 2.7290E-02 5.8992E-02 8.3210E-02 1.0424E-01 6.4931E-02 2.7703E-02 4.8284E-03 0
 0 2.1220E-03 1.1851E-02 2.5825E-02 6.1678E-02 7.3782E-02 8.7729E-02 8.0170E-02 9.5383E-02 8.6446E-02 8.0999E-02 8.5295E-02 7.6175E-02 6.3444E-02 4.0284E-02 1.8763E-02 0.0000E+00 2.9020E-02 5.8984E-02 8.5187E-02 1.0575E-01 6.5248E-02 2.7345E-02 4.8876E-03 0
 0 2.0098E-03 1.1520E-02 2.5004E-02 6.1607E-02 7.2478E-02 8.5653E-02 8.0290E-02 9.5258E-02 8.7007E-02 8.1081E-02 8.6319E-02 7.8716E-02 6.4702E-02 4.0311E-02 1.8664E-02 0.0000E+00 2.8209E-02 5.9628E-02 8.4491E-02 1.0383E-01 6.3638E-02 2.7621E-02 4.9253E-03 0
 0 2.0429E-03 1.1499E-02 2.4984E-02 6.0410E-02 7.2918E-02 8.4475E-02 8.0998E-02 9.5383E-02 8.7715E-02 8.3074E-02 8.5805E-02 7.7969E-02 6.5327E-02 4.0501E-02 1.9534E-02 0.0000E+00 3.0808E-02 6.0560E-02 8.6290E-02 1.0383E-01 6.3297E-02 2.6656E-02 4.6386E-03 0
 0 2.0069E-03 1.1114E-02 2.4864E-02 6.1176E-02 7.3011E-02 8.5951E-02 8.0630E-02 9.5806E-02 8.6951E-02 8.1182E-02 8.7359E-02 7.8362E-02 6.5679E-02 4.1512E-02 2.0199E-02 0.0000E+00 3.0187E-02 6.2301E-02 8.5765E-02 1.0563E-01 6.2593E-02 2.6771E-02 4.7176E-03 0
 0 1.9381E-03 1.1046E-02 2.4277E-02 6.0430E-02 7.2176E-02 8.5932E-02 8.0139E-02 9.5958E-02 8.7739E-02 8.1423E-02 8.7240E-02 7.9817E-02 6.6465E-02 4.1926E-02 2.0867E-02 0.0000E+00 3.1109E-02 6.1728E-02 8.6682E-02 1.0481E-01 6.2433E-02 2.6349E-02 4.5286E-03 0
 0 1.9277E-03 1.0728E-02 2.3995E-02 5.9782E-02 7.2020E-02 8.5371E-02 8.1826E-02 9.4718E-02 8.7309E-02 8.2551E-02 8.8702E-02 8.0167E-02 6.7618E-02 4.2846E-02 2.1417E-02 0.0000E+00 3.1746E-02 6.2933E-02 8.6493E-02 1.0419E-01 6.1709E-02 2.6033E-02 4.5294E-03 0
 0 1.9268E-03 1.0887E-02 2.3881E-02 5.9396E-02 7.1077E-02 8.4646E-02 8.0059E-02 9.4773E-02 8.6706E-02 8.2706E-02 9.0164E-02 7.9860E-02 6.7517E-02 4.4514E-02 2.1925E-02 0.0000E+00 3.1448E-02 6.2904E-02 8.8733E-02 1.0378E-01 6.0651E-02 2.5879E-02 4.4309E-03 0
 0 1.8430E-03 1.0613E-02 2.3852E-02 5.9084E-02 7.0539E-02 8.4603E-02 8.0664E-02 9.5433E-02 8.8148E-02 8.2713E-02 8.9831E-02 8.1888E-02 6.8550E-02 4.5282E-02 2.2077E-02 0.0000E+00 3.2336E-02 6.4206E-02 8.8264E-02 1.0526E-01 6.0284E-02 2.5698E-02 4.3595E-03 0
 0 1.8792E-03 1.0368E-02 2.3358E-02 5.8264E-02 7.0691E-02 8.4502E-02 8.1726E-02 9.5896E-02 8.7184E-02 8.2624E-02 8.9827E-02 8.1365E-02 6.8385E-02 4.4461E-02 2.2875E-02 0.0000E+00 3.2958E-02 6.5063E-02 8.9979E-02 1.0395E-01 6.0232E-02 2.5147E-02 4.3058E-03 0
 0 1.8525E-03 1.0353E-02 2.2514E-02 5.8616E-02 6.9922E-02 8.5278E-02 8.1112E-02 9.6028E-02 8.6321E-02 8.3530E-02 8.9464E-02 8.1231E-02 7.0758E-02 4.5404E-02 2.3208E-02 0.0000E+00 3.3728E-02 6.5056E-02 8.9167E-02 1.0273E-01 5.9009E-02 2.4495E-02 4.1982E-03 0
 0 1.7779E-03 1.0257E-02 2.2870E-02 5.7415E-02 6.9429E-02 8.2700E-02 8.1697E-02 9.5220E-02 8.7130E-02 8.3045E-02 9.2405E-02 8.3700E-02 6.9834E-02 4.6821E-02 2.5594E-02 0.0000E+00 3.4292E-02 6.5715E-02 9.1463E-02 1.0329E-01 5.8476E-02 2.4081E-02 4.2510E-03 0
 0 1.7970E-03 1.0121E-02 2.2257E-02 5.6379E-02 6.7909E-02 8.4656E-02 8.1178E-02 9.5167E-02 8.7213E-02 8.3039E-02 8.9487E-02 8.4115E-02 7.0698E-02 4.6536E-02 2.5170E-02 0.0000E+00 3.3930E-02 6.6942E-02 9.1029E-02 1.0249E-01 5.6393E-02 2.4269E-02 4.0577E-03 0
 0 1.7831E-03 9.8292E-03 2.2258E-02 5.6027E-02 6.9045E-02 8.3976E-02 8.2168E-02 9.6074E-02 8.7118E-02 8.3900E-02 9.0773E-02 8.5140E-02 7.2338E-02 4.6798E-02 2.5697E-02 0.0000E+00 3.5378E-02 6.5692E-02 9.2499E-02 1.0328E-01 5.7740E-02 2.3795E-02 4.0517E-03 0
 0 1.7242E-03 9.8213E-03 2.1788E-02 5.5328E-02 6.8688E-02 8.3604E-02 7.9954E-02 9.5348E-02 8.7727E-02 8.2082E-02 9.1878E-02 8.6623E-02 7.3723E-02 4.8490E-02 2.7515E-02 0.0000E+00 3.6434E-02 6.8264E-02 9.2933E-02 1.0274E-01 5.7714E-02 2.3343E-02 3.9242E-03 0
 0 1.7088E-03 9.5857E-03 2.1762E-02 5.5648E-02 6.6915E-02 8.3269E-02 8.0051E-02 9.3951E-02 8.8288E-02 8.4135E-02 9.2955E-02 8.6382E-02 7.3483E-02 4.8566E-02 2.7988E-02 0.0000E+00 3.5565E-02 6.8099E-02 9.3027E-02 1.0157E-01 5.6528E-02 2.3241E-02 3.8512E-03 0
 0 1.6618E-03 9.3387E-03 2.1234E-02 5.5041E-02 6.7515E-02 8.3978E-02 8.1141E-02 9.6687E-02 8.7975E-02 8.4889E-02 9.2986E-02 8.6645E-02 7.5115E-02 4.8011E-02 2.8710E-02 0.0000E+00 3.7135E-02 6.8821E-02 9.4787E-02 1.0229E-01 5.4770E-02 2.2806E-02 3.7503E-03 0
 0 1.6486E-03 9.2344E-03 2.0638E-02 5.4289E-02 6.6684E-02 8.1169E-02 8.1101E-02 9.5546E-02 8.7894E-02 8.5171E-02 9.2646E-02 8.5891E-02 7.5456E-02 5.0527E-02 2.9107E-02 0.0000E+00 3.8012E-02 7.1524E-02 9.4563E-02 1.0002E-01 5.4970E-02 2.2652E-02 3.6784E-03 0
 0 1.5831E-03 9.1230E-03 2.0674E-02 5.4536E-02 6.6230E-02 8.1416E-02 8.1138E-02 9.4595E-02 8.8336E-02 8.5538E-02 9.2391E-02 8.9511E-02 7.6710E-02 5.2009E-02 2.9760E-02 0.0000E+00 3.9136E-02 7.1651E-02 9.4186E-02 1.0296E-01 5.4770E-02 2.2077E-02 3.7836E-03 0
 0 1.5918E-03 9.0652E-03 2.0369E-02 5.3602E-02 6.5080E-02 8.2126E-02 8.2031E-02 9.6069E-02 8.7372E-02 8.4749E-02 9.3982E-02 8.7656E-02 7.7227E-02 5.0344E-02 3.0627E-02 0.0000E+00 3.8884E-02 7.2516E-02 9.6058E-02 1.0242E-01 5.3256E-02 2.2174E-02 3.6026E-03 0
 0 1.5502E-03 8.8039E-03 2.0256E-02 5.2577E-02 6.5604E-02 8.2280E-02 8.1503E-02 9.3531E-02 8.8617E-02 8.3843E-02 9.2799E-02 8.8803E-02 7.7474E-02 5.4027E-02 3.2574E-02 0.0000E+00 3.9132E-02 7.3066E-02 9.5925E-02 1.0097E-01 5.3799E-02 2.1453E-02 3.5835E-03 0
 0 1.5188E-03 8.7010E-03 2.0188E-02 5.2020E-02 6.4773E-02 8.1347E-02 8.0724E-02 9.5905E-02 8.7972E-02 8.5275E-02 9.4757E-02 9.0507E-02 7.8728E-02 5.3833E-02 3.3880E-02 0.0000E+00 4.1339E-02 7.2288E-02 9.7710E-02 1.0164E-01 5.3897E-02 2.1327E-02 3.5263E-03 0
 0 1.5142E-03 8.6361E-03 1.9523E-02 5.3023E-02 6.5211E-02 8.0914E-02 8.2482E-02 9.5179E-02 8.8067E-02 8.6295E-02 9.4407E-02 9.0207E-02 7.8964E-02 5.4361E-02 3.4059E-02 0.0000E+00 4.1297E-02 7.3051E-02 9.9239E-02 9.9714E-02 5.2693E-02 2.0478E-02 3.4648E-03 0
 0 1.4943E-03 8.4376E-03 1.9411E-02 5.2080E-02 6.4412E-02 8.0823E-02 8.1475E-02 9.5001E-02 8.8270E-02 8.4138E-02 9.4842E-02 9.1156E-02 8.0068E-02 5.6402E-02 3.5728E-02 0.0000E+00 4.2109E-02 7.4474E-02 9.8014E-02 1.0050E-01 5.2339E-02 2.0610E-02 3.3774E-03 0
 0 1.4520E-03 8.3619E-03 1.8967E-02 5.1014E-02 6.4433E-02 8.0605E-02 8.0932E-02 9.6086E-02 8.8662E-02 8.6824E-02 9.5614E-02 9.3762E-02 8.0532E-02 5.6417E-02 3.6915E-02 0.0000E+00 4.3066E-02 7.5641E-02 1.0084E-01 1.0002E-01 5.1361E-02 2.0371E-02 3.2344E-03 0
 0 1.4368E-03 8.0541E-03 1.8749E-02 5.0641E-02 6.3302E-02 7.9399E-02 8.0501E-02 9.4202E-02 8.8871E-02 8.6143E-02 9.5097E-02 9.2640E-02 8.0727E-02 5.6098E-02 3.7400E-02 0.0000E+00 4.4129E-02 7.9111E-02 9.8441E-02 9.9112E-02 5.1394E-02 2.0160E-02 3.2877E-03 0
 0 1.4495E-03 8.1541E-03 1.8832E-02 4.9880E-02 6.2782E-02 7.9678E-02 8.1620E-02 9.3125E-02 8.9471E-02 8.7056E-02 9.5825E-02 9.3484E-02 8.2471E-02 5.8477E-02 3.8996E-02 0.0000E+00 4.4057E-02 7.7502E-02 1.0104E-01 9.9308E-02 5.0453E-02 1.9757E-02 3.2892E-03 0
 0 1.3946E-03 7.9549E-03 1.8316E-02 4.9540E-02 6.1700E-02 7.8710E-02 8.2202E-02 9.4015E-02 8.9560E-02 8.7173E-02 9.7012E-02 9.2788E-02 8.3399E-02 5.9416E-02 3.9848E-02 0.0000E+00 4.4064E-02 7.8041E-02 1.0264E-01 9.8244E-02 4.9962E-02 2.0223E-02 3.1173E-03 0
 0 1.4056E-03 7.8192E-03 1.7998E-02 4.9776E-02 6.2498E-02 7.8407E-02 8.2228E-02 9.4403E-02 8.6700E-02 8.5589E-02 9.6247E-02 9.3924E-02 8.4039E-02 5.8891E-02 4.1154E-02 0.0000E+00 4.5558E-02 7.8647E-02 1.0214E-01 9.9089E-02 5.0262E-02 1.9446E-02 3.2051E-03 0
 0 1.3590E-03 7.5879E-03 1.7991E-02 4.9057E-02 6.1116E-02 7.9635E-02 8.1834E-02 9.4835E-02 8.8757E-02 8.6371E-02 9.7511E-02 9.6014E-02 8.5256E-02 6.0077E-02 4.1238E-02 0.0000E+00 4.7380E-02 7.8550E-02 1.0209E-01 9.8475E-02 4.8719E-02 1.9205E-02 3.0375E-03 0
 0 1.3678E-03 7.5736E-03 1.7908E-02 4.8870E-02 6.0936E-02 7.8250E-02 8.2048E-02 9.3516E-02 8.7548E-02 8.8513E-02 9.5822E-02 9.7591E-02 8.6169E-02 6.1213E-02 4.2314E-02 0.0000E+00 4.7182E-02 8.1417E-02 1.0321E-01 9.8807E-02 4.8022E-02 1.8842E-02 3.0673E-03 0
 0 1.3293E-03 7.2630E-03 1.7750E-02 4.8517E-02 6.1314E-02 7.7785E-02 8.0744E-02 9.4018E-02 9.0128E-02 8.8161E-02 9.7841E-02 9.5830E-02 8.6199E-02 6.1183E-02 4.4476E-02 0.0000E+00 4.8870E-02 8.0856E-02 1.0263E-01 9.8197E-02 4.8096E-02 1.8603E-02 2.9815E-03 0
 0 1.2687E-03 7.3508E-03 1.6941E-02 4.8354E-02 6.0245E-02 7.7631E-02 8.1061E-02 9.4248E-02 8.9068E-02 8.7347E-02 9.6607E-02 9.6949E-02 8.7820E-02 6.3779E-02 4.5346E-02 0.0000E+00 4.8893E-02 8.3626E-02 1.0334E-01 9.6191E-02 4.8178E-02 1.8293E-02 2.9592E-03 0
 0 1.2833E-03 7.0631E-03 1.7065E-02 4.7431E-02 6.0154E-02 7.7743E-02 8.0442E-02 9.4085E-02 8.7927E-02 8.8760E-02 9.7382E-02 9.8151E-02 8.8640E-02 6.4919E-02 4.5262E-02 0.0000E+00 5.0022E-02 8.3921E-02 1.0382E-01 9.8188E-02 4.6775E-02 1.8284E-02 2.9029E-03 0
 0 1.2421E-03 7.0145E-03 1.6838E-02 4.6378E-02 5.8138E-02 7.7185E-02 8.2653E-02 9.3787E-02 8.8139E-02 8.7626E-02 9.7773E-02 9.8280E-02 9.0384E-02 6.5299E-02 4.6751E-02 0.0000E+00 5.0357E-02 8.4468E-02 1.0556E-01 9.8733E-02 4.6588E-02 1.7780E-02 2.8671E-03 0
 0 1.2419E-03 6.9338E-03 1.6511E-02 4.5591E-02 5.9821E-02 7.6265E-02 8.2413E-02 9.1932E-02 8.9133E-02 8.8035E-02 9.7477E-02 9.9461E-02 9.2319E-02 6.7917E-02 4.6740E-02 0.0000E+00 5.2781E-02 8.6455E-02 1.0476E-01 9.6541E-02 4.6999E-02 1.7980E-02 2.8858E-03 0
 0 1.2109E-03 7.0574E-03 1.6346E-02 4.4745E-02 5.8276E-02 7.6292E-02 8.1877E-02 9.2052E-02 8.9668E-02 8.8795E-02 9.9024E-02 9.9295E-02 9.0856E-02 6.7986E-02 4.9859E-02 0.0000E+00 5.3276E-02 8.5909E-02 1.0451E-01 9.6967E-02 4.5713E-02 1.7130E-02 2.8949E-03 0
 0 1.2352E-03 6.8717E-03 1.6048E-02 4.4990E-02 5.8962E-02 7.6432E-02 8.1592E-02 9.1920E-02 8.9316E-02 8.8855E-02 9.7967E-02 9.9702E-02 9.2664E-02 6.8632E-02 5.2040E-02 0.0000E+00 5.2019E-02 8.7485E-02 1.0693E-01 9.6843E-02 4.4720E-02 1.7004E-02 2.7273E-03 0
 0 1.1298E-03 6.5661E-03 1.5843E-02 4.5304E-02 5.7335E-02 7.5688E-02 8.1163E-02 9.3668E-02 9.0161E-02 8.9425E-02 1.0047E-01 1.0213E-01 9.3697E-02 6.7066E-02 5.1776E-02 0.0000E+00 5.4031E-02 8.8319E-02 1.0740E-01 9.5927E-02 4.4993E-02 1.6568E-02 2.7166E-03 0
 0 1.1489E-03 6.4890E-03 1.5593E-02 4.4238E-02 5.6704E-02 7.5382E-02 8.1315E-02 9.1389E-02 9.0179E-02 8.9926E-02 9.9147E-02 1.0156E-01 9.3540E-02 6.9989E-02 5.2861E-02 0.0000E+00 5.7343E-02 8.7649E-02 1.0848E-01 9.5758E-02 4.3968E-02 1.6800E-02 2.6110E-03 0
 0 1.1345E-03 6.5426E-03 1.5753E-02 4.3677E-02 5.5973E-02 7.5670E-02 8.2125E-02 9.2063E-02 8.8924E-02 8.8491E-02 1.0073E-01 1.0220E-01 9.5033E-02 7.0509E-02 5.5514E-02 0.0000E+00 5.8384E-02 8.9098E-02 1.0708E-01 9.4967E-02 4.2993E-02 1.6225E-02 2.5328E-03 0
 0 1.1768E-03 6.3983E-03 1.5301E-02 4.2994E-02 5.6816E-02 7.4343E-02 8.0310E-02 9.1623E-02 8.8518E-02 8.9226E-02 1.0052E-01 1.0417E-01 9.4554E-02 7.2204E-02 5.6904E-02 0.0000E+00 5.9039E-02 8.9858E-02 1.0732E-01 9.5569E-02 4.3666E-02 1.5906E-02 2.4994E-03 0
 0 1.1491E-03 6.1563E-03 1.5113E-02 4.2953E-02 5.4951E-02 7.4056E-02 8.0319E-02 9.1389E-02 9.0674E-02 8.9194E-02 9.8582E-02 1.0329E-01 9.6250E-02 7.2147E-02 5.7171E-02 0.0000E+00 5.9245E-02 9.1524E-02 1.1070E-01 9.4132E-02 4.3885E-02 1.5976E-02 2.4660E-03 0
 0 1.0996E-03 6.0506E-03 1.5226E-02 4.2706E-02 5.5824E-02 7.2812E-02 7.9777E-02 9.0666E-02 8.8396E-02 8.8662E-02 1.0166E-01 1.0386E-01 9.9323E-02 7.4587E-02 5.8157E-02 0.0000E+00 6.0042E-02 9.2066E-02 1.1005E-01 9.4511E-02 4.2832E-02 1.5864E-02 2.4212E-03 0
 0 1.1035E-03 6.1349E-03 1.4706E-02 4.2469E-02 5.5831E-02 7.3841E-02 8.0162E-02 8.9149E-02 8.9534E-02 9.0689E-02 1.0087E-01 1.0524E-01 9.7968E-02 7.5545E-02 6.0322E-02 0.0000E+00 6.3682E-02 9.2953E-02 1.1282E-01 9.3282E-02 4.2791E-02 1.5578E-02 2.4641E-03 0
 0 1.0368E-03 5.9621E-03 1.4483E-02 4.2420E-02 5.3603E-02 7.4261E-02 8.1871E-02 9.0634E-02 9.0071E-02 9.0654E-02 1.0206E-01 1.0473E-01 9.8892E-02 7.6719E-02 6.2002E-02 0.0000E+00 6.1307E-02 9.5518E-02 1.0991E-01 9.3756E-02 4.1387E-02 1.5268E-02 2.4120E-03 0
 0 1.0611E-03 5.7664E-03 1.4232E-02 4.1505E-02 5.3829E-02 7.1810E-02 8.1917E-02 9.2553E-02 8.7948E-02 9.0917E-02 1.0252E-01 1.0502E-01 1.0170E-01 7.7388E-02 6.4804E-02 0.0000E+00 6.3282E-02 9.4002E-02 1.1132E-01 9.4280E-02 4.1822E-02 1.4916E-02 2.3485E-03 0
 0 1.0234E-03 5.8871E-03 1.4613E-02 4.0252E-02 5.3506E-02 7.2671E-02 8.2536E-02 9.1564E-02 8.8047E-02 8.9172E-02 1.0232E-01 1.0487E-01 1.0237E-01 7.8642E-02 6.6477E-02 0.0000E+00 6.3400E-02 9.4810E-02 1.1333E-01 9.3821E-02 4.0475E-02 1.4759E-02 2.2012E-03 0
 0 1.0016E-03 5.6365E-03 1.3875E-02 4.0612E-02 5.3794E-02 7.1744E-02 8.1492E-02 9.0634E-02 8.8214E-02 9.1434E-02 1.0257E-01 1.0811E-01 1.0277E-01 7.8460E-02 6.6675E-02 0.0000E+00 6.4745E-02 9.7883E-02 1.1170E-01 9.3566E-02 4.1341E-02 1.4858E-02 2.2115E-03 0
 0 9.9368E-04 5.4865E-03 1.3784E-02 3.9870E-02 5.2758E-02 7.1122E-02 8.0998E-02 8.9508E-02 8.9235E-02 8.9767E-02 1.0293E-01 1.0744E-01 1.0245E-01 8.0793E-02 6.8668E-02 0.0000E+00 6.5778E-02 9.6977E-02 1.1187E-01 9.3320E-02 3.9768E-02 1.4877E-02 2.2568E-03 0
 0 9.6996E-04 5.2509E-03 1.3719E-02 3.9443E-02 5.2437E-02 7.0492E-02 8.1192E-02 8.9814E-02 8.9116E-02 9.1038E-02 1.0334E-01 1.0792E-01 1.0262E-01 8.1055E-02 7.1208E-02 0.0000E+00 6.6190E-02 9.7430E-02 1.1408E-01 9.0757E-02 3.9206E-02 1.3879E-02 2.2119E-03 0
 0 9.6851E-04 5.3901E-03 1.3475E-02 3.9801E-02 5.2519E-02 7.1502E-02 8.1004E-02 9.0581E-02 8.7858E-02 8.9821E-02 1.0410E-01 1.0893E-01 1.0357E-01 8.1158E-02 7.1166E-02 0.0000E+00 6.8846E-02 9.8920E-02 1.1352E-01 9.1738E-02 3.9010E-02 1.3819E-02 2.1873E-03 0
 0 9.7496E-04 5.2638E-03 1.3197E-02 3.8507E-02 5.1920E-02 6.9984E-02 8.0253E-02 8.9283E-02 8.7763E-02 9.0452E-02 1.0201E-01 1.0976E-01 1.0529E-01 8.4305E-02 7.2070E-02 0.0000E+00 6.9273E-02 9.9392E-02 1.1469E-01 9.0268E-02 3.8958E-02 1.4030E-02 2.0991E-03 0
 0 9.2586E-04 5.2366E-03 1.3003E-02 3.8177E-02 5.1715E-02 7.0173E-02 7.9628E-02 8.9802E-02 8.5998E-02 9.0737E-02 1.0375E-01 1.0870E-01 1.0772E-01 8.4863E-02 7.4201E-02 0.0000E+00 7.2570E-02 1.0122E-01 1.1550E-01 9.2135E-02 3.8487E-02 1.3846E-02 2.0415E-03 0
 0 9.4292E-04 5.0824E-03 1.2723E-02 3.7672E-02 5.0917E-02 7.0287E-02 7.9882E-02 8.8872E-02 8.8354E-02 9.1602E-02 1.0380E-01 1.1135E-01 1.0778E-01 8.6555E-02 7.5083E-02 0.0000E+00 7.2307E-02 1.0417E-01 1.1589E-01 9.0188E-02 3.9238E-02 1.3636E-02 2.1106E-03 0
 0 9.0276E-04 4.9060E-03 1.2768E-02 3.7378E-02 5.0239E-02 6.9288E-02 8.1172E-02 8.8886E-02 8.7151E-02 9.2324E-02 1.0269E-01 1.1085E-01 1.0806E-01 8.6900E-02 7.8699E-02 0.0000E+00 7.3912E-02 1.0238E-01 1.1664E-01 9.0171E-02 3.8137E-02 1.3422E-02 1.9800E-03 0
 0 8.8404E-04 4.8518E-03 1.2790E-02 3.6728E-02 5.0344E-02 6.8767E-02 7.8986E-02 8.8428E-02 8.6401E-02 9.0873E-02 1.0596E-01 1.1374E-01 1.1018E-01 8.7816E-02 8.0688E-02 0.0000E+00 7.5856E-02 1.0394E-01 1.1705E-01 9.1048E-02 3.8024E-02 1.3149E-02 2.0137E-03 0
 0 9.0526E-04 4.8004E-03 1.2218E-02 3.6539E-02 5.0051E-02 6.8878E-02 8.0653E-02 8.8539E-02 8.7539E-02 9.2286E-02 1.0485E-01 1.1060E-01 1.0990E-01 8.8291E-02 8.0700E-02 0.0000E+00 7.5753E-02 1.0393E-01 1.1830E-01 8.9305E-02 3.6909E-02 1.2837E-02 1.9585E-03 0
 0 8.8591E-04 4.7968E-03 1.2101E-02 3.5862E-02 4.9678E-02 6.8695E-02 8.0005E-02 8.8723E-02 8.8076E-02 9.2425E-02 1.0342E-01 1.1330E-01 1.1223E-01 9.1526E-02 8.0455E-02 0.0000E+00 7.7262E-02 1.0557E-01 1.1889E-01 8.9845E-02 3.6623E-02 1.2958E-02 1.9395E-03 0
 0 8.5096E-04 4.5919E-03 1.2035E-02 3.6147E-02 4.9048E-02 6.8039E-02 8.0758E-02 8.7903E-02 8.6718E-02 9.1605E-02 1.0288E-01 1.1262E-01 1.1301E-01 9.2601E-02 8.5431E-02 0.0000E+00 7.8238E-02 1.0689E-01 1.1888E-01 8.7661E-02 3.6214E-02 1.2274E-02 1.9760E-03 0
 0 8.3806E-04 4.7375E-03 1.1860E-02 3.4983E-02 4.9674E-02 6.7914E-02 7.9511E-02 8.7477E-02 8.7688E-02 9.2447E-02 1.0456E-01 1.1291E-01 1.1296E-01 9.1495E-02 8.6672E-02 0.0000E+00 8.0162E-02 1.0751E-01 1.1883E-01 8.7907E-02 3.5465E-02 1.2618E-02 1.8533E-03 0
 0 8.2516E-04 4.5976E-03 1.1740E-02 3.5273E-02 4.8400E-02 6.6840E-02 8.0864E-02 8.6824E-02 8.6198E-02 9.1950E-02 1.0497E-01 1.1451E-01 1.1513E-01 9.5543E-02 8.7527E-02 0.0000E+00 8.1615E-02 1.0861E-01 1.1747E-01 8.8577E-02 3.5219E-02 1.2397E-02 1.8180E-03 0
 0 8.4159E-04 4.4048E-03 1.1665E-02 3.5035E-02 4.8275E-02 6.6800E-02 7.8707E-02 8.6900E-02 8.7563E-02 9.2729E-02 1.0656E-01 1.1473E-01 1.1412E-01 9.5638E-02 9.0731E-02 0.0000E+00 8.2144E-02 1.0967E-01 1.1824E-01 8.7694E-02 3.4780E-02 1.2126E-02 1.7798E-03 0
 0 8.0414E-04 4.2641E-03 1.1738E-02 3.4376E-02 4.7111E-02 6.6003E-02 7.9243E-02 8.6967E-02 8.7082E-02 9.2210E-02 1.0522E-01 1.1715E-01 1.1469E-01 9.6941E-02 9.1509E-02 0.0000E+00 8.4180E-02 1.1046E-01 1.1763E-01 8.6956E-02 3.4652E-02 1.1839E-02 1.7755E-03 0
 0 8.0019E-04 4.2163E-03 1.1185E-02 3.3457E-02 4.6890E-02 6.5508E-02 8.1686E-02 8.6334E-02 8.5562E-02 9.3445E-02 1.0501E-01 1.1779E-01 1.1569E-01 9.9157E-02 9.4178E-02 0.0000E+00 8.4561E-02 1.0978E-01 1.1885E-01 8.6221E-02 3.4331E-02 1.1872E-02 1.7254E-03 0
 0 7.5941E-04 4.2848E-03 1.1513E-02 3.3572E-02 4.6131E-02 6.5896E-02 7.9848E-02 8.7045E-02 8.6762E-02 9.1966E-02 1.0489E-01 1.1713E-01 1.1669E-01 9.9605E-02 9.3583E-02 0.0000E+00 8.6924E-02 1.1200E-01 1.2067E-01 8.6826E-02 3.4509E-02 1.1359E-02 1.7417E-03 0
 0 7.7314E-04 4.1777E-03 1.1197E-02 3.3045E-02 4.5909E-02 6.4200E-02 7.9640E-02 8.6194E-02 8.7861E-02 9.2770E-02 1.0459E-01 1.1810E-01 1.1836E-01 1.0111E-01 9.6244E-02 0.0000E+00 8.7560E-02 1.1328E-01 1.1968E-01 8.6763E-02 3.4748E-02 1.1368E-02 1.7096E-03 0
 0 7.6898E-04 4.1227E-03 1.0886E-02 3.2945E-02 4.6596E-02 6.4286E-02 7.9711E-02 8.5744E-02 8.6547E-02 9.3455E-02 1.0413E-01 1.1734E-01 1.1875E-01 1.0241E-01 9.9291E-02 0.0000E+00 8.8300E-02 1.1348E-01 1.2044E-01 8.5516E-02 3.3438E-02 1.1150E-02 1.6210E-03 0
 0 7.3944E-04 3.9699E-03 1.0760E-02 3.2934E-02 4.4566E-02 6.4830E-02 7.9725E-02 8.5391E-02 8.5962E-02 9.3496E-02 1.0544E-01 1.1754E-01 1.1763E-01 1.0389E-01 1.0093E-01 0.0000E+00 9.1711E-02 1.1571E-01 1.2062E-01 8.6414E-02 3.2903E-02 1.1275E-02 1.6782E-03 0
 0 7.6565E-04 3.9735E-03 1.0637E-02 3.2048E-02 4.5400E-02 6.3773E-02 7.9537E-02 8.3997E-02 8.5807E-02 9.3046E-02 1.0580E-01 1.1871E-01 1.2232E-01 1.0385E-01 1.0358E-01 0.0000E+00 9.1986E-02 1.1670E-01 1.2133E-01 8.4989E-02 3.2960E-02 1.0766E-02 1.6055E-03 0
 0 7.0948E-04 3.9614E-03 1.0549E-02 3.1686E-02 4.3651E-02 6.4009E-02 7.8806E-02 8.5435E-02 8.5141E-02 9.4703E-02 1.0666E-01 1.2009E-01 1.2087E-01 1.0526E-01 1.0584E-01 0.0000E+00 9.2717E-02 1.1704E-01 1.2198E-01 8.4153E-02 3.2558E-02 1.0924E-02 1.5630E-03 0
 0 7.0511E-04 3.8129E-03 1.0548E-02 3.1436E-02 4.3859E-02 6.3222E-02 7.9120E-02 8.4624E-02 8.6195E-02 9.3835E-02 1.0374E-01 1.2054E-01 1.2295E-01 1.0677E-01 1.0388E-01 0.0000E+00 9.5706E-02 1.1632E-01 1.1979E-01 8.4032E-02 3.1708E-02 1.0464E-02 1.5173E-03 0
 0 6.9346E-04 3.8036E-03 1.0241E-02 3.0845E-02 4.4753E-02 6.3536E-02 7.9337E-02 8.4499E-02 8.5153E-02 9.3357E-02 1.0856E-01 1.2050E-01 1.2187E-01 1.0844E-01 1.0790E-01 0.0000E+00 9.5675E-02 1.1926E-01 1.2184E-01 8.1854E-02 3.2273E-02 1.0136E-02 1.5019E-03 0
 0 6.7619E-04 3.6229E-03 9.9682E-03 2.9991E-02 4.3502E-02 6.2172E-02 7.8401E-02 8.3673E-02 8.5443E-02 9.4066E-02 1.0608E-01 1.2097E-01 1.2234E-01 1.1044E-01 1.1066E-01 1.1465E-05 9.7150E-02 1.1830E-01 1.2301E-01 8.3282E-02 3.0822E-02 1.0301E-02 1.4888E-03 0
 0 6.8846E-04 3.7286E-03 1.0116E-02 3.0561E-02 4.3628E-02 6.2133E-02 7.8809E-02 8.3839E-02 8.5771E-02 9.4187E-02 1.0734E-01 1.2144E-01 1.2356E-01 1.1236E-01 1.0955E-01 3.8218E-06 9.9361E-02 1.2111E-01 1.2213E-01 8.2168E-02 3.0898E-02 1.0064E-02 1.4860E-03 0
 0 6.6724E-04 3.5979E-03 9.8536E-03 2.9932E-02 4.3596E-02 6.1729E-02 7.8119E-02 8.3291E-02 8.6771E-02 9.3176E-02 1.0788E-01 1.2209E-01 1.2385E-01 1.1361E-01 1.1393E-01 1.1465E-05 1.0291E-01 1.2227E-01 1.2383E-01 8.1119E-02 3.1187E-02 1.0108E-02 1.4550E-03 0
 0 6.6412E-04 3.4601E-03 9.5445E-03 2.9743E-02 4.2497E-02 6.1269E-02 7.8096E-02 8.3434E-02 8.4260E-02 9.3581E-02 1.0540E-01 1.2086E-01 1.2656E-01 1.1442E-01 1.1340E-01 0.0000E+00 1.0191E-01 1.2096E-01 1.2274E-01 8.0527E-02 3.0589E-02 9.7222E-03 1.4197E-03 0
 0 6.4685E-04 3.4216E-03 1.0176E-02 2.9436E-02 4.2003E-02 6.1912E-02 7.8050E-02 8.2124E-02 8.3385E-02 9.2935E-02 1.0729E-01 1.2235E-01 1.2668E-01 1.1521E-01 1.1844E-01 7.6437E-06 1.0408E-01 1.2446E-01 1.2345E-01 8.0346E-02 3.0403E-02 9.6681E-03 1.4538E-03 0
 0 6.6017E-04 3.4601E-03 9.5304E-03 2.9169E-02 4.1819E-02 6.0796E-02 7.8019E-02 8.1733E-02 8.4263E-02 9.3271E-02 1.0659E-01 1.2288E-01 1.2644E-01 1.1584E-01 1.2055E-01 3.0575E-05 1.0553E-01 1.2348E-01 1.2337E-01 8.3635E-02 3.0185E-02 9.6366E-03 1.3935E-03 0
 0 6.2188E-04 3.4923E-03 9.5317E-03 2.8666E-02 4.1621E-02 6.0144E-02 7.8444E-02 8.2185E-02 8.3388E-02 9.3857E-02 1.0627E-01 1.2296E-01 1.2795E-01 1.1817E-01 1.1903E-01 3.8218E-05 1.0669E-01 1.2499E-01 1.2307E-01 8.2055E-02 3.0009E-02 9.4551E-03 1.3089E-03 0
 0 6.3083E-04 3.1524E-03 9.3591E-03 2.8460E-02 4.1153E-02 5.9238E-02 7.6889E-02 7.9913E-02 8.3546E-02 9.4643E-02 1.0849E-01 1.2430E-01 1.2965E-01 1.1926E-01 1.2196E-01 3.0575E-05 1.0828E-01 1.2610E-01 1.2299E-01 8.0986E-02 2.8988E-02 9.5912E-03 1.3426E-03 0
 0 6.0566E-04 3.3695E-03 8.9226E-03 2.8165E-02 4.1535E-02 5.9969E-02 7.7040E-02 8.1943E-02 8.4054E-02 9.3382E-02 1.0772E-01 1.2196E-01 1.3106E-01 1.1862E-01 1.2374E-01 6.4971E-05 1.1140E-01 1.2783E-01 1.2286E-01 8.0595E-02 2.9108E-02 9.2283E-03 1.3331E-03 0
 0 6.1398E-04 3.1517E-03 9.0938E-03 2.6947E-02 3.9899E-02 5.8972E-02 7.8007E-02 8.0969E-02 8.2728E-02 9.3265E-02 1.0719E-01 1.2417E-01 1.2895E-01 1.2175E-01 1.2708E-01 1.2994E-04 1.1328E-01 1.2515E-01 1.2301E-01 7.8553E-02 2.8337E-02 9.0355E-03 1.3363E-03 0
 0 5.7320E-04 3.0324E-03 9.2278E-03 2.7002E-02 4.0297E-02 5.9036E-02 7.7334E-02 8.0429E-02 8.2519E-02 9.2824E-02 1.0612E-01 1.2309E-01 1.3351E-01 1.2237E-01 1.3161E-01 1.6434E-04 1.1367E-01 1.2827E-01 1.2426E-01 7.9238E-02 2.8636E-02 8.8478E-03 1.3069E-03 0
 0 5.8215E-04 3.0124E-03 8.9934E-03 2.6197E-02 3.9473E-02 5.8337E-02 7.5776E-02 7.9919E-02 8.3675E-02 9.4697E-02 1.0752E-01 1.2493E-01 1.3275E-01 1.2466E-01 1.3123E-01 2.6753E-04 1.1458E-01 1.2840E-01 1.2370E-01 7.7626E-02 2.8517E-02 8.9511E-03 1.3001E-03 0
 0 5.8152E-04 3.0332E-03 8.7964E-03 2.6473E-02 3.9878E-02 5.8326E-02 7.7420E-02 7.9671E-02 8.3057E-02 9.4196E-02 1.0689E-01 1.2504E-01 1.3236E-01 1.2577E-01 1.3282E-01 3.4396E-04 1.1731E-01 1.2967E-01 1.2620E-01 7.8198E-02 2.7672E-02 8.9310E-03 1.2612E-03 0
 0 5.7570E-04 2.9489E-03 8.6676E-03 2.5688E-02 3.8684E-02 5.7311E-02 7.6718E-02 7.9032E-02 8.2465E-02 9.2457E-02 1.0765E-01 1.2584E-01 1.3331E-01 1.2864E-01 1.3629E-01 4.6626E-04 1.2109E-01 1.3076E-01 1.2677E-01 7.5931E-02 2.7287E-02 8.4837E-03 1.1540E-03 0
 0 5.8423E-04 2.9568E-03 8.4783E-03 2.6271E-02 3.8686E-02 5.7263E-02 7.6244E-02 7.7850E-02 8.2295E-02 9.4468E-02 1.0686E-01 1.2610E-01 1.3412E-01 1.2926E-01 1.3568E-01 6.3825E-04 1.2048E-01 1.3338E-01 1.2502E-01 7.6903E-02 2.7061E-02 8.2216E-03 1.2366E-03 0
 0 5.5863E-04 2.8525E-03 8.2774E-03 2.5556E-02 3.8653E-02 5.6067E-02 7.5616E-02 7.8772E-02 8.2806E-02 9.3686E-02 1.0838E-01 1.2605E-01 1.3438E-01 1.2947E-01 1.3747E-01 7.2233E-04 1.2340E-01 1.3319E-01 1.2624E-01 7.5742E-02 2.7005E-02 8.2455E-03 1.2128E-03 0
 0 5.7133E-04 2.8225E-03 8.0933E-03 2.5634E-02 3.7948E-02 5.6237E-02 7.5941E-02 7.7451E-02 8.1799E-02 9.3376E-02 1.0667E-01 1.2551E-01 1.3585E-01 1.3049E-01 1.4122E-01 1.0510E-03 1.2505E-01 1.3266E-01 1.2507E-01 7.5481E-02 2.6225E-02 8.2291E-03 1.2005E-03 0
 0 5.5135E-04 2.7740E-03 8.2233E-03 2.4979E-02 3.7908E-02 5.5722E-02 7.6292E-02 7.8340E-02 8.1211E-02 9.4152E-02 1.0736E-01 1.2834E-01 1.3906E-01 1.3084E-01 1.4347E-01 1.0548E-03 1.2581E-01 1.3344E-01 1.2670E-01 7.6189E-02 2.7472E-02 8.0439E-03 1.1854E-03 0
 0 5.4407E-04 2.7840E-03 8.0379E-03 2.4717E-02 3.7987E-02 5.5578E-02 7.5334E-02 7.6313E-02 8.1644E-02 9.4703E-02 1.0817E-01 1.2610E-01 1.3737E-01 1.3506E-01 1.4657E-01 1.4408E-03 1.2513E-01 1.3513E-01 1.2539E-01 7.6337E-02 2.6155E-02 7.8776E-03 1.1206E-03 0
 0 5.1515E-04 2.7126E-03 7.9851E-03 2.4427E-02 3.6584E-02 5.4302E-02 7.4980E-02 7.7439E-02 8.0730E-02 9.4925E-02 1.0747E-01 1.2837E-01 1.3976E-01 1.3514E-01 1.4760E-01 1.7542E-03 1.2770E-01 1.3552E-01 1.2578E-01 7.5594E-02 2.5571E-02 7.9041E-03 1.1655E-03 0
 0 5.0121E-04 2.6162E-03 8.2040E-03 2.4095E-02 3.5902E-02 5.4246E-02 7.3927E-02 7.6500E-02 8.1797E-02 9.2843E-02 1.0845E-01 1.2769E-01 1.3986E-01 1.3642E-01 1.4905E-01 2.4078E-03 1.2870E-01 1.3767E-01 1.2357E-01 7.4595E-02 2.5551E-02 7.4467E-03 1.0329E-03 0
 0 5.0787E-04 2.6554E-03 7.7933E-03 2.4275E-02 3.6733E-02 5.4374E-02 7.6335E-02 7.5747E-02 8.0014E-02 9.3300E-02 1.0727E-01 1.2766E-01 1.3814E-01 1.3846E-01 1.5162E-01 2.9466E-03 1.3316E-01 1.3642E-01 1.2393E-01 7.4394E-02 2.4747E-02 7.5840E-03 1.1210E-03 0
 0 4.9206E-04 2.5419E-03 7.9091E-03 2.3481E-02 3.5741E-02 5.4289E-02 7.4284E-02 7.6561E-02 8.0214E-02 9.2498E-02 1.0996E-01 1.2929E-01 1.3790E-01 1.3901E-01 1.5053E-01 3.6346E-03 1.3272E-01 1.3715E-01 1.2496E-01 7.2687E-02 2.5028E-02 7.5286E-03 1.0372E-03 0
 0 5.0142E-04 2.4784E-03 7.7031E-03 2.3096E-02 3.5923E-02 5.3896E-02 7.5468E-02 7.5782E-02 8.0993E-02 9.3464E-02 1.0926E-01 1.2760E-01 1.4167E-01 1.3979E-01 1.5487E-01 4.2766E-03 1.3267E-01 1.3834E-01 1.2449E-01 7.2708E-02 2.4939E-02 7.4630E-03 1.0472E-03 0
 0 4.7791E-04 2.3870E-03 7.4340E-03 2.2855E-02 3.4849E-02 5.2442E-02 7.4101E-02 7.4142E-02 7.9611E-02 9.3170E-02 1.0563E-01 1.2908E-01 1.3913E-01 1.4068E-01 1.5521E-01 5.3314E-03 1.3478E-01 1.3797E-01 1.2519E-01 7.1884E-02 2.3655E-02 7.4189E-03 1.0047E-03 0
 0 4.8644E-04 2.4419E-03 7.3657E-03 2.2848E-02 3.4810E-02 5.3072E-02 7.4655E-02 7.5543E-02 7.9097E-02 9.1750E-02 1.0865E-01 1.2906E-01 1.4019E-01 1.4130E-01 1.5726E-01 6.2258E-03 1.3615E-01 1.3780E-01 1.2507E-01 7.1626E-02 2.4502E-02 7.2602E-03 1.0277E-03 0
 0 4.7853E-04 2.4855E-03 7.3245E-03 2.2075E-02 3.4624E-02 5.2489E-02 7.3830E-02 7.4032E-02 7.9512E-02 9.3629E-02 1.0752E-01 1.2850E-01 1.4248E-01 1.4368E-01 1.5813E-01 7.9647E-03 1.3984E-01 1.4187E-01 1.2484E-01 7.1771E-02 2.4965E-02 7.1279E-03 1.0051E-03 0
 0 4.4275E-04 2.3734E-03 7.3039E-03 2.1977E-02 3.4081E-02 5.1875E-02 7.3938E-02 7.4554E-02 7.8571E-02 9.3851E-02 1.0730E-01 1.2912E-01 1.4113E-01 1.4632E-01 1.6224E-01 8.9087E-03 1.4146E-01 1.3983E-01 1.2627E-01 7.0497E-02 2.3759E-02 7.1191E-03 9.6775E-04 0
 0 4.7479E-04 2.3006E-03 7.3735E-03 2.1828E-02 3.4551E-02 5.1331E-02 7.2877E-02 7.2978E-02 7.8548E-02 9.0553E-02 1.0750E-01 1.2912E-01 1.4480E-01 1.4509E-01 1.6325E-01 1.0575E-02 1.4568E-01 1.4074E-01 1.2321E-01 7.0053E-02 2.3911E-02 6.8885E-03 9.8959E-04 0
 0 4.6230E-04 2.2513E-03 7.2202E-03 2.1789E-02 3.4258E-02 5.2492E-02 7.2885E-02 7.3781E-02 7.7864E-02 9.2191E-02 1.0657E-01 1.2924E-01 1.4338E-01 1.4539E-01 1.6534E-01 1.3388E-02 1.4135E-01 1.4166E-01 1.2363E-01 6.9460E-02 2.2964E-02 6.7574E-03 9.6378E-04 0
 0 4.3505E-04 2.1785E-03 7.1275E-03 2.1424E-02 3.3169E-02 5.0897E-02 7.2474E-02 7.2681E-02 7.8598E-02 9.2397E-02 1.0692E-01 1.2961E-01 1.4242E-01 1.4678E-01 1.6851E-01 1.5872E-02 1.4732E-01 1.4503E-01 1.2520E-01 6.9419E-02 2.2838E-02 6.7776E-03 9.4551E-04 0
 0 4.3130E-04 2.1549E-03 6.8893E-03 2.1116E-02 3.3045E-02 5.1075E-02 7.3125E-02 7.2307E-02 7.7810E-02 9.1807E-02 1.0776E-01 1.3227E-01 1.4353E-01 1.4932E-01 1.7105E-01 1.8662E-02 1.4980E-01 1.4322E-01 1.2467E-01 6.9025E-02 2.2240E-02 6.7713E-03 9.0342E-04 0
 0 4.5273E-04 2.1706E-03 6.9150E-03 2.0737E-02 3.3304E-02 5.0772E-02 7.1944E-02 7.1044E-02 7.7903E-02 9.1019E-02 1.0591E-01 1.3157E-01 1.4462E-01 1.4967E-01 1.7282E-01 2.2488E-02 1.4840E-01 1.4323E-01 1.2500E-01 7.0041E-02 2.3001E-02 6.5117E-03 9.2407E-04 0
 0 4.1820E-04 2.1663E-03 6.5802E-03 2.0624E-02 3.2514E-02 5.0100E-02 7.1373E-02 7.0499E-02 7.7195E-02 9.1877E-02 1.0585E-01 1.3062E-01 1.4444E-01 1.5309E-01 1.7226E-01 2.5247E-02 1.5184E-01 1.4609E-01 1.2555E-01 6.8800E-02 2.2545E-02 6.2963E-03 9.3797E-04 0
 0 4.1653E-04 2.0464E-03 6.7257E-03 2.0781E-02 3.2615E-02 5.0501E-02 7.2118E-02 7.1508E-02 7.7219E-02 9.1697E-02 1.0586E-01 1.2828E-01 1.4560E-01 1.5446E-01 1.7480E-01 2.9153E-02 1.4992E-01 1.4410E-01 1.2558E-01 6.8204E-02 2.1769E-02 6.5256E-03 8.7562E-04 0
 0 3.9822E-04 2.0093E-03 6.4579E-03 1.9991E-02 3.2291E-02 4.8877E-02 7.1076E-02 7.0542E-02 7.6971E-02 9.0483E-02 1.0635E-01 1.3134E-01 1.4653E-01 1.5411E-01 1.7527E-01 3.3563E-02 1.5291E-01 1.4721E-01 1.2432E-01 6.8142E-02 2.1984E-02 6.2005E-03 8.8674E-04 0
 0 4.1445E-04 1.9907E-03 6.3742E-03 1.9430E-02 3.1367E-02 4.8731E-02 7.1578E-02 6.9326E-02 7.6263E-02 9.1988E-02 1.0578E-01 1.3090E-01 1.4907E-01 1.5531E-01 1.7591E-01 3.8218E-02 1.5444E-01 1.4605E-01 1.2659E-01 6.7061E-02 2.1947E-02 6.2219E-03 8.7920E-04 0
 0 4.1383E-04 1.9578E-03 6.5300E-03 1.9525E-02 3.1714E-02 4.8984E-02 7.0491E-02 6.8247E-02 7.6630E-02 8.9764E-02 1.0598E-01 1.3036E-01 1.4853E-01 1.5740E-01 1.7893E-01 4.4929E-02 1.5766E-01 1.4754E-01 1.2544E-01 6.7428E-02 2.1865E-02 6.2560E-03 8.7840E-04 0
 0 3.9406E-04 1.8700E-03 6.5635E-03 1.9523E-02 3.1944E-02 4.7867E-02 6.9761E-02 6.9285E-02 7.5176E-02 9.1133E-02 1.0553E-01 1.2832E-01 1.4720E-01 1.5821E-01 1.8260E-01 5.0005E-02 1.6109E-01 1.4912E-01 1.2222E-01 6.5920E-02 2.0948E-02 5.9044E-03 8.0295E-04 0
 0 3.8886E-04 1.8443E-03 6.4090E-03 1.8908E-02 3.1085E-02 4.8479E-02 7.0700E-02 6.9376E-02 7.7126E-02 9.1123E-02 1.0540E-01 1.3155E-01 1.4917E-01 1.5654E-01 1.8341E-01 5.8088E-02 1.5896E-01 1.4811E-01 1.2293E-01 6.5573E-02 2.0863E-02 5.8402E-03 8.0653E-04 0
 0 3.4517E-04 1.8443E-03 6.3639E-03 1.8788E-02 3.1560E-02 4.7724E-02 7.0426E-02 6.8215E-02 7.6114E-02 9.2571E-02 1.0456E-01 1.3153E-01 1.4783E-01 1.5964E-01 1.8451E-01 6.5701E-02 1.5949E-01 1.5029E-01 1.2498E-01 6.5123E-02 2.0817E-02 5.9309E-03 7.9858E-04 0
 0 3.8449E-04 1.9057E-03 6.4102E-03 1.8498E-02 3.0394E-02 4.7772E-02 7.0143E-02 6.6686E-02 7.4767E-02 9.1652E-02 1.0423E-01 1.3128E-01 1.4885E-01 1.6111E-01 1.8500E-01 7.3456E-02 1.6271E-01 1.5175E-01 1.2544E-01 6.4797E-02 2.0420E-02 5.6184E-03 7.9183E-04 0
 0 3.6868E-04 1.8065E-03 6.2416E-03 1.8377E-02 2.9851E-02 4.7009E-02 6.9367E-02 6.8165E-02 7.5346E-02 9.0730E-02 1.0428E-01 1.2891E-01 1.4848E-01 1.6038E-01 1.8779E-01 8.0843E-02 1.6338E-01 1.4973E-01 1.2331E-01 6.3668E-02 2.0200E-02 5.7066E-03 8.0375E-04 0
 0 3.5162E-04 1.7815E-03 5.7522E-03 1.7865E-02 3.0261E-02 4.6948E-02 6.7190E-02 6.7587E-02 7.3250E-02 8.9938E-02 1.0368E-01 1.3075E-01 1.5017E-01 1.6389E-01 1.8712E-01 9.1281E-02 1.6691E-01 1.5160E-01 1.2347E-01 6.3064E-02 2.0187E-02 5.5251E-03 7.8151E-04 0
 0 3.8553E-04 1.7144E-03 5.9570E-03 1.7960E-02 2.9067E-02 4.5749E-02 6.7552E-02 6.7059E-02 7.5015E-02 8.9549E-02 1.0311E-01 1.3060E-01 1.5075E-01 1.6532E-01 1.8832E-01 1.0205E-01 1.6998E-01 1.5247E-01 1.2258E-01 6.4219E-02 1.9922E-02 5.4080E-03 7.6046E-04 0
 0 3.6743E-04 1.7122E-03 5.9312E-03 1.7202E-02 2.8983E-02 4.6929E-02 6.9033E-02 6.6628E-02 7.3707E-02 8.8706E-02 1.0428E-01 1.3051E-01 1.5084E-01 1.6563E-01 1.9315E-01 1.1352E-01 1.7078E-01 1.5141E-01 1.2226E-01 6.1763E-02 1.9312E-02 5.3223E-03 7.5848E-04 0
 0 3.4371E-04 1.6672E-03 5.7947E-03 1.7403E-02 2.8925E-02 4.5496E-02 6.8285E-02 6.5551E-02 7.2581E-02 8.9213E-02 1.0483E-01 1.3169E-01 1.4984E-01 1.6568E-01 1.9061E-01 1.2536E-01 1.7119E-01 1.5121E-01 1.2273E-01 6.3790E-02 1.9514E-02 5.2983E-03 7.4180E-04 0
 0 3.5079E-04 1.7072E-03 5.9196E-03 1.7518E-02 2.9030E-02 4.5015E-02 6.8442E-02 6.5230E-02 7.2793E-02 9.0116E-02 1.0288E-01 1.3042E-01 1.5248E-01 1.6963E-01 1.9457E-01 1.3632E-01 1.7511E-01 1.5110E-01 1.2182E-01 6.2027E-02 1.9479E-02 5.1131E-03 7.2472E-04 0
 0 3.3393E-04 1.6494E-03 5.5707E-03 1.6992E-02 2.9104E-02 4.5589E-02 6.8765E-02 6.5186E-02 7.2483E-02 8.9032E-02 1.0318E-01 1.3143E-01 1.5175E-01 1.6921E-01 1.9582E-01 1.5021E-01 1.7517E-01 1.5217E-01 1.2270E-01 6.1434E-02 1.9379E-02 5.1333E-03 7.3505E-04 0
 0 3.5432E-04 1.6501E-03 5.5745E-03 1.7035E-02 2.8438E-02 4.4691E-02 6.7130E-02 6.4597E-02 7.2029E-02 8.9165E-02 1.0475E-01 1.3079E-01 1.5175E-01 1.6634E-01 1.9722E-01 1.6552E-01 1.7450E-01 1.5311E-01 1.2219E-01 6.2234E-02 1.8682E-02 5.0337E-03 6.7111E-04 0
 0 3.1916E-04 1.6358E-03 5.4625E-03 1.6084E-02 2.8247E-02 4.4114E-02 6.5475E-02 6.4588E-02 7.1438E-02 8.9362E-02 1.0492E-01 1.3091E-01 1.5134E-01 1.7096E-01 1.9743E-01 1.8075E-01 1.7552E-01 1.5275E-01 1.2251E-01 5.9796E-02 1.8951E-02 5.1358E-03 7.3544E-04 0
 0 3.4766E-04 1.5823E-03 5.6994E-03 1.6380E-02 2.7838E-02 4.3692E-02 6.7392E-02 6.4276E-02 7.2121E-02 8.6523E-02 1.0400E-01 1.3012E-01 1.5233E-01 1.7158E-01 2.0047E-01 1.9496E-01 1.7759E-01 1.5350E-01 1.2059E-01 5.9725E-02 1.8234E-02 4.9707E-03 6.6555E-04 0
 0 3.2873E-04 1.4994E-03 5.4663E-03 1.6261E-02 2.7765E-02 4.2166E-02 6.6625E-02 6.3938E-02 7.1175E-02 8.7952E-02 1.0255E-01 1.3035E-01 1.5353E-01 1.7301E-01 1.9951E-01 2.1077E-01 1.7777E-01 1.5411E-01 1.1948E-01 5.9025E-02 1.8843E-02 4.9418E-03 6.5007E-04 0
 0 3.3893E-04 1.5430E-03 5.5977E-03 1.6233E-02 2.6902E-02 4.3245E-02 6.5854E-02 6.3013E-02 7.0852E-02 8.6900E-02 1.0328E-01 1.3106E-01 1.5268E-01 1.7170E-01 2.0239E-01 2.2742E-01 1.8075E-01 1.5383E-01 1.1914E-01 5.9624E-02 1.8315E-02 4.7628E-03 6.4927E-04 0
 0 3.1500E-04 1.4609E-03 5.2758E-03 1.5771E-02 2.6962E-02 4.3689E-02 6.3651E-02 6.1852E-02 7.1488E-02 8.7366E-02 1.0275E-01 1.2735E-01 1.5198E-01 1.7339E-01 2.0289E-01 2.4352E-01 1.8287E-01 1.5563E-01 1.2154E-01 5.7760E-02 1.8126E-02 4.7250E-03 6.6238E-04 0
 0 3.0584E-04 1.5201E-03 5.2719E-03 1.5711E-02 2.6806E-02 4.1408E-02 6.4898E-02 6.1642E-02 7.0670E-02 8.6571E-02 1.0124E-01 1.3021E-01 1.5169E-01 1.7570E-01 2.0514E-01 2.6055E-01 1.8144E-01 1.5577E-01 1.2003E-01 5.8720E-02 1.8145E-02 4.6759E-03 6.1830E-04 0
 0 3.1666E-04 1.4302E-03 5.1805E-03 1.5455E-02 2.6862E-02 4.1868E-02 6.3917E-02 6.0096E-02 6.9419E-02 8.8510E-02 1.0039E-01 1.2748E-01 1.5289E-01 1.7285E-01 2.0563E-01 2.7936E-01 1.8582E-01 1.5602E-01 1.1869E-01 5.6744E-02 1.7717E-02 4.5890E-03 6.6794E-04 0
 0 3.1791E-04 1.4209E-03 5.0594E-03 1.4932E-02 2.6578E-02 4.1648E-02 6.3717E-02 6.2357E-02 6.8920E-02 8.5994E-02 1.0057E-01 1.2800E-01 1.5280E-01 1.7371E-01 2.0682E-01 2.9462E-01 1.8509E-01 1.5717E-01 1.1906E-01 5.6566E-02 1.7728E-02 4.6646E-03 6.2147E-04 0
 0 3.1001E-04 1.4159E-03 5.0903E-03 1.4913E-02 2.5871E-02 4.2014E-02 6.4005E-02 6.0790E-02 6.8896E-02 8.5589E-02 1.0187E-01 1.3011E-01 1.5312E-01 1.7844E-01 2.0792E-01 3.1590E-01 1.8456E-01 1.5565E-01 1.1826E-01 5.7334E-02 1.6978E-02 4.6142E-03 6.1989E-04 0
 0 2.9315E-04 1.2445E-03 4.9860E-03 1.4724E-02 2.5708E-02 4.1749E-02 6.3677E-02 6.0198E-02 6.7750E-02 8.5836E-02 1.0118E-01 1.3092E-01 1.5377E-01 1.7792E-01 2.0841E-01 3.3164E-01 1.8863E-01 1.5612E-01 1.1796E-01 5.6729E-02 1.7361E-02 4.5423E-03 5.8772E-04 0
 0 3.0002E-04 1.3431E-03 4.8869E-03 1.4640E-02 2.5195E-02 4.0449E-02 6.3106E-02 5.9822E-02 6.7860E-02 8.5652E-02 1.0200E-01 1.3063E-01 1.5484E-01 1.7989E-01 2.1003E-01 3.4939E-01 1.8870E-01 1.5681E-01 1.1741E-01 5.5663E-02 1.7313E-02 4.5134E-03 5.8256E-04 0
 0 2.9274E-04 1.3681E-03 4.9732E-03 1.4247E-02 2.5708E-02 3.9686E-02 6.2436E-02 5.9197E-02 6.7582E-02 8.5285E-02 9.9058E-02 1.2730E-01 1.5424E-01 1.7857E-01 2.1045E-01 3.6911E-01 1.9133E-01 1.5892E-01 1.1708E-01 5.5174E-02 1.6564E-02 4.4604E-03 5.9566E-04 0
 0 2.7817E-04 1.3138E-03 4.8598E-03 1.4640E-02 2.5007E-02 4.0664E-02 6.1594E-02 5.8567E-02 6.7421E-02 8.4179E-02 9.9317E-02 1.2903E-01 1.5256E-01 1.8120E-01 2.0848E-01 3.9062E-01 1.9181E-01 1.5740E-01 1.1648E-01 5.5132E-02 1.6548E-02 4.2349E-03 5.7819E-04 0
 0 2.7568E-04 1.2681E-03 4.7517E-03 1.4139E-02 2.5503E-02 3.9375E-02 6.2467E-02 5.8672E-02 6.7741E-02 8.4959E-02 9.9262E-02 1.2682E-01 1.5347E-01 1.8110E-01 2.1360E-01 4.0188E-01 1.9351E-01 1.5781E-01 1.1650E-01 5.5263E-02 1.6468E-02 4.2941E-03 5.9804E-04 0
 0 2.8504E-04 1.2631E-03 4.6255E-03 1.3684E-02 2.5056E-02 3.9176E-02 6.1879E-02 5.9571E-02 6.6621E-02 8.5326E-02 9.8548E-02 1.2943E-01 1.5208E-01 1.8025E-01 2.1450E-01 4.2293E-01 1.9302E-01 1.5877E-01 1.1523E-01 5.5491E-02 1.6501E-02 4.1580E-03 5.3252E-04 0
 0 2.6631E-04 1.2460E-03 4.7555E-03 1.3779E-02 2.4921E-02 3.9370E-02 6.1537E-02 5.8529E-02 6.6630E-02 8.3736E-02 9.9157E-02 1.2730E-01 1.5479E-01 1.8213E-01 2.1344E-01 4.4334E-01 1.9176E-01 1.5919E-01 1.1546E-01 5.4901E-02 1.6229E-02 3.9401E-03 5.6826E-04 0
 0 2.4842E-04 1.2403E-03 4.6371E-03 1.3614E-02 2.4620E-02 3.8764E-02 6.0450E-02 5.6916E-02 6.5498E-02 8.4442E-02 9.7930E-02 1.2879E-01 1.5372E-01 1.7976E-01 2.1421E-01 4.5768E-01 1.9641E-01 1.5810E-01 1.1511E-01 5.2691E-02 1.6125E-02 3.7989E-03 5.6667E-04 0
 0 2.4592E-04 1.2174E-03 4.7092E-03 1.3019E-02 2.4462E-02 3.8886E-02 6.0786E-02 5.6691E-02 6.4820E-02 8.2953E-02 9.7423E-02 1.2844E-01 1.5333E-01 1.8451E-01 2.1432E-01 4.7390E-01 1.9716E-01 1.5793E-01 1.1523E-01 5.4039E-02 1.5803E-02 3.9791E-03 5.0949E-04 0
 0 2.6756E-04 1.1610E-03 4.6177E-03 1.2964E-02 2.3722E-02 3.8128E-02 6.1109E-02 5.6125E-02 6.4142E-02 8.2956E-02 9.6508E-02 1.2731E-01 1.5422E-01 1.8337E-01 2.1561E-01 4.9100E-01 1.9977E-01 1.5712E-01 1.1250E-01 5.2960E-02 1.5379E-02 4.1076E-03 5.2537E-04 0
 0 2.5009E-04 1.1867E-03 4.1941E-03 1.2886E-02 2.4076E-02 3.8142E-02 6.0538E-02 5.6896E-02 6.3357E-02 8.2709E-02 9.5043E-02 1.2566E-01 1.5200E-01 1.8326E-01 2.1683E-01 5.1070E-01 1.9833E-01 1.5789E-01 1.1370E-01 5.2297E-02 1.5677E-02 3.7926E-03 4.8606E-04 0
 0 2.5425E-04 1.1539E-03 4.4362E-03 1.2750E-02 2.3428E-02 3.7097E-02 5.8900E-02 5.6942E-02 6.4531E-02 8.3562E-02 9.6913E-02 1.2636E-01 1.5401E-01 1.8583E-01 2.1584E-01 5.2173E-01 2.0050E-01 1.5855E-01 1.1189E-01 5.1251E-02 1.5492E-02 3.8317E-03 5.3133E-04 0
 0 2.6527E-04 1.0982E-03 4.2507E-03 1.2591E-02 2.3373E-02 3.6709E-02 5.8803E-02 5.5119E-02 6.4638E-02 8.0825E-02 9.6910E-02 1.2721E-01 1.5440E-01 1.8208E-01 2.1850E-01 5.3856E-01 2.0171E-01 1.5847E-01 1.1285E-01 5.1695E-02 1.5030E-02 3.8141E-03 5.1425E-04 0
 0 2.5841E-04 1.0974E-03 4.3113E-03 1.2555E-02 2.3091E-02 3.6762E-02 5.9228E-02 5.5717E-02 6.3921E-02 8.2896E-02 9.6770E-02 1.2682E-01 1.5332E-01 1.8638E-01 2.1657E-01 5.5266E-01 2.0205E-01 1.5911E-01 1.1283E-01 5.0940E-02 1.4884E-02 3.6918E-03 5.3054E-04 0
 0 2.4280E-04 1.1174E-03 4.4658E-03 1.2329E-02 2.2590E-02 3.6903E-02 5.8110E-02 5.5355E-02 6.2655E-02 8.0964E-02 9.6304E-02 1.2749E-01 1.5499E-01 1.8487E-01 2.2160E-01 5.6073E-01 2.0195E-01 1.5926E-01 1.1256E-01 5.0466E-02 1.4869E-02 3.7044E-03 4.9281E-04 0
 0 2.2470E-04 1.0660E-03 4.2971E-03 1.2134E-02 2.2665E-02 3.6720E-02 5.8221E-02 5.3969E-02 6.2670E-02 8.0970E-02 9.5284E-02 1.2433E-01 1.5340E-01 1.8691E-01 2.2263E-01 5.7702E-01 2.0424E-01 1.5918E-01 1.0930E-01 4.9850E-02 1.4578E-02 3.5028E-03 4.8407E-04 0
 0 2.4904E-04 9.8106E-04 4.2430E-03 1.2145E-02 2.2700E-02 3.6063E-02 5.8047E-02 5.3299E-02 6.2721E-02 8.0007E-02 9.4465E-02 1.2348E-01 1.5449E-01 1.8483E-01 2.2211E-01 5.8578E-01 2.0404E-01 1.5805E-01 1.0973E-01 4.9479E-02 1.4569E-02 3.5595E-03 4.4992E-04 0
 0 2.3552E-04 1.0460E-03 4.1181E-03 1.1876E-02 2.2034E-02 3.6209E-02 5.6706E-02 5.3955E-02 6.2419E-02 8.0625E-02 9.6046E-02 1.2390E-01 1.5284E-01 1.8769E-01 2.2065E-01 5.9663E-01 2.0451E-01 1.5726E-01 1.1044E-01 5.0128E-02 1.4254E-02 3.5343E-03 4.3920E-04 0
 0 2.2387E-04 1.0368E-03 3.9211E-03 1.1620E-02 2.2609E-02 3.4724E-02 5.6968E-02 5.3386E-02 6.1777E-02 7.9919E-02 9.3700E-02 1.2325E-01 1.5143E-01 1.8787E-01 2.1962E-01 6.0824E-01 2.0522E-01 1.5749E-01 1.1011E-01 4.8759E-02 1.4669E-02 3.7170E-03 4.9956E-04 0
 0 2.2782E-04 1.0061E-03 4.0421E-03 1.1527E-02 2.1650E-02 3.5471E-02 5.7468E-02 5.2575E-02 6.0923E-02 7.9611E-02 9.3795E-02 1.2442E-01 1.5434E-01 1.8889E-01 2.2286E-01 6.1499E-01 2.0727E-01 1.5862E-01 1.0983E-01 4.8152E-02 1.3848E-02 3.2470E-03 4.5747E-04 0
 0 2.2866E-04 1.0310E-03 3.9893E-03 1.1332E-02 2.1175E-02 3.5069E-02 5.5439E-02 5.1959E-02 6.0759E-02 7.8366E-02 9.3598E-02 1.2188E-01 1.5292E-01 1.8838E-01 2.1897E-01 6.2487E-01 2.0927E-01 1.5640E-01 1.0793E-01 4.9204E-02 1.4013E-02 3.3415E-03 4.2451E-04 0
 0 2.3448E-04 9.8820E-04 3.9159E-03 1.1454E-02 2.1215E-02 3.4931E-02 5.6218E-02 5.1741E-02 6.1192E-02 7.8474E-02 9.2218E-02 1.2351E-01 1.5298E-01 1.9247E-01 2.2221E-01 6.3366E-01 2.0623E-01 1.5787E-01 1.1039E-01 4.7293E-02 1.4026E-02 3.3882E-03 4.0902E-04 0
 0 2.1326E-04 9.4108E-04 3.7936E-03 1.1297E-02 2.1485E-02 3.4543E-02 5.5259E-02 5.1090E-02 5.9750E-02 7.7014E-02 9.1823E-02 1.2212E-01 1.5157E-01 1.8880E-01 2.2092E-01 6.3043E-01 2.0600E-01 1.5827E-01 1.0662E-01 4.7503E-02 1.4228E-02 3.4991E-03 4.1657E-04 0
 0 2.0847E-04 9.4965E-04 3.8722E-03 1.0781E-02 2.0262E-02 3.3807E-02 5.5088E-02 5.1143E-02 5.9505E-02 7.8369E-02 9.2496E-02 1.2169E-01 1.5190E-01 1.9000E-01 2.2137E-01 6.3953E-01 2.1048E-01 1.5825E-01 1.0619E-01 4.7059E-02 1.3807E-02 3.1072E-03 4.2570E-04 0
 0 2.1201E-04 8.8824E-04 3.7859E-03 1.1094E-02 2.0682E-02 3.3286E-02 5.4175E-02 5.1957E-02 5.8875E-02 7.6478E-02 9.1422E-02 1.2336E-01 1.5184E-01 1.9052E-01 2.2002E-01 6.4309E-01 2.0743E-01 1.5776E-01 1.0542E-01 4.6522E-02 1.3585E-02 3.2647E-03 4.3722E-04 0
 0 2.1430E-04 8.4683E-04 3.5889E-03 1.0688E-02 2.0235E-02 3.3118E-02 5.5002E-02 5.0113E-02 5.7657E-02 7.6244E-02 9.0497E-02 1.2196E-01 1.5140E-01 1.8980E-01 2.2136E-01 6.3943E-01 2.0841E-01 1.5769E-01 1.0596E-01 4.6128E-02 1.3772E-02 3.1563E-03 4.3324E-04 0
 0 2.3053E-04 9.0895E-04 3.7369E-03 1.0413E-02 2.0293E-02 3.2887E-02 5.4212E-02 4.9588E-02 5.8511E-02 7.5661E-02 9.0790E-02 1.2137E-01 1.5182E-01 1.9059E-01 2.2369E-01 6.4543E-01 2.0997E-01 1.5503E-01 1.0508E-01 4.4777E-02 1.3487E-02 3.1651E-03 4.1021E-04 0
 0 1.8434E-04 8.4397E-04 3.6288E-03 1.0131E-02 1.9827E-02 3.3435E-02 5.3875E-02 5.0483E-02 5.7874E-02 7.6336E-02 8.9746E-02 1.1843E-01 1.5096E-01 1.8998E-01 2.2198E-01 6.4571E-01 2.1130E-01 1.5655E-01 1.0295E-01 4.4632E-02 1.3246E-02 3.1563E-03 4.1180E-04 0
 0 1.9162E-04 8.4397E-04 3.7872E-03 1.0474E-02 2.0137E-02 3.3339E-02 5.3650E-02 5.0375E-02 5.7418E-02 7.5626E-02 9.0297E-02 1.2098E-01 1.4978E-01 1.8975E-01 2.2028E-01 6.3742E-01 2.0990E-01 1.5844E-01 1.0358E-01 4.4753E-02 1.2536E-02 3.0316E-03 3.9234E-04 0
 0 2.0410E-04 8.5040E-04 3.5837E-03 9.9396E-03 1.9541E-02 3.3206E-02 5.3884E-02 4.9112E-02 5.6850E-02 7.4647E-02 9.0854E-02 1.1972E-01 1.4937E-01 1.9019E-01 2.1815E-01 6.4215E-01 2.1256E-01 1.5659E-01 1.0323E-01 4.5242E-02 1.3368E-02 2.9434E-03 3.9989E-04 0
 0 2.0743E-04 8.5468E-04 3.6700E-03 9.9154E-03 1.9431E-02 3.2613E-02 5.1364E-02 4.7595E-02 5.6125E-02 7.5179E-02 9.0038E-02 1.1897E-01 1.4958E-01 1.8818E-01 2.2313E-01 6.4081E-01 2.1015E-01 1.5658E-01 1.0234E-01 4.4057E-02 1.3020E-02 2.8098E-03 3.8083E-04 0
 0 1.8371E-04 8.2969E-04 3.5361E-03 9.6258E-03 1.9529E-02 3.1930E-02 5.2340E-02 4.8319E-02 5.6020E-02 7.4882E-02 8.6523E-02 1.1771E-01 1.4934E-01 1.9221E-01 2.2150E-01 6.3568E-01 2.1381E-01 1.5497E-01 1.0222E-01 4.3583E-02 1.2612E-02 2.8955E-03 3.6534E-04 0
 0 2.0306E-04 7.9970E-04 3.5335E-03 1.0014E-02 1.8896E-02 3.2329E-02 5.1738E-02 4.7983E-02 5.6116E-02 7.2626E-02 8.7495E-02 1.1694E-01 1.4830E-01 1.8976E-01 2.2369E-01 6.3709E-01 2.1346E-01 1.5506E-01 1.0181E-01 4.3565E-02 1.2329E-02 2.7657E-03 3.8996E-04 0
 0 1.6749E-04 7.8899E-04 3.4846E-03 9.7892E-03 1.9180E-02 3.0843E-02 5.1555E-02 4.7330E-02 5.5629E-02 7.4736E-02 8.5679E-02 1.1638E-01 1.4927E-01 1.8916E-01 2.2225E-01 6.2876E-01 2.1196E-01 1.5657E-01 1.0105E-01 4.2813E-02 1.2436E-02 2.8653E-03 3.8281E-04 0
 0 1.9620E-04 7.6900E-04 3.4897E-03 9.7558E-03 1.8873E-02 3.1226E-02 5.0679E-02 4.6075E-02 5.5551E-02 7.2268E-02 8.7271E-02 1.1652E-01 1.4960E-01 1.9014E-01 2.2248E-01 6.2091E-01 2.1204E-01 1.5451E-01 9.9477E-02 4.3444E-02 1.2190E-02 2.8249E-03 3.4628E-04 0
 0 1.7997E-04 7.7471E-04 3.3159E-03 9.2248E-03 1.8624E-02 3.1194E-02 5.0057E-02 4.6863E-02 5.5178E-02 7.1761E-02 8.6251E-02 1.1681E-01 1.4853E-01 1.8911E-01 2.1929E-01 6.1269E-01 2.1319E-01 1.5531E-01 9.9103E-02 4.1909E-02 1.2201E-02 2.6687E-03 3.5779E-04 0
 0 1.9786E-04 7.3187E-04 3.3429E-03 8.9556E-03 1.8540E-02 3.0168E-02 5.0870E-02 4.5506E-02 5.4981E-02 7.1809E-02 8.5567E-02 1.1641E-01 1.4682E-01 1.8844E-01 2.2102E-01 6.1071E-01 2.0796E-01 1.5457E-01 1.0025E-01 4.1728E-02 1.1899E-02 2.5452E-03 3.3635E-04 0
 0 1.9516E-04 7.5972E-04 3.3081E-03 9.2397E-03 1.7974E-02 2.9886E-02 4.9555E-02 4.6297E-02 5.4366E-02 7.2015E-02 8.4778E-02 1.1509E-01 1.4684E-01 1.8946E-01 2.1930E-01 6.0454E-01 2.1262E-01 1.5318E-01 9.8109E-02 4.1580E-02 1.2234E-02 2.7808E-03 3.5501E-04 0
 0 1.8039E-04 7.6971E-04 3.3815E-03 8.8480E-03 1.8184E-02 2.9857E-02 4.8636E-02 4.5612E-02 5.3834E-02 7.1885E-02 8.5588E-02 1.1371E-01 1.4702E-01 1.8773E-01 2.1915E-01 5.9391E-01 2.1356E-01 1.5491E-01 9.6947E-02 4.1568E-02 1.1721E-02 2.6788E-03 3.4310E-04 0
 0 1.7955E-04 7.2045E-04 3.3326E-03 9.2508E-03 1.7439E-02 3.0139E-02 4.9061E-02 4.4646E-02 5.3646E-02 7.0668E-02 8.5020E-02 1.1467E-01 1.4228E-01 1.8750E-01 2.1725E-01 5.8665E-01 2.1159E-01 1.5229E-01 9.7822E-02 4.0383E-02 1.1693E-02 2.5566E-03 3.4906E-04 0
 0 1.7248E-04 7.5829E-04 3.1446E-03 8.7923E-03 1.7916E-02 2.9320E-02 4.9823E-02 4.4518E-02 5.3004E-02 7.0599E-02 8.4775E-02 1.1504E-01 1.4397E-01 1.8802E-01 2.1857E-01 5.7611E-01 2.1233E-01 1.5537E-01 9.5557E-02 4.0250E-02 1.2042E-02 2.4709E-03 3.4747E-04 0
 0 1.7664E-04 6.9331E-04 3.2206E-03 8.7570E-03 1.7671E-02 2.8547E-02 4.8856E-02 4.4599E-02 5.2105E-02 6.9892E-02 8.3259E-02 1.1433E-01 1.4312E-01 1.8806E-01 2.1880E-01 5.6893E-01 2.1206E-01 1.5106E-01 9.5456E-02 3.9625E-02 1.1180E-02 2.4482E-03 3.5144E-04 0
 0 1.7643E-04 7.1259E-04 3.1433E-03 8.5918E-03 1.7581E-02 2.9607E-02 4.7965E-02 4.4459E-02 5.2523E-02 6.9658E-02 8.4731E-02 1.1341E-01 1.4300E-01 1.8782E-01 2.1776E-01 5.5718E-01 2.1356E-01 1.5277E-01 9.4962E-02 3.9729E-02 1.1523E-02 2.4469E-03 3.4985E-04 0
 0 1.5084E-04 6.4405E-04 3.0068E-03 8.1165E-03 1.7136E-02 2.8172E-02 4.7566E-02 4.3905E-02 5.1831E-02 6.9246E-02 8.3163E-02 1.1281E-01 1.4319E-01 1.8971E-01 2.1516E-01 5.4857E-01 2.1127E-01 1.5117E-01 9.4018E-02 3.9616E-02 1.1210E-02 2.4520E-03 3.1570E-04 0
 0 1.6915E-04 6.8189E-04 3.0905E-03 8.6085E-03 1.7299E-02 2.8164E-02 4.6818E-02 4.2438E-02 5.1006E-02 6.7947E-02 8.1321E-02 1.1191E-01 1.4285E-01 1.8675E-01 2.1639E-01 5.3642E-01 2.1245E-01 1.4953E-01 9.4318E-02 3.9889E-02 1.1310E-02 2.4419E-03 3.5501E-04 0
 0 1.6707E-04 6.2477E-04 3.1240E-03 8.3411E-03 1.6733E-02 2.8329E-02 4.8042E-02 4.1985E-02 5.0161E-02 6.7535E-02 8.1259E-02 1.1228E-01 1.4175E-01 1.8766E-01 2.1477E-01 5.2821E-01 2.1504E-01 1.5206E-01 9.4577E-02 3.8943E-02 1.1243E-02 2.3461E-03 3.2285E-04 0
 0 1.4730E-04 6.6904E-04 3.1394E-03 7.9179E-03 1.6889E-02 2.7430E-02 4.6202E-02 4.2172E-02 5.0054E-02 6.7428E-02 7.9869E-02 1.1061E-01 1.4142E-01 1.8680E-01 2.1486E-01 5.1396E-01 2.1152E-01 1.4946E-01 9.2303E-02 3.8093E-02 1.0843E-02 2.3398E-03 3.1252E-04 0
 0 1.6124E-04 6.5547E-04 3.0351E-03 8.0422E-03 1.6377E-02 2.7170E-02 4.6013E-02 4.2420E-02 5.0373E-02 6.6515E-02 7.9767E-02 1.1034E-01 1.4137E-01 1.8622E-01 2.1318E-01 5.0517E-01 2.1209E-01 1.4858E-01 9.3668E-02 3.8007E-02 1.0635E-02 2.2995E-03 3.2126E-04 0
 0 1.5126E-04 6.2334E-04 3.0454E-03 8.1444E-03 1.6577E-02 2.7752E-02 4.5289E-02 4.2595E-02 4.9122E-02 6.5831E-02 8.1134E-02 1.0903E-01 1.4103E-01 1.8632E-01 2.1387E-01 4.9259E-01 2.0783E-01 1.4808E-01 9.3647E-02 3.7379E-02 1.0604E-02 2.2466E-03 2.8711E-04 0
 0 1.5167E-04 6.1548E-04 3.0184E-03 7.8974E-03 1.6915E-02 2.7218E-02 4.5660E-02 4.1446E-02 4.8970E-02 6.6579E-02 8.0321E-02 1.0913E-01 1.4005E-01 1.8486E-01 2.1355E-01 4.7562E-01 2.0989E-01 1.4801E-01 9.0070E-02 3.8324E-02 1.0893E-02 2.3424E-03 2.8473E-04 0
 0 1.4210E-04 5.9763E-04 2.8021E-03 7.9866E-03 1.6393E-02 2.6843E-02 4.4789E-02 4.2260E-02 4.8683E-02 6.5818E-02 7.9984E-02 1.0869E-01 1.3836E-01 1.8422E-01 2.1204E-01 4.6768E-01 2.1017E-01 1.4872E-01 9.0966E-02 3.6843E-02 1.0565E-02 2.3058E-03 3.0617E-04 0
 0 1.4668E-04 6.1049E-04 2.8098E-03 7.6153E-03 1.5756E-02 2.6654E-02 4.4826E-02 3.9911E-02 4.7931E-02 6.5163E-02 7.8587E-02 1.0587E-01 1.3885E-01 1.8350E-01 2.1144E-01 4.5598E-01 2.1092E-01 1.4797E-01 8.9779E-02 3.7409E-02 1.0300E-02 2.1395E-03 2.9704E-04 0
 0 1.4314E-04 5.6479E-04 2.7725E-03 7.4909E-03 1.6596E-02 2.6104E-02 4.3562E-02 3.9465E-02 4.8513E-02 6.4453E-02 7.8363E-02 1.0563E-01 1.3863E-01 1.8397E-01 2.1032E-01 4.4449E-01 2.1305E-01 1.4587E-01 8.8722E-02 3.7041E-02 1.0448E-02 2.0500E-03 2.8671E-04 0
 0 1.4127E-04 5.8550E-04 2.8716E-03 7.5317E-03 1.6275E-02 2.6484E-02 4.3391E-02 4.0296E-02 4.8208E-02 6.2961E-02 7.6292E-02 1.0581E-01 1.3862E-01 1.8342E-01 2.0999E-01 4.3106E-01 2.0974E-01 1.4652E-01 8.9342E-02 3.5243E-02 1.0246E-02 2.0727E-03 3.0021E-04 0
 0 1.3586E-04 5.8764E-04 2.7351E-03 7.4203E-03 1.5781E-02 2.5979E-02 4.3440E-02 4.0287E-02 4.6303E-02 6.2964E-02 7.6992E-02 1.0478E-01 1.3715E-01 1.8366E-01 2.0858E-01 4.1763E-01 2.1116E-01 1.4509E-01 8.7830E-02 3.5856E-02 1.0085E-02 2.1823E-03 2.9267E-04 0
 0 1.4793E-04 5.4265E-04 2.8883E-03 7.2198E-03 1.5311E-02 2.5540E-02 4.2723E-02 3.8689E-02 4.7333E-02 6.3173E-02 7.7230E-02 1.0465E-01 1.3588E-01 1.8503E-01 2.0667E-01 4.0762E-01 2.0971E-01 1.4461E-01 8.5838E-02 3.5889E-02 1.0263E-02 2.1685E-03 3.1610E-04 0
 0 1.3794E-04 5.7621E-04 2.6192E-03 7.0138E-03 1.5709E-02 2.4964E-02 4.1702E-02 3.9252E-02 4.6987E-02 6.2118E-02 7.6459E-02 1.0291E-01 1.3787E-01 1.8238E-01 2.0547E-01 3.9697E-01 2.0453E-01 1.4380E-01 8.6034E-02 3.5101E-02 9.9046E-03 1.9908E-03 2.6249E-04 0
 0 1.3545E-04 5.3908E-04 2.7518E-03 6.7557E-03 1.5725E-02 2.5014E-02 4.1964E-02 3.8313E-02 4.5637E-02 6.2502E-02 7.6578E-02 1.0271E-01 1.3561E-01 1.8223E-01 2.0835E-01 3.8519E-01 2.0820E-01 1.4223E-01 8.6083E-02 3.4638E-02 9.9829E-03 2.0563E-03 2.5653E-04 0
 0 1.3732E-04 4.9553E-04 2.6424E-03 6.9896E-03 1.5157E-02 2.5139E-02 4.2019E-02 3.8146E-02 4.5503E-02 6.0541E-02 7.4534E-02 1.0147E-01 1.3411E-01 1.8085E-01 2.0525E-01 3.7111E-01 2.0646E-01 1.4328E-01 8.5180E-02 3.4152E-02 9.3224E-03 2.0400E-03 2.6725E-04 0
 0 1.3170E-04 4.8839E-04 2.6038E-03 7.1363E-03 1.5080E-02 2.5729E-02 4.1822E-02 3.8461E-02 4.5578E-02 6.1276E-02 7.3303E-02 1.0282E-01 1.3526E-01 1.7771E-01 2.0563E-01 3.5960E-01 2.0552E-01 1.4197E-01 8.5488E-02 3.4425E-02 1.0031E-02 2.0059E-03 2.8473E-04 0
 0 1.3732E-04 5.2980E-04 2.5561E-03 6.7687E-03 1.4950E-02 2.4995E-02 4.1282E-02 3.7373E-02 4.4810E-02 5.9486E-02 7.4612E-02 1.0022E-01 1.3265E-01 1.8150E-01 2.0244E-01 3.5287E-01 2.0501E-01 1.4260E-01 8.3416E-02 3.3492E-02 9.5940E-03 1.9707E-03 2.7162E-04 0
 0 1.1963E-04 5.3052E-04 2.4853E-03 6.7112E-03 1.4566E-02 2.4132E-02 4.0392E-02 3.6828E-02 4.4968E-02 6.0291E-02 7.4279E-02 1.0212E-01 1.3285E-01 1.7650E-01 2.0197E-01 3.3750E-01 2.0357E-01 1.4040E-01 8.4312E-02 3.3320E-02 9.5722E-03 2.0362E-03 2.7440E-04 0
 0 1.3128E-04 4.9196E-04 2.6282E-03 6.3863E-03 1.4287E-02 2.4429E-02 4.0309E-02 3.6577E-02 4.4052E-02 5.8469E-02 7.3817E-02 9.9713E-02 1.3275E-01 1.7517E-01 2.0157E-01 3.2969E-01 2.0336E-01 1.3989E-01 8.2650E-02 3.2615E-02 9.3745E-03 1.9051E-03 2.4224E-04 0
 0 1.0299E-04 4.6483E-04 2.5278E-03 6.5144E-03 1.4214E-02 2.4137E-02 3.9667E-02 3.6270E-02 4.3359E-02 5.9217E-02 7.0665E-02 9.9764E-02 1.2984E-01 1.7658E-01 2.0143E-01 3.1541E-01 2.0265E-01 1.3965E-01 8.2548E-02 3.2393E-02 9.1942E-03 1.8484E-03 2.4422E-04 0
 0 1.2317E-04 4.9553E-04 2.5767E-03 6.4048E-03 1.4354E-02 2.3876E-02 3.9350E-02 3.6092E-02 4.3347E-02 5.8548E-02 7.2783E-02 9.8843E-02 1.3150E-01 1.7586E-01 1.9972E-01 3.0556E-01 2.0000E-01 1.4257E-01 8.0326E-02 3.3038E-02 8.9292E-03 1.8850E-03 2.6567E-04 0
 0 1.3857E-04 4.9839E-04 2.4711E-03 6.1004E-03 1.4010E-02 2.3034E-02 3.9168E-02 3.6125E-02 4.3018E-02 5.8269E-02 7.1124E-02 9.8212E-02 1.2911E-01 1.7529E-01 1.9917E-01 2.9701E-01 2.0525E-01 1.4096E-01 7.9482E-02 3.2529E-02 9.1225E-03 1.7955E-03 2.3906E-04 0
 0 1.3170E-04 4.5483E-04 2.4660E-03 6.0614E-03 1.3996E-02 2.2898E-02 3.8871E-02 3.4818E-02 4.2293E-02 5.7595E-02 6.9710E-02 9.7808E-02 1.2836E-01 1.7471E-01 1.9707E-01 2.8561E-01 2.0358E-01 1.3643E-01 8.0217E-02 3.1634E-02 9.0465E-03 1.8774E-03 2.4700E-04 0
 0 1.2879E-04 4.7411E-04 2.3771E-03 6.0205E-03 1.4168E-02 2.3060E-02 3.8820E-02 3.5311E-02 4.1101E-02 5.7791E-02 7.0155E-02 9.7133E-02 1.2761E-01 1.7285E-01 1.9387E-01 2.7578E-01 1.9897E-01 1.3560E-01 7.9136E-02 3.1273E-02 9.3202E-03 1.8610E-03 2.3787E-04 0
 0 1.1027E-04 4.3698E-04 2.3256E-03 6.0837E-03 1.3688E-02 2.2989E-02 3.8335E-02 3.4389E-02 4.1710E-02 5.6689E-02 6.9237E-02 9.8154E-02 1.2821E-01 1.7350E-01 1.9455E-01 2.6743E-01 1.9948E-01 1.3635E-01 7.6938E-02 3.0947E-02 8.6663E-03 1.6216E-03 2.2159E-04 0
 0 1.2088E-04 4.5269E-04 2.4067E-03 5.9333E-03 1.3458E-02 2.3220E-02 3.7978E-02 3.4406E-02 4.1421E-02 5.5979E-02 6.9169E-02 9.5252E-02 1.2743E-01 1.7297E-01 1.9400E-01 2.5766E-01 1.9918E-01 1.3547E-01 7.8244E-02 3.0387E-02 8.5924E-03 1.7955E-03 2.4144E-04 0
 0 1.1485E-04 4.3555E-04 2.3243E-03 5.9444E-03 1.3158E-02 2.2776E-02 3.7727E-02 3.4546E-02 4.0821E-02 5.4832E-02 6.7398E-02 9.5274E-02 1.2454E-01 1.6871E-01 1.9072E-01 2.4777E-01 1.9553E-01 1.3318E-01 7.6060E-02 3.0099E-02 8.6337E-03 1.7338E-03 2.4144E-04 0
 0 1.1734E-04 4.3127E-04 2.3037E-03 5.7941E-03 1.3532E-02 2.2101E-02 3.7013E-02 3.4033E-02 4.0916E-02 5.5482E-02 6.8615E-02 9.4668E-02 1.2730E-01 1.7183E-01 1.8925E-01 2.4066E-01 1.9686E-01 1.3260E-01 7.5213E-02 3.0280E-02 8.8140E-03 1.8081E-03 2.4065E-04 0
 0 1.1651E-04 4.0628E-04 2.3205E-03 6.1245E-03 1.3116E-02 2.1684E-02 3.6368E-02 3.3473E-02 4.0558E-02 5.4709E-02 6.8387E-02 9.3517E-02 1.2269E-01 1.6837E-01 1.8876E-01 2.2968E-01 1.9521E-01 1.3211E-01 7.5598E-02 3.0576E-02 8.7184E-03 1.7426E-03 2.2675E-04 0
 0 1.0944E-04 4.1627E-04 2.3050E-03 5.6233E-03 1.3663E-02 2.2221E-02 3.6662E-02 3.3770E-02 4.0256E-02 5.4313E-02 6.5929E-02 9.1968E-02 1.2323E-01 1.6830E-01 1.8747E-01 2.2307E-01 1.9569E-01 1.3188E-01 7.5636E-02 2.9667E-02 8.6880E-03 1.6393E-03 1.8902E-04 0
 0 1.2088E-04 4.3912E-04 2.3655E-03 5.7996E-03 1.2613E-02 2.1301E-02 3.5504E-02 3.3058E-02 3.9895E-02 5.3457E-02 6.7245E-02 9.1965E-02 1.2195E-01 1.6666E-01 1.8867E-01 2.1244E-01 1.9492E-01 1.2954E-01 7.2353E-02 2.9113E-02 8.6424E-03 1.6317E-03 2.0808E-04 0
 0 1.1339E-04 4.1128E-04 2.2187E-03 5.6344E-03 1.2534E-02 2.1705E-02 3.5980E-02 3.2863E-02 3.8760E-02 5.2646E-02 6.5300E-02 9.0261E-02 1.2180E-01 1.6635E-01 1.8533E-01 2.0608E-01 1.9350E-01 1.3050E-01 7.3939E-02 2.9264E-02 8.4621E-03 1.5964E-03 2.0848E-04 0
 0 1.0840E-04 3.9128E-04 2.1762E-03 5.3763E-03 1.2701E-02 2.1343E-02 3.5030E-02 3.2697E-02 3.8969E-02 5.1817E-02 6.4603E-02 9.0496E-02 1.2340E-01 1.6610E-01 1.8422E-01 1.9740E-01 1.8972E-01 1.2995E-01 7.2157E-02 2.8781E-02 8.3209E-03 1.6456E-03 2.0054E-04 0
 0 1.0278E-04 3.5058E-04 2.3591E-03 5.5546E-03 1.2168E-02 2.0974E-02 3.4619E-02 3.2274E-02 3.7930E-02 5.3141E-02 6.4338E-02 8.9947E-02 1.1993E-01 1.6426E-01 1.8451E-01 1.9082E-01 1.8931E-01 1.2709E-01 7.3088E-02 2.8615E-02 8.2796E-03 1.5007E-03 1.9776E-04 0
 0 1.0028E-04 3.7415E-04 2.2265E-03 5.4172E-03 1.2226E-02 2.0993E-02 3.4565E-02 3.2040E-02 3.8533E-02 5.1649E-02 6.3546E-02 9.0348E-02 1.1931E-01 1.6481E-01 1.8220E-01 1.8506E-01 1.8879E-01 1.2615E-01 7.1814E-02 2.8096E-02 8.3296E-03 1.6695E-03 2.2993E-04 0
 0 1.1776E-04 3.6772E-04 2.1853E-03 5.1870E-03 1.2175E-02 2.0727E-02 3.3792E-02 3.2131E-02 3.7957E-02 5.1291E-02 6.3610E-02 8.9882E-02 1.1844E-01 1.6190E-01 1.7876E-01 1.7502E-01 1.8470E-01 1.2894E-01 7.1261E-02 2.7842E-02 8.2883E-03 1.5133E-03 2.0253E-04 0
 0 1.1422E-04 3.4416E-04 2.1479E-03 5.0273E-03 1.2168E-02 1.9876E-02 3.3181E-02 3.0818E-02 3.7518E-02 5.0106E-02 6.2464E-02 8.8713E-02 1.1847E-01 1.6310E-01 1.8036E-01 1.6830E-01 1.8764E-01 1.2644E-01 7.0901E-02 2.7696E-02 7.7864E-03 1.4213E-03 1.8823E-04 0
 0 1.1027E-04 3.9699E-04 2.1543E-03 4.8510E-03 1.2527E-02 2.0613E-02 3.3404E-02 3.0389E-02 3.8020E-02 5.0103E-02 6.3117E-02 8.7273E-02 1.1790E-01 1.6253E-01 1.7603E-01 1.6351E-01 1.8596E-01 1.2587E-01 7.0365E-02 2.7919E-02 7.7517E-03 1.5700E-03 1.9458E-04 0
 0 1.0611E-04 3.5987E-04 2.1299E-03 5.1072E-03 1.1626E-02 2.0764E-02 3.3387E-02 3.0042E-02 3.6168E-02 4.9653E-02 6.2668E-02 8.7002E-02 1.1689E-01 1.5904E-01 1.7831E-01 1.5546E-01 1.8357E-01 1.2495E-01 7.0159E-02 2.7928E-02 7.6669E-03 1.4188E-03 1.7989E-04 0
 0 9.3834E-05 3.9342E-04 2.0243E-03 4.9327E-03 1.1940E-02 2.0357E-02 3.3061E-02 3.0634E-02 3.5714E-02 4.9095E-02 6.1189E-02 8.5154E-02 1.1450E-01 1.6015E-01 1.7577E-01 1.4985E-01 1.8329E-01 1.2444E-01 6.9469E-02 2.6828E-02 7.7712E-03 1.4352E-03 1.9101E-04 0
 0 1.0008E-04 3.5987E-04 2.0127E-03 5.1090E-03 1.1037E-02 1.9637E-02 3.1566E-02 2.9835E-02 3.5687E-02 4.8379E-02 6.1835E-02 8.4693E-02 1.1363E-01 1.5741E-01 1.7499E-01 1.4425E-01 1.8144E-01 1.2184E-01 6.8223E-02 2.6458E-02 7.6061E-03 1.4238E-03 1.9141E-04 0
 0 9.3210E-05 3.3273E-04 2.1234E-03 4.8825E-03 1.1893E-02 2.0328E-02 3.1646E-02 2.9047E-02 3.5613E-02 4.8750E-02 6.0598E-02 8.5064E-02 1.1239E-01 1.5545E-01 1.7349E-01 1.3704E-01 1.8157E-01 1.2187E-01 6.6816E-02 2.5919E-02 7.5561E-03 1.3394E-03 1.8505E-04 0
 0 9.6539E-05 3.4916E-04 2.0410E-03 5.0626E-03 1.1465E-02 1.9993E-02 3.1794E-02 2.9438E-02 3.5025E-02 4.8896E-02 6.0948E-02 8.3527E-02 1.1146E-01 1.5444E-01 1.7100E-01 1.3146E-01 1.7955E-01 1.2001E-01 6.6753E-02 2.5877E-02 7.6148E-03 1.4717E-03 1.7552E-04 0
 0 8.9465E-05 3.4059E-04 2.0050E-03 4.5112E-03 1.1274E-02 1.9608E-02 3.1557E-02 2.9059E-02 3.5042E-02 4.7594E-02 5.9860E-02 8.3913E-02 1.1279E-01 1.5626E-01 1.6776E-01 1.2809E-01 1.7829E-01 1.1952E-01 6.4993E-02 2.5282E-02 7.8472E-03 1.3785E-03 1.8982E-04 0
 0 9.6955E-05 3.4059E-04 2.0655E-03 4.8473E-03 1.1477E-02 1.9539E-02 3.0927E-02 2.8694E-02 3.4260E-02 4.7515E-02 6.0305E-02 8.2155E-02 1.1098E-01 1.5318E-01 1.6796E-01 1.2346E-01 1.7644E-01 1.1883E-01 6.4909E-02 2.5045E-02 7.6322E-03 1.3948E-03 1.8227E-04 0
 0 9.7995E-05 3.1560E-04 1.9058E-03 4.8064E-03 1.1349E-02 1.8494E-02 3.0014E-02 2.9187E-02 3.4914E-02 4.7071E-02 5.7007E-02 8.1798E-02 1.0974E-01 1.5283E-01 1.6542E-01 1.1775E-01 1.7450E-01 1.1919E-01 6.5675E-02 2.5249E-02 7.1759E-03 1.3230E-03 1.9458E-04 0
 0 9.3418E-05 3.0774E-04 1.8852E-03 4.5818E-03 1.1214E-02 1.9241E-02 3.0059E-02 2.8525E-02 3.3845E-02 4.5668E-02 5.8653E-02 8.0239E-02 1.0977E-01 1.4987E-01 1.6543E-01 1.1182E-01 1.7557E-01 1.1519E-01 6.4048E-02 2.5457E-02 7.4562E-03 1.3621E-03 1.6281E-04 0
 0 8.2183E-05 2.9346E-04 2.0642E-03 4.5391E-03 1.1358E-02 1.8635E-02 3.0116E-02 2.8035E-02 3.3812E-02 4.4857E-02 5.7708E-02 8.1033E-02 1.0982E-01 1.5118E-01 1.6351E-01 1.0707E-01 1.7174E-01 1.1499E-01 6.2403E-02 2.5042E-02 7.5996E-03 1.3318E-03 1.8585E-04 0
 0 9.2794E-05 3.0489E-04 1.7719E-03 4.3924E-03 1.0588E-02 1.8579E-02 2.9451E-02 2.7769E-02 3.3409E-02 4.5281E-02 5.5930E-02 7.9084E-02 1.0694E-01 1.4677E-01 1.6393E-01 1.0137E-01 1.7075E-01 1.1538E-01 6.2522E-02 2.4485E-02 7.2607E-03 1.2953E-03 1.7393E-04 0
 0 9.3210E-05 2.6205E-04 1.8286E-03 4.5317E-03 1.0557E-02 1.8473E-02 2.9083E-02 2.7691E-02 3.2869E-02 4.4949E-02 5.7052E-02 7.8373E-02 1.0615E-01 1.4841E-01 1.6116E-01 1.0109E-01 1.7018E-01 1.1553E-01 6.1000E-02 2.4689E-02 6.9630E-03 1.1781E-03 1.5527E-04 0
 0 9.0921E-05 3.2845E-04 1.8414E-03 4.3590E-03 1.1032E-02 1.8255E-02 2.9049E-02 2.7510E-02 3.2764E-02 4.3906E-02 5.6433E-02 7.7604E-02 1.0830E-01 1.4475E-01 1.5914E-01 9.4670E-02 1.6861E-01 1.1439E-01 6.1983E-02 2.3975E-02 6.8696E-03 1.1680E-03 1.6401E-04 0
 0 8.9465E-05 3.0988E-04 1.6534E-03 4.1511E-03 1.0208E-02 1.7404E-02 2.8476E-02 2.7040E-02 3.3057E-02 4.3393E-02 5.5226E-02 7.7319E-02 1.0537E-01 1.4638E-01 1.5926E-01 8.9947E-02 1.6501E-01 1.1228E-01 6.2158E-02 2.3700E-02 6.7523E-03 1.3016E-03 1.4296E-04 0
 0 8.2807E-05 2.8204E-04 1.7461E-03 4.1585E-03 1.0669E-02 1.7511E-02 2.8210E-02 2.6827E-02 3.2032E-02 4.3235E-02 5.5209E-02 7.6605E-02 1.0624E-01 1.4349E-01 1.5759E-01 8.6652E-02 1.6486E-01 1.1014E-01 5.9589E-02 2.3433E-02 6.7610E-03 1.2588E-03 1.5964E-04 0
 0 8.8216E-05 2.7847E-04 1.7513E-03 4.0415E-03 1.0473E-02 1.7016E-02 2.8207E-02 2.5923E-02 3.2137E-02 4.2623E-02 5.3342E-02 7.4540E-02 1.0348E-01 1.4333E-01 1.5574E-01 8.2792E-02 1.6394E-01 1.1094E-01 5.8595E-02 2.3294E-02 6.8327E-03 1.3029E-03 1.6480E-04 0
 0 8.7176E-05 3.2416E-04 1.7835E-03 4.2513E-03 1.0148E-02 1.7455E-02 2.8393E-02 2.6177E-02 3.1151E-02 4.1892E-02 5.3267E-02 7.4984E-02 1.0328E-01 1.4103E-01 1.5458E-01 8.0262E-02 1.6315E-01 1.0912E-01 5.9036E-02 2.2950E-02 6.7240E-03 1.1832E-03 1.7195E-04 0
 0 8.4055E-05 2.6419E-04 1.7989E-03 4.1882E-03 1.0515E-02 1.7221E-02 2.7562E-02 2.6422E-02 3.0578E-02 4.1404E-02 5.3050E-02 7.5295E-02 1.0146E-01 1.3941E-01 1.5136E-01 7.7671E-02 1.6002E-01 1.0897E-01 5.8168E-02 2.3252E-02 6.9782E-03 1.2273E-03 1.5487E-04 0
 0 7.9478E-05 2.5919E-04 1.7976E-03 3.9877E-03 1.0201E-02 1.7386E-02 2.7702E-02 2.5377E-02 3.0321E-02 4.1736E-02 5.2309E-02 7.4118E-02 1.0093E-01 1.3885E-01 1.4920E-01 7.3834E-02 1.6123E-01 1.0846E-01 5.7010E-02 2.3119E-02 6.6936E-03 1.1353E-03 1.5964E-04 0
 0 7.5317E-05 2.7347E-04 1.7423E-03 4.0397E-03 9.8984E-03 1.7476E-02 2.7143E-02 2.5669E-02 2.9781E-02 4.0324E-02 5.2343E-02 7.3858E-02 1.0006E-01 1.3823E-01 1.4724E-01 7.0696E-02 1.5773E-01 1.0769E-01 5.7377E-02 2.2476E-02 6.5285E-03 1.1945E-03 1.4534E-04 0
 0 7.0115E-05 2.4419E-04 1.8170E-03 3.8299E-03 1.0085E-02 1.7271E-02 2.5862E-02 2.4948E-02 2.9190E-02 4.0567E-02 5.2370E-02 7.2213E-02 9.9402E-02 1.3436E-01 1.4733E-01 6.9045E-02 1.5796E-01 1.0448E-01 5.5869E-02 2.2597E-02 6.5676E-03 1.1832E-03 1.4336E-04 0
 0 7.4068E-05 2.4776E-04 1.6689E-03 3.9673E-03 9.4864E-03 1.6495E-02 2.5602E-02 2.5156E-02 2.9918E-02 3.9959E-02 5.0728E-02 7.2335E-02 9.8391E-02 1.3549E-01 1.4670E-01 6.4547E-02 1.5523E-01 1.0449E-01 5.6373E-02 2.1895E-02 6.3895E-03 1.1378E-03 1.4574E-04 0
 0 7.1988E-05 2.6276E-04 1.6818E-03 3.5384E-03 9.6121E-03 1.5881E-02 2.5827E-02 2.3995E-02 2.9309E-02 4.0118E-02 5.0741E-02 7.0625E-02 9.6864E-02 1.3484E-01 1.4597E-01 6.1302E-02 1.5349E-01 1.0420E-01 5.5900E-02 2.1069E-02 6.3786E-03 1.0962E-03 1.5170E-04 0
 0 7.2612E-05 2.6776E-04 1.6856E-03 3.7761E-03 9.9310E-03 1.6551E-02 2.5471E-02 2.4073E-02 2.9718E-02 4.0083E-02 5.0241E-02 7.1689E-02 9.6725E-02 1.3247E-01 1.4253E-01 5.9514E-02 1.5281E-01 1.0369E-01 5.5361E-02 2.1208E-02 6.2200E-03 1.1769E-03 1.4852E-04 0
 0 8.5304E-05 2.6990E-04 1.6715E-03 3.7371E-03 9.7215E-03 1.5828E-02 2.6096E-02 2.3379E-02 2.8894E-02 3.9044E-02 5.0544E-02 6.9910E-02 9.6486E-02 1.3087E-01 1.4276E-01 5.6991E-02 1.5061E-01 1.0165E-01 5.3860E-02 2.1362E-02 6.3525E-03 1.1403E-03 1.5686E-04 0
 0 7.2404E-05 2.5919E-04 1.5684E-03 3.4586E-03 9.5399E-03 1.6344E-02 2.4977E-02 2.4027E-02 2.8118E-02 3.8423E-02 4.9272E-02 6.8910E-02 9.5610E-02 1.3051E-01 1.4088E-01 5.5164E-02 1.4967E-01 1.0045E-01 5.4276E-02 2.0506E-02 6.2374E-03 1.0256E-03 1.6599E-04 0
 0 6.7619E-05 2.5990E-04 1.5981E-03 3.5589E-03 9.5073E-03 1.6341E-02 2.5656E-02 2.3650E-02 2.8604E-02 3.8673E-02 4.9385E-02 6.7626E-02 9.4752E-02 1.2923E-01 1.3904E-01 5.2199E-02 1.4870E-01 9.8426E-02 5.3349E-02 2.1246E-02 6.4438E-03 1.1025E-03 1.6361E-04 0
 0 7.4901E-05 2.1206E-04 1.6225E-03 3.7594E-03 9.4748E-03 1.5695E-02 2.4983E-02 2.3630E-02 2.7891E-02 3.6636E-02 4.8813E-02 6.7748E-02 9.2256E-02 1.2509E-01 1.3885E-01 5.0047E-02 1.4453E-01 9.9059E-02 5.2218E-02 2.0891E-02 6.4025E-03 1.1000E-03 1.2231E-04 0
 0 7.0740E-05 2.5133E-04 1.6354E-03 3.6294E-03 9.6074E-03 1.5889E-02 2.4375E-02 2.3484E-02 2.8383E-02 3.6785E-02 4.6950E-02 6.6251E-02 9.2473E-02 1.2650E-01 1.3585E-01 4.7494E-02 1.4475E-01 9.6742E-02 5.2610E-02 2.0002E-02 6.3960E-03 1.0521E-03 1.3224E-04 0
 0 6.9699E-05 2.4419E-04 1.6019E-03 3.6090E-03 9.0930E-03 1.5278E-02 2.3878E-02 2.3385E-02 2.6741E-02 3.6392E-02 4.7300E-02 6.5132E-02 9.1271E-02 1.2505E-01 1.3580E-01 4.5315E-02 1.4355E-01 9.7692E-02 5.2544E-02 2.0168E-02 6.0332E-03 1.0723E-03 1.3899E-04 0
 0 7.1780E-05 2.5062E-04 1.5684E-03 3.6740E-03 8.9882E-03 1.5190E-02 2.3522E-02 2.2641E-02 2.7425E-02 3.6538E-02 4.6811E-02 6.6279E-02 9.1002E-02 1.2403E-01 1.3341E-01 4.3806E-02 1.3989E-01 9.6420E-02 5.0832E-02 1.9972E-02 5.9332E-03 9.7525E-04 1.2271E-04 0
 0 7.1988E-05 2.2277E-04 1.5350E-03 3.3751E-03 9.1000E-03 1.5461E-02 2.3151E-02 2.2276E-02 2.7210E-02 3.5432E-02 4.6767E-02 6.5370E-02 8.8808E-02 1.2232E-01 1.3401E-01 4.1688E-02 1.4017E-01 9.5649E-02 5.0584E-02 1.9676E-02 5.8811E-03 9.4879E-04 1.3899E-04 0
 0 7.3236E-05 2.1778E-04 1.4229E-03 3.5347E-03 8.8509E-03 1.5230E-02 2.3416E-02 2.2495E-02 2.6302E-02 3.6186E-02 4.5842E-02 6.4717E-02 8.7865E-02 1.2257E-01 1.3086E-01 4.0477E-02 1.3937E-01 9.2740E-02 4.9982E-02 1.8977E-02 6.0723E-03 1.0849E-03 1.4653E-04 0
 0 7.0115E-05 2.2849E-04 1.4680E-03 3.2990E-03 8.9766E-03 1.5044E-02 2.2828E-02 2.2215E-02 2.6215E-02 3.4672E-02 4.6070E-02 6.3580E-02 8.7869E-02 1.2001E-01 1.2901E-01 3.8841E-02 1.3805E-01 9.4503E-02 4.9961E-02 2.0020E-02 5.8485E-03 1.0723E-03 1.4296E-04 0
 0 6.9907E-05 2.0135E-04 1.4345E-03 3.2822E-03 8.5156E-03 1.4582E-02 2.2383E-02 2.1868E-02 2.5911E-02 3.5426E-02 4.5617E-02 6.2548E-02 8.8292E-02 1.1817E-01 1.2673E-01 3.7446E-02 1.3488E-01 9.3320E-02 4.8491E-02 1.8731E-02 5.7573E-03 9.8281E-04 1.2231E-04 0
 0 7.3860E-05 1.9207E-04 1.3186E-03 3.3881E-03 8.7857E-03 1.4143E-02 2.2763E-02 2.2130E-02 2.5753E-02 3.3452E-02 4.4149E-02 6.3226E-02 8.4878E-02 1.1787E-01 1.2427E-01 3.5684E-02 1.3310E-01 9.2216E-02 4.8459E-02 1.8704E-02 5.6769E-03 1.0244E-03 1.2747E-04 0
 0 6.8867E-05 2.0492E-04 1.5594E-03 3.3175E-03 8.9696E-03 1.4023E-02 2.2646E-02 2.1483E-02 2.5669E-02 3.3494E-02 4.4815E-02 6.3190E-02 8.4848E-02 1.1731E-01 1.2586E-01 3.4637E-02 1.3316E-01 9.1067E-02 4.8043E-02 1.9036E-02 5.5161E-03 9.6643E-04 1.1516E-04 0
 0 6.3458E-05 2.1706E-04 1.5414E-03 3.1950E-03 8.3690E-03 1.4497E-02 2.1285E-02 2.0640E-02 2.5994E-02 3.3782E-02 4.3156E-02 6.1335E-02 8.5739E-02 1.1620E-01 1.2454E-01 3.2734E-02 1.3123E-01 8.9704E-02 4.7378E-02 1.8381E-02 5.4813E-03 8.9209E-04 1.2390E-04 0
 0 6.5330E-05 2.3563E-04 1.4203E-03 3.1839E-03 8.7950E-03 1.3808E-02 2.1579E-02 2.0762E-02 2.5009E-02 3.3905E-02 4.3091E-02 6.0707E-02 8.5125E-02 1.1313E-01 1.2325E-01 3.0945E-02 1.2950E-01 8.9484E-02 4.6230E-02 1.8340E-02 5.4965E-03 9.3745E-04 1.1119E-04 0
 0 6.3458E-05 1.7422E-04 1.4628E-03 3.1189E-03 8.4109E-03 1.3992E-02 2.1011E-02 2.0535E-02 2.4842E-02 3.2413E-02 4.2411E-02 5.9754E-02 8.4114E-02 1.1197E-01 1.1977E-01 3.0131E-02 1.2855E-01 8.8963E-02 4.5565E-02 1.8411E-02 5.5704E-03 8.8453E-04 1.2549E-04 0
 0 6.4290E-05 1.9421E-04 1.4641E-03 3.0855E-03 8.2759E-03 1.3675E-02 2.0871E-02 2.0380E-02 2.3898E-02 3.1666E-02 4.2027E-02 5.9346E-02 8.0640E-02 1.1030E-01 1.1908E-01 2.8843E-02 1.2693E-01 8.7459E-02 4.5415E-02 1.8337E-02 5.4879E-03 9.0973E-04 1.0841E-04 0
 0 5.1806E-05 1.9493E-04 1.3469E-03 3.0799E-03 8.2479E-03 1.3338E-02 2.0429E-02 2.0520E-02 2.3832E-02 3.1577E-02 4.2568E-02 5.7993E-02 7.9705E-02 1.0998E-01 1.1943E-01 2.8385E-02 1.2641E-01 8.6818E-02 4.4239E-02 1.7501E-02 5.5335E-03 9.4627E-04 1.2152E-04 0
 0 5.8672E-05 2.1135E-04 1.3547E-03 2.7903E-03 7.7963E-03 1.3699E-02 2.0132E-02 2.0050E-02 2.4245E-02 3.1678E-02 4.0626E-02 5.8524E-02 7.9929E-02 1.0884E-01 1.1931E-01 2.6485E-02 1.2291E-01 8.5677E-02 4.4431E-02 1.7190E-02 5.3032E-03 9.2863E-04 1.2310E-04 0
 0 6.6162E-05 2.0350E-04 1.3894E-03 2.9295E-03 7.9849E-03 1.3048E-02 2.0603E-02 2.0278E-02 2.3259E-02 3.1140E-02 4.1684E-02 5.6878E-02 8.0206E-02 1.0811E-01 1.1413E-01 2.5625E-02 1.2008E-01 8.4146E-02 4.4043E-02 1.7501E-02 5.4010E-03 8.7823E-04 1.0007E-04 0
 0 6.0753E-05 1.8350E-04 1.3959E-03 2.8961E-03 7.8987E-03 1.3481E-02 1.9875E-02 1.9765E-02 2.3432E-02 3.0101E-02 4.0229E-02 5.7856E-02 7.9813E-02 1.0720E-01 1.1427E-01 2.3776E-02 1.2303E-01 8.3858E-02 4.3038E-02 1.7421E-02 5.5313E-03 8.9083E-04 1.3025E-04 0
 0 6.1585E-05 1.7065E-04 1.3019E-03 3.0688E-03 8.0594E-03 1.3340E-02 1.9530E-02 1.9286E-02 2.2641E-02 2.9993E-02 4.1422E-02 5.6445E-02 7.8975E-02 1.0677E-01 1.1418E-01 2.3260E-02 1.1894E-01 8.2248E-02 4.3644E-02 1.6521E-02 5.1207E-03 8.5807E-04 1.1675E-04 0
 0 6.4498E-05 1.6422E-04 1.3508E-03 2.7884E-03 7.7055E-03 1.3388E-02 1.9313E-02 1.9630E-02 2.2321E-02 2.9838E-02 3.8889E-02 5.5308E-02 7.8844E-02 1.0426E-01 1.1115E-01 2.2770E-02 1.1754E-01 8.1477E-02 4.2370E-02 1.6675E-02 5.2315E-03 8.9713E-04 1.0007E-04 0
 0 5.9296E-05 2.1206E-04 1.3469E-03 2.6566E-03 7.8778E-03 1.2546E-02 1.9521E-02 1.8455E-02 2.2680E-02 2.9375E-02 3.8998E-02 5.5561E-02 7.5703E-02 1.0541E-01 1.1017E-01 2.0902E-02 1.1681E-01 8.0470E-02 4.1855E-02 1.6476E-02 5.2576E-03 8.6563E-04 1.1357E-04 0
 0 5.5135E-05 1.6779E-04 1.3534E-03 2.8608E-03 7.5589E-03 1.2476E-02 1.8873E-02 1.9441E-02 2.1900E-02 2.8641E-02 3.8597E-02 5.3817E-02 7.5464E-02 1.0258E-01 1.0893E-01 2.0795E-02 1.1511E-01 7.9909E-02 4.1022E-02 1.5816E-02 5.3293E-03 8.0641E-04 1.1397E-04 0
 0 5.6592E-05 1.5637E-04 1.3173E-03 2.8887E-03 7.5612E-03 1.2979E-02 1.8731E-02 1.8350E-02 2.1879E-02 2.9353E-02 3.8889E-02 5.4204E-02 7.5295E-02 1.0139E-01 1.0724E-01 2.0145E-02 1.1354E-01 7.8599E-02 4.1740E-02 1.6118E-02 5.1728E-03 8.1775E-04 1.0206E-04 0
 0 5.3263E-05 1.9207E-04 1.1680E-03 2.5508E-03 7.5146E-03 1.2596E-02 1.8970E-02 1.8881E-02 2.1217E-02 2.8447E-02 3.8365E-02 5.2829E-02 7.3592E-02 9.8556E-02 1.0471E-01 1.8849E-02 1.1208E-01 7.7244E-02 4.0529E-02 1.5952E-02 4.8187E-03 7.8247E-04 1.0007E-04 0
 0 5.8672E-05 1.6637E-04 1.2748E-03 2.7494E-03 7.6264E-03 1.2649E-02 1.8323E-02 1.8463E-02 2.1736E-02 2.7544E-02 3.7515E-02 5.2713E-02 7.2229E-02 9.9073E-02 1.0534E-01 1.8268E-02 1.0996E-01 7.7973E-02 3.9685E-02 1.6059E-02 4.9556E-03 7.5853E-04 1.0603E-04 0
 0 5.6592E-05 1.8279E-04 1.2710E-03 2.6807E-03 7.6753E-03 1.2567E-02 1.7955E-02 1.7854E-02 2.1231E-02 2.7716E-02 3.7342E-02 5.1623E-02 7.2828E-02 9.6139E-02 1.0412E-01 1.7489E-02 1.0887E-01 7.6690E-02 3.9601E-02 1.5730E-02 5.0686E-03 8.0137E-04 9.4512E-05 0
 0 4.6813E-05 1.7065E-04 1.2517E-03 2.5062E-03 7.3586E-03 1.2383E-02 1.7738E-02 1.8233E-02 2.0784E-02 2.6993E-02 3.6937E-02 5.1161E-02 7.0189E-02 9.6082E-02 1.0143E-01 1.7221E-02 1.0547E-01 7.5428E-02 3.8593E-02 1.5599E-02 4.8144E-03 7.6105E-04 9.8483E-05 0
 0 5.3471E-05 1.6280E-04 1.3057E-03 2.4914E-03 7.2399E-03 1.2498E-02 1.6867E-02 1.7702E-02 2.0416E-02 2.6195E-02 3.5333E-02 5.0241E-02 7.0695E-02 9.4186E-02 1.0238E-01 1.6216E-02 1.0775E-01 7.4376E-02 3.9318E-02 1.5324E-02 4.7601E-03 7.3963E-04 1.0722E-04 0
 0 5.0558E-05 1.7279E-04 1.1834E-03 2.5564E-03 7.0909E-03 1.2019E-02 1.7227E-02 1.7822E-02 2.0019E-02 2.6331E-02 3.6047E-02 4.9833E-02 7.0058E-02 9.4912E-02 9.9749E-02 1.5570E-02 1.0449E-01 7.3598E-02 3.8093E-02 1.5507E-02 4.7101E-03 6.9553E-04 1.0325E-04 0
 0 4.9934E-05 1.4780E-04 1.2195E-03 2.4561E-03 6.9326E-03 1.1812E-02 1.6685E-02 1.7229E-02 2.0515E-02 2.6138E-02 3.6203E-02 5.0198E-02 6.7520E-02 9.2761E-02 9.9520E-02 1.4928E-02 1.0280E-01 7.3770E-02 3.7172E-02 1.4950E-02 4.8513E-03 6.7159E-04 9.7689E-05 0
 0 4.5981E-05 1.4352E-04 1.2568E-03 2.4171E-03 7.1305E-03 1.2251E-02 1.6237E-02 1.7358E-02 2.0336E-02 2.6315E-02 3.4962E-02 4.9692E-02 6.7135E-02 8.9823E-02 9.6332E-02 1.4454E-02 1.0224E-01 7.2097E-02 3.6462E-02 1.4980E-02 4.8817E-03 7.4341E-04 1.0563E-04 0
 0 5.0766E-05 1.6994E-04 1.2993E-03 2.3726E-03 7.3191E-03 1.1876E-02 1.6713E-02 1.6920E-02 1.9231E-02 2.5359E-02 3.4670E-02 4.8779E-02 6.7891E-02 9.1476E-02 9.6817E-02 1.3743E-02 1.0178E-01 7.0891E-02 3.7260E-02 1.4636E-02 4.9425E-03 7.3711E-04 8.5378E-05 0
 0 5.0974E-05 1.6565E-04 1.2375E-03 2.3559E-03 7.0118E-03 1.1831E-02 1.6496E-02 1.6389E-02 1.8750E-02 2.4583E-02 3.4139E-02 4.7964E-02 6.7453E-02 8.8580E-02 9.3369E-02 1.3445E-02 9.7802E-02 6.9926E-02 3.6017E-02 1.4171E-02 4.5450E-03 7.0057E-04 9.4512E-05 0
 0 4.6397E-05 1.3709E-04 1.1242E-03 2.4078E-03 6.8442E-03 1.1427E-02 1.6456E-02 1.6258E-02 1.9246E-02 2.4643E-02 3.4370E-02 4.7480E-02 6.7232E-02 8.7938E-02 9.3304E-02 1.2681E-02 9.7421E-02 6.9226E-02 3.5825E-02 1.4728E-02 4.5167E-03 7.1947E-04 9.3320E-05 0
 0 4.0987E-05 1.4994E-04 1.2105E-03 2.3280E-03 7.0374E-03 1.1605E-02 1.6308E-02 1.6205E-02 1.9216E-02 2.4998E-02 3.3745E-02 4.6755E-02 6.3856E-02 8.7554E-02 9.3346E-02 1.2092E-02 9.6144E-02 6.8941E-02 3.6325E-02 1.4862E-02 4.6123E-03 6.5017E-04 9.0938E-05 0
 0 5.2639E-05 1.3566E-04 1.2285E-03 2.3614E-03 6.5718E-03 1.1209E-02 1.5851E-02 1.6121E-02 1.9213E-02 2.4858E-02 3.3089E-02 4.6289E-02 6.4073E-02 8.4654E-02 9.0757E-02 1.2012E-02 9.5039E-02 6.7478E-02 3.4859E-02 1.4654E-02 4.3560E-03 6.8041E-04 9.6100E-05 0
 0 4.6605E-05 1.5780E-04 1.2581E-03 2.2055E-03 6.5928E-03 1.1565E-02 1.5169E-02 1.6278E-02 1.8457E-02 2.3996E-02 3.2885E-02 4.5221E-02 6.3976E-02 8.4955E-02 9.0566E-02 1.1229E-02 9.2980E-02 6.5924E-02 3.4180E-02 1.4133E-02 4.7926E-03 6.4639E-04 9.4512E-05 0
 0 5.1806E-05 1.4066E-04 1.1911E-03 2.1219E-03 6.7068E-03 1.1389E-02 1.5378E-02 1.6036E-02 1.8227E-02 2.3594E-02 3.2732E-02 4.3849E-02 6.2939E-02 8.3123E-02 8.9142E-02 1.1037E-02 9.0385E-02 6.5374E-02 3.4393E-02 1.3825E-02 4.3820E-03 7.2577E-04 9.6100E-05 0
 0 4.6813E-05 1.3709E-04 1.1061E-03 2.1517E-03 6.7743E-03 1.1198E-02 1.4901E-02 1.6071E-02 1.8066E-02 2.3024E-02 3.2028E-02 4.4019E-02 6.2856E-02 8.2868E-02 8.8100E-02 1.0380E-02 9.1322E-02 6.7556E-02 3.3193E-02 1.4088E-02 4.2930E-03 6.1867E-04 1.0087E-04 0
 0 5.0142E-05 1.3138E-04 1.1963E-03 2.1052E-03 6.7231E-03 1.1076E-02 1.4924E-02 1.5348E-02 1.7977E-02 2.2580E-02 3.2116E-02 4.3525E-02 6.1198E-02 8.0596E-02 8.8000E-02 9.8718E-03 9.0701E-02 6.3993E-02 3.3063E-02 1.3371E-02 4.4472E-03 6.6781E-04 9.3320E-05 0
 0 4.7645E-05 1.3638E-04 1.0662E-03 2.1424E-03 6.4088E-03 1.0977E-02 1.5272E-02 1.5645E-02 1.7938E-02 2.2634E-02 3.0831E-02 4.3669E-02 6.0603E-02 7.9839E-02 8.5660E-02 9.7342E-03 8.9238E-02 6.3177E-02 3.2920E-02 1.3365E-02 4.3451E-03 6.8923E-04 9.2129E-05 0
 0 4.7437E-05 1.5280E-04 1.1216E-03 1.9753E-03 6.6929E-03 1.0483E-02 1.4156E-02 1.5292E-02 1.7782E-02 2.3021E-02 3.1208E-02 4.2918E-02 6.0143E-02 7.8289E-02 8.2510E-02 9.1265E-03 8.8456E-02 6.2608E-02 3.1898E-02 1.3025E-02 4.5884E-03 6.7663E-04 7.8627E-05 0
 0 5.1390E-05 1.3852E-04 1.1371E-03 2.0273E-03 6.0969E-03 1.0425E-02 1.4211E-02 1.5383E-02 1.7060E-02 2.2542E-02 3.0345E-02 4.2651E-02 6.0502E-02 7.7635E-02 8.4186E-02 8.9125E-03 8.5636E-02 6.2290E-02 3.2251E-02 1.3558E-02 4.3082E-03 6.1237E-04 9.7291E-05 0
 0 4.9102E-05 1.3781E-04 1.0224E-03 2.0941E-03 6.3926E-03 1.0427E-02 1.3757E-02 1.5196E-02 1.7123E-02 2.2159E-02 3.0392E-02 4.1846E-02 5.8922E-02 7.6491E-02 8.1448E-02 8.5265E-03 8.4969E-02 6.1582E-02 3.2139E-02 1.2915E-02 4.1887E-03 6.1993E-04 8.3393E-05 0
 0 4.7437E-05 9.8535E-05 1.1074E-03 2.1517E-03 5.9875E-03 1.0417E-02 1.3523E-02 1.4546E-02 1.7657E-02 2.1763E-02 3.0304E-02 4.2124E-02 5.8084E-02 7.4804E-02 7.9302E-02 8.1711E-03 8.3006E-02 5.9830E-02 3.1163E-02 1.2660E-02 4.1604E-03 6.4765E-04 7.9819E-05 0
 0 3.8699E-05 1.1639E-04 1.0173E-03 2.1015E-03 6.0434E-03 1.0579E-02 1.3748E-02 1.5176E-02 1.7033E-02 2.0366E-02 3.0001E-02 4.1348E-02 5.8091E-02 7.4496E-02 7.9024E-02 8.2055E-03 8.2232E-02 6.0122E-02 3.0817E-02 1.2909E-02 4.4342E-03 6.4135E-04 9.5306E-05 0
 0 4.9102E-05 1.3995E-04 9.7094E-04 1.9846E-03 6.3367E-03 1.0398E-02 1.3357E-02 1.4738E-02 1.6663E-02 2.0312E-02 2.8512E-02 3.9418E-02 5.6729E-02 7.3645E-02 7.7004E-02 7.9876E-03 8.1226E-02 5.9673E-02 2.9609E-02 1.2148E-02 4.2104E-03 6.1237E-04 9.1732E-05 0
 0 4.5148E-05 1.0353E-04 1.0224E-03 2.1071E-03 6.0340E-03 1.0055E-02 1.3238E-02 1.4691E-02 1.5952E-02 2.0727E-02 2.8203E-02 3.9472E-02 5.6238E-02 7.2428E-02 7.7725E-02 7.1354E-03 7.7956E-02 5.8393E-02 2.9998E-02 1.2260E-02 4.0540E-03 6.6403E-04 7.3862E-05 0
 0 4.7229E-05 1.1210E-04 1.0649E-03 1.8880E-03 6.2203E-03 9.8212E-03 1.2750E-02 1.4204E-02 1.5830E-02 2.0246E-02 2.7638E-02 3.9880E-02 5.5639E-02 7.1809E-02 7.6328E-02 7.1621E-03 7.7731E-02 5.7173E-02 2.9928E-02 1.2316E-02 4.1170E-03 6.0229E-04 6.9097E-05 0
 0 4.6397E-05 1.1781E-04 9.9798E-04 1.8268E-03 6.3274E-03 9.6271E-03 1.3580E-02 1.4493E-02 1.6068E-02 2.0198E-02 2.8233E-02 3.9111E-02 5.5018E-02 7.0072E-02 7.5370E-02 6.7455E-03 7.6786E-02 5.7296E-02 2.9497E-02 1.2257E-02 4.0257E-03 5.6827E-04 7.7436E-05 0
 0 3.9739E-05 1.0924E-04 1.0791E-03 1.8973E-03 5.8269E-03 9.5740E-03 1.2399E-02 1.3898E-02 1.5510E-02 1.9324E-02 2.7499E-02 3.8385E-02 5.4644E-02 7.0673E-02 7.4098E-02 6.8411E-03 7.5768E-02 5.6503E-02 2.8580E-02 1.2192E-02 3.9301E-03 5.3550E-04 8.1804E-05 0
 0 3.7450E-05 9.9963E-05 1.0289E-03 1.9400E-03 5.7617E-03 9.6351E-03 1.2427E-02 1.3583E-02 1.5235E-02 1.9238E-02 2.6799E-02 3.8515E-02 5.4449E-02 6.8370E-02 7.3323E-02 6.4474E-03 7.3870E-02 5.7341E-02 2.8101E-02 1.1588E-02 4.0583E-03 5.9347E-04 8.1407E-05 0
 0 3.9531E-05 1.2638E-04 1.0044E-03 1.8732E-03 5.5242E-03 9.4703E-03 1.2496E-02 1.3489E-02 1.5358E-02 1.9153E-02 2.7268E-02 3.8880E-02 5.2967E-02 6.7685E-02 7.2704E-02 6.3633E-03 7.3531E-02 5.4369E-02 2.8668E-02 1.1448E-02 3.9214E-03 5.6827E-04 7.6245E-05 0
 0 4.0155E-05 1.1424E-04 9.6579E-04 1.7692E-03 5.7710E-03 9.1833E-03 1.2256E-02 1.3332E-02 1.5522E-02 1.8861E-02 2.6843E-02 3.6794E-02 5.1728E-02 6.6618E-02 7.1154E-02 6.1723E-03 7.2101E-02 5.4699E-02 2.7429E-02 1.1336E-02 4.1539E-03 5.7835E-04 7.3068E-05 0
 0 4.0779E-05 1.3995E-04 9.8639E-04 1.8565E-03 5.7268E-03 9.1328E-03 1.2245E-02 1.3058E-02 1.4725E-02 1.8469E-02 2.6632E-02 3.7844E-02 5.2136E-02 6.4584E-02 7.0914E-02 5.8856E-03 7.0870E-02 5.2951E-02 2.7023E-02 1.1656E-02 4.0714E-03 5.7079E-04 7.4656E-05 0
 0 4.0987E-05 1.1567E-04 1.0946E-03 1.8193E-03 5.6383E-03 9.4783E-03 1.2056E-02 1.3247E-02 1.4584E-02 1.8668E-02 2.6112E-02 3.4975E-02 5.0320E-02 6.3953E-02 6.7958E-02 5.4002E-03 6.9254E-02 5.3119E-02 2.7376E-02 1.1463E-02 3.7346E-03 5.6827E-04 7.2274E-05 0
 0 4.2860E-05 1.2281E-04 9.6965E-04 1.7915E-03 5.8548E-03 9.5580E-03 1.2176E-02 1.3055E-02 1.4450E-02 1.7879E-02 2.6676E-02 3.5747E-02 4.9886E-02 6.3228E-02 6.8225E-02 5.4079E-03 6.9673E-02 5.1704E-02 2.6445E-02 1.0583E-02 3.7563E-03 5.3550E-04 7.8627E-05 0
 0 3.3705E-05 1.2995E-04 9.7480E-04 1.9846E-03 5.6290E-03 9.1886E-03 1.1500E-02 1.2696E-02 1.4450E-02 1.8126E-02 2.5085E-02 3.5938E-02 4.9927E-02 6.2494E-02 6.6736E-02 4.9684E-03 6.8004E-02 5.1348E-02 2.6844E-02 1.0764E-02 3.6651E-03 5.3550E-04 7.0685E-05 0
 0 3.7866E-05 9.7107E-05 9.7094E-04 1.6671E-03 5.1890E-03 8.7367E-03 1.1371E-02 1.2888E-02 1.4510E-02 1.7350E-02 2.4949E-02 3.5043E-02 4.8662E-02 6.1267E-02 6.6301E-02 5.0333E-03 6.7181E-02 5.0061E-02 2.5682E-02 1.0859E-02 3.9410E-03 5.8843E-04 6.9097E-05 0
 0 3.5786E-05 1.1353E-04 9.7995E-04 1.7748E-03 5.7151E-03 8.4949E-03 1.0741E-02 1.2375E-02 1.4534E-02 1.7258E-02 2.4626E-02 3.4376E-02 4.7921E-02 6.1753E-02 6.5064E-02 4.5442E-03 6.5782E-02 5.0102E-02 2.4993E-02 1.1057E-02 3.8845E-03 5.9473E-04 7.3862E-05 0
 0 3.7034E-05 8.6396E-05 9.3617E-04 1.6931E-03 5.3566E-03 8.7899E-03 1.0989E-02 1.2086E-02 1.3739E-02 1.7224E-02 2.4983E-02 3.3621E-02 4.7322E-02 5.9241E-02 6.5755E-02 4.8881E-03 6.3567E-02 4.8582E-02 2.5301E-02 1.0468E-02 3.5760E-03 5.2290E-04 6.5920E-05 0
 0 3.0793E-05 9.0680E-05 9.9540E-04 1.6783E-03 5.1843E-03 8.9254E-03 1.1240E-02 1.2334E-02 1.3945E-02 1.6897E-02 2.4276E-02 3.4354E-02 4.6779E-02 6.0225E-02 6.2009E-02 4.6817E-03 6.3541E-02 4.8313E-02 2.4513E-02 1.0930E-02 3.6477E-03 5.5188E-04 7.3465E-05 0
 0 3.4121E-05 9.8535E-05 9.0269E-04 1.6745E-03 5.5894E-03 8.6862E-03 1.0869E-02 1.2016E-02 1.3261E-02 1.6261E-02 2.4157E-02 3.3968E-02 4.6008E-02 5.8287E-02 6.1792E-02 4.4715E-03 6.2294E-02 4.7085E-02 2.4660E-02 1.0317E-02 3.6455E-03 5.1534E-04 6.8700E-05 0
 0 3.7242E-05 8.2826E-05 8.9367E-04 1.5669E-03 5.2798E-03 8.3061E-03 1.0684E-02 1.1526E-02 1.3590E-02 1.6134E-02 2.3759E-02 3.1738E-02 4.5443E-02 5.7060E-02 6.1104E-02 4.0359E-03 6.1216E-02 4.6920E-02 2.4086E-02 1.0358E-02 3.4935E-03 5.0778E-04 6.4729E-05 0
 0 3.6410E-05 8.6396E-05 8.9625E-04 1.4796E-03 5.2193E-03 8.6384E-03 1.0507E-02 1.1360E-02 1.3303E-02 1.6365E-02 2.3460E-02 3.3593E-02 4.4979E-02 5.6147E-02 5.9588E-02 4.1161E-03 5.9257E-02 4.7414E-02 2.4188E-02 1.0349E-02 3.6803E-03 5.7205E-04 6.2743E-05 0
 0 3.8907E-05 9.9963E-05 8.9367E-04 1.6077E-03 5.1657E-03 8.6836E-03 9.9475E-03 1.1789E-02 1.3285E-02 1.6036E-02 2.2470E-02 3.2178E-02 4.4282E-02 5.4950E-02 6.0329E-02 3.9556E-03 5.9142E-02 4.5255E-02 2.3631E-02 9.9195E-03 3.5434E-03 4.8888E-04 6.3934E-05 0
 0 4.0571E-05 9.7107E-05 9.0784E-04 1.6318E-03 5.1634E-03 8.0164E-03 9.8076E-03 1.1549E-02 1.2990E-02 1.5342E-02 2.3201E-02 3.2041E-02 4.3717E-02 5.3616E-02 5.8122E-02 3.8715E-03 5.8174E-02 4.4918E-02 2.3061E-02 1.0497E-02 3.6390E-03 4.9770E-04 6.9891E-05 0
 0 2.9128E-05 8.3540E-05 9.0011E-04 1.5242E-03 5.1005E-03 8.3433E-03 9.9189E-03 1.1593E-02 1.2608E-02 1.5551E-02 2.2848E-02 3.0547E-02 4.2388E-02 5.3711E-02 5.8435E-02 3.5467E-03 5.6863E-02 4.4304E-02 2.2606E-02 9.6766E-03 3.6455E-03 5.3046E-04 6.3934E-05 0
 0 3.3913E-05 9.9963E-05 9.6707E-04 1.5761E-03 5.0377E-03 7.9048E-03 1.0410E-02 1.1161E-02 1.2446E-02 1.5336E-02 2.2137E-02 3.0456E-02 4.2437E-02 5.3213E-02 5.6366E-02 3.2486E-03 5.6730E-02 4.3630E-02 2.2704E-02 9.7773E-03 3.6803E-03 5.2920E-04 6.0758E-05 0
 0 4.1403E-05 8.3540E-05 9.4003E-04 1.5149E-03 4.8724E-03 7.7931E-03 9.8248E-03 1.1293E-02 1.2243E-02 1.5126E-02 2.1964E-02 3.0763E-02 4.2561E-02 5.2727E-02 5.5488E-02 3.2638E-03 5.5849E-02 4.2653E-02 2.1972E-02 9.8455E-03 3.5760E-03 4.8888E-04 7.5451E-05 0
 0 3.4329E-05 1.0353E-04 9.1041E-04 1.5613E-03 5.0423E-03 8.2131E-03 9.3653E-03 1.0914E-02 1.2401E-02 1.4062E-02 2.1682E-02 2.9872E-02 4.1183E-02 5.1408E-02 5.5365E-02 3.5084E-03 5.5144E-02 4.2676E-02 2.2847E-02 9.9106E-03 3.3479E-03 4.3848E-04 7.1479E-05 0
 0 3.6410E-05 8.9966E-05 8.6534E-04 1.5891E-03 4.8189E-03 7.8277E-03 9.3482E-03 1.0896E-02 1.1700E-02 1.3641E-02 2.1393E-02 3.0121E-02 4.1520E-02 5.0268E-02 5.3498E-02 3.4932E-03 5.3345E-02 4.1002E-02 2.2221E-02 9.4070E-03 3.5977E-03 4.6872E-04 6.3140E-05 0
 0 3.8699E-05 1.0496E-04 9.0011E-04 1.4648E-03 4.9166E-03 7.7240E-03 9.3967E-03 1.1100E-02 1.2016E-02 1.3885E-02 2.0947E-02 2.9312E-02 4.1202E-02 4.9774E-02 5.3567E-02 3.3288E-03 5.2061E-02 4.0651E-02 2.1454E-02 9.1403E-03 3.4739E-03 4.4856E-04 6.2346E-05 0
 0 2.9960E-05 8.7824E-05 9.2587E-04 1.3868E-03 4.5907E-03 7.9181E-03 9.2940E-03 1.0733E-02 1.1577E-02 1.4008E-02 2.1015E-02 2.8266E-02 4.0708E-02 4.7680E-02 5.2513E-02 3.0880E-03 5.2392E-02 4.0168E-02 2.1192E-02 9.7684E-03 3.2545E-03 4.2084E-04 6.9097E-05 0
 0 2.7672E-05 8.4254E-05 8.1899E-04 1.3367E-03 4.5907E-03 7.4396E-03 9.1371E-03 1.0680E-02 1.1452E-02 1.3600E-02 1.9931E-02 2.7890E-02 3.9573E-02 4.7957E-02 5.1616E-02 3.0345E-03 5.2106E-02 4.0007E-02 2.1395E-02 8.6811E-03 3.0611E-03 4.3848E-04 5.7581E-05 0
 0 3.0793E-05 9.5679E-05 7.6748E-04 1.4295E-03 4.7886E-03 7.6603E-03 8.5264E-03 1.0088E-02 1.1562E-02 1.3777E-02 1.9696E-02 2.7696E-02 3.9068E-02 4.6912E-02 5.1211E-02 2.7938E-03 4.9800E-02 3.8910E-02 2.0208E-02 8.8085E-03 3.2306E-03 4.5234E-04 5.5992E-05 0
 0 3.5786E-05 9.6393E-05 7.5975E-04 1.3998E-03 4.7094E-03 7.4237E-03 8.7832E-03 1.0569E-02 1.1431E-02 1.3349E-02 1.9982E-02 2.6902E-02 3.8473E-02 4.6513E-02 5.0677E-02 2.7364E-03 4.8394E-02 3.8337E-02 2.0149E-02 8.8055E-03 3.3175E-03 4.9014E-04 6.1949E-05 0
 0 3.0584E-05 8.7824E-05 7.9581E-04 1.3218E-03 4.5465E-03 7.1579E-03 8.6891E-03 1.0531E-02 1.1147E-02 1.2675E-02 1.9771E-02 2.6945E-02 3.7148E-02 4.5841E-02 5.0085E-02 2.6523E-03 4.7708E-02 3.8255E-02 1.9844E-02 9.0040E-03 3.3544E-03 4.6368E-04 6.5920E-05 0
 0 3.3081E-05 9.1394E-05 8.6534E-04 1.3608E-03 4.5674E-03 7.3546E-03 8.4750E-03 1.0059E-02 1.1138E-02 1.2545E-02 1.9468E-02 2.6985E-02 3.7092E-02 4.3937E-02 4.9462E-02 2.6447E-03 4.7098E-02 3.6630E-02 2.0303E-02 8.4559E-03 3.1567E-03 4.3470E-04 5.2815E-05 0
 0 2.9960E-05 7.4258E-05 8.0096E-04 1.3292E-03 4.3905E-03 7.3174E-03 8.5435E-03 1.0065E-02 1.1010E-02 1.2510E-02 1.9516E-02 2.7133E-02 3.6882E-02 4.5062E-02 4.9084E-02 2.3581E-03 4.6927E-02 3.6731E-02 1.9225E-02 9.0218E-03 3.1024E-03 3.6666E-04 5.4801E-05 0
 0 3.5994E-05 6.8546E-05 8.8337E-04 1.3144E-03 4.4347E-03 7.2456E-03 8.5664E-03 9.8662E-03 1.0655E-02 1.2446E-02 1.9087E-02 2.7277E-02 3.6613E-02 4.2876E-02 4.7106E-02 2.4307E-03 4.5299E-02 3.6619E-02 1.8472E-02 8.7403E-03 3.2023E-03 4.6998E-04 5.1624E-05 0
 0 3.3497E-05 7.8542E-05 8.3315E-04 1.3107E-03 4.4510E-03 7.0861E-03 7.9471E-03 9.9800E-03 1.0523E-02 1.1848E-02 1.8404E-02 2.6006E-02 3.5224E-02 4.2873E-02 4.6610E-02 2.4383E-03 4.4739E-02 3.5223E-02 1.8889E-02 8.5300E-03 3.2132E-03 4.3722E-04 5.7581E-05 0
 0 3.0793E-05 7.6400E-05 8.0740E-04 1.2902E-03 4.2625E-03 7.1792E-03 7.7474E-03 1.0024E-02 1.0693E-02 1.2070E-02 1.8404E-02 2.5415E-02 3.4909E-02 4.2215E-02 4.6770E-02 2.1020E-03 4.2997E-02 3.5178E-02 1.9137E-02 8.2574E-03 2.9807E-03 4.5486E-04 5.9169E-05 0
 0 3.0584E-05 8.2826E-05 7.6619E-04 1.2494E-03 4.3160E-03 7.1021E-03 8.0384E-03 9.1602E-03 1.0669E-02 1.2041E-02 1.7724E-02 2.4386E-02 3.5497E-02 4.0862E-02 4.5071E-02 2.1784E-03 4.2837E-02 3.4939E-02 1.8080E-02 8.4974E-03 3.1784E-03 3.9690E-04 5.0433E-05 0
 0 3.1833E-05 6.9974E-05 8.2285E-04 1.3961E-03 4.2974E-03 7.1207E-03 7.7331E-03 9.3849E-03 1.0326E-02 1.2095E-02 1.8061E-02 2.4635E-02 3.3929E-02 4.0763E-02 4.4327E-02 2.2090E-03 4.2925E-02 3.3535E-02 1.8612E-02 7.6648E-03 2.9634E-03 4.2840E-04 5.4007E-05 0
 0 2.9752E-05 7.8542E-05 7.8293E-04 1.2810E-03 4.3323E-03 6.8310E-03 7.3878E-03 9.6357E-03 1.0416E-02 1.1699E-02 1.7024E-02 2.4213E-02 3.3270E-02 4.0208E-02 4.2448E-02 2.2625E-03 4.1236E-02 3.3860E-02 1.7643E-02 7.9878E-03 3.0894E-03 4.2336E-04 5.1227E-05 0
 0 2.7464E-05 8.5682E-05 8.2800E-04 1.2271E-03 4.1810E-03 6.8974E-03 7.2024E-03 9.0348E-03 1.0102E-02 1.1889E-02 1.7540E-02 2.3751E-02 3.3158E-02 3.8905E-02 4.3968E-02 1.9874E-03 3.9464E-02 3.2666E-02 1.8070E-02 7.9937E-03 2.9590E-03 4.3092E-04 5.8772E-05 0
 0 3.2457E-05 7.4258E-05 7.5846E-04 1.1120E-03 4.4441E-03 6.6130E-03 7.5733E-03 8.8627E-03 1.0016E-02 1.1477E-02 1.6983E-02 2.3228E-02 3.2154E-02 3.8331E-02 4.1562E-02 1.8536E-03 4.0832E-02 3.3381E-02 1.7233E-02 7.7893E-03 3.1067E-03 4.2588E-04 5.8375E-05 0
 0 2.8088E-05 7.4972E-05 7.9323E-04 1.1993E-03 4.1717E-03 6.7220E-03 7.5505E-03 8.9123E-03 9.3317E-03 1.0717E-02 1.6918E-02 2.3946E-02 3.2581E-02 3.7392E-02 4.2139E-02 1.9835E-03 3.8938E-02 3.2217E-02 1.7062E-02 7.7952E-03 2.8569E-03 3.6918E-04 5.2418E-05 0
 0 2.4967E-05 6.4976E-05 6.7863E-04 1.2123E-03 4.0809E-03 6.3897E-03 7.0911E-03 9.1690E-03 9.4541E-03 1.1205E-02 1.6939E-02 2.3242E-02 3.1922E-02 3.7465E-02 4.0741E-02 1.7695E-03 3.8724E-02 3.1008E-02 1.7023E-02 8.0263E-03 3.0981E-03 3.8178E-04 6.1949E-05 0
 0 2.3511E-05 7.4258E-05 7.2498E-04 1.2847E-03 4.2136E-03 6.5386E-03 6.5774E-03 8.4280E-03 9.3168E-03 1.0973E-02 1.6653E-02 2.2964E-02 3.0904E-02 3.6693E-02 4.0081E-02 1.9262E-03 3.7421E-02 3.1630E-02 1.6449E-02 7.4248E-03 2.7331E-03 4.2714E-04 4.0505E-05 0
 0 2.7672E-05 7.2830E-05 8.0740E-04 1.2049E-03 4.0064E-03 6.3791E-03 7.3108E-03 8.7460E-03 9.2242E-03 1.1024E-02 1.6469E-02 2.2661E-02 3.0440E-02 3.6290E-02 3.9523E-02 1.8689E-03 3.7165E-02 3.0750E-02 1.6099E-02 7.6263E-03 3.1111E-03 3.8934E-04 4.8447E-05 0
 0 3.1833E-05 7.6400E-05 8.1899E-04 1.1974E-03 4.1950E-03 6.6635E-03 6.6887E-03 8.6730E-03 9.2600E-03 1.0178E-02 1.6024E-02 2.1362E-02 3.0627E-02 3.6305E-02 3.9283E-02 1.7313E-03 3.5782E-02 2.9986E-02 1.6376E-02 7.2500E-03 2.9156E-03 3.7170E-04 5.1227E-05 0
 0 2.6007E-05 4.9267E-05 6.9794E-04 1.1065E-03 4.1275E-03 6.1505E-03 6.4233E-03 8.5564E-03 8.9853E-03 1.0048E-02 1.6092E-02 2.1654E-02 3.0133E-02 3.4428E-02 3.7881E-02 1.6396E-03 3.6388E-02 3.0185E-02 1.6253E-02 7.9137E-03 3.0503E-03 3.6792E-04 4.1299E-05 0
 0 2.4135E-05 6.8546E-05 7.1082E-04 1.1195E-03 4.0064E-03 6.6316E-03 6.6516E-03 8.0721E-03 9.1675E-03 9.9692E-03 1.6051E-02 2.1380E-02 3.0361E-02 3.3417E-02 3.7507E-02 1.6625E-03 3.5195E-02 2.9511E-02 1.5868E-02 6.9419E-03 2.9373E-03 3.1500E-04 4.8844E-05 0
 0 3.2249E-05 5.3551E-05 7.7005E-04 1.1046E-03 3.9808E-03 6.0947E-03 6.3520E-03 8.5534E-03 8.8121E-03 9.9629E-03 1.5674E-02 2.0817E-02 2.9661E-02 3.4128E-02 3.7732E-02 1.5937E-03 3.3213E-02 2.9567E-02 1.5809E-02 7.2500E-03 3.0003E-03 3.9186E-04 5.1624E-05 0
 0 2.4551E-05 6.9260E-05 7.5331E-04 1.1157E-03 3.7084E-03 6.4695E-03 6.4661E-03 8.6905E-03 8.8898E-03 9.7221E-03 1.5194E-02 2.0413E-02 2.8741E-02 3.3204E-02 3.6957E-02 1.4103E-03 3.3686E-02 2.7793E-02 1.5687E-02 6.7167E-03 2.8395E-03 3.6540E-04 5.2021E-05 0
 0 2.7672E-05 7.7114E-05 7.1468E-04 1.0805E-03 3.8970E-03 5.9831E-03 6.2807E-03 8.2792E-03 8.6210E-03 9.5637E-03 1.5018E-02 2.0550E-02 2.7644E-02 3.1669E-02 3.5774E-02 1.4408E-03 3.3236E-02 2.8220E-02 1.5263E-02 7.1167E-03 2.9134E-03 3.7296E-04 6.0758E-05 0
 0 2.3719E-05 5.4265E-05 6.6317E-04 1.1640E-03 3.9389E-03 6.2489E-03 6.1037E-03 8.1567E-03 8.7912E-03 9.6303E-03 1.4725E-02 2.0788E-02 2.8288E-02 3.2589E-02 3.5243E-02 1.3835E-03 3.2409E-02 2.6505E-02 1.5029E-02 6.9508E-03 2.9481E-03 3.8052E-04 5.2815E-05 0
 0 2.6423E-05 6.2834E-05 7.8036E-04 9.9136E-04 3.7829E-03 5.9273E-03 6.2379E-03 8.1363E-03 8.3881E-03 9.4972E-03 1.4718E-02 1.9388E-02 2.6798E-02 3.0871E-02 3.5094E-02 1.5784E-03 3.1810E-02 2.6603E-02 1.4868E-02 7.0930E-03 2.7678E-03 3.5910E-04 4.8844E-05 0
 0 2.3719E-05 6.7832E-05 7.0052E-04 1.1046E-03 3.8714E-03 5.9645E-03 5.8697E-03 7.9408E-03 8.4299E-03 8.8731E-03 1.4545E-02 1.9777E-02 2.6629E-02 3.1365E-02 3.4258E-02 1.5173E-03 3.1018E-02 2.6389E-02 1.4052E-02 6.7701E-03 2.7548E-03 3.1374E-04 4.5667E-05 0
 0 2.1222E-05 4.9981E-05 5.6917E-04 1.0173E-03 3.8411E-03 6.0097E-03 5.8241E-03 7.7045E-03 8.1343E-03 8.9302E-03 1.4253E-02 1.9673E-02 2.5637E-02 3.0331E-02 3.4544E-02 1.3262E-03 3.1277E-02 2.6355E-02 1.4367E-02 6.8975E-03 2.9090E-03 3.5028E-04 3.8122E-05 0
 0 2.8504E-05 5.5694E-05 7.5589E-04 1.0768E-03 3.4221E-03 6.0575E-03 5.9582E-03 8.0633E-03 7.5669E-03 8.7940E-03 1.4290E-02 1.8933E-02 2.6686E-02 2.9487E-02 3.3338E-02 1.3835E-03 3.0114E-02 2.5311E-02 1.4119E-02 6.6752E-03 2.7765E-03 2.8728E-04 4.4476E-05 0
 0 2.6007E-05 5.1409E-05 6.6317E-04 1.0285E-03 3.8993E-03 6.0894E-03 5.9554E-03 7.8358E-03 7.9521E-03 8.5152E-03 1.3937E-02 1.8756E-02 2.6075E-02 3.0080E-02 3.2547E-02 1.3911E-03 2.9428E-02 2.5719E-02 1.4409E-02 6.5449E-03 2.7961E-03 3.5280E-04 4.3682E-05 0
 0 2.9128E-05 4.9267E-05 7.7520E-04 9.7279E-04 3.6316E-03 5.6003E-03 5.6814E-03 7.4069E-03 7.8476E-03 8.4487E-03 1.3610E-02 1.8760E-02 2.4855E-02 2.8746E-02 3.2204E-02 1.2994E-03 2.9131E-02 2.4798E-02 1.4073E-02 6.6190E-03 2.8091E-03 3.7800E-04 3.8122E-05 0
 0 2.3927E-05 6.4976E-05 7.0052E-04 1.1529E-03 3.7154E-03 5.8263E-03 5.7470E-03 8.0108E-03 7.6834E-03 8.2808E-03 1.3852E-02 1.8161E-02 2.5184E-02 2.8135E-02 3.0928E-02 1.3759E-03 2.8696E-02 2.4259E-02 1.3030E-02 6.5034E-03 2.5636E-03 3.6540E-04 4.1299E-05 0
 0 2.2470E-05 5.0695E-05 6.4257E-04 9.8393E-04 3.2289E-03 5.6588E-03 5.2106E-03 7.2348E-03 7.2444E-03 8.2966E-03 1.2998E-02 1.7998E-02 2.4986E-02 2.8020E-02 3.1661E-02 1.4064E-03 2.7218E-02 2.3455E-02 1.3230E-02 6.3345E-03 2.6462E-03 3.0870E-04 4.8844E-05 0
 0 2.6423E-05 6.9974E-05 7.3271E-04 9.6722E-04 3.5152E-03 5.5419E-03 5.0993E-03 7.4361E-03 7.4056E-03 7.8151E-03 1.2617E-02 1.7395E-02 2.4657E-02 2.7473E-02 3.0783E-02 1.2268E-03 2.7751E-02 2.3413E-02 1.3030E-02 5.9553E-03 2.4463E-03 3.4146E-04 4.4873E-05 0
 0 2.2262E-05 5.7836E-05 6.4386E-04 1.0508E-03 3.5478E-03 5.4036E-03 5.3105E-03 7.2903E-03 7.2295E-03 8.3409E-03 1.2866E-02 1.7251E-02 2.4136E-02 2.6721E-02 3.0455E-02 1.1274E-03 2.6261E-02 2.3544E-02 1.3335E-02 6.2279E-03 2.7048E-03 3.4398E-04 4.6859E-05 0
 0 2.2054E-05 4.3555E-05 6.8635E-04 8.8183E-04 3.4477E-03 5.5020E-03 5.3047E-03 7.2027E-03 7.5281E-03 7.8943E-03 1.2876E-02 1.7388E-02 2.4226E-02 2.5999E-02 3.0344E-02 1.1542E-03 2.6665E-02 2.3331E-02 1.2320E-02 6.4471E-03 2.5853E-03 3.2004E-04 4.2093E-05 0
 0 2.1222E-05 5.2837E-05 5.5243E-04 9.3566E-04 3.4337E-03 5.7704E-03 5.4332E-03 7.0014E-03 7.5072E-03 7.6155E-03 1.2369E-02 1.6843E-02 2.3047E-02 2.5299E-02 2.9393E-02 1.2574E-03 2.4763E-02 2.2275E-02 1.2729E-02 6.1093E-03 2.5962E-03 3.2634E-04 3.8122E-05 0
 0 2.2678E-05 5.6408E-05 6.4257E-04 8.4655E-04 3.2801E-03 5.1990E-03 5.0365E-03 7.1211E-03 7.4146E-03 8.0242E-03 1.2124E-02 1.6237E-02 2.3448E-02 2.5182E-02 2.8103E-02 1.0586E-03 2.5419E-02 2.2481E-02 1.2222E-02 6.3345E-03 2.5832E-03 2.9106E-04 3.5343E-05 0
 0 2.6839E-05 5.9978E-05 6.2325E-04 9.6537E-04 3.3662E-03 4.9332E-03 5.0593E-03 6.9577E-03 6.9876E-03 7.4539E-03 1.2403E-02 1.6515E-02 2.2897E-02 2.4429E-02 2.8286E-02 9.4399E-04 2.4027E-02 2.1575E-02 1.2428E-02 6.3227E-03 2.3203E-03 3.2004E-04 3.3357E-05 0
 0 2.5591E-05 7.1402E-05 6.8249E-04 8.8183E-04 3.5082E-03 5.4382E-03 5.0993E-03 7.0569E-03 7.3638E-03 7.5015E-03 1.2284E-02 1.7016E-02 2.1512E-02 2.4212E-02 2.7240E-02 1.0166E-03 2.3490E-02 2.0651E-02 1.2330E-02 6.0916E-03 2.5332E-03 2.7216E-04 4.0902E-05 0
 0 2.4551E-05 5.5694E-05 5.5758E-04 9.5980E-04 3.3150E-03 5.2575E-03 4.8824E-03 6.7506E-03 6.6890E-03 7.1720E-03 1.1876E-02 1.5512E-02 2.2377E-02 2.3950E-02 2.7427E-02 9.8985E-04 2.3540E-02 2.1452E-02 1.1847E-02 5.8694E-03 2.5310E-03 2.8602E-04 3.6534E-05 0
 0 2.3719E-05 6.0692E-05 6.2969E-04 9.1339E-04 3.2265E-03 5.2229E-03 4.6827E-03 6.7476E-03 6.7487E-03 7.0928E-03 1.1822E-02 1.5685E-02 2.1969E-02 2.3388E-02 2.6743E-02 1.1160E-03 2.2587E-02 2.0131E-02 1.1651E-02 5.6086E-03 2.2269E-03 2.8728E-04 3.4548E-05 0
 0 2.1014E-05 4.4983E-05 6.1424E-04 8.3170E-04 3.4058E-03 5.1352E-03 4.3716E-03 6.3538E-03 6.3396E-03 6.7855E-03 1.1295E-02 1.5645E-02 2.1258E-02 2.3152E-02 2.6159E-02 9.7839E-04 2.1958E-02 1.9805E-02 1.1364E-02 5.6205E-03 2.5766E-03 3.1878E-04 4.6462E-05 0
 0 2.2470E-05 5.4265E-05 6.1424E-04 9.0410E-04 3.3220E-03 5.0873E-03 4.2375E-03 6.5639E-03 6.5247E-03 6.9598E-03 1.1400E-02 1.5483E-02 2.0917E-02 2.3008E-02 2.6201E-02 1.0204E-03 2.1615E-02 2.0520E-02 1.1620E-02 5.6175E-03 2.4354E-03 2.8098E-04 3.9711E-05 0
 0 2.4343E-05 5.7122E-05 6.2583E-04 7.6858E-04 3.2987E-03 5.1325E-03 4.6285E-03 6.3071E-03 6.6651E-03 6.9059E-03 1.1302E-02 1.4833E-02 2.0419E-02 2.2586E-02 2.5525E-02 9.2870E-04 2.1550E-02 1.9966E-02 1.1357E-02 5.4397E-03 2.4811E-03 3.2256E-04 3.3357E-05 0
 0 1.9557E-05 4.7125E-05 5.6273E-04 9.1710E-04 3.3569E-03 5.0182E-03 4.5428E-03 6.9635E-03 6.5128E-03 6.4497E-03 1.1247E-02 1.5302E-02 2.0034E-02 2.2020E-02 2.5205E-02 9.5164E-04 2.1683E-02 1.9408E-02 1.1137E-02 5.3183E-03 2.2899E-03 2.4948E-04 3.4548E-05 0
 0 2.3094E-05 5.0695E-05 6.0523E-04 9.3009E-04 3.1939E-03 5.0661E-03 4.4230E-03 5.8404E-03 6.5785E-03 6.3389E-03 1.1601E-02 1.5010E-02 1.9873E-02 2.1271E-02 2.3517E-02 1.0510E-03 2.1527E-02 1.8749E-02 1.0969E-02 5.4279E-03 2.5549E-03 3.1752E-04 4.1696E-05 0
 0 2.3302E-05 6.4976E-05 6.0780E-04 8.6512E-04 3.1078E-03 4.8827E-03 4.2261E-03 6.3538E-03 6.2769E-03 6.6398E-03 1.0982E-02 1.4432E-02 1.9723E-02 2.1370E-02 2.4288E-02 9.7839E-04 2.0250E-02 1.8731E-02 1.0951E-02 5.6412E-03 2.2920E-03 3.0870E-04 3.3754E-05 0
 0 1.5396E-05 4.1413E-05 5.9364E-04 8.1499E-04 3.1637E-03 5.1751E-03 4.5286E-03 6.0183E-03 6.1813E-03 6.4212E-03 1.1019E-02 1.4393E-02 1.9210E-02 2.1347E-02 2.4181E-02 8.2934E-04 2.0147E-02 1.8749E-02 1.0678E-02 5.2175E-03 2.3833E-03 2.7342E-04 2.8989E-05 0
 0 1.8725E-05 4.7839E-05 5.8076E-04 7.7044E-04 3.0985E-03 4.7205E-03 4.4601E-03 5.9308E-03 5.7752E-03 6.0316E-03 1.0955E-02 1.3498E-02 1.8941E-02 2.0085E-02 2.3429E-02 8.1787E-04 1.9717E-02 1.8484E-02 1.1154E-02 5.2916E-03 2.3072E-03 2.9484E-04 4.1299E-05 0
 0 1.8309E-05 4.2841E-05 5.5501E-04 8.3356E-04 3.1683E-03 4.8853E-03 3.7011E-03 6.2605E-03 6.1335E-03 6.0506E-03 1.0730E-02 1.3581E-02 1.9109E-02 1.9967E-02 2.2811E-02 7.7201E-04 2.0201E-02 1.7829E-02 1.0510E-02 5.2561E-03 2.2442E-03 2.7846E-04 3.7725E-05 0
 0 2.6007E-05 5.5694E-05 5.7303E-04 7.7044E-04 3.1730E-03 4.8720E-03 3.7695E-03 5.8141E-03 5.9275E-03 5.8193E-03 1.0275E-02 1.3530E-02 1.9061E-02 1.9591E-02 2.3032E-02 8.7138E-04 1.8375E-02 1.7477E-02 1.0160E-02 5.2294E-03 2.2225E-03 2.5704E-04 4.2888E-05 0
 0 1.9557E-05 6.0692E-05 5.7947E-04 7.5930E-04 2.9844E-03 4.7312E-03 4.1348E-03 6.1934E-03 5.5274E-03 5.9999E-03 1.0214E-02 1.3397E-02 1.8402E-02 1.8542E-02 2.2089E-02 8.1023E-04 1.8463E-02 1.7091E-02 1.0255E-02 5.0872E-03 2.2942E-03 2.4822E-04 3.6931E-05 0
 0 2.0182E-05 4.6411E-05 5.9492E-04 8.2799E-04 3.1753E-03 4.5983E-03 3.7752E-03 5.8170E-03 5.6140E-03 5.5818E-03 9.9245E-03 1.3642E-02 1.8346E-02 1.8687E-02 2.2077E-02 7.4143E-04 1.7921E-02 1.6631E-02 9.9187E-03 4.8235E-03 2.2790E-03 2.5830E-04 4.5270E-05 0
 0 1.7893E-05 3.9985E-05 5.9364E-04 8.0385E-04 2.9123E-03 4.7232E-03 3.8808E-03 5.5837E-03 5.7961E-03 5.6166E-03 9.7681E-03 1.2523E-02 1.7462E-02 1.8599E-02 2.0630E-02 8.1405E-04 1.7415E-02 1.6998E-02 9.7262E-03 5.0516E-03 2.1465E-03 2.6586E-04 4.1299E-05 0
 0 1.6437E-05 3.9271E-05 5.5243E-04 7.6115E-04 3.3220E-03 4.4601E-03 3.9179E-03 5.5982E-03 5.7065E-03 5.4772E-03 9.6797E-03 1.2592E-02 1.7088E-02 1.8231E-02 2.1505E-02 7.6054E-04 1.7441E-02 1.6343E-02 9.5512E-03 4.9953E-03 2.2595E-03 2.7972E-04 2.9386E-05 0
 0 1.6645E-05 4.2841E-05 5.7046E-04 6.9803E-04 2.8960E-03 4.5052E-03 3.4043E-03 5.7908E-03 5.1750E-03 5.6166E-03 9.4791E-03 1.2502E-02 1.6261E-02 1.6836E-02 2.0684E-02 7.3379E-04 1.6641E-02 1.6706E-02 9.8067E-03 4.7405E-03 2.3072E-03 3.1122E-04 3.8519E-05 0
 0 1.9974E-05 5.0695E-05 6.1424E-04 8.7254E-04 2.9286E-03 4.4946E-03 3.7439E-03 5.4028E-03 5.4497E-03 5.4709E-03 9.6593E-03 1.2632E-02 1.7118E-02 1.7433E-02 2.0730E-02 7.1086E-04 1.6157E-02 1.6081E-02 9.1872E-03 4.6102E-03 2.2529E-03 2.3058E-04 2.7798E-05 0
 0 1.7477E-05 4.4983E-05 5.8720E-04 7.0917E-04 2.7214E-03 4.4308E-03 3.5070E-03 5.7558E-03 5.3303E-03 5.1858E-03 9.0915E-03 1.2213E-02 1.6474E-02 1.7562E-02 2.0088E-02 7.3761E-04 1.5558E-02 1.5624E-02 8.7357E-03 4.5153E-03 2.1334E-03 2.3436E-04 3.1372E-05 0
 0 2.0182E-05 3.7129E-05 5.3054E-04 7.1103E-04 2.8657E-03 4.5159E-03 3.2131E-03 5.4232E-03 5.1063E-03 5.5659E-03 9.1289E-03 1.2242E-02 1.6395E-02 1.6756E-02 2.0164E-02 6.3825E-04 1.6538E-02 1.5388E-02 9.2852E-03 4.7968E-03 2.2529E-03 2.7090E-04 4.0505E-05 0
 0 2.1846E-05 3.6415E-05 5.5887E-04 8.0200E-04 3.0566E-03 4.2581E-03 3.4128E-03 5.5807E-03 5.2287E-03 4.6567E-03 8.7175E-03 1.1877E-02 1.6620E-02 1.6015E-02 1.9534E-02 6.8411E-04 1.6023E-02 1.4658E-02 8.5817E-03 4.8264E-03 2.2790E-03 2.3814E-04 3.0180E-05 0
 0 1.5812E-05 5.8550E-05 5.3440E-04 7.3702E-04 2.8797E-03 4.2501E-03 3.4328E-03 5.6099E-03 4.9480E-03 4.7613E-03 9.0303E-03 1.1675E-02 1.5216E-02 1.6095E-02 1.9038E-02 6.5735E-04 1.5124E-02 1.4808E-02 8.6972E-03 4.3791E-03 2.1161E-03 2.2806E-04 3.0180E-05 0
 0 1.6228E-05 3.8557E-05 5.7046E-04 7.1660E-04 2.7307E-03 4.3617E-03 3.4014E-03 5.2190E-03 5.2646E-03 4.6536E-03 8.7379E-03 1.1213E-02 1.5654E-02 1.6300E-02 1.9214E-02 6.3442E-04 1.4922E-02 1.4752E-02 8.8337E-03 4.6072E-03 2.1421E-03 2.3688E-04 3.4548E-05 0
 0 1.4356E-05 3.6415E-05 5.6659E-04 7.5373E-04 2.5747E-03 4.0640E-03 3.1161E-03 5.2657E-03 5.1153E-03 4.7708E-03 8.5611E-03 1.1390E-02 1.4846E-02 1.5418E-02 1.8259E-02 5.8856E-04 1.4686E-02 1.4486E-02 8.5257E-03 4.4561E-03 2.1248E-03 2.4192E-04 3.3754E-05 0
 0 2.2678E-05 3.0703E-05 5.5758E-04 6.6647E-04 2.7004E-03 4.2713E-03 3.3158E-03 5.1957E-03 4.7092E-03 4.9292E-03 7.8675E-03 1.0917E-02 1.5216E-02 1.5494E-02 1.8366E-02 5.5034E-04 1.4434E-02 1.3621E-02 8.0252E-03 4.7198E-03 2.0096E-03 2.4318E-04 2.8592E-05 0
 0 1.4356E-05 3.4273E-05 5.1637E-04 6.7204E-04 2.9495E-03 4.1571E-03 2.9934E-03 5.0265E-03 4.7360E-03 4.5554E-03 8.2653E-03 1.1163E-02 1.4520E-02 1.4506E-02 1.7644E-02 6.0003E-04 1.3641E-02 1.4018E-02 8.3017E-03 4.4265E-03 1.9944E-03 2.4318E-04 3.0974E-05 0
 0 1.3524E-05 4.0699E-05 5.4857E-04 7.0546E-04 2.7097E-03 4.0534E-03 3.0133E-03 4.9739E-03 4.9033E-03 4.4287E-03 8.1463E-03 9.9933E-03 1.4456E-02 1.4932E-02 1.8034E-02 6.3825E-04 1.3588E-02 1.3479E-02 8.2597E-03 4.1391E-03 2.2008E-03 2.1672E-04 2.3429E-05 0
 0 1.4980E-05 3.6415E-05 5.2024E-04 6.3491E-04 2.7121E-03 4.1278E-03 3.2274E-03 4.9710E-03 4.8226E-03 4.4287E-03 8.1293E-03 1.0390E-02 1.4434E-02 1.4411E-02 1.7068E-02 6.3825E-04 1.3054E-02 1.2364E-02 7.9622E-03 4.0383E-03 2.0205E-03 2.3184E-04 3.7725E-05 0
 0 2.2054E-05 4.6411E-05 5.2410E-04 7.5930E-04 2.6539E-03 3.9763E-03 3.1018E-03 4.9856E-03 4.6226E-03 4.5744E-03 7.5411E-03 1.0405E-02 1.4355E-02 1.4008E-02 1.7488E-02 5.9621E-04 1.2677E-02 1.3917E-02 7.7033E-03 4.1628E-03 1.8706E-03 2.4444E-04 2.7798E-05 0
 0 2.0598E-05 5.2123E-05 5.4728E-04 6.7761E-04 2.4956E-03 4.1384E-03 3.2502E-03 5.2132E-03 4.6942E-03 4.1531E-03 8.0545E-03 1.0538E-02 1.3663E-02 1.3499E-02 1.6934E-02 6.2296E-04 1.3073E-02 1.2472E-02 7.9272E-03 4.2576E-03 2.0379E-03 2.7090E-04 4.4079E-05 0
 0 1.8101E-05 3.0703E-05 5.3183E-04 5.9778E-04 2.6329E-03 3.7690E-03 2.9220E-03 5.1315E-03 4.4971E-03 4.5015E-03 8.2245E-03 9.9464E-03 1.3708E-02 1.3271E-02 1.6445E-02 5.6563E-04 1.2700E-02 1.2528E-02 7.8852E-03 3.8902E-03 1.9509E-03 2.2050E-04 3.4151E-05 0
 0 2.1222E-05 4.4983E-05 5.3054E-04 6.3120E-04 2.5607E-03 3.5590E-03 2.7794E-03 4.5189E-03 4.3030E-03 4.1087E-03 7.7383E-03 1.0001E-02 1.3124E-02 1.3286E-02 1.5556E-02 6.0385E-04 1.2277E-02 1.2075E-02 7.6718E-03 4.0798E-03 1.9835E-03 2.0412E-04 3.0577E-05 0
 0 1.5604E-05 3.3559E-05 5.0736E-04 7.2588E-04 2.7284E-03 3.9577E-03 2.8050E-03 4.9623E-03 4.4613E-03 4.2639E-03 7.7349E-03 9.9609E-03 1.3120E-02 1.2382E-02 1.5941E-02 5.6563E-04 1.1354E-02 1.2087E-02 7.2938E-03 4.3316E-03 1.7924E-03 2.1168E-04 3.6534E-05 0
 0 1.5188E-05 2.8561E-05 4.9448E-04 5.9222E-04 2.5002E-03 4.1066E-03 2.9477E-03 4.9010E-03 4.2493E-03 4.1245E-03 7.2386E-03 9.8093E-03 1.3030E-02 1.2986E-02 1.5350E-02 5.7710E-04 1.2014E-02 1.1297E-02 7.0523E-03 4.1183E-03 1.8814E-03 2.2428E-04 3.3754E-05 0
 0 2.2678E-05 4.4983E-05 4.6615E-04 6.2563E-04 2.5305E-03 3.8727E-03 2.7366E-03 4.7172E-03 4.1060E-03 4.0517E-03 7.2318E-03 9.4845E-03 1.2869E-02 1.2682E-02 1.4853E-02 4.4715E-04 1.1286E-02 1.1634E-02 7.1188E-03 4.2161E-03 1.8293E-03 2.2302E-04 3.3754E-05 0
 0 1.7685E-05 1.4994E-05 5.4213E-04 6.6462E-04 2.4700E-03 3.7265E-03 2.5710E-03 4.5422E-03 4.2732E-03 3.8774E-03 6.7830E-03 9.5025E-03 1.2166E-02 1.2340E-02 1.5479E-02 5.1595E-04 1.1305E-02 1.1870E-02 6.8738E-03 4.1391E-03 1.9314E-03 2.3184E-04 3.6931E-05 0
 0 1.9141E-05 4.5697E-05 4.2366E-04 6.5162E-04 2.4281E-03 3.7238E-03 2.5425E-03 4.4255E-03 4.0582E-03 4.0897E-03 7.0074E-03 9.5891E-03 1.2585E-02 1.2272E-02 1.4746E-02 4.0129E-04 1.1099E-02 1.1521E-02 7.1608E-03 3.8991E-03 1.8640E-03 1.9782E-04 2.7400E-05 0
 0 1.2067E-05 4.1413E-05 4.7388E-04 6.4977E-04 2.4723E-03 3.8248E-03 2.6823E-03 4.4313E-03 4.4195E-03 3.7856E-03 7.2522E-03 9.0153E-03 1.2993E-02 1.1789E-02 1.4410E-02 5.3123E-04 1.0855E-02 1.1080E-02 6.8248E-03 3.3687E-03 1.8336E-03 2.0034E-04 2.1047E-05 0
 0 1.5396E-05 3.4987E-05 4.7903E-04 6.8504E-04 2.3419E-03 3.7451E-03 2.6481E-03 4.2388E-03 4.2971E-03 3.9155E-03 6.9428E-03 8.8060E-03 1.2154E-02 1.1542E-02 1.3883E-02 5.2741E-04 1.0706E-02 1.1083E-02 6.6638E-03 3.5998E-03 1.8119E-03 2.1798E-04 2.9386E-05 0
 0 1.2692E-05 3.6415E-05 5.5243E-04 5.7179E-04 2.4374E-03 3.6574E-03 2.4541E-03 4.3001E-03 4.0582E-03 3.6937E-03 6.8068E-03 8.6905E-03 1.1993E-02 1.1337E-02 1.3960E-02 4.8919E-04 1.0131E-02 1.0896E-02 6.6288E-03 3.6680E-03 1.9205E-03 1.9908E-04 2.8989E-05 0
 0 1.2067E-05 3.3559E-05 4.6487E-04 5.7736E-04 2.3908E-03 3.6069E-03 2.4626E-03 4.4605E-03 3.6371E-03 3.7159E-03 6.1982E-03 8.4703E-03 1.1866E-02 1.0862E-02 1.2868E-02 4.5480E-04 1.0138E-02 1.0305E-02 6.3103E-03 3.7806E-03 1.8228E-03 2.0664E-04 2.3826E-05 0
 0 1.5604E-05 4.2841E-05 4.9319E-04 5.4766E-04 2.4443E-03 3.6414E-03 2.2144E-03 4.3117E-03 3.9089E-03 3.8489E-03 6.2322E-03 8.5461E-03 1.1578E-02 1.0406E-02 1.3379E-02 5.0448E-04 9.0331E-03 1.0230E-02 6.2543E-03 3.5050E-03 1.9879E-03 2.1924E-04 1.9855E-05 0
 0 1.2483E-05 3.3559E-05 4.9191E-04 6.2378E-04 2.4141E-03 3.5670E-03 2.5197E-03 4.1425E-03 3.8611E-03 3.6209E-03 6.5076E-03 8.3693E-03 1.1406E-02 1.0371E-02 1.3410E-02 4.5862E-04 9.2961E-03 1.0032E-02 6.1423E-03 3.6739E-03 1.8336E-03 1.9152E-04 3.0180E-05 0
 0 1.7269E-05 3.0703E-05 4.8289E-04 5.8479E-04 2.4001E-03 3.4793E-03 2.3799E-03 4.3321E-03 3.6819E-03 3.2154E-03 5.9602E-03 8.7482E-03 1.0934E-02 1.0725E-02 1.3047E-02 4.6244E-04 9.3990E-03 9.8183E-03 6.1563E-03 3.6383E-03 1.9075E-03 1.9530E-04 2.6606E-05 0
 0 1.8101E-05 3.6415E-05 4.1336E-04 5.0682E-04 2.1068E-03 3.4527E-03 2.2857E-03 4.2475E-03 3.8223E-03 3.2439E-03 6.2186E-03 8.4739E-03 1.0859E-02 1.0189E-02 1.3127E-02 4.5862E-04 8.6596E-03 9.6012E-03 6.2543E-03 3.7687E-03 1.7141E-03 2.0286E-04 3.5343E-05 0
 0 1.4980E-05 3.2845E-05 4.5843E-04 4.9754E-04 2.2302E-03 3.3118E-03 2.2800E-03 3.9879E-03 3.5834E-03 3.3484E-03 6.2832E-03 8.1924E-03 1.0713E-02 9.7177E-03 1.2238E-02 4.9302E-04 8.4729E-03 9.6087E-03 5.9953E-03 3.4132E-03 1.7685E-03 1.9656E-04 3.2563E-05 0
 0 1.4564E-05 3.3559E-05 5.1766E-04 5.8479E-04 2.3699E-03 3.4607E-03 2.3057E-03 3.9617E-03 3.6371E-03 3.3928E-03 6.1438E-03 8.2430E-03 1.0537E-02 9.7557E-03 1.2020E-02 4.3569E-04 8.6101E-03 9.1632E-03 5.6628E-03 3.2947E-03 1.8228E-03 2.2428E-04 3.3357E-05 0
 0 1.3108E-05 2.7847E-05 5.0994E-04 5.5880E-04 2.3117E-03 3.4128E-03 2.0603E-03 3.9208E-03 3.6043E-03 3.1615E-03 5.9942E-03 7.5717E-03 1.0298E-02 9.7595E-03 1.2341E-02 3.7072E-04 8.3890E-03 8.7777E-03 5.8518E-03 3.4043E-03 1.8771E-03 1.7766E-04 3.4548E-05 0
 0 1.2692E-05 2.8561E-05 4.2495E-04 5.9407E-04 2.3955E-03 3.2906E-03 2.0175E-03 3.7137E-03 3.4759E-03 3.0950E-03 5.5896E-03 7.7558E-03 1.0167E-02 9.8279E-03 1.1676E-02 4.4333E-04 8.1870E-03 9.1445E-03 5.9533E-03 3.1850E-03 1.8771E-03 2.0664E-04 2.5415E-05 0
 0 1.3940E-05 2.6419E-05 4.7774E-04 5.7179E-04 2.0789E-03 3.3038E-03 2.2572E-03 3.7925E-03 3.3086E-03 3.0443E-03 5.8888E-03 7.6114E-03 1.0155E-02 9.9799E-03 1.1623E-02 4.2804E-04 8.2937E-03 9.0023E-03 5.5543E-03 3.3480E-03 1.7446E-03 2.0034E-04 2.6606E-05 0
 0 1.3732E-05 2.4277E-05 4.7903E-04 4.9011E-04 2.3349E-03 3.2720E-03 2.0289E-03 3.7866E-03 3.2519E-03 3.0158E-03 5.6406E-03 7.6330E-03 9.8672E-03 9.1818E-03 1.1863E-02 4.0129E-04 7.7106E-03 8.1526E-03 5.4843E-03 3.2058E-03 1.8228E-03 2.2680E-04 3.1769E-05 0
 0 1.2483E-05 3.4273E-05 4.4941E-04 5.6808E-04 2.0672E-03 3.0407E-03 2.1487E-03 3.6933E-03 3.3982E-03 2.9303E-03 5.4774E-03 7.4165E-03 9.8709E-03 8.9272E-03 1.1340E-02 4.0129E-04 8.0460E-03 8.3772E-03 6.0093E-03 3.3035E-03 1.8206E-03 1.7640E-04 2.7798E-05 0
 0 1.4148E-05 2.2849E-05 4.2108E-04 5.9222E-04 2.0998E-03 3.0939E-03 1.9204E-03 3.9208E-03 3.2250E-03 3.0728E-03 5.3244E-03 7.1855E-03 1.0215E-02 8.4825E-03 1.1169E-02 4.0129E-04 7.8287E-03 8.4820E-03 5.2673E-03 3.2591E-03 1.7098E-03 1.7640E-04 2.1047E-05 0
 0 1.2483E-05 2.1421E-05 4.2881E-04 5.2167E-04 2.0346E-03 3.1550E-03 2.0774E-03 3.7078E-03 3.0936E-03 2.9714E-03 5.9636E-03 7.0845E-03 9.2383E-03 8.4673E-03 1.0481E-02 3.8218E-04 7.2456E-03 8.2761E-03 5.7188E-03 3.3598E-03 1.6794E-03 1.9908E-04 3.0180E-05 0
 0 1.7685E-05 3.3559E-05 4.1851E-04 5.0125E-04 2.1836E-03 3.4846E-03 1.9575E-03 3.5036E-03 3.3325E-03 2.7022E-03 5.3856E-03 6.6261E-03 9.4854E-03 8.0493E-03 1.1069E-02 3.7454E-04 7.2532E-03 7.9991E-03 5.1903E-03 3.0991E-03 1.8467E-03 1.8900E-04 3.2563E-05 0
 0 1.4772E-05 3.4273E-05 4.1722E-04 5.0496E-04 2.0952E-03 3.1204E-03 1.8890E-03 3.5503E-03 3.3624E-03 2.8321E-03 5.3992E-03 6.5179E-03 8.7180E-03 8.3761E-03 1.0959E-02 3.5925E-04 7.1236E-03 8.0964E-03 5.2673E-03 3.2058E-03 1.7685E-03 1.8270E-04 2.7798E-05 0
 0 1.4564E-05 1.6422E-05 4.5843E-04 4.5484E-04 2.3186E-03 3.1098E-03 1.8948E-03 3.4570E-03 3.4132E-03 2.7782E-03 5.3380E-03 7.1097E-03 8.9725E-03 8.3077E-03 1.0787E-02 4.3187E-04 7.1655E-03 7.8344E-03 5.2078E-03 2.9036E-03 1.5881E-03 1.7766E-04 3.2563E-05 0
 0 1.6645E-05 3.0703E-05 4.0305E-04 5.1424E-04 2.0137E-03 3.0088E-03 1.8034E-03 3.3753E-03 3.2340E-03 2.7180E-03 5.2938E-03 6.5756E-03 8.5533E-03 7.8707E-03 1.0275E-02 3.6307E-04 6.7425E-03 7.6922E-03 4.9453E-03 3.2680E-03 1.6142E-03 1.8648E-04 3.2563E-05 0
 0 9.9868E-06 1.7136E-05 4.0434E-04 5.0310E-04 1.9811E-03 3.0381E-03 1.8662E-03 3.3869E-03 2.9503E-03 2.5279E-03 5.0082E-03 6.3049E-03 8.8153E-03 7.7111E-03 9.4579E-03 3.5925E-04 6.7425E-03 7.3403E-03 4.8543E-03 2.9302E-03 1.8836E-03 1.5498E-04 2.3826E-05 0
 0 1.2067E-05 2.4991E-05 4.2108E-04 4.1214E-04 1.9508E-03 3.0779E-03 1.8833E-03 3.4074E-03 3.1952E-03 2.4361E-03 4.9742E-03 6.7741E-03 8.1752E-03 7.8023E-03 9.5992E-03 4.2422E-04 6.5481E-03 7.1868E-03 4.8823E-03 3.1258E-03 1.7076E-03 1.8522E-04 2.1841E-05 0
 0 1.6228E-05 2.9275E-05 3.9147E-04 4.5669E-04 2.0067E-03 3.2215E-03 1.8434E-03 3.4628E-03 2.7413E-03 2.3917E-03 4.6920E-03 6.3771E-03 8.3961E-03 7.4184E-03 9.7443E-03 3.4014E-04 6.4566E-03 7.2168E-03 4.6794E-03 3.0191E-03 1.8249E-03 1.7388E-04 2.6209E-05 0
 0 1.5812E-05 2.7847E-05 3.9147E-04 4.9197E-04 2.0044E-03 2.9876E-03 1.6807E-03 3.4307E-03 2.8966E-03 2.5248E-03 4.6614E-03 5.7239E-03 8.2725E-03 7.4830E-03 9.5878E-03 3.4396E-04 5.9078E-03 6.9024E-03 4.7458E-03 2.9599E-03 1.6185E-03 1.7514E-04 2.6606E-05 0
 0 1.6020E-05 2.9989E-05 4.3267E-04 4.2328E-04 1.9159E-03 2.9078E-03 1.7606E-03 3.3840E-03 2.9742E-03 2.4266E-03 5.0830E-03 6.2328E-03 7.9656E-03 6.9662E-03 9.1716E-03 3.4014E-04 5.8773E-03 6.9735E-03 4.4799E-03 2.7465E-03 1.6598E-03 2.0412E-04 2.4224E-05 0
 0 1.4356E-05 3.0703E-05 4.5070E-04 5.1239E-04 1.8926E-03 3.0567E-03 1.5495E-03 3.3490E-03 2.9652E-03 2.4171E-03 4.7260E-03 6.1353E-03 7.6849E-03 6.9434E-03 9.3090E-03 3.0957E-04 6.1098E-03 7.0708E-03 4.9103E-03 3.0191E-03 1.6229E-03 1.7388E-04 2.3826E-05 0
 0 1.3732E-05 2.8561E-05 4.6100E-04 4.6041E-04 2.0975E-03 2.8307E-03 1.6608E-03 3.3257E-03 2.9832E-03 2.4361E-03 4.3928E-03 5.9224E-03 7.5351E-03 6.6621E-03 8.7057E-03 3.2103E-04 5.7400E-03 6.5655E-03 4.6514E-03 2.6843E-03 1.6229E-03 1.6002E-04 2.7798E-05 0
 0 1.1651E-05 2.3563E-05 4.2623E-04 4.3256E-04 2.0719E-03 2.8653E-03 1.6551E-03 3.2848E-03 2.8428E-03 2.5660E-03 4.5186E-03 5.9585E-03 7.1795E-03 6.4607E-03 8.6561E-03 3.8600E-04 5.5342E-03 6.6516E-03 4.4414E-03 2.7643E-03 1.6424E-03 1.5624E-04 2.0650E-05 0
 0 1.0819E-05 1.7850E-05 3.6829E-04 5.1796E-04 2.0928E-03 2.9105E-03 1.4467E-03 3.3315E-03 2.8936E-03 2.2302E-03 4.2874E-03 5.8358E-03 7.3779E-03 6.7077E-03 8.2170E-03 3.2103E-04 5.3894E-03 6.3858E-03 4.2419E-03 2.5806E-03 1.6294E-03 1.6002E-04 2.7798E-05 0
 0 1.2692E-05 1.0710E-05 4.1851E-04 4.0285E-04 1.8833E-03 2.9530E-03 1.4753E-03 3.1827E-03 2.6756E-03 2.1193E-03 4.3146E-03 5.6192E-03 7.0560E-03 6.1187E-03 8.3888E-03 3.4396E-04 5.4313E-03 6.4083E-03 4.2559E-03 2.7969E-03 1.5990E-03 1.7010E-04 2.5415E-05 0
 0 1.4356E-05 2.5705E-05 4.4297E-04 4.1771E-04 1.8950E-03 2.7988E-03 1.5637E-03 3.3315E-03 2.8577E-03 2.2460E-03 4.2806E-03 5.9116E-03 7.3143E-03 6.0313E-03 8.0795E-03 3.2486E-04 5.4771E-03 6.3671E-03 4.2944E-03 2.5125E-03 1.4991E-03 1.7514E-04 1.8664E-05 0
 0 8.3223E-06 2.7847E-05 4.1464E-04 3.9172E-04 1.9345E-03 3.0301E-03 1.4924E-03 3.1682E-03 2.6099E-03 2.0844E-03 4.5594E-03 5.4027E-03 6.5469E-03 6.1985E-03 8.1254E-03 3.8218E-04 5.0883E-03 6.2061E-03 4.3329E-03 2.6310E-03 1.5251E-03 1.6002E-04 2.2238E-05 0
 0 1.2275E-05 2.2849E-05 4.3782E-04 5.5880E-04 1.7483E-03 2.8547E-03 1.5580E-03 2.7597E-03 2.5024E-03 2.2048E-03 3.9610E-03 5.2042E-03 7.0111E-03 6.0807E-03 7.9535E-03 3.5161E-04 4.9892E-03 6.1575E-03 3.9654E-03 2.5480E-03 1.5708E-03 1.3608E-04 2.2238E-05 0
 0 1.2067E-05 2.7133E-05 3.9147E-04 4.4555E-04 1.7925E-03 2.5516E-03 1.4439E-03 2.8648E-03 2.4367E-03 1.9672E-03 4.1514E-03 5.6012E-03 7.1121E-03 5.7234E-03 7.9039E-03 3.0957E-04 4.9396E-03 5.8730E-03 4.0669E-03 2.3347E-03 1.5490E-03 1.4994E-04 2.5018E-05 0
 0 1.4980E-05 2.5705E-05 3.5412E-04 4.4184E-04 1.8554E-03 2.6526E-03 1.5181E-03 2.9639E-03 2.5830E-03 2.0084E-03 4.3180E-03 5.2114E-03 6.9287E-03 5.5828E-03 7.8275E-03 3.2486E-04 4.7453E-03 5.9516E-03 4.1719E-03 2.5391E-03 1.5360E-03 1.7640E-04 2.4621E-05 0
 0 1.4148E-05 2.9275E-05 4.3396E-04 4.4927E-04 1.8135E-03 2.6314E-03 1.5095E-03 2.8064E-03 2.4038E-03 1.9989E-03 4.1548E-03 5.0454E-03 6.6555E-03 5.6512E-03 7.6366E-03 3.6307E-04 4.4708E-03 5.3639E-03 3.8989E-03 2.5214E-03 1.4947E-03 1.1592E-04 2.1841E-05 0
 0 1.2692E-05 2.5705E-05 4.1464E-04 3.3788E-04 1.7390E-03 2.5915E-03 1.3497E-03 2.6810E-03 2.4875E-03 2.0211E-03 4.4064E-03 5.0923E-03 6.1052E-03 5.2142E-03 7.6366E-03 2.5606E-04 4.7224E-03 5.5511E-03 4.1614E-03 2.4532E-03 1.4795E-03 1.4112E-04 2.0253E-05 0
 0 9.9868E-06 1.9993E-05 4.1722E-04 4.6783E-04 1.7855E-03 2.5437E-03 1.3754E-03 3.0281E-03 2.4904E-03 2.0211E-03 3.8114E-03 5.0995E-03 6.2886E-03 5.1154E-03 7.0715E-03 2.3695E-04 4.4327E-03 5.2030E-03 4.1019E-03 2.1806E-03 1.5164E-03 1.6506E-04 2.5018E-05 0
 0 1.4148E-05 1.4994E-05 3.8889E-04 4.4555E-04 1.8088E-03 2.6340E-03 1.4068E-03 2.7218E-03 2.3143E-03 2.0084E-03 4.1242E-03 4.9588E-03 6.4533E-03 5.3586E-03 7.0830E-03 2.8664E-04 4.0440E-03 4.8474E-03 3.8849E-03 2.4562E-03 1.5903E-03 1.4238E-04 2.7400E-05 0
 0 1.1859E-05 2.8561E-05 3.7601E-04 3.8986E-04 1.9089E-03 2.5596E-03 1.2299E-03 2.6722E-03 2.4815E-03 1.7296E-03 3.5938E-03 4.8072E-03 6.2437E-03 5.2180E-03 7.0791E-03 2.2549E-04 4.2764E-03 5.0458E-03 3.6749E-03 2.5569E-03 1.5838E-03 1.5246E-04 2.3826E-05 0
 0 1.2900E-05 2.0707E-05 3.5798E-04 3.9172E-04 1.7157E-03 2.6234E-03 1.2641E-03 2.7656E-03 2.3680E-03 1.6409E-03 4.0698E-03 4.3994E-03 6.4271E-03 4.6783E-03 7.2968E-03 2.8664E-04 4.2231E-03 5.1431E-03 3.6784E-03 2.3940E-03 1.4491E-03 1.6002E-04 2.0650E-05 0
 0 9.9868E-06 1.4994E-05 3.6185E-04 4.1585E-04 1.7855E-03 2.5835E-03 1.2670E-03 2.8064E-03 2.2277E-03 1.8627E-03 3.8352E-03 4.5979E-03 5.6747E-03 5.1686E-03 7.0791E-03 2.8282E-04 4.2726E-03 4.7051E-03 3.9339E-03 2.2073E-03 1.6251E-03 1.7640E-04 2.5018E-05 0
 0 1.1027E-05 1.9279E-05 3.4382E-04 3.7501E-04 1.8484E-03 2.5330E-03 1.2927E-03 2.5176E-03 2.1859E-03 1.8215E-03 3.7196E-03 4.3561E-03 6.0865E-03 4.6783E-03 6.9340E-03 3.1721E-04 4.2841E-03 5.2591E-03 3.4859E-03 2.5451E-03 1.4534E-03 1.2348E-04 2.4621E-05 0
 0 1.3732E-05 1.9993E-05 3.8374E-04 4.1214E-04 1.6645E-03 2.4028E-03 1.2499E-03 2.7043E-03 2.0545E-03 1.7772E-03 3.5768E-03 4.4968E-03 6.0004E-03 4.7695E-03 7.1020E-03 2.9428E-04 3.8877E-03 4.6602E-03 3.7064E-03 2.4295E-03 1.3035E-03 1.4490E-04 2.5415E-05 0
 0 1.1235E-05 2.5705E-05 3.9533E-04 3.5459E-04 1.6691E-03 2.4134E-03 1.2698E-03 2.4680E-03 2.1381E-03 1.8595E-03 3.6142E-03 4.4932E-03 5.6448E-03 4.4921E-03 6.4720E-03 3.5161E-04 3.6590E-03 4.8736E-03 3.5384E-03 2.5451E-03 1.3774E-03 1.6254E-04 1.7076E-05 0
 0 1.0611E-05 1.4994E-05 3.5798E-04 3.6201E-04 1.7367E-03 2.5915E-03 1.1557E-03 2.4797E-03 2.0276E-03 1.6948E-03 3.3966E-03 4.5293E-03 5.7421E-03 4.7163E-03 6.5675E-03 2.9428E-04 3.8115E-03 4.6827E-03 3.5979E-03 2.1510E-03 1.3926E-03 1.4742E-04 1.3899E-05 0
 0 1.2900E-05 2.7133E-05 3.4124E-04 4.7526E-04 1.7646E-03 2.4320E-03 1.2013E-03 2.4943E-03 2.0754E-03 1.5301E-03 3.4034E-03 4.2298E-03 5.2780E-03 4.5871E-03 6.2353E-03 2.7517E-04 3.8534E-03 4.6078E-03 3.1849E-03 2.3969E-03 1.4339E-03 1.4238E-04 2.0253E-05 0
 0 1.2275E-05 1.8565E-05 3.4253E-04 3.6573E-04 1.6575E-03 2.3682E-03 9.5594E-04 2.5526E-03 1.9828E-03 1.6314E-03 3.5156E-03 4.2406E-03 5.6074E-03 3.9942E-03 6.4644E-03 2.4078E-04 3.7924E-03 4.4244E-03 3.4754E-03 2.2340E-03 1.4491E-03 1.3860E-04 2.2635E-05 0
 0 1.1651E-05 1.8565E-05 3.3996E-04 3.7872E-04 1.6319E-03 2.3550E-03 1.0558E-03 2.3367E-03 2.0336E-03 1.4319E-03 3.4306E-03 4.0746E-03 5.6074E-03 4.1463E-03 5.7580E-03 3.1721E-04 3.5103E-03 4.1848E-03 3.1394E-03 2.2162E-03 1.3513E-03 1.3986E-04 2.7798E-05 0
 0 9.3626E-06 1.2138E-05 3.3996E-04 3.7872E-04 1.5597E-03 2.4613E-03 1.1129E-03 2.5935E-03 1.9619E-03 1.6885E-03 3.2402E-03 4.0240E-03 5.6485E-03 4.1843E-03 6.1895E-03 2.1784E-04 3.6018E-03 4.4132E-03 3.0239E-03 2.3288E-03 1.3731E-03 1.4994E-04 1.7473E-05 0
 0 1.1235E-05 1.8565E-05 3.2064E-04 3.3417E-04 1.7087E-03 2.4586E-03 1.0130E-03 2.5351E-03 2.0664E-03 1.5617E-03 3.2674E-03 3.9374E-03 5.1956E-03 3.8764E-03 5.8496E-03 2.7517E-04 3.3388E-03 4.1961E-03 2.8419E-03 2.0621E-03 1.2536E-03 1.4364E-04 2.2238E-05 0
 0 8.9465E-06 1.4280E-05 3.6700E-04 3.8243E-04 1.5760E-03 2.2194E-03 1.0159E-03 2.5497E-03 1.8663E-03 1.4731E-03 3.1722E-03 3.8003E-03 5.4090E-03 3.8270E-03 5.7809E-03 2.4078E-04 3.1826E-03 4.0389E-03 3.1394E-03 2.0058E-03 1.3578E-03 1.1970E-04 2.1444E-05 0
 0 1.2275E-05 2.7847E-05 3.6442E-04 3.8800E-04 1.6598E-03 2.4639E-03 1.0016E-03 2.4184E-03 1.9410E-03 1.3337E-03 2.9478E-03 3.8219E-03 4.6117E-03 3.8726E-03 5.5862E-03 2.4842E-04 3.3541E-03 4.0426E-03 3.1954E-03 2.1095E-03 1.3535E-03 1.2852E-04 1.9855E-05 0
 0 1.2483E-05 1.0710E-05 3.3352E-04 3.1003E-04 1.7134E-03 2.3018E-03 1.0016E-03 2.5001E-03 1.9858E-03 1.4794E-03 3.1144E-03 3.6523E-03 4.5443E-03 3.9600E-03 5.8535E-03 2.5224E-04 3.3350E-03 3.9004E-03 2.7999E-03 2.0473E-03 1.3731E-03 1.7892E-04 2.1444E-05 0
 0 1.3108E-05 1.6422E-05 4.1464E-04 3.6016E-04 1.5527E-03 2.0068E-03 9.7306E-04 2.1675E-03 1.7738E-03 1.4255E-03 3.0294E-03 4.0313E-03 4.7614E-03 3.7624E-03 5.2884E-03 2.7135E-04 3.0072E-03 3.8292E-03 2.8734E-03 1.9881E-03 1.3470E-03 1.5498E-04 2.0253E-05 0
 0 6.2417E-06 1.4994E-05 3.5927E-04 3.4530E-04 1.6622E-03 2.2035E-03 9.5023E-04 2.1296E-03 1.7230E-03 1.3590E-03 2.8424E-03 3.8652E-03 4.8999E-03 3.7092E-03 5.4105E-03 2.1784E-04 3.2169E-03 3.8030E-03 2.8839E-03 2.1688E-03 1.4513E-03 1.5246E-04 2.1444E-05 0
 0 1.1651E-05 1.8565E-05 2.9617E-04 3.4716E-04 1.5970E-03 2.2353E-03 8.5606E-04 2.3863E-03 1.8872E-03 1.2038E-03 2.8968E-03 3.6054E-03 4.4058E-03 3.5306E-03 5.1967E-03 2.3695E-04 2.6795E-03 3.9191E-03 2.8804E-03 1.9436E-03 1.3209E-03 1.3104E-04 2.4621E-05 0
 0 1.0195E-05 1.9993E-05 3.7215E-04 3.0075E-04 1.6365E-03 2.1370E-03 8.1897E-04 2.3951E-03 1.8006E-03 1.3368E-03 2.9784E-03 3.3816E-03 4.4657E-03 3.5952E-03 4.9600E-03 2.9810E-04 2.7023E-03 3.7768E-03 2.9994E-03 1.9703E-03 1.3383E-03 1.1718E-04 2.1444E-05 0
 0 9.7787E-06 1.5708E-05 3.4511E-04 3.2117E-04 1.4713E-03 2.2619E-03 7.7331E-04 2.2784E-03 1.7768E-03 1.4572E-03 2.9648E-03 3.5043E-03 4.4245E-03 3.2532E-03 5.2540E-03 2.3313E-04 2.8014E-03 3.8367E-03 2.9119E-03 1.9288E-03 1.3296E-03 1.2600E-04 1.9061E-05 0
 0 1.0403E-05 1.7850E-05 3.5283E-04 3.0632E-04 1.6156E-03 2.1024E-03 7.8473E-04 2.0713E-03 1.5976E-03 1.3337E-03 2.8662E-03 3.6451E-03 4.7427E-03 3.6560E-03 4.9791E-03 2.2167E-04 2.6985E-03 3.5373E-03 2.9224E-03 1.7184E-03 1.3426E-03 1.3356E-04 1.9855E-05 0
 0 7.4901E-06 1.4280E-05 3.1549E-04 3.0075E-04 1.5178E-03 2.1716E-03 8.3609E-04 2.2696E-03 1.7260E-03 1.2386E-03 2.7404E-03 3.3455E-03 4.3347E-03 3.2228E-03 4.9562E-03 1.5669E-04 2.4813E-03 3.2940E-03 2.7404E-03 1.8458E-03 1.3274E-03 1.3734E-04 2.1841E-05 0
 0 1.2900E-05 1.2852E-05 3.2322E-04 3.5273E-04 1.3851E-03 2.1662E-03 9.6165E-04 2.3863E-03 1.8365E-03 1.3400E-03 2.3902E-03 3.4791E-03 4.3047E-03 3.1657E-03 5.0058E-03 2.5988E-04 2.4927E-03 3.4325E-03 2.8384E-03 1.9910E-03 1.3513E-03 1.2978E-04 2.6606E-05 0
 0 8.9465E-06 1.7850E-05 3.4640E-04 3.2303E-04 1.5481E-03 2.3550E-03 8.0755E-04 2.4097E-03 1.6782E-03 1.1658E-03 2.6860E-03 3.4105E-03 4.0202E-03 3.2114E-03 4.5591E-03 2.0256E-04 2.5651E-03 3.3651E-03 2.6459E-03 1.9525E-03 1.3014E-03 1.5498E-04 1.9061E-05 0
 0 1.0403E-05 1.2138E-05 3.0261E-04 3.3417E-04 1.3898E-03 2.1609E-03 8.5321E-04 2.0421E-03 1.7111E-03 1.0771E-03 2.7370E-03 3.2409E-03 4.1812E-03 2.9149E-03 4.8607E-03 2.5988E-04 2.4431E-03 3.0432E-03 2.6739E-03 1.7866E-03 1.1753E-03 1.4742E-04 1.3105E-05 0
 0 8.9465E-06 1.3566E-05 3.1420E-04 2.7847E-04 1.5807E-03 2.0573E-03 8.5606E-04 2.0654E-03 1.7559E-03 1.1246E-03 2.6180E-03 3.2337E-03 4.1587E-03 2.8655E-03 4.6698E-03 2.2549E-04 2.5575E-03 3.1966E-03 2.4219E-03 1.8429E-03 1.3274E-03 1.3230E-04 1.5487E-05 0
 0 1.0611E-05 1.1424E-05 3.0519E-04 3.0261E-04 1.4410E-03 1.9350E-03 7.7617E-04 1.9837E-03 1.5856E-03 1.1214E-03 2.5024E-03 3.2625E-03 3.9267E-03 2.9567E-03 4.5820E-03 2.4842E-04 2.4470E-03 2.9983E-03 2.7544E-03 1.8755E-03 1.2927E-03 1.1844E-04 1.5090E-05 0
 0 1.3940E-05 2.6419E-05 3.6442E-04 3.0446E-04 1.4922E-03 2.0254E-03 7.2195E-04 2.1267E-03 1.5050E-03 1.0105E-03 2.4752E-03 3.1759E-03 3.7470E-03 3.0403E-03 4.4140E-03 3.0192E-04 2.3479E-03 3.1180E-03 2.3274E-03 1.5733E-03 1.1384E-03 1.2348E-04 1.2707E-05 0
 0 1.0403E-05 1.9279E-05 3.4768E-04 3.3045E-04 1.4061E-03 1.9935E-03 7.4192E-04 1.9983E-03 1.4901E-03 1.0739E-03 2.4820E-03 3.0965E-03 3.9791E-03 2.7059E-03 4.4369E-03 2.0638E-04 2.0620E-03 2.8560E-03 2.5374E-03 1.7244E-03 1.1971E-03 1.1844E-04 2.4224E-05 0
 0 1.1235E-05 7.8542E-06 3.3867E-04 2.9518E-04 1.5295E-03 1.9350E-03 7.6475E-04 1.9633E-03 1.6663E-03 1.0454E-03 2.3732E-03 3.0027E-03 3.7507E-03 2.7173E-03 4.2498E-03 2.0638E-04 2.1878E-03 3.2378E-03 2.3134E-03 1.7718E-03 1.2166E-03 1.1088E-04 1.7870E-05 0
 0 7.6981E-06 2.2135E-05 3.1163E-04 2.7105E-04 1.4317E-03 1.8978E-03 7.5334E-04 2.0508E-03 1.5080E-03 9.9470E-04 2.4140E-03 2.9089E-03 3.3839E-03 2.3373E-03 3.9710E-03 2.2931E-04 2.3593E-03 2.9758E-03 2.3834E-03 1.8429E-03 1.3100E-03 9.3241E-05 1.3899E-05 0
 0 1.1027E-05 1.2852E-05 3.3352E-04 2.9147E-04 1.4689E-03 1.8074E-03 8.1326E-04 1.9050E-03 1.3856E-03 9.4719E-04 2.4072E-03 2.8367E-03 3.6534E-03 2.7021E-03 4.0398E-03 1.6816E-04 2.2678E-03 2.6689E-03 2.3169E-03 1.7807E-03 1.1862E-03 1.3356E-04 2.3826E-05 0
 0 9.1545E-06 1.3566E-05 2.9231E-04 3.1560E-04 1.4154E-03 1.9297E-03 6.8485E-04 1.9721E-03 1.5558E-03 1.0707E-03 2.2780E-03 3.0099E-03 3.8293E-03 2.6109E-03 3.8259E-03 1.8345E-04 2.0811E-03 2.8485E-03 2.0999E-03 1.6355E-03 1.2688E-03 1.0080E-04 1.6679E-05 0
 0 1.1027E-05 2.3563E-05 3.0390E-04 3.1374E-04 1.3595E-03 1.9111E-03 8.2753E-04 1.9750E-03 1.2840E-03 1.0422E-03 2.3732E-03 2.6562E-03 3.6085E-03 2.6071E-03 3.9519E-03 2.2167E-04 1.7647E-03 2.6127E-03 2.4989E-03 1.6770E-03 1.1037E-03 1.4238E-04 1.5487E-05 0
 0 9.3626E-06 1.4994E-05 3.0133E-04 3.4530E-04 1.3758E-03 1.9430E-03 6.8485E-04 1.7854E-03 1.3139E-03 1.0074E-03 2.3630E-03 2.6382E-03 3.4325E-03 2.3677E-03 3.8947E-03 3.6690E-04 1.7685E-03 2.9197E-03 2.3204E-03 1.7184E-03 1.2058E-03 1.0080E-04 1.4296E-05 0
 0 7.9062E-06 1.2138E-05 3.0133E-04 2.0978E-04 1.4689E-03 1.9563E-03 8.0185E-04 1.8933E-03 1.2900E-03 8.6482E-04 2.2678E-03 2.4758E-03 3.4063E-03 2.5349E-03 3.9252E-03 2.4460E-04 1.9095E-03 2.8448E-03 2.0124E-03 1.7658E-03 1.2036E-03 1.0206E-04 1.2310E-05 0
 0 7.6981E-06 1.3566E-05 3.4897E-04 2.9332E-04 1.5062E-03 1.8393E-03 6.3919E-04 1.8758E-03 1.4602E-03 9.0917E-04 2.1386E-03 2.5949E-03 3.2866E-03 2.1282E-03 3.6579E-03 1.7580E-04 1.8943E-03 2.6464E-03 1.9494E-03 1.5525E-03 1.1319E-03 1.1088E-04 1.9855E-05 0
 0 1.1027E-05 1.9279E-05 3.1291E-04 3.0075E-04 1.2617E-03 1.7941E-03 6.6488E-04 1.9254E-03 1.3766E-03 9.7253E-04 2.2100E-03 2.5443E-03 3.1705E-03 2.2422E-03 3.6350E-03 1.9874E-04 1.7037E-03 2.3470E-03 1.9949E-03 1.5614E-03 1.1037E-03 8.6941E-05 1.7473E-05 0
 0 9.7787E-06 1.1424E-05 2.9489E-04 2.3949E-04 1.4596E-03 1.8739E-03 7.5904E-04 1.7562E-03 1.2333E-03 8.7433E-04 2.1012E-03 2.3928E-03 3.2828E-03 1.8964E-03 3.3639E-03 2.2931E-04 1.5170E-03 2.4630E-03 2.2154E-03 1.7214E-03 1.2449E-03 1.0584E-04 1.2707E-05 0
 0 1.0819E-05 1.5708E-05 2.9746E-04 2.8218E-04 1.2967E-03 2.0466E-03 6.9341E-04 1.7591E-03 1.3527E-03 8.7433E-04 2.1046E-03 2.6454E-03 2.8973E-03 2.0028E-03 3.3181E-03 1.9874E-04 1.6465E-03 2.4705E-03 2.1699E-03 1.5792E-03 1.1906E-03 1.1592E-04 1.9458E-05 0
 0 1.1859E-05 1.0710E-05 2.8716E-04 3.0817E-04 1.2874E-03 1.6612E-03 5.8783E-04 1.7825E-03 1.2960E-03 9.2184E-04 2.1114E-03 2.5371E-03 2.9347E-03 2.1320E-03 3.6694E-03 1.7963E-04 1.6084E-03 2.4555E-03 1.9389E-03 1.5170E-03 1.2514E-03 1.4616E-04 1.7870E-05 0
 0 9.1545E-06 1.0710E-05 2.5754E-04 2.8590E-04 1.2990E-03 1.7622E-03 5.6500E-04 1.8233E-03 1.2542E-03 8.3314E-04 2.1148E-03 2.4253E-03 3.0133E-03 1.9154E-03 3.4747E-03 2.0256E-04 1.7342E-03 2.4667E-03 1.9109E-03 1.6177E-03 1.0689E-03 1.0206E-04 1.8267E-05 0
 0 8.3223E-06 2.0707E-05 2.7042E-04 2.6362E-04 1.3269E-03 1.6798E-03 6.5061E-04 1.4616E-03 1.2691E-03 8.1731E-04 2.0672E-03 2.2845E-03 2.9235E-03 2.1662E-03 3.4785E-03 2.3695E-04 1.5513E-03 2.2309E-03 1.9249E-03 1.5377E-03 1.0515E-03 1.0458E-04 9.1335E-06 0
 0 9.1545E-06 1.6422E-05 3.0261E-04 2.7290E-04 1.3479E-03 1.7569E-03 5.3647E-04 1.6949E-03 1.2811E-03 7.9513E-04 1.8462E-03 2.4289E-03 2.9759E-03 2.1396E-03 3.4327E-03 1.9491E-04 1.7304E-03 2.2534E-03 2.0404E-03 1.4696E-03 1.1580E-03 9.0721E-05 1.3105E-05 0
 0 1.0611E-05 1.2852E-05 2.6141E-04 3.1746E-04 1.2222E-03 1.8287E-03 5.5359E-04 1.8350E-03 1.3766E-03 8.2047E-04 1.8564E-03 2.2484E-03 2.8860E-03 2.0940E-03 3.3945E-03 2.4842E-04 1.4903E-03 2.0700E-03 1.8689E-03 1.5170E-03 1.1015E-03 1.2852E-04 1.7473E-05 0
 0 8.7384E-06 1.1424E-05 2.9617E-04 2.5991E-04 1.2455E-03 1.5735E-03 6.0495E-04 1.6920E-03 1.1467E-03 6.9693E-04 1.7544E-03 2.2592E-03 2.7064E-03 1.7976E-03 3.0241E-03 1.9874E-04 1.6504E-03 2.3095E-03 1.8094E-03 1.3362E-03 1.1558E-03 1.0332E-04 1.1516E-05 0
 0 8.5304E-06 1.2138E-05 3.0133E-04 2.7661E-04 1.3665E-03 1.8951E-03 4.4230E-04 1.6395E-03 1.1676E-03 7.9513E-04 1.7272E-03 2.4758E-03 2.4855E-03 2.0636E-03 2.8370E-03 1.6434E-04 1.3988E-03 2.1823E-03 1.8409E-03 1.4725E-03 1.0689E-03 1.3230E-04 1.1119E-05 0
 0 8.3223E-06 6.4262E-06 2.7686E-04 3.0075E-04 1.2617E-03 1.6612E-03 5.6215E-04 1.5637E-03 1.3049E-03 6.6525E-04 1.8768E-03 2.2737E-03 2.6015E-03 1.7862E-03 3.3334E-03 1.5287E-04 1.4674E-03 1.8753E-03 1.9809E-03 1.6118E-03 1.0754E-03 1.2474E-04 1.1516E-05 0
 0 8.3223E-06 1.2852E-05 3.1420E-04 2.8590E-04 1.2524E-03 1.5363E-03 4.8225E-04 1.5549E-03 1.1258E-03 8.0147E-04 1.6728E-03 2.3459E-03 2.7326E-03 1.8280E-03 2.8370E-03 2.6753E-04 1.3111E-03 2.4143E-03 1.7219E-03 1.5377E-03 1.0015E-03 1.2726E-04 9.9277E-06 0
 0 1.1859E-05 2.3563E-05 3.2708E-04 2.5991E-04 1.4107E-03 1.7197E-03 5.2220E-04 1.5520E-03 1.2333E-03 6.4307E-04 1.7612E-03 2.0860E-03 2.5117E-03 1.8014E-03 2.8790E-03 2.8282E-04 1.2349E-03 1.9689E-03 1.9669E-03 1.3836E-03 1.1862E-03 1.1088E-04 1.6281E-05 0
 0 8.3223E-06 5.7122E-06 3.2193E-04 3.0446E-04 1.1896E-03 1.6187E-03 5.2505E-04 1.6774E-03 1.0511E-03 6.1456E-04 1.7102E-03 2.2087E-03 2.6577E-03 1.8812E-03 2.9592E-03 2.9810E-04 1.3302E-03 2.1074E-03 1.7149E-03 1.5614E-03 1.0841E-03 8.6941E-05 1.2707E-05 0
 0 9.3626E-06 1.2138E-05 2.4853E-04 2.8404E-04 1.2501E-03 1.7277E-03 4.7654E-04 1.5432E-03 1.0720E-03 6.3357E-04 2.0162E-03 1.9850E-03 2.4256E-03 1.6798E-03 2.9172E-03 1.2612E-04 1.2692E-03 1.9202E-03 1.7569E-03 1.3985E-03 1.0450E-03 1.0458E-04 1.5487E-05 0
 0 6.2417E-06 1.2138E-05 2.8201E-04 2.4134E-04 1.2524E-03 1.6479E-03 6.3063E-04 1.4324E-03 1.1945E-03 8.0147E-04 1.7850E-03 2.0138E-03 2.6614E-03 1.6114E-03 2.7988E-03 1.9491E-04 1.3264E-03 1.9202E-03 1.4980E-03 1.3007E-03 1.0580E-03 8.9461E-05 1.2310E-05 0
 0 9.1545E-06 7.8542E-06 2.8974E-04 2.5062E-04 1.1710E-03 1.4991E-03 3.8523E-04 1.6249E-03 1.1049E-03 7.1593E-04 1.5674E-03 2.0355E-03 2.4630E-03 1.4632E-03 2.9057E-03 1.8345E-04 1.1244E-03 1.7817E-03 1.7114E-03 1.3925E-03 1.1058E-03 8.8201E-05 1.6281E-05 0
 0 6.8659E-06 8.5682E-06 2.7943E-04 2.7105E-04 1.1174E-03 1.5868E-03 3.9950E-04 1.5257E-03 1.1049E-03 6.0823E-04 1.6116E-03 2.1582E-03 2.5791E-03 1.4936E-03 2.6881E-03 2.1402E-04 1.2235E-03 1.6507E-03 1.4700E-03 1.4429E-03 1.0711E-03 9.5761E-05 1.2310E-05 0
 0 9.1545E-06 1.5708E-05 2.9231E-04 2.8775E-04 1.3013E-03 1.5257E-03 4.8225E-04 1.5374E-03 1.1049E-03 6.8109E-04 1.5912E-03 1.9308E-03 2.3171E-03 1.6646E-03 2.5201E-03 1.9109E-04 1.2502E-03 1.8978E-03 1.7464E-03 1.2118E-03 1.0971E-03 8.4421E-05 1.7076E-05 0
 0 8.1142E-06 1.0710E-05 2.6141E-04 2.7105E-04 1.3269E-03 1.6825E-03 4.8510E-04 1.3507E-03 8.1223E-04 6.6208E-04 1.5572E-03 1.6818E-03 2.3844E-03 1.4556E-03 2.7110E-03 2.2931E-04 1.1206E-03 1.8267E-03 1.5854E-03 1.1911E-03 1.0493E-03 8.8201E-05 1.1119E-05 0
 0 9.3626E-06 1.3566E-05 2.7042E-04 2.0236E-04 1.1104E-03 1.5523E-03 5.2505E-04 1.6278E-03 1.0123E-03 5.9556E-04 1.5572E-03 1.6854E-03 2.2272E-03 1.4594E-03 2.6537E-03 2.1020E-04 1.0291E-03 1.6208E-03 1.4945E-03 1.2296E-03 1.1210E-03 1.1592E-04 2.0650E-05 0
 0 5.8256E-06 2.8561E-06 2.6012E-04 2.3577E-04 1.1337E-03 1.5044E-03 5.0793E-04 1.4032E-03 8.7793E-04 5.5121E-04 1.4620E-03 1.9741E-03 2.3058E-03 1.2845E-03 2.3788E-03 1.4905E-04 9.9479E-04 1.6283E-03 1.6064E-03 1.1970E-03 9.8634E-04 6.9301E-05 1.3899E-05 0
 0 7.9062E-06 1.2852E-05 2.7300E-04 2.5248E-04 9.6843E-04 1.4459E-03 5.1079E-04 1.2953E-03 9.5557E-04 6.0823E-04 1.5878E-03 1.9416E-03 2.1898E-03 1.3415E-03 2.3406E-03 1.5669E-04 1.1396E-03 1.7181E-03 1.5155E-03 1.4222E-03 1.1732E-03 1.1088E-04 1.0722E-05 0
 0 6.0337E-06 9.2823E-06 2.6269E-04 2.0978E-04 1.1221E-03 1.6400E-03 4.8225E-04 1.5286E-03 9.3168E-04 5.2903E-04 1.3532E-03 1.8731E-03 2.0513E-03 1.3872E-03 2.3406E-03 2.1402E-04 1.1511E-03 1.3588E-03 1.5435E-03 1.3007E-03 9.9068E-04 1.0080E-04 1.1516E-05 0
 0 4.7853E-06 6.4262E-06 2.5368E-04 2.0236E-04 1.2012E-03 1.4007E-03 4.8225E-04 1.4090E-03 8.2418E-04 6.4624E-04 1.5232E-03 1.7323E-03 2.0550E-03 1.2997E-03 2.4361E-03 1.6434E-04 9.6430E-04 1.6096E-03 1.6449E-03 1.4192E-03 1.0515E-03 9.4501E-05 1.6679E-05 0
 0 9.1545E-06 4.9981E-06 2.9102E-04 2.4505E-04 1.1081E-03 1.5629E-03 4.2803E-04 1.4120E-03 9.4362E-04 4.9418E-04 1.4212E-03 1.8117E-03 2.3245E-03 1.3529E-03 2.4170E-03 2.0638E-04 9.3762E-04 1.5609E-03 1.4665E-03 1.3096E-03 9.6896E-04 7.5601E-05 1.5884E-05 0
 0 6.0337E-06 1.4280E-05 2.5754E-04 2.7476E-04 1.2175E-03 1.5974E-03 4.4515E-04 1.2748E-03 8.2418E-04 4.8151E-04 1.4586E-03 1.7792E-03 2.1786E-03 1.2389E-03 2.3406E-03 2.4078E-04 9.1856E-04 1.4374E-03 1.3195E-03 1.3125E-03 1.0428E-03 8.9461E-05 8.7364E-06 0
 0 7.0740E-06 1.1424E-05 3.1678E-04 2.0607E-04 1.0895E-03 1.5310E-03 4.1376E-04 1.3390E-03 8.0626E-04 5.6388E-04 1.3566E-03 1.5591E-03 1.8454E-03 1.2313E-03 2.1803E-03 1.8727E-04 1.0100E-03 1.4598E-03 1.3370E-03 1.1733E-03 9.6027E-04 8.4421E-05 1.3899E-05 0
 0 7.2820E-06 1.8565E-05 2.0732E-04 2.4505E-04 1.2245E-03 1.4805E-03 4.2518E-04 1.3478E-03 7.9133E-04 5.4487E-04 1.4110E-03 1.7251E-03 2.1224E-03 1.2541E-03 2.1573E-03 1.6052E-04 8.8045E-04 1.4598E-03 1.3755E-03 1.1881E-03 9.9503E-04 9.0721E-05 9.1335E-06 0
 0 6.0337E-06 5.7122E-06 2.7300E-04 2.5991E-04 1.1896E-03 1.4406E-03 3.2816E-04 1.3244E-03 9.6751E-04 5.3853E-04 1.3396E-03 1.5916E-03 1.8679E-03 1.3035E-03 2.0046E-03 1.6052E-04 8.4233E-04 1.3400E-03 1.2635E-03 1.0903E-03 9.5375E-04 7.6861E-05 1.5487E-05 0
 0 9.3626E-06 1.2852E-05 2.6141E-04 1.8193E-04 1.1942E-03 1.5549E-03 4.3945E-04 1.2603E-03 8.9286E-04 5.0369E-04 1.1424E-03 1.5410E-03 1.8492E-03 1.1553E-03 2.2643E-03 1.3376E-04 8.3090E-04 1.5497E-03 1.4560E-03 1.1377E-03 1.0233E-03 7.0561E-05 1.3899E-05 0
 0 6.0337E-06 1.1424E-05 2.2664E-04 2.0421E-04 1.0569E-03 1.4911E-03 3.8808E-04 1.2603E-03 8.6001E-04 5.2270E-04 1.3838E-03 1.5880E-03 1.7668E-03 1.0147E-03 2.0390E-03 1.8727E-04 8.3471E-04 1.3213E-03 1.1550E-03 1.3244E-03 9.8634E-04 7.6861E-05 1.9458E-05 0
 0 4.9934E-06 7.8542E-06 2.5883E-04 2.5062E-04 1.2594E-03 1.5469E-03 3.8238E-04 1.2953E-03 8.2716E-04 5.5437E-04 1.3566E-03 1.5086E-03 1.9203E-03 1.1857E-03 2.0810E-03 2.5988E-04 7.5086E-04 1.3475E-03 1.1515E-03 1.1703E-03 1.0776E-03 9.1981E-05 1.3899E-05 0
 0 5.8256E-06 1.2138E-05 2.7686E-04 1.8193E-04 1.1337E-03 1.5602E-03 3.3101E-04 1.2836E-03 8.5105E-04 4.9102E-04 1.4178E-03 1.5374E-03 1.7406E-03 9.6151E-04 2.0542E-03 1.6434E-04 9.2618E-04 1.3251E-03 1.2145E-03 1.0281E-03 9.7330E-04 9.0721E-05 1.1913E-05 0
 0 7.2820E-06 1.4994E-05 2.8716E-04 2.3949E-04 1.1896E-03 1.4273E-03 3.9094E-04 1.3915E-03 9.2272E-04 4.9735E-04 1.4076E-03 1.4725E-03 1.7369E-03 9.4250E-04 2.1688E-03 2.2549E-04 7.8135E-04 1.2839E-03 1.4595E-03 1.1111E-03 1.0298E-03 1.0458E-04 1.3899E-05 0
 0 5.8256E-06 1.3566E-05 2.4338E-04 2.1535E-04 1.0243E-03 1.4805E-03 3.2245E-04 1.0969E-03 8.2716E-04 3.8014E-04 1.1696E-03 1.3606E-03 1.6695E-03 1.0983E-03 1.9512E-03 1.8345E-04 7.8516E-04 1.2764E-03 1.1340E-03 1.1199E-03 1.0624E-03 8.6941E-05 1.0325E-05 0
 0 8.5304E-06 1.1424E-05 2.5626E-04 1.8008E-04 1.0825E-03 1.3609E-03 3.3672E-04 1.1523E-03 9.5557E-04 3.6113E-04 1.2852E-03 1.4219E-03 1.8192E-03 1.1515E-03 2.0733E-03 1.7580E-04 6.5557E-04 1.2502E-03 1.1865E-03 1.2325E-03 1.0341E-03 1.1466E-04 7.9422E-06 0
 0 8.9465E-06 1.2138E-05 2.4982E-04 1.9679E-04 9.6144E-04 1.2865E-03 3.1104E-04 1.3186E-03 7.6445E-04 3.9598E-04 1.2410E-03 1.5013E-03 1.5796E-03 1.0337E-03 1.7908E-03 1.8727E-04 7.5467E-04 1.1417E-03 1.0990E-03 1.0133E-03 1.0081E-03 9.4501E-05 1.2707E-05 0
 0 8.5304E-06 1.0710E-05 2.4080E-04 2.0793E-04 1.0941E-03 1.2652E-03 3.1960E-04 1.1056E-03 8.4807E-04 4.4667E-04 1.1220E-03 1.4364E-03 1.5684E-03 8.0189E-04 1.9168E-03 1.6434E-04 6.8225E-04 9.9568E-04 1.1410E-03 1.0488E-03 9.7982E-04 9.1981E-05 7.5451E-06 0
 0 8.9465E-06 1.2138E-05 2.7171E-04 2.0236E-04 9.4515E-04 1.2147E-03 3.8808E-04 1.0852E-03 8.3015E-04 4.5617E-04 1.1458E-03 1.4580E-03 1.7780E-03 9.0070E-04 1.8137E-03 1.8345E-04 6.5557E-04 1.2465E-03 1.2390E-03 1.0429E-03 8.4512E-04 9.8281E-05 1.1119E-05 0
 0 6.8659E-06 7.8542E-06 2.7557E-04 2.0236E-04 9.2885E-04 1.4114E-03 3.3101E-04 1.2253E-03 7.5848E-04 4.1182E-04 1.2104E-03 1.3714E-03 1.6807E-03 9.9571E-04 1.7068E-03 2.3695E-04 6.2889E-04 1.0893E-03 1.2250E-03 1.1644E-03 9.1247E-04 8.6941E-05 1.1119E-05 0
 0 5.2014E-06 5.7122E-06 2.1762E-04 2.2463E-04 1.1500E-03 1.1722E-03 3.2245E-04 1.0998E-03 5.9126E-04 3.9915E-04 1.0778E-03 1.3895E-03 1.5572E-03 9.3870E-04 1.6839E-03 1.6052E-04 7.1274E-04 1.2689E-03 1.1970E-03 1.0162E-03 9.6461E-04 7.4341E-05 1.1913E-05 0
 0 6.2417E-06 1.1424E-05 2.7428E-04 1.6337E-04 9.5446E-04 1.4938E-03 2.7679E-04 1.2807E-03 7.5549E-04 4.9102E-04 1.0846E-03 1.1910E-03 1.6320E-03 1.0071E-03 1.9168E-03 1.6052E-04 5.5647E-04 1.2352E-03 1.0710E-03 1.0518E-03 9.6896E-04 8.3161E-05 7.5451E-06 0
 0 5.6176E-06 7.1402E-06 2.6398E-04 2.1906E-04 9.8472E-04 1.1881E-03 3.0533E-04 1.1873E-03 7.4056E-04 3.6113E-04 1.1322E-03 1.3786E-03 1.4973E-03 8.7790E-04 1.8481E-03 1.4905E-04 5.4504E-04 1.1604E-03 1.0710E-03 1.0577E-03 9.7765E-04 9.4501E-05 7.9422E-06 0
 0 4.9934E-06 7.8542E-06 2.8201E-04 2.0050E-04 1.0522E-03 1.2758E-03 2.8821E-04 1.0590E-03 7.3758E-04 3.6747E-04 1.0302E-03 1.1152E-03 1.5684E-03 7.1068E-04 1.6457E-03 1.7963E-04 5.7934E-04 1.0106E-03 1.1305E-03 9.8958E-04 8.2991E-04 1.0206E-04 1.2310E-05 0
 0 6.2417E-06 1.1424E-05 2.4982E-04 2.1535E-04 1.0615E-03 1.3183E-03 2.6823E-04 1.0473E-03 6.8383E-04 4.4667E-04 1.0132E-03 1.3895E-03 1.4411E-03 9.0830E-04 1.8862E-03 1.7580E-04 6.7844E-04 1.0219E-03 1.0430E-03 1.0192E-03 9.0378E-04 7.8121E-05 1.9855E-05 0
 0 6.8659E-06 1.0710E-05 2.4853E-04 2.0607E-04 9.4049E-04 1.3290E-03 2.4541E-04 1.0765E-03 6.0619E-04 3.6113E-04 1.0438E-03 1.1549E-03 1.3401E-03 8.3609E-04 1.6533E-03 1.4905E-04 5.2979E-04 8.5344E-04 1.2005E-03 8.7403E-04 9.0161E-04 1.0584E-04 9.9277E-06 0
 0 4.7853E-06 8.5682E-06 2.6141E-04 2.0978E-04 9.2420E-04 1.1722E-03 2.6538E-04 9.7145E-04 6.5994E-04 3.0095E-04 9.6899E-04 1.1477E-03 1.3551E-03 7.7909E-04 1.8290E-03 1.9109E-04 5.7172E-04 1.0256E-03 9.4847E-04 9.1848E-04 8.8640E-04 8.0641E-05 1.5090E-05 0
 0 5.4095E-06 7.1402E-06 2.7557E-04 1.2995E-04 9.5213E-04 1.1881E-03 2.6253E-04 9.5103E-04 7.1966E-04 4.5617E-04 1.2002E-03 1.1657E-03 1.5347E-03 7.9429E-04 1.7106E-03 1.3376E-04 5.2598E-04 9.6199E-04 1.2075E-03 9.0070E-04 8.5816E-04 7.8121E-05 2.1047E-05 0
 0 6.6578E-06 9.2823E-06 1.9444E-04 1.8936E-04 9.2187E-04 1.2572E-03 3.0248E-04 1.1844E-03 5.9424E-04 3.0095E-04 1.0200E-03 9.8526E-04 1.2652E-03 7.9049E-04 1.6495E-03 2.2931E-04 6.5557E-04 9.0584E-04 1.0500E-03 9.0070E-04 8.8423E-04 8.1901E-05 1.9061E-05 0
 0 7.9062E-06 9.9963E-06 2.2921E-04 1.4295E-04 9.7308E-04 1.3237E-03 2.4255E-04 8.8685E-04 7.2862E-04 3.9915E-04 9.9959E-04 1.0213E-03 1.3887E-03 7.4488E-04 1.4624E-03 1.1848E-04 5.7172E-04 8.7215E-04 9.1347E-04 1.0192E-03 9.2768E-04 8.0641E-05 1.7076E-05 0
 0 7.4901E-06 9.2823E-06 2.4338E-04 1.8565E-04 8.1245E-04 1.1057E-03 3.0818E-04 9.1894E-04 6.4501E-04 3.1362E-04 1.0574E-03 1.1080E-03 1.2615E-03 8.0949E-04 1.4319E-03 1.6434E-04 5.8315E-04 8.6467E-04 1.0535E-03 8.5033E-04 8.2991E-04 9.4501E-05 1.3502E-05 0
 0 6.8659E-06 1.2138E-05 2.3694E-04 1.6894E-04 1.0359E-03 1.2466E-03 2.7965E-04 9.9187E-04 5.4348E-04 4.0548E-04 1.0200E-03 9.9248E-04 1.2652E-03 6.9928E-04 1.5770E-03 1.7198E-04 5.6028E-04 8.8713E-04 9.2047E-04 1.0637E-03 8.7554E-04 7.1821E-05 1.5487E-05 0
 0 5.2014E-06 6.4262E-06 2.5883E-04 1.8750E-04 9.8007E-04 1.3077E-03 2.4826E-04 9.9479E-04 6.2112E-04 3.5163E-04 1.0370E-03 9.8165E-04 1.2839E-03 7.3348E-04 1.3708E-03 2.7517E-04 4.9930E-04 1.0219E-03 9.0297E-04 8.6514E-04 9.2985E-04 8.5681E-05 1.0722E-05 0
 0 2.4967E-06 1.3566E-05 2.6398E-04 2.0236E-04 9.8472E-04 1.2333E-03 2.8821E-04 1.0327E-03 6.8084E-04 3.0411E-04 8.4659E-04 1.0033E-03 1.3326E-03 5.9287E-04 1.6037E-03 2.5988E-04 5.6409E-04 7.5237E-04 9.0297E-04 8.2663E-04 9.4723E-04 7.1821E-05 1.6679E-05 0
 0 5.2014E-06 4.2841E-06 2.4724E-04 1.8936E-04 9.4748E-04 1.0021E-03 2.6538E-04 9.4520E-04 6.2112E-04 2.7877E-04 9.5539E-04 1.1801E-03 1.2839E-03 6.5747E-04 1.4548E-03 1.8345E-04 4.0401E-04 1.0106E-03 9.9047E-04 8.1478E-04 8.6033E-04 1.0710E-04 9.9277E-06 0
 0 6.8659E-06 1.2852E-05 2.2149E-04 2.0421E-04 8.7065E-04 1.0924E-03 2.6538E-04 9.5395E-04 6.1813E-04 4.1182E-04 1.0268E-03 1.1044E-03 1.2727E-03 7.4488E-04 1.3020E-03 1.4141E-04 4.9930E-04 7.5986E-04 9.4147E-04 9.6292E-04 8.2340E-04 8.3161E-05 1.0325E-05 0
 0 4.1612E-06 7.1402E-06 2.3308E-04 1.7637E-04 9.6610E-04 1.2891E-03 3.1389E-04 1.0502E-03 7.3161E-04 3.2629E-04 8.1259E-04 9.1308E-04 1.2502E-03 6.0047E-04 1.3555E-03 2.2167E-04 4.4594E-04 6.7377E-04 9.1347E-04 9.0959E-04 8.8423E-04 8.9461E-05 1.2310E-05 0
 0 5.2014E-06 1.1424E-05 2.1762E-04 1.6337E-04 9.2187E-04 1.2466E-03 3.0818E-04 9.0144E-04 6.7786E-04 3.1995E-04 9.0439E-04 7.7594E-04 1.2390E-03 6.7267E-04 1.4280E-03 1.7198E-04 5.0311E-04 7.6360E-04 9.4847E-04 9.0070E-04 9.7547E-04 7.9381E-05 9.9277E-06 0
 0 4.3692E-06 6.4262E-06 1.8929E-04 1.6708E-04 9.6144E-04 1.2333E-03 2.3399E-04 8.9852E-04 5.4049E-04 2.3125E-04 8.2619E-04 1.0971E-03 9.8447E-04 5.2446E-04 1.3631E-03 2.3313E-04 5.8315E-04 8.0478E-04 8.1197E-04 7.4663E-04 9.2985E-04 6.4261E-05 9.5306E-06 0
 0 9.5706E-06 1.2138E-05 2.1376E-04 1.7822E-04 9.0092E-04 1.1722E-03 2.3399E-04 8.7518E-04 6.3306E-04 3.4213E-04 8.0239E-04 9.6721E-04 1.2240E-03 6.0427E-04 1.3097E-03 1.7580E-04 4.3832E-04 8.4969E-04 7.4198E-04 7.4367E-04 8.8423E-04 4.5360E-05 1.1516E-05 0
 0 7.6981E-06 5.7122E-06 2.3050E-04 1.5037E-04 9.8239E-04 1.2386E-03 2.1687E-04 7.9058E-04 5.9424E-04 2.5660E-04 7.9559E-04 8.6616E-04 1.2128E-03 6.0427E-04 1.0806E-03 1.5669E-04 4.6119E-04 6.9248E-04 1.0080E-03 8.4144E-04 9.0595E-04 4.6620E-05 1.2310E-05 0
 0 9.3626E-06 6.4262E-06 2.0088E-04 1.6523E-04 8.9626E-04 1.0738E-03 2.5111E-04 9.0435E-04 5.6438E-04 3.5163E-04 8.3979E-04 1.0574E-03 1.0968E-03 5.7386E-04 1.2486E-03 1.7963E-04 4.4594E-04 7.3366E-04 9.4147E-04 8.4144E-04 8.1253E-04 4.9140E-05 9.9277E-06 0
 0 5.6176E-06 8.5682E-06 2.2149E-04 1.7451E-04 8.2409E-04 1.1536E-03 1.8263E-04 7.8183E-04 5.3153E-04 2.2809E-04 8.6359E-04 9.9609E-04 1.2353E-03 6.2707E-04 1.2333E-03 1.9874E-04 3.9639E-04 6.7377E-04 8.6797E-04 8.0293E-04 8.8857E-04 7.0561E-05 1.0722E-05 0
 0 6.0337E-06 7.1402E-06 2.1376E-04 1.3924E-04 8.2177E-04 1.1323E-03 2.4255E-04 9.7729E-04 5.0167E-04 2.8827E-04 8.0239E-04 9.0947E-04 9.4704E-04 4.8265E-04 1.1455E-03 1.3376E-04 4.6881E-04 7.1120E-04 8.3997E-04 7.7330E-04 7.6474E-04 6.3001E-05 5.9566E-06 0
 0 5.2014E-06 8.5682E-06 2.2535E-04 1.5409E-04 8.9393E-04 1.0047E-03 2.5397E-04 8.0808E-04 4.9869E-04 2.0591E-04 8.5339E-04 8.8421E-04 8.0854E-04 6.0047E-04 1.2028E-03 1.6816E-04 4.0020E-04 7.7483E-04 8.2947E-04 6.6367E-04 8.0167E-04 7.4341E-05 9.1335E-06 0
 0 6.8659E-06 7.8542E-06 2.1762E-04 1.4852E-04 9.0092E-04 1.2147E-03 2.3399E-04 9.8604E-04 5.4049E-04 3.3262E-04 7.7179E-04 9.3834E-04 8.8340E-04 5.2066E-04 1.1951E-03 1.2230E-04 4.0783E-04 7.9355E-04 8.7847E-04 8.1478E-04 7.8646E-04 7.4341E-05 1.1119E-05 0
 0 8.7384E-06 1.1424E-05 2.1762E-04 2.1535E-04 8.9393E-04 1.0579E-03 2.1972E-04 8.9560E-04 5.3452E-04 3.0411E-04 7.3439E-04 7.5428E-04 9.9570E-04 5.4726E-04 1.1417E-03 1.9109E-04 2.4774E-04 6.8874E-04 7.4198E-04 7.9996E-04 7.6908E-04 8.8201E-05 1.1516E-05 0
 0 7.4901E-06 4.9981E-06 1.8672E-04 1.3181E-04 8.2875E-04 1.0791E-03 1.9689E-04 7.7308E-04 5.4049E-04 2.0908E-04 8.5339E-04 7.5067E-04 9.6575E-04 4.6365E-04 9.9658E-04 2.1020E-04 3.3922E-04 6.6628E-04 8.7147E-04 6.6664E-04 8.5164E-04 5.5440E-05 1.0722E-05 0
 0 6.8659E-06 1.4280E-05 2.1505E-04 1.2438E-04 8.8695E-04 1.0579E-03 1.5980E-04 9.1894E-04 4.3000E-04 2.2492E-04 7.9559E-04 8.9864E-04 9.4704E-04 5.3206E-04 1.1379E-03 1.7580E-04 3.4303E-04 7.1494E-04 8.6447E-04 8.3848E-04 7.3432E-04 4.6620E-05 1.4296E-05 0
 0 4.1612E-06 1.5708E-05 2.1505E-04 1.6894E-04 7.2865E-04 9.8345E-04 2.2543E-04 9.0435E-04 4.1209E-04 2.7560E-04 6.6300E-04 8.3368E-04 9.8073E-04 4.7125E-04 1.1646E-03 2.0638E-04 2.4012E-04 5.9516E-04 7.0348E-04 6.8738E-04 8.5381E-04 5.1660E-05 4.7653E-06 0
 0 3.5370E-06 9.2823E-06 2.2535E-04 1.4480E-04 8.7764E-04 1.0685E-03 1.6265E-04 7.9350E-04 4.8674E-04 2.6293E-04 7.8539E-04 7.5428E-04 9.1709E-04 5.1686E-04 1.0119E-03 1.5287E-04 3.7733E-04 6.3259E-04 6.7548E-04 8.6811E-04 7.7994E-04 6.0481E-05 9.9277E-06 0
 0 5.6176E-06 6.4262E-06 2.3436E-04 1.4109E-04 8.0314E-04 9.7813E-04 1.5124E-04 8.6643E-04 4.4195E-04 2.2175E-04 7.1740E-04 6.6045E-04 7.7859E-04 4.5605E-04 1.0844E-03 1.4523E-04 3.5447E-04 5.8019E-04 6.7898E-04 8.2959E-04 8.6467E-04 7.0561E-05 9.9277E-06 0
 0 2.9128E-06 9.9963E-06 2.0217E-04 1.9679E-04 8.8928E-04 1.1057E-03 1.9404E-04 8.9560E-04 5.2556E-04 2.1225E-04 6.3580E-04 7.5067E-04 9.3581E-04 4.3325E-04 1.0195E-03 2.2167E-04 2.8967E-04 5.6147E-04 7.7348E-04 6.6960E-04 8.1471E-04 9.5761E-05 7.1479E-06 0
 0 4.1612E-06 6.4262E-06 2.0603E-04 1.3367E-04 8.1245E-04 9.9674E-04 1.7121E-04 8.0808E-04 5.1362E-04 2.3442E-04 6.4940E-04 7.5789E-04 8.2725E-04 4.5225E-04 9.4694E-04 1.6816E-04 3.2397E-04 5.3527E-04 7.0698E-04 7.2885E-04 7.4301E-04 7.0561E-05 1.3502E-05 0
 0 2.4967E-06 3.5701E-06 1.9573E-04 1.9864E-04 8.7298E-04 1.0632E-03 1.9689E-04 7.3515E-04 4.2403E-04 2.2175E-04 7.3099E-04 5.9549E-04 8.8340E-04 4.4845E-04 1.0157E-03 1.2612E-04 2.3250E-04 5.2778E-04 6.7198E-04 6.6071E-04 8.6250E-04 5.6701E-05 1.1119E-05 0
 0 4.3692E-06 8.5682E-06 1.8028E-04 1.3367E-04 7.8917E-04 1.0738E-03 2.0546E-04 7.2640E-04 4.7181E-04 2.2175E-04 6.1540E-04 8.6255E-04 9.3581E-04 4.2945E-04 9.2403E-04 1.0319E-04 3.1254E-04 6.2885E-04 6.9298E-04 6.6664E-04 7.7994E-04 7.5601E-05 1.1119E-05 0
 0 3.3289E-06 7.1402E-06 2.0088E-04 1.7265E-04 9.1721E-04 1.0207E-03 1.5409E-04 7.1473E-04 4.4195E-04 2.4709E-04 6.1880E-04 8.6255E-04 7.4490E-04 4.3325E-04 9.7367E-04 1.9491E-04 3.1254E-04 5.6896E-04 6.2998E-04 7.4663E-04 7.6039E-04 6.8041E-05 4.7653E-06 0
 0 5.2014E-06 3.5701E-06 2.0732E-04 1.6151E-04 7.5658E-04 9.5421E-04 1.4553E-04 6.9139E-04 3.8521E-04 1.9641E-04 7.2759E-04 7.4706E-04 9.3955E-04 4.2565E-04 1.0119E-03 1.3376E-04 2.0963E-04 5.0907E-04 7.3848E-04 7.1108E-04 7.5822E-04 5.5440E-05 1.2310E-05 0
 0 4.9934E-06 9.9963E-06 2.1762E-04 1.1139E-04 7.8685E-04 1.0021E-03 1.3126E-04 7.7891E-04 4.0612E-04 2.1541E-04 5.5760E-04 8.4090E-04 9.0586E-04 3.9524E-04 8.4385E-04 1.6434E-04 2.3631E-04 4.0426E-04 5.7748E-04 6.7256E-04 7.4084E-04 6.4261E-05 1.3105E-05 0
 0 4.1612E-06 7.8542E-06 1.7642E-04 1.0396E-04 8.0081E-04 1.0047E-03 1.8263E-04 7.3223E-04 2.9861E-04 1.5206E-04 6.5620E-04 6.9654E-04 7.7859E-04 2.9263E-04 8.6675E-04 2.1020E-04 1.9438E-04 5.0532E-04 6.0198E-04 6.7552E-04 7.8646E-04 7.8121E-05 1.1913E-05 0
 0 3.3289E-06 5.7122E-06 2.2793E-04 1.3738E-04 7.8452E-04 9.0637E-04 1.4838E-04 7.8475E-04 3.4639E-04 2.3759E-04 5.7800E-04 6.5323E-04 8.2725E-04 4.0664E-04 1.0157E-03 1.7580E-04 2.7824E-04 3.9303E-04 7.7698E-04 7.4071E-04 8.2122E-04 6.4261E-05 9.5306E-06 0
 0 5.6176E-06 4.9981E-06 2.1891E-04 1.3367E-04 9.0790E-04 1.0260E-03 1.3412E-04 8.8102E-04 4.4195E-04 1.9641E-04 6.5280E-04 5.3052E-04 8.0105E-04 3.4964E-04 8.9348E-04 2.7135E-04 2.0201E-04 5.0532E-04 6.7898E-04 6.0738E-04 7.2129E-04 6.0481E-05 9.9277E-06 0
 0 4.3692E-06 4.9981E-06 2.0990E-04 1.4666E-04 8.1245E-04 8.1334E-04 1.5695E-04 7.6724E-04 4.7778E-04 1.9324E-04 6.8000E-04 6.5684E-04 8.6469E-04 3.8384E-04 8.8585E-04 2.2931E-04 2.4012E-04 4.6041E-04 6.8248E-04 5.7479E-04 7.4518E-04 5.5440E-05 6.3537E-06 0
 0 5.2014E-06 7.8542E-06 2.0346E-04 1.4295E-04 8.2409E-04 9.6484E-04 2.1402E-04 7.3515E-04 3.9119E-04 1.7740E-04 6.3240E-04 7.2541E-04 7.3742E-04 4.0664E-04 9.2403E-04 2.0256E-04 2.5537E-04 4.4918E-04 6.7548E-04 6.6367E-04 7.3867E-04 8.5681E-05 1.1913E-05 0
 0 7.2820E-06 8.5682E-06 2.1891E-04 1.3924E-04 8.1478E-04 9.4358E-04 1.2270E-04 6.9139E-04 4.0612E-04 1.9007E-04 5.1680E-04 7.3985E-04 6.8501E-04 3.9524E-04 7.6748E-04 1.7580E-04 2.6299E-04 5.1655E-04 6.4048E-04 6.9923E-04 7.2780E-04 7.3081E-05 1.2310E-05 0
 0 4.3692E-06 9.2823E-06 2.2020E-04 1.2438E-04 6.9140E-04 9.6750E-04 1.1700E-04 6.6805E-04 3.7327E-04 1.7423E-04 5.4060E-04 6.4601E-04 7.2244E-04 3.5344E-04 8.2475E-04 1.4905E-04 2.4774E-04 4.1175E-04 5.8798E-04 6.7552E-04 7.9081E-04 7.4341E-05 1.3105E-05 0
 0 6.4498E-06 1.1424E-05 2.0346E-04 1.4480E-04 7.5891E-04 9.1700E-04 1.3982E-04 7.9641E-04 5.0167E-04 2.0591E-04 4.0460E-04 5.8105E-04 8.0105E-04 2.8123E-04 8.3239E-04 1.9109E-04 2.8586E-04 5.2030E-04 5.6698E-04 7.1997E-04 7.4953E-04 6.8041E-05 1.0325E-05 0
 0 4.3692E-06 7.1402E-06 2.0346E-04 1.4666E-04 8.3806E-04 9.5155E-04 1.3412E-04 6.0679E-04 4.1209E-04 1.7740E-04 5.7800E-04 6.9293E-04 6.1015E-04 2.5843E-04 7.6748E-04 1.8345E-04 1.9057E-04 4.1175E-04 6.6498E-04 5.7183E-04 8.3209E-04 7.1821E-05 8.3393E-06 0
 0 3.9531E-06 7.8542E-06 1.8929E-04 1.0396E-04 6.5881E-04 8.7979E-04 1.9404E-04 7.2640E-04 3.6132E-04 1.2988E-04 5.8140E-04 6.0631E-04 7.1496E-04 3.6484E-04 8.0184E-04 1.8345E-04 2.0963E-04 4.5666E-04 5.6698E-04 5.9553E-04 7.0391E-04 5.7961E-05 9.9277E-06 0
 0 5.2014E-06 4.2841E-06 1.8672E-04 1.4666E-04 6.9838E-04 8.5852E-04 1.3412E-04 6.2430E-04 3.9119E-04 1.8374E-04 5.9840E-04 5.4135E-04 7.7111E-04 2.8883E-04 7.5221E-04 1.7963E-04 2.1344E-04 3.5560E-04 4.8298E-04 5.7775E-04 7.4518E-04 5.9221E-05 5.5595E-06 0
 0 5.2014E-06 6.4262E-06 2.0732E-04 1.3181E-04 7.5891E-04 9.8345E-04 7.4192E-05 6.5347E-04 3.4938E-04 1.6473E-04 4.6240E-04 5.4496E-04 6.5881E-04 3.2304E-04 7.8657E-04 1.7580E-04 2.2869E-04 3.5934E-04 6.2298E-04 5.4812E-04 6.7784E-04 8.4421E-05 1.2707E-05 0
 0 2.4967E-06 9.9963E-06 2.3179E-04 1.4109E-04 7.9150E-04 8.5321E-04 1.3982E-04 7.1473E-04 3.4639E-04 1.9957E-04 5.2020E-04 5.0165E-04 5.9143E-04 3.6104E-04 8.0184E-04 2.4460E-04 2.0201E-04 3.5934E-04 5.3198E-04 6.2219E-04 6.7566E-04 3.9060E-05 9.9277E-06 0
 0 2.7047E-06 3.5701E-06 2.1247E-04 1.2438E-04 6.9838E-04 7.8942E-04 9.9874E-05 6.2138E-04 3.4341E-04 1.6473E-04 4.9640E-04 4.1864E-04 6.2886E-04 2.8123E-04 6.8729E-04 2.2931E-04 1.6770E-04 3.4063E-04 4.5849E-04 6.6960E-04 7.2998E-04 7.6861E-05 1.1119E-05 0
 0 3.9531E-06 1.3566E-05 1.5581E-04 1.5594E-04 7.0304E-04 9.2231E-04 1.3412E-04 6.2721E-04 3.4938E-04 1.2988E-04 5.0660E-04 4.8722E-04 7.7859E-04 4.0664E-04 7.5221E-04 1.7580E-04 3.2016E-04 3.8554E-04 4.3049E-04 5.9553E-04 6.9522E-04 6.4261E-05 1.1913E-05 0
 0 6.2417E-06 4.9981E-06 2.0990E-04 1.0582E-04 7.2865E-04 8.8510E-04 1.6265E-04 6.3888E-04 3.7625E-04 1.3305E-04 4.6240E-04 4.9082E-04 5.6149E-04 3.6104E-04 7.7130E-04 2.1402E-04 1.7152E-04 3.9677E-04 4.9698E-04 6.4886E-04 7.3867E-04 5.6701E-05 1.0722E-05 0
 0 6.0337E-06 8.5682E-06 1.8801E-04 1.3738E-04 6.3786E-04 7.8410E-04 1.4553E-04 5.6595E-04 3.4639E-04 1.0771E-04 4.1820E-04 5.7383E-04 6.2138E-04 1.9382E-04 7.1402E-04 1.4523E-04 1.7914E-04 3.7431E-04 5.4948E-04 5.7479E-04 6.8435E-04 5.6701E-05 7.1479E-06 0
 0 2.9128E-06 7.1402E-06 1.6612E-04 1.5966E-04 7.3563E-04 8.3194E-04 1.4553E-04 5.4261E-04 3.4042E-04 1.2355E-04 4.6580E-04 5.0887E-04 6.0640E-04 2.8503E-04 7.5602E-04 1.5669E-04 2.2488E-04 4.0052E-04 4.7248E-04 4.7998E-04 6.4525E-04 5.4180E-05 7.5451E-06 0
 0 5.8256E-06 3.5701E-06 2.2149E-04 9.4680E-05 6.2855E-04 8.7181E-04 1.3982E-04 6.4472E-04 3.5237E-04 1.2988E-04 4.5900E-04 5.3052E-04 5.7271E-04 2.4323E-04 6.3002E-04 1.6434E-04 2.0963E-04 3.2565E-04 5.1098E-04 6.3404E-04 7.9298E-04 5.7961E-05 1.0325E-05 0
 0 5.2014E-06 4.9981E-06 2.3050E-04 1.4295E-04 6.5183E-04 8.2663E-04 8.8460E-05 5.6595E-04 2.8368E-04 1.5522E-04 5.4740E-04 5.5579E-04 5.2031E-04 2.0902E-04 6.6438E-04 1.4905E-04 1.4102E-04 4.0800E-04 4.9698E-04 5.2442E-04 7.8646E-04 8.5681E-05 1.0722E-05 0
 0 3.1209E-06 6.4262E-06 2.1891E-04 1.2253E-04 6.4950E-04 8.1599E-04 1.5124E-04 5.9512E-04 2.8070E-04 1.4255E-04 5.8140E-04 4.8361E-04 5.1657E-04 3.0783E-04 7.6366E-04 2.1020E-04 1.7152E-04 3.2565E-04 3.9899E-04 5.5109E-04 6.8218E-04 4.9140E-05 8.7364E-06 0
 0 5.2014E-06 1.4280E-06 1.8028E-04 1.1324E-04 7.1701E-04 7.4955E-04 1.5695E-04 6.2430E-04 3.4042E-04 1.1721E-04 4.2840E-04 5.6661E-04 5.3903E-04 3.0023E-04 6.5675E-04 1.7198E-04 1.9820E-04 3.7057E-04 5.3198E-04 6.1627E-04 7.2129E-04 7.9381E-05 9.1335E-06 0
 0 3.7450E-06 4.2841E-06 1.6869E-04 1.1324E-04 5.9130E-04 8.3194E-04 1.2556E-04 5.9221E-04 2.4486E-04 1.4889E-04 4.7260E-04 4.7278E-04 6.0640E-04 2.2803E-04 5.8802E-04 1.6434E-04 1.6389E-04 3.9677E-04 3.9199E-04 5.5405E-04 7.1042E-04 4.5360E-05 1.0722E-05 0
 0 4.1612E-06 3.5701E-06 2.0346E-04 1.1510E-04 6.0294E-04 8.6915E-04 9.9874E-05 5.5136E-04 2.8667E-04 1.4572E-04 4.4880E-04 4.6917E-04 4.3422E-04 2.3183E-04 8.0184E-04 1.7963E-04 1.3340E-04 3.9303E-04 4.3749E-04 5.0961E-04 7.3867E-04 5.4180E-05 9.9277E-06 0
 0 5.8256E-06 7.1402E-07 1.8929E-04 8.5398E-05 6.4950E-04 8.8776E-04 5.7071E-05 5.7470E-04 3.7028E-04 1.3305E-04 5.0320E-04 4.2225E-04 4.1550E-04 2.2042E-04 6.1857E-04 1.6052E-04 1.7914E-04 3.6308E-04 4.0249E-04 4.8887E-04 7.1477E-04 6.3001E-05 9.1335E-06 0
 0 3.7450E-06 9.2823E-06 1.5324E-04 1.3924E-04 7.5658E-04 7.2297E-04 1.1700E-04 5.6595E-04 2.8667E-04 1.0454E-04 4.4200E-04 4.9443E-04 5.8020E-04 1.7482E-04 6.1093E-04 1.5287E-04 2.2869E-04 2.6576E-04 4.0599E-04 5.4220E-04 6.7566E-04 4.9140E-05 9.9277E-06 0
 0 3.3289E-06 6.4262E-06 2.1119E-04 1.0582E-04 6.4019E-04 8.5586E-04 5.7071E-05 5.5428E-04 2.5084E-04 1.0454E-04 4.2160E-04 3.9699E-04 3.8930E-04 1.9002E-04 5.4220E-04 1.4523E-04 1.4102E-04 3.0694E-04 3.2899E-04 5.0368E-04 6.7132E-04 5.4180E-05 9.5306E-06 0
 0 5.8256E-06 8.5682E-06 1.8929E-04 1.1881E-04 7.1934E-04 8.4523E-04 1.1129E-04 4.8718E-04 3.9119E-04 1.5839E-04 3.5020E-04 4.8722E-04 3.2940E-04 1.5582E-04 6.5675E-04 1.7963E-04 1.6770E-04 2.8448E-04 5.4948E-04 5.2738E-04 6.4525E-04 6.0481E-05 7.9422E-06 0
 0 2.9128E-06 8.5682E-06 1.8028E-04 1.0396E-04 7.2865E-04 6.9107E-04 5.7071E-05 5.3969E-04 3.3743E-04 1.2038E-04 4.1480E-04 4.6917E-04 4.0427E-04 1.1401E-04 5.7656E-04 2.0638E-04 1.6008E-04 2.6576E-04 4.6199E-04 5.2146E-04 7.4518E-04 5.2920E-05 8.3393E-06 0
 0 3.9531E-06 4.2841E-06 2.0475E-04 1.1139E-04 6.8209E-04 7.4955E-04 1.0843E-04 5.8054E-04 2.8368E-04 1.0771E-04 5.2360E-04 4.9443E-04 4.1176E-04 1.9762E-04 5.7656E-04 2.0256E-04 8.3852E-05 2.4330E-04 4.1299E-04 4.9183E-04 7.1260E-04 5.1660E-05 5.9566E-06 0
 0 4.7853E-06 7.8542E-06 1.6483E-04 1.2624E-04 6.4950E-04 7.7613E-04 1.3126E-04 5.8637E-04 2.9563E-04 1.1087E-04 3.2300E-04 4.3669E-04 4.3796E-04 2.2042E-04 6.5293E-04 1.8345E-04 1.0291E-04 3.7431E-04 4.5849E-04 4.5035E-04 7.1042E-04 4.9140E-05 9.5306E-06 0
 0 5.6176E-06 2.8561E-06 1.9831E-04 1.3738E-04 5.9828E-04 8.1334E-04 8.2753E-05 6.5347E-04 2.7771E-04 1.6156E-04 2.4820E-04 3.4286E-04 5.0159E-04 1.7862E-04 5.6893E-04 1.4523E-04 1.2959E-04 3.0694E-04 3.8849E-04 5.7479E-04 7.1260E-04 5.1660E-05 1.1913E-05 0
 0 3.5370E-06 8.5682E-06 1.5839E-04 1.3738E-04 6.5881E-04 7.6815E-04 1.1985E-04 5.2803E-04 2.5382E-04 1.1721E-04 3.0260E-04 3.6090E-04 4.1550E-04 1.8242E-04 5.6129E-04 1.5669E-04 1.0291E-04 1.9090E-04 4.2699E-04 4.3554E-04 7.2780E-04 6.5521E-05 6.3537E-06 0
 0 2.2886E-06 2.1421E-06 1.3779E-04 1.3552E-04 6.3320E-04 6.8044E-04 8.2753E-05 5.1344E-04 2.7174E-04 1.0454E-04 3.9440E-04 4.6195E-04 4.2299E-04 2.3183E-04 6.0711E-04 1.2230E-04 1.4865E-04 2.7699E-04 3.6749E-04 5.5701E-04 6.3004E-04 5.6701E-05 1.2310E-05 0
 0 4.9934E-06 4.2841E-06 1.9831E-04 9.4680E-05 6.6114E-04 7.7081E-04 5.1364E-05 5.6595E-04 3.1056E-04 8.8700E-05 4.1140E-04 3.4646E-04 4.9411E-04 1.9002E-04 4.3147E-04 1.8345E-04 1.1053E-04 3.0319E-04 3.2199E-04 4.1776E-04 6.8001E-04 5.4180E-05 1.2310E-05 0
 0 3.5370E-06 9.9963E-06 1.5710E-04 1.2253E-04 5.9596E-04 7.3360E-04 9.4167E-05 4.4634E-04 3.5237E-04 6.0189E-05 3.7400E-04 4.3308E-04 5.2780E-04 2.3183E-04 4.7729E-04 1.0319E-04 8.7663E-05 1.9464E-04 3.6049E-04 4.9479E-04 7.1260E-04 4.2840E-05 7.9422E-06 0
 0 2.2886E-06 4.2841E-06 1.6225E-04 1.3552E-04 5.7733E-04 7.7347E-04 6.5632E-05 5.0760E-04 2.8070E-04 7.9196E-05 3.6040E-04 4.8722E-04 4.7165E-04 1.4822E-04 5.3838E-04 1.7963E-04 1.1053E-04 2.3207E-04 4.2699E-04 4.9183E-04 6.3221E-04 4.4100E-05 1.0325E-05 0
 0 5.2014E-06 7.8542E-06 1.6483E-04 1.2253E-04 6.2855E-04 6.4323E-04 1.0558E-04 5.3094E-04 2.0007E-04 1.1721E-04 3.0600E-04 4.7278E-04 3.9304E-04 1.5202E-04 4.3529E-04 2.0256E-04 1.4102E-04 2.9571E-04 3.8149E-04 4.9183E-04 5.9745E-04 6.8041E-05 8.7364E-06 0
 0 5.4095E-06 5.7122E-06 1.7127E-04 1.1510E-04 6.1923E-04 7.4955E-04 1.3982E-04 4.5509E-04 2.8966E-04 1.4255E-04 3.2300E-04 3.5729E-04 3.0320E-04 1.4822E-04 5.4984E-04 1.3759E-04 1.1434E-04 1.4598E-04 3.6399E-04 5.3923E-04 7.1694E-04 5.1660E-05 9.5306E-06 0
 0 4.7853E-06 9.2823E-06 1.6354E-04 1.0953E-04 5.8432E-04 7.3626E-04 7.9899E-05 4.9885E-04 2.4785E-04 8.5532E-05 3.4000E-04 3.0677E-04 4.2673E-04 2.0902E-04 5.5747E-04 1.4905E-04 1.1053E-04 2.7699E-04 4.5499E-04 3.6146E-04 6.3873E-04 4.1580E-05 7.9422E-06 0
 0 3.5370E-06 5.7122E-06 1.3135E-04 1.1510E-04 6.0061E-04 7.5220E-04 8.8460E-05 5.1052E-04 2.6577E-04 8.2364E-05 2.9920E-04 3.1037E-04 3.5935E-04 1.4062E-04 4.8111E-04 1.6434E-04 9.9098E-05 3.5934E-04 3.2899E-04 5.2442E-04 6.8435E-04 6.5521E-05 9.1335E-06 0
 0 6.0337E-06 2.8561E-06 1.6612E-04 1.1510E-04 6.2156E-04 6.7778E-04 1.0558E-04 4.5509E-04 1.9410E-04 7.2861E-05 3.6720E-04 3.8255E-04 3.9304E-04 1.4822E-04 3.8947E-04 1.6434E-04 1.2959E-04 3.5934E-04 3.4649E-04 4.2368E-04 5.2793E-04 4.0320E-05 1.1516E-05 0
 0 4.5773E-06 3.5701E-06 1.7899E-04 1.0768E-04 6.3087E-04 7.3360E-04 7.7046E-05 5.1052E-04 2.9563E-04 6.3357E-05 3.7400E-04 3.3925E-04 4.1176E-04 1.4442E-04 4.5438E-04 1.6816E-04 7.6229E-05 1.7967E-04 3.2199E-04 3.5850E-04 6.8001E-04 5.1660E-05 7.1479E-06 0
 0 5.4095E-06 3.5701E-06 1.4036E-04 1.1881E-04 5.4241E-04 6.2728E-04 9.4167E-05 4.1425E-04 2.7473E-04 7.2861E-05 3.5360E-04 3.1398E-04 3.7432E-04 2.2422E-04 4.5056E-04 1.6816E-04 4.9549E-05 1.7218E-04 3.9899E-04 4.3850E-04 5.9311E-04 4.1580E-05 6.3537E-06 0
 0 2.9128E-06 5.7122E-06 1.6483E-04 1.0582E-04 6.1458E-04 7.6815E-04 8.2753E-05 5.1636E-04 2.2993E-04 9.8203E-05 2.9580E-04 3.3925E-04 3.1069E-04 1.1781E-04 4.5438E-04 1.7963E-04 6.4795E-05 2.5079E-04 3.1499E-04 4.4146E-04 5.9745E-04 5.2920E-05 9.5306E-06 0
 0 3.7450E-06 1.1424E-05 1.5453E-04 7.2402E-05 5.7500E-04 7.4423E-04 6.8485E-05 5.4553E-04 1.9709E-04 7.6028E-05 2.4140E-04 3.3925E-04 4.0801E-04 1.7862E-04 3.3983E-04 1.6434E-04 5.7172E-05 2.0587E-04 3.9199E-04 4.8590E-04 6.3656E-04 4.2840E-05 4.7653E-06 0
 0 5.4095E-06 7.1402E-06 1.5968E-04 1.0396E-04 5.3776E-04 6.6449E-04 6.2778E-05 4.4051E-04 2.0306E-04 6.9693E-05 3.2300E-04 3.0316E-04 3.8555E-04 1.2541E-04 4.3529E-04 1.7580E-04 9.1475E-05 1.4973E-04 3.7099E-04 3.8813E-04 6.2569E-04 3.4020E-05 8.3393E-06 0
 0 4.1612E-06 4.9981E-06 1.6998E-04 1.1696E-04 6.1458E-04 6.6715E-04 9.4167E-05 4.5509E-04 2.1202E-04 8.5532E-05 3.5700E-04 3.2120E-04 3.4063E-04 1.5202E-04 4.0474E-04 1.5669E-04 8.7663E-05 2.9197E-04 3.0099E-04 4.1480E-04 6.1266E-04 4.7880E-05 6.7508E-06 0
 0 5.2014E-06 4.2841E-06 1.7384E-04 1.1696E-04 5.8897E-04 7.2828E-04 6.8485E-05 4.7551E-04 2.0306E-04 5.7021E-05 2.9580E-04 3.6812E-04 2.9197E-04 1.4062E-04 4.2001E-04 2.1402E-04 1.1434E-04 1.4598E-04 3.8849E-04 3.4665E-04 6.3221E-04 3.0240E-05 9.9277E-06 0
 0 3.1209E-06 7.1402E-06 1.7513E-04 1.0582E-04 5.1448E-04 5.5551E-04 7.7046E-05 4.2884E-04 2.6875E-04 8.5532E-05 3.8080E-04 3.1398E-04 3.0320E-04 1.3682E-04 4.0474E-04 1.9109E-04 5.7172E-05 1.7218E-04 2.8699E-04 4.7109E-04 6.5828E-04 4.1580E-05 7.9422E-06 0
 0 5.8256E-06 4.2841E-06 1.7384E-04 7.0546E-05 5.3310E-04 7.0436E-04 5.4217E-05 4.8427E-04 2.3591E-04 7.6028E-05 2.3460E-04 2.7428E-04 2.5454E-04 8.7410E-05 4.3910E-04 1.8345E-04 5.7172E-05 1.4598E-04 2.7649E-04 4.2961E-04 5.4748E-04 6.5521E-05 9.9277E-06 0
 0 5.6176E-06 4.9981E-06 1.5195E-04 1.2624E-04 5.9828E-04 6.4589E-04 7.4192E-05 4.2300E-04 2.2097E-04 5.3853E-05 2.9580E-04 4.2947E-04 2.8449E-04 1.2921E-04 4.3529E-04 1.6434E-04 9.9098E-05 2.3582E-04 3.4999E-04 4.9775E-04 5.8442E-04 5.4180E-05 8.3393E-06 0
 0 3.5370E-06 2.8561E-06 1.7255E-04 1.0025E-04 5.7268E-04 6.4057E-04 7.9899E-05 4.0258E-04 2.0007E-04 5.7021E-05 2.6520E-04 3.1037E-04 2.3582E-04 8.3609E-05 3.4747E-04 1.7963E-04 1.6770E-04 1.9090E-04 3.1499E-04 4.4146E-04 6.3873E-04 4.1580E-05 5.5595E-06 0
 0 1.0403E-06 5.7122E-06 1.4551E-04 1.3738E-04 5.6104E-04 5.6615E-04 7.1339E-05 4.7260E-04 1.5827E-04 3.4846E-05 2.4480E-04 2.5985E-04 3.1069E-04 9.1210E-05 4.3529E-04 2.2167E-04 7.2418E-05 1.6470E-04 2.3099E-04 4.0887E-04 5.4096E-04 1.5120E-05 1.3105E-05 0
 0 4.5773E-06 4.9981E-06 1.4937E-04 9.2824E-05 5.5638E-04 6.4057E-04 5.1364E-05 4.1134E-04 2.0903E-04 7.6028E-05 2.6860E-04 2.4180E-04 3.4063E-04 1.1401E-04 3.0928E-04 1.8345E-04 9.5286E-05 1.6096E-04 2.8699E-04 4.7998E-04 5.5834E-04 3.5280E-05 9.9277E-06 0
 0 4.5773E-06 3.5701E-06 1.3521E-04 8.5398E-05 5.9828E-04 5.9804E-04 6.5632E-05 3.5591E-04 2.1799E-04 4.4350E-05 2.5160E-04 3.4286E-04 3.1817E-04 9.1210E-05 3.2837E-04 1.9491E-04 6.0983E-05 1.5347E-04 2.6599E-04 3.7924E-04 5.4096E-04 5.0400E-05 3.5740E-06 0
 0 6.0337E-06 0.0000E+00 1.7255E-04 9.8393E-05 5.6802E-04 5.7412E-04 7.9899E-05 3.3549E-04 1.3139E-04 8.5532E-05 2.5500E-04 3.6451E-04 3.4812E-04 9.8811E-05 3.3983E-04 2.1402E-04 6.4795E-05 1.6470E-04 3.6049E-04 4.2665E-04 6.5394E-04 6.3001E-05 8.3393E-06 0
 0 1.8725E-06 5.7122E-06 1.9187E-04 1.2438E-04 5.0749E-04 6.2728E-04 7.1339E-05 3.8216E-04 2.1202E-04 7.6028E-05 2.4480E-04 2.5985E-04 2.3208E-04 7.9809E-05 3.0165E-04 1.7963E-04 7.2418E-05 2.0962E-04 1.9249E-04 3.7035E-04 5.6704E-04 5.1660E-05 7.9422E-06 0
 0 2.2886E-06 7.1402E-06 1.8543E-04 8.1685E-05 5.5871E-04 6.5652E-04 8.2753E-05 3.7925E-04 2.2695E-04 6.0189E-05 2.5160E-04 2.4902E-04 2.7700E-04 1.4062E-04 2.8637E-04 1.5669E-04 6.0983E-05 1.9090E-04 2.3449E-04 5.3331E-04 6.1918E-04 4.1580E-05 4.3682E-06 0
 0 4.7853E-06 2.8561E-06 1.7513E-04 8.1685E-05 4.4697E-04 5.4754E-04 7.1339E-05 4.0258E-04 1.8514E-04 3.8014E-05 2.6180E-04 2.7068E-04 2.1336E-04 7.9809E-05 3.6656E-04 1.7580E-04 6.8606E-05 1.9090E-04 2.9749E-04 3.4961E-04 5.3445E-04 5.6701E-05 1.1516E-05 0
 0 3.1209E-06 9.2823E-06 1.5324E-04 7.4259E-05 6.1458E-04 4.9704E-04 3.9950E-05 3.8800E-04 2.1202E-04 1.0771E-04 3.1620E-04 2.7068E-04 1.8342E-04 9.1210E-05 3.5892E-04 1.7963E-04 6.4795E-05 1.7218E-04 2.4849E-04 4.4442E-04 6.1483E-04 4.4100E-05 7.9422E-06 0
 0 3.7450E-06 6.4262E-06 1.4294E-04 1.0396E-04 5.0749E-04 7.3360E-04 7.9899E-05 3.5882E-04 2.6577E-04 7.2861E-05 2.7880E-04 1.9489E-04 2.0962E-04 8.7410E-05 3.2837E-04 2.1402E-04 5.7172E-05 2.0962E-04 2.9049E-04 3.5258E-04 5.6486E-04 5.6701E-05 7.9422E-06 0
 0 3.3289E-06 2.1421E-06 1.5710E-04 9.6537E-05 5.2146E-04 5.7412E-04 5.1364E-05 3.7341E-04 2.1202E-04 4.1182E-05 2.2100E-04 2.4541E-04 2.3957E-04 6.4607E-05 3.6274E-04 1.4523E-04 6.0983E-05 1.7967E-04 2.1349E-04 4.1183E-04 6.5828E-04 3.9060E-05 7.5451E-06 0
 0 5.8256E-06 7.1402E-06 1.3392E-04 9.4680E-05 5.2146E-04 5.5817E-04 3.7096E-05 3.9091E-04 1.7917E-04 7.9196E-05 2.4140E-04 2.4180E-04 3.1817E-04 7.2208E-05 2.4819E-04 1.7198E-04 6.4795E-05 1.6096E-04 2.3799E-04 2.8443E-04 5.6704E-04 5.1660E-05 6.3537E-06 0
 0 2.9128E-06 7.8542E-06 1.4036E-04 6.6833E-05 5.8664E-04 5.2096E-04 4.5657E-05 3.5299E-04 1.2840E-04 6.0189E-05 2.2100E-04 2.6346E-04 2.0962E-04 6.8408E-05 2.8637E-04 1.6816E-04 5.3360E-05 1.6844E-04 2.1699E-04 4.0294E-04 5.3445E-04 4.1580E-05 8.7364E-06 0
 0 1.8725E-06 7.8542E-06 1.1461E-04 7.6115E-05 5.5871E-04 6.3791E-04 5.7071E-05 4.1134E-04 1.5528E-04 6.6525E-05 2.3120E-04 1.8767E-04 2.4705E-04 1.0641E-04 2.1383E-04 2.0638E-04 4.1926E-05 9.3579E-05 2.9749E-04 3.3480E-04 5.3879E-04 3.1500E-05 1.0722E-05 0
 0 3.7450E-06 4.2841E-06 1.6096E-04 8.7254E-05 5.1680E-04 5.3691E-04 6.5632E-05 4.1425E-04 1.6424E-04 1.5839E-05 1.9040E-04 2.4180E-04 2.8074E-04 1.2161E-04 3.4365E-04 2.2549E-04 4.9549E-05 1.2352E-04 2.9399E-04 3.1702E-04 5.6704E-04 4.4100E-05 6.7508E-06 0
 0 5.6176E-06 7.1402E-06 1.5195E-04 1.0211E-04 5.1680E-04 5.6615E-04 6.5632E-05 3.3840E-04 1.2840E-04 4.7518E-05 1.5300E-04 2.2376E-04 2.3582E-04 9.8811E-05 2.1383E-04 1.6052E-04 3.4303E-05 1.3101E-04 1.5749E-04 3.8517E-04 5.0838E-04 4.6620E-05 5.5595E-06 0
 0 2.9128E-06 2.8561E-06 1.4680E-04 6.8690E-05 5.1215E-04 5.6083E-04 4.8510E-05 3.5882E-04 2.0007E-04 5.3853E-05 1.7340E-04 2.4180E-04 2.1336E-04 9.5010E-05 3.0165E-04 2.3695E-04 3.8115E-05 1.0481E-04 2.0999E-04 3.5258E-04 5.7355E-04 3.9060E-05 5.5595E-06 0
 0 4.7853E-06 4.2841E-06 1.5710E-04 8.7254E-05 5.9130E-04 5.2362E-04 6.2778E-05 4.1134E-04 1.4035E-04 3.1678E-05 2.0740E-04 1.8045E-04 2.3582E-04 4.9405E-05 3.3219E-04 1.9491E-04 3.8115E-05 1.7218E-04 2.6599E-04 2.9925E-04 6.3004E-04 4.4100E-05 1.0722E-05 0
 0 4.5773E-06 2.1421E-06 1.6354E-04 7.7972E-05 5.8664E-04 5.7678E-04 2.8535E-05 3.5591E-04 1.2542E-04 7.2861E-05 2.1080E-04 2.3819E-04 2.6951E-04 9.1210E-05 2.7492E-04 2.4078E-04 4.1926E-05 1.2352E-04 2.3449E-04 3.7035E-04 4.9751E-04 4.0320E-05 6.3537E-06 0
 0 4.1612E-06 2.1421E-06 1.5324E-04 9.2824E-05 5.8897E-04 5.1830E-04 5.4217E-05 4.0550E-04 2.0306E-04 5.0686E-05 2.3800E-04 2.2015E-04 2.2834E-04 6.0807E-05 2.5201E-04 1.1465E-04 4.1926E-05 1.2727E-04 2.0299E-04 3.4961E-04 5.4531E-04 3.6540E-05 5.5595E-06 0
 0 4.7853E-06 4.2841E-06 1.4809E-04 7.9828E-05 5.4241E-04 6.2196E-04 3.4243E-05 3.5299E-04 1.3736E-04 4.1182E-05 2.3460E-04 2.1654E-04 2.4331E-04 1.0261E-04 2.4055E-04 1.5669E-04 5.3360E-05 1.3850E-04 1.4700E-04 3.9998E-04 5.3879E-04 5.6701E-05 7.9422E-06 0
 0 6.6578E-06 7.1402E-07 1.5581E-04 7.6115E-05 4.6792E-04 6.3791E-04 2.5682E-05 3.6758E-04 1.6722E-04 8.5532E-05 2.3120E-04 2.5263E-04 2.2085E-04 6.0807E-05 3.1310E-04 1.6434E-04 7.2418E-05 1.3101E-04 1.7849E-04 4.7109E-04 4.8231E-04 4.9140E-05 7.5451E-06 0
 0 2.7047E-06 5.7122E-06 1.3392E-04 7.0546E-05 5.1215E-04 5.0236E-04 5.4217E-05 3.1798E-04 1.4035E-04 5.3853E-05 2.1420E-04 1.6241E-04 2.9572E-04 7.6008E-05 2.0619E-04 1.6434E-04 2.6680E-05 1.1229E-04 1.8549E-04 4.2665E-04 5.8007E-04 3.5280E-05 8.7364E-06 0
 0 3.3289E-06 2.8561E-06 1.8028E-04 1.1696E-04 5.0517E-04 5.0236E-04 3.1389E-05 2.9464E-04 1.5528E-04 5.3853E-05 2.3120E-04 2.0571E-04 2.3582E-04 7.6008E-05 2.2910E-04 1.9874E-04 3.8115E-05 7.4863E-05 1.8199E-04 2.5480E-04 5.6269E-04 4.4100E-05 7.1479E-06 0
 0 4.3692E-06 2.8561E-06 1.5839E-04 4.8268E-05 5.6104E-04 5.3957E-04 6.5632E-05 3.1215E-04 1.4035E-04 5.7021E-05 1.8360E-04 1.9489E-04 1.8716E-04 1.5202E-05 2.1383E-04 1.7198E-04 5.7172E-05 1.1229E-04 3.2549E-04 2.9628E-04 5.7573E-04 3.6540E-05 9.1335E-06 0
 0 2.9128E-06 2.8561E-06 1.6096E-04 7.4259E-05 5.4940E-04 4.8907E-04 3.4243E-05 3.0923E-04 1.4931E-04 5.3853E-05 1.8700E-04 1.6962E-04 1.9839E-04 4.1805E-05 2.6728E-04 2.5606E-04 2.6680E-05 1.4973E-04 1.8899E-04 3.0517E-04 6.0180E-04 3.2760E-05 1.1516E-05 0
 0 2.7047E-06 5.7122E-06 1.4422E-04 6.8690E-05 4.0972E-04 5.3159E-04 1.9975E-05 4.2592E-04 1.5528E-04 4.7518E-05 2.3460E-04 2.5624E-04 1.7219E-04 6.4607E-05 2.9783E-04 2.0638E-04 2.2869E-05 8.2349E-05 1.9249E-04 2.5184E-04 4.9100E-04 5.0400E-05 3.9711E-06 0
 0 4.1612E-06 7.8542E-06 1.3263E-04 6.4977E-05 4.4231E-04 4.4920E-04 5.7071E-05 3.7633E-04 1.6722E-04 3.4846E-05 2.0060E-04 1.3714E-04 1.6470E-04 5.3206E-05 3.3219E-04 1.9109E-04 7.2418E-05 1.2352E-04 2.5899E-04 3.0813E-04 5.2793E-04 4.6620E-05 5.9566E-06 0
 0 2.7047E-06 4.2841E-06 1.4937E-04 6.6833E-05 5.1215E-04 5.0501E-04 2.8535E-05 3.2090E-04 9.8543E-05 3.1678E-05 1.9380E-04 1.8406E-04 2.8823E-04 7.9809E-05 3.2837E-04 1.6434E-04 3.4303E-05 9.3579E-05 1.6799E-04 3.3184E-04 6.3656E-04 3.4020E-05 7.9422E-06 0
 0 2.0806E-06 2.8561E-06 1.4551E-04 5.7551E-05 4.3067E-04 4.9438E-04 1.1414E-05 2.5964E-04 1.1945E-04 5.0686E-05 1.5980E-04 2.0571E-04 2.0213E-04 7.2208E-05 2.1383E-04 1.6434E-04 7.6229E-06 1.1978E-04 2.0999E-04 3.2295E-04 5.6052E-04 2.8980E-05 4.3682E-06 0
 0 2.9128E-06 3.5701E-06 1.8286E-04 9.2824E-05 4.4464E-04 5.1033E-04 5.1364E-05 2.4505E-04 1.6424E-04 4.4350E-05 1.9040E-04 2.2015E-04 1.3850E-04 6.8408E-05 2.5583E-04 1.9109E-04 1.5246E-05 1.3850E-04 1.5050E-04 3.2591E-04 4.8013E-04 4.2840E-05 7.5451E-06 0
 0 2.7047E-06 5.7122E-06 1.4422E-04 1.2438E-04 4.1903E-04 5.6083E-04 5.4217E-05 3.7633E-04 1.3139E-04 3.8014E-05 2.2780E-04 1.5880E-04 2.0213E-04 8.3609E-05 2.1764E-04 2.1402E-04 7.6229E-06 7.1120E-05 1.9949E-04 3.3480E-04 5.3662E-04 2.7720E-05 5.5595E-06 0
 0 2.9128E-06 3.5701E-06 1.4937E-04 7.7972E-05 5.1215E-04 5.2362E-04 3.4243E-05 3.0631E-04 1.1945E-04 3.1678E-05 2.3460E-04 1.6962E-04 2.5080E-04 7.9809E-05 1.9855E-04 2.0256E-04 3.4303E-05 1.0106E-04 1.4350E-04 3.0517E-04 4.9751E-04 2.5200E-05 4.7653E-06 0
 0 3.9531E-06 7.1402E-07 1.5453E-04 5.1981E-05 5.3077E-04 5.0501E-04 4.8510E-05 3.5007E-04 1.8813E-04 6.3357E-05 1.5980E-04 1.3353E-04 1.4599E-04 4.5605E-05 2.4055E-04 1.7198E-04 1.9057E-05 5.6147E-05 1.8549E-04 2.7258E-04 5.1924E-04 2.0160E-05 9.1335E-06 0
 0 5.8256E-06 6.4262E-06 1.3650E-04 6.1264E-05 5.2146E-04 4.4654E-04 3.7096E-05 3.2090E-04 1.4035E-04 2.8511E-05 1.7000E-04 1.6601E-04 2.1711E-04 8.7410E-05 1.6801E-04 2.0256E-04 2.2869E-05 7.4863E-05 2.0299E-04 3.3184E-04 5.7573E-04 3.0240E-05 4.7653E-06 0
 0 2.2886E-06 3.5701E-06 1.5710E-04 5.9407E-05 4.6326E-04 4.4920E-04 2.2828E-05 3.4424E-04 1.1049E-04 4.4350E-05 9.1799E-05 2.0210E-04 1.6096E-04 9.1210E-05 2.3292E-04 1.8727E-04 1.9057E-05 1.1978E-04 1.7149E-04 2.6665E-04 5.2793E-04 1.7640E-05 8.7364E-06 0
 0 3.9531E-06 3.5701E-06 1.4294E-04 9.6537E-05 4.4231E-04 4.9172E-04 1.9975E-05 2.3922E-04 1.4632E-04 2.2175E-05 1.3600E-04 1.2992E-04 1.9839E-04 4.5605E-05 2.5964E-04 1.3759E-04 1.1434E-05 7.4863E-05 1.6799E-04 3.0221E-04 4.3668E-04 3.9060E-05 6.3537E-06 0
 0 3.1209E-06 4.2841E-06 1.3135E-04 8.3541E-05 4.4929E-04 5.1033E-04 3.9950E-05 2.4505E-04 9.2571E-05 3.1678E-05 1.4280E-04 1.6241E-04 1.0481E-04 6.0807E-05 2.7110E-04 1.7198E-04 8.3852E-05 1.0855E-04 1.7149E-04 3.2887E-04 5.0838E-04 4.2840E-05 9.1335E-06 0
 0 3.5370E-06 2.1421E-06 1.1461E-04 7.9828E-05 3.6316E-04 5.8475E-04 1.1414E-05 3.3549E-04 1.1646E-04 3.8014E-05 1.5300E-04 2.2737E-04 1.3850E-04 3.4204E-05 2.1764E-04 1.9874E-04 3.4303E-05 4.4918E-05 1.5749E-04 2.3999E-04 4.9751E-04 3.4020E-05 3.1769E-06 0
 0 4.1612E-06 4.2841E-06 1.4551E-04 6.8690E-05 4.4464E-04 4.5983E-04 3.7096E-05 2.7714E-04 1.6125E-04 3.4846E-05 1.6320E-04 1.9128E-04 1.7219E-04 4.5605E-05 2.2146E-04 1.6816E-04 3.8115E-06 6.3633E-05 1.8899E-04 2.9628E-04 5.4965E-04 2.3940E-05 5.1624E-06 0
 0 2.7047E-06 2.8561E-06 1.3135E-04 5.3838E-05 4.4231E-04 4.8907E-04 2.5682E-05 2.4505E-04 1.2542E-04 4.4350E-05 1.2920E-04 2.1293E-04 1.0855E-04 5.3206E-05 2.1383E-04 2.4078E-04 3.8115E-05 8.2349E-05 1.5050E-04 2.9036E-04 6.3004E-04 4.7880E-05 4.7653E-06 0
 0 3.5370E-06 4.2841E-06 1.4294E-04 7.9828E-05 4.1670E-04 4.7843E-04 1.7121E-05 2.1880E-04 1.3139E-04 5.0686E-05 2.1080E-04 1.6241E-04 1.5722E-04 1.9002E-05 2.3673E-04 2.2167E-04 3.4303E-05 8.2349E-05 1.9949E-04 2.0443E-04 5.2141E-04 4.9140E-05 7.9422E-06 0
 0 4.7853E-06 3.5701E-06 1.6483E-04 7.7972E-05 4.9818E-04 5.0767E-04 1.9975E-05 2.6839E-04 1.1347E-04 4.4350E-05 1.3260E-04 1.1910E-04 1.6845E-04 4.1805E-05 2.6728E-04 1.9491E-04 2.6680E-05 8.6092E-05 1.9949E-04 2.3406E-04 4.6275E-04 4.6620E-05 8.3393E-06 0
 0 4.1612E-06 2.1421E-06 1.1074E-04 6.3120E-05 4.5395E-04 5.2362E-04 2.2828E-05 2.8006E-04 1.1347E-04 3.4846E-05 1.4960E-04 1.2992E-04 1.4973E-04 5.7006E-05 2.1764E-04 1.9491E-04 3.4303E-05 7.8606E-05 1.7499E-04 2.8739E-04 4.6058E-04 3.7800E-05 1.0325E-05 0
 0 3.3289E-06 2.1421E-06 1.5066E-04 5.1981E-05 4.6792E-04 3.9072E-04 3.7096E-05 2.5672E-04 1.3139E-04 1.9007E-05 1.3940E-04 1.0827E-04 1.3850E-04 6.4607E-05 1.7946E-04 1.9491E-04 3.4303E-05 6.3633E-05 1.1900E-04 2.9036E-04 5.4314E-04 3.5280E-05 4.3682E-06 0
 0 3.1209E-06 6.4262E-06 1.1847E-04 4.0842E-05 4.5861E-04 3.8009E-04 3.7096E-05 3.2090E-04 1.3736E-04 3.4846E-05 1.4280E-04 1.5519E-04 1.6096E-04 5.3206E-05 1.8328E-04 1.7963E-04 7.6229E-06 6.3633E-05 1.7849E-04 1.8962E-04 4.8013E-04 3.7800E-05 5.5595E-06 0
 0 3.3289E-06 3.5701E-06 1.4036E-04 8.9111E-05 4.5395E-04 4.9704E-04 1.1414E-05 2.8298E-04 1.0452E-04 4.1182E-05 1.1560E-04 1.4436E-04 1.7968E-04 5.3206E-05 1.6801E-04 2.2549E-04 1.5246E-05 5.6147E-05 1.8899E-04 2.2814E-04 4.9317E-04 4.2840E-05 1.1913E-05 0
 0 5.8256E-06 2.1421E-06 1.6096E-04 9.2824E-05 4.8421E-04 5.0501E-04 1.1414E-05 2.5089E-04 9.8543E-05 4.1182E-05 2.1760E-04 1.4436E-04 1.1604E-04 4.9405E-05 1.6801E-04 2.1020E-04 2.2869E-05 8.2349E-05 1.4350E-04 3.5554E-04 4.9751E-04 2.0160E-05 9.1335E-06 0
 0 2.7047E-06 3.5701E-06 1.3263E-04 5.9407E-05 4.2136E-04 4.2793E-04 1.4268E-05 2.8881E-04 9.2571E-05 1.2671E-05 1.2580E-04 1.2271E-04 1.1230E-04 4.9405E-05 1.9855E-04 2.2167E-04 2.2869E-05 5.2404E-05 1.0150E-04 3.4369E-04 4.5406E-04 3.7800E-05 7.1479E-06 0
 0 3.5370E-06 6.4262E-06 1.5324E-04 7.6115E-05 3.8644E-04 4.4920E-04 2.2828E-05 2.6255E-04 1.1049E-04 4.4350E-05 1.2580E-04 1.4075E-04 1.8342E-04 5.7006E-05 2.0619E-04 2.0638E-04 1.1434E-05 3.3688E-05 1.4700E-04 2.3703E-04 5.5834E-04 3.5280E-05 7.1479E-06 0
 0 2.7047E-06 4.2841E-06 1.3263E-04 8.3541E-05 4.4231E-04 5.4488E-04 2.2828E-05 3.0631E-04 9.5557E-05 1.9007E-05 1.8020E-04 1.2271E-04 1.3850E-04 4.9405E-05 2.0619E-04 1.5287E-04 4.1926E-05 1.0106E-04 8.7497E-05 2.6073E-04 4.6710E-04 3.4020E-05 7.1479E-06 0
 0 4.1612E-06 4.2841E-06 1.3006E-04 6.1264E-05 3.9110E-04 4.6249E-04 3.1389E-05 3.3257E-04 9.2571E-05 4.7518E-05 1.4960E-04 1.2632E-04 1.8716E-04 4.1805E-05 1.7182E-04 2.0256E-04 3.0492E-05 8.6092E-05 1.5749E-04 2.5777E-04 5.1055E-04 6.8041E-05 8.3393E-06 0
 0 4.1612E-06 3.5701E-06 1.4680E-04 5.3838E-05 3.8178E-04 4.6514E-04 1.9975E-05 2.8006E-04 1.1945E-04 2.2175E-05 1.5640E-04 1.0105E-04 1.6845E-04 4.9405E-05 1.8710E-04 2.2167E-04 4.5737E-05 1.0481E-04 1.4350E-04 1.8370E-04 4.9317E-04 2.6460E-05 4.7653E-06 0
 0 3.9531E-06 2.8561E-06 1.3521E-04 9.8393E-05 4.3998E-04 4.3856E-04 2.2828E-05 2.8298E-04 8.0626E-05 2.8511E-05 1.3940E-04 1.0466E-04 1.4973E-04 3.8004E-05 1.3746E-04 2.7517E-04 1.1434E-05 6.3633E-05 1.3650E-04 2.2221E-04 5.2793E-04 3.2760E-05 9.1335E-06 0
 0 3.5370E-06 2.1421E-06 1.3779E-04 1.0768E-04 4.6559E-04 4.9970E-04 2.2828E-05 2.3630E-04 7.1667E-05 2.8511E-05 9.8599E-05 1.4797E-04 1.4599E-04 4.5605E-05 1.7946E-04 1.7963E-04 2.2869E-05 5.6147E-05 1.6449E-04 2.4888E-04 5.4314E-04 3.0240E-05 5.1624E-06 0
 0 2.9128E-06 4.2841E-06 1.1589E-04 7.6115E-05 4.1670E-04 4.5983E-04 1.4268E-05 2.9756E-04 1.0452E-04 3.4846E-05 9.5199E-05 1.0466E-04 1.4599E-04 4.9405E-05 1.5655E-04 2.0638E-04 2.2869E-05 1.0106E-04 1.4350E-04 2.4591E-04 4.6927E-04 2.8980E-05 3.5740E-06 0
 0 3.5370E-06 4.2841E-06 1.3779E-04 6.8690E-05 4.7490E-04 3.7477E-04 8.5606E-06 2.5964E-04 8.3612E-05 3.4846E-05 1.3940E-04 1.2632E-04 9.7324E-05 4.1805E-05 2.5964E-04 1.4905E-04 3.0492E-05 7.8606E-05 9.0997E-05 2.3406E-04 4.3234E-04 4.5360E-05 4.3682E-06 0
 0 1.2483E-06 4.2841E-06 1.2748E-04 7.2402E-05 3.8877E-04 4.0933E-04 1.4268E-05 2.3338E-04 5.0764E-05 4.4350E-05 8.4999E-05 1.1549E-04 7.4865E-05 1.9002E-05 1.5655E-04 2.0638E-04 4.9549E-05 3.7431E-05 1.7149E-04 2.9925E-04 5.2793E-04 3.5280E-05 8.3393E-06 0
 0 2.9128E-06 7.8542E-06 1.4937E-04 6.4977E-05 3.7946E-04 3.7743E-04 1.1414E-05 1.8671E-04 9.2571E-05 2.8511E-05 9.5199E-05 1.1188E-04 9.7324E-05 5.7006E-05 1.5273E-04 1.6434E-04 2.2869E-05 5.2404E-05 1.4000E-04 2.6962E-04 4.9317E-04 4.1580E-05 6.7508E-06 0
 0 2.0806E-06 4.9981E-06 1.5710E-04 6.6833E-05 3.6549E-04 3.9338E-04 1.7121E-05 1.9837E-04 6.5695E-05 1.9007E-05 1.5980E-04 1.3714E-04 1.1978E-04 5.7006E-05 1.8710E-04 2.1402E-04 2.6680E-05 3.3688E-05 9.0997E-05 2.4888E-04 5.4965E-04 3.1500E-05 6.7508E-06 0
 0 1.6645E-06 0.0000E+00 1.2748E-04 7.7972E-05 3.4919E-04 3.4554E-04 1.4268E-05 1.8379E-04 7.7640E-05 4.1182E-05 1.3600E-04 1.5519E-04 1.2727E-04 3.8004E-05 1.9855E-04 2.0256E-04 1.9057E-05 7.4863E-05 1.2600E-04 2.7258E-04 4.3016E-04 4.0320E-05 7.1479E-06 0
 0 3.7450E-06 2.1421E-06 1.3650E-04 5.0125E-05 3.9110E-04 4.6249E-04 3.4243E-05 2.4213E-04 8.0626E-05 3.8014E-05 8.8399E-05 1.0827E-04 9.3581E-05 1.5202E-05 2.2146E-04 1.6434E-04 3.8115E-05 2.6202E-05 1.5400E-04 2.2517E-04 4.9751E-04 2.8980E-05 3.9711E-06 0
 0 4.1612E-06 2.1421E-06 1.3650E-04 6.6833E-05 4.4697E-04 4.4122E-04 1.7121E-05 2.2755E-04 8.3612E-05 1.5839E-05 1.4620E-04 1.6241E-04 1.3476E-04 3.4204E-05 1.5655E-04 1.9109E-04 1.1434E-05 5.9890E-05 1.2600E-04 2.6073E-04 5.0620E-04 3.6540E-05 6.3537E-06 0
 0 2.9128E-06 4.2841E-06 1.2877E-04 6.6833E-05 4.5628E-04 3.4819E-04 1.7121E-05 2.0129E-04 7.4654E-05 6.3357E-06 9.5199E-05 1.0105E-04 1.0107E-04 1.1401E-05 1.1073E-04 2.2931E-04 7.6229E-06 5.6147E-05 1.3300E-04 1.8962E-04 4.9969E-04 4.6620E-05 7.5451E-06 0
 0 4.5773E-06 2.1421E-06 1.2233E-04 4.6412E-05 4.2369E-04 3.9604E-04 1.7121E-05 2.4505E-04 8.0626E-05 1.5839E-05 1.3260E-04 9.7443E-05 6.3635E-05 4.9405E-05 9.9276E-05 2.5606E-04 2.2869E-05 4.1175E-05 1.2950E-04 2.1629E-04 4.9534E-04 2.2680E-05 5.9566E-06 0
 0 1.4564E-06 1.4280E-06 1.4036E-04 7.2402E-05 3.7247E-04 4.0401E-04 2.8535E-05 2.3046E-04 5.9723E-05 3.1678E-05 6.4600E-05 1.2632E-04 1.4599E-04 3.4204E-05 1.5655E-04 2.0256E-04 2.6680E-05 4.1175E-05 1.1550E-04 1.6592E-04 4.4320E-04 2.7720E-05 5.5595E-06 0
 0 1.8725E-06 7.1402E-07 1.2620E-04 5.1981E-05 3.9808E-04 4.8375E-04 1.7121E-05 2.3046E-04 6.8681E-05 6.3357E-06 1.5640E-04 1.1549E-04 8.2351E-05 4.5605E-05 1.6801E-04 2.0256E-04 1.9057E-05 4.4918E-05 1.2600E-04 2.6665E-04 4.3234E-04 4.1580E-05 4.3682E-06 0
 0 4.9934E-06 1.4280E-06 1.5195E-04 9.4680E-05 3.6549E-04 3.8806E-04 2.8535E-05 1.7795E-04 7.4654E-05 1.5839E-05 7.4799E-05 1.0105E-04 9.3581E-05 6.4607E-05 1.1837E-04 2.3313E-04 1.5246E-05 5.6147E-05 8.7497E-05 2.3999E-04 5.3445E-04 2.8980E-05 5.1624E-06 0
 0 1.6645E-06 2.1421E-06 1.2491E-04 4.8268E-05 3.8644E-04 3.4022E-04 2.5682E-05 2.4505E-04 1.7917E-05 1.5839E-05 1.5980E-04 1.0466E-04 9.3581E-05 3.8004E-06 1.3364E-04 1.5669E-04 2.6680E-05 4.8661E-05 9.4497E-05 1.7184E-04 3.9323E-04 3.0240E-05 5.5595E-06 0
 0 1.8725E-06 6.4262E-06 1.3135E-04 6.1264E-05 4.0506E-04 3.8009E-04 2.2828E-05 2.2755E-04 5.3751E-05 1.9007E-05 8.4999E-05 1.0105E-04 4.8662E-05 4.1805E-05 1.1837E-04 2.2549E-04 1.9057E-05 4.4918E-05 1.7849E-04 1.9258E-04 4.9317E-04 4.1580E-05 5.5595E-06 0
 0 3.1209E-06 7.1402E-07 1.2620E-04 8.7254E-05 4.1438E-04 3.5617E-04 1.1414E-05 2.4797E-04 6.8681E-05 2.8511E-05 9.8599E-05 1.0105E-04 6.7378E-05 6.0807E-05 1.7182E-04 2.1784E-04 0.0000E+00 5.2404E-05 1.0850E-04 2.5184E-04 4.2582E-04 1.7640E-05 1.5884E-06 0
 0 2.9128E-06 6.4262E-06 1.1847E-04 7.9828E-05 3.7014E-04 4.0667E-04 5.7071E-06 1.5753E-04 3.5834E-05 3.1678E-05 8.4999E-05 1.0105E-04 1.0855E-04 1.5202E-05 1.4128E-04 2.1402E-04 3.8115E-06 5.6147E-05 9.0997E-05 1.5110E-04 4.4103E-04 2.8980E-05 5.5595E-06 0
 0 2.7047E-06 2.8561E-06 1.3006E-04 5.7551E-05 3.8877E-04 3.0035E-04 1.9975E-05 2.0713E-04 1.0153E-04 2.2175E-05 1.0540E-04 1.1188E-04 1.0481E-04 1.5202E-05 1.1073E-04 1.7580E-04 1.5246E-05 6.7377E-05 6.9998E-05 1.8666E-04 4.6275E-04 4.0320E-05 4.3682E-06 0
 0 1.2483E-06 4.2841E-06 1.4294E-04 7.9828E-05 3.7247E-04 4.5185E-04 1.7121E-05 2.1296E-04 7.1667E-05 2.2175E-05 1.2240E-04 1.0466E-04 1.6470E-04 3.0403E-05 1.5273E-04 2.4460E-04 4.9549E-05 6.3633E-05 1.4700E-04 2.1925E-04 4.2365E-04 4.0320E-05 5.1624E-06 0
 0 2.0806E-06 7.1402E-07 1.2620E-04 6.1264E-05 3.7014E-04 4.1464E-04 1.1414E-05 2.2463E-04 7.7640E-05 9.5035E-06 9.8599E-05 1.1549E-04 1.4224E-04 3.8004E-05 1.0691E-04 2.5606E-04 0.0000E+00 9.7322E-05 1.5749E-04 2.8739E-04 4.4320E-04 3.6540E-05 3.9711E-06 0
 0 3.1209E-06 5.7122E-06 1.4422E-04 4.4555E-05 4.6093E-04 3.1630E-04 8.5606E-06 2.3922E-04 9.2571E-05 6.3357E-06 5.1000E-05 9.0225E-05 6.3635E-05 4.1805E-05 1.0691E-04 2.2549E-04 0.0000E+00 2.9945E-05 8.3997E-05 2.3703E-04 4.6275E-04 2.8980E-05 5.9566E-06 0
 0 2.7047E-06 1.4280E-06 1.0688E-04 5.1981E-05 3.4454E-04 3.7211E-04 1.1414E-05 1.7504E-04 1.1049E-04 2.5343E-05 5.4400E-05 5.0526E-05 8.6094E-05 3.8004E-05 1.1073E-04 2.2167E-04 1.1434E-05 2.2459E-05 1.2250E-04 1.5407E-04 4.3234E-04 2.0160E-05 8.3393E-06 0
 0 5.4095E-06 3.5701E-06 1.1332E-04 5.0125E-05 3.8644E-04 4.6249E-04 8.5606E-06 1.8087E-04 5.9723E-05 4.1182E-05 7.4799E-05 8.3007E-05 7.4865E-05 2.2803E-05 1.2982E-04 1.9491E-04 2.2869E-05 5.9890E-05 9.7997E-05 1.9258E-04 3.4761E-04 3.1500E-05 6.7508E-06 0
 0 4.1612E-06 3.5701E-06 1.1718E-04 4.6412E-05 3.4454E-04 4.4654E-04 1.7121E-05 2.1296E-04 5.9723E-05 1.9007E-05 8.1599E-05 1.0466E-04 1.0107E-04 3.4204E-05 1.2219E-04 1.9874E-04 1.5246E-05 3.7431E-05 1.3650E-04 2.4295E-04 4.2799E-04 3.1500E-05 5.1624E-06 0
 0 2.2886E-06 2.1421E-06 1.0430E-04 6.4977E-05 4.2136E-04 4.0135E-04 2.8535E-05 1.5170E-04 5.9723E-05 2.2175E-05 7.8199E-05 6.1353E-05 8.6094E-05 1.5202E-05 1.0309E-04 2.2167E-04 3.8115E-06 3.7431E-05 1.3300E-04 2.1629E-04 4.1061E-04 3.6540E-05 4.3682E-06 0
 0 1.8725E-06 2.8561E-06 1.3006E-04 6.6833E-05 3.9575E-04 3.6680E-04 1.1414E-05 2.0421E-04 8.3612E-05 2.5343E-05 7.8199E-05 7.9398E-05 7.1121E-05 3.4204E-05 3.8183E-05 2.3695E-04 3.8115E-06 4.4918E-05 1.2950E-04 1.7184E-04 4.2365E-04 3.0240E-05 3.9711E-06 0
 0 2.4967E-06 2.8561E-06 1.0688E-04 4.4555E-05 4.3067E-04 3.3225E-04 2.2828E-05 1.6045E-04 5.6737E-05 1.2671E-05 8.1599E-05 1.1549E-04 7.4865E-05 2.6603E-05 1.4891E-04 1.7580E-04 1.9057E-05 5.6147E-05 8.3997E-05 1.6296E-04 5.1489E-04 2.6460E-05 6.3537E-06 0
 0 3.5370E-06 2.8561E-06 1.3006E-04 4.6412E-05 3.6316E-04 3.6680E-04 1.7121E-05 1.9254E-04 9.8543E-05 2.2175E-05 1.0540E-04 6.4962E-05 5.2405E-05 2.2803E-05 1.1455E-04 2.6371E-04 1.9057E-05 7.4863E-06 5.9498E-05 2.3703E-04 3.9758E-04 3.5280E-05 5.9566E-06 0
 0 4.1612E-06 1.4280E-06 1.0302E-04 5.9407E-05 3.3755E-04 3.4819E-04 2.8535E-05 1.7795E-04 3.8820E-05 2.5343E-05 6.4600E-05 8.6616E-05 1.1230E-04 1.9002E-05 1.1837E-04 1.7198E-04 3.4303E-05 3.7431E-05 1.0150E-04 1.4222E-04 4.2147E-04 5.9221E-05 5.1624E-06 0
 0 1.6645E-06 7.8542E-06 1.2105E-04 3.5273E-05 3.1893E-04 3.5351E-04 1.9975E-05 1.9837E-04 7.7640E-05 2.2175E-05 7.1400E-05 9.0225E-05 9.3581E-05 4.9405E-05 1.1073E-04 2.6753E-04 3.8115E-06 2.6202E-05 9.0997E-05 2.3406E-04 3.9323E-04 2.0160E-05 2.3826E-06 0
 0 3.9531E-06 2.1421E-06 1.3907E-04 3.8986E-05 3.4686E-04 3.2427E-04 8.5606E-06 1.2544E-04 2.0903E-05 2.8511E-05 7.4799E-05 4.3308E-05 9.7324E-05 2.6603E-05 1.0309E-04 1.6434E-04 1.1434E-05 1.4973E-05 8.3997E-05 1.3925E-04 4.1278E-04 3.0240E-05 6.7508E-06 0
 0 4.1612E-06 1.4280E-06 1.2105E-04 6.1264E-05 3.2591E-04 4.3591E-04 1.7121E-05 1.7504E-04 3.5834E-05 3.1678E-06 5.1000E-05 7.5789E-05 6.3635E-05 7.6008E-06 1.1455E-04 2.7899E-04 1.1434E-05 3.3688E-05 8.3997E-05 1.6592E-04 4.4103E-04 3.7800E-05 2.7798E-06 0
 0 2.2886E-06 4.2841E-06 1.0559E-04 3.5273E-05 3.1195E-04 4.1464E-04 2.5682E-05 1.4878E-04 7.1667E-05 2.2175E-05 9.5199E-05 5.4135E-05 5.6149E-05 1.9002E-05 1.2982E-04 2.5988E-04 1.5246E-05 4.4918E-05 1.0150E-04 1.8666E-04 3.9975E-04 3.6540E-05 4.7653E-06 0
 0 2.7047E-06 2.1421E-06 1.3263E-04 6.6833E-05 3.5385E-04 3.8806E-04 8.5606E-06 1.7504E-04 6.5695E-05 1.5839E-05 6.4600E-05 1.0827E-04 9.7324E-05 1.1401E-05 1.3364E-04 1.8345E-04 3.8115E-06 2.2459E-05 1.1900E-04 1.7184E-04 3.3240E-04 2.1420E-05 4.7653E-06 0
 0 1.4564E-06 2.1421E-06 1.1847E-04 2.9704E-05 2.8634E-04 3.9604E-04 8.5606E-06 1.8087E-04 4.7778E-05 2.2175E-05 6.8000E-05 7.5789E-05 1.0481E-04 2.6603E-05 9.1639E-05 2.6371E-04 3.8115E-06 3.7431E-05 9.0997E-05 1.5407E-04 4.2582E-04 2.2680E-05 1.9855E-06 0
 0 2.4967E-06 4.9981E-06 1.2620E-04 5.1981E-05 3.2359E-04 3.8806E-04 1.1414E-05 1.7212E-04 6.2709E-05 6.3357E-06 9.5199E-05 1.1188E-04 4.4919E-05 7.6008E-06 1.1073E-04 2.7135E-04 1.1434E-05 2.6202E-05 5.9498E-05 2.0147E-04 4.4972E-04 2.8980E-05 8.3393E-06 0
 0 6.2417E-07 2.8561E-06 1.0688E-04 5.3838E-05 3.5385E-04 3.1896E-04 5.7071E-06 1.5462E-04 9.8543E-05 3.1678E-05 4.4200E-05 5.7744E-05 6.7378E-05 1.5202E-05 8.4003E-05 2.3313E-04 3.8115E-06 2.2459E-05 9.0997E-05 1.2444E-04 4.1930E-04 2.1420E-05 3.5740E-06 0
 0 1.8725E-06 2.1421E-06 1.0173E-04 5.3838E-05 3.4454E-04 3.0832E-04 1.1414E-05 1.7212E-04 6.8681E-05 1.5839E-05 5.4400E-05 5.7744E-05 9.7324E-05 1.1401E-05 8.4003E-05 2.2167E-04 7.6229E-06 2.2459E-05 5.2498E-05 1.7481E-04 3.7585E-04 3.5280E-05 1.1913E-06 0
 0 3.1209E-06 2.1421E-06 1.1976E-04 6.3120E-05 3.5385E-04 3.2161E-04 1.1414E-05 1.8087E-04 7.1667E-05 9.5035E-06 5.4400E-05 7.2180E-05 6.3635E-05 1.5202E-05 4.5820E-05 2.3695E-04 3.8115E-06 1.4973E-05 8.3997E-05 1.5407E-04 3.4109E-04 2.5200E-05 3.9711E-06 0
 0 5.2014E-06 2.8561E-06 1.0559E-04 5.7551E-05 3.7480E-04 3.4554E-04 2.2828E-05 1.2836E-04 4.1806E-05 6.3357E-06 7.4799E-05 5.4135E-05 5.6149E-05 2.6603E-05 8.7821E-05 2.1020E-04 3.8115E-06 2.6202E-05 9.4497E-05 1.1851E-04 4.2365E-04 3.9060E-05 2.7798E-06 0
 0 2.4967E-06 2.1421E-06 1.2491E-04 5.3838E-05 3.2359E-04 3.2427E-04 1.7121E-05 1.9837E-04 5.3751E-05 9.5035E-06 2.7200E-05 4.3308E-05 9.7324E-05 3.8004E-06 7.2548E-05 1.9491E-04 3.8115E-06 2.9945E-05 9.7997E-05 1.3036E-04 4.1278E-04 2.3940E-05 6.3537E-06 0
 0 1.4564E-06 3.5701E-06 1.1332E-04 4.6412E-05 3.2359E-04 3.2693E-04 1.4268E-05 1.9254E-04 4.4792E-05 9.5035E-06 8.8399E-05 5.0526E-05 3.7432E-05 7.6008E-06 1.0309E-04 2.8664E-04 3.8115E-06 2.6202E-05 5.9498E-05 1.4814E-04 4.2365E-04 2.0160E-05 7.9422E-06 0
 0 4.3692E-06 3.5701E-06 1.2620E-04 4.4555E-05 3.7247E-04 3.5883E-04 0.0000E+00 1.1669E-04 8.9584E-05 3.1678E-06 8.1599E-05 7.2180E-05 4.8662E-05 1.5202E-05 1.2600E-04 2.3313E-04 3.8115E-06 1.8716E-05 1.0850E-04 1.9258E-04 3.4544E-04 2.5200E-05 2.3826E-06 0
 0 2.7047E-06 2.1421E-06 1.2362E-04 3.8986E-05 3.8877E-04 3.2161E-04 2.8535E-06 1.5753E-04 6.5695E-05 1.5839E-05 1.0200E-04 4.3308E-05 6.7378E-05 1.5202E-05 1.0309E-04 2.6371E-04 1.9057E-05 5.9890E-05 8.7497E-05 1.0962E-04 4.3016E-04 2.0160E-05 3.1769E-06 0
 0 1.8725E-06 2.1421E-06 1.3135E-04 7.0546E-05 2.6073E-04 3.9604E-04 1.9975E-05 1.6920E-04 7.1667E-05 1.5839E-05 6.4600E-05 9.7443E-05 6.7378E-05 2.2803E-05 9.5458E-05 2.5606E-04 1.5246E-05 1.8716E-05 8.3997E-05 1.3036E-04 3.7151E-04 2.3940E-05 6.3537E-06 0
 0 2.9128E-06 7.1402E-06 1.0173E-04 5.0125E-05 3.4454E-04 2.6314E-04 2.8535E-06 2.0713E-04 1.0153E-04 0.0000E+00 6.1200E-05 1.0827E-04 4.4919E-05 1.9002E-05 1.1073E-04 2.7517E-04 1.5246E-05 1.4973E-05 5.9498E-05 2.0443E-04 4.0409E-04 2.7720E-05 5.9566E-06 0
 0 2.9128E-06 3.5701E-06 1.2491E-04 7.7972E-05 3.5850E-04 2.9238E-04 2.8535E-06 1.1086E-04 6.5695E-05 6.3357E-06 5.7800E-05 7.9398E-05 3.7432E-05 2.6603E-05 1.0309E-04 2.5988E-04 2.6680E-05 1.8716E-05 9.4497E-05 1.9851E-04 3.9323E-04 2.2680E-05 4.3682E-06 0
 0 2.7047E-06 4.2841E-06 1.2748E-04 5.0125E-05 3.8877E-04 2.8706E-04 1.4268E-05 1.1669E-04 4.7778E-05 9.5035E-06 5.4400E-05 1.0105E-04 6.7378E-05 0.0000E+00 5.3456E-05 2.2549E-04 0.0000E+00 2.9945E-05 8.7497E-05 1.5110E-04 3.8889E-04 2.8980E-05 6.3537E-06 0
 0 2.7047E-06 2.1421E-06 1.1203E-04 4.0842E-05 2.9332E-04 3.6148E-04 2.8535E-06 1.3128E-04 4.7778E-05 2.2175E-05 4.7600E-05 4.6917E-05 6.7378E-05 2.2803E-05 8.7821E-05 2.1402E-04 0.0000E+00 1.4973E-05 8.7497E-05 2.0740E-04 3.3457E-04 2.5200E-05 1.1913E-06 0
 0 3.5370E-06 4.9981E-06 1.1718E-04 2.9704E-05 3.5385E-04 2.8972E-04 1.1414E-05 1.6337E-04 2.3889E-05 1.5839E-05 1.1900E-04 6.1353E-05 6.7378E-05 7.6008E-06 9.5458E-05 2.7517E-04 0.0000E+00 1.8716E-05 8.7497E-05 1.5999E-04 3.9106E-04 3.9060E-05 5.5595E-06 0
 0 2.9128E-06 0.0000E+00 1.0430E-04 5.7551E-05 3.1195E-04 3.1630E-04 1.7121E-05 1.3128E-04 4.7778E-05 1.2671E-05 4.0800E-05 4.3308E-05 4.1176E-05 1.1401E-05 9.5458E-05 2.2549E-04 0.0000E+00 3.3688E-05 6.6498E-05 1.3925E-04 3.8020E-04 1.3860E-05 5.1624E-06 0
 0 1.4564E-06 0.0000E+00 9.5291E-05 3.7129E-05 4.1205E-04 4.0135E-04 2.8535E-06 1.5462E-04 8.0626E-05 6.3357E-06 7.1400E-05 9.7443E-05 4.1176E-05 1.9002E-05 7.2548E-05 1.8345E-04 1.5246E-05 2.9945E-05 3.4999E-05 1.6592E-04 4.1930E-04 3.0240E-05 6.7508E-06 0
 0 2.0806E-06 1.4280E-06 1.3263E-04 4.6412E-05 2.7237E-04 3.0035E-04 8.5606E-06 1.2836E-04 2.9861E-05 2.2175E-05 5.1000E-05 7.2180E-05 5.2405E-05 7.6008E-06 8.0184E-05 2.8282E-04 3.8115E-06 1.4973E-05 5.5998E-05 1.0962E-04 4.0844E-04 2.2680E-05 4.3682E-06 0
 0 3.1209E-06 0.0000E+00 1.3006E-04 4.8268E-05 2.6771E-04 2.8972E-04 1.4268E-05 1.8087E-04 7.7640E-05 3.1678E-06 2.0400E-05 1.1549E-04 7.4865E-05 0.0000E+00 6.1093E-05 2.5606E-04 2.6680E-05 2.6202E-05 6.2998E-05 1.3629E-04 3.6282E-04 2.6460E-05 3.5740E-06 0
 0 2.9128E-06 2.1421E-06 8.3701E-05 3.1560E-05 3.3290E-04 3.0301E-04 5.7071E-06 1.2836E-04 3.2848E-05 1.2671E-05 9.1799E-05 6.8571E-05 6.7378E-05 2.2803E-05 9.5458E-05 2.2549E-04 7.6229E-06 2.6202E-05 5.9498E-05 1.3629E-04 3.6064E-04 2.6460E-05 3.9711E-06 0
 0 1.6645E-06 2.1421E-06 1.0688E-04 5.3838E-05 3.2591E-04 3.5617E-04 1.4268E-05 1.6920E-04 7.1667E-05 9.5035E-06 2.3800E-05 6.1353E-05 5.2405E-05 3.8004E-06 3.8183E-05 1.9874E-04 0.0000E+00 2.9945E-05 7.6998E-05 1.7481E-04 4.0627E-04 1.8900E-05 5.1624E-06 0
 0 1.6645E-06 2.1421E-06 9.0140E-05 4.4555E-05 2.6073E-04 3.0301E-04 8.5606E-06 1.5462E-04 5.6737E-05 9.5035E-06 6.8000E-05 6.4962E-05 7.4865E-06 7.6008E-06 4.9638E-05 2.4078E-04 3.0492E-05 2.6202E-05 3.8499E-05 1.0074E-04 4.0192E-04 2.3940E-05 1.9855E-06 0
 0 2.7047E-06 1.4280E-06 1.2362E-04 6.3120E-05 3.5618E-04 2.7909E-04 0.0000E+00 1.4295E-04 3.5834E-05 1.2671E-05 6.4600E-05 5.0526E-05 4.1176E-05 1.1401E-05 9.9276E-05 2.3695E-04 7.6229E-06 2.9945E-05 5.5998E-05 1.5703E-04 4.0192E-04 2.1420E-05 3.9711E-06 0
 0 2.7047E-06 3.5701E-06 1.0559E-04 4.0842E-05 2.7004E-04 3.1630E-04 5.7071E-06 1.2836E-04 4.4792E-05 9.5035E-06 7.4799E-05 3.2481E-05 5.9892E-05 1.5202E-05 6.1093E-05 3.0575E-04 3.8115E-06 2.2459E-05 7.6998E-05 1.3925E-04 4.1278E-04 3.7800E-05 3.5740E-06 0
 0 3.3289E-06 9.9963E-06 9.7866E-05 5.0125E-05 3.4686E-04 2.6314E-04 8.5606E-06 9.9187E-05 3.2848E-05 1.2671E-05 5.7800E-05 1.8045E-05 3.3689E-05 7.6008E-06 8.0184E-05 3.5543E-04 7.6229E-06 3.7431E-06 5.9498E-05 1.0962E-04 3.8671E-04 3.2760E-05 7.1479E-06 0
 0 1.8725E-06 2.8561E-06 9.6579E-05 4.6412E-05 2.5142E-04 3.0832E-04 1.7121E-05 1.6628E-04 6.5695E-05 3.1678E-06 6.8000E-05 4.3308E-05 5.6149E-05 3.8004E-06 1.1073E-04 2.7517E-04 3.8115E-06 1.8716E-05 2.7999E-05 1.1259E-04 2.8026E-04 3.9060E-05 7.1479E-06 0
 0 2.2886E-06 3.5701E-06 1.2105E-04 4.0842E-05 2.7935E-04 2.8440E-04 5.7071E-06 1.0210E-04 4.7778E-05 6.3357E-06 3.4000E-05 4.6917E-05 5.6149E-05 1.1401E-05 9.1639E-05 3.0575E-04 3.8115E-06 4.1175E-05 9.7997E-05 1.0666E-04 3.4326E-04 3.9060E-05 2.3826E-06 0
 0 2.9128E-06 2.8561E-06 9.6579E-05 3.3417E-05 2.9565E-04 3.2161E-04 1.1414E-05 1.2253E-04 5.0764E-05 1.2671E-05 6.4600E-05 5.0526E-05 4.1176E-05 2.2803E-05 4.9638E-05 2.8664E-04 1.5246E-05 7.4863E-06 1.0850E-04 1.2444E-04 4.0192E-04 1.7640E-05 3.1769E-06 0
 0 4.1612E-07 4.2841E-06 1.1718E-04 5.1981E-05 3.3755E-04 2.7643E-04 0.0000E+00 1.6045E-04 4.4792E-05 2.2175E-05 5.1000E-05 4.3308E-05 1.8716E-05 3.8004E-06 6.1093E-05 2.5606E-04 7.6229E-06 7.4863E-06 5.9498E-05 1.5999E-04 3.6933E-04 2.2680E-05 5.5595E-06 0
 0 8.3223E-07 7.1402E-07 9.0140E-05 3.5273E-05 2.6539E-04 3.4554E-04 8.5606E-06 1.3128E-04 5.6737E-05 3.1678E-06 5.1000E-05 2.5263E-05 2.9946E-05 3.8004E-06 6.4911E-05 1.9874E-04 0.0000E+00 4.8661E-05 7.6998E-05 1.3925E-04 3.5413E-04 4.0320E-05 2.3826E-06 0
 0 2.0806E-06 0.0000E+00 1.0173E-04 4.2699E-05 2.3512E-04 3.0567E-04 0.0000E+00 9.9187E-05 2.0903E-05 1.2671E-05 2.7200E-05 3.6090E-05 3.3689E-05 1.5202E-05 9.1639E-05 2.2167E-04 7.6229E-06 2.6202E-05 8.3997E-05 1.4814E-04 4.0844E-04 1.8900E-05 1.9855E-06 0
 0 4.3692E-06 7.1402E-07 9.0140E-05 4.4555E-05 2.9565E-04 3.1630E-04 2.8535E-06 1.4586E-04 3.2848E-05 3.1678E-06 4.0800E-05 9.7443E-05 7.1121E-05 1.1401E-05 4.2001E-05 2.2931E-04 0.0000E+00 1.8716E-05 5.9498E-05 1.3333E-04 3.8020E-04 2.5200E-05 5.1624E-06 0
 0 2.7047E-06 1.4280E-06 1.0688E-04 3.8986E-05 2.7004E-04 2.6314E-04 8.5606E-06 1.1086E-04 5.9723E-05 1.5839E-05 4.4200E-05 1.8045E-05 5.6149E-05 1.1401E-05 4.5820E-05 3.1339E-04 3.8115E-06 7.4863E-06 4.8998E-05 1.0666E-04 3.4761E-04 1.7640E-05 5.1624E-06 0
 0 2.9128E-06 7.1402E-06 8.7565E-05 4.8268E-05 2.8168E-04 2.7909E-04 5.7071E-06 8.7518E-05 7.1667E-05 3.1678E-06 3.4000E-05 3.9699E-05 5.2405E-05 1.9002E-05 6.1093E-05 2.6753E-04 3.8115E-06 1.1229E-05 3.4999E-05 1.3036E-04 3.6282E-04 3.1500E-05 3.1769E-06 0
 0 2.4967E-06 0.0000E+00 1.1589E-04 6.4977E-05 3.0031E-04 2.8706E-04 0.0000E+00 8.4601E-05 3.2848E-05 3.1678E-06 4.4200E-05 3.2481E-05 3.3689E-05 3.8004E-06 5.7275E-05 2.6371E-04 1.5246E-05 2.6202E-05 7.6998E-05 8.5922E-05 3.5413E-04 3.5280E-05 3.5740E-06 0
 0 1.8725E-06 1.4280E-06 1.0688E-04 4.0842E-05 2.8634E-04 3.4554E-04 1.7121E-05 1.4586E-04 3.8820E-05 9.5035E-06 9.8599E-05 2.8872E-05 1.1230E-05 3.0403E-05 9.1639E-05 3.0575E-04 3.8115E-06 2.9945E-05 6.9998E-05 1.2444E-04 3.8020E-04 2.7720E-05 5.9566E-06 0
 0 4.5773E-06 1.4280E-06 9.4003E-05 4.2699E-05 3.1427E-04 2.5516E-04 2.8535E-06 1.4295E-04 3.2848E-05 6.3357E-06 5.4400E-05 6.4962E-05 5.9892E-05 1.1401E-05 5.3456E-05 2.3313E-04 7.6229E-06 7.4863E-06 4.1999E-05 9.4810E-05 3.6282E-04 2.7720E-05 5.5595E-06 0
 0 3.3289E-06 1.4280E-06 1.1589E-04 3.3417E-05 4.0041E-04 3.0035E-04 1.4268E-05 1.4878E-04 2.6875E-05 2.2175E-05 5.7800E-05 3.9699E-05 2.2459E-05 3.8004E-06 3.0546E-05 2.7899E-04 2.2869E-05 7.4863E-06 4.5499E-05 1.5110E-04 3.8671E-04 1.8900E-05 5.1624E-06 0
 0 1.0403E-06 1.4280E-06 1.0044E-04 4.2699E-05 2.4211E-04 2.5782E-04 2.8535E-06 1.0502E-04 3.8820E-05 6.3357E-06 4.0800E-05 2.8872E-05 2.2459E-05 2.2803E-05 6.4911E-05 3.4779E-04 3.8115E-06 3.7431E-06 6.2998E-05 1.1555E-04 4.1278E-04 2.5200E-05 4.7653E-06 0
 0 2.2886E-06 2.1421E-06 7.8551E-05 4.4555E-05 2.9798E-04 3.3756E-04 1.1414E-05 1.4586E-04 3.2848E-05 1.9007E-05 3.7400E-05 3.2481E-05 3.7432E-05 3.8004E-06 3.8183E-05 1.8345E-04 1.1434E-05 1.1229E-05 4.5499E-05 9.4810E-05 3.2805E-04 3.7800E-05 2.3826E-06 0
 0 1.8725E-06 7.1402E-07 7.2112E-05 2.9704E-05 3.1427E-04 2.6048E-04 0.0000E+00 1.0794E-04 5.3751E-05 6.3357E-06 9.1799E-05 5.0526E-05 2.9946E-05 1.1401E-05 4.2001E-05 2.0256E-04 7.6229E-06 3.7431E-06 4.5499E-05 1.1851E-04 3.5413E-04 2.8980E-05 5.9566E-06 0
 0 1.0403E-06 1.4280E-06 1.3392E-04 5.5694E-05 2.4211E-04 2.7377E-04 2.8535E-06 1.6337E-04 5.0764E-05 9.5035E-06 5.1000E-05 6.1353E-05 5.2405E-05 7.6008E-06 5.3456E-05 2.5224E-04 0.0000E+00 0.0000E+00 5.9498E-05 8.8885E-05 4.2147E-04 2.1420E-05 2.3826E-06 0
 0 1.6645E-06 5.7122E-06 1.1203E-04 4.2699E-05 2.6771E-04 2.4187E-04 5.7071E-06 1.4003E-04 3.5834E-05 6.3357E-06 5.7800E-05 3.9699E-05 3.3689E-05 1.9002E-05 4.2001E-05 2.6371E-04 7.6229E-06 1.8716E-05 4.8998E-05 9.1848E-05 3.3023E-04 2.6460E-05 5.1624E-06 0
 0 1.6645E-06 2.1421E-06 9.7866E-05 4.8268E-05 2.3047E-04 2.8972E-04 2.8535E-06 1.1669E-04 2.9861E-05 3.1678E-06 4.4200E-05 5.4135E-05 4.1176E-05 3.8004E-06 5.7275E-05 2.3313E-04 0.0000E+00 3.7431E-06 3.8499E-05 1.0666E-04 3.3457E-04 1.5120E-05 2.3826E-06 0
 0 1.8725E-06 1.4280E-06 9.9154E-05 3.1560E-05 2.8401E-04 2.1795E-04 5.7071E-06 9.3353E-05 3.8820E-05 3.1678E-06 6.1200E-05 1.8045E-05 1.8716E-05 1.5202E-05 9.1639E-05 2.5606E-04 0.0000E+00 3.7431E-05 1.4000E-05 1.2740E-04 4.1496E-04 2.6460E-05 5.1624E-06 0
 0 2.4967E-06 7.1402E-07 1.0173E-04 5.0125E-05 2.4676E-04 2.6314E-04 2.8535E-06 1.0502E-04 5.0764E-05 1.2671E-05 3.0600E-05 5.7744E-05 2.2459E-05 1.9002E-05 8.7821E-05 2.6753E-04 1.9057E-05 0.0000E+00 3.8499E-05 1.1259E-04 3.9106E-04 2.8980E-05 9.1335E-06 0
 0 1.8725E-06 7.1402E-07 1.0430E-04 2.4134E-05 2.7470E-04 2.2327E-04 2.8535E-06 1.4003E-04 4.4792E-05 6.3357E-06 2.7200E-05 2.8872E-05 4.4919E-05 0.0000E+00 6.8729E-05 3.4014E-04 0.0000E+00 1.1229E-05 5.2498E-05 1.1851E-04 4.2799E-04 1.8900E-05 3.9711E-06 0
 0 2.0806E-06 7.1402E-07 9.6579E-05 4.0842E-05 2.8168E-04 2.7643E-04 1.4268E-05 1.3419E-04 2.3889E-05 3.1678E-06 3.4000E-05 2.8872E-05 1.4973E-05 7.6008E-06 6.8729E-05 2.5988E-04 3.8115E-06 1.8716E-05 5.2498E-05 1.0074E-04 3.0198E-04 1.5120E-05 1.9855E-06 0
 0 1.0403E-06 4.2841E-06 9.2715E-05 3.7129E-05 2.7004E-04 2.2061E-04 1.4268E-05 1.1377E-04 2.3889E-05 3.1678E-06 2.3800E-05 3.2481E-05 1.8716E-05 7.6008E-06 3.0546E-05 3.1721E-04 0.0000E+00 1.1229E-05 5.5998E-05 1.3629E-04 3.7585E-04 1.6380E-05 5.1624E-06 0
 0 1.4564E-06 2.1421E-06 9.5291E-05 3.1560E-05 2.9565E-04 2.3390E-04 5.7071E-06 1.0210E-04 5.0764E-05 3.1678E-06 2.7200E-05 3.2481E-05 4.4919E-05 1.5202E-05 2.2910E-05 2.5224E-04 0.0000E+00 3.7431E-06 4.1999E-05 1.1555E-04 3.4109E-04 3.5280E-05 5.5595E-06 0
 0 1.8725E-06 7.1402E-07 9.1428E-05 2.7847E-05 2.4443E-04 3.0035E-04 8.5606E-06 9.0435E-05 3.5834E-05 9.5035E-06 4.4200E-05 2.5263E-05 1.8716E-05 1.5202E-05 4.5820E-05 2.5606E-04 7.6229E-06 2.2459E-05 3.8499E-05 1.3333E-04 3.2805E-04 1.8900E-05 2.3826E-06 0
 0 2.2886E-06 2.1421E-06 9.5291E-05 3.8986E-05 2.6539E-04 2.7643E-04 0.0000E+00 1.3419E-04 3.5834E-05 0.0000E+00 6.1200E-05 3.6090E-05 5.9892E-05 1.1401E-05 4.2001E-05 2.2549E-04 3.8115E-06 1.1229E-05 6.2998E-05 7.4071E-05 3.1067E-04 1.7640E-05 3.5740E-06 0
 0 2.4967E-06 0.0000E+00 9.7866E-05 2.9704E-05 2.5375E-04 2.7909E-04 1.1414E-05 9.9187E-05 5.3751E-05 3.1678E-06 4.7600E-05 3.2481E-05 4.1176E-05 1.9002E-05 8.4003E-05 2.4078E-04 3.8115E-06 1.4973E-05 3.1499E-05 9.4810E-05 3.7585E-04 1.8900E-05 4.3682E-06 0
 0 2.0806E-06 7.1402E-07 9.9154E-05 1.8565E-05 2.7004E-04 2.2858E-04 2.8535E-06 1.0210E-04 3.5834E-05 0.0000E+00 3.0600E-05 1.8045E-05 2.6203E-05 7.6008E-06 3.0546E-05 2.4460E-04 1.1434E-05 3.7431E-06 2.0999E-05 8.8885E-05 3.1502E-04 2.3940E-05 3.5740E-06 0
 0 2.2886E-06 2.8561E-06 9.9154E-05 2.7847E-05 2.4909E-04 1.7808E-04 1.1414E-05 9.6270E-05 3.8820E-05 3.1678E-06 3.4000E-05 4.6917E-05 4.8662E-05 0.0000E+00 3.4365E-05 3.0957E-04 0.0000E+00 1.8716E-05 6.2998E-05 6.2219E-05 3.4109E-04 1.5120E-05 2.3826E-06 0
 0 2.7047E-06 3.5701E-06 1.0430E-04 4.8268E-05 2.0020E-04 2.4985E-04 1.4268E-05 1.1086E-04 2.9861E-05 0.0000E+00 2.3800E-05 3.6090E-05 4.1176E-05 3.8004E-06 2.6728E-05 3.2868E-04 0.0000E+00 3.7431E-06 4.5499E-05 1.5110E-04 4.0844E-04 2.5200E-05 2.7798E-06 0
 0 2.4967E-06 4.2841E-06 9.5291E-05 4.8268E-05 2.7935E-04 2.5251E-04 5.7071E-06 1.4003E-04 4.1806E-05 9.5035E-06 6.8000E-06 3.9699E-05 2.6203E-05 7.6008E-06 4.9638E-05 2.6753E-04 0.0000E+00 7.4863E-06 3.8499E-05 9.1848E-05 2.8460E-04 2.0160E-05 1.9855E-06 0
 0 1.0403E-06 7.1402E-07 9.1428E-05 4.4555E-05 2.6306E-04 2.7643E-04 1.9975E-05 1.3419E-04 2.9861E-05 0.0000E+00 4.0800E-05 2.5263E-05 2.9946E-05 0.0000E+00 3.8183E-05 3.6307E-04 0.0000E+00 7.4863E-06 3.1499E-05 1.5407E-04 3.7368E-04 2.2680E-05 3.5740E-06 0
 0 2.2886E-06 1.4280E-06 7.0824E-05 2.7847E-05 2.5142E-04 2.6580E-04 5.7071E-06 8.7518E-05 2.3889E-05 6.3357E-06 2.0400E-05 2.8872E-05 2.9946E-05 3.8004E-06 4.5820E-05 2.4078E-04 0.0000E+00 3.7431E-06 7.6998E-05 9.1848E-05 3.7151E-04 2.7720E-05 3.9711E-06 0
 0 2.7047E-06 2.8561E-06 9.4003E-05 4.4555E-05 2.5607E-04 2.5516E-04 5.7071E-06 1.1086E-04 2.9861E-05 3.1678E-06 3.7400E-05 1.4436E-05 2.9946E-05 1.5202E-05 4.2001E-05 3.2103E-04 3.8115E-06 0.0000E+00 1.7499E-05 1.1851E-04 3.4978E-04 8.8201E-06 3.1769E-06 0
 0 1.6645E-06 7.1402E-07 8.6277E-05 5.0125E-05 2.5607E-04 2.0998E-04 5.7071E-06 1.1377E-04 2.9861E-05 0.0000E+00 2.3800E-05 1.4436E-05 1.8716E-05 1.5202E-05 2.6728E-05 3.3632E-04 0.0000E+00 1.1229E-05 3.8499E-05 9.7773E-05 3.2588E-04 2.2680E-05 7.9422E-06 0
 0 2.7047E-06 2.1421E-06 1.0044E-04 3.3417E-05 3.0031E-04 2.6845E-04 0.0000E+00 1.0794E-04 4.7778E-05 0.0000E+00 3.0600E-05 1.0827E-05 2.2459E-05 3.8004E-06 1.9092E-05 3.3250E-04 0.0000E+00 7.4863E-06 3.8499E-05 1.3629E-04 3.0633E-04 1.7640E-05 4.3682E-06 0
 0 3.5370E-06 2.1421E-06 1.2748E-04 3.1560E-05 2.0253E-04 1.8074E-04 5.7071E-06 9.6270E-05 3.8820E-05 3.1678E-06 5.4400E-05 3.9699E-05 1.8716E-05 7.6008E-06 8.0184E-05 2.7899E-04 0.0000E+00 2.2459E-05 3.4999E-05 1.0370E-04 3.2154E-04 1.8900E-05 1.9855E-06 0
 0 8.3223E-07 2.8561E-06 8.3701E-05 1.2995E-05 2.7004E-04 2.3124E-04 5.7071E-06 6.7097E-05 3.8820E-05 0.0000E+00 4.0800E-05 2.8872E-05 2.2459E-05 1.5202E-05 5.3456E-05 3.0192E-04 7.6229E-06 0.0000E+00 3.4999E-05 1.4222E-04 3.6282E-04 2.6460E-05 3.9711E-06 0
 0 1.4564E-06 7.1402E-07 8.4989E-05 2.2278E-05 2.4443E-04 3.0035E-04 2.8535E-06 1.0502E-04 2.6875E-05 6.3357E-06 5.4400E-05 2.8872E-05 2.2459E-05 1.5202E-05 1.5273E-05 2.9428E-04 0.0000E+00 1.1229E-05 1.4000E-05 1.1555E-04 3.3675E-04 2.3940E-05 4.7653E-06 0
 0 1.0403E-06 5.7122E-06 1.0559E-04 5.0125E-05 2.0020E-04 2.2593E-04 2.8535E-06 6.7097E-05 2.6875E-05 0.0000E+00 2.0400E-05 3.2481E-05 3.7432E-05 7.6008E-06 5.7275E-05 3.7836E-04 0.0000E+00 3.7431E-06 2.7999E-05 9.7773E-05 2.9329E-04 1.7640E-05 4.3682E-06 0
 0 3.1209E-06 0.0000E+00 9.7866E-05 3.8986E-05 2.7004E-04 2.0466E-04 0.0000E+00 7.0014E-05 2.9861E-06 0.0000E+00 1.3600E-05 2.5263E-05 4.8662E-05 0.0000E+00 4.2001E-05 2.8282E-04 0.0000E+00 1.1229E-05 5.2498E-05 1.1259E-04 3.4761E-04 5.0400E-06 3.1769E-06 0
 0 1.8725E-06 4.2841E-06 6.8249E-05 4.8268E-05 2.4909E-04 2.1530E-04 0.0000E+00 1.0210E-04 2.6875E-05 0.0000E+00 6.8000E-06 1.4436E-05 1.8716E-05 1.1401E-05 5.7275E-05 3.0575E-04 0.0000E+00 3.7431E-05 1.7499E-05 1.8370E-04 3.1936E-04 2.2680E-05 3.1769E-06 0
 0 2.0806E-06 4.2841E-06 9.1428E-05 5.5694E-05 2.3047E-04 2.0998E-04 2.8535E-06 1.1377E-04 2.6875E-05 6.3357E-06 1.7000E-05 2.1654E-05 2.9946E-05 7.6008E-06 4.2001E-05 2.5988E-04 0.0000E+00 2.6202E-05 4.1999E-05 4.1480E-05 3.9975E-04 2.0160E-05 5.9566E-06 0
 0 1.6645E-06 1.4280E-06 8.7565E-05 2.5991E-05 2.4676E-04 2.4453E-04 0.0000E+00 9.9187E-05 1.7917E-05 9.5035E-06 2.7200E-05 1.8045E-05 3.3689E-05 0.0000E+00 1.5273E-05 3.0575E-04 0.0000E+00 7.4863E-06 3.1499E-05 7.4071E-05 3.2805E-04 1.7640E-05 3.1769E-06 0
 0 2.2886E-06 1.4280E-06 1.2748E-04 4.4555E-05 2.3279E-04 1.9935E-04 0.0000E+00 8.1684E-05 5.0764E-05 6.3357E-06 3.4000E-05 1.8045E-05 1.4973E-05 1.1401E-05 4.5820E-05 2.7135E-04 0.0000E+00 7.4863E-06 4.1999E-05 1.3333E-04 3.1067E-04 3.5280E-05 8.7364E-06 0
 0 3.3289E-06 3.5701E-06 8.8852E-05 6.8690E-05 1.8391E-04 2.6314E-04 0.0000E+00 6.4180E-05 1.4931E-05 3.1678E-06 4.0800E-05 3.2481E-05 7.4865E-06 1.1401E-05 4.2001E-05 3.0192E-04 0.0000E+00 7.4863E-06 3.4999E-05 7.1108E-05 2.7809E-04 3.1500E-05 3.5740E-06 0
 0 2.0806E-06 0.0000E+00 1.0430E-04 2.9704E-05 2.4909E-04 1.7543E-04 0.0000E+00 7.8766E-05 2.9861E-05 9.5035E-06 2.3800E-05 1.8045E-05 1.1230E-05 0.0000E+00 3.8183E-05 3.6307E-04 0.0000E+00 0.0000E+00 3.4999E-05 1.2148E-04 3.5630E-04 1.2600E-05 2.3826E-06 0
 0 2.2886E-06 4.9981E-06 1.1074E-04 4.8268E-05 2.2116E-04 1.9935E-04 2.8535E-06 8.7518E-05 5.6737E-05 3.1678E-06 1.0200E-05 2.5263E-05 5.2405E-05 1.1401E-05 1.9092E-05 3.0192E-04 0.0000E+00 3.7431E-06 2.0999E-05 1.0370E-04 2.9547E-04 1.8900E-05 3.1769E-06 0
 0 2.9128E-06 4.2841E-06 8.4989E-05 4.6412E-05 2.2814E-04 1.4885E-04 0.0000E+00 4.9594E-05 1.4931E-05 9.5035E-06 1.3600E-05 1.0827E-05 1.4973E-05 1.1401E-05 5.3456E-05 3.5543E-04 0.0000E+00 0.0000E+00 3.8499E-05 1.3925E-04 3.4978E-04 1.7640E-05 4.7653E-06 0
 0 6.2417E-07 7.1402E-07 1.1332E-04 3.1560E-05 1.9322E-04 1.7543E-04 0.0000E+00 1.0210E-04 2.9861E-05 3.1678E-06 1.3600E-05 3.2481E-05 1.8716E-05 7.6008E-06 6.4911E-05 3.4779E-04 0.0000E+00 3.7431E-06 3.8499E-05 9.1848E-05 3.2588E-04 2.0160E-05 4.7653E-06 0
 0 2.0806E-06 1.4280E-06 9.0140E-05 4.0842E-05 2.4676E-04 2.7377E-04 8.5606E-06 9.9187E-05 5.3751E-05 0.0000E+00 2.0400E-05 2.1654E-05 1.8716E-05 3.8004E-06 1.9092E-05 2.2931E-04 3.8115E-06 1.1229E-05 4.8998E-05 9.4810E-05 2.8460E-04 1.7640E-05 2.7798E-06 0
 0 1.2483E-06 0.0000E+00 8.1126E-05 2.2278E-05 2.0719E-04 2.3922E-04 0.0000E+00 8.7518E-05 2.9861E-06 3.1678E-06 1.3600E-05 2.1654E-05 1.1230E-05 7.6008E-06 7.2548E-05 3.3632E-04 0.0000E+00 1.4973E-05 2.4499E-05 9.4810E-05 3.1936E-04 2.2680E-05 3.5740E-06 0
 0 2.0806E-06 2.1421E-06 1.1074E-04 2.5991E-05 2.0253E-04 1.5416E-04 5.7071E-06 6.1263E-05 5.9723E-06 1.2671E-05 6.1200E-05 3.9699E-05 1.4973E-05 0.0000E+00 5.3456E-05 3.7072E-04 3.8115E-06 0.0000E+00 2.7999E-05 1.2148E-04 3.1502E-04 1.5120E-05 9.9277E-06 0
 0 2.9128E-06 7.1402E-07 8.4989E-05 3.1560E-05 2.0952E-04 1.9935E-04 2.8535E-06 6.1263E-05 1.4931E-05 0.0000E+00 1.3600E-05 3.6090E-06 2.2459E-05 7.6008E-06 1.9092E-05 2.5606E-04 0.0000E+00 1.4973E-05 2.0999E-05 1.2444E-04 3.2154E-04 2.1420E-05 5.5595E-06 0
 0 1.6645E-06 1.4280E-06 8.7565E-05 3.5273E-05 1.9555E-04 2.1795E-04 0.0000E+00 7.8766E-05 2.6875E-05 6.3357E-06 3.4000E-05 1.0827E-05 2.2459E-05 0.0000E+00 2.2910E-05 3.7072E-04 0.0000E+00 1.1229E-05 2.7999E-05 1.0370E-04 2.9547E-04 2.0160E-05 3.1769E-06 0
 0 2.7047E-06 2.1421E-06 6.9537E-05 4.0842E-05 2.0020E-04 2.2858E-04 0.0000E+00 7.2932E-05 8.9584E-06 0.0000E+00 4.0800E-05 2.1654E-05 2.9946E-05 2.6603E-05 1.1455E-05 2.5606E-04 7.6229E-06 0.0000E+00 6.9998E-06 7.1108E-05 3.3892E-04 3.6540E-05 6.3537E-06 0
 0 1.2483E-06 7.1402E-07 9.4003E-05 5.3838E-05 2.1184E-04 1.8074E-04 0.0000E+00 7.8766E-05 1.7917E-05 0.0000E+00 1.7000E-05 3.6090E-05 2.2459E-05 0.0000E+00 3.0546E-05 2.8664E-04 3.8115E-06 3.7431E-06 2.4499E-05 1.1259E-04 3.8020E-04 2.7720E-05 3.5740E-06 0
 0 2.4967E-06 2.1421E-06 9.5291E-05 6.1264E-05 1.8856E-04 1.9137E-04 0.0000E+00 4.6676E-05 5.9723E-06 2.2175E-05 2.0400E-05 2.8872E-05 2.2459E-05 3.8004E-06 3.4365E-05 2.7517E-04 0.0000E+00 1.1229E-05 2.0999E-05 9.4810E-05 2.8895E-04 2.0160E-05 5.9566E-06 0
 0 1.0403E-06 7.1402E-07 9.6579E-05 2.5991E-05 2.7470E-04 1.5150E-04 2.8535E-06 9.3353E-05 2.0903E-05 0.0000E+00 2.7200E-05 1.0827E-05 0.0000E+00 0.0000E+00 1.9092E-05 2.9428E-04 0.0000E+00 0.0000E+00 4.5499E-05 8.8885E-05 2.7374E-04 1.6380E-05 6.3537E-06 0
 0 2.2886E-06 2.1421E-06 8.1126E-05 3.3417E-05 2.4211E-04 1.6745E-04 0.0000E+00 4.3759E-05 2.0903E-05 3.1678E-06 1.3600E-05 7.2180E-06 2.9946E-05 7.6008E-06 2.6728E-05 3.4779E-04 0.0000E+00 0.0000E+00 1.0500E-05 9.7773E-05 2.7157E-04 1.3860E-05 2.7798E-06 0
 0 2.9128E-06 1.4280E-06 9.0140E-05 3.7129E-05 2.1650E-04 2.0201E-04 2.8535E-06 6.4180E-05 4.1806E-05 0.0000E+00 2.3800E-05 1.4436E-05 1.4973E-05 1.5202E-05 3.0546E-05 3.2868E-04 3.8115E-06 1.1229E-05 1.4000E-05 8.5922E-05 2.9329E-04 1.5120E-05 2.3826E-06 0
 0 1.8725E-06 3.5701E-06 9.2715E-05 3.5273E-05 2.3047E-04 2.4453E-04 5.7071E-06 9.3353E-05 1.7917E-05 3.1678E-06 2.3800E-05 2.1654E-05 2.6203E-05 3.8004E-06 3.8183E-05 3.5925E-04 0.0000E+00 3.7431E-06 3.4999E-06 5.3331E-05 2.9329E-04 2.3940E-05 5.1624E-06 0
 0 2.0806E-06 6.4262E-06 8.6277E-05 2.7847E-05 2.1883E-04 2.2327E-04 0.0000E+00 6.1263E-05 1.1945E-05 6.3357E-06 1.3600E-05 6.1353E-05 1.1230E-05 7.6008E-06 4.2001E-05 3.2868E-04 0.0000E+00 0.0000E+00 4.1999E-05 1.5999E-04 3.0416E-04 2.5200E-05 2.7798E-06 0
 0 1.8725E-06 1.4280E-06 8.8852E-05 1.2995E-05 2.2116E-04 2.5782E-04 0.0000E+00 9.0435E-05 1.7917E-05 0.0000E+00 2.0400E-05 4.6917E-05 7.4865E-06 7.6008E-06 5.7275E-05 2.9046E-04 0.0000E+00 0.0000E+00 2.0999E-05 7.7033E-05 2.3681E-04 2.0160E-05 7.1479E-06 0
 0 2.9128E-06 2.8561E-06 7.7263E-05 3.1560E-05 2.0486E-04 2.3922E-04 0.0000E+00 8.4601E-05 1.4931E-05 0.0000E+00 2.3800E-05 3.6090E-06 1.1230E-05 3.8004E-06 4.2001E-05 3.0957E-04 0.0000E+00 1.1229E-05 2.7999E-05 7.7033E-05 3.1502E-04 3.6540E-05 4.7653E-06 0
 0 2.0806E-06 7.1402E-07 9.7866E-05 2.5991E-05 1.9788E-04 2.2327E-04 2.8535E-06 4.6676E-05 2.0903E-05 0.0000E+00 2.7200E-05 2.8872E-05 0.0000E+00 0.0000E+00 5.3456E-05 3.1339E-04 7.6229E-06 7.4863E-06 4.8998E-05 1.0370E-04 3.1502E-04 1.0080E-05 2.7798E-06 0
 0 1.4564E-06 2.1421E-06 9.2715E-05 2.4134E-05 2.0020E-04 1.9935E-04 0.0000E+00 2.9173E-05 1.1945E-05 0.0000E+00 1.0200E-05 1.4436E-05 7.4865E-06 3.8004E-06 1.9092E-05 3.1721E-04 0.0000E+00 7.4863E-06 1.7499E-05 6.5182E-05 3.1285E-04 2.5200E-05 3.5740E-06 0
 0 6.2417E-07 2.1421E-06 9.1428E-05 2.5991E-05 2.0952E-04 2.2593E-04 1.4268E-05 7.0014E-05 1.4931E-05 0.0000E+00 1.3600E-05 3.6090E-05 1.4973E-05 0.0000E+00 2.2910E-05 3.2868E-04 0.0000E+00 0.0000E+00 2.0999E-05 9.4810E-05 2.9547E-04 1.6380E-05 5.1624E-06 0
 0 1.4564E-06 1.4280E-06 8.2414E-05 2.0421E-05 2.1184E-04 1.9403E-04 5.7071E-06 7.0014E-05 1.1945E-05 0.0000E+00 3.7400E-05 2.8872E-05 7.4865E-06 0.0000E+00 2.2910E-05 3.8218E-04 0.0000E+00 0.0000E+00 4.1999E-05 1.1555E-04 3.2154E-04 3.5280E-05 3.5740E-06 0
 0 2.7047E-06 2.1421E-06 7.2112E-05 4.6412E-05 1.7460E-04 2.2593E-04 2.8535E-06 6.1263E-05 5.9723E-06 9.5035E-06 1.7000E-05 3.6090E-06 4.4919E-05 0.0000E+00 1.9092E-05 2.9046E-04 7.6229E-06 7.4863E-06 2.0999E-05 1.1555E-04 2.9764E-04 2.7720E-05 2.3826E-06 0
 0 1.0403E-06 0.0000E+00 9.2715E-05 2.2278E-05 2.2348E-04 2.0201E-04 0.0000E+00 7.2932E-05 5.9723E-06 0.0000E+00 2.3800E-05 3.2481E-05 1.1230E-05 0.0000E+00 6.4911E-05 3.6690E-04 0.0000E+00 3.7431E-06 2.4499E-05 6.2219E-05 2.7157E-04 2.7720E-05 4.7653E-06 0
 0 1.6645E-06 2.1421E-06 9.2715E-05 3.8986E-05 2.7004E-04 1.5416E-04 2.8535E-06 4.6676E-05 2.3889E-05 2.2175E-05 1.0200E-05 1.0827E-05 2.9946E-05 0.0000E+00 3.8183E-05 3.1721E-04 3.8115E-06 3.7431E-06 2.0999E-05 6.8145E-05 2.6722E-04 1.2600E-05 3.1769E-06 0
 0 1.8725E-06 4.9981E-06 7.7263E-05 4.4555E-05 1.7925E-04 1.8074E-04 0.0000E+00 7.5849E-05 3.5834E-05 9.5035E-06 5.7800E-05 1.4436E-05 1.8716E-05 3.8004E-06 2.2910E-05 2.9810E-04 0.0000E+00 3.7431E-06 2.7999E-05 8.5922E-05 2.7157E-04 2.0160E-05 2.7798E-06 0
 0 2.7047E-06 4.2841E-06 8.7565E-05 4.2699E-05 2.4211E-04 1.8340E-04 0.0000E+00 9.0435E-05 2.0903E-05 3.1678E-06 0.0000E+00 1.0827E-05 3.3689E-05 3.8004E-06 3.8183E-05 3.3632E-04 3.8115E-06 0.0000E+00 0.0000E+00 5.0368E-05 2.6071E-04 2.0160E-05 1.9855E-06 0
 0 3.1209E-06 7.1402E-07 8.7565E-05 1.1139E-05 2.0952E-04 1.5682E-04 0.0000E+00 3.5007E-05 2.0903E-05 1.5839E-05 1.3600E-05 1.4436E-05 0.0000E+00 0.0000E+00 2.6728E-05 3.3632E-04 0.0000E+00 1.4973E-05 4.5499E-05 7.4071E-05 2.5853E-04 2.0160E-05 6.3537E-06 0
 0 1.8725E-06 7.1402E-07 8.7565E-05 3.3417E-05 2.2814E-04 1.3821E-04 2.8535E-06 6.1263E-05 1.1945E-05 3.1678E-06 1.7000E-05 3.2481E-05 1.1230E-05 0.0000E+00 7.6366E-05 3.7454E-04 0.0000E+00 3.7431E-06 1.7499E-05 7.4071E-05 2.6071E-04 2.5200E-05 5.5595E-06 0
 0 1.4564E-06 7.1402E-07 1.0559E-04 5.1981E-05 2.3279E-04 2.2858E-04 0.0000E+00 4.3759E-05 1.7917E-05 0.0000E+00 2.7200E-05 1.8045E-05 1.4973E-05 0.0000E+00 1.5273E-05 4.1658E-04 3.8115E-06 3.7431E-06 1.0500E-05 7.9996E-05 2.6071E-04 1.8900E-05 1.1913E-06 0
 0 4.7853E-06 7.1402E-07 7.3400E-05 2.0421E-05 2.3279E-04 1.8074E-04 2.8535E-06 7.2932E-05 8.9584E-06 3.1678E-06 4.4200E-05 3.2481E-05 7.4865E-06 0.0000E+00 1.9092E-05 2.8664E-04 0.0000E+00 7.4863E-06 1.7499E-05 1.0666E-04 2.9547E-04 2.2680E-05 4.3682E-06 0
 0 2.0806E-06 0.0000E+00 8.7565E-05 1.4852E-05 2.2581E-04 1.4087E-04 0.0000E+00 5.8345E-05 1.7917E-05 0.0000E+00 6.8000E-06 1.4436E-05 3.7432E-06 1.1401E-05 1.1455E-05 2.5606E-04 0.0000E+00 0.0000E+00 6.9998E-06 6.8145E-05 2.9112E-04 2.2680E-05 3.9711E-06 0
 0 1.4564E-06 7.1402E-07 7.5975E-05 2.9704E-05 1.9089E-04 2.4719E-04 0.0000E+00 4.9594E-05 8.9584E-06 0.0000E+00 2.7200E-05 1.4436E-05 1.1230E-05 0.0000E+00 2.6728E-05 3.6690E-04 0.0000E+00 3.7431E-06 1.4000E-05 4.7405E-05 2.3029E-04 1.5120E-05 3.5740E-06 0
 0 2.0806E-06 0.0000E+00 5.4084E-05 2.9704E-05 2.0952E-04 1.6214E-04 0.0000E+00 1.1086E-04 1.7917E-05 0.0000E+00 1.0200E-05 1.0827E-05 1.1230E-05 0.0000E+00 1.5273E-05 3.9365E-04 0.0000E+00 7.4863E-06 2.7999E-05 7.9996E-05 2.4767E-04 2.0160E-05 3.5740E-06 0
 0 1.0403E-06 7.1402E-07 9.0140E-05 5.0125E-05 1.8391E-04 1.6745E-04 5.7071E-06 4.0842E-05 2.6875E-05 3.1678E-06 2.7200E-05 1.8045E-05 7.4865E-06 0.0000E+00 3.4365E-05 3.2868E-04 0.0000E+00 1.4973E-05 6.9998E-06 8.8885E-05 2.6288E-04 1.8900E-05 1.5884E-06 0
 0 1.8725E-06 0.0000E+00 1.0946E-04 2.7847E-05 2.2814E-04 2.2061E-04 2.8535E-06 4.6676E-05 2.9861E-06 0.0000E+00 1.7000E-05 1.0827E-05 2.6203E-05 1.5202E-05 1.9092E-05 3.8600E-04 3.8115E-06 3.7431E-06 1.4000E-05 5.0368E-05 2.6288E-04 1.5120E-05 5.9566E-06 0
 0 1.8725E-06 2.8561E-06 9.7866E-05 2.7847E-05 2.0253E-04 1.9137E-04 2.8535E-06 6.4180E-05 8.9584E-06 3.1678E-06 6.8000E-06 1.8045E-05 3.7432E-06 0.0000E+00 3.4365E-05 3.4779E-04 0.0000E+00 0.0000E+00 4.8998E-05 1.0370E-04 2.9764E-04 2.2680E-05 2.7798E-06 0
 0 1.0403E-06 2.8561E-06 6.4386E-05 2.4134E-05 1.7460E-04 1.9137E-04 2.8535E-06 7.0014E-05 2.0903E-05 0.0000E+00 1.7000E-05 7.2180E-06 3.7432E-06 0.0000E+00 2.2910E-05 3.7454E-04 0.0000E+00 7.4863E-06 1.0500E-05 7.9996E-05 3.0416E-04 1.8900E-05 1.1913E-06 0
 0 2.2886E-06 4.9981E-06 7.8551E-05 2.7847E-05 1.4433E-04 1.8074E-04 0.0000E+00 4.0842E-05 8.9584E-06 3.1678E-06 1.3600E-05 7.2180E-06 1.4973E-05 0.0000E+00 1.5273E-05 4.2040E-04 0.0000E+00 3.7431E-06 3.8499E-05 8.5922E-05 2.5853E-04 2.6460E-05 2.7798E-06 0
 0 2.2886E-06 7.1402E-07 9.4003E-05 3.1560E-05 1.6761E-04 2.1264E-04 5.7071E-06 3.7925E-05 1.1945E-05 0.0000E+00 1.7000E-05 7.2180E-06 7.4865E-06 0.0000E+00 7.6366E-06 3.4779E-04 0.0000E+00 7.4863E-06 4.8998E-05 5.9256E-05 3.4109E-04 2.2680E-05 1.5884E-06 0
 0 1.4564E-06 2.1421E-06 8.3701E-05 4.8268E-05 1.8624E-04 1.6214E-04 2.8535E-06 6.7097E-05 1.1945E-05 3.1678E-06 2.7200E-05 7.2180E-06 0.0000E+00 3.8004E-06 1.5273E-05 4.0511E-04 7.6229E-06 0.0000E+00 5.2498E-05 5.6294E-05 2.7374E-04 2.0160E-05 2.3826E-06 0
 0 8.3223E-07 1.4280E-06 1.2233E-04 3.3417E-05 1.2804E-04 1.3556E-04 0.0000E+00 7.0014E-05 4.7778E-05 0.0000E+00 1.3600E-05 2.1654E-05 7.4865E-06 0.0000E+00 4.5820E-05 3.4014E-04 0.0000E+00 0.0000E+00 3.8499E-05 5.6294E-05 1.9987E-04 2.3940E-05 2.7798E-06 0
 0 1.2483E-06 2.8561E-06 8.7565E-05 1.4852E-05 2.1417E-04 1.4353E-04 1.4268E-05 7.0014E-05 5.9723E-06 0.0000E+00 2.3800E-05 1.4436E-05 2.2459E-05 3.8004E-06 3.4365E-05 3.1721E-04 0.0000E+00 7.4863E-06 1.0500E-05 6.5182E-05 3.0198E-04 1.1340E-05 1.9855E-06 0
 0 1.4564E-06 2.8561E-06 7.4687E-05 3.3417E-05 1.7227E-04 1.1163E-04 0.0000E+00 6.7097E-05 5.9723E-06 0.0000E+00 1.7000E-05 3.6090E-06 1.4973E-05 0.0000E+00 4.9638E-05 3.5161E-04 0.0000E+00 0.0000E+00 1.7499E-05 6.2219E-05 2.7374E-04 1.1340E-05 3.5740E-06 0
 0 1.6645E-06 7.1402E-07 7.9838E-05 2.0421E-05 1.0709E-04 1.9137E-04 8.5606E-06 6.7097E-05 2.6875E-05 0.0000E+00 2.3800E-05 3.2481E-05 7.4865E-06 0.0000E+00 1.1455E-05 3.1339E-04 3.8115E-06 0.0000E+00 2.0999E-05 7.7033E-05 2.6940E-04 1.6380E-05 2.7798E-06 0
 0 1.8725E-06 7.1402E-07 6.4386E-05 2.0421E-05 1.4433E-04 1.9137E-04 0.0000E+00 4.3759E-05 1.7917E-05 3.1678E-06 6.8000E-06 1.4436E-05 1.1230E-05 0.0000E+00 3.4365E-05 3.0957E-04 0.0000E+00 1.8716E-05 2.0999E-05 7.4071E-05 2.5419E-04 2.6460E-05 2.3826E-06 0
 0 1.2483E-06 0.0000E+00 9.5291E-05 2.5991E-05 1.6063E-04 1.4087E-04 2.8535E-06 4.3759E-05 2.0903E-05 6.3357E-06 3.7400E-05 3.6090E-06 7.4865E-06 0.0000E+00 2.2910E-05 3.6307E-04 0.0000E+00 0.0000E+00 1.0500E-05 7.7033E-05 2.6940E-04 2.6460E-05 2.3826E-06 0
 0 2.2886E-06 0.0000E+00 6.5673E-05 1.8565E-05 2.2348E-04 1.9403E-04 0.0000E+00 8.1684E-05 2.0903E-05 0.0000E+00 2.3800E-05 1.0827E-05 1.1230E-05 0.0000E+00 7.6366E-06 4.0894E-04 0.0000E+00 0.0000E+00 3.8499E-05 7.1108E-05 2.7374E-04 1.7640E-05 2.7798E-06 0
 0 4.1612E-07 7.1402E-07 9.6579E-05 3.8986E-05 1.6994E-04 1.2492E-04 0.0000E+00 6.7097E-05 2.6875E-05 0.0000E+00 2.0400E-05 7.2180E-06 3.7432E-06 7.6008E-06 1.1455E-05 3.3632E-04 0.0000E+00 0.0000E+00 2.4499E-05 4.4442E-05 2.8895E-04 6.3001E-06 3.1769E-06 0
 0 1.6645E-06 2.1421E-06 8.8852E-05 4.0842E-05 1.9089E-04 2.0998E-04 0.0000E+00 5.2511E-05 1.1945E-05 3.1678E-06 6.8000E-06 1.0827E-05 3.7432E-06 3.8004E-06 2.2910E-05 3.8600E-04 0.0000E+00 0.0000E+00 2.4499E-05 7.7033E-05 2.4767E-04 1.8900E-05 1.9855E-06 0
 0 1.0403E-06 2.1421E-06 8.3701E-05 3.7129E-05 2.0486E-04 1.4619E-04 0.0000E+00 4.3759E-05 8.9584E-06 0.0000E+00 1.7000E-05 1.8045E-05 7.4865E-06 0.0000E+00 1.5273E-05 3.6307E-04 0.0000E+00 0.0000E+00 1.4000E-05 6.8145E-05 2.2595E-04 1.2600E-05 3.9711E-06 0
 0 1.8725E-06 1.4280E-06 7.3400E-05 2.9704E-05 1.7460E-04 1.7277E-04 0.0000E+00 4.9594E-05 1.1945E-05 6.3357E-06 1.0200E-05 2.1654E-05 7.4865E-06 1.1401E-05 5.3456E-05 4.4333E-04 0.0000E+00 0.0000E+00 1.0500E-05 7.4071E-05 2.3029E-04 2.0160E-05 2.7798E-06 0
 0 1.8725E-06 0.0000E+00 7.2112E-05 3.7129E-05 2.0253E-04 1.5150E-04 0.0000E+00 5.5428E-05 2.0903E-05 0.0000E+00 3.4000E-05 7.2180E-06 7.4865E-06 0.0000E+00 1.1455E-05 4.5862E-04 0.0000E+00 0.0000E+00 2.0999E-05 4.1480E-05 3.1067E-04 1.7640E-05 1.9855E-06 0
 0 2.0806E-06 1.4280E-06 1.1718E-04 2.9704E-05 1.7692E-04 1.4087E-04 0.0000E+00 4.9594E-05 1.4931E-05 0.0000E+00 0.0000E+00 2.5263E-05 1.8716E-05 0.0000E+00 2.6728E-05 3.9365E-04 0.0000E+00 3.7431E-06 3.4999E-06 1.0074E-04 2.5853E-04 1.0080E-05 3.5740E-06 0
 0 1.2483E-06 3.5701E-06 7.5975E-05 3.3417E-05 2.1184E-04 1.7808E-04 2.8535E-06 3.5007E-05 2.3889E-05 0.0000E+00 3.4000E-06 7.2180E-06 7.4865E-06 7.6008E-06 3.0546E-05 3.3632E-04 0.0000E+00 3.7431E-06 3.4999E-06 5.6294E-05 2.5419E-04 1.5120E-05 1.9855E-06 0
 0 1.6645E-06 1.4280E-06 1.0044E-04 1.6708E-05 2.0719E-04 2.1795E-04 8.5606E-06 8.7518E-05 1.4931E-05 3.1678E-06 1.0200E-05 1.4436E-05 1.4973E-05 0.0000E+00 7.6366E-06 4.5098E-04 0.0000E+00 0.0000E+00 1.4000E-05 3.2591E-05 2.8460E-04 2.6460E-05 2.7798E-06 0
 0 6.2417E-07 2.1421E-06 6.3098E-05 2.4134E-05 2.5840E-04 1.1695E-04 1.4268E-05 4.6676E-05 5.9723E-06 0.0000E+00 6.8000E-06 1.4436E-05 0.0000E+00 1.1401E-05 2.2910E-05 3.9747E-04 0.0000E+00 7.4863E-06 1.0500E-05 2.6665E-05 2.3464E-04 2.7720E-05 2.3826E-06 0
 0 1.4564E-06 0.0000E+00 7.0824E-05 2.7847E-05 1.6528E-04 1.7011E-04 2.8535E-06 5.5428E-05 5.9723E-06 0.0000E+00 1.0200E-05 3.9699E-05 7.4865E-06 0.0000E+00 2.6728E-05 3.4396E-04 0.0000E+00 0.0000E+00 2.0999E-05 6.8145E-05 2.9547E-04 1.5120E-05 4.7653E-06 0
 0 1.2483E-06 0.0000E+00 9.1428E-05 2.4134E-05 1.5364E-04 1.4087E-04 0.0000E+00 5.5428E-05 2.3889E-05 0.0000E+00 6.8000E-06 3.6090E-06 3.7432E-06 0.0000E+00 4.5820E-05 4.3951E-04 0.0000E+00 0.0000E+00 1.7499E-05 4.4442E-05 2.7157E-04 1.6380E-05 1.1913E-06 0
 0 1.2483E-06 1.4280E-06 9.7866E-05 3.5273E-05 2.1184E-04 1.9403E-04 2.8535E-06 5.5428E-05 5.9723E-06 0.0000E+00 1.3600E-05 1.0827E-05 3.7432E-06 0.0000E+00 3.0546E-05 4.1658E-04 0.0000E+00 1.1229E-05 6.9998E-06 6.5182E-05 2.1508E-04 1.2600E-05 3.9711E-06 0
 0 1.6645E-06 2.1421E-06 6.5673E-05 3.1560E-05 1.3502E-04 1.7011E-04 0.0000E+00 5.8345E-05 8.9584E-06 6.3357E-06 1.3600E-05 1.4436E-05 7.4865E-06 0.0000E+00 0.0000E+00 2.9428E-04 0.0000E+00 0.0000E+00 3.4999E-06 5.0368E-05 2.3029E-04 2.8980E-05 4.3682E-06 0
 0 8.3223E-07 0.0000E+00 9.5291E-05 2.7847E-05 1.6296E-04 1.9403E-04 0.0000E+00 5.2511E-05 1.1945E-05 0.0000E+00 1.3600E-05 1.8045E-05 3.7432E-05 0.0000E+00 1.5273E-05 3.3632E-04 0.0000E+00 0.0000E+00 1.4000E-05 6.2219E-05 2.4550E-04 1.8900E-05 2.3826E-06 0
 0 2.0806E-06 7.1402E-07 6.6961E-05 1.8565E-05 1.8158E-04 1.6214E-04 5.7071E-06 5.8345E-05 1.4931E-05 3.1678E-06 1.7000E-05 1.0827E-05 1.1230E-05 3.8004E-06 1.5273E-05 3.7836E-04 0.0000E+00 0.0000E+00 1.0500E-05 5.9256E-05 2.5636E-04 1.7640E-05 1.5884E-06 0
 0 8.3223E-07 0.0000E+00 7.4687E-05 3.1560E-05 1.6528E-04 2.3124E-04 0.0000E+00 5.8345E-05 2.9861E-05 0.0000E+00 1.0200E-05 1.0827E-05 7.4865E-06 7.6008E-06 0.0000E+00 3.7072E-04 3.8115E-06 3.7431E-06 1.7499E-05 4.4442E-05 2.1943E-04 1.2600E-05 5.9566E-06 0
 0 2.9128E-06 0.0000E+00 7.7263E-05 1.6708E-05 1.8624E-04 1.3556E-04 0.0000E+00 5.8345E-05 5.9723E-06 0.0000E+00 1.0200E-05 1.0827E-05 0.0000E+00 7.6008E-06 2.2910E-05 3.8600E-04 0.0000E+00 3.7431E-06 1.4000E-05 5.6294E-05 2.7591E-04 1.8900E-05 2.7798E-06 0
 0 2.0806E-06 7.1402E-07 5.9235E-05 3.7129E-05 1.7227E-04 1.1163E-04 0.0000E+00 6.7097E-05 8.9584E-06 0.0000E+00 6.8000E-06 1.0827E-05 0.0000E+00 0.0000E+00 1.9092E-05 3.6307E-04 0.0000E+00 1.1229E-05 3.4999E-06 9.4810E-05 2.7809E-04 1.1340E-05 5.1624E-06 0
 0 6.2417E-07 1.4280E-06 6.9537E-05 5.5694E-06 1.4666E-04 2.1264E-04 0.0000E+00 2.0421E-05 8.9584E-06 6.3357E-06 1.7000E-05 7.2180E-06 3.7432E-06 0.0000E+00 2.2910E-05 4.0894E-04 3.8115E-06 0.0000E+00 1.0500E-05 9.7773E-05 2.9764E-04 2.0160E-05 1.1913E-06 0
 0 1.2483E-06 7.1402E-07 6.6961E-05 3.1560E-05 1.9089E-04 1.3290E-04 0.0000E+00 4.0842E-05 5.9723E-06 0.0000E+00 1.3600E-05 1.0827E-05 2.6203E-05 0.0000E+00 1.5273E-05 3.9365E-04 0.0000E+00 3.7431E-06 1.4000E-05 6.5182E-05 3.0198E-04 2.6460E-05 4.3682E-06 0
 0 1.2483E-06 2.8561E-06 6.6961E-05 1.2995E-05 1.4899E-04 1.7543E-04 0.0000E+00 6.7097E-05 8.9584E-06 0.0000E+00 1.3600E-05 3.6090E-06 0.0000E+00 0.0000E+00 2.2910E-05 4.6626E-04 0.0000E+00 1.1229E-05 3.4999E-05 7.9996E-05 3.1936E-04 1.5120E-05 1.9855E-06 0
 0 4.1612E-06 7.1402E-07 7.2112E-05 2.2278E-05 1.6761E-04 1.3556E-04 0.0000E+00 5.2511E-05 5.9723E-06 0.0000E+00 1.3600E-05 2.5263E-05 7.4865E-06 0.0000E+00 1.9092E-05 4.6626E-04 0.0000E+00 1.1229E-05 1.4000E-05 3.8517E-05 2.7157E-04 3.1500E-05 3.9711E-06 0
 0 1.6645E-06 2.1421E-06 7.9838E-05 1.6708E-05 1.5364E-04 2.0201E-04 5.7071E-06 5.8345E-05 1.1945E-05 0.0000E+00 0.0000E+00 2.8872E-05 0.0000E+00 0.0000E+00 0.0000E+00 4.5098E-04 0.0000E+00 0.0000E+00 3.4999E-06 5.3331E-05 2.5419E-04 1.1340E-05 5.1624E-06 0
 0 1.0403E-06 2.8561E-06 7.9838E-05 4.4555E-05 1.7692E-04 1.4885E-04 0.0000E+00 6.4180E-05 5.9723E-06 3.1678E-06 1.7000E-05 3.6090E-06 1.4973E-05 0.0000E+00 3.8183E-06 4.2422E-04 0.0000E+00 0.0000E+00 6.9998E-06 7.9996E-05 2.3681E-04 2.7720E-05 1.5884E-06 0
 0 1.4564E-06 4.2841E-06 7.5975E-05 2.2278E-05 1.9089E-04 1.2227E-04 0.0000E+00 4.0842E-05 2.0903E-05 9.5035E-06 0.0000E+00 3.6090E-06 0.0000E+00 3.8004E-06 1.1455E-05 2.9428E-04 0.0000E+00 7.4863E-06 1.0500E-05 4.7405E-05 2.5419E-04 1.0080E-05 2.3826E-06 0
 0 1.0403E-06 7.1402E-07 6.6961E-05 2.9704E-05 2.4676E-04 1.4619E-04 0.0000E+00 2.9173E-05 5.9723E-06 0.0000E+00 1.3600E-05 7.2180E-06 3.7432E-06 0.0000E+00 0.0000E+00 4.5098E-04 0.0000E+00 7.4863E-06 1.0500E-05 6.2219E-05 2.1943E-04 1.5120E-05 4.7653E-06 0
 0 1.4564E-06 0.0000E+00 8.1126E-05 2.7847E-05 1.6296E-04 1.5150E-04 0.0000E+00 5.2511E-05 2.6875E-05 0.0000E+00 6.8000E-06 7.2180E-06 0.0000E+00 0.0000E+00 1.9092E-05 3.6307E-04 1.9057E-05 1.4973E-05 1.0500E-05 6.5182E-05 2.6071E-04 1.6380E-05 2.7798E-06 0
 0 1.4564E-06 7.1402E-07 4.8933E-05 2.0421E-05 1.7925E-04 1.4087E-04 0.0000E+00 3.7925E-05 2.9861E-06 0.0000E+00 6.8000E-06 7.2180E-06 7.4865E-06 0.0000E+00 1.1455E-05 4.0129E-04 3.8115E-06 2.2459E-05 3.4999E-06 5.0368E-05 3.2154E-04 2.0160E-05 4.7653E-06 0
 0 1.2483E-06 1.4280E-06 8.4989E-05 2.9704E-05 1.7692E-04 1.4087E-04 0.0000E+00 3.5007E-05 1.1945E-05 0.0000E+00 1.3600E-05 1.4436E-05 1.4973E-05 0.0000E+00 1.5273E-05 4.3569E-04 3.8115E-06 0.0000E+00 1.7499E-05 7.1108E-05 2.3681E-04 2.0160E-05 4.3682E-06 0
 0 6.2417E-07 1.4280E-06 6.6961E-05 1.4852E-05 2.0952E-04 1.3821E-04 2.8535E-06 4.9594E-05 2.9861E-06 0.0000E+00 6.8000E-06 7.2180E-06 1.1230E-05 0.0000E+00 2.6728E-05 3.9365E-04 0.0000E+00 7.4863E-06 2.4499E-05 5.0368E-05 3.1502E-04 2.0160E-05 4.7653E-06 0
 0 8.3223E-07 7.1402E-07 9.2715E-05 3.1560E-05 1.6761E-04 1.1429E-04 0.0000E+00 3.5007E-05 1.7917E-05 0.0000E+00 3.4000E-06 1.0827E-05 1.4973E-05 7.6008E-06 3.8183E-06 4.7391E-04 0.0000E+00 0.0000E+00 1.0500E-05 5.3331E-05 2.1508E-04 1.8900E-05 2.3826E-06 0
 0 1.2483E-06 2.1421E-06 9.0140E-05 4.2699E-05 1.9788E-04 1.3556E-04 0.0000E+00 2.9173E-05 2.0903E-05 0.0000E+00 3.4000E-06 1.4436E-05 3.7432E-06 7.6008E-06 1.1455E-05 4.0894E-04 0.0000E+00 0.0000E+00 1.4000E-05 8.2959E-05 2.6722E-04 2.1420E-05 3.5740E-06 0
 0 6.2417E-07 7.1402E-07 7.2112E-05 2.2278E-05 1.7692E-04 1.3290E-04 0.0000E+00 4.0842E-05 8.9584E-06 0.0000E+00 6.8000E-06 2.1654E-05 0.0000E+00 0.0000E+00 3.8183E-06 4.5480E-04 0.0000E+00 0.0000E+00 6.9998E-06 7.4071E-05 2.1725E-04 1.2600E-05 2.7798E-06 0
 0 1.2483E-06 1.4280E-06 8.1126E-05 3.3417E-05 1.5364E-04 1.5416E-04 0.0000E+00 5.2511E-05 3.2848E-05 0.0000E+00 3.4000E-05 3.6090E-06 0.0000E+00 0.0000E+00 7.6366E-06 4.1276E-04 0.0000E+00 0.0000E+00 1.7499E-05 9.4810E-05 1.8249E-04 1.5120E-05 3.9711E-06 0
 0 1.0403E-06 1.4280E-06 6.3098E-05 1.6708E-05 2.0486E-04 1.2492E-04 0.0000E+00 5.5428E-05 5.9723E-06 3.1678E-06 6.8000E-06 0.0000E+00 3.7432E-06 0.0000E+00 1.5273E-05 4.3187E-04 0.0000E+00 0.0000E+00 1.0500E-05 4.7405E-05 2.4767E-04 1.7640E-05 5.5595E-06 0
 0 1.2483E-06 0.0000E+00 9.0140E-05 3.3417E-05 1.7692E-04 1.0632E-04 0.0000E+00 5.8345E-05 1.4931E-05 0.0000E+00 1.0200E-05 7.2180E-06 1.4973E-05 0.0000E+00 1.5273E-05 4.3569E-04 0.0000E+00 0.0000E+00 1.0500E-05 6.2219E-05 2.4115E-04 2.7720E-05 5.1624E-06 0
 0 2.0806E-06 0.0000E+00 9.5291E-05 9.2824E-06 1.3269E-04 1.9403E-04 0.0000E+00 5.5428E-05 1.1945E-05 0.0000E+00 1.7000E-05 7.2180E-06 0.0000E+00 0.0000E+00 1.9092E-05 4.7391E-04 0.0000E+00 0.0000E+00 2.0999E-05 5.3331E-05 2.7157E-04 2.1420E-05 7.9422E-07 0
 0 1.2483E-06 2.1421E-06 7.4687E-05 2.2278E-05 1.3269E-04 1.5150E-04 2.8535E-06 7.8766E-05 2.9861E-06 0.0000E+00 2.0400E-05 2.5263E-05 1.4973E-05 3.8004E-06 1.1455E-05 3.6307E-04 0.0000E+00 7.4863E-06 0.0000E+00 7.4071E-05 2.0205E-04 1.2600E-05 2.7798E-06 0
 0 1.6645E-06 4.2841E-06 7.7263E-05 2.5991E-05 1.5132E-04 1.3821E-04 0.0000E+00 6.4180E-05 1.7917E-05 0.0000E+00 1.0200E-05 0.0000E+00 7.4865E-06 0.0000E+00 1.1455E-05 4.7008E-04 0.0000E+00 0.0000E+00 1.0500E-05 4.7405E-05 2.5636E-04 2.0160E-05 3.5740E-06 0
 0 1.4564E-06 2.8561E-06 7.4687E-05 1.6708E-05 1.4899E-04 1.2758E-04 0.0000E+00 8.7518E-06 5.9723E-06 0.0000E+00 1.3600E-05 0.0000E+00 0.0000E+00 0.0000E+00 2.6728E-05 3.7454E-04 0.0000E+00 3.7431E-06 6.9998E-06 4.7405E-05 2.4767E-04 1.8900E-05 7.5451E-06 0
 0 1.8725E-06 7.1402E-07 4.5070E-05 3.3417E-05 1.4899E-04 1.4885E-04 0.0000E+00 4.3759E-05 0.0000E+00 6.3357E-06 3.4000E-06 1.4436E-05 0.0000E+00 3.8004E-06 2.2910E-05 3.6307E-04 0.0000E+00 3.7431E-06 0.0000E+00 7.4071E-05 2.2595E-04 1.5120E-05 1.1913E-06 0
 0 8.3223E-07 1.4280E-06 6.9537E-05 2.5991E-05 2.0020E-04 1.8606E-04 2.8535E-06 2.9173E-05 0.0000E+00 0.0000E+00 3.4000E-06 3.6090E-06 3.7432E-06 0.0000E+00 1.5273E-05 3.5925E-04 0.0000E+00 0.0000E+00 3.4999E-06 5.9256E-05 2.0205E-04 1.8900E-05 3.5740E-06 0
 0 2.2886E-06 2.8561E-06 7.2112E-05 1.8565E-05 2.1417E-04 1.3290E-04 0.0000E+00 3.5007E-05 2.9861E-06 0.0000E+00 0.0000E+00 2.1654E-05 0.0000E+00 0.0000E+00 1.9092E-05 3.6690E-04 0.0000E+00 0.0000E+00 3.1499E-05 7.1108E-05 2.9329E-04 1.7640E-05 4.3682E-06 0
 0 1.2483E-06 1.4280E-06 5.5372E-05 1.2995E-05 1.6761E-04 1.5416E-04 0.0000E+00 6.1263E-05 5.9723E-06 3.1678E-06 6.8000E-06 3.6090E-06 1.1230E-05 0.0000E+00 1.1455E-05 4.4333E-04 0.0000E+00 7.4863E-06 1.7499E-05 3.8517E-05 2.9329E-04 2.0160E-05 2.3826E-06 0
 0 2.4967E-06 1.4280E-06 7.2112E-05 2.4134E-05 1.5132E-04 2.0201E-04 0.0000E+00 1.7504E-05 1.4931E-05 3.1678E-06 1.0200E-05 0.0000E+00 3.7432E-06 0.0000E+00 3.8183E-06 3.9747E-04 0.0000E+00 0.0000E+00 1.7499E-05 9.4810E-05 2.3681E-04 1.2600E-05 1.9855E-06 0
 0 2.7047E-06 1.4280E-06 6.5673E-05 1.8565E-05 1.5364E-04 1.5416E-04 2.8535E-06 5.2511E-05 8.9584E-06 0.0000E+00 1.0200E-05 0.0000E+00 0.0000E+00 0.0000E+00 7.6366E-06 3.7072E-04 0.0000E+00 0.0000E+00 1.4000E-05 5.6294E-05 2.4767E-04 1.2600E-05 2.7798E-06 0
 0 2.0806E-06 7.1402E-07 9.0140E-05 2.0421E-05 1.4899E-04 1.5150E-04 0.0000E+00 3.5007E-05 2.9861E-06 6.3357E-06 6.8000E-06 7.2180E-06 7.4865E-06 3.8004E-06 1.9092E-05 4.0129E-04 0.0000E+00 3.7431E-06 1.7499E-05 3.8517E-05 2.3246E-04 1.5120E-05 4.7653E-06 0
 0 1.2483E-06 1.4280E-06 6.8249E-05 2.5991E-05 1.4899E-04 1.0898E-04 0.0000E+00 5.5428E-05 8.9584E-06 0.0000E+00 6.8000E-06 1.8045E-05 3.7432E-06 0.0000E+00 2.2910E-05 3.9365E-04 0.0000E+00 3.7431E-06 0.0000E+00 6.5182E-05 2.3246E-04 2.7720E-05 3.5740E-06 0
 0 1.0403E-06 1.4280E-06 7.8551E-05 2.5991E-05 1.7925E-04 1.5682E-04 0.0000E+00 3.7925E-05 1.4931E-05 3.1678E-06 1.0200E-05 3.6090E-06 3.7432E-06 7.6008E-06 1.9092E-05 3.7072E-04 0.0000E+00 0.0000E+00 1.4000E-05 5.9256E-05 2.6505E-04 1.6380E-05 5.9566E-06 0
 0 1.4564E-06 2.8561E-06 6.8249E-05 2.4134E-05 1.3037E-04 1.1163E-04 0.0000E+00 1.4586E-05 1.4931E-05 9.5035E-06 1.3600E-05 1.0827E-05 3.7432E-06 0.0000E+00 1.9092E-05 4.0129E-04 0.0000E+00 0.0000E+00 0.0000E+00 4.7405E-05 2.8026E-04 1.6380E-05 5.5595E-06 0
 0 6.2417E-07 7.1402E-07 7.2112E-05 1.2995E-05 1.6063E-04 1.3024E-04 2.8535E-06 3.5007E-05 0.0000E+00 0.0000E+00 3.4000E-06 1.8045E-05 1.1230E-05 0.0000E+00 1.1455E-05 4.3951E-04 0.0000E+00 0.0000E+00 1.0500E-05 3.2591E-05 1.9770E-04 7.5601E-06 7.9422E-07 0
 0 1.8725E-06 1.4280E-06 9.1428E-05 1.6708E-05 1.8158E-04 1.2227E-04 2.8535E-06 1.7504E-05 2.0903E-05 0.0000E+00 6.8000E-06 3.6090E-06 1.4973E-05 7.6008E-06 7.6366E-06 5.0830E-04 3.8115E-06 0.0000E+00 3.4999E-06 5.6294E-05 2.5202E-04 6.3001E-06 1.1913E-06 0
 0 2.0806E-06 0.0000E+00 7.5975E-05 3.1560E-05 1.4666E-04 1.3556E-04 0.0000E+00 4.0842E-05 2.9861E-06 0.0000E+00 6.8000E-06 0.0000E+00 3.7432E-06 0.0000E+00 7.6366E-06 4.2804E-04 0.0000E+00 0.0000E+00 3.4999E-06 7.7033E-05 2.3246E-04 2.2680E-05 3.9711E-06 0
 0 2.7047E-06 1.4280E-06 7.4687E-05 2.4134E-05 1.5597E-04 1.2758E-04 5.7071E-06 3.2090E-05 8.9584E-06 0.0000E+00 6.8000E-06 1.0827E-05 1.1230E-05 0.0000E+00 3.0546E-05 4.7773E-04 0.0000E+00 1.8716E-05 3.4999E-06 7.4071E-05 2.8243E-04 1.0080E-05 3.9711E-06 0
 0 4.1612E-07 1.4280E-06 7.4687E-05 2.0421E-05 1.3037E-04 1.3821E-04 0.0000E+00 3.2090E-05 5.9723E-06 0.0000E+00 1.3600E-05 1.4436E-05 0.0000E+00 0.0000E+00 3.0546E-05 4.2040E-04 0.0000E+00 0.0000E+00 1.0500E-05 5.0368E-05 2.2377E-04 8.8201E-06 3.5740E-06 0
 0 1.4564E-06 0.0000E+00 6.1810E-05 2.0421E-05 1.5830E-04 1.7011E-04 0.0000E+00 3.2090E-05 2.0903E-05 0.0000E+00 1.3600E-05 3.6090E-06 3.7432E-06 0.0000E+00 1.5273E-05 3.9365E-04 0.0000E+00 0.0000E+00 6.9998E-06 1.7777E-05 2.2377E-04 1.3860E-05 1.9855E-06 0
 0 2.4967E-06 1.4280E-06 6.8249E-05 2.9704E-05 1.5364E-04 1.7808E-04 0.0000E+00 5.5428E-05 1.1945E-05 0.0000E+00 2.0400E-05 7.2180E-06 0.0000E+00 7.6008E-06 1.5273E-05 4.3951E-04 0.0000E+00 0.0000E+00 0.0000E+00 5.3331E-05 2.5636E-04 2.1420E-05 2.3826E-06 0
 0 2.0806E-07 2.1421E-06 7.0824E-05 2.2278E-05 1.9089E-04 1.0898E-04 5.7071E-06 3.5007E-05 2.3889E-05 6.3357E-06 3.4000E-06 1.8045E-05 0.0000E+00 0.0000E+00 7.6366E-06 3.9747E-04 1.1434E-05 0.0000E+00 0.0000E+00 7.1108E-05 2.3898E-04 1.7640E-05 5.1624E-06 0
 0 1.8725E-06 0.0000E+00 7.8551E-05 2.0421E-05 1.4433E-04 1.2227E-04 0.0000E+00 2.9173E-05 0.0000E+00 0.0000E+00 3.4000E-06 1.4436E-05 3.7432E-06 0.0000E+00 1.1455E-05 3.5925E-04 0.0000E+00 0.0000E+00 2.7999E-05 5.0368E-05 2.0422E-04 1.3860E-05 3.5740E-06 0
 0 1.8725E-06 0.0000E+00 6.3098E-05 1.8565E-05 1.5364E-04 1.1695E-04 0.0000E+00 4.9594E-05 8.9584E-06 0.0000E+00 0.0000E+00 1.4436E-05 0.0000E+00 0.0000E+00 1.9092E-05 3.7836E-04 0.0000E+00 0.0000E+00 6.9998E-06 5.3331E-05 2.0856E-04 7.5601E-06 3.1769E-06 0
 0 2.0806E-06 2.1421E-06 6.4386E-05 3.8986E-05 1.2105E-04 1.1163E-04 0.0000E+00 2.3338E-05 5.9723E-06 0.0000E+00 0.0000E+00 0.0000E+00 1.1230E-05 1.5202E-05 3.8183E-06 4.1658E-04 3.8115E-06 0.0000E+00 3.4999E-06 5.9256E-05 2.4115E-04 2.0160E-05 1.9855E-06 0
 0 8.3223E-07 7.1402E-07 7.8551E-05 1.1139E-05 1.6528E-04 9.8345E-05 0.0000E+00 4.3759E-05 2.9861E-06 0.0000E+00 6.8000E-06 7.2180E-06 0.0000E+00 0.0000E+00 1.5273E-05 4.4715E-04 0.0000E+00 7.4863E-06 6.9998E-06 2.6665E-05 2.1074E-04 2.0160E-05 2.3826E-06 0
 0 1.6645E-06 7.1402E-07 7.4687E-05 1.4852E-05 1.3735E-04 1.0632E-04 0.0000E+00 3.5007E-05 5.9723E-06 0.0000E+00 6.8000E-06 0.0000E+00 0.0000E+00 0.0000E+00 1.5273E-05 4.2040E-04 0.0000E+00 0.0000E+00 6.9998E-06 5.3331E-05 2.5419E-04 1.2600E-05 2.7798E-06 0
 0 1.0403E-06 7.1402E-07 7.4687E-05 2.9704E-05 1.5364E-04 1.4619E-04 0.0000E+00 5.8345E-06 8.9584E-06 0.0000E+00 0.0000E+00 7.2180E-06 7.4865E-06 0.0000E+00 7.6366E-06 5.2741E-04 0.0000E+00 0.0000E+00 1.7499E-05 5.6294E-05 2.4767E-04 8.8201E-06 4.3682E-06 0
 0 1.0403E-06 0.0000E+00 5.9235E-05 2.7847E-05 1.0941E-04 1.4353E-04 2.8535E-06 2.0421E-05 2.9861E-06 0.0000E+00 2.3800E-05 3.6090E-06 0.0000E+00 0.0000E+00 1.5273E-05 4.0129E-04 0.0000E+00 7.4863E-06 1.7499E-05 4.4442E-05 2.3681E-04 1.0080E-05 3.5740E-06 0
 0 1.8725E-06 2.1421E-06 9.6579E-05 2.2278E-05 1.1407E-04 1.0100E-04 0.0000E+00 3.2090E-05 2.9861E-06 3.1678E-06 3.4000E-06 7.2180E-06 3.7432E-06 0.0000E+00 2.2910E-05 4.7391E-04 0.0000E+00 0.0000E+00 0.0000E+00 4.4442E-05 2.0205E-04 1.5120E-05 2.7798E-06 0
 0 6.2417E-07 0.0000E+00 6.5673E-05 2.7847E-05 1.9089E-04 1.3290E-04 0.0000E+00 2.9173E-05 1.4931E-05 0.0000E+00 1.3600E-05 1.0827E-05 0.0000E+00 0.0000E+00 1.5273E-05 4.7008E-04 0.0000E+00 0.0000E+00 1.4000E-05 2.9628E-05 2.5419E-04 1.3860E-05 3.5740E-06 0
 0 6.2417E-07 0.0000E+00 6.3098E-05 2.4134E-05 1.2804E-04 1.1429E-04 0.0000E+00 2.0421E-05 5.9723E-06 0.0000E+00 3.4000E-06 3.6090E-06 1.4973E-05 0.0000E+00 1.5273E-05 4.2422E-04 0.0000E+00 0.0000E+00 1.0500E-05 2.6665E-05 2.3681E-04 1.8900E-05 3.5740E-06 0
 0 8.3223E-07 0.0000E+00 7.4687E-05 1.6708E-05 1.5597E-04 1.5682E-04 0.0000E+00 4.9594E-05 1.4931E-05 0.0000E+00 3.4000E-06 0.0000E+00 7.4865E-06 7.6008E-06 1.9092E-05 5.5417E-04 0.0000E+00 0.0000E+00 3.4999E-06 2.6665E-05 2.4333E-04 1.5120E-05 4.7653E-06 0
