 0 1.5532E-02 7.3693E-05 6.8233E-04 1.2683E-02 0.0000E+00 2.3383E-03 0.0000E+00 6.2952E-05 0.0000E+00 1.8355E-03 0.0000E+00 0.0000E+00 0.0000E+00 3.1214E-04 3.4231E-03 0.0000E+00 1.0692E-04 2.0449E-04 4.5578E-03 8.8050E-03 2.9500E-03 3.2129E-03 1.8981E-05 0
 0 1.5801E-02 7.6389E-05 7.8236E-04 1.4326E-02 0.0000E+00 2.9165E-03 0.0000E+00 2.8014E-04 0.0000E+00 2.0475E-03 0.0000E+00 0.0000E+00 0.0000E+00 1.8248E-04 3.1647E-03 0.0000E+00 4.8602E-04 2.1843E-04 5.4694E-03 6.0995E-03 2.9665E-03 3.0044E-03 3.5087E-05 0
 0 1.6291E-02 6.6504E-05 8.2267E-04 1.3256E-02 0.0000E+00 2.9991E-03 0.0000E+00 3.0532E-04 0.0000E+00 2.6038E-03 0.0000E+00 0.0000E+00 0.0000E+00 0.0000E+00 2.9111E-03 0.0000E+00 8.6026E-04 2.9279E-04 5.9845E-03 8.7593E-03 3.2180E-03 3.0989E-03 2.8184E-05 0
 0 1.6692E-02 3.7745E-05 5.8826E-04 1.2996E-02 0.0000E+00 4.2181E-03 0.0000E+00 3.4623E-05 0.0000E+00 2.6003E-03 0.0000E+00 0.0000E+00 0.0000E+00 3.7937E-04 9.3137E-04 0.0000E+00 4.9088E-04 1.1990E-03 4.1940E-03 8.6810E-03 3.5377E-03 3.2774E-03 3.4511E-05 0
 0 1.7277E-02 1.0874E-04 6.9128E-04 1.2672E-02 1.0013E-05 3.2725E-03 0.0000E+00 9.4428E-06 0.0000E+00 2.4543E-03 0.0000E+00 0.0000E+00 0.0000E+00 5.3784E-04 2.0188E-03 0.0000E+00 1.3657E-03 2.3702E-04 4.3248E-03 8.7854E-03 3.7140E-03 3.4574E-03 5.5793E-05 0
 0 1.7971E-02 1.0515E-04 8.2715E-04 1.3185E-02 3.7550E-05 4.7535E-03 0.0000E+00 6.9247E-05 0.0000E+00 2.9305E-03 0.0000E+00 0.0000E+00 0.0000E+00 3.5056E-04 3.7547E-03 0.0000E+00 1.3609E-04 3.1138E-04 6.7489E-03 1.1334E-02 3.7445E-03 4.0904E-03 5.9245E-05 0
 0 1.9355E-02 1.2043E-04 9.3465E-04 1.3225E-02 9.2622E-05 4.2522E-03 0.0000E+00 0.0000E+00 0.0000E+00 1.2932E-03 0.0000E+00 0.0000E+00 0.0000E+00 2.3531E-04 7.9483E-04 0.0000E+00 2.7703E-04 1.3524E-03 7.5583E-03 7.3429E-03 4.1841E-03 4.0649E-03 9.8933E-05 0
 0 2.0723E-02 2.2108E-04 1.3094E-03 1.3530E-02 2.5033E-05 4.7222E-03 0.0000E+00 9.4428E-05 0.0000E+00 1.9745E-03 0.0000E+00 0.0000E+00 0.0000E+00 2.6892E-04 4.8763E-05 0.0000E+00 1.9344E-03 6.4599E-04 1.0093E-02 9.8754E-03 3.9302E-03 5.0173E-03 1.3344E-04 0
 0 2.2042E-02 2.8579E-04 1.6931E-03 1.3888E-02 1.5020E-05 4.2237E-03 0.0000E+00 2.2033E-04 0.0000E+00 8.5865E-04 0.0000E+00 0.0000E+00 0.0000E+00 3.3135E-04 6.7780E-04 0.0000E+00 1.4192E-03 6.3205E-04 8.4453E-03 9.7057E-03 4.8705E-03 5.6923E-03 2.0419E-04 0
 0 2.4027E-02 3.1005E-04 1.8842E-03 1.3821E-02 8.2609E-05 5.0981E-03 0.0000E+00 4.0289E-04 0.0000E+00 2.0719E-03 2.1458E-04 0.0000E+00 0.0000E+00 2.9966E-03 4.7202E-03 0.0000E+00 9.7690E-04 1.6824E-03 7.3947E-03 1.1533E-02 4.8235E-03 6.2248E-03 3.3246E-04 0
 0 2.5798E-02 6.1471E-04 2.2470E-03 1.3506E-02 6.0079E-05 5.6108E-03 0.0000E+00 4.8158E-04 0.0000E+00 3.6154E-04 0.0000E+00 0.0000E+00 0.0000E+00 2.2330E-03 5.6077E-03 0.0000E+00 2.2794E-03 2.1610E-03 8.7355E-03 1.2395E-02 5.3406E-03 6.5923E-03 4.3082E-04 0
 0 2.7262E-02 8.9690E-04 3.0309E-03 1.4033E-02 3.2793E-04 6.4937E-03 9.8319E-05 2.7699E-04 9.3719E-05 1.8077E-03 9.1961E-05 0.0000E+00 0.0000E+00 1.1477E-03 4.3984E-03 0.0000E+00 2.9259E-03 2.8907E-03 1.0608E-02 1.0447E-02 6.6311E-03 8.0757E-03 7.0346E-04 0
 0 2.9540E-02 1.0632E-03 3.5415E-03 1.5289E-02 2.4532E-04 6.9921E-03 0.0000E+00 4.4066E-04 0.0000E+00 1.4183E-03 9.1961E-05 0.0000E+00 0.0000E+00 2.7180E-03 4.1448E-03 0.0000E+00 1.9538E-03 2.2586E-03 1.1176E-02 1.2770E-02 5.9518E-03 9.0987E-03 1.0727E-03 0
 0 3.1319E-02 1.4604E-03 3.6147E-03 1.5576E-02 2.6285E-04 7.0946E-03 4.6087E-05 8.1522E-04 4.1689E-04 1.6652E-03 3.4485E-05 0.0000E+00 0.0000E+00 2.2042E-03 4.9250E-04 0.0000E+00 2.3961E-03 2.4817E-03 1.0947E-02 1.2800E-02 6.9061E-03 1.0057E-02 1.7221E-03 0
 0 3.3034E-02 2.1488E-03 4.2671E-03 1.4775E-02 1.0664E-03 8.0886E-03 0.0000E+00 1.9137E-03 4.3305E-04 1.7521E-03 0.0000E+00 0.0000E+00 0.0000E+00 2.1802E-03 1.0679E-03 0.0000E+00 1.6573E-03 4.0897E-03 1.1748E-02 1.4402E-02 6.7110E-03 1.1424E-02 2.5538E-03 0
 0 3.4644E-02 3.2847E-03 5.0629E-03 1.5306E-02 1.4244E-03 9.1709E-03 2.5809E-04 1.5675E-03 1.0018E-04 1.2410E-03 5.3644E-05 0.0000E+00 0.0000E+00 5.0615E-03 3.6084E-03 0.0000E+00 9.1372E-04 3.1788E-03 1.2848E-02 1.3116E-02 8.0979E-03 1.2508E-02 3.7663E-03 0
 0 3.6907E-02 4.0504E-03 5.8782E-03 1.5956E-02 1.5571E-03 8.5899E-03 1.5055E-04 1.1898E-03 2.5854E-05 1.0081E-03 9.5793E-05 0.0000E+00 0.0000E+00 5.1720E-03 1.6726E-03 0.0000E+00 1.2539E-03 6.4181E-03 1.5558E-02 1.0936E-02 8.6738E-03 1.4520E-02 5.0680E-03 0
 0 3.8621E-02 5.3877E-03 7.4892E-03 1.5718E-02 2.4182E-03 8.7807E-03 4.5780E-04 3.0185E-03 9.0487E-05 1.1124E-03 1.8009E-04 0.0000E+00 0.0000E+00 6.9296E-03 5.8027E-04 0.0000E+00 2.0948E-03 6.2694E-03 1.5202E-02 1.5809E-02 9.1674E-03 1.6319E-02 7.0432E-03 0
 0 4.0457E-02 6.7070E-03 8.2133E-03 1.5676E-02 4.0178E-03 9.7462E-03 1.1061E-04 2.4834E-03 4.1042E-04 2.9792E-03 4.9812E-04 2.5352E-04 0.0000E+00 4.0194E-03 9.3137E-04 0.0000E+00 3.4022E-03 7.6729E-03 1.8203E-02 1.6070E-02 9.7833E-03 1.8050E-02 9.6764E-03 0
 0 4.2120E-02 8.4208E-03 9.9139E-03 1.6499E-02 4.3783E-03 1.1757E-02 1.5362E-04 4.5199E-03 4.3305E-04 2.2318E-03 3.4485E-05 0.0000E+00 1.6016E-04 4.8550E-03 5.2078E-03 0.0000E+00 3.8007E-03 9.4993E-03 1.8571E-02 1.4735E-02 9.5905E-03 1.9885E-02 1.2980E-02 0
 0 4.3210E-02 1.0784E-02 1.1410E-02 1.6758E-02 7.2471E-03 1.1566E-02 2.0893E-04 4.4570E-03 1.1699E-03 2.7080E-03 7.0887E-04 2.5352E-05 4.2558E-04 6.5790E-03 1.8335E-03 0.0000E+00 1.1810E-03 1.1340E-02 2.1465E-02 1.9699E-02 1.0550E-02 2.1394E-02 1.6681E-02 0
 0 4.5072E-02 1.3852E-02 1.2827E-02 1.6853E-02 7.7127E-03 1.3073E-02 8.1113E-04 4.7812E-03 1.8550E-03 1.1298E-03 1.6476E-04 3.1268E-04 2.5626E-04 5.8106E-03 2.6039E-03 0.0000E+00 2.4495E-03 1.4216E-02 2.0811E-02 1.7793E-02 1.0747E-02 2.3009E-02 2.1051E-02 0
 0 4.5787E-02 1.6536E-02 1.4654E-02 1.6884E-02 1.0481E-02 1.3477E-02 1.9664E-03 6.5627E-03 1.9519E-03 1.8077E-03 7.0887E-04 9.1268E-04 6.6354E-04 4.8118E-03 3.7986E-03 0.0000E+00 2.8870E-03 1.8478E-02 2.3333E-02 1.8217E-02 1.2132E-02 2.4455E-02 2.5742E-02 0
 0 4.6671E-02 1.9256E-02 1.5904E-02 1.6747E-02 1.3413E-02 1.3150E-02 1.7175E-03 6.9845E-03 1.6643E-03 2.7984E-03 8.6597E-04 7.0986E-04 1.4644E-04 7.3185E-03 3.0769E-03 0.0000E+00 4.5832E-03 1.7400E-02 2.4359E-02 2.0518E-02 1.3121E-02 2.6221E-02 3.1172E-02 0
 0 4.7482E-02 2.2899E-02 1.7418E-02 1.7172E-02 1.6116E-02 1.4184E-02 1.8066E-03 8.2782E-03 3.9750E-03 2.3430E-03 1.5250E-03 1.2380E-03 1.3637E-03 6.3821E-03 1.5555E-03 0.0000E+00 5.1373E-03 1.8213E-02 2.2613E-02 1.7894E-02 1.2693E-02 2.8496E-02 3.7225E-02 0
 0 4.8686E-02 2.7327E-02 1.9071E-02 1.7870E-02 1.9371E-02 1.6909E-02 2.8113E-03 8.4450E-03 3.0733E-03 1.4044E-03 3.7053E-03 2.8648E-03 2.8875E-03 7.1360E-03 2.7307E-03 0.0000E+00 5.5066E-03 2.2414E-02 2.7012E-02 1.8289E-02 1.3601E-02 3.0767E-02 4.2729E-02 0
 0 4.8933E-02 3.0343E-02 2.0762E-02 1.8049E-02 2.3749E-02 1.7479E-02 2.9434E-03 9.7575E-03 2.5401E-03 2.1588E-03 3.3259E-03 9.7184E-04 1.7664E-03 9.0569E-03 2.0724E-03 0.0000E+00 6.3912E-03 2.4078E-02 2.7981E-02 1.9216E-02 1.4705E-02 3.2279E-02 4.9118E-02 0
 0 4.9219E-02 3.3695E-02 2.2900E-02 1.7947E-02 2.6835E-02 1.7131E-02 3.8559E-03 9.5309E-03 4.3272E-03 3.1773E-03 2.6630E-03 3.4099E-03 2.3064E-03 9.3691E-03 4.7787E-04 0.0000E+00 5.8906E-03 2.5036E-02 2.9436E-02 2.0267E-02 1.4564E-02 3.4145E-02 5.4677E-02 0
 0 4.9060E-02 3.8254E-02 2.4503E-02 1.8557E-02 3.0525E-02 1.9968E-02 5.9452E-03 1.1190E-02 4.6989E-03 4.4288E-03 3.8585E-03 2.3197E-03 2.3475E-03 7.7939E-03 1.0581E-03 0.0000E+00 8.5248E-03 2.5333E-02 2.8238E-02 2.0296E-02 1.5251E-02 3.5708E-02 5.9960E-02 0
 0 4.9008E-02 4.1799E-02 2.6603E-02 1.8445E-02 3.4803E-02 2.0350E-02 6.0312E-03 1.4070E-02 3.7164E-03 3.2017E-03 4.3183E-03 4.4493E-03 1.5467E-03 1.1761E-02 3.5109E-04 0.0000E+00 6.3280E-03 2.9822E-02 2.7490E-02 2.1317E-02 1.6215E-02 3.7089E-02 6.4921E-02 0
 0 4.8893E-02 4.5309E-02 2.8719E-02 1.8852E-02 3.7199E-02 2.1418E-02 7.1158E-03 1.3535E-02 5.7750E-03 2.5829E-03 4.5981E-03 1.3690E-03 3.2765E-03 1.1650E-02 1.4678E-03 0.0000E+00 6.7557E-03 3.2485E-02 3.0630E-02 2.1849E-02 1.6179E-02 3.9221E-02 6.9743E-02 0
 0 4.8020E-02 4.8645E-02 3.1061E-02 1.8819E-02 4.0068E-02 1.9324E-02 8.5015E-03 1.5282E-02 7.9758E-03 3.2886E-03 3.9620E-03 2.3620E-03 6.6308E-03 1.1568E-02 1.7213E-03 0.0000E+00 6.5224E-03 3.1221E-02 3.4178E-02 2.4627E-02 1.7644E-02 3.8958E-02 7.2312E-02 0
 0 4.8485E-02 5.2838E-02 3.2344E-02 2.0214E-02 4.5415E-02 2.1130E-02 7.9362E-03 1.6604E-02 7.3392E-03 3.1982E-03 6.1499E-03 3.6296E-03 6.1869E-03 1.1588E-02 1.4629E-03 0.0000E+00 5.3365E-03 3.8657E-02 3.3197E-02 2.4339E-02 1.6986E-02 4.2557E-02 7.6524E-02 0
 0 4.7300E-02 5.5896E-02 3.3804E-02 1.9932E-02 4.6667E-02 2.2845E-02 9.9486E-03 1.7032E-02 1.0325E-02 2.9862E-03 6.7208E-03 5.7169E-03 8.5756E-03 1.1977E-02 2.6381E-03 0.0000E+00 9.6718E-03 3.4804E-02 3.5784E-02 2.4294E-02 1.7564E-02 4.3325E-02 7.7736E-02 0
 0 4.7050E-02 5.8366E-02 3.5356E-02 1.9832E-02 5.0387E-02 2.4508E-02 1.1691E-02 1.9754E-02 9.9601E-03 2.9340E-03 6.5063E-03 5.8226E-03 9.6647E-03 1.1520E-02 2.8770E-03 0.0000E+00 6.7411E-03 4.5201E-02 3.9132E-02 2.4780E-02 1.7397E-02 4.3016E-02 7.9608E-02 0
 0 4.6100E-02 5.9952E-02 3.7286E-02 2.0229E-02 5.4735E-02 2.3269E-02 1.7448E-02 2.1007E-02 9.8211E-03 4.4810E-03 8.0696E-03 6.5789E-03 9.0515E-03 1.1842E-02 5.2664E-04 0.0000E+00 8.2429E-03 4.1822E-02 4.0076E-02 2.3409E-02 1.9567E-02 4.4795E-02 8.1136E-02 0
 0 4.5389E-02 6.1057E-02 3.9042E-02 2.0633E-02 5.5278E-02 2.3315E-02 1.6502E-02 1.9531E-02 1.1902E-02 6.4486E-03 8.8321E-03 6.4648E-03 1.1774E-02 1.2106E-02 1.4580E-03 0.0000E+00 7.8687E-03 4.3272E-02 3.9394E-02 2.3151E-02 1.9738E-02 4.5499E-02 8.0792E-02 0
 0 4.4777E-02 6.4170E-02 3.8676E-02 2.0615E-02 5.7211E-02 2.4747E-02 1.8969E-02 2.0894E-02 1.3360E-02 7.8148E-03 8.2650E-03 8.9789E-03 1.1536E-02 1.3446E-02 1.4921E-03 0.0000E+00 8.5734E-03 4.6386E-02 4.0624E-02 2.6056E-02 1.9985E-02 4.7236E-02 8.0880E-02 0
 0 4.4188E-02 6.5530E-02 3.9169E-02 2.1207E-02 5.9283E-02 2.4724E-02 1.9820E-02 2.0909E-02 1.4187E-02 5.4752E-03 1.0813E-02 6.9296E-03 1.7536E-02 1.0642E-02 6.3879E-04 0.0000E+00 8.1749E-03 4.7287E-02 3.9991E-02 2.4849E-02 1.9306E-02 4.8415E-02 7.9702E-02 0
 0 4.3444E-02 6.6130E-02 4.2150E-02 2.0214E-02 5.9641E-02 2.4912E-02 2.0828E-02 2.4246E-02 1.5706E-02 6.5911E-03 1.1403E-02 9.6888E-03 1.7092E-02 1.6087E-02 1.8335E-03 0.0000E+00 1.1038E-02 5.2418E-02 4.2897E-02 2.6405E-02 2.0779E-02 4.8295E-02 7.8796E-02 0
 0 4.2190E-02 6.7660E-02 4.3343E-02 2.1660E-02 6.0420E-02 2.3725E-02 2.2073E-02 2.4583E-02 1.4604E-02 5.5760E-03 1.1821E-02 1.2672E-02 1.9384E-02 1.4656E-02 5.6077E-04 0.0000E+00 8.0048E-03 5.0499E-02 4.2361E-02 2.7277E-02 2.0490E-02 4.9446E-02 7.6668E-02 0
 0 4.1299E-02 6.7970E-02 4.4972E-02 2.1717E-02 5.8660E-02 2.8361E-02 2.5609E-02 2.3925E-02 1.5480E-02 7.0187E-03 1.1978E-02 1.2672E-02 2.4089E-02 1.6510E-02 8.3872E-04 0.0000E+00 9.3559E-03 5.3050E-02 4.5505E-02 2.5371E-02 2.1877E-02 5.0821E-02 7.4380E-02 0
 0 4.0550E-02 6.8387E-02 4.5243E-02 2.1754E-02 6.1964E-02 2.7903E-02 2.6884E-02 2.4718E-02 1.7538E-02 7.1994E-03 1.3741E-02 1.4172E-02 2.6633E-02 1.5545E-02 2.1943E-04 0.0000E+00 1.0518E-02 5.1930E-02 4.3056E-02 2.6976E-02 2.1233E-02 5.0025E-02 7.2401E-02 0
 0 3.9235E-02 6.9346E-02 4.6179E-02 2.2252E-02 6.1188E-02 2.6553E-02 3.0233E-02 2.7453E-02 1.9251E-02 8.4579E-03 1.7216E-02 1.8203E-02 2.5082E-02 1.6159E-02 1.0630E-03 0.0000E+00 1.2486E-02 5.1763E-02 4.6649E-02 2.6157E-02 2.1616E-02 5.0992E-02 7.1126E-02 0
 0 3.8624E-02 6.8914E-02 4.7061E-02 2.2191E-02 5.9038E-02 2.7655E-02 2.5793E-02 2.8363E-02 2.1795E-02 9.1636E-03 1.6300E-02 1.6745E-02 2.7466E-02 1.9939E-02 1.1020E-03 0.0000E+00 1.7623E-02 5.6596E-02 4.5219E-02 2.8086E-02 2.1581E-02 5.0061E-02 6.7236E-02 0
 0 3.7806E-02 6.7185E-02 4.6322E-02 2.1979E-02 5.9629E-02 2.8356E-02 2.7950E-02 2.6308E-02 2.2725E-02 1.1235E-02 1.8641E-02 1.7362E-02 2.9191E-02 1.7739E-02 2.2382E-03 0.0000E+00 1.1159E-02 5.5374E-02 4.6327E-02 2.6660E-02 2.2893E-02 5.0914E-02 6.6193E-02 0
 0 3.6755E-02 6.6542E-02 4.7463E-02 2.3366E-02 5.7829E-02 2.6513E-02 3.0746E-02 2.8464E-02 2.2754E-02 1.0154E-02 1.6906E-02 2.0130E-02 3.2477E-02 2.3074E-02 2.4869E-04 0.0000E+00 1.4114E-02 5.6907E-02 4.6833E-02 3.0328E-02 2.1604E-02 5.1673E-02 6.3195E-02 0
 0 3.5836E-02 6.6890E-02 4.9511E-02 2.3338E-02 5.8928E-02 2.7587E-02 3.3797E-02 3.0626E-02 2.4667E-02 1.2021E-02 1.9641E-02 2.0692E-02 3.6664E-02 1.8762E-02 4.6324E-04 0.0000E+00 1.4785E-02 5.6117E-02 5.0774E-02 2.7936E-02 2.3034E-02 5.1745E-02 5.9693E-02 0
 0 3.5131E-02 6.6252E-02 4.9292E-02 2.3816E-02 5.7674E-02 2.8134E-02 3.4731E-02 2.7759E-02 2.5947E-02 1.3930E-02 2.1925E-02 2.5513E-02 3.6833E-02 1.9905E-02 4.0961E-04 0.0000E+00 1.4182E-02 5.7744E-02 5.2413E-02 2.7812E-02 2.3029E-02 5.2500E-02 5.7570E-02 0
 0 3.4058E-02 6.5093E-02 4.9344E-02 2.3970E-02 5.6510E-02 2.7595E-02 3.5370E-02 2.9191E-02 2.7579E-02 1.3335E-02 2.1929E-02 2.5910E-02 3.9451E-02 1.8066E-02 2.6332E-04 0.0000E+00 1.4221E-02 5.7084E-02 5.2037E-02 2.7675E-02 2.3024E-02 5.1637E-02 5.5105E-02 0
 0 3.3107E-02 6.3749E-02 5.0364E-02 2.3720E-02 5.4106E-02 2.8820E-02 3.9072E-02 3.1894E-02 2.7721E-02 1.2365E-02 2.4385E-02 2.9290E-02 4.3771E-02 2.2407E-02 2.3406E-04 0.0000E+00 1.2097E-02 5.9338E-02 5.0950E-02 2.8513E-02 2.3906E-02 5.2617E-02 5.2943E-02 0
 0 3.2089E-02 6.2638E-02 5.0588E-02 2.4025E-02 5.2514E-02 2.9501E-02 3.6599E-02 2.9622E-02 3.0497E-02 1.4169E-02 2.8205E-02 2.9869E-02 3.6005E-02 2.4779E-02 3.7060E-04 0.0000E+00 1.1266E-02 5.4616E-02 5.3419E-02 2.8605E-02 2.4801E-02 5.2422E-02 5.0521E-02 0
 0 3.1429E-02 6.1493E-02 5.1000E-02 2.4293E-02 5.2414E-02 2.9845E-02 3.7788E-02 3.2105E-02 2.8361E-02 1.6318E-02 2.8316E-02 3.0545E-02 4.0132E-02 2.5211E-02 5.6565E-04 0.0000E+00 1.4658E-02 6.3200E-02 5.5275E-02 2.9587E-02 2.4376E-02 5.2851E-02 4.8472E-02 0
 0 3.0968E-02 6.0429E-02 5.1388E-02 2.5540E-02 4.9245E-02 2.9717E-02 4.1435E-02 3.2785E-02 3.1861E-02 1.5584E-02 2.6623E-02 3.3334E-02 4.5185E-02 2.4357E-02 2.5844E-04 0.0000E+00 1.6753E-02 5.7089E-02 5.3206E-02 2.9741E-02 2.4540E-02 5.2506E-02 4.6630E-02 0
 0 2.9772E-02 5.9125E-02 5.0314E-02 2.5800E-02 4.9618E-02 2.9563E-02 4.1521E-02 3.3405E-02 3.3328E-02 1.8800E-02 3.0125E-02 3.5933E-02 4.5175E-02 2.8088E-02 1.3166E-04 0.0000E+00 1.4163E-02 5.8962E-02 5.7576E-02 2.8517E-02 2.4768E-02 5.2897E-02 4.4234E-02 0
 0 2.9332E-02 5.8451E-02 5.1515E-02 2.4891E-02 4.6814E-02 3.0483E-02 4.1073E-02 3.3597E-02 3.2750E-02 2.0667E-02 3.0133E-02 3.6883E-02 5.1074E-02 2.5015E-02 6.8268E-04 0.0000E+00 1.3497E-02 5.8543E-02 5.4698E-02 3.0282E-02 2.5039E-02 5.2456E-02 4.1812E-02 0
 0 2.8678E-02 5.7067E-02 5.0032E-02 2.5821E-02 4.6937E-02 3.0318E-02 4.2228E-02 3.4261E-02 3.5080E-02 1.8379E-02 3.5899E-02 3.7141E-02 4.6452E-02 2.6748E-02 5.5102E-04 0.0000E+00 1.5169E-02 6.0068E-02 5.4106E-02 3.1983E-02 2.5497E-02 5.1241E-02 4.0036E-02 0
 0 2.7783E-02 5.5085E-02 5.0694E-02 2.5518E-02 4.5125E-02 3.0438E-02 4.1349E-02 3.4935E-02 3.4828E-02 2.2422E-02 3.3397E-02 4.0754E-02 4.5253E-02 2.8515E-02 6.5342E-04 0.0000E+00 1.6146E-02 5.6842E-02 5.6386E-02 3.1222E-02 2.6369E-02 5.2924E-02 3.8932E-02 0
 0 2.7364E-02 5.3520E-02 5.1285E-02 2.6191E-02 4.3257E-02 3.0913E-02 4.1533E-02 3.4948E-02 3.6699E-02 2.0653E-02 3.2420E-02 4.0276E-02 5.3513E-02 2.9351E-02 1.6774E-03 0.0000E+00 1.7268E-02 5.6215E-02 5.4768E-02 3.1000E-02 2.5655E-02 5.2087E-02 3.6968E-02 0
 0 2.6550E-02 5.3132E-02 4.9892E-02 2.6290E-02 4.3012E-02 3.2511E-02 4.5617E-02 3.2326E-02 3.7410E-02 2.4317E-02 3.2585E-02 4.4062E-02 5.4977E-02 2.6263E-02 2.4674E-03 0.0000E+00 1.6831E-02 6.0230E-02 5.6632E-02 3.0511E-02 2.6144E-02 5.2314E-02 3.5394E-02 0
 0 2.5861E-02 5.1389E-02 5.0746E-02 2.7854E-02 4.1405E-02 3.0745E-02 4.3881E-02 3.3818E-02 4.0131E-02 2.5332E-02 3.8781E-02 4.8376E-02 5.3618E-02 2.6993E-02 7.4607E-04 0.0000E+00 1.7652E-02 5.5276E-02 5.3427E-02 2.9156E-02 2.5878E-02 5.2782E-02 3.3541E-02 0
 0 2.5154E-02 5.0218E-02 5.0558E-02 2.7297E-02 3.9818E-02 3.0518E-02 4.4658E-02 3.4038E-02 3.8509E-02 2.3622E-02 3.6627E-02 4.9078E-02 5.5041E-02 2.5384E-02 1.8432E-03 0.0000E+00 1.5412E-02 5.2367E-02 5.8471E-02 3.1376E-02 2.7211E-02 5.2426E-02 3.2566E-02 0
 0 2.4597E-02 4.9111E-02 5.1067E-02 2.7716E-02 3.9625E-02 3.1771E-02 4.4274E-02 3.3833E-02 3.8664E-02 2.5937E-02 3.9647E-02 4.7810E-02 5.6954E-02 2.9284E-02 3.4085E-03 0.0000E+00 1.7424E-02 5.5090E-02 5.6276E-02 3.0873E-02 2.7993E-02 5.1631E-02 3.1005E-02 0
 0 2.3948E-02 4.7529E-02 5.0716E-02 2.8669E-02 3.7878E-02 3.0686E-02 4.3389E-02 3.7192E-02 3.9843E-02 2.6750E-02 3.7497E-02 5.2737E-02 5.3426E-02 3.2016E-02 3.1696E-03 0.0000E+00 1.7225E-02 5.3822E-02 5.6922E-02 2.9780E-02 2.7617E-02 5.2077E-02 2.9558E-02 0
 0 2.3482E-02 4.6501E-02 4.9498E-02 2.8293E-02 3.6366E-02 3.2255E-02 4.6108E-02 3.4775E-02 3.8286E-02 3.0439E-02 3.8467E-02 5.3489E-02 6.1032E-02 3.1483E-02 4.6666E-03 0.0000E+00 1.6296E-02 5.4059E-02 5.6542E-02 3.3696E-02 2.7342E-02 5.1526E-02 2.8680E-02 0
 0 2.3070E-02 4.6004E-02 5.0341E-02 2.8667E-02 3.5640E-02 3.1494E-02 4.4425E-02 3.5454E-02 4.0690E-02 3.1242E-02 4.1252E-02 5.6290E-02 5.0863E-02 3.3687E-02 3.6328E-03 0.0000E+00 1.7973E-02 5.2748E-02 5.6848E-02 3.1862E-02 2.7831E-02 5.0848E-02 2.8081E-02 0
 0 2.2467E-02 4.4476E-02 5.0301E-02 2.9574E-02 3.4621E-02 3.1870E-02 4.7479E-02 3.4261E-02 4.3324E-02 3.0734E-02 4.1402E-02 5.9409E-02 5.6588E-02 3.1747E-02 2.9111E-03 0.0000E+00 1.7220E-02 5.3027E-02 5.6346E-02 3.2730E-02 2.8196E-02 5.0463E-02 2.6687E-02 0
 0 2.1811E-02 4.3619E-02 4.9935E-02 2.9847E-02 3.4378E-02 3.2725E-02 4.4864E-02 3.4652E-02 3.9995E-02 3.0877E-02 4.2302E-02 5.7271E-02 5.7975E-02 2.8443E-02 2.0870E-03 0.0000E+00 1.6520E-02 5.3125E-02 5.6145E-02 3.2286E-02 2.7827E-02 5.1058E-02 2.5916E-02 0
 0 2.1359E-02 4.3319E-02 4.8987E-02 2.9670E-02 3.2611E-02 3.1466E-02 4.3276E-02 3.4583E-02 4.0125E-02 3.2517E-02 4.0049E-02 6.0676E-02 5.9389E-02 3.1406E-02 2.7648E-03 0.0000E+00 1.8381E-02 5.3101E-02 5.5283E-02 3.3415E-02 2.8854E-02 5.1282E-02 2.4994E-02 0
 0 2.1080E-02 4.2229E-02 4.9489E-02 2.9822E-02 3.1980E-02 3.0876E-02 4.3899E-02 3.3736E-02 4.2005E-02 3.2142E-02 4.3015E-02 6.2159E-02 5.6762E-02 3.1233E-02 3.6669E-03 7.3403E-05 1.7536E-02 4.9551E-02 5.7314E-02 3.3461E-02 2.8581E-02 5.1102E-02 2.4384E-02 0
 0 2.0590E-02 4.1295E-02 4.8762E-02 3.0225E-02 3.1023E-02 3.1876E-02 4.6425E-02 3.4312E-02 4.1404E-02 3.4228E-02 4.5042E-02 6.3393E-02 5.8748E-02 3.2338E-02 4.7105E-03 0.0000E+00 1.6583E-02 5.1456E-02 5.7891E-02 3.1793E-02 2.8285E-02 4.9821E-02 2.3896E-02 0
 0 2.0031E-02 4.0800E-02 4.8609E-02 3.0743E-02 3.0092E-02 3.2437E-02 4.3027E-02 3.5908E-02 4.1110E-02 3.6863E-02 4.5437E-02 6.3140E-02 5.4785E-02 3.4547E-02 4.0327E-03 0.0000E+00 1.8226E-02 5.0903E-02 5.6554E-02 3.2834E-02 2.9759E-02 4.9689E-02 2.2810E-02 0
 0 1.9498E-02 3.9338E-02 4.9490E-02 3.0685E-02 3.0423E-02 3.2212E-02 4.3733E-02 3.5114E-02 4.1265E-02 3.8024E-02 4.5931E-02 6.3005E-02 5.8190E-02 3.5325E-02 4.3740E-03 8.3190E-05 1.8031E-02 5.0462E-02 5.4854E-02 3.3500E-02 2.9850E-02 4.8175E-02 2.2415E-02 0
 0 1.9490E-02 3.9144E-02 4.7685E-02 3.1970E-02 2.9086E-02 3.1699E-02 4.1739E-02 3.5401E-02 4.1702E-02 3.7113E-02 4.7670E-02 6.2962E-02 6.0862E-02 3.3053E-02 2.7356E-03 4.8935E-06 1.8061E-02 4.7603E-02 5.5826E-02 3.3882E-02 2.9714E-02 4.9558E-02 2.1283E-02 0
 0 1.8920E-02 3.8029E-02 4.8161E-02 3.2159E-02 2.8475E-02 3.2175E-02 4.4010E-02 3.5939E-02 4.0435E-02 3.9383E-02 4.7762E-02 6.3258E-02 5.1921E-02 3.2444E-02 4.3594E-03 1.8106E-04 2.1511E-02 4.9016E-02 5.4706E-02 3.2782E-02 2.9662E-02 4.9120E-02 2.0872E-02 0
 0 1.8635E-02 3.7434E-02 4.8133E-02 3.2100E-02 2.8270E-02 3.2525E-02 4.3196E-02 3.5442E-02 4.1957E-02 3.8705E-02 4.8870E-02 6.2869E-02 5.7320E-02 3.1872E-02 3.5207E-03 4.9914E-04 1.8683E-02 4.8203E-02 5.6113E-02 3.3144E-02 2.9778E-02 4.9374E-02 2.0274E-02 0
 0 1.8162E-02 3.6932E-02 4.7781E-02 3.2364E-02 2.7431E-02 3.2628E-02 4.2999E-02 3.3969E-02 4.0726E-02 4.0927E-02 4.8923E-02 6.6444E-02 5.7929E-02 3.4840E-02 4.3838E-03 0.0000E+00 2.0014E-02 4.5828E-02 5.7756E-02 3.5021E-02 2.9761E-02 4.9348E-02 2.0124E-02 0
 0 1.7682E-02 3.5765E-02 4.8147E-02 3.3373E-02 2.6951E-02 3.2867E-02 4.6336E-02 3.4079E-02 4.1530E-02 4.1785E-02 5.0035E-02 6.4057E-02 5.5655E-02 3.2227E-02 5.2469E-03 2.4957E-04 1.8916E-02 4.6386E-02 5.8561E-02 3.4218E-02 3.0433E-02 4.9042E-02 1.9508E-02 0
 0 1.7391E-02 3.5528E-02 4.6991E-02 3.2574E-02 2.5574E-02 3.2221E-02 4.3312E-02 3.5269E-02 4.0474E-02 4.3979E-02 4.8023E-02 6.6605E-02 5.5687E-02 3.2640E-02 4.3838E-03 1.2723E-04 2.1506E-02 4.5243E-02 5.5647E-02 3.3412E-02 3.0165E-02 4.8022E-02 1.9491E-02 0
 0 1.7071E-02 3.5503E-02 4.6022E-02 3.3084E-02 2.5689E-02 3.3007E-02 4.1847E-02 3.3490E-02 3.9420E-02 4.3805E-02 4.9023E-02 6.3647E-02 5.5902E-02 3.3634E-02 5.8954E-03 3.7191E-04 1.9441E-02 4.7520E-02 5.6452E-02 3.4646E-02 2.9994E-02 4.8537E-02 1.8723E-02 0
 0 1.6626E-02 3.4932E-02 4.6848E-02 3.3623E-02 2.5759E-02 3.3041E-02 4.0381E-02 3.5920E-02 4.1589E-02 4.5526E-02 4.6463E-02 6.4492E-02 5.5430E-02 3.6031E-02 6.4610E-03 1.0276E-04 2.1157E-02 4.5363E-02 5.4257E-02 3.4071E-02 3.0911E-02 4.8840E-02 1.8709E-02 0
 0 1.6524E-02 3.3985E-02 4.6026E-02 3.4406E-02 2.4793E-02 3.3317E-02 4.1549E-02 3.4784E-02 4.0832E-02 4.3301E-02 4.9931E-02 6.8265E-02 5.3682E-02 3.3740E-02 7.2510E-03 2.1042E-04 1.9353E-02 4.3788E-02 5.6476E-02 3.4806E-02 3.1425E-02 4.8330E-02 1.8351E-02 0
 0 1.6250E-02 3.3183E-02 4.6800E-02 3.4928E-02 2.4187E-02 3.2830E-02 4.1466E-02 3.4595E-02 3.8997E-02 4.5592E-02 4.8808E-02 6.9157E-02 5.2520E-02 3.5843E-02 6.4025E-03 3.9638E-04 1.9660E-02 4.5452E-02 5.6726E-02 3.2971E-02 3.2178E-02 4.8273E-02 1.7538E-02 0
 0 1.6171E-02 3.3135E-02 4.6135E-02 3.5431E-02 2.4029E-02 3.2622E-02 4.0329E-02 3.4126E-02 3.9811E-02 4.6749E-02 4.7379E-02 6.6681E-02 5.2616E-02 3.8163E-02 7.5094E-03 1.7617E-04 1.9383E-02 4.3351E-02 5.4719E-02 3.4665E-02 3.1726E-02 4.8297E-02 1.7425E-02 0
 0 1.5630E-02 3.3362E-02 4.6276E-02 3.5579E-02 2.3729E-02 3.1614E-02 4.1724E-02 3.4998E-02 4.0894E-02 4.9082E-02 4.9770E-02 6.6782E-02 5.3124E-02 3.5195E-02 7.0364E-03 8.3190E-05 2.2877E-02 4.2301E-02 5.6235E-02 3.4903E-02 3.2208E-02 4.7992E-02 1.7324E-02 0
 0 1.5544E-02 3.2015E-02 4.5920E-02 3.5727E-02 2.4029E-02 3.3012E-02 3.8587E-02 3.6109E-02 4.0199E-02 4.9266E-02 5.2970E-02 6.1897E-02 5.1861E-02 3.6958E-02 9.5575E-03 2.6914E-04 1.8571E-02 4.2789E-02 5.6215E-02 3.4489E-02 3.1261E-02 4.8084E-02 1.6903E-02 0
 0 1.5155E-02 3.1850E-02 4.5174E-02 3.5756E-02 2.3388E-02 3.3061E-02 4.0581E-02 3.5543E-02 4.1918E-02 4.7914E-02 5.2042E-02 6.1914E-02 4.9065E-02 3.6770E-02 9.2844E-03 7.8786E-04 2.2396E-02 4.3002E-02 5.3165E-02 3.4662E-02 3.3148E-02 4.7772E-02 1.7085E-02 0
 0 1.4899E-02 3.1572E-02 4.5646E-02 3.7143E-02 2.3198E-02 3.2386E-02 3.8836E-02 3.5524E-02 3.8376E-02 4.8995E-02 4.9349E-02 6.2083E-02 5.2305E-02 3.7198E-02 7.3485E-03 5.6765E-04 2.1438E-02 4.3198E-02 5.3660E-02 3.6232E-02 3.2514E-02 4.8175E-02 1.6869E-02 0
 0 1.4626E-02 3.1298E-02 4.5128E-02 3.6592E-02 2.2132E-02 3.2682E-02 4.0738E-02 3.5719E-02 4.0758E-02 5.1091E-02 4.8897E-02 6.1805E-02 4.9532E-02 3.4585E-02 9.7330E-03 8.1233E-04 2.3042E-02 4.0604E-02 5.6550E-02 3.4649E-02 3.2702E-02 4.7602E-02 1.6399E-02 0
 0 1.4435E-02 3.0610E-02 4.5278E-02 3.6803E-02 2.3168E-02 3.2776E-02 3.8845E-02 3.5801E-02 4.0338E-02 5.0514E-02 5.4046E-02 6.0651E-02 4.9129E-02 3.5719E-02 1.0147E-02 5.7744E-04 2.2853E-02 4.0558E-02 5.4796E-02 3.5439E-02 3.3583E-02 4.7550E-02 1.6454E-02 0
 0 1.4253E-02 3.0157E-02 4.6111E-02 3.6756E-02 2.3123E-02 3.2628E-02 3.9684E-02 3.3563E-02 3.8690E-02 5.3396E-02 4.9885E-02 6.0697E-02 5.1866E-02 3.7467E-02 1.1693E-02 2.9851E-04 2.0928E-02 4.0107E-02 5.2769E-02 3.5912E-02 3.3172E-02 4.7124E-02 1.6200E-02 0
 0 1.4052E-02 3.0425E-02 4.5220E-02 3.7940E-02 2.2562E-02 3.3411E-02 3.7613E-02 3.5637E-02 4.0367E-02 5.3118E-02 4.9506E-02 6.1319E-02 4.9440E-02 3.7688E-02 1.2361E-02 5.2850E-04 2.3149E-02 3.8908E-02 5.2266E-02 3.5621E-02 3.3273E-02 4.6440E-02 1.6192E-02 0
 0 1.3780E-02 3.0053E-02 4.4759E-02 3.8377E-02 2.2968E-02 3.3320E-02 3.8092E-02 3.3692E-02 3.9614E-02 5.2225E-02 5.1104E-02 6.1200E-02 5.0099E-02 3.6487E-02 1.4453E-02 7.1935E-04 2.0432E-02 3.7393E-02 5.3570E-02 3.6059E-02 3.3536E-02 4.6666E-02 1.6094E-02 0
 0 1.3648E-02 2.9978E-02 4.5005E-02 3.8906E-02 2.2505E-02 3.2403E-02 3.8203E-02 3.6550E-02 3.9562E-02 5.2972E-02 4.8084E-02 5.9345E-02 4.7010E-02 3.2674E-02 1.1245E-02 1.1108E-03 2.2143E-02 4.0353E-02 5.1023E-02 3.6702E-02 3.4867E-02 4.6894E-02 1.5996E-02 0
 0 1.3359E-02 2.9667E-02 4.4560E-02 3.9170E-02 2.2357E-02 3.3773E-02 3.8049E-02 3.6103E-02 3.8502E-02 5.3191E-02 5.2261E-02 5.6100E-02 4.8447E-02 3.7990E-02 1.2591E-02 1.1598E-03 2.1681E-02 4.0186E-02 5.1935E-02 3.6085E-02 3.4601E-02 4.6663E-02 1.5856E-02 0
 0 1.3192E-02 2.9889E-02 4.5193E-02 3.9119E-02 2.2657E-02 3.4875E-02 3.7705E-02 3.5228E-02 3.8903E-02 5.3938E-02 5.0318E-02 5.6240E-02 4.7317E-02 3.5037E-02 1.2039E-02 1.3751E-03 2.2051E-02 3.9271E-02 5.2233E-02 3.7057E-02 3.5024E-02 4.7226E-02 1.5704E-02 0
 0 1.2992E-02 2.9082E-02 4.4677E-02 4.0370E-02 2.2104E-02 3.3969E-02 3.8102E-02 3.5606E-02 3.8489E-02 5.2885E-02 5.1314E-02 5.5821E-02 4.6942E-02 3.7423E-02 1.3878E-02 1.2919E-03 2.3290E-02 3.6543E-02 5.2282E-02 3.6362E-02 3.5419E-02 4.7211E-02 1.5512E-02 0
 0 1.2948E-02 2.9145E-02 4.4363E-02 4.1043E-02 2.2497E-02 3.3240E-02 3.6547E-02 3.4151E-02 3.7478E-02 5.5294E-02 5.1008E-02 5.6675E-02 4.4928E-02 3.6103E-02 1.4985E-02 1.0276E-03 2.6367E-02 3.7291E-02 4.9454E-02 3.6287E-02 3.5518E-02 4.6678E-02 1.5791E-02 0
 0 1.2683E-02 2.9082E-02 4.4130E-02 4.1393E-02 2.1458E-02 3.4058E-02 3.7336E-02 3.4117E-02 3.8360E-02 5.3108E-02 4.9644E-02 5.6768E-02 4.5972E-02 3.7673E-02 1.7803E-02 1.1500E-03 2.4442E-02 3.6612E-02 5.2421E-02 3.7726E-02 3.5492E-02 4.6500E-02 1.5520E-02 0
 0 1.2388E-02 2.8928E-02 4.3981E-02 4.1110E-02 2.2042E-02 3.3938E-02 3.5515E-02 3.3736E-02 3.8115E-02 5.3674E-02 5.1035E-02 5.4566E-02 4.2896E-02 3.6045E-02 1.5775E-02 1.6981E-03 2.4797E-02 3.6175E-02 4.9781E-02 3.6039E-02 3.6359E-02 4.6110E-02 1.5689E-02 0
 0 1.2262E-02 2.8385E-02 4.4102E-02 4.1649E-02 2.1799E-02 3.3462E-02 3.5118E-02 3.4069E-02 3.8683E-02 5.4825E-02 4.9659E-02 5.3996E-02 4.5336E-02 3.5440E-02 1.4224E-02 1.6981E-03 2.2950E-02 3.6045E-02 4.8988E-02 3.7863E-02 3.5701E-02 4.6336E-02 1.5406E-02 0
 0 1.2246E-02 2.8532E-02 4.4230E-02 4.2320E-02 2.2232E-02 3.4123E-02 3.5868E-02 3.5118E-02 3.7846E-02 5.3532E-02 4.8659E-02 5.3962E-02 4.5276E-02 3.9176E-02 1.5424E-02 2.4712E-03 2.3397E-02 3.4865E-02 4.9217E-02 3.7583E-02 3.5882E-02 4.6044E-02 1.5341E-02 0
 0 1.2030E-02 2.8316E-02 4.3705E-02 4.2072E-02 2.2129E-02 3.3462E-02 3.5564E-02 3.3934E-02 3.7278E-02 5.4345E-02 4.7797E-02 5.2031E-02 4.6512E-02 3.7265E-02 1.6189E-02 2.5691E-03 2.2357E-02 3.4572E-02 4.9118E-02 3.7854E-02 3.5844E-02 4.6414E-02 1.5524E-02 0
 0 1.1956E-02 2.8382E-02 4.4720E-02 4.2537E-02 2.1946E-02 3.4664E-02 3.5385E-02 3.4793E-02 3.6825E-02 5.5298E-02 4.9464E-02 5.1807E-02 4.3935E-02 3.4753E-02 1.4429E-02 2.5006E-03 2.2376E-02 3.3392E-02 4.9033E-02 3.6702E-02 3.6757E-02 4.5748E-02 1.5736E-02 0
 0 1.1642E-02 2.8111E-02 4.3736E-02 4.4146E-02 2.2084E-02 3.3813E-02 3.6326E-02 3.5977E-02 3.7387E-02 5.4582E-02 4.9985E-02 5.1013E-02 4.5281E-02 3.7923E-02 1.5770E-02 3.1612E-03 2.2454E-02 3.4382E-02 4.9928E-02 3.7449E-02 3.7436E-02 4.6795E-02 1.5499E-02 0
 0 1.1605E-02 2.8429E-02 4.5044E-02 4.3969E-02 2.1711E-02 3.4482E-02 3.5226E-02 3.4954E-02 3.7449E-02 5.6361E-02 4.7525E-02 5.1959E-02 4.3917E-02 3.8048E-02 1.7462E-02 3.5772E-03 2.2585E-02 3.3759E-02 4.7823E-02 3.7407E-02 3.6613E-02 4.6998E-02 1.5390E-02 0
 0 1.1538E-02 2.8490E-02 4.3237E-02 4.4286E-02 2.2022E-02 3.3947E-02 3.5358E-02 3.5738E-02 3.7213E-02 5.6042E-02 4.9119E-02 5.0269E-02 4.1739E-02 3.6559E-02 1.5980E-02 2.9312E-03 2.3412E-02 3.4619E-02 4.7111E-02 3.8745E-02 3.7184E-02 4.7383E-02 1.5597E-02 0
 0 1.1248E-02 2.8455E-02 4.4727E-02 4.4270E-02 2.2239E-02 3.5436E-02 3.4353E-02 3.5045E-02 3.7436E-02 5.5416E-02 5.0219E-02 5.0083E-02 4.1039E-02 3.6477E-02 1.6384E-02 4.2133E-03 2.6017E-02 3.3206E-02 4.8289E-02 3.8386E-02 3.8505E-02 4.7014E-02 1.5363E-02 0
 0 1.1191E-02 2.8560E-02 4.3757E-02 4.5905E-02 2.2440E-02 3.4493E-02 3.5309E-02 3.4221E-02 3.7174E-02 5.6135E-02 4.8134E-02 4.7840E-02 4.1464E-02 3.7116E-02 1.9149E-02 3.7289E-03 2.3319E-02 3.3973E-02 4.6188E-02 3.7664E-02 3.8308E-02 4.6401E-02 1.5546E-02 0
 0 1.1055E-02 2.8172E-02 4.3422E-02 4.5661E-02 2.2522E-02 3.3628E-02 3.5008E-02 3.5388E-02 3.7714E-02 5.4095E-02 4.8525E-02 4.6817E-02 4.3276E-02 3.5863E-02 2.1958E-02 4.6635E-03 2.5618E-02 3.4660E-02 4.7226E-02 3.8670E-02 3.9450E-02 4.6968E-02 1.5626E-02 0
 0 1.1052E-02 2.8360E-02 4.3643E-02 4.5742E-02 2.3486E-02 3.4061E-02 3.5284E-02 3.4850E-02 3.5869E-02 5.4721E-02 4.6406E-02 4.5634E-02 4.0782E-02 3.5421E-02 1.8618E-02 4.6244E-03 2.2148E-02 3.2955E-02 4.7855E-02 3.7433E-02 3.9044E-02 4.6932E-02 1.5760E-02 0
 0 1.0741E-02 2.8585E-02 4.3463E-02 4.5610E-02 2.3316E-02 3.4607E-02 3.5223E-02 3.5045E-02 3.8703E-02 5.4147E-02 4.6831E-02 4.6369E-02 4.1249E-02 3.7207E-02 2.1085E-02 4.3504E-03 2.4651E-02 3.3331E-02 4.7209E-02 3.9172E-02 3.9808E-02 4.7190E-02 1.5828E-02 0
 0 1.0762E-02 2.8537E-02 4.4054E-02 4.6564E-02 2.2610E-02 3.4901E-02 3.3425E-02 3.5593E-02 3.6599E-02 5.4644E-02 4.8161E-02 4.5440E-02 4.0723E-02 3.6554E-02 2.2372E-02 5.0159E-03 2.4952E-02 3.2783E-02 4.6433E-02 3.9120E-02 3.9556E-02 4.6879E-02 1.5748E-02 0
 0 1.0677E-02 2.8101E-02 4.4208E-02 4.7141E-02 2.2893E-02 3.5644E-02 3.4627E-02 3.5643E-02 3.6916E-02 5.4599E-02 4.8774E-02 4.3133E-02 3.9112E-02 3.4816E-02 2.0583E-02 5.1089E-03 2.5701E-02 3.1649E-02 4.3992E-02 3.9120E-02 4.0127E-02 4.7647E-02 1.5966E-02 0
 0 1.0679E-02 2.8318E-02 4.4165E-02 4.7664E-02 2.3724E-02 3.6328E-02 3.5259E-02 3.7091E-02 3.6033E-02 5.4981E-02 4.6686E-02 4.4121E-02 4.0494E-02 3.3721E-02 2.1768E-02 6.9978E-03 2.3480E-02 3.2866E-02 4.4671E-02 3.9515E-02 4.0974E-02 4.7718E-02 1.5955E-02 0
 0 1.0408E-02 2.8534E-02 4.4332E-02 4.8428E-02 2.3669E-02 3.6057E-02 3.5210E-02 3.6323E-02 3.6537E-02 5.4901E-02 4.6299E-02 4.3695E-02 3.9647E-02 3.5373E-02 2.3094E-02 5.4563E-03 2.6410E-02 3.3006E-02 4.5799E-02 4.0128E-02 4.0351E-02 4.7536E-02 1.6079E-02 0
 0 1.0224E-02 2.8464E-02 4.4789E-02 4.8623E-02 2.4285E-02 3.5206E-02 3.5232E-02 3.6770E-02 3.6715E-02 5.5531E-02 4.5042E-02 4.4540E-02 3.7817E-02 3.5988E-02 2.1704E-02 5.6520E-03 2.6814E-02 3.2248E-02 4.3837E-02 4.1336E-02 4.1540E-02 4.7730E-02 1.5971E-02 0
 0 1.0127E-02 2.8374E-02 4.4784E-02 4.9362E-02 2.3887E-02 3.6302E-02 3.4304E-02 3.6251E-02 3.6912E-02 5.5277E-02 4.7563E-02 4.1248E-02 3.8906E-02 3.6252E-02 2.2548E-02 6.5427E-03 2.6396E-02 3.2197E-02 4.6000E-02 4.0902E-02 4.1300E-02 4.7979E-02 1.6182E-02 0
 0 1.0002E-02 2.8330E-02 4.3600E-02 4.9191E-02 2.4227E-02 3.7134E-02 3.5416E-02 3.7126E-02 3.7048E-02 5.4978E-02 4.6268E-02 4.2026E-02 3.7785E-02 3.6967E-02 2.2684E-02 7.1592E-03 2.5934E-02 3.2137E-02 4.4397E-02 3.9776E-02 4.1686E-02 4.7838E-02 1.6041E-02 0
 0 1.0043E-02 2.8997E-02 4.3455E-02 4.9620E-02 2.4415E-02 3.6296E-02 3.3130E-02 3.6408E-02 3.7510E-02 5.2631E-02 4.6303E-02 4.0504E-02 3.7936E-02 3.5896E-02 2.6395E-02 7.2865E-03 2.5633E-02 3.2783E-02 4.4929E-02 4.0722E-02 4.1857E-02 4.8036E-02 1.6330E-02 0
 0 9.7561E-03 2.8773E-02 4.4433E-02 5.0840E-02 2.4928E-02 3.8521E-02 3.4362E-02 3.6326E-02 3.7459E-02 5.2562E-02 4.7559E-02 4.0703E-02 3.7959E-02 3.6353E-02 2.2967E-02 7.6877E-03 2.7159E-02 3.0557E-02 4.5517E-02 4.1277E-02 4.2894E-02 4.7305E-02 1.6523E-02 0
 0 9.7137E-03 2.8557E-02 4.4076E-02 5.1407E-02 2.6039E-02 3.6766E-02 3.3693E-02 3.6773E-02 3.7423E-02 5.2962E-02 4.6824E-02 3.9642E-02 3.8398E-02 3.6569E-02 2.3772E-02 8.9013E-03 2.5929E-02 3.1500E-02 4.4798E-02 4.0566E-02 4.3707E-02 4.8217E-02 1.6529E-02 0
 0 9.6168E-03 2.8770E-02 4.4280E-02 5.0746E-02 2.5306E-02 3.7151E-02 3.5063E-02 3.5662E-02 3.6463E-02 5.2405E-02 4.5264E-02 4.0796E-02 3.7725E-02 3.6189E-02 2.3830E-02 8.6860E-03 2.7907E-02 3.0599E-02 4.3073E-02 4.1679E-02 4.2553E-02 4.8564E-02 1.6402E-02 0
 0 9.5889E-03 2.9207E-02 4.4938E-02 5.2477E-02 2.5832E-02 3.7054E-02 3.5776E-02 3.6981E-02 3.7526E-02 5.3226E-02 4.6919E-02 3.9266E-02 3.8178E-02 3.5983E-02 2.7960E-02 8.6420E-03 2.7120E-02 3.1918E-02 4.3984E-02 4.1603E-02 4.2628E-02 4.8721E-02 1.6639E-02 0
 0 9.5269E-03 2.8836E-02 4.5057E-02 5.2656E-02 2.5631E-02 3.9218E-02 3.5312E-02 3.7935E-02 3.7371E-02 5.4036E-02 4.5636E-02 3.9786E-02 3.7844E-02 3.5824E-02 2.6741E-02 9.7332E-03 2.5978E-02 3.0705E-02 4.4201E-02 4.2406E-02 4.3564E-02 4.8210E-02 1.6935E-02 0
 0 9.4474E-03 2.9205E-02 4.5326E-02 5.2233E-02 2.6728E-02 3.7968E-02 3.4605E-02 3.7406E-02 3.6738E-02 5.1689E-02 4.4697E-02 3.8307E-02 3.7538E-02 3.4878E-02 2.7478E-02 8.7447E-03 2.7003E-02 3.0473E-02 4.3759E-02 4.2015E-02 4.4824E-02 4.8261E-02 1.6964E-02 0
 0 9.3645E-03 2.9114E-02 4.4115E-02 5.2396E-02 2.7213E-02 3.7834E-02 3.5011E-02 3.7230E-02 3.7025E-02 5.3493E-02 4.5839E-02 3.8844E-02 3.6426E-02 3.5459E-02 2.7800E-02 9.8507E-03 2.5560E-02 3.1728E-02 4.3015E-02 4.3676E-02 4.5068E-02 4.8417E-02 1.6911E-02 0
 0 9.0778E-03 2.9163E-02 4.4865E-02 5.3252E-02 2.6973E-02 3.7880E-02 3.4620E-02 3.8023E-02 3.7681E-02 5.2909E-02 4.5421E-02 3.8079E-02 3.5845E-02 3.4758E-02 2.7970E-02 1.1588E-02 2.5740E-02 3.1621E-02 4.2022E-02 4.2808E-02 4.5052E-02 4.8844E-02 1.6922E-02 0
 0 9.1368E-03 2.9730E-02 4.4753E-02 5.2837E-02 2.7669E-02 3.8877E-02 3.5149E-02 3.7255E-02 3.7549E-02 5.1390E-02 4.5145E-02 3.7458E-02 3.5726E-02 3.6833E-02 2.7171E-02 1.0834E-02 2.8904E-02 3.0231E-02 4.2476E-02 4.3278E-02 4.5592E-02 4.9155E-02 1.7251E-02 0
 0 9.0284E-03 2.9971E-02 4.5461E-02 5.3644E-02 2.7762E-02 3.9048E-02 3.5327E-02 3.7072E-02 3.6602E-02 5.2009E-02 4.5233E-02 3.6816E-02 3.7213E-02 3.6612E-02 2.9804E-02 1.1637E-02 2.6065E-02 3.1054E-02 4.3502E-02 4.2331E-02 4.5811E-02 4.9434E-02 1.7210E-02 0
 0 8.9901E-03 2.9507E-02 4.5114E-02 5.4185E-02 2.8750E-02 3.8583E-02 3.5564E-02 3.8753E-02 3.5807E-02 5.2492E-02 4.5720E-02 3.7095E-02 3.4655E-02 3.6194E-02 3.0979E-02 1.2116E-02 2.7577E-02 3.0478E-02 4.2214E-02 4.3637E-02 4.6794E-02 4.9821E-02 1.7257E-02 0
 0 8.9080E-03 2.9400E-02 4.5684E-02 5.4154E-02 2.8200E-02 3.8880E-02 3.5278E-02 3.8605E-02 3.7892E-02 5.1515E-02 4.4904E-02 3.7424E-02 3.6101E-02 3.5397E-02 2.9106E-02 1.2092E-02 2.8981E-02 3.1328E-02 4.3195E-02 4.4103E-02 4.6784E-02 4.9053E-02 1.7355E-02 0
 0 8.9608E-03 3.0420E-02 4.5520E-02 5.4801E-02 2.9306E-02 3.9871E-02 3.5745E-02 3.9172E-02 3.6589E-02 5.1498E-02 4.5609E-02 3.6651E-02 3.5712E-02 3.5594E-02 3.1735E-02 1.2425E-02 2.8947E-02 3.2248E-02 4.2235E-02 4.4116E-02 4.7863E-02 4.9851E-02 1.7288E-02 0
 0 8.7494E-03 2.9755E-02 4.5813E-02 5.5948E-02 2.8568E-02 4.0805E-02 3.6482E-02 3.8426E-02 3.6618E-02 5.2763E-02 4.3264E-02 3.7213E-02 3.6957E-02 3.5623E-02 3.0530E-02 1.5180E-02 2.9118E-02 3.0980E-02 4.2149E-02 4.4462E-02 4.8232E-02 4.9434E-02 1.7683E-02 0
 0 8.7739E-03 3.0415E-02 4.5676E-02 5.7327E-02 3.0388E-02 3.9828E-02 3.5223E-02 3.9184E-02 3.7785E-02 5.1432E-02 4.3490E-02 3.6499E-02 3.7149E-02 3.6122E-02 3.0516E-02 1.5028E-02 2.9696E-02 3.1816E-02 4.1205E-02 4.4658E-02 4.7847E-02 4.9692E-02 1.7450E-02 0
 0 8.4526E-03 3.0527E-02 4.6058E-02 5.6019E-02 2.9692E-02 4.0665E-02 3.5680E-02 3.8508E-02 3.6748E-02 5.1053E-02 4.6126E-02 3.6085E-02 3.6819E-02 3.5767E-02 3.2466E-02 1.6178E-02 2.8758E-02 3.1751E-02 4.2361E-02 4.4371E-02 4.7236E-02 5.0488E-02 1.7975E-02 0
 0 8.4612E-03 3.0420E-02 4.6152E-02 5.6218E-02 3.0888E-02 4.0409E-02 3.5567E-02 3.9301E-02 3.8415E-02 4.9885E-02 4.4502E-02 3.6165E-02 3.4801E-02 3.6497E-02 3.1988E-02 1.5977E-02 2.9127E-02 3.1495E-02 4.2423E-02 4.5350E-02 4.8763E-02 4.9708E-02 1.7921E-02 0
 0 8.3545E-03 3.0740E-02 4.6020E-02 5.7396E-02 3.1144E-02 4.0717E-02 3.6747E-02 3.8577E-02 3.8140E-02 5.1842E-02 4.4099E-02 3.5683E-02 3.5634E-02 3.7347E-02 3.2022E-02 1.4617E-02 2.6926E-02 3.1839E-02 4.2643E-02 4.5826E-02 4.9215E-02 5.0461E-02 1.8204E-02 0
 0 8.1684E-03 3.0979E-02 4.5846E-02 5.7790E-02 3.2075E-02 4.1500E-02 3.5920E-02 4.0236E-02 3.7639E-02 5.0566E-02 4.4743E-02 3.6495E-02 3.4023E-02 3.5738E-02 3.1569E-02 1.6579E-02 2.7971E-02 3.1119E-02 4.1115E-02 4.6362E-02 5.0479E-02 5.0184E-02 1.8305E-02 0
 0 8.2041E-03 3.0903E-02 4.7682E-02 5.8774E-02 3.2102E-02 4.1987E-02 3.6980E-02 4.0440E-02 3.9478E-02 4.9033E-02 4.5245E-02 3.6051E-02 3.5405E-02 3.5997E-02 3.2661E-02 1.5733E-02 2.9973E-02 3.1138E-02 4.2750E-02 4.6277E-02 4.9972E-02 5.1405E-02 1.8283E-02 0
 0 8.3631E-03 3.1358E-02 4.6600E-02 5.9614E-02 3.2273E-02 4.2642E-02 3.6283E-02 4.0245E-02 3.6883E-02 5.3222E-02 4.4659E-02 3.4496E-02 3.3776E-02 3.5066E-02 3.4417E-02 1.8948E-02 2.8374E-02 3.1124E-02 4.1544E-02 4.6427E-02 5.0446E-02 5.0721E-02 1.8263E-02 0
 0 8.0979E-03 3.0799E-02 4.6334E-02 5.8177E-02 3.3106E-02 4.1762E-02 3.6541E-02 4.0938E-02 3.8208E-02 5.0407E-02 4.3655E-02 3.4830E-02 3.3836E-02 3.5061E-02 3.4168E-02 2.0822E-02 3.1256E-02 3.1356E-02 4.1650E-02 4.6646E-02 5.1909E-02 5.0800E-02 1.8452E-02 0
 0 7.9445E-03 3.1309E-02 4.7506E-02 5.9321E-02 3.4020E-02 4.2377E-02 3.7533E-02 4.0176E-02 3.9611E-02 5.0219E-02 4.3413E-02 3.4217E-02 3.6389E-02 3.6708E-02 3.4144E-02 1.9109E-02 3.0221E-02 3.1384E-02 4.1703E-02 4.7811E-02 5.1876E-02 5.1124E-02 1.8684E-02 0
 0 7.9292E-03 3.1108E-02 4.7548E-02 6.0631E-02 3.4200E-02 4.2807E-02 3.7361E-02 4.1205E-02 3.8486E-02 5.0389E-02 4.5697E-02 3.4221E-02 3.5268E-02 3.5046E-02 3.4090E-02 2.0504E-02 2.9263E-02 3.1184E-02 4.0800E-02 4.7628E-02 5.2198E-02 5.1730E-02 1.8820E-02 0
 0 7.8572E-03 3.1664E-02 4.7557E-02 6.0710E-02 3.4823E-02 4.2548E-02 3.7573E-02 4.1155E-02 4.0057E-02 4.9607E-02 4.4712E-02 3.3816E-02 3.5213E-02 3.6088E-02 3.6591E-02 2.0504E-02 2.9827E-02 3.2002E-02 4.2173E-02 4.7481E-02 5.2381E-02 5.0782E-02 1.8642E-02 0
 0 7.8950E-03 3.1821E-02 4.7984E-02 6.0592E-02 3.5131E-02 4.3308E-02 3.8111E-02 4.1035E-02 4.0044E-02 4.9722E-02 4.4256E-02 3.5396E-02 3.5451E-02 3.6477E-02 3.5124E-02 2.0015E-02 3.0755E-02 3.1904E-02 3.9835E-02 4.8764E-02 5.2694E-02 5.1715E-02 1.8711E-02 0
 0 7.6985E-03 3.1788E-02 4.7727E-02 6.1280E-02 3.6789E-02 4.2146E-02 3.7960E-02 4.2527E-02 3.9233E-02 4.9051E-02 4.4310E-02 3.4652E-02 3.6394E-02 3.5733E-02 3.4148E-02 2.0915E-02 3.2184E-02 3.2086E-02 4.1895E-02 4.8395E-02 5.2908E-02 5.2344E-02 1.9105E-02 0
 0 7.7219E-03 3.2571E-02 4.7740E-02 6.1229E-02 3.6123E-02 4.4157E-02 3.9208E-02 4.1665E-02 4.0416E-02 4.9531E-02 4.3662E-02 3.4234E-02 3.5021E-02 3.6184E-02 3.8020E-02 2.2222E-02 3.0517E-02 3.0975E-02 4.0935E-02 4.8669E-02 5.3824E-02 5.2138E-02 1.9002E-02 0
 0 7.6235E-03 3.2282E-02 4.8968E-02 6.1629E-02 3.6716E-02 4.4422E-02 3.8575E-02 4.3157E-02 4.0487E-02 5.0142E-02 4.3364E-02 3.5033E-02 3.3909E-02 3.6026E-02 3.7191E-02 2.3137E-02 3.0921E-02 3.1970E-02 4.1957E-02 4.8731E-02 5.4118E-02 5.2348E-02 1.9063E-02 0
 0 7.6053E-03 3.1885E-02 4.8106E-02 6.2337E-02 3.7084E-02 4.4479E-02 3.8596E-02 4.1945E-02 3.9440E-02 4.9743E-02 4.4007E-02 3.4931E-02 3.4037E-02 3.6617E-02 3.7138E-02 2.3220E-02 3.0940E-02 3.2211E-02 4.1106E-02 4.9599E-02 5.4562E-02 5.2483E-02 1.9277E-02 0
 0 7.5500E-03 3.2494E-02 4.8748E-02 6.3187E-02 3.8085E-02 4.4638E-02 3.9533E-02 4.2845E-02 3.9950E-02 4.9868E-02 4.4299E-02 3.4728E-02 3.5282E-02 3.7721E-02 3.8440E-02 2.3435E-02 3.1854E-02 3.2820E-02 4.0820E-02 5.0630E-02 5.7197E-02 5.3452E-02 1.9176E-02 0
 0 7.4500E-03 3.2289E-02 4.8653E-02 6.3642E-02 3.9097E-02 4.5462E-02 3.9097E-02 4.4063E-02 4.0380E-02 4.8811E-02 4.3992E-02 3.4137E-02 3.7268E-02 3.4979E-02 3.6762E-02 2.4712E-02 3.1266E-02 3.2876E-02 4.1433E-02 5.0170E-02 5.5721E-02 5.3014E-02 1.9557E-02 0
 0 7.4857E-03 3.2465E-02 4.9101E-02 6.3958E-02 3.9142E-02 4.5496E-02 3.8317E-02 4.4202E-02 4.0567E-02 4.8154E-02 4.4149E-02 3.4978E-02 3.4005E-02 3.7836E-02 4.0848E-02 2.4663E-02 3.2277E-02 3.3759E-02 4.1413E-02 5.1326E-02 5.6257E-02 5.3110E-02 1.9375E-02 0
 0 7.3085E-03 3.2812E-02 4.9142E-02 6.3089E-02 4.0286E-02 4.6316E-02 3.9549E-02 4.5319E-02 4.1223E-02 4.8084E-02 4.4494E-02 3.5523E-02 3.6449E-02 3.6377E-02 3.8371E-02 2.6954E-02 3.1990E-02 3.3038E-02 4.1953E-02 5.1812E-02 5.6777E-02 5.3710E-02 1.9611E-02 0
 0 7.3148E-03 3.2752E-02 4.9204E-02 6.3337E-02 4.1437E-02 4.6527E-02 4.1460E-02 4.4611E-02 4.1508E-02 4.8992E-02 4.4260E-02 3.4192E-02 3.6536E-02 3.6391E-02 4.0195E-02 2.6029E-02 3.2661E-02 3.3122E-02 4.0080E-02 5.0621E-02 5.5726E-02 5.3392E-02 1.9493E-02 0
 0 7.1458E-03 3.3411E-02 4.9792E-02 6.4995E-02 4.0922E-02 4.7341E-02 4.0753E-02 4.4101E-02 4.1808E-02 4.8314E-02 4.5195E-02 3.2662E-02 3.5511E-02 3.7260E-02 3.9249E-02 2.6636E-02 3.2413E-02 3.3094E-02 4.2365E-02 5.1352E-02 5.6925E-02 5.4169E-02 1.9524E-02 0
 0 7.4188E-03 3.3436E-02 5.0698E-02 6.4860E-02 4.1920E-02 4.5920E-02 4.0799E-02 4.5287E-02 4.2270E-02 4.8943E-02 4.4276E-02 3.4665E-02 3.4371E-02 3.6967E-02 3.8796E-02 2.9077E-02 3.2588E-02 3.2434E-02 4.1572E-02 5.2471E-02 5.8037E-02 5.4723E-02 1.9491E-02 0
 0 7.1562E-03 3.3540E-02 4.9505E-02 6.5485E-02 4.3002E-02 4.7131E-02 4.0630E-02 4.5143E-02 4.1786E-02 4.9496E-02 4.5421E-02 3.4720E-02 3.6517E-02 3.7476E-02 4.2550E-02 2.9919E-02 3.2588E-02 3.3805E-02 4.1172E-02 5.3992E-02 5.8417E-02 5.4451E-02 1.9686E-02 0
 0 7.0295E-03 3.3598E-02 5.0235E-02 6.7242E-02 4.3580E-02 4.7900E-02 4.1217E-02 4.5747E-02 4.2810E-02 4.9951E-02 4.3662E-02 3.4935E-02 3.6192E-02 3.6511E-02 4.0873E-02 2.9161E-02 3.3929E-02 3.2639E-02 4.2909E-02 5.2722E-02 5.8786E-02 5.3908E-02 1.9858E-02 0
 0 7.0693E-03 3.3565E-02 5.1218E-02 6.6288E-02 4.4807E-02 4.7498E-02 4.0983E-02 4.5193E-02 4.2846E-02 4.9617E-02 4.4383E-02 3.4323E-02 3.7277E-02 3.6602E-02 4.0117E-02 3.0085E-02 3.3210E-02 3.4656E-02 4.2267E-02 5.3845E-02 5.9327E-02 5.4825E-02 1.9947E-02 0
 0 6.9118E-03 3.3293E-02 5.0850E-02 6.6268E-02 4.4489E-02 4.8455E-02 4.0922E-02 4.6395E-02 4.3783E-02 4.8828E-02 4.3586E-02 3.4741E-02 3.6494E-02 3.7342E-02 4.2350E-02 3.3756E-02 3.3152E-02 3.4488E-02 4.2803E-02 5.3271E-02 5.9449E-02 5.4394E-02 1.9870E-02 0
 0 6.7119E-03 3.4259E-02 5.1198E-02 6.8029E-02 4.6794E-02 4.8520E-02 4.3150E-02 4.6987E-02 4.3999E-02 4.8641E-02 4.5138E-02 3.4331E-02 3.5680E-02 3.6838E-02 4.0751E-02 3.2106E-02 3.3958E-02 3.4400E-02 4.1887E-02 5.5340E-02 6.0547E-02 5.4760E-02 1.9883E-02 0
 0 6.8137E-03 3.3576E-02 5.1231E-02 6.8592E-02 4.6734E-02 4.8395E-02 4.2928E-02 4.7985E-02 4.5098E-02 4.9075E-02 4.4413E-02 3.5210E-02 3.5854E-02 3.8129E-02 4.2072E-02 3.1049E-02 3.5203E-02 3.4354E-02 4.2480E-02 5.4889E-02 6.1452E-02 5.4423E-02 2.0061E-02 0
 0 6.7587E-03 3.4266E-02 5.0685E-02 6.8356E-02 4.6266E-02 4.9269E-02 4.3626E-02 4.7016E-02 4.3751E-02 4.8449E-02 4.5498E-02 3.6372E-02 3.6531E-02 3.8225E-02 4.4749E-02 3.2679E-02 3.4133E-02 3.4865E-02 4.2627E-02 5.5274E-02 6.2066E-02 5.5851E-02 1.9814E-02 0
 0 6.7766E-03 3.3685E-02 5.2157E-02 6.9133E-02 4.7585E-02 5.1121E-02 4.3306E-02 4.8882E-02 4.5509E-02 4.8686E-02 4.5923E-02 3.5430E-02 3.7455E-02 3.7481E-02 4.3379E-02 3.4627E-02 3.4692E-02 3.5130E-02 4.2431E-02 5.5937E-02 6.2216E-02 5.5984E-02 2.0347E-02 0
 0 6.5422E-03 3.4569E-02 5.1240E-02 6.9501E-02 4.9045E-02 5.0611E-02 4.3426E-02 4.7683E-02 4.4584E-02 4.8474E-02 4.5287E-02 3.5620E-02 3.7295E-02 3.7932E-02 4.4218E-02 3.5899E-02 3.5324E-02 3.5441E-02 4.2549E-02 5.5464E-02 6.1551E-02 5.5746E-02 2.0005E-02 0
 0 6.4460E-03 3.5053E-02 5.1864E-02 6.9698E-02 4.9305E-02 5.0192E-02 4.5085E-02 4.8422E-02 4.5166E-02 4.8189E-02 4.5594E-02 3.6541E-02 3.6376E-02 3.7169E-02 4.4042E-02 3.7641E-02 3.5105E-02 3.6041E-02 4.3167E-02 5.6005E-02 6.2522E-02 5.5279E-02 1.9924E-02 0
 0 6.4950E-03 3.5030E-02 5.1918E-02 6.8468E-02 5.0231E-02 5.1155E-02 4.5251E-02 4.7919E-02 4.6485E-02 4.7984E-02 4.5264E-02 3.6478E-02 3.7469E-02 3.7539E-02 4.5296E-02 3.7440E-02 3.5368E-02 3.5948E-02 4.3130E-02 5.6671E-02 6.4712E-02 5.6086E-02 2.0220E-02 0
 0 6.5574E-03 3.4369E-02 5.2656E-02 6.8661E-02 5.0629E-02 5.1725E-02 4.4793E-02 5.0623E-02 4.5712E-02 4.8745E-02 4.6115E-02 3.5958E-02 3.7245E-02 3.7832E-02 4.4525E-02 3.5625E-02 3.5159E-02 3.6659E-02 4.3853E-02 5.7807E-02 6.3657E-02 5.6242E-02 2.0163E-02 0
 0 6.3579E-03 3.4560E-02 5.2120E-02 6.9289E-02 5.0562E-02 5.2693E-02 4.5543E-02 5.0122E-02 4.5622E-02 4.9148E-02 4.4061E-02 3.5878E-02 3.6879E-02 3.9344E-02 4.5417E-02 3.6560E-02 3.4687E-02 3.5790E-02 4.2746E-02 5.6988E-02 6.5300E-02 5.6097E-02 2.0250E-02 0
 0 6.4304E-03 3.4888E-02 5.2802E-02 6.9710E-02 5.1641E-02 5.3829E-02 4.5623E-02 4.9726E-02 4.6300E-02 4.8140E-02 4.6257E-02 3.5992E-02 3.8146E-02 3.8658E-02 4.7358E-02 3.8248E-02 3.8002E-02 3.6849E-02 4.3939E-02 5.8130E-02 6.6283E-02 5.7429E-02 2.0219E-02 0
 0 6.3245E-03 3.4996E-02 5.3690E-02 7.0698E-02 5.3338E-02 5.3975E-02 4.6164E-02 4.9707E-02 4.7496E-02 4.8495E-02 4.6486E-02 3.6279E-02 3.8238E-02 3.7054E-02 4.3550E-02 3.8796E-02 3.5771E-02 3.7542E-02 4.3040E-02 5.8832E-02 6.5834E-02 5.6575E-02 2.0269E-02 0
 0 6.2758E-03 3.4892E-02 5.2957E-02 7.0509E-02 5.3401E-02 5.3787E-02 4.6578E-02 5.0758E-02 4.7748E-02 4.8682E-02 4.4973E-02 3.6778E-02 3.8128E-02 3.7769E-02 4.6973E-02 4.0210E-02 3.6787E-02 3.6719E-02 4.3060E-02 5.9563E-02 6.6360E-02 5.6059E-02 2.0290E-02 0
 0 6.1707E-03 3.4711E-02 5.3720E-02 6.9987E-02 5.4680E-02 5.3898E-02 4.6111E-02 5.1161E-02 4.8459E-02 4.9353E-02 4.5981E-02 3.7711E-02 3.7693E-02 3.8773E-02 4.5300E-02 3.9163E-02 3.7341E-02 3.8253E-02 4.4242E-02 6.0822E-02 6.6736E-02 5.6929E-02 2.0212E-02 0
 0 6.3278E-03 3.4765E-02 5.3272E-02 7.0271E-02 5.6179E-02 5.4254E-02 4.7313E-02 5.1595E-02 4.8718E-02 4.9826E-02 4.6525E-02 3.7737E-02 3.8764E-02 3.7558E-02 4.6471E-02 4.1008E-02 3.7842E-02 3.7760E-02 4.4642E-02 5.9641E-02 6.7223E-02 5.6116E-02 2.0113E-02 0
 0 6.1990E-03 3.5109E-02 5.3734E-02 7.2000E-02 5.6109E-02 5.5037E-02 4.7085E-02 5.2385E-02 4.9826E-02 4.9670E-02 4.6881E-02 3.7707E-02 3.8220E-02 4.0252E-02 4.6910E-02 4.1331E-02 3.8002E-02 3.7546E-02 4.4507E-02 6.1217E-02 6.7409E-02 5.7061E-02 2.0139E-02 0
 0 6.1443E-03 3.5718E-02 5.3442E-02 7.1591E-02 5.6795E-02 5.5783E-02 4.8342E-02 5.2728E-02 4.9028E-02 4.8522E-02 4.6303E-02 3.7559E-02 3.8178E-02 3.8850E-02 4.6680E-02 4.1556E-02 3.7890E-02 3.7751E-02 4.4393E-02 6.1798E-02 6.9115E-02 5.7237E-02 2.0308E-02 0
 0 6.0065E-03 3.5288E-02 5.3896E-02 7.2655E-02 5.6450E-02 5.5376E-02 4.8545E-02 5.2681E-02 5.0288E-02 4.9948E-02 4.7448E-02 3.8071E-02 3.8860E-02 3.9834E-02 4.7207E-02 4.3288E-02 3.7263E-02 3.9461E-02 4.4189E-02 6.1684E-02 6.9731E-02 5.6907E-02 2.0017E-02 0
 0 5.9958E-03 3.4968E-02 5.4852E-02 7.2740E-02 5.7834E-02 5.6917E-02 4.8981E-02 5.4274E-02 4.9542E-02 4.9850E-02 4.5996E-02 3.7682E-02 3.8709E-02 3.9748E-02 4.6412E-02 4.2153E-02 3.9698E-02 3.9210E-02 4.4667E-02 6.0728E-02 6.9731E-02 5.7594E-02 2.0312E-02 0
 0 5.8319E-03 3.5469E-02 5.4570E-02 7.4048E-02 5.8913E-02 5.6210E-02 4.9184E-02 5.3871E-02 5.0750E-02 5.0052E-02 4.7349E-02 3.9410E-02 3.9959E-02 4.0276E-02 4.7987E-02 4.3905E-02 3.9966E-02 3.9475E-02 4.5464E-02 6.2643E-02 7.0222E-02 5.7223E-02 2.0330E-02 0
 0 5.8011E-03 3.5396E-02 5.5695E-02 7.3820E-02 5.9469E-02 5.7523E-02 4.9513E-02 5.4859E-02 5.1258E-02 4.9350E-02 4.8004E-02 3.8235E-02 3.9652E-02 3.9676E-02 4.7997E-02 4.4301E-02 4.0077E-02 4.0298E-02 4.5738E-02 6.2758E-02 7.0006E-02 5.7636E-02 2.0041E-02 0
 0 5.7792E-03 3.5535E-02 5.5376E-02 7.3372E-02 6.0325E-02 5.8033E-02 5.1009E-02 5.4667E-02 5.2011E-02 5.0351E-02 4.7751E-02 3.8857E-02 4.0823E-02 3.9820E-02 4.7114E-02 4.6567E-02 4.0607E-02 3.9768E-02 4.3645E-02 6.3329E-02 7.0744E-02 5.7328E-02 1.9973E-02 0
 0 5.7610E-03 3.5610E-02 5.4807E-02 7.4639E-02 6.1832E-02 5.8050E-02 5.0296E-02 5.5114E-02 5.1116E-02 5.0532E-02 4.8705E-02 3.9380E-02 3.8993E-02 4.0742E-02 4.8665E-02 4.5128E-02 3.9086E-02 4.0326E-02 4.5329E-02 6.4859E-02 7.1790E-02 5.7685E-02 2.0038E-02 0
 0 5.7395E-03 3.5617E-02 5.5212E-02 7.3954E-02 6.1914E-02 5.8460E-02 5.1792E-02 5.5879E-02 5.2838E-02 5.0323E-02 4.9000E-02 4.0035E-02 4.0737E-02 4.1155E-02 4.9943E-02 4.6371E-02 4.0131E-02 4.0823E-02 4.6743E-02 6.4461E-02 7.2185E-02 5.7573E-02 1.9964E-02 0
 0 5.7012E-03 3.5500E-02 5.4685E-02 7.3655E-02 6.2808E-02 5.8372E-02 5.2640E-02 5.7063E-02 5.1788E-02 5.0125E-02 4.8533E-02 4.0568E-02 4.0956E-02 3.9791E-02 4.9445E-02 4.9028E-02 4.2298E-02 4.1130E-02 4.5820E-02 6.6024E-02 7.2305E-02 5.8194E-02 2.0173E-02 0
 0 5.7023E-03 3.5759E-02 5.5586E-02 7.4251E-02 6.4247E-02 5.8947E-02 5.3507E-02 5.6915E-02 5.4645E-02 4.9690E-02 4.8816E-02 4.1037E-02 4.2283E-02 4.2398E-02 4.8519E-02 4.5035E-02 3.9402E-02 4.0386E-02 4.6179E-02 6.6335E-02 7.3287E-02 5.7867E-02 1.9930E-02 0
 0 5.5626E-03 3.5636E-02 5.5383E-02 7.4198E-02 6.4978E-02 6.0998E-02 5.2533E-02 5.8126E-02 5.3921E-02 5.1144E-02 4.8387E-02 4.0619E-02 4.0846E-02 4.2355E-02 5.1220E-02 4.7404E-02 4.1531E-02 4.1399E-02 4.5877E-02 6.7010E-02 7.3560E-02 5.8839E-02 2.0232E-02 0
 0 5.5649E-03 3.5536E-02 5.6194E-02 7.5296E-02 6.3984E-02 6.0522E-02 5.3866E-02 5.6575E-02 5.4599E-02 5.2989E-02 4.8613E-02 4.1831E-02 4.2489E-02 4.2384E-02 4.9084E-02 4.9616E-02 4.1594E-02 4.2663E-02 4.5950E-02 6.8518E-02 7.4171E-02 5.8425E-02 2.0003E-02 0
 0 5.5693E-03 3.5486E-02 5.6161E-02 7.6046E-02 6.7552E-02 6.0557E-02 5.3826E-02 5.8306E-02 5.5666E-02 5.0191E-02 4.9134E-02 4.0344E-02 4.2988E-02 4.2197E-02 4.9777E-02 4.9488E-02 4.1968E-02 4.4048E-02 4.6911E-02 6.8250E-02 7.5015E-02 5.8078E-02 1.9757E-02 0
 0 5.4869E-03 3.5396E-02 5.6454E-02 7.6589E-02 6.7071E-02 6.1719E-02 5.4733E-02 5.9307E-02 5.5931E-02 5.1707E-02 4.8421E-02 4.1350E-02 4.1386E-02 4.1923E-02 4.8616E-02 4.9963E-02 4.2882E-02 4.3899E-02 4.7295E-02 6.7526E-02 7.3769E-02 5.8482E-02 1.9966E-02 0
 0 5.3331E-03 3.5104E-02 5.7012E-02 7.5916E-02 6.7467E-02 6.2547E-02 5.5762E-02 5.9436E-02 5.7020E-02 5.1526E-02 5.0609E-02 4.2811E-02 4.2498E-02 4.4262E-02 4.9075E-02 4.9948E-02 4.5171E-02 4.3560E-02 4.7218E-02 6.7761E-02 7.5913E-02 5.8828E-02 1.9944E-02 0
 0 5.3141E-03 3.5754E-02 5.6154E-02 7.5691E-02 6.8698E-02 6.1323E-02 5.6082E-02 6.0308E-02 5.4974E-02 5.1300E-02 5.0927E-02 4.3019E-02 4.2132E-02 4.3172E-02 5.0177E-02 5.1847E-02 4.3407E-02 4.4155E-02 4.7275E-02 6.8815E-02 7.5624E-02 5.8456E-02 1.9528E-02 0
 0 5.3472E-03 3.5305E-02 5.6752E-02 7.5859E-02 6.8428E-02 6.3137E-02 5.6475E-02 5.9471E-02 5.6351E-02 5.1901E-02 5.0927E-02 4.3944E-02 4.3748E-02 4.0785E-02 5.0499E-02 5.3403E-02 4.4034E-02 4.4383E-02 4.8959E-02 7.0956E-02 7.7660E-02 5.9223E-02 1.9430E-02 0
 0 5.2580E-03 3.5480E-02 5.6778E-02 7.5066E-02 7.1612E-02 6.3470E-02 5.6625E-02 6.0950E-02 5.7741E-02 5.2058E-02 5.1862E-02 4.2879E-02 4.4269E-02 4.1793E-02 5.0391E-02 5.1519E-02 4.4908E-02 4.4587E-02 4.8313E-02 6.9285E-02 7.6994E-02 5.8932E-02 1.9488E-02 0
 0 5.2202E-03 3.5309E-02 5.6620E-02 7.5928E-02 7.0696E-02 6.3806E-02 5.6542E-02 6.1592E-02 5.7954E-02 5.1884E-02 5.2429E-02 4.4599E-02 4.4567E-02 4.3633E-02 5.2756E-02 5.1940E-02 4.4515E-02 4.5284E-02 4.7414E-02 7.0192E-02 7.7098E-02 5.8516E-02 1.9458E-02 0
 0 5.2543E-03 3.5323E-02 5.6951E-02 7.6829E-02 7.2719E-02 6.5116E-02 5.7541E-02 6.1460E-02 5.9230E-02 5.2732E-02 5.1123E-02 4.6213E-02 4.4649E-02 4.4401E-02 5.3561E-02 5.2850E-02 4.4447E-02 4.6107E-02 4.9625E-02 7.0864E-02 7.8489E-02 5.9550E-02 1.9460E-02 0
 0 5.1577E-03 3.5079E-02 5.6902E-02 7.6085E-02 7.2749E-02 6.4675E-02 5.8951E-02 6.2867E-02 5.8807E-02 5.2823E-02 5.1468E-02 4.6200E-02 4.5720E-02 4.3911E-02 5.3122E-02 5.4313E-02 4.6780E-02 4.6511E-02 5.0095E-02 7.2614E-02 7.8266E-02 5.8341E-02 1.9549E-02 0
 0 5.0155E-03 3.4962E-02 5.7693E-02 7.6780E-02 7.4020E-02 6.6204E-02 5.9068E-02 6.2133E-02 5.8684E-02 5.2684E-02 5.3023E-02 4.5765E-02 4.6672E-02 4.4896E-02 5.4717E-02 5.4465E-02 4.6192E-02 4.6302E-02 4.8939E-02 7.0695E-02 8.0551E-02 5.8755E-02 1.9556E-02 0
 0 5.0530E-03 3.5587E-02 5.8195E-02 7.6616E-02 7.4215E-02 6.5959E-02 5.9815E-02 6.2678E-02 6.1108E-02 5.3622E-02 5.2318E-02 4.6095E-02 4.5157E-02 4.4771E-02 5.2200E-02 5.5312E-02 4.6055E-02 4.5782E-02 5.0737E-02 7.1409E-02 7.9493E-02 5.9037E-02 1.9099E-02 0
 0 5.0994E-03 3.5376E-02 5.6821E-02 7.7199E-02 7.5344E-02 6.6501E-02 5.9882E-02 6.3625E-02 6.1664E-02 5.3949E-02 5.3518E-02 4.6188E-02 4.6484E-02 4.5289E-02 5.3912E-02 5.8468E-02 4.5992E-02 4.7678E-02 5.1547E-02 7.3132E-02 8.1430E-02 5.8738E-02 1.9172E-02 0
 0 4.9835E-03 3.5065E-02 5.7965E-02 7.7730E-02 7.6476E-02 6.6839E-02 5.9799E-02 6.5822E-02 6.1648E-02 5.2843E-02 5.3809E-02 4.7624E-02 4.7029E-02 4.5433E-02 5.3288E-02 5.9094E-02 4.6852E-02 4.9383E-02 5.1387E-02 7.4373E-02 8.1696E-02 5.9778E-02 1.8912E-02 0
 0 5.0125E-03 3.5162E-02 5.7814E-02 7.6435E-02 7.7089E-02 6.6965E-02 6.1680E-02 6.4957E-02 6.1392E-02 5.3942E-02 5.3560E-02 4.7312E-02 4.7326E-02 4.5337E-02 5.2576E-02 5.8096E-02 4.8315E-02 4.8561E-02 5.1187E-02 7.3893E-02 8.0325E-02 5.9262E-02 1.8997E-02 0
 0 4.8576E-03 3.4897E-02 5.8687E-02 7.8369E-02 7.6075E-02 6.7671E-02 6.1615E-02 6.5070E-02 6.2746E-02 5.5124E-02 5.4165E-02 4.6758E-02 4.6923E-02 4.6773E-02 5.4087E-02 5.7298E-02 4.8072E-02 4.9216E-02 5.2499E-02 7.4996E-02 8.1874E-02 5.9230E-02 1.8806E-02 0
 0 4.9081E-03 3.4924E-02 5.7878E-02 7.8562E-02 7.7815E-02 6.8449E-02 6.2730E-02 6.6181E-02 6.2036E-02 5.6330E-02 5.4694E-02 4.8304E-02 4.7930E-02 4.7450E-02 5.6901E-02 5.9593E-02 5.0070E-02 4.9402E-02 5.1575E-02 7.5391E-02 8.2840E-02 5.8837E-02 1.8944E-02 0
 0 4.9683E-03 3.4897E-02 5.8099E-02 7.7386E-02 7.9522E-02 7.0149E-02 6.3277E-02 6.5728E-02 6.3593E-02 5.5524E-02 5.4272E-02 4.9640E-02 4.9427E-02 4.6154E-02 5.4244E-02 5.8977E-02 5.1635E-02 4.9639E-02 5.1420E-02 7.6582E-02 8.3604E-02 5.8507E-02 1.8674E-02 0
 0 4.7573E-03 3.4419E-02 5.8175E-02 7.7106E-02 7.8969E-02 6.9183E-02 6.3108E-02 6.6464E-02 6.3693E-02 5.6667E-02 5.6066E-02 4.8879E-02 4.9358E-02 4.8209E-02 5.6740E-02 5.8292E-02 5.1047E-02 5.0011E-02 5.1461E-02 7.6128E-02 8.2349E-02 5.9538E-02 1.8525E-02 0
 0 4.6774E-03 3.4587E-02 5.8029E-02 7.6957E-02 8.0153E-02 7.0813E-02 6.4632E-02 6.7557E-02 6.3609E-02 5.4915E-02 5.6663E-02 5.0252E-02 5.0356E-02 4.8824E-02 5.7369E-02 5.8581E-02 4.9380E-02 5.1484E-02 5.3439E-02 7.6517E-02 8.3381E-02 5.7868E-02 1.8495E-02 0
 0 4.7261E-03 3.4916E-02 5.7605E-02 7.7872E-02 8.1105E-02 7.0303E-02 6.3775E-02 6.8167E-02 6.4850E-02 5.5353E-02 5.5089E-02 5.1102E-02 4.9578E-02 4.8248E-02 5.5438E-02 6.1306E-02 5.0605E-02 5.1224E-02 5.3231E-02 7.8119E-02 8.3640E-02 5.8779E-02 1.8487E-02 0
 0 4.6845E-03 3.4305E-02 5.7836E-02 7.8379E-02 8.2136E-02 7.1092E-02 6.4328E-02 6.9253E-02 6.6337E-02 5.5475E-02 5.6426E-02 5.0392E-02 5.1367E-02 4.7993E-02 5.7530E-02 5.8855E-02 5.2485E-02 5.4021E-02 5.4666E-02 7.8024E-02 8.4570E-02 5.8767E-02 1.8169E-02 0
 0 4.6540E-03 3.4588E-02 5.8353E-02 7.8320E-02 8.4206E-02 7.1399E-02 6.6697E-02 6.9348E-02 6.5910E-02 5.6118E-02 5.7556E-02 5.2238E-02 5.0973E-02 4.9938E-02 5.6053E-02 6.0871E-02 5.1917E-02 5.2274E-02 5.3660E-02 7.9500E-02 8.5374E-02 5.8360E-02 1.8155E-02 0
 0 4.6132E-03 3.4280E-02 5.8165E-02 7.8442E-02 8.3455E-02 7.1855E-02 6.6236E-02 6.9442E-02 6.5956E-02 5.7352E-02 5.6131E-02 5.2517E-02 5.0685E-02 5.0865E-02 5.7369E-02 6.2764E-02 5.1212E-02 5.3854E-02 5.4596E-02 7.8514E-02 8.4735E-02 5.9325E-02 1.7997E-02 0
 0 4.6046E-03 3.4027E-02 5.7202E-02 7.9566E-02 8.3538E-02 7.1909E-02 6.8568E-02 7.1123E-02 6.7390E-02 5.8235E-02 5.8947E-02 5.3388E-02 5.1298E-02 4.9515E-02 5.7267E-02 6.2304E-02 5.2933E-02 5.3636E-02 5.5115E-02 8.1686E-02 8.6211E-02 5.8662E-02 1.7855E-02 0
 0 4.5872E-03 3.4279E-02 5.8225E-02 7.8434E-02 8.4737E-02 7.4293E-02 6.8073E-02 7.2284E-02 6.7620E-02 5.6469E-02 5.7824E-02 5.3109E-02 5.2744E-02 4.9837E-02 5.7662E-02 6.4898E-02 5.4221E-02 5.4310E-02 5.6223E-02 7.9780E-02 8.6803E-02 5.8893E-02 1.7680E-02 0
 0 4.4635E-03 3.3612E-02 5.8459E-02 7.8989E-02 8.5921E-02 7.4293E-02 6.8577E-02 7.1054E-02 6.8383E-02 5.7401E-02 5.9039E-02 5.4364E-02 5.4048E-02 4.8473E-02 5.8242E-02 6.2867E-02 5.4128E-02 5.4700E-02 5.5667E-02 8.1660E-02 8.6138E-02 5.8851E-02 1.7588E-02 0
 0 4.3610E-03 3.3832E-02 5.9104E-02 7.8907E-02 8.6096E-02 7.3293E-02 6.9610E-02 7.1475E-02 6.9022E-02 5.9136E-02 5.9365E-02 5.5112E-02 5.3518E-02 5.2185E-02 5.9666E-02 6.5397E-02 5.3769E-02 5.4798E-02 5.6419E-02 7.9568E-02 8.8750E-02 5.8986E-02 1.7438E-02 0
 0 4.4457E-03 3.3287E-02 5.8051E-02 7.8564E-02 8.6264E-02 7.6261E-02 7.0049E-02 7.3068E-02 6.8980E-02 5.9024E-02 6.0465E-02 5.4600E-02 5.3618E-02 5.1460E-02 5.9349E-02 6.3543E-02 5.5805E-02 5.7567E-02 5.5589E-02 8.1543E-02 8.6540E-02 5.8047E-02 1.7329E-02 0
 0 4.3149E-03 3.3430E-02 5.8650E-02 7.9491E-02 8.7974E-02 7.5085E-02 6.9053E-02 7.4780E-02 7.1146E-02 6.0258E-02 6.0311E-02 5.6641E-02 5.3646E-02 5.0903E-02 5.9081E-02 6.6895E-02 5.4391E-02 5.6959E-02 5.7253E-02 8.3364E-02 8.7678E-02 5.8524E-02 1.7573E-02 0
 0 4.4263E-03 3.3509E-02 5.7247E-02 8.0304E-02 8.7578E-02 7.5794E-02 6.9600E-02 7.2596E-02 7.2206E-02 5.9424E-02 6.0212E-02 5.4262E-02 5.5234E-02 5.1950E-02 5.7038E-02 6.5520E-02 5.4293E-02 5.8028E-02 5.7110E-02 8.2355E-02 8.8315E-02 5.8387E-02 1.7308E-02 0
 0 4.3773E-03 3.2940E-02 5.8698E-02 7.8952E-02 8.8877E-02 7.6010E-02 7.0279E-02 7.4585E-02 7.1718E-02 6.0297E-02 6.1472E-02 5.6193E-02 5.5540E-02 5.2051E-02 5.8949E-02 6.8206E-02 5.5577E-02 5.7196E-02 5.8246E-02 8.3282E-02 8.8240E-02 5.9017E-02 1.7207E-02 0
 0 4.2272E-03 3.2813E-02 5.8795E-02 7.9953E-02 8.9581E-02 7.7913E-02 7.2209E-02 7.4680E-02 7.2677E-02 6.0564E-02 6.3147E-02 5.7845E-02 5.5513E-02 5.2810E-02 6.1519E-02 6.8955E-02 5.5800E-02 5.7744E-02 5.8369E-02 8.4649E-02 8.7809E-02 5.8119E-02 1.7039E-02 0
 0 4.1797E-03 3.2533E-02 5.8650E-02 7.9481E-02 9.0712E-02 7.6939E-02 7.2805E-02 7.4355E-02 7.1559E-02 6.1232E-02 6.2296E-02 5.7410E-02 5.6208E-02 5.3357E-02 6.0422E-02 6.7707E-02 5.7521E-02 5.8980E-02 6.0421E-02 8.5155E-02 8.8921E-02 5.8693E-02 1.6844E-02 0
 0 4.1165E-03 3.2812E-02 5.8323E-02 7.8944E-02 9.1153E-02 7.7756E-02 7.2872E-02 7.4192E-02 7.3767E-02 6.0512E-02 6.2905E-02 5.8940E-02 5.5549E-02 5.3381E-02 5.9612E-02 6.8705E-02 5.7652E-02 5.8599E-02 5.9546E-02 8.5110E-02 8.8820E-02 5.8395E-02 1.6669E-02 0
 0 4.1444E-03 3.2370E-02 5.7813E-02 7.9597E-02 9.2162E-02 7.8542E-02 7.3604E-02 7.4614E-02 7.3718E-02 6.1444E-02 6.3465E-02 5.9176E-02 5.6748E-02 5.3650E-02 6.0471E-02 6.8965E-02 5.8255E-02 6.0997E-02 5.9595E-02 8.6236E-02 9.1427E-02 5.8093E-02 1.6663E-02 0
 0 4.1065E-03 3.2165E-02 5.8134E-02 7.8432E-02 9.3088E-02 7.8275E-02 7.4602E-02 7.5010E-02 7.2962E-02 6.1263E-02 6.3315E-02 6.1112E-02 5.7151E-02 5.5268E-02 6.0885E-02 6.9762E-02 5.8532E-02 6.0690E-02 6.0875E-02 8.5994E-02 9.0938E-02 5.7859E-02 1.6469E-02 0
 0 3.9995E-03 3.2101E-02 5.8111E-02 7.9603E-02 9.2092E-02 7.9776E-02 7.5518E-02 7.6999E-02 7.6413E-02 6.2626E-02 6.4925E-02 6.1699E-02 5.8355E-02 5.5662E-02 6.2953E-02 7.0858E-02 6.1001E-02 6.1244E-02 6.0965E-02 8.7629E-02 9.0501E-02 5.8678E-02 1.6543E-02 0
 0 4.0790E-03 3.1879E-02 5.8885E-02 7.8920E-02 9.3341E-02 7.9417E-02 7.6412E-02 7.6644E-02 7.4920E-02 6.4593E-02 6.4794E-02 6.0921E-02 5.9224E-02 5.6037E-02 6.3187E-02 7.0653E-02 5.9669E-02 6.1950E-02 6.0842E-02 8.6363E-02 9.1615E-02 5.7912E-02 1.6195E-02 0
 0 4.0289E-03 3.1742E-02 5.8534E-02 7.8177E-02 9.4660E-02 8.1328E-02 7.6492E-02 7.6052E-02 7.6449E-02 6.3286E-02 6.5040E-02 6.2519E-02 6.1334E-02 5.6411E-02 6.1997E-02 7.1240E-02 6.1807E-02 6.2745E-02 6.1341E-02 8.7619E-02 9.1714E-02 5.8057E-02 1.6124E-02 0
 0 3.9821E-03 3.1367E-02 5.7618E-02 7.9759E-02 9.5556E-02 8.1920E-02 7.6682E-02 7.7512E-02 7.7402E-02 6.3418E-02 6.5415E-02 6.2459E-02 6.1352E-02 5.7900E-02 6.3767E-02 7.2826E-02 6.2420E-02 6.3135E-02 6.2089E-02 8.8605E-02 9.2588E-02 5.6958E-02 1.5941E-02 0
 0 3.9189E-03 3.1481E-02 5.9114E-02 7.8324E-02 9.5591E-02 8.0556E-02 7.6956E-02 8.0855E-02 7.7163E-02 6.3144E-02 6.5457E-02 6.4107E-02 6.0208E-02 5.7396E-02 6.4323E-02 7.2199E-02 6.3392E-02 6.5147E-02 6.3565E-02 8.8755E-02 9.2614E-02 5.7190E-02 1.5803E-02 0
 0 3.9111E-03 3.1215E-02 5.8471E-02 7.9576E-02 9.5549E-02 8.2365E-02 7.7088E-02 7.9719E-02 7.8110E-02 6.6592E-02 6.5752E-02 6.3786E-02 6.0954E-02 5.7588E-02 6.4147E-02 7.3266E-02 6.2230E-02 6.5394E-02 6.3377E-02 8.8899E-02 9.3202E-02 5.7940E-02 1.5564E-02 0
 0 3.9081E-03 3.0949E-02 5.7710E-02 7.7618E-02 9.6723E-02 8.2951E-02 7.7967E-02 8.1126E-02 7.8181E-02 6.6870E-02 6.6978E-02 6.5510E-02 6.1773E-02 5.8443E-02 6.4098E-02 7.3031E-02 6.2702E-02 6.5528E-02 6.6238E-02 8.7629E-02 9.2311E-02 5.6790E-02 1.5520E-02 0
 0 3.8651E-03 3.0753E-02 5.7105E-02 7.9070E-02 9.6347E-02 8.4193E-02 8.0210E-02 7.9986E-02 7.9199E-02 6.6036E-02 6.7350E-02 6.5354E-02 6.2592E-02 5.9062E-02 6.7180E-02 7.2742E-02 6.3917E-02 6.7169E-02 6.5980E-02 9.1232E-02 9.3244E-02 5.6337E-02 1.5591E-02 0
 0 3.8324E-03 3.0235E-02 5.8102E-02 7.8436E-02 9.6472E-02 8.4444E-02 8.0166E-02 8.0433E-02 7.9658E-02 6.6596E-02 6.9465E-02 6.6309E-02 6.3681E-02 5.9619E-02 6.5547E-02 7.4264E-02 6.4481E-02 6.6235E-02 6.6491E-02 9.1457E-02 9.3888E-02 5.6784E-02 1.5141E-02 0
 0 3.7480E-03 3.0063E-02 5.7902E-02 8.0278E-02 9.6550E-02 8.4657E-02 8.0729E-02 8.2615E-02 8.0152E-02 6.6457E-02 6.9281E-02 6.6245E-02 6.3512E-02 6.0805E-02 6.4074E-02 7.6877E-02 6.5248E-02 6.7736E-02 6.6344E-02 9.2221E-02 9.2837E-02 5.6229E-02 1.5328E-02 0
 0 3.7614E-03 3.0339E-02 5.7374E-02 7.9611E-02 9.6880E-02 8.4079E-02 8.0713E-02 8.2353E-02 8.1070E-02 6.7788E-02 6.9703E-02 6.7395E-02 6.4354E-02 6.1588E-02 6.7483E-02 7.4617E-02 6.7042E-02 6.7141E-02 6.7051E-02 9.1718E-02 9.4116E-02 5.7187E-02 1.5064E-02 0
 0 3.7202E-03 3.0124E-02 5.7802E-02 7.8338E-02 9.7882E-02 8.5076E-02 8.2096E-02 8.2505E-02 8.1306E-02 6.6780E-02 7.0170E-02 6.8126E-02 6.4034E-02 5.9043E-02 6.6907E-02 7.5625E-02 6.5190E-02 6.9772E-02 6.5940E-02 9.2162E-02 9.5073E-02 5.5981E-02 1.4910E-02 0
 0 3.7027E-03 2.9989E-02 5.7908E-02 7.8387E-02 9.9441E-02 8.5392E-02 8.2385E-02 8.4720E-02 8.1801E-02 6.6502E-02 7.1121E-02 6.9664E-02 6.6006E-02 6.1924E-02 6.6961E-02 7.6672E-02 6.7095E-02 6.9888E-02 6.6540E-02 9.4251E-02 9.4013E-02 5.6212E-02 1.5033E-02 0
 0 3.6188E-03 2.9406E-02 5.7377E-02 7.8674E-02 9.7864E-02 8.5722E-02 8.2704E-02 8.3701E-02 8.2295E-02 6.8466E-02 7.0067E-02 7.0771E-02 6.6157E-02 6.2280E-02 6.8258E-02 7.9427E-02 6.6915E-02 6.9497E-02 6.6761E-02 9.3441E-02 9.4010E-02 5.6197E-02 1.4643E-02 0
 0 3.6953E-03 2.9601E-02 5.7429E-02 7.8850E-02 1.0038E-01 8.5708E-02 8.3442E-02 8.5595E-02 8.3300E-02 6.9443E-02 7.1806E-02 7.1582E-02 6.6514E-02 6.2145E-02 6.6917E-02 7.8620E-02 6.8787E-02 7.2142E-02 6.8323E-02 9.1770E-02 9.5759E-02 5.5210E-02 1.4657E-02 0
 0 3.5716E-03 2.9055E-02 5.6633E-02 7.9387E-02 9.9874E-02 8.6306E-02 8.4158E-02 8.3439E-02 8.6428E-02 7.0736E-02 7.2293E-02 7.1417E-02 6.7786E-02 6.3384E-02 6.9511E-02 7.8355E-02 6.6595E-02 7.1900E-02 6.7869E-02 9.6183E-02 9.3672E-02 5.6629E-02 1.4366E-02 0
 0 3.6084E-03 2.8759E-02 5.6953E-02 7.7395E-02 1.0092E-01 8.5933E-02 8.5095E-02 8.5315E-02 8.5491E-02 7.0065E-02 7.2128E-02 7.2338E-02 6.6862E-02 6.3624E-02 6.9448E-02 8.0743E-02 6.9355E-02 7.1463E-02 6.9046E-02 9.5971E-02 9.5661E-02 5.6269E-02 1.4178E-02 0
 0 3.5983E-03 2.9093E-02 5.6027E-02 7.7907E-02 1.0123E-01 8.6306E-02 8.5642E-02 8.7443E-02 8.5685E-02 6.9825E-02 7.3328E-02 7.3276E-02 6.7415E-02 6.5199E-02 6.9336E-02 8.0195E-02 6.9540E-02 7.2876E-02 7.0845E-02 9.6542E-02 9.6088E-02 5.4829E-02 1.4184E-02 0
 0 3.5408E-03 2.8501E-02 5.6838E-02 7.7765E-02 1.0206E-01 8.7653E-02 8.7058E-02 8.6008E-02 8.7259E-02 7.1028E-02 7.5224E-02 7.1890E-02 6.9955E-02 6.4100E-02 6.9940E-02 8.3122E-02 7.0167E-02 7.3713E-02 7.0681E-02 9.6033E-02 9.4144E-02 5.4964E-02 1.4062E-02 0
 0 3.4962E-03 2.7954E-02 5.7553E-02 8.0355E-02 1.0043E-01 8.8118E-02 8.5645E-02 8.6153E-02 8.5452E-02 7.1706E-02 7.3830E-02 7.4823E-02 7.0129E-02 6.6203E-02 7.0179E-02 8.0729E-02 6.9438E-02 7.5121E-02 7.2255E-02 9.7922E-02 9.5468E-02 5.4673E-02 1.3921E-02 0
 0 3.4880E-03 2.8234E-02 5.6378E-02 7.8055E-02 1.0231E-01 8.7807E-02 8.6569E-02 8.8022E-02 8.7757E-02 7.1605E-02 7.5784E-02 7.4827E-02 7.0948E-02 6.6102E-02 6.9574E-02 8.2485E-02 7.1727E-02 7.4767E-02 7.3248E-02 9.7054E-02 9.6079E-02 5.4721E-02 1.3532E-02 0
 0 3.4572E-03 2.8298E-02 5.6521E-02 7.8442E-02 1.0145E-01 8.9735E-02 8.8112E-02 8.7355E-02 8.7433E-02 7.1998E-02 7.5588E-02 7.8343E-02 7.0124E-02 6.5391E-02 7.0121E-02 8.1570E-02 7.3705E-02 7.5362E-02 7.2537E-02 9.8072E-02 9.5931E-02 5.4397E-02 1.3534E-02 0
 0 3.4423E-03 2.8056E-02 5.6036E-02 7.8072E-02 1.0281E-01 9.0610E-02 8.8106E-02 8.7122E-02 8.7724E-02 7.2731E-02 7.4791E-02 7.8867E-02 7.1003E-02 6.7735E-02 7.0891E-02 8.2172E-02 7.4507E-02 7.7505E-02 7.3690E-02 9.6199E-02 9.6091E-02 5.4003E-02 1.3505E-02 0
 0 3.3588E-03 2.7442E-02 5.5957E-02 7.6892E-02 1.0314E-01 9.1046E-02 8.8029E-02 8.9228E-02 8.8930E-02 7.4014E-02 7.7428E-02 7.8017E-02 7.3122E-02 6.8105E-02 7.2222E-02 8.2569E-02 7.4075E-02 7.8137E-02 7.3682E-02 9.8213E-02 9.6467E-02 5.3937E-02 1.3328E-02 0
 0 3.3892E-03 2.7409E-02 5.5879E-02 7.8344E-02 1.0260E-01 9.0627E-02 8.8994E-02 8.9048E-02 8.8642E-02 7.3851E-02 7.6588E-02 7.8913E-02 7.3904E-02 6.8417E-02 7.1252E-02 8.5010E-02 7.4760E-02 7.8202E-02 7.5321E-02 9.8546E-02 9.6147E-02 5.2494E-02 1.3355E-02 0
 0 3.4479E-03 2.7158E-02 5.5864E-02 7.7521E-02 1.0205E-01 9.1100E-02 9.1280E-02 8.9521E-02 9.1470E-02 7.3576E-02 7.8849E-02 8.0012E-02 7.4138E-02 7.0914E-02 7.4231E-02 8.4130E-02 7.6412E-02 7.9317E-02 7.4573E-02 9.7929E-02 9.6556E-02 5.3694E-02 1.3190E-02 0
 0 3.3491E-03 2.6712E-02 5.5773E-02 7.7342E-02 1.0511E-01 9.1610E-02 9.0198E-02 9.0304E-02 9.0397E-02 7.4876E-02 7.7726E-02 8.1651E-02 7.5776E-02 7.1413E-02 7.3163E-02 8.3484E-02 7.7030E-02 7.8843E-02 7.6470E-02 9.9078E-02 9.7261E-02 5.2776E-02 1.2893E-02 0
 0 3.2573E-03 2.6808E-02 5.6278E-02 7.7565E-02 1.0400E-01 9.1578E-02 9.0610E-02 9.0443E-02 9.1896E-02 7.6541E-02 7.9194E-02 8.0062E-02 7.4938E-02 7.0097E-02 7.3987E-02 8.3841E-02 7.6335E-02 8.1701E-02 7.6584E-02 1.0128E-01 9.5856E-02 5.2852E-02 1.2746E-02 0
 0 3.2599E-03 2.6046E-02 5.5101E-02 7.6480E-02 1.0465E-01 9.3475E-02 9.0041E-02 9.0644E-02 9.2724E-02 7.5905E-02 8.0581E-02 8.2395E-02 7.6783E-02 7.1543E-02 7.2998E-02 8.8441E-02 7.6709E-02 8.1924E-02 7.8056E-02 1.0074E-01 9.7094E-02 5.3341E-02 1.2768E-02 0
 0 3.1860E-03 2.6094E-02 5.4171E-02 7.7153E-02 1.0442E-01 9.2706E-02 9.1968E-02 9.2278E-02 9.3318E-02 7.7817E-02 8.1190E-02 8.2817E-02 7.4879E-02 7.1149E-02 7.4304E-02 8.6909E-02 7.7807E-02 8.3607E-02 7.7447E-02 1.0223E-01 9.7367E-02 5.3209E-02 1.2567E-02 0
 0 3.2369E-03 2.6064E-02 5.4826E-02 7.6368E-02 1.0451E-01 9.2931E-02 9.1209E-02 9.2312E-02 9.3296E-02 7.8422E-02 8.0715E-02 8.3895E-02 7.9295E-02 7.2489E-02 7.5148E-02 8.7188E-02 7.8400E-02 8.2082E-02 7.7712E-02 1.0085E-01 9.6248E-02 5.1762E-02 1.2149E-02 0
 0 3.1485E-03 2.5468E-02 5.4661E-02 7.5933E-02 1.0509E-01 9.4509E-02 9.4100E-02 9.3414E-02 9.3448E-02 7.8554E-02 8.3351E-02 8.4288E-02 7.9666E-02 7.3017E-02 7.5777E-02 8.9645E-02 7.8838E-02 8.2385E-02 7.9719E-02 1.0238E-01 9.6488E-02 5.1924E-02 1.2203E-02 0
 0 3.1355E-03 2.5509E-02 5.4734E-02 7.6477E-02 1.0478E-01 9.3139E-02 9.5086E-02 9.2567E-02 9.4646E-02 7.8728E-02 8.3493E-02 8.5919E-02 7.7437E-02 7.3277E-02 7.5046E-02 8.7903E-02 7.9343E-02 8.4276E-02 8.1277E-02 1.0379E-01 9.8547E-02 5.1966E-02 1.2108E-02 0
 0 3.2399E-03 2.5585E-02 5.5180E-02 7.6150E-02 1.0533E-01 9.5107E-02 9.4361E-02 9.3924E-02 9.3635E-02 7.8672E-02 8.3811E-02 8.5953E-02 7.9176E-02 7.3704E-02 7.6240E-02 8.5984E-02 8.1112E-02 8.5893E-02 7.9535E-02 1.0279E-01 9.7532E-02 5.2077E-02 1.1992E-02 0
 0 3.1537E-03 2.5007E-02 5.3629E-02 7.5615E-02 1.0605E-01 9.5247E-02 9.2982E-02 9.3521E-02 9.6298E-02 7.9976E-02 8.2355E-02 8.7723E-02 7.9698E-02 7.6768E-02 7.6377E-02 9.1132E-02 8.2147E-02 8.6223E-02 8.1837E-02 1.0363E-01 9.6415E-02 5.1243E-02 1.1935E-02 0
 0 3.0248E-03 2.4660E-02 5.3786E-02 7.5652E-02 1.0587E-01 9.5118E-02 9.5999E-02 9.4025E-02 9.5490E-02 8.1050E-02 8.4256E-02 8.8276E-02 7.6929E-02 7.6009E-02 7.7903E-02 8.9170E-02 8.3100E-02 8.6614E-02 8.0905E-02 1.0371E-01 9.7875E-02 5.1262E-02 1.1737E-02 0
 0 3.0207E-03 2.4587E-02 5.3899E-02 7.5804E-02 1.0473E-01 9.5489E-02 9.6930E-02 9.4251E-02 9.5768E-02 7.9201E-02 8.4612E-02 9.0592E-02 8.2544E-02 7.5788E-02 7.8986E-02 8.9801E-02 8.5793E-02 8.6577E-02 8.2712E-02 1.0397E-01 9.7936E-02 5.0610E-02 1.1481E-02 0
 0 3.0088E-03 2.4197E-02 5.3974E-02 7.4237E-02 1.0612E-01 9.5041E-02 9.6767E-02 9.5715E-02 9.6847E-02 8.2914E-02 8.6214E-02 9.2219E-02 8.2498E-02 7.6974E-02 7.7757E-02 9.1587E-02 8.3552E-02 8.7292E-02 8.3333E-02 1.0525E-01 9.8448E-02 5.0755E-02 1.1579E-02 0
 0 3.0185E-03 2.4306E-02 5.3174E-02 7.5091E-02 1.0534E-01 9.5959E-02 9.5934E-02 9.5117E-02 9.6437E-02 8.2218E-02 8.4727E-02 8.9422E-02 8.3331E-02 7.8199E-02 7.9532E-02 9.1367E-02 8.4723E-02 8.9797E-02 8.4890E-02 1.0419E-01 9.7966E-02 4.9297E-02 1.1216E-02 0
 0 2.9739E-03 2.3995E-02 5.1982E-02 7.4566E-02 1.0558E-01 9.5893E-02 9.7087E-02 9.6505E-02 9.8954E-02 8.3418E-02 8.5225E-02 9.0634E-02 8.3541E-02 8.0211E-02 8.1770E-02 8.9302E-02 8.4305E-02 9.0346E-02 8.4216E-02 1.0512E-01 9.6467E-02 4.9855E-02 1.1159E-02 0
 0 2.9093E-03 2.3579E-02 5.2558E-02 7.5501E-02 1.0638E-01 9.7944E-02 9.6933E-02 9.7997E-02 9.8340E-02 8.4252E-02 8.8674E-02 9.1441E-02 8.4470E-02 8.0192E-02 8.2531E-02 9.3051E-02 8.4889E-02 8.9305E-02 8.3909E-02 1.0696E-01 9.6587E-02 5.0005E-02 1.0962E-02 0
 0 2.9368E-03 2.3446E-02 5.2811E-02 7.4452E-02 1.0668E-01 9.6685E-02 9.6048E-02 9.5916E-02 9.8389E-02 8.3953E-02 8.7911E-02 9.3499E-02 8.6241E-02 8.0629E-02 8.2092E-02 9.4127E-02 8.7620E-02 9.1275E-02 8.6648E-02 1.0570E-01 9.8166E-02 4.8712E-02 1.0881E-02 0
 0 2.8829E-03 2.3139E-02 5.1843E-02 7.3787E-02 1.0495E-01 9.8334E-02 9.9311E-02 9.7997E-02 9.8786E-02 8.4311E-02 9.0022E-02 9.3085E-02 8.5157E-02 8.0638E-02 8.0985E-02 9.1426E-02 8.7960E-02 9.3845E-02 8.5978E-02 1.0709E-01 9.8079E-02 4.9222E-02 1.0877E-02 0
 0 2.8863E-03 2.3144E-02 5.1276E-02 7.2439E-02 1.0562E-01 9.6990E-02 9.8727E-02 9.9391E-02 9.9866E-02 8.6456E-02 8.9214E-02 9.4864E-02 8.7216E-02 8.0456E-02 8.0566E-02 9.6031E-02 8.8728E-02 9.1154E-02 8.8565E-02 1.0555E-01 9.8331E-02 4.8624E-02 1.0699E-02 0
 0 2.8309E-03 2.3180E-02 5.1660E-02 7.3667E-02 1.0593E-01 9.8385E-02 9.8973E-02 9.8230E-02 1.0001E-01 8.4746E-02 9.0689E-02 9.4513E-02 8.9101E-02 8.0283E-02 8.3150E-02 9.4494E-02 9.0565E-02 9.5416E-02 8.8929E-02 1.0740E-01 9.6558E-02 4.8604E-02 1.0376E-02 0
 0 2.7696E-03 2.2174E-02 5.0833E-02 7.3468E-02 1.0601E-01 9.8451E-02 1.0051E-01 9.9989E-02 1.0002E-01 8.5528E-02 9.1478E-02 9.5506E-02 8.9870E-02 8.2593E-02 8.3413E-02 9.5429E-02 8.9496E-02 9.3376E-02 8.8749E-02 1.0753E-01 9.7384E-02 4.8133E-02 1.0629E-02 0
 0 2.8447E-03 2.2550E-02 5.1227E-02 7.2921E-02 1.0508E-01 9.7648E-02 9.9246E-02 9.8227E-02 9.9239E-02 8.6769E-02 9.1494E-02 9.7623E-02 8.9609E-02 8.4326E-02 8.3248E-02 9.6447E-02 8.9627E-02 9.5002E-02 8.9514E-02 1.0836E-01 9.5682E-02 4.7725E-02 1.0449E-02 0
 0 2.8970E-03 2.1926E-02 5.0610E-02 7.2825E-02 1.0468E-01 9.9385E-02 1.0131E-01 9.8016E-02 1.0216E-01 8.7283E-02 9.1582E-02 9.8012E-02 8.8694E-02 8.5152E-02 8.4925E-02 9.6951E-02 9.1892E-02 9.6754E-02 8.9971E-02 1.0888E-01 9.6521E-02 4.7122E-02 1.0199E-02 0
 0 2.7373E-03 2.1395E-02 5.1318E-02 7.2171E-02 1.0581E-01 9.9675E-02 1.0350E-01 1.0130E-01 1.0305E-01 8.8375E-02 9.3057E-02 9.8760E-02 9.0868E-02 8.6209E-02 8.6256E-02 9.8615E-02 9.1314E-02 9.6489E-02 8.9530E-02 1.0725E-01 9.6091E-02 4.6272E-02 1.0138E-02 0
 0 2.7340E-03 2.1800E-02 5.0201E-02 7.2386E-02 1.0555E-01 1.0066E-01 1.0124E-01 1.0114E-01 1.0205E-01 8.8284E-02 9.4076E-02 9.9748E-02 9.2790E-02 8.6444E-02 8.6734E-02 9.8889E-02 9.1829E-02 9.7939E-02 9.0957E-02 1.0872E-01 9.6772E-02 4.6203E-02 9.7017E-03 0
 0 2.7273E-03 2.1816E-02 4.9519E-02 7.2287E-02 1.0646E-01 1.0029E-01 1.0190E-01 1.0100E-01 1.0286E-01 8.9581E-02 9.3643E-02 9.9148E-02 9.2968E-02 8.8749E-02 8.5305E-02 1.0015E-01 9.3899E-02 9.8678E-02 9.1656E-02 1.0890E-01 9.6925E-02 4.7037E-02 9.7368E-03 0
 0 2.6686E-03 2.1020E-02 5.0429E-02 7.1860E-02 1.0504E-01 9.9240E-02 1.0390E-01 1.0295E-01 1.0290E-01 9.0530E-02 9.4858E-02 1.0213E-01 9.4579E-02 8.7803E-02 8.7378E-02 9.8512E-02 9.3739E-02 9.9705E-02 9.3961E-02 1.0979E-01 9.5750E-02 4.6405E-02 9.6304E-03 0
 0 2.6820E-03 2.1014E-02 4.9032E-02 7.0393E-02 1.0530E-01 1.0076E-01 1.0192E-01 1.0341E-01 1.0484E-01 8.8663E-02 9.7184E-02 1.0207E-01 9.1184E-02 8.8490E-02 8.8294E-02 9.9265E-02 9.3384E-02 1.0033E-01 9.3875E-02 1.1032E-01 9.5809E-02 4.6344E-02 9.7863E-03 0
 0 2.7184E-03 2.0617E-02 4.9065E-02 7.2358E-02 1.0548E-01 1.0249E-01 1.0423E-01 1.0143E-01 1.0501E-01 9.2074E-02 9.5578E-02 1.0361E-01 9.4652E-02 8.8619E-02 8.8363E-02 1.0037E-01 9.5236E-02 1.0267E-01 9.6778E-02 1.0950E-01 9.6615E-02 4.5825E-02 9.4348E-03 0
 0 2.6898E-03 2.0262E-02 4.9020E-02 7.1311E-02 1.0504E-01 1.0041E-01 1.0246E-01 1.0099E-01 1.0561E-01 9.1563E-02 9.6230E-02 1.0438E-01 9.5087E-02 8.9700E-02 8.7553E-02 1.0150E-01 9.7107E-02 1.0228E-01 9.5269E-02 1.1064E-01 9.5943E-02 4.5145E-02 9.3146E-03 0
 0 2.5857E-03 2.0364E-02 4.7845E-02 7.0143E-02 1.0499E-01 1.0017E-01 1.0454E-01 1.0221E-01 1.0525E-01 9.3520E-02 9.6759E-02 1.0482E-01 9.5325E-02 9.1294E-02 8.9333E-02 1.0382E-01 9.8376E-02 1.0299E-01 9.4726E-02 1.1067E-01 9.5054E-02 4.4637E-02 9.3486E-03 0
 0 2.5932E-03 2.0143E-02 4.8112E-02 7.0788E-02 1.0446E-01 1.0046E-01 1.0495E-01 1.0310E-01 1.0350E-01 9.4225E-02 9.6969E-02 1.0582E-01 9.6506E-02 9.2476E-02 8.9635E-02 1.0422E-01 9.8560E-02 1.0367E-01 9.6675E-02 1.1107E-01 9.6620E-02 4.4882E-02 9.2174E-03 0
 0 2.5991E-03 1.9713E-02 4.7982E-02 7.0408E-02 1.0381E-01 1.0081E-01 1.0618E-01 1.0259E-01 1.0674E-01 9.3089E-02 9.8582E-02 1.0584E-01 9.7892E-02 9.2917E-02 9.1708E-02 1.0308E-01 9.8833E-02 1.0419E-01 9.7350E-02 1.1151E-01 9.3996E-02 4.3994E-02 9.0972E-03 0
 0 2.5092E-03 1.9263E-02 4.7875E-02 6.9267E-02 1.0435E-01 1.0243E-01 1.0578E-01 1.0273E-01 1.0600E-01 9.4034E-02 9.8000E-02 1.0623E-01 9.7467E-02 9.3695E-02 9.1635E-02 1.0301E-01 1.0143E-01 1.0598E-01 9.7207E-02 1.1031E-01 9.5783E-02 4.3629E-02 9.0385E-03 0
 0 2.4791E-03 1.9641E-02 4.7958E-02 7.1008E-02 1.0389E-01 1.0094E-01 1.0513E-01 1.0464E-01 1.0753E-01 9.5324E-02 1.0124E-01 1.0900E-01 1.0007E-01 9.3239E-02 9.2576E-02 1.0468E-01 9.9085E-02 1.0463E-01 1.0001E-01 1.1213E-01 9.4850E-02 4.4297E-02 8.8643E-03 0
 0 2.4650E-03 1.9431E-02 4.7230E-02 6.9641E-02 1.0438E-01 1.0238E-01 1.0639E-01 1.0508E-01 1.0757E-01 9.5887E-02 1.0184E-01 1.1068E-01 1.0194E-01 9.2961E-02 9.3649E-02 1.0580E-01 1.0055E-01 1.0607E-01 9.8576E-02 1.1283E-01 9.5390E-02 4.3454E-02 8.7555E-03 0
 0 2.5070E-03 1.9398E-02 4.6873E-02 6.9206E-02 1.0494E-01 1.0057E-01 1.0642E-01 1.0399E-01 1.0808E-01 9.7246E-02 1.0001E-01 1.0798E-01 1.0154E-01 9.5487E-02 9.2981E-02 1.0646E-01 9.9868E-02 1.0707E-01 1.0035E-01 1.1315E-01 9.6138E-02 4.3335E-02 8.5485E-03 0
 0 2.4320E-03 1.8479E-02 4.7061E-02 6.9460E-02 1.0253E-01 1.0467E-01 1.0651E-01 1.0388E-01 1.0725E-01 9.5682E-02 1.0057E-01 1.1054E-01 1.0089E-01 9.7921E-02 9.3985E-02 1.0621E-01 1.0168E-01 1.0736E-01 9.9275E-02 1.1207E-01 9.5442E-02 4.2588E-02 8.6025E-03 0
 0 2.4372E-03 1.8667E-02 4.5785E-02 6.9326E-02 1.0466E-01 1.0321E-01 1.0703E-01 1.0481E-01 1.0771E-01 9.6384E-02 1.0320E-01 1.1127E-01 1.0365E-01 9.8109E-02 9.5238E-02 1.0359E-01 1.0356E-01 1.0930E-01 1.0115E-01 1.1100E-01 9.3164E-02 4.2645E-02 8.4375E-03 0
 0 2.4758E-03 1.8264E-02 4.6709E-02 6.7614E-02 1.0279E-01 1.0331E-01 1.0670E-01 1.0610E-01 1.0847E-01 9.8341E-02 1.0299E-01 1.0982E-01 1.0441E-01 9.8771E-02 9.4897E-02 1.0570E-01 1.0486E-01 1.0856E-01 1.0190E-01 1.1122E-01 9.2908E-02 4.2774E-02 8.2948E-03 0
 0 2.4297E-03 1.7928E-02 4.5478E-02 6.7801E-02 1.0250E-01 1.0257E-01 1.0702E-01 1.0628E-01 1.0869E-01 1.0002E-01 1.0346E-01 1.1236E-01 1.0369E-01 9.8594E-02 9.5882E-02 1.0681E-01 1.0381E-01 1.1249E-01 1.0265E-01 1.1201E-01 9.3199E-02 4.1645E-02 8.2948E-03 0
 0 2.3294E-03 1.8266E-02 4.4939E-02 6.7514E-02 1.0280E-01 1.0198E-01 1.0904E-01 1.0661E-01 1.0917E-01 9.8251E-02 1.0288E-01 1.1427E-01 1.0564E-01 9.9487E-02 9.5019E-02 1.0804E-01 1.0395E-01 1.1163E-01 1.0286E-01 1.1220E-01 9.3618E-02 4.2236E-02 8.2448E-03 0
 0 2.4346E-03 1.7617E-02 4.4150E-02 6.8210E-02 1.0226E-01 1.0256E-01 1.0847E-01 1.0550E-01 1.0968E-01 9.9513E-02 1.0454E-01 1.1403E-01 1.0374E-01 9.8459E-02 9.6921E-02 1.1127E-01 1.0829E-01 1.1299E-01 1.0122E-01 1.1453E-01 9.3209E-02 4.1685E-02 7.9434E-03 0
 0 2.3610E-03 1.7772E-02 4.4893E-02 6.7919E-02 1.0349E-01 1.0220E-01 1.0799E-01 1.0710E-01 1.1289E-01 9.8998E-02 1.0619E-01 1.1380E-01 1.0680E-01 1.0012E-01 9.9573E-02 1.0915E-01 1.0626E-01 1.1369E-01 1.0499E-01 1.1338E-01 9.3928E-02 4.0659E-02 7.7035E-03 0
 0 2.2830E-03 1.7205E-02 4.3717E-02 6.6416E-02 1.0169E-01 1.0295E-01 1.0803E-01 1.0507E-01 1.1041E-01 9.9485E-02 1.0519E-01 1.1591E-01 1.0806E-01 1.0320E-01 9.9300E-02 1.1108E-01 1.0751E-01 1.1234E-01 1.0716E-01 1.1285E-01 9.3265E-02 4.1030E-02 7.7910E-03 0
 0 2.3038E-03 1.6989E-02 4.3953E-02 6.6593E-02 1.0209E-01 1.0360E-01 1.0764E-01 1.0595E-01 1.1076E-01 9.9645E-02 1.0799E-01 1.1735E-01 1.0729E-01 1.0466E-01 9.8613E-02 1.1347E-01 1.0866E-01 1.1477E-01 1.0648E-01 1.1309E-01 9.2515E-02 3.9926E-02 7.7559E-03 0
 0 2.2566E-03 1.6755E-02 4.4199E-02 6.5881E-02 1.0069E-01 1.0405E-01 1.0709E-01 1.0496E-01 1.1205E-01 1.0183E-01 1.0763E-01 1.1667E-01 1.1041E-01 1.0294E-01 1.0079E-01 1.1377E-01 1.0896E-01 1.1599E-01 1.0681E-01 1.1447E-01 9.0745E-02 3.9477E-02 7.6719E-03 0
 0 2.2815E-03 1.7083E-02 4.3575E-02 6.5965E-02 1.0135E-01 1.0343E-01 1.0794E-01 1.0863E-01 1.1273E-01 1.0191E-01 1.0766E-01 1.1695E-01 1.1069E-01 1.0394E-01 1.0108E-01 1.1277E-01 1.1077E-01 1.1725E-01 1.0806E-01 1.1525E-01 9.2560E-02 3.9906E-02 7.4717E-03 0
 0 2.2596E-03 1.6251E-02 4.3738E-02 6.5440E-02 1.0119E-01 1.0247E-01 1.1019E-01 1.0644E-01 1.1084E-01 1.0275E-01 1.0834E-01 1.1913E-01 1.0922E-01 1.0543E-01 1.0148E-01 1.1140E-01 1.1186E-01 1.1698E-01 1.0865E-01 1.1223E-01 9.0529E-02 3.8657E-02 7.4401E-03 0
 0 2.2496E-03 1.6373E-02 4.3130E-02 6.4747E-02 9.9178E-02 1.0516E-01 1.0837E-01 1.0814E-01 1.1193E-01 1.0395E-01 1.0958E-01 1.1984E-01 1.1148E-01 1.0612E-01 1.0023E-01 1.1325E-01 1.1390E-01 1.1751E-01 1.0971E-01 1.1448E-01 9.2358E-02 3.9456E-02 7.2986E-03 0
 0 2.2210E-03 1.6373E-02 4.3282E-02 6.4757E-02 1.0212E-01 1.0525E-01 1.1084E-01 1.0829E-01 1.1274E-01 1.0440E-01 1.1081E-01 1.2018E-01 1.1224E-01 1.0527E-01 1.0150E-01 1.1247E-01 1.1282E-01 1.1773E-01 1.0884E-01 1.1461E-01 9.0604E-02 3.8595E-02 7.5292E-03 0
 0 2.1775E-03 1.5805E-02 4.2082E-02 6.5155E-02 1.0033E-01 1.0387E-01 1.1110E-01 1.0818E-01 1.1295E-01 1.0302E-01 1.1269E-01 1.2175E-01 1.1138E-01 1.0770E-01 1.0313E-01 1.1507E-01 1.1405E-01 1.1870E-01 1.0998E-01 1.1293E-01 9.1801E-02 3.8510E-02 7.0955E-03 0
 0 2.2017E-03 1.5711E-02 4.2029E-02 6.4438E-02 9.9822E-02 1.0444E-01 1.1006E-01 1.0897E-01 1.1282E-01 1.0304E-01 1.1027E-01 1.2231E-01 1.1497E-01 1.0834E-01 1.0342E-01 1.1574E-01 1.1313E-01 1.2126E-01 1.0962E-01 1.1426E-01 9.0447E-02 3.7731E-02 7.0075E-03 0
 0 2.1162E-03 1.5764E-02 4.2342E-02 6.4580E-02 9.9534E-02 1.0405E-01 1.1049E-01 1.0762E-01 1.1324E-01 1.0288E-01 1.1097E-01 1.2069E-01 1.1438E-01 1.1112E-01 1.0588E-01 1.1623E-01 1.1685E-01 1.2010E-01 1.1115E-01 1.1500E-01 9.0861E-02 3.7770E-02 6.9264E-03 0
 0 2.1894E-03 1.5611E-02 4.2603E-02 6.3394E-02 9.8498E-02 1.0512E-01 1.1201E-01 1.0742E-01 1.1400E-01 1.0663E-01 1.1335E-01 1.2039E-01 1.1454E-01 1.0900E-01 1.0525E-01 1.1847E-01 1.1456E-01 1.1908E-01 1.1225E-01 1.1634E-01 8.9356E-02 3.7395E-02 6.7700E-03 0
 0 2.1526E-03 1.4957E-02 4.1026E-02 6.3431E-02 9.8793E-02 1.0452E-01 1.1245E-01 1.0785E-01 1.1260E-01 1.0675E-01 1.1275E-01 1.2224E-01 1.1604E-01 1.1106E-01 1.0780E-01 1.1852E-01 1.1607E-01 1.1967E-01 1.1311E-01 1.1485E-01 8.9149E-02 3.7404E-02 6.7746E-03 0
 0 2.1110E-03 1.4865E-02 4.0654E-02 6.3823E-02 9.7574E-02 1.0302E-01 1.1150E-01 1.0843E-01 1.1255E-01 1.0715E-01 1.1346E-01 1.2445E-01 1.1701E-01 1.1271E-01 1.0561E-01 1.1843E-01 1.1773E-01 1.2219E-01 1.1364E-01 1.1360E-01 8.9427E-02 3.6477E-02 6.5865E-03 0
 0 2.1040E-03 1.5078E-02 4.0666E-02 6.2811E-02 9.6670E-02 1.0469E-01 1.1131E-01 1.0865E-01 1.1205E-01 1.0545E-01 1.1330E-01 1.2441E-01 1.1648E-01 1.1326E-01 1.0827E-01 1.1912E-01 1.1871E-01 1.2406E-01 1.1310E-01 1.1327E-01 8.9812E-02 3.6456E-02 6.6072E-03 0
 0 2.0512E-03 1.4710E-02 3.9600E-02 6.1814E-02 9.6593E-02 1.0419E-01 1.1170E-01 1.0894E-01 1.1234E-01 1.0896E-01 1.1420E-01 1.2566E-01 1.1808E-01 1.1426E-01 1.0948E-01 1.1846E-01 1.2027E-01 1.2368E-01 1.1402E-01 1.1332E-01 8.7732E-02 3.6057E-02 6.4893E-03 0
 0 2.1017E-03 1.4505E-02 3.9217E-02 6.1318E-02 9.8302E-02 1.0418E-01 1.0905E-01 1.0999E-01 1.1483E-01 1.0956E-01 1.1501E-01 1.2673E-01 1.1813E-01 1.1576E-01 1.1099E-01 1.1930E-01 1.2214E-01 1.2424E-01 1.1385E-01 1.1445E-01 8.8153E-02 3.5679E-02 6.4019E-03 0
 0 2.0237E-03 1.4249E-02 4.0112E-02 6.1772E-02 9.7011E-02 1.0285E-01 1.1123E-01 1.1057E-01 1.1382E-01 1.0855E-01 1.1623E-01 1.2867E-01 1.1880E-01 1.1519E-01 1.1130E-01 1.2246E-01 1.2083E-01 1.2415E-01 1.1491E-01 1.1532E-01 8.7751E-02 3.5526E-02 6.2725E-03 0
 0 2.0066E-03 1.4252E-02 3.9345E-02 6.1841E-02 9.6159E-02 1.0672E-01 1.1206E-01 1.0853E-01 1.1414E-01 1.0958E-01 1.1618E-01 1.2870E-01 1.1929E-01 1.1555E-01 1.1059E-01 1.1806E-01 1.2304E-01 1.2676E-01 1.1593E-01 1.1377E-01 8.7419E-02 3.4704E-02 6.3259E-03 0
 0 1.9940E-03 1.3964E-02 3.8725E-02 6.0485E-02 9.5729E-02 1.0472E-01 1.1107E-01 1.0899E-01 1.1546E-01 1.0884E-01 1.1845E-01 1.3067E-01 1.1915E-01 1.1639E-01 1.0947E-01 1.2230E-01 1.2252E-01 1.2610E-01 1.1759E-01 1.1344E-01 8.7943E-02 3.5090E-02 6.2000E-03 0
 0 1.9895E-03 1.3615E-02 3.8480E-02 6.1578E-02 9.4838E-02 1.0306E-01 1.1157E-01 1.0905E-01 1.1311E-01 1.1001E-01 1.1779E-01 1.2833E-01 1.2064E-01 1.1800E-01 1.1163E-01 1.2108E-01 1.2232E-01 1.2494E-01 1.2016E-01 1.1357E-01 8.6216E-02 3.4448E-02 6.1747E-03 0
 0 1.9684E-03 1.3808E-02 3.7862E-02 5.8945E-02 9.6623E-02 1.0440E-01 1.1155E-01 1.1075E-01 1.1458E-01 1.1214E-01 1.1886E-01 1.2690E-01 1.2402E-01 1.1762E-01 1.1057E-01 1.2319E-01 1.2226E-01 1.2773E-01 1.1928E-01 1.1472E-01 8.4991E-02 3.3644E-02 6.0769E-03 0
 0 2.0040E-03 1.3343E-02 3.8237E-02 6.0444E-02 9.3701E-02 1.0425E-01 1.1067E-01 1.0983E-01 1.1497E-01 1.1096E-01 1.1805E-01 1.2944E-01 1.2144E-01 1.1820E-01 1.1541E-01 1.2381E-01 1.2582E-01 1.2739E-01 1.1592E-01 1.1399E-01 8.4824E-02 3.3965E-02 6.0222E-03 0
 0 1.9509E-03 1.3418E-02 3.7352E-02 5.9195E-02 9.3932E-02 1.0430E-01 1.1114E-01 1.1125E-01 1.1558E-01 1.1146E-01 1.1866E-01 1.3034E-01 1.2254E-01 1.2187E-01 1.1397E-01 1.2266E-01 1.2480E-01 1.2908E-01 1.1964E-01 1.1578E-01 8.4495E-02 3.3176E-02 5.8830E-03 0
 0 1.9583E-03 1.3137E-02 3.7483E-02 5.8595E-02 9.1376E-02 1.0360E-01 1.1250E-01 1.0890E-01 1.1419E-01 1.1153E-01 1.1910E-01 1.3168E-01 1.2350E-01 1.2000E-01 1.1688E-01 1.2348E-01 1.2764E-01 1.2980E-01 1.2156E-01 1.1420E-01 8.4827E-02 3.3353E-02 5.7536E-03 0
 0 1.8629E-03 1.2998E-02 3.6626E-02 5.8394E-02 9.1836E-02 1.0247E-01 1.1291E-01 1.0826E-01 1.1472E-01 1.1261E-01 1.1977E-01 1.3224E-01 1.2561E-01 1.2040E-01 1.1569E-01 1.2614E-01 1.2500E-01 1.3140E-01 1.2079E-01 1.1546E-01 8.3449E-02 3.3495E-02 5.8882E-03 0
 0 1.9264E-03 1.2792E-02 3.6326E-02 5.7994E-02 9.2006E-02 1.0346E-01 1.1395E-01 1.0943E-01 1.1340E-01 1.1288E-01 1.1978E-01 1.3220E-01 1.2729E-01 1.2264E-01 1.1490E-01 1.2567E-01 1.2890E-01 1.3035E-01 1.2214E-01 1.1414E-01 8.4509E-02 3.2457E-02 5.6346E-03 0
 0 1.9658E-03 1.2710E-02 3.6211E-02 5.8848E-02 9.1045E-02 1.0392E-01 1.1116E-01 1.0947E-01 1.1607E-01 1.1286E-01 1.1965E-01 1.3425E-01 1.2661E-01 1.2215E-01 1.1458E-01 1.2663E-01 1.2683E-01 1.3376E-01 1.2206E-01 1.1357E-01 8.3830E-02 3.2499E-02 5.5730E-03 0
 0 1.8309E-03 1.2504E-02 3.5775E-02 5.8081E-02 8.9979E-02 1.0264E-01 1.1148E-01 1.1026E-01 1.1441E-01 1.1567E-01 1.2203E-01 1.3175E-01 1.2814E-01 1.2422E-01 1.1794E-01 1.2694E-01 1.2792E-01 1.3316E-01 1.2356E-01 1.1542E-01 8.3313E-02 3.2456E-02 5.6541E-03 0
 0 1.9179E-03 1.2315E-02 3.5321E-02 5.8111E-02 9.1118E-02 1.0468E-01 1.1276E-01 1.0925E-01 1.1378E-01 1.1420E-01 1.2030E-01 1.3255E-01 1.2750E-01 1.2492E-01 1.1992E-01 1.2716E-01 1.3060E-01 1.3148E-01 1.2354E-01 1.1519E-01 8.4067E-02 3.1991E-02 5.4695E-03 0
 0 1.8424E-03 1.2090E-02 3.5133E-02 5.7044E-02 9.0472E-02 1.0196E-01 1.1314E-01 1.1008E-01 1.1606E-01 1.1625E-01 1.2394E-01 1.3372E-01 1.2763E-01 1.2665E-01 1.1870E-01 1.2777E-01 1.2929E-01 1.3483E-01 1.2481E-01 1.1571E-01 8.2678E-02 3.1247E-02 5.3913E-03 0
 0 1.8462E-03 1.1742E-02 3.4654E-02 5.6157E-02 8.9531E-02 1.0345E-01 1.1120E-01 1.1009E-01 1.1628E-01 1.1517E-01 1.2447E-01 1.3359E-01 1.3148E-01 1.2656E-01 1.2172E-01 1.2877E-01 1.2970E-01 1.3369E-01 1.2447E-01 1.1471E-01 8.3374E-02 3.1661E-02 5.1468E-03 0
 0 1.8443E-03 1.1919E-02 3.4672E-02 5.7365E-02 8.8312E-02 1.0275E-01 1.1228E-01 1.0836E-01 1.1628E-01 1.1720E-01 1.2281E-01 1.3581E-01 1.2698E-01 1.2657E-01 1.2195E-01 1.3076E-01 1.3366E-01 1.3618E-01 1.2432E-01 1.1423E-01 8.1780E-02 3.1496E-02 5.2624E-03 0
 0 1.8673E-03 1.2016E-02 3.4225E-02 5.6440E-02 8.8912E-02 1.0328E-01 1.1179E-01 1.1012E-01 1.1553E-01 1.1344E-01 1.2261E-01 1.3676E-01 1.2966E-01 1.2781E-01 1.2135E-01 1.2934E-01 1.3253E-01 1.3384E-01 1.2453E-01 1.1457E-01 8.1122E-02 3.1367E-02 5.2014E-03 0
 0 1.8343E-03 1.1564E-02 3.4024E-02 5.6597E-02 8.8024E-02 1.0197E-01 1.1513E-01 1.1101E-01 1.1552E-01 1.1727E-01 1.2434E-01 1.3800E-01 1.3126E-01 1.3035E-01 1.2322E-01 1.2851E-01 1.3358E-01 1.3697E-01 1.2605E-01 1.1302E-01 8.0485E-02 3.0416E-02 5.1014E-03 0
 0 1.7370E-03 1.1314E-02 3.4092E-02 5.4606E-02 8.7708E-02 1.0302E-01 1.1226E-01 1.0933E-01 1.1721E-01 1.1506E-01 1.2301E-01 1.3624E-01 1.3128E-01 1.2946E-01 1.2278E-01 1.2954E-01 1.3372E-01 1.3676E-01 1.2567E-01 1.1180E-01 8.0436E-02 2.9827E-02 5.1577E-03 0
 0 1.7552E-03 1.1421E-02 3.3116E-02 5.4886E-02 8.6256E-02 1.0179E-01 1.1148E-01 1.0966E-01 1.1438E-01 1.1852E-01 1.2270E-01 1.3772E-01 1.3279E-01 1.2978E-01 1.2253E-01 1.2896E-01 1.3348E-01 1.3790E-01 1.2496E-01 1.1462E-01 7.8492E-02 2.9905E-02 5.1088E-03 0
 0 1.7823E-03 1.1072E-02 3.2801E-02 5.4868E-02 8.7696E-02 1.0199E-01 1.1223E-01 1.1058E-01 1.1439E-01 1.1806E-01 1.2408E-01 1.3863E-01 1.3449E-01 1.3183E-01 1.2191E-01 1.3106E-01 1.3645E-01 1.3769E-01 1.2609E-01 1.1232E-01 7.9460E-02 2.9449E-02 4.9518E-03 0
 0 1.7722E-03 1.0941E-02 3.2313E-02 5.4616E-02 8.6982E-02 1.0240E-01 1.1017E-01 1.0796E-01 1.1656E-01 1.1803E-01 1.2676E-01 1.3933E-01 1.3424E-01 1.3151E-01 1.2703E-01 1.3307E-01 1.3329E-01 1.3769E-01 1.2535E-01 1.1311E-01 7.8522E-02 2.9186E-02 4.8868E-03 0
 0 1.7503E-03 1.0583E-02 3.2065E-02 5.4384E-02 8.4572E-02 1.0213E-01 1.1089E-01 1.1070E-01 1.1349E-01 1.1871E-01 1.2688E-01 1.3882E-01 1.3438E-01 1.2988E-01 1.2301E-01 1.3295E-01 1.3801E-01 1.4030E-01 1.2804E-01 1.1229E-01 7.7829E-02 2.9168E-02 4.7148E-03 0
 0 1.6846E-03 1.0584E-02 3.2098E-02 5.3634E-02 8.5375E-02 1.0214E-01 1.1212E-01 1.0994E-01 1.1485E-01 1.1775E-01 1.2761E-01 1.3963E-01 1.3392E-01 1.3291E-01 1.2446E-01 1.3365E-01 1.3577E-01 1.4056E-01 1.2835E-01 1.1293E-01 7.6689E-02 2.8462E-02 4.6619E-03 0
 0 1.7054E-03 1.0334E-02 3.2307E-02 5.4295E-02 8.4807E-02 1.0114E-01 1.1091E-01 1.0897E-01 1.1340E-01 1.1926E-01 1.2605E-01 1.3938E-01 1.3574E-01 1.3295E-01 1.2658E-01 1.3287E-01 1.3976E-01 1.4038E-01 1.2661E-01 1.1187E-01 7.6929E-02 2.7979E-02 4.5733E-03 0
 0 1.6790E-03 1.0472E-02 3.2450E-02 5.3004E-02 8.3690E-02 1.0086E-01 1.0992E-01 1.0769E-01 1.1568E-01 1.1816E-01 1.2748E-01 1.4190E-01 1.3506E-01 1.3347E-01 1.2876E-01 1.3447E-01 1.3886E-01 1.4064E-01 1.2809E-01 1.1234E-01 7.8127E-02 2.7583E-02 4.5371E-03 0
 0 1.7633E-03 1.0323E-02 3.1572E-02 5.1759E-02 8.4066E-02 1.0113E-01 1.1072E-01 1.0853E-01 1.1641E-01 1.1929E-01 1.2781E-01 1.3917E-01 1.3557E-01 1.3514E-01 1.2735E-01 1.3732E-01 1.4139E-01 1.4167E-01 1.2807E-01 1.1210E-01 7.6421E-02 2.8006E-02 4.5739E-03 0
 0 1.6998E-03 1.0377E-02 3.1006E-02 5.2520E-02 8.4321E-02 1.0178E-01 1.1153E-01 1.1019E-01 1.1351E-01 1.1862E-01 1.2776E-01 1.4403E-01 1.3761E-01 1.3621E-01 1.2871E-01 1.3663E-01 1.3972E-01 1.4070E-01 1.2936E-01 1.1251E-01 7.7062E-02 2.7523E-02 4.4387E-03 0
 0 1.6994E-03 1.0259E-02 3.1336E-02 5.2369E-02 8.3117E-02 1.0003E-01 1.0982E-01 1.0784E-01 1.1526E-01 1.2027E-01 1.2906E-01 1.4123E-01 1.3764E-01 1.3736E-01 1.2946E-01 1.3458E-01 1.4114E-01 1.4272E-01 1.3048E-01 1.1192E-01 7.5502E-02 2.7049E-02 4.4100E-03 0
 0 1.6493E-03 9.8902E-03 3.0428E-02 5.1633E-02 8.2727E-02 1.0045E-01 1.1114E-01 1.1081E-01 1.1578E-01 1.1803E-01 1.2659E-01 1.4197E-01 1.3778E-01 1.3688E-01 1.3132E-01 1.3659E-01 1.4036E-01 1.4146E-01 1.3123E-01 1.1108E-01 7.5424E-02 2.6938E-02 4.3720E-03 0
 0 1.6515E-03 9.5478E-03 2.9934E-02 5.1310E-02 8.3250E-02 1.0003E-01 1.1014E-01 1.0673E-01 1.1473E-01 1.1882E-01 1.2847E-01 1.4013E-01 1.3825E-01 1.4011E-01 1.3103E-01 1.3642E-01 1.3964E-01 1.4442E-01 1.3259E-01 1.1137E-01 7.4956E-02 2.6855E-02 4.3519E-03 0
 0 1.6006E-03 9.8003E-03 2.9960E-02 5.1655E-02 8.2121E-02 9.9356E-02 1.1097E-01 1.0725E-01 1.1663E-01 1.1936E-01 1.3015E-01 1.4373E-01 1.3757E-01 1.3783E-01 1.3170E-01 1.3738E-01 1.4181E-01 1.4438E-01 1.3004E-01 1.1064E-01 7.3558E-02 2.6426E-02 4.2604E-03 0
 0 1.6140E-03 9.6979E-03 2.9397E-02 5.0653E-02 8.0071E-02 9.8388E-02 1.0940E-01 1.0889E-01 1.1399E-01 1.2115E-01 1.2722E-01 1.4128E-01 1.3873E-01 1.3830E-01 1.3223E-01 1.3986E-01 1.4273E-01 1.4360E-01 1.3520E-01 1.1046E-01 7.3560E-02 2.6233E-02 4.0695E-03 0
 0 1.5843E-03 9.3420E-03 2.9149E-02 5.0877E-02 7.9788E-02 9.8337E-02 1.0988E-01 1.0667E-01 1.1308E-01 1.2149E-01 1.3027E-01 1.4319E-01 1.3760E-01 1.4095E-01 1.3315E-01 1.4090E-01 1.4502E-01 1.4492E-01 1.3353E-01 1.1040E-01 7.3548E-02 2.5918E-02 4.0637E-03 0
 0 1.5289E-03 9.5370E-03 2.9088E-02 5.0881E-02 7.9590E-02 9.8522E-02 1.0940E-01 1.1003E-01 1.1332E-01 1.2067E-01 1.3017E-01 1.4331E-01 1.4020E-01 1.4013E-01 1.3345E-01 1.4091E-01 1.4361E-01 1.4454E-01 1.3467E-01 1.1014E-01 7.3661E-02 2.5499E-02 3.9579E-03 0
 0 1.5668E-03 9.2476E-03 2.8835E-02 4.9179E-02 7.9152E-02 9.8602E-02 1.0754E-01 1.0749E-01 1.1396E-01 1.2141E-01 1.3055E-01 1.4432E-01 1.4102E-01 1.4210E-01 1.3451E-01 1.3878E-01 1.4433E-01 1.4539E-01 1.3391E-01 1.0959E-01 7.2472E-02 2.5460E-02 3.9625E-03 0
 0 1.5587E-03 8.9403E-03 2.8593E-02 4.9813E-02 7.8994E-02 9.7175E-02 1.0900E-01 1.0770E-01 1.1276E-01 1.2308E-01 1.3223E-01 1.4303E-01 1.4319E-01 1.4258E-01 1.3526E-01 1.3991E-01 1.4444E-01 1.4620E-01 1.3179E-01 1.0899E-01 7.2636E-02 2.5282E-02 3.9579E-03 0
 0 1.5832E-03 8.8162E-03 2.8020E-02 4.9760E-02 7.9357E-02 9.8112E-02 1.0881E-01 1.0711E-01 1.1520E-01 1.2181E-01 1.2956E-01 1.4246E-01 1.4495E-01 1.4367E-01 1.3501E-01 1.4203E-01 1.4617E-01 1.4629E-01 1.3439E-01 1.0749E-01 7.1423E-02 2.5121E-02 3.9504E-03 0
 0 1.5237E-03 8.6329E-03 2.8057E-02 4.9258E-02 7.7139E-02 9.7656E-02 1.0982E-01 1.0738E-01 1.1240E-01 1.2342E-01 1.3147E-01 1.4328E-01 1.4428E-01 1.4400E-01 1.3736E-01 1.4443E-01 1.4402E-01 1.4901E-01 1.3144E-01 1.0900E-01 7.0126E-02 2.4421E-02 3.8659E-03 0
 0 1.5824E-03 8.8872E-03 2.8223E-02 4.7824E-02 7.8266E-02 9.6896E-02 1.0720E-01 1.0660E-01 1.1410E-01 1.2240E-01 1.3111E-01 1.4426E-01 1.4291E-01 1.4417E-01 1.3644E-01 1.4282E-01 1.4801E-01 1.4530E-01 1.3380E-01 1.0910E-01 6.9258E-02 2.4242E-02 3.7917E-03 0
 0 1.5817E-03 8.5089E-03 2.7206E-02 4.6385E-02 7.7385E-02 9.8180E-02 1.0722E-01 1.0608E-01 1.1331E-01 1.2239E-01 1.3214E-01 1.4403E-01 1.4221E-01 1.4605E-01 1.3801E-01 1.4077E-01 1.4719E-01 1.4832E-01 1.3584E-01 1.0749E-01 6.9616E-02 2.3503E-02 3.7836E-03 0
 0 1.4725E-03 8.4837E-03 2.6351E-02 4.6932E-02 7.6779E-02 9.6528E-02 1.0947E-01 1.0700E-01 1.1398E-01 1.2213E-01 1.2997E-01 1.4368E-01 1.4191E-01 1.4687E-01 1.3935E-01 1.4329E-01 1.4882E-01 1.4881E-01 1.3307E-01 1.0736E-01 6.9425E-02 2.3521E-02 3.8003E-03 0
 0 1.4836E-03 8.4217E-03 2.6563E-02 4.6989E-02 7.4493E-02 9.6172E-02 1.0776E-01 1.0621E-01 1.1359E-01 1.2390E-01 1.3011E-01 1.4570E-01 1.4319E-01 1.4441E-01 1.4032E-01 1.4469E-01 1.5003E-01 1.4937E-01 1.3588E-01 1.0859E-01 6.8643E-02 2.3369E-02 3.7169E-03 0
 0 1.5360E-03 8.2887E-03 2.6533E-02 4.6226E-02 7.5900E-02 9.4552E-02 1.0697E-01 1.0572E-01 1.1283E-01 1.2414E-01 1.3179E-01 1.4591E-01 1.4387E-01 1.4590E-01 1.3852E-01 1.4461E-01 1.5070E-01 1.4959E-01 1.3463E-01 1.0785E-01 6.8100E-02 2.3258E-02 3.6766E-03 0
 0 1.4710E-03 8.1997E-03 2.5816E-02 4.6747E-02 7.4120E-02 9.5697E-02 1.0869E-01 1.0570E-01 1.1307E-01 1.2471E-01 1.3248E-01 1.4629E-01 1.4466E-01 1.4600E-01 1.4167E-01 1.4641E-01 1.4842E-01 1.4972E-01 1.3678E-01 1.0771E-01 6.7411E-02 2.3125E-02 3.5903E-03 0
 0 1.4309E-03 8.0667E-03 2.6185E-02 4.5081E-02 7.4276E-02 9.3563E-02 1.0745E-01 1.0733E-01 1.1361E-01 1.2385E-01 1.3263E-01 1.4487E-01 1.4821E-01 1.4635E-01 1.4027E-01 1.4591E-01 1.5202E-01 1.4822E-01 1.3685E-01 1.0677E-01 6.7604E-02 2.2388E-02 3.5294E-03 0
 0 1.4260E-03 7.8924E-03 2.5910E-02 4.5659E-02 7.2583E-02 9.5603E-02 1.0704E-01 1.0700E-01 1.1213E-01 1.2400E-01 1.3368E-01 1.4606E-01 1.4569E-01 1.5178E-01 1.4286E-01 1.4651E-01 1.5101E-01 1.5093E-01 1.3617E-01 1.0757E-01 6.6804E-02 2.2462E-02 3.4954E-03 0
 0 1.4606E-03 8.0011E-03 2.5258E-02 4.5173E-02 7.3545E-02 9.4241E-02 1.0562E-01 1.0598E-01 1.1119E-01 1.2408E-01 1.3377E-01 1.4635E-01 1.4524E-01 1.4930E-01 1.4259E-01 1.4371E-01 1.5204E-01 1.4828E-01 1.3884E-01 1.0697E-01 6.5993E-02 2.2790E-02 3.3781E-03 0
 0 1.4907E-03 7.7971E-03 2.5349E-02 4.5244E-02 7.2944E-02 9.3572E-02 1.0628E-01 1.0560E-01 1.1105E-01 1.2339E-01 1.3360E-01 1.4688E-01 1.4492E-01 1.4782E-01 1.4503E-01 1.4609E-01 1.5525E-01 1.4958E-01 1.3465E-01 1.0580E-01 6.5241E-02 2.1887E-02 3.3977E-03 0
 0 1.4402E-03 7.6668E-03 2.4380E-02 4.4817E-02 7.2483E-02 9.3834E-02 1.0388E-01 1.0591E-01 1.1238E-01 1.2473E-01 1.3359E-01 1.4689E-01 1.4734E-01 1.5140E-01 1.4427E-01 1.4907E-01 1.5518E-01 1.4795E-01 1.3819E-01 1.0498E-01 6.4604E-02 2.2162E-02 3.2084E-03 0
 0 1.3934E-03 7.4008E-03 2.4643E-02 4.4351E-02 7.0618E-02 9.3882E-02 1.0564E-01 1.0537E-01 1.1096E-01 1.2148E-01 1.3337E-01 1.4753E-01 1.4905E-01 1.5193E-01 1.4247E-01 1.4711E-01 1.5328E-01 1.4901E-01 1.3674E-01 1.0414E-01 6.4630E-02 2.1301E-02 3.2924E-03 0
 0 1.4038E-03 7.5383E-03 2.4264E-02 4.4248E-02 7.1294E-02 9.2589E-02 1.0480E-01 1.0504E-01 1.0980E-01 1.2457E-01 1.3313E-01 1.4736E-01 1.5131E-01 1.4928E-01 1.4344E-01 1.4989E-01 1.5395E-01 1.4966E-01 1.3882E-01 1.0339E-01 6.5281E-02 2.1424E-02 3.2780E-03 0
 0 1.4264E-03 7.3415E-03 2.4344E-02 4.4020E-02 7.0037E-02 9.2837E-02 1.0451E-01 1.0489E-01 1.1158E-01 1.2397E-01 1.3356E-01 1.4815E-01 1.5039E-01 1.5081E-01 1.4634E-01 1.4958E-01 1.5273E-01 1.5013E-01 1.3872E-01 1.0492E-01 6.4007E-02 2.1127E-02 3.1733E-03 0
 0 1.4108E-03 7.3684E-03 2.3810E-02 4.2846E-02 6.9337E-02 9.1880E-02 1.0613E-01 1.0308E-01 1.1086E-01 1.2317E-01 1.3334E-01 1.4777E-01 1.4834E-01 1.5415E-01 1.4535E-01 1.4897E-01 1.5334E-01 1.5081E-01 1.3843E-01 1.0471E-01 6.1976E-02 2.0849E-02 3.2395E-03 0
 0 1.3740E-03 7.2237E-03 2.3417E-02 4.2944E-02 6.9619E-02 9.1248E-02 1.0326E-01 1.0246E-01 1.1023E-01 1.2265E-01 1.3176E-01 1.4613E-01 1.4741E-01 1.5100E-01 1.4824E-01 1.4952E-01 1.5371E-01 1.5004E-01 1.3716E-01 1.0407E-01 6.2869E-02 2.0584E-02 3.0721E-03 0
 0 1.3324E-03 7.0674E-03 2.3284E-02 4.3233E-02 6.8065E-02 9.0445E-02 1.0303E-01 1.0367E-01 1.0924E-01 1.2418E-01 1.3121E-01 1.4586E-01 1.4769E-01 1.5340E-01 1.4538E-01 1.4898E-01 1.5645E-01 1.5031E-01 1.3743E-01 1.0317E-01 6.2665E-02 2.0429E-02 3.1681E-03 0
 0 1.4023E-03 7.0629E-03 2.3272E-02 4.2641E-02 6.7041E-02 9.2529E-02 1.0413E-01 1.0362E-01 1.0820E-01 1.2342E-01 1.3368E-01 1.4630E-01 1.4873E-01 1.5346E-01 1.4831E-01 1.5216E-01 1.5682E-01 1.5357E-01 1.3887E-01 1.0328E-01 6.2232E-02 2.0075E-02 3.0151E-03 0
 0 1.3347E-03 6.7429E-03 2.3002E-02 4.1415E-02 6.8698E-02 9.0564E-02 1.0392E-01 1.0144E-01 1.0794E-01 1.2352E-01 1.3390E-01 1.4660E-01 1.4816E-01 1.5390E-01 1.4778E-01 1.5044E-01 1.5617E-01 1.5231E-01 1.3957E-01 1.0241E-01 6.1767E-02 1.9847E-02 2.9737E-03 0
 0 1.3447E-03 6.9829E-03 2.2565E-02 4.1696E-02 6.7366E-02 9.0231E-02 1.0295E-01 1.0267E-01 1.0950E-01 1.2464E-01 1.3386E-01 1.4679E-01 1.5168E-01 1.5617E-01 1.4801E-01 1.4984E-01 1.5709E-01 1.5307E-01 1.4072E-01 1.0216E-01 5.9355E-02 1.9909E-02 2.9841E-03 0
 0 1.3711E-03 6.8068E-03 2.2267E-02 4.1230E-02 6.6545E-02 9.0895E-02 1.0234E-01 1.0101E-01 1.0901E-01 1.2512E-01 1.3324E-01 1.4595E-01 1.4973E-01 1.5470E-01 1.5276E-01 1.5213E-01 1.5688E-01 1.5312E-01 1.3848E-01 1.0359E-01 6.0258E-02 1.9894E-02 2.9352E-03 0
 0 1.3517E-03 6.6261E-03 2.2784E-02 4.1698E-02 6.5026E-02 8.8178E-02 1.0148E-01 1.0241E-01 1.0780E-01 1.2343E-01 1.3296E-01 1.4700E-01 1.5188E-01 1.5572E-01 1.5143E-01 1.5502E-01 1.5872E-01 1.5339E-01 1.3864E-01 1.0182E-01 5.9050E-02 1.9214E-02 2.9755E-03 0
 0 1.3558E-03 6.6513E-03 2.1587E-02 4.0634E-02 6.6418E-02 8.7935E-02 1.0089E-01 1.0274E-01 1.0639E-01 1.2392E-01 1.3321E-01 1.4532E-01 1.5159E-01 1.5676E-01 1.4939E-01 1.5320E-01 1.5815E-01 1.5413E-01 1.4037E-01 1.0130E-01 5.9158E-02 1.9028E-02 2.9904E-03 0
 0 1.2715E-03 6.2900E-03 2.1637E-02 4.0097E-02 6.4768E-02 8.7574E-02 1.0138E-01 1.0296E-01 1.0682E-01 1.2432E-01 1.3502E-01 1.4647E-01 1.5224E-01 1.5554E-01 1.4879E-01 1.5248E-01 1.5739E-01 1.5213E-01 1.3885E-01 1.0061E-01 5.8500E-02 1.8809E-02 2.8593E-03 0
 0 1.2827E-03 6.6063E-03 2.1525E-02 4.0404E-02 6.4187E-02 8.9354E-02 1.0273E-01 1.0237E-01 1.0710E-01 1.2450E-01 1.3237E-01 1.4940E-01 1.5144E-01 1.5754E-01 1.5257E-01 1.5282E-01 1.5624E-01 1.5422E-01 1.3685E-01 1.0030E-01 5.8161E-02 1.8742E-02 2.7638E-03 0
 0 1.3506E-03 6.2433E-03 2.1507E-02 3.9180E-02 6.4833E-02 8.6970E-02 9.9932E-02 1.0117E-01 1.0656E-01 1.2294E-01 1.3471E-01 1.4714E-01 1.5160E-01 1.5828E-01 1.5130E-01 1.5544E-01 1.6046E-01 1.4945E-01 1.3936E-01 9.9299E-02 5.8124E-02 1.8776E-02 2.6321E-03 0
 0 1.2804E-03 6.1435E-03 2.1252E-02 3.9410E-02 6.3884E-02 8.7773E-02 1.0032E-01 1.0033E-01 1.0696E-01 1.2274E-01 1.3438E-01 1.4804E-01 1.5293E-01 1.6006E-01 1.5343E-01 1.5282E-01 1.5802E-01 1.5549E-01 1.3842E-01 9.9675E-02 5.7503E-02 1.7983E-02 2.6372E-03 0
 0 1.2752E-03 5.9593E-03 2.0606E-02 3.8308E-02 6.2094E-02 8.7719E-02 9.8776E-02 9.9716E-02 1.0593E-01 1.2259E-01 1.3346E-01 1.4549E-01 1.5375E-01 1.6040E-01 1.5242E-01 1.5371E-01 1.5705E-01 1.5653E-01 1.3929E-01 9.8477E-02 5.6048E-02 1.8049E-02 2.6372E-03 0
 0 1.2277E-03 6.1651E-03 2.0537E-02 3.8932E-02 6.2357E-02 8.7522E-02 1.0079E-01 1.0012E-01 1.0545E-01 1.2485E-01 1.3580E-01 1.4572E-01 1.5304E-01 1.5809E-01 1.5383E-01 1.5415E-01 1.5840E-01 1.5420E-01 1.3766E-01 9.9296E-02 5.5329E-02 1.7659E-02 2.5792E-03 0
 0 1.2555E-03 5.8847E-03 2.0353E-02 3.8102E-02 6.2956E-02 8.6463E-02 9.8850E-02 9.8148E-02 1.0409E-01 1.2210E-01 1.3548E-01 1.4460E-01 1.5089E-01 1.6000E-01 1.5756E-01 1.5520E-01 1.6077E-01 1.5282E-01 1.4061E-01 9.8298E-02 5.6166E-02 1.7641E-02 2.5389E-03 0
 0 1.2648E-03 5.8685E-03 1.9911E-02 3.8159E-02 6.1454E-02 8.6503E-02 9.8060E-02 1.0078E-01 1.0430E-01 1.2300E-01 1.3421E-01 1.4477E-01 1.5238E-01 1.6113E-01 1.5572E-01 1.5427E-01 1.5779E-01 1.5297E-01 1.3804E-01 9.8431E-02 5.5458E-02 1.7461E-02 2.5349E-03 0
 0 1.2381E-03 5.7121E-03 1.9859E-02 3.7531E-02 6.1441E-02 8.6346E-02 9.8383E-02 9.9237E-02 1.0502E-01 1.2424E-01 1.3509E-01 1.4620E-01 1.5202E-01 1.6004E-01 1.5526E-01 1.5651E-01 1.6123E-01 1.5310E-01 1.3675E-01 9.9371E-02 5.4459E-02 1.7683E-02 2.5792E-03 0
 0 1.2492E-03 5.6366E-03 1.9653E-02 3.7061E-02 6.0582E-02 8.5139E-02 9.6463E-02 9.7553E-02 1.0549E-01 1.2243E-01 1.3342E-01 1.4691E-01 1.5487E-01 1.6203E-01 1.5513E-01 1.5545E-01 1.5955E-01 1.5477E-01 1.3869E-01 9.5869E-02 5.4492E-02 1.6834E-02 2.4888E-03 0
 0 1.1991E-03 5.6133E-03 1.9463E-02 3.7631E-02 5.9779E-02 8.3490E-02 9.7237E-02 9.6008E-02 1.0279E-01 1.2205E-01 1.3440E-01 1.4520E-01 1.5119E-01 1.6097E-01 1.5638E-01 1.5553E-01 1.5952E-01 1.5336E-01 1.4060E-01 9.7883E-02 5.4156E-02 1.6556E-02 2.4503E-03 0
 0 1.2076E-03 5.6151E-03 1.8986E-02 3.7084E-02 5.9361E-02 8.4597E-02 9.6521E-02 9.6817E-02 1.0538E-01 1.2327E-01 1.3342E-01 1.4602E-01 1.5044E-01 1.6243E-01 1.5793E-01 1.5569E-01 1.6388E-01 1.5380E-01 1.3844E-01 9.4910E-02 5.3681E-02 1.6310E-02 2.4716E-03 0
 0 1.2515E-03 5.5027E-03 1.8787E-02 3.6230E-02 5.7779E-02 8.3860E-02 9.6245E-02 9.6310E-02 1.0264E-01 1.2210E-01 1.3267E-01 1.4601E-01 1.5275E-01 1.6169E-01 1.5677E-01 1.6063E-01 1.6423E-01 1.5271E-01 1.4024E-01 9.5491E-02 5.2449E-02 1.6642E-02 2.3807E-03 0
 0 1.2069E-03 5.3760E-03 1.8765E-02 3.5927E-02 5.9075E-02 8.3418E-02 9.7597E-02 9.6197E-02 1.0356E-01 1.2176E-01 1.3229E-01 1.4602E-01 1.5367E-01 1.5951E-01 1.5823E-01 1.5582E-01 1.6169E-01 1.5355E-01 1.3878E-01 9.6313E-02 5.3483E-02 1.6318E-02 2.3847E-03 0
 0 1.1422E-03 5.3464E-03 1.8450E-02 3.5851E-02 5.6687E-02 8.3333E-02 9.6097E-02 9.6480E-02 1.0226E-01 1.2183E-01 1.3248E-01 1.4348E-01 1.5428E-01 1.6508E-01 1.5754E-01 1.5826E-01 1.6389E-01 1.5143E-01 1.3997E-01 9.4385E-02 5.1892E-02 1.6064E-02 2.3560E-03 0
 0 1.2377E-03 5.1235E-03 1.8227E-02 3.5658E-02 5.7201E-02 8.2755E-02 9.6156E-02 9.6615E-02 1.0257E-01 1.2238E-01 1.3418E-01 1.4438E-01 1.5482E-01 1.6089E-01 1.5807E-01 1.6104E-01 1.6365E-01 1.5185E-01 1.3848E-01 9.5602E-02 5.1845E-02 1.5752E-02 2.3606E-03 0
 0 1.1954E-03 5.2682E-03 1.7867E-02 3.5180E-02 5.6855E-02 8.1855E-02 9.7744E-02 9.3933E-02 9.9946E-02 1.2074E-01 1.3342E-01 1.4549E-01 1.5424E-01 1.6133E-01 1.5862E-01 1.5967E-01 1.6602E-01 1.5452E-01 1.4020E-01 9.4469E-02 5.1138E-02 1.5538E-02 2.2651E-03 0
 0 1.1359E-03 5.1828E-03 1.7443E-02 3.4841E-02 5.7140E-02 8.1465E-02 9.5934E-02 9.5098E-02 9.9229E-02 1.2183E-01 1.3267E-01 1.4504E-01 1.5360E-01 1.6304E-01 1.5960E-01 1.5783E-01 1.6290E-01 1.5417E-01 1.3789E-01 9.1216E-02 5.1587E-02 1.5811E-02 2.2639E-03 0
 0 1.2061E-03 5.0264E-03 1.7340E-02 3.5154E-02 5.6630E-02 8.0411E-02 9.2948E-02 9.3578E-02 1.0072E-01 1.2067E-01 1.3055E-01 1.4584E-01 1.5373E-01 1.6150E-01 1.6041E-01 1.5860E-01 1.6199E-01 1.5346E-01 1.3734E-01 9.2606E-02 5.0538E-02 1.5262E-02 2.1972E-03 0
 0 1.2117E-03 4.9941E-03 1.7348E-02 3.4546E-02 5.4877E-02 8.0482E-02 9.3375E-02 9.4708E-02 1.0012E-01 1.2041E-01 1.3190E-01 1.4295E-01 1.5451E-01 1.6322E-01 1.5957E-01 1.6047E-01 1.6356E-01 1.5389E-01 1.3784E-01 9.2616E-02 5.1824E-02 1.5221E-02 2.2524E-03 0
 0 1.1107E-03 4.9545E-03 1.7151E-02 3.4579E-02 5.4089E-02 7.9018E-02 9.2807E-02 9.3383E-02 9.8903E-02 1.2120E-01 1.3230E-01 1.4401E-01 1.5390E-01 1.5935E-01 1.5864E-01 1.5842E-01 1.6189E-01 1.5450E-01 1.3692E-01 9.0592E-02 4.8846E-02 1.4961E-02 2.1736E-03 0
 0 1.1690E-03 4.9428E-03 1.7095E-02 3.3810E-02 5.5573E-02 7.9183E-02 9.2929E-02 9.3436E-02 9.9203E-02 1.2018E-01 1.3219E-01 1.4455E-01 1.5426E-01 1.6265E-01 1.5985E-01 1.5849E-01 1.6421E-01 1.5304E-01 1.3763E-01 9.1405E-02 4.8028E-02 1.4823E-02 2.0759E-03 0
 0 1.1738E-03 4.9384E-03 1.6549E-02 3.3674E-02 5.3829E-02 7.8995E-02 9.2078E-02 9.4094E-02 9.8589E-02 1.1832E-01 1.3121E-01 1.4212E-01 1.5341E-01 1.6315E-01 1.5663E-01 1.5963E-01 1.6074E-01 1.5243E-01 1.3830E-01 9.1069E-02 4.8575E-02 1.4757E-02 2.0782E-03 0
 0 1.0984E-03 4.7370E-03 1.6552E-02 3.3847E-02 5.3538E-02 7.9488E-02 9.0594E-02 9.2637E-02 9.9636E-02 1.1940E-01 1.3172E-01 1.4249E-01 1.5180E-01 1.6489E-01 1.6137E-01 1.6038E-01 1.6133E-01 1.5284E-01 1.3588E-01 9.0583E-02 4.8376E-02 1.4496E-02 1.9833E-03 0
 0 1.0888E-03 4.7388E-03 1.6491E-02 3.3186E-02 5.3233E-02 7.9847E-02 9.1080E-02 9.1935E-02 9.8505E-02 1.1962E-01 1.3382E-01 1.4424E-01 1.5502E-01 1.6491E-01 1.6238E-01 1.5892E-01 1.6521E-01 1.5094E-01 1.3721E-01 8.9235E-02 4.7099E-02 1.3953E-02 2.0879E-03 0
 0 1.1593E-03 4.5753E-03 1.6627E-02 3.2875E-02 5.2354E-02 7.7990E-02 8.9630E-02 9.2596E-02 9.7274E-02 1.1962E-01 1.3114E-01 1.4166E-01 1.5284E-01 1.6477E-01 1.6087E-01 1.5959E-01 1.6526E-01 1.5312E-01 1.3601E-01 8.7502E-02 4.7633E-02 1.4163E-02 2.0373E-03 0
 0 1.0665E-03 4.7290E-03 1.6313E-02 3.2509E-02 5.2452E-02 7.6685E-02 8.9756E-02 9.0509E-02 9.6989E-02 1.1733E-01 1.3174E-01 1.4163E-01 1.5350E-01 1.6336E-01 1.6004E-01 1.6235E-01 1.6276E-01 1.5514E-01 1.3578E-01 8.7851E-02 4.6965E-02 1.4134E-02 2.0172E-03 0
 0 1.0891E-03 4.5456E-03 1.5714E-02 3.1978E-02 5.1320E-02 7.6984E-02 8.9098E-02 9.2467E-02 9.5810E-02 1.1803E-01 1.2987E-01 1.4074E-01 1.5235E-01 1.6280E-01 1.6348E-01 1.5960E-01 1.6492E-01 1.5251E-01 1.3540E-01 8.7779E-02 4.6027E-02 1.3599E-02 1.9321E-03 0
 0 1.0914E-03 4.4567E-03 1.5810E-02 3.1957E-02 5.1463E-02 7.7039E-02 8.8395E-02 9.1031E-02 9.6036E-02 1.1912E-01 1.2887E-01 1.4307E-01 1.5409E-01 1.6430E-01 1.6416E-01 1.6109E-01 1.6408E-01 1.5085E-01 1.3548E-01 8.8014E-02 4.5682E-02 1.3422E-02 1.8901E-03 0
 0 1.0353E-03 4.3317E-03 1.5546E-02 3.1400E-02 5.0577E-02 7.5771E-02 8.8318E-02 9.0603E-02 9.5787E-02 1.1824E-01 1.2814E-01 1.4077E-01 1.5435E-01 1.6592E-01 1.6551E-01 1.5949E-01 1.6497E-01 1.5303E-01 1.3875E-01 8.8347E-02 4.4222E-02 1.3626E-02 1.9539E-03 0
 0 1.0550E-03 4.3479E-03 1.5374E-02 3.1467E-02 5.0464E-02 7.4902E-02 8.8757E-02 9.0339E-02 9.2937E-02 1.1634E-01 1.3076E-01 1.4262E-01 1.5538E-01 1.6689E-01 1.6196E-01 1.5999E-01 1.6548E-01 1.5347E-01 1.3610E-01 8.6983E-02 4.5263E-02 1.3590E-02 1.9407E-03 0
 0 1.0416E-03 4.1718E-03 1.5301E-02 3.1427E-02 4.9681E-02 7.4219E-02 8.6576E-02 8.9152E-02 9.5299E-02 1.1719E-01 1.2945E-01 1.4091E-01 1.5491E-01 1.6456E-01 1.6519E-01 1.5955E-01 1.6381E-01 1.5243E-01 1.3618E-01 8.6996E-02 4.4626E-02 1.2963E-02 1.9160E-03 0
 0 1.0932E-03 4.2544E-03 1.5057E-02 3.0611E-02 4.9908E-02 7.4142E-02 8.6806E-02 8.7969E-02 9.4346E-02 1.1642E-01 1.2779E-01 1.3941E-01 1.5176E-01 1.6321E-01 1.6330E-01 1.6260E-01 1.6351E-01 1.5177E-01 1.3554E-01 8.5345E-02 4.4189E-02 1.2931E-02 1.8642E-03 0
 0 1.0353E-03 4.2509E-03 1.5056E-02 2.9851E-02 4.9548E-02 7.3444E-02 8.6849E-02 8.8038E-02 9.2630E-02 1.1618E-01 1.2644E-01 1.3821E-01 1.5391E-01 1.6475E-01 1.6232E-01 1.6077E-01 1.6547E-01 1.4987E-01 1.3330E-01 8.5410E-02 4.3279E-02 1.2900E-02 1.8630E-03 0
 0 1.0185E-03 4.2113E-03 1.4704E-02 3.0654E-02 4.9087E-02 7.3299E-02 8.5033E-02 8.7569E-02 9.4307E-02 1.1503E-01 1.2698E-01 1.3946E-01 1.5267E-01 1.6622E-01 1.6639E-01 1.6361E-01 1.6540E-01 1.5063E-01 1.3500E-01 8.5638E-02 4.2729E-02 1.2880E-02 1.8441E-03 0
 0 1.0260E-03 3.9615E-03 1.4802E-02 3.0060E-02 4.8777E-02 7.3208E-02 8.5211E-02 8.7267E-02 9.3661E-02 1.1515E-01 1.2931E-01 1.4029E-01 1.5377E-01 1.6574E-01 1.6374E-01 1.6302E-01 1.6338E-01 1.5303E-01 1.3293E-01 8.3912E-02 4.2551E-02 1.2544E-02 1.7681E-03 0
 0 1.0093E-03 3.8869E-03 1.4354E-02 2.9656E-02 4.8176E-02 7.2533E-02 8.4342E-02 8.6618E-02 9.2022E-02 1.1455E-01 1.2842E-01 1.3857E-01 1.5263E-01 1.6117E-01 1.6538E-01 1.6356E-01 1.6580E-01 1.5069E-01 1.3406E-01 8.4153E-02 4.2038E-02 1.2421E-02 1.8354E-03 0
 0 1.0728E-03 4.0531E-03 1.4112E-02 2.9312E-02 4.7170E-02 7.1055E-02 8.3436E-02 8.6757E-02 9.2446E-02 1.1462E-01 1.2619E-01 1.3658E-01 1.5254E-01 1.6511E-01 1.6491E-01 1.6252E-01 1.6219E-01 1.4725E-01 1.3474E-01 8.3240E-02 4.2302E-02 1.2328E-02 1.7555E-03 0
 0 1.0208E-03 3.7790E-03 1.3900E-02 2.9103E-02 4.7117E-02 7.1012E-02 8.5138E-02 8.6958E-02 9.1302E-02 1.1487E-01 1.2702E-01 1.3859E-01 1.4959E-01 1.6408E-01 1.6586E-01 1.6106E-01 1.6405E-01 1.5127E-01 1.3253E-01 8.3726E-02 4.1397E-02 1.1920E-02 1.7739E-03 0
 0 1.0200E-03 4.1080E-03 1.4427E-02 2.8706E-02 4.6146E-02 7.1453E-02 8.3875E-02 8.5095E-02 9.0171E-02 1.1541E-01 1.2639E-01 1.3668E-01 1.5168E-01 1.6564E-01 1.6740E-01 1.6295E-01 1.6572E-01 1.4824E-01 1.3100E-01 8.2456E-02 4.0832E-02 1.1830E-02 1.7423E-03 0
 0 9.9292E-04 3.8330E-03 1.3655E-02 2.8663E-02 4.6011E-02 7.0129E-02 8.3036E-02 8.4799E-02 9.1673E-02 1.1484E-01 1.2392E-01 1.3844E-01 1.5148E-01 1.6518E-01 1.6492E-01 1.6369E-01 1.6276E-01 1.5099E-01 1.3519E-01 8.2081E-02 4.1406E-02 1.1802E-02 1.7382E-03 0
 0 1.0145E-03 3.8222E-03 1.3269E-02 2.9054E-02 4.5673E-02 7.0912E-02 8.2068E-02 8.5234E-02 9.0180E-02 1.1346E-01 1.2659E-01 1.3547E-01 1.5106E-01 1.6256E-01 1.6576E-01 1.6162E-01 1.6392E-01 1.4992E-01 1.3491E-01 8.0648E-02 4.0186E-02 1.1908E-02 1.6381E-03 0
 0 1.0223E-03 3.7790E-03 1.3600E-02 2.8147E-02 4.6244E-02 6.9827E-02 8.1909E-02 8.3367E-02 8.8985E-02 1.1392E-01 1.2610E-01 1.3593E-01 1.5192E-01 1.6344E-01 1.6833E-01 1.6393E-01 1.6458E-01 1.4843E-01 1.3182E-01 8.0198E-02 4.0226E-02 1.1595E-02 1.6623E-03 0
 0 1.0204E-03 3.7089E-03 1.3102E-02 2.7592E-02 4.4651E-02 6.9596E-02 8.3193E-02 8.4028E-02 8.8687E-02 1.1295E-01 1.2319E-01 1.3502E-01 1.5322E-01 1.6389E-01 1.6664E-01 1.6113E-01 1.6340E-01 1.4888E-01 1.3264E-01 8.1680E-02 3.9566E-02 1.1451E-02 1.6307E-03 0
 0 9.4648E-04 3.6874E-03 1.2901E-02 2.7529E-02 4.4181E-02 6.9181E-02 8.2108E-02 8.4031E-02 8.7311E-02 1.1113E-01 1.2669E-01 1.3529E-01 1.5053E-01 1.6322E-01 1.6652E-01 1.6308E-01 1.6656E-01 1.4591E-01 1.2989E-01 8.0590E-02 3.9342E-02 1.1485E-02 1.6002E-03 0
 0 9.8920E-04 3.5876E-03 1.2681E-02 2.7283E-02 4.3948E-02 6.8155E-02 7.9813E-02 8.4321E-02 8.9075E-02 1.0985E-01 1.2548E-01 1.3343E-01 1.5189E-01 1.6464E-01 1.6629E-01 1.6373E-01 1.6230E-01 1.4626E-01 1.3237E-01 7.8344E-02 3.8740E-02 1.1158E-02 1.5404E-03 0
 0 1.0501E-03 3.4546E-03 1.2719E-02 2.7679E-02 4.3815E-02 6.6962E-02 7.8424E-02 8.1261E-02 8.7892E-02 1.0965E-01 1.2468E-01 1.3339E-01 1.5092E-01 1.6330E-01 1.6744E-01 1.6158E-01 1.6219E-01 1.4610E-01 1.2980E-01 7.7202E-02 3.8971E-02 1.0920E-02 1.5041E-03 0
 0 9.8177E-04 3.4735E-03 1.2703E-02 2.6687E-02 4.3550E-02 6.6532E-02 7.9183E-02 8.2231E-02 8.8539E-02 1.1103E-01 1.2263E-01 1.3438E-01 1.4818E-01 1.6213E-01 1.6594E-01 1.6124E-01 1.6369E-01 1.4794E-01 1.3102E-01 7.8357E-02 3.8118E-02 1.0983E-02 1.5519E-03 0
 0 9.2531E-04 3.4870E-03 1.2262E-02 2.6784E-02 4.2952E-02 6.7224E-02 7.7865E-02 8.2152E-02 8.7731E-02 1.1139E-01 1.2155E-01 1.3371E-01 1.5126E-01 1.6489E-01 1.6707E-01 1.6136E-01 1.6371E-01 1.4569E-01 1.3049E-01 7.7858E-02 3.7882E-02 1.0617E-02 1.5174E-03 0
 0 9.8140E-04 3.3764E-03 1.2204E-02 2.6231E-02 4.2516E-02 6.5270E-02 7.8710E-02 8.1869E-02 8.6803E-02 1.0984E-01 1.2221E-01 1.3312E-01 1.4940E-01 1.6456E-01 1.6832E-01 1.6286E-01 1.6350E-01 1.4585E-01 1.3051E-01 7.8024E-02 3.7297E-02 1.0518E-02 1.4920E-03 0
 0 9.1380E-04 3.4258E-03 1.2073E-02 2.6648E-02 4.1272E-02 6.6948E-02 7.7417E-02 8.0830E-02 8.5194E-02 1.0798E-01 1.2112E-01 1.3122E-01 1.5028E-01 1.6232E-01 1.6616E-01 1.6297E-01 1.6368E-01 1.4603E-01 1.2941E-01 7.6389E-02 3.6472E-02 1.0471E-02 1.4748E-03 0
 0 8.9262E-04 3.2928E-03 1.1583E-02 2.6262E-02 4.1282E-02 6.5823E-02 7.7051E-02 8.1110E-02 8.4964E-02 1.0902E-01 1.2239E-01 1.3267E-01 1.5065E-01 1.6275E-01 1.6688E-01 1.6306E-01 1.6366E-01 1.4655E-01 1.2899E-01 7.6716E-02 3.6519E-02 1.0386E-02 1.4685E-03 0
 0 9.1528E-04 3.2623E-03 1.1710E-02 2.6445E-02 4.1019E-02 6.3909E-02 7.7214E-02 7.9895E-02 8.3652E-02 1.0885E-01 1.2134E-01 1.3140E-01 1.4923E-01 1.6519E-01 1.6589E-01 1.6421E-01 1.6313E-01 1.4622E-01 1.2708E-01 7.6843E-02 3.5685E-02 9.9822E-03 1.4316E-03 0
 0 9.2903E-04 3.3162E-03 1.1959E-02 2.4946E-02 4.0398E-02 6.4558E-02 7.7460E-02 7.9042E-02 8.5213E-02 1.1005E-01 1.2209E-01 1.3240E-01 1.4721E-01 1.6180E-01 1.6595E-01 1.6088E-01 1.6492E-01 1.4688E-01 1.2821E-01 7.5698E-02 3.5113E-02 1.0335E-02 1.4616E-03 0
 0 9.4463E-04 3.2146E-03 1.1347E-02 2.5304E-02 4.0957E-02 6.3117E-02 7.4734E-02 7.8123E-02 8.3171E-02 1.0708E-01 1.2035E-01 1.2945E-01 1.4849E-01 1.6319E-01 1.6986E-01 1.6456E-01 1.6220E-01 1.4622E-01 1.2862E-01 7.6148E-02 3.4991E-02 1.0227E-02 1.4173E-03 0
 0 8.8928E-04 3.0888E-03 1.1304E-02 2.4989E-02 4.0208E-02 6.3274E-02 7.5635E-02 7.7427E-02 8.2217E-02 1.0659E-01 1.1984E-01 1.2791E-01 1.4649E-01 1.6101E-01 1.6899E-01 1.6196E-01 1.6262E-01 1.4479E-01 1.2718E-01 7.5505E-02 3.4397E-02 9.7572E-03 1.3954E-03 0
 0 8.6885E-04 3.1778E-03 1.1338E-02 2.5052E-02 3.9900E-02 6.2986E-02 7.3914E-02 7.7878E-02 8.1390E-02 1.0640E-01 1.1873E-01 1.2806E-01 1.4790E-01 1.6291E-01 1.7004E-01 1.6279E-01 1.6330E-01 1.4333E-01 1.2608E-01 7.4568E-02 3.4512E-02 9.8517E-03 1.4000E-03 0
 0 9.1602E-04 2.8866E-03 1.1216E-02 2.4415E-02 3.8836E-02 6.3268E-02 7.4605E-02 7.7468E-02 8.2499E-02 1.0405E-01 1.1836E-01 1.2924E-01 1.4870E-01 1.6350E-01 1.6754E-01 1.6274E-01 1.6120E-01 1.4630E-01 1.2741E-01 7.2770E-02 3.4119E-02 9.5502E-03 1.3885E-03 0
 0 9.3460E-04 2.9756E-03 1.0865E-02 2.4346E-02 3.9062E-02 6.1821E-02 7.4544E-02 7.6842E-02 8.2334E-02 1.0496E-01 1.1759E-01 1.2935E-01 1.4758E-01 1.6315E-01 1.6920E-01 1.6245E-01 1.6381E-01 1.4357E-01 1.2425E-01 7.2473E-02 3.3903E-02 9.2262E-03 1.4196E-03 0
 0 8.9114E-04 3.0987E-03 1.0984E-02 2.4371E-02 3.8621E-02 6.1627E-02 7.5318E-02 7.6068E-02 8.1545E-02 1.0528E-01 1.1657E-01 1.2699E-01 1.4741E-01 1.6097E-01 1.6911E-01 1.6305E-01 1.6417E-01 1.4394E-01 1.2520E-01 7.2692E-02 3.4284E-02 9.6627E-03 1.2804E-03 0
 0 8.6996E-04 2.9576E-03 1.0969E-02 2.3915E-02 3.8183E-02 6.0730E-02 7.3315E-02 7.7786E-02 7.8976E-02 1.0218E-01 1.1697E-01 1.2739E-01 1.4826E-01 1.5827E-01 1.6926E-01 1.6404E-01 1.6101E-01 1.4298E-01 1.2357E-01 7.0796E-02 3.3452E-02 9.3957E-03 1.3816E-03 0
 0 8.9299E-04 2.9909E-03 1.0668E-02 2.3661E-02 3.8518E-02 6.1069E-02 7.2888E-02 7.6313E-02 7.9451E-02 1.0349E-01 1.1655E-01 1.2778E-01 1.4675E-01 1.6272E-01 1.6644E-01 1.6306E-01 1.6269E-01 1.4067E-01 1.2558E-01 7.2225E-02 3.3388E-02 9.1407E-03 1.2936E-03 0
 0 8.7033E-04 2.8228E-03 1.0395E-02 2.3706E-02 3.7229E-02 5.9694E-02 7.2316E-02 7.4909E-02 7.9121E-02 1.0105E-01 1.1620E-01 1.2542E-01 1.4732E-01 1.6206E-01 1.6509E-01 1.6172E-01 1.6179E-01 1.4090E-01 1.2179E-01 7.1745E-02 3.2939E-02 9.1662E-03 1.2867E-03 0
 0 8.7665E-04 2.7285E-03 1.0333E-02 2.2842E-02 3.7279E-02 6.0932E-02 7.1536E-02 7.3528E-02 7.9115E-02 1.0316E-01 1.1673E-01 1.2445E-01 1.4493E-01 1.6185E-01 1.6867E-01 1.6271E-01 1.6059E-01 1.4142E-01 1.2395E-01 7.1119E-02 3.1973E-02 8.8962E-03 1.2309E-03 0
 0 8.5808E-04 2.7437E-03 1.0345E-02 2.2730E-02 3.6003E-02 5.9668E-02 7.0411E-02 7.3650E-02 7.8701E-02 1.0227E-01 1.1436E-01 1.2611E-01 1.4471E-01 1.6285E-01 1.6628E-01 1.5959E-01 1.5735E-01 1.4110E-01 1.2405E-01 6.9895E-02 3.1841E-02 9.0792E-03 1.2971E-03 0
 0 8.5250E-04 2.8147E-03 1.0035E-02 2.2852E-02 3.6481E-02 5.8791E-02 6.9923E-02 7.4393E-02 7.8385E-02 1.0192E-01 1.1467E-01 1.2649E-01 1.4380E-01 1.5870E-01 1.6776E-01 1.6279E-01 1.6080E-01 1.4234E-01 1.2247E-01 6.9451E-02 3.2044E-02 8.6952E-03 1.2487E-03 0
 0 8.4768E-04 2.7473E-03 9.7272E-03 2.2899E-02 3.5960E-02 5.8660E-02 7.0620E-02 7.2206E-02 7.7758E-02 9.9902E-02 1.1377E-01 1.2579E-01 1.4803E-01 1.5957E-01 1.6386E-01 1.6146E-01 1.5990E-01 1.3972E-01 1.2039E-01 6.9082E-02 3.1164E-02 8.5632E-03 1.1918E-03 0
 0 8.7739E-04 2.6808E-03 9.7437E-03 2.2518E-02 3.5670E-02 5.9383E-02 6.8755E-02 7.2058E-02 7.6727E-02 9.9662E-02 1.1286E-01 1.2423E-01 1.4272E-01 1.6049E-01 1.6840E-01 1.5988E-01 1.5970E-01 1.3926E-01 1.2213E-01 6.9229E-02 3.0504E-02 8.6442E-03 1.1901E-03 0
 0 8.5139E-04 2.6539E-03 9.7900E-03 2.1650E-02 3.5199E-02 5.7253E-02 6.9573E-02 7.2904E-02 7.6859E-02 9.9179E-02 1.1292E-01 1.2445E-01 1.4188E-01 1.5777E-01 1.6814E-01 1.6193E-01 1.5933E-01 1.3962E-01 1.1994E-01 6.7532E-02 3.0452E-02 8.1102E-03 1.2142E-03 0
 0 8.2799E-04 2.5865E-03 9.6093E-03 2.2343E-02 3.5204E-02 5.5709E-02 6.7990E-02 7.2586E-02 7.4755E-02 9.6892E-02 1.1299E-01 1.2270E-01 1.4293E-01 1.5709E-01 1.6676E-01 1.6272E-01 1.5887E-01 1.3754E-01 1.1937E-01 6.8351E-02 3.0203E-02 8.0862E-03 1.1734E-03 0
 0 8.5882E-04 2.5775E-03 9.6018E-03 2.1766E-02 3.4801E-02 5.6677E-02 6.8328E-02 7.0814E-02 7.6475E-02 9.7194E-02 1.1244E-01 1.2047E-01 1.4497E-01 1.5902E-01 1.6633E-01 1.6077E-01 1.5838E-01 1.3721E-01 1.1693E-01 6.8234E-02 3.0142E-02 8.5662E-03 1.1676E-03 0
 0 8.3579E-04 2.5577E-03 9.1435E-03 2.1404E-02 3.4325E-02 5.6407E-02 6.7745E-02 7.0188E-02 7.4836E-02 9.7893E-02 1.1007E-01 1.2234E-01 1.4250E-01 1.5948E-01 1.6705E-01 1.5890E-01 1.6112E-01 1.3582E-01 1.1904E-01 6.6100E-02 2.9575E-02 8.0382E-03 1.1602E-03 0
 0 8.2725E-04 2.5253E-03 9.4540E-03 2.1766E-02 3.3987E-02 5.5441E-02 6.6466E-02 7.0440E-02 7.5327E-02 9.7406E-02 1.1020E-01 1.1961E-01 1.4116E-01 1.5922E-01 1.6404E-01 1.5981E-01 1.5616E-01 1.3597E-01 1.1841E-01 6.6687E-02 2.8924E-02 7.9392E-03 1.1274E-03 0
 0 8.1239E-04 2.5990E-03 8.9329E-03 2.1184E-02 3.3584E-02 5.6031E-02 6.7917E-02 6.9917E-02 7.4303E-02 9.7792E-02 1.0961E-01 1.2121E-01 1.4026E-01 1.5783E-01 1.6369E-01 1.5986E-01 1.5782E-01 1.3745E-01 1.1775E-01 6.5946E-02 2.8475E-02 7.8912E-03 1.1400E-03 0
 0 8.1424E-04 2.4858E-03 8.9897E-03 2.0123E-02 3.2698E-02 5.5097E-02 6.6494E-02 6.9691E-02 7.4122E-02 9.5359E-02 1.1090E-01 1.2131E-01 1.3970E-01 1.5604E-01 1.6541E-01 1.5994E-01 1.5732E-01 1.3602E-01 1.1662E-01 6.4500E-02 2.8299E-02 7.8372E-03 1.0497E-03 0
 0 8.2799E-04 2.4714E-03 8.9031E-03 2.1064E-02 3.3349E-02 5.3573E-02 6.5108E-02 6.9307E-02 7.1553E-02 9.3947E-02 1.0735E-01 1.1919E-01 1.3954E-01 1.5727E-01 1.6457E-01 1.6063E-01 1.5746E-01 1.3589E-01 1.1807E-01 6.4961E-02 2.8308E-02 7.7322E-03 1.1015E-03 0
 0 8.3430E-04 2.4337E-03 8.9225E-03 2.0780E-02 3.2400E-02 5.3550E-02 6.4316E-02 6.7226E-02 7.2784E-02 9.5199E-02 1.0768E-01 1.1856E-01 1.4072E-01 1.5544E-01 1.6544E-01 1.5703E-01 1.5485E-01 1.3487E-01 1.1532E-01 6.4996E-02 2.8170E-02 7.6812E-03 1.0883E-03 0
 0 7.9419E-04 2.3807E-03 8.6448E-03 2.0251E-02 3.2010E-02 5.3994E-02 6.4764E-02 6.7349E-02 7.1895E-02 9.3739E-02 1.0772E-01 1.1840E-01 1.3786E-01 1.5669E-01 1.6386E-01 1.5977E-01 1.5327E-01 1.3349E-01 1.1612E-01 6.3668E-02 2.7751E-02 7.8012E-03 1.0756E-03 0
 0 7.9530E-04 2.3789E-03 8.4387E-03 2.0253E-02 3.1925E-02 5.3667E-02 6.4605E-02 6.7774E-02 7.1333E-02 9.3280E-02 1.0711E-01 1.1635E-01 1.3704E-01 1.5602E-01 1.6488E-01 1.6050E-01 1.5720E-01 1.3490E-01 1.1281E-01 6.4083E-02 2.7086E-02 7.5627E-03 1.0727E-03 0
 0 7.9901E-04 2.3474E-03 8.5642E-03 2.0251E-02 3.2205E-02 5.1972E-02 6.1256E-02 6.7261E-02 7.0053E-02 9.3940E-02 1.0767E-01 1.1703E-01 1.3852E-01 1.5591E-01 1.6380E-01 1.5797E-01 1.5638E-01 1.3510E-01 1.1456E-01 6.3247E-02 2.7331E-02 7.4923E-03 1.0986E-03 0
 0 7.7450E-04 2.2180E-03 8.5134E-03 1.9873E-02 3.2120E-02 5.2155E-02 6.2039E-02 6.6376E-02 6.9578E-02 9.1983E-02 1.0575E-01 1.1510E-01 1.3986E-01 1.5562E-01 1.6416E-01 1.5875E-01 1.5492E-01 1.3299E-01 1.1469E-01 6.1815E-02 2.7016E-02 7.3828E-03 1.0089E-03 0
 0 7.9233E-04 2.2926E-03 8.3835E-03 1.9452E-02 3.1497E-02 5.1144E-02 6.2816E-02 6.5454E-02 6.9782E-02 9.1472E-02 1.0545E-01 1.1493E-01 1.3633E-01 1.5293E-01 1.6348E-01 1.6011E-01 1.5348E-01 1.3249E-01 1.1230E-01 6.1514E-02 2.6334E-02 7.0603E-03 1.0503E-03 0
 0 7.7041E-04 2.2566E-03 8.2626E-03 1.9625E-02 3.1527E-02 5.1651E-02 6.1735E-02 6.5955E-02 6.8880E-02 8.9675E-02 1.0425E-01 1.1398E-01 1.3752E-01 1.5320E-01 1.6387E-01 1.5880E-01 1.5559E-01 1.3194E-01 1.1140E-01 6.0336E-02 2.6515E-02 6.9448E-03 1.0129E-03 0
 0 7.7375E-04 2.1793E-03 7.9311E-03 1.9253E-02 3.0455E-02 5.0491E-02 6.0678E-02 6.5319E-02 6.8118E-02 9.1566E-02 1.0545E-01 1.1347E-01 1.3607E-01 1.5074E-01 1.6233E-01 1.5776E-01 1.5377E-01 1.3217E-01 1.1149E-01 6.0643E-02 2.5753E-02 7.0438E-03 1.0026E-03 0
 0 7.8044E-04 2.1299E-03 7.7654E-03 1.8620E-02 3.0355E-02 5.1306E-02 6.1732E-02 6.4135E-02 6.8505E-02 9.0972E-02 1.0330E-01 1.1373E-01 1.3818E-01 1.5146E-01 1.6534E-01 1.5639E-01 1.5165E-01 1.3067E-01 1.1239E-01 6.1570E-02 2.5387E-02 6.9493E-03 1.0388E-03 0
 0 7.8453E-04 2.1272E-03 8.0028E-03 1.9045E-02 3.0303E-02 5.0047E-02 6.0767E-02 6.4403E-02 6.8993E-02 8.9053E-02 1.0458E-01 1.1290E-01 1.3766E-01 1.5202E-01 1.6381E-01 1.5806E-01 1.5255E-01 1.3065E-01 1.1033E-01 5.9938E-02 2.5814E-02 6.9988E-03 9.8185E-04 0
 0 7.8341E-04 2.1686E-03 7.7221E-03 1.8667E-02 2.9256E-02 5.0132E-02 6.0060E-02 6.2606E-02 6.8286E-02 8.8368E-02 1.0294E-01 1.1150E-01 1.3451E-01 1.5090E-01 1.6246E-01 1.5557E-01 1.5525E-01 1.2945E-01 1.1078E-01 5.9700E-02 2.5189E-02 6.9313E-03 9.9623E-04 0
 0 7.8898E-04 2.1128E-03 7.4563E-03 1.8579E-02 2.9577E-02 4.9121E-02 5.9394E-02 6.3024E-02 6.7827E-02 8.7586E-02 1.0258E-01 1.1145E-01 1.3340E-01 1.5164E-01 1.6211E-01 1.5604E-01 1.5228E-01 1.3006E-01 1.1028E-01 5.9295E-02 2.4978E-02 6.9628E-03 9.8012E-04 0
 0 7.4664E-04 2.1704E-03 7.9505E-03 1.8075E-02 2.9587E-02 4.8674E-02 5.9375E-02 6.3285E-02 6.7051E-02 8.7321E-02 1.0030E-01 1.0971E-01 1.3411E-01 1.5296E-01 1.6408E-01 1.5713E-01 1.5206E-01 1.2945E-01 1.0894E-01 5.8783E-02 2.4938E-02 6.7558E-03 9.9738E-04 0
 0 7.3624E-04 2.1182E-03 7.6205E-03 1.8390E-02 2.8367E-02 4.7831E-02 5.8988E-02 6.1907E-02 6.5167E-02 8.6751E-02 1.0085E-01 1.1058E-01 1.3270E-01 1.5158E-01 1.5921E-01 1.5488E-01 1.5110E-01 1.2830E-01 1.0826E-01 5.8342E-02 2.4585E-02 6.5398E-03 9.3066E-04 0
 0 7.5890E-04 2.0517E-03 7.6235E-03 1.7736E-02 2.8062E-02 4.8076E-02 5.7609E-02 6.0229E-02 6.5733E-02 8.5771E-02 9.9828E-02 1.0958E-01 1.3386E-01 1.5143E-01 1.5978E-01 1.5748E-01 1.5225E-01 1.2742E-01 1.0835E-01 5.7262E-02 2.3527E-02 6.3523E-03 9.0247E-04 0
 0 7.2435E-04 2.0041E-03 7.2936E-03 1.8197E-02 2.8027E-02 4.7450E-02 5.8091E-02 6.0837E-02 6.5203E-02 8.6877E-02 1.0011E-01 1.0863E-01 1.3146E-01 1.4840E-01 1.6190E-01 1.5600E-01 1.4951E-01 1.2704E-01 1.0913E-01 5.7262E-02 2.3142E-02 6.5743E-03 9.1800E-04 0
 0 7.7227E-04 2.0338E-03 7.2219E-03 1.7780E-02 2.8485E-02 4.7723E-02 5.7440E-02 5.9968E-02 6.4870E-02 8.5079E-02 9.9943E-02 1.0602E-01 1.3024E-01 1.4933E-01 1.5984E-01 1.5576E-01 1.4812E-01 1.2684E-01 1.0627E-01 5.6684E-02 2.3950E-02 6.5953E-03 9.0132E-04 0
 0 7.2658E-04 1.9816E-03 7.1950E-03 1.7307E-02 2.7196E-02 4.5969E-02 5.7602E-02 6.0572E-02 6.3432E-02 8.5726E-02 9.8885E-02 1.0846E-01 1.3137E-01 1.4666E-01 1.6031E-01 1.5361E-01 1.4989E-01 1.2574E-01 1.0694E-01 5.6387E-02 2.3551E-02 6.3028E-03 9.1800E-04 0
 0 6.8535E-04 1.8999E-03 6.9890E-03 1.7565E-02 2.7812E-02 4.6014E-02 5.7295E-02 6.1293E-02 6.5225E-02 8.4078E-02 9.8061E-02 1.0744E-01 1.3151E-01 1.4568E-01 1.6117E-01 1.5329E-01 1.4938E-01 1.2541E-01 1.0648E-01 5.6619E-02 2.3433E-02 6.4213E-03 8.7314E-04 0
 0 7.3252E-04 1.9124E-03 6.9308E-03 1.7288E-02 2.7339E-02 4.6481E-02 5.5562E-02 5.8577E-02 6.2249E-02 8.3470E-02 9.7345E-02 1.0724E-01 1.3196E-01 1.4775E-01 1.5874E-01 1.5383E-01 1.4974E-01 1.2432E-01 1.0473E-01 5.6502E-02 2.2909E-02 5.9938E-03 9.1053E-04 0
 0 7.2064E-04 1.9008E-03 6.9188E-03 1.7233E-02 2.6768E-02 4.5638E-02 5.5111E-02 5.8702E-02 6.3351E-02 8.3466E-02 9.7628E-02 1.0701E-01 1.2947E-01 1.4864E-01 1.5898E-01 1.5406E-01 1.4729E-01 1.2508E-01 1.0397E-01 5.5111E-02 2.2479E-02 6.0733E-03 8.2885E-04 0
 0 7.3698E-04 1.8801E-03 6.6098E-03 1.6855E-02 2.7023E-02 4.5165E-02 5.5593E-02 5.9335E-02 6.2443E-02 8.0682E-02 9.5352E-02 1.0588E-01 1.2920E-01 1.4578E-01 1.5744E-01 1.5040E-01 1.4739E-01 1.2324E-01 1.0310E-01 5.4893E-02 2.2890E-02 5.9113E-03 8.4841E-04 0
 0 7.5147E-04 1.8360E-03 6.7546E-03 1.7091E-02 2.7091E-02 4.5040E-02 5.4634E-02 5.7909E-02 6.1328E-02 8.2945E-02 9.4640E-02 1.0457E-01 1.2916E-01 1.4305E-01 1.5920E-01 1.5320E-01 1.4524E-01 1.2093E-01 1.0151E-01 5.4938E-02 2.1708E-02 5.7718E-03 8.1389E-04 0
 0 7.2286E-04 1.7785E-03 6.6277E-03 1.6625E-02 2.6462E-02 4.4938E-02 5.4223E-02 5.7557E-02 6.0859E-02 8.0723E-02 9.6464E-02 1.0205E-01 1.2976E-01 1.4433E-01 1.5597E-01 1.4996E-01 1.4813E-01 1.2179E-01 1.0104E-01 5.3411E-02 2.1438E-02 5.7958E-03 8.3460E-04 0
 0 7.2472E-04 1.8369E-03 6.8457E-03 1.5903E-02 2.5954E-02 4.3437E-02 5.3150E-02 5.7321E-02 5.9970E-02 8.0633E-02 9.4720E-02 1.0442E-01 1.2600E-01 1.4440E-01 1.5486E-01 1.5251E-01 1.4679E-01 1.2007E-01 1.0068E-01 5.3427E-02 2.1557E-02 5.7943E-03 8.4726E-04 0
 0 6.8052E-04 1.7471E-03 6.4664E-03 1.6534E-02 2.5546E-02 4.3502E-02 5.2305E-02 5.6672E-02 6.0814E-02 7.9785E-02 9.3808E-02 1.0234E-01 1.2574E-01 1.4359E-01 1.5856E-01 1.5303E-01 1.4298E-01 1.2188E-01 1.0077E-01 5.3731E-02 2.1384E-02 5.6338E-03 8.0469E-04 0
 0 6.9872E-04 1.7677E-03 6.5187E-03 1.6365E-02 2.5111E-02 4.4163E-02 5.3719E-02 5.7236E-02 6.0116E-02 7.9674E-02 9.1417E-02 1.0263E-01 1.2628E-01 1.4370E-01 1.5659E-01 1.5075E-01 1.4395E-01 1.2098E-01 1.0158E-01 5.2520E-02 2.1106E-02 5.5843E-03 8.1504E-04 0
 0 6.8758E-04 1.7345E-03 6.2843E-03 1.5871E-02 2.5218E-02 4.2391E-02 5.1181E-02 5.6150E-02 5.8591E-02 7.7616E-02 9.1226E-02 1.0056E-01 1.2438E-01 1.4375E-01 1.5614E-01 1.4916E-01 1.4244E-01 1.1831E-01 1.0147E-01 5.2732E-02 2.0960E-02 5.6518E-03 8.6048E-04 0
 0 6.4523E-04 1.7677E-03 6.2619E-03 1.5761E-02 2.4993E-02 4.2648E-02 5.1946E-02 5.5398E-02 5.8859E-02 7.8867E-02 9.2747E-02 1.0116E-01 1.2346E-01 1.4178E-01 1.5349E-01 1.4999E-01 1.4234E-01 1.1754E-01 9.9606E-02 5.1623E-02 2.0714E-02 5.4958E-03 7.8168E-04 0
 0 6.8572E-04 1.7129E-03 5.9424E-03 1.5625E-02 2.5066E-02 4.2969E-02 5.1992E-02 5.5486E-02 5.9059E-02 7.8547E-02 9.0931E-02 1.0057E-01 1.2464E-01 1.4215E-01 1.5533E-01 1.5022E-01 1.4165E-01 1.1936E-01 9.9067E-02 5.1250E-02 1.9973E-02 5.3008E-03 7.7593E-04 0
 0 6.7569E-04 1.6833E-03 6.0723E-03 1.5108E-02 2.4377E-02 4.1232E-02 5.2044E-02 5.4661E-02 5.8458E-02 7.7692E-02 9.1203E-02 1.0017E-01 1.2445E-01 1.4139E-01 1.5489E-01 1.4840E-01 1.4187E-01 1.1854E-01 9.7223E-02 5.0689E-02 2.0450E-02 5.2048E-03 8.0412E-04 0
 0 6.3966E-04 1.6545E-03 6.1215E-03 1.5064E-02 2.4457E-02 4.0768E-02 5.1359E-02 5.5212E-02 5.8549E-02 7.6010E-02 8.8658E-02 1.0082E-01 1.2315E-01 1.3974E-01 1.5393E-01 1.4801E-01 1.4301E-01 1.1682E-01 9.6998E-02 4.9638E-02 2.0102E-02 5.3173E-03 7.9089E-04 0
 0 6.6046E-04 1.6554E-03 5.7348E-03 1.4905E-02 2.4157E-02 4.0623E-02 4.9125E-02 5.4585E-02 5.7508E-02 7.6222E-02 8.9482E-02 9.8692E-02 1.2217E-01 1.3937E-01 1.5192E-01 1.4862E-01 1.4164E-01 1.1547E-01 9.5878E-02 4.9694E-02 1.9806E-02 5.1208E-03 7.4545E-04 0
 0 6.8980E-04 1.5008E-03 6.0708E-03 1.5145E-02 2.3806E-02 4.1189E-02 4.9737E-02 5.3496E-02 5.6745E-02 7.5158E-02 8.7915E-02 9.8603E-02 1.2331E-01 1.3937E-01 1.5249E-01 1.4627E-01 1.3850E-01 1.1720E-01 9.6361E-02 4.9214E-02 1.9588E-02 5.0353E-03 8.0527E-04 0
 0 6.7569E-04 1.6114E-03 5.9334E-03 1.4844E-02 2.3614E-02 4.0104E-02 4.9058E-02 5.2898E-02 5.6716E-02 7.3618E-02 8.8896E-02 9.6427E-02 1.1986E-01 1.3810E-01 1.5111E-01 1.4548E-01 1.3700E-01 1.1576E-01 9.4100E-02 4.9165E-02 1.9329E-02 4.9468E-03 7.7306E-04 0
 0 6.6715E-04 1.5754E-03 5.6497E-03 1.4736E-02 2.3131E-02 3.9085E-02 4.9251E-02 5.3377E-02 5.5598E-02 7.2982E-02 8.5934E-02 9.5920E-02 1.2096E-01 1.3706E-01 1.5034E-01 1.4406E-01 1.4067E-01 1.1539E-01 9.5004E-02 4.9162E-02 1.8570E-02 5.0773E-03 7.9376E-04 0
 0 6.6454E-04 1.5332E-03 5.6676E-03 1.4716E-02 2.2630E-02 4.0492E-02 4.9202E-02 5.2886E-02 5.4263E-02 7.2655E-02 8.6386E-02 9.4298E-02 1.1982E-01 1.3890E-01 1.4989E-01 1.4672E-01 1.3697E-01 1.1400E-01 9.4513E-02 4.8764E-02 1.8871E-02 4.9558E-03 7.5177E-04 0
 0 6.5489E-04 1.5089E-03 5.5810E-03 1.3957E-02 2.3151E-02 3.9002E-02 4.8877E-02 5.2052E-02 5.4528E-02 7.2721E-02 8.5616E-02 9.4538E-02 1.1840E-01 1.3636E-01 1.4857E-01 1.4262E-01 1.3908E-01 1.1336E-01 9.3601E-02 4.8571E-02 1.8539E-02 4.9078E-03 7.3509E-04 0
 0 6.9798E-04 1.5314E-03 5.5153E-03 1.4553E-02 2.2677E-02 3.8318E-02 4.7672E-02 5.0827E-02 5.4357E-02 7.1779E-02 8.5214E-02 9.5434E-02 1.1818E-01 1.3655E-01 1.5052E-01 1.4249E-01 1.3590E-01 1.1315E-01 9.2183E-02 4.7357E-02 1.8363E-02 5.0038E-03 6.9541E-04 0
 0 6.2926E-04 1.4882E-03 5.5168E-03 1.3807E-02 2.2402E-02 3.9486E-02 4.7918E-02 5.1098E-02 5.4693E-02 7.1045E-02 8.3984E-02 9.3765E-02 1.1735E-01 1.3616E-01 1.4780E-01 1.4391E-01 1.3935E-01 1.1419E-01 9.2539E-02 4.7967E-02 1.7933E-02 4.8148E-03 6.9138E-04 0
 0 6.5712E-04 1.4649E-03 5.3690E-03 1.3854E-02 2.2192E-02 3.8031E-02 4.7024E-02 5.0226E-02 5.4225E-02 7.1595E-02 8.4746E-02 9.2599E-02 1.1652E-01 1.3361E-01 1.4965E-01 1.4495E-01 1.3582E-01 1.1421E-01 9.2465E-02 4.6388E-02 1.8130E-02 4.6018E-03 6.5284E-04 0
 0 6.4634E-04 1.4918E-03 5.5273E-03 1.3754E-02 2.1834E-02 3.7606E-02 4.6391E-02 4.9272E-02 5.3261E-02 7.1181E-02 8.2248E-02 9.1847E-02 1.1702E-01 1.3340E-01 1.4692E-01 1.4296E-01 1.3409E-01 1.1124E-01 9.0466E-02 4.5905E-02 1.7947E-02 4.7338E-03 7.5868E-04 0
 0 6.8460E-04 1.5197E-03 5.3825E-03 1.3840E-02 2.1491E-02 3.7327E-02 4.5820E-02 5.0396E-02 5.2382E-02 6.8150E-02 8.4340E-02 9.2802E-02 1.1541E-01 1.3460E-01 1.4857E-01 1.4313E-01 1.3371E-01 1.1109E-01 8.9681E-02 4.6633E-02 1.8126E-02 4.5763E-03 6.3674E-04 0
 0 6.5526E-04 1.4451E-03 5.3242E-03 1.3789E-02 2.1909E-02 3.7700E-02 4.6268E-02 4.9027E-02 5.2324E-02 6.9439E-02 8.2811E-02 9.1648E-02 1.1397E-01 1.3322E-01 1.4654E-01 1.4225E-01 1.3476E-01 1.1038E-01 8.9485E-02 4.4550E-02 1.7138E-02 4.5103E-03 6.7470E-04 0
 0 6.2406E-04 1.4208E-03 5.2526E-03 1.3138E-02 2.1488E-02 3.6886E-02 4.5039E-02 4.8917E-02 5.1397E-02 6.7364E-02 8.1796E-02 9.1437E-02 1.1563E-01 1.3245E-01 1.4579E-01 1.4208E-01 1.3347E-01 1.1010E-01 8.8271E-02 4.4534E-02 1.7413E-02 4.6648E-03 6.1545E-04 0
 0 6.3520E-04 1.3894E-03 5.1510E-03 1.3248E-02 2.1135E-02 3.5562E-02 4.4486E-02 4.8020E-02 5.0776E-02 6.7051E-02 8.0665E-02 8.9886E-02 1.1450E-01 1.3261E-01 1.4461E-01 1.3923E-01 1.3426E-01 1.0983E-01 8.9134E-02 4.4456E-02 1.6711E-02 4.3304E-03 6.9713E-04 0
 0 6.2331E-04 1.4146E-03 5.1525E-03 1.3193E-02 2.0352E-02 3.5658E-02 4.4130E-02 4.8624E-02 5.1048E-02 6.6551E-02 8.1202E-02 8.9105E-02 1.1470E-01 1.2984E-01 1.4693E-01 1.4289E-01 1.3247E-01 1.0715E-01 8.7776E-02 4.5242E-02 1.6475E-02 4.5193E-03 6.6089E-04 0
 0 6.1105E-04 1.4217E-03 4.9584E-03 1.2821E-02 2.0532E-02 3.5590E-02 4.4578E-02 4.7497E-02 5.0043E-02 6.7948E-02 8.0332E-02 8.9984E-02 1.1292E-01 1.2940E-01 1.4414E-01 1.3935E-01 1.3142E-01 1.0880E-01 8.7597E-02 4.4342E-02 1.6760E-02 4.2809E-03 6.5687E-04 0
 0 5.9434E-04 1.3319E-03 5.0629E-03 1.2772E-02 1.9924E-02 3.4946E-02 4.3650E-02 4.7315E-02 5.0489E-02 6.5848E-02 7.9842E-02 8.8010E-02 1.0997E-01 1.2991E-01 1.4384E-01 1.3789E-01 1.3142E-01 1.0604E-01 8.6718E-02 4.3121E-02 1.6393E-02 4.4924E-03 6.7010E-04 0
 0 6.0994E-04 1.3373E-03 4.9286E-03 1.3132E-02 2.0317E-02 3.5487E-02 4.3684E-02 4.6842E-02 4.9099E-02 6.5671E-02 7.8638E-02 8.9206E-02 1.1198E-01 1.2954E-01 1.4395E-01 1.4042E-01 1.3199E-01 1.0754E-01 8.4269E-02 4.3144E-02 1.6132E-02 4.2404E-03 6.3501E-04 0
 0 6.2517E-04 1.2627E-03 4.8435E-03 1.2483E-02 2.0485E-02 3.4778E-02 4.3693E-02 4.7258E-02 4.8511E-02 6.5949E-02 7.7508E-02 8.8137E-02 1.1028E-01 1.2627E-01 1.4240E-01 1.3933E-01 1.2953E-01 1.0382E-01 8.4159E-02 4.2902E-02 1.6146E-02 4.1834E-03 6.6837E-04 0
 0 6.5266E-04 1.3427E-03 4.7061E-03 1.2587E-02 1.9193E-02 3.4539E-02 4.2762E-02 4.6043E-02 4.9526E-02 6.3206E-02 7.6527E-02 8.7769E-02 1.0811E-01 1.2681E-01 1.4423E-01 1.3958E-01 1.2844E-01 1.0659E-01 8.2986E-02 4.1639E-02 1.5695E-02 4.2959E-03 6.2063E-04 0
 0 6.1737E-04 1.3795E-03 4.8270E-03 1.2312E-02 2.0227E-02 3.3949E-02 4.1964E-02 4.5908E-02 4.8152E-02 6.3530E-02 7.6573E-02 8.6984E-02 1.0986E-01 1.2742E-01 1.4148E-01 1.3573E-01 1.3091E-01 1.0444E-01 8.3942E-02 4.2237E-02 1.5418E-02 4.1639E-03 6.4076E-04 0
 0 6.0585E-04 1.2744E-03 4.6285E-03 1.2109E-02 1.9431E-02 3.3104E-02 4.2366E-02 4.4976E-02 4.7781E-02 6.3123E-02 7.5604E-02 8.4926E-02 1.0754E-01 1.2582E-01 1.4310E-01 1.3814E-01 1.2701E-01 1.0361E-01 8.1649E-02 4.1280E-02 1.5425E-02 4.1429E-03 6.3271E-04 0
 0 6.1254E-04 1.2797E-03 4.6091E-03 1.1790E-02 1.9148E-02 3.4081E-02 4.1020E-02 4.4903E-02 4.7247E-02 6.3015E-02 7.5504E-02 8.5568E-02 1.0844E-01 1.2426E-01 1.3989E-01 1.3754E-01 1.2797E-01 1.0286E-01 8.3067E-02 4.1320E-02 1.5364E-02 4.0139E-03 6.2006E-04 0
 0 6.1848E-04 1.2546E-03 4.3269E-03 1.2264E-02 1.8802E-02 3.2776E-02 4.0486E-02 4.4170E-02 4.8553E-02 6.2156E-02 7.4964E-02 8.3514E-02 1.0740E-01 1.2546E-01 1.3977E-01 1.3541E-01 1.2532E-01 1.0028E-01 8.0688E-02 4.0882E-02 1.4771E-02 4.0274E-03 6.2696E-04 0
 0 6.3520E-04 1.2114E-03 4.5613E-03 1.2064E-02 1.9268E-02 3.3289E-02 3.9902E-02 4.4085E-02 4.6669E-02 6.1517E-02 7.4818E-02 8.3476E-02 1.0789E-01 1.2179E-01 1.3841E-01 1.3409E-01 1.2574E-01 1.0096E-01 7.9572E-02 4.0344E-02 1.4783E-02 3.8894E-03 6.3501E-04 0
 0 5.9954E-04 1.3319E-03 4.5180E-03 1.1700E-02 1.8845E-02 3.2175E-02 3.9896E-02 4.3959E-02 4.6139E-02 6.1645E-02 7.2431E-02 8.2175E-02 1.0528E-01 1.2381E-01 1.3668E-01 1.3220E-01 1.2629E-01 1.0061E-01 8.0954E-02 4.0540E-02 1.4966E-02 3.9269E-03 5.6024E-04 0
 0 6.3483E-04 1.1207E-03 4.3523E-03 1.1971E-02 1.8782E-02 3.1614E-02 3.9484E-02 4.3550E-02 4.5302E-02 6.0954E-02 7.3155E-02 8.1998E-02 1.0609E-01 1.2289E-01 1.3729E-01 1.3226E-01 1.2545E-01 1.0070E-01 7.9564E-02 3.9629E-02 1.4858E-02 3.7664E-03 6.0050E-04 0
 0 5.7317E-04 1.2348E-03 4.2015E-03 1.1399E-02 1.8602E-02 3.1782E-02 3.9496E-02 4.3273E-02 4.5712E-02 5.9136E-02 7.3496E-02 8.0455E-02 1.0589E-01 1.2014E-01 1.3568E-01 1.3330E-01 1.2423E-01 1.0122E-01 7.9163E-02 3.9786E-02 1.4122E-02 3.7469E-03 5.4413E-04 0
 0 5.7354E-04 1.2016E-03 4.3179E-03 1.1540E-02 1.8539E-02 3.1665E-02 3.8894E-02 4.2389E-02 4.5470E-02 5.9796E-02 7.1760E-02 8.2826E-02 1.0328E-01 1.2197E-01 1.3642E-01 1.3368E-01 1.2321E-01 9.8669E-02 7.8411E-02 3.9166E-02 1.4026E-02 3.9239E-03 5.7864E-04 0
 0 5.7019E-04 1.1728E-03 4.1925E-03 1.1511E-02 1.7989E-02 3.1964E-02 3.7807E-02 4.2880E-02 4.4365E-02 5.8447E-02 6.9833E-02 7.9796E-02 1.0291E-01 1.2067E-01 1.3450E-01 1.3117E-01 1.2352E-01 9.7670E-02 7.8812E-02 3.9913E-02 1.3916E-02 3.6224E-03 6.1603E-04 0
 0 6.0363E-04 1.1288E-03 4.3791E-03 1.0999E-02 1.7318E-02 3.1457E-02 3.8234E-02 4.2168E-02 4.4500E-02 5.7804E-02 7.0067E-02 8.0662E-02 1.0462E-01 1.1977E-01 1.3772E-01 1.3268E-01 1.1995E-01 9.8655E-02 7.6719E-02 3.8725E-02 1.4238E-02 3.6869E-03 5.3780E-04 0
 0 5.9360E-04 1.1512E-03 4.2403E-03 1.1054E-02 1.7035E-02 3.0811E-02 3.7349E-02 4.1438E-02 4.4588E-02 5.8339E-02 7.0362E-02 7.9826E-02 1.0345E-01 1.1774E-01 1.3411E-01 1.2965E-01 1.1981E-01 9.6912E-02 7.7479E-02 3.7508E-02 1.3970E-02 3.7124E-03 5.6369E-04 0
 0 5.7094E-04 1.1908E-03 4.0835E-03 1.1340E-02 1.8289E-02 2.9888E-02 3.7773E-02 4.1107E-02 4.3806E-02 5.6980E-02 6.9519E-02 7.9906E-02 9.8272E-02 1.1962E-01 1.3427E-01 1.2948E-01 1.2076E-01 9.5495E-02 7.6560E-02 3.8581E-02 1.3833E-02 3.7109E-03 5.2170E-04 0
 0 5.8394E-04 1.1261E-03 4.0745E-03 1.1042E-02 1.7140E-02 2.9968E-02 3.7226E-02 4.0742E-02 4.2927E-02 5.6799E-02 6.7362E-02 7.8355E-02 9.9375E-02 1.1770E-01 1.3273E-01 1.2831E-01 1.2142E-01 9.6067E-02 7.3469E-02 3.7596E-02 1.3347E-02 3.5024E-03 5.4643E-04 0
 0 5.4493E-04 1.1530E-03 3.9969E-03 1.0692E-02 1.7403E-02 2.9931E-02 3.7757E-02 4.0362E-02 4.3014E-02 5.6608E-02 6.8235E-02 7.8237E-02 1.0018E-01 1.1599E-01 1.3082E-01 1.2990E-01 1.2037E-01 9.6661E-02 7.4336E-02 3.7576E-02 1.3288E-02 3.3989E-03 5.2285E-04 0
 0 5.1856E-04 1.0623E-03 3.7909E-03 1.0519E-02 1.7293E-02 2.9501E-02 3.6710E-02 3.9559E-02 4.1844E-02 5.5896E-02 6.8105E-02 7.5491E-02 9.9183E-02 1.1531E-01 1.2966E-01 1.2750E-01 1.1928E-01 9.3036E-02 7.5603E-02 3.6042E-02 1.3290E-02 3.3524E-03 5.2860E-04 0
 0 5.8059E-04 1.0209E-03 3.7685E-03 1.0635E-02 1.7083E-02 2.9632E-02 3.6651E-02 3.9990E-02 4.2070E-02 5.5374E-02 6.7082E-02 7.5571E-02 9.8354E-02 1.1595E-01 1.3038E-01 1.2521E-01 1.1807E-01 9.2841E-02 7.2652E-02 3.6591E-02 1.2910E-02 3.4424E-03 5.3723E-04 0
 0 5.5831E-04 1.1000E-03 3.7849E-03 1.0690E-02 1.6477E-02 2.9048E-02 3.5490E-02 3.9748E-02 4.2096E-02 5.4217E-02 6.8028E-02 7.6171E-02 9.9059E-02 1.1421E-01 1.3001E-01 1.2486E-01 1.1614E-01 9.2730E-02 7.2926E-02 3.6441E-02 1.3011E-02 3.2309E-03 5.4873E-04 0
 0 5.4271E-04 1.2061E-03 3.6968E-03 1.0673E-02 1.6690E-02 2.8658E-02 3.5601E-02 3.9074E-02 4.1120E-02 5.4109E-02 6.5450E-02 7.4950E-02 9.6817E-02 1.1553E-01 1.3027E-01 1.2903E-01 1.1924E-01 9.2641E-02 7.2860E-02 3.5543E-02 1.2602E-02 3.4574E-03 5.3493E-04 0
 0 5.4976E-04 1.0560E-03 3.7296E-03 9.8662E-03 1.6271E-02 2.8188E-02 3.4934E-02 3.9021E-02 4.0836E-02 5.3400E-02 6.6116E-02 7.5347E-02 9.6675E-02 1.1262E-01 1.3045E-01 1.2544E-01 1.1571E-01 9.1442E-02 7.0665E-02 3.4936E-02 1.2228E-02 3.2759E-03 5.5046E-04 0
 0 5.4271E-04 9.9846E-04 3.8237E-03 1.0149E-02 1.6507E-02 2.8282E-02 3.5588E-02 3.9209E-02 4.0668E-02 5.2750E-02 6.5093E-02 7.4776E-02 9.7082E-02 1.1305E-01 1.2838E-01 1.2325E-01 1.1593E-01 9.0657E-02 7.1098E-02 3.6503E-02 1.2637E-02 3.2579E-03 5.1940E-04 0
 0 5.5013E-04 1.0218E-03 3.5938E-03 1.0513E-02 1.5994E-02 2.7698E-02 3.5054E-02 3.8070E-02 4.0445E-02 5.1502E-02 6.4446E-02 7.4033E-02 9.7091E-02 1.1164E-01 1.2596E-01 1.2396E-01 1.1652E-01 9.1071E-02 6.9892E-02 3.5514E-02 1.2226E-02 3.0344E-03 5.1595E-04 0
 0 5.8245E-04 1.0461E-03 3.6236E-03 9.8459E-03 1.5568E-02 2.7518E-02 3.3846E-02 3.8627E-02 3.9475E-02 5.1759E-02 6.4745E-02 7.2761E-02 9.4053E-02 1.1051E-01 1.2543E-01 1.2514E-01 1.1342E-01 9.0606E-02 7.0391E-02 3.4623E-02 1.2007E-02 3.2729E-03 5.0329E-04 0
 0 5.3973E-04 1.0551E-03 3.6774E-03 9.8398E-03 1.5606E-02 2.6969E-02 3.3465E-02 3.7862E-02 3.8725E-02 5.1578E-02 6.2875E-02 7.2203E-02 9.3385E-02 1.1168E-01 1.2622E-01 1.2264E-01 1.1469E-01 9.0476E-02 6.7934E-02 3.4783E-02 1.1908E-02 3.1469E-03 5.0387E-04 0
 0 5.4976E-04 1.0497E-03 3.5087E-03 9.7035E-03 1.5553E-02 2.6841E-02 3.3714E-02 3.7702E-02 3.9772E-02 4.9850E-02 6.3438E-02 7.2233E-02 9.3449E-02 1.0996E-01 1.2546E-01 1.2440E-01 1.1124E-01 8.9992E-02 6.9251E-02 3.3503E-02 1.1584E-02 3.0164E-03 4.7913E-04 0
 0 5.5051E-04 1.0056E-03 3.4206E-03 9.9028E-03 1.5085E-02 2.5687E-02 3.2869E-02 3.7497E-02 3.8286E-02 5.0170E-02 6.2304E-02 7.2000E-02 9.2140E-02 1.0952E-01 1.2472E-01 1.2023E-01 1.1236E-01 8.9346E-02 6.7505E-02 3.3373E-02 1.2019E-02 2.9024E-03 4.7396E-04 0
 0 5.2785E-04 9.4813E-04 3.4400E-03 9.8805E-03 1.5333E-02 2.6527E-02 3.3026E-02 3.6342E-02 3.7303E-02 4.9670E-02 6.1354E-02 7.0281E-02 9.3545E-02 1.0985E-01 1.2364E-01 1.2116E-01 1.1107E-01 8.7404E-02 6.6798E-02 3.3213E-02 1.1739E-02 3.0224E-03 4.7396E-04 0
 0 5.5422E-04 9.3285E-04 3.3355E-03 9.4880E-03 1.4607E-02 2.5605E-02 3.2771E-02 3.6210E-02 3.7685E-02 4.8269E-02 6.0637E-02 7.0137E-02 9.2190E-02 1.0702E-01 1.2201E-01 1.2226E-01 1.1222E-01 8.7278E-02 6.7746E-02 3.2994E-02 1.1191E-02 3.0629E-03 4.6073E-04 0
 0 5.0482E-04 9.6880E-04 3.3862E-03 9.2257E-03 1.4579E-02 2.5610E-02 3.1880E-02 3.6065E-02 3.8047E-02 4.9221E-02 6.0284E-02 6.9229E-02 9.0163E-02 1.0640E-01 1.2138E-01 1.1903E-01 1.1129E-01 8.7371E-02 6.7199E-02 3.2877E-02 1.1683E-02 2.9279E-03 4.6705E-04 0
 0 5.4196E-04 9.5262E-04 3.2713E-03 9.3965E-03 1.4977E-02 2.5115E-02 3.1560E-02 3.5804E-02 3.7627E-02 4.7952E-02 6.0131E-02 6.8548E-02 9.1078E-02 1.0617E-01 1.2005E-01 1.1778E-01 1.1034E-01 8.5819E-02 6.6324E-02 3.2674E-02 1.1088E-02 3.0029E-03 4.7511E-04 0
 0 5.3416E-04 9.3015E-04 3.3429E-03 9.0915E-03 1.4597E-02 2.5508E-02 3.1926E-02 3.5288E-02 3.6961E-02 4.7354E-02 5.8706E-02 6.8358E-02 8.9170E-02 1.0603E-01 1.1941E-01 1.1951E-01 1.0861E-01 8.6107E-02 6.5891E-02 3.2351E-02 1.0947E-02 2.8124E-03 4.5785E-04 0
 0 5.0965E-04 9.1488E-04 3.1294E-03 9.1403E-03 1.4457E-02 2.4750E-02 3.1253E-02 3.5813E-02 3.6092E-02 4.7681E-02 5.8579E-02 6.7906E-02 8.8891E-02 1.0274E-01 1.1660E-01 1.1786E-01 1.0839E-01 8.7283E-02 6.4509E-02 3.2156E-02 1.0733E-02 2.8844E-03 4.3082E-04 0
 0 5.1262E-04 9.3375E-04 3.2982E-03 9.0712E-03 1.4477E-02 2.4855E-02 3.1219E-02 3.3827E-02 3.5736E-02 4.8463E-02 5.8591E-02 6.7648E-02 8.7825E-02 1.0342E-01 1.1986E-01 1.1486E-01 1.0702E-01 8.4676E-02 6.4170E-02 3.1473E-02 1.0601E-02 2.8019E-03 4.4922E-04 0
 0 5.3825E-04 9.5622E-04 2.9995E-03 8.9268E-03 1.3913E-02 2.4927E-02 3.0546E-02 3.4277E-02 3.6634E-02 4.6534E-02 5.7801E-02 6.5755E-02 8.6923E-02 1.0371E-01 1.1700E-01 1.1768E-01 1.0766E-01 8.4113E-02 6.3156E-02 3.1777E-02 1.0742E-02 2.9159E-03 4.4692E-04 0
 0 5.4159E-04 8.9421E-04 3.0473E-03 8.9654E-03 1.4136E-02 2.4471E-02 3.0811E-02 3.3698E-02 3.5064E-02 4.6152E-02 5.7326E-02 6.6013E-02 8.8914E-02 1.0120E-01 1.1603E-01 1.1595E-01 1.0641E-01 8.3500E-02 6.2575E-02 3.1363E-02 9.9360E-03 2.7074E-03 4.5037E-04 0
 0 4.9702E-04 9.1128E-04 3.1190E-03 8.8902E-03 1.3806E-02 2.3913E-02 2.9554E-02 3.3383E-02 3.4628E-02 4.4744E-02 5.6893E-02 6.7420E-02 8.5349E-02 1.0033E-01 1.1740E-01 1.1532E-01 1.0589E-01 8.1743E-02 6.2179E-02 3.0733E-02 1.0813E-02 2.6879E-03 4.2334E-04 0
 0 5.0890E-04 9.1667E-04 2.9995E-03 8.9288E-03 1.3636E-02 2.3523E-02 2.9406E-02 3.4176E-02 3.4931E-02 4.4775E-02 5.5640E-02 6.5540E-02 8.5074E-02 1.0248E-01 1.1579E-01 1.1399E-01 1.0454E-01 8.1613E-02 6.1607E-02 3.0729E-02 1.0108E-02 2.7194E-03 4.4405E-04 0
 0 5.1447E-04 8.8792E-04 2.9383E-03 8.3066E-03 1.3583E-02 2.3568E-02 3.0092E-02 3.3050E-02 3.5080E-02 4.4445E-02 5.5411E-02 6.5109E-02 8.5614E-02 9.9175E-02 1.1502E-01 1.1611E-01 1.0535E-01 8.1520E-02 6.0466E-02 3.0612E-02 1.0510E-02 2.7449E-03 4.1356E-04 0
 0 5.3639E-04 8.9241E-04 3.0339E-03 8.4632E-03 1.3886E-02 2.3668E-02 2.9253E-02 3.3774E-02 3.4140E-02 4.3666E-02 5.5303E-02 6.4750E-02 8.5290E-02 1.0013E-01 1.1208E-01 1.1379E-01 1.0269E-01 7.9968E-02 5.9918E-02 2.9532E-02 9.6939E-03 2.7209E-03 4.2622E-04 0
 0 4.9107E-04 8.6545E-04 2.8920E-03 8.5892E-03 1.3062E-02 2.3232E-02 2.9078E-02 3.2917E-02 3.3622E-02 4.3784E-02 5.5023E-02 6.4065E-02 8.3642E-02 9.8661E-02 1.1402E-01 1.1167E-01 1.0333E-01 8.1209E-02 6.0221E-02 2.9838E-02 1.0145E-02 2.5919E-03 4.3484E-04 0
 0 4.9144E-04 7.9086E-04 2.8069E-03 8.6136E-03 1.3483E-02 2.2816E-02 2.8691E-02 3.2178E-02 3.3626E-02 4.2481E-02 5.4207E-02 6.4285E-02 8.3304E-02 9.7091E-02 1.1277E-01 1.1037E-01 1.0275E-01 7.8787E-02 5.8659E-02 2.9349E-02 9.6093E-03 2.5439E-03 4.0954E-04 0
 0 4.7696E-04 8.2411E-04 2.8338E-03 8.4937E-03 1.3400E-02 2.2420E-02 2.8380E-02 3.2244E-02 3.3652E-02 4.2703E-02 5.3732E-02 6.2950E-02 8.2928E-02 9.7624E-02 1.1318E-01 1.1044E-01 9.9970E-02 7.9973E-02 5.7846E-02 2.8719E-02 9.2990E-03 2.5979E-03 3.9516E-04 0
 0 4.6916E-04 8.3220E-04 2.9607E-03 8.1073E-03 1.2912E-02 2.2184E-02 2.8614E-02 3.1762E-02 3.3500E-02 4.1514E-02 5.2920E-02 6.2413E-02 8.2311E-02 9.6337E-02 1.1192E-01 1.0879E-01 1.0026E-01 7.8746E-02 5.8614E-02 2.9212E-02 9.6305E-03 2.6024E-03 3.9343E-04 0
 0 5.1150E-04 7.4592E-04 2.7129E-03 7.8694E-03 1.2514E-02 2.2312E-02 2.8076E-02 3.1372E-02 3.2682E-02 4.1869E-02 5.2464E-02 6.1813E-02 8.0778E-02 9.6351E-02 1.0970E-01 1.1002E-01 1.0081E-01 7.8286E-02 5.7192E-02 2.8641E-02 9.5693E-03 2.5664E-03 4.3427E-04 0
 0 4.7956E-04 9.2926E-04 2.6800E-03 8.0524E-03 1.2947E-02 2.2212E-02 2.8257E-02 3.0670E-02 3.2588E-02 4.1184E-02 5.2698E-02 6.1952E-02 8.0947E-02 9.5160E-02 1.1027E-01 1.0644E-01 9.8395E-02 7.7277E-02 5.7662E-02 2.8445E-02 9.1885E-03 2.3234E-03 3.8825E-04 0
 0 5.0519E-04 7.8726E-04 2.7577E-03 8.1114E-03 1.2940E-02 2.2343E-02 2.7474E-02 3.0311E-02 3.2285E-02 4.1027E-02 5.1146E-02 5.8927E-02 8.0993E-02 9.4810E-02 1.0821E-01 1.0890E-01 9.8755E-02 7.6157E-02 5.4907E-02 2.7384E-02 9.2356E-03 2.5619E-03 4.3197E-04 0
 0 4.4761E-04 7.9984E-04 2.7203E-03 7.9040E-03 1.2669E-02 2.1760E-02 2.7093E-02 3.0236E-02 3.2601E-02 4.0965E-02 5.0778E-02 6.1107E-02 7.8988E-02 9.4084E-02 1.0715E-01 1.0854E-01 9.5605E-02 7.5446E-02 5.6689E-02 2.7789E-02 8.9229E-03 2.5364E-03 3.8768E-04 0
 0 4.8587E-04 8.6635E-04 2.6502E-03 7.8186E-03 1.2469E-02 2.0877E-02 2.6927E-02 3.0607E-02 3.0892E-02 3.9310E-02 5.1311E-02 6.0026E-02 7.9835E-02 9.1448E-02 1.0801E-01 1.0768E-01 9.8157E-02 7.4828E-02 5.5303E-02 2.7068E-02 9.3930E-03 2.4224E-03 4.0206E-04 0
 0 4.6990E-04 8.1782E-04 2.5516E-03 7.8897E-03 1.2644E-02 2.1312E-02 2.6786E-02 3.0761E-02 3.1170E-02 3.9467E-02 4.9793E-02 5.8678E-02 7.8618E-02 9.1976E-02 1.0785E-01 1.0483E-01 9.5426E-02 7.4577E-02 5.5033E-02 2.7355E-02 8.8030E-03 2.3114E-03 3.8710E-04 0
 0 4.6098E-04 7.4862E-04 2.6412E-03 7.4993E-03 1.2411E-02 2.1278E-02 2.6420E-02 2.9562E-02 3.0636E-02 3.9029E-02 5.0180E-02 5.8517E-02 7.7313E-02 9.2629E-02 1.0734E-01 1.0484E-01 9.6762E-02 7.5581E-02 5.5266E-02 2.7446E-02 8.7184E-03 2.2274E-03 3.8653E-04 0
 0 4.7844E-04 7.6929E-04 2.6158E-03 7.6620E-03 1.1978E-02 2.1122E-02 2.5996E-02 2.8857E-02 3.1060E-02 3.8010E-02 4.8973E-02 5.7972E-02 7.7300E-02 9.0319E-02 1.0532E-01 1.0521E-01 9.4969E-02 7.4047E-02 5.5316E-02 2.7208E-02 8.8454E-03 2.2784E-03 3.7675E-04 0
 0 4.7324E-04 7.6659E-04 2.4979E-03 7.4241E-03 1.2098E-02 2.0535E-02 2.5772E-02 2.9937E-02 3.0297E-02 3.7993E-02 4.9395E-02 5.6751E-02 7.6865E-02 9.0502E-02 1.0654E-01 1.0575E-01 9.4191E-02 7.3090E-02 5.4469E-02 2.6474E-02 8.7960E-03 2.2214E-03 3.5144E-04 0
 0 4.5876E-04 7.2345E-04 2.5845E-03 7.5074E-03 1.1520E-02 2.0589E-02 2.6285E-02 2.8974E-02 2.9877E-02 3.8823E-02 4.7341E-02 5.7148E-02 7.7611E-02 9.1001E-02 1.0354E-01 1.0287E-01 9.1367E-02 7.3373E-02 5.4150E-02 2.6128E-02 8.5116E-03 2.3294E-03 3.9573E-04 0
 0 5.0259E-04 7.9805E-04 2.6591E-03 7.3915E-03 1.1638E-02 1.9886E-02 2.5354E-02 2.8511E-02 2.9625E-02 3.7718E-02 4.7843E-02 5.6379E-02 7.4014E-02 8.8360E-02 1.0298E-01 1.0316E-01 9.2164E-02 7.3787E-02 5.2119E-02 2.6079E-02 8.4411E-03 2.2529E-03 3.8135E-04 0
 0 4.9664E-04 7.7288E-04 2.5083E-03 7.4566E-03 1.1638E-02 1.9641E-02 2.5170E-02 2.8438E-02 2.9179E-02 3.6480E-02 4.8042E-02 5.5614E-02 7.5982E-02 9.0531E-02 1.0251E-01 1.0383E-01 9.2364E-02 7.1528E-02 5.1698E-02 2.6464E-02 8.2554E-03 2.2154E-03 3.8020E-04 0
 0 4.9144E-04 7.0188E-04 2.4307E-03 7.2777E-03 1.1222E-02 1.9538E-02 2.4853E-02 2.7519E-02 2.8752E-02 3.7044E-02 4.6394E-02 5.4097E-02 7.2994E-02 8.6775E-02 1.0367E-01 1.0146E-01 9.2121E-02 7.1040E-02 5.0169E-02 2.5250E-02 8.5139E-03 2.0864E-03 3.6985E-04 0
 0 4.9182E-04 7.4053E-04 2.4725E-03 7.4017E-03 1.1573E-02 1.9792E-02 2.5385E-02 2.7655E-02 2.8920E-02 3.6164E-02 4.6804E-02 5.6075E-02 7.2733E-02 8.6228E-02 9.9466E-02 1.0031E-01 9.1586E-02 7.1133E-02 5.1056E-02 2.5439E-02 7.8463E-03 2.1764E-03 3.6410E-04 0
 0 4.5207E-04 6.9290E-04 2.3904E-03 6.9665E-03 1.1165E-02 1.9484E-02 2.4199E-02 2.7626E-02 2.9079E-02 3.5775E-02 4.5739E-02 5.5234E-02 7.3428E-02 8.4797E-02 1.0138E-01 9.9637E-02 9.0351E-02 7.0594E-02 5.0876E-02 2.5266E-02 8.4269E-03 2.0174E-03 3.6870E-04 0
 0 4.7436E-04 7.3064E-04 2.3411E-03 7.2472E-03 1.1035E-02 1.9017E-02 2.4365E-02 2.7784E-02 2.8119E-02 3.6035E-02 4.5674E-02 5.4372E-02 7.1204E-02 8.4225E-02 1.0170E-01 9.8908E-02 9.1032E-02 6.9869E-02 5.0312E-02 2.5008E-02 8.0485E-03 2.0954E-03 3.4396E-04 0
 0 4.3572E-04 7.0458E-04 2.4128E-03 6.8018E-03 1.0944E-02 1.8379E-02 2.4918E-02 2.6987E-02 2.7899E-02 3.6327E-02 4.4276E-02 5.3409E-02 7.0399E-02 8.3750E-02 9.8447E-02 9.9393E-02 8.8636E-02 6.8075E-02 4.8963E-02 2.4496E-02 7.8440E-03 2.1899E-03 3.4224E-04 0
 0 4.8996E-04 6.9559E-04 2.3336E-03 6.6758E-03 1.1242E-02 1.9028E-02 2.4660E-02 2.6226E-02 2.8293E-02 3.5156E-02 4.4187E-02 5.3848E-02 7.1772E-02 8.4547E-02 9.6560E-02 9.9358E-02 8.8398E-02 6.8164E-02 4.9507E-02 2.4258E-02 7.6089E-03 1.9784E-03 3.4166E-04 0
 0 4.4947E-04 6.6684E-04 2.4337E-03 6.7002E-03 1.1087E-02 1.8521E-02 2.3477E-02 2.5769E-02 2.7637E-02 3.4555E-02 4.3532E-02 5.3709E-02 7.0060E-02 8.3231E-02 9.8349E-02 9.6525E-02 8.8330E-02 6.7225E-02 4.9421E-02 2.4614E-02 7.7735E-03 2.0249E-03 4.0954E-04 0
 0 4.6767E-04 7.2885E-04 2.3098E-03 6.7835E-03 1.0489E-02 1.8362E-02 2.3062E-02 2.5936E-02 2.7624E-02 3.4207E-02 4.4663E-02 5.2504E-02 6.9021E-02 8.2540E-02 9.7745E-02 9.6735E-02 8.6522E-02 6.7299E-02 4.8841E-02 2.3883E-02 7.5572E-03 2.1344E-03 3.2498E-04 0
 0 4.5281E-04 7.7738E-04 2.3545E-03 6.7388E-03 1.0687E-02 1.8416E-02 2.2616E-02 2.6185E-02 2.6930E-02 3.4009E-02 4.3436E-02 5.1727E-02 6.9767E-02 8.3126E-02 9.6018E-02 9.7641E-02 8.5861E-02 6.7415E-02 4.8252E-02 2.4033E-02 7.5478E-03 1.9889E-03 3.1463E-04 0
 0 4.4464E-04 7.1177E-04 2.0977E-03 6.4724E-03 1.0769E-02 1.8479E-02 2.2398E-02 2.5423E-02 2.6959E-02 3.3247E-02 4.2823E-02 5.0916E-02 6.7969E-02 8.1820E-02 9.3741E-02 9.5248E-02 8.6113E-02 6.5468E-02 4.7393E-02 2.3579E-02 7.3668E-03 1.9799E-03 3.5662E-04 0
 0 4.5913E-04 6.5335E-04 2.1888E-03 6.3565E-03 1.0461E-02 1.7573E-02 2.2472E-02 2.5955E-02 2.6510E-02 3.3220E-02 4.2356E-02 5.0341E-02 6.8893E-02 8.0557E-02 9.4517E-02 9.4685E-02 8.4096E-02 6.5775E-02 4.6102E-02 2.3413E-02 7.2822E-03 1.9214E-03 3.2556E-04 0
 0 4.3312E-04 6.6504E-04 2.1515E-03 6.3748E-03 1.0186E-02 1.7664E-02 2.2705E-02 2.5256E-02 2.6206E-02 3.2709E-02 4.1643E-02 5.0176E-02 6.8797E-02 8.0653E-02 9.6184E-02 9.3961E-02 8.3985E-02 6.4748E-02 4.6216E-02 2.3112E-02 7.3034E-03 1.8629E-03 3.3419E-04 0
 0 4.2235E-04 6.9559E-04 2.1604E-03 6.6046E-03 1.0128E-02 1.7140E-02 2.2232E-02 2.5307E-02 2.5821E-02 3.1888E-02 4.1532E-02 5.1021E-02 6.8070E-02 8.0427E-02 9.2239E-02 9.3183E-02 8.3620E-02 6.5408E-02 4.5938E-02 2.3191E-02 6.8003E-03 1.8119E-03 3.0198E-04 0
 0 4.3052E-04 6.7043E-04 2.1276E-03 6.3850E-03 1.0191E-02 1.7074E-02 2.1836E-02 2.4853E-02 2.5550E-02 3.1513E-02 4.1701E-02 5.0020E-02 6.7516E-02 8.0974E-02 9.2854E-02 9.2419E-02 8.2502E-02 6.4571E-02 4.5709E-02 2.2646E-02 7.2540E-03 1.9949E-03 3.3304E-04 0
 0 4.5838E-04 6.6504E-04 2.1052E-03 6.2853E-03 9.7704E-03 1.7359E-02 2.1566E-02 2.4756E-02 2.5029E-02 3.0331E-02 4.0861E-02 4.9678E-02 6.5086E-02 8.0100E-02 9.2069E-02 9.3780E-02 8.2308E-02 6.4195E-02 4.4303E-02 2.2270E-02 6.7745E-03 1.8179E-03 3.0198E-04 0
 0 4.3275E-04 6.6054E-04 2.0739E-03 6.0291E-03 1.0301E-02 1.7211E-02 2.1464E-02 2.4554E-02 2.5718E-02 3.0901E-02 4.0360E-02 4.9242E-02 6.6518E-02 7.8881E-02 9.0796E-02 9.2033E-02 8.0675E-02 6.3762E-02 4.4569E-02 2.2146E-02 6.8708E-03 1.7324E-03 2.9335E-04 0
 0 4.4910E-04 6.3538E-04 2.0380E-03 6.2304E-03 9.4024E-03 1.6445E-02 2.1249E-02 2.4438E-02 2.5398E-02 3.0254E-02 4.0340E-02 4.9175E-02 6.6052E-02 7.8765E-02 8.9899E-02 9.0863E-02 8.0524E-02 6.3089E-02 4.3751E-02 2.1905E-02 6.8450E-03 1.8029E-03 2.9852E-04 0
 0 4.5133E-04 6.5335E-04 1.9305E-03 5.9702E-03 9.7729E-03 1.7066E-02 2.1129E-02 2.3346E-02 2.4118E-02 3.0745E-02 3.8984E-02 4.6990E-02 6.5251E-02 7.5226E-02 8.7470E-02 8.9336E-02 8.0023E-02 6.3056E-02 4.3015E-02 2.1673E-02 6.6358E-03 1.8404E-03 3.1118E-04 0
 0 4.4427E-04 6.6234E-04 1.8170E-03 6.1349E-03 9.6377E-03 1.6590E-02 2.0558E-02 2.4419E-02 2.4002E-02 2.9385E-02 3.9018E-02 4.7434E-02 6.3823E-02 7.8232E-02 8.9465E-02 8.9400E-02 8.2327E-02 6.2108E-02 4.4123E-02 2.1745E-02 6.6992E-03 1.8749E-03 2.9450E-04 0
 0 4.5170E-04 6.2190E-04 1.9365E-03 6.0373E-03 9.3048E-03 1.5796E-02 2.0622E-02 2.4394E-02 2.4270E-02 2.9695E-02 3.8421E-02 4.6910E-02 6.4574E-02 7.4280E-02 8.7792E-02 9.1162E-02 7.8483E-02 6.0821E-02 4.2979E-02 2.1702E-02 6.6687E-03 1.8434E-03 3.0370E-04 0
 0 4.6358E-04 6.4796E-04 1.9947E-03 5.8665E-03 9.6152E-03 1.5773E-02 2.0395E-02 2.2606E-02 2.3391E-02 2.9076E-02 3.8482E-02 4.5583E-02 6.2372E-02 7.5514E-02 8.6812E-02 8.8641E-02 7.8711E-02 6.1838E-02 4.2488E-02 2.1363E-02 6.5300E-03 1.7804E-03 3.3476E-04 0
 0 4.1827E-04 5.7876E-04 1.8798E-03 6.1593E-03 9.5326E-03 1.5776E-02 2.0155E-02 2.2647E-02 2.3630E-02 2.9834E-02 3.7455E-02 4.7041E-02 6.3649E-02 7.3886E-02 8.5871E-02 8.6924E-02 7.6121E-02 6.0686E-02 4.2108E-02 2.0962E-02 6.4078E-03 1.6034E-03 3.1060E-04 0
 0 4.3090E-04 5.6169E-04 1.8350E-03 5.9824E-03 9.4775E-03 1.5568E-02 2.0109E-02 2.3103E-02 2.4037E-02 2.8450E-02 3.7049E-02 4.6289E-02 6.2153E-02 7.4703E-02 8.7344E-02 8.6625E-02 7.7919E-02 5.8901E-02 4.1491E-02 2.0792E-02 6.2526E-03 1.6874E-03 2.8990E-04 0
 0 4.2607E-04 5.8326E-04 1.8633E-03 5.8197E-03 9.2848E-03 1.5787E-02 2.0321E-02 2.2436E-02 2.3090E-02 2.8092E-02 3.7126E-02 4.6090E-02 6.2061E-02 7.2110E-02 8.5437E-02 8.7198E-02 7.6801E-02 5.8827E-02 4.0751E-02 2.0919E-02 6.5112E-03 1.6424E-03 2.9162E-04 0
 0 4.0712E-04 5.4281E-04 1.9051E-03 5.8726E-03 9.1896E-03 1.5357E-02 1.9811E-02 2.1857E-02 2.3695E-02 2.7859E-02 3.6309E-02 4.4827E-02 6.0830E-02 7.2254E-02 8.4983E-02 8.6312E-02 7.7987E-02 5.7846E-02 3.9786E-02 1.9744E-02 6.2174E-03 1.5719E-03 3.2211E-04 0
 0 4.0304E-04 5.8326E-04 1.8499E-03 5.6855E-03 9.1095E-03 1.5613E-02 1.8951E-02 2.1422E-02 2.2535E-02 2.7605E-02 3.6087E-02 4.5114E-02 5.8917E-02 7.1447E-02 8.3725E-02 8.5431E-02 7.6650E-02 5.7823E-02 4.0436E-02 1.9901E-02 6.3702E-03 1.6004E-03 3.3534E-04 0
 0 4.3201E-04 5.5899E-04 1.9275E-03 5.4598E-03 8.9493E-03 1.4881E-02 1.9356E-02 2.1111E-02 2.2745E-02 2.7202E-02 3.5857E-02 4.4392E-02 5.8629E-02 7.1553E-02 8.3067E-02 8.5495E-02 7.4366E-02 5.7447E-02 4.0755E-02 1.9245E-02 6.1563E-03 1.6844E-03 3.0025E-04 0
 0 4.0749E-04 5.4102E-04 1.8200E-03 5.6123E-03 8.8942E-03 1.4383E-02 1.9412E-02 2.2096E-02 2.2667E-02 2.7098E-02 3.5271E-02 4.3859E-02 5.8615E-02 6.9843E-02 8.3238E-02 8.4286E-02 7.5222E-02 5.6368E-02 4.0007E-02 1.9761E-02 6.0340E-03 1.5719E-03 3.0543E-04 0
 0 4.0415E-04 5.3742E-04 1.8096E-03 5.5330E-03 8.3936E-03 1.4540E-02 1.8988E-02 2.1539E-02 2.1717E-02 2.6090E-02 3.5240E-02 4.4273E-02 5.8968E-02 7.0088E-02 8.1921E-02 8.2549E-02 7.4940E-02 5.6020E-02 3.9009E-02 1.8844E-02 5.7872E-03 1.5674E-03 2.7954E-04 0
 0 4.3498E-04 5.5360E-04 1.8275E-03 5.5879E-03 8.5062E-03 1.4676E-02 1.8435E-02 2.1939E-02 2.2447E-02 2.6493E-02 3.5179E-02 4.3766E-02 5.8460E-02 6.8935E-02 8.1999E-02 8.1590E-02 7.3836E-02 5.5550E-02 3.8372E-02 1.9741E-02 5.8107E-03 1.6064E-03 3.1348E-04 0
 0 4.3312E-04 5.1046E-04 1.7110E-03 5.1995E-03 8.6239E-03 1.4628E-02 1.8720E-02 2.1413E-02 2.1665E-02 2.5829E-02 3.4072E-02 4.1988E-02 5.7604E-02 6.7581E-02 8.1219E-02 8.2363E-02 7.2412E-02 5.6243E-02 3.7264E-02 1.9297E-02 5.8084E-03 1.6019E-03 2.5481E-04 0
 0 3.8335E-04 5.0777E-04 1.6976E-03 5.4028E-03 8.4662E-03 1.4625E-02 1.8364E-02 2.0777E-02 2.1410E-02 2.6629E-02 3.3826E-02 4.1709E-02 5.7142E-02 6.8729E-02 7.9244E-02 8.1233E-02 7.1936E-02 5.5299E-02 3.7571E-02 1.8752E-02 5.4840E-03 1.5015E-03 2.6689E-04 0
 0 4.1567E-04 5.2844E-04 1.8230E-03 5.2320E-03 8.5738E-03 1.3947E-02 1.7507E-02 2.0491E-02 2.1016E-02 2.5283E-02 3.3558E-02 4.2714E-02 5.5646E-02 6.8225E-02 8.0019E-02 7.9818E-02 7.1562E-02 5.5309E-02 3.7280E-02 1.9039E-02 5.7167E-03 1.4850E-03 2.8529E-04 0
 0 3.8149E-04 4.6643E-04 1.6289E-03 5.1853E-03 8.3335E-03 1.3779E-02 1.7541E-02 2.0060E-02 2.0980E-02 2.6072E-02 3.4263E-02 4.1840E-02 5.6414E-02 6.6414E-02 7.8947E-02 8.1022E-02 7.0877E-02 5.4416E-02 3.8028E-02 1.8155E-02 5.6250E-03 1.5509E-03 2.8184E-04 0
 0 3.8855E-04 5.3652E-04 1.7558E-03 5.1405E-03 8.2684E-03 1.3890E-02 1.8429E-02 1.9868E-02 2.1126E-02 2.5068E-02 3.3677E-02 4.0720E-02 5.5764E-02 6.6352E-02 7.7352E-02 7.7063E-02 6.9384E-02 5.5523E-02 3.6594E-02 1.8550E-02 5.3218E-03 1.4550E-03 2.7379E-04 0
 0 4.0824E-04 5.3293E-04 1.5274E-03 5.1609E-03 8.0807E-03 1.3751E-02 1.7743E-02 1.9997E-02 2.1549E-02 2.4411E-02 3.2612E-02 4.1421E-02 5.5755E-02 6.5535E-02 7.8010E-02 7.9598E-02 6.9778E-02 5.3087E-02 3.5641E-02 1.8524E-02 5.5075E-03 1.5374E-03 2.8932E-04 0
 0 3.7963E-04 5.3023E-04 1.6006E-03 5.0816E-03 8.4662E-03 1.3813E-02 1.7415E-02 1.9348E-02 2.0702E-02 2.4352E-02 3.2317E-02 4.0403E-02 5.4154E-02 6.4897E-02 7.7172E-02 7.7504E-02 6.9885E-02 5.3617E-02 3.5686E-02 1.8067E-02 5.4323E-03 1.4400E-03 2.5769E-04 0
 0 3.9746E-04 5.3832E-04 1.5125E-03 5.2768E-03 7.9880E-03 1.3574E-02 1.6843E-02 1.9792E-02 2.0760E-02 2.4240E-02 3.1600E-02 3.9292E-02 5.4337E-02 6.5780E-02 7.7220E-02 7.8429E-02 6.9754E-02 5.2488E-02 3.5008E-02 1.8168E-02 5.3171E-03 1.4715E-03 2.7724E-04 0
 0 4.0192E-04 5.7966E-04 1.6095E-03 5.1629E-03 7.8554E-03 1.3597E-02 1.6862E-02 1.9395E-02 2.0495E-02 2.4456E-02 3.0780E-02 3.9266E-02 5.4726E-02 6.4647E-02 7.6489E-02 7.7915E-02 6.7426E-02 5.1507E-02 3.5895E-02 1.7998E-02 5.4981E-03 1.5314E-03 2.7207E-04 0
 0 3.8038E-04 5.1855E-04 1.5468E-03 4.7704E-03 7.9255E-03 1.3170E-02 1.7012E-02 1.9068E-02 2.0014E-02 2.3302E-02 3.0688E-02 3.9566E-02 5.2964E-02 6.5290E-02 7.4548E-02 7.6207E-02 6.9443E-02 5.2729E-02 3.5772E-02 1.7421E-02 5.1361E-03 1.4385E-03 2.3238E-04 0
 0 4.1567E-04 5.2304E-04 1.5647E-03 4.6728E-03 7.7302E-03 1.2967E-02 1.6868E-02 1.9251E-02 1.9342E-02 2.3754E-02 3.1577E-02 3.8409E-02 5.3737E-02 6.2966E-02 7.3607E-02 7.5884E-02 6.8189E-02 5.1823E-02 3.4840E-02 1.7617E-02 5.3100E-03 1.3185E-03 2.5136E-04 0
 0 4.1418E-04 4.4306E-04 1.6259E-03 4.7054E-03 8.0081E-03 1.3426E-02 1.5676E-02 1.9301E-02 1.9516E-02 2.2408E-02 3.0198E-02 3.9161E-02 5.2108E-02 6.2937E-02 7.3983E-02 7.5752E-02 6.7610E-02 5.0582E-02 3.3626E-02 1.6784E-02 4.9245E-03 1.3500E-03 2.5021E-04 0
 0 4.1344E-04 4.7182E-04 1.5856E-03 4.7765E-03 8.2334E-03 1.2836E-02 1.6370E-02 1.8845E-02 1.9384E-02 2.2676E-02 2.9416E-02 3.8028E-02 5.1673E-02 6.2707E-02 7.3685E-02 7.4338E-02 6.6546E-02 5.0327E-02 3.3503E-02 1.7199E-02 4.9316E-03 1.2750E-03 2.4446E-04 0
 0 3.9561E-04 5.0417E-04 1.4557E-03 4.7155E-03 7.7953E-03 1.2423E-02 1.5580E-02 1.8788E-02 1.9397E-02 2.2728E-02 3.0439E-02 3.8235E-02 5.1133E-02 6.0762E-02 7.2422E-02 7.3080E-02 6.5691E-02 4.9774E-02 3.3254E-02 1.6732E-02 4.9574E-03 1.4205E-03 2.5711E-04 0
 0 3.9598E-04 5.1585E-04 1.4289E-03 4.8396E-03 7.4824E-03 1.2050E-02 1.6536E-02 1.8184E-02 1.8627E-02 2.2732E-02 2.9807E-02 3.7340E-02 5.1303E-02 6.1093E-02 7.2237E-02 7.1543E-02 6.4933E-02 4.9867E-02 3.2796E-02 1.6673E-02 4.7741E-03 1.4160E-03 2.5481E-04 0
 0 3.8298E-04 4.7901E-04 1.5513E-03 4.5122E-03 7.2996E-03 1.2629E-02 1.5645E-02 1.8026E-02 1.8618E-02 2.2301E-02 2.8880E-02 3.7711E-02 5.0154E-02 6.1487E-02 7.0701E-02 7.2904E-02 6.3358E-02 4.8449E-02 3.2232E-02 1.6983E-02 4.9081E-03 1.4025E-03 2.4388E-04 0
 0 3.8186E-04 4.7272E-04 1.4707E-03 4.4309E-03 7.7027E-03 1.1902E-02 1.5915E-02 1.8426E-02 1.8850E-02 2.1550E-02 2.9014E-02 3.6140E-02 5.1042E-02 5.9024E-02 7.0418E-02 7.0746E-02 6.6089E-02 4.9374E-02 3.1406E-02 1.6207E-02 4.8705E-03 1.2600E-03 2.2087E-04 0
 0 3.7852E-04 5.1496E-04 1.4229E-03 4.4431E-03 7.1169E-03 1.2016E-02 1.5497E-02 1.7390E-02 1.9397E-02 2.0847E-02 2.8646E-02 3.6224E-02 5.0150E-02 5.8351E-02 6.9974E-02 7.2003E-02 6.2886E-02 4.8765E-02 3.1463E-02 1.6827E-02 4.9222E-03 1.2975E-03 2.1915E-04 0
 0 3.9635E-04 4.7092E-04 1.3841E-03 4.5000E-03 7.2496E-03 1.1928E-02 1.5651E-02 1.7642E-02 1.7632E-02 2.1070E-02 2.8382E-02 3.6021E-02 4.9440E-02 5.7756E-02 7.0462E-02 6.9821E-02 6.3086E-02 4.7989E-02 3.1010E-02 1.6451E-02 4.7036E-03 1.3500E-03 2.1857E-04 0
 0 4.0081E-04 4.7721E-04 1.5199E-03 4.2295E-03 7.2170E-03 1.1897E-02 1.4871E-02 1.7431E-02 1.8301E-02 2.0646E-02 2.8052E-02 3.5654E-02 4.9399E-02 5.8500E-02 6.7800E-02 7.0741E-02 6.2687E-02 4.8677E-02 3.0916E-02 1.6089E-02 4.7976E-03 1.2960E-03 2.5078E-04 0
 0 4.0192E-04 4.0531E-04 1.4199E-03 4.5366E-03 7.3197E-03 1.1620E-02 1.4815E-02 1.7123E-02 1.7341E-02 2.0858E-02 2.7906E-02 3.4661E-02 4.8644E-02 5.7228E-02 6.6337E-02 7.1020E-02 6.2084E-02 4.7445E-02 3.0515E-02 1.5897E-02 4.8423E-03 1.1880E-03 2.3238E-04 0
 0 3.7629E-04 4.5205E-04 1.3393E-03 4.3882E-03 7.2396E-03 1.1623E-02 1.5365E-02 1.7192E-02 1.7580E-02 2.0048E-02 2.8401E-02 3.4952E-02 4.6873E-02 5.5561E-02 6.7356E-02 6.9503E-02 6.0758E-02 4.7794E-02 3.0777E-02 1.5707E-02 4.8940E-03 1.3140E-03 2.2778E-04 0
 0 3.6515E-04 5.3203E-04 1.3214E-03 4.3088E-03 6.7364E-03 1.1649E-02 1.4413E-02 1.6456E-02 1.7348E-02 1.9648E-02 2.6619E-02 3.4661E-02 4.6891E-02 5.6498E-02 6.6556E-02 6.8446E-02 6.0573E-02 4.5521E-02 3.0638E-02 1.5166E-02 4.6895E-03 1.1595E-03 2.3640E-04 0
 0 3.7072E-04 4.2958E-04 1.3512E-03 4.3556E-03 6.9141E-03 1.1373E-02 1.4416E-02 1.6522E-02 1.7412E-02 1.9898E-02 2.6880E-02 3.5244E-02 4.6763E-02 5.4860E-02 6.6103E-02 6.8382E-02 6.0471E-02 4.5809E-02 3.0184E-02 1.5420E-02 4.6777E-03 1.2090E-03 2.3410E-04 0
 0 3.8855E-04 4.3767E-04 1.4094E-03 4.4593E-03 6.8515E-03 1.0903E-02 1.4729E-02 1.6796E-02 1.7086E-02 1.9596E-02 2.5722E-02 3.4454E-02 4.6539E-02 5.5945E-02 6.5181E-02 6.7041E-02 6.0733E-02 4.5405E-02 2.8794E-02 1.5750E-02 4.4662E-03 1.2720E-03 2.2720E-04 0
 0 3.6180E-04 4.6732E-04 1.3363E-03 4.4268E-03 7.2921E-03 1.1233E-02 1.4050E-02 1.6575E-02 1.6976E-02 1.8647E-02 2.6021E-02 3.3613E-02 4.6347E-02 5.6118E-02 6.6068E-02 6.9155E-02 5.8410E-02 4.4982E-02 2.9227E-02 1.5358E-02 4.4967E-03 1.2135E-03 2.5366E-04 0
 0 3.7778E-04 4.0441E-04 1.3467E-03 4.5407E-03 6.9892E-03 1.0877E-02 1.4563E-02 1.5773E-02 1.6850E-02 1.9363E-02 2.5416E-02 3.4209E-02 4.5866E-02 5.4025E-02 6.5152E-02 6.6567E-02 5.8172E-02 4.4847E-02 2.8320E-02 1.5022E-02 4.5343E-03 1.2480E-03 2.2030E-04 0
 0 3.6106E-04 4.0082E-04 1.3139E-03 4.2641E-03 6.2282E-03 1.0888E-02 1.4143E-02 1.5889E-02 1.6718E-02 1.8484E-02 2.5810E-02 3.4187E-02 4.5825E-02 5.3343E-02 6.3986E-02 6.5583E-02 5.8352E-02 4.5005E-02 2.9068E-02 1.4849E-02 4.0431E-03 1.1265E-03 2.1570E-04 0
 0 3.7555E-04 4.3317E-04 1.3228E-03 4.1563E-03 6.4961E-03 1.0908E-02 1.4115E-02 1.6009E-02 1.6401E-02 1.8650E-02 2.5052E-02 3.4437E-02 4.4892E-02 5.3203E-02 6.2592E-02 6.5250E-02 5.8060E-02 4.4513E-02 2.8103E-02 1.4415E-02 4.1747E-03 1.2390E-03 2.1340E-04 0
 0 3.7889E-04 3.8734E-04 1.1870E-03 3.7761E-03 6.4460E-03 1.0527E-02 1.4268E-02 1.5530E-02 1.6265E-02 1.8018E-02 2.4998E-02 3.3811E-02 4.2704E-02 5.3347E-02 6.2572E-02 6.4399E-02 5.5416E-02 4.4829E-02 2.8075E-02 1.4418E-02 4.0995E-03 1.1430E-03 2.3698E-04 0
 0 3.4769E-04 4.3317E-04 1.1347E-03 4.2173E-03 6.7364E-03 1.0518E-02 1.3851E-02 1.5278E-02 1.6714E-02 1.7830E-02 2.3814E-02 3.2857E-02 4.3702E-02 5.2493E-02 6.3006E-02 6.4022E-02 5.6359E-02 4.4350E-02 2.7392E-02 1.4637E-02 4.0007E-03 1.1265E-03 2.1397E-04 0
 0 3.6552E-04 3.6038E-04 1.3452E-03 4.0669E-03 6.2833E-03 1.0743E-02 1.3746E-02 1.5168E-02 1.5887E-02 1.8077E-02 2.4542E-02 3.2079E-02 4.3002E-02 5.2253E-02 6.1919E-02 6.2975E-02 5.6048E-02 4.3602E-02 2.6918E-02 1.4533E-02 4.0924E-03 1.0560E-03 2.2145E-04 0
 0 3.6886E-04 3.9453E-04 1.1750E-03 4.1177E-03 6.1081E-03 9.9883E-03 1.3122E-02 1.5193E-02 1.5638E-02 1.7764E-02 2.4320E-02 3.2049E-02 4.3153E-02 5.1633E-02 6.0217E-02 6.3210E-02 5.6656E-02 4.2459E-02 2.7241E-02 1.4007E-02 4.0195E-03 1.0635E-03 2.2893E-04 0
 0 3.7406E-04 4.1520E-04 1.1123E-03 3.9530E-03 6.2983E-03 9.5098E-03 1.3503E-02 1.5143E-02 1.5683E-02 1.7934E-02 2.3933E-02 3.1618E-02 4.3340E-02 5.2435E-02 6.0056E-02 6.1962E-02 5.5037E-02 4.1966E-02 2.7760E-02 1.3929E-02 3.8691E-03 1.1625E-03 2.2778E-04 0
 0 3.9226E-04 3.9363E-04 1.1720E-03 3.7964E-03 6.3008E-03 9.8260E-03 1.2935E-02 1.5027E-02 1.5651E-02 1.6954E-02 2.3776E-02 3.2058E-02 4.1309E-02 5.1311E-02 5.8652E-02 6.1712E-02 5.4964E-02 4.1910E-02 2.7425E-02 1.4134E-02 3.5447E-03 1.1115E-03 2.0937E-04 0
 0 3.6255E-04 3.9543E-04 1.1885E-03 3.8737E-03 6.4110E-03 9.6238E-03 1.3276E-02 1.4942E-02 1.5690E-02 1.7336E-02 2.3458E-02 3.0938E-02 4.2256E-02 5.0749E-02 5.9008E-02 6.0249E-02 5.4065E-02 4.1655E-02 2.6816E-02 1.4043E-02 3.9725E-03 1.0965E-03 2.0937E-04 0
 0 3.6292E-04 4.1071E-04 1.2183E-03 3.8839E-03 5.9479E-03 1.0265E-02 1.3122E-02 1.4539E-02 1.5108E-02 1.6742E-02 2.3105E-02 3.1509E-02 4.1249E-02 4.8968E-02 5.9290E-02 5.9647E-02 5.3375E-02 4.1455E-02 2.5683E-02 1.3436E-02 3.9514E-03 9.9747E-04 1.9787E-04 0
 0 3.4620E-04 4.2059E-04 1.1855E-03 3.7009E-03 5.9979E-03 9.8829E-03 1.2741E-02 1.4655E-02 1.5128E-02 1.6884E-02 2.3393E-02 3.1521E-02 4.0334E-02 4.9242E-02 5.8700E-02 6.0489E-02 5.3472E-02 4.1492E-02 2.5781E-02 1.3850E-02 3.7962E-03 1.0020E-03 2.1857E-04 0
 0 3.4546E-04 3.6038E-04 1.1437E-03 3.8005E-03 6.1231E-03 1.0171E-02 1.2898E-02 1.4463E-02 1.4749E-02 1.5928E-02 2.2527E-02 2.9565E-02 4.0521E-02 4.8555E-02 5.6521E-02 6.0063E-02 5.2957E-02 4.0516E-02 2.5487E-02 1.3260E-02 3.5494E-03 1.0650E-03 2.0247E-04 0
 0 3.4992E-04 4.1430E-04 1.1825E-03 3.6866E-03 6.0705E-03 9.4785E-03 1.2327E-02 1.4485E-02 1.4956E-02 1.6599E-02 2.2247E-02 2.9759E-02 4.0201E-02 4.8771E-02 5.6594E-02 5.9716E-02 5.1713E-02 3.9308E-02 2.5181E-02 1.2911E-02 3.8926E-03 9.2397E-04 2.0247E-04 0
 0 3.4100E-04 4.3497E-04 1.1944E-03 3.9286E-03 6.0230E-03 9.3560E-03 1.2192E-02 1.3925E-02 1.4714E-02 1.6196E-02 2.1929E-02 3.0004E-02 3.9899E-02 4.8123E-02 5.4653E-02 5.7636E-02 5.1999E-02 3.9470E-02 2.5303E-02 1.3394E-02 3.6740E-03 1.0590E-03 1.8866E-04 0
 0 3.6775E-04 4.1250E-04 1.1019E-03 3.6948E-03 5.8602E-03 9.1481E-03 1.1887E-02 1.3714E-02 1.4365E-02 1.6189E-02 2.2350E-02 2.9949E-02 3.9345E-02 4.7854E-02 5.5970E-02 5.8644E-02 5.3249E-02 3.9006E-02 2.4739E-02 1.2777E-02 3.6246E-03 9.9297E-04 2.2260E-04 0
 0 3.6069E-04 3.8374E-04 1.0660E-03 3.5585E-03 5.6249E-03 9.0257E-03 1.2210E-02 1.4183E-02 1.4119E-02 1.5574E-02 2.1948E-02 2.9049E-02 3.9208E-02 4.6005E-02 5.6491E-02 5.7641E-02 5.1888E-02 4.0214E-02 2.4396E-02 1.2565E-02 3.7586E-03 1.0440E-03 2.1742E-04 0
 0 3.4546E-04 3.7116E-04 1.2049E-03 3.5585E-03 5.8127E-03 9.1538E-03 1.1823E-02 1.3657E-02 1.3916E-02 1.5581E-02 2.1588E-02 2.8644E-02 3.8737E-02 4.7422E-02 5.3951E-02 5.6780E-02 5.0206E-02 3.8002E-02 2.4163E-02 1.2692E-02 3.4625E-03 1.0395E-03 1.7888E-04 0
 0 3.6143E-04 3.8285E-04 1.1706E-03 3.6317E-03 5.6399E-03 9.0000E-03 1.2062E-02 1.3459E-02 1.3951E-02 1.4990E-02 2.1362E-02 2.8187E-02 3.8023E-02 4.6437E-02 5.4078E-02 5.5106E-02 5.0400E-02 3.8034E-02 2.2985E-02 1.2401E-02 3.1710E-03 1.0185E-03 1.7543E-04 0
 0 3.4806E-04 3.7656E-04 1.1720E-03 3.4548E-03 5.4847E-03 8.9089E-03 1.1737E-02 1.3572E-02 1.3919E-02 1.5626E-02 2.0595E-02 2.7841E-02 3.7501E-02 4.5453E-02 5.3434E-02 5.7024E-02 5.0201E-02 3.7584E-02 2.2642E-02 1.2682E-02 3.5494E-03 9.4947E-04 1.8751E-04 0
 0 3.4026E-04 4.3677E-04 1.0317E-03 3.5239E-03 5.6850E-03 8.7380E-03 1.1374E-02 1.3242E-02 1.4236E-02 1.4524E-02 2.0726E-02 2.8192E-02 3.7094E-02 4.5016E-02 5.3122E-02 5.5591E-02 4.9803E-02 3.8146E-02 2.3566E-02 1.2343E-02 3.5377E-03 1.0215E-03 2.0592E-04 0
 0 3.4880E-04 3.5768E-04 1.0959E-03 3.6317E-03 5.4697E-03 8.9317E-03 1.1973E-02 1.3418E-02 1.3942E-02 1.3975E-02 2.0182E-02 2.8107E-02 3.7066E-02 4.5246E-02 5.2288E-02 5.4078E-02 4.8626E-02 3.7519E-02 2.2859E-02 1.1948E-02 3.4201E-03 9.0897E-04 1.8349E-04 0
 0 3.6069E-04 3.9363E-04 1.0347E-03 3.5666E-03 5.3170E-03 8.5272E-03 1.1325E-02 1.3270E-02 1.3198E-02 1.4806E-02 2.0381E-02 2.7287E-02 3.7131E-02 4.4137E-02 5.1142E-02 5.3902E-02 4.7591E-02 3.7082E-02 2.2237E-02 1.1667E-02 3.3943E-03 8.5497E-04 2.0419E-04 0
 0 3.3134E-04 3.6397E-04 1.0078E-03 3.4121E-03 5.2945E-03 8.4048E-03 1.1340E-02 1.2842E-02 1.3256E-02 1.4663E-02 1.9825E-02 2.6586E-02 3.7208E-02 4.3248E-02 5.2083E-02 5.4504E-02 4.8277E-02 3.6008E-02 2.2376E-02 1.2199E-02 3.4554E-03 9.4347E-04 1.8866E-04 0
 0 3.4063E-04 3.4690E-04 1.0377E-03 3.1437E-03 5.4347E-03 8.7409E-03 1.0920E-02 1.2770E-02 1.3253E-02 1.4521E-02 2.0071E-02 2.7583E-02 3.5634E-02 4.2360E-02 5.1245E-02 5.3481E-02 4.6435E-02 3.6161E-02 2.2548E-02 1.1827E-02 3.2109E-03 9.6297E-04 1.9211E-04 0
 0 3.2800E-04 3.5409E-04 1.1064E-03 3.3999E-03 5.4822E-03 8.5500E-03 1.0926E-02 1.2666E-02 1.2953E-02 1.4448E-02 1.9772E-02 2.6768E-02 3.6224E-02 4.1937E-02 5.0552E-02 5.4671E-02 4.7688E-02 3.6022E-02 2.2311E-02 1.1210E-02 3.1169E-03 9.9747E-04 1.9787E-04 0
 0 3.4323E-04 3.4061E-04 1.0153E-03 3.4202E-03 5.2895E-03 8.4105E-03 1.1058E-02 1.2376E-02 1.2410E-02 1.3213E-02 1.8864E-02 2.5897E-02 3.5836E-02 4.2480E-02 5.0674E-02 5.3462E-02 4.5681E-02 3.6171E-02 2.1297E-02 1.1687E-02 3.1827E-03 8.9997E-04 1.8464E-04 0
 0 3.3952E-04 3.2353E-04 1.0108E-03 3.1701E-03 5.2444E-03 8.5159E-03 1.0578E-02 1.2546E-02 1.2995E-02 1.3662E-02 1.8810E-02 2.5382E-02 3.4929E-02 4.2663E-02 4.8733E-02 5.2028E-02 4.6595E-02 3.5227E-02 2.1534E-02 1.1452E-02 3.0911E-03 9.1197E-04 1.7601E-04 0
 0 3.5512E-04 3.0556E-04 9.5555E-04 3.0624E-03 5.1618E-03 8.1200E-03 1.0701E-02 1.2071E-02 1.2513E-02 1.3554E-02 1.9231E-02 2.5982E-02 3.5588E-02 4.2019E-02 4.8373E-02 5.2082E-02 4.6289E-02 3.4581E-02 2.1015E-02 1.1537E-02 3.0652E-03 8.6697E-04 2.0017E-04 0
 0 3.3506E-04 3.0106E-04 9.2420E-04 3.3531E-03 5.0442E-03 7.9291E-03 1.0843E-02 1.1977E-02 1.2823E-02 1.3384E-02 1.8787E-02 2.6096E-02 3.3822E-02 4.2010E-02 4.8689E-02 5.0932E-02 4.4908E-02 3.5511E-02 2.0991E-02 1.1377E-02 3.0534E-03 9.0297E-04 1.7141E-04 0
 0 3.2577E-04 3.4690E-04 8.9583E-04 3.0176E-03 5.0642E-03 7.9690E-03 1.0357E-02 1.2102E-02 1.2878E-02 1.3280E-02 1.8362E-02 2.5817E-02 3.4202E-02 4.0977E-02 4.9933E-02 5.1123E-02 4.4243E-02 3.3884E-02 2.1408E-02 1.1119E-02 3.2650E-03 9.3297E-04 1.6796E-04 0
 0 3.1797E-04 3.2713E-04 9.0180E-04 3.0746E-03 5.0617E-03 7.7583E-03 1.0496E-02 1.2040E-02 1.2290E-02 1.2741E-02 1.8224E-02 2.5678E-02 3.3698E-02 4.0170E-02 4.7163E-02 5.0893E-02 4.4602E-02 3.3819E-02 2.0300E-02 1.1086E-02 3.2039E-03 8.8947E-04 1.5012E-04 0
 0 3.2912E-04 3.7745E-04 1.0645E-03 3.1600E-03 5.0817E-03 7.7070E-03 1.0265E-02 1.1995E-02 1.2597E-02 1.2442E-02 1.7971E-02 2.5200E-02 3.4234E-02 4.0891E-02 4.6915E-02 4.9713E-02 4.4763E-02 3.3280E-02 2.0443E-02 1.0871E-02 3.2156E-03 8.6247E-04 1.7716E-04 0
 0 3.0831E-04 3.5139E-04 9.4809E-04 2.9383E-03 5.4046E-03 7.6500E-03 9.9425E-03 1.1854E-02 1.2025E-02 1.2643E-02 1.7599E-02 2.4490E-02 3.3245E-02 3.9071E-02 4.5203E-02 4.8837E-02 4.4068E-02 3.3331E-02 1.9850E-02 1.0763E-02 2.9312E-03 8.0097E-04 1.5990E-04 0
 0 3.1983E-04 3.1904E-04 1.0093E-03 3.1213E-03 5.0817E-03 7.6814E-03 9.7335E-03 1.1810E-02 1.1915E-02 1.2866E-02 1.7879E-02 2.4672E-02 3.2252E-02 3.9071E-02 4.5535E-02 4.8779E-02 4.3266E-02 3.3117E-02 1.9973E-02 1.0861E-02 2.9030E-03 8.9397E-04 1.8003E-04 0
 0 3.3432E-04 3.2173E-04 9.4809E-04 3.1457E-03 4.9140E-03 7.5988E-03 1.0013E-02 1.1413E-02 1.1796E-02 1.2581E-02 1.6829E-02 2.4566E-02 3.2582E-02 3.9709E-02 4.4213E-02 4.8407E-02 4.3188E-02 3.2406E-02 2.0112E-02 1.0486E-02 2.8677E-03 8.2497E-04 1.6508E-04 0
 0 3.2540E-04 3.1005E-04 8.7045E-04 3.1173E-03 5.1067E-03 7.2285E-03 9.8657E-03 1.1574E-02 1.1531E-02 1.2230E-02 1.7201E-02 2.3303E-02 3.3502E-02 3.9186E-02 4.5842E-02 4.8774E-02 4.3572E-02 3.2527E-02 1.9315E-02 1.0724E-02 2.9594E-03 8.0547E-04 1.5875E-04 0
 0 3.3989E-04 3.0915E-04 9.4660E-04 3.0176E-03 5.0366E-03 7.4564E-03 9.8165E-03 1.1193E-02 1.1951E-02 1.2136E-02 1.7362E-02 2.4402E-02 3.1433E-02 3.7567E-02 4.4296E-02 4.7159E-02 4.1385E-02 3.1886E-02 1.8771E-02 1.0424E-02 2.6045E-03 8.5647E-04 2.0247E-04 0
 0 3.0311E-04 3.5589E-04 8.1521E-04 2.9586E-03 4.9265E-03 7.5390E-03 9.8011E-03 1.1618E-02 1.1418E-02 1.2160E-02 1.6139E-02 2.4182E-02 3.0719E-02 3.8115E-02 4.3667E-02 4.7697E-02 4.3105E-02 3.0984E-02 1.9163E-02 1.0848E-02 2.7502E-03 8.1897E-04 1.9844E-04 0
 0 3.3209E-04 3.1365E-04 9.2271E-04 2.7350E-03 4.8314E-03 7.0946E-03 9.5185E-03 1.1171E-02 1.1269E-02 1.1510E-02 1.6480E-02 2.3417E-02 3.0271E-02 3.8456E-02 4.4364E-02 4.6518E-02 4.0588E-02 3.2104E-02 1.8677E-02 1.0303E-02 2.7925E-03 8.6997E-04 1.6163E-04 0
 0 3.1017E-04 3.2353E-04 9.5108E-04 2.7350E-03 4.7012E-03 7.2086E-03 9.2450E-03 1.1004E-02 1.1030E-02 1.1576E-02 1.6538E-02 2.3400E-02 3.0221E-02 3.6569E-02 4.4130E-02 4.6479E-02 4.1171E-02 3.0668E-02 1.9110E-02 1.0264E-02 2.7573E-03 8.1747E-04 1.3920E-04 0
 0 2.9494E-04 3.3611E-04 8.2566E-04 2.8712E-03 4.6136E-03 6.8098E-03 9.5861E-03 1.0752E-02 1.1485E-02 1.1072E-02 1.5641E-02 2.3054E-02 3.0953E-02 3.7289E-02 4.1775E-02 4.7002E-02 4.1254E-02 3.0803E-02 1.8489E-02 1.0437E-02 2.8983E-03 7.3498E-04 1.5358E-04 0
 0 3.0608E-04 2.9387E-04 8.7941E-04 2.8183E-03 4.7363E-03 7.0092E-03 9.4970E-03 1.0642E-02 1.1088E-02 1.0957E-02 1.6319E-02 2.2699E-02 2.9543E-02 3.6554E-02 4.3296E-02 4.5603E-02 3.9732E-02 3.0357E-02 1.8244E-02 9.9211E-03 2.7150E-03 6.9298E-04 1.5473E-04 0
 0 3.1500E-04 2.9387E-04 8.7194E-04 2.9139E-03 4.5660E-03 6.8867E-03 8.8886E-03 1.0730E-02 1.0739E-02 1.1701E-02 1.5810E-02 2.2910E-02 2.9667E-02 3.6069E-02 4.2150E-02 4.4991E-02 4.0155E-02 2.9706E-02 1.7197E-02 9.7057E-03 2.5669E-03 7.9497E-04 1.3862E-04 0
 0 3.0831E-04 2.7320E-04 7.6444E-04 2.7695E-03 4.5986E-03 6.5478E-03 9.0515E-03 1.0957E-02 1.0351E-02 1.0763E-02 1.5925E-02 2.1896E-02 3.0294E-02 3.5579E-02 4.0346E-02 4.3626E-02 4.0437E-02 3.0464E-02 1.7463E-02 9.6568E-03 2.6397E-03 7.2748E-04 1.9787E-04 0
 0 3.1500E-04 3.1544E-04 8.2118E-04 2.7492E-03 4.5210E-03 6.7700E-03 9.1037E-03 1.0548E-02 1.0891E-02 1.0881E-02 1.5672E-02 2.1807E-02 2.8894E-02 3.5906E-02 4.0429E-02 4.4482E-02 4.0111E-02 3.0022E-02 1.7573E-02 9.3533E-03 2.5387E-03 7.4998E-04 1.7256E-04 0
 0 2.9271E-04 3.2713E-04 8.1371E-04 2.5865E-03 4.2531E-03 6.7358E-03 9.0146E-03 1.0176E-02 1.0707E-02 1.0592E-02 1.5139E-02 2.2259E-02 2.9951E-02 3.5157E-02 4.0063E-02 4.3939E-02 3.9397E-02 2.9743E-02 1.6911E-02 9.4218E-03 2.6632E-03 7.4548E-04 1.4207E-04 0
 0 3.1946E-04 2.5793E-04 8.1969E-04 2.8468E-03 4.3658E-03 6.4738E-03 8.5691E-03 1.0182E-02 1.0296E-02 1.0161E-02 1.5438E-02 2.0628E-02 2.9324E-02 3.4355E-02 4.0522E-02 4.3073E-02 3.8031E-02 2.9864E-02 1.7111E-02 9.9929E-03 2.5810E-03 6.8698E-04 1.6853E-04 0
 0 3.1277E-04 2.9028E-04 7.5996E-04 2.7309E-03 4.2606E-03 6.5877E-03 8.6705E-03 1.0318E-02 1.0519E-02 1.0704E-02 1.5001E-02 2.1748E-02 2.8271E-02 3.5258E-02 4.0536E-02 4.4032E-02 3.8323E-02 2.9214E-02 1.7164E-02 9.5687E-03 2.6139E-03 7.9497E-04 1.7428E-04 0
 0 2.8714E-04 3.1095E-04 7.9430E-04 2.5947E-03 4.3357E-03 6.3655E-03 8.6920E-03 9.7355E-03 1.0487E-02 1.0189E-02 1.4698E-02 2.1587E-02 2.8829E-02 3.4336E-02 4.0649E-02 4.3039E-02 3.8201E-02 2.8902E-02 1.6907E-02 9.2619E-03 2.5316E-03 8.0397E-04 1.5530E-04 0
 0 3.1537E-04 3.0017E-04 8.7941E-04 2.4849E-03 4.1179E-03 6.5022E-03 8.4308E-03 9.6442E-03 1.0028E-02 9.8206E-03 1.4292E-02 2.1685E-02 2.8656E-02 3.3774E-02 3.8835E-02 4.2187E-02 3.7035E-02 2.8991E-02 1.6388E-02 8.7920E-03 2.5387E-03 6.9598E-04 1.6565E-04 0
 0 3.2466E-04 2.7680E-04 7.8087E-04 2.6862E-03 4.1129E-03 6.4538E-03 8.3602E-03 9.8614E-03 1.0196E-02 1.0259E-02 1.4438E-02 2.1038E-02 2.7164E-02 3.3975E-02 3.8308E-02 4.0920E-02 3.6947E-02 2.8595E-02 1.6519E-02 9.3957E-03 2.2660E-03 6.4648E-04 1.3747E-04 0
 0 3.2577E-04 2.5703E-04 8.1073E-04 2.7207E-03 4.2056E-03 6.3000E-03 8.3970E-03 9.5246E-03 9.9439E-03 1.0321E-02 1.4135E-02 2.0438E-02 2.6610E-02 3.2487E-02 3.9854E-02 4.1629E-02 3.6359E-02 2.8275E-02 1.5705E-02 9.1477E-03 2.4023E-03 7.0798E-04 1.5128E-04 0
 0 3.0423E-04 2.6062E-04 8.2267E-04 2.5947E-03 4.2206E-03 6.2858E-03 7.9607E-03 9.6568E-03 9.4398E-03 9.5320E-03 1.3491E-02 2.0311E-02 2.6958E-02 3.2405E-02 3.7757E-02 3.9819E-02 3.5319E-02 2.7225E-02 1.6192E-02 8.7756E-03 2.3976E-03 6.9298E-04 1.6623E-04 0
 0 2.8045E-04 2.9118E-04 8.0177E-04 2.5906E-03 4.1229E-03 6.4510E-03 8.4677E-03 9.4522E-03 9.9633E-03 9.6190E-03 1.4227E-02 1.9403E-02 2.6505E-02 3.1872E-02 3.8054E-02 3.9873E-02 3.5625E-02 2.8177E-02 1.6245E-02 9.3011E-03 2.3624E-03 6.6298E-04 1.4667E-04 0
 0 3.3506E-04 2.4894E-04 7.3458E-04 2.5987E-03 4.1980E-03 5.9810E-03 8.2280E-03 9.3704E-03 9.6595E-03 9.5807E-03 1.3591E-02 2.0700E-02 2.6505E-02 3.1891E-02 3.6918E-02 3.9882E-02 3.6359E-02 2.7257E-02 1.5505E-02 9.1934E-03 2.2707E-03 6.2548E-04 1.6220E-04 0
 0 2.9717E-04 2.6242E-04 7.8535E-04 2.4137E-03 4.0654E-03 6.1434E-03 7.7887E-03 9.2917E-03 9.6466E-03 9.4764E-03 1.3580E-02 2.0552E-02 2.5288E-02 3.1598E-02 3.7016E-02 4.0553E-02 3.4877E-02 2.6086E-02 1.5206E-02 8.8148E-03 2.2307E-03 6.4648E-04 1.6738E-04 0
 0 2.8974E-04 2.5883E-04 7.5698E-04 2.4523E-03 3.8376E-03 6.0266E-03 7.8071E-03 9.0367E-03 9.0875E-03 9.1601E-03 1.3503E-02 1.9221E-02 2.4830E-02 3.2511E-02 3.5411E-02 3.9227E-02 3.6063E-02 2.6490E-02 1.5407E-02 8.8833E-03 2.4235E-03 7.4698E-04 1.7371E-04 0
 0 3.1314E-04 2.7680E-04 7.0920E-04 2.4198E-03 3.7399E-03 6.1263E-03 7.7825E-03 9.0619E-03 9.3913E-03 9.0662E-03 1.3059E-02 1.8985E-02 2.5338E-02 3.0844E-02 3.6172E-02 3.9222E-02 3.3200E-02 2.6797E-02 1.4434E-02 8.4166E-03 2.2848E-03 6.9448E-04 1.4840E-04 0
 0 3.1871E-04 2.6691E-04 6.7038E-04 2.3588E-03 4.0704E-03 5.6222E-03 7.6904E-03 8.8510E-03 9.6660E-03 9.0002E-03 1.2936E-02 1.9994E-02 2.6290E-02 3.0297E-02 3.5709E-02 3.8899E-02 3.4673E-02 2.7197E-02 1.5640E-02 8.4591E-03 2.1156E-03 6.2098E-04 1.2021E-04 0
 0 2.9457E-04 2.7590E-04 7.6295E-04 2.2510E-03 3.8601E-03 5.6507E-03 7.5675E-03 8.8164E-03 9.2459E-03 8.5483E-03 1.2783E-02 1.9373E-02 2.6285E-02 3.0254E-02 3.5255E-02 3.8620E-02 3.4211E-02 2.6667E-02 1.4953E-02 8.4460E-03 2.3506E-03 6.6598E-04 1.1734E-04 0
 0 2.9866E-04 2.8309E-04 7.4503E-04 2.4686E-03 4.0754E-03 5.6393E-03 7.5982E-03 8.5929E-03 9.4882E-03 8.8194E-03 1.2626E-02 1.9040E-02 2.5347E-02 3.0782E-02 3.4899E-02 3.8341E-02 3.2320E-02 2.5700E-02 1.5309E-02 8.4950E-03 2.2002E-03 7.4398E-04 1.1734E-04 0
 0 3.1500E-04 2.8579E-04 6.4799E-04 2.3954E-03 3.8100E-03 5.6877E-03 7.4753E-03 8.7786E-03 9.3396E-03 8.5343E-03 1.2568E-02 1.8786E-02 2.4857E-02 2.9389E-02 3.4109E-02 3.6310E-02 3.3594E-02 2.6188E-02 1.4740E-02 8.3253E-03 2.2401E-03 7.1248E-04 1.3920E-04 0
 0 3.3877E-04 2.4984E-04 7.6295E-04 2.3751E-03 4.1305E-03 5.6649E-03 7.3278E-03 8.8353E-03 8.7062E-03 8.6560E-03 1.2637E-02 1.8456E-02 2.4642E-02 2.9332E-02 3.3037E-02 3.7034E-02 3.3292E-02 2.4650E-02 1.3866E-02 8.3318E-03 2.1414E-03 6.0598E-04 1.3805E-04 0
 0 3.0051E-04 2.7770E-04 6.8531E-04 2.2693E-03 3.7474E-03 5.5082E-03 7.4814E-03 8.5614E-03 8.6092E-03 8.7186E-03 1.2204E-02 1.7789E-02 2.4400E-02 2.9764E-02 3.2656E-02 3.7240E-02 3.2369E-02 2.5603E-02 1.3714E-02 8.3481E-03 2.1179E-03 5.7148E-04 1.4265E-04 0
 0 3.0423E-04 2.6062E-04 6.3007E-04 2.3283E-03 3.7249E-03 5.6364E-03 6.8854E-03 8.6433E-03 8.3830E-03 8.8368E-03 1.2242E-02 1.7886E-02 2.4336E-02 2.9231E-02 3.3398E-02 3.5909E-02 3.1519E-02 2.4385E-02 1.3649E-02 8.2633E-03 2.0591E-03 5.9998E-04 1.3690E-04 0
 0 3.0386E-04 2.6691E-04 6.9576E-04 2.2185E-03 3.7675E-03 5.5795E-03 7.5398E-03 7.9728E-03 8.4800E-03 7.9955E-03 1.1997E-02 1.8287E-02 2.3096E-02 2.8026E-02 3.3788E-02 3.5018E-02 3.1402E-02 2.3627E-02 1.3592E-02 8.1654E-03 2.1273E-03 6.0148E-04 1.4150E-04 0
 0 2.8900E-04 2.5613E-04 6.4351E-04 2.2286E-03 3.6198E-03 5.2320E-03 7.3923E-03 8.1711E-03 8.6545E-03 8.2284E-03 1.1599E-02 1.7932E-02 2.3379E-02 2.8419E-02 3.3417E-02 3.6335E-02 3.2311E-02 2.4738E-02 1.3616E-02 7.8618E-03 2.1579E-03 6.1198E-04 1.4207E-04 0
 0 2.8677E-04 2.3007E-04 7.6892E-04 2.1107E-03 3.7249E-03 5.2234E-03 6.7410E-03 8.4418E-03 8.5769E-03 7.6027E-03 1.1813E-02 1.7890E-02 2.2331E-02 2.7627E-02 3.2432E-02 3.5043E-02 3.0376E-02 2.3971E-02 1.3547E-02 7.8618E-03 2.0215E-03 5.9848E-04 1.3574E-04 0
 0 2.9420E-04 2.7860E-04 6.2410E-04 2.2347E-03 3.6799E-03 5.4912E-03 7.3124E-03 8.2215E-03 8.3151E-03 8.0720E-03 1.1652E-02 1.8085E-02 2.2391E-02 2.7046E-02 3.1623E-02 3.5160E-02 3.0109E-02 2.4673E-02 1.3154E-02 7.7019E-03 2.0121E-03 6.0298E-04 1.2999E-04 0
 0 3.1649E-04 2.2108E-04 7.3309E-04 2.1900E-03 3.5096E-03 5.3374E-03 6.7379E-03 7.9886E-03 8.0049E-03 7.7557E-03 1.1242E-02 1.8085E-02 2.2633E-02 2.7056E-02 3.1364E-02 3.4157E-02 3.1276E-02 2.3576E-02 1.2709E-02 8.4493E-03 2.0121E-03 5.9848E-04 1.2769E-04 0
 0 2.9531E-04 2.4624E-04 6.5694E-04 2.0700E-03 3.7374E-03 4.8446E-03 6.5474E-03 8.2970E-03 8.1891E-03 7.7661E-03 1.1231E-02 1.7392E-02 2.2386E-02 2.7080E-02 3.1159E-02 3.3951E-02 3.0235E-02 2.4427E-02 1.2881E-02 7.8912E-03 2.1179E-03 5.5948E-04 1.2367E-04 0
 0 2.9011E-04 2.1838E-04 7.4951E-04 2.2124E-03 3.6348E-03 5.0725E-03 7.0482E-03 7.7808E-03 8.1956E-03 7.4324E-03 1.1625E-02 1.7430E-02 2.1920E-02 2.6244E-02 3.0979E-02 3.3844E-02 3.0896E-02 2.3609E-02 1.2701E-02 7.3756E-03 2.0568E-03 6.1498E-04 1.2769E-04 0
 0 2.8417E-04 2.7590E-04 6.0021E-04 2.3100E-03 3.5847E-03 5.0668E-03 6.7041E-03 7.5038E-03 8.1018E-03 7.3628E-03 1.1300E-02 1.6783E-02 2.1988E-02 2.6878E-02 3.0077E-02 3.2811E-02 3.0323E-02 2.3469E-02 1.3003E-02 8.2894E-03 1.8523E-03 6.0298E-04 1.3920E-04 0
 0 2.8454E-04 2.6422E-04 6.7785E-04 2.3018E-03 3.4646E-03 5.0184E-03 6.9100E-03 8.0767E-03 7.9241E-03 7.9747E-03 1.0553E-02 1.6682E-02 2.1480E-02 2.6830E-02 3.0101E-02 3.2297E-02 2.9565E-02 2.2726E-02 1.2447E-02 7.4147E-03 1.8100E-03 5.5648E-04 1.4035E-04 0
 0 2.7042E-04 2.4804E-04 6.4052E-04 2.0578E-03 3.2543E-03 4.9044E-03 6.0189E-03 8.0452E-03 7.7722E-03 7.3802E-03 1.0767E-02 1.7214E-02 2.1668E-02 2.6081E-02 2.9643E-02 3.3359E-02 2.9686E-02 2.2554E-02 1.2668E-02 7.4506E-03 1.8969E-03 6.0448E-04 1.4782E-04 0
 0 2.7600E-04 2.4984E-04 5.8080E-04 2.2042E-03 3.6148E-03 4.5427E-03 6.1756E-03 7.1796E-03 7.6429E-03 7.4775E-03 1.0767E-02 1.5904E-02 2.1636E-02 2.6230E-02 2.8682E-02 3.3261E-02 2.9385E-02 2.2577E-02 1.2243E-02 7.5844E-03 1.9275E-03 5.4148E-04 1.1734E-04 0
 0 2.9903E-04 2.3007E-04 6.4052E-04 2.0436E-03 3.4671E-03 5.1722E-03 6.3323E-03 7.4724E-03 7.4781E-03 7.4915E-03 1.0587E-02 1.6547E-02 1.9737E-02 2.4774E-02 2.8965E-02 3.2513E-02 2.9273E-02 2.2610E-02 1.2190E-02 6.9578E-03 1.9604E-03 5.7598E-04 1.1906E-04 0
 0 2.8565E-04 2.4894E-04 6.3305E-04 1.8586E-03 3.5622E-03 5.0412E-03 6.4675E-03 7.5574E-03 7.3359E-03 7.1403E-03 1.0296E-02 1.6872E-02 2.0423E-02 2.5471E-02 2.8765E-02 3.0756E-02 2.8452E-02 2.1917E-02 1.1859E-02 6.9840E-03 1.8264E-03 5.4748E-04 1.3402E-04 0
 0 2.8937E-04 2.5253E-04 5.7333E-04 2.1331E-03 3.3294E-03 4.6025E-03 6.1633E-03 7.1010E-03 7.2422E-03 6.8831E-03 1.0016E-02 1.6149E-02 2.0144E-02 2.5072E-02 2.8575E-02 3.1363E-02 2.7436E-02 2.1727E-02 1.2149E-02 7.1504E-03 1.7230E-03 5.4748E-04 1.2597E-04 0
 0 2.8343E-04 2.5703E-04 5.8378E-04 2.0355E-03 3.4946E-03 4.5598E-03 5.8868E-03 7.4283E-03 7.1840E-03 6.7267E-03 1.0139E-02 1.5710E-02 1.9952E-02 2.4899E-02 2.7970E-02 3.1514E-02 2.8141E-02 2.2823E-02 1.1658E-02 6.6739E-03 1.7865E-03 6.0148E-04 1.0468E-04 0
 0 2.5742E-04 2.1299E-04 6.3753E-04 2.0111E-03 3.2543E-03 4.9386E-03 6.2494E-03 7.3465E-03 7.3424E-03 7.1125E-03 1.0154E-02 1.5144E-02 2.0107E-02 2.4534E-02 2.8053E-02 3.0589E-02 2.6843E-02 2.1713E-02 1.2329E-02 7.0982E-03 1.7489E-03 5.0098E-04 1.3344E-04 0
 0 2.8937E-04 2.3816E-04 5.7930E-04 2.1737E-03 3.2643E-03 4.5513E-03 5.8377E-03 7.3276E-03 7.4393E-03 6.3964E-03 1.0158E-02 1.5025E-02 2.0268E-02 2.3487E-02 2.6907E-02 3.1328E-02 2.5958E-02 2.1871E-02 1.1511E-02 6.9611E-03 1.7700E-03 5.4448E-04 1.2367E-04 0
 0 2.8863E-04 2.1928E-04 5.5542E-04 2.0680E-03 3.2893E-03 4.7877E-03 6.1664E-03 6.9215E-03 7.1744E-03 6.1983E-03 9.9663E-03 1.5731E-02 1.9988E-02 2.3324E-02 2.7561E-02 3.0585E-02 2.7280E-02 2.0988E-02 1.1928E-02 6.8404E-03 1.8311E-03 5.1148E-04 1.2194E-04 0
 0 2.8083E-04 2.3186E-04 5.6437E-04 1.9663E-03 3.2142E-03 4.5684E-03 5.8776E-03 6.8271E-03 7.1420E-03 6.7580E-03 9.4145E-03 1.5617E-02 1.9485E-02 2.4304E-02 2.6971E-02 3.0247E-02 2.6702E-02 2.0844E-02 1.1311E-02 6.9122E-03 1.5185E-03 5.2048E-04 1.2309E-04 0
 0 2.6597E-04 2.2198E-04 5.3750E-04 1.9989E-03 3.1366E-03 4.2551E-03 5.6810E-03 7.1293E-03 7.1937E-03 6.4451E-03 9.9357E-03 1.4273E-02 1.9302E-02 2.2825E-02 2.7205E-02 3.0311E-02 2.6746E-02 2.0732E-02 1.1111E-02 6.0375E-03 1.5937E-03 4.6798E-04 1.1849E-04 0
 0 2.7191E-04 2.2198E-04 5.8677E-04 1.9013E-03 3.2568E-03 4.1896E-03 5.8500E-03 6.8554E-03 6.9126E-03 6.1635E-03 9.3801E-03 1.4535E-02 1.8442E-02 2.4174E-02 2.6868E-02 3.0169E-02 2.5949E-02 2.0853E-02 1.1155E-02 6.6250E-03 1.7136E-03 5.1448E-04 1.2482E-04 0
 0 2.5074E-04 1.9232E-04 5.0615E-04 1.9541E-03 3.0390E-03 4.5285E-03 5.5519E-03 6.5470E-03 6.8706E-03 6.3165E-03 9.8552E-03 1.4742E-02 1.8153E-02 2.2983E-02 2.5781E-02 3.0281E-02 2.6449E-02 2.0002E-02 1.0465E-02 6.1518E-03 1.7912E-03 4.8748E-04 1.1791E-04 0
 0 2.7637E-04 2.1299E-04 5.5392E-04 1.9236E-03 3.5196E-03 4.2779E-03 5.6472E-03 6.5187E-03 6.7445E-03 6.2017E-03 9.2613E-03 1.4992E-02 1.8753E-02 2.3228E-02 2.5752E-02 2.8549E-02 2.5905E-02 1.9909E-02 1.0559E-02 6.4585E-03 1.4574E-03 4.7398E-04 1.3344E-04 0
 0 2.9457E-04 1.9052E-04 5.5392E-04 1.7671E-03 3.0165E-03 4.2067E-03 5.4505E-03 6.3141E-03 6.7122E-03 6.1426E-03 9.4184E-03 1.4252E-02 1.8474E-02 2.2974E-02 2.5147E-02 2.8358E-02 2.6197E-02 1.9830E-02 1.0878E-02 6.4912E-03 1.7395E-03 5.0848E-04 1.2539E-04 0
 0 2.7154E-04 2.0670E-04 5.3750E-04 1.7752E-03 3.0465E-03 4.2124E-03 5.6779E-03 6.3518E-03 6.8479E-03 5.7394E-03 8.9432E-03 1.4742E-02 1.7774E-02 2.2450E-02 2.5425E-02 2.8608E-02 2.5920E-02 1.9487E-02 1.0747E-02 6.2138E-03 1.6642E-03 5.4448E-04 1.0699E-04 0
 0 2.6077E-04 1.9861E-04 5.2257E-04 1.8403E-03 3.1241E-03 4.3434E-03 5.5827E-03 6.3550E-03 7.1259E-03 6.0140E-03 8.7325E-03 1.3775E-02 1.8103E-02 2.1696E-02 2.4918E-02 2.8505E-02 2.5259E-02 2.0063E-02 1.0485E-02 6.3574E-03 1.7489E-03 4.6948E-04 1.1791E-04 0
 0 2.7302E-04 2.3007E-04 5.3601E-04 1.8423E-03 3.0741E-03 4.0358E-03 5.2293E-03 6.2102E-03 6.8770E-03 5.8159E-03 8.3033E-03 1.4463E-02 1.7650E-02 2.1504E-02 2.4762E-02 2.7521E-02 2.4267E-02 1.9566E-02 1.0857E-02 6.2170E-03 1.5961E-03 4.8148E-04 1.1446E-04 0
 0 2.7562E-04 2.0311E-04 5.3451E-04 1.9541E-03 2.9589E-03 4.2465E-03 5.3461E-03 6.6949E-03 6.6056E-03 6.2921E-03 8.8589E-03 1.3661E-02 1.8254E-02 2.1379E-02 2.4796E-02 2.7100E-02 2.4252E-02 1.9501E-02 1.0154E-02 6.5466E-03 1.6125E-03 5.4448E-04 1.3920E-04 0
 0 2.8008E-04 2.2557E-04 5.3003E-04 2.0192E-03 3.0365E-03 4.0301E-03 5.5888E-03 6.2385E-03 6.2986E-03 5.6942E-03 8.8666E-03 1.4261E-02 1.7211E-02 2.0942E-02 2.4347E-02 2.6244E-02 2.4228E-02 1.8985E-02 1.0068E-02 6.0702E-03 1.6219E-03 4.8748E-04 1.3344E-04 0
 0 2.6151E-04 1.8873E-04 4.7181E-04 1.8260E-03 2.8463E-03 3.8677E-03 4.9927E-03 6.5218E-03 6.2856E-03 5.8472E-03 8.5103E-03 1.3301E-02 1.7504E-02 2.0212E-02 2.3884E-02 2.6939E-02 2.4233E-02 1.8929E-02 1.0007E-02 6.2595E-03 1.4292E-03 4.8748E-04 1.1331E-04 0
 0 2.7414E-04 2.2917E-04 4.8674E-04 1.7996E-03 2.8162E-03 4.0158E-03 5.7086E-03 5.9993E-03 6.3567E-03 5.3014E-03 8.3455E-03 1.3276E-02 1.7705E-02 2.0150E-02 2.3440E-02 2.6650E-02 2.4442E-02 1.8752E-02 9.8678E-03 5.9984E-03 1.5161E-03 4.6648E-04 1.1849E-04 0
 0 2.5854E-04 2.0400E-04 5.9274E-04 1.8647E-03 2.9940E-03 3.7766E-03 5.2140E-03 6.1787E-03 6.1564E-03 5.6699E-03 8.2574E-03 1.3454E-02 1.6231E-02 2.0179E-02 2.3747E-02 2.6288E-02 2.2940E-02 1.8130E-02 9.6267E-03 6.2627E-03 1.4268E-03 4.4699E-04 1.2021E-04 0
 0 2.5705E-04 2.2288E-04 5.5243E-04 1.7386E-03 2.8187E-03 3.7396E-03 5.1525E-03 6.0150E-03 6.2630E-03 5.1971E-03 8.2689E-03 1.3310E-02 1.6369E-02 2.0212E-02 2.3440E-02 2.5999E-02 2.2775E-02 1.8743E-02 9.7207E-03 6.0114E-03 1.5796E-03 4.8598E-04 1.1734E-04 0
 0 2.5854E-04 1.9861E-04 4.7927E-04 1.6939E-03 2.7286E-03 3.7908E-03 4.6978E-03 6.2637E-03 6.1305E-03 5.6177E-03 8.3685E-03 1.3631E-02 1.7106E-02 2.0054E-02 2.2533E-02 2.5911E-02 2.3975E-02 1.8078E-02 9.8024E-03 5.7144E-03 1.4292E-03 4.7098E-04 1.1331E-04 0
 0 2.7934E-04 1.9951E-04 4.5837E-04 1.6410E-03 2.7987E-03 3.7994E-03 5.3338E-03 6.1724E-03 5.8817E-03 5.3049E-03 7.8397E-03 1.3082E-02 1.6401E-02 1.9069E-02 2.3250E-02 2.5030E-02 2.2828E-02 1.8385E-02 9.0053E-03 5.2086E-03 1.6290E-03 4.8298E-04 1.0296E-04 0
 0 2.5891E-04 1.8783E-04 5.0017E-04 1.6613E-03 2.8463E-03 3.8620E-03 5.3461E-03 6.0213E-03 6.0109E-03 5.4196E-03 7.7976E-03 1.3331E-02 1.6250E-02 1.9905E-02 2.2363E-02 2.5466E-02 2.2454E-02 1.8204E-02 9.7084E-03 5.9135E-03 1.4550E-03 4.0649E-04 1.1159E-04 0
 0 2.6820E-04 2.0041E-04 4.5687E-04 1.7427E-03 2.7687E-03 3.8165E-03 4.7592E-03 5.9836E-03 5.7266E-03 5.3083E-03 8.1654E-03 1.3069E-02 1.5939E-02 1.9506E-02 2.1855E-02 2.5123E-02 2.2367E-02 1.7586E-02 9.1607E-03 5.9918E-03 1.4762E-03 4.4249E-04 1.2252E-04 0
 0 2.7154E-04 1.9232E-04 4.2701E-04 1.6349E-03 2.6084E-03 3.7225E-03 4.6333E-03 5.5177E-03 5.9916E-03 4.8564E-03 7.4795E-03 1.2837E-02 1.6465E-02 2.0164E-02 2.2002E-02 2.5280E-02 2.2775E-02 1.7748E-02 9.0748E-03 5.7177E-03 1.2975E-03 4.5898E-04 1.1331E-04 0
 0 2.8491E-04 1.9502E-04 4.3896E-04 1.6756E-03 2.6410E-03 3.8506E-03 5.0911E-03 5.7318E-03 5.9819E-03 4.9468E-03 7.9355E-03 1.2266E-02 1.5467E-02 1.8983E-02 2.0987E-02 2.3856E-02 2.2265E-02 1.7493E-02 8.8541E-03 5.4175E-03 1.4550E-03 4.6048E-04 9.5482E-05 0
 0 2.4925E-04 1.7525E-04 4.8823E-04 1.6186E-03 2.6961E-03 3.8250E-03 4.9374E-03 5.7034E-03 5.7007E-03 4.9781E-03 7.5370E-03 1.2486E-02 1.5925E-02 1.9017E-02 2.2046E-02 2.3954E-02 2.1662E-02 1.6759E-02 8.9031E-03 5.6198E-03 1.2858E-03 4.4099E-04 9.7782E-05 0
 0 2.5965E-04 1.8783E-04 4.8674E-04 1.6430E-03 2.8638E-03 3.4405E-03 4.7070E-03 5.9584E-03 6.0012E-03 4.9816E-03 7.7209E-03 1.2663E-02 1.5339E-02 1.8311E-02 2.1612E-02 2.4130E-02 2.1715E-02 1.7172E-02 8.6415E-03 5.5513E-03 1.4010E-03 4.1699E-04 1.1964E-04 0
 0 2.6597E-04 1.8244E-04 4.5240E-04 1.5983E-03 2.7536E-03 3.7567E-03 4.9589E-03 5.5429E-03 5.4389E-03 4.9850E-03 7.1193E-03 1.1844E-02 1.5454E-02 1.8412E-02 2.1075E-02 2.4610E-02 2.0773E-02 1.7214E-02 8.4290E-03 5.5447E-03 1.3328E-03 4.6498E-04 1.1101E-04 0
 0 2.6782E-04 1.7974E-04 4.3149E-04 1.6572E-03 2.7136E-03 3.8079E-03 4.7039E-03 5.4485E-03 5.6781E-03 5.1623E-03 7.4029E-03 1.1852E-02 1.5156E-02 1.8556E-02 2.1285E-02 2.2525E-02 2.0107E-02 1.6280E-02 8.8990E-03 5.5774E-03 1.2999E-03 4.1699E-04 1.1159E-04 0
 0 2.2473E-04 1.5458E-04 4.7181E-04 1.4498E-03 2.7561E-03 3.5801E-03 4.6394E-03 5.3855E-03 5.3388E-03 4.7208E-03 7.0427E-03 1.2199E-02 1.4506E-02 1.7869E-02 2.1095E-02 2.3787E-02 2.1351E-02 1.6368E-02 7.9834E-03 5.2380E-03 1.3093E-03 4.0499E-04 1.1906E-04 0
 0 2.5482E-04 1.8333E-04 4.5090E-04 1.6898E-03 2.6034E-03 3.4946E-03 4.7162E-03 5.4862E-03 5.1675E-03 5.0337E-03 6.9354E-03 1.1730E-02 1.5284E-02 1.7691E-02 2.0373E-02 2.3156E-02 2.1088E-02 1.6387E-02 8.3145E-03 5.3685E-03 1.2952E-03 4.3499E-04 1.0584E-04 0
 0 2.5631E-04 1.5548E-04 3.8819E-04 1.6044E-03 2.6109E-03 3.4348E-03 4.7377E-03 5.0834E-03 5.2806E-03 4.6965E-03 7.1500E-03 1.2161E-02 1.4904E-02 1.7394E-02 2.0436E-02 2.3386E-02 2.0996E-02 1.5708E-02 7.9425E-03 5.7406E-03 1.3210E-03 4.4399E-04 1.0814E-04 0
 0 2.4071E-04 2.0221E-04 4.1955E-04 1.5820E-03 2.7336E-03 3.6798E-03 4.4643E-03 5.4233E-03 5.3743E-03 4.5853E-03 6.9354E-03 1.1362E-02 1.4566E-02 1.7081E-02 1.9559E-02 2.2158E-02 2.0112E-02 1.6089E-02 7.7586E-03 5.1955E-03 1.2529E-03 3.7949E-04 1.0468E-04 0
 0 2.6597E-04 1.7974E-04 4.2851E-04 1.4092E-03 2.5308E-03 3.2013E-03 4.3752E-03 5.1998E-03 5.2838E-03 4.7625E-03 6.8856E-03 1.1801E-02 1.4831E-02 1.6784E-02 2.0037E-02 2.2085E-02 1.9548E-02 1.6285E-02 7.9098E-03 5.0650E-03 1.2411E-03 4.2149E-04 1.2827E-04 0
 0 2.5222E-04 2.0311E-04 4.5687E-04 1.5271E-03 2.4683E-03 3.4861E-03 4.4305E-03 5.2502E-03 5.2870E-03 4.6930E-03 6.9316E-03 1.1248E-02 1.3989E-02 1.6832E-02 1.9315E-02 2.2946E-02 2.0010E-02 1.5704E-02 7.5664E-03 4.7517E-03 1.3328E-03 4.1399E-04 9.8933E-05 0
 0 2.5742E-04 2.0131E-04 4.4642E-04 1.5210E-03 2.4758E-03 3.2725E-03 4.2523E-03 5.2785E-03 5.2773E-03 4.7452E-03 6.8281E-03 1.1206E-02 1.4099E-02 1.7201E-02 1.9017E-02 2.1786E-02 1.9528E-02 1.5625E-02 7.8362E-03 5.2347E-03 1.2975E-03 4.5448E-04 8.8004E-05 0
 0 2.5779E-04 1.7974E-04 3.6580E-04 1.5474E-03 2.3681E-03 3.3551E-03 4.6333E-03 5.2124E-03 5.4454E-03 4.2759E-03 6.7093E-03 1.1151E-02 1.4506E-02 1.7005E-02 1.8681E-02 2.1184E-02 2.0214E-02 1.4458E-02 7.6605E-03 5.4240E-03 1.2552E-03 4.0349E-04 1.1044E-04 0
 0 2.6262E-04 1.7974E-04 4.3149E-04 1.4234E-03 2.4382E-03 3.0133E-03 4.4827E-03 4.8473E-03 5.0382E-03 4.5644E-03 6.6557E-03 1.0686E-02 1.3239E-02 1.5895E-02 1.8496E-02 2.1957E-02 1.8629E-02 1.5573E-02 7.4111E-03 4.9181E-03 1.3351E-03 3.8549E-04 1.0181E-04 0
 0 2.4182E-04 1.7255E-04 4.2851E-04 1.4539E-03 2.5108E-03 3.3038E-03 4.2431E-03 5.3194E-03 5.0511E-03 4.2898E-03 6.3836E-03 1.0825E-02 1.3554E-02 1.6707E-02 1.8720E-02 2.0783E-02 1.9679E-02 1.5550E-02 7.1209E-03 5.0389E-03 1.3516E-03 3.6599E-04 9.5482E-05 0
 0 2.3328E-04 1.7345E-04 4.2253E-04 1.4417E-03 2.5158E-03 3.1643E-03 4.2615E-03 5.1243E-03 5.2159E-03 4.3037E-03 6.4488E-03 1.0673E-02 1.3207E-02 1.6447E-02 1.7842E-02 2.1903E-02 1.8931E-02 1.5350E-02 7.3907E-03 4.6081E-03 1.1965E-03 3.8699E-04 9.6632E-05 0
 0 2.4405E-04 1.6356E-04 4.0910E-04 1.3299E-03 2.3131E-03 3.0162E-03 4.2093E-03 5.2691E-03 4.9445E-03 3.9873E-03 6.2150E-03 1.0935E-02 1.3536E-02 1.6299E-02 1.8062E-02 2.0015E-02 1.8338E-02 1.4518E-02 7.2476E-03 4.8627E-03 1.2082E-03 4.0349E-04 8.2827E-05 0
 0 2.4219E-04 1.5907E-04 3.5983E-04 1.5820E-03 2.4407E-03 2.9506E-03 4.1785E-03 4.9637E-03 5.1966E-03 4.1924E-03 6.0503E-03 1.0656E-02 1.3060E-02 1.5372E-02 1.8262E-02 2.0846E-02 1.8260E-02 1.5211E-02 7.1577E-03 4.6473E-03 1.1565E-03 3.5849E-04 1.0756E-04 0
 0 2.5148E-04 1.6806E-04 3.8521E-04 1.3461E-03 2.3456E-03 3.0674E-03 4.3137E-03 4.5546E-03 5.0414E-03 4.1716E-03 6.2495E-03 1.0766E-02 1.2351E-02 1.6121E-02 1.7574E-02 2.0352E-02 1.8668E-02 1.5072E-02 7.5910E-03 4.6734E-03 1.2059E-03 4.1849E-04 1.0066E-04 0
 0 2.5334E-04 1.5098E-04 3.9715E-04 1.4641E-03 2.3106E-03 2.9877E-03 3.9051E-03 4.8347E-03 5.3549E-03 4.0847E-03 6.1537E-03 1.0399E-02 1.3330E-02 1.5213E-02 1.7559E-02 2.0044E-02 1.8114E-02 1.4584E-02 7.2272E-03 4.7745E-03 1.2317E-03 4.4099E-04 7.4200E-05 0
 0 2.3328E-04 1.5548E-04 3.8073E-04 1.4071E-03 2.3256E-03 3.0076E-03 4.0679E-03 4.6018E-03 4.8184E-03 4.0117E-03 5.9698E-03 1.0534E-02 1.2969E-02 1.5991E-02 1.6721E-02 1.9584E-02 1.7988E-02 1.3770E-02 7.2353E-03 4.7191E-03 1.1589E-03 3.8099E-04 1.0526E-04 0
 0 2.4962E-04 1.8603E-04 3.9118E-04 1.4824E-03 2.1679E-03 3.1956E-03 4.1570E-03 4.6301E-03 4.7474E-03 4.0151E-03 5.8319E-03 1.0466E-02 1.2410E-02 1.5031E-02 1.7208E-02 1.9838E-02 1.7774E-02 1.4216E-02 7.2190E-03 4.6146E-03 1.1024E-03 3.7649E-04 1.1964E-04 0
 0 2.4034E-04 1.6896E-04 4.1208E-04 1.3746E-03 2.3331E-03 2.9108E-03 4.2461E-03 4.4538E-03 4.9057E-03 3.6640E-03 6.1499E-03 1.0428E-02 1.2497E-02 1.5170E-02 1.6287E-02 1.9481E-02 1.7332E-02 1.3854E-02 6.7775E-03 4.6114E-03 1.1118E-03 3.6599E-04 1.0986E-04 0
 0 2.5965E-04 1.8333E-04 3.8073E-04 1.2811E-03 2.2079E-03 2.8880E-03 3.8836E-03 4.4444E-03 4.4339E-03 3.6988E-03 5.7169E-03 9.9085E-03 1.2507E-02 1.4575E-02 1.6326E-02 1.9036E-02 1.7103E-02 1.3877E-02 6.7652E-03 4.5396E-03 1.1048E-03 4.0349E-04 8.8004E-05 0
 0 2.3811E-04 1.3840E-04 3.7028E-04 1.3563E-03 2.2580E-03 2.8367E-03 3.7638E-03 4.3122E-03 4.4888E-03 3.5285E-03 5.7361E-03 9.9465E-03 1.2026E-02 1.5012E-02 1.6833E-02 1.9873E-02 1.7725E-02 1.4031E-02 7.2721E-03 4.5820E-03 1.0625E-03 3.6299E-04 9.6057E-05 0
 0 2.4034E-04 1.8423E-04 3.6431E-04 1.3665E-03 2.1453E-03 3.0817E-03 3.7484E-03 4.4759E-03 4.8895E-03 3.3373E-03 5.6939E-03 1.0339E-02 1.2333E-02 1.4589E-02 1.6969E-02 1.9750E-02 1.7200E-02 1.4142E-02 6.7693E-03 4.3927E-03 1.0907E-03 3.6299E-04 1.0008E-04 0
 0 2.4999E-04 1.6626E-04 4.0611E-04 1.3380E-03 2.1303E-03 2.7199E-03 3.7668E-03 4.5168E-03 4.8475E-03 3.7336E-03 5.9507E-03 9.8662E-03 1.2223E-02 1.5132E-02 1.5624E-02 1.7925E-02 1.7171E-02 1.3673E-02 6.8347E-03 4.3438E-03 9.8491E-04 3.0749E-04 9.4906E-05 0
 0 2.4145E-04 1.7435E-04 3.9417E-04 1.3583E-03 2.1854E-03 3.0133E-03 3.9512E-03 4.4696E-03 4.2981E-03 3.3477E-03 5.7476E-03 9.7395E-03 1.2507E-02 1.4306E-02 1.5531E-02 1.8674E-02 1.7181E-02 1.3319E-02 6.3074E-03 4.1708E-03 1.1165E-03 3.5399E-04 1.1446E-04 0
 0 2.4108E-04 1.5368E-04 3.4042E-04 1.2465E-03 2.1979E-03 2.7513E-03 3.9327E-03 4.6301E-03 4.1301E-03 3.6467E-03 5.2495E-03 9.6888E-03 1.1491E-02 1.3667E-02 1.5702E-02 1.8737E-02 1.6816E-02 1.3705E-02 6.7734E-03 4.3927E-03 1.0954E-03 3.2549E-04 1.0008E-04 0
 0 2.4182E-04 1.6716E-04 3.5684E-04 1.2668E-03 2.0502E-03 2.8851E-03 3.6409E-03 4.2650E-03 4.3143E-03 3.7544E-03 5.4755E-03 9.3508E-03 1.1189E-02 1.4138E-02 1.5107E-02 1.8263E-02 1.6199E-02 1.3487E-02 6.8470E-03 4.3797E-03 1.0883E-03 2.8499E-04 9.9508E-05 0
 0 2.3142E-04 1.2492E-04 4.1656E-04 1.2323E-03 2.1754E-03 2.6715E-03 3.8375E-03 4.1989E-03 4.2981E-03 3.3790E-03 5.6211E-03 9.0972E-03 1.1600E-02 1.3326E-02 1.4999E-02 1.6897E-02 1.6544E-02 1.2622E-02 5.9150E-03 4.2230E-03 1.0155E-03 3.5699E-04 8.7429E-05 0
 0 2.6039E-04 1.7255E-04 3.5684E-04 1.2526E-03 2.0903E-03 2.7513E-03 3.7515E-03 4.3059E-03 4.4371E-03 3.4728E-03 5.0655E-03 9.3000E-03 1.1468E-02 1.3316E-02 1.5794E-02 1.8145E-02 1.5519E-02 1.3371E-02 5.9599E-03 4.1936E-03 9.3554E-04 3.3299E-04 8.7429E-05 0
 0 2.4405E-04 1.7075E-04 4.0163E-04 1.2058E-03 2.2730E-03 2.8595E-03 3.4995E-03 4.2209E-03 4.2820E-03 3.3060E-03 5.5330E-03 9.4648E-03 1.1001E-02 1.3662E-02 1.4853E-02 1.7025E-02 1.5305E-02 1.2915E-02 6.2257E-03 4.3470E-03 1.0437E-03 3.1349E-04 9.4906E-05 0
 0 2.3662E-04 1.5817E-04 3.6580E-04 1.2994E-03 1.9926E-03 2.6089E-03 3.5333E-03 4.2524E-03 4.6019E-03 3.0661E-03 5.4985E-03 9.1437E-03 1.1271E-02 1.3777E-02 1.4756E-02 1.7250E-02 1.5509E-02 1.3324E-02 5.9436E-03 4.1675E-03 1.1048E-03 3.3449E-04 6.9598E-05 0
 0 2.4219E-04 1.4469E-04 3.4490E-04 1.2099E-03 2.2029E-03 2.5747E-03 3.4227E-03 3.9093E-03 4.2852E-03 3.2990E-03 5.4717E-03 9.1310E-03 1.0777E-02 1.3244E-02 1.4795E-02 1.7842E-02 1.5038E-02 1.3110E-02 5.6084E-03 4.3177E-03 9.4260E-04 3.1499E-04 8.9730E-05 0
 0 2.4628E-04 1.3031E-04 3.2101E-04 1.1489E-03 2.1153E-03 2.5263E-03 3.3213E-03 4.0226E-03 4.1689E-03 3.2712E-03 5.2073E-03 9.2620E-03 1.1060E-02 1.3437E-02 1.4756E-02 1.6824E-02 1.5592E-02 1.3050E-02 6.0826E-03 4.0925E-03 9.1204E-04 3.1949E-04 9.4331E-05 0
 0 2.3179E-04 1.5098E-04 3.6132E-04 1.1896E-03 2.0903E-03 2.4864E-03 3.4227E-03 3.8149E-03 3.9750E-03 3.2677E-03 4.8318E-03 8.8479E-03 1.0287E-02 1.3830E-02 1.3941E-02 1.6540E-02 1.5815E-02 1.2079E-02 5.5593E-03 3.9782E-03 9.8021E-04 2.9999E-04 9.4906E-05 0
 0 2.5185E-04 1.4110E-04 3.5535E-04 1.2099E-03 2.0953E-03 2.3525E-03 3.3705E-03 4.0226E-03 4.0719E-03 3.3094E-03 4.8739E-03 9.0338E-03 1.1221E-02 1.2865E-02 1.4770E-02 1.6912E-02 1.5281E-02 1.1535E-02 5.7801E-03 4.2263E-03 1.0084E-03 3.2999E-04 8.1677E-05 0
 0 2.5854E-04 1.6266E-04 3.5983E-04 1.1611E-03 1.8775E-03 2.5263E-03 3.1093E-03 4.1045E-03 4.0105E-03 3.2643E-03 4.5827E-03 9.0972E-03 1.0923E-02 1.2346E-02 1.4590E-02 1.6271E-02 1.4692E-02 1.1869E-02 5.9804E-03 3.9619E-03 1.0014E-03 3.2399E-04 9.3756E-05 0
 0 2.5185E-04 1.2941E-04 3.4639E-04 1.1814E-03 1.9326E-03 2.5263E-03 3.4227E-03 4.2650E-03 4.2594E-03 3.0313E-03 4.9582E-03 8.8648E-03 1.0315E-02 1.3187E-02 1.3785E-02 1.5884E-02 1.4780E-02 1.2023E-02 5.2569E-03 3.9130E-03 8.8618E-04 3.6599E-04 8.3403E-05 0
 0 2.1508E-04 1.7165E-04 3.4639E-04 1.1631E-03 2.1128E-03 2.6402E-03 3.4811E-03 3.8715E-03 4.0525E-03 3.0105E-03 4.6824E-03 8.3409E-03 1.0452E-02 1.2452E-02 1.3410E-02 1.6247E-02 1.4877E-02 1.2167E-02 5.7719E-03 3.9848E-03 8.9793E-04 3.1799E-04 9.0880E-05 0
 0 2.2213E-04 1.4199E-04 3.2698E-04 1.1408E-03 1.9826E-03 2.3326E-03 3.3705E-03 4.0824E-03 3.8910E-03 2.8471E-03 4.6479E-03 8.6240E-03 1.0022E-02 1.1957E-02 1.3190E-02 1.6335E-02 1.4177E-02 1.2594E-02 5.4899E-03 3.6649E-03 9.8961E-04 3.0449E-04 9.3181E-05 0
 0 2.2993E-04 1.4020E-04 3.0608E-04 1.0655E-03 1.9401E-03 2.5661E-03 3.2445E-03 3.9471E-03 3.8942E-03 2.7811E-03 4.5674E-03 8.3789E-03 1.0168E-02 1.2615E-02 1.3415E-02 1.5390E-02 1.4245E-02 1.1488E-02 5.1628E-03 3.9423E-03 1.0766E-03 2.5349E-04 7.8226E-05 0
 0 2.1508E-04 1.3930E-04 2.8517E-04 1.1570E-03 1.9150E-03 2.2101E-03 3.2752E-03 3.8999E-03 3.7100E-03 2.7498E-03 4.5751E-03 8.1845E-03 1.0186E-02 1.2092E-02 1.3341E-02 1.4568E-02 1.4503E-02 1.2176E-02 5.5021E-03 3.8183E-03 8.7208E-04 3.2549E-04 7.3049E-05 0
 0 2.3959E-04 1.4379E-04 3.3146E-04 1.2140E-03 2.0978E-03 2.4180E-03 3.1493E-03 3.8306E-03 3.7423E-03 2.9027E-03 4.4218E-03 8.1930E-03 1.0054E-02 1.1919E-02 1.3039E-02 1.5434E-02 1.3813E-02 1.1423E-02 5.1874E-03 3.6356E-03 8.3212E-04 2.8649E-04 9.2606E-05 0
 0 2.4851E-04 1.3930E-04 3.7774E-04 1.1753E-03 1.9050E-03 2.3611E-03 3.1585E-03 3.5662E-03 3.8748E-03 2.9201E-03 4.3413E-03 8.5141E-03 9.4222E-03 1.1578E-02 1.2985E-02 1.5796E-02 1.4163E-02 1.1572E-02 5.2936E-03 3.8803E-03 8.5327E-04 2.9699E-04 8.5703E-05 0
 0 2.1991E-04 1.5188E-04 3.3444E-04 1.3055E-03 1.8049E-03 2.4124E-03 3.1800E-03 3.6229E-03 3.7520E-03 2.7671E-03 4.6325E-03 8.6113E-03 9.5275E-03 1.1592E-02 1.2454E-02 1.4573E-02 1.3905E-02 1.0880E-02 5.4980E-03 3.6160E-03 9.5670E-04 2.9399E-04 8.9155E-05 0
 0 2.4702E-04 1.6446E-04 3.1951E-04 1.1631E-03 2.0001E-03 2.2244E-03 2.9803E-03 3.6701E-03 3.6389E-03 2.7741E-03 4.3490E-03 7.8719E-03 9.7791E-03 1.2092E-02 1.3039E-02 1.4901E-02 1.3579E-02 1.0982E-02 5.2446E-03 3.8183E-03 8.9323E-04 3.5249E-04 9.6057E-05 0
 0 2.2771E-04 1.3570E-04 3.3444E-04 1.1672E-03 1.8975E-03 2.4579E-03 3.1063E-03 3.4277E-03 3.5258E-03 2.9722E-03 4.5176E-03 7.7113E-03 9.3032E-03 1.1304E-02 1.2386E-02 1.4265E-02 1.3336E-02 1.1010E-02 5.2446E-03 3.5442E-03 8.2742E-04 2.5949E-04 9.6632E-05 0
 0 2.3885E-04 1.5907E-04 2.5531E-04 1.1448E-03 1.9726E-03 2.2301E-03 2.8789E-03 3.5788E-03 3.6712E-03 2.8714E-03 3.9773E-03 7.4409E-03 9.9073E-03 1.1602E-02 1.2469E-02 1.4504E-02 1.3404E-02 1.1400E-02 5.4040E-03 3.5181E-03 8.6032E-04 3.3149E-04 8.4553E-05 0
 0 2.2065E-04 1.4559E-04 3.0010E-04 1.0940E-03 1.6772E-03 2.3497E-03 3.1155E-03 3.5631E-03 3.6777E-03 2.4960E-03 3.9812E-03 7.3986E-03 9.1568E-03 1.1295E-02 1.2215E-02 1.4460E-02 1.3419E-02 1.1219E-02 4.8236E-03 3.4789E-03 9.3084E-04 2.9699E-04 8.1102E-05 0
 0 2.3402E-04 1.1863E-04 3.2399E-04 1.1428E-03 1.7648E-03 2.0791E-03 2.8666E-03 3.4435E-03 3.4547E-03 2.6142E-03 4.2341E-03 7.8085E-03 9.2300E-03 1.1631E-02 1.2127E-02 1.4456E-02 1.2948E-02 1.1293E-02 5.1179E-03 3.6454E-03 8.7913E-04 2.9699E-04 8.8579E-05 0
 0 2.3179E-04 1.4469E-04 3.3146E-04 1.0533E-03 1.7949E-03 2.1532E-03 2.7775E-03 3.3962E-03 3.6163E-03 2.6420E-03 3.7896E-03 7.8085E-03 9.0378E-03 1.1448E-02 1.1406E-02 1.4040E-02 1.3293E-02 1.0415E-02 5.2405E-03 3.4724E-03 8.9558E-04 2.9399E-04 8.3403E-05 0
 0 2.2659E-04 1.4918E-04 3.0010E-04 1.0147E-03 1.9150E-03 2.1760E-03 3.1339E-03 3.4781E-03 3.4773E-03 2.7428E-03 4.1689E-03 7.3860E-03 8.5894E-03 1.1107E-02 1.1698E-02 1.3829E-02 1.3089E-02 1.1186E-02 4.9584E-03 3.7074E-03 8.4387E-04 2.7149E-04 9.7782E-05 0
 0 2.2919E-04 1.3750E-04 2.8965E-04 1.1570E-03 1.6597E-03 2.1902E-03 2.8789E-03 3.4718E-03 3.4708E-03 2.4647E-03 4.0540E-03 7.5212E-03 9.0882E-03 1.1304E-02 1.1762E-02 1.3907E-02 1.2792E-02 1.0424E-02 4.7132E-03 3.5083E-03 8.8853E-04 3.1199E-04 7.7076E-05 0
 0 2.2473E-04 1.2851E-04 3.4340E-04 1.0493E-03 1.8124E-03 2.1161E-03 2.8881E-03 3.5159E-03 3.3028E-03 2.5377E-03 4.0961E-03 7.2761E-03 9.2895E-03 1.0834E-02 1.1630E-02 1.3790E-02 1.2510E-02 9.9826E-03 4.5619E-03 3.7204E-03 8.4857E-04 2.8199E-04 9.0880E-05 0
 0 2.2362E-04 1.0964E-04 3.0010E-04 1.0879E-03 1.6672E-03 2.1105E-03 2.8420E-03 3.3931E-03 3.3577E-03 2.6907E-03 4.2609E-03 7.5338E-03 9.0882E-03 1.0157E-02 1.2039E-02 1.3423E-02 1.2379E-02 1.0252E-02 4.5415E-03 3.4496E-03 7.5455E-04 2.7149E-04 7.1324E-05 0
 0 2.3551E-04 1.4469E-04 3.0458E-04 1.1184E-03 1.6997E-03 2.1674E-03 2.8973E-03 3.4183E-03 3.5032E-03 2.5551E-03 4.1421E-03 7.5000E-03 8.7907E-03 1.0603E-02 1.1001E-02 1.3795E-02 1.2695E-02 9.9501E-03 4.7091E-03 3.4398E-03 8.8853E-04 2.5049E-04 8.9155E-05 0
 0 2.0170E-04 1.2492E-04 2.5830E-04 1.0859E-03 1.6447E-03 2.3440E-03 2.9188E-03 3.3113E-03 3.4159E-03 2.5690E-03 3.9313E-03 7.4493E-03 8.5482E-03 1.0272E-02 1.1401E-02 1.3208E-02 1.2097E-02 9.8943E-03 4.5006E-03 3.2178E-03 8.3917E-04 2.9399E-04 7.8801E-05 0
 0 2.2511E-04 1.2672E-04 2.7621E-04 9.1708E-04 1.6822E-03 2.2016E-03 2.4334E-03 3.2515E-03 3.3577E-03 2.4960E-03 3.8356E-03 7.1620E-03 8.7038E-03 1.0334E-02 1.1708E-02 1.2175E-02 1.2112E-02 1.0731E-02 4.5211E-03 3.4398E-03 9.0734E-04 2.7149E-04 6.3271E-05 0
 0 2.2102E-04 1.3121E-04 3.2250E-04 1.0086E-03 1.5671E-03 2.0421E-03 2.8267E-03 3.1633E-03 3.3707E-03 2.4473E-03 4.0770E-03 7.0310E-03 7.9029E-03 9.9837E-03 1.0713E-02 1.2797E-02 1.1334E-02 1.0150E-02 4.3167E-03 3.3843E-03 8.1566E-04 2.4299E-04 7.3049E-05 0
 0 2.3922E-04 1.3660E-04 2.8219E-04 1.0289E-03 1.7523E-03 2.0649E-03 2.6085E-03 3.2672E-03 3.4127E-03 2.4230E-03 3.7359E-03 6.9592E-03 8.3468E-03 1.0056E-02 1.1074E-02 1.2885E-02 1.2180E-02 9.5783E-03 4.6478E-03 3.3941E-03 7.8981E-04 2.8499E-04 6.2696E-05 0
 0 2.1248E-04 1.0874E-04 2.6278E-04 9.6181E-04 1.7073E-03 2.0763E-03 2.6546E-03 3.3113E-03 2.9311E-03 2.2596E-03 3.7666E-03 6.7057E-03 8.0768E-03 9.6092E-03 1.0889E-02 1.2792E-02 1.1533E-02 9.8200E-03 4.3739E-03 3.4430E-03 7.0518E-04 2.4599E-04 8.8004E-05 0
 0 2.1470E-04 1.1234E-04 2.4635E-04 9.4961E-04 1.6447E-03 1.9623E-03 2.6823E-03 2.9556E-03 3.5484E-03 2.0475E-03 3.8509E-03 6.7733E-03 8.2050E-03 9.9405E-03 1.0518E-02 1.2826E-02 1.1081E-02 9.5783E-03 4.5333E-03 3.2505E-03 7.4279E-04 2.3849E-04 6.7297E-05 0
 0 2.2659E-04 1.3031E-04 2.9562E-04 8.7438E-04 1.5871E-03 1.8968E-03 2.7038E-03 3.0374E-03 3.3674E-03 2.0128E-03 3.3757E-03 6.8409E-03 7.8846E-03 9.4603E-03 1.0499E-02 1.2444E-02 1.1596E-02 9.3924E-03 4.1613E-03 3.3712E-03 7.6160E-04 2.7149E-04 8.2827E-05 0
 0 2.3885E-04 1.2132E-04 2.6128E-04 9.3335E-04 1.7548E-03 2.1019E-03 2.5286E-03 3.0941E-03 3.0087E-03 2.1936E-03 3.5060E-03 6.7606E-03 8.1180E-03 9.3354E-03 1.0030E-02 1.2782E-02 1.0974E-02 9.5830E-03 4.2431E-03 3.2374E-03 8.1801E-04 2.1899E-04 6.5572E-05 0
 0 2.2213E-04 1.1773E-04 2.9264E-04 1.0167E-03 1.6472E-03 1.9851E-03 2.4365E-03 3.1854E-03 2.9150E-03 2.4786E-03 3.7551E-03 6.8536E-03 8.2553E-03 9.9741E-03 9.4990E-03 1.2009E-02 1.0897E-02 9.1043E-03 4.0673E-03 3.2929E-03 7.1694E-04 2.6699E-04 7.3624E-05 0
 0 2.0059E-04 1.6177E-04 2.7174E-04 9.8012E-04 1.6271E-03 2.1076E-03 2.7283E-03 2.8265E-03 3.0701E-03 2.1901E-03 3.4332E-03 6.6043E-03 7.8160E-03 9.7004E-03 9.8598E-03 1.1642E-02 1.1285E-02 9.1043E-03 4.3248E-03 3.1134E-03 7.1224E-04 2.9099E-04 9.6632E-05 0
 0 2.3142E-04 1.2312E-04 2.7174E-04 9.5978E-04 1.5971E-03 1.9339E-03 2.5409E-03 3.0028E-03 3.2446E-03 2.0719E-03 3.2033E-03 6.5324E-03 8.0677E-03 9.3979E-03 1.0284E-02 1.1529E-02 1.0950E-02 9.4714E-03 3.9447E-03 3.0612E-03 7.5925E-04 2.5049E-04 7.9951E-05 0
 0 2.0988E-04 1.0784E-04 2.8069E-04 9.9232E-04 1.5946E-03 1.8370E-03 2.6700E-03 2.9965E-03 3.0249E-03 2.2144E-03 3.0577E-03 6.5324E-03 7.8801E-03 9.7292E-03 9.8452E-03 1.2004E-02 1.0488E-02 8.7185E-03 3.9447E-03 3.3419E-03 7.1459E-04 2.4899E-04 7.7076E-05 0
 0 2.1470E-04 1.2941E-04 2.7323E-04 9.0284E-04 1.4895E-03 1.9709E-03 2.5163E-03 2.8139E-03 2.7986E-03 2.0719E-03 3.3528E-03 6.7141E-03 7.8389E-03 8.9801E-03 1.0108E-02 1.1157E-02 1.1504E-02 9.2065E-03 4.0673E-03 2.9959E-03 7.0048E-04 2.5349E-04 7.1899E-05 0
 0 2.3031E-04 1.3391E-04 2.6278E-04 9.4961E-04 1.5996E-03 1.6576E-03 2.4641E-03 3.1665E-03 2.8697E-03 2.1240E-03 3.5022E-03 7.0226E-03 7.2577E-03 8.9753E-03 9.2454E-03 1.0962E-02 1.0415E-02 9.0392E-03 4.1981E-03 3.3125E-03 7.2399E-04 2.1599E-04 8.5128E-05 0
 0 2.1210E-04 1.4110E-04 2.3441E-04 9.0284E-04 1.6121E-03 1.8655E-03 2.4211E-03 2.9713E-03 3.0992E-03 2.3048E-03 3.3068E-03 6.9169E-03 7.3675E-03 9.0905E-03 9.3575E-03 1.1250E-02 1.0717E-02 9.0020E-03 3.8752E-03 2.9927E-03 7.4749E-04 2.2649E-04 7.8226E-05 0
 0 2.2065E-04 1.0695E-04 2.6128E-04 1.0289E-03 1.5295E-03 1.9367E-03 2.3258E-03 2.9021E-03 2.9570E-03 1.9224E-03 3.3183E-03 6.4817E-03 7.4957E-03 8.8552E-03 9.5575E-03 1.1289E-02 1.0518E-02 9.3413E-03 3.8670E-03 3.0318E-03 6.6522E-04 2.9249E-04 6.4421E-05 0
 0 2.1953E-04 1.3840E-04 2.3292E-04 8.3778E-04 1.5971E-03 1.6889E-03 2.3627E-03 2.8328E-03 2.9699E-03 2.0197E-03 3.2033E-03 6.3550E-03 7.3858E-03 8.3894E-03 8.9041E-03 1.1554E-02 1.0474E-02 8.5048E-03 3.7485E-03 3.1591E-03 4.8658E-04 2.7149E-04 6.0970E-05 0
 0 2.0616E-04 1.2402E-04 2.5382E-04 1.0391E-03 1.5621E-03 1.7174E-03 2.2429E-03 2.7227E-03 2.6209E-03 1.9676E-03 3.2685E-03 5.9620E-03 6.9465E-03 8.4134E-03 9.3039E-03 1.1705E-02 1.0221E-02 8.5233E-03 3.7280E-03 3.1069E-03 7.3339E-04 2.3699E-04 7.2474E-05 0
 0 2.1210E-04 1.0964E-04 2.6726E-04 8.5608E-04 1.7273E-03 1.8627E-03 2.1108E-03 2.8832E-03 2.8924E-03 2.1831E-03 3.1842E-03 6.0507E-03 7.0426E-03 8.7544E-03 9.4161E-03 1.0717E-02 1.0605E-02 8.6023E-03 3.6912E-03 2.8034E-03 7.1694E-04 2.3699E-04 8.3403E-05 0
 0 2.1879E-04 1.0784E-04 2.5083E-04 9.5165E-04 1.4494E-03 1.8285E-03 2.3043E-03 2.7919E-03 2.8859E-03 1.9537E-03 3.1420E-03 6.0043E-03 6.7681E-03 9.0617E-03 9.1089E-03 1.0687E-02 1.0406E-02 8.3049E-03 3.8997E-03 3.1004E-03 7.0989E-04 2.2649E-04 6.1545E-05 0
 0 2.0133E-04 1.4020E-04 2.5531E-04 7.5034E-04 1.4019E-03 1.6775E-03 2.4518E-03 2.6660E-03 2.8762E-03 1.9676E-03 3.0386E-03 5.7972E-03 7.0930E-03 8.3462E-03 9.1284E-03 1.1006E-02 1.0080E-02 8.0400E-03 3.6177E-03 3.0971E-03 6.8403E-04 2.5949E-04 7.9951E-05 0
 0 2.1545E-04 1.0784E-04 1.8514E-04 8.4184E-04 1.5921E-03 2.0193E-03 2.2828E-03 2.7195E-03 2.6952E-03 1.9676E-03 3.0960E-03 5.8479E-03 6.4340E-03 7.9044E-03 8.5676E-03 1.0526E-02 9.3511E-03 8.2445E-03 3.6667E-03 2.8164E-03 7.8040E-04 1.8899E-04 6.2696E-05 0
 0 2.1693E-04 9.9756E-05 2.8219E-04 8.9878E-04 1.6271E-03 1.6548E-03 2.2521E-03 2.7699E-03 2.7340E-03 1.7694E-03 2.8738E-03 6.1690E-03 7.3172E-03 8.0677E-03 8.7383E-03 1.0741E-02 9.5163E-03 8.1934E-03 3.7730E-03 2.8230E-03 6.4172E-04 2.1449E-04 7.3049E-05 0
 0 2.0245E-04 1.1503E-04 2.7174E-04 9.0284E-04 1.4294E-03 1.6006E-03 2.1753E-03 2.8297E-03 2.5433E-03 1.7034E-03 2.9044E-03 5.8352E-03 6.4889E-03 7.8564E-03 8.9333E-03 1.0227E-02 9.6330E-03 8.3003E-03 3.3724E-03 3.0873E-03 5.3829E-04 2.7299E-04 5.9820E-05 0
 0 2.0876E-04 1.4020E-04 2.2694E-04 8.2761E-04 1.4444E-03 1.6861E-03 2.2552E-03 2.6629E-03 2.6144E-03 1.7694E-03 2.6247E-03 5.6282E-03 7.0381E-03 8.2646E-03 8.5383E-03 9.4347E-03 9.7302E-03 7.5660E-03 3.3029E-03 2.8295E-03 6.8873E-04 2.3549E-04 6.2121E-05 0
 0 2.2213E-04 1.1863E-04 2.2993E-04 9.0081E-04 1.5671E-03 1.7573E-03 2.2798E-03 2.6219E-03 2.6823E-03 1.9328E-03 2.8508E-03 5.3747E-03 6.8687E-03 7.8228E-03 8.0995E-03 9.9045E-03 9.5455E-03 8.2259E-03 3.3233E-03 2.6565E-03 5.5710E-04 1.9949E-04 6.7297E-05 0
 0 2.1693E-04 1.0245E-04 2.1799E-04 8.8454E-04 1.5245E-03 1.7060E-03 2.1968E-03 2.4897E-03 2.5660E-03 1.8285E-03 2.7627E-03 5.9155E-03 6.4981E-03 7.5058E-03 8.0653E-03 1.0125E-02 9.0060E-03 7.9935E-03 3.5972E-03 2.7512E-03 6.8873E-04 2.0249E-04 6.9598E-05 0
 0 2.1433E-04 1.2672E-04 2.1351E-04 9.1301E-04 1.3843E-03 1.6092E-03 2.0954E-03 2.3827E-03 2.7954E-03 1.7868E-03 2.6592E-03 5.6366E-03 6.7040E-03 7.6067E-03 8.2506E-03 9.3858E-03 9.2247E-03 7.6543E-03 3.1435E-03 2.5749E-03 4.3251E-04 2.4749E-04 7.3624E-05 0
 0 2.0913E-04 1.0874E-04 1.8215E-04 8.6218E-04 1.5020E-03 1.6177E-03 2.2429E-03 2.5370E-03 2.6403E-03 1.8494E-03 2.9121E-03 5.8733E-03 6.6491E-03 7.1024E-03 8.0312E-03 9.2243E-03 9.1761E-03 8.3189E-03 3.4582E-03 2.6696E-03 6.4642E-04 2.0849E-04 7.0748E-05 0
 0 2.0319E-04 1.2043E-04 2.5531E-04 8.0321E-04 1.4995E-03 1.6263E-03 1.9049E-03 2.4866E-03 2.4464E-03 1.6825E-03 2.6171E-03 5.9874E-03 6.2418E-03 7.3810E-03 7.9971E-03 9.1362E-03 9.2636E-03 7.2825E-03 3.5400E-03 2.7218E-03 6.7698E-04 1.8749E-04 8.5128E-05 0
 0 1.9465E-04 1.0425E-04 1.9559E-04 8.4591E-04 1.4619E-03 1.4924E-03 2.1415E-03 2.5370E-03 2.5821E-03 1.7103E-03 2.8470E-03 5.4296E-03 6.2693E-03 7.5923E-03 7.7630E-03 1.0130E-02 8.6998E-03 7.4266E-03 3.4010E-03 2.4509E-03 5.8060E-04 2.5499E-04 6.7297E-05 0
 0 2.0765E-04 1.3391E-04 2.5681E-04 7.4424E-04 1.3643E-03 1.4582E-03 2.1661E-03 2.5370E-03 2.5433E-03 1.6026E-03 2.8546E-03 5.4507E-03 6.2372E-03 7.7459E-03 7.5387E-03 9.5864E-03 8.4082E-03 7.8541E-03 3.2620E-03 2.6141E-03 5.8530E-04 2.0849E-04 5.3493E-05 0
 0 1.9836E-04 1.0695E-04 2.2694E-04 8.0727E-04 1.3017E-03 1.5123E-03 2.2982E-03 2.5275E-03 2.5530E-03 1.7138E-03 2.7857E-03 5.7888E-03 6.0267E-03 7.1937E-03 7.8654E-03 8.8964E-03 8.9622E-03 7.6125E-03 2.8941E-03 2.3791E-03 7.0989E-04 2.5499E-04 6.7297E-05 0
 0 2.0913E-04 1.0964E-04 2.2545E-04 7.7067E-04 1.3343E-03 1.5494E-03 1.9817E-03 2.4142E-03 2.5530E-03 1.6130E-03 2.5251E-03 5.4043E-03 5.6332E-03 7.0400E-03 7.5972E-03 9.1069E-03 8.6463E-03 7.1895E-03 3.2375E-03 2.6435E-03 6.0411E-04 1.9049E-04 7.6500E-05 0
 0 2.1433E-04 1.1863E-04 2.3441E-04 7.9914E-04 1.2542E-03 1.6690E-03 2.0340E-03 2.4236E-03 2.3721E-03 1.5504E-03 2.5787E-03 5.2944E-03 5.8071E-03 7.0784E-03 7.8703E-03 9.3222E-03 8.2721E-03 7.3011E-03 3.1312E-03 2.3236E-03 4.5602E-04 1.9799E-04 6.0395E-05 0
 0 2.0988E-04 1.0695E-04 2.3889E-04 8.4388E-04 1.3217E-03 1.5180E-03 1.8711E-03 2.3796E-03 2.1329E-03 1.5574E-03 2.6401E-03 5.2437E-03 6.2235E-03 7.2897E-03 7.4509E-03 9.4005E-03 8.3061E-03 7.2546E-03 2.9718E-03 2.4640E-03 4.8893E-04 2.0699E-04 6.5572E-05 0
 0 2.0170E-04 1.1953E-04 2.3142E-04 7.7067E-04 1.3217E-03 1.4525E-03 1.9725E-03 2.5464E-03 2.4011E-03 1.5157E-03 2.5596E-03 5.2014E-03 5.8162E-03 6.9824E-03 7.6265E-03 9.2586E-03 8.5637E-03 7.2964E-03 2.9841E-03 2.7250E-03 6.2996E-04 1.9499E-04 6.0970E-05 0
 0 1.9056E-04 1.2312E-04 2.5233E-04 7.6457E-04 1.4169E-03 1.4611E-03 1.9264E-03 2.3166E-03 2.2977E-03 1.5678E-03 2.4638E-03 5.3282E-03 5.8162E-03 7.5778E-03 7.6509E-03 8.5735E-03 8.4033E-03 7.2500E-03 3.3560E-03 2.6565E-03 5.6415E-04 2.0099E-04 7.1324E-05 0
 0 2.0282E-04 1.4469E-04 2.8368E-04 8.0117E-04 1.2692E-03 1.5237E-03 2.0739E-03 2.2128E-03 2.3785E-03 1.4913E-03 2.5289E-03 4.8296E-03 6.1411E-03 6.9007E-03 7.2900E-03 8.8182E-03 7.9416E-03 7.0548E-03 2.9759E-03 2.5390E-03 5.9471E-04 1.9499E-04 5.9245E-05 0
 0 2.0653E-04 9.6161E-05 2.8069E-04 8.3574E-04 1.4019E-03 1.4013E-03 1.9879E-03 2.2348E-03 2.2040E-03 1.3766E-03 2.3297E-03 5.1507E-03 6.0176E-03 6.6750E-03 7.0023E-03 8.7839E-03 8.0534E-03 6.9246E-03 2.8655E-03 2.5749E-03 5.9706E-04 2.2949E-04 7.4775E-05 0
 0 1.9873E-04 9.5262E-05 2.3590E-04 8.1337E-04 1.3067E-03 1.5067E-03 1.9725E-03 2.3103E-03 2.3882E-03 1.3384E-03 2.4408E-03 4.5888E-03 5.8254E-03 6.4445E-03 7.3680E-03 8.5294E-03 7.9222E-03 6.5854E-03 2.7633E-03 2.5553E-03 5.6180E-04 2.2799E-04 6.4421E-05 0
 0 1.9910E-04 1.0874E-04 2.0903E-04 7.4830E-04 1.2992E-03 1.4497E-03 1.9234E-03 2.2096E-03 1.9972E-03 1.5400E-03 2.4830E-03 5.0240E-03 5.7796E-03 6.9199E-03 7.1827E-03 8.2994E-03 8.0680E-03 7.1291E-03 2.7838E-03 2.3824E-03 6.3937E-04 2.0099E-04 6.2121E-05 0
 0 1.8907E-04 1.0695E-04 2.0455E-04 7.6660E-04 1.2842E-03 1.3044E-03 1.8158E-03 2.3103E-03 2.0747E-03 1.3349E-03 2.3412E-03 5.1296E-03 5.3174E-03 6.2861E-03 7.1535E-03 8.0303E-03 8.1652E-03 6.4134E-03 2.9064E-03 2.3008E-03 5.5004E-04 2.1599E-04 5.3493E-05 0
 0 2.0505E-04 1.1503E-04 1.9410E-04 7.4017E-04 1.2141E-03 1.4696E-03 1.7912E-03 2.1152E-03 2.3559E-03 1.4114E-03 2.4676E-03 4.8592E-03 5.5325E-03 6.6990E-03 6.7244E-03 7.7758E-03 8.2624E-03 6.8689E-03 2.8083E-03 2.2812E-03 5.1478E-04 1.7999E-04 6.9598E-05 0
 0 2.0133E-04 8.4478E-05 1.9410E-04 7.0153E-04 1.3067E-03 1.3699E-03 1.8711E-03 2.3512E-03 2.0133E-03 1.4566E-03 2.1343E-03 4.9606E-03 4.9788E-03 6.7855E-03 6.2465E-03 8.0450E-03 8.1117E-03 6.6969E-03 2.6611E-03 2.2779E-03 5.1243E-04 1.9799E-04 6.3846E-05 0
 0 2.2139E-04 1.0874E-04 1.8365E-04 7.0153E-04 1.2416E-03 1.2617E-03 1.8404E-03 2.2694E-03 2.2331E-03 1.4705E-03 2.2454E-03 4.8000E-03 5.3952E-03 6.2620E-03 6.3294E-03 8.0792E-03 7.8298E-03 6.1299E-03 2.6039E-03 2.5325E-03 6.0881E-04 1.9649E-04 7.1324E-05 0
 0 2.2176E-04 1.0425E-04 1.8365E-04 7.4424E-04 1.3042E-03 1.4525E-03 1.8066E-03 2.2631E-03 2.3979E-03 1.4913E-03 2.5136E-03 4.8212E-03 5.0063E-03 5.9019E-03 6.9097E-03 7.8101E-03 7.8493E-03 6.6318E-03 2.5426E-03 2.1898E-03 5.5945E-04 1.7099E-04 5.4068E-05 0
 0 2.0616E-04 8.6275E-05 1.9260E-04 6.9340E-04 1.1390E-03 1.3386E-03 1.7790E-03 2.2883E-03 2.1652E-03 1.3975E-03 2.3833E-03 4.6099E-03 5.1710E-03 6.6798E-03 6.5634E-03 7.7856E-03 7.6451E-03 6.5947E-03 2.6611E-03 2.3759E-03 4.7952E-04 1.9049E-04 6.0970E-05 0
 0 1.8647E-04 8.5376E-05 2.0007E-04 7.1780E-04 1.3042E-03 1.4298E-03 1.8373E-03 2.2222E-03 2.1782E-03 1.2967E-03 2.2032E-03 4.4324E-03 5.7384E-03 6.1228E-03 6.6220E-03 7.5997E-03 7.5042E-03 6.4552E-03 2.5957E-03 2.4574E-03 5.2654E-04 1.7849E-04 7.9951E-05 0
 0 1.8573E-04 8.8971E-05 2.0156E-04 6.2630E-04 1.3368E-03 1.2475E-03 1.8527E-03 2.1750E-03 2.0327E-03 1.4044E-03 2.0461E-03 4.7071E-03 4.9605E-03 6.1660E-03 6.2562E-03 7.7318E-03 7.4167E-03 6.6923E-03 2.8614E-03 2.1735E-03 5.2419E-04 2.3849E-04 6.4997E-05 0
 0 2.0839E-04 9.0769E-05 1.4781E-04 7.0967E-04 1.1866E-03 1.3187E-03 1.7175E-03 2.0270E-03 2.0101E-03 1.4253E-03 2.1917E-03 4.7578E-03 5.1985E-03 6.1036E-03 5.8369E-03 7.5360E-03 7.1348E-03 6.2879E-03 2.6407E-03 2.1898E-03 5.0303E-04 2.0099E-04 5.6369E-05 0
 0 1.9613E-04 9.3465E-05 2.2545E-04 6.9137E-04 1.3393E-03 1.2987E-03 1.7513E-03 2.0711E-03 1.9875E-03 1.2271E-03 2.1343E-03 4.6099E-03 4.9102E-03 6.2284E-03 6.4123E-03 7.6975E-03 7.1008E-03 6.4460E-03 2.5262E-03 2.2975E-03 4.7247E-04 2.0999E-04 5.0042E-05 0
 0 1.9985E-04 1.1683E-04 1.5976E-04 7.8491E-04 1.2892E-03 1.3899E-03 1.6561E-03 2.2789E-03 2.0166E-03 1.2028E-03 2.1228E-03 4.5761E-03 4.8186E-03 6.1132E-03 5.8661E-03 7.3990E-03 7.2563E-03 6.5575E-03 2.4976E-03 2.4542E-03 5.5710E-04 2.1749E-04 5.8094E-05 0
 0 1.9613E-04 1.1593E-04 1.6573E-04 7.3000E-04 1.2241E-03 1.2532E-03 1.7083E-03 2.1026E-03 2.1491E-03 1.2793E-03 2.0730E-03 4.6099E-03 4.7912E-03 5.9355E-03 5.8661E-03 7.7073E-03 7.5382E-03 6.4041E-03 2.6039E-03 2.1670E-03 5.1008E-04 1.6499E-04 5.5218E-05 0
 0 1.7867E-04 9.6161E-05 2.4785E-04 7.1374E-04 1.2341E-03 1.2304E-03 1.6407E-03 1.9169E-03 2.1458E-03 1.3975E-03 2.2224E-03 4.6310E-03 5.1207E-03 6.2332E-03 5.9929E-03 7.4284E-03 6.8918E-03 6.3344E-03 2.5058E-03 2.1180E-03 4.0195E-04 2.2949E-04 5.5218E-05 0
 0 1.9205E-04 9.2566E-05 2.1948E-04 6.6900E-04 1.0889E-03 1.2560E-03 1.7175E-03 2.0428E-03 1.9649E-03 1.0533E-03 1.8775E-03 4.4240E-03 4.7775E-03 6.1468E-03 5.8466E-03 7.5850E-03 6.8432E-03 6.3484E-03 2.5753E-03 2.0593E-03 4.8423E-04 2.0399E-04 5.1192E-05 0
 0 1.8870E-04 1.2222E-04 1.6872E-04 7.4017E-04 1.1290E-03 1.1506E-03 1.7329E-03 1.9924E-03 1.9746E-03 1.1680E-03 1.9618E-03 4.1282E-03 4.8049E-03 5.6282E-03 5.7101E-03 7.8003E-03 6.1871E-03 6.3902E-03 2.4240E-03 2.1996E-03 5.7590E-04 1.6799E-04 6.3271E-05 0
 0 1.9613E-04 7.8187E-05 1.9410E-04 6.3443E-04 1.2466E-03 1.2987E-03 1.5977E-03 1.9641E-03 1.8162E-03 1.1576E-03 1.9159E-03 4.2972E-03 4.8415E-03 5.8202E-03 5.7052E-03 7.4039E-03 6.7022E-03 6.1578E-03 2.3259E-03 2.1474E-03 5.2654E-04 1.6799E-04 4.6590E-05 0
 0 1.8610E-04 9.5262E-05 1.8215E-04 5.4089E-04 1.0739E-03 1.2617E-03 1.6345E-03 1.9169E-03 1.8582E-03 1.1333E-03 1.8852E-03 4.3817E-03 4.7180E-03 5.3736E-03 5.5833E-03 6.7286E-03 6.8480E-03 6.2043E-03 2.3300E-03 2.1278E-03 4.5367E-04 1.7699E-04 6.2121E-05 0
 0 1.8907E-04 1.1503E-04 1.9410E-04 6.4257E-04 1.1690E-03 1.1108E-03 1.7636E-03 1.8225E-03 1.9390E-03 1.1576E-03 2.2377E-03 4.2930E-03 4.4937E-03 5.7578E-03 5.5833E-03 7.4724E-03 6.4009E-03 5.9069E-03 2.3137E-03 2.0626E-03 4.7717E-04 1.6649E-04 5.0042E-05 0
 0 2.1025E-04 1.0335E-04 1.8066E-04 6.8933E-04 9.8881E-04 1.1506E-03 1.7114E-03 1.9861E-03 1.8388E-03 1.1194E-03 1.8431E-03 4.1958E-03 4.6310E-03 5.4889E-03 5.4468E-03 6.9439E-03 6.6196E-03 5.8883E-03 2.2973E-03 1.9875E-03 4.0901E-04 1.5899E-04 6.1545E-05 0
 0 2.0096E-04 1.0515E-04 1.7021E-04 6.9747E-04 1.0714E-03 1.0937E-03 1.5086E-03 1.9232E-03 1.9843E-03 1.0985E-03 1.7396E-03 4.4282E-03 4.4205E-03 5.4937E-03 5.6808E-03 7.1250E-03 6.6877E-03 5.7767E-03 2.2319E-03 1.9646E-03 5.1713E-04 1.6499E-04 5.9245E-05 0
 0 1.6716E-04 8.2680E-05 1.8812E-04 6.8730E-04 1.1991E-03 1.1022E-03 1.6130E-03 1.7973E-03 2.0941E-03 1.0220E-03 1.7166E-03 4.1620E-03 4.4983E-03 5.6906E-03 5.3931E-03 6.5622E-03 6.4884E-03 6.0509E-03 2.0398E-03 2.0103E-03 4.3721E-04 1.6949E-04 4.8891E-05 0
 0 1.9056E-04 1.0425E-04 1.8514E-04 6.9950E-04 1.1540E-03 1.0965E-03 1.5700E-03 1.7186E-03 1.8421E-03 1.0950E-03 1.9542E-03 3.8958E-03 4.7454E-03 5.3400E-03 5.4029E-03 6.4399E-03 6.3912E-03 5.7674E-03 2.1542E-03 2.0234E-03 4.9833E-04 1.4700E-04 6.0970E-05 0
 0 1.7422E-04 8.6275E-05 1.7469E-04 6.5273E-04 1.0864E-03 1.1535E-03 1.5332E-03 1.7154E-03 1.7354E-03 1.2063E-03 1.8047E-03 3.8451E-03 3.9446E-03 5.6041E-03 5.0518E-03 6.2882E-03 6.1628E-03 5.1354E-03 1.9417E-03 2.1898E-03 3.9020E-04 1.9199E-04 5.9245E-05 0
 0 1.9130E-04 1.0065E-04 1.3587E-04 6.0596E-04 1.0038E-03 1.1848E-03 1.7144E-03 1.9011E-03 1.8388E-03 9.6294E-04 2.0385E-03 3.9634E-03 4.3748E-03 5.1816E-03 5.0713E-03 6.5378E-03 6.1628E-03 5.6327E-03 2.3668E-03 1.9222E-03 4.4897E-04 1.3950E-04 5.8669E-05 0
 0 1.8647E-04 8.4478E-05 1.6424E-04 6.5273E-04 1.1140E-03 1.2503E-03 1.5424E-03 1.6525E-03 1.9099E-03 1.0081E-03 1.7626E-03 3.9085E-03 4.4251E-03 5.1479E-03 5.2420E-03 6.2539E-03 6.4738E-03 5.6234E-03 2.1256E-03 1.9614E-03 4.4427E-04 1.9799E-04 5.1192E-05 0
 0 1.8387E-04 9.9756E-05 1.7170E-04 6.0190E-04 1.0689E-03 1.0367E-03 1.5854E-03 1.7375E-03 1.6611E-03 1.1124E-03 1.6400E-03 4.1409E-03 4.3839E-03 5.0567E-03 5.2176E-03 6.3910E-03 6.2405E-03 5.2934E-03 2.1910E-03 1.8863E-03 4.3251E-04 1.6649E-04 5.6369E-05 0
 0 1.7570E-04 8.2680E-05 1.8962E-04 6.6290E-04 1.0088E-03 1.1848E-03 1.5885E-03 1.8004E-03 1.6999E-03 9.9423E-04 1.7319E-03 4.2296E-03 4.2604E-03 4.9030E-03 4.9738E-03 6.1218E-03 5.9829E-03 5.6884E-03 2.1624E-03 1.8733E-03 3.9255E-04 1.7699E-04 5.2918E-05 0
 0 1.7087E-04 7.9984E-05 1.6872E-04 6.0190E-04 1.1791E-03 1.0453E-03 1.4133E-03 1.7091E-03 1.7710E-03 1.0429E-03 1.6860E-03 4.1028E-03 3.9949E-03 4.7398E-03 4.4179E-03 6.1512E-03 6.1871E-03 5.6605E-03 1.9294E-03 1.8700E-03 4.6307E-04 1.6349E-04 6.3271E-05 0
 0 1.9576E-04 9.6161E-05 1.5826E-04 5.4903E-04 1.0038E-03 1.1791E-03 1.5239E-03 1.7028E-03 1.8065E-03 9.2122E-04 1.7243E-03 3.9423E-03 4.1231E-03 5.0519E-03 4.8763E-03 6.3861E-03 5.6767E-03 5.2655E-03 2.0684E-03 1.8504E-03 3.1028E-04 1.1550E-04 5.5793E-05 0
 0 1.8127E-04 9.7958E-05 1.9111E-04 6.1003E-04 1.0389E-03 1.0339E-03 1.4502E-03 1.5549E-03 1.6772E-03 1.0116E-03 1.5940E-03 3.7437E-03 3.7982E-03 5.2152E-03 4.8519E-03 6.0239E-03 5.5698E-03 4.9634E-03 2.2156E-03 1.9092E-03 4.5367E-04 1.5000E-04 6.0395E-05 0
 0 1.8685E-04 1.0515E-04 1.8365E-04 6.2020E-04 1.0489E-03 1.0851E-03 1.4287E-03 1.6619E-03 1.8001E-03 1.0464E-03 1.5633E-03 3.8071E-03 4.1917E-03 4.6341E-03 4.7982E-03 6.2393E-03 5.7691E-03 5.1865E-03 2.1256E-03 1.8602E-03 4.1136E-04 1.7399E-04 5.4643E-05 0
 0 1.9836E-04 6.4706E-05 1.6573E-04 5.4089E-04 9.4124E-04 9.3703E-04 1.3427E-03 1.7280E-03 1.5124E-03 1.1263E-03 1.6323E-03 3.8662E-03 3.9583E-03 5.2728E-03 4.9445E-03 6.2050E-03 5.9878E-03 5.2980E-03 2.1461E-03 1.8602E-03 4.5367E-04 1.7999E-04 5.1767E-05 0
 0 2.0022E-04 6.6504E-05 1.4781E-04 6.2426E-04 9.9381E-04 1.0196E-03 1.4686E-03 1.6840E-03 1.7419E-03 9.7337E-04 1.5518E-03 4.0437E-03 4.0544E-03 4.7302E-03 4.1497E-03 6.1463E-03 6.0850E-03 5.3120E-03 1.8845E-03 1.8994E-03 4.2311E-04 1.8299E-04 5.5218E-05 0
 0 2.1173E-04 8.4478E-05 1.8663E-04 5.6936E-04 1.0689E-03 9.3988E-04 1.4164E-03 1.6997E-03 1.5932E-03 1.0186E-03 1.6246E-03 3.5704E-03 4.3656E-03 5.1623E-03 4.8421E-03 5.7401E-03 5.6038E-03 5.1540E-03 1.9253E-03 1.9287E-03 4.2546E-04 1.3200E-04 4.1989E-05 0
 0 1.9093E-04 1.0605E-04 1.8663E-04 6.1003E-04 1.0063E-03 1.0139E-03 1.5209E-03 1.8036E-03 1.5447E-03 1.0325E-03 1.4561E-03 3.8704E-03 3.7433E-03 4.3892E-03 4.5349E-03 5.7450E-03 5.4969E-03 4.9263E-03 2.0030E-03 1.7949E-03 4.7952E-04 1.3050E-04 5.0042E-05 0
 0 1.9725E-04 9.3465E-05 1.7319E-04 6.1206E-04 1.1365E-03 1.1620E-03 1.5854E-03 1.6714E-03 1.5092E-03 9.9423E-04 1.5518E-03 3.2155E-03 3.6243E-03 4.5909E-03 4.5057E-03 6.0093E-03 5.6038E-03 4.9263E-03 1.8109E-03 1.9157E-03 4.0431E-04 1.4550E-04 5.6369E-05 0
 0 1.8833E-04 1.0245E-04 1.9858E-04 6.1816E-04 9.8130E-04 9.4842E-04 1.5116E-03 1.5738E-03 1.6740E-03 7.8565E-04 1.6553E-03 3.6085E-03 3.8577E-03 4.3652E-03 4.3740E-03 5.6422E-03 5.4532E-03 5.2283E-03 2.0194E-03 1.8602E-03 3.8080E-04 1.4250E-04 6.4997E-05 0
 0 2.0282E-04 8.8971E-05 1.0899E-04 5.7750E-04 9.5877E-04 1.0139E-03 1.3273E-03 1.6934E-03 1.6772E-03 9.7337E-04 1.4024E-03 3.6296E-03 3.7616E-03 4.5669E-03 4.2180E-03 5.9652E-03 5.5941E-03 4.9030E-03 1.9090E-03 1.7231E-03 3.4319E-04 1.7399E-04 3.5662E-05 0
 0 1.7347E-04 9.7958E-05 1.8812E-04 5.5716E-04 1.0564E-03 1.1222E-03 1.3642E-03 1.6304E-03 1.5803E-03 8.3432E-04 1.5978E-03 3.4310E-03 3.6289E-03 4.3316E-03 4.5300E-03 5.4269E-03 5.1859E-03 4.5963E-03 1.9621E-03 1.8308E-03 3.3379E-04 1.7549E-04 4.8891E-05 0
 0 1.8387E-04 8.6275E-05 1.6424E-04 6.1410E-04 1.0514E-03 9.9969E-04 1.3150E-03 1.5927E-03 1.5415E-03 7.4393E-04 1.5518E-03 3.7521E-03 3.7387E-03 4.7061E-03 4.2667E-03 5.3095E-03 5.1518E-03 4.9030E-03 1.9212E-03 1.6089E-03 4.2076E-04 1.8749E-04 5.5218E-05 0
 0 1.7236E-04 9.7060E-05 1.7469E-04 6.5477E-04 1.0138E-03 1.0965E-03 1.2290E-03 1.6147E-03 1.4963E-03 8.5517E-04 1.4944E-03 3.3169E-03 3.6929E-03 4.4516E-03 4.4667E-03 5.7450E-03 5.3511E-03 4.8008E-03 1.8150E-03 1.7884E-03 3.7140E-04 1.6949E-04 4.9466E-05 0
 0 1.8462E-04 9.7060E-05 1.3885E-04 5.7953E-04 9.8881E-04 1.0396E-03 1.3119E-03 1.5077E-03 1.6902E-03 9.2818E-04 1.4216E-03 3.3507E-03 3.7341E-03 4.2019E-03 4.1546E-03 5.1431E-03 5.3074E-03 4.5452E-03 1.9376E-03 1.8374E-03 4.0195E-04 1.6499E-04 4.8316E-05 0
 0 1.8387E-04 7.4592E-05 1.6722E-04 5.6123E-04 9.6377E-04 1.0851E-03 1.3826E-03 1.5360E-03 1.6611E-03 7.6131E-04 1.4369E-03 3.2028E-03 3.4046E-03 3.9522E-03 4.1253E-03 5.3388E-03 5.2150E-03 4.7589E-03 1.9826E-03 1.6285E-03 3.8080E-04 1.5449E-04 5.1767E-05 0
 0 1.7459E-04 9.7060E-05 1.5976E-04 5.4903E-04 1.0113E-03 9.5127E-04 1.4594E-03 1.6147E-03 1.5221E-03 8.7603E-04 1.4752E-03 3.2028E-03 3.6014E-03 4.4516E-03 4.2375E-03 5.1284E-03 4.9185E-03 4.3639E-03 1.8109E-03 1.6220E-03 3.6670E-04 1.7099E-04 5.4643E-05 0
 0 1.8387E-04 8.3579E-05 1.4931E-04 5.2869E-04 9.2372E-04 9.5412E-04 1.2044E-03 1.4983E-03 1.4833E-03 8.3084E-04 1.5595E-03 3.5324E-03 3.2811E-03 4.0338E-03 4.2033E-03 5.1627E-03 5.2588E-03 4.4383E-03 1.7700E-03 1.7068E-03 3.7375E-04 1.5749E-04 4.6590E-05 0
 0 1.8164E-04 8.8073E-05 1.5976E-04 5.0836E-04 9.3123E-04 8.4589E-04 1.2228E-03 1.5266E-03 1.3702E-03 7.4741E-04 1.3258E-03 3.1859E-03 3.2536E-03 3.8994E-03 4.0522E-03 4.7712E-03 4.8311E-03 4.4940E-03 1.8681E-03 1.7199E-03 3.9490E-04 1.4850E-04 3.6237E-05 0
 0 1.8722E-04 9.7060E-05 1.5528E-04 5.0022E-04 1.0013E-03 9.3418E-04 1.2044E-03 1.4951E-03 1.4737E-03 9.2122E-04 1.4867E-03 3.3465E-03 3.2582E-03 3.8754E-03 4.1009E-03 5.1137E-03 4.8991E-03 4.2106E-03 1.6555E-03 1.4784E-03 3.5494E-04 1.3800E-04 5.0617E-05 0
 0 1.9539E-04 7.8187E-05 1.5080E-04 5.2666E-04 8.7365E-04 8.9716E-04 1.4471E-03 1.5612E-03 1.5189E-03 6.8483E-04 1.5480E-03 3.2747E-03 3.1072E-03 4.0434E-03 4.0863E-03 5.1089E-03 5.0255E-03 4.4662E-03 1.8599E-03 1.6154E-03 3.6670E-04 1.3800E-04 6.3846E-05 0
 0 1.7384E-04 8.8971E-05 1.2840E-04 5.7953E-04 9.7629E-04 9.5981E-04 1.2443E-03 1.5077E-03 1.3573E-03 8.5517E-04 1.3603E-03 3.1986E-03 3.1346E-03 4.0002E-03 3.5548E-03 5.0942E-03 4.5103E-03 4.4801E-03 1.6882E-03 1.6938E-03 3.4319E-04 1.3500E-04 6.3846E-05 0
 0 1.8239E-04 7.7288E-05 1.5229E-04 5.1649E-04 9.0119E-04 8.7152E-04 1.3826E-03 1.5392E-03 1.4963E-03 7.3003E-04 1.4407E-03 3.5324E-03 3.4367E-03 3.7745E-03 3.8474E-03 5.1529E-03 4.8116E-03 4.5823E-03 1.8109E-03 1.5469E-03 3.5259E-04 1.7249E-04 4.0839E-05 0
 0 1.7830E-04 7.4592E-05 1.3139E-04 5.4699E-04 1.0163E-03 9.4557E-04 1.1583E-03 1.4510E-03 1.4769E-03 8.0998E-04 1.4216E-03 3.2831E-03 3.2902E-03 4.2451E-03 3.6231E-03 5.0159E-03 5.1129E-03 4.5916E-03 1.7659E-03 1.4849E-03 2.7032E-04 1.3050E-04 5.1192E-05 0
 0 1.7756E-04 8.3579E-05 1.4781E-04 4.6566E-04 8.0106E-04 7.7753E-04 1.1614E-03 1.5455E-03 1.4090E-03 7.8565E-04 1.4062E-03 2.9789E-03 3.1529E-03 3.8273E-03 3.6718E-03 4.9963E-03 4.6512E-03 4.1920E-03 1.6188E-03 1.6057E-03 3.7610E-04 1.6649E-04 4.7166E-05 0
 0 1.8499E-04 7.7288E-05 1.4931E-04 4.5752E-04 8.8867E-04 9.1994E-04 1.1430E-03 1.4416E-03 1.2894E-03 6.9874E-04 1.3718E-03 2.7211E-03 3.2994E-03 4.1395E-03 3.7401E-03 4.7810E-03 5.1421E-03 4.3918E-03 1.5983E-03 1.4588E-03 3.1968E-04 1.3500E-04 6.9023E-05 0
 0 1.8685E-04 7.1896E-05 1.2542E-04 5.6529E-04 8.6614E-04 9.0000E-04 1.1921E-03 1.2590E-03 1.3541E-03 7.4045E-04 1.3603E-03 3.3000E-03 3.1712E-03 4.0338E-03 3.7108E-03 4.8935E-03 4.8019E-03 4.2384E-03 1.8558E-03 1.7036E-03 4.1371E-04 1.4550E-04 4.4865E-05 0
 0 1.7496E-04 5.9314E-05 1.9260E-04 5.9376E-04 9.0119E-04 9.3418E-04 9.9240E-04 1.4227E-03 1.3121E-03 8.4127E-04 1.3641E-03 2.8902E-03 3.1667E-03 3.5680E-03 3.7206E-03 4.7174E-03 4.6852E-03 4.4150E-03 1.5779E-03 1.4457E-03 3.1733E-04 1.4100E-04 5.2342E-05 0
 0 1.7682E-04 9.7060E-05 1.4333E-04 4.9412E-04 8.7616E-04 8.3734E-04 1.2075E-03 1.3472E-03 1.2151E-03 7.9955E-04 1.2300E-03 2.7296E-03 3.2262E-03 3.8081E-03 3.3012E-03 4.5021E-03 4.5880E-03 4.2803E-03 1.5820E-03 1.5567E-03 3.5964E-04 1.3050E-04 4.6015E-05 0
 0 1.9056E-04 7.9086E-05 1.6274E-04 4.7582E-04 8.4361E-04 8.4304E-04 1.1061E-03 1.3944E-03 1.2539E-03 7.0569E-04 1.3641E-03 3.1099E-03 3.1621E-03 3.6401E-03 3.5109E-03 4.3357E-03 4.5978E-03 4.0525E-03 1.5452E-03 1.6252E-03 3.0088E-04 1.1100E-04 5.3493E-05 0
 0 1.9427E-04 6.1112E-05 1.1795E-04 4.7989E-04 8.4612E-04 8.1741E-04 9.9548E-04 1.4888E-03 1.2345E-03 7.0569E-04 1.3258E-03 2.8859E-03 3.2307E-03 3.8033E-03 3.2135E-03 4.6244E-03 4.5929E-03 3.7644E-03 1.4920E-03 1.6448E-03 3.9020E-04 1.2600E-04 4.8316E-05 0
 0 1.7310E-04 8.6275E-05 1.4333E-04 5.4496E-04 8.6614E-04 8.7152E-04 1.1399E-03 1.3377E-03 1.2668E-03 7.8217E-04 1.2568E-03 2.8986E-03 2.9333E-03 3.3423E-03 3.4475E-03 4.1693E-03 4.6366E-03 3.9224E-03 1.6882E-03 1.4621E-03 4.1136E-04 8.3997E-05 3.5662E-05 0
 0 1.7199E-04 7.3693E-05 1.3736E-04 5.4699E-04 9.4875E-04 8.5728E-04 1.0815E-03 1.2433E-03 1.2701E-03 6.7788E-04 1.1495E-03 3.1902E-03 2.6999E-03 3.3471E-03 3.2817E-03 4.5657E-03 4.5443E-03 4.3174E-03 1.5697E-03 1.5698E-03 2.9148E-04 1.2750E-04 4.7166E-05 0
 0 1.8499E-04 9.0769E-05 1.0451E-04 4.6362E-04 8.7365E-04 7.9462E-04 1.1030E-03 1.2496E-03 1.1505E-03 7.2307E-04 1.1687E-03 2.9747E-03 2.8235E-03 3.5920E-03 3.3597E-03 4.3308E-03 4.1069E-03 3.8666E-03 1.4430E-03 1.4882E-03 3.2438E-04 1.1700E-04 4.0263E-05 0
 0 1.5193E-04 7.9086E-05 1.1795E-04 5.3886E-04 8.9869E-04 8.0602E-04 1.0539E-03 1.2118E-03 1.2894E-03 6.3617E-04 1.2798E-03 2.9916E-03 2.9058E-03 3.6785E-03 3.4524E-03 4.4091E-03 4.1360E-03 4.1408E-03 1.3163E-03 1.4849E-03 3.8785E-04 1.2300E-04 5.8094E-05 0
 0 1.7199E-04 6.8301E-05 1.6274E-04 5.1446E-04 8.0106E-04 7.1203E-04 1.1860E-03 1.3157E-03 1.4026E-03 6.0835E-04 1.0844E-03 2.9493E-03 2.6450E-03 3.6401E-03 3.6962E-03 4.3504E-03 4.3207E-03 4.1083E-03 1.4839E-03 1.4719E-03 3.7610E-04 1.2750E-04 4.9466E-05 0
 0 1.9130E-04 7.0997E-05 1.3587E-04 5.1649E-04 7.9355E-04 8.5728E-04 1.0231E-03 1.2433E-03 1.2151E-03 7.4741E-04 1.1648E-03 2.8437E-03 2.8555E-03 3.4192E-03 3.2427E-03 4.0225E-03 4.1992E-03 3.9875E-03 1.4021E-03 1.4033E-03 2.4681E-04 1.5749E-04 5.0042E-05 0
 0 1.9242E-04 7.7288E-05 1.3736E-04 4.3109E-04 8.0606E-04 7.5760E-04 1.2198E-03 1.3409E-03 1.2765E-03 5.8402E-04 1.2376E-03 2.6113E-03 2.8784E-03 3.2415E-03 3.0233E-03 4.3112E-03 4.4179E-03 3.6296E-03 1.5942E-03 1.3544E-03 3.1028E-04 1.1250E-04 5.2342E-05 0
 0 1.7942E-04 7.0997E-05 1.3139E-04 4.6159E-04 9.2372E-04 8.9431E-04 1.1460E-03 1.2276E-03 1.3573E-03 6.5007E-04 1.2147E-03 2.8986E-03 2.6953E-03 3.4432E-03 3.1647E-03 3.9833E-03 4.4714E-03 3.4763E-03 1.4389E-03 1.3837E-03 3.0088E-04 8.9997E-05 5.4068E-05 0
 0 1.7236E-04 6.6504E-05 1.3139E-04 4.1685E-04 8.5863E-04 7.7469E-04 1.0876E-03 1.2276E-03 1.2668E-03 6.5355E-04 1.0307E-03 2.9282E-03 2.8372E-03 3.2463E-03 2.8380E-03 4.0372E-03 3.8007E-03 3.6575E-03 1.2631E-03 1.4196E-03 2.7032E-04 1.2750E-04 4.1989E-05 0
 0 1.8239E-04 6.3808E-05 1.3587E-04 5.3886E-04 8.8116E-04 8.2310E-04 1.0938E-03 1.3944E-03 1.2636E-03 7.3698E-04 1.0690E-03 2.6620E-03 2.8692E-03 3.1983E-03 3.2476E-03 3.8561E-03 4.1069E-03 3.8155E-03 1.1487E-03 1.3511E-03 3.1498E-04 1.3200E-04 6.1545E-05 0
 0 1.8499E-04 6.8301E-05 1.3587E-04 5.4699E-04 7.7102E-04 7.2912E-04 1.0446E-03 1.2622E-03 1.2507E-03 6.7093E-04 1.0805E-03 3.0254E-03 2.8967E-03 3.4192E-03 3.0428E-03 4.1889E-03 4.2187E-03 3.9782E-03 1.3490E-03 1.3935E-03 3.4554E-04 1.2900E-04 5.6944E-05 0
 0 1.7496E-04 8.8073E-05 1.4483E-04 4.7176E-04 8.4612E-04 9.3418E-04 1.0999E-03 1.2527E-03 1.1311E-03 5.0059E-04 1.0844E-03 2.5817E-03 2.5580E-03 3.2463E-03 3.0769E-03 3.8904E-03 4.2284E-03 3.5971E-03 1.2631E-03 1.4816E-03 2.8207E-04 1.1250E-04 3.9113E-05 0
 0 1.6047E-04 6.2010E-05 1.2243E-04 4.7989E-04 8.4862E-04 7.7184E-04 9.6168E-04 1.2244E-03 1.3121E-03 5.5273E-04 1.1763E-03 2.8056E-03 2.8875E-03 2.8861E-03 3.0087E-03 4.0029E-03 4.1020E-03 3.8620E-03 1.4144E-03 1.2238E-03 2.9618E-04 1.3050E-04 4.8891E-05 0
 0 1.6939E-04 7.0997E-05 1.4781E-04 4.7176E-04 7.3847E-04 7.7469E-04 9.8319E-04 1.1709E-03 1.1085E-03 7.2655E-04 1.0576E-03 2.5606E-03 3.0523E-03 2.9822E-03 3.1306E-03 3.4646E-03 3.8250E-03 3.5832E-03 1.3326E-03 1.5567E-03 3.5964E-04 1.0950E-04 4.2564E-05 0
 0 1.7422E-04 6.8301E-05 1.1795E-04 4.3922E-04 8.8116E-04 8.4304E-04 1.0600E-03 1.1017E-03 1.3282E-03 5.8054E-04 1.0844E-03 2.6535E-03 2.5947E-03 3.4528E-03 2.8916E-03 3.7631E-03 3.6986E-03 3.8527E-03 1.3163E-03 1.3837E-03 2.9383E-04 1.0350E-04 4.1414E-05 0
 0 1.7087E-04 8.5376E-05 1.1944E-04 4.4736E-04 7.8103E-04 8.4874E-04 8.9101E-04 1.1961E-03 1.0858E-03 5.7359E-04 1.1035E-03 2.7676E-03 2.7594E-03 3.0398E-03 3.2573E-03 3.6995E-03 3.9902E-03 3.6203E-03 1.5084E-03 1.2434E-03 3.1968E-04 1.2750E-04 5.0617E-05 0
 0 1.7533E-04 6.7402E-05 1.0153E-04 5.3073E-04 8.6364E-04 7.8323E-04 1.0354E-03 1.2496E-03 1.1440E-03 6.2226E-04 1.0499E-03 2.4423E-03 2.5947E-03 3.1262E-03 2.7161E-03 3.6359E-03 3.6306E-03 3.4158E-03 1.2836E-03 1.4392E-03 3.2909E-04 1.3200E-04 3.7387E-05 0
 0 1.7904E-04 6.9200E-05 1.1944E-04 4.8599E-04 8.0606E-04 7.2627E-04 1.0600E-03 1.0796E-03 9.5335E-04 6.2574E-04 9.8858E-04 2.4718E-03 2.5992E-03 2.9870E-03 2.8136E-03 3.3912E-03 3.9562E-03 3.4670E-03 1.2386E-03 1.3348E-03 3.3144E-04 1.3050E-04 2.5308E-05 0
 0 1.6679E-04 6.8301E-05 1.3736E-04 4.8802E-04 7.2596E-04 6.8639E-04 9.7397E-04 1.1961E-03 1.2087E-03 6.5007E-04 9.6176E-04 2.5394E-03 2.4619E-03 2.9437E-03 2.9940E-03 3.7044E-03 3.8153E-03 3.4158E-03 1.1037E-03 1.2760E-03 2.4211E-04 7.6497E-05 5.0617E-05 0
 0 1.7682E-04 6.0213E-05 1.1347E-04 4.5346E-04 8.0356E-04 6.8924E-04 9.4939E-04 1.1835E-03 1.1957E-03 6.5007E-04 1.0192E-03 2.6958E-03 2.3979E-03 2.7709E-03 2.9696E-03 3.6897E-03 3.8056E-03 3.4530E-03 1.1037E-03 1.4490E-03 2.8677E-04 1.2300E-04 4.0839E-05 0
 0 1.6679E-04 7.0099E-05 1.3139E-04 4.0059E-04 8.1107E-04 7.1772E-04 1.0170E-03 1.1583E-03 1.0858E-03 6.9179E-04 1.0192E-03 2.1676E-03 2.3338E-03 3.0878E-03 2.6137E-03 3.4744E-03 3.8882E-03 3.4484E-03 1.2059E-03 1.3348E-03 3.4319E-04 1.4550E-04 3.3361E-05 0
 0 1.7124E-04 7.9984E-05 1.3587E-04 4.4329E-04 7.3847E-04 7.8893E-04 9.6475E-04 1.1552E-03 9.5981E-04 5.9445E-04 9.8092E-04 2.4803E-03 2.2789E-03 3.0158E-03 3.0038E-03 3.4891E-03 3.9854E-03 3.5088E-03 1.2590E-03 1.2597E-03 3.1498E-04 1.1250E-04 4.7741E-05 0
 0 1.6679E-04 7.9086E-05 1.2542E-04 4.6769E-04 7.9104E-04 6.8924E-04 9.0637E-04 1.2937E-03 1.0471E-03 5.9097E-04 8.7363E-04 2.2733E-03 2.5855E-03 2.8045E-03 2.9306E-03 3.7729E-03 3.4799E-03 3.2067E-03 1.0506E-03 1.2662E-03 3.2909E-04 1.2600E-04 3.9688E-05 0
 0 1.6753E-04 5.8415E-05 1.4333E-04 4.5956E-04 6.6838E-04 6.4083E-04 7.5890E-04 1.0891E-03 1.0794E-03 4.0673E-04 9.5027E-04 2.5690E-03 2.5809E-03 3.0974E-03 2.7112E-03 3.4402E-03 3.3633E-03 3.4437E-03 1.2754E-03 1.1683E-03 3.1733E-04 1.2000E-04 5.3493E-05 0
 0 1.7236E-04 7.0997E-05 1.2990E-04 3.9245E-04 8.4862E-04 6.2089E-04 8.7872E-04 1.0891E-03 1.0406E-03 5.8750E-04 9.1578E-04 2.3155E-03 2.3018E-03 3.1310E-03 2.6722E-03 3.4108E-03 3.4751E-03 3.3554E-03 1.3408E-03 1.1814E-03 2.7502E-04 1.3650E-04 4.6590E-05 0
 0 1.6790E-04 5.8415E-05 1.0601E-04 4.1075E-04 7.2346E-04 5.6393E-04 8.0191E-04 1.1992E-03 1.0729E-03 4.8668E-04 9.4260E-04 2.4803E-03 2.1096E-03 2.8381E-03 2.7112E-03 3.5331E-03 3.5820E-03 3.3601E-03 1.2386E-03 1.1781E-03 2.3506E-04 1.1100E-04 3.5087E-05 0
 0 1.8053E-04 7.8187E-05 9.8542E-05 4.1279E-04 6.8340E-04 6.8355E-04 1.0385E-03 9.5057E-04 1.0535E-03 5.4926E-04 7.1270E-04 2.5183E-03 2.4482E-03 2.7276E-03 2.6186E-03 3.7729E-03 3.4653E-03 3.3043E-03 1.0587E-03 1.3217E-03 2.9383E-04 1.1550E-04 4.1414E-05 0
 0 1.4673E-04 6.6504E-05 1.1198E-04 4.3515E-04 6.9592E-04 6.4937E-04 9.3095E-04 1.1174E-03 1.0374E-03 4.9711E-04 8.7363E-04 2.4000E-03 2.2698E-03 2.6892E-03 2.3650E-03 3.4548E-03 3.3049E-03 3.4251E-03 1.1160E-03 9.4642E-04 2.4211E-04 1.1550E-04 4.4290E-05 0
 0 1.7236E-04 5.5719E-05 1.1795E-04 3.7619E-04 7.9855E-04 7.6045E-04 9.2174E-04 8.5929E-04 9.7274E-04 5.2492E-04 9.2728E-04 2.3113E-03 2.2286E-03 2.9293E-03 2.6868E-03 3.1710E-03 3.2904E-03 3.3461E-03 1.1609E-03 1.3739E-03 2.8677E-04 1.1400E-04 3.7963E-05 0
 0 1.7644E-04 6.5605E-05 1.0750E-04 4.3312E-04 7.3847E-04 6.4937E-04 8.9716E-04 1.0261E-03 9.6628E-04 4.5540E-04 9.4643E-04 2.4380E-03 2.0181E-03 3.0926E-03 2.5064E-03 3.2004E-03 3.4265E-03 3.1881E-03 1.3163E-03 1.1814E-03 2.4916E-04 7.6497E-05 4.4290E-05 0
 0 1.7867E-04 5.7517E-05 1.0451E-04 3.5585E-04 7.3347E-04 5.8386E-04 8.4800E-04 8.9077E-04 9.8890E-04 5.0059E-04 9.8475E-04 2.4972E-03 2.0867E-03 2.4395E-03 2.5259E-03 3.2738E-03 3.5480E-03 3.4344E-03 1.1200E-03 1.1683E-03 2.4446E-04 9.5997E-05 4.1414E-05 0
 0 1.7422E-04 6.2909E-05 8.9583E-05 4.2295E-04 7.6100E-04 6.8924E-04 9.4324E-04 1.2339E-03 1.0212E-03 4.6583E-04 8.6980E-04 2.4634E-03 2.0181E-03 2.3435E-03 2.4771E-03 3.2493E-03 3.3098E-03 3.0115E-03 1.1568E-03 1.1194E-03 2.2331E-04 1.3200E-04 3.7387E-05 0
 0 1.8127E-04 5.5719E-05 1.2094E-04 3.7822E-04 6.5086E-04 5.9241E-04 7.6197E-04 9.6946E-04 1.0083E-03 5.1102E-04 7.8550E-04 2.1845E-03 1.6977E-03 2.7949E-03 2.1894E-03 2.8872E-03 3.1348E-03 3.0301E-03 1.0628E-03 1.1324E-03 2.4446E-04 1.1850E-04 5.2918E-05 0
 0 1.5527E-04 5.3023E-05 1.2392E-04 3.6195E-04 6.7589E-04 5.2690E-04 8.9408E-04 9.6946E-04 9.0487E-04 3.9978E-04 8.6980E-04 2.1000E-03 2.1782E-03 2.3627E-03 2.1260E-03 3.2542E-03 3.4508E-03 2.9046E-03 9.6880E-04 1.2858E-03 2.3976E-04 1.1400E-04 5.0042E-05 0
 0 1.6344E-04 5.3023E-05 1.2243E-04 4.3719E-04 7.4098E-04 6.8639E-04 8.5414E-04 9.9464E-04 9.5012E-04 4.6930E-04 8.0849E-04 2.2268E-03 2.2835E-03 2.6316E-03 2.3162E-03 3.2640E-03 3.0619E-03 3.0673E-03 1.0996E-03 1.1031E-03 2.4681E-04 1.2900E-04 3.3936E-05 0
 0 1.6233E-04 8.0883E-05 1.3885E-04 3.7212E-04 7.2346E-04 5.9810E-04 8.4185E-04 1.1111E-03 1.0341E-03 4.8668E-04 9.3111E-04 2.1465E-03 2.0638E-03 2.6028E-03 2.3942E-03 2.8529E-03 3.2855E-03 3.0394E-03 1.0015E-03 1.1488E-03 2.8442E-04 1.0350E-04 3.6812E-05 0
 0 1.5156E-04 7.0997E-05 1.0153E-04 4.1889E-04 6.6087E-04 5.9526E-04 7.6504E-04 9.9779E-04 1.0148E-03 4.1020E-04 8.5831E-04 2.2183E-03 1.9815E-03 2.5259E-03 2.3357E-03 3.0780E-03 2.8141E-03 2.9836E-03 1.2427E-03 1.1455E-03 2.4211E-04 1.0950E-04 4.1414E-05 0
 0 1.7013E-04 6.0213E-05 1.0302E-04 3.3552E-04 6.2082E-04 6.7215E-04 8.7258E-04 9.7575E-04 1.0244E-03 3.8587E-04 7.8167E-04 2.2352E-03 1.9677E-03 2.5596E-03 2.0578E-03 3.1221E-03 2.7314E-03 2.7977E-03 9.6471E-04 1.1618E-03 2.5622E-04 7.6497E-05 4.2564E-05 0
 0 1.6307E-04 5.4821E-05 1.0750E-04 3.8635E-04 7.8854E-04 5.9241E-04 8.4185E-04 9.9464E-04 9.8890E-04 4.5540E-04 8.2382E-04 2.1042E-03 2.1004E-03 2.3819E-03 2.5503E-03 2.8431E-03 3.0522E-03 3.0859E-03 9.9332E-04 1.2336E-03 2.5387E-04 1.1550E-04 3.1635E-05 0
 0 1.7942E-04 7.1896E-05 1.2094E-04 4.0465E-04 9.2122E-04 5.7532E-04 8.3878E-04 9.6001E-04 1.0018E-03 4.0325E-04 7.9317E-04 2.2690E-03 2.1920E-03 2.5788E-03 2.4186E-03 2.9655E-03 3.1834E-03 3.0115E-03 1.0424E-03 1.0933E-03 2.5857E-04 9.8997E-05 4.3139E-05 0
 0 1.6047E-04 6.1112E-05 9.2569E-05 2.9891E-04 6.9592E-04 7.0918E-04 7.8962E-04 9.3483E-04 9.7597E-04 4.6235E-04 7.9700E-04 1.9986E-03 2.0867E-03 2.5980E-03 2.2089E-03 3.0095E-03 3.1105E-03 2.7001E-03 9.0339E-04 1.0900E-03 2.7502E-04 1.0350E-04 3.9113E-05 0
 0 1.5304E-04 5.7517E-05 1.0601E-04 3.4162E-04 6.9091E-04 6.6646E-04 8.0806E-04 9.8205E-04 8.5317E-04 4.2411E-04 6.7821E-04 2.0451E-03 1.9128E-03 2.3915E-03 2.0968E-03 2.7600E-03 2.6148E-03 2.8860E-03 9.6880E-04 1.1716E-03 2.1156E-04 1.1250E-04 4.0263E-05 0
 0 1.3818E-04 4.4935E-05 8.0625E-05 4.6362E-04 6.2583E-04 5.3544E-04 7.9269E-04 1.0198E-03 8.6286E-04 4.6235E-04 7.9700E-04 2.2352E-03 1.8213E-03 2.2042E-03 2.1699E-03 2.8823E-03 2.9890E-03 2.8070E-03 8.9113E-04 1.1488E-03 2.2331E-04 1.0200E-04 4.4865E-05 0
 0 1.6381E-04 5.7517E-05 1.0899E-04 3.4365E-04 6.7339E-04 6.8639E-04 8.8794E-04 9.4428E-04 8.1439E-04 5.0407E-04 6.9354E-04 2.0958E-03 1.9128E-03 2.4347E-03 1.9944E-03 2.5936E-03 2.8918E-03 2.8396E-03 9.5245E-04 1.1683E-03 1.9980E-04 9.2997E-05 3.3936E-05 0
 0 1.6753E-04 6.2909E-05 9.4062E-05 3.3348E-04 6.3334E-04 6.0665E-04 7.6811E-04 8.4670E-04 9.3073E-04 4.3454E-04 7.3569E-04 1.9606E-03 1.9220E-03 2.2186E-03 1.9993E-03 3.0144E-03 3.0231E-03 2.9650E-03 1.2386E-03 1.1651E-03 2.2566E-04 9.1497E-05 3.7387E-05 0
 0 1.7013E-04 5.6618E-05 1.0302E-04 3.5382E-04 6.4085E-04 6.5507E-04 8.3878E-04 8.9077E-04 9.2426E-04 5.5273E-04 8.0849E-04 1.9099E-03 1.8259E-03 2.0938E-03 2.2528E-03 2.7697E-03 3.0862E-03 2.7466E-03 9.8106E-04 1.2238E-03 2.4446E-04 8.0997E-05 2.9335E-05 0
 0 1.7793E-04 7.4592E-05 1.2542E-04 4.0059E-04 5.5824E-04 6.1519E-04 7.0052E-04 9.0336E-04 9.2749E-04 3.6849E-04 8.4681E-04 2.2394E-03 1.9037E-03 2.2474E-03 2.2723E-03 2.4370E-03 2.8529E-03 2.7931E-03 1.0138E-03 1.0965E-03 2.1156E-04 9.4497E-05 5.5793E-05 0
 0 1.7422E-04 5.1226E-05 1.0451E-04 4.0262E-04 6.1832E-04 6.4083E-04 8.4800E-04 9.1280E-04 9.7274E-04 4.3106E-04 7.5868E-04 1.9902E-03 1.9128E-03 2.1706E-03 1.8627E-03 2.4076E-03 2.8724E-03 2.8396E-03 8.7478E-04 9.6601E-04 1.8100E-04 1.0500E-04 4.0263E-05 0
 0 1.5973E-04 5.9314E-05 9.7049E-05 3.8635E-04 6.5086E-04 6.0380E-04 7.8655E-04 8.3096E-04 9.9859E-04 3.7544E-04 7.6251E-04 2.0451E-03 1.7755E-03 2.2666E-03 1.9115E-03 2.5300E-03 2.7800E-03 2.7699E-03 9.2792E-04 1.1324E-03 2.7502E-04 1.2300E-04 2.5884E-05 0
 0 1.6084E-04 6.7402E-05 9.5555E-05 3.5382E-04 6.4085E-04 5.6962E-04 8.0191E-04 8.6244E-04 8.2408E-04 3.0592E-04 7.8167E-04 2.0873E-03 1.7023E-03 2.0841E-03 2.1797E-03 2.7502E-03 2.7023E-03 2.5561E-03 8.6252E-04 1.0182E-03 2.2566E-04 8.3997E-05 4.3139E-05 0
 0 1.5527E-04 4.9428E-05 9.2569E-05 3.4975E-04 6.3834E-04 6.2658E-04 7.8655E-04 9.0336E-04 7.9823E-04 3.8587E-04 7.5102E-04 1.9563E-03 1.8076E-03 2.2858E-03 1.8822E-03 2.7306E-03 3.0036E-03 2.9418E-03 8.2981E-04 1.0215E-03 2.2566E-04 7.3498E-05 3.8538E-05 0
 0 1.6493E-04 7.1896E-05 1.1347E-04 3.1315E-04 6.7840E-04 5.3544E-04 7.5275E-04 8.7188E-04 8.8225E-04 3.2677E-04 6.0541E-04 2.0197E-03 1.9403E-03 2.0793E-03 2.0041E-03 2.6670E-03 2.4982E-03 2.5840E-03 9.5245E-04 1.0411E-03 2.1626E-04 8.5497E-05 4.0263E-05 0
 0 1.6196E-04 7.0997E-05 1.1646E-04 3.9042E-04 7.8604E-04 6.0095E-04 7.5890E-04 7.4598E-04 8.5640E-04 3.7544E-04 7.4335E-04 1.8887E-03 1.7527E-03 2.1610E-03 2.1358E-03 2.4517E-03 2.9890E-03 2.6955E-03 9.4018E-04 1.1063E-03 2.3271E-04 1.1250E-04 3.6237E-05 0
 0 1.6084E-04 5.2125E-05 7.9132E-05 3.9652E-04 6.3083E-04 5.0981E-04 6.9437E-04 8.4041E-04 7.6268E-04 3.1287E-04 5.6326E-04 1.8085E-03 1.6886E-03 2.2618E-03 1.6872E-03 2.6719E-03 2.8821E-03 2.5654E-03 7.4806E-04 1.0313E-03 1.5514E-04 7.7997E-05 3.0485E-05 0
 0 1.5118E-04 6.6504E-05 1.1049E-04 3.6602E-04 6.9842E-04 5.5538E-04 6.6058E-04 8.4985E-04 8.7256E-04 3.4068E-04 6.6289E-04 1.9437E-03 1.7298E-03 2.2186E-03 1.9505E-03 2.4125E-03 2.7023E-03 2.2586E-03 9.4427E-04 1.0802E-03 2.0215E-04 1.0950E-04 4.7166E-05 0
 0 1.4747E-04 5.3023E-05 1.0153E-04 3.2738E-04 6.8591E-04 5.1836E-04 6.9437E-04 8.5929E-04 8.0469E-04 3.8587E-04 6.4756E-04 2.0578E-03 1.6474E-03 1.9113E-03 1.8237E-03 2.4419E-03 2.5419E-03 2.5886E-03 7.7667E-04 1.1651E-03 2.4211E-04 8.9997E-05 3.8538E-05 0
 0 1.5824E-04 7.7288E-05 1.1795E-04 3.4365E-04 5.4822E-04 4.2722E-04 7.1281E-04 8.9077E-04 9.1780E-04 4.1020E-04 6.8588E-04 2.0282E-03 1.8167E-03 1.9977E-03 1.9310E-03 2.3783E-03 2.4739E-03 2.6583E-03 8.9522E-04 9.8232E-04 1.9275E-04 7.6497E-05 3.2786E-05 0
 0 1.6159E-04 6.5605E-05 1.0153E-04 3.6805E-04 6.1331E-04 4.6139E-04 7.6197E-04 7.3968E-04 9.0164E-04 3.8587E-04 6.6289E-04 1.8761E-03 1.7160E-03 1.8873E-03 1.9554E-03 2.5349E-03 2.5856E-03 2.6490E-03 8.7478E-04 9.5295E-04 2.5152E-04 6.4498E-05 3.6237E-05 0
 0 1.6344E-04 6.5605E-05 1.1049E-04 3.2738E-04 5.8077E-04 5.5253E-04 6.6365E-04 7.7431E-04 8.6286E-04 4.3106E-04 5.7093E-04 1.6775E-03 1.6657E-03 1.8248E-03 1.8579E-03 2.2706E-03 2.7655E-03 2.3981E-03 8.2164E-04 9.4969E-04 2.1391E-04 1.0800E-04 4.4865E-05 0
 0 1.4784E-04 6.3808E-05 1.1347E-04 3.3552E-04 6.0830E-04 5.5823E-04 7.4661E-04 8.6559E-04 6.1079E-04 3.5806E-04 6.5139E-04 1.8169E-03 1.7389E-03 2.1274E-03 1.6482E-03 2.2266E-03 2.1968E-03 2.4492E-03 8.9113E-04 9.5295E-04 1.7395E-04 7.9497E-05 3.0485E-05 0
 0 1.5453E-04 7.5491E-05 1.0750E-04 3.3145E-04 6.5336E-04 5.4399E-04 5.9913E-04 8.5929E-04 7.1420E-04 4.2063E-04 6.5906E-04 1.9521E-03 1.6154E-03 1.7624E-03 1.7506E-03 2.2559E-03 2.3961E-03 2.2540E-03 8.0120E-04 8.8115E-04 1.8805E-04 1.0650E-04 3.0485E-05 0
 0 1.7124E-04 4.4036E-05 8.0625E-05 3.1112E-04 6.1581E-04 4.3861E-04 7.3739E-04 6.8617E-04 8.4347E-04 3.9978E-04 6.8971E-04 1.9648E-03 1.3911E-03 1.8104E-03 1.9408E-03 2.2706E-03 2.6537E-03 2.4771E-03 7.6032E-04 1.0182E-03 1.8570E-04 1.1100E-04 3.3936E-05 0
 0 1.4970E-04 6.2010E-05 1.3437E-04 3.5788E-04 6.5086E-04 5.1266E-04 6.5751E-04 7.7431E-04 8.2408E-04 4.5887E-04 6.4756E-04 1.7873E-03 1.5879E-03 1.9497E-03 1.8140E-03 2.0944E-03 2.5905E-03 2.4213E-03 7.6032E-04 9.6274E-04 2.0685E-04 1.0800E-04 3.5662E-05 0
 0 1.5304E-04 5.1226E-05 8.9583E-05 3.3348E-04 6.5587E-04 4.7848E-04 7.2817E-04 8.1522E-04 6.9481E-04 2.9201E-04 5.0579E-04 1.8296E-03 1.4827E-03 1.8921E-03 1.5848E-03 2.1776E-03 2.4884E-03 2.2865E-03 7.7667E-04 1.0117E-03 2.5857E-04 4.4999E-05 2.2432E-05 0
 0 1.4673E-04 5.7517E-05 1.0003E-04 4.0465E-04 6.1331E-04 5.2405E-04 6.2678E-04 7.1450E-04 7.1097E-04 3.0592E-04 6.0924E-04 1.8845E-03 1.6291E-03 2.0457E-03 1.8237E-03 2.4272E-03 2.1677E-03 2.3888E-03 8.7887E-04 8.8115E-04 2.1156E-04 1.1100E-04 3.9113E-05 0
 0 1.5564E-04 5.1226E-05 8.6597E-05 3.8229E-04 4.7563E-04 4.3861E-04 7.0359E-04 7.5857E-04 8.4347E-04 3.5111E-04 6.4756E-04 1.7747E-03 1.4827E-03 1.6471E-03 1.7701E-03 2.0798E-03 2.2211E-03 2.2772E-03 8.0938E-04 9.3663E-04 1.9745E-04 1.0650E-04 3.7387E-05 0
 0 1.6010E-04 5.0327E-05 1.1198E-04 3.5382E-04 6.4085E-04 5.0981E-04 6.5136E-04 8.7503E-04 7.4006E-04 3.5458E-04 4.7130E-04 1.6141E-03 1.6794E-03 1.8104E-03 1.5311E-03 2.2853E-03 2.5662E-03 2.5282E-03 8.5434E-04 8.8115E-04 1.9745E-04 1.2000E-04 3.5662E-05 0
 0 1.6567E-04 5.9314E-05 8.5104E-05 3.8635E-04 6.3584E-04 4.6709E-04 5.9606E-04 7.4283E-04 8.9841E-04 2.7115E-04 5.2111E-04 1.8211E-03 1.5833E-03 2.0217E-03 1.6043E-03 1.8840E-03 2.2600E-03 2.1471E-03 6.7448E-04 8.9747E-04 2.2331E-04 1.0350E-04 3.8538E-05 0
 0 1.5007E-04 5.5719E-05 9.2569E-05 2.9891E-04 5.8077E-04 4.7563E-04 6.2064E-04 8.2782E-04 7.7561E-04 3.3720E-04 6.8205E-04 1.6437E-03 1.8213E-03 1.8969E-03 1.6921E-03 2.1678E-03 2.1531E-03 2.3981E-03 8.1755E-04 9.1705E-04 1.8805E-04 7.6497E-05 2.7034E-05 0
 0 1.4264E-04 3.2353E-05 7.3160E-05 3.5382E-04 6.4585E-04 5.0412E-04 6.3907E-04 7.2394E-04 6.9481E-04 2.5725E-04 4.8663E-04 1.7282E-03 1.4964E-03 2.0025E-03 1.7359E-03 2.2363E-03 2.3718E-03 2.1378E-03 8.7478E-04 9.1379E-04 1.9510E-04 1.1100E-04 3.2211E-05 0
 0 1.4970E-04 5.3922E-05 1.1795E-04 3.3145E-04 4.8314E-04 4.3291E-04 6.7287E-04 7.3024E-04 8.0469E-04 2.9896E-04 6.5139E-04 1.7113E-03 1.5376E-03 1.8729E-03 1.3263E-03 2.3538E-03 2.1239E-03 2.1750E-03 7.1536E-04 9.6927E-04 2.3741E-04 8.6997E-05 2.8184E-05 0
 0 1.6344E-04 6.9200E-05 7.3160E-05 3.5585E-04 6.3334E-04 5.5538E-04 5.9913E-04 6.9562E-04 6.6573E-04 3.1287E-04 5.0579E-04 1.5296E-03 1.3774E-03 1.7096E-03 1.4726E-03 2.3391E-03 2.2697E-03 2.2029E-03 6.9901E-04 9.7253E-04 1.9275E-04 7.1998E-05 2.9335E-05 0
 0 1.6084E-04 5.7517E-05 1.2243E-04 3.1722E-04 5.7576E-04 5.1551E-04 4.9774E-04 8.6559E-04 7.7561E-04 3.3373E-04 5.9392E-04 1.7071E-03 1.5010E-03 1.8440E-03 1.4482E-03 2.1042E-03 2.2600E-03 2.5886E-03 7.5623E-04 8.7789E-04 2.3036E-04 8.5497E-05 3.9113E-05 0
 0 1.5973E-04 6.3808E-05 9.2569E-05 3.0908E-04 5.5573E-04 4.9272E-04 6.0220E-04 7.0191E-04 7.3036E-04 4.3802E-04 5.5177E-04 1.6817E-03 1.3500E-03 1.9209E-03 1.6043E-03 2.0259E-03 2.4252E-03 2.1239E-03 6.5404E-04 8.7789E-04 2.0920E-04 8.6997E-05 4.0263E-05 0
 0 1.7607E-04 6.8301E-05 7.7639E-05 3.1518E-04 5.5323E-04 5.2120E-04 6.0220E-04 6.3266E-04 8.5640E-04 3.3720E-04 5.6709E-04 1.7493E-03 1.3637E-03 1.7624E-03 1.6774E-03 2.0602E-03 2.1239E-03 2.3098E-03 5.8864E-04 9.4969E-04 1.9980E-04 7.9497E-05 2.9335E-05 0
 0 1.5936E-04 5.4821E-05 8.5104E-05 3.0298E-04 6.0830E-04 3.9874E-04 6.3293E-04 7.0821E-04 5.8170E-04 3.1287E-04 6.4373E-04 1.5718E-03 1.2813E-03 1.6279E-03 1.7652E-03 2.0406E-03 2.1628E-03 2.0960E-03 6.7857E-04 9.0400E-04 2.3036E-04 9.1497E-05 3.7387E-05 0
 0 1.6233E-04 5.1226E-05 9.8542E-05 3.4772E-04 5.6324E-04 4.5000E-04 6.2064E-04 7.0506E-04 8.5317E-04 3.0939E-04 4.9812E-04 1.6056E-03 1.2493E-03 1.8056E-03 1.3849E-03 2.0798E-03 2.1677E-03 2.1610E-03 6.6630E-04 9.1052E-04 2.0920E-04 1.0200E-04 3.2211E-05 0
 0 1.4970E-04 5.3922E-05 1.0003E-04 2.7858E-04 4.6311E-04 4.8988E-04 5.8377E-04 7.0506E-04 7.5298E-04 3.6849E-04 5.3261E-04 1.4578E-03 1.3179E-03 1.7912E-03 1.3897E-03 1.9232E-03 2.2843E-03 1.9612E-03 6.9901E-04 8.3873E-04 2.3036E-04 9.8997E-05 4.7166E-05 0
 0 1.5193E-04 6.4706E-05 8.9583E-05 3.4365E-04 5.0817E-04 4.8418E-04 5.5919E-04 7.5542E-04 6.3341E-04 3.0939E-04 3.9467E-04 1.5592E-03 1.1166E-03 1.5895E-03 1.4044E-03 2.0944E-03 2.0802E-03 2.1192E-03 7.3988E-04 8.8442E-04 2.0215E-04 1.0200E-04 3.7387E-05 0
 0 1.5750E-04 6.7402E-05 1.0750E-04 3.0908E-04 5.7576E-04 3.9304E-04 6.8516E-04 6.9562E-04 7.9176E-04 2.6072E-04 4.8280E-04 1.5676E-03 1.4049E-03 1.6952E-03 1.4482E-03 1.9329E-03 1.8760E-03 2.2168E-03 6.7857E-04 8.6810E-04 1.8100E-04 8.6997E-05 3.0485E-05 0
 0 1.5639E-04 5.7517E-05 7.1667E-05 2.8671E-04 4.9816E-04 4.2152E-04 5.7455E-04 6.8932E-04 7.1420E-04 3.4068E-04 6.0158E-04 1.4409E-03 1.2950E-03 1.5271E-03 1.4044E-03 1.7666E-03 2.1725E-03 2.0960E-03 6.8266E-04 8.2894E-04 1.4809E-04 6.8998E-05 3.7387E-05 0
 0 1.5601E-04 4.9428E-05 8.2118E-05 3.1315E-04 5.3821E-04 4.5570E-04 5.5304E-04 7.6486E-04 7.9500E-04 3.0244E-04 5.4794E-04 1.6310E-03 1.3133E-03 1.4839E-03 1.4092E-03 1.7617E-03 2.0559E-03 2.2168E-03 6.4178E-04 8.2241E-04 1.6689E-04 1.0800E-04 3.9113E-05 0
 0 1.4487E-04 5.7517E-05 8.5104E-05 3.6398E-04 5.6575E-04 5.2690E-04 6.4829E-04 5.5083E-04 6.0109E-04 2.8506E-04 5.4027E-04 1.5592E-03 1.2905E-03 1.5127E-03 1.4044E-03 1.8204E-03 1.9635E-03 2.1099E-03 5.8864E-04 7.7672E-04 1.9275E-04 7.6497E-05 4.3714E-05 0
 0 1.5267E-04 6.5605E-05 8.3611E-05 2.7655E-04 4.9565E-04 4.3291E-04 5.6226E-04 7.5227E-04 6.2048E-04 1.9120E-04 5.7093E-04 1.6183E-03 1.3545E-03 1.5319E-03 1.5604E-03 2.0015E-03 2.2114E-03 2.0588E-03 6.2951E-04 8.1915E-04 1.9040E-04 7.6497E-05 3.0485E-05 0
 0 1.3744E-04 5.4821E-05 8.3611E-05 3.1112E-04 5.7075E-04 4.6709E-04 5.4075E-04 6.7673E-04 7.4652E-04 2.2596E-04 5.2111E-04 1.5254E-03 1.3820E-03 1.6712E-03 1.3605E-03 1.9427E-03 2.0024E-03 1.9287E-03 7.0718E-04 8.8442E-04 2.2331E-04 9.4497E-05 3.7963E-05 0
 0 1.5230E-04 4.0441E-05 7.3160E-05 3.0502E-04 5.6575E-04 4.1867E-04 5.6840E-04 6.2637E-04 5.3000E-04 2.8158E-04 4.0616E-04 1.5423E-03 1.3042E-03 1.3782E-03 1.3263E-03 1.8400E-03 1.8615E-03 2.0495E-03 6.0908E-04 7.8977E-04 1.3869E-04 7.4998E-05 3.1635E-05 0
 0 1.3781E-04 5.2125E-05 1.0750E-04 3.5382E-04 4.7062E-04 4.6424E-04 5.9298E-04 6.8932E-04 5.3646E-04 3.1287E-04 4.0999E-04 1.5338E-03 1.2950E-03 1.5895E-03 1.3751E-03 1.7910E-03 2.1385E-03 1.7056E-03 6.9083E-04 7.9304E-04 1.6454E-04 8.6997E-05 3.3361E-05 0
 0 1.5787E-04 6.8301E-05 8.5104E-05 2.8875E-04 5.2569E-04 4.1582E-04 6.2371E-04 6.8303E-04 6.4634E-04 2.8158E-04 5.2878E-04 1.4282E-03 1.2630E-03 1.7096E-03 1.3410E-03 1.5366E-03 1.7497E-03 1.8915E-03 6.3769E-04 8.2241E-04 1.6689E-04 8.8497E-05 3.9113E-05 0
 0 1.5007E-04 5.5719E-05 8.9583E-05 3.0908E-04 6.1331E-04 3.9589E-04 4.3629E-04 7.4913E-04 6.7542E-04 2.8506E-04 4.3682E-04 1.4916E-03 1.0800E-03 1.5799E-03 1.3751E-03 1.8351E-03 1.9295E-03 2.0727E-03 6.7039E-04 8.8115E-04 2.0215E-04 8.9997E-05 3.3936E-05 0
 0 1.3893E-04 3.7745E-05 6.8680E-05 2.8265E-04 5.3821E-04 4.1582E-04 5.9913E-04 6.7044E-04 6.8835E-04 3.2677E-04 5.4410E-04 1.5211E-03 1.2722E-03 1.6183E-03 1.2971E-03 1.9183E-03 1.7108E-03 1.8450E-03 5.3550E-04 7.8325E-04 1.9040E-04 6.1498E-05 4.1989E-05 0
 0 1.4413E-04 4.6732E-05 8.0625E-05 2.7045E-04 5.0567E-04 4.0443E-04 5.4382E-04 6.2637E-04 6.3018E-04 3.2330E-04 5.2878E-04 1.4451E-03 1.1669E-03 1.5511E-03 1.3263E-03 1.3898E-03 2.0413E-03 1.8683E-03 5.8455E-04 6.9840E-04 1.1988E-04 9.7497E-05 3.3936E-05 0
 0 1.3187E-04 5.1226E-05 8.0625E-05 2.3791E-04 4.9315E-04 3.8165E-04 5.8684E-04 6.5470E-04 6.7219E-04 2.6768E-04 5.0196E-04 1.6944E-03 1.1669E-03 1.5319E-03 1.2288E-03 1.7666E-03 1.7351E-03 2.0309E-03 5.8455E-04 7.4735E-04 1.7630E-04 1.1100E-04 4.0839E-05 0
 0 1.5973E-04 5.7517E-05 6.1215E-05 3.4772E-04 4.8314E-04 4.2152E-04 5.4075E-04 6.6099E-04 6.5603E-04 3.1287E-04 4.8663E-04 1.4028E-03 1.2813E-03 1.4791E-03 1.3556E-03 1.6883E-03 1.8760E-03 2.0960E-03 5.3958E-04 7.9956E-04 1.7865E-04 5.5498E-05 4.0263E-05 0
 0 1.4450E-04 3.5049E-05 6.8680E-05 2.8671E-04 5.5323E-04 4.9557E-04 5.6533E-04 5.8860E-04 6.4957E-04 2.5725E-04 4.0616E-04 1.2718E-03 1.1761E-03 1.3830E-03 1.2581E-03 1.7421E-03 1.8177E-03 1.8915E-03 6.9083E-04 7.6367E-04 1.5749E-04 5.9998E-05 2.6459E-05 0
 0 1.6567E-04 6.8301E-05 8.6597E-05 2.9078E-04 5.4572E-04 3.6741E-04 4.4858E-04 6.0748E-04 7.1097E-04 3.2677E-04 4.5214E-04 1.3394E-03 1.3362E-03 1.4214E-03 1.1215E-03 1.5170E-03 1.8712E-03 1.7614E-03 5.9272E-04 7.7019E-04 2.1626E-04 8.3997E-05 2.6459E-05 0
 0 1.5601E-04 6.1112E-05 8.6597E-05 2.5011E-04 5.2069E-04 4.5285E-04 5.3461E-04 7.3968E-04 6.2372E-04 2.3987E-04 4.7897E-04 1.4155E-03 1.0983E-03 1.3830E-03 1.2825E-03 1.6100E-03 1.7351E-03 1.7753E-03 6.2951E-04 7.6693E-04 1.5749E-04 7.6497E-05 2.1857E-05 0
 0 1.4933E-04 3.8644E-05 6.2708E-05 2.9688E-04 4.7312E-04 3.2753E-04 5.4690E-04 7.2080E-04 6.0109E-04 2.3291E-04 4.9429E-04 1.2718E-03 1.1669E-03 1.5319E-03 1.1313E-03 1.6344E-03 1.6962E-03 1.7660E-03 6.3769E-04 6.8534E-04 2.1861E-04 6.7498E-05 2.5884E-05 0
 0 1.6010E-04 5.3023E-05 6.8680E-05 3.1925E-04 4.9065E-04 3.6741E-04 4.9159E-04 6.2952E-04 6.9804E-04 1.9120E-04 4.8663E-04 1.4831E-03 1.1486E-03 1.2870E-03 1.1020E-03 1.5561E-03 1.6962E-03 2.0356E-03 6.0908E-04 6.9840E-04 1.7865E-04 8.0997E-05 3.9113E-05 0
 0 1.5453E-04 5.8415E-05 7.3160E-05 2.7655E-04 5.3070E-04 3.9589E-04 5.4997E-04 7.1135E-04 6.3018E-04 1.7382E-04 3.2186E-04 1.3014E-03 1.1852E-03 1.4166E-03 1.3702E-03 1.6295E-03 1.8809E-03 1.8264E-03 5.9272E-04 7.3429E-04 1.4104E-04 8.9997E-05 2.7034E-05 0
 0 1.3707E-04 3.8644E-05 7.3160E-05 2.5825E-04 5.5824E-04 4.0728E-04 5.8377E-04 6.5785E-04 6.2048E-04 2.0858E-04 4.1383E-04 1.2549E-03 1.0342E-03 1.3206E-03 9.5087E-04 1.3017E-03 1.5747E-03 1.6731E-03 6.2134E-04 7.5388E-04 1.7159E-04 7.4998E-05 2.3583E-05 0
 0 1.4264E-04 5.1226E-05 8.6597E-05 3.1518E-04 4.1054E-04 4.3006E-04 5.1310E-04 6.4211E-04 5.0738E-04 3.0939E-04 4.2915E-04 1.2887E-03 1.2127E-03 1.3014E-03 1.3605E-03 1.4876E-03 1.7448E-03 1.6080E-03 5.9681E-04 7.7019E-04 1.2458E-04 8.6997E-05 3.7387E-05 0
 0 1.5044E-04 6.0213E-05 7.0174E-05 2.4401E-04 5.9328E-04 4.4146E-04 5.4382E-04 6.4840E-04 6.7542E-04 3.2677E-04 3.7551E-04 1.2930E-03 9.8844E-04 1.3302E-03 1.2093E-03 1.4044E-03 1.6476E-03 1.9844E-03 6.4995E-04 8.1262E-04 1.7865E-04 6.4498E-05 3.0485E-05 0
 0 1.4376E-04 5.0327E-05 8.3611E-05 2.5215E-04 4.8063E-04 3.2184E-04 5.9913E-04 7.1135E-04 4.7829E-04 2.1553E-04 4.5597E-04 1.2761E-03 1.1806E-03 1.4214E-03 1.0094E-03 1.4632E-03 1.5164E-03 1.3803E-03 4.8236E-04 6.8534E-04 1.5749E-04 9.1497E-05 2.7609E-05 0
 0 1.5527E-04 5.3023E-05 1.0899E-04 2.0131E-04 4.7563E-04 3.1899E-04 5.6840E-04 5.3194E-04 5.8494E-04 2.5029E-04 3.4102E-04 1.2761E-03 1.2310E-03 1.3542E-03 1.2044E-03 1.3310E-03 1.6233E-03 1.7428E-03 5.3141E-04 5.8091E-04 1.4339E-04 6.7498E-05 3.5662E-05 0
 0 1.4524E-04 4.5834E-05 5.6736E-05 2.1554E-04 4.6812E-04 3.8734E-04 4.5472E-04 5.7286E-04 5.5262E-04 1.9467E-04 4.2149E-04 1.2972E-03 1.1349E-03 1.3926E-03 1.0289E-03 1.6149E-03 1.7011E-03 1.9426E-03 5.8864E-04 6.7555E-04 1.3398E-04 8.5497E-05 3.7963E-05 0
 0 1.5824E-04 5.1226E-05 6.5694E-05 3.0502E-04 5.6074E-04 3.4747E-04 5.1924E-04 6.5155E-04 5.1061E-04 1.9815E-04 4.8280E-04 1.4366E-03 1.2539E-03 1.2774E-03 1.2093E-03 1.5708E-03 1.5504E-03 1.5569E-03 5.4776E-04 6.6576E-04 1.5749E-04 8.9997E-05 3.4511E-05 0
 0 1.4487E-04 3.8644E-05 8.8090E-05 2.6028E-04 5.3571E-04 4.5285E-04 4.6701E-04 4.7529E-04 5.5908E-04 2.4334E-04 4.6747E-04 1.2634E-03 9.9759E-04 1.2294E-03 1.1362E-03 1.4925E-03 1.5504E-03 1.8868E-03 4.5783E-04 7.4082E-04 1.4339E-04 7.1998E-05 3.7963E-05 0
 0 1.5750E-04 4.4935E-05 6.7187E-05 2.1961E-04 4.4809E-04 3.3893E-04 5.3153E-04 5.8860E-04 5.3000E-04 1.8424E-04 4.0233E-04 1.2972E-03 1.2081E-03 1.2534E-03 9.3624E-04 1.3115E-03 1.9295E-03 1.8264E-03 5.3141E-04 6.5271E-04 2.2566E-04 1.0500E-04 2.5884E-05 0
 0 1.5304E-04 4.5834E-05 9.1076E-05 2.7045E-04 4.5059E-04 3.5032E-04 4.4858E-04 5.8860E-04 5.5585E-04 1.8424E-04 4.1766E-04 1.2465E-03 1.0434E-03 1.2966E-03 1.0825E-03 1.3457E-03 1.5310E-03 1.7614E-03 4.7827E-04 7.0492E-04 1.5044E-04 8.8497E-05 3.1060E-05 0
 0 1.5118E-04 6.1112E-05 8.9583E-05 2.5011E-04 4.6311E-04 3.9589E-04 5.2539E-04 5.8860E-04 6.2048E-04 2.7811E-04 3.7934E-04 1.2845E-03 1.0067E-03 1.2342E-03 1.0581E-03 1.5170E-03 1.6719E-03 1.5894E-03 4.9462E-04 7.5061E-04 1.5749E-04 5.6998E-05 3.1060E-05 0
 0 1.5230E-04 5.4821E-05 5.9722E-05 2.9281E-04 3.8050E-04 3.5032E-04 4.5472E-04 5.5083E-04 4.6859E-04 2.9549E-04 3.7551E-04 1.2338E-03 8.7861E-04 1.3494E-03 1.2337E-03 1.3653E-03 1.5261E-03 1.7846E-03 5.5593E-04 7.7998E-04 1.9980E-04 4.7998E-05 2.7609E-05 0
 0 1.4524E-04 4.2239E-05 6.5694E-05 2.2368E-04 4.5059E-04 3.7880E-04 4.4858E-04 6.1063E-04 5.0414E-04 2.0510E-04 3.8317E-04 1.2718E-03 1.1532E-03 1.2486E-03 9.7038E-04 1.5953E-03 1.7157E-03 1.7800E-03 4.6600E-04 6.6902E-04 1.1988E-04 9.5997E-05 3.6237E-05 0
 0 1.4376E-04 4.6732E-05 7.0174E-05 2.4808E-04 5.3070E-04 2.9620E-04 4.7623E-04 5.6657E-04 4.6859E-04 2.0858E-04 3.2953E-04 1.2380E-03 9.7471E-04 1.3302E-03 1.0581E-03 1.2821E-03 1.5067E-03 1.2966E-03 5.5185E-04 5.5806E-04 1.8335E-04 4.7998E-05 3.0485E-05 0
 0 1.6381E-04 4.3138E-05 6.7187E-05 2.6638E-04 4.4809E-04 3.5032E-04 4.7316E-04 6.2952E-04 4.8799E-04 2.1206E-04 4.0233E-04 1.2845E-03 8.0997E-04 1.3350E-03 9.5575E-04 1.2283E-03 1.5261E-03 1.6684E-03 3.9242E-04 6.4944E-04 1.4809E-04 8.0997E-05 4.0263E-05 0
 0 1.4450E-04 4.8530E-05 7.0174E-05 2.5621E-04 4.7312E-04 3.3323E-04 3.6562E-04 5.1306E-04 5.0414E-04 2.1901E-04 3.3336E-04 1.1789E-03 1.0159E-03 1.1237E-03 9.6550E-04 1.2185E-03 1.6476E-03 1.5801E-03 5.0279E-04 5.9070E-04 1.4104E-04 4.3499E-05 2.6459E-05 0
 0 1.4153E-04 6.2010E-05 8.0625E-05 2.3384E-04 4.4809E-04 3.2753E-04 4.9467E-04 5.3194E-04 5.0414E-04 2.1553E-04 3.4102E-04 1.0817E-03 1.0617E-03 1.2486E-03 9.8500E-04 1.2332E-03 1.5018E-03 1.4732E-03 4.3330E-04 7.7998E-04 1.5514E-04 7.9497E-05 3.2786E-05 0
 0 1.4450E-04 8.2680E-05 6.2708E-05 2.1351E-04 4.8063E-04 4.3006E-04 4.1171E-04 4.5325E-04 5.4939E-04 2.0858E-04 4.0999E-04 1.0563E-03 9.9759E-04 9.1241E-04 1.0972E-03 1.2479E-03 1.4386E-03 1.6545E-03 5.1097E-04 6.5923E-04 1.2928E-04 4.0499E-05 2.9910E-05 0
 0 1.5787E-04 5.5719E-05 6.5694E-05 2.6435E-04 4.2056E-04 3.3038E-04 4.9467E-04 5.0361E-04 4.8475E-04 2.3987E-04 3.7551E-04 1.0606E-03 1.0388E-03 1.2005E-03 1.1362E-03 1.3898E-03 1.5261E-03 1.5429E-03 5.1097E-04 6.5271E-04 1.7630E-04 7.9497E-05 3.8538E-05 0
 0 1.4116E-04 5.3922E-05 7.9132E-05 2.3995E-04 5.0066E-04 4.0158E-04 4.7009E-04 6.3266E-04 5.1707E-04 2.0163E-04 2.8355E-04 1.1535E-03 1.1211E-03 1.2150E-03 1.0386E-03 1.1500E-03 1.6039E-03 1.4918E-03 3.4746E-04 6.1354E-04 1.8570E-04 7.6497E-05 3.3361E-05 0
 0 1.4153E-04 5.9314E-05 6.8680E-05 2.3384E-04 4.6311E-04 3.5601E-04 5.2232E-04 5.0047E-04 5.1707E-04 1.8424E-04 3.5252E-04 1.0901E-03 8.6946E-04 1.2486E-03 1.0484E-03 1.3506E-03 1.6476E-03 1.4407E-03 6.6222E-04 6.6576E-04 1.4574E-04 6.1498E-05 3.6237E-05 0
 0 1.5787E-04 4.6732E-05 7.6146E-05 2.0131E-04 4.5560E-04 2.8196E-04 3.7177E-04 4.9417E-04 5.9463E-04 1.9815E-04 2.8738E-04 1.0014E-03 7.5963E-04 1.2438E-03 9.2161E-04 1.2332E-03 1.4629E-03 1.5569E-03 4.1695E-04 6.5271E-04 1.7395E-04 6.2998E-05 3.8538E-05 0
 0 1.2964E-04 3.9543E-05 7.0174E-05 2.1554E-04 3.7299E-04 3.7310E-04 5.0696E-04 4.7214E-04 4.4597E-04 1.4601E-04 2.8355E-04 1.0986E-03 1.0571E-03 1.1765E-03 9.8500E-04 1.3213E-03 1.4775E-03 1.4035E-03 4.7418E-04 6.1028E-04 1.9040E-04 6.7498E-05 3.9113E-05 0
 0 1.4747E-04 2.9657E-05 6.1215E-05 2.2571E-04 4.2056E-04 2.6203E-04 4.9467E-04 5.2565E-04 5.0091E-04 1.5296E-04 2.1458E-04 1.2127E-03 1.0067E-03 1.0133E-03 9.4599E-04 1.3261E-03 1.3074E-03 1.4546E-03 4.7009E-04 5.9070E-04 1.1988E-04 7.3498E-05 3.3361E-05 0
 0 1.5193E-04 3.6847E-05 7.6146E-05 2.1961E-04 4.5310E-04 2.9905E-04 4.2093E-04 4.5640E-04 5.4616E-04 1.3210E-04 3.7168E-04 1.1493E-03 9.6098E-04 1.0565E-03 8.6310E-04 1.2185E-03 1.2782E-03 1.5801E-03 4.3739E-04 6.8534E-04 1.0813E-04 7.9497E-05 2.7609E-05 0
 0 1.3187E-04 4.3138E-05 5.9722E-05 2.3588E-04 4.0554E-04 3.1899E-04 4.6087E-04 5.6027E-04 5.5585E-04 1.6686E-04 3.3336E-04 1.1028E-03 8.6946E-04 1.0565E-03 9.3137E-04 1.2430E-03 1.3025E-03 1.5290E-03 4.3330E-04 6.4618E-04 1.4339E-04 6.5998E-05 2.7034E-05 0
 0 1.4413E-04 4.4935E-05 6.1215E-05 2.4198E-04 4.1805E-04 2.8766E-04 3.8406E-04 5.0361E-04 4.2012E-04 1.7382E-04 3.3336E-04 1.2296E-03 9.5183E-04 1.0517E-03 8.2896E-04 1.3164E-03 1.4289E-03 1.6080E-03 3.4746E-04 6.4292E-04 1.3634E-04 8.3997E-05 3.3936E-05 0
 0 1.4376E-04 5.3023E-05 6.1215E-05 2.6435E-04 4.5810E-04 2.8766E-04 4.8238E-04 3.9660E-04 4.1042E-04 1.9120E-04 3.4485E-04 1.1873E-03 8.6031E-04 9.2202E-04 1.0923E-03 1.2576E-03 1.3317E-03 1.4035E-03 4.9871E-04 6.6902E-04 1.1048E-04 7.4998E-05 2.9335E-05 0
 0 1.3818E-04 4.0441E-05 4.4792E-05 1.8504E-04 4.4559E-04 3.1899E-04 4.1171E-04 5.6027E-04 5.6878E-04 1.2862E-04 3.1803E-04 1.0944E-03 9.9302E-04 1.1141E-03 9.7525E-04 1.2968E-03 1.5504E-03 1.1711E-03 4.9053E-04 6.0375E-04 1.1283E-04 5.2498E-05 2.8184E-05 0
 0 1.4041E-04 5.7517E-05 5.8229E-05 2.5825E-04 4.1305E-04 2.9905E-04 4.0249E-04 5.0361E-04 5.6555E-04 1.9815E-04 3.1037E-04 1.0056E-03 8.2370E-04 9.7965E-04 7.8995E-04 1.0423E-03 1.4289E-03 1.6452E-03 4.7009E-04 6.9513E-04 1.1753E-04 6.5998E-05 3.3936E-05 0
 0 1.5230E-04 4.3138E-05 7.7639E-05 2.1758E-04 3.8801E-04 2.9905E-04 5.1003E-04 4.7214E-04 4.2658E-04 1.3905E-04 2.5289E-04 1.1493E-03 1.0617E-03 1.1045E-03 7.4607E-04 1.2527E-03 1.3706E-03 1.5848E-03 3.8425E-04 5.7438E-04 1.2693E-04 5.2498E-05 2.9335E-05 0
 0 1.4710E-04 3.8644E-05 5.9722E-05 2.3384E-04 4.8564E-04 4.3291E-04 4.4858E-04 4.7843E-04 5.6231E-04 1.2862E-04 2.6439E-04 1.0690E-03 8.7861E-04 9.9885E-04 6.7780E-04 1.1647E-03 1.4483E-03 1.5243E-03 4.3739E-04 6.4944E-04 1.2458E-04 7.1998E-05 1.8981E-05 0
 0 1.2295E-04 6.2909E-05 9.5555E-05 1.7691E-04 4.6812E-04 3.0475E-04 4.0864E-04 4.9732E-04 4.6859E-04 2.4682E-04 2.7972E-04 9.5071E-04 8.9692E-04 9.5083E-04 6.6805E-04 1.0815E-03 1.1033E-03 1.4082E-03 3.5972E-04 7.3756E-04 1.7630E-04 9.2997E-05 3.7387E-05 0
 0 1.5564E-04 5.0327E-05 6.8680E-05 2.3995E-04 3.5046E-04 2.8481E-04 4.1478E-04 4.1233E-04 4.4274E-04 1.6339E-04 3.1037E-04 1.0225E-03 6.8184E-04 1.0277E-03 7.8020E-04 1.2772E-03 1.2734E-03 1.3152E-03 5.0279E-04 7.6367E-04 1.1518E-04 8.5497E-05 3.1635E-05 0
 0 1.4896E-04 4.6732E-05 7.6146E-05 2.0741E-04 3.6298E-04 3.0190E-04 4.0556E-04 5.2565E-04 5.3969E-04 1.6686E-04 2.7972E-04 1.1197E-03 6.8642E-04 1.0469E-03 7.5582E-04 1.0619E-03 1.3949E-03 1.4407E-03 4.0878E-04 6.7555E-04 1.5984E-04 5.2498E-05 2.8760E-05 0
 0 1.3670E-04 3.6847E-05 4.0312E-05 2.2978E-04 4.0804E-04 2.6487E-04 4.4243E-04 5.2565E-04 5.2030E-04 1.5991E-04 3.8700E-04 1.0437E-03 7.0472E-04 9.8445E-04 8.9236E-04 1.0472E-03 1.2734E-03 1.5058E-03 4.0060E-04 5.7764E-04 1.4809E-04 7.7997E-05 3.4511E-05 0
 0 1.3150E-04 4.4935E-05 8.0625E-05 2.2774E-04 4.8814E-04 2.7627E-04 3.4411E-04 4.4381E-04 4.7506E-04 1.8772E-04 2.4523E-04 1.1282E-03 8.8319E-04 8.6439E-04 8.1434E-04 9.2488E-04 1.3268E-03 1.3663E-03 3.6790E-04 6.3312E-04 1.8335E-04 5.6998E-05 3.9688E-05 0
 0 1.5861E-04 2.8758E-05 7.4653E-05 2.4198E-04 3.8801E-04 2.5348E-04 4.0864E-04 4.1548E-04 4.0396E-04 1.7034E-04 4.1766E-04 1.0690E-03 8.5116E-04 1.0277E-03 7.0218E-04 9.8849E-04 1.2296E-03 1.3663E-03 4.3330E-04 5.0585E-04 1.3869E-04 4.6498E-05 3.6812E-05 0
 0 1.4227E-04 3.3252E-05 5.6736E-05 2.3588E-04 4.5560E-04 2.9336E-04 3.4411E-04 3.9345E-04 4.4274E-04 1.4948E-04 3.3719E-04 1.0437E-03 9.1065E-04 8.7880E-04 8.2896E-04 1.1059E-03 1.3463E-03 1.3896E-03 3.9242E-04 5.2216E-04 1.4809E-04 3.4499E-05 2.4733E-05 0
 0 1.3150E-04 5.8415E-05 5.2257E-05 1.5454E-04 4.0804E-04 3.7880E-04 4.6087E-04 3.7771E-04 4.3951E-04 1.1819E-04 2.4523E-04 1.0141E-03 6.4066E-04 8.3078E-04 7.2169E-04 1.0227E-03 1.3609E-03 1.4407E-03 3.8834E-04 5.0585E-04 1.1753E-04 5.8498E-05 2.7609E-05 0
 0 1.3707E-04 4.9428E-05 5.6736E-05 2.5621E-04 3.7800E-04 2.5063E-04 3.7484E-04 4.4066E-04 5.3323E-04 1.7034E-04 2.4523E-04 9.6761E-04 7.3218E-04 9.4603E-04 7.3144E-04 1.0179E-03 1.1908E-03 1.2455E-03 3.6790E-04 5.7764E-04 1.0343E-04 6.2998E-05 4.2564E-05 0
 0 1.4450E-04 4.6732E-05 6.1215E-05 2.5215E-04 3.5547E-04 2.1930E-04 3.2875E-04 4.5640E-04 3.6841E-04 1.4948E-04 3.6018E-04 1.0141E-03 8.5573E-04 8.2598E-04 7.3144E-04 1.0276E-03 1.2928E-03 1.4221E-03 4.3739E-04 5.5806E-04 1.3869E-04 7.6497E-05 2.4733E-05 0
 0 1.3224E-04 5.3023E-05 5.2257E-05 2.3995E-04 4.9315E-04 3.3038E-04 3.6255E-04 4.8473E-04 4.8152E-04 1.3905E-04 3.1037E-04 9.4648E-04 8.2828E-04 9.6524E-04 7.1193E-04 1.0864E-03 1.1179E-03 1.2130E-03 2.7797E-04 5.4175E-04 1.2693E-04 7.4998E-05 2.8184E-05 0
 0 1.4190E-04 4.0441E-05 6.7187E-05 2.0538E-04 4.1305E-04 2.5063E-04 3.8098E-04 4.3437E-04 4.0396E-04 1.3905E-04 2.6439E-04 9.7184E-04 7.7336E-04 1.0421E-03 7.1193E-04 1.0423E-03 1.1373E-03 1.3385E-03 3.8016E-04 5.0911E-04 1.4104E-04 5.0998E-05 2.9335E-05 0
 0 1.4004E-04 4.5834E-05 5.2257E-05 2.1758E-04 4.3307E-04 3.5032E-04 4.0556E-04 4.6899E-04 4.4274E-04 9.0384E-05 3.1420E-04 1.0986E-03 8.6946E-04 9.1241E-04 8.0946E-04 1.1059E-03 1.1324E-03 1.2780E-03 2.8206E-04 5.5480E-04 1.1753E-04 5.3998E-05 3.2211E-05 0
 0 1.3595E-04 4.8530E-05 8.3611E-05 2.2368E-04 4.3808E-04 2.4494E-04 3.7484E-04 5.0361E-04 3.1671E-04 1.2862E-04 3.3336E-04 8.7043E-04 6.9099E-04 9.5563E-04 7.9971E-04 9.3467E-04 1.1519E-03 1.3385E-03 3.1476E-04 6.0702E-04 1.0813E-04 6.5998E-05 3.5662E-05 0
 0 1.4004E-04 4.4935E-05 3.2847E-05 2.1351E-04 3.8551E-04 2.9905E-04 3.6255E-04 5.1935E-04 4.0073E-04 1.1472E-04 3.3719E-04 8.7043E-04 6.9099E-04 7.5874E-04 7.9483E-04 1.0472E-03 1.2782E-03 1.1200E-03 2.9023E-04 5.2543E-04 8.9323E-05 6.8998E-05 1.9556E-05 0
 0 1.4598E-04 3.4151E-05 4.4792E-05 2.3588E-04 4.2306E-04 2.3070E-04 4.1478E-04 4.1548E-04 3.8457E-04 1.6686E-04 2.7588E-04 9.8451E-04 7.3675E-04 8.4518E-04 8.1921E-04 9.9828E-04 1.2394E-03 1.2687E-03 3.6381E-04 5.2216E-04 1.3163E-04 6.4498E-05 2.6459E-05 0
 0 1.3744E-04 5.1226E-05 5.3750E-05 1.9521E-04 3.8301E-04 2.5063E-04 2.9496E-04 3.6197E-04 4.0719E-04 1.1124E-04 2.4523E-04 8.2817E-04 7.8709E-04 9.0761E-04 7.1193E-04 1.1402E-03 1.1422E-03 1.2641E-03 3.7199E-04 5.7764E-04 1.1988E-04 5.6998E-05 3.3936E-05 0
 0 1.4450E-04 4.5834E-05 5.9722E-05 1.9724E-04 3.8301E-04 3.3323E-04 4.1785E-04 3.4938E-04 4.2335E-04 1.4948E-04 2.7205E-04 9.2958E-04 6.9557E-04 7.5394E-04 7.1193E-04 9.3956E-04 1.1665E-03 1.1897E-03 2.6979E-04 5.9723E-04 1.4104E-04 4.4999E-05 3.4511E-05 0
 0 1.3373E-04 4.5834E-05 7.1667E-05 1.9928E-04 4.1555E-04 2.9620E-04 3.9327E-04 3.9345E-04 4.1366E-04 1.7034E-04 2.5289E-04 8.7465E-04 7.2303E-04 8.3078E-04 8.4847E-04 9.7381E-04 9.9634E-04 1.1851E-03 4.2104E-04 4.8953E-04 1.2928E-04 6.5998E-05 2.9910E-05 0
 0 1.5193E-04 3.8644E-05 6.4201E-05 1.9928E-04 4.0804E-04 2.0791E-04 3.6869E-04 5.1935E-04 3.2963E-04 9.0384E-05 2.1074E-04 9.2958E-04 7.0930E-04 7.9716E-04 7.0218E-04 9.5424E-04 1.0692E-03 1.0689E-03 2.9023E-04 4.4384E-04 1.0108E-04 8.5497E-05 3.2786E-05 0
 0 1.5304E-04 4.1340E-05 5.2257E-05 2.2368E-04 3.7800E-04 2.6203E-04 3.4411E-04 4.1233E-04 4.1689E-04 1.3210E-04 2.2990E-04 1.0268E-03 8.0540E-04 9.0281E-04 5.6565E-04 9.5424E-04 1.0887E-03 1.0178E-03 3.8016E-04 4.6668E-04 1.0813E-04 6.4498E-05 2.8184E-05 0
 0 1.2258E-04 4.5834E-05 6.7187E-05 2.2774E-04 4.1054E-04 2.6203E-04 4.1171E-04 4.1233E-04 3.0055E-04 1.4253E-04 2.5673E-04 9.7184E-04 7.5506E-04 9.1241E-04 5.9978E-04 7.7807E-04 9.3802E-04 1.0643E-03 2.9023E-04 5.8744E-04 1.1753E-04 8.5497E-05 2.1857E-05 0
 0 1.2778E-04 3.9543E-05 5.3750E-05 2.0538E-04 4.3057E-04 2.3639E-04 2.9803E-04 3.5568E-04 3.8780E-04 1.4948E-04 3.2570E-04 1.0648E-03 6.9099E-04 7.7315E-04 6.5342E-04 9.1998E-04 1.0012E-03 1.3199E-03 3.3111E-04 4.9932E-04 8.9323E-05 4.4999E-05 3.5087E-05 0
 0 1.3856E-04 2.9657E-05 7.0174E-05 1.9318E-04 3.6048E-04 2.9620E-04 3.8713E-04 4.4381E-04 4.5244E-04 1.1124E-04 1.8775E-04 9.1691E-04 6.1777E-04 8.4038E-04 7.1193E-04 1.0276E-03 1.0109E-03 1.2083E-03 4.1286E-04 6.4292E-04 1.1283E-04 5.3998E-05 3.3936E-05 0
 0 1.3484E-04 3.9543E-05 5.9722E-05 2.3181E-04 4.4058E-04 2.5633E-04 2.9188E-04 4.1233E-04 4.3628E-04 1.6339E-04 2.6822E-04 8.0705E-04 6.5896E-04 8.6439E-04 7.1681E-04 8.5637E-04 1.0984E-03 1.0921E-03 2.7797E-04 5.8091E-04 1.3163E-04 5.8498E-05 2.4158E-05 0
 0 1.4561E-04 2.6062E-05 5.8229E-05 1.6471E-04 4.3558E-04 4.1013E-04 3.1032E-04 4.1863E-04 2.6500E-04 1.2515E-04 2.2607E-04 9.3803E-04 6.7269E-04 7.3473E-04 7.7533E-04 8.6126E-04 8.5054E-04 1.2594E-03 3.6381E-04 4.7974E-04 1.1753E-04 6.4498E-05 3.1060E-05 0
 0 1.5379E-04 3.2353E-05 6.5694E-05 1.4437E-04 4.0804E-04 2.9336E-04 3.9327E-04 4.2807E-04 3.1671E-04 1.3558E-04 1.9925E-04 1.0775E-03 6.1320E-04 7.8756E-04 6.1441E-04 9.8849E-04 8.9914E-04 1.0875E-03 2.6979E-04 5.7112E-04 1.0343E-04 4.1999E-05 3.7387E-05 0
 0 1.5453E-04 2.6062E-05 7.1667E-05 2.0131E-04 3.0540E-04 2.2500E-04 3.6562E-04 3.2735E-04 3.2963E-04 1.1124E-04 2.8355E-04 9.0423E-04 8.0997E-04 6.8191E-04 7.0706E-04 7.1446E-04 1.0790E-03 1.0643E-03 2.8206E-04 5.4175E-04 1.0578E-04 5.5498E-05 2.8184E-05 0
 0 1.3150E-04 3.3252E-05 7.6146E-05 1.9521E-04 4.4308E-04 2.7911E-04 3.6255E-04 4.1548E-04 4.2658E-04 1.4253E-04 2.2990E-04 7.9860E-04 7.7794E-04 7.0592E-04 6.3879E-04 9.3467E-04 1.0401E-03 1.1200E-03 3.3520E-04 5.3848E-04 1.1518E-04 6.4498E-05 2.8184E-05 0
 0 1.4487E-04 4.3138E-05 4.4792E-05 2.2774E-04 3.6298E-04 2.5348E-04 3.2261E-04 4.3437E-04 4.7506E-04 1.7729E-04 1.8392E-04 8.3662E-04 6.4523E-04 8.1637E-04 4.6324E-04 9.8849E-04 1.0644E-03 9.8060E-04 4.5374E-04 5.4175E-04 1.2928E-04 6.8998E-05 4.4865E-05 0
 0 1.4041E-04 4.9428E-05 4.3299E-05 1.8911E-04 3.7299E-04 2.7911E-04 3.3797E-04 4.0289E-04 2.9408E-04 1.4948E-04 2.6439E-04 8.6620E-04 6.4981E-04 7.1553E-04 5.5102E-04 9.0530E-04 1.1470E-03 1.1014E-03 3.4337E-04 5.1237E-04 1.3869E-04 5.9998E-05 3.3936E-05 0
 0 1.5081E-04 3.6847E-05 6.8680E-05 2.0741E-04 3.9302E-04 2.2500E-04 3.7791E-04 3.9345E-04 3.8134E-04 1.0777E-04 2.7588E-04 8.7465E-04 7.7794E-04 7.4914E-04 6.4367E-04 7.3403E-04 8.8456E-04 1.1665E-03 3.1476E-04 5.9070E-04 1.1283E-04 8.3997E-05 2.5308E-05 0
 0 1.4116E-04 3.8644E-05 5.6736E-05 2.0538E-04 4.2807E-04 3.0190E-04 3.5948E-04 4.0919E-04 3.4902E-04 1.3558E-04 1.4177E-04 8.6198E-04 5.9489E-04 8.6920E-04 5.2176E-04 8.4169E-04 9.5746E-04 9.8060E-04 2.6162E-04 6.2333E-04 1.4339E-04 5.0998E-05 2.5308E-05 0
 0 1.3521E-04 4.0441E-05 4.1806E-05 2.0334E-04 2.7536E-04 2.7057E-04 3.5026E-04 3.7142E-04 3.1994E-04 9.0384E-05 2.2224E-04 7.6057E-04 6.2235E-04 8.3078E-04 6.4367E-04 8.1233E-04 1.1519E-03 9.8525E-04 3.2702E-04 4.6342E-04 1.4574E-04 5.8498E-05 3.1060E-05 0
 0 1.4673E-04 3.0556E-05 7.3160E-05 1.9928E-04 3.4546E-04 2.4494E-04 2.5501E-04 3.8715E-04 3.7488E-04 1.1472E-04 1.8392E-04 8.5775E-04 5.5829E-04 8.3558E-04 5.3639E-04 8.7594E-04 1.0984E-03 1.1758E-03 3.1476E-04 4.6016E-04 1.2223E-04 4.9498E-05 2.4733E-05 0
 0 1.3744E-04 4.8530E-05 7.1667E-05 1.8708E-04 3.4796E-04 2.6487E-04 3.5333E-04 3.2735E-04 3.3933E-04 1.1124E-04 3.1420E-04 8.6198E-04 5.5829E-04 7.2033E-04 6.1441E-04 6.7041E-04 1.0595E-03 1.0550E-03 3.9242E-04 5.9723E-04 1.0578E-04 4.0499E-05 2.9335E-05 0
 0 1.2630E-04 5.1226E-05 6.1215E-05 1.7284E-04 3.9052E-04 2.1930E-04 3.0417E-04 3.6827E-04 3.7811E-04 2.1206E-04 2.1074E-04 7.6057E-04 5.2168E-04 8.0196E-04 5.7052E-04 9.1509E-04 1.0012E-03 1.1107E-03 2.9023E-04 4.6342E-04 8.6973E-05 5.5498E-05 2.8760E-05 0
 0 1.3038E-04 4.4036E-05 6.8680E-05 1.8911E-04 3.3544E-04 2.0506E-04 3.3490E-04 4.1548E-04 3.7488E-04 9.3860E-05 1.9925E-04 7.0986E-04 7.4133E-04 7.5394E-04 5.3151E-04 9.0041E-04 8.6026E-04 1.1340E-03 3.3520E-04 4.8300E-04 1.1753E-04 6.1498E-05 2.5308E-05 0
 0 1.3856E-04 3.1454E-05 5.2257E-05 1.4641E-04 3.8301E-04 2.8196E-04 3.1646E-04 4.0604E-04 3.5225E-04 1.2515E-04 2.0691E-04 8.7043E-04 6.3150E-04 5.3784E-04 6.2904E-04 7.2914E-04 1.1373E-03 1.0317E-03 2.8614E-04 5.4501E-04 1.0108E-04 7.3498E-05 3.1060E-05 0
 0 1.4301E-04 3.9543E-05 5.5243E-05 1.9928E-04 4.7563E-04 2.0506E-04 2.7959E-04 3.6197E-04 4.5890E-04 1.1124E-04 2.1074E-04 8.4507E-04 5.5371E-04 6.5310E-04 5.5589E-04 9.4935E-04 1.0109E-03 1.0643E-03 3.1476E-04 4.4710E-04 1.3163E-04 4.0499E-05 2.5308E-05 0
 0 1.1032E-04 3.4151E-05 6.7187E-05 2.5215E-04 3.4546E-04 2.9905E-04 4.3629E-04 3.4623E-04 3.2317E-04 6.9526E-05 2.9504E-04 8.3662E-04 5.7201E-04 6.3869E-04 6.1441E-04 8.3190E-04 8.3596E-04 1.1711E-03 2.1665E-04 4.7648E-04 1.3398E-04 7.4998E-05 1.9556E-05 0
 0 1.3670E-04 4.4935E-05 5.3750E-05 1.5861E-04 3.7049E-04 2.0222E-04 2.4887E-04 3.3364E-04 3.4256E-04 7.9955E-05 2.6822E-04 7.5634E-04 5.7201E-04 8.3558E-04 5.1688E-04 7.4871E-04 8.6998E-04 1.1665E-03 3.1476E-04 4.5689E-04 6.5817E-05 3.8999E-05 2.3583E-05 0
 0 1.3447E-04 4.5834E-05 3.7326E-05 1.9724E-04 3.2793E-04 1.8798E-04 2.3351E-04 3.6197E-04 3.1347E-04 6.9526E-05 2.1074E-04 7.5212E-04 4.1643E-04 6.4349E-04 6.6317E-04 7.6339E-04 9.4774E-04 9.7131E-04 3.0249E-04 4.3731E-04 1.0108E-04 4.1999E-05 2.8760E-05 0
 0 1.4413E-04 3.3252E-05 5.2257E-05 1.6674E-04 4.0053E-04 2.7057E-04 3.2568E-04 3.5882E-04 3.2317E-04 1.5991E-04 2.4523E-04 6.6338E-04 5.6286E-04 7.3473E-04 5.6565E-04 7.7318E-04 7.2903E-04 1.0643E-03 2.9023E-04 5.1564E-04 8.6973E-05 5.2498E-05 3.3361E-05 0
 0 1.2964E-04 4.6732E-05 7.6146E-05 1.7691E-04 3.3544E-04 2.2215E-04 2.7038E-04 3.9030E-04 3.6841E-04 1.2167E-04 1.8392E-04 7.5634E-04 5.8117E-04 9.5083E-04 5.7052E-04 7.9275E-04 1.1373E-03 1.0085E-03 2.6979E-04 4.3731E-04 1.2693E-04 4.0499E-05 2.3008E-05 0
 0 1.3261E-04 3.6847E-05 8.5104E-05 2.1351E-04 4.0303E-04 2.3070E-04 2.8267E-04 3.2420E-04 3.6841E-04 6.9526E-05 2.1841E-04 7.3521E-04 5.3083E-04 7.1553E-04 3.4134E-04 7.5850E-04 8.8456E-04 9.0160E-04 2.8614E-04 4.7648E-04 8.9323E-05 3.2999E-05 2.4733E-05 0
 0 1.4004E-04 3.3252E-05 6.2708E-05 1.8708E-04 2.6285E-04 2.5063E-04 3.1646E-04 2.7384E-04 3.0701E-04 1.2862E-04 1.8392E-04 7.5212E-04 6.4066E-04 6.8191E-04 5.9490E-04 6.6552E-04 8.5054E-04 8.7836E-04 3.6790E-04 5.3522E-04 9.8726E-05 5.2498E-05 1.8981E-05 0
 0 1.1998E-04 3.2353E-05 4.6285E-05 1.8504E-04 2.8788E-04 2.1361E-04 3.4104E-04 2.9902E-04 3.2317E-04 9.3860E-05 1.5327E-04 7.2254E-04 4.9880E-04 7.1072E-04 5.8515E-04 7.3403E-04 9.3316E-04 9.8060E-04 2.6979E-04 4.8300E-04 1.3398E-04 5.5498E-05 2.8184E-05 0
 0 1.2890E-04 3.8644E-05 5.0764E-05 1.3217E-04 4.2056E-04 2.3355E-04 3.1954E-04 3.9030E-04 3.0378E-04 1.4948E-04 1.5710E-04 7.7747E-04 5.3998E-04 6.2428E-04 4.7787E-04 7.7318E-04 8.5054E-04 9.0624E-04 2.6570E-04 4.2100E-04 7.9921E-05 5.9998E-05 2.0707E-05 0
 0 1.3373E-04 3.0556E-05 5.9722E-05 1.5454E-04 3.2293E-04 2.0506E-04 3.6562E-04 3.2105E-04 3.2317E-04 9.7337E-05 1.6093E-04 7.7747E-04 5.9489E-04 6.2909E-04 5.7052E-04 8.3190E-04 9.6718E-04 1.0038E-03 3.1067E-04 4.4058E-04 1.2928E-04 4.1999E-05 2.1282E-05 0
 0 1.3521E-04 3.3252E-05 8.0625E-05 1.5454E-04 3.3294E-04 1.7943E-04 2.8881E-04 2.9902E-04 3.8134E-04 1.0081E-04 2.0308E-04 6.8874E-04 4.9880E-04 6.7231E-04 4.6324E-04 7.1446E-04 9.1372E-04 1.0968E-03 2.4527E-04 3.4593E-04 1.0578E-04 3.8999E-05 1.6681E-05 0
 0 1.2890E-04 2.9657E-05 3.8819E-05 1.7081E-04 3.8050E-04 2.2215E-04 2.6116E-04 3.0532E-04 2.1006E-04 8.6908E-05 1.9542E-04 7.1409E-04 4.8049E-04 7.5394E-04 5.9003E-04 7.2424E-04 9.0400E-04 9.5737E-04 2.0439E-04 4.5363E-04 8.4622E-05 5.3998E-05 2.6459E-05 0
 0 1.2555E-04 2.7860E-05 5.3750E-05 1.6674E-04 3.8301E-04 1.9082E-04 3.1646E-04 3.0532E-04 3.5225E-04 1.2515E-04 1.3794E-04 7.9437E-04 5.9947E-04 6.4829E-04 6.0953E-04 6.4595E-04 8.5054E-04 1.0131E-03 2.1665E-04 4.1773E-04 9.1674E-05 3.1499E-05 3.6237E-05 0
 0 1.2964E-04 2.9657E-05 3.5833E-05 1.6471E-04 2.8287E-04 2.5918E-04 2.7652E-04 3.4309E-04 3.2317E-04 7.6479E-05 1.4944E-04 7.1409E-04 7.3218E-04 5.5225E-04 4.5349E-04 5.9701E-04 7.8736E-04 9.4342E-04 2.6979E-04 5.3848E-04 8.9323E-05 6.2998E-05 2.7034E-05 0
 0 1.2481E-04 3.1454E-05 5.0764E-05 1.4437E-04 3.3544E-04 1.9937E-04 2.9803E-04 2.5495E-04 2.2945E-04 1.1819E-04 1.8392E-04 6.3803E-04 4.9880E-04 6.2909E-04 5.4126E-04 7.0956E-04 8.4082E-04 9.0624E-04 2.6979E-04 3.6225E-04 6.8168E-05 4.0499E-05 2.7034E-05 0
 0 1.1924E-04 4.4036E-05 5.3750E-05 1.7894E-04 3.2042E-04 1.6804E-04 2.7652E-04 3.6512E-04 2.6500E-04 1.0429E-04 2.1074E-04 6.8874E-04 5.1710E-04 7.0592E-04 4.6324E-04 8.1722E-04 9.8662E-04 8.8301E-04 2.2074E-04 5.4175E-04 1.1048E-04 4.1999E-05 3.3936E-05 0
 0 1.2518E-04 4.8530E-05 5.5243E-05 1.3624E-04 2.5283E-04 2.2500E-04 3.1646E-04 2.6440E-04 3.6841E-04 1.0429E-04 1.5327E-04 7.1831E-04 5.3083E-04 6.5790E-04 4.8275E-04 6.3127E-04 8.8942E-04 1.0085E-03 3.0249E-04 3.9489E-04 7.9921E-05 3.1499E-05 2.0707E-05 0
 0 1.4227E-04 2.5164E-05 4.7778E-05 1.8504E-04 2.4532E-04 1.7089E-04 2.4580E-04 4.3122E-04 2.9085E-04 7.3003E-05 2.4906E-04 7.3944E-04 5.3083E-04 6.8671E-04 5.3639E-04 4.9425E-04 7.5333E-04 8.4583E-04 2.5753E-04 4.1120E-04 8.4622E-05 4.3499E-05 3.0485E-05 0
 0 1.2110E-04 2.6961E-05 5.5243E-05 1.6878E-04 2.7536E-04 2.0791E-04 2.7345E-04 3.5568E-04 2.6500E-04 1.2515E-04 2.2224E-04 6.3803E-04 4.7592E-04 5.1864E-04 4.6812E-04 8.2211E-04 7.7763E-04 8.8765E-04 2.3709E-04 4.4710E-04 9.8726E-05 5.6998E-05 2.7034E-05 0
 0 1.3038E-04 3.3252E-05 5.5243E-05 1.5454E-04 2.9789E-04 2.2215E-04 4.1171E-04 3.1791E-04 2.5854E-04 6.9526E-05 1.6093E-04 6.2113E-04 5.7201E-04 6.4349E-04 4.8763E-04 6.8999E-04 7.3875E-04 8.4583E-04 2.7388E-04 3.5246E-04 6.1116E-05 3.8999E-05 2.0707E-05 0
 0 1.2853E-04 5.4821E-05 3.2847E-05 2.0131E-04 3.0540E-04 2.2500E-04 2.5809E-04 3.4623E-04 2.4884E-04 1.1124E-04 1.9925E-04 7.0564E-04 6.2693E-04 6.2909E-04 4.0473E-04 6.3127E-04 8.6998E-04 9.9919E-04 2.9432E-04 4.0141E-04 8.9323E-05 5.0998E-05 2.0132E-05 0
 0 1.2593E-04 4.9428E-05 4.4792E-05 1.9114E-04 3.0791E-04 2.3924E-04 2.9496E-04 3.2105E-04 2.9085E-04 8.3432E-05 1.2645E-04 6.1690E-04 5.9947E-04 7.0592E-04 4.5349E-04 6.8509E-04 8.7484E-04 1.0317E-03 2.2483E-04 3.4920E-04 8.4622E-05 3.8999E-05 2.4158E-05 0
 0 1.3595E-04 3.2353E-05 5.0764E-05 1.8911E-04 3.6048E-04 2.3355E-04 2.5809E-04 3.5882E-04 3.1994E-04 9.0384E-05 1.3028E-04 5.4930E-04 4.6676E-04 6.3869E-04 4.3399E-04 6.1169E-04 7.1931E-04 7.6682E-04 2.4527E-04 4.0794E-04 8.9323E-05 5.5498E-05 2.3008E-05 0
 0 1.3075E-04 2.9657E-05 5.8229E-05 1.2201E-04 3.0040E-04 2.5918E-04 2.9496E-04 3.5882E-04 2.8439E-04 9.0384E-05 2.1458E-04 6.2958E-04 4.9880E-04 5.8106E-04 4.5837E-04 5.6765E-04 8.3596E-04 8.7371E-04 2.8206E-04 3.1983E-04 1.3163E-04 5.8498E-05 3.0485E-05 0
 0 1.1701E-04 4.0441E-05 5.2257E-05 1.0574E-04 3.3544E-04 1.8798E-04 2.6730E-04 3.0217E-04 3.1671E-04 8.6908E-05 1.3794E-04 5.8733E-04 3.7066E-04 4.3700E-04 5.0225E-04 4.9425E-04 9.3802E-04 8.4118E-04 2.4118E-04 4.3405E-04 9.6375E-05 4.1999E-05 2.2432E-05 0
 0 1.2555E-04 3.3252E-05 3.7326E-05 1.7284E-04 3.2293E-04 2.1361E-04 2.7038E-04 2.6125E-04 2.6177E-04 1.0081E-04 1.8009E-04 5.3662E-04 3.9812E-04 6.0988E-04 4.3399E-04 7.0956E-04 8.1166E-04 1.0085E-03 2.0439E-04 4.4710E-04 9.1674E-05 3.2999E-05 2.6459E-05 0
 0 1.2073E-04 2.2467E-05 4.3299E-05 1.8301E-04 3.0040E-04 2.0791E-04 2.8574E-04 3.7456E-04 2.7469E-04 6.9526E-05 1.2645E-04 6.1690E-04 5.4913E-04 6.3869E-04 4.7300E-04 7.1446E-04 6.5127E-04 8.4583E-04 2.2483E-04 3.9489E-04 1.0108E-04 5.5498E-05 2.5884E-05 0
 0 1.2630E-04 4.2239E-05 5.0764E-05 2.0944E-04 3.0791E-04 1.8513E-04 2.7652E-04 2.9273E-04 2.8762E-04 9.7337E-05 1.1495E-04 5.0704E-04 4.0270E-04 6.1468E-04 4.4374E-04 5.0893E-04 5.9781E-04 9.0160E-04 2.0848E-04 3.7204E-04 6.3467E-05 4.9498E-05 2.8184E-05 0
 0 1.3038E-04 4.4036E-05 3.4340E-05 1.1794E-04 3.2543E-04 1.8228E-04 2.3965E-04 3.2105E-04 2.9732E-04 4.5192E-05 1.0729E-04 5.6620E-04 3.7066E-04 5.8106E-04 3.3159E-04 5.1871E-04 6.8043E-04 7.6217E-04 2.4527E-04 4.3079E-04 1.2458E-04 5.5498E-05 3.0485E-05 0
 0 1.1998E-04 4.0441E-05 4.6285E-05 1.9928E-04 3.6298E-04 2.4779E-04 3.2875E-04 2.8328E-04 2.6823E-04 6.9526E-05 1.6093E-04 6.4226E-04 4.0727E-04 5.3784E-04 4.5349E-04 5.5297E-04 7.2417E-04 8.9695E-04 2.4527E-04 3.5246E-04 9.1674E-05 3.4499E-05 1.7256E-05 0
 0 1.1924E-04 4.3138E-05 4.3299E-05 1.2404E-04 2.6285E-04 1.8513E-04 2.6730E-04 3.8401E-04 3.7164E-04 6.2574E-05 1.4944E-04 6.2536E-04 4.3015E-04 6.5310E-04 3.4134E-04 6.8999E-04 7.7277E-04 7.7612E-04 2.1256E-04 4.6995E-04 8.6973E-05 5.3998E-05 2.4158E-05 0
 0 1.2778E-04 3.4151E-05 6.2708E-05 1.5454E-04 2.5784E-04 1.9082E-04 2.7038E-04 3.0217E-04 2.5207E-04 7.6479E-05 1.4177E-04 6.2113E-04 4.8507E-04 5.4745E-04 4.5837E-04 6.0190E-04 7.7277E-04 9.3413E-04 2.6570E-04 3.7857E-04 5.4064E-05 3.8999E-05 2.3583E-05 0
 0 1.3038E-04 3.2353E-05 7.4653E-05 1.2811E-04 2.9539E-04 1.6519E-04 2.7038E-04 3.8715E-04 3.2640E-04 1.3210E-04 1.5327E-04 6.5071E-04 5.3540E-04 4.5141E-04 3.0233E-04 6.0680E-04 8.5054E-04 7.1570E-04 2.9432E-04 3.7204E-04 9.1674E-05 4.0499E-05 3.2786E-05 0
 0 1.4041E-04 3.7745E-05 5.0764E-05 1.5454E-04 2.5784E-04 1.7089E-04 3.2261E-04 3.3679E-04 2.4561E-04 9.0384E-05 1.8009E-04 7.2254E-04 3.3863E-04 5.1864E-04 3.8035E-04 7.6339E-04 7.4361E-04 7.4359E-04 2.5753E-04 3.7531E-04 8.2271E-05 4.1999E-05 1.8406E-05 0
 0 1.3818E-04 3.1454E-05 5.6736E-05 1.5047E-04 3.2293E-04 1.5949E-04 2.8574E-04 3.3364E-04 2.7469E-04 9.7337E-05 1.8392E-04 6.1268E-04 4.0270E-04 4.3220E-04 3.1696E-04 6.6552E-04 7.9222E-04 8.8765E-04 1.7169E-04 4.5363E-04 7.9921E-05 4.0499E-05 2.0132E-05 0
 0 1.4598E-04 3.4151E-05 5.3750E-05 1.6674E-04 2.9289E-04 2.0506E-04 1.9664E-04 2.9587E-04 2.8116E-04 6.9526E-05 1.4561E-04 5.4507E-04 3.7982E-04 5.7146E-04 4.1936E-04 7.1446E-04 7.8250E-04 7.9935E-04 2.2891E-04 4.4710E-04 6.5817E-05 4.7998E-05 2.8184E-05 0
 0 1.2481E-04 3.6847E-05 5.3750E-05 1.8301E-04 2.6535E-04 1.9082E-04 2.5501E-04 3.4309E-04 2.1006E-04 1.3558E-04 1.4561E-04 6.7606E-04 4.0270E-04 5.7146E-04 3.6084E-04 5.8233E-04 6.7557E-04 8.0400E-04 2.5344E-04 4.6342E-04 8.9323E-05 5.3998E-05 2.1857E-05 0
 0 1.2927E-04 2.7860E-05 4.0312E-05 1.4234E-04 2.9038E-04 2.4494E-04 2.2736E-04 2.6754E-04 2.8439E-04 6.9526E-05 1.9159E-04 6.2958E-04 4.5303E-04 4.9943E-04 3.8035E-04 5.6765E-04 8.3596E-04 8.9230E-04 2.6570E-04 3.5572E-04 9.8726E-05 5.9998E-05 2.3008E-05 0
 0 1.2593E-04 3.5049E-05 3.7326E-05 1.5657E-04 2.7787E-04 1.8798E-04 1.9356E-04 3.0532E-04 2.3915E-04 7.9955E-05 1.8009E-04 6.9719E-04 2.9287E-04 5.6186E-04 3.7060E-04 4.7957E-04 6.7071E-04 7.1105E-04 2.5344E-04 3.5899E-04 8.6973E-05 4.1999E-05 1.9556E-05 0
 0 1.2815E-04 3.9543E-05 5.9722E-05 1.6471E-04 2.8788E-04 1.9367E-04 2.3658E-04 2.4236E-04 3.5872E-04 9.7337E-05 8.0466E-05 5.4085E-04 4.4846E-04 6.8671E-04 3.0233E-04 5.9701E-04 5.3948E-04 7.8076E-04 3.1067E-04 3.7531E-04 6.1116E-05 2.8499E-05 1.8981E-05 0
 0 1.3484E-04 3.7745E-05 6.1215E-05 9.7605E-05 2.6285E-04 1.5095E-04 2.4887E-04 2.5495E-04 2.9085E-04 1.0429E-04 1.5327E-04 6.0423E-04 4.4388E-04 4.5621E-04 3.2671E-04 5.9212E-04 6.8529E-04 7.6217E-04 2.0848E-04 3.3614E-04 4.7012E-05 2.9999E-05 2.8184E-05 0
 0 1.4338E-04 3.8644E-05 5.6736E-05 1.8301E-04 2.6285E-04 1.4525E-04 2.4272E-04 3.4309E-04 2.3268E-04 5.5621E-05 1.2262E-04 7.1831E-04 5.2625E-04 4.6581E-04 4.6324E-04 5.8233E-04 6.2211E-04 6.9246E-04 2.9432E-04 3.7857E-04 7.9921E-05 4.3499E-05 2.6459E-05 0
 0 1.3298E-04 3.2353E-05 4.6285E-05 1.5047E-04 3.4045E-04 2.4494E-04 2.8881E-04 2.3607E-04 2.6177E-04 1.2515E-04 1.1495E-04 5.7043E-04 4.0270E-04 4.8502E-04 3.6572E-04 3.9638E-04 7.5333E-04 8.0865E-04 1.8804E-04 3.8510E-04 7.0518E-05 3.4499E-05 2.1857E-05 0
 0 1.3038E-04 3.3252E-05 3.7326E-05 1.3827E-04 3.6799E-04 2.2215E-04 1.8127E-04 2.7069E-04 2.8762E-04 8.3432E-05 8.0466E-05 6.5071E-04 4.4388E-04 4.6581E-04 3.5109E-04 4.4531E-04 6.9015E-04 8.4583E-04 2.8206E-04 4.1773E-04 9.4025E-05 5.2498E-05 3.3361E-05 0
 0 1.1887E-04 3.7745E-05 4.0312E-05 1.1591E-04 3.6298E-04 1.9652E-04 2.2429E-04 2.4236E-04 2.6823E-04 8.3432E-05 1.3028E-04 5.0704E-04 4.7592E-04 4.4660E-04 3.2671E-04 5.0403E-04 6.0753E-04 8.9230E-04 1.9212E-04 4.9606E-04 5.4064E-05 5.3998E-05 2.7609E-05 0
 0 1.1330E-04 4.3138E-05 3.5833E-05 1.7691E-04 2.9038E-04 1.1962E-04 1.9971E-04 2.8328E-04 2.9085E-04 5.2145E-05 1.6860E-04 5.5352E-04 3.7066E-04 4.8982E-04 3.6084E-04 5.5297E-04 6.8529E-04 7.2500E-04 1.9621E-04 3.6552E-04 5.6415E-05 4.0499E-05 2.2432E-05 0
 0 1.2481E-04 3.0556E-05 4.7778E-05 1.3624E-04 2.3531E-04 1.7373E-04 2.1814E-04 2.8958E-04 2.0683E-04 7.6479E-05 1.4944E-04 6.8029E-04 3.7524E-04 4.4180E-04 4.0961E-04 5.0893E-04 6.1725E-04 7.9935E-04 2.2891E-04 4.0794E-04 8.6973E-05 6.1498E-05 2.0132E-05 0
 0 1.2073E-04 3.5049E-05 4.6285E-05 1.6267E-04 2.6535E-04 1.9367E-04 2.4887E-04 2.2348E-04 2.2622E-04 7.3003E-05 1.2645E-04 6.0845E-04 4.0727E-04 4.5141E-04 2.6819E-04 5.6276E-04 5.6379E-04 7.1105E-04 2.0439E-04 4.2100E-04 9.6375E-05 3.5999E-05 1.8406E-05 0
 0 1.2741E-04 3.3252E-05 3.8819E-05 1.4234E-04 2.9289E-04 1.3671E-04 2.0585E-04 2.7699E-04 2.9408E-04 8.3432E-05 1.2645E-04 5.8310E-04 4.3015E-04 3.8898E-04 4.8275E-04 4.6978E-04 5.4434E-04 6.7852E-04 1.8395E-04 3.0677E-04 1.2223E-04 5.6998E-05 2.6459E-05 0
 0 1.1292E-04 3.1454E-05 5.8229E-05 1.6267E-04 2.6285E-04 1.5949E-04 2.2122E-04 2.8958E-04 3.0055E-04 3.8239E-05 1.3028E-04 5.5775E-04 4.4388E-04 5.0423E-04 3.6084E-04 4.7467E-04 6.8043E-04 6.6458E-04 1.4307E-04 3.8836E-04 7.7570E-05 5.6998E-05 1.9556E-05 0
 0 1.1924E-04 4.3138E-05 4.6285E-05 1.5861E-04 3.2793E-04 1.7089E-04 2.3658E-04 2.3607E-04 1.8421E-04 4.5192E-05 1.4944E-04 4.8592E-04 4.6676E-04 4.7542E-04 3.2671E-04 4.7957E-04 5.8809E-04 7.7612E-04 1.9212E-04 3.8836E-04 8.9323E-05 2.8499E-05 1.7831E-05 0
 0 1.3818E-04 3.6847E-05 4.6285E-05 1.0981E-04 2.4532E-04 2.5633E-04 2.0893E-04 2.6125E-04 2.3591E-04 6.6050E-05 1.7243E-04 5.4085E-04 4.6676E-04 5.9067E-04 3.1696E-04 5.1382E-04 5.3948E-04 7.6682E-04 1.8395E-04 3.6552E-04 4.7012E-05 3.7499E-05 1.6105E-05 0
 0 1.3373E-04 3.2353E-05 5.2257E-05 1.6064E-04 2.8788E-04 1.5095E-04 1.9356E-04 3.1476E-04 2.7469E-04 8.3432E-05 1.2645E-04 6.7606E-04 2.8372E-04 4.0338E-04 2.7795E-04 4.5999E-04 7.1445E-04 7.9006E-04 1.7577E-04 4.4710E-04 9.6375E-05 5.3998E-05 2.1282E-05 0
 0 1.2964E-04 3.5049E-05 2.9861E-05 1.5861E-04 3.0540E-04 1.3386E-04 2.5501E-04 2.8958E-04 2.8762E-04 1.1819E-04 1.2645E-04 5.6620E-04 3.6151E-04 4.8982E-04 3.9010E-04 4.7467E-04 6.4641E-04 8.3189E-04 1.9621E-04 3.2635E-04 1.0343E-04 4.1999E-05 2.5308E-05 0
 0 1.2444E-04 2.9657E-05 4.4792E-05 1.6674E-04 3.3544E-04 1.7373E-04 2.4580E-04 2.2663E-04 3.1347E-04 8.6908E-05 1.8392E-04 6.1268E-04 3.5694E-04 4.6581E-04 3.4621E-04 3.6212E-04 7.1445E-04 5.5304E-04 1.8804E-04 3.3614E-04 8.9323E-05 3.7499E-05 1.8981E-05 0
 0 1.1255E-04 3.6847E-05 4.0312E-05 1.3624E-04 2.6785E-04 1.2532E-04 2.0278E-04 2.5181E-04 2.1652E-04 6.6050E-05 1.1878E-04 7.3099E-04 3.1575E-04 3.7457E-04 3.3159E-04 4.5999E-04 5.5893E-04 6.0881E-04 2.0848E-04 3.0351E-04 9.6375E-05 5.9998E-05 2.1857E-05 0
 0 1.2035E-04 2.5164E-05 2.8368E-05 1.2811E-04 2.8037E-04 1.5380E-04 2.7959E-04 2.4236E-04 2.5530E-04 4.1716E-05 1.1878E-04 5.0704E-04 3.8439E-04 4.9943E-04 2.9258E-04 4.3552E-04 5.2004E-04 7.1570E-04 1.7577E-04 3.8183E-04 8.6973E-05 4.9498E-05 2.3008E-05 0
 0 1.1441E-04 2.8758E-05 2.9861E-05 1.4437E-04 2.7536E-04 1.9367E-04 2.3965E-04 2.2977E-04 2.5854E-04 7.6479E-05 7.6634E-05 5.9578E-04 3.4321E-04 5.2824E-04 3.8035E-04 3.8659E-04 5.8809E-04 5.8093E-04 1.5125E-04 4.0468E-04 6.8168E-05 5.2498E-05 2.5308E-05 0
 0 1.1998E-04 3.5049E-05 4.7778E-05 1.4844E-04 2.7536E-04 1.6519E-04 2.2122E-04 2.8643E-04 2.4238E-04 1.0777E-04 1.4944E-04 5.7043E-04 3.8439E-04 5.4745E-04 3.0233E-04 4.3063E-04 6.6585E-04 6.5993E-04 1.2263E-04 2.9045E-04 6.5817E-05 4.4999E-05 2.6459E-05 0
 0 1.3781E-04 2.9657E-05 3.8819E-05 1.2607E-04 2.6535E-04 1.8228E-04 2.5809E-04 2.3922E-04 2.5530E-04 7.6479E-05 1.3411E-04 5.7465E-04 4.4846E-04 5.5225E-04 3.6084E-04 4.1106E-04 6.1239E-04 6.7387E-04 1.5533E-04 2.9698E-04 1.0343E-04 4.1999E-05 2.0707E-05 0
 0 1.2481E-04 2.8758E-05 3.8819E-05 1.3624E-04 2.5283E-04 1.6234E-04 2.3658E-04 2.6125E-04 2.1006E-04 7.3003E-05 1.3794E-04 5.7043E-04 2.9287E-04 5.5705E-04 2.6819E-04 4.3552E-04 6.8529E-04 7.7147E-04 1.5942E-04 3.9815E-04 7.5220E-05 3.7499E-05 1.6681E-05 0
 0 1.0847E-04 3.1454E-05 6.1215E-05 1.2201E-04 2.4032E-04 1.7943E-04 2.0893E-04 2.3922E-04 1.4219E-04 5.9097E-05 1.6476E-04 5.3240E-04 2.8829E-04 2.6892E-04 3.0233E-04 5.1382E-04 5.4434E-04 6.6923E-04 2.1665E-04 3.1983E-04 6.3467E-05 2.9999E-05 2.1857E-05 0
 0 1.4524E-04 2.6961E-05 5.3750E-05 1.5047E-04 2.6535E-04 2.3355E-04 2.6116E-04 1.5738E-04 2.3591E-04 8.3432E-05 1.3794E-04 5.2395E-04 3.8897E-04 4.0338E-04 3.2671E-04 3.7680E-04 5.6865E-04 7.1105E-04 1.6351E-04 3.5246E-04 1.0343E-04 3.1499E-05 1.5530E-05 0
 0 1.1961E-04 3.2353E-05 5.3750E-05 1.3217E-04 3.1792E-04 1.9082E-04 2.0585E-04 2.2033E-04 1.9067E-04 5.9097E-05 9.1961E-05 4.6902E-04 3.2490E-04 4.0338E-04 2.4869E-04 4.3552E-04 5.4920E-04 5.6698E-04 2.0030E-04 4.0468E-04 7.0518E-05 2.3999E-05 2.0132E-05 0
 0 1.2518E-04 3.5049E-05 3.7326E-05 1.7691E-04 2.1528E-04 1.5380E-04 2.5194E-04 2.1718E-04 1.9067E-04 3.1287E-05 8.4298E-05 5.2817E-04 3.3863E-04 4.6581E-04 1.9505E-04 4.5510E-04 5.3462E-04 6.6923E-04 1.3081E-04 3.3288E-04 9.8726E-05 3.8999E-05 1.8406E-05 0
 0 1.1552E-04 3.2353E-05 2.5382E-05 1.1794E-04 2.9038E-04 1.3101E-04 2.3658E-04 1.8256E-04 2.6177E-04 6.9526E-05 1.2262E-04 4.6479E-04 4.1185E-04 4.7061E-04 2.2918E-04 5.6765E-04 6.3669E-04 6.5993E-04 2.2483E-04 3.4593E-04 7.2869E-05 3.5999E-05 2.4733E-05 0
 0 1.1627E-04 4.4935E-05 3.7326E-05 1.2811E-04 3.0040E-04 1.4525E-04 1.9356E-04 2.0145E-04 2.3268E-04 3.1287E-05 1.3411E-04 5.1972E-04 3.0660E-04 3.6977E-04 3.9498E-04 4.8935E-04 5.2490E-04 6.8782E-04 1.5942E-04 2.8066E-04 8.9323E-05 5.8498E-05 2.2432E-05 0
 0 1.2593E-04 2.6961E-05 5.2257E-05 1.4844E-04 2.9038E-04 1.5380E-04 2.0893E-04 2.5495E-04 2.1006E-04 7.9955E-05 1.1112E-04 5.6197E-04 3.9812E-04 3.3615E-04 2.6332E-04 4.5510E-04 5.1518E-04 6.2275E-04 1.7986E-04 3.0351E-04 7.7570E-05 3.1499E-05 1.9556E-05 0
 0 1.2518E-04 2.6062E-05 4.0312E-05 1.6064E-04 2.6285E-04 1.8513E-04 1.9356E-04 2.6440E-04 1.7774E-04 7.6479E-05 1.3411E-04 5.2817E-04 3.8439E-04 4.0819E-04 2.7795E-04 3.4744E-04 5.1518E-04 6.3205E-04 1.9621E-04 3.2309E-04 6.5817E-05 4.9498E-05 1.8406E-05 0
 0 1.1775E-04 2.6062E-05 5.2257E-05 1.3014E-04 2.4282E-04 1.4810E-04 1.9049E-04 2.3292E-04 2.1006E-04 6.9526E-05 8.0466E-05 5.0704E-04 4.1643E-04 5.2344E-04 1.9993E-04 4.3552E-04 4.6658E-04 6.3669E-04 1.4307E-04 3.4267E-04 1.0578E-04 2.8499E-05 1.7831E-05 0
 0 1.1441E-04 3.5049E-05 5.0764E-05 1.3827E-04 2.4282E-04 1.8798E-04 1.8435E-04 2.0145E-04 1.9713E-04 8.3432E-05 8.8130E-05 4.7324E-04 2.8372E-04 3.1694E-04 3.2671E-04 4.0616E-04 5.8809E-04 6.1346E-04 1.3081E-04 3.6552E-04 8.6973E-05 2.9999E-05 2.3583E-05 0
 0 1.1664E-04 2.4265E-05 3.1354E-05 1.3421E-04 2.4282E-04 2.0791E-04 1.8127E-04 2.6440E-04 2.0683E-04 5.2145E-05 1.0729E-04 4.5634E-04 3.7066E-04 4.2739E-04 3.1208E-04 3.5233E-04 7.2903E-04 6.5064E-04 1.3081E-04 2.6435E-04 4.4662E-05 4.1999E-05 1.9556E-05 0
 0 1.3335E-04 2.9657E-05 3.4340E-05 1.5047E-04 3.0791E-04 1.3671E-04 1.9049E-04 2.5495E-04 2.9085E-04 9.3860E-05 7.6634E-05 6.1690E-04 3.4321E-04 3.9858E-04 2.2918E-04 3.7680E-04 3.7910E-04 7.0176E-04 1.3490E-04 3.4920E-04 6.3467E-05 4.6498E-05 2.0707E-05 0
 0 1.2035E-04 3.9543E-05 2.8368E-05 1.3014E-04 2.8287E-04 1.5380E-04 2.1814E-04 2.9902E-04 2.4561E-04 4.5192E-05 1.2262E-04 5.2395E-04 3.2490E-04 4.1299E-04 3.9985E-04 3.6702E-04 4.7630E-04 7.1105E-04 2.0030E-04 3.7531E-04 6.8168E-05 2.3999E-05 2.4733E-05 0
 0 1.1107E-04 3.8644E-05 3.4340E-05 1.5454E-04 2.6034E-04 1.1392E-04 2.1507E-04 2.4551E-04 2.2945E-04 6.9526E-05 8.4298E-05 5.7043E-04 3.4321E-04 4.0338E-04 2.0968E-04 4.3552E-04 4.0340E-04 6.9246E-04 1.7986E-04 3.1983E-04 6.5817E-05 3.8999E-05 2.0132E-05 0
 0 1.1404E-04 3.9543E-05 4.9271E-05 1.2811E-04 2.3030E-04 1.3101E-04 2.0585E-04 2.5181E-04 2.3268E-04 3.8239E-05 1.3411E-04 5.4085E-04 3.5694E-04 4.0338E-04 3.6084E-04 3.1808E-04 4.7144E-04 5.8093E-04 1.4716E-04 2.9045E-04 8.9323E-05 3.2999E-05 2.1857E-05 0
 0 1.2778E-04 4.6732E-05 3.8819E-05 1.2811E-04 2.3281E-04 9.9684E-05 2.4580E-04 1.8571E-04 1.9390E-04 5.9097E-05 1.2645E-04 4.3099E-04 2.7457E-04 3.4576E-04 2.8282E-04 3.8659E-04 5.3462E-04 5.5769E-04 1.2263E-04 3.2635E-04 6.5817E-05 4.9498E-05 1.9556E-05 0
 0 1.2704E-04 3.1454E-05 3.5833E-05 1.4234E-04 2.0026E-04 1.3671E-04 2.0585E-04 2.6754E-04 2.0683E-04 6.2574E-05 1.1112E-04 4.6057E-04 3.2490E-04 3.6497E-04 2.4869E-04 4.5510E-04 5.1032E-04 6.1811E-04 1.3898E-04 2.7414E-04 5.1713E-05 3.7499E-05 1.7831E-05 0
 0 1.2555E-04 2.7860E-05 3.5833E-05 1.5251E-04 2.0777E-04 1.3101E-04 2.8881E-04 2.2348E-04 1.9390E-04 4.1716E-05 1.4944E-04 5.7043E-04 2.1050E-04 3.2655E-04 3.1208E-04 3.9148E-04 5.0546E-04 6.2740E-04 2.2483E-04 2.6108E-04 6.1116E-05 2.8499E-05 2.0132E-05 0
 0 1.2481E-04 4.3138E-05 3.4340E-05 1.3014E-04 2.5784E-04 1.7658E-04 1.7513E-04 2.4866E-04 2.1652E-04 4.1716E-05 1.2645E-04 5.4085E-04 2.3796E-04 3.9858E-04 2.7795E-04 3.6212E-04 4.2284E-04 5.2051E-04 1.7577E-04 3.0677E-04 6.5817E-05 2.6999E-05 2.3008E-05 0
 0 1.2110E-04 3.0556E-05 4.6285E-05 1.1184E-04 2.4783E-04 1.1677E-04 1.5670E-04 2.6125E-04 1.9390E-04 2.0858E-05 8.4298E-05 4.4366E-04 3.4321E-04 3.9378E-04 2.6819E-04 3.3276E-04 3.4022E-04 5.9487E-04 1.2672E-04 3.1330E-04 5.4064E-05 2.3999E-05 1.8981E-05 0
 0 1.1627E-04 2.3366E-05 3.5833E-05 1.0981E-04 2.0777E-04 1.7089E-04 2.1507E-04 2.4236E-04 2.1006E-04 5.2145E-05 6.1308E-05 3.7606E-04 2.8372E-04 3.9378E-04 2.7795E-04 4.4042E-04 6.3669E-04 5.9487E-04 1.6351E-04 3.3288E-04 6.8168E-05 3.7499E-05 2.3583E-05 0
 0 1.3224E-04 2.6062E-05 4.4792E-05 1.1591E-04 2.3281E-04 1.5095E-04 2.4272E-04 1.6682E-04 2.2299E-04 7.3003E-05 1.2262E-04 3.3803E-04 2.8829E-04 2.7372E-04 1.8530E-04 4.1106E-04 4.9574E-04 5.4375E-04 1.3081E-04 2.8719E-04 9.8726E-05 4.0499E-05 2.1282E-05 0
 0 1.2184E-04 2.5164E-05 3.7326E-05 1.1387E-04 2.6785E-04 1.7373E-04 1.8127E-04 2.1404E-04 2.3591E-04 3.8239E-05 8.4298E-05 4.1409E-04 3.4778E-04 2.4011E-04 1.8042E-04 3.5233E-04 4.0340E-04 7.8076E-04 1.0628E-04 3.5899E-04 4.9363E-05 4.1999E-05 2.1282E-05 0
 0 1.2221E-04 2.6961E-05 3.2847E-05 1.1184E-04 2.0026E-04 1.8798E-04 1.8742E-04 2.6440E-04 2.3268E-04 7.6479E-05 1.1878E-04 6.0000E-04 3.4321E-04 3.4576E-04 2.0968E-04 4.5510E-04 4.1798E-04 6.1811E-04 1.7986E-04 2.5456E-04 7.2869E-05 4.3499E-05 2.0707E-05 0
 0 1.1181E-04 2.7860E-05 3.8819E-05 1.1591E-04 2.2780E-04 1.5665E-04 1.8742E-04 2.2033E-04 2.1975E-04 4.8668E-05 1.3794E-04 4.2676E-04 3.6151E-04 2.5932E-04 3.0233E-04 3.1319E-04 3.4022E-04 5.4375E-04 1.5533E-04 3.1004E-04 6.1116E-05 3.4499E-05 1.7831E-05 0
 0 1.3410E-04 2.8758E-05 5.5243E-05 1.2811E-04 2.5534E-04 1.9367E-04 1.9971E-04 2.3607E-04 2.2622E-04 6.6050E-05 1.3411E-04 5.0704E-04 2.4253E-04 3.5056E-04 2.0968E-04 2.8383E-04 6.5613E-04 6.1811E-04 1.7169E-04 3.0024E-04 7.5220E-05 3.8999E-05 1.7831E-05 0
 0 1.2927E-04 3.8644E-05 5.2257E-05 1.2811E-04 2.7286E-04 1.3671E-04 1.8435E-04 2.0459E-04 1.9390E-04 3.4763E-05 1.0346E-04 3.9719E-04 2.8372E-04 4.8502E-04 2.2918E-04 3.1319E-04 5.9781E-04 5.6234E-04 1.5125E-04 3.2962E-04 8.2271E-05 4.0499E-05 2.3583E-05 0
 0 1.1998E-04 2.8758E-05 6.1215E-05 1.7488E-04 1.8524E-04 1.6234E-04 1.7513E-04 2.2977E-04 1.6805E-04 2.7811E-05 1.4944E-04 4.9014E-04 3.4778E-04 3.4576E-04 2.6819E-04 3.3276E-04 4.6658E-04 5.3445E-04 9.8106E-05 3.2635E-04 7.7570E-05 4.4999E-05 2.4733E-05 0
 0 1.1961E-04 3.0556E-05 4.4792E-05 1.1184E-04 2.3281E-04 1.4241E-04 2.5501E-04 2.2348E-04 2.3591E-04 7.6479E-05 6.1308E-05 5.1972E-04 2.6541E-04 3.7937E-04 3.0720E-04 3.8170E-04 5.1518E-04 6.5528E-04 1.4307E-04 2.7740E-04 7.9921E-05 3.8999E-05 2.4733E-05 0
 0 1.1070E-04 2.5164E-05 2.5382E-05 1.2201E-04 2.0777E-04 1.3956E-04 2.4272E-04 2.4236E-04 2.1975E-04 3.8239E-05 6.5139E-05 3.9296E-04 3.1118E-04 3.9378E-04 2.2431E-04 3.1319E-04 4.0826E-04 5.1121E-04 1.3490E-04 2.2518E-04 5.8765E-05 4.7998E-05 1.6681E-05 0
 0 1.1664E-04 2.6961E-05 3.7326E-05 1.1591E-04 2.2029E-04 1.3386E-04 1.8127E-04 2.0145E-04 1.7128E-04 5.9097E-05 7.2803E-05 4.3944E-04 3.2948E-04 2.7372E-04 1.5604E-04 3.3765E-04 4.3256E-04 5.2051E-04 1.5533E-04 3.1330E-04 6.8168E-05 4.3499E-05 2.0707E-05 0
 0 1.2741E-04 1.7974E-05 3.1354E-05 1.0777E-04 2.4532E-04 1.1677E-04 1.9664E-04 2.3922E-04 2.0360E-04 7.3003E-05 4.2149E-05 4.7747E-04 2.2881E-04 2.9293E-04 2.0968E-04 3.5723E-04 5.5893E-04 5.3445E-04 1.7577E-04 3.5572E-04 5.8765E-05 3.1499E-05 1.3805E-05 0
 0 1.0995E-04 2.5164E-05 3.2847E-05 1.3624E-04 2.0026E-04 1.1962E-04 1.9356E-04 1.9515E-04 1.6805E-04 5.2145E-05 1.0729E-04 4.5211E-04 2.4253E-04 4.4660E-04 2.1456E-04 2.8872E-04 4.0340E-04 6.5528E-04 1.1037E-04 3.1656E-04 7.5220E-05 4.3499E-05 1.9556E-05 0
 0 1.1070E-04 3.6847E-05 2.2396E-05 1.1997E-04 2.0277E-04 1.3386E-04 1.3212E-04 2.2033E-04 2.0036E-04 3.4763E-05 7.6634E-05 5.0704E-04 2.6541E-04 2.9293E-04 2.3406E-04 4.1595E-04 4.9574E-04 5.6234E-04 7.7667E-05 3.6878E-04 2.8207E-05 3.4499E-05 1.3229E-05 0
 0 1.1107E-04 1.7075E-05 3.5833E-05 1.1184E-04 2.6285E-04 1.0823E-04 1.6591E-04 2.0774E-04 1.5189E-04 4.1716E-05 8.4298E-05 4.0986E-04 2.9745E-04 2.7372E-04 2.3406E-04 3.0340E-04 3.6938E-04 4.9263E-04 8.1755E-05 2.7740E-04 7.0518E-05 5.9998E-05 2.1857E-05 0
 0 1.0438E-04 2.8758E-05 4.0312E-05 1.1387E-04 2.3281E-04 1.2247E-04 2.2122E-04 2.3607E-04 1.7451E-04 5.2145E-05 1.0729E-04 3.4648E-04 2.4711E-04 3.0734E-04 2.0968E-04 3.3276E-04 4.8602E-04 5.2516E-04 1.3081E-04 3.5899E-04 4.2311E-05 4.0499E-05 1.8406E-05 0
 0 1.1627E-04 3.8644E-05 4.1806E-05 1.3421E-04 2.6034E-04 1.4810E-04 1.7206E-04 2.1089E-04 1.9067E-04 2.0858E-05 6.1308E-05 3.3803E-04 2.1508E-04 3.2655E-04 1.8530E-04 2.0553E-04 4.0826E-04 6.3205E-04 1.1446E-04 2.8719E-04 6.1116E-05 3.5999E-05 2.9910E-05 0
 0 1.1032E-04 3.5948E-05 5.3750E-05 1.2404E-04 2.4032E-04 1.4525E-04 1.9971E-04 1.5108E-04 1.6482E-04 8.3432E-05 5.7476E-05 4.4366E-04 3.4778E-04 3.2175E-04 1.8042E-04 3.5723E-04 4.3256E-04 5.3910E-04 1.6351E-04 3.1004E-04 5.6415E-05 4.4999E-05 2.6459E-05 0
 0 1.1701E-04 2.8758E-05 3.2847E-05 1.0167E-04 2.4783E-04 1.0823E-04 1.6284E-04 2.1718E-04 1.5835E-04 5.2145E-05 6.1308E-05 3.8873E-04 2.1050E-04 4.2739E-04 2.5844E-04 3.7680E-04 4.3256E-04 4.3686E-04 1.3898E-04 3.2962E-04 6.1116E-05 3.1499E-05 1.8981E-05 0
 0 1.2221E-04 2.4265E-05 4.7778E-05 1.0371E-04 2.3281E-04 1.0823E-04 1.4748E-04 1.8256E-04 1.5512E-04 4.8668E-05 9.9625E-05 4.1831E-04 2.1965E-04 3.5536E-04 1.8042E-04 3.2297E-04 4.2284E-04 7.0641E-04 1.1037E-04 3.0024E-04 5.8765E-05 2.9999E-05 1.8981E-05 0
 0 1.2481E-04 2.2467E-05 3.7326E-05 9.3538E-05 2.3781E-04 1.2247E-04 1.9971E-04 2.6754E-04 1.7774E-04 4.1716E-05 9.9625E-05 4.6479E-04 2.6541E-04 3.0734E-04 1.9017E-04 3.4255E-04 3.4994E-04 4.8333E-04 1.4716E-04 3.0677E-04 4.7012E-05 2.8499E-05 2.4158E-05 0
 0 1.2407E-04 3.5049E-05 4.1806E-05 1.1591E-04 2.2780E-04 1.1962E-04 1.8742E-04 2.4866E-04 2.1975E-04 3.1287E-05 6.5139E-05 3.4226E-04 2.2423E-04 2.9293E-04 3.1208E-04 2.6425E-04 3.9854E-04 4.6474E-04 1.0628E-04 2.8066E-04 3.9960E-05 3.8999E-05 2.0132E-05 0
 0 1.1515E-04 3.3252E-05 3.8819E-05 1.2201E-04 1.7022E-04 1.1392E-04 2.0585E-04 1.5423E-04 1.5189E-04 3.8239E-05 8.8130E-05 3.5916E-04 2.8829E-04 3.2655E-04 2.2431E-04 2.8383E-04 3.8396E-04 5.7163E-04 1.2263E-04 2.6435E-04 5.4064E-05 2.9999E-05 1.7831E-05 0
 0 1.2481E-04 3.4151E-05 4.1806E-05 1.0981E-04 1.9526E-04 1.3101E-04 1.8127E-04 2.0774E-04 1.5189E-04 3.8239E-05 1.1878E-04 4.6479E-04 3.0660E-04 2.7853E-04 1.4629E-04 3.5233E-04 3.7424E-04 4.6009E-04 1.4307E-04 2.3171E-04 6.3467E-05 3.4499E-05 1.5530E-05 0
 0 1.2073E-04 2.6062E-05 4.4792E-05 1.0371E-04 2.4282E-04 9.1140E-05 1.8435E-04 1.4794E-04 1.9713E-04 3.1287E-05 8.4298E-05 3.1690E-04 3.8439E-04 4.2259E-04 2.1456E-04 3.4255E-04 3.5480E-04 4.7868E-04 6.9492E-05 3.2635E-04 3.2909E-05 4.3499E-05 1.6105E-05 0
 0 1.1850E-04 3.3252E-05 4.7778E-05 8.1337E-05 1.8524E-04 1.3671E-04 1.1675E-04 2.4866E-04 2.0683E-04 6.2574E-05 1.0346E-04 4.2254E-04 2.6541E-04 2.8333E-04 2.2431E-04 3.3276E-04 4.1798E-04 4.8333E-04 1.7169E-04 2.5782E-04 6.3467E-05 3.2999E-05 1.9556E-05 0
 0 1.1664E-04 2.5164E-05 2.9861E-05 1.1794E-04 2.8538E-04 2.0222E-04 1.0139E-04 1.7312E-04 2.3268E-04 4.1716E-05 1.1112E-04 4.2676E-04 2.3796E-04 2.4971E-04 2.2918E-04 3.2787E-04 3.8882E-04 5.2980E-04 1.4716E-04 2.7740E-04 4.2311E-05 2.2499E-05 1.4380E-05 0
 0 1.1181E-04 3.0556E-05 3.1354E-05 1.4234E-04 2.4532E-04 1.5095E-04 1.2597E-04 1.8256E-04 1.9713E-04 1.7382E-05 6.8971E-05 4.5211E-04 2.1050E-04 2.7853E-04 2.2431E-04 2.6914E-04 3.4994E-04 5.6234E-04 1.2672E-04 2.5782E-04 7.0518E-05 2.9999E-05 1.8981E-05 0
 0 1.3187E-04 1.9771E-05 2.9861E-05 1.4234E-04 1.9025E-04 1.3671E-04 1.7820E-04 1.5423E-04 1.7128E-04 6.2574E-05 9.1961E-05 4.9859E-04 1.3728E-04 2.6892E-04 2.3894E-04 2.7404E-04 3.0133E-04 4.6939E-04 7.7667E-05 2.9698E-04 7.2869E-05 3.8999E-05 1.9556E-05 0
 0 1.1664E-04 3.5049E-05 2.0903E-05 8.3371E-05 1.9776E-04 1.1677E-04 1.2904E-04 2.2033E-04 2.4238E-04 3.1287E-05 6.5139E-05 3.8451E-04 2.2423E-04 3.3615E-04 1.8042E-04 4.1595E-04 3.9368E-04 5.3910E-04 1.5125E-04 2.3824E-04 5.1713E-05 2.3999E-05 1.6105E-05 0
 0 1.2370E-04 2.1569E-05 3.7326E-05 1.1591E-04 2.5534E-04 1.2247E-04 1.4748E-04 1.6997E-04 2.0036E-04 2.4334E-05 1.1495E-04 4.2254E-04 2.1508E-04 2.9774E-04 1.4629E-04 2.8872E-04 4.5686E-04 4.6009E-04 1.1854E-04 3.4593E-04 4.4662E-05 2.2499E-05 1.4380E-05 0
 0 1.0921E-04 2.2467E-05 2.5382E-05 9.9638E-05 2.2029E-04 1.4525E-04 2.3658E-04 1.6053E-04 1.6482E-04 2.7811E-05 7.2803E-05 3.7606E-04 2.0135E-04 3.1694E-04 1.7555E-04 3.5233E-04 3.1591E-04 4.6009E-04 1.0628E-04 2.6761E-04 5.8765E-05 2.5499E-05 1.2079E-05 0
 0 1.1218E-04 3.2353E-05 2.6875E-05 1.0981E-04 2.6285E-04 1.3101E-04 1.9664E-04 1.9515E-04 1.9067E-04 5.2145E-05 6.5139E-05 3.9296E-04 2.9287E-04 2.8813E-04 3.1208E-04 2.6914E-04 4.1798E-04 5.9022E-04 1.5125E-04 2.8066E-04 7.5220E-05 2.3999E-05 2.3008E-05 0
 0 1.1478E-04 3.1454E-05 4.3299E-05 1.5047E-04 2.5784E-04 1.3101E-04 1.5977E-04 1.6682E-04 1.0665E-04 6.2574E-05 4.9812E-05 4.0986E-04 2.4253E-04 3.4096E-04 2.3406E-04 2.1042E-04 3.2563E-04 4.2756E-04 1.7986E-04 3.4593E-04 5.8765E-05 4.3499E-05 1.4955E-05 0
 0 1.2444E-04 3.3252E-05 4.1806E-05 1.0574E-04 1.8024E-04 1.1108E-04 1.1983E-04 1.8256E-04 1.8097E-04 3.8239E-05 9.1961E-05 3.8451E-04 2.7914E-04 3.6016E-04 2.3894E-04 2.4468E-04 3.3049E-04 5.8557E-04 1.4307E-04 2.8066E-04 3.9960E-05 4.4999E-05 1.3229E-05 0
 0 1.2518E-04 2.8758E-05 4.1806E-05 8.7438E-05 1.9776E-04 1.3101E-04 1.3212E-04 1.4479E-04 1.4543E-04 4.1716E-05 9.9625E-05 3.8873E-04 2.2423E-04 2.9774E-04 2.3894E-04 2.9361E-04 3.8882E-04 5.3910E-04 1.1446E-04 2.8066E-04 6.1116E-05 2.0999E-05 2.5884E-05 0
 0 1.2815E-04 2.3366E-05 2.8368E-05 1.1184E-04 2.2530E-04 1.1962E-04 1.5362E-04 2.8328E-04 1.6482E-04 3.1287E-05 9.1961E-05 3.5493E-04 2.1965E-04 2.7853E-04 1.5116E-04 3.5233E-04 4.0340E-04 6.1346E-04 6.5404E-05 3.1656E-04 5.8765E-05 2.6999E-05 2.3008E-05 0
 0 1.1218E-04 3.3252E-05 4.4792E-05 1.0574E-04 2.0026E-04 1.4525E-04 1.5362E-04 1.9830E-04 1.5835E-04 6.6050E-05 7.2803E-05 3.3380E-04 2.7914E-04 2.8333E-04 1.3166E-04 2.6425E-04 3.9368E-04 5.2516E-04 1.1446E-04 2.0887E-04 7.5220E-05 2.9999E-05 2.3583E-05 0
 0 1.2481E-04 3.3252E-05 3.2847E-05 9.5571E-05 2.0026E-04 1.4525E-04 1.6284E-04 1.6682E-04 1.8744E-04 4.5192E-05 8.4298E-05 4.4789E-04 1.6016E-04 3.4576E-04 1.7555E-04 2.5936E-04 3.4508E-04 4.9263E-04 1.4716E-04 2.1866E-04 2.3506E-05 4.6498E-05 2.4158E-05 0
 0 1.1590E-04 2.7860E-05 2.0903E-05 9.5571E-05 1.7273E-04 1.7943E-04 2.0278E-04 2.5495E-04 9.6951E-05 5.5621E-05 8.0466E-05 2.6620E-04 2.2423E-04 3.2175E-04 1.2191E-04 2.4957E-04 3.1105E-04 4.7404E-04 1.6760E-04 3.1330E-04 6.3467E-05 2.3999E-05 1.5530E-05 0
 0 9.9923E-05 2.7860E-05 3.7326E-05 1.1387E-04 1.5520E-04 1.2532E-04 1.2290E-04 1.6367E-04 1.7451E-04 5.9097E-05 8.8130E-05 3.8451E-04 3.0202E-04 2.8333E-04 1.2191E-04 3.4255E-04 2.9161E-04 4.1362E-04 8.1755E-05 2.5456E-04 8.4622E-05 2.5499E-05 1.7256E-05 0
 0 1.1478E-04 2.1569E-05 2.6875E-05 1.0371E-04 2.3781E-04 1.0253E-04 1.8435E-04 1.6367E-04 2.2299E-04 3.4763E-05 9.5793E-05 3.6338E-04 2.1508E-04 2.9774E-04 1.9017E-04 2.8383E-04 3.5480E-04 4.4615E-04 1.0219E-04 2.3497E-04 7.2869E-05 2.3999E-05 1.7831E-05 0
 0 1.2927E-04 4.1340E-05 3.2847E-05 1.1794E-04 2.2279E-04 8.5443E-05 2.1814E-04 1.8886E-04 1.7774E-04 3.8239E-05 1.0346E-04 3.4648E-04 2.0135E-04 3.6497E-04 1.4141E-04 3.1319E-04 3.4994E-04 5.4375E-04 1.1854E-04 2.6108E-04 4.2311E-05 1.6499E-05 2.1857E-05 0
 0 1.0178E-04 2.4265E-05 4.0312E-05 1.3014E-04 2.0277E-04 8.2595E-05 1.2597E-04 2.0774E-04 1.4866E-04 4.5192E-05 7.6634E-05 4.2254E-04 1.7389E-04 3.2175E-04 1.4629E-04 1.4681E-04 5.1518E-04 4.9263E-04 9.4018E-05 2.0234E-04 5.8765E-05 2.3999E-05 1.7831E-05 0
 0 1.3558E-04 3.0556E-05 3.1354E-05 1.0777E-04 2.1278E-04 1.1392E-04 9.2174E-05 1.9830E-04 1.2927E-04 4.1716E-05 8.4298E-05 4.0986E-04 1.5101E-04 2.6892E-04 1.9993E-04 2.6425E-04 3.3049E-04 6.7852E-04 1.2263E-04 2.5782E-04 5.6415E-05 3.8999E-05 1.9556E-05 0
 0 1.2258E-04 4.3138E-05 4.1806E-05 1.1591E-04 1.9526E-04 8.2595E-05 1.6591E-04 1.4164E-04 2.1006E-04 2.7811E-05 9.1961E-05 3.3803E-04 2.3338E-04 2.1610E-04 1.7067E-04 1.6149E-04 4.1312E-04 3.8109E-04 1.5125E-04 2.3171E-04 4.4662E-05 2.5499E-05 1.6105E-05 0
 0 1.2481E-04 2.1569E-05 4.4792E-05 9.9638E-05 2.5283E-04 1.4241E-04 2.1814E-04 1.9515E-04 1.0018E-04 2.4334E-05 6.8971E-05 3.7606E-04 2.1508E-04 2.8813E-04 1.9993E-04 2.6914E-04 3.2077E-04 5.1586E-04 1.0628E-04 2.0560E-04 6.3467E-05 2.9999E-05 1.7831E-05 0
 0 9.7323E-05 3.3252E-05 3.5833E-05 1.1387E-04 1.9776E-04 9.1140E-05 9.2174E-05 1.6682E-04 1.4543E-04 2.7811E-05 5.7476E-05 3.2113E-04 1.9220E-04 3.1214E-04 1.6579E-04 3.5723E-04 3.3536E-04 3.7644E-04 5.3141E-05 2.5129E-04 3.5259E-05 1.9499E-05 1.6681E-05 0
 0 1.1144E-04 3.1454E-05 3.7326E-05 1.1387E-04 1.6021E-04 1.1962E-04 1.4133E-04 1.9200E-04 2.1329E-04 5.9097E-05 6.8971E-05 3.4648E-04 2.1508E-04 2.3050E-04 1.6092E-04 2.5446E-04 3.3536E-04 4.7868E-04 9.8106E-05 2.5782E-04 3.5259E-05 2.6999E-05 1.4380E-05 0
 0 1.0995E-04 2.8758E-05 2.8368E-05 1.0167E-04 2.6785E-04 9.1140E-05 1.1061E-04 1.8571E-04 1.7451E-04 2.0858E-05 7.6634E-05 3.3803E-04 1.9677E-04 3.4096E-04 1.6092E-04 1.7617E-04 3.1591E-04 4.0432E-04 5.3141E-05 2.1539E-04 4.7012E-05 2.9999E-05 2.2432E-05 0
 0 1.1070E-04 2.4265E-05 3.1354E-05 1.0371E-04 1.8274E-04 9.6836E-05 1.7206E-04 2.0774E-04 1.3250E-04 1.0429E-05 7.6634E-05 2.8733E-04 2.4253E-04 1.9689E-04 1.4141E-04 2.4468E-04 3.7424E-04 4.3686E-04 1.8804E-04 2.5129E-04 7.2869E-05 1.7999E-05 2.2432E-05 0
 0 1.0995E-04 1.1683E-05 2.0903E-05 1.0167E-04 1.9025E-04 1.2532E-04 1.1368E-04 1.4794E-04 2.1652E-04 3.8239E-05 6.8971E-05 4.1409E-04 1.4186E-04 3.3615E-04 2.1943E-04 2.6914E-04 2.3329E-04 4.6939E-04 1.1037E-04 2.6761E-04 2.8207E-05 2.3999E-05 1.8406E-05 0
 0 1.2778E-04 3.1454E-05 2.5382E-05 1.0981E-04 1.9025E-04 1.1962E-04 2.1814E-04 1.4479E-04 1.2604E-04 3.8239E-05 7.6634E-05 3.8028E-04 2.1965E-04 2.1610E-04 1.7067E-04 2.6914E-04 2.8189E-04 3.3461E-04 1.1037E-04 2.3171E-04 3.9960E-05 1.9499E-05 1.4380E-05 0
 0 1.1738E-04 3.0556E-05 1.3437E-05 1.0574E-04 1.8024E-04 8.8291E-05 1.6591E-04 1.2590E-04 1.6805E-04 6.2574E-05 6.1308E-05 4.4366E-04 2.1965E-04 1.8729E-04 1.9017E-04 2.3000E-04 3.5480E-04 4.2291E-04 1.3490E-04 2.0887E-04 3.5259E-05 3.1499E-05 1.2079E-05 0
 0 1.1070E-04 3.0556E-05 3.5833E-05 7.3204E-05 2.7036E-04 1.0538E-04 1.6899E-04 1.2276E-04 1.7774E-04 3.8239E-05 6.1308E-05 3.7183E-04 2.6084E-04 2.1130E-04 9.7525E-05 2.9361E-04 3.5480E-04 3.9038E-04 1.1446E-04 2.6761E-04 5.1713E-05 3.1499E-05 1.7831E-05 0
 0 1.0624E-04 2.5164E-05 1.9410E-05 1.1387E-04 2.1028E-04 1.0253E-04 1.9356E-04 2.2663E-04 1.1311E-04 3.8239E-05 9.5793E-05 3.9296E-04 2.5626E-04 2.4011E-04 1.7067E-04 2.2510E-04 3.7910E-04 3.9968E-04 1.1037E-04 2.3824E-04 4.2311E-05 3.1499E-05 2.0132E-05 0
 0 1.1590E-04 4.2239E-05 3.1354E-05 1.3217E-04 2.1028E-04 9.3988E-05 1.5055E-04 1.6053E-04 1.7774E-04 3.4763E-05 1.0729E-04 3.5916E-04 2.0592E-04 1.3926E-04 1.3166E-04 2.0553E-04 2.9647E-04 4.1827E-04 9.8106E-05 2.3824E-04 4.9363E-05 3.7499E-05 1.2654E-05 0
 0 1.1961E-04 3.1454E-05 2.3889E-05 8.5404E-05 1.5270E-04 1.0823E-04 1.2597E-04 1.2276E-04 1.1957E-04 4.1716E-05 1.0346E-04 3.5071E-04 2.4253E-04 2.8333E-04 1.9993E-04 2.3489E-04 3.5480E-04 4.1827E-04 6.9492E-05 2.0560E-04 7.0518E-05 2.5499E-05 1.7831E-05 0
 0 1.1590E-04 2.0670E-05 3.2847E-05 1.0777E-04 1.9526E-04 1.3671E-04 1.7820E-04 1.6367E-04 8.7256E-05 2.4334E-05 6.1308E-05 2.7465E-04 1.6016E-04 2.4011E-04 1.7067E-04 3.0340E-04 3.1105E-04 4.5080E-04 1.3490E-04 1.8602E-04 3.7610E-05 4.3499E-05 2.1857E-05 0
 0 1.1850E-04 3.7745E-05 2.6875E-05 1.0777E-04 1.8274E-04 9.9684E-05 9.8319E-05 1.2276E-04 1.7774E-04 3.4763E-05 6.8971E-05 3.5916E-04 2.1050E-04 1.6327E-04 1.7067E-04 1.9574E-04 2.7703E-04 4.7404E-04 8.5843E-05 2.5129E-04 4.7012E-05 2.0999E-05 1.3229E-05 0
 0 1.1478E-04 2.3366E-05 3.8819E-05 6.9137E-05 1.8274E-04 1.0823E-04 7.9884E-05 1.4164E-04 1.3896E-04 3.1287E-05 4.5981E-05 2.7887E-04 1.4644E-04 3.2655E-04 1.9017E-04 1.8595E-04 2.9161E-04 3.8109E-04 1.2672E-04 2.5782E-04 4.4662E-05 3.2999E-05 1.5530E-05 0
 0 1.1887E-04 2.6062E-05 1.6424E-05 9.1505E-05 2.0777E-04 9.9684E-05 1.7820E-04 1.9830E-04 1.5835E-04 4.8668E-05 5.7476E-05 3.6761E-04 1.7389E-04 2.7853E-04 2.2431E-04 2.4468E-04 2.7703E-04 4.1827E-04 9.8106E-05 2.6435E-04 3.0558E-05 2.6999E-05 1.5530E-05 0
 0 1.2407E-04 3.3252E-05 2.0903E-05 8.9471E-05 1.9776E-04 9.1140E-05 1.6284E-04 1.9200E-04 1.3896E-04 2.4334E-05 8.0466E-05 3.3803E-04 1.9220E-04 1.9209E-04 9.7525E-05 1.8595E-04 2.2843E-04 3.3926E-04 8.5843E-05 2.5129E-04 5.6415E-05 2.5499E-05 2.0132E-05 0
 0 1.2704E-04 2.3366E-05 4.7778E-05 1.2607E-04 1.9526E-04 9.6836E-05 1.4441E-04 1.7941E-04 1.6805E-04 6.9526E-06 4.2149E-05 3.0423E-04 1.5101E-04 2.7853E-04 1.6579E-04 2.4468E-04 3.1591E-04 2.8349E-04 7.3580E-05 2.2518E-04 6.8168E-05 3.4499E-05 1.8406E-05 0
 0 1.1961E-04 2.3366E-05 1.9410E-05 9.5571E-05 1.8775E-04 1.1677E-04 2.0893E-04 2.0459E-04 1.4219E-04 1.3905E-05 6.8971E-05 3.1690E-04 1.3728E-04 1.8248E-04 9.7525E-05 1.6638E-04 3.4994E-04 6.5528E-04 5.3141E-05 1.5991E-04 6.8168E-05 4.3499E-05 1.9556E-05 0
 0 1.2630E-04 3.0556E-05 2.5382E-05 1.0574E-04 1.8024E-04 1.0253E-04 1.3212E-04 1.7626E-04 1.1957E-04 3.1287E-05 7.6634E-05 2.9155E-04 2.1508E-04 2.4491E-04 1.5116E-04 2.0063E-04 3.1105E-04 4.2291E-04 9.4018E-05 1.8276E-04 4.4662E-05 1.5000E-05 1.6681E-05 0
 0 1.2258E-04 2.6062E-05 3.4340E-05 1.0167E-04 2.0026E-04 8.2595E-05 1.5362E-04 1.9200E-04 1.1957E-04 5.9097E-05 3.4485E-05 3.0423E-04 1.3728E-04 2.2570E-04 1.9505E-04 1.8106E-04 2.6731E-04 4.4150E-04 6.5404E-05 1.9908E-04 7.0518E-05 3.7499E-05 1.7831E-05 0
 0 1.0550E-04 2.3366E-05 2.9861E-05 7.9304E-05 1.7273E-04 1.0538E-04 1.6591E-04 1.5108E-04 1.5835E-04 7.6479E-05 5.7476E-05 3.0000E-04 1.8762E-04 2.2090E-04 1.9017E-04 2.8383E-04 2.9161E-04 3.9038E-04 6.9492E-05 3.0677E-04 7.5220E-05 3.4499E-05 1.5530E-05 0
 0 1.0624E-04 2.5164E-05 3.1354E-05 8.1337E-05 1.6271E-04 8.5443E-05 1.5977E-04 1.1331E-04 1.5512E-04 3.8239E-05 6.1308E-05 3.6338E-04 1.7847E-04 1.5847E-04 1.7555E-04 2.7404E-04 3.3049E-04 3.4856E-04 8.5843E-05 1.8928E-04 6.8168E-05 1.7999E-05 1.7256E-05 0
 0 1.0995E-04 2.3366E-05 3.1354E-05 9.3538E-05 2.4032E-04 1.1108E-04 1.3826E-04 1.7312E-04 1.7451E-04 4.5192E-05 4.5981E-05 3.0000E-04 1.6474E-04 2.5932E-04 1.3166E-04 2.3000E-04 2.7217E-04 3.5320E-04 6.5404E-05 1.9255E-04 8.9323E-05 2.8499E-05 1.4380E-05 0
 0 1.0921E-04 1.7974E-05 1.7917E-05 1.0574E-04 2.1528E-04 8.2595E-05 1.4133E-04 1.1646E-04 1.2280E-04 2.7811E-05 6.1308E-05 2.9578E-04 2.1965E-04 1.8729E-04 1.2191E-04 1.6638E-04 3.4994E-04 3.3461E-04 1.3081E-04 2.1539E-04 6.1116E-05 2.6999E-05 1.2079E-05 0
 0 1.1515E-04 2.7860E-05 2.0903E-05 7.7271E-05 1.9776E-04 5.9810E-05 1.0754E-04 1.8886E-04 1.0988E-04 3.1287E-05 6.5139E-05 3.2113E-04 1.4186E-04 3.2175E-04 2.4869E-04 1.4191E-04 2.4787E-04 3.6250E-04 1.0219E-04 2.6435E-04 4.2311E-05 2.6999E-05 1.5530E-05 0
 0 1.1627E-04 3.6847E-05 1.6424E-05 1.0574E-04 1.9526E-04 9.1140E-05 1.3826E-04 1.2590E-04 1.5835E-04 5.9097E-05 4.9812E-05 3.0423E-04 2.1050E-04 1.8248E-04 1.6092E-04 1.9574E-04 3.2077E-04 4.1362E-04 1.1037E-04 2.6761E-04 7.0518E-05 3.4499E-05 1.8406E-05 0
 0 1.1144E-04 1.7075E-05 2.0903E-05 9.9638E-05 1.8274E-04 7.9747E-05 1.8742E-04 1.1646E-04 1.2604E-04 3.4763E-06 5.3644E-05 3.2535E-04 1.8304E-04 1.7768E-04 1.5604E-04 1.8595E-04 3.2563E-04 3.7644E-04 1.3490E-04 2.4803E-04 5.8765E-05 1.7999E-05 1.5530E-05 0
 0 1.1144E-04 2.7860E-05 3.2847E-05 9.1505E-05 1.1515E-04 6.8355E-05 1.3519E-04 1.9200E-04 1.2604E-04 2.4334E-05 7.6634E-05 3.2535E-04 1.8762E-04 2.6892E-04 2.1456E-04 1.8595E-04 2.6245E-04 4.6009E-04 8.9931E-05 1.8602E-04 6.8168E-05 1.9499E-05 1.5530E-05 0
 0 1.0847E-04 3.2353E-05 2.2396E-05 7.7271E-05 1.4269E-04 9.6836E-05 1.4441E-04 1.0387E-04 1.0665E-04 3.1287E-05 8.4298E-05 2.5352E-04 2.0135E-04 1.9689E-04 1.5116E-04 1.2723E-04 3.5480E-04 4.3686E-04 8.5843E-05 1.7623E-04 3.7610E-05 3.8999E-05 1.0929E-05 0
 0 1.1775E-04 4.8530E-05 3.1354E-05 1.1387E-04 2.0777E-04 9.9684E-05 9.8319E-05 1.7941E-04 1.0665E-04 1.3905E-05 8.4298E-05 2.8310E-04 1.8762E-04 1.7768E-04 1.4141E-04 1.3702E-04 3.1105E-04 4.3221E-04 1.0219E-04 1.9908E-04 3.5259E-05 2.0999E-05 1.6105E-05 0
